cod_municipio|seq_orgao|cod_orgao|seq_unidade|num_ano_referencia|num_mes_referencia|dsc_funcao|dsc_subfuncao|dsc_programa|dsc_acao|dsc_subacao|dsc_nat_despesa|dsc_fonte_recurso|dsc_cod_orcamentario|num_empenho|dat_empenho|vlr_empenho|vlr_ref_empenho|vlr_anu_empenho|vlr_liquidado|vlr_anu_liquidado|vlr_pagamento|vlr_anu_pagamento|vlr_outras_baixas|vlr_anu_outras_baixas|vlr_rsp_proc|vlr_rsp_nao_proc
3110004|303|02|382323|2020|5|10 - SAÚDE|302 - ASSISTÊNCIA HOSPITALAR E AMBULATORIAL|0080 - SAÚDE MENTAL|2104 - MANUTENÇÃO DO SETOR DE SAÚDE MENTAL||3.1.90.13.03 - 3.1.90.13.03|102 - RECEITAS DE IMPOSTOS E DE TRANSFERÊNCIAS DE IMPOSTOS VINCULADOS À SAÚDE|NÃO SE APLICA|2170|20200429|0.0|0.0|0.0|0.0|0.0|7959.85|0.0|0.0|0.0|-7959.85|0.0
3110004|303|02|382334|2020|8|10 - SAÚDE|122 - ADMINISTRAÇÃO GERAL|0047 - MANUTENÇÃO DO SERVIÇO DE TRANSPORTE DE PACIENTES|2110 - MANUTENÇÃO DO SETOR DE TRANSPORTE||3.3.90.14.05 - 3.3.90.14.05|102 - RECEITAS DE IMPOSTOS E DE TRANSFERÊNCIAS DE IMPOSTOS VINCULADOS À SAÚDE|NÃO SE APLICA|3904|20200821|354.0|0.0|0.0|354.0|0.0|354.0|0.0|0.0|0.0|0.0|0.0
3110004|303|02|382323|2020|5|10 - SAÚDE|302 - ASSISTÊNCIA HOSPITALAR E AMBULATORIAL|0028 - CENTRO DE ESPECIALIDADES EM SAÚDE|2059 - MANUTENÇÃO DO CENTRO ESPECIALIDADES EM SAÚDE||3.3.90.39.36 - 3.3.90.39.36|102 - RECEITAS DE IMPOSTOS E DE TRANSFERÊNCIAS DE IMPOSTOS VINCULADOS À SAÚDE|NÃO SE APLICA|2316|20200513|5000.0|0.0|0.0|0.0|0.0|0.0|0.0|0.0|0.0|0.0|5000.0
3110004|303|02|382334|2020|6|10 - SAÚDE|122 - ADMINISTRAÇÃO GERAL|0047 - MANUTENÇÃO DO SERVIÇO DE TRANSPORTE DE PACIENTES|2110 - MANUTENÇÃO DO SETOR DE TRANSPORTE||3.3.90.14.05 - 3.3.90.14.05|102 - RECEITAS DE IMPOSTOS E DE TRANSFERÊNCIAS DE IMPOSTOS VINCULADOS À SAÚDE|NÃO SE APLICA|2882|20200623|944.0|0.0|0.0|944.0|0.0|944.0|0.0|0.0|0.0|0.0|0.0
3110004|303|02|382334|2020|10|10 - SAÚDE|122 - ADMINISTRAÇÃO GERAL|0047 - MANUTENÇÃO DO SERVIÇO DE TRANSPORTE DE PACIENTES|2110 - MANUTENÇÃO DO SETOR DE TRANSPORTE||3.3.90.14.05 - 3.3.90.14.05|102 - RECEITAS DE IMPOSTOS E DE TRANSFERÊNCIAS DE IMPOSTOS VINCULADOS À SAÚDE|NÃO SE APLICA|4386|20200918|0.0|0.0|0.0|0.0|0.0|1321.6|0.0|0.0|0.0|-1321.6|0.0
3110004|303|02|382334|2020|8|10 - SAÚDE|122 - ADMINISTRAÇÃO GERAL|0047 - MANUTENÇÃO DO SERVIÇO DE TRANSPORTE DE PACIENTES|2110 - MANUTENÇÃO DO SETOR DE TRANSPORTE||3.3.90.14.05 - 3.3.90.14.05|102 - RECEITAS DE IMPOSTOS E DE TRANSFERÊNCIAS DE IMPOSTOS VINCULADOS À SAÚDE|NÃO SE APLICA|3448|20200727|0.0|0.0|0.0|0.0|0.0|212.4|0.0|0.0|0.0|-212.4|0.0
3110004|303|02|382323|2020|11|10 - SAÚDE|302 - ASSISTÊNCIA HOSPITALAR E AMBULATORIAL|0080 - SAÚDE MENTAL|2104 - MANUTENÇÃO DO SETOR DE SAÚDE MENTAL||3.1.90.13.01 - 3.1.90.13.01|102 - RECEITAS DE IMPOSTOS E DE TRANSFERÊNCIAS DE IMPOSTOS VINCULADOS À SAÚDE|NÃO SE APLICA|5611|20201127|1701.13|0.0|0.0|1701.13|0.0|0.0|0.0|0.0|0.0|1701.13|0.0
3110004|303|02|382323|2020|4|10 - SAÚDE|302 - ASSISTÊNCIA HOSPITALAR E AMBULATORIAL|0028 - CENTRO DE ESPECIALIDADES EM SAÚDE|2059 - MANUTENÇÃO DO CENTRO ESPECIALIDADES EM SAÚDE||3.1.90.13.01 - 3.1.90.13.01|102 - RECEITAS DE IMPOSTOS E DE TRANSFERÊNCIAS DE IMPOSTOS VINCULADOS À SAÚDE|NÃO SE APLICA|1689|20200327|0.0|0.0|0.0|0.0|0.0|4609.64|0.0|0.0|0.0|-4609.64|0.0
3110004|303|02|382334|2020|11|10 - SAÚDE|122 - ADMINISTRAÇÃO GERAL|0047 - MANUTENÇÃO DO SERVIÇO DE TRANSPORTE DE PACIENTES|2110 - MANUTENÇÃO DO SETOR DE TRANSPORTE||3.3.90.14.05 - 3.3.90.14.05|102 - RECEITAS DE IMPOSTOS E DE TRANSFERÊNCIAS DE IMPOSTOS VINCULADOS À SAÚDE|NÃO SE APLICA|5637|20201127|472.0|0.0|0.0|472.0|0.0|0.0|0.0|0.0|0.0|472.0|0.0
3110004|303|02|382323|2020|3|10 - SAÚDE|302 - ASSISTÊNCIA HOSPITALAR E AMBULATORIAL|0048 - URGÊNCIA E EMERGÊNCIA|2403 - MANUTENÇÃO DO SAMU||3.3.90.14.05 - 3.3.90.14.05|102 - RECEITAS DE IMPOSTOS E DE TRANSFERÊNCIAS DE IMPOSTOS VINCULADOS À SAÚDE|NÃO SE APLICA|951|20200221|0.0|0.0|0.0|0.0|0.0|141.6|0.0|0.0|0.0|-141.6|0.0
3110004|303|02|382334|2020|12|10 - SAÚDE|122 - ADMINISTRAÇÃO GERAL|0040 - GESTÃO DA SECRETARIA DE SAÚDE|2089 - MANUTENÇÃO DA SECRETARIA DE SAÚDE||3.1.90.11.05 - 3.1.90.11.05|102 - RECEITAS DE IMPOSTOS E DE TRANSFERÊNCIAS DE IMPOSTOS VINCULADOS À SAÚDE|NÃO SE APLICA|5833|20201214|2814.6|0.0|0.0|2814.6|0.0|2814.6|0.0|0.0|0.0|0.0|0.0
3110004|303|02|382334|2020|1|10 - SAÚDE|122 - ADMINISTRAÇÃO GERAL|0040 - GESTÃO DA SECRETARIA DE SAÚDE|2089 - MANUTENÇÃO DA SECRETARIA DE SAÚDE||3.1.90.16.00 - 3.1.90.16.00|102 - RECEITAS DE IMPOSTOS E DE TRANSFERÊNCIAS DE IMPOSTOS VINCULADOS À SAÚDE|NÃO SE APLICA|400|20200130|1811.55|0.0|0.0|1811.55|0.0|1811.55|0.0|0.0|0.0|0.0|0.0
3110004|303|02|382323|2020|3|10 - SAÚDE|122 - ADMINISTRAÇÃO GERAL|0042 - SERVIÇO DE REGULAÇÃO EM SAÚDE|2094 - MANUTENÇÃO DA REGULAÇÃO EM SAÚDE||3.1.90.13.01 - 3.1.90.13.01|102 - RECEITAS DE IMPOSTOS E DE TRANSFERÊNCIAS DE IMPOSTOS VINCULADOS À SAÚDE|NÃO SE APLICA|1198|20200221|0.0|0.0|0.0|0.0|0.0|1112.22|0.0|0.0|0.0|-1112.22|0.0
3110004|303|02|382323|2020|12|10 - SAÚDE|302 - ASSISTÊNCIA HOSPITALAR E AMBULATORIAL|0048 - URGÊNCIA E EMERGÊNCIA|2112 - MANUTENÇÃO DA URGÊNCIA E EMERGÊNCIA||3.3.50.43.00 - 3.3.50.43.00|102 - RECEITAS DE IMPOSTOS E DE TRANSFERÊNCIAS DE IMPOSTOS VINCULADOS À SAÚDE|NÃO SE APLICA|5758|20201211|232500.0|0.0|0.0|232500.0|0.0|232500.0|0.0|0.0|0.0|0.0|0.0
3110004|303|02|382323|2020|4|10 - SAÚDE|122 - ADMINISTRAÇÃO GERAL|0042 - SERVIÇO DE REGULAÇÃO EM SAÚDE|2094 - MANUTENÇÃO DA REGULAÇÃO EM SAÚDE||3.1.90.13.03 - 3.1.90.13.03|102 - RECEITAS DE IMPOSTOS E DE TRANSFERÊNCIAS DE IMPOSTOS VINCULADOS À SAÚDE|NÃO SE APLICA|1685|20200327|0.0|0.0|0.0|0.0|0.0|2742.59|0.0|0.0|0.0|-2742.59|0.0
3110004|303|02|382334|2020|1|10 - SAÚDE|122 - ADMINISTRAÇÃO GERAL|0040 - GESTÃO DA SECRETARIA DE SAÚDE|2089 - MANUTENÇÃO DA SECRETARIA DE SAÚDE||3.3.90.49.00 - 3.3.90.49.00|102 - RECEITAS DE IMPOSTOS E DE TRANSFERÊNCIAS DE IMPOSTOS VINCULADOS À SAÚDE|NÃO SE APLICA|259|20200124|2376.0|0.0|0.0|144.0|0.0|144.0|0.0|0.0|0.0|0.0|2232.0
3110004|303|02|382334|2020|10|10 - SAÚDE|122 - ADMINISTRAÇÃO GERAL|0047 - MANUTENÇÃO DO SERVIÇO DE TRANSPORTE DE PACIENTES|2110 - MANUTENÇÃO DO SETOR DE TRANSPORTE||3.3.90.14.05 - 3.3.90.14.05|102 - RECEITAS DE IMPOSTOS E DE TRANSFERÊNCIAS DE IMPOSTOS VINCULADOS À SAÚDE|NÃO SE APLICA|4908|20201023|236.0|0.0|0.0|236.0|0.0|236.0|0.0|0.0|0.0|0.0|0.0
3110004|303|02|382334|2020|2|10 - SAÚDE|122 - ADMINISTRAÇÃO GERAL|0047 - MANUTENÇÃO DO SERVIÇO DE TRANSPORTE DE PACIENTES|2110 - MANUTENÇÃO DO SETOR DE TRANSPORTE||3.3.90.14.05 - 3.3.90.14.05|102 - RECEITAS DE IMPOSTOS E DE TRANSFERÊNCIAS DE IMPOSTOS VINCULADOS À SAÚDE|NÃO SE APLICA|782|20200211|1416.0|0.0|0.0|1416.0|0.0|1416.0|0.0|0.0|0.0|0.0|0.0
3110004|303|02|382334|2020|12|10 - SAÚDE|122 - ADMINISTRAÇÃO GERAL|0040 - GESTÃO DA SECRETARIA DE SAÚDE|2089 - MANUTENÇÃO DA SECRETARIA DE SAÚDE||3.3.90.30.16 - 3.3.90.30.16|102 - RECEITAS DE IMPOSTOS E DE TRANSFERÊNCIAS DE IMPOSTOS VINCULADOS À SAÚDE|NÃO SE APLICA|5659|20201130|0.0|0.0|0.0|855.98|0.0|0.0|0.0|0.0|0.0|855.98|-855.98
3110004|303|02|382334|2020|6|10 - SAÚDE|122 - ADMINISTRAÇÃO GERAL|0047 - MANUTENÇÃO DO SERVIÇO DE TRANSPORTE DE PACIENTES|2110 - MANUTENÇÃO DO SETOR DE TRANSPORTE||3.3.90.14.05 - 3.3.90.14.05|102 - RECEITAS DE IMPOSTOS E DE TRANSFERÊNCIAS DE IMPOSTOS VINCULADOS À SAÚDE|NÃO SE APLICA|2326|20200513|0.0|0.0|0.0|0.0|0.0|1180.0|0.0|0.0|0.0|-1180.0|0.0
3110004|303|02|382323|2020|7|10 - SAÚDE|302 - ASSISTÊNCIA HOSPITALAR E AMBULATORIAL|0039 - GESTÃO DA FISIOTERAPIA|2086 - MANUTENÇÃO DO SETOR DA FISIOTERAPIA||3.1.90.13.01 - 3.1.90.13.01|102 - RECEITAS DE IMPOSTOS E DE TRANSFERÊNCIAS DE IMPOSTOS VINCULADOS À SAÚDE|NÃO SE APLICA|3169|20200630|0.0|0.0|0.0|0.0|0.0|855.28|0.0|0.0|0.0|-855.28|0.0
3110004|303|02|382323|2020|3|10 - SAÚDE|302 - ASSISTÊNCIA HOSPITALAR E AMBULATORIAL|0039 - GESTÃO DA FISIOTERAPIA|2086 - MANUTENÇÃO DO SETOR DA FISIOTERAPIA||3.1.90.13.01 - 3.1.90.13.01|102 - RECEITAS DE IMPOSTOS E DE TRANSFERÊNCIAS DE IMPOSTOS VINCULADOS À SAÚDE|NÃO SE APLICA|1691|20200327|820.77|0.0|0.0|820.77|0.0|0.0|0.0|0.0|0.0|820.77|0.0
3110004|303|02|382334|2020|8|10 - SAÚDE|122 - ADMINISTRAÇÃO GERAL|0047 - MANUTENÇÃO DO SERVIÇO DE TRANSPORTE DE PACIENTES|2110 - MANUTENÇÃO DO SETOR DE TRANSPORTE||3.3.90.14.05 - 3.3.90.14.05|102 - RECEITAS DE IMPOSTOS E DE TRANSFERÊNCIAS DE IMPOSTOS VINCULADOS À SAÚDE|NÃO SE APLICA|4216|20200831|472.0|0.0|0.0|472.0|0.0|0.0|0.0|0.0|0.0|472.0|0.0
3110004|303|02|382323|2020|7|10 - SAÚDE|302 - ASSISTÊNCIA HOSPITALAR E AMBULATORIAL|0113 - CONSÓRCIO INTERMUNICIPAL ALIANÇA PELA SAÚDE|2394 - MANUTENÇÃO DAS AÇÕES DO CONSÓRCIO||3.1.71.70.00 - 3.1.71.70.00|102 - RECEITAS DE IMPOSTOS E DE TRANSFERÊNCIAS DE IMPOSTOS VINCULADOS À SAÚDE|NÃO SE APLICA|702|20200207|0.0|0.0|0.0|12869.33|0.0|12869.33|0.0|0.0|0.0|0.0|-12869.33
3110004|303|02|382334|2020|4|10 - SAÚDE|122 - ADMINISTRAÇÃO GERAL|0047 - MANUTENÇÃO DO SERVIÇO DE TRANSPORTE DE PACIENTES|2110 - MANUTENÇÃO DO SETOR DE TRANSPORTE||3.3.90.14.05 - 3.3.90.14.05|102 - RECEITAS DE IMPOSTOS E DE TRANSFERÊNCIAS DE IMPOSTOS VINCULADOS À SAÚDE|NÃO SE APLICA|1383|20200313|0.0|0.0|0.0|0.0|0.0|1416.0|0.0|0.0|0.0|-1416.0|0.0
3110004|303|02|382334|2020|10|10 - SAÚDE|122 - ADMINISTRAÇÃO GERAL|0040 - GESTÃO DA SECRETARIA DE SAÚDE|2089 - MANUTENÇÃO DA SECRETARIA DE SAÚDE||3.1.90.13.03 - 3.1.90.13.03|102 - RECEITAS DE IMPOSTOS E DE TRANSFERÊNCIAS DE IMPOSTOS VINCULADOS À SAÚDE|NÃO SE APLICA|5160|20201029|6399.88|0.0|0.0|6399.88|0.0|48.62|0.0|0.0|0.0|6351.26|0.0
3110004|303|02|382323|2020|10|10 - SAÚDE|301 - ATENÇÃO BÁSICA|0029 - ATENÇÃO BÁSICA|2063 - MANUTENÇÃO DA ATENÇÃO BÁSICA||3.1.90.11.05 - 3.1.90.11.05|102 - RECEITAS DE IMPOSTOS E DE TRANSFERÊNCIAS DE IMPOSTOS VINCULADOS À SAÚDE|NÃO SE APLICA|5071|20201029|9900.74|0.0|0.0|9900.74|0.0|9900.74|0.0|0.0|0.0|0.0|0.0
3110004|303|02|382323|2020|1|10 - SAÚDE|302 - ASSISTÊNCIA HOSPITALAR E AMBULATORIAL|0113 - CONSÓRCIO INTERMUNICIPAL ALIANÇA PELA SAÚDE|2394 - MANUTENÇÃO DAS AÇÕES DO CONSÓRCIO||3.3.72.39.00 - 3.3.72.39.00|102 - RECEITAS DE IMPOSTOS E DE TRANSFERÊNCIAS DE IMPOSTOS VINCULADOS À SAÚDE|NÃO SE APLICA|250|20200123|300000.0|0.0|0.0|0.0|0.0|0.0|0.0|0.0|0.0|0.0|300000.0
3110004|303|02|382323|2020|10|10 - SAÚDE|122 - ADMINISTRAÇÃO GERAL|0042 - SERVIÇO DE REGULAÇÃO EM SAÚDE|2094 - MANUTENÇÃO DA REGULAÇÃO EM SAÚDE||3.1.90.94.01 - 3.1.90.94.01|102 - RECEITAS DE IMPOSTOS E DE TRANSFERÊNCIAS DE IMPOSTOS VINCULADOS À SAÚDE|NÃO SE APLICA|4845|20201015|370.42|0.0|0.0|370.42|0.0|370.42|0.0|0.0|0.0|0.0|0.0
3110004|303|02|382334|2020|2|10 - SAÚDE|122 - ADMINISTRAÇÃO GERAL|0040 - GESTÃO DA SECRETARIA DE SAÚDE|2089 - MANUTENÇÃO DA SECRETARIA DE SAÚDE||3.3.90.49.00 - 3.3.90.49.00|102 - RECEITAS DE IMPOSTOS E DE TRANSFERÊNCIAS DE IMPOSTOS VINCULADOS À SAÚDE|NÃO SE APLICA|259|20200124|0.0|0.0|0.0|198.0|0.0|198.0|0.0|0.0|0.0|0.0|-198.0
3110004|303|02|382323|2020|5|10 - SAÚDE|301 - ATENÇÃO BÁSICA|0029 - ATENÇÃO BÁSICA|2063 - MANUTENÇÃO DA ATENÇÃO BÁSICA||3.1.90.04.99 - 3.1.90.04.99|102 - RECEITAS DE IMPOSTOS E DE TRANSFERÊNCIAS DE IMPOSTOS VINCULADOS À SAÚDE|NÃO SE APLICA|2540|20200529|1579.77|0.0|0.0|1579.77|0.0|1579.77|0.0|0.0|0.0|0.0|0.0
3110004|303|02|382334|2020|12|10 - SAÚDE|122 - ADMINISTRAÇÃO GERAL|0040 - GESTÃO DA SECRETARIA DE SAÚDE|2089 - MANUTENÇÃO DA SECRETARIA DE SAÚDE||3.3.90.30.22 - 3.3.90.30.22|102 - RECEITAS DE IMPOSTOS E DE TRANSFERÊNCIAS DE IMPOSTOS VINCULADOS À SAÚDE|NÃO SE APLICA|5736|20201209|2840.0|0.0|0.0|2840.0|0.0|2840.0|0.0|0.0|0.0|0.0|0.0
3110004|303|02|382334|2020|9|10 - SAÚDE|122 - ADMINISTRAÇÃO GERAL|0047 - MANUTENÇÃO DO SERVIÇO DE TRANSPORTE DE PACIENTES|2110 - MANUTENÇÃO DO SETOR DE TRANSPORTE||3.3.90.14.05 - 3.3.90.14.05|102 - RECEITAS DE IMPOSTOS E DE TRANSFERÊNCIAS DE IMPOSTOS VINCULADOS À SAÚDE|NÃO SE APLICA|4390|20200918|944.0|0.0|0.0|944.0|0.0|944.0|0.0|0.0|0.0|0.0|0.0
3110004|303|02|382334|2020|12|10 - SAÚDE|122 - ADMINISTRAÇÃO GERAL|0047 - MANUTENÇÃO DO SERVIÇO DE TRANSPORTE DE PACIENTES|2110 - MANUTENÇÃO DO SETOR DE TRANSPORTE||3.3.90.14.05 - 3.3.90.14.05|102 - RECEITAS DE IMPOSTOS E DE TRANSFERÊNCIAS DE IMPOSTOS VINCULADOS À SAÚDE|NÃO SE APLICA|5633|20201127|0.0|0.0|0.0|0.0|0.0|944.0|0.0|0.0|0.0|-944.0|0.0
3110004|303|02|382323|2020|4|10 - SAÚDE|122 - ADMINISTRAÇÃO GERAL|0042 - SERVIÇO DE REGULAÇÃO EM SAÚDE|2094 - MANUTENÇÃO DA REGULAÇÃO EM SAÚDE||3.1.90.13.03 - 3.1.90.13.03|102 - RECEITAS DE IMPOSTOS E DE TRANSFERÊNCIAS DE IMPOSTOS VINCULADOS À SAÚDE|NÃO SE APLICA|2157|20200429|3162.77|0.0|0.0|3162.77|0.0|0.0|0.0|0.0|0.0|3162.77|0.0
3110004|303|02|382334|2020|11|10 - SAÚDE|122 - ADMINISTRAÇÃO GERAL|0047 - MANUTENÇÃO DO SERVIÇO DE TRANSPORTE DE PACIENTES|2110 - MANUTENÇÃO DO SETOR DE TRANSPORTE||3.3.90.14.05 - 3.3.90.14.05|102 - RECEITAS DE IMPOSTOS E DE TRANSFERÊNCIAS DE IMPOSTOS VINCULADOS À SAÚDE|NÃO SE APLICA|5632|20201127|944.0|0.0|0.0|944.0|0.0|0.0|0.0|0.0|0.0|944.0|0.0
3110004|303|02|382323|2020|8|10 - SAÚDE|302 - ASSISTÊNCIA HOSPITALAR E AMBULATORIAL|0113 - CONSÓRCIO INTERMUNICIPAL ALIANÇA PELA SAÚDE|2394 - MANUTENÇÃO DAS AÇÕES DO CONSÓRCIO||3.1.71.70.00 - 3.1.71.70.00|102 - RECEITAS DE IMPOSTOS E DE TRANSFERÊNCIAS DE IMPOSTOS VINCULADOS À SAÚDE|NÃO SE APLICA|702|20200207|0.0|0.0|0.0|12869.33|0.0|12869.33|0.0|0.0|0.0|0.0|-12869.33
3110004|303|02|382334|2020|11|10 - SAÚDE|122 - ADMINISTRAÇÃO GERAL|0040 - GESTÃO DA SECRETARIA DE SAÚDE|2089 - MANUTENÇÃO DA SECRETARIA DE SAÚDE||3.3.90.30.16 - 3.3.90.30.16|102 - RECEITAS DE IMPOSTOS E DE TRANSFERÊNCIAS DE IMPOSTOS VINCULADOS À SAÚDE|NÃO SE APLICA|5666|20201130|2716.0|0.0|0.0|0.0|0.0|0.0|0.0|0.0|0.0|0.0|2716.0
3110004|303|02|382323|2020|3|10 - SAÚDE|302 - ASSISTÊNCIA HOSPITALAR E AMBULATORIAL|0028 - CENTRO DE ESPECIALIDADES EM SAÚDE|2059 - MANUTENÇÃO DO CENTRO ESPECIALIDADES EM SAÚDE||3.1.90.13.03 - 3.1.90.13.03|102 - RECEITAS DE IMPOSTOS E DE TRANSFERÊNCIAS DE IMPOSTOS VINCULADOS À SAÚDE|NÃO SE APLICA|1690|20200327|14977.11|0.0|0.0|14977.11|0.0|1679.88|0.0|0.0|0.0|13297.23|0.0
3110004|303|02|382323|2020|9|10 - SAÚDE|301 - ATENÇÃO BÁSICA|0029 - ATENÇÃO BÁSICA|2063 - MANUTENÇÃO DA ATENÇÃO BÁSICA||3.1.90.13.01 - 3.1.90.13.01|102 - RECEITAS DE IMPOSTOS E DE TRANSFERÊNCIAS DE IMPOSTOS VINCULADOS À SAÚDE|NÃO SE APLICA|4706|20200930|6475.26|0.0|0.0|6475.26|0.0|0.0|0.0|0.0|0.0|6475.26|0.0
3110004|303|02|382323|2020|11|10 - SAÚDE|302 - ASSISTÊNCIA HOSPITALAR E AMBULATORIAL|0080 - SAÚDE MENTAL|2104 - MANUTENÇÃO DO SETOR DE SAÚDE MENTAL||3.1.90.11.05 - 3.1.90.11.05|102 - RECEITAS DE IMPOSTOS E DE TRANSFERÊNCIAS DE IMPOSTOS VINCULADOS À SAÚDE|NÃO SE APLICA|5495|20201127|1762.19|0.0|0.0|1762.19|0.0|1762.19|0.0|0.0|0.0|0.0|0.0
3110004|303|02|382323|2020|11|10 - SAÚDE|301 - ATENÇÃO BÁSICA|0029 - ATENÇÃO BÁSICA|2063 - MANUTENÇÃO DA ATENÇÃO BÁSICA||3.1.90.13.03 - 3.1.90.13.03|102 - RECEITAS DE IMPOSTOS E DE TRANSFERÊNCIAS DE IMPOSTOS VINCULADOS À SAÚDE|NÃO SE APLICA|5187|20201029|0.0|0.0|0.0|0.0|0.0|30000.74|0.0|0.0|0.0|-30000.74|0.0
3110004|303|02|382334|2020|12|10 - SAÚDE|122 - ADMINISTRAÇÃO GERAL|0047 - MANUTENÇÃO DO SERVIÇO DE TRANSPORTE DE PACIENTES|2110 - MANUTENÇÃO DO SETOR DE TRANSPORTE||3.3.90.14.05 - 3.3.90.14.05|102 - RECEITAS DE IMPOSTOS E DE TRANSFERÊNCIAS DE IMPOSTOS VINCULADOS À SAÚDE|NÃO SE APLICA|5636|20201127|0.0|0.0|0.0|0.0|0.0|944.0|0.0|0.0|0.0|-944.0|0.0
3110004|303|02|382323|2020|10|10 - SAÚDE|302 - ASSISTÊNCIA HOSPITALAR E AMBULATORIAL|0043 - SAÚDE BUCAL|2099 - MANUTENÇÃO DO SETOR DE SAÚDE BUCAL||3.1.90.04.99 - 3.1.90.04.99|102 - RECEITAS DE IMPOSTOS E DE TRANSFERÊNCIAS DE IMPOSTOS VINCULADOS À SAÚDE|NÃO SE APLICA|5077|20201029|11639.75|0.0|0.0|11639.75|0.0|11639.75|0.0|0.0|0.0|0.0|0.0
3110004|303|02|382323|2020|12|10 - SAÚDE|301 - ATENÇÃO BÁSICA|0029 - ATENÇÃO BÁSICA|2063 - MANUTENÇÃO DA ATENÇÃO BÁSICA||3.1.90.13.03 - 3.1.90.13.03|102 - RECEITAS DE IMPOSTOS E DE TRANSFERÊNCIAS DE IMPOSTOS VINCULADOS À SAÚDE|NÃO SE APLICA|6317|20201228|40785.4|0.0|0.0|40785.4|0.0|40785.4|0.0|0.0|0.0|0.0|0.0
3110004|303|02|382323|2020|8|10 - SAÚDE|122 - ADMINISTRAÇÃO GERAL|0042 - SERVIÇO DE REGULAÇÃO EM SAÚDE|2094 - MANUTENÇÃO DA REGULAÇÃO EM SAÚDE||3.1.90.13.01 - 3.1.90.13.01|102 - RECEITAS DE IMPOSTOS E DE TRANSFERÊNCIAS DE IMPOSTOS VINCULADOS À SAÚDE|NÃO SE APLICA|3674|20200731|0.0|0.0|0.0|0.0|0.0|1152.91|0.0|0.0|0.0|-1152.91|0.0
3110004|303|02|382323|2020|8|10 - SAÚDE|302 - ASSISTÊNCIA HOSPITALAR E AMBULATORIAL|0048 - URGÊNCIA E EMERGÊNCIA|2403 - MANUTENÇÃO DO SAMU||3.1.90.13.01 - 3.1.90.13.01|102 - RECEITAS DE IMPOSTOS E DE TRANSFERÊNCIAS DE IMPOSTOS VINCULADOS À SAÚDE|NÃO SE APLICA|3685|20200731|0.0|0.0|0.0|0.0|0.0|1355.84|0.0|0.0|0.0|-1355.84|0.0
3110004|303|02|382323|2020|7|10 - SAÚDE|302 - ASSISTÊNCIA HOSPITALAR E AMBULATORIAL|0028 - CENTRO DE ESPECIALIDADES EM SAÚDE|2059 - MANUTENÇÃO DO CENTRO ESPECIALIDADES EM SAÚDE||3.1.90.11.11 - 3.1.90.11.11|102 - RECEITAS DE IMPOSTOS E DE TRANSFERÊNCIAS DE IMPOSTOS VINCULADOS À SAÚDE|NÃO SE APLICA|3567|20200731|62825.11|0.0|0.0|62825.11|0.0|62825.11|0.0|0.0|0.0|0.0|0.0
3110004|303|02|382334|2020|5|10 - SAÚDE|122 - ADMINISTRAÇÃO GERAL|0047 - MANUTENÇÃO DO SERVIÇO DE TRANSPORTE DE PACIENTES|2110 - MANUTENÇÃO DO SETOR DE TRANSPORTE||3.3.90.39.46 - 3.3.90.39.46|102 - RECEITAS DE IMPOSTOS E DE TRANSFERÊNCIAS DE IMPOSTOS VINCULADOS À SAÚDE|NÃO SE APLICA|898|20200218|0.0|0.0|0.0|26350.0|0.0|26350.0|0.0|0.0|0.0|0.0|-26350.0
3110004|303|02|382334|2020|8|10 - SAÚDE|122 - ADMINISTRAÇÃO GERAL|0047 - MANUTENÇÃO DO SERVIÇO DE TRANSPORTE DE PACIENTES|2110 - MANUTENÇÃO DO SETOR DE TRANSPORTE||3.3.90.14.05 - 3.3.90.14.05|102 - RECEITAS DE IMPOSTOS E DE TRANSFERÊNCIAS DE IMPOSTOS VINCULADOS À SAÚDE|NÃO SE APLICA|3911|20200821|944.0|0.0|0.0|944.0|0.0|944.0|0.0|0.0|0.0|0.0|0.0
3110004|303|02|382334|2020|2|10 - SAÚDE|122 - ADMINISTRAÇÃO GERAL|0047 - MANUTENÇÃO DO SERVIÇO DE TRANSPORTE DE PACIENTES|2110 - MANUTENÇÃO DO SETOR DE TRANSPORTE||3.3.90.14.05 - 3.3.90.14.05|102 - RECEITAS DE IMPOSTOS E DE TRANSFERÊNCIAS DE IMPOSTOS VINCULADOS À SAÚDE|NÃO SE APLICA|771|20200211|1180.0|0.0|0.0|1180.0|0.0|1180.0|0.0|0.0|0.0|0.0|0.0
3110004|303|02|382334|2020|11|10 - SAÚDE|122 - ADMINISTRAÇÃO GERAL|0047 - MANUTENÇÃO DO SERVIÇO DE TRANSPORTE DE PACIENTES|2110 - MANUTENÇÃO DO SETOR DE TRANSPORTE||3.3.90.14.05 - 3.3.90.14.05|102 - RECEITAS DE IMPOSTOS E DE TRANSFERÊNCIAS DE IMPOSTOS VINCULADOS À SAÚDE|NÃO SE APLICA|5246|20201104|23.6|0.0|0.0|23.6|0.0|23.6|0.0|0.0|0.0|0.0|0.0
3110004|303|02|382334|2020|12|10 - SAÚDE|122 - ADMINISTRAÇÃO GERAL|0040 - GESTÃO DA SECRETARIA DE SAÚDE|2089 - MANUTENÇÃO DA SECRETARIA DE SAÚDE||3.1.90.13.03 - 3.1.90.13.03|102 - RECEITAS DE IMPOSTOS E DE TRANSFERÊNCIAS DE IMPOSTOS VINCULADOS À SAÚDE|NÃO SE APLICA|5918|20201214|5861.68|0.0|0.0|5861.68|0.0|5861.68|0.0|0.0|0.0|0.0|0.0
3110004|303|02|382334|2020|12|10 - SAÚDE|122 - ADMINISTRAÇÃO GERAL|0040 - GESTÃO DA SECRETARIA DE SAÚDE|2089 - MANUTENÇÃO DA SECRETARIA DE SAÚDE||3.1.90.16.00 - 3.1.90.16.00|102 - RECEITAS DE IMPOSTOS E DE TRANSFERÊNCIAS DE IMPOSTOS VINCULADOS À SAÚDE|NÃO SE APLICA|6168|20201228|824.05|0.0|0.0|824.05|0.0|824.05|0.0|0.0|0.0|0.0|0.0
3110004|303|02|382323|2020|9|10 - SAÚDE|302 - ASSISTÊNCIA HOSPITALAR E AMBULATORIAL|0039 - GESTÃO DA FISIOTERAPIA|2086 - MANUTENÇÃO DO SETOR DA FISIOTERAPIA||3.1.90.11.11 - 3.1.90.11.11|102 - RECEITAS DE IMPOSTOS E DE TRANSFERÊNCIAS DE IMPOSTOS VINCULADOS À SAÚDE|NÃO SE APLICA|4596|20200930|12510.17|0.0|0.0|12510.17|0.0|12510.17|0.0|0.0|0.0|0.0|0.0
3110004|303|02|382334|2020|2|10 - SAÚDE|122 - ADMINISTRAÇÃO GERAL|0047 - MANUTENÇÃO DO SERVIÇO DE TRANSPORTE DE PACIENTES|2110 - MANUTENÇÃO DO SETOR DE TRANSPORTE||3.3.90.39.60 - 3.3.90.39.60|102 - RECEITAS DE IMPOSTOS E DE TRANSFERÊNCIAS DE IMPOSTOS VINCULADOS À SAÚDE|NÃO SE APLICA|336|20200130|0.0|0.0|0.0|14520.0|0.0|14520.0|0.0|0.0|0.0|0.0|-14520.0
3110004|303|02|382334|2020|4|10 - SAÚDE|122 - ADMINISTRAÇÃO GERAL|0047 - MANUTENÇÃO DO SERVIÇO DE TRANSPORTE DE PACIENTES|2110 - MANUTENÇÃO DO SETOR DE TRANSPORTE||3.1.90.11.05 - 3.1.90.11.05|102 - RECEITAS DE IMPOSTOS E DE TRANSFERÊNCIAS DE IMPOSTOS VINCULADOS À SAÚDE|NÃO SE APLICA|2027|20200429|9372.52|0.0|0.0|9372.52|0.0|9372.52|0.0|0.0|0.0|0.0|0.0
3110004|303|02|382334|2020|6|10 - SAÚDE|122 - ADMINISTRAÇÃO GERAL|0047 - MANUTENÇÃO DO SERVIÇO DE TRANSPORTE DE PACIENTES|2110 - MANUTENÇÃO DO SETOR DE TRANSPORTE||3.3.90.14.05 - 3.3.90.14.05|102 - RECEITAS DE IMPOSTOS E DE TRANSFERÊNCIAS DE IMPOSTOS VINCULADOS À SAÚDE|NÃO SE APLICA|2324|20200513|0.0|0.0|0.0|0.0|0.0|1416.0|0.0|0.0|0.0|-1416.0|0.0
3110004|303|02|382334|2020|2|10 - SAÚDE|122 - ADMINISTRAÇÃO GERAL|0040 - GESTÃO DA SECRETARIA DE SAÚDE|2089 - MANUTENÇÃO DA SECRETARIA DE SAÚDE||3.3.90.39.43 - 3.3.90.39.43|102 - RECEITAS DE IMPOSTOS E DE TRANSFERÊNCIAS DE IMPOSTOS VINCULADOS À SAÚDE|NÃO SE APLICA|193|20200115|0.0|0.0|0.0|5337.52|0.0|5341.19|0.0|0.0|0.0|-3.67|-5337.52
3110004|303|02|382334|2020|9|10 - SAÚDE|122 - ADMINISTRAÇÃO GERAL|0047 - MANUTENÇÃO DO SERVIÇO DE TRANSPORTE DE PACIENTES|2110 - MANUTENÇÃO DO SETOR DE TRANSPORTE||3.3.90.39.99 - 3.3.90.39.99|102 - RECEITAS DE IMPOSTOS E DE TRANSFERÊNCIAS DE IMPOSTOS VINCULADOS À SAÚDE|NÃO SE APLICA|3190|20200630|0.0|0.0|0.0|136.88|0.0|1891.69|0.0|0.0|0.0|-1754.81|-136.88
3110004|303|02|382334|2020|7|10 - SAÚDE|122 - ADMINISTRAÇÃO GERAL|0047 - MANUTENÇÃO DO SERVIÇO DE TRANSPORTE DE PACIENTES|2110 - MANUTENÇÃO DO SETOR DE TRANSPORTE||3.3.90.14.05 - 3.3.90.14.05|102 - RECEITAS DE IMPOSTOS E DE TRANSFERÊNCIAS DE IMPOSTOS VINCULADOS À SAÚDE|NÃO SE APLICA|2930|20200624|0.0|0.0|0.0|0.0|0.0|1416.0|0.0|0.0|0.0|-1416.0|0.0
3110004|303|02|382334|2020|11|10 - SAÚDE|122 - ADMINISTRAÇÃO GERAL|0040 - GESTÃO DA SECRETARIA DE SAÚDE|2089 - MANUTENÇÃO DA SECRETARIA DE SAÚDE||3.3.90.49.00 - 3.3.90.49.00|102 - RECEITAS DE IMPOSTOS E DE TRANSFERÊNCIAS DE IMPOSTOS VINCULADOS À SAÚDE|NÃO SE APLICA|259|20200124|0.0|0.0|1634.0|0.0|0.0|0.0|0.0|0.0|0.0|0.0|-1634.0
3110004|303|02|382334|2020|2|10 - SAÚDE|302 - ASSISTÊNCIA HOSPITALAR E AMBULATORIAL|0312 - EMENDAS IMPOSITIVAS|1242 - EXECUÇÃO DAS EMENDAS IMPOSITIVAS||4.4.90.52.04 - 4.4.90.52.04|102 - RECEITAS DE IMPOSTOS E DE TRANSFERÊNCIAS DE IMPOSTOS VINCULADOS À SAÚDE|NÃO SE APLICA|74|20200108|0.0|0.0|0.0|0.0|0.0|157.5|0.0|0.0|0.0|-157.5|0.0
3110004|303|02|382323|2020|9|10 - SAÚDE|302 - ASSISTÊNCIA HOSPITALAR E AMBULATORIAL|0048 - URGÊNCIA E EMERGÊNCIA|2403 - MANUTENÇÃO DO SAMU||3.1.90.13.03 - 3.1.90.13.03|102 - RECEITAS DE IMPOSTOS E DE TRANSFERÊNCIAS DE IMPOSTOS VINCULADOS À SAÚDE|NÃO SE APLICA|4169|20200828|0.0|0.0|0.0|0.0|0.0|5561.12|0.0|0.0|0.0|-5561.12|0.0
3110004|303|02|382323|2020|9|10 - SAÚDE|302 - ASSISTÊNCIA HOSPITALAR E AMBULATORIAL|0028 - CENTRO DE ESPECIALIDADES EM SAÚDE|2059 - MANUTENÇÃO DO CENTRO ESPECIALIDADES EM SAÚDE||3.3.90.39.36 - 3.3.90.39.36|102 - RECEITAS DE IMPOSTOS E DE TRANSFERÊNCIAS DE IMPOSTOS VINCULADOS À SAÚDE|NÃO SE APLICA|4248|20200902|14950.0|0.0|0.0|0.0|0.0|0.0|0.0|0.0|0.0|0.0|14950.0
3110004|303|02|382323|2020|5|10 - SAÚDE|122 - ADMINISTRAÇÃO GERAL|0042 - SERVIÇO DE REGULAÇÃO EM SAÚDE|2094 - MANUTENÇÃO DA REGULAÇÃO EM SAÚDE||3.3.90.14.05 - 3.3.90.14.05|102 - RECEITAS DE IMPOSTOS E DE TRANSFERÊNCIAS DE IMPOSTOS VINCULADOS À SAÚDE|NÃO SE APLICA|2391|20200520|141.6|0.0|0.0|141.6|0.0|141.6|0.0|0.0|0.0|0.0|0.0
3110004|303|02|382323|2020|12|10 - SAÚDE|302 - ASSISTÊNCIA HOSPITALAR E AMBULATORIAL|0028 - CENTRO DE ESPECIALIDADES EM SAÚDE|2059 - MANUTENÇÃO DO CENTRO ESPECIALIDADES EM SAÚDE||3.3.90.39.36 - 3.3.90.39.36|102 - RECEITAS DE IMPOSTOS E DE TRANSFERÊNCIAS DE IMPOSTOS VINCULADOS À SAÚDE|NÃO SE APLICA|4248|20200902|0.0|0.0|5070.0|7280.0|0.0|4719.0|0.0|0.0|0.0|2561.0|-12350.0
3110004|303|02|382334|2020|12|10 - SAÚDE|122 - ADMINISTRAÇÃO GERAL|0047 - MANUTENÇÃO DO SERVIÇO DE TRANSPORTE DE PACIENTES|2110 - MANUTENÇÃO DO SETOR DE TRANSPORTE||3.3.90.14.05 - 3.3.90.14.05|102 - RECEITAS DE IMPOSTOS E DE TRANSFERÊNCIAS DE IMPOSTOS VINCULADOS À SAÚDE|NÃO SE APLICA|5634|20201127|0.0|0.0|0.0|0.0|0.0|944.0|0.0|0.0|0.0|-944.0|0.0
3110004|303|02|382334|2020|9|10 - SAÚDE|122 - ADMINISTRAÇÃO GERAL|0047 - MANUTENÇÃO DO SERVIÇO DE TRANSPORTE DE PACIENTES|2110 - MANUTENÇÃO DO SETOR DE TRANSPORTE||3.3.90.14.05 - 3.3.90.14.05|102 - RECEITAS DE IMPOSTOS E DE TRANSFERÊNCIAS DE IMPOSTOS VINCULADOS À SAÚDE|NÃO SE APLICA|4384|20200918|944.0|0.0|0.0|944.0|0.0|944.0|0.0|0.0|0.0|0.0|0.0
3110004|303|02|382334|2020|9|10 - SAÚDE|122 - ADMINISTRAÇÃO GERAL|0047 - MANUTENÇÃO DO SERVIÇO DE TRANSPORTE DE PACIENTES|2110 - MANUTENÇÃO DO SETOR DE TRANSPORTE||3.1.90.11.05 - 3.1.90.11.05|102 - RECEITAS DE IMPOSTOS E DE TRANSFERÊNCIAS DE IMPOSTOS VINCULADOS À SAÚDE|NÃO SE APLICA|4566|20200930|6595.34|0.0|0.0|6595.34|0.0|6595.34|0.0|0.0|0.0|0.0|0.0
3110004|303|02|382334|2020|12|10 - SAÚDE|122 - ADMINISTRAÇÃO GERAL|0047 - MANUTENÇÃO DO SERVIÇO DE TRANSPORTE DE PACIENTES|2110 - MANUTENÇÃO DO SETOR DE TRANSPORTE||3.3.90.14.05 - 3.3.90.14.05|102 - RECEITAS DE IMPOSTOS E DE TRANSFERÊNCIAS DE IMPOSTOS VINCULADOS À SAÚDE|NÃO SE APLICA|5630|20201127|0.0|0.0|0.0|0.0|0.0|212.4|0.0|0.0|0.0|-212.4|0.0
3110004|303|02|382323|2020|5|10 - SAÚDE|122 - ADMINISTRAÇÃO GERAL|0032 - ASSISTÊNCIA FARMACÊUTCA|2069 - MANUTENÇÃO DA FARMÁCIA BÁSICA||3.1.90.13.03 - 3.1.90.13.03|102 - RECEITAS DE IMPOSTOS E DE TRANSFERÊNCIAS DE IMPOSTOS VINCULADOS À SAÚDE|NÃO SE APLICA|2155|20200429|0.0|0.0|0.0|0.0|0.0|2424.28|0.0|0.0|0.0|-2424.28|0.0
3110004|303|02|382323|2020|7|10 - SAÚDE|302 - ASSISTÊNCIA HOSPITALAR E AMBULATORIAL|0080 - SAÚDE MENTAL|2104 - MANUTENÇÃO DO SETOR DE SAÚDE MENTAL||3.1.90.13.03 - 3.1.90.13.03|102 - RECEITAS DE IMPOSTOS E DE TRANSFERÊNCIAS DE IMPOSTOS VINCULADOS À SAÚDE|NÃO SE APLICA|3176|20200630|0.0|0.0|0.0|0.0|0.0|7000.43|0.0|0.0|0.0|-7000.43|0.0
3110004|303|02|382323|2020|5|10 - SAÚDE|302 - ASSISTÊNCIA HOSPITALAR E AMBULATORIAL|0048 - URGÊNCIA E EMERGÊNCIA|2403 - MANUTENÇÃO DO SAMU||3.1.90.13.01 - 3.1.90.13.01|102 - RECEITAS DE IMPOSTOS E DE TRANSFERÊNCIAS DE IMPOSTOS VINCULADOS À SAÚDE|NÃO SE APLICA|2660|20200529|1660.11|0.0|0.0|1660.11|0.0|0.0|0.0|0.0|0.0|1660.11|0.0
3110004|303|02|382334|2020|12|10 - SAÚDE|122 - ADMINISTRAÇÃO GERAL|0040 - GESTÃO DA SECRETARIA DE SAÚDE|2089 - MANUTENÇÃO DA SECRETARIA DE SAÚDE||3.1.90.13.03 - 3.1.90.13.03|102 - RECEITAS DE IMPOSTOS E DE TRANSFERÊNCIAS DE IMPOSTOS VINCULADOS À SAÚDE|NÃO SE APLICA|6288|20201228|6231.04|0.0|0.0|6231.04|0.0|6231.04|0.0|0.0|0.0|0.0|0.0
3110004|303|02|382334|2020|5|10 - SAÚDE|122 - ADMINISTRAÇÃO GERAL|0047 - MANUTENÇÃO DO SERVIÇO DE TRANSPORTE DE PACIENTES|2110 - MANUTENÇÃO DO SETOR DE TRANSPORTE||3.3.90.14.05 - 3.3.90.14.05|102 - RECEITAS DE IMPOSTOS E DE TRANSFERÊNCIAS DE IMPOSTOS VINCULADOS À SAÚDE|NÃO SE APLICA|2324|20200513|1416.0|0.0|0.0|1416.0|0.0|0.0|0.0|0.0|0.0|1416.0|0.0
3110004|303|02|382323|2020|8|10 - SAÚDE|302 - ASSISTÊNCIA HOSPITALAR E AMBULATORIAL|0080 - SAÚDE MENTAL|2104 - MANUTENÇÃO DO SETOR DE SAÚDE MENTAL||3.1.90.13.03 - 3.1.90.13.03|102 - RECEITAS DE IMPOSTOS E DE TRANSFERÊNCIAS DE IMPOSTOS VINCULADOS À SAÚDE|NÃO SE APLICA|3688|20200731|0.0|0.0|0.0|0.0|0.0|6990.17|0.0|0.0|0.0|-6990.17|0.0
3110004|303|02|382323|2020|7|10 - SAÚDE|302 - ASSISTÊNCIA HOSPITALAR E AMBULATORIAL|0028 - CENTRO DE ESPECIALIDADES EM SAÚDE|2059 - MANUTENÇÃO DO CENTRO ESPECIALIDADES EM SAÚDE||3.1.90.13.01 - 3.1.90.13.01|102 - RECEITAS DE IMPOSTOS E DE TRANSFERÊNCIAS DE IMPOSTOS VINCULADOS À SAÚDE|NÃO SE APLICA|3167|20200630|0.0|0.0|0.0|0.0|0.0|4629.37|0.0|0.0|0.0|-4629.37|0.0
3110004|303|02|382323|2020|11|10 - SAÚDE|122 - ADMINISTRAÇÃO GERAL|0042 - SERVIÇO DE REGULAÇÃO EM SAÚDE|2094 - MANUTENÇÃO DA REGULAÇÃO EM SAÚDE||3.3.90.48.00 - 3.3.90.48.00|102 - RECEITAS DE IMPOSTOS E DE TRANSFERÊNCIAS DE IMPOSTOS VINCULADOS À SAÚDE|NÃO SE APLICA|148|20200115|0.0|0.0|8380.0|1215.0|0.0|1215.0|0.0|0.0|0.0|0.0|-9595.0
3110004|303|02|382323|2020|8|10 - SAÚDE|302 - ASSISTÊNCIA HOSPITALAR E AMBULATORIAL|0039 - GESTÃO DA FISIOTERAPIA|2086 - MANUTENÇÃO DO SETOR DA FISIOTERAPIA||3.1.90.13.03 - 3.1.90.13.03|102 - RECEITAS DE IMPOSTOS E DE TRANSFERÊNCIAS DE IMPOSTOS VINCULADOS À SAÚDE|NÃO SE APLICA|3682|20200731|0.0|0.0|0.0|0.0|0.0|3863.92|0.0|0.0|0.0|-3863.92|0.0
3110004|303|02|382334|2020|12|10 - SAÚDE|122 - ADMINISTRAÇÃO GERAL|0047 - MANUTENÇÃO DO SERVIÇO DE TRANSPORTE DE PACIENTES|2110 - MANUTENÇÃO DO SETOR DE TRANSPORTE||3.3.90.14.05 - 3.3.90.14.05|102 - RECEITAS DE IMPOSTOS E DE TRANSFERÊNCIAS DE IMPOSTOS VINCULADOS À SAÚDE|NÃO SE APLICA|5729|20201209|519.2|0.0|0.0|519.2|0.0|519.2|0.0|0.0|0.0|0.0|0.0
3110004|303|02|382323|2020|10|10 - SAÚDE|302 - ASSISTÊNCIA HOSPITALAR E AMBULATORIAL|0048 - URGÊNCIA E EMERGÊNCIA|2112 - MANUTENÇÃO DA URGÊNCIA E EMERGÊNCIA||3.3.50.43.00 - 3.3.50.43.00|102 - RECEITAS DE IMPOSTOS E DE TRANSFERÊNCIAS DE IMPOSTOS VINCULADOS À SAÚDE|NÃO SE APLICA|4848|20201015|358847.92|0.0|0.0|358847.92|0.0|358847.92|0.0|0.0|0.0|0.0|0.0
3110004|303|02|382323|2020|9|10 - SAÚDE|122 - ADMINISTRAÇÃO GERAL|0042 - SERVIÇO DE REGULAÇÃO EM SAÚDE|2094 - MANUTENÇÃO DA REGULAÇÃO EM SAÚDE||3.1.90.13.01 - 3.1.90.13.01|102 - RECEITAS DE IMPOSTOS E DE TRANSFERÊNCIAS DE IMPOSTOS VINCULADOS À SAÚDE|NÃO SE APLICA|4704|20200930|970.15|0.0|0.0|970.15|0.0|0.0|0.0|0.0|0.0|970.15|0.0
3110004|303|02|382323|2020|1|10 - SAÚDE|122 - ADMINISTRAÇÃO GERAL|0042 - SERVIÇO DE REGULAÇÃO EM SAÚDE|2094 - MANUTENÇÃO DA REGULAÇÃO EM SAÚDE||3.1.90.11.11 - 3.1.90.11.11|102 - RECEITAS DE IMPOSTOS E DE TRANSFERÊNCIAS DE IMPOSTOS VINCULADOS À SAÚDE|NÃO SE APLICA|430|20200130|14421.83|0.0|0.0|14421.83|0.0|14421.83|0.0|0.0|0.0|0.0|0.0
3110004|303|02|382323|2020|4|10 - SAÚDE|122 - ADMINISTRAÇÃO GERAL|0032 - ASSISTÊNCIA FARMACÊUTCA|2069 - MANUTENÇÃO DA FARMÁCIA BÁSICA||3.3.90.30.09 - 3.3.90.30.09|102 - RECEITAS DE IMPOSTOS E DE TRANSFERÊNCIAS DE IMPOSTOS VINCULADOS À SAÚDE|NÃO SE APLICA|829|20200213|0.0|0.0|0.0|7476.6|0.0|0.0|0.0|0.0|0.0|7476.6|-7476.6
3110004|303|02|382334|2020|7|10 - SAÚDE|122 - ADMINISTRAÇÃO GERAL|0040 - GESTÃO DA SECRETARIA DE SAÚDE|2089 - MANUTENÇÃO DA SECRETARIA DE SAÚDE||3.1.90.94.01 - 3.1.90.94.01|102 - RECEITAS DE IMPOSTOS E DE TRANSFERÊNCIAS DE IMPOSTOS VINCULADOS À SAÚDE|NÃO SE APLICA|3222|20200706|131.9|0.0|0.0|131.9|0.0|131.9|0.0|0.0|0.0|0.0|0.0
3110004|303|02|382323|2020|2|10 - SAÚDE|122 - ADMINISTRAÇÃO GERAL|0032 - ASSISTÊNCIA FARMACÊUTCA|2069 - MANUTENÇÃO DA FARMÁCIA BÁSICA||3.1.90.13.03 - 3.1.90.13.03|102 - RECEITAS DE IMPOSTOS E DE TRANSFERÊNCIAS DE IMPOSTOS VINCULADOS À SAÚDE|NÃO SE APLICA|1197|20200221|2039.94|0.0|0.0|2039.94|0.0|0.0|0.0|0.0|0.0|2039.94|0.0
3110004|303|02|382323|2020|11|10 - SAÚDE|301 - ATENÇÃO BÁSICA|0029 - ATENÇÃO BÁSICA|2063 - MANUTENÇÃO DA ATENÇÃO BÁSICA||3.1.90.13.03 - 3.1.90.13.03|102 - RECEITAS DE IMPOSTOS E DE TRANSFERÊNCIAS DE IMPOSTOS VINCULADOS À SAÚDE|NÃO SE APLICA|5603|20201127|36359.63|0.0|0.0|36359.63|0.0|1098.74|0.0|0.0|0.0|35260.89|0.0
3110004|303|02|382334|2020|12|10 - SAÚDE|122 - ADMINISTRAÇÃO GERAL|0040 - GESTÃO DA SECRETARIA DE SAÚDE|2089 - MANUTENÇÃO DA SECRETARIA DE SAÚDE||3.3.90.30.22 - 3.3.90.30.22|102 - RECEITAS DE IMPOSTOS E DE TRANSFERÊNCIAS DE IMPOSTOS VINCULADOS À SAÚDE|NÃO SE APLICA|5663|20201130|0.0|0.0|0.0|364.0|0.0|364.0|0.0|0.0|0.0|0.0|-364.0
3110004|303|02|382323|2020|5|10 - SAÚDE|302 - ASSISTÊNCIA HOSPITALAR E AMBULATORIAL|0028 - CENTRO DE ESPECIALIDADES EM SAÚDE|2059 - MANUTENÇÃO DO CENTRO ESPECIALIDADES EM SAÚDE||3.1.90.13.01 - 3.1.90.13.01|102 - RECEITAS DE IMPOSTOS E DE TRANSFERÊNCIAS DE IMPOSTOS VINCULADOS À SAÚDE|NÃO SE APLICA|2654|20200529|4629.35|0.0|0.0|4629.35|0.0|0.0|0.0|0.0|0.0|4629.35|0.0
3110004|303|02|382323|2020|11|10 - SAÚDE|305 - VIGILÂNCIA EPIDEMIOLÓGICA|0049 - VIGILÂNCIA EM SAÚDE|2399 - MANUTENÇÃO DA VIGILÂNCIA EM SAÚDE||3.1.90.11.05 - 3.1.90.11.05|102 - RECEITAS DE IMPOSTOS E DE TRANSFERÊNCIAS DE IMPOSTOS VINCULADOS À SAÚDE|NÃO SE APLICA|5498|20201127|2762.16|0.0|0.0|2762.16|0.0|2762.16|0.0|0.0|0.0|0.0|0.0
3110004|303|02|382323|2020|10|10 - SAÚDE|302 - ASSISTÊNCIA HOSPITALAR E AMBULATORIAL|0043 - SAÚDE BUCAL|2099 - MANUTENÇÃO DO SETOR DE SAÚDE BUCAL||3.1.90.13.01 - 3.1.90.13.01|102 - RECEITAS DE IMPOSTOS E DE TRANSFERÊNCIAS DE IMPOSTOS VINCULADOS À SAÚDE|NÃO SE APLICA|5193|20201029|1253.25|0.0|0.0|1253.25|0.0|0.0|0.0|0.0|0.0|1253.25|0.0
3110004|303|02|382334|2020|8|10 - SAÚDE|122 - ADMINISTRAÇÃO GERAL|0047 - MANUTENÇÃO DO SERVIÇO DE TRANSPORTE DE PACIENTES|2110 - MANUTENÇÃO DO SETOR DE TRANSPORTE||3.1.90.13.01 - 3.1.90.13.01|102 - RECEITAS DE IMPOSTOS E DE TRANSFERÊNCIAS DE IMPOSTOS VINCULADOS À SAÚDE|NÃO SE APLICA|3654|20200731|0.0|0.0|0.0|0.0|0.0|3649.88|0.0|0.0|0.0|-3649.88|0.0
3110004|303|02|382323|2020|12|10 - SAÚDE|302 - ASSISTÊNCIA HOSPITALAR E AMBULATORIAL|0043 - SAÚDE BUCAL|2099 - MANUTENÇÃO DO SETOR DE SAÚDE BUCAL||3.1.90.13.01 - 3.1.90.13.01|102 - RECEITAS DE IMPOSTOS E DE TRANSFERÊNCIAS DE IMPOSTOS VINCULADOS À SAÚDE|NÃO SE APLICA|5607|20201127|0.0|0.0|0.0|0.0|0.0|1324.58|0.0|0.0|0.0|-1324.58|0.0
3110004|303|02|382334|2020|11|10 - SAÚDE|122 - ADMINISTRAÇÃO GERAL|0040 - GESTÃO DA SECRETARIA DE SAÚDE|2089 - MANUTENÇÃO DA SECRETARIA DE SAÚDE||3.3.90.39.43 - 3.3.90.39.43|102 - RECEITAS DE IMPOSTOS E DE TRANSFERÊNCIAS DE IMPOSTOS VINCULADOS À SAÚDE|NÃO SE APLICA|193|20200115|0.0|0.0|0.0|4722.0|0.0|4722.0|0.0|0.0|0.0|0.0|-4722.0
3110004|303|02|382334|2020|11|10 - SAÚDE|122 - ADMINISTRAÇÃO GERAL|0047 - MANUTENÇÃO DO SERVIÇO DE TRANSPORTE DE PACIENTES|2110 - MANUTENÇÃO DO SETOR DE TRANSPORTE||3.3.90.14.05 - 3.3.90.14.05|102 - RECEITAS DE IMPOSTOS E DE TRANSFERÊNCIAS DE IMPOSTOS VINCULADOS À SAÚDE|NÃO SE APLICA|5371|20201125|1203.6|0.0|0.0|1203.6|0.0|1203.6|0.0|0.0|0.0|0.0|0.0
3110004|303|02|382323|2020|2|10 - SAÚDE|302 - ASSISTÊNCIA HOSPITALAR E AMBULATORIAL|0080 - SAÚDE MENTAL|2104 - MANUTENÇÃO DO SETOR DE SAÚDE MENTAL||3.1.90.13.01 - 3.1.90.13.01|102 - RECEITAS DE IMPOSTOS E DE TRANSFERÊNCIAS DE IMPOSTOS VINCULADOS À SAÚDE|NÃO SE APLICA|1211|20200221|2077.8|0.0|0.0|2077.8|0.0|0.0|0.0|0.0|0.0|2077.8|0.0
3110004|303|02|382323|2020|6|10 - SAÚDE|302 - ASSISTÊNCIA HOSPITALAR E AMBULATORIAL|0048 - URGÊNCIA E EMERGÊNCIA|2403 - MANUTENÇÃO DO SAMU||3.1.90.11.11 - 3.1.90.11.11|102 - RECEITAS DE IMPOSTOS E DE TRANSFERÊNCIAS DE IMPOSTOS VINCULADOS À SAÚDE|NÃO SE APLICA|3060|20200630|14196.97|0.0|0.0|14196.97|0.0|14196.97|0.0|0.0|0.0|0.0|0.0
3110004|303|02|382323|2020|12|10 - SAÚDE|122 - ADMINISTRAÇÃO GERAL|0032 - ASSISTÊNCIA FARMACÊUTCA|2069 - MANUTENÇÃO DA FARMÁCIA BÁSICA||3.1.90.13.01 - 3.1.90.13.01|102 - RECEITAS DE IMPOSTOS E DE TRANSFERÊNCIAS DE IMPOSTOS VINCULADOS À SAÚDE|NÃO SE APLICA|6312|20201228|1446.63|0.0|0.0|1446.63|0.0|1446.63|0.0|0.0|0.0|0.0|0.0
3110004|303|02|382334|2020|3|10 - SAÚDE|122 - ADMINISTRAÇÃO GERAL|0040 - GESTÃO DA SECRETARIA DE SAÚDE|2089 - MANUTENÇÃO DA SECRETARIA DE SAÚDE||3.1.90.13.01 - 3.1.90.13.01|102 - RECEITAS DE IMPOSTOS E DE TRANSFERÊNCIAS DE IMPOSTOS VINCULADOS À SAÚDE|NÃO SE APLICA|1655|20200327|1424.25|0.0|0.0|1424.25|0.0|0.0|0.0|0.0|0.0|1424.25|0.0
3110004|303|02|382334|2020|9|10 - SAÚDE|122 - ADMINISTRAÇÃO GERAL|0047 - MANUTENÇÃO DO SERVIÇO DE TRANSPORTE DE PACIENTES|2110 - MANUTENÇÃO DO SETOR DE TRANSPORTE||3.1.90.13.03 - 3.1.90.13.03|102 - RECEITAS DE IMPOSTOS E DE TRANSFERÊNCIAS DE IMPOSTOS VINCULADOS À SAÚDE|NÃO SE APLICA|4683|20200930|16968.14|0.0|0.0|16968.14|0.0|0.0|0.0|0.0|0.0|16968.14|0.0
3110004|303|02|382323|2020|10|10 - SAÚDE|302 - ASSISTÊNCIA HOSPITALAR E AMBULATORIAL|0028 - CENTRO DE ESPECIALIDADES EM SAÚDE|2059 - MANUTENÇÃO DO CENTRO ESPECIALIDADES EM SAÚDE||3.1.90.13.03 - 3.1.90.13.03|102 - RECEITAS DE IMPOSTOS E DE TRANSFERÊNCIAS DE IMPOSTOS VINCULADOS À SAÚDE|NÃO SE APLICA|5190|20201029|15051.61|0.0|0.0|15051.61|0.0|0.0|0.0|0.0|0.0|15051.61|0.0
3110004|303|02|382334|2020|7|10 - SAÚDE|122 - ADMINISTRAÇÃO GERAL|0047 - MANUTENÇÃO DO SERVIÇO DE TRANSPORTE DE PACIENTES|2110 - MANUTENÇÃO DO SETOR DE TRANSPORTE||3.1.90.13.01 - 3.1.90.13.01|102 - RECEITAS DE IMPOSTOS E DE TRANSFERÊNCIAS DE IMPOSTOS VINCULADOS À SAÚDE|NÃO SE APLICA|3141|20200630|0.0|0.0|0.0|0.0|0.0|3482.77|0.0|0.0|0.0|-3482.77|0.0
3110004|303|02|382323|2020|12|10 - SAÚDE|302 - ASSISTÊNCIA HOSPITALAR E AMBULATORIAL|0039 - GESTÃO DA FISIOTERAPIA|2086 - MANUTENÇÃO DO SETOR DA FISIOTERAPIA||3.1.90.13.01 - 3.1.90.13.01|102 - RECEITAS DE IMPOSTOS E DE TRANSFERÊNCIAS DE IMPOSTOS VINCULADOS À SAÚDE|NÃO SE APLICA|6319|20201228|1933.59|0.0|0.0|1933.59|0.0|1933.59|0.0|0.0|0.0|0.0|0.0
3110004|303|02|382334|2020|11|10 - SAÚDE|122 - ADMINISTRAÇÃO GERAL|0047 - MANUTENÇÃO DO SERVIÇO DE TRANSPORTE DE PACIENTES|2110 - MANUTENÇÃO DO SETOR DE TRANSPORTE||3.3.90.39.46 - 3.3.90.39.46|102 - RECEITAS DE IMPOSTOS E DE TRANSFERÊNCIAS DE IMPOSTOS VINCULADOS À SAÚDE|NÃO SE APLICA|898|20200218|0.0|0.0|0.0|18750.0|0.0|18750.0|0.0|0.0|0.0|0.0|-18750.0
3110004|303|02|382334|2020|6|10 - SAÚDE|122 - ADMINISTRAÇÃO GERAL|0047 - MANUTENÇÃO DO SERVIÇO DE TRANSPORTE DE PACIENTES|2110 - MANUTENÇÃO DO SETOR DE TRANSPORTE||3.3.90.14.05 - 3.3.90.14.05|102 - RECEITAS DE IMPOSTOS E DE TRANSFERÊNCIAS DE IMPOSTOS VINCULADOS À SAÚDE|NÃO SE APLICA|2934|20200624|23.6|0.0|0.0|23.6|0.0|23.6|0.0|0.0|0.0|0.0|0.0
3110004|303|02|382334|2020|7|10 - SAÚDE|122 - ADMINISTRAÇÃO GERAL|0040 - GESTÃO DA SECRETARIA DE SAÚDE|2089 - MANUTENÇÃO DA SECRETARIA DE SAÚDE||3.1.90.13.01 - 3.1.90.13.01|102 - RECEITAS DE IMPOSTOS E DE TRANSFERÊNCIAS DE IMPOSTOS VINCULADOS À SAÚDE|NÃO SE APLICA|3652|20200731|1918.81|0.0|0.0|1918.81|0.0|0.0|0.0|0.0|0.0|1918.81|0.0
3110004|303|02|382334|2020|3|10 - SAÚDE|122 - ADMINISTRAÇÃO GERAL|0047 - MANUTENÇÃO DO SERVIÇO DE TRANSPORTE DE PACIENTES|2110 - MANUTENÇÃO DO SETOR DE TRANSPORTE||3.3.90.39.53 - 3.3.90.39.53|102 - RECEITAS DE IMPOSTOS E DE TRANSFERÊNCIAS DE IMPOSTOS VINCULADOS À SAÚDE|NÃO SE APLICA|1299|20200304|280.0|0.0|0.0|0.0|0.0|0.0|0.0|0.0|0.0|0.0|280.0
3110004|303|02|382334|2020|9|10 - SAÚDE|122 - ADMINISTRAÇÃO GERAL|0040 - GESTÃO DA SECRETARIA DE SAÚDE|2089 - MANUTENÇÃO DA SECRETARIA DE SAÚDE||3.3.90.14.05 - 3.3.90.14.05|102 - RECEITAS DE IMPOSTOS E DE TRANSFERÊNCIAS DE IMPOSTOS VINCULADOS À SAÚDE|NÃO SE APLICA|4215|20200831|0.0|0.0|0.0|0.0|0.0|23.6|0.0|0.0|0.0|-23.6|0.0
3110004|303|02|382334|2020|10|10 - SAÚDE|122 - ADMINISTRAÇÃO GERAL|0047 - MANUTENÇÃO DO SERVIÇO DE TRANSPORTE DE PACIENTES|2110 - MANUTENÇÃO DO SETOR DE TRANSPORTE||3.3.90.14.05 - 3.3.90.14.05|102 - RECEITAS DE IMPOSTOS E DE TRANSFERÊNCIAS DE IMPOSTOS VINCULADOS À SAÚDE|NÃO SE APLICA|5209|20201029|519.2|0.0|0.0|519.2|0.0|0.0|0.0|0.0|0.0|519.2|0.0
3110004|303|02|382323|2020|5|10 - SAÚDE|122 - ADMINISTRAÇÃO GERAL|0032 - ASSISTÊNCIA FARMACÊUTCA|2069 - MANUTENÇÃO DA FARMÁCIA BÁSICA||3.3.90.30.09 - 3.3.90.30.09|102 - RECEITAS DE IMPOSTOS E DE TRANSFERÊNCIAS DE IMPOSTOS VINCULADOS À SAÚDE|NÃO SE APLICA|1797|20200406|0.0|0.0|0.0|3168.3|0.0|3168.3|0.0|0.0|0.0|0.0|-3168.3
3110004|303|02|382323|2020|2|10 - SAÚDE|302 - ASSISTÊNCIA HOSPITALAR E AMBULATORIAL|0113 - CONSÓRCIO INTERMUNICIPAL ALIANÇA PELA SAÚDE|2394 - MANUTENÇÃO DAS AÇÕES DO CONSÓRCIO||3.3.71.70.00 - 3.3.71.70.00|102 - RECEITAS DE IMPOSTOS E DE TRANSFERÊNCIAS DE IMPOSTOS VINCULADOS À SAÚDE|NÃO SE APLICA|841|20200213|3000.0|0.0|0.0|0.0|0.0|0.0|0.0|0.0|0.0|0.0|3000.0
3110004|303|02|382323|2020|1|10 - SAÚDE|302 - ASSISTÊNCIA HOSPITALAR E AMBULATORIAL|0028 - CENTRO DE ESPECIALIDADES EM SAÚDE|2059 - MANUTENÇÃO DO CENTRO ESPECIALIDADES EM SAÚDE||3.1.90.13.03 - 3.1.90.13.03|102 - RECEITAS DE IMPOSTOS E DE TRANSFERÊNCIAS DE IMPOSTOS VINCULADOS À SAÚDE|NÃO SE APLICA|540|20200130|13557.94|0.0|0.0|13557.94|0.0|97.24|0.0|0.0|0.0|13460.7|0.0
3110004|303|02|382323|2020|2|10 - SAÚDE|302 - ASSISTÊNCIA HOSPITALAR E AMBULATORIAL|0048 - URGÊNCIA E EMERGÊNCIA|2403 - MANUTENÇÃO DO SAMU||3.3.90.14.05 - 3.3.90.14.05|102 - RECEITAS DE IMPOSTOS E DE TRANSFERÊNCIAS DE IMPOSTOS VINCULADOS À SAÚDE|NÃO SE APLICA|950|20200221|23.6|0.0|0.0|23.6|0.0|0.0|0.0|0.0|0.0|23.6|0.0
3110004|303|02|382334|2020|8|10 - SAÚDE|122 - ADMINISTRAÇÃO GERAL|0047 - MANUTENÇÃO DO SERVIÇO DE TRANSPORTE DE PACIENTES|2110 - MANUTENÇÃO DO SETOR DE TRANSPORTE||3.1.90.11.05 - 3.1.90.11.05|102 - RECEITAS DE IMPOSTOS E DE TRANSFERÊNCIAS DE IMPOSTOS VINCULADOS À SAÚDE|NÃO SE APLICA|4020|20200828|6123.58|0.0|0.0|6123.58|0.0|6123.58|0.0|0.0|0.0|0.0|0.0
3110004|303|02|382334|2020|8|10 - SAÚDE|122 - ADMINISTRAÇÃO GERAL|0047 - MANUTENÇÃO DO SERVIÇO DE TRANSPORTE DE PACIENTES|2110 - MANUTENÇÃO DO SETOR DE TRANSPORTE||3.1.90.04.99 - 3.1.90.04.99|102 - RECEITAS DE IMPOSTOS E DE TRANSFERÊNCIAS DE IMPOSTOS VINCULADOS À SAÚDE|NÃO SE APLICA|4019|20200828|8883.51|0.0|0.0|8883.51|0.0|8883.51|0.0|0.0|0.0|0.0|0.0
3110004|303|02|382334|2020|3|10 - SAÚDE|122 - ADMINISTRAÇÃO GERAL|0047 - MANUTENÇÃO DO SERVIÇO DE TRANSPORTE DE PACIENTES|2110 - MANUTENÇÃO DO SETOR DE TRANSPORTE||3.3.90.14.05 - 3.3.90.14.05|102 - RECEITAS DE IMPOSTOS E DE TRANSFERÊNCIAS DE IMPOSTOS VINCULADOS À SAÚDE|NÃO SE APLICA|1383|20200313|1416.0|0.0|0.0|1416.0|0.0|0.0|0.0|0.0|0.0|1416.0|0.0
3110004|303|02|382334|2020|12|10 - SAÚDE|122 - ADMINISTRAÇÃO GERAL|0047 - MANUTENÇÃO DO SERVIÇO DE TRANSPORTE DE PACIENTES|2110 - MANUTENÇÃO DO SETOR DE TRANSPORTE||3.3.90.14.05 - 3.3.90.14.05|102 - RECEITAS DE IMPOSTOS E DE TRANSFERÊNCIAS DE IMPOSTOS VINCULADOS À SAÚDE|NÃO SE APLICA|5643|20201127|0.0|0.0|0.0|0.0|0.0|259.6|0.0|0.0|0.0|-259.6|0.0
3110004|303|02|382334|2020|10|10 - SAÚDE|122 - ADMINISTRAÇÃO GERAL|0047 - MANUTENÇÃO DO SERVIÇO DE TRANSPORTE DE PACIENTES|2110 - MANUTENÇÃO DO SETOR DE TRANSPORTE||3.1.90.04.99 - 3.1.90.04.99|102 - RECEITAS DE IMPOSTOS E DE TRANSFERÊNCIAS DE IMPOSTOS VINCULADOS À SAÚDE|NÃO SE APLICA|5044|20201029|11097.02|0.0|0.0|11097.02|0.0|11097.02|0.0|0.0|0.0|0.0|0.0
3110004|303|02|382323|2020|11|10 - SAÚDE|302 - ASSISTÊNCIA HOSPITALAR E AMBULATORIAL|0028 - CENTRO DE ESPECIALIDADES EM SAÚDE|2059 - MANUTENÇÃO DO CENTRO ESPECIALIDADES EM SAÚDE||3.3.90.39.36 - 3.3.90.39.36|102 - RECEITAS DE IMPOSTOS E DE TRANSFERÊNCIAS DE IMPOSTOS VINCULADOS À SAÚDE|NÃO SE APLICA|4248|20200902|0.0|0.0|0.0|2600.0|0.0|2600.0|0.0|0.0|0.0|0.0|-2600.0
3110004|303|02|382334|2020|3|10 - SAÚDE|122 - ADMINISTRAÇÃO GERAL|0047 - MANUTENÇÃO DO SERVIÇO DE TRANSPORTE DE PACIENTES|2110 - MANUTENÇÃO DO SETOR DE TRANSPORTE||3.3.90.14.05 - 3.3.90.14.05|102 - RECEITAS DE IMPOSTOS E DE TRANSFERÊNCIAS DE IMPOSTOS VINCULADOS À SAÚDE|NÃO SE APLICA|1380|20200313|1180.0|0.0|0.0|1180.0|0.0|1180.0|0.0|0.0|0.0|0.0|0.0
3110004|303|02|382334|2020|11|10 - SAÚDE|122 - ADMINISTRAÇÃO GERAL|0047 - MANUTENÇÃO DO SERVIÇO DE TRANSPORTE DE PACIENTES|2110 - MANUTENÇÃO DO SETOR DE TRANSPORTE||3.3.90.39.99 - 3.3.90.39.99|102 - RECEITAS DE IMPOSTOS E DE TRANSFERÊNCIAS DE IMPOSTOS VINCULADOS À SAÚDE|NÃO SE APLICA|5675|20201130|60000.0|0.0|0.0|0.0|0.0|0.0|0.0|0.0|0.0|0.0|60000.0
3110004|303|02|382323|2020|4|10 - SAÚDE|302 - ASSISTÊNCIA HOSPITALAR E AMBULATORIAL|0048 - URGÊNCIA E EMERGÊNCIA|2403 - MANUTENÇÃO DO SAMU||3.1.90.13.01 - 3.1.90.13.01|102 - RECEITAS DE IMPOSTOS E DE TRANSFERÊNCIAS DE IMPOSTOS VINCULADOS À SAÚDE|NÃO SE APLICA|2167|20200429|2044.61|0.0|0.0|2044.61|0.0|0.0|0.0|0.0|0.0|2044.61|0.0
3110004|303|02|382334|2020|5|10 - SAÚDE|122 - ADMINISTRAÇÃO GERAL|0040 - GESTÃO DA SECRETARIA DE SAÚDE|2089 - MANUTENÇÃO DA SECRETARIA DE SAÚDE||3.3.90.49.00 - 3.3.90.49.00|102 - RECEITAS DE IMPOSTOS E DE TRANSFERÊNCIAS DE IMPOSTOS VINCULADOS À SAÚDE|NÃO SE APLICA|257|20200124|0.0|0.0|0.0|3991.5|0.0|3991.5|0.0|0.0|0.0|0.0|-3991.5
3110004|303|02|382323|2020|9|10 - SAÚDE|302 - ASSISTÊNCIA HOSPITALAR E AMBULATORIAL|0043 - SAÚDE BUCAL|2099 - MANUTENÇÃO DO SETOR DE SAÚDE BUCAL||3.1.90.13.01 - 3.1.90.13.01|102 - RECEITAS DE IMPOSTOS E DE TRANSFERÊNCIAS DE IMPOSTOS VINCULADOS À SAÚDE|NÃO SE APLICA|4713|20200930|1253.25|0.0|0.0|1253.25|0.0|0.0|0.0|0.0|0.0|1253.25|0.0
3110004|303|02|382334|2020|11|10 - SAÚDE|122 - ADMINISTRAÇÃO GERAL|0040 - GESTÃO DA SECRETARIA DE SAÚDE|2089 - MANUTENÇÃO DA SECRETARIA DE SAÚDE||3.1.90.13.03 - 3.1.90.13.03|102 - RECEITAS DE IMPOSTOS E DE TRANSFERÊNCIAS DE IMPOSTOS VINCULADOS À SAÚDE|NÃO SE APLICA|5160|20201029|0.0|0.0|0.0|0.0|0.0|6351.26|0.0|0.0|0.0|-6351.26|0.0
3110004|303|02|382334|2020|6|10 - SAÚDE|122 - ADMINISTRAÇÃO GERAL|0040 - GESTÃO DA SECRETARIA DE SAÚDE|2089 - MANUTENÇÃO DA SECRETARIA DE SAÚDE||3.1.90.13.03 - 3.1.90.13.03|102 - RECEITAS DE IMPOSTOS E DE TRANSFERÊNCIAS DE IMPOSTOS VINCULADOS À SAÚDE|NÃO SE APLICA|2623|20200529|0.0|0.0|0.0|0.0|0.0|5398.84|0.0|0.0|0.0|-5398.84|0.0
3110004|303|02|382334|2020|8|10 - SAÚDE|122 - ADMINISTRAÇÃO GERAL|0047 - MANUTENÇÃO DO SERVIÇO DE TRANSPORTE DE PACIENTES|2110 - MANUTENÇÃO DO SETOR DE TRANSPORTE||3.3.90.14.05 - 3.3.90.14.05|102 - RECEITAS DE IMPOSTOS E DE TRANSFERÊNCIAS DE IMPOSTOS VINCULADOS À SAÚDE|NÃO SE APLICA|3441|20200727|0.0|0.0|0.0|0.0|0.0|944.0|0.0|0.0|0.0|-944.0|0.0
3110004|303|02|382323|2020|10|10 - SAÚDE|122 - ADMINISTRAÇÃO GERAL|0032 - ASSISTÊNCIA FARMACÊUTCA|2069 - MANUTENÇÃO DA FARMÁCIA BÁSICA||3.3.90.30.09 - 3.3.90.30.09|102 - RECEITAS DE IMPOSTOS E DE TRANSFERÊNCIAS DE IMPOSTOS VINCULADOS À SAÚDE|NÃO SE APLICA|2221|20200506|0.0|0.0|0.0|2054.06|0.0|2054.06|0.0|0.0|0.0|0.0|-2054.06
3110004|303|02|382334|2020|5|10 - SAÚDE|122 - ADMINISTRAÇÃO GERAL|0040 - GESTÃO DA SECRETARIA DE SAÚDE|2089 - MANUTENÇÃO DA SECRETARIA DE SAÚDE||3.3.90.14.05 - 3.3.90.14.05|102 - RECEITAS DE IMPOSTOS E DE TRANSFERÊNCIAS DE IMPOSTOS VINCULADOS À SAÚDE|NÃO SE APLICA|2395|20200520|259.6|0.0|0.0|259.6|0.0|259.6|0.0|0.0|0.0|0.0|0.0
3110004|303|02|382334|2020|8|10 - SAÚDE|122 - ADMINISTRAÇÃO GERAL|0047 - MANUTENÇÃO DO SERVIÇO DE TRANSPORTE DE PACIENTES|2110 - MANUTENÇÃO DO SETOR DE TRANSPORTE||3.3.90.14.05 - 3.3.90.14.05|102 - RECEITAS DE IMPOSTOS E DE TRANSFERÊNCIAS DE IMPOSTOS VINCULADOS À SAÚDE|NÃO SE APLICA|3905|20200821|212.4|0.0|0.0|212.4|0.0|212.4|0.0|0.0|0.0|0.0|0.0
3110004|303|02|382334|2020|8|10 - SAÚDE|122 - ADMINISTRAÇÃO GERAL|0047 - MANUTENÇÃO DO SERVIÇO DE TRANSPORTE DE PACIENTES|2110 - MANUTENÇÃO DO SETOR DE TRANSPORTE||3.3.90.14.05 - 3.3.90.14.05|102 - RECEITAS DE IMPOSTOS E DE TRANSFERÊNCIAS DE IMPOSTOS VINCULADOS À SAÚDE|NÃO SE APLICA|3466|20200731|0.0|0.0|0.0|0.0|0.0|944.0|0.0|0.0|0.0|-944.0|0.0
3110004|303|02|382334|2020|4|10 - SAÚDE|122 - ADMINISTRAÇÃO GERAL|0047 - MANUTENÇÃO DO SERVIÇO DE TRANSPORTE DE PACIENTES|2110 - MANUTENÇÃO DO SETOR DE TRANSPORTE||3.3.90.39.16 - 3.3.90.39.16|102 - RECEITAS DE IMPOSTOS E DE TRANSFERÊNCIAS DE IMPOSTOS VINCULADOS À SAÚDE|NÃO SE APLICA|1927|20200422|193.36|0.0|0.0|193.36|0.0|193.36|0.0|0.0|0.0|0.0|0.0
3110004|303|02|382323|2020|9|10 - SAÚDE|302 - ASSISTÊNCIA HOSPITALAR E AMBULATORIAL|0080 - SAÚDE MENTAL|2104 - MANUTENÇÃO DO SETOR DE SAÚDE MENTAL||3.1.90.13.01 - 3.1.90.13.01|102 - RECEITAS DE IMPOSTOS E DE TRANSFERÊNCIAS DE IMPOSTOS VINCULADOS À SAÚDE|NÃO SE APLICA|4170|20200828|0.0|0.0|0.0|0.0|0.0|1708.97|0.0|0.0|0.0|-1708.97|0.0
3110004|303|02|382334|2020|11|10 - SAÚDE|122 - ADMINISTRAÇÃO GERAL|0047 - MANUTENÇÃO DO SERVIÇO DE TRANSPORTE DE PACIENTES|2110 - MANUTENÇÃO DO SETOR DE TRANSPORTE||3.3.90.14.05 - 3.3.90.14.05|102 - RECEITAS DE IMPOSTOS E DE TRANSFERÊNCIAS DE IMPOSTOS VINCULADOS À SAÚDE|NÃO SE APLICA|5243|20201104|708.0|0.0|0.0|708.0|0.0|708.0|0.0|0.0|0.0|0.0|0.0
3110004|303|02|382334|2020|3|10 - SAÚDE|122 - ADMINISTRAÇÃO GERAL|0040 - GESTÃO DA SECRETARIA DE SAÚDE|2089 - MANUTENÇÃO DA SECRETARIA DE SAÚDE||3.3.90.49.00 - 3.3.90.49.00|102 - RECEITAS DE IMPOSTOS E DE TRANSFERÊNCIAS DE IMPOSTOS VINCULADOS À SAÚDE|NÃO SE APLICA|258|20200124|0.0|0.0|0.0|383.4|0.0|383.4|0.0|0.0|0.0|0.0|-383.4
3110004|303|02|382334|2020|2|10 - SAÚDE|122 - ADMINISTRAÇÃO GERAL|0040 - GESTÃO DA SECRETARIA DE SAÚDE|2089 - MANUTENÇÃO DA SECRETARIA DE SAÚDE||3.3.90.49.00 - 3.3.90.49.00|102 - RECEITAS DE IMPOSTOS E DE TRANSFERÊNCIAS DE IMPOSTOS VINCULADOS À SAÚDE|NÃO SE APLICA|257|20200124|0.0|0.0|0.0|5034.5|0.0|5034.5|0.0|0.0|0.0|0.0|-5034.5
3110004|303|02|382334|2020|11|10 - SAÚDE|122 - ADMINISTRAÇÃO GERAL|0047 - MANUTENÇÃO DO SERVIÇO DE TRANSPORTE DE PACIENTES|2110 - MANUTENÇÃO DO SETOR DE TRANSPORTE||3.3.90.14.05 - 3.3.90.14.05|102 - RECEITAS DE IMPOSTOS E DE TRANSFERÊNCIAS DE IMPOSTOS VINCULADOS À SAÚDE|NÃO SE APLICA|5631|20201127|212.4|0.0|0.0|212.4|0.0|0.0|0.0|0.0|0.0|212.4|0.0
3110004|303|02|382323|2020|9|10 - SAÚDE|302 - ASSISTÊNCIA HOSPITALAR E AMBULATORIAL|0039 - GESTÃO DA FISIOTERAPIA|2086 - MANUTENÇÃO DO SETOR DA FISIOTERAPIA||3.1.90.13.03 - 3.1.90.13.03|102 - RECEITAS DE IMPOSTOS E DE TRANSFERÊNCIAS DE IMPOSTOS VINCULADOS À SAÚDE|NÃO SE APLICA|4165|20200828|0.0|0.0|0.0|0.0|0.0|3863.92|0.0|0.0|0.0|-3863.92|0.0
3110004|303|02|382334|2020|9|10 - SAÚDE|122 - ADMINISTRAÇÃO GERAL|0040 - GESTÃO DA SECRETARIA DE SAÚDE|2089 - MANUTENÇÃO DA SECRETARIA DE SAÚDE||3.3.90.14.05 - 3.3.90.14.05|102 - RECEITAS DE IMPOSTOS E DE TRANSFERÊNCIAS DE IMPOSTOS VINCULADOS À SAÚDE|NÃO SE APLICA|4455|20200928|70.8|0.0|0.0|70.8|0.0|0.0|0.0|0.0|0.0|70.8|0.0
3110004|303|02|382323|2020|10|10 - SAÚDE|122 - ADMINISTRAÇÃO GERAL|0032 - ASSISTÊNCIA FARMACÊUTCA|2069 - MANUTENÇÃO DA FARMÁCIA BÁSICA||3.1.90.13.03 - 3.1.90.13.03|102 - RECEITAS DE IMPOSTOS E DE TRANSFERÊNCIAS DE IMPOSTOS VINCULADOS À SAÚDE|NÃO SE APLICA|4703|20200930|0.0|0.0|0.0|0.0|0.0|2128.83|0.0|0.0|0.0|-2128.83|0.0
3110004|303|02|382334|2020|5|10 - SAÚDE|122 - ADMINISTRAÇÃO GERAL|0047 - MANUTENÇÃO DO SERVIÇO DE TRANSPORTE DE PACIENTES|2110 - MANUTENÇÃO DO SETOR DE TRANSPORTE||3.3.90.14.05 - 3.3.90.14.05|102 - RECEITAS DE IMPOSTOS E DE TRANSFERÊNCIAS DE IMPOSTOS VINCULADOS À SAÚDE|NÃO SE APLICA|2329|20200513|472.0|0.0|0.0|472.0|0.0|472.0|0.0|0.0|0.0|0.0|0.0
3110004|303|02|382334|2020|12|10 - SAÚDE|122 - ADMINISTRAÇÃO GERAL|0040 - GESTÃO DA SECRETARIA DE SAÚDE|2089 - MANUTENÇÃO DA SECRETARIA DE SAÚDE||3.1.90.13.01 - 3.1.90.13.01|102 - RECEITAS DE IMPOSTOS E DE TRANSFERÊNCIAS DE IMPOSTOS VINCULADOS À SAÚDE|NÃO SE APLICA|5574|20201127|0.0|0.0|0.0|0.0|0.0|1841.23|0.0|0.0|0.0|-1841.23|0.0
3110004|303|02|382334|2020|8|10 - SAÚDE|122 - ADMINISTRAÇÃO GERAL|0047 - MANUTENÇÃO DO SERVIÇO DE TRANSPORTE DE PACIENTES|2110 - MANUTENÇÃO DO SETOR DE TRANSPORTE||3.3.90.14.05 - 3.3.90.14.05|102 - RECEITAS DE IMPOSTOS E DE TRANSFERÊNCIAS DE IMPOSTOS VINCULADOS À SAÚDE|NÃO SE APLICA|3447|20200727|0.0|0.0|0.0|0.0|0.0|212.4|0.0|0.0|0.0|-212.4|0.0
3110004|303|02|382323|2020|8|10 - SAÚDE|302 - ASSISTÊNCIA HOSPITALAR E AMBULATORIAL|0113 - CONSÓRCIO INTERMUNICIPAL ALIANÇA PELA SAÚDE|2394 - MANUTENÇÃO DAS AÇÕES DO CONSÓRCIO||3.3.72.39.00 - 3.3.72.39.00|102 - RECEITAS DE IMPOSTOS E DE TRANSFERÊNCIAS DE IMPOSTOS VINCULADOS À SAÚDE|NÃO SE APLICA|250|20200123|0.0|0.0|0.0|34707.14|0.0|34707.14|0.0|0.0|0.0|0.0|-34707.14
3110004|303|02|382334|2020|11|10 - SAÚDE|122 - ADMINISTRAÇÃO GERAL|0047 - MANUTENÇÃO DO SERVIÇO DE TRANSPORTE DE PACIENTES|2110 - MANUTENÇÃO DO SETOR DE TRANSPORTE||3.3.90.14.05 - 3.3.90.14.05|102 - RECEITAS DE IMPOSTOS E DE TRANSFERÊNCIAS DE IMPOSTOS VINCULADOS À SAÚDE|NÃO SE APLICA|5372|20201125|944.0|0.0|0.0|944.0|0.0|944.0|0.0|0.0|0.0|0.0|0.0
3110004|303|02|382323|2020|6|10 - SAÚDE|301 - ATENÇÃO BÁSICA|0029 - ATENÇÃO BÁSICA|2063 - MANUTENÇÃO DA ATENÇÃO BÁSICA||3.1.90.13.03 - 3.1.90.13.03|102 - RECEITAS DE IMPOSTOS E DE TRANSFERÊNCIAS DE IMPOSTOS VINCULADOS À SAÚDE|NÃO SE APLICA|3165|20200630|331.23|0.0|0.0|331.23|0.0|0.0|0.0|0.0|0.0|331.23|0.0
3110004|303|02|382334|2020|10|10 - SAÚDE|122 - ADMINISTRAÇÃO GERAL|0047 - MANUTENÇÃO DO SERVIÇO DE TRANSPORTE DE PACIENTES|2110 - MANUTENÇÃO DO SETOR DE TRANSPORTE||3.3.90.14.05 - 3.3.90.14.05|102 - RECEITAS DE IMPOSTOS E DE TRANSFERÊNCIAS DE IMPOSTOS VINCULADOS À SAÚDE|NÃO SE APLICA|4892|20201023|944.0|0.0|0.0|944.0|0.0|944.0|0.0|0.0|0.0|0.0|0.0
3110004|303|02|382334|2020|8|10 - SAÚDE|122 - ADMINISTRAÇÃO GERAL|0040 - GESTÃO DA SECRETARIA DE SAÚDE|2089 - MANUTENÇÃO DA SECRETARIA DE SAÚDE||3.3.90.49.00 - 3.3.90.49.00|102 - RECEITAS DE IMPOSTOS E DE TRANSFERÊNCIAS DE IMPOSTOS VINCULADOS À SAÚDE|NÃO SE APLICA|257|20200124|0.0|0.0|0.0|4825.1|0.0|4825.1|0.0|0.0|0.0|0.0|-4825.1
3110004|303|02|382334|2020|11|10 - SAÚDE|122 - ADMINISTRAÇÃO GERAL|0040 - GESTÃO DA SECRETARIA DE SAÚDE|2089 - MANUTENÇÃO DA SECRETARIA DE SAÚDE||3.1.90.13.03 - 3.1.90.13.03|102 - RECEITAS DE IMPOSTOS E DE TRANSFERÊNCIAS DE IMPOSTOS VINCULADOS À SAÚDE|NÃO SE APLICA|5575|20201127|6331.75|0.0|0.0|6331.75|0.0|0.0|0.0|0.0|0.0|6331.75|0.0
3110004|303|02|382334|2020|7|10 - SAÚDE|122 - ADMINISTRAÇÃO GERAL|0047 - MANUTENÇÃO DO SERVIÇO DE TRANSPORTE DE PACIENTES|2110 - MANUTENÇÃO DO SETOR DE TRANSPORTE||3.3.90.14.05 - 3.3.90.14.05|102 - RECEITAS DE IMPOSTOS E DE TRANSFERÊNCIAS DE IMPOSTOS VINCULADOS À SAÚDE|NÃO SE APLICA|3446|20200727|1416.0|0.0|0.0|1416.0|0.0|0.0|0.0|0.0|0.0|1416.0|0.0
3110004|303|02|382334|2020|12|10 - SAÚDE|122 - ADMINISTRAÇÃO GERAL|0047 - MANUTENÇÃO DO SERVIÇO DE TRANSPORTE DE PACIENTES|2110 - MANUTENÇÃO DO SETOR DE TRANSPORTE||3.3.90.14.05 - 3.3.90.14.05|102 - RECEITAS DE IMPOSTOS E DE TRANSFERÊNCIAS DE IMPOSTOS VINCULADOS À SAÚDE|NÃO SE APLICA|5627|20201127|0.0|0.0|0.0|0.0|0.0|708.0|0.0|0.0|0.0|-708.0|0.0
3110004|303|02|382323|2020|2|10 - SAÚDE|302 - ASSISTÊNCIA HOSPITALAR E AMBULATORIAL|0039 - GESTÃO DA FISIOTERAPIA|2086 - MANUTENÇÃO DO SETOR DA FISIOTERAPIA||3.1.90.11.11 - 3.1.90.11.11|102 - RECEITAS DE IMPOSTOS E DE TRANSFERÊNCIAS DE IMPOSTOS VINCULADOS À SAÚDE|NÃO SE APLICA|1101|20200221|8092.72|0.0|0.0|8092.72|0.0|8092.72|0.0|0.0|0.0|0.0|0.0
3110004|303|02|382334|2020|12|10 - SAÚDE|122 - ADMINISTRAÇÃO GERAL|0047 - MANUTENÇÃO DO SERVIÇO DE TRANSPORTE DE PACIENTES|2110 - MANUTENÇÃO DO SETOR DE TRANSPORTE||3.3.90.14.05 - 3.3.90.14.05|102 - RECEITAS DE IMPOSTOS E DE TRANSFERÊNCIAS DE IMPOSTOS VINCULADOS À SAÚDE|NÃO SE APLICA|5628|20201127|0.0|0.0|0.0|0.0|0.0|1180.0|0.0|0.0|0.0|-1180.0|0.0
3110004|303|02|382323|2020|7|10 - SAÚDE|302 - ASSISTÊNCIA HOSPITALAR E AMBULATORIAL|0028 - CENTRO DE ESPECIALIDADES EM SAÚDE|2059 - MANUTENÇÃO DO CENTRO ESPECIALIDADES EM SAÚDE||3.3.90.39.36 - 3.3.90.39.36|102 - RECEITAS DE IMPOSTOS E DE TRANSFERÊNCIAS DE IMPOSTOS VINCULADOS À SAÚDE|NÃO SE APLICA|672|20200203|0.0|0.0|0.0|2960.0|0.0|2960.0|0.0|0.0|0.0|0.0|-2960.0
3110004|303|02|382334|2020|3|10 - SAÚDE|122 - ADMINISTRAÇÃO GERAL|0040 - GESTÃO DA SECRETARIA DE SAÚDE|2089 - MANUTENÇÃO DA SECRETARIA DE SAÚDE||3.1.90.16.00 - 3.1.90.16.00|102 - RECEITAS DE IMPOSTOS E DE TRANSFERÊNCIAS DE IMPOSTOS VINCULADOS À SAÚDE|NÃO SE APLICA|1552|20200327|596.18|0.0|0.0|596.18|0.0|596.18|0.0|0.0|0.0|0.0|0.0
3110004|303|02|382334|2020|6|10 - SAÚDE|122 - ADMINISTRAÇÃO GERAL|0047 - MANUTENÇÃO DO SERVIÇO DE TRANSPORTE DE PACIENTES|2110 - MANUTENÇÃO DO SETOR DE TRANSPORTE||3.3.90.14.05 - 3.3.90.14.05|102 - RECEITAS DE IMPOSTOS E DE TRANSFERÊNCIAS DE IMPOSTOS VINCULADOS À SAÚDE|NÃO SE APLICA|2765|20200610|212.4|0.0|0.0|212.4|0.0|212.4|0.0|0.0|0.0|0.0|0.0
3110004|303|02|382323|2020|12|10 - SAÚDE|122 - ADMINISTRAÇÃO GERAL|0042 - SERVIÇO DE REGULAÇÃO EM SAÚDE|2094 - MANUTENÇÃO DA REGULAÇÃO EM SAÚDE||3.3.90.48.00 - 3.3.90.48.00|102 - RECEITAS DE IMPOSTOS E DE TRANSFERÊNCIAS DE IMPOSTOS VINCULADOS À SAÚDE|NÃO SE APLICA|148|20200115|0.0|0.0|915.0|1515.0|0.0|1515.0|0.0|0.0|0.0|0.0|-2430.0
3110004|303|02|382323|2020|9|10 - SAÚDE|122 - ADMINISTRAÇÃO GERAL|0042 - SERVIÇO DE REGULAÇÃO EM SAÚDE|2094 - MANUTENÇÃO DA REGULAÇÃO EM SAÚDE||3.1.90.11.11 - 3.1.90.11.11|102 - RECEITAS DE IMPOSTOS E DE TRANSFERÊNCIAS DE IMPOSTOS VINCULADOS À SAÚDE|NÃO SE APLICA|4589|20200930|11654.92|0.0|0.0|11654.92|0.0|11654.92|0.0|0.0|0.0|0.0|0.0
3110004|303|02|382334|2020|2|10 - SAÚDE|122 - ADMINISTRAÇÃO GERAL|0047 - MANUTENÇÃO DO SERVIÇO DE TRANSPORTE DE PACIENTES|2110 - MANUTENÇÃO DO SETOR DE TRANSPORTE||3.1.90.11.05 - 3.1.90.11.05|102 - RECEITAS DE IMPOSTOS E DE TRANSFERÊNCIAS DE IMPOSTOS VINCULADOS À SAÚDE|NÃO SE APLICA|1066|20200221|7249.55|0.0|0.0|7249.55|0.0|7249.55|0.0|0.0|0.0|0.0|0.0
3110004|303|02|382334|2020|7|10 - SAÚDE|122 - ADMINISTRAÇÃO GERAL|0047 - MANUTENÇÃO DO SERVIÇO DE TRANSPORTE DE PACIENTES|2110 - MANUTENÇÃO DO SETOR DE TRANSPORTE||3.1.90.11.05 - 3.1.90.11.05|102 - RECEITAS DE IMPOSTOS E DE TRANSFERÊNCIAS DE IMPOSTOS VINCULADOS À SAÚDE|NÃO SE APLICA|3539|20200731|7574.34|0.0|0.0|7574.34|0.0|7574.34|0.0|0.0|0.0|0.0|0.0
3110004|303|02|382323|2020|10|10 - SAÚDE|302 - ASSISTÊNCIA HOSPITALAR E AMBULATORIAL|0080 - SAÚDE MENTAL|2104 - MANUTENÇÃO DO SETOR DE SAÚDE MENTAL||3.1.90.13.01 - 3.1.90.13.01|102 - RECEITAS DE IMPOSTOS E DE TRANSFERÊNCIAS DE IMPOSTOS VINCULADOS À SAÚDE|NÃO SE APLICA|4717|20200930|0.0|0.0|0.0|0.0|0.0|1708.97|0.0|0.0|0.0|-1708.97|0.0
3110004|303|02|382334|2020|8|10 - SAÚDE|122 - ADMINISTRAÇÃO GERAL|0047 - MANUTENÇÃO DO SERVIÇO DE TRANSPORTE DE PACIENTES|2110 - MANUTENÇÃO DO SETOR DE TRANSPORTE||3.1.90.13.03 - 3.1.90.13.03|102 - RECEITAS DE IMPOSTOS E DE TRANSFERÊNCIAS DE IMPOSTOS VINCULADOS À SAÚDE|NÃO SE APLICA|3655|20200731|0.0|0.0|0.0|0.0|0.0|16042.71|0.0|0.0|0.0|-16042.71|0.0
3110004|303|02|382323|2020|9|10 - SAÚDE|302 - ASSISTÊNCIA HOSPITALAR E AMBULATORIAL|0039 - GESTÃO DA FISIOTERAPIA|2086 - MANUTENÇÃO DO SETOR DA FISIOTERAPIA||3.1.90.13.03 - 3.1.90.13.03|102 - RECEITAS DE IMPOSTOS E DE TRANSFERÊNCIAS DE IMPOSTOS VINCULADOS À SAÚDE|NÃO SE APLICA|4712|20200930|3863.92|0.0|0.0|3863.92|0.0|1917.39|0.0|0.0|0.0|1946.53|0.0
3110004|303|02|382323|2020|12|10 - SAÚDE|122 - ADMINISTRAÇÃO GERAL|0042 - SERVIÇO DE REGULAÇÃO EM SAÚDE|2094 - MANUTENÇÃO DA REGULAÇÃO EM SAÚDE||3.1.90.13.03 - 3.1.90.13.03|102 - RECEITAS DE IMPOSTOS E DE TRANSFERÊNCIAS DE IMPOSTOS VINCULADOS À SAÚDE|NÃO SE APLICA|5932|20201214|3416.81|0.0|0.0|3416.81|0.0|3416.81|0.0|0.0|0.0|0.0|0.0
3110004|303|02|382334|2020|7|10 - SAÚDE|122 - ADMINISTRAÇÃO GERAL|0040 - GESTÃO DA SECRETARIA DE SAÚDE|2089 - MANUTENÇÃO DA SECRETARIA DE SAÚDE||3.1.90.13.03 - 3.1.90.13.03|102 - RECEITAS DE IMPOSTOS E DE TRANSFERÊNCIAS DE IMPOSTOS VINCULADOS À SAÚDE|NÃO SE APLICA|3140|20200630|0.0|0.0|0.0|0.0|0.0|5215.4|0.0|0.0|0.0|-5215.4|0.0
3110004|303|02|382323|2020|6|10 - SAÚDE|302 - ASSISTÊNCIA HOSPITALAR E AMBULATORIAL|0048 - URGÊNCIA E EMERGÊNCIA|2403 - MANUTENÇÃO DO SAMU||3.3.90.14.05 - 3.3.90.14.05|102 - RECEITAS DE IMPOSTOS E DE TRANSFERÊNCIAS DE IMPOSTOS VINCULADOS À SAÚDE|NÃO SE APLICA|2374|20200519|0.0|0.0|0.0|0.0|0.0|118.0|0.0|0.0|0.0|-118.0|0.0
3110004|303|02|382334|2020|10|10 - SAÚDE|122 - ADMINISTRAÇÃO GERAL|0047 - MANUTENÇÃO DO SERVIÇO DE TRANSPORTE DE PACIENTES|2110 - MANUTENÇÃO DO SETOR DE TRANSPORTE||3.3.90.39.46 - 3.3.90.39.46|102 - RECEITAS DE IMPOSTOS E DE TRANSFERÊNCIAS DE IMPOSTOS VINCULADOS À SAÚDE|NÃO SE APLICA|898|20200218|0.0|0.0|0.0|0.0|0.0|22162.5|0.0|0.0|0.0|-22162.5|0.0
3110004|303|02|382323|2020|12|10 - SAÚDE|302 - ASSISTÊNCIA HOSPITALAR E AMBULATORIAL|0028 - CENTRO DE ESPECIALIDADES EM SAÚDE|2059 - MANUTENÇÃO DO CENTRO ESPECIALIDADES EM SAÚDE||3.3.90.39.36 - 3.3.90.39.36|102 - RECEITAS DE IMPOSTOS E DE TRANSFERÊNCIAS DE IMPOSTOS VINCULADOS À SAÚDE|NÃO SE APLICA|4822|20201014|0.0|0.0|0.0|3950.0|0.0|3950.0|0.0|0.0|0.0|0.0|-3950.0
3110004|303|02|382334|2020|12|10 - SAÚDE|122 - ADMINISTRAÇÃO GERAL|0047 - MANUTENÇÃO DO SERVIÇO DE TRANSPORTE DE PACIENTES|2110 - MANUTENÇÃO DO SETOR DE TRANSPORTE||3.3.90.14.05 - 3.3.90.14.05|102 - RECEITAS DE IMPOSTOS E DE TRANSFERÊNCIAS DE IMPOSTOS VINCULADOS À SAÚDE|NÃO SE APLICA|5640|20201127|0.0|0.0|0.0|0.0|0.0|306.8|0.0|0.0|0.0|-306.8|0.0
3110004|303|02|382334|2020|1|10 - SAÚDE|122 - ADMINISTRAÇÃO GERAL|0047 - MANUTENÇÃO DO SERVIÇO DE TRANSPORTE DE PACIENTES|2110 - MANUTENÇÃO DO SETOR DE TRANSPORTE||3.3.90.39.53 - 3.3.90.39.53|102 - RECEITAS DE IMPOSTOS E DE TRANSFERÊNCIAS DE IMPOSTOS VINCULADOS À SAÚDE|NÃO SE APLICA|296|20200124|222.9|0.0|0.0|222.9|0.0|0.0|0.0|0.0|0.0|222.9|0.0
3110004|303|02|382334|2020|2|10 - SAÚDE|122 - ADMINISTRAÇÃO GERAL|0040 - GESTÃO DA SECRETARIA DE SAÚDE|2089 - MANUTENÇÃO DA SECRETARIA DE SAÚDE||3.3.90.30.19 - 3.3.90.30.19|102 - RECEITAS DE IMPOSTOS E DE TRANSFERÊNCIAS DE IMPOSTOS VINCULADOS À SAÚDE|NÃO SE APLICA|959|20200221|2644.8|0.0|0.0|0.0|0.0|0.0|0.0|0.0|0.0|0.0|2644.8
3110004|303|02|382334|2020|3|10 - SAÚDE|122 - ADMINISTRAÇÃO GERAL|0040 - GESTÃO DA SECRETARIA DE SAÚDE|2089 - MANUTENÇÃO DA SECRETARIA DE SAÚDE||3.1.90.11.09 - 3.1.90.11.09|102 - RECEITAS DE IMPOSTOS E DE TRANSFERÊNCIAS DE IMPOSTOS VINCULADOS À SAÚDE|NÃO SE APLICA|1550|20200327|6375.12|0.0|0.0|6375.12|0.0|6375.12|0.0|0.0|0.0|0.0|0.0
3110004|303|02|382323|2020|2|10 - SAÚDE|122 - ADMINISTRAÇÃO GERAL|0042 - SERVIÇO DE REGULAÇÃO EM SAÚDE|2094 - MANUTENÇÃO DA REGULAÇÃO EM SAÚDE||3.3.90.14.05 - 3.3.90.14.05|102 - RECEITAS DE IMPOSTOS E DE TRANSFERÊNCIAS DE IMPOSTOS VINCULADOS À SAÚDE|NÃO SE APLICA|869|20200218|94.4|0.0|0.0|94.4|0.0|94.4|0.0|0.0|0.0|0.0|0.0
3110004|303|02|382334|2020|7|10 - SAÚDE|122 - ADMINISTRAÇÃO GERAL|0047 - MANUTENÇÃO DO SERVIÇO DE TRANSPORTE DE PACIENTES|2110 - MANUTENÇÃO DO SETOR DE TRANSPORTE||3.3.90.14.05 - 3.3.90.14.05|102 - RECEITAS DE IMPOSTOS E DE TRANSFERÊNCIAS DE IMPOSTOS VINCULADOS À SAÚDE|NÃO SE APLICA|3244|20200706|708.0|0.0|0.0|708.0|0.0|708.0|0.0|0.0|0.0|0.0|0.0
3110004|303|02|382334|2020|10|10 - SAÚDE|122 - ADMINISTRAÇÃO GERAL|0047 - MANUTENÇÃO DO SERVIÇO DE TRANSPORTE DE PACIENTES|2110 - MANUTENÇÃO DO SETOR DE TRANSPORTE||3.3.90.14.05 - 3.3.90.14.05|102 - RECEITAS DE IMPOSTOS E DE TRANSFERÊNCIAS DE IMPOSTOS VINCULADOS À SAÚDE|NÃO SE APLICA|5210|20201029|23.6|0.0|0.0|23.6|0.0|0.0|0.0|0.0|0.0|23.6|0.0
3110004|303|02|382334|2020|3|10 - SAÚDE|122 - ADMINISTRAÇÃO GERAL|0047 - MANUTENÇÃO DO SERVIÇO DE TRANSPORTE DE PACIENTES|2110 - MANUTENÇÃO DO SETOR DE TRANSPORTE||3.1.90.13.01 - 3.1.90.13.01|102 - RECEITAS DE IMPOSTOS E DE TRANSFERÊNCIAS DE IMPOSTOS VINCULADOS À SAÚDE|NÃO SE APLICA|1657|20200327|3778.57|0.0|0.0|3778.57|0.0|0.0|0.0|0.0|0.0|3778.57|0.0
3110004|303|02|382334|2020|6|10 - SAÚDE|122 - ADMINISTRAÇÃO GERAL|0047 - MANUTENÇÃO DO SERVIÇO DE TRANSPORTE DE PACIENTES|2110 - MANUTENÇÃO DO SETOR DE TRANSPORTE||3.3.90.14.05 - 3.3.90.14.05|102 - RECEITAS DE IMPOSTOS E DE TRANSFERÊNCIAS DE IMPOSTOS VINCULADOS À SAÚDE|NÃO SE APLICA|2327|20200513|0.0|0.0|0.0|0.0|0.0|1416.0|0.0|0.0|0.0|-1416.0|0.0
3110004|303|02|382334|2020|4|10 - SAÚDE|122 - ADMINISTRAÇÃO GERAL|0047 - MANUTENÇÃO DO SERVIÇO DE TRANSPORTE DE PACIENTES|2110 - MANUTENÇÃO DO SETOR DE TRANSPORTE||3.3.90.14.05 - 3.3.90.14.05|102 - RECEITAS DE IMPOSTOS E DE TRANSFERÊNCIAS DE IMPOSTOS VINCULADOS À SAÚDE|NÃO SE APLICA|1896|20200417|944.0|0.0|0.0|944.0|0.0|944.0|0.0|0.0|0.0|0.0|0.0
3110004|303|02|382334|2020|8|10 - SAÚDE|122 - ADMINISTRAÇÃO GERAL|0047 - MANUTENÇÃO DO SERVIÇO DE TRANSPORTE DE PACIENTES|2110 - MANUTENÇÃO DO SETOR DE TRANSPORTE||3.3.90.14.05 - 3.3.90.14.05|102 - RECEITAS DE IMPOSTOS E DE TRANSFERÊNCIAS DE IMPOSTOS VINCULADOS À SAÚDE|NÃO SE APLICA|3443|20200727|0.0|0.0|0.0|0.0|0.0|944.0|0.0|0.0|0.0|-944.0|0.0
3110004|303|02|382323|2020|12|10 - SAÚDE|302 - ASSISTÊNCIA HOSPITALAR E AMBULATORIAL|0043 - SAÚDE BUCAL|2099 - MANUTENÇÃO DO SETOR DE SAÚDE BUCAL||3.1.90.13.03 - 3.1.90.13.03|102 - RECEITAS DE IMPOSTOS E DE TRANSFERÊNCIAS DE IMPOSTOS VINCULADOS À SAÚDE|NÃO SE APLICA|6321|20201228|3138.77|0.0|0.0|3138.77|0.0|3138.77|0.0|0.0|0.0|0.0|0.0
3110004|303|02|382334|2020|2|10 - SAÚDE|122 - ADMINISTRAÇÃO GERAL|0040 - GESTÃO DA SECRETARIA DE SAÚDE|2089 - MANUTENÇÃO DA SECRETARIA DE SAÚDE||3.1.90.13.01 - 3.1.90.13.01|102 - RECEITAS DE IMPOSTOS E DE TRANSFERÊNCIAS DE IMPOSTOS VINCULADOS À SAÚDE|NÃO SE APLICA|507|20200130|0.0|0.0|0.0|0.0|0.0|1860.59|0.0|0.0|0.0|-1860.59|0.0
3110004|303|02|382334|2020|12|10 - SAÚDE|122 - ADMINISTRAÇÃO GERAL|0047 - MANUTENÇÃO DO SERVIÇO DE TRANSPORTE DE PACIENTES|2110 - MANUTENÇÃO DO SETOR DE TRANSPORTE||3.3.90.30.37 - 3.3.90.30.37|102 - RECEITAS DE IMPOSTOS E DE TRANSFERÊNCIAS DE IMPOSTOS VINCULADOS À SAÚDE|NÃO SE APLICA|6070|20201218|704.0|0.0|0.0|704.0|0.0|704.0|0.0|0.0|0.0|0.0|0.0
3110004|303|02|382334|2020|1|10 - SAÚDE|122 - ADMINISTRAÇÃO GERAL|0040 - GESTÃO DA SECRETARIA DE SAÚDE|2089 - MANUTENÇÃO DA SECRETARIA DE SAÚDE||3.3.90.49.00 - 3.3.90.49.00|102 - RECEITAS DE IMPOSTOS E DE TRANSFERÊNCIAS DE IMPOSTOS VINCULADOS À SAÚDE|NÃO SE APLICA|257|20200124|65891.85|0.0|0.0|4213.6|0.0|4213.6|0.0|0.0|0.0|0.0|61678.25
3110004|303|02|382323|2020|10|10 - SAÚDE|122 - ADMINISTRAÇÃO GERAL|0032 - ASSISTÊNCIA FARMACÊUTCA|2069 - MANUTENÇÃO DA FARMÁCIA BÁSICA||3.1.90.13.01 - 3.1.90.13.01|102 - RECEITAS DE IMPOSTOS E DE TRANSFERÊNCIAS DE IMPOSTOS VINCULADOS À SAÚDE|NÃO SE APLICA|5182|20201029|723.33|0.0|0.0|723.33|0.0|0.0|0.0|0.0|0.0|723.33|0.0
3110004|303|02|382334|2020|8|10 - SAÚDE|122 - ADMINISTRAÇÃO GERAL|0047 - MANUTENÇÃO DO SERVIÇO DE TRANSPORTE DE PACIENTES|2110 - MANUTENÇÃO DO SETOR DE TRANSPORTE||3.3.90.14.05 - 3.3.90.14.05|102 - RECEITAS DE IMPOSTOS E DE TRANSFERÊNCIAS DE IMPOSTOS VINCULADOS À SAÚDE|NÃO SE APLICA|3915|20200821|1180.0|0.0|0.0|1180.0|0.0|0.0|0.0|0.0|0.0|1180.0|0.0
3110004|303|02|382323|2020|12|10 - SAÚDE|302 - ASSISTÊNCIA HOSPITALAR E AMBULATORIAL|0080 - SAÚDE MENTAL|2104 - MANUTENÇÃO DO SETOR DE SAÚDE MENTAL||3.1.90.13.01 - 3.1.90.13.01|102 - RECEITAS DE IMPOSTOS E DE TRANSFERÊNCIAS DE IMPOSTOS VINCULADOS À SAÚDE|NÃO SE APLICA|5611|20201127|0.0|0.0|0.0|0.0|0.0|1701.13|0.0|0.0|0.0|-1701.13|0.0
3110004|303|02|382334|2020|8|10 - SAÚDE|122 - ADMINISTRAÇÃO GERAL|0040 - GESTÃO DA SECRETARIA DE SAÚDE|2089 - MANUTENÇÃO DA SECRETARIA DE SAÚDE||3.3.90.49.00 - 3.3.90.49.00|102 - RECEITAS DE IMPOSTOS E DE TRANSFERÊNCIAS DE IMPOSTOS VINCULADOS À SAÚDE|NÃO SE APLICA|258|20200124|0.0|0.0|0.0|436.5|0.0|436.5|0.0|0.0|0.0|0.0|-436.5
3110004|303|02|382334|2020|6|10 - SAÚDE|122 - ADMINISTRAÇÃO GERAL|0040 - GESTÃO DA SECRETARIA DE SAÚDE|2089 - MANUTENÇÃO DA SECRETARIA DE SAÚDE||3.1.90.11.09 - 3.1.90.11.09|102 - RECEITAS DE IMPOSTOS E DE TRANSFERÊNCIAS DE IMPOSTOS VINCULADOS À SAÚDE|NÃO SE APLICA|3023|20200630|6660.72|0.0|0.0|6660.72|0.0|6660.72|0.0|0.0|0.0|0.0|0.0
3110004|303|02|382323|2020|6|10 - SAÚDE|122 - ADMINISTRAÇÃO GERAL|0032 - ASSISTÊNCIA FARMACÊUTCA|2069 - MANUTENÇÃO DA FARMÁCIA BÁSICA||3.3.90.30.09 - 3.3.90.30.09|102 - RECEITAS DE IMPOSTOS E DE TRANSFERÊNCIAS DE IMPOSTOS VINCULADOS À SAÚDE|NÃO SE APLICA|2215|20200506|0.0|0.0|0.0|4583.72|0.0|4583.72|0.0|0.0|0.0|0.0|-4583.72
3110004|303|02|382334|2020|1|10 - SAÚDE|122 - ADMINISTRAÇÃO GERAL|0047 - MANUTENÇÃO DO SERVIÇO DE TRANSPORTE DE PACIENTES|2110 - MANUTENÇÃO DO SETOR DE TRANSPORTE||3.1.90.11.11 - 3.1.90.11.11|102 - RECEITAS DE IMPOSTOS E DE TRANSFERÊNCIAS DE IMPOSTOS VINCULADOS À SAÚDE|NÃO SE APLICA|404|20200130|31973.05|0.0|0.0|31973.05|0.0|31973.05|0.0|0.0|0.0|0.0|0.0
3110004|303|02|382323|2020|7|10 - SAÚDE|122 - ADMINISTRAÇÃO GERAL|0032 - ASSISTÊNCIA FARMACÊUTCA|2069 - MANUTENÇÃO DA FARMÁCIA BÁSICA||3.3.90.30.09 - 3.3.90.30.09|102 - RECEITAS DE IMPOSTOS E DE TRANSFERÊNCIAS DE IMPOSTOS VINCULADOS À SAÚDE|NÃO SE APLICA|2772|20200610|0.0|0.0|0.0|22073.24|0.0|22073.24|0.0|0.0|0.0|0.0|-22073.24
3110004|303|02|382334|2020|9|10 - SAÚDE|122 - ADMINISTRAÇÃO GERAL|0047 - MANUTENÇÃO DO SERVIÇO DE TRANSPORTE DE PACIENTES|2110 - MANUTENÇÃO DO SETOR DE TRANSPORTE||3.1.90.04.99 - 3.1.90.04.99|102 - RECEITAS DE IMPOSTOS E DE TRANSFERÊNCIAS DE IMPOSTOS VINCULADOS À SAÚDE|NÃO SE APLICA|4565|20200930|11378.47|0.0|0.0|11378.47|0.0|11378.47|0.0|0.0|0.0|0.0|0.0
3110004|303|02|382334|2020|2|10 - SAÚDE|122 - ADMINISTRAÇÃO GERAL|0047 - MANUTENÇÃO DO SERVIÇO DE TRANSPORTE DE PACIENTES|2110 - MANUTENÇÃO DO SETOR DE TRANSPORTE||3.3.90.14.05 - 3.3.90.14.05|102 - RECEITAS DE IMPOSTOS E DE TRANSFERÊNCIAS DE IMPOSTOS VINCULADOS À SAÚDE|NÃO SE APLICA|775|20200211|1180.0|0.0|0.0|1180.0|0.0|1180.0|0.0|0.0|0.0|0.0|0.0
3110004|303|02|382323|2020|8|10 - SAÚDE|122 - ADMINISTRAÇÃO GERAL|0032 - ASSISTÊNCIA FARMACÊUTCA|2069 - MANUTENÇÃO DA FARMÁCIA BÁSICA||3.1.90.13.03 - 3.1.90.13.03|102 - RECEITAS DE IMPOSTOS E DE TRANSFERÊNCIAS DE IMPOSTOS VINCULADOS À SAÚDE|NÃO SE APLICA|3673|20200731|0.0|0.0|0.0|0.0|0.0|2128.83|0.0|0.0|0.0|-2128.83|0.0
3110004|303|02|382334|2020|5|10 - SAÚDE|122 - ADMINISTRAÇÃO GERAL|0047 - MANUTENÇÃO DO SERVIÇO DE TRANSPORTE DE PACIENTES|2110 - MANUTENÇÃO DO SETOR DE TRANSPORTE||3.3.90.14.05 - 3.3.90.14.05|102 - RECEITAS DE IMPOSTOS E DE TRANSFERÊNCIAS DE IMPOSTOS VINCULADOS À SAÚDE|NÃO SE APLICA|1893|20200417|0.0|0.0|448.4|0.0|448.4|0.0|448.4|0.0|0.0|0.0|0.0
3110004|303|02|382334|2020|4|10 - SAÚDE|122 - ADMINISTRAÇÃO GERAL|0040 - GESTÃO DA SECRETARIA DE SAÚDE|2431 - REMUNERAÇÃO DE ESTAGIÁRIOS||3.3.90.36.07 - 3.3.90.36.07|102 - RECEITAS DE IMPOSTOS E DE TRANSFERÊNCIAS DE IMPOSTOS VINCULADOS À SAÚDE|NÃO SE APLICA|2025|20200429|2146.01|0.0|0.0|2146.01|0.0|2146.01|0.0|0.0|0.0|0.0|0.0
3110004|303|02|382323|2020|7|10 - SAÚDE|302 - ASSISTÊNCIA HOSPITALAR E AMBULATORIAL|0039 - GESTÃO DA FISIOTERAPIA|2086 - MANUTENÇÃO DO SETOR DA FISIOTERAPIA||3.1.90.13.03 - 3.1.90.13.03|102 - RECEITAS DE IMPOSTOS E DE TRANSFERÊNCIAS DE IMPOSTOS VINCULADOS À SAÚDE|NÃO SE APLICA|3170|20200630|0.0|0.0|0.0|0.0|0.0|3711.67|0.0|0.0|0.0|-3711.67|0.0
3110004|303|02|382323|2020|4|10 - SAÚDE|301 - ATENÇÃO BÁSICA|0029 - ATENÇÃO BÁSICA|2063 - MANUTENÇÃO DA ATENÇÃO BÁSICA||3.1.90.04.99 - 3.1.90.04.99|102 - RECEITAS DE IMPOSTOS E DE TRANSFERÊNCIAS DE IMPOSTOS VINCULADOS À SAÚDE|NÃO SE APLICA|2054|20200429|13633.44|0.0|0.0|13633.44|0.0|13633.44|0.0|0.0|0.0|0.0|0.0
3110004|303|02|382323|2020|5|10 - SAÚDE|302 - ASSISTÊNCIA HOSPITALAR E AMBULATORIAL|0043 - SAÚDE BUCAL|2099 - MANUTENÇÃO DO SETOR DE SAÚDE BUCAL||3.1.90.13.03 - 3.1.90.13.03|102 - RECEITAS DE IMPOSTOS E DE TRANSFERÊNCIAS DE IMPOSTOS VINCULADOS À SAÚDE|NÃO SE APLICA|2659|20200529|7328.45|0.0|0.0|7328.45|0.0|2961.39|0.0|0.0|0.0|4367.06|0.0
3110004|303|02|382323|2020|8|10 - SAÚDE|122 - ADMINISTRAÇÃO GERAL|0032 - ASSISTÊNCIA FARMACÊUTCA|2069 - MANUTENÇÃO DA FARMÁCIA BÁSICA||3.1.90.13.01 - 3.1.90.13.01|102 - RECEITAS DE IMPOSTOS E DE TRANSFERÊNCIAS DE IMPOSTOS VINCULADOS À SAÚDE|NÃO SE APLICA|3672|20200731|0.0|0.0|0.0|0.0|0.0|723.33|0.0|0.0|0.0|-723.33|0.0
3110004|303|02|382334|2020|10|10 - SAÚDE|122 - ADMINISTRAÇÃO GERAL|0047 - MANUTENÇÃO DO SERVIÇO DE TRANSPORTE DE PACIENTES|2110 - MANUTENÇÃO DO SETOR DE TRANSPORTE||3.3.90.14.05 - 3.3.90.14.05|102 - RECEITAS DE IMPOSTOS E DE TRANSFERÊNCIAS DE IMPOSTOS VINCULADOS À SAÚDE|NÃO SE APLICA|4896|20201023|472.0|0.0|0.0|472.0|0.0|472.0|0.0|0.0|0.0|0.0|0.0
3110004|303|02|382323|2020|12|10 - SAÚDE|122 - ADMINISTRAÇÃO GERAL|0032 - ASSISTÊNCIA FARMACÊUTCA|2069 - MANUTENÇÃO DA FARMÁCIA BÁSICA||3.1.90.13.01 - 3.1.90.13.01|102 - RECEITAS DE IMPOSTOS E DE TRANSFERÊNCIAS DE IMPOSTOS VINCULADOS À SAÚDE|NÃO SE APLICA|5598|20201127|0.0|0.0|0.0|0.0|0.0|723.33|0.0|0.0|0.0|-723.33|0.0
3110004|303|02|382323|2020|5|10 - SAÚDE|305 - VIGILÂNCIA EPIDEMIOLÓGICA|0049 - VIGILÂNCIA EM SAÚDE|2399 - MANUTENÇÃO DA VIGILÂNCIA EM SAÚDE||3.3.90.30.06 - 3.3.90.30.06|102 - RECEITAS DE IMPOSTOS E DE TRANSFERÊNCIAS DE IMPOSTOS VINCULADOS À SAÚDE|NÃO SE APLICA|2280|20200512|21949.2|0.0|0.0|7315.7|0.0|7315.7|0.0|0.0|0.0|0.0|14633.5
3110004|303|02|382334|2020|8|10 - SAÚDE|122 - ADMINISTRAÇÃO GERAL|0047 - MANUTENÇÃO DO SERVIÇO DE TRANSPORTE DE PACIENTES|2110 - MANUTENÇÃO DO SETOR DE TRANSPORTE||3.1.90.13.03 - 3.1.90.13.03|102 - RECEITAS DE IMPOSTOS E DE TRANSFERÊNCIAS DE IMPOSTOS VINCULADOS À SAÚDE|NÃO SE APLICA|4135|20200828|16547.01|0.0|0.0|16547.01|0.0|0.0|0.0|0.0|0.0|16547.01|0.0
3110004|303|02|382323|2020|8|10 - SAÚDE|302 - ASSISTÊNCIA HOSPITALAR E AMBULATORIAL|0080 - SAÚDE MENTAL|2104 - MANUTENÇÃO DO SETOR DE SAÚDE MENTAL||3.1.90.11.11 - 3.1.90.11.11|102 - RECEITAS DE IMPOSTOS E DE TRANSFERÊNCIAS DE IMPOSTOS VINCULADOS À SAÚDE|NÃO SE APLICA|4058|20200828|18425.15|0.0|0.0|18425.15|0.0|18425.15|0.0|0.0|0.0|0.0|0.0
3110004|303|02|382334|2020|1|10 - SAÚDE|122 - ADMINISTRAÇÃO GERAL|0047 - MANUTENÇÃO DO SERVIÇO DE TRANSPORTE DE PACIENTES|2110 - MANUTENÇÃO DO SETOR DE TRANSPORTE||3.1.90.16.00 - 3.1.90.16.00|102 - RECEITAS DE IMPOSTOS E DE TRANSFERÊNCIAS DE IMPOSTOS VINCULADOS À SAÚDE|NÃO SE APLICA|405|20200130|17730.6|0.0|0.0|17730.6|0.0|17730.6|0.0|0.0|0.0|0.0|0.0
3110004|303|02|382334|2020|6|10 - SAÚDE|122 - ADMINISTRAÇÃO GERAL|0047 - MANUTENÇÃO DO SERVIÇO DE TRANSPORTE DE PACIENTES|2110 - MANUTENÇÃO DO SETOR DE TRANSPORTE||3.3.90.14.05 - 3.3.90.14.05|102 - RECEITAS DE IMPOSTOS E DE TRANSFERÊNCIAS DE IMPOSTOS VINCULADOS À SAÚDE|NÃO SE APLICA|2884|20200623|212.4|0.0|0.0|212.4|0.0|212.4|0.0|0.0|0.0|0.0|0.0
3110004|303|02|382334|2020|2|10 - SAÚDE|122 - ADMINISTRAÇÃO GERAL|0040 - GESTÃO DA SECRETARIA DE SAÚDE|2089 - MANUTENÇÃO DA SECRETARIA DE SAÚDE||3.3.90.30.26 - 3.3.90.30.26|102 - RECEITAS DE IMPOSTOS E DE TRANSFERÊNCIAS DE IMPOSTOS VINCULADOS À SAÚDE|NÃO SE APLICA|958|20200221|115.22|0.0|0.0|0.0|0.0|0.0|0.0|0.0|0.0|0.0|115.22
3110004|303|02|382334|2020|10|10 - SAÚDE|122 - ADMINISTRAÇÃO GERAL|0047 - MANUTENÇÃO DO SERVIÇO DE TRANSPORTE DE PACIENTES|2110 - MANUTENÇÃO DO SETOR DE TRANSPORTE||3.3.90.14.05 - 3.3.90.14.05|102 - RECEITAS DE IMPOSTOS E DE TRANSFERÊNCIAS DE IMPOSTOS VINCULADOS À SAÚDE|NÃO SE APLICA|4865|20201020|283.2|0.0|0.0|283.2|0.0|283.2|0.0|0.0|0.0|0.0|0.0
3110004|303|02|382323|2020|2|10 - SAÚDE|122 - ADMINISTRAÇÃO GERAL|0032 - ASSISTÊNCIA FARMACÊUTCA|2069 - MANUTENÇÃO DA FARMÁCIA BÁSICA||3.1.90.13.03 - 3.1.90.13.03|102 - RECEITAS DE IMPOSTOS E DE TRANSFERÊNCIAS DE IMPOSTOS VINCULADOS À SAÚDE|NÃO SE APLICA|533|20200130|0.0|0.0|0.0|0.0|0.0|3295.06|0.0|0.0|0.0|-3295.06|0.0
3110004|303|02|382334|2020|7|10 - SAÚDE|122 - ADMINISTRAÇÃO GERAL|0047 - MANUTENÇÃO DO SERVIÇO DE TRANSPORTE DE PACIENTES|2110 - MANUTENÇÃO DO SETOR DE TRANSPORTE||3.3.90.14.05 - 3.3.90.14.05|102 - RECEITAS DE IMPOSTOS E DE TRANSFERÊNCIAS DE IMPOSTOS VINCULADOS À SAÚDE|NÃO SE APLICA|2890|20200623|0.0|0.0|0.0|0.0|0.0|1416.0|0.0|0.0|0.0|-1416.0|0.0
3110004|303|02|382323|2020|11|10 - SAÚDE|302 - ASSISTÊNCIA HOSPITALAR E AMBULATORIAL|0080 - SAÚDE MENTAL|2104 - MANUTENÇÃO DO SETOR DE SAÚDE MENTAL||3.1.90.13.03 - 3.1.90.13.03|102 - RECEITAS DE IMPOSTOS E DE TRANSFERÊNCIAS DE IMPOSTOS VINCULADOS À SAÚDE|NÃO SE APLICA|5612|20201127|5563.74|0.0|0.0|5563.74|0.0|1076.89|0.0|0.0|0.0|4486.85|0.0
3110004|303|02|382334|2020|11|10 - SAÚDE|122 - ADMINISTRAÇÃO GERAL|0047 - MANUTENÇÃO DO SERVIÇO DE TRANSPORTE DE PACIENTES|2110 - MANUTENÇÃO DO SETOR DE TRANSPORTE||3.3.90.14.05 - 3.3.90.14.05|102 - RECEITAS DE IMPOSTOS E DE TRANSFERÊNCIAS DE IMPOSTOS VINCULADOS À SAÚDE|NÃO SE APLICA|5634|20201127|944.0|0.0|0.0|944.0|0.0|0.0|0.0|0.0|0.0|944.0|0.0
3110004|303|02|382323|2020|6|10 - SAÚDE|302 - ASSISTÊNCIA HOSPITALAR E AMBULATORIAL|0028 - CENTRO DE ESPECIALIDADES EM SAÚDE|2059 - MANUTENÇÃO DO CENTRO ESPECIALIDADES EM SAÚDE||3.1.90.13.01 - 3.1.90.13.01|102 - RECEITAS DE IMPOSTOS E DE TRANSFERÊNCIAS DE IMPOSTOS VINCULADOS À SAÚDE|NÃO SE APLICA|3167|20200630|4629.37|0.0|0.0|4629.37|0.0|0.0|0.0|0.0|0.0|4629.37|0.0
3110004|303|02|382323|2020|12|10 - SAÚDE|302 - ASSISTÊNCIA HOSPITALAR E AMBULATORIAL|0113 - CONSÓRCIO INTERMUNICIPAL ALIANÇA PELA SAÚDE|2394 - MANUTENÇÃO DAS AÇÕES DO CONSÓRCIO||3.1.71.70.00 - 3.1.71.70.00|102 - RECEITAS DE IMPOSTOS E DE TRANSFERÊNCIAS DE IMPOSTOS VINCULADOS À SAÚDE|NÃO SE APLICA|702|20200207|0.0|0.0|0.0|12869.33|0.0|12869.33|0.0|0.0|0.0|0.0|-12869.33
3110004|303|02|382334|2020|1|10 - SAÚDE|122 - ADMINISTRAÇÃO GERAL|0047 - MANUTENÇÃO DO SERVIÇO DE TRANSPORTE DE PACIENTES|2110 - MANUTENÇÃO DO SETOR DE TRANSPORTE||3.1.90.11.05 - 3.1.90.11.05|102 - RECEITAS DE IMPOSTOS E DE TRANSFERÊNCIAS DE IMPOSTOS VINCULADOS À SAÚDE|NÃO SE APLICA|403|20200130|6687.34|0.0|0.0|6687.34|0.0|6687.34|0.0|0.0|0.0|0.0|0.0
3110004|303|02|382334|2020|7|10 - SAÚDE|122 - ADMINISTRAÇÃO GERAL|0047 - MANUTENÇÃO DO SERVIÇO DE TRANSPORTE DE PACIENTES|2110 - MANUTENÇÃO DO SETOR DE TRANSPORTE||3.3.90.14.05 - 3.3.90.14.05|102 - RECEITAS DE IMPOSTOS E DE TRANSFERÊNCIAS DE IMPOSTOS VINCULADOS À SAÚDE|NÃO SE APLICA|3466|20200731|944.0|0.0|0.0|944.0|0.0|0.0|0.0|0.0|0.0|944.0|0.0
3110004|303|02|382334|2020|11|10 - SAÚDE|122 - ADMINISTRAÇÃO GERAL|0047 - MANUTENÇÃO DO SERVIÇO DE TRANSPORTE DE PACIENTES|2110 - MANUTENÇÃO DO SETOR DE TRANSPORTE||3.3.90.14.05 - 3.3.90.14.05|102 - RECEITAS DE IMPOSTOS E DE TRANSFERÊNCIAS DE IMPOSTOS VINCULADOS À SAÚDE|NÃO SE APLICA|5215|20201029|0.0|0.0|0.0|0.0|0.0|165.2|0.0|0.0|0.0|-165.2|0.0
3110004|303|02|382323|2020|8|10 - SAÚDE|302 - ASSISTÊNCIA HOSPITALAR E AMBULATORIAL|0043 - SAÚDE BUCAL|2099 - MANUTENÇÃO DO SETOR DE SAÚDE BUCAL||3.1.90.11.11 - 3.1.90.11.11|102 - RECEITAS DE IMPOSTOS E DE TRANSFERÊNCIAS DE IMPOSTOS VINCULADOS À SAÚDE|NÃO SE APLICA|4053|20200828|15277.47|0.0|0.0|15277.47|0.0|15277.47|0.0|0.0|0.0|0.0|0.0
3110004|303|02|382323|2020|12|10 - SAÚDE|302 - ASSISTÊNCIA HOSPITALAR E AMBULATORIAL|0048 - URGÊNCIA E EMERGÊNCIA|2403 - MANUTENÇÃO DO SAMU||3.1.90.16.00 - 3.1.90.16.00|102 - RECEITAS DE IMPOSTOS E DE TRANSFERÊNCIAS DE IMPOSTOS VINCULADOS À SAÚDE|NÃO SE APLICA|6207|20201228|4067.42|0.0|0.0|4067.42|0.0|4067.42|0.0|0.0|0.0|0.0|0.0
3110004|303|02|382334|2020|12|10 - SAÚDE|122 - ADMINISTRAÇÃO GERAL|0040 - GESTÃO DA SECRETARIA DE SAÚDE|2089 - MANUTENÇÃO DA SECRETARIA DE SAÚDE||3.3.90.30.16 - 3.3.90.30.16|102 - RECEITAS DE IMPOSTOS E DE TRANSFERÊNCIAS DE IMPOSTOS VINCULADOS À SAÚDE|NÃO SE APLICA|5666|20201130|0.0|0.0|0.0|2716.0|0.0|2716.0|0.0|0.0|0.0|0.0|-2716.0
3110004|303|02|382334|2020|8|10 - SAÚDE|122 - ADMINISTRAÇÃO GERAL|0040 - GESTÃO DA SECRETARIA DE SAÚDE|2089 - MANUTENÇÃO DA SECRETARIA DE SAÚDE||3.3.90.14.05 - 3.3.90.14.05|102 - RECEITAS DE IMPOSTOS E DE TRANSFERÊNCIAS DE IMPOSTOS VINCULADOS À SAÚDE|NÃO SE APLICA|4182|20200828|23.6|0.0|0.0|23.6|0.0|23.6|0.0|0.0|0.0|0.0|0.0
3110004|303|02|382323|2020|12|10 - SAÚDE|302 - ASSISTÊNCIA HOSPITALAR E AMBULATORIAL|0043 - SAÚDE BUCAL|2099 - MANUTENÇÃO DO SETOR DE SAÚDE BUCAL||3.1.90.13.03 - 3.1.90.13.03|102 - RECEITAS DE IMPOSTOS E DE TRANSFERÊNCIAS DE IMPOSTOS VINCULADOS À SAÚDE|NÃO SE APLICA|5608|20201127|0.0|0.0|0.0|0.0|0.0|7554.97|0.0|0.0|0.0|-7554.97|0.0
3110004|303|02|382334|2020|11|10 - SAÚDE|122 - ADMINISTRAÇÃO GERAL|0047 - MANUTENÇÃO DO SERVIÇO DE TRANSPORTE DE PACIENTES|2110 - MANUTENÇÃO DO SETOR DE TRANSPORTE||3.3.90.30.37 - 3.3.90.30.37|102 - RECEITAS DE IMPOSTOS E DE TRANSFERÊNCIAS DE IMPOSTOS VINCULADOS À SAÚDE|NÃO SE APLICA|5278|20201111|1079.6|0.0|0.0|1079.6|0.0|1079.6|0.0|0.0|0.0|0.0|0.0
3110004|303|02|382323|2020|7|10 - SAÚDE|301 - ATENÇÃO BÁSICA|0029 - ATENÇÃO BÁSICA|2063 - MANUTENÇÃO DA ATENÇÃO BÁSICA||3.1.90.04.99 - 3.1.90.04.99|102 - RECEITAS DE IMPOSTOS E DE TRANSFERÊNCIAS DE IMPOSTOS VINCULADOS À SAÚDE|NÃO SE APLICA|3561|20200731|1579.77|0.0|0.0|1579.77|0.0|1579.77|0.0|0.0|0.0|0.0|0.0
3110004|303|02|382323|2020|5|10 - SAÚDE|122 - ADMINISTRAÇÃO GERAL|0032 - ASSISTÊNCIA FARMACÊUTCA|2069 - MANUTENÇÃO DA FARMÁCIA BÁSICA||3.1.90.13.01 - 3.1.90.13.01|102 - RECEITAS DE IMPOSTOS E DE TRANSFERÊNCIAS DE IMPOSTOS VINCULADOS À SAÚDE|NÃO SE APLICA|2154|20200429|0.0|0.0|0.0|0.0|0.0|823.76|0.0|0.0|0.0|-823.76|0.0
3110004|303|02|382323|2020|6|10 - SAÚDE|122 - ADMINISTRAÇÃO GERAL|0032 - ASSISTÊNCIA FARMACÊUTCA|2069 - MANUTENÇÃO DA FARMÁCIA BÁSICA||3.3.90.30.09 - 3.3.90.30.09|102 - RECEITAS DE IMPOSTOS E DE TRANSFERÊNCIAS DE IMPOSTOS VINCULADOS À SAÚDE|NÃO SE APLICA|2735|20200608|358.8|0.0|0.0|0.0|0.0|0.0|0.0|0.0|0.0|0.0|358.8
3110004|303|02|382334|2020|8|10 - SAÚDE|122 - ADMINISTRAÇÃO GERAL|0047 - MANUTENÇÃO DO SERVIÇO DE TRANSPORTE DE PACIENTES|2110 - MANUTENÇÃO DO SETOR DE TRANSPORTE||3.3.90.14.05 - 3.3.90.14.05|102 - RECEITAS DE IMPOSTOS E DE TRANSFERÊNCIAS DE IMPOSTOS VINCULADOS À SAÚDE|NÃO SE APLICA|3914|20200821|708.0|0.0|0.0|708.0|0.0|708.0|0.0|0.0|0.0|0.0|0.0
3110004|303|02|382323|2020|4|10 - SAÚDE|301 - ATENÇÃO BÁSICA|0029 - ATENÇÃO BÁSICA|2063 - MANUTENÇÃO DA ATENÇÃO BÁSICA||3.1.90.13.01 - 3.1.90.13.01|102 - RECEITAS DE IMPOSTOS E DE TRANSFERÊNCIAS DE IMPOSTOS VINCULADOS À SAÚDE|NÃO SE APLICA|2158|20200429|381.76|0.0|0.0|381.76|0.0|0.0|0.0|0.0|0.0|381.76|0.0
3110004|303|02|382323|2020|2|10 - SAÚDE|122 - ADMINISTRAÇÃO GERAL|0032 - ASSISTÊNCIA FARMACÊUTCA|2069 - MANUTENÇÃO DA FARMÁCIA BÁSICA||3.1.90.11.11 - 3.1.90.11.11|102 - RECEITAS DE IMPOSTOS E DE TRANSFERÊNCIAS DE IMPOSTOS VINCULADOS À SAÚDE|NÃO SE APLICA|1094|20200221|10475.28|0.0|0.0|10475.28|0.0|10475.28|0.0|0.0|0.0|0.0|0.0
3110004|303|02|382334|2020|6|10 - SAÚDE|122 - ADMINISTRAÇÃO GERAL|0040 - GESTÃO DA SECRETARIA DE SAÚDE|2089 - MANUTENÇÃO DA SECRETARIA DE SAÚDE||3.1.90.13.01 - 3.1.90.13.01|102 - RECEITAS DE IMPOSTOS E DE TRANSFERÊNCIAS DE IMPOSTOS VINCULADOS À SAÚDE|NÃO SE APLICA|2622|20200529|0.0|0.0|0.0|0.0|0.0|1531.0|0.0|0.0|0.0|-1531.0|0.0
3110004|303|02|382334|2020|10|10 - SAÚDE|122 - ADMINISTRAÇÃO GERAL|0047 - MANUTENÇÃO DO SERVIÇO DE TRANSPORTE DE PACIENTES|2110 - MANUTENÇÃO DO SETOR DE TRANSPORTE||3.1.90.13.01 - 3.1.90.13.01|102 - RECEITAS DE IMPOSTOS E DE TRANSFERÊNCIAS DE IMPOSTOS VINCULADOS À SAÚDE|NÃO SE APLICA|4682|20200930|0.0|0.0|0.0|0.0|0.0|3535.51|0.0|0.0|0.0|-3535.51|0.0
3110004|303|02|382323|2020|1|10 - SAÚDE|302 - ASSISTÊNCIA HOSPITALAR E AMBULATORIAL|0048 - URGÊNCIA E EMERGÊNCIA|2403 - MANUTENÇÃO DO SAMU||3.1.90.13.03 - 3.1.90.13.03|102 - RECEITAS DE IMPOSTOS E DE TRANSFERÊNCIAS DE IMPOSTOS VINCULADOS À SAÚDE|NÃO SE APLICA|546|20200130|7389.77|0.0|0.0|7389.77|0.0|0.0|0.0|0.0|0.0|7389.77|0.0
3110004|303|02|382334|2020|9|10 - SAÚDE|122 - ADMINISTRAÇÃO GERAL|0047 - MANUTENÇÃO DO SERVIÇO DE TRANSPORTE DE PACIENTES|2110 - MANUTENÇÃO DO SETOR DE TRANSPORTE||3.3.90.14.05 - 3.3.90.14.05|102 - RECEITAS DE IMPOSTOS E DE TRANSFERÊNCIAS DE IMPOSTOS VINCULADOS À SAÚDE|NÃO SE APLICA|4383|20200918|708.0|0.0|0.0|708.0|0.0|708.0|0.0|0.0|0.0|0.0|0.0
3110004|303|02|382323|2020|1|10 - SAÚDE|302 - ASSISTÊNCIA HOSPITALAR E AMBULATORIAL|0043 - SAÚDE BUCAL|2099 - MANUTENÇÃO DO SETOR DE SAÚDE BUCAL||3.1.90.13.01 - 3.1.90.13.01|102 - RECEITAS DE IMPOSTOS E DE TRANSFERÊNCIAS DE IMPOSTOS VINCULADOS À SAÚDE|NÃO SE APLICA|543|20200130|839.32|0.0|0.0|839.32|0.0|0.0|0.0|0.0|0.0|839.32|0.0
3110004|303|02|382334|2020|11|10 - SAÚDE|122 - ADMINISTRAÇÃO GERAL|0040 - GESTÃO DA SECRETARIA DE SAÚDE|2089 - MANUTENÇÃO DA SECRETARIA DE SAÚDE||3.3.90.30.16 - 3.3.90.30.16|102 - RECEITAS DE IMPOSTOS E DE TRANSFERÊNCIAS DE IMPOSTOS VINCULADOS À SAÚDE|NÃO SE APLICA|5659|20201130|855.98|0.0|0.0|0.0|0.0|0.0|0.0|0.0|0.0|0.0|855.98
3110004|303|02|382334|2020|1|10 - SAÚDE|122 - ADMINISTRAÇÃO GERAL|0047 - MANUTENÇÃO DO SERVIÇO DE TRANSPORTE DE PACIENTES|2110 - MANUTENÇÃO DO SETOR DE TRANSPORTE||3.3.90.39.99 - 3.3.90.39.99|102 - RECEITAS DE IMPOSTOS E DE TRANSFERÊNCIAS DE IMPOSTOS VINCULADOS À SAÚDE|NÃO SE APLICA|272|20200124|300000.0|0.0|0.0|0.0|0.0|0.0|0.0|0.0|0.0|0.0|300000.0
3110004|303|02|382334|2020|6|10 - SAÚDE|122 - ADMINISTRAÇÃO GERAL|0047 - MANUTENÇÃO DO SERVIÇO DE TRANSPORTE DE PACIENTES|2110 - MANUTENÇÃO DO SETOR DE TRANSPORTE||3.3.90.39.99 - 3.3.90.39.99|102 - RECEITAS DE IMPOSTOS E DE TRANSFERÊNCIAS DE IMPOSTOS VINCULADOS À SAÚDE|NÃO SE APLICA|3190|20200630|47000.0|0.0|0.0|0.0|0.0|0.0|0.0|0.0|0.0|0.0|47000.0
3110004|303|02|382323|2020|2|10 - SAÚDE|122 - ADMINISTRAÇÃO GERAL|0032 - ASSISTÊNCIA FARMACÊUTCA|2069 - MANUTENÇÃO DA FARMÁCIA BÁSICA||3.3.90.30.09 - 3.3.90.30.09|102 - RECEITAS DE IMPOSTOS E DE TRANSFERÊNCIAS DE IMPOSTOS VINCULADOS À SAÚDE|NÃO SE APLICA|829|20200213|23811.02|0.0|0.0|0.0|0.0|0.0|0.0|0.0|0.0|0.0|23811.02
3110004|303|02|382323|2020|5|10 - SAÚDE|302 - ASSISTÊNCIA HOSPITALAR E AMBULATORIAL|0039 - GESTÃO DA FISIOTERAPIA|2086 - MANUTENÇÃO DO SETOR DA FISIOTERAPIA||3.1.90.13.01 - 3.1.90.13.01|102 - RECEITAS DE IMPOSTOS E DE TRANSFERÊNCIAS DE IMPOSTOS VINCULADOS À SAÚDE|NÃO SE APLICA|2163|20200429|0.0|0.0|0.0|0.0|0.0|965.58|0.0|0.0|0.0|-965.58|0.0
3110004|303|02|382323|2020|1|10 - SAÚDE|302 - ASSISTÊNCIA HOSPITALAR E AMBULATORIAL|0039 - GESTÃO DA FISIOTERAPIA|2086 - MANUTENÇÃO DO SETOR DA FISIOTERAPIA||3.1.90.13.03 - 3.1.90.13.03|102 - RECEITAS DE IMPOSTOS E DE TRANSFERÊNCIAS DE IMPOSTOS VINCULADOS À SAÚDE|NÃO SE APLICA|542|20200130|1417.08|0.0|0.0|1417.08|0.0|0.0|0.0|0.0|0.0|1417.08|0.0
3110004|303|02|382334|2020|10|10 - SAÚDE|122 - ADMINISTRAÇÃO GERAL|0047 - MANUTENÇÃO DO SERVIÇO DE TRANSPORTE DE PACIENTES|2110 - MANUTENÇÃO DO SETOR DE TRANSPORTE||3.3.90.14.05 - 3.3.90.14.05|102 - RECEITAS DE IMPOSTOS E DE TRANSFERÊNCIAS DE IMPOSTOS VINCULADOS À SAÚDE|NÃO SE APLICA|5216|20201029|23.6|0.0|0.0|23.6|0.0|0.0|0.0|0.0|0.0|23.6|0.0
3110004|303|02|382323|2020|7|10 - SAÚDE|122 - ADMINISTRAÇÃO GERAL|0032 - ASSISTÊNCIA FARMACÊUTCA|2069 - MANUTENÇÃO DA FARMÁCIA BÁSICA||3.3.90.30.09 - 3.3.90.30.09|102 - RECEITAS DE IMPOSTOS E DE TRANSFERÊNCIAS DE IMPOSTOS VINCULADOS À SAÚDE|NÃO SE APLICA|1797|20200406|0.0|0.0|0.0|2750.0|0.0|2750.0|0.0|0.0|0.0|0.0|-2750.0
3110004|303|02|382334|2020|3|10 - SAÚDE|122 - ADMINISTRAÇÃO GERAL|0047 - MANUTENÇÃO DO SERVIÇO DE TRANSPORTE DE PACIENTES|2110 - MANUTENÇÃO DO SETOR DE TRANSPORTE||3.1.90.13.03 - 3.1.90.13.03|102 - RECEITAS DE IMPOSTOS E DE TRANSFERÊNCIAS DE IMPOSTOS VINCULADOS À SAÚDE|NÃO SE APLICA|1658|20200327|15790.8|0.0|0.0|15790.8|0.0|0.0|0.0|0.0|0.0|15790.8|0.0
3110004|303|02|382323|2020|7|10 - SAÚDE|302 - ASSISTÊNCIA HOSPITALAR E AMBULATORIAL|0028 - CENTRO DE ESPECIALIDADES EM SAÚDE|2059 - MANUTENÇÃO DO CENTRO ESPECIALIDADES EM SAÚDE||3.1.90.13.03 - 3.1.90.13.03|102 - RECEITAS DE IMPOSTOS E DE TRANSFERÊNCIAS DE IMPOSTOS VINCULADOS À SAÚDE|NÃO SE APLICA|3680|20200731|15096.63|0.0|0.0|15096.63|0.0|0.0|0.0|0.0|0.0|15096.63|0.0
3110004|303|02|382334|2020|11|10 - SAÚDE|122 - ADMINISTRAÇÃO GERAL|0047 - MANUTENÇÃO DO SERVIÇO DE TRANSPORTE DE PACIENTES|2110 - MANUTENÇÃO DO SETOR DE TRANSPORTE||3.3.90.39.53 - 3.3.90.39.53|102 - RECEITAS DE IMPOSTOS E DE TRANSFERÊNCIAS DE IMPOSTOS VINCULADOS À SAÚDE|NÃO SE APLICA|1299|20200304|0.0|0.0|280.0|0.0|0.0|0.0|0.0|0.0|0.0|0.0|-280.0
3110004|303|02|382334|2020|5|10 - SAÚDE|122 - ADMINISTRAÇÃO GERAL|0040 - GESTÃO DA SECRETARIA DE SAÚDE|2089 - MANUTENÇÃO DA SECRETARIA DE SAÚDE||3.3.90.30.14 - 3.3.90.30.14|102 - RECEITAS DE IMPOSTOS E DE TRANSFERÊNCIAS DE IMPOSTOS VINCULADOS À SAÚDE|NÃO SE APLICA|2384|20200520|1998.0|0.0|0.0|0.0|0.0|0.0|0.0|0.0|0.0|0.0|1998.0
3110004|303|02|382323|2020|5|10 - SAÚDE|302 - ASSISTÊNCIA HOSPITALAR E AMBULATORIAL|0039 - GESTÃO DA FISIOTERAPIA|2086 - MANUTENÇÃO DO SETOR DA FISIOTERAPIA||3.1.90.13.03 - 3.1.90.13.03|102 - RECEITAS DE IMPOSTOS E DE TRANSFERÊNCIAS DE IMPOSTOS VINCULADOS À SAÚDE|NÃO SE APLICA|2164|20200429|0.0|0.0|0.0|0.0|0.0|4103.08|0.0|0.0|0.0|-4103.08|0.0
3110004|303|02|382323|2020|4|10 - SAÚDE|302 - ASSISTÊNCIA HOSPITALAR E AMBULATORIAL|0039 - GESTÃO DA FISIOTERAPIA|2086 - MANUTENÇÃO DO SETOR DA FISIOTERAPIA||3.1.90.13.01 - 3.1.90.13.01|102 - RECEITAS DE IMPOSTOS E DE TRANSFERÊNCIAS DE IMPOSTOS VINCULADOS À SAÚDE|NÃO SE APLICA|2163|20200429|965.58|0.0|0.0|965.58|0.0|0.0|0.0|0.0|0.0|965.58|0.0
3110004|303|02|382323|2020|7|10 - SAÚDE|302 - ASSISTÊNCIA HOSPITALAR E AMBULATORIAL|0039 - GESTÃO DA FISIOTERAPIA|2086 - MANUTENÇÃO DO SETOR DA FISIOTERAPIA||3.1.90.13.01 - 3.1.90.13.01|102 - RECEITAS DE IMPOSTOS E DE TRANSFERÊNCIAS DE IMPOSTOS VINCULADOS À SAÚDE|NÃO SE APLICA|3681|20200731|913.38|0.0|0.0|913.38|0.0|0.0|0.0|0.0|0.0|913.38|0.0
3110004|303|02|382334|2020|5|10 - SAÚDE|122 - ADMINISTRAÇÃO GERAL|0040 - GESTÃO DA SECRETARIA DE SAÚDE|2089 - MANUTENÇÃO DA SECRETARIA DE SAÚDE||3.3.90.14.05 - 3.3.90.14.05|102 - RECEITAS DE IMPOSTOS E DE TRANSFERÊNCIAS DE IMPOSTOS VINCULADOS À SAÚDE|NÃO SE APLICA|2411|20200525|70.8|0.0|0.0|70.8|0.0|70.8|0.0|0.0|0.0|0.0|0.0
3110004|303|02|382334|2020|6|10 - SAÚDE|122 - ADMINISTRAÇÃO GERAL|0047 - MANUTENÇÃO DO SERVIÇO DE TRANSPORTE DE PACIENTES|2110 - MANUTENÇÃO DO SETOR DE TRANSPORTE||3.3.90.14.05 - 3.3.90.14.05|102 - RECEITAS DE IMPOSTOS E DE TRANSFERÊNCIAS DE IMPOSTOS VINCULADOS À SAÚDE|NÃO SE APLICA|2927|20200624|708.0|0.0|0.0|708.0|0.0|708.0|0.0|0.0|0.0|0.0|0.0
3110004|303|02|382334|2020|10|10 - SAÚDE|122 - ADMINISTRAÇÃO GERAL|0047 - MANUTENÇÃO DO SERVIÇO DE TRANSPORTE DE PACIENTES|2110 - MANUTENÇÃO DO SETOR DE TRANSPORTE||3.3.90.14.05 - 3.3.90.14.05|102 - RECEITAS DE IMPOSTOS E DE TRANSFERÊNCIAS DE IMPOSTOS VINCULADOS À SAÚDE|NÃO SE APLICA|4890|20201023|944.0|0.0|0.0|944.0|0.0|944.0|0.0|0.0|0.0|0.0|0.0
3110004|303|02|382334|2020|8|10 - SAÚDE|122 - ADMINISTRAÇÃO GERAL|0040 - GESTÃO DA SECRETARIA DE SAÚDE|2089 - MANUTENÇÃO DA SECRETARIA DE SAÚDE||3.3.90.14.05 - 3.3.90.14.05|102 - RECEITAS DE IMPOSTOS E DE TRANSFERÊNCIAS DE IMPOSTOS VINCULADOS À SAÚDE|NÃO SE APLICA|4184|20200828|23.6|0.0|0.0|23.6|0.0|23.6|0.0|0.0|0.0|0.0|0.0
3110004|303|02|382334|2020|11|10 - SAÚDE|122 - ADMINISTRAÇÃO GERAL|0047 - MANUTENÇÃO DO SERVIÇO DE TRANSPORTE DE PACIENTES|2110 - MANUTENÇÃO DO SETOR DE TRANSPORTE||3.1.90.13.01 - 3.1.90.13.01|102 - RECEITAS DE IMPOSTOS E DE TRANSFERÊNCIAS DE IMPOSTOS VINCULADOS À SAÚDE|NÃO SE APLICA|5576|20201127|3154.91|0.0|0.0|3154.91|0.0|0.0|0.0|0.0|0.0|3154.91|0.0
3110004|303|02|382334|2020|2|10 - SAÚDE|122 - ADMINISTRAÇÃO GERAL|0047 - MANUTENÇÃO DO SERVIÇO DE TRANSPORTE DE PACIENTES|2110 - MANUTENÇÃO DO SETOR DE TRANSPORTE||3.3.90.14.05 - 3.3.90.14.05|102 - RECEITAS DE IMPOSTOS E DE TRANSFERÊNCIAS DE IMPOSTOS VINCULADOS À SAÚDE|NÃO SE APLICA|778|20200211|1416.0|0.0|0.0|1416.0|0.0|1416.0|0.0|0.0|0.0|0.0|0.0
3110004|303|02|382323|2020|5|10 - SAÚDE|302 - ASSISTÊNCIA HOSPITALAR E AMBULATORIAL|0039 - GESTÃO DA FISIOTERAPIA|2086 - MANUTENÇÃO DO SETOR DA FISIOTERAPIA||3.1.90.13.01 - 3.1.90.13.01|102 - RECEITAS DE IMPOSTOS E DE TRANSFERÊNCIAS DE IMPOSTOS VINCULADOS À SAÚDE|NÃO SE APLICA|2656|20200529|855.28|0.0|0.0|855.28|0.0|0.0|0.0|0.0|0.0|855.28|0.0
3110004|303|02|382323|2020|7|10 - SAÚDE|122 - ADMINISTRAÇÃO GERAL|0042 - SERVIÇO DE REGULAÇÃO EM SAÚDE|2094 - MANUTENÇÃO DA REGULAÇÃO EM SAÚDE||3.1.90.13.01 - 3.1.90.13.01|102 - RECEITAS DE IMPOSTOS E DE TRANSFERÊNCIAS DE IMPOSTOS VINCULADOS À SAÚDE|NÃO SE APLICA|3674|20200731|1152.91|0.0|0.0|1152.91|0.0|0.0|0.0|0.0|0.0|1152.91|0.0
3110004|303|02|382334|2020|10|10 - SAÚDE|122 - ADMINISTRAÇÃO GERAL|0047 - MANUTENÇÃO DO SERVIÇO DE TRANSPORTE DE PACIENTES|2110 - MANUTENÇÃO DO SETOR DE TRANSPORTE||3.3.90.14.05 - 3.3.90.14.05|102 - RECEITAS DE IMPOSTOS E DE TRANSFERÊNCIAS DE IMPOSTOS VINCULADOS À SAÚDE|NÃO SE APLICA|4906|20201023|944.0|0.0|0.0|944.0|0.0|944.0|0.0|0.0|0.0|0.0|0.0
3110004|303|02|382334|2020|8|10 - SAÚDE|122 - ADMINISTRAÇÃO GERAL|0047 - MANUTENÇÃO DO SERVIÇO DE TRANSPORTE DE PACIENTES|2110 - MANUTENÇÃO DO SETOR DE TRANSPORTE||3.3.90.14.05 - 3.3.90.14.05|102 - RECEITAS DE IMPOSTOS E DE TRANSFERÊNCIAS DE IMPOSTOS VINCULADOS À SAÚDE|NÃO SE APLICA|3442|20200727|0.0|0.0|0.0|0.0|0.0|1416.0|0.0|0.0|0.0|-1416.0|0.0
3110004|303|02|382323|2020|5|10 - SAÚDE|302 - ASSISTÊNCIA HOSPITALAR E AMBULATORIAL|0043 - SAÚDE BUCAL|2099 - MANUTENÇÃO DO SETOR DE SAÚDE BUCAL||3.1.90.13.01 - 3.1.90.13.01|102 - RECEITAS DE IMPOSTOS E DE TRANSFERÊNCIAS DE IMPOSTOS VINCULADOS À SAÚDE|NÃO SE APLICA|2658|20200529|1242.95|0.0|0.0|1242.95|0.0|0.0|0.0|0.0|0.0|1242.95|0.0
3110004|303|02|382323|2020|3|10 - SAÚDE|122 - ADMINISTRAÇÃO GERAL|0042 - SERVIÇO DE REGULAÇÃO EM SAÚDE|2094 - MANUTENÇÃO DA REGULAÇÃO EM SAÚDE||3.1.90.11.11 - 3.1.90.11.11|102 - RECEITAS DE IMPOSTOS E DE TRANSFERÊNCIAS DE IMPOSTOS VINCULADOS À SAÚDE|NÃO SE APLICA|1582|20200327|12328.66|0.0|0.0|12328.66|0.0|12328.66|0.0|0.0|0.0|0.0|0.0
3110004|303|02|382323|2020|9|10 - SAÚDE|302 - ASSISTÊNCIA HOSPITALAR E AMBULATORIAL|0028 - CENTRO DE ESPECIALIDADES EM SAÚDE|2059 - MANUTENÇÃO DO CENTRO ESPECIALIDADES EM SAÚDE||3.1.90.13.03 - 3.1.90.13.03|102 - RECEITAS DE IMPOSTOS E DE TRANSFERÊNCIAS DE IMPOSTOS VINCULADOS À SAÚDE|NÃO SE APLICA|4163|20200828|0.0|0.0|0.0|0.0|0.0|15042.02|0.0|0.0|0.0|-15042.02|0.0
3110004|303|02|382323|2020|12|10 - SAÚDE|305 - VIGILÂNCIA EPIDEMIOLÓGICA|0049 - VIGILÂNCIA EM SAÚDE|2399 - MANUTENÇÃO DA VIGILÂNCIA EM SAÚDE||3.1.90.11.05 - 3.1.90.11.05|102 - RECEITAS DE IMPOSTOS E DE TRANSFERÊNCIAS DE IMPOSTOS VINCULADOS À SAÚDE|NÃO SE APLICA|6212|20201228|2869.8|0.0|0.0|2869.8|0.0|2869.8|0.0|0.0|0.0|0.0|0.0
3110004|303|02|382323|2020|7|10 - SAÚDE|122 - ADMINISTRAÇÃO GERAL|0042 - SERVIÇO DE REGULAÇÃO EM SAÚDE|2094 - MANUTENÇÃO DA REGULAÇÃO EM SAÚDE||3.3.90.14.05 - 3.3.90.14.05|102 - RECEITAS DE IMPOSTOS E DE TRANSFERÊNCIAS DE IMPOSTOS VINCULADOS À SAÚDE|NÃO SE APLICA|3298|20200710|118.0|0.0|0.0|118.0|0.0|118.0|0.0|0.0|0.0|0.0|0.0
3110004|303|02|382334|2020|4|10 - SAÚDE|122 - ADMINISTRAÇÃO GERAL|0047 - MANUTENÇÃO DO SERVIÇO DE TRANSPORTE DE PACIENTES|2110 - MANUTENÇÃO DO SETOR DE TRANSPORTE||3.3.90.14.05 - 3.3.90.14.05|102 - RECEITAS DE IMPOSTOS E DE TRANSFERÊNCIAS DE IMPOSTOS VINCULADOS À SAÚDE|NÃO SE APLICA|1894|20200417|424.8|0.0|0.0|424.8|0.0|424.8|0.0|0.0|0.0|0.0|0.0
3110004|303|02|382334|2020|12|10 - SAÚDE|122 - ADMINISTRAÇÃO GERAL|0047 - MANUTENÇÃO DO SERVIÇO DE TRANSPORTE DE PACIENTES|2110 - MANUTENÇÃO DO SETOR DE TRANSPORTE||3.3.90.14.05 - 3.3.90.14.05|102 - RECEITAS DE IMPOSTOS E DE TRANSFERÊNCIAS DE IMPOSTOS VINCULADOS À SAÚDE|NÃO SE APLICA|5641|20201127|0.0|0.0|0.0|0.0|0.0|141.6|0.0|0.0|0.0|-141.6|0.0
3110004|303|02|382334|2020|10|10 - SAÚDE|122 - ADMINISTRAÇÃO GERAL|0047 - MANUTENÇÃO DO SERVIÇO DE TRANSPORTE DE PACIENTES|2110 - MANUTENÇÃO DO SETOR DE TRANSPORTE||3.3.90.14.05 - 3.3.90.14.05|102 - RECEITAS DE IMPOSTOS E DE TRANSFERÊNCIAS DE IMPOSTOS VINCULADOS À SAÚDE|NÃO SE APLICA|5213|20201029|118.0|0.0|0.0|118.0|0.0|0.0|0.0|0.0|0.0|118.0|0.0
3110004|303|02|382334|2020|8|10 - SAÚDE|122 - ADMINISTRAÇÃO GERAL|0040 - GESTÃO DA SECRETARIA DE SAÚDE|2089 - MANUTENÇÃO DA SECRETARIA DE SAÚDE||3.1.90.11.11 - 3.1.90.11.11|102 - RECEITAS DE IMPOSTOS E DE TRANSFERÊNCIAS DE IMPOSTOS VINCULADOS À SAÚDE|NÃO SE APLICA|4016|20200828|14631.02|0.0|0.0|14631.02|0.0|14631.02|0.0|0.0|0.0|0.0|0.0
3110004|303|02|382323|2020|9|10 - SAÚDE|302 - ASSISTÊNCIA HOSPITALAR E AMBULATORIAL|0080 - SAÚDE MENTAL|2104 - MANUTENÇÃO DO SETOR DE SAÚDE MENTAL||3.1.90.13.03 - 3.1.90.13.03|102 - RECEITAS DE IMPOSTOS E DE TRANSFERÊNCIAS DE IMPOSTOS VINCULADOS À SAÚDE|NÃO SE APLICA|4718|20200930|5584.26|0.0|0.0|5584.26|0.0|0.0|0.0|0.0|0.0|5584.26|0.0
3110004|303|02|382323|2020|5|10 - SAÚDE|302 - ASSISTÊNCIA HOSPITALAR E AMBULATORIAL|0039 - GESTÃO DA FISIOTERAPIA|2086 - MANUTENÇÃO DO SETOR DA FISIOTERAPIA||3.1.90.11.11 - 3.1.90.11.11|102 - RECEITAS DE IMPOSTOS E DE TRANSFERÊNCIAS DE IMPOSTOS VINCULADOS À SAÚDE|NÃO SE APLICA|2546|20200529|14283.91|0.0|0.0|14283.91|0.0|14283.91|0.0|0.0|0.0|0.0|0.0
3110004|303|02|382334|2020|9|10 - SAÚDE|122 - ADMINISTRAÇÃO GERAL|0040 - GESTÃO DA SECRETARIA DE SAÚDE|2089 - MANUTENÇÃO DA SECRETARIA DE SAÚDE||3.1.90.13.01 - 3.1.90.13.01|102 - RECEITAS DE IMPOSTOS E DE TRANSFERÊNCIAS DE IMPOSTOS VINCULADOS À SAÚDE|NÃO SE APLICA|4680|20200930|1819.6|0.0|0.0|1819.6|0.0|0.0|0.0|0.0|0.0|1819.6|0.0
3110004|303|02|382323|2020|10|10 - SAÚDE|122 - ADMINISTRAÇÃO GERAL|0042 - SERVIÇO DE REGULAÇÃO EM SAÚDE|2094 - MANUTENÇÃO DA REGULAÇÃO EM SAÚDE||3.3.90.48.00 - 3.3.90.48.00|102 - RECEITAS DE IMPOSTOS E DE TRANSFERÊNCIAS DE IMPOSTOS VINCULADOS À SAÚDE|NÃO SE APLICA|148|20200115|0.0|0.0|0.0|1215.0|0.0|1215.0|0.0|0.0|0.0|0.0|-1215.0
3110004|303|02|382334|2020|7|10 - SAÚDE|122 - ADMINISTRAÇÃO GERAL|0040 - GESTÃO DA SECRETARIA DE SAÚDE|2089 - MANUTENÇÃO DA SECRETARIA DE SAÚDE||3.1.90.11.05 - 3.1.90.11.05|102 - RECEITAS DE IMPOSTOS E DE TRANSFERÊNCIAS DE IMPOSTOS VINCULADOS À SAÚDE|NÃO SE APLICA|3533|20200731|1595.01|0.0|0.0|1595.01|0.0|1595.01|0.0|0.0|0.0|0.0|0.0
3110004|303|02|382334|2020|10|10 - SAÚDE|122 - ADMINISTRAÇÃO GERAL|0047 - MANUTENÇÃO DO SERVIÇO DE TRANSPORTE DE PACIENTES|2110 - MANUTENÇÃO DO SETOR DE TRANSPORTE||3.3.90.14.05 - 3.3.90.14.05|102 - RECEITAS DE IMPOSTOS E DE TRANSFERÊNCIAS DE IMPOSTOS VINCULADOS À SAÚDE|NÃO SE APLICA|4731|20200930|0.0|0.0|0.0|0.0|0.0|944.0|0.0|0.0|0.0|-944.0|0.0
3110004|303|02|382323|2020|12|10 - SAÚDE|302 - ASSISTÊNCIA HOSPITALAR E AMBULATORIAL|0048 - URGÊNCIA E EMERGÊNCIA|2403 - MANUTENÇÃO DO SAMU||3.1.90.11.11 - 3.1.90.11.11|102 - RECEITAS DE IMPOSTOS E DE TRANSFERÊNCIAS DE IMPOSTOS VINCULADOS À SAÚDE|NÃO SE APLICA|5868|20201214|19172.07|0.0|0.0|19172.07|0.0|19172.07|0.0|0.0|0.0|0.0|0.0
3110004|303|02|382334|2020|12|10 - SAÚDE|302 - ASSISTÊNCIA HOSPITALAR E AMBULATORIAL|0312 - EMENDAS IMPOSITIVAS|1242 - EXECUÇÃO DAS EMENDAS IMPOSITIVAS||4.4.90.52.04 - 4.4.90.52.04|102 - RECEITAS DE IMPOSTOS E DE TRANSFERÊNCIAS DE IMPOSTOS VINCULADOS À SAÚDE|NÃO SE APLICA|5752|20201209|11684.0|0.0|0.0|0.0|0.0|0.0|0.0|0.0|0.0|0.0|11684.0
3110004|303|02|382323|2020|11|10 - SAÚDE|301 - ATENÇÃO BÁSICA|0029 - ATENÇÃO BÁSICA|2063 - MANUTENÇÃO DA ATENÇÃO BÁSICA||3.1.90.11.05 - 3.1.90.11.05|102 - RECEITAS DE IMPOSTOS E DE TRANSFERÊNCIAS DE IMPOSTOS VINCULADOS À SAÚDE|NÃO SE APLICA|5485|20201127|7499.67|0.0|0.0|7499.67|0.0|7499.67|0.0|0.0|0.0|0.0|0.0
3110004|303|02|382334|2020|8|10 - SAÚDE|122 - ADMINISTRAÇÃO GERAL|0047 - MANUTENÇÃO DO SERVIÇO DE TRANSPORTE DE PACIENTES|2110 - MANUTENÇÃO DO SETOR DE TRANSPORTE||3.3.90.14.05 - 3.3.90.14.05|102 - RECEITAS DE IMPOSTOS E DE TRANSFERÊNCIAS DE IMPOSTOS VINCULADOS À SAÚDE|NÃO SE APLICA|3916|20200821|1416.0|0.0|0.0|1416.0|0.0|0.0|0.0|0.0|0.0|1416.0|0.0
3110004|303|02|382323|2020|8|10 - SAÚDE|302 - ASSISTÊNCIA HOSPITALAR E AMBULATORIAL|0048 - URGÊNCIA E EMERGÊNCIA|2403 - MANUTENÇÃO DO SAMU||3.1.90.13.03 - 3.1.90.13.03|102 - RECEITAS DE IMPOSTOS E DE TRANSFERÊNCIAS DE IMPOSTOS VINCULADOS À SAÚDE|NÃO SE APLICA|3686|20200731|0.0|0.0|0.0|0.0|0.0|4570.21|0.0|0.0|0.0|-4570.21|0.0
3110004|303|02|382323|2020|8|10 - SAÚDE|122 - ADMINISTRAÇÃO GERAL|0032 - ASSISTÊNCIA FARMACÊUTCA|2069 - MANUTENÇÃO DA FARMÁCIA BÁSICA||3.1.90.11.11 - 3.1.90.11.11|102 - RECEITAS DE IMPOSTOS E DE TRANSFERÊNCIAS DE IMPOSTOS VINCULADOS À SAÚDE|NÃO SE APLICA|4043|20200828|9041.58|0.0|0.0|9041.58|0.0|9041.58|0.0|0.0|0.0|0.0|0.0
3110004|303|02|382334|2020|7|10 - SAÚDE|122 - ADMINISTRAÇÃO GERAL|0040 - GESTÃO DA SECRETARIA DE SAÚDE|2089 - MANUTENÇÃO DA SECRETARIA DE SAÚDE||3.3.90.14.05 - 3.3.90.14.05|102 - RECEITAS DE IMPOSTOS E DE TRANSFERÊNCIAS DE IMPOSTOS VINCULADOS À SAÚDE|NÃO SE APLICA|3449|20200727|283.2|0.0|0.0|283.2|0.0|0.0|0.0|0.0|0.0|283.2|0.0
3110004|303|02|382323|2020|10|10 - SAÚDE|302 - ASSISTÊNCIA HOSPITALAR E AMBULATORIAL|0048 - URGÊNCIA E EMERGÊNCIA|2403 - MANUTENÇÃO DO SAMU||3.1.90.13.03 - 3.1.90.13.03|102 - RECEITAS DE IMPOSTOS E DE TRANSFERÊNCIAS DE IMPOSTOS VINCULADOS À SAÚDE|NÃO SE APLICA|5196|20201029|5273.04|0.0|0.0|5273.04|0.0|0.0|0.0|0.0|0.0|5273.04|0.0
3110004|303|02|382334|2020|11|10 - SAÚDE|122 - ADMINISTRAÇÃO GERAL|0047 - MANUTENÇÃO DO SERVIÇO DE TRANSPORTE DE PACIENTES|2110 - MANUTENÇÃO DO SETOR DE TRANSPORTE||3.3.90.39.99 - 3.3.90.39.99|102 - RECEITAS DE IMPOSTOS E DE TRANSFERÊNCIAS DE IMPOSTOS VINCULADOS À SAÚDE|NÃO SE APLICA|4738|20200930|0.0|0.0|0.0|49318.69|0.0|49318.69|0.0|0.0|0.0|0.0|-49318.69
3110004|303|02|382323|2020|10|10 - SAÚDE|301 - ATENÇÃO BÁSICA|0029 - ATENÇÃO BÁSICA|2063 - MANUTENÇÃO DA ATENÇÃO BÁSICA||3.1.90.13.01 - 3.1.90.13.01|102 - RECEITAS DE IMPOSTOS E DE TRANSFERÊNCIAS DE IMPOSTOS VINCULADOS À SAÚDE|NÃO SE APLICA|4706|20200930|0.0|0.0|0.0|0.0|0.0|6475.26|0.0|0.0|0.0|-6475.26|0.0
3110004|303|02|382334|2020|12|10 - SAÚDE|122 - ADMINISTRAÇÃO GERAL|0047 - MANUTENÇÃO DO SERVIÇO DE TRANSPORTE DE PACIENTES|2110 - MANUTENÇÃO DO SETOR DE TRANSPORTE||3.1.90.04.99 - 3.1.90.04.99|102 - RECEITAS DE IMPOSTOS E DE TRANSFERÊNCIAS DE IMPOSTOS VINCULADOS À SAÚDE|NÃO SE APLICA|6170|20201228|11330.05|0.0|0.0|11330.05|0.0|11330.05|0.0|0.0|0.0|0.0|0.0
3110004|303|02|382334|2020|3|10 - SAÚDE|122 - ADMINISTRAÇÃO GERAL|0047 - MANUTENÇÃO DO SERVIÇO DE TRANSPORTE DE PACIENTES|2110 - MANUTENÇÃO DO SETOR DE TRANSPORTE||3.1.90.16.00 - 3.1.90.16.00|102 - RECEITAS DE IMPOSTOS E DE TRANSFERÊNCIAS DE IMPOSTOS VINCULADOS À SAÚDE|NÃO SE APLICA|1557|20200327|16622.97|0.0|0.0|16622.97|0.0|16622.97|0.0|0.0|0.0|0.0|0.0
3110004|303|02|382323|2020|12|10 - SAÚDE|122 - ADMINISTRAÇÃO GERAL|0042 - SERVIÇO DE REGULAÇÃO EM SAÚDE|2094 - MANUTENÇÃO DA REGULAÇÃO EM SAÚDE||3.1.90.13.03 - 3.1.90.13.03|102 - RECEITAS DE IMPOSTOS E DE TRANSFERÊNCIAS DE IMPOSTOS VINCULADOS À SAÚDE|NÃO SE APLICA|5601|20201127|0.0|0.0|0.0|0.0|0.0|3602.21|0.0|0.0|0.0|-3602.21|0.0
3110004|303|02|382323|2020|12|10 - SAÚDE|122 - ADMINISTRAÇÃO GERAL|0032 - ASSISTÊNCIA FARMACÊUTCA|2069 - MANUTENÇÃO DA FARMÁCIA BÁSICA||3.1.90.13.03 - 3.1.90.13.03|102 - RECEITAS DE IMPOSTOS E DE TRANSFERÊNCIAS DE IMPOSTOS VINCULADOS À SAÚDE|NÃO SE APLICA|5931|20201214|2128.77|0.0|0.0|2128.77|0.0|2128.77|0.0|0.0|0.0|0.0|0.0
3110004|303|02|382334|2020|4|10 - SAÚDE|122 - ADMINISTRAÇÃO GERAL|0047 - MANUTENÇÃO DO SERVIÇO DE TRANSPORTE DE PACIENTES|2110 - MANUTENÇÃO DO SETOR DE TRANSPORTE||3.3.90.30.37 - 3.3.90.30.37|102 - RECEITAS DE IMPOSTOS E DE TRANSFERÊNCIAS DE IMPOSTOS VINCULADOS À SAÚDE|NÃO SE APLICA|1928|20200422|302.63|0.0|0.0|302.63|0.0|302.63|0.0|0.0|0.0|0.0|0.0
3110004|303|02|382323|2020|3|10 - SAÚDE|302 - ASSISTÊNCIA HOSPITALAR E AMBULATORIAL|0043 - SAÚDE BUCAL|2099 - MANUTENÇÃO DO SETOR DE SAÚDE BUCAL||3.1.90.13.01 - 3.1.90.13.01|102 - RECEITAS DE IMPOSTOS E DE TRANSFERÊNCIAS DE IMPOSTOS VINCULADOS À SAÚDE|NÃO SE APLICA|1693|20200327|1270.04|0.0|0.0|1270.04|0.0|0.0|0.0|0.0|0.0|1270.04|0.0
3110004|303|02|382323|2020|9|10 - SAÚDE|122 - ADMINISTRAÇÃO GERAL|0042 - SERVIÇO DE REGULAÇÃO EM SAÚDE|2094 - MANUTENÇÃO DA REGULAÇÃO EM SAÚDE||3.3.90.39.36 - 3.3.90.39.36|102 - RECEITAS DE IMPOSTOS E DE TRANSFERÊNCIAS DE IMPOSTOS VINCULADOS À SAÚDE|NÃO SE APLICA|671|20200203|0.0|0.0|0.0|0.0|0.0|12000.0|0.0|0.0|0.0|-12000.0|0.0
3110004|303|02|382323|2020|1|10 - SAÚDE|122 - ADMINISTRAÇÃO GERAL|0032 - ASSISTÊNCIA FARMACÊUTCA|2069 - MANUTENÇÃO DA FARMÁCIA BÁSICA||3.1.90.13.01 - 3.1.90.13.01|102 - RECEITAS DE IMPOSTOS E DE TRANSFERÊNCIAS DE IMPOSTOS VINCULADOS À SAÚDE|NÃO SE APLICA|532|20200130|1093.02|0.0|0.0|1093.02|0.0|0.0|0.0|0.0|0.0|1093.02|0.0
3110004|303|02|382323|2020|11|10 - SAÚDE|122 - ADMINISTRAÇÃO GERAL|0032 - ASSISTÊNCIA FARMACÊUTCA|2069 - MANUTENÇÃO DA FARMÁCIA BÁSICA||3.1.90.11.11 - 3.1.90.11.11|102 - RECEITAS DE IMPOSTOS E DE TRANSFERÊNCIAS DE IMPOSTOS VINCULADOS À SAÚDE|NÃO SE APLICA|5483|20201127|9041.58|0.0|0.0|9041.58|0.0|9041.58|0.0|0.0|0.0|0.0|0.0
3110004|303|02|382323|2020|3|10 - SAÚDE|302 - ASSISTÊNCIA HOSPITALAR E AMBULATORIAL|0043 - SAÚDE BUCAL|2099 - MANUTENÇÃO DO SETOR DE SAÚDE BUCAL||3.1.90.13.03 - 3.1.90.13.03|102 - RECEITAS DE IMPOSTOS E DE TRANSFERÊNCIAS DE IMPOSTOS VINCULADOS À SAÚDE|NÃO SE APLICA|1208|20200221|0.0|0.0|0.0|0.0|0.0|7869.06|0.0|0.0|0.0|-7869.06|0.0
3110004|303|02|382323|2020|8|10 - SAÚDE|302 - ASSISTÊNCIA HOSPITALAR E AMBULATORIAL|0028 - CENTRO DE ESPECIALIDADES EM SAÚDE|2059 - MANUTENÇÃO DO CENTRO ESPECIALIDADES EM SAÚDE||3.1.90.13.01 - 3.1.90.13.01|102 - RECEITAS DE IMPOSTOS E DE TRANSFERÊNCIAS DE IMPOSTOS VINCULADOS À SAÚDE|NÃO SE APLICA|4162|20200828|4595.64|0.0|0.0|4595.64|0.0|0.0|0.0|0.0|0.0|4595.64|0.0
3110004|303|02|382334|2020|6|10 - SAÚDE|122 - ADMINISTRAÇÃO GERAL|0047 - MANUTENÇÃO DO SERVIÇO DE TRANSPORTE DE PACIENTES|2110 - MANUTENÇÃO DO SETOR DE TRANSPORTE||3.3.90.14.05 - 3.3.90.14.05|102 - RECEITAS DE IMPOSTOS E DE TRANSFERÊNCIAS DE IMPOSTOS VINCULADOS À SAÚDE|NÃO SE APLICA|2764|20200610|212.4|0.0|0.0|212.4|0.0|212.4|0.0|0.0|0.0|0.0|0.0
3110004|303|02|382334|2020|4|10 - SAÚDE|122 - ADMINISTRAÇÃO GERAL|0040 - GESTÃO DA SECRETARIA DE SAÚDE|2089 - MANUTENÇÃO DA SECRETARIA DE SAÚDE||3.3.90.49.00 - 3.3.90.49.00|102 - RECEITAS DE IMPOSTOS E DE TRANSFERÊNCIAS DE IMPOSTOS VINCULADOS À SAÚDE|NÃO SE APLICA|258|20200124|0.0|0.0|0.0|275.4|0.0|275.4|0.0|0.0|0.0|0.0|-275.4
3110004|303|02|382323|2020|12|10 - SAÚDE|302 - ASSISTÊNCIA HOSPITALAR E AMBULATORIAL|0048 - URGÊNCIA E EMERGÊNCIA|2403 - MANUTENÇÃO DO SAMU||3.1.90.13.03 - 3.1.90.13.03|102 - RECEITAS DE IMPOSTOS E DE TRANSFERÊNCIAS DE IMPOSTOS VINCULADOS À SAÚDE|NÃO SE APLICA|5610|20201127|0.0|0.0|0.0|0.0|0.0|6141.03|0.0|0.0|0.0|-6141.03|0.0
3110004|303|02|382334|2020|12|10 - SAÚDE|122 - ADMINISTRAÇÃO GERAL|0047 - MANUTENÇÃO DO SERVIÇO DE TRANSPORTE DE PACIENTES|2110 - MANUTENÇÃO DO SETOR DE TRANSPORTE||3.3.90.39.53 - 3.3.90.39.53|102 - RECEITAS DE IMPOSTOS E DE TRANSFERÊNCIAS DE IMPOSTOS VINCULADOS À SAÚDE|NÃO SE APLICA|6345|20201228|1226.8|0.0|0.0|1226.8|0.0|1226.8|0.0|0.0|0.0|0.0|0.0
3110004|303|02|382334|2020|4|10 - SAÚDE|122 - ADMINISTRAÇÃO GERAL|0040 - GESTÃO DA SECRETARIA DE SAÚDE|2089 - MANUTENÇÃO DA SECRETARIA DE SAÚDE||3.3.90.49.00 - 3.3.90.49.00|102 - RECEITAS DE IMPOSTOS E DE TRANSFERÊNCIAS DE IMPOSTOS VINCULADOS À SAÚDE|NÃO SE APLICA|257|20200124|0.0|0.0|0.0|3858.0|0.0|3858.0|0.0|0.0|0.0|0.0|-3858.0
3110004|303|02|382323|2020|9|10 - SAÚDE|305 - VIGILÂNCIA EPIDEMIOLÓGICA|0049 - VIGILÂNCIA EM SAÚDE|2399 - MANUTENÇÃO DA VIGILÂNCIA EM SAÚDE||3.3.90.30.39 - 3.3.90.30.39|102 - RECEITAS DE IMPOSTOS E DE TRANSFERÊNCIAS DE IMPOSTOS VINCULADOS À SAÚDE|NÃO SE APLICA|3771|20200810|0.0|0.0|0.0|0.0|0.0|2330.0|0.0|0.0|0.0|-2330.0|0.0
3110004|303|02|382323|2020|6|10 - SAÚDE|122 - ADMINISTRAÇÃO GERAL|0042 - SERVIÇO DE REGULAÇÃO EM SAÚDE|2094 - MANUTENÇÃO DA REGULAÇÃO EM SAÚDE||3.1.90.11.11 - 3.1.90.11.11|102 - RECEITAS DE IMPOSTOS E DE TRANSFERÊNCIAS DE IMPOSTOS VINCULADOS À SAÚDE|NÃO SE APLICA|3050|20200630|14418.3|0.0|0.0|14418.3|0.0|14418.3|0.0|0.0|0.0|0.0|0.0
3110004|303|02|382334|2020|3|10 - SAÚDE|122 - ADMINISTRAÇÃO GERAL|0047 - MANUTENÇÃO DO SERVIÇO DE TRANSPORTE DE PACIENTES|2110 - MANUTENÇÃO DO SETOR DE TRANSPORTE||3.3.90.14.05 - 3.3.90.14.05|102 - RECEITAS DE IMPOSTOS E DE TRANSFERÊNCIAS DE IMPOSTOS VINCULADOS À SAÚDE|NÃO SE APLICA|1377|20200313|472.0|0.0|0.0|472.0|0.0|472.0|0.0|0.0|0.0|0.0|0.0
3110004|303|02|382323|2020|8|10 - SAÚDE|122 - ADMINISTRAÇÃO GERAL|0032 - ASSISTÊNCIA FARMACÊUTCA|2069 - MANUTENÇÃO DA FARMÁCIA BÁSICA||3.3.90.36.14 - 3.3.90.36.14|102 - RECEITAS DE IMPOSTOS E DE TRANSFERÊNCIAS DE IMPOSTOS VINCULADOS À SAÚDE|NÃO SE APLICA|761|20200210|0.0|0.0|0.0|0.0|0.0|1929.64|0.0|0.0|0.0|-1929.64|0.0
3110004|303|02|382334|2020|10|10 - SAÚDE|304 - VIGILÂNCIA SANITÁRIA|0321 - CONTRIBUIÇÃO A INSTITUIÇÃO TERCEIRO SETOR|1247 - CONTRIBUICAO A INSTITUICAO TERCEIRO SETOR||3.3.50.43.00 - 3.3.50.43.00|102 - RECEITAS DE IMPOSTOS E DE TRANSFERÊNCIAS DE IMPOSTOS VINCULADOS À SAÚDE|NÃO SE APLICA|3797|20200812|0.0|0.0|0.0|58800.0|0.0|58800.0|0.0|0.0|0.0|0.0|-58800.0
3110004|303|02|382323|2020|10|10 - SAÚDE|302 - ASSISTÊNCIA HOSPITALAR E AMBULATORIAL|0080 - SAÚDE MENTAL|2104 - MANUTENÇÃO DO SETOR DE SAÚDE MENTAL||3.1.90.13.03 - 3.1.90.13.03|102 - RECEITAS DE IMPOSTOS E DE TRANSFERÊNCIAS DE IMPOSTOS VINCULADOS À SAÚDE|NÃO SE APLICA|5198|20201029|5420.07|0.0|0.0|5420.07|0.0|0.0|0.0|0.0|0.0|5420.07|0.0
3110004|303|02|382334|2020|3|10 - SAÚDE|122 - ADMINISTRAÇÃO GERAL|0047 - MANUTENÇÃO DO SERVIÇO DE TRANSPORTE DE PACIENTES|2110 - MANUTENÇÃO DO SETOR DE TRANSPORTE||3.3.90.14.05 - 3.3.90.14.05|102 - RECEITAS DE IMPOSTOS E DE TRANSFERÊNCIAS DE IMPOSTOS VINCULADOS À SAÚDE|NÃO SE APLICA|1389|20200313|1180.0|0.0|0.0|1180.0|0.0|1180.0|0.0|0.0|0.0|0.0|0.0
3110004|303|02|382334|2020|12|10 - SAÚDE|122 - ADMINISTRAÇÃO GERAL|0040 - GESTÃO DA SECRETARIA DE SAÚDE|2089 - MANUTENÇÃO DA SECRETARIA DE SAÚDE||3.1.90.11.09 - 3.1.90.11.09|102 - RECEITAS DE IMPOSTOS E DE TRANSFERÊNCIAS DE IMPOSTOS VINCULADOS À SAÚDE|NÃO SE APLICA|5834|20201214|6660.72|0.0|0.0|6660.72|0.0|6660.72|0.0|0.0|0.0|0.0|0.0
3110004|303|02|382323|2020|6|10 - SAÚDE|302 - ASSISTÊNCIA HOSPITALAR E AMBULATORIAL|0039 - GESTÃO DA FISIOTERAPIA|2086 - MANUTENÇÃO DO SETOR DA FISIOTERAPIA||3.1.90.13.03 - 3.1.90.13.03|102 - RECEITAS DE IMPOSTOS E DE TRANSFERÊNCIAS DE IMPOSTOS VINCULADOS À SAÚDE|NÃO SE APLICA|2657|20200529|0.0|0.0|0.0|0.0|0.0|3711.65|0.0|0.0|0.0|-3711.65|0.0
3110004|303|02|382323|2020|6|10 - SAÚDE|302 - ASSISTÊNCIA HOSPITALAR E AMBULATORIAL|0028 - CENTRO DE ESPECIALIDADES EM SAÚDE|2059 - MANUTENÇÃO DO CENTRO ESPECIALIDADES EM SAÚDE||3.3.90.39.36 - 3.3.90.39.36|102 - RECEITAS DE IMPOSTOS E DE TRANSFERÊNCIAS DE IMPOSTOS VINCULADOS À SAÚDE|NÃO SE APLICA|2316|20200513|0.0|0.0|0.0|5000.0|0.0|5000.0|0.0|0.0|0.0|0.0|-5000.0
3110004|303|02|382323|2020|6|10 - SAÚDE|122 - ADMINISTRAÇÃO GERAL|0032 - ASSISTÊNCIA FARMACÊUTCA|2069 - MANUTENÇÃO DA FARMÁCIA BÁSICA||3.3.90.30.09 - 3.3.90.30.09|102 - RECEITAS DE IMPOSTOS E DE TRANSFERÊNCIAS DE IMPOSTOS VINCULADOS À SAÚDE|NÃO SE APLICA|1797|20200406|0.0|0.0|0.0|4203.0|0.0|4203.0|0.0|0.0|0.0|0.0|-4203.0
3110004|303|02|382334|2020|12|10 - SAÚDE|122 - ADMINISTRAÇÃO GERAL|0040 - GESTÃO DA SECRETARIA DE SAÚDE|2089 - MANUTENÇÃO DA SECRETARIA DE SAÚDE||3.3.90.49.00 - 3.3.90.49.00|102 - RECEITAS DE IMPOSTOS E DE TRANSFERÊNCIAS DE IMPOSTOS VINCULADOS À SAÚDE|NÃO SE APLICA|259|20200124|0.0|0.0|400.0|0.0|0.0|0.0|0.0|0.0|0.0|0.0|-400.0
3110004|303|02|382323|2020|12|10 - SAÚDE|301 - ATENÇÃO BÁSICA|0029 - ATENÇÃO BÁSICA|2063 - MANUTENÇÃO DA ATENÇÃO BÁSICA||3.1.90.13.01 - 3.1.90.13.01|102 - RECEITAS DE IMPOSTOS E DE TRANSFERÊNCIAS DE IMPOSTOS VINCULADOS À SAÚDE|NÃO SE APLICA|6316|20201228|24742.89|0.0|0.0|24742.89|0.0|24742.89|0.0|0.0|0.0|0.0|0.0
3110004|303|02|382323|2020|3|10 - SAÚDE|122 - ADMINISTRAÇÃO GERAL|0042 - SERVIÇO DE REGULAÇÃO EM SAÚDE|2094 - MANUTENÇÃO DA REGULAÇÃO EM SAÚDE||3.1.90.13.03 - 3.1.90.13.03|102 - RECEITAS DE IMPOSTOS E DE TRANSFERÊNCIAS DE IMPOSTOS VINCULADOS À SAÚDE|NÃO SE APLICA|1685|20200327|2745.83|0.0|0.0|2745.83|0.0|3.24|0.0|0.0|0.0|2742.59|0.0
3110004|303|02|382323|2020|9|10 - SAÚDE|302 - ASSISTÊNCIA HOSPITALAR E AMBULATORIAL|0048 - URGÊNCIA E EMERGÊNCIA|2403 - MANUTENÇÃO DO SAMU||3.1.90.11.11 - 3.1.90.11.11|102 - RECEITAS DE IMPOSTOS E DE TRANSFERÊNCIAS DE IMPOSTOS VINCULADOS À SAÚDE|NÃO SE APLICA|4599|20200930|12565.0|0.0|0.0|12565.0|0.0|12565.0|0.0|0.0|0.0|0.0|0.0
3110004|303|02|382334|2020|1|10 - SAÚDE|122 - ADMINISTRAÇÃO GERAL|0040 - GESTÃO DA SECRETARIA DE SAÚDE|2089 - MANUTENÇÃO DA SECRETARIA DE SAÚDE||3.1.90.11.05 - 3.1.90.11.05|102 - RECEITAS DE IMPOSTOS E DE TRANSFERÊNCIAS DE IMPOSTOS VINCULADOS À SAÚDE|NÃO SE APLICA|397|20200130|4505.52|0.0|0.0|4505.52|0.0|4505.52|0.0|0.0|0.0|0.0|0.0
3110004|303|02|382323|2020|1|10 - SAÚDE|302 - ASSISTÊNCIA HOSPITALAR E AMBULATORIAL|0039 - GESTÃO DA FISIOTERAPIA|2086 - MANUTENÇÃO DO SETOR DA FISIOTERAPIA||3.1.90.13.01 - 3.1.90.13.01|102 - RECEITAS DE IMPOSTOS E DE TRANSFERÊNCIAS DE IMPOSTOS VINCULADOS À SAÚDE|NÃO SE APLICA|541|20200130|420.4|0.0|0.0|420.4|0.0|0.0|0.0|0.0|0.0|420.4|0.0
3110004|303|02|382334|2020|2|10 - SAÚDE|122 - ADMINISTRAÇÃO GERAL|0040 - GESTÃO DA SECRETARIA DE SAÚDE|2089 - MANUTENÇÃO DA SECRETARIA DE SAÚDE||3.3.90.14.05 - 3.3.90.14.05|102 - RECEITAS DE IMPOSTOS E DE TRANSFERÊNCIAS DE IMPOSTOS VINCULADOS À SAÚDE|NÃO SE APLICA|868|20200218|236.0|0.0|0.0|236.0|0.0|236.0|0.0|0.0|0.0|0.0|0.0
3110004|303|02|382323|2020|8|10 - SAÚDE|302 - ASSISTÊNCIA HOSPITALAR E AMBULATORIAL|0043 - SAÚDE BUCAL|2099 - MANUTENÇÃO DO SETOR DE SAÚDE BUCAL||3.1.90.13.01 - 3.1.90.13.01|102 - RECEITAS DE IMPOSTOS E DE TRANSFERÊNCIAS DE IMPOSTOS VINCULADOS À SAÚDE|NÃO SE APLICA|3683|20200731|0.0|0.0|0.0|0.0|0.0|1253.25|0.0|0.0|0.0|-1253.25|0.0
3110004|303|02|382334|2020|9|10 - SAÚDE|122 - ADMINISTRAÇÃO GERAL|0047 - MANUTENÇÃO DO SERVIÇO DE TRANSPORTE DE PACIENTES|2110 - MANUTENÇÃO DO SETOR DE TRANSPORTE||3.3.90.14.05 - 3.3.90.14.05|102 - RECEITAS DE IMPOSTOS E DE TRANSFERÊNCIAS DE IMPOSTOS VINCULADOS À SAÚDE|NÃO SE APLICA|4394|20200918|1180.0|0.0|0.0|1180.0|0.0|0.0|0.0|0.0|0.0|1180.0|0.0
3110004|303|02|382334|2020|11|10 - SAÚDE|122 - ADMINISTRAÇÃO GERAL|0047 - MANUTENÇÃO DO SERVIÇO DE TRANSPORTE DE PACIENTES|2110 - MANUTENÇÃO DO SETOR DE TRANSPORTE||3.3.90.14.05 - 3.3.90.14.05|102 - RECEITAS DE IMPOSTOS E DE TRANSFERÊNCIAS DE IMPOSTOS VINCULADOS À SAÚDE|NÃO SE APLICA|5642|20201127|23.6|0.0|0.0|23.6|0.0|0.0|0.0|0.0|0.0|23.6|0.0
3110004|303|02|382334|2020|7|10 - SAÚDE|122 - ADMINISTRAÇÃO GERAL|0040 - GESTÃO DA SECRETARIA DE SAÚDE|2089 - MANUTENÇÃO DA SECRETARIA DE SAÚDE||3.3.90.49.00 - 3.3.90.49.00|102 - RECEITAS DE IMPOSTOS E DE TRANSFERÊNCIAS DE IMPOSTOS VINCULADOS À SAÚDE|NÃO SE APLICA|256|20200124|0.0|0.0|0.0|7676.0|0.0|7676.0|0.0|0.0|0.0|0.0|-7676.0
3110004|303|02|382334|2020|12|10 - SAÚDE|122 - ADMINISTRAÇÃO GERAL|0047 - MANUTENÇÃO DO SERVIÇO DE TRANSPORTE DE PACIENTES|2110 - MANUTENÇÃO DO SETOR DE TRANSPORTE||3.3.90.14.05 - 3.3.90.14.05|102 - RECEITAS DE IMPOSTOS E DE TRANSFERÊNCIAS DE IMPOSTOS VINCULADOS À SAÚDE|NÃO SE APLICA|5626|20201127|0.0|0.0|0.0|0.0|0.0|944.0|0.0|0.0|0.0|-944.0|0.0
3110004|303|02|382334|2020|10|10 - SAÚDE|122 - ADMINISTRAÇÃO GERAL|0047 - MANUTENÇÃO DO SERVIÇO DE TRANSPORTE DE PACIENTES|2110 - MANUTENÇÃO DO SETOR DE TRANSPORTE||3.3.90.14.05 - 3.3.90.14.05|102 - RECEITAS DE IMPOSTOS E DE TRANSFERÊNCIAS DE IMPOSTOS VINCULADOS À SAÚDE|NÃO SE APLICA|4487|20200930|0.0|0.0|0.0|0.0|0.0|23.6|0.0|0.0|0.0|-23.6|0.0
3110004|303|02|382323|2020|9|10 - SAÚDE|302 - ASSISTÊNCIA HOSPITALAR E AMBULATORIAL|0028 - CENTRO DE ESPECIALIDADES EM SAÚDE|2059 - MANUTENÇÃO DO CENTRO ESPECIALIDADES EM SAÚDE||3.1.90.13.01 - 3.1.90.13.01|102 - RECEITAS DE IMPOSTOS E DE TRANSFERÊNCIAS DE IMPOSTOS VINCULADOS À SAÚDE|NÃO SE APLICA|4162|20200828|0.0|0.0|0.0|0.0|0.0|4595.64|0.0|0.0|0.0|-4595.64|0.0
3110004|303|02|382323|2020|7|10 - SAÚDE|302 - ASSISTÊNCIA HOSPITALAR E AMBULATORIAL|0043 - SAÚDE BUCAL|2099 - MANUTENÇÃO DO SETOR DE SAÚDE BUCAL||3.1.90.13.03 - 3.1.90.13.03|102 - RECEITAS DE IMPOSTOS E DE TRANSFERÊNCIAS DE IMPOSTOS VINCULADOS À SAÚDE|NÃO SE APLICA|3684|20200731|7363.17|0.0|0.0|7363.17|0.0|2961.39|0.0|0.0|0.0|4401.78|0.0
3110004|303|02|382334|2020|9|10 - SAÚDE|122 - ADMINISTRAÇÃO GERAL|0040 - GESTÃO DA SECRETARIA DE SAÚDE|2089 - MANUTENÇÃO DA SECRETARIA DE SAÚDE||3.3.90.39.43 - 3.3.90.39.43|102 - RECEITAS DE IMPOSTOS E DE TRANSFERÊNCIAS DE IMPOSTOS VINCULADOS À SAÚDE|NÃO SE APLICA|193|20200115|0.0|0.0|0.0|4363.32|0.0|4363.32|0.0|0.0|0.0|0.0|-4363.32
3110004|303|02|382334|2020|9|10 - SAÚDE|122 - ADMINISTRAÇÃO GERAL|0047 - MANUTENÇÃO DO SERVIÇO DE TRANSPORTE DE PACIENTES|2110 - MANUTENÇÃO DO SETOR DE TRANSPORTE||3.3.90.39.46 - 3.3.90.39.46|102 - RECEITAS DE IMPOSTOS E DE TRANSFERÊNCIAS DE IMPOSTOS VINCULADOS À SAÚDE|NÃO SE APLICA|898|20200218|0.0|0.0|0.0|22500.0|0.0|337.5|0.0|0.0|0.0|22162.5|-22500.0
3110004|303|02|382334|2020|8|10 - SAÚDE|122 - ADMINISTRAÇÃO GERAL|0040 - GESTÃO DA SECRETARIA DE SAÚDE|2089 - MANUTENÇÃO DA SECRETARIA DE SAÚDE||3.3.90.14.05 - 3.3.90.14.05|102 - RECEITAS DE IMPOSTOS E DE TRANSFERÊNCIAS DE IMPOSTOS VINCULADOS À SAÚDE|NÃO SE APLICA|3449|20200727|0.0|0.0|0.0|0.0|0.0|283.2|0.0|0.0|0.0|-283.2|0.0
3110004|303|02|382323|2020|7|10 - SAÚDE|122 - ADMINISTRAÇÃO GERAL|0032 - ASSISTÊNCIA FARMACÊUTCA|2069 - MANUTENÇÃO DA FARMÁCIA BÁSICA||3.1.90.13.01 - 3.1.90.13.01|102 - RECEITAS DE IMPOSTOS E DE TRANSFERÊNCIAS DE IMPOSTOS VINCULADOS À SAÚDE|NÃO SE APLICA|3672|20200731|723.33|0.0|0.0|723.33|0.0|0.0|0.0|0.0|0.0|723.33|0.0
3110004|303|02|382334|2020|7|10 - SAÚDE|122 - ADMINISTRAÇÃO GERAL|0047 - MANUTENÇÃO DO SERVIÇO DE TRANSPORTE DE PACIENTES|2110 - MANUTENÇÃO DO SETOR DE TRANSPORTE||3.3.90.39.16 - 3.3.90.39.16|102 - RECEITAS DE IMPOSTOS E DE TRANSFERÊNCIAS DE IMPOSTOS VINCULADOS À SAÚDE|NÃO SE APLICA|3462|20200731|311.87|0.0|0.0|0.0|0.0|0.0|0.0|0.0|0.0|0.0|311.87
3110004|303|02|382334|2020|11|10 - SAÚDE|122 - ADMINISTRAÇÃO GERAL|0047 - MANUTENÇÃO DO SERVIÇO DE TRANSPORTE DE PACIENTES|2110 - MANUTENÇÃO DO SETOR DE TRANSPORTE||3.3.90.14.05 - 3.3.90.14.05|102 - RECEITAS DE IMPOSTOS E DE TRANSFERÊNCIAS DE IMPOSTOS VINCULADOS À SAÚDE|NÃO SE APLICA|5213|20201029|0.0|0.0|0.0|0.0|0.0|118.0|0.0|0.0|0.0|-118.0|0.0
3110004|303|02|382334|2020|3|10 - SAÚDE|122 - ADMINISTRAÇÃO GERAL|0047 - MANUTENÇÃO DO SERVIÇO DE TRANSPORTE DE PACIENTES|2110 - MANUTENÇÃO DO SETOR DE TRANSPORTE||3.3.90.14.05 - 3.3.90.14.05|102 - RECEITAS DE IMPOSTOS E DE TRANSFERÊNCIAS DE IMPOSTOS VINCULADOS À SAÚDE|NÃO SE APLICA|1378|20200313|566.4|0.0|0.0|566.4|0.0|566.4|0.0|0.0|0.0|0.0|0.0
3110004|303|02|382334|2020|7|10 - SAÚDE|122 - ADMINISTRAÇÃO GERAL|0047 - MANUTENÇÃO DO SERVIÇO DE TRANSPORTE DE PACIENTES|2110 - MANUTENÇÃO DO SETOR DE TRANSPORTE||3.3.90.14.05 - 3.3.90.14.05|102 - RECEITAS DE IMPOSTOS E DE TRANSFERÊNCIAS DE IMPOSTOS VINCULADOS À SAÚDE|NÃO SE APLICA|3450|20200727|708.0|0.0|0.0|708.0|0.0|0.0|0.0|0.0|0.0|708.0|0.0
3110004|303|02|382334|2020|3|10 - SAÚDE|122 - ADMINISTRAÇÃO GERAL|0040 - GESTÃO DA SECRETARIA DE SAÚDE|2089 - MANUTENÇÃO DA SECRETARIA DE SAÚDE||3.3.90.49.00 - 3.3.90.49.00|102 - RECEITAS DE IMPOSTOS E DE TRANSFERÊNCIAS DE IMPOSTOS VINCULADOS À SAÚDE|NÃO SE APLICA|256|20200124|0.0|0.0|0.0|6992.0|0.0|6992.0|0.0|0.0|0.0|0.0|-6992.0
3110004|303|02|382323|2020|9|10 - SAÚDE|302 - ASSISTÊNCIA HOSPITALAR E AMBULATORIAL|0043 - SAÚDE BUCAL|2099 - MANUTENÇÃO DO SETOR DE SAÚDE BUCAL||3.1.90.13.03 - 3.1.90.13.03|102 - RECEITAS DE IMPOSTOS E DE TRANSFERÊNCIAS DE IMPOSTOS VINCULADOS À SAÚDE|NÃO SE APLICA|4714|20200930|7363.17|0.0|0.0|7363.17|0.0|48.62|0.0|0.0|0.0|7314.55|0.0
3110004|303|02|382334|2020|11|10 - SAÚDE|122 - ADMINISTRAÇÃO GERAL|0047 - MANUTENÇÃO DO SERVIÇO DE TRANSPORTE DE PACIENTES|2110 - MANUTENÇÃO DO SETOR DE TRANSPORTE||3.3.90.14.05 - 3.3.90.14.05|102 - RECEITAS DE IMPOSTOS E DE TRANSFERÊNCIAS DE IMPOSTOS VINCULADOS À SAÚDE|NÃO SE APLICA|5636|20201127|944.0|0.0|0.0|944.0|0.0|0.0|0.0|0.0|0.0|944.0|0.0
3110004|303|02|382323|2020|8|10 - SAÚDE|302 - ASSISTÊNCIA HOSPITALAR E AMBULATORIAL|0039 - GESTÃO DA FISIOTERAPIA|2086 - MANUTENÇÃO DO SETOR DA FISIOTERAPIA||3.1.90.13.01 - 3.1.90.13.01|102 - RECEITAS DE IMPOSTOS E DE TRANSFERÊNCIAS DE IMPOSTOS VINCULADOS À SAÚDE|NÃO SE APLICA|3681|20200731|0.0|0.0|0.0|0.0|0.0|913.38|0.0|0.0|0.0|-913.38|0.0
3110004|303|02|382334|2020|12|10 - SAÚDE|122 - ADMINISTRAÇÃO GERAL|0040 - GESTÃO DA SECRETARIA DE SAÚDE|2089 - MANUTENÇÃO DA SECRETARIA DE SAÚDE||3.3.90.39.29 - 3.3.90.39.29|102 - RECEITAS DE IMPOSTOS E DE TRANSFERÊNCIAS DE IMPOSTOS VINCULADOS À SAÚDE|NÃO SE APLICA|11|20200102|0.0|0.0|0.0|1382.38|0.0|1382.38|0.0|0.0|0.0|0.0|-1382.38
3110004|303|02|382334|2020|9|10 - SAÚDE|122 - ADMINISTRAÇÃO GERAL|0047 - MANUTENÇÃO DO SERVIÇO DE TRANSPORTE DE PACIENTES|2110 - MANUTENÇÃO DO SETOR DE TRANSPORTE||3.3.90.14.05 - 3.3.90.14.05|102 - RECEITAS DE IMPOSTOS E DE TRANSFERÊNCIAS DE IMPOSTOS VINCULADOS À SAÚDE|NÃO SE APLICA|4487|20200930|23.6|0.0|0.0|23.6|0.0|0.0|0.0|0.0|0.0|23.6|0.0
3110004|303|02|382334|2020|11|10 - SAÚDE|122 - ADMINISTRAÇÃO GERAL|0047 - MANUTENÇÃO DO SERVIÇO DE TRANSPORTE DE PACIENTES|2110 - MANUTENÇÃO DO SETOR DE TRANSPORTE||3.3.90.14.05 - 3.3.90.14.05|102 - RECEITAS DE IMPOSTOS E DE TRANSFERÊNCIAS DE IMPOSTOS VINCULADOS À SAÚDE|NÃO SE APLICA|5627|20201127|708.0|0.0|0.0|708.0|0.0|0.0|0.0|0.0|0.0|708.0|0.0
3110004|303|02|382334|2020|7|10 - SAÚDE|122 - ADMINISTRAÇÃO GERAL|0047 - MANUTENÇÃO DO SERVIÇO DE TRANSPORTE DE PACIENTES|2110 - MANUTENÇÃO DO SETOR DE TRANSPORTE||3.3.90.14.05 - 3.3.90.14.05|102 - RECEITAS DE IMPOSTOS E DE TRANSFERÊNCIAS DE IMPOSTOS VINCULADOS À SAÚDE|NÃO SE APLICA|3439|20200727|1180.0|0.0|0.0|1180.0|0.0|0.0|0.0|0.0|0.0|1180.0|0.0
3110004|303|02|382334|2020|11|10 - SAÚDE|122 - ADMINISTRAÇÃO GERAL|0047 - MANUTENÇÃO DO SERVIÇO DE TRANSPORTE DE PACIENTES|2110 - MANUTENÇÃO DO SETOR DE TRANSPORTE||3.3.90.14.05 - 3.3.90.14.05|102 - RECEITAS DE IMPOSTOS E DE TRANSFERÊNCIAS DE IMPOSTOS VINCULADOS À SAÚDE|NÃO SE APLICA|5375|20201125|944.0|0.0|0.0|944.0|0.0|944.0|0.0|0.0|0.0|0.0|0.0
3110004|303|02|382323|2020|3|10 - SAÚDE|122 - ADMINISTRAÇÃO GERAL|0032 - ASSISTÊNCIA FARMACÊUTCA|2069 - MANUTENÇÃO DA FARMÁCIA BÁSICA||3.3.90.30.09 - 3.3.90.30.09|102 - RECEITAS DE IMPOSTOS E DE TRANSFERÊNCIAS DE IMPOSTOS VINCULADOS À SAÚDE|NÃO SE APLICA|877|20200218|0.0|0.0|0.0|1731.0|0.0|0.0|0.0|0.0|0.0|1731.0|-1731.0
3110004|303|02|382323|2020|11|10 - SAÚDE|302 - ASSISTÊNCIA HOSPITALAR E AMBULATORIAL|0028 - CENTRO DE ESPECIALIDADES EM SAÚDE|2059 - MANUTENÇÃO DO CENTRO ESPECIALIDADES EM SAÚDE||3.1.90.13.01 - 3.1.90.13.01|102 - RECEITAS DE IMPOSTOS E DE TRANSFERÊNCIAS DE IMPOSTOS VINCULADOS À SAÚDE|NÃO SE APLICA|5189|20201029|0.0|0.0|0.0|0.0|0.0|4598.48|0.0|0.0|0.0|-4598.48|0.0
3110004|303|02|382334|2020|8|10 - SAÚDE|122 - ADMINISTRAÇÃO GERAL|0040 - GESTÃO DA SECRETARIA DE SAÚDE|2089 - MANUTENÇÃO DA SECRETARIA DE SAÚDE||3.3.90.14.05 - 3.3.90.14.05|102 - RECEITAS DE IMPOSTOS E DE TRANSFERÊNCIAS DE IMPOSTOS VINCULADOS À SAÚDE|NÃO SE APLICA|4215|20200831|23.6|0.0|0.0|23.6|0.0|0.0|0.0|0.0|0.0|23.6|0.0
3110004|303|02|382334|2020|2|10 - SAÚDE|122 - ADMINISTRAÇÃO GERAL|0047 - MANUTENÇÃO DO SERVIÇO DE TRANSPORTE DE PACIENTES|2110 - MANUTENÇÃO DO SETOR DE TRANSPORTE||3.3.90.39.53 - 3.3.90.39.53|102 - RECEITAS DE IMPOSTOS E DE TRANSFERÊNCIAS DE IMPOSTOS VINCULADOS À SAÚDE|NÃO SE APLICA|296|20200124|0.0|0.0|0.0|0.0|0.0|222.9|0.0|0.0|0.0|-222.9|0.0
3110004|303|02|382334|2020|9|10 - SAÚDE|122 - ADMINISTRAÇÃO GERAL|0040 - GESTÃO DA SECRETARIA DE SAÚDE|2089 - MANUTENÇÃO DA SECRETARIA DE SAÚDE||3.1.90.16.00 - 3.1.90.16.00|102 - RECEITAS DE IMPOSTOS E DE TRANSFERÊNCIAS DE IMPOSTOS VINCULADOS À SAÚDE|NÃO SE APLICA|4563|20200930|1397.81|0.0|0.0|1397.81|0.0|1397.81|0.0|0.0|0.0|0.0|0.0
3110004|303|02|382334|2020|5|10 - SAÚDE|122 - ADMINISTRAÇÃO GERAL|0047 - MANUTENÇÃO DO SERVIÇO DE TRANSPORTE DE PACIENTES|2110 - MANUTENÇÃO DO SETOR DE TRANSPORTE||3.3.90.39.53 - 3.3.90.39.53|102 - RECEITAS DE IMPOSTOS E DE TRANSFERÊNCIAS DE IMPOSTOS VINCULADOS À SAÚDE|NÃO SE APLICA|621|20200130|0.0|0.0|0.0|1199.6|0.0|1199.6|0.0|0.0|0.0|0.0|-1199.6
3110004|303|02|382334|2020|6|10 - SAÚDE|122 - ADMINISTRAÇÃO GERAL|0040 - GESTÃO DA SECRETARIA DE SAÚDE|2089 - MANUTENÇÃO DA SECRETARIA DE SAÚDE||3.3.90.39.29 - 3.3.90.39.29|102 - RECEITAS DE IMPOSTOS E DE TRANSFERÊNCIAS DE IMPOSTOS VINCULADOS À SAÚDE|NÃO SE APLICA|11|20200102|0.0|0.0|0.0|1400.49|0.0|1400.49|0.0|0.0|0.0|0.0|-1400.49
3110004|303|02|382334|2020|9|10 - SAÚDE|122 - ADMINISTRAÇÃO GERAL|0047 - MANUTENÇÃO DO SERVIÇO DE TRANSPORTE DE PACIENTES|2110 - MANUTENÇÃO DO SETOR DE TRANSPORTE||3.3.90.14.05 - 3.3.90.14.05|102 - RECEITAS DE IMPOSTOS E DE TRANSFERÊNCIAS DE IMPOSTOS VINCULADOS À SAÚDE|NÃO SE APLICA|4454|20200928|165.2|0.0|0.0|165.2|0.0|0.0|0.0|0.0|0.0|165.2|0.0
3110004|303|02|382323|2020|8|10 - SAÚDE|302 - ASSISTÊNCIA HOSPITALAR E AMBULATORIAL|0043 - SAÚDE BUCAL|2099 - MANUTENÇÃO DO SETOR DE SAÚDE BUCAL||3.1.90.04.99 - 3.1.90.04.99|102 - RECEITAS DE IMPOSTOS E DE TRANSFERÊNCIAS DE IMPOSTOS VINCULADOS À SAÚDE|NÃO SE APLICA|4052|20200828|11639.75|0.0|0.0|11639.75|0.0|11639.75|0.0|0.0|0.0|0.0|0.0
3110004|303|02|382323|2020|4|10 - SAÚDE|302 - ASSISTÊNCIA HOSPITALAR E AMBULATORIAL|0043 - SAÚDE BUCAL|2099 - MANUTENÇÃO DO SETOR DE SAÚDE BUCAL||3.1.90.04.99 - 3.1.90.04.99|102 - RECEITAS DE IMPOSTOS E DE TRANSFERÊNCIAS DE IMPOSTOS VINCULADOS À SAÚDE|NÃO SE APLICA|2061|20200429|13029.5|0.0|0.0|13029.5|0.0|13029.5|0.0|0.0|0.0|0.0|0.0
3110004|303|02|382323|2020|2|10 - SAÚDE|122 - ADMINISTRAÇÃO GERAL|0042 - SERVIÇO DE REGULAÇÃO EM SAÚDE|2094 - MANUTENÇÃO DA REGULAÇÃO EM SAÚDE||3.3.90.48.00 - 3.3.90.48.00|102 - RECEITAS DE IMPOSTOS E DE TRANSFERÊNCIAS DE IMPOSTOS VINCULADOS À SAÚDE|NÃO SE APLICA|148|20200115|0.0|0.0|0.0|1910.0|0.0|1910.0|0.0|0.0|0.0|0.0|-1910.0
3110004|303|02|382334|2020|2|10 - SAÚDE|122 - ADMINISTRAÇÃO GERAL|0040 - GESTÃO DA SECRETARIA DE SAÚDE|2089 - MANUTENÇÃO DA SECRETARIA DE SAÚDE||3.1.90.13.01 - 3.1.90.13.01|102 - RECEITAS DE IMPOSTOS E DE TRANSFERÊNCIAS DE IMPOSTOS VINCULADOS À SAÚDE|NÃO SE APLICA|1169|20200221|1416.33|0.0|0.0|1416.33|0.0|0.0|0.0|0.0|0.0|1416.33|0.0
3110004|303|02|382334|2020|8|10 - SAÚDE|122 - ADMINISTRAÇÃO GERAL|0047 - MANUTENÇÃO DO SERVIÇO DE TRANSPORTE DE PACIENTES|2110 - MANUTENÇÃO DO SETOR DE TRANSPORTE||3.3.90.39.16 - 3.3.90.39.16|102 - RECEITAS DE IMPOSTOS E DE TRANSFERÊNCIAS DE IMPOSTOS VINCULADOS À SAÚDE|NÃO SE APLICA|3462|20200731|0.0|0.0|0.0|311.87|0.0|311.87|0.0|0.0|0.0|0.0|-311.87
3110004|303|02|382323|2020|8|10 - SAÚDE|302 - ASSISTÊNCIA HOSPITALAR E AMBULATORIAL|0043 - SAÚDE BUCAL|2099 - MANUTENÇÃO DO SETOR DE SAÚDE BUCAL||3.1.90.13.03 - 3.1.90.13.03|102 - RECEITAS DE IMPOSTOS E DE TRANSFERÊNCIAS DE IMPOSTOS VINCULADOS À SAÚDE|NÃO SE APLICA|4167|20200828|7363.17|0.0|0.0|7363.17|0.0|436.99|0.0|0.0|0.0|6926.18|0.0
3110004|303|02|382334|2020|5|10 - SAÚDE|122 - ADMINISTRAÇÃO GERAL|0040 - GESTÃO DA SECRETARIA DE SAÚDE|2089 - MANUTENÇÃO DA SECRETARIA DE SAÚDE||3.1.90.11.05 - 3.1.90.11.05|102 - RECEITAS DE IMPOSTOS E DE TRANSFERÊNCIAS DE IMPOSTOS VINCULADOS À SAÚDE|NÃO SE APLICA|2507|20200529|3941.75|0.0|0.0|3941.75|0.0|3941.75|0.0|0.0|0.0|0.0|0.0
3110004|303|02|382323|2020|1|10 - SAÚDE|302 - ASSISTÊNCIA HOSPITALAR E AMBULATORIAL|0043 - SAÚDE BUCAL|2099 - MANUTENÇÃO DO SETOR DE SAÚDE BUCAL||3.1.90.13.03 - 3.1.90.13.03|102 - RECEITAS DE IMPOSTOS E DE TRANSFERÊNCIAS DE IMPOSTOS VINCULADOS À SAÚDE|NÃO SE APLICA|544|20200130|7044.58|0.0|0.0|7044.58|0.0|48.62|0.0|0.0|0.0|6995.96|0.0
3110004|303|02|382323|2020|4|10 - SAÚDE|302 - ASSISTÊNCIA HOSPITALAR E AMBULATORIAL|0028 - CENTRO DE ESPECIALIDADES EM SAÚDE|2059 - MANUTENÇÃO DO CENTRO ESPECIALIDADES EM SAÚDE||3.1.90.13.01 - 3.1.90.13.01|102 - RECEITAS DE IMPOSTOS E DE TRANSFERÊNCIAS DE IMPOSTOS VINCULADOS À SAÚDE|NÃO SE APLICA|2161|20200429|5276.39|0.0|0.0|5276.39|0.0|0.0|0.0|0.0|0.0|5276.39|0.0
3110004|303|02|382323|2020|4|10 - SAÚDE|122 - ADMINISTRAÇÃO GERAL|0042 - SERVIÇO DE REGULAÇÃO EM SAÚDE|2094 - MANUTENÇÃO DA REGULAÇÃO EM SAÚDE||3.1.90.11.11 - 3.1.90.11.11|102 - RECEITAS DE IMPOSTOS E DE TRANSFERÊNCIAS DE IMPOSTOS VINCULADOS À SAÚDE|NÃO SE APLICA|2053|20200429|17210.08|0.0|0.0|17210.08|0.0|17210.08|0.0|0.0|0.0|0.0|0.0
3110004|303|02|382334|2020|12|10 - SAÚDE|122 - ADMINISTRAÇÃO GERAL|0047 - MANUTENÇÃO DO SERVIÇO DE TRANSPORTE DE PACIENTES|2110 - MANUTENÇÃO DO SETOR DE TRANSPORTE||3.3.90.14.05 - 3.3.90.14.05|102 - RECEITAS DE IMPOSTOS E DE TRANSFERÊNCIAS DE IMPOSTOS VINCULADOS À SAÚDE|NÃO SE APLICA|5644|20201127|0.0|0.0|0.0|0.0|0.0|330.4|0.0|0.0|0.0|-330.4|0.0
3110004|303|02|382334|2020|11|10 - SAÚDE|122 - ADMINISTRAÇÃO GERAL|0040 - GESTÃO DA SECRETARIA DE SAÚDE|2089 - MANUTENÇÃO DA SECRETARIA DE SAÚDE||3.3.90.49.00 - 3.3.90.49.00|102 - RECEITAS DE IMPOSTOS E DE TRANSFERÊNCIAS DE IMPOSTOS VINCULADOS À SAÚDE|NÃO SE APLICA|256|20200124|0.0|0.0|19000.0|6534.0|0.0|6534.0|0.0|0.0|0.0|0.0|-25534.0
3110004|303|02|382334|2020|10|10 - SAÚDE|122 - ADMINISTRAÇÃO GERAL|0040 - GESTÃO DA SECRETARIA DE SAÚDE|2089 - MANUTENÇÃO DA SECRETARIA DE SAÚDE||3.3.90.14.05 - 3.3.90.14.05|102 - RECEITAS DE IMPOSTOS E DE TRANSFERÊNCIAS DE IMPOSTOS VINCULADOS À SAÚDE|NÃO SE APLICA|4455|20200928|0.0|0.0|0.0|0.0|0.0|70.8|0.0|0.0|0.0|-70.8|0.0
3110004|303|02|382323|2020|11|10 - SAÚDE|302 - ASSISTÊNCIA HOSPITALAR E AMBULATORIAL|0039 - GESTÃO DA FISIOTERAPIA|2086 - MANUTENÇÃO DO SETOR DA FISIOTERAPIA||3.1.90.13.03 - 3.1.90.13.03|102 - RECEITAS DE IMPOSTOS E DE TRANSFERÊNCIAS DE IMPOSTOS VINCULADOS À SAÚDE|NÃO SE APLICA|5192|20201029|0.0|0.0|0.0|0.0|0.0|268.81|0.0|0.0|0.0|-268.81|0.0
3110004|303|02|382334|2020|6|10 - SAÚDE|122 - ADMINISTRAÇÃO GERAL|0040 - GESTÃO DA SECRETARIA DE SAÚDE|2089 - MANUTENÇÃO DA SECRETARIA DE SAÚDE||3.3.90.14.05 - 3.3.90.14.05|102 - RECEITAS DE IMPOSTOS E DE TRANSFERÊNCIAS DE IMPOSTOS VINCULADOS À SAÚDE|NÃO SE APLICA|2888|20200623|236.0|0.0|0.0|236.0|0.0|236.0|0.0|0.0|0.0|0.0|0.0
3110004|303|02|382323|2020|2|10 - SAÚDE|302 - ASSISTÊNCIA HOSPITALAR E AMBULATORIAL|0028 - CENTRO DE ESPECIALIDADES EM SAÚDE|2059 - MANUTENÇÃO DO CENTRO ESPECIALIDADES EM SAÚDE||3.3.90.39.36 - 3.3.90.39.36|102 - RECEITAS DE IMPOSTOS E DE TRANSFERÊNCIAS DE IMPOSTOS VINCULADOS À SAÚDE|NÃO SE APLICA|672|20200203|80000.0|0.0|0.0|0.0|0.0|0.0|0.0|0.0|0.0|0.0|80000.0
3110004|303|02|382323|2020|5|10 - SAÚDE|122 - ADMINISTRAÇÃO GERAL|0042 - SERVIÇO DE REGULAÇÃO EM SAÚDE|2094 - MANUTENÇÃO DA REGULAÇÃO EM SAÚDE||3.1.90.13.03 - 3.1.90.13.03|102 - RECEITAS DE IMPOSTOS E DE TRANSFERÊNCIAS DE IMPOSTOS VINCULADOS À SAÚDE|NÃO SE APLICA|2650|20200529|2826.3|0.0|0.0|2826.3|0.0|0.0|0.0|0.0|0.0|2826.3|0.0
3110004|303|02|382334|2020|1|10 - SAÚDE|122 - ADMINISTRAÇÃO GERAL|0047 - MANUTENÇÃO DO SERVIÇO DE TRANSPORTE DE PACIENTES|2110 - MANUTENÇÃO DO SETOR DE TRANSPORTE||3.1.90.13.03 - 3.1.90.13.03|102 - RECEITAS DE IMPOSTOS E DE TRANSFERÊNCIAS DE IMPOSTOS VINCULADOS À SAÚDE|NÃO SE APLICA|510|20200130|16090.85|0.0|0.0|16090.85|0.0|48.62|0.0|0.0|0.0|16042.23|0.0
3110004|303|02|382323|2020|7|10 - SAÚDE|122 - ADMINISTRAÇÃO GERAL|0032 - ASSISTÊNCIA FARMACÊUTCA|2069 - MANUTENÇÃO DA FARMÁCIA BÁSICA||3.1.90.11.11 - 3.1.90.11.11|102 - RECEITAS DE IMPOSTOS E DE TRANSFERÊNCIAS DE IMPOSTOS VINCULADOS À SAÚDE|NÃO SE APLICA|3559|20200731|9041.58|0.0|0.0|9041.58|0.0|9041.58|0.0|0.0|0.0|0.0|0.0
3110004|303|02|382323|2020|6|10 - SAÚDE|122 - ADMINISTRAÇÃO GERAL|0032 - ASSISTÊNCIA FARMACÊUTCA|2069 - MANUTENÇÃO DA FARMÁCIA BÁSICA||3.3.90.30.09 - 3.3.90.30.09|102 - RECEITAS DE IMPOSTOS E DE TRANSFERÊNCIAS DE IMPOSTOS VINCULADOS À SAÚDE|NÃO SE APLICA|2224|20200506|0.0|0.0|0.0|0.0|0.0|348.22|0.0|0.0|0.0|-348.22|0.0
3110004|303|02|382334|2020|4|10 - SAÚDE|122 - ADMINISTRAÇÃO GERAL|0047 - MANUTENÇÃO DO SERVIÇO DE TRANSPORTE DE PACIENTES|2110 - MANUTENÇÃO DO SETOR DE TRANSPORTE||3.3.90.39.53 - 3.3.90.39.53|102 - RECEITAS DE IMPOSTOS E DE TRANSFERÊNCIAS DE IMPOSTOS VINCULADOS À SAÚDE|NÃO SE APLICA|556|20200130|0.0|0.0|0.0|13225.0|0.0|13225.0|0.0|0.0|0.0|0.0|-13225.0
3110004|303|02|382334|2020|4|10 - SAÚDE|122 - ADMINISTRAÇÃO GERAL|0040 - GESTÃO DA SECRETARIA DE SAÚDE|2089 - MANUTENÇÃO DA SECRETARIA DE SAÚDE||3.3.90.40.02 - 3.3.90.40.02|102 - RECEITAS DE IMPOSTOS E DE TRANSFERÊNCIAS DE IMPOSTOS VINCULADOS À SAÚDE|NÃO SE APLICA|574|20200130|0.0|0.0|0.0|1500.0|0.0|1500.0|0.0|0.0|0.0|0.0|-1500.0
3110004|303|02|382323|2020|12|10 - SAÚDE|122 - ADMINISTRAÇÃO GERAL|0032 - ASSISTÊNCIA FARMACÊUTCA|2069 - MANUTENÇÃO DA FARMÁCIA BÁSICA||3.3.90.30.09 - 3.3.90.30.09|102 - RECEITAS DE IMPOSTOS E DE TRANSFERÊNCIAS DE IMPOSTOS VINCULADOS À SAÚDE|NÃO SE APLICA|2221|20200506|0.0|0.0|0.0|1399.61|0.0|1399.61|0.0|0.0|0.0|0.0|-1399.61
3110004|303|02|382323|2020|1|10 - SAÚDE|302 - ASSISTÊNCIA HOSPITALAR E AMBULATORIAL|0048 - URGÊNCIA E EMERGÊNCIA|2403 - MANUTENÇÃO DO SAMU||3.1.90.11.11 - 3.1.90.11.11|102 - RECEITAS DE IMPOSTOS E DE TRANSFERÊNCIAS DE IMPOSTOS VINCULADOS À SAÚDE|NÃO SE APLICA|441|20200130|15309.21|0.0|0.0|15309.21|0.0|15309.21|0.0|0.0|0.0|0.0|0.0
3110004|303|02|382334|2020|8|10 - SAÚDE|122 - ADMINISTRAÇÃO GERAL|0040 - GESTÃO DA SECRETARIA DE SAÚDE|2089 - MANUTENÇÃO DA SECRETARIA DE SAÚDE||3.1.90.13.03 - 3.1.90.13.03|102 - RECEITAS DE IMPOSTOS E DE TRANSFERÊNCIAS DE IMPOSTOS VINCULADOS À SAÚDE|NÃO SE APLICA|4133|20200828|5816.01|0.0|0.0|5816.01|0.0|48.62|0.0|0.0|0.0|5767.39|0.0
3110004|303|02|382323|2020|3|10 - SAÚDE|302 - ASSISTÊNCIA HOSPITALAR E AMBULATORIAL|0028 - CENTRO DE ESPECIALIDADES EM SAÚDE|2059 - MANUTENÇÃO DO CENTRO ESPECIALIDADES EM SAÚDE||3.3.90.39.36 - 3.3.90.39.36|102 - RECEITAS DE IMPOSTOS E DE TRANSFERÊNCIAS DE IMPOSTOS VINCULADOS À SAÚDE|NÃO SE APLICA|575|20200130|0.0|0.0|0.0|8645.0|0.0|8645.0|0.0|0.0|0.0|0.0|-8645.0
3110004|303|02|382323|2020|5|10 - SAÚDE|302 - ASSISTÊNCIA HOSPITALAR E AMBULATORIAL|0039 - GESTÃO DA FISIOTERAPIA|2086 - MANUTENÇÃO DO SETOR DA FISIOTERAPIA||3.1.90.13.03 - 3.1.90.13.03|102 - RECEITAS DE IMPOSTOS E DE TRANSFERÊNCIAS DE IMPOSTOS VINCULADOS À SAÚDE|NÃO SE APLICA|2657|20200529|3711.65|0.0|0.0|3711.65|0.0|0.0|0.0|0.0|0.0|3711.65|0.0
3110004|303|02|382334|2020|2|10 - SAÚDE|122 - ADMINISTRAÇÃO GERAL|0040 - GESTÃO DA SECRETARIA DE SAÚDE|2089 - MANUTENÇÃO DA SECRETARIA DE SAÚDE||3.1.90.11.05 - 3.1.90.11.05|102 - RECEITAS DE IMPOSTOS E DE TRANSFERÊNCIAS DE IMPOSTOS VINCULADOS À SAÚDE|NÃO SE APLICA|1060|20200221|3789.7|0.0|0.0|3789.7|0.0|3789.7|0.0|0.0|0.0|0.0|0.0
3110004|303|02|382323|2020|3|10 - SAÚDE|122 - ADMINISTRAÇÃO GERAL|0032 - ASSISTÊNCIA FARMACÊUTCA|2069 - MANUTENÇÃO DA FARMÁCIA BÁSICA||3.3.90.30.09 - 3.3.90.30.09|102 - RECEITAS DE IMPOSTOS E DE TRANSFERÊNCIAS DE IMPOSTOS VINCULADOS À SAÚDE|NÃO SE APLICA|876|20200218|0.0|0.0|0.0|9500.6|0.0|9500.6|0.0|0.0|0.0|0.0|-9500.6
3110004|303|02|382334|2020|4|10 - SAÚDE|122 - ADMINISTRAÇÃO GERAL|0047 - MANUTENÇÃO DO SERVIÇO DE TRANSPORTE DE PACIENTES|2110 - MANUTENÇÃO DO SETOR DE TRANSPORTE||3.1.90.13.03 - 3.1.90.13.03|102 - RECEITAS DE IMPOSTOS E DE TRANSFERÊNCIAS DE IMPOSTOS VINCULADOS À SAÚDE|NÃO SE APLICA|1658|20200327|0.0|0.0|0.0|0.0|0.0|15790.8|0.0|0.0|0.0|-15790.8|0.0
3110004|303|02|382334|2020|6|10 - SAÚDE|122 - ADMINISTRAÇÃO GERAL|0040 - GESTÃO DA SECRETARIA DE SAÚDE|2089 - MANUTENÇÃO DA SECRETARIA DE SAÚDE||3.3.90.30.14 - 3.3.90.30.14|102 - RECEITAS DE IMPOSTOS E DE TRANSFERÊNCIAS DE IMPOSTOS VINCULADOS À SAÚDE|NÃO SE APLICA|2384|20200520|0.0|0.0|0.0|1998.0|0.0|1998.0|0.0|0.0|0.0|0.0|-1998.0
3110004|303|02|382334|2020|5|10 - SAÚDE|122 - ADMINISTRAÇÃO GERAL|0047 - MANUTENÇÃO DO SERVIÇO DE TRANSPORTE DE PACIENTES|2110 - MANUTENÇÃO DO SETOR DE TRANSPORTE||3.1.90.13.01 - 3.1.90.13.01|102 - RECEITAS DE IMPOSTOS E DE TRANSFERÊNCIAS DE IMPOSTOS VINCULADOS À SAÚDE|NÃO SE APLICA|2624|20200529|3524.09|0.0|0.0|3524.09|0.0|0.0|0.0|0.0|0.0|3524.09|0.0
3110004|303|02|382323|2020|5|10 - SAÚDE|302 - ASSISTÊNCIA HOSPITALAR E AMBULATORIAL|0048 - URGÊNCIA E EMERGÊNCIA|2403 - MANUTENÇÃO DO SAMU||3.1.90.13.03 - 3.1.90.13.03|102 - RECEITAS DE IMPOSTOS E DE TRANSFERÊNCIAS DE IMPOSTOS VINCULADOS À SAÚDE|NÃO SE APLICA|2661|20200529|5595.82|0.0|0.0|5595.82|0.0|0.0|0.0|0.0|0.0|5595.82|0.0
3110004|303|02|382323|2020|1|10 - SAÚDE|302 - ASSISTÊNCIA HOSPITALAR E AMBULATORIAL|0028 - CENTRO DE ESPECIALIDADES EM SAÚDE|2059 - MANUTENÇÃO DO CENTRO ESPECIALIDADES EM SAÚDE||3.1.90.11.11 - 3.1.90.11.11|102 - RECEITAS DE IMPOSTOS E DE TRANSFERÊNCIAS DE IMPOSTOS VINCULADOS À SAÚDE|NÃO SE APLICA|437|20200130|61866.23|0.0|0.0|61866.23|0.0|61866.23|0.0|0.0|0.0|0.0|0.0
3110004|303|02|382334|2020|8|10 - SAÚDE|122 - ADMINISTRAÇÃO GERAL|0040 - GESTÃO DA SECRETARIA DE SAÚDE|2089 - MANUTENÇÃO DA SECRETARIA DE SAÚDE||3.3.90.39.43 - 3.3.90.39.43|102 - RECEITAS DE IMPOSTOS E DE TRANSFERÊNCIAS DE IMPOSTOS VINCULADOS À SAÚDE|NÃO SE APLICA|193|20200115|0.0|0.0|0.0|3687.79|0.0|3687.79|0.0|0.0|0.0|0.0|-3687.79
3110004|303|02|382334|2020|9|10 - SAÚDE|122 - ADMINISTRAÇÃO GERAL|0047 - MANUTENÇÃO DO SERVIÇO DE TRANSPORTE DE PACIENTES|2110 - MANUTENÇÃO DO SETOR DE TRANSPORTE||3.3.90.14.05 - 3.3.90.14.05|102 - RECEITAS DE IMPOSTOS E DE TRANSFERÊNCIAS DE IMPOSTOS VINCULADOS À SAÚDE|NÃO SE APLICA|4486|20200930|70.8|0.0|0.0|70.8|0.0|0.0|0.0|0.0|0.0|70.8|0.0
3110004|303|02|382323|2020|10|10 - SAÚDE|122 - ADMINISTRAÇÃO GERAL|0032 - ASSISTÊNCIA FARMACÊUTCA|2069 - MANUTENÇÃO DA FARMÁCIA BÁSICA||3.3.90.36.14 - 3.3.90.36.14|102 - RECEITAS DE IMPOSTOS E DE TRANSFERÊNCIAS DE IMPOSTOS VINCULADOS À SAÚDE|NÃO SE APLICA|761|20200210|0.0|0.0|0.0|0.0|0.0|1929.64|0.0|0.0|0.0|-1929.64|0.0
3110004|303|02|382323|2020|3|10 - SAÚDE|302 - ASSISTÊNCIA HOSPITALAR E AMBULATORIAL|0039 - GESTÃO DA FISIOTERAPIA|2086 - MANUTENÇÃO DO SETOR DA FISIOTERAPIA||3.1.90.13.03 - 3.1.90.13.03|102 - RECEITAS DE IMPOSTOS E DE TRANSFERÊNCIAS DE IMPOSTOS VINCULADOS À SAÚDE|NÃO SE APLICA|1206|20200221|0.0|0.0|0.0|0.0|0.0|2673.48|0.0|0.0|0.0|-2673.48|0.0
3110004|303|02|382334|2020|4|10 - SAÚDE|122 - ADMINISTRAÇÃO GERAL|0040 - GESTÃO DA SECRETARIA DE SAÚDE|2089 - MANUTENÇÃO DA SECRETARIA DE SAÚDE||3.1.90.13.03 - 3.1.90.13.03|102 - RECEITAS DE IMPOSTOS E DE TRANSFERÊNCIAS DE IMPOSTOS VINCULADOS À SAÚDE|NÃO SE APLICA|1656|20200327|0.0|0.0|0.0|0.0|0.0|5011.71|0.0|0.0|0.0|-5011.71|0.0
3110004|303|02|382334|2020|3|10 - SAÚDE|122 - ADMINISTRAÇÃO GERAL|0047 - MANUTENÇÃO DO SERVIÇO DE TRANSPORTE DE PACIENTES|2110 - MANUTENÇÃO DO SETOR DE TRANSPORTE||3.3.90.14.05 - 3.3.90.14.05|102 - RECEITAS DE IMPOSTOS E DE TRANSFERÊNCIAS DE IMPOSTOS VINCULADOS À SAÚDE|NÃO SE APLICA|1388|20200313|1416.0|0.0|0.0|1416.0|0.0|1416.0|0.0|0.0|0.0|0.0|0.0
3110004|303|02|382323|2020|12|10 - SAÚDE|302 - ASSISTÊNCIA HOSPITALAR E AMBULATORIAL|0039 - GESTÃO DA FISIOTERAPIA|2086 - MANUTENÇÃO DO SETOR DA FISIOTERAPIA||3.1.90.11.11 - 3.1.90.11.11|102 - RECEITAS DE IMPOSTOS E DE TRANSFERÊNCIAS DE IMPOSTOS VINCULADOS À SAÚDE|NÃO SE APLICA|6204|20201228|12003.89|0.0|0.0|12003.89|0.0|12003.89|0.0|0.0|0.0|0.0|0.0
3110004|303|02|382323|2020|10|10 - SAÚDE|122 - ADMINISTRAÇÃO GERAL|0042 - SERVIÇO DE REGULAÇÃO EM SAÚDE|2094 - MANUTENÇÃO DA REGULAÇÃO EM SAÚDE||3.1.90.13.03 - 3.1.90.13.03|102 - RECEITAS DE IMPOSTOS E DE TRANSFERÊNCIAS DE IMPOSTOS VINCULADOS À SAÚDE|NÃO SE APLICA|5185|20201029|2915.3|0.0|0.0|2915.3|0.0|0.0|0.0|0.0|0.0|2915.3|0.0
3110004|303|02|382323|2020|7|10 - SAÚDE|122 - ADMINISTRAÇÃO GERAL|0032 - ASSISTÊNCIA FARMACÊUTCA|2069 - MANUTENÇÃO DA FARMÁCIA BÁSICA||3.3.90.30.09 - 3.3.90.30.09|102 - RECEITAS DE IMPOSTOS E DE TRANSFERÊNCIAS DE IMPOSTOS VINCULADOS À SAÚDE|NÃO SE APLICA|3423|20200723|41.4|0.0|0.0|0.0|0.0|0.0|0.0|0.0|0.0|0.0|41.4
3110004|303|02|382334|2020|11|10 - SAÚDE|122 - ADMINISTRAÇÃO GERAL|0040 - GESTÃO DA SECRETARIA DE SAÚDE|2089 - MANUTENÇÃO DA SECRETARIA DE SAÚDE||3.3.90.30.16 - 3.3.90.30.16|102 - RECEITAS DE IMPOSTOS E DE TRANSFERÊNCIAS DE IMPOSTOS VINCULADOS À SAÚDE|NÃO SE APLICA|5660|20201130|272.2|0.0|0.0|0.0|0.0|0.0|0.0|0.0|0.0|0.0|272.2
3110004|303|02|382334|2020|7|10 - SAÚDE|122 - ADMINISTRAÇÃO GERAL|0047 - MANUTENÇÃO DO SERVIÇO DE TRANSPORTE DE PACIENTES|2110 - MANUTENÇÃO DO SETOR DE TRANSPORTE||3.3.90.14.05 - 3.3.90.14.05|102 - RECEITAS DE IMPOSTOS E DE TRANSFERÊNCIAS DE IMPOSTOS VINCULADOS À SAÚDE|NÃO SE APLICA|3445|20200727|1416.0|0.0|0.0|1416.0|0.0|0.0|0.0|0.0|0.0|1416.0|0.0
3110004|303|02|382323|2020|1|10 - SAÚDE|302 - ASSISTÊNCIA HOSPITALAR E AMBULATORIAL|0080 - SAÚDE MENTAL|2104 - MANUTENÇÃO DO SETOR DE SAÚDE MENTAL||3.1.90.11.05 - 3.1.90.11.05|102 - RECEITAS DE IMPOSTOS E DE TRANSFERÊNCIAS DE IMPOSTOS VINCULADOS À SAÚDE|NÃO SE APLICA|444|20200130|2811.04|0.0|0.0|2811.04|0.0|2811.04|0.0|0.0|0.0|0.0|0.0
3110004|303|02|382334|2020|5|10 - SAÚDE|122 - ADMINISTRAÇÃO GERAL|0040 - GESTÃO DA SECRETARIA DE SAÚDE|2089 - MANUTENÇÃO DA SECRETARIA DE SAÚDE||3.3.90.14.05 - 3.3.90.14.05|102 - RECEITAS DE IMPOSTOS E DE TRANSFERÊNCIAS DE IMPOSTOS VINCULADOS À SAÚDE|NÃO SE APLICA|2394|20200520|259.6|0.0|0.0|259.6|0.0|259.6|0.0|0.0|0.0|0.0|0.0
3110004|303|02|382323|2020|5|10 - SAÚDE|122 - ADMINISTRAÇÃO GERAL|0032 - ASSISTÊNCIA FARMACÊUTCA|2069 - MANUTENÇÃO DA FARMÁCIA BÁSICA||3.3.90.36.14 - 3.3.90.36.14|102 - RECEITAS DE IMPOSTOS E DE TRANSFERÊNCIAS DE IMPOSTOS VINCULADOS À SAÚDE|NÃO SE APLICA|761|20200210|0.0|0.0|0.0|1931.72|0.0|1931.72|0.0|0.0|0.0|0.0|-1931.72
3110004|303|02|382334|2020|7|10 - SAÚDE|122 - ADMINISTRAÇÃO GERAL|0040 - GESTÃO DA SECRETARIA DE SAÚDE|2089 - MANUTENÇÃO DA SECRETARIA DE SAÚDE||3.3.90.49.00 - 3.3.90.49.00|102 - RECEITAS DE IMPOSTOS E DE TRANSFERÊNCIAS DE IMPOSTOS VINCULADOS À SAÚDE|NÃO SE APLICA|258|20200124|0.0|0.0|0.0|430.2|0.0|430.2|0.0|0.0|0.0|0.0|-430.2
3110004|303|02|382334|2020|3|10 - SAÚDE|122 - ADMINISTRAÇÃO GERAL|0040 - GESTÃO DA SECRETARIA DE SAÚDE|2089 - MANUTENÇÃO DA SECRETARIA DE SAÚDE||3.3.90.39.29 - 3.3.90.39.29|102 - RECEITAS DE IMPOSTOS E DE TRANSFERÊNCIAS DE IMPOSTOS VINCULADOS À SAÚDE|NÃO SE APLICA|11|20200102|0.0|0.0|0.0|1919.62|0.0|1919.62|0.0|0.0|0.0|0.0|-1919.62
3110004|303|02|382323|2020|11|10 - SAÚDE|122 - ADMINISTRAÇÃO GERAL|0042 - SERVIÇO DE REGULAÇÃO EM SAÚDE|2094 - MANUTENÇÃO DA REGULAÇÃO EM SAÚDE||3.1.90.11.11 - 3.1.90.11.11|102 - RECEITAS DE IMPOSTOS E DE TRANSFERÊNCIAS DE IMPOSTOS VINCULADOS À SAÚDE|NÃO SE APLICA|5484|20201127|16865.15|0.0|0.0|16865.15|0.0|16865.15|0.0|0.0|0.0|0.0|0.0
3110004|303|02|382323|2020|12|10 - SAÚDE|302 - ASSISTÊNCIA HOSPITALAR E AMBULATORIAL|0039 - GESTÃO DA FISIOTERAPIA|2086 - MANUTENÇÃO DO SETOR DA FISIOTERAPIA||3.1.90.13.03 - 3.1.90.13.03|102 - RECEITAS DE IMPOSTOS E DE TRANSFERÊNCIAS DE IMPOSTOS VINCULADOS À SAÚDE|NÃO SE APLICA|5935|20201214|3889.63|0.0|0.0|3889.63|0.0|3889.63|0.0|0.0|0.0|0.0|0.0
3110004|303|02|382323|2020|1|10 - SAÚDE|302 - ASSISTÊNCIA HOSPITALAR E AMBULATORIAL|0080 - SAÚDE MENTAL|2104 - MANUTENÇÃO DO SETOR DE SAÚDE MENTAL||3.1.90.11.11 - 3.1.90.11.11|102 - RECEITAS DE IMPOSTOS E DE TRANSFERÊNCIAS DE IMPOSTOS VINCULADOS À SAÚDE|NÃO SE APLICA|445|20200130|16522.35|0.0|0.0|16522.35|0.0|16522.35|0.0|0.0|0.0|0.0|0.0
3110004|303|02|382334|2020|10|10 - SAÚDE|122 - ADMINISTRAÇÃO GERAL|0040 - GESTÃO DA SECRETARIA DE SAÚDE|2089 - MANUTENÇÃO DA SECRETARIA DE SAÚDE||3.1.90.11.09 - 3.1.90.11.09|102 - RECEITAS DE IMPOSTOS E DE TRANSFERÊNCIAS DE IMPOSTOS VINCULADOS À SAÚDE|NÃO SE APLICA|5040|20201029|6660.72|0.0|0.0|6660.72|0.0|6660.72|0.0|0.0|0.0|0.0|0.0
3110004|303|02|382323|2020|2|10 - SAÚDE|122 - ADMINISTRAÇÃO GERAL|0042 - SERVIÇO DE REGULAÇÃO EM SAÚDE|2094 - MANUTENÇÃO DA REGULAÇÃO EM SAÚDE||3.1.90.13.01 - 3.1.90.13.01|102 - RECEITAS DE IMPOSTOS E DE TRANSFERÊNCIAS DE IMPOSTOS VINCULADOS À SAÚDE|NÃO SE APLICA|534|20200130|0.0|0.0|0.0|0.0|0.0|1080.35|0.0|0.0|0.0|-1080.35|0.0
3110004|303|02|382334|2020|2|10 - SAÚDE|122 - ADMINISTRAÇÃO GERAL|0047 - MANUTENÇÃO DO SERVIÇO DE TRANSPORTE DE PACIENTES|2110 - MANUTENÇÃO DO SETOR DE TRANSPORTE||3.3.90.14.05 - 3.3.90.14.05|102 - RECEITAS DE IMPOSTOS E DE TRANSFERÊNCIAS DE IMPOSTOS VINCULADOS À SAÚDE|NÃO SE APLICA|783|20200211|1416.0|0.0|0.0|1416.0|0.0|1416.0|0.0|0.0|0.0|0.0|0.0
3110004|303|02|382334|2020|9|10 - SAÚDE|122 - ADMINISTRAÇÃO GERAL|0047 - MANUTENÇÃO DO SERVIÇO DE TRANSPORTE DE PACIENTES|2110 - MANUTENÇÃO DO SETOR DE TRANSPORTE||3.3.90.14.05 - 3.3.90.14.05|102 - RECEITAS DE IMPOSTOS E DE TRANSFERÊNCIAS DE IMPOSTOS VINCULADOS À SAÚDE|NÃO SE APLICA|4381|20200918|212.4|0.0|0.0|212.4|0.0|212.4|0.0|0.0|0.0|0.0|0.0
3110004|303|02|382334|2020|7|10 - SAÚDE|122 - ADMINISTRAÇÃO GERAL|0047 - MANUTENÇÃO DO SERVIÇO DE TRANSPORTE DE PACIENTES|2110 - MANUTENÇÃO DO SETOR DE TRANSPORTE||3.1.90.13.03 - 3.1.90.13.03|102 - RECEITAS DE IMPOSTOS E DE TRANSFERÊNCIAS DE IMPOSTOS VINCULADOS À SAÚDE|NÃO SE APLICA|3142|20200630|0.0|0.0|0.0|0.0|0.0|14990.09|0.0|0.0|0.0|-14990.09|0.0
3110004|303|02|382334|2020|5|10 - SAÚDE|122 - ADMINISTRAÇÃO GERAL|0040 - GESTÃO DA SECRETARIA DE SAÚDE|2431 - REMUNERAÇÃO DE ESTAGIÁRIOS||3.3.90.36.07 - 3.3.90.36.07|102 - RECEITAS DE IMPOSTOS E DE TRANSFERÊNCIAS DE IMPOSTOS VINCULADOS À SAÚDE|NÃO SE APLICA|2511|20200529|2146.01|0.0|0.0|2146.01|0.0|2146.01|0.0|0.0|0.0|0.0|0.0
3110004|303|02|382323|2020|10|10 - SAÚDE|302 - ASSISTÊNCIA HOSPITALAR E AMBULATORIAL|0039 - GESTÃO DA FISIOTERAPIA|2086 - MANUTENÇÃO DO SETOR DA FISIOTERAPIA||3.1.90.13.03 - 3.1.90.13.03|102 - RECEITAS DE IMPOSTOS E DE TRANSFERÊNCIAS DE IMPOSTOS VINCULADOS À SAÚDE|NÃO SE APLICA|5192|20201029|3863.92|0.0|0.0|3863.92|0.0|3595.11|0.0|0.0|0.0|268.81|0.0
3110004|303|02|382323|2020|6|10 - SAÚDE|301 - ATENÇÃO BÁSICA|0029 - ATENÇÃO BÁSICA|2063 - MANUTENÇÃO DA ATENÇÃO BÁSICA||3.1.90.13.01 - 3.1.90.13.01|102 - RECEITAS DE IMPOSTOS E DE TRANSFERÊNCIAS DE IMPOSTOS VINCULADOS À SAÚDE|NÃO SE APLICA|2651|20200529|0.0|0.0|0.0|0.0|0.0|126.38|0.0|0.0|0.0|-126.38|0.0
3110004|303|02|382323|2020|6|10 - SAÚDE|302 - ASSISTÊNCIA HOSPITALAR E AMBULATORIAL|0039 - GESTÃO DA FISIOTERAPIA|2086 - MANUTENÇÃO DO SETOR DA FISIOTERAPIA||3.1.90.13.01 - 3.1.90.13.01|102 - RECEITAS DE IMPOSTOS E DE TRANSFERÊNCIAS DE IMPOSTOS VINCULADOS À SAÚDE|NÃO SE APLICA|3169|20200630|855.28|0.0|0.0|855.28|0.0|0.0|0.0|0.0|0.0|855.28|0.0
3110004|303|02|382323|2020|8|10 - SAÚDE|301 - ATENÇÃO BÁSICA|0029 - ATENÇÃO BÁSICA|2063 - MANUTENÇÃO DA ATENÇÃO BÁSICA||3.1.90.13.01 - 3.1.90.13.01|102 - RECEITAS DE IMPOSTOS E DE TRANSFERÊNCIAS DE IMPOSTOS VINCULADOS À SAÚDE|NÃO SE APLICA|3676|20200731|0.0|0.0|0.0|0.0|0.0|6538.12|0.0|0.0|0.0|-6538.12|0.0
3110004|303|02|382334|2020|3|10 - SAÚDE|122 - ADMINISTRAÇÃO GERAL|0040 - GESTÃO DA SECRETARIA DE SAÚDE|2089 - MANUTENÇÃO DA SECRETARIA DE SAÚDE||3.3.90.30.16 - 3.3.90.30.16|102 - RECEITAS DE IMPOSTOS E DE TRANSFERÊNCIAS DE IMPOSTOS VINCULADOS À SAÚDE|NÃO SE APLICA|960|20200221|0.0|0.0|0.0|50.0|0.0|50.0|0.0|0.0|0.0|0.0|-50.0
3110004|303|02|382323|2020|6|10 - SAÚDE|302 - ASSISTÊNCIA HOSPITALAR E AMBULATORIAL|0080 - SAÚDE MENTAL|2104 - MANUTENÇÃO DO SETOR DE SAÚDE MENTAL||3.1.90.13.01 - 3.1.90.13.01|102 - RECEITAS DE IMPOSTOS E DE TRANSFERÊNCIAS DE IMPOSTOS VINCULADOS À SAÚDE|NÃO SE APLICA|2662|20200529|0.0|0.0|0.0|0.0|0.0|2165.64|0.0|0.0|0.0|-2165.64|0.0
3110004|303|02|382323|2020|5|10 - SAÚDE|122 - ADMINISTRAÇÃO GERAL|0042 - SERVIÇO DE REGULAÇÃO EM SAÚDE|2094 - MANUTENÇÃO DA REGULAÇÃO EM SAÚDE||3.1.90.13.03 - 3.1.90.13.03|102 - RECEITAS DE IMPOSTOS E DE TRANSFERÊNCIAS DE IMPOSTOS VINCULADOS À SAÚDE|NÃO SE APLICA|2157|20200429|0.0|0.0|0.0|0.0|0.0|3162.77|0.0|0.0|0.0|-3162.77|0.0
3110004|303|02|382334|2020|2|10 - SAÚDE|122 - ADMINISTRAÇÃO GERAL|0047 - MANUTENÇÃO DO SERVIÇO DE TRANSPORTE DE PACIENTES|2110 - MANUTENÇÃO DO SETOR DE TRANSPORTE||3.1.90.11.11 - 3.1.90.11.11|102 - RECEITAS DE IMPOSTOS E DE TRANSFERÊNCIAS DE IMPOSTOS VINCULADOS À SAÚDE|NÃO SE APLICA|1067|20200221|27251.83|0.0|0.0|27251.83|0.0|27251.83|0.0|0.0|0.0|0.0|0.0
3110004|303|02|382323|2020|11|10 - SAÚDE|305 - VIGILÂNCIA EPIDEMIOLÓGICA|0049 - VIGILÂNCIA EM SAÚDE|2399 - MANUTENÇÃO DA VIGILÂNCIA EM SAÚDE||3.1.90.16.00 - 3.1.90.16.00|102 - RECEITAS DE IMPOSTOS E DE TRANSFERÊNCIAS DE IMPOSTOS VINCULADOS À SAÚDE|NÃO SE APLICA|5500|20201127|243.22|0.0|0.0|243.22|0.0|243.22|0.0|0.0|0.0|0.0|0.0
3110004|303|02|382323|2020|3|10 - SAÚDE|122 - ADMINISTRAÇÃO GERAL|0032 - ASSISTÊNCIA FARMACÊUTCA|2069 - MANUTENÇÃO DA FARMÁCIA BÁSICA||3.3.90.36.14 - 3.3.90.36.14|102 - RECEITAS DE IMPOSTOS E DE TRANSFERÊNCIAS DE IMPOSTOS VINCULADOS À SAÚDE|NÃO SE APLICA|761|20200210|0.0|0.0|0.0|1931.72|0.0|1931.72|0.0|0.0|0.0|0.0|-1931.72
3110004|303|02|382334|2020|12|10 - SAÚDE|122 - ADMINISTRAÇÃO GERAL|0040 - GESTÃO DA SECRETARIA DE SAÚDE|2089 - MANUTENÇÃO DA SECRETARIA DE SAÚDE||3.1.90.13.03 - 3.1.90.13.03|102 - RECEITAS DE IMPOSTOS E DE TRANSFERÊNCIAS DE IMPOSTOS VINCULADOS À SAÚDE|NÃO SE APLICA|5575|20201127|0.0|0.0|0.0|0.0|0.0|6331.75|0.0|0.0|0.0|-6331.75|0.0
3110004|303|02|382334|2020|9|10 - SAÚDE|122 - ADMINISTRAÇÃO GERAL|0040 - GESTÃO DA SECRETARIA DE SAÚDE|2089 - MANUTENÇÃO DA SECRETARIA DE SAÚDE||3.1.90.13.03 - 3.1.90.13.03|102 - RECEITAS DE IMPOSTOS E DE TRANSFERÊNCIAS DE IMPOSTOS VINCULADOS À SAÚDE|NÃO SE APLICA|4681|20200930|6274.18|0.0|0.0|6274.18|0.0|0.0|0.0|0.0|0.0|6274.18|0.0
3110004|303|02|382323|2020|8|10 - SAÚDE|122 - ADMINISTRAÇÃO GERAL|0042 - SERVIÇO DE REGULAÇÃO EM SAÚDE|2094 - MANUTENÇÃO DA REGULAÇÃO EM SAÚDE||3.1.90.13.03 - 3.1.90.13.03|102 - RECEITAS DE IMPOSTOS E DE TRANSFERÊNCIAS DE IMPOSTOS VINCULADOS À SAÚDE|NÃO SE APLICA|4158|20200828|2615.34|0.0|0.0|2615.34|0.0|0.0|0.0|0.0|0.0|2615.34|0.0
3110004|303|02|382334|2020|9|10 - SAÚDE|122 - ADMINISTRAÇÃO GERAL|0047 - MANUTENÇÃO DO SERVIÇO DE TRANSPORTE DE PACIENTES|2110 - MANUTENÇÃO DO SETOR DE TRANSPORTE||3.3.90.14.05 - 3.3.90.14.05|102 - RECEITAS DE IMPOSTOS E DE TRANSFERÊNCIAS DE IMPOSTOS VINCULADOS À SAÚDE|NÃO SE APLICA|4392|20200918|708.0|0.0|0.0|708.0|0.0|708.0|0.0|0.0|0.0|0.0|0.0
3110004|303|02|382323|2020|10|10 - SAÚDE|302 - ASSISTÊNCIA HOSPITALAR E AMBULATORIAL|0048 - URGÊNCIA E EMERGÊNCIA|2403 - MANUTENÇÃO DO SAMU||3.1.90.16.00 - 3.1.90.16.00|102 - RECEITAS DE IMPOSTOS E DE TRANSFERÊNCIAS DE IMPOSTOS VINCULADOS À SAÚDE|NÃO SE APLICA|5080|20201029|7058.94|0.0|0.0|7058.94|0.0|7058.94|0.0|0.0|0.0|0.0|0.0
3110004|303|02|382323|2020|2|10 - SAÚDE|302 - ASSISTÊNCIA HOSPITALAR E AMBULATORIAL|0048 - URGÊNCIA E EMERGÊNCIA|2403 - MANUTENÇÃO DO SAMU||3.3.90.14.05 - 3.3.90.14.05|102 - RECEITAS DE IMPOSTOS E DE TRANSFERÊNCIAS DE IMPOSTOS VINCULADOS À SAÚDE|NÃO SE APLICA|951|20200221|141.6|0.0|0.0|141.6|0.0|0.0|0.0|0.0|0.0|141.6|0.0
3110004|303|02|382323|2020|10|10 - SAÚDE|302 - ASSISTÊNCIA HOSPITALAR E AMBULATORIAL|0048 - URGÊNCIA E EMERGÊNCIA|2112 - MANUTENÇÃO DA URGÊNCIA E EMERGÊNCIA||3.3.50.43.00 - 3.3.50.43.00|102 - RECEITAS DE IMPOSTOS E DE TRANSFERÊNCIAS DE IMPOSTOS VINCULADOS À SAÚDE|NÃO SE APLICA|4775|20201006|17900.0|0.0|0.0|17900.0|0.0|17900.0|0.0|0.0|0.0|0.0|0.0
3110004|303|02|382323|2020|1|10 - SAÚDE|301 - ATENÇÃO BÁSICA|0029 - ATENÇÃO BÁSICA|2063 - MANUTENÇÃO DA ATENÇÃO BÁSICA||3.1.90.11.05 - 3.1.90.11.05|102 - RECEITAS DE IMPOSTOS E DE TRANSFERÊNCIAS DE IMPOSTOS VINCULADOS À SAÚDE|NÃO SE APLICA|432|20200130|8357.79|0.0|0.0|8357.79|0.0|8357.79|0.0|0.0|0.0|0.0|0.0
3110004|303|02|382323|2020|7|10 - SAÚDE|302 - ASSISTÊNCIA HOSPITALAR E AMBULATORIAL|0039 - GESTÃO DA FISIOTERAPIA|2086 - MANUTENÇÃO DO SETOR DA FISIOTERAPIA||3.1.90.13.03 - 3.1.90.13.03|102 - RECEITAS DE IMPOSTOS E DE TRANSFERÊNCIAS DE IMPOSTOS VINCULADOS À SAÚDE|NÃO SE APLICA|3682|20200731|3863.92|0.0|0.0|3863.92|0.0|0.0|0.0|0.0|0.0|3863.92|0.0
3110004|303|02|382323|2020|12|10 - SAÚDE|122 - ADMINISTRAÇÃO GERAL|0042 - SERVIÇO DE REGULAÇÃO EM SAÚDE|2094 - MANUTENÇÃO DA REGULAÇÃO EM SAÚDE||3.1.90.11.11 - 3.1.90.11.11|102 - RECEITAS DE IMPOSTOS E DE TRANSFERÊNCIAS DE IMPOSTOS VINCULADOS À SAÚDE|NÃO SE APLICA|5860|20201214|15946.81|0.0|0.0|15946.81|0.0|15946.81|0.0|0.0|0.0|0.0|0.0
3110004|303|02|382323|2020|9|10 - SAÚDE|122 - ADMINISTRAÇÃO GERAL|0032 - ASSISTÊNCIA FARMACÊUTCA|2069 - MANUTENÇÃO DA FARMÁCIA BÁSICA||3.3.90.36.14 - 3.3.90.36.14|102 - RECEITAS DE IMPOSTOS E DE TRANSFERÊNCIAS DE IMPOSTOS VINCULADOS À SAÚDE|NÃO SE APLICA|761|20200210|0.0|0.0|0.0|3863.44|0.0|1933.8|0.0|0.0|0.0|1929.64|-3863.44
3110004|303|02|382323|2020|3|10 - SAÚDE|302 - ASSISTÊNCIA HOSPITALAR E AMBULATORIAL|0113 - CONSÓRCIO INTERMUNICIPAL ALIANÇA PELA SAÚDE|2394 - MANUTENÇÃO DAS AÇÕES DO CONSÓRCIO||3.3.72.39.00 - 3.3.72.39.00|102 - RECEITAS DE IMPOSTOS E DE TRANSFERÊNCIAS DE IMPOSTOS VINCULADOS À SAÚDE|NÃO SE APLICA|250|20200123|0.0|0.0|0.0|27985.34|0.0|27985.34|0.0|0.0|0.0|0.0|-27985.34
3110004|303|02|382323|2020|2|10 - SAÚDE|302 - ASSISTÊNCIA HOSPITALAR E AMBULATORIAL|0028 - CENTRO DE ESPECIALIDADES EM SAÚDE|2059 - MANUTENÇÃO DO CENTRO ESPECIALIDADES EM SAÚDE||3.3.90.39.36 - 3.3.90.39.36|102 - RECEITAS DE IMPOSTOS E DE TRANSFERÊNCIAS DE IMPOSTOS VINCULADOS À SAÚDE|NÃO SE APLICA|293|20200124|0.0|0.0|0.0|3500.0|0.0|3500.0|0.0|0.0|0.0|0.0|-3500.0
3110004|303|02|382323|2020|12|10 - SAÚDE|302 - ASSISTÊNCIA HOSPITALAR E AMBULATORIAL|0048 - URGÊNCIA E EMERGÊNCIA|2403 - MANUTENÇÃO DO SAMU||3.1.90.13.01 - 3.1.90.13.01|102 - RECEITAS DE IMPOSTOS E DE TRANSFERÊNCIAS DE IMPOSTOS VINCULADOS À SAÚDE|NÃO SE APLICA|5609|20201127|0.0|0.0|0.0|0.0|0.0|1821.85|0.0|0.0|0.0|-1821.85|0.0
3110004|303|02|382323|2020|6|10 - SAÚDE|302 - ASSISTÊNCIA HOSPITALAR E AMBULATORIAL|0043 - SAÚDE BUCAL|2099 - MANUTENÇÃO DO SETOR DE SAÚDE BUCAL||3.1.90.13.01 - 3.1.90.13.01|102 - RECEITAS DE IMPOSTOS E DE TRANSFERÊNCIAS DE IMPOSTOS VINCULADOS À SAÚDE|NÃO SE APLICA|2658|20200529|0.0|0.0|0.0|0.0|0.0|1242.95|0.0|0.0|0.0|-1242.95|0.0
3110004|303|02|382334|2020|7|10 - SAÚDE|122 - ADMINISTRAÇÃO GERAL|0047 - MANUTENÇÃO DO SERVIÇO DE TRANSPORTE DE PACIENTES|2110 - MANUTENÇÃO DO SETOR DE TRANSPORTE||3.3.90.14.05 - 3.3.90.14.05|102 - RECEITAS DE IMPOSTOS E DE TRANSFERÊNCIAS DE IMPOSTOS VINCULADOS À SAÚDE|NÃO SE APLICA|3321|20200713|1416.0|0.0|0.0|1416.0|0.0|1416.0|0.0|0.0|0.0|0.0|0.0
3110004|303|02|382334|2020|12|10 - SAÚDE|122 - ADMINISTRAÇÃO GERAL|0047 - MANUTENÇÃO DO SERVIÇO DE TRANSPORTE DE PACIENTES|2110 - MANUTENÇÃO DO SETOR DE TRANSPORTE||3.1.90.94.01 - 3.1.90.94.01|102 - RECEITAS DE IMPOSTOS E DE TRANSFERÊNCIAS DE IMPOSTOS VINCULADOS À SAÚDE|NÃO SE APLICA|5781|20201214|3259.57|0.0|0.0|3259.57|0.0|3259.57|0.0|0.0|0.0|0.0|0.0
3110004|303|02|382323|2020|2|10 - SAÚDE|302 - ASSISTÊNCIA HOSPITALAR E AMBULATORIAL|0048 - URGÊNCIA E EMERGÊNCIA|2403 - MANUTENÇÃO DO SAMU||3.1.90.13.03 - 3.1.90.13.03|102 - RECEITAS DE IMPOSTOS E DE TRANSFERÊNCIAS DE IMPOSTOS VINCULADOS À SAÚDE|NÃO SE APLICA|1210|20200221|5744.64|0.0|0.0|5744.64|0.0|48.62|0.0|0.0|0.0|5696.02|0.0
3110004|303|02|382334|2020|11|10 - SAÚDE|122 - ADMINISTRAÇÃO GERAL|0040 - GESTÃO DA SECRETARIA DE SAÚDE|2089 - MANUTENÇÃO DA SECRETARIA DE SAÚDE||3.1.90.11.11 - 3.1.90.11.11|102 - RECEITAS DE IMPOSTOS E DE TRANSFERÊNCIAS DE IMPOSTOS VINCULADOS À SAÚDE|NÃO SE APLICA|5454|20201127|17267.47|0.0|0.0|17267.47|0.0|17267.47|0.0|0.0|0.0|0.0|0.0
3110004|303|02|382323|2020|3|10 - SAÚDE|302 - ASSISTÊNCIA HOSPITALAR E AMBULATORIAL|0039 - GESTÃO DA FISIOTERAPIA|2086 - MANUTENÇÃO DO SETOR DA FISIOTERAPIA||3.1.90.11.11 - 3.1.90.11.11|102 - RECEITAS DE IMPOSTOS E DE TRANSFERÊNCIAS DE IMPOSTOS VINCULADOS À SAÚDE|NÃO SE APLICA|1588|20200327|13225.7|0.0|0.0|13225.7|0.0|13225.7|0.0|0.0|0.0|0.0|0.0
3110004|303|02|382334|2020|3|10 - SAÚDE|122 - ADMINISTRAÇÃO GERAL|0040 - GESTÃO DA SECRETARIA DE SAÚDE|2431 - REMUNERAÇÃO DE ESTAGIÁRIOS||3.3.90.36.07 - 3.3.90.36.07|102 - RECEITAS DE IMPOSTOS E DE TRANSFERÊNCIAS DE IMPOSTOS VINCULADOS À SAÚDE|NÃO SE APLICA|1553|20200327|2146.01|0.0|0.0|2146.01|0.0|2146.01|0.0|0.0|0.0|0.0|0.0
3110004|303|02|382323|2020|6|10 - SAÚDE|302 - ASSISTÊNCIA HOSPITALAR E AMBULATORIAL|0039 - GESTÃO DA FISIOTERAPIA|2086 - MANUTENÇÃO DO SETOR DA FISIOTERAPIA||3.1.90.13.03 - 3.1.90.13.03|102 - RECEITAS DE IMPOSTOS E DE TRANSFERÊNCIAS DE IMPOSTOS VINCULADOS À SAÚDE|NÃO SE APLICA|3170|20200630|3711.67|0.0|0.0|3711.67|0.0|0.0|0.0|0.0|0.0|3711.67|0.0
3110004|303|02|382323|2020|5|10 - SAÚDE|302 - ASSISTÊNCIA HOSPITALAR E AMBULATORIAL|0028 - CENTRO DE ESPECIALIDADES EM SAÚDE|2059 - MANUTENÇÃO DO CENTRO ESPECIALIDADES EM SAÚDE||3.1.90.13.01 - 3.1.90.13.01|102 - RECEITAS DE IMPOSTOS E DE TRANSFERÊNCIAS DE IMPOSTOS VINCULADOS À SAÚDE|NÃO SE APLICA|2161|20200429|0.0|0.0|0.0|0.0|0.0|5276.39|0.0|0.0|0.0|-5276.39|0.0
3110004|303|02|382334|2020|10|10 - SAÚDE|122 - ADMINISTRAÇÃO GERAL|0047 - MANUTENÇÃO DO SERVIÇO DE TRANSPORTE DE PACIENTES|2110 - MANUTENÇÃO DO SETOR DE TRANSPORTE||3.3.90.14.05 - 3.3.90.14.05|102 - RECEITAS DE IMPOSTOS E DE TRANSFERÊNCIAS DE IMPOSTOS VINCULADOS À SAÚDE|NÃO SE APLICA|4457|20200928|0.0|0.0|0.0|0.0|0.0|306.8|0.0|0.0|0.0|-306.8|0.0
3110004|303|02|382323|2020|8|10 - SAÚDE|122 - ADMINISTRAÇÃO GERAL|0032 - ASSISTÊNCIA FARMACÊUTCA|2069 - MANUTENÇÃO DA FARMÁCIA BÁSICA||3.3.90.30.09 - 3.3.90.30.09|102 - RECEITAS DE IMPOSTOS E DE TRANSFERÊNCIAS DE IMPOSTOS VINCULADOS À SAÚDE|NÃO SE APLICA|829|20200213|0.0|0.0|0.0|2658.0|0.0|2658.0|0.0|0.0|0.0|0.0|-2658.0
3110004|303|02|382334|2020|12|10 - SAÚDE|122 - ADMINISTRAÇÃO GERAL|0047 - MANUTENÇÃO DO SERVIÇO DE TRANSPORTE DE PACIENTES|2110 - MANUTENÇÃO DO SETOR DE TRANSPORTE||3.3.90.39.99 - 3.3.90.39.99|102 - RECEITAS DE IMPOSTOS E DE TRANSFERÊNCIAS DE IMPOSTOS VINCULADOS À SAÚDE|NÃO SE APLICA|5675|20201130|0.0|0.0|0.0|34417.33|0.0|34417.33|0.0|0.0|0.0|0.0|-34417.33
3110004|303|02|382323|2020|6|10 - SAÚDE|302 - ASSISTÊNCIA HOSPITALAR E AMBULATORIAL|0028 - CENTRO DE ESPECIALIDADES EM SAÚDE|2059 - MANUTENÇÃO DO CENTRO ESPECIALIDADES EM SAÚDE||3.1.90.11.11 - 3.1.90.11.11|102 - RECEITAS DE IMPOSTOS E DE TRANSFERÊNCIAS DE IMPOSTOS VINCULADOS À SAÚDE|NÃO SE APLICA|3056|20200630|56472.28|0.0|0.0|56472.28|0.0|56472.28|0.0|0.0|0.0|0.0|0.0
3110004|303|02|382334|2020|10|10 - SAÚDE|122 - ADMINISTRAÇÃO GERAL|0047 - MANUTENÇÃO DO SERVIÇO DE TRANSPORTE DE PACIENTES|2110 - MANUTENÇÃO DO SETOR DE TRANSPORTE||3.3.90.14.05 - 3.3.90.14.05|102 - RECEITAS DE IMPOSTOS E DE TRANSFERÊNCIAS DE IMPOSTOS VINCULADOS À SAÚDE|NÃO SE APLICA|4454|20200928|0.0|0.0|0.0|0.0|0.0|165.2|0.0|0.0|0.0|-165.2|0.0
3110004|303|02|382334|2020|12|10 - SAÚDE|302 - ASSISTÊNCIA HOSPITALAR E AMBULATORIAL|0312 - EMENDAS IMPOSITIVAS|1242 - EXECUÇÃO DAS EMENDAS IMPOSITIVAS||4.4.90.52.04 - 4.4.90.52.04|102 - RECEITAS DE IMPOSTOS E DE TRANSFERÊNCIAS DE IMPOSTOS VINCULADOS À SAÚDE|NÃO SE APLICA|6059|20201218|1838.0|0.0|0.0|0.0|0.0|0.0|0.0|0.0|0.0|0.0|1838.0
3110004|303|02|382323|2020|2|10 - SAÚDE|122 - ADMINISTRAÇÃO GERAL|0042 - SERVIÇO DE REGULAÇÃO EM SAÚDE|2094 - MANUTENÇÃO DA REGULAÇÃO EM SAÚDE||3.3.90.14.05 - 3.3.90.14.05|102 - RECEITAS DE IMPOSTOS E DE TRANSFERÊNCIAS DE IMPOSTOS VINCULADOS À SAÚDE|NÃO SE APLICA|817|20200213|141.6|0.0|0.0|141.6|0.0|141.6|0.0|0.0|0.0|0.0|0.0
3110004|303|02|382323|2020|12|10 - SAÚDE|302 - ASSISTÊNCIA HOSPITALAR E AMBULATORIAL|0080 - SAÚDE MENTAL|2104 - MANUTENÇÃO DO SETOR DE SAÚDE MENTAL||3.1.90.13.03 - 3.1.90.13.03|102 - RECEITAS DE IMPOSTOS E DE TRANSFERÊNCIAS DE IMPOSTOS VINCULADOS À SAÚDE|NÃO SE APLICA|5612|20201127|0.0|0.0|0.0|0.0|0.0|4486.85|0.0|0.0|0.0|-4486.85|0.0
3110004|303|02|382334|2020|12|10 - SAÚDE|122 - ADMINISTRAÇÃO GERAL|0040 - GESTÃO DA SECRETARIA DE SAÚDE|2431 - REMUNERAÇÃO DE ESTAGIÁRIOS||3.3.90.36.07 - 3.3.90.36.07|102 - RECEITAS DE IMPOSTOS E DE TRANSFERÊNCIAS DE IMPOSTOS VINCULADOS À SAÚDE|NÃO SE APLICA|6169|20201228|1661.34|0.0|0.0|1661.34|0.0|1661.34|0.0|0.0|0.0|0.0|0.0
3110004|303|02|382323|2020|11|10 - SAÚDE|302 - ASSISTÊNCIA HOSPITALAR E AMBULATORIAL|0028 - CENTRO DE ESPECIALIDADES EM SAÚDE|2059 - MANUTENÇÃO DO CENTRO ESPECIALIDADES EM SAÚDE||3.1.90.13.03 - 3.1.90.13.03|102 - RECEITAS DE IMPOSTOS E DE TRANSFERÊNCIAS DE IMPOSTOS VINCULADOS À SAÚDE|NÃO SE APLICA|5190|20201029|0.0|0.0|0.0|0.0|0.0|15051.61|0.0|0.0|0.0|-15051.61|0.0
3110004|303|02|382323|2020|11|10 - SAÚDE|302 - ASSISTÊNCIA HOSPITALAR E AMBULATORIAL|0043 - SAÚDE BUCAL|2099 - MANUTENÇÃO DO SETOR DE SAÚDE BUCAL||3.1.90.13.03 - 3.1.90.13.03|102 - RECEITAS DE IMPOSTOS E DE TRANSFERÊNCIAS DE IMPOSTOS VINCULADOS À SAÚDE|NÃO SE APLICA|5608|20201127|7603.59|0.0|0.0|7603.59|0.0|48.62|0.0|0.0|0.0|7554.97|0.0
3110004|303|02|382323|2020|7|10 - SAÚDE|122 - ADMINISTRAÇÃO GERAL|0042 - SERVIÇO DE REGULAÇÃO EM SAÚDE|2094 - MANUTENÇÃO DA REGULAÇÃO EM SAÚDE||3.1.90.13.03 - 3.1.90.13.03|102 - RECEITAS DE IMPOSTOS E DE TRANSFERÊNCIAS DE IMPOSTOS VINCULADOS À SAÚDE|NÃO SE APLICA|3163|20200630|0.0|0.0|0.0|0.0|0.0|3096.42|0.0|0.0|0.0|-3096.42|0.0
3110004|303|02|382323|2020|4|10 - SAÚDE|302 - ASSISTÊNCIA HOSPITALAR E AMBULATORIAL|0048 - URGÊNCIA E EMERGÊNCIA|2403 - MANUTENÇÃO DO SAMU||3.3.90.14.05 - 3.3.90.14.05|102 - RECEITAS DE IMPOSTOS E DE TRANSFERÊNCIAS DE IMPOSTOS VINCULADOS À SAÚDE|NÃO SE APLICA|1905|20200417|165.2|0.0|0.0|165.2|0.0|165.2|0.0|0.0|0.0|0.0|0.0
3110004|303|02|382323|2020|7|10 - SAÚDE|302 - ASSISTÊNCIA HOSPITALAR E AMBULATORIAL|0048 - URGÊNCIA E EMERGÊNCIA|2403 - MANUTENÇÃO DO SAMU||3.1.90.13.03 - 3.1.90.13.03|102 - RECEITAS DE IMPOSTOS E DE TRANSFERÊNCIAS DE IMPOSTOS VINCULADOS À SAÚDE|NÃO SE APLICA|3174|20200630|0.0|0.0|0.0|0.0|0.0|5402.39|0.0|0.0|0.0|-5402.39|0.0
3110004|303|02|382334|2020|10|10 - SAÚDE|122 - ADMINISTRAÇÃO GERAL|0047 - MANUTENÇÃO DO SERVIÇO DE TRANSPORTE DE PACIENTES|2110 - MANUTENÇÃO DO SETOR DE TRANSPORTE||3.3.90.14.05 - 3.3.90.14.05|102 - RECEITAS DE IMPOSTOS E DE TRANSFERÊNCIAS DE IMPOSTOS VINCULADOS À SAÚDE|NÃO SE APLICA|4394|20200918|0.0|0.0|0.0|0.0|0.0|1180.0|0.0|0.0|0.0|-1180.0|0.0
3110004|303|02|382323|2020|10|10 - SAÚDE|122 - ADMINISTRAÇÃO GERAL|0042 - SERVIÇO DE REGULAÇÃO EM SAÚDE|2094 - MANUTENÇÃO DA REGULAÇÃO EM SAÚDE||3.1.90.13.01 - 3.1.90.13.01|102 - RECEITAS DE IMPOSTOS E DE TRANSFERÊNCIAS DE IMPOSTOS VINCULADOS À SAÚDE|NÃO SE APLICA|4704|20200930|0.0|0.0|0.0|0.0|0.0|970.15|0.0|0.0|0.0|-970.15|0.0
3110004|303|02|382334|2020|8|10 - SAÚDE|122 - ADMINISTRAÇÃO GERAL|0040 - GESTÃO DA SECRETARIA DE SAÚDE|2089 - MANUTENÇÃO DA SECRETARIA DE SAÚDE||3.3.90.14.05 - 3.3.90.14.05|102 - RECEITAS DE IMPOSTOS E DE TRANSFERÊNCIAS DE IMPOSTOS VINCULADOS À SAÚDE|NÃO SE APLICA|4185|20200828|141.6|0.0|0.0|141.6|0.0|141.6|0.0|0.0|0.0|0.0|0.0
3110004|303|02|382334|2020|9|10 - SAÚDE|122 - ADMINISTRAÇÃO GERAL|0040 - GESTÃO DA SECRETARIA DE SAÚDE|2089 - MANUTENÇÃO DA SECRETARIA DE SAÚDE||3.1.90.13.03 - 3.1.90.13.03|102 - RECEITAS DE IMPOSTOS E DE TRANSFERÊNCIAS DE IMPOSTOS VINCULADOS À SAÚDE|NÃO SE APLICA|4133|20200828|0.0|0.0|0.0|0.0|0.0|5767.39|0.0|0.0|0.0|-5767.39|0.0
3110004|303|02|382334|2020|7|10 - SAÚDE|122 - ADMINISTRAÇÃO GERAL|0047 - MANUTENÇÃO DO SERVIÇO DE TRANSPORTE DE PACIENTES|2110 - MANUTENÇÃO DO SETOR DE TRANSPORTE||3.3.90.14.05 - 3.3.90.14.05|102 - RECEITAS DE IMPOSTOS E DE TRANSFERÊNCIAS DE IMPOSTOS VINCULADOS À SAÚDE|NÃO SE APLICA|2891|20200623|0.0|0.0|0.0|0.0|0.0|944.0|0.0|0.0|0.0|-944.0|0.0
3110004|303|02|382334|2020|12|10 - SAÚDE|302 - ASSISTÊNCIA HOSPITALAR E AMBULATORIAL|0312 - EMENDAS IMPOSITIVAS|1242 - EXECUÇÃO DAS EMENDAS IMPOSITIVAS||4.4.90.52.19 - 4.4.90.52.19|102 - RECEITAS DE IMPOSTOS E DE TRANSFERÊNCIAS DE IMPOSTOS VINCULADOS À SAÚDE|NÃO SE APLICA|5751|20201209|16870.8|0.0|0.0|0.0|0.0|0.0|0.0|0.0|0.0|0.0|16870.8
3110004|303|02|382334|2020|4|10 - SAÚDE|122 - ADMINISTRAÇÃO GERAL|0047 - MANUTENÇÃO DO SERVIÇO DE TRANSPORTE DE PACIENTES|2110 - MANUTENÇÃO DO SETOR DE TRANSPORTE||3.1.90.13.03 - 3.1.90.13.03|102 - RECEITAS DE IMPOSTOS E DE TRANSFERÊNCIAS DE IMPOSTOS VINCULADOS À SAÚDE|NÃO SE APLICA|2132|20200429|18494.18|0.0|0.0|18494.18|0.0|3.24|0.0|0.0|0.0|18490.94|0.0
3110004|303|02|382323|2020|2|10 - SAÚDE|301 - ATENÇÃO BÁSICA|0029 - ATENÇÃO BÁSICA|2063 - MANUTENÇÃO DA ATENÇÃO BÁSICA||3.1.90.13.03 - 3.1.90.13.03|102 - RECEITAS DE IMPOSTOS E DE TRANSFERÊNCIAS DE IMPOSTOS VINCULADOS À SAÚDE|NÃO SE APLICA|1201|20200221|2645.79|0.0|0.0|2645.79|0.0|0.0|0.0|0.0|0.0|2645.79|0.0
3110004|303|02|382334|2020|2|10 - SAÚDE|122 - ADMINISTRAÇÃO GERAL|0040 - GESTÃO DA SECRETARIA DE SAÚDE|2089 - MANUTENÇÃO DA SECRETARIA DE SAÚDE||3.1.90.94.01 - 3.1.90.94.01|102 - RECEITAS DE IMPOSTOS E DE TRANSFERÊNCIAS DE IMPOSTOS VINCULADOS À SAÚDE|NÃO SE APLICA|675|20200203|377.86|0.0|0.0|377.86|0.0|377.86|0.0|0.0|0.0|0.0|0.0
3110004|303|02|382334|2020|6|10 - SAÚDE|122 - ADMINISTRAÇÃO GERAL|0047 - MANUTENÇÃO DO SERVIÇO DE TRANSPORTE DE PACIENTES|2110 - MANUTENÇÃO DO SETOR DE TRANSPORTE||3.1.90.11.05 - 3.1.90.11.05|102 - RECEITAS DE IMPOSTOS E DE TRANSFERÊNCIAS DE IMPOSTOS VINCULADOS À SAÚDE|NÃO SE APLICA|3028|20200630|7574.34|0.0|0.0|7574.34|0.0|7574.34|0.0|0.0|0.0|0.0|0.0
3110004|303|02|382323|2020|1|10 - SAÚDE|122 - ADMINISTRAÇÃO GERAL|0042 - SERVIÇO DE REGULAÇÃO EM SAÚDE|2094 - MANUTENÇÃO DA REGULAÇÃO EM SAÚDE||3.3.90.48.00 - 3.3.90.48.00|102 - RECEITAS DE IMPOSTOS E DE TRANSFERÊNCIAS DE IMPOSTOS VINCULADOS À SAÚDE|NÃO SE APLICA|148|20200115|24000.0|0.0|0.0|1215.0|0.0|1215.0|0.0|0.0|0.0|0.0|22785.0
3110004|303|02|382334|2020|6|10 - SAÚDE|122 - ADMINISTRAÇÃO GERAL|0047 - MANUTENÇÃO DO SERVIÇO DE TRANSPORTE DE PACIENTES|2110 - MANUTENÇÃO DO SETOR DE TRANSPORTE||3.3.90.14.05 - 3.3.90.14.05|102 - RECEITAS DE IMPOSTOS E DE TRANSFERÊNCIAS DE IMPOSTOS VINCULADOS À SAÚDE|NÃO SE APLICA|2321|20200513|0.0|0.0|0.0|0.0|0.0|944.0|0.0|0.0|0.0|-944.0|0.0
3110004|303|02|382334|2020|8|10 - SAÚDE|122 - ADMINISTRAÇÃO GERAL|0047 - MANUTENÇÃO DO SERVIÇO DE TRANSPORTE DE PACIENTES|2110 - MANUTENÇÃO DO SETOR DE TRANSPORTE||3.3.90.14.05 - 3.3.90.14.05|102 - RECEITAS DE IMPOSTOS E DE TRANSFERÊNCIAS DE IMPOSTOS VINCULADOS À SAÚDE|NÃO SE APLICA|3445|20200727|0.0|0.0|0.0|0.0|0.0|1416.0|0.0|0.0|0.0|-1416.0|0.0
3110004|303|02|382334|2020|9|10 - SAÚDE|122 - ADMINISTRAÇÃO GERAL|0040 - GESTÃO DA SECRETARIA DE SAÚDE|2089 - MANUTENÇÃO DA SECRETARIA DE SAÚDE||3.3.90.14.05 - 3.3.90.14.05|102 - RECEITAS DE IMPOSTOS E DE TRANSFERÊNCIAS DE IMPOSTOS VINCULADOS À SAÚDE|NÃO SE APLICA|4368|20200917|141.6|0.0|0.0|141.6|0.0|141.6|0.0|0.0|0.0|0.0|0.0
3110004|303|02|382334|2020|7|10 - SAÚDE|122 - ADMINISTRAÇÃO GERAL|0040 - GESTÃO DA SECRETARIA DE SAÚDE|2089 - MANUTENÇÃO DA SECRETARIA DE SAÚDE||3.3.90.39.43 - 3.3.90.39.43|102 - RECEITAS DE IMPOSTOS E DE TRANSFERÊNCIAS DE IMPOSTOS VINCULADOS À SAÚDE|NÃO SE APLICA|193|20200115|0.0|0.0|0.0|3753.05|0.0|3753.05|0.0|0.0|0.0|0.0|-3753.05
3110004|303|02|382323|2020|6|10 - SAÚDE|302 - ASSISTÊNCIA HOSPITALAR E AMBULATORIAL|0039 - GESTÃO DA FISIOTERAPIA|2086 - MANUTENÇÃO DO SETOR DA FISIOTERAPIA||3.1.90.13.01 - 3.1.90.13.01|102 - RECEITAS DE IMPOSTOS E DE TRANSFERÊNCIAS DE IMPOSTOS VINCULADOS À SAÚDE|NÃO SE APLICA|2656|20200529|0.0|0.0|0.0|0.0|0.0|855.28|0.0|0.0|0.0|-855.28|0.0
3110004|303|02|382334|2020|10|10 - SAÚDE|122 - ADMINISTRAÇÃO GERAL|0047 - MANUTENÇÃO DO SERVIÇO DE TRANSPORTE DE PACIENTES|2110 - MANUTENÇÃO DO SETOR DE TRANSPORTE||3.3.90.14.05 - 3.3.90.14.05|102 - RECEITAS DE IMPOSTOS E DE TRANSFERÊNCIAS DE IMPOSTOS VINCULADOS À SAÚDE|NÃO SE APLICA|4385|20200918|0.0|0.0|0.0|0.0|0.0|708.0|0.0|0.0|0.0|-708.0|0.0
3110004|303|02|382334|2020|12|10 - SAÚDE|122 - ADMINISTRAÇÃO GERAL|0040 - GESTÃO DA SECRETARIA DE SAÚDE|2089 - MANUTENÇÃO DA SECRETARIA DE SAÚDE||3.3.90.30.22 - 3.3.90.30.22|102 - RECEITAS DE IMPOSTOS E DE TRANSFERÊNCIAS DE IMPOSTOS VINCULADOS À SAÚDE|NÃO SE APLICA|5664|20201130|0.0|0.0|0.0|274.1|0.0|274.1|0.0|0.0|0.0|0.0|-274.1
3110004|303|02|382323|2020|9|10 - SAÚDE|302 - ASSISTÊNCIA HOSPITALAR E AMBULATORIAL|0113 - CONSÓRCIO INTERMUNICIPAL ALIANÇA PELA SAÚDE|2394 - MANUTENÇÃO DAS AÇÕES DO CONSÓRCIO||3.3.71.70.00 - 3.3.71.70.00|102 - RECEITAS DE IMPOSTOS E DE TRANSFERÊNCIAS DE IMPOSTOS VINCULADOS À SAÚDE|NÃO SE APLICA|841|20200213|0.0|0.0|0.0|0.0|0.0|3000.0|0.0|0.0|0.0|-3000.0|0.0
3110004|303|02|382323|2020|4|10 - SAÚDE|302 - ASSISTÊNCIA HOSPITALAR E AMBULATORIAL|0028 - CENTRO DE ESPECIALIDADES EM SAÚDE|2059 - MANUTENÇÃO DO CENTRO ESPECIALIDADES EM SAÚDE||3.3.90.39.36 - 3.3.90.39.36|102 - RECEITAS DE IMPOSTOS E DE TRANSFERÊNCIAS DE IMPOSTOS VINCULADOS À SAÚDE|NÃO SE APLICA|672|20200203|0.0|0.0|0.0|7120.0|0.0|7120.0|0.0|0.0|0.0|0.0|-7120.0
3110004|303|02|382323|2020|2|10 - SAÚDE|122 - ADMINISTRAÇÃO GERAL|0032 - ASSISTÊNCIA FARMACÊUTCA|2069 - MANUTENÇÃO DA FARMÁCIA BÁSICA||3.3.90.30.09 - 3.3.90.30.09|102 - RECEITAS DE IMPOSTOS E DE TRANSFERÊNCIAS DE IMPOSTOS VINCULADOS À SAÚDE|NÃO SE APLICA|875|20200218|5600.0|0.0|0.0|0.0|0.0|0.0|0.0|0.0|0.0|0.0|5600.0
3110004|303|02|382334|2020|4|10 - SAÚDE|122 - ADMINISTRAÇÃO GERAL|0040 - GESTÃO DA SECRETARIA DE SAÚDE|2089 - MANUTENÇÃO DA SECRETARIA DE SAÚDE||3.1.90.11.05 - 3.1.90.11.05|102 - RECEITAS DE IMPOSTOS E DE TRANSFERÊNCIAS DE IMPOSTOS VINCULADOS À SAÚDE|NÃO SE APLICA|2021|20200429|4434.11|0.0|0.0|4434.11|0.0|4434.11|0.0|0.0|0.0|0.0|0.0
3110004|303|02|382334|2020|11|10 - SAÚDE|122 - ADMINISTRAÇÃO GERAL|0047 - MANUTENÇÃO DO SERVIÇO DE TRANSPORTE DE PACIENTES|2110 - MANUTENÇÃO DO SETOR DE TRANSPORTE||3.3.90.39.46 - 3.3.90.39.46|102 - RECEITAS DE IMPOSTOS E DE TRANSFERÊNCIAS DE IMPOSTOS VINCULADOS À SAÚDE|NÃO SE APLICA|5670|20201130|20000.0|0.0|0.0|0.0|0.0|0.0|0.0|0.0|0.0|0.0|20000.0
3110004|303|02|382334|2020|5|10 - SAÚDE|122 - ADMINISTRAÇÃO GERAL|0040 - GESTÃO DA SECRETARIA DE SAÚDE|2089 - MANUTENÇÃO DA SECRETARIA DE SAÚDE||3.1.90.13.03 - 3.1.90.13.03|102 - RECEITAS DE IMPOSTOS E DE TRANSFERÊNCIAS DE IMPOSTOS VINCULADOS À SAÚDE|NÃO SE APLICA|2130|20200429|0.0|0.0|0.0|0.0|0.0|6152.79|0.0|0.0|0.0|-6152.79|0.0
3110004|303|02|382334|2020|11|10 - SAÚDE|122 - ADMINISTRAÇÃO GERAL|0047 - MANUTENÇÃO DO SERVIÇO DE TRANSPORTE DE PACIENTES|2110 - MANUTENÇÃO DO SETOR DE TRANSPORTE||3.1.90.16.00 - 3.1.90.16.00|102 - RECEITAS DE IMPOSTOS E DE TRANSFERÊNCIAS DE IMPOSTOS VINCULADOS À SAÚDE|NÃO SE APLICA|5460|20201127|13883.31|0.0|0.0|13883.31|0.0|13883.31|0.0|0.0|0.0|0.0|0.0
3110004|303|02|382323|2020|10|10 - SAÚDE|122 - ADMINISTRAÇÃO GERAL|0042 - SERVIÇO DE REGULAÇÃO EM SAÚDE|2094 - MANUTENÇÃO DA REGULAÇÃO EM SAÚDE||3.1.90.11.11 - 3.1.90.11.11|102 - RECEITAS DE IMPOSTOS E DE TRANSFERÊNCIAS DE IMPOSTOS VINCULADOS À SAÚDE|NÃO SE APLICA|5069|20201029|13620.1|0.0|0.0|13620.1|0.0|13620.1|0.0|0.0|0.0|0.0|0.0
3110004|303|02|382323|2020|6|10 - SAÚDE|302 - ASSISTÊNCIA HOSPITALAR E AMBULATORIAL|0048 - URGÊNCIA E EMERGÊNCIA|2112 - MANUTENÇÃO DA URGÊNCIA E EMERGÊNCIA||3.3.50.43.00 - 3.3.50.43.00|102 - RECEITAS DE IMPOSTOS E DE TRANSFERÊNCIAS DE IMPOSTOS VINCULADOS À SAÚDE|NÃO SE APLICA|2798|20200615|1685000.0|0.0|0.0|345407.32|0.0|345407.32|0.0|0.0|0.0|0.0|1339592.68
3110004|303|02|382334|2020|3|10 - SAÚDE|122 - ADMINISTRAÇÃO GERAL|0047 - MANUTENÇÃO DO SERVIÇO DE TRANSPORTE DE PACIENTES|2110 - MANUTENÇÃO DO SETOR DE TRANSPORTE||3.3.90.14.05 - 3.3.90.14.05|102 - RECEITAS DE IMPOSTOS E DE TRANSFERÊNCIAS DE IMPOSTOS VINCULADOS À SAÚDE|NÃO SE APLICA|1376|20200313|1180.0|0.0|0.0|1180.0|0.0|1180.0|0.0|0.0|0.0|0.0|0.0
3110004|303|02|382323|2020|4|10 - SAÚDE|122 - ADMINISTRAÇÃO GERAL|0032 - ASSISTÊNCIA FARMACÊUTCA|2069 - MANUTENÇÃO DA FARMÁCIA BÁSICA||3.1.90.11.11 - 3.1.90.11.11|102 - RECEITAS DE IMPOSTOS E DE TRANSFERÊNCIAS DE IMPOSTOS VINCULADOS À SAÚDE|NÃO SE APLICA|2052|20200429|11677.18|0.0|0.0|11677.18|0.0|11677.18|0.0|0.0|0.0|0.0|0.0
3110004|303|02|382323|2020|4|10 - SAÚDE|302 - ASSISTÊNCIA HOSPITALAR E AMBULATORIAL|0028 - CENTRO DE ESPECIALIDADES EM SAÚDE|2059 - MANUTENÇÃO DO CENTRO ESPECIALIDADES EM SAÚDE||3.3.90.39.36 - 3.3.90.39.36|102 - RECEITAS DE IMPOSTOS E DE TRANSFERÊNCIAS DE IMPOSTOS VINCULADOS À SAÚDE|NÃO SE APLICA|575|20200130|0.0|0.0|0.0|3055.0|0.0|3055.0|0.0|0.0|0.0|0.0|-3055.0
3110004|303|02|382334|2020|3|10 - SAÚDE|122 - ADMINISTRAÇÃO GERAL|0040 - GESTÃO DA SECRETARIA DE SAÚDE|2089 - MANUTENÇÃO DA SECRETARIA DE SAÚDE||3.1.90.13.03 - 3.1.90.13.03|102 - RECEITAS DE IMPOSTOS E DE TRANSFERÊNCIAS DE IMPOSTOS VINCULADOS À SAÚDE|NÃO SE APLICA|1170|20200221|0.0|0.0|0.0|0.0|0.0|5018.88|0.0|0.0|0.0|-5018.88|0.0
3110004|303|02|382323|2020|2|10 - SAÚDE|122 - ADMINISTRAÇÃO GERAL|0032 - ASSISTÊNCIA FARMACÊUTCA|2069 - MANUTENÇÃO DA FARMÁCIA BÁSICA||3.3.90.30.09 - 3.3.90.30.09|102 - RECEITAS DE IMPOSTOS E DE TRANSFERÊNCIAS DE IMPOSTOS VINCULADOS À SAÚDE|NÃO SE APLICA|877|20200218|1731.0|0.0|0.0|0.0|0.0|0.0|0.0|0.0|0.0|0.0|1731.0
3110004|303|02|382323|2020|10|10 - SAÚDE|302 - ASSISTÊNCIA HOSPITALAR E AMBULATORIAL|0113 - CONSÓRCIO INTERMUNICIPAL ALIANÇA PELA SAÚDE|2394 - MANUTENÇÃO DAS AÇÕES DO CONSÓRCIO||3.3.72.39.00 - 3.3.72.39.00|102 - RECEITAS DE IMPOSTOS E DE TRANSFERÊNCIAS DE IMPOSTOS VINCULADOS À SAÚDE|NÃO SE APLICA|250|20200123|0.0|0.0|0.0|0.0|0.0|26783.31|0.0|0.0|0.0|-26783.31|0.0
3110004|303|02|382334|2020|9|10 - SAÚDE|122 - ADMINISTRAÇÃO GERAL|0047 - MANUTENÇÃO DO SERVIÇO DE TRANSPORTE DE PACIENTES|2110 - MANUTENÇÃO DO SETOR DE TRANSPORTE||3.3.90.14.05 - 3.3.90.14.05|102 - RECEITAS DE IMPOSTOS E DE TRANSFERÊNCIAS DE IMPOSTOS VINCULADOS À SAÚDE|NÃO SE APLICA|4387|20200918|1416.0|0.0|0.0|1416.0|0.0|0.0|0.0|0.0|0.0|1416.0|0.0
3110004|303|02|382334|2020|2|10 - SAÚDE|122 - ADMINISTRAÇÃO GERAL|0047 - MANUTENÇÃO DO SERVIÇO DE TRANSPORTE DE PACIENTES|2110 - MANUTENÇÃO DO SETOR DE TRANSPORTE||3.3.90.14.05 - 3.3.90.14.05|102 - RECEITAS DE IMPOSTOS E DE TRANSFERÊNCIAS DE IMPOSTOS VINCULADOS À SAÚDE|NÃO SE APLICA|784|20200211|708.0|0.0|0.0|708.0|0.0|708.0|0.0|0.0|0.0|0.0|0.0
3110004|303|02|382323|2020|3|10 - SAÚDE|301 - ATENÇÃO BÁSICA|0029 - ATENÇÃO BÁSICA|2063 - MANUTENÇÃO DA ATENÇÃO BÁSICA||3.1.90.13.03 - 3.1.90.13.03|102 - RECEITAS DE IMPOSTOS E DE TRANSFERÊNCIAS DE IMPOSTOS VINCULADOS À SAÚDE|NÃO SE APLICA|1201|20200221|0.0|0.0|0.0|0.0|0.0|2645.79|0.0|0.0|0.0|-2645.79|0.0
3110004|303|02|382334|2020|11|10 - SAÚDE|122 - ADMINISTRAÇÃO GERAL|0040 - GESTÃO DA SECRETARIA DE SAÚDE|2089 - MANUTENÇÃO DA SECRETARIA DE SAÚDE||3.3.90.49.00 - 3.3.90.49.00|102 - RECEITAS DE IMPOSTOS E DE TRANSFERÊNCIAS DE IMPOSTOS VINCULADOS À SAÚDE|NÃO SE APLICA|258|20200124|0.0|0.0|1000.0|306.0|0.0|306.0|0.0|0.0|0.0|0.0|-1306.0
3110004|303|02|382334|2020|6|10 - SAÚDE|122 - ADMINISTRAÇÃO GERAL|0040 - GESTÃO DA SECRETARIA DE SAÚDE|2089 - MANUTENÇÃO DA SECRETARIA DE SAÚDE||3.1.90.16.00 - 3.1.90.16.00|102 - RECEITAS DE IMPOSTOS E DE TRANSFERÊNCIAS DE IMPOSTOS VINCULADOS À SAÚDE|NÃO SE APLICA|3025|20200630|366.13|0.0|0.0|366.13|0.0|366.13|0.0|0.0|0.0|0.0|0.0
3110004|303|02|382323|2020|12|10 - SAÚDE|301 - ATENÇÃO BÁSICA|0029 - ATENÇÃO BÁSICA|2063 - MANUTENÇÃO DA ATENÇÃO BÁSICA||3.1.90.13.01 - 3.1.90.13.01|102 - RECEITAS DE IMPOSTOS E DE TRANSFERÊNCIAS DE IMPOSTOS VINCULADOS À SAÚDE|NÃO SE APLICA|5602|20201127|0.0|0.0|0.0|0.0|0.0|11181.89|0.0|0.0|0.0|-11181.89|0.0
3110004|303|02|382323|2020|12|10 - SAÚDE|305 - VIGILÂNCIA EPIDEMIOLÓGICA|0049 - VIGILÂNCIA EM SAÚDE|2399 - MANUTENÇÃO DA VIGILÂNCIA EM SAÚDE||3.1.90.13.03 - 3.1.90.13.03|102 - RECEITAS DE IMPOSTOS E DE TRANSFERÊNCIAS DE IMPOSTOS VINCULADOS À SAÚDE|NÃO SE APLICA|5940|20201214|14714.32|0.0|0.0|14714.32|0.0|14714.32|0.0|0.0|0.0|0.0|0.0
3110004|303|02|382334|2020|4|10 - SAÚDE|122 - ADMINISTRAÇÃO GERAL|0047 - MANUTENÇÃO DO SERVIÇO DE TRANSPORTE DE PACIENTES|2110 - MANUTENÇÃO DO SETOR DE TRANSPORTE||3.3.90.39.99 - 3.3.90.39.99|102 - RECEITAS DE IMPOSTOS E DE TRANSFERÊNCIAS DE IMPOSTOS VINCULADOS À SAÚDE|NÃO SE APLICA|272|20200124|0.0|0.0|0.0|77042.57|0.0|43890.72|0.0|0.0|0.0|33151.85|-77042.57
3110004|303|02|382323|2020|1|10 - SAÚDE|301 - ATENÇÃO BÁSICA|0029 - ATENÇÃO BÁSICA|2063 - MANUTENÇÃO DA ATENÇÃO BÁSICA||3.1.90.13.01 - 3.1.90.13.01|102 - RECEITAS DE IMPOSTOS E DE TRANSFERÊNCIAS DE IMPOSTOS VINCULADOS À SAÚDE|NÃO SE APLICA|536|20200130|693.44|0.0|0.0|693.44|0.0|0.0|0.0|0.0|0.0|693.44|0.0
3110004|303|02|382334|2020|10|10 - SAÚDE|122 - ADMINISTRAÇÃO GERAL|0047 - MANUTENÇÃO DO SERVIÇO DE TRANSPORTE DE PACIENTES|2110 - MANUTENÇÃO DO SETOR DE TRANSPORTE||3.3.90.14.05 - 3.3.90.14.05|102 - RECEITAS DE IMPOSTOS E DE TRANSFERÊNCIAS DE IMPOSTOS VINCULADOS À SAÚDE|NÃO SE APLICA|4891|20201023|944.0|0.0|0.0|944.0|0.0|944.0|0.0|0.0|0.0|0.0|0.0
3110004|303|02|382323|2020|5|10 - SAÚDE|302 - ASSISTÊNCIA HOSPITALAR E AMBULATORIAL|0048 - URGÊNCIA E EMERGÊNCIA|2403 - MANUTENÇÃO DO SAMU||3.1.90.16.00 - 3.1.90.16.00|102 - RECEITAS DE IMPOSTOS E DE TRANSFERÊNCIAS DE IMPOSTOS VINCULADOS À SAÚDE|NÃO SE APLICA|2550|20200529|6437.42|0.0|0.0|6437.42|0.0|6437.42|0.0|0.0|0.0|0.0|0.0
3110004|303|02|382334|2020|9|10 - SAÚDE|122 - ADMINISTRAÇÃO GERAL|0040 - GESTÃO DA SECRETARIA DE SAÚDE|2089 - MANUTENÇÃO DA SECRETARIA DE SAÚDE||3.3.90.14.05 - 3.3.90.14.05|102 - RECEITAS DE IMPOSTOS E DE TRANSFERÊNCIAS DE IMPOSTOS VINCULADOS À SAÚDE|NÃO SE APLICA|4227|20200902|23.6|0.0|0.0|23.6|0.0|23.6|0.0|0.0|0.0|0.0|0.0
3110004|303|02|382334|2020|3|10 - SAÚDE|122 - ADMINISTRAÇÃO GERAL|0040 - GESTÃO DA SECRETARIA DE SAÚDE|2089 - MANUTENÇÃO DA SECRETARIA DE SAÚDE||3.1.90.11.11 - 3.1.90.11.11|102 - RECEITAS DE IMPOSTOS E DE TRANSFERÊNCIAS DE IMPOSTOS VINCULADOS À SAÚDE|NÃO SE APLICA|1551|20200327|12980.47|0.0|0.0|12980.47|0.0|12980.47|0.0|0.0|0.0|0.0|0.0
3110004|303|02|382323|2020|8|10 - SAÚDE|122 - ADMINISTRAÇÃO GERAL|0032 - ASSISTÊNCIA FARMACÊUTCA|2069 - MANUTENÇÃO DA FARMÁCIA BÁSICA||3.1.90.13.03 - 3.1.90.13.03|102 - RECEITAS DE IMPOSTOS E DE TRANSFERÊNCIAS DE IMPOSTOS VINCULADOS À SAÚDE|NÃO SE APLICA|4156|20200828|2128.83|0.0|0.0|2128.83|0.0|0.0|0.0|0.0|0.0|2128.83|0.0
3110004|303|02|382334|2020|3|10 - SAÚDE|122 - ADMINISTRAÇÃO GERAL|0040 - GESTÃO DA SECRETARIA DE SAÚDE|2089 - MANUTENÇÃO DA SECRETARIA DE SAÚDE||3.1.90.13.03 - 3.1.90.13.03|102 - RECEITAS DE IMPOSTOS E DE TRANSFERÊNCIAS DE IMPOSTOS VINCULADOS À SAÚDE|NÃO SE APLICA|1656|20200327|5157.57|0.0|0.0|5157.57|0.0|145.86|0.0|0.0|0.0|5011.71|0.0
3110004|303|02|382334|2020|7|10 - SAÚDE|122 - ADMINISTRAÇÃO GERAL|0040 - GESTÃO DA SECRETARIA DE SAÚDE|2089 - MANUTENÇÃO DA SECRETARIA DE SAÚDE||3.1.90.16.00 - 3.1.90.16.00|102 - RECEITAS DE IMPOSTOS E DE TRANSFERÊNCIAS DE IMPOSTOS VINCULADOS À SAÚDE|NÃO SE APLICA|3536|20200731|737.3|0.0|0.0|737.3|0.0|737.3|0.0|0.0|0.0|0.0|0.0
3110004|303|02|382323|2020|12|10 - SAÚDE|302 - ASSISTÊNCIA HOSPITALAR E AMBULATORIAL|0048 - URGÊNCIA E EMERGÊNCIA|2403 - MANUTENÇÃO DO SAMU||3.1.90.13.03 - 3.1.90.13.03|102 - RECEITAS DE IMPOSTOS E DE TRANSFERÊNCIAS DE IMPOSTOS VINCULADOS À SAÚDE|NÃO SE APLICA|6323|20201228|4837.53|0.0|0.0|4837.53|0.0|4837.53|0.0|0.0|0.0|0.0|0.0
3110004|303|02|382334|2020|5|10 - SAÚDE|122 - ADMINISTRAÇÃO GERAL|0047 - MANUTENÇÃO DO SERVIÇO DE TRANSPORTE DE PACIENTES|2110 - MANUTENÇÃO DO SETOR DE TRANSPORTE||3.3.90.14.05 - 3.3.90.14.05|102 - RECEITAS DE IMPOSTOS E DE TRANSFERÊNCIAS DE IMPOSTOS VINCULADOS À SAÚDE|NÃO SE APLICA|2319|20200513|944.0|0.0|0.0|944.0|0.0|0.0|0.0|0.0|0.0|944.0|0.0
3110004|303|02|382323|2020|4|10 - SAÚDE|122 - ADMINISTRAÇÃO GERAL|0042 - SERVIÇO DE REGULAÇÃO EM SAÚDE|2094 - MANUTENÇÃO DA REGULAÇÃO EM SAÚDE||3.3.90.48.00 - 3.3.90.48.00|102 - RECEITAS DE IMPOSTOS E DE TRANSFERÊNCIAS DE IMPOSTOS VINCULADOS À SAÚDE|NÃO SE APLICA|148|20200115|0.0|0.0|0.0|1775.0|0.0|1775.0|0.0|0.0|0.0|0.0|-1775.0
3110004|303|02|382323|2020|6|10 - SAÚDE|122 - ADMINISTRAÇÃO GERAL|0032 - ASSISTÊNCIA FARMACÊUTCA|2069 - MANUTENÇÃO DA FARMÁCIA BÁSICA||3.1.90.11.11 - 3.1.90.11.11|102 - RECEITAS DE IMPOSTOS E DE TRANSFERÊNCIAS DE IMPOSTOS VINCULADOS À SAÚDE|NÃO SE APLICA|3049|20200630|9041.58|0.0|0.0|9041.58|0.0|9041.58|0.0|0.0|0.0|0.0|0.0
3110004|303|02|382323|2020|4|10 - SAÚDE|122 - ADMINISTRAÇÃO GERAL|0032 - ASSISTÊNCIA FARMACÊUTCA|2069 - MANUTENÇÃO DA FARMÁCIA BÁSICA||3.3.90.36.14 - 3.3.90.36.14|102 - RECEITAS DE IMPOSTOS E DE TRANSFERÊNCIAS DE IMPOSTOS VINCULADOS À SAÚDE|NÃO SE APLICA|761|20200210|0.0|0.0|0.0|1931.72|0.0|1931.72|0.0|0.0|0.0|0.0|-1931.72
3110004|303|02|382334|2020|12|10 - SAÚDE|122 - ADMINISTRAÇÃO GERAL|0047 - MANUTENÇÃO DO SERVIÇO DE TRANSPORTE DE PACIENTES|2110 - MANUTENÇÃO DO SETOR DE TRANSPORTE||3.3.90.14.05 - 3.3.90.14.05|102 - RECEITAS DE IMPOSTOS E DE TRANSFERÊNCIAS DE IMPOSTOS VINCULADOS À SAÚDE|NÃO SE APLICA|5635|20201127|0.0|0.0|0.0|0.0|0.0|944.0|0.0|0.0|0.0|-944.0|0.0
3110004|303|02|382334|2020|5|10 - SAÚDE|122 - ADMINISTRAÇÃO GERAL|0047 - MANUTENÇÃO DO SERVIÇO DE TRANSPORTE DE PACIENTES|2110 - MANUTENÇÃO DO SETOR DE TRANSPORTE||3.1.90.04.99 - 3.1.90.04.99|102 - RECEITAS DE IMPOSTOS E DE TRANSFERÊNCIAS DE IMPOSTOS VINCULADOS À SAÚDE|NÃO SE APLICA|2512|20200529|7963.79|0.0|0.0|7963.79|0.0|7963.79|0.0|0.0|0.0|0.0|0.0
3110004|303|02|382323|2020|3|10 - SAÚDE|301 - ATENÇÃO BÁSICA|0029 - ATENÇÃO BÁSICA|2063 - MANUTENÇÃO DA ATENÇÃO BÁSICA||3.1.90.13.01 - 3.1.90.13.01|102 - RECEITAS DE IMPOSTOS E DE TRANSFERÊNCIAS DE IMPOSTOS VINCULADOS À SAÚDE|NÃO SE APLICA|1686|20200327|314.97|0.0|0.0|314.97|0.0|0.0|0.0|0.0|0.0|314.97|0.0
3110004|303|02|382323|2020|9|10 - SAÚDE|302 - ASSISTÊNCIA HOSPITALAR E AMBULATORIAL|0080 - SAÚDE MENTAL|2104 - MANUTENÇÃO DO SETOR DE SAÚDE MENTAL||3.1.90.13.01 - 3.1.90.13.01|102 - RECEITAS DE IMPOSTOS E DE TRANSFERÊNCIAS DE IMPOSTOS VINCULADOS À SAÚDE|NÃO SE APLICA|4717|20200930|1708.97|0.0|0.0|1708.97|0.0|0.0|0.0|0.0|0.0|1708.97|0.0
3110004|303|02|382323|2020|6|10 - SAÚDE|122 - ADMINISTRAÇÃO GERAL|0042 - SERVIÇO DE REGULAÇÃO EM SAÚDE|2094 - MANUTENÇÃO DA REGULAÇÃO EM SAÚDE||3.1.90.13.01 - 3.1.90.13.01|102 - RECEITAS DE IMPOSTOS E DE TRANSFERÊNCIAS DE IMPOSTOS VINCULADOS À SAÚDE|NÃO SE APLICA|3162|20200630|1153.45|0.0|0.0|1153.45|0.0|0.0|0.0|0.0|0.0|1153.45|0.0
3110004|303|02|382334|2020|4|10 - SAÚDE|122 - ADMINISTRAÇÃO GERAL|0047 - MANUTENÇÃO DO SERVIÇO DE TRANSPORTE DE PACIENTES|2110 - MANUTENÇÃO DO SETOR DE TRANSPORTE||3.3.90.14.05 - 3.3.90.14.05|102 - RECEITAS DE IMPOSTOS E DE TRANSFERÊNCIAS DE IMPOSTOS VINCULADOS À SAÚDE|NÃO SE APLICA|1892|20200417|1416.0|0.0|0.0|1416.0|0.0|1416.0|0.0|0.0|0.0|0.0|0.0
3110004|303|02|382323|2020|10|10 - SAÚDE|302 - ASSISTÊNCIA HOSPITALAR E AMBULATORIAL|0028 - CENTRO DE ESPECIALIDADES EM SAÚDE|2059 - MANUTENÇÃO DO CENTRO ESPECIALIDADES EM SAÚDE||3.3.90.39.36 - 3.3.90.39.36|102 - RECEITAS DE IMPOSTOS E DE TRANSFERÊNCIAS DE IMPOSTOS VINCULADOS À SAÚDE|NÃO SE APLICA|4779|20201006|66000.0|0.0|0.0|16500.0|0.0|16500.0|0.0|0.0|0.0|0.0|49500.0
3110004|303|02|382323|2020|11|10 - SAÚDE|301 - ATENÇÃO BÁSICA|0029 - ATENÇÃO BÁSICA|2063 - MANUTENÇÃO DA ATENÇÃO BÁSICA||3.1.90.13.01 - 3.1.90.13.01|102 - RECEITAS DE IMPOSTOS E DE TRANSFERÊNCIAS DE IMPOSTOS VINCULADOS À SAÚDE|NÃO SE APLICA|5602|20201127|11181.89|0.0|0.0|11181.89|0.0|0.0|0.0|0.0|0.0|11181.89|0.0
3110004|303|02|382323|2020|10|10 - SAÚDE|301 - ATENÇÃO BÁSICA|0029 - ATENÇÃO BÁSICA|2063 - MANUTENÇÃO DA ATENÇÃO BÁSICA||3.1.90.04.99 - 3.1.90.04.99|102 - RECEITAS DE IMPOSTOS E DE TRANSFERÊNCIAS DE IMPOSTOS VINCULADOS À SAÚDE|NÃO SE APLICA|5070|20201029|40960.15|0.0|0.0|40960.15|0.0|40960.15|0.0|0.0|0.0|0.0|0.0
3110004|303|02|382334|2020|9|10 - SAÚDE|122 - ADMINISTRAÇÃO GERAL|0040 - GESTÃO DA SECRETARIA DE SAÚDE|2089 - MANUTENÇÃO DA SECRETARIA DE SAÚDE||3.3.90.14.05 - 3.3.90.14.05|102 - RECEITAS DE IMPOSTOS E DE TRANSFERÊNCIAS DE IMPOSTOS VINCULADOS À SAÚDE|NÃO SE APLICA|4367|20200917|23.6|0.0|0.0|23.6|0.0|23.6|0.0|0.0|0.0|0.0|0.0
3110004|303|02|382334|2020|3|10 - SAÚDE|122 - ADMINISTRAÇÃO GERAL|0047 - MANUTENÇÃO DO SERVIÇO DE TRANSPORTE DE PACIENTES|2110 - MANUTENÇÃO DO SETOR DE TRANSPORTE||3.3.90.39.53 - 3.3.90.39.53|102 - RECEITAS DE IMPOSTOS E DE TRANSFERÊNCIAS DE IMPOSTOS VINCULADOS À SAÚDE|NÃO SE APLICA|1264|20200302|272.0|0.0|0.0|272.0|0.0|272.0|0.0|0.0|0.0|0.0|0.0
3110004|303|02|382323|2020|3|10 - SAÚDE|301 - ATENÇÃO BÁSICA|0029 - ATENÇÃO BÁSICA|2063 - MANUTENÇÃO DA ATENÇÃO BÁSICA||3.1.90.13.01 - 3.1.90.13.01|102 - RECEITAS DE IMPOSTOS E DE TRANSFERÊNCIAS DE IMPOSTOS VINCULADOS À SAÚDE|NÃO SE APLICA|1200|20200221|0.0|0.0|0.0|0.0|0.0|314.97|0.0|0.0|0.0|-314.97|0.0
3110004|303|02|382323|2020|12|10 - SAÚDE|305 - VIGILÂNCIA EPIDEMIOLÓGICA|0049 - VIGILÂNCIA EM SAÚDE|2399 - MANUTENÇÃO DA VIGILÂNCIA EM SAÚDE||3.1.90.16.00 - 3.1.90.16.00|102 - RECEITAS DE IMPOSTOS E DE TRANSFERÊNCIAS DE IMPOSTOS VINCULADOS À SAÚDE|NÃO SE APLICA|6214|20201228|213.16|0.0|0.0|213.16|0.0|213.16|0.0|0.0|0.0|0.0|0.0
3110004|303|02|382334|2020|12|10 - SAÚDE|122 - ADMINISTRAÇÃO GERAL|0047 - MANUTENÇÃO DO SERVIÇO DE TRANSPORTE DE PACIENTES|2110 - MANUTENÇÃO DO SETOR DE TRANSPORTE||3.1.90.11.05 - 3.1.90.11.05|102 - RECEITAS DE IMPOSTOS E DE TRANSFERÊNCIAS DE IMPOSTOS VINCULADOS À SAÚDE|NÃO SE APLICA|6171|20201228|3360.24|0.0|0.0|3360.24|0.0|3360.24|0.0|0.0|0.0|0.0|0.0
3110004|303|02|382323|2020|4|10 - SAÚDE|302 - ASSISTÊNCIA HOSPITALAR E AMBULATORIAL|0039 - GESTÃO DA FISIOTERAPIA|2086 - MANUTENÇÃO DO SETOR DA FISIOTERAPIA||3.1.90.13.03 - 3.1.90.13.03|102 - RECEITAS DE IMPOSTOS E DE TRANSFERÊNCIAS DE IMPOSTOS VINCULADOS À SAÚDE|NÃO SE APLICA|1692|20200327|0.0|0.0|0.0|0.0|0.0|3473.3|0.0|0.0|0.0|-3473.3|0.0
3110004|303|02|382323|2020|8|10 - SAÚDE|302 - ASSISTÊNCIA HOSPITALAR E AMBULATORIAL|0080 - SAÚDE MENTAL|2104 - MANUTENÇÃO DO SETOR DE SAÚDE MENTAL||3.1.90.13.01 - 3.1.90.13.01|102 - RECEITAS DE IMPOSTOS E DE TRANSFERÊNCIAS DE IMPOSTOS VINCULADOS À SAÚDE|NÃO SE APLICA|3687|20200731|0.0|0.0|0.0|0.0|0.0|2123.45|0.0|0.0|0.0|-2123.45|0.0
3110004|303|02|382323|2020|10|10 - SAÚDE|302 - ASSISTÊNCIA HOSPITALAR E AMBULATORIAL|0039 - GESTÃO DA FISIOTERAPIA|2086 - MANUTENÇÃO DO SETOR DA FISIOTERAPIA||3.1.90.13.03 - 3.1.90.13.03|102 - RECEITAS DE IMPOSTOS E DE TRANSFERÊNCIAS DE IMPOSTOS VINCULADOS À SAÚDE|NÃO SE APLICA|4712|20200930|0.0|0.0|0.0|0.0|0.0|1946.53|0.0|0.0|0.0|-1946.53|0.0
3110004|303|02|382323|2020|12|10 - SAÚDE|302 - ASSISTÊNCIA HOSPITALAR E AMBULATORIAL|0039 - GESTÃO DA FISIOTERAPIA|2086 - MANUTENÇÃO DO SETOR DA FISIOTERAPIA||3.1.90.13.03 - 3.1.90.13.03|102 - RECEITAS DE IMPOSTOS E DE TRANSFERÊNCIAS DE IMPOSTOS VINCULADOS À SAÚDE|NÃO SE APLICA|6320|20201228|4043.98|0.0|0.0|4043.98|0.0|4043.98|0.0|0.0|0.0|0.0|0.0
3110004|303|02|382323|2020|8|10 - SAÚDE|302 - ASSISTÊNCIA HOSPITALAR E AMBULATORIAL|0039 - GESTÃO DA FISIOTERAPIA|2086 - MANUTENÇÃO DO SETOR DA FISIOTERAPIA||3.1.90.13.01 - 3.1.90.13.01|102 - RECEITAS DE IMPOSTOS E DE TRANSFERÊNCIAS DE IMPOSTOS VINCULADOS À SAÚDE|NÃO SE APLICA|4164|20200828|913.38|0.0|0.0|913.38|0.0|0.0|0.0|0.0|0.0|913.38|0.0
3110004|303|02|382323|2020|11|10 - SAÚDE|305 - VIGILÂNCIA EPIDEMIOLÓGICA|0049 - VIGILÂNCIA EM SAÚDE|2399 - MANUTENÇÃO DA VIGILÂNCIA EM SAÚDE||3.1.90.13.03 - 3.1.90.13.03|102 - RECEITAS DE IMPOSTOS E DE TRANSFERÊNCIAS DE IMPOSTOS VINCULADOS À SAÚDE|NÃO SE APLICA|5615|20201127|14517.65|0.0|0.0|14517.65|0.0|48.62|0.0|0.0|0.0|14469.03|0.0
3110004|303|02|382334|2020|10|10 - SAÚDE|122 - ADMINISTRAÇÃO GERAL|0040 - GESTÃO DA SECRETARIA DE SAÚDE|2089 - MANUTENÇÃO DA SECRETARIA DE SAÚDE||3.3.90.49.00 - 3.3.90.49.00|102 - RECEITAS DE IMPOSTOS E DE TRANSFERÊNCIAS DE IMPOSTOS VINCULADOS À SAÚDE|NÃO SE APLICA|256|20200124|0.0|0.0|0.0|7259.0|0.0|7259.0|0.0|0.0|0.0|0.0|-7259.0
3110004|303|02|382334|2020|12|10 - SAÚDE|122 - ADMINISTRAÇÃO GERAL|0047 - MANUTENÇÃO DO SERVIÇO DE TRANSPORTE DE PACIENTES|2110 - MANUTENÇÃO DO SETOR DE TRANSPORTE||3.3.90.14.05 - 3.3.90.14.05|102 - RECEITAS DE IMPOSTOS E DE TRANSFERÊNCIAS DE IMPOSTOS VINCULADOS À SAÚDE|NÃO SE APLICA|5728|20201209|47.2|0.0|0.0|47.2|0.0|47.2|0.0|0.0|0.0|0.0|0.0
3110004|303|02|382323|2020|6|10 - SAÚDE|122 - ADMINISTRAÇÃO GERAL|0032 - ASSISTÊNCIA FARMACÊUTCA|2069 - MANUTENÇÃO DA FARMÁCIA BÁSICA||3.3.90.30.09 - 3.3.90.30.09|102 - RECEITAS DE IMPOSTOS E DE TRANSFERÊNCIAS DE IMPOSTOS VINCULADOS À SAÚDE|NÃO SE APLICA|837|20200213|0.0|0.0|0.0|442.8|0.0|442.8|0.0|0.0|0.0|0.0|-442.8
3110004|303|02|382323|2020|7|10 - SAÚDE|302 - ASSISTÊNCIA HOSPITALAR E AMBULATORIAL|0080 - SAÚDE MENTAL|2104 - MANUTENÇÃO DO SETOR DE SAÚDE MENTAL||3.1.90.11.05 - 3.1.90.11.05|102 - RECEITAS DE IMPOSTOS E DE TRANSFERÊNCIAS DE IMPOSTOS VINCULADOS À SAÚDE|NÃO SE APLICA|3574|20200731|2790.13|0.0|0.0|2790.13|0.0|2790.13|0.0|0.0|0.0|0.0|0.0
3110004|303|02|382323|2020|11|10 - SAÚDE|122 - ADMINISTRAÇÃO GERAL|0032 - ASSISTÊNCIA FARMACÊUTCA|2069 - MANUTENÇÃO DA FARMÁCIA BÁSICA||3.1.90.13.03 - 3.1.90.13.03|102 - RECEITAS DE IMPOSTOS E DE TRANSFERÊNCIAS DE IMPOSTOS VINCULADOS À SAÚDE|NÃO SE APLICA|5599|20201127|2128.83|0.0|0.0|2128.83|0.0|0.0|0.0|0.0|0.0|2128.83|0.0
3110004|303|02|382323|2020|5|10 - SAÚDE|122 - ADMINISTRAÇÃO GERAL|0032 - ASSISTÊNCIA FARMACÊUTCA|2069 - MANUTENÇÃO DA FARMÁCIA BÁSICA||3.3.90.30.09 - 3.3.90.30.09|102 - RECEITAS DE IMPOSTOS E DE TRANSFERÊNCIAS DE IMPOSTOS VINCULADOS À SAÚDE|NÃO SE APLICA|2224|20200506|348.22|0.0|0.0|348.22|0.0|0.0|0.0|0.0|0.0|348.22|0.0
3110004|303|02|382323|2020|9|10 - SAÚDE|305 - VIGILÂNCIA EPIDEMIOLÓGICA|0049 - VIGILÂNCIA EM SAÚDE|2399 - MANUTENÇÃO DA VIGILÂNCIA EM SAÚDE||3.3.90.30.18 - 3.3.90.30.18|102 - RECEITAS DE IMPOSTOS E DE TRANSFERÊNCIAS DE IMPOSTOS VINCULADOS À SAÚDE|NÃO SE APLICA|3778|20200810|0.0|0.0|0.0|0.0|0.0|24000.0|0.0|0.0|0.0|-24000.0|0.0
3110004|303|02|382323|2020|5|10 - SAÚDE|122 - ADMINISTRAÇÃO GERAL|0042 - SERVIÇO DE REGULAÇÃO EM SAÚDE|2094 - MANUTENÇÃO DA REGULAÇÃO EM SAÚDE||3.1.90.13.01 - 3.1.90.13.01|102 - RECEITAS DE IMPOSTOS E DE TRANSFERÊNCIAS DE IMPOSTOS VINCULADOS À SAÚDE|NÃO SE APLICA|2156|20200429|0.0|0.0|0.0|0.0|0.0|1177.99|0.0|0.0|0.0|-1177.99|0.0
3110004|303|02|382323|2020|5|10 - SAÚDE|122 - ADMINISTRAÇÃO GERAL|0032 - ASSISTÊNCIA FARMACÊUTCA|2069 - MANUTENÇÃO DA FARMÁCIA BÁSICA||3.3.90.30.09 - 3.3.90.30.09|102 - RECEITAS DE IMPOSTOS E DE TRANSFERÊNCIAS DE IMPOSTOS VINCULADOS À SAÚDE|NÃO SE APLICA|2221|20200506|5753.13|0.0|0.0|0.0|0.0|0.0|0.0|0.0|0.0|0.0|5753.13
3110004|303|02|382323|2020|2|10 - SAÚDE|122 - ADMINISTRAÇÃO GERAL|0042 - SERVIÇO DE REGULAÇÃO EM SAÚDE|2094 - MANUTENÇÃO DA REGULAÇÃO EM SAÚDE||3.3.90.39.36 - 3.3.90.39.36|102 - RECEITAS DE IMPOSTOS E DE TRANSFERÊNCIAS DE IMPOSTOS VINCULADOS À SAÚDE|NÃO SE APLICA|671|20200203|70000.0|0.0|0.0|35280.0|0.0|0.0|0.0|0.0|0.0|35280.0|34720.0
3110004|303|02|382323|2020|2|10 - SAÚDE|302 - ASSISTÊNCIA HOSPITALAR E AMBULATORIAL|0048 - URGÊNCIA E EMERGÊNCIA|2403 - MANUTENÇÃO DO SAMU||3.1.90.16.00 - 3.1.90.16.00|102 - RECEITAS DE IMPOSTOS E DE TRANSFERÊNCIAS DE IMPOSTOS VINCULADOS À SAÚDE|NÃO SE APLICA|1105|20200221|7717.44|0.0|0.0|7717.44|0.0|7717.44|0.0|0.0|0.0|0.0|0.0
3110004|303|02|382334|2020|9|10 - SAÚDE|122 - ADMINISTRAÇÃO GERAL|0040 - GESTÃO DA SECRETARIA DE SAÚDE|2431 - REMUNERAÇÃO DE ESTAGIÁRIOS||3.3.90.36.07 - 3.3.90.36.07|102 - RECEITAS DE IMPOSTOS E DE TRANSFERÊNCIAS DE IMPOSTOS VINCULADOS À SAÚDE|NÃO SE APLICA|4564|20200930|2594.43|0.0|0.0|2594.43|0.0|2594.43|0.0|0.0|0.0|0.0|0.0
3110004|303|02|382334|2020|3|10 - SAÚDE|122 - ADMINISTRAÇÃO GERAL|0040 - GESTÃO DA SECRETARIA DE SAÚDE|2089 - MANUTENÇÃO DA SECRETARIA DE SAÚDE||3.3.90.39.43 - 3.3.90.39.43|102 - RECEITAS DE IMPOSTOS E DE TRANSFERÊNCIAS DE IMPOSTOS VINCULADOS À SAÚDE|NÃO SE APLICA|193|20200115|0.0|0.0|0.0|5089.25|0.0|5088.3|0.0|0.0|0.0|0.95|-5089.25
3110004|303|02|382323|2020|11|10 - SAÚDE|122 - ADMINISTRAÇÃO GERAL|0042 - SERVIÇO DE REGULAÇÃO EM SAÚDE|2094 - MANUTENÇÃO DA REGULAÇÃO EM SAÚDE||3.1.90.13.03 - 3.1.90.13.03|102 - RECEITAS DE IMPOSTOS E DE TRANSFERÊNCIAS DE IMPOSTOS VINCULADOS À SAÚDE|NÃO SE APLICA|5601|20201127|3602.21|0.0|0.0|3602.21|0.0|0.0|0.0|0.0|0.0|3602.21|0.0
3110004|303|02|382334|2020|7|10 - SAÚDE|122 - ADMINISTRAÇÃO GERAL|0047 - MANUTENÇÃO DO SERVIÇO DE TRANSPORTE DE PACIENTES|2110 - MANUTENÇÃO DO SETOR DE TRANSPORTE||3.3.90.14.05 - 3.3.90.14.05|102 - RECEITAS DE IMPOSTOS E DE TRANSFERÊNCIAS DE IMPOSTOS VINCULADOS À SAÚDE|NÃO SE APLICA|3443|20200727|944.0|0.0|0.0|944.0|0.0|0.0|0.0|0.0|0.0|944.0|0.0
3110004|303|02|382323|2020|10|10 - SAÚDE|122 - ADMINISTRAÇÃO GERAL|0032 - ASSISTÊNCIA FARMACÊUTCA|2069 - MANUTENÇÃO DA FARMÁCIA BÁSICA||3.1.90.13.01 - 3.1.90.13.01|102 - RECEITAS DE IMPOSTOS E DE TRANSFERÊNCIAS DE IMPOSTOS VINCULADOS À SAÚDE|NÃO SE APLICA|4702|20200930|0.0|0.0|0.0|0.0|0.0|723.33|0.0|0.0|0.0|-723.33|0.0
3110004|303|02|382323|2020|2|10 - SAÚDE|301 - ATENÇÃO BÁSICA|0029 - ATENÇÃO BÁSICA|2063 - MANUTENÇÃO DA ATENÇÃO BÁSICA||3.1.90.13.03 - 3.1.90.13.03|102 - RECEITAS DE IMPOSTOS E DE TRANSFERÊNCIAS DE IMPOSTOS VINCULADOS À SAÚDE|NÃO SE APLICA|537|20200130|0.0|0.0|0.0|0.0|0.0|2379.24|0.0|0.0|0.0|-2379.24|0.0
3110004|303|02|382323|2020|2|10 - SAÚDE|302 - ASSISTÊNCIA HOSPITALAR E AMBULATORIAL|0043 - SAÚDE BUCAL|2099 - MANUTENÇÃO DO SETOR DE SAÚDE BUCAL||3.1.90.13.03 - 3.1.90.13.03|102 - RECEITAS DE IMPOSTOS E DE TRANSFERÊNCIAS DE IMPOSTOS VINCULADOS À SAÚDE|NÃO SE APLICA|1208|20200221|7917.68|0.0|0.0|7917.68|0.0|48.62|0.0|0.0|0.0|7869.06|0.0
3110004|303|02|382323|2020|6|10 - SAÚDE|302 - ASSISTÊNCIA HOSPITALAR E AMBULATORIAL|0043 - SAÚDE BUCAL|2099 - MANUTENÇÃO DO SETOR DE SAÚDE BUCAL||3.1.90.13.01 - 3.1.90.13.01|102 - RECEITAS DE IMPOSTOS E DE TRANSFERÊNCIAS DE IMPOSTOS VINCULADOS À SAÚDE|NÃO SE APLICA|3171|20200630|1242.95|0.0|0.0|1242.95|0.0|0.0|0.0|0.0|0.0|1242.95|0.0
3110004|303|02|382334|2020|5|10 - SAÚDE|122 - ADMINISTRAÇÃO GERAL|0047 - MANUTENÇÃO DO SERVIÇO DE TRANSPORTE DE PACIENTES|2110 - MANUTENÇÃO DO SETOR DE TRANSPORTE||3.3.90.14.05 - 3.3.90.14.05|102 - RECEITAS DE IMPOSTOS E DE TRANSFERÊNCIAS DE IMPOSTOS VINCULADOS À SAÚDE|NÃO SE APLICA|2325|20200513|1416.0|0.0|0.0|1416.0|0.0|0.0|0.0|0.0|0.0|1416.0|0.0
3110004|303|02|382323|2020|6|10 - SAÚDE|122 - ADMINISTRAÇÃO GERAL|0032 - ASSISTÊNCIA FARMACÊUTCA|2069 - MANUTENÇÃO DA FARMÁCIA BÁSICA||3.1.90.13.03 - 3.1.90.13.03|102 - RECEITAS DE IMPOSTOS E DE TRANSFERÊNCIAS DE IMPOSTOS VINCULADOS À SAÚDE|NÃO SE APLICA|2648|20200529|0.0|0.0|0.0|0.0|0.0|2128.83|0.0|0.0|0.0|-2128.83|0.0
3110004|303|02|382334|2020|6|10 - SAÚDE|122 - ADMINISTRAÇÃO GERAL|0047 - MANUTENÇÃO DO SERVIÇO DE TRANSPORTE DE PACIENTES|2110 - MANUTENÇÃO DO SETOR DE TRANSPORTE||3.3.90.14.05 - 3.3.90.14.05|102 - RECEITAS DE IMPOSTOS E DE TRANSFERÊNCIAS DE IMPOSTOS VINCULADOS À SAÚDE|NÃO SE APLICA|2886|20200623|708.0|0.0|0.0|708.0|0.0|708.0|0.0|0.0|0.0|0.0|0.0
3110004|303|02|382323|2020|11|10 - SAÚDE|302 - ASSISTÊNCIA HOSPITALAR E AMBULATORIAL|0080 - SAÚDE MENTAL|2104 - MANUTENÇÃO DO SETOR DE SAÚDE MENTAL||3.1.90.13.01 - 3.1.90.13.01|102 - RECEITAS DE IMPOSTOS E DE TRANSFERÊNCIAS DE IMPOSTOS VINCULADOS À SAÚDE|NÃO SE APLICA|5197|20201029|0.0|0.0|0.0|0.0|0.0|1646.31|0.0|0.0|0.0|-1646.31|0.0
3110004|303|02|382323|2020|8|10 - SAÚDE|302 - ASSISTÊNCIA HOSPITALAR E AMBULATORIAL|0048 - URGÊNCIA E EMERGÊNCIA|2403 - MANUTENÇÃO DO SAMU||3.1.90.16.00 - 3.1.90.16.00|102 - RECEITAS DE IMPOSTOS E DE TRANSFERÊNCIAS DE IMPOSTOS VINCULADOS À SAÚDE|NÃO SE APLICA|4055|20200828|7576.98|0.0|0.0|7576.98|0.0|7576.98|0.0|0.0|0.0|0.0|0.0
3110004|303|02|382323|2020|8|10 - SAÚDE|122 - ADMINISTRAÇÃO GERAL|0032 - ASSISTÊNCIA FARMACÊUTCA|2069 - MANUTENÇÃO DA FARMÁCIA BÁSICA||3.3.90.30.09 - 3.3.90.30.09|102 - RECEITAS DE IMPOSTOS E DE TRANSFERÊNCIAS DE IMPOSTOS VINCULADOS À SAÚDE|NÃO SE APLICA|3422|20200723|0.0|0.0|0.0|2146.8|0.0|2146.8|0.0|0.0|0.0|0.0|-2146.8
3110004|303|02|382323|2020|5|10 - SAÚDE|122 - ADMINISTRAÇÃO GERAL|0032 - ASSISTÊNCIA FARMACÊUTCA|2069 - MANUTENÇÃO DA FARMÁCIA BÁSICA||3.1.90.13.01 - 3.1.90.13.01|102 - RECEITAS DE IMPOSTOS E DE TRANSFERÊNCIAS DE IMPOSTOS VINCULADOS À SAÚDE|NÃO SE APLICA|2647|20200529|723.33|0.0|0.0|723.33|0.0|0.0|0.0|0.0|0.0|723.33|0.0
3110004|303|02|382323|2020|6|10 - SAÚDE|302 - ASSISTÊNCIA HOSPITALAR E AMBULATORIAL|0028 - CENTRO DE ESPECIALIDADES EM SAÚDE|2059 - MANUTENÇÃO DO CENTRO ESPECIALIDADES EM SAÚDE||3.3.90.39.36 - 3.3.90.39.36|102 - RECEITAS DE IMPOSTOS E DE TRANSFERÊNCIAS DE IMPOSTOS VINCULADOS À SAÚDE|NÃO SE APLICA|1440|20200318|0.0|0.0|0.0|9108.0|0.0|0.0|0.0|0.0|0.0|9108.0|-9108.0
3110004|303|02|382323|2020|11|10 - SAÚDE|305 - VIGILÂNCIA EPIDEMIOLÓGICA|0049 - VIGILÂNCIA EM SAÚDE|2399 - MANUTENÇÃO DA VIGILÂNCIA EM SAÚDE||3.1.90.11.11 - 3.1.90.11.11|102 - RECEITAS DE IMPOSTOS E DE TRANSFERÊNCIAS DE IMPOSTOS VINCULADOS À SAÚDE|NÃO SE APLICA|5499|20201127|55398.27|0.0|0.0|55398.27|0.0|55398.27|0.0|0.0|0.0|0.0|0.0
3110004|303|02|382334|2020|5|10 - SAÚDE|122 - ADMINISTRAÇÃO GERAL|0040 - GESTÃO DA SECRETARIA DE SAÚDE|2089 - MANUTENÇÃO DA SECRETARIA DE SAÚDE||3.1.90.13.01 - 3.1.90.13.01|102 - RECEITAS DE IMPOSTOS E DE TRANSFERÊNCIAS DE IMPOSTOS VINCULADOS À SAÚDE|NÃO SE APLICA|2129|20200429|0.0|0.0|0.0|0.0|0.0|1725.84|0.0|0.0|0.0|-1725.84|0.0
3110004|303|02|382334|2020|4|10 - SAÚDE|122 - ADMINISTRAÇÃO GERAL|0047 - MANUTENÇÃO DO SERVIÇO DE TRANSPORTE DE PACIENTES|2110 - MANUTENÇÃO DO SETOR DE TRANSPORTE||3.3.90.14.05 - 3.3.90.14.05|102 - RECEITAS DE IMPOSTOS E DE TRANSFERÊNCIAS DE IMPOSTOS VINCULADOS À SAÚDE|NÃO SE APLICA|1891|20200417|1416.0|0.0|0.0|1416.0|0.0|1416.0|0.0|0.0|0.0|0.0|0.0
3110004|303|02|382323|2020|4|10 - SAÚDE|302 - ASSISTÊNCIA HOSPITALAR E AMBULATORIAL|0080 - SAÚDE MENTAL|2104 - MANUTENÇÃO DO SETOR DE SAÚDE MENTAL||3.1.90.13.01 - 3.1.90.13.01|102 - RECEITAS DE IMPOSTOS E DE TRANSFERÊNCIAS DE IMPOSTOS VINCULADOS À SAÚDE|NÃO SE APLICA|1697|20200327|0.0|0.0|0.0|0.0|0.0|2077.8|0.0|0.0|0.0|-2077.8|0.0
3110004|303|02|382323|2020|5|10 - SAÚDE|302 - ASSISTÊNCIA HOSPITALAR E AMBULATORIAL|0043 - SAÚDE BUCAL|2099 - MANUTENÇÃO DO SETOR DE SAÚDE BUCAL||3.1.90.13.01 - 3.1.90.13.01|102 - RECEITAS DE IMPOSTOS E DE TRANSFERÊNCIAS DE IMPOSTOS VINCULADOS À SAÚDE|NÃO SE APLICA|2165|20200429|0.0|0.0|0.0|0.0|0.0|1399.41|0.0|0.0|0.0|-1399.41|0.0
3110004|303|02|382334|2020|4|10 - SAÚDE|122 - ADMINISTRAÇÃO GERAL|0040 - GESTÃO DA SECRETARIA DE SAÚDE|2089 - MANUTENÇÃO DA SECRETARIA DE SAÚDE||3.3.90.14.05 - 3.3.90.14.05|102 - RECEITAS DE IMPOSTOS E DE TRANSFERÊNCIAS DE IMPOSTOS VINCULADOS À SAÚDE|NÃO SE APLICA|1781|20200403|306.8|0.0|0.0|306.8|0.0|306.8|0.0|0.0|0.0|0.0|0.0
3110004|303|02|382323|2020|5|10 - SAÚDE|302 - ASSISTÊNCIA HOSPITALAR E AMBULATORIAL|0048 - URGÊNCIA E EMERGÊNCIA|2112 - MANUTENÇÃO DA URGÊNCIA E EMERGÊNCIA||3.3.50.43.00 - 3.3.50.43.00|102 - RECEITAS DE IMPOSTOS E DE TRANSFERÊNCIAS DE IMPOSTOS VINCULADOS À SAÚDE|NÃO SE APLICA|1762|20200401|0.0|0.0|61232.1|342814.5|0.0|342814.5|0.0|0.0|0.0|0.0|-404046.6
3110004|303|02|382323|2020|6|10 - SAÚDE|302 - ASSISTÊNCIA HOSPITALAR E AMBULATORIAL|0080 - SAÚDE MENTAL|2104 - MANUTENÇÃO DO SETOR DE SAÚDE MENTAL||3.1.90.13.03 - 3.1.90.13.03|102 - RECEITAS DE IMPOSTOS E DE TRANSFERÊNCIAS DE IMPOSTOS VINCULADOS À SAÚDE|NÃO SE APLICA|3176|20200630|7000.43|0.0|0.0|7000.43|0.0|0.0|0.0|0.0|0.0|7000.43|0.0
3110004|303|02|382323|2020|5|10 - SAÚDE|122 - ADMINISTRAÇÃO GERAL|0032 - ASSISTÊNCIA FARMACÊUTCA|2069 - MANUTENÇÃO DA FARMÁCIA BÁSICA||3.3.90.30.09 - 3.3.90.30.09|102 - RECEITAS DE IMPOSTOS E DE TRANSFERÊNCIAS DE IMPOSTOS VINCULADOS À SAÚDE|NÃO SE APLICA|836|20200213|0.0|0.0|0.0|433.2|0.0|433.2|0.0|0.0|0.0|0.0|-433.2
3110004|303|02|382323|2020|10|10 - SAÚDE|302 - ASSISTÊNCIA HOSPITALAR E AMBULATORIAL|0080 - SAÚDE MENTAL|2104 - MANUTENÇÃO DO SETOR DE SAÚDE MENTAL||3.1.90.13.03 - 3.1.90.13.03|102 - RECEITAS DE IMPOSTOS E DE TRANSFERÊNCIAS DE IMPOSTOS VINCULADOS À SAÚDE|NÃO SE APLICA|4718|20200930|0.0|0.0|0.0|0.0|0.0|5584.26|0.0|0.0|0.0|-5584.26|0.0
3110004|303|02|382323|2020|4|10 - SAÚDE|122 - ADMINISTRAÇÃO GERAL|0032 - ASSISTÊNCIA FARMACÊUTCA|2069 - MANUTENÇÃO DA FARMÁCIA BÁSICA||3.3.90.30.09 - 3.3.90.30.09|102 - RECEITAS DE IMPOSTOS E DE TRANSFERÊNCIAS DE IMPOSTOS VINCULADOS À SAÚDE|NÃO SE APLICA|1797|20200406|10121.3|0.0|0.0|0.0|0.0|0.0|0.0|0.0|0.0|0.0|10121.3
3110004|303|02|382334|2020|12|10 - SAÚDE|302 - ASSISTÊNCIA HOSPITALAR E AMBULATORIAL|0312 - EMENDAS IMPOSITIVAS|1242 - EXECUÇÃO DAS EMENDAS IMPOSITIVAS||4.4.90.52.24 - 4.4.90.52.24|102 - RECEITAS DE IMPOSTOS E DE TRANSFERÊNCIAS DE IMPOSTOS VINCULADOS À SAÚDE|NÃO SE APLICA|6063|20201218|3636.0|0.0|0.0|0.0|0.0|0.0|0.0|0.0|0.0|0.0|3636.0
3110004|303|02|382323|2020|6|10 - SAÚDE|302 - ASSISTÊNCIA HOSPITALAR E AMBULATORIAL|0048 - URGÊNCIA E EMERGÊNCIA|2403 - MANUTENÇÃO DO SAMU||3.1.90.13.01 - 3.1.90.13.01|102 - RECEITAS DE IMPOSTOS E DE TRANSFERÊNCIAS DE IMPOSTOS VINCULADOS À SAÚDE|NÃO SE APLICA|2660|20200529|0.0|0.0|0.0|0.0|0.0|1660.11|0.0|0.0|0.0|-1660.11|0.0
3110004|303|02|382334|2020|6|10 - SAÚDE|122 - ADMINISTRAÇÃO GERAL|0047 - MANUTENÇÃO DO SERVIÇO DE TRANSPORTE DE PACIENTES|2110 - MANUTENÇÃO DO SETOR DE TRANSPORTE||3.1.90.13.01 - 3.1.90.13.01|102 - RECEITAS DE IMPOSTOS E DE TRANSFERÊNCIAS DE IMPOSTOS VINCULADOS À SAÚDE|NÃO SE APLICA|3141|20200630|3482.77|0.0|0.0|3482.77|0.0|0.0|0.0|0.0|0.0|3482.77|0.0
3110004|303|02|382323|2020|7|10 - SAÚDE|302 - ASSISTÊNCIA HOSPITALAR E AMBULATORIAL|0048 - URGÊNCIA E EMERGÊNCIA|2403 - MANUTENÇÃO DO SAMU||3.1.90.11.11 - 3.1.90.11.11|102 - RECEITAS DE IMPOSTOS E DE TRANSFERÊNCIAS DE IMPOSTOS VINCULADOS À SAÚDE|NÃO SE APLICA|3571|20200731|11881.09|0.0|0.0|11881.09|0.0|11881.09|0.0|0.0|0.0|0.0|0.0
3110004|303|02|382323|2020|8|10 - SAÚDE|301 - ATENÇÃO BÁSICA|0029 - ATENÇÃO BÁSICA|2063 - MANUTENÇÃO DA ATENÇÃO BÁSICA||3.1.90.11.05 - 3.1.90.11.05|102 - RECEITAS DE IMPOSTOS E DE TRANSFERÊNCIAS DE IMPOSTOS VINCULADOS À SAÚDE|NÃO SE APLICA|4046|20200828|9485.97|0.0|0.0|9485.97|0.0|9485.97|0.0|0.0|0.0|0.0|0.0
3110004|303|02|382323|2020|7|10 - SAÚDE|302 - ASSISTÊNCIA HOSPITALAR E AMBULATORIAL|0048 - URGÊNCIA E EMERGÊNCIA|2403 - MANUTENÇÃO DO SAMU||3.1.90.13.01 - 3.1.90.13.01|102 - RECEITAS DE IMPOSTOS E DE TRANSFERÊNCIAS DE IMPOSTOS VINCULADOS À SAÚDE|NÃO SE APLICA|3685|20200731|1355.84|0.0|0.0|1355.84|0.0|0.0|0.0|0.0|0.0|1355.84|0.0
3110004|303|02|382334|2020|9|10 - SAÚDE|122 - ADMINISTRAÇÃO GERAL|0047 - MANUTENÇÃO DO SERVIÇO DE TRANSPORTE DE PACIENTES|2110 - MANUTENÇÃO DO SETOR DE TRANSPORTE||3.1.90.11.11 - 3.1.90.11.11|102 - RECEITAS DE IMPOSTOS E DE TRANSFERÊNCIAS DE IMPOSTOS VINCULADOS À SAÚDE|NÃO SE APLICA|4567|20200930|33076.57|0.0|0.0|33076.57|0.0|33076.57|0.0|0.0|0.0|0.0|0.0
3110004|303|02|382323|2020|10|10 - SAÚDE|302 - ASSISTÊNCIA HOSPITALAR E AMBULATORIAL|0028 - CENTRO DE ESPECIALIDADES EM SAÚDE|2059 - MANUTENÇÃO DO CENTRO ESPECIALIDADES EM SAÚDE||3.1.90.11.11 - 3.1.90.11.11|102 - RECEITAS DE IMPOSTOS E DE TRANSFERÊNCIAS DE IMPOSTOS VINCULADOS À SAÚDE|NÃO SE APLICA|5075|20201029|57881.15|0.0|0.0|57881.15|0.0|57881.15|0.0|0.0|0.0|0.0|0.0
3110004|303|02|382334|2020|8|10 - SAÚDE|122 - ADMINISTRAÇÃO GERAL|0040 - GESTÃO DA SECRETARIA DE SAÚDE|2089 - MANUTENÇÃO DA SECRETARIA DE SAÚDE||3.3.90.49.00 - 3.3.90.49.00|102 - RECEITAS DE IMPOSTOS E DE TRANSFERÊNCIAS DE IMPOSTOS VINCULADOS À SAÚDE|NÃO SE APLICA|256|20200124|0.0|0.0|0.0|7287.0|0.0|7287.0|0.0|0.0|0.0|0.0|-7287.0
3110004|303|02|382334|2020|6|10 - SAÚDE|122 - ADMINISTRAÇÃO GERAL|0047 - MANUTENÇÃO DO SERVIÇO DE TRANSPORTE DE PACIENTES|2110 - MANUTENÇÃO DO SETOR DE TRANSPORTE||3.3.90.14.05 - 3.3.90.14.05|102 - RECEITAS DE IMPOSTOS E DE TRANSFERÊNCIAS DE IMPOSTOS VINCULADOS À SAÚDE|NÃO SE APLICA|2801|20200615|1180.0|0.0|0.0|1180.0|0.0|1180.0|0.0|0.0|0.0|0.0|0.0
3110004|303|02|382323|2020|9|10 - SAÚDE|301 - ATENÇÃO BÁSICA|0029 - ATENÇÃO BÁSICA|2063 - MANUTENÇÃO DA ATENÇÃO BÁSICA||3.1.90.94.01 - 3.1.90.94.01|102 - RECEITAS DE IMPOSTOS E DE TRANSFERÊNCIAS DE IMPOSTOS VINCULADOS À SAÚDE|NÃO SE APLICA|4416|20200923|139.51|0.0|0.0|139.51|0.0|139.51|0.0|0.0|0.0|0.0|0.0
3110004|303|02|382323|2020|12|10 - SAÚDE|305 - VIGILÂNCIA EPIDEMIOLÓGICA|0049 - VIGILÂNCIA EM SAÚDE|2399 - MANUTENÇÃO DA VIGILÂNCIA EM SAÚDE||3.1.90.13.03 - 3.1.90.13.03|102 - RECEITAS DE IMPOSTOS E DE TRANSFERÊNCIAS DE IMPOSTOS VINCULADOS À SAÚDE|NÃO SE APLICA|6328|20201228|14150.71|0.0|0.0|14150.71|0.0|14150.71|0.0|0.0|0.0|0.0|0.0
3110004|303|02|382334|2020|12|10 - SAÚDE|122 - ADMINISTRAÇÃO GERAL|0047 - MANUTENÇÃO DO SERVIÇO DE TRANSPORTE DE PACIENTES|2110 - MANUTENÇÃO DO SETOR DE TRANSPORTE||3.1.90.11.11 - 3.1.90.11.11|102 - RECEITAS DE IMPOSTOS E DE TRANSFERÊNCIAS DE IMPOSTOS VINCULADOS À SAÚDE|NÃO SE APLICA|5838|20201214|38921.41|0.0|0.0|38921.41|0.0|38921.41|0.0|0.0|0.0|0.0|0.0
3110004|303|02|382323|2020|11|10 - SAÚDE|302 - ASSISTÊNCIA HOSPITALAR E AMBULATORIAL|0048 - URGÊNCIA E EMERGÊNCIA|2403 - MANUTENÇÃO DO SAMU||3.1.90.13.01 - 3.1.90.13.01|102 - RECEITAS DE IMPOSTOS E DE TRANSFERÊNCIAS DE IMPOSTOS VINCULADOS À SAÚDE|NÃO SE APLICA|5609|20201127|1821.85|0.0|0.0|1821.85|0.0|0.0|0.0|0.0|0.0|1821.85|0.0
3110004|303|02|382323|2020|4|10 - SAÚDE|122 - ADMINISTRAÇÃO GERAL|0032 - ASSISTÊNCIA FARMACÊUTCA|2069 - MANUTENÇÃO DA FARMÁCIA BÁSICA||3.1.90.13.01 - 3.1.90.13.01|102 - RECEITAS DE IMPOSTOS E DE TRANSFERÊNCIAS DE IMPOSTOS VINCULADOS À SAÚDE|NÃO SE APLICA|2154|20200429|823.76|0.0|0.0|823.76|0.0|0.0|0.0|0.0|0.0|823.76|0.0
3110004|303|02|382334|2020|12|10 - SAÚDE|122 - ADMINISTRAÇÃO GERAL|0047 - MANUTENÇÃO DO SERVIÇO DE TRANSPORTE DE PACIENTES|2110 - MANUTENÇÃO DO SETOR DE TRANSPORTE||3.3.90.39.99 - 3.3.90.39.99|102 - RECEITAS DE IMPOSTOS E DE TRANSFERÊNCIAS DE IMPOSTOS VINCULADOS À SAÚDE|NÃO SE APLICA|4738|20200930|0.0|0.0|10.24|39676.28|0.0|39676.28|0.0|0.0|0.0|0.0|-39686.52
3110004|303|02|382334|2020|9|10 - SAÚDE|122 - ADMINISTRAÇÃO GERAL|0047 - MANUTENÇÃO DO SERVIÇO DE TRANSPORTE DE PACIENTES|2110 - MANUTENÇÃO DO SETOR DE TRANSPORTE||3.3.90.39.99 - 3.3.90.39.99|102 - RECEITAS DE IMPOSTOS E DE TRANSFERÊNCIAS DE IMPOSTOS VINCULADOS À SAÚDE|NÃO SE APLICA|4738|20200930|125000.0|0.0|0.0|0.0|0.0|0.0|0.0|0.0|0.0|0.0|125000.0
3110004|303|02|382323|2020|2|10 - SAÚDE|302 - ASSISTÊNCIA HOSPITALAR E AMBULATORIAL|0048 - URGÊNCIA E EMERGÊNCIA|2403 - MANUTENÇÃO DO SAMU||3.1.90.13.01 - 3.1.90.13.01|102 - RECEITAS DE IMPOSTOS E DE TRANSFERÊNCIAS DE IMPOSTOS VINCULADOS À SAÚDE|NÃO SE APLICA|545|20200130|0.0|0.0|0.0|0.0|0.0|2192.33|0.0|0.0|0.0|-2192.33|0.0
3110004|303|02|382334|2020|6|10 - SAÚDE|122 - ADMINISTRAÇÃO GERAL|0040 - GESTÃO DA SECRETARIA DE SAÚDE|2089 - MANUTENÇÃO DA SECRETARIA DE SAÚDE||3.1.90.11.11 - 3.1.90.11.11|102 - RECEITAS DE IMPOSTOS E DE TRANSFERÊNCIAS DE IMPOSTOS VINCULADOS À SAÚDE|NÃO SE APLICA|3024|20200630|14191.81|0.0|0.0|14191.81|0.0|14191.81|0.0|0.0|0.0|0.0|0.0
3110004|303|02|382323|2020|12|10 - SAÚDE|302 - ASSISTÊNCIA HOSPITALAR E AMBULATORIAL|0080 - SAÚDE MENTAL|2104 - MANUTENÇÃO DO SETOR DE SAÚDE MENTAL||3.1.90.13.03 - 3.1.90.13.03|102 - RECEITAS DE IMPOSTOS E DE TRANSFERÊNCIAS DE IMPOSTOS VINCULADOS À SAÚDE|NÃO SE APLICA|5938|20201214|6456.54|0.0|0.0|6456.54|0.0|6456.54|0.0|0.0|0.0|0.0|0.0
3110004|303|02|382334|2020|5|10 - SAÚDE|122 - ADMINISTRAÇÃO GERAL|0047 - MANUTENÇÃO DO SERVIÇO DE TRANSPORTE DE PACIENTES|2110 - MANUTENÇÃO DO SETOR DE TRANSPORTE||3.1.90.13.03 - 3.1.90.13.03|102 - RECEITAS DE IMPOSTOS E DE TRANSFERÊNCIAS DE IMPOSTOS VINCULADOS À SAÚDE|NÃO SE APLICA|2132|20200429|0.0|0.0|0.0|0.0|0.0|18490.94|0.0|0.0|0.0|-18490.94|0.0
3110004|303|02|382334|2020|12|10 - SAÚDE|122 - ADMINISTRAÇÃO GERAL|0047 - MANUTENÇÃO DO SERVIÇO DE TRANSPORTE DE PACIENTES|2110 - MANUTENÇÃO DO SETOR DE TRANSPORTE||3.3.90.39.16 - 3.3.90.39.16|102 - RECEITAS DE IMPOSTOS E DE TRANSFERÊNCIAS DE IMPOSTOS VINCULADOS À SAÚDE|NÃO SE APLICA|6058|20201218|1210.0|0.0|0.0|1210.0|0.0|1210.0|0.0|0.0|0.0|0.0|0.0
3110004|303|02|382323|2020|12|10 - SAÚDE|122 - ADMINISTRAÇÃO GERAL|0032 - ASSISTÊNCIA FARMACÊUTCA|2069 - MANUTENÇÃO DA FARMÁCIA BÁSICA||3.3.90.36.14 - 3.3.90.36.14|102 - RECEITAS DE IMPOSTOS E DE TRANSFERÊNCIAS DE IMPOSTOS VINCULADOS À SAÚDE|NÃO SE APLICA|761|20200210|0.0|0.0|0.0|1931.72|0.0|1931.72|0.0|0.0|0.0|0.0|-1931.72
3110004|303|02|382323|2020|6|10 - SAÚDE|122 - ADMINISTRAÇÃO GERAL|0032 - ASSISTÊNCIA FARMACÊUTCA|2069 - MANUTENÇÃO DA FARMÁCIA BÁSICA||3.1.90.13.01 - 3.1.90.13.01|102 - RECEITAS DE IMPOSTOS E DE TRANSFERÊNCIAS DE IMPOSTOS VINCULADOS À SAÚDE|NÃO SE APLICA|2647|20200529|0.0|0.0|0.0|0.0|0.0|723.33|0.0|0.0|0.0|-723.33|0.0
3110004|303|02|382334|2020|9|10 - SAÚDE|122 - ADMINISTRAÇÃO GERAL|0047 - MANUTENÇÃO DO SERVIÇO DE TRANSPORTE DE PACIENTES|2110 - MANUTENÇÃO DO SETOR DE TRANSPORTE||3.1.90.13.01 - 3.1.90.13.01|102 - RECEITAS DE IMPOSTOS E DE TRANSFERÊNCIAS DE IMPOSTOS VINCULADOS À SAÚDE|NÃO SE APLICA|4682|20200930|3535.51|0.0|0.0|3535.51|0.0|0.0|0.0|0.0|0.0|3535.51|0.0
3110004|303|02|382323|2020|5|10 - SAÚDE|302 - ASSISTÊNCIA HOSPITALAR E AMBULATORIAL|0080 - SAÚDE MENTAL|2104 - MANUTENÇÃO DO SETOR DE SAÚDE MENTAL||3.1.90.13.01 - 3.1.90.13.01|102 - RECEITAS DE IMPOSTOS E DE TRANSFERÊNCIAS DE IMPOSTOS VINCULADOS À SAÚDE|NÃO SE APLICA|2169|20200429|0.0|0.0|0.0|0.0|0.0|2435.54|0.0|0.0|0.0|-2435.54|0.0
3110004|303|02|382334|2020|4|10 - SAÚDE|122 - ADMINISTRAÇÃO GERAL|0040 - GESTÃO DA SECRETARIA DE SAÚDE|2089 - MANUTENÇÃO DA SECRETARIA DE SAÚDE||3.1.90.13.03 - 3.1.90.13.03|102 - RECEITAS DE IMPOSTOS E DE TRANSFERÊNCIAS DE IMPOSTOS VINCULADOS À SAÚDE|NÃO SE APLICA|2130|20200429|6201.41|0.0|0.0|6201.41|0.0|48.62|0.0|0.0|0.0|6152.79|0.0
3110004|303|02|382323|2020|3|10 - SAÚDE|302 - ASSISTÊNCIA HOSPITALAR E AMBULATORIAL|0113 - CONSÓRCIO INTERMUNICIPAL ALIANÇA PELA SAÚDE|2394 - MANUTENÇÃO DAS AÇÕES DO CONSÓRCIO||3.1.71.70.00 - 3.1.71.70.00|102 - RECEITAS DE IMPOSTOS E DE TRANSFERÊNCIAS DE IMPOSTOS VINCULADOS À SAÚDE|NÃO SE APLICA|702|20200207|0.0|0.0|0.0|12869.33|0.0|12869.33|0.0|0.0|0.0|0.0|-12869.33
3110004|303|02|382323|2020|11|10 - SAÚDE|302 - ASSISTÊNCIA HOSPITALAR E AMBULATORIAL|0039 - GESTÃO DA FISIOTERAPIA|2086 - MANUTENÇÃO DO SETOR DA FISIOTERAPIA||3.1.90.11.11 - 3.1.90.11.11|102 - RECEITAS DE IMPOSTOS E DE TRANSFERÊNCIAS DE IMPOSTOS VINCULADOS À SAÚDE|NÃO SE APLICA|5489|20201127|11923.89|0.0|0.0|11923.89|0.0|11923.89|0.0|0.0|0.0|0.0|0.0
3110004|303|02|382323|2020|8|10 - SAÚDE|122 - ADMINISTRAÇÃO GERAL|0042 - SERVIÇO DE REGULAÇÃO EM SAÚDE|2094 - MANUTENÇÃO DA REGULAÇÃO EM SAÚDE||3.3.90.39.36 - 3.3.90.39.36|102 - RECEITAS DE IMPOSTOS E DE TRANSFERÊNCIAS DE IMPOSTOS VINCULADOS À SAÚDE|NÃO SE APLICA|671|20200203|0.0|0.0|0.0|12000.0|0.0|0.0|0.0|0.0|0.0|12000.0|-12000.0
3110004|303|02|382323|2020|10|10 - SAÚDE|122 - ADMINISTRAÇÃO GERAL|0042 - SERVIÇO DE REGULAÇÃO EM SAÚDE|2094 - MANUTENÇÃO DA REGULAÇÃO EM SAÚDE||3.1.90.13.03 - 3.1.90.13.03|102 - RECEITAS DE IMPOSTOS E DE TRANSFERÊNCIAS DE IMPOSTOS VINCULADOS À SAÚDE|NÃO SE APLICA|4705|20200930|0.0|0.0|0.0|0.0|0.0|2615.96|0.0|0.0|0.0|-2615.96|0.0
3110004|303|02|382323|2020|10|10 - SAÚDE|302 - ASSISTÊNCIA HOSPITALAR E AMBULATORIAL|0080 - SAÚDE MENTAL|2104 - MANUTENÇÃO DO SETOR DE SAÚDE MENTAL||3.1.90.13.01 - 3.1.90.13.01|102 - RECEITAS DE IMPOSTOS E DE TRANSFERÊNCIAS DE IMPOSTOS VINCULADOS À SAÚDE|NÃO SE APLICA|5197|20201029|1646.31|0.0|0.0|1646.31|0.0|0.0|0.0|0.0|0.0|1646.31|0.0
3110004|303|02|382334|2020|10|10 - SAÚDE|122 - ADMINISTRAÇÃO GERAL|0047 - MANUTENÇÃO DO SERVIÇO DE TRANSPORTE DE PACIENTES|2110 - MANUTENÇÃO DO SETOR DE TRANSPORTE||3.1.90.16.00 - 3.1.90.16.00|102 - RECEITAS DE IMPOSTOS E DE TRANSFERÊNCIAS DE IMPOSTOS VINCULADOS À SAÚDE|NÃO SE APLICA|5047|20201029|12047.26|0.0|0.0|12047.26|0.0|12047.26|0.0|0.0|0.0|0.0|0.0
3110004|303|02|382334|2020|9|10 - SAÚDE|122 - ADMINISTRAÇÃO GERAL|0047 - MANUTENÇÃO DO SERVIÇO DE TRANSPORTE DE PACIENTES|2110 - MANUTENÇÃO DO SETOR DE TRANSPORTE||3.1.90.16.00 - 3.1.90.16.00|102 - RECEITAS DE IMPOSTOS E DE TRANSFERÊNCIAS DE IMPOSTOS VINCULADOS À SAÚDE|NÃO SE APLICA|4568|20200930|16741.43|0.0|0.0|16741.43|0.0|16741.43|0.0|0.0|0.0|0.0|0.0
3110004|303|02|382334|2020|5|10 - SAÚDE|122 - ADMINISTRAÇÃO GERAL|0047 - MANUTENÇÃO DO SERVIÇO DE TRANSPORTE DE PACIENTES|2110 - MANUTENÇÃO DO SETOR DE TRANSPORTE||3.1.90.11.05 - 3.1.90.11.05|102 - RECEITAS DE IMPOSTOS E DE TRANSFERÊNCIAS DE IMPOSTOS VINCULADOS À SAÚDE|NÃO SE APLICA|2513|20200529|7290.94|0.0|0.0|7290.94|0.0|7290.94|0.0|0.0|0.0|0.0|0.0
3110004|303|02|382334|2020|3|10 - SAÚDE|122 - ADMINISTRAÇÃO GERAL|0047 - MANUTENÇÃO DO SERVIÇO DE TRANSPORTE DE PACIENTES|2110 - MANUTENÇÃO DO SETOR DE TRANSPORTE||3.3.90.14.05 - 3.3.90.14.05|102 - RECEITAS DE IMPOSTOS E DE TRANSFERÊNCIAS DE IMPOSTOS VINCULADOS À SAÚDE|NÃO SE APLICA|1375|20200313|1416.0|0.0|0.0|1416.0|0.0|1416.0|0.0|0.0|0.0|0.0|0.0
3110004|303|02|382323|2020|10|10 - SAÚDE|302 - ASSISTÊNCIA HOSPITALAR E AMBULATORIAL|0048 - URGÊNCIA E EMERGÊNCIA|2403 - MANUTENÇÃO DO SAMU||3.1.90.13.01 - 3.1.90.13.01|102 - RECEITAS DE IMPOSTOS E DE TRANSFERÊNCIAS DE IMPOSTOS VINCULADOS À SAÚDE|NÃO SE APLICA|5195|20201029|1564.36|0.0|0.0|1564.36|0.0|0.0|0.0|0.0|0.0|1564.36|0.0
3110004|303|02|382334|2020|7|10 - SAÚDE|122 - ADMINISTRAÇÃO GERAL|0040 - GESTÃO DA SECRETARIA DE SAÚDE|2089 - MANUTENÇÃO DA SECRETARIA DE SAÚDE||3.3.90.14.05 - 3.3.90.14.05|102 - RECEITAS DE IMPOSTOS E DE TRANSFERÊNCIAS DE IMPOSTOS VINCULADOS À SAÚDE|NÃO SE APLICA|3294|20200710|11.8|0.0|0.0|11.8|0.0|11.8|0.0|0.0|0.0|0.0|0.0
3110004|303|02|382334|2020|11|10 - SAÚDE|122 - ADMINISTRAÇÃO GERAL|0047 - MANUTENÇÃO DO SERVIÇO DE TRANSPORTE DE PACIENTES|2110 - MANUTENÇÃO DO SETOR DE TRANSPORTE||3.1.90.04.99 - 3.1.90.04.99|102 - RECEITAS DE IMPOSTOS E DE TRANSFERÊNCIAS DE IMPOSTOS VINCULADOS À SAÚDE|NÃO SE APLICA|5457|20201127|11224.66|0.0|0.0|11224.66|0.0|11224.66|0.0|0.0|0.0|0.0|0.0
3110004|303|02|382323|2020|2|10 - SAÚDE|122 - ADMINISTRAÇÃO GERAL|0032 - ASSISTÊNCIA FARMACÊUTCA|2069 - MANUTENÇÃO DA FARMÁCIA BÁSICA||3.3.90.36.14 - 3.3.90.36.14|102 - RECEITAS DE IMPOSTOS E DE TRANSFERÊNCIAS DE IMPOSTOS VINCULADOS À SAÚDE|NÃO SE APLICA|761|20200210|23180.64|0.0|0.0|3863.44|0.0|1933.8|0.0|0.0|0.0|1929.64|19317.2
3110004|303|02|382323|2020|5|10 - SAÚDE|122 - ADMINISTRAÇÃO GERAL|0032 - ASSISTÊNCIA FARMACÊUTCA|2069 - MANUTENÇÃO DA FARMÁCIA BÁSICA||3.1.90.13.03 - 3.1.90.13.03|102 - RECEITAS DE IMPOSTOS E DE TRANSFERÊNCIAS DE IMPOSTOS VINCULADOS À SAÚDE|NÃO SE APLICA|2648|20200529|2128.83|0.0|0.0|2128.83|0.0|0.0|0.0|0.0|0.0|2128.83|0.0
3110004|303|02|382323|2020|3|10 - SAÚDE|122 - ADMINISTRAÇÃO GERAL|0032 - ASSISTÊNCIA FARMACÊUTCA|2069 - MANUTENÇÃO DA FARMÁCIA BÁSICA||3.3.90.30.09 - 3.3.90.30.09|102 - RECEITAS DE IMPOSTOS E DE TRANSFERÊNCIAS DE IMPOSTOS VINCULADOS À SAÚDE|NÃO SE APLICA|835|20200213|0.0|0.0|0.0|1097.67|0.0|0.0|0.0|0.0|0.0|1097.67|-1097.67
3110004|303|02|382323|2020|12|10 - SAÚDE|301 - ATENÇÃO BÁSICA|0029 - ATENÇÃO BÁSICA|2063 - MANUTENÇÃO DA ATENÇÃO BÁSICA||3.1.90.11.11 - 3.1.90.11.11|102 - RECEITAS DE IMPOSTOS E DE TRANSFERÊNCIAS DE IMPOSTOS VINCULADOS À SAÚDE|NÃO SE APLICA|6200|20201228|151436.55|0.0|0.0|151436.55|0.0|151436.55|0.0|0.0|0.0|0.0|0.0
3110004|303|02|382334|2020|4|10 - SAÚDE|122 - ADMINISTRAÇÃO GERAL|0040 - GESTÃO DA SECRETARIA DE SAÚDE|2089 - MANUTENÇÃO DA SECRETARIA DE SAÚDE||3.1.90.13.01 - 3.1.90.13.01|102 - RECEITAS DE IMPOSTOS E DE TRANSFERÊNCIAS DE IMPOSTOS VINCULADOS À SAÚDE|NÃO SE APLICA|1655|20200327|0.0|0.0|0.0|0.0|0.0|1424.25|0.0|0.0|0.0|-1424.25|0.0
3110004|303|02|382334|2020|2|10 - SAÚDE|122 - ADMINISTRAÇÃO GERAL|0047 - MANUTENÇÃO DO SERVIÇO DE TRANSPORTE DE PACIENTES|2110 - MANUTENÇÃO DO SETOR DE TRANSPORTE||3.3.90.14.05 - 3.3.90.14.05|102 - RECEITAS DE IMPOSTOS E DE TRANSFERÊNCIAS DE IMPOSTOS VINCULADOS À SAÚDE|NÃO SE APLICA|779|20200211|1180.0|0.0|0.0|1180.0|0.0|1180.0|0.0|0.0|0.0|0.0|0.0
3110004|303|02|382334|2020|7|10 - SAÚDE|122 - ADMINISTRAÇÃO GERAL|0047 - MANUTENÇÃO DO SERVIÇO DE TRANSPORTE DE PACIENTES|2110 - MANUTENÇÃO DO SETOR DE TRANSPORTE||3.3.90.14.05 - 3.3.90.14.05|102 - RECEITAS DE IMPOSTOS E DE TRANSFERÊNCIAS DE IMPOSTOS VINCULADOS À SAÚDE|NÃO SE APLICA|2889|20200623|0.0|0.0|0.0|0.0|0.0|212.4|0.0|0.0|0.0|-212.4|0.0
3110004|303|02|382323|2020|5|10 - SAÚDE|122 - ADMINISTRAÇÃO GERAL|0042 - SERVIÇO DE REGULAÇÃO EM SAÚDE|2094 - MANUTENÇÃO DA REGULAÇÃO EM SAÚDE||3.1.90.13.01 - 3.1.90.13.01|102 - RECEITAS DE IMPOSTOS E DE TRANSFERÊNCIAS DE IMPOSTOS VINCULADOS À SAÚDE|NÃO SE APLICA|2649|20200529|1050.4|0.0|0.0|1050.4|0.0|0.0|0.0|0.0|0.0|1050.4|0.0
3110004|303|02|382323|2020|9|10 - SAÚDE|122 - ADMINISTRAÇÃO GERAL|0032 - ASSISTÊNCIA FARMACÊUTCA|2069 - MANUTENÇÃO DA FARMÁCIA BÁSICA||3.1.90.13.03 - 3.1.90.13.03|102 - RECEITAS DE IMPOSTOS E DE TRANSFERÊNCIAS DE IMPOSTOS VINCULADOS À SAÚDE|NÃO SE APLICA|4703|20200930|2128.83|0.0|0.0|2128.83|0.0|0.0|0.0|0.0|0.0|2128.83|0.0
3110004|303|02|382323|2020|6|10 - SAÚDE|302 - ASSISTÊNCIA HOSPITALAR E AMBULATORIAL|0048 - URGÊNCIA E EMERGÊNCIA|2403 - MANUTENÇÃO DO SAMU||3.1.90.13.01 - 3.1.90.13.01|102 - RECEITAS DE IMPOSTOS E DE TRANSFERÊNCIAS DE IMPOSTOS VINCULADOS À SAÚDE|NÃO SE APLICA|3173|20200630|1602.73|0.0|0.0|1602.73|0.0|0.0|0.0|0.0|0.0|1602.73|0.0
3110004|303|02|382323|2020|3|10 - SAÚDE|122 - ADMINISTRAÇÃO GERAL|0032 - ASSISTÊNCIA FARMACÊUTCA|2069 - MANUTENÇÃO DA FARMÁCIA BÁSICA||3.3.90.30.09 - 3.3.90.30.09|102 - RECEITAS DE IMPOSTOS E DE TRANSFERÊNCIAS DE IMPOSTOS VINCULADOS À SAÚDE|NÃO SE APLICA|829|20200213|0.0|0.0|0.0|5111.21|0.0|5111.21|0.0|0.0|0.0|0.0|-5111.21
3110004|303|02|382334|2020|3|10 - SAÚDE|122 - ADMINISTRAÇÃO GERAL|0047 - MANUTENÇÃO DO SERVIÇO DE TRANSPORTE DE PACIENTES|2110 - MANUTENÇÃO DO SETOR DE TRANSPORTE||3.1.90.11.11 - 3.1.90.11.11|102 - RECEITAS DE IMPOSTOS E DE TRANSFERÊNCIAS DE IMPOSTOS VINCULADOS À SAÚDE|NÃO SE APLICA|1556|20200327|28474.22|0.0|0.0|28474.22|0.0|28474.22|0.0|0.0|0.0|0.0|0.0
3110004|303|02|382323|2020|2|10 - SAÚDE|122 - ADMINISTRAÇÃO GERAL|0042 - SERVIÇO DE REGULAÇÃO EM SAÚDE|2094 - MANUTENÇÃO DA REGULAÇÃO EM SAÚDE||3.1.90.13.03 - 3.1.90.13.03|102 - RECEITAS DE IMPOSTOS E DE TRANSFERÊNCIAS DE IMPOSTOS VINCULADOS À SAÚDE|NÃO SE APLICA|1199|20200221|2983.64|0.0|0.0|2983.64|0.0|97.24|0.0|0.0|0.0|2886.4|0.0
3110004|303|02|382323|2020|9|10 - SAÚDE|122 - ADMINISTRAÇÃO GERAL|0042 - SERVIÇO DE REGULAÇÃO EM SAÚDE|2094 - MANUTENÇÃO DA REGULAÇÃO EM SAÚDE||3.1.90.13.03 - 3.1.90.13.03|102 - RECEITAS DE IMPOSTOS E DE TRANSFERÊNCIAS DE IMPOSTOS VINCULADOS À SAÚDE|NÃO SE APLICA|4158|20200828|0.0|0.0|0.0|0.0|0.0|2615.34|0.0|0.0|0.0|-2615.34|0.0
3110004|303|02|382323|2020|12|10 - SAÚDE|302 - ASSISTÊNCIA HOSPITALAR E AMBULATORIAL|0048 - URGÊNCIA E EMERGÊNCIA|2403 - MANUTENÇÃO DO SAMU||3.1.90.13.01 - 3.1.90.13.01|102 - RECEITAS DE IMPOSTOS E DE TRANSFERÊNCIAS DE IMPOSTOS VINCULADOS À SAÚDE|NÃO SE APLICA|6322|20201228|2968.9|0.0|0.0|2968.9|0.0|2968.9|0.0|0.0|0.0|0.0|0.0
3110004|303|02|382323|2020|9|10 - SAÚDE|302 - ASSISTÊNCIA HOSPITALAR E AMBULATORIAL|0028 - CENTRO DE ESPECIALIDADES EM SAÚDE|2059 - MANUTENÇÃO DO CENTRO ESPECIALIDADES EM SAÚDE||3.1.90.13.01 - 3.1.90.13.01|102 - RECEITAS DE IMPOSTOS E DE TRANSFERÊNCIAS DE IMPOSTOS VINCULADOS À SAÚDE|NÃO SE APLICA|4709|20200930|4629.37|0.0|0.0|4629.37|0.0|0.0|0.0|0.0|0.0|4629.37|0.0
3110004|303|02|382334|2020|12|10 - SAÚDE|122 - ADMINISTRAÇÃO GERAL|0047 - MANUTENÇÃO DO SERVIÇO DE TRANSPORTE DE PACIENTES|2110 - MANUTENÇÃO DO SETOR DE TRANSPORTE||3.1.90.13.01 - 3.1.90.13.01|102 - RECEITAS DE IMPOSTOS E DE TRANSFERÊNCIAS DE IMPOSTOS VINCULADOS À SAÚDE|NÃO SE APLICA|5576|20201127|0.0|0.0|0.0|0.0|0.0|3154.91|0.0|0.0|0.0|-3154.91|0.0
3110004|303|02|382334|2020|11|10 - SAÚDE|122 - ADMINISTRAÇÃO GERAL|0047 - MANUTENÇÃO DO SERVIÇO DE TRANSPORTE DE PACIENTES|2110 - MANUTENÇÃO DO SETOR DE TRANSPORTE||3.3.90.39.53 - 3.3.90.39.53|102 - RECEITAS DE IMPOSTOS E DE TRANSFERÊNCIAS DE IMPOSTOS VINCULADOS À SAÚDE|NÃO SE APLICA|668|20200203|0.0|0.0|240.0|0.0|0.0|0.0|0.0|0.0|0.0|0.0|-240.0
3110004|303|02|382334|2020|10|10 - SAÚDE|122 - ADMINISTRAÇÃO GERAL|0047 - MANUTENÇÃO DO SERVIÇO DE TRANSPORTE DE PACIENTES|2110 - MANUTENÇÃO DO SETOR DE TRANSPORTE||3.3.90.14.05 - 3.3.90.14.05|102 - RECEITAS DE IMPOSTOS E DE TRANSFERÊNCIAS DE IMPOSTOS VINCULADOS À SAÚDE|NÃO SE APLICA|4456|20200928|0.0|0.0|0.0|0.0|0.0|330.4|0.0|0.0|0.0|-330.4|0.0
3110004|303|02|382334|2020|4|10 - SAÚDE|122 - ADMINISTRAÇÃO GERAL|0047 - MANUTENÇÃO DO SERVIÇO DE TRANSPORTE DE PACIENTES|2110 - MANUTENÇÃO DO SETOR DE TRANSPORTE||3.3.90.14.05 - 3.3.90.14.05|102 - RECEITAS DE IMPOSTOS E DE TRANSFERÊNCIAS DE IMPOSTOS VINCULADOS À SAÚDE|NÃO SE APLICA|1897|20200417|1416.0|0.0|0.0|1416.0|0.0|1416.0|0.0|0.0|0.0|0.0|0.0
3110004|303|02|382334|2020|12|10 - SAÚDE|122 - ADMINISTRAÇÃO GERAL|0040 - GESTÃO DA SECRETARIA DE SAÚDE|2089 - MANUTENÇÃO DA SECRETARIA DE SAÚDE||3.3.90.49.00 - 3.3.90.49.00|102 - RECEITAS DE IMPOSTOS E DE TRANSFERÊNCIAS DE IMPOSTOS VINCULADOS À SAÚDE|NÃO SE APLICA|256|20200124|0.0|0.0|1667.0|7220.0|0.0|7220.0|0.0|0.0|0.0|0.0|-8887.0
3110004|303|02|382323|2020|5|10 - SAÚDE|302 - ASSISTÊNCIA HOSPITALAR E AMBULATORIAL|0028 - CENTRO DE ESPECIALIDADES EM SAÚDE|2059 - MANUTENÇÃO DO CENTRO ESPECIALIDADES EM SAÚDE||3.1.90.11.11 - 3.1.90.11.11|102 - RECEITAS DE IMPOSTOS E DE TRANSFERÊNCIAS DE IMPOSTOS VINCULADOS À SAÚDE|NÃO SE APLICA|2545|20200529|54119.0|0.0|0.0|54119.0|0.0|54119.0|0.0|0.0|0.0|0.0|0.0
3110004|303|02|382334|2020|10|10 - SAÚDE|122 - ADMINISTRAÇÃO GERAL|0040 - GESTÃO DA SECRETARIA DE SAÚDE|2089 - MANUTENÇÃO DA SECRETARIA DE SAÚDE||3.1.90.13.01 - 3.1.90.13.01|102 - RECEITAS DE IMPOSTOS E DE TRANSFERÊNCIAS DE IMPOSTOS VINCULADOS À SAÚDE|NÃO SE APLICA|4680|20200930|0.0|0.0|0.0|0.0|0.0|1819.6|0.0|0.0|0.0|-1819.6|0.0
3110004|303|02|382323|2020|1|10 - SAÚDE|302 - ASSISTÊNCIA HOSPITALAR E AMBULATORIAL|0048 - URGÊNCIA E EMERGÊNCIA|2403 - MANUTENÇÃO DO SAMU||3.1.90.13.01 - 3.1.90.13.01|102 - RECEITAS DE IMPOSTOS E DE TRANSFERÊNCIAS DE IMPOSTOS VINCULADOS À SAÚDE|NÃO SE APLICA|545|20200130|2192.33|0.0|0.0|2192.33|0.0|0.0|0.0|0.0|0.0|2192.33|0.0
3110004|303|02|382323|2020|10|10 - SAÚDE|302 - ASSISTÊNCIA HOSPITALAR E AMBULATORIAL|0028 - CENTRO DE ESPECIALIDADES EM SAÚDE|2059 - MANUTENÇÃO DO CENTRO ESPECIALIDADES EM SAÚDE||3.1.90.13.01 - 3.1.90.13.01|102 - RECEITAS DE IMPOSTOS E DE TRANSFERÊNCIAS DE IMPOSTOS VINCULADOS À SAÚDE|NÃO SE APLICA|4709|20200930|0.0|0.0|0.0|0.0|0.0|4629.37|0.0|0.0|0.0|-4629.37|0.0
3110004|303|02|382323|2020|10|10 - SAÚDE|301 - ATENÇÃO BÁSICA|0029 - ATENÇÃO BÁSICA|2063 - MANUTENÇÃO DA ATENÇÃO BÁSICA||3.1.90.13.03 - 3.1.90.13.03|102 - RECEITAS DE IMPOSTOS E DE TRANSFERÊNCIAS DE IMPOSTOS VINCULADOS À SAÚDE|NÃO SE APLICA|4707|20200930|0.0|0.0|0.0|0.0|0.0|30010.88|0.0|0.0|0.0|-30010.88|0.0
3110004|303|02|382323|2020|5|10 - SAÚDE|122 - ADMINISTRAÇÃO GERAL|0042 - SERVIÇO DE REGULAÇÃO EM SAÚDE|2094 - MANUTENÇÃO DA REGULAÇÃO EM SAÚDE||3.1.90.11.11 - 3.1.90.11.11|102 - RECEITAS DE IMPOSTOS E DE TRANSFERÊNCIAS DE IMPOSTOS VINCULADOS À SAÚDE|NÃO SE APLICA|2539|20200529|12154.74|0.0|0.0|12154.74|0.0|12154.74|0.0|0.0|0.0|0.0|0.0
3110004|303|02|382323|2020|6|10 - SAÚDE|122 - ADMINISTRAÇÃO GERAL|0042 - SERVIÇO DE REGULAÇÃO EM SAÚDE|2094 - MANUTENÇÃO DA REGULAÇÃO EM SAÚDE||3.1.90.13.01 - 3.1.90.13.01|102 - RECEITAS DE IMPOSTOS E DE TRANSFERÊNCIAS DE IMPOSTOS VINCULADOS À SAÚDE|NÃO SE APLICA|2649|20200529|0.0|0.0|0.0|0.0|0.0|1050.4|0.0|0.0|0.0|-1050.4|0.0
3110004|303|02|382323|2020|3|10 - SAÚDE|122 - ADMINISTRAÇÃO GERAL|0032 - ASSISTÊNCIA FARMACÊUTCA|2069 - MANUTENÇÃO DA FARMÁCIA BÁSICA||3.3.90.30.09 - 3.3.90.30.09|102 - RECEITAS DE IMPOSTOS E DE TRANSFERÊNCIAS DE IMPOSTOS VINCULADOS À SAÚDE|NÃO SE APLICA|875|20200218|0.0|0.0|0.0|5600.0|0.0|5600.0|0.0|0.0|0.0|0.0|-5600.0
3110004|303|02|382334|2020|2|10 - SAÚDE|122 - ADMINISTRAÇÃO GERAL|0040 - GESTÃO DA SECRETARIA DE SAÚDE|2089 - MANUTENÇÃO DA SECRETARIA DE SAÚDE||3.3.90.30.22 - 3.3.90.30.22|102 - RECEITAS DE IMPOSTOS E DE TRANSFERÊNCIAS DE IMPOSTOS VINCULADOS À SAÚDE|NÃO SE APLICA|965|20200221|132.48|0.0|0.0|0.0|0.0|0.0|0.0|0.0|0.0|0.0|132.48
3110004|303|02|382323|2020|12|10 - SAÚDE|302 - ASSISTÊNCIA HOSPITALAR E AMBULATORIAL|0080 - SAÚDE MENTAL|2104 - MANUTENÇÃO DO SETOR DE SAÚDE MENTAL||3.1.90.11.11 - 3.1.90.11.11|102 - RECEITAS DE IMPOSTOS E DE TRANSFERÊNCIAS DE IMPOSTOS VINCULADOS À SAÚDE|NÃO SE APLICA|5871|20201214|21755.04|0.0|0.0|21755.04|0.0|21755.04|0.0|0.0|0.0|0.0|0.0
3110004|303|02|382323|2020|9|10 - SAÚDE|302 - ASSISTÊNCIA HOSPITALAR E AMBULATORIAL|0043 - SAÚDE BUCAL|2099 - MANUTENÇÃO DO SETOR DE SAÚDE BUCAL||3.1.90.04.99 - 3.1.90.04.99|102 - RECEITAS DE IMPOSTOS E DE TRANSFERÊNCIAS DE IMPOSTOS VINCULADOS À SAÚDE|NÃO SE APLICA|4597|20200930|11639.75|0.0|0.0|11639.75|0.0|11639.75|0.0|0.0|0.0|0.0|0.0
3110004|303|02|382334|2020|4|10 - SAÚDE|122 - ADMINISTRAÇÃO GERAL|0040 - GESTÃO DA SECRETARIA DE SAÚDE|2089 - MANUTENÇÃO DA SECRETARIA DE SAÚDE||3.3.90.14.05 - 3.3.90.14.05|102 - RECEITAS DE IMPOSTOS E DE TRANSFERÊNCIAS DE IMPOSTOS VINCULADOS À SAÚDE|NÃO SE APLICA|1782|20200403|354.0|0.0|0.0|354.0|0.0|354.0|0.0|0.0|0.0|0.0|0.0
3110004|303|02|382323|2020|11|10 - SAÚDE|302 - ASSISTÊNCIA HOSPITALAR E AMBULATORIAL|0028 - CENTRO DE ESPECIALIDADES EM SAÚDE|2059 - MANUTENÇÃO DO CENTRO ESPECIALIDADES EM SAÚDE||3.3.90.39.36 - 3.3.90.39.36|102 - RECEITAS DE IMPOSTOS E DE TRANSFERÊNCIAS DE IMPOSTOS VINCULADOS À SAÚDE|NÃO SE APLICA|4779|20201006|0.0|0.0|0.0|16500.0|0.0|16500.0|0.0|0.0|0.0|0.0|-16500.0
3110004|303|02|382334|2020|2|10 - SAÚDE|122 - ADMINISTRAÇÃO GERAL|0040 - GESTÃO DA SECRETARIA DE SAÚDE|2089 - MANUTENÇÃO DA SECRETARIA DE SAÚDE||3.1.90.11.09 - 3.1.90.11.09|102 - RECEITAS DE IMPOSTOS E DE TRANSFERÊNCIAS DE IMPOSTOS VINCULADOS À SAÚDE|NÃO SE APLICA|1061|20200221|6375.12|0.0|0.0|6375.12|0.0|6375.12|0.0|0.0|0.0|0.0|0.0
3110004|303|02|382323|2020|8|10 - SAÚDE|302 - ASSISTÊNCIA HOSPITALAR E AMBULATORIAL|0048 - URGÊNCIA E EMERGÊNCIA|2403 - MANUTENÇÃO DO SAMU||3.1.90.11.11 - 3.1.90.11.11|102 - RECEITAS DE IMPOSTOS E DE TRANSFERÊNCIAS DE IMPOSTOS VINCULADOS À SAÚDE|NÃO SE APLICA|4054|20200828|14017.49|0.0|0.0|14017.49|0.0|14017.49|0.0|0.0|0.0|0.0|0.0
3110004|303|02|382334|2020|1|10 - SAÚDE|122 - ADMINISTRAÇÃO GERAL|0040 - GESTÃO DA SECRETARIA DE SAÚDE|2431 - REMUNERAÇÃO DE ESTAGIÁRIOS||3.3.90.36.07 - 3.3.90.36.07|102 - RECEITAS DE IMPOSTOS E DE TRANSFERÊNCIAS DE IMPOSTOS VINCULADOS À SAÚDE|NÃO SE APLICA|401|20200130|1176.67|0.0|0.0|1176.67|0.0|1176.67|0.0|0.0|0.0|0.0|0.0
3110004|303|02|382323|2020|12|10 - SAÚDE|301 - ATENÇÃO BÁSICA|0029 - ATENÇÃO BÁSICA|2063 - MANUTENÇÃO DA ATENÇÃO BÁSICA||3.1.90.13.03 - 3.1.90.13.03|102 - RECEITAS DE IMPOSTOS E DE TRANSFERÊNCIAS DE IMPOSTOS VINCULADOS À SAÚDE|NÃO SE APLICA|5603|20201127|0.0|0.0|0.0|0.0|0.0|35260.89|0.0|0.0|0.0|-35260.89|0.0
3110004|303|02|382334|2020|10|10 - SAÚDE|122 - ADMINISTRAÇÃO GERAL|0040 - GESTÃO DA SECRETARIA DE SAÚDE|2089 - MANUTENÇÃO DA SECRETARIA DE SAÚDE||3.1.90.16.00 - 3.1.90.16.00|102 - RECEITAS DE IMPOSTOS E DE TRANSFERÊNCIAS DE IMPOSTOS VINCULADOS À SAÚDE|NÃO SE APLICA|5042|20201029|1034.26|0.0|0.0|1034.26|0.0|1034.26|0.0|0.0|0.0|0.0|0.0
3110004|303|02|382323|2020|7|10 - SAÚDE|122 - ADMINISTRAÇÃO GERAL|0032 - ASSISTÊNCIA FARMACÊUTCA|2069 - MANUTENÇÃO DA FARMÁCIA BÁSICA||3.3.90.30.09 - 3.3.90.30.09|102 - RECEITAS DE IMPOSTOS E DE TRANSFERÊNCIAS DE IMPOSTOS VINCULADOS À SAÚDE|NÃO SE APLICA|2737|20200608|0.0|0.0|0.0|400.0|0.0|400.0|0.0|0.0|0.0|0.0|-400.0
3110004|303|02|382323|2020|6|10 - SAÚDE|301 - ATENÇÃO BÁSICA|0029 - ATENÇÃO BÁSICA|2063 - MANUTENÇÃO DA ATENÇÃO BÁSICA||3.1.90.13.03 - 3.1.90.13.03|102 - RECEITAS DE IMPOSTOS E DE TRANSFERÊNCIAS DE IMPOSTOS VINCULADOS À SAÚDE|NÃO SE APLICA|2652|20200529|0.0|0.0|0.0|0.0|0.0|331.23|0.0|0.0|0.0|-331.23|0.0
3110004|303|02|382323|2020|5|10 - SAÚDE|302 - ASSISTÊNCIA HOSPITALAR E AMBULATORIAL|0048 - URGÊNCIA E EMERGÊNCIA|2403 - MANUTENÇÃO DO SAMU||3.1.90.11.11 - 3.1.90.11.11|102 - RECEITAS DE IMPOSTOS E DE TRANSFERÊNCIAS DE IMPOSTOS VINCULADOS À SAÚDE|NÃO SE APLICA|2549|20200529|14313.93|0.0|0.0|14313.93|0.0|14313.93|0.0|0.0|0.0|0.0|0.0
3110004|303|02|382323|2020|3|10 - SAÚDE|302 - ASSISTÊNCIA HOSPITALAR E AMBULATORIAL|0048 - URGÊNCIA E EMERGÊNCIA|2403 - MANUTENÇÃO DO SAMU||3.3.90.14.05 - 3.3.90.14.05|102 - RECEITAS DE IMPOSTOS E DE TRANSFERÊNCIAS DE IMPOSTOS VINCULADOS À SAÚDE|NÃO SE APLICA|977|20200221|0.0|0.0|0.0|0.0|0.0|1156.4|0.0|0.0|0.0|-1156.4|0.0
3110004|303|02|382323|2020|3|10 - SAÚDE|302 - ASSISTÊNCIA HOSPITALAR E AMBULATORIAL|0043 - SAÚDE BUCAL|2099 - MANUTENÇÃO DO SETOR DE SAÚDE BUCAL||3.1.90.04.99 - 3.1.90.04.99|102 - RECEITAS DE IMPOSTOS E DE TRANSFERÊNCIAS DE IMPOSTOS VINCULADOS À SAÚDE|NÃO SE APLICA|1589|20200327|11403.98|0.0|0.0|11403.98|0.0|11403.98|0.0|0.0|0.0|0.0|0.0
3110004|303|02|382323|2020|5|10 - SAÚDE|301 - ATENÇÃO BÁSICA|0029 - ATENÇÃO BÁSICA|2063 - MANUTENÇÃO DA ATENÇÃO BÁSICA||3.1.90.13.03 - 3.1.90.13.03|102 - RECEITAS DE IMPOSTOS E DE TRANSFERÊNCIAS DE IMPOSTOS VINCULADOS À SAÚDE|NÃO SE APLICA|2159|20200429|0.0|0.0|0.0|0.0|0.0|3103.93|0.0|0.0|0.0|-3103.93|0.0
3110004|303|02|382323|2020|12|10 - SAÚDE|302 - ASSISTÊNCIA HOSPITALAR E AMBULATORIAL|0028 - CENTRO DE ESPECIALIDADES EM SAÚDE|2059 - MANUTENÇÃO DO CENTRO ESPECIALIDADES EM SAÚDE||3.3.90.39.36 - 3.3.90.39.36|102 - RECEITAS DE IMPOSTOS E DE TRANSFERÊNCIAS DE IMPOSTOS VINCULADOS À SAÚDE|NÃO SE APLICA|672|20200203|0.0|0.0|0.0|27200.0|0.0|15600.0|0.0|0.0|0.0|11600.0|-27200.0
3110004|303|02|382323|2020|1|10 - SAÚDE|302 - ASSISTÊNCIA HOSPITALAR E AMBULATORIAL|0043 - SAÚDE BUCAL|2099 - MANUTENÇÃO DO SETOR DE SAÚDE BUCAL||3.1.90.11.11 - 3.1.90.11.11|102 - RECEITAS DE IMPOSTOS E DE TRANSFERÊNCIAS DE IMPOSTOS VINCULADOS À SAÚDE|NÃO SE APLICA|440|20200130|10491.77|0.0|0.0|10491.77|0.0|10491.77|0.0|0.0|0.0|0.0|0.0
3110004|303|02|382334|2020|12|10 - SAÚDE|302 - ASSISTÊNCIA HOSPITALAR E AMBULATORIAL|0312 - EMENDAS IMPOSITIVAS|1242 - EXECUÇÃO DAS EMENDAS IMPOSITIVAS||4.4.90.52.24 - 4.4.90.52.24|102 - RECEITAS DE IMPOSTOS E DE TRANSFERÊNCIAS DE IMPOSTOS VINCULADOS À SAÚDE|NÃO SE APLICA|5748|20201209|8044.0|0.0|0.0|0.0|0.0|0.0|0.0|0.0|0.0|0.0|8044.0
3110004|303|02|382323|2020|11|10 - SAÚDE|302 - ASSISTÊNCIA HOSPITALAR E AMBULATORIAL|0028 - CENTRO DE ESPECIALIDADES EM SAÚDE|2059 - MANUTENÇÃO DO CENTRO ESPECIALIDADES EM SAÚDE||3.3.90.39.36 - 3.3.90.39.36|102 - RECEITAS DE IMPOSTOS E DE TRANSFERÊNCIAS DE IMPOSTOS VINCULADOS À SAÚDE|NÃO SE APLICA|4822|20201014|0.0|0.0|0.0|7050.0|0.0|7050.0|0.0|0.0|0.0|0.0|-7050.0
3110004|303|02|382334|2020|12|10 - SAÚDE|122 - ADMINISTRAÇÃO GERAL|0040 - GESTÃO DA SECRETARIA DE SAÚDE|2089 - MANUTENÇÃO DA SECRETARIA DE SAÚDE||3.3.90.39.43 - 3.3.90.39.43|102 - RECEITAS DE IMPOSTOS E DE TRANSFERÊNCIAS DE IMPOSTOS VINCULADOS À SAÚDE|NÃO SE APLICA|193|20200115|0.0|0.0|0.0|4364.46|0.0|4364.46|0.0|0.0|0.0|0.0|-4364.46
3110004|303|02|382323|2020|2|10 - SAÚDE|302 - ASSISTÊNCIA HOSPITALAR E AMBULATORIAL|0043 - SAÚDE BUCAL|2099 - MANUTENÇÃO DO SETOR DE SAÚDE BUCAL||3.1.90.04.99 - 3.1.90.04.99|102 - RECEITAS DE IMPOSTOS E DE TRANSFERÊNCIAS DE IMPOSTOS VINCULADOS À SAÚDE|NÃO SE APLICA|1102|20200221|15638.34|0.0|0.0|15638.34|0.0|15638.34|0.0|0.0|0.0|0.0|0.0
3110004|303|02|382334|2020|2|10 - SAÚDE|122 - ADMINISTRAÇÃO GERAL|0040 - GESTÃO DA SECRETARIA DE SAÚDE|2089 - MANUTENÇÃO DA SECRETARIA DE SAÚDE||3.3.90.49.00 - 3.3.90.49.00|102 - RECEITAS DE IMPOSTOS E DE TRANSFERÊNCIAS DE IMPOSTOS VINCULADOS À SAÚDE|NÃO SE APLICA|258|20200124|0.0|0.0|0.0|471.6|0.0|471.6|0.0|0.0|0.0|0.0|-471.6
3110004|303|02|382323|2020|10|10 - SAÚDE|122 - ADMINISTRAÇÃO GERAL|0042 - SERVIÇO DE REGULAÇÃO EM SAÚDE|2094 - MANUTENÇÃO DA REGULAÇÃO EM SAÚDE||3.3.90.39.36 - 3.3.90.39.36|102 - RECEITAS DE IMPOSTOS E DE TRANSFERÊNCIAS DE IMPOSTOS VINCULADOS À SAÚDE|NÃO SE APLICA|671|20200203|0.0|0.0|0.0|6800.0|0.0|6800.0|0.0|0.0|0.0|0.0|-6800.0
3110004|303|02|382334|2020|5|10 - SAÚDE|122 - ADMINISTRAÇÃO GERAL|0047 - MANUTENÇÃO DO SERVIÇO DE TRANSPORTE DE PACIENTES|2110 - MANUTENÇÃO DO SETOR DE TRANSPORTE||3.3.90.39.53 - 3.3.90.39.53|102 - RECEITAS DE IMPOSTOS E DE TRANSFERÊNCIAS DE IMPOSTOS VINCULADOS À SAÚDE|NÃO SE APLICA|556|20200130|0.0|0.0|0.0|6612.5|0.0|6612.5|0.0|0.0|0.0|0.0|-6612.5
3110004|303|02|382334|2020|11|10 - SAÚDE|122 - ADMINISTRAÇÃO GERAL|0047 - MANUTENÇÃO DO SERVIÇO DE TRANSPORTE DE PACIENTES|2110 - MANUTENÇÃO DO SETOR DE TRANSPORTE||3.3.90.14.05 - 3.3.90.14.05|102 - RECEITAS DE IMPOSTOS E DE TRANSFERÊNCIAS DE IMPOSTOS VINCULADOS À SAÚDE|NÃO SE APLICA|5374|20201125|944.0|0.0|0.0|944.0|0.0|944.0|0.0|0.0|0.0|0.0|0.0
3110004|303|02|382334|2020|8|10 - SAÚDE|122 - ADMINISTRAÇÃO GERAL|0047 - MANUTENÇÃO DO SERVIÇO DE TRANSPORTE DE PACIENTES|2110 - MANUTENÇÃO DO SETOR DE TRANSPORTE||3.3.90.14.05 - 3.3.90.14.05|102 - RECEITAS DE IMPOSTOS E DE TRANSFERÊNCIAS DE IMPOSTOS VINCULADOS À SAÚDE|NÃO SE APLICA|3910|20200821|944.0|0.0|0.0|944.0|0.0|944.0|0.0|0.0|0.0|0.0|0.0
3110004|303|02|382323|2020|10|10 - SAÚDE|302 - ASSISTÊNCIA HOSPITALAR E AMBULATORIAL|0048 - URGÊNCIA E EMERGÊNCIA|2112 - MANUTENÇÃO DA URGÊNCIA E EMERGÊNCIA||3.3.50.43.00 - 3.3.50.43.00|102 - RECEITAS DE IMPOSTOS E DE TRANSFERÊNCIAS DE IMPOSTOS VINCULADOS À SAÚDE|NÃO SE APLICA|2798|20200615|0.0|0.0|277832.68|0.0|0.0|0.0|0.0|0.0|0.0|0.0|-277832.68
3110004|303|02|382323|2020|4|10 - SAÚDE|122 - ADMINISTRAÇÃO GERAL|0032 - ASSISTÊNCIA FARMACÊUTCA|2069 - MANUTENÇÃO DA FARMÁCIA BÁSICA||3.1.90.13.03 - 3.1.90.13.03|102 - RECEITAS DE IMPOSTOS E DE TRANSFERÊNCIAS DE IMPOSTOS VINCULADOS À SAÚDE|NÃO SE APLICA|2155|20200429|2424.28|0.0|0.0|2424.28|0.0|0.0|0.0|0.0|0.0|2424.28|0.0
3110004|303|02|382334|2020|5|10 - SAÚDE|122 - ADMINISTRAÇÃO GERAL|0040 - GESTÃO DA SECRETARIA DE SAÚDE|2089 - MANUTENÇÃO DA SECRETARIA DE SAÚDE||3.3.90.39.29 - 3.3.90.39.29|102 - RECEITAS DE IMPOSTOS E DE TRANSFERÊNCIAS DE IMPOSTOS VINCULADOS À SAÚDE|NÃO SE APLICA|11|20200102|0.0|0.0|0.0|854.39|0.0|854.39|0.0|0.0|0.0|0.0|-854.39
3110004|303|02|382334|2020|6|10 - SAÚDE|122 - ADMINISTRAÇÃO GERAL|0047 - MANUTENÇÃO DO SERVIÇO DE TRANSPORTE DE PACIENTES|2110 - MANUTENÇÃO DO SETOR DE TRANSPORTE||3.3.90.14.05 - 3.3.90.14.05|102 - RECEITAS DE IMPOSTOS E DE TRANSFERÊNCIAS DE IMPOSTOS VINCULADOS À SAÚDE|NÃO SE APLICA|2891|20200623|944.0|0.0|0.0|944.0|0.0|0.0|0.0|0.0|0.0|944.0|0.0
3110004|303|02|382334|2020|2|10 - SAÚDE|122 - ADMINISTRAÇÃO GERAL|0040 - GESTÃO DA SECRETARIA DE SAÚDE|2089 - MANUTENÇÃO DA SECRETARIA DE SAÚDE||3.1.90.11.11 - 3.1.90.11.11|102 - RECEITAS DE IMPOSTOS E DE TRANSFERÊNCIAS DE IMPOSTOS VINCULADOS À SAÚDE|NÃO SE APLICA|1062|20200221|14435.2|0.0|0.0|14435.2|0.0|14435.2|0.0|0.0|0.0|0.0|0.0
3110004|303|02|382323|2020|1|10 - SAÚDE|122 - ADMINISTRAÇÃO GERAL|0032 - ASSISTÊNCIA FARMACÊUTCA|2069 - MANUTENÇÃO DA FARMÁCIA BÁSICA||3.1.90.11.11 - 3.1.90.11.11|102 - RECEITAS DE IMPOSTOS E DE TRANSFERÊNCIAS DE IMPOSTOS VINCULADOS À SAÚDE|NÃO SE APLICA|429|20200130|18686.81|0.0|0.0|18686.81|0.0|18686.81|0.0|0.0|0.0|0.0|0.0
3110004|303|02|382323|2020|3|10 - SAÚDE|302 - ASSISTÊNCIA HOSPITALAR E AMBULATORIAL|0043 - SAÚDE BUCAL|2099 - MANUTENÇÃO DO SETOR DE SAÚDE BUCAL||3.1.90.13.03 - 3.1.90.13.03|102 - RECEITAS DE IMPOSTOS E DE TRANSFERÊNCIAS DE IMPOSTOS VINCULADOS À SAÚDE|NÃO SE APLICA|1694|20200327|8056.79|0.0|0.0|8056.79|0.0|48.62|0.0|0.0|0.0|8008.17|0.0
3110004|303|02|382334|2020|3|10 - SAÚDE|122 - ADMINISTRAÇÃO GERAL|0047 - MANUTENÇÃO DO SERVIÇO DE TRANSPORTE DE PACIENTES|2110 - MANUTENÇÃO DO SETOR DE TRANSPORTE||3.3.90.14.05 - 3.3.90.14.05|102 - RECEITAS DE IMPOSTOS E DE TRANSFERÊNCIAS DE IMPOSTOS VINCULADOS À SAÚDE|NÃO SE APLICA|1374|20200313|1416.0|0.0|0.0|1416.0|0.0|1416.0|0.0|0.0|0.0|0.0|0.0
3110004|303|02|382334|2020|10|10 - SAÚDE|122 - ADMINISTRAÇÃO GERAL|0047 - MANUTENÇÃO DO SERVIÇO DE TRANSPORTE DE PACIENTES|2110 - MANUTENÇÃO DO SETOR DE TRANSPORTE||3.3.90.14.05 - 3.3.90.14.05|102 - RECEITAS DE IMPOSTOS E DE TRANSFERÊNCIAS DE IMPOSTOS VINCULADOS À SAÚDE|NÃO SE APLICA|4897|20201023|377.6|0.0|0.0|377.6|0.0|377.6|0.0|0.0|0.0|0.0|0.0
3110004|303|02|382323|2020|11|10 - SAÚDE|301 - ATENÇÃO BÁSICA|0029 - ATENÇÃO BÁSICA|2063 - MANUTENÇÃO DA ATENÇÃO BÁSICA||3.1.90.13.01 - 3.1.90.13.01|102 - RECEITAS DE IMPOSTOS E DE TRANSFERÊNCIAS DE IMPOSTOS VINCULADOS À SAÚDE|NÃO SE APLICA|5186|20201029|0.0|0.0|0.0|0.0|0.0|6471.38|0.0|0.0|0.0|-6471.38|0.0
3110004|303|02|382323|2020|2|10 - SAÚDE|122 - ADMINISTRAÇÃO GERAL|0032 - ASSISTÊNCIA FARMACÊUTCA|2069 - MANUTENÇÃO DA FARMÁCIA BÁSICA||3.1.90.13.01 - 3.1.90.13.01|102 - RECEITAS DE IMPOSTOS E DE TRANSFERÊNCIAS DE IMPOSTOS VINCULADOS À SAÚDE|NÃO SE APLICA|532|20200130|0.0|0.0|0.0|0.0|0.0|1093.02|0.0|0.0|0.0|-1093.02|0.0
3110004|303|02|382334|2020|10|10 - SAÚDE|122 - ADMINISTRAÇÃO GERAL|0047 - MANUTENÇÃO DO SERVIÇO DE TRANSPORTE DE PACIENTES|2110 - MANUTENÇÃO DO SETOR DE TRANSPORTE||3.3.90.14.05 - 3.3.90.14.05|102 - RECEITAS DE IMPOSTOS E DE TRANSFERÊNCIAS DE IMPOSTOS VINCULADOS À SAÚDE|NÃO SE APLICA|4910|20201023|944.0|0.0|0.0|944.0|0.0|944.0|0.0|0.0|0.0|0.0|0.0
3110004|303|02|382334|2020|5|10 - SAÚDE|122 - ADMINISTRAÇÃO GERAL|0040 - GESTÃO DA SECRETARIA DE SAÚDE|2089 - MANUTENÇÃO DA SECRETARIA DE SAÚDE||3.3.90.49.00 - 3.3.90.49.00|102 - RECEITAS DE IMPOSTOS E DE TRANSFERÊNCIAS DE IMPOSTOS VINCULADOS À SAÚDE|NÃO SE APLICA|258|20200124|0.0|0.0|0.0|198.9|0.0|198.9|0.0|0.0|0.0|0.0|-198.9
3110004|303|02|382323|2020|10|10 - SAÚDE|302 - ASSISTÊNCIA HOSPITALAR E AMBULATORIAL|0039 - GESTÃO DA FISIOTERAPIA|2086 - MANUTENÇÃO DO SETOR DA FISIOTERAPIA||3.1.90.13.01 - 3.1.90.13.01|102 - RECEITAS DE IMPOSTOS E DE TRANSFERÊNCIAS DE IMPOSTOS VINCULADOS À SAÚDE|NÃO SE APLICA|5191|20201029|913.38|0.0|0.0|913.38|0.0|0.0|0.0|0.0|0.0|913.38|0.0
3110004|303|02|382334|2020|12|10 - SAÚDE|122 - ADMINISTRAÇÃO GERAL|0040 - GESTÃO DA SECRETARIA DE SAÚDE|2089 - MANUTENÇÃO DA SECRETARIA DE SAÚDE||3.3.90.30.22 - 3.3.90.30.22|102 - RECEITAS DE IMPOSTOS E DE TRANSFERÊNCIAS DE IMPOSTOS VINCULADOS À SAÚDE|NÃO SE APLICA|5662|20201130|0.0|0.0|0.0|755.0|0.0|755.0|0.0|0.0|0.0|0.0|-755.0
3110004|303|02|382334|2020|10|10 - SAÚDE|122 - ADMINISTRAÇÃO GERAL|0047 - MANUTENÇÃO DO SERVIÇO DE TRANSPORTE DE PACIENTES|2110 - MANUTENÇÃO DO SETOR DE TRANSPORTE||3.3.90.14.05 - 3.3.90.14.05|102 - RECEITAS DE IMPOSTOS E DE TRANSFERÊNCIAS DE IMPOSTOS VINCULADOS À SAÚDE|NÃO SE APLICA|4889|20201023|1180.0|0.0|0.0|1180.0|0.0|1180.0|0.0|0.0|0.0|0.0|0.0
3110004|303|02|382323|2020|4|10 - SAÚDE|122 - ADMINISTRAÇÃO GERAL|0032 - ASSISTÊNCIA FARMACÊUTCA|2069 - MANUTENÇÃO DA FARMÁCIA BÁSICA||3.1.90.13.01 - 3.1.90.13.01|102 - RECEITAS DE IMPOSTOS E DE TRANSFERÊNCIAS DE IMPOSTOS VINCULADOS À SAÚDE|NÃO SE APLICA|1682|20200327|0.0|0.0|0.0|0.0|0.0|693.02|0.0|0.0|0.0|-693.02|0.0
3110004|303|02|382334|2020|10|10 - SAÚDE|122 - ADMINISTRAÇÃO GERAL|0047 - MANUTENÇÃO DO SERVIÇO DE TRANSPORTE DE PACIENTES|2110 - MANUTENÇÃO DO SETOR DE TRANSPORTE||3.3.90.39.99 - 3.3.90.39.99|102 - RECEITAS DE IMPOSTOS E DE TRANSFERÊNCIAS DE IMPOSTOS VINCULADOS À SAÚDE|NÃO SE APLICA|4738|20200930|0.0|0.0|0.0|35994.79|0.0|35994.79|0.0|0.0|0.0|0.0|-35994.79
3110004|303|02|382323|2020|4|10 - SAÚDE|302 - ASSISTÊNCIA HOSPITALAR E AMBULATORIAL|0048 - URGÊNCIA E EMERGÊNCIA|2112 - MANUTENÇÃO DA URGÊNCIA E EMERGÊNCIA||3.3.50.43.00 - 3.3.50.43.00|102 - RECEITAS DE IMPOSTOS E DE TRANSFERÊNCIAS DE IMPOSTOS VINCULADOS À SAÚDE|NÃO SE APLICA|1762|20200401|750000.0|0.0|0.0|345953.4|0.0|345953.4|0.0|0.0|0.0|0.0|404046.6
3110004|303|02|382323|2020|6|10 - SAÚDE|122 - ADMINISTRAÇÃO GERAL|0032 - ASSISTÊNCIA FARMACÊUTCA|2069 - MANUTENÇÃO DA FARMÁCIA BÁSICA||3.3.90.30.09 - 3.3.90.30.09|102 - RECEITAS DE IMPOSTOS E DE TRANSFERÊNCIAS DE IMPOSTOS VINCULADOS À SAÚDE|NÃO SE APLICA|2219|20200506|0.0|0.0|0.0|659.16|0.0|659.16|0.0|0.0|0.0|0.0|-659.16
3110004|303|02|382323|2020|3|10 - SAÚDE|122 - ADMINISTRAÇÃO GERAL|0042 - SERVIÇO DE REGULAÇÃO EM SAÚDE|2094 - MANUTENÇÃO DA REGULAÇÃO EM SAÚDE||3.1.90.94.01 - 3.1.90.94.01|102 - RECEITAS DE IMPOSTOS E DE TRANSFERÊNCIAS DE IMPOSTOS VINCULADOS À SAÚDE|NÃO SE APLICA|1268|20200302|26.03|0.0|0.0|26.03|0.0|26.03|0.0|0.0|0.0|0.0|0.0
3110004|303|02|382323|2020|7|10 - SAÚDE|122 - ADMINISTRAÇÃO GERAL|0042 - SERVIÇO DE REGULAÇÃO EM SAÚDE|2094 - MANUTENÇÃO DA REGULAÇÃO EM SAÚDE||3.1.90.13.01 - 3.1.90.13.01|102 - RECEITAS DE IMPOSTOS E DE TRANSFERÊNCIAS DE IMPOSTOS VINCULADOS À SAÚDE|NÃO SE APLICA|3162|20200630|0.0|0.0|0.0|0.0|0.0|1153.45|0.0|0.0|0.0|-1153.45|0.0
3110004|303|02|382323|2020|8|10 - SAÚDE|302 - ASSISTÊNCIA HOSPITALAR E AMBULATORIAL|0028 - CENTRO DE ESPECIALIDADES EM SAÚDE|2059 - MANUTENÇÃO DO CENTRO ESPECIALIDADES EM SAÚDE||3.1.90.11.11 - 3.1.90.11.11|102 - RECEITAS DE IMPOSTOS E DE TRANSFERÊNCIAS DE IMPOSTOS VINCULADOS À SAÚDE|NÃO SE APLICA|4050|20200828|59439.48|0.0|0.0|59439.48|0.0|59439.48|0.0|0.0|0.0|0.0|0.0
3110004|303|02|382334|2020|9|10 - SAÚDE|122 - ADMINISTRAÇÃO GERAL|0047 - MANUTENÇÃO DO SERVIÇO DE TRANSPORTE DE PACIENTES|2110 - MANUTENÇÃO DO SETOR DE TRANSPORTE||3.3.90.14.05 - 3.3.90.14.05|102 - RECEITAS DE IMPOSTOS E DE TRANSFERÊNCIAS DE IMPOSTOS VINCULADOS À SAÚDE|NÃO SE APLICA|4456|20200928|330.4|0.0|0.0|330.4|0.0|0.0|0.0|0.0|0.0|330.4|0.0
3110004|303|02|382323|2020|2|10 - SAÚDE|302 - ASSISTÊNCIA HOSPITALAR E AMBULATORIAL|0113 - CONSÓRCIO INTERMUNICIPAL ALIANÇA PELA SAÚDE|2394 - MANUTENÇÃO DAS AÇÕES DO CONSÓRCIO||3.1.71.70.00 - 3.1.71.70.00|102 - RECEITAS DE IMPOSTOS E DE TRANSFERÊNCIAS DE IMPOSTOS VINCULADOS À SAÚDE|NÃO SE APLICA|840|20200213|9000.0|0.0|0.0|0.0|0.0|0.0|0.0|0.0|0.0|0.0|9000.0
3110004|303|02|382334|2020|10|10 - SAÚDE|122 - ADMINISTRAÇÃO GERAL|0047 - MANUTENÇÃO DO SERVIÇO DE TRANSPORTE DE PACIENTES|2110 - MANUTENÇÃO DO SETOR DE TRANSPORTE||3.3.90.14.05 - 3.3.90.14.05|102 - RECEITAS DE IMPOSTOS E DE TRANSFERÊNCIAS DE IMPOSTOS VINCULADOS À SAÚDE|NÃO SE APLICA|4894|20201023|944.0|0.0|0.0|944.0|0.0|944.0|0.0|0.0|0.0|0.0|0.0
3110004|303|02|382334|2020|7|10 - SAÚDE|122 - ADMINISTRAÇÃO GERAL|0047 - MANUTENÇÃO DO SERVIÇO DE TRANSPORTE DE PACIENTES|2110 - MANUTENÇÃO DO SETOR DE TRANSPORTE||3.3.90.14.05 - 3.3.90.14.05|102 - RECEITAS DE IMPOSTOS E DE TRANSFERÊNCIAS DE IMPOSTOS VINCULADOS À SAÚDE|NÃO SE APLICA|3442|20200727|1416.0|0.0|0.0|1416.0|0.0|0.0|0.0|0.0|0.0|1416.0|0.0
3110004|303|02|382323|2020|7|10 - SAÚDE|301 - ATENÇÃO BÁSICA|0029 - ATENÇÃO BÁSICA|2063 - MANUTENÇÃO DA ATENÇÃO BÁSICA||3.1.90.13.01 - 3.1.90.13.01|102 - RECEITAS DE IMPOSTOS E DE TRANSFERÊNCIAS DE IMPOSTOS VINCULADOS À SAÚDE|NÃO SE APLICA|3676|20200731|6538.12|0.0|0.0|6538.12|0.0|0.0|0.0|0.0|0.0|6538.12|0.0
3110004|303|02|382323|2020|6|10 - SAÚDE|122 - ADMINISTRAÇÃO GERAL|0032 - ASSISTÊNCIA FARMACÊUTCA|2069 - MANUTENÇÃO DA FARMÁCIA BÁSICA||3.3.90.36.14 - 3.3.90.36.14|102 - RECEITAS DE IMPOSTOS E DE TRANSFERÊNCIAS DE IMPOSTOS VINCULADOS À SAÚDE|NÃO SE APLICA|761|20200210|0.0|0.0|0.0|1931.72|0.0|1931.72|0.0|0.0|0.0|0.0|-1931.72
3110004|303|02|382334|2020|12|10 - SAÚDE|122 - ADMINISTRAÇÃO GERAL|0047 - MANUTENÇÃO DO SERVIÇO DE TRANSPORTE DE PACIENTES|2110 - MANUTENÇÃO DO SETOR DE TRANSPORTE||3.3.90.14.05 - 3.3.90.14.05|102 - RECEITAS DE IMPOSTOS E DE TRANSFERÊNCIAS DE IMPOSTOS VINCULADOS À SAÚDE|NÃO SE APLICA|5645|20201127|0.0|0.0|0.0|0.0|0.0|590.0|0.0|0.0|0.0|-590.0|0.0
3110004|303|02|382323|2020|12|10 - SAÚDE|301 - ATENÇÃO BÁSICA|0029 - ATENÇÃO BÁSICA|2063 - MANUTENÇÃO DA ATENÇÃO BÁSICA||3.1.90.11.05 - 3.1.90.11.05|102 - RECEITAS DE IMPOSTOS E DE TRANSFERÊNCIAS DE IMPOSTOS VINCULADOS À SAÚDE|NÃO SE APLICA|5861|20201214|8877.05|0.0|0.0|8877.05|0.0|8877.05|0.0|0.0|0.0|0.0|0.0
3110004|303|02|382334|2020|8|10 - SAÚDE|122 - ADMINISTRAÇÃO GERAL|0047 - MANUTENÇÃO DO SERVIÇO DE TRANSPORTE DE PACIENTES|2110 - MANUTENÇÃO DO SETOR DE TRANSPORTE||3.1.90.11.11 - 3.1.90.11.11|102 - RECEITAS DE IMPOSTOS E DE TRANSFERÊNCIAS DE IMPOSTOS VINCULADOS À SAÚDE|NÃO SE APLICA|4021|20200828|33883.1|0.0|0.0|33883.1|0.0|33883.1|0.0|0.0|0.0|0.0|0.0
3110004|303|02|382323|2020|5|10 - SAÚDE|122 - ADMINISTRAÇÃO GERAL|0042 - SERVIÇO DE REGULAÇÃO EM SAÚDE|2094 - MANUTENÇÃO DA REGULAÇÃO EM SAÚDE||3.3.90.14.05 - 3.3.90.14.05|102 - RECEITAS DE IMPOSTOS E DE TRANSFERÊNCIAS DE IMPOSTOS VINCULADOS À SAÚDE|NÃO SE APLICA|2392|20200520|47.2|0.0|0.0|47.2|0.0|47.2|0.0|0.0|0.0|0.0|0.0
3110004|303|02|382334|2020|5|10 - SAÚDE|122 - ADMINISTRAÇÃO GERAL|0040 - GESTÃO DA SECRETARIA DE SAÚDE|2089 - MANUTENÇÃO DA SECRETARIA DE SAÚDE||3.1.90.11.09 - 3.1.90.11.09|102 - RECEITAS DE IMPOSTOS E DE TRANSFERÊNCIAS DE IMPOSTOS VINCULADOS À SAÚDE|NÃO SE APLICA|2508|20200529|6660.72|0.0|0.0|6660.72|0.0|6660.72|0.0|0.0|0.0|0.0|0.0
3110004|303|02|382323|2020|11|10 - SAÚDE|305 - VIGILÂNCIA EPIDEMIOLÓGICA|0049 - VIGILÂNCIA EM SAÚDE|2399 - MANUTENÇÃO DA VIGILÂNCIA EM SAÚDE||3.3.90.30.06 - 3.3.90.30.06|102 - RECEITAS DE IMPOSTOS E DE TRANSFERÊNCIAS DE IMPOSTOS VINCULADOS À SAÚDE|NÃO SE APLICA|4871|20201021|0.0|0.0|0.0|28037.5|0.0|28037.5|0.0|0.0|0.0|0.0|-28037.5
3110004|303|02|382323|2020|10|10 - SAÚDE|302 - ASSISTÊNCIA HOSPITALAR E AMBULATORIAL|0028 - CENTRO DE ESPECIALIDADES EM SAÚDE|2059 - MANUTENÇÃO DO CENTRO ESPECIALIDADES EM SAÚDE||3.3.90.39.36 - 3.3.90.39.36|102 - RECEITAS DE IMPOSTOS E DE TRANSFERÊNCIAS DE IMPOSTOS VINCULADOS À SAÚDE|NÃO SE APLICA|672|20200203|0.0|0.0|0.0|17360.0|0.0|17360.0|0.0|0.0|0.0|0.0|-17360.0
3110004|303|02|382334|2020|4|10 - SAÚDE|122 - ADMINISTRAÇÃO GERAL|0047 - MANUTENÇÃO DO SERVIÇO DE TRANSPORTE DE PACIENTES|2110 - MANUTENÇÃO DO SETOR DE TRANSPORTE||3.3.90.14.05 - 3.3.90.14.05|102 - RECEITAS DE IMPOSTOS E DE TRANSFERÊNCIAS DE IMPOSTOS VINCULADOS À SAÚDE|NÃO SE APLICA|1893|20200417|472.0|0.0|0.0|472.0|0.0|472.0|0.0|0.0|0.0|0.0|0.0
3110004|303|02|382323|2020|8|10 - SAÚDE|302 - ASSISTÊNCIA HOSPITALAR E AMBULATORIAL|0043 - SAÚDE BUCAL|2099 - MANUTENÇÃO DO SETOR DE SAÚDE BUCAL||3.1.90.13.03 - 3.1.90.13.03|102 - RECEITAS DE IMPOSTOS E DE TRANSFERÊNCIAS DE IMPOSTOS VINCULADOS À SAÚDE|NÃO SE APLICA|3684|20200731|0.0|0.0|0.0|0.0|0.0|4401.78|0.0|0.0|0.0|-4401.78|0.0
3110004|303|02|382334|2020|12|10 - SAÚDE|122 - ADMINISTRAÇÃO GERAL|0047 - MANUTENÇÃO DO SERVIÇO DE TRANSPORTE DE PACIENTES|2110 - MANUTENÇÃO DO SETOR DE TRANSPORTE||3.1.90.16.00 - 3.1.90.16.00|102 - RECEITAS DE IMPOSTOS E DE TRANSFERÊNCIAS DE IMPOSTOS VINCULADOS À SAÚDE|NÃO SE APLICA|6173|20201228|10070.0|0.0|0.0|10070.0|0.0|10070.0|0.0|0.0|0.0|0.0|0.0
3110004|303|02|382323|2020|9|10 - SAÚDE|301 - ATENÇÃO BÁSICA|0029 - ATENÇÃO BÁSICA|2063 - MANUTENÇÃO DA ATENÇÃO BÁSICA||3.1.90.04.99 - 3.1.90.04.99|102 - RECEITAS DE IMPOSTOS E DE TRANSFERÊNCIAS DE IMPOSTOS VINCULADOS À SAÚDE|NÃO SE APLICA|4590|20200930|39653.52|0.0|0.0|39653.52|0.0|39653.52|0.0|0.0|0.0|0.0|0.0
3110004|303|02|382334|2020|6|10 - SAÚDE|122 - ADMINISTRAÇÃO GERAL|0047 - MANUTENÇÃO DO SERVIÇO DE TRANSPORTE DE PACIENTES|2110 - MANUTENÇÃO DO SETOR DE TRANSPORTE||3.1.90.04.99 - 3.1.90.04.99|102 - RECEITAS DE IMPOSTOS E DE TRANSFERÊNCIAS DE IMPOSTOS VINCULADOS À SAÚDE|NÃO SE APLICA|3027|20200630|8908.23|0.0|0.0|8908.23|0.0|8908.23|0.0|0.0|0.0|0.0|0.0
3110004|303|02|382334|2020|11|10 - SAÚDE|122 - ADMINISTRAÇÃO GERAL|0047 - MANUTENÇÃO DO SERVIÇO DE TRANSPORTE DE PACIENTES|2110 - MANUTENÇÃO DO SETOR DE TRANSPORTE||3.3.90.14.05 - 3.3.90.14.05|102 - RECEITAS DE IMPOSTOS E DE TRANSFERÊNCIAS DE IMPOSTOS VINCULADOS À SAÚDE|NÃO SE APLICA|5216|20201029|0.0|0.0|0.0|0.0|0.0|23.6|0.0|0.0|0.0|-23.6|0.0
3110004|303|02|382323|2020|1|10 - SAÚDE|301 - ATENÇÃO BÁSICA|0029 - ATENÇÃO BÁSICA|2063 - MANUTENÇÃO DA ATENÇÃO BÁSICA||3.1.90.04.99 - 3.1.90.04.99|102 - RECEITAS DE IMPOSTOS E DE TRANSFERÊNCIAS DE IMPOSTOS VINCULADOS À SAÚDE|NÃO SE APLICA|431|20200130|5287.85|0.0|0.0|5287.85|0.0|5287.85|0.0|0.0|0.0|0.0|0.0
3110004|303|02|382334|2020|11|10 - SAÚDE|122 - ADMINISTRAÇÃO GERAL|0040 - GESTÃO DA SECRETARIA DE SAÚDE|2431 - REMUNERAÇÃO DE ESTAGIÁRIOS||3.3.90.36.07 - 3.3.90.36.07|102 - RECEITAS DE IMPOSTOS E DE TRANSFERÊNCIAS DE IMPOSTOS VINCULADOS À SAÚDE|NÃO SE APLICA|5456|20201127|1661.34|0.0|0.0|1661.34|0.0|1661.34|0.0|0.0|0.0|0.0|0.0
3110004|303|02|382323|2020|3|10 - SAÚDE|302 - ASSISTÊNCIA HOSPITALAR E AMBULATORIAL|0048 - URGÊNCIA E EMERGÊNCIA|2403 - MANUTENÇÃO DO SAMU||3.1.90.11.11 - 3.1.90.11.11|102 - RECEITAS DE IMPOSTOS E DE TRANSFERÊNCIAS DE IMPOSTOS VINCULADOS À SAÚDE|NÃO SE APLICA|1591|20200327|10960.27|0.0|0.0|10960.27|0.0|10960.27|0.0|0.0|0.0|0.0|0.0
3110004|303|02|382334|2020|3|10 - SAÚDE|122 - ADMINISTRAÇÃO GERAL|0040 - GESTÃO DA SECRETARIA DE SAÚDE|2089 - MANUTENÇÃO DA SECRETARIA DE SAÚDE||3.1.90.13.01 - 3.1.90.13.01|102 - RECEITAS DE IMPOSTOS E DE TRANSFERÊNCIAS DE IMPOSTOS VINCULADOS À SAÚDE|NÃO SE APLICA|1169|20200221|0.0|0.0|0.0|0.0|0.0|1416.33|0.0|0.0|0.0|-1416.33|0.0
3110004|303|02|382323|2020|5|10 - SAÚDE|302 - ASSISTÊNCIA HOSPITALAR E AMBULATORIAL|0028 - CENTRO DE ESPECIALIDADES EM SAÚDE|2059 - MANUTENÇÃO DO CENTRO ESPECIALIDADES EM SAÚDE||3.3.90.39.36 - 3.3.90.39.36|102 - RECEITAS DE IMPOSTOS E DE TRANSFERÊNCIAS DE IMPOSTOS VINCULADOS À SAÚDE|NÃO SE APLICA|293|20200124|0.0|0.0|0.0|2300.0|0.0|2300.0|0.0|0.0|0.0|0.0|-2300.0
3110004|303|02|382334|2020|7|10 - SAÚDE|122 - ADMINISTRAÇÃO GERAL|0040 - GESTÃO DA SECRETARIA DE SAÚDE|2089 - MANUTENÇÃO DA SECRETARIA DE SAÚDE||3.1.90.13.03 - 3.1.90.13.03|102 - RECEITAS DE IMPOSTOS E DE TRANSFERÊNCIAS DE IMPOSTOS VINCULADOS À SAÚDE|NÃO SE APLICA|3653|20200731|6867.89|0.0|0.0|6867.89|0.0|48.62|0.0|0.0|0.0|6819.27|0.0
3110004|303|02|382334|2020|6|10 - SAÚDE|122 - ADMINISTRAÇÃO GERAL|0047 - MANUTENÇÃO DO SERVIÇO DE TRANSPORTE DE PACIENTES|2110 - MANUTENÇÃO DO SETOR DE TRANSPORTE||3.3.90.14.05 - 3.3.90.14.05|102 - RECEITAS DE IMPOSTOS E DE TRANSFERÊNCIAS DE IMPOSTOS VINCULADOS À SAÚDE|NÃO SE APLICA|2322|20200513|0.0|0.0|0.0|0.0|0.0|944.0|0.0|0.0|0.0|-944.0|0.0
3110004|303|02|382323|2020|11|10 - SAÚDE|122 - ADMINISTRAÇÃO GERAL|0042 - SERVIÇO DE REGULAÇÃO EM SAÚDE|2094 - MANUTENÇÃO DA REGULAÇÃO EM SAÚDE||3.1.90.13.03 - 3.1.90.13.03|102 - RECEITAS DE IMPOSTOS E DE TRANSFERÊNCIAS DE IMPOSTOS VINCULADOS À SAÚDE|NÃO SE APLICA|5185|20201029|0.0|0.0|0.0|0.0|0.0|2915.3|0.0|0.0|0.0|-2915.3|0.0
3110004|303|02|382334|2020|11|10 - SAÚDE|122 - ADMINISTRAÇÃO GERAL|0047 - MANUTENÇÃO DO SERVIÇO DE TRANSPORTE DE PACIENTES|2110 - MANUTENÇÃO DO SETOR DE TRANSPORTE||3.3.90.14.05 - 3.3.90.14.05|102 - RECEITAS DE IMPOSTOS E DE TRANSFERÊNCIAS DE IMPOSTOS VINCULADOS À SAÚDE|NÃO SE APLICA|5212|20201029|0.0|0.0|0.0|0.0|0.0|23.6|0.0|0.0|0.0|-23.6|0.0
3110004|303|02|382334|2020|9|10 - SAÚDE|122 - ADMINISTRAÇÃO GERAL|0047 - MANUTENÇÃO DO SERVIÇO DE TRANSPORTE DE PACIENTES|2110 - MANUTENÇÃO DO SETOR DE TRANSPORTE||3.3.90.14.05 - 3.3.90.14.05|102 - RECEITAS DE IMPOSTOS E DE TRANSFERÊNCIAS DE IMPOSTOS VINCULADOS À SAÚDE|NÃO SE APLICA|4731|20200930|944.0|0.0|0.0|944.0|0.0|0.0|0.0|0.0|0.0|944.0|0.0
3110004|303|02|382323|2020|11|10 - SAÚDE|302 - ASSISTÊNCIA HOSPITALAR E AMBULATORIAL|0039 - GESTÃO DA FISIOTERAPIA|2086 - MANUTENÇÃO DO SETOR DA FISIOTERAPIA||3.1.90.13.03 - 3.1.90.13.03|102 - RECEITAS DE IMPOSTOS E DE TRANSFERÊNCIAS DE IMPOSTOS VINCULADOS À SAÚDE|NÃO SE APLICA|5606|20201127|4043.98|0.0|0.0|4043.98|0.0|3595.11|0.0|0.0|0.0|448.87|0.0
3110004|303|02|382334|2020|10|10 - SAÚDE|122 - ADMINISTRAÇÃO GERAL|0047 - MANUTENÇÃO DO SERVIÇO DE TRANSPORTE DE PACIENTES|2110 - MANUTENÇÃO DO SETOR DE TRANSPORTE||3.1.90.13.01 - 3.1.90.13.01|102 - RECEITAS DE IMPOSTOS E DE TRANSFERÊNCIAS DE IMPOSTOS VINCULADOS À SAÚDE|NÃO SE APLICA|5161|20201029|3306.88|0.0|0.0|3306.88|0.0|0.0|0.0|0.0|0.0|3306.88|0.0
3110004|303|02|382323|2020|6|10 - SAÚDE|301 - ATENÇÃO BÁSICA|0029 - ATENÇÃO BÁSICA|2063 - MANUTENÇÃO DA ATENÇÃO BÁSICA||3.1.90.04.99 - 3.1.90.04.99|102 - RECEITAS DE IMPOSTOS E DE TRANSFERÊNCIAS DE IMPOSTOS VINCULADOS À SAÚDE|NÃO SE APLICA|3051|20200630|1579.77|0.0|0.0|1579.77|0.0|1579.77|0.0|0.0|0.0|0.0|0.0
3110004|303|02|382334|2020|6|10 - SAÚDE|122 - ADMINISTRAÇÃO GERAL|0047 - MANUTENÇÃO DO SERVIÇO DE TRANSPORTE DE PACIENTES|2110 - MANUTENÇÃO DO SETOR DE TRANSPORTE||3.3.90.14.05 - 3.3.90.14.05|102 - RECEITAS DE IMPOSTOS E DE TRANSFERÊNCIAS DE IMPOSTOS VINCULADOS À SAÚDE|NÃO SE APLICA|2890|20200623|1416.0|0.0|0.0|1416.0|0.0|0.0|0.0|0.0|0.0|1416.0|0.0
3110004|303|02|382334|2020|11|10 - SAÚDE|122 - ADMINISTRAÇÃO GERAL|0047 - MANUTENÇÃO DO SERVIÇO DE TRANSPORTE DE PACIENTES|2110 - MANUTENÇÃO DO SETOR DE TRANSPORTE||3.3.90.14.05 - 3.3.90.14.05|102 - RECEITAS DE IMPOSTOS E DE TRANSFERÊNCIAS DE IMPOSTOS VINCULADOS À SAÚDE|NÃO SE APLICA|5242|20201104|47.2|0.0|0.0|47.2|0.0|47.2|0.0|0.0|0.0|0.0|0.0
3110004|303|02|382334|2020|5|10 - SAÚDE|122 - ADMINISTRAÇÃO GERAL|0047 - MANUTENÇÃO DO SERVIÇO DE TRANSPORTE DE PACIENTES|2110 - MANUTENÇÃO DO SETOR DE TRANSPORTE||3.3.90.14.05 - 3.3.90.14.05|102 - RECEITAS DE IMPOSTOS E DE TRANSFERÊNCIAS DE IMPOSTOS VINCULADOS À SAÚDE|NÃO SE APLICA|2327|20200513|1416.0|0.0|0.0|1416.0|0.0|0.0|0.0|0.0|0.0|1416.0|0.0
3110004|303|02|382323|2020|12|10 - SAÚDE|302 - ASSISTÊNCIA HOSPITALAR E AMBULATORIAL|0039 - GESTÃO DA FISIOTERAPIA|2086 - MANUTENÇÃO DO SETOR DA FISIOTERAPIA||3.1.90.13.03 - 3.1.90.13.03|102 - RECEITAS DE IMPOSTOS E DE TRANSFERÊNCIAS DE IMPOSTOS VINCULADOS À SAÚDE|NÃO SE APLICA|5606|20201127|0.0|0.0|0.0|0.0|0.0|448.87|0.0|0.0|0.0|-448.87|0.0
3110004|303|02|382323|2020|4|10 - SAÚDE|302 - ASSISTÊNCIA HOSPITALAR E AMBULATORIAL|0048 - URGÊNCIA E EMERGÊNCIA|2403 - MANUTENÇÃO DO SAMU||3.3.90.14.05 - 3.3.90.14.05|102 - RECEITAS DE IMPOSTOS E DE TRANSFERÊNCIAS DE IMPOSTOS VINCULADOS À SAÚDE|NÃO SE APLICA|1903|20200417|70.8|0.0|0.0|70.8|0.0|70.8|0.0|0.0|0.0|0.0|0.0
3110004|303|02|382323|2020|1|10 - SAÚDE|302 - ASSISTÊNCIA HOSPITALAR E AMBULATORIAL|0080 - SAÚDE MENTAL|2104 - MANUTENÇÃO DO SETOR DE SAÚDE MENTAL||3.1.90.13.01 - 3.1.90.13.01|102 - RECEITAS DE IMPOSTOS E DE TRANSFERÊNCIAS DE IMPOSTOS VINCULADOS À SAÚDE|NÃO SE APLICA|547|20200130|1648.61|0.0|0.0|1648.61|0.0|0.0|0.0|0.0|0.0|1648.61|0.0
3110004|303|02|382323|2020|7|10 - SAÚDE|302 - ASSISTÊNCIA HOSPITALAR E AMBULATORIAL|0043 - SAÚDE BUCAL|2099 - MANUTENÇÃO DO SETOR DE SAÚDE BUCAL||3.1.90.04.99 - 3.1.90.04.99|102 - RECEITAS DE IMPOSTOS E DE TRANSFERÊNCIAS DE IMPOSTOS VINCULADOS À SAÚDE|NÃO SE APLICA|3569|20200731|11639.75|0.0|0.0|11639.75|0.0|11639.75|0.0|0.0|0.0|0.0|0.0
3110004|303|02|382323|2020|5|10 - SAÚDE|302 - ASSISTÊNCIA HOSPITALAR E AMBULATORIAL|0028 - CENTRO DE ESPECIALIDADES EM SAÚDE|2059 - MANUTENÇÃO DO CENTRO ESPECIALIDADES EM SAÚDE||3.1.90.13.03 - 3.1.90.13.03|102 - RECEITAS DE IMPOSTOS E DE TRANSFERÊNCIAS DE IMPOSTOS VINCULADOS À SAÚDE|NÃO SE APLICA|2655|20200529|15155.71|0.0|0.0|15155.71|0.0|1694.98|0.0|0.0|0.0|13460.73|0.0
3110004|303|02|382323|2020|5|10 - SAÚDE|301 - ATENÇÃO BÁSICA|0029 - ATENÇÃO BÁSICA|2063 - MANUTENÇÃO DA ATENÇÃO BÁSICA||3.1.90.13.01 - 3.1.90.13.01|102 - RECEITAS DE IMPOSTOS E DE TRANSFERÊNCIAS DE IMPOSTOS VINCULADOS À SAÚDE|NÃO SE APLICA|2158|20200429|0.0|0.0|0.0|0.0|0.0|381.76|0.0|0.0|0.0|-381.76|0.0
3110004|303|02|382334|2020|12|10 - SAÚDE|122 - ADMINISTRAÇÃO GERAL|0047 - MANUTENÇÃO DO SERVIÇO DE TRANSPORTE DE PACIENTES|2110 - MANUTENÇÃO DO SETOR DE TRANSPORTE||3.3.90.14.05 - 3.3.90.14.05|102 - RECEITAS DE IMPOSTOS E DE TRANSFERÊNCIAS DE IMPOSTOS VINCULADOS À SAÚDE|NÃO SE APLICA|5632|20201127|0.0|0.0|0.0|0.0|0.0|944.0|0.0|0.0|0.0|-944.0|0.0
3110004|303|02|382323|2020|1|10 - SAÚDE|301 - ATENÇÃO BÁSICA|0029 - ATENÇÃO BÁSICA|2063 - MANUTENÇÃO DA ATENÇÃO BÁSICA||3.1.90.13.03 - 3.1.90.13.03|102 - RECEITAS DE IMPOSTOS E DE TRANSFERÊNCIAS DE IMPOSTOS VINCULADOS À SAÚDE|NÃO SE APLICA|537|20200130|2379.24|0.0|0.0|2379.24|0.0|0.0|0.0|0.0|0.0|2379.24|0.0
3110004|303|02|382334|2020|7|10 - SAÚDE|122 - ADMINISTRAÇÃO GERAL|0040 - GESTÃO DA SECRETARIA DE SAÚDE|2089 - MANUTENÇÃO DA SECRETARIA DE SAÚDE||3.1.90.11.11 - 3.1.90.11.11|102 - RECEITAS DE IMPOSTOS E DE TRANSFERÊNCIAS DE IMPOSTOS VINCULADOS À SAÚDE|NÃO SE APLICA|3535|20200731|17029.2|0.0|0.0|17029.2|0.0|17029.2|0.0|0.0|0.0|0.0|0.0
3110004|303|02|382323|2020|8|10 - SAÚDE|302 - ASSISTÊNCIA HOSPITALAR E AMBULATORIAL|0048 - URGÊNCIA E EMERGÊNCIA|2112 - MANUTENÇÃO DA URGÊNCIA E EMERGÊNCIA||3.3.50.43.00 - 3.3.50.43.00|102 - RECEITAS DE IMPOSTOS E DE TRANSFERÊNCIAS DE IMPOSTOS VINCULADOS À SAÚDE|NÃO SE APLICA|2798|20200615|0.0|0.0|0.0|353549.48|0.0|353549.48|0.0|0.0|0.0|0.0|-353549.48
3110004|303|02|382334|2020|11|10 - SAÚDE|122 - ADMINISTRAÇÃO GERAL|0047 - MANUTENÇÃO DO SERVIÇO DE TRANSPORTE DE PACIENTES|2110 - MANUTENÇÃO DO SETOR DE TRANSPORTE||3.3.90.14.05 - 3.3.90.14.05|102 - RECEITAS DE IMPOSTOS E DE TRANSFERÊNCIAS DE IMPOSTOS VINCULADOS À SAÚDE|NÃO SE APLICA|5245|20201104|23.6|0.0|0.0|23.6|0.0|23.6|0.0|0.0|0.0|0.0|0.0
3110004|303|02|382334|2020|8|10 - SAÚDE|122 - ADMINISTRAÇÃO GERAL|0040 - GESTÃO DA SECRETARIA DE SAÚDE|2089 - MANUTENÇÃO DA SECRETARIA DE SAÚDE||3.1.90.94.01 - 3.1.90.94.01|102 - RECEITAS DE IMPOSTOS E DE TRANSFERÊNCIAS DE IMPOSTOS VINCULADOS À SAÚDE|NÃO SE APLICA|3845|20200814|2894.76|0.0|0.0|2894.76|0.0|2894.76|0.0|0.0|0.0|0.0|0.0
3110004|303|02|382334|2020|11|10 - SAÚDE|122 - ADMINISTRAÇÃO GERAL|0047 - MANUTENÇÃO DO SERVIÇO DE TRANSPORTE DE PACIENTES|2110 - MANUTENÇÃO DO SETOR DE TRANSPORTE||3.3.90.14.05 - 3.3.90.14.05|102 - RECEITAS DE IMPOSTOS E DE TRANSFERÊNCIAS DE IMPOSTOS VINCULADOS À SAÚDE|NÃO SE APLICA|5373|20201125|944.0|0.0|0.0|944.0|0.0|944.0|0.0|0.0|0.0|0.0|0.0
3110004|303|02|382334|2020|4|10 - SAÚDE|122 - ADMINISTRAÇÃO GERAL|0047 - MANUTENÇÃO DO SERVIÇO DE TRANSPORTE DE PACIENTES|2110 - MANUTENÇÃO DO SETOR DE TRANSPORTE||3.3.90.14.05 - 3.3.90.14.05|102 - RECEITAS DE IMPOSTOS E DE TRANSFERÊNCIAS DE IMPOSTOS VINCULADOS À SAÚDE|NÃO SE APLICA|1929|20200422|47.2|0.0|0.0|47.2|0.0|47.2|0.0|0.0|0.0|0.0|0.0
3110004|303|02|382323|2020|8|10 - SAÚDE|302 - ASSISTÊNCIA HOSPITALAR E AMBULATORIAL|0028 - CENTRO DE ESPECIALIDADES EM SAÚDE|2059 - MANUTENÇÃO DO CENTRO ESPECIALIDADES EM SAÚDE||3.3.90.39.36 - 3.3.90.39.36|102 - RECEITAS DE IMPOSTOS E DE TRANSFERÊNCIAS DE IMPOSTOS VINCULADOS À SAÚDE|NÃO SE APLICA|1440|20200318|0.0|0.0|0.0|5500.0|0.0|5500.0|0.0|0.0|0.0|0.0|-5500.0
3110004|303|02|382334|2020|8|10 - SAÚDE|122 - ADMINISTRAÇÃO GERAL|0040 - GESTÃO DA SECRETARIA DE SAÚDE|2089 - MANUTENÇÃO DA SECRETARIA DE SAÚDE||3.1.90.11.09 - 3.1.90.11.09|102 - RECEITAS DE IMPOSTOS E DE TRANSFERÊNCIAS DE IMPOSTOS VINCULADOS À SAÚDE|NÃO SE APLICA|4015|20200828|10679.78|0.0|0.0|10679.78|0.0|10679.78|0.0|0.0|0.0|0.0|0.0
3110004|303|02|382323|2020|7|10 - SAÚDE|122 - ADMINISTRAÇÃO GERAL|0032 - ASSISTÊNCIA FARMACÊUTCA|2069 - MANUTENÇÃO DA FARMÁCIA BÁSICA||3.3.90.36.14 - 3.3.90.36.14|102 - RECEITAS DE IMPOSTOS E DE TRANSFERÊNCIAS DE IMPOSTOS VINCULADOS À SAÚDE|NÃO SE APLICA|761|20200210|0.0|0.0|0.0|1931.72|0.0|1931.72|0.0|0.0|0.0|0.0|-1931.72
3110004|303|02|382323|2020|3|10 - SAÚDE|302 - ASSISTÊNCIA HOSPITALAR E AMBULATORIAL|0028 - CENTRO DE ESPECIALIDADES EM SAÚDE|2059 - MANUTENÇÃO DO CENTRO ESPECIALIDADES EM SAÚDE||3.1.90.11.11 - 3.1.90.11.11|102 - RECEITAS DE IMPOSTOS E DE TRANSFERÊNCIAS DE IMPOSTOS VINCULADOS À SAÚDE|NÃO SE APLICA|1587|20200327|57749.61|0.0|0.0|57749.61|0.0|57749.61|0.0|0.0|0.0|0.0|0.0
3110004|303|02|382323|2020|2|10 - SAÚDE|302 - ASSISTÊNCIA HOSPITALAR E AMBULATORIAL|0039 - GESTÃO DA FISIOTERAPIA|2086 - MANUTENÇÃO DO SETOR DA FISIOTERAPIA||3.1.90.13.03 - 3.1.90.13.03|102 - RECEITAS DE IMPOSTOS E DE TRANSFERÊNCIAS DE IMPOSTOS VINCULADOS À SAÚDE|NÃO SE APLICA|542|20200130|0.0|0.0|0.0|0.0|0.0|1417.08|0.0|0.0|0.0|-1417.08|0.0
3110004|303|02|382323|2020|6|10 - SAÚDE|302 - ASSISTÊNCIA HOSPITALAR E AMBULATORIAL|0028 - CENTRO DE ESPECIALIDADES EM SAÚDE|2059 - MANUTENÇÃO DO CENTRO ESPECIALIDADES EM SAÚDE||3.3.90.39.36 - 3.3.90.39.36|102 - RECEITAS DE IMPOSTOS E DE TRANSFERÊNCIAS DE IMPOSTOS VINCULADOS À SAÚDE|NÃO SE APLICA|575|20200130|0.0|0.0|0.0|1820.0|0.0|1820.0|0.0|0.0|0.0|0.0|-1820.0
3110004|303|02|382323|2020|2|10 - SAÚDE|302 - ASSISTÊNCIA HOSPITALAR E AMBULATORIAL|0080 - SAÚDE MENTAL|2104 - MANUTENÇÃO DO SETOR DE SAÚDE MENTAL||3.1.90.11.05 - 3.1.90.11.05|102 - RECEITAS DE IMPOSTOS E DE TRANSFERÊNCIAS DE IMPOSTOS VINCULADOS À SAÚDE|NÃO SE APLICA|1107|20200221|2811.04|0.0|0.0|2811.04|0.0|2811.04|0.0|0.0|0.0|0.0|0.0
3110004|303|02|382323|2020|9|10 - SAÚDE|302 - ASSISTÊNCIA HOSPITALAR E AMBULATORIAL|0113 - CONSÓRCIO INTERMUNICIPAL ALIANÇA PELA SAÚDE|2394 - MANUTENÇÃO DAS AÇÕES DO CONSÓRCIO||3.1.71.70.00 - 3.1.71.70.00|102 - RECEITAS DE IMPOSTOS E DE TRANSFERÊNCIAS DE IMPOSTOS VINCULADOS À SAÚDE|NÃO SE APLICA|702|20200207|0.0|0.0|0.0|12869.33|0.0|12869.33|0.0|0.0|0.0|0.0|-12869.33
3110004|303|02|382334|2020|6|10 - SAÚDE|122 - ADMINISTRAÇÃO GERAL|0047 - MANUTENÇÃO DO SERVIÇO DE TRANSPORTE DE PACIENTES|2110 - MANUTENÇÃO DO SETOR DE TRANSPORTE||3.3.90.14.05 - 3.3.90.14.05|102 - RECEITAS DE IMPOSTOS E DE TRANSFERÊNCIAS DE IMPOSTOS VINCULADOS À SAÚDE|NÃO SE APLICA|2935|20200624|165.2|0.0|0.0|165.2|0.0|165.2|0.0|0.0|0.0|0.0|0.0
3110004|303|02|382323|2020|6|10 - SAÚDE|302 - ASSISTÊNCIA HOSPITALAR E AMBULATORIAL|0048 - URGÊNCIA E EMERGÊNCIA|2403 - MANUTENÇÃO DO SAMU||3.1.90.13.03 - 3.1.90.13.03|102 - RECEITAS DE IMPOSTOS E DE TRANSFERÊNCIAS DE IMPOSTOS VINCULADOS À SAÚDE|NÃO SE APLICA|2661|20200529|0.0|0.0|0.0|0.0|0.0|5595.82|0.0|0.0|0.0|-5595.82|0.0
3110004|303|02|382334|2020|7|10 - SAÚDE|122 - ADMINISTRAÇÃO GERAL|0047 - MANUTENÇÃO DO SERVIÇO DE TRANSPORTE DE PACIENTES|2110 - MANUTENÇÃO DO SETOR DE TRANSPORTE||3.3.90.14.05 - 3.3.90.14.05|102 - RECEITAS DE IMPOSTOS E DE TRANSFERÊNCIAS DE IMPOSTOS VINCULADOS À SAÚDE|NÃO SE APLICA|3447|20200727|212.4|0.0|0.0|212.4|0.0|0.0|0.0|0.0|0.0|212.4|0.0
3110004|303|02|382334|2020|6|10 - SAÚDE|122 - ADMINISTRAÇÃO GERAL|0047 - MANUTENÇÃO DO SERVIÇO DE TRANSPORTE DE PACIENTES|2110 - MANUTENÇÃO DO SETOR DE TRANSPORTE||3.3.90.14.05 - 3.3.90.14.05|102 - RECEITAS DE IMPOSTOS E DE TRANSFERÊNCIAS DE IMPOSTOS VINCULADOS À SAÚDE|NÃO SE APLICA|2889|20200623|212.4|0.0|0.0|212.4|0.0|0.0|0.0|0.0|0.0|212.4|0.0
3110004|303|02|382334|2020|10|10 - SAÚDE|122 - ADMINISTRAÇÃO GERAL|0040 - GESTÃO DA SECRETARIA DE SAÚDE|2089 - MANUTENÇÃO DA SECRETARIA DE SAÚDE||3.1.90.11.11 - 3.1.90.11.11|102 - RECEITAS DE IMPOSTOS E DE TRANSFERÊNCIAS DE IMPOSTOS VINCULADOS À SAÚDE|NÃO SE APLICA|5041|20201029|17353.48|0.0|0.0|17353.48|0.0|17353.48|0.0|0.0|0.0|0.0|0.0
3110004|303|02|382334|2020|5|10 - SAÚDE|122 - ADMINISTRAÇÃO GERAL|0047 - MANUTENÇÃO DO SERVIÇO DE TRANSPORTE DE PACIENTES|2110 - MANUTENÇÃO DO SETOR DE TRANSPORTE||3.1.90.16.00 - 3.1.90.16.00|102 - RECEITAS DE IMPOSTOS E DE TRANSFERÊNCIAS DE IMPOSTOS VINCULADOS À SAÚDE|NÃO SE APLICA|2515|20200529|12284.93|0.0|0.0|12284.93|0.0|12284.93|0.0|0.0|0.0|0.0|0.0
3110004|303|02|382323|2020|4|10 - SAÚDE|302 - ASSISTÊNCIA HOSPITALAR E AMBULATORIAL|0048 - URGÊNCIA E EMERGÊNCIA|2403 - MANUTENÇÃO DO SAMU||3.1.90.16.00 - 3.1.90.16.00|102 - RECEITAS DE IMPOSTOS E DE TRANSFERÊNCIAS DE IMPOSTOS VINCULADOS À SAÚDE|NÃO SE APLICA|2064|20200429|7586.39|0.0|0.0|7586.39|0.0|7586.39|0.0|0.0|0.0|0.0|0.0
3110004|303|02|382334|2020|4|10 - SAÚDE|122 - ADMINISTRAÇÃO GERAL|0040 - GESTÃO DA SECRETARIA DE SAÚDE|2089 - MANUTENÇÃO DA SECRETARIA DE SAÚDE||3.3.90.39.43 - 3.3.90.39.43|102 - RECEITAS DE IMPOSTOS E DE TRANSFERÊNCIAS DE IMPOSTOS VINCULADOS À SAÚDE|NÃO SE APLICA|193|20200115|0.0|0.0|0.0|4580.54|0.0|4671.01|0.0|0.0|0.0|-90.47|-4580.54
3110004|303|02|382323|2020|8|10 - SAÚDE|302 - ASSISTÊNCIA HOSPITALAR E AMBULATORIAL|0043 - SAÚDE BUCAL|2099 - MANUTENÇÃO DO SETOR DE SAÚDE BUCAL||3.1.90.13.01 - 3.1.90.13.01|102 - RECEITAS DE IMPOSTOS E DE TRANSFERÊNCIAS DE IMPOSTOS VINCULADOS À SAÚDE|NÃO SE APLICA|4166|20200828|1253.25|0.0|0.0|1253.25|0.0|0.0|0.0|0.0|0.0|1253.25|0.0
3110004|303|02|382334|2020|10|10 - SAÚDE|122 - ADMINISTRAÇÃO GERAL|0047 - MANUTENÇÃO DO SERVIÇO DE TRANSPORTE DE PACIENTES|2110 - MANUTENÇÃO DO SETOR DE TRANSPORTE||3.3.90.14.05 - 3.3.90.14.05|102 - RECEITAS DE IMPOSTOS E DE TRANSFERÊNCIAS DE IMPOSTOS VINCULADOS À SAÚDE|NÃO SE APLICA|5214|20201029|47.2|0.0|0.0|47.2|0.0|0.0|0.0|0.0|0.0|47.2|0.0
3110004|303|02|382334|2020|11|10 - SAÚDE|122 - ADMINISTRAÇÃO GERAL|0040 - GESTÃO DA SECRETARIA DE SAÚDE|2089 - MANUTENÇÃO DA SECRETARIA DE SAÚDE||3.3.90.30.16 - 3.3.90.30.16|102 - RECEITAS DE IMPOSTOS E DE TRANSFERÊNCIAS DE IMPOSTOS VINCULADOS À SAÚDE|NÃO SE APLICA|5667|20201130|1195.3|0.0|0.0|0.0|0.0|0.0|0.0|0.0|0.0|0.0|1195.3
3110004|303|02|382334|2020|3|10 - SAÚDE|122 - ADMINISTRAÇÃO GERAL|0040 - GESTÃO DA SECRETARIA DE SAÚDE|2089 - MANUTENÇÃO DA SECRETARIA DE SAÚDE||3.1.90.11.05 - 3.1.90.11.05|102 - RECEITAS DE IMPOSTOS E DE TRANSFERÊNCIAS DE IMPOSTOS VINCULADOS À SAÚDE|NÃO SE APLICA|1549|20200327|3772.73|0.0|0.0|3772.73|0.0|3772.73|0.0|0.0|0.0|0.0|0.0
3110004|303|02|382334|2020|9|10 - SAÚDE|122 - ADMINISTRAÇÃO GERAL|0040 - GESTÃO DA SECRETARIA DE SAÚDE|2089 - MANUTENÇÃO DA SECRETARIA DE SAÚDE||3.1.90.11.11 - 3.1.90.11.11|102 - RECEITAS DE IMPOSTOS E DE TRANSFERÊNCIAS DE IMPOSTOS VINCULADOS À SAÚDE|NÃO SE APLICA|4562|20200930|15859.47|0.0|0.0|15859.47|0.0|15859.47|0.0|0.0|0.0|0.0|0.0
3110004|303|02|382323|2020|12|10 - SAÚDE|301 - ATENÇÃO BÁSICA|0029 - ATENÇÃO BÁSICA|2063 - MANUTENÇÃO DA ATENÇÃO BÁSICA||3.1.90.13.03 - 3.1.90.13.03|102 - RECEITAS DE IMPOSTOS E DE TRANSFERÊNCIAS DE IMPOSTOS VINCULADOS À SAÚDE|NÃO SE APLICA|5933|20201214|40734.44|0.0|0.0|40734.44|0.0|40734.44|0.0|0.0|0.0|0.0|0.0
3110004|303|02|382323|2020|7|10 - SAÚDE|302 - ASSISTÊNCIA HOSPITALAR E AMBULATORIAL|0080 - SAÚDE MENTAL|2104 - MANUTENÇÃO DO SETOR DE SAÚDE MENTAL||3.1.90.13.01 - 3.1.90.13.01|102 - RECEITAS DE IMPOSTOS E DE TRANSFERÊNCIAS DE IMPOSTOS VINCULADOS À SAÚDE|NÃO SE APLICA|3175|20200630|0.0|0.0|0.0|0.0|0.0|2118.64|0.0|0.0|0.0|-2118.64|0.0
3110004|303|02|382334|2020|12|10 - SAÚDE|122 - ADMINISTRAÇÃO GERAL|0047 - MANUTENÇÃO DO SERVIÇO DE TRANSPORTE DE PACIENTES|2110 - MANUTENÇÃO DO SETOR DE TRANSPORTE||3.1.90.13.03 - 3.1.90.13.03|102 - RECEITAS DE IMPOSTOS E DE TRANSFERÊNCIAS DE IMPOSTOS VINCULADOS À SAÚDE|NÃO SE APLICA|5919|20201214|14448.85|0.0|0.0|14448.85|0.0|14448.85|0.0|0.0|0.0|0.0|0.0
3110004|303|02|382334|2020|2|10 - SAÚDE|122 - ADMINISTRAÇÃO GERAL|0047 - MANUTENÇÃO DO SERVIÇO DE TRANSPORTE DE PACIENTES|2110 - MANUTENÇÃO DO SETOR DE TRANSPORTE||3.3.90.39.99 - 3.3.90.39.99|102 - RECEITAS DE IMPOSTOS E DE TRANSFERÊNCIAS DE IMPOSTOS VINCULADOS À SAÚDE|NÃO SE APLICA|272|20200124|0.0|0.0|0.0|56707.93|0.0|29628.45|0.0|0.0|0.0|27079.48|-56707.93
3110004|303|02|382323|2020|7|10 - SAÚDE|302 - ASSISTÊNCIA HOSPITALAR E AMBULATORIAL|0039 - GESTÃO DA FISIOTERAPIA|2086 - MANUTENÇÃO DO SETOR DA FISIOTERAPIA||3.1.90.11.11 - 3.1.90.11.11|102 - RECEITAS DE IMPOSTOS E DE TRANSFERÊNCIAS DE IMPOSTOS VINCULADOS À SAÚDE|NÃO SE APLICA|3568|20200731|14851.29|0.0|0.0|14851.29|0.0|14851.29|0.0|0.0|0.0|0.0|0.0
3110004|303|02|382334|2020|11|10 - SAÚDE|122 - ADMINISTRAÇÃO GERAL|0047 - MANUTENÇÃO DO SERVIÇO DE TRANSPORTE DE PACIENTES|2110 - MANUTENÇÃO DO SETOR DE TRANSPORTE||3.3.90.14.05 - 3.3.90.14.05|102 - RECEITAS DE IMPOSTOS E DE TRANSFERÊNCIAS DE IMPOSTOS VINCULADOS À SAÚDE|NÃO SE APLICA|5639|20201127|283.2|0.0|0.0|283.2|0.0|0.0|0.0|0.0|0.0|283.2|0.0
3110004|303|02|382323|2020|6|10 - SAÚDE|122 - ADMINISTRAÇÃO GERAL|0032 - ASSISTÊNCIA FARMACÊUTCA|2069 - MANUTENÇÃO DA FARMÁCIA BÁSICA||3.3.90.30.09 - 3.3.90.30.09|102 - RECEITAS DE IMPOSTOS E DE TRANSFERÊNCIAS DE IMPOSTOS VINCULADOS À SAÚDE|NÃO SE APLICA|2734|20200608|589.9|0.0|0.0|0.0|0.0|0.0|0.0|0.0|0.0|0.0|589.9
3110004|303|02|382334|2020|5|10 - SAÚDE|122 - ADMINISTRAÇÃO GERAL|0047 - MANUTENÇÃO DO SERVIÇO DE TRANSPORTE DE PACIENTES|2110 - MANUTENÇÃO DO SETOR DE TRANSPORTE||3.3.90.14.05 - 3.3.90.14.05|102 - RECEITAS DE IMPOSTOS E DE TRANSFERÊNCIAS DE IMPOSTOS VINCULADOS À SAÚDE|NÃO SE APLICA|2328|20200513|424.8|0.0|0.0|424.8|0.0|424.8|0.0|0.0|0.0|0.0|0.0
3110004|303|02|382334|2020|6|10 - SAÚDE|122 - ADMINISTRAÇÃO GERAL|0040 - GESTÃO DA SECRETARIA DE SAÚDE|2089 - MANUTENÇÃO DA SECRETARIA DE SAÚDE||3.1.90.13.01 - 3.1.90.13.01|102 - RECEITAS DE IMPOSTOS E DE TRANSFERÊNCIAS DE IMPOSTOS VINCULADOS À SAÚDE|NÃO SE APLICA|3139|20200630|1479.99|0.0|0.0|1479.99|0.0|0.0|0.0|0.0|0.0|1479.99|0.0
3110004|303|02|382334|2020|8|10 - SAÚDE|122 - ADMINISTRAÇÃO GERAL|0047 - MANUTENÇÃO DO SERVIÇO DE TRANSPORTE DE PACIENTES|2110 - MANUTENÇÃO DO SETOR DE TRANSPORTE||3.3.90.39.99 - 3.3.90.39.99|102 - RECEITAS DE IMPOSTOS E DE TRANSFERÊNCIAS DE IMPOSTOS VINCULADOS À SAÚDE|NÃO SE APLICA|272|20200124|0.0|0.0|0.0|145.35|0.0|145.35|0.0|0.0|0.0|0.0|-145.35
3110004|303|02|382334|2020|10|10 - SAÚDE|122 - ADMINISTRAÇÃO GERAL|0047 - MANUTENÇÃO DO SERVIÇO DE TRANSPORTE DE PACIENTES|2110 - MANUTENÇÃO DO SETOR DE TRANSPORTE||3.3.90.14.05 - 3.3.90.14.05|102 - RECEITAS DE IMPOSTOS E DE TRANSFERÊNCIAS DE IMPOSTOS VINCULADOS À SAÚDE|NÃO SE APLICA|4901|20201023|944.0|0.0|0.0|944.0|0.0|944.0|0.0|0.0|0.0|0.0|0.0
3110004|303|02|382323|2020|9|10 - SAÚDE|302 - ASSISTÊNCIA HOSPITALAR E AMBULATORIAL|0080 - SAÚDE MENTAL|2104 - MANUTENÇÃO DO SETOR DE SAÚDE MENTAL||3.1.90.11.05 - 3.1.90.11.05|102 - RECEITAS DE IMPOSTOS E DE TRANSFERÊNCIAS DE IMPOSTOS VINCULADOS À SAÚDE|NÃO SE APLICA|4602|20200930|2936.98|0.0|0.0|2936.98|0.0|2936.98|0.0|0.0|0.0|0.0|0.0
3110004|303|02|382334|2020|2|10 - SAÚDE|122 - ADMINISTRAÇÃO GERAL|0047 - MANUTENÇÃO DO SERVIÇO DE TRANSPORTE DE PACIENTES|2110 - MANUTENÇÃO DO SETOR DE TRANSPORTE||3.3.90.14.05 - 3.3.90.14.05|102 - RECEITAS DE IMPOSTOS E DE TRANSFERÊNCIAS DE IMPOSTOS VINCULADOS À SAÚDE|NÃO SE APLICA|776|20200211|1180.0|0.0|0.0|1180.0|0.0|1180.0|0.0|0.0|0.0|0.0|0.0
3110004|303|02|382334|2020|3|10 - SAÚDE|122 - ADMINISTRAÇÃO GERAL|0047 - MANUTENÇÃO DO SERVIÇO DE TRANSPORTE DE PACIENTES|2110 - MANUTENÇÃO DO SETOR DE TRANSPORTE||3.3.90.14.05 - 3.3.90.14.05|102 - RECEITAS DE IMPOSTOS E DE TRANSFERÊNCIAS DE IMPOSTOS VINCULADOS À SAÚDE|NÃO SE APLICA|1384|20200313|1180.0|0.0|0.0|1180.0|0.0|1180.0|0.0|0.0|0.0|0.0|0.0
3110004|303|02|382323|2020|6|10 - SAÚDE|302 - ASSISTÊNCIA HOSPITALAR E AMBULATORIAL|0080 - SAÚDE MENTAL|2104 - MANUTENÇÃO DO SETOR DE SAÚDE MENTAL||3.1.90.11.11 - 3.1.90.11.11|102 - RECEITAS DE IMPOSTOS E DE TRANSFERÊNCIAS DE IMPOSTOS VINCULADOS À SAÚDE|NÃO SE APLICA|3064|20200630|25331.91|0.0|0.0|25331.91|0.0|25331.91|0.0|0.0|0.0|0.0|0.0
3110004|303|02|382323|2020|4|10 - SAÚDE|302 - ASSISTÊNCIA HOSPITALAR E AMBULATORIAL|0048 - URGÊNCIA E EMERGÊNCIA|2403 - MANUTENÇÃO DO SAMU||3.3.90.14.05 - 3.3.90.14.05|102 - RECEITAS DE IMPOSTOS E DE TRANSFERÊNCIAS DE IMPOSTOS VINCULADOS À SAÚDE|NÃO SE APLICA|1901|20200417|1439.6|0.0|0.0|1439.6|0.0|1439.6|0.0|0.0|0.0|0.0|0.0
3110004|303|02|382334|2020|4|10 - SAÚDE|122 - ADMINISTRAÇÃO GERAL|0047 - MANUTENÇÃO DO SERVIÇO DE TRANSPORTE DE PACIENTES|2110 - MANUTENÇÃO DO SETOR DE TRANSPORTE||3.3.90.14.05 - 3.3.90.14.05|102 - RECEITAS DE IMPOSTOS E DE TRANSFERÊNCIAS DE IMPOSTOS VINCULADOS À SAÚDE|NÃO SE APLICA|1899|20200417|1416.0|0.0|0.0|1416.0|0.0|1416.0|0.0|0.0|0.0|0.0|0.0
3110004|303|02|382334|2020|1|10 - SAÚDE|122 - ADMINISTRAÇÃO GERAL|0047 - MANUTENÇÃO DO SERVIÇO DE TRANSPORTE DE PACIENTES|2110 - MANUTENÇÃO DO SETOR DE TRANSPORTE||3.1.90.13.01 - 3.1.90.13.01|102 - RECEITAS DE IMPOSTOS E DE TRANSFERÊNCIAS DE IMPOSTOS VINCULADOS À SAÚDE|NÃO SE APLICA|509|20200130|3896.86|0.0|0.0|3896.86|0.0|0.0|0.0|0.0|0.0|3896.86|0.0
3110004|303|02|382334|2020|9|10 - SAÚDE|122 - ADMINISTRAÇÃO GERAL|0040 - GESTÃO DA SECRETARIA DE SAÚDE|2089 - MANUTENÇÃO DA SECRETARIA DE SAÚDE||3.3.90.49.00 - 3.3.90.49.00|102 - RECEITAS DE IMPOSTOS E DE TRANSFERÊNCIAS DE IMPOSTOS VINCULADOS À SAÚDE|NÃO SE APLICA|258|20200124|0.0|0.0|0.0|378.0|0.0|378.0|0.0|0.0|0.0|0.0|-378.0
3110004|303|02|382323|2020|3|10 - SAÚDE|302 - ASSISTÊNCIA HOSPITALAR E AMBULATORIAL|0043 - SAÚDE BUCAL|2099 - MANUTENÇÃO DO SETOR DE SAÚDE BUCAL||3.1.90.94.01 - 3.1.90.94.01|102 - RECEITAS DE IMPOSTOS E DE TRANSFERÊNCIAS DE IMPOSTOS VINCULADOS À SAÚDE|NÃO SE APLICA|1367|20200313|8547.47|0.0|0.0|8547.47|0.0|8547.47|0.0|0.0|0.0|0.0|0.0
3110004|303|02|382323|2020|10|10 - SAÚDE|122 - ADMINISTRAÇÃO GERAL|0032 - ASSISTÊNCIA FARMACÊUTCA|2069 - MANUTENÇÃO DA FARMÁCIA BÁSICA||3.1.90.11.11 - 3.1.90.11.11|102 - RECEITAS DE IMPOSTOS E DE TRANSFERÊNCIAS DE IMPOSTOS VINCULADOS À SAÚDE|NÃO SE APLICA|5068|20201029|9041.58|0.0|0.0|9041.58|0.0|9041.58|0.0|0.0|0.0|0.0|0.0
3110004|303|02|382334|2020|12|10 - SAÚDE|122 - ADMINISTRAÇÃO GERAL|0040 - GESTÃO DA SECRETARIA DE SAÚDE|2089 - MANUTENÇÃO DA SECRETARIA DE SAÚDE||3.1.90.11.09 - 3.1.90.11.09|102 - RECEITAS DE IMPOSTOS E DE TRANSFERÊNCIAS DE IMPOSTOS VINCULADOS À SAÚDE|NÃO SE APLICA|6166|20201228|6660.72|0.0|0.0|6660.72|0.0|6660.72|0.0|0.0|0.0|0.0|0.0
3110004|303|02|382323|2020|7|10 - SAÚDE|302 - ASSISTÊNCIA HOSPITALAR E AMBULATORIAL|0028 - CENTRO DE ESPECIALIDADES EM SAÚDE|2059 - MANUTENÇÃO DO CENTRO ESPECIALIDADES EM SAÚDE||3.1.90.13.03 - 3.1.90.13.03|102 - RECEITAS DE IMPOSTOS E DE TRANSFERÊNCIAS DE IMPOSTOS VINCULADOS À SAÚDE|NÃO SE APLICA|3168|20200630|0.0|0.0|0.0|0.0|0.0|13807.64|0.0|0.0|0.0|-13807.64|0.0
3110004|303|02|382323|2020|4|10 - SAÚDE|302 - ASSISTÊNCIA HOSPITALAR E AMBULATORIAL|0028 - CENTRO DE ESPECIALIDADES EM SAÚDE|2059 - MANUTENÇÃO DO CENTRO ESPECIALIDADES EM SAÚDE||3.1.90.13.03 - 3.1.90.13.03|102 - RECEITAS DE IMPOSTOS E DE TRANSFERÊNCIAS DE IMPOSTOS VINCULADOS À SAÚDE|NÃO SE APLICA|1690|20200327|0.0|0.0|0.0|0.0|0.0|13297.23|0.0|0.0|0.0|-13297.23|0.0
3110004|303|02|382334|2020|7|10 - SAÚDE|122 - ADMINISTRAÇÃO GERAL|0047 - MANUTENÇÃO DO SERVIÇO DE TRANSPORTE DE PACIENTES|2110 - MANUTENÇÃO DO SETOR DE TRANSPORTE||3.3.90.14.05 - 3.3.90.14.05|102 - RECEITAS DE IMPOSTOS E DE TRANSFERÊNCIAS DE IMPOSTOS VINCULADOS À SAÚDE|NÃO SE APLICA|3440|20200727|944.0|0.0|0.0|944.0|0.0|0.0|0.0|0.0|0.0|944.0|0.0
3110004|303|02|382334|2020|4|10 - SAÚDE|122 - ADMINISTRAÇÃO GERAL|0047 - MANUTENÇÃO DO SERVIÇO DE TRANSPORTE DE PACIENTES|2110 - MANUTENÇÃO DO SETOR DE TRANSPORTE||3.3.90.14.05 - 3.3.90.14.05|102 - RECEITAS DE IMPOSTOS E DE TRANSFERÊNCIAS DE IMPOSTOS VINCULADOS À SAÚDE|NÃO SE APLICA|1895|20200417|1180.0|0.0|0.0|1180.0|0.0|1180.0|0.0|0.0|0.0|0.0|0.0
3110004|303|02|382323|2020|5|10 - SAÚDE|301 - ATENÇÃO BÁSICA|0029 - ATENÇÃO BÁSICA|2063 - MANUTENÇÃO DA ATENÇÃO BÁSICA||3.1.90.13.03 - 3.1.90.13.03|102 - RECEITAS DE IMPOSTOS E DE TRANSFERÊNCIAS DE IMPOSTOS VINCULADOS À SAÚDE|NÃO SE APLICA|2652|20200529|331.23|0.0|0.0|331.23|0.0|0.0|0.0|0.0|0.0|331.23|0.0
3110004|303|02|382323|2020|3|10 - SAÚDE|122 - ADMINISTRAÇÃO GERAL|0032 - ASSISTÊNCIA FARMACÊUTCA|2069 - MANUTENÇÃO DA FARMÁCIA BÁSICA||3.1.90.13.01 - 3.1.90.13.01|102 - RECEITAS DE IMPOSTOS E DE TRANSFERÊNCIAS DE IMPOSTOS VINCULADOS À SAÚDE|NÃO SE APLICA|1196|20200221|0.0|0.0|0.0|0.0|0.0|693.02|0.0|0.0|0.0|-693.02|0.0
3110004|303|02|382323|2020|8|10 - SAÚDE|301 - ATENÇÃO BÁSICA|0029 - ATENÇÃO BÁSICA|2063 - MANUTENÇÃO DA ATENÇÃO BÁSICA||3.1.90.11.11 - 3.1.90.11.11|102 - RECEITAS DE IMPOSTOS E DE TRANSFERÊNCIAS DE IMPOSTOS VINCULADOS À SAÚDE|NÃO SE APLICA|4047|20200828|68095.4|0.0|0.0|68095.4|0.0|68095.4|0.0|0.0|0.0|0.0|0.0
3110004|303|02|382334|2020|4|10 - SAÚDE|122 - ADMINISTRAÇÃO GERAL|0040 - GESTÃO DA SECRETARIA DE SAÚDE|2089 - MANUTENÇÃO DA SECRETARIA DE SAÚDE||3.1.90.13.01 - 3.1.90.13.01|102 - RECEITAS DE IMPOSTOS E DE TRANSFERÊNCIAS DE IMPOSTOS VINCULADOS À SAÚDE|NÃO SE APLICA|2129|20200429|1725.84|0.0|0.0|1725.84|0.0|0.0|0.0|0.0|0.0|1725.84|0.0
3110004|303|02|382323|2020|4|10 - SAÚDE|301 - ATENÇÃO BÁSICA|0029 - ATENÇÃO BÁSICA|2063 - MANUTENÇÃO DA ATENÇÃO BÁSICA||3.1.90.13.01 - 3.1.90.13.01|102 - RECEITAS DE IMPOSTOS E DE TRANSFERÊNCIAS DE IMPOSTOS VINCULADOS À SAÚDE|NÃO SE APLICA|1686|20200327|0.0|0.0|0.0|0.0|0.0|314.97|0.0|0.0|0.0|-314.97|0.0
3110004|303|02|382323|2020|9|10 - SAÚDE|302 - ASSISTÊNCIA HOSPITALAR E AMBULATORIAL|0113 - CONSÓRCIO INTERMUNICIPAL ALIANÇA PELA SAÚDE|2394 - MANUTENÇÃO DAS AÇÕES DO CONSÓRCIO||3.3.72.39.00 - 3.3.72.39.00|102 - RECEITAS DE IMPOSTOS E DE TRANSFERÊNCIAS DE IMPOSTOS VINCULADOS À SAÚDE|NÃO SE APLICA|250|20200123|0.0|0.0|0.0|56159.81|0.0|29376.5|0.0|0.0|0.0|26783.31|-56159.81
3110004|303|02|382334|2020|7|10 - SAÚDE|122 - ADMINISTRAÇÃO GERAL|0040 - GESTÃO DA SECRETARIA DE SAÚDE|2089 - MANUTENÇÃO DA SECRETARIA DE SAÚDE||3.1.90.13.01 - 3.1.90.13.01|102 - RECEITAS DE IMPOSTOS E DE TRANSFERÊNCIAS DE IMPOSTOS VINCULADOS À SAÚDE|NÃO SE APLICA|3139|20200630|0.0|0.0|0.0|0.0|0.0|1479.99|0.0|0.0|0.0|-1479.99|0.0
3110004|303|02|382334|2020|6|10 - SAÚDE|122 - ADMINISTRAÇÃO GERAL|0047 - MANUTENÇÃO DO SERVIÇO DE TRANSPORTE DE PACIENTES|2110 - MANUTENÇÃO DO SETOR DE TRANSPORTE||3.1.90.11.11 - 3.1.90.11.11|102 - RECEITAS DE IMPOSTOS E DE TRANSFERÊNCIAS DE IMPOSTOS VINCULADOS À SAÚDE|NÃO SE APLICA|3029|20200630|27837.66|0.0|0.0|27837.66|0.0|27837.66|0.0|0.0|0.0|0.0|0.0
3110004|303|02|382323|2020|7|10 - SAÚDE|301 - ATENÇÃO BÁSICA|0029 - ATENÇÃO BÁSICA|2063 - MANUTENÇÃO DA ATENÇÃO BÁSICA||3.1.90.13.03 - 3.1.90.13.03|102 - RECEITAS DE IMPOSTOS E DE TRANSFERÊNCIAS DE IMPOSTOS VINCULADOS À SAÚDE|NÃO SE APLICA|3677|20200731|21051.28|0.0|0.0|21051.28|0.0|220.25|0.0|0.0|0.0|20831.03|0.0
3110004|303|02|382334|2020|3|10 - SAÚDE|122 - ADMINISTRAÇÃO GERAL|0047 - MANUTENÇÃO DO SERVIÇO DE TRANSPORTE DE PACIENTES|2110 - MANUTENÇÃO DO SETOR DE TRANSPORTE||3.3.90.14.05 - 3.3.90.14.05|102 - RECEITAS DE IMPOSTOS E DE TRANSFERÊNCIAS DE IMPOSTOS VINCULADOS À SAÚDE|NÃO SE APLICA|1387|20200313|1416.0|0.0|0.0|1416.0|0.0|1416.0|0.0|0.0|0.0|0.0|0.0
3110004|303|02|382323|2020|6|10 - SAÚDE|302 - ASSISTÊNCIA HOSPITALAR E AMBULATORIAL|0028 - CENTRO DE ESPECIALIDADES EM SAÚDE|2059 - MANUTENÇÃO DO CENTRO ESPECIALIDADES EM SAÚDE||3.3.90.39.36 - 3.3.90.39.36|102 - RECEITAS DE IMPOSTOS E DE TRANSFERÊNCIAS DE IMPOSTOS VINCULADOS À SAÚDE|NÃO SE APLICA|293|20200124|0.0|0.0|0.0|4550.0|0.0|4550.0|0.0|0.0|0.0|0.0|-4550.0
3110004|303|02|382323|2020|4|10 - SAÚDE|302 - ASSISTÊNCIA HOSPITALAR E AMBULATORIAL|0048 - URGÊNCIA E EMERGÊNCIA|2403 - MANUTENÇÃO DO SAMU||3.3.90.14.05 - 3.3.90.14.05|102 - RECEITAS DE IMPOSTOS E DE TRANSFERÊNCIAS DE IMPOSTOS VINCULADOS À SAÚDE|NÃO SE APLICA|1902|20200417|23.6|0.0|0.0|23.6|0.0|23.6|0.0|0.0|0.0|0.0|0.0
3110004|303|02|382334|2020|8|10 - SAÚDE|122 - ADMINISTRAÇÃO GERAL|0047 - MANUTENÇÃO DO SERVIÇO DE TRANSPORTE DE PACIENTES|2110 - MANUTENÇÃO DO SETOR DE TRANSPORTE||3.3.90.14.05 - 3.3.90.14.05|102 - RECEITAS DE IMPOSTOS E DE TRANSFERÊNCIAS DE IMPOSTOS VINCULADOS À SAÚDE|NÃO SE APLICA|3908|20200821|1038.4|0.0|0.0|1038.4|0.0|1038.4|0.0|0.0|0.0|0.0|0.0
3110004|303|02|382323|2020|3|10 - SAÚDE|122 - ADMINISTRAÇÃO GERAL|0042 - SERVIÇO DE REGULAÇÃO EM SAÚDE|2094 - MANUTENÇÃO DA REGULAÇÃO EM SAÚDE||3.1.90.13.01 - 3.1.90.13.01|102 - RECEITAS DE IMPOSTOS E DE TRANSFERÊNCIAS DE IMPOSTOS VINCULADOS À SAÚDE|NÃO SE APLICA|1684|20200327|997.18|0.0|0.0|997.18|0.0|0.0|0.0|0.0|0.0|997.18|0.0
3110004|303|02|382323|2020|10|10 - SAÚDE|302 - ASSISTÊNCIA HOSPITALAR E AMBULATORIAL|0043 - SAÚDE BUCAL|2099 - MANUTENÇÃO DO SETOR DE SAÚDE BUCAL||3.1.90.13.03 - 3.1.90.13.03|102 - RECEITAS DE IMPOSTOS E DE TRANSFERÊNCIAS DE IMPOSTOS VINCULADOS À SAÚDE|NÃO SE APLICA|4714|20200930|0.0|0.0|0.0|0.0|0.0|7314.55|0.0|0.0|0.0|-7314.55|0.0
3110004|303|02|382334|2020|4|10 - SAÚDE|122 - ADMINISTRAÇÃO GERAL|0040 - GESTÃO DA SECRETARIA DE SAÚDE|2089 - MANUTENÇÃO DA SECRETARIA DE SAÚDE||3.3.90.49.00 - 3.3.90.49.00|102 - RECEITAS DE IMPOSTOS E DE TRANSFERÊNCIAS DE IMPOSTOS VINCULADOS À SAÚDE|NÃO SE APLICA|256|20200124|0.0|0.0|0.0|7736.0|0.0|7312.0|0.0|0.0|0.0|424.0|-7736.0
3110004|303|02|382334|2020|2|10 - SAÚDE|122 - ADMINISTRAÇÃO GERAL|0047 - MANUTENÇÃO DO SERVIÇO DE TRANSPORTE DE PACIENTES|2110 - MANUTENÇÃO DO SETOR DE TRANSPORTE||3.3.90.39.53 - 3.3.90.39.53|102 - RECEITAS DE IMPOSTOS E DE TRANSFERÊNCIAS DE IMPOSTOS VINCULADOS À SAÚDE|NÃO SE APLICA|556|20200130|0.0|0.0|0.0|13225.0|0.0|13225.0|0.0|0.0|0.0|0.0|-13225.0
3110004|303|02|382334|2020|7|10 - SAÚDE|122 - ADMINISTRAÇÃO GERAL|0040 - GESTÃO DA SECRETARIA DE SAÚDE|2089 - MANUTENÇÃO DA SECRETARIA DE SAÚDE||3.1.90.94.01 - 3.1.90.94.01|102 - RECEITAS DE IMPOSTOS E DE TRANSFERÊNCIAS DE IMPOSTOS VINCULADOS À SAÚDE|NÃO SE APLICA|3221|20200706|6468.84|0.0|0.0|6468.84|0.0|6468.84|0.0|0.0|0.0|0.0|0.0
3110004|303|02|382334|2020|2|10 - SAÚDE|122 - ADMINISTRAÇÃO GERAL|0047 - MANUTENÇÃO DO SERVIÇO DE TRANSPORTE DE PACIENTES|2110 - MANUTENÇÃO DO SETOR DE TRANSPORTE||3.3.90.39.53 - 3.3.90.39.53|102 - RECEITAS DE IMPOSTOS E DE TRANSFERÊNCIAS DE IMPOSTOS VINCULADOS À SAÚDE|NÃO SE APLICA|668|20200203|1640.0|0.0|0.0|1400.0|0.0|1400.0|0.0|0.0|0.0|0.0|240.0
3110004|303|02|382323|2020|8|10 - SAÚDE|302 - ASSISTÊNCIA HOSPITALAR E AMBULATORIAL|0080 - SAÚDE MENTAL|2104 - MANUTENÇÃO DO SETOR DE SAÚDE MENTAL||3.1.90.13.01 - 3.1.90.13.01|102 - RECEITAS DE IMPOSTOS E DE TRANSFERÊNCIAS DE IMPOSTOS VINCULADOS À SAÚDE|NÃO SE APLICA|4170|20200828|1708.97|0.0|0.0|1708.97|0.0|0.0|0.0|0.0|0.0|1708.97|0.0
3110004|303|02|382334|2020|10|10 - SAÚDE|122 - ADMINISTRAÇÃO GERAL|0040 - GESTÃO DA SECRETARIA DE SAÚDE|2089 - MANUTENÇÃO DA SECRETARIA DE SAÚDE||3.1.90.13.01 - 3.1.90.13.01|102 - RECEITAS DE IMPOSTOS E DE TRANSFERÊNCIAS DE IMPOSTOS VINCULADOS À SAÚDE|NÃO SE APLICA|5159|20201029|1872.91|0.0|0.0|1872.91|0.0|0.0|0.0|0.0|0.0|1872.91|0.0
3110004|303|02|382323|2020|5|10 - SAÚDE|302 - ASSISTÊNCIA HOSPITALAR E AMBULATORIAL|0048 - URGÊNCIA E EMERGÊNCIA|2403 - MANUTENÇÃO DO SAMU||3.3.90.14.05 - 3.3.90.14.05|102 - RECEITAS DE IMPOSTOS E DE TRANSFERÊNCIAS DE IMPOSTOS VINCULADOS À SAÚDE|NÃO SE APLICA|2374|20200519|118.0|0.0|0.0|118.0|0.0|0.0|0.0|0.0|0.0|118.0|0.0
3110004|303|02|382323|2020|12|10 - SAÚDE|305 - VIGILÂNCIA EPIDEMIOLÓGICA|0049 - VIGILÂNCIA EM SAÚDE|2399 - MANUTENÇÃO DA VIGILÂNCIA EM SAÚDE||3.1.90.11.05 - 3.1.90.11.05|102 - RECEITAS DE IMPOSTOS E DE TRANSFERÊNCIAS DE IMPOSTOS VINCULADOS À SAÚDE|NÃO SE APLICA|5873|20201214|2936.98|0.0|0.0|2936.98|0.0|2936.98|0.0|0.0|0.0|0.0|0.0
3110004|303|02|382334|2020|7|10 - SAÚDE|122 - ADMINISTRAÇÃO GERAL|0040 - GESTÃO DA SECRETARIA DE SAÚDE|2089 - MANUTENÇÃO DA SECRETARIA DE SAÚDE||3.3.90.39.29 - 3.3.90.39.29|102 - RECEITAS DE IMPOSTOS E DE TRANSFERÊNCIAS DE IMPOSTOS VINCULADOS À SAÚDE|NÃO SE APLICA|11|20200102|0.0|0.0|0.0|1455.92|0.0|1192.67|0.0|0.0|0.0|263.25|-1455.92
3110004|303|02|382323|2020|5|10 - SAÚDE|122 - ADMINISTRAÇÃO GERAL|0032 - ASSISTÊNCIA FARMACÊUTCA|2069 - MANUTENÇÃO DA FARMÁCIA BÁSICA||3.3.90.30.09 - 3.3.90.30.09|102 - RECEITAS DE IMPOSTOS E DE TRANSFERÊNCIAS DE IMPOSTOS VINCULADOS À SAÚDE|NÃO SE APLICA|1796|20200406|0.0|0.0|0.0|525.0|0.0|525.0|0.0|0.0|0.0|0.0|-525.0
3110004|303|02|382334|2020|7|10 - SAÚDE|122 - ADMINISTRAÇÃO GERAL|0047 - MANUTENÇÃO DO SERVIÇO DE TRANSPORTE DE PACIENTES|2110 - MANUTENÇÃO DO SETOR DE TRANSPORTE||3.3.90.14.05 - 3.3.90.14.05|102 - RECEITAS DE IMPOSTOS E DE TRANSFERÊNCIAS DE IMPOSTOS VINCULADOS À SAÚDE|NÃO SE APLICA|3448|20200727|212.4|0.0|0.0|212.4|0.0|0.0|0.0|0.0|0.0|212.4|0.0
3110004|303|02|382323|2020|7|10 - SAÚDE|301 - ATENÇÃO BÁSICA|0029 - ATENÇÃO BÁSICA|2063 - MANUTENÇÃO DA ATENÇÃO BÁSICA||3.1.90.11.11 - 3.1.90.11.11|102 - RECEITAS DE IMPOSTOS E DE TRANSFERÊNCIAS DE IMPOSTOS VINCULADOS À SAÚDE|NÃO SE APLICA|3563|20200731|74918.22|0.0|0.0|74918.22|0.0|74918.22|0.0|0.0|0.0|0.0|0.0
3110004|303|02|382323|2020|7|10 - SAÚDE|122 - ADMINISTRAÇÃO GERAL|0042 - SERVIÇO DE REGULAÇÃO EM SAÚDE|2094 - MANUTENÇÃO DA REGULAÇÃO EM SAÚDE||3.1.90.11.11 - 3.1.90.11.11|102 - RECEITAS DE IMPOSTOS E DE TRANSFERÊNCIAS DE IMPOSTOS VINCULADOS À SAÚDE|NÃO SE APLICA|3560|20200731|14411.41|0.0|0.0|14411.41|0.0|14411.41|0.0|0.0|0.0|0.0|0.0
3110004|303|02|382334|2020|1|10 - SAÚDE|122 - ADMINISTRAÇÃO GERAL|0047 - MANUTENÇÃO DO SERVIÇO DE TRANSPORTE DE PACIENTES|2110 - MANUTENÇÃO DO SETOR DE TRANSPORTE||3.3.90.39.60 - 3.3.90.39.60|102 - RECEITAS DE IMPOSTOS E DE TRANSFERÊNCIAS DE IMPOSTOS VINCULADOS À SAÚDE|NÃO SE APLICA|336|20200130|14520.0|0.0|0.0|0.0|0.0|0.0|0.0|0.0|0.0|0.0|14520.0
3110004|303|02|382334|2020|6|10 - SAÚDE|122 - ADMINISTRAÇÃO GERAL|0047 - MANUTENÇÃO DO SERVIÇO DE TRANSPORTE DE PACIENTES|2110 - MANUTENÇÃO DO SETOR DE TRANSPORTE||3.1.90.13.03 - 3.1.90.13.03|102 - RECEITAS DE IMPOSTOS E DE TRANSFERÊNCIAS DE IMPOSTOS VINCULADOS À SAÚDE|NÃO SE APLICA|2625|20200529|0.0|0.0|0.0|0.0|0.0|15618.45|0.0|0.0|0.0|-15618.45|0.0
3110004|303|02|382323|2020|3|10 - SAÚDE|122 - ADMINISTRAÇÃO GERAL|0032 - ASSISTÊNCIA FARMACÊUTCA|2069 - MANUTENÇÃO DA FARMÁCIA BÁSICA||3.1.90.11.11 - 3.1.90.11.11|102 - RECEITAS DE IMPOSTOS E DE TRANSFERÊNCIAS DE IMPOSTOS VINCULADOS À SAÚDE|NÃO SE APLICA|1581|20200327|8109.52|0.0|0.0|8109.52|0.0|8109.52|0.0|0.0|0.0|0.0|0.0
3110004|303|02|382323|2020|3|10 - SAÚDE|302 - ASSISTÊNCIA HOSPITALAR E AMBULATORIAL|0043 - SAÚDE BUCAL|2099 - MANUTENÇÃO DO SETOR DE SAÚDE BUCAL||3.1.90.13.01 - 3.1.90.13.01|102 - RECEITAS DE IMPOSTOS E DE TRANSFERÊNCIAS DE IMPOSTOS VINCULADOS À SAÚDE|NÃO SE APLICA|1207|20200221|0.0|0.0|0.0|0.0|0.0|1097.88|0.0|0.0|0.0|-1097.88|0.0
3110004|303|02|382323|2020|7|10 - SAÚDE|301 - ATENÇÃO BÁSICA|0029 - ATENÇÃO BÁSICA|2063 - MANUTENÇÃO DA ATENÇÃO BÁSICA||3.1.90.11.05 - 3.1.90.11.05|102 - RECEITAS DE IMPOSTOS E DE TRANSFERÊNCIAS DE IMPOSTOS VINCULADOS À SAÚDE|NÃO SE APLICA|3562|20200731|9537.51|0.0|0.0|9537.51|0.0|9537.51|0.0|0.0|0.0|0.0|0.0
3110004|303|02|382334|2020|12|10 - SAÚDE|122 - ADMINISTRAÇÃO GERAL|0047 - MANUTENÇÃO DO SERVIÇO DE TRANSPORTE DE PACIENTES|2110 - MANUTENÇÃO DO SETOR DE TRANSPORTE||3.3.90.39.53 - 3.3.90.39.53|102 - RECEITAS DE IMPOSTOS E DE TRANSFERÊNCIAS DE IMPOSTOS VINCULADOS À SAÚDE|NÃO SE APLICA|4274|20200904|0.0|0.0|0.0|6612.5|0.0|13225.0|0.0|0.0|0.0|-6612.5|-6612.5
3110004|303|02|382323|2020|10|10 - SAÚDE|302 - ASSISTÊNCIA HOSPITALAR E AMBULATORIAL|0048 - URGÊNCIA E EMERGÊNCIA|2403 - MANUTENÇÃO DO SAMU||3.1.90.13.01 - 3.1.90.13.01|102 - RECEITAS DE IMPOSTOS E DE TRANSFERÊNCIAS DE IMPOSTOS VINCULADOS À SAÚDE|NÃO SE APLICA|4715|20200930|0.0|0.0|0.0|0.0|0.0|1769.1|0.0|0.0|0.0|-1769.1|0.0
3110004|303|02|382334|2020|5|10 - SAÚDE|122 - ADMINISTRAÇÃO GERAL|0047 - MANUTENÇÃO DO SERVIÇO DE TRANSPORTE DE PACIENTES|2110 - MANUTENÇÃO DO SETOR DE TRANSPORTE||3.1.90.13.01 - 3.1.90.13.01|102 - RECEITAS DE IMPOSTOS E DE TRANSFERÊNCIAS DE IMPOSTOS VINCULADOS À SAÚDE|NÃO SE APLICA|2131|20200429|0.0|0.0|0.0|0.0|0.0|4329.58|0.0|0.0|0.0|-4329.58|0.0
3110004|303|02|382323|2020|8|10 - SAÚDE|301 - ATENÇÃO BÁSICA|0029 - ATENÇÃO BÁSICA|2063 - MANUTENÇÃO DA ATENÇÃO BÁSICA||3.1.90.13.01 - 3.1.90.13.01|102 - RECEITAS DE IMPOSTOS E DE TRANSFERÊNCIAS DE IMPOSTOS VINCULADOS À SAÚDE|NÃO SE APLICA|4159|20200828|6375.82|0.0|0.0|6375.82|0.0|0.0|0.0|0.0|0.0|6375.82|0.0
3110004|303|02|382323|2020|12|10 - SAÚDE|305 - VIGILÂNCIA EPIDEMIOLÓGICA|0049 - VIGILÂNCIA EM SAÚDE|2399 - MANUTENÇÃO DA VIGILÂNCIA EM SAÚDE||3.1.90.13.01 - 3.1.90.13.01|102 - RECEITAS DE IMPOSTOS E DE TRANSFERÊNCIAS DE IMPOSTOS VINCULADOS À SAÚDE|NÃO SE APLICA|6327|20201228|8712.06|0.0|0.0|8712.06|0.0|8712.06|0.0|0.0|0.0|0.0|0.0
3110004|303|02|382334|2020|3|10 - SAÚDE|122 - ADMINISTRAÇÃO GERAL|0047 - MANUTENÇÃO DO SERVIÇO DE TRANSPORTE DE PACIENTES|2110 - MANUTENÇÃO DO SETOR DE TRANSPORTE||3.3.90.14.05 - 3.3.90.14.05|102 - RECEITAS DE IMPOSTOS E DE TRANSFERÊNCIAS DE IMPOSTOS VINCULADOS À SAÚDE|NÃO SE APLICA|1381|20200313|1180.0|0.0|0.0|1180.0|0.0|1180.0|0.0|0.0|0.0|0.0|0.0
3110004|303|02|382323|2020|11|10 - SAÚDE|302 - ASSISTÊNCIA HOSPITALAR E AMBULATORIAL|0043 - SAÚDE BUCAL|2099 - MANUTENÇÃO DO SETOR DE SAÚDE BUCAL||3.1.90.13.03 - 3.1.90.13.03|102 - RECEITAS DE IMPOSTOS E DE TRANSFERÊNCIAS DE IMPOSTOS VINCULADOS À SAÚDE|NÃO SE APLICA|5194|20201029|0.0|0.0|0.0|0.0|0.0|7314.55|0.0|0.0|0.0|-7314.55|0.0
3110004|303|02|382323|2020|9|10 - SAÚDE|302 - ASSISTÊNCIA HOSPITALAR E AMBULATORIAL|0028 - CENTRO DE ESPECIALIDADES EM SAÚDE|2059 - MANUTENÇÃO DO CENTRO ESPECIALIDADES EM SAÚDE||3.3.90.39.36 - 3.3.90.39.36|102 - RECEITAS DE IMPOSTOS E DE TRANSFERÊNCIAS DE IMPOSTOS VINCULADOS À SAÚDE|NÃO SE APLICA|575|20200130|0.0|0.0|0.0|6435.0|0.0|6435.0|0.0|0.0|0.0|0.0|-6435.0
3110004|303|02|382323|2020|2|10 - SAÚDE|122 - ADMINISTRAÇÃO GERAL|0032 - ASSISTÊNCIA FARMACÊUTCA|2069 - MANUTENÇÃO DA FARMÁCIA BÁSICA||3.1.90.13.01 - 3.1.90.13.01|102 - RECEITAS DE IMPOSTOS E DE TRANSFERÊNCIAS DE IMPOSTOS VINCULADOS À SAÚDE|NÃO SE APLICA|1196|20200221|693.02|0.0|0.0|693.02|0.0|0.0|0.0|0.0|0.0|693.02|0.0
3110004|303|02|382334|2020|2|10 - SAÚDE|122 - ADMINISTRAÇÃO GERAL|0040 - GESTÃO DA SECRETARIA DE SAÚDE|2431 - REMUNERAÇÃO DE ESTAGIÁRIOS||3.3.90.36.07 - 3.3.90.36.07|102 - RECEITAS DE IMPOSTOS E DE TRANSFERÊNCIAS DE IMPOSTOS VINCULADOS À SAÚDE|NÃO SE APLICA|1064|20200221|2065.23|0.0|0.0|2065.23|0.0|2065.23|0.0|0.0|0.0|0.0|0.0
3110004|303|02|382334|2020|8|10 - SAÚDE|122 - ADMINISTRAÇÃO GERAL|0047 - MANUTENÇÃO DO SERVIÇO DE TRANSPORTE DE PACIENTES|2110 - MANUTENÇÃO DO SETOR DE TRANSPORTE||3.3.90.14.05 - 3.3.90.14.05|102 - RECEITAS DE IMPOSTOS E DE TRANSFERÊNCIAS DE IMPOSTOS VINCULADOS À SAÚDE|NÃO SE APLICA|3909|20200821|944.0|0.0|0.0|944.0|0.0|944.0|0.0|0.0|0.0|0.0|0.0
3110004|303|02|382323|2020|3|10 - SAÚDE|302 - ASSISTÊNCIA HOSPITALAR E AMBULATORIAL|0048 - URGÊNCIA E EMERGÊNCIA|2403 - MANUTENÇÃO DO SAMU||3.1.90.13.03 - 3.1.90.13.03|102 - RECEITAS DE IMPOSTOS E DE TRANSFERÊNCIAS DE IMPOSTOS VINCULADOS À SAÚDE|NÃO SE APLICA|1696|20200327|5270.04|0.0|0.0|5270.04|0.0|0.0|0.0|0.0|0.0|5270.04|0.0
3110004|303|02|382323|2020|9|10 - SAÚDE|302 - ASSISTÊNCIA HOSPITALAR E AMBULATORIAL|0043 - SAÚDE BUCAL|2099 - MANUTENÇÃO DO SETOR DE SAÚDE BUCAL||3.1.90.13.03 - 3.1.90.13.03|102 - RECEITAS DE IMPOSTOS E DE TRANSFERÊNCIAS DE IMPOSTOS VINCULADOS À SAÚDE|NÃO SE APLICA|4167|20200828|0.0|0.0|0.0|0.0|0.0|6926.18|0.0|0.0|0.0|-6926.18|0.0
3110004|303|02|382323|2020|1|10 - SAÚDE|302 - ASSISTÊNCIA HOSPITALAR E AMBULATORIAL|0028 - CENTRO DE ESPECIALIDADES EM SAÚDE|2059 - MANUTENÇÃO DO CENTRO ESPECIALIDADES EM SAÚDE||3.1.90.13.01 - 3.1.90.13.01|102 - RECEITAS DE IMPOSTOS E DE TRANSFERÊNCIAS DE IMPOSTOS VINCULADOS À SAÚDE|NÃO SE APLICA|539|20200130|4149.31|0.0|0.0|4149.31|0.0|0.0|0.0|0.0|0.0|4149.31|0.0
3110004|303|02|382323|2020|6|10 - SAÚDE|302 - ASSISTÊNCIA HOSPITALAR E AMBULATORIAL|0080 - SAÚDE MENTAL|2104 - MANUTENÇÃO DO SETOR DE SAÚDE MENTAL||3.1.90.13.01 - 3.1.90.13.01|102 - RECEITAS DE IMPOSTOS E DE TRANSFERÊNCIAS DE IMPOSTOS VINCULADOS À SAÚDE|NÃO SE APLICA|3175|20200630|2118.64|0.0|0.0|2118.64|0.0|0.0|0.0|0.0|0.0|2118.64|0.0
3110004|303|02|382323|2020|9|10 - SAÚDE|301 - ATENÇÃO BÁSICA|0029 - ATENÇÃO BÁSICA|2063 - MANUTENÇÃO DA ATENÇÃO BÁSICA||3.1.90.11.11 - 3.1.90.11.11|102 - RECEITAS DE IMPOSTOS E DE TRANSFERÊNCIAS DE IMPOSTOS VINCULADOS À SAÚDE|NÃO SE APLICA|4592|20200930|75154.7|0.0|0.0|75154.7|0.0|75154.7|0.0|0.0|0.0|0.0|0.0
3110004|303|02|382323|2020|11|10 - SAÚDE|302 - ASSISTÊNCIA HOSPITALAR E AMBULATORIAL|0048 - URGÊNCIA E EMERGÊNCIA|2403 - MANUTENÇÃO DO SAMU||3.1.90.13.03 - 3.1.90.13.03|102 - RECEITAS DE IMPOSTOS E DE TRANSFERÊNCIAS DE IMPOSTOS VINCULADOS À SAÚDE|NÃO SE APLICA|5196|20201029|0.0|0.0|0.0|0.0|0.0|5273.04|0.0|0.0|0.0|-5273.04|0.0
3110004|303|02|382323|2020|4|10 - SAÚDE|302 - ASSISTÊNCIA HOSPITALAR E AMBULATORIAL|0043 - SAÚDE BUCAL|2099 - MANUTENÇÃO DO SETOR DE SAÚDE BUCAL||3.1.90.13.01 - 3.1.90.13.01|102 - RECEITAS DE IMPOSTOS E DE TRANSFERÊNCIAS DE IMPOSTOS VINCULADOS À SAÚDE|NÃO SE APLICA|2165|20200429|1399.41|0.0|0.0|1399.41|0.0|0.0|0.0|0.0|0.0|1399.41|0.0
3110004|303|02|382334|2020|7|10 - SAÚDE|122 - ADMINISTRAÇÃO GERAL|0047 - MANUTENÇÃO DO SERVIÇO DE TRANSPORTE DE PACIENTES|2110 - MANUTENÇÃO DO SETOR DE TRANSPORTE||3.3.90.14.05 - 3.3.90.14.05|102 - RECEITAS DE IMPOSTOS E DE TRANSFERÊNCIAS DE IMPOSTOS VINCULADOS À SAÚDE|NÃO SE APLICA|3441|20200727|944.0|0.0|0.0|944.0|0.0|0.0|0.0|0.0|0.0|944.0|0.0
3110004|303|02|382334|2020|12|10 - SAÚDE|122 - ADMINISTRAÇÃO GERAL|0047 - MANUTENÇÃO DO SERVIÇO DE TRANSPORTE DE PACIENTES|2110 - MANUTENÇÃO DO SETOR DE TRANSPORTE||3.3.90.39.53 - 3.3.90.39.53|102 - RECEITAS DE IMPOSTOS E DE TRANSFERÊNCIAS DE IMPOSTOS VINCULADOS À SAÚDE|NÃO SE APLICA|1251|20200228|0.0|0.0|1180.0|0.0|0.0|0.0|0.0|0.0|0.0|0.0|-1180.0
3110004|303|02|382323|2020|1|10 - SAÚDE|302 - ASSISTÊNCIA HOSPITALAR E AMBULATORIAL|0048 - URGÊNCIA E EMERGÊNCIA|2403 - MANUTENÇÃO DO SAMU||3.1.90.16.00 - 3.1.90.16.00|102 - RECEITAS DE IMPOSTOS E DE TRANSFERÊNCIAS DE IMPOSTOS VINCULADOS À SAÚDE|NÃO SE APLICA|442|20200130|12342.49|0.0|0.0|12342.49|0.0|12342.49|0.0|0.0|0.0|0.0|0.0
3110004|303|02|382334|2020|12|10 - SAÚDE|122 - ADMINISTRAÇÃO GERAL|0047 - MANUTENÇÃO DO SERVIÇO DE TRANSPORTE DE PACIENTES|2110 - MANUTENÇÃO DO SETOR DE TRANSPORTE||3.3.90.39.46 - 3.3.90.39.46|102 - RECEITAS DE IMPOSTOS E DE TRANSFERÊNCIAS DE IMPOSTOS VINCULADOS À SAÚDE|NÃO SE APLICA|898|20200218|0.0|0.0|900.0|0.0|0.0|0.0|0.0|0.0|0.0|0.0|-900.0
3110004|303|02|382323|2020|9|10 - SAÚDE|302 - ASSISTÊNCIA HOSPITALAR E AMBULATORIAL|0080 - SAÚDE MENTAL|2104 - MANUTENÇÃO DO SETOR DE SAÚDE MENTAL||3.1.90.13.03 - 3.1.90.13.03|102 - RECEITAS DE IMPOSTOS E DE TRANSFERÊNCIAS DE IMPOSTOS VINCULADOS À SAÚDE|NÃO SE APLICA|4171|20200828|0.0|0.0|0.0|0.0|0.0|5584.26|0.0|0.0|0.0|-5584.26|0.0
3110004|303|02|382323|2020|12|10 - SAÚDE|302 - ASSISTÊNCIA HOSPITALAR E AMBULATORIAL|0048 - URGÊNCIA E EMERGÊNCIA|2403 - MANUTENÇÃO DO SAMU||3.1.90.11.11 - 3.1.90.11.11|102 - RECEITAS DE IMPOSTOS E DE TRANSFERÊNCIAS DE IMPOSTOS VINCULADOS À SAÚDE|NÃO SE APLICA|6206|20201228|14717.44|0.0|0.0|14717.44|0.0|14717.44|0.0|0.0|0.0|0.0|0.0
3110004|303|02|382334|2020|10|10 - SAÚDE|122 - ADMINISTRAÇÃO GERAL|0040 - GESTÃO DA SECRETARIA DE SAÚDE|2089 - MANUTENÇÃO DA SECRETARIA DE SAÚDE||3.3.90.39.29 - 3.3.90.39.29|102 - RECEITAS DE IMPOSTOS E DE TRANSFERÊNCIAS DE IMPOSTOS VINCULADOS À SAÚDE|NÃO SE APLICA|11|20200102|0.0|0.0|0.0|1470.15|0.0|1017.54|0.0|0.0|0.0|452.61|-1470.15
3110004|303|02|382334|2020|10|10 - SAÚDE|122 - ADMINISTRAÇÃO GERAL|0047 - MANUTENÇÃO DO SERVIÇO DE TRANSPORTE DE PACIENTES|2110 - MANUTENÇÃO DO SETOR DE TRANSPORTE||3.1.90.13.03 - 3.1.90.13.03|102 - RECEITAS DE IMPOSTOS E DE TRANSFERÊNCIAS DE IMPOSTOS VINCULADOS À SAÚDE|NÃO SE APLICA|5162|20201029|15489.76|0.0|0.0|15489.76|0.0|0.0|0.0|0.0|0.0|15489.76|0.0
3110004|303|02|382323|2020|3|10 - SAÚDE|122 - ADMINISTRAÇÃO GERAL|0042 - SERVIÇO DE REGULAÇÃO EM SAÚDE|2094 - MANUTENÇÃO DA REGULAÇÃO EM SAÚDE||3.1.90.94.01 - 3.1.90.94.01|102 - RECEITAS DE IMPOSTOS E DE TRANSFERÊNCIAS DE IMPOSTOS VINCULADOS À SAÚDE|NÃO SE APLICA|1267|20200302|330.98|0.0|0.0|330.98|0.0|330.98|0.0|0.0|0.0|0.0|0.0
3110004|303|02|382334|2020|11|10 - SAÚDE|122 - ADMINISTRAÇÃO GERAL|0047 - MANUTENÇÃO DO SERVIÇO DE TRANSPORTE DE PACIENTES|2110 - MANUTENÇÃO DO SETOR DE TRANSPORTE||3.3.90.39.53 - 3.3.90.39.53|102 - RECEITAS DE IMPOSTOS E DE TRANSFERÊNCIAS DE IMPOSTOS VINCULADOS À SAÚDE|NÃO SE APLICA|5347|20201119|210.0|0.0|0.0|210.0|0.0|210.0|0.0|0.0|0.0|0.0|0.0
3110004|303|02|382334|2020|6|10 - SAÚDE|122 - ADMINISTRAÇÃO GERAL|0047 - MANUTENÇÃO DO SERVIÇO DE TRANSPORTE DE PACIENTES|2110 - MANUTENÇÃO DO SETOR DE TRANSPORTE||3.1.90.13.01 - 3.1.90.13.01|102 - RECEITAS DE IMPOSTOS E DE TRANSFERÊNCIAS DE IMPOSTOS VINCULADOS À SAÚDE|NÃO SE APLICA|2624|20200529|0.0|0.0|0.0|0.0|0.0|3524.09|0.0|0.0|0.0|-3524.09|0.0
3110004|303|02|382334|2020|11|10 - SAÚDE|122 - ADMINISTRAÇÃO GERAL|0047 - MANUTENÇÃO DO SERVIÇO DE TRANSPORTE DE PACIENTES|2110 - MANUTENÇÃO DO SETOR DE TRANSPORTE||3.1.90.13.01 - 3.1.90.13.01|102 - RECEITAS DE IMPOSTOS E DE TRANSFERÊNCIAS DE IMPOSTOS VINCULADOS À SAÚDE|NÃO SE APLICA|5161|20201029|0.0|0.0|0.0|0.0|0.0|3306.88|0.0|0.0|0.0|-3306.88|0.0
3110004|303|02|382334|2020|5|10 - SAÚDE|122 - ADMINISTRAÇÃO GERAL|0047 - MANUTENÇÃO DO SERVIÇO DE TRANSPORTE DE PACIENTES|2110 - MANUTENÇÃO DO SETOR DE TRANSPORTE||3.3.90.39.99 - 3.3.90.39.99|102 - RECEITAS DE IMPOSTOS E DE TRANSFERÊNCIAS DE IMPOSTOS VINCULADOS À SAÚDE|NÃO SE APLICA|272|20200124|0.0|0.0|0.0|46771.29|0.0|83403.78|0.0|0.0|0.0|-36632.49|-46771.29
3110004|303|02|382323|2020|4|10 - SAÚDE|302 - ASSISTÊNCIA HOSPITALAR E AMBULATORIAL|0043 - SAÚDE BUCAL|2099 - MANUTENÇÃO DO SETOR DE SAÚDE BUCAL||3.1.90.11.11 - 3.1.90.11.11|102 - RECEITAS DE IMPOSTOS E DE TRANSFERÊNCIAS DE IMPOSTOS VINCULADOS À SAÚDE|NÃO SE APLICA|2062|20200429|17957.13|0.0|0.0|17957.13|0.0|17957.13|0.0|0.0|0.0|0.0|0.0
3110004|303|02|382323|2020|10|10 - SAÚDE|302 - ASSISTÊNCIA HOSPITALAR E AMBULATORIAL|0028 - CENTRO DE ESPECIALIDADES EM SAÚDE|2059 - MANUTENÇÃO DO CENTRO ESPECIALIDADES EM SAÚDE||3.3.90.39.36 - 3.3.90.39.36|102 - RECEITAS DE IMPOSTOS E DE TRANSFERÊNCIAS DE IMPOSTOS VINCULADOS À SAÚDE|NÃO SE APLICA|4822|20201014|18100.0|0.0|0.0|7100.0|0.0|7100.0|0.0|0.0|0.0|0.0|11000.0
3110004|303|02|382323|2020|6|10 - SAÚDE|302 - ASSISTÊNCIA HOSPITALAR E AMBULATORIAL|0028 - CENTRO DE ESPECIALIDADES EM SAÚDE|2059 - MANUTENÇÃO DO CENTRO ESPECIALIDADES EM SAÚDE||3.1.90.13.03 - 3.1.90.13.03|102 - RECEITAS DE IMPOSTOS E DE TRANSFERÊNCIAS DE IMPOSTOS VINCULADOS À SAÚDE|NÃO SE APLICA|3168|20200630|15155.74|0.0|0.0|15155.74|0.0|1348.1|0.0|0.0|0.0|13807.64|0.0
3110004|303|02|382334|2020|11|10 - SAÚDE|122 - ADMINISTRAÇÃO GERAL|0047 - MANUTENÇÃO DO SERVIÇO DE TRANSPORTE DE PACIENTES|2110 - MANUTENÇÃO DO SETOR DE TRANSPORTE||3.3.90.14.05 - 3.3.90.14.05|102 - RECEITAS DE IMPOSTOS E DE TRANSFERÊNCIAS DE IMPOSTOS VINCULADOS À SAÚDE|NÃO SE APLICA|5645|20201127|590.0|0.0|0.0|590.0|0.0|0.0|0.0|0.0|0.0|590.0|0.0
3110004|303|02|382323|2020|4|10 - SAÚDE|302 - ASSISTÊNCIA HOSPITALAR E AMBULATORIAL|0080 - SAÚDE MENTAL|2104 - MANUTENÇÃO DO SETOR DE SAÚDE MENTAL||3.1.90.13.03 - 3.1.90.13.03|102 - RECEITAS DE IMPOSTOS E DE TRANSFERÊNCIAS DE IMPOSTOS VINCULADOS À SAÚDE|NÃO SE APLICA|1698|20200327|0.0|0.0|0.0|0.0|0.0|6835.06|0.0|0.0|0.0|-6835.06|0.0
3110004|303|02|382323|2020|4|10 - SAÚDE|302 - ASSISTÊNCIA HOSPITALAR E AMBULATORIAL|0043 - SAÚDE BUCAL|2099 - MANUTENÇÃO DO SETOR DE SAÚDE BUCAL||3.1.90.13.03 - 3.1.90.13.03|102 - RECEITAS DE IMPOSTOS E DE TRANSFERÊNCIAS DE IMPOSTOS VINCULADOS À SAÚDE|NÃO SE APLICA|2166|20200429|8230.6|0.0|0.0|8230.6|0.0|2378.83|0.0|0.0|0.0|5851.77|0.0
3110004|303|02|382334|2020|2|10 - SAÚDE|122 - ADMINISTRAÇÃO GERAL|0047 - MANUTENÇÃO DO SERVIÇO DE TRANSPORTE DE PACIENTES|2110 - MANUTENÇÃO DO SETOR DE TRANSPORTE||3.3.90.14.05 - 3.3.90.14.05|102 - RECEITAS DE IMPOSTOS E DE TRANSFERÊNCIAS DE IMPOSTOS VINCULADOS À SAÚDE|NÃO SE APLICA|774|20200211|1180.0|0.0|0.0|1180.0|0.0|1180.0|0.0|0.0|0.0|0.0|0.0
3110004|303|02|382323|2020|12|10 - SAÚDE|122 - ADMINISTRAÇÃO GERAL|0042 - SERVIÇO DE REGULAÇÃO EM SAÚDE|2094 - MANUTENÇÃO DA REGULAÇÃO EM SAÚDE||3.1.90.13.01 - 3.1.90.13.01|102 - RECEITAS DE IMPOSTOS E DE TRANSFERÊNCIAS DE IMPOSTOS VINCULADOS À SAÚDE|NÃO SE APLICA|6314|20201228|2520.82|0.0|0.0|2520.82|0.0|2520.82|0.0|0.0|0.0|0.0|0.0
3110004|303|02|382323|2020|2|10 - SAÚDE|122 - ADMINISTRAÇÃO GERAL|0042 - SERVIÇO DE REGULAÇÃO EM SAÚDE|2094 - MANUTENÇÃO DA REGULAÇÃO EM SAÚDE||3.1.90.13.01 - 3.1.90.13.01|102 - RECEITAS DE IMPOSTOS E DE TRANSFERÊNCIAS DE IMPOSTOS VINCULADOS À SAÚDE|NÃO SE APLICA|1198|20200221|1112.22|0.0|0.0|1112.22|0.0|0.0|0.0|0.0|0.0|1112.22|0.0
3110004|303|02|382323|2020|11|10 - SAÚDE|305 - VIGILÂNCIA EPIDEMIOLÓGICA|0049 - VIGILÂNCIA EM SAÚDE|2399 - MANUTENÇÃO DA VIGILÂNCIA EM SAÚDE||3.3.90.30.06 - 3.3.90.30.06|102 - RECEITAS DE IMPOSTOS E DE TRANSFERÊNCIAS DE IMPOSTOS VINCULADOS À SAÚDE|NÃO SE APLICA|2280|20200512|0.0|0.0|2.1|0.0|0.0|0.0|0.0|0.0|0.0|0.0|-2.1
3110004|303|02|382323|2020|6|10 - SAÚDE|302 - ASSISTÊNCIA HOSPITALAR E AMBULATORIAL|0113 - CONSÓRCIO INTERMUNICIPAL ALIANÇA PELA SAÚDE|2394 - MANUTENÇÃO DAS AÇÕES DO CONSÓRCIO||3.1.71.70.00 - 3.1.71.70.00|102 - RECEITAS DE IMPOSTOS E DE TRANSFERÊNCIAS DE IMPOSTOS VINCULADOS À SAÚDE|NÃO SE APLICA|702|20200207|0.0|0.0|0.0|12869.33|0.0|12869.33|0.0|0.0|0.0|0.0|-12869.33
3110004|303|02|382323|2020|12|10 - SAÚDE|301 - ATENÇÃO BÁSICA|0029 - ATENÇÃO BÁSICA|2063 - MANUTENÇÃO DA ATENÇÃO BÁSICA||3.1.90.94.01 - 3.1.90.94.01|102 - RECEITAS DE IMPOSTOS E DE TRANSFERÊNCIAS DE IMPOSTOS VINCULADOS À SAÚDE|NÃO SE APLICA|6380|20201231|2671.44|0.0|0.0|2671.44|0.0|0.0|0.0|0.0|0.0|2671.44|0.0
3110004|303|02|382323|2020|8|10 - SAÚDE|301 - ATENÇÃO BÁSICA|0029 - ATENÇÃO BÁSICA|2063 - MANUTENÇÃO DA ATENÇÃO BÁSICA||3.1.90.13.03 - 3.1.90.13.03|102 - RECEITAS DE IMPOSTOS E DE TRANSFERÊNCIAS DE IMPOSTOS VINCULADOS À SAÚDE|NÃO SE APLICA|3677|20200731|0.0|0.0|0.0|0.0|0.0|20831.03|0.0|0.0|0.0|-20831.03|0.0
3110004|303|02|382323|2020|4|10 - SAÚDE|302 - ASSISTÊNCIA HOSPITALAR E AMBULATORIAL|0028 - CENTRO DE ESPECIALIDADES EM SAÚDE|2059 - MANUTENÇÃO DO CENTRO ESPECIALIDADES EM SAÚDE||3.1.90.13.03 - 3.1.90.13.03|102 - RECEITAS DE IMPOSTOS E DE TRANSFERÊNCIAS DE IMPOSTOS VINCULADOS À SAÚDE|NÃO SE APLICA|2162|20200429|17240.22|0.0|0.0|17240.22|0.0|1694.98|0.0|0.0|0.0|15545.24|0.0
3110004|303|02|382334|2020|9|10 - SAÚDE|122 - ADMINISTRAÇÃO GERAL|0047 - MANUTENÇÃO DO SERVIÇO DE TRANSPORTE DE PACIENTES|2110 - MANUTENÇÃO DO SETOR DE TRANSPORTE||3.3.90.14.05 - 3.3.90.14.05|102 - RECEITAS DE IMPOSTOS E DE TRANSFERÊNCIAS DE IMPOSTOS VINCULADOS À SAÚDE|NÃO SE APLICA|4389|20200918|991.2|0.0|0.0|991.2|0.0|991.2|0.0|0.0|0.0|0.0|0.0
3110004|303|02|382334|2020|2|10 - SAÚDE|122 - ADMINISTRAÇÃO GERAL|0047 - MANUTENÇÃO DO SERVIÇO DE TRANSPORTE DE PACIENTES|2110 - MANUTENÇÃO DO SETOR DE TRANSPORTE||3.1.90.13.01 - 3.1.90.13.01|102 - RECEITAS DE IMPOSTOS E DE TRANSFERÊNCIAS DE IMPOSTOS VINCULADOS À SAÚDE|NÃO SE APLICA|509|20200130|0.0|0.0|0.0|0.0|0.0|3896.86|0.0|0.0|0.0|-3896.86|0.0
3110004|303|02|382334|2020|7|10 - SAÚDE|122 - ADMINISTRAÇÃO GERAL|0040 - GESTÃO DA SECRETARIA DE SAÚDE|2431 - REMUNERAÇÃO DE ESTAGIÁRIOS||3.3.90.36.07 - 3.3.90.36.07|102 - RECEITAS DE IMPOSTOS E DE TRANSFERÊNCIAS DE IMPOSTOS VINCULADOS À SAÚDE|NÃO SE APLICA|3537|20200731|2146.01|0.0|0.0|2146.01|0.0|2146.01|0.0|0.0|0.0|0.0|0.0
3110004|303|02|382334|2020|4|10 - SAÚDE|122 - ADMINISTRAÇÃO GERAL|0040 - GESTÃO DA SECRETARIA DE SAÚDE|2089 - MANUTENÇÃO DA SECRETARIA DE SAÚDE||3.1.90.11.11 - 3.1.90.11.11|102 - RECEITAS DE IMPOSTOS E DE TRANSFERÊNCIAS DE IMPOSTOS VINCULADOS À SAÚDE|NÃO SE APLICA|2023|20200429|20210.85|0.0|0.0|20210.85|0.0|20210.85|0.0|0.0|0.0|0.0|0.0
3110004|303|02|382323|2020|11|10 - SAÚDE|302 - ASSISTÊNCIA HOSPITALAR E AMBULATORIAL|0043 - SAÚDE BUCAL|2099 - MANUTENÇÃO DO SETOR DE SAÚDE BUCAL||3.1.90.04.99 - 3.1.90.04.99|102 - RECEITAS DE IMPOSTOS E DE TRANSFERÊNCIAS DE IMPOSTOS VINCULADOS À SAÚDE|NÃO SE APLICA|5490|20201127|11639.75|0.0|0.0|11639.75|0.0|11639.75|0.0|0.0|0.0|0.0|0.0
3110004|303|02|382334|2020|7|10 - SAÚDE|122 - ADMINISTRAÇÃO GERAL|0047 - MANUTENÇÃO DO SERVIÇO DE TRANSPORTE DE PACIENTES|2110 - MANUTENÇÃO DO SETOR DE TRANSPORTE||3.3.90.14.05 - 3.3.90.14.05|102 - RECEITAS DE IMPOSTOS E DE TRANSFERÊNCIAS DE IMPOSTOS VINCULADOS À SAÚDE|NÃO SE APLICA|3444|20200727|944.0|0.0|0.0|944.0|0.0|0.0|0.0|0.0|0.0|944.0|0.0
3110004|303|02|382323|2020|5|10 - SAÚDE|302 - ASSISTÊNCIA HOSPITALAR E AMBULATORIAL|0043 - SAÚDE BUCAL|2099 - MANUTENÇÃO DO SETOR DE SAÚDE BUCAL||3.1.90.13.03 - 3.1.90.13.03|102 - RECEITAS DE IMPOSTOS E DE TRANSFERÊNCIAS DE IMPOSTOS VINCULADOS À SAÚDE|NÃO SE APLICA|2166|20200429|0.0|0.0|0.0|0.0|0.0|5851.77|0.0|0.0|0.0|-5851.77|0.0
3110004|303|02|382334|2020|6|10 - SAÚDE|122 - ADMINISTRAÇÃO GERAL|0040 - GESTÃO DA SECRETARIA DE SAÚDE|2089 - MANUTENÇÃO DA SECRETARIA DE SAÚDE||3.3.90.39.43 - 3.3.90.39.43|102 - RECEITAS DE IMPOSTOS E DE TRANSFERÊNCIAS DE IMPOSTOS VINCULADOS À SAÚDE|NÃO SE APLICA|193|20200115|0.0|0.0|0.0|3866.35|0.0|3866.35|0.0|0.0|0.0|0.0|-3866.35
3110004|303|02|382334|2020|6|10 - SAÚDE|122 - ADMINISTRAÇÃO GERAL|0040 - GESTÃO DA SECRETARIA DE SAÚDE|2089 - MANUTENÇÃO DA SECRETARIA DE SAÚDE||3.3.90.49.00 - 3.3.90.49.00|102 - RECEITAS DE IMPOSTOS E DE TRANSFERÊNCIAS DE IMPOSTOS VINCULADOS À SAÚDE|NÃO SE APLICA|256|20200124|0.0|0.0|0.0|8476.0|0.0|8476.0|0.0|0.0|0.0|0.0|-8476.0
3110004|303|02|382323|2020|10|10 - SAÚDE|301 - ATENÇÃO BÁSICA|0029 - ATENÇÃO BÁSICA|2063 - MANUTENÇÃO DA ATENÇÃO BÁSICA||3.1.90.11.11 - 3.1.90.11.11|102 - RECEITAS DE IMPOSTOS E DE TRANSFERÊNCIAS DE IMPOSTOS VINCULADOS À SAÚDE|NÃO SE APLICA|5072|20201029|72211.34|0.0|0.0|72211.34|0.0|72211.34|0.0|0.0|0.0|0.0|0.0
3110004|303|02|382334|2020|2|10 - SAÚDE|122 - ADMINISTRAÇÃO GERAL|0047 - MANUTENÇÃO DO SERVIÇO DE TRANSPORTE DE PACIENTES|2110 - MANUTENÇÃO DO SETOR DE TRANSPORTE||3.3.90.14.05 - 3.3.90.14.05|102 - RECEITAS DE IMPOSTOS E DE TRANSFERÊNCIAS DE IMPOSTOS VINCULADOS À SAÚDE|NÃO SE APLICA|816|20200213|259.6|0.0|0.0|259.6|0.0|259.6|0.0|0.0|0.0|0.0|0.0
3110004|303|02|382334|2020|4|10 - SAÚDE|122 - ADMINISTRAÇÃO GERAL|0047 - MANUTENÇÃO DO SERVIÇO DE TRANSPORTE DE PACIENTES|2110 - MANUTENÇÃO DO SETOR DE TRANSPORTE||3.1.90.11.11 - 3.1.90.11.11|102 - RECEITAS DE IMPOSTOS E DE TRANSFERÊNCIAS DE IMPOSTOS VINCULADOS À SAÚDE|NÃO SE APLICA|2028|20200429|37303.13|0.0|0.0|37303.13|0.0|37303.13|0.0|0.0|0.0|0.0|0.0
3110004|303|02|382323|2020|11|10 - SAÚDE|302 - ASSISTÊNCIA HOSPITALAR E AMBULATORIAL|0080 - SAÚDE MENTAL|2104 - MANUTENÇÃO DO SETOR DE SAÚDE MENTAL||3.1.90.13.03 - 3.1.90.13.03|102 - RECEITAS DE IMPOSTOS E DE TRANSFERÊNCIAS DE IMPOSTOS VINCULADOS À SAÚDE|NÃO SE APLICA|5198|20201029|0.0|0.0|0.0|0.0|0.0|5420.07|0.0|0.0|0.0|-5420.07|0.0
3110004|303|02|382334|2020|4|10 - SAÚDE|122 - ADMINISTRAÇÃO GERAL|0040 - GESTÃO DA SECRETARIA DE SAÚDE|2089 - MANUTENÇÃO DA SECRETARIA DE SAÚDE||3.1.90.11.09 - 3.1.90.11.09|102 - RECEITAS DE IMPOSTOS E DE TRANSFERÊNCIAS DE IMPOSTOS VINCULADOS À SAÚDE|NÃO SE APLICA|2022|20200429|7517.55|0.0|0.0|7517.55|0.0|7517.55|0.0|0.0|0.0|0.0|0.0
3110004|303|02|382334|2020|8|10 - SAÚDE|304 - VIGILÂNCIA SANITÁRIA|0321 - CONTRIBUIÇÃO A INSTITUIÇÃO TERCEIRO SETOR|1247 - CONTRIBUICAO A INSTITUICAO TERCEIRO SETOR||3.3.50.43.00 - 3.3.50.43.00|102 - RECEITAS DE IMPOSTOS E DE TRANSFERÊNCIAS DE IMPOSTOS VINCULADOS À SAÚDE|NÃO SE APLICA|3797|20200812|156800.0|0.0|0.0|98000.0|0.0|98000.0|0.0|0.0|0.0|0.0|58800.0
3110004|303|02|382323|2020|6|10 - SAÚDE|302 - ASSISTÊNCIA HOSPITALAR E AMBULATORIAL|0043 - SAÚDE BUCAL|2099 - MANUTENÇÃO DO SETOR DE SAÚDE BUCAL||3.1.90.11.11 - 3.1.90.11.11|102 - RECEITAS DE IMPOSTOS E DE TRANSFERÊNCIAS DE IMPOSTOS VINCULADOS À SAÚDE|NÃO SE APLICA|3059|20200630|12624.33|0.0|0.0|12624.33|0.0|12624.33|0.0|0.0|0.0|0.0|0.0
3110004|303|02|382323|2020|3|10 - SAÚDE|301 - ATENÇÃO BÁSICA|0029 - ATENÇÃO BÁSICA|2063 - MANUTENÇÃO DA ATENÇÃO BÁSICA||3.1.90.13.03 - 3.1.90.13.03|102 - RECEITAS DE IMPOSTOS E DE TRANSFERÊNCIAS DE IMPOSTOS VINCULADOS À SAÚDE|NÃO SE APLICA|1687|20200327|2645.79|0.0|0.0|2645.79|0.0|0.0|0.0|0.0|0.0|2645.79|0.0
3110004|303|02|382334|2020|2|10 - SAÚDE|122 - ADMINISTRAÇÃO GERAL|0040 - GESTÃO DA SECRETARIA DE SAÚDE|2089 - MANUTENÇÃO DA SECRETARIA DE SAÚDE||3.1.90.94.01 - 3.1.90.94.01|102 - RECEITAS DE IMPOSTOS E DE TRANSFERÊNCIAS DE IMPOSTOS VINCULADOS À SAÚDE|NÃO SE APLICA|724|20200207|12.72|0.0|0.0|12.72|0.0|12.72|0.0|0.0|0.0|0.0|0.0
3110004|303|02|382323|2020|2|10 - SAÚDE|302 - ASSISTÊNCIA HOSPITALAR E AMBULATORIAL|0113 - CONSÓRCIO INTERMUNICIPAL ALIANÇA PELA SAÚDE|2394 - MANUTENÇÃO DAS AÇÕES DO CONSÓRCIO||3.1.71.70.00 - 3.1.71.70.00|102 - RECEITAS DE IMPOSTOS E DE TRANSFERÊNCIAS DE IMPOSTOS VINCULADOS À SAÚDE|NÃO SE APLICA|702|20200207|148331.42|0.0|0.0|12869.33|0.0|12869.33|0.0|0.0|0.0|0.0|135462.09
3110004|303|02|382323|2020|9|10 - SAÚDE|122 - ADMINISTRAÇÃO GERAL|0032 - ASSISTÊNCIA FARMACÊUTCA|2069 - MANUTENÇÃO DA FARMÁCIA BÁSICA||3.3.90.30.09 - 3.3.90.30.09|102 - RECEITAS DE IMPOSTOS E DE TRANSFERÊNCIAS DE IMPOSTOS VINCULADOS À SAÚDE|NÃO SE APLICA|2221|20200506|0.0|0.0|0.0|1277.94|0.0|1277.94|0.0|0.0|0.0|0.0|-1277.94
3110004|303|02|382334|2020|12|10 - SAÚDE|122 - ADMINISTRAÇÃO GERAL|0047 - MANUTENÇÃO DO SERVIÇO DE TRANSPORTE DE PACIENTES|2110 - MANUTENÇÃO DO SETOR DE TRANSPORTE||3.3.90.14.05 - 3.3.90.14.05|102 - RECEITAS DE IMPOSTOS E DE TRANSFERÊNCIAS DE IMPOSTOS VINCULADOS À SAÚDE|NÃO SE APLICA|5639|20201127|0.0|0.0|0.0|0.0|0.0|283.2|0.0|0.0|0.0|-283.2|0.0
3110004|303|02|382334|2020|12|10 - SAÚDE|122 - ADMINISTRAÇÃO GERAL|0040 - GESTÃO DA SECRETARIA DE SAÚDE|2089 - MANUTENÇÃO DA SECRETARIA DE SAÚDE||3.3.90.49.00 - 3.3.90.49.00|102 - RECEITAS DE IMPOSTOS E DE TRANSFERÊNCIAS DE IMPOSTOS VINCULADOS À SAÚDE|NÃO SE APLICA|257|20200124|0.0|0.0|6755.4|1826.85|0.0|1826.85|0.0|0.0|0.0|0.0|-8582.25
3110004|303|02|382334|2020|11|10 - SAÚDE|122 - ADMINISTRAÇÃO GERAL|0040 - GESTÃO DA SECRETARIA DE SAÚDE|2089 - MANUTENÇÃO DA SECRETARIA DE SAÚDE||3.1.90.16.00 - 3.1.90.16.00|102 - RECEITAS DE IMPOSTOS E DE TRANSFERÊNCIAS DE IMPOSTOS VINCULADOS À SAÚDE|NÃO SE APLICA|5455|20201127|1207.51|0.0|0.0|1207.51|0.0|1207.51|0.0|0.0|0.0|0.0|0.0
3110004|303|02|382323|2020|2|10 - SAÚDE|301 - ATENÇÃO BÁSICA|0029 - ATENÇÃO BÁSICA|2063 - MANUTENÇÃO DA ATENÇÃO BÁSICA||3.1.90.13.01 - 3.1.90.13.01|102 - RECEITAS DE IMPOSTOS E DE TRANSFERÊNCIAS DE IMPOSTOS VINCULADOS À SAÚDE|NÃO SE APLICA|536|20200130|0.0|0.0|0.0|0.0|0.0|693.44|0.0|0.0|0.0|-693.44|0.0
3110004|303|02|382334|2020|8|10 - SAÚDE|122 - ADMINISTRAÇÃO GERAL|0040 - GESTÃO DA SECRETARIA DE SAÚDE|2089 - MANUTENÇÃO DA SECRETARIA DE SAÚDE||3.3.90.14.05 - 3.3.90.14.05|102 - RECEITAS DE IMPOSTOS E DE TRANSFERÊNCIAS DE IMPOSTOS VINCULADOS À SAÚDE|NÃO SE APLICA|3903|20200821|424.8|0.0|0.0|424.8|0.0|424.8|0.0|0.0|0.0|0.0|0.0
3110004|303|02|382334|2020|6|10 - SAÚDE|122 - ADMINISTRAÇÃO GERAL|0047 - MANUTENÇÃO DO SERVIÇO DE TRANSPORTE DE PACIENTES|2110 - MANUTENÇÃO DO SETOR DE TRANSPORTE||3.3.90.14.05 - 3.3.90.14.05|102 - RECEITAS DE IMPOSTOS E DE TRANSFERÊNCIAS DE IMPOSTOS VINCULADOS À SAÚDE|NÃO SE APLICA|2741|20200608|1416.0|0.0|0.0|1416.0|0.0|1416.0|0.0|0.0|0.0|0.0|0.0
3110004|303|02|382323|2020|7|10 - SAÚDE|302 - ASSISTÊNCIA HOSPITALAR E AMBULATORIAL|0048 - URGÊNCIA E EMERGÊNCIA|2112 - MANUTENÇÃO DA URGÊNCIA E EMERGÊNCIA||3.3.50.43.00 - 3.3.50.43.00|102 - RECEITAS DE IMPOSTOS E DE TRANSFERÊNCIAS DE IMPOSTOS VINCULADOS À SAÚDE|NÃO SE APLICA|2798|20200615|0.0|0.0|0.0|346417.03|0.0|346417.03|0.0|0.0|0.0|0.0|-346417.03
3110004|303|02|382334|2020|12|10 - SAÚDE|302 - ASSISTÊNCIA HOSPITALAR E AMBULATORIAL|0312 - EMENDAS IMPOSITIVAS|1242 - EXECUÇÃO DAS EMENDAS IMPOSITIVAS||4.4.90.52.04 - 4.4.90.52.04|102 - RECEITAS DE IMPOSTOS E DE TRANSFERÊNCIAS DE IMPOSTOS VINCULADOS À SAÚDE|NÃO SE APLICA|6065|20201218|2960.0|0.0|0.0|0.0|0.0|0.0|0.0|0.0|0.0|0.0|2960.0
3110004|303|02|382334|2020|3|10 - SAÚDE|122 - ADMINISTRAÇÃO GERAL|0047 - MANUTENÇÃO DO SERVIÇO DE TRANSPORTE DE PACIENTES|2110 - MANUTENÇÃO DO SETOR DE TRANSPORTE||3.1.90.11.05 - 3.1.90.11.05|102 - RECEITAS DE IMPOSTOS E DE TRANSFERÊNCIAS DE IMPOSTOS VINCULADOS À SAÚDE|NÃO SE APLICA|1555|20200327|7223.79|0.0|0.0|7223.79|0.0|7223.79|0.0|0.0|0.0|0.0|0.0
3110004|303|02|382323|2020|5|10 - SAÚDE|302 - ASSISTÊNCIA HOSPITALAR E AMBULATORIAL|0080 - SAÚDE MENTAL|2104 - MANUTENÇÃO DO SETOR DE SAÚDE MENTAL||3.1.90.11.11 - 3.1.90.11.11|102 - RECEITAS DE IMPOSTOS E DE TRANSFERÊNCIAS DE IMPOSTOS VINCULADOS À SAÚDE|NÃO SE APLICA|2553|20200529|21640.47|0.0|0.0|21640.47|0.0|21640.47|0.0|0.0|0.0|0.0|0.0
3110004|303|02|382334|2020|3|10 - SAÚDE|122 - ADMINISTRAÇÃO GERAL|0040 - GESTÃO DA SECRETARIA DE SAÚDE|2089 - MANUTENÇÃO DA SECRETARIA DE SAÚDE||3.3.90.49.00 - 3.3.90.49.00|102 - RECEITAS DE IMPOSTOS E DE TRANSFERÊNCIAS DE IMPOSTOS VINCULADOS À SAÚDE|NÃO SE APLICA|257|20200124|0.0|0.0|0.0|3975.3|0.0|3975.3|0.0|0.0|0.0|0.0|-3975.3
3110004|303|02|382323|2020|4|10 - SAÚDE|302 - ASSISTÊNCIA HOSPITALAR E AMBULATORIAL|0028 - CENTRO DE ESPECIALIDADES EM SAÚDE|2059 - MANUTENÇÃO DO CENTRO ESPECIALIDADES EM SAÚDE||3.3.90.39.36 - 3.3.90.39.36|102 - RECEITAS DE IMPOSTOS E DE TRANSFERÊNCIAS DE IMPOSTOS VINCULADOS À SAÚDE|NÃO SE APLICA|1440|20200318|0.0|0.0|0.0|24090.0|0.0|24090.0|0.0|0.0|0.0|0.0|-24090.0
3110004|303|02|382334|2020|5|10 - SAÚDE|122 - ADMINISTRAÇÃO GERAL|0040 - GESTÃO DA SECRETARIA DE SAÚDE|2089 - MANUTENÇÃO DA SECRETARIA DE SAÚDE||3.1.90.13.01 - 3.1.90.13.01|102 - RECEITAS DE IMPOSTOS E DE TRANSFERÊNCIAS DE IMPOSTOS VINCULADOS À SAÚDE|NÃO SE APLICA|2622|20200529|1531.0|0.0|0.0|1531.0|0.0|0.0|0.0|0.0|0.0|1531.0|0.0
3110004|303|02|382334|2020|7|10 - SAÚDE|122 - ADMINISTRAÇÃO GERAL|0047 - MANUTENÇÃO DO SERVIÇO DE TRANSPORTE DE PACIENTES|2110 - MANUTENÇÃO DO SETOR DE TRANSPORTE||3.3.90.14.05 - 3.3.90.14.05|102 - RECEITAS DE IMPOSTOS E DE TRANSFERÊNCIAS DE IMPOSTOS VINCULADOS À SAÚDE|NÃO SE APLICA|3426|20200723|1180.0|0.0|0.0|1180.0|0.0|1180.0|0.0|0.0|0.0|0.0|0.0
3110004|303|02|382323|2020|10|10 - SAÚDE|301 - ATENÇÃO BÁSICA|0029 - ATENÇÃO BÁSICA|2063 - MANUTENÇÃO DA ATENÇÃO BÁSICA||3.1.90.13.01 - 3.1.90.13.01|102 - RECEITAS DE IMPOSTOS E DE TRANSFERÊNCIAS DE IMPOSTOS VINCULADOS À SAÚDE|NÃO SE APLICA|5186|20201029|6471.38|0.0|0.0|6471.38|0.0|0.0|0.0|0.0|0.0|6471.38|0.0
3110004|303|02|382323|2020|11|10 - SAÚDE|302 - ASSISTÊNCIA HOSPITALAR E AMBULATORIAL|0048 - URGÊNCIA E EMERGÊNCIA|2403 - MANUTENÇÃO DO SAMU||3.1.90.16.00 - 3.1.90.16.00|102 - RECEITAS DE IMPOSTOS E DE TRANSFERÊNCIAS DE IMPOSTOS VINCULADOS À SAÚDE|NÃO SE APLICA|5493|20201127|8657.51|0.0|0.0|8657.51|0.0|8657.51|0.0|0.0|0.0|0.0|0.0
3110004|303|02|382323|2020|2|10 - SAÚDE|302 - ASSISTÊNCIA HOSPITALAR E AMBULATORIAL|0113 - CONSÓRCIO INTERMUNICIPAL ALIANÇA PELA SAÚDE|2394 - MANUTENÇÃO DAS AÇÕES DO CONSÓRCIO||3.3.71.70.00 - 3.3.71.70.00|102 - RECEITAS DE IMPOSTOS E DE TRANSFERÊNCIAS DE IMPOSTOS VINCULADOS À SAÚDE|NÃO SE APLICA|838|20200213|6100.54|0.0|0.0|0.0|0.0|0.0|0.0|0.0|0.0|0.0|6100.54
3110004|303|02|382334|2020|12|10 - SAÚDE|122 - ADMINISTRAÇÃO GERAL|0047 - MANUTENÇÃO DO SERVIÇO DE TRANSPORTE DE PACIENTES|2110 - MANUTENÇÃO DO SETOR DE TRANSPORTE||3.3.90.39.53 - 3.3.90.39.53|102 - RECEITAS DE IMPOSTOS E DE TRANSFERÊNCIAS DE IMPOSTOS VINCULADOS À SAÚDE|NÃO SE APLICA|5226|20201103|0.0|0.0|0.0|0.0|0.0|1226.8|0.0|0.0|0.0|-1226.8|0.0
3110004|303|02|382323|2020|11|10 - SAÚDE|302 - ASSISTÊNCIA HOSPITALAR E AMBULATORIAL|0048 - URGÊNCIA E EMERGÊNCIA|2403 - MANUTENÇÃO DO SAMU||3.1.90.13.03 - 3.1.90.13.03|102 - RECEITAS DE IMPOSTOS E DE TRANSFERÊNCIAS DE IMPOSTOS VINCULADOS À SAÚDE|NÃO SE APLICA|5610|20201127|6141.03|0.0|0.0|6141.03|0.0|0.0|0.0|0.0|0.0|6141.03|0.0
3110004|303|02|382334|2020|2|10 - SAÚDE|122 - ADMINISTRAÇÃO GERAL|0047 - MANUTENÇÃO DO SERVIÇO DE TRANSPORTE DE PACIENTES|2110 - MANUTENÇÃO DO SETOR DE TRANSPORTE||3.1.90.16.00 - 3.1.90.16.00|102 - RECEITAS DE IMPOSTOS E DE TRANSFERÊNCIAS DE IMPOSTOS VINCULADOS À SAÚDE|NÃO SE APLICA|1068|20200221|10848.11|0.0|0.0|10848.11|0.0|10848.11|0.0|0.0|0.0|0.0|0.0
3110004|303|02|382334|2020|4|10 - SAÚDE|122 - ADMINISTRAÇÃO GERAL|0047 - MANUTENÇÃO DO SERVIÇO DE TRANSPORTE DE PACIENTES|2110 - MANUTENÇÃO DO SETOR DE TRANSPORTE||3.1.90.04.99 - 3.1.90.04.99|102 - RECEITAS DE IMPOSTOS E DE TRANSFERÊNCIAS DE IMPOSTOS VINCULADOS À SAÚDE|NÃO SE APLICA|2026|20200429|13849.92|0.0|0.0|13849.92|0.0|13849.92|0.0|0.0|0.0|0.0|0.0
3110004|303|02|382323|2020|12|10 - SAÚDE|302 - ASSISTÊNCIA HOSPITALAR E AMBULATORIAL|0028 - CENTRO DE ESPECIALIDADES EM SAÚDE|2059 - MANUTENÇÃO DO CENTRO ESPECIALIDADES EM SAÚDE||3.3.90.39.36 - 3.3.90.39.36|102 - RECEITAS DE IMPOSTOS E DE TRANSFERÊNCIAS DE IMPOSTOS VINCULADOS À SAÚDE|NÃO SE APLICA|5754|20201209|3337.0|0.0|0.0|3124.0|0.0|1585.43|0.0|0.0|0.0|1538.57|213.0
3110004|303|02|382334|2020|7|10 - SAÚDE|122 - ADMINISTRAÇÃO GERAL|0047 - MANUTENÇÃO DO SERVIÇO DE TRANSPORTE DE PACIENTES|2110 - MANUTENÇÃO DO SETOR DE TRANSPORTE||3.1.90.04.99 - 3.1.90.04.99|102 - RECEITAS DE IMPOSTOS E DE TRANSFERÊNCIAS DE IMPOSTOS VINCULADOS À SAÚDE|NÃO SE APLICA|3538|20200731|8524.72|0.0|0.0|8524.72|0.0|8524.72|0.0|0.0|0.0|0.0|0.0
3110004|303|02|382323|2020|3|10 - SAÚDE|122 - ADMINISTRAÇÃO GERAL|0032 - ASSISTÊNCIA FARMACÊUTCA|2069 - MANUTENÇÃO DA FARMÁCIA BÁSICA||3.1.90.13.01 - 3.1.90.13.01|102 - RECEITAS DE IMPOSTOS E DE TRANSFERÊNCIAS DE IMPOSTOS VINCULADOS À SAÚDE|NÃO SE APLICA|1682|20200327|693.02|0.0|0.0|693.02|0.0|0.0|0.0|0.0|0.0|693.02|0.0
3110004|303|02|382334|2020|9|10 - SAÚDE|122 - ADMINISTRAÇÃO GERAL|0047 - MANUTENÇÃO DO SERVIÇO DE TRANSPORTE DE PACIENTES|2110 - MANUTENÇÃO DO SETOR DE TRANSPORTE||3.3.90.14.05 - 3.3.90.14.05|102 - RECEITAS DE IMPOSTOS E DE TRANSFERÊNCIAS DE IMPOSTOS VINCULADOS À SAÚDE|NÃO SE APLICA|4216|20200831|0.0|0.0|0.0|0.0|0.0|472.0|0.0|0.0|0.0|-472.0|0.0
3110004|303|02|382334|2020|8|10 - SAÚDE|122 - ADMINISTRAÇÃO GERAL|0040 - GESTÃO DA SECRETARIA DE SAÚDE|2089 - MANUTENÇÃO DA SECRETARIA DE SAÚDE||3.1.90.11.05 - 3.1.90.11.05|102 - RECEITAS DE IMPOSTOS E DE TRANSFERÊNCIAS DE IMPOSTOS VINCULADOS À SAÚDE|NÃO SE APLICA|4014|20200828|1468.49|0.0|0.0|1468.49|0.0|1468.49|0.0|0.0|0.0|0.0|0.0
3110004|303|02|382334|2020|8|10 - SAÚDE|122 - ADMINISTRAÇÃO GERAL|0047 - MANUTENÇÃO DO SERVIÇO DE TRANSPORTE DE PACIENTES|2110 - MANUTENÇÃO DO SETOR DE TRANSPORTE||3.1.90.13.01 - 3.1.90.13.01|102 - RECEITAS DE IMPOSTOS E DE TRANSFERÊNCIAS DE IMPOSTOS VINCULADOS À SAÚDE|NÃO SE APLICA|4134|20200828|3716.25|0.0|0.0|3716.25|0.0|0.0|0.0|0.0|0.0|3716.25|0.0
3110004|303|02|382334|2020|10|10 - SAÚDE|122 - ADMINISTRAÇÃO GERAL|0047 - MANUTENÇÃO DO SERVIÇO DE TRANSPORTE DE PACIENTES|2110 - MANUTENÇÃO DO SETOR DE TRANSPORTE||3.3.90.14.05 - 3.3.90.14.05|102 - RECEITAS DE IMPOSTOS E DE TRANSFERÊNCIAS DE IMPOSTOS VINCULADOS À SAÚDE|NÃO SE APLICA|4907|20201023|708.0|0.0|0.0|708.0|0.0|708.0|0.0|0.0|0.0|0.0|0.0
3110004|303|02|382334|2020|11|10 - SAÚDE|122 - ADMINISTRAÇÃO GERAL|0047 - MANUTENÇÃO DO SERVIÇO DE TRANSPORTE DE PACIENTES|2110 - MANUTENÇÃO DO SETOR DE TRANSPORTE||3.1.90.11.11 - 3.1.90.11.11|102 - RECEITAS DE IMPOSTOS E DE TRANSFERÊNCIAS DE IMPOSTOS VINCULADOS À SAÚDE|NÃO SE APLICA|5459|20201127|28613.78|0.0|0.0|28613.78|0.0|28613.78|0.0|0.0|0.0|0.0|0.0
3110004|303|02|382334|2020|3|10 - SAÚDE|122 - ADMINISTRAÇÃO GERAL|0047 - MANUTENÇÃO DO SERVIÇO DE TRANSPORTE DE PACIENTES|2110 - MANUTENÇÃO DO SETOR DE TRANSPORTE||3.3.90.14.05 - 3.3.90.14.05|102 - RECEITAS DE IMPOSTOS E DE TRANSFERÊNCIAS DE IMPOSTOS VINCULADOS À SAÚDE|NÃO SE APLICA|1382|20200313|472.0|0.0|0.0|472.0|0.0|472.0|0.0|0.0|0.0|0.0|0.0
3110004|303|02|382334|2020|2|10 - SAÚDE|122 - ADMINISTRAÇÃO GERAL|0047 - MANUTENÇÃO DO SERVIÇO DE TRANSPORTE DE PACIENTES|2110 - MANUTENÇÃO DO SETOR DE TRANSPORTE||3.1.90.13.03 - 3.1.90.13.03|102 - RECEITAS DE IMPOSTOS E DE TRANSFERÊNCIAS DE IMPOSTOS VINCULADOS À SAÚDE|NÃO SE APLICA|510|20200130|0.0|0.0|0.0|0.0|0.0|16042.23|0.0|0.0|0.0|-16042.23|0.0
3110004|303|02|382334|2020|5|10 - SAÚDE|122 - ADMINISTRAÇÃO GERAL|0047 - MANUTENÇÃO DO SERVIÇO DE TRANSPORTE DE PACIENTES|2110 - MANUTENÇÃO DO SETOR DE TRANSPORTE||3.3.90.14.05 - 3.3.90.14.05|102 - RECEITAS DE IMPOSTOS E DE TRANSFERÊNCIAS DE IMPOSTOS VINCULADOS À SAÚDE|NÃO SE APLICA|2318|20200513|1416.0|0.0|0.0|1416.0|0.0|0.0|0.0|0.0|0.0|1416.0|0.0
3110004|303|02|382323|2020|12|10 - SAÚDE|305 - VIGILÂNCIA EPIDEMIOLÓGICA|0049 - VIGILÂNCIA EM SAÚDE|2399 - MANUTENÇÃO DA VIGILÂNCIA EM SAÚDE||3.1.90.11.11 - 3.1.90.11.11|102 - RECEITAS DE IMPOSTOS E DE TRANSFERÊNCIAS DE IMPOSTOS VINCULADOS À SAÚDE|NÃO SE APLICA|5874|20201214|51470.21|0.0|0.0|51470.21|0.0|51470.21|0.0|0.0|0.0|0.0|0.0
3110004|303|02|382323|2020|4|10 - SAÚDE|302 - ASSISTÊNCIA HOSPITALAR E AMBULATORIAL|0039 - GESTÃO DA FISIOTERAPIA|2086 - MANUTENÇÃO DO SETOR DA FISIOTERAPIA||3.1.90.13.01 - 3.1.90.13.01|102 - RECEITAS DE IMPOSTOS E DE TRANSFERÊNCIAS DE IMPOSTOS VINCULADOS À SAÚDE|NÃO SE APLICA|1691|20200327|0.0|0.0|0.0|0.0|0.0|820.77|0.0|0.0|0.0|-820.77|0.0
3110004|303|02|382323|2020|5|10 - SAÚDE|122 - ADMINISTRAÇÃO GERAL|0042 - SERVIÇO DE REGULAÇÃO EM SAÚDE|2094 - MANUTENÇÃO DA REGULAÇÃO EM SAÚDE||3.3.90.48.00 - 3.3.90.48.00|102 - RECEITAS DE IMPOSTOS E DE TRANSFERÊNCIAS DE IMPOSTOS VINCULADOS À SAÚDE|NÃO SE APLICA|148|20200115|0.0|0.0|0.0|1000.0|0.0|1000.0|0.0|0.0|0.0|0.0|-1000.0
3110004|303|02|382323|2020|12|10 - SAÚDE|302 - ASSISTÊNCIA HOSPITALAR E AMBULATORIAL|0043 - SAÚDE BUCAL|2099 - MANUTENÇÃO DO SETOR DE SAÚDE BUCAL||3.1.90.13.03 - 3.1.90.13.03|102 - RECEITAS DE IMPOSTOS E DE TRANSFERÊNCIAS DE IMPOSTOS VINCULADOS À SAÚDE|NÃO SE APLICA|5936|20201214|3138.77|0.0|0.0|3138.77|0.0|3138.77|0.0|0.0|0.0|0.0|0.0
3110004|303|02|382323|2020|11|10 - SAÚDE|122 - ADMINISTRAÇÃO GERAL|0042 - SERVIÇO DE REGULAÇÃO EM SAÚDE|2094 - MANUTENÇÃO DA REGULAÇÃO EM SAÚDE||3.1.90.13.01 - 3.1.90.13.01|102 - RECEITAS DE IMPOSTOS E DE TRANSFERÊNCIAS DE IMPOSTOS VINCULADOS À SAÚDE|NÃO SE APLICA|5184|20201029|0.0|0.0|0.0|0.0|0.0|1089.62|0.0|0.0|0.0|-1089.62|0.0
3110004|303|02|382334|2020|6|10 - SAÚDE|122 - ADMINISTRAÇÃO GERAL|0047 - MANUTENÇÃO DO SERVIÇO DE TRANSPORTE DE PACIENTES|2110 - MANUTENÇÃO DO SETOR DE TRANSPORTE||3.1.90.94.01 - 3.1.90.94.01|102 - RECEITAS DE IMPOSTOS E DE TRANSFERÊNCIAS DE IMPOSTOS VINCULADOS À SAÚDE|NÃO SE APLICA|2710|20200603|3898.42|0.0|0.0|3898.42|0.0|3898.42|0.0|0.0|0.0|0.0|0.0
3110004|303|02|382323|2020|6|10 - SAÚDE|302 - ASSISTÊNCIA HOSPITALAR E AMBULATORIAL|0113 - CONSÓRCIO INTERMUNICIPAL ALIANÇA PELA SAÚDE|2394 - MANUTENÇÃO DAS AÇÕES DO CONSÓRCIO||3.3.72.39.00 - 3.3.72.39.00|102 - RECEITAS DE IMPOSTOS E DE TRANSFERÊNCIAS DE IMPOSTOS VINCULADOS À SAÚDE|NÃO SE APLICA|250|20200123|0.0|0.0|0.0|24048.08|0.0|24048.08|0.0|0.0|0.0|0.0|-24048.08
3110004|303|02|382323|2020|3|10 - SAÚDE|302 - ASSISTÊNCIA HOSPITALAR E AMBULATORIAL|0048 - URGÊNCIA E EMERGÊNCIA|2403 - MANUTENÇÃO DO SAMU||3.3.90.14.05 - 3.3.90.14.05|102 - RECEITAS DE IMPOSTOS E DE TRANSFERÊNCIAS DE IMPOSTOS VINCULADOS À SAÚDE|NÃO SE APLICA|950|20200221|0.0|0.0|0.0|0.0|0.0|23.6|0.0|0.0|0.0|-23.6|0.0
3110004|303|02|382334|2020|8|10 - SAÚDE|122 - ADMINISTRAÇÃO GERAL|0047 - MANUTENÇÃO DO SERVIÇO DE TRANSPORTE DE PACIENTES|2110 - MANUTENÇÃO DO SETOR DE TRANSPORTE||3.3.90.14.05 - 3.3.90.14.05|102 - RECEITAS DE IMPOSTOS E DE TRANSFERÊNCIAS DE IMPOSTOS VINCULADOS À SAÚDE|NÃO SE APLICA|3444|20200727|0.0|0.0|0.0|0.0|0.0|944.0|0.0|0.0|0.0|-944.0|0.0
3110004|303|02|382334|2020|5|10 - SAÚDE|122 - ADMINISTRAÇÃO GERAL|0040 - GESTÃO DA SECRETARIA DE SAÚDE|2089 - MANUTENÇÃO DA SECRETARIA DE SAÚDE||3.3.90.39.43 - 3.3.90.39.43|102 - RECEITAS DE IMPOSTOS E DE TRANSFERÊNCIAS DE IMPOSTOS VINCULADOS À SAÚDE|NÃO SE APLICA|193|20200115|0.0|0.0|0.0|3153.13|0.0|3153.13|0.0|0.0|0.0|0.0|-3153.13
3110004|303|02|382334|2020|7|10 - SAÚDE|122 - ADMINISTRAÇÃO GERAL|0047 - MANUTENÇÃO DO SERVIÇO DE TRANSPORTE DE PACIENTES|2110 - MANUTENÇÃO DO SETOR DE TRANSPORTE||3.3.90.14.05 - 3.3.90.14.05|102 - RECEITAS DE IMPOSTOS E DE TRANSFERÊNCIAS DE IMPOSTOS VINCULADOS À SAÚDE|NÃO SE APLICA|3437|20200727|708.0|0.0|0.0|708.0|0.0|708.0|0.0|0.0|0.0|0.0|0.0
3110004|303|02|382323|2020|6|10 - SAÚDE|302 - ASSISTÊNCIA HOSPITALAR E AMBULATORIAL|0048 - URGÊNCIA E EMERGÊNCIA|2403 - MANUTENÇÃO DO SAMU||3.1.90.16.00 - 3.1.90.16.00|102 - RECEITAS DE IMPOSTOS E DE TRANSFERÊNCIAS DE IMPOSTOS VINCULADOS À SAÚDE|NÃO SE APLICA|3061|20200630|5837.18|0.0|0.0|5837.18|0.0|5837.18|0.0|0.0|0.0|0.0|0.0
3110004|303|02|382323|2020|3|10 - SAÚDE|122 - ADMINISTRAÇÃO GERAL|0042 - SERVIÇO DE REGULAÇÃO EM SAÚDE|2094 - MANUTENÇÃO DA REGULAÇÃO EM SAÚDE||3.1.90.13.03 - 3.1.90.13.03|102 - RECEITAS DE IMPOSTOS E DE TRANSFERÊNCIAS DE IMPOSTOS VINCULADOS À SAÚDE|NÃO SE APLICA|1199|20200221|0.0|0.0|0.0|0.0|0.0|2886.4|0.0|0.0|0.0|-2886.4|0.0
3110004|303|02|382334|2020|10|10 - SAÚDE|122 - ADMINISTRAÇÃO GERAL|0047 - MANUTENÇÃO DO SERVIÇO DE TRANSPORTE DE PACIENTES|2110 - MANUTENÇÃO DO SETOR DE TRANSPORTE||3.3.90.14.05 - 3.3.90.14.05|102 - RECEITAS DE IMPOSTOS E DE TRANSFERÊNCIAS DE IMPOSTOS VINCULADOS À SAÚDE|NÃO SE APLICA|4485|20200930|0.0|0.0|0.0|0.0|0.0|188.8|0.0|0.0|0.0|-188.8|0.0
3110004|303|02|382323|2020|3|10 - SAÚDE|302 - ASSISTÊNCIA HOSPITALAR E AMBULATORIAL|0028 - CENTRO DE ESPECIALIDADES EM SAÚDE|2059 - MANUTENÇÃO DO CENTRO ESPECIALIDADES EM SAÚDE||3.1.90.13.01 - 3.1.90.13.01|102 - RECEITAS DE IMPOSTOS E DE TRANSFERÊNCIAS DE IMPOSTOS VINCULADOS À SAÚDE|NÃO SE APLICA|1203|20200221|0.0|0.0|0.0|0.0|0.0|4526.79|0.0|0.0|0.0|-4526.79|0.0
3110004|303|02|382323|2020|7|10 - SAÚDE|302 - ASSISTÊNCIA HOSPITALAR E AMBULATORIAL|0028 - CENTRO DE ESPECIALIDADES EM SAÚDE|2059 - MANUTENÇÃO DO CENTRO ESPECIALIDADES EM SAÚDE||3.1.90.13.01 - 3.1.90.13.01|102 - RECEITAS DE IMPOSTOS E DE TRANSFERÊNCIAS DE IMPOSTOS VINCULADOS À SAÚDE|NÃO SE APLICA|3679|20200731|4611.84|0.0|0.0|4611.84|0.0|0.0|0.0|0.0|0.0|4611.84|0.0
3110004|303|02|382323|2020|7|10 - SAÚDE|122 - ADMINISTRAÇÃO GERAL|0032 - ASSISTÊNCIA FARMACÊUTCA|2069 - MANUTENÇÃO DA FARMÁCIA BÁSICA||3.1.90.13.03 - 3.1.90.13.03|102 - RECEITAS DE IMPOSTOS E DE TRANSFERÊNCIAS DE IMPOSTOS VINCULADOS À SAÚDE|NÃO SE APLICA|3673|20200731|2128.83|0.0|0.0|2128.83|0.0|0.0|0.0|0.0|0.0|2128.83|0.0
3110004|303|02|382323|2020|2|10 - SAÚDE|302 - ASSISTÊNCIA HOSPITALAR E AMBULATORIAL|0028 - CENTRO DE ESPECIALIDADES EM SAÚDE|2059 - MANUTENÇÃO DO CENTRO ESPECIALIDADES EM SAÚDE||3.1.90.13.01 - 3.1.90.13.01|102 - RECEITAS DE IMPOSTOS E DE TRANSFERÊNCIAS DE IMPOSTOS VINCULADOS À SAÚDE|NÃO SE APLICA|1203|20200221|4526.79|0.0|0.0|4526.79|0.0|0.0|0.0|0.0|0.0|4526.79|0.0
3110004|303|02|382323|2020|12|10 - SAÚDE|305 - VIGILÂNCIA EPIDEMIOLÓGICA|0049 - VIGILÂNCIA EM SAÚDE|2399 - MANUTENÇÃO DA VIGILÂNCIA EM SAÚDE||3.1.90.13.03 - 3.1.90.13.03|102 - RECEITAS DE IMPOSTOS E DE TRANSFERÊNCIAS DE IMPOSTOS VINCULADOS À SAÚDE|NÃO SE APLICA|5615|20201127|0.0|0.0|0.0|0.0|0.0|14469.03|0.0|0.0|0.0|-14469.03|0.0
3110004|303|02|382323|2020|10|10 - SAÚDE|302 - ASSISTÊNCIA HOSPITALAR E AMBULATORIAL|0048 - URGÊNCIA E EMERGÊNCIA|2403 - MANUTENÇÃO DO SAMU||3.1.90.13.03 - 3.1.90.13.03|102 - RECEITAS DE IMPOSTOS E DE TRANSFERÊNCIAS DE IMPOSTOS VINCULADOS À SAÚDE|NÃO SE APLICA|4716|20200930|0.0|0.0|0.0|0.0|0.0|5963.19|0.0|0.0|0.0|-5963.19|0.0
3110004|303|02|382334|2020|2|10 - SAÚDE|122 - ADMINISTRAÇÃO GERAL|0047 - MANUTENÇÃO DO SERVIÇO DE TRANSPORTE DE PACIENTES|2110 - MANUTENÇÃO DO SETOR DE TRANSPORTE||3.1.90.13.03 - 3.1.90.13.03|102 - RECEITAS DE IMPOSTOS E DE TRANSFERÊNCIAS DE IMPOSTOS VINCULADOS À SAÚDE|NÃO SE APLICA|1172|20200221|14343.49|0.0|0.0|14343.49|0.0|0.0|0.0|0.0|0.0|14343.49|0.0
3110004|303|02|382323|2020|7|10 - SAÚDE|302 - ASSISTÊNCIA HOSPITALAR E AMBULATORIAL|0043 - SAÚDE BUCAL|2099 - MANUTENÇÃO DO SETOR DE SAÚDE BUCAL||3.1.90.11.11 - 3.1.90.11.11|102 - RECEITAS DE IMPOSTOS E DE TRANSFERÊNCIAS DE IMPOSTOS VINCULADOS À SAÚDE|NÃO SE APLICA|3570|20200731|12753.08|0.0|0.0|12753.08|0.0|12753.08|0.0|0.0|0.0|0.0|0.0
3110004|303|02|382323|2020|8|10 - SAÚDE|301 - ATENÇÃO BÁSICA|0029 - ATENÇÃO BÁSICA|2063 - MANUTENÇÃO DA ATENÇÃO BÁSICA||3.1.90.04.99 - 3.1.90.04.99|102 - RECEITAS DE IMPOSTOS E DE TRANSFERÊNCIAS DE IMPOSTOS VINCULADOS À SAÚDE|NÃO SE APLICA|4045|20200828|42233.41|0.0|0.0|42233.41|0.0|42233.41|0.0|0.0|0.0|0.0|0.0
3110004|303|02|382334|2020|11|10 - SAÚDE|122 - ADMINISTRAÇÃO GERAL|0047 - MANUTENÇÃO DO SERVIÇO DE TRANSPORTE DE PACIENTES|2110 - MANUTENÇÃO DO SETOR DE TRANSPORTE||3.3.90.14.05 - 3.3.90.14.05|102 - RECEITAS DE IMPOSTOS E DE TRANSFERÊNCIAS DE IMPOSTOS VINCULADOS À SAÚDE|NÃO SE APLICA|5214|20201029|0.0|0.0|0.0|0.0|0.0|47.2|0.0|0.0|0.0|-47.2|0.0
3110004|303|02|382323|2020|1|10 - SAÚDE|302 - ASSISTÊNCIA HOSPITALAR E AMBULATORIAL|0080 - SAÚDE MENTAL|2104 - MANUTENÇÃO DO SETOR DE SAÚDE MENTAL||3.1.90.13.03 - 3.1.90.13.03|102 - RECEITAS DE IMPOSTOS E DE TRANSFERÊNCIAS DE IMPOSTOS VINCULADOS À SAÚDE|NÃO SE APLICA|548|20200130|5388.35|0.0|0.0|5388.35|0.0|48.62|0.0|0.0|0.0|5339.73|0.0
3110004|303|02|382323|2020|11|10 - SAÚDE|302 - ASSISTÊNCIA HOSPITALAR E AMBULATORIAL|0113 - CONSÓRCIO INTERMUNICIPAL ALIANÇA PELA SAÚDE|2394 - MANUTENÇÃO DAS AÇÕES DO CONSÓRCIO||3.1.71.70.00 - 3.1.71.70.00|102 - RECEITAS DE IMPOSTOS E DE TRANSFERÊNCIAS DE IMPOSTOS VINCULADOS À SAÚDE|NÃO SE APLICA|840|20200213|0.0|0.0|0.0|3000.0|0.0|3000.0|0.0|0.0|0.0|0.0|-3000.0
3110004|303|02|382334|2020|7|10 - SAÚDE|122 - ADMINISTRAÇÃO GERAL|0040 - GESTÃO DA SECRETARIA DE SAÚDE|2089 - MANUTENÇÃO DA SECRETARIA DE SAÚDE||3.1.90.11.09 - 3.1.90.11.09|102 - RECEITAS DE IMPOSTOS E DE TRANSFERÊNCIAS DE IMPOSTOS VINCULADOS À SAÚDE|NÃO SE APLICA|3534|20200731|15547.68|0.0|0.0|15547.68|0.0|15547.68|0.0|0.0|0.0|0.0|0.0
3110004|303|02|382323|2020|10|10 - SAÚDE|302 - ASSISTÊNCIA HOSPITALAR E AMBULATORIAL|0080 - SAÚDE MENTAL|2104 - MANUTENÇÃO DO SETOR DE SAÚDE MENTAL||3.1.90.11.11 - 3.1.90.11.11|102 - RECEITAS DE IMPOSTOS E DE TRANSFERÊNCIAS DE IMPOSTOS VINCULADOS À SAÚDE|NÃO SE APLICA|5083|20201029|18425.15|0.0|0.0|18425.15|0.0|18425.15|0.0|0.0|0.0|0.0|0.0
3110004|303|02|382323|2020|3|10 - SAÚDE|302 - ASSISTÊNCIA HOSPITALAR E AMBULATORIAL|0028 - CENTRO DE ESPECIALIDADES EM SAÚDE|2059 - MANUTENÇÃO DO CENTRO ESPECIALIDADES EM SAÚDE||3.1.90.13.01 - 3.1.90.13.01|102 - RECEITAS DE IMPOSTOS E DE TRANSFERÊNCIAS DE IMPOSTOS VINCULADOS À SAÚDE|NÃO SE APLICA|1689|20200327|4609.64|0.0|0.0|4609.64|0.0|0.0|0.0|0.0|0.0|4609.64|0.0
3110004|303|02|382323|2020|9|10 - SAÚDE|302 - ASSISTÊNCIA HOSPITALAR E AMBULATORIAL|0048 - URGÊNCIA E EMERGÊNCIA|2112 - MANUTENÇÃO DA URGÊNCIA E EMERGÊNCIA||3.3.50.43.00 - 3.3.50.43.00|102 - RECEITAS DE IMPOSTOS E DE TRANSFERÊNCIAS DE IMPOSTOS VINCULADOS À SAÚDE|NÃO SE APLICA|2798|20200615|0.0|0.0|0.0|361793.49|0.0|361793.49|0.0|0.0|0.0|0.0|-361793.49
3110004|303|02|382334|2020|2|10 - SAÚDE|122 - ADMINISTRAÇÃO GERAL|0047 - MANUTENÇÃO DO SERVIÇO DE TRANSPORTE DE PACIENTES|2110 - MANUTENÇÃO DO SETOR DE TRANSPORTE||3.3.90.14.05 - 3.3.90.14.05|102 - RECEITAS DE IMPOSTOS E DE TRANSFERÊNCIAS DE IMPOSTOS VINCULADOS À SAÚDE|NÃO SE APLICA|780|20200211|708.0|0.0|0.0|708.0|0.0|708.0|0.0|0.0|0.0|0.0|0.0
3110004|303|02|382323|2020|10|10 - SAÚDE|302 - ASSISTÊNCIA HOSPITALAR E AMBULATORIAL|0048 - URGÊNCIA E EMERGÊNCIA|2403 - MANUTENÇÃO DO SAMU||3.1.90.11.11 - 3.1.90.11.11|102 - RECEITAS DE IMPOSTOS E DE TRANSFERÊNCIAS DE IMPOSTOS VINCULADOS À SAÚDE|NÃO SE APLICA|5079|20201029|12495.54|0.0|0.0|12495.54|0.0|12495.54|0.0|0.0|0.0|0.0|0.0
3110004|303|02|382334|2020|2|10 - SAÚDE|122 - ADMINISTRAÇÃO GERAL|0047 - MANUTENÇÃO DO SERVIÇO DE TRANSPORTE DE PACIENTES|2110 - MANUTENÇÃO DO SETOR DE TRANSPORTE||3.3.90.39.46 - 3.3.90.39.46|102 - RECEITAS DE IMPOSTOS E DE TRANSFERÊNCIAS DE IMPOSTOS VINCULADOS À SAÚDE|NÃO SE APLICA|898|20200218|149000.0|0.0|0.0|0.0|0.0|0.0|0.0|0.0|0.0|0.0|149000.0
3110004|303|02|382323|2020|4|10 - SAÚDE|302 - ASSISTÊNCIA HOSPITALAR E AMBULATORIAL|0048 - URGÊNCIA E EMERGÊNCIA|2403 - MANUTENÇÃO DO SAMU||3.1.90.13.03 - 3.1.90.13.03|102 - RECEITAS DE IMPOSTOS E DE TRANSFERÊNCIAS DE IMPOSTOS VINCULADOS À SAÚDE|NÃO SE APLICA|1696|20200327|0.0|0.0|0.0|0.0|0.0|5270.04|0.0|0.0|0.0|-5270.04|0.0
3110004|303|02|382334|2020|12|10 - SAÚDE|122 - ADMINISTRAÇÃO GERAL|0047 - MANUTENÇÃO DO SERVIÇO DE TRANSPORTE DE PACIENTES|2110 - MANUTENÇÃO DO SETOR DE TRANSPORTE||3.3.90.14.05 - 3.3.90.14.05|102 - RECEITAS DE IMPOSTOS E DE TRANSFERÊNCIAS DE IMPOSTOS VINCULADOS À SAÚDE|NÃO SE APLICA|5638|20201127|0.0|0.0|0.0|0.0|0.0|236.0|0.0|0.0|0.0|-236.0|0.0
3110004|303|02|382334|2020|10|10 - SAÚDE|122 - ADMINISTRAÇÃO GERAL|0047 - MANUTENÇÃO DO SERVIÇO DE TRANSPORTE DE PACIENTES|2110 - MANUTENÇÃO DO SETOR DE TRANSPORTE||3.3.90.14.05 - 3.3.90.14.05|102 - RECEITAS DE IMPOSTOS E DE TRANSFERÊNCIAS DE IMPOSTOS VINCULADOS À SAÚDE|NÃO SE APLICA|4893|20201023|1180.0|0.0|0.0|1180.0|0.0|1180.0|0.0|0.0|0.0|0.0|0.0
3110004|303|02|382323|2020|3|10 - SAÚDE|302 - ASSISTÊNCIA HOSPITALAR E AMBULATORIAL|0048 - URGÊNCIA E EMERGÊNCIA|2403 - MANUTENÇÃO DO SAMU||3.1.90.16.00 - 3.1.90.16.00|102 - RECEITAS DE IMPOSTOS E DE TRANSFERÊNCIAS DE IMPOSTOS VINCULADOS À SAÚDE|NÃO SE APLICA|1592|20200327|7004.71|0.0|0.0|7004.71|0.0|7004.71|0.0|0.0|0.0|0.0|0.0
3110004|303|02|382323|2020|5|10 - SAÚDE|302 - ASSISTÊNCIA HOSPITALAR E AMBULATORIAL|0048 - URGÊNCIA E EMERGÊNCIA|2112 - MANUTENÇÃO DA URGÊNCIA E EMERGÊNCIA||3.3.50.43.00 - 3.3.50.43.00|102 - RECEITAS DE IMPOSTOS E DE TRANSFERÊNCIAS DE IMPOSTOS VINCULADOS À SAÚDE|NÃO SE APLICA|949|20200221|0.0|0.0|1151.84|0.0|0.0|0.0|0.0|0.0|0.0|0.0|-1151.84
3110004|303|02|382323|2020|9|10 - SAÚDE|302 - ASSISTÊNCIA HOSPITALAR E AMBULATORIAL|0028 - CENTRO DE ESPECIALIDADES EM SAÚDE|2059 - MANUTENÇÃO DO CENTRO ESPECIALIDADES EM SAÚDE||3.1.90.11.11 - 3.1.90.11.11|102 - RECEITAS DE IMPOSTOS E DE TRANSFERÊNCIAS DE IMPOSTOS VINCULADOS À SAÚDE|NÃO SE APLICA|4595|20200930|56371.7|0.0|0.0|56371.7|0.0|56371.7|0.0|0.0|0.0|0.0|0.0
3110004|303|02|382323|2020|2|10 - SAÚDE|302 - ASSISTÊNCIA HOSPITALAR E AMBULATORIAL|0043 - SAÚDE BUCAL|2099 - MANUTENÇÃO DO SETOR DE SAÚDE BUCAL||3.1.90.13.03 - 3.1.90.13.03|102 - RECEITAS DE IMPOSTOS E DE TRANSFERÊNCIAS DE IMPOSTOS VINCULADOS À SAÚDE|NÃO SE APLICA|544|20200130|0.0|0.0|0.0|0.0|0.0|6995.96|0.0|0.0|0.0|-6995.96|0.0
3110004|303|02|382323|2020|7|10 - SAÚDE|122 - ADMINISTRAÇÃO GERAL|0032 - ASSISTÊNCIA FARMACÊUTCA|2069 - MANUTENÇÃO DA FARMÁCIA BÁSICA||3.1.90.13.01 - 3.1.90.13.01|102 - RECEITAS DE IMPOSTOS E DE TRANSFERÊNCIAS DE IMPOSTOS VINCULADOS À SAÚDE|NÃO SE APLICA|3160|20200630|0.0|0.0|0.0|0.0|0.0|723.33|0.0|0.0|0.0|-723.33|0.0
3110004|303|02|382334|2020|10|10 - SAÚDE|122 - ADMINISTRAÇÃO GERAL|0047 - MANUTENÇÃO DO SERVIÇO DE TRANSPORTE DE PACIENTES|2110 - MANUTENÇÃO DO SETOR DE TRANSPORTE||3.3.90.14.05 - 3.3.90.14.05|102 - RECEITAS DE IMPOSTOS E DE TRANSFERÊNCIAS DE IMPOSTOS VINCULADOS À SAÚDE|NÃO SE APLICA|5215|20201029|165.2|0.0|0.0|165.2|0.0|0.0|0.0|0.0|0.0|165.2|0.0
3110004|303|02|382334|2020|7|10 - SAÚDE|122 - ADMINISTRAÇÃO GERAL|0047 - MANUTENÇÃO DO SERVIÇO DE TRANSPORTE DE PACIENTES|2110 - MANUTENÇÃO DO SETOR DE TRANSPORTE||3.1.90.94.01 - 3.1.90.94.01|102 - RECEITAS DE IMPOSTOS E DE TRANSFERÊNCIAS DE IMPOSTOS VINCULADOS À SAÚDE|NÃO SE APLICA|3340|20200716|3000.97|0.0|0.0|3000.97|0.0|3000.97|0.0|0.0|0.0|0.0|0.0
3110004|303|02|382323|2020|7|10 - SAÚDE|122 - ADMINISTRAÇÃO GERAL|0042 - SERVIÇO DE REGULAÇÃO EM SAÚDE|2094 - MANUTENÇÃO DA REGULAÇÃO EM SAÚDE||3.3.90.48.00 - 3.3.90.48.00|102 - RECEITAS DE IMPOSTOS E DE TRANSFERÊNCIAS DE IMPOSTOS VINCULADOS À SAÚDE|NÃO SE APLICA|148|20200115|0.0|0.0|0.0|1215.0|0.0|1215.0|0.0|0.0|0.0|0.0|-1215.0
3110004|303|02|382334|2020|11|10 - SAÚDE|122 - ADMINISTRAÇÃO GERAL|0040 - GESTÃO DA SECRETARIA DE SAÚDE|2089 - MANUTENÇÃO DA SECRETARIA DE SAÚDE||3.3.90.30.22 - 3.3.90.30.22|102 - RECEITAS DE IMPOSTOS E DE TRANSFERÊNCIAS DE IMPOSTOS VINCULADOS À SAÚDE|NÃO SE APLICA|5662|20201130|755.0|0.0|0.0|0.0|0.0|0.0|0.0|0.0|0.0|0.0|755.0
3110004|303|02|382323|2020|10|10 - SAÚDE|301 - ATENÇÃO BÁSICA|0029 - ATENÇÃO BÁSICA|2063 - MANUTENÇÃO DA ATENÇÃO BÁSICA||3.1.90.13.03 - 3.1.90.13.03|102 - RECEITAS DE IMPOSTOS E DE TRANSFERÊNCIAS DE IMPOSTOS VINCULADOS À SAÚDE|NÃO SE APLICA|5187|20201029|31725.6|0.0|0.0|31725.6|0.0|1724.86|0.0|0.0|0.0|30000.74|0.0
3110004|303|02|382334|2020|2|10 - SAÚDE|122 - ADMINISTRAÇÃO GERAL|0040 - GESTÃO DA SECRETARIA DE SAÚDE|2089 - MANUTENÇÃO DA SECRETARIA DE SAÚDE||3.1.90.16.00 - 3.1.90.16.00|102 - RECEITAS DE IMPOSTOS E DE TRANSFERÊNCIAS DE IMPOSTOS VINCULADOS À SAÚDE|NÃO SE APLICA|1063|20200221|402.59|0.0|0.0|402.59|0.0|402.59|0.0|0.0|0.0|0.0|0.0
3110004|303|02|382323|2020|4|10 - SAÚDE|302 - ASSISTÊNCIA HOSPITALAR E AMBULATORIAL|0080 - SAÚDE MENTAL|2104 - MANUTENÇÃO DO SETOR DE SAÚDE MENTAL||3.1.90.11.11 - 3.1.90.11.11|102 - RECEITAS DE IMPOSTOS E DE TRANSFERÊNCIAS DE IMPOSTOS VINCULADOS À SAÚDE|NÃO SE APLICA|2067|20200429|34572.58|0.0|0.0|34572.58|0.0|34572.58|0.0|0.0|0.0|0.0|0.0
3110004|303|02|382323|2020|7|10 - SAÚDE|301 - ATENÇÃO BÁSICA|0029 - ATENÇÃO BÁSICA|2063 - MANUTENÇÃO DA ATENÇÃO BÁSICA||3.1.90.13.03 - 3.1.90.13.03|102 - RECEITAS DE IMPOSTOS E DE TRANSFERÊNCIAS DE IMPOSTOS VINCULADOS À SAÚDE|NÃO SE APLICA|3165|20200630|0.0|0.0|0.0|0.0|0.0|331.23|0.0|0.0|0.0|-331.23|0.0
3110004|303|02|382323|2020|3|10 - SAÚDE|302 - ASSISTÊNCIA HOSPITALAR E AMBULATORIAL|0080 - SAÚDE MENTAL|2104 - MANUTENÇÃO DO SETOR DE SAÚDE MENTAL||3.1.90.13.03 - 3.1.90.13.03|102 - RECEITAS DE IMPOSTOS E DE TRANSFERÊNCIAS DE IMPOSTOS VINCULADOS À SAÚDE|NÃO SE APLICA|1698|20200327|6835.06|0.0|0.0|6835.06|0.0|0.0|0.0|0.0|0.0|6835.06|0.0
3110004|303|02|382323|2020|2|10 - SAÚDE|122 - ADMINISTRAÇÃO GERAL|0042 - SERVIÇO DE REGULAÇÃO EM SAÚDE|2094 - MANUTENÇÃO DA REGULAÇÃO EM SAÚDE||3.1.90.11.11 - 3.1.90.11.11|102 - RECEITAS DE IMPOSTOS E DE TRANSFERÊNCIAS DE IMPOSTOS VINCULADOS À SAÚDE|NÃO SE APLICA|1095|20200221|14704.78|0.0|0.0|14704.78|0.0|14704.78|0.0|0.0|0.0|0.0|0.0
3110004|303|02|382323|2020|8|10 - SAÚDE|301 - ATENÇÃO BÁSICA|0029 - ATENÇÃO BÁSICA|2063 - MANUTENÇÃO DA ATENÇÃO BÁSICA||3.1.90.13.03 - 3.1.90.13.03|102 - RECEITAS DE IMPOSTOS E DE TRANSFERÊNCIAS DE IMPOSTOS VINCULADOS À SAÚDE|NÃO SE APLICA|4160|20200828|31091.36|0.0|0.0|31091.36|0.0|1822.1|0.0|0.0|0.0|29269.26|0.0
3110004|303|02|382323|2020|12|10 - SAÚDE|301 - ATENÇÃO BÁSICA|0029 - ATENÇÃO BÁSICA|2063 - MANUTENÇÃO DA ATENÇÃO BÁSICA||3.1.90.11.11 - 3.1.90.11.11|102 - RECEITAS DE IMPOSTOS E DE TRANSFERÊNCIAS DE IMPOSTOS VINCULADOS À SAÚDE|NÃO SE APLICA|5862|20201214|145156.67|0.0|0.0|145156.67|0.0|145156.67|0.0|0.0|0.0|0.0|0.0
3110004|303|02|382323|2020|5|10 - SAÚDE|302 - ASSISTÊNCIA HOSPITALAR E AMBULATORIAL|0113 - CONSÓRCIO INTERMUNICIPAL ALIANÇA PELA SAÚDE|2394 - MANUTENÇÃO DAS AÇÕES DO CONSÓRCIO||3.1.71.70.00 - 3.1.71.70.00|102 - RECEITAS DE IMPOSTOS E DE TRANSFERÊNCIAS DE IMPOSTOS VINCULADOS À SAÚDE|NÃO SE APLICA|702|20200207|0.0|0.0|0.0|12869.33|0.0|12869.33|0.0|0.0|0.0|0.0|-12869.33
3110004|303|02|382323|2020|5|10 - SAÚDE|302 - ASSISTÊNCIA HOSPITALAR E AMBULATORIAL|0113 - CONSÓRCIO INTERMUNICIPAL ALIANÇA PELA SAÚDE|2394 - MANUTENÇÃO DAS AÇÕES DO CONSÓRCIO||3.3.72.39.00 - 3.3.72.39.00|102 - RECEITAS DE IMPOSTOS E DE TRANSFERÊNCIAS DE IMPOSTOS VINCULADOS À SAÚDE|NÃO SE APLICA|250|20200123|0.0|0.0|0.0|9318.4|0.0|9318.4|0.0|0.0|0.0|0.0|-9318.4
3110004|303|02|382334|2020|7|10 - SAÚDE|122 - ADMINISTRAÇÃO GERAL|0047 - MANUTENÇÃO DO SERVIÇO DE TRANSPORTE DE PACIENTES|2110 - MANUTENÇÃO DO SETOR DE TRANSPORTE||3.1.90.13.01 - 3.1.90.13.01|102 - RECEITAS DE IMPOSTOS E DE TRANSFERÊNCIAS DE IMPOSTOS VINCULADOS À SAÚDE|NÃO SE APLICA|3654|20200731|3649.88|0.0|0.0|3649.88|0.0|0.0|0.0|0.0|0.0|3649.88|0.0
3110004|303|02|382334|2020|12|10 - SAÚDE|122 - ADMINISTRAÇÃO GERAL|0047 - MANUTENÇÃO DO SERVIÇO DE TRANSPORTE DE PACIENTES|2110 - MANUTENÇÃO DO SETOR DE TRANSPORTE||3.3.90.14.05 - 3.3.90.14.05|102 - RECEITAS DE IMPOSTOS E DE TRANSFERÊNCIAS DE IMPOSTOS VINCULADOS À SAÚDE|NÃO SE APLICA|5629|20201127|0.0|0.0|0.0|0.0|0.0|944.0|0.0|0.0|0.0|-944.0|0.0
3110004|303|02|382334|2020|7|10 - SAÚDE|122 - ADMINISTRAÇÃO GERAL|0047 - MANUTENÇÃO DO SERVIÇO DE TRANSPORTE DE PACIENTES|2110 - MANUTENÇÃO DO SETOR DE TRANSPORTE||3.3.90.14.05 - 3.3.90.14.05|102 - RECEITAS DE IMPOSTOS E DE TRANSFERÊNCIAS DE IMPOSTOS VINCULADOS À SAÚDE|NÃO SE APLICA|3322|20200713|1180.0|0.0|0.0|1180.0|0.0|1180.0|0.0|0.0|0.0|0.0|0.0
3110004|303|02|382323|2020|12|10 - SAÚDE|301 - ATENÇÃO BÁSICA|0029 - ATENÇÃO BÁSICA|2063 - MANUTENÇÃO DA ATENÇÃO BÁSICA||3.1.90.94.01 - 3.1.90.94.01|102 - RECEITAS DE IMPOSTOS E DE TRANSFERÊNCIAS DE IMPOSTOS VINCULADOS À SAÚDE|NÃO SE APLICA|6381|20201231|234.95|0.0|0.0|234.95|0.0|0.0|0.0|0.0|0.0|234.95|0.0
3110004|303|02|382334|2020|1|10 - SAÚDE|122 - ADMINISTRAÇÃO GERAL|0040 - GESTÃO DA SECRETARIA DE SAÚDE|2089 - MANUTENÇÃO DA SECRETARIA DE SAÚDE||3.1.90.11.09 - 3.1.90.11.09|102 - RECEITAS DE IMPOSTOS E DE TRANSFERÊNCIAS DE IMPOSTOS VINCULADOS À SAÚDE|NÃO SE APLICA|398|20200130|6375.12|0.0|0.0|6375.12|0.0|6375.12|0.0|0.0|0.0|0.0|0.0
3110004|303|02|382334|2020|12|10 - SAÚDE|122 - ADMINISTRAÇÃO GERAL|0040 - GESTÃO DA SECRETARIA DE SAÚDE|2089 - MANUTENÇÃO DA SECRETARIA DE SAÚDE||4.4.90.52.04 - 4.4.90.52.04|102 - RECEITAS DE IMPOSTOS E DE TRANSFERÊNCIAS DE IMPOSTOS VINCULADOS À SAÚDE|NÃO SE APLICA|5996|20201216|4200.0|0.0|0.0|0.0|0.0|0.0|0.0|0.0|0.0|0.0|4200.0
3110004|303|02|382334|2020|5|10 - SAÚDE|122 - ADMINISTRAÇÃO GERAL|0047 - MANUTENÇÃO DO SERVIÇO DE TRANSPORTE DE PACIENTES|2110 - MANUTENÇÃO DO SETOR DE TRANSPORTE||3.1.90.11.11 - 3.1.90.11.11|102 - RECEITAS DE IMPOSTOS E DE TRANSFERÊNCIAS DE IMPOSTOS VINCULADOS À SAÚDE|NÃO SE APLICA|2514|20200529|27201.2|0.0|0.0|27201.2|0.0|27201.2|0.0|0.0|0.0|0.0|0.0
3110004|303|02|382323|2020|2|10 - SAÚDE|301 - ATENÇÃO BÁSICA|0029 - ATENÇÃO BÁSICA|2063 - MANUTENÇÃO DA ATENÇÃO BÁSICA||3.1.90.13.01 - 3.1.90.13.01|102 - RECEITAS DE IMPOSTOS E DE TRANSFERÊNCIAS DE IMPOSTOS VINCULADOS À SAÚDE|NÃO SE APLICA|1200|20200221|314.97|0.0|0.0|314.97|0.0|0.0|0.0|0.0|0.0|314.97|0.0
3110004|303|02|382334|2020|3|10 - SAÚDE|122 - ADMINISTRAÇÃO GERAL|0047 - MANUTENÇÃO DO SERVIÇO DE TRANSPORTE DE PACIENTES|2110 - MANUTENÇÃO DO SETOR DE TRANSPORTE||3.1.90.04.99 - 3.1.90.04.99|102 - RECEITAS DE IMPOSTOS E DE TRANSFERÊNCIAS DE IMPOSTOS VINCULADOS À SAÚDE|NÃO SE APLICA|1554|20200327|8383.72|0.0|0.0|8383.72|0.0|8383.72|0.0|0.0|0.0|0.0|0.0
3110004|303|02|382334|2020|8|10 - SAÚDE|122 - ADMINISTRAÇÃO GERAL|0047 - MANUTENÇÃO DO SERVIÇO DE TRANSPORTE DE PACIENTES|2110 - MANUTENÇÃO DO SETOR DE TRANSPORTE||3.3.90.14.05 - 3.3.90.14.05|102 - RECEITAS DE IMPOSTOS E DE TRANSFERÊNCIAS DE IMPOSTOS VINCULADOS À SAÚDE|NÃO SE APLICA|3906|20200821|236.0|0.0|0.0|236.0|0.0|236.0|0.0|0.0|0.0|0.0|0.0
3110004|303|02|382323|2020|2|10 - SAÚDE|302 - ASSISTÊNCIA HOSPITALAR E AMBULATORIAL|0028 - CENTRO DE ESPECIALIDADES EM SAÚDE|2059 - MANUTENÇÃO DO CENTRO ESPECIALIDADES EM SAÚDE||3.1.90.13.03 - 3.1.90.13.03|102 - RECEITAS DE IMPOSTOS E DE TRANSFERÊNCIAS DE IMPOSTOS VINCULADOS À SAÚDE|NÃO SE APLICA|540|20200130|0.0|0.0|0.0|0.0|0.0|13460.7|0.0|0.0|0.0|-13460.7|0.0
3110004|303|02|382323|2020|12|10 - SAÚDE|302 - ASSISTÊNCIA HOSPITALAR E AMBULATORIAL|0028 - CENTRO DE ESPECIALIDADES EM SAÚDE|2059 - MANUTENÇÃO DO CENTRO ESPECIALIDADES EM SAÚDE||3.3.90.39.36 - 3.3.90.39.36|102 - RECEITAS DE IMPOSTOS E DE TRANSFERÊNCIAS DE IMPOSTOS VINCULADOS À SAÚDE|NÃO SE APLICA|4779|20201006|0.0|0.0|6825.0|26175.0|0.0|16645.12|0.0|0.0|0.0|9529.88|-33000.0
3110004|303|02|382323|2020|10|10 - SAÚDE|122 - ADMINISTRAÇÃO GERAL|0032 - ASSISTÊNCIA FARMACÊUTCA|2069 - MANUTENÇÃO DA FARMÁCIA BÁSICA||3.3.90.30.09 - 3.3.90.30.09|102 - RECEITAS DE IMPOSTOS E DE TRANSFERÊNCIAS DE IMPOSTOS VINCULADOS À SAÚDE|NÃO SE APLICA|3423|20200723|0.0|0.0|0.0|41.4|0.0|41.4|0.0|0.0|0.0|0.0|-41.4
3110004|303|02|382323|2020|2|10 - SAÚDE|302 - ASSISTÊNCIA HOSPITALAR E AMBULATORIAL|0043 - SAÚDE BUCAL|2099 - MANUTENÇÃO DO SETOR DE SAÚDE BUCAL||3.1.90.11.11 - 3.1.90.11.11|102 - RECEITAS DE IMPOSTOS E DE TRANSFERÊNCIAS DE IMPOSTOS VINCULADOS À SAÚDE|NÃO SE APLICA|1103|20200221|11806.16|0.0|0.0|11806.16|0.0|11806.16|0.0|0.0|0.0|0.0|0.0
3110004|303|02|382334|2020|11|10 - SAÚDE|122 - ADMINISTRAÇÃO GERAL|0040 - GESTÃO DA SECRETARIA DE SAÚDE|2089 - MANUTENÇÃO DA SECRETARIA DE SAÚDE||3.3.90.39.29 - 3.3.90.39.29|102 - RECEITAS DE IMPOSTOS E DE TRANSFERÊNCIAS DE IMPOSTOS VINCULADOS À SAÚDE|NÃO SE APLICA|11|20200102|0.0|0.0|4000.0|1135.75|0.0|1588.36|0.0|0.0|0.0|-452.61|-5135.75
3110004|303|02|382323|2020|6|10 - SAÚDE|301 - ATENÇÃO BÁSICA|0029 - ATENÇÃO BÁSICA|2063 - MANUTENÇÃO DA ATENÇÃO BÁSICA||3.1.90.13.01 - 3.1.90.13.01|102 - RECEITAS DE IMPOSTOS E DE TRANSFERÊNCIAS DE IMPOSTOS VINCULADOS À SAÚDE|NÃO SE APLICA|3164|20200630|126.38|0.0|0.0|126.38|0.0|0.0|0.0|0.0|0.0|126.38|0.0
3110004|303|02|382323|2020|10|10 - SAÚDE|302 - ASSISTÊNCIA HOSPITALAR E AMBULATORIAL|0043 - SAÚDE BUCAL|2099 - MANUTENÇÃO DO SETOR DE SAÚDE BUCAL||3.1.90.11.11 - 3.1.90.11.11|102 - RECEITAS DE IMPOSTOS E DE TRANSFERÊNCIAS DE IMPOSTOS VINCULADOS À SAÚDE|NÃO SE APLICA|5078|20201029|16928.04|0.0|0.0|16928.04|0.0|16928.04|0.0|0.0|0.0|0.0|0.0
3110004|303|02|382334|2020|12|10 - SAÚDE|122 - ADMINISTRAÇÃO GERAL|0047 - MANUTENÇÃO DO SERVIÇO DE TRANSPORTE DE PACIENTES|2110 - MANUTENÇÃO DO SETOR DE TRANSPORTE||3.1.90.11.05 - 3.1.90.11.05|102 - RECEITAS DE IMPOSTOS E DE TRANSFERÊNCIAS DE IMPOSTOS VINCULADOS À SAÚDE|NÃO SE APLICA|5837|20201214|3168.87|0.0|0.0|3168.87|0.0|3168.87|0.0|0.0|0.0|0.0|0.0
3110004|303|02|382323|2020|2|10 - SAÚDE|302 - ASSISTÊNCIA HOSPITALAR E AMBULATORIAL|0043 - SAÚDE BUCAL|2099 - MANUTENÇÃO DO SETOR DE SAÚDE BUCAL||3.1.90.13.01 - 3.1.90.13.01|102 - RECEITAS DE IMPOSTOS E DE TRANSFERÊNCIAS DE IMPOSTOS VINCULADOS À SAÚDE|NÃO SE APLICA|1207|20200221|1097.88|0.0|0.0|1097.88|0.0|0.0|0.0|0.0|0.0|1097.88|0.0
3110004|303|02|382334|2020|10|10 - SAÚDE|122 - ADMINISTRAÇÃO GERAL|0047 - MANUTENÇÃO DO SERVIÇO DE TRANSPORTE DE PACIENTES|2110 - MANUTENÇÃO DO SETOR DE TRANSPORTE||3.3.90.14.05 - 3.3.90.14.05|102 - RECEITAS DE IMPOSTOS E DE TRANSFERÊNCIAS DE IMPOSTOS VINCULADOS À SAÚDE|NÃO SE APLICA|5212|20201029|23.6|0.0|0.0|23.6|0.0|0.0|0.0|0.0|0.0|23.6|0.0
3110004|303|02|382334|2020|12|10 - SAÚDE|122 - ADMINISTRAÇÃO GERAL|0047 - MANUTENÇÃO DO SERVIÇO DE TRANSPORTE DE PACIENTES|2110 - MANUTENÇÃO DO SETOR DE TRANSPORTE||3.3.90.14.05 - 3.3.90.14.05|102 - RECEITAS DE IMPOSTOS E DE TRANSFERÊNCIAS DE IMPOSTOS VINCULADOS À SAÚDE|NÃO SE APLICA|5631|20201127|0.0|0.0|0.0|0.0|0.0|212.4|0.0|0.0|0.0|-212.4|0.0
3110004|303|02|382323|2020|10|10 - SAÚDE|302 - ASSISTÊNCIA HOSPITALAR E AMBULATORIAL|0043 - SAÚDE BUCAL|2099 - MANUTENÇÃO DO SETOR DE SAÚDE BUCAL||3.1.90.13.03 - 3.1.90.13.03|102 - RECEITAS DE IMPOSTOS E DE TRANSFERÊNCIAS DE IMPOSTOS VINCULADOS À SAÚDE|NÃO SE APLICA|5194|20201029|7363.17|0.0|0.0|7363.17|0.0|48.62|0.0|0.0|0.0|7314.55|0.0
3110004|303|02|382323|2020|4|10 - SAÚDE|301 - ATENÇÃO BÁSICA|0029 - ATENÇÃO BÁSICA|2063 - MANUTENÇÃO DA ATENÇÃO BÁSICA||3.1.90.13.03 - 3.1.90.13.03|102 - RECEITAS DE IMPOSTOS E DE TRANSFERÊNCIAS DE IMPOSTOS VINCULADOS À SAÚDE|NÃO SE APLICA|1687|20200327|0.0|0.0|0.0|0.0|0.0|2645.79|0.0|0.0|0.0|-2645.79|0.0
3110004|303|02|382334|2020|6|10 - SAÚDE|122 - ADMINISTRAÇÃO GERAL|0047 - MANUTENÇÃO DO SERVIÇO DE TRANSPORTE DE PACIENTES|2110 - MANUTENÇÃO DO SETOR DE TRANSPORTE||3.3.90.14.05 - 3.3.90.14.05|102 - RECEITAS DE IMPOSTOS E DE TRANSFERÊNCIAS DE IMPOSTOS VINCULADOS À SAÚDE|NÃO SE APLICA|2319|20200513|0.0|0.0|0.0|0.0|0.0|944.0|0.0|0.0|0.0|-944.0|0.0
3110004|303|02|382323|2020|3|10 - SAÚDE|122 - ADMINISTRAÇÃO GERAL|0032 - ASSISTÊNCIA FARMACÊUTCA|2069 - MANUTENÇÃO DA FARMÁCIA BÁSICA||3.1.90.13.03 - 3.1.90.13.03|102 - RECEITAS DE IMPOSTOS E DE TRANSFERÊNCIAS DE IMPOSTOS VINCULADOS À SAÚDE|NÃO SE APLICA|1197|20200221|0.0|0.0|0.0|0.0|0.0|2039.94|0.0|0.0|0.0|-2039.94|0.0
3110004|303|02|382323|2020|7|10 - SAÚDE|302 - ASSISTÊNCIA HOSPITALAR E AMBULATORIAL|0080 - SAÚDE MENTAL|2104 - MANUTENÇÃO DO SETOR DE SAÚDE MENTAL||3.1.90.11.11 - 3.1.90.11.11|102 - RECEITAS DE IMPOSTOS E DE TRANSFERÊNCIAS DE IMPOSTOS VINCULADOS À SAÚDE|NÃO SE APLICA|3575|20200731|23752.98|0.0|0.0|23752.98|0.0|23752.98|0.0|0.0|0.0|0.0|0.0
3110004|303|02|382334|2020|11|10 - SAÚDE|122 - ADMINISTRAÇÃO GERAL|0040 - GESTÃO DA SECRETARIA DE SAÚDE|2089 - MANUTENÇÃO DA SECRETARIA DE SAÚDE||3.3.90.49.00 - 3.3.90.49.00|102 - RECEITAS DE IMPOSTOS E DE TRANSFERÊNCIAS DE IMPOSTOS VINCULADOS À SAÚDE|NÃO SE APLICA|257|20200124|0.0|0.0|15000.0|0.0|0.0|0.0|0.0|0.0|0.0|0.0|-15000.0
3110004|303|02|382334|2020|9|10 - SAÚDE|122 - ADMINISTRAÇÃO GERAL|0040 - GESTÃO DA SECRETARIA DE SAÚDE|2089 - MANUTENÇÃO DA SECRETARIA DE SAÚDE||3.3.90.14.05 - 3.3.90.14.05|102 - RECEITAS DE IMPOSTOS E DE TRANSFERÊNCIAS DE IMPOSTOS VINCULADOS À SAÚDE|NÃO SE APLICA|4382|20200918|472.0|0.0|0.0|472.0|0.0|472.0|0.0|0.0|0.0|0.0|0.0
3110004|303|02|382334|2020|7|10 - SAÚDE|122 - ADMINISTRAÇÃO GERAL|0047 - MANUTENÇÃO DO SERVIÇO DE TRANSPORTE DE PACIENTES|2110 - MANUTENÇÃO DO SETOR DE TRANSPORTE||3.3.90.30.37 - 3.3.90.30.37|102 - RECEITAS DE IMPOSTOS E DE TRANSFERÊNCIAS DE IMPOSTOS VINCULADOS À SAÚDE|NÃO SE APLICA|3701|20200731|943.05|0.0|0.0|0.0|0.0|0.0|0.0|0.0|0.0|0.0|943.05
3110004|303|02|382323|2020|7|10 - SAÚDE|302 - ASSISTÊNCIA HOSPITALAR E AMBULATORIAL|0028 - CENTRO DE ESPECIALIDADES EM SAÚDE|2059 - MANUTENÇÃO DO CENTRO ESPECIALIDADES EM SAÚDE||3.3.90.39.36 - 3.3.90.39.36|102 - RECEITAS DE IMPOSTOS E DE TRANSFERÊNCIAS DE IMPOSTOS VINCULADOS À SAÚDE|NÃO SE APLICA|1440|20200318|0.0|0.0|0.0|10956.0|0.0|20064.0|0.0|0.0|0.0|-9108.0|-10956.0
3110004|303|02|382334|2020|4|10 - SAÚDE|122 - ADMINISTRAÇÃO GERAL|0040 - GESTÃO DA SECRETARIA DE SAÚDE|2089 - MANUTENÇÃO DA SECRETARIA DE SAÚDE||3.1.90.16.00 - 3.1.90.16.00|102 - RECEITAS DE IMPOSTOS E DE TRANSFERÊNCIAS DE IMPOSTOS VINCULADOS À SAÚDE|NÃO SE APLICA|2024|20200429|609.84|0.0|0.0|609.84|0.0|609.84|0.0|0.0|0.0|0.0|0.0
3110004|303|02|382334|2020|8|10 - SAÚDE|122 - ADMINISTRAÇÃO GERAL|0047 - MANUTENÇÃO DO SERVIÇO DE TRANSPORTE DE PACIENTES|2110 - MANUTENÇÃO DO SETOR DE TRANSPORTE||3.3.90.39.99 - 3.3.90.39.99|102 - RECEITAS DE IMPOSTOS E DE TRANSFERÊNCIAS DE IMPOSTOS VINCULADOS À SAÚDE|NÃO SE APLICA|3190|20200630|0.0|0.0|0.0|15197.19|0.0|13305.57|0.0|0.0|0.0|1891.62|-15197.19
3110004|303|02|382323|2020|12|10 - SAÚDE|122 - ADMINISTRAÇÃO GERAL|0032 - ASSISTÊNCIA FARMACÊUTCA|2069 - MANUTENÇÃO DA FARMÁCIA BÁSICA||3.3.90.30.09 - 3.3.90.30.09|102 - RECEITAS DE IMPOSTOS E DE TRANSFERÊNCIAS DE IMPOSTOS VINCULADOS À SAÚDE|NÃO SE APLICA|2735|20200608|0.0|0.0|59.8|0.0|0.0|0.0|0.0|0.0|0.0|0.0|-59.8
3110004|303|02|382323|2020|7|10 - SAÚDE|302 - ASSISTÊNCIA HOSPITALAR E AMBULATORIAL|0048 - URGÊNCIA E EMERGÊNCIA|2403 - MANUTENÇÃO DO SAMU||3.1.90.13.03 - 3.1.90.13.03|102 - RECEITAS DE IMPOSTOS E DE TRANSFERÊNCIAS DE IMPOSTOS VINCULADOS À SAÚDE|NÃO SE APLICA|3686|20200731|4570.21|0.0|0.0|4570.21|0.0|0.0|0.0|0.0|0.0|4570.21|0.0
3110004|303|02|382334|2020|9|10 - SAÚDE|122 - ADMINISTRAÇÃO GERAL|0047 - MANUTENÇÃO DO SERVIÇO DE TRANSPORTE DE PACIENTES|2110 - MANUTENÇÃO DO SETOR DE TRANSPORTE||3.3.90.14.05 - 3.3.90.14.05|102 - RECEITAS DE IMPOSTOS E DE TRANSFERÊNCIAS DE IMPOSTOS VINCULADOS À SAÚDE|NÃO SE APLICA|3915|20200821|0.0|0.0|0.0|0.0|0.0|1180.0|0.0|0.0|0.0|-1180.0|0.0
3110004|303|02|382323|2020|4|10 - SAÚDE|122 - ADMINISTRAÇÃO GERAL|0032 - ASSISTÊNCIA FARMACÊUTCA|2069 - MANUTENÇÃO DA FARMÁCIA BÁSICA||3.3.90.30.09 - 3.3.90.30.09|102 - RECEITAS DE IMPOSTOS E DE TRANSFERÊNCIAS DE IMPOSTOS VINCULADOS À SAÚDE|NÃO SE APLICA|1798|20200406|806.82|0.0|0.0|0.0|0.0|0.0|0.0|0.0|0.0|0.0|806.82
3110004|303|02|382334|2020|12|10 - SAÚDE|122 - ADMINISTRAÇÃO GERAL|0040 - GESTÃO DA SECRETARIA DE SAÚDE|2089 - MANUTENÇÃO DA SECRETARIA DE SAÚDE||3.1.90.11.05 - 3.1.90.11.05|102 - RECEITAS DE IMPOSTOS E DE TRANSFERÊNCIAS DE IMPOSTOS VINCULADOS À SAÚDE|NÃO SE APLICA|6165|20201228|4974.96|0.0|0.0|4974.96|0.0|4974.96|0.0|0.0|0.0|0.0|0.0
3110004|303|02|382323|2020|11|10 - SAÚDE|301 - ATENÇÃO BÁSICA|0029 - ATENÇÃO BÁSICA|2063 - MANUTENÇÃO DA ATENÇÃO BÁSICA||3.1.90.94.01 - 3.1.90.94.01|102 - RECEITAS DE IMPOSTOS E DE TRANSFERÊNCIAS DE IMPOSTOS VINCULADOS À SAÚDE|NÃO SE APLICA|5285|20201113|2674.82|0.0|0.0|2674.82|0.0|2674.82|0.0|0.0|0.0|0.0|0.0
3110004|303|02|382334|2020|4|10 - SAÚDE|122 - ADMINISTRAÇÃO GERAL|0047 - MANUTENÇÃO DO SERVIÇO DE TRANSPORTE DE PACIENTES|2110 - MANUTENÇÃO DO SETOR DE TRANSPORTE||3.3.90.39.46 - 3.3.90.39.46|102 - RECEITAS DE IMPOSTOS E DE TRANSFERÊNCIAS DE IMPOSTOS VINCULADOS À SAÚDE|NÃO SE APLICA|898|20200218|0.0|0.0|0.0|33000.0|0.0|33000.0|0.0|0.0|0.0|0.0|-33000.0
3110004|303|02|382323|2020|12|10 - SAÚDE|302 - ASSISTÊNCIA HOSPITALAR E AMBULATORIAL|0039 - GESTÃO DA FISIOTERAPIA|2086 - MANUTENÇÃO DO SETOR DA FISIOTERAPIA||3.1.90.11.11 - 3.1.90.11.11|102 - RECEITAS DE IMPOSTOS E DE TRANSFERÊNCIAS DE IMPOSTOS VINCULADOS À SAÚDE|NÃO SE APLICA|5866|20201214|13868.15|0.0|0.0|13868.15|0.0|13868.15|0.0|0.0|0.0|0.0|0.0
3110004|303|02|382334|2020|7|10 - SAÚDE|122 - ADMINISTRAÇÃO GERAL|0047 - MANUTENÇÃO DO SERVIÇO DE TRANSPORTE DE PACIENTES|2110 - MANUTENÇÃO DO SETOR DE TRANSPORTE||3.1.90.11.11 - 3.1.90.11.11|102 - RECEITAS DE IMPOSTOS E DE TRANSFERÊNCIAS DE IMPOSTOS VINCULADOS À SAÚDE|NÃO SE APLICA|3540|20200731|32495.5|0.0|0.0|32495.5|0.0|32495.5|0.0|0.0|0.0|0.0|0.0
3110004|303|02|382334|2020|11|10 - SAÚDE|122 - ADMINISTRAÇÃO GERAL|0047 - MANUTENÇÃO DO SERVIÇO DE TRANSPORTE DE PACIENTES|2110 - MANUTENÇÃO DO SETOR DE TRANSPORTE||3.3.90.14.05 - 3.3.90.14.05|102 - RECEITAS DE IMPOSTOS E DE TRANSFERÊNCIAS DE IMPOSTOS VINCULADOS À SAÚDE|NÃO SE APLICA|5643|20201127|259.6|0.0|0.0|259.6|0.0|0.0|0.0|0.0|0.0|259.6|0.0
3110004|303|02|382334|2020|12|10 - SAÚDE|122 - ADMINISTRAÇÃO GERAL|0040 - GESTÃO DA SECRETARIA DE SAÚDE|2089 - MANUTENÇÃO DA SECRETARIA DE SAÚDE||3.3.90.49.00 - 3.3.90.49.00|102 - RECEITAS DE IMPOSTOS E DE TRANSFERÊNCIAS DE IMPOSTOS VINCULADOS À SAÚDE|NÃO SE APLICA|258|20200124|0.0|0.0|162.8|504.0|0.0|504.0|0.0|0.0|0.0|0.0|-666.8
3110004|303|02|382323|2020|3|10 - SAÚDE|302 - ASSISTÊNCIA HOSPITALAR E AMBULATORIAL|0080 - SAÚDE MENTAL|2104 - MANUTENÇÃO DO SETOR DE SAÚDE MENTAL||3.1.90.13.01 - 3.1.90.13.01|102 - RECEITAS DE IMPOSTOS E DE TRANSFERÊNCIAS DE IMPOSTOS VINCULADOS À SAÚDE|NÃO SE APLICA|1697|20200327|2077.8|0.0|0.0|2077.8|0.0|0.0|0.0|0.0|0.0|2077.8|0.0
3110004|303|02|382323|2020|12|10 - SAÚDE|302 - ASSISTÊNCIA HOSPITALAR E AMBULATORIAL|0028 - CENTRO DE ESPECIALIDADES EM SAÚDE|2059 - MANUTENÇÃO DO CENTRO ESPECIALIDADES EM SAÚDE||3.3.90.39.36 - 3.3.90.39.36|102 - RECEITAS DE IMPOSTOS E DE TRANSFERÊNCIAS DE IMPOSTOS VINCULADOS À SAÚDE|NÃO SE APLICA|5753|20201209|2376.0|0.0|0.0|2376.0|0.0|2376.0|0.0|0.0|0.0|0.0|0.0
3110004|303|02|382323|2020|9|10 - SAÚDE|302 - ASSISTÊNCIA HOSPITALAR E AMBULATORIAL|0039 - GESTÃO DA FISIOTERAPIA|2086 - MANUTENÇÃO DO SETOR DA FISIOTERAPIA||3.1.90.13.01 - 3.1.90.13.01|102 - RECEITAS DE IMPOSTOS E DE TRANSFERÊNCIAS DE IMPOSTOS VINCULADOS À SAÚDE|NÃO SE APLICA|4711|20200930|913.38|0.0|0.0|913.38|0.0|0.0|0.0|0.0|0.0|913.38|0.0
3110004|303|02|382323|2020|4|10 - SAÚDE|302 - ASSISTÊNCIA HOSPITALAR E AMBULATORIAL|0048 - URGÊNCIA E EMERGÊNCIA|2403 - MANUTENÇÃO DO SAMU||3.1.90.13.03 - 3.1.90.13.03|102 - RECEITAS DE IMPOSTOS E DE TRANSFERÊNCIAS DE IMPOSTOS VINCULADOS À SAÚDE|NÃO SE APLICA|2168|20200429|6891.79|0.0|0.0|6891.79|0.0|0.0|0.0|0.0|0.0|6891.79|0.0
3110004|303|02|382323|2020|2|10 - SAÚDE|302 - ASSISTÊNCIA HOSPITALAR E AMBULATORIAL|0048 - URGÊNCIA E EMERGÊNCIA|2403 - MANUTENÇÃO DO SAMU||3.1.90.13.03 - 3.1.90.13.03|102 - RECEITAS DE IMPOSTOS E DE TRANSFERÊNCIAS DE IMPOSTOS VINCULADOS À SAÚDE|NÃO SE APLICA|546|20200130|0.0|0.0|0.0|0.0|0.0|7389.77|0.0|0.0|0.0|-7389.77|0.0
3110004|303|02|382334|2020|5|10 - SAÚDE|122 - ADMINISTRAÇÃO GERAL|0047 - MANUTENÇÃO DO SERVIÇO DE TRANSPORTE DE PACIENTES|2110 - MANUTENÇÃO DO SETOR DE TRANSPORTE||3.3.90.14.05 - 3.3.90.14.05|102 - RECEITAS DE IMPOSTOS E DE TRANSFERÊNCIAS DE IMPOSTOS VINCULADOS À SAÚDE|NÃO SE APLICA|2267|20200508|1180.0|0.0|0.0|1180.0|0.0|1180.0|0.0|0.0|0.0|0.0|0.0
3110004|303|02|382323|2020|12|10 - SAÚDE|122 - ADMINISTRAÇÃO GERAL|0042 - SERVIÇO DE REGULAÇÃO EM SAÚDE|2094 - MANUTENÇÃO DA REGULAÇÃO EM SAÚDE||3.1.90.13.01 - 3.1.90.13.01|102 - RECEITAS DE IMPOSTOS E DE TRANSFERÊNCIAS DE IMPOSTOS VINCULADOS À SAÚDE|NÃO SE APLICA|5600|20201127|0.0|0.0|0.0|0.0|0.0|1349.24|0.0|0.0|0.0|-1349.24|0.0
3110004|303|02|382334|2020|6|10 - SAÚDE|122 - ADMINISTRAÇÃO GERAL|0047 - MANUTENÇÃO DO SERVIÇO DE TRANSPORTE DE PACIENTES|2110 - MANUTENÇÃO DO SETOR DE TRANSPORTE||3.3.90.14.05 - 3.3.90.14.05|102 - RECEITAS DE IMPOSTOS E DE TRANSFERÊNCIAS DE IMPOSTOS VINCULADOS À SAÚDE|NÃO SE APLICA|2323|20200513|0.0|0.0|0.0|0.0|0.0|944.0|0.0|0.0|0.0|-944.0|0.0
3110004|303|02|382323|2020|9|10 - SAÚDE|122 - ADMINISTRAÇÃO GERAL|0032 - ASSISTÊNCIA FARMACÊUTCA|2069 - MANUTENÇÃO DA FARMÁCIA BÁSICA||3.1.90.13.03 - 3.1.90.13.03|102 - RECEITAS DE IMPOSTOS E DE TRANSFERÊNCIAS DE IMPOSTOS VINCULADOS À SAÚDE|NÃO SE APLICA|4156|20200828|0.0|0.0|0.0|0.0|0.0|2128.83|0.0|0.0|0.0|-2128.83|0.0
3110004|303|02|382334|2020|8|10 - SAÚDE|122 - ADMINISTRAÇÃO GERAL|0040 - GESTÃO DA SECRETARIA DE SAÚDE|2089 - MANUTENÇÃO DA SECRETARIA DE SAÚDE||3.3.90.14.05 - 3.3.90.14.05|102 - RECEITAS DE IMPOSTOS E DE TRANSFERÊNCIAS DE IMPOSTOS VINCULADOS À SAÚDE|NÃO SE APLICA|4186|20200828|283.2|0.0|0.0|283.2|0.0|283.2|0.0|0.0|0.0|0.0|0.0
3110004|303|02|382323|2020|12|10 - SAÚDE|302 - ASSISTÊNCIA HOSPITALAR E AMBULATORIAL|0080 - SAÚDE MENTAL|2104 - MANUTENÇÃO DO SETOR DE SAÚDE MENTAL||3.1.90.13.03 - 3.1.90.13.03|102 - RECEITAS DE IMPOSTOS E DE TRANSFERÊNCIAS DE IMPOSTOS VINCULADOS À SAÚDE|NÃO SE APLICA|6325|20201228|5584.26|0.0|0.0|5584.26|0.0|5584.26|0.0|0.0|0.0|0.0|0.0
3110004|303|02|382323|2020|6|10 - SAÚDE|122 - ADMINISTRAÇÃO GERAL|0032 - ASSISTÊNCIA FARMACÊUTCA|2069 - MANUTENÇÃO DA FARMÁCIA BÁSICA||3.3.90.30.09 - 3.3.90.30.09|102 - RECEITAS DE IMPOSTOS E DE TRANSFERÊNCIAS DE IMPOSTOS VINCULADOS À SAÚDE|NÃO SE APLICA|2772|20200610|22073.24|0.0|0.0|0.0|0.0|0.0|0.0|0.0|0.0|0.0|22073.24
3110004|303|02|382323|2020|9|10 - SAÚDE|122 - ADMINISTRAÇÃO GERAL|0032 - ASSISTÊNCIA FARMACÊUTCA|2069 - MANUTENÇÃO DA FARMÁCIA BÁSICA||3.1.90.13.01 - 3.1.90.13.01|102 - RECEITAS DE IMPOSTOS E DE TRANSFERÊNCIAS DE IMPOSTOS VINCULADOS À SAÚDE|NÃO SE APLICA|4155|20200828|0.0|0.0|0.0|0.0|0.0|723.33|0.0|0.0|0.0|-723.33|0.0
3110004|303|02|382334|2020|9|10 - SAÚDE|122 - ADMINISTRAÇÃO GERAL|0040 - GESTÃO DA SECRETARIA DE SAÚDE|2089 - MANUTENÇÃO DA SECRETARIA DE SAÚDE||3.1.90.11.05 - 3.1.90.11.05|102 - RECEITAS DE IMPOSTOS E DE TRANSFERÊNCIAS DE IMPOSTOS VINCULADOS À SAÚDE|NÃO SE APLICA|4560|20200930|5487.55|0.0|0.0|5487.55|0.0|5487.55|0.0|0.0|0.0|0.0|0.0
3110004|303|02|382334|2020|4|10 - SAÚDE|122 - ADMINISTRAÇÃO GERAL|0047 - MANUTENÇÃO DO SERVIÇO DE TRANSPORTE DE PACIENTES|2110 - MANUTENÇÃO DO SETOR DE TRANSPORTE||3.1.90.13.01 - 3.1.90.13.01|102 - RECEITAS DE IMPOSTOS E DE TRANSFERÊNCIAS DE IMPOSTOS VINCULADOS À SAÚDE|NÃO SE APLICA|2131|20200429|4329.58|0.0|0.0|4329.58|0.0|0.0|0.0|0.0|0.0|4329.58|0.0
3110004|303|02|382323|2020|8|10 - SAÚDE|302 - ASSISTÊNCIA HOSPITALAR E AMBULATORIAL|0048 - URGÊNCIA E EMERGÊNCIA|2403 - MANUTENÇÃO DO SAMU||3.1.90.13.01 - 3.1.90.13.01|102 - RECEITAS DE IMPOSTOS E DE TRANSFERÊNCIAS DE IMPOSTOS VINCULADOS À SAÚDE|NÃO SE APLICA|4168|20200828|1649.82|0.0|0.0|1649.82|0.0|0.0|0.0|0.0|0.0|1649.82|0.0
3110004|303|02|382323|2020|2|10 - SAÚDE|302 - ASSISTÊNCIA HOSPITALAR E AMBULATORIAL|0039 - GESTÃO DA FISIOTERAPIA|2086 - MANUTENÇÃO DO SETOR DA FISIOTERAPIA||3.1.90.13.03 - 3.1.90.13.03|102 - RECEITAS DE IMPOSTOS E DE TRANSFERÊNCIAS DE IMPOSTOS VINCULADOS À SAÚDE|NÃO SE APLICA|1206|20200221|2673.48|0.0|0.0|2673.48|0.0|0.0|0.0|0.0|0.0|2673.48|0.0
3110004|303|02|382323|2020|9|10 - SAÚDE|302 - ASSISTÊNCIA HOSPITALAR E AMBULATORIAL|0048 - URGÊNCIA E EMERGÊNCIA|2403 - MANUTENÇÃO DO SAMU||3.1.90.16.00 - 3.1.90.16.00|102 - RECEITAS DE IMPOSTOS E DE TRANSFERÊNCIAS DE IMPOSTOS VINCULADOS À SAÚDE|NÃO SE APLICA|4600|20200930|9460.49|0.0|0.0|9460.49|0.0|9460.49|0.0|0.0|0.0|0.0|0.0
3110004|303|02|382334|2020|10|10 - SAÚDE|122 - ADMINISTRAÇÃO GERAL|0047 - MANUTENÇÃO DO SERVIÇO DE TRANSPORTE DE PACIENTES|2110 - MANUTENÇÃO DO SETOR DE TRANSPORTE||3.3.90.14.05 - 3.3.90.14.05|102 - RECEITAS DE IMPOSTOS E DE TRANSFERÊNCIAS DE IMPOSTOS VINCULADOS À SAÚDE|NÃO SE APLICA|4900|20201023|236.0|0.0|0.0|236.0|0.0|236.0|0.0|0.0|0.0|0.0|0.0
3110004|303|02|382334|2020|11|10 - SAÚDE|122 - ADMINISTRAÇÃO GERAL|0047 - MANUTENÇÃO DO SERVIÇO DE TRANSPORTE DE PACIENTES|2110 - MANUTENÇÃO DO SETOR DE TRANSPORTE||3.3.90.14.05 - 3.3.90.14.05|102 - RECEITAS DE IMPOSTOS E DE TRANSFERÊNCIAS DE IMPOSTOS VINCULADOS À SAÚDE|NÃO SE APLICA|5376|20201125|944.0|0.0|0.0|944.0|0.0|944.0|0.0|0.0|0.0|0.0|0.0
3110004|303|02|382334|2020|6|10 - SAÚDE|122 - ADMINISTRAÇÃO GERAL|0047 - MANUTENÇÃO DO SERVIÇO DE TRANSPORTE DE PACIENTES|2110 - MANUTENÇÃO DO SETOR DE TRANSPORTE||3.3.90.39.53 - 3.3.90.39.53|102 - RECEITAS DE IMPOSTOS E DE TRANSFERÊNCIAS DE IMPOSTOS VINCULADOS À SAÚDE|NÃO SE APLICA|621|20200130|0.0|0.0|0.0|3598.8|0.0|3598.8|0.0|0.0|0.0|0.0|-3598.8
3110004|303|02|382334|2020|8|10 - SAÚDE|122 - ADMINISTRAÇÃO GERAL|0047 - MANUTENÇÃO DO SERVIÇO DE TRANSPORTE DE PACIENTES|2110 - MANUTENÇÃO DO SETOR DE TRANSPORTE||3.3.90.14.05 - 3.3.90.14.05|102 - RECEITAS DE IMPOSTOS E DE TRANSFERÊNCIAS DE IMPOSTOS VINCULADOS À SAÚDE|NÃO SE APLICA|3446|20200727|0.0|0.0|0.0|0.0|0.0|1416.0|0.0|0.0|0.0|-1416.0|0.0
3110004|303|02|382334|2020|2|10 - SAÚDE|122 - ADMINISTRAÇÃO GERAL|0040 - GESTÃO DA SECRETARIA DE SAÚDE|2089 - MANUTENÇÃO DA SECRETARIA DE SAÚDE||3.3.90.39.29 - 3.3.90.39.29|102 - RECEITAS DE IMPOSTOS E DE TRANSFERÊNCIAS DE IMPOSTOS VINCULADOS À SAÚDE|NÃO SE APLICA|11|20200102|0.0|0.0|0.0|930.22|0.0|930.22|0.0|0.0|0.0|0.0|-930.22
3110004|303|02|382334|2020|6|10 - SAÚDE|122 - ADMINISTRAÇÃO GERAL|0040 - GESTÃO DA SECRETARIA DE SAÚDE|2089 - MANUTENÇÃO DA SECRETARIA DE SAÚDE||3.1.90.11.05 - 3.1.90.11.05|102 - RECEITAS DE IMPOSTOS E DE TRANSFERÊNCIAS DE IMPOSTOS VINCULADOS À SAÚDE|NÃO SE APLICA|3022|20200630|3941.75|0.0|0.0|3941.75|0.0|3941.75|0.0|0.0|0.0|0.0|0.0
3110004|303|02|382323|2020|6|10 - SAÚDE|302 - ASSISTÊNCIA HOSPITALAR E AMBULATORIAL|0048 - URGÊNCIA E EMERGÊNCIA|2403 - MANUTENÇÃO DO SAMU||3.3.90.14.05 - 3.3.90.14.05|102 - RECEITAS DE IMPOSTOS E DE TRANSFERÊNCIAS DE IMPOSTOS VINCULADOS À SAÚDE|NÃO SE APLICA|2932|20200624|94.4|0.0|0.0|94.4|0.0|94.4|0.0|0.0|0.0|0.0|0.0
3110004|303|02|382323|2020|9|10 - SAÚDE|122 - ADMINISTRAÇÃO GERAL|0032 - ASSISTÊNCIA FARMACÊUTCA|2069 - MANUTENÇÃO DA FARMÁCIA BÁSICA||3.1.90.13.01 - 3.1.90.13.01|102 - RECEITAS DE IMPOSTOS E DE TRANSFERÊNCIAS DE IMPOSTOS VINCULADOS À SAÚDE|NÃO SE APLICA|4702|20200930|723.33|0.0|0.0|723.33|0.0|0.0|0.0|0.0|0.0|723.33|0.0
3110004|303|02|382323|2020|11|10 - SAÚDE|122 - ADMINISTRAÇÃO GERAL|0032 - ASSISTÊNCIA FARMACÊUTCA|2069 - MANUTENÇÃO DA FARMÁCIA BÁSICA||3.1.90.13.01 - 3.1.90.13.01|102 - RECEITAS DE IMPOSTOS E DE TRANSFERÊNCIAS DE IMPOSTOS VINCULADOS À SAÚDE|NÃO SE APLICA|5598|20201127|723.33|0.0|0.0|723.33|0.0|0.0|0.0|0.0|0.0|723.33|0.0
3110004|303|02|382334|2020|5|10 - SAÚDE|122 - ADMINISTRAÇÃO GERAL|0040 - GESTÃO DA SECRETARIA DE SAÚDE|2089 - MANUTENÇÃO DA SECRETARIA DE SAÚDE||3.3.90.30.26 - 3.3.90.30.26|102 - RECEITAS DE IMPOSTOS E DE TRANSFERÊNCIAS DE IMPOSTOS VINCULADOS À SAÚDE|NÃO SE APLICA|958|20200221|0.0|0.0|0.0|115.22|0.0|115.22|0.0|0.0|0.0|0.0|-115.22
3110004|303|02|382323|2020|11|10 - SAÚDE|122 - ADMINISTRAÇÃO GERAL|0032 - ASSISTÊNCIA FARMACÊUTCA|2069 - MANUTENÇÃO DA FARMÁCIA BÁSICA||3.3.90.36.14 - 3.3.90.36.14|102 - RECEITAS DE IMPOSTOS E DE TRANSFERÊNCIAS DE IMPOSTOS VINCULADOS À SAÚDE|NÃO SE APLICA|761|20200210|0.0|0.0|0.0|3863.44|0.0|1933.8|0.0|0.0|0.0|1929.64|-3863.44
3110004|303|02|382323|2020|8|10 - SAÚDE|122 - ADMINISTRAÇÃO GERAL|0032 - ASSISTÊNCIA FARMACÊUTCA|2069 - MANUTENÇÃO DA FARMÁCIA BÁSICA||3.1.90.13.01 - 3.1.90.13.01|102 - RECEITAS DE IMPOSTOS E DE TRANSFERÊNCIAS DE IMPOSTOS VINCULADOS À SAÚDE|NÃO SE APLICA|4155|20200828|723.33|0.0|0.0|723.33|0.0|0.0|0.0|0.0|0.0|723.33|0.0
3110004|303|02|382323|2020|7|10 - SAÚDE|122 - ADMINISTRAÇÃO GERAL|0032 - ASSISTÊNCIA FARMACÊUTCA|2069 - MANUTENÇÃO DA FARMÁCIA BÁSICA||3.3.90.30.09 - 3.3.90.30.09|102 - RECEITAS DE IMPOSTOS E DE TRANSFERÊNCIAS DE IMPOSTOS VINCULADOS À SAÚDE|NÃO SE APLICA|2735|20200608|0.0|0.0|0.0|299.0|0.0|299.0|0.0|0.0|0.0|0.0|-299.0
3110004|303|02|382323|2020|8|10 - SAÚDE|302 - ASSISTÊNCIA HOSPITALAR E AMBULATORIAL|0080 - SAÚDE MENTAL|2104 - MANUTENÇÃO DO SETOR DE SAÚDE MENTAL||3.1.90.13.03 - 3.1.90.13.03|102 - RECEITAS DE IMPOSTOS E DE TRANSFERÊNCIAS DE IMPOSTOS VINCULADOS À SAÚDE|NÃO SE APLICA|4171|20200828|5584.26|0.0|0.0|5584.26|0.0|0.0|0.0|0.0|0.0|5584.26|0.0
3110004|303|02|382334|2020|11|10 - SAÚDE|122 - ADMINISTRAÇÃO GERAL|0047 - MANUTENÇÃO DO SERVIÇO DE TRANSPORTE DE PACIENTES|2110 - MANUTENÇÃO DO SETOR DE TRANSPORTE||3.3.90.14.05 - 3.3.90.14.05|102 - RECEITAS DE IMPOSTOS E DE TRANSFERÊNCIAS DE IMPOSTOS VINCULADOS À SAÚDE|NÃO SE APLICA|5628|20201127|1180.0|0.0|0.0|1180.0|0.0|0.0|0.0|0.0|0.0|1180.0|0.0
3110004|303|02|382323|2020|5|10 - SAÚDE|302 - ASSISTÊNCIA HOSPITALAR E AMBULATORIAL|0048 - URGÊNCIA E EMERGÊNCIA|2403 - MANUTENÇÃO DO SAMU||3.1.90.13.01 - 3.1.90.13.01|102 - RECEITAS DE IMPOSTOS E DE TRANSFERÊNCIAS DE IMPOSTOS VINCULADOS À SAÚDE|NÃO SE APLICA|2167|20200429|0.0|0.0|0.0|0.0|0.0|2044.61|0.0|0.0|0.0|-2044.61|0.0
3110004|303|02|382323|2020|8|10 - SAÚDE|302 - ASSISTÊNCIA HOSPITALAR E AMBULATORIAL|0028 - CENTRO DE ESPECIALIDADES EM SAÚDE|2059 - MANUTENÇÃO DO CENTRO ESPECIALIDADES EM SAÚDE||3.1.90.13.01 - 3.1.90.13.01|102 - RECEITAS DE IMPOSTOS E DE TRANSFERÊNCIAS DE IMPOSTOS VINCULADOS À SAÚDE|NÃO SE APLICA|3679|20200731|0.0|0.0|0.0|0.0|0.0|4611.84|0.0|0.0|0.0|-4611.84|0.0
3110004|303|02|382334|2020|8|10 - SAÚDE|122 - ADMINISTRAÇÃO GERAL|0047 - MANUTENÇÃO DO SERVIÇO DE TRANSPORTE DE PACIENTES|2110 - MANUTENÇÃO DO SETOR DE TRANSPORTE||3.1.90.16.00 - 3.1.90.16.00|102 - RECEITAS DE IMPOSTOS E DE TRANSFERÊNCIAS DE IMPOSTOS VINCULADOS À SAÚDE|NÃO SE APLICA|4022|20200828|14937.42|0.0|0.0|14937.42|0.0|14937.42|0.0|0.0|0.0|0.0|0.0
3110004|303|02|382334|2020|2|10 - SAÚDE|122 - ADMINISTRAÇÃO GERAL|0040 - GESTÃO DA SECRETARIA DE SAÚDE|2089 - MANUTENÇÃO DA SECRETARIA DE SAÚDE||3.1.90.13.03 - 3.1.90.13.03|102 - RECEITAS DE IMPOSTOS E DE TRANSFERÊNCIAS DE IMPOSTOS VINCULADOS À SAÚDE|NÃO SE APLICA|1170|20200221|5164.74|0.0|0.0|5164.74|0.0|145.86|0.0|0.0|0.0|5018.88|0.0
3110004|303|02|382334|2020|5|10 - SAÚDE|122 - ADMINISTRAÇÃO GERAL|0047 - MANUTENÇÃO DO SERVIÇO DE TRANSPORTE DE PACIENTES|2110 - MANUTENÇÃO DO SETOR DE TRANSPORTE||3.3.90.14.05 - 3.3.90.14.05|102 - RECEITAS DE IMPOSTOS E DE TRANSFERÊNCIAS DE IMPOSTOS VINCULADOS À SAÚDE|NÃO SE APLICA|2320|20200513|472.0|0.0|0.0|472.0|0.0|0.0|0.0|0.0|0.0|472.0|0.0
3110004|303|02|382323|2020|8|10 - SAÚDE|305 - VIGILÂNCIA EPIDEMIOLÓGICA|0049 - VIGILÂNCIA EM SAÚDE|2399 - MANUTENÇÃO DA VIGILÂNCIA EM SAÚDE||3.3.90.30.39 - 3.3.90.30.39|102 - RECEITAS DE IMPOSTOS E DE TRANSFERÊNCIAS DE IMPOSTOS VINCULADOS À SAÚDE|NÃO SE APLICA|3771|20200810|2330.0|0.0|0.0|2330.0|0.0|0.0|0.0|0.0|0.0|2330.0|0.0
3110004|303|02|382334|2020|12|10 - SAÚDE|122 - ADMINISTRAÇÃO GERAL|0047 - MANUTENÇÃO DO SERVIÇO DE TRANSPORTE DE PACIENTES|2110 - MANUTENÇÃO DO SETOR DE TRANSPORTE||3.3.90.14.05 - 3.3.90.14.05|102 - RECEITAS DE IMPOSTOS E DE TRANSFERÊNCIAS DE IMPOSTOS VINCULADOS À SAÚDE|NÃO SE APLICA|5637|20201127|0.0|0.0|0.0|0.0|0.0|472.0|0.0|0.0|0.0|-472.0|0.0
3110004|303|02|382334|2020|4|10 - SAÚDE|122 - ADMINISTRAÇÃO GERAL|0047 - MANUTENÇÃO DO SERVIÇO DE TRANSPORTE DE PACIENTES|2110 - MANUTENÇÃO DO SETOR DE TRANSPORTE||3.3.90.14.05 - 3.3.90.14.05|102 - RECEITAS DE IMPOSTOS E DE TRANSFERÊNCIAS DE IMPOSTOS VINCULADOS À SAÚDE|NÃO SE APLICA|1783|20200403|424.8|0.0|0.0|424.8|0.0|424.8|0.0|0.0|0.0|0.0|0.0
3110004|303|02|382323|2020|6|10 - SAÚDE|302 - ASSISTÊNCIA HOSPITALAR E AMBULATORIAL|0028 - CENTRO DE ESPECIALIDADES EM SAÚDE|2059 - MANUTENÇÃO DO CENTRO ESPECIALIDADES EM SAÚDE||3.1.90.13.03 - 3.1.90.13.03|102 - RECEITAS DE IMPOSTOS E DE TRANSFERÊNCIAS DE IMPOSTOS VINCULADOS À SAÚDE|NÃO SE APLICA|2655|20200529|0.0|0.0|0.0|0.0|0.0|13460.73|0.0|0.0|0.0|-13460.73|0.0
3110004|303|02|382323|2020|7|10 - SAÚDE|301 - ATENÇÃO BÁSICA|0029 - ATENÇÃO BÁSICA|2063 - MANUTENÇÃO DA ATENÇÃO BÁSICA||3.1.90.13.01 - 3.1.90.13.01|102 - RECEITAS DE IMPOSTOS E DE TRANSFERÊNCIAS DE IMPOSTOS VINCULADOS À SAÚDE|NÃO SE APLICA|3164|20200630|0.0|0.0|0.0|0.0|0.0|126.38|0.0|0.0|0.0|-126.38|0.0
3110004|303|02|382334|2020|10|10 - SAÚDE|122 - ADMINISTRAÇÃO GERAL|0047 - MANUTENÇÃO DO SERVIÇO DE TRANSPORTE DE PACIENTES|2110 - MANUTENÇÃO DO SETOR DE TRANSPORTE||3.1.90.11.11 - 3.1.90.11.11|102 - RECEITAS DE IMPOSTOS E DE TRANSFERÊNCIAS DE IMPOSTOS VINCULADOS À SAÚDE|NÃO SE APLICA|5046|20201029|30798.55|0.0|0.0|30798.55|0.0|30798.55|0.0|0.0|0.0|0.0|0.0
3110004|303|02|382323|2020|12|10 - SAÚDE|122 - ADMINISTRAÇÃO GERAL|0042 - SERVIÇO DE REGULAÇÃO EM SAÚDE|2094 - MANUTENÇÃO DA REGULAÇÃO EM SAÚDE||3.1.90.13.03 - 3.1.90.13.03|102 - RECEITAS DE IMPOSTOS E DE TRANSFERÊNCIAS DE IMPOSTOS VINCULADOS À SAÚDE|NÃO SE APLICA|6315|20201228|3333.32|0.0|0.0|3333.32|0.0|3333.32|0.0|0.0|0.0|0.0|0.0
3110004|303|02|382334|2020|6|10 - SAÚDE|122 - ADMINISTRAÇÃO GERAL|0047 - MANUTENÇÃO DO SERVIÇO DE TRANSPORTE DE PACIENTES|2110 - MANUTENÇÃO DO SETOR DE TRANSPORTE||3.3.90.14.05 - 3.3.90.14.05|102 - RECEITAS DE IMPOSTOS E DE TRANSFERÊNCIAS DE IMPOSTOS VINCULADOS À SAÚDE|NÃO SE APLICA|2320|20200513|0.0|0.0|0.0|0.0|0.0|472.0|0.0|0.0|0.0|-472.0|0.0
3110004|303|02|382323|2020|2|10 - SAÚDE|122 - ADMINISTRAÇÃO GERAL|0032 - ASSISTÊNCIA FARMACÊUTCA|2069 - MANUTENÇÃO DA FARMÁCIA BÁSICA||3.3.90.30.09 - 3.3.90.30.09|102 - RECEITAS DE IMPOSTOS E DE TRANSFERÊNCIAS DE IMPOSTOS VINCULADOS À SAÚDE|NÃO SE APLICA|876|20200218|9500.6|0.0|0.0|0.0|0.0|0.0|0.0|0.0|0.0|0.0|9500.6
3110004|303|02|382323|2020|11|10 - SAÚDE|302 - ASSISTÊNCIA HOSPITALAR E AMBULATORIAL|0048 - URGÊNCIA E EMERGÊNCIA|2403 - MANUTENÇÃO DO SAMU||3.1.90.13.01 - 3.1.90.13.01|102 - RECEITAS DE IMPOSTOS E DE TRANSFERÊNCIAS DE IMPOSTOS VINCULADOS À SAÚDE|NÃO SE APLICA|5195|20201029|0.0|0.0|0.0|0.0|0.0|1564.36|0.0|0.0|0.0|-1564.36|0.0
3110004|303|02|382323|2020|9|10 - SAÚDE|302 - ASSISTÊNCIA HOSPITALAR E AMBULATORIAL|0039 - GESTÃO DA FISIOTERAPIA|2086 - MANUTENÇÃO DO SETOR DA FISIOTERAPIA||3.1.90.13.01 - 3.1.90.13.01|102 - RECEITAS DE IMPOSTOS E DE TRANSFERÊNCIAS DE IMPOSTOS VINCULADOS À SAÚDE|NÃO SE APLICA|4164|20200828|0.0|0.0|0.0|0.0|0.0|913.38|0.0|0.0|0.0|-913.38|0.0
3110004|303|02|382334|2020|4|10 - SAÚDE|122 - ADMINISTRAÇÃO GERAL|0047 - MANUTENÇÃO DO SERVIÇO DE TRANSPORTE DE PACIENTES|2110 - MANUTENÇÃO DO SETOR DE TRANSPORTE||3.3.90.14.05 - 3.3.90.14.05|102 - RECEITAS DE IMPOSTOS E DE TRANSFERÊNCIAS DE IMPOSTOS VINCULADOS À SAÚDE|NÃO SE APLICA|1900|20200417|1416.0|0.0|0.0|1416.0|0.0|1416.0|0.0|0.0|0.0|0.0|0.0
3110004|303|02|382334|2020|8|10 - SAÚDE|122 - ADMINISTRAÇÃO GERAL|0047 - MANUTENÇÃO DO SERVIÇO DE TRANSPORTE DE PACIENTES|2110 - MANUTENÇÃO DO SETOR DE TRANSPORTE||3.3.90.14.05 - 3.3.90.14.05|102 - RECEITAS DE IMPOSTOS E DE TRANSFERÊNCIAS DE IMPOSTOS VINCULADOS À SAÚDE|NÃO SE APLICA|3913|20200821|708.0|0.0|0.0|708.0|0.0|708.0|0.0|0.0|0.0|0.0|0.0
3110004|303|02|382334|2020|3|10 - SAÚDE|122 - ADMINISTRAÇÃO GERAL|0047 - MANUTENÇÃO DO SERVIÇO DE TRANSPORTE DE PACIENTES|2110 - MANUTENÇÃO DO SETOR DE TRANSPORTE||3.3.90.14.05 - 3.3.90.14.05|102 - RECEITAS DE IMPOSTOS E DE TRANSFERÊNCIAS DE IMPOSTOS VINCULADOS À SAÚDE|NÃO SE APLICA|1379|20200313|1180.0|0.0|0.0|1180.0|0.0|1180.0|0.0|0.0|0.0|0.0|0.0
3110004|303|02|382323|2020|8|10 - SAÚDE|302 - ASSISTÊNCIA HOSPITALAR E AMBULATORIAL|0028 - CENTRO DE ESPECIALIDADES EM SAÚDE|2059 - MANUTENÇÃO DO CENTRO ESPECIALIDADES EM SAÚDE||3.1.90.13.03 - 3.1.90.13.03|102 - RECEITAS DE IMPOSTOS E DE TRANSFERÊNCIAS DE IMPOSTOS VINCULADOS À SAÚDE|NÃO SE APLICA|4163|20200828|15042.02|0.0|0.0|15042.02|0.0|0.0|0.0|0.0|0.0|15042.02|0.0
3110004|303|02|382334|2020|11|10 - SAÚDE|122 - ADMINISTRAÇÃO GERAL|0047 - MANUTENÇÃO DO SERVIÇO DE TRANSPORTE DE PACIENTES|2110 - MANUTENÇÃO DO SETOR DE TRANSPORTE||3.3.90.39.53 - 3.3.90.39.53|102 - RECEITAS DE IMPOSTOS E DE TRANSFERÊNCIAS DE IMPOSTOS VINCULADOS À SAÚDE|NÃO SE APLICA|5226|20201103|1226.8|0.0|0.0|1226.8|0.0|0.0|0.0|0.0|0.0|1226.8|0.0
3110004|303|02|382334|2020|10|10 - SAÚDE|122 - ADMINISTRAÇÃO GERAL|0047 - MANUTENÇÃO DO SERVIÇO DE TRANSPORTE DE PACIENTES|2110 - MANUTENÇÃO DO SETOR DE TRANSPORTE||3.3.90.14.05 - 3.3.90.14.05|102 - RECEITAS DE IMPOSTOS E DE TRANSFERÊNCIAS DE IMPOSTOS VINCULADOS À SAÚDE|NÃO SE APLICA|5211|20201029|23.6|0.0|0.0|23.6|0.0|0.0|0.0|0.0|0.0|23.6|0.0
3110004|303|02|382323|2020|12|10 - SAÚDE|305 - VIGILÂNCIA EPIDEMIOLÓGICA|0049 - VIGILÂNCIA EM SAÚDE|2399 - MANUTENÇÃO DA VIGILÂNCIA EM SAÚDE||3.1.90.11.11 - 3.1.90.11.11|102 - RECEITAS DE IMPOSTOS E DE TRANSFERÊNCIAS DE IMPOSTOS VINCULADOS À SAÚDE|NÃO SE APLICA|6213|20201228|52177.64|0.0|0.0|52177.64|0.0|52177.64|0.0|0.0|0.0|0.0|0.0
3110004|303|02|382323|2020|8|10 - SAÚDE|302 - ASSISTÊNCIA HOSPITALAR E AMBULATORIAL|0039 - GESTÃO DA FISIOTERAPIA|2086 - MANUTENÇÃO DO SETOR DA FISIOTERAPIA||3.1.90.11.11 - 3.1.90.11.11|102 - RECEITAS DE IMPOSTOS E DE TRANSFERÊNCIAS DE IMPOSTOS VINCULADOS À SAÚDE|NÃO SE APLICA|4051|20200828|15804.62|0.0|0.0|15804.62|0.0|15804.62|0.0|0.0|0.0|0.0|0.0
3110004|303|02|382334|2020|8|10 - SAÚDE|122 - ADMINISTRAÇÃO GERAL|0047 - MANUTENÇÃO DO SERVIÇO DE TRANSPORTE DE PACIENTES|2110 - MANUTENÇÃO DO SETOR DE TRANSPORTE||3.3.90.14.05 - 3.3.90.14.05|102 - RECEITAS DE IMPOSTOS E DE TRANSFERÊNCIAS DE IMPOSTOS VINCULADOS À SAÚDE|NÃO SE APLICA|3450|20200727|0.0|0.0|0.0|0.0|0.0|708.0|0.0|0.0|0.0|-708.0|0.0
3110004|303|02|382323|2020|5|10 - SAÚDE|302 - ASSISTÊNCIA HOSPITALAR E AMBULATORIAL|0043 - SAÚDE BUCAL|2099 - MANUTENÇÃO DO SETOR DE SAÚDE BUCAL||3.1.90.04.99 - 3.1.90.04.99|102 - RECEITAS DE IMPOSTOS E DE TRANSFERÊNCIAS DE IMPOSTOS VINCULADOS À SAÚDE|NÃO SE APLICA|2547|20200529|13810.85|0.0|0.0|13810.85|0.0|13810.85|0.0|0.0|0.0|0.0|0.0
3110004|303|02|382323|2020|7|10 - SAÚDE|305 - VIGILÂNCIA EPIDEMIOLÓGICA|0049 - VIGILÂNCIA EM SAÚDE|2399 - MANUTENÇÃO DA VIGILÂNCIA EM SAÚDE||3.3.90.30.06 - 3.3.90.30.06|102 - RECEITAS DE IMPOSTOS E DE TRANSFERÊNCIAS DE IMPOSTOS VINCULADOS À SAÚDE|NÃO SE APLICA|2280|20200512|0.0|0.0|0.0|7315.7|0.0|7315.7|0.0|0.0|0.0|0.0|-7315.7
3110004|303|02|382323|2020|12|10 - SAÚDE|302 - ASSISTÊNCIA HOSPITALAR E AMBULATORIAL|0028 - CENTRO DE ESPECIALIDADES EM SAÚDE|2059 - MANUTENÇÃO DO CENTRO ESPECIALIDADES EM SAÚDE||3.3.90.39.36 - 3.3.90.39.36|102 - RECEITAS DE IMPOSTOS E DE TRANSFERÊNCIAS DE IMPOSTOS VINCULADOS À SAÚDE|NÃO SE APLICA|575|20200130|0.0|0.0|1105.0|0.0|0.0|0.0|0.0|0.0|0.0|0.0|-1105.0
3110004|303|02|382323|2020|8|10 - SAÚDE|305 - VIGILÂNCIA EPIDEMIOLÓGICA|0049 - VIGILÂNCIA EM SAÚDE|2399 - MANUTENÇÃO DA VIGILÂNCIA EM SAÚDE||3.3.90.30.18 - 3.3.90.30.18|102 - RECEITAS DE IMPOSTOS E DE TRANSFERÊNCIAS DE IMPOSTOS VINCULADOS À SAÚDE|NÃO SE APLICA|3778|20200810|24000.0|0.0|0.0|24000.0|0.0|0.0|0.0|0.0|0.0|24000.0|0.0
3110004|303|02|382323|2020|5|10 - SAÚDE|122 - ADMINISTRAÇÃO GERAL|0032 - ASSISTÊNCIA FARMACÊUTCA|2069 - MANUTENÇÃO DA FARMÁCIA BÁSICA||3.3.90.30.09 - 3.3.90.30.09|102 - RECEITAS DE IMPOSTOS E DE TRANSFERÊNCIAS DE IMPOSTOS VINCULADOS À SAÚDE|NÃO SE APLICA|1798|20200406|0.0|0.0|0.0|806.82|0.0|0.0|0.0|0.0|0.0|806.82|-806.82
3110004|303|02|382323|2020|9|10 - SAÚDE|302 - ASSISTÊNCIA HOSPITALAR E AMBULATORIAL|0080 - SAÚDE MENTAL|2104 - MANUTENÇÃO DO SETOR DE SAÚDE MENTAL||3.1.90.11.11 - 3.1.90.11.11|102 - RECEITAS DE IMPOSTOS E DE TRANSFERÊNCIAS DE IMPOSTOS VINCULADOS À SAÚDE|NÃO SE APLICA|4603|20200930|18425.15|0.0|0.0|18425.15|0.0|18425.15|0.0|0.0|0.0|0.0|0.0
3110004|303|02|382323|2020|12|10 - SAÚDE|302 - ASSISTÊNCIA HOSPITALAR E AMBULATORIAL|0048 - URGÊNCIA E EMERGÊNCIA|2112 - MANUTENÇÃO DA URGÊNCIA E EMERGÊNCIA||3.3.50.43.00 - 3.3.50.43.00|102 - RECEITAS DE IMPOSTOS E DE TRANSFERÊNCIAS DE IMPOSTOS VINCULADOS À SAÚDE|NÃO SE APLICA|6086|20201221|474946.0|0.0|357442.87|117503.13|0.0|117503.13|0.0|0.0|0.0|0.0|0.0
3110004|303|02|382323|2020|7|10 - SAÚDE|122 - ADMINISTRAÇÃO GERAL|0042 - SERVIÇO DE REGULAÇÃO EM SAÚDE|2094 - MANUTENÇÃO DA REGULAÇÃO EM SAÚDE||3.3.90.14.05 - 3.3.90.14.05|102 - RECEITAS DE IMPOSTOS E DE TRANSFERÊNCIAS DE IMPOSTOS VINCULADOS À SAÚDE|NÃO SE APLICA|3293|20200710|47.2|0.0|0.0|47.2|0.0|47.2|0.0|0.0|0.0|0.0|0.0
3110004|303|02|382323|2020|12|10 - SAÚDE|305 - VIGILÂNCIA EPIDEMIOLÓGICA|0049 - VIGILÂNCIA EM SAÚDE|2399 - MANUTENÇÃO DA VIGILÂNCIA EM SAÚDE||3.1.90.13.01 - 3.1.90.13.01|102 - RECEITAS DE IMPOSTOS E DE TRANSFERÊNCIAS DE IMPOSTOS VINCULADOS À SAÚDE|NÃO SE APLICA|5614|20201127|0.0|0.0|0.0|0.0|0.0|4378.84|0.0|0.0|0.0|-4378.84|0.0
3110004|303|02|382334|2020|3|10 - SAÚDE|122 - ADMINISTRAÇÃO GERAL|0047 - MANUTENÇÃO DO SERVIÇO DE TRANSPORTE DE PACIENTES|2110 - MANUTENÇÃO DO SETOR DE TRANSPORTE||3.1.90.13.01 - 3.1.90.13.01|102 - RECEITAS DE IMPOSTOS E DE TRANSFERÊNCIAS DE IMPOSTOS VINCULADOS À SAÚDE|NÃO SE APLICA|1171|20200221|0.0|0.0|0.0|0.0|0.0|3466.41|0.0|0.0|0.0|-3466.41|0.0
3110004|303|02|382323|2020|8|10 - SAÚDE|122 - ADMINISTRAÇÃO GERAL|0042 - SERVIÇO DE REGULAÇÃO EM SAÚDE|2094 - MANUTENÇÃO DA REGULAÇÃO EM SAÚDE||3.1.90.13.01 - 3.1.90.13.01|102 - RECEITAS DE IMPOSTOS E DE TRANSFERÊNCIAS DE IMPOSTOS VINCULADOS À SAÚDE|NÃO SE APLICA|4157|20200828|970.75|0.0|0.0|970.75|0.0|0.0|0.0|0.0|0.0|970.75|0.0
3110004|303|02|382334|2020|9|10 - SAÚDE|122 - ADMINISTRAÇÃO GERAL|0040 - GESTÃO DA SECRETARIA DE SAÚDE|2089 - MANUTENÇÃO DA SECRETARIA DE SAÚDE||3.1.90.11.09 - 3.1.90.11.09|102 - RECEITAS DE IMPOSTOS E DE TRANSFERÊNCIAS DE IMPOSTOS VINCULADOS À SAÚDE|NÃO SE APLICA|4561|20200930|6660.72|0.0|0.0|6660.72|0.0|6660.72|0.0|0.0|0.0|0.0|0.0
3110004|303|02|382334|2020|5|10 - SAÚDE|122 - ADMINISTRAÇÃO GERAL|0047 - MANUTENÇÃO DO SERVIÇO DE TRANSPORTE DE PACIENTES|2110 - MANUTENÇÃO DO SETOR DE TRANSPORTE||3.3.90.14.05 - 3.3.90.14.05|102 - RECEITAS DE IMPOSTOS E DE TRANSFERÊNCIAS DE IMPOSTOS VINCULADOS À SAÚDE|NÃO SE APLICA|2323|20200513|944.0|0.0|0.0|944.0|0.0|0.0|0.0|0.0|0.0|944.0|0.0
3110004|303|02|382334|2020|2|10 - SAÚDE|122 - ADMINISTRAÇÃO GERAL|0047 - MANUTENÇÃO DO SERVIÇO DE TRANSPORTE DE PACIENTES|2110 - MANUTENÇÃO DO SETOR DE TRANSPORTE||3.3.90.14.05 - 3.3.90.14.05|102 - RECEITAS DE IMPOSTOS E DE TRANSFERÊNCIAS DE IMPOSTOS VINCULADOS À SAÚDE|NÃO SE APLICA|773|20200211|1416.0|0.0|0.0|1416.0|0.0|1416.0|0.0|0.0|0.0|0.0|0.0
3110004|303|02|382334|2020|12|10 - SAÚDE|122 - ADMINISTRAÇÃO GERAL|0047 - MANUTENÇÃO DO SERVIÇO DE TRANSPORTE DE PACIENTES|2110 - MANUTENÇÃO DO SETOR DE TRANSPORTE||3.3.90.14.05 - 3.3.90.14.05|102 - RECEITAS DE IMPOSTOS E DE TRANSFERÊNCIAS DE IMPOSTOS VINCULADOS À SAÚDE|NÃO SE APLICA|5760|20201211|47.2|0.0|0.0|47.2|0.0|47.2|0.0|0.0|0.0|0.0|0.0
3110004|303|02|382323|2020|3|10 - SAÚDE|302 - ASSISTÊNCIA HOSPITALAR E AMBULATORIAL|0080 - SAÚDE MENTAL|2104 - MANUTENÇÃO DO SETOR DE SAÚDE MENTAL||3.1.90.13.01 - 3.1.90.13.01|102 - RECEITAS DE IMPOSTOS E DE TRANSFERÊNCIAS DE IMPOSTOS VINCULADOS À SAÚDE|NÃO SE APLICA|1211|20200221|0.0|0.0|0.0|0.0|0.0|2077.8|0.0|0.0|0.0|-2077.8|0.0
3110004|303|02|382334|2020|4|10 - SAÚDE|122 - ADMINISTRAÇÃO GERAL|0047 - MANUTENÇÃO DO SERVIÇO DE TRANSPORTE DE PACIENTES|2110 - MANUTENÇÃO DO SETOR DE TRANSPORTE||3.1.90.13.01 - 3.1.90.13.01|102 - RECEITAS DE IMPOSTOS E DE TRANSFERÊNCIAS DE IMPOSTOS VINCULADOS À SAÚDE|NÃO SE APLICA|1657|20200327|0.0|0.0|0.0|0.0|0.0|3778.57|0.0|0.0|0.0|-3778.57|0.0
3110004|303|02|382323|2020|11|10 - SAÚDE|302 - ASSISTÊNCIA HOSPITALAR E AMBULATORIAL|0039 - GESTÃO DA FISIOTERAPIA|2086 - MANUTENÇÃO DO SETOR DA FISIOTERAPIA||3.1.90.13.01 - 3.1.90.13.01|102 - RECEITAS DE IMPOSTOS E DE TRANSFERÊNCIAS DE IMPOSTOS VINCULADOS À SAÚDE|NÃO SE APLICA|5191|20201029|0.0|0.0|0.0|0.0|0.0|913.38|0.0|0.0|0.0|-913.38|0.0
3110004|303|02|382334|2020|2|10 - SAÚDE|122 - ADMINISTRAÇÃO GERAL|0047 - MANUTENÇÃO DO SERVIÇO DE TRANSPORTE DE PACIENTES|2110 - MANUTENÇÃO DO SETOR DE TRANSPORTE||3.3.90.14.05 - 3.3.90.14.05|102 - RECEITAS DE IMPOSTOS E DE TRANSFERÊNCIAS DE IMPOSTOS VINCULADOS À SAÚDE|NÃO SE APLICA|781|20200211|1416.0|0.0|0.0|1416.0|0.0|1416.0|0.0|0.0|0.0|0.0|0.0
3110004|303|02|382334|2020|6|10 - SAÚDE|122 - ADMINISTRAÇÃO GERAL|0040 - GESTÃO DA SECRETARIA DE SAÚDE|2089 - MANUTENÇÃO DA SECRETARIA DE SAÚDE||3.3.90.30.22 - 3.3.90.30.22|102 - RECEITAS DE IMPOSTOS E DE TRANSFERÊNCIAS DE IMPOSTOS VINCULADOS À SAÚDE|NÃO SE APLICA|965|20200221|0.0|0.0|0.0|0.0|0.0|132.48|0.0|0.0|0.0|-132.48|0.0
3110004|303|02|382334|2020|12|10 - SAÚDE|302 - ASSISTÊNCIA HOSPITALAR E AMBULATORIAL|0312 - EMENDAS IMPOSITIVAS|1242 - EXECUÇÃO DAS EMENDAS IMPOSITIVAS||4.4.90.52.04 - 4.4.90.52.04|102 - RECEITAS DE IMPOSTOS E DE TRANSFERÊNCIAS DE IMPOSTOS VINCULADOS À SAÚDE|NÃO SE APLICA|5749|20201209|2046.22|0.0|0.0|0.0|0.0|0.0|0.0|0.0|0.0|0.0|2046.22
3110004|303|02|382323|2020|7|10 - SAÚDE|122 - ADMINISTRAÇÃO GERAL|0032 - ASSISTÊNCIA FARMACÊUTCA|2069 - MANUTENÇÃO DA FARMÁCIA BÁSICA||3.3.90.30.09 - 3.3.90.30.09|102 - RECEITAS DE IMPOSTOS E DE TRANSFERÊNCIAS DE IMPOSTOS VINCULADOS À SAÚDE|NÃO SE APLICA|3422|20200723|2146.8|0.0|0.0|0.0|0.0|0.0|0.0|0.0|0.0|0.0|2146.8
3110004|303|02|382334|2020|5|10 - SAÚDE|122 - ADMINISTRAÇÃO GERAL|0047 - MANUTENÇÃO DO SERVIÇO DE TRANSPORTE DE PACIENTES|2110 - MANUTENÇÃO DO SETOR DE TRANSPORTE||3.3.90.14.05 - 3.3.90.14.05|102 - RECEITAS DE IMPOSTOS E DE TRANSFERÊNCIAS DE IMPOSTOS VINCULADOS À SAÚDE|NÃO SE APLICA|2321|20200513|944.0|0.0|0.0|944.0|0.0|0.0|0.0|0.0|0.0|944.0|0.0
3110004|303|02|382323|2020|5|10 - SAÚDE|302 - ASSISTÊNCIA HOSPITALAR E AMBULATORIAL|0080 - SAÚDE MENTAL|2104 - MANUTENÇÃO DO SETOR DE SAÚDE MENTAL||3.1.90.13.01 - 3.1.90.13.01|102 - RECEITAS DE IMPOSTOS E DE TRANSFERÊNCIAS DE IMPOSTOS VINCULADOS À SAÚDE|NÃO SE APLICA|2662|20200529|2165.64|0.0|0.0|2165.64|0.0|0.0|0.0|0.0|0.0|2165.64|0.0
3110004|303|02|382334|2020|11|10 - SAÚDE|122 - ADMINISTRAÇÃO GERAL|0040 - GESTÃO DA SECRETARIA DE SAÚDE|2089 - MANUTENÇÃO DA SECRETARIA DE SAÚDE||3.3.90.30.22 - 3.3.90.30.22|102 - RECEITAS DE IMPOSTOS E DE TRANSFERÊNCIAS DE IMPOSTOS VINCULADOS À SAÚDE|NÃO SE APLICA|5664|20201130|274.1|0.0|0.0|0.0|0.0|0.0|0.0|0.0|0.0|0.0|274.1
3110004|303|02|382334|2020|10|10 - SAÚDE|122 - ADMINISTRAÇÃO GERAL|0047 - MANUTENÇÃO DO SERVIÇO DE TRANSPORTE DE PACIENTES|2110 - MANUTENÇÃO DO SETOR DE TRANSPORTE||3.3.90.14.05 - 3.3.90.14.05|102 - RECEITAS DE IMPOSTOS E DE TRANSFERÊNCIAS DE IMPOSTOS VINCULADOS À SAÚDE|NÃO SE APLICA|4909|20201023|944.0|0.0|0.0|944.0|0.0|944.0|0.0|0.0|0.0|0.0|0.0
3110004|303|02|382323|2020|4|10 - SAÚDE|302 - ASSISTÊNCIA HOSPITALAR E AMBULATORIAL|0028 - CENTRO DE ESPECIALIDADES EM SAÚDE|2059 - MANUTENÇÃO DO CENTRO ESPECIALIDADES EM SAÚDE||3.1.90.11.11 - 3.1.90.11.11|102 - RECEITAS DE IMPOSTOS E DE TRANSFERÊNCIAS DE IMPOSTOS VINCULADOS À SAÚDE|NÃO SE APLICA|2059|20200429|72774.01|0.0|0.0|72774.01|0.0|72774.01|0.0|0.0|0.0|0.0|0.0
3110004|303|02|382334|2020|9|10 - SAÚDE|122 - ADMINISTRAÇÃO GERAL|0047 - MANUTENÇÃO DO SERVIÇO DE TRANSPORTE DE PACIENTES|2110 - MANUTENÇÃO DO SETOR DE TRANSPORTE||3.1.90.13.01 - 3.1.90.13.01|102 - RECEITAS DE IMPOSTOS E DE TRANSFERÊNCIAS DE IMPOSTOS VINCULADOS À SAÚDE|NÃO SE APLICA|4134|20200828|0.0|0.0|0.0|0.0|0.0|3716.25|0.0|0.0|0.0|-3716.25|0.0
3110004|303|02|382323|2020|8|10 - SAÚDE|302 - ASSISTÊNCIA HOSPITALAR E AMBULATORIAL|0039 - GESTÃO DA FISIOTERAPIA|2086 - MANUTENÇÃO DO SETOR DA FISIOTERAPIA||3.1.90.13.03 - 3.1.90.13.03|102 - RECEITAS DE IMPOSTOS E DE TRANSFERÊNCIAS DE IMPOSTOS VINCULADOS À SAÚDE|NÃO SE APLICA|4165|20200828|3863.92|0.0|0.0|3863.92|0.0|0.0|0.0|0.0|0.0|3863.92|0.0
3110004|303|02|382323|2020|11|10 - SAÚDE|302 - ASSISTÊNCIA HOSPITALAR E AMBULATORIAL|0113 - CONSÓRCIO INTERMUNICIPAL ALIANÇA PELA SAÚDE|2394 - MANUTENÇÃO DAS AÇÕES DO CONSÓRCIO||3.1.71.70.00 - 3.1.71.70.00|102 - RECEITAS DE IMPOSTOS E DE TRANSFERÊNCIAS DE IMPOSTOS VINCULADOS À SAÚDE|NÃO SE APLICA|702|20200207|0.0|0.0|0.0|12869.33|0.0|12869.33|0.0|0.0|0.0|0.0|-12869.33
3110004|303|02|382334|2020|5|10 - SAÚDE|122 - ADMINISTRAÇÃO GERAL|0040 - GESTÃO DA SECRETARIA DE SAÚDE|2089 - MANUTENÇÃO DA SECRETARIA DE SAÚDE||3.3.90.49.00 - 3.3.90.49.00|102 - RECEITAS DE IMPOSTOS E DE TRANSFERÊNCIAS DE IMPOSTOS VINCULADOS À SAÚDE|NÃO SE APLICA|256|20200124|0.0|0.0|0.0|8028.0|0.0|8452.0|0.0|0.0|0.0|-424.0|-8028.0
3110004|303|02|382323|2020|6|10 - SAÚDE|302 - ASSISTÊNCIA HOSPITALAR E AMBULATORIAL|0043 - SAÚDE BUCAL|2099 - MANUTENÇÃO DO SETOR DE SAÚDE BUCAL||3.1.90.13.03 - 3.1.90.13.03|102 - RECEITAS DE IMPOSTOS E DE TRANSFERÊNCIAS DE IMPOSTOS VINCULADOS À SAÚDE|NÃO SE APLICA|2659|20200529|0.0|0.0|0.0|0.0|0.0|4367.06|0.0|0.0|0.0|-4367.06|0.0
3110004|303|02|382323|2020|9|10 - SAÚDE|302 - ASSISTÊNCIA HOSPITALAR E AMBULATORIAL|0028 - CENTRO DE ESPECIALIDADES EM SAÚDE|2059 - MANUTENÇÃO DO CENTRO ESPECIALIDADES EM SAÚDE||3.1.90.13.03 - 3.1.90.13.03|102 - RECEITAS DE IMPOSTOS E DE TRANSFERÊNCIAS DE IMPOSTOS VINCULADOS À SAÚDE|NÃO SE APLICA|4710|20200930|15155.72|0.0|0.0|15155.72|0.0|48.62|0.0|0.0|0.0|15107.1|0.0
3110004|303|02|382323|2020|12|10 - SAÚDE|302 - ASSISTÊNCIA HOSPITALAR E AMBULATORIAL|0043 - SAÚDE BUCAL|2099 - MANUTENÇÃO DO SETOR DE SAÚDE BUCAL||3.1.90.04.99 - 3.1.90.04.99|102 - RECEITAS DE IMPOSTOS E DE TRANSFERÊNCIAS DE IMPOSTOS VINCULADOS À SAÚDE|NÃO SE APLICA|6205|20201228|11639.75|0.0|0.0|11639.75|0.0|11639.75|0.0|0.0|0.0|0.0|0.0
3110004|303|02|382323|2020|10|10 - SAÚDE|122 - ADMINISTRAÇÃO GERAL|0032 - ASSISTÊNCIA FARMACÊUTCA|2069 - MANUTENÇÃO DA FARMÁCIA BÁSICA||3.1.90.13.03 - 3.1.90.13.03|102 - RECEITAS DE IMPOSTOS E DE TRANSFERÊNCIAS DE IMPOSTOS VINCULADOS À SAÚDE|NÃO SE APLICA|5183|20201029|2128.83|0.0|0.0|2128.83|0.0|0.0|0.0|0.0|0.0|2128.83|0.0
3110004|303|02|382334|2020|12|10 - SAÚDE|122 - ADMINISTRAÇÃO GERAL|0040 - GESTÃO DA SECRETARIA DE SAÚDE|2089 - MANUTENÇÃO DA SECRETARIA DE SAÚDE||3.1.90.13.01 - 3.1.90.13.01|102 - RECEITAS DE IMPOSTOS E DE TRANSFERÊNCIAS DE IMPOSTOS VINCULADOS À SAÚDE|NÃO SE APLICA|6287|20201228|3479.79|0.0|0.0|3479.79|0.0|3479.79|0.0|0.0|0.0|0.0|0.0
3110004|303|02|382334|2020|11|10 - SAÚDE|122 - ADMINISTRAÇÃO GERAL|0047 - MANUTENÇÃO DO SERVIÇO DE TRANSPORTE DE PACIENTES|2110 - MANUTENÇÃO DO SETOR DE TRANSPORTE||3.3.90.14.05 - 3.3.90.14.05|102 - RECEITAS DE IMPOSTOS E DE TRANSFERÊNCIAS DE IMPOSTOS VINCULADOS À SAÚDE|NÃO SE APLICA|5635|20201127|944.0|0.0|0.0|944.0|0.0|0.0|0.0|0.0|0.0|944.0|0.0
3110004|303|02|382323|2020|2|10 - SAÚDE|302 - ASSISTÊNCIA HOSPITALAR E AMBULATORIAL|0043 - SAÚDE BUCAL|2099 - MANUTENÇÃO DO SETOR DE SAÚDE BUCAL||3.1.90.13.01 - 3.1.90.13.01|102 - RECEITAS DE IMPOSTOS E DE TRANSFERÊNCIAS DE IMPOSTOS VINCULADOS À SAÚDE|NÃO SE APLICA|543|20200130|0.0|0.0|0.0|0.0|0.0|839.32|0.0|0.0|0.0|-839.32|0.0
3110004|303|02|382334|2020|11|10 - SAÚDE|122 - ADMINISTRAÇÃO GERAL|0047 - MANUTENÇÃO DO SERVIÇO DE TRANSPORTE DE PACIENTES|2110 - MANUTENÇÃO DO SETOR DE TRANSPORTE||3.3.90.39.16 - 3.3.90.39.16|102 - RECEITAS DE IMPOSTOS E DE TRANSFERÊNCIAS DE IMPOSTOS VINCULADOS À SAÚDE|NÃO SE APLICA|5277|20201111|1064.48|0.0|0.0|1064.48|0.0|1064.48|0.0|0.0|0.0|0.0|0.0
3110004|303|02|382323|2020|6|10 - SAÚDE|302 - ASSISTÊNCIA HOSPITALAR E AMBULATORIAL|0028 - CENTRO DE ESPECIALIDADES EM SAÚDE|2059 - MANUTENÇÃO DO CENTRO ESPECIALIDADES EM SAÚDE||3.1.90.13.01 - 3.1.90.13.01|102 - RECEITAS DE IMPOSTOS E DE TRANSFERÊNCIAS DE IMPOSTOS VINCULADOS À SAÚDE|NÃO SE APLICA|2654|20200529|0.0|0.0|0.0|0.0|0.0|4629.35|0.0|0.0|0.0|-4629.35|0.0
3110004|303|02|382334|2020|10|10 - SAÚDE|122 - ADMINISTRAÇÃO GERAL|0047 - MANUTENÇÃO DO SERVIÇO DE TRANSPORTE DE PACIENTES|2110 - MANUTENÇÃO DO SETOR DE TRANSPORTE||3.3.90.14.05 - 3.3.90.14.05|102 - RECEITAS DE IMPOSTOS E DE TRANSFERÊNCIAS DE IMPOSTOS VINCULADOS À SAÚDE|NÃO SE APLICA|4486|20200930|0.0|0.0|0.0|0.0|0.0|70.8|0.0|0.0|0.0|-70.8|0.0
3110004|303|02|382334|2020|6|10 - SAÚDE|122 - ADMINISTRAÇÃO GERAL|0047 - MANUTENÇÃO DO SERVIÇO DE TRANSPORTE DE PACIENTES|2110 - MANUTENÇÃO DO SETOR DE TRANSPORTE||3.3.90.14.05 - 3.3.90.14.05|102 - RECEITAS DE IMPOSTOS E DE TRANSFERÊNCIAS DE IMPOSTOS VINCULADOS À SAÚDE|NÃO SE APLICA|2318|20200513|0.0|0.0|0.0|0.0|0.0|1416.0|0.0|0.0|0.0|-1416.0|0.0
3110004|303|02|382323|2020|7|10 - SAÚDE|302 - ASSISTÊNCIA HOSPITALAR E AMBULATORIAL|0113 - CONSÓRCIO INTERMUNICIPAL ALIANÇA PELA SAÚDE|2394 - MANUTENÇÃO DAS AÇÕES DO CONSÓRCIO||3.3.72.39.00 - 3.3.72.39.00|102 - RECEITAS DE IMPOSTOS E DE TRANSFERÊNCIAS DE IMPOSTOS VINCULADOS À SAÚDE|NÃO SE APLICA|250|20200123|0.0|0.0|0.0|23241.32|0.0|23241.32|0.0|0.0|0.0|0.0|-23241.32
3110004|303|02|382323|2020|12|10 - SAÚDE|301 - ATENÇÃO BÁSICA|0029 - ATENÇÃO BÁSICA|2063 - MANUTENÇÃO DA ATENÇÃO BÁSICA||3.1.90.11.05 - 3.1.90.11.05|102 - RECEITAS DE IMPOSTOS E DE TRANSFERÊNCIAS DE IMPOSTOS VINCULADOS À SAÚDE|NÃO SE APLICA|6199|20201228|6603.27|0.0|0.0|6603.27|0.0|6603.27|0.0|0.0|0.0|0.0|0.0
3110004|303|02|382323|2020|12|10 - SAÚDE|302 - ASSISTÊNCIA HOSPITALAR E AMBULATORIAL|0113 - CONSÓRCIO INTERMUNICIPAL ALIANÇA PELA SAÚDE|2394 - MANUTENÇÃO DAS AÇÕES DO CONSÓRCIO||3.3.72.39.00 - 3.3.72.39.00|102 - RECEITAS DE IMPOSTOS E DE TRANSFERÊNCIAS DE IMPOSTOS VINCULADOS À SAÚDE|NÃO SE APLICA|5655|20201130|0.0|0.0|0.0|26813.79|0.0|26813.79|0.0|0.0|0.0|0.0|-26813.79
3110004|303|02|382323|2020|11|10 - SAÚDE|301 - ATENÇÃO BÁSICA|0029 - ATENÇÃO BÁSICA|2063 - MANUTENÇÃO DA ATENÇÃO BÁSICA||3.1.90.11.11 - 3.1.90.11.11|102 - RECEITAS DE IMPOSTOS E DE TRANSFERÊNCIAS DE IMPOSTOS VINCULADOS À SAÚDE|NÃO SE APLICA|5486|20201127|131723.42|0.0|0.0|131723.42|0.0|131723.42|0.0|0.0|0.0|0.0|0.0
3110004|303|02|382323|2020|8|10 - SAÚDE|122 - ADMINISTRAÇÃO GERAL|0042 - SERVIÇO DE REGULAÇÃO EM SAÚDE|2094 - MANUTENÇÃO DA REGULAÇÃO EM SAÚDE||3.1.90.11.11 - 3.1.90.11.11|102 - RECEITAS DE IMPOSTOS E DE TRANSFERÊNCIAS DE IMPOSTOS VINCULADOS À SAÚDE|NÃO SE APLICA|4044|20200828|13637.91|0.0|0.0|13637.91|0.0|13637.91|0.0|0.0|0.0|0.0|0.0
3110004|303|02|382334|2020|8|10 - SAÚDE|122 - ADMINISTRAÇÃO GERAL|0047 - MANUTENÇÃO DO SERVIÇO DE TRANSPORTE DE PACIENTES|2110 - MANUTENÇÃO DO SETOR DE TRANSPORTE||3.3.90.14.05 - 3.3.90.14.05|102 - RECEITAS DE IMPOSTOS E DE TRANSFERÊNCIAS DE IMPOSTOS VINCULADOS À SAÚDE|NÃO SE APLICA|3902|20200821|708.0|0.0|0.0|708.0|0.0|708.0|0.0|0.0|0.0|0.0|0.0
3110004|303|02|382334|2020|11|10 - SAÚDE|122 - ADMINISTRAÇÃO GERAL|0047 - MANUTENÇÃO DO SERVIÇO DE TRANSPORTE DE PACIENTES|2110 - MANUTENÇÃO DO SETOR DE TRANSPORTE||3.3.90.39.53 - 3.3.90.39.53|102 - RECEITAS DE IMPOSTOS E DE TRANSFERÊNCIAS DE IMPOSTOS VINCULADOS À SAÚDE|NÃO SE APLICA|4274|20200904|0.0|0.0|0.0|13225.0|0.0|6612.5|0.0|0.0|0.0|6612.5|-13225.0
3110004|303|02|382323|2020|12|10 - SAÚDE|302 - ASSISTÊNCIA HOSPITALAR E AMBULATORIAL|0048 - URGÊNCIA E EMERGÊNCIA|2112 - MANUTENÇÃO DA URGÊNCIA E EMERGÊNCIA||3.3.50.43.00 - 3.3.50.43.00|102 - RECEITAS DE IMPOSTOS E DE TRANSFERÊNCIAS DE IMPOSTOS VINCULADOS À SAÚDE|NÃO SE APLICA|5727|20201209|499868.62|0.0|0.0|499868.62|0.0|499868.62|0.0|0.0|0.0|0.0|0.0
3110004|303|02|382323|2020|12|10 - SAÚDE|302 - ASSISTÊNCIA HOSPITALAR E AMBULATORIAL|0080 - SAÚDE MENTAL|2104 - MANUTENÇÃO DO SETOR DE SAÚDE MENTAL||3.1.90.11.11 - 3.1.90.11.11|102 - RECEITAS DE IMPOSTOS E DE TRANSFERÊNCIAS DE IMPOSTOS VINCULADOS À SAÚDE|NÃO SE APLICA|6210|20201228|18425.15|0.0|0.0|18425.15|0.0|18425.15|0.0|0.0|0.0|0.0|0.0
3110004|303|02|382323|2020|4|10 - SAÚDE|122 - ADMINISTRAÇÃO GERAL|0032 - ASSISTÊNCIA FARMACÊUTCA|2069 - MANUTENÇÃO DA FARMÁCIA BÁSICA||3.1.90.13.03 - 3.1.90.13.03|102 - RECEITAS DE IMPOSTOS E DE TRANSFERÊNCIAS DE IMPOSTOS VINCULADOS À SAÚDE|NÃO SE APLICA|1683|20200327|0.0|0.0|0.0|0.0|0.0|2039.95|0.0|0.0|0.0|-2039.95|0.0
3110004|303|02|382323|2020|6|10 - SAÚDE|122 - ADMINISTRAÇÃO GERAL|0032 - ASSISTÊNCIA FARMACÊUTCA|2069 - MANUTENÇÃO DA FARMÁCIA BÁSICA||3.1.90.13.03 - 3.1.90.13.03|102 - RECEITAS DE IMPOSTOS E DE TRANSFERÊNCIAS DE IMPOSTOS VINCULADOS À SAÚDE|NÃO SE APLICA|3161|20200630|2128.83|0.0|0.0|2128.83|0.0|0.0|0.0|0.0|0.0|2128.83|0.0
3110004|303|02|382323|2020|11|10 - SAÚDE|305 - VIGILÂNCIA EPIDEMIOLÓGICA|0049 - VIGILÂNCIA EM SAÚDE|2399 - MANUTENÇÃO DA VIGILÂNCIA EM SAÚDE||3.1.90.13.01 - 3.1.90.13.01|102 - RECEITAS DE IMPOSTOS E DE TRANSFERÊNCIAS DE IMPOSTOS VINCULADOS À SAÚDE|NÃO SE APLICA|5614|20201127|4378.84|0.0|0.0|4378.84|0.0|0.0|0.0|0.0|0.0|4378.84|0.0
3110004|303|02|382323|2020|8|10 - SAÚDE|302 - ASSISTÊNCIA HOSPITALAR E AMBULATORIAL|0113 - CONSÓRCIO INTERMUNICIPAL ALIANÇA PELA SAÚDE|2394 - MANUTENÇÃO DAS AÇÕES DO CONSÓRCIO||3.3.71.70.00 - 3.3.71.70.00|102 - RECEITAS DE IMPOSTOS E DE TRANSFERÊNCIAS DE IMPOSTOS VINCULADOS À SAÚDE|NÃO SE APLICA|841|20200213|0.0|0.0|0.0|3000.0|0.0|0.0|0.0|0.0|0.0|3000.0|-3000.0
3110004|303|02|382334|2020|2|10 - SAÚDE|122 - ADMINISTRAÇÃO GERAL|0040 - GESTÃO DA SECRETARIA DE SAÚDE|2089 - MANUTENÇÃO DA SECRETARIA DE SAÚDE||3.3.90.14.05 - 3.3.90.14.05|102 - RECEITAS DE IMPOSTOS E DE TRANSFERÊNCIAS DE IMPOSTOS VINCULADOS À SAÚDE|NÃO SE APLICA|867|20200218|236.0|0.0|0.0|236.0|0.0|236.0|0.0|0.0|0.0|0.0|0.0
3110004|303|02|382334|2020|6|10 - SAÚDE|122 - ADMINISTRAÇÃO GERAL|0047 - MANUTENÇÃO DO SERVIÇO DE TRANSPORTE DE PACIENTES|2110 - MANUTENÇÃO DO SETOR DE TRANSPORTE||3.3.90.14.05 - 3.3.90.14.05|102 - RECEITAS DE IMPOSTOS E DE TRANSFERÊNCIAS DE IMPOSTOS VINCULADOS À SAÚDE|NÃO SE APLICA|2883|20200623|944.0|0.0|0.0|944.0|0.0|944.0|0.0|0.0|0.0|0.0|0.0
3110004|303|02|382334|2020|11|10 - SAÚDE|122 - ADMINISTRAÇÃO GERAL|0047 - MANUTENÇÃO DO SERVIÇO DE TRANSPORTE DE PACIENTES|2110 - MANUTENÇÃO DO SETOR DE TRANSPORTE||3.3.90.14.05 - 3.3.90.14.05|102 - RECEITAS DE IMPOSTOS E DE TRANSFERÊNCIAS DE IMPOSTOS VINCULADOS À SAÚDE|NÃO SE APLICA|5633|20201127|944.0|0.0|0.0|944.0|0.0|0.0|0.0|0.0|0.0|944.0|0.0
3110004|303|02|382323|2020|4|10 - SAÚDE|302 - ASSISTÊNCIA HOSPITALAR E AMBULATORIAL|0080 - SAÚDE MENTAL|2104 - MANUTENÇÃO DO SETOR DE SAÚDE MENTAL||3.1.90.11.05 - 3.1.90.11.05|102 - RECEITAS DE IMPOSTOS E DE TRANSFERÊNCIAS DE IMPOSTOS VINCULADOS À SAÚDE|NÃO SE APLICA|2066|20200429|3027.39|0.0|0.0|3027.39|0.0|3027.39|0.0|0.0|0.0|0.0|0.0
3110004|303|02|382323|2020|12|10 - SAÚDE|122 - ADMINISTRAÇÃO GERAL|0042 - SERVIÇO DE REGULAÇÃO EM SAÚDE|2094 - MANUTENÇÃO DA REGULAÇÃO EM SAÚDE||3.1.90.11.11 - 3.1.90.11.11|102 - RECEITAS DE IMPOSTOS E DE TRANSFERÊNCIAS DE IMPOSTOS VINCULADOS À SAÚDE|NÃO SE APLICA|6198|20201228|15723.76|0.0|0.0|15723.76|0.0|15723.76|0.0|0.0|0.0|0.0|0.0
3110004|303|02|382334|2020|9|10 - SAÚDE|122 - ADMINISTRAÇÃO GERAL|0047 - MANUTENÇÃO DO SERVIÇO DE TRANSPORTE DE PACIENTES|2110 - MANUTENÇÃO DO SETOR DE TRANSPORTE||3.3.90.14.05 - 3.3.90.14.05|102 - RECEITAS DE IMPOSTOS E DE TRANSFERÊNCIAS DE IMPOSTOS VINCULADOS À SAÚDE|NÃO SE APLICA|4457|20200928|306.8|0.0|0.0|306.8|0.0|0.0|0.0|0.0|0.0|306.8|0.0
3110004|303|02|382323|2020|2|10 - SAÚDE|122 - ADMINISTRAÇÃO GERAL|0042 - SERVIÇO DE REGULAÇÃO EM SAÚDE|2094 - MANUTENÇÃO DA REGULAÇÃO EM SAÚDE||3.3.90.14.05 - 3.3.90.14.05|102 - RECEITAS DE IMPOSTOS E DE TRANSFERÊNCIAS DE IMPOSTOS VINCULADOS À SAÚDE|NÃO SE APLICA|866|20200218|70.8|0.0|0.0|70.8|0.0|70.8|0.0|0.0|0.0|0.0|0.0
3110004|303|02|382334|2020|10|10 - SAÚDE|122 - ADMINISTRAÇÃO GERAL|0047 - MANUTENÇÃO DO SERVIÇO DE TRANSPORTE DE PACIENTES|2110 - MANUTENÇÃO DO SETOR DE TRANSPORTE||3.3.90.39.53 - 3.3.90.39.53|102 - RECEITAS DE IMPOSTOS E DE TRANSFERÊNCIAS DE IMPOSTOS VINCULADOS À SAÚDE|NÃO SE APLICA|4274|20200904|0.0|0.0|0.0|6612.5|0.0|6612.5|0.0|0.0|0.0|0.0|-6612.5
3110004|303|02|382334|2020|11|10 - SAÚDE|122 - ADMINISTRAÇÃO GERAL|0040 - GESTÃO DA SECRETARIA DE SAÚDE|2089 - MANUTENÇÃO DA SECRETARIA DE SAÚDE||3.3.90.30.22 - 3.3.90.30.22|102 - RECEITAS DE IMPOSTOS E DE TRANSFERÊNCIAS DE IMPOSTOS VINCULADOS À SAÚDE|NÃO SE APLICA|5665|20201130|1015.6|0.0|0.0|0.0|0.0|0.0|0.0|0.0|0.0|0.0|1015.6
3110004|303|02|382323|2020|3|10 - SAÚDE|301 - ATENÇÃO BÁSICA|0029 - ATENÇÃO BÁSICA|2063 - MANUTENÇÃO DA ATENÇÃO BÁSICA||3.1.90.04.99 - 3.1.90.04.99|102 - RECEITAS DE IMPOSTOS E DE TRANSFERÊNCIAS DE IMPOSTOS VINCULADOS À SAÚDE|NÃO SE APLICA|1583|20200327|11645.22|0.0|0.0|11645.22|0.0|11645.22|0.0|0.0|0.0|0.0|0.0
3110004|303|02|382334|2020|1|10 - SAÚDE|122 - ADMINISTRAÇÃO GERAL|0040 - GESTÃO DA SECRETARIA DE SAÚDE|2089 - MANUTENÇÃO DA SECRETARIA DE SAÚDE||3.3.90.49.00 - 3.3.90.49.00|102 - RECEITAS DE IMPOSTOS E DE TRANSFERÊNCIAS DE IMPOSTOS VINCULADOS À SAÚDE|NÃO SE APLICA|258|20200124|5755.5|0.0|0.0|442.8|0.0|442.8|0.0|0.0|0.0|0.0|5312.7
3110004|303|02|382334|2020|9|10 - SAÚDE|122 - ADMINISTRAÇÃO GERAL|0047 - MANUTENÇÃO DO SERVIÇO DE TRANSPORTE DE PACIENTES|2110 - MANUTENÇÃO DO SETOR DE TRANSPORTE||3.3.90.14.05 - 3.3.90.14.05|102 - RECEITAS DE IMPOSTOS E DE TRANSFERÊNCIAS DE IMPOSTOS VINCULADOS À SAÚDE|NÃO SE APLICA|4388|20200918|1416.0|0.0|0.0|1416.0|0.0|1416.0|0.0|0.0|0.0|0.0|0.0
3110004|303|02|382323|2020|3|10 - SAÚDE|302 - ASSISTÊNCIA HOSPITALAR E AMBULATORIAL|0039 - GESTÃO DA FISIOTERAPIA|2086 - MANUTENÇÃO DO SETOR DA FISIOTERAPIA||3.1.90.13.03 - 3.1.90.13.03|102 - RECEITAS DE IMPOSTOS E DE TRANSFERÊNCIAS DE IMPOSTOS VINCULADOS À SAÚDE|NÃO SE APLICA|1692|20200327|3473.3|0.0|0.0|3473.3|0.0|0.0|0.0|0.0|0.0|3473.3|0.0
3110004|303|02|382323|2020|4|10 - SAÚDE|122 - ADMINISTRAÇÃO GERAL|0032 - ASSISTÊNCIA FARMACÊUTCA|2069 - MANUTENÇÃO DA FARMÁCIA BÁSICA||3.3.90.30.09 - 3.3.90.30.09|102 - RECEITAS DE IMPOSTOS E DE TRANSFERÊNCIAS DE IMPOSTOS VINCULADOS À SAÚDE|NÃO SE APLICA|835|20200213|0.0|0.0|0.0|0.0|0.0|1097.67|0.0|0.0|0.0|-1097.67|0.0
3110004|303|02|382323|2020|12|10 - SAÚDE|302 - ASSISTÊNCIA HOSPITALAR E AMBULATORIAL|0039 - GESTÃO DA FISIOTERAPIA|2086 - MANUTENÇÃO DO SETOR DA FISIOTERAPIA||3.1.90.13.01 - 3.1.90.13.01|102 - RECEITAS DE IMPOSTOS E DE TRANSFERÊNCIAS DE IMPOSTOS VINCULADOS À SAÚDE|NÃO SE APLICA|5605|20201127|0.0|0.0|0.0|0.0|0.0|966.8|0.0|0.0|0.0|-966.8|0.0
3110004|303|02|382334|2020|12|10 - SAÚDE|122 - ADMINISTRAÇÃO GERAL|0040 - GESTÃO DA SECRETARIA DE SAÚDE|2089 - MANUTENÇÃO DA SECRETARIA DE SAÚDE||3.1.90.11.11 - 3.1.90.11.11|102 - RECEITAS DE IMPOSTOS E DE TRANSFERÊNCIAS DE IMPOSTOS VINCULADOS À SAÚDE|NÃO SE APLICA|5835|20201214|18035.71|0.0|0.0|18035.71|0.0|18035.71|0.0|0.0|0.0|0.0|0.0
3110004|303|02|382323|2020|1|10 - SAÚDE|122 - ADMINISTRAÇÃO GERAL|0032 - ASSISTÊNCIA FARMACÊUTCA|2069 - MANUTENÇÃO DA FARMÁCIA BÁSICA||3.1.90.13.03 - 3.1.90.13.03|102 - RECEITAS DE IMPOSTOS E DE TRANSFERÊNCIAS DE IMPOSTOS VINCULADOS À SAÚDE|NÃO SE APLICA|533|20200130|3295.06|0.0|0.0|3295.06|0.0|0.0|0.0|0.0|0.0|3295.06|0.0
3110004|303|02|382323|2020|12|10 - SAÚDE|122 - ADMINISTRAÇÃO GERAL|0032 - ASSISTÊNCIA FARMACÊUTCA|2069 - MANUTENÇÃO DA FARMÁCIA BÁSICA||3.1.90.13.03 - 3.1.90.13.03|102 - RECEITAS DE IMPOSTOS E DE TRANSFERÊNCIAS DE IMPOSTOS VINCULADOS À SAÚDE|NÃO SE APLICA|5599|20201127|0.0|0.0|0.0|0.0|0.0|2128.83|0.0|0.0|0.0|-2128.83|0.0
3110004|303|02|382323|2020|7|10 - SAÚDE|122 - ADMINISTRAÇÃO GERAL|0042 - SERVIÇO DE REGULAÇÃO EM SAÚDE|2094 - MANUTENÇÃO DA REGULAÇÃO EM SAÚDE||3.1.90.13.03 - 3.1.90.13.03|102 - RECEITAS DE IMPOSTOS E DE TRANSFERÊNCIAS DE IMPOSTOS VINCULADOS À SAÚDE|NÃO SE APLICA|3675|20200731|3086.15|0.0|0.0|3086.15|0.0|0.0|0.0|0.0|0.0|3086.15|0.0
3110004|303|02|382334|2020|11|10 - SAÚDE|122 - ADMINISTRAÇÃO GERAL|0047 - MANUTENÇÃO DO SERVIÇO DE TRANSPORTE DE PACIENTES|2110 - MANUTENÇÃO DO SETOR DE TRANSPORTE||3.3.90.14.05 - 3.3.90.14.05|102 - RECEITAS DE IMPOSTOS E DE TRANSFERÊNCIAS DE IMPOSTOS VINCULADOS À SAÚDE|NÃO SE APLICA|5209|20201029|0.0|0.0|0.0|0.0|0.0|519.2|0.0|0.0|0.0|-519.2|0.0
3110004|303|02|382334|2020|6|10 - SAÚDE|122 - ADMINISTRAÇÃO GERAL|0040 - GESTÃO DA SECRETARIA DE SAÚDE|2431 - REMUNERAÇÃO DE ESTAGIÁRIOS||3.3.90.36.07 - 3.3.90.36.07|102 - RECEITAS DE IMPOSTOS E DE TRANSFERÊNCIAS DE IMPOSTOS VINCULADOS À SAÚDE|NÃO SE APLICA|3026|20200630|2146.01|0.0|0.0|2146.01|0.0|2146.01|0.0|0.0|0.0|0.0|0.0
3110004|303|02|382323|2020|12|10 - SAÚDE|122 - ADMINISTRAÇÃO GERAL|0042 - SERVIÇO DE REGULAÇÃO EM SAÚDE|2094 - MANUTENÇÃO DA REGULAÇÃO EM SAÚDE||3.3.90.39.36 - 3.3.90.39.36|102 - RECEITAS DE IMPOSTOS E DE TRANSFERÊNCIAS DE IMPOSTOS VINCULADOS À SAÚDE|NÃO SE APLICA|671|20200203|0.0|0.0|720.0|0.0|0.0|0.0|0.0|0.0|0.0|0.0|-720.0
3110004|303|02|382334|2020|8|10 - SAÚDE|122 - ADMINISTRAÇÃO GERAL|0047 - MANUTENÇÃO DO SERVIÇO DE TRANSPORTE DE PACIENTES|2110 - MANUTENÇÃO DO SETOR DE TRANSPORTE||3.3.90.14.05 - 3.3.90.14.05|102 - RECEITAS DE IMPOSTOS E DE TRANSFERÊNCIAS DE IMPOSTOS VINCULADOS À SAÚDE|NÃO SE APLICA|3912|20200821|944.0|0.0|0.0|944.0|0.0|944.0|0.0|0.0|0.0|0.0|0.0
3110004|303|02|382323|2020|7|10 - SAÚDE|302 - ASSISTÊNCIA HOSPITALAR E AMBULATORIAL|0043 - SAÚDE BUCAL|2099 - MANUTENÇÃO DO SETOR DE SAÚDE BUCAL||3.1.90.13.01 - 3.1.90.13.01|102 - RECEITAS DE IMPOSTOS E DE TRANSFERÊNCIAS DE IMPOSTOS VINCULADOS À SAÚDE|NÃO SE APLICA|3171|20200630|0.0|0.0|0.0|0.0|0.0|1242.95|0.0|0.0|0.0|-1242.95|0.0
3110004|303|02|382334|2020|6|10 - SAÚDE|122 - ADMINISTRAÇÃO GERAL|0047 - MANUTENÇÃO DO SERVIÇO DE TRANSPORTE DE PACIENTES|2110 - MANUTENÇÃO DO SETOR DE TRANSPORTE||3.3.90.39.99 - 3.3.90.39.99|102 - RECEITAS DE IMPOSTOS E DE TRANSFERÊNCIAS DE IMPOSTOS VINCULADOS À SAÚDE|NÃO SE APLICA|272|20200124|0.0|0.0|0.0|49240.35|0.0|69810.88|0.0|0.0|0.0|-20570.53|-49240.35
3110004|303|02|382323|2020|4|10 - SAÚDE|301 - ATENÇÃO BÁSICA|0029 - ATENÇÃO BÁSICA|2063 - MANUTENÇÃO DA ATENÇÃO BÁSICA||3.1.90.13.03 - 3.1.90.13.03|102 - RECEITAS DE IMPOSTOS E DE TRANSFERÊNCIAS DE IMPOSTOS VINCULADOS À SAÚDE|NÃO SE APLICA|2159|20200429|3103.93|0.0|0.0|3103.93|0.0|0.0|0.0|0.0|0.0|3103.93|0.0
3110004|303|02|382334|2020|12|10 - SAÚDE|122 - ADMINISTRAÇÃO GERAL|0040 - GESTÃO DA SECRETARIA DE SAÚDE|2089 - MANUTENÇÃO DA SECRETARIA DE SAÚDE||3.1.90.11.11 - 3.1.90.11.11|102 - RECEITAS DE IMPOSTOS E DE TRANSFERÊNCIAS DE IMPOSTOS VINCULADOS À SAÚDE|NÃO SE APLICA|6167|20201228|17658.73|0.0|0.0|17658.73|0.0|17658.73|0.0|0.0|0.0|0.0|0.0
3110004|303|02|382323|2020|11|10 - SAÚDE|302 - ASSISTÊNCIA HOSPITALAR E AMBULATORIAL|0043 - SAÚDE BUCAL|2099 - MANUTENÇÃO DO SETOR DE SAÚDE BUCAL||3.1.90.13.01 - 3.1.90.13.01|102 - RECEITAS DE IMPOSTOS E DE TRANSFERÊNCIAS DE IMPOSTOS VINCULADOS À SAÚDE|NÃO SE APLICA|5607|20201127|1324.58|0.0|0.0|1324.58|0.0|0.0|0.0|0.0|0.0|1324.58|0.0
3110004|303|02|382323|2020|12|10 - SAÚDE|122 - ADMINISTRAÇÃO GERAL|0032 - ASSISTÊNCIA FARMACÊUTCA|2069 - MANUTENÇÃO DA FARMÁCIA BÁSICA||3.1.90.11.11 - 3.1.90.11.11|102 - RECEITAS DE IMPOSTOS E DE TRANSFERÊNCIAS DE IMPOSTOS VINCULADOS À SAÚDE|NÃO SE APLICA|6197|20201228|9041.58|0.0|0.0|9041.58|0.0|9041.58|0.0|0.0|0.0|0.0|0.0
3110004|303|02|382334|2020|8|10 - SAÚDE|122 - ADMINISTRAÇÃO GERAL|0047 - MANUTENÇÃO DO SERVIÇO DE TRANSPORTE DE PACIENTES|2110 - MANUTENÇÃO DO SETOR DE TRANSPORTE||3.3.90.30.37 - 3.3.90.30.37|102 - RECEITAS DE IMPOSTOS E DE TRANSFERÊNCIAS DE IMPOSTOS VINCULADOS À SAÚDE|NÃO SE APLICA|3701|20200731|0.0|0.0|0.0|943.05|0.0|943.05|0.0|0.0|0.0|0.0|-943.05
3110004|303|02|382323|2020|2|10 - SAÚDE|302 - ASSISTÊNCIA HOSPITALAR E AMBULATORIAL|0048 - URGÊNCIA E EMERGÊNCIA|2403 - MANUTENÇÃO DO SAMU||3.3.90.14.05 - 3.3.90.14.05|102 - RECEITAS DE IMPOSTOS E DE TRANSFERÊNCIAS DE IMPOSTOS VINCULADOS À SAÚDE|NÃO SE APLICA|977|20200221|1156.4|0.0|0.0|1156.4|0.0|0.0|0.0|0.0|0.0|1156.4|0.0
3110004|303|02|382334|2020|1|10 - SAÚDE|122 - ADMINISTRAÇÃO GERAL|0040 - GESTÃO DA SECRETARIA DE SAÚDE|2089 - MANUTENÇÃO DA SECRETARIA DE SAÚDE||3.1.90.13.03 - 3.1.90.13.03|102 - RECEITAS DE IMPOSTOS E DE TRANSFERÊNCIAS DE IMPOSTOS VINCULADOS À SAÚDE|NÃO SE APLICA|508|20200130|6317.51|0.0|0.0|6317.51|0.0|0.0|0.0|0.0|0.0|6317.51|0.0
3110004|303|02|382334|2020|5|10 - SAÚDE|122 - ADMINISTRAÇÃO GERAL|0040 - GESTÃO DA SECRETARIA DE SAÚDE|2089 - MANUTENÇÃO DA SECRETARIA DE SAÚDE||3.3.90.30.22 - 3.3.90.30.22|102 - RECEITAS DE IMPOSTOS E DE TRANSFERÊNCIAS DE IMPOSTOS VINCULADOS À SAÚDE|NÃO SE APLICA|965|20200221|0.0|0.0|0.0|132.48|0.0|0.0|0.0|0.0|0.0|132.48|-132.48
3110004|303|02|382323|2020|4|10 - SAÚDE|302 - ASSISTÊNCIA HOSPITALAR E AMBULATORIAL|0080 - SAÚDE MENTAL|2104 - MANUTENÇÃO DO SETOR DE SAÚDE MENTAL||3.1.90.13.03 - 3.1.90.13.03|102 - RECEITAS DE IMPOSTOS E DE TRANSFERÊNCIAS DE IMPOSTOS VINCULADOS À SAÚDE|NÃO SE APLICA|2170|20200429|8008.47|0.0|0.0|8008.47|0.0|48.62|0.0|0.0|0.0|7959.85|0.0
3110004|303|02|382334|2020|9|10 - SAÚDE|122 - ADMINISTRAÇÃO GERAL|0047 - MANUTENÇÃO DO SERVIÇO DE TRANSPORTE DE PACIENTES|2110 - MANUTENÇÃO DO SETOR DE TRANSPORTE||3.3.90.14.05 - 3.3.90.14.05|102 - RECEITAS DE IMPOSTOS E DE TRANSFERÊNCIAS DE IMPOSTOS VINCULADOS À SAÚDE|NÃO SE APLICA|4393|20200918|944.0|0.0|0.0|944.0|0.0|0.0|0.0|0.0|0.0|944.0|0.0
3110004|303|02|382334|2020|2|10 - SAÚDE|122 - ADMINISTRAÇÃO GERAL|0047 - MANUTENÇÃO DO SERVIÇO DE TRANSPORTE DE PACIENTES|2110 - MANUTENÇÃO DO SETOR DE TRANSPORTE||3.3.90.14.05 - 3.3.90.14.05|102 - RECEITAS DE IMPOSTOS E DE TRANSFERÊNCIAS DE IMPOSTOS VINCULADOS À SAÚDE|NÃO SE APLICA|768|20200211|1416.0|0.0|0.0|1416.0|0.0|1416.0|0.0|0.0|0.0|0.0|0.0
3110004|303|02|382334|2020|10|10 - SAÚDE|122 - ADMINISTRAÇÃO GERAL|0047 - MANUTENÇÃO DO SERVIÇO DE TRANSPORTE DE PACIENTES|2110 - MANUTENÇÃO DO SETOR DE TRANSPORTE||3.3.90.14.05 - 3.3.90.14.05|102 - RECEITAS DE IMPOSTOS E DE TRANSFERÊNCIAS DE IMPOSTOS VINCULADOS À SAÚDE|NÃO SE APLICA|4393|20200918|0.0|0.0|0.0|0.0|0.0|944.0|0.0|0.0|0.0|-944.0|0.0
3110004|303|02|382334|2020|6|10 - SAÚDE|122 - ADMINISTRAÇÃO GERAL|0040 - GESTÃO DA SECRETARIA DE SAÚDE|2089 - MANUTENÇÃO DA SECRETARIA DE SAÚDE||3.1.90.13.03 - 3.1.90.13.03|102 - RECEITAS DE IMPOSTOS E DE TRANSFERÊNCIAS DE IMPOSTOS VINCULADOS À SAÚDE|NÃO SE APLICA|3140|20200630|5361.26|0.0|0.0|5361.26|0.0|145.86|0.0|0.0|0.0|5215.4|0.0
3110004|303|02|382334|2020|11|10 - SAÚDE|122 - ADMINISTRAÇÃO GERAL|0047 - MANUTENÇÃO DO SERVIÇO DE TRANSPORTE DE PACIENTES|2110 - MANUTENÇÃO DO SETOR DE TRANSPORTE||3.3.90.14.05 - 3.3.90.14.05|102 - RECEITAS DE IMPOSTOS E DE TRANSFERÊNCIAS DE IMPOSTOS VINCULADOS À SAÚDE|NÃO SE APLICA|5210|20201029|0.0|0.0|0.0|0.0|0.0|23.6|0.0|0.0|0.0|-23.6|0.0
3110004|303|02|382323|2020|5|10 - SAÚDE|122 - ADMINISTRAÇÃO GERAL|0032 - ASSISTÊNCIA FARMACÊUTCA|2069 - MANUTENÇÃO DA FARMÁCIA BÁSICA||3.1.90.11.11 - 3.1.90.11.11|102 - RECEITAS DE IMPOSTOS E DE TRANSFERÊNCIAS DE IMPOSTOS VINCULADOS À SAÚDE|NÃO SE APLICA|2538|20200529|8136.16|0.0|0.0|8136.16|0.0|8136.16|0.0|0.0|0.0|0.0|0.0
3110004|303|02|382334|2020|2|10 - SAÚDE|122 - ADMINISTRAÇÃO GERAL|0047 - MANUTENÇÃO DO SERVIÇO DE TRANSPORTE DE PACIENTES|2110 - MANUTENÇÃO DO SETOR DE TRANSPORTE||3.3.90.14.05 - 3.3.90.14.05|102 - RECEITAS DE IMPOSTOS E DE TRANSFERÊNCIAS DE IMPOSTOS VINCULADOS À SAÚDE|NÃO SE APLICA|770|20200211|1416.0|0.0|0.0|1416.0|0.0|1416.0|0.0|0.0|0.0|0.0|0.0
3110004|303|02|382323|2020|6|10 - SAÚDE|302 - ASSISTÊNCIA HOSPITALAR E AMBULATORIAL|0048 - URGÊNCIA E EMERGÊNCIA|2403 - MANUTENÇÃO DO SAMU||3.1.90.13.03 - 3.1.90.13.03|102 - RECEITAS DE IMPOSTOS E DE TRANSFERÊNCIAS DE IMPOSTOS VINCULADOS À SAÚDE|NÃO SE APLICA|3174|20200630|5402.39|0.0|0.0|5402.39|0.0|0.0|0.0|0.0|0.0|5402.39|0.0
3110004|303|02|382334|2020|7|10 - SAÚDE|122 - ADMINISTRAÇÃO GERAL|0040 - GESTÃO DA SECRETARIA DE SAÚDE|2089 - MANUTENÇÃO DA SECRETARIA DE SAÚDE||3.3.90.49.00 - 3.3.90.49.00|102 - RECEITAS DE IMPOSTOS E DE TRANSFERÊNCIAS DE IMPOSTOS VINCULADOS À SAÚDE|NÃO SE APLICA|257|20200124|0.0|0.0|0.0|4732.1|0.0|4732.1|0.0|0.0|0.0|0.0|-4732.1
3110004|303|02|382334|2020|1|10 - SAÚDE|122 - ADMINISTRAÇÃO GERAL|0040 - GESTÃO DA SECRETARIA DE SAÚDE|2089 - MANUTENÇÃO DA SECRETARIA DE SAÚDE||3.1.90.11.11 - 3.1.90.11.11|102 - RECEITAS DE IMPOSTOS E DE TRANSFERÊNCIAS DE IMPOSTOS VINCULADOS À SAÚDE|NÃO SE APLICA|399|20200130|17784.17|0.0|0.0|17784.17|0.0|17784.17|0.0|0.0|0.0|0.0|0.0
3110004|303|02|382334|2020|6|10 - SAÚDE|122 - ADMINISTRAÇÃO GERAL|0047 - MANUTENÇÃO DO SERVIÇO DE TRANSPORTE DE PACIENTES|2110 - MANUTENÇÃO DO SETOR DE TRANSPORTE||3.3.90.14.05 - 3.3.90.14.05|102 - RECEITAS DE IMPOSTOS E DE TRANSFERÊNCIAS DE IMPOSTOS VINCULADOS À SAÚDE|NÃO SE APLICA|2325|20200513|0.0|0.0|0.0|0.0|0.0|1416.0|0.0|0.0|0.0|-1416.0|0.0
3110004|303|02|382334|2020|8|10 - SAÚDE|122 - ADMINISTRAÇÃO GERAL|0040 - GESTÃO DA SECRETARIA DE SAÚDE|2431 - REMUNERAÇÃO DE ESTAGIÁRIOS||3.3.90.36.07 - 3.3.90.36.07|102 - RECEITAS DE IMPOSTOS E DE TRANSFERÊNCIAS DE IMPOSTOS VINCULADOS À SAÚDE|NÃO SE APLICA|4018|20200828|2492.01|0.0|0.0|2492.01|0.0|2492.01|0.0|0.0|0.0|0.0|0.0
3110004|303|02|382323|2020|8|10 - SAÚDE|302 - ASSISTÊNCIA HOSPITALAR E AMBULATORIAL|0028 - CENTRO DE ESPECIALIDADES EM SAÚDE|2059 - MANUTENÇÃO DO CENTRO ESPECIALIDADES EM SAÚDE||3.3.90.39.36 - 3.3.90.39.36|102 - RECEITAS DE IMPOSTOS E DE TRANSFERÊNCIAS DE IMPOSTOS VINCULADOS À SAÚDE|NÃO SE APLICA|293|20200124|0.0|0.0|0.0|4000.0|0.0|4000.0|0.0|0.0|0.0|0.0|-4000.0
3110004|303|02|382323|2020|11|10 - SAÚDE|122 - ADMINISTRAÇÃO GERAL|0042 - SERVIÇO DE REGULAÇÃO EM SAÚDE|2094 - MANUTENÇÃO DA REGULAÇÃO EM SAÚDE||3.1.90.13.01 - 3.1.90.13.01|102 - RECEITAS DE IMPOSTOS E DE TRANSFERÊNCIAS DE IMPOSTOS VINCULADOS À SAÚDE|NÃO SE APLICA|5600|20201127|1349.24|0.0|0.0|1349.24|0.0|0.0|0.0|0.0|0.0|1349.24|0.0
3110004|303|02|382323|2020|4|10 - SAÚDE|122 - ADMINISTRAÇÃO GERAL|0042 - SERVIÇO DE REGULAÇÃO EM SAÚDE|2094 - MANUTENÇÃO DA REGULAÇÃO EM SAÚDE||3.1.90.13.01 - 3.1.90.13.01|102 - RECEITAS DE IMPOSTOS E DE TRANSFERÊNCIAS DE IMPOSTOS VINCULADOS À SAÚDE|NÃO SE APLICA|1684|20200327|0.0|0.0|0.0|0.0|0.0|997.18|0.0|0.0|0.0|-997.18|0.0
3110004|303|02|382334|2020|3|10 - SAÚDE|122 - ADMINISTRAÇÃO GERAL|0047 - MANUTENÇÃO DO SERVIÇO DE TRANSPORTE DE PACIENTES|2110 - MANUTENÇÃO DO SETOR DE TRANSPORTE||3.3.90.39.46 - 3.3.90.39.46|102 - RECEITAS DE IMPOSTOS E DE TRANSFERÊNCIAS DE IMPOSTOS VINCULADOS À SAÚDE|NÃO SE APLICA|898|20200218|0.0|0.0|0.0|17500.0|0.0|17500.0|0.0|0.0|0.0|0.0|-17500.0
3110004|303|02|382323|2020|10|10 - SAÚDE|302 - ASSISTÊNCIA HOSPITALAR E AMBULATORIAL|0043 - SAÚDE BUCAL|2099 - MANUTENÇÃO DO SETOR DE SAÚDE BUCAL||3.1.90.13.01 - 3.1.90.13.01|102 - RECEITAS DE IMPOSTOS E DE TRANSFERÊNCIAS DE IMPOSTOS VINCULADOS À SAÚDE|NÃO SE APLICA|4713|20200930|0.0|0.0|0.0|0.0|0.0|1253.25|0.0|0.0|0.0|-1253.25|0.0
3110004|303|02|382323|2020|4|10 - SAÚDE|122 - ADMINISTRAÇÃO GERAL|0042 - SERVIÇO DE REGULAÇÃO EM SAÚDE|2094 - MANUTENÇÃO DA REGULAÇÃO EM SAÚDE||3.3.90.39.36 - 3.3.90.39.36|102 - RECEITAS DE IMPOSTOS E DE TRANSFERÊNCIAS DE IMPOSTOS VINCULADOS À SAÚDE|NÃO SE APLICA|671|20200203|0.0|0.0|0.0|15200.0|0.0|15200.0|0.0|0.0|0.0|0.0|-15200.0
3110004|303|02|382323|2020|6|10 - SAÚDE|122 - ADMINISTRAÇÃO GERAL|0032 - ASSISTÊNCIA FARMACÊUTCA|2069 - MANUTENÇÃO DA FARMÁCIA BÁSICA||3.3.90.30.09 - 3.3.90.30.09|102 - RECEITAS DE IMPOSTOS E DE TRANSFERÊNCIAS DE IMPOSTOS VINCULADOS À SAÚDE|NÃO SE APLICA|1798|20200406|0.0|0.0|0.0|0.0|0.0|806.82|0.0|0.0|0.0|-806.82|0.0
3110004|303|02|382334|2020|5|10 - SAÚDE|122 - ADMINISTRAÇÃO GERAL|0047 - MANUTENÇÃO DO SERVIÇO DE TRANSPORTE DE PACIENTES|2110 - MANUTENÇÃO DO SETOR DE TRANSPORTE||3.3.90.39.53 - 3.3.90.39.53|102 - RECEITAS DE IMPOSTOS E DE TRANSFERÊNCIAS DE IMPOSTOS VINCULADOS À SAÚDE|NÃO SE APLICA|1450|20200319|0.0|0.0|0.0|180.0|0.0|180.0|0.0|0.0|0.0|0.0|-180.0
3110004|303|02|382323|2020|4|10 - SAÚDE|302 - ASSISTÊNCIA HOSPITALAR E AMBULATORIAL|0028 - CENTRO DE ESPECIALIDADES EM SAÚDE|2059 - MANUTENÇÃO DO CENTRO ESPECIALIDADES EM SAÚDE||3.3.90.39.36 - 3.3.90.39.36|102 - RECEITAS DE IMPOSTOS E DE TRANSFERÊNCIAS DE IMPOSTOS VINCULADOS À SAÚDE|NÃO SE APLICA|293|20200124|0.0|0.0|0.0|5450.0|0.0|5450.0|0.0|0.0|0.0|0.0|-5450.0
3110004|303|02|382323|2020|11|10 - SAÚDE|302 - ASSISTÊNCIA HOSPITALAR E AMBULATORIAL|0048 - URGÊNCIA E EMERGÊNCIA|2112 - MANUTENÇÃO DA URGÊNCIA E EMERGÊNCIA||3.3.50.43.00 - 3.3.50.43.00|102 - RECEITAS DE IMPOSTOS E DE TRANSFERÊNCIAS DE IMPOSTOS VINCULADOS À SAÚDE|NÃO SE APLICA|5370|20201125|351854.94|0.0|0.0|351854.94|0.0|351854.94|0.0|0.0|0.0|0.0|0.0
3110004|303|02|382323|2020|8|10 - SAÚDE|122 - ADMINISTRAÇÃO GERAL|0032 - ASSISTÊNCIA FARMACÊUTCA|2069 - MANUTENÇÃO DA FARMÁCIA BÁSICA||3.3.90.30.09 - 3.3.90.30.09|102 - RECEITAS DE IMPOSTOS E DE TRANSFERÊNCIAS DE IMPOSTOS VINCULADOS À SAÚDE|NÃO SE APLICA|2213|20200506|0.0|0.0|0.0|130.0|0.0|130.0|0.0|0.0|0.0|0.0|-130.0
3110004|303|02|382323|2020|4|10 - SAÚDE|302 - ASSISTÊNCIA HOSPITALAR E AMBULATORIAL|0113 - CONSÓRCIO INTERMUNICIPAL ALIANÇA PELA SAÚDE|2394 - MANUTENÇÃO DAS AÇÕES DO CONSÓRCIO||3.1.71.70.00 - 3.1.71.70.00|102 - RECEITAS DE IMPOSTOS E DE TRANSFERÊNCIAS DE IMPOSTOS VINCULADOS À SAÚDE|NÃO SE APLICA|702|20200207|0.0|0.0|0.0|12869.33|0.0|12869.33|0.0|0.0|0.0|0.0|-12869.33
3110004|303|02|382334|2020|8|10 - SAÚDE|122 - ADMINISTRAÇÃO GERAL|0040 - GESTÃO DA SECRETARIA DE SAÚDE|2089 - MANUTENÇÃO DA SECRETARIA DE SAÚDE||3.1.90.13.01 - 3.1.90.13.01|102 - RECEITAS DE IMPOSTOS E DE TRANSFERÊNCIAS DE IMPOSTOS VINCULADOS À SAÚDE|NÃO SE APLICA|4132|20200828|1653.51|0.0|0.0|1653.51|0.0|0.0|0.0|0.0|0.0|1653.51|0.0
3110004|303|02|382334|2020|10|10 - SAÚDE|122 - ADMINISTRAÇÃO GERAL|0040 - GESTÃO DA SECRETARIA DE SAÚDE|2431 - REMUNERAÇÃO DE ESTAGIÁRIOS||3.3.90.36.07 - 3.3.90.36.07|102 - RECEITAS DE IMPOSTOS E DE TRANSFERÊNCIAS DE IMPOSTOS VINCULADOS À SAÚDE|NÃO SE APLICA|5043|20201029|1661.34|0.0|0.0|1661.34|0.0|1661.34|0.0|0.0|0.0|0.0|0.0
3110004|303|02|382334|2020|9|10 - SAÚDE|122 - ADMINISTRAÇÃO GERAL|0040 - GESTÃO DA SECRETARIA DE SAÚDE|2089 - MANUTENÇÃO DA SECRETARIA DE SAÚDE||3.3.90.49.00 - 3.3.90.49.00|102 - RECEITAS DE IMPOSTOS E DE TRANSFERÊNCIAS DE IMPOSTOS VINCULADOS À SAÚDE|NÃO SE APLICA|256|20200124|0.0|0.0|0.0|7579.0|0.0|7579.0|0.0|0.0|0.0|0.0|-7579.0
3110004|303|02|382323|2020|12|10 - SAÚDE|122 - ADMINISTRAÇÃO GERAL|0032 - ASSISTÊNCIA FARMACÊUTCA|2069 - MANUTENÇÃO DA FARMÁCIA BÁSICA||3.3.90.30.09 - 3.3.90.30.09|102 - RECEITAS DE IMPOSTOS E DE TRANSFERÊNCIAS DE IMPOSTOS VINCULADOS À SAÚDE|NÃO SE APLICA|2213|20200506|0.0|0.0|21.45|0.0|0.0|0.0|0.0|0.0|0.0|0.0|-21.45
3110004|303|02|382334|2020|9|10 - SAÚDE|122 - ADMINISTRAÇÃO GERAL|0047 - MANUTENÇÃO DO SERVIÇO DE TRANSPORTE DE PACIENTES|2110 - MANUTENÇÃO DO SETOR DE TRANSPORTE||3.3.90.14.05 - 3.3.90.14.05|102 - RECEITAS DE IMPOSTOS E DE TRANSFERÊNCIAS DE IMPOSTOS VINCULADOS À SAÚDE|NÃO SE APLICA|4385|20200918|708.0|0.0|0.0|708.0|0.0|0.0|0.0|0.0|0.0|708.0|0.0
3110004|303|02|382323|2020|5|10 - SAÚDE|122 - ADMINISTRAÇÃO GERAL|0032 - ASSISTÊNCIA FARMACÊUTCA|2069 - MANUTENÇÃO DA FARMÁCIA BÁSICA||3.3.90.30.09 - 3.3.90.30.09|102 - RECEITAS DE IMPOSTOS E DE TRANSFERÊNCIAS DE IMPOSTOS VINCULADOS À SAÚDE|NÃO SE APLICA|2215|20200506|4583.72|0.0|0.0|0.0|0.0|0.0|0.0|0.0|0.0|0.0|4583.72
3110004|303|02|382323|2020|3|10 - SAÚDE|302 - ASSISTÊNCIA HOSPITALAR E AMBULATORIAL|0080 - SAÚDE MENTAL|2104 - MANUTENÇÃO DO SETOR DE SAÚDE MENTAL||3.1.90.13.03 - 3.1.90.13.03|102 - RECEITAS DE IMPOSTOS E DE TRANSFERÊNCIAS DE IMPOSTOS VINCULADOS À SAÚDE|NÃO SE APLICA|1212|20200221|0.0|0.0|0.0|0.0|0.0|6786.43|0.0|0.0|0.0|-6786.43|0.0
3110004|303|02|382334|2020|10|10 - SAÚDE|122 - ADMINISTRAÇÃO GERAL|0040 - GESTÃO DA SECRETARIA DE SAÚDE|2089 - MANUTENÇÃO DA SECRETARIA DE SAÚDE||3.3.90.49.00 - 3.3.90.49.00|102 - RECEITAS DE IMPOSTOS E DE TRANSFERÊNCIAS DE IMPOSTOS VINCULADOS À SAÚDE|NÃO SE APLICA|258|20200124|0.0|0.0|0.0|243.0|0.0|243.0|0.0|0.0|0.0|0.0|-243.0
3110004|303|02|382334|2020|9|10 - SAÚDE|122 - ADMINISTRAÇÃO GERAL|0047 - MANUTENÇÃO DO SERVIÇO DE TRANSPORTE DE PACIENTES|2110 - MANUTENÇÃO DO SETOR DE TRANSPORTE||3.3.90.14.05 - 3.3.90.14.05|102 - RECEITAS DE IMPOSTOS E DE TRANSFERÊNCIAS DE IMPOSTOS VINCULADOS À SAÚDE|NÃO SE APLICA|3916|20200821|0.0|0.0|0.0|0.0|0.0|1416.0|0.0|0.0|0.0|-1416.0|0.0
3110004|303|02|382323|2020|2|10 - SAÚDE|302 - ASSISTÊNCIA HOSPITALAR E AMBULATORIAL|0048 - URGÊNCIA E EMERGÊNCIA|2403 - MANUTENÇÃO DO SAMU||3.1.90.13.01 - 3.1.90.13.01|102 - RECEITAS DE IMPOSTOS E DE TRANSFERÊNCIAS DE IMPOSTOS VINCULADOS À SAÚDE|NÃO SE APLICA|1209|20200221|1704.28|0.0|0.0|1704.28|0.0|0.0|0.0|0.0|0.0|1704.28|0.0
3110004|303|02|382334|2020|11|10 - SAÚDE|122 - ADMINISTRAÇÃO GERAL|0047 - MANUTENÇÃO DO SERVIÇO DE TRANSPORTE DE PACIENTES|2110 - MANUTENÇÃO DO SETOR DE TRANSPORTE||3.1.90.11.05 - 3.1.90.11.05|102 - RECEITAS DE IMPOSTOS E DE TRANSFERÊNCIAS DE IMPOSTOS VINCULADOS À SAÚDE|NÃO SE APLICA|5458|20201127|4637.36|0.0|0.0|4637.36|0.0|4637.36|0.0|0.0|0.0|0.0|0.0
3110004|303|02|382334|2020|10|10 - SAÚDE|122 - ADMINISTRAÇÃO GERAL|0040 - GESTÃO DA SECRETARIA DE SAÚDE|2089 - MANUTENÇÃO DA SECRETARIA DE SAÚDE||3.3.90.49.00 - 3.3.90.49.00|102 - RECEITAS DE IMPOSTOS E DE TRANSFERÊNCIAS DE IMPOSTOS VINCULADOS À SAÚDE|NÃO SE APLICA|257|20200124|0.0|0.0|0.0|3677.2|0.0|3677.2|0.0|0.0|0.0|0.0|-3677.2
3110004|303|02|382334|2020|2|10 - SAÚDE|122 - ADMINISTRAÇÃO GERAL|0047 - MANUTENÇÃO DO SERVIÇO DE TRANSPORTE DE PACIENTES|2110 - MANUTENÇÃO DO SETOR DE TRANSPORTE||3.3.90.39.53 - 3.3.90.39.53|102 - RECEITAS DE IMPOSTOS E DE TRANSFERÊNCIAS DE IMPOSTOS VINCULADOS À SAÚDE|NÃO SE APLICA|1251|20200228|1180.0|0.0|0.0|0.0|0.0|0.0|0.0|0.0|0.0|0.0|1180.0
3110004|303|02|382334|2020|1|10 - SAÚDE|122 - ADMINISTRAÇÃO GERAL|0047 - MANUTENÇÃO DO SERVIÇO DE TRANSPORTE DE PACIENTES|2110 - MANUTENÇÃO DO SETOR DE TRANSPORTE||3.3.90.39.53 - 3.3.90.39.53|102 - RECEITAS DE IMPOSTOS E DE TRANSFERÊNCIAS DE IMPOSTOS VINCULADOS À SAÚDE|NÃO SE APLICA|621|20200130|9596.8|0.0|0.0|0.0|0.0|0.0|0.0|0.0|0.0|0.0|9596.8
3110004|303|02|382334|2020|7|10 - SAÚDE|122 - ADMINISTRAÇÃO GERAL|0047 - MANUTENÇÃO DO SERVIÇO DE TRANSPORTE DE PACIENTES|2110 - MANUTENÇÃO DO SETOR DE TRANSPORTE||3.3.90.14.05 - 3.3.90.14.05|102 - RECEITAS DE IMPOSTOS E DE TRANSFERÊNCIAS DE IMPOSTOS VINCULADOS À SAÚDE|NÃO SE APLICA|3379|20200720|236.0|0.0|0.0|236.0|0.0|236.0|0.0|0.0|0.0|0.0|0.0
3110004|303|02|382334|2020|9|10 - SAÚDE|122 - ADMINISTRAÇÃO GERAL|0047 - MANUTENÇÃO DO SERVIÇO DE TRANSPORTE DE PACIENTES|2110 - MANUTENÇÃO DO SETOR DE TRANSPORTE||3.3.90.14.05 - 3.3.90.14.05|102 - RECEITAS DE IMPOSTOS E DE TRANSFERÊNCIAS DE IMPOSTOS VINCULADOS À SAÚDE|NÃO SE APLICA|4380|20200918|212.4|0.0|0.0|212.4|0.0|212.4|0.0|0.0|0.0|0.0|0.0
3110004|303|02|382323|2020|12|10 - SAÚDE|302 - ASSISTÊNCIA HOSPITALAR E AMBULATORIAL|0028 - CENTRO DE ESPECIALIDADES EM SAÚDE|2059 - MANUTENÇÃO DO CENTRO ESPECIALIDADES EM SAÚDE||3.3.90.39.36 - 3.3.90.39.36|102 - RECEITAS DE IMPOSTOS E DE TRANSFERÊNCIAS DE IMPOSTOS VINCULADOS À SAÚDE|NÃO SE APLICA|5747|20201209|20000.0|0.0|0.0|9840.0|0.0|0.0|0.0|0.0|0.0|9840.0|10160.0
3110004|303|02|382323|2020|7|10 - SAÚDE|302 - ASSISTÊNCIA HOSPITALAR E AMBULATORIAL|0080 - SAÚDE MENTAL|2104 - MANUTENÇÃO DO SETOR DE SAÚDE MENTAL||3.1.90.13.03 - 3.1.90.13.03|102 - RECEITAS DE IMPOSTOS E DE TRANSFERÊNCIAS DE IMPOSTOS VINCULADOS À SAÚDE|NÃO SE APLICA|3688|20200731|6990.17|0.0|0.0|6990.17|0.0|0.0|0.0|0.0|0.0|6990.17|0.0
3110004|303|02|382323|2020|6|10 - SAÚDE|302 - ASSISTÊNCIA HOSPITALAR E AMBULATORIAL|0043 - SAÚDE BUCAL|2099 - MANUTENÇÃO DO SETOR DE SAÚDE BUCAL||3.1.90.13.03 - 3.1.90.13.03|102 - RECEITAS DE IMPOSTOS E DE TRANSFERÊNCIAS DE IMPOSTOS VINCULADOS À SAÚDE|NÃO SE APLICA|3172|20200630|7328.46|0.0|0.0|7328.46|0.0|2961.39|0.0|0.0|0.0|4367.07|0.0
3110004|303|02|382323|2020|3|10 - SAÚDE|302 - ASSISTÊNCIA HOSPITALAR E AMBULATORIAL|0028 - CENTRO DE ESPECIALIDADES EM SAÚDE|2059 - MANUTENÇÃO DO CENTRO ESPECIALIDADES EM SAÚDE||3.3.90.39.36 - 3.3.90.39.36|102 - RECEITAS DE IMPOSTOS E DE TRANSFERÊNCIAS DE IMPOSTOS VINCULADOS À SAÚDE|NÃO SE APLICA|293|20200124|0.0|0.0|0.0|2200.0|0.0|2200.0|0.0|0.0|0.0|0.0|-2200.0
3110004|303|02|382334|2020|12|10 - SAÚDE|122 - ADMINISTRAÇÃO GERAL|0040 - GESTÃO DA SECRETARIA DE SAÚDE|2089 - MANUTENÇÃO DA SECRETARIA DE SAÚDE||3.3.90.40.02 - 3.3.90.40.02|102 - RECEITAS DE IMPOSTOS E DE TRANSFERÊNCIAS DE IMPOSTOS VINCULADOS À SAÚDE|NÃO SE APLICA|574|20200130|0.0|0.0|750.0|0.0|0.0|0.0|0.0|0.0|0.0|0.0|-750.0
3110004|303|02|382323|2020|9|10 - SAÚDE|302 - ASSISTÊNCIA HOSPITALAR E AMBULATORIAL|0048 - URGÊNCIA E EMERGÊNCIA|2403 - MANUTENÇÃO DO SAMU||3.1.90.13.01 - 3.1.90.13.01|102 - RECEITAS DE IMPOSTOS E DE TRANSFERÊNCIAS DE IMPOSTOS VINCULADOS À SAÚDE|NÃO SE APLICA|4715|20200930|1769.1|0.0|0.0|1769.1|0.0|0.0|0.0|0.0|0.0|1769.1|0.0
3110004|303|02|382334|2020|9|10 - SAÚDE|122 - ADMINISTRAÇÃO GERAL|0047 - MANUTENÇÃO DO SERVIÇO DE TRANSPORTE DE PACIENTES|2110 - MANUTENÇÃO DO SETOR DE TRANSPORTE||3.1.90.13.03 - 3.1.90.13.03|102 - RECEITAS DE IMPOSTOS E DE TRANSFERÊNCIAS DE IMPOSTOS VINCULADOS À SAÚDE|NÃO SE APLICA|4135|20200828|0.0|0.0|0.0|0.0|0.0|16547.01|0.0|0.0|0.0|-16547.01|0.0
3110004|303|02|382323|2020|12|10 - SAÚDE|302 - ASSISTÊNCIA HOSPITALAR E AMBULATORIAL|0028 - CENTRO DE ESPECIALIDADES EM SAÚDE|2059 - MANUTENÇÃO DO CENTRO ESPECIALIDADES EM SAÚDE||3.3.90.39.36 - 3.3.90.39.36|102 - RECEITAS DE IMPOSTOS E DE TRANSFERÊNCIAS DE IMPOSTOS VINCULADOS À SAÚDE|NÃO SE APLICA|1440|20200318|0.0|0.0|44.0|3102.0|0.0|3102.0|0.0|0.0|0.0|0.0|-3146.0
3110004|303|02|382323|2020|10|10 - SAÚDE|302 - ASSISTÊNCIA HOSPITALAR E AMBULATORIAL|0080 - SAÚDE MENTAL|2104 - MANUTENÇÃO DO SETOR DE SAÚDE MENTAL||3.1.90.11.05 - 3.1.90.11.05|102 - RECEITAS DE IMPOSTOS E DE TRANSFERÊNCIAS DE IMPOSTOS VINCULADOS À SAÚDE|NÃO SE APLICA|5082|20201029|2153.79|0.0|0.0|2153.79|0.0|2153.79|0.0|0.0|0.0|0.0|0.0
3110004|303|02|382323|2020|3|10 - SAÚDE|302 - ASSISTÊNCIA HOSPITALAR E AMBULATORIAL|0080 - SAÚDE MENTAL|2104 - MANUTENÇÃO DO SETOR DE SAÚDE MENTAL||3.1.90.11.11 - 3.1.90.11.11|102 - RECEITAS DE IMPOSTOS E DE TRANSFERÊNCIAS DE IMPOSTOS VINCULADOS À SAÚDE|NÃO SE APLICA|1595|20200327|23161.43|0.0|0.0|23161.43|0.0|23161.43|0.0|0.0|0.0|0.0|0.0
3110004|303|02|382334|2020|8|10 - SAÚDE|122 - ADMINISTRAÇÃO GERAL|0047 - MANUTENÇÃO DO SERVIÇO DE TRANSPORTE DE PACIENTES|2110 - MANUTENÇÃO DO SETOR DE TRANSPORTE||3.3.90.14.05 - 3.3.90.14.05|102 - RECEITAS DE IMPOSTOS E DE TRANSFERÊNCIAS DE IMPOSTOS VINCULADOS À SAÚDE|NÃO SE APLICA|3440|20200727|0.0|0.0|0.0|0.0|0.0|944.0|0.0|0.0|0.0|-944.0|0.0
3110004|303|02|382323|2020|11|10 - SAÚDE|122 - ADMINISTRAÇÃO GERAL|0032 - ASSISTÊNCIA FARMACÊUTCA|2069 - MANUTENÇÃO DA FARMÁCIA BÁSICA||3.3.90.30.09 - 3.3.90.30.09|102 - RECEITAS DE IMPOSTOS E DE TRANSFERÊNCIAS DE IMPOSTOS VINCULADOS À SAÚDE|NÃO SE APLICA|2219|20200506|0.0|0.0|0.0|416.08|0.0|416.08|0.0|0.0|0.0|0.0|-416.08
3110004|303|02|382323|2020|5|10 - SAÚDE|302 - ASSISTÊNCIA HOSPITALAR E AMBULATORIAL|0028 - CENTRO DE ESPECIALIDADES EM SAÚDE|2059 - MANUTENÇÃO DO CENTRO ESPECIALIDADES EM SAÚDE||3.1.90.13.03 - 3.1.90.13.03|102 - RECEITAS DE IMPOSTOS E DE TRANSFERÊNCIAS DE IMPOSTOS VINCULADOS À SAÚDE|NÃO SE APLICA|2162|20200429|0.0|0.0|0.0|0.0|0.0|15545.24|0.0|0.0|0.0|-15545.24|0.0
3110004|303|02|382323|2020|4|10 - SAÚDE|302 - ASSISTÊNCIA HOSPITALAR E AMBULATORIAL|0028 - CENTRO DE ESPECIALIDADES EM SAÚDE|2059 - MANUTENÇÃO DO CENTRO ESPECIALIDADES EM SAÚDE||3.1.90.94.01 - 3.1.90.94.01|102 - RECEITAS DE IMPOSTOS E DE TRANSFERÊNCIAS DE IMPOSTOS VINCULADOS À SAÚDE|NÃO SE APLICA|1794|20200405|2670.67|0.0|0.0|2670.67|0.0|2670.67|0.0|0.0|0.0|0.0|0.0
3110004|303|02|382323|2020|10|10 - SAÚDE|302 - ASSISTÊNCIA HOSPITALAR E AMBULATORIAL|0039 - GESTÃO DA FISIOTERAPIA|2086 - MANUTENÇÃO DO SETOR DA FISIOTERAPIA||3.1.90.11.11 - 3.1.90.11.11|102 - RECEITAS DE IMPOSTOS E DE TRANSFERÊNCIAS DE IMPOSTOS VINCULADOS À SAÚDE|NÃO SE APLICA|5076|20201029|11256.18|0.0|0.0|11256.18|0.0|11256.18|0.0|0.0|0.0|0.0|0.0
3110004|303|02|382323|2020|6|10 - SAÚDE|302 - ASSISTÊNCIA HOSPITALAR E AMBULATORIAL|0080 - SAÚDE MENTAL|2104 - MANUTENÇÃO DO SETOR DE SAÚDE MENTAL||3.1.90.11.05 - 3.1.90.11.05|102 - RECEITAS DE IMPOSTOS E DE TRANSFERÊNCIAS DE IMPOSTOS VINCULADOS À SAÚDE|NÃO SE APLICA|3063|20200630|2349.58|0.0|0.0|2349.58|0.0|2349.58|0.0|0.0|0.0|0.0|0.0
3110004|303|02|382323|2020|12|10 - SAÚDE|302 - ASSISTÊNCIA HOSPITALAR E AMBULATORIAL|0048 - URGÊNCIA E EMERGÊNCIA|2403 - MANUTENÇÃO DO SAMU||3.1.90.13.03 - 3.1.90.13.03|102 - RECEITAS DE IMPOSTOS E DE TRANSFERÊNCIAS DE IMPOSTOS VINCULADOS À SAÚDE|NÃO SE APLICA|5937|20201214|5169.93|0.0|0.0|5169.93|0.0|5169.93|0.0|0.0|0.0|0.0|0.0
3110004|303|02|382323|2020|5|10 - SAÚDE|302 - ASSISTÊNCIA HOSPITALAR E AMBULATORIAL|0048 - URGÊNCIA E EMERGÊNCIA|2403 - MANUTENÇÃO DO SAMU||3.1.90.13.03 - 3.1.90.13.03|102 - RECEITAS DE IMPOSTOS E DE TRANSFERÊNCIAS DE IMPOSTOS VINCULADOS À SAÚDE|NÃO SE APLICA|2168|20200429|0.0|0.0|0.0|0.0|0.0|6891.79|0.0|0.0|0.0|-6891.79|0.0
3110004|303|02|382334|2020|11|10 - SAÚDE|122 - ADMINISTRAÇÃO GERAL|0047 - MANUTENÇÃO DO SERVIÇO DE TRANSPORTE DE PACIENTES|2110 - MANUTENÇÃO DO SETOR DE TRANSPORTE||3.3.90.14.05 - 3.3.90.14.05|102 - RECEITAS DE IMPOSTOS E DE TRANSFERÊNCIAS DE IMPOSTOS VINCULADOS À SAÚDE|NÃO SE APLICA|5640|20201127|306.8|0.0|0.0|306.8|0.0|0.0|0.0|0.0|0.0|306.8|0.0
3110004|303|02|382334|2020|8|10 - SAÚDE|122 - ADMINISTRAÇÃO GERAL|0040 - GESTÃO DA SECRETARIA DE SAÚDE|2089 - MANUTENÇÃO DA SECRETARIA DE SAÚDE||3.1.90.94.01 - 3.1.90.94.01|102 - RECEITAS DE IMPOSTOS E DE TRANSFERÊNCIAS DE IMPOSTOS VINCULADOS À SAÚDE|NÃO SE APLICA|3846|20200814|123.35|0.0|0.0|123.35|0.0|123.35|0.0|0.0|0.0|0.0|0.0
3110004|303|02|382323|2020|3|10 - SAÚDE|302 - ASSISTÊNCIA HOSPITALAR E AMBULATORIAL|0028 - CENTRO DE ESPECIALIDADES EM SAÚDE|2059 - MANUTENÇÃO DO CENTRO ESPECIALIDADES EM SAÚDE||3.1.90.13.03 - 3.1.90.13.03|102 - RECEITAS DE IMPOSTOS E DE TRANSFERÊNCIAS DE IMPOSTOS VINCULADOS À SAÚDE|NÃO SE APLICA|1204|20200221|0.0|0.0|0.0|0.0|0.0|14606.42|0.0|0.0|0.0|-14606.42|0.0
3110004|303|02|382323|2020|10|10 - SAÚDE|302 - ASSISTÊNCIA HOSPITALAR E AMBULATORIAL|0039 - GESTÃO DA FISIOTERAPIA|2086 - MANUTENÇÃO DO SETOR DA FISIOTERAPIA||3.1.90.13.01 - 3.1.90.13.01|102 - RECEITAS DE IMPOSTOS E DE TRANSFERÊNCIAS DE IMPOSTOS VINCULADOS À SAÚDE|NÃO SE APLICA|4711|20200930|0.0|0.0|0.0|0.0|0.0|913.38|0.0|0.0|0.0|-913.38|0.0
3110004|303|02|382323|2020|7|10 - SAÚDE|122 - ADMINISTRAÇÃO GERAL|0032 - ASSISTÊNCIA FARMACÊUTCA|2069 - MANUTENÇÃO DA FARMÁCIA BÁSICA||3.1.90.13.03 - 3.1.90.13.03|102 - RECEITAS DE IMPOSTOS E DE TRANSFERÊNCIAS DE IMPOSTOS VINCULADOS À SAÚDE|NÃO SE APLICA|3161|20200630|0.0|0.0|0.0|0.0|0.0|2128.83|0.0|0.0|0.0|-2128.83|0.0
3110004|303|02|382323|2020|7|10 - SAÚDE|302 - ASSISTÊNCIA HOSPITALAR E AMBULATORIAL|0043 - SAÚDE BUCAL|2099 - MANUTENÇÃO DO SETOR DE SAÚDE BUCAL||3.1.90.13.01 - 3.1.90.13.01|102 - RECEITAS DE IMPOSTOS E DE TRANSFERÊNCIAS DE IMPOSTOS VINCULADOS À SAÚDE|NÃO SE APLICA|3683|20200731|1253.25|0.0|0.0|1253.25|0.0|0.0|0.0|0.0|0.0|1253.25|0.0
3110004|303|02|382323|2020|9|10 - SAÚDE|301 - ATENÇÃO BÁSICA|0029 - ATENÇÃO BÁSICA|2063 - MANUTENÇÃO DA ATENÇÃO BÁSICA||3.1.90.13.01 - 3.1.90.13.01|102 - RECEITAS DE IMPOSTOS E DE TRANSFERÊNCIAS DE IMPOSTOS VINCULADOS À SAÚDE|NÃO SE APLICA|4159|20200828|0.0|0.0|0.0|0.0|0.0|6375.82|0.0|0.0|0.0|-6375.82|0.0
3110004|303|02|382323|2020|4|10 - SAÚDE|302 - ASSISTÊNCIA HOSPITALAR E AMBULATORIAL|0039 - GESTÃO DA FISIOTERAPIA|2086 - MANUTENÇÃO DO SETOR DA FISIOTERAPIA||3.1.90.13.03 - 3.1.90.13.03|102 - RECEITAS DE IMPOSTOS E DE TRANSFERÊNCIAS DE IMPOSTOS VINCULADOS À SAÚDE|NÃO SE APLICA|2164|20200429|4103.08|0.0|0.0|4103.08|0.0|0.0|0.0|0.0|0.0|4103.08|0.0
3110004|303|02|382323|2020|4|10 - SAÚDE|122 - ADMINISTRAÇÃO GERAL|0032 - ASSISTÊNCIA FARMACÊUTCA|2069 - MANUTENÇÃO DA FARMÁCIA BÁSICA||3.3.90.30.09 - 3.3.90.30.09|102 - RECEITAS DE IMPOSTOS E DE TRANSFERÊNCIAS DE IMPOSTOS VINCULADOS À SAÚDE|NÃO SE APLICA|1796|20200406|525.0|0.0|0.0|0.0|0.0|0.0|0.0|0.0|0.0|0.0|525.0
3110004|303|02|382334|2020|9|10 - SAÚDE|122 - ADMINISTRAÇÃO GERAL|0040 - GESTÃO DA SECRETARIA DE SAÚDE|2089 - MANUTENÇÃO DA SECRETARIA DE SAÚDE||3.3.90.39.29 - 3.3.90.39.29|102 - RECEITAS DE IMPOSTOS E DE TRANSFERÊNCIAS DE IMPOSTOS VINCULADOS À SAÚDE|NÃO SE APLICA|11|20200102|0.0|0.0|0.0|1198.83|0.0|1198.83|0.0|0.0|0.0|0.0|-1198.83
3110004|303|02|382334|2020|10|10 - SAÚDE|122 - ADMINISTRAÇÃO GERAL|0047 - MANUTENÇÃO DO SERVIÇO DE TRANSPORTE DE PACIENTES|2110 - MANUTENÇÃO DO SETOR DE TRANSPORTE||3.3.90.39.99 - 3.3.90.39.99|102 - RECEITAS DE IMPOSTOS E DE TRANSFERÊNCIAS DE IMPOSTOS VINCULADOS À SAÚDE|NÃO SE APLICA|3190|20200630|0.0|0.0|0.0|0.0|0.0|136.81|0.0|0.0|0.0|-136.81|0.0
3110004|303|02|382334|2020|11|10 - SAÚDE|122 - ADMINISTRAÇÃO GERAL|0040 - GESTÃO DA SECRETARIA DE SAÚDE|2089 - MANUTENÇÃO DA SECRETARIA DE SAÚDE||3.3.90.30.16 - 3.3.90.30.16|102 - RECEITAS DE IMPOSTOS E DE TRANSFERÊNCIAS DE IMPOSTOS VINCULADOS À SAÚDE|NÃO SE APLICA|5661|20201130|659.1|0.0|0.0|0.0|0.0|0.0|0.0|0.0|0.0|0.0|659.1
3110004|303|02|382323|2020|5|10 - SAÚDE|122 - ADMINISTRAÇÃO GERAL|0032 - ASSISTÊNCIA FARMACÊUTCA|2069 - MANUTENÇÃO DA FARMÁCIA BÁSICA||3.3.90.30.09 - 3.3.90.30.09|102 - RECEITAS DE IMPOSTOS E DE TRANSFERÊNCIAS DE IMPOSTOS VINCULADOS À SAÚDE|NÃO SE APLICA|2213|20200506|151.45|0.0|0.0|0.0|0.0|0.0|0.0|0.0|0.0|0.0|151.45
3110004|303|02|382323|2020|11|10 - SAÚDE|302 - ASSISTÊNCIA HOSPITALAR E AMBULATORIAL|0048 - URGÊNCIA E EMERGÊNCIA|2403 - MANUTENÇÃO DO SAMU||3.1.90.11.11 - 3.1.90.11.11|102 - RECEITAS DE IMPOSTOS E DE TRANSFERÊNCIAS DE IMPOSTOS VINCULADOS À SAÚDE|NÃO SE APLICA|5492|20201127|17363.99|0.0|0.0|17363.99|0.0|17363.99|0.0|0.0|0.0|0.0|0.0
3110004|303|02|382323|2020|6|10 - SAÚDE|305 - VIGILÂNCIA EPIDEMIOLÓGICA|0049 - VIGILÂNCIA EM SAÚDE|2399 - MANUTENÇÃO DA VIGILÂNCIA EM SAÚDE||3.3.90.30.06 - 3.3.90.30.06|102 - RECEITAS DE IMPOSTOS E DE TRANSFERÊNCIAS DE IMPOSTOS VINCULADOS À SAÚDE|NÃO SE APLICA|2280|20200512|0.0|0.0|0.0|7315.7|0.0|7315.7|0.0|0.0|0.0|0.0|-7315.7
3110004|303|02|382334|2020|4|10 - SAÚDE|122 - ADMINISTRAÇÃO GERAL|0047 - MANUTENÇÃO DO SERVIÇO DE TRANSPORTE DE PACIENTES|2110 - MANUTENÇÃO DO SETOR DE TRANSPORTE||3.3.90.14.05 - 3.3.90.14.05|102 - RECEITAS DE IMPOSTOS E DE TRANSFERÊNCIAS DE IMPOSTOS VINCULADOS À SAÚDE|NÃO SE APLICA|1890|20200417|1416.0|0.0|0.0|1416.0|0.0|1416.0|0.0|0.0|0.0|0.0|0.0
3110004|303|02|382323|2020|7|10 - SAÚDE|302 - ASSISTÊNCIA HOSPITALAR E AMBULATORIAL|0080 - SAÚDE MENTAL|2104 - MANUTENÇÃO DO SETOR DE SAÚDE MENTAL||3.1.90.13.01 - 3.1.90.13.01|102 - RECEITAS DE IMPOSTOS E DE TRANSFERÊNCIAS DE IMPOSTOS VINCULADOS À SAÚDE|NÃO SE APLICA|3687|20200731|2123.45|0.0|0.0|2123.45|0.0|0.0|0.0|0.0|0.0|2123.45|0.0
3110004|303|02|382323|2020|6|10 - SAÚDE|302 - ASSISTÊNCIA HOSPITALAR E AMBULATORIAL|0039 - GESTÃO DA FISIOTERAPIA|2086 - MANUTENÇÃO DO SETOR DA FISIOTERAPIA||3.1.90.11.11 - 3.1.90.11.11|102 - RECEITAS DE IMPOSTOS E DE TRANSFERÊNCIAS DE IMPOSTOS VINCULADOS À SAÚDE|NÃO SE APLICA|3057|20200630|13260.11|0.0|0.0|13260.11|0.0|13260.11|0.0|0.0|0.0|0.0|0.0
3110004|303|02|382334|2020|2|10 - SAÚDE|122 - ADMINISTRAÇÃO GERAL|0040 - GESTÃO DA SECRETARIA DE SAÚDE|2089 - MANUTENÇÃO DA SECRETARIA DE SAÚDE||3.3.90.30.16 - 3.3.90.30.16|102 - RECEITAS DE IMPOSTOS E DE TRANSFERÊNCIAS DE IMPOSTOS VINCULADOS À SAÚDE|NÃO SE APLICA|960|20200221|50.0|0.0|0.0|0.0|0.0|0.0|0.0|0.0|0.0|0.0|50.0
3110004|303|02|382334|2020|10|10 - SAÚDE|122 - ADMINISTRAÇÃO GERAL|0047 - MANUTENÇÃO DO SERVIÇO DE TRANSPORTE DE PACIENTES|2110 - MANUTENÇÃO DO SETOR DE TRANSPORTE||3.3.90.14.05 - 3.3.90.14.05|102 - RECEITAS DE IMPOSTOS E DE TRANSFERÊNCIAS DE IMPOSTOS VINCULADOS À SAÚDE|NÃO SE APLICA|4898|20201023|212.4|0.0|0.0|212.4|0.0|212.4|0.0|0.0|0.0|0.0|0.0
3110004|303|02|382334|2020|2|10 - SAÚDE|122 - ADMINISTRAÇÃO GERAL|0047 - MANUTENÇÃO DO SERVIÇO DE TRANSPORTE DE PACIENTES|2110 - MANUTENÇÃO DO SETOR DE TRANSPORTE||3.3.90.14.05 - 3.3.90.14.05|102 - RECEITAS DE IMPOSTOS E DE TRANSFERÊNCIAS DE IMPOSTOS VINCULADOS À SAÚDE|NÃO SE APLICA|769|20200211|318.6|0.0|0.0|318.6|0.0|318.6|0.0|0.0|0.0|0.0|0.0
3110004|303|02|382323|2020|10|10 - SAÚDE|122 - ADMINISTRAÇÃO GERAL|0032 - ASSISTÊNCIA FARMACÊUTCA|2069 - MANUTENÇÃO DA FARMÁCIA BÁSICA||3.3.90.30.09 - 3.3.90.30.09|102 - RECEITAS DE IMPOSTOS E DE TRANSFERÊNCIAS DE IMPOSTOS VINCULADOS À SAÚDE|NÃO SE APLICA|2734|20200608|0.0|0.0|0.0|589.9|0.0|589.9|0.0|0.0|0.0|0.0|-589.9
3110004|303|02|382334|2020|8|10 - SAÚDE|122 - ADMINISTRAÇÃO GERAL|0040 - GESTÃO DA SECRETARIA DE SAÚDE|2089 - MANUTENÇÃO DA SECRETARIA DE SAÚDE||3.3.90.39.29 - 3.3.90.39.29|102 - RECEITAS DE IMPOSTOS E DE TRANSFERÊNCIAS DE IMPOSTOS VINCULADOS À SAÚDE|NÃO SE APLICA|11|20200102|0.0|0.0|0.0|1050.43|0.0|1313.68|0.0|0.0|0.0|-263.25|-1050.43
3110004|303|02|382334|2020|5|10 - SAÚDE|122 - ADMINISTRAÇÃO GERAL|0040 - GESTÃO DA SECRETARIA DE SAÚDE|2089 - MANUTENÇÃO DA SECRETARIA DE SAÚDE||3.1.90.13.03 - 3.1.90.13.03|102 - RECEITAS DE IMPOSTOS E DE TRANSFERÊNCIAS DE IMPOSTOS VINCULADOS À SAÚDE|NÃO SE APLICA|2623|20200529|5496.08|0.0|0.0|5496.08|0.0|97.24|0.0|0.0|0.0|5398.84|0.0
3110004|303|02|382323|2020|2|10 - SAÚDE|122 - ADMINISTRAÇÃO GERAL|0032 - ASSISTÊNCIA FARMACÊUTCA|2069 - MANUTENÇÃO DA FARMÁCIA BÁSICA||3.3.90.30.09 - 3.3.90.30.09|102 - RECEITAS DE IMPOSTOS E DE TRANSFERÊNCIAS DE IMPOSTOS VINCULADOS À SAÚDE|NÃO SE APLICA|835|20200213|1097.67|0.0|0.0|0.0|0.0|0.0|0.0|0.0|0.0|0.0|1097.67
3110004|303|02|382323|2020|2|10 - SAÚDE|302 - ASSISTÊNCIA HOSPITALAR E AMBULATORIAL|0048 - URGÊNCIA E EMERGÊNCIA|2112 - MANUTENÇÃO DA URGÊNCIA E EMERGÊNCIA||3.3.50.43.00 - 3.3.50.43.00|102 - RECEITAS DE IMPOSTOS E DE TRANSFERÊNCIAS DE IMPOSTOS VINCULADOS À SAÚDE|NÃO SE APLICA|949|20200221|725000.0|0.0|0.0|367663.93|0.0|367663.93|0.0|0.0|0.0|0.0|357336.07
3110004|303|02|382323|2020|7|10 - SAÚDE|302 - ASSISTÊNCIA HOSPITALAR E AMBULATORIAL|0028 - CENTRO DE ESPECIALIDADES EM SAÚDE|2059 - MANUTENÇÃO DO CENTRO ESPECIALIDADES EM SAÚDE||3.3.90.39.36 - 3.3.90.39.36|102 - RECEITAS DE IMPOSTOS E DE TRANSFERÊNCIAS DE IMPOSTOS VINCULADOS À SAÚDE|NÃO SE APLICA|575|20200130|0.0|0.0|0.0|2860.0|0.0|2860.0|0.0|0.0|0.0|0.0|-2860.0
3110004|303|02|382323|2020|9|10 - SAÚDE|302 - ASSISTÊNCIA HOSPITALAR E AMBULATORIAL|0048 - URGÊNCIA E EMERGÊNCIA|2403 - MANUTENÇÃO DO SAMU||3.1.90.13.03 - 3.1.90.13.03|102 - RECEITAS DE IMPOSTOS E DE TRANSFERÊNCIAS DE IMPOSTOS VINCULADOS À SAÚDE|NÃO SE APLICA|4716|20200930|5963.19|0.0|0.0|5963.19|0.0|0.0|0.0|0.0|0.0|5963.19|0.0
3110004|303|02|382323|2020|2|10 - SAÚDE|301 - ATENÇÃO BÁSICA|0029 - ATENÇÃO BÁSICA|2063 - MANUTENÇÃO DA ATENÇÃO BÁSICA||3.1.90.04.99 - 3.1.90.04.99|102 - RECEITAS DE IMPOSTOS E DE TRANSFERÊNCIAS DE IMPOSTOS VINCULADOS À SAÚDE|NÃO SE APLICA|1096|20200221|10687.6|0.0|0.0|10687.6|0.0|10687.6|0.0|0.0|0.0|0.0|0.0
3110004|303|02|382323|2020|6|10 - SAÚDE|302 - ASSISTÊNCIA HOSPITALAR E AMBULATORIAL|0043 - SAÚDE BUCAL|2099 - MANUTENÇÃO DO SETOR DE SAÚDE BUCAL||3.1.90.04.99 - 3.1.90.04.99|102 - RECEITAS DE IMPOSTOS E DE TRANSFERÊNCIAS DE IMPOSTOS VINCULADOS À SAÚDE|NÃO SE APLICA|3058|20200630|11019.43|0.0|0.0|11019.43|0.0|11019.43|0.0|0.0|0.0|0.0|0.0
3110004|303|02|382334|2020|9|10 - SAÚDE|122 - ADMINISTRAÇÃO GERAL|0047 - MANUTENÇÃO DO SERVIÇO DE TRANSPORTE DE PACIENTES|2110 - MANUTENÇÃO DO SETOR DE TRANSPORTE||3.3.90.14.05 - 3.3.90.14.05|102 - RECEITAS DE IMPOSTOS E DE TRANSFERÊNCIAS DE IMPOSTOS VINCULADOS À SAÚDE|NÃO SE APLICA|4485|20200930|188.8|0.0|0.0|188.8|0.0|0.0|0.0|0.0|0.0|188.8|0.0
3110004|303|02|382323|2020|11|10 - SAÚDE|122 - ADMINISTRAÇÃO GERAL|0032 - ASSISTÊNCIA FARMACÊUTCA|2069 - MANUTENÇÃO DA FARMÁCIA BÁSICA||3.1.90.13.01 - 3.1.90.13.01|102 - RECEITAS DE IMPOSTOS E DE TRANSFERÊNCIAS DE IMPOSTOS VINCULADOS À SAÚDE|NÃO SE APLICA|5182|20201029|0.0|0.0|0.0|0.0|0.0|723.33|0.0|0.0|0.0|-723.33|0.0
3110004|303|02|382323|2020|10|10 - SAÚDE|302 - ASSISTÊNCIA HOSPITALAR E AMBULATORIAL|0028 - CENTRO DE ESPECIALIDADES EM SAÚDE|2059 - MANUTENÇÃO DO CENTRO ESPECIALIDADES EM SAÚDE||3.1.90.13.03 - 3.1.90.13.03|102 - RECEITAS DE IMPOSTOS E DE TRANSFERÊNCIAS DE IMPOSTOS VINCULADOS À SAÚDE|NÃO SE APLICA|4710|20200930|0.0|0.0|0.0|0.0|0.0|15107.1|0.0|0.0|0.0|-15107.1|0.0
3110004|303|02|382334|2020|4|10 - SAÚDE|122 - ADMINISTRAÇÃO GERAL|0047 - MANUTENÇÃO DO SERVIÇO DE TRANSPORTE DE PACIENTES|2110 - MANUTENÇÃO DO SETOR DE TRANSPORTE||3.3.90.14.05 - 3.3.90.14.05|102 - RECEITAS DE IMPOSTOS E DE TRANSFERÊNCIAS DE IMPOSTOS VINCULADOS À SAÚDE|NÃO SE APLICA|1898|20200417|944.0|0.0|0.0|944.0|0.0|944.0|0.0|0.0|0.0|0.0|0.0
3110004|303|02|382334|2020|12|10 - SAÚDE|122 - ADMINISTRAÇÃO GERAL|0047 - MANUTENÇÃO DO SERVIÇO DE TRANSPORTE DE PACIENTES|2110 - MANUTENÇÃO DO SETOR DE TRANSPORTE||3.1.90.04.99 - 3.1.90.04.99|102 - RECEITAS DE IMPOSTOS E DE TRANSFERÊNCIAS DE IMPOSTOS VINCULADOS À SAÚDE|NÃO SE APLICA|5836|20201214|12805.96|0.0|0.0|12805.96|0.0|12805.96|0.0|0.0|0.0|0.0|0.0
3110004|303|02|382323|2020|4|10 - SAÚDE|122 - ADMINISTRAÇÃO GERAL|0032 - ASSISTÊNCIA FARMACÊUTCA|2069 - MANUTENÇÃO DA FARMÁCIA BÁSICA||3.3.90.30.09 - 3.3.90.30.09|102 - RECEITAS DE IMPOSTOS E DE TRANSFERÊNCIAS DE IMPOSTOS VINCULADOS À SAÚDE|NÃO SE APLICA|877|20200218|0.0|0.0|0.0|0.0|0.0|1731.0|0.0|0.0|0.0|-1731.0|0.0
3110004|303|02|382323|2020|2|10 - SAÚDE|302 - ASSISTÊNCIA HOSPITALAR E AMBULATORIAL|0028 - CENTRO DE ESPECIALIDADES EM SAÚDE|2059 - MANUTENÇÃO DO CENTRO ESPECIALIDADES EM SAÚDE||3.1.90.11.11 - 3.1.90.11.11|102 - RECEITAS DE IMPOSTOS E DE TRANSFERÊNCIAS DE IMPOSTOS VINCULADOS À SAÚDE|NÃO SE APLICA|1100|20200221|49745.42|0.0|0.0|49745.42|0.0|49745.42|0.0|0.0|0.0|0.0|0.0
3110004|303|02|382334|2020|9|10 - SAÚDE|122 - ADMINISTRAÇÃO GERAL|0040 - GESTÃO DA SECRETARIA DE SAÚDE|2089 - MANUTENÇÃO DA SECRETARIA DE SAÚDE||3.3.90.49.00 - 3.3.90.49.00|102 - RECEITAS DE IMPOSTOS E DE TRANSFERÊNCIAS DE IMPOSTOS VINCULADOS À SAÚDE|NÃO SE APLICA|257|20200124|0.0|0.0|0.0|3142.4|0.0|3142.4|0.0|0.0|0.0|0.0|-3142.4
3110004|303|02|382323|2020|9|10 - SAÚDE|122 - ADMINISTRAÇÃO GERAL|0032 - ASSISTÊNCIA FARMACÊUTCA|2069 - MANUTENÇÃO DA FARMÁCIA BÁSICA||3.3.90.30.09 - 3.3.90.30.09|102 - RECEITAS DE IMPOSTOS E DE TRANSFERÊNCIAS DE IMPOSTOS VINCULADOS À SAÚDE|NÃO SE APLICA|829|20200213|0.0|0.0|0.01|3335.0|0.0|3335.0|0.0|0.0|0.0|0.0|-3335.01
3110004|303|02|382323|2020|7|10 - SAÚDE|302 - ASSISTÊNCIA HOSPITALAR E AMBULATORIAL|0048 - URGÊNCIA E EMERGÊNCIA|2403 - MANUTENÇÃO DO SAMU||3.1.90.13.01 - 3.1.90.13.01|102 - RECEITAS DE IMPOSTOS E DE TRANSFERÊNCIAS DE IMPOSTOS VINCULADOS À SAÚDE|NÃO SE APLICA|3173|20200630|0.0|0.0|0.0|0.0|0.0|1602.73|0.0|0.0|0.0|-1602.73|0.0
3110004|303|02|382334|2020|4|10 - SAÚDE|122 - ADMINISTRAÇÃO GERAL|0047 - MANUTENÇÃO DO SERVIÇO DE TRANSPORTE DE PACIENTES|2110 - MANUTENÇÃO DO SETOR DE TRANSPORTE||3.3.90.14.05 - 3.3.90.14.05|102 - RECEITAS DE IMPOSTOS E DE TRANSFERÊNCIAS DE IMPOSTOS VINCULADOS À SAÚDE|NÃO SE APLICA|1808|20200406|873.2|0.0|0.0|873.2|0.0|873.2|0.0|0.0|0.0|0.0|0.0
3110004|303|02|382334|2020|9|10 - SAÚDE|122 - ADMINISTRAÇÃO GERAL|0047 - MANUTENÇÃO DO SERVIÇO DE TRANSPORTE DE PACIENTES|2110 - MANUTENÇÃO DO SETOR DE TRANSPORTE||3.3.90.14.05 - 3.3.90.14.05|102 - RECEITAS DE IMPOSTOS E DE TRANSFERÊNCIAS DE IMPOSTOS VINCULADOS À SAÚDE|NÃO SE APLICA|4386|20200918|1321.6|0.0|0.0|1321.6|0.0|0.0|0.0|0.0|0.0|1321.6|0.0
3110004|303|02|382334|2020|11|10 - SAÚDE|122 - ADMINISTRAÇÃO GERAL|0047 - MANUTENÇÃO DO SERVIÇO DE TRANSPORTE DE PACIENTES|2110 - MANUTENÇÃO DO SETOR DE TRANSPORTE||3.3.90.14.05 - 3.3.90.14.05|102 - RECEITAS DE IMPOSTOS E DE TRANSFERÊNCIAS DE IMPOSTOS VINCULADOS À SAÚDE|NÃO SE APLICA|5211|20201029|0.0|0.0|0.0|0.0|0.0|23.6|0.0|0.0|0.0|-23.6|0.0
3110004|303|02|382323|2020|2|10 - SAÚDE|122 - ADMINISTRAÇÃO GERAL|0042 - SERVIÇO DE REGULAÇÃO EM SAÚDE|2094 - MANUTENÇÃO DA REGULAÇÃO EM SAÚDE||3.1.90.13.03 - 3.1.90.13.03|102 - RECEITAS DE IMPOSTOS E DE TRANSFERÊNCIAS DE IMPOSTOS VINCULADOS À SAÚDE|NÃO SE APLICA|535|20200130|0.0|0.0|0.0|0.0|0.0|2804.48|0.0|0.0|0.0|-2804.48|0.0
3110004|303|02|382323|2020|2|10 - SAÚDE|122 - ADMINISTRAÇÃO GERAL|0032 - ASSISTÊNCIA FARMACÊUTCA|2069 - MANUTENÇÃO DA FARMÁCIA BÁSICA||3.3.90.30.09 - 3.3.90.30.09|102 - RECEITAS DE IMPOSTOS E DE TRANSFERÊNCIAS DE IMPOSTOS VINCULADOS À SAÚDE|NÃO SE APLICA|836|20200213|433.2|0.0|0.0|0.0|0.0|0.0|0.0|0.0|0.0|0.0|433.2
3110004|303|02|382334|2020|4|10 - SAÚDE|122 - ADMINISTRAÇÃO GERAL|0040 - GESTÃO DA SECRETARIA DE SAÚDE|2089 - MANUTENÇÃO DA SECRETARIA DE SAÚDE||3.3.90.30.19 - 3.3.90.30.19|102 - RECEITAS DE IMPOSTOS E DE TRANSFERÊNCIAS DE IMPOSTOS VINCULADOS À SAÚDE|NÃO SE APLICA|959|20200221|0.0|0.0|0.0|2644.8|0.0|2644.8|0.0|0.0|0.0|0.0|-2644.8
3110004|303|02|382334|2020|8|10 - SAÚDE|122 - ADMINISTRAÇÃO GERAL|0040 - GESTÃO DA SECRETARIA DE SAÚDE|2089 - MANUTENÇÃO DA SECRETARIA DE SAÚDE||3.3.90.14.05 - 3.3.90.14.05|102 - RECEITAS DE IMPOSTOS E DE TRANSFERÊNCIAS DE IMPOSTOS VINCULADOS À SAÚDE|NÃO SE APLICA|4183|20200828|23.6|0.0|0.0|23.6|0.0|23.6|0.0|0.0|0.0|0.0|0.0
3110004|303|02|382323|2020|3|10 - SAÚDE|122 - ADMINISTRAÇÃO GERAL|0042 - SERVIÇO DE REGULAÇÃO EM SAÚDE|2094 - MANUTENÇÃO DA REGULAÇÃO EM SAÚDE||3.3.90.39.36 - 3.3.90.39.36|102 - RECEITAS DE IMPOSTOS E DE TRANSFERÊNCIAS DE IMPOSTOS VINCULADOS À SAÚDE|NÃO SE APLICA|671|20200203|0.0|0.0|0.0|0.0|0.0|35280.0|0.0|0.0|0.0|-35280.0|0.0
3110004|303|02|382334|2020|2|10 - SAÚDE|122 - ADMINISTRAÇÃO GERAL|0040 - GESTÃO DA SECRETARIA DE SAÚDE|2089 - MANUTENÇÃO DA SECRETARIA DE SAÚDE||3.1.90.13.03 - 3.1.90.13.03|102 - RECEITAS DE IMPOSTOS E DE TRANSFERÊNCIAS DE IMPOSTOS VINCULADOS À SAÚDE|NÃO SE APLICA|508|20200130|0.0|0.0|0.0|0.0|0.0|6317.51|0.0|0.0|0.0|-6317.51|0.0
3110004|303|02|382334|2020|3|10 - SAÚDE|122 - ADMINISTRAÇÃO GERAL|0047 - MANUTENÇÃO DO SERVIÇO DE TRANSPORTE DE PACIENTES|2110 - MANUTENÇÃO DO SETOR DE TRANSPORTE||3.3.90.39.53 - 3.3.90.39.53|102 - RECEITAS DE IMPOSTOS E DE TRANSFERÊNCIAS DE IMPOSTOS VINCULADOS À SAÚDE|NÃO SE APLICA|1450|20200319|180.0|0.0|0.0|0.0|0.0|0.0|0.0|0.0|0.0|0.0|180.0
3110004|303|02|382334|2020|8|10 - SAÚDE|122 - ADMINISTRAÇÃO GERAL|0047 - MANUTENÇÃO DO SERVIÇO DE TRANSPORTE DE PACIENTES|2110 - MANUTENÇÃO DO SETOR DE TRANSPORTE||3.3.90.14.05 - 3.3.90.14.05|102 - RECEITAS DE IMPOSTOS E DE TRANSFERÊNCIAS DE IMPOSTOS VINCULADOS À SAÚDE|NÃO SE APLICA|3439|20200727|0.0|0.0|0.0|0.0|0.0|1180.0|0.0|0.0|0.0|-1180.0|0.0
3110004|303|02|382334|2020|5|10 - SAÚDE|122 - ADMINISTRAÇÃO GERAL|0047 - MANUTENÇÃO DO SERVIÇO DE TRANSPORTE DE PACIENTES|2110 - MANUTENÇÃO DO SETOR DE TRANSPORTE||3.1.90.13.03 - 3.1.90.13.03|102 - RECEITAS DE IMPOSTOS E DE TRANSFERÊNCIAS DE IMPOSTOS VINCULADOS À SAÚDE|NÃO SE APLICA|2625|20200529|15618.45|0.0|0.0|15618.45|0.0|0.0|0.0|0.0|0.0|15618.45|0.0
3110004|303|02|382334|2020|2|10 - SAÚDE|122 - ADMINISTRAÇÃO GERAL|0047 - MANUTENÇÃO DO SERVIÇO DE TRANSPORTE DE PACIENTES|2110 - MANUTENÇÃO DO SETOR DE TRANSPORTE||3.3.90.14.05 - 3.3.90.14.05|102 - RECEITAS DE IMPOSTOS E DE TRANSFERÊNCIAS DE IMPOSTOS VINCULADOS À SAÚDE|NÃO SE APLICA|777|20200211|708.0|0.0|0.0|708.0|0.0|708.0|0.0|0.0|0.0|0.0|0.0
3110004|303|02|382334|2020|4|10 - SAÚDE|122 - ADMINISTRAÇÃO GERAL|0047 - MANUTENÇÃO DO SERVIÇO DE TRANSPORTE DE PACIENTES|2110 - MANUTENÇÃO DO SETOR DE TRANSPORTE||3.3.90.14.05 - 3.3.90.14.05|102 - RECEITAS DE IMPOSTOS E DE TRANSFERÊNCIAS DE IMPOSTOS VINCULADOS À SAÚDE|NÃO SE APLICA|1889|20200417|1416.0|0.0|0.0|1416.0|0.0|1416.0|0.0|0.0|0.0|0.0|0.0
3110004|303|02|382334|2020|11|10 - SAÚDE|122 - ADMINISTRAÇÃO GERAL|0047 - MANUTENÇÃO DO SERVIÇO DE TRANSPORTE DE PACIENTES|2110 - MANUTENÇÃO DO SETOR DE TRANSPORTE||3.3.90.14.05 - 3.3.90.14.05|102 - RECEITAS DE IMPOSTOS E DE TRANSFERÊNCIAS DE IMPOSTOS VINCULADOS À SAÚDE|NÃO SE APLICA|5630|20201127|212.4|0.0|0.0|212.4|0.0|0.0|0.0|0.0|0.0|212.4|0.0
3110004|303|02|382323|2020|4|10 - SAÚDE|302 - ASSISTÊNCIA HOSPITALAR E AMBULATORIAL|0048 - URGÊNCIA E EMERGÊNCIA|2403 - MANUTENÇÃO DO SAMU||3.1.90.11.11 - 3.1.90.11.11|102 - RECEITAS DE IMPOSTOS E DE TRANSFERÊNCIAS DE IMPOSTOS VINCULADOS À SAÚDE|NÃO SE APLICA|2063|20200429|17970.99|0.0|0.0|17970.99|0.0|17970.99|0.0|0.0|0.0|0.0|0.0
3110004|303|02|382334|2020|5|10 - SAÚDE|122 - ADMINISTRAÇÃO GERAL|0047 - MANUTENÇÃO DO SERVIÇO DE TRANSPORTE DE PACIENTES|2110 - MANUTENÇÃO DO SETOR DE TRANSPORTE||3.3.90.14.05 - 3.3.90.14.05|102 - RECEITAS DE IMPOSTOS E DE TRANSFERÊNCIAS DE IMPOSTOS VINCULADOS À SAÚDE|NÃO SE APLICA|2326|20200513|1180.0|0.0|0.0|1180.0|0.0|0.0|0.0|0.0|0.0|1180.0|0.0
3110004|303|02|382323|2020|4|10 - SAÚDE|302 - ASSISTÊNCIA HOSPITALAR E AMBULATORIAL|0048 - URGÊNCIA E EMERGÊNCIA|2403 - MANUTENÇÃO DO SAMU||3.1.90.13.01 - 3.1.90.13.01|102 - RECEITAS DE IMPOSTOS E DE TRANSFERÊNCIAS DE IMPOSTOS VINCULADOS À SAÚDE|NÃO SE APLICA|1695|20200327|0.0|0.0|0.0|0.0|0.0|1563.47|0.0|0.0|0.0|-1563.47|0.0
3110004|303|02|382323|2020|2|10 - SAÚDE|302 - ASSISTÊNCIA HOSPITALAR E AMBULATORIAL|0039 - GESTÃO DA FISIOTERAPIA|2086 - MANUTENÇÃO DO SETOR DA FISIOTERAPIA||3.1.90.13.01 - 3.1.90.13.01|102 - RECEITAS DE IMPOSTOS E DE TRANSFERÊNCIAS DE IMPOSTOS VINCULADOS À SAÚDE|NÃO SE APLICA|541|20200130|0.0|0.0|0.0|0.0|0.0|420.4|0.0|0.0|0.0|-420.4|0.0
3110004|303|02|382334|2020|1|10 - SAÚDE|122 - ADMINISTRAÇÃO GERAL|0040 - GESTÃO DA SECRETARIA DE SAÚDE|2089 - MANUTENÇÃO DA SECRETARIA DE SAÚDE||3.3.90.49.00 - 3.3.90.49.00|102 - RECEITAS DE IMPOSTOS E DE TRANSFERÊNCIAS DE IMPOSTOS VINCULADOS À SAÚDE|NÃO SE APLICA|256|20200124|109968.0|0.0|0.0|6264.0|0.0|6264.0|0.0|0.0|0.0|0.0|103704.0
3110004|303|02|382323|2020|2|10 - SAÚDE|302 - ASSISTÊNCIA HOSPITALAR E AMBULATORIAL|0080 - SAÚDE MENTAL|2104 - MANUTENÇÃO DO SETOR DE SAÚDE MENTAL||3.1.90.13.03 - 3.1.90.13.03|102 - RECEITAS DE IMPOSTOS E DE TRANSFERÊNCIAS DE IMPOSTOS VINCULADOS À SAÚDE|NÃO SE APLICA|548|20200130|0.0|0.0|0.0|0.0|0.0|5339.73|0.0|0.0|0.0|-5339.73|0.0
3110004|303|02|382334|2020|5|10 - SAÚDE|122 - ADMINISTRAÇÃO GERAL|0047 - MANUTENÇÃO DO SERVIÇO DE TRANSPORTE DE PACIENTES|2110 - MANUTENÇÃO DO SETOR DE TRANSPORTE||3.3.90.14.05 - 3.3.90.14.05|102 - RECEITAS DE IMPOSTOS E DE TRANSFERÊNCIAS DE IMPOSTOS VINCULADOS À SAÚDE|NÃO SE APLICA|2317|20200513|1416.0|0.0|0.0|1416.0|0.0|0.0|0.0|0.0|0.0|1416.0|0.0
3110004|303|02|382334|2020|11|10 - SAÚDE|122 - ADMINISTRAÇÃO GERAL|0040 - GESTÃO DA SECRETARIA DE SAÚDE|2089 - MANUTENÇÃO DA SECRETARIA DE SAÚDE||3.1.90.11.09 - 3.1.90.11.09|102 - RECEITAS DE IMPOSTOS E DE TRANSFERÊNCIAS DE IMPOSTOS VINCULADOS À SAÚDE|NÃO SE APLICA|5453|20201127|6660.72|0.0|0.0|6660.72|0.0|6660.72|0.0|0.0|0.0|0.0|0.0
3110004|303|02|382334|2020|8|10 - SAÚDE|122 - ADMINISTRAÇÃO GERAL|0040 - GESTÃO DA SECRETARIA DE SAÚDE|2089 - MANUTENÇÃO DA SECRETARIA DE SAÚDE||3.1.90.13.03 - 3.1.90.13.03|102 - RECEITAS DE IMPOSTOS E DE TRANSFERÊNCIAS DE IMPOSTOS VINCULADOS À SAÚDE|NÃO SE APLICA|3653|20200731|0.0|0.0|0.0|0.0|0.0|6819.27|0.0|0.0|0.0|-6819.27|0.0
3110004|303|02|382334|2020|4|10 - SAÚDE|122 - ADMINISTRAÇÃO GERAL|0047 - MANUTENÇÃO DO SERVIÇO DE TRANSPORTE DE PACIENTES|2110 - MANUTENÇÃO DO SETOR DE TRANSPORTE||3.1.90.94.01 - 3.1.90.94.01|102 - RECEITAS DE IMPOSTOS E DE TRANSFERÊNCIAS DE IMPOSTOS VINCULADOS À SAÚDE|NÃO SE APLICA|1772|20200402|3896.93|0.0|0.0|3896.93|0.0|3896.93|0.0|0.0|0.0|0.0|0.0
3110004|303|02|382323|2020|11|10 - SAÚDE|302 - ASSISTÊNCIA HOSPITALAR E AMBULATORIAL|0113 - CONSÓRCIO INTERMUNICIPAL ALIANÇA PELA SAÚDE|2394 - MANUTENÇÃO DAS AÇÕES DO CONSÓRCIO||3.3.72.39.00 - 3.3.72.39.00|102 - RECEITAS DE IMPOSTOS E DE TRANSFERÊNCIAS DE IMPOSTOS VINCULADOS À SAÚDE|NÃO SE APLICA|250|20200123|0.0|0.0|0.0|25339.7|0.0|25339.7|0.0|0.0|0.0|0.0|-25339.7
3110004|303|02|382334|2020|1|10 - SAÚDE|122 - ADMINISTRAÇÃO GERAL|0047 - MANUTENÇÃO DO SERVIÇO DE TRANSPORTE DE PACIENTES|2110 - MANUTENÇÃO DO SETOR DE TRANSPORTE||3.3.90.39.53 - 3.3.90.39.53|102 - RECEITAS DE IMPOSTOS E DE TRANSFERÊNCIAS DE IMPOSTOS VINCULADOS À SAÚDE|NÃO SE APLICA|556|20200130|33062.5|0.0|0.0|0.0|0.0|0.0|0.0|0.0|0.0|0.0|33062.5
3110004|303|02|382323|2020|4|10 - SAÚDE|302 - ASSISTÊNCIA HOSPITALAR E AMBULATORIAL|0039 - GESTÃO DA FISIOTERAPIA|2086 - MANUTENÇÃO DO SETOR DA FISIOTERAPIA||3.1.90.11.11 - 3.1.90.11.11|102 - RECEITAS DE IMPOSTOS E DE TRANSFERÊNCIAS DE IMPOSTOS VINCULADOS À SAÚDE|NÃO SE APLICA|2060|20200429|19368.4|0.0|0.0|19368.4|0.0|19368.4|0.0|0.0|0.0|0.0|0.0
3110004|303|02|382323|2020|6|10 - SAÚDE|122 - ADMINISTRAÇÃO GERAL|0032 - ASSISTÊNCIA FARMACÊUTCA|2069 - MANUTENÇÃO DA FARMÁCIA BÁSICA||3.3.90.30.09 - 3.3.90.30.09|102 - RECEITAS DE IMPOSTOS E DE TRANSFERÊNCIAS DE IMPOSTOS VINCULADOS À SAÚDE|NÃO SE APLICA|2737|20200608|400.0|0.0|0.0|0.0|0.0|0.0|0.0|0.0|0.0|0.0|400.0
3110004|303|02|382323|2020|3|10 - SAÚDE|302 - ASSISTÊNCIA HOSPITALAR E AMBULATORIAL|0039 - GESTÃO DA FISIOTERAPIA|2086 - MANUTENÇÃO DO SETOR DA FISIOTERAPIA||3.1.90.13.01 - 3.1.90.13.01|102 - RECEITAS DE IMPOSTOS E DE TRANSFERÊNCIAS DE IMPOSTOS VINCULADOS À SAÚDE|NÃO SE APLICA|1205|20200221|0.0|0.0|0.0|0.0|0.0|820.77|0.0|0.0|0.0|-820.77|0.0
3110004|303|02|382334|2020|1|10 - SAÚDE|122 - ADMINISTRAÇÃO GERAL|0047 - MANUTENÇÃO DO SERVIÇO DE TRANSPORTE DE PACIENTES|2110 - MANUTENÇÃO DO SETOR DE TRANSPORTE||3.1.90.04.99 - 3.1.90.04.99|102 - RECEITAS DE IMPOSTOS E DE TRANSFERÊNCIAS DE IMPOSTOS VINCULADOS À SAÚDE|NÃO SE APLICA|402|20200130|8128.91|0.0|0.0|8128.91|0.0|8128.91|0.0|0.0|0.0|0.0|0.0
3110004|303|02|382323|2020|6|10 - SAÚDE|122 - ADMINISTRAÇÃO GERAL|0032 - ASSISTÊNCIA FARMACÊUTCA|2069 - MANUTENÇÃO DA FARMÁCIA BÁSICA||3.1.90.13.01 - 3.1.90.13.01|102 - RECEITAS DE IMPOSTOS E DE TRANSFERÊNCIAS DE IMPOSTOS VINCULADOS À SAÚDE|NÃO SE APLICA|3160|20200630|723.33|0.0|0.0|723.33|0.0|0.0|0.0|0.0|0.0|723.33|0.0
3110004|303|02|382323|2020|4|10 - SAÚDE|302 - ASSISTÊNCIA HOSPITALAR E AMBULATORIAL|0048 - URGÊNCIA E EMERGÊNCIA|2403 - MANUTENÇÃO DO SAMU||3.3.90.14.05 - 3.3.90.14.05|102 - RECEITAS DE IMPOSTOS E DE TRANSFERÊNCIAS DE IMPOSTOS VINCULADOS À SAÚDE|NÃO SE APLICA|1904|20200417|94.4|0.0|0.0|94.4|0.0|94.4|0.0|0.0|0.0|0.0|0.0
3110004|303|02|382323|2020|2|10 - SAÚDE|302 - ASSISTÊNCIA HOSPITALAR E AMBULATORIAL|0113 - CONSÓRCIO INTERMUNICIPAL ALIANÇA PELA SAÚDE|2394 - MANUTENÇÃO DAS AÇÕES DO CONSÓRCIO||3.3.72.39.00 - 3.3.72.39.00|102 - RECEITAS DE IMPOSTOS E DE TRANSFERÊNCIAS DE IMPOSTOS VINCULADOS À SAÚDE|NÃO SE APLICA|250|20200123|0.0|0.0|0.0|37933.32|0.0|37933.32|0.0|0.0|0.0|0.0|-37933.32
3110004|303|02|382323|2020|4|10 - SAÚDE|302 - ASSISTÊNCIA HOSPITALAR E AMBULATORIAL|0043 - SAÚDE BUCAL|2099 - MANUTENÇÃO DO SETOR DE SAÚDE BUCAL||3.1.90.13.01 - 3.1.90.13.01|102 - RECEITAS DE IMPOSTOS E DE TRANSFERÊNCIAS DE IMPOSTOS VINCULADOS À SAÚDE|NÃO SE APLICA|1693|20200327|0.0|0.0|0.0|0.0|0.0|1270.04|0.0|0.0|0.0|-1270.04|0.0
3110004|303|02|382323|2020|12|10 - SAÚDE|302 - ASSISTÊNCIA HOSPITALAR E AMBULATORIAL|0080 - SAÚDE MENTAL|2104 - MANUTENÇÃO DO SETOR DE SAÚDE MENTAL||3.1.90.11.05 - 3.1.90.11.05|102 - RECEITAS DE IMPOSTOS E DE TRANSFERÊNCIAS DE IMPOSTOS VINCULADOS À SAÚDE|NÃO SE APLICA|6209|20201228|1468.49|0.0|0.0|1468.49|0.0|1468.49|0.0|0.0|0.0|0.0|0.0
3110004|303|02|382323|2020|5|10 - SAÚDE|122 - ADMINISTRAÇÃO GERAL|0032 - ASSISTÊNCIA FARMACÊUTCA|2069 - MANUTENÇÃO DA FARMÁCIA BÁSICA||3.3.90.30.09 - 3.3.90.30.09|102 - RECEITAS DE IMPOSTOS E DE TRANSFERÊNCIAS DE IMPOSTOS VINCULADOS À SAÚDE|NÃO SE APLICA|2218|20200506|20177.3|0.0|0.0|20177.3|0.0|20177.3|0.0|0.0|0.0|0.0|0.0
3110004|303|02|382334|2020|10|10 - SAÚDE|122 - ADMINISTRAÇÃO GERAL|0047 - MANUTENÇÃO DO SERVIÇO DE TRANSPORTE DE PACIENTES|2110 - MANUTENÇÃO DO SETOR DE TRANSPORTE||3.3.90.14.05 - 3.3.90.14.05|102 - RECEITAS DE IMPOSTOS E DE TRANSFERÊNCIAS DE IMPOSTOS VINCULADOS À SAÚDE|NÃO SE APLICA|4895|20201023|944.0|0.0|0.0|944.0|0.0|944.0|0.0|0.0|0.0|0.0|0.0
3110004|303|02|382334|2020|10|10 - SAÚDE|122 - ADMINISTRAÇÃO GERAL|0047 - MANUTENÇÃO DO SERVIÇO DE TRANSPORTE DE PACIENTES|2110 - MANUTENÇÃO DO SETOR DE TRANSPORTE||3.3.90.14.05 - 3.3.90.14.05|102 - RECEITAS DE IMPOSTOS E DE TRANSFERÊNCIAS DE IMPOSTOS VINCULADOS À SAÚDE|NÃO SE APLICA|4902|20201023|944.0|0.0|0.0|944.0|0.0|944.0|0.0|0.0|0.0|0.0|0.0
3110004|303|02|382334|2020|11|10 - SAÚDE|122 - ADMINISTRAÇÃO GERAL|0047 - MANUTENÇÃO DO SERVIÇO DE TRANSPORTE DE PACIENTES|2110 - MANUTENÇÃO DO SETOR DE TRANSPORTE||3.3.90.14.05 - 3.3.90.14.05|102 - RECEITAS DE IMPOSTOS E DE TRANSFERÊNCIAS DE IMPOSTOS VINCULADOS À SAÚDE|NÃO SE APLICA|5638|20201127|236.0|0.0|0.0|236.0|0.0|0.0|0.0|0.0|0.0|236.0|0.0
3110004|303|02|382334|2020|11|10 - SAÚDE|122 - ADMINISTRAÇÃO GERAL|0047 - MANUTENÇÃO DO SERVIÇO DE TRANSPORTE DE PACIENTES|2110 - MANUTENÇÃO DO SETOR DE TRANSPORTE||3.3.90.39.99 - 3.3.90.39.99|102 - RECEITAS DE IMPOSTOS E DE TRANSFERÊNCIAS DE IMPOSTOS VINCULADOS À SAÚDE|NÃO SE APLICA|272|20200124|0.0|0.0|75.21|0.0|0.0|0.0|0.0|0.0|0.0|0.0|-75.21
3110004|303|02|382334|2020|5|10 - SAÚDE|122 - ADMINISTRAÇÃO GERAL|0047 - MANUTENÇÃO DO SERVIÇO DE TRANSPORTE DE PACIENTES|2110 - MANUTENÇÃO DO SETOR DE TRANSPORTE||3.3.90.14.05 - 3.3.90.14.05|102 - RECEITAS DE IMPOSTOS E DE TRANSFERÊNCIAS DE IMPOSTOS VINCULADOS À SAÚDE|NÃO SE APLICA|2350|20200515|1180.0|0.0|0.0|1180.0|0.0|1180.0|0.0|0.0|0.0|0.0|0.0
3110004|303|02|382323|2020|6|10 - SAÚDE|302 - ASSISTÊNCIA HOSPITALAR E AMBULATORIAL|0113 - CONSÓRCIO INTERMUNICIPAL ALIANÇA PELA SAÚDE|2394 - MANUTENÇÃO DAS AÇÕES DO CONSÓRCIO||3.1.71.70.00 - 3.1.71.70.00|102 - RECEITAS DE IMPOSTOS E DE TRANSFERÊNCIAS DE IMPOSTOS VINCULADOS À SAÚDE|NÃO SE APLICA|840|20200213|0.0|0.0|0.0|4000.0|0.0|4000.0|0.0|0.0|0.0|0.0|-4000.0
3110004|303|02|382323|2020|9|10 - SAÚDE|301 - ATENÇÃO BÁSICA|0029 - ATENÇÃO BÁSICA|2063 - MANUTENÇÃO DA ATENÇÃO BÁSICA||3.1.90.11.05 - 3.1.90.11.05|102 - RECEITAS DE IMPOSTOS E DE TRANSFERÊNCIAS DE IMPOSTOS VINCULADOS À SAÚDE|NÃO SE APLICA|4591|20200930|8496.67|0.0|0.0|8496.67|0.0|8496.67|0.0|0.0|0.0|0.0|0.0
3110004|303|02|382323|2020|6|10 - SAÚDE|122 - ADMINISTRAÇÃO GERAL|0042 - SERVIÇO DE REGULAÇÃO EM SAÚDE|2094 - MANUTENÇÃO DA REGULAÇÃO EM SAÚDE||3.1.90.13.03 - 3.1.90.13.03|102 - RECEITAS DE IMPOSTOS E DE TRANSFERÊNCIAS DE IMPOSTOS VINCULADOS À SAÚDE|NÃO SE APLICA|2650|20200529|0.0|0.0|0.0|0.0|0.0|2826.3|0.0|0.0|0.0|-2826.3|0.0
3110004|303|02|382334|2020|7|10 - SAÚDE|122 - ADMINISTRAÇÃO GERAL|0047 - MANUTENÇÃO DO SERVIÇO DE TRANSPORTE DE PACIENTES|2110 - MANUTENÇÃO DO SETOR DE TRANSPORTE||3.1.90.16.00 - 3.1.90.16.00|102 - RECEITAS DE IMPOSTOS E DE TRANSFERÊNCIAS DE IMPOSTOS VINCULADOS À SAÚDE|NÃO SE APLICA|3541|20200731|11680.34|0.0|0.0|11680.34|0.0|11680.34|0.0|0.0|0.0|0.0|0.0
3110004|303|02|382323|2020|2|10 - SAÚDE|122 - ADMINISTRAÇÃO GERAL|0032 - ASSISTÊNCIA FARMACÊUTCA|2069 - MANUTENÇÃO DA FARMÁCIA BÁSICA||3.3.90.30.09 - 3.3.90.30.09|102 - RECEITAS DE IMPOSTOS E DE TRANSFERÊNCIAS DE IMPOSTOS VINCULADOS À SAÚDE|NÃO SE APLICA|837|20200213|442.8|0.0|0.0|0.0|0.0|0.0|0.0|0.0|0.0|0.0|442.8
3110004|303|02|382334|2020|12|10 - SAÚDE|122 - ADMINISTRAÇÃO GERAL|0047 - MANUTENÇÃO DO SERVIÇO DE TRANSPORTE DE PACIENTES|2110 - MANUTENÇÃO DO SETOR DE TRANSPORTE||3.3.90.39.46 - 3.3.90.39.46|102 - RECEITAS DE IMPOSTOS E DE TRANSFERÊNCIAS DE IMPOSTOS VINCULADOS À SAÚDE|NÃO SE APLICA|5670|20201130|0.0|0.0|0.0|20000.0|0.0|20000.0|0.0|0.0|0.0|0.0|-20000.0
3110004|303|02|382334|2020|10|10 - SAÚDE|122 - ADMINISTRAÇÃO GERAL|0047 - MANUTENÇÃO DO SERVIÇO DE TRANSPORTE DE PACIENTES|2110 - MANUTENÇÃO DO SETOR DE TRANSPORTE||3.3.90.14.05 - 3.3.90.14.05|102 - RECEITAS DE IMPOSTOS E DE TRANSFERÊNCIAS DE IMPOSTOS VINCULADOS À SAÚDE|NÃO SE APLICA|4387|20200918|0.0|0.0|0.0|0.0|0.0|1416.0|0.0|0.0|0.0|-1416.0|0.0
3110004|303|02|382323|2020|5|10 - SAÚDE|302 - ASSISTÊNCIA HOSPITALAR E AMBULATORIAL|0080 - SAÚDE MENTAL|2104 - MANUTENÇÃO DO SETOR DE SAÚDE MENTAL||3.1.90.13.03 - 3.1.90.13.03|102 - RECEITAS DE IMPOSTOS E DE TRANSFERÊNCIAS DE IMPOSTOS VINCULADOS À SAÚDE|NÃO SE APLICA|2663|20200529|7123.56|0.0|0.0|7123.56|0.0|0.0|0.0|0.0|0.0|7123.56|0.0
3110004|303|02|382334|2020|2|10 - SAÚDE|122 - ADMINISTRAÇÃO GERAL|0040 - GESTÃO DA SECRETARIA DE SAÚDE|2089 - MANUTENÇÃO DA SECRETARIA DE SAÚDE||3.3.90.49.00 - 3.3.90.49.00|102 - RECEITAS DE IMPOSTOS E DE TRANSFERÊNCIAS DE IMPOSTOS VINCULADOS À SAÚDE|NÃO SE APLICA|256|20200124|0.0|0.0|0.0|8250.0|0.0|8250.0|0.0|0.0|0.0|0.0|-8250.0
3110004|303|02|382334|2020|1|10 - SAÚDE|122 - ADMINISTRAÇÃO GERAL|0040 - GESTÃO DA SECRETARIA DE SAÚDE|2089 - MANUTENÇÃO DA SECRETARIA DE SAÚDE||3.3.90.39.43 - 3.3.90.39.43|102 - RECEITAS DE IMPOSTOS E DE TRANSFERÊNCIAS DE IMPOSTOS VINCULADOS À SAÚDE|NÃO SE APLICA|193|20200115|60000.0|0.0|0.0|93.19|0.0|0.0|0.0|0.0|0.0|93.19|59906.81
3110004|303|02|382323|2020|1|10 - SAÚDE|302 - ASSISTÊNCIA HOSPITALAR E AMBULATORIAL|0028 - CENTRO DE ESPECIALIDADES EM SAÚDE|2059 - MANUTENÇÃO DO CENTRO ESPECIALIDADES EM SAÚDE||3.3.90.39.36 - 3.3.90.39.36|102 - RECEITAS DE IMPOSTOS E DE TRANSFERÊNCIAS DE IMPOSTOS VINCULADOS À SAÚDE|NÃO SE APLICA|575|20200130|26975.0|0.0|0.0|0.0|0.0|0.0|0.0|0.0|0.0|0.0|26975.0
3110004|303|02|382334|2020|12|10 - SAÚDE|122 - ADMINISTRAÇÃO GERAL|0047 - MANUTENÇÃO DO SERVIÇO DE TRANSPORTE DE PACIENTES|2110 - MANUTENÇÃO DO SETOR DE TRANSPORTE||3.1.90.11.11 - 3.1.90.11.11|102 - RECEITAS DE IMPOSTOS E DE TRANSFERÊNCIAS DE IMPOSTOS VINCULADOS À SAÚDE|NÃO SE APLICA|6172|20201228|32892.77|0.0|0.0|32892.77|0.0|32892.77|0.0|0.0|0.0|0.0|0.0
3110004|303|02|382334|2020|7|10 - SAÚDE|122 - ADMINISTRAÇÃO GERAL|0047 - MANUTENÇÃO DO SERVIÇO DE TRANSPORTE DE PACIENTES|2110 - MANUTENÇÃO DO SETOR DE TRANSPORTE||3.3.90.14.05 - 3.3.90.14.05|102 - RECEITAS DE IMPOSTOS E DE TRANSFERÊNCIAS DE IMPOSTOS VINCULADOS À SAÚDE|NÃO SE APLICA|2931|20200624|0.0|0.0|0.0|0.0|0.0|944.0|0.0|0.0|0.0|-944.0|0.0
3110004|303|02|382334|2020|12|10 - SAÚDE|122 - ADMINISTRAÇÃO GERAL|0047 - MANUTENÇÃO DO SERVIÇO DE TRANSPORTE DE PACIENTES|2110 - MANUTENÇÃO DO SETOR DE TRANSPORTE||3.1.90.94.01 - 3.1.90.94.01|102 - RECEITAS DE IMPOSTOS E DE TRANSFERÊNCIAS DE IMPOSTOS VINCULADOS À SAÚDE|NÃO SE APLICA|5782|20201214|158.59|0.0|0.0|158.59|0.0|158.59|0.0|0.0|0.0|0.0|0.0
3110004|303|02|382334|2020|1|10 - SAÚDE|122 - ADMINISTRAÇÃO GERAL|0040 - GESTÃO DA SECRETARIA DE SAÚDE|2089 - MANUTENÇÃO DA SECRETARIA DE SAÚDE||3.1.90.13.01 - 3.1.90.13.01|102 - RECEITAS DE IMPOSTOS E DE TRANSFERÊNCIAS DE IMPOSTOS VINCULADOS À SAÚDE|NÃO SE APLICA|507|20200130|1860.59|0.0|0.0|1860.59|0.0|0.0|0.0|0.0|0.0|1860.59|0.0
3110004|303|02|382323|2020|9|10 - SAÚDE|302 - ASSISTÊNCIA HOSPITALAR E AMBULATORIAL|0048 - URGÊNCIA E EMERGÊNCIA|2403 - MANUTENÇÃO DO SAMU||3.1.90.13.01 - 3.1.90.13.01|102 - RECEITAS DE IMPOSTOS E DE TRANSFERÊNCIAS DE IMPOSTOS VINCULADOS À SAÚDE|NÃO SE APLICA|4168|20200828|0.0|0.0|0.0|0.0|0.0|1649.82|0.0|0.0|0.0|-1649.82|0.0
3110004|303|02|382323|2020|2|10 - SAÚDE|302 - ASSISTÊNCIA HOSPITALAR E AMBULATORIAL|0048 - URGÊNCIA E EMERGÊNCIA|2403 - MANUTENÇÃO DO SAMU||3.1.90.11.11 - 3.1.90.11.11|102 - RECEITAS DE IMPOSTOS E DE TRANSFERÊNCIAS DE IMPOSTOS VINCULADOS À SAÚDE|NÃO SE APLICA|1104|20200221|14738.43|0.0|0.0|14738.43|0.0|14738.43|0.0|0.0|0.0|0.0|0.0
3110004|303|02|382323|2020|12|10 - SAÚDE|302 - ASSISTÊNCIA HOSPITALAR E AMBULATORIAL|0043 - SAÚDE BUCAL|2099 - MANUTENÇÃO DO SETOR DE SAÚDE BUCAL||3.1.90.04.99 - 3.1.90.04.99|102 - RECEITAS DE IMPOSTOS E DE TRANSFERÊNCIAS DE IMPOSTOS VINCULADOS À SAÚDE|NÃO SE APLICA|5867|20201214|11639.75|0.0|0.0|11639.75|0.0|11639.75|0.0|0.0|0.0|0.0|0.0
3110004|303|02|382323|2020|2|10 - SAÚDE|302 - ASSISTÊNCIA HOSPITALAR E AMBULATORIAL|0028 - CENTRO DE ESPECIALIDADES EM SAÚDE|2059 - MANUTENÇÃO DO CENTRO ESPECIALIDADES EM SAÚDE||3.1.90.13.03 - 3.1.90.13.03|102 - RECEITAS DE IMPOSTOS E DE TRANSFERÊNCIAS DE IMPOSTOS VINCULADOS À SAÚDE|NÃO SE APLICA|1204|20200221|14752.28|0.0|0.0|14752.28|0.0|145.86|0.0|0.0|0.0|14606.42|0.0
3110004|303|02|382334|2020|6|10 - SAÚDE|122 - ADMINISTRAÇÃO GERAL|0040 - GESTÃO DA SECRETARIA DE SAÚDE|2089 - MANUTENÇÃO DA SECRETARIA DE SAÚDE||3.3.90.49.00 - 3.3.90.49.00|102 - RECEITAS DE IMPOSTOS E DE TRANSFERÊNCIAS DE IMPOSTOS VINCULADOS À SAÚDE|NÃO SE APLICA|258|20200124|0.0|0.0|0.0|522.9|0.0|522.9|0.0|0.0|0.0|0.0|-522.9
3110004|303|02|382323|2020|4|10 - SAÚDE|302 - ASSISTÊNCIA HOSPITALAR E AMBULATORIAL|0043 - SAÚDE BUCAL|2099 - MANUTENÇÃO DO SETOR DE SAÚDE BUCAL||3.1.90.13.03 - 3.1.90.13.03|102 - RECEITAS DE IMPOSTOS E DE TRANSFERÊNCIAS DE IMPOSTOS VINCULADOS À SAÚDE|NÃO SE APLICA|1694|20200327|0.0|0.0|0.0|0.0|0.0|8008.17|0.0|0.0|0.0|-8008.17|0.0
3110004|303|02|382334|2020|12|10 - SAÚDE|302 - ASSISTÊNCIA HOSPITALAR E AMBULATORIAL|0312 - EMENDAS IMPOSITIVAS|1242 - EXECUÇÃO DAS EMENDAS IMPOSITIVAS||4.4.90.52.05 - 4.4.90.52.05|102 - RECEITAS DE IMPOSTOS E DE TRANSFERÊNCIAS DE IMPOSTOS VINCULADOS À SAÚDE|NÃO SE APLICA|6062|20201218|3179.78|0.0|0.0|0.0|0.0|0.0|0.0|0.0|0.0|0.0|3179.78
3110004|303|02|382334|2020|2|10 - SAÚDE|122 - ADMINISTRAÇÃO GERAL|0047 - MANUTENÇÃO DO SERVIÇO DE TRANSPORTE DE PACIENTES|2110 - MANUTENÇÃO DO SETOR DE TRANSPORTE||3.1.90.13.01 - 3.1.90.13.01|102 - RECEITAS DE IMPOSTOS E DE TRANSFERÊNCIAS DE IMPOSTOS VINCULADOS À SAÚDE|NÃO SE APLICA|1171|20200221|3466.41|0.0|0.0|3466.41|0.0|0.0|0.0|0.0|0.0|3466.41|0.0
3110004|303|02|382334|2020|11|10 - SAÚDE|122 - ADMINISTRAÇÃO GERAL|0047 - MANUTENÇÃO DO SERVIÇO DE TRANSPORTE DE PACIENTES|2110 - MANUTENÇÃO DO SETOR DE TRANSPORTE||3.1.90.13.03 - 3.1.90.13.03|102 - RECEITAS DE IMPOSTOS E DE TRANSFERÊNCIAS DE IMPOSTOS VINCULADOS À SAÚDE|NÃO SE APLICA|5577|20201127|15306.24|0.0|0.0|15306.24|0.0|0.0|0.0|0.0|0.0|15306.24|0.0
3110004|303|02|382323|2020|12|10 - SAÚDE|302 - ASSISTÊNCIA HOSPITALAR E AMBULATORIAL|0028 - CENTRO DE ESPECIALIDADES EM SAÚDE|2059 - MANUTENÇÃO DO CENTRO ESPECIALIDADES EM SAÚDE||3.3.90.39.36 - 3.3.90.39.36|102 - RECEITAS DE IMPOSTOS E DE TRANSFERÊNCIAS DE IMPOSTOS VINCULADOS À SAÚDE|NÃO SE APLICA|5994|20201216|4600.0|0.0|0.0|0.0|0.0|0.0|0.0|0.0|0.0|0.0|4600.0
3110004|303|02|382334|2020|11|10 - SAÚDE|122 - ADMINISTRAÇÃO GERAL|0047 - MANUTENÇÃO DO SERVIÇO DE TRANSPORTE DE PACIENTES|2110 - MANUTENÇÃO DO SETOR DE TRANSPORTE||3.1.90.13.03 - 3.1.90.13.03|102 - RECEITAS DE IMPOSTOS E DE TRANSFERÊNCIAS DE IMPOSTOS VINCULADOS À SAÚDE|NÃO SE APLICA|5162|20201029|0.0|0.0|0.0|0.0|0.0|15489.76|0.0|0.0|0.0|-15489.76|0.0
3110004|303|02|382334|2020|11|10 - SAÚDE|122 - ADMINISTRAÇÃO GERAL|0047 - MANUTENÇÃO DO SERVIÇO DE TRANSPORTE DE PACIENTES|2110 - MANUTENÇÃO DO SETOR DE TRANSPORTE||3.3.90.14.05 - 3.3.90.14.05|102 - RECEITAS DE IMPOSTOS E DE TRANSFERÊNCIAS DE IMPOSTOS VINCULADOS À SAÚDE|NÃO SE APLICA|5641|20201127|141.6|0.0|0.0|141.6|0.0|0.0|0.0|0.0|0.0|141.6|0.0
3110004|303|02|382323|2020|11|10 - SAÚDE|302 - ASSISTÊNCIA HOSPITALAR E AMBULATORIAL|0043 - SAÚDE BUCAL|2099 - MANUTENÇÃO DO SETOR DE SAÚDE BUCAL||3.1.90.11.11 - 3.1.90.11.11|102 - RECEITAS DE IMPOSTOS E DE TRANSFERÊNCIAS DE IMPOSTOS VINCULADOS À SAÚDE|NÃO SE APLICA|5491|20201127|16266.15|0.0|0.0|16266.15|0.0|16266.15|0.0|0.0|0.0|0.0|0.0
3110004|303|02|382323|2020|6|10 - SAÚDE|302 - ASSISTÊNCIA HOSPITALAR E AMBULATORIAL|0080 - SAÚDE MENTAL|2104 - MANUTENÇÃO DO SETOR DE SAÚDE MENTAL||3.1.90.13.03 - 3.1.90.13.03|102 - RECEITAS DE IMPOSTOS E DE TRANSFERÊNCIAS DE IMPOSTOS VINCULADOS À SAÚDE|NÃO SE APLICA|2663|20200529|0.0|0.0|0.0|0.0|0.0|7123.56|0.0|0.0|0.0|-7123.56|0.0
3110004|303|02|382334|2020|3|10 - SAÚDE|122 - ADMINISTRAÇÃO GERAL|0047 - MANUTENÇÃO DO SERVIÇO DE TRANSPORTE DE PACIENTES|2110 - MANUTENÇÃO DO SETOR DE TRANSPORTE||3.3.90.14.05 - 3.3.90.14.05|102 - RECEITAS DE IMPOSTOS E DE TRANSFERÊNCIAS DE IMPOSTOS VINCULADOS À SAÚDE|NÃO SE APLICA|1373|20200313|1416.0|0.0|0.0|1416.0|0.0|1416.0|0.0|0.0|0.0|0.0|0.0
3110004|303|02|382323|2020|11|10 - SAÚDE|302 - ASSISTÊNCIA HOSPITALAR E AMBULATORIAL|0043 - SAÚDE BUCAL|2099 - MANUTENÇÃO DO SETOR DE SAÚDE BUCAL||3.1.90.13.01 - 3.1.90.13.01|102 - RECEITAS DE IMPOSTOS E DE TRANSFERÊNCIAS DE IMPOSTOS VINCULADOS À SAÚDE|NÃO SE APLICA|5193|20201029|0.0|0.0|0.0|0.0|0.0|1253.25|0.0|0.0|0.0|-1253.25|0.0
3110004|303|02|382323|2020|11|10 - SAÚDE|302 - ASSISTÊNCIA HOSPITALAR E AMBULATORIAL|0080 - SAÚDE MENTAL|2104 - MANUTENÇÃO DO SETOR DE SAÚDE MENTAL||3.1.90.11.11 - 3.1.90.11.11|102 - RECEITAS DE IMPOSTOS E DE TRANSFERÊNCIAS DE IMPOSTOS VINCULADOS À SAÚDE|NÃO SE APLICA|5496|20201127|18425.15|0.0|0.0|18425.15|0.0|18425.15|0.0|0.0|0.0|0.0|0.0
3110004|303|02|382323|2020|8|10 - SAÚDE|302 - ASSISTÊNCIA HOSPITALAR E AMBULATORIAL|0080 - SAÚDE MENTAL|2104 - MANUTENÇÃO DO SETOR DE SAÚDE MENTAL||3.1.90.11.05 - 3.1.90.11.05|102 - RECEITAS DE IMPOSTOS E DE TRANSFERÊNCIAS DE IMPOSTOS VINCULADOS À SAÚDE|NÃO SE APLICA|4057|20200828|2936.98|0.0|0.0|2936.98|0.0|2936.98|0.0|0.0|0.0|0.0|0.0
3110004|303|02|382323|2020|11|10 - SAÚDE|302 - ASSISTÊNCIA HOSPITALAR E AMBULATORIAL|0028 - CENTRO DE ESPECIALIDADES EM SAÚDE|2059 - MANUTENÇÃO DO CENTRO ESPECIALIDADES EM SAÚDE||3.3.90.39.36 - 3.3.90.39.36|102 - RECEITAS DE IMPOSTOS E DE TRANSFERÊNCIAS DE IMPOSTOS VINCULADOS À SAÚDE|NÃO SE APLICA|672|20200203|0.0|0.0|0.0|20800.0|0.0|20800.0|0.0|0.0|0.0|0.0|-20800.0
3110004|303|02|382323|2020|12|10 - SAÚDE|302 - ASSISTÊNCIA HOSPITALAR E AMBULATORIAL|0080 - SAÚDE MENTAL|2104 - MANUTENÇÃO DO SETOR DE SAÚDE MENTAL||3.1.90.94.01 - 3.1.90.94.01|102 - RECEITAS DE IMPOSTOS E DE TRANSFERÊNCIAS DE IMPOSTOS VINCULADOS À SAÚDE|NÃO SE APLICA|6082|20201221|5159.38|0.0|0.0|5159.38|0.0|5159.38|0.0|0.0|0.0|0.0|0.0
3110004|303|02|382334|2020|2|10 - SAÚDE|122 - ADMINISTRAÇÃO GERAL|0047 - MANUTENÇÃO DO SERVIÇO DE TRANSPORTE DE PACIENTES|2110 - MANUTENÇÃO DO SETOR DE TRANSPORTE||3.1.90.04.99 - 3.1.90.04.99|102 - RECEITAS DE IMPOSTOS E DE TRANSFERÊNCIAS DE IMPOSTOS VINCULADOS À SAÚDE|NÃO SE APLICA|1065|20200221|8605.35|0.0|0.0|8605.35|0.0|8605.35|0.0|0.0|0.0|0.0|0.0
3110004|303|02|382334|2020|3|10 - SAÚDE|122 - ADMINISTRAÇÃO GERAL|0047 - MANUTENÇÃO DO SERVIÇO DE TRANSPORTE DE PACIENTES|2110 - MANUTENÇÃO DO SETOR DE TRANSPORTE||3.3.90.14.05 - 3.3.90.14.05|102 - RECEITAS DE IMPOSTOS E DE TRANSFERÊNCIAS DE IMPOSTOS VINCULADOS À SAÚDE|NÃO SE APLICA|1385|20200313|944.0|0.0|0.0|944.0|0.0|944.0|0.0|0.0|0.0|0.0|0.0
3110004|303|02|382334|2020|2|10 - SAÚDE|122 - ADMINISTRAÇÃO GERAL|0047 - MANUTENÇÃO DO SERVIÇO DE TRANSPORTE DE PACIENTES|2110 - MANUTENÇÃO DO SETOR DE TRANSPORTE||3.3.90.14.05 - 3.3.90.14.05|102 - RECEITAS DE IMPOSTOS E DE TRANSFERÊNCIAS DE IMPOSTOS VINCULADOS À SAÚDE|NÃO SE APLICA|772|20200211|1180.0|0.0|0.0|1180.0|0.0|1180.0|0.0|0.0|0.0|0.0|0.0
3110004|303|02|382323|2020|8|10 - SAÚDE|302 - ASSISTÊNCIA HOSPITALAR E AMBULATORIAL|0028 - CENTRO DE ESPECIALIDADES EM SAÚDE|2059 - MANUTENÇÃO DO CENTRO ESPECIALIDADES EM SAÚDE||3.1.90.13.03 - 3.1.90.13.03|102 - RECEITAS DE IMPOSTOS E DE TRANSFERÊNCIAS DE IMPOSTOS VINCULADOS À SAÚDE|NÃO SE APLICA|3680|20200731|0.0|0.0|0.0|0.0|0.0|15096.63|0.0|0.0|0.0|-15096.63|0.0
3110004|303|02|382323|2020|9|10 - SAÚDE|301 - ATENÇÃO BÁSICA|0029 - ATENÇÃO BÁSICA|2063 - MANUTENÇÃO DA ATENÇÃO BÁSICA||3.1.90.13.03 - 3.1.90.13.03|102 - RECEITAS DE IMPOSTOS E DE TRANSFERÊNCIAS DE IMPOSTOS VINCULADOS À SAÚDE|NÃO SE APLICA|4160|20200828|0.0|0.0|0.0|0.0|0.0|29269.26|0.0|0.0|0.0|-29269.26|0.0
3110004|303|02|382323|2020|2|10 - SAÚDE|302 - ASSISTÊNCIA HOSPITALAR E AMBULATORIAL|0080 - SAÚDE MENTAL|2104 - MANUTENÇÃO DO SETOR DE SAÚDE MENTAL||3.1.90.13.01 - 3.1.90.13.01|102 - RECEITAS DE IMPOSTOS E DE TRANSFERÊNCIAS DE IMPOSTOS VINCULADOS À SAÚDE|NÃO SE APLICA|547|20200130|0.0|0.0|0.0|0.0|0.0|1648.61|0.0|0.0|0.0|-1648.61|0.0
3110004|303|02|382323|2020|1|10 - SAÚDE|122 - ADMINISTRAÇÃO GERAL|0042 - SERVIÇO DE REGULAÇÃO EM SAÚDE|2094 - MANUTENÇÃO DA REGULAÇÃO EM SAÚDE||3.1.90.13.03 - 3.1.90.13.03|102 - RECEITAS DE IMPOSTOS E DE TRANSFERÊNCIAS DE IMPOSTOS VINCULADOS À SAÚDE|NÃO SE APLICA|535|20200130|2901.72|0.0|0.0|2901.72|0.0|97.24|0.0|0.0|0.0|2804.48|0.0
3110004|303|02|382334|2020|12|10 - SAÚDE|122 - ADMINISTRAÇÃO GERAL|0047 - MANUTENÇÃO DO SERVIÇO DE TRANSPORTE DE PACIENTES|2110 - MANUTENÇÃO DO SETOR DE TRANSPORTE||3.3.90.14.05 - 3.3.90.14.05|102 - RECEITAS DE IMPOSTOS E DE TRANSFERÊNCIAS DE IMPOSTOS VINCULADOS À SAÚDE|NÃO SE APLICA|5642|20201127|0.0|0.0|0.0|0.0|0.0|23.6|0.0|0.0|0.0|-23.6|0.0
3110004|303|02|382334|2020|11|10 - SAÚDE|122 - ADMINISTRAÇÃO GERAL|0040 - GESTÃO DA SECRETARIA DE SAÚDE|2089 - MANUTENÇÃO DA SECRETARIA DE SAÚDE||3.1.90.11.05 - 3.1.90.11.05|102 - RECEITAS DE IMPOSTOS E DE TRANSFERÊNCIAS DE IMPOSTOS VINCULADOS À SAÚDE|NÃO SE APLICA|5452|20201127|4405.47|0.0|0.0|4405.47|0.0|4405.47|0.0|0.0|0.0|0.0|0.0
3110004|303|02|382323|2020|10|10 - SAÚDE|302 - ASSISTÊNCIA HOSPITALAR E AMBULATORIAL|0028 - CENTRO DE ESPECIALIDADES EM SAÚDE|2059 - MANUTENÇÃO DO CENTRO ESPECIALIDADES EM SAÚDE||3.1.90.13.01 - 3.1.90.13.01|102 - RECEITAS DE IMPOSTOS E DE TRANSFERÊNCIAS DE IMPOSTOS VINCULADOS À SAÚDE|NÃO SE APLICA|5189|20201029|4598.48|0.0|0.0|4598.48|0.0|0.0|0.0|0.0|0.0|4598.48|0.0
3110004|303|02|382334|2020|6|10 - SAÚDE|122 - ADMINISTRAÇÃO GERAL|0040 - GESTÃO DA SECRETARIA DE SAÚDE|2089 - MANUTENÇÃO DA SECRETARIA DE SAÚDE||3.3.90.49.00 - 3.3.90.49.00|102 - RECEITAS DE IMPOSTOS E DE TRANSFERÊNCIAS DE IMPOSTOS VINCULADOS À SAÚDE|NÃO SE APLICA|257|20200124|0.0|0.0|0.0|4859.9|0.0|4859.9|0.0|0.0|0.0|0.0|-4859.9
3110004|303|02|382323|2020|9|10 - SAÚDE|122 - ADMINISTRAÇÃO GERAL|0042 - SERVIÇO DE REGULAÇÃO EM SAÚDE|2094 - MANUTENÇÃO DA REGULAÇÃO EM SAÚDE||3.1.90.13.01 - 3.1.90.13.01|102 - RECEITAS DE IMPOSTOS E DE TRANSFERÊNCIAS DE IMPOSTOS VINCULADOS À SAÚDE|NÃO SE APLICA|4157|20200828|0.0|0.0|0.0|0.0|0.0|970.75|0.0|0.0|0.0|-970.75|0.0
3110004|303|02|382334|2020|5|10 - SAÚDE|122 - ADMINISTRAÇÃO GERAL|0047 - MANUTENÇÃO DO SERVIÇO DE TRANSPORTE DE PACIENTES|2110 - MANUTENÇÃO DO SETOR DE TRANSPORTE||3.3.90.14.05 - 3.3.90.14.05|102 - RECEITAS DE IMPOSTOS E DE TRANSFERÊNCIAS DE IMPOSTOS VINCULADOS À SAÚDE|NÃO SE APLICA|2322|20200513|944.0|0.0|0.0|944.0|0.0|0.0|0.0|0.0|0.0|944.0|0.0
3110004|303|02|382334|2020|12|10 - SAÚDE|122 - ADMINISTRAÇÃO GERAL|0047 - MANUTENÇÃO DO SERVIÇO DE TRANSPORTE DE PACIENTES|2110 - MANUTENÇÃO DO SETOR DE TRANSPORTE||3.1.90.13.03 - 3.1.90.13.03|102 - RECEITAS DE IMPOSTOS E DE TRANSFERÊNCIAS DE IMPOSTOS VINCULADOS À SAÚDE|NÃO SE APLICA|5577|20201127|0.0|0.0|0.0|0.0|0.0|15306.24|0.0|0.0|0.0|-15306.24|0.0
3110004|303|02|382334|2020|6|10 - SAÚDE|122 - ADMINISTRAÇÃO GERAL|0047 - MANUTENÇÃO DO SERVIÇO DE TRANSPORTE DE PACIENTES|2110 - MANUTENÇÃO DO SETOR DE TRANSPORTE||3.3.90.14.05 - 3.3.90.14.05|102 - RECEITAS DE IMPOSTOS E DE TRANSFERÊNCIAS DE IMPOSTOS VINCULADOS À SAÚDE|NÃO SE APLICA|2317|20200513|0.0|0.0|0.0|0.0|0.0|1416.0|0.0|0.0|0.0|-1416.0|0.0
3110004|303|02|382334|2020|11|10 - SAÚDE|122 - ADMINISTRAÇÃO GERAL|0047 - MANUTENÇÃO DO SERVIÇO DE TRANSPORTE DE PACIENTES|2110 - MANUTENÇÃO DO SETOR DE TRANSPORTE||3.3.90.14.05 - 3.3.90.14.05|102 - RECEITAS DE IMPOSTOS E DE TRANSFERÊNCIAS DE IMPOSTOS VINCULADOS À SAÚDE|NÃO SE APLICA|5244|20201104|23.6|0.0|0.0|23.6|0.0|23.6|0.0|0.0|0.0|0.0|0.0
3110004|303|02|382334|2020|11|10 - SAÚDE|122 - ADMINISTRAÇÃO GERAL|0040 - GESTÃO DA SECRETARIA DE SAÚDE|2089 - MANUTENÇÃO DA SECRETARIA DE SAÚDE||3.3.90.30.22 - 3.3.90.30.22|102 - RECEITAS DE IMPOSTOS E DE TRANSFERÊNCIAS DE IMPOSTOS VINCULADOS À SAÚDE|NÃO SE APLICA|5663|20201130|364.0|0.0|0.0|0.0|0.0|0.0|0.0|0.0|0.0|0.0|364.0
3110004|303|02|382334|2020|4|10 - SAÚDE|122 - ADMINISTRAÇÃO GERAL|0047 - MANUTENÇÃO DO SERVIÇO DE TRANSPORTE DE PACIENTES|2110 - MANUTENÇÃO DO SETOR DE TRANSPORTE||3.3.90.39.53 - 3.3.90.39.53|102 - RECEITAS DE IMPOSTOS E DE TRANSFERÊNCIAS DE IMPOSTOS VINCULADOS À SAÚDE|NÃO SE APLICA|621|20200130|0.0|0.0|0.0|2399.2|0.0|2399.2|0.0|0.0|0.0|0.0|-2399.2
3110004|303|02|382323|2020|9|10 - SAÚDE|122 - ADMINISTRAÇÃO GERAL|0032 - ASSISTÊNCIA FARMACÊUTCA|2069 - MANUTENÇÃO DA FARMÁCIA BÁSICA||3.1.90.11.11 - 3.1.90.11.11|102 - RECEITAS DE IMPOSTOS E DE TRANSFERÊNCIAS DE IMPOSTOS VINCULADOS À SAÚDE|NÃO SE APLICA|4588|20200930|9041.58|0.0|0.0|9041.58|0.0|9041.58|0.0|0.0|0.0|0.0|0.0
3110004|303|02|382334|2020|5|10 - SAÚDE|122 - ADMINISTRAÇÃO GERAL|0047 - MANUTENÇÃO DO SERVIÇO DE TRANSPORTE DE PACIENTES|2110 - MANUTENÇÃO DO SETOR DE TRANSPORTE||3.1.90.94.01 - 3.1.90.94.01|102 - RECEITAS DE IMPOSTOS E DE TRANSFERÊNCIAS DE IMPOSTOS VINCULADOS À SAÚDE|NÃO SE APLICA|2375|20200519|5708.8|0.0|0.0|5708.8|0.0|5708.8|0.0|0.0|0.0|0.0|0.0
3110004|303|02|382334|2020|5|10 - SAÚDE|122 - ADMINISTRAÇÃO GERAL|0040 - GESTÃO DA SECRETARIA DE SAÚDE|2089 - MANUTENÇÃO DA SECRETARIA DE SAÚDE||3.1.90.11.11 - 3.1.90.11.11|102 - RECEITAS DE IMPOSTOS E DE TRANSFERÊNCIAS DE IMPOSTOS VINCULADOS À SAÚDE|NÃO SE APLICA|2509|20200529|13763.75|0.0|0.0|13763.75|0.0|13763.75|0.0|0.0|0.0|0.0|0.0
3110004|303|02|382334|2020|6|10 - SAÚDE|122 - ADMINISTRAÇÃO GERAL|0047 - MANUTENÇÃO DO SERVIÇO DE TRANSPORTE DE PACIENTES|2110 - MANUTENÇÃO DO SETOR DE TRANSPORTE||3.1.90.13.03 - 3.1.90.13.03|102 - RECEITAS DE IMPOSTOS E DE TRANSFERÊNCIAS DE IMPOSTOS VINCULADOS À SAÚDE|NÃO SE APLICA|3142|20200630|15019.26|0.0|0.0|15019.26|0.0|29.17|0.0|0.0|0.0|14990.09|0.0
3110004|303|02|382334|2020|2|10 - SAÚDE|122 - ADMINISTRAÇÃO GERAL|0047 - MANUTENÇÃO DO SERVIÇO DE TRANSPORTE DE PACIENTES|2110 - MANUTENÇÃO DO SETOR DE TRANSPORTE||3.3.90.39.53 - 3.3.90.39.53|102 - RECEITAS DE IMPOSTOS E DE TRANSFERÊNCIAS DE IMPOSTOS VINCULADOS À SAÚDE|NÃO SE APLICA|621|20200130|0.0|0.0|0.0|1199.6|0.0|1199.6|0.0|0.0|0.0|0.0|-1199.6
3110004|303|02|382323|2020|4|10 - SAÚDE|302 - ASSISTÊNCIA HOSPITALAR E AMBULATORIAL|0113 - CONSÓRCIO INTERMUNICIPAL ALIANÇA PELA SAÚDE|2394 - MANUTENÇÃO DAS AÇÕES DO CONSÓRCIO||3.3.72.39.00 - 3.3.72.39.00|102 - RECEITAS DE IMPOSTOS E DE TRANSFERÊNCIAS DE IMPOSTOS VINCULADOS À SAÚDE|NÃO SE APLICA|250|20200123|0.0|0.0|0.0|51174.1|0.0|51174.1|0.0|0.0|0.0|0.0|-51174.1
3110004|303|02|382334|2020|6|10 - SAÚDE|122 - ADMINISTRAÇÃO GERAL|0047 - MANUTENÇÃO DO SERVIÇO DE TRANSPORTE DE PACIENTES|2110 - MANUTENÇÃO DO SETOR DE TRANSPORTE||3.3.90.14.05 - 3.3.90.14.05|102 - RECEITAS DE IMPOSTOS E DE TRANSFERÊNCIAS DE IMPOSTOS VINCULADOS À SAÚDE|NÃO SE APLICA|2887|20200623|472.0|0.0|0.0|472.0|0.0|472.0|0.0|0.0|0.0|0.0|0.0
3110004|303|02|382323|2020|10|10 - SAÚDE|305 - VIGILÂNCIA EPIDEMIOLÓGICA|0049 - VIGILÂNCIA EM SAÚDE|2399 - MANUTENÇÃO DA VIGILÂNCIA EM SAÚDE||3.3.90.30.06 - 3.3.90.30.06|102 - RECEITAS DE IMPOSTOS E DE TRANSFERÊNCIAS DE IMPOSTOS VINCULADOS À SAÚDE|NÃO SE APLICA|4871|20201021|28037.5|0.0|0.0|0.0|0.0|0.0|0.0|0.0|0.0|0.0|28037.5
3110004|303|02|382334|2020|4|10 - SAÚDE|122 - ADMINISTRAÇÃO GERAL|0047 - MANUTENÇÃO DO SERVIÇO DE TRANSPORTE DE PACIENTES|2110 - MANUTENÇÃO DO SETOR DE TRANSPORTE||3.1.90.16.00 - 3.1.90.16.00|102 - RECEITAS DE IMPOSTOS E DE TRANSFERÊNCIAS DE IMPOSTOS VINCULADOS À SAÚDE|NÃO SE APLICA|2029|20200429|13845.12|0.0|0.0|13845.12|0.0|13845.12|0.0|0.0|0.0|0.0|0.0
3110004|303|02|382323|2020|9|10 - SAÚDE|122 - ADMINISTRAÇÃO GERAL|0042 - SERVIÇO DE REGULAÇÃO EM SAÚDE|2094 - MANUTENÇÃO DA REGULAÇÃO EM SAÚDE||3.1.90.13.03 - 3.1.90.13.03|102 - RECEITAS DE IMPOSTOS E DE TRANSFERÊNCIAS DE IMPOSTOS VINCULADOS À SAÚDE|NÃO SE APLICA|4705|20200930|2615.96|0.0|0.0|2615.96|0.0|0.0|0.0|0.0|0.0|2615.96|0.0
3110004|303|02|382323|2020|8|10 - SAÚDE|122 - ADMINISTRAÇÃO GERAL|0042 - SERVIÇO DE REGULAÇÃO EM SAÚDE|2094 - MANUTENÇÃO DA REGULAÇÃO EM SAÚDE||3.3.90.48.00 - 3.3.90.48.00|102 - RECEITAS DE IMPOSTOS E DE TRANSFERÊNCIAS DE IMPOSTOS VINCULADOS À SAÚDE|NÃO SE APLICA|148|20200115|0.0|0.0|0.0|1215.0|0.0|1215.0|0.0|0.0|0.0|0.0|-1215.0
3110004|303|02|382323|2020|5|10 - SAÚDE|302 - ASSISTÊNCIA HOSPITALAR E AMBULATORIAL|0028 - CENTRO DE ESPECIALIDADES EM SAÚDE|2059 - MANUTENÇÃO DO CENTRO ESPECIALIDADES EM SAÚDE||3.3.90.39.36 - 3.3.90.39.36|102 - RECEITAS DE IMPOSTOS E DE TRANSFERÊNCIAS DE IMPOSTOS VINCULADOS À SAÚDE|NÃO SE APLICA|1440|20200318|0.0|0.0|0.0|12210.0|0.0|12210.0|0.0|0.0|0.0|0.0|-12210.0
3110004|303|02|382334|2020|10|10 - SAÚDE|122 - ADMINISTRAÇÃO GERAL|0047 - MANUTENÇÃO DO SERVIÇO DE TRANSPORTE DE PACIENTES|2110 - MANUTENÇÃO DO SETOR DE TRANSPORTE||3.1.90.11.05 - 3.1.90.11.05|102 - RECEITAS DE IMPOSTOS E DE TRANSFERÊNCIAS DE IMPOSTOS VINCULADOS À SAÚDE|NÃO SE APLICA|5045|20201029|6105.85|0.0|0.0|6105.85|0.0|6105.85|0.0|0.0|0.0|0.0|0.0
3110004|303|02|382334|2020|6|10 - SAÚDE|122 - ADMINISTRAÇÃO GERAL|0047 - MANUTENÇÃO DO SERVIÇO DE TRANSPORTE DE PACIENTES|2110 - MANUTENÇÃO DO SETOR DE TRANSPORTE||3.1.90.16.00 - 3.1.90.16.00|102 - RECEITAS DE IMPOSTOS E DE TRANSFERÊNCIAS DE IMPOSTOS VINCULADOS À SAÚDE|NÃO SE APLICA|3030|20200630|12032.2|0.0|0.0|12032.2|0.0|12032.2|0.0|0.0|0.0|0.0|0.0
3110004|303|02|382323|2020|10|10 - SAÚDE|302 - ASSISTÊNCIA HOSPITALAR E AMBULATORIAL|0113 - CONSÓRCIO INTERMUNICIPAL ALIANÇA PELA SAÚDE|2394 - MANUTENÇÃO DAS AÇÕES DO CONSÓRCIO||3.1.71.70.00 - 3.1.71.70.00|102 - RECEITAS DE IMPOSTOS E DE TRANSFERÊNCIAS DE IMPOSTOS VINCULADOS À SAÚDE|NÃO SE APLICA|702|20200207|0.0|0.0|0.0|12869.33|0.0|12869.33|0.0|0.0|0.0|0.0|-12869.33
3110004|303|02|382334|2020|9|10 - SAÚDE|122 - ADMINISTRAÇÃO GERAL|0047 - MANUTENÇÃO DO SERVIÇO DE TRANSPORTE DE PACIENTES|2110 - MANUTENÇÃO DO SETOR DE TRANSPORTE||3.3.90.14.05 - 3.3.90.14.05|102 - RECEITAS DE IMPOSTOS E DE TRANSFERÊNCIAS DE IMPOSTOS VINCULADOS À SAÚDE|NÃO SE APLICA|4391|20200918|944.0|0.0|0.0|944.0|0.0|944.0|0.0|0.0|0.0|0.0|0.0
3110004|303|02|382323|2020|12|10 - SAÚDE|302 - ASSISTÊNCIA HOSPITALAR E AMBULATORIAL|0080 - SAÚDE MENTAL|2104 - MANUTENÇÃO DO SETOR DE SAÚDE MENTAL||3.1.90.11.05 - 3.1.90.11.05|102 - RECEITAS DE IMPOSTOS E DE TRANSFERÊNCIAS DE IMPOSTOS VINCULADOS À SAÚDE|NÃO SE APLICA|5870|20201214|2598.41|0.0|0.0|2598.41|0.0|2598.41|0.0|0.0|0.0|0.0|0.0
3110004|303|02|382323|2020|3|10 - SAÚDE|302 - ASSISTÊNCIA HOSPITALAR E AMBULATORIAL|0048 - URGÊNCIA E EMERGÊNCIA|2403 - MANUTENÇÃO DO SAMU||3.1.90.13.01 - 3.1.90.13.01|102 - RECEITAS DE IMPOSTOS E DE TRANSFERÊNCIAS DE IMPOSTOS VINCULADOS À SAÚDE|NÃO SE APLICA|1209|20200221|0.0|0.0|0.0|0.0|0.0|1704.28|0.0|0.0|0.0|-1704.28|0.0
3110004|303|02|382323|2020|9|10 - SAÚDE|302 - ASSISTÊNCIA HOSPITALAR E AMBULATORIAL|0043 - SAÚDE BUCAL|2099 - MANUTENÇÃO DO SETOR DE SAÚDE BUCAL||3.1.90.11.11 - 3.1.90.11.11|102 - RECEITAS DE IMPOSTOS E DE TRANSFERÊNCIAS DE IMPOSTOS VINCULADOS À SAÚDE|NÃO SE APLICA|4598|20200930|15665.85|0.0|0.0|15665.85|0.0|15665.85|0.0|0.0|0.0|0.0|0.0
3110004|303|02|382334|2020|7|10 - SAÚDE|122 - ADMINISTRAÇÃO GERAL|0047 - MANUTENÇÃO DO SERVIÇO DE TRANSPORTE DE PACIENTES|2110 - MANUTENÇÃO DO SETOR DE TRANSPORTE||3.3.90.39.99 - 3.3.90.39.99|102 - RECEITAS DE IMPOSTOS E DE TRANSFERÊNCIAS DE IMPOSTOS VINCULADOS À SAÚDE|NÃO SE APLICA|272|20200124|0.0|0.0|0.0|28698.08|0.0|28698.08|0.0|0.0|0.0|0.0|-28698.08
3110004|303|02|382334|2020|11|10 - SAÚDE|122 - ADMINISTRAÇÃO GERAL|0040 - GESTÃO DA SECRETARIA DE SAÚDE|2089 - MANUTENÇÃO DA SECRETARIA DE SAÚDE||3.1.90.13.01 - 3.1.90.13.01|102 - RECEITAS DE IMPOSTOS E DE TRANSFERÊNCIAS DE IMPOSTOS VINCULADOS À SAÚDE|NÃO SE APLICA|5159|20201029|0.0|0.0|0.0|0.0|0.0|1872.91|0.0|0.0|0.0|-1872.91|0.0
3110004|303|02|382334|2020|11|10 - SAÚDE|122 - ADMINISTRAÇÃO GERAL|0040 - GESTÃO DA SECRETARIA DE SAÚDE|2089 - MANUTENÇÃO DA SECRETARIA DE SAÚDE||3.1.90.13.01 - 3.1.90.13.01|102 - RECEITAS DE IMPOSTOS E DE TRANSFERÊNCIAS DE IMPOSTOS VINCULADOS À SAÚDE|NÃO SE APLICA|5574|20201127|1841.23|0.0|0.0|1841.23|0.0|0.0|0.0|0.0|0.0|1841.23|0.0
3110004|303|02|382323|2020|11|10 - SAÚDE|122 - ADMINISTRAÇÃO GERAL|0032 - ASSISTÊNCIA FARMACÊUTCA|2069 - MANUTENÇÃO DA FARMÁCIA BÁSICA||3.1.90.13.03 - 3.1.90.13.03|102 - RECEITAS DE IMPOSTOS E DE TRANSFERÊNCIAS DE IMPOSTOS VINCULADOS À SAÚDE|NÃO SE APLICA|5183|20201029|0.0|0.0|0.0|0.0|0.0|2128.83|0.0|0.0|0.0|-2128.83|0.0
3110004|303|02|382334|2020|3|10 - SAÚDE|122 - ADMINISTRAÇÃO GERAL|0047 - MANUTENÇÃO DO SERVIÇO DE TRANSPORTE DE PACIENTES|2110 - MANUTENÇÃO DO SETOR DE TRANSPORTE||3.3.90.39.53 - 3.3.90.39.53|102 - RECEITAS DE IMPOSTOS E DE TRANSFERÊNCIAS DE IMPOSTOS VINCULADOS À SAÚDE|NÃO SE APLICA|621|20200130|0.0|0.0|0.0|1199.6|0.0|1199.6|0.0|0.0|0.0|0.0|-1199.6
3110004|303|02|382323|2020|3|10 - SAÚDE|302 - ASSISTÊNCIA HOSPITALAR E AMBULATORIAL|0048 - URGÊNCIA E EMERGÊNCIA|2403 - MANUTENÇÃO DO SAMU||3.1.90.13.01 - 3.1.90.13.01|102 - RECEITAS DE IMPOSTOS E DE TRANSFERÊNCIAS DE IMPOSTOS VINCULADOS À SAÚDE|NÃO SE APLICA|1695|20200327|1563.47|0.0|0.0|1563.47|0.0|0.0|0.0|0.0|0.0|1563.47|0.0
3110004|303|02|382334|2020|11|10 - SAÚDE|122 - ADMINISTRAÇÃO GERAL|0047 - MANUTENÇÃO DO SERVIÇO DE TRANSPORTE DE PACIENTES|2110 - MANUTENÇÃO DO SETOR DE TRANSPORTE||3.3.90.39.99 - 3.3.90.39.99|102 - RECEITAS DE IMPOSTOS E DE TRANSFERÊNCIAS DE IMPOSTOS VINCULADOS À SAÚDE|NÃO SE APLICA|3190|20200630|0.0|0.0|30.24|0.0|0.0|0.0|0.0|0.0|0.0|0.0|-30.24
3110004|303|02|382323|2020|11|10 - SAÚDE|302 - ASSISTÊNCIA HOSPITALAR E AMBULATORIAL|0113 - CONSÓRCIO INTERMUNICIPAL ALIANÇA PELA SAÚDE|2394 - MANUTENÇÃO DAS AÇÕES DO CONSÓRCIO||3.3.72.39.00 - 3.3.72.39.00|102 - RECEITAS DE IMPOSTOS E DE TRANSFERÊNCIAS DE IMPOSTOS VINCULADOS À SAÚDE|NÃO SE APLICA|5655|20201130|45000.0|0.0|0.0|0.0|0.0|0.0|0.0|0.0|0.0|0.0|45000.0
3110004|303|02|382323|2020|3|10 - SAÚDE|302 - ASSISTÊNCIA HOSPITALAR E AMBULATORIAL|0043 - SAÚDE BUCAL|2099 - MANUTENÇÃO DO SETOR DE SAÚDE BUCAL||3.1.90.11.11 - 3.1.90.11.11|102 - RECEITAS DE IMPOSTOS E DE TRANSFERÊNCIAS DE IMPOSTOS VINCULADOS À SAÚDE|NÃO SE APLICA|1590|20200327|16874.95|0.0|0.0|16874.95|0.0|16874.95|0.0|0.0|0.0|0.0|0.0
3110004|303|02|382323|2020|9|10 - SAÚDE|122 - ADMINISTRAÇÃO GERAL|0042 - SERVIÇO DE REGULAÇÃO EM SAÚDE|2094 - MANUTENÇÃO DA REGULAÇÃO EM SAÚDE||3.3.90.48.00 - 3.3.90.48.00|102 - RECEITAS DE IMPOSTOS E DE TRANSFERÊNCIAS DE IMPOSTOS VINCULADOS À SAÚDE|NÃO SE APLICA|148|20200115|0.0|0.0|0.0|1215.0|0.0|1215.0|0.0|0.0|0.0|0.0|-1215.0
3110004|303|02|382323|2020|2|10 - SAÚDE|302 - ASSISTÊNCIA HOSPITALAR E AMBULATORIAL|0039 - GESTÃO DA FISIOTERAPIA|2086 - MANUTENÇÃO DO SETOR DA FISIOTERAPIA||3.1.90.13.01 - 3.1.90.13.01|102 - RECEITAS DE IMPOSTOS E DE TRANSFERÊNCIAS DE IMPOSTOS VINCULADOS À SAÚDE|NÃO SE APLICA|1205|20200221|820.77|0.0|0.0|820.77|0.0|0.0|0.0|0.0|0.0|820.77|0.0
3110004|303|02|382323|2020|12|10 - SAÚDE|302 - ASSISTÊNCIA HOSPITALAR E AMBULATORIAL|0080 - SAÚDE MENTAL|2104 - MANUTENÇÃO DO SETOR DE SAÚDE MENTAL||3.1.90.13.01 - 3.1.90.13.01|102 - RECEITAS DE IMPOSTOS E DE TRANSFERÊNCIAS DE IMPOSTOS VINCULADOS À SAÚDE|NÃO SE APLICA|6324|20201228|3674.47|0.0|0.0|3674.47|0.0|3674.47|0.0|0.0|0.0|0.0|0.0
3110004|303|02|382334|2020|6|10 - SAÚDE|122 - ADMINISTRAÇÃO GERAL|0047 - MANUTENÇÃO DO SERVIÇO DE TRANSPORTE DE PACIENTES|2110 - MANUTENÇÃO DO SETOR DE TRANSPORTE||3.3.90.14.05 - 3.3.90.14.05|102 - RECEITAS DE IMPOSTOS E DE TRANSFERÊNCIAS DE IMPOSTOS VINCULADOS À SAÚDE|NÃO SE APLICA|2885|20200623|1180.0|0.0|0.0|1180.0|0.0|1180.0|0.0|0.0|0.0|0.0|0.0
3110004|303|02|382323|2020|1|10 - SAÚDE|122 - ADMINISTRAÇÃO GERAL|0042 - SERVIÇO DE REGULAÇÃO EM SAÚDE|2094 - MANUTENÇÃO DA REGULAÇÃO EM SAÚDE||3.1.90.13.01 - 3.1.90.13.01|102 - RECEITAS DE IMPOSTOS E DE TRANSFERÊNCIAS DE IMPOSTOS VINCULADOS À SAÚDE|NÃO SE APLICA|534|20200130|1080.35|0.0|0.0|1080.35|0.0|0.0|0.0|0.0|0.0|1080.35|0.0
3110004|303|02|382334|2020|3|10 - SAÚDE|122 - ADMINISTRAÇÃO GERAL|0047 - MANUTENÇÃO DO SERVIÇO DE TRANSPORTE DE PACIENTES|2110 - MANUTENÇÃO DO SETOR DE TRANSPORTE||3.1.90.13.03 - 3.1.90.13.03|102 - RECEITAS DE IMPOSTOS E DE TRANSFERÊNCIAS DE IMPOSTOS VINCULADOS À SAÚDE|NÃO SE APLICA|1172|20200221|0.0|0.0|0.0|0.0|0.0|14343.49|0.0|0.0|0.0|-14343.49|0.0
3110004|303|02|382323|2020|11|10 - SAÚDE|302 - ASSISTÊNCIA HOSPITALAR E AMBULATORIAL|0039 - GESTÃO DA FISIOTERAPIA|2086 - MANUTENÇÃO DO SETOR DA FISIOTERAPIA||3.1.90.13.01 - 3.1.90.13.01|102 - RECEITAS DE IMPOSTOS E DE TRANSFERÊNCIAS DE IMPOSTOS VINCULADOS À SAÚDE|NÃO SE APLICA|5605|20201127|966.8|0.0|0.0|966.8|0.0|0.0|0.0|0.0|0.0|966.8|0.0
3110004|303|02|382323|2020|12|10 - SAÚDE|122 - ADMINISTRAÇÃO GERAL|0032 - ASSISTÊNCIA FARMACÊUTCA|2069 - MANUTENÇÃO DA FARMÁCIA BÁSICA||3.1.90.11.11 - 3.1.90.11.11|102 - RECEITAS DE IMPOSTOS E DE TRANSFERÊNCIAS DE IMPOSTOS VINCULADOS À SAÚDE|NÃO SE APLICA|5859|20201214|9041.58|0.0|0.0|9041.58|0.0|9041.58|0.0|0.0|0.0|0.0|0.0
3110004|303|02|382334|2020|6|10 - SAÚDE|122 - ADMINISTRAÇÃO GERAL|0047 - MANUTENÇÃO DO SERVIÇO DE TRANSPORTE DE PACIENTES|2110 - MANUTENÇÃO DO SETOR DE TRANSPORTE||3.3.90.14.05 - 3.3.90.14.05|102 - RECEITAS DE IMPOSTOS E DE TRANSFERÊNCIAS DE IMPOSTOS VINCULADOS À SAÚDE|NÃO SE APLICA|2930|20200624|1416.0|0.0|0.0|1416.0|0.0|0.0|0.0|0.0|0.0|1416.0|0.0
3110004|303|02|382323|2020|1|10 - SAÚDE|302 - ASSISTÊNCIA HOSPITALAR E AMBULATORIAL|0039 - GESTÃO DA FISIOTERAPIA|2086 - MANUTENÇÃO DO SETOR DA FISIOTERAPIA||3.1.90.11.11 - 3.1.90.11.11|102 - RECEITAS DE IMPOSTOS E DE TRANSFERÊNCIAS DE IMPOSTOS VINCULADOS À SAÚDE|NÃO SE APLICA|438|20200130|5255.06|0.0|0.0|5255.06|0.0|5255.06|0.0|0.0|0.0|0.0|0.0
3110004|303|02|382334|2020|10|10 - SAÚDE|122 - ADMINISTRAÇÃO GERAL|0040 - GESTÃO DA SECRETARIA DE SAÚDE|2089 - MANUTENÇÃO DA SECRETARIA DE SAÚDE||3.3.90.39.43 - 3.3.90.39.43|102 - RECEITAS DE IMPOSTOS E DE TRANSFERÊNCIAS DE IMPOSTOS VINCULADOS À SAÚDE|NÃO SE APLICA|193|20200115|0.0|0.0|0.0|3879.43|0.0|3879.43|0.0|0.0|0.0|0.0|-3879.43
3110004|303|02|382323|2020|6|10 - SAÚDE|122 - ADMINISTRAÇÃO GERAL|0042 - SERVIÇO DE REGULAÇÃO EM SAÚDE|2094 - MANUTENÇÃO DA REGULAÇÃO EM SAÚDE||3.1.90.13.03 - 3.1.90.13.03|102 - RECEITAS DE IMPOSTOS E DE TRANSFERÊNCIAS DE IMPOSTOS VINCULADOS À SAÚDE|NÃO SE APLICA|3163|20200630|3096.42|0.0|0.0|3096.42|0.0|0.0|0.0|0.0|0.0|3096.42|0.0
3110004|303|02|382323|2020|5|10 - SAÚDE|302 - ASSISTÊNCIA HOSPITALAR E AMBULATORIAL|0043 - SAÚDE BUCAL|2099 - MANUTENÇÃO DO SETOR DE SAÚDE BUCAL||3.1.90.11.11 - 3.1.90.11.11|102 - RECEITAS DE IMPOSTOS E DE TRANSFERÊNCIAS DE IMPOSTOS VINCULADOS À SAÚDE|NÃO SE APLICA|2548|20200529|11482.32|0.0|0.0|11482.32|0.0|11482.32|0.0|0.0|0.0|0.0|0.0
3110004|303|02|382323|2020|5|10 - SAÚDE|302 - ASSISTÊNCIA HOSPITALAR E AMBULATORIAL|0080 - SAÚDE MENTAL|2104 - MANUTENÇÃO DO SETOR DE SAÚDE MENTAL||3.1.90.11.05 - 3.1.90.11.05|102 - RECEITAS DE IMPOSTOS E DE TRANSFERÊNCIAS DE IMPOSTOS VINCULADOS À SAÚDE|NÃO SE APLICA|2552|20200529|2936.98|0.0|0.0|2936.98|0.0|2936.98|0.0|0.0|0.0|0.0|0.0
3110004|303|02|382334|2020|12|10 - SAÚDE|302 - ASSISTÊNCIA HOSPITALAR E AMBULATORIAL|0312 - EMENDAS IMPOSITIVAS|1242 - EXECUÇÃO DAS EMENDAS IMPOSITIVAS||4.4.90.52.04 - 4.4.90.52.04|102 - RECEITAS DE IMPOSTOS E DE TRANSFERÊNCIAS DE IMPOSTOS VINCULADOS À SAÚDE|NÃO SE APLICA|6064|20201218|1775.2|0.0|0.0|0.0|0.0|0.0|0.0|0.0|0.0|0.0|1775.2
3110004|303|02|382323|2020|9|10 - SAÚDE|302 - ASSISTÊNCIA HOSPITALAR E AMBULATORIAL|0043 - SAÚDE BUCAL|2099 - MANUTENÇÃO DO SETOR DE SAÚDE BUCAL||3.1.90.13.01 - 3.1.90.13.01|102 - RECEITAS DE IMPOSTOS E DE TRANSFERÊNCIAS DE IMPOSTOS VINCULADOS À SAÚDE|NÃO SE APLICA|4166|20200828|0.0|0.0|0.0|0.0|0.0|1253.25|0.0|0.0|0.0|-1253.25|0.0
3110004|303|02|382323|2020|3|10 - SAÚDE|302 - ASSISTÊNCIA HOSPITALAR E AMBULATORIAL|0080 - SAÚDE MENTAL|2104 - MANUTENÇÃO DO SETOR DE SAÚDE MENTAL||3.1.90.11.05 - 3.1.90.11.05|102 - RECEITAS DE IMPOSTOS E DE TRANSFERÊNCIAS DE IMPOSTOS VINCULADOS À SAÚDE|NÃO SE APLICA|1594|20200327|3607.49|0.0|0.0|3607.49|0.0|3607.49|0.0|0.0|0.0|0.0|0.0
3110004|303|02|382334|2020|9|10 - SAÚDE|122 - ADMINISTRAÇÃO GERAL|0047 - MANUTENÇÃO DO SERVIÇO DE TRANSPORTE DE PACIENTES|2110 - MANUTENÇÃO DO SETOR DE TRANSPORTE||3.3.90.39.53 - 3.3.90.39.53|102 - RECEITAS DE IMPOSTOS E DE TRANSFERÊNCIAS DE IMPOSTOS VINCULADOS À SAÚDE|NÃO SE APLICA|4274|20200904|33062.5|0.0|0.0|6612.5|0.0|6612.5|0.0|0.0|0.0|0.0|26450.0
3110004|303|02|382334|2020|6|10 - SAÚDE|122 - ADMINISTRAÇÃO GERAL|0047 - MANUTENÇÃO DO SERVIÇO DE TRANSPORTE DE PACIENTES|2110 - MANUTENÇÃO DO SETOR DE TRANSPORTE||3.3.90.14.05 - 3.3.90.14.05|102 - RECEITAS DE IMPOSTOS E DE TRANSFERÊNCIAS DE IMPOSTOS VINCULADOS À SAÚDE|NÃO SE APLICA|2931|20200624|944.0|0.0|0.0|944.0|0.0|0.0|0.0|0.0|0.0|944.0|0.0
3110004|303|02|382334|2020|3|10 - SAÚDE|122 - ADMINISTRAÇÃO GERAL|0047 - MANUTENÇÃO DO SERVIÇO DE TRANSPORTE DE PACIENTES|2110 - MANUTENÇÃO DO SETOR DE TRANSPORTE||3.3.90.14.05 - 3.3.90.14.05|102 - RECEITAS DE IMPOSTOS E DE TRANSFERÊNCIAS DE IMPOSTOS VINCULADOS À SAÚDE|NÃO SE APLICA|1386|20200313|1368.8|0.0|0.0|1368.8|0.0|1368.8|0.0|0.0|0.0|0.0|0.0
3110004|303|02|382323|2020|7|10 - SAÚDE|302 - ASSISTÊNCIA HOSPITALAR E AMBULATORIAL|0048 - URGÊNCIA E EMERGÊNCIA|2403 - MANUTENÇÃO DO SAMU||3.1.90.16.00 - 3.1.90.16.00|102 - RECEITAS DE IMPOSTOS E DE TRANSFERÊNCIAS DE IMPOSTOS VINCULADOS À SAÚDE|NÃO SE APLICA|3572|20200731|5066.95|0.0|0.0|5066.95|0.0|5066.95|0.0|0.0|0.0|0.0|0.0
3110004|303|02|382334|2020|11|10 - SAÚDE|122 - ADMINISTRAÇÃO GERAL|0047 - MANUTENÇÃO DO SERVIÇO DE TRANSPORTE DE PACIENTES|2110 - MANUTENÇÃO DO SETOR DE TRANSPORTE||3.3.90.14.05 - 3.3.90.14.05|102 - RECEITAS DE IMPOSTOS E DE TRANSFERÊNCIAS DE IMPOSTOS VINCULADOS À SAÚDE|NÃO SE APLICA|5644|20201127|330.4|0.0|0.0|330.4|0.0|0.0|0.0|0.0|0.0|330.4|0.0
3110004|303|02|382323|2020|7|10 - SAÚDE|302 - ASSISTÊNCIA HOSPITALAR E AMBULATORIAL|0043 - SAÚDE BUCAL|2099 - MANUTENÇÃO DO SETOR DE SAÚDE BUCAL||3.1.90.13.03 - 3.1.90.13.03|102 - RECEITAS DE IMPOSTOS E DE TRANSFERÊNCIAS DE IMPOSTOS VINCULADOS À SAÚDE|NÃO SE APLICA|3172|20200630|0.0|0.0|0.0|0.0|0.0|4367.07|0.0|0.0|0.0|-4367.07|0.0
3110004|303|02|382323|2020|5|10 - SAÚDE|301 - ATENÇÃO BÁSICA|0029 - ATENÇÃO BÁSICA|2063 - MANUTENÇÃO DA ATENÇÃO BÁSICA||3.1.90.13.01 - 3.1.90.13.01|102 - RECEITAS DE IMPOSTOS E DE TRANSFERÊNCIAS DE IMPOSTOS VINCULADOS À SAÚDE|NÃO SE APLICA|2651|20200529|126.38|0.0|0.0|126.38|0.0|0.0|0.0|0.0|0.0|126.38|0.0
3110004|303|02|382334|2020|10|10 - SAÚDE|122 - ADMINISTRAÇÃO GERAL|0047 - MANUTENÇÃO DO SERVIÇO DE TRANSPORTE DE PACIENTES|2110 - MANUTENÇÃO DO SETOR DE TRANSPORTE||3.1.90.13.03 - 3.1.90.13.03|102 - RECEITAS DE IMPOSTOS E DE TRANSFERÊNCIAS DE IMPOSTOS VINCULADOS À SAÚDE|NÃO SE APLICA|4683|20200930|0.0|0.0|0.0|0.0|0.0|16968.14|0.0|0.0|0.0|-16968.14|0.0
3110004|303|02|382334|2020|6|10 - SAÚDE|122 - ADMINISTRAÇÃO GERAL|0047 - MANUTENÇÃO DO SERVIÇO DE TRANSPORTE DE PACIENTES|2110 - MANUTENÇÃO DO SETOR DE TRANSPORTE||3.3.90.14.05 - 3.3.90.14.05|102 - RECEITAS DE IMPOSTOS E DE TRANSFERÊNCIAS DE IMPOSTOS VINCULADOS À SAÚDE|NÃO SE APLICA|2933|20200624|23.6|0.0|0.0|23.6|0.0|23.6|0.0|0.0|0.0|0.0|0.0
3110004|303|02|382334|2020|10|10 - SAÚDE|122 - ADMINISTRAÇÃO GERAL|0047 - MANUTENÇÃO DO SERVIÇO DE TRANSPORTE DE PACIENTES|2110 - MANUTENÇÃO DO SETOR DE TRANSPORTE||3.3.90.14.05 - 3.3.90.14.05|102 - RECEITAS DE IMPOSTOS E DE TRANSFERÊNCIAS DE IMPOSTOS VINCULADOS À SAÚDE|NÃO SE APLICA|4899|20201023|401.2|0.0|0.0|401.2|0.0|401.2|0.0|0.0|0.0|0.0|0.0
3110004|303|02|382334|2020|10|10 - SAÚDE|122 - ADMINISTRAÇÃO GERAL|0040 - GESTÃO DA SECRETARIA DE SAÚDE|2089 - MANUTENÇÃO DA SECRETARIA DE SAÚDE||3.1.90.11.05 - 3.1.90.11.05|102 - RECEITAS DE IMPOSTOS E DE TRANSFERÊNCIAS DE IMPOSTOS VINCULADOS À SAÚDE|NÃO SE APLICA|5039|20201029|8850.07|0.0|0.0|8850.07|0.0|8850.07|0.0|0.0|0.0|0.0|0.0
3110004|303|02|382323|2020|3|10 - SAÚDE|302 - ASSISTÊNCIA HOSPITALAR E AMBULATORIAL|0048 - URGÊNCIA E EMERGÊNCIA|2403 - MANUTENÇÃO DO SAMU||3.1.90.13.03 - 3.1.90.13.03|102 - RECEITAS DE IMPOSTOS E DE TRANSFERÊNCIAS DE IMPOSTOS VINCULADOS À SAÚDE|NÃO SE APLICA|1210|20200221|0.0|0.0|0.0|0.0|0.0|5696.02|0.0|0.0|0.0|-5696.02|0.0
3110004|303|02|382334|2020|11|10 - SAÚDE|122 - ADMINISTRAÇÃO GERAL|0047 - MANUTENÇÃO DO SERVIÇO DE TRANSPORTE DE PACIENTES|2110 - MANUTENÇÃO DO SETOR DE TRANSPORTE||3.3.90.14.05 - 3.3.90.14.05|102 - RECEITAS DE IMPOSTOS E DE TRANSFERÊNCIAS DE IMPOSTOS VINCULADOS À SAÚDE|NÃO SE APLICA|5629|20201127|944.0|0.0|0.0|944.0|0.0|0.0|0.0|0.0|0.0|944.0|0.0
3110004|303|02|382334|2020|1|10 - SAÚDE|302 - ASSISTÊNCIA HOSPITALAR E AMBULATORIAL|0312 - EMENDAS IMPOSITIVAS|1242 - EXECUÇÃO DAS EMENDAS IMPOSITIVAS||4.4.90.52.04 - 4.4.90.52.04|102 - RECEITAS DE IMPOSTOS E DE TRANSFERÊNCIAS DE IMPOSTOS VINCULADOS À SAÚDE|NÃO SE APLICA|74|20200108|157.5|0.0|0.0|157.5|0.0|0.0|0.0|0.0|0.0|157.5|0.0
3110004|303|02|382323|2020|3|10 - SAÚDE|302 - ASSISTÊNCIA HOSPITALAR E AMBULATORIAL|0028 - CENTRO DE ESPECIALIDADES EM SAÚDE|2059 - MANUTENÇÃO DO CENTRO ESPECIALIDADES EM SAÚDE||3.3.90.39.36 - 3.3.90.39.36|102 - RECEITAS DE IMPOSTOS E DE TRANSFERÊNCIAS DE IMPOSTOS VINCULADOS À SAÚDE|NÃO SE APLICA|1440|20200318|65010.0|0.0|0.0|0.0|0.0|0.0|0.0|0.0|0.0|0.0|65010.0
3110004|303|02|382323|2020|12|10 - SAÚDE|122 - ADMINISTRAÇÃO GERAL|0032 - ASSISTÊNCIA FARMACÊUTCA|2069 - MANUTENÇÃO DA FARMÁCIA BÁSICA||3.1.90.13.03 - 3.1.90.13.03|102 - RECEITAS DE IMPOSTOS E DE TRANSFERÊNCIAS DE IMPOSTOS VINCULADOS À SAÚDE|NÃO SE APLICA|6313|20201228|2128.83|0.0|0.0|2128.83|0.0|2128.83|0.0|0.0|0.0|0.0|0.0
3110004|303|02|382334|2020|1|10 - SAÚDE|122 - ADMINISTRAÇÃO GERAL|0040 - GESTÃO DA SECRETARIA DE SAÚDE|2089 - MANUTENÇÃO DA SECRETARIA DE SAÚDE||3.3.90.40.02 - 3.3.90.40.02|102 - RECEITAS DE IMPOSTOS E DE TRANSFERÊNCIAS DE IMPOSTOS VINCULADOS À SAÚDE|NÃO SE APLICA|574|20200130|2250.0|0.0|0.0|0.0|0.0|0.0|0.0|0.0|0.0|0.0|2250.0
3110004|303|02|382334|2020|11|10 - SAÚDE|122 - ADMINISTRAÇÃO GERAL|0047 - MANUTENÇÃO DO SERVIÇO DE TRANSPORTE DE PACIENTES|2110 - MANUTENÇÃO DO SETOR DE TRANSPORTE||3.3.90.14.05 - 3.3.90.14.05|102 - RECEITAS DE IMPOSTOS E DE TRANSFERÊNCIAS DE IMPOSTOS VINCULADOS À SAÚDE|NÃO SE APLICA|5626|20201127|944.0|0.0|0.0|944.0|0.0|0.0|0.0|0.0|0.0|944.0|0.0
3110004|303|02|382334|2020|6|10 - SAÚDE|122 - ADMINISTRAÇÃO GERAL|0047 - MANUTENÇÃO DO SERVIÇO DE TRANSPORTE DE PACIENTES|2110 - MANUTENÇÃO DO SETOR DE TRANSPORTE||3.3.90.14.05 - 3.3.90.14.05|102 - RECEITAS DE IMPOSTOS E DE TRANSFERÊNCIAS DE IMPOSTOS VINCULADOS À SAÚDE|NÃO SE APLICA|2881|20200623|944.0|0.0|0.0|944.0|0.0|944.0|0.0|0.0|0.0|0.0|0.0
3110004|303|02|382323|2020|8|10 - SAÚDE|302 - ASSISTÊNCIA HOSPITALAR E AMBULATORIAL|0048 - URGÊNCIA E EMERGÊNCIA|2403 - MANUTENÇÃO DO SAMU||3.1.90.13.03 - 3.1.90.13.03|102 - RECEITAS DE IMPOSTOS E DE TRANSFERÊNCIAS DE IMPOSTOS VINCULADOS À SAÚDE|NÃO SE APLICA|4169|20200828|5561.12|0.0|0.0|5561.12|0.0|0.0|0.0|0.0|0.0|5561.12|0.0
3110004|303|02|382323|2020|1|10 - SAÚDE|302 - ASSISTÊNCIA HOSPITALAR E AMBULATORIAL|0028 - CENTRO DE ESPECIALIDADES EM SAÚDE|2059 - MANUTENÇÃO DO CENTRO ESPECIALIDADES EM SAÚDE||3.3.90.39.36 - 3.3.90.39.36|102 - RECEITAS DE IMPOSTOS E DE TRANSFERÊNCIAS DE IMPOSTOS VINCULADOS À SAÚDE|NÃO SE APLICA|293|20200124|22000.0|0.0|0.0|0.0|0.0|0.0|0.0|0.0|0.0|0.0|22000.0
3110004|303|02|382334|2020|12|10 - SAÚDE|122 - ADMINISTRAÇÃO GERAL|0047 - MANUTENÇÃO DO SERVIÇO DE TRANSPORTE DE PACIENTES|2110 - MANUTENÇÃO DO SETOR DE TRANSPORTE||3.1.90.13.01 - 3.1.90.13.01|102 - RECEITAS DE IMPOSTOS E DE TRANSFERÊNCIAS DE IMPOSTOS VINCULADOS À SAÚDE|NÃO SE APLICA|6289|20201228|6553.08|0.0|0.0|6553.08|0.0|6553.08|0.0|0.0|0.0|0.0|0.0
3110004|303|02|382323|2020|2|10 - SAÚDE|302 - ASSISTÊNCIA HOSPITALAR E AMBULATORIAL|0080 - SAÚDE MENTAL|2104 - MANUTENÇÃO DO SETOR DE SAÚDE MENTAL||3.1.90.11.11 - 3.1.90.11.11|102 - RECEITAS DE IMPOSTOS E DE TRANSFERÊNCIAS DE IMPOSTOS VINCULADOS À SAÚDE|NÃO SE APLICA|1108|20200221|20840.59|0.0|0.0|20840.59|0.0|20840.59|0.0|0.0|0.0|0.0|0.0
3110004|303|02|382334|2020|4|10 - SAÚDE|122 - ADMINISTRAÇÃO GERAL|0040 - GESTÃO DA SECRETARIA DE SAÚDE|2089 - MANUTENÇÃO DA SECRETARIA DE SAÚDE||3.3.90.39.29 - 3.3.90.39.29|102 - RECEITAS DE IMPOSTOS E DE TRANSFERÊNCIAS DE IMPOSTOS VINCULADOS À SAÚDE|NÃO SE APLICA|11|20200102|0.0|0.0|0.0|1517.37|0.0|1517.37|0.0|0.0|0.0|0.0|-1517.37
3110004|303|02|382323|2020|3|10 - SAÚDE|122 - ADMINISTRAÇÃO GERAL|0032 - ASSISTÊNCIA FARMACÊUTCA|2069 - MANUTENÇÃO DA FARMÁCIA BÁSICA||3.1.90.13.03 - 3.1.90.13.03|102 - RECEITAS DE IMPOSTOS E DE TRANSFERÊNCIAS DE IMPOSTOS VINCULADOS À SAÚDE|NÃO SE APLICA|1683|20200327|2039.95|0.0|0.0|2039.95|0.0|0.0|0.0|0.0|0.0|2039.95|0.0
3110004|303|02|382323|2020|5|10 - SAÚDE|122 - ADMINISTRAÇÃO GERAL|0032 - ASSISTÊNCIA FARMACÊUTCA|2069 - MANUTENÇÃO DA FARMÁCIA BÁSICA||3.3.90.30.09 - 3.3.90.30.09|102 - RECEITAS DE IMPOSTOS E DE TRANSFERÊNCIAS DE IMPOSTOS VINCULADOS À SAÚDE|NÃO SE APLICA|2219|20200506|1075.24|0.0|0.0|0.0|0.0|0.0|0.0|0.0|0.0|0.0|1075.24
3110004|303|02|382323|2020|8|10 - SAÚDE|122 - ADMINISTRAÇÃO GERAL|0042 - SERVIÇO DE REGULAÇÃO EM SAÚDE|2094 - MANUTENÇÃO DA REGULAÇÃO EM SAÚDE||3.1.90.13.03 - 3.1.90.13.03|102 - RECEITAS DE IMPOSTOS E DE TRANSFERÊNCIAS DE IMPOSTOS VINCULADOS À SAÚDE|NÃO SE APLICA|3675|20200731|0.0|0.0|0.0|0.0|0.0|3086.15|0.0|0.0|0.0|-3086.15|0.0
3110004|303|02|382334|2020|1|10 - SAÚDE|122 - ADMINISTRAÇÃO GERAL|0040 - GESTÃO DA SECRETARIA DE SAÚDE|2089 - MANUTENÇÃO DA SECRETARIA DE SAÚDE||3.3.90.39.29 - 3.3.90.39.29|102 - RECEITAS DE IMPOSTOS E DE TRANSFERÊNCIAS DE IMPOSTOS VINCULADOS À SAÚDE|NÃO SE APLICA|11|20200102|20000.0|0.0|0.0|1079.37|0.0|1079.37|0.0|0.0|0.0|0.0|18920.63
3110004|303|02|382334|2020|7|10 - SAÚDE|122 - ADMINISTRAÇÃO GERAL|0047 - MANUTENÇÃO DO SERVIÇO DE TRANSPORTE DE PACIENTES|2110 - MANUTENÇÃO DO SETOR DE TRANSPORTE||3.3.90.39.46 - 3.3.90.39.46|102 - RECEITAS DE IMPOSTOS E DE TRANSFERÊNCIAS DE IMPOSTOS VINCULADOS À SAÚDE|NÃO SE APLICA|898|20200218|0.0|0.0|0.0|30000.0|0.0|30000.0|0.0|0.0|0.0|0.0|-30000.0
3110004|303|02|382334|2020|8|10 - SAÚDE|122 - ADMINISTRAÇÃO GERAL|0040 - GESTÃO DA SECRETARIA DE SAÚDE|2089 - MANUTENÇÃO DA SECRETARIA DE SAÚDE||3.1.90.16.00 - 3.1.90.16.00|102 - RECEITAS DE IMPOSTOS E DE TRANSFERÊNCIAS DE IMPOSTOS VINCULADOS À SAÚDE|NÃO SE APLICA|4017|20200828|380.59|0.0|0.0|380.59|0.0|380.59|0.0|0.0|0.0|0.0|0.0
3110004|303|02|382334|2020|12|10 - SAÚDE|122 - ADMINISTRAÇÃO GERAL|0040 - GESTÃO DA SECRETARIA DE SAÚDE|2089 - MANUTENÇÃO DA SECRETARIA DE SAÚDE||4.4.90.52.04 - 4.4.90.52.04|102 - RECEITAS DE IMPOSTOS E DE TRANSFERÊNCIAS DE IMPOSTOS VINCULADOS À SAÚDE|NÃO SE APLICA|5995|20201216|5440.0|0.0|0.0|0.0|0.0|0.0|0.0|0.0|0.0|0.0|5440.0
3110004|303|02|382323|2020|10|10 - SAÚDE|122 - ADMINISTRAÇÃO GERAL|0042 - SERVIÇO DE REGULAÇÃO EM SAÚDE|2094 - MANUTENÇÃO DA REGULAÇÃO EM SAÚDE||3.1.90.13.01 - 3.1.90.13.01|102 - RECEITAS DE IMPOSTOS E DE TRANSFERÊNCIAS DE IMPOSTOS VINCULADOS À SAÚDE|NÃO SE APLICA|5184|20201029|1089.62|0.0|0.0|1089.62|0.0|0.0|0.0|0.0|0.0|1089.62|0.0
3110004|303|02|382323|2020|4|10 - SAÚDE|302 - ASSISTÊNCIA HOSPITALAR E AMBULATORIAL|0080 - SAÚDE MENTAL|2104 - MANUTENÇÃO DO SETOR DE SAÚDE MENTAL||3.1.90.13.01 - 3.1.90.13.01|102 - RECEITAS DE IMPOSTOS E DE TRANSFERÊNCIAS DE IMPOSTOS VINCULADOS À SAÚDE|NÃO SE APLICA|2169|20200429|2435.54|0.0|0.0|2435.54|0.0|0.0|0.0|0.0|0.0|2435.54|0.0
3110004|303|02|382334|2020|7|10 - SAÚDE|122 - ADMINISTRAÇÃO GERAL|0047 - MANUTENÇÃO DO SERVIÇO DE TRANSPORTE DE PACIENTES|2110 - MANUTENÇÃO DO SETOR DE TRANSPORTE||3.3.90.39.99 - 3.3.90.39.99|102 - RECEITAS DE IMPOSTOS E DE TRANSFERÊNCIAS DE IMPOSTOS VINCULADOS À SAÚDE|NÃO SE APLICA|3190|20200630|0.0|0.0|0.0|31635.69|0.0|31635.69|0.0|0.0|0.0|0.0|-31635.69
3110004|303|02|382334|2020|10|10 - SAÚDE|122 - ADMINISTRAÇÃO GERAL|0040 - GESTÃO DA SECRETARIA DE SAÚDE|2089 - MANUTENÇÃO DA SECRETARIA DE SAÚDE||3.1.90.13.03 - 3.1.90.13.03|102 - RECEITAS DE IMPOSTOS E DE TRANSFERÊNCIAS DE IMPOSTOS VINCULADOS À SAÚDE|NÃO SE APLICA|4681|20200930|0.0|0.0|0.0|0.0|0.0|6274.18|0.0|0.0|0.0|-6274.18|0.0
3110004|303|02|382323|2020|5|10 - SAÚDE|122 - ADMINISTRAÇÃO GERAL|0032 - ASSISTÊNCIA FARMACÊUTCA|2069 - MANUTENÇÃO DA FARMÁCIA BÁSICA||3.3.90.30.09 - 3.3.90.30.09|102 - RECEITAS DE IMPOSTOS E DE TRANSFERÊNCIAS DE IMPOSTOS VINCULADOS À SAÚDE|NÃO SE APLICA|829|20200213|0.0|0.0|0.0|5230.2|0.0|12706.8|0.0|0.0|0.0|-7476.6|-5230.2
3110004|303|02|382334|2020|8|10 - SAÚDE|122 - ADMINISTRAÇÃO GERAL|0047 - MANUTENÇÃO DO SERVIÇO DE TRANSPORTE DE PACIENTES|2110 - MANUTENÇÃO DO SETOR DE TRANSPORTE||3.3.90.14.05 - 3.3.90.14.05|102 - RECEITAS DE IMPOSTOS E DE TRANSFERÊNCIAS DE IMPOSTOS VINCULADOS À SAÚDE|NÃO SE APLICA|3907|20200821|1180.0|0.0|0.0|1180.0|0.0|1180.0|0.0|0.0|0.0|0.0|0.0
3110004|303|02|382334|2020|3|10 - SAÚDE|122 - ADMINISTRAÇÃO GERAL|0047 - MANUTENÇÃO DO SERVIÇO DE TRANSPORTE DE PACIENTES|2110 - MANUTENÇÃO DO SETOR DE TRANSPORTE||3.3.90.39.99 - 3.3.90.39.99|102 - RECEITAS DE IMPOSTOS E DE TRANSFERÊNCIAS DE IMPOSTOS VINCULADOS À SAÚDE|NÃO SE APLICA|272|20200124|0.0|0.0|0.0|41319.22|0.0|44347.53|0.0|0.0|0.0|-3028.31|-41319.22
3110004|303|02|382334|2020|5|10 - SAÚDE|122 - ADMINISTRAÇÃO GERAL|0040 - GESTÃO DA SECRETARIA DE SAÚDE|2089 - MANUTENÇÃO DA SECRETARIA DE SAÚDE||3.1.90.16.00 - 3.1.90.16.00|102 - RECEITAS DE IMPOSTOS E DE TRANSFERÊNCIAS DE IMPOSTOS VINCULADOS À SAÚDE|NÃO SE APLICA|2510|20200529|738.93|0.0|0.0|738.93|0.0|738.93|0.0|0.0|0.0|0.0|0.0
3110004|303|02|382323|2020|3|10 - SAÚDE|302 - ASSISTÊNCIA HOSPITALAR E AMBULATORIAL|0048 - URGÊNCIA E EMERGÊNCIA|2112 - MANUTENÇÃO DA URGÊNCIA E EMERGÊNCIA||3.3.50.43.00 - 3.3.50.43.00|102 - RECEITAS DE IMPOSTOS E DE TRANSFERÊNCIAS DE IMPOSTOS VINCULADOS À SAÚDE|NÃO SE APLICA|949|20200221|0.0|0.0|0.0|356184.23|0.0|356184.23|0.0|0.0|0.0|0.0|-356184.23
3110004|303|02|382323|2020|9|10 - SAÚDE|301 - ATENÇÃO BÁSICA|0029 - ATENÇÃO BÁSICA|2063 - MANUTENÇÃO DA ATENÇÃO BÁSICA||3.1.90.13.03 - 3.1.90.13.03|102 - RECEITAS DE IMPOSTOS E DE TRANSFERÊNCIAS DE IMPOSTOS VINCULADOS À SAÚDE|NÃO SE APLICA|4707|20200930|31735.74|0.0|0.0|31735.74|0.0|1724.86|0.0|0.0|0.0|30010.88|0.0
3110004|303|02|382323|2020|1|10 - SAÚDE|302 - ASSISTÊNCIA HOSPITALAR E AMBULATORIAL|0043 - SAÚDE BUCAL|2099 - MANUTENÇÃO DO SETOR DE SAÚDE BUCAL||3.1.90.04.99 - 3.1.90.04.99|102 - RECEITAS DE IMPOSTOS E DE TRANSFERÊNCIAS DE IMPOSTOS VINCULADOS À SAÚDE|NÃO SE APLICA|439|20200130|15632.34|0.0|0.0|15632.34|0.0|15632.34|0.0|0.0|0.0|0.0|0.0
3110004|303|02|382334|2020|12|10 - SAÚDE|122 - ADMINISTRAÇÃO GERAL|0047 - MANUTENÇÃO DO SERVIÇO DE TRANSPORTE DE PACIENTES|2110 - MANUTENÇÃO DO SETOR DE TRANSPORTE||3.1.90.13.03 - 3.1.90.13.03|102 - RECEITAS DE IMPOSTOS E DE TRANSFERÊNCIAS DE IMPOSTOS VINCULADOS À SAÚDE|NÃO SE APLICA|6290|20201228|15035.83|0.0|0.0|15035.83|0.0|15035.83|0.0|0.0|0.0|0.0|0.0
3110004|303|02|382334|2020|8|10 - SAÚDE|122 - ADMINISTRAÇÃO GERAL|0040 - GESTÃO DA SECRETARIA DE SAÚDE|2089 - MANUTENÇÃO DA SECRETARIA DE SAÚDE||3.1.90.13.01 - 3.1.90.13.01|102 - RECEITAS DE IMPOSTOS E DE TRANSFERÊNCIAS DE IMPOSTOS VINCULADOS À SAÚDE|NÃO SE APLICA|3652|20200731|0.0|0.0|0.0|0.0|0.0|1918.81|0.0|0.0|0.0|-1918.81|0.0
3110004|303|02|382334|2020|9|10 - SAÚDE|122 - ADMINISTRAÇÃO GERAL|0040 - GESTÃO DA SECRETARIA DE SAÚDE|2089 - MANUTENÇÃO DA SECRETARIA DE SAÚDE||3.1.90.13.01 - 3.1.90.13.01|102 - RECEITAS DE IMPOSTOS E DE TRANSFERÊNCIAS DE IMPOSTOS VINCULADOS À SAÚDE|NÃO SE APLICA|4132|20200828|0.0|0.0|0.0|0.0|0.0|1653.51|0.0|0.0|0.0|-1653.51|0.0
3110004|303|02|382323|2020|2|10 - SAÚDE|302 - ASSISTÊNCIA HOSPITALAR E AMBULATORIAL|0028 - CENTRO DE ESPECIALIDADES EM SAÚDE|2059 - MANUTENÇÃO DO CENTRO ESPECIALIDADES EM SAÚDE||3.1.90.13.01 - 3.1.90.13.01|102 - RECEITAS DE IMPOSTOS E DE TRANSFERÊNCIAS DE IMPOSTOS VINCULADOS À SAÚDE|NÃO SE APLICA|539|20200130|0.0|0.0|0.0|0.0|0.0|4149.31|0.0|0.0|0.0|-4149.31|0.0
3110004|303|02|382334|2020|7|10 - SAÚDE|122 - ADMINISTRAÇÃO GERAL|0047 - MANUTENÇÃO DO SERVIÇO DE TRANSPORTE DE PACIENTES|2110 - MANUTENÇÃO DO SETOR DE TRANSPORTE||3.1.90.13.03 - 3.1.90.13.03|102 - RECEITAS DE IMPOSTOS E DE TRANSFERÊNCIAS DE IMPOSTOS VINCULADOS À SAÚDE|NÃO SE APLICA|3655|20200731|16042.71|0.0|0.0|16042.71|0.0|0.0|0.0|0.0|0.0|16042.71|0.0
3110004|303|02|382323|2020|4|10 - SAÚDE|122 - ADMINISTRAÇÃO GERAL|0042 - SERVIÇO DE REGULAÇÃO EM SAÚDE|2094 - MANUTENÇÃO DA REGULAÇÃO EM SAÚDE||3.1.90.13.01 - 3.1.90.13.01|102 - RECEITAS DE IMPOSTOS E DE TRANSFERÊNCIAS DE IMPOSTOS VINCULADOS À SAÚDE|NÃO SE APLICA|2156|20200429|1177.99|0.0|0.0|1177.99|0.0|0.0|0.0|0.0|0.0|1177.99|0.0
3110004|303|02|382323|2020|10|10 - SAÚDE|302 - ASSISTÊNCIA HOSPITALAR E AMBULATORIAL|0028 - CENTRO DE ESPECIALIDADES EM SAÚDE|2059 - MANUTENÇÃO DO CENTRO ESPECIALIDADES EM SAÚDE||3.3.90.39.36 - 3.3.90.39.36|102 - RECEITAS DE IMPOSTOS E DE TRANSFERÊNCIAS DE IMPOSTOS VINCULADOS À SAÚDE|NÃO SE APLICA|575|20200130|0.0|0.0|0.0|3055.0|0.0|3055.0|0.0|0.0|0.0|0.0|-3055.0
3110004|303|02|382323|2020|6|10 - SAÚDE|122 - ADMINISTRAÇÃO GERAL|0042 - SERVIÇO DE REGULAÇÃO EM SAÚDE|2094 - MANUTENÇÃO DA REGULAÇÃO EM SAÚDE||3.3.90.48.00 - 3.3.90.48.00|102 - RECEITAS DE IMPOSTOS E DE TRANSFERÊNCIAS DE IMPOSTOS VINCULADOS À SAÚDE|NÃO SE APLICA|148|20200115|0.0|0.0|0.0|1215.0|0.0|1215.0|0.0|0.0|0.0|0.0|-1215.0
3110004|303|02|382323|2020|2|10 - SAÚDE|302 - ASSISTÊNCIA HOSPITALAR E AMBULATORIAL|0080 - SAÚDE MENTAL|2104 - MANUTENÇÃO DO SETOR DE SAÚDE MENTAL||3.1.90.13.03 - 3.1.90.13.03|102 - RECEITAS DE IMPOSTOS E DE TRANSFERÊNCIAS DE IMPOSTOS VINCULADOS À SAÚDE|NÃO SE APLICA|1212|20200221|6835.05|0.0|0.0|6835.05|0.0|48.62|0.0|0.0|0.0|6786.43|0.0
