seq_resp_dispensa|seq_dispensa|seq_orgao|cod_orgao|num_ano_referencia|num_mes_referencia|dsc_tipo_responsavel|num_doc_responsavel|dsc_nome_responsavel
2011486|304367|305|04|2020|1|1 - AUTORIZAÇÃO PARA ABERTURA DO PROCEDIMENTO DE DISPENSA OU INEXIGIBILIDADE|055***326**|GISELE MOREIRA SANTOS
2303876|348975|305|04|2020|10|4 - RATIFICAÇÃO|055***326**|GISELE MOREIRA SANTOS
1998464|301843|304|03|2020|4|3 - INFORMAÇÃO DE EXISTÊNCIA DE RECURSOS ORCAMENTÁRIOS|378***586**|REGINA DE FATIMA VIEIRA SANTOS
1998471|301844|304|03|2020|5|3 - INFORMAÇÃO DE EXISTÊNCIA DE RECURSOS ORCAMENTÁRIOS|378***586**|REGINA DE FATIMA VIEIRA SANTOS
1998476|301845|304|03|2020|5|3 - INFORMAÇÃO DE EXISTÊNCIA DE RECURSOS ORCAMENTÁRIOS|378***586**|REGINA DE FATIMA VIEIRA SANTOS
1998483|301846|304|03|2020|5|3 - INFORMAÇÃO DE EXISTÊNCIA DE RECURSOS ORCAMENTÁRIOS|378***586**|REGINA DE FATIMA VIEIRA SANTOS
1998494|301847|304|03|2020|5|3 - INFORMAÇÃO DE EXISTÊNCIA DE RECURSOS ORCAMENTÁRIOS|378***586**|REGINA DE FATIMA VIEIRA SANTOS
1984550|299718|304|03|2020|1|3 - INFORMAÇÃO DE EXISTÊNCIA DE RECURSOS ORCAMENTÁRIOS|378***586**|REGINA DE FATIMA VIEIRA SANTOS
1984555|299719|304|03|2020|1|3 - INFORMAÇÃO DE EXISTÊNCIA DE RECURSOS ORCAMENTÁRIOS|378***586**|REGINA DE FATIMA VIEIRA SANTOS
1984566|299720|304|03|2020|1|3 - INFORMAÇÃO DE EXISTÊNCIA DE RECURSOS ORCAMENTÁRIOS|378***586**|REGINA DE FATIMA VIEIRA SANTOS
1984571|299721|304|03|2020|2|3 - INFORMAÇÃO DE EXISTÊNCIA DE RECURSOS ORCAMENTÁRIOS|378***586**|REGINA DE FATIMA VIEIRA SANTOS
2275021|344960|304|03|2020|6|3 - INFORMAÇÃO DE EXISTÊNCIA DE RECURSOS ORCAMENTÁRIOS|378***586**|REGINA DE FATIMA VIEIRA SANTOS
2275022|344959|304|03|2020|6|3 - INFORMAÇÃO DE EXISTÊNCIA DE RECURSOS ORCAMENTÁRIOS|378***586**|REGINA DE FATIMA VIEIRA SANTOS
2275023|344958|304|03|2020|6|3 - INFORMAÇÃO DE EXISTÊNCIA DE RECURSOS ORCAMENTÁRIOS|378***586**|REGINA DE FATIMA VIEIRA SANTOS
2345754|355746|304|03|2020|7|3 - INFORMAÇÃO DE EXISTÊNCIA DE RECURSOS ORCAMENTÁRIOS|378***586**|REGINA DE FATIMA VIEIRA SANTOS
2345755|355745|304|03|2020|7|3 - INFORMAÇÃO DE EXISTÊNCIA DE RECURSOS ORCAMENTÁRIOS|378***586**|REGINA DE FATIMA VIEIRA SANTOS
2345756|355744|304|03|2020|7|3 - INFORMAÇÃO DE EXISTÊNCIA DE RECURSOS ORCAMENTÁRIOS|378***586**|REGINA DE FATIMA VIEIRA SANTOS
2345757|355747|304|03|2020|7|3 - INFORMAÇÃO DE EXISTÊNCIA DE RECURSOS ORCAMENTÁRIOS|378***586**|REGINA DE FATIMA VIEIRA SANTOS
2388500|362418|304|03|2020|11|3 - INFORMAÇÃO DE EXISTÊNCIA DE RECURSOS ORCAMENTÁRIOS|378***586**|REGINA DE FATIMA VIEIRA SANTOS
2051449|310930|303|02|2020|1|4 - RATIFICAÇÃO|099***906**|FÚLVIO AVALONNY RATTO BRANDAO
2051503|310939|303|02|2020|1|2 - COTAÇÃO DE PREÇOS|099***906**|FÚLVIO AVALONNY RATTO BRANDAO
2051507|310939|303|02|2020|1|4 - RATIFICAÇÃO|099***906**|FÚLVIO AVALONNY RATTO BRANDAO
2051526|310944|303|02|2020|1|2 - COTAÇÃO DE PREÇOS|099***906**|FÚLVIO AVALONNY RATTO BRANDAO
2051529|310944|303|02|2020|1|4 - RATIFICAÇÃO|099***906**|FÚLVIO AVALONNY RATTO BRANDAO
2051533|310945|303|02|2020|1|2 - COTAÇÃO DE PREÇOS|099***906**|FÚLVIO AVALONNY RATTO BRANDAO
2051535|310945|303|02|2020|1|4 - RATIFICAÇÃO|099***906**|FÚLVIO AVALONNY RATTO BRANDAO
2051546|310948|303|02|2020|1|4 - RATIFICAÇÃO|099***906**|FÚLVIO AVALONNY RATTO BRANDAO
2051549|310948|303|02|2020|1|2 - COTAÇÃO DE PREÇOS|099***906**|FÚLVIO AVALONNY RATTO BRANDAO
2051554|310949|303|02|2020|1|2 - COTAÇÃO DE PREÇOS|099***906**|FÚLVIO AVALONNY RATTO BRANDAO
2051555|310949|303|02|2020|1|4 - RATIFICAÇÃO|099***906**|FÚLVIO AVALONNY RATTO BRANDAO
2051626|310963|303|02|2020|2|4 - RATIFICAÇÃO|099***906**|FÚLVIO AVALONNY RATTO BRANDAO
2051627|310963|303|02|2020|2|2 - COTAÇÃO DE PREÇOS|099***906**|FÚLVIO AVALONNY RATTO BRANDAO
2051646|310967|303|02|2020|2|2 - COTAÇÃO DE PREÇOS|099***906**|FÚLVIO AVALONNY RATTO BRANDAO
2051650|310967|303|02|2020|2|4 - RATIFICAÇÃO|099***906**|FÚLVIO AVALONNY RATTO BRANDAO
2051662|310970|303|02|2020|2|4 - RATIFICAÇÃO|099***906**|FÚLVIO AVALONNY RATTO BRANDAO
2051699|310978|303|02|2020|2|4 - RATIFICAÇÃO|099***906**|FÚLVIO AVALONNY RATTO BRANDAO
2077957|315163|303|02|2020|3|4 - RATIFICAÇÃO|099***906**|FÚLVIO AVALONNY RATTO BRANDAO
2078170|315198|303|02|2020|5|2 - COTAÇÃO DE PREÇOS|099***906**|FÚLVIO AVALONNY RATTO BRANDAO
2275201|344991|303|02|2020|8|1 - AUTORIZAÇÃO PARA ABERTURA DO PROCEDIMENTO DE DISPENSA OU INEXIGIBILIDADE|102***366**|MARCOS LUCIANO FIGUEIREDO
2275209|345000|303|02|2020|8|2 - COTAÇÃO DE PREÇOS|102***366**|MARCOS LUCIANO FIGUEIREDO
2275216|344993|303|02|2020|8|2 - COTAÇÃO DE PREÇOS|102***366**|MARCOS LUCIANO FIGUEIREDO
2275231|345000|303|02|2020|8|4 - RATIFICAÇÃO|102***366**|MARCOS LUCIANO FIGUEIREDO
2275238|344993|303|02|2020|8|4 - RATIFICAÇÃO|102***366**|MARCOS LUCIANO FIGUEIREDO
2275241|345001|303|02|2020|8|5 - PUBLICAÇÃO EM ÓRGÃO OFICIAL|102***366**|MARCOS LUCIANO FIGUEIREDO
2275242|345000|303|02|2020|8|5 - PUBLICAÇÃO EM ÓRGÃO OFICIAL|102***366**|MARCOS LUCIANO FIGUEIREDO
2275243|344999|303|02|2020|8|5 - PUBLICAÇÃO EM ÓRGÃO OFICIAL|102***366**|MARCOS LUCIANO FIGUEIREDO
2275244|344998|303|02|2020|8|5 - PUBLICAÇÃO EM ÓRGÃO OFICIAL|102***366**|MARCOS LUCIANO FIGUEIREDO
2275245|344997|303|02|2020|8|5 - PUBLICAÇÃO EM ÓRGÃO OFICIAL|102***366**|MARCOS LUCIANO FIGUEIREDO
2275246|344996|303|02|2020|8|5 - PUBLICAÇÃO EM ÓRGÃO OFICIAL|102***366**|MARCOS LUCIANO FIGUEIREDO
2275247|344995|303|02|2020|8|5 - PUBLICAÇÃO EM ÓRGÃO OFICIAL|102***366**|MARCOS LUCIANO FIGUEIREDO
2275248|344994|303|02|2020|8|5 - PUBLICAÇÃO EM ÓRGÃO OFICIAL|102***366**|MARCOS LUCIANO FIGUEIREDO
2275249|344993|303|02|2020|8|5 - PUBLICAÇÃO EM ÓRGÃO OFICIAL|102***366**|MARCOS LUCIANO FIGUEIREDO
2275250|344990|303|02|2020|8|5 - PUBLICAÇÃO EM ÓRGÃO OFICIAL|102***366**|MARCOS LUCIANO FIGUEIREDO
2275251|344992|303|02|2020|8|5 - PUBLICAÇÃO EM ÓRGÃO OFICIAL|102***366**|MARCOS LUCIANO FIGUEIREDO
2051446|310929|303|02|2020|1|5 - PUBLICAÇÃO EM ÓRGÃO OFICIAL|102***366**|MARCOS LUCIANO FIGUEIREDO
2051452|310930|303|02|2020|1|5 - PUBLICAÇÃO EM ÓRGÃO OFICIAL|102***366**|MARCOS LUCIANO FIGUEIREDO
2051458|310931|303|02|2020|1|5 - PUBLICAÇÃO EM ÓRGÃO OFICIAL|102***366**|MARCOS LUCIANO FIGUEIREDO
2051467|310932|303|02|2020|1|5 - PUBLICAÇÃO EM ÓRGÃO OFICIAL|102***366**|MARCOS LUCIANO FIGUEIREDO
2051472|310934|303|02|2020|1|5 - PUBLICAÇÃO EM ÓRGÃO OFICIAL|102***366**|MARCOS LUCIANO FIGUEIREDO
2051481|310935|303|02|2020|1|5 - PUBLICAÇÃO EM ÓRGÃO OFICIAL|102***366**|MARCOS LUCIANO FIGUEIREDO
2051487|310936|303|02|2020|1|5 - PUBLICAÇÃO EM ÓRGÃO OFICIAL|102***366**|MARCOS LUCIANO FIGUEIREDO
2051492|310937|303|02|2020|1|5 - PUBLICAÇÃO EM ÓRGÃO OFICIAL|102***366**|MARCOS LUCIANO FIGUEIREDO
2051498|310938|303|02|2020|1|5 - PUBLICAÇÃO EM ÓRGÃO OFICIAL|102***366**|MARCOS LUCIANO FIGUEIREDO
2051508|310939|303|02|2020|1|5 - PUBLICAÇÃO EM ÓRGÃO OFICIAL|102***366**|MARCOS LUCIANO FIGUEIREDO
2051510|310940|303|02|2020|1|5 - PUBLICAÇÃO EM ÓRGÃO OFICIAL|102***366**|MARCOS LUCIANO FIGUEIREDO
2051517|310941|303|02|2020|1|5 - PUBLICAÇÃO EM ÓRGÃO OFICIAL|102***366**|MARCOS LUCIANO FIGUEIREDO
2051524|310944|303|02|2020|1|5 - PUBLICAÇÃO EM ÓRGÃO OFICIAL|102***366**|MARCOS LUCIANO FIGUEIREDO
2051534|310945|303|02|2020|1|5 - PUBLICAÇÃO EM ÓRGÃO OFICIAL|102***366**|MARCOS LUCIANO FIGUEIREDO
2051539|310947|303|02|2020|1|5 - PUBLICAÇÃO EM ÓRGÃO OFICIAL|102***366**|MARCOS LUCIANO FIGUEIREDO
2051548|310948|303|02|2020|1|5 - PUBLICAÇÃO EM ÓRGÃO OFICIAL|102***366**|MARCOS LUCIANO FIGUEIREDO
2051552|310949|303|02|2020|1|5 - PUBLICAÇÃO EM ÓRGÃO OFICIAL|102***366**|MARCOS LUCIANO FIGUEIREDO
2051559|310950|303|02|2020|1|5 - PUBLICAÇÃO EM ÓRGÃO OFICIAL|102***366**|MARCOS LUCIANO FIGUEIREDO
2051571|310952|303|02|2020|1|5 - PUBLICAÇÃO EM ÓRGÃO OFICIAL|102***366**|MARCOS LUCIANO FIGUEIREDO
2051580|310953|303|02|2020|1|5 - PUBLICAÇÃO EM ÓRGÃO OFICIAL|102***366**|MARCOS LUCIANO FIGUEIREDO
2051582|310955|303|02|2020|1|5 - PUBLICAÇÃO EM ÓRGÃO OFICIAL|102***366**|MARCOS LUCIANO FIGUEIREDO
2051590|310956|303|02|2020|1|5 - PUBLICAÇÃO EM ÓRGÃO OFICIAL|102***366**|MARCOS LUCIANO FIGUEIREDO
2051602|310958|303|02|2020|1|5 - PUBLICAÇÃO EM ÓRGÃO OFICIAL|102***366**|MARCOS LUCIANO FIGUEIREDO
2051604|310959|303|02|2020|1|5 - PUBLICAÇÃO EM ÓRGÃO OFICIAL|102***366**|MARCOS LUCIANO FIGUEIREDO
2051720|310981|303|02|2020|2|5 - PUBLICAÇÃO EM ÓRGÃO OFICIAL|102***366**|MARCOS LUCIANO FIGUEIREDO
2051730|310982|303|02|2020|2|5 - PUBLICAÇÃO EM ÓRGÃO OFICIAL|102***366**|MARCOS LUCIANO FIGUEIREDO
2051735|310983|303|02|2020|2|5 - PUBLICAÇÃO EM ÓRGÃO OFICIAL|102***366**|MARCOS LUCIANO FIGUEIREDO
2051615|310960|303|02|2020|2|5 - PUBLICAÇÃO EM ÓRGÃO OFICIAL|102***366**|MARCOS LUCIANO FIGUEIREDO
2051619|310961|303|02|2020|2|5 - PUBLICAÇÃO EM ÓRGÃO OFICIAL|102***366**|MARCOS LUCIANO FIGUEIREDO
2051630|310963|303|02|2020|2|5 - PUBLICAÇÃO EM ÓRGÃO OFICIAL|102***366**|MARCOS LUCIANO FIGUEIREDO
2051637|310964|303|02|2020|2|5 - PUBLICAÇÃO EM ÓRGÃO OFICIAL|102***366**|MARCOS LUCIANO FIGUEIREDO
2051641|310965|303|02|2020|2|5 - PUBLICAÇÃO EM ÓRGÃO OFICIAL|102***366**|MARCOS LUCIANO FIGUEIREDO
2051647|310967|303|02|2020|2|5 - PUBLICAÇÃO EM ÓRGÃO OFICIAL|102***366**|MARCOS LUCIANO FIGUEIREDO
2051657|310969|303|02|2020|2|5 - PUBLICAÇÃO EM ÓRGÃO OFICIAL|102***366**|MARCOS LUCIANO FIGUEIREDO
2051665|310970|303|02|2020|2|5 - PUBLICAÇÃO EM ÓRGÃO OFICIAL|102***366**|MARCOS LUCIANO FIGUEIREDO
2051668|310972|303|02|2020|2|5 - PUBLICAÇÃO EM ÓRGÃO OFICIAL|102***366**|MARCOS LUCIANO FIGUEIREDO
2051675|310973|303|02|2020|2|5 - PUBLICAÇÃO EM ÓRGÃO OFICIAL|102***366**|MARCOS LUCIANO FIGUEIREDO
2051689|310975|303|02|2020|2|5 - PUBLICAÇÃO EM ÓRGÃO OFICIAL|102***366**|MARCOS LUCIANO FIGUEIREDO
2051692|310976|303|02|2020|2|5 - PUBLICAÇÃO EM ÓRGÃO OFICIAL|102***366**|MARCOS LUCIANO FIGUEIREDO
2051703|310978|303|02|2020|2|5 - PUBLICAÇÃO EM ÓRGÃO OFICIAL|102***366**|MARCOS LUCIANO FIGUEIREDO
2051708|310979|303|02|2020|2|5 - PUBLICAÇÃO EM ÓRGÃO OFICIAL|102***366**|MARCOS LUCIANO FIGUEIREDO
2051715|310980|303|02|2020|2|5 - PUBLICAÇÃO EM ÓRGÃO OFICIAL|102***366**|MARCOS LUCIANO FIGUEIREDO
2275069|344967|303|02|2020|6|5 - PUBLICAÇÃO EM ÓRGÃO OFICIAL|102***366**|MARCOS LUCIANO FIGUEIREDO
2275070|344968|303|02|2020|6|5 - PUBLICAÇÃO EM ÓRGÃO OFICIAL|102***366**|MARCOS LUCIANO FIGUEIREDO
2275071|344966|303|02|2020|6|5 - PUBLICAÇÃO EM ÓRGÃO OFICIAL|102***366**|MARCOS LUCIANO FIGUEIREDO
2275072|344965|303|02|2020|6|5 - PUBLICAÇÃO EM ÓRGÃO OFICIAL|102***366**|MARCOS LUCIANO FIGUEIREDO
2275073|344964|303|02|2020|6|5 - PUBLICAÇÃO EM ÓRGÃO OFICIAL|102***366**|MARCOS LUCIANO FIGUEIREDO
2275074|344963|303|02|2020|6|5 - PUBLICAÇÃO EM ÓRGÃO OFICIAL|102***366**|MARCOS LUCIANO FIGUEIREDO
2275075|344962|303|02|2020|6|5 - PUBLICAÇÃO EM ÓRGÃO OFICIAL|102***366**|MARCOS LUCIANO FIGUEIREDO
2275076|344961|303|02|2020|6|5 - PUBLICAÇÃO EM ÓRGÃO OFICIAL|102***366**|MARCOS LUCIANO FIGUEIREDO
2275121|344987|303|02|2020|7|2 - COTAÇÃO DE PREÇOS|102***366**|MARCOS LUCIANO FIGUEIREDO
2275151|344987|303|02|2020|7|4 - RATIFICAÇÃO|102***366**|MARCOS LUCIANO FIGUEIREDO
2275155|344984|303|02|2020|7|5 - PUBLICAÇÃO EM ÓRGÃO OFICIAL|102***366**|MARCOS LUCIANO FIGUEIREDO
2275156|344983|303|02|2020|7|5 - PUBLICAÇÃO EM ÓRGÃO OFICIAL|102***366**|MARCOS LUCIANO FIGUEIREDO
2275157|344982|303|02|2020|7|5 - PUBLICAÇÃO EM ÓRGÃO OFICIAL|102***366**|MARCOS LUCIANO FIGUEIREDO
2275158|344981|303|02|2020|7|5 - PUBLICAÇÃO EM ÓRGÃO OFICIAL|102***366**|MARCOS LUCIANO FIGUEIREDO
2275159|344989|303|02|2020|7|5 - PUBLICAÇÃO EM ÓRGÃO OFICIAL|102***366**|MARCOS LUCIANO FIGUEIREDO
2275160|344980|303|02|2020|7|5 - PUBLICAÇÃO EM ÓRGÃO OFICIAL|102***366**|MARCOS LUCIANO FIGUEIREDO
2275161|344979|303|02|2020|7|5 - PUBLICAÇÃO EM ÓRGÃO OFICIAL|102***366**|MARCOS LUCIANO FIGUEIREDO
2275162|344978|303|02|2020|7|5 - PUBLICAÇÃO EM ÓRGÃO OFICIAL|102***366**|MARCOS LUCIANO FIGUEIREDO
2275163|344977|303|02|2020|7|5 - PUBLICAÇÃO EM ÓRGÃO OFICIAL|102***366**|MARCOS LUCIANO FIGUEIREDO
2275164|344976|303|02|2020|7|5 - PUBLICAÇÃO EM ÓRGÃO OFICIAL|102***366**|MARCOS LUCIANO FIGUEIREDO
2275165|344975|303|02|2020|7|5 - PUBLICAÇÃO EM ÓRGÃO OFICIAL|102***366**|MARCOS LUCIANO FIGUEIREDO
2275166|344987|303|02|2020|7|5 - PUBLICAÇÃO EM ÓRGÃO OFICIAL|102***366**|MARCOS LUCIANO FIGUEIREDO
2275167|344986|303|02|2020|7|5 - PUBLICAÇÃO EM ÓRGÃO OFICIAL|102***366**|MARCOS LUCIANO FIGUEIREDO
2275168|344974|303|02|2020|7|5 - PUBLICAÇÃO EM ÓRGÃO OFICIAL|102***366**|MARCOS LUCIANO FIGUEIREDO
2275169|344973|303|02|2020|7|5 - PUBLICAÇÃO EM ÓRGÃO OFICIAL|102***366**|MARCOS LUCIANO FIGUEIREDO
2275342|345011|303|02|2020|9|5 - PUBLICAÇÃO EM ÓRGÃO OFICIAL|102***366**|MARCOS LUCIANO FIGUEIREDO
2275328|345010|303|02|2020|9|5 - PUBLICAÇÃO EM ÓRGÃO OFICIAL|102***366**|MARCOS LUCIANO FIGUEIREDO
2275329|345009|303|02|2020|9|5 - PUBLICAÇÃO EM ÓRGÃO OFICIAL|102***366**|MARCOS LUCIANO FIGUEIREDO
2275330|345016|303|02|2020|9|5 - PUBLICAÇÃO EM ÓRGÃO OFICIAL|102***366**|MARCOS LUCIANO FIGUEIREDO
2275331|345015|303|02|2020|9|5 - PUBLICAÇÃO EM ÓRGÃO OFICIAL|102***366**|MARCOS LUCIANO FIGUEIREDO
2275332|345008|303|02|2020|9|5 - PUBLICAÇÃO EM ÓRGÃO OFICIAL|102***366**|MARCOS LUCIANO FIGUEIREDO
2275333|345014|303|02|2020|9|5 - PUBLICAÇÃO EM ÓRGÃO OFICIAL|102***366**|MARCOS LUCIANO FIGUEIREDO
2275334|345013|303|02|2020|9|5 - PUBLICAÇÃO EM ÓRGÃO OFICIAL|102***366**|MARCOS LUCIANO FIGUEIREDO
2275335|345006|303|02|2020|9|5 - PUBLICAÇÃO EM ÓRGÃO OFICIAL|102***366**|MARCOS LUCIANO FIGUEIREDO
2275336|345012|303|02|2020|9|5 - PUBLICAÇÃO EM ÓRGÃO OFICIAL|102***366**|MARCOS LUCIANO FIGUEIREDO
2275337|345005|303|02|2020|9|5 - PUBLICAÇÃO EM ÓRGÃO OFICIAL|102***366**|MARCOS LUCIANO FIGUEIREDO
2275338|345004|303|02|2020|9|5 - PUBLICAÇÃO EM ÓRGÃO OFICIAL|102***366**|MARCOS LUCIANO FIGUEIREDO
2275339|345003|303|02|2020|9|5 - PUBLICAÇÃO EM ÓRGÃO OFICIAL|102***366**|MARCOS LUCIANO FIGUEIREDO
2275340|345002|303|02|2020|9|5 - PUBLICAÇÃO EM ÓRGÃO OFICIAL|102***366**|MARCOS LUCIANO FIGUEIREDO
2275341|345007|303|02|2020|9|5 - PUBLICAÇÃO EM ÓRGÃO OFICIAL|102***366**|MARCOS LUCIANO FIGUEIREDO
2371817|359748|303|02|2020|11|2 - COTAÇÃO DE PREÇOS|102***366**|MARCOS LUCIANO FIGUEIREDO
2371835|359748|303|02|2020|11|4 - RATIFICAÇÃO|102***366**|MARCOS LUCIANO FIGUEIREDO
2371840|359750|303|02|2020|11|5 - PUBLICAÇÃO EM ÓRGÃO OFICIAL|102***366**|MARCOS LUCIANO FIGUEIREDO
2371841|359745|303|02|2020|11|5 - PUBLICAÇÃO EM ÓRGÃO OFICIAL|102***366**|MARCOS LUCIANO FIGUEIREDO
2371842|359749|303|02|2020|11|5 - PUBLICAÇÃO EM ÓRGÃO OFICIAL|102***366**|MARCOS LUCIANO FIGUEIREDO
2371843|359744|303|02|2020|11|5 - PUBLICAÇÃO EM ÓRGÃO OFICIAL|102***366**|MARCOS LUCIANO FIGUEIREDO
2371844|359748|303|02|2020|11|5 - PUBLICAÇÃO EM ÓRGÃO OFICIAL|102***366**|MARCOS LUCIANO FIGUEIREDO
2371845|359747|303|02|2020|11|5 - PUBLICAÇÃO EM ÓRGÃO OFICIAL|102***366**|MARCOS LUCIANO FIGUEIREDO
2371846|359743|303|02|2020|11|5 - PUBLICAÇÃO EM ÓRGÃO OFICIAL|102***366**|MARCOS LUCIANO FIGUEIREDO
2371847|359746|303|02|2020|11|5 - PUBLICAÇÃO EM ÓRGÃO OFICIAL|102***366**|MARCOS LUCIANO FIGUEIREDO
2371848|359742|303|02|2020|11|5 - PUBLICAÇÃO EM ÓRGÃO OFICIAL|102***366**|MARCOS LUCIANO FIGUEIREDO
2077991|315168|303|02|2020|3|5 - PUBLICAÇÃO EM ÓRGÃO OFICIAL|102***366**|MARCOS LUCIANO FIGUEIREDO
2078000|315169|303|02|2020|3|5 - PUBLICAÇÃO EM ÓRGÃO OFICIAL|102***366**|MARCOS LUCIANO FIGUEIREDO
2078004|315170|303|02|2020|3|5 - PUBLICAÇÃO EM ÓRGÃO OFICIAL|102***366**|MARCOS LUCIANO FIGUEIREDO
2078017|315171|303|02|2020|3|5 - PUBLICAÇÃO EM ÓRGÃO OFICIAL|102***366**|MARCOS LUCIANO FIGUEIREDO
2078021|315172|303|02|2020|3|5 - PUBLICAÇÃO EM ÓRGÃO OFICIAL|102***366**|MARCOS LUCIANO FIGUEIREDO
2078031|315173|303|02|2020|3|5 - PUBLICAÇÃO EM ÓRGÃO OFICIAL|102***366**|MARCOS LUCIANO FIGUEIREDO
2078035|315174|303|02|2020|3|5 - PUBLICAÇÃO EM ÓRGÃO OFICIAL|102***366**|MARCOS LUCIANO FIGUEIREDO
2077894|315151|303|02|2020|3|5 - PUBLICAÇÃO EM ÓRGÃO OFICIAL|102***366**|MARCOS LUCIANO FIGUEIREDO
2077898|315152|303|02|2020|3|5 - PUBLICAÇÃO EM ÓRGÃO OFICIAL|102***366**|MARCOS LUCIANO FIGUEIREDO
2077903|315153|303|02|2020|3|5 - PUBLICAÇÃO EM ÓRGÃO OFICIAL|102***366**|MARCOS LUCIANO FIGUEIREDO
2077914|315156|303|02|2020|3|5 - PUBLICAÇÃO EM ÓRGÃO OFICIAL|102***366**|MARCOS LUCIANO FIGUEIREDO
2077920|315157|303|02|2020|3|5 - PUBLICAÇÃO EM ÓRGÃO OFICIAL|102***366**|MARCOS LUCIANO FIGUEIREDO
2077928|315158|303|02|2020|3|5 - PUBLICAÇÃO EM ÓRGÃO OFICIAL|102***366**|MARCOS LUCIANO FIGUEIREDO
2077932|315159|303|02|2020|3|5 - PUBLICAÇÃO EM ÓRGÃO OFICIAL|102***366**|MARCOS LUCIANO FIGUEIREDO
2077945|315160|303|02|2020|3|5 - PUBLICAÇÃO EM ÓRGÃO OFICIAL|102***366**|MARCOS LUCIANO FIGUEIREDO
2077949|315162|303|02|2020|3|5 - PUBLICAÇÃO EM ÓRGÃO OFICIAL|102***366**|MARCOS LUCIANO FIGUEIREDO
2077961|315163|303|02|2020|3|5 - PUBLICAÇÃO EM ÓRGÃO OFICIAL|102***366**|MARCOS LUCIANO FIGUEIREDO
2077968|315164|303|02|2020|3|5 - PUBLICAÇÃO EM ÓRGÃO OFICIAL|102***366**|MARCOS LUCIANO FIGUEIREDO
2077969|315165|303|02|2020|3|5 - PUBLICAÇÃO EM ÓRGÃO OFICIAL|102***366**|MARCOS LUCIANO FIGUEIREDO
2077980|315166|303|02|2020|3|5 - PUBLICAÇÃO EM ÓRGÃO OFICIAL|102***366**|MARCOS LUCIANO FIGUEIREDO
2077987|315167|303|02|2020|3|5 - PUBLICAÇÃO EM ÓRGÃO OFICIAL|102***366**|MARCOS LUCIANO FIGUEIREDO
2078043|315175|303|02|2020|4|5 - PUBLICAÇÃO EM ÓRGÃO OFICIAL|102***366**|MARCOS LUCIANO FIGUEIREDO
2078050|315176|303|02|2020|4|5 - PUBLICAÇÃO EM ÓRGÃO OFICIAL|102***366**|MARCOS LUCIANO FIGUEIREDO
2078053|315177|303|02|2020|4|5 - PUBLICAÇÃO EM ÓRGÃO OFICIAL|102***366**|MARCOS LUCIANO FIGUEIREDO
2078065|315178|303|02|2020|4|5 - PUBLICAÇÃO EM ÓRGÃO OFICIAL|102***366**|MARCOS LUCIANO FIGUEIREDO
2078067|315179|303|02|2020|4|5 - PUBLICAÇÃO EM ÓRGÃO OFICIAL|102***366**|MARCOS LUCIANO FIGUEIREDO
2078080|315180|303|02|2020|4|5 - PUBLICAÇÃO EM ÓRGÃO OFICIAL|102***366**|MARCOS LUCIANO FIGUEIREDO
2078082|315181|303|02|2020|4|5 - PUBLICAÇÃO EM ÓRGÃO OFICIAL|102***366**|MARCOS LUCIANO FIGUEIREDO
2078092|315182|303|02|2020|4|5 - PUBLICAÇÃO EM ÓRGÃO OFICIAL|102***366**|MARCOS LUCIANO FIGUEIREDO
2078098|315183|303|02|2020|4|5 - PUBLICAÇÃO EM ÓRGÃO OFICIAL|102***366**|MARCOS LUCIANO FIGUEIREDO
2078102|315184|303|02|2020|4|5 - PUBLICAÇÃO EM ÓRGÃO OFICIAL|102***366**|MARCOS LUCIANO FIGUEIREDO
2078114|315185|303|02|2020|4|5 - PUBLICAÇÃO EM ÓRGÃO OFICIAL|102***366**|MARCOS LUCIANO FIGUEIREDO
2078115|315186|303|02|2020|4|5 - PUBLICAÇÃO EM ÓRGÃO OFICIAL|102***366**|MARCOS LUCIANO FIGUEIREDO
2078123|315188|303|02|2020|4|5 - PUBLICAÇÃO EM ÓRGÃO OFICIAL|102***366**|MARCOS LUCIANO FIGUEIREDO
2078135|315191|303|02|2020|5|5 - PUBLICAÇÃO EM ÓRGÃO OFICIAL|102***366**|MARCOS LUCIANO FIGUEIREDO
2078140|315192|303|02|2020|5|5 - PUBLICAÇÃO EM ÓRGÃO OFICIAL|102***366**|MARCOS LUCIANO FIGUEIREDO
2078152|315194|303|02|2020|5|5 - PUBLICAÇÃO EM ÓRGÃO OFICIAL|102***366**|MARCOS LUCIANO FIGUEIREDO
2078154|315195|303|02|2020|5|5 - PUBLICAÇÃO EM ÓRGÃO OFICIAL|102***366**|MARCOS LUCIANO FIGUEIREDO
2078167|315196|303|02|2020|5|5 - PUBLICAÇÃO EM ÓRGÃO OFICIAL|102***366**|MARCOS LUCIANO FIGUEIREDO
2078171|315198|303|02|2020|5|5 - PUBLICAÇÃO EM ÓRGÃO OFICIAL|102***366**|MARCOS LUCIANO FIGUEIREDO
2078173|315198|303|02|2020|5|4 - RATIFICAÇÃO|102***366**|MARCOS LUCIANO FIGUEIREDO
2078178|315199|303|02|2020|5|5 - PUBLICAÇÃO EM ÓRGÃO OFICIAL|102***366**|MARCOS LUCIANO FIGUEIREDO
2078185|315200|303|02|2020|5|5 - PUBLICAÇÃO EM ÓRGÃO OFICIAL|102***366**|MARCOS LUCIANO FIGUEIREDO
2323344|352205|303|02|2020|10|5 - PUBLICAÇÃO EM ÓRGÃO OFICIAL|102***366**|MARCOS LUCIANO FIGUEIREDO
2323345|352206|303|02|2020|10|5 - PUBLICAÇÃO EM ÓRGÃO OFICIAL|102***366**|MARCOS LUCIANO FIGUEIREDO
2323346|352204|303|02|2020|10|5 - PUBLICAÇÃO EM ÓRGÃO OFICIAL|102***366**|MARCOS LUCIANO FIGUEIREDO
2323347|352203|303|02|2020|10|5 - PUBLICAÇÃO EM ÓRGÃO OFICIAL|102***366**|MARCOS LUCIANO FIGUEIREDO
2323348|352208|303|02|2020|10|5 - PUBLICAÇÃO EM ÓRGÃO OFICIAL|102***366**|MARCOS LUCIANO FIGUEIREDO
2323352|352200|303|02|2020|10|5 - PUBLICAÇÃO EM ÓRGÃO OFICIAL|102***366**|MARCOS LUCIANO FIGUEIREDO
2323349|352202|303|02|2020|10|5 - PUBLICAÇÃO EM ÓRGÃO OFICIAL|102***366**|MARCOS LUCIANO FIGUEIREDO
2323350|352201|303|02|2020|10|5 - PUBLICAÇÃO EM ÓRGÃO OFICIAL|102***366**|MARCOS LUCIANO FIGUEIREDO
2323351|352197|303|02|2020|10|5 - PUBLICAÇÃO EM ÓRGÃO OFICIAL|102***366**|MARCOS LUCIANO FIGUEIREDO
2323353|352199|303|02|2020|10|5 - PUBLICAÇÃO EM ÓRGÃO OFICIAL|102***366**|MARCOS LUCIANO FIGUEIREDO
2323354|352207|303|02|2020|10|5 - PUBLICAÇÃO EM ÓRGÃO OFICIAL|102***366**|MARCOS LUCIANO FIGUEIREDO
2323355|352198|303|02|2020|10|5 - PUBLICAÇÃO EM ÓRGÃO OFICIAL|102***366**|MARCOS LUCIANO FIGUEIREDO
2051460|310931|303|02|2020|1|2 - COTAÇÃO DE PREÇOS|967***686**|ÚRSULA CRISTINA ANGELO COELHO FERREIRA
2051461|310931|303|02|2020|1|4 - RATIFICAÇÃO|967***686**|ÚRSULA CRISTINA ANGELO COELHO FERREIRA
2051577|310953|303|02|2020|1|4 - RATIFICAÇÃO|967***686**|ÚRSULA CRISTINA ANGELO COELHO FERREIRA
2051635|310964|303|02|2020|2|4 - RATIFICAÇÃO|967***686**|ÚRSULA CRISTINA ANGELO COELHO FERREIRA
2051683|310975|303|02|2020|2|4 - RATIFICAÇÃO|967***686**|ÚRSULA CRISTINA ANGELO COELHO FERREIRA
2275052|344961|303|02|2020|6|2 - COTAÇÃO DE PREÇOS|967***686**|ÚRSULA CRISTINA ANGELO COELHO FERREIRA
2275068|344961|303|02|2020|6|4 - RATIFICAÇÃO|967***686**|ÚRSULA CRISTINA ANGELO COELHO FERREIRA
2077984|315167|303|02|2020|3|4 - RATIFICAÇÃO|967***686**|ÚRSULA CRISTINA ANGELO COELHO FERREIRA
2078051|315176|303|02|2020|4|4 - RATIFICAÇÃO|967***686**|ÚRSULA CRISTINA ANGELO COELHO FERREIRA
2078062|315178|303|02|2020|4|4 - RATIFICAÇÃO|967***686**|ÚRSULA CRISTINA ANGELO COELHO FERREIRA
2078073|315179|303|02|2020|4|4 - RATIFICAÇÃO|967***686**|ÚRSULA CRISTINA ANGELO COELHO FERREIRA
2078100|315183|303|02|2020|4|4 - RATIFICAÇÃO|967***686**|ÚRSULA CRISTINA ANGELO COELHO FERREIRA
2078132|315191|303|02|2020|5|4 - RATIFICAÇÃO|967***686**|ÚRSULA CRISTINA ANGELO COELHO FERREIRA
2011485|304367|305|04|2020|1|1 - AUTORIZAÇÃO PARA ABERTURA DO PROCEDIMENTO DE DISPENSA OU INEXIGIBILIDADE|506***436**|MAURO LÚCIO FRANCO
2303877|348975|305|04|2020|10|7 - PARECER (OUTROS)|506***436**|MAURO LÚCIO FRANCO
2051462|310932|303|02|2020|1|4 - RATIFICAÇÃO|044***296**|JULIO CESAR BATISTA
2051466|310932|303|02|2020|1|2 - COTAÇÃO DE PREÇOS|044***296**|JULIO CESAR BATISTA
2051483|310936|303|02|2020|1|2 - COTAÇÃO DE PREÇOS|044***296**|JULIO CESAR BATISTA
2051484|310936|303|02|2020|1|4 - RATIFICAÇÃO|044***296**|JULIO CESAR BATISTA
2051542|310947|303|02|2020|1|2 - COTAÇÃO DE PREÇOS|044***296**|JULIO CESAR BATISTA
2051544|310947|303|02|2020|1|4 - RATIFICAÇÃO|044***296**|JULIO CESAR BATISTA
2051588|310956|303|02|2020|1|4 - RATIFICAÇÃO|044***296**|JULIO CESAR BATISTA
2051592|310956|303|02|2020|1|2 - COTAÇÃO DE PREÇOS|044***296**|JULIO CESAR BATISTA
2077993|315168|303|02|2020|3|4 - RATIFICAÇÃO|044***296**|JULIO CESAR BATISTA
2077995|315168|303|02|2020|3|2 - COTAÇÃO DE PREÇOS|044***296**|JULIO CESAR BATISTA
2078012|315171|303|02|2020|3|2 - COTAÇÃO DE PREÇOS|044***296**|JULIO CESAR BATISTA
2078015|315171|303|02|2020|3|4 - RATIFICAÇÃO|044***296**|JULIO CESAR BATISTA
2078019|315172|303|02|2020|3|2 - COTAÇÃO DE PREÇOS|044***296**|JULIO CESAR BATISTA
2078024|315172|303|02|2020|3|4 - RATIFICAÇÃO|044***296**|JULIO CESAR BATISTA
2078026|315173|303|02|2020|3|2 - COTAÇÃO DE PREÇOS|044***296**|JULIO CESAR BATISTA
2078028|315173|303|02|2020|3|4 - RATIFICAÇÃO|044***296**|JULIO CESAR BATISTA
2078034|315174|303|02|2020|3|4 - RATIFICAÇÃO|044***296**|JULIO CESAR BATISTA
2078038|315174|303|02|2020|3|2 - COTAÇÃO DE PREÇOS|044***296**|JULIO CESAR BATISTA
2077895|315152|303|02|2020|3|4 - RATIFICAÇÃO|044***296**|JULIO CESAR BATISTA
2077901|315152|303|02|2020|3|2 - COTAÇÃO DE PREÇOS|044***296**|JULIO CESAR BATISTA
2077907|315153|303|02|2020|3|2 - COTAÇÃO DE PREÇOS|044***296**|JULIO CESAR BATISTA
2077908|315153|303|02|2020|3|4 - RATIFICAÇÃO|044***296**|JULIO CESAR BATISTA
2077913|315156|303|02|2020|3|4 - RATIFICAÇÃO|044***296**|JULIO CESAR BATISTA
2077915|315156|303|02|2020|3|2 - COTAÇÃO DE PREÇOS|044***296**|JULIO CESAR BATISTA
2077919|315157|303|02|2020|3|4 - RATIFICAÇÃO|044***296**|JULIO CESAR BATISTA
2077921|315157|303|02|2020|3|2 - COTAÇÃO DE PREÇOS|044***296**|JULIO CESAR BATISTA
2077933|315159|303|02|2020|3|4 - RATIFICAÇÃO|044***296**|JULIO CESAR BATISTA
2077935|315159|303|02|2020|3|2 - COTAÇÃO DE PREÇOS|044***296**|JULIO CESAR BATISTA
2077940|315160|303|02|2020|3|4 - RATIFICAÇÃO|044***296**|JULIO CESAR BATISTA
2077943|315160|303|02|2020|3|2 - COTAÇÃO DE PREÇOS|044***296**|JULIO CESAR BATISTA
2077950|315162|303|02|2020|3|4 - RATIFICAÇÃO|044***296**|JULIO CESAR BATISTA
2077951|315162|303|02|2020|3|1 - AUTORIZAÇÃO PARA ABERTURA DO PROCEDIMENTO DE DISPENSA OU INEXIGIBILIDADE|044***296**|JULIO CESAR BATISTA
2077954|315162|303|02|2020|3|2 - COTAÇÃO DE PREÇOS|044***296**|JULIO CESAR BATISTA
2077963|315164|303|02|2020|3|2 - COTAÇÃO DE PREÇOS|044***296**|JULIO CESAR BATISTA
2077965|315164|303|02|2020|3|4 - RATIFICAÇÃO|044***296**|JULIO CESAR BATISTA
2077970|315165|303|02|2020|3|2 - COTAÇÃO DE PREÇOS|044***296**|JULIO CESAR BATISTA
2077972|315165|303|02|2020|3|4 - RATIFICAÇÃO|044***296**|JULIO CESAR BATISTA
2077977|315166|303|02|2020|3|4 - RATIFICAÇÃO|044***296**|JULIO CESAR BATISTA
2077978|315166|303|02|2020|3|2 - COTAÇÃO DE PREÇOS|044***296**|JULIO CESAR BATISTA
2078110|315185|303|02|2020|4|2 - COTAÇÃO DE PREÇOS|044***296**|JULIO CESAR BATISTA
2078111|315185|303|02|2020|4|4 - RATIFICAÇÃO|044***296**|JULIO CESAR BATISTA
2078127|315188|303|02|2020|4|4 - RATIFICAÇÃO|044***296**|JULIO CESAR BATISTA
2078128|315188|303|02|2020|4|2 - COTAÇÃO DE PREÇOS|044***296**|JULIO CESAR BATISTA
2011488|304367|305|04|2020|1|1 - AUTORIZAÇÃO PARA ABERTURA DO PROCEDIMENTO DE DISPENSA OU INEXIGIBILIDADE|360***096**|MARIA ISABEL DOS SANTOS
2303874|348975|305|04|2020|10|2 - COTAÇÃO DE PREÇOS|360***096**|MARIA ISABEL DOS SANTOS
2051496|310938|303|02|2020|1|4 - RATIFICAÇÃO|506***436**|MAURO LUCIO FRANCO
2051519|310941|303|02|2020|1|4 - RATIFICAÇÃO|506***436**|MAURO LUCIO FRANCO
2051568|310952|303|02|2020|1|4 - RATIFICAÇÃO|506***436**|MAURO LUCIO FRANCO
2051734|310983|303|02|2020|2|4 - RATIFICAÇÃO|506***436**|MAURO LUCIO FRANCO
1984562|299720|304|03|2020|1|2 - COTAÇÃO DE PREÇOS|311***006**|BERNARDO MOURAO VORCARO
1984569|299721|304|03|2020|2|2 - COTAÇÃO DE PREÇOS|311***006**|BERNARDO MOURAO VORCARO
1987591|300153|302|01|2020|3|7 - PARECER (OUTROS)|027***186**|CARLA ALESSANDRA PEREIRA DOS SANTOS
1987592|300153|302|01|2020|3|1 - AUTORIZAÇÃO PARA ABERTURA DO PROCEDIMENTO DE DISPENSA OU INEXIGIBILIDADE|039***726**|JOAO CARLOS COSTA
1987594|300153|302|01|2020|3|4 - RATIFICAÇÃO|039***726**|JOAO CARLOS COSTA
2384469|361794|303|02|2020|12|1 - AUTORIZAÇÃO PARA ABERTURA DO PROCEDIMENTO DE DISPENSA OU INEXIGIBILIDADE|277***646**|MARCELO GARABINI
2384470|361789|303|02|2020|12|1 - AUTORIZAÇÃO PARA ABERTURA DO PROCEDIMENTO DE DISPENSA OU INEXIGIBILIDADE|277***646**|MARCELO GARABINI
2384471|361787|303|02|2020|12|1 - AUTORIZAÇÃO PARA ABERTURA DO PROCEDIMENTO DE DISPENSA OU INEXIGIBILIDADE|277***646**|MARCELO GARABINI
2384472|361793|303|02|2020|12|1 - AUTORIZAÇÃO PARA ABERTURA DO PROCEDIMENTO DE DISPENSA OU INEXIGIBILIDADE|277***646**|MARCELO GARABINI
2384473|361786|303|02|2020|12|1 - AUTORIZAÇÃO PARA ABERTURA DO PROCEDIMENTO DE DISPENSA OU INEXIGIBILIDADE|277***646**|MARCELO GARABINI
2384474|361792|303|02|2020|12|1 - AUTORIZAÇÃO PARA ABERTURA DO PROCEDIMENTO DE DISPENSA OU INEXIGIBILIDADE|277***646**|MARCELO GARABINI
2384475|361784|303|02|2020|12|1 - AUTORIZAÇÃO PARA ABERTURA DO PROCEDIMENTO DE DISPENSA OU INEXIGIBILIDADE|277***646**|MARCELO GARABINI
2384476|361795|303|02|2020|12|1 - AUTORIZAÇÃO PARA ABERTURA DO PROCEDIMENTO DE DISPENSA OU INEXIGIBILIDADE|277***646**|MARCELO GARABINI
2384477|361782|303|02|2020|12|1 - AUTORIZAÇÃO PARA ABERTURA DO PROCEDIMENTO DE DISPENSA OU INEXIGIBILIDADE|277***646**|MARCELO GARABINI
2384478|361791|303|02|2020|12|1 - AUTORIZAÇÃO PARA ABERTURA DO PROCEDIMENTO DE DISPENSA OU INEXIGIBILIDADE|277***646**|MARCELO GARABINI
2384479|361790|303|02|2020|12|1 - AUTORIZAÇÃO PARA ABERTURA DO PROCEDIMENTO DE DISPENSA OU INEXIGIBILIDADE|277***646**|MARCELO GARABINI
2275196|344996|303|02|2020|8|1 - AUTORIZAÇÃO PARA ABERTURA DO PROCEDIMENTO DE DISPENSA OU INEXIGIBILIDADE|277***646**|MARCELO GARABINI
2275191|345001|303|02|2020|8|1 - AUTORIZAÇÃO PARA ABERTURA DO PROCEDIMENTO DE DISPENSA OU INEXIGIBILIDADE|277***646**|MARCELO GARABINI
2275193|344999|303|02|2020|8|1 - AUTORIZAÇÃO PARA ABERTURA DO PROCEDIMENTO DE DISPENSA OU INEXIGIBILIDADE|277***646**|MARCELO GARABINI
2275194|344998|303|02|2020|8|1 - AUTORIZAÇÃO PARA ABERTURA DO PROCEDIMENTO DE DISPENSA OU INEXIGIBILIDADE|277***646**|MARCELO GARABINI
2275195|344997|303|02|2020|8|1 - AUTORIZAÇÃO PARA ABERTURA DO PROCEDIMENTO DE DISPENSA OU INEXIGIBILIDADE|277***646**|MARCELO GARABINI
2275202|344991|303|02|2020|8|1 - AUTORIZAÇÃO PARA ABERTURA DO PROCEDIMENTO DE DISPENSA OU INEXIGIBILIDADE|277***646**|MARCELO GARABINI
2275203|344995|303|02|2020|8|1 - AUTORIZAÇÃO PARA ABERTURA DO PROCEDIMENTO DE DISPENSA OU INEXIGIBILIDADE|277***646**|MARCELO GARABINI
2275204|344994|303|02|2020|8|1 - AUTORIZAÇÃO PARA ABERTURA DO PROCEDIMENTO DE DISPENSA OU INEXIGIBILIDADE|277***646**|MARCELO GARABINI
2275205|344993|303|02|2020|8|1 - AUTORIZAÇÃO PARA ABERTURA DO PROCEDIMENTO DE DISPENSA OU INEXIGIBILIDADE|277***646**|MARCELO GARABINI
2275206|344990|303|02|2020|8|1 - AUTORIZAÇÃO PARA ABERTURA DO PROCEDIMENTO DE DISPENSA OU INEXIGIBILIDADE|277***646**|MARCELO GARABINI
2275207|344992|303|02|2020|8|1 - AUTORIZAÇÃO PARA ABERTURA DO PROCEDIMENTO DE DISPENSA OU INEXIGIBILIDADE|277***646**|MARCELO GARABINI
2275217|344990|303|02|2020|8|2 - COTAÇÃO DE PREÇOS|277***646**|MARCELO GARABINI
2275234|344997|303|02|2020|8|4 - RATIFICAÇÃO|277***646**|MARCELO GARABINI
2275239|344990|303|02|2020|8|4 - RATIFICAÇÃO|277***646**|MARCELO GARABINI
2051441|310929|303|02|2020|1|1 - AUTORIZAÇÃO PARA ABERTURA DO PROCEDIMENTO DE DISPENSA OU INEXIGIBILIDADE|277***646**|MARCELO GARABINI
2051447|310929|303|02|2020|1|4 - RATIFICAÇÃO|277***646**|MARCELO GARABINI
2051450|310930|303|02|2020|1|1 - AUTORIZAÇÃO PARA ABERTURA DO PROCEDIMENTO DE DISPENSA OU INEXIGIBILIDADE|277***646**|MARCELO GARABINI
2051459|310931|303|02|2020|1|1 - AUTORIZAÇÃO PARA ABERTURA DO PROCEDIMENTO DE DISPENSA OU INEXIGIBILIDADE|277***646**|MARCELO GARABINI
2051465|310932|303|02|2020|1|1 - AUTORIZAÇÃO PARA ABERTURA DO PROCEDIMENTO DE DISPENSA OU INEXIGIBILIDADE|277***646**|MARCELO GARABINI
2051470|310934|303|02|2020|1|1 - AUTORIZAÇÃO PARA ABERTURA DO PROCEDIMENTO DE DISPENSA OU INEXIGIBILIDADE|277***646**|MARCELO GARABINI
2051476|310935|303|02|2020|1|1 - AUTORIZAÇÃO PARA ABERTURA DO PROCEDIMENTO DE DISPENSA OU INEXIGIBILIDADE|277***646**|MARCELO GARABINI
2051477|310935|303|02|2020|1|4 - RATIFICAÇÃO|277***646**|MARCELO GARABINI
2051485|310936|303|02|2020|1|1 - AUTORIZAÇÃO PARA ABERTURA DO PROCEDIMENTO DE DISPENSA OU INEXIGIBILIDADE|277***646**|MARCELO GARABINI
2051490|310937|303|02|2020|1|1 - AUTORIZAÇÃO PARA ABERTURA DO PROCEDIMENTO DE DISPENSA OU INEXIGIBILIDADE|277***646**|MARCELO GARABINI
2051501|310938|303|02|2020|1|1 - AUTORIZAÇÃO PARA ABERTURA DO PROCEDIMENTO DE DISPENSA OU INEXIGIBILIDADE|277***646**|MARCELO GARABINI
2051506|310939|303|02|2020|1|1 - AUTORIZAÇÃO PARA ABERTURA DO PROCEDIMENTO DE DISPENSA OU INEXIGIBILIDADE|277***646**|MARCELO GARABINI
2051513|310940|303|02|2020|1|1 - AUTORIZAÇÃO PARA ABERTURA DO PROCEDIMENTO DE DISPENSA OU INEXIGIBILIDADE|277***646**|MARCELO GARABINI
2051516|310941|303|02|2020|1|1 - AUTORIZAÇÃO PARA ABERTURA DO PROCEDIMENTO DE DISPENSA OU INEXIGIBILIDADE|277***646**|MARCELO GARABINI
2051525|310944|303|02|2020|1|1 - AUTORIZAÇÃO PARA ABERTURA DO PROCEDIMENTO DE DISPENSA OU INEXIGIBILIDADE|277***646**|MARCELO GARABINI
2051532|310945|303|02|2020|1|1 - AUTORIZAÇÃO PARA ABERTURA DO PROCEDIMENTO DE DISPENSA OU INEXIGIBILIDADE|277***646**|MARCELO GARABINI
2051538|310947|303|02|2020|1|1 - AUTORIZAÇÃO PARA ABERTURA DO PROCEDIMENTO DE DISPENSA OU INEXIGIBILIDADE|277***646**|MARCELO GARABINI
2051551|310948|303|02|2020|1|1 - AUTORIZAÇÃO PARA ABERTURA DO PROCEDIMENTO DE DISPENSA OU INEXIGIBILIDADE|277***646**|MARCELO GARABINI
2051556|310949|303|02|2020|1|1 - AUTORIZAÇÃO PARA ABERTURA DO PROCEDIMENTO DE DISPENSA OU INEXIGIBILIDADE|277***646**|MARCELO GARABINI
2051563|310950|303|02|2020|1|1 - AUTORIZAÇÃO PARA ABERTURA DO PROCEDIMENTO DE DISPENSA OU INEXIGIBILIDADE|277***646**|MARCELO GARABINI
2051572|310952|303|02|2020|1|1 - AUTORIZAÇÃO PARA ABERTURA DO PROCEDIMENTO DE DISPENSA OU INEXIGIBILIDADE|277***646**|MARCELO GARABINI
2051578|310953|303|02|2020|1|1 - AUTORIZAÇÃO PARA ABERTURA DO PROCEDIMENTO DE DISPENSA OU INEXIGIBILIDADE|277***646**|MARCELO GARABINI
2051583|310955|303|02|2020|1|1 - AUTORIZAÇÃO PARA ABERTURA DO PROCEDIMENTO DE DISPENSA OU INEXIGIBILIDADE|277***646**|MARCELO GARABINI
2051589|310956|303|02|2020|1|1 - AUTORIZAÇÃO PARA ABERTURA DO PROCEDIMENTO DE DISPENSA OU INEXIGIBILIDADE|277***646**|MARCELO GARABINI
2051596|310958|303|02|2020|1|1 - AUTORIZAÇÃO PARA ABERTURA DO PROCEDIMENTO DE DISPENSA OU INEXIGIBILIDADE|277***646**|MARCELO GARABINI
2051597|310958|303|02|2020|1|4 - RATIFICAÇÃO|277***646**|MARCELO GARABINI
2051722|310981|303|02|2020|2|1 - AUTORIZAÇÃO PARA ABERTURA DO PROCEDIMENTO DE DISPENSA OU INEXIGIBILIDADE|277***646**|MARCELO GARABINI
2051726|310982|303|02|2020|2|1 - AUTORIZAÇÃO PARA ABERTURA DO PROCEDIMENTO DE DISPENSA OU INEXIGIBILIDADE|277***646**|MARCELO GARABINI
2051733|310983|303|02|2020|2|1 - AUTORIZAÇÃO PARA ABERTURA DO PROCEDIMENTO DE DISPENSA OU INEXIGIBILIDADE|277***646**|MARCELO GARABINI
2051613|310960|303|02|2020|2|1 - AUTORIZAÇÃO PARA ABERTURA DO PROCEDIMENTO DE DISPENSA OU INEXIGIBILIDADE|277***646**|MARCELO GARABINI
2051620|310961|303|02|2020|2|1 - AUTORIZAÇÃO PARA ABERTURA DO PROCEDIMENTO DE DISPENSA OU INEXIGIBILIDADE|277***646**|MARCELO GARABINI
2051629|310963|303|02|2020|2|1 - AUTORIZAÇÃO PARA ABERTURA DO PROCEDIMENTO DE DISPENSA OU INEXIGIBILIDADE|277***646**|MARCELO GARABINI
2051633|310964|303|02|2020|2|1 - AUTORIZAÇÃO PARA ABERTURA DO PROCEDIMENTO DE DISPENSA OU INEXIGIBILIDADE|277***646**|MARCELO GARABINI
2051640|310965|303|02|2020|2|1 - AUTORIZAÇÃO PARA ABERTURA DO PROCEDIMENTO DE DISPENSA OU INEXIGIBILIDADE|277***646**|MARCELO GARABINI
2051648|310967|303|02|2020|2|1 - AUTORIZAÇÃO PARA ABERTURA DO PROCEDIMENTO DE DISPENSA OU INEXIGIBILIDADE|277***646**|MARCELO GARABINI
2051658|310969|303|02|2020|2|1 - AUTORIZAÇÃO PARA ABERTURA DO PROCEDIMENTO DE DISPENSA OU INEXIGIBILIDADE|277***646**|MARCELO GARABINI
2051661|310970|303|02|2020|2|1 - AUTORIZAÇÃO PARA ABERTURA DO PROCEDIMENTO DE DISPENSA OU INEXIGIBILIDADE|277***646**|MARCELO GARABINI
2051671|310972|303|02|2020|2|4 - RATIFICAÇÃO|277***646**|MARCELO GARABINI
2051673|310972|303|02|2020|2|1 - AUTORIZAÇÃO PARA ABERTURA DO PROCEDIMENTO DE DISPENSA OU INEXIGIBILIDADE|277***646**|MARCELO GARABINI
2051676|310973|303|02|2020|2|1 - AUTORIZAÇÃO PARA ABERTURA DO PROCEDIMENTO DE DISPENSA OU INEXIGIBILIDADE|277***646**|MARCELO GARABINI
2051688|310975|303|02|2020|2|1 - AUTORIZAÇÃO PARA ABERTURA DO PROCEDIMENTO DE DISPENSA OU INEXIGIBILIDADE|277***646**|MARCELO GARABINI
2051693|310976|303|02|2020|2|1 - AUTORIZAÇÃO PARA ABERTURA DO PROCEDIMENTO DE DISPENSA OU INEXIGIBILIDADE|277***646**|MARCELO GARABINI
2051698|310978|303|02|2020|2|1 - AUTORIZAÇÃO PARA ABERTURA DO PROCEDIMENTO DE DISPENSA OU INEXIGIBILIDADE|277***646**|MARCELO GARABINI
2051707|310979|303|02|2020|2|1 - AUTORIZAÇÃO PARA ABERTURA DO PROCEDIMENTO DE DISPENSA OU INEXIGIBILIDADE|277***646**|MARCELO GARABINI
2051713|310980|303|02|2020|2|4 - RATIFICAÇÃO|277***646**|MARCELO GARABINI
2051716|310980|303|02|2020|2|1 - AUTORIZAÇÃO PARA ABERTURA DO PROCEDIMENTO DE DISPENSA OU INEXIGIBILIDADE|277***646**|MARCELO GARABINI
2275036|344967|303|02|2020|6|1 - AUTORIZAÇÃO PARA ABERTURA DO PROCEDIMENTO DE DISPENSA OU INEXIGIBILIDADE|277***646**|MARCELO GARABINI
2275038|344968|303|02|2020|6|1 - AUTORIZAÇÃO PARA ABERTURA DO PROCEDIMENTO DE DISPENSA OU INEXIGIBILIDADE|277***646**|MARCELO GARABINI
2275040|344965|303|02|2020|6|1 - AUTORIZAÇÃO PARA ABERTURA DO PROCEDIMENTO DE DISPENSA OU INEXIGIBILIDADE|277***646**|MARCELO GARABINI
2275042|344963|303|02|2020|6|1 - AUTORIZAÇÃO PARA ABERTURA DO PROCEDIMENTO DE DISPENSA OU INEXIGIBILIDADE|277***646**|MARCELO GARABINI
2275043|344962|303|02|2020|6|1 - AUTORIZAÇÃO PARA ABERTURA DO PROCEDIMENTO DE DISPENSA OU INEXIGIBILIDADE|277***646**|MARCELO GARABINI
2275044|344961|303|02|2020|6|1 - AUTORIZAÇÃO PARA ABERTURA DO PROCEDIMENTO DE DISPENSA OU INEXIGIBILIDADE|277***646**|MARCELO GARABINI
2275095|344984|303|02|2020|7|1 - AUTORIZAÇÃO PARA ABERTURA DO PROCEDIMENTO DE DISPENSA OU INEXIGIBILIDADE|277***646**|MARCELO GARABINI
2275096|344983|303|02|2020|7|1 - AUTORIZAÇÃO PARA ABERTURA DO PROCEDIMENTO DE DISPENSA OU INEXIGIBILIDADE|277***646**|MARCELO GARABINI
2275097|344982|303|02|2020|7|1 - AUTORIZAÇÃO PARA ABERTURA DO PROCEDIMENTO DE DISPENSA OU INEXIGIBILIDADE|277***646**|MARCELO GARABINI
2275101|344979|303|02|2020|7|1 - AUTORIZAÇÃO PARA ABERTURA DO PROCEDIMENTO DE DISPENSA OU INEXIGIBILIDADE|277***646**|MARCELO GARABINI
2275098|344981|303|02|2020|7|1 - AUTORIZAÇÃO PARA ABERTURA DO PROCEDIMENTO DE DISPENSA OU INEXIGIBILIDADE|277***646**|MARCELO GARABINI
2275099|344989|303|02|2020|7|1 - AUTORIZAÇÃO PARA ABERTURA DO PROCEDIMENTO DE DISPENSA OU INEXIGIBILIDADE|277***646**|MARCELO GARABINI
2275100|344980|303|02|2020|7|1 - AUTORIZAÇÃO PARA ABERTURA DO PROCEDIMENTO DE DISPENSA OU INEXIGIBILIDADE|277***646**|MARCELO GARABINI
2275102|344978|303|02|2020|7|1 - AUTORIZAÇÃO PARA ABERTURA DO PROCEDIMENTO DE DISPENSA OU INEXIGIBILIDADE|277***646**|MARCELO GARABINI
2275103|344977|303|02|2020|7|1 - AUTORIZAÇÃO PARA ABERTURA DO PROCEDIMENTO DE DISPENSA OU INEXIGIBILIDADE|277***646**|MARCELO GARABINI
2275104|344976|303|02|2020|7|1 - AUTORIZAÇÃO PARA ABERTURA DO PROCEDIMENTO DE DISPENSA OU INEXIGIBILIDADE|277***646**|MARCELO GARABINI
2275105|344975|303|02|2020|7|1 - AUTORIZAÇÃO PARA ABERTURA DO PROCEDIMENTO DE DISPENSA OU INEXIGIBILIDADE|277***646**|MARCELO GARABINI
2275106|344987|303|02|2020|7|1 - AUTORIZAÇÃO PARA ABERTURA DO PROCEDIMENTO DE DISPENSA OU INEXIGIBILIDADE|277***646**|MARCELO GARABINI
2275107|344986|303|02|2020|7|1 - AUTORIZAÇÃO PARA ABERTURA DO PROCEDIMENTO DE DISPENSA OU INEXIGIBILIDADE|277***646**|MARCELO GARABINI
2275108|344974|303|02|2020|7|1 - AUTORIZAÇÃO PARA ABERTURA DO PROCEDIMENTO DE DISPENSA OU INEXIGIBILIDADE|277***646**|MARCELO GARABINI
2275109|344973|303|02|2020|7|1 - AUTORIZAÇÃO PARA ABERTURA DO PROCEDIMENTO DE DISPENSA OU INEXIGIBILIDADE|277***646**|MARCELO GARABINI
2275282|345011|303|02|2020|9|1 - AUTORIZAÇÃO PARA ABERTURA DO PROCEDIMENTO DE DISPENSA OU INEXIGIBILIDADE|277***646**|MARCELO GARABINI
2275278|345004|303|02|2020|9|1 - AUTORIZAÇÃO PARA ABERTURA DO PROCEDIMENTO DE DISPENSA OU INEXIGIBILIDADE|277***646**|MARCELO GARABINI
2275279|345003|303|02|2020|9|1 - AUTORIZAÇÃO PARA ABERTURA DO PROCEDIMENTO DE DISPENSA OU INEXIGIBILIDADE|277***646**|MARCELO GARABINI
2275280|345002|303|02|2020|9|1 - AUTORIZAÇÃO PARA ABERTURA DO PROCEDIMENTO DE DISPENSA OU INEXIGIBILIDADE|277***646**|MARCELO GARABINI
2275281|345007|303|02|2020|9|1 - AUTORIZAÇÃO PARA ABERTURA DO PROCEDIMENTO DE DISPENSA OU INEXIGIBILIDADE|277***646**|MARCELO GARABINI
2275286|345015|303|02|2020|9|2 - COTAÇÃO DE PREÇOS|277***646**|MARCELO GARABINI
2275288|345014|303|02|2020|9|2 - COTAÇÃO DE PREÇOS|277***646**|MARCELO GARABINI
2275268|345010|303|02|2020|9|1 - AUTORIZAÇÃO PARA ABERTURA DO PROCEDIMENTO DE DISPENSA OU INEXIGIBILIDADE|277***646**|MARCELO GARABINI
2275269|345009|303|02|2020|9|1 - AUTORIZAÇÃO PARA ABERTURA DO PROCEDIMENTO DE DISPENSA OU INEXIGIBILIDADE|277***646**|MARCELO GARABINI
2275270|345016|303|02|2020|9|1 - AUTORIZAÇÃO PARA ABERTURA DO PROCEDIMENTO DE DISPENSA OU INEXIGIBILIDADE|277***646**|MARCELO GARABINI
2275271|345015|303|02|2020|9|1 - AUTORIZAÇÃO PARA ABERTURA DO PROCEDIMENTO DE DISPENSA OU INEXIGIBILIDADE|277***646**|MARCELO GARABINI
2275272|345008|303|02|2020|9|1 - AUTORIZAÇÃO PARA ABERTURA DO PROCEDIMENTO DE DISPENSA OU INEXIGIBILIDADE|277***646**|MARCELO GARABINI
2275273|345014|303|02|2020|9|1 - AUTORIZAÇÃO PARA ABERTURA DO PROCEDIMENTO DE DISPENSA OU INEXIGIBILIDADE|277***646**|MARCELO GARABINI
2275275|345006|303|02|2020|9|1 - AUTORIZAÇÃO PARA ABERTURA DO PROCEDIMENTO DE DISPENSA OU INEXIGIBILIDADE|277***646**|MARCELO GARABINI
2275276|345012|303|02|2020|9|1 - AUTORIZAÇÃO PARA ABERTURA DO PROCEDIMENTO DE DISPENSA OU INEXIGIBILIDADE|277***646**|MARCELO GARABINI
2275277|345005|303|02|2020|9|1 - AUTORIZAÇÃO PARA ABERTURA DO PROCEDIMENTO DE DISPENSA OU INEXIGIBILIDADE|277***646**|MARCELO GARABINI
2371807|359744|303|02|2020|11|1 - AUTORIZAÇÃO PARA ABERTURA DO PROCEDIMENTO DE DISPENSA OU INEXIGIBILIDADE|277***646**|MARCELO GARABINI
2371804|359750|303|02|2020|11|1 - AUTORIZAÇÃO PARA ABERTURA DO PROCEDIMENTO DE DISPENSA OU INEXIGIBILIDADE|277***646**|MARCELO GARABINI
2371805|359745|303|02|2020|11|1 - AUTORIZAÇÃO PARA ABERTURA DO PROCEDIMENTO DE DISPENSA OU INEXIGIBILIDADE|277***646**|MARCELO GARABINI
2371806|359749|303|02|2020|11|1 - AUTORIZAÇÃO PARA ABERTURA DO PROCEDIMENTO DE DISPENSA OU INEXIGIBILIDADE|277***646**|MARCELO GARABINI
2371808|359748|303|02|2020|11|1 - AUTORIZAÇÃO PARA ABERTURA DO PROCEDIMENTO DE DISPENSA OU INEXIGIBILIDADE|277***646**|MARCELO GARABINI
2371809|359747|303|02|2020|11|1 - AUTORIZAÇÃO PARA ABERTURA DO PROCEDIMENTO DE DISPENSA OU INEXIGIBILIDADE|277***646**|MARCELO GARABINI
2371810|359743|303|02|2020|11|1 - AUTORIZAÇÃO PARA ABERTURA DO PROCEDIMENTO DE DISPENSA OU INEXIGIBILIDADE|277***646**|MARCELO GARABINI
2371811|359746|303|02|2020|11|1 - AUTORIZAÇÃO PARA ABERTURA DO PROCEDIMENTO DE DISPENSA OU INEXIGIBILIDADE|277***646**|MARCELO GARABINI
2371812|359742|303|02|2020|11|1 - AUTORIZAÇÃO PARA ABERTURA DO PROCEDIMENTO DE DISPENSA OU INEXIGIBILIDADE|277***646**|MARCELO GARABINI
2077994|315168|303|02|2020|3|1 - AUTORIZAÇÃO PARA ABERTURA DO PROCEDIMENTO DE DISPENSA OU INEXIGIBILIDADE|277***646**|MARCELO GARABINI
2077999|315169|303|02|2020|3|1 - AUTORIZAÇÃO PARA ABERTURA DO PROCEDIMENTO DE DISPENSA OU INEXIGIBILIDADE|277***646**|MARCELO GARABINI
2078002|315169|303|02|2020|3|4 - RATIFICAÇÃO|277***646**|MARCELO GARABINI
2078006|315170|303|02|2020|3|1 - AUTORIZAÇÃO PARA ABERTURA DO PROCEDIMENTO DE DISPENSA OU INEXIGIBILIDADE|277***646**|MARCELO GARABINI
2078014|315171|303|02|2020|3|1 - AUTORIZAÇÃO PARA ABERTURA DO PROCEDIMENTO DE DISPENSA OU INEXIGIBILIDADE|277***646**|MARCELO GARABINI
2078018|315172|303|02|2020|3|1 - AUTORIZAÇÃO PARA ABERTURA DO PROCEDIMENTO DE DISPENSA OU INEXIGIBILIDADE|277***646**|MARCELO GARABINI
2078030|315173|303|02|2020|3|1 - AUTORIZAÇÃO PARA ABERTURA DO PROCEDIMENTO DE DISPENSA OU INEXIGIBILIDADE|277***646**|MARCELO GARABINI
2078036|315174|303|02|2020|3|1 - AUTORIZAÇÃO PARA ABERTURA DO PROCEDIMENTO DE DISPENSA OU INEXIGIBILIDADE|277***646**|MARCELO GARABINI
2077889|315151|303|02|2020|3|1 - AUTORIZAÇÃO PARA ABERTURA DO PROCEDIMENTO DE DISPENSA OU INEXIGIBILIDADE|277***646**|MARCELO GARABINI
2077900|315152|303|02|2020|3|1 - AUTORIZAÇÃO PARA ABERTURA DO PROCEDIMENTO DE DISPENSA OU INEXIGIBILIDADE|277***646**|MARCELO GARABINI
2077902|315153|303|02|2020|3|1 - AUTORIZAÇÃO PARA ABERTURA DO PROCEDIMENTO DE DISPENSA OU INEXIGIBILIDADE|277***646**|MARCELO GARABINI
2077917|315156|303|02|2020|3|1 - AUTORIZAÇÃO PARA ABERTURA DO PROCEDIMENTO DE DISPENSA OU INEXIGIBILIDADE|277***646**|MARCELO GARABINI
2077923|315157|303|02|2020|3|1 - AUTORIZAÇÃO PARA ABERTURA DO PROCEDIMENTO DE DISPENSA OU INEXIGIBILIDADE|277***646**|MARCELO GARABINI
2077926|315158|303|02|2020|3|1 - AUTORIZAÇÃO PARA ABERTURA DO PROCEDIMENTO DE DISPENSA OU INEXIGIBILIDADE|277***646**|MARCELO GARABINI
2077937|315159|303|02|2020|3|1 - AUTORIZAÇÃO PARA ABERTURA DO PROCEDIMENTO DE DISPENSA OU INEXIGIBILIDADE|277***646**|MARCELO GARABINI
2077944|315160|303|02|2020|3|1 - AUTORIZAÇÃO PARA ABERTURA DO PROCEDIMENTO DE DISPENSA OU INEXIGIBILIDADE|277***646**|MARCELO GARABINI
2077948|315162|303|02|2020|3|1 - AUTORIZAÇÃO PARA ABERTURA DO PROCEDIMENTO DE DISPENSA OU INEXIGIBILIDADE|277***646**|MARCELO GARABINI
2077964|315164|303|02|2020|3|1 - AUTORIZAÇÃO PARA ABERTURA DO PROCEDIMENTO DE DISPENSA OU INEXIGIBILIDADE|277***646**|MARCELO GARABINI
2077971|315165|303|02|2020|3|1 - AUTORIZAÇÃO PARA ABERTURA DO PROCEDIMENTO DE DISPENSA OU INEXIGIBILIDADE|277***646**|MARCELO GARABINI
2077982|315166|303|02|2020|3|1 - AUTORIZAÇÃO PARA ABERTURA DO PROCEDIMENTO DE DISPENSA OU INEXIGIBILIDADE|277***646**|MARCELO GARABINI
2077983|315167|303|02|2020|3|2 - COTAÇÃO DE PREÇOS|277***646**|MARCELO GARABINI
2077986|315167|303|02|2020|3|1 - AUTORIZAÇÃO PARA ABERTURA DO PROCEDIMENTO DE DISPENSA OU INEXIGIBILIDADE|277***646**|MARCELO GARABINI
2078045|315175|303|02|2020|4|1 - AUTORIZAÇÃO PARA ABERTURA DO PROCEDIMENTO DE DISPENSA OU INEXIGIBILIDADE|277***646**|MARCELO GARABINI
2078046|315176|303|02|2020|4|2 - COTAÇÃO DE PREÇOS|277***646**|MARCELO GARABINI
2078047|315176|303|02|2020|4|1 - AUTORIZAÇÃO PARA ABERTURA DO PROCEDIMENTO DE DISPENSA OU INEXIGIBILIDADE|277***646**|MARCELO GARABINI
2078055|315177|303|02|2020|4|1 - AUTORIZAÇÃO PARA ABERTURA DO PROCEDIMENTO DE DISPENSA OU INEXIGIBILIDADE|277***646**|MARCELO GARABINI
2078063|315178|303|02|2020|4|1 - AUTORIZAÇÃO PARA ABERTURA DO PROCEDIMENTO DE DISPENSA OU INEXIGIBILIDADE|277***646**|MARCELO GARABINI
2078070|315179|303|02|2020|4|1 - AUTORIZAÇÃO PARA ABERTURA DO PROCEDIMENTO DE DISPENSA OU INEXIGIBILIDADE|277***646**|MARCELO GARABINI
2078076|315180|303|02|2020|4|1 - AUTORIZAÇÃO PARA ABERTURA DO PROCEDIMENTO DE DISPENSA OU INEXIGIBILIDADE|277***646**|MARCELO GARABINI
2078077|315180|303|02|2020|4|4 - RATIFICAÇÃO|277***646**|MARCELO GARABINI
2078085|315181|303|02|2020|4|1 - AUTORIZAÇÃO PARA ABERTURA DO PROCEDIMENTO DE DISPENSA OU INEXIGIBILIDADE|277***646**|MARCELO GARABINI
2078089|315182|303|02|2020|4|1 - AUTORIZAÇÃO PARA ABERTURA DO PROCEDIMENTO DE DISPENSA OU INEXIGIBILIDADE|277***646**|MARCELO GARABINI
2078093|315182|303|02|2020|4|4 - RATIFICAÇÃO|277***646**|MARCELO GARABINI
2078096|315183|303|02|2020|4|2 - COTAÇÃO DE PREÇOS|277***646**|MARCELO GARABINI
2078101|315183|303|02|2020|4|1 - AUTORIZAÇÃO PARA ABERTURA DO PROCEDIMENTO DE DISPENSA OU INEXIGIBILIDADE|277***646**|MARCELO GARABINI
2078104|315184|303|02|2020|4|1 - AUTORIZAÇÃO PARA ABERTURA DO PROCEDIMENTO DE DISPENSA OU INEXIGIBILIDADE|277***646**|MARCELO GARABINI
2078108|315185|303|02|2020|4|1 - AUTORIZAÇÃO PARA ABERTURA DO PROCEDIMENTO DE DISPENSA OU INEXIGIBILIDADE|277***646**|MARCELO GARABINI
2078117|315186|303|02|2020|4|1 - AUTORIZAÇÃO PARA ABERTURA DO PROCEDIMENTO DE DISPENSA OU INEXIGIBILIDADE|277***646**|MARCELO GARABINI
2078125|315188|303|02|2020|4|1 - AUTORIZAÇÃO PARA ABERTURA DO PROCEDIMENTO DE DISPENSA OU INEXIGIBILIDADE|277***646**|MARCELO GARABINI
2078136|315191|303|02|2020|5|2 - COTAÇÃO DE PREÇOS|277***646**|MARCELO GARABINI
2078137|315191|303|02|2020|5|1 - AUTORIZAÇÃO PARA ABERTURA DO PROCEDIMENTO DE DISPENSA OU INEXIGIBILIDADE|277***646**|MARCELO GARABINI
2078139|315192|303|02|2020|5|1 - AUTORIZAÇÃO PARA ABERTURA DO PROCEDIMENTO DE DISPENSA OU INEXIGIBILIDADE|277***646**|MARCELO GARABINI
2078153|315194|303|02|2020|5|1 - AUTORIZAÇÃO PARA ABERTURA DO PROCEDIMENTO DE DISPENSA OU INEXIGIBILIDADE|277***646**|MARCELO GARABINI
2078156|315195|303|02|2020|5|1 - AUTORIZAÇÃO PARA ABERTURA DO PROCEDIMENTO DE DISPENSA OU INEXIGIBILIDADE|277***646**|MARCELO GARABINI
2078164|315196|303|02|2020|5|1 - AUTORIZAÇÃO PARA ABERTURA DO PROCEDIMENTO DE DISPENSA OU INEXIGIBILIDADE|277***646**|MARCELO GARABINI
2078172|315198|303|02|2020|5|1 - AUTORIZAÇÃO PARA ABERTURA DO PROCEDIMENTO DE DISPENSA OU INEXIGIBILIDADE|277***646**|MARCELO GARABINI
2078180|315199|303|02|2020|5|1 - AUTORIZAÇÃO PARA ABERTURA DO PROCEDIMENTO DE DISPENSA OU INEXIGIBILIDADE|277***646**|MARCELO GARABINI
2078188|315200|303|02|2020|5|1 - AUTORIZAÇÃO PARA ABERTURA DO PROCEDIMENTO DE DISPENSA OU INEXIGIBILIDADE|277***646**|MARCELO GARABINI
2323298|352204|303|02|2020|10|1 - AUTORIZAÇÃO PARA ABERTURA DO PROCEDIMENTO DE DISPENSA OU INEXIGIBILIDADE|277***646**|MARCELO GARABINI
2323301|352202|303|02|2020|10|1 - AUTORIZAÇÃO PARA ABERTURA DO PROCEDIMENTO DE DISPENSA OU INEXIGIBILIDADE|277***646**|MARCELO GARABINI
2323304|352197|303|02|2020|10|1 - AUTORIZAÇÃO PARA ABERTURA DO PROCEDIMENTO DE DISPENSA OU INEXIGIBILIDADE|277***646**|MARCELO GARABINI
2384487|361795|303|02|2020|12|2 - COTAÇÃO DE PREÇOS|044***296**|JULIO CESAR BATISTA
2384509|361795|303|02|2020|12|4 - RATIFICAÇÃO|044***296**|JULIO CESAR BATISTA
2275214|344995|303|02|2020|8|2 - COTAÇÃO DE PREÇOS|044***296**|JULIO CESAR BATISTA
2275236|344995|303|02|2020|8|4 - RATIFICAÇÃO|044***296**|JULIO CESAR BATISTA
2275045|344967|303|02|2020|6|2 - COTAÇÃO DE PREÇOS|044***296**|JULIO CESAR BATISTA
2275061|344967|303|02|2020|6|4 - RATIFICAÇÃO|044***296**|JULIO CESAR BATISTA
2275289|345013|303|02|2020|9|2 - COTAÇÃO DE PREÇOS|044***296**|JULIO CESAR BATISTA
2275319|345013|303|02|2020|9|4 - RATIFICAÇÃO|044***296**|JULIO CESAR BATISTA
2275274|345013|303|02|2020|9|1 - AUTORIZAÇÃO PARA ABERTURA DO PROCEDIMENTO DE DISPENSA OU INEXIGIBILIDADE|044***296**|JULIO CESAR BATISTA
2077960|315163|303|02|2020|3|1 - AUTORIZAÇÃO PARA ABERTURA DO PROCEDIMENTO DE DISPENSA OU INEXIGIBILIDADE|860***636**|MARINA LÚCIA LIMA DE ORNELAS DUARTE
2384480|361794|303|02|2020|12|2 - COTAÇÃO DE PREÇOS|064***746**|WELBERTI JOSE SOARES
2384481|361789|303|02|2020|12|2 - COTAÇÃO DE PREÇOS|064***746**|WELBERTI JOSE SOARES
2384483|361793|303|02|2020|12|2 - COTAÇÃO DE PREÇOS|064***746**|WELBERTI JOSE SOARES
2384485|361792|303|02|2020|12|2 - COTAÇÃO DE PREÇOS|064***746**|WELBERTI JOSE SOARES
2384486|361784|303|02|2020|12|2 - COTAÇÃO DE PREÇOS|064***746**|WELBERTI JOSE SOARES
2384489|361791|303|02|2020|12|2 - COTAÇÃO DE PREÇOS|064***746**|WELBERTI JOSE SOARES
2384490|361790|303|02|2020|12|2 - COTAÇÃO DE PREÇOS|064***746**|WELBERTI JOSE SOARES
2275208|345001|303|02|2020|8|2 - COTAÇÃO DE PREÇOS|064***746**|WELBERTI JOSE SOARES
2275213|344996|303|02|2020|8|2 - COTAÇÃO DE PREÇOS|064***746**|WELBERTI JOSE SOARES
2275218|344992|303|02|2020|8|2 - COTAÇÃO DE PREÇOS|064***746**|WELBERTI JOSE SOARES
2051473|310934|303|02|2020|1|2 - COTAÇÃO DE PREÇOS|064***746**|WELBERTI JOSE SOARES
2051494|310937|303|02|2020|1|2 - COTAÇÃO DE PREÇOS|064***746**|WELBERTI JOSE SOARES
2051512|310940|303|02|2020|1|2 - COTAÇÃO DE PREÇOS|064***746**|WELBERTI JOSE SOARES
2051561|310950|303|02|2020|1|2 - COTAÇÃO DE PREÇOS|064***746**|WELBERTI JOSE SOARES
2051586|310955|303|02|2020|1|2 - COTAÇÃO DE PREÇOS|064***746**|WELBERTI JOSE SOARES
2051603|310959|303|02|2020|1|2 - COTAÇÃO DE PREÇOS|064***746**|WELBERTI JOSE SOARES
2051724|310981|303|02|2020|2|2 - COTAÇÃO DE PREÇOS|064***746**|WELBERTI JOSE SOARES
2051727|310982|303|02|2020|2|2 - COTAÇÃO DE PREÇOS|064***746**|WELBERTI JOSE SOARES
2051610|310960|303|02|2020|2|2 - COTAÇÃO DE PREÇOS|064***746**|WELBERTI JOSE SOARES
2051617|310961|303|02|2020|2|2 - COTAÇÃO DE PREÇOS|064***746**|WELBERTI JOSE SOARES
2051638|310965|303|02|2020|2|2 - COTAÇÃO DE PREÇOS|064***746**|WELBERTI JOSE SOARES
2051656|310969|303|02|2020|2|2 - COTAÇÃO DE PREÇOS|064***746**|WELBERTI JOSE SOARES
2051677|310973|303|02|2020|2|2 - COTAÇÃO DE PREÇOS|064***746**|WELBERTI JOSE SOARES
2051694|310976|303|02|2020|2|2 - COTAÇÃO DE PREÇOS|064***746**|WELBERTI JOSE SOARES
2051706|310979|303|02|2020|2|2 - COTAÇÃO DE PREÇOS|064***746**|WELBERTI JOSE SOARES
2275046|344968|303|02|2020|6|2 - COTAÇÃO DE PREÇOS|064***746**|WELBERTI JOSE SOARES
2275047|344966|303|02|2020|6|2 - COTAÇÃO DE PREÇOS|064***746**|WELBERTI JOSE SOARES
2275048|344965|303|02|2020|6|2 - COTAÇÃO DE PREÇOS|064***746**|WELBERTI JOSE SOARES
2275049|344964|303|02|2020|6|2 - COTAÇÃO DE PREÇOS|064***746**|WELBERTI JOSE SOARES
2275050|344963|303|02|2020|6|2 - COTAÇÃO DE PREÇOS|064***746**|WELBERTI JOSE SOARES
2275051|344962|303|02|2020|6|2 - COTAÇÃO DE PREÇOS|064***746**|WELBERTI JOSE SOARES
2275110|344984|303|02|2020|7|2 - COTAÇÃO DE PREÇOS|064***746**|WELBERTI JOSE SOARES
2275113|344981|303|02|2020|7|2 - COTAÇÃO DE PREÇOS|064***746**|WELBERTI JOSE SOARES
2275114|344989|303|02|2020|7|2 - COTAÇÃO DE PREÇOS|064***746**|WELBERTI JOSE SOARES
2275118|344977|303|02|2020|7|2 - COTAÇÃO DE PREÇOS|064***746**|WELBERTI JOSE SOARES
2275119|344976|303|02|2020|7|2 - COTAÇÃO DE PREÇOS|064***746**|WELBERTI JOSE SOARES
2275283|345010|303|02|2020|9|2 - COTAÇÃO DE PREÇOS|064***746**|WELBERTI JOSE SOARES
2275284|345009|303|02|2020|9|2 - COTAÇÃO DE PREÇOS|064***746**|WELBERTI JOSE SOARES
2275287|345008|303|02|2020|9|2 - COTAÇÃO DE PREÇOS|064***746**|WELBERTI JOSE SOARES
2275290|345006|303|02|2020|9|2 - COTAÇÃO DE PREÇOS|064***746**|WELBERTI JOSE SOARES
2275294|345003|303|02|2020|9|2 - COTAÇÃO DE PREÇOS|064***746**|WELBERTI JOSE SOARES
2275296|345007|303|02|2020|9|2 - COTAÇÃO DE PREÇOS|064***746**|WELBERTI JOSE SOARES
2275297|345011|303|02|2020|9|2 - COTAÇÃO DE PREÇOS|064***746**|WELBERTI JOSE SOARES
2371813|359750|303|02|2020|11|2 - COTAÇÃO DE PREÇOS|064***746**|WELBERTI JOSE SOARES
2371814|359745|303|02|2020|11|2 - COTAÇÃO DE PREÇOS|064***746**|WELBERTI JOSE SOARES
2371816|359744|303|02|2020|11|2 - COTAÇÃO DE PREÇOS|064***746**|WELBERTI JOSE SOARES
2371818|359747|303|02|2020|11|2 - COTAÇÃO DE PREÇOS|064***746**|WELBERTI JOSE SOARES
2371819|359743|303|02|2020|11|2 - COTAÇÃO DE PREÇOS|064***746**|WELBERTI JOSE SOARES
2371820|359746|303|02|2020|11|2 - COTAÇÃO DE PREÇOS|064***746**|WELBERTI JOSE SOARES
2371821|359742|303|02|2020|11|2 - COTAÇÃO DE PREÇOS|064***746**|WELBERTI JOSE SOARES
2078008|315170|303|02|2020|3|2 - COTAÇÃO DE PREÇOS|064***746**|WELBERTI JOSE SOARES
2077890|315151|303|02|2020|3|2 - COTAÇÃO DE PREÇOS|064***746**|WELBERTI JOSE SOARES
2077925|315158|303|02|2020|3|2 - COTAÇÃO DE PREÇOS|064***746**|WELBERTI JOSE SOARES
2078042|315175|303|02|2020|4|2 - COTAÇÃO DE PREÇOS|064***746**|WELBERTI JOSE SOARES
2078103|315184|303|02|2020|4|2 - COTAÇÃO DE PREÇOS|064***746**|WELBERTI JOSE SOARES
2078121|315186|303|02|2020|4|2 - COTAÇÃO DE PREÇOS|064***746**|WELBERTI JOSE SOARES
2078142|315192|303|02|2020|5|2 - COTAÇÃO DE PREÇOS|064***746**|WELBERTI JOSE SOARES
2078150|315194|303|02|2020|5|2 - COTAÇÃO DE PREÇOS|064***746**|WELBERTI JOSE SOARES
2078160|315195|303|02|2020|5|2 - COTAÇÃO DE PREÇOS|064***746**|WELBERTI JOSE SOARES
2078163|315196|303|02|2020|5|2 - COTAÇÃO DE PREÇOS|064***746**|WELBERTI JOSE SOARES
2078177|315199|303|02|2020|5|2 - COTAÇÃO DE PREÇOS|064***746**|WELBERTI JOSE SOARES
2078186|315200|303|02|2020|5|2 - COTAÇÃO DE PREÇOS|064***746**|WELBERTI JOSE SOARES
2323309|352205|303|02|2020|10|2 - COTAÇÃO DE PREÇOS|064***746**|WELBERTI JOSE SOARES
2323310|352206|303|02|2020|10|2 - COTAÇÃO DE PREÇOS|064***746**|WELBERTI JOSE SOARES
2323311|352204|303|02|2020|10|2 - COTAÇÃO DE PREÇOS|064***746**|WELBERTI JOSE SOARES
2323314|352201|303|02|2020|10|2 - COTAÇÃO DE PREÇOS|064***746**|WELBERTI JOSE SOARES
2323315|352197|303|02|2020|10|2 - COTAÇÃO DE PREÇOS|064***746**|WELBERTI JOSE SOARES
2323316|352200|303|02|2020|10|2 - COTAÇÃO DE PREÇOS|064***746**|WELBERTI JOSE SOARES
2323317|352199|303|02|2020|10|2 - COTAÇÃO DE PREÇOS|064***746**|WELBERTI JOSE SOARES
2323319|352198|303|02|2020|10|2 - COTAÇÃO DE PREÇOS|064***746**|WELBERTI JOSE SOARES
2384482|361787|303|02|2020|12|2 - COTAÇÃO DE PREÇOS|967***686**|ÚRSULA CRISTINA ANGELO COELHO FERREIRA
2384488|361782|303|02|2020|12|2 - COTAÇÃO DE PREÇOS|967***686**|ÚRSULA CRISTINA ANGELO COELHO FERREIRA
2384504|361787|303|02|2020|12|4 - RATIFICAÇÃO|967***686**|ÚRSULA CRISTINA ANGELO COELHO FERREIRA
2384506|361786|303|02|2020|12|4 - RATIFICAÇÃO|967***686**|ÚRSULA CRISTINA ANGELO COELHO FERREIRA
2384508|361784|303|02|2020|12|4 - RATIFICAÇÃO|967***686**|ÚRSULA CRISTINA ANGELO COELHO FERREIRA
2384510|361782|303|02|2020|12|4 - RATIFICAÇÃO|967***686**|ÚRSULA CRISTINA ANGELO COELHO FERREIRA
2275197|344991|303|02|2020|8|1 - AUTORIZAÇÃO PARA ABERTURA DO PROCEDIMENTO DE DISPENSA OU INEXIGIBILIDADE|967***686**|ÚRSULA CRISTINA ANGELO COELHO FERREIRA
2275211|344998|303|02|2020|8|2 - COTAÇÃO DE PREÇOS|967***686**|ÚRSULA CRISTINA ANGELO COELHO FERREIRA
2275215|344994|303|02|2020|8|2 - COTAÇÃO DE PREÇOS|967***686**|ÚRSULA CRISTINA ANGELO COELHO FERREIRA
2275233|344998|303|02|2020|8|4 - RATIFICAÇÃO|967***686**|ÚRSULA CRISTINA ANGELO COELHO FERREIRA
2275237|344994|303|02|2020|8|4 - RATIFICAÇÃO|967***686**|ÚRSULA CRISTINA ANGELO COELHO FERREIRA
2275115|344980|303|02|2020|7|2 - COTAÇÃO DE PREÇOS|967***686**|ÚRSULA CRISTINA ANGELO COELHO FERREIRA
2275117|344978|303|02|2020|7|2 - COTAÇÃO DE PREÇOS|967***686**|ÚRSULA CRISTINA ANGELO COELHO FERREIRA
2275120|344975|303|02|2020|7|2 - COTAÇÃO DE PREÇOS|967***686**|ÚRSULA CRISTINA ANGELO COELHO FERREIRA
2275124|344973|303|02|2020|7|2 - COTAÇÃO DE PREÇOS|967***686**|ÚRSULA CRISTINA ANGELO COELHO FERREIRA
2275141|344983|303|02|2020|7|4 - RATIFICAÇÃO|967***686**|ÚRSULA CRISTINA ANGELO COELHO FERREIRA
2275142|344982|303|02|2020|7|4 - RATIFICAÇÃO|967***686**|ÚRSULA CRISTINA ANGELO COELHO FERREIRA
2275145|344980|303|02|2020|7|4 - RATIFICAÇÃO|967***686**|ÚRSULA CRISTINA ANGELO COELHO FERREIRA
2275146|344979|303|02|2020|7|4 - RATIFICAÇÃO|967***686**|ÚRSULA CRISTINA ANGELO COELHO FERREIRA
2275147|344978|303|02|2020|7|4 - RATIFICAÇÃO|967***686**|ÚRSULA CRISTINA ANGELO COELHO FERREIRA
2275150|344975|303|02|2020|7|4 - RATIFICAÇÃO|967***686**|ÚRSULA CRISTINA ANGELO COELHO FERREIRA
2275153|344974|303|02|2020|7|4 - RATIFICAÇÃO|967***686**|ÚRSULA CRISTINA ANGELO COELHO FERREIRA
2275154|344973|303|02|2020|7|4 - RATIFICAÇÃO|967***686**|ÚRSULA CRISTINA ANGELO COELHO FERREIRA
2275285|345016|303|02|2020|9|2 - COTAÇÃO DE PREÇOS|967***686**|ÚRSULA CRISTINA ANGELO COELHO FERREIRA
2275292|345005|303|02|2020|9|2 - COTAÇÃO DE PREÇOS|967***686**|ÚRSULA CRISTINA ANGELO COELHO FERREIRA
2275293|345004|303|02|2020|9|2 - COTAÇÃO DE PREÇOS|967***686**|ÚRSULA CRISTINA ANGELO COELHO FERREIRA
2275315|345016|303|02|2020|9|4 - RATIFICAÇÃO|967***686**|ÚRSULA CRISTINA ANGELO COELHO FERREIRA
2275318|345014|303|02|2020|9|4 - RATIFICAÇÃO|967***686**|ÚRSULA CRISTINA ANGELO COELHO FERREIRA
2275322|345005|303|02|2020|9|4 - RATIFICAÇÃO|967***686**|ÚRSULA CRISTINA ANGELO COELHO FERREIRA
2275321|345012|303|02|2020|9|4 - RATIFICAÇÃO|967***686**|ÚRSULA CRISTINA ANGELO COELHO FERREIRA
2275323|345004|303|02|2020|9|4 - RATIFICAÇÃO|967***686**|ÚRSULA CRISTINA ANGELO COELHO FERREIRA
2371833|359749|303|02|2020|11|4 - RATIFICAÇÃO|967***686**|ÚRSULA CRISTINA ANGELO COELHO FERREIRA
2323299|352203|303|02|2020|10|1 - AUTORIZAÇÃO PARA ABERTURA DO PROCEDIMENTO DE DISPENSA OU INEXIGIBILIDADE|967***686**|ÚRSULA CRISTINA ANGELO COELHO FERREIRA
2323300|352208|303|02|2020|10|1 - AUTORIZAÇÃO PARA ABERTURA DO PROCEDIMENTO DE DISPENSA OU INEXIGIBILIDADE|967***686**|ÚRSULA CRISTINA ANGELO COELHO FERREIRA
2323307|352207|303|02|2020|10|1 - AUTORIZAÇÃO PARA ABERTURA DO PROCEDIMENTO DE DISPENSA OU INEXIGIBILIDADE|967***686**|ÚRSULA CRISTINA ANGELO COELHO FERREIRA
2323335|352203|303|02|2020|10|4 - RATIFICAÇÃO|967***686**|ÚRSULA CRISTINA ANGELO COELHO FERREIRA
2323336|352208|303|02|2020|10|4 - RATIFICAÇÃO|967***686**|ÚRSULA CRISTINA ANGELO COELHO FERREIRA
2323342|352207|303|02|2020|10|4 - RATIFICAÇÃO|967***686**|ÚRSULA CRISTINA ANGELO COELHO FERREIRA
2275116|344979|303|02|2020|7|2 - COTAÇÃO DE PREÇOS|607***676**|RITA DE CASSIA STELLING SREIS
2275198|344991|303|02|2020|8|1 - AUTORIZAÇÃO PARA ABERTURA DO PROCEDIMENTO DE DISPENSA OU INEXIGIBILIDADE|108***936**|ALBERTO NAZARETH PIRES
2275111|344983|303|02|2020|7|2 - COTAÇÃO DE PREÇOS|108***936**|ALBERTO NAZARETH PIRES
2275112|344982|303|02|2020|7|2 - COTAÇÃO DE PREÇOS|108***936**|ALBERTO NAZARETH PIRES
2275123|344974|303|02|2020|7|2 - COTAÇÃO DE PREÇOS|108***936**|ALBERTO NAZARETH PIRES
2011484|304367|305|04|2020|1|1 - AUTORIZAÇÃO PARA ABERTURA DO PROCEDIMENTO DE DISPENSA OU INEXIGIBILIDADE|084***226**|DARLAN CORRADI PERDIGAO DE ALMEIDA
2303873|348975|305|04|2020|10|1 - AUTORIZAÇÃO PARA ABERTURA DO PROCEDIMENTO DE DISPENSA OU INEXIGIBILIDADE|084***226**|DARLAN CORRADI PERDIGAO DE ALMEIDA
2011487|304367|305|04|2020|1|1 - AUTORIZAÇÃO PARA ABERTURA DO PROCEDIMENTO DE DISPENSA OU INEXIGIBILIDADE|999***926**|CINTIA REGINA DOS SANTOS
2303875|348975|305|04|2020|10|3 - INFORMAÇÃO DE EXISTÊNCIA DE RECURSOS ORCAMENTÁRIOS|999***926**|CINTIA REGINA DOS SANTOS
1987589|300153|302|01|2020|3|2 - COTAÇÃO DE PREÇOS|922***436**|ALCIONE APARECIDA LIMA
2323302|352202|303|02|2020|10|1 - AUTORIZAÇÃO PARA ABERTURA DO PROCEDIMENTO DE DISPENSA OU INEXIGIBILIDADE|037***916**|WEBBER LEITE MARCHI
2275316|345015|303|02|2020|9|4 - RATIFICAÇÃO|999***926**|CINTIA REGINA DOS SANTOS
2078081|315181|303|02|2020|4|4 - RATIFICAÇÃO|999***926**|CINTIA REGINA DOS SANTOS
2384531|361792|303|02|2020|12|6 - PARECER JURÍDICO|001***386**|EDSON LEONARDO DE ALMEIDA
2384532|361796|303|02|2020|12|6 - PARECER JURÍDICO|001***386**|EDSON LEONARDO DE ALMEIDA
2384533|361795|303|02|2020|12|6 - PARECER JURÍDICO|001***386**|EDSON LEONARDO DE ALMEIDA
2384534|361783|303|02|2020|12|6 - PARECER JURÍDICO|001***386**|EDSON LEONARDO DE ALMEIDA
2384535|361782|303|02|2020|12|6 - PARECER JURÍDICO|001***386**|EDSON LEONARDO DE ALMEIDA
2384536|361791|303|02|2020|12|6 - PARECER JURÍDICO|001***386**|EDSON LEONARDO DE ALMEIDA
2384537|361790|303|02|2020|12|6 - PARECER JURÍDICO|001***386**|EDSON LEONARDO DE ALMEIDA
2384538|361781|303|02|2020|12|6 - PARECER JURÍDICO|001***386**|EDSON LEONARDO DE ALMEIDA
2384524|361794|303|02|2020|12|6 - PARECER JURÍDICO|001***386**|EDSON LEONARDO DE ALMEIDA
2384525|361789|303|02|2020|12|6 - PARECER JURÍDICO|001***386**|EDSON LEONARDO DE ALMEIDA
2384526|361788|303|02|2020|12|6 - PARECER JURÍDICO|001***386**|EDSON LEONARDO DE ALMEIDA
2384527|361787|303|02|2020|12|6 - PARECER JURÍDICO|001***386**|EDSON LEONARDO DE ALMEIDA
2384528|361793|303|02|2020|12|6 - PARECER JURÍDICO|001***386**|EDSON LEONARDO DE ALMEIDA
2384529|361786|303|02|2020|12|6 - PARECER JURÍDICO|001***386**|EDSON LEONARDO DE ALMEIDA
2384530|361785|303|02|2020|12|6 - PARECER JURÍDICO|001***386**|EDSON LEONARDO DE ALMEIDA
2275199|344991|303|02|2020|8|1 - AUTORIZAÇÃO PARA ABERTURA DO PROCEDIMENTO DE DISPENSA OU INEXIGIBILIDADE|001***386**|EDSON LEONARDO DE ALMEIDA
2275252|345001|303|02|2020|8|6 - PARECER JURÍDICO|001***386**|EDSON LEONARDO DE ALMEIDA
2275253|345000|303|02|2020|8|6 - PARECER JURÍDICO|001***386**|EDSON LEONARDO DE ALMEIDA
2275254|344999|303|02|2020|8|6 - PARECER JURÍDICO|001***386**|EDSON LEONARDO DE ALMEIDA
2275258|344991|303|02|2020|8|6 - PARECER JURÍDICO|001***386**|EDSON LEONARDO DE ALMEIDA
2275255|344998|303|02|2020|8|6 - PARECER JURÍDICO|001***386**|EDSON LEONARDO DE ALMEIDA
2275256|344997|303|02|2020|8|6 - PARECER JURÍDICO|001***386**|EDSON LEONARDO DE ALMEIDA
2275257|344996|303|02|2020|8|6 - PARECER JURÍDICO|001***386**|EDSON LEONARDO DE ALMEIDA
2275259|344995|303|02|2020|8|6 - PARECER JURÍDICO|001***386**|EDSON LEONARDO DE ALMEIDA
2275260|344994|303|02|2020|8|6 - PARECER JURÍDICO|001***386**|EDSON LEONARDO DE ALMEIDA
2275261|344993|303|02|2020|8|6 - PARECER JURÍDICO|001***386**|EDSON LEONARDO DE ALMEIDA
2275262|344990|303|02|2020|8|6 - PARECER JURÍDICO|001***386**|EDSON LEONARDO DE ALMEIDA
2275263|344992|303|02|2020|8|6 - PARECER JURÍDICO|001***386**|EDSON LEONARDO DE ALMEIDA
2275264|345001|303|02|2020|8|7 - PARECER (OUTROS)|001***386**|EDSON LEONARDO DE ALMEIDA
2275265|344999|303|02|2020|8|7 - PARECER (OUTROS)|001***386**|EDSON LEONARDO DE ALMEIDA
2275266|344996|303|02|2020|8|7 - PARECER (OUTROS)|001***386**|EDSON LEONARDO DE ALMEIDA
2275267|344992|303|02|2020|8|7 - PARECER (OUTROS)|001***386**|EDSON LEONARDO DE ALMEIDA
2051443|310929|303|02|2020|1|6 - PARECER JURÍDICO|001***386**|EDSON LEONARDO DE ALMEIDA
2051454|310930|303|02|2020|1|6 - PARECER JURÍDICO|001***386**|EDSON LEONARDO DE ALMEIDA
2051457|310931|303|02|2020|1|6 - PARECER JURÍDICO|001***386**|EDSON LEONARDO DE ALMEIDA
2051463|310932|303|02|2020|1|6 - PARECER JURÍDICO|001***386**|EDSON LEONARDO DE ALMEIDA
2051469|310933|303|02|2020|1|6 - PARECER JURÍDICO|001***386**|EDSON LEONARDO DE ALMEIDA
2051475|310934|303|02|2020|1|6 - PARECER JURÍDICO|001***386**|EDSON LEONARDO DE ALMEIDA
2051478|310935|303|02|2020|1|6 - PARECER JURÍDICO|001***386**|EDSON LEONARDO DE ALMEIDA
2051489|310936|303|02|2020|1|6 - PARECER JURÍDICO|001***386**|EDSON LEONARDO DE ALMEIDA
2051495|310937|303|02|2020|1|6 - PARECER JURÍDICO|001***386**|EDSON LEONARDO DE ALMEIDA
2051497|310938|303|02|2020|1|6 - PARECER JURÍDICO|001***386**|EDSON LEONARDO DE ALMEIDA
2051505|310939|303|02|2020|1|6 - PARECER JURÍDICO|001***386**|EDSON LEONARDO DE ALMEIDA
2051511|310940|303|02|2020|1|6 - PARECER JURÍDICO|001***386**|EDSON LEONARDO DE ALMEIDA
2051521|310941|303|02|2020|1|6 - PARECER JURÍDICO|001***386**|EDSON LEONARDO DE ALMEIDA
2051522|310942|303|02|2020|1|6 - PARECER JURÍDICO|001***386**|EDSON LEONARDO DE ALMEIDA
2051523|310943|303|02|2020|1|6 - PARECER JURÍDICO|001***386**|EDSON LEONARDO DE ALMEIDA
2051527|310944|303|02|2020|1|6 - PARECER JURÍDICO|001***386**|EDSON LEONARDO DE ALMEIDA
2051530|310945|303|02|2020|1|6 - PARECER JURÍDICO|001***386**|EDSON LEONARDO DE ALMEIDA
2051537|310946|303|02|2020|1|6 - PARECER JURÍDICO|001***386**|EDSON LEONARDO DE ALMEIDA
2051540|310947|303|02|2020|1|6 - PARECER JURÍDICO|001***386**|EDSON LEONARDO DE ALMEIDA
2051547|310948|303|02|2020|1|6 - PARECER JURÍDICO|001***386**|EDSON LEONARDO DE ALMEIDA
2051553|310949|303|02|2020|1|6 - PARECER JURÍDICO|001***386**|EDSON LEONARDO DE ALMEIDA
2051562|310950|303|02|2020|1|6 - PARECER JURÍDICO|001***386**|EDSON LEONARDO DE ALMEIDA
2051566|310951|303|02|2020|1|6 - PARECER JURÍDICO|001***386**|EDSON LEONARDO DE ALMEIDA
2051567|310952|303|02|2020|1|6 - PARECER JURÍDICO|001***386**|EDSON LEONARDO DE ALMEIDA
2051579|310953|303|02|2020|1|6 - PARECER JURÍDICO|001***386**|EDSON LEONARDO DE ALMEIDA
2051581|310954|303|02|2020|1|6 - PARECER JURÍDICO|001***386**|EDSON LEONARDO DE ALMEIDA
2051585|310955|303|02|2020|1|6 - PARECER JURÍDICO|001***386**|EDSON LEONARDO DE ALMEIDA
2051593|310956|303|02|2020|1|6 - PARECER JURÍDICO|001***386**|EDSON LEONARDO DE ALMEIDA
2051595|310957|303|02|2020|1|6 - PARECER JURÍDICO|001***386**|EDSON LEONARDO DE ALMEIDA
2051598|310958|303|02|2020|1|6 - PARECER JURÍDICO|001***386**|EDSON LEONARDO DE ALMEIDA
2051605|310959|303|02|2020|1|6 - PARECER JURÍDICO|001***386**|EDSON LEONARDO DE ALMEIDA
2051723|310981|303|02|2020|2|6 - PARECER JURÍDICO|001***386**|EDSON LEONARDO DE ALMEIDA
2051729|310982|303|02|2020|2|6 - PARECER JURÍDICO|001***386**|EDSON LEONARDO DE ALMEIDA
2051738|310983|303|02|2020|2|6 - PARECER JURÍDICO|001***386**|EDSON LEONARDO DE ALMEIDA
2051739|310984|303|02|2020|2|6 - PARECER JURÍDICO|001***386**|EDSON LEONARDO DE ALMEIDA
2051616|310960|303|02|2020|2|6 - PARECER JURÍDICO|001***386**|EDSON LEONARDO DE ALMEIDA
2051621|310961|303|02|2020|2|6 - PARECER JURÍDICO|001***386**|EDSON LEONARDO DE ALMEIDA
2051624|310962|303|02|2020|2|6 - PARECER JURÍDICO|001***386**|EDSON LEONARDO DE ALMEIDA
2051625|310963|303|02|2020|2|6 - PARECER JURÍDICO|001***386**|EDSON LEONARDO DE ALMEIDA
2051632|310964|303|02|2020|2|6 - PARECER JURÍDICO|001***386**|EDSON LEONARDO DE ALMEIDA
2051642|310965|303|02|2020|2|6 - PARECER JURÍDICO|001***386**|EDSON LEONARDO DE ALMEIDA
2051645|310966|303|02|2020|2|6 - PARECER JURÍDICO|001***386**|EDSON LEONARDO DE ALMEIDA
2051649|310967|303|02|2020|2|6 - PARECER JURÍDICO|001***386**|EDSON LEONARDO DE ALMEIDA
2051652|310968|303|02|2020|2|6 - PARECER JURÍDICO|001***386**|EDSON LEONARDO DE ALMEIDA
2051653|310969|303|02|2020|2|6 - PARECER JURÍDICO|001***386**|EDSON LEONARDO DE ALMEIDA
2051666|310970|303|02|2020|2|6 - PARECER JURÍDICO|001***386**|EDSON LEONARDO DE ALMEIDA
2051667|310971|303|02|2020|2|6 - PARECER JURÍDICO|001***386**|EDSON LEONARDO DE ALMEIDA
2051670|310972|303|02|2020|2|6 - PARECER JURÍDICO|001***386**|EDSON LEONARDO DE ALMEIDA
2051681|310973|303|02|2020|2|6 - PARECER JURÍDICO|001***386**|EDSON LEONARDO DE ALMEIDA
2051682|310974|303|02|2020|2|6 - PARECER JURÍDICO|001***386**|EDSON LEONARDO DE ALMEIDA
2051687|310975|303|02|2020|2|6 - PARECER JURÍDICO|001***386**|EDSON LEONARDO DE ALMEIDA
2051691|310976|303|02|2020|2|6 - PARECER JURÍDICO|001***386**|EDSON LEONARDO DE ALMEIDA
2051696|310977|303|02|2020|2|6 - PARECER JURÍDICO|001***386**|EDSON LEONARDO DE ALMEIDA
2051701|310978|303|02|2020|2|6 - PARECER JURÍDICO|001***386**|EDSON LEONARDO DE ALMEIDA
2051704|310979|303|02|2020|2|6 - PARECER JURÍDICO|001***386**|EDSON LEONARDO DE ALMEIDA
2051711|310980|303|02|2020|2|6 - PARECER JURÍDICO|001***386**|EDSON LEONARDO DE ALMEIDA
2275077|344967|303|02|2020|6|6 - PARECER JURÍDICO|001***386**|EDSON LEONARDO DE ALMEIDA
2275081|344965|303|02|2020|6|6 - PARECER JURÍDICO|001***386**|EDSON LEONARDO DE ALMEIDA
2275078|344968|303|02|2020|6|6 - PARECER JURÍDICO|001***386**|EDSON LEONARDO DE ALMEIDA
2275079|344972|303|02|2020|6|6 - PARECER JURÍDICO|001***386**|EDSON LEONARDO DE ALMEIDA
2275080|344966|303|02|2020|6|6 - PARECER JURÍDICO|001***386**|EDSON LEONARDO DE ALMEIDA
2275082|344964|303|02|2020|6|6 - PARECER JURÍDICO|001***386**|EDSON LEONARDO DE ALMEIDA
2275083|344971|303|02|2020|6|6 - PARECER JURÍDICO|001***386**|EDSON LEONARDO DE ALMEIDA
2275084|344963|303|02|2020|6|6 - PARECER JURÍDICO|001***386**|EDSON LEONARDO DE ALMEIDA
2275085|344970|303|02|2020|6|6 - PARECER JURÍDICO|001***386**|EDSON LEONARDO DE ALMEIDA
2275086|344962|303|02|2020|6|6 - PARECER JURÍDICO|001***386**|EDSON LEONARDO DE ALMEIDA
2275087|344961|303|02|2020|6|6 - PARECER JURÍDICO|001***386**|EDSON LEONARDO DE ALMEIDA
2275088|344969|303|02|2020|6|6 - PARECER JURÍDICO|001***386**|EDSON LEONARDO DE ALMEIDA
2275170|344984|303|02|2020|7|6 - PARECER JURÍDICO|001***386**|EDSON LEONARDO DE ALMEIDA
2275171|344983|303|02|2020|7|6 - PARECER JURÍDICO|001***386**|EDSON LEONARDO DE ALMEIDA
2275172|344982|303|02|2020|7|6 - PARECER JURÍDICO|001***386**|EDSON LEONARDO DE ALMEIDA
2275173|344981|303|02|2020|7|6 - PARECER JURÍDICO|001***386**|EDSON LEONARDO DE ALMEIDA
2275174|344989|303|02|2020|7|6 - PARECER JURÍDICO|001***386**|EDSON LEONARDO DE ALMEIDA
2275175|344980|303|02|2020|7|6 - PARECER JURÍDICO|001***386**|EDSON LEONARDO DE ALMEIDA
2275176|344988|303|02|2020|7|6 - PARECER JURÍDICO|001***386**|EDSON LEONARDO DE ALMEIDA
2275177|344979|303|02|2020|7|6 - PARECER JURÍDICO|001***386**|EDSON LEONARDO DE ALMEIDA
2275178|344978|303|02|2020|7|6 - PARECER JURÍDICO|001***386**|EDSON LEONARDO DE ALMEIDA
2275179|344977|303|02|2020|7|6 - PARECER JURÍDICO|001***386**|EDSON LEONARDO DE ALMEIDA
2275180|344976|303|02|2020|7|6 - PARECER JURÍDICO|001***386**|EDSON LEONARDO DE ALMEIDA
2275181|344975|303|02|2020|7|6 - PARECER JURÍDICO|001***386**|EDSON LEONARDO DE ALMEIDA
2275182|344987|303|02|2020|7|6 - PARECER JURÍDICO|001***386**|EDSON LEONARDO DE ALMEIDA
2275183|344974|303|02|2020|7|6 - PARECER JURÍDICO|001***386**|EDSON LEONARDO DE ALMEIDA
2275184|344985|303|02|2020|7|6 - PARECER JURÍDICO|001***386**|EDSON LEONARDO DE ALMEIDA
2275185|344973|303|02|2020|7|6 - PARECER JURÍDICO|001***386**|EDSON LEONARDO DE ALMEIDA
2275190|344986|303|02|2020|7|7 - PARECER (OUTROS)|001***386**|EDSON LEONARDO DE ALMEIDA
2275345|345016|303|02|2020|9|6 - PARECER JURÍDICO|001***386**|EDSON LEONARDO DE ALMEIDA
2275343|345010|303|02|2020|9|6 - PARECER JURÍDICO|001***386**|EDSON LEONARDO DE ALMEIDA
2275344|345009|303|02|2020|9|6 - PARECER JURÍDICO|001***386**|EDSON LEONARDO DE ALMEIDA
2275346|345015|303|02|2020|9|6 - PARECER JURÍDICO|001***386**|EDSON LEONARDO DE ALMEIDA
2275347|345008|303|02|2020|9|6 - PARECER JURÍDICO|001***386**|EDSON LEONARDO DE ALMEIDA
2275348|345014|303|02|2020|9|6 - PARECER JURÍDICO|001***386**|EDSON LEONARDO DE ALMEIDA
2275349|345013|303|02|2020|9|6 - PARECER JURÍDICO|001***386**|EDSON LEONARDO DE ALMEIDA
2275350|345006|303|02|2020|9|6 - PARECER JURÍDICO|001***386**|EDSON LEONARDO DE ALMEIDA
2275351|345012|303|02|2020|9|6 - PARECER JURÍDICO|001***386**|EDSON LEONARDO DE ALMEIDA
2275352|345005|303|02|2020|9|6 - PARECER JURÍDICO|001***386**|EDSON LEONARDO DE ALMEIDA
2275353|345004|303|02|2020|9|6 - PARECER JURÍDICO|001***386**|EDSON LEONARDO DE ALMEIDA
2275354|345003|303|02|2020|9|6 - PARECER JURÍDICO|001***386**|EDSON LEONARDO DE ALMEIDA
2275355|345002|303|02|2020|9|6 - PARECER JURÍDICO|001***386**|EDSON LEONARDO DE ALMEIDA
2275356|345007|303|02|2020|9|6 - PARECER JURÍDICO|001***386**|EDSON LEONARDO DE ALMEIDA
2275357|345011|303|02|2020|9|6 - PARECER JURÍDICO|001***386**|EDSON LEONARDO DE ALMEIDA
2371849|359750|303|02|2020|11|6 - PARECER JURÍDICO|001***386**|EDSON LEONARDO DE ALMEIDA
2371850|359745|303|02|2020|11|6 - PARECER JURÍDICO|001***386**|EDSON LEONARDO DE ALMEIDA
2371854|359747|303|02|2020|11|6 - PARECER JURÍDICO|001***386**|EDSON LEONARDO DE ALMEIDA
2371851|359749|303|02|2020|11|6 - PARECER JURÍDICO|001***386**|EDSON LEONARDO DE ALMEIDA
2371852|359744|303|02|2020|11|6 - PARECER JURÍDICO|001***386**|EDSON LEONARDO DE ALMEIDA
2371853|359748|303|02|2020|11|6 - PARECER JURÍDICO|001***386**|EDSON LEONARDO DE ALMEIDA
2371855|359743|303|02|2020|11|6 - PARECER JURÍDICO|001***386**|EDSON LEONARDO DE ALMEIDA
2371856|359746|303|02|2020|11|6 - PARECER JURÍDICO|001***386**|EDSON LEONARDO DE ALMEIDA
2371857|359742|303|02|2020|11|6 - PARECER JURÍDICO|001***386**|EDSON LEONARDO DE ALMEIDA
2077990|315168|303|02|2020|3|6 - PARECER JURÍDICO|001***386**|EDSON LEONARDO DE ALMEIDA
2077998|315169|303|02|2020|3|6 - PARECER JURÍDICO|001***386**|EDSON LEONARDO DE ALMEIDA
2078010|315170|303|02|2020|3|6 - PARECER JURÍDICO|001***386**|EDSON LEONARDO DE ALMEIDA
2078013|315171|303|02|2020|3|6 - PARECER JURÍDICO|001***386**|EDSON LEONARDO DE ALMEIDA
2078022|315172|303|02|2020|3|6 - PARECER JURÍDICO|001***386**|EDSON LEONARDO DE ALMEIDA
2078029|315173|303|02|2020|3|6 - PARECER JURÍDICO|001***386**|EDSON LEONARDO DE ALMEIDA
2078037|315174|303|02|2020|3|6 - PARECER JURÍDICO|001***386**|EDSON LEONARDO DE ALMEIDA
2077891|315151|303|02|2020|3|6 - PARECER JURÍDICO|001***386**|EDSON LEONARDO DE ALMEIDA
2077897|315152|303|02|2020|3|6 - PARECER JURÍDICO|001***386**|EDSON LEONARDO DE ALMEIDA
2077904|315153|303|02|2020|3|6 - PARECER JURÍDICO|001***386**|EDSON LEONARDO DE ALMEIDA
2077909|315154|303|02|2020|3|6 - PARECER JURÍDICO|001***386**|EDSON LEONARDO DE ALMEIDA
2077910|315155|303|02|2020|3|6 - PARECER JURÍDICO|001***386**|EDSON LEONARDO DE ALMEIDA
2077912|315156|303|02|2020|3|6 - PARECER JURÍDICO|001***386**|EDSON LEONARDO DE ALMEIDA
2077918|315157|303|02|2020|3|6 - PARECER JURÍDICO|001***386**|EDSON LEONARDO DE ALMEIDA
2077927|315158|303|02|2020|3|6 - PARECER JURÍDICO|001***386**|EDSON LEONARDO DE ALMEIDA
2077934|315159|303|02|2020|3|6 - PARECER JURÍDICO|001***386**|EDSON LEONARDO DE ALMEIDA
2077939|315160|303|02|2020|3|6 - PARECER JURÍDICO|001***386**|EDSON LEONARDO DE ALMEIDA
2077946|315161|303|02|2020|3|6 - PARECER JURÍDICO|001***386**|EDSON LEONARDO DE ALMEIDA
2077947|315162|303|02|2020|3|6 - PARECER JURÍDICO|001***386**|EDSON LEONARDO DE ALMEIDA
2077956|315163|303|02|2020|3|6 - PARECER JURÍDICO|001***386**|EDSON LEONARDO DE ALMEIDA
2077962|315164|303|02|2020|3|6 - PARECER JURÍDICO|001***386**|EDSON LEONARDO DE ALMEIDA
2077975|315165|303|02|2020|3|6 - PARECER JURÍDICO|001***386**|EDSON LEONARDO DE ALMEIDA
2077981|315166|303|02|2020|3|6 - PARECER JURÍDICO|001***386**|EDSON LEONARDO DE ALMEIDA
2077989|315167|303|02|2020|3|6 - PARECER JURÍDICO|001***386**|EDSON LEONARDO DE ALMEIDA
2078041|315175|303|02|2020|4|6 - PARECER JURÍDICO|001***386**|EDSON LEONARDO DE ALMEIDA
2078052|315176|303|02|2020|4|6 - PARECER JURÍDICO|001***386**|EDSON LEONARDO DE ALMEIDA
2078059|315177|303|02|2020|4|6 - PARECER JURÍDICO|001***386**|EDSON LEONARDO DE ALMEIDA
2078060|315178|303|02|2020|4|6 - PARECER JURÍDICO|001***386**|EDSON LEONARDO DE ALMEIDA
2078071|315179|303|02|2020|4|6 - PARECER JURÍDICO|001***386**|EDSON LEONARDO DE ALMEIDA
2078078|315180|303|02|2020|4|6 - PARECER JURÍDICO|001***386**|EDSON LEONARDO DE ALMEIDA
2078083|315181|303|02|2020|4|6 - PARECER JURÍDICO|001***386**|EDSON LEONARDO DE ALMEIDA
2078088|315182|303|02|2020|4|6 - PARECER JURÍDICO|001***386**|EDSON LEONARDO DE ALMEIDA
2078097|315183|303|02|2020|4|6 - PARECER JURÍDICO|001***386**|EDSON LEONARDO DE ALMEIDA
2078106|315184|303|02|2020|4|6 - PARECER JURÍDICO|001***386**|EDSON LEONARDO DE ALMEIDA
2078109|315185|303|02|2020|4|6 - PARECER JURÍDICO|001***386**|EDSON LEONARDO DE ALMEIDA
2078116|315186|303|02|2020|4|6 - PARECER JURÍDICO|001***386**|EDSON LEONARDO DE ALMEIDA
2078122|315187|303|02|2020|4|6 - PARECER JURÍDICO|001***386**|EDSON LEONARDO DE ALMEIDA
2078129|315188|303|02|2020|4|6 - PARECER JURÍDICO|001***386**|EDSON LEONARDO DE ALMEIDA
2078130|315189|303|02|2020|5|6 - PARECER JURÍDICO|001***386**|EDSON LEONARDO DE ALMEIDA
2078131|315190|303|02|2020|5|6 - PARECER JURÍDICO|001***386**|EDSON LEONARDO DE ALMEIDA
2078134|315191|303|02|2020|5|6 - PARECER JURÍDICO|001***386**|EDSON LEONARDO DE ALMEIDA
2078145|315192|303|02|2020|5|6 - PARECER JURÍDICO|001***386**|EDSON LEONARDO DE ALMEIDA
2078146|315193|303|02|2020|5|6 - PARECER JURÍDICO|001***386**|EDSON LEONARDO DE ALMEIDA
2078151|315194|303|02|2020|5|6 - PARECER JURÍDICO|001***386**|EDSON LEONARDO DE ALMEIDA
2078159|315195|303|02|2020|5|6 - PARECER JURÍDICO|001***386**|EDSON LEONARDO DE ALMEIDA
2078165|315196|303|02|2020|5|6 - PARECER JURÍDICO|001***386**|EDSON LEONARDO DE ALMEIDA
2078168|315197|303|02|2020|5|6 - PARECER JURÍDICO|001***386**|EDSON LEONARDO DE ALMEIDA
2078169|315198|303|02|2020|5|6 - PARECER JURÍDICO|001***386**|EDSON LEONARDO DE ALMEIDA
2078179|315199|303|02|2020|5|6 - PARECER JURÍDICO|001***386**|EDSON LEONARDO DE ALMEIDA
2078187|315200|303|02|2020|5|6 - PARECER JURÍDICO|001***386**|EDSON LEONARDO DE ALMEIDA
2323356|352205|303|02|2020|10|6 - PARECER JURÍDICO|001***386**|EDSON LEONARDO DE ALMEIDA
2323357|352206|303|02|2020|10|6 - PARECER JURÍDICO|001***386**|EDSON LEONARDO DE ALMEIDA
2323358|352204|303|02|2020|10|6 - PARECER JURÍDICO|001***386**|EDSON LEONARDO DE ALMEIDA
2323359|352203|303|02|2020|10|6 - PARECER JURÍDICO|001***386**|EDSON LEONARDO DE ALMEIDA
2323360|352208|303|02|2020|10|6 - PARECER JURÍDICO|001***386**|EDSON LEONARDO DE ALMEIDA
2323361|352202|303|02|2020|10|6 - PARECER JURÍDICO|001***386**|EDSON LEONARDO DE ALMEIDA
2323362|352201|303|02|2020|10|6 - PARECER JURÍDICO|001***386**|EDSON LEONARDO DE ALMEIDA
2323363|352197|303|02|2020|10|6 - PARECER JURÍDICO|001***386**|EDSON LEONARDO DE ALMEIDA
2323364|352200|303|02|2020|10|6 - PARECER JURÍDICO|001***386**|EDSON LEONARDO DE ALMEIDA
2323365|352199|303|02|2020|10|6 - PARECER JURÍDICO|001***386**|EDSON LEONARDO DE ALMEIDA
2323366|352207|303|02|2020|10|6 - PARECER JURÍDICO|001***386**|EDSON LEONARDO DE ALMEIDA
2323367|352198|303|02|2020|10|6 - PARECER JURÍDICO|001***386**|EDSON LEONARDO DE ALMEIDA
2275210|344999|303|02|2020|8|2 - COTAÇÃO DE PREÇOS|115***666**|LETICIA MAYRA MOREIRA
2275295|345002|303|02|2020|9|2 - COTAÇÃO DE PREÇOS|006***846**|MELQUES DE PADUA BRITO
2275325|345002|303|02|2020|9|4 - RATIFICAÇÃO|006***846**|MELQUES DE PADUA BRITO
2275037|344967|303|02|2020|6|1 - AUTORIZAÇÃO PARA ABERTURA DO PROCEDIMENTO DE DISPENSA OU INEXIGIBILIDADE|103***486**|WARLEY SOUZA LIMA
2384491|361794|303|02|2020|12|3 - INFORMAÇÃO DE EXISTÊNCIA DE RECURSOS ORCAMENTÁRIOS|003***926**|LUCILENE DE ALCANTARA
2384492|361789|303|02|2020|12|3 - INFORMAÇÃO DE EXISTÊNCIA DE RECURSOS ORCAMENTÁRIOS|003***926**|LUCILENE DE ALCANTARA
2384493|361787|303|02|2020|12|3 - INFORMAÇÃO DE EXISTÊNCIA DE RECURSOS ORCAMENTÁRIOS|003***926**|LUCILENE DE ALCANTARA
2384494|361793|303|02|2020|12|3 - INFORMAÇÃO DE EXISTÊNCIA DE RECURSOS ORCAMENTÁRIOS|003***926**|LUCILENE DE ALCANTARA
2384495|361786|303|02|2020|12|3 - INFORMAÇÃO DE EXISTÊNCIA DE RECURSOS ORCAMENTÁRIOS|003***926**|LUCILENE DE ALCANTARA
2384496|361792|303|02|2020|12|3 - INFORMAÇÃO DE EXISTÊNCIA DE RECURSOS ORCAMENTÁRIOS|003***926**|LUCILENE DE ALCANTARA
2384497|361784|303|02|2020|12|3 - INFORMAÇÃO DE EXISTÊNCIA DE RECURSOS ORCAMENTÁRIOS|003***926**|LUCILENE DE ALCANTARA
2384498|361795|303|02|2020|12|3 - INFORMAÇÃO DE EXISTÊNCIA DE RECURSOS ORCAMENTÁRIOS|003***926**|LUCILENE DE ALCANTARA
2384499|361782|303|02|2020|12|3 - INFORMAÇÃO DE EXISTÊNCIA DE RECURSOS ORCAMENTÁRIOS|003***926**|LUCILENE DE ALCANTARA
2384500|361791|303|02|2020|12|3 - INFORMAÇÃO DE EXISTÊNCIA DE RECURSOS ORCAMENTÁRIOS|003***926**|LUCILENE DE ALCANTARA
2384501|361790|303|02|2020|12|3 - INFORMAÇÃO DE EXISTÊNCIA DE RECURSOS ORCAMENTÁRIOS|003***926**|LUCILENE DE ALCANTARA
2275200|344991|303|02|2020|8|1 - AUTORIZAÇÃO PARA ABERTURA DO PROCEDIMENTO DE DISPENSA OU INEXIGIBILIDADE|003***926**|LUCILENE DE ALCANTARA
2275219|345001|303|02|2020|8|3 - INFORMAÇÃO DE EXISTÊNCIA DE RECURSOS ORCAMENTÁRIOS|003***926**|LUCILENE DE ALCANTARA
2275223|344997|303|02|2020|8|3 - INFORMAÇÃO DE EXISTÊNCIA DE RECURSOS ORCAMENTÁRIOS|003***926**|LUCILENE DE ALCANTARA
2275220|345000|303|02|2020|8|3 - INFORMAÇÃO DE EXISTÊNCIA DE RECURSOS ORCAMENTÁRIOS|003***926**|LUCILENE DE ALCANTARA
2275221|344999|303|02|2020|8|3 - INFORMAÇÃO DE EXISTÊNCIA DE RECURSOS ORCAMENTÁRIOS|003***926**|LUCILENE DE ALCANTARA
2275222|344998|303|02|2020|8|3 - INFORMAÇÃO DE EXISTÊNCIA DE RECURSOS ORCAMENTÁRIOS|003***926**|LUCILENE DE ALCANTARA
2275224|344996|303|02|2020|8|3 - INFORMAÇÃO DE EXISTÊNCIA DE RECURSOS ORCAMENTÁRIOS|003***926**|LUCILENE DE ALCANTARA
2275225|344995|303|02|2020|8|3 - INFORMAÇÃO DE EXISTÊNCIA DE RECURSOS ORCAMENTÁRIOS|003***926**|LUCILENE DE ALCANTARA
2275226|344994|303|02|2020|8|3 - INFORMAÇÃO DE EXISTÊNCIA DE RECURSOS ORCAMENTÁRIOS|003***926**|LUCILENE DE ALCANTARA
2275227|344993|303|02|2020|8|3 - INFORMAÇÃO DE EXISTÊNCIA DE RECURSOS ORCAMENTÁRIOS|003***926**|LUCILENE DE ALCANTARA
2275228|344990|303|02|2020|8|3 - INFORMAÇÃO DE EXISTÊNCIA DE RECURSOS ORCAMENTÁRIOS|003***926**|LUCILENE DE ALCANTARA
2275229|344992|303|02|2020|8|3 - INFORMAÇÃO DE EXISTÊNCIA DE RECURSOS ORCAMENTÁRIOS|003***926**|LUCILENE DE ALCANTARA
2051445|310929|303|02|2020|1|3 - INFORMAÇÃO DE EXISTÊNCIA DE RECURSOS ORCAMENTÁRIOS|003***926**|LUCILENE DE ALCANTARA
2051448|310930|303|02|2020|1|3 - INFORMAÇÃO DE EXISTÊNCIA DE RECURSOS ORCAMENTÁRIOS|003***926**|LUCILENE DE ALCANTARA
2051455|310931|303|02|2020|1|3 - INFORMAÇÃO DE EXISTÊNCIA DE RECURSOS ORCAMENTÁRIOS|003***926**|LUCILENE DE ALCANTARA
2051468|310932|303|02|2020|1|3 - INFORMAÇÃO DE EXISTÊNCIA DE RECURSOS ORCAMENTÁRIOS|003***926**|LUCILENE DE ALCANTARA
2051471|310934|303|02|2020|1|3 - INFORMAÇÃO DE EXISTÊNCIA DE RECURSOS ORCAMENTÁRIOS|003***926**|LUCILENE DE ALCANTARA
2051480|310935|303|02|2020|1|3 - INFORMAÇÃO DE EXISTÊNCIA DE RECURSOS ORCAMENTÁRIOS|003***926**|LUCILENE DE ALCANTARA
2051488|310936|303|02|2020|1|3 - INFORMAÇÃO DE EXISTÊNCIA DE RECURSOS ORCAMENTÁRIOS|003***926**|LUCILENE DE ALCANTARA
2051493|310937|303|02|2020|1|3 - INFORMAÇÃO DE EXISTÊNCIA DE RECURSOS ORCAMENTÁRIOS|003***926**|LUCILENE DE ALCANTARA
2051499|310938|303|02|2020|1|3 - INFORMAÇÃO DE EXISTÊNCIA DE RECURSOS ORCAMENTÁRIOS|003***926**|LUCILENE DE ALCANTARA
2051504|310939|303|02|2020|1|3 - INFORMAÇÃO DE EXISTÊNCIA DE RECURSOS ORCAMENTÁRIOS|003***926**|LUCILENE DE ALCANTARA
2051509|310940|303|02|2020|1|3 - INFORMAÇÃO DE EXISTÊNCIA DE RECURSOS ORCAMENTÁRIOS|003***926**|LUCILENE DE ALCANTARA
2051518|310941|303|02|2020|1|3 - INFORMAÇÃO DE EXISTÊNCIA DE RECURSOS ORCAMENTÁRIOS|003***926**|LUCILENE DE ALCANTARA
2051528|310944|303|02|2020|1|3 - INFORMAÇÃO DE EXISTÊNCIA DE RECURSOS ORCAMENTÁRIOS|003***926**|LUCILENE DE ALCANTARA
2051536|310945|303|02|2020|1|3 - INFORMAÇÃO DE EXISTÊNCIA DE RECURSOS ORCAMENTÁRIOS|003***926**|LUCILENE DE ALCANTARA
2051541|310947|303|02|2020|1|3 - INFORMAÇÃO DE EXISTÊNCIA DE RECURSOS ORCAMENTÁRIOS|003***926**|LUCILENE DE ALCANTARA
2051545|310948|303|02|2020|1|3 - INFORMAÇÃO DE EXISTÊNCIA DE RECURSOS ORCAMENTÁRIOS|003***926**|LUCILENE DE ALCANTARA
2051558|310949|303|02|2020|1|3 - INFORMAÇÃO DE EXISTÊNCIA DE RECURSOS ORCAMENTÁRIOS|003***926**|LUCILENE DE ALCANTARA
2051565|310950|303|02|2020|1|3 - INFORMAÇÃO DE EXISTÊNCIA DE RECURSOS ORCAMENTÁRIOS|003***926**|LUCILENE DE ALCANTARA
2051570|310952|303|02|2020|1|3 - INFORMAÇÃO DE EXISTÊNCIA DE RECURSOS ORCAMENTÁRIOS|003***926**|LUCILENE DE ALCANTARA
2051574|310953|303|02|2020|1|3 - INFORMAÇÃO DE EXISTÊNCIA DE RECURSOS ORCAMENTÁRIOS|003***926**|LUCILENE DE ALCANTARA
2051584|310955|303|02|2020|1|3 - INFORMAÇÃO DE EXISTÊNCIA DE RECURSOS ORCAMENTÁRIOS|003***926**|LUCILENE DE ALCANTARA
2051594|310956|303|02|2020|1|3 - INFORMAÇÃO DE EXISTÊNCIA DE RECURSOS ORCAMENTÁRIOS|003***926**|LUCILENE DE ALCANTARA
2051599|310958|303|02|2020|1|3 - INFORMAÇÃO DE EXISTÊNCIA DE RECURSOS ORCAMENTÁRIOS|003***926**|LUCILENE DE ALCANTARA
2051606|310959|303|02|2020|1|3 - INFORMAÇÃO DE EXISTÊNCIA DE RECURSOS ORCAMENTÁRIOS|003***926**|LUCILENE DE ALCANTARA
2051728|310982|303|02|2020|2|3 - INFORMAÇÃO DE EXISTÊNCIA DE RECURSOS ORCAMENTÁRIOS|003***926**|LUCILENE DE ALCANTARA
2051737|310983|303|02|2020|2|3 - INFORMAÇÃO DE EXISTÊNCIA DE RECURSOS ORCAMENTÁRIOS|003***926**|LUCILENE DE ALCANTARA
2051612|310960|303|02|2020|2|3 - INFORMAÇÃO DE EXISTÊNCIA DE RECURSOS ORCAMENTÁRIOS|003***926**|LUCILENE DE ALCANTARA
2051623|310961|303|02|2020|2|3 - INFORMAÇÃO DE EXISTÊNCIA DE RECURSOS ORCAMENTÁRIOS|003***926**|LUCILENE DE ALCANTARA
2051628|310963|303|02|2020|2|3 - INFORMAÇÃO DE EXISTÊNCIA DE RECURSOS ORCAMENTÁRIOS|003***926**|LUCILENE DE ALCANTARA
2051636|310964|303|02|2020|2|3 - INFORMAÇÃO DE EXISTÊNCIA DE RECURSOS ORCAMENTÁRIOS|003***926**|LUCILENE DE ALCANTARA
2051643|310965|303|02|2020|2|3 - INFORMAÇÃO DE EXISTÊNCIA DE RECURSOS ORCAMENTÁRIOS|003***926**|LUCILENE DE ALCANTARA
2051651|310967|303|02|2020|2|3 - INFORMAÇÃO DE EXISTÊNCIA DE RECURSOS ORCAMENTÁRIOS|003***926**|LUCILENE DE ALCANTARA
2051654|310969|303|02|2020|2|3 - INFORMAÇÃO DE EXISTÊNCIA DE RECURSOS ORCAMENTÁRIOS|003***926**|LUCILENE DE ALCANTARA
2051664|310970|303|02|2020|2|3 - INFORMAÇÃO DE EXISTÊNCIA DE RECURSOS ORCAMENTÁRIOS|003***926**|LUCILENE DE ALCANTARA
2051674|310972|303|02|2020|2|3 - INFORMAÇÃO DE EXISTÊNCIA DE RECURSOS ORCAMENTÁRIOS|003***926**|LUCILENE DE ALCANTARA
2051678|310973|303|02|2020|2|3 - INFORMAÇÃO DE EXISTÊNCIA DE RECURSOS ORCAMENTÁRIOS|003***926**|LUCILENE DE ALCANTARA
2051685|310975|303|02|2020|2|3 - INFORMAÇÃO DE EXISTÊNCIA DE RECURSOS ORCAMENTÁRIOS|003***926**|LUCILENE DE ALCANTARA
2051695|310976|303|02|2020|2|3 - INFORMAÇÃO DE EXISTÊNCIA DE RECURSOS ORCAMENTÁRIOS|003***926**|LUCILENE DE ALCANTARA
2051700|310978|303|02|2020|2|3 - INFORMAÇÃO DE EXISTÊNCIA DE RECURSOS ORCAMENTÁRIOS|003***926**|LUCILENE DE ALCANTARA
2051705|310979|303|02|2020|2|3 - INFORMAÇÃO DE EXISTÊNCIA DE RECURSOS ORCAMENTÁRIOS|003***926**|LUCILENE DE ALCANTARA
2051717|310980|303|02|2020|2|3 - INFORMAÇÃO DE EXISTÊNCIA DE RECURSOS ORCAMENTÁRIOS|003***926**|LUCILENE DE ALCANTARA
2051718|310981|303|02|2020|2|3 - INFORMAÇÃO DE EXISTÊNCIA DE RECURSOS ORCAMENTÁRIOS|003***926**|LUCILENE DE ALCANTARA
2275053|344967|303|02|2020|6|3 - INFORMAÇÃO DE EXISTÊNCIA DE RECURSOS ORCAMENTÁRIOS|003***926**|LUCILENE DE ALCANTARA
2275054|344968|303|02|2020|6|3 - INFORMAÇÃO DE EXISTÊNCIA DE RECURSOS ORCAMENTÁRIOS|003***926**|LUCILENE DE ALCANTARA
2275055|344966|303|02|2020|6|3 - INFORMAÇÃO DE EXISTÊNCIA DE RECURSOS ORCAMENTÁRIOS|003***926**|LUCILENE DE ALCANTARA
2275056|344965|303|02|2020|6|3 - INFORMAÇÃO DE EXISTÊNCIA DE RECURSOS ORCAMENTÁRIOS|003***926**|LUCILENE DE ALCANTARA
2275057|344964|303|02|2020|6|3 - INFORMAÇÃO DE EXISTÊNCIA DE RECURSOS ORCAMENTÁRIOS|003***926**|LUCILENE DE ALCANTARA
2275058|344963|303|02|2020|6|3 - INFORMAÇÃO DE EXISTÊNCIA DE RECURSOS ORCAMENTÁRIOS|003***926**|LUCILENE DE ALCANTARA
2275059|344962|303|02|2020|6|3 - INFORMAÇÃO DE EXISTÊNCIA DE RECURSOS ORCAMENTÁRIOS|003***926**|LUCILENE DE ALCANTARA
2275060|344961|303|02|2020|6|3 - INFORMAÇÃO DE EXISTÊNCIA DE RECURSOS ORCAMENTÁRIOS|003***926**|LUCILENE DE ALCANTARA
2275125|344984|303|02|2020|7|3 - INFORMAÇÃO DE EXISTÊNCIA DE RECURSOS ORCAMENTÁRIOS|003***926**|LUCILENE DE ALCANTARA
2275126|344983|303|02|2020|7|3 - INFORMAÇÃO DE EXISTÊNCIA DE RECURSOS ORCAMENTÁRIOS|003***926**|LUCILENE DE ALCANTARA
2275127|344982|303|02|2020|7|3 - INFORMAÇÃO DE EXISTÊNCIA DE RECURSOS ORCAMENTÁRIOS|003***926**|LUCILENE DE ALCANTARA
2275128|344981|303|02|2020|7|3 - INFORMAÇÃO DE EXISTÊNCIA DE RECURSOS ORCAMENTÁRIOS|003***926**|LUCILENE DE ALCANTARA
2275129|344989|303|02|2020|7|3 - INFORMAÇÃO DE EXISTÊNCIA DE RECURSOS ORCAMENTÁRIOS|003***926**|LUCILENE DE ALCANTARA
2275130|344980|303|02|2020|7|3 - INFORMAÇÃO DE EXISTÊNCIA DE RECURSOS ORCAMENTÁRIOS|003***926**|LUCILENE DE ALCANTARA
2275131|344979|303|02|2020|7|3 - INFORMAÇÃO DE EXISTÊNCIA DE RECURSOS ORCAMENTÁRIOS|003***926**|LUCILENE DE ALCANTARA
2275132|344978|303|02|2020|7|3 - INFORMAÇÃO DE EXISTÊNCIA DE RECURSOS ORCAMENTÁRIOS|003***926**|LUCILENE DE ALCANTARA
2275133|344977|303|02|2020|7|3 - INFORMAÇÃO DE EXISTÊNCIA DE RECURSOS ORCAMENTÁRIOS|003***926**|LUCILENE DE ALCANTARA
2275134|344976|303|02|2020|7|3 - INFORMAÇÃO DE EXISTÊNCIA DE RECURSOS ORCAMENTÁRIOS|003***926**|LUCILENE DE ALCANTARA
2275135|344975|303|02|2020|7|3 - INFORMAÇÃO DE EXISTÊNCIA DE RECURSOS ORCAMENTÁRIOS|003***926**|LUCILENE DE ALCANTARA
2275136|344987|303|02|2020|7|3 - INFORMAÇÃO DE EXISTÊNCIA DE RECURSOS ORCAMENTÁRIOS|003***926**|LUCILENE DE ALCANTARA
2275137|344986|303|02|2020|7|3 - INFORMAÇÃO DE EXISTÊNCIA DE RECURSOS ORCAMENTÁRIOS|003***926**|LUCILENE DE ALCANTARA
2275138|344974|303|02|2020|7|3 - INFORMAÇÃO DE EXISTÊNCIA DE RECURSOS ORCAMENTÁRIOS|003***926**|LUCILENE DE ALCANTARA
2275139|344973|303|02|2020|7|3 - INFORMAÇÃO DE EXISTÊNCIA DE RECURSOS ORCAMENTÁRIOS|003***926**|LUCILENE DE ALCANTARA
2275298|345010|303|02|2020|9|3 - INFORMAÇÃO DE EXISTÊNCIA DE RECURSOS ORCAMENTÁRIOS|003***926**|LUCILENE DE ALCANTARA
2275299|345009|303|02|2020|9|3 - INFORMAÇÃO DE EXISTÊNCIA DE RECURSOS ORCAMENTÁRIOS|003***926**|LUCILENE DE ALCANTARA
2275300|345016|303|02|2020|9|3 - INFORMAÇÃO DE EXISTÊNCIA DE RECURSOS ORCAMENTÁRIOS|003***926**|LUCILENE DE ALCANTARA
2275301|345015|303|02|2020|9|3 - INFORMAÇÃO DE EXISTÊNCIA DE RECURSOS ORCAMENTÁRIOS|003***926**|LUCILENE DE ALCANTARA
2275302|345008|303|02|2020|9|3 - INFORMAÇÃO DE EXISTÊNCIA DE RECURSOS ORCAMENTÁRIOS|003***926**|LUCILENE DE ALCANTARA
2275303|345014|303|02|2020|9|3 - INFORMAÇÃO DE EXISTÊNCIA DE RECURSOS ORCAMENTÁRIOS|003***926**|LUCILENE DE ALCANTARA
2275304|345013|303|02|2020|9|3 - INFORMAÇÃO DE EXISTÊNCIA DE RECURSOS ORCAMENTÁRIOS|003***926**|LUCILENE DE ALCANTARA
2275305|345006|303|02|2020|9|3 - INFORMAÇÃO DE EXISTÊNCIA DE RECURSOS ORCAMENTÁRIOS|003***926**|LUCILENE DE ALCANTARA
2275306|345012|303|02|2020|9|3 - INFORMAÇÃO DE EXISTÊNCIA DE RECURSOS ORCAMENTÁRIOS|003***926**|LUCILENE DE ALCANTARA
2275307|345005|303|02|2020|9|3 - INFORMAÇÃO DE EXISTÊNCIA DE RECURSOS ORCAMENTÁRIOS|003***926**|LUCILENE DE ALCANTARA
2275308|345004|303|02|2020|9|3 - INFORMAÇÃO DE EXISTÊNCIA DE RECURSOS ORCAMENTÁRIOS|003***926**|LUCILENE DE ALCANTARA
2275309|345003|303|02|2020|9|3 - INFORMAÇÃO DE EXISTÊNCIA DE RECURSOS ORCAMENTÁRIOS|003***926**|LUCILENE DE ALCANTARA
2275310|345002|303|02|2020|9|3 - INFORMAÇÃO DE EXISTÊNCIA DE RECURSOS ORCAMENTÁRIOS|003***926**|LUCILENE DE ALCANTARA
2275311|345007|303|02|2020|9|3 - INFORMAÇÃO DE EXISTÊNCIA DE RECURSOS ORCAMENTÁRIOS|003***926**|LUCILENE DE ALCANTARA
2275312|345011|303|02|2020|9|3 - INFORMAÇÃO DE EXISTÊNCIA DE RECURSOS ORCAMENTÁRIOS|003***926**|LUCILENE DE ALCANTARA
2371822|359750|303|02|2020|11|3 - INFORMAÇÃO DE EXISTÊNCIA DE RECURSOS ORCAMENTÁRIOS|003***926**|LUCILENE DE ALCANTARA
2371826|359748|303|02|2020|11|3 - INFORMAÇÃO DE EXISTÊNCIA DE RECURSOS ORCAMENTÁRIOS|003***926**|LUCILENE DE ALCANTARA
2371823|359745|303|02|2020|11|3 - INFORMAÇÃO DE EXISTÊNCIA DE RECURSOS ORCAMENTÁRIOS|003***926**|LUCILENE DE ALCANTARA
2371824|359749|303|02|2020|11|3 - INFORMAÇÃO DE EXISTÊNCIA DE RECURSOS ORCAMENTÁRIOS|003***926**|LUCILENE DE ALCANTARA
2371825|359744|303|02|2020|11|3 - INFORMAÇÃO DE EXISTÊNCIA DE RECURSOS ORCAMENTÁRIOS|003***926**|LUCILENE DE ALCANTARA
2371827|359747|303|02|2020|11|3 - INFORMAÇÃO DE EXISTÊNCIA DE RECURSOS ORCAMENTÁRIOS|003***926**|LUCILENE DE ALCANTARA
2371828|359743|303|02|2020|11|3 - INFORMAÇÃO DE EXISTÊNCIA DE RECURSOS ORCAMENTÁRIOS|003***926**|LUCILENE DE ALCANTARA
2371829|359746|303|02|2020|11|3 - INFORMAÇÃO DE EXISTÊNCIA DE RECURSOS ORCAMENTÁRIOS|003***926**|LUCILENE DE ALCANTARA
2371830|359742|303|02|2020|11|3 - INFORMAÇÃO DE EXISTÊNCIA DE RECURSOS ORCAMENTÁRIOS|003***926**|LUCILENE DE ALCANTARA
2077996|315168|303|02|2020|3|3 - INFORMAÇÃO DE EXISTÊNCIA DE RECURSOS ORCAMENTÁRIOS|003***926**|LUCILENE DE ALCANTARA
2078003|315169|303|02|2020|3|3 - INFORMAÇÃO DE EXISTÊNCIA DE RECURSOS ORCAMENTÁRIOS|003***926**|LUCILENE DE ALCANTARA
2078009|315170|303|02|2020|3|3 - INFORMAÇÃO DE EXISTÊNCIA DE RECURSOS ORCAMENTÁRIOS|003***926**|LUCILENE DE ALCANTARA
2078011|315171|303|02|2020|3|3 - INFORMAÇÃO DE EXISTÊNCIA DE RECURSOS ORCAMENTÁRIOS|003***926**|LUCILENE DE ALCANTARA
2078020|315172|303|02|2020|3|3 - INFORMAÇÃO DE EXISTÊNCIA DE RECURSOS ORCAMENTÁRIOS|003***926**|LUCILENE DE ALCANTARA
2078025|315173|303|02|2020|3|3 - INFORMAÇÃO DE EXISTÊNCIA DE RECURSOS ORCAMENTÁRIOS|003***926**|LUCILENE DE ALCANTARA
2078033|315174|303|02|2020|3|3 - INFORMAÇÃO DE EXISTÊNCIA DE RECURSOS ORCAMENTÁRIOS|003***926**|LUCILENE DE ALCANTARA
2077888|315151|303|02|2020|3|3 - INFORMAÇÃO DE EXISTÊNCIA DE RECURSOS ORCAMENTÁRIOS|003***926**|LUCILENE DE ALCANTARA
2077899|315152|303|02|2020|3|3 - INFORMAÇÃO DE EXISTÊNCIA DE RECURSOS ORCAMENTÁRIOS|003***926**|LUCILENE DE ALCANTARA
2077906|315153|303|02|2020|3|3 - INFORMAÇÃO DE EXISTÊNCIA DE RECURSOS ORCAMENTÁRIOS|003***926**|LUCILENE DE ALCANTARA
2077911|315156|303|02|2020|3|3 - INFORMAÇÃO DE EXISTÊNCIA DE RECURSOS ORCAMENTÁRIOS|003***926**|LUCILENE DE ALCANTARA
2077924|315157|303|02|2020|3|3 - INFORMAÇÃO DE EXISTÊNCIA DE RECURSOS ORCAMENTÁRIOS|003***926**|LUCILENE DE ALCANTARA
2077931|315158|303|02|2020|3|3 - INFORMAÇÃO DE EXISTÊNCIA DE RECURSOS ORCAMENTÁRIOS|003***926**|LUCILENE DE ALCANTARA
2077936|315159|303|02|2020|3|3 - INFORMAÇÃO DE EXISTÊNCIA DE RECURSOS ORCAMENTÁRIOS|003***926**|LUCILENE DE ALCANTARA
2077941|315160|303|02|2020|3|3 - INFORMAÇÃO DE EXISTÊNCIA DE RECURSOS ORCAMENTÁRIOS|003***926**|LUCILENE DE ALCANTARA
2077953|315162|303|02|2020|3|3 - INFORMAÇÃO DE EXISTÊNCIA DE RECURSOS ORCAMENTÁRIOS|003***926**|LUCILENE DE ALCANTARA
2077959|315163|303|02|2020|3|3 - INFORMAÇÃO DE EXISTÊNCIA DE RECURSOS ORCAMENTÁRIOS|003***926**|LUCILENE DE ALCANTARA
2077966|315164|303|02|2020|3|3 - INFORMAÇÃO DE EXISTÊNCIA DE RECURSOS ORCAMENTÁRIOS|003***926**|LUCILENE DE ALCANTARA
2077973|315165|303|02|2020|3|3 - INFORMAÇÃO DE EXISTÊNCIA DE RECURSOS ORCAMENTÁRIOS|003***926**|LUCILENE DE ALCANTARA
2077976|315166|303|02|2020|3|3 - INFORMAÇÃO DE EXISTÊNCIA DE RECURSOS ORCAMENTÁRIOS|003***926**|LUCILENE DE ALCANTARA
2077985|315167|303|02|2020|3|3 - INFORMAÇÃO DE EXISTÊNCIA DE RECURSOS ORCAMENTÁRIOS|003***926**|LUCILENE DE ALCANTARA
2078039|315175|303|02|2020|4|3 - INFORMAÇÃO DE EXISTÊNCIA DE RECURSOS ORCAMENTÁRIOS|003***926**|LUCILENE DE ALCANTARA
2078048|315176|303|02|2020|4|3 - INFORMAÇÃO DE EXISTÊNCIA DE RECURSOS ORCAMENTÁRIOS|003***926**|LUCILENE DE ALCANTARA
2078054|315177|303|02|2020|4|3 - INFORMAÇÃO DE EXISTÊNCIA DE RECURSOS ORCAMENTÁRIOS|003***926**|LUCILENE DE ALCANTARA
2078061|315178|303|02|2020|4|3 - INFORMAÇÃO DE EXISTÊNCIA DE RECURSOS ORCAMENTÁRIOS|003***926**|LUCILENE DE ALCANTARA
2078072|315179|303|02|2020|4|3 - INFORMAÇÃO DE EXISTÊNCIA DE RECURSOS ORCAMENTÁRIOS|003***926**|LUCILENE DE ALCANTARA
2078079|315180|303|02|2020|4|3 - INFORMAÇÃO DE EXISTÊNCIA DE RECURSOS ORCAMENTÁRIOS|003***926**|LUCILENE DE ALCANTARA
2078086|315181|303|02|2020|4|3 - INFORMAÇÃO DE EXISTÊNCIA DE RECURSOS ORCAMENTÁRIOS|003***926**|LUCILENE DE ALCANTARA
2078094|315182|303|02|2020|4|3 - INFORMAÇÃO DE EXISTÊNCIA DE RECURSOS ORCAMENTÁRIOS|003***926**|LUCILENE DE ALCANTARA
2078099|315183|303|02|2020|4|3 - INFORMAÇÃO DE EXISTÊNCIA DE RECURSOS ORCAMENTÁRIOS|003***926**|LUCILENE DE ALCANTARA
2078105|315184|303|02|2020|4|3 - INFORMAÇÃO DE EXISTÊNCIA DE RECURSOS ORCAMENTÁRIOS|003***926**|LUCILENE DE ALCANTARA
2078112|315185|303|02|2020|4|3 - INFORMAÇÃO DE EXISTÊNCIA DE RECURSOS ORCAMENTÁRIOS|003***926**|LUCILENE DE ALCANTARA
2078120|315186|303|02|2020|4|3 - INFORMAÇÃO DE EXISTÊNCIA DE RECURSOS ORCAMENTÁRIOS|003***926**|LUCILENE DE ALCANTARA
2078124|315188|303|02|2020|4|3 - INFORMAÇÃO DE EXISTÊNCIA DE RECURSOS ORCAMENTÁRIOS|003***926**|LUCILENE DE ALCANTARA
2078138|315191|303|02|2020|5|3 - INFORMAÇÃO DE EXISTÊNCIA DE RECURSOS ORCAMENTÁRIOS|003***926**|LUCILENE DE ALCANTARA
2078144|315192|303|02|2020|5|3 - INFORMAÇÃO DE EXISTÊNCIA DE RECURSOS ORCAMENTÁRIOS|003***926**|LUCILENE DE ALCANTARA
2078147|315194|303|02|2020|5|3 - INFORMAÇÃO DE EXISTÊNCIA DE RECURSOS ORCAMENTÁRIOS|003***926**|LUCILENE DE ALCANTARA
2078157|315195|303|02|2020|5|3 - INFORMAÇÃO DE EXISTÊNCIA DE RECURSOS ORCAMENTÁRIOS|003***926**|LUCILENE DE ALCANTARA
2078162|315196|303|02|2020|5|3 - INFORMAÇÃO DE EXISTÊNCIA DE RECURSOS ORCAMENTÁRIOS|003***926**|LUCILENE DE ALCANTARA
2078174|315198|303|02|2020|5|3 - INFORMAÇÃO DE EXISTÊNCIA DE RECURSOS ORCAMENTÁRIOS|003***926**|LUCILENE DE ALCANTARA
2078181|315199|303|02|2020|5|3 - INFORMAÇÃO DE EXISTÊNCIA DE RECURSOS ORCAMENTÁRIOS|003***926**|LUCILENE DE ALCANTARA
2078184|315200|303|02|2020|5|3 - INFORMAÇÃO DE EXISTÊNCIA DE RECURSOS ORCAMENTÁRIOS|003***926**|LUCILENE DE ALCANTARA
2323320|352205|303|02|2020|10|3 - INFORMAÇÃO DE EXISTÊNCIA DE RECURSOS ORCAMENTÁRIOS|003***926**|LUCILENE DE ALCANTARA
2323321|352206|303|02|2020|10|3 - INFORMAÇÃO DE EXISTÊNCIA DE RECURSOS ORCAMENTÁRIOS|003***926**|LUCILENE DE ALCANTARA
2323322|352204|303|02|2020|10|3 - INFORMAÇÃO DE EXISTÊNCIA DE RECURSOS ORCAMENTÁRIOS|003***926**|LUCILENE DE ALCANTARA
2323323|352203|303|02|2020|10|3 - INFORMAÇÃO DE EXISTÊNCIA DE RECURSOS ORCAMENTÁRIOS|003***926**|LUCILENE DE ALCANTARA
2323324|352208|303|02|2020|10|3 - INFORMAÇÃO DE EXISTÊNCIA DE RECURSOS ORCAMENTÁRIOS|003***926**|LUCILENE DE ALCANTARA
2323325|352202|303|02|2020|10|3 - INFORMAÇÃO DE EXISTÊNCIA DE RECURSOS ORCAMENTÁRIOS|003***926**|LUCILENE DE ALCANTARA
2323326|352201|303|02|2020|10|3 - INFORMAÇÃO DE EXISTÊNCIA DE RECURSOS ORCAMENTÁRIOS|003***926**|LUCILENE DE ALCANTARA
2323327|352197|303|02|2020|10|3 - INFORMAÇÃO DE EXISTÊNCIA DE RECURSOS ORCAMENTÁRIOS|003***926**|LUCILENE DE ALCANTARA
2323328|352200|303|02|2020|10|3 - INFORMAÇÃO DE EXISTÊNCIA DE RECURSOS ORCAMENTÁRIOS|003***926**|LUCILENE DE ALCANTARA
2323329|352199|303|02|2020|10|3 - INFORMAÇÃO DE EXISTÊNCIA DE RECURSOS ORCAMENTÁRIOS|003***926**|LUCILENE DE ALCANTARA
2323330|352207|303|02|2020|10|3 - INFORMAÇÃO DE EXISTÊNCIA DE RECURSOS ORCAMENTÁRIOS|003***926**|LUCILENE DE ALCANTARA
2323331|352198|303|02|2020|10|3 - INFORMAÇÃO DE EXISTÊNCIA DE RECURSOS ORCAMENTÁRIOS|003***926**|LUCILENE DE ALCANTARA
2275192|345000|303|02|2020|8|1 - AUTORIZAÇÃO PARA ABERTURA DO PROCEDIMENTO DE DISPENSA OU INEXIGIBILIDADE|836***736**|MARCELO CASSEMIRO DA SILVA
2384513|361794|303|02|2020|12|5 - PUBLICAÇÃO EM ÓRGÃO OFICIAL|102***366**|MARCOS LUCIANO DE FIGUEREDO
2384514|361789|303|02|2020|12|5 - PUBLICAÇÃO EM ÓRGÃO OFICIAL|102***366**|MARCOS LUCIANO DE FIGUEREDO
2384515|361787|303|02|2020|12|5 - PUBLICAÇÃO EM ÓRGÃO OFICIAL|102***366**|MARCOS LUCIANO DE FIGUEREDO
2384516|361793|303|02|2020|12|5 - PUBLICAÇÃO EM ÓRGÃO OFICIAL|102***366**|MARCOS LUCIANO DE FIGUEREDO
2384517|361786|303|02|2020|12|5 - PUBLICAÇÃO EM ÓRGÃO OFICIAL|102***366**|MARCOS LUCIANO DE FIGUEREDO
2384518|361792|303|02|2020|12|5 - PUBLICAÇÃO EM ÓRGÃO OFICIAL|102***366**|MARCOS LUCIANO DE FIGUEREDO
2384519|361784|303|02|2020|12|5 - PUBLICAÇÃO EM ÓRGÃO OFICIAL|102***366**|MARCOS LUCIANO DE FIGUEREDO
2384520|361795|303|02|2020|12|5 - PUBLICAÇÃO EM ÓRGÃO OFICIAL|102***366**|MARCOS LUCIANO DE FIGUEREDO
2384521|361782|303|02|2020|12|5 - PUBLICAÇÃO EM ÓRGÃO OFICIAL|102***366**|MARCOS LUCIANO DE FIGUEREDO
2384522|361791|303|02|2020|12|5 - PUBLICAÇÃO EM ÓRGÃO OFICIAL|102***366**|MARCOS LUCIANO DE FIGUEREDO
2384523|361790|303|02|2020|12|5 - PUBLICAÇÃO EM ÓRGÃO OFICIAL|102***366**|MARCOS LUCIANO DE FIGUEREDO
2051442|310929|303|02|2020|1|2 - COTAÇÃO DE PREÇOS|055***326**|GISELE MOREIRA SANTOS
2051453|310930|303|02|2020|1|2 - COTAÇÃO DE PREÇOS|055***326**|GISELE MOREIRA SANTOS
2051479|310935|303|02|2020|1|2 - COTAÇÃO DE PREÇOS|055***326**|GISELE MOREIRA SANTOS
2051500|310938|303|02|2020|1|2 - COTAÇÃO DE PREÇOS|055***326**|GISELE MOREIRA SANTOS
2051520|310941|303|02|2020|1|2 - COTAÇÃO DE PREÇOS|055***326**|GISELE MOREIRA SANTOS
2051573|310952|303|02|2020|1|2 - COTAÇÃO DE PREÇOS|055***326**|GISELE MOREIRA SANTOS
2051576|310953|303|02|2020|1|2 - COTAÇÃO DE PREÇOS|055***326**|GISELE MOREIRA SANTOS
2051600|310958|303|02|2020|1|2 - COTAÇÃO DE PREÇOS|055***326**|GISELE MOREIRA SANTOS
2051736|310983|303|02|2020|2|2 - COTAÇÃO DE PREÇOS|055***326**|GISELE MOREIRA SANTOS
2051634|310964|303|02|2020|2|2 - COTAÇÃO DE PREÇOS|055***326**|GISELE MOREIRA SANTOS
2051663|310970|303|02|2020|2|2 - COTAÇÃO DE PREÇOS|055***326**|GISELE MOREIRA SANTOS
2051672|310972|303|02|2020|2|2 - COTAÇÃO DE PREÇOS|055***326**|GISELE MOREIRA SANTOS
2051684|310975|303|02|2020|2|2 - COTAÇÃO DE PREÇOS|055***326**|GISELE MOREIRA SANTOS
2051697|310978|303|02|2020|2|2 - COTAÇÃO DE PREÇOS|055***326**|GISELE MOREIRA SANTOS
2051712|310980|303|02|2020|2|2 - COTAÇÃO DE PREÇOS|055***326**|GISELE MOREIRA SANTOS
2275291|345012|303|02|2020|9|2 - COTAÇÃO DE PREÇOS|055***326**|GISELE MOREIRA SANTOS
2371815|359749|303|02|2020|11|2 - COTAÇÃO DE PREÇOS|055***326**|GISELE MOREIRA SANTOS
2077997|315169|303|02|2020|3|2 - COTAÇÃO DE PREÇOS|055***326**|GISELE MOREIRA SANTOS
2077958|315163|303|02|2020|3|2 - COTAÇÃO DE PREÇOS|055***326**|GISELE MOREIRA SANTOS
2078056|315177|303|02|2020|4|2 - COTAÇÃO DE PREÇOS|055***326**|GISELE MOREIRA SANTOS
2078066|315178|303|02|2020|4|2 - COTAÇÃO DE PREÇOS|055***326**|GISELE MOREIRA SANTOS
2078069|315179|303|02|2020|4|2 - COTAÇÃO DE PREÇOS|055***326**|GISELE MOREIRA SANTOS
2078075|315180|303|02|2020|4|2 - COTAÇÃO DE PREÇOS|055***326**|GISELE MOREIRA SANTOS
2078084|315181|303|02|2020|4|2 - COTAÇÃO DE PREÇOS|055***326**|GISELE MOREIRA SANTOS
2078091|315182|303|02|2020|4|2 - COTAÇÃO DE PREÇOS|055***326**|GISELE MOREIRA SANTOS
2323312|352203|303|02|2020|10|2 - COTAÇÃO DE PREÇOS|055***326**|GISELE MOREIRA SANTOS
2323313|352208|303|02|2020|10|2 - COTAÇÃO DE PREÇOS|055***326**|GISELE MOREIRA SANTOS
2323318|352207|303|02|2020|10|2 - COTAÇÃO DE PREÇOS|055***326**|GISELE MOREIRA SANTOS
2078058|315177|303|02|2020|4|4 - RATIFICAÇÃO|779***936**|ORLANDO ZANON NETO
1998469|301844|304|03|2020|5|5 - PUBLICAÇÃO EM ÓRGÃO OFICIAL|054***846**|STELA MARIS FONTANA PEIXOTO DE MELO
1998482|301845|304|03|2020|5|5 - PUBLICAÇÃO EM ÓRGÃO OFICIAL|054***846**|STELA MARIS FONTANA PEIXOTO DE MELO
1998488|301846|304|03|2020|5|5 - PUBLICAÇÃO EM ÓRGÃO OFICIAL|054***846**|STELA MARIS FONTANA PEIXOTO DE MELO
1998491|301847|304|03|2020|5|5 - PUBLICAÇÃO EM ÓRGÃO OFICIAL|054***846**|STELA MARIS FONTANA PEIXOTO DE MELO
1984552|299718|304|03|2020|1|5 - PUBLICAÇÃO EM ÓRGÃO OFICIAL|054***846**|STELA MARIS FONTANA PEIXOTO DE MELO
1984553|299719|304|03|2020|1|5 - PUBLICAÇÃO EM ÓRGÃO OFICIAL|054***846**|STELA MARIS FONTANA PEIXOTO DE MELO
1984565|299720|304|03|2020|1|5 - PUBLICAÇÃO EM ÓRGÃO OFICIAL|054***846**|STELA MARIS FONTANA PEIXOTO DE MELO
1984573|299721|304|03|2020|2|5 - PUBLICAÇÃO EM ÓRGÃO OFICIAL|054***846**|STELA MARIS FONTANA PEIXOTO DE MELO
2275027|344960|304|03|2020|6|5 - PUBLICAÇÃO EM ÓRGÃO OFICIAL|054***846**|STELA MARIS FONTANA PEIXOTO DE MELO
2275028|344959|304|03|2020|6|5 - PUBLICAÇÃO EM ÓRGÃO OFICIAL|054***846**|STELA MARIS FONTANA PEIXOTO DE MELO
2275029|344958|304|03|2020|6|5 - PUBLICAÇÃO EM ÓRGÃO OFICIAL|054***846**|STELA MARIS FONTANA PEIXOTO DE MELO
2345762|355746|304|03|2020|7|5 - PUBLICAÇÃO EM ÓRGÃO OFICIAL|054***846**|STELA MARIS FONTANA PEIXOTO DE MELO
2345763|355745|304|03|2020|7|5 - PUBLICAÇÃO EM ÓRGÃO OFICIAL|054***846**|STELA MARIS FONTANA PEIXOTO DE MELO
2345764|355744|304|03|2020|7|5 - PUBLICAÇÃO EM ÓRGÃO OFICIAL|054***846**|STELA MARIS FONTANA PEIXOTO DE MELO
2345765|355747|304|03|2020|7|5 - PUBLICAÇÃO EM ÓRGÃO OFICIAL|054***846**|STELA MARIS FONTANA PEIXOTO DE MELO
2388502|362418|304|03|2020|11|5 - PUBLICAÇÃO EM ÓRGÃO OFICIAL|054***846**|STELA MARIS FONTANA PEIXOTO DE MELO
1998496|301847|304|03|2020|5|2 - COTAÇÃO DE PREÇOS|118***266**|BARBARA SILVA COSTA
1998489|301846|304|03|2020|5|2 - COTAÇÃO DE PREÇOS|111***176**|ALEXANDRE FRANCO LIMA
1998462|301843|304|03|2020|4|7 - PARECER (OUTROS)|097***516**|THADEU FILIPE SILVA FELIX
1998468|301843|304|03|2020|4|6 - PARECER JURÍDICO|097***516**|THADEU FILIPE SILVA FELIX
1998470|301844|304|03|2020|5|7 - PARECER (OUTROS)|097***516**|THADEU FILIPE SILVA FELIX
1998475|301844|304|03|2020|5|6 - PARECER JURÍDICO|097***516**|THADEU FILIPE SILVA FELIX
1998479|301845|304|03|2020|5|7 - PARECER (OUTROS)|097***516**|THADEU FILIPE SILVA FELIX
1998480|301845|304|03|2020|5|6 - PARECER JURÍDICO|097***516**|THADEU FILIPE SILVA FELIX
1998484|301846|304|03|2020|5|7 - PARECER (OUTROS)|097***516**|THADEU FILIPE SILVA FELIX
1998486|301846|304|03|2020|5|6 - PARECER JURÍDICO|097***516**|THADEU FILIPE SILVA FELIX
1998490|301847|304|03|2020|5|6 - PARECER JURÍDICO|097***516**|THADEU FILIPE SILVA FELIX
1998495|301847|304|03|2020|5|7 - PARECER (OUTROS)|097***516**|THADEU FILIPE SILVA FELIX
1984547|299718|304|03|2020|1|7 - PARECER (OUTROS)|097***516**|THADEU FILIPE SILVA FELIX
1984548|299718|304|03|2020|1|6 - PARECER JURÍDICO|097***516**|THADEU FILIPE SILVA FELIX
1984559|299719|304|03|2020|1|7 - PARECER (OUTROS)|097***516**|THADEU FILIPE SILVA FELIX
1984557|299719|304|03|2020|1|6 - PARECER JURÍDICO|097***516**|THADEU FILIPE SILVA FELIX
1984561|299720|304|03|2020|1|7 - PARECER (OUTROS)|097***516**|THADEU FILIPE SILVA FELIX
1984564|299720|304|03|2020|1|6 - PARECER JURÍDICO|097***516**|THADEU FILIPE SILVA FELIX
1984568|299721|304|03|2020|2|7 - PARECER (OUTROS)|097***516**|THADEU FILIPE SILVA FELIX
1984572|299721|304|03|2020|2|6 - PARECER JURÍDICO|097***516**|THADEU FILIPE SILVA FELIX
2275030|344960|304|03|2020|6|6 - PARECER JURÍDICO|097***516**|THADEU FILIPE SILVA FELIX
2275031|344959|304|03|2020|6|6 - PARECER JURÍDICO|097***516**|THADEU FILIPE SILVA FELIX
2275032|344958|304|03|2020|6|6 - PARECER JURÍDICO|097***516**|THADEU FILIPE SILVA FELIX
2275033|344960|304|03|2020|6|7 - PARECER (OUTROS)|097***516**|THADEU FILIPE SILVA FELIX
2275034|344959|304|03|2020|6|7 - PARECER (OUTROS)|097***516**|THADEU FILIPE SILVA FELIX
2275035|344958|304|03|2020|6|7 - PARECER (OUTROS)|097***516**|THADEU FILIPE SILVA FELIX
2345766|355746|304|03|2020|7|6 - PARECER JURÍDICO|097***516**|THADEU FILIPE SILVA FELIX
2345767|355745|304|03|2020|7|6 - PARECER JURÍDICO|097***516**|THADEU FILIPE SILVA FELIX
2345768|355744|304|03|2020|7|6 - PARECER JURÍDICO|097***516**|THADEU FILIPE SILVA FELIX
2345769|355747|304|03|2020|7|6 - PARECER JURÍDICO|097***516**|THADEU FILIPE SILVA FELIX
2345770|355746|304|03|2020|7|7 - PARECER (OUTROS)|097***516**|THADEU FILIPE SILVA FELIX
2345771|355745|304|03|2020|7|7 - PARECER (OUTROS)|097***516**|THADEU FILIPE SILVA FELIX
2345772|355744|304|03|2020|7|7 - PARECER (OUTROS)|097***516**|THADEU FILIPE SILVA FELIX
2345773|355747|304|03|2020|7|7 - PARECER (OUTROS)|097***516**|THADEU FILIPE SILVA FELIX
2388503|362418|304|03|2020|11|6 - PARECER JURÍDICO|097***516**|THADEU FILIPE SILVA FELIX
2388504|362417|304|03|2020|11|6 - PARECER JURÍDICO|097***516**|THADEU FILIPE SILVA FELIX
1998472|301844|304|03|2020|5|2 - COTAÇÃO DE PREÇOS|115***456**|BARBARA ALEXIA SANTOS
1998481|301845|304|03|2020|5|2 - COTAÇÃO DE PREÇOS|115***456**|BARBARA ALEXIA SANTOS
2275018|344960|304|03|2020|6|2 - COTAÇÃO DE PREÇOS|115***456**|BARBARA ALEXIA SANTOS
2275019|344959|304|03|2020|6|2 - COTAÇÃO DE PREÇOS|115***456**|BARBARA ALEXIA SANTOS
2345750|355746|304|03|2020|7|2 - COTAÇÃO DE PREÇOS|115***456**|BARBARA ALEXIA SANTOS
2345751|355745|304|03|2020|7|2 - COTAÇÃO DE PREÇOS|115***456**|BARBARA ALEXIA SANTOS
2345752|355744|304|03|2020|7|2 - COTAÇÃO DE PREÇOS|115***456**|BARBARA ALEXIA SANTOS
2388499|362418|304|03|2020|11|2 - COTAÇÃO DE PREÇOS|115***456**|BARBARA ALEXIA SANTOS
1984551|299718|304|03|2020|1|2 - COTAÇÃO DE PREÇOS|429***506**|RENE HENRIQUE CARDOSO RENAULT
1998463|301843|304|03|2020|4|5 - PUBLICAÇÃO EM ÓRGÃO OFICIAL|040***366**|LUCELIA LAGE DE ANDRADE
2275020|344958|304|03|2020|6|2 - COTAÇÃO DE PREÇOS|059***066**|RAFAEL ANGELO RIBEIRO
1998466|301843|304|03|2020|4|1 - AUTORIZAÇÃO PARA ABERTURA DO PROCEDIMENTO DE DISPENSA OU INEXIGIBILIDADE|079***486**|ALANA DE LOURDES ARRUDA
1998465|301843|304|03|2020|4|4 - RATIFICAÇÃO|079***486**|ALANA DE LOURDES ARRUDA
1998473|301844|304|03|2020|5|4 - RATIFICAÇÃO|079***486**|ALANA DE LOURDES ARRUDA
1998474|301844|304|03|2020|5|1 - AUTORIZAÇÃO PARA ABERTURA DO PROCEDIMENTO DE DISPENSA OU INEXIGIBILIDADE|079***486**|ALANA DE LOURDES ARRUDA
1998477|301845|304|03|2020|5|4 - RATIFICAÇÃO|079***486**|ALANA DE LOURDES ARRUDA
1998478|301845|304|03|2020|5|1 - AUTORIZAÇÃO PARA ABERTURA DO PROCEDIMENTO DE DISPENSA OU INEXIGIBILIDADE|079***486**|ALANA DE LOURDES ARRUDA
1998485|301846|304|03|2020|5|4 - RATIFICAÇÃO|079***486**|ALANA DE LOURDES ARRUDA
1998487|301846|304|03|2020|5|1 - AUTORIZAÇÃO PARA ABERTURA DO PROCEDIMENTO DE DISPENSA OU INEXIGIBILIDADE|079***486**|ALANA DE LOURDES ARRUDA
1998492|301847|304|03|2020|5|1 - AUTORIZAÇÃO PARA ABERTURA DO PROCEDIMENTO DE DISPENSA OU INEXIGIBILIDADE|079***486**|ALANA DE LOURDES ARRUDA
1998493|301847|304|03|2020|5|4 - RATIFICAÇÃO|079***486**|ALANA DE LOURDES ARRUDA
1984549|299718|304|03|2020|1|1 - AUTORIZAÇÃO PARA ABERTURA DO PROCEDIMENTO DE DISPENSA OU INEXIGIBILIDADE|079***486**|ALANA DE LOURDES ARRUDA
1984546|299718|304|03|2020|1|4 - RATIFICAÇÃO|079***486**|ALANA DE LOURDES ARRUDA
1984554|299719|304|03|2020|1|4 - RATIFICAÇÃO|079***486**|ALANA DE LOURDES ARRUDA
1984556|299719|304|03|2020|1|1 - AUTORIZAÇÃO PARA ABERTURA DO PROCEDIMENTO DE DISPENSA OU INEXIGIBILIDADE|079***486**|ALANA DE LOURDES ARRUDA
1984560|299720|304|03|2020|1|1 - AUTORIZAÇÃO PARA ABERTURA DO PROCEDIMENTO DE DISPENSA OU INEXIGIBILIDADE|079***486**|ALANA DE LOURDES ARRUDA
1984563|299720|304|03|2020|1|4 - RATIFICAÇÃO|079***486**|ALANA DE LOURDES ARRUDA
1984567|299721|304|03|2020|2|4 - RATIFICAÇÃO|079***486**|ALANA DE LOURDES ARRUDA
1984570|299721|304|03|2020|2|1 - AUTORIZAÇÃO PARA ABERTURA DO PROCEDIMENTO DE DISPENSA OU INEXIGIBILIDADE|079***486**|ALANA DE LOURDES ARRUDA
2275015|344960|304|03|2020|6|1 - AUTORIZAÇÃO PARA ABERTURA DO PROCEDIMENTO DE DISPENSA OU INEXIGIBILIDADE|079***486**|ALANA DE LOURDES ARRUDA
2275016|344959|304|03|2020|6|1 - AUTORIZAÇÃO PARA ABERTURA DO PROCEDIMENTO DE DISPENSA OU INEXIGIBILIDADE|079***486**|ALANA DE LOURDES ARRUDA
2275017|344958|304|03|2020|6|1 - AUTORIZAÇÃO PARA ABERTURA DO PROCEDIMENTO DE DISPENSA OU INEXIGIBILIDADE|079***486**|ALANA DE LOURDES ARRUDA
2275024|344960|304|03|2020|6|4 - RATIFICAÇÃO|079***486**|ALANA DE LOURDES ARRUDA
2275025|344959|304|03|2020|6|4 - RATIFICAÇÃO|079***486**|ALANA DE LOURDES ARRUDA
2275026|344958|304|03|2020|6|4 - RATIFICAÇÃO|079***486**|ALANA DE LOURDES ARRUDA
2345749|355747|304|03|2020|7|1 - AUTORIZAÇÃO PARA ABERTURA DO PROCEDIMENTO DE DISPENSA OU INEXIGIBILIDADE|079***486**|ALANA DE LOURDES ARRUDA
2345746|355746|304|03|2020|7|1 - AUTORIZAÇÃO PARA ABERTURA DO PROCEDIMENTO DE DISPENSA OU INEXIGIBILIDADE|079***486**|ALANA DE LOURDES ARRUDA
2345747|355745|304|03|2020|7|1 - AUTORIZAÇÃO PARA ABERTURA DO PROCEDIMENTO DE DISPENSA OU INEXIGIBILIDADE|079***486**|ALANA DE LOURDES ARRUDA
2345748|355744|304|03|2020|7|1 - AUTORIZAÇÃO PARA ABERTURA DO PROCEDIMENTO DE DISPENSA OU INEXIGIBILIDADE|079***486**|ALANA DE LOURDES ARRUDA
2345758|355746|304|03|2020|7|4 - RATIFICAÇÃO|079***486**|ALANA DE LOURDES ARRUDA
2345759|355745|304|03|2020|7|4 - RATIFICAÇÃO|079***486**|ALANA DE LOURDES ARRUDA
2345760|355744|304|03|2020|7|4 - RATIFICAÇÃO|079***486**|ALANA DE LOURDES ARRUDA
2345761|355747|304|03|2020|7|4 - RATIFICAÇÃO|079***486**|ALANA DE LOURDES ARRUDA
2388501|362418|304|03|2020|11|4 - RATIFICAÇÃO|079***486**|ALANA DE LOURDES ARRUDA
2388498|362418|304|03|2020|11|1 - AUTORIZAÇÃO PARA ABERTURA DO PROCEDIMENTO DE DISPENSA OU INEXIGIBILIDADE|079***486**|ALANA DE LOURDES ARRUDA
2345753|355747|304|03|2020|7|2 - COTAÇÃO DE PREÇOS|512***746**|GERALDO JOSE DE OLIVEIRA
1998467|301843|304|03|2020|4|2 - COTAÇÃO DE PREÇOS|137***726**|STEFANIE LETICIA FERNANDES
1984558|299719|304|03|2020|1|2 - COTAÇÃO DE PREÇOS|137***726**|STEFANIE LETICIA FERNANDES
2384502|361794|303|02|2020|12|4 - RATIFICAÇÃO|043***676**|ALISSON VITOR MARQUES
2384503|361789|303|02|2020|12|4 - RATIFICAÇÃO|043***676**|ALISSON VITOR MARQUES
2384505|361793|303|02|2020|12|4 - RATIFICAÇÃO|043***676**|ALISSON VITOR MARQUES
2384507|361792|303|02|2020|12|4 - RATIFICAÇÃO|043***676**|ALISSON VITOR MARQUES
2384511|361791|303|02|2020|12|4 - RATIFICAÇÃO|043***676**|ALISSON VITOR MARQUES
2384512|361790|303|02|2020|12|4 - RATIFICAÇÃO|043***676**|ALISSON VITOR MARQUES
2275230|345001|303|02|2020|8|4 - RATIFICAÇÃO|043***676**|ALISSON VITOR MARQUES
2275232|344999|303|02|2020|8|4 - RATIFICAÇÃO|043***676**|ALISSON VITOR MARQUES
2275235|344996|303|02|2020|8|4 - RATIFICAÇÃO|043***676**|ALISSON VITOR MARQUES
2275240|344992|303|02|2020|8|4 - RATIFICAÇÃO|043***676**|ALISSON VITOR MARQUES
2051474|310934|303|02|2020|1|4 - RATIFICAÇÃO|043***676**|ALISSON VITOR MARQUES
2051491|310937|303|02|2020|1|4 - RATIFICAÇÃO|043***676**|ALISSON VITOR MARQUES
2051514|310940|303|02|2020|1|4 - RATIFICAÇÃO|043***676**|ALISSON VITOR MARQUES
2051564|310950|303|02|2020|1|4 - RATIFICAÇÃO|043***676**|ALISSON VITOR MARQUES
2051587|310955|303|02|2020|1|4 - RATIFICAÇÃO|043***676**|ALISSON VITOR MARQUES
2051607|310959|303|02|2020|1|1 - AUTORIZAÇÃO PARA ABERTURA DO PROCEDIMENTO DE DISPENSA OU INEXIGIBILIDADE|043***676**|ALISSON VITOR MARQUES
2051608|310959|303|02|2020|1|4 - RATIFICAÇÃO|043***676**|ALISSON VITOR MARQUES
2051721|310981|303|02|2020|2|4 - RATIFICAÇÃO|043***676**|ALISSON VITOR MARQUES
2051731|310982|303|02|2020|2|4 - RATIFICAÇÃO|043***676**|ALISSON VITOR MARQUES
2051614|310960|303|02|2020|2|4 - RATIFICAÇÃO|043***676**|ALISSON VITOR MARQUES
2051622|310961|303|02|2020|2|4 - RATIFICAÇÃO|043***676**|ALISSON VITOR MARQUES
2051644|310965|303|02|2020|2|4 - RATIFICAÇÃO|043***676**|ALISSON VITOR MARQUES
2051655|310969|303|02|2020|2|4 - RATIFICAÇÃO|043***676**|ALISSON VITOR MARQUES
2051680|310973|303|02|2020|2|4 - RATIFICAÇÃO|043***676**|ALISSON VITOR MARQUES
2051690|310976|303|02|2020|2|4 - RATIFICAÇÃO|043***676**|ALISSON VITOR MARQUES
2051710|310979|303|02|2020|2|4 - RATIFICAÇÃO|043***676**|ALISSON VITOR MARQUES
2275039|344966|303|02|2020|6|1 - AUTORIZAÇÃO PARA ABERTURA DO PROCEDIMENTO DE DISPENSA OU INEXIGIBILIDADE|043***676**|ALISSON VITOR MARQUES
2275041|344964|303|02|2020|6|1 - AUTORIZAÇÃO PARA ABERTURA DO PROCEDIMENTO DE DISPENSA OU INEXIGIBILIDADE|043***676**|ALISSON VITOR MARQUES
2275062|344968|303|02|2020|6|4 - RATIFICAÇÃO|043***676**|ALISSON VITOR MARQUES
2275063|344966|303|02|2020|6|4 - RATIFICAÇÃO|043***676**|ALISSON VITOR MARQUES
2275064|344965|303|02|2020|6|4 - RATIFICAÇÃO|043***676**|ALISSON VITOR MARQUES
2275065|344964|303|02|2020|6|4 - RATIFICAÇÃO|043***676**|ALISSON VITOR MARQUES
2275066|344963|303|02|2020|6|4 - RATIFICAÇÃO|043***676**|ALISSON VITOR MARQUES
2275067|344962|303|02|2020|6|4 - RATIFICAÇÃO|043***676**|ALISSON VITOR MARQUES
2275122|344986|303|02|2020|7|2 - COTAÇÃO DE PREÇOS|043***676**|ALISSON VITOR MARQUES
2275140|344984|303|02|2020|7|4 - RATIFICAÇÃO|043***676**|ALISSON VITOR MARQUES
2275143|344981|303|02|2020|7|4 - RATIFICAÇÃO|043***676**|ALISSON VITOR MARQUES
2275144|344989|303|02|2020|7|4 - RATIFICAÇÃO|043***676**|ALISSON VITOR MARQUES
2275148|344977|303|02|2020|7|4 - RATIFICAÇÃO|043***676**|ALISSON VITOR MARQUES
2275149|344976|303|02|2020|7|4 - RATIFICAÇÃO|043***676**|ALISSON VITOR MARQUES
2275152|344986|303|02|2020|7|4 - RATIFICAÇÃO|043***676**|ALISSON VITOR MARQUES
2275313|345010|303|02|2020|9|4 - RATIFICAÇÃO|043***676**|ALISSON VITOR MARQUES
2275314|345009|303|02|2020|9|4 - RATIFICAÇÃO|043***676**|ALISSON VITOR MARQUES
2275317|345008|303|02|2020|9|4 - RATIFICAÇÃO|043***676**|ALISSON VITOR MARQUES
2275320|345006|303|02|2020|9|4 - RATIFICAÇÃO|043***676**|ALISSON VITOR MARQUES
2275324|345003|303|02|2020|9|4 - RATIFICAÇÃO|043***676**|ALISSON VITOR MARQUES
2275326|345007|303|02|2020|9|4 - RATIFICAÇÃO|043***676**|ALISSON VITOR MARQUES
2275327|345011|303|02|2020|9|4 - RATIFICAÇÃO|043***676**|ALISSON VITOR MARQUES
2371831|359750|303|02|2020|11|4 - RATIFICAÇÃO|043***676**|ALISSON VITOR MARQUES
2371832|359745|303|02|2020|11|4 - RATIFICAÇÃO|043***676**|ALISSON VITOR MARQUES
2371834|359744|303|02|2020|11|4 - RATIFICAÇÃO|043***676**|ALISSON VITOR MARQUES
2371836|359747|303|02|2020|11|4 - RATIFICAÇÃO|043***676**|ALISSON VITOR MARQUES
2371837|359743|303|02|2020|11|4 - RATIFICAÇÃO|043***676**|ALISSON VITOR MARQUES
2371838|359746|303|02|2020|11|4 - RATIFICAÇÃO|043***676**|ALISSON VITOR MARQUES
2371839|359742|303|02|2020|11|4 - RATIFICAÇÃO|043***676**|ALISSON VITOR MARQUES
2078005|315170|303|02|2020|3|4 - RATIFICAÇÃO|043***676**|ALISSON VITOR MARQUES
2077893|315151|303|02|2020|3|4 - RATIFICAÇÃO|043***676**|ALISSON VITOR MARQUES
2077930|315158|303|02|2020|3|4 - RATIFICAÇÃO|043***676**|ALISSON VITOR MARQUES
2078044|315175|303|02|2020|4|4 - RATIFICAÇÃO|043***676**|ALISSON VITOR MARQUES
2078107|315184|303|02|2020|4|4 - RATIFICAÇÃO|043***676**|ALISSON VITOR MARQUES
2078118|315186|303|02|2020|4|4 - RATIFICAÇÃO|043***676**|ALISSON VITOR MARQUES
2078141|315192|303|02|2020|5|4 - RATIFICAÇÃO|043***676**|ALISSON VITOR MARQUES
2078148|315194|303|02|2020|5|4 - RATIFICAÇÃO|043***676**|ALISSON VITOR MARQUES
2078158|315195|303|02|2020|5|4 - RATIFICAÇÃO|043***676**|ALISSON VITOR MARQUES
2078166|315196|303|02|2020|5|4 - RATIFICAÇÃO|043***676**|ALISSON VITOR MARQUES
2078176|315199|303|02|2020|5|4 - RATIFICAÇÃO|043***676**|ALISSON VITOR MARQUES
2078189|315200|303|02|2020|5|4 - RATIFICAÇÃO|043***676**|ALISSON VITOR MARQUES
2323296|352205|303|02|2020|10|1 - AUTORIZAÇÃO PARA ABERTURA DO PROCEDIMENTO DE DISPENSA OU INEXIGIBILIDADE|043***676**|ALISSON VITOR MARQUES
2323297|352206|303|02|2020|10|1 - AUTORIZAÇÃO PARA ABERTURA DO PROCEDIMENTO DE DISPENSA OU INEXIGIBILIDADE|043***676**|ALISSON VITOR MARQUES
2323303|352201|303|02|2020|10|1 - AUTORIZAÇÃO PARA ABERTURA DO PROCEDIMENTO DE DISPENSA OU INEXIGIBILIDADE|043***676**|ALISSON VITOR MARQUES
2323305|352200|303|02|2020|10|1 - AUTORIZAÇÃO PARA ABERTURA DO PROCEDIMENTO DE DISPENSA OU INEXIGIBILIDADE|043***676**|ALISSON VITOR MARQUES
2323306|352199|303|02|2020|10|1 - AUTORIZAÇÃO PARA ABERTURA DO PROCEDIMENTO DE DISPENSA OU INEXIGIBILIDADE|043***676**|ALISSON VITOR MARQUES
2323308|352198|303|02|2020|10|1 - AUTORIZAÇÃO PARA ABERTURA DO PROCEDIMENTO DE DISPENSA OU INEXIGIBILIDADE|043***676**|ALISSON VITOR MARQUES
2323334|352204|303|02|2020|10|4 - RATIFICAÇÃO|043***676**|ALISSON VITOR MARQUES
2323332|352205|303|02|2020|10|4 - RATIFICAÇÃO|043***676**|ALISSON VITOR MARQUES
2323333|352206|303|02|2020|10|4 - RATIFICAÇÃO|043***676**|ALISSON VITOR MARQUES
2323337|352202|303|02|2020|10|4 - RATIFICAÇÃO|043***676**|ALISSON VITOR MARQUES
2323338|352201|303|02|2020|10|4 - RATIFICAÇÃO|043***676**|ALISSON VITOR MARQUES
2323339|352197|303|02|2020|10|4 - RATIFICAÇÃO|043***676**|ALISSON VITOR MARQUES
2323340|352200|303|02|2020|10|4 - RATIFICAÇÃO|043***676**|ALISSON VITOR MARQUES
2323341|352199|303|02|2020|10|4 - RATIFICAÇÃO|043***676**|ALISSON VITOR MARQUES
2323343|352198|303|02|2020|10|4 - RATIFICAÇÃO|043***676**|ALISSON VITOR MARQUES
2384539|361794|303|02|2020|12|7 - PARECER (OUTROS)|054***736**|FRANCELIZE KARINA MAGALHAES
2384540|361789|303|02|2020|12|7 - PARECER (OUTROS)|054***736**|FRANCELIZE KARINA MAGALHAES
2384541|361787|303|02|2020|12|7 - PARECER (OUTROS)|054***736**|FRANCELIZE KARINA MAGALHAES
2384542|361793|303|02|2020|12|7 - PARECER (OUTROS)|054***736**|FRANCELIZE KARINA MAGALHAES
2384543|361786|303|02|2020|12|7 - PARECER (OUTROS)|054***736**|FRANCELIZE KARINA MAGALHAES
2384544|361792|303|02|2020|12|7 - PARECER (OUTROS)|054***736**|FRANCELIZE KARINA MAGALHAES
2384545|361784|303|02|2020|12|7 - PARECER (OUTROS)|054***736**|FRANCELIZE KARINA MAGALHAES
2384546|361795|303|02|2020|12|7 - PARECER (OUTROS)|054***736**|FRANCELIZE KARINA MAGALHAES
2384547|361782|303|02|2020|12|7 - PARECER (OUTROS)|054***736**|FRANCELIZE KARINA MAGALHAES
2384548|361791|303|02|2020|12|7 - PARECER (OUTROS)|054***736**|FRANCELIZE KARINA MAGALHAES
2384549|361790|303|02|2020|12|7 - PARECER (OUTROS)|054***736**|FRANCELIZE KARINA MAGALHAES
2051444|310929|303|02|2020|1|7 - PARECER (OUTROS)|054***736**|FRANCELIZE KARINA MAGALHAES
2051451|310930|303|02|2020|1|7 - PARECER (OUTROS)|054***736**|FRANCELIZE KARINA MAGALHAES
2051456|310931|303|02|2020|1|7 - PARECER (OUTROS)|054***736**|FRANCELIZE KARINA MAGALHAES
2051464|310932|303|02|2020|1|7 - PARECER (OUTROS)|054***736**|FRANCELIZE KARINA MAGALHAES
2051482|310935|303|02|2020|1|7 - PARECER (OUTROS)|054***736**|FRANCELIZE KARINA MAGALHAES
2051486|310936|303|02|2020|1|7 - PARECER (OUTROS)|054***736**|FRANCELIZE KARINA MAGALHAES
2051502|310938|303|02|2020|1|7 - PARECER (OUTROS)|054***736**|FRANCELIZE KARINA MAGALHAES
2051515|310941|303|02|2020|1|7 - PARECER (OUTROS)|054***736**|FRANCELIZE KARINA MAGALHAES
2051531|310945|303|02|2020|1|7 - PARECER (OUTROS)|054***736**|FRANCELIZE KARINA MAGALHAES
2051543|310947|303|02|2020|1|7 - PARECER (OUTROS)|054***736**|FRANCELIZE KARINA MAGALHAES
2051550|310948|303|02|2020|1|7 - PARECER (OUTROS)|054***736**|FRANCELIZE KARINA MAGALHAES
2051557|310949|303|02|2020|1|7 - PARECER (OUTROS)|054***736**|FRANCELIZE KARINA MAGALHAES
2051560|310950|303|02|2020|1|7 - PARECER (OUTROS)|054***736**|FRANCELIZE KARINA MAGALHAES
2051569|310952|303|02|2020|1|7 - PARECER (OUTROS)|054***736**|FRANCELIZE KARINA MAGALHAES
2051575|310953|303|02|2020|1|7 - PARECER (OUTROS)|054***736**|FRANCELIZE KARINA MAGALHAES
2051591|310956|303|02|2020|1|7 - PARECER (OUTROS)|054***736**|FRANCELIZE KARINA MAGALHAES
2051601|310958|303|02|2020|1|7 - PARECER (OUTROS)|054***736**|FRANCELIZE KARINA MAGALHAES
2051609|310959|303|02|2020|1|7 - PARECER (OUTROS)|054***736**|FRANCELIZE KARINA MAGALHAES
2051725|310982|303|02|2020|2|7 - PARECER (OUTROS)|054***736**|FRANCELIZE KARINA MAGALHAES
2051732|310983|303|02|2020|2|7 - PARECER (OUTROS)|054***736**|FRANCELIZE KARINA MAGALHAES
2051611|310960|303|02|2020|2|7 - PARECER (OUTROS)|054***736**|FRANCELIZE KARINA MAGALHAES
2051618|310961|303|02|2020|2|7 - PARECER (OUTROS)|054***736**|FRANCELIZE KARINA MAGALHAES
2051631|310964|303|02|2020|2|7 - PARECER (OUTROS)|054***736**|FRANCELIZE KARINA MAGALHAES
2051639|310965|303|02|2020|2|7 - PARECER (OUTROS)|054***736**|FRANCELIZE KARINA MAGALHAES
2051659|310969|303|02|2020|2|7 - PARECER (OUTROS)|054***736**|FRANCELIZE KARINA MAGALHAES
2051660|310970|303|02|2020|2|7 - PARECER (OUTROS)|054***736**|FRANCELIZE KARINA MAGALHAES
2051669|310972|303|02|2020|2|7 - PARECER (OUTROS)|054***736**|FRANCELIZE KARINA MAGALHAES
2051679|310973|303|02|2020|2|7 - PARECER (OUTROS)|054***736**|FRANCELIZE KARINA MAGALHAES
2051686|310975|303|02|2020|2|7 - PARECER (OUTROS)|054***736**|FRANCELIZE KARINA MAGALHAES
2051702|310978|303|02|2020|2|7 - PARECER (OUTROS)|054***736**|FRANCELIZE KARINA MAGALHAES
2051709|310979|303|02|2020|2|7 - PARECER (OUTROS)|054***736**|FRANCELIZE KARINA MAGALHAES
2051714|310980|303|02|2020|2|7 - PARECER (OUTROS)|054***736**|FRANCELIZE KARINA MAGALHAES
2051719|310981|303|02|2020|2|7 - PARECER (OUTROS)|054***736**|FRANCELIZE KARINA MAGALHAES
2275089|344967|303|02|2020|6|7 - PARECER (OUTROS)|054***736**|FRANCELIZE KARINA MAGALHAES
2275090|344968|303|02|2020|6|7 - PARECER (OUTROS)|054***736**|FRANCELIZE KARINA MAGALHAES
2275091|344966|303|02|2020|6|7 - PARECER (OUTROS)|054***736**|FRANCELIZE KARINA MAGALHAES
2275092|344965|303|02|2020|6|7 - PARECER (OUTROS)|054***736**|FRANCELIZE KARINA MAGALHAES
2275093|344964|303|02|2020|6|7 - PARECER (OUTROS)|054***736**|FRANCELIZE KARINA MAGALHAES
2275094|344962|303|02|2020|6|7 - PARECER (OUTROS)|054***736**|FRANCELIZE KARINA MAGALHAES
2275186|344984|303|02|2020|7|7 - PARECER (OUTROS)|054***736**|FRANCELIZE KARINA MAGALHAES
2275187|344989|303|02|2020|7|7 - PARECER (OUTROS)|054***736**|FRANCELIZE KARINA MAGALHAES
2275188|344975|303|02|2020|7|7 - PARECER (OUTROS)|054***736**|FRANCELIZE KARINA MAGALHAES
2275189|344987|303|02|2020|7|7 - PARECER (OUTROS)|054***736**|FRANCELIZE KARINA MAGALHAES
2275358|345016|303|02|2020|9|7 - PARECER (OUTROS)|054***736**|FRANCELIZE KARINA MAGALHAES
2275359|345015|303|02|2020|9|7 - PARECER (OUTROS)|054***736**|FRANCELIZE KARINA MAGALHAES
2275360|345014|303|02|2020|9|7 - PARECER (OUTROS)|054***736**|FRANCELIZE KARINA MAGALHAES
2275361|345013|303|02|2020|9|7 - PARECER (OUTROS)|054***736**|FRANCELIZE KARINA MAGALHAES
2275362|345006|303|02|2020|9|7 - PARECER (OUTROS)|054***736**|FRANCELIZE KARINA MAGALHAES
2275363|345012|303|02|2020|9|7 - PARECER (OUTROS)|054***736**|FRANCELIZE KARINA MAGALHAES
2275364|345005|303|02|2020|9|7 - PARECER (OUTROS)|054***736**|FRANCELIZE KARINA MAGALHAES
2275365|345004|303|02|2020|9|7 - PARECER (OUTROS)|054***736**|FRANCELIZE KARINA MAGALHAES
2275366|345003|303|02|2020|9|7 - PARECER (OUTROS)|054***736**|FRANCELIZE KARINA MAGALHAES
2275367|345002|303|02|2020|9|7 - PARECER (OUTROS)|054***736**|FRANCELIZE KARINA MAGALHAES
2275368|345011|303|02|2020|9|7 - PARECER (OUTROS)|054***736**|FRANCELIZE KARINA MAGALHAES
2371858|359750|303|02|2020|11|7 - PARECER (OUTROS)|054***736**|FRANCELIZE KARINA MAGALHAES
2371859|359745|303|02|2020|11|7 - PARECER (OUTROS)|054***736**|FRANCELIZE KARINA MAGALHAES
2371860|359749|303|02|2020|11|7 - PARECER (OUTROS)|054***736**|FRANCELIZE KARINA MAGALHAES
2371861|359744|303|02|2020|11|7 - PARECER (OUTROS)|054***736**|FRANCELIZE KARINA MAGALHAES
2371862|359748|303|02|2020|11|7 - PARECER (OUTROS)|054***736**|FRANCELIZE KARINA MAGALHAES
2371863|359747|303|02|2020|11|7 - PARECER (OUTROS)|054***736**|FRANCELIZE KARINA MAGALHAES
2371864|359743|303|02|2020|11|7 - PARECER (OUTROS)|054***736**|FRANCELIZE KARINA MAGALHAES
2371865|359746|303|02|2020|11|7 - PARECER (OUTROS)|054***736**|FRANCELIZE KARINA MAGALHAES
2371866|359742|303|02|2020|11|7 - PARECER (OUTROS)|054***736**|FRANCELIZE KARINA MAGALHAES
2077992|315168|303|02|2020|3|7 - PARECER (OUTROS)|054***736**|FRANCELIZE KARINA MAGALHAES
2078001|315169|303|02|2020|3|7 - PARECER (OUTROS)|054***736**|FRANCELIZE KARINA MAGALHAES
2078007|315170|303|02|2020|3|7 - PARECER (OUTROS)|054***736**|FRANCELIZE KARINA MAGALHAES
2078016|315171|303|02|2020|3|7 - PARECER (OUTROS)|054***736**|FRANCELIZE KARINA MAGALHAES
2078023|315172|303|02|2020|3|7 - PARECER (OUTROS)|054***736**|FRANCELIZE KARINA MAGALHAES
2078027|315173|303|02|2020|3|7 - PARECER (OUTROS)|054***736**|FRANCELIZE KARINA MAGALHAES
2078032|315174|303|02|2020|3|7 - PARECER (OUTROS)|054***736**|FRANCELIZE KARINA MAGALHAES
2077892|315151|303|02|2020|3|7 - PARECER (OUTROS)|054***736**|FRANCELIZE KARINA MAGALHAES
2077896|315152|303|02|2020|3|7 - PARECER (OUTROS)|054***736**|FRANCELIZE KARINA MAGALHAES
2077905|315153|303|02|2020|3|7 - PARECER (OUTROS)|054***736**|FRANCELIZE KARINA MAGALHAES
2077916|315156|303|02|2020|3|7 - PARECER (OUTROS)|054***736**|FRANCELIZE KARINA MAGALHAES
2077922|315157|303|02|2020|3|7 - PARECER (OUTROS)|054***736**|FRANCELIZE KARINA MAGALHAES
2077929|315158|303|02|2020|3|7 - PARECER (OUTROS)|054***736**|FRANCELIZE KARINA MAGALHAES
2077938|315159|303|02|2020|3|7 - PARECER (OUTROS)|054***736**|FRANCELIZE KARINA MAGALHAES
2077942|315160|303|02|2020|3|7 - PARECER (OUTROS)|054***736**|FRANCELIZE KARINA MAGALHAES
2077952|315162|303|02|2020|3|7 - PARECER (OUTROS)|054***736**|FRANCELIZE KARINA MAGALHAES
2077955|315163|303|02|2020|3|7 - PARECER (OUTROS)|054***736**|FRANCELIZE KARINA MAGALHAES
2077967|315164|303|02|2020|3|7 - PARECER (OUTROS)|054***736**|FRANCELIZE KARINA MAGALHAES
2077974|315165|303|02|2020|3|7 - PARECER (OUTROS)|054***736**|FRANCELIZE KARINA MAGALHAES
2077979|315166|303|02|2020|3|7 - PARECER (OUTROS)|054***736**|FRANCELIZE KARINA MAGALHAES
2077988|315167|303|02|2020|3|7 - PARECER (OUTROS)|054***736**|FRANCELIZE KARINA MAGALHAES
2078040|315175|303|02|2020|4|7 - PARECER (OUTROS)|054***736**|FRANCELIZE KARINA MAGALHAES
2078049|315176|303|02|2020|4|7 - PARECER (OUTROS)|054***736**|FRANCELIZE KARINA MAGALHAES
2078057|315177|303|02|2020|4|7 - PARECER (OUTROS)|054***736**|FRANCELIZE KARINA MAGALHAES
2078064|315178|303|02|2020|4|7 - PARECER (OUTROS)|054***736**|FRANCELIZE KARINA MAGALHAES
2078068|315179|303|02|2020|4|7 - PARECER (OUTROS)|054***736**|FRANCELIZE KARINA MAGALHAES
2078074|315180|303|02|2020|4|7 - PARECER (OUTROS)|054***736**|FRANCELIZE KARINA MAGALHAES
2078087|315181|303|02|2020|4|7 - PARECER (OUTROS)|054***736**|FRANCELIZE KARINA MAGALHAES
2078090|315182|303|02|2020|4|7 - PARECER (OUTROS)|054***736**|FRANCELIZE KARINA MAGALHAES
2078095|315183|303|02|2020|4|7 - PARECER (OUTROS)|054***736**|FRANCELIZE KARINA MAGALHAES
2078113|315185|303|02|2020|4|7 - PARECER (OUTROS)|054***736**|FRANCELIZE KARINA MAGALHAES
2078119|315186|303|02|2020|4|7 - PARECER (OUTROS)|054***736**|FRANCELIZE KARINA MAGALHAES
2078126|315188|303|02|2020|4|7 - PARECER (OUTROS)|054***736**|FRANCELIZE KARINA MAGALHAES
2078133|315191|303|02|2020|5|7 - PARECER (OUTROS)|054***736**|FRANCELIZE KARINA MAGALHAES
2078143|315192|303|02|2020|5|7 - PARECER (OUTROS)|054***736**|FRANCELIZE KARINA MAGALHAES
2078149|315194|303|02|2020|5|7 - PARECER (OUTROS)|054***736**|FRANCELIZE KARINA MAGALHAES
2078155|315195|303|02|2020|5|7 - PARECER (OUTROS)|054***736**|FRANCELIZE KARINA MAGALHAES
2078161|315196|303|02|2020|5|7 - PARECER (OUTROS)|054***736**|FRANCELIZE KARINA MAGALHAES
2078175|315198|303|02|2020|5|7 - PARECER (OUTROS)|054***736**|FRANCELIZE KARINA MAGALHAES
2078182|315199|303|02|2020|5|7 - PARECER (OUTROS)|054***736**|FRANCELIZE KARINA MAGALHAES
2078183|315200|303|02|2020|5|7 - PARECER (OUTROS)|054***736**|FRANCELIZE KARINA MAGALHAES
2323368|352205|303|02|2020|10|7 - PARECER (OUTROS)|054***736**|FRANCELIZE KARINA MAGALHAES
2323369|352206|303|02|2020|10|7 - PARECER (OUTROS)|054***736**|FRANCELIZE KARINA MAGALHAES
2323370|352203|303|02|2020|10|7 - PARECER (OUTROS)|054***736**|FRANCELIZE KARINA MAGALHAES
2323371|352208|303|02|2020|10|7 - PARECER (OUTROS)|054***736**|FRANCELIZE KARINA MAGALHAES
2323372|352201|303|02|2020|10|7 - PARECER (OUTROS)|054***736**|FRANCELIZE KARINA MAGALHAES
2323373|352197|303|02|2020|10|7 - PARECER (OUTROS)|054***736**|FRANCELIZE KARINA MAGALHAES
2323374|352200|303|02|2020|10|7 - PARECER (OUTROS)|054***736**|FRANCELIZE KARINA MAGALHAES
2323375|352199|303|02|2020|10|7 - PARECER (OUTROS)|054***736**|FRANCELIZE KARINA MAGALHAES
2323376|352207|303|02|2020|10|7 - PARECER (OUTROS)|054***736**|FRANCELIZE KARINA MAGALHAES
2323377|352198|303|02|2020|10|7 - PARECER (OUTROS)|054***736**|FRANCELIZE KARINA MAGALHAES
2275212|344997|303|02|2020|8|2 - COTAÇÃO DE PREÇOS|076***016**|DANIELA ALVES MACHADO
2384484|361786|303|02|2020|12|2 - COTAÇÃO DE PREÇOS|044***536**|ELIANE SILVA DE ALMEIDA
1987590|300153|302|01|2020|3|5 - PUBLICAÇÃO EM ÓRGÃO OFICIAL|060***186**|DANUBIA JÚLIA DO COUTO LIMA
1987595|300153|302|01|2020|3|3 - INFORMAÇÃO DE EXISTÊNCIA DE RECURSOS ORCAMENTÁRIOS|052***126**|LEILIANE ALVARES BARBOSA
1987593|300153|302|01|2020|3|6 - PARECER JURÍDICO|051***446**|GABRIELA CAROLINA O. C. BRITO
