seq_emp_credor|seq_empenho|seq_orgao|cod_orgao|seq_unidade|num_ano_referencia|num_mes_referencia|num_doc_credor|nom_credor
71751484|78477172|306|05|404014|2021|8|29979036000140|INSTITUTO NACIONAL DO SEGURO SOCIAL
71751485|78477174|306|05|404014|2021|8|00360305000104|FGTS
71751486|78477175|306|05|404014|2021|8|00394460005887|SECRETARIA DA RECEITA FEDERAL DO BRASIL
71751487|78477176|306|05|404014|2021|8|29979036000140|INSTITUTO NACIONAL DO SEGURO SOCIAL
71751488|78477177|306|05|404014|2021|8|29979036000140|INSTITUTO NACIONAL DO SEGURO SOCIAL
71751489|78477178|306|05|404014|2021|8|29979036000140|INSTITUTO NACIONAL DO SEGURO SOCIAL
71751490|78477179|306|05|404014|2021|8|29979036000140|INSTITUTO NACIONAL DO SEGURO SOCIAL
71751491|78477180|306|05|404014|2021|8|29979036000140|INSTITUTO NACIONAL DO SEGURO SOCIAL
71751492|78477184|306|05|404014|2021|8|29979036000140|INSTITUTO NACIONAL DO SEGURO SOCIAL
71751493|78477185|306|05|404014|2021|8|19792373000170|SUPERGRAFICA EDITORA LTDA EPP
71751494|78477186|306|05|404014|2021|8|10222563000188|SALGADOS AMIGAO LTDA ME
71751495|78477187|306|05|404014|2021|8|00360305000104|FGTS
71751496|78477190|306|05|404014|2021|8|00360305000104|FGTS
71751497|78477191|306|05|404014|2021|8|29979036000140|INSTITUTO NACIONAL DO SEGURO SOCIAL
71751498|78477192|306|05|404014|2021|8|17359233000188|TECIDOS E ARMARINHOS MIGUEL BARTOLOMEU SA
71751499|78477193|306|05|404014|2021|8|17359233000188|TECIDOS E ARMARINHOS MIGUEL BARTOLOMEU SA
71751500|78477195|306|05|404014|2021|8|18562652000185|VAREJAO AVENIDA LTDA
71751501|78477196|306|05|404014|2021|8|027***116**|LUCINÉIA MARIA FONSECA
71751502|78477197|306|05|404014|2021|8|33530486013883|EMBRATEL
72376864|79149562|302|01|404013|2021|9|00360305000104|CAIXA E.FEDERAL
72376865|79149565|302|01|404013|2021|9|00360305000104|CAIXA E.FEDERAL
72376866|79149567|302|01|404013|2021|9|29979036000140|INSTITUTO NACIONAL DO SEGURO SOCIAL
72376867|79149571|302|01|404013|2021|9|29979036000140|INSTITUTO NACIONAL DO SEGURO SOCIAL
72376868|79149572|302|01|404013|2021|9|00360305000104|CAIXA E.FEDERAL
72376869|79149575|302|01|404013|2021|9|61198164000160|PORTO SEGURO CIA DE SEGUROS GERAIS
72376870|79149579|302|01|404013|2021|9|29979036000140|INSTITUTO NACIONAL DO SEGURO SOCIAL
72376871|79149583|302|01|404013|2021|9|29979036000140|INSTITUTO NACIONAL DO SEGURO SOCIAL
77147118|84410724|304|03|404015|2021|11|33540866000144|NAVODAP-COMERCIO DE MATERIAIS HIDRAULICOS EIRELI
77147119|84410725|304|03|404015|2021|11|05340639000130|PRIME CONSULTORIA E ASSESSORIA EMPRESARIAL LTDANI
77147120|84410726|304|03|404015|2021|11|71222244000167|GERALPOCOS LTDA
77147121|84410727|304|03|404015|2021|11|06981180000116|CEMIG DISTRIBUICAO S.A
77147122|84410728|304|03|404015|2021|11|41664871000197|POLYVIN PLASTICOS E DERIVADOS LTDA
77147123|84410729|304|03|404015|2021|11|10426715000164|CONSORCIO OTIMO BILHETAGEM ELETRONICA
77147124|84410730|304|03|404015|2021|11|41719477000109|KARAIBA MATERIAIS DE CONSTRUCAO LTDA - ME
77147125|84410732|304|03|404015|2021|11|23314651000151|ORGANIZACAO EMY LTDA-EPP
77147126|84410735|304|03|404015|2021|11|34640774000107|HIDROGERAIS COMERCIO E REPRESENTACOES EIRELI
77147127|84410737|304|03|404015|2021|11|11849606000112|MARCIO NAZARET AMARO
77147128|84410738|304|03|404015|2021|11|13576654000100|BHS BOMBAS HIDRAULICAS E SERVICOS LTDA
77147129|84410740|304|03|404015|2021|11|06981180000116|CEMIG DISTRIBUICAO S.A
77147130|84410741|304|03|404015|2021|11|11849606000112|MARCIO NAZARET AMARO
77147131|84410743|304|03|404015|2021|11|71222244000167|GERALPOCOS LTDA
77147132|84410744|304|03|404015|2021|11|30968913000167|WENDERSON SILVA PEIXOTO DE MELLO-ME
77147133|84410746|304|03|404015|2021|11|11849606000112|MARCIO NAZARET AMARO
77147134|84410747|304|03|404015|2021|11|11849606000112|MARCIO NAZARET AMARO
77147135|84410748|304|03|404015|2021|11|19091655000140|GLOBAL BOMBAS HIDRAULICAS E ELETRICA LTDA - EPP
77147136|84410749|304|03|404015|2021|11|29979036044946|INSTITUTO NACIONAL DO SEGURO SOCIAL
77147137|84410750|304|03|404015|2021|11|29979036044946|INSTITUTO NACIONAL DO SEGURO SOCIAL
77147138|84410751|304|03|404015|2021|11|00399411000100|OLIVEIRA & PINHEIRO MATERIAIS PARA CONST. LTDA
77147139|84410752|304|03|404015|2021|11|18715615000160|FUNDO DE GARANTIA POR TEMPO DE SERVICO
77147140|84410753|304|03|404015|2021|11|18715615000160|FUNDO DE GARANTIA POR TEMPO DE SERVICO
77147141|84410754|304|03|404015|2021|11|29979036044946|INSTITUTO NACIONAL DO SEGURO SOCIAL
77147142|84410755|304|03|404015|2021|11|00399411000100|OLIVEIRA & PINHEIRO MATERIAIS PARA CONST. LTDA
77147143|84410756|304|03|404015|2021|11|41719477000109|KARAIBA MATERIAIS DE CONSTRUCAO LTDA - ME
77147144|84410758|304|03|404015|2021|11|18715615000160|FUNDO DE GARANTIA POR TEMPO DE SERVICO
77147145|84410760|304|03|404015|2021|11|05049369000102|MATOS & SILVA, TRANSPORTES,COM. E SERVICOS LTDA
77147146|84410762|304|03|404015|2021|11|05340639000130|PRIME CONSULTORIA E ASSESSORIA EMPRESARIAL LTDANI
77147147|84410763|304|03|404015|2021|11|13431495000155|TNS APLICADORA DE PAVIMENTO ASFALTICO LTDA
77147148|84410764|304|03|404015|2021|11|05049369000102|MATOS & SILVA, TRANSPORTES,COM. E SERVICOS LTDA
77147149|84410765|304|03|404015|2021|11|37011072000144|WP BOMBAS E SERVICOS LTDA
77147150|84410766|304|03|404015|2021|11|23314651000151|ORGANIZACAO EMY LTDA-EPP
77147151|84410768|304|03|404015|2021|11|11849606000112|MARCIO NAZARET AMARO
77147152|84410769|304|03|404015|2021|11|18715615000160|FUNDO DE GARANTIA POR TEMPO DE SERVICO
77147153|84410771|304|03|404015|2021|11|18715615000160|FUNDO DE GARANTIA POR TEMPO DE SERVICO
77147154|84410772|304|03|404015|2021|11|13914027000131|HIDROLUX INDUS.E COMER.DE MAT.HIDRAUL. EIRELI-ME
77147155|84410773|304|03|404015|2021|11|19091655000140|GLOBAL BOMBAS HIDRAULICAS E ELETRICA LTDA - EPP
77147156|84410775|304|03|404015|2021|11|05049369000102|MATOS & SILVA, TRANSPORTES,COM. E SERVICOS LTDA
77147157|84410776|304|03|404015|2021|11|02332638000155|ALEXANDRE MAGNO LEAL -EPP.
77147158|84410777|304|03|404015|2021|11|00399411000100|OLIVEIRA & PINHEIRO MATERIAIS PARA CONST. LTDA
77147159|84410778|304|03|404015|2021|11|37011072000144|WP BOMBAS E SERVICOS LTDA
77147160|84410779|304|03|404015|2021|11|18715615000160|FUNDO DE GARANTIA POR TEMPO DE SERVICO
77147161|84410780|304|03|404015|2021|11|41952235000160|SUL AMERICA ENGENHARIA LTDA.
77147162|84410781|304|03|404015|2021|11|23314651000151|ORGANIZACAO EMY LTDA-EPP
77147163|84410782|304|03|404015|2021|11|29979036044946|INSTITUTO NACIONAL DO SEGURO SOCIAL
77147164|84410783|304|03|404015|2021|11|71222244000167|GERALPOCOS LTDA
77147165|84410784|304|03|404015|2021|11|06981180000116|CEMIG DISTRIBUICAO S.A
77147166|84410785|304|03|404015|2021|11|05049369000102|MATOS & SILVA, TRANSPORTES,COM. E SERVICOS LTDA
77147167|84410787|304|03|404015|2021|11|06981180000116|CEMIG DISTRIBUICAO S.A
77147168|84410788|304|03|404015|2021|11|13576654000100|BHS BOMBAS HIDRAULICAS E SERVICOS LTDA
77147169|84410790|304|03|404015|2021|11|09655998000137|METALSAF INDUSTRIA E COMERCIAO LTDA
77147170|84410791|304|03|404015|2021|11|00399411000100|OLIVEIRA & PINHEIRO MATERIAIS PARA CONST. LTDA
77147171|84410793|304|03|404015|2021|11|01963440000107|MC MEDICINA E CONSULTORIA OCUPACIONAL LTDA - EPP.
77147172|84410794|304|03|404015|2021|11|05475103000121|SECRETARIA DE ESTADO DE GOVERNO
77147173|84410795|304|03|404015|2021|11|00000000000191|BANCO DO BRASIL-RECEITA FEDERAL-IRRF
77147174|84410797|304|03|404015|2021|11|10585071000157|GILBERTO MAGELA SIQUEIRA-ME
77147175|84410798|304|03|404015|2021|11|60701190000104|BANCO ITAU SA
77147176|84410799|304|03|404015|2021|11|00000000000191|BANCO DO BRASIL-RECEITA FEDERAL-IRRF
77147177|84410800|304|03|404015|2021|11|21155478000160|CARTORIO 3O OFICIO DE NOTAS DE CAETE
77147178|84410801|304|03|404015|2021|11|04817485000161|BPD SERVICOS DE PROCESSAMENTO DE DADOS
77147179|84410802|304|03|404015|2021|11|00360305000104|CAIXA ECONOMICA FEDERAL
77147180|84410803|304|03|404015|2021|11|18715615000160|FUNDO DE GARANTIA POR TEMPO DE SERVICO
77147181|84410804|304|03|404015|2021|11|90400888000142|BANCO SANTANDER (BRASIL) SA
77147182|84410805|304|03|404015|2021|11|00165960000101|GOVERNANCABRASIL SA TECNOL. E GESTAO DE SERVICOS
77147183|84410806|304|03|404015|2021|11|09025241000160|MONITORA SEGURANCA ELETRONICA LTDA-ME
77147184|84410807|304|03|404015|2021|11|64237787000192|FUJITEL TELECOMUNICACOES LTDA - EPP.
77147185|84410809|304|03|404015|2021|11|00165960000101|GOVERNANCABRASIL SA TECNOL. E GESTAO DE SERVICOS
77147186|84410810|304|03|404015|2021|11|29926863000176|FARLEI LOPES FRANCO
77147187|84410811|304|03|404015|2021|11|16746489000185|DROGARIA SAO CLEMENTE LTDA
77147188|84410812|304|03|404015|2021|11|10585071000157|GILBERTO MAGELA SIQUEIRA-ME
77147189|84410813|304|03|404015|2021|11|18715615000160|FUNDO DE GARANTIA POR TEMPO DE SERVICO
77147190|84410814|304|03|404015|2021|11|90400888000142|BANCO SANTANDER (BRASIL) SA
77147191|84410815|304|03|404015|2021|11|14164310000156|CONECTA ITABIRA INFORMATICA LTDA ME
77147192|84410816|304|03|404015|2021|11|60746948000112|BANCO BRADESCO S.A.
77147193|84410817|304|03|404015|2021|11|71181184000181|DARIO HUMBERTO DE MELO CASTRO-EPP
77147194|84410819|304|03|404015|2021|11|09025241000160|MONITORA SEGURANCA ELETRONICA LTDA-ME
77147195|84410820|304|03|404015|2021|11|29979036044946|INSTITUTO NACIONAL DO SEGURO SOCIAL
77147196|84410821|304|03|404015|2021|11|25191800000168|EMPRESA JORNALISTICA OPINIAO LTDA
77147197|84410822|304|03|404015|2021|11|30968913000167|WENDERSON SILVA PEIXOTO DE MELLO-ME
77147198|84410823|304|03|404015|2021|11|60701190000104|BANCO ITAU SA
77147199|84410825|304|03|404015|2021|11|00000000000191|BANCO DO BRASIL-RECEITA FEDERAL-IRRF
77147200|84410826|304|03|404015|2021|11|05423963000111|OI MOVEL SA
77147201|84410828|304|03|404015|2021|11|00636766000167|DIOGENES SILVA COMERCIO & SERVICOS LTDA
77147202|84410830|304|03|404015|2021|11|00165960000101|GOVERNANCABRASIL SA TECNOL. E GESTAO DE SERVICOS
77147203|84410831|304|03|404015|2021|11|00165960000101|GOVERNANCABRASIL SA TECNOL. E GESTAO DE SERVICOS
77147204|84410832|304|03|404015|2021|11|76535764000143|TELEMAR NORTE LESTE SA MATRIZ
66902656|73129922|306|05|404014|2021|4|00360305000104|FGTS
66902657|73129923|306|05|404014|2021|4|29979036000140|INSTITUTO NACIONAL DO SEGURO SOCIAL
66902658|73129924|306|05|404014|2021|4|29979036000140|INSTITUTO NACIONAL DO SEGURO SOCIAL
66902659|73129926|306|05|404014|2021|4|29979036000140|INSTITUTO NACIONAL DO SEGURO SOCIAL
66902660|73129927|306|05|404014|2021|4|00360305144106|CAIXA ECONOMICA FEDERAL
66902661|73129928|306|05|404014|2021|4|29979036000140|INSTITUTO NACIONAL DO SEGURO SOCIAL
66902662|73129929|306|05|404014|2021|4|17359233000188|TECIDOS E ARMARINHOS MIGUEL BARTOLOMEU SA
66902663|73129932|306|05|404014|2021|4|027***116**|LUCINÉIA MARIA FONSECA
66902664|73129933|306|05|404014|2021|4|33065699000127|SEGUROS SURA SA
66902665|73129934|306|05|404014|2021|4|33065699000127|SEGUROS SURA SA
66902666|73129935|306|05|404014|2021|4|29979036000140|INSTITUTO NACIONAL DO SEGURO SOCIAL
66902667|73129936|306|05|404014|2021|4|00360305000104|FGTS
66902668|73129937|306|05|404014|2021|4|29979036000140|INSTITUTO NACIONAL DO SEGURO SOCIAL
66902669|73129939|306|05|404014|2021|4|31204052000103|BRISK INFORMATICA
66902670|73129940|306|05|404014|2021|4|00360305144106|CAIXA ECONOMICA FEDERAL
66902671|73129941|306|05|404014|2021|4|027***116**|LUCINÉIA MARIA FONSECA
66902672|73129942|306|05|404014|2021|4|29979036000140|INSTITUTO NACIONAL DO SEGURO SOCIAL
66902673|73129947|306|05|404014|2021|4|29979036000140|INSTITUTO NACIONAL DO SEGURO SOCIAL
66902674|73129949|306|05|404014|2021|4|00394460005887|SECRETARIA DA RECEITA FEDERAL DO BRASIL
68838820|75262787|302|01|404013|2021|5|29979036000140|INSTITUTO NACIONAL DO SEGURO SOCIAL
68838821|75262791|302|01|404013|2021|5|76535764000143|OI S.A. - EM RECUPERACAO JUDICIAL
68838822|75262792|302|01|404013|2021|5|29979036000140|INSTITUTO NACIONAL DO SEGURO SOCIAL
68838823|75262793|302|01|404013|2021|5|704***936**|SILVIA DE OLIVEIRA CARVALHO
68838824|75262794|302|01|404013|2021|5|29979036000140|INSTITUTO NACIONAL DO SEGURO SOCIAL
68838825|75262795|302|01|404013|2021|5|00360305000104|CAIXA E.FEDERAL
68838826|75262797|302|01|404013|2021|5|33000118000179|TELEMAR NORTE LESTE S/A. - EM RECUPERACAO JUDICIAL
68838827|75262798|302|01|404013|2021|5|23250713000109|CERTIDIGI CERTIFICADO DIGITAL E SEGURANCA DA INFORMAÇÃO LTDA -EPP
68838828|75262799|302|01|404013|2021|5|76535764000143|OI S.A. - EM RECUPERACAO JUDICIAL
68838829|75262801|302|01|404013|2021|5|29979036000140|INSTITUTO NACIONAL DO SEGURO SOCIAL
68838830|75262803|302|01|404013|2021|5|76535764000143|OI S.A. - EM RECUPERACAO JUDICIAL
67832513|74160238|304|03|404015|2021|4|00000000000191|BANCO DO BRASIL-RECEITA FEDERAL-IRRF
67832514|74160239|304|03|404015|2021|4|18963999000130|WX3 SISTEMAS LTDA - ME
67832515|74160241|304|03|404015|2021|4|00000000000191|BANCO DO BRASIL-RECEITA FEDERAL-IRRF
67832516|74160242|304|03|404015|2021|4|21155478000160|CARTORIO 3O OFICIO DE NOTAS DE CAETE
67832517|74160243|304|03|404015|2021|4|64237787000192|FUJITEL TELECOMUNICACOES LTDA - EPP.
67832518|74160244|304|03|404015|2021|4|18979005000173|EMPRESA TRANSCOL LTDA
67832519|74160245|304|03|404015|2021|4|00360305000104|CAIXA ECONOMICA FEDERAL
67832520|74160247|304|03|404015|2021|4|18979005000173|EMPRESA TRANSCOL LTDA
67832521|74160248|304|03|404015|2021|4|29979036044946|INSTITUTO NACIONAL DO SEGURO SOCIAL
67832522|74160249|304|03|404015|2021|4|27346682000145|CINARA DOS SANTOS MAGALHAES-EIRELI
67832523|74160250|304|03|404015|2021|4|18715615000160|FUNDO DE GARANTIA POR TEMPO DE SERVICO
67832524|74160251|304|03|404015|2021|4|60701190000104|BANCO ITAU SA
67832525|74160253|304|03|404015|2021|4|32835618000168|SIMONE ANTONIA MARQUES BRAGA 84704730697
67832526|74160255|304|03|404015|2021|4|18715615000160|FUNDO DE GARANTIA POR TEMPO DE SERVICO
67832527|74160258|304|03|404015|2021|4|18979005000173|EMPRESA TRANSCOL LTDA
67832528|74160261|304|03|404015|2021|4|21155494000153|CARTORIO REGISTRO DE IMOVEIS DE CAETE - MG
67832529|74160262|304|03|404015|2021|4|29979036044946|INSTITUTO NACIONAL DO SEGURO SOCIAL
67832530|74160263|304|03|404015|2021|4|90400888000142|BANCO SANTANDER (BRASIL) SA
67832531|74160266|304|03|404015|2021|4|29979036044946|INSTITUTO NACIONAL DO SEGURO SOCIAL
67832532|74160267|304|03|404015|2021|4|18715615000160|FUNDO DE GARANTIA POR TEMPO DE SERVICO
67832533|74160268|304|03|404015|2021|4|14164310000156|CONECTA ITABIRA INFORMATICA LTDA ME
67832534|74160269|304|03|404015|2021|4|25191800000168|EMPRESA JORNALISTICA OPINIAO LTDA
67832535|74160270|304|03|404015|2021|4|30968913000167|WENDERSON SILVA PEIXOTO DE MELLO-ME
67832536|74160271|304|03|404015|2021|4|04898233000104|ALPHAMEC LTDA
67832537|74160272|304|03|404015|2021|4|13576654000100|BHS BOMBAS HIDRAULICAS E SERVICOS LTDA
67832538|74160273|304|03|404015|2021|4|17926188000104|SINTAGMA ZENITE COMER.PAPELARIA E ESPORTES LTDA-ME
67832539|74160274|304|03|404015|2021|4|23314651000151|ORGANIZACAO EMY LTDA-EPP
67832540|74160275|304|03|404015|2021|4|09025241000160|MONITORA SEGURANCA ELETRONICA LTDA-ME
67832541|74160276|304|03|404015|2021|4|09666624000117|GESTCOM INFORMATICA LTDA - ME
67832542|74160277|304|03|404015|2021|4|10558226000166|LOKARFLEX LOCADORA DE VEICULOS LTDA-ME
67832543|74160278|304|03|404015|2021|4|02628117000140|JARBAS SEBASTIAO DOS REIS-ME
67832544|74160279|304|03|404015|2021|4|11849606000112|MARCIO NAZARET AMARO
67832545|74160280|304|03|404015|2021|4|05919869000158|DICLORINA IND.COM.E.PRESTACOES DE SERV. LTDA
67832546|74160281|304|03|404015|2021|4|23647365000108|BAUMINAS QUIMICA NNE LTDA.
67832547|74160282|304|03|404015|2021|4|05919869000158|DICLORINA IND.COM.E.PRESTACOES DE SERV. LTDA
67832548|74160283|304|03|404015|2021|4|23314651000151|ORGANIZACAO EMY LTDA-EPP
67832549|74160284|304|03|404015|2021|4|17926188000104|SINTAGMA ZENITE COMER.PAPELARIA E ESPORTES LTDA-ME
67832550|74160285|304|03|404015|2021|4|11849606000112|MARCIO NAZARET AMARO
67832551|74160286|304|03|404015|2021|4|92559830000171|GREEN CARD SA REFEICOES COMERCIO E SERVICOS
67832552|74160287|304|03|404015|2021|4|01963440000107|MC MEDICINA E CONSULTORIA OCUPACIONAL LTDA - EPP.
67832553|74160288|304|03|404015|2021|4|10558226000166|LOKARFLEX LOCADORA DE VEICULOS LTDA-ME
67832554|74160289|304|03|404015|2021|4|05919869000158|DICLORINA IND.COM.E.PRESTACOES DE SERV. LTDA
67832555|74160290|304|03|404015|2021|4|14164310000156|CONECTA ITABIRA INFORMATICA LTDA ME
67832556|74160291|304|03|404015|2021|4|23314651000151|ORGANIZACAO EMY LTDA-EPP
67832557|74160292|304|03|404015|2021|4|02628117000140|JARBAS SEBASTIAO DOS REIS-ME
67832558|74160293|304|03|404015|2021|4|04817485000161|BPD SERVICOS DE PROCESSAMENTO DE DADOS
67832559|74160294|304|03|404015|2021|4|23314651000151|ORGANIZACAO EMY LTDA-EPP
67832560|74160295|304|03|404015|2021|4|10585071000157|GILBERTO MAGELA SIQUEIRA-ME
67832561|74160296|304|03|404015|2021|4|60701190000104|BANCO ITAU SA
67832562|74160297|304|03|404015|2021|4|60746948000112|BANCO BRADESCO S.A.
67832563|74160298|304|03|404015|2021|4|90400888000142|BANCO SANTANDER (BRASIL) SA
67832564|74160299|304|03|404015|2021|4|16746489000185|DROGARIA SAO CLEMENTE LTDA
67832565|74160300|304|03|404015|2021|4|00000000000191|BANCO DO BRASIL-RECEITA FEDERAL-IRRF
67832566|74160301|304|03|404015|2021|4|00636766000167|DIOGENES SILVA COMERCIO & SERVICOS LTDA
67832567|74160302|304|03|404015|2021|4|06981180000116|CEMIG DISTRIBUICAO S.A
67832568|74160303|304|03|404015|2021|4|06981180000116|CEMIG DISTRIBUICAO S.A
67832569|74160304|304|03|404015|2021|4|20232336000197|MAPEL-MAQUINAS E ARTIGOS PARA ESCRITORIO LTDA-ME
67832570|74160305|304|03|404015|2021|4|05475103000121|SECRETARIA DE ESTADO DE GOVERNO
67832571|74160306|304|03|404015|2021|4|05475103000121|SECRETARIA DE ESTADO DE GOVERNO
67832572|74160307|304|03|404015|2021|4|34028316000103|EMPRESA BRASILEIRA DE CORREIOS E TELEGRAFOS
67832573|74160308|304|03|404015|2021|4|29926863000176|FARLEI LOPES FRANCO
67832574|74160309|304|03|404015|2021|4|05475103000121|SECRETARIA DE ESTADO DE GOVERNO
71731023|78453788|303|02|404017|2021|8|29979036000140|INSS INSTITUTO NACIONAL DO SEGURO SOCIAL
71731024|78453791|303|02|404017|2021|8|29979036000140|INSS INSTITUTO NACIONAL DO SEGURO SOCIAL
71731025|78453792|303|02|404017|2021|8|17308172000120|CEPEL CENTRO PSICOTÉCNICO LTDA
71731026|78453793|303|02|404017|2021|8|00360305000104|CAIXA ECONOMICA FEDERAL
71731027|78453795|303|02|404017|2021|8|00360305000104|CAIXA ECONOMICA FEDERAL
71731028|78453796|303|02|404017|2021|8|29979036000140|INSS INSTITUTO NACIONAL DO SEGURO SOCIAL
71731029|78453800|303|02|404017|2021|8|00360305000104|CAIXA ECONOMICA FEDERAL
71731030|78453804|303|02|404017|2021|8|05684180000191|COMPANHIA ITABIRANA DE TELECOMUNICACOES LTDA
71731031|78453805|303|02|404017|2021|8|41719477000109|KARAIBA MATERIAIS DE CONSTRUCAO LTDA
71731032|78453806|303|02|404017|2021|8|12719447000102|DP ESPORTES EIRELI
71731033|78453807|303|02|404017|2021|8|071***616**|EDIMAR RAIMUNDO BARBOSA
71731034|78453808|303|02|404017|2021|8|05684180000191|COMPANHIA ITABIRANA DE TELECOMUNICACOES LTDA
71731035|78453809|303|02|404017|2021|8|92559830000171|GREEN CARD SA REFEICOES COMERCIO E SERVICOS
71731036|78453810|303|02|404017|2021|8|29979036000140|INSS INSTITUTO NACIONAL DO SEGURO SOCIAL
71731037|78453811|303|02|404017|2021|8|456***856**|GLADYS CONCEICAO MELO FRANCO
71731038|78453812|303|02|404017|2021|8|00360305000104|CAIXA ECONOMICA FEDERAL
71731039|78453813|303|02|404017|2021|8|798***391**|RODRIGO MIRANDA LIMA
71731040|78453814|303|02|404017|2021|8|344***596**|JADEL EUSTÁQUIO DE BRITO
71731041|78453815|303|02|404017|2021|8|039***756**|JOSYMAR DE OLIVEIRA SANTOS
71731042|78453816|303|02|404017|2021|8|41719477000109|KARAIBA MATERIAIS DE CONSTRUCAO LTDA
71731043|78453819|303|02|404017|2021|8|12719447000102|DP ESPORTES EIRELI
71731044|78453820|303|02|404017|2021|8|012***766**|ANA PAULA DEMÉTRIO
71731045|78453821|303|02|404017|2021|8|07062925000106|ORGANIZACOES MSL COMERCIO E INDUSTRIA DE MATERIAIS ELETRICOS LTDA
71731046|78453822|303|02|404017|2021|8|12719447000102|DP ESPORTES EIRELI
71731047|78453823|303|02|404017|2021|8|65353401000170|COMERCIAL VENER LTDA
71731048|78453824|303|02|404017|2021|8|06889156000151|JQ COUTO CONSTRUCOES
71731049|78453826|303|02|403998|2021|8|16747537000150|LAR DOS IDOSOS PE JOAO DE OLIVEIRA LIMA
71731050|78453827|303|02|403998|2021|8|23073831000199|LEONARA CRISTINA DIAS DE SOUZA
71731051|78453828|303|02|403996|2021|8|29979036000140|INSS INSTITUTO NACIONAL DO SEGURO SOCIAL
71731052|78453831|303|02|403998|2021|8|29979036000140|INSS INSTITUTO NACIONAL DO SEGURO SOCIAL
71731053|78453832|303|02|403998|2021|8|118***546**|ERICKSON HENRIQUE M FERNANDES
71731054|78453834|303|02|403998|2021|8|41719477000109|KARAIBA MATERIAIS DE CONSTRUCAO LTDA
71731055|78453835|303|02|403996|2021|8|00360305000104|CAIXA ECONOMICA FEDERAL
71731056|78453836|303|02|403996|2021|8|04309564000161|ESTRELA LOGÍSTICA EIRELI
71731057|78453837|303|02|403998|2021|8|12719447000102|DP ESPORTES EIRELI
71731058|78453839|303|02|403998|2021|8|71181184000181|DÁRIO HUMBERTO DE MELO CASTROME
71731059|78453840|303|02|403996|2021|8|00165960000101|GOVERNANCA BRASIL TEC GESTAO EM SERV LTDA
71731060|78453845|303|02|403998|2021|8|41923079000290|CÁSSIO LUIZ DE MELO CASTROEPP
71731061|78453849|303|02|403998|2021|8|00360305000104|CAIXA ECONOMICA FEDERAL
71731062|78453850|303|02|403998|2021|8|07062925000106|ORGANIZACOES MSL COMERCIO E INDUSTRIA DE MATERIAIS ELETRICOS LTDA
71731063|78453851|303|02|403998|2021|8|00360305000104|CAIXA ECONOMICA FEDERAL
71731064|78453854|303|02|403998|2021|8|71181184000181|DÁRIO HUMBERTO DE MELO CASTROME
71731065|78453855|303|02|403998|2021|8|00360305000104|CAIXA ECONOMICA FEDERAL
71731066|78453856|303|02|403998|2021|8|29979036000140|INSS INSTITUTO NACIONAL DO SEGURO SOCIAL
71731067|78453857|303|02|403998|2021|8|41719477000109|KARAIBA MATERIAIS DE CONSTRUCAO LTDA
71731068|78453858|303|02|403996|2021|8|29979036000140|INSS INSTITUTO NACIONAL DO SEGURO SOCIAL
71731069|78453859|303|02|403998|2021|8|41719477000109|KARAIBA MATERIAIS DE CONSTRUCAO LTDA
71731070|78453860|303|02|403998|2021|8|41719477000109|KARAIBA MATERIAIS DE CONSTRUCAO LTDA
71731071|78453861|303|02|403998|2021|8|29979036000140|INSS INSTITUTO NACIONAL DO SEGURO SOCIAL
71731072|78453868|303|02|404004|2021|8|01957866000158|R & G MATERIAIS ESPORTIVOS E PAPELARIA EM GERAL
71731073|78453869|303|02|404004|2021|8|04309564000161|ESTRELA LOGÍSTICA EIRELI
71731074|78453874|303|02|404004|2021|8|29979036000140|INSS INSTITUTO NACIONAL DO SEGURO SOCIAL
71731075|78453875|303|02|404004|2021|8|00360305000104|CAIXA ECONOMICA FEDERAL
71731076|78453876|303|02|404002|2021|8|00360305000104|CAIXA ECONOMICA FEDERAL
71731077|78453879|303|02|404002|2021|8|29979036000140|INSS INSTITUTO NACIONAL DO SEGURO SOCIAL
71731078|78453883|303|02|404003|2021|8|21155379000189|CAVALHADA NOSSA SENHORA DE NAZARETH
71731079|78453884|303|02|404017|2021|8|147***666**|LAYS BARBOSA DE OLIVEIRA
71731080|78453885|303|02|404017|2021|8|135***546**|WILLIAM SILVA JÚNIOR
71731081|78453886|303|02|404017|2021|8|147***716**|YASMIN PARRA DA CRUZ
71731082|78453887|303|02|404017|2021|8|143***846**|JAQUELINE DE FATIMA SILVESTRE
71731083|78453888|303|02|404017|2021|8|154***666**|HENRIQUE EUSTAQUIO SILVA SERAFIM
71731084|78453889|303|02|404017|2021|8|015***986**|GUILHERME AUGUSTO PAULINO PEREIRA
71731085|78453890|303|02|404017|2021|8|144***486**|THAIS LOBO BRITO
71731086|78453891|303|02|404017|2021|8|068***776**|IZABELA CRISTINA RODRIGUES DOS SANTOS
71731087|78453892|303|02|404017|2021|8|072***616**|MELISSA VICTÓRIA FERNANDES DOS REIS VALADARES
71731088|78453893|303|02|404017|2021|8|147***686**|ANNA BEATRIZ PAZ SANTOS
71731089|78453894|303|02|404017|2021|8|147***326**|VINICIOS LEONE AGUIAR FIDELIS
71731090|78453895|303|02|404017|2021|8|140***876**|NATALIE VITORIANO GUEDES DA SILVA
71731091|78453896|303|02|404017|2021|8|00360305000104|CAIXA ECONOMICA FEDERAL
71731092|78453897|303|02|404017|2021|8|11963458000162|LEONARDO FILOMENO ME
71731093|78453899|303|02|404017|2021|8|65186835000123|DISTRIBUIDORA IRMAOS SANTANA LTDAEPP
71731094|78453901|303|02|404017|2021|8|29979036000140|INSS INSTITUTO NACIONAL DO SEGURO SOCIAL
71731095|78453905|303|02|403998|2021|8|29979036000140|INSS INSTITUTO NACIONAL DO SEGURO SOCIAL
71731096|78453907|303|02|403998|2021|8|00360305000104|CAIXA ECONOMICA FEDERAL
71731097|78453908|303|02|403991|2021|8|21155379000189|CAVALHADA NOSSA SENHORA DE NAZARETH
71731098|78453909|303|02|404008|2021|8|081***916**|JOSIRLENE DUARTE DA SILVA
71731099|78453910|303|02|404008|2021|8|967***996**|ANA CRISTINS FONTANA
71731100|78453915|303|02|404008|2021|8|29979036000140|INSS INSTITUTO NACIONAL DO SEGURO SOCIAL
71731101|78453916|303|02|403998|2021|8|00360305000104|CAIXA ECONOMICA FEDERAL
71731102|78453917|303|02|403998|2021|8|29979036000140|INSS INSTITUTO NACIONAL DO SEGURO SOCIAL
71731103|78453919|303|02|404005|2021|8|29979036000140|INSS INSTITUTO NACIONAL DO SEGURO SOCIAL
71731104|78453920|303|02|404005|2021|8|00360305000104|CAIXA ECONOMICA FEDERAL
71731105|78453921|303|02|404000|2021|8|20839994000141|QUANTUM ENGENHARIA E CONSULTORIA LTDA
71731106|78453922|303|02|404000|2021|8|20839994000141|QUANTUM ENGENHARIA E CONSULTORIA LTDA
71731107|78453923|303|02|404000|2021|8|20839994000141|QUANTUM ENGENHARIA E CONSULTORIA LTDA
71731108|78453924|303|02|404000|2021|8|22504002000150|SSA SOLUCOES LTDA
71731109|78453925|303|02|404000|2021|8|18709903000101|IPE ILUMINACAO E ELETRIFICACAO EIRELI
71731110|78453928|303|02|403993|2021|8|29979036000140|INSS INSTITUTO NACIONAL DO SEGURO SOCIAL
71731111|78453929|303|02|403993|2021|8|00360305000104|CAIXA ECONOMICA FEDERAL
71731112|78453936|303|02|404007|2021|8|00360305000104|CAIXA ECONOMICA FEDERAL
71731113|78453939|303|02|404007|2021|8|29979036000140|INSS INSTITUTO NACIONAL DO SEGURO SOCIAL
71731114|78453940|303|02|403999|2021|8|00165960000101|GOVERNANCA BRASIL TEC GESTAO EM SERV LTDA
71731115|78453941|303|02|403999|2021|8|00360305000104|CAIXA ECONOMICA FEDERAL
71731116|78453942|303|02|403999|2021|8|00360305000104|CAIXA ECONOMICA FEDERAL
71731117|78453945|303|02|403999|2021|8|29979036000140|INSS INSTITUTO NACIONAL DO SEGURO SOCIAL
71731118|78453946|303|02|403999|2021|8|048***186**|MARIA DAS GRACAS RODRIGUES
71731119|78453949|303|02|403999|2021|8|35308878000173|MSA COMERCIO DE GÁS E SERVICOS LTDA
71731120|78453950|303|02|403999|2021|8|29979036000140|INSS INSTITUTO NACIONAL DO SEGURO SOCIAL
71731121|78453951|303|02|404009|2021|8|028***866**|LORENA ELIZEU MUZZI
71731122|78453952|303|02|404011|2021|8|00360305000104|CAIXA ECONOMICA FEDERAL
71731123|78453954|303|02|404000|2021|8|00604122000197|TRIVALE ADMINISTRACAO LTDA
71731124|78453956|303|02|404006|2021|8|29979036000140|INSS INSTITUTO NACIONAL DO SEGURO SOCIAL
71731125|78453958|303|02|404011|2021|8|29979036000140|INSS INSTITUTO NACIONAL DO SEGURO SOCIAL
71731126|78453959|303|02|403991|2021|8|14278276000140|SX TECNOLOGIA E SERVICOS CORPORATIVOS EIRELI ME
71731127|78453961|303|02|404006|2021|8|033***436**|ADRIANA DO NASCIMENTO BATISTA
71731128|78453962|303|02|404000|2021|8|00360305000104|CAIXA ECONOMICA FEDERAL
71731129|78453963|303|02|404009|2021|8|054***686**|CHARLES ELADIO NAZARETH FARIA
71731130|78453966|303|02|403991|2021|8|04309564000161|ESTRELA LOGÍSTICA EIRELI
71731131|78453967|303|02|403992|2021|8|40432544000147|CLARO SA
71731132|78453970|303|02|404000|2021|8|00165960000101|GOVERNANCA BRASIL TEC GESTAO EM SERV LTDA
71731133|78453974|303|02|404009|2021|8|884***356**|MARCOS PESSOA MORAIS
71731134|78453975|303|02|404011|2021|8|04309564000161|ESTRELA LOGÍSTICA EIRELI
71731135|78453978|303|02|404009|2021|8|29979036000140|INSS INSTITUTO NACIONAL DO SEGURO SOCIAL
71731136|78453979|303|02|404000|2021|8|04309564000161|ESTRELA LOGÍSTICA EIRELI
71731137|78453983|303|02|403992|2021|8|92559830000171|GREEN CARD SA REFEICOES COMERCIO E SERVICOS
71731138|78453984|303|02|404000|2021|8|17926188000104|SINTAGMA ZENITE COMERCIO PAPELARIA E ESPORTES LTDA ME
71731139|78453986|303|02|403992|2021|8|00165960000101|GOVERNANCA BRASIL TEC GESTAO EM SERV LTDA
71731140|78453987|303|02|403991|2021|8|00360305000104|CAIXA ECONOMICA FEDERAL
71731141|78453988|303|02|404011|2021|8|00165960000101|GOVERNANCA BRASIL TEC GESTAO EM SERV LTDA
71731142|78453989|303|02|403991|2021|8|29979036000140|INSS INSTITUTO NACIONAL DO SEGURO SOCIAL
71731143|78453992|303|02|404000|2021|8|17926188000104|SINTAGMA ZENITE COMERCIO PAPELARIA E ESPORTES LTDA ME
71731144|78453993|303|02|403991|2021|8|16539054000160|BB TURISMO LTDAME
71731145|78453994|303|02|404009|2021|8|00360305000104|CAIXA ECONOMICA FEDERAL
71731146|78453995|303|02|404000|2021|8|41719477000109|KARAIBA MATERIAIS DE CONSTRUCAO LTDA
71731147|78453997|303|02|404000|2021|8|07518010000162|TH LOCACAO DE TRATORES LTDA
71731148|78453998|303|02|403992|2021|8|00360305000104|CAIXA ECONOMICA FEDERAL
71731149|78454000|303|02|404006|2021|8|00360305000104|CAIXA ECONOMICA FEDERAL
71731150|78454002|303|02|403992|2021|8|29979036000140|INSS INSTITUTO NACIONAL DO SEGURO SOCIAL
71731151|78454007|303|02|404000|2021|8|02628117000140|JARBAS SEBASTIAO DOS REIS ME
71731152|78454008|303|02|403992|2021|8|11251668000128|GOLD LIMP DIST DE MATERIAIS DESCARTÁVEIS LTDA
71731153|78454010|303|02|403991|2021|8|842***946**|LUCAS COELHO FERREIRA
71731154|78454011|303|02|404009|2021|8|15567143000157|DANIELE MAGELA BARROS FERREIRA
71731155|78454016|303|02|404000|2021|8|29979036000140|INSS INSTITUTO NACIONAL DO SEGURO SOCIAL
71731156|78454018|303|02|403992|2021|8|00360305000104|CAIXA ECONOMICA FEDERAL
71731157|78454019|303|02|403991|2021|8|652***766**|CESAR DOS REIS VIEIRA
71731158|78454022|303|02|403992|2021|8|29979036000140|INSS INSTITUTO NACIONAL DO SEGURO SOCIAL
71731159|78454023|303|02|403993|2021|8|21154554000113|TRIBUNAL DE JUSTICA DE MINAS GERAIS
71731160|78454024|303|02|403993|2021|8|01298583000141|TRIBUNAL REGIONAL DO TRABALHO DA 3ª REGIAO
71730874|78453577|303|02|404004|2021|8|11263197000178|RCA COMERCIAL LTDA
71730875|78453578|303|02|404004|2021|8|01957866000158|R & G MATERIAIS ESPORTIVOS E PAPELARIA EM GERAL
71730876|78453579|303|02|404004|2021|8|01957866000158|R & G MATERIAIS ESPORTIVOS E PAPELARIA EM GERAL
71730877|78453580|303|02|403994|2021|8|16747537000150|LAR DOS IDOSOS PE JOAO DE OLIVEIRA LIMA
71730878|78453581|303|02|403994|2021|8|20999751000170|CENTRO INFANTIL DE CAETÉ
71730879|78453583|303|02|404010|2021|8|00360305000104|CAIXA ECONOMICA FEDERAL
71730880|78453584|303|02|404010|2021|8|29979036000140|INSS INSTITUTO NACIONAL DO SEGURO SOCIAL
71730881|78453585|303|02|404010|2021|8|29979036000140|INSS INSTITUTO NACIONAL DO SEGURO SOCIAL
71730882|78453587|303|02|404010|2021|8|05684180000191|COMPANHIA ITABIRANA DE TELECOMUNICACOES LTDA
71730883|78453588|303|02|404010|2021|8|088***786**|MARILAINE EFIGÊNIA MAGALHAES
71730884|78453589|303|02|404010|2021|8|740***406**|LUIZA DE MARILAC MARIANO CALADO
71730885|78453597|303|02|404010|2021|8|060***426**|FABIANA SOUZA SANTOS ELEOTERIO
71730886|78453598|303|02|404010|2021|8|127***796**|NATANE CRISTINA DA SILVA ANSELMO
71730887|78453600|303|02|404010|2021|8|112***116**|NATAICY DE OLIVEIRA GUEDES
71730888|78453601|303|02|404010|2021|8|028***826**|VALDENIA CONSOLACAO ROSA VIEIRA
71730889|78453603|303|02|404010|2021|8|088***786**|MARILAINE EFIGÊNIA MAGALHAES
71730890|78453604|303|02|404010|2021|8|052***036**|JOAO VAZ DA SILVA
71730891|78453605|303|02|404010|2021|8|478***196**|MAGDA APARECIDA DA SILVA
71730892|78453606|303|02|404010|2021|8|138***536**|RONIE RAFAEL CALDEIRA
71730893|78453607|303|02|404010|2021|8|18269125000187|BIOHOSP PRODUTOS HOSPITALARES LTDA
71730894|78453608|303|02|404010|2021|8|12927876000167|SOMAMG PRODUTOS HOSPITALARES LTDA
71730895|78453609|303|02|404010|2021|8|49475833001765|BIOLAB SANUS FARMACEUTICA LTDA
71730896|78453610|303|02|404010|2021|8|18269125000187|BIOHOSP PRODUTOS HOSPITALARES LTDA
71730897|78453611|303|02|404010|2021|8|42799163000126|BH FARMA COMERCIO REPRESENTACOES LTDA
71730898|78453612|303|02|404010|2021|8|36325157000215|COSTA CAMARGO COM DE PROD HOSP LTDA
71730899|78453613|303|02|404010|2021|8|11105859000181|CEADCENTRO ESPECIALIZADO EM ATENDIMENTO DOMICILIAR LTDAEPP
71730900|78453614|303|02|404010|2021|8|02814497000700|CIMED INDUSTRIA DE MEDICAMENTOS LTDA
71730901|78453615|303|02|403998|2021|8|29979036000140|INSS INSTITUTO NACIONAL DO SEGURO SOCIAL
71730902|78453617|303|02|403998|2021|8|00360305000104|CAIXA ECONOMICA FEDERAL
71730903|78453621|303|02|404010|2021|8|18979328000167|SOC CIVIL DE BENEFICÊNCIA CAETEENSE
71730904|78453622|303|02|404010|2021|8|17171612000735|CARBEL SA
71730905|78453623|303|02|404010|2021|8|02918639000186|BELCAR VEÍCULOS LTDA
71730906|78453624|303|02|404010|2021|8|19288485000199|R S COMUNICACAO VISUAL EIRELI EPP
71730907|78453625|303|02|404010|2021|8|29013780000196|VISA ELETRO EIRELI ME
71730908|78453626|303|02|404010|2021|8|65353401000170|COMERCIAL VENER LTDA
71730909|78453627|303|02|404010|2021|8|09053134000226|ELFA MEDICAMENTOS LTDA
71730910|78453628|303|02|404010|2021|8|21151275000104|BH SOLDAS EQUIPAMENTOS DE PROTECAO INDIVIDUAL EIRELIME
71730911|78453629|303|02|404010|2021|8|21681325000157|MULTIFARMA COMERCIAL LTDA
71730912|78453630|303|02|404010|2021|8|18269125000187|BIOHOSP PRODUTOS HOSPITALARES LTDA
71730913|78453631|303|02|404010|2021|8|67729178000220|COMERCIAL CIRÚRGICA RIOCLARENSE LTDA
71730914|78453632|303|02|404010|2021|8|36325157000215|COSTA CAMARGO COM DE PROD HOSP LTDA
71730915|78453633|303|02|404010|2021|8|73856593001057|PRATI DONADUZZI & CIA LTDA
71730916|78453634|303|02|404010|2021|8|03945035000191|ACACIA COMERCIO DE MEDICAMENTOS LTDA
71730917|78453635|303|02|404010|2021|8|44734671000151|CRISTALIA PRODUTOS QUIMICOS FARMACEUTICOS LTDA
71730918|78453636|303|02|404010|2021|8|00874929000140|MED CENTER COMERCIAL LTDA
71730919|78453637|303|02|404010|2021|8|12927876000167|SOMAMG PRODUTOS HOSPITALARES LTDA
71730920|78453638|303|02|404010|2021|8|42799163000126|BH FARMA COMERCIO REPRESENTACOES LTDA
71730921|78453639|303|02|404017|2021|8|00378257000181|FUNDO NACIONAL DE DESENVOLVIMENTO DA EDUCACAO
71730922|78453640|303|02|404017|2021|8|00604122000197|TRIVALE ADMINISTRACAO LTDA
71730923|78453641|303|02|404017|2021|8|22865666000145|NOGUEIRA DISTRIBUIDORA DE FRUTAS E LEGUMES LTDA
71730924|78453642|303|02|404017|2021|8|10803557000114|FORTE COMERCIO DE ALIMENTOS LTDA
71730925|78453643|303|02|404017|2021|8|14020319000193|FRIGO SELETA INDÚSTRIA E COMÉRCIO LTDA
71730926|78453644|303|02|403998|2021|8|21000203000158|APAE ASSOCIACAO DE PAIS E AMIGOS DOS EXCEPCIONAIS
71730927|78453645|303|02|403998|2021|8|16747537000150|LAR DOS IDOSOS PE JOAO DE OLIVEIRA LIMA
71730928|78453647|303|02|403998|2021|8|00360305000104|CAIXA ECONOMICA FEDERAL
71730929|78453649|303|02|403998|2021|8|29979036000140|INSS INSTITUTO NACIONAL DO SEGURO SOCIAL
71730930|78453650|303|02|404018|2021|8|00360305000104|CAIXA ECONOMICA FEDERAL
71730931|78453651|303|02|404018|2021|8|29979036000140|INSS INSTITUTO NACIONAL DO SEGURO SOCIAL
71730932|78453653|303|02|404018|2021|8|00360305000104|CAIXA ECONOMICA FEDERAL
71730933|78453656|303|02|404018|2021|8|61186490000157|EDITORA FTD SA
71730934|78453658|303|02|404018|2021|8|00360305000104|CAIXA ECONOMICA FEDERAL
71730935|78453659|303|02|404018|2021|8|29979036000140|INSS INSTITUTO NACIONAL DO SEGURO SOCIAL
71730936|78453660|303|02|404018|2021|8|29979036000140|INSS INSTITUTO NACIONAL DO SEGURO SOCIAL
71730937|78453661|303|02|404018|2021|8|29979036000140|INSS INSTITUTO NACIONAL DO SEGURO SOCIAL
71730938|78453662|303|02|404018|2021|8|29979036000140|INSS INSTITUTO NACIONAL DO SEGURO SOCIAL
71730939|78453663|303|02|404018|2021|8|00360305000104|CAIXA ECONOMICA FEDERAL
71730940|78453667|303|02|404018|2021|8|00360305000104|CAIXA ECONOMICA FEDERAL
71730941|78453668|303|02|404018|2021|8|61186490000157|EDITORA FTD SA
71730942|78453669|303|02|404018|2021|8|71181184000181|DÁRIO HUMBERTO DE MELO CASTROME
71730943|78453670|303|02|404018|2021|8|00360305000104|CAIXA ECONOMICA FEDERAL
71730944|78453671|303|02|404018|2021|8|29979036000140|INSS INSTITUTO NACIONAL DO SEGURO SOCIAL
71730945|78453673|303|02|404018|2021|8|00360305000104|CAIXA ECONOMICA FEDERAL
71730946|78453674|303|02|404018|2021|8|29979036000140|INSS INSTITUTO NACIONAL DO SEGURO SOCIAL
71730947|78453676|303|02|404018|2021|8|00360305000104|CAIXA ECONOMICA FEDERAL
71730948|78453677|303|02|404018|2021|8|29979036000140|INSS INSTITUTO NACIONAL DO SEGURO SOCIAL
71730949|78453679|303|02|404018|2021|8|29979036000140|INSS INSTITUTO NACIONAL DO SEGURO SOCIAL
71730950|78453680|303|02|404018|2021|8|00360305000104|CAIXA ECONOMICA FEDERAL
71730951|78453682|303|02|404018|2021|8|00360305000104|CAIXA ECONOMICA FEDERAL
71730952|78453683|303|02|404018|2021|8|29979036000140|INSS INSTITUTO NACIONAL DO SEGURO SOCIAL
71730953|78453685|303|02|404010|2021|8|09025241000160|MONITORA SEGURANCA ELETRONICA LTDA ME
71730954|78453686|303|02|404010|2021|8|09025241000160|MONITORA SEGURANCA ELETRONICA LTDA ME
71730955|78453690|303|02|404010|2021|8|29979036000140|INSS INSTITUTO NACIONAL DO SEGURO SOCIAL
71730956|78453692|303|02|404010|2021|8|00360305000104|CAIXA ECONOMICA FEDERAL
71730957|78453693|303|02|404020|2021|8|23265580000144|DR DISTRIBUIDORA LTDA
71730958|78453694|303|02|404020|2021|8|03630201000160|SOCIEDADE UBAENSE PROT ANIMAIS E SAUDE HUMSUPASH
71730959|78453697|303|02|404010|2021|8|29979036000140|INSS INSTITUTO NACIONAL DO SEGURO SOCIAL
71730960|78453698|303|02|404010|2021|8|29979036000140|INSS INSTITUTO NACIONAL DO SEGURO SOCIAL
71730961|78453699|303|02|404010|2021|8|04470103000176|BIOTECNO INDÚSTRIA E COMÉRCIO LTDA
71730962|78453701|303|02|404010|2021|8|00360305000104|CAIXA ECONOMICA FEDERAL
71730963|78453703|303|02|404010|2021|8|29979036000140|INSS INSTITUTO NACIONAL DO SEGURO SOCIAL
71730964|78453704|303|02|404010|2021|8|29979036000140|INSS INSTITUTO NACIONAL DO SEGURO SOCIAL
71730965|78453706|303|02|404010|2021|8|00360305000104|CAIXA ECONOMICA FEDERAL
71730966|78453708|303|02|404010|2021|8|29979036000140|INSS INSTITUTO NACIONAL DO SEGURO SOCIAL
71730967|78453709|303|02|404010|2021|8|00360305000104|CAIXA ECONOMICA FEDERAL
71730968|78453712|303|02|404010|2021|8|00360305000104|CAIXA ECONOMICA FEDERAL
71730969|78453713|303|02|404010|2021|8|00360305000104|CAIXA ECONOMICA FEDERAL
71730970|78453714|303|02|404010|2021|8|00360305000104|CAIXA ECONOMICA FEDERAL
71730971|78453717|303|02|404010|2021|8|29979036000140|INSS INSTITUTO NACIONAL DO SEGURO SOCIAL
71730972|78453719|303|02|404010|2021|8|29979036000140|INSS INSTITUTO NACIONAL DO SEGURO SOCIAL
71730973|78453722|303|02|404010|2021|8|29979036000140|INSS INSTITUTO NACIONAL DO SEGURO SOCIAL
71730974|78453723|303|02|404020|2021|8|00360305000104|CAIXA ECONOMICA FEDERAL
71730975|78453724|303|02|404010|2021|8|00360305000104|CAIXA ECONOMICA FEDERAL
71730976|78453727|303|02|404020|2021|8|787***316**|MILSON JOSÉ MONTEIRO
71730977|78453728|303|02|404020|2021|8|052***546**|FATIMA IZABEL DOS SANTOS BALBINO
71730978|78453729|303|02|404020|2021|8|92559830000171|GREEN CARD SA REFEICOES COMERCIO E SERVICOS
71730979|78453731|303|02|404020|2021|8|138***206**|HIGOR MARQUES RIBEIRO
71730980|78453733|303|02|404010|2021|8|00360305000104|CAIXA ECONOMICA FEDERAL
71730981|78453734|303|02|404020|2021|8|027***356**|ANDRE LUIZ ALVES SEVERINO
71730982|78453736|303|02|404020|2021|8|373***206**|JOSÉ IVAIR DA CLARA SILVA
71730983|78453737|303|02|404020|2021|8|521***496**|ANTÔNIO CARLOS LINHARES DE OLIVEIRA
71730984|78453738|303|02|404020|2021|8|402***636**|GERONIMO MACHADO DE OLIVEIRA
71730985|78453740|303|02|404020|2021|8|108***826**|FERNANDO HENRIQUE NASCIMENTO BITTENCOURT
71730986|78453741|303|02|404010|2021|8|29979036000140|INSS INSTITUTO NACIONAL DO SEGURO SOCIAL
71730987|78453743|303|02|404020|2021|8|29979036000140|INSS INSTITUTO NACIONAL DO SEGURO SOCIAL
71730988|78453745|303|02|404020|2021|8|764***366**|IRIS MÁRCIA COSTA
71730989|78453746|303|02|404020|2021|8|031***516**|EDILENE GONCALVES DE ALMEIDA
71730990|78453747|303|02|404020|2021|8|048***986**|JOSE ADRIANO APARECIDO CONCEICAO
71730991|78453748|303|02|404020|2021|8|006***786**|JOSÉ DOS SANTOS FERNANDES
71730992|78453749|303|02|404020|2021|8|126***796**|JULIANE SOARES SANTOS
71730993|78453750|303|02|404020|2021|8|90180605000102|GENTE SEGURADORA SA
71730994|78453751|303|02|404020|2021|8|607***446**|SELMA CECÍLIA DE SOUSA TEIXEIRA
71730995|78453752|303|02|404020|2021|8|00360305000104|CAIXA ECONOMICA FEDERAL
71730996|78453754|303|02|404020|2021|8|415***406**|GILBERTO DE FREITAS
71730997|78453755|303|02|404010|2021|8|060***546**|IVANI LOURDES DA SILVA SOUZA
71730998|78453757|303|02|404020|2021|8|967***346**|ADEMAR HERMOGENES DA SILVA
71730999|78453759|303|02|404020|2021|8|385***256**|DILSON COELHO JÁCOME
71731000|78453760|303|02|404020|2021|8|911***506**|JOSE GERALDO BALBINO
71731001|78453763|303|02|404020|2021|8|29979036000140|INSS INSTITUTO NACIONAL DO SEGURO SOCIAL
71731002|78453764|303|02|404020|2021|8|18269125000187|BIOHOSP PRODUTOS HOSPITALARES LTDA
71731003|78453765|303|02|404020|2021|8|18977546000162|DROGARIA JOSE BRANDAO LTDA
71731004|78453766|303|02|404020|2021|8|18977546000162|DROGARIA JOSE BRANDAO LTDA
71731005|78453767|303|02|404020|2021|8|14842681000140|MSR EXPRESS MEDICAMENTOS ESPECIAIS LTDA
71731006|78453768|303|02|404020|2021|8|08390079000116|CAMILA ZANICHELLI GARCIA FARMACIA ME
71731007|78453769|303|02|404020|2021|8|18269125000187|BIOHOSP PRODUTOS HOSPITALARES LTDA
71731008|78453770|303|02|404020|2021|8|18899894000169|CBHOCENTRO BELORIZONTINO DE OFTALMOLOGIA LTDA
71731009|78453771|303|02|404020|2021|8|39701116000193|DROGARIA HUMANAS LTDA
71731010|78453772|303|02|404020|2021|8|18029271000135|ITABAYANA VACINAS E ACUPUNTURA EIRELI
71731011|78453773|303|02|404020|2021|8|19961036000160|DIFARMIG LTDA
71731012|78453774|303|02|404020|2021|8|39701116000193|DROGARIA HUMANAS LTDA
71731013|78453775|303|02|404020|2021|8|14842681000140|MSR EXPRESS MEDICAMENTOS ESPECIAIS LTDA
71731014|78453776|303|02|404020|2021|8|18977546000162|DROGARIA JOSE BRANDAO LTDA
71731015|78453777|303|02|404020|2021|8|11453723000162|ORTHONEWS CIRURGICOS E ORTOPEDICOS LTDAME
71731016|78453778|303|02|404020|2021|8|39701116000193|DROGARIA HUMANAS LTDA
71731017|78453779|303|02|404020|2021|8|01772798000233|MEDTRONIC COMERCIAL LTDA
71731018|78453780|303|02|404017|2021|8|13999074000125|ALVO INSET CONTROLE DE PRAGA LTDA
71731019|78453781|303|02|404017|2021|8|29979036000140|INSS INSTITUTO NACIONAL DO SEGURO SOCIAL
71731020|78453782|303|02|404017|2021|8|29979036000140|INSS INSTITUTO NACIONAL DO SEGURO SOCIAL
71731021|78453784|303|02|404017|2021|8|00360305000104|CAIXA ECONOMICA FEDERAL
71731022|78453785|303|02|404017|2021|8|00360305000104|CAIXA ECONOMICA FEDERAL
65502208|71608263|306|05|404014|2021|3|00360305144106|CAIXA ECONOMICA FEDERAL
65502209|71608264|306|05|404014|2021|3|29979036000140|INSTITUTO NACIONAL DO SEGURO SOCIAL
65502210|71608266|306|05|404014|2021|3|00360305144106|CAIXA ECONOMICA FEDERAL
65502211|71608267|306|05|404014|2021|3|00394460005887|SECRETARIA DA RECEITA FEDERAL DO BRASIL
65502212|71608268|306|05|404014|2021|3|29979036000140|INSTITUTO NACIONAL DO SEGURO SOCIAL
65502213|71608270|306|05|404014|2021|3|29979036000140|INSTITUTO NACIONAL DO SEGURO SOCIAL
65502214|71608271|306|05|404014|2021|3|21562343000110|AFW COMPUTADORES LTDA
65502215|71608272|306|05|404014|2021|3|00360305000104|FGTS
65502216|71608273|306|05|404014|2021|3|33066408000115|SANTANDER
65502217|71608274|306|05|404014|2021|3|17578748000179|MICHELLE PEREIRA FRANCO PEDROSO
65502218|71608275|306|05|404014|2021|3|17359233000188|TECIDOS E ARMARINHOS MIGUEL BARTOLOMEU SA
65502219|71608276|306|05|404014|2021|3|29979036000140|INSTITUTO NACIONAL DO SEGURO SOCIAL
65502220|71608280|306|05|404014|2021|3|29979036000140|INSTITUTO NACIONAL DO SEGURO SOCIAL
65502221|71608281|306|05|404014|2021|3|33066408000115|SANTANDER
65502222|71608282|306|05|404014|2021|3|29979036000140|INSTITUTO NACIONAL DO SEGURO SOCIAL
65502223|71608283|306|05|404014|2021|3|17359233000188|TECIDOS E ARMARINHOS MIGUEL BARTOLOMEU SA
65502224|71608284|306|05|404014|2021|3|17359233000188|TECIDOS E ARMARINHOS MIGUEL BARTOLOMEU SA
65502225|71608285|306|05|404014|2021|3|29979036000140|INSTITUTO NACIONAL DO SEGURO SOCIAL
75188768|82228433|303|02|404004|2021|10|11263197000178|RCA COMERCIAL LTDA
75188769|82228434|303|02|404010|2021|10|724***806**|LUCIENE DE LIMA
75188770|82228435|303|02|404010|2021|10|002***956**|ORLANDO EULER DE CASTRO
75188771|82228436|303|02|404010|2021|10|09025241000160|MONITORA SEGURANCA ELETRONICA LTDA ME
75188772|82228438|303|02|404010|2021|10|29979036000140|INSS INSTITUTO NACIONAL DO SEGURO SOCIAL
75188773|82228440|303|02|404010|2021|10|29979036000140|INSS INSTITUTO NACIONAL DO SEGURO SOCIAL
75188774|82228447|303|02|404010|2021|10|068***766**|JULIA TORRES MUNIZ MACEDO
75188775|82228451|303|02|404010|2021|10|00874929000140|MED CENTER COMERCIAL LTDA
75188776|82228453|303|02|404010|2021|10|36325157000215|COSTA CAMARGO COM DE PROD HOSP LTDA
75188777|82228454|303|02|404010|2021|10|67729178000220|COMERCIAL CIRÚRGICA RIOCLARENSE LTDA
75188778|82228455|303|02|404010|2021|10|44734671000151|CRISTALIA PRODUTOS QUIMICOS FARMACEUTICOS LTDA
75188779|82228456|303|02|404010|2021|10|29979036000140|INSS INSTITUTO NACIONAL DO SEGURO SOCIAL
75188780|82228457|303|02|404010|2021|10|18269125000187|BIOHOSP PRODUTOS HOSPITALARES LTDA
75188781|82228458|303|02|404010|2021|10|03945035000191|ACACIA COMERCIO DE MEDICAMENTOS LTDA
75188782|82228459|303|02|404010|2021|10|21681325000157|MULTIFARMA COMERCIAL LTDA
75188783|82228460|303|02|404010|2021|10|42799163000126|BH FARMA COMERCIO REPRESENTACOES LTDA
75188784|82228462|303|02|403998|2021|10|29979036000140|INSS INSTITUTO NACIONAL DO SEGURO SOCIAL
75188785|82228463|303|02|403998|2021|10|00360305000104|CAIXA ECONOMICA FEDERAL
75188786|82228464|303|02|404010|2021|10|00874929000140|MED CENTER COMERCIAL LTDA
75188787|82228465|303|02|404010|2021|10|05194502000114|ALFALAGOS LTDA
75188788|82228466|303|02|404010|2021|10|12927876000167|SOMAMG PRODUTOS HOSPITALARES LTDA
75188789|82228467|303|02|404010|2021|10|36325157000215|COSTA CAMARGO COM DE PROD HOSP LTDA
75188790|82228468|303|02|404010|2021|10|21681325000157|MULTIFARMA COMERCIAL LTDA
75188791|82228469|303|02|404010|2021|10|67729178000220|COMERCIAL CIRÚRGICA RIOCLARENSE LTDA
75188792|82228470|303|02|404010|2021|10|18269125000187|BIOHOSP PRODUTOS HOSPITALARES LTDA
75188793|82228471|303|02|404010|2021|10|73856593001057|PRATI DONADUZZI & CIA LTDA
75188794|82228472|303|02|404010|2021|10|09053134000226|ELFA MEDICAMENTOS LTDA
75188795|82228473|303|02|404010|2021|10|00530493000171|MINISTERIO DA SAUDE
75188796|82228474|303|02|404010|2021|10|89237911028908|GLOBAL DISTRIBUICAO DE BENS DE CONSUMO LTDA
75188797|82228475|303|02|404019|2021|10|36322331000195|JONATAS RODRIGUES DOS SANTOS
75188798|82228476|303|02|404017|2021|10|17926188000104|SINTAGMA ZENITE COMERCIO EIRELI
75188799|82228477|303|02|404017|2021|10|14020319000193|FRIGO SELETA INDÚSTRIA E COMÉRCIO LTDA
75188800|82228478|303|02|404017|2021|10|10803557000114|FORTE COMERCIO DE ALIMENTOS LTDA
75188801|82228479|303|02|403998|2021|10|29979036000140|INSS INSTITUTO NACIONAL DO SEGURO SOCIAL
75188802|82228481|303|02|403998|2021|10|00360305000104|CAIXA ECONOMICA FEDERAL
75188803|82228483|303|02|403998|2021|10|35308878000173|MSA COMERCIO DE GÁS E SERVICOS LTDA
75188804|82228484|303|02|404000|2021|10|03353358000196|MINISTERIO DO DESENVOLVIMENTO REGIONAL
75188805|82228485|303|02|404018|2021|10|00360305000104|CAIXA ECONOMICA FEDERAL
75188806|82228487|303|02|404018|2021|10|29979036000140|INSS INSTITUTO NACIONAL DO SEGURO SOCIAL
75188807|82228488|303|02|404018|2021|10|29979036000140|INSS INSTITUTO NACIONAL DO SEGURO SOCIAL
75188808|82228489|303|02|404018|2021|10|71251029000194|RV COMERCIO DE PAPEIS LTDA
75188809|82228493|303|02|404018|2021|10|29979036000140|INSS INSTITUTO NACIONAL DO SEGURO SOCIAL
75188810|82228495|303|02|404018|2021|10|00360305000104|CAIXA ECONOMICA FEDERAL
75188811|82228497|303|02|404018|2021|10|00360305000104|CAIXA ECONOMICA FEDERAL
75188812|82228499|303|02|404018|2021|10|29979036000140|INSS INSTITUTO NACIONAL DO SEGURO SOCIAL
75188813|82228500|303|02|404018|2021|10|00360305000104|CAIXA ECONOMICA FEDERAL
75188814|82228501|303|02|404018|2021|10|29979036000140|INSS INSTITUTO NACIONAL DO SEGURO SOCIAL
75188815|82228506|303|02|404018|2021|10|00360305000104|CAIXA ECONOMICA FEDERAL
75188816|82228507|303|02|404018|2021|10|66195801000168|MAGALHAES TRANSPORTE TERRESTRE LTDA EPP
75188817|82228508|303|02|404018|2021|10|71251029000194|RV COMERCIO DE PAPEIS LTDA
75188818|82228509|303|02|404018|2021|10|00360305000104|CAIXA ECONOMICA FEDERAL
75188819|82228510|303|02|404018|2021|10|29979036000140|INSS INSTITUTO NACIONAL DO SEGURO SOCIAL
75188820|82228513|303|02|404018|2021|10|00360305000104|CAIXA ECONOMICA FEDERAL
75188821|82228514|303|02|404018|2021|10|29979036000140|INSS INSTITUTO NACIONAL DO SEGURO SOCIAL
75188822|82228516|303|02|404018|2021|10|00360305000104|CAIXA ECONOMICA FEDERAL
75188823|82228517|303|02|404018|2021|10|29979036000140|INSS INSTITUTO NACIONAL DO SEGURO SOCIAL
75188824|82228519|303|02|404018|2021|10|00360305000104|CAIXA ECONOMICA FEDERAL
75188825|82228520|303|02|404018|2021|10|29979036000140|INSS INSTITUTO NACIONAL DO SEGURO SOCIAL
75188826|82228522|303|02|404018|2021|10|29979036000140|INSS INSTITUTO NACIONAL DO SEGURO SOCIAL
75188827|82228526|303|02|404018|2021|10|00360305000104|CAIXA ECONOMICA FEDERAL
75188828|82228529|303|02|404010|2021|10|014***086**|LILIAN UANIA DE FREITAS
75188829|82228530|303|02|404017|2021|10|66195801000168|MAGALHAES TRANSPORTE TERRESTRE LTDA EPP
75188830|82228532|303|02|404010|2021|10|29979036000140|INSS INSTITUTO NACIONAL DO SEGURO SOCIAL
75188831|82228536|303|02|404010|2021|10|00360305000104|CAIXA ECONOMICA FEDERAL
75188832|82228538|303|02|404020|2021|10|11395850000152|EVOLUCAO PETCOMÉRCIO EQUIP MÉDICOS E VETERINARIOS
75188833|82228539|303|02|404020|2021|10|24789180000109|SMARTMED REPRESENTACAO COM PROD MED HOSP LTDA
75188834|82228540|303|02|404020|2021|10|71181184000181|DÁRIO HUMBERTO DE MELO CASTROME
75188835|82228541|303|02|404020|2021|10|71181184000181|DÁRIO HUMBERTO DE MELO CASTROME
75188836|82228542|303|02|404020|2021|10|11395850000152|EVOLUCAO PETCOMÉRCIO EQUIP MÉDICOS E VETERINARIOS
75188837|82228543|303|02|404020|2021|10|71181184000181|DÁRIO HUMBERTO DE MELO CASTROME
75188838|82228544|303|02|404020|2021|10|10478755000150|BEAGÁ HOSPITALAR EIRELLI LTDA
75188839|82228545|303|02|404020|2021|10|11395850000152|EVOLUCAO PETCOMÉRCIO EQUIP MÉDICOS E VETERINARIOS
75188840|82228546|303|02|404020|2021|10|71181184000181|DÁRIO HUMBERTO DE MELO CASTROME
75188841|82228547|303|02|404020|2021|10|10478755000150|BEAGÁ HOSPITALAR EIRELLI LTDA
75188842|82228548|303|02|404020|2021|10|71181184000181|DÁRIO HUMBERTO DE MELO CASTROME
75188843|82228549|303|02|404020|2021|10|23265580000144|DR DISTRIBUIDORA LTDA
75188844|82228550|303|02|404010|2021|10|29979036000140|INSS INSTITUTO NACIONAL DO SEGURO SOCIAL
75188845|82228551|303|02|404010|2021|10|29979036000140|INSS INSTITUTO NACIONAL DO SEGURO SOCIAL
75188846|82228553|303|02|404010|2021|10|00360305000104|CAIXA ECONOMICA FEDERAL
75188847|82228555|303|02|404010|2021|10|00360305000104|CAIXA ECONOMICA FEDERAL
75188848|82228556|303|02|404010|2021|10|29979036000140|INSS INSTITUTO NACIONAL DO SEGURO SOCIAL
75188849|82228560|303|02|404010|2021|10|00360305000104|CAIXA ECONOMICA FEDERAL
75188850|82228563|303|02|404010|2021|10|29979036000140|INSS INSTITUTO NACIONAL DO SEGURO SOCIAL
75188851|82228564|303|02|404010|2021|10|29979036000140|INSS INSTITUTO NACIONAL DO SEGURO SOCIAL
75188852|82228565|303|02|404010|2021|10|00360305000104|CAIXA ECONOMICA FEDERAL
75188853|82228567|303|02|404010|2021|10|00360305000104|CAIXA ECONOMICA FEDERAL
75188854|82228568|303|02|404010|2021|10|18979328000167|SOC CIVIL DE BENEFICÊNCIA CAETEENSE
75188855|82228570|303|02|404010|2021|10|29979036000140|INSS INSTITUTO NACIONAL DO SEGURO SOCIAL
75188856|82228573|303|02|404010|2021|10|00360305000104|CAIXA ECONOMICA FEDERAL
75188857|82228579|303|02|404010|2021|10|29979036000140|INSS INSTITUTO NACIONAL DO SEGURO SOCIAL
75188858|82228580|303|02|404020|2021|10|29979036000140|INSS INSTITUTO NACIONAL DO SEGURO SOCIAL
75188859|82228583|303|02|404010|2021|10|29979036000140|INSS INSTITUTO NACIONAL DO SEGURO SOCIAL
75188860|82228584|303|02|404020|2021|10|992***476**|SILVANIA DE SOUZA DAS DORES
75188861|82228585|303|02|404020|2021|10|126***796**|JULIANE SOARES SANTOS
75188862|82228587|303|02|404020|2021|10|00360305000104|CAIXA ECONOMICA FEDERAL
75188863|82228590|303|02|404020|2021|10|11105859000181|CEADCENTRO ESPECIALIZADO EM ATENDIMENTO DOMICILIAR LTDAEPP
75188864|82228592|303|02|404020|2021|10|00360305000104|CAIXA ECONOMICA FEDERAL
75188865|82228594|303|02|404010|2021|10|36325157000215|COSTA CAMARGO COM DE PROD HOSP LTDA
75188866|82228595|303|02|404010|2021|10|02814497000700|CIMED INDUSTRIA DE MEDICAMENTOS LTDA
75188867|82228597|303|02|404020|2021|10|92559830000171|GREEN CARD SA REFEICOES COMERCIO E SERVICOS
75188868|82228602|303|02|404020|2021|10|29979036000140|INSS INSTITUTO NACIONAL DO SEGURO SOCIAL
75188869|82228604|303|02|404010|2021|10|00360305000104|CAIXA ECONOMICA FEDERAL
75188870|82228605|303|02|404010|2021|10|00360305000104|CAIXA ECONOMICA FEDERAL
75188871|82228606|303|02|404020|2021|10|39701116000193|DROGARIA HUMANAS LTDA
75188872|82228607|303|02|404020|2021|10|10343949000148|BETIM VIDA COMERCIO DIST MATERIAIS MEDHOSPITALAR
75188873|82228608|303|02|404020|2021|10|14842681000140|MSR EXPRESS MEDICAMENTOS ESPECIAIS LTDA
75188874|82228609|303|02|404020|2021|10|16928871000100|GUEDES E PAIXAO LTDA
75188875|82228610|303|02|404020|2021|10|10904428000465|SPECIAL PHARMUS COMERCIO DE MEDICAMENTOS LTDA
75188876|82228611|303|02|404020|2021|10|01772798000233|MEDTRONIC COMERCIAL LTDA
75188877|82228612|303|02|404020|2021|10|39701116000193|DROGARIA HUMANAS LTDA
75188878|82228613|303|02|404020|2021|10|08390079000116|CAMILA ZANICHELLI GARCIA FARMACIA ME
75188879|82228614|303|02|404020|2021|10|18899894000169|CBHOCENTRO BELORIZONTINO DE OFTALMOLOGIA LTDA
75188880|82228615|303|02|404017|2021|10|29979036000140|INSS INSTITUTO NACIONAL DO SEGURO SOCIAL
75188881|82228616|303|02|404017|2021|10|00360305000104|CAIXA ECONOMICA FEDERAL
75188882|82228617|303|02|404017|2021|10|12477490000281|LIDER NOTEBOOKS COMERCIO E SERVICOS LTDA
75188883|82228620|303|02|404017|2021|10|00360305000104|CAIXA ECONOMICA FEDERAL
75188884|82228622|303|02|404017|2021|10|29979036000140|INSS INSTITUTO NACIONAL DO SEGURO SOCIAL
75188885|82228623|303|02|404017|2021|10|07628070000138|INDÚSTRIA E COMÉRCIO COLCHOES ORTHOVIDA LTDA
75188886|82228624|303|02|404017|2021|10|01945924000123|CE ISRAEL PINHEIRO
75188887|82228627|303|02|404017|2021|10|18562405000189|CE DR JOAO PINHEIRO
75188888|82228628|303|02|404017|2021|10|00360305000104|CAIXA ECONOMICA FEDERAL
75188889|82228629|303|02|404017|2021|10|00360305000104|CAIXA ECONOMICA FEDERAL
75188890|82228630|303|02|404017|2021|10|10982477000173|CENTRO MUN DE ATIV EDUCACIONAL CEMAE III
75188891|82228631|303|02|404017|2021|10|18562611000199|CE ANEZIA MARIA PINHEIRO
75188892|82228632|303|02|404017|2021|10|38336031000190|LEANDRO LUCAS RESENDE SILVA
75188893|82228635|303|02|404017|2021|10|29979036000140|INSS INSTITUTO NACIONAL DO SEGURO SOCIAL
75188894|82228636|303|02|404017|2021|10|22473558000127|CE PADRE GILSON DA SILVEIRA GOULART
75188895|82228637|303|02|404017|2021|10|03166218000109|CE PROFESSORA SIRLENE DE PAULA
75188896|82228638|303|02|404017|2021|10|02002172000120|CE JOSÉ HERCULANO
75188897|82228640|303|02|404017|2021|10|10982382000150|CENTRO MUNICIPAL DE ATIVIDADE EDUCACIONALCEMAE II
75188898|82228641|303|02|404017|2021|10|18562413000125|CE JOAO MONLEVADE
75188899|82228642|303|02|404017|2021|10|03166229000199|CE PE JOAQUIM SATURNINO DE FREITAS
75188900|82228643|303|02|404017|2021|10|06113342000102|CE COLIBRI DE ENSINO FUNDAMENTAL ESPECIAL
75188901|82228645|303|02|404017|2021|10|18562439000173|CE HELENA DE BARROS PINHEIRO
75188902|82228649|303|02|404017|2021|10|10982384000149|CENTRO MUNICIPAL DE ATIVIDADE EDUCACIONALCEMAE I
75188903|82228651|303|02|404017|2021|10|29979036000140|INSS INSTITUTO NACIONAL DO SEGURO SOCIAL
75188904|82228652|303|02|404017|2021|10|29979036000140|INSS INSTITUTO NACIONAL DO SEGURO SOCIAL
75188905|82228654|303|02|404017|2021|10|00360305000104|CAIXA ECONOMICA FEDERAL
75188906|82228655|303|02|404017|2021|10|18273987000183|CE JOSE LOURENCO LAUDATE
75188907|82228656|303|02|404017|2021|10|18562454000111|CE DONA MARIA DE BARROS FERREIRA
75188908|82228657|303|02|404017|2021|10|05843803000121|CE HÉLIO CERQUEIRA PEIXOTO
75188909|82228659|303|02|404017|2021|10|798***391**|RODRIGO MIRANDA LIMA
75188910|82228660|303|02|404017|2021|10|29979036000140|INSS INSTITUTO NACIONAL DO SEGURO SOCIAL
75188911|82228662|303|02|404017|2021|10|92559830000171|GREEN CARD SA REFEICOES COMERCIO E SERVICOS
75188912|82228663|303|02|404017|2021|10|12719447000102|DP ESPORTES EIRELI
75188913|82228665|303|02|404017|2021|10|12477490000281|LIDER NOTEBOOKS COMERCIO E SERVICOS LTDA
75188914|82228666|303|02|404017|2021|10|00360305000104|CAIXA ECONOMICA FEDERAL
75188915|82228668|303|02|403994|2021|10|20999751000170|CENTRO INFANTIL DE CAETÉ
75188916|82228669|303|02|403996|2021|10|04309564000161|ESTRELA LOGÍSTICA EIRELI
75188917|82228670|303|02|403998|2021|10|00360305000104|CAIXA ECONOMICA FEDERAL
75188918|82228676|303|02|403998|2021|10|29979036000140|INSS INSTITUTO NACIONAL DO SEGURO SOCIAL
75188919|82228680|303|02|403998|2021|10|29979036000140|INSS INSTITUTO NACIONAL DO SEGURO SOCIAL
75188920|82228682|303|02|403998|2021|10|29979036000140|INSS INSTITUTO NACIONAL DO SEGURO SOCIAL
75188921|82228683|303|02|403996|2021|10|118***546**|ERICKSON HENRIQUE M FERNANDES
75188922|82228686|303|02|403996|2021|10|29979036000140|INSS INSTITUTO NACIONAL DO SEGURO SOCIAL
75188923|82228687|303|02|403996|2021|10|00360305000104|CAIXA ECONOMICA FEDERAL
75188924|82228688|303|02|403996|2021|10|04398505000107|CONS OPERTR COL PASS ONIB BH
75188925|82228689|303|02|403998|2021|10|00360305000104|CAIXA ECONOMICA FEDERAL
75188926|82228695|303|02|403996|2021|10|14020319000193|FRIGO SELETA INDÚSTRIA E COMÉRCIO LTDA
75188927|82228696|303|02|403996|2021|10|29979036000140|INSS INSTITUTO NACIONAL DO SEGURO SOCIAL
75188928|82228698|303|02|403998|2021|10|00360305000104|CAIXA ECONOMICA FEDERAL
75188929|82228700|303|02|403998|2021|10|14020319000193|FRIGO SELETA INDÚSTRIA E COMÉRCIO LTDA
75188930|82228703|303|02|404009|2021|10|05499944000179|COOPERATIVA DOS EMPREENDEDORES EM ACOES CULTURAIS
75188931|82228706|303|02|404004|2021|10|29979036000140|INSS INSTITUTO NACIONAL DO SEGURO SOCIAL
75188932|82228708|303|02|404004|2021|10|00360305000104|CAIXA ECONOMICA FEDERAL
75188933|82228714|303|02|404002|2021|10|00360305000104|CAIXA ECONOMICA FEDERAL
75188934|82228715|303|02|404002|2021|10|10426715000164|CONSORCIO OTIMO DE BILHETAGEM ELETRONICA
75188935|82228716|303|02|404002|2021|10|33000118000330|TELEMAR NORTE LESTE SA
75188936|82228718|303|02|404002|2021|10|040***276**|MARLEY BONSUCESSO FONTANA
75188937|82228719|303|02|404002|2021|10|29979036000140|INSS INSTITUTO NACIONAL DO SEGURO SOCIAL
75188938|82228720|303|02|404017|2021|10|072***616**|MELISSA VICTÓRIA FERNANDES DOS REIS VALADARES
75188939|82228721|303|02|404017|2021|10|147***666**|LAYS BARBOSA DE OLIVEIRA
75188940|82228722|303|02|404017|2021|10|135***546**|WILLIAM SILVA JÚNIOR
75188941|82228723|303|02|404017|2021|10|015***986**|GUILHERME AUGUSTO PAULINO PEREIRA
75188942|82228724|303|02|404017|2021|10|154***666**|HENRIQUE EUSTAQUIO SILVA SERAFIM
75188943|82228725|303|02|404017|2021|10|144***486**|THAIS LOBO BRITO
75188944|82228726|303|02|404017|2021|10|147***716**|YASMIN PARRA DA CRUZ
75188945|82228727|303|02|404017|2021|10|069***666**|CAMILLA DA SILVA E SOUZA
75188946|82228728|303|02|404017|2021|10|068***776**|IZABELA CRISTINA RODRIGUES DOS SANTOS
75188947|82228729|303|02|404017|2021|10|147***326**|VINICIOS LEONE AGUIAR FIDELIS
75188948|82228730|303|02|404017|2021|10|143***846**|JAQUELINE DE FATIMA SILVESTRE
75188949|82228731|303|02|404017|2021|10|147***686**|ANNA BEATRIZ PAZ SANTOS
75188950|82228732|303|02|404017|2021|10|108***876**|PRISCILA MARIA MOREIRA MENDES
75188951|82228733|303|02|404017|2021|10|145***146**|EMANUELLY APARECIDA PAULINO
75188952|82228734|303|02|404017|2021|10|140***876**|NATALIE VITORIANO GUEDES DA SILVA
75188953|82228735|303|02|404017|2021|10|147***906**|LETÍCIA CECÍLIA DO COUTO
75188954|82228737|303|02|404017|2021|10|29979036000140|INSS INSTITUTO NACIONAL DO SEGURO SOCIAL
75188955|82228740|303|02|404017|2021|10|00360305000104|CAIXA ECONOMICA FEDERAL
75188956|82228742|303|02|403998|2021|10|00360305000104|CAIXA ECONOMICA FEDERAL
75188957|82228744|303|02|403998|2021|10|29979036000140|INSS INSTITUTO NACIONAL DO SEGURO SOCIAL
75188958|82228745|303|02|404008|2021|10|29979036000140|INSS INSTITUTO NACIONAL DO SEGURO SOCIAL
75188959|82228746|303|02|404008|2021|10|20999751000170|CENTRO INFANTIL DE CAETÉ
75188960|82228748|303|02|404008|2021|10|20999751000170|CENTRO INFANTIL DE CAETÉ
75188961|82228749|303|02|403998|2021|10|00360305000104|CAIXA ECONOMICA FEDERAL
75188962|82228751|303|02|403998|2021|10|29979036000140|INSS INSTITUTO NACIONAL DO SEGURO SOCIAL
75188963|82228752|303|02|404005|2021|10|118***546**|ERICKSON HENRIQUE M FERNANDES
75188964|82228754|303|02|403993|2021|10|00360305000104|CAIXA ECONOMICA FEDERAL
75188965|82228756|303|02|403993|2021|10|12477490000281|LIDER NOTEBOOKS COMERCIO E SERVICOS LTDA
75188966|82228759|303|02|403993|2021|10|29979036000140|INSS INSTITUTO NACIONAL DO SEGURO SOCIAL
75188967|82228760|303|02|403993|2021|10|027***526**|COR JESUS GONCALVES DO CARMO JUNIOR
75188968|82228763|303|02|404007|2021|10|29979036000140|INSS INSTITUTO NACIONAL DO SEGURO SOCIAL
75188969|82228764|303|02|404007|2021|10|00360305000104|CAIXA ECONOMICA FEDERAL
75188970|82228765|303|02|403999|2021|10|29979036000140|INSS INSTITUTO NACIONAL DO SEGURO SOCIAL
75188971|82228767|303|02|403999|2021|10|00360305000104|CAIXA ECONOMICA FEDERAL
75188972|82228769|303|02|403999|2021|10|00360305000104|CAIXA ECONOMICA FEDERAL
75188973|82228772|303|02|403999|2021|10|29979036000140|INSS INSTITUTO NACIONAL DO SEGURO SOCIAL
75188974|82228774|303|02|403991|2021|10|842***946**|LUCAS COELHO FERREIRA
75188975|82228775|303|02|403992|2021|10|07051313000118|ACTCON SOLUCOES WEB LTDA
75188976|82228776|303|02|404000|2021|10|050***576**|MARCELO BORGES DE OLIVEIRA
75188977|82228777|303|02|404000|2021|10|971***346**|DANIEL EVANGELISTA RODRIGUES
75188978|82228778|303|02|404000|2021|10|158***366**|TAYLON LUCAS DE ALMEIDA
75188979|82228780|303|02|403991|2021|10|652***766**|CESAR DOS REIS VIEIRA
75188980|82228781|303|02|403991|2021|10|14278276000140|SX TECNOLOGIA E SERVICOS CORPORATIVOS EIRELI ME
75188981|82228782|303|02|404009|2021|10|111***496**|PEDRO HENRIQUE SILVA DA CONCEICAO
75188982|82228783|303|02|404009|2021|10|00360305000104|CAIXA ECONOMICA FEDERAL
75188983|82228784|303|02|404000|2021|10|00360305144106|CAIXA ECONOMICA FEDERAL
75188984|82228785|303|02|403992|2021|10|04398505000107|CONS OPERTR COL PASS ONIB BH
75188985|82228786|303|02|404009|2021|10|028***866**|LORENA ELIZEU MUZZI
75188986|82228787|303|02|404000|2021|10|794***406**|ARISTON FERREIRA DE DEUS
75188987|82228789|303|02|404011|2021|10|29979036000140|INSS INSTITUTO NACIONAL DO SEGURO SOCIAL
75188988|82228790|303|02|404000|2021|10|00360305144106|CAIXA ECONOMICA FEDERAL
75188989|82228791|303|02|403991|2021|10|131***736**|LORENA CLARA JARDIM
75188990|82228793|303|02|404009|2021|10|29979036000140|INSS INSTITUTO NACIONAL DO SEGURO SOCIAL
75188991|82228794|303|02|404000|2021|10|652***956**|WALDIR APARECIDO DE OLIVEIRA
75188992|82228796|303|02|404000|2021|10|18715615000240|SECRETARIA DE ESTADO DA FAZENDASEFMG
75188993|82228798|303|02|403991|2021|10|00360305000104|CAIXA ECONOMICA FEDERAL
75188994|82228799|303|02|403991|2021|10|16539054000160|BB TURISMO LTDAME
75188995|82228800|303|02|404009|2021|10|101***946**|DEYVIT TEIXEIRA DA SILVA
75188996|82228801|303|02|404000|2021|10|23250713000109|CERTIDIGI CERTIFICADO DIGITAL E SEG DE INFORMACAO
75188997|82228805|303|02|404000|2021|10|056***236**|MATEUS EDUARDO DAS NEVES
75188998|82228806|303|02|404000|2021|10|360***526**|ANTONIO DIAS DUARTE
75188999|82228808|303|02|404000|2021|10|042***346**|AFRÂNIO REI DE FRANCA SILVA
75189000|82228810|303|02|404000|2021|10|136***926**|TAYNA FRANCIELY NUNES DE SENA
75189001|82228811|303|02|403992|2021|10|29979036000140|INSS INSTITUTO NACIONAL DO SEGURO SOCIAL
75189002|82228812|303|02|404000|2021|10|825***046**|ANTÔNIO MARQUES GOMIDES
75189003|82228814|303|02|404000|2021|10|846***396**|MARCIO MANOEL RODRIGUES
75189004|82228815|303|02|404006|2021|10|033***436**|ADRIANA DO NASCIMENTO BATISTA
75189005|82228817|303|02|404011|2021|10|00360305000104|CAIXA ECONOMICA FEDERAL
75189006|82228818|303|02|404000|2021|10|545***116**|EDSON DO BONSUCESSO CORNELIO
75189007|82228819|303|02|404000|2021|10|528***856**|EDINO MARQUES VIEIRA
75189008|82228820|303|02|404000|2021|10|00604122000197|TRIVALE ADMINISTRACAO LTDA
75189009|82228822|303|02|403991|2021|10|22497371000163|SMART PONTO CONTROLE DE PONTO ACESSO E INFORMÁTICA EIRELI
75189010|82228825|303|02|404000|2021|10|889***976**|OMAR COELHO DE LACERDA
75189011|82228826|303|02|404009|2021|10|125***636**|BRAULIO LUIS PERDIGAO DOS SANTOS
75189012|82228827|303|02|404000|2021|10|41719477000109|KARAIBA MATERIAIS DE CONSTRUCAO LTDA
75189013|82228829|303|02|404000|2021|10|809***366**|JOAO ROBERTO DE ARAUJO LIMA
75189014|82228831|303|02|403991|2021|10|10803557000114|FORTE COMERCIO DE ALIMENTOS LTDA
75189015|82228833|303|02|404006|2021|10|00360305000104|CAIXA ECONOMICA FEDERAL
75189016|82228834|303|02|403992|2021|10|42283770000139|ICATU SEGUROS SA
75189017|82228836|303|02|404011|2021|10|29979036000140|INSS INSTITUTO NACIONAL DO SEGURO SOCIAL
75189018|82228839|303|02|404000|2021|10|717***126**|WAGNER BATISTA DOS SANTOS
75189019|82228840|303|02|404000|2021|10|815***356**|CARLOS ROBERTO DA SILVA
75189020|82228842|303|02|403992|2021|10|92559830000171|GREEN CARD SA REFEICOES COMERCIO E SERVICOS
75189021|82228844|303|02|404000|2021|10|415***986**|FRANCISCO MACHADO DA SILVA
75189022|82228845|303|02|403992|2021|10|26388732000194|ORTEP SEG ORGANIZACAO TECNICA DE PRECISAO EM SEGURANCA EIRELI
75189023|82228846|303|02|404000|2021|10|626***016**|CLEIDSTON LIMA LAGE
75189024|82228849|303|02|404000|2021|10|393***866**|HELIO AUGUSTO DAS NEVES
75189025|82228850|303|02|404000|2021|10|29979036000140|INSS INSTITUTO NACIONAL DO SEGURO SOCIAL
75189026|82228852|303|02|404000|2021|10|050***726**|MARCIO GERALDO DAS GRACAS
75189027|82228854|303|02|403992|2021|10|29979036000140|INSS INSTITUTO NACIONAL DO SEGURO SOCIAL
75189028|82228856|303|02|404000|2021|10|039***726**|JOAO CARLOS COSTA
75189029|82228859|303|02|404000|2021|10|00360305000104|CAIXA ECONOMICA FEDERAL
75189030|82228860|303|02|404000|2021|10|732***096**|ERNESTO ANTÔNIO SIMOES
75189031|82228861|303|02|404006|2021|10|29979036000140|INSS INSTITUTO NACIONAL DO SEGURO SOCIAL
75189032|82228862|303|02|403991|2021|10|29979036000140|INSS INSTITUTO NACIONAL DO SEGURO SOCIAL
75189033|82228863|303|02|404000|2021|10|126***216**|STHEFANIA CARDOSO DE SOUZA
75189034|82228865|303|02|403992|2021|10|00360305000104|CAIXA ECONOMICA FEDERAL
75189035|82228866|303|02|403991|2021|10|04309564000161|ESTRELA LOGÍSTICA EIRELI
75189036|82228867|303|02|404000|2021|10|344***066**|JOSE ANTONIO LEITE
75189037|82228868|303|02|403992|2021|10|00360305000104|CAIXA ECONOMICA FEDERAL
75189038|82228869|303|02|403993|2021|10|01298583000141|TRIBUNAL REGIONAL DO TRABALHO DA 3ª REGIAO
75189039|82228870|303|02|403993|2021|10|01298583000141|TRIBUNAL REGIONAL DO TRABALHO DA 3ª REGIAO
75189040|82228871|303|02|403993|2021|10|21154554000113|TRIBUNAL DE JUSTICA DE MINAS GERAIS
75189041|82228872|303|02|403993|2021|10|01298583000141|TRIBUNAL REGIONAL DO TRABALHO DA 3ª REGIAO
75189042|82228873|303|02|403993|2021|10|01298583000141|TRIBUNAL REGIONAL DO TRABALHO DA 3ª REGIAO
75189043|82228874|303|02|403993|2021|10|01298583000141|TRIBUNAL REGIONAL DO TRABALHO DA 3ª REGIAO
75189044|82228876|303|02|403993|2021|10|01298583000141|TRIBUNAL REGIONAL DO TRABALHO DA 3ª REGIAO
75189045|82228877|303|02|403993|2021|10|21154554000113|TRIBUNAL DE JUSTICA DE MINAS GERAIS
75189046|82228878|303|02|403993|2021|10|01298583000141|TRIBUNAL REGIONAL DO TRABALHO DA 3ª REGIAO
75189047|82228879|303|02|403993|2021|10|21154554000113|TRIBUNAL DE JUSTICA DE MINAS GERAIS
75189240|82229186|303|02|404017|2021|11|29979036000140|INSS INSTITUTO NACIONAL DO SEGURO SOCIAL
75189241|82229188|303|02|404017|2021|11|00360305000104|CAIXA ECONOMICA FEDERAL
75189242|82229191|303|02|403991|2021|11|22106094000110|ASSOCIACAO CULTURAL CARNAVALESCA CARNACATU
75189243|82229192|303|02|403998|2021|11|29979036000140|INSS INSTITUTO NACIONAL DO SEGURO SOCIAL
75189244|82229193|303|02|403998|2021|11|20999751000170|CENTRO INFANTIL DE CAETÉ
75189245|82229194|303|02|403991|2021|11|13855064000116|ASSOC DOS MORADORES DA COMUN DA PENHA E ADJAC
75189246|82229195|303|02|403998|2021|11|00360305000104|CAIXA ECONOMICA FEDERAL
75189247|82229196|303|02|403998|2021|11|20999751000170|CENTRO INFANTIL DE CAETÉ
75189248|82229197|303|02|404008|2021|11|29979036000140|INSS INSTITUTO NACIONAL DO SEGURO SOCIAL
75189249|82229198|303|02|403998|2021|11|29979036000140|INSS INSTITUTO NACIONAL DO SEGURO SOCIAL
75189250|82229199|303|02|403998|2021|11|00360305000104|CAIXA ECONOMICA FEDERAL
75189251|82229205|303|02|404000|2021|11|06984726000192|ORBIS AMBIENTAL SA
75189252|82229206|303|02|404000|2021|11|20839994000141|QUANTUM ENGENHARIA E CONSULTORIA LTDA
75189253|82229207|303|02|404000|2021|11|20839994000141|QUANTUM ENGENHARIA E CONSULTORIA LTDA
75189254|82229208|303|02|404000|2021|11|11553360000137|TERRASA ENGENHARIA LTDA - ME
75189255|82229209|303|02|404000|2021|11|28231621000103|ALVES SOLUCOES INTEGRADAS LTDA
75189256|82229210|303|02|404000|2021|11|18097208000136|DAMASCENO CONSTRUCOES LTDA
75189257|82229211|303|02|404000|2021|11|18097208000136|DAMASCENO CONSTRUCOES LTDA
75189258|82229213|303|02|403993|2021|11|00360305000104|CAIXA ECONOMICA FEDERAL
75189259|82229216|303|02|403993|2021|11|29979036000140|INSS INSTITUTO NACIONAL DO SEGURO SOCIAL
75189260|82229219|303|02|404007|2021|11|29979036000140|INSS INSTITUTO NACIONAL DO SEGURO SOCIAL
75189261|82229221|303|02|404007|2021|11|00360305000104|CAIXA ECONOMICA FEDERAL
75189262|82229222|303|02|403991|2021|11|26198515000484|SEMPRE EDITORA LTDA
75189263|82229223|303|02|403991|2021|11|25191800000168|EMPRESA JORNALISTICA OPINIAO LTDA
75189264|82229224|303|02|403991|2021|11|25191800000168|EMPRESA JORNALISTICA OPINIAO LTDA
75189265|82229225|303|02|403991|2021|11|13237191000151|SEC EST DE CASA CIVIL E REL INSTITUCIONAIS
75189266|82229228|303|02|403999|2021|11|29979036000140|INSS INSTITUTO NACIONAL DO SEGURO SOCIAL
75189267|82229229|303|02|403999|2021|11|29979036000140|INSS INSTITUTO NACIONAL DO SEGURO SOCIAL
75189268|82229230|303|02|403999|2021|11|00360305000104|CAIXA ECONOMICA FEDERAL
75189269|82229231|303|02|403999|2021|11|00360305000104|CAIXA ECONOMICA FEDERAL
75189270|82229236|303|02|403991|2021|11|08736011000146|GRAN COFFE COMÉRCIO LOCACAO E SERVICOS SA
75189271|82229239|303|02|403992|2021|11|29979036000140|INSS INSTITUTO NACIONAL DO SEGURO SOCIAL
75189272|82229240|303|02|403992|2021|11|29979036000140|INSS INSTITUTO NACIONAL DO SEGURO SOCIAL
75189273|82229241|303|02|404009|2021|11|779***936**|ORLANDO ZANON NETO
75189274|82229242|303|02|404000|2021|11|07062925000106|ORGANIZACOES MSL COMERCIO E INDUSTRIA DE MATERIAIS ELETRICOS LTDA
75189275|82229243|303|02|404000|2021|11|41719477000109|KARAIBA MATERIAIS DE CONSTRUCAO LTDA
75189276|82229244|303|02|403992|2021|11|92559830000171|GREEN CARD SA REFEICOES COMERCIO E SERVICOS
75189277|82229246|303|02|404009|2021|11|11963458000162|LEONARDO FILOMENO ME
75189278|82229247|303|02|403992|2021|11|92559830000171|GREEN CARD SA REFEICOES COMERCIO E SERVICOS
75189279|82229248|303|02|404009|2021|11|00360305000104|CAIXA ECONOMICA FEDERAL
75189280|82229249|303|02|404011|2021|11|999***926**|CINTIA REGINA DOS SANTOS
75189281|82229250|303|02|404009|2021|11|111***496**|PEDRO HENRIQUE SILVA DA CONCEICAO
75189282|82229251|303|02|403991|2021|11|652***766**|CESAR DOS REIS VIEIRA
75189283|82229252|303|02|404011|2021|11|00360305000104|CAIXA ECONOMICA FEDERAL
75189284|82229253|303|02|403992|2021|11|05684180000191|COMPANHIA ITABIRANA DE TELECOMUNICACOES LTDA
75189285|82229255|303|02|403992|2021|11|540***686**|VICENTE DE PAULA CASSEMIRO DE AQUINO
75189286|82229256|303|02|404000|2021|11|12719447000102|DP ESPORTES EIRELI
75189287|82229257|303|02|404000|2021|11|12719447000102|DP ESPORTES EIRELI
75189288|82229258|303|02|403992|2021|11|00360305000104|CAIXA ECONOMICA FEDERAL
75189289|82229259|303|02|403991|2021|11|16539054000160|BB TURISMO LTDAME
75189290|82229260|303|02|404009|2021|11|884***356**|MARCOS PESSOA MORAIS
75189291|82229265|303|02|403991|2021|11|842***946**|LUCAS COELHO FERREIRA
75189292|82229269|303|02|403991|2021|11|22641625000175|ASSOCIACAO COMUNITÁRIA DO BAIRRO DESCHAMPS
75189293|82229271|303|02|404000|2021|11|00360305000104|CAIXA ECONOMICA FEDERAL
75189294|82229272|303|02|404009|2021|11|11963458000162|LEONARDO FILOMENO ME
75189295|82229274|303|02|404000|2021|11|29979036000140|INSS INSTITUTO NACIONAL DO SEGURO SOCIAL
75189296|82229275|303|02|403991|2021|11|10431376000104|SGPAN SOC. GALDINA PROT DOS ANIMAIS E DA NATUREZA
75189297|82229276|303|02|404000|2021|11|12719447000102|DP ESPORTES EIRELI
75189298|82229277|303|02|403992|2021|11|00360305000104|CAIXA ECONOMICA FEDERAL
75189299|82229278|303|02|403991|2021|11|842***946**|LUCAS COELHO FERREIRA
75189300|82229281|303|02|404000|2021|11|12719447000102|DP ESPORTES EIRELI
75189301|82229282|303|02|404011|2021|11|23250713000109|CERTIDIGI CERTIFICADO DIGITAL E SEG DE INFORMACAO
75189302|82229283|303|02|404011|2021|11|29979036000140|INSS INSTITUTO NACIONAL DO SEGURO SOCIAL
75189303|82229285|303|02|403991|2021|11|108***936**|ALBERTO NAZARETH PIRES
75189304|82229292|303|02|404000|2021|11|17926188000104|SINTAGMA ZENITE COMERCIO EIRELI
75189305|82229296|303|02|404009|2021|11|29979036000140|INSS INSTITUTO NACIONAL DO SEGURO SOCIAL
75189306|82229298|303|02|403991|2021|11|00360305000104|CAIXA ECONOMICA FEDERAL
75189307|82229299|303|02|404006|2021|11|29979036000140|INSS INSTITUTO NACIONAL DO SEGURO SOCIAL
75189308|82229300|303|02|403991|2021|11|29979036000140|INSS INSTITUTO NACIONAL DO SEGURO SOCIAL
75189309|82229302|303|02|404000|2021|11|04309564000161|ESTRELA LOGÍSTICA EIRELI
75189310|82229306|303|02|404006|2021|11|00360305000104|CAIXA ECONOMICA FEDERAL
75189311|82229309|303|02|404009|2021|11|101***946**|DEYVIT TEIXEIRA DA SILVA
75189312|82229310|303|02|403993|2021|11|01298583000141|TRIBUNAL REGIONAL DO TRABALHO DA 3ª REGIAO
75189313|82229311|303|02|403993|2021|11|067***966**|GUSTAVO DE SOUZA BRUZZI DE ANDRADE
75189314|82229312|303|02|403993|2021|11|01298583000141|TRIBUNAL REGIONAL DO TRABALHO DA 3ª REGIAO
75189315|82229313|303|02|403993|2021|11|01298583000141|TRIBUNAL REGIONAL DO TRABALHO DA 3ª REGIAO
75189316|82229314|303|02|403993|2021|11|18302299000102|SERVIDORES MUNICIPAIS
75189317|82229315|303|02|403993|2021|11|01298583000141|TRIBUNAL REGIONAL DO TRABALHO DA 3ª REGIAO
75189318|82229317|303|02|403993|2021|11|097***866**|MIRIAM CRISTINA VICTORIANO BARBOZA
75189319|82229318|303|02|403993|2021|11|01298583000141|TRIBUNAL REGIONAL DO TRABALHO DA 3ª REGIAO
75189320|82229319|303|02|403993|2021|11|01298583000141|TRIBUNAL REGIONAL DO TRABALHO DA 3ª REGIAO
75189321|82229320|303|02|403993|2021|11|21154554000113|TRIBUNAL DE JUSTICA DE MINAS GERAIS
75189322|82229321|303|02|403993|2021|11|01298583000141|TRIBUNAL REGIONAL DO TRABALHO DA 3ª REGIAO
75189091|82228947|303|02|404017|2021|11|675***146**|ANTÔNIO ZACARIAS DE ARAÚJO
75189092|82228948|303|02|404017|2021|11|10803557000114|FORTE COMERCIO DE ALIMENTOS LTDA
75189093|82228949|303|02|403998|2021|11|00360305000104|CAIXA ECONOMICA FEDERAL
75189094|82228950|303|02|403998|2021|11|29979036000140|INSS INSTITUTO NACIONAL DO SEGURO SOCIAL
75189095|82228953|303|02|404002|2021|11|71181184000181|DÁRIO HUMBERTO DE MELO CASTROME
75189096|82228954|303|02|404002|2021|11|71181184000181|DÁRIO HUMBERTO DE MELO CASTROME
75189097|82228955|303|02|404002|2021|11|71181184000181|DÁRIO HUMBERTO DE MELO CASTROME
75189098|82228956|303|02|404018|2021|11|29979036000140|INSS INSTITUTO NACIONAL DO SEGURO SOCIAL
75189099|82228958|303|02|404018|2021|11|00360305000104|CAIXA ECONOMICA FEDERAL
75189100|82228959|303|02|404018|2021|11|29979036000140|INSS INSTITUTO NACIONAL DO SEGURO SOCIAL
75189101|82228962|303|02|404018|2021|11|00360305000104|CAIXA ECONOMICA FEDERAL
75189102|82228963|303|02|404018|2021|11|29979036000140|INSS INSTITUTO NACIONAL DO SEGURO SOCIAL
75189103|82228964|303|02|404018|2021|11|00360305000104|CAIXA ECONOMICA FEDERAL
75189104|82228966|303|02|404018|2021|11|29979036000140|INSS INSTITUTO NACIONAL DO SEGURO SOCIAL
75189105|82228968|303|02|404018|2021|11|00360305000104|CAIXA ECONOMICA FEDERAL
75189106|82228969|303|02|404018|2021|11|29979036000140|INSS INSTITUTO NACIONAL DO SEGURO SOCIAL
75189107|82228971|303|02|404018|2021|11|00360305000104|CAIXA ECONOMICA FEDERAL
75189108|82228973|303|02|404018|2021|11|29979036000140|INSS INSTITUTO NACIONAL DO SEGURO SOCIAL
75189109|82228974|303|02|404018|2021|11|00360305000104|CAIXA ECONOMICA FEDERAL
75189110|82228977|303|02|404018|2021|11|29979036000140|INSS INSTITUTO NACIONAL DO SEGURO SOCIAL
75189111|82228978|303|02|404018|2021|11|00360305000104|CAIXA ECONOMICA FEDERAL
75189112|82228979|303|02|404018|2021|11|00360305000104|CAIXA ECONOMICA FEDERAL
75189113|82228980|303|02|404018|2021|11|29979036000140|INSS INSTITUTO NACIONAL DO SEGURO SOCIAL
75189114|82228982|303|02|404018|2021|11|00360305000104|CAIXA ECONOMICA FEDERAL
75189115|82228983|303|02|404018|2021|11|29979036000140|INSS INSTITUTO NACIONAL DO SEGURO SOCIAL
75189116|82228985|303|02|404018|2021|11|29979036000140|INSS INSTITUTO NACIONAL DO SEGURO SOCIAL
75189117|82228987|303|02|404018|2021|11|00360305000104|CAIXA ECONOMICA FEDERAL
75189118|82228988|303|02|404000|2021|11|06981180000116|CEMIG DISTRIBUICAO SA
75189119|82228990|303|02|404010|2021|11|29979036000140|INSS INSTITUTO NACIONAL DO SEGURO SOCIAL
75189120|82228994|303|02|404010|2021|11|00360305000104|CAIXA ECONOMICA FEDERAL
75189121|82228997|303|02|404020|2021|11|23265580000144|DR DISTRIBUIDORA LTDA
75189122|82228999|303|02|404010|2021|11|97550393000149|CONSORCIO INTERMUNICIPAL ALIANCA SAÚDE CIAS
75189123|82229000|303|02|404010|2021|11|29979036000140|INSS INSTITUTO NACIONAL DO SEGURO SOCIAL
75189124|82229001|303|02|404010|2021|11|00360305000104|CAIXA ECONOMICA FEDERAL
75189125|82229003|303|02|404010|2021|11|00360305000104|CAIXA ECONOMICA FEDERAL
75189126|82229004|303|02|404010|2021|11|29979036000140|INSS INSTITUTO NACIONAL DO SEGURO SOCIAL
75189127|82229006|303|02|404010|2021|11|29979036000140|INSS INSTITUTO NACIONAL DO SEGURO SOCIAL
75189128|82229007|303|02|404010|2021|11|00360305000104|CAIXA ECONOMICA FEDERAL
75189129|82229008|303|02|404010|2021|11|00360305000104|CAIXA ECONOMICA FEDERAL
75189130|82229009|303|02|404010|2021|11|29979036000140|INSS INSTITUTO NACIONAL DO SEGURO SOCIAL
75189131|82229010|303|02|404010|2021|11|00360305000104|CAIXA ECONOMICA FEDERAL
75189132|82229014|303|02|404010|2021|11|29979036000140|INSS INSTITUTO NACIONAL DO SEGURO SOCIAL
75189133|82229020|303|02|404010|2021|11|00360305000104|CAIXA ECONOMICA FEDERAL
75189134|82229024|303|02|404010|2021|11|29979036000140|INSS INSTITUTO NACIONAL DO SEGURO SOCIAL
75189135|82229026|303|02|404020|2021|11|00360305000104|CAIXA ECONOMICA FEDERAL
75189136|82229031|303|02|404020|2021|11|373***206**|JOSÉ IVAIR DA CLARA SILVA
75189137|82229032|303|02|404020|2021|11|607***446**|SELMA CECÍLIA DE SOUSA TEIXEIRA
75189138|82229033|303|02|404010|2021|11|29979036000140|INSS INSTITUTO NACIONAL DO SEGURO SOCIAL
75189139|82229034|303|02|404020|2021|11|92559830000171|GREEN CARD SA REFEICOES COMERCIO E SERVICOS
75189140|82229035|303|02|404010|2021|11|060***546**|IVANI LOURDES DA SILVA SOUZA
75189141|82229036|303|02|404020|2021|11|29979036000140|INSS INSTITUTO NACIONAL DO SEGURO SOCIAL
75189142|82229037|303|02|404020|2021|11|052***546**|FATIMA IZABEL DOS SANTOS BALBINO
75189143|82229038|303|02|404020|2021|11|960***376**|WILLIAN REZENDE SILVA
75189144|82229041|303|02|404020|2021|11|00360305000104|CAIXA ECONOMICA FEDERAL
75189145|82229042|303|02|404020|2021|11|402***636**|GERONIMO MACHADO DE OLIVEIRA
75189146|82229045|303|02|404010|2021|11|006***766**|FLAVIA SIMONE FERREIRA
75189147|82229046|303|02|404020|2021|11|126***796**|JULIANE SOARES SANTOS
75189148|82229047|303|02|404020|2021|11|911***506**|JOSE GERALDO BALBINO
75189149|82229048|303|02|404020|2021|11|764***366**|IRIS MÁRCIA COSTA
75189150|82229050|303|02|404020|2021|11|048***986**|JOSE ADRIANO APARECIDO CONCEICAO
75189151|82229051|303|02|404010|2021|11|29979036000140|INSS INSTITUTO NACIONAL DO SEGURO SOCIAL
75189152|82229052|303|02|404020|2021|11|00604122000197|TRIVALE ADMINISTRACAO LTDA
75189153|82229053|303|02|404020|2021|11|031***516**|EDILENE GONCALVES DE ALMEIDA
75189154|82229054|303|02|404020|2021|11|745***966**|MARCOS ANTONIO DE AQUINO
75189155|82229055|303|02|404020|2021|11|006***786**|JOSÉ DOS SANTOS FERNANDES
75189156|82229056|303|02|404020|2021|11|92559830000171|GREEN CARD SA REFEICOES COMERCIO E SERVICOS
75189157|82229057|303|02|404020|2021|11|138***206**|HIGOR MARQUES RIBEIRO
75189158|82229058|303|02|404020|2021|11|967***346**|ADEMAR HERMOGENES DA SILVA
75189159|82229061|303|02|404020|2021|11|108***826**|FERNANDO HENRIQUE NASCIMENTO BITTENCOURT
75189160|82229062|303|02|404010|2021|11|00360305000104|CAIXA ECONOMICA FEDERAL
75189161|82229063|303|02|404020|2021|11|29979036000140|INSS INSTITUTO NACIONAL DO SEGURO SOCIAL
75189162|82229064|303|02|404020|2021|11|064***746**|WELBERTI JOSE SOARES
75189163|82229065|303|02|404020|2021|11|521***496**|ANTÔNIO CARLOS LINHARES DE OLIVEIRA
75189164|82229066|303|02|404010|2021|11|00360305000104|CAIXA ECONOMICA FEDERAL
75189165|82229067|303|02|404020|2021|11|415***406**|GILBERTO DE FREITAS
75189166|82229068|303|02|404020|2021|11|043***196**|WALACE GERALDO MUNIZ
75189167|82229069|303|02|404020|2021|11|10904428000546|SPECIAL PHARMUS COMERCIO DE MEDICAMENTOS LTDA
75189168|82229070|303|02|404020|2021|11|39701116000193|DROGARIA HUMANAS LTDA
75189169|82229071|303|02|404017|2021|11|22723564000195|PAULO ROGERIO SZIMKIEWICZ EIRELI
75189170|82229073|303|02|404017|2021|11|29979036000140|INSS INSTITUTO NACIONAL DO SEGURO SOCIAL
75189171|82229074|303|02|404017|2021|11|22723564000195|PAULO ROGERIO SZIMKIEWICZ EIRELI
75189172|82229075|303|02|404017|2021|11|00360305000104|CAIXA ECONOMICA FEDERAL
75189173|82229077|303|02|404017|2021|11|22723564000195|PAULO ROGERIO SZIMKIEWICZ EIRELI
75189174|82229080|303|02|404017|2021|11|00360305000104|CAIXA ECONOMICA FEDERAL
75189175|82229082|303|02|404017|2021|11|22723564000195|PAULO ROGERIO SZIMKIEWICZ EIRELI
75189176|82229083|303|02|404017|2021|11|29979036000140|INSS INSTITUTO NACIONAL DO SEGURO SOCIAL
75189177|82229084|303|02|404017|2021|11|29979036000140|INSS INSTITUTO NACIONAL DO SEGURO SOCIAL
75189178|82229085|303|02|404017|2021|11|00360305000104|CAIXA ECONOMICA FEDERAL
75189179|82229089|303|02|404017|2021|11|10391836000118|MINDLAB DO BRASIL COMÉRCIO DE LIVROS LTDA
75189180|82229091|303|02|404017|2021|11|00360305000104|CAIXA ECONOMICA FEDERAL
75189181|82229092|303|02|404017|2021|11|29979036000140|INSS INSTITUTO NACIONAL DO SEGURO SOCIAL
75189182|82229094|303|02|404017|2021|11|05684180000191|COMPANHIA ITABIRANA DE TELECOMUNICACOES LTDA
75189183|82229095|303|02|404017|2021|11|29979036000140|INSS INSTITUTO NACIONAL DO SEGURO SOCIAL
75189184|82229097|303|02|404017|2021|11|92559830000171|GREEN CARD SA REFEICOES COMERCIO E SERVICOS
75189185|82229098|303|02|404017|2021|11|92559830000171|GREEN CARD SA REFEICOES COMERCIO E SERVICOS
75189186|82229099|303|02|404017|2021|11|12719447000102|DP ESPORTES EIRELI
75189187|82229101|303|02|404017|2021|11|12719447000102|DP ESPORTES EIRELI
75189188|82229103|303|02|404017|2021|11|00360305000104|CAIXA ECONOMICA FEDERAL
75189189|82229104|303|02|404017|2021|11|10391836000118|MINDLAB DO BRASIL COMÉRCIO DE LIVROS LTDA
75189190|82229106|303|02|404017|2021|11|10391836000118|MINDLAB DO BRASIL COMÉRCIO DE LIVROS LTDA
75189191|82229107|303|02|404017|2021|11|798***391**|RODRIGO MIRANDA LIMA
75189192|82229109|303|02|403994|2021|11|20999751000170|CENTRO INFANTIL DE CAETÉ
75189193|82229111|303|02|403996|2021|11|29979036000140|INSS INSTITUTO NACIONAL DO SEGURO SOCIAL
75189194|82229112|303|02|403996|2021|11|20538689000110|TRIASA COMERCIO DE VEICULOS LTDA
75189195|82229114|303|02|403998|2021|11|29979036000140|INSS INSTITUTO NACIONAL DO SEGURO SOCIAL
75189196|82229118|303|02|403998|2021|11|23605544000182|ESSENZA INDUSTRIA QUIMICA EIRELIME
75189197|82229119|303|02|403998|2021|11|00360305000104|CAIXA ECONOMICA FEDERAL
75189198|82229121|303|02|403996|2021|11|22865666000145|NOGUEIRA DISTRIBUIDORA DE FRUTAS E LEGUMES LTDA
75189199|82229123|303|02|403998|2021|11|00360305000104|CAIXA ECONOMICA FEDERAL
75189200|82229126|303|02|403996|2021|11|20538689000110|TRIASA COMERCIO DE VEICULOS LTDA
75189201|82229127|303|02|403996|2021|11|29979036000140|INSS INSTITUTO NACIONAL DO SEGURO SOCIAL
75189202|82229129|303|02|403998|2021|11|00360305000104|CAIXA ECONOMICA FEDERAL
75189203|82229130|303|02|403998|2021|11|20999751000170|CENTRO INFANTIL DE CAETÉ
75189204|82229133|303|02|403998|2021|11|29979036000140|INSS INSTITUTO NACIONAL DO SEGURO SOCIAL
75189205|82229137|303|02|403996|2021|11|00360305000104|CAIXA ECONOMICA FEDERAL
75189206|82229138|303|02|403998|2021|11|05684180000191|COMPANHIA ITABIRANA DE TELECOMUNICACOES LTDA
75189207|82229139|303|02|403998|2021|11|15567143000157|DANIELE MAGELA BARROS FERREIRA
75189208|82229141|303|02|403996|2021|11|26786353000152|IMPRESS LOCACAO COMERCIO E SERVICOS EIRELI ME
75189209|82229143|303|02|403998|2021|11|29979036000140|INSS INSTITUTO NACIONAL DO SEGURO SOCIAL
75189210|82229149|303|02|404004|2021|11|00360305000104|CAIXA ECONOMICA FEDERAL
75189211|82229150|303|02|404004|2021|11|29979036000140|INSS INSTITUTO NACIONAL DO SEGURO SOCIAL
75189212|82229152|303|02|404002|2021|11|117***986**|PHILIPE DOS SANTOS AUGUSTO
75189213|82229154|303|02|404002|2021|11|05049369000102|MATOS & SILVA TRANSPORTES COMÉRCIO E SERVICOS LTDA ME
75189214|82229155|303|02|404002|2021|11|103***346**|ROBERTA EMANOELLI COLLARES SALES
75189215|82229157|303|02|404002|2021|11|29979036000140|INSS INSTITUTO NACIONAL DO SEGURO SOCIAL
75189216|82229159|303|02|404002|2021|11|10426715000164|CONSORCIO OTIMO DE BILHETAGEM ELETRONICA
75189217|82229160|303|02|404002|2021|11|540***686**|VICENTE DE PAULA CASSEMIRO DE AQUINO
75189218|82229161|303|02|404002|2021|11|540***686**|VICENTE DE PAULA CASSEMIRO DE AQUINO
75189219|82229162|303|02|404002|2021|11|00360305000104|CAIXA ECONOMICA FEDERAL
75189220|82229163|303|02|404002|2021|11|31171486000154|CALIBRE INSTRUMENTOS DE MEDICAO LTDA
75189221|82229164|303|02|404003|2021|11|28231621000103|ALVES SOLUCOES INTEGRADAS LTDA
75189222|82229165|303|02|404017|2021|11|704***586**|MUNIK CRISTINA COELHO FERREIRA
75189223|82229166|303|02|404017|2021|11|154***666**|HENRIQUE EUSTAQUIO SILVA SERAFIM
75189224|82229167|303|02|404017|2021|11|147***686**|ANNA BEATRIZ PAZ SANTOS
75189225|82229168|303|02|404017|2021|11|068***776**|IZABELA CRISTINA RODRIGUES DOS SANTOS
75189226|82229169|303|02|404017|2021|11|118***676**|JOANA ANGELA VENTURA SILVÉRIO
75189227|82229170|303|02|404017|2021|11|147***716**|YASMIN PARRA DA CRUZ
75189228|82229171|303|02|404017|2021|11|135***546**|WILLIAM SILVA JÚNIOR
75189229|82229172|303|02|404017|2021|11|108***876**|PRISCILA MARIA MOREIRA MENDES
75189230|82229173|303|02|404017|2021|11|143***846**|JAQUELINE DE FATIMA SILVESTRE
75189231|82229174|303|02|404017|2021|11|072***616**|MELISSA VICTÓRIA FERNANDES DOS REIS VALADARES
75189232|82229175|303|02|404017|2021|11|145***146**|EMANUELLY APARECIDA PAULINO
75189233|82229176|303|02|404017|2021|11|015***986**|GUILHERME AUGUSTO PAULINO PEREIRA
75189234|82229177|303|02|404017|2021|11|069***666**|CAMILLA DA SILVA E SOUZA
75189235|82229178|303|02|404017|2021|11|147***906**|LETÍCIA CECÍLIA DO COUTO
75189236|82229179|303|02|404017|2021|11|144***486**|THAIS LOBO BRITO
75189237|82229180|303|02|404017|2021|11|140***876**|NATALIE VITORIANO GUEDES DA SILVA
75189238|82229181|303|02|404017|2021|11|147***326**|VINICIOS LEONE AGUIAR FIDELIS
75189239|82229182|303|02|404017|2021|11|147***666**|LAYS BARBOSA DE OLIVEIRA
75189058|82228899|303|02|404010|2021|11|29979036000140|INSS INSTITUTO NACIONAL DO SEGURO SOCIAL
75189059|82228901|303|02|404010|2021|11|052***036**|JOAO VAZ DA SILVA
75189060|82228903|303|02|404010|2021|11|013***056**|ELIZA MARIA DE PAULA COELHO FERREIRA PEIXOTO
75189061|82228905|303|02|404010|2021|11|090***286**|LEONARDO XAVIER HUDSON
75189062|82228907|303|02|404010|2021|11|088***786**|MARILAINE EFIGÊNIA MAGALHAES
75189063|82228909|303|02|404010|2021|11|29979036000140|INSS INSTITUTO NACIONAL DO SEGURO SOCIAL
75189064|82228910|303|02|404010|2021|11|740***406**|LUIZA DE MARILAC MARIANO CALADO
75189065|82228911|303|02|404010|2021|11|13107713000109|CHRYSTIAN FREDD CENTENOME
75189066|82228914|303|02|404010|2021|11|110***056**|FLAVIA ALVES DE OLIVEIRA
75189067|82228918|303|02|404010|2021|11|11963458000162|LEONARDO FILOMENO ME
75189068|82228919|303|02|404010|2021|11|055***896**|CARLA ANTONIA COSTA
75189069|82228921|303|02|404010|2021|11|29979036000140|INSS INSTITUTO NACIONAL DO SEGURO SOCIAL
75189070|82228923|303|02|404010|2021|11|18979328000167|SOC CIVIL DE BENEFICÊNCIA CAETEENSE
75189071|82228924|303|02|404010|2021|11|12532358000144|A&G SERVICOS MÉDICOS LTDA EPP
75189072|82228925|303|02|404010|2021|11|35308878000173|MSA COMERCIO DE GÁS E SERVICOS LTDA
75189073|82228926|303|02|403998|2021|11|00360305000104|CAIXA ECONOMICA FEDERAL
75189074|82228928|303|02|403998|2021|11|29979036000140|INSS INSTITUTO NACIONAL DO SEGURO SOCIAL
75189075|82228931|303|02|404010|2021|11|04309564000161|ESTRELA LOGÍSTICA EIRELI
75189076|82228932|303|02|404010|2021|11|08583629000113|CONCEITOS COMÉRCIO DE ARTIGOS DE USO COMERCIALLTDA
75189077|82228933|303|02|404010|2021|11|08583629000113|CONCEITOS COMÉRCIO DE ARTIGOS DE USO COMERCIALLTDA
75189078|82228934|303|02|404010|2021|11|08583629000113|CONCEITOS COMÉRCIO DE ARTIGOS DE USO COMERCIALLTDA
75189079|82228935|303|02|404010|2021|11|18979328000167|SOC CIVIL DE BENEFICÊNCIA CAETEENSE
75189080|82228936|303|02|404010|2021|11|12477490000281|LIDER NOTEBOOKS COMERCIO E SERVICOS LTDA
75189081|82228937|303|02|404010|2021|11|12420164000904|CM HOSPITALAR SA
75189082|82228938|303|02|404010|2021|11|25725813000170|EQUIPAR MEDICO E HOSPITALAR LTDA
75189083|82228939|303|02|404010|2021|11|08583629000113|CONCEITOS COMÉRCIO DE ARTIGOS DE USO COMERCIALLTDA
75189084|82228940|303|02|404010|2021|11|18269125000187|BIOHOSP PRODUTOS HOSPITALARES LTDA
75189085|82228941|303|02|404010|2021|11|14842681000140|MSR EXPRESS MEDICAMENTOS ESPECIAIS LTDA
75189086|82228942|303|02|404010|2021|11|199***416**|PAULO DAS GRACAS FRANCO
75189087|82228943|303|02|404010|2021|11|89237911028908|GLOBAL DISTRIBUICAO DE BENS DE CONSUMO LTDA
75189088|82228944|303|02|404010|2021|11|02129036000103|IGAR COMERCIO E SERVICOS LTDA ME
75189089|82228945|303|02|404017|2021|11|745***636**|HILTON MOREIRA FILHO
75189090|82228946|303|02|404017|2021|11|025***306**|FERNANDO JOSÉ DA COSTA MAGALHAES
69331398|75800902|302|01|404013|2021|6|29979036000140|INSTITUTO NACIONAL DO SEGURO SOCIAL
69331399|75800903|302|01|404013|2021|6|00360305000104|CAIXA E.FEDERAL
69331400|75800906|302|01|404013|2021|6|42784496000181|CENTROMED- CENTRO MEDICO LTDA.
69331401|75800908|302|01|404013|2021|6|29979036000140|INSTITUTO NACIONAL DO SEGURO SOCIAL
69331402|75800909|302|01|404013|2021|6|793***516**|CLAUDINEI GONÇALVES DO VALE
69331403|75800910|302|01|404013|2021|6|16539054000160|BB TURISMO LTDA
69331404|75800911|302|01|404013|2021|6|16539054000160|BB TURISMO LTDA
69331405|75800913|302|01|404013|2021|6|29979036000140|INSTITUTO NACIONAL DO SEGURO SOCIAL
69331406|75800914|302|01|404013|2021|6|29979036000140|INSTITUTO NACIONAL DO SEGURO SOCIAL
69331407|75800915|302|01|404013|2021|6|00360305000104|CAIXA E.FEDERAL
69331408|75800921|302|01|404013|2021|6|08718431000108|WIRECARD BRASIL S.A.
69331409|75800922|302|01|404013|2021|6|08369442000111|C & C CONTROLE DE PONTO E ACESSO LTDA
69331410|75800924|302|01|404013|2021|6|61198164000160|PORTO SEGURO CIA DE SEGUROS GERAIS
69331411|75800926|302|01|404013|2021|6|00360305000104|CAIXA E.FEDERAL
69331412|75800927|302|01|404013|2021|6|17926188000104|SINTAGMA ZENITE COMERCIO, PAPELARIA E ESPORTES LTDA
69331413|75800928|302|01|404013|2021|6|17926188000104|SINTAGMA ZENITE COMERCIO, PAPELARIA E ESPORTES LTDA
69331414|75800929|302|01|404013|2021|6|17926188000104|SINTAGMA ZENITE COMERCIO, PAPELARIA E ESPORTES LTDA
69331415|75800930|302|01|404013|2021|6|17926188000104|SINTAGMA ZENITE COMERCIO, PAPELARIA E ESPORTES LTDA
72559154|79352850|303|02|404010|2021|9|29979036000140|INSS INSTITUTO NACIONAL DO SEGURO SOCIAL
72559155|79352852|303|02|404020|2021|9|23265580000144|DR DISTRIBUIDORA LTDA
72559156|79352854|303|02|404010|2021|9|00360305000104|CAIXA ECONOMICA FEDERAL
72559157|79352856|303|02|404010|2021|9|97550393000149|CONSORCIO INTERMUNICIPAL ALIANCA SAÚDE CIAS
72559158|79352857|303|02|404010|2021|9|00360305000104|CAIXA ECONOMICA FEDERAL
72559159|79352858|303|02|404010|2021|9|996***246**|MARISE ANTONIA DA CRUZ
72559160|79352859|303|02|404010|2021|9|29979036000140|INSS INSTITUTO NACIONAL DO SEGURO SOCIAL
72559161|79352860|303|02|404010|2021|9|081***096**|KELLY CRISTINA GUEDES
72559162|79352863|303|02|404010|2021|9|29979036000140|INSS INSTITUTO NACIONAL DO SEGURO SOCIAL
72559163|79352864|303|02|404010|2021|9|00360305000104|CAIXA ECONOMICA FEDERAL
72559164|79352865|303|02|404010|2021|9|29979036000140|INSS INSTITUTO NACIONAL DO SEGURO SOCIAL
72559165|79352869|303|02|404010|2021|9|03078035000131|SYSCON COMERCIO E SERVICOS LTDA
72559166|79352870|303|02|404010|2021|9|001***296**|VANDER JAIRO NUNES SANTOS
72559167|79352871|303|02|404010|2021|9|29979036000140|INSS INSTITUTO NACIONAL DO SEGURO SOCIAL
72559168|79352872|303|02|404020|2021|9|18979328000167|SOC CIVIL DE BENEFICÊNCIA CAETEENSE
72559169|79352874|303|02|404010|2021|9|29979036000140|INSS INSTITUTO NACIONAL DO SEGURO SOCIAL
72559170|79352876|303|02|404010|2021|9|00360305000104|CAIXA ECONOMICA FEDERAL
72559171|79352877|303|02|404010|2021|9|00360305000104|CAIXA ECONOMICA FEDERAL
72559172|79352886|303|02|404010|2021|9|29979036000140|INSS INSTITUTO NACIONAL DO SEGURO SOCIAL
72559173|79352887|303|02|404010|2021|9|00360305000104|CAIXA ECONOMICA FEDERAL
72559174|79352891|303|02|404020|2021|9|29979036000140|INSS INSTITUTO NACIONAL DO SEGURO SOCIAL
72559175|79352892|303|02|404020|2021|9|00360305000104|CAIXA ECONOMICA FEDERAL
72559176|79352893|303|02|404020|2021|9|960***376**|WILLIAN REZENDE SILVA
72559177|79352894|303|02|404020|2021|9|00604122000197|TRIVALE ADMINISTRACAO LTDA
72559178|79352896|303|02|404020|2021|9|138***206**|HIGOR MARQUES RIBEIRO
72559179|79352898|303|02|404020|2021|9|12467180000103|ROGERIO DO COUTO CRESCENCIO
72559180|79352899|303|02|404020|2021|9|046***136**|WAGNER HOMEM PAULO
72559181|79352901|303|02|404010|2021|9|29979036000140|INSS INSTITUTO NACIONAL DO SEGURO SOCIAL
72559182|79352902|303|02|404020|2021|9|764***366**|IRIS MÁRCIA COSTA
72559183|79352905|303|02|404010|2021|9|00360305000104|CAIXA ECONOMICA FEDERAL
72559184|79352906|303|02|404010|2021|9|29979036000140|INSS INSTITUTO NACIONAL DO SEGURO SOCIAL
72559185|79352907|303|02|404020|2021|9|00360305000104|CAIXA ECONOMICA FEDERAL
72559186|79352908|303|02|404020|2021|9|521***496**|ANTÔNIO CARLOS LINHARES DE OLIVEIRA
72559187|79352909|303|02|404020|2021|9|415***406**|GILBERTO DE FREITAS
72559188|79352911|303|02|404020|2021|9|048***986**|JOSE ADRIANO APARECIDO CONCEICAO
72559189|79352915|303|02|404020|2021|9|385***256**|DILSON COELHO JÁCOME
72559190|79352918|303|02|404010|2021|9|00360305000104|CAIXA ECONOMICA FEDERAL
72559191|79352919|303|02|404020|2021|9|29979036000140|INSS INSTITUTO NACIONAL DO SEGURO SOCIAL
72559192|79352920|303|02|404020|2021|9|031***516**|EDILENE GONCALVES DE ALMEIDA
72559193|79352922|303|02|404020|2021|9|16928871000614|GUEDES E PAIXAO LTDA
72559194|79352923|303|02|404020|2021|9|05388543000222|SUPREMA FORMULA FARMACIA DE MANIPULACAO
72559195|79352924|303|02|404020|2021|9|39701116000193|DROGARIA HUMANAS LTDA
72559196|79352925|303|02|404020|2021|9|18269125000187|BIOHOSP PRODUTOS HOSPITALARES LTDA
72559197|79352926|303|02|404020|2021|9|05550486000155|IMINC INST MINEIRO DE INTERVENCAO CARDIOLOGICA
72559198|79352929|303|02|404017|2021|9|00360305000104|CAIXA ECONOMICA FEDERAL
72559199|79352931|303|02|404017|2021|9|29979036000140|INSS INSTITUTO NACIONAL DO SEGURO SOCIAL
72559200|79352932|303|02|404017|2021|9|00360305000104|CAIXA ECONOMICA FEDERAL
72559201|79352934|303|02|404017|2021|9|38427451000182|TREM BARATO ELETROMÓVEIS E SERVICOS ADMIN EIRELI
72559202|79352935|303|02|404017|2021|9|65353401000170|COMERCIAL VENER LTDA
72559203|79352936|303|02|404017|2021|9|15407876000124|ALEXANDRE HENRIQUE MACHADO CHAMONE
72559204|79352937|303|02|404017|2021|9|29979036000140|INSS INSTITUTO NACIONAL DO SEGURO SOCIAL
72559205|79352943|303|02|404017|2021|9|00360305000104|CAIXA ECONOMICA FEDERAL
72559206|79352944|303|02|404017|2021|9|29979036000140|INSS INSTITUTO NACIONAL DO SEGURO SOCIAL
72559207|79352948|303|02|404017|2021|9|65186835000123|DISTRIBUIDORA IRMAOS SANTANA LTDAEPP
72559208|79352949|303|02|404017|2021|9|00360305000104|CAIXA ECONOMICA FEDERAL
72559209|79352950|303|02|404017|2021|9|00360305000104|CAIXA ECONOMICA FEDERAL
72559210|79352952|303|02|404017|2021|9|15407876000124|ALEXANDRE HENRIQUE MACHADO CHAMONE
72559211|79352953|303|02|404017|2021|9|29979036000140|INSS INSTITUTO NACIONAL DO SEGURO SOCIAL
72559212|79352954|303|02|404017|2021|9|29979036000140|INSS INSTITUTO NACIONAL DO SEGURO SOCIAL
72559213|79352957|303|02|404017|2021|9|07062925000106|ORGANIZACOES MSL COMERCIO E INDUSTRIA DE MATERIAIS ELETRICOS LTDA
72559214|79352958|303|02|404017|2021|9|106***296**|MÁRIO DA CONCEICAO SOARES
72559215|79352959|303|02|404017|2021|9|00360305000104|CAIXA ECONOMICA FEDERAL
72559216|79352960|303|02|404017|2021|9|41719477000109|KARAIBA MATERIAIS DE CONSTRUCAO LTDA
72559217|79352962|303|02|404017|2021|9|41719477000109|KARAIBA MATERIAIS DE CONSTRUCAO LTDA
72559218|79352963|303|02|404017|2021|9|798***391**|RODRIGO MIRANDA LIMA
72559219|79352964|303|02|404017|2021|9|05684180000191|COMPANHIA ITABIRANA DE TELECOMUNICACOES LTDA
72559220|79352966|303|02|404017|2021|9|05684180000191|COMPANHIA ITABIRANA DE TELECOMUNICACOES LTDA
72559221|79352967|303|02|404017|2021|9|04309564000161|ESTRELA LOGÍSTICA EIRELI
72559222|79352968|303|02|404017|2021|9|27417234000195|DOMINUS COMÉRCIO EIRELI ME
72559223|79352969|303|02|404017|2021|9|29979036000140|INSS INSTITUTO NACIONAL DO SEGURO SOCIAL
72559224|79352971|303|02|404017|2021|9|106***296**|MÁRIO DA CONCEICAO SOARES
72559225|79352973|303|02|403998|2021|9|29979036000140|INSS INSTITUTO NACIONAL DO SEGURO SOCIAL
72559226|79352974|303|02|403996|2021|9|19103290000127|COMERCIAL MAURISTELA LTDA ME
72559227|79352976|303|02|403998|2021|9|29979036000140|INSS INSTITUTO NACIONAL DO SEGURO SOCIAL
72559228|79352977|303|02|403996|2021|9|15407876000124|ALEXANDRE HENRIQUE MACHADO CHAMONE
72559229|79352978|303|02|403996|2021|9|00360305000104|CAIXA ECONOMICA FEDERAL
72559230|79352980|303|02|403996|2021|9|10803557000114|FORTE COMERCIO DE ALIMENTOS LTDA
72559231|79352983|303|02|403998|2021|9|00360305000104|CAIXA ECONOMICA FEDERAL
72559232|79352985|303|02|403998|2021|9|00360305000104|CAIXA ECONOMICA FEDERAL
72559233|79352987|303|02|403996|2021|9|29979036000140|INSS INSTITUTO NACIONAL DO SEGURO SOCIAL
72559234|79352990|303|02|403996|2021|9|29979036000140|INSS INSTITUTO NACIONAL DO SEGURO SOCIAL
72559235|79352991|303|02|403998|2021|9|71181184000181|DÁRIO HUMBERTO DE MELO CASTROME
72559236|79352992|303|02|403996|2021|9|11069669000156|FLEXX DISTRIBUIDORA DE ALIMENTOS EIRELI
72559237|79352993|303|02|403998|2021|9|00360305000104|CAIXA ECONOMICA FEDERAL
72559238|79352995|303|02|403996|2021|9|00604122000197|TRIVALE ADMINISTRACAO LTDA
72559239|79352997|303|02|403998|2021|9|29979036000140|INSS INSTITUTO NACIONAL DO SEGURO SOCIAL
72559240|79352998|303|02|403998|2021|9|960***456**|ROSILENE VIANA DE FREITAS SOUZA SALDANHA
72559241|79353002|303|02|404009|2021|9|17975703000138|VITRAL CONSULTORIA E PROJETOS CULTURAIS LTDA ME
72559242|79353005|303|02|404004|2021|9|11263197000178|RCA COMERCIAL LTDA
72559243|79353006|303|02|404004|2021|9|71181184000181|DÁRIO HUMBERTO DE MELO CASTROME
72559244|79353008|303|02|404004|2021|9|142***566**|OCTAVIO AUGUSTO MAGALHAES LIMA
72559245|79353010|303|02|404004|2021|9|00360305000104|CAIXA ECONOMICA FEDERAL
72559246|79353013|303|02|404004|2021|9|29979036000140|INSS INSTITUTO NACIONAL DO SEGURO SOCIAL
72559247|79353014|303|02|404002|2021|9|23762552000132|DEVA VEICULOS LTDA
72559248|79353016|303|02|404002|2021|9|16614158000191|REMOTO COMERCIAL DE MOTORES E PECAS LTDA
72559249|79353017|303|02|404002|2021|9|27346682000145|CINARA DOS SANTOS MAGALHAES EIRELI
72559250|79353019|303|02|404002|2021|9|16614158000191|REMOTO COMERCIAL DE MOTORES E PECAS LTDA
72559251|79353020|303|02|404002|2021|9|19288485000199|R S COMUNICACAO VISUAL EIRELI EPP
72559252|79353021|303|02|404002|2021|9|117***986**|PHILIPE DOS SANTOS AUGUSTO
72559253|79353022|303|02|404002|2021|9|00360305000104|CAIXA ECONOMICA FEDERAL
72559254|79353023|303|02|404002|2021|9|29979036000140|INSS INSTITUTO NACIONAL DO SEGURO SOCIAL
72559255|79353024|303|02|404017|2021|9|140***876**|NATALIE VITORIANO GUEDES DA SILVA
72559256|79353025|303|02|404017|2021|9|144***486**|THAIS LOBO BRITO
72559257|79353026|303|02|404017|2021|9|143***846**|JAQUELINE DE FATIMA SILVESTRE
72559258|79353027|303|02|404017|2021|9|108***876**|PRISCILA MARIA MOREIRA MENDES
72559259|79353028|303|02|404017|2021|9|147***716**|YASMIN PARRA DA CRUZ
72559260|79353029|303|02|404017|2021|9|088***866**|DAYANA CRISTINA DE SOUZA
72559261|79353030|303|02|404017|2021|9|068***776**|IZABELA CRISTINA RODRIGUES DOS SANTOS
72559262|79353031|303|02|404017|2021|9|154***666**|HENRIQUE EUSTAQUIO SILVA SERAFIM
72559263|79353032|303|02|404017|2021|9|145***146**|EMANUELLY APARECIDA PAULINO
72559264|79353033|303|02|404017|2021|9|015***986**|GUILHERME AUGUSTO PAULINO PEREIRA
72559265|79353034|303|02|404017|2021|9|135***546**|WILLIAM SILVA JÚNIOR
72559266|79353035|303|02|404017|2021|9|072***616**|MELISSA VICTÓRIA FERNANDES DOS REIS VALADARES
72559267|79353036|303|02|404017|2021|9|147***686**|ANNA BEATRIZ PAZ SANTOS
72559268|79353037|303|02|404017|2021|9|147***666**|LAYS BARBOSA DE OLIVEIRA
72559269|79353038|303|02|404017|2021|9|069***666**|CAMILLA DA SILVA E SOUZA
72559270|79353039|303|02|404017|2021|9|147***326**|VINICIOS LEONE AGUIAR FIDELIS
72559271|79353040|303|02|404017|2021|9|17926188000104|SINTAGMA ZENITE COMERCIO EIRELI
72559272|79353041|303|02|404017|2021|9|30019425000103|COMERCIAL CARIACICA MULTIMODAL LTDA
72559273|79353043|303|02|404017|2021|9|00360305000104|CAIXA ECONOMICA FEDERAL
72559274|79353046|303|02|404017|2021|9|29979036000140|INSS INSTITUTO NACIONAL DO SEGURO SOCIAL
72559275|79353048|303|02|403991|2021|9|16747537000150|LAR DOS IDOSOS PE JOAO DE OLIVEIRA LIMA
72559276|79353049|303|02|403991|2021|9|19894161000102|SOC MUSICAL SENHORA MAE DE DEUS DE ROCAS NOVAS
72559277|79353050|303|02|403998|2021|9|29979036000140|INSS INSTITUTO NACIONAL DO SEGURO SOCIAL
72559278|79353051|303|02|403991|2021|9|18979328000167|SOC CIVIL DE BENEFICÊNCIA CAETEENSE
72559279|79353053|303|02|403991|2021|9|18561522000128|CORAL JUVENAL ALVES VILELA
72559280|79353054|303|02|403991|2021|9|65151151000196|CONSELHO CENTRAL NOSSA SENHORA DA PIEDADE SSVP
72559281|79353055|303|02|403991|2021|9|03461172000150|ASSOC DOS FAMIL E USUÁRIOS DA SAÚDE MENTAL CAETÉ
72559282|79353056|303|02|403998|2021|9|00360305000104|CAIXA ECONOMICA FEDERAL
72559283|79353057|303|02|403991|2021|9|00740221000104|ASSOC CRIADORES ADM CAVALO DA REG E MUN CAETE
72559284|79353058|303|02|403991|2021|9|03612775000106|ASSOCIACAO DOS ARTESAOS E ARTISTA DE CAETÉ
72559285|79353060|303|02|403998|2021|9|29979036000140|INSS INSTITUTO NACIONAL DO SEGURO SOCIAL
72559286|79353061|303|02|404008|2021|9|29979036000140|INSS INSTITUTO NACIONAL DO SEGURO SOCIAL
72559287|79353062|303|02|404008|2021|9|015***266**|THACYARA FERREIRA MARQUES GUIMARAES
72559288|79353063|303|02|403998|2021|9|00360305000104|CAIXA ECONOMICA FEDERAL
72559289|79353065|303|02|404008|2021|9|081***706**|CRISTINA APARECIDA DA SILVA
72559290|79353068|303|02|404005|2021|9|29979036000140|INSS INSTITUTO NACIONAL DO SEGURO SOCIAL
72559291|79353069|303|02|404005|2021|9|00360305000104|CAIXA ECONOMICA FEDERAL
72559292|79353072|303|02|404000|2021|9|14940261000104|TC OBRAS E LOCACOES EIRELI
72559293|79353074|303|02|403993|2021|9|057***536**|ROXANE EPIFANIA FERNANDES DOS REIS VIEIRA
72559294|79353078|303|02|403993|2021|9|027***526**|COR JESUS GONCALVES DO CARMO JUNIOR
72559295|79353079|303|02|403993|2021|9|29979036000140|INSS INSTITUTO NACIONAL DO SEGURO SOCIAL
72559296|79353080|303|02|403993|2021|9|00360305000104|CAIXA ECONOMICA FEDERAL
72559297|79353081|303|02|404001|2021|9|05588878000103|JUSTINO DAVINO PERES ME
72559298|79353083|303|02|404007|2021|9|29979036000140|INSS INSTITUTO NACIONAL DO SEGURO SOCIAL
72559299|79353085|303|02|404007|2021|9|00360305000104|CAIXA ECONOMICA FEDERAL
72559300|79353086|303|02|403991|2021|9|13237191000151|SEC EST DE CASA CIVIL E REL INSTITUCIONAIS
72559301|79353090|303|02|403999|2021|9|29979036000140|INSS INSTITUTO NACIONAL DO SEGURO SOCIAL
72559302|79353091|303|02|403999|2021|9|00360305000104|CAIXA ECONOMICA FEDERAL
72559303|79353092|303|02|403999|2021|9|29979036000140|INSS INSTITUTO NACIONAL DO SEGURO SOCIAL
72559304|79353093|303|02|403999|2021|9|00360305000104|CAIXA ECONOMICA FEDERAL
72559305|79353096|303|02|404000|2021|9|809***366**|JOAO ROBERTO DE ARAUJO LIMA
72559306|79353098|303|02|404000|2021|9|251***296**|CARLOS ALBERTO MALAQUIAS
72559307|79353099|303|02|404000|2021|9|056***236**|MATEUS EDUARDO DAS NEVES
72559308|79353102|303|02|404000|2021|9|360***526**|ANTONIO DIAS DUARTE
72559309|79353103|303|02|404000|2021|9|050***726**|MARCIO GERALDO DAS GRACAS
72559310|79353106|303|02|403991|2021|9|842***946**|LUCAS COELHO FERREIRA
72559311|79353108|303|02|403991|2021|9|29979036000140|INSS INSTITUTO NACIONAL DO SEGURO SOCIAL
72559312|79353109|303|02|404009|2021|9|11963458000162|LEONARDO FILOMENO ME
72559313|79353110|303|02|404000|2021|9|07062925000106|ORGANIZACOES MSL COMERCIO E INDUSTRIA DE MATERIAIS ELETRICOS LTDA
72559314|79353111|303|02|403991|2021|9|16539054000160|BB TURISMO LTDAME
72559315|79353112|303|02|404000|2021|9|545***896**|ANTONIO DOS SANTOS FILHO
72559316|79353113|303|02|404006|2021|9|29979036000140|INSS INSTITUTO NACIONAL DO SEGURO SOCIAL
72559317|79353115|303|02|404000|2021|9|126***216**|STHEFANIA CARDOSO DE SOUZA
72559318|79353116|303|02|404000|2021|9|393***866**|HELIO AUGUSTO DAS NEVES
72559319|79353117|303|02|404000|2021|9|378***626**|MARCO ANTÔNIO PINTO
72559320|79353119|303|02|404000|2021|9|158***366**|TAYLON LUCAS DE ALMEIDA
72559321|79353120|303|02|404000|2021|9|914***066**|MAURICIO RODRIGUES
72559322|79353121|303|02|404000|2021|9|41719477000109|KARAIBA MATERIAIS DE CONSTRUCAO LTDA
72559323|79353122|303|02|404000|2021|9|17926188000104|SINTAGMA ZENITE COMERCIO EIRELI
72559324|79353123|303|02|404000|2021|9|853***816**|DENILSON ROBERTO JORGE
72559325|79353125|303|02|404000|2021|9|626***016**|CLEIDSTON LIMA LAGE
72559326|79353127|303|02|404009|2021|9|22310711000103|CARLOS KIMKOLL DE OLIVEIRA FRANCISCO
72559327|79353129|303|02|404000|2021|9|29979036000140|INSS INSTITUTO NACIONAL DO SEGURO SOCIAL
72559328|79353130|303|02|404000|2021|9|857***076**|RAIMUNDO PIRES JUNIOR
72559329|79353132|303|02|404000|2021|9|870***616**|WALMIR FRANCISCO DUARTE BORGES
72559330|79353135|303|02|404009|2021|9|29979036000140|INSS INSTITUTO NACIONAL DO SEGURO SOCIAL
72559331|79353136|303|02|403992|2021|9|20198527000180|PABIO FERREIRA VILELA ME
72559332|79353137|303|02|404000|2021|9|054***466**|WILSON VANDER VILELA
72559333|79353138|303|02|403991|2021|9|21155460000169|CAETE CARTORIO DO 2º OFICIO DE NOTAS
72559334|79353139|303|02|404000|2021|9|12647724000100|GERALDO ROSA DA SILVA ELETRO ME
72559335|79353141|303|02|404000|2021|9|41719477000109|KARAIBA MATERIAIS DE CONSTRUCAO LTDA
72559336|79353143|303|02|404000|2021|9|717***126**|WAGNER BATISTA DOS SANTOS
72559337|79353144|303|02|404009|2021|9|11963458000162|LEONARDO FILOMENO ME
72559338|79353145|303|02|404000|2021|9|089***946**|PABLO DOUGLAS DOS REIS MARINHO
72559339|79353146|303|02|404011|2021|9|29979036000140|INSS INSTITUTO NACIONAL DO SEGURO SOCIAL
72559340|79353153|303|02|403992|2021|9|29979036000140|INSS INSTITUTO NACIONAL DO SEGURO SOCIAL
72559341|79353154|303|02|403991|2021|9|08736011000146|GRAN COFFE COMÉRCIO LOCACAO E SERVICOS SA
72559342|79353155|303|02|404011|2021|9|60701190174609|BANCO ITAU SA
72559343|79353157|303|02|404000|2021|9|00604122000197|TRIVALE ADMINISTRACAO LTDA
72559344|79353158|303|02|404000|2021|9|00394460005887|SECRETARIA DA RECEITA FEDERAL DO BRASIL
72559345|79353159|303|02|404009|2021|9|00360305000104|CAIXA ECONOMICA FEDERAL
72559346|79353163|303|02|403992|2021|9|00360305000104|CAIXA ECONOMICA FEDERAL
72559347|79353164|303|02|404000|2021|9|081***496**|LEANDRO FERREIRA GUEDES
72559348|79353165|303|02|404000|2021|9|652***106**|SEBASTIAO DIAS DA SILVA
72559349|79353166|303|02|403991|2021|9|652***766**|CESAR DOS REIS VIEIRA
72559350|79353167|303|02|403991|2021|9|059***226**|ADRIANA CRISTINA AUGUSTO
72559351|79353170|303|02|403992|2021|9|00360305000104|CAIXA ECONOMICA FEDERAL
72559352|79353171|303|02|404000|2021|9|034***908**|MARCIO SALVADOR DOS SANTOS
72559353|79353173|303|02|404000|2021|9|825***046**|ANTÔNIO MARQUES GOMIDES
72559354|79353174|303|02|404000|2021|9|626***416**|JOSE CRISPINO DE SOUZA
72559355|79353176|303|02|404000|2021|9|116***336**|LEONARDO SILVESTRE PERDIGAO
72559356|79353177|303|02|404000|2021|9|115***486**|MAGDIEL ROQUE ALVES
72559357|79353178|303|02|404011|2021|9|00604122000197|TRIVALE ADMINISTRACAO LTDA
72559358|79353179|303|02|404011|2021|9|00360305000104|CAIXA ECONOMICA FEDERAL
72559359|79353181|303|02|404000|2021|9|00360305000104|CAIXA ECONOMICA FEDERAL
72559360|79353183|303|02|403992|2021|9|540***686**|VICENTE DE PAULA CASSEMIRO DE AQUINO
72559361|79353184|303|02|403992|2021|9|043***196**|WALACE GERALDO MUNIZ
72559362|79353185|303|02|404000|2021|9|803***186**|JOSE MADALENA DOS SANTOS
72559363|79353186|303|02|404011|2021|9|00000000263362|BANCO DO BRASIL SA
72559364|79353187|303|02|404000|2021|9|889***976**|OMAR COELHO DE LACERDA
72559365|79353188|303|02|404000|2021|9|652***956**|WALDIR APARECIDO DE OLIVEIRA
72559366|79353189|303|02|403991|2021|9|00360305000104|CAIXA ECONOMICA FEDERAL
72559367|79353190|303|02|404006|2021|9|00360305000104|CAIXA ECONOMICA FEDERAL
72559368|79353191|303|02|404000|2021|9|815***356**|CARLOS ROBERTO DA SILVA
72559369|79353192|303|02|403992|2021|9|29979036000140|INSS INSTITUTO NACIONAL DO SEGURO SOCIAL
72559370|79353194|303|02|404000|2021|9|136***926**|TAYNA FRANCIELY NUNES DE SENA
72559371|79353195|303|02|404009|2021|9|04309564000161|ESTRELA LOGÍSTICA EIRELI
72559372|79353196|303|02|404000|2021|9|050***576**|MARCELO BORGES DE OLIVEIRA
72559101|79352767|303|02|404010|2021|9|27002226000188|SMR CXXIV SOC MEDICAS REUNIDAS CXXIV LIMITADA ME
72559102|79352768|303|02|404010|2021|9|18979328000167|SOC CIVIL DE BENEFICÊNCIA CAETEENSE
72559103|79352770|303|02|404010|2021|9|29979036000140|INSS INSTITUTO NACIONAL DO SEGURO SOCIAL
72559104|79352773|303|02|404010|2021|9|724***806**|LUCIENE DE LIMA
72559105|79352776|303|02|404010|2021|9|17983226000152|4TECH MANUTENCAO LABORATORIAL REFRIGERACAO E HOSPITALAR LTDA EPP
72559106|79352779|303|02|404010|2021|9|29979036000140|INSS INSTITUTO NACIONAL DO SEGURO SOCIAL
72559107|79352780|303|02|404010|2021|9|16794503000116|FLISTER SERVICOS MEDICOS E DIAGNOSTICOS LTDA EPP
72559108|79352781|303|02|404010|2021|9|10852690000160|SIDIM SISTEMAS EIRELI
72559109|79352783|303|02|404010|2021|9|090***286**|LEONARDO XAVIER HUDSON
72559110|79352784|303|02|404010|2021|9|100***696**|JULIA CAROLINE DE SOUSA
72559111|79352786|303|02|404010|2021|9|11963458000162|LEONARDO FILOMENO ME
72559112|79352787|303|02|404010|2021|9|055***896**|CARLA ANTONIA COSTA
72559113|79352788|303|02|404010|2021|9|098***196**|JUSSARA ALVES FERREIRA BARBOSA
72559114|79352789|303|02|404010|2021|9|760***936**|GLADIENNE BONSUCESSO LOPES
72559115|79352791|303|02|403998|2021|9|00604122000197|TRIVALE ADMINISTRACAO LTDA
72559116|79352793|303|02|403998|2021|9|29979036000140|INSS INSTITUTO NACIONAL DO SEGURO SOCIAL
72559117|79352796|303|02|403998|2021|9|00360305000104|CAIXA ECONOMICA FEDERAL
72559118|79352797|303|02|404010|2021|9|04309564000161|ESTRELA LOGÍSTICA EIRELI
72559119|79352798|303|02|404010|2021|9|18979328000167|SOC CIVIL DE BENEFICÊNCIA CAETEENSE
72559120|79352799|303|02|404010|2021|9|08583629000113|CONCEITOS COMÉRCIO DE ARTIGOS DE USO COMERCIALLTDA
72559121|79352800|303|02|404010|2021|9|19288485000199|R S COMUNICACAO VISUAL EIRELI EPP
72559122|79352801|303|02|404010|2021|9|08583629000113|CONCEITOS COMÉRCIO DE ARTIGOS DE USO COMERCIALLTDA
72559123|79352802|303|02|404010|2021|9|41915208000118|ORTOPÉDICA LTDA
72559124|79352803|303|02|404010|2021|9|00530493000171|MINISTERIO DA SAUDE
72559125|79352804|303|02|404019|2021|9|27701484000152|LUDMYLLA MATIAS DI IORIO ME
72559126|79352805|303|02|404019|2021|9|65186835000123|DISTRIBUIDORA IRMAOS SANTANA LTDAEPP
72559127|79352806|303|02|404019|2021|9|21151275000104|BH SOLDAS EQUIPAMENTOS DE PROTECAO INDIVIDUAL EIRELIME
72559128|79352807|303|02|404019|2021|9|06176619000138|SM SEGURANCA BELO HORIZONTE LTDA
72559129|79352809|303|02|403998|2021|9|00360305000104|CAIXA ECONOMICA FEDERAL
72559130|79352811|303|02|403998|2021|9|29979036000140|INSS INSTITUTO NACIONAL DO SEGURO SOCIAL
72559131|79352812|303|02|404002|2021|9|23762552000132|DEVA VEICULOS LTDA
72559132|79352814|303|02|404018|2021|9|29979036000140|INSS INSTITUTO NACIONAL DO SEGURO SOCIAL
72559133|79352815|303|02|404018|2021|9|00360305000104|CAIXA ECONOMICA FEDERAL
72559134|79352816|303|02|404018|2021|9|29979036000140|INSS INSTITUTO NACIONAL DO SEGURO SOCIAL
72559135|79352819|303|02|404018|2021|9|00360305000104|CAIXA ECONOMICA FEDERAL
72559136|79352820|303|02|404018|2021|9|29979036000140|INSS INSTITUTO NACIONAL DO SEGURO SOCIAL
72559137|79352821|303|02|404018|2021|9|00360305000104|CAIXA ECONOMICA FEDERAL
72559138|79352823|303|02|404018|2021|9|00360305000104|CAIXA ECONOMICA FEDERAL
72559139|79352825|303|02|404018|2021|9|29979036000140|INSS INSTITUTO NACIONAL DO SEGURO SOCIAL
72559140|79352827|303|02|404018|2021|9|29979036000140|INSS INSTITUTO NACIONAL DO SEGURO SOCIAL
72559141|79352828|303|02|404018|2021|9|00360305000104|CAIXA ECONOMICA FEDERAL
72559142|79352831|303|02|404018|2021|9|00360305000104|CAIXA ECONOMICA FEDERAL
72559143|79352832|303|02|404018|2021|9|29979036000140|INSS INSTITUTO NACIONAL DO SEGURO SOCIAL
72559144|79352833|303|02|404018|2021|9|29979036000140|INSS INSTITUTO NACIONAL DO SEGURO SOCIAL
72559145|79352834|303|02|404018|2021|9|00360305000104|CAIXA ECONOMICA FEDERAL
72559146|79352836|303|02|404018|2021|9|29979036000140|INSS INSTITUTO NACIONAL DO SEGURO SOCIAL
72559147|79352837|303|02|404018|2021|9|00360305000104|CAIXA ECONOMICA FEDERAL
72559148|79352839|303|02|404018|2021|9|00360305000104|CAIXA ECONOMICA FEDERAL
72559149|79352841|303|02|404018|2021|9|29979036000140|INSS INSTITUTO NACIONAL DO SEGURO SOCIAL
72559150|79352843|303|02|404018|2021|9|00360305000104|CAIXA ECONOMICA FEDERAL
72559151|79352844|303|02|404018|2021|9|29979036000140|INSS INSTITUTO NACIONAL DO SEGURO SOCIAL
72559152|79352845|303|02|404010|2021|9|18979328000167|SOC CIVIL DE BENEFICÊNCIA CAETEENSE
72559153|79352848|303|02|404010|2021|9|00360305000104|CAIXA ECONOMICA FEDERAL
65697354|71820713|303|02|404020|2021|2|521***496**|ANTÔNIO CARLOS LINHARES DE OLIVEIRA
65697355|71820716|303|02|404000|2021|2|034***908**|MARCIO SALVADOR DOS SANTOS
65697356|71820717|303|02|404010|2021|2|00360305000104|CAIXA ECONOMICA FEDERAL
65697357|71820722|303|02|404002|2021|2|091***696**|FERNANDA BARBARO FRANCO
65697358|71820723|303|02|404010|2021|2|098***196**|JUSSARA ALVES FERREIRA BARBOSA
65697359|71820724|303|02|404010|2021|2|00360305000104|CAIXA ECONOMICA FEDERAL
65697360|71820725|303|02|404010|2021|2|00874929000140|MED CENTER COMERCIAL LTDA
65697361|71820726|303|02|404010|2021|2|110***056**|FLAVIA ALVES DE OLIVEIRA
65697362|71820727|303|02|403999|2021|2|29979036000140|INSS INSTITUTO NACIONAL DO SEGURO SOCIAL
65697363|71820728|303|02|404000|2021|2|393***866**|HELIO AUGUSTO DAS NEVES
65697364|71820729|303|02|404000|2021|2|856***726**|JOSE DE ALMEIDA
65697365|71820731|303|02|404017|2021|2|00360305000104|CAIXA ECONOMICA FEDERAL
65697366|71820733|303|02|404018|2021|2|29979036000140|INSS INSTITUTO NACIONAL DO SEGURO SOCIAL
65697367|71820734|303|02|404018|2021|2|29979036000140|INSS INSTITUTO NACIONAL DO SEGURO SOCIAL
65697368|71820738|303|02|404018|2021|2|29979036000140|INSS INSTITUTO NACIONAL DO SEGURO SOCIAL
65697369|71820740|303|02|404020|2021|2|00360305144106|CAIXA ECONOMICA FEDERAL
65697370|71820741|303|02|404011|2021|2|114***786**|ANDRA CAROLINA SOARES
65697371|71820742|303|02|403992|2021|2|07337839000169|MAGAZINE SJ ELETROMÓVEIS LTDA
65697372|71820744|303|02|404017|2021|2|29979036000140|INSS INSTITUTO NACIONAL DO SEGURO SOCIAL
65697373|71820746|303|02|403992|2021|2|00360305000104|CAIXA ECONOMICA FEDERAL
65697374|71820748|303|02|403992|2021|2|29979036000140|INSS INSTITUTO NACIONAL DO SEGURO SOCIAL
65697375|71820749|303|02|404007|2021|2|00360305000104|CAIXA ECONOMICA FEDERAL
65697376|71820750|303|02|403993|2021|2|01298583000141|TRIBUNAL REGIONAL DO TRABALHO DA 3ª REGIAO
65697377|71820751|303|02|403998|2021|2|00360305000104|CAIXA ECONOMICA FEDERAL
65697378|71820753|303|02|404020|2021|2|138***206**|HIGOR MARQUES RIBEIRO
65697379|71820756|303|02|404009|2021|2|00360305000104|CAIXA ECONOMICA FEDERAL
65697380|71820757|303|02|403998|2021|2|17314995000168|REDE REDENCAO EMPRESA DE DISTRIBUICAO EIRELI
65697381|71820758|303|02|404011|2021|2|999***926**|CINTIA REGINA DOS SANTOS
65697382|71820759|303|02|404010|2021|2|00360305000104|CAIXA ECONOMICA FEDERAL
65697383|71820760|303|02|404020|2021|2|006***786**|JOSÉ DOS SANTOS FERNANDES
65697384|71820761|303|02|404010|2021|2|028***826**|VALDENIA CONSOLACAO ROSA VIEIRA
65697385|71820762|303|02|403993|2021|2|01298583000141|TRIBUNAL REGIONAL DO TRABALHO DA 3ª REGIAO
65697386|71820763|303|02|404018|2021|2|00360305000104|CAIXA ECONOMICA FEDERAL
65697387|71820764|303|02|404018|2021|2|00360305000104|CAIXA ECONOMICA FEDERAL
65697388|71820765|303|02|403993|2021|2|01298583000141|TRIBUNAL REGIONAL DO TRABALHO DA 3ª REGIAO
65697389|71820766|303|02|404020|2021|2|764***366**|IRIS MÁRCIA COSTA
65697390|71820768|303|02|403998|2021|2|29979036000140|INSS INSTITUTO NACIONAL DO SEGURO SOCIAL
65697391|71820770|303|02|404018|2021|2|00360305000104|CAIXA ECONOMICA FEDERAL
65697392|71820777|303|02|403993|2021|2|21154554000113|TRIBUNAL DE JUSTICA DE MINAS GERAIS
65697393|71820778|303|02|404018|2021|2|29979036000140|INSS INSTITUTO NACIONAL DO SEGURO SOCIAL
65697394|71820780|303|02|403993|2021|2|29979036000140|INSS INSTITUTO NACIONAL DO SEGURO SOCIAL
65697395|71820782|303|02|403999|2021|2|29979036000140|INSS INSTITUTO NACIONAL DO SEGURO SOCIAL
65697396|71820783|303|02|404018|2021|2|29979036000140|INSS INSTITUTO NACIONAL DO SEGURO SOCIAL
65697397|71820784|303|02|404010|2021|2|060***546**|IVANI LOURDES DA SILVA SOUZA
65697398|71820785|303|02|404006|2021|2|00360305000104|CAIXA ECONOMICA FEDERAL
65697399|71820786|303|02|404010|2021|2|29979036000140|INSS INSTITUTO NACIONAL DO SEGURO SOCIAL
65697400|71820788|303|02|404000|2021|2|971***346**|DANIEL EVANGELISTA RODRIGUES
65697401|71820790|303|02|403998|2021|2|29979036000140|INSS INSTITUTO NACIONAL DO SEGURO SOCIAL
65697402|71820791|303|02|404010|2021|2|29979036000140|INSS INSTITUTO NACIONAL DO SEGURO SOCIAL
65697403|71820792|303|02|404010|2021|2|29979036000140|INSS INSTITUTO NACIONAL DO SEGURO SOCIAL
65697404|71820796|303|02|403996|2021|2|00360305000104|CAIXA ECONOMICA FEDERAL
65697405|71820797|303|02|404020|2021|2|064***746**|WELBERTI JOSE SOARES
65697406|71820801|303|02|403992|2021|2|10686295000155|INFOCASE COMERCIO E SERVICOS LTDA
65697407|71820802|303|02|403992|2021|2|34028316000103|EMPRESA BRASILEIRA DE CORREIOS E TELEGRAFOS
65697408|71820803|303|02|404005|2021|2|29979036000140|INSS INSTITUTO NACIONAL DO SEGURO SOCIAL
65697409|71820804|303|02|404020|2021|2|251***056**|PAULO EDUARDO PEDROSA
65697410|71820805|303|02|404020|2021|2|911***506**|JOSE GERALDO BALBINO
65697411|71820806|303|02|404007|2021|2|29979036000140|INSS INSTITUTO NACIONAL DO SEGURO SOCIAL
65697412|71820807|303|02|403992|2021|2|08084219000128|ABREU E MADUREIRA CELULARES LTDA ME
65697413|71820809|303|02|404018|2021|2|29979036000140|INSS INSTITUTO NACIONAL DO SEGURO SOCIAL
65697414|71820810|303|02|404017|2021|2|29979036000140|INSS INSTITUTO NACIONAL DO SEGURO SOCIAL
65697415|71820817|303|02|403991|2021|2|02593449000136|OFICINA BITS
65697416|71820822|303|02|404000|2021|2|00360305000104|CAIXA ECONOMICA FEDERAL
65697417|71820824|303|02|404020|2021|2|402***636**|GERONIMO MACHADO DE OLIVEIRA
65697418|71820825|303|02|403993|2021|2|01298583000141|TRIBUNAL REGIONAL DO TRABALHO DA 3ª REGIAO
65697419|71820827|303|02|403998|2021|2|29979036000140|INSS INSTITUTO NACIONAL DO SEGURO SOCIAL
65697420|71820829|303|02|403992|2021|2|645***446**|GERALDO ROSA TRINDADE
65697421|71820830|303|02|404000|2021|2|415***986**|FRANCISCO MACHADO DA SILVA
65697422|71820831|303|02|404020|2021|2|048***986**|JOSE ADRIANO APARECIDO CONCEICAO
65697423|71820832|303|02|404010|2021|2|00360305000104|CAIXA ECONOMICA FEDERAL
65697424|71820833|303|02|404017|2021|2|00360305000104|CAIXA ECONOMICA FEDERAL
65697425|71820834|303|02|403998|2021|2|29979036000140|INSS INSTITUTO NACIONAL DO SEGURO SOCIAL
65697426|71820839|303|02|404000|2021|2|00360305000104|CAIXA ECONOMICA FEDERAL
65697427|71820840|303|02|403999|2021|2|00360305000104|CAIXA ECONOMICA FEDERAL
65697428|71820841|303|02|403998|2021|2|00360305000104|CAIXA ECONOMICA FEDERAL
65697429|71820842|303|02|404020|2021|2|012***766**|ANA PAULA DEMÉTRIO
65697430|71820843|303|02|403991|2021|2|00360305000104|CAIXA ECONOMICA FEDERAL
65697431|71820844|303|02|403998|2021|2|17498064000167|TECIDOS JOTALIRA LTDA
65697432|71820847|303|02|403992|2021|2|02593449000136|OFICINA BITS
65697433|71820849|303|02|404000|2021|2|251***296**|CARLOS ALBERTO MALAQUIAS
65697434|71820851|303|02|403992|2021|2|911***406**|VANILDO ROSELI DA SILVA
65697435|71820852|303|02|404017|2021|2|00360305000104|CAIXA ECONOMICA FEDERAL
65697436|71820853|303|02|404020|2021|2|031***516**|EDILENE GONCALVES DE ALMEIDA
65697437|71820854|303|02|403998|2021|2|29979036000140|INSS INSTITUTO NACIONAL DO SEGURO SOCIAL
65697438|71820855|303|02|403992|2021|2|02593449000136|OFICINA BITS
65697439|71820858|303|02|404020|2021|2|607***446**|SELMA CECÍLIA DE SOUSA TEIXEIRA
65697440|71820860|303|02|403993|2021|2|21154554000113|TRIBUNAL DE JUSTICA DE MINAS GERAIS
65697441|71820866|303|02|404017|2021|2|106***296**|MÁRIO DA CONCEICAO SOARES
65697442|71820867|303|02|404004|2021|2|00360305000104|CAIXA ECONOMICA FEDERAL
65697443|71820868|303|02|404010|2021|2|052***036**|JOAO VAZ DA SILVA
65697444|71820869|303|02|403992|2021|2|17926188000104|SINTAGMA ZENITE COMERCIO PAPELARIA E ESPORTES LTDA ME
65697445|71820870|303|02|403992|2021|2|17926188000104|SINTAGMA ZENITE COMERCIO PAPELARIA E ESPORTES LTDA ME
65697446|71820871|303|02|404010|2021|2|00360305000104|CAIXA ECONOMICA FEDERAL
65697447|71820872|303|02|403991|2021|2|29979036000140|INSS INSTITUTO NACIONAL DO SEGURO SOCIAL
65697448|71820874|303|02|404020|2021|2|23265580000144|DR DISTRIBUIDORA LTDA
65697449|71820875|303|02|404018|2021|2|00360305000104|CAIXA ECONOMICA FEDERAL
65697450|71820878|303|02|404011|2021|2|29979036000140|INSS INSTITUTO NACIONAL DO SEGURO SOCIAL
65697451|71820880|303|02|403992|2021|2|17926188000104|SINTAGMA ZENITE COMERCIO PAPELARIA E ESPORTES LTDA ME
65697452|71820881|303|02|404010|2021|2|112***116**|NATAICY DE OLIVEIRA GUEDES
65697453|71820882|303|02|404020|2021|2|00360305000104|CAIXA ECONOMICA FEDERAL
65697454|71820883|303|02|403991|2021|2|842***946**|LUCAS COELHO FERREIRA
65697455|71820884|303|02|404000|2021|2|626***016**|CLEIDSTON LIMA LAGE
65697456|71820887|303|02|404010|2021|2|740***406**|LUIZA DE MARILAC MARIANO CALADO
65697457|71820890|303|02|404010|2021|2|29979036000140|INSS INSTITUTO NACIONAL DO SEGURO SOCIAL
65697458|71820892|303|02|404010|2021|2|29979036000140|INSS INSTITUTO NACIONAL DO SEGURO SOCIAL
65697459|71820894|303|02|404011|2021|2|71181184000181|DÁRIO HUMBERTO DE MELO CASTROME
65697460|71820897|303|02|404020|2021|2|960***376**|WILLIAN REZENDE SILVA
65697461|71820898|303|02|403992|2021|2|044***536**|ELIANE SILVA DE ALMEIDA
65697462|71820900|303|02|404010|2021|2|00360305000104|CAIXA ECONOMICA FEDERAL
65697463|71820902|303|02|404020|2021|2|385***256**|DILSON COELHO JÁCOME
65697464|71820906|303|02|404018|2021|2|00360305000104|CAIXA ECONOMICA FEDERAL
65697465|71820907|303|02|403992|2021|2|17926188000104|SINTAGMA ZENITE COMERCIO PAPELARIA E ESPORTES LTDA ME
65697466|71820908|303|02|404020|2021|2|00360305000104|CAIXA ECONOMICA FEDERAL
65697467|71820910|303|02|404020|2021|2|29979036000140|INSS INSTITUTO NACIONAL DO SEGURO SOCIAL
65697468|71820914|303|02|404018|2021|2|29979036000140|INSS INSTITUTO NACIONAL DO SEGURO SOCIAL
65697469|71820917|303|02|403992|2021|2|23250713000109|CERTIDIGI CERTIFICADO DIGITAL E SEG DE INFORMACAO
65697470|71820919|303|02|403998|2021|2|29979036000140|INSS INSTITUTO NACIONAL DO SEGURO SOCIAL
65697471|71820920|303|02|403992|2021|2|29979036000140|INSS INSTITUTO NACIONAL DO SEGURO SOCIAL
65697472|71820921|303|02|404017|2021|2|29979036000140|INSS INSTITUTO NACIONAL DO SEGURO SOCIAL
65697473|71820922|303|02|403992|2021|2|17926188000104|SINTAGMA ZENITE COMERCIO PAPELARIA E ESPORTES LTDA ME
65697474|71820923|303|02|404020|2021|2|052***546**|FATIMA IZABEL DOS SANTOS BALBINO
65697475|71820924|303|02|403992|2021|2|97438766000194|UTILIDADES DOMESTICAS OLIVEIRA E SILVA LTDA
65697476|71820925|303|02|404017|2021|2|00360305000104|CAIXA ECONOMICA FEDERAL
65697477|71820926|303|02|403996|2021|2|02593449000136|OFICINA BITS
65697478|71820929|303|02|404011|2021|2|23250713000109|CERTIDIGI CERTIFICADO DIGITAL E SEG DE INFORMACAO
65697479|71820930|303|02|404010|2021|2|00360305000104|CAIXA ECONOMICA FEDERAL
65697480|71820933|303|02|404017|2021|2|00360305000104|CAIXA ECONOMICA FEDERAL
65697481|71820934|303|02|404002|2021|2|00360305000104|CAIXA ECONOMICA FEDERAL
65697482|71820937|303|02|404018|2021|2|00360305000104|CAIXA ECONOMICA FEDERAL
65697483|71820938|303|02|404007|2021|2|15809765000144|ZELITA ROSA DE SOUSA
65697484|71820941|303|02|404004|2021|2|29979036000140|INSS INSTITUTO NACIONAL DO SEGURO SOCIAL
65697485|71820942|303|02|404010|2021|2|29979036000140|INSS INSTITUTO NACIONAL DO SEGURO SOCIAL
65697486|71820945|303|02|404010|2021|2|29979036000140|INSS INSTITUTO NACIONAL DO SEGURO SOCIAL
65697487|71820946|303|02|403993|2021|2|00360305000104|CAIXA ECONOMICA FEDERAL
65697488|71820947|303|02|404011|2021|2|00360305000104|CAIXA ECONOMICA FEDERAL
65697489|71820949|303|02|404000|2021|2|050***726**|MARCIO GERALDO DAS GRACAS
65697490|71820951|303|02|404020|2021|2|005***326**|LUIZ CARLOS LOPES JUNIOR
65697491|71820953|303|02|404018|2021|2|00360305000104|CAIXA ECONOMICA FEDERAL
65697492|71820954|303|02|404018|2021|2|00360305000104|CAIXA ECONOMICA FEDERAL
65697493|71820955|303|02|404010|2021|2|00360305000104|CAIXA ECONOMICA FEDERAL
65697494|71820957|303|02|404010|2021|2|29979036000140|INSS INSTITUTO NACIONAL DO SEGURO SOCIAL
65697495|71820960|303|02|403996|2021|2|29979036000140|INSS INSTITUTO NACIONAL DO SEGURO SOCIAL
65697496|71820962|303|02|403998|2021|2|00360305000104|CAIXA ECONOMICA FEDERAL
65697497|71820964|303|02|404002|2021|2|540***686**|VICENTE DE PAULA CASSEMIRO DE AQUINO
65697498|71820967|303|02|404020|2021|2|576***896**|JOSÉ FERNANDES
65697499|71820968|303|02|404000|2021|2|29979036000140|INSS INSTITUTO NACIONAL DO SEGURO SOCIAL
65697500|71820969|303|02|404017|2021|2|29979036000140|INSS INSTITUTO NACIONAL DO SEGURO SOCIAL
65697501|71820972|303|02|403991|2021|2|842***946**|LUCAS COELHO FERREIRA
65697502|71820973|303|02|404017|2021|2|29979036000140|INSS INSTITUTO NACIONAL DO SEGURO SOCIAL
65697503|71820974|303|02|403992|2021|2|08084219000128|ABREU E MADUREIRA CELULARES LTDA ME
65697504|71820975|303|02|403992|2021|2|00360305000104|CAIXA ECONOMICA FEDERAL
65697505|71820977|303|02|404017|2021|2|29979036000140|INSS INSTITUTO NACIONAL DO SEGURO SOCIAL
65697506|71820979|303|02|404009|2021|2|29979036000140|INSS INSTITUTO NACIONAL DO SEGURO SOCIAL
65697507|71820981|303|02|404006|2021|2|29979036000140|INSS INSTITUTO NACIONAL DO SEGURO SOCIAL
65697508|71820983|303|02|404018|2021|2|29979036000140|INSS INSTITUTO NACIONAL DO SEGURO SOCIAL
65697509|71820986|303|02|403992|2021|2|074***265**|SILAS NEVES DA SILVA
65697510|71820991|303|02|403998|2021|2|00360305000104|CAIXA ECONOMICA FEDERAL
65697511|71820992|303|02|403998|2021|2|00360305000104|CAIXA ECONOMICA FEDERAL
65697512|71820993|303|02|404005|2021|2|00360305000104|CAIXA ECONOMICA FEDERAL
65697513|71820994|303|02|404000|2021|2|809***366**|JOAO ROBERTO DE ARAUJO LIMA
65697514|71820995|303|02|404020|2021|2|745***966**|MARCOS ANTONIO DE AQUINO
65697515|71820997|303|02|404011|2021|2|645***446**|GERALDO ROSA TRINDADE
65697516|71820998|303|02|404020|2021|2|105***976**|CARLOS JUNIOR DIAS ARRUDA
65697517|71821002|303|02|403991|2021|2|22497371000163|SMART PONTO CONTROLE DE PONTO ACESSO E INFORMÁTICA EIRELI
65697518|71821003|303|02|404010|2021|2|29979036000140|INSS INSTITUTO NACIONAL DO SEGURO SOCIAL
65697519|71821004|303|02|404000|2021|2|042***346**|AFRÂNIO REI DE FRANCA SILVA
65697520|71821005|303|02|404018|2021|2|00360305000104|CAIXA ECONOMICA FEDERAL
65697521|71821012|303|02|403998|2021|2|29979036000140|INSS INSTITUTO NACIONAL DO SEGURO SOCIAL
65697522|71821014|303|02|404010|2021|2|59717553000617|MULTILASER INDUSTRIAL SA
65697523|71821016|303|02|404017|2021|2|29979036000140|INSS INSTITUTO NACIONAL DO SEGURO SOCIAL
65697524|71821018|303|02|404009|2021|2|01957866000158|R & G MATERIAIS ESPORTIVOS E PAPELARIA EM GERAL
65697525|71821020|303|02|404017|2021|2|00360305000104|CAIXA ECONOMICA FEDERAL
65697526|71821022|303|02|403992|2021|2|17926188000104|SINTAGMA ZENITE COMERCIO PAPELARIA E ESPORTES LTDA ME
65697527|71821023|303|02|404020|2021|2|415***406**|GILBERTO DE FREITAS
65697528|71821025|303|02|403999|2021|2|00360305000104|CAIXA ECONOMICA FEDERAL
65697529|71821026|303|02|404008|2021|2|29979036000140|INSS INSTITUTO NACIONAL DO SEGURO SOCIAL
65697530|71821028|303|02|404010|2021|2|006***766**|FLAVIA SIMONE FERREIRA
65697531|71821030|303|02|404002|2021|2|29979036000140|INSS INSTITUTO NACIONAL DO SEGURO SOCIAL
65697532|71821032|303|02|404018|2021|2|29979036000140|INSS INSTITUTO NACIONAL DO SEGURO SOCIAL
65697533|71821033|303|02|404017|2021|2|00360305000104|CAIXA ECONOMICA FEDERAL
65697534|71821034|303|02|404010|2021|2|29979036000140|INSS INSTITUTO NACIONAL DO SEGURO SOCIAL
65697535|71821035|303|02|404018|2021|2|29979036000140|INSS INSTITUTO NACIONAL DO SEGURO SOCIAL
65697536|71821036|303|02|404020|2021|2|29979036000140|INSS INSTITUTO NACIONAL DO SEGURO SOCIAL
65697537|71821038|303|02|403992|2021|2|645***446**|GERALDO ROSA TRINDADE
65697538|71821039|303|02|404000|2021|2|545***226**|EDSON DAS NEVES
65697539|71821040|303|02|404020|2021|2|041***646**|GUSTAVO HENRIQUE FRANCO DUARTE
65697540|71821041|303|02|404010|2021|2|055***896**|CARLA ANTONIA COSTA
65697541|71821042|303|02|404010|2021|2|00360305000104|CAIXA ECONOMICA FEDERAL
65697542|71821043|303|02|403998|2021|2|00360305000104|CAIXA ECONOMICA FEDERAL
65697543|71821044|303|02|404018|2021|2|00360305000104|CAIXA ECONOMICA FEDERAL
65697544|71821045|303|02|404000|2021|2|652***106**|SEBASTIAO DIAS DA SILVA
65697545|71821046|303|02|403992|2021|2|08084219000128|ABREU E MADUREIRA CELULARES LTDA ME
65697546|71821048|303|02|404018|2021|2|00360305000104|CAIXA ECONOMICA FEDERAL
65697547|71821049|303|02|404010|2021|2|29979036000140|INSS INSTITUTO NACIONAL DO SEGURO SOCIAL
65697548|71821050|303|02|404010|2021|2|32661819000196|QUALIS SOLUCOES PARA SAUDE EIRELI
65697549|71821054|303|02|403996|2021|2|29979036000140|INSS INSTITUTO NACIONAL DO SEGURO SOCIAL
65697550|71821057|303|02|404010|2021|2|29979036000140|INSS INSTITUTO NACIONAL DO SEGURO SOCIAL
65697551|71821058|303|02|404010|2021|2|21189554000159|TS FARMA DISTRIBUIDORA EIRELI EPP
65697552|71821059|303|02|403992|2021|2|24501724000187|VANESSA ANGÉLICA TEIXEIRA GONZAGA AGUIAR ME
65697553|71821060|303|02|403992|2021|2|12719447000102|DP ESPORTES EIRELI
65697554|71821061|303|02|404020|2021|2|12927876000167|SOMAMG PRODUTOS HOSPITALARES LTDA
65697555|71821062|303|02|404020|2021|2|21189554000159|TS FARMA DISTRIBUIDORA EIRELI EPP
65697556|71821063|303|02|403998|2021|2|24501724000187|VANESSA ANGÉLICA TEIXEIRA GONZAGA AGUIAR ME
65697557|71821064|303|02|404000|2021|2|30935086000105|ALCATEIA ENGENHARIA E CONSTRUCAO LTDA
65697558|71821065|303|02|404008|2021|2|24501724000187|VANESSA ANGÉLICA TEIXEIRA GONZAGA AGUIAR ME
65697559|71821066|303|02|403998|2021|2|07475524000188|VALOR LOCACOES EIRELI ME
65697560|71821067|303|02|403998|2021|2|22865666000145|WENDEL CORDEIRO DA SILVA EPP
65697561|71821068|303|02|404010|2021|2|67729178000220|COMERCIAL CIRÚRGICA RIOCLARENSE LTDA
65697562|71821069|303|02|403992|2021|2|07062925000106|ORGANIZACOES MSL COMERCIO E INDUSTRIA DE MATERIAIS ELETRICOS LTDA
65697563|71821070|303|02|404000|2021|2|11387190000168|WOLTINE COMERCIO E REPRESENTACAO EIRELIEPP
65697564|71821071|303|02|403992|2021|2|41719477000109|KARAIBA MATERIAIS DE CONSTRUCAO LTDA
65697565|71821072|303|02|404000|2021|2|17591262000170|EXATA INDUSTRIA E COMERCIO LTDAEPP
65697566|71821073|303|02|404010|2021|2|11963458000162|LEONARDO FILOMENO ME
65697567|71821074|303|02|404010|2021|2|30935086000105|ALCATEIA ENGENHARIA E CONSTRUCAO LTDA
65697568|71821075|303|02|404000|2021|2|65353401000170|COMERCIAL VENER LTDA
65697569|71821076|303|02|404010|2021|2|01417694000120|DISTRIMIX DISTRIBUIDORA DE MEDICAMENTOS LTDA
65697570|71821077|303|02|404020|2021|2|36325157000134|COSTA CAMARGO COM DE PRODUTOS HOSPITALARESLTDA
65697571|71821078|303|02|404000|2021|2|41719477000109|KARAIBA MATERIAIS DE CONSTRUCAO LTDA
65697572|71821079|303|02|404000|2021|2|41719477000109|KARAIBA MATERIAIS DE CONSTRUCAO LTDA
65697573|71821080|303|02|404000|2021|2|65186835000123|DISTRIBUIDORA IRMAOS SANTANA LTDAEPP
65697574|71821081|303|02|404020|2021|2|04027894000750|DUPATRI HOSPITALAR COM IMPORT E EXP LTDA
65697575|71821082|303|02|404000|2021|2|02628117000140|JARBAS SEBASTIAO DOS REIS ME
65697576|71821083|303|02|404010|2021|2|03945035000191|ACACIA COMERCIO DE MEDICAMENTOS LTDA
65697577|71821084|303|02|404000|2021|2|41719477000109|KARAIBA MATERIAIS DE CONSTRUCAO LTDA
65697578|71821085|303|02|404004|2021|2|41719477000109|KARAIBA MATERIAIS DE CONSTRUCAO LTDA
65697579|71821086|303|02|404020|2021|2|67729178000220|COMERCIAL CIRÚRGICA RIOCLARENSE LTDA
65697580|71821087|303|02|404020|2021|2|42799163000126|BH FARMA COMERCIO REPRESENTACOES LTDA
65697581|71821088|303|02|403992|2021|2|07475524000188|VALOR LOCACOES EIRELI ME
65697582|71821089|303|02|403992|2021|2|41719477000109|KARAIBA MATERIAIS DE CONSTRUCAO LTDA
65697583|71821090|303|02|404010|2021|2|12927876000167|SOMAMG PRODUTOS HOSPITALARES LTDA
65697584|71821091|303|02|404000|2021|2|23605544000182|ESSENZA INDUSTRIA QUIMICA EIRELIME
65697585|71821092|303|02|403992|2021|2|41719477000109|KARAIBA MATERIAIS DE CONSTRUCAO LTDA
65697586|71821093|303|02|404020|2021|2|18269125000187|BIOHOSP PRODUTOS HOSPITALARES LTDA
65697587|71821094|303|02|403992|2021|2|12719447000102|DP ESPORTES EIRELI
65697588|71821095|303|02|404000|2021|2|41719477000109|KARAIBA MATERIAIS DE CONSTRUCAO LTDA
65697589|71821096|303|02|404010|2021|2|18269125000187|BIOHOSP PRODUTOS HOSPITALARES LTDA
65697590|71821097|303|02|403992|2021|2|41719477000109|KARAIBA MATERIAIS DE CONSTRUCAO LTDA
65697591|71821098|303|02|404003|2021|2|30935086000105|ALCATEIA ENGENHARIA E CONSTRUCAO LTDA
65697592|71821099|303|02|404020|2021|2|01417694000120|DISTRIMIX DISTRIBUIDORA DE MEDICAMENTOS LTDA
65697593|71821100|303|02|404000|2021|2|15407876000124|ALEXANDRE HENRIQUE MACHADO CHAMONE
65697594|71821101|303|02|404018|2021|2|61186490000157|EDITORA FTD SA
65697595|71821102|303|02|404019|2021|2|61186490000157|EDITORA FTD SA
65697596|71821103|303|02|404019|2021|2|61186490000157|EDITORA FTD SA
65697597|71821104|303|02|404017|2021|2|61186490000157|EDITORA FTD SA
65697598|71821105|303|02|404017|2021|2|61186490000157|EDITORA FTD SA
65697599|71821106|303|02|404010|2021|2|18979328000167|SOC CIVIL DE BENEFICÊNCIA CAETEENSE
65697600|71821107|303|02|404018|2021|2|61186490000157|EDITORA FTD SA
65697601|71821108|303|02|404020|2021|2|17908624000104|VERA CRUZ DISTRIUIBUIDORA DE PROIDUTOS HOSPITALARES LTDA
65697602|71821109|303|02|404020|2021|2|19961036000160|DIFARMIG LTDA
65697603|71821110|303|02|404020|2021|2|14842681000140|MSR EXPRESS MEDICAMENTOS ESPECIAIS LTDA
65697604|71821111|303|02|404020|2021|2|05388543000222|SUPREMA FORMULA FARMACIA DE MANIPULACAO
65697605|71821112|303|02|404020|2021|2|01772798000233|MEDTRONIC COMERCIAL LTDA
65697606|71821113|303|02|404020|2021|2|00874929000140|MED CENTER COMERCIAL LTDA
65697607|71821114|303|02|404020|2021|2|18977546000162|DROGARIA JOSE BRANDAO LTDA
65697608|71821115|303|02|404020|2021|2|18977546000162|DROGARIA JOSE BRANDAO LTDA
65697609|71821116|303|02|404017|2021|2|17314995000168|REDE REDENCAO EMPRESA DE DISTRIBUICAO EIRELI
65697610|71821117|303|02|404020|2021|2|16928871000614|GUEDES E PAIXAO LTDA
65697611|71821118|303|02|404017|2021|2|17314995000168|REDE REDENCAO EMPRESA DE DISTRIBUICAO EIRELI
65697612|71821119|303|02|404010|2021|2|67729178000220|COMERCIAL CIRÚRGICA RIOCLARENSE LTDA
65697613|71821120|303|02|404010|2021|2|02814497000700|CIMED INDUSTRIA DE MEDICAMENTOS LTDA
65697614|71821121|303|02|404010|2021|2|42799163000126|BH FARMA COMERCIO REPRESENTACOES LTDA
65697615|71821122|303|02|404010|2021|2|09053134000226|ELFA MEDICAMENTOS LTDA
65697616|71821123|303|02|404010|2021|2|00874929000140|MED CENTER COMERCIAL LTDA
65697617|71821124|303|02|404010|2021|2|04027894000750|DUPATRI HOSPITALAR COM IMPORT E EXP LTDA
65697618|71821125|303|02|404010|2021|2|59309302000199|INJEX INDUSTRIAS CIRURGICAS LTDA
65697619|71821126|303|02|404010|2021|2|18269125000187|BIOHOSP PRODUTOS HOSPITALARES LTDA
65697620|71821127|303|02|404010|2021|2|04889013000114|DISTRILAF DISTRIBUIDORA DE MEDICAMENTOS LTDA
65697621|71821128|303|02|404010|2021|2|05684180000191|COMPANHIA ITABIRANA DE TELECOMUNICACOES LTDA
65697622|71821129|303|02|404010|2021|2|73856593001057|PRATI DONADUZZI & CIA LTDA
65697623|71821130|303|02|404010|2021|2|36325157000215|COSTA CAMARGO COM DE PROD HOSP LTDA
65697624|71821131|303|02|404009|2021|2|03842913000143|GRUPO ÁUDIO MISTER MIX LTDA EPP
65697625|71821132|303|02|403992|2021|2|71251029000194|RV COMERCIO DE PAPEIS LTDA
65697626|71821133|303|02|404010|2021|2|03945035000191|ACACIA COMERCIO DE MEDICAMENTOS LTDA
65697627|71821134|303|02|404010|2021|2|16847018000163|THN NUTRICAO E SAÚDE LTDA
65697628|71821135|303|02|404010|2021|2|21681325000157|MULTIFARMA COMERCIAL LTDA
75903979|83038234|304|03|404015|2021|10|00360305000104|CAIXA ECONOMICA FEDERAL
75903980|83038236|304|03|404015|2021|10|10426715000164|CONSORCIO OTIMO BILHETAGEM ELETRONICA
75903981|83038237|304|03|404015|2021|10|18715615000160|FUNDO DE GARANTIA POR TEMPO DE SERVICO
75903982|83038238|304|03|404015|2021|10|18715615000160|FUNDO DE GARANTIA POR TEMPO DE SERVICO
75903983|83038239|304|03|404015|2021|10|29979036044946|INSTITUTO NACIONAL DO SEGURO SOCIAL
75903984|83038240|304|03|404015|2021|10|18715615000160|FUNDO DE GARANTIA POR TEMPO DE SERVICO
75903985|83038241|304|03|404015|2021|10|11849606000112|MARCIO NAZARET AMARO
75903986|83038242|304|03|404015|2021|10|11849606000112|MARCIO NAZARET AMARO
75903987|83038244|304|03|404015|2021|10|41952235000160|SUL AMERICA ENGENHARIA LTDA.
75903988|83038245|304|03|404015|2021|10|372***218**|ESKARLETE JULIANA DE ANDRADE
75903989|83038246|304|03|404015|2021|10|11849606000112|MARCIO NAZARET AMARO
75903990|83038247|304|03|404015|2021|10|00399411000100|OLIVEIRA & PINHEIRO MATERIAIS PARA CONST. LTDA
75903991|83038248|304|03|404015|2021|10|30968913000167|WENDERSON SILVA PEIXOTO DE MELLO-ME
75903992|83038250|304|03|404015|2021|10|02628117000140|JARBAS SEBASTIAO DOS REIS-ME
75903993|83038251|304|03|404015|2021|10|11849606000112|MARCIO NAZARET AMARO
75903994|83038253|304|03|404015|2021|10|29979036044946|INSTITUTO NACIONAL DO SEGURO SOCIAL
75903995|83038254|304|03|404015|2021|10|41664871000197|POLYVIN PLASTICOS E DERIVADOS LTDA
75903996|83038256|304|03|404015|2021|10|13431495000155|TNS APLICADORA DE PAVIMENTO ASFALTICO LTDA
75903997|83038257|304|03|404015|2021|10|05049369000102|MATOS & SILVA, TRANSPORTES,COM. E SERVICOS LTDA
75903998|83038259|304|03|404015|2021|10|10558226000166|LOKARFLEX LOCADORA DE VEICULOS LTDA-ME
75903999|83038260|304|03|404015|2021|10|804***476**|FERNANDO JOSE DA SILVA
75904000|83038263|304|03|404015|2021|10|29979036044946|INSTITUTO NACIONAL DO SEGURO SOCIAL
75904001|83038264|304|03|404015|2021|10|05049369000102|MATOS & SILVA, TRANSPORTES,COM. E SERVICOS LTDA
75904002|83038265|304|03|404015|2021|10|05049369000102|MATOS & SILVA, TRANSPORTES,COM. E SERVICOS LTDA
75904003|83038266|304|03|404015|2021|10|13914027000131|HIDROLUX INDUS.E COMER.DE MAT.HIDRAUL. EIRELI-ME
75904004|83038267|304|03|404015|2021|10|05049369000102|MATOS & SILVA, TRANSPORTES,COM. E SERVICOS LTDA
75904005|83038269|304|03|404015|2021|10|18715615000160|FUNDO DE GARANTIA POR TEMPO DE SERVICO
75904006|83038270|304|03|404015|2021|10|29979036044946|INSTITUTO NACIONAL DO SEGURO SOCIAL
75904007|83038271|304|03|404015|2021|10|11849606000112|MARCIO NAZARET AMARO
75904008|83038272|304|03|404015|2021|10|41952235000160|SUL AMERICA ENGENHARIA LTDA.
75904009|83038274|304|03|404015|2021|10|03078035000131|SYSCON COMERCIO E SERVICOS LTDA
75904010|83038275|304|03|404015|2021|10|11849606000112|MARCIO NAZARET AMARO
75904011|83038277|304|03|404015|2021|10|372***218**|ESKARLETE JULIANA DE ANDRADE
75904012|83038278|304|03|404015|2021|10|097***516**|THADEU FILIPE SILVA FELIX
75904013|83038279|304|03|404015|2021|10|18715615000160|FUNDO DE GARANTIA POR TEMPO DE SERVICO
75904014|83038280|304|03|404015|2021|10|29979036044946|INSTITUTO NACIONAL DO SEGURO SOCIAL
75904015|83038283|304|03|404015|2021|10|00399411000100|OLIVEIRA & PINHEIRO MATERIAIS PARA CONST. LTDA
75904016|83038284|304|03|404015|2021|10|21154554000113|TRIBUNAL DE JUSTICA DO ESTADO DE MINAS GERAIS
75904017|83038285|304|03|404015|2021|10|00000000000191|BANCO DO BRASIL-RECEITA FEDERAL-IRRF
75904018|83038286|304|03|404015|2021|10|25191800000168|EMPRESA JORNALISTICA OPINIAO LTDA
75904019|83038288|304|03|404015|2021|10|372***218**|ESKARLETE JULIANA DE ANDRADE
75904020|83038289|304|03|404015|2021|10|00000000000191|BANCO DO BRASIL-RECEITA FEDERAL-IRRF
75904021|83038291|304|03|404015|2021|10|60746948000112|BANCO BRADESCO S.A.
75904022|83038292|304|03|404015|2021|10|09577942000101|GRACIENE F. SABARENSE.XAVIER
75904023|83038293|304|03|404015|2021|10|00360305000104|CAIXA ECONOMICA FEDERAL
75904024|83038294|304|03|404015|2021|10|372***218**|ESKARLETE JULIANA DE ANDRADE
75904025|83038295|304|03|404015|2021|10|804***476**|FERNANDO JOSE DA SILVA
75904026|83038296|304|03|404015|2021|10|60701190000104|BANCO ITAU SA
75904027|83038297|304|03|404015|2021|10|60746948000112|BANCO BRADESCO S.A.
75904028|83038298|304|03|404015|2021|10|21155478000160|CARTORIO 3O OFICIO DE NOTAS DE CAETE
75904029|83038299|304|03|404015|2021|10|18715615000160|FUNDO DE GARANTIA POR TEMPO DE SERVICO
75904030|83038301|304|03|404015|2021|10|372***218**|ESKARLETE JULIANA DE ANDRADE
75904031|83038302|304|03|404015|2021|10|804***476**|FERNANDO JOSE DA SILVA
75904032|83038303|304|03|404015|2021|10|097***516**|THADEU FILIPE SILVA FELIX
75904033|83038304|304|03|404015|2021|10|00165960000101|GOVERNANCABRASIL SA TECNOL. E GESTAO DE SERVICOS
75904034|83038305|304|03|404015|2021|10|90400888000142|BANCO SANTANDER (BRASIL) SA
75904035|83038307|304|03|404015|2021|10|60701190000104|BANCO ITAU SA
75904036|83038308|304|03|404015|2021|10|16746489000185|DROGARIA SAO CLEMENTE LTDA
75904037|83038309|304|03|404015|2021|10|90400888000142|BANCO SANTANDER (BRASIL) SA
75904038|83038310|304|03|404015|2021|10|09577942000101|GRACIENE F. SABARENSE.XAVIER
75904039|83038311|304|03|404015|2021|10|29979036044946|INSTITUTO NACIONAL DO SEGURO SOCIAL
75904040|83038312|304|03|404015|2021|10|01963440000107|MC MEDICINA E CONSULTORIA OCUPACIONAL LTDA - EPP.
75904041|83038313|304|03|404015|2021|10|00165960000101|GOVERNANCABRASIL SA TECNOL. E GESTAO DE SERVICOS
75904042|83038314|304|03|404015|2021|10|21154554000113|TRIBUNAL DE JUSTICA DO ESTADO DE MINAS GERAIS
75904043|83038315|304|03|404015|2021|10|00000000000191|BANCO DO BRASIL-RECEITA FEDERAL-IRRF
65502204|71608258|305|04|404016|2021|2|29979036000140|INSS
65502205|71608259|305|04|404016|2021|2|23250713000290|CERTIDIGI CERT DIG E SEGURANCA DA INFORM LTDA
65502206|71608260|305|04|404016|2021|2|34012755000128|WAGNER DO BOM SUCESSO MOUTINHO 03449115600
65502207|71608261|305|04|404016|2021|2|00360305000104|FGTS
65502226|71608287|305|04|404016|2021|3|29979036000140|INSS
65502227|71608289|305|04|404016|2021|3|00360305000104|FGTS
64388608|70389707|303|02|403992|2021|1|00360305000104|CAIXA ECONOMICA FEDERAL
64388609|70389711|303|02|404010|2021|1|00360305000104|CAIXA ECONOMICA FEDERAL
64388610|70389713|303|02|403999|2021|1|20513859000101|AMM ASSOCIACAO MINEIRA DE MUNICIPIOS
64388611|70389714|303|02|404009|2021|1|028***866**|LORENA ELIZEU MUZZI
64388612|70389715|303|02|403993|2021|1|65139149000100|WELLINGTON DE LIMA MOTA
64388613|70389717|303|02|403998|2021|1|00360305000104|CAIXA ECONOMICA FEDERAL
64388614|70389722|303|02|404011|2021|1|00394460005887|SECRETARIA DA RECEITA FEDERAL DO BRASIL
64388615|70389725|303|02|404004|2021|1|00360305000104|CAIXA ECONOMICA FEDERAL
64388616|70389726|303|02|404010|2021|1|48791685000168|CBS MEDICO CIENTIFICA COM E REPRESENTACAO LTDA
64388617|70389727|303|02|404020|2021|1|00360305000104|CAIXA ECONOMICA FEDERAL
64388618|70389728|303|02|404010|2021|1|09025241000160|MONITORA SEGURANCA ELETRONICA LTDA ME
64388619|70389729|303|02|404018|2021|1|00360305000104|CAIXA ECONOMICA FEDERAL
64388620|70389730|303|02|404018|2021|1|29979036000140|INSS INSTITUTO NACIONAL DO SEGURO SOCIAL
64388621|70389733|303|02|403991|2021|1|29979036000140|INSS INSTITUTO NACIONAL DO SEGURO SOCIAL
64388622|70389734|303|02|403992|2021|1|07051313000118|ACTCON SOLUCOES WEB LTDA
64388623|70389740|303|02|404017|2021|1|00360305000104|CAIXA ECONOMICA FEDERAL
64388624|70389741|303|02|403993|2021|1|21155486000107|CAETÉ CARTÓRIO DO 1° OFÍCIO DE NOTAS
64388625|70389744|303|02|404017|2021|1|00360305000104|CAIXA ECONOMICA FEDERAL
64388626|70389745|303|02|403998|2021|1|29979036000140|INSS INSTITUTO NACIONAL DO SEGURO SOCIAL
64388627|70389747|303|02|404011|2021|1|00360305000104|CAIXA ECONOMICA FEDERAL
64388628|70389749|303|02|404018|2021|1|00360305000104|CAIXA ECONOMICA FEDERAL
64388629|70389751|303|02|404018|2021|1|00360305000104|CAIXA ECONOMICA FEDERAL
64388630|70389754|303|02|403998|2021|1|29979036000140|INSS INSTITUTO NACIONAL DO SEGURO SOCIAL
64388631|70389755|303|02|403993|2021|1|21155460000169|CAETE CARTORIO DO 2º OFICIO DE NOTAS
64388632|70389756|303|02|403998|2021|1|00360305000104|CAIXA ECONOMICA FEDERAL
64388633|70389758|303|02|403996|2021|1|29979036000140|INSS INSTITUTO NACIONAL DO SEGURO SOCIAL
64388634|70389760|303|02|404010|2021|1|29979036000140|INSS INSTITUTO NACIONAL DO SEGURO SOCIAL
64388635|70389761|303|02|404011|2021|1|00360305000104|CAIXA ECONOMICA FEDERAL
64388636|70389762|303|02|403998|2021|1|29979036000140|INSS INSTITUTO NACIONAL DO SEGURO SOCIAL
64388637|70389770|303|02|404010|2021|1|18979328000167|SOC CIVIL DE BENEFICÊNCIA CAETEENSE
64388638|70389773|303|02|404008|2021|1|29979036000140|INSS INSTITUTO NACIONAL DO SEGURO SOCIAL
64388639|70389774|303|02|403992|2021|1|645***446**|GERALDO ROSA TRINDADE
64388640|70389776|303|02|404011|2021|1|645***446**|GERALDO ROSA TRINDADE
64388641|70389777|303|02|404018|2021|1|00360305000104|CAIXA ECONOMICA FEDERAL
64388642|70389778|303|02|404017|2021|1|043***686**|RONEY GERALDO DE LIMA
64388643|70389779|303|02|404009|2021|1|00360305000104|CAIXA ECONOMICA FEDERAL
64388644|70389780|303|02|404017|2021|1|00360305000104|CAIXA ECONOMICA FEDERAL
64388645|70389782|303|02|404010|2021|1|09025241000160|MONITORA SEGURANCA ELETRONICA LTDA ME
64388646|70389786|303|02|404020|2021|1|14842681000140|MSR EXPRESS MEDICAMENTOS ESPECIAIS LTDA
64388647|70389791|303|02|404018|2021|1|29979036000140|INSS INSTITUTO NACIONAL DO SEGURO SOCIAL
64388648|70389794|303|02|404017|2021|1|29979036000140|INSS INSTITUTO NACIONAL DO SEGURO SOCIAL
64388649|70389795|303|02|404011|2021|1|71181184000181|DÁRIO HUMBERTO DE MELO CASTROME
64388650|70389796|303|02|403999|2021|1|00360305000104|CAIXA ECONOMICA FEDERAL
64388651|70389798|303|02|404010|2021|1|00360305000104|CAIXA ECONOMICA FEDERAL
64388652|70389799|303|02|404009|2021|1|054***686**|CHARLES ELADIO NAZARETH FARIA
64388653|70389800|303|02|403996|2021|1|29979036000140|INSS INSTITUTO NACIONAL DO SEGURO SOCIAL
64388654|70389801|303|02|404018|2021|1|00360305000104|CAIXA ECONOMICA FEDERAL
64388655|70389803|303|02|403999|2021|1|29979036000140|INSS INSTITUTO NACIONAL DO SEGURO SOCIAL
64388656|70389804|303|02|404005|2021|1|00360305000104|CAIXA ECONOMICA FEDERAL
64388657|70389807|303|02|404011|2021|1|00360305144106|CAIXA ECONOMICA FEDERAL
64388658|70389810|303|02|404006|2021|1|00360305000104|CAIXA ECONOMICA FEDERAL
64388659|70389811|303|02|404010|2021|1|18979328000167|SOC CIVIL DE BENEFICÊNCIA CAETEENSE
64388660|70389814|303|02|404010|2021|1|29979036000140|INSS INSTITUTO NACIONAL DO SEGURO SOCIAL
64388661|70389817|303|02|404020|2021|1|00360305000104|CAIXA ECONOMICA FEDERAL
64388662|70389818|303|02|404017|2021|1|00360305000104|CAIXA ECONOMICA FEDERAL
64388663|70389819|303|02|403993|2021|1|01298583000141|TRIBUNAL REGIONAL DO TRABALHO DA 3ª REGIAO
64388664|70389822|303|02|404010|2021|1|00360305000104|CAIXA ECONOMICA FEDERAL
64388665|70389823|303|02|404010|2021|1|29979036000140|INSS INSTITUTO NACIONAL DO SEGURO SOCIAL
64388666|70389826|303|02|404010|2021|1|00360305000104|CAIXA ECONOMICA FEDERAL
64388667|70389827|303|02|404002|2021|1|05049369000102|MATOS & SILVA TRANSPORTES COMÉRCIO E SERVICOS LTDA ME
64388668|70389828|303|02|404019|2021|1|65353401000170|COMERCIAL VENER LTDA
64388669|70389829|303|02|404010|2021|1|15567143000157|DANIELE MAGELA BARROS FERREIRA
64388670|70389830|303|02|403992|2021|1|17270476000145|CNA MULTIFORMATO E LOGISTICA LTDA ME
64388671|70389831|303|02|404002|2021|1|07475524000188|VALOR LOCACOES EIRELI ME
64388672|70389832|303|02|404000|2021|1|20839994000141|QUANTUM ENGENHARIA E CONSULTORIA LTDA
64388673|70389833|303|02|404010|2021|1|09025241000160|MONITORA SEGURANCA ELETRONICA LTDA ME
64388674|70389834|303|02|404010|2021|1|65186835000123|DISTRIBUIDORA IRMAOS SANTANA LTDAEPP
64388675|70389835|303|02|404010|2021|1|17591262000170|EXATA INDUSTRIA E COMERCIO LTDAEPP
64388676|70389836|303|02|404017|2021|1|23605544000182|ESSENZA INDUSTRIA QUIMICA EIRELIME
64388677|70389837|303|02|404019|2021|1|11387190000168|WOLTINE COMERCIO E REPRESENTACAO EIRELIEPP
64388678|70389838|303|02|403993|2021|1|26786353000152|IMPRESS LOCACAO COMERCIO E SERVICOS EIRELI ME
64388679|70389839|303|02|404017|2021|1|65186835000123|DISTRIBUIDORA IRMAOS SANTANA LTDAEPP
64388680|70389840|303|02|404020|2021|1|18269125000187|BIOHOSP PRODUTOS HOSPITALARES LTDA
64388681|70389841|303|02|403992|2021|1|19103290000127|COMERCIAL MAURISTELA LTDA ME
64388682|70389842|303|02|404020|2021|1|92559830000171|GREEN CARD SA REFEICOES COMERCIO E SERVICOS
64388683|70389843|303|02|403992|2021|1|01564385000182|LIBERTAS AUDITORES E CONSULTORES
64388684|70389844|303|02|404019|2021|1|15407876000124|ALEXANDRE HENRIQUE MACHADO CHAMONE
64388685|70389845|303|02|404020|2021|1|36325157000134|COSTA CAMARGO COM DE PRODUTOS HOSPITALARESLTDA
64388686|70389846|303|02|403992|2021|1|23605544000182|ESSENZA INDUSTRIA QUIMICA EIRELIME
64388687|70389847|303|02|404000|2021|1|07518010000162|TH LOCACAO DE TRATORES LTDA
64388688|70389848|303|02|403992|2021|1|00165960000101|GOVERNANCA BRASIL TEC GESTAO EM SERV LTDA
64388689|70389849|303|02|403996|2021|1|23605544000182|ESSENZA INDUSTRIA QUIMICA EIRELIME
64388690|70389850|303|02|404009|2021|1|11963458000162|LEONARDO FILOMENO ME
64388691|70389851|303|02|404010|2021|1|09025241000160|MONITORA SEGURANCA ELETRONICA LTDA ME
64388692|70389852|303|02|404010|2021|1|26786353000152|IMPRESS LOCACAO COMERCIO E SERVICOS EIRELI ME
64388693|70389853|303|02|403998|2021|1|09025241000160|MONITORA SEGURANCA ELETRONICA LTDA ME
64388694|70389854|303|02|404010|2021|1|23605544000182|ESSENZA INDUSTRIA QUIMICA EIRELIME
64388695|70389855|303|02|404020|2021|1|19961036000160|DIFARMIG LTDA
64388696|70389856|303|02|404017|2021|1|15407876000124|ALEXANDRE HENRIQUE MACHADO CHAMONE
64388697|70389857|303|02|404010|2021|1|19103290000127|COMERCIAL MAURISTELA LTDA ME
64388698|70389858|303|02|404020|2021|1|11453723000162|ORTHONEWS CIRURGICOS E ORTOPEDICOS LTDAME
64388699|70389859|303|02|403992|2021|1|65186835000123|DISTRIBUIDORA IRMAOS SANTANA LTDAEPP
64388700|70389860|303|02|403992|2021|1|17926188000104|SINTAGMA ZENITE COMERCIO PAPELARIA E ESPORTES LTDA ME
64388701|70389861|303|02|404000|2021|1|20839994000141|QUANTUM ENGENHARIA E CONSULTORIA LTDA
64388702|70389862|303|02|403992|2021|1|11069669000156|FLEXX DISTRIBUIDORA DE ALIMENTOS EIRELI
64388703|70389863|303|02|404000|2021|1|07475524000188|VALOR LOCACOES EIRELI ME
64388704|70389864|303|02|404017|2021|1|19103290000127|COMERCIAL MAURISTELA LTDA ME
64388705|70389865|303|02|403992|2021|1|09025241000160|MONITORA SEGURANCA ELETRONICA LTDA ME
64388706|70389866|303|02|403992|2021|1|29013780000196|VISA ELETRO EIRELI ME
64388707|70389867|303|02|403999|2021|1|26786353000152|IMPRESS LOCACAO COMERCIO E SERVICOS EIRELI ME
64388708|70389868|303|02|404010|2021|1|17270476000145|CNA MULTIFORMATO E LOGISTICA LTDA ME
64388709|70389869|303|02|404019|2021|1|11387190000168|WOLTINE COMERCIO E REPRESENTACAO EIRELIEPP
64388710|70389870|303|02|403996|2021|1|17591262000170|EXATA INDUSTRIA E COMERCIO LTDAEPP
64388711|70389871|303|02|403992|2021|1|11387190000168|WOLTINE COMERCIO E REPRESENTACAO EIRELIEPP
64388712|70389872|303|02|404010|2021|1|07475524000188|VALOR LOCACOES EIRELI ME
64388713|70389873|303|02|403992|2021|1|21856981000143|WTRADE INTERMEDIACAO DE NEGOCIOS LTDAME
64388714|70389874|303|02|404019|2021|1|23605544000182|ESSENZA INDUSTRIA QUIMICA EIRELIME
64388715|70389875|303|02|403992|2021|1|17591262000170|EXATA INDUSTRIA E COMERCIO LTDAEPP
64388716|70389876|303|02|403998|2021|1|08916896000165|JL COMERCIO TICO GÁS CAETÉ LTDAEPP
64388717|70389877|303|02|404019|2021|1|17591262000170|EXATA INDUSTRIA E COMERCIO LTDAEPP
64388718|70389878|303|02|404010|2021|1|11387190000168|WOLTINE COMERCIO E REPRESENTACAO EIRELIEPP
64388719|70389879|303|02|403992|2021|1|18582375000172|CORDIAL DISTRIBUIDORA DE ALIMENTOS EIRELI
64388720|70389880|303|02|404017|2021|1|09025241000160|MONITORA SEGURANCA ELETRONICA LTDA ME
64388721|70389881|303|02|404019|2021|1|65186835000123|DISTRIBUIDORA IRMAOS SANTANA LTDAEPP
64388722|70389882|303|02|404010|2021|1|09025241000160|MONITORA SEGURANCA ELETRONICA LTDA ME
64388723|70389883|303|02|404000|2021|1|22430763000105|L&T PADARIA E TRANSPORTES LTDA ME
64388724|70389884|303|02|404020|2021|1|11105859000181|CEADCENTRO ESPECIALIZADO EM ATENDIMENTO DOMICILIAR LTDAEPP
64388725|70389885|303|02|404010|2021|1|02129036000103|IGAR COMERCIO E SERVICOS LTDA ME
64388726|70389886|303|02|404010|2021|1|65353401000170|COMERCIAL VENER LTDA
64388727|70389887|303|02|404017|2021|1|19288485000199|R S COMUNICACAO VISUAL EIRELI EPP
64388728|70389888|303|02|404010|2021|1|17983226000152|4TECH MANUTENCAO LABORATORIAL REFRIGERACAO E HOSPITALAR LTDA EPP
64388729|70389889|303|02|404019|2021|1|15407876000124|ALEXANDRE HENRIQUE MACHADO CHAMONE
64388730|70389890|303|02|404019|2021|1|65186835000123|DISTRIBUIDORA IRMAOS SANTANA LTDAEPP
64388731|70389891|303|02|404010|2021|1|24501724000187|VANESSA ANGÉLICA TEIXEIRA GONZAGA AGUIAR ME
64388732|70389892|303|02|403998|2021|1|07475524000188|VALOR LOCACOES EIRELI ME
64388733|70389893|303|02|403992|2021|1|65353401000170|COMERCIAL VENER LTDA
64388734|70389894|303|02|403993|2021|1|07475524000188|VALOR LOCACOES EIRELI ME
64388735|70389895|303|02|404020|2021|1|36325157000134|COSTA CAMARGO COM DE PRODUTOS HOSPITALARESLTDA
64388736|70389896|303|02|404017|2021|1|26786353000152|IMPRESS LOCACAO COMERCIO E SERVICOS EIRELI ME
64388737|70389897|303|02|404020|2021|1|90180605000102|GENTE SEGURADORA SA
64388738|70389898|303|02|404000|2021|1|19103290000127|COMERCIAL MAURISTELA LTDA ME
64388739|70389899|303|02|404020|2021|1|90180605000102|GENTE SEGURADORA SA
64388740|70389900|303|02|403992|2021|1|15407876000124|ALEXANDRE HENRIQUE MACHADO CHAMONE
64388741|70389901|303|02|404011|2021|1|26786353000152|IMPRESS LOCACAO COMERCIO E SERVICOS EIRELI ME
64388742|70389902|303|02|404010|2021|1|09025241000160|MONITORA SEGURANCA ELETRONICA LTDA ME
64388743|70389903|303|02|404010|2021|1|15407876000124|ALEXANDRE HENRIQUE MACHADO CHAMONE
64388744|70389904|303|02|403996|2021|1|65186835000123|DISTRIBUIDORA IRMAOS SANTANA LTDAEPP
64388745|70389905|303|02|404000|2021|1|11069669000156|FLEXX DISTRIBUIDORA DE ALIMENTOS EIRELI
64388746|70389906|303|02|404019|2021|1|17591262000170|EXATA INDUSTRIA E COMERCIO LTDAEPP
64388747|70389907|303|02|403992|2021|1|04188691000150|REFLEXO GRÁFICA E EDITORA LTDA
64388748|70389908|303|02|404019|2021|1|65353401000170|COMERCIAL VENER LTDA
64388749|70389909|303|02|404017|2021|1|92559830000171|GREEN CARD SA REFEICOES COMERCIO E SERVICOS
64388750|70389910|303|02|404019|2021|1|23605544000182|ESSENZA INDUSTRIA QUIMICA EIRELIME
64388751|70389911|303|02|403996|2021|1|26786353000152|IMPRESS LOCACAO COMERCIO E SERVICOS EIRELI ME
64388752|70389912|303|02|403996|2021|1|65353401000170|COMERCIAL VENER LTDA
64388753|70389913|303|02|404000|2021|1|26786353000152|IMPRESS LOCACAO COMERCIO E SERVICOS EIRELI ME
64388754|70389914|303|02|404010|2021|1|26312888000191|ROSENEIDE DA SILVA 31624995691ME
64388755|70389915|303|02|404010|2021|1|17926188000104|SINTAGMA ZENITE COMERCIO PAPELARIA E ESPORTES LTDA ME
64388756|70389916|303|02|403992|2021|1|17926188000104|SINTAGMA ZENITE COMERCIO PAPELARIA E ESPORTES LTDA ME
64388757|70389917|303|02|404010|2021|1|11069669000156|FLEXX DISTRIBUIDORA DE ALIMENTOS EIRELI
64388758|70389918|303|02|403992|2021|1|92559830000171|GREEN CARD SA REFEICOES COMERCIO E SERVICOS
64388759|70389919|303|02|404000|2021|1|17926188000104|SINTAGMA ZENITE COMERCIO PAPELARIA E ESPORTES LTDA ME
64388760|70389920|303|02|404002|2021|1|04398505000107|CONS OPERTR COL PASS ONIB BH
64388761|70389921|303|02|404006|2021|1|00165960000101|GOVERNANCA BRASIL TEC GESTAO EM SERV LTDA
64388762|70389922|303|02|404002|2021|1|10426715000164|CONSORCIO OTIMO DE BILHETAGEM ELETRONICA
64388763|70389923|303|02|403992|2021|1|00165960000101|GOVERNANCA BRASIL TEC GESTAO EM SERV LTDA
64388764|70389924|303|02|404000|2021|1|06984726000192|ORBIS AMBIENTAL SA
64388765|70389925|303|02|404020|2021|1|18979005000173|EMPRESA TRANSCOL LTDA
64388766|70389926|303|02|404000|2021|1|06981180000116|CEMIG DISTRIBUICAO SA
64388767|70389927|303|02|403991|2021|1|25191800000168|EMPRESA JORNALISTICA OPINIAO LTDA
64388768|70389928|303|02|404000|2021|1|18979005000173|EMPRESA TRANSCOL LTDA
64388769|70389929|303|02|404011|2021|1|10426715000164|CONSORCIO OTIMO DE BILHETAGEM ELETRONICA
64388770|70389930|303|02|404010|2021|1|21353635000142|SMR LXXI SOCIEDADE MÉDICAS REUNIDAS LXXI LTDA
64388771|70389931|303|02|403996|2021|1|18979005000173|EMPRESA TRANSCOL LTDA
64388772|70389932|303|02|404017|2021|1|10426715000164|CONSORCIO OTIMO DE BILHETAGEM ELETRONICA
64388773|70389933|303|02|404017|2021|1|04398505000107|CONS OPERTR COL PASS ONIB BH
64388774|70389934|303|02|404011|2021|1|18979005000173|EMPRESA TRANSCOL LTDA
64388775|70389935|303|02|404000|2021|1|06981180000116|CEMIG DISTRIBUICAO SA
64388776|70389936|303|02|404020|2021|1|10426715000164|CONSORCIO OTIMO DE BILHETAGEM ELETRONICA
64388777|70389937|303|02|403992|2021|1|04398505000107|CONS OPERTR COL PASS ONIB BH
64388778|70389938|303|02|404000|2021|1|04398505000107|CONS OPERTR COL PASS ONIB BH
64388779|70389939|303|02|403996|2021|1|10426715000164|CONSORCIO OTIMO DE BILHETAGEM ELETRONICA
64388780|70389940|303|02|404010|2021|1|18979328000167|SOC CIVIL DE BENEFICÊNCIA CAETEENSE
64388781|70389941|303|02|403992|2021|1|18979005000173|EMPRESA TRANSCOL LTDA
64388782|70389942|303|02|404000|2021|1|00165960000101|GOVERNANCA BRASIL TEC GESTAO EM SERV LTDA
64388783|70389943|303|02|404010|2021|1|18979328000167|SOC CIVIL DE BENEFICÊNCIA CAETEENSE
64388784|70389944|303|02|403999|2021|1|18979005000173|EMPRESA TRANSCOL LTDA
64388785|70389945|303|02|403992|2021|1|10426715000164|CONSORCIO OTIMO DE BILHETAGEM ELETRONICA
64388786|70389946|303|02|403993|2021|1|04398505000107|CONS OPERTR COL PASS ONIB BH
64388787|70389947|303|02|404009|2021|1|573***508**|JOEL MATIAS DOS SANTOS
64388788|70389948|303|02|404010|2021|1|18979328000167|SOC CIVIL DE BENEFICÊNCIA CAETEENSE
64388789|70389949|303|02|404017|2021|1|06981180000116|CEMIG DISTRIBUICAO SA
64388790|70389950|303|02|403992|2021|1|24314643000178|VINSCOL VIACAO NOSSA SENHORA DA CONCEICAO LTDA
64388791|70389951|303|02|404020|2021|1|04398505000107|CONS OPERTR COL PASS ONIB BH
64388792|70389952|303|02|404020|2021|1|18899894000169|CBHOCENTRO BELORIZONTINO DE OFTALMOLOGIA LTDA
64388793|70389953|303|02|404017|2021|1|24314643000178|VINSCOL VIACAO NOSSA SENHORA DA CONCEICAO LTDA
64388794|70389954|303|02|404004|2021|1|18979005000173|EMPRESA TRANSCOL LTDA
64388795|70389955|303|02|404020|2021|1|06981180000116|CEMIG DISTRIBUICAO SA
64388796|70389956|303|02|403996|2021|1|04398505000107|CONS OPERTR COL PASS ONIB BH
64388797|70389957|303|02|403996|2021|1|00165960000101|GOVERNANCA BRASIL TEC GESTAO EM SERV LTDA
64388798|70389958|303|02|404000|2021|1|06981180000116|CEMIG DISTRIBUICAO SA
64388799|70389959|303|02|403996|2021|1|06981180000116|CEMIG DISTRIBUICAO SA
64388800|70389960|303|02|404010|2021|1|38741351000126|ULTRA CENTER LTDA
64388801|70389961|303|02|404010|2021|1|32555784000100|AURO SERGIO PERDIGAO DE BRITO
64388802|70389962|303|02|404010|2021|1|18979328000167|SOC CIVIL DE BENEFICÊNCIA CAETEENSE
64388803|70389963|303|02|403992|2021|1|34028316001509|EMPRESA BRAS CORREIOS E TELEGRAFOS
64388804|70389964|303|02|403993|2021|1|10426715000164|CONSORCIO OTIMO DE BILHETAGEM ELETRONICA
64388805|70389965|303|02|404000|2021|1|06981180000116|CEMIG DISTRIBUICAO SA
64388806|70389966|303|02|404010|2021|1|05549830000196|INSTITUTO DE REUMATOLOGIA E ORTOPEDIA ROCHA LTDA
64388807|70389967|303|02|404017|2021|1|18979005000173|EMPRESA TRANSCOL LTDA
64388808|70389968|303|02|403991|2021|1|18979005000173|EMPRESA TRANSCOL LTDA
64388809|70389969|303|02|403999|2021|1|00165960000101|GOVERNANCA BRASIL TEC GESTAO EM SERV LTDA
64388810|70389970|303|02|404002|2021|1|18979005000173|EMPRESA TRANSCOL LTDA
64388811|70389971|303|02|404011|2021|1|00165960000101|GOVERNANCA BRASIL TEC GESTAO EM SERV LTDA
64388812|70389972|303|02|404000|2021|1|10426715000164|CONSORCIO OTIMO DE BILHETAGEM ELETRONICA
64388813|70389973|303|02|404010|2021|1|97550393000149|CONSORCIO INTERMUNICIPAL ALIANCA SAÚDE CIAS
64388814|70389974|303|02|404010|2021|1|771***936**|AMAURY FONTANA
64388815|70389975|303|02|404010|2021|1|056***276**|SANIA GONTIJO CAMARGOS
64388816|70389976|303|02|404010|2021|1|012***286**|ESPEDITO ILÍDIO DE OLIVEIRA
64388817|70389977|303|02|403991|2021|1|13237191000151|SEC EST DE CASA CIVIL E REL INSTITUCIONAIS
64388818|70389978|303|02|404020|2021|1|14842681000140|MSR EXPRESS MEDICAMENTOS ESPECIAIS LTDA
64388819|70389979|303|02|404020|2021|1|03917863000116|ITABAYANA CLINICA MEDICA EPP
64388820|70389980|303|02|403991|2021|1|20513859000101|AMM ASSOCIACAO MINEIRA DE MUNICIPIOS
64388821|70389981|303|02|404010|2021|1|130***316**|WANDERLEY INACIO FERREIRA
64388822|70389982|303|02|404002|2021|1|19198118000102|EMPRESA DE ASSISTÊNCIA TÉCNICA E EXTENSAO RURAL DO ESTADO DE MINAS GERAIS EMATERMG
64388823|70389983|303|02|404010|2021|1|97550393000149|CONSORCIO INTERMUNICIPAL ALIANCA SAÚDE CIAS
64388824|70389984|303|02|404020|2021|1|10904428000465|SPECIAL PHARMUS COMERCIO DE MEDICAMENTOS LTDA
64388825|70389985|303|02|404008|2021|1|070***106**|OTAVIO AUGUSTO DE FRANCO MACHADO
64388826|70389986|303|02|404010|2021|1|865***416**|ADELAIDE FREIRE BARBOSA
64388827|70389987|303|02|403991|2021|1|18797183000183|GRANBELASS DOS MUNICIPIOS DA REG MET DE BH
64388828|70389988|303|02|404010|2021|1|666***356**|GLADYS CHRISTINA FRANCO DE CASTRO
64388829|70389989|303|02|403991|2021|1|10867871000160|DIARIO SERV DE INTERMEDIACAO EM PUBLICACOES LTDA
64388830|70389990|303|02|404020|2021|1|03917863000116|ITABAYANA CLINICA MEDICA EPP
64388831|70389991|303|02|404010|2021|1|002***956**|ORLANDO EULER DE CASTRO
64388832|70389992|303|02|404010|2021|1|97550393000149|CONSORCIO INTERMUNICIPAL ALIANCA SAÚDE CIAS
64388833|70389993|303|02|404010|2021|1|97550393000149|CONSORCIO INTERMUNICIPAL ALIANCA SAÚDE CIAS
64388834|70389994|303|02|403998|2021|1|766***246**|BERNADETE TANIA DE OLIVEIRA NUNES
64388835|70389995|303|02|403991|2021|1|33000118000330|TELEMAR NORTE LESTE SA
64388836|70389996|303|02|404017|2021|1|00604122000197|TRIVALE ADMINISTRACAO LTDA
64388837|70389997|303|02|404010|2021|1|29013780000196|VISA ELETRO EIRELI ME
64388838|70389998|303|02|404011|2021|1|00604122000197|TRIVALE ADMINISTRACAO LTDA
64388839|70389999|303|02|403991|2021|1|16539054000160|BB TURISMO LTDAME
64388840|70390000|303|02|403991|2021|1|33000118000330|TELEMAR NORTE LESTE SA
64388841|70390001|303|02|404000|2021|1|00604122000197|TRIVALE ADMINISTRACAO LTDA
64388842|70390002|303|02|403992|2021|1|33000118000330|TELEMAR NORTE LESTE SA
64388843|70390003|303|02|403991|2021|1|00604122000197|TRIVALE ADMINISTRACAO LTDA
64388844|70390004|303|02|403991|2021|1|14278276000140|SX TECNOLOGIA E SERVICOS CORPORATIVOS EIRELI ME
64388845|70390005|303|02|403992|2021|1|29013780000196|VISA ELETRO EIRELI ME
64388846|70390006|303|02|404019|2021|1|00604122000197|TRIVALE ADMINISTRACAO LTDA
64388847|70390007|303|02|403992|2021|1|02558157000162|TELEFONICA BRASIL SA
64388848|70390008|303|02|404020|2021|1|33000118000330|TELEMAR NORTE LESTE SA
64388849|70390009|303|02|404017|2021|1|00604122000197|TRIVALE ADMINISTRACAO LTDA
64388850|70390010|303|02|404017|2021|1|33000118000330|TELEMAR NORTE LESTE SA
64388851|70390011|303|02|404018|2021|1|00604122000197|TRIVALE ADMINISTRACAO LTDA
64388852|70390012|303|02|404002|2021|1|00604122000197|TRIVALE ADMINISTRACAO LTDA
64388853|70390013|303|02|404010|2021|1|71251029000194|RV COMERCIO DE PAPEIS LTDA
64388854|70390014|303|02|404019|2021|1|00604122000197|TRIVALE ADMINISTRACAO LTDA
64388855|70390015|303|02|403996|2021|1|33000118000330|TELEMAR NORTE LESTE SA
64388856|70390016|303|02|404000|2021|1|18709903000101|IPE ILUMINACAO E ELETRIFICACAO EIRELI
64388857|70390017|303|02|404002|2021|1|33000118000330|TELEMAR NORTE LESTE SA
64388858|70390018|303|02|404020|2021|1|00604122000197|TRIVALE ADMINISTRACAO LTDA
64388859|70390019|303|02|403998|2021|1|00604122000197|TRIVALE ADMINISTRACAO LTDA
64388860|70390020|303|02|404000|2021|1|71251029000194|RV COMERCIO DE PAPEIS LTDA
64388861|70390021|303|02|403996|2021|1|00604122000197|TRIVALE ADMINISTRACAO LTDA
64388493|70389505|303|02|403991|2021|1|842***946**|LUCAS COELHO FERREIRA
64388494|70389506|303|02|403993|2021|1|21155494000153|CARTÓRIO REGISTRO DE IMÓVEIS DE CAETÉMG
64388495|70389508|303|02|404009|2021|1|01957866000158|R & G MATERIAIS ESPORTIVOS E PAPELARIA EM GERAL
64388496|70389509|303|02|404018|2021|1|00360305000104|CAIXA ECONOMICA FEDERAL
64388497|70389514|303|02|404011|2021|1|29979036000140|INSS INSTITUTO NACIONAL DO SEGURO SOCIAL
64388498|70389518|303|02|404005|2021|1|29979036000140|INSS INSTITUTO NACIONAL DO SEGURO SOCIAL
64388499|70389521|303|02|403992|2021|1|17926188000104|SINTAGMA ZENITE COMERCIO PAPELARIA E ESPORTES LTDA ME
64388500|70389526|303|02|404010|2021|1|29979036000140|INSS INSTITUTO NACIONAL DO SEGURO SOCIAL
64388501|70389527|303|02|404017|2021|1|29979036000140|INSS INSTITUTO NACIONAL DO SEGURO SOCIAL
64388502|70389528|303|02|403992|2021|1|00360305000104|CAIXA ECONOMICA FEDERAL
64388503|70389533|303|02|403993|2021|1|17254509000163|CREAMGCONSELHO REGIONAL DE ENGENHARIA E AGRONOMIA DE MINAS GERAIS
64388504|70389534|303|02|404018|2021|1|29979036000140|INSS INSTITUTO NACIONAL DO SEGURO SOCIAL
64388505|70389537|303|02|404018|2021|1|29979036000140|INSS INSTITUTO NACIONAL DO SEGURO SOCIAL
64388506|70389540|303|02|403993|2021|1|21155478000160|CARTÓRIO 3º OFÍCIO DE NOTAS DE CAETÉ MG
64388507|70389542|303|02|404020|2021|1|29979036000140|INSS INSTITUTO NACIONAL DO SEGURO SOCIAL
64388508|70389543|303|02|403999|2021|1|29979036000140|INSS INSTITUTO NACIONAL DO SEGURO SOCIAL
64388509|70389544|303|02|403992|2021|1|07121505000153|INETSAFE COMÉRCIO DE EQUIPELETRONICOS LTDA
64388510|70389547|303|02|403998|2021|1|29979036000140|INSS INSTITUTO NACIONAL DO SEGURO SOCIAL
64388511|70389548|303|02|404010|2021|1|32661819000196|QUALIS SOLUCOES PARA SAUDE EIRELI
64388512|70389549|303|02|404010|2021|1|18979328000167|SOC CIVIL DE BENEFICÊNCIA CAETEENSE
64388513|70389554|303|02|404018|2021|1|00360305000104|CAIXA ECONOMICA FEDERAL
64388514|70389555|303|02|404000|2021|1|17254509000163|CREAMGCONSELHO REGIONAL DE ENGENHARIA E AGRONOMIA DE MINAS GERAIS
64388515|70389556|303|02|404011|2021|1|71181184000181|DÁRIO HUMBERTO DE MELO CASTROME
64388516|70389558|303|02|404011|2021|1|00000000263362|BANCO DO BRASIL SA
64388517|70389562|303|02|403998|2021|1|00360305000104|CAIXA ECONOMICA FEDERAL
64388518|70389563|303|02|403992|2021|1|540***686**|VICENTE DE PAULA CASSEMIRO DE AQUINO
64388519|70389565|303|02|403998|2021|1|00360305000104|CAIXA ECONOMICA FEDERAL
64388520|70389568|303|02|404004|2021|1|29979036000140|INSS INSTITUTO NACIONAL DO SEGURO SOCIAL
64388521|70389569|303|02|404000|2021|1|03353358000196|MINISTERIO DO DESENVOLVIMENTO REGIONAL
64388522|70389571|303|02|404017|2021|1|00360305000104|CAIXA ECONOMICA FEDERAL
64388523|70389572|303|02|403993|2021|1|20463014000159|CAETE CARTORIO DE REGISTRO DE PROTESTO
64388524|70389573|303|02|404017|2021|1|596***416**|DOUGLAS LEITE CORRADI
64388525|70389574|303|02|403998|2021|1|29979036000140|INSS INSTITUTO NACIONAL DO SEGURO SOCIAL
64388526|70389575|303|02|404009|2021|1|29979036000140|INSS INSTITUTO NACIONAL DO SEGURO SOCIAL
64388527|70389576|303|02|404002|2021|1|00360305000104|CAIXA ECONOMICA FEDERAL
64388528|70389577|303|02|403991|2021|1|00360305000104|CAIXA ECONOMICA FEDERAL
64388529|70389578|303|02|404011|2021|1|049***466**|TIAGO CHAVES ROCHA
64388530|70389579|303|02|403992|2021|1|043***196**|WALACE GERALDO MUNIZ
64388531|70389580|303|02|403991|2021|1|842***946**|LUCAS COELHO FERREIRA
64388532|70389581|303|02|404017|2021|1|29979036000140|INSS INSTITUTO NACIONAL DO SEGURO SOCIAL
64388533|70389582|303|02|404010|2021|1|00874929000140|MED CENTER COMERCIAL LTDA
64388534|70389583|303|02|404010|2021|1|29979036000140|INSS INSTITUTO NACIONAL DO SEGURO SOCIAL
64388535|70389584|303|02|404011|2021|1|067***236**|DANIELE MARIA DE JESUS
64388536|70389587|303|02|404011|2021|1|00360305000104|CAIXA ECONOMICA FEDERAL
64388537|70389588|303|02|404011|2021|1|90400888184286|BANCO SANTANDER SA
64388538|70389593|303|02|404018|2021|1|29979036000140|INSS INSTITUTO NACIONAL DO SEGURO SOCIAL
64388539|70389595|303|02|404011|2021|1|00360305000104|CAIXA ECONOMICA FEDERAL
64388540|70389596|303|02|403998|2021|1|29979036000140|INSS INSTITUTO NACIONAL DO SEGURO SOCIAL
64388541|70389597|303|02|403993|2021|1|29979036000140|INSS INSTITUTO NACIONAL DO SEGURO SOCIAL
64388542|70389602|303|02|403992|2021|1|29979036000140|INSS INSTITUTO NACIONAL DO SEGURO SOCIAL
64388543|70389603|303|02|404018|2021|1|29979036000140|INSS INSTITUTO NACIONAL DO SEGURO SOCIAL
64388544|70389605|303|02|404007|2021|1|00360305000104|CAIXA ECONOMICA FEDERAL
64388545|70389606|303|02|404010|2021|1|00360305000104|CAIXA ECONOMICA FEDERAL
64388546|70389609|303|02|404010|2021|1|00360305000104|CAIXA ECONOMICA FEDERAL
64388547|70389612|303|02|404010|2021|1|01417694000120|DISTRIMIX DISTRIBUIDORA DE MEDICAMENTOS LTDA
64388548|70389613|303|02|404011|2021|1|29979036000140|INSS INSTITUTO NACIONAL DO SEGURO SOCIAL
64388549|70389614|303|02|403992|2021|1|26388732000194|ORTEP SEG ORGANIZACAO TECNICA DE PRECISAO EM SEGURANCA EIRELI
64388550|70389616|303|02|403998|2021|1|00360305000104|CAIXA ECONOMICA FEDERAL
64388551|70389617|303|02|404010|2021|1|29979036000140|INSS INSTITUTO NACIONAL DO SEGURO SOCIAL
64388552|70389618|303|02|403992|2021|1|29979036000140|INSS INSTITUTO NACIONAL DO SEGURO SOCIAL
64388553|70389619|303|02|404000|2021|1|29979036000140|INSS INSTITUTO NACIONAL DO SEGURO SOCIAL
64388554|70389621|303|02|403993|2021|1|01298583000141|TRIBUNAL REGIONAL DO TRABALHO DA 3ª REGIAO
64388555|70389622|303|02|404018|2021|1|29979036000140|INSS INSTITUTO NACIONAL DO SEGURO SOCIAL
64388556|70389623|303|02|404010|2021|1|29979036000140|INSS INSTITUTO NACIONAL DO SEGURO SOCIAL
64388557|70389625|303|02|403992|2021|1|074***265**|SILAS NEVES DA SILVA
64388558|70389626|303|02|404010|2021|1|29979036000140|INSS INSTITUTO NACIONAL DO SEGURO SOCIAL
64388559|70389628|303|02|404017|2021|1|106***296**|MÁRIO DA CONCEICAO SOARES
64388560|70389630|303|02|404020|2021|1|29979036000140|INSS INSTITUTO NACIONAL DO SEGURO SOCIAL
64388561|70389631|303|02|404020|2021|1|16636540000104|CIA TEC DA INFORMACAO DO ESTADO DE MG PRODEMGE
64388562|70389632|303|02|404018|2021|1|29979036000140|INSS INSTITUTO NACIONAL DO SEGURO SOCIAL
64388563|70389633|303|02|404010|2021|1|18979328000167|SOC CIVIL DE BENEFICÊNCIA CAETEENSE
64388564|70389636|303|02|404010|2021|1|18979328000167|SOC CIVIL DE BENEFICÊNCIA CAETEENSE
64388565|70389637|303|02|404017|2021|1|29979036000140|INSS INSTITUTO NACIONAL DO SEGURO SOCIAL
64388566|70389638|303|02|404010|2021|1|29979036000140|INSS INSTITUTO NACIONAL DO SEGURO SOCIAL
64388567|70389639|303|02|404011|2021|1|60701190174609|BANCO ITAU SA
64388568|70389641|303|02|404018|2021|1|29979036000140|INSS INSTITUTO NACIONAL DO SEGURO SOCIAL
64388569|70389644|303|02|403992|2021|1|62958491000135|ANDREI PUBLICACOES MEDICAS FARMACEUTICAS TEC LTDA
64388570|70389645|303|02|403998|2021|1|00360305000104|CAIXA ECONOMICA FEDERAL
64388571|70389646|303|02|403999|2021|1|00360305000104|CAIXA ECONOMICA FEDERAL
64388572|70389649|303|02|404018|2021|1|29979036000140|INSS INSTITUTO NACIONAL DO SEGURO SOCIAL
64388573|70389650|303|02|404010|2021|1|42768283000166|MCJ ASSESSORIA HOSPITALAR E INFORMÁTICA LTDA
64388574|70389651|303|02|403998|2021|1|29979036000140|INSS INSTITUTO NACIONAL DO SEGURO SOCIAL
64388575|70389652|303|02|404017|2021|1|092***716**|IURI FRANCISCO DE PAULA ALVES
64388576|70389653|303|02|404017|2021|1|00360305000104|CAIXA ECONOMICA FEDERAL
64388577|70389654|303|02|403993|2021|1|00360305000104|CAIXA ECONOMICA FEDERAL
64388578|70389655|303|02|404010|2021|1|29979036000140|INSS INSTITUTO NACIONAL DO SEGURO SOCIAL
64388579|70389656|303|02|403996|2021|1|00360305000104|CAIXA ECONOMICA FEDERAL
64388580|70389657|303|02|404017|2021|1|798***391**|RODRIGO MIRANDA LIMA
64388581|70389658|303|02|403992|2021|1|61198164000160|PORTO SEGURO CIA DE SEGUROS GERAIS
64388582|70389660|303|02|403998|2021|1|00360305000104|CAIXA ECONOMICA FEDERAL
64388583|70389661|303|02|403992|2021|1|52704921000139|SIMPRO PUBLICACOES E TELEPROCESSAMENTO LTDA
64388584|70389662|303|02|404010|2021|1|29979036000140|INSS INSTITUTO NACIONAL DO SEGURO SOCIAL
64388585|70389665|303|02|404010|2021|1|00360305000104|CAIXA ECONOMICA FEDERAL
64388586|70389668|303|02|404017|2021|1|29979036000140|INSS INSTITUTO NACIONAL DO SEGURO SOCIAL
64388587|70389669|303|02|404000|2021|1|00360305000104|CAIXA ECONOMICA FEDERAL
64388588|70389671|303|02|404018|2021|1|00360305000104|CAIXA ECONOMICA FEDERAL
64388589|70389672|303|02|404006|2021|1|29979036000140|INSS INSTITUTO NACIONAL DO SEGURO SOCIAL
64388590|70389673|303|02|403992|2021|1|25897729000133|BELCLIPS DISTRIBUIDORA LTDA
64388591|70389674|303|02|404018|2021|1|00360305000104|CAIXA ECONOMICA FEDERAL
64388592|70389675|303|02|403992|2021|1|05684180000191|COMPANHIA ITABIRANA DE TELECOMUNICACOES LTDA
64388593|70389676|303|02|404017|2021|1|039***756**|JOSYMAR DE OLIVEIRA SANTOS
64388594|70389678|303|02|404017|2021|1|138***786**|FELIPE AUGUSTO GONCALVES
64388595|70389685|303|02|404010|2021|1|29979036000140|INSS INSTITUTO NACIONAL DO SEGURO SOCIAL
64388596|70389686|303|02|404017|2021|1|29979036000140|INSS INSTITUTO NACIONAL DO SEGURO SOCIAL
64388597|70389690|303|02|404018|2021|1|00360305000104|CAIXA ECONOMICA FEDERAL
64388598|70389691|303|02|404002|2021|1|29979036000140|INSS INSTITUTO NACIONAL DO SEGURO SOCIAL
64388599|70389692|303|02|404010|2021|1|00360305000104|CAIXA ECONOMICA FEDERAL
64388600|70389693|303|02|404010|2021|1|00360305000104|CAIXA ECONOMICA FEDERAL
64388601|70389694|303|02|403998|2021|1|11179644000105|KRETZER & COELHO DE ORGANIZACAO DE FEIRAS LTDA
64388602|70389696|303|02|404017|2021|1|798***391**|RODRIGO MIRANDA LIMA
64388603|70389697|303|02|404017|2021|1|00360305000104|CAIXA ECONOMICA FEDERAL
64388604|70389700|303|02|404017|2021|1|29979036000140|INSS INSTITUTO NACIONAL DO SEGURO SOCIAL
64388605|70389703|303|02|403998|2021|1|081***916**|JOSIRLENE DUARTE DA SILVA
64388606|70389704|303|02|404007|2021|1|29979036000140|INSS INSTITUTO NACIONAL DO SEGURO SOCIAL
64388607|70389706|303|02|403993|2021|1|21154554000113|TRIBUNAL DE JUSTICA DE MINAS GERAIS
68556044|74954776|302|01|404013|2021|1|17155730000164|COMPANHIA ENERGETICA DE MG-CEMIG
68556045|74954778|302|01|404013|2021|1|037***476**|ELIENE FERREIRA ARAUJO
68556046|74954779|302|01|404013|2021|1|29979036000140|INSTITUTO NACIONAL DO SEGURO SOCIAL
68556047|74954780|302|01|404013|2021|1|29979036000140|INSTITUTO NACIONAL DO SEGURO SOCIAL
68556048|74954781|302|01|404013|2021|1|035***006**|DIEMERSON NEVES PORTO
68556049|74954782|302|01|404013|2021|1|29979036000140|INSTITUTO NACIONAL DO SEGURO SOCIAL
68556050|74954784|302|01|404013|2021|1|19893791000154|SERVICO AUTONOMO DE AGUA E ESGOTO
68556051|74954785|302|01|404013|2021|1|23250713000109|CERTIDIGI CERTIFICADO DIGITAL E SEGURANCA DA INFORMAÇÃO LTDA -EPP
68556052|74954786|302|01|404013|2021|1|33959510000140|FLAVIO RODRIGUES OLIVEIRA
68556053|74954787|302|01|404013|2021|1|077***256**|SERGIO FERREIRA DOS SANTOS
68556054|74954788|302|01|404013|2021|1|17926188000104|SINTAGMA ZENITE COMERCIO, PAPELARIA E ESPORTES LTDA
68556055|74954789|302|01|404013|2021|1|17926188000104|SINTAGMA ZENITE COMERCIO, PAPELARIA E ESPORTES LTDA
68556056|74954790|302|01|404013|2021|1|33000118000179|TELEMAR NORTE LESTE S/A. - EM RECUPERACAO JUDICIAL
68556057|74954791|302|01|404013|2021|1|33000118000179|TELEMAR NORTE LESTE S/A. - EM RECUPERACAO JUDICIAL
68556058|74954793|302|01|404013|2021|1|33000118000179|TELEMAR NORTE LESTE S/A. - EM RECUPERACAO JUDICIAL
68556059|74954795|302|01|404013|2021|1|17155730000164|COMPANHIA ENERGETICA DE MG-CEMIG
68556060|74954796|302|01|404013|2021|1|29979036000140|INSTITUTO NACIONAL DO SEGURO SOCIAL
68556061|74954797|302|01|404013|2021|1|02915196000170|HLH ASSESSORIA E CONSULTORIA LTDA
68556062|74954798|302|01|404013|2021|1|02915196000170|HLH ASSESSORIA E CONSULTORIA LTDA
68556063|74954799|302|01|404013|2021|1|92559830000171|GREEN CARD SA REFEICOES COMERCIO E SERVICOS
68556064|74954800|302|01|404013|2021|1|92559830000171|GREEN CARD SA REFEICOES COMERCIO E SERVICOS
68556065|74954801|302|01|404013|2021|1|09025241000160|MONITORA SEGURANÇA ELETRONICA LTDAME
68556066|74954802|302|01|404013|2021|1|25191800000168|EMPRESA JORNALISTICA OPINIAO LTDA.
68556067|74954803|302|01|404013|2021|1|92559830000171|GREEN CARD SA REFEICOES COMERCIO E SERVICOS
68556068|74954804|302|01|404013|2021|1|07051313000118|ACTCON COMERCIO DE PRODUTOS DE INFORMATICA LTDA
68556069|74954805|302|01|404013|2021|1|02558157000162|TELEFONICA BRASIL S.A.
68556070|74954806|302|01|404013|2021|1|05684180000191|COMPANHIA ITABIRANA DE TELECOMUNICACOES LTDA
68556071|74954807|302|01|404013|2021|1|18979005000173|EMPRESA TRANSCOL LTDA
68556072|74954808|302|01|404013|2021|1|13237191000151|SEC.ESTADO DE CASA CIVIL E RELACOES INSTITUCIONAIS
68556073|74954809|302|01|404013|2021|1|10426715000164|CONSORCIO OTIMO DE BILHETAGEM ELETRONICA
68556074|74954810|302|01|404013|2021|1|18979005000173|EMPRESA TRANSCOL LTDA
68556075|74954811|302|01|404013|2021|1|18979005000173|EMPRESA TRANSCOL LTDA
68556076|74954812|302|01|404013|2021|1|19775052000168|SUPREMA TECNOLOGIA LTDA - ME
68556077|74954813|302|01|404013|2021|1|067***526**|GODOFREDO GERALDO SANTIAGO JUNIOR
68556078|74954814|302|01|404013|2021|1|024***076**|JESUS ALVARES
68556031|74954760|302|01|404013|2021|1|19893791000154|SERVICO AUTONOMO DE AGUA E ESGOTO
68556032|74954762|302|01|404013|2021|1|17926188000104|SINTAGMA ZENITE COMERCIO, PAPELARIA E ESPORTES LTDA
68556033|74954763|302|01|404013|2021|1|10426715000164|CONSORCIO OTIMO DE BILHETAGEM ELETRONICA
68556034|74954764|302|01|404013|2021|1|012***716**|ROBERT OLIVEIRA PEIXOTO DE MELO
68556035|74954765|302|01|404013|2021|1|29979036000140|INSTITUTO NACIONAL DO SEGURO SOCIAL
68556036|74954766|302|01|404013|2021|1|31204052000103|OTAVIO AUGUSTO SOARES 11986990605
68556037|74954767|302|01|404013|2021|1|29979036000140|INSTITUTO NACIONAL DO SEGURO SOCIAL
68556038|74954768|302|01|404013|2021|1|00360305000104|CAIXA E.FEDERAL
68556039|74954769|302|01|404013|2021|1|27287226000171|SNAP INFORMATICA LTDA
68556040|74954771|302|01|404013|2021|1|00360305000104|CAIXA E.FEDERAL
68556041|74954772|302|01|404013|2021|1|34028316001509|EMPRESA BRASILEIRA CORR. TELEGRAFOS
68556042|74954774|302|01|404013|2021|1|21294654000145|CID NAZARETH SANTIAGO
68556043|74954775|302|01|404013|2021|1|61198164000160|PORTO SEGURO CIA DE SEGUROS GERAIS
68556079|74954815|302|01|404013|2021|2|42784496000181|CENTROMED- CENTRO MEDICO LTDA.
68556080|74954816|302|01|404013|2021|2|40729749000199|ALEXANDER RODRIGUES DE OLIVEIRA 04264439698
68556081|74954818|302|01|404013|2021|2|29979036000140|INSTITUTO NACIONAL DO SEGURO SOCIAL
68556082|74954821|302|01|404013|2021|2|29979036000140|INSTITUTO NACIONAL DO SEGURO SOCIAL
68556083|74954822|302|01|404013|2021|2|035***006**|DIEMERSON NEVES PORTO
68556084|74954823|302|01|404013|2021|2|29979036000140|INSTITUTO NACIONAL DO SEGURO SOCIAL
68556085|74954824|302|01|404013|2021|2|11983535000146|RENOVA CHINA EIRELI
68556086|74954827|302|01|404013|2021|2|29979036000140|INSTITUTO NACIONAL DO SEGURO SOCIAL
68556087|74954830|302|01|404013|2021|2|61198164000160|PORTO SEGURO CIA DE SEGUROS GERAIS
68556088|74954831|302|01|404013|2021|2|29979036000140|INSTITUTO NACIONAL DO SEGURO SOCIAL
68556089|74954834|302|01|404013|2021|2|00360305000104|CAIXA E.FEDERAL
68556090|74954836|302|01|404013|2021|2|913***386**|JADSON BONSUCESSO RODRIGUES
68556091|74954838|302|01|404013|2021|2|29979036000140|INSTITUTO NACIONAL DO SEGURO SOCIAL
68556092|74954839|302|01|404013|2021|2|18976811000279|JESU CAETANO FONSECA
68556093|74954840|302|01|404013|2021|2|92559830000171|GREEN CARD SA REFEICOES COMERCIO E SERVICOS
68556094|74954841|302|01|404013|2021|2|92559830000171|GREEN CARD SA REFEICOES COMERCIO E SERVICOS
68556095|74954842|302|01|404013|2021|2|92559830000171|GREEN CARD SA REFEICOES COMERCIO E SERVICOS
68556096|74954844|302|01|404013|2021|3|23110158000110|PISA VEICULOS LTDA
68556097|74954846|302|01|404013|2021|3|29979036000140|INSTITUTO NACIONAL DO SEGURO SOCIAL
68556098|74954847|302|01|404013|2021|3|17171612000735|CARBEL SA
68556099|74954848|302|01|404013|2021|3|29979036000140|INSTITUTO NACIONAL DO SEGURO SOCIAL
68556100|74954849|302|01|404013|2021|3|00360305000104|CAIXA E.FEDERAL
68556101|74954850|302|01|404013|2021|3|17171612000735|CARBEL SA
68556102|74954852|302|01|404013|2021|3|17171612000735|CARBEL SA
68556103|74954854|302|01|404013|2021|3|29979036000140|INSTITUTO NACIONAL DO SEGURO SOCIAL
68556104|74954857|302|01|404013|2021|3|24313971000150|VANESSA JORDÃO CARREIRA RAIUMUNDO 70444145672
68556105|74954858|302|01|404013|2021|3|17171612000735|CARBEL SA
68556106|74954859|302|01|404013|2021|3|23110158000110|PISA VEICULOS LTDA
68556107|74954860|302|01|404013|2021|3|00360305000104|CAIXA E.FEDERAL
68556108|74954862|302|01|404013|2021|3|23110158000110|PISA VEICULOS LTDA
68556109|74954863|302|01|404013|2021|3|36704076000145|CLEVERSON GRAFICA DIGITAL LTDA
68556110|74954865|302|01|404013|2021|3|29979036000140|INSTITUTO NACIONAL DO SEGURO SOCIAL
68556111|74954866|302|01|404013|2021|3|024***076**|JESUS ALVARES
68556112|74954867|302|01|404013|2021|4|16539054000160|BB TURISMO LTDA
68556113|74954868|302|01|404013|2021|4|13106721000122|GETULIO ISIDORIO MARTINS
68556114|74954869|302|01|404013|2021|4|064***326**|FABIO LUCIO FERNANDES REIS
68556115|74954871|302|01|404013|2021|4|043***986**|FERNANDO SILVA DE ALMEIDA
68556116|74954872|302|01|404013|2021|4|29979036000140|INSTITUTO NACIONAL DO SEGURO SOCIAL
68556117|74954873|302|01|404013|2021|4|00394460005887|SECRETARIA DA RECEITA FEDERAL DO BRASIL
68556118|74954875|302|01|404013|2021|4|29979036000140|INSTITUTO NACIONAL DO SEGURO SOCIAL
68556119|74954879|302|01|404013|2021|4|29979036000140|INSTITUTO NACIONAL DO SEGURO SOCIAL
68556120|74954880|302|01|404013|2021|4|00360305000104|CAIXA E.FEDERAL
68556121|74954881|302|01|404013|2021|4|16539054000160|BB TURISMO LTDA
68556122|74954883|302|01|404013|2021|4|01186098000186|METALCOURO INDUSTRIA E COMERCIO EIRELI
68556123|74954884|302|01|404013|2021|4|29979036000140|INSTITUTO NACIONAL DO SEGURO SOCIAL
68556124|74954887|302|01|404013|2021|4|01186098000186|METALCOURO INDUSTRIA E COMERCIO EIRELI
68556125|74954888|302|01|404013|2021|4|11963458000162|LEONARDO FILOMENO
68556126|74954889|302|01|404013|2021|4|11963458000162|LEONARDO FILOMENO
68556127|74954890|302|01|404013|2021|4|11963458000162|LEONARDO FILOMENO
68556128|74954891|302|01|404013|2021|4|11963458000162|LEONARDO FILOMENO
67605485|73910855|304|03|404015|2021|2|60701190000104|BANCO ITAU SA
67605486|73910857|304|03|404015|2021|2|29979036044946|INSTITUTO NACIONAL DO SEGURO SOCIAL
67605487|73910858|304|03|404015|2021|2|29979036044946|INSTITUTO NACIONAL DO SEGURO SOCIAL
67605488|73910860|304|03|404015|2021|2|18715615000160|FUNDO DE GARANTIA POR TEMPO DE SERVICO
67605489|73910861|304|03|404015|2021|2|18979005000173|EMPRESA TRANSCOL LTDA
67605490|73910864|304|03|404015|2021|2|29979036044946|INSTITUTO NACIONAL DO SEGURO SOCIAL
67605491|73910865|304|03|404015|2021|2|18715615000160|FUNDO DE GARANTIA POR TEMPO DE SERVICO
67605492|73910866|304|03|404015|2021|2|18715615000160|FUNDO DE GARANTIA POR TEMPO DE SERVICO
67605493|73910868|304|03|404015|2021|2|05541928000105|A PONTO RAPIDO EIRELI-EPP
67605494|73910869|304|03|404015|2021|2|20232336000197|MAPEL-MAQUINAS E ARTIGOS PARA ESCRITORIO LTDA-ME
67605495|73910870|304|03|404015|2021|2|29979036044946|INSTITUTO NACIONAL DO SEGURO SOCIAL
67605496|73910871|304|03|404015|2021|2|00000000000191|BANCO DO BRASIL-RECEITA FEDERAL-IRRF
67605497|73910876|304|03|404015|2021|2|90400888000142|BANCO SANTANDER (BRASIL) SA
67605498|73910877|304|03|404015|2021|2|23250713000109|CERTIDIGI CERT DIGITAL E SEG DA INFORMACAO LTDA
67605499|73910881|304|03|404015|2021|2|18715615000160|FUNDO DE GARANTIA POR TEMPO DE SERVICO
67605500|73910882|304|03|404015|2021|2|00360305000104|CAIXA ECONOMICA FEDERAL
67605501|73910883|304|03|404015|2021|2|18715615000160|FUNDO DE GARANTIA POR TEMPO DE SERVICO
67605502|73910884|304|03|404015|2021|2|32835618000168|SIMONE ANTONIA MARQUES BRAGA 84704730697
67605503|73910885|304|03|404015|2021|2|18979005000173|EMPRESA TRANSCOL LTDA
67605504|73910888|304|03|404015|2021|2|18979005000173|EMPRESA TRANSCOL LTDA
67605505|73910890|304|03|404015|2021|2|06981180000116|CEMIG DISTRIBUICAO S.A
67605506|73910893|304|03|404015|2021|2|00000000000191|BANCO DO BRASIL-RECEITA FEDERAL-IRRF
67605507|73910894|304|03|404015|2021|2|29979036044946|INSTITUTO NACIONAL DO SEGURO SOCIAL
67605508|73910895|304|03|404015|2021|2|11849606000112|MARCIO NAZARET AMARO
67605509|73910896|304|03|404015|2021|2|30968913000167|WENDERSON SILVA PEIXOTO DE MELLO-ME
67605510|73910897|304|03|404015|2021|2|25191800000168|EMPRESA JORNALISTICA OPINIAO LTDA
67605511|73910898|304|03|404015|2021|2|00165960000101|GOVERNANCABRASIL SA TECNOL. E GESTAO DE SERVICOS
67605512|73910899|304|03|404015|2021|2|06981180000116|CEMIG DISTRIBUICAO S.A
73819479|80720279|305|04|404016|2021|10|00165960000101|GOVERNANCABRASIL SA TEC E GESTAO EM SERVICOS
73819480|80720280|305|04|404016|2021|10|00360305000104|FGTS
73819481|80720282|305|04|404016|2021|10|29979036000140|INSS
73819482|80720283|305|04|404016|2021|10|16996097000174|GERALDO MAGELATORRES 37356992604
72558082|79351736|306|05|404014|2021|9|11731266000120|SILVALENE FERREIRA
72558083|79351738|306|05|404014|2021|9|29979036000140|INSTITUTO NACIONAL DO SEGURO SOCIAL
72558084|79351742|306|05|404014|2021|9|33530486013883|EMBRATEL
72558085|79351744|306|05|404014|2021|9|00360305000104|FGTS
72558086|79351745|306|05|404014|2021|9|00394460005887|SECRETARIA DA RECEITA FEDERAL DO BRASIL
72558087|79351746|306|05|404014|2021|9|29979036000140|INSTITUTO NACIONAL DO SEGURO SOCIAL
72558088|79351747|306|05|404014|2021|9|29979036000140|INSTITUTO NACIONAL DO SEGURO SOCIAL
72558089|79351748|306|05|404014|2021|9|29979036000140|INSTITUTO NACIONAL DO SEGURO SOCIAL
72558090|79351749|306|05|404014|2021|9|29979036000140|INSTITUTO NACIONAL DO SEGURO SOCIAL
72558091|79351750|306|05|404014|2021|9|29979036000140|INSTITUTO NACIONAL DO SEGURO SOCIAL
72558092|79351751|306|05|404014|2021|9|20270047000344|ORGANIZACOES JF MERCANTIL LTDA
72558093|79351753|306|05|404014|2021|9|29979036000140|INSTITUTO NACIONAL DO SEGURO SOCIAL
72558094|79351755|306|05|404014|2021|9|00360305000104|FGTS
72558095|79351759|306|05|404014|2021|9|00360305000104|FGTS
72558096|79351760|306|05|404014|2021|9|29979036000140|INSTITUTO NACIONAL DO SEGURO SOCIAL
72558097|79351761|306|05|404014|2021|9|14151433000152|ACOFERRO INDUSTRIA E COMERCIO LTDA ME
72558098|79351762|306|05|404014|2021|9|14151433000152|ACOFERRO INDUSTRIA E COMERCIO LTDA ME
72558099|79351764|306|05|404014|2021|9|03912628000151|SANDRA GERALDA AMORIM ME
67804072|74128822|304|03|404015|2021|3|05541928000105|A PONTO RAPIDO EIRELI-EPP
67804073|74128823|304|03|404015|2021|3|14644274000128|ROSIMEIRE RODRIGUES ALVES VIEIRA
67804074|74128824|304|03|404015|2021|3|18715615000160|FUNDO DE GARANTIA POR TEMPO DE SERVICO
67804075|74128825|304|03|404015|2021|3|00000000000191|BANCO DO BRASIL-RECEITA FEDERAL-IRRF
67804076|74128826|304|03|404015|2021|3|14644274000128|ROSIMEIRE RODRIGUES ALVES VIEIRA
67804077|74128827|304|03|404015|2021|3|18979005000173|EMPRESA TRANSCOL LTDA
67804078|74128828|304|03|404015|2021|3|18715615000160|FUNDO DE GARANTIA POR TEMPO DE SERVICO
67804079|74128830|304|03|404015|2021|3|90400888000142|BANCO SANTANDER (BRASIL) SA
67804080|74128831|304|03|404015|2021|3|18715615000160|FUNDO DE GARANTIA POR TEMPO DE SERVICO
67804081|74128832|304|03|404015|2021|3|14644274000128|ROSIMEIRE RODRIGUES ALVES VIEIRA
67804082|74128833|304|03|404015|2021|3|18979005000173|EMPRESA TRANSCOL LTDA
67804083|74128836|304|03|404015|2021|3|30968913000167|WENDERSON SILVA PEIXOTO DE MELLO-ME
67804084|74128837|304|03|404015|2021|3|10532822000177|ACADEMIA DE GESTAO PUBLICA SA
67804085|74128840|304|03|404015|2021|3|00360305000104|CAIXA ECONOMICA FEDERAL
67804086|74128841|304|03|404015|2021|3|18979005000173|EMPRESA TRANSCOL LTDA
67804087|74128842|304|03|404015|2021|3|18979005000173|EMPRESA TRANSCOL LTDA
67804088|74128845|304|03|404015|2021|3|60701190000104|BANCO ITAU SA
67804089|74128847|304|03|404015|2021|3|29979036044946|INSTITUTO NACIONAL DO SEGURO SOCIAL
67804090|74128848|304|03|404015|2021|3|00000000000191|BANCO DO BRASIL-RECEITA FEDERAL-IRRF
67804091|74128850|304|03|404015|2021|3|29979036044946|INSTITUTO NACIONAL DO SEGURO SOCIAL
67804092|74128852|304|03|404015|2021|3|29979036044946|INSTITUTO NACIONAL DO SEGURO SOCIAL
67804093|74128853|304|03|404015|2021|3|05049369000102|MATOS & SILVA, TRANSPORTES,COM. E SERVICOS LTDA
67804094|74128854|304|03|404015|2021|3|41952235000160|SUL AMERICA ENGENHARIA LTDA.
67804095|74128855|304|03|404015|2021|3|10558226000166|LOKARFLEX LOCADORA DE VEICULOS LTDA-ME
67804096|74128856|304|03|404015|2021|3|41952235000160|SUL AMERICA ENGENHARIA LTDA.
67804097|74128857|304|03|404015|2021|3|02628117000140|JARBAS SEBASTIAO DOS REIS-ME
67804098|74128858|304|03|404015|2021|3|11849606000112|MARCIO NAZARET AMARO
67804099|74128859|304|03|404015|2021|3|02628117000140|JARBAS SEBASTIAO DOS REIS-ME
67804100|74128860|304|03|404015|2021|3|10558226000166|LOKARFLEX LOCADORA DE VEICULOS LTDA-ME
67804101|74128861|304|03|404015|2021|3|21587809000131|MR DESENTUPIDORA LTDA-ME
67804102|74128862|304|03|404015|2021|3|41952235000160|SUL AMERICA ENGENHARIA LTDA.
67804103|74128863|304|03|404015|2021|3|02628117000140|JARBAS SEBASTIAO DOS REIS-ME
67804104|74128864|304|03|404015|2021|3|02628117000140|JARBAS SEBASTIAO DOS REIS-ME
67804105|74128865|304|03|404015|2021|3|23314651000151|ORGANIZACAO EMY LTDA-EPP
67804106|74128866|304|03|404015|2021|3|05340639000130|PRIME CONSULTORIA E ASSESSORIA EMPRESARIAL LTDANI
67804107|74128867|304|03|404015|2021|3|10558226000166|LOKARFLEX LOCADORA DE VEICULOS LTDA-ME
67804108|74128868|304|03|404015|2021|3|41952235000160|SUL AMERICA ENGENHARIA LTDA.
67804109|74128869|304|03|404015|2021|3|02628117000140|JARBAS SEBASTIAO DOS REIS-ME
67804110|74128870|304|03|404015|2021|3|19525278000372|BAUMINAS QUIMICA SA FILIAL
67804111|74128871|304|03|404015|2021|3|00165960000101|GOVERNANCABRASIL SA TECNOL. E GESTAO DE SERVICOS
67804112|74128872|304|03|404015|2021|3|17926188000104|SINTAGMA ZENITE COMER.PAPELARIA E ESPORTES LTDA-ME
67804113|74128873|304|03|404015|2021|3|01963440000107|MC MEDICINA E CONSULTORIA OCUPACIONAL LTDA - EPP.
67804114|74128874|304|03|404015|2021|3|11849606000112|MARCIO NAZARET AMARO
67804115|74128875|304|03|404015|2021|3|05049369000102|MATOS & SILVA, TRANSPORTES,COM. E SERVICOS LTDA
67804116|74128876|304|03|404015|2021|3|02628117000140|JARBAS SEBASTIAO DOS REIS-ME
67804117|74128877|304|03|404015|2021|3|05340639000130|PRIME CONSULTORIA E ASSESSORIA EMPRESARIAL LTDANI
67804118|74128878|304|03|404015|2021|3|02628117000140|JARBAS SEBASTIAO DOS REIS-ME
67804119|74128879|304|03|404015|2021|3|25191800000168|EMPRESA JORNALISTICA OPINIAO LTDA
67804120|74128880|304|03|404015|2021|3|02628117000140|JARBAS SEBASTIAO DOS REIS-ME
67804121|74128881|304|03|404015|2021|3|02628117000140|JARBAS SEBASTIAO DOS REIS-ME
67804122|74128882|304|03|404015|2021|3|23314651000151|ORGANIZACAO EMY LTDA-EPP
67804123|74128883|304|03|404015|2021|3|05049369000102|MATOS & SILVA, TRANSPORTES,COM. E SERVICOS LTDA
67804124|74128884|304|03|404015|2021|3|05049369000102|MATOS & SILVA, TRANSPORTES,COM. E SERVICOS LTDA
67804125|74128885|304|03|404015|2021|3|04817485000161|BPD SERVICOS DE PROCESSAMENTO DE DADOS
67804126|74128886|304|03|404015|2021|3|21587809000131|MR DESENTUPIDORA LTDA-ME
67804127|74128887|304|03|404015|2021|3|05340639000130|PRIME CONSULTORIA E ASSESSORIA EMPRESARIAL LTDANI
67804128|74128888|304|03|404015|2021|3|26756847000194|BECHELENI & LIMA SOCIEDADE DE ADVOGADOS
67804129|74128889|304|03|404015|2021|3|06981180000116|CEMIG DISTRIBUICAO S.A
67804130|74128890|304|03|404015|2021|3|29482268000199|RODRIGO ISABEL SERGIO
73594428|80477639|302|01|404013|2021|10|17171612000735|CARBEL SA
73594429|80477640|302|01|404013|2021|10|08369442000111|C & C CONTROLE DE PONTO E ACESSO LTDA
73594430|80477641|302|01|404013|2021|10|29979036000140|INSTITUTO NACIONAL DO SEGURO SOCIAL
73594431|80477643|302|01|404013|2021|10|08369442000111|C & C CONTROLE DE PONTO E ACESSO LTDA
73594432|80477648|302|01|404013|2021|10|29979036000140|INSTITUTO NACIONAL DO SEGURO SOCIAL
73594433|80477654|302|01|404013|2021|10|00360305000104|CAIXA E.FEDERAL
73594434|80477657|302|01|404013|2021|10|23936211000136|ACESSO CARD - CONTROLE DE ACESSO EIRELI
73594435|80477658|302|01|404013|2021|10|17171612000735|CARBEL SA
73594436|80477659|302|01|404013|2021|10|29979036000140|INSTITUTO NACIONAL DO SEGURO SOCIAL
73594437|80477665|302|01|404013|2021|10|00360305000104|CAIXA E.FEDERAL
73594438|80477667|302|01|404013|2021|10|25191800000168|EMPRESA JORNALISTICA OPINIAO LTDA.
73594439|80477669|302|01|404013|2021|10|61198164000160|PORTO SEGURO CIA DE SEGUROS GERAIS
73594440|80477670|302|01|404013|2021|10|00360305000104|CAIXA E.FEDERAL
73594441|80477671|302|01|404013|2021|10|29979036000140|INSTITUTO NACIONAL DO SEGURO SOCIAL
62806180|68611078|306|05|404014|2021|1|92559830000171|GREEN CARD SA REFEICOES COMÉRCIO E SERVICOS
62806181|68611079|306|05|404014|2021|1|30120779000140|CELSO BATISTA PINTO
62806182|68611080|306|05|404014|2021|1|20270047000344|ORGANIZACOES JF MERCANTIL LTDA
62806159|68611053|306|05|404014|2021|1|29979036000140|INSTITUTO NACIONAL DO SEGURO SOCIAL
62806160|68611054|306|05|404014|2021|1|00385947000168|ANGELO JOSÉ ESQUÁRCIO ME
62806161|68611055|306|05|404014|2021|1|00165960000101|GOVERNANCA BRASIL SA TECNOLOGIA E GESTAO EM SERVI
62806162|68611056|306|05|404014|2021|1|00165960000101|GOVERNANCA BRASIL SA TECNOLOGIA E GESTAO EM SERVI
62806163|68611057|306|05|404014|2021|1|00360305144106|CAIXA ECONOMICA FEDERAL
62806164|68611058|306|05|404014|2021|1|00394460005887|SECRETARIA DA RECEITA FEDERAL DO BRASIL
62806165|68611059|306|05|404014|2021|1|29979036000140|INSTITUTO NACIONAL DO SEGURO SOCIAL
62806166|68611060|306|05|404014|2021|1|29979036000140|INSTITUTO NACIONAL DO SEGURO SOCIAL
62806167|68611062|306|05|404014|2021|1|29979036000140|INSTITUTO NACIONAL DO SEGURO SOCIAL
62806168|68611063|306|05|404014|2021|1|33530486013883|EMBRATEL
62806169|68611065|306|05|404014|2021|1|33000118000330|TELEMAR NORTE LESTE SA
62806170|68611067|306|05|404014|2021|1|29979036000140|INSTITUTO NACIONAL DO SEGURO SOCIAL
62806171|68611068|306|05|404014|2021|1|00360305000104|FGTS
62806172|68611070|306|05|404014|2021|1|29979036000140|INSTITUTO NACIONAL DO SEGURO SOCIAL
62806173|68611071|306|05|404014|2021|1|29979036000140|INSTITUTO NACIONAL DO SEGURO SOCIAL
62806174|68611072|306|05|404014|2021|1|06889156000151|JQC COUTO CONSTRUCOES EPP
62806175|68611073|306|05|404014|2021|1|29979036000140|INSTITUTO NACIONAL DO SEGURO SOCIAL
62806176|68611074|306|05|404014|2021|1|00360305144106|CAIXA ECONOMICA FEDERAL
62806177|68611075|306|05|404014|2021|1|06981180000116|CEMIG DISTRIBUICAO SA
62806178|68611076|306|05|404014|2021|1|17578748000179|MICHELLE PEREIRA FRANCO PEDROSO
62806179|68611077|306|05|404014|2021|1|05684180000191|COMPANHIA ITABIRANA DE TELECOMUNICACOES LTDA
74675560|81669914|305|04|404016|2021|11|29979036000140|INSS
74675561|81669915|305|04|404016|2021|11|00360305000104|FGTS
74824205|81829318|306|05|404014|2021|11|29979036000140|INSTITUTO NACIONAL DO SEGURO SOCIAL
74824206|81829320|306|05|404014|2021|11|31748174000675|LAFAIETE PROVEDOR DE INTERNET E TELECOMUNICACOES
74824207|81829322|306|05|404014|2021|11|00360305144106|CAIXA ECONOMICA FEDERAL
74824208|81829323|306|05|404014|2021|11|29979036000140|INSTITUTO NACIONAL DO SEGURO SOCIAL
74824209|81829324|306|05|404014|2021|11|00394460005887|SECRETARIA DA RECEITA FEDERAL DO BRASIL
74824210|81829325|306|05|404014|2021|11|29979036000140|INSTITUTO NACIONAL DO SEGURO SOCIAL
74824211|81829326|306|05|404014|2021|11|29979036000140|INSTITUTO NACIONAL DO SEGURO SOCIAL
74824212|81829327|306|05|404014|2021|11|29979036000140|INSTITUTO NACIONAL DO SEGURO SOCIAL
74824213|81829328|306|05|404014|2021|11|29979036000140|INSTITUTO NACIONAL DO SEGURO SOCIAL
74824214|81829329|306|05|404014|2021|11|29979036000140|INSTITUTO NACIONAL DO SEGURO SOCIAL
74824215|81829333|306|05|404014|2021|11|43461229000136|DANIELA CAMARGO DA SILVA
74824216|81829336|306|05|404014|2021|11|29979036000140|INSTITUTO NACIONAL DO SEGURO SOCIAL
74824217|81829337|306|05|404014|2021|11|29979036000140|INSTITUTO NACIONAL DO SEGURO SOCIAL
74824218|81829338|306|05|404014|2021|11|00165960000101|GOVERNANCA BRASIL SA TECNOLOGIA E GESTAO EM SERVI
74824219|81829339|306|05|404014|2021|11|22310711000103|CARLOS KIMKOLL DE OLIVEIRA FRANCISCO
74824220|81829341|306|05|404014|2021|11|00360305000104|FGTS
74824221|81829342|306|05|404014|2021|11|00360305000104|FGTS
74824222|81829345|306|05|404014|2021|11|08916896000165|JL COMÉRCIO TICO GÁS CAETÉ LTDA
74023736|80948599|306|05|404014|2021|10|11731266000120|SILVALENE FERREIRA
74023737|80948600|306|05|404014|2021|10|00394460005887|SECRETARIA DA RECEITA FEDERAL DO BRASIL
74023738|80948601|306|05|404014|2021|10|29979036000140|INSTITUTO NACIONAL DO SEGURO SOCIAL
74023739|80948602|306|05|404014|2021|10|29979036000140|INSTITUTO NACIONAL DO SEGURO SOCIAL
74023740|80948603|306|05|404014|2021|10|29979036000140|INSTITUTO NACIONAL DO SEGURO SOCIAL
74023741|80948604|306|05|404014|2021|10|29979036000140|INSTITUTO NACIONAL DO SEGURO SOCIAL
74023742|80948605|306|05|404014|2021|10|29979036000140|INSTITUTO NACIONAL DO SEGURO SOCIAL
74023743|80948608|306|05|404014|2021|10|29979036000140|INSTITUTO NACIONAL DO SEGURO SOCIAL
74023744|80948609|306|05|404014|2021|10|29979036000140|INSTITUTO NACIONAL DO SEGURO SOCIAL
74023745|80948611|306|05|404014|2021|10|00360305000104|FGTS
74023746|80948612|306|05|404014|2021|10|00165960000101|GOVERNANCA BRASIL SA TECNOLOGIA E GESTAO EM SERVI
74023747|80948613|306|05|404014|2021|10|00096980000178|GREICE A F DE CASTRO
74023748|80948614|306|05|404014|2021|10|18562652000185|VAREJAO AVENIDA LTDA
74023749|80948616|306|05|404014|2021|10|00360305000104|FGTS
74023750|80948617|306|05|404014|2021|10|00165960000101|GOVERNANCA BRASIL SA TECNOLOGIA E GESTAO EM SERVI
74023751|80948620|306|05|404014|2021|10|00165960000101|GOVERNANCA BRASIL SA TECNOLOGIA E GESTAO EM SERVI
74023752|80948622|306|05|404014|2021|10|29979036000140|INSTITUTO NACIONAL DO SEGURO SOCIAL
74023753|80948625|306|05|404014|2021|10|11731266000120|SILVALENE FERREIRA
74023754|80948627|306|05|404014|2021|10|18909495000131|ERNANE CÁSSIO DE SOUZA
74023755|80948628|306|05|404014|2021|10|027***116**|LUCINÉIA MARIA FONSECA
71500924|78200582|302|01|404013|2021|8|61198164000160|PORTO SEGURO CIA DE SEGUROS GERAIS
71500925|78200583|302|01|404013|2021|8|23110158000110|PISA VEICULOS LTDA
71500926|78200584|302|01|404013|2021|8|00360305000104|CAIXA E.FEDERAL
71500927|78200585|302|01|404013|2021|8|29979036000140|INSTITUTO NACIONAL DO SEGURO SOCIAL
71500928|78200586|302|01|404013|2021|8|29979036000140|INSTITUTO NACIONAL DO SEGURO SOCIAL
71500929|78200590|302|01|404013|2021|8|29979036000140|INSTITUTO NACIONAL DO SEGURO SOCIAL
71500930|78200591|302|01|404013|2021|8|00360305000104|CAIXA E.FEDERAL
71500931|78200592|302|01|404013|2021|8|00360305000104|CAIXA E.FEDERAL
71500932|78200593|302|01|404013|2021|8|92559830000171|GREEN CARD SA REFEICOES COMERCIO E SERVICOS
71500933|78200594|302|01|404013|2021|8|996***356**|DAGMA DE FATIMA CORRADI FRANCO
71500934|78200596|302|01|404013|2021|8|29979036000140|INSTITUTO NACIONAL DO SEGURO SOCIAL
71500935|78200597|302|01|404013|2021|8|16539054000160|BB TURISMO LTDA
71500936|78200599|302|01|404013|2021|8|33530486013883|EMPRESA BRAS. DE TELECOMUNICACOES
71500937|78200600|302|01|404013|2021|8|92559830000171|GREEN CARD SA REFEICOES COMERCIO E SERVICOS
71500938|78200601|302|01|404013|2021|8|23110158000110|PISA VEICULOS LTDA
71500939|78200604|302|01|404013|2021|8|16539054000160|BB TURISMO LTDA
71339356|78023587|305|04|404016|2021|8|29979036000140|INSS
71339357|78023588|305|04|404016|2021|8|00360305000104|FGTS
71339358|78023590|305|04|404016|2021|8|32721796000168|THOMAS ANDRE SILVA SANTOS
70357891|76943411|303|02|403996|2021|5|29979036000140|INSS INSTITUTO NACIONAL DO SEGURO SOCIAL
70357892|76943413|303|02|404018|2021|5|29979036000140|INSS INSTITUTO NACIONAL DO SEGURO SOCIAL
70357893|76943415|303|02|404010|2021|5|00360305000104|CAIXA ECONOMICA FEDERAL
70357894|76943417|303|02|404010|2021|5|00360305000104|CAIXA ECONOMICA FEDERAL
70357895|76943420|303|02|404008|2021|5|29979036000140|INSS INSTITUTO NACIONAL DO SEGURO SOCIAL
70357896|76943421|303|02|404020|2021|5|00360305000104|CAIXA ECONOMICA FEDERAL
70357897|76943422|303|02|403998|2021|5|00360305000104|CAIXA ECONOMICA FEDERAL
70357898|76943424|303|02|404010|2021|5|29979036000140|INSS INSTITUTO NACIONAL DO SEGURO SOCIAL
70357899|76943425|303|02|403993|2021|5|21154554000113|TRIBUNAL DE JUSTICA DE MINAS GERAIS
70357900|76943426|303|02|403996|2021|5|00360305000104|CAIXA ECONOMICA FEDERAL
70357901|76943427|303|02|403999|2021|5|29979036000140|INSS INSTITUTO NACIONAL DO SEGURO SOCIAL
70357902|76943431|303|02|404020|2021|5|992***476**|SILVANIA DE SOUZA DAS DORES
70357903|76943433|303|02|404017|2021|5|138***786**|FELIPE AUGUSTO GONCALVES
70357904|76943435|303|02|403991|2021|5|842***946**|LUCAS COELHO FERREIRA
70357905|76943436|303|02|404005|2021|5|00360305000104|CAIXA ECONOMICA FEDERAL
70357906|76943437|303|02|403992|2021|5|00360305000104|CAIXA ECONOMICA FEDERAL
70357907|76943441|303|02|404002|2021|5|33917631000129|ANDERSON FERREIRA
70357908|76943442|303|02|403998|2021|5|00360305000104|CAIXA ECONOMICA FEDERAL
70357909|76943443|303|02|404000|2021|5|089***946**|PABLO DOUGLAS DOS REIS MARINHO
70357910|76943445|303|02|403998|2021|5|00360305000104|CAIXA ECONOMICA FEDERAL
70357911|76943447|303|02|403992|2021|5|29979036000140|INSS INSTITUTO NACIONAL DO SEGURO SOCIAL
70357912|76943448|303|02|404000|2021|5|158***366**|TAYLON LUCAS DE ALMEIDA
70357913|76943449|303|02|404000|2021|5|052***736**|ANGÉLICA APARECIDA GONCALVES RAMOS
70357914|76943451|303|02|404009|2021|5|028***866**|LORENA ELIZEU MUZZI
70357915|76943453|303|02|403993|2021|5|00360305000104|CAIXA ECONOMICA FEDERAL
70357916|76943454|303|02|404018|2021|5|00360305000104|CAIXA ECONOMICA FEDERAL
70357917|76943455|303|02|403998|2021|5|29979036000140|INSS INSTITUTO NACIONAL DO SEGURO SOCIAL
70357918|76943456|303|02|404010|2021|5|052***036**|JOAO VAZ DA SILVA
70357919|76943457|303|02|404018|2021|5|29979036000140|INSS INSTITUTO NACIONAL DO SEGURO SOCIAL
70357920|76943458|303|02|404017|2021|5|29979036000140|INSS INSTITUTO NACIONAL DO SEGURO SOCIAL
70357921|76943460|303|02|404010|2021|5|098***196**|JUSSARA ALVES FERREIRA BARBOSA
70357922|76943463|303|02|404006|2021|5|645***446**|GERALDO ROSA TRINDADE
70357923|76943464|303|02|404018|2021|5|00360305000104|CAIXA ECONOMICA FEDERAL
70357924|76943465|303|02|404020|2021|5|764***366**|IRIS MÁRCIA COSTA
70357925|76943466|303|02|404011|2021|5|00360305000104|CAIXA ECONOMICA FEDERAL
70357926|76943467|303|02|404010|2021|5|110***056**|FLAVIA ALVES DE OLIVEIRA
70357927|76943468|303|02|404010|2021|5|29979036000140|INSS INSTITUTO NACIONAL DO SEGURO SOCIAL
70357928|76943470|303|02|404010|2021|5|006***766**|FLAVIA SIMONE FERREIRA
70357929|76943472|303|02|404017|2021|5|00360305000104|CAIXA ECONOMICA FEDERAL
70357930|76943475|303|02|404000|2021|5|626***016**|CLEIDSTON LIMA LAGE
70357931|76943476|303|02|404007|2021|5|03353358000196|MINISTERIO DO DESENVOLVIMENTO REGIONAL
70357932|76943477|303|02|404004|2021|5|29979036000140|INSS INSTITUTO NACIONAL DO SEGURO SOCIAL
70357933|76943480|303|02|403993|2021|5|01298583000141|TRIBUNAL REGIONAL DO TRABALHO DA 3ª REGIAO
70357934|76943482|303|02|403991|2021|5|08736011000146|GRAN COFFE COMÉRCIO LOCACAO E SERVICOS SA
70357935|76943485|303|02|404017|2021|5|29979036000140|INSS INSTITUTO NACIONAL DO SEGURO SOCIAL
70357936|76943487|303|02|404020|2021|5|315***857**|JOSÉ REZENDE SILVA
70357937|76943490|303|02|404010|2021|5|29979036000140|INSS INSTITUTO NACIONAL DO SEGURO SOCIAL
70357938|76943492|303|02|404009|2021|5|00360305000104|CAIXA ECONOMICA FEDERAL
70357939|76943493|303|02|404011|2021|5|29979036000140|INSS INSTITUTO NACIONAL DO SEGURO SOCIAL
70357940|76943494|303|02|404000|2021|5|03353358000196|MINISTERIO DO DESENVOLVIMENTO REGIONAL
70357941|76943495|303|02|404010|2021|5|29979036000140|INSS INSTITUTO NACIONAL DO SEGURO SOCIAL
70357942|76943496|303|02|404010|2021|5|29979036000140|INSS INSTITUTO NACIONAL DO SEGURO SOCIAL
70357943|76943500|303|02|403998|2021|5|00360305000104|CAIXA ECONOMICA FEDERAL
70357944|76943502|303|02|404017|2021|5|106***296**|MÁRIO DA CONCEICAO SOARES
70357945|76943505|303|02|404000|2021|5|914***066**|MAURICIO RODRIGUES
70357946|76943506|303|02|403998|2021|5|081***916**|JOSIRLENE DUARTE DA SILVA
70357947|76943508|303|02|403993|2021|5|29979036000140|INSS INSTITUTO NACIONAL DO SEGURO SOCIAL
70357948|76943509|303|02|403991|2021|5|17926188000104|SINTAGMA ZENITE COMERCIO PAPELARIA E ESPORTES LTDA ME
70357949|76943510|303|02|404008|2021|5|27346682000145|CINARA DOS SANTOS MAGALHAES EIRELI
70357950|76943511|303|02|403991|2021|5|842***946**|LUCAS COELHO FERREIRA
70357951|76943514|303|02|404002|2021|5|00360305000104|CAIXA ECONOMICA FEDERAL
70357952|76943515|303|02|403992|2021|5|00360305000104|CAIXA ECONOMICA FEDERAL
70357953|76943517|303|02|404020|2021|5|027***356**|ANDRE LUIZ ALVES SEVERINO
70357954|76943518|303|02|404020|2021|5|385***256**|DILSON COELHO JÁCOME
70357955|76943519|303|02|404011|2021|5|645***446**|GERALDO ROSA TRINDADE
70357956|76943521|303|02|404010|2021|5|18979328000167|SOC CIVIL DE BENEFICÊNCIA CAETEENSE
70357957|76943523|303|02|404018|2021|5|00360305000104|CAIXA ECONOMICA FEDERAL
70357958|76943524|303|02|403998|2021|5|29979036000140|INSS INSTITUTO NACIONAL DO SEGURO SOCIAL
70357959|76943526|303|02|404017|2021|5|00360305000104|CAIXA ECONOMICA FEDERAL
70357960|76943527|303|02|403998|2021|5|118***546**|ERICKSON HENRIQUE M FERNANDES
70357961|76943528|303|02|404018|2021|5|29979036000140|INSS INSTITUTO NACIONAL DO SEGURO SOCIAL
70357962|76943531|303|02|404008|2021|5|11228474000101|MARCELO HENRIQUE FERREIRA GONCALVES
70357963|76943533|303|02|404017|2021|5|29979036000140|INSS INSTITUTO NACIONAL DO SEGURO SOCIAL
70357964|76943535|303|02|404000|2021|5|034***908**|MARCIO SALVADOR DOS SANTOS
70357965|76943536|303|02|404009|2021|5|054***686**|CHARLES ELADIO NAZARETH FARIA
70357966|76943537|303|02|404000|2021|5|809***366**|JOAO ROBERTO DE ARAUJO LIMA
70357967|76943539|303|02|404018|2021|5|00360305000104|CAIXA ECONOMICA FEDERAL
70357968|76943541|303|02|404007|2021|5|03353358000196|MINISTERIO DO DESENVOLVIMENTO REGIONAL
70357969|76943542|303|02|404018|2021|5|00360305000104|CAIXA ECONOMICA FEDERAL
70357970|76943544|303|02|404018|2021|5|00360305000104|CAIXA ECONOMICA FEDERAL
70357971|76943547|303|02|404010|2021|5|29979036000140|INSS INSTITUTO NACIONAL DO SEGURO SOCIAL
70357972|76943549|303|02|404020|2021|5|745***966**|MARCOS ANTONIO DE AQUINO
70357973|76943550|303|02|403991|2021|5|29979036000140|INSS INSTITUTO NACIONAL DO SEGURO SOCIAL
70357974|76943551|303|02|404018|2021|5|29979036000140|INSS INSTITUTO NACIONAL DO SEGURO SOCIAL
70357975|76943555|303|02|404010|2021|5|29979036000140|INSS INSTITUTO NACIONAL DO SEGURO SOCIAL
70357976|76943557|303|02|404010|2021|5|00360305000104|CAIXA ECONOMICA FEDERAL
70357977|76943558|303|02|404010|2021|5|060***546**|IVANI LOURDES DA SILVA SOUZA
70357978|76943561|303|02|403998|2021|5|29979036000140|INSS INSTITUTO NACIONAL DO SEGURO SOCIAL
70357979|76943562|303|02|404002|2021|5|29979036000140|INSS INSTITUTO NACIONAL DO SEGURO SOCIAL
70357980|76943570|303|02|404020|2021|5|11453723000162|ORTHONEWS CIRURGICOS E ORTOPEDICOS LTDAME
70357981|76943571|303|02|404019|2021|5|11387190000168|WOLTINE COMERCIO E REPRESENTACAO EIRELIEPP
70357982|76943572|303|02|404017|2021|5|12719447000102|DP ESPORTES EIRELI
70357983|76943573|303|02|404008|2021|5|41955550000141|GRAFICA ANDORINHA E EDITORA LTDA
70357984|76943574|303|02|404017|2021|5|07062925000106|ORGANIZACOES MSL COMERCIO E INDUSTRIA DE MATERIAIS ELETRICOS LTDA
70357985|76943575|303|02|404000|2021|5|34155009000193|CARLOS HENRIQUE DA SILVA COSTA
70357986|76943576|303|02|404017|2021|5|07062925000106|ORGANIZACOES MSL COMERCIO E INDUSTRIA DE MATERIAIS ELETRICOS LTDA
70357987|76943577|303|02|404017|2021|5|12719447000102|DP ESPORTES EIRELI
70357988|76943578|303|02|404017|2021|5|12719447000102|DP ESPORTES EIRELI
70357989|76943579|303|02|404000|2021|5|06176619000138|SM SEGURANCA BELO HORIZONTE LTDA
70357990|76943580|303|02|404019|2021|5|23605544000182|ESSENZA INDUSTRIA QUIMICA EIRELIME
70357991|76943581|303|02|404010|2021|5|35308878000173|MSA COMERCIO DE GÁS E SERVICOS LTDA
70357992|76943582|303|02|404017|2021|5|41719477000109|KARAIBA MATERIAIS DE CONSTRUCAO LTDA
70357993|76943583|303|02|404000|2021|5|21856981000143|WTRADE INTERMEDIACAO DE NEGOCIOS LTDAME
70357994|76943584|303|02|404017|2021|5|12719447000102|DP ESPORTES EIRELI
70357995|76943585|303|02|404000|2021|5|21151275000104|BH SOLDAS EQUIPAMENTOS DE PROTECAO INDIVIDUAL EIRELIME
70357996|76943586|303|02|404000|2021|5|65186835000123|DISTRIBUIDORA IRMAOS SANTANA LTDAEPP
70357997|76943587|303|02|404000|2021|5|21462298000121|CONSTRUTORA E EMPREENDIMENTOS ZURIQUE LTDAME
70357998|76943588|303|02|404000|2021|5|14269085000112|CV DE CARVALHO SOLUCOES TÉCNICAS EIRELI EPP
70357999|76943589|303|02|404000|2021|5|27701484000152|LUDMYLLA MATIAS DI IORIO ME
70358000|76943590|303|02|404017|2021|5|12719447000102|DP ESPORTES EIRELI
70358001|76943591|303|02|404000|2021|5|07518010000162|TH LOCACAO DE TRATORES LTDA
70358002|76943592|303|02|404019|2021|5|65353401000170|COMERCIAL VENER LTDA
70358003|76943593|303|02|404017|2021|5|41719477000109|KARAIBA MATERIAIS DE CONSTRUCAO LTDA
70358004|76943594|303|02|403991|2021|5|35308878000173|MSA COMERCIO DE GÁS E SERVICOS LTDA
70358005|76943595|303|02|404017|2021|5|32317610000100|LFD COMERCIO MATERIAL ELETRICO LTDA
70358006|76943596|303|02|403998|2021|5|04309564000161|ESTRELA LOGÍSTICA EIRELI
70358007|76943597|303|02|404019|2021|5|65186835000123|DISTRIBUIDORA IRMAOS SANTANA LTDAEPP
70358008|76943598|303|02|403992|2021|5|07062925000106|ORGANIZACOES MSL COMERCIO E INDUSTRIA DE MATERIAIS ELETRICOS LTDA
70358009|76943599|303|02|404020|2021|5|19961036000160|DIFARMIG LTDA
70358010|76943600|303|02|404019|2021|5|17591262000170|EXATA INDUSTRIA E COMERCIO LTDAEPP
70358011|76943601|303|02|404019|2021|5|15407876000124|ALEXANDRE HENRIQUE MACHADO CHAMONE
70358012|76943602|303|02|404010|2021|5|11963458000162|LEONARDO FILOMENO ME
70358013|76943603|303|02|404017|2021|5|068***776**|IZABELA CRISTINA RODRIGUES DOS SANTOS
70358014|76943604|303|02|404017|2021|5|072***616**|MELISSA VICTÓRIA FERNANDES DOS REIS VALADARES
70358015|76943605|303|02|404017|2021|5|140***876**|NATALIE VITORIANO GUEDES DA SILVA
70358016|76943606|303|02|404017|2021|5|147***666**|LAYS BARBOSA DE OLIVEIRA
70358017|76943607|303|02|404017|2021|5|154***666**|HENRIQUE EUSTAQUIO SILVA SERAFIM
70358018|76943608|303|02|404017|2021|5|143***846**|JAQUELINE DE FATIMA SILVESTRE
70358019|76943609|303|02|404017|2021|5|147***686**|ANNA BEATRIZ PAZ SANTOS
70358020|76943610|303|02|404017|2021|5|147***716**|YASMIN PARRA DA CRUZ
70358021|76943611|303|02|404017|2021|5|015***986**|GUILHERME AUGUSTO PAULINO PEREIRA
70358022|76943612|303|02|404010|2021|5|199***416**|PAULO DAS GRACAS FRANCO
70358023|76943613|303|02|404000|2021|5|29054507000100|DELTA SUN INDÚSTRIA DE ELVADORES LTDA
70358024|76943614|303|02|404002|2021|5|19198118000102|EMPRESA DE ASSISTÊNCIA TÉCNICA E EXTENSAO RURAL DO ESTADO DE MINAS GERAIS EMATERMG
70358025|76943615|303|02|404010|2021|5|67729178000220|COMERCIAL CIRÚRGICA RIOCLARENSE LTDA
70358026|76943616|303|02|404010|2021|5|42799163000126|BH FARMA COMERCIO REPRESENTACOES LTDA
70358027|76943617|303|02|404010|2021|5|73856593001057|PRATI DONADUZZI & CIA LTDA
70358028|76943618|303|02|404010|2021|5|21681325000157|MULTIFARMA COMERCIAL LTDA
70358029|76943619|303|02|404010|2021|5|36325157000134|COSTA CAMARGO COM DE PRODUTOS HOSPITALARESLTDA
70358030|76943620|303|02|403991|2021|5|14278276000140|SX TECNOLOGIA E SERVICOS CORPORATIVOS EIRELI ME
70358031|76943621|303|02|403991|2021|5|16539054000160|BB TURISMO LTDAME
70358032|76943622|303|02|404010|2021|5|02814497000700|CIMED INDUSTRIA DE MEDICAMENTOS LTDA
70358033|76943623|303|02|404010|2021|5|36325157000215|COSTA CAMARGO COM DE PROD HOSP LTDA
70358034|76943624|303|02|404010|2021|5|18269125000187|BIOHOSP PRODUTOS HOSPITALARES LTDA
70358035|76943625|303|02|404010|2021|5|00874929000140|MED CENTER COMERCIAL LTDA
70358036|76943626|303|02|404010|2021|5|49475833001765|BIOLAB SANUS FARMACEUTICA LTDA
70358037|76943627|303|02|404010|2021|5|00874929000140|MED CENTER COMERCIAL LTDA
70358038|76943628|303|02|404010|2021|5|09053134000226|ELFA MEDICAMENTOS LTDA
70358039|76943629|303|02|404010|2021|5|12927876000167|SOMAMG PRODUTOS HOSPITALARES LTDA
70357784|76943225|303|02|404020|2021|5|046***136**|WAGNER HOMEM PAULO
70357785|76943226|303|02|404009|2021|5|086***836**|JORDANE LETÍCIA DE BRITO
70357786|76943227|303|02|403991|2021|5|00360305000104|CAIXA ECONOMICA FEDERAL
70357787|76943228|303|02|404000|2021|5|626***416**|JOSE CRISPINO DE SOUZA
70357788|76943231|303|02|404010|2021|5|29979036000140|INSS INSTITUTO NACIONAL DO SEGURO SOCIAL
70357789|76943233|303|02|404010|2021|5|42768283000166|MCJ ASSESSORIA HOSPITALAR E INFORMÁTICA LTDA
70357790|76943237|303|02|404020|2021|5|29979036000140|INSS INSTITUTO NACIONAL DO SEGURO SOCIAL
70357791|76943238|303|02|404017|2021|5|29979036000140|INSS INSTITUTO NACIONAL DO SEGURO SOCIAL
70357792|76943240|303|02|404010|2021|5|29979036000140|INSS INSTITUTO NACIONAL DO SEGURO SOCIAL
70357793|76943241|303|02|404008|2021|5|36704076000145|CLEVERSON GRAFICA DIGITAL LTDA
70357794|76943242|303|02|403998|2021|5|081***916**|JOSIRLENE DUARTE DA SILVA
70357795|76943243|303|02|404017|2021|5|29979036000140|INSS INSTITUTO NACIONAL DO SEGURO SOCIAL
70357796|76943247|303|02|404000|2021|5|042***346**|AFRÂNIO REI DE FRANCA SILVA
70357797|76943248|303|02|404000|2021|5|050***576**|MARCELO BORGES DE OLIVEIRA
70357798|76943249|303|02|403991|2021|5|842***946**|LUCAS COELHO FERREIRA
70357799|76943253|303|02|404000|2021|5|971***346**|DANIEL EVANGELISTA RODRIGUES
70357800|76943257|303|02|404010|2021|5|29979036000140|INSS INSTITUTO NACIONAL DO SEGURO SOCIAL
70357801|76943259|303|02|404011|2021|5|18715615000240|SECRETARIA DE ESTADO DA FAZENDASEFMG
70357802|76943260|303|02|403998|2021|5|118***546**|ERICKSON HENRIQUE M FERNANDES
70357803|76943261|303|02|404017|2021|5|00360305000104|CAIXA ECONOMICA FEDERAL
70357804|76943263|303|02|403992|2021|5|074***265**|SILAS NEVES DA SILVA
70357805|76943264|303|02|404018|2021|5|29979036000140|INSS INSTITUTO NACIONAL DO SEGURO SOCIAL
70357806|76943265|303|02|404010|2021|5|028***826**|VALDENIA CONSOLACAO ROSA VIEIRA
70357807|76943268|303|02|404010|2021|5|00360305000104|CAIXA ECONOMICA FEDERAL
70357808|76943269|303|02|404010|2021|5|740***406**|LUIZA DE MARILAC MARIANO CALADO
70357809|76943271|303|02|404007|2021|5|03353358000196|MINISTERIO DO DESENVOLVIMENTO REGIONAL
70357810|76943272|303|02|404017|2021|5|09602302000104|AP ORGANIZACAO PAULISTA EM GESTAO PUBLICA LTDA
70357811|76943273|303|02|403999|2021|5|29979036000140|INSS INSTITUTO NACIONAL DO SEGURO SOCIAL
70357812|76943274|303|02|404018|2021|5|00360305000104|CAIXA ECONOMICA FEDERAL
70357813|76943276|303|02|404017|2021|5|00360305000104|CAIXA ECONOMICA FEDERAL
70357814|76943279|303|02|404006|2021|5|29979036000140|INSS INSTITUTO NACIONAL DO SEGURO SOCIAL
70357815|76943280|303|02|404020|2021|5|960***376**|WILLIAN REZENDE SILVA
70357816|76943282|303|02|404000|2021|5|857***076**|RAIMUNDO PIRES JUNIOR
70357817|76943285|303|02|404010|2021|5|29979036000140|INSS INSTITUTO NACIONAL DO SEGURO SOCIAL
70357818|76943288|303|02|404007|2021|5|00360305000104|CAIXA ECONOMICA FEDERAL
70357819|76943291|303|02|404000|2021|5|415***986**|FRANCISCO MACHADO DA SILVA
70357820|76943293|303|02|404010|2021|5|00360305000104|CAIXA ECONOMICA FEDERAL
70357821|76943294|303|02|404017|2021|5|092***716**|IURI FRANCISCO DE PAULA ALVES
70357822|76943295|303|02|403998|2021|5|29979036000140|INSS INSTITUTO NACIONAL DO SEGURO SOCIAL
70357823|76943297|303|02|404020|2021|5|607***446**|SELMA CECÍLIA DE SOUSA TEIXEIRA
70357824|76943298|303|02|403991|2021|5|842***946**|LUCAS COELHO FERREIRA
70357825|76943299|303|02|404010|2021|5|00360305000104|CAIXA ECONOMICA FEDERAL
70357826|76943300|303|02|404000|2021|5|043***716**|MARCONE ANTONIO DO COUTO
70357827|76943303|303|02|403993|2021|5|01298583000141|TRIBUNAL REGIONAL DO TRABALHO DA 3ª REGIAO
70357828|76943305|303|02|404018|2021|5|29979036000140|INSS INSTITUTO NACIONAL DO SEGURO SOCIAL
70357829|76943307|303|02|404010|2021|5|478***196**|MAGDA APARECIDA DA SILVA
70357830|76943313|303|02|404017|2021|5|00360305000104|CAIXA ECONOMICA FEDERAL
70357831|76943314|303|02|403996|2021|5|29979036000140|INSS INSTITUTO NACIONAL DO SEGURO SOCIAL
70357832|76943315|303|02|404004|2021|5|084***696**|GUSTAVO HENRIQUE GOMES MORAES
70357833|76943317|303|02|404017|2021|5|00360305000104|CAIXA ECONOMICA FEDERAL
70357834|76943319|303|02|404000|2021|5|081***496**|LEANDRO FERREIRA GUEDES
70357835|76943320|303|02|403998|2021|5|27346682000145|CINARA DOS SANTOS MAGALHAES EIRELI
70357836|76943322|303|02|404009|2021|5|29979036000140|INSS INSTITUTO NACIONAL DO SEGURO SOCIAL
70357837|76943323|303|02|403999|2021|5|00360305000104|CAIXA ECONOMICA FEDERAL
70357838|76943326|303|02|404007|2021|5|29979036000140|INSS INSTITUTO NACIONAL DO SEGURO SOCIAL
70357839|76943329|303|02|404010|2021|5|18252904000170|HEALTH CARE & DUBEBE COM IMP EXP EIRELLI
70357840|76943330|303|02|404010|2021|5|32661819000196|QUALIS SOLUCOES PARA SAUDE EIRELI
70357841|76943333|303|02|404000|2021|5|116***336**|LEONARDO SILVESTRE PERDIGAO
70357842|76943335|303|02|404005|2021|5|29979036000140|INSS INSTITUTO NACIONAL DO SEGURO SOCIAL
70357843|76943336|303|02|404020|2021|5|00360305000104|CAIXA ECONOMICA FEDERAL
70357844|76943338|303|02|404010|2021|5|18252904000170|HEALTH CARE & DUBEBE COM IMP EXP EIRELLI
70357845|76943340|303|02|404000|2021|5|393***866**|HELIO AUGUSTO DAS NEVES
70357846|76943341|303|02|403991|2021|5|102***366**|MARCOS LUCIANO DE FIGUEREDO
70357847|76943342|303|02|404004|2021|5|084***696**|GUSTAVO HENRIQUE GOMES MORAES
70357848|76943343|303|02|403999|2021|5|00360305000104|CAIXA ECONOMICA FEDERAL
70357849|76943344|303|02|404017|2021|5|00360305000104|CAIXA ECONOMICA FEDERAL
70357850|76943345|303|02|404020|2021|5|402***636**|GERONIMO MACHADO DE OLIVEIRA
70357851|76943346|303|02|404010|2021|5|001***296**|VANDER JAIRO NUNES SANTOS
70357852|76943347|303|02|404000|2021|5|05475103000121|SECRETARIA DE ESTADO DE GOVERNO SEGOV
70357853|76943350|303|02|404000|2021|5|29979036000140|INSS INSTITUTO NACIONAL DO SEGURO SOCIAL
70357854|76943352|303|02|404018|2021|5|29979036000140|INSS INSTITUTO NACIONAL DO SEGURO SOCIAL
70357855|76943353|303|02|404018|2021|5|00360305000104|CAIXA ECONOMICA FEDERAL
70357856|76943355|303|02|404010|2021|5|055***896**|CARLA ANTONIA COSTA
70357857|76943357|303|02|404020|2021|5|940***696**|DIOVANE PEREIRA DIAS
70357858|76943358|303|02|404010|2021|5|29979036000140|INSS INSTITUTO NACIONAL DO SEGURO SOCIAL
70357859|76943359|303|02|404006|2021|5|00360305000104|CAIXA ECONOMICA FEDERAL
70357860|76943360|303|02|404000|2021|5|050***726**|MARCIO GERALDO DAS GRACAS
70357861|76943361|303|02|404018|2021|5|29979036000140|INSS INSTITUTO NACIONAL DO SEGURO SOCIAL
70357862|76943362|303|02|404018|2021|5|00360305000104|CAIXA ECONOMICA FEDERAL
70357863|76943364|303|02|403998|2021|5|00360305000104|CAIXA ECONOMICA FEDERAL
70357864|76943365|303|02|404010|2021|5|00360305000104|CAIXA ECONOMICA FEDERAL
70357865|76943367|303|02|404020|2021|5|126***796**|JULIANE SOARES SANTOS
70357866|76943368|303|02|404000|2021|5|251***296**|CARLOS ALBERTO MALAQUIAS
70357867|76943369|303|02|403998|2021|5|29979036000140|INSS INSTITUTO NACIONAL DO SEGURO SOCIAL
70357868|76943370|303|02|404010|2021|5|00360305000104|CAIXA ECONOMICA FEDERAL
70357869|76943371|303|02|404020|2021|5|521***496**|ANTÔNIO CARLOS LINHARES DE OLIVEIRA
70357870|76943372|303|02|403993|2021|5|01298583000141|TRIBUNAL REGIONAL DO TRABALHO DA 3ª REGIAO
70357871|76943373|303|02|403992|2021|5|29979036000140|INSS INSTITUTO NACIONAL DO SEGURO SOCIAL
70357872|76943374|303|02|404006|2021|5|033***436**|ADRIANA DO NASCIMENTO BATISTA
70357873|76943377|303|02|404018|2021|5|29979036000140|INSS INSTITUTO NACIONAL DO SEGURO SOCIAL
70357874|76943379|303|02|404017|2021|5|29979036000140|INSS INSTITUTO NACIONAL DO SEGURO SOCIAL
70357875|76943380|303|02|404010|2021|5|00360305000104|CAIXA ECONOMICA FEDERAL
70357876|76943385|303|02|404000|2021|5|545***896**|ANTONIO DOS SANTOS FILHO
70357877|76943390|303|02|404000|2021|5|794***406**|ARISTON FERREIRA DE DEUS
70357878|76943393|303|02|404011|2021|5|114***786**|ANDRA CAROLINA SOARES
70357879|76943394|303|02|404018|2021|5|29979036000140|INSS INSTITUTO NACIONAL DO SEGURO SOCIAL
70357880|76943395|303|02|404020|2021|5|29979036000140|INSS INSTITUTO NACIONAL DO SEGURO SOCIAL
70357881|76943398|303|02|403998|2021|5|36704076000145|CLEVERSON GRAFICA DIGITAL LTDA
70357882|76943399|303|02|404000|2021|5|913***706**|MARCELINO FERNANDES
70357883|76943400|303|02|404004|2021|5|00360305000104|CAIXA ECONOMICA FEDERAL
70357884|76943401|303|02|404018|2021|5|00360305000104|CAIXA ECONOMICA FEDERAL
70357885|76943402|303|02|404017|2021|5|29979036000140|INSS INSTITUTO NACIONAL DO SEGURO SOCIAL
70357886|76943404|303|02|403993|2021|5|01298583000141|TRIBUNAL REGIONAL DO TRABALHO DA 3ª REGIAO
70357887|76943405|303|02|404000|2021|5|00360305000104|CAIXA ECONOMICA FEDERAL
70357888|76943406|303|02|404009|2021|5|086***836**|JORDANE LETÍCIA DE BRITO
70357889|76943408|303|02|404000|2021|5|545***226**|EDSON DAS NEVES
70357890|76943409|303|02|404009|2021|5|054***686**|CHARLES ELADIO NAZARETH FARIA
70358040|76943630|303|02|404010|2021|5|03945035000191|ACACIA COMERCIO DE MEDICAMENTOS LTDA
70358041|76943631|303|02|404010|2021|5|73856593001057|PRATI DONADUZZI & CIA LTDA
70358042|76943632|303|02|404010|2021|5|67729178000220|COMERCIAL CIRÚRGICA RIOCLARENSE LTDA
70358043|76943633|303|02|404010|2021|5|44734671000151|CRISTALIA PRODUTOS QUIMICOS FARMACEUTICOS LTDA
70358044|76943634|303|02|404010|2021|5|05194502000114|ALFALAGOS LTDA
70358045|76943635|303|02|404010|2021|5|03945035000191|ACACIA COMERCIO DE MEDICAMENTOS LTDA
70358046|76943636|303|02|404010|2021|5|42799163000126|BH FARMA COMERCIO REPRESENTACOES LTDA
70358047|76943637|303|02|404010|2021|5|18269125000187|BIOHOSP PRODUTOS HOSPITALARES LTDA
70358048|76943638|303|02|404010|2021|5|08583629000113|CONCEITOS COMÉRCIO DE ARTIGOS DE USO COMERCIALLTDA
70358189|76943883|303|02|404010|2021|6|00360305000104|CAIXA ECONOMICA FEDERAL
70358190|76943884|303|02|404011|2021|6|00360305000104|CAIXA ECONOMICA FEDERAL
70358191|76943886|303|02|403999|2021|6|29979036000140|INSS INSTITUTO NACIONAL DO SEGURO SOCIAL
70358192|76943887|303|02|404010|2021|6|00360305000104|CAIXA ECONOMICA FEDERAL
70358193|76943888|303|02|404000|2021|6|26601915000146|MAYARA FERNANDA DOS ANJOS
70358194|76943892|303|02|404002|2021|6|71181184000181|DÁRIO HUMBERTO DE MELO CASTROME
70358195|76943893|303|02|403992|2021|6|00360305000104|CAIXA ECONOMICA FEDERAL
70358196|76943896|303|02|404020|2021|6|787***316**|MILSON JOSÉ MONTEIRO
70358197|76943897|303|02|403998|2021|6|27055688000163|RENATA LOURDES FATIS DA COSTA 08053965601
70358198|76943898|303|02|404002|2021|6|596***686**|ADILSON DOS SANTOS MOREIRA
70358199|76943899|303|02|403993|2021|6|21154554000113|TRIBUNAL DE JUSTICA DE MINAS GERAIS
70358200|76943900|303|02|404018|2021|6|00360305000104|CAIXA ECONOMICA FEDERAL
70358201|76943901|303|02|403991|2021|6|08736011000146|GRAN COFFE COMÉRCIO LOCACAO E SERVICOS SA
70358202|76943902|303|02|404018|2021|6|00360305000104|CAIXA ECONOMICA FEDERAL
70358203|76943903|303|02|404010|2021|6|100***696**|JULIA CAROLINE DE SOUSA
70358204|76943906|303|02|404018|2021|6|29979036000140|INSS INSTITUTO NACIONAL DO SEGURO SOCIAL
70358205|76943907|303|02|404018|2021|6|29979036000140|INSS INSTITUTO NACIONAL DO SEGURO SOCIAL
70358206|76943908|303|02|404000|2021|6|052***736**|ANGÉLICA APARECIDA GONCALVES RAMOS
70358207|76943909|303|02|404010|2021|6|21151275000104|BH SOLDAS EQUIPAMENTOS DE PROTECAO INDIVIDUAL EIRELIME
70358208|76943910|303|02|404000|2021|6|545***226**|EDSON DAS NEVES
70358209|76943911|303|02|403998|2021|6|00360305000104|CAIXA ECONOMICA FEDERAL
70358210|76943912|303|02|404000|2021|6|081***496**|LEANDRO FERREIRA GUEDES
70358211|76943913|303|02|404010|2021|6|00360305000104|CAIXA ECONOMICA FEDERAL
70358212|76943916|303|02|404018|2021|6|29979036000140|INSS INSTITUTO NACIONAL DO SEGURO SOCIAL
70358213|76943917|303|02|404000|2021|6|913***706**|MARCELINO FERNANDES
70358214|76943918|303|02|403992|2021|6|00360305000104|CAIXA ECONOMICA FEDERAL
70358215|76943920|303|02|404010|2021|6|29979036000140|INSS INSTITUTO NACIONAL DO SEGURO SOCIAL
70358216|76943921|303|02|404017|2021|6|00360305000104|CAIXA ECONOMICA FEDERAL
70358217|76943923|303|02|404010|2021|6|18979328000167|SOC CIVIL DE BENEFICÊNCIA CAETEENSE
70358218|76943924|303|02|404010|2021|6|00360305000104|CAIXA ECONOMICA FEDERAL
70358219|76943929|303|02|404010|2021|6|088***786**|MARILAINE EFIGÊNIA MAGALHAES
70358220|76943930|303|02|403993|2021|6|01298583000141|TRIBUNAL REGIONAL DO TRABALHO DA 3ª REGIAO
70358221|76943931|303|02|404018|2021|6|00360305000104|CAIXA ECONOMICA FEDERAL
70358222|76943932|303|02|404018|2021|6|29979036000140|INSS INSTITUTO NACIONAL DO SEGURO SOCIAL
70358223|76943933|303|02|404010|2021|6|29979036000140|INSS INSTITUTO NACIONAL DO SEGURO SOCIAL
70358224|76943935|303|02|404020|2021|6|29979036000140|INSS INSTITUTO NACIONAL DO SEGURO SOCIAL
70358225|76943937|303|02|404020|2021|6|373***206**|JOSÉ IVAIR DA CLARA SILVA
70358226|76943938|303|02|404010|2021|6|055***896**|CARLA ANTONIA COSTA
70358227|76943940|303|02|404010|2021|6|110***056**|FLAVIA ALVES DE OLIVEIRA
70358228|76943941|303|02|404017|2021|6|106***296**|MÁRIO DA CONCEICAO SOARES
70358229|76943942|303|02|403998|2021|6|29979036000140|INSS INSTITUTO NACIONAL DO SEGURO SOCIAL
70358230|76943945|303|02|404000|2021|6|158***366**|TAYLON LUCAS DE ALMEIDA
70358231|76943946|303|02|404020|2021|6|006***786**|JOSÉ DOS SANTOS FERNANDES
70358232|76943948|303|02|403992|2021|6|06248418000107|EXTRA FORMULÁRIOS CONTÍNUOS E IMPRESSOS GRÁFICOS EM GERAL LTDA
70358233|76943951|303|02|404018|2021|6|00360305000104|CAIXA ECONOMICA FEDERAL
70358234|76943952|303|02|404017|2021|6|29979036000140|INSS INSTITUTO NACIONAL DO SEGURO SOCIAL
70358235|76943953|303|02|404020|2021|6|967***346**|ADEMAR HERMOGENES DA SILVA
70358236|76943955|303|02|404010|2021|6|29979036000140|INSS INSTITUTO NACIONAL DO SEGURO SOCIAL
70358237|76943956|303|02|403993|2021|6|01298583000141|TRIBUNAL REGIONAL DO TRABALHO DA 3ª REGIAO
70358238|76943960|303|02|404010|2021|6|00360305000104|CAIXA ECONOMICA FEDERAL
70358239|76943961|303|02|404000|2021|6|29979036000140|INSS INSTITUTO NACIONAL DO SEGURO SOCIAL
70358240|76943963|303|02|404000|2021|6|054***466**|WILSON VANDER VILELA
70358241|76943964|303|02|404018|2021|6|29979036000140|INSS INSTITUTO NACIONAL DO SEGURO SOCIAL
70358242|76943965|303|02|404000|2021|6|393***866**|HELIO AUGUSTO DAS NEVES
70358243|76943967|303|02|403992|2021|6|71181184000181|DÁRIO HUMBERTO DE MELO CASTROME
70358244|76943969|303|02|404020|2021|6|108***826**|FERNANDO HENRIQUE NASCIMENTO BITTENCOURT
70358245|76943972|303|02|404010|2021|6|18979328000167|SOC CIVIL DE BENEFICÊNCIA CAETEENSE
70358246|76943975|303|02|403998|2021|6|118***546**|ERICKSON HENRIQUE M FERNANDES
70358247|76943977|303|02|403996|2021|6|29979036000140|INSS INSTITUTO NACIONAL DO SEGURO SOCIAL
70358248|76943978|303|02|404018|2021|6|00360305000104|CAIXA ECONOMICA FEDERAL
70358249|76943979|303|02|403993|2021|6|01298583000141|TRIBUNAL REGIONAL DO TRABALHO DA 3ª REGIAO
70358250|76943980|303|02|403993|2021|6|21154554000113|TRIBUNAL DE JUSTICA DE MINAS GERAIS
70358251|76943981|303|02|404017|2021|6|14402559000152|AVENIDA CASA SHOPPING LTDAEPP
70358252|76943983|303|02|403992|2021|6|20270047000344|ORGANIZACOES J F MERCANTIL LTDA
70358253|76943984|303|02|404002|2021|6|29979036000140|INSS INSTITUTO NACIONAL DO SEGURO SOCIAL
70358254|76943985|303|02|403992|2021|6|00096980000178|GREICE A FIGUEREDO DE CASTRO
70358255|76943986|303|02|404000|2021|6|00360305144106|CAIXA ECONOMICA FEDERAL
70358256|76943988|303|02|404000|2021|6|794***406**|ARISTON FERREIRA DE DEUS
70358257|76943990|303|02|404010|2021|6|041***646**|GUSTAVO HENRIQUE FRANCO DUARTE
70358258|76943991|303|02|404018|2021|6|00360305000104|CAIXA ECONOMICA FEDERAL
70358259|76943992|303|02|404000|2021|6|050***726**|MARCIO GERALDO DAS GRACAS
70358260|76943993|303|02|404018|2021|6|29979036000140|INSS INSTITUTO NACIONAL DO SEGURO SOCIAL
70358261|76943994|303|02|403998|2021|6|17314995000168|REDE REDENCAO EMPRESA DE DISTRIBUICAO EIRELI
70358262|76943995|303|02|404018|2021|6|00360305000104|CAIXA ECONOMICA FEDERAL
70358263|76943996|303|02|404010|2021|6|29979036000140|INSS INSTITUTO NACIONAL DO SEGURO SOCIAL
70358264|76943999|303|02|403992|2021|6|11371714000122|TELES`S UNIVERSO PAPELARIA E SERVICOS LTDA
70358265|76944002|303|02|404010|2021|6|29979036000140|INSS INSTITUTO NACIONAL DO SEGURO SOCIAL
70358266|76944003|303|02|404000|2021|6|02628117000140|JARBAS SEBASTIAO DOS REIS ME
70358267|76944004|303|02|403992|2021|6|17926188000104|SINTAGMA ZENITE COMERCIO PAPELARIA E ESPORTES LTDA ME
70358268|76944005|303|02|404000|2021|6|21856981000143|WTRADE INTERMEDIACAO DE NEGOCIOS LTDAME
70358269|76944006|303|02|404010|2021|6|04188691000150|REFLEXO GRÁFICA E EDITORA LTDA
70358270|76944007|303|02|404010|2021|6|17926188000104|SINTAGMA ZENITE COMERCIO PAPELARIA E ESPORTES LTDA ME
70358271|76944008|303|02|404010|2021|6|24789180000109|SMARTMED REPRESENTACAO COM PROD MED HOSP LTDA
70358272|76944009|303|02|404010|2021|6|09025241000160|MONITORA SEGURANCA ELETRONICA LTDA ME
70358273|76944010|303|02|403998|2021|6|22865666000145|NOGUEIRA DISTRIBUIDORA DE FRUTAS E LEGUMES LTDA
70358274|76944011|303|02|404010|2021|6|15407876000124|ALEXANDRE HENRIQUE MACHADO CHAMONE
70358275|76944012|303|02|403998|2021|6|29013780000196|VISA ELETRO EIRELI ME
70358276|76944013|303|02|404020|2021|6|92559830000171|GREEN CARD SA REFEICOES COMERCIO E SERVICOS
70358277|76944014|303|02|404010|2021|6|65186835000123|DISTRIBUIDORA IRMAOS SANTANA LTDAEPP
70358278|76944015|303|02|403992|2021|6|17591262000170|EXATA INDUSTRIA E COMERCIO LTDAEPP
70358279|76944016|303|02|404017|2021|6|92559830000171|GREEN CARD SA REFEICOES COMERCIO E SERVICOS
70358280|76944017|303|02|403992|2021|6|92559830000171|GREEN CARD SA REFEICOES COMERCIO E SERVICOS
70358281|76944018|303|02|403998|2021|6|27630446005549|COMPANHIA BRASILEIRA DE SERVICOS FUNERÁRIOS LTDA
70358282|76944019|303|02|404010|2021|6|26312888000191|ROSENEIDE DA SILVA 31624995691ME
70358283|76944020|303|02|404017|2021|6|04899663000140|CONSTRUTORA NATIVA LTDA EPP
70358284|76944021|303|02|404002|2021|6|04309564000161|ESTRELA LOGÍSTICA EIRELI
70358285|76944022|303|02|404010|2021|6|65186835000123|DISTRIBUIDORA IRMAOS SANTANA LTDAEPP
70358286|76944023|303|02|404000|2021|6|65186835000123|DISTRIBUIDORA IRMAOS SANTANA LTDAEPP
70358287|76944024|303|02|404011|2021|6|03338574000162|GEODADOS GEOPROCESSAMENTO E SERVI AEREOS ESPEC
70358288|76944025|303|02|404010|2021|6|29013780000196|VISA ELETRO EIRELI ME
70358289|76944026|303|02|404017|2021|6|92559830000171|GREEN CARD SA REFEICOES COMERCIO E SERVICOS
70358290|76944027|303|02|403992|2021|6|11387190000168|WOLTINE COMERCIO E REPRESENTACAO EIRELIEPP
70358291|76944028|303|02|403998|2021|6|65186835000123|DISTRIBUIDORA IRMAOS SANTANA LTDAEPP
70358292|76944029|303|02|404017|2021|6|05684180000191|COMPANHIA ITABIRANA DE TELECOMUNICACOES LTDA
70358293|76944030|303|02|404010|2021|6|02129036000103|IGAR COMERCIO E SERVICOS LTDA ME
70358294|76944031|303|02|404017|2021|6|65186835000123|DISTRIBUIDORA IRMAOS SANTANA LTDAEPP
70358295|76944032|303|02|403992|2021|6|65353401000170|COMERCIAL VENER LTDA
70358296|76944033|303|02|404000|2021|6|27701484000152|LUDMYLLA MATIAS DI IORIO ME
70358297|76944034|303|02|404009|2021|6|11963458000162|LEONARDO FILOMENO ME
70358298|76944035|303|02|404000|2021|6|15407876000124|ALEXANDRE HENRIQUE MACHADO CHAMONE
70358299|76944036|303|02|404017|2021|6|21151275000104|BH SOLDAS EQUIPAMENTOS DE PROTECAO INDIVIDUAL EIRELIME
70358300|76944037|303|02|403998|2021|6|41955550000141|GRAFICA ANDORINHA E EDITORA LTDA
70358301|76944038|303|02|404017|2021|6|21856981000143|WTRADE INTERMEDIACAO DE NEGOCIOS LTDAME
70358302|76944039|303|02|404010|2021|6|19103290000127|COMERCIAL MAURISTELA LTDA ME
70358303|76944040|303|02|404010|2021|6|65186835000123|DISTRIBUIDORA IRMAOS SANTANA LTDAEPP
70358304|76944041|303|02|404010|2021|6|27701484000152|LUDMYLLA MATIAS DI IORIO ME
70358305|76944042|303|02|403998|2021|6|65186835000123|DISTRIBUIDORA IRMAOS SANTANA LTDAEPP
70358306|76944043|303|02|404010|2021|6|65353401000170|COMERCIAL VENER LTDA
70358307|76944044|303|02|403992|2021|6|92559830000171|GREEN CARD SA REFEICOES COMERCIO E SERVICOS
70358308|76944045|303|02|404000|2021|6|04899663000140|CONSTRUTORA NATIVA LTDA EPP
70358309|76944046|303|02|403992|2021|6|23605544000182|ESSENZA INDUSTRIA QUIMICA EIRELIME
70358310|76944047|303|02|404010|2021|6|29013780000196|VISA ELETRO EIRELI ME
70358311|76944048|303|02|404017|2021|6|12719447000102|DP ESPORTES EIRELI
70358312|76944049|303|02|404017|2021|6|30019425000103|COMERCIAL CARIACICA MULTIMODAL LTDA
70358313|76944050|303|02|404020|2021|6|23265580000144|DR DISTRIBUIDORA LTDA
70358314|76944051|303|02|403998|2021|6|04309564000161|ESTRELA LOGÍSTICA EIRELI
70358315|76944052|303|02|403992|2021|6|15407876000124|ALEXANDRE HENRIQUE MACHADO CHAMONE
70358316|76944053|303|02|403992|2021|6|11069669000156|FLEXX DISTRIBUIDORA DE ALIMENTOS EIRELI
70358317|76944054|303|02|403998|2021|6|26312888000191|ROSENEIDE DA SILVA 31624995691ME
70358318|76944055|303|02|403992|2021|6|17926188000104|SINTAGMA ZENITE COMERCIO PAPELARIA E ESPORTES LTDA ME
70358319|76944056|303|02|404000|2021|6|17926188000104|SINTAGMA ZENITE COMERCIO PAPELARIA E ESPORTES LTDA ME
70358320|76944057|303|02|404010|2021|6|11069669000156|FLEXX DISTRIBUIDORA DE ALIMENTOS EIRELI
70358321|76944058|303|02|404000|2021|6|28122720000149|CONSTRUTORA LUTA LTDA
70358322|76944059|303|02|404019|2021|6|17591262000170|EXATA INDUSTRIA E COMERCIO LTDAEPP
70358323|76944060|303|02|403998|2021|6|17926188000104|SINTAGMA ZENITE COMERCIO PAPELARIA E ESPORTES LTDA ME
70358324|76944061|303|02|404010|2021|6|65353401000170|COMERCIAL VENER LTDA
70358325|76944062|303|02|404010|2021|6|65186835000123|DISTRIBUIDORA IRMAOS SANTANA LTDAEPP
70358326|76944063|303|02|404009|2021|6|11963458000162|LEONARDO FILOMENO ME
70358327|76944064|303|02|404017|2021|6|05684180000191|COMPANHIA ITABIRANA DE TELECOMUNICACOES LTDA
70358328|76944065|303|02|404020|2021|6|92559830000171|GREEN CARD SA REFEICOES COMERCIO E SERVICOS
70358329|76944066|303|02|404017|2021|6|22865666000145|NOGUEIRA DISTRIBUIDORA DE FRUTAS E LEGUMES LTDA
70358330|76944067|303|02|404010|2021|6|09025241000160|MONITORA SEGURANCA ELETRONICA LTDA ME
70358331|76944068|303|02|404010|2021|6|23605544000182|ESSENZA INDUSTRIA QUIMICA EIRELIME
70358332|76944069|303|02|403992|2021|6|65186835000123|DISTRIBUIDORA IRMAOS SANTANA LTDAEPP
70358333|76944070|303|02|404010|2021|6|65353401000170|COMERCIAL VENER LTDA
70358334|76944071|303|02|404010|2021|6|09025241000160|MONITORA SEGURANCA ELETRONICA LTDA ME
70358335|76944072|303|02|404000|2021|6|07518010000162|TH LOCACAO DE TRATORES LTDA
70358336|76944073|303|02|404010|2021|6|17591262000170|EXATA INDUSTRIA E COMERCIO LTDAEPP
70358337|76944074|303|02|404000|2021|6|41719477000109|KARAIBA MATERIAIS DE CONSTRUCAO LTDA
70358049|76943641|303|02|404000|2021|6|545***896**|ANTONIO DOS SANTOS FILHO
70358050|76943643|303|02|404017|2021|6|29979036000140|INSS INSTITUTO NACIONAL DO SEGURO SOCIAL
70358051|76943645|303|02|404006|2021|6|00360305000104|CAIXA ECONOMICA FEDERAL
70358052|76943646|303|02|403993|2021|6|01298583000141|TRIBUNAL REGIONAL DO TRABALHO DA 3ª REGIAO
70358053|76943647|303|02|404017|2021|6|00360305000104|CAIXA ECONOMICA FEDERAL
70358054|76943648|303|02|403993|2021|6|01298583000141|TRIBUNAL REGIONAL DO TRABALHO DA 3ª REGIAO
70358055|76943650|303|02|403998|2021|6|29979036000140|INSS INSTITUTO NACIONAL DO SEGURO SOCIAL
70358056|76943651|303|02|404000|2021|6|971***346**|DANIEL EVANGELISTA RODRIGUES
70358057|76943654|303|02|404010|2021|6|00360305000104|CAIXA ECONOMICA FEDERAL
70358058|76943656|303|02|404020|2021|6|29979036000140|INSS INSTITUTO NACIONAL DO SEGURO SOCIAL
70358059|76943658|303|02|403992|2021|6|23250713000109|CERTIDIGI CERTIFICADO DIGITAL E SEG DE INFORMACAO
70358060|76943659|303|02|403993|2021|6|01298583000141|TRIBUNAL REGIONAL DO TRABALHO DA 3ª REGIAO
70358061|76943662|303|02|403999|2021|6|00360305000104|CAIXA ECONOMICA FEDERAL
70358062|76943664|303|02|403993|2021|6|29979036000140|INSS INSTITUTO NACIONAL DO SEGURO SOCIAL
70358063|76943666|303|02|404000|2021|6|378***626**|MARCO ANTÔNIO PINTO
70358064|76943667|303|02|404000|2021|6|00360305000104|CAIXA ECONOMICA FEDERAL
70358065|76943668|303|02|404000|2021|6|00360305144106|CAIXA ECONOMICA FEDERAL
70358066|76943673|303|02|403993|2021|6|01298583000141|TRIBUNAL REGIONAL DO TRABALHO DA 3ª REGIAO
70358067|76943676|303|02|404020|2021|6|138***206**|HIGOR MARQUES RIBEIRO
70358068|76943678|303|02|404010|2021|6|29979036000140|INSS INSTITUTO NACIONAL DO SEGURO SOCIAL
70358069|76943680|303|02|404010|2021|6|14959252000157|EVOLUTION EQUIPAMENTOS DE PROTECAO INDIVIDUAL EIRELI
70358070|76943681|303|02|403991|2021|6|29979036000140|INSS INSTITUTO NACIONAL DO SEGURO SOCIAL
70358071|76943684|303|02|404010|2021|6|53393690000152|QUIMESP QUIMICA LTDA
70358072|76943685|303|02|403993|2021|6|21154554000113|TRIBUNAL DE JUSTICA DE MINAS GERAIS
70358073|76943687|303|02|404017|2021|6|29979036000140|INSS INSTITUTO NACIONAL DO SEGURO SOCIAL
70358074|76943690|303|02|404009|2021|6|29979036000140|INSS INSTITUTO NACIONAL DO SEGURO SOCIAL
70358075|76943695|303|02|403998|2021|6|29979036000140|INSS INSTITUTO NACIONAL DO SEGURO SOCIAL
70358076|76943697|303|02|404002|2021|6|00360305000104|CAIXA ECONOMICA FEDERAL
70358077|76943701|303|02|404000|2021|6|050***576**|MARCELO BORGES DE OLIVEIRA
70358078|76943703|303|02|404018|2021|6|00360305000104|CAIXA ECONOMICA FEDERAL
70358079|76943707|303|02|404017|2021|6|00360305000104|CAIXA ECONOMICA FEDERAL
70358080|76943709|303|02|403998|2021|6|00360305000104|CAIXA ECONOMICA FEDERAL
70358081|76943710|303|02|404018|2021|6|29979036000140|INSS INSTITUTO NACIONAL DO SEGURO SOCIAL
70358082|76943712|303|02|404010|2021|6|724***806**|LUCIENE DE LIMA
70358083|76943713|303|02|404000|2021|6|07978402000104|FORM FLEXOGRAFIA INDUSTRIA GRAFICA LTDA
70358084|76943714|303|02|403996|2021|6|29979036000140|INSS INSTITUTO NACIONAL DO SEGURO SOCIAL
70358085|76943715|303|02|403992|2021|6|29979036000140|INSS INSTITUTO NACIONAL DO SEGURO SOCIAL
70358086|76943716|303|02|403993|2021|6|01298583000141|TRIBUNAL REGIONAL DO TRABALHO DA 3ª REGIAO
70358087|76943718|303|02|404010|2021|6|00360305000104|CAIXA ECONOMICA FEDERAL
70358088|76943719|303|02|404008|2021|6|015***266**|THACYARA FERREIRA MARQUES GUIMARAES
70358089|76943720|303|02|404008|2021|6|026***096**|FERNANDA MOREIRA FERNANDES CANDIDO
70358090|76943721|303|02|403993|2021|6|01298583000141|TRIBUNAL REGIONAL DO TRABALHO DA 3ª REGIAO
70358091|76943722|303|02|404004|2021|6|00360305000104|CAIXA ECONOMICA FEDERAL
70358092|76943723|303|02|403998|2021|6|29979036000140|INSS INSTITUTO NACIONAL DO SEGURO SOCIAL
70358093|76943725|303|02|403992|2021|6|02593449000136|OFICINA BITS
70358094|76943726|303|02|404000|2021|6|825***046**|ANTÔNIO MARQUES GOMIDES
70358095|76943727|303|02|404020|2021|6|00360305000104|CAIXA ECONOMICA FEDERAL
70358096|76943729|303|02|404010|2021|6|012***766**|ANA PAULA DEMÉTRIO
70358097|76943730|303|02|404009|2021|6|00360305000104|CAIXA ECONOMICA FEDERAL
70358098|76943732|303|02|403993|2021|6|01298583000141|TRIBUNAL REGIONAL DO TRABALHO DA 3ª REGIAO
70358099|76943733|303|02|403992|2021|6|26601915000146|MAYARA FERNANDA DOS ANJOS
70358100|76943737|303|02|404000|2021|6|043***716**|MARCONE ANTONIO DO COUTO
70358101|76943739|303|02|404007|2021|6|00360305000104|CAIXA ECONOMICA FEDERAL
70358102|76943740|303|02|404010|2021|6|478***196**|MAGDA APARECIDA DA SILVA
70358103|76943743|303|02|404017|2021|6|38819676000184|LOPES TOLDOS EIRELI
70358104|76943744|303|02|404004|2021|6|20009908000173|COMERCIAL MINEIRA DE MAQUINAS LTDA
70358105|76943747|303|02|403991|2021|6|00360305000104|CAIXA ECONOMICA FEDERAL
70358106|76943748|303|02|404010|2021|6|29979036000140|INSS INSTITUTO NACIONAL DO SEGURO SOCIAL
70358107|76943750|303|02|404010|2021|6|17926188000104|SINTAGMA ZENITE COMERCIO PAPELARIA E ESPORTES LTDA ME
70358108|76943751|303|02|404018|2021|6|00360305000104|CAIXA ECONOMICA FEDERAL
70358109|76943752|303|02|404020|2021|6|911***506**|JOSE GERALDO BALBINO
70358110|76943756|303|02|404000|2021|6|415***986**|FRANCISCO MACHADO DA SILVA
70358111|76943757|303|02|404017|2021|6|17926188000104|SINTAGMA ZENITE COMERCIO PAPELARIA E ESPORTES LTDA ME
70358112|76943758|303|02|404017|2021|6|00360305000104|CAIXA ECONOMICA FEDERAL
70358113|76943759|303|02|403993|2021|6|01298583000141|TRIBUNAL REGIONAL DO TRABALHO DA 3ª REGIAO
70358114|76943761|303|02|404010|2021|6|29979036000140|INSS INSTITUTO NACIONAL DO SEGURO SOCIAL
70358115|76943762|303|02|404002|2021|6|71181184000181|DÁRIO HUMBERTO DE MELO CASTROME
70358116|76943765|303|02|404018|2021|6|29979036000140|INSS INSTITUTO NACIONAL DO SEGURO SOCIAL
70358117|76943766|303|02|403999|2021|6|29979036000140|INSS INSTITUTO NACIONAL DO SEGURO SOCIAL
70358118|76943769|303|02|404020|2021|6|046***136**|WAGNER HOMEM PAULO
70358119|76943773|303|02|403993|2021|6|21154554000113|TRIBUNAL DE JUSTICA DE MINAS GERAIS
70358120|76943775|303|02|404010|2021|6|29979036000140|INSS INSTITUTO NACIONAL DO SEGURO SOCIAL
70358121|76943776|303|02|403993|2021|6|21154554000113|TRIBUNAL DE JUSTICA DE MINAS GERAIS
70358122|76943778|303|02|403998|2021|6|00360305000104|CAIXA ECONOMICA FEDERAL
70358123|76943779|303|02|404000|2021|6|914***066**|MAURICIO RODRIGUES
70358124|76943782|303|02|404017|2021|6|27150329000195|CLEIBER DOS SANTOS FERREIRA
70358125|76943784|303|02|404000|2021|6|857***076**|RAIMUNDO PIRES JUNIOR
70358126|76943785|303|02|404010|2021|6|00360305000104|CAIXA ECONOMICA FEDERAL
70358127|76943786|303|02|404005|2021|6|29979036000140|INSS INSTITUTO NACIONAL DO SEGURO SOCIAL
70358128|76943788|303|02|404018|2021|6|29979036000140|INSS INSTITUTO NACIONAL DO SEGURO SOCIAL
70358129|76943789|303|02|404020|2021|6|607***446**|SELMA CECÍLIA DE SOUSA TEIXEIRA
70358130|76943790|303|02|403993|2021|6|21154554000113|TRIBUNAL DE JUSTICA DE MINAS GERAIS
70358131|76943791|303|02|404006|2021|6|29979036000140|INSS INSTITUTO NACIONAL DO SEGURO SOCIAL
70358132|76943794|303|02|404000|2021|6|251***296**|CARLOS ALBERTO MALAQUIAS
70358133|76943795|303|02|403993|2021|6|01298583000141|TRIBUNAL REGIONAL DO TRABALHO DA 3ª REGIAO
70358134|76943797|303|02|403993|2021|6|00360305000104|CAIXA ECONOMICA FEDERAL
70358135|76943798|303|02|404018|2021|6|00360305000104|CAIXA ECONOMICA FEDERAL
70358136|76943799|303|02|404000|2021|6|089***946**|PABLO DOUGLAS DOS REIS MARINHO
70358137|76943801|303|02|404017|2021|6|798***391**|RODRIGO MIRANDA LIMA
70358138|76943802|303|02|404000|2021|6|116***336**|LEONARDO SILVESTRE PERDIGAO
70358139|76943803|303|02|404005|2021|6|00360305000104|CAIXA ECONOMICA FEDERAL
70358140|76943804|303|02|404017|2021|6|29979036000140|INSS INSTITUTO NACIONAL DO SEGURO SOCIAL
70358141|76943806|303|02|404000|2021|6|809***366**|JOAO ROBERTO DE ARAUJO LIMA
70358142|76943807|303|02|404017|2021|6|00360305000104|CAIXA ECONOMICA FEDERAL
70358143|76943810|303|02|404017|2021|6|29979036000140|INSS INSTITUTO NACIONAL DO SEGURO SOCIAL
70358144|76943812|303|02|404000|2021|6|034***908**|MARCIO SALVADOR DOS SANTOS
70358145|76943813|303|02|404000|2021|6|042***346**|AFRÂNIO REI DE FRANCA SILVA
70358146|76943814|303|02|404017|2021|6|00360305000104|CAIXA ECONOMICA FEDERAL
70358147|76943815|303|02|403999|2021|6|00360305000104|CAIXA ECONOMICA FEDERAL
70358148|76943817|303|02|403998|2021|6|00360305000104|CAIXA ECONOMICA FEDERAL
70358149|76943818|303|02|404007|2021|6|29979036000140|INSS INSTITUTO NACIONAL DO SEGURO SOCIAL
70358150|76943822|303|02|404004|2021|6|38002147000193|IPATINGA GESTAO DE PROJETOS
70358151|76943826|303|02|404010|2021|6|29979036000140|INSS INSTITUTO NACIONAL DO SEGURO SOCIAL
70358152|76943827|303|02|403992|2021|6|29979036000140|INSS INSTITUTO NACIONAL DO SEGURO SOCIAL
70358153|76943828|303|02|404002|2021|6|71181184000181|DÁRIO HUMBERTO DE MELO CASTROME
70358154|76943829|303|02|404017|2021|6|00360305000104|CAIXA ECONOMICA FEDERAL
70358155|76943830|303|02|404010|2021|6|00360305000104|CAIXA ECONOMICA FEDERAL
70358156|76943835|303|02|403998|2021|6|136***226**|MILENE ALVES MOREIRA
70358157|76943836|303|02|404010|2021|6|576***896**|JOSÉ FERNANDES
70358158|76943838|303|02|404000|2021|6|00360305144106|CAIXA ECONOMICA FEDERAL
70358159|76943839|303|02|404017|2021|6|29979036000140|INSS INSTITUTO NACIONAL DO SEGURO SOCIAL
70358160|76943840|303|02|404020|2021|6|052***546**|FATIMA IZABEL DOS SANTOS BALBINO
70358161|76943843|303|02|404020|2021|6|402***636**|GERONIMO MACHADO DE OLIVEIRA
70358162|76943845|303|02|404008|2021|6|29979036000140|INSS INSTITUTO NACIONAL DO SEGURO SOCIAL
70358163|76943846|303|02|404010|2021|6|29979036000140|INSS INSTITUTO NACIONAL DO SEGURO SOCIAL
70358164|76943847|303|02|403996|2021|6|00360305000104|CAIXA ECONOMICA FEDERAL
70358165|76943848|303|02|404011|2021|6|29979036000140|INSS INSTITUTO NACIONAL DO SEGURO SOCIAL
70358166|76943850|303|02|404000|2021|6|00360305000104|CAIXA ECONOMICA FEDERAL
70358167|76943851|303|02|404018|2021|6|29979036000140|INSS INSTITUTO NACIONAL DO SEGURO SOCIAL
70358168|76943853|303|02|403998|2021|6|00360305000104|CAIXA ECONOMICA FEDERAL
70358169|76943854|303|02|404010|2021|6|29979036000140|INSS INSTITUTO NACIONAL DO SEGURO SOCIAL
70358170|76943855|303|02|404009|2021|6|086***836**|JORDANE LETÍCIA DE BRITO
70358171|76943858|303|02|404000|2021|6|00360305144106|CAIXA ECONOMICA FEDERAL
70358172|76943859|303|02|404009|2021|6|097***296**|RAFAEL PEDROSA ROSA
70358173|76943860|303|02|404010|2021|6|29979036000140|INSS INSTITUTO NACIONAL DO SEGURO SOCIAL
70358174|76943861|303|02|404010|2021|6|29979036000140|INSS INSTITUTO NACIONAL DO SEGURO SOCIAL
70358175|76943863|303|02|404017|2021|6|29979036000140|INSS INSTITUTO NACIONAL DO SEGURO SOCIAL
70358176|76943864|303|02|404010|2021|6|740***406**|LUIZA DE MARILAC MARIANO CALADO
70358177|76943865|303|02|403998|2021|6|27346682000145|CINARA DOS SANTOS MAGALHAES EIRELI
70358178|76943866|303|02|404004|2021|6|29979036000140|INSS INSTITUTO NACIONAL DO SEGURO SOCIAL
70358179|76943871|303|02|404010|2021|6|14959252000157|EVOLUTION EQUIPAMENTOS DE PROTECAO INDIVIDUAL EIRELI
70358180|76943872|303|02|404020|2021|6|521***496**|ANTÔNIO CARLOS LINHARES DE OLIVEIRA
70358181|76943873|303|02|403992|2021|6|26601915000146|MAYARA FERNANDA DOS ANJOS
70358182|76943874|303|02|403998|2021|6|29979036000140|INSS INSTITUTO NACIONAL DO SEGURO SOCIAL
70358183|76943875|303|02|404020|2021|6|764***366**|IRIS MÁRCIA COSTA
70358184|76943878|303|02|403991|2021|6|842***946**|LUCAS COELHO FERREIRA
70358185|76943879|303|02|404000|2021|6|626***016**|CLEIDSTON LIMA LAGE
70358186|76943880|303|02|404000|2021|6|652***106**|SEBASTIAO DIAS DA SILVA
70358187|76943881|303|02|404018|2021|6|29979036000140|INSS INSTITUTO NACIONAL DO SEGURO SOCIAL
70358188|76943882|303|02|404020|2021|6|00360305000104|CAIXA ECONOMICA FEDERAL
70358338|76944075|303|02|403992|2021|6|19103290000127|COMERCIAL MAURISTELA LTDA ME
70358339|76944076|303|02|404010|2021|6|11387190000168|WOLTINE COMERCIO E REPRESENTACAO EIRELIEPP
70358340|76944077|303|02|404009|2021|6|11963458000162|LEONARDO FILOMENO ME
70358341|76944078|303|02|404017|2021|6|072***616**|MELISSA VICTÓRIA FERNANDES DOS REIS VALADARES
70358342|76944079|303|02|404017|2021|6|154***666**|HENRIQUE EUSTAQUIO SILVA SERAFIM
70358343|76944080|303|02|404017|2021|6|140***876**|NATALIE VITORIANO GUEDES DA SILVA
70358344|76944081|303|02|404017|2021|6|147***716**|YASMIN PARRA DA CRUZ
70358345|76944082|303|02|404017|2021|6|015***986**|GUILHERME AUGUSTO PAULINO PEREIRA
70358346|76944083|303|02|404017|2021|6|976***696**|SEBASTIAO IRES MOREIRA
70358347|76944084|303|02|404017|2021|6|025***306**|FERNANDO JOSÉ DA COSTA MAGALHAES
70358348|76944085|303|02|404017|2021|6|143***846**|JAQUELINE DE FATIMA SILVESTRE
70358349|76944086|303|02|403992|2021|6|34028316001509|EMPRESA BRAS CORREIOS E TELEGRAFOS
70358350|76944087|303|02|404017|2021|6|056***296**|SANTIAGO ELIAS DE SOUZA
70358351|76944088|303|02|404017|2021|6|147***666**|LAYS BARBOSA DE OLIVEIRA
70358352|76944089|303|02|404017|2021|6|745***636**|HILTON MOREIRA FILHO
70358353|76944090|303|02|404017|2021|6|40058378000160|RENILDA APARECIDA FONSECA
70358354|76944091|303|02|403992|2021|6|00165960000101|GOVERNANCA BRASIL TEC GESTAO EM SERV LTDA
70358355|76944092|303|02|404017|2021|6|068***776**|IZABELA CRISTINA RODRIGUES DOS SANTOS
70358356|76944093|303|02|404017|2021|6|675***146**|ANTÔNIO ZACARIAS DE ARAÚJO
70358357|76944094|303|02|404017|2021|6|147***686**|ANNA BEATRIZ PAZ SANTOS
70358358|76944095|303|02|404020|2021|6|14842681000140|MSR EXPRESS MEDICAMENTOS ESPECIAIS LTDA
70358359|76944096|303|02|404020|2021|6|39701116000193|DROGARIA HUMANAS LTDA
70358360|76944097|303|02|404020|2021|6|01772798000233|MEDTRONIC COMERCIAL LTDA
70358361|76944098|303|02|404009|2021|6|04486682000145|ASS DOS MUNICÍPIOS DO CIRCUITO TURÍSTICO DO OURO
70358362|76944099|303|02|404020|2021|6|39701116000193|DROGARIA HUMANAS LTDA
70358363|76944100|303|02|404020|2021|6|14842681000140|MSR EXPRESS MEDICAMENTOS ESPECIAIS LTDA
70358364|76944101|303|02|404009|2021|6|05844903000172|ASSOCIACAO DAS CIDADES HISTÓRICAS DE MINAS GERAIS
70358365|76944102|303|02|403992|2021|6|00165960000101|GOVERNANCA BRASIL TEC GESTAO EM SERV LTDA
70358366|76944103|303|02|403998|2021|6|766***246**|BERNADETE TANIA DE OLIVEIRA NUNES
70358367|76944104|303|02|404020|2021|6|18977546000162|DROGARIA JOSE BRANDAO LTDA
70358368|76944105|303|02|404010|2021|6|08583629000113|CONCEITOS COMÉRCIO DE ARTIGOS DE USO COMERCIALLTDA
70358369|76944106|303|02|404010|2021|6|18269125000187|BIOHOSP PRODUTOS HOSPITALARES LTDA
70358370|76944107|303|02|403998|2021|6|29013780000196|VISA ELETRO EIRELI ME
70358371|76944108|303|02|404004|2021|6|00604122000197|TRIVALE ADMINISTRACAO LTDA
70358372|76944109|303|02|404000|2021|6|00604122000197|TRIVALE ADMINISTRACAO LTDA
70358373|76944110|303|02|403991|2021|6|16539054000160|BB TURISMO LTDAME
70358374|76944111|303|02|404010|2021|6|08583629000113|CONCEITOS COMÉRCIO DE ARTIGOS DE USO COMERCIALLTDA
70358375|76944112|303|02|404010|2021|6|29013780000196|VISA ELETRO EIRELI ME
70358376|76944113|303|02|404010|2021|6|71251029000194|RV COMERCIO DE PAPEIS LTDA
70358377|76944114|303|02|404010|2021|6|08583629000113|CONCEITOS COMÉRCIO DE ARTIGOS DE USO COMERCIALLTDA
70358378|76944115|303|02|404010|2021|6|08583629000113|CONCEITOS COMÉRCIO DE ARTIGOS DE USO COMERCIALLTDA
70358379|76944116|303|02|404010|2021|6|08583629000113|CONCEITOS COMÉRCIO DE ARTIGOS DE USO COMERCIALLTDA
70358380|76944117|303|02|403998|2021|6|71251029000194|RV COMERCIO DE PAPEIS LTDA
70358381|76944118|303|02|404010|2021|6|29013780000196|VISA ELETRO EIRELI ME
70358382|76944119|303|02|404010|2021|6|08583629000113|CONCEITOS COMÉRCIO DE ARTIGOS DE USO COMERCIALLTDA
70358383|76944120|303|02|404010|2021|6|08583629000113|CONCEITOS COMÉRCIO DE ARTIGOS DE USO COMERCIALLTDA
70358384|76944121|303|02|403992|2021|6|71251029000194|RV COMERCIO DE PAPEIS LTDA
70358385|76944122|303|02|404010|2021|6|59309302000199|INJEX INDUSTRIAS CIRURGICAS LTDA
70358386|76944123|303|02|404010|2021|6|08583629000113|CONCEITOS COMÉRCIO DE ARTIGOS DE USO COMERCIALLTDA
70358387|76944124|303|02|404010|2021|6|08583629000113|CONCEITOS COMÉRCIO DE ARTIGOS DE USO COMERCIALLTDA
70358388|76944125|303|02|404010|2021|6|08583629000113|CONCEITOS COMÉRCIO DE ARTIGOS DE USO COMERCIALLTDA
70358389|76944126|303|02|403991|2021|6|14278276000140|SX TECNOLOGIA E SERVICOS CORPORATIVOS EIRELI ME
70358390|76944127|303|02|404010|2021|6|08583629000113|CONCEITOS COMÉRCIO DE ARTIGOS DE USO COMERCIALLTDA
70358391|76944128|303|02|404010|2021|6|01402400000196|CHRISPIM NEDI CARRILHO EIRELI
70358392|76944129|303|02|404009|2021|6|03842913000143|GRUPO ÁUDIO MISTER MIX LTDA EPP
70358393|76944130|303|02|404010|2021|6|03945035000191|ACACIA COMERCIO DE MEDICAMENTOS LTDA
70358394|76944131|303|02|404010|2021|6|08583629000113|CONCEITOS COMÉRCIO DE ARTIGOS DE USO COMERCIALLTDA
70358395|76944132|303|02|404010|2021|6|08583629000113|CONCEITOS COMÉRCIO DE ARTIGOS DE USO COMERCIALLTDA
75767852|82879974|305|04|404016|2021|12|00360305000104|FGTS
75767853|82879976|305|04|404016|2021|12|29979036000140|INSS
75767854|82879977|305|04|404016|2021|12|29979036000140|INSS
75767855|82879978|305|04|404016|2021|12|19451808000113|JF SONORIZACAO E EVENTOS EIRELIME
75767856|82879979|305|04|404016|2021|12|26857118000124|CRS SERVICOS CONTÁBEIS
75767857|82879980|305|04|404016|2021|12|00360305000104|FGTS
70720231|77345375|304|03|404015|2021|7|04898233000104|ALPHAMEC LTDA
70720232|77345380|304|03|404015|2021|7|11849606000112|MARCIO NAZARET AMARO
70720233|77345381|304|03|404015|2021|7|29979036044946|INSTITUTO NACIONAL DO SEGURO SOCIAL
70720234|77345382|304|03|404015|2021|7|23314651000151|ORGANIZACAO EMY LTDA-EPP
70720235|77345383|304|03|404015|2021|7|30968913000167|WENDERSON SILVA PEIXOTO DE MELLO-ME
70720236|77345384|304|03|404015|2021|7|11849606000112|MARCIO NAZARET AMARO
70720237|77345386|304|03|404015|2021|7|18715615000160|FUNDO DE GARANTIA POR TEMPO DE SERVICO
70720238|77345388|304|03|404015|2021|7|23314651000151|ORGANIZACAO EMY LTDA-EPP
70720239|77345390|304|03|404015|2021|7|29979036044946|INSTITUTO NACIONAL DO SEGURO SOCIAL
70720240|77345391|304|03|404015|2021|7|06981180000116|CEMIG DISTRIBUICAO S.A
70720241|77345392|304|03|404015|2021|7|18715615000160|FUNDO DE GARANTIA POR TEMPO DE SERVICO
70720242|77345393|304|03|404015|2021|7|10558226000166|LOKARFLEX LOCADORA DE VEICULOS LTDA-ME
70720243|77345395|304|03|404015|2021|7|12647709000162|FABIANO PAULO LAUDATE - ME.
70720244|77345396|304|03|404015|2021|7|11849606000112|MARCIO NAZARET AMARO
70720245|77345398|304|03|404015|2021|7|09655998000137|METALSAF INDUSTRIA E COMERCIAO LTDA
70720246|77345399|304|03|404015|2021|7|19525278000372|BAUMINAS QUIMICA SA FILIAL
70720247|77345400|304|03|404015|2021|7|10426715000164|CONSORCIO OTIMO BILHETAGEM ELETRONICA
70720248|77345401|304|03|404015|2021|7|23647365000108|BAUMINAS QUIMICA NNE LTDA.
70720249|77345402|304|03|404015|2021|7|02628117000140|JARBAS SEBASTIAO DOS REIS-ME
70720250|77345403|304|03|404015|2021|7|02628117000140|JARBAS SEBASTIAO DOS REIS-ME
70720251|77345404|304|03|404015|2021|7|21587809000131|MR DESENTUPIDORA LTDA-ME
70720252|77345406|304|03|404015|2021|7|11849606000112|MARCIO NAZARET AMARO
70720253|77345407|304|03|404015|2021|7|00000000000191|BANCO DO BRASIL-RECEITA FEDERAL-IRRF
70720254|77345408|304|03|404015|2021|7|21230132000180|ROGERIO RIBEIRO VIDIGAL COMERCIO - EPP
70720255|77345409|304|03|404015|2021|7|09666624000117|GESTCOM INFORMATICA LTDA - ME
70720256|77345410|304|03|404015|2021|7|00000000000191|BANCO DO BRASIL-RECEITA FEDERAL-IRRF
70720257|77345411|304|03|404015|2021|7|18715615000160|FUNDO DE GARANTIA POR TEMPO DE SERVICO
70720258|77345412|304|03|404015|2021|7|21529392000150|JULIANA CLAUDIA RIBEIRO DE LACERDA-MEI
70720259|77345413|304|03|404015|2021|7|00360305000104|CAIXA ECONOMICA FEDERAL
70720260|77345414|304|03|404015|2021|7|25191800000168|EMPRESA JORNALISTICA OPINIAO LTDA
70720261|77345415|304|03|404015|2021|7|29979036044946|INSTITUTO NACIONAL DO SEGURO SOCIAL
70720262|77345416|304|03|404015|2021|7|20232336000197|MAPEL-MAQUINAS E ARTIGOS PARA ESCRITORIO LTDA-ME
70720263|77345417|304|03|404015|2021|7|01963440000107|MC MEDICINA E CONSULTORIA OCUPACIONAL LTDA - EPP.
70720264|77345420|304|03|404015|2021|7|18963999000130|WX3 SISTEMAS LTDA - ME
70720265|77345421|304|03|404015|2021|7|26312888000191|ROSENEIDE DA SILVA 31624995691ME
70720266|77345422|304|03|404015|2021|7|20928303000186|AGENCIA REGULADORA INTER. DE SANEAMENTO BASICO-MG
70720267|77345423|304|03|404015|2021|7|01963440000107|MC MEDICINA E CONSULTORIA OCUPACIONAL LTDA - EPP.
70720268|77345425|304|03|404015|2021|7|17926188000104|SINTAGMA ZENITE COMER.PAPELARIA E ESPORTES LTDA-ME
70720269|77345426|304|03|404015|2021|7|90400888000142|BANCO SANTANDER (BRASIL) SA
70720270|77345427|304|03|404015|2021|7|01963440000107|MC MEDICINA E CONSULTORIA OCUPACIONAL LTDA - EPP.
70720271|77345428|304|03|404015|2021|7|60701190000104|BANCO ITAU SA
70720272|77345429|304|03|404015|2021|7|17926188000104|SINTAGMA ZENITE COMER.PAPELARIA E ESPORTES LTDA-ME
70720273|77345431|304|03|404015|2021|7|29050922000195|W&M COMERCIO E DISTRIBUICAO LTDAME
70720223|77345367|304|03|404015|2021|7|17387481000132|INSTITUTO MINEIRO DE GESTAO DAS AGUAS - IGAM
70720224|77345368|304|03|404015|2021|7|17387481000132|INSTITUTO MINEIRO DE GESTAO DAS AGUAS - IGAM
70720225|77345369|304|03|404015|2021|7|17387481000132|INSTITUTO MINEIRO DE GESTAO DAS AGUAS - IGAM
70720226|77345370|304|03|404015|2021|7|17387481000132|INSTITUTO MINEIRO DE GESTAO DAS AGUAS - IGAM
70720227|77345371|304|03|404015|2021|7|02628117000140|JARBAS SEBASTIAO DOS REIS-ME
70720228|77345372|304|03|404015|2021|7|02628117000140|JARBAS SEBASTIAO DOS REIS-ME
70720229|77345373|304|03|404015|2021|7|02628117000140|JARBAS SEBASTIAO DOS REIS-ME
70720230|77345374|304|03|404015|2021|7|44829653000153|ANGOLINI & ANGOLINI LTDA
79788392|87343427|304|03|404015|2021|12|25191800000168|EMPRESA JORNALISTICA OPINIAO LTDA
79788393|87343428|304|03|404015|2021|12|18715615000160|FUNDO DE GARANTIA POR TEMPO DE SERVICO
79788394|87343429|304|03|404015|2021|12|60701190000104|BANCO ITAU SA
79788395|87343430|304|03|404015|2021|12|00165960000101|GOVERNANCABRASIL SA TECNOL. E GESTAO DE SERVICOS
79788396|87343431|304|03|404015|2021|12|00360305000104|CAIXA ECONOMICA FEDERAL
79788397|87343432|304|03|404015|2021|12|90400888000142|BANCO SANTANDER (BRASIL) SA
79788398|87343433|304|03|404015|2021|12|90400888000142|BANCO SANTANDER (BRASIL) SA
79788399|87343434|304|03|404015|2021|12|05423963000111|OI MOVEL SA
79788327|87343344|304|03|404015|2021|12|00360305000104|CAIXA ECONOMICA FEDERAL
79788328|87343345|304|03|404015|2021|12|11849606000112|MARCIO NAZARET AMARO
79788329|87343346|304|03|404015|2021|12|00399411000100|OLIVEIRA & PINHEIRO MATERIAIS PARA CONST. LTDA
79788330|87343347|304|03|404015|2021|12|10558226000166|LOKARFLEX LOCADORA DE VEICULOS LTDA-ME
79788331|87343348|304|03|404015|2021|12|10558226000166|LOKARFLEX LOCADORA DE VEICULOS LTDA-ME
79788332|87343350|304|03|404015|2021|12|05049369000102|MATOS & SILVA, TRANSPORTES,COM. E SERVICOS LTDA
79788333|87343351|304|03|404015|2021|12|06981180000116|CEMIG DISTRIBUICAO S.A
79788334|87343354|304|03|404015|2021|12|00399411000100|OLIVEIRA & PINHEIRO MATERIAIS PARA CONST. LTDA
79788335|87343355|304|03|404015|2021|12|11109083000178|NELIA MARIA CYRINO LEAL-ME
79788336|87343357|304|03|404015|2021|12|18715615000160|FUNDO DE GARANTIA POR TEMPO DE SERVICO
79788337|87343360|304|03|404015|2021|12|02628117000140|JARBAS SEBASTIAO DOS REIS-ME
79788338|87343362|304|03|404015|2021|12|18715615000160|FUNDO DE GARANTIA POR TEMPO DE SERVICO
79788339|87343363|304|03|404015|2021|12|41664871000197|POLYVIN PLASTICOS E DERIVADOS LTDA
79788340|87343364|304|03|404015|2021|12|00399411000100|OLIVEIRA & PINHEIRO MATERIAIS PARA CONST. LTDA
79788341|87343365|304|03|404015|2021|12|29979036044946|INSTITUTO NACIONAL DO SEGURO SOCIAL
79788342|87343366|304|03|404015|2021|12|06981180000116|CEMIG DISTRIBUICAO S.A
79788343|87343368|304|03|404015|2021|12|12647709000162|FABIANO PAULO LAUDATE - ME.
79788344|87343369|304|03|404015|2021|12|18715615000160|FUNDO DE GARANTIA POR TEMPO DE SERVICO
79788345|87343371|304|03|404015|2021|12|18715615000160|FUNDO DE GARANTIA POR TEMPO DE SERVICO
79788346|87343372|304|03|404015|2021|12|451***616**|WLAMIR SYRIO AUGUSTO
79788347|87343373|304|03|404015|2021|12|29979036044946|INSTITUTO NACIONAL DO SEGURO SOCIAL
79788348|87343374|304|03|404015|2021|12|15263561000150|LAFFERDU INDUSTRIA E COM.EM FERRO FUNDIDO EIRELLI
79788349|87343375|304|03|404015|2021|12|30968913000167|WENDERSON SILVA PEIXOTO DE MELLO-ME
79788350|87343376|304|03|404015|2021|12|29979036044946|INSTITUTO NACIONAL DO SEGURO SOCIAL
79788351|87343377|304|03|404015|2021|12|17926188000104|SINTAGMA ZENITE COMER.PAPELARIA E ESPORTES LTDA-ME
79788352|87343378|304|03|404015|2021|12|29979036044946|INSTITUTO NACIONAL DO SEGURO SOCIAL
79788353|87343379|304|03|404015|2021|12|05049369000102|MATOS & SILVA, TRANSPORTES,COM. E SERVICOS LTDA
79788354|87343380|304|03|404015|2021|12|17270476000145|CNA MULTIFORMATO E LOGISTICA LTDA
79788355|87343381|304|03|404015|2021|12|13914027000131|HIDROLUX INDUS.E COMER.DE MAT.HIDRAUL. EIRELI-ME
79788356|87343382|304|03|404015|2021|12|11849606000112|MARCIO NAZARET AMARO
79788357|87343383|304|03|404015|2021|12|06981180000116|CEMIG DISTRIBUICAO S.A
79788358|87343384|304|03|404015|2021|12|19525278000372|BAUMINAS QUIMICA SA FILIAL
79788359|87343385|304|03|404015|2021|12|41719477000109|KARAIBA MATERIAIS DE CONSTRUCAO LTDA - ME
79788360|87343386|304|03|404015|2021|12|33915396000156|DIRETA MATERIAIS HIDRAULICOS LTDA
79788361|87343387|304|03|404015|2021|12|11849606000112|MARCIO NAZARET AMARO
79788362|87343388|304|03|404015|2021|12|44829653000153|ANGOLINI & ANGOLINI LTDA
79788363|87343390|304|03|404015|2021|12|21467701000105|SUPER ALIMENTOS DO BRASIL
79788364|87343391|304|03|404015|2021|12|06981180000116|CEMIG DISTRIBUICAO S.A
79788365|87343392|304|03|404015|2021|12|33915396000156|DIRETA MATERIAIS HIDRAULICOS LTDA
79788366|87343396|304|03|404015|2021|12|02628117000140|JARBAS SEBASTIAO DOS REIS-ME
79788367|87343397|304|03|404015|2021|12|06981180000116|CEMIG DISTRIBUICAO S.A
79788368|87343398|304|03|404015|2021|12|41515456000171|SANECON COMERCIO DE TUBOS E CONEXOES EIRELIME
79788369|87343399|304|03|404015|2021|12|34028316000103|EMPRESA BRASILEIRA DE CORREIOS E TELEGRAFOS
79788370|87343400|304|03|404015|2021|12|05475103000121|SECRETARIA DE ESTADO DE GOVERNO
79788371|87343401|304|03|404015|2021|12|18715615000160|FUNDO DE GARANTIA POR TEMPO DE SERVICO
79788372|87343402|304|03|404015|2021|12|00000000000191|BANCO DO BRASIL-RECEITA FEDERAL-IRRF
79788373|87343403|304|03|404015|2021|12|00000000000191|BANCO DO BRASIL-RECEITA FEDERAL-IRRF
79788374|87343405|304|03|404015|2021|12|60746948000112|BANCO BRADESCO S.A.
79788375|87343406|304|03|404015|2021|12|23314651000151|ORGANIZACAO EMY LTDA-EPP
79788376|87343407|304|03|404015|2021|12|05475103000121|SECRETARIA DE ESTADO DE GOVERNO
79788377|87343409|304|03|404015|2021|12|01963440000107|MC MEDICINA E CONSULTORIA OCUPACIONAL LTDA - EPP.
79788378|87343410|304|03|404015|2021|12|29979036044946|INSTITUTO NACIONAL DO SEGURO SOCIAL
79788379|87343412|304|03|404015|2021|12|01963440000107|MC MEDICINA E CONSULTORIA OCUPACIONAL LTDA - EPP.
79788380|87343413|304|03|404015|2021|12|39495622000173|AGAPE SOS PROJETOS E ENGENHARIA LTDA
79788381|87343414|304|03|404015|2021|12|10585071000157|GILBERTO MAGELA SIQUEIRA-ME
79788382|87343415|304|03|404015|2021|12|92559830000171|GREEN CARD SA REFEICOES COMERCIO E SERVICOS
79788383|87343416|304|03|404015|2021|12|01564385000344|LIBERTAS AUDITORES E CONSULTORES LTDA EPP
79788384|87343417|304|03|404015|2021|12|05475103000121|SECRETARIA DE ESTADO DE GOVERNO
79788385|87343419|304|03|404015|2021|12|23314651000151|ORGANIZACAO EMY LTDA-EPP
79788386|87343421|304|03|404015|2021|12|00000000000191|BANCO DO BRASIL-RECEITA FEDERAL-IRRF
79788387|87343422|304|03|404015|2021|12|00000000000191|BANCO DO BRASIL-RECEITA FEDERAL-IRRF
79788388|87343423|304|03|404015|2021|12|00000000000191|BANCO DO BRASIL-RECEITA FEDERAL-IRRF
79788389|87343424|304|03|404015|2021|12|29979036044946|INSTITUTO NACIONAL DO SEGURO SOCIAL
79788390|87343425|304|03|404015|2021|12|60701190000104|BANCO ITAU SA
79788391|87343426|304|03|404015|2021|12|00000000000191|BANCO DO BRASIL-RECEITA FEDERAL-IRRF
71673684|78388076|304|03|404015|2021|8|29979036044946|INSTITUTO NACIONAL DO SEGURO SOCIAL
71673685|78388077|304|03|404015|2021|8|21587809000131|MR DESENTUPIDORA LTDA-ME
71673686|78388079|304|03|404015|2021|8|13576654000100|BHS BOMBAS HIDRAULICAS E SERVICOS LTDA
71673687|78388081|304|03|404015|2021|8|29979036044946|INSTITUTO NACIONAL DO SEGURO SOCIAL
71673688|78388082|304|03|404015|2021|8|18715615000160|FUNDO DE GARANTIA POR TEMPO DE SERVICO
71673689|78388084|304|03|404015|2021|8|23314651000151|ORGANIZACAO EMY LTDA-EPP
71673690|78388085|304|03|404015|2021|8|10558226000166|LOKARFLEX LOCADORA DE VEICULOS LTDA-ME
71673691|78388086|304|03|404015|2021|8|05340639000130|PRIME CONSULTORIA E ASSESSORIA EMPRESARIAL LTDANI
71673692|78388087|304|03|404015|2021|8|33242200000100|DETROIT DEMOLICOES DE CONSTRUCAO EIRELI
71673693|78388088|304|03|404015|2021|8|05919869000158|DICLORINA IND.COM.E.PRESTACOES DE SERV. LTDA
71673694|78388091|304|03|404015|2021|8|10558226000166|LOKARFLEX LOCADORA DE VEICULOS LTDA-ME
71673695|78388092|304|03|404015|2021|8|23314651000151|ORGANIZACAO EMY LTDA-EPP
71673696|78388093|304|03|404015|2021|8|05340639000130|PRIME CONSULTORIA E ASSESSORIA EMPRESARIAL LTDANI
71673697|78388095|304|03|404015|2021|8|23314651000151|ORGANIZACAO EMY LTDA-EPP
71673698|78388096|304|03|404015|2021|8|21587809000131|MR DESENTUPIDORA LTDA-ME
71673699|78388098|304|03|404015|2021|8|05049369000102|MATOS & SILVA, TRANSPORTES,COM. E SERVICOS LTDA
71673700|78388099|304|03|404015|2021|8|18715615000160|FUNDO DE GARANTIA POR TEMPO DE SERVICO
71673701|78388100|304|03|404015|2021|8|23314651000151|ORGANIZACAO EMY LTDA-EPP
71673702|78388102|304|03|404015|2021|8|18715615000160|FUNDO DE GARANTIA POR TEMPO DE SERVICO
71673703|78388103|304|03|404015|2021|8|05919869000158|DICLORINA IND.COM.E.PRESTACOES DE SERV. LTDA
71673704|78388104|304|03|404015|2021|8|05049369000102|MATOS & SILVA, TRANSPORTES,COM. E SERVICOS LTDA
71673705|78388105|304|03|404015|2021|8|29979036044946|INSTITUTO NACIONAL DO SEGURO SOCIAL
71673706|78388106|304|03|404015|2021|8|09025241000160|MONITORA SEGURANCA ELETRONICA LTDA-ME
71673707|78388107|304|03|404015|2021|8|14164310000156|CONECTA ITABIRA INFORMATICA LTDA ME
71673708|78388108|304|03|404015|2021|8|097***516**|THADEU FILIPE SILVA FELIX
71673709|78388109|304|03|404015|2021|8|00360305000104|CAIXA ECONOMICA FEDERAL
71673710|78388110|304|03|404015|2021|8|64237787000192|FUJITEL TELECOMUNICACOES LTDA - EPP.
71673711|78388111|304|03|404015|2021|8|90400888000142|BANCO SANTANDER (BRASIL) SA
71673712|78388115|304|03|404015|2021|8|18963999000130|WX3 SISTEMAS LTDA - ME
71673713|78388116|304|03|404015|2021|8|21155478000160|CARTORIO 3O OFICIO DE NOTAS DE CAETE
71673714|78388119|304|03|404015|2021|8|09025241000160|MONITORA SEGURANCA ELETRONICA LTDA-ME
71673715|78388120|304|03|404015|2021|8|60701190000104|BANCO ITAU SA
71673716|78388122|304|03|404015|2021|8|29979036044946|INSTITUTO NACIONAL DO SEGURO SOCIAL
71673717|78388123|304|03|404015|2021|8|92559830000171|GREEN CARD SA REFEICOES COMERCIO E SERVICOS
71673718|78388124|304|03|404015|2021|8|60701190000104|BANCO ITAU SA
71673719|78388125|304|03|404015|2021|8|18715615000160|FUNDO DE GARANTIA POR TEMPO DE SERVICO
71673720|78388126|304|03|404015|2021|8|18715615000160|FUNDO DE GARANTIA POR TEMPO DE SERVICO
71673721|78388127|304|03|404015|2021|8|035***006**|DIEMERSON NEVES PORTO
71673722|78388128|304|03|404015|2021|8|29979036044946|INSTITUTO NACIONAL DO SEGURO SOCIAL
71673723|78388129|304|03|404015|2021|8|11371714000122|TELES S UNIVERSO PAPELARIA E SERVICOSEIRELIME
71673724|78388130|304|03|404015|2021|8|804***476**|FERNANDO JOSE DA SILVA
71673725|78388131|304|03|404015|2021|8|00000000000191|BANCO DO BRASIL-RECEITA FEDERAL-IRRF
71673726|78388132|304|03|404015|2021|8|372***218**|ESKARLETE JULIANA DE ANDRADE
71673727|78388133|304|03|404015|2021|8|00000000000191|BANCO DO BRASIL-RECEITA FEDERAL-IRRF
72934305|79768922|305|04|404016|2021|9|22895073000121|GUSTAVO MONTEIRO GURGEL 09736683699
72934306|79768923|305|04|404016|2021|9|22895073000121|GUSTAVO MONTEIRO GURGEL 09736683699
72934307|79768925|305|04|404016|2021|9|43363918000108|HEVERTON GONCALVES RIBEIRO 08456953636
72934308|79768926|305|04|404016|2021|9|00360305000104|FGTS
72934309|79768927|305|04|404016|2021|9|29979036000140|INSS
67386866|73668664|304|03|404015|2021|1|34028316000103|EMPRESA BRASILEIRA DE CORREIOS E TELEGRAFOS
67386867|73668665|304|03|404015|2021|1|451***616**|WLAMIR SYRIO AUGUSTO
67386868|73668666|304|03|404015|2021|1|05475103000121|SECRETARIA DE ESTADO DE GOVERNO
67386869|73668667|304|03|404015|2021|1|29926863000176|FARLEI LOPES FRANCO
67386870|73668668|304|03|404015|2021|1|20232336000197|MAPEL-MAQUINAS E ARTIGOS PARA ESCRITORIO LTDA-ME
67386871|73668669|304|03|404015|2021|1|06981180000116|CEMIG DISTRIBUICAO S.A
67386872|73668670|304|03|404015|2021|1|06981180000116|CEMIG DISTRIBUICAO S.A
67386873|73668671|304|03|404015|2021|1|05423963000111|OI MOVEL SA
67386874|73668672|304|03|404015|2021|1|05423963000111|OI MOVEL SA
67386875|73668673|304|03|404015|2021|1|33000118000179|TELEMAR NORTE LESTE SA - MATRIZ
67386804|73668588|304|03|404015|2021|1|29979036044946|INSTITUTO NACIONAL DO SEGURO SOCIAL
67386805|73668589|304|03|404015|2021|1|64237787000192|FUJITEL TELECOMUNICACOES LTDA - EPP.
67386806|73668590|304|03|404015|2021|1|00000000000191|BANCO DO BRASIL-RECEITA FEDERAL-IRRF
67386807|73668591|304|03|404015|2021|1|00360305000104|CAIXA ECONOMICA FEDERAL
67386808|73668594|304|03|404015|2021|1|18979005000173|EMPRESA TRANSCOL LTDA
67386809|73668596|304|03|404015|2021|1|17343260000162|CONSELHO REGIONAL DE QUIMICA-2A REGIAO
67386810|73668597|304|03|404015|2021|1|00165960000101|GOVERNANCABRASIL SA TECNOL. E GESTAO DE SERVICOS
67386811|73668600|304|03|404015|2021|1|20057071000138|ASSEMAE-ASSOC.NASC.SERV.MUN. DE SANEAMENTO
67386812|73668601|304|03|404015|2021|1|18715615000160|FUNDO DE GARANTIA POR TEMPO DE SERVICO
67386813|73668603|304|03|404015|2021|1|90400888000142|BANCO SANTANDER (BRASIL) SA
67386814|73668604|304|03|404015|2021|1|06981180000116|CEMIG DISTRIBUICAO S.A
67386815|73668605|304|03|404015|2021|1|60701190000104|BANCO ITAU SA
67386816|73668607|304|03|404015|2021|1|00360305000104|CAIXA ECONOMICA FEDERAL
67386817|73668611|304|03|404015|2021|1|29979036044946|INSTITUTO NACIONAL DO SEGURO SOCIAL
67386818|73668612|304|03|404015|2021|1|20928303000186|AGENCIA REGULADORA INTER. DE SANEAMENTO BASICO-MG
67386819|73668613|304|03|404015|2021|1|257***306**|MAGNO FERNANDES DE SOUZA
67386820|73668614|304|03|404015|2021|1|18715615000160|FUNDO DE GARANTIA POR TEMPO DE SERVICO
67386821|73668617|304|03|404015|2021|1|29979036044946|INSTITUTO NACIONAL DO SEGURO SOCIAL
67386822|73668618|304|03|404015|2021|1|10426715000164|CONSORCIO OTIMO BILHETAGEM ELETRONICA
67386823|73668619|304|03|404015|2021|1|00000000000191|BANCO DO BRASIL-RECEITA FEDERAL-IRRF
67386824|73668620|304|03|404015|2021|1|18963999000130|WX3 SISTEMAS LTDA - ME
67386825|73668621|304|03|404015|2021|1|10426715000164|CONSORCIO OTIMO BILHETAGEM ELETRONICA
67386826|73668622|304|03|404015|2021|1|18715615000160|FUNDO DE GARANTIA POR TEMPO DE SERVICO
67386827|73668623|304|03|404015|2021|1|18715615000160|FUNDO DE GARANTIA POR TEMPO DE SERVICO
67386828|73668624|304|03|404015|2021|1|18979005000173|EMPRESA TRANSCOL LTDA
67386829|73668625|304|03|404015|2021|1|18979005000173|EMPRESA TRANSCOL LTDA
67386830|73668626|304|03|404015|2021|1|30968913000167|WENDERSON SILVA PEIXOTO DE MELLO-ME
67386831|73668629|304|03|404015|2021|1|29979036044946|INSTITUTO NACIONAL DO SEGURO SOCIAL
67386832|73668630|304|03|404015|2021|1|10558226000166|LOKARFLEX LOCADORA DE VEICULOS LTDA-ME
67386833|73668631|304|03|404015|2021|1|04898233000104|ALPHAMEC LTDA
67386834|73668632|304|03|404015|2021|1|23314651000151|ORGANIZACAO EMY LTDA-EPP
67386835|73668633|304|03|404015|2021|1|25191800000168|EMPRESA JORNALISTICA OPINIAO LTDA
67386836|73668634|304|03|404015|2021|1|23314651000151|ORGANIZACAO EMY LTDA-EPP
67386837|73668635|304|03|404015|2021|1|11849606000112|MARCIO NAZARET AMARO
67386838|73668636|304|03|404015|2021|1|05919869000158|DICLORINA IND.COM.E.PRESTACOES DE SERV. LTDA
67386839|73668637|304|03|404015|2021|1|00165960000101|GOVERNANCABRASIL SA TECNOL. E GESTAO DE SERVICOS
67386840|73668638|304|03|404015|2021|1|05049369000102|MATOS & SILVA, TRANSPORTES,COM. E SERVICOS LTDA
67386841|73668639|304|03|404015|2021|1|05049369000102|MATOS & SILVA, TRANSPORTES,COM. E SERVICOS LTDA
67386842|73668640|304|03|404015|2021|1|26388108000197|MACHADO, SOARES E ALVES ADVOGADOS ASSOCIADOS
67386843|73668641|304|03|404015|2021|1|04817485000161|BPD SERVICOS DE PROCESSAMENTO DE DADOS
67386844|73668642|304|03|404015|2021|1|14164310000156|CONECTA ITABIRA INFORMATICA LTDA ME
67386845|73668643|304|03|404015|2021|1|02628117000140|JARBAS SEBASTIAO DOS REIS-ME
67386846|73668644|304|03|404015|2021|1|04898233000104|ALPHAMEC LTDA
67386847|73668645|304|03|404015|2021|1|00165960000101|GOVERNANCABRASIL SA TECNOL. E GESTAO DE SERVICOS
67386848|73668646|304|03|404015|2021|1|09666624000117|GESTCOM INFORMATICA LTDA - ME
67386849|73668647|304|03|404015|2021|1|05919869000158|DICLORINA IND.COM.E.PRESTACOES DE SERV. LTDA
67386850|73668648|304|03|404015|2021|1|10558226000166|LOKARFLEX LOCADORA DE VEICULOS LTDA-ME
67386851|73668649|304|03|404015|2021|1|01963440000107|MC MEDICINA E CONSULTORIA OCUPACIONAL LTDA - EPP.
67386852|73668650|304|03|404015|2021|1|09025241000160|MONITORA SEGURANCA ELETRONICA LTDA-ME
67386853|73668651|304|03|404015|2021|1|92559830000171|GREEN CARD SA REFEICOES COMERCIO E SERVICOS
67386854|73668652|304|03|404015|2021|1|11849606000112|MARCIO NAZARET AMARO
67386855|73668653|304|03|404015|2021|1|24948730000187|GIDE ENGENHARIA E CONSTRUCOES LTDA-ME
67386856|73668654|304|03|404015|2021|1|05919869000158|DICLORINA IND.COM.E.PRESTACOES DE SERV. LTDA
67386857|73668655|304|03|404015|2021|1|02628117000140|JARBAS SEBASTIAO DOS REIS-ME
67386858|73668656|304|03|404015|2021|1|02628117000140|JARBAS SEBASTIAO DOS REIS-ME
67386859|73668657|304|03|404015|2021|1|60701190000104|BANCO ITAU SA
67386860|73668658|304|03|404015|2021|1|00636766000167|DIOGENES SILVA COMERCIO & SERVICOS LTDA
67386861|73668659|304|03|404015|2021|1|16746489000185|DROGARIA SAO CLEMENTE LTDA
67386862|73668660|304|03|404015|2021|1|00000000000191|BANCO DO BRASIL-RECEITA FEDERAL-IRRF
67386863|73668661|304|03|404015|2021|1|10585071000157|GILBERTO MAGELA SIQUEIRA-ME
67386864|73668662|304|03|404015|2021|1|60746948000112|BANCO BRADESCO S.A.
67386865|73668663|304|03|404015|2021|1|90400888000142|BANCO SANTANDER (BRASIL) SA
68620368|75026265|304|03|404015|2021|5|60701190000104|BANCO ITAU SA
68620369|75026267|304|03|404015|2021|5|90400888000142|BANCO SANTANDER (BRASIL) SA
68620370|75026269|304|03|404015|2021|5|18979005000173|EMPRESA TRANSCOL LTDA
68620371|75026271|304|03|404015|2021|5|14096487000162|MARCELO ALBERTO DE OLIVEIRA ELADIO 05947321661
68620372|75026273|304|03|404015|2021|5|00957404000178|SEMAD-SECRETARIA DO ESTADO DE MEIO AMBIENTE
68620373|75026274|304|03|404015|2021|5|29979036044946|INSTITUTO NACIONAL DO SEGURO SOCIAL
68620374|75026275|304|03|404015|2021|5|00957404000178|SEMAD-SECRETARIA DO ESTADO DE MEIO AMBIENTE
68620375|75026276|304|03|404015|2021|5|18979005000173|EMPRESA TRANSCOL LTDA
68620376|75026277|304|03|404015|2021|5|18979005000173|EMPRESA TRANSCOL LTDA
68620377|75026279|304|03|404015|2021|5|00360305000104|CAIXA ECONOMICA FEDERAL
68620378|75026280|304|03|404015|2021|5|00360305000104|CAIXA ECONOMICA FEDERAL
68620379|75026281|304|03|404015|2021|5|18963999000130|WX3 SISTEMAS LTDA - ME
68620380|75026282|304|03|404015|2021|5|18715615000160|FUNDO DE GARANTIA POR TEMPO DE SERVICO
68620381|75026284|304|03|404015|2021|5|29979036044946|INSTITUTO NACIONAL DO SEGURO SOCIAL
68620382|75026285|304|03|404015|2021|5|18715615000160|FUNDO DE GARANTIA POR TEMPO DE SERVICO
68620383|75026286|304|03|404015|2021|5|18715615000160|FUNDO DE GARANTIA POR TEMPO DE SERVICO
68620384|75026288|304|03|404015|2021|5|00000000000191|BANCO DO BRASIL-RECEITA FEDERAL-IRRF
68620385|75026291|304|03|404015|2021|5|29979036044946|INSTITUTO NACIONAL DO SEGURO SOCIAL
68620386|75026294|304|03|404015|2021|5|00000000000191|BANCO DO BRASIL-RECEITA FEDERAL-IRRF
68620387|75026295|304|03|404015|2021|5|64237787000192|FUJITEL TELECOMUNICACOES LTDA - EPP.
68620388|75026296|304|03|404015|2021|5|24871569000190|ALESSANDRO RODRIGUES SOARES 73386200168
68620389|75026297|304|03|404015|2021|5|29979036044946|INSTITUTO NACIONAL DO SEGURO SOCIAL
68620390|75026298|304|03|404015|2021|5|29979036044946|INSTITUTO NACIONAL DO SEGURO SOCIAL
68620391|75026299|304|03|404015|2021|5|29979036044946|INSTITUTO NACIONAL DO SEGURO SOCIAL
68620392|75026300|304|03|404015|2021|5|18715615000160|FUNDO DE GARANTIA POR TEMPO DE SERVICO
68620393|75026304|304|03|404015|2021|5|18715615000160|FUNDO DE GARANTIA POR TEMPO DE SERVICO
68620394|75026305|304|03|404015|2021|5|24871569000190|ALESSANDRO RODRIGUES SOARES 73386200168
68620395|75026306|304|03|404015|2021|5|00360305000104|CAIXA ECONOMICA FEDERAL
68620396|75026308|304|03|404015|2021|5|18715615000160|FUNDO DE GARANTIA POR TEMPO DE SERVICO
68620397|75026309|304|03|404015|2021|5|02628117000140|JARBAS SEBASTIAO DOS REIS-ME
68620398|75026310|304|03|404015|2021|5|09666624000117|GESTCOM INFORMATICA LTDA - ME
68620399|75026311|304|03|404015|2021|5|13576654000100|BHS BOMBAS HIDRAULICAS E SERVICOS LTDA
68620400|75026312|304|03|404015|2021|5|05049369000102|MATOS & SILVA, TRANSPORTES,COM. E SERVICOS LTDA
68620401|75026313|304|03|404015|2021|5|02628117000140|JARBAS SEBASTIAO DOS REIS-ME
68620402|75026314|304|03|404015|2021|5|01963440000107|MC MEDICINA E CONSULTORIA OCUPACIONAL LTDA - EPP.
68620403|75026315|304|03|404015|2021|5|25191800000168|EMPRESA JORNALISTICA OPINIAO LTDA
68620404|75026316|304|03|404015|2021|5|05919869000158|DICLORINA IND.COM.E.PRESTACOES DE SERV. LTDA
68620405|75026317|304|03|404015|2021|5|10558226000166|LOKARFLEX LOCADORA DE VEICULOS LTDA-ME
68620406|75026318|304|03|404015|2021|5|23314651000151|ORGANIZACAO EMY LTDA-EPP
68620407|75026319|304|03|404015|2021|5|09025241000160|MONITORA SEGURANCA ELETRONICA LTDA-ME
68620408|75026320|304|03|404015|2021|5|11849606000112|MARCIO NAZARET AMARO
68620409|75026321|304|03|404015|2021|5|17926188000104|SINTAGMA ZENITE COMER.PAPELARIA E ESPORTES LTDA-ME
68620410|75026322|304|03|404015|2021|5|05049369000102|MATOS & SILVA, TRANSPORTES,COM. E SERVICOS LTDA
68620411|75026323|304|03|404015|2021|5|19525278000372|BAUMINAS QUIMICA SA FILIAL
68620412|75026324|304|03|404015|2021|5|05919869000158|DICLORINA IND.COM.E.PRESTACOES DE SERV. LTDA
68620413|75026325|304|03|404015|2021|5|10558226000166|LOKARFLEX LOCADORA DE VEICULOS LTDA-ME
68620414|75026326|304|03|404015|2021|5|14164310000156|CONECTA ITABIRA INFORMATICA LTDA ME
68620415|75026327|304|03|404015|2021|5|30968913000167|WENDERSON SILVA PEIXOTO DE MELLO-ME
68620416|75026328|304|03|404015|2021|5|05049369000102|MATOS & SILVA, TRANSPORTES,COM. E SERVICOS LTDA
68620417|75026329|304|03|404015|2021|5|00377455000120|IDEXX BRASIL LABORATÓRIOS LTDA
68620418|75026330|304|03|404015|2021|5|10558226000166|LOKARFLEX LOCADORA DE VEICULOS LTDA-ME
68620419|75026331|304|03|404015|2021|5|11849606000112|MARCIO NAZARET AMARO
68620420|75026332|304|03|404015|2021|5|92559830000171|GREEN CARD SA REFEICOES COMERCIO E SERVICOS
68620421|75026333|304|03|404015|2021|5|00165960000101|GOVERNANCABRASIL SA TECNOL. E GESTAO DE SERVICOS
68620422|75026334|304|03|404015|2021|5|02628117000140|JARBAS SEBASTIAO DOS REIS-ME
68620423|75026335|304|03|404015|2021|5|23647365000108|BAUMINAS QUIMICA NNE LTDA.
68620424|75026336|304|03|404015|2021|5|05919869000158|DICLORINA IND.COM.E.PRESTACOES DE SERV. LTDA
68620425|75026337|304|03|404015|2021|5|13224500000159|QUIMAFLEX PRODUTOS QUIMICOS LTDA EPP
68620426|75026338|304|03|404015|2021|5|41952235000160|SUL AMERICA ENGENHARIA LTDA.
68620427|75026339|304|03|404015|2021|5|23314651000151|ORGANIZACAO EMY LTDA-EPP
68620428|75026340|304|03|404015|2021|5|00636766000167|DIOGENES SILVA COMERCIO & SERVICOS LTDA
68620429|75026341|304|03|404015|2021|5|00000000000191|BANCO DO BRASIL-RECEITA FEDERAL-IRRF
68620430|75026342|304|03|404015|2021|5|90400888000142|BANCO SANTANDER (BRASIL) SA
68620431|75026343|304|03|404015|2021|5|10585071000157|GILBERTO MAGELA SIQUEIRA-ME
68620432|75026344|304|03|404015|2021|5|60701190000104|BANCO ITAU SA
68620433|75026345|304|03|404015|2021|5|16746489000185|DROGARIA SAO CLEMENTE LTDA
68620434|75026346|304|03|404015|2021|5|60746948000112|BANCO BRADESCO S.A.
68620435|75026347|304|03|404015|2021|5|34028316000103|EMPRESA BRASILEIRA DE CORREIOS E TELEGRAFOS
68620436|75026348|304|03|404015|2021|5|29482268000199|RODRIGO ISABEL SERGIO
68620437|75026349|304|03|404015|2021|5|05475103000121|SECRETARIA DE ESTADO DE GOVERNO
68620438|75026350|304|03|404015|2021|5|29926863000176|FARLEI LOPES FRANCO
68620439|75026351|304|03|404015|2021|5|06981180000116|CEMIG DISTRIBUICAO S.A
68620440|75026352|304|03|404015|2021|5|20232336000197|MAPEL-MAQUINAS E ARTIGOS PARA ESCRITORIO LTDA-ME
68620441|75026353|304|03|404015|2021|5|05423963000111|OI MOVEL SA
68620442|75026354|304|03|404015|2021|5|33000118000179|TELEMAR NORTE LESTE SA - MATRIZ
68556148|74954921|305|04|404016|2021|5|00360305000104|FGTS
68556149|74954922|305|04|404016|2021|5|084***226**|DARLAN CORRADI PERDIGAO DE ALMEIDA
68556150|74954923|305|04|404016|2021|5|29979036000140|INSS
68556129|74954894|306|05|404014|2021|5|00360305144106|CAIXA ECONOMICA FEDERAL
68556130|74954896|306|05|404014|2021|5|17578748000179|MICHELLE PEREIRA FRANCO PEDROSO
68556131|74954897|306|05|404014|2021|5|29979036000140|INSTITUTO NACIONAL DO SEGURO SOCIAL
68556132|74954898|306|05|404014|2021|5|29979036000140|INSTITUTO NACIONAL DO SEGURO SOCIAL
68556133|74954899|306|05|404014|2021|5|18979005000173|EMPRESA TRANSCOL LTDA
68556134|74954900|306|05|404014|2021|5|00394460005887|SECRETARIA DA RECEITA FEDERAL DO BRASIL
68556135|74954903|306|05|404014|2021|5|29979036000140|INSTITUTO NACIONAL DO SEGURO SOCIAL
68556136|74954904|306|05|404014|2021|5|76535764000143|OI SA
68556137|74954905|306|05|404014|2021|5|29979036000140|INSTITUTO NACIONAL DO SEGURO SOCIAL
68556138|74954906|306|05|404014|2021|5|17359233000188|TECIDOS E ARMARINHOS MIGUEL BARTOLOMEU SA
68556139|74954908|306|05|404014|2021|5|00360305000104|FGTS
68556140|74954911|306|05|404014|2021|5|29979036000140|INSTITUTO NACIONAL DO SEGURO SOCIAL
68556141|74954913|306|05|404014|2021|5|00360305000104|FGTS
68556142|74954914|306|05|404014|2021|5|00360305000104|FGTS
68556143|74954915|306|05|404014|2021|5|29979036000140|INSTITUTO NACIONAL DO SEGURO SOCIAL
68556144|74954916|306|05|404014|2021|5|00360305000104|FGTS
68556145|74954917|306|05|404014|2021|5|29979036000140|INSTITUTO NACIONAL DO SEGURO SOCIAL
68556146|74954918|306|05|404014|2021|5|29979036000140|INSTITUTO NACIONAL DO SEGURO SOCIAL
68556147|74954919|306|05|404014|2021|5|00360305144106|CAIXA ECONOMICA FEDERAL
75189048|82228882|302|01|404013|2021|11|29979036000140|INSTITUTO NACIONAL DO SEGURO SOCIAL
75189049|82228883|302|01|404013|2021|11|00360305000104|CAIXA E.FEDERAL
75189050|82228886|302|01|404013|2021|11|29979036000140|INSTITUTO NACIONAL DO SEGURO SOCIAL
75189051|82228887|302|01|404013|2021|11|00360305000104|CAIXA E.FEDERAL
75189052|82228888|302|01|404013|2021|11|29979036000140|INSTITUTO NACIONAL DO SEGURO SOCIAL
75189053|82228892|302|01|404013|2021|11|09025241000160|MONITORA SEGURANÇA ELETRONICA LTDAME
75189054|82228894|302|01|404013|2021|11|01838723019499|BRF S.A.
75189055|82228896|302|01|404013|2021|11|00360305000104|CAIXA E.FEDERAL
75189056|82228897|302|01|404013|2021|11|08718431000108|WIRECARD BRASIL S.A.
75189057|82228898|302|01|404013|2021|11|29979036000140|INSTITUTO NACIONAL DO SEGURO SOCIAL
75189323|82229322|302|01|404013|2021|12|18976811000279|JESU CAETANO FONSECA
75189324|82229323|302|01|404013|2021|12|00360305000104|CAIXA E.FEDERAL
75189325|82229324|302|01|404013|2021|12|16539054000160|BB TURISMO LTDA
75189326|82229326|302|01|404013|2021|12|29979036000140|INSTITUTO NACIONAL DO SEGURO SOCIAL
75189327|82229327|302|01|404013|2021|12|00360305000104|CAIXA E.FEDERAL
75189328|82229329|302|01|404013|2021|12|29979036000140|INSTITUTO NACIONAL DO SEGURO SOCIAL
75189329|82229332|302|01|404013|2021|12|29979036000140|INSTITUTO NACIONAL DO SEGURO SOCIAL
75189330|82229334|302|01|404013|2021|12|29979036000140|INSTITUTO NACIONAL DO SEGURO SOCIAL
75189331|82229335|302|01|404013|2021|12|05684180000191|COMPANHIA ITABIRANA DE TELECOMUNICACOES LTDA
75189332|82229337|302|01|404013|2021|12|76535764000143|OI S.A. - EM RECUPERACAO JUDICIAL
75189333|82229338|302|01|404013|2021|12|76535764000143|OI S.A. - EM RECUPERACAO JUDICIAL
75189334|82229339|302|01|404013|2021|12|793***516**|CLAUDINEI GONÇALVES DO VALE
75189335|82229344|302|01|404013|2021|12|16539054000160|BB TURISMO LTDA
75189336|82229346|302|01|404013|2021|12|29979036000140|INSTITUTO NACIONAL DO SEGURO SOCIAL
75189337|82229347|302|01|404013|2021|12|34028316001509|EMPRESA BRASILEIRA CORR. TELEGRAFOS
75189338|82229348|302|01|404013|2021|12|29979036000140|INSTITUTO NACIONAL DO SEGURO SOCIAL
75189339|82229350|302|01|404013|2021|12|00360305000104|CAIXA E.FEDERAL
75189340|82229351|302|01|404013|2021|12|043***986**|FERNANDO SILVA DE ALMEIDA
75189341|82229353|302|01|404013|2021|12|16539054000160|BB TURISMO LTDA
75189342|82229354|302|01|404013|2021|12|29979036000140|INSTITUTO NACIONAL DO SEGURO SOCIAL
75189343|82229356|302|01|404013|2021|12|035***006**|DIEMERSON NEVES PORTO
75189344|82229357|302|01|404013|2021|12|29979036000140|INSTITUTO NACIONAL DO SEGURO SOCIAL
75189345|82229359|302|01|404013|2021|12|913***386**|JADSON BONSUCESSO RODRIGUES
75189346|82229360|302|01|404013|2021|12|077***256**|SERGIO FERREIRA DOS SANTOS
75189347|82229363|302|01|404013|2021|12|996***356**|DAGMA DE FATIMA CORRADI FRANCO
75189348|82229364|302|01|404013|2021|12|16539054000160|BB TURISMO LTDA
75189349|82229366|302|01|404013|2021|12|16539054000160|BB TURISMO LTDA
73039218|79885382|304|03|404015|2021|9|11849606000112|MARCIO NAZARET AMARO
73039219|79885383|304|03|404015|2021|9|23314651000151|ORGANIZACAO EMY LTDA-EPP
73039220|79885384|304|03|404015|2021|9|41952235000160|SUL AMERICA ENGENHARIA LTDA.
73039221|79885385|304|03|404015|2021|9|21151275000104|BH SOLDAS EQUIPA.DE PROTECAO INDIVIDUAL EIRELI
73039222|79885387|304|03|404015|2021|9|18715615000160|FUNDO DE GARANTIA POR TEMPO DE SERVICO
73039223|79885388|304|03|404015|2021|9|23314651000151|ORGANIZACAO EMY LTDA-EPP
73039224|79885389|304|03|404015|2021|9|23314651000151|ORGANIZACAO EMY LTDA-EPP
73039225|79885390|304|03|404015|2021|9|29979036044946|INSTITUTO NACIONAL DO SEGURO SOCIAL
73039226|79885392|304|03|404015|2021|9|00399411000100|OLIVEIRA & PINHEIRO MATERIAIS PARA CONST. LTDA
73039227|79885393|304|03|404015|2021|9|05049369000102|MATOS & SILVA, TRANSPORTES,COM. E SERVICOS LTDA
73039228|79885396|304|03|404015|2021|9|23314651000151|ORGANIZACAO EMY LTDA-EPP
73039229|79885398|304|03|404015|2021|9|41952235000160|SUL AMERICA ENGENHARIA LTDA.
73039230|79885399|304|03|404015|2021|9|23314651000151|ORGANIZACAO EMY LTDA-EPP
73039231|79885400|304|03|404015|2021|9|29979036044946|INSTITUTO NACIONAL DO SEGURO SOCIAL
73039232|79885401|304|03|404015|2021|9|00399411000100|OLIVEIRA & PINHEIRO MATERIAIS PARA CONST. LTDA
73039233|79885402|304|03|404015|2021|9|41719477000109|KARAIBA MATERIAIS DE CONSTRUCAO LTDA - ME
73039234|79885404|304|03|404015|2021|9|05049369000102|MATOS & SILVA, TRANSPORTES,COM. E SERVICOS LTDA
73039235|79885405|304|03|404015|2021|9|05049369000102|MATOS & SILVA, TRANSPORTES,COM. E SERVICOS LTDA
73039236|79885408|304|03|404015|2021|9|18715615000160|FUNDO DE GARANTIA POR TEMPO DE SERVICO
73039237|79885409|304|03|404015|2021|9|33915396000156|DIRETA MATERIAIS HIDRAULICOS LTDA
73039238|79885411|304|03|404015|2021|9|23314651000151|ORGANIZACAO EMY LTDA-EPP
73039239|79885412|304|03|404015|2021|9|33915396000156|DIRETA MATERIAIS HIDRAULICOS LTDA
73039240|79885414|304|03|404015|2021|9|04898233000104|ALPHAMEC LTDA
73039241|79885415|304|03|404015|2021|9|33915396000156|DIRETA MATERIAIS HIDRAULICOS LTDA
73039242|79885416|304|03|404015|2021|9|17926188000104|SINTAGMA ZENITE COMER.PAPELARIA E ESPORTES LTDA-ME
73039243|79885417|304|03|404015|2021|9|00636766000167|DIOGENES SILVA COMERCIO & SERVICOS LTDA
73039244|79885419|304|03|404015|2021|9|01963440000107|MC MEDICINA E CONSULTORIA OCUPACIONAL LTDA - EPP.
73039245|79885420|304|03|404015|2021|9|14644274000128|ROSIMEIRE RODRIGUES ALVES VIEIRA
73039246|79885421|304|03|404015|2021|9|05475103000121|SECRETARIA DE ESTADO DE GOVERNO
73039247|79885422|304|03|404015|2021|9|04817485000161|BPD SERVICOS DE PROCESSAMENTO DE DADOS
73039248|79885423|304|03|404015|2021|9|10585071000157|GILBERTO MAGELA SIQUEIRA-ME
73039249|79885424|304|03|404015|2021|9|18715615000160|FUNDO DE GARANTIA POR TEMPO DE SERVICO
73039250|79885425|304|03|404015|2021|9|60701190000104|BANCO ITAU SA
73039251|79885426|304|03|404015|2021|9|17926188000104|SINTAGMA ZENITE COMER.PAPELARIA E ESPORTES LTDA-ME
73039252|79885427|304|03|404015|2021|9|60746948000112|BANCO BRADESCO S.A.
73039253|79885429|304|03|404015|2021|9|90400888000142|BANCO SANTANDER (BRASIL) SA
73039254|79885430|304|03|404015|2021|9|60701190000104|BANCO ITAU SA
73039255|79885431|304|03|404015|2021|9|25191800000168|EMPRESA JORNALISTICA OPINIAO LTDA
73039256|79885432|304|03|404015|2021|9|01963440000107|MC MEDICINA E CONSULTORIA OCUPACIONAL LTDA - EPP.
73039257|79885433|304|03|404015|2021|9|00000000000191|BANCO DO BRASIL-RECEITA FEDERAL-IRRF
73039258|79885434|304|03|404015|2021|9|90400888000142|BANCO SANTANDER (BRASIL) SA
73039259|79885435|304|03|404015|2021|9|00000000000191|BANCO DO BRASIL-RECEITA FEDERAL-IRRF
73039260|79885436|304|03|404015|2021|9|00360305000104|CAIXA ECONOMICA FEDERAL
73039261|79885438|304|03|404015|2021|9|29979036044946|INSTITUTO NACIONAL DO SEGURO SOCIAL
73039262|79885439|304|03|404015|2021|9|00000000000191|BANCO DO BRASIL-RECEITA FEDERAL-IRRF
73039263|79885440|304|03|404015|2021|9|17926188000104|SINTAGMA ZENITE COMER.PAPELARIA E ESPORTES LTDA-ME
75512459|82600996|306|05|404014|2021|12|160***606**|RAFAEL ÍVEN SANTOS OLIVEIRA
75512460|82600997|306|05|404014|2021|12|148***766**|JOSÉ EDUARDO DE ALMEIDA
75512461|82600998|306|05|404014|2021|12|159***316**|LUÍS OTAVIO DE BRITO RIBEIRO
75512462|82600999|306|05|404014|2021|12|115***656**|JOAO AFRÂNIO SALES XAVIER SANTOS
75512463|82601000|306|05|404014|2021|12|701***926**|LÍVIA MARIA VIEIRA PESSOA
75512464|82601001|306|05|404014|2021|12|160***986**|ISABELLA GIOVANNA DE ALMEIDA
75512465|82601002|306|05|404014|2021|12|109***676**|FABIO HENRIQUE NOVAIS SOARES
75512466|82601003|306|05|404014|2021|12|020***776**|ALINE DE JESUS TORRES ALEME
75512467|82601004|306|05|404014|2021|12|153***646**|NEYMAR DA CONCEICAO SILVA
75512468|82601005|306|05|404014|2021|12|140***336**|ISABELA MARIA NUNES DA CRUZ
75512469|82601006|306|05|404014|2021|12|115***656**|JOAO AFRÂNIO SALES XAVIER SANTOS
75512470|82601007|306|05|404014|2021|12|170***186**|HENRIQUE TADEU MARTINS CARNEIRO
75512471|82601008|306|05|404014|2021|12|135***136**|ARTHUR HENRIQUE ROSA ALMEIDA
75512472|82601009|306|05|404014|2021|12|153***516**|MARIANA ROSA VIEIRA
75512473|82601010|306|05|404014|2021|12|140***336**|ISABELA MARIA NUNES DA CRUZ
75512474|82601011|306|05|404014|2021|12|159***276**|ANA LUÍSA DOS SANTOS MEIRELES
75512475|82601012|306|05|404014|2021|12|170***186**|HENRIQUE TADEU MARTINS CARNEIRO
75512476|82601013|306|05|404014|2021|12|149***686**|MATHEUS FABIAN MELO DOS SANTOS
75512477|82601014|306|05|404014|2021|12|149***686**|MATHEUS FABIAN MELO DOS SANTOS
75512478|82601015|306|05|404014|2021|12|188***596**|ADRIELE MARCELE CARLOS ELEODORO
75512479|82601016|306|05|404014|2021|12|167***096**|BEATRIZ ROBERTA DE CARVALHO E SOUZA
75512480|82601017|306|05|404014|2021|12|701***926**|LÍVIA MARIA VIEIRA PESSOA
75512481|82601018|306|05|404014|2021|12|701***996**|ROBERT OLIVEIRA PEIXOTO DE MELO FILHO
75512482|82601019|306|05|404014|2021|12|170***296**|RAFAEL MARCONDES FONTANA PEIXOTO DE MELO
75512483|82601020|306|05|404014|2021|12|106***926**|AUGUSTO HENRIQUE GERVASIO FRANCO
75512484|82601021|306|05|404014|2021|12|160***136**|LUIZ HENRIQUE OLIVEIRA SILVA
75512485|82601022|306|05|404014|2021|12|170***296**|RAFAEL MARCONDES FONTANA PEIXOTO DE MELO
75512486|82601023|306|05|404014|2021|12|161***106**|LIRIELY ALVES RIBEIRO
75512487|82601024|306|05|404014|2021|12|116***046**|DAVID MARCELINO FERREIRA DE SENA
75512488|82601025|306|05|404014|2021|12|116***046**|DAVID MARCELINO FERREIRA DE SENA
75512489|82601026|306|05|404014|2021|12|160***986**|ISABELLA GIOVANNA DE ALMEIDA
75512490|82601027|306|05|404014|2021|12|161***106**|LIRIELY ALVES RIBEIRO
75512491|82601028|306|05|404014|2021|12|159***316**|LUÍS OTAVIO DE BRITO RIBEIRO
75512492|82601029|306|05|404014|2021|12|162***046**|MARCELO BETUEL ZANON LEAL
75512493|82601030|306|05|404014|2021|12|162***046**|MARCELO BETUEL ZANON LEAL
75512494|82601031|306|05|404014|2021|12|160***606**|RAFAEL ÍVEN SANTOS OLIVEIRA
75512495|82601032|306|05|404014|2021|12|159***276**|ANA LUÍSA DOS SANTOS MEIRELES
75512496|82601033|306|05|404014|2021|12|135***136**|ARTHUR HENRIQUE ROSA ALMEIDA
75512497|82601034|306|05|404014|2021|12|129***796**|SAMYRES PATRÍCIA GONCALVES DE MAGALHAES
75512498|82601035|306|05|404014|2021|12|106***926**|AUGUSTO HENRIQUE GERVASIO FRANCO
75512499|82601036|306|05|404014|2021|12|167***096**|BEATRIZ ROBERTA DE CARVALHO E SOUZA
75512500|82601037|306|05|404014|2021|12|154***566**|VITOR HUGO FERREIRA
75512501|82601038|306|05|404014|2021|12|166***406**|AMANDA CAROLINE FERNANDES DE JESUS
75512502|82601039|306|05|404014|2021|12|153***646**|NEYMAR DA CONCEICAO SILVA
75512503|82601040|306|05|404014|2021|12|29979036000140|INSTITUTO NACIONAL DO SEGURO SOCIAL
75512504|82601042|306|05|404014|2021|12|129***796**|SAMYRES PATRÍCIA GONCALVES DE MAGALHAES
75512505|82601043|306|05|404014|2021|12|088***496**|KARINA MONTEIRO SANTOS
75512506|82601044|306|05|404014|2021|12|153***516**|MARIANA ROSA VIEIRA
75512507|82601045|306|05|404014|2021|12|188***596**|ADRIELE MARCELE CARLOS ELEODORO
75512508|82601046|306|05|404014|2021|12|153***486**|ALEX SANDER DE SOUZA ROSA
75512509|82601047|306|05|404014|2021|12|020***776**|ALINE DE JESUS TORRES ALEME
75512510|82601048|306|05|404014|2021|12|166***406**|AMANDA CAROLINE FERNANDES DE JESUS
75512511|82601049|306|05|404014|2021|12|088***496**|KARINA MONTEIRO SANTOS
75512512|82601050|306|05|404014|2021|12|109***676**|FABIO HENRIQUE NOVAIS SOARES
75512513|82601051|306|05|404014|2021|12|148***766**|JOSÉ EDUARDO DE ALMEIDA
75512514|82601053|306|05|404014|2021|12|31748174000675|LAFAIETE PROVEDOR DE INTERNET E TELECOMUNICACOES
75512515|82601054|306|05|404014|2021|12|00394460005887|SECRETARIA DA RECEITA FEDERAL DO BRASIL
75512516|82601055|306|05|404014|2021|12|29979036000140|INSTITUTO NACIONAL DO SEGURO SOCIAL
75512517|82601056|306|05|404014|2021|12|29979036000140|INSTITUTO NACIONAL DO SEGURO SOCIAL
75512518|82601057|306|05|404014|2021|12|29979036000140|INSTITUTO NACIONAL DO SEGURO SOCIAL
75512519|82601058|306|05|404014|2021|12|29979036000140|INSTITUTO NACIONAL DO SEGURO SOCIAL
75512520|82601059|306|05|404014|2021|12|29979036000140|INSTITUTO NACIONAL DO SEGURO SOCIAL
75512521|82601060|306|05|404014|2021|12|10685157000151|DISTRIBUIDORA ROCHA
75512522|82601062|306|05|404014|2021|12|29979036000140|INSTITUTO NACIONAL DO SEGURO SOCIAL
75512523|82601065|306|05|404014|2021|12|29979036000140|INSTITUTO NACIONAL DO SEGURO SOCIAL
75512524|82601066|306|05|404014|2021|12|00360305000104|FGTS
75512525|82601069|306|05|404014|2021|12|00360305000104|FGTS
75512526|82601071|306|05|404014|2021|12|10222563000188|SALGADOS AMIGAO LTDA ME
75512527|82601074|306|05|404014|2021|12|29979036000140|INSTITUTO NACIONAL DO SEGURO SOCIAL
75512528|82601075|306|05|404014|2021|12|00360305000104|FGTS
75512529|82601076|306|05|404014|2021|12|29979036000140|INSTITUTO NACIONAL DO SEGURO SOCIAL
75512530|82601077|306|05|404014|2021|12|00360305000104|FGTS
75338103|82396918|303|02|404011|2021|12|23250713000109|CERTIDIGI CERTIFICADO DIGITAL E SEG DE INFORMACAO
75338104|82396919|303|02|404000|2021|12|23250713000109|CERTIDIGI CERTIFICADO DIGITAL E SEG DE INFORMACAO
75338105|82396920|303|02|403992|2021|12|09025241000160|MONITORA SEGURANCA ELETRONICA LTDA ME
75338106|82396921|303|02|403992|2021|12|00360305000104|CAIXA ECONOMICA FEDERAL
75338107|82396922|303|02|404000|2021|12|29979036000140|INSS INSTITUTO NACIONAL DO SEGURO SOCIAL
75338108|82396923|303|02|404000|2021|12|41719477000109|KARAIBA MATERIAIS DE CONSTRUCAO LTDA
75338109|82396924|303|02|403991|2021|12|14278276000140|SX TECNOLOGIA E SERVICOS CORPORATIVOS EIRELI ME
75338110|82396925|303|02|404000|2021|12|116***336**|LEONARDO SILVESTRE PERDIGAO
75338111|82396926|303|02|403992|2021|12|29979036000140|INSS INSTITUTO NACIONAL DO SEGURO SOCIAL
75338112|82396928|303|02|404011|2021|12|17926188000104|SINTAGMA ZENITE COMERCIO EIRELI
75338113|82396930|303|02|404000|2021|12|393***866**|HELIO AUGUSTO DAS NEVES
75338114|82396931|303|02|403992|2021|12|21467701000105|SUPER CESTA BÁSICA DE ALIMENTOS EIRELI
75338115|82396932|303|02|404000|2021|12|809***366**|JOAO ROBERTO DE ARAUJO LIMA
75338116|82396933|303|02|403993|2021|12|01298583000141|TRIBUNAL REGIONAL DO TRABALHO DA 3ª REGIAO
75338117|82396934|303|02|403993|2021|12|01298583000141|TRIBUNAL REGIONAL DO TRABALHO DA 3ª REGIAO
75338118|82396935|303|02|403993|2021|12|01298583000141|TRIBUNAL REGIONAL DO TRABALHO DA 3ª REGIAO
75338119|82396936|303|02|403993|2021|12|21154554000113|TRIBUNAL DE JUSTICA DE MINAS GERAIS
75338120|82396937|303|02|403993|2021|12|01298583000141|TRIBUNAL REGIONAL DO TRABALHO DA 3ª REGIAO
75338121|82396938|303|02|403993|2021|12|01298583000141|TRIBUNAL REGIONAL DO TRABALHO DA 3ª REGIAO
75337954|82396681|303|02|404017|2021|12|069***666**|CAMILLA DA SILVA E SOUZA
75337955|82396682|303|02|404017|2021|12|068***776**|IZABELA CRISTINA RODRIGUES DOS SANTOS
75337956|82396683|303|02|404017|2021|12|147***686**|ANNA BEATRIZ PAZ SANTOS
75337957|82396684|303|02|404017|2021|12|147***716**|YASMIN PARRA DA CRUZ
75337958|82396685|303|02|404017|2021|12|147***326**|VINICIOS LEONE AGUIAR FIDELIS
75337959|82396686|303|02|404017|2021|12|015***986**|GUILHERME AUGUSTO PAULINO PEREIRA
75337960|82396687|303|02|404017|2021|12|704***586**|MUNIK CRISTINA COELHO FERREIRA
75337961|82396688|303|02|404017|2021|12|144***486**|THAIS LOBO BRITO
75337962|82396689|303|02|404017|2021|12|145***146**|EMANUELLY APARECIDA PAULINO
75337963|82396690|303|02|404017|2021|12|072***616**|MELISSA VICTÓRIA FERNANDES DOS REIS VALADARES
75337964|82396691|303|02|404017|2021|12|143***846**|JAQUELINE DE FATIMA SILVESTRE
75337965|82396694|303|02|404017|2021|12|00360305000104|CAIXA ECONOMICA FEDERAL
75337966|82396695|303|02|404017|2021|12|29979036000140|INSS INSTITUTO NACIONAL DO SEGURO SOCIAL
75337967|82396697|303|02|404017|2021|12|11963458000162|LEONARDO FILOMENO ME
75337968|82396698|303|02|404017|2021|12|00360305000104|CAIXA ECONOMICA FEDERAL
75337969|82396701|303|02|404017|2021|12|29979036000140|INSS INSTITUTO NACIONAL DO SEGURO SOCIAL
75337970|82396703|303|02|404017|2021|12|29979036000140|INSS INSTITUTO NACIONAL DO SEGURO SOCIAL
75337971|82396704|303|02|404017|2021|12|00360305000104|CAIXA ECONOMICA FEDERAL
75337972|82396708|303|02|403998|2021|12|00360305000104|CAIXA ECONOMICA FEDERAL
75337973|82396710|303|02|403998|2021|12|40464205000142|EMARTINS ATACADISTA LTDA
75337974|82396711|303|02|403991|2021|12|21000203000158|APAE ASSOCIACAO DE PAIS E AMIGOS DOS EXCEPCIONAIS
75337975|82396712|303|02|403998|2021|12|00360305000104|CAIXA ECONOMICA FEDERAL
75337976|82396713|303|02|403998|2021|12|29979036000140|INSS INSTITUTO NACIONAL DO SEGURO SOCIAL
75337977|82396715|303|02|403998|2021|12|29979036000140|INSS INSTITUTO NACIONAL DO SEGURO SOCIAL
75337978|82396716|303|02|403991|2021|12|70947536000102|ASSOCIACAO COM DO BAIRRO CHARNEAUX
75337979|82396718|303|02|404008|2021|12|026***096**|FERNANDA MOREIRA FERNANDES CANDIDO
75337980|82396719|303|02|403998|2021|12|00360305000104|CAIXA ECONOMICA FEDERAL
75337981|82396720|303|02|403998|2021|12|29979036000140|INSS INSTITUTO NACIONAL DO SEGURO SOCIAL
75337982|82396722|303|02|403998|2021|12|00360305000104|CAIXA ECONOMICA FEDERAL
75337983|82396723|303|02|404008|2021|12|20999751000170|CENTRO INFANTIL DE CAETÉ
75337984|82396724|303|02|404008|2021|12|29979036000140|INSS INSTITUTO NACIONAL DO SEGURO SOCIAL
75337985|82396727|303|02|404008|2021|12|069***096**|MERIDIANA GEORGETE DE CASSIA FERREIRA
75337986|82396728|303|02|404008|2021|12|081***706**|CRISTINA APARECIDA DA SILVA
75337987|82396729|303|02|404008|2021|12|29979036000140|INSS INSTITUTO NACIONAL DO SEGURO SOCIAL
75337988|82396730|303|02|404008|2021|12|20999751000170|CENTRO INFANTIL DE CAETÉ
75337989|82396731|303|02|404008|2021|12|596***276**|JANE MARIZE MARQUES
75337990|82396733|303|02|403998|2021|12|29979036000140|INSS INSTITUTO NACIONAL DO SEGURO SOCIAL
75337991|82396736|303|02|404000|2021|12|20839994000141|QUANTUM ENGENHARIA E CONSULTORIA LTDA
75337992|82396737|303|02|404000|2021|12|38745428000136|CONSTRUTORA APICE LTDA
75337994|82396739|303|02|404000|2021|12|28122720000149|CONSTRUTORA LUTA LTDA
75337995|82396740|303|02|404000|2021|12|03078035000131|SYSCON COMERCIO E SERVICOS LTDA
75337996|82396741|303|02|404000|2021|12|18225557000196|CONSTRUTORA REMO LTDA
75337997|82396742|303|02|404000|2021|12|28231621000103|ALVES SOLUCOES INTEGRADAS LTDA
75337998|82396747|303|02|403993|2021|12|29979036000140|INSS INSTITUTO NACIONAL DO SEGURO SOCIAL
75337999|82396748|303|02|403993|2021|12|081***546**|DEBORA LUCIANA APARECIDA SILVA
75338000|82396749|303|02|403993|2021|12|00360305000104|CAIXA ECONOMICA FEDERAL
75338001|82396750|303|02|403993|2021|12|29979036000140|INSS INSTITUTO NACIONAL DO SEGURO SOCIAL
75338002|82396755|303|02|403993|2021|12|00360305000104|CAIXA ECONOMICA FEDERAL
75338003|82396758|303|02|404007|2021|12|29979036000140|INSS INSTITUTO NACIONAL DO SEGURO SOCIAL
75338004|82396760|303|02|404007|2021|12|29979036000140|INSS INSTITUTO NACIONAL DO SEGURO SOCIAL
75338005|82396761|303|02|404007|2021|12|00360305000104|CAIXA ECONOMICA FEDERAL
75338006|82396764|303|02|404007|2021|12|00360305000104|CAIXA ECONOMICA FEDERAL
75338007|82396765|303|02|403991|2021|12|13237191000151|SEC EST DE CASA CIVIL E REL INSTITUCIONAIS
75338008|82396766|303|02|403999|2021|12|00360305000104|CAIXA ECONOMICA FEDERAL
75338009|82396767|303|02|403999|2021|12|29979036000140|INSS INSTITUTO NACIONAL DO SEGURO SOCIAL
75338010|82396770|303|02|403999|2021|12|00360305000104|CAIXA ECONOMICA FEDERAL
75338011|82396772|303|02|403999|2021|12|29979036000140|INSS INSTITUTO NACIONAL DO SEGURO SOCIAL
75338012|82396773|303|02|403999|2021|12|00360305000104|CAIXA ECONOMICA FEDERAL
75338013|82396776|303|02|403999|2021|12|29979036000140|INSS INSTITUTO NACIONAL DO SEGURO SOCIAL
75338014|82396777|303|02|403999|2021|12|00360305000104|CAIXA ECONOMICA FEDERAL
75338015|82396781|303|02|403999|2021|12|29979036000140|INSS INSTITUTO NACIONAL DO SEGURO SOCIAL
75338016|82396782|303|02|403991|2021|12|652***766**|CESAR DOS REIS VIEIRA
75338017|82396783|303|02|404006|2021|12|29979036000140|INSS INSTITUTO NACIONAL DO SEGURO SOCIAL
75338018|82396785|303|02|403992|2021|12|33000118000330|TELEMAR NORTE LESTE SA
75338019|82396787|303|02|403992|2021|12|17926188000104|SINTAGMA ZENITE COMERCIO EIRELI
75338020|82396788|303|02|404000|2021|12|00604122000197|TRIVALE ADMINISTRACAO LTDA
75338021|82396790|303|02|404009|2021|12|125***636**|BRAULIO LUIS PERDIGAO DOS SANTOS
75338022|82396791|303|02|404009|2021|12|00360305000104|CAIXA ECONOMICA FEDERAL
75338023|82396793|303|02|403992|2021|12|29979036000140|INSS INSTITUTO NACIONAL DO SEGURO SOCIAL
75338024|82396794|303|02|404000|2021|12|17926188000104|SINTAGMA ZENITE COMERCIO EIRELI
75338025|82396797|303|02|404000|2021|12|717***126**|WAGNER BATISTA DOS SANTOS
75338026|82396799|303|02|404000|2021|12|034***908**|MARCIO SALVADOR DOS SANTOS
75338027|82396800|303|02|404000|2021|12|794***406**|ARISTON FERREIRA DE DEUS
75338028|82396801|303|02|404000|2021|12|29979036000140|INSS INSTITUTO NACIONAL DO SEGURO SOCIAL
75338029|82396804|303|02|403991|2021|12|102***366**|MARCOS LUCIANO DE FIGUEREDO
75338030|82396805|303|02|403991|2021|12|00604122000197|TRIVALE ADMINISTRACAO LTDA
75338031|82396806|303|02|403991|2021|12|41955550000141|GRAFICA ANDORINHA E EDITORA LTDA
75338032|82396807|303|02|404000|2021|12|40464205000142|EMARTINS ATACADISTA LTDA
75338033|82396809|303|02|404000|2021|12|815***356**|CARLOS ROBERTO DA SILVA
75338034|82396810|303|02|404011|2021|12|00360305000104|CAIXA ECONOMICA FEDERAL
75338035|82396812|303|02|404009|2021|12|29979036000140|INSS INSTITUTO NACIONAL DO SEGURO SOCIAL
75338036|82396813|303|02|404009|2021|12|111***496**|PEDRO HENRIQUE SILVA DA CONCEICAO
75338037|82396817|303|02|404000|2021|12|914***066**|MAURICIO RODRIGUES
75338038|82396818|303|02|404006|2021|12|00360305000104|CAIXA ECONOMICA FEDERAL
75338039|82396819|303|02|404000|2021|12|042***346**|AFRÂNIO REI DE FRANCA SILVA
75338040|82396820|303|02|404000|2021|12|545***896**|ANTONIO DOS SANTOS FILHO
75338041|82396821|303|02|404009|2021|12|101***946**|DEYVIT TEIXEIRA DA SILVA
75338042|82396822|303|02|404000|2021|12|652***106**|SEBASTIAO DIAS DA SILVA
75338043|82396823|303|02|404000|2021|12|136***926**|TAYNA FRANCIELY NUNES DE SENA
75338044|82396824|303|02|403991|2021|12|22497371000163|SMART PONTO CONTROLE DE PONTO ACESSO E INFORMÁTICA EIRELI
75338045|82396825|303|02|404000|2021|12|251***296**|CARLOS ALBERTO MALAQUIAS
75338046|82396826|303|02|403992|2021|12|23250713000109|CERTIDIGI CERTIFICADO DIGITAL E SEG DE INFORMACAO
75338047|82396827|303|02|404011|2021|12|00360305000104|CAIXA ECONOMICA FEDERAL
75338048|82396828|303|02|403991|2021|12|29979036000140|INSS INSTITUTO NACIONAL DO SEGURO SOCIAL
75338049|82396829|303|02|404000|2021|12|825***046**|ANTÔNIO MARQUES GOMIDES
75338050|82396830|303|02|404000|2021|12|41719477000109|KARAIBA MATERIAIS DE CONSTRUCAO LTDA
75338051|82396832|303|02|403991|2021|12|842***946**|LUCAS COELHO FERREIRA
75338052|82396836|303|02|403992|2021|12|17270476000145|CNA MULTIFORMATO E LOGISTICA LTDA ME
75338053|82396839|303|02|404000|2021|12|00360305000104|CAIXA ECONOMICA FEDERAL
75338055|82396842|303|02|404009|2021|12|11963458000162|LEONARDO FILOMENO ME
75338056|82396843|303|02|403992|2021|12|08916896000165|JL COMERCIO TICO GÁS CAETÉ LTDAEPP
75338057|82396845|303|02|404000|2021|12|00360305144106|CAIXA ECONOMICA FEDERAL
75338058|82396847|303|02|403991|2021|12|00360305000104|CAIXA ECONOMICA FEDERAL
75338059|82396848|303|02|404000|2021|12|12719447000102|DP ESPORTES EIRELI
75338060|82396850|303|02|404011|2021|12|90400888184286|BANCO SANTANDER SA
75338061|82396851|303|02|404000|2021|12|41719477000109|KARAIBA MATERIAIS DE CONSTRUCAO LTDA
75338062|82396853|303|02|403991|2021|12|00360305000104|CAIXA ECONOMICA FEDERAL
75338063|82396854|303|02|404011|2021|12|29979036000140|INSS INSTITUTO NACIONAL DO SEGURO SOCIAL
75338064|82396856|303|02|404000|2021|12|126***216**|STHEFANIA CARDOSO DE SOUZA
75338065|82396857|303|02|403992|2021|12|04309564000161|ESTRELA LOGÍSTICA EIRELI
75338066|82396858|303|02|404000|2021|12|07062925000106|ORGANIZACOES MSL COMERCIO E INDUSTRIA DE MATERIAIS ELETRICOS LTDA
75338067|82396859|303|02|404009|2021|12|028***866**|LORENA ELIZEU MUZZI
75338068|82396861|303|02|404000|2021|12|158***366**|TAYLON LUCAS DE ALMEIDA
75338069|82396862|303|02|404006|2021|12|033***436**|ADRIANA DO NASCIMENTO BATISTA
75338070|82396864|303|02|404000|2021|12|10803557000114|FORTE COMERCIO DE ALIMENTOS LTDA
75338071|82396865|303|02|403992|2021|12|00360305000104|CAIXA ECONOMICA FEDERAL
75338072|82396866|303|02|403992|2021|12|65186835000123|DISTRIBUIDORA IRMAOS SANTANA LTDAEPP
75338073|82396867|303|02|403992|2021|12|00360305000104|CAIXA ECONOMICA FEDERAL
75338074|82396871|303|02|403992|2021|12|07051313000118|ACTCON SOLUCOES WEB LTDA
75338075|82396872|303|02|404000|2021|12|02628117000140|JARBAS SEBASTIAO DOS REIS ME
75338076|82396873|303|02|404000|2021|12|663***406**|MARIA DAS GRACAS SOUZA
75338077|82396875|303|02|404000|2021|12|41719477000109|KARAIBA MATERIAIS DE CONSTRUCAO LTDA
75338078|82396876|303|02|403992|2021|12|00360305000104|CAIXA ECONOMICA FEDERAL
75338079|82396877|303|02|404000|2021|12|00360305000104|CAIXA ECONOMICA FEDERAL
75338080|82396879|303|02|404000|2021|12|12719447000102|DP ESPORTES EIRELI
75338081|82396881|303|02|404009|2021|12|00360305000104|CAIXA ECONOMICA FEDERAL
75338082|82396882|303|02|403992|2021|12|10803557000114|FORTE COMERCIO DE ALIMENTOS LTDA
75338083|82396887|303|02|404009|2021|12|29979036000140|INSS INSTITUTO NACIONAL DO SEGURO SOCIAL
75338084|82396890|303|02|404000|2021|12|089***946**|PABLO DOUGLAS DOS REIS MARINHO
75338085|82396891|303|02|404009|2021|12|125***636**|BRAULIO LUIS PERDIGAO DOS SANTOS
75338086|82396893|303|02|403992|2021|12|29979036000140|INSS INSTITUTO NACIONAL DO SEGURO SOCIAL
75338087|82396894|303|02|404000|2021|12|02628117000140|JARBAS SEBASTIAO DOS REIS ME
75338088|82396895|303|02|403991|2021|12|16539054000160|BB TURISMO LTDAME
75338089|82396896|303|02|404006|2021|12|29979036000140|INSS INSTITUTO NACIONAL DO SEGURO SOCIAL
75338090|82396898|303|02|403991|2021|12|03351994000189|M & M COMERCIO DE PLACAS LTDA
75338091|82396899|303|02|404000|2021|12|04309564000161|ESTRELA LOGÍSTICA EIRELI
75338092|82396900|303|02|404009|2021|12|101***946**|DEYVIT TEIXEIRA DA SILVA
75338093|82396901|303|02|404000|2021|12|090***256**|WARLEY MOREIRA LOPES
75338094|82396902|303|02|404006|2021|12|00360305000104|CAIXA ECONOMICA FEDERAL
75338095|82396904|303|02|403992|2021|12|92559830000171|GREEN CARD SA REFEICOES COMERCIO E SERVICOS
75338096|82396905|303|02|403992|2021|12|29979036000140|INSS INSTITUTO NACIONAL DO SEGURO SOCIAL
75338097|82396906|303|02|403991|2021|12|059***226**|ADRIANA CRISTINA AUGUSTO
75338098|82396907|303|02|404011|2021|12|29979036000140|INSS INSTITUTO NACIONAL DO SEGURO SOCIAL
75338099|82396910|303|02|404000|2021|12|846***396**|MARCIO MANOEL RODRIGUES
75338100|82396912|303|02|403991|2021|12|29979036000140|INSS INSTITUTO NACIONAL DO SEGURO SOCIAL
75338101|82396913|303|02|404009|2021|12|884***356**|MARCOS PESSOA MORAIS
75338102|82396915|303|02|404011|2021|12|00360305000104|CAIXA ECONOMICA FEDERAL
75337667|82396217|303|02|404003|2021|12|13260473000170|LAFE ENGENHARIA E CONSULTORIA LTDA ME
75337993|82396738|303|02|404000|2021|12|03103468000108|UNICAPA UNIAO DOS APLIC DE PAV ASFALTICO LTDA
75338054|82396840|303|02|404011|2021|12|21822225000101|ARGUS TECNOLOGIA DA INFORMACAO LTDA
75337666|82396216|303|02|404003|2021|12|13260473000170|LAFE ENGENHARIA E CONSULTORIA LTDA ME
75337668|82396218|303|02|404009|2021|12|13260473000170|LAFE ENGENHARIA E CONSULTORIA LTDA ME
75337669|82396219|303|02|404009|2021|12|13260473000170|LAFE ENGENHARIA E CONSULTORIA LTDA ME
75337670|82396220|303|02|404010|2021|12|09025241000160|MONITORA SEGURANCA ELETRONICA LTDA ME
75337671|82396221|303|02|404010|2021|12|047***886**|JULIANA MARIA DA SILVA
75337672|82396222|303|02|404010|2021|12|967***056**|JOAO GERALDO DE SOUZA
75337673|82396224|303|02|404010|2021|12|18979328000167|SOC CIVIL DE BENEFICÊNCIA CAETEENSE
75337674|82396226|303|02|404010|2021|12|29979036000140|INSS INSTITUTO NACIONAL DO SEGURO SOCIAL
75337675|82396227|303|02|404010|2021|12|18979328000167|SOC CIVIL DE BENEFICÊNCIA CAETEENSE
75337676|82396228|303|02|404010|2021|12|29979036000140|INSS INSTITUTO NACIONAL DO SEGURO SOCIAL
75337677|82396229|303|02|404010|2021|12|09025241000160|MONITORA SEGURANCA ELETRONICA LTDA ME
75337678|82396230|303|02|404010|2021|12|29979036000140|INSS INSTITUTO NACIONAL DO SEGURO SOCIAL
75337679|82396231|303|02|404010|2021|12|052***036**|JOAO VAZ DA SILVA
75337680|82396232|303|02|404010|2021|12|666***356**|GLADYS CHRISTINA FRANCO DE CASTRO
75337681|82396233|303|02|404010|2021|12|10852690000160|SIDIM SISTEMAS EIRELI
75337682|82396234|303|02|404010|2021|12|865***416**|ADELAIDE FREIRE BARBOSA
75337683|82396235|303|02|404010|2021|12|09025241000160|MONITORA SEGURANCA ELETRONICA LTDA ME
75337684|82396236|303|02|404010|2021|12|109***546**|THAILISSE OLIVEIRA DE ARAUJO
75337685|82396238|303|02|404010|2021|12|478***196**|MAGDA APARECIDA DA SILVA
75337686|82396240|303|02|404010|2021|12|29979036000140|INSS INSTITUTO NACIONAL DO SEGURO SOCIAL
75337687|82396241|303|02|404010|2021|12|098***196**|JUSSARA ALVES FERREIRA BARBOSA
75337688|82396242|303|02|404010|2021|12|110***056**|FLAVIA ALVES DE OLIVEIRA
75337689|82396245|303|02|404010|2021|12|055***896**|CARLA ANTONIA COSTA
75337690|82396246|303|02|404010|2021|12|090***286**|LEONARDO XAVIER HUDSON
75337691|82396248|303|02|404010|2021|12|013***056**|ELIZA MARIA DE PAULA COELHO FERREIRA PEIXOTO
75337692|82396250|303|02|404010|2021|12|26786353000152|IMPRESS LOCACAO COMERCIO E SERVICOS EIRELI ME
75337693|82396251|303|02|404010|2021|12|12532358000144|A&G SERVICOS MÉDICOS LTDA EPP
75337694|82396256|303|02|403998|2021|12|00360305000104|CAIXA ECONOMICA FEDERAL
75337695|82396258|303|02|403998|2021|12|29979036000140|INSS INSTITUTO NACIONAL DO SEGURO SOCIAL
75337696|82396260|303|02|403998|2021|12|00360305000104|CAIXA ECONOMICA FEDERAL
75337697|82396262|303|02|403998|2021|12|29979036000140|INSS INSTITUTO NACIONAL DO SEGURO SOCIAL
75337698|82396263|303|02|404010|2021|12|04309564000161|ESTRELA LOGÍSTICA EIRELI
75337699|82396264|303|02|404010|2021|12|17926188000104|SINTAGMA ZENITE COMERCIO EIRELI
75337700|82396265|303|02|404010|2021|12|71181184000181|DÁRIO HUMBERTO DE MELO CASTROME
75337701|82396266|303|02|404010|2021|12|71181184000181|DÁRIO HUMBERTO DE MELO CASTROME
75337702|82396267|303|02|404010|2021|12|71181184000181|DÁRIO HUMBERTO DE MELO CASTROME
75337703|82396268|303|02|404010|2021|12|18979328000167|SOC CIVIL DE BENEFICÊNCIA CAETEENSE
75337704|82396269|303|02|404010|2021|12|04309564000161|ESTRELA LOGÍSTICA EIRELI
75337705|82396270|303|02|404010|2021|12|19103290000127|COMERCIAL MAURISTELA LTDA ME
75337706|82396271|303|02|404010|2021|12|11069669000156|FLEXX DISTRIBUIDORA DE ALIMENTOS EIRELI
75337707|82396272|303|02|404010|2021|12|01739520000183|TECAR MINAS AUTOMÓVEIS E SERVICOS LTDA
75337708|82396273|303|02|404010|2021|12|40464205000142|EMARTINS ATACADISTA LTDA
75337709|82396274|303|02|404010|2021|12|03479428000157|ATUANTE COMERCIAL LTDA
75337710|82396275|303|02|404010|2021|12|18269125000187|BIOHOSP PRODUTOS HOSPITALARES LTDA
75337711|82396276|303|02|404010|2021|12|89237911028908|GLOBAL DISTRIBUICAO DE BENS DE CONSUMO LTDA
75337712|82396277|303|02|404010|2021|12|08583629000113|CONCEITOS COMÉRCIO DE ARTIGOS DE USO COMERCIALLTDA
75337713|82396278|303|02|404010|2021|12|89237911028908|GLOBAL DISTRIBUICAO DE BENS DE CONSUMO LTDA
75337714|82396279|303|02|404010|2021|12|41915208000118|ORTOPÉDICA LTDA
75337715|82396280|303|02|404010|2021|12|01739520000183|TECAR MINAS AUTOMÓVEIS E SERVICOS LTDA
75337716|82396281|303|02|404017|2021|12|71251029000194|RV COMERCIO DE PAPEIS LTDA
75337717|82396282|303|02|404017|2021|12|22865666000145|NOGUEIRA DISTRIBUIDORA DE FRUTAS E LEGUMES LTDA
75337718|82396285|303|02|403998|2021|12|00360305000104|CAIXA ECONOMICA FEDERAL
75337719|82396286|303|02|403998|2021|12|29979036000140|INSS INSTITUTO NACIONAL DO SEGURO SOCIAL
75337720|82396287|303|02|403998|2021|12|00360305000104|CAIXA ECONOMICA FEDERAL
75337721|82396290|303|02|403998|2021|12|29979036000140|INSS INSTITUTO NACIONAL DO SEGURO SOCIAL
75337722|82396291|303|02|403998|2021|12|42540202000176|ANA LUIZA MONTEIRO SANTOS SILVA
75337723|82396292|303|02|403998|2021|12|42540202000176|ANA LUIZA MONTEIRO SANTOS SILVA
75337724|82396293|303|02|403998|2021|12|14986128000180|AGNES APARECIDA DOS SANTOS
75337725|82396294|303|02|403998|2021|12|11963458000162|LEONARDO FILOMENO ME
75337726|82396296|303|02|404018|2021|12|00360305000104|CAIXA ECONOMICA FEDERAL
75337727|82396297|303|02|404018|2021|12|00360305000104|CAIXA ECONOMICA FEDERAL
75337728|82396298|303|02|404018|2021|12|29979036000140|INSS INSTITUTO NACIONAL DO SEGURO SOCIAL
75337729|82396299|303|02|404018|2021|12|29979036000140|INSS INSTITUTO NACIONAL DO SEGURO SOCIAL
75337730|82396301|303|02|404018|2021|12|29979036000140|INSS INSTITUTO NACIONAL DO SEGURO SOCIAL
75337731|82396304|303|02|404018|2021|12|00360305000104|CAIXA ECONOMICA FEDERAL
75337732|82396305|303|02|404018|2021|12|00360305000104|CAIXA ECONOMICA FEDERAL
75337733|82396306|303|02|404018|2021|12|29979036000140|INSS INSTITUTO NACIONAL DO SEGURO SOCIAL
75337734|82396308|303|02|404018|2021|12|29979036000140|INSS INSTITUTO NACIONAL DO SEGURO SOCIAL
75337735|82396309|303|02|404018|2021|12|00360305000104|CAIXA ECONOMICA FEDERAL
75337736|82396311|303|02|404018|2021|12|29979036000140|INSS INSTITUTO NACIONAL DO SEGURO SOCIAL
75337737|82396312|303|02|404018|2021|12|00360305000104|CAIXA ECONOMICA FEDERAL
75337738|82396314|303|02|404018|2021|12|00360305000104|CAIXA ECONOMICA FEDERAL
75337739|82396316|303|02|404018|2021|12|29979036000140|INSS INSTITUTO NACIONAL DO SEGURO SOCIAL
75337740|82396318|303|02|404018|2021|12|00360305000104|CAIXA ECONOMICA FEDERAL
75337741|82396319|303|02|404018|2021|12|00360305000104|CAIXA ECONOMICA FEDERAL
75337742|82396320|303|02|404018|2021|12|29979036000140|INSS INSTITUTO NACIONAL DO SEGURO SOCIAL
75337743|82396321|303|02|404018|2021|12|66195801000168|MAGALHAES TRANSPORTE TERRESTRE LTDA EPP
75337744|82396322|303|02|404018|2021|12|28231621000103|ALVES SOLUCOES INTEGRADAS LTDA
75337745|82396324|303|02|404018|2021|12|00360305000104|CAIXA ECONOMICA FEDERAL
75337746|82396326|303|02|404018|2021|12|00360305000104|CAIXA ECONOMICA FEDERAL
75337747|82396328|303|02|404018|2021|12|29979036000140|INSS INSTITUTO NACIONAL DO SEGURO SOCIAL
75337748|82396329|303|02|404018|2021|12|29979036000140|INSS INSTITUTO NACIONAL DO SEGURO SOCIAL
75337749|82396330|303|02|404018|2021|12|29979036000140|INSS INSTITUTO NACIONAL DO SEGURO SOCIAL
75337750|82396332|303|02|404018|2021|12|29979036000140|INSS INSTITUTO NACIONAL DO SEGURO SOCIAL
75337751|82396334|303|02|404018|2021|12|00360305000104|CAIXA ECONOMICA FEDERAL
75337752|82396336|303|02|404018|2021|12|00360305000104|CAIXA ECONOMICA FEDERAL
75337753|82396337|303|02|404018|2021|12|29979036000140|INSS INSTITUTO NACIONAL DO SEGURO SOCIAL
75337754|82396338|303|02|404018|2021|12|00360305000104|CAIXA ECONOMICA FEDERAL
75337755|82396339|303|02|404018|2021|12|00360305000104|CAIXA ECONOMICA FEDERAL
75337756|82396340|303|02|404018|2021|12|29979036000140|INSS INSTITUTO NACIONAL DO SEGURO SOCIAL
75337757|82396343|303|02|404018|2021|12|29979036000140|INSS INSTITUTO NACIONAL DO SEGURO SOCIAL
75337758|82396344|303|02|404018|2021|12|00360305000104|CAIXA ECONOMICA FEDERAL
75337759|82396346|303|02|404018|2021|12|00360305000104|CAIXA ECONOMICA FEDERAL
75337760|82396347|303|02|404018|2021|12|00360305000104|CAIXA ECONOMICA FEDERAL
75337761|82396350|303|02|404018|2021|12|00360305000104|CAIXA ECONOMICA FEDERAL
75337762|82396351|303|02|404018|2021|12|00360305000104|CAIXA ECONOMICA FEDERAL
75337763|82396352|303|02|404018|2021|12|29979036000140|INSS INSTITUTO NACIONAL DO SEGURO SOCIAL
75337764|82396353|303|02|404018|2021|12|29979036000140|INSS INSTITUTO NACIONAL DO SEGURO SOCIAL
75337765|82396355|303|02|404018|2021|12|29979036000140|INSS INSTITUTO NACIONAL DO SEGURO SOCIAL
75337766|82396356|303|02|404018|2021|12|29979036000140|INSS INSTITUTO NACIONAL DO SEGURO SOCIAL
75337767|82396358|303|02|404018|2021|12|29979036000140|INSS INSTITUTO NACIONAL DO SEGURO SOCIAL
75337768|82396360|303|02|404018|2021|12|00360305000104|CAIXA ECONOMICA FEDERAL
75337769|82396362|303|02|404018|2021|12|00360305000104|CAIXA ECONOMICA FEDERAL
75337770|82396364|303|02|404018|2021|12|29979036000140|INSS INSTITUTO NACIONAL DO SEGURO SOCIAL
75337771|82396368|303|02|404018|2021|12|29979036000140|INSS INSTITUTO NACIONAL DO SEGURO SOCIAL
75337772|82396369|303|02|404018|2021|12|00360305000104|CAIXA ECONOMICA FEDERAL
75337773|82396370|303|02|404018|2021|12|29979036000140|INSS INSTITUTO NACIONAL DO SEGURO SOCIAL
75337774|82396373|303|02|404000|2021|12|03103468000108|UNICAPA UNIAO DOS APLIC DE PAV ASFALTICO LTDA
75337775|82396375|303|02|404010|2021|12|29979036000140|INSS INSTITUTO NACIONAL DO SEGURO SOCIAL
75337776|82396376|303|02|404010|2021|12|00360305000104|CAIXA ECONOMICA FEDERAL
75337777|82396378|303|02|404010|2021|12|29979036000140|INSS INSTITUTO NACIONAL DO SEGURO SOCIAL
75337778|82396382|303|02|404010|2021|12|00360305000104|CAIXA ECONOMICA FEDERAL
75337779|82396383|303|02|404020|2021|12|23265580000144|DR DISTRIBUIDORA LTDA
75337780|82396384|303|02|404010|2021|12|29979036000140|INSS INSTITUTO NACIONAL DO SEGURO SOCIAL
75337781|82396385|303|02|404010|2021|12|29979036000140|INSS INSTITUTO NACIONAL DO SEGURO SOCIAL
75337782|82396387|303|02|404020|2021|12|28231621000103|ALVES SOLUCOES INTEGRADAS LTDA
75337783|82396389|303|02|404010|2021|12|00360305000104|CAIXA ECONOMICA FEDERAL
75337784|82396390|303|02|404010|2021|12|29979036000140|INSS INSTITUTO NACIONAL DO SEGURO SOCIAL
75337785|82396393|303|02|404010|2021|12|29979036000140|INSS INSTITUTO NACIONAL DO SEGURO SOCIAL
75337786|82396394|303|02|404010|2021|12|29979036000140|INSS INSTITUTO NACIONAL DO SEGURO SOCIAL
75337787|82396395|303|02|404010|2021|12|97550393000149|CONSORCIO INTERMUNICIPAL ALIANCA SAÚDE CIAS
75337788|82396396|303|02|404010|2021|12|38741351000126|ULTRA CENTER LTDA
75337789|82396397|303|02|404010|2021|12|001***296**|VANDER JAIRO NUNES SANTOS
75337790|82396399|303|02|404010|2021|12|00360305000104|CAIXA ECONOMICA FEDERAL
75337791|82396400|303|02|404010|2021|12|29979036000140|INSS INSTITUTO NACIONAL DO SEGURO SOCIAL
75337792|82396401|303|02|404010|2021|12|00360305000104|CAIXA ECONOMICA FEDERAL
75337793|82396404|303|02|404010|2021|12|00360305000104|CAIXA ECONOMICA FEDERAL
75337794|82396406|303|02|404010|2021|12|00360305000104|CAIXA ECONOMICA FEDERAL
75337795|82396408|303|02|404010|2021|12|00360305000104|CAIXA ECONOMICA FEDERAL
75337796|82396409|303|02|404010|2021|12|16794503000116|FLISTER SERVICOS MEDICOS E DIAGNOSTICOS LTDA EPP
75337797|82396410|303|02|404010|2021|12|18979328000167|SOC CIVIL DE BENEFICÊNCIA CAETEENSE
75337798|82396411|303|02|404010|2021|12|00360305000104|CAIXA ECONOMICA FEDERAL
75337799|82396412|303|02|404010|2021|12|29979036000140|INSS INSTITUTO NACIONAL DO SEGURO SOCIAL
75337800|82396413|303|02|404010|2021|12|29979036000140|INSS INSTITUTO NACIONAL DO SEGURO SOCIAL
75337801|82396415|303|02|404010|2021|12|00360305000104|CAIXA ECONOMICA FEDERAL
75337802|82396416|303|02|404010|2021|12|18979328000167|SOC CIVIL DE BENEFICÊNCIA CAETEENSE
75337803|82396418|303|02|404010|2021|12|00360305000104|CAIXA ECONOMICA FEDERAL
75337804|82396419|303|02|404020|2021|12|18979328000167|SOC CIVIL DE BENEFICÊNCIA CAETEENSE
75337805|82396421|303|02|404010|2021|12|29979036000140|INSS INSTITUTO NACIONAL DO SEGURO SOCIAL
75337806|82396423|303|02|404010|2021|12|27002226000188|SMR CXXIV SOC MEDICAS REUNIDAS CXXIV LIMITADA ME
75337807|82396424|303|02|404010|2021|12|29979036000140|INSS INSTITUTO NACIONAL DO SEGURO SOCIAL
75337808|82396426|303|02|404010|2021|12|00360305000104|CAIXA ECONOMICA FEDERAL
75337809|82396431|303|02|404010|2021|12|29979036000140|INSS INSTITUTO NACIONAL DO SEGURO SOCIAL
75337810|82396435|303|02|404010|2021|12|00360305000104|CAIXA ECONOMICA FEDERAL
75337811|82396437|303|02|404010|2021|12|29979036000140|INSS INSTITUTO NACIONAL DO SEGURO SOCIAL
75337812|82396438|303|02|404010|2021|12|29979036000140|INSS INSTITUTO NACIONAL DO SEGURO SOCIAL
75337813|82396440|303|02|404010|2021|12|29979036000140|INSS INSTITUTO NACIONAL DO SEGURO SOCIAL
75337814|82396443|303|02|404010|2021|12|00360305000104|CAIXA ECONOMICA FEDERAL
75337815|82396445|303|02|404020|2021|12|006***786**|JOSÉ DOS SANTOS FERNANDES
75337816|82396448|303|02|404020|2021|12|00360305000104|CAIXA ECONOMICA FEDERAL
75337817|82396449|303|02|404010|2021|12|29979036000140|INSS INSTITUTO NACIONAL DO SEGURO SOCIAL
75337818|82396451|303|02|404020|2021|12|00360305000104|CAIXA ECONOMICA FEDERAL
75337819|82396452|303|02|404010|2021|12|00360305000104|CAIXA ECONOMICA FEDERAL
75337820|82396453|303|02|404020|2021|12|29979036000140|INSS INSTITUTO NACIONAL DO SEGURO SOCIAL
75337821|82396454|303|02|404020|2021|12|005***326**|LUIZ CARLOS LOPES JUNIOR
75337822|82396456|303|02|404020|2021|12|00360305000104|CAIXA ECONOMICA FEDERAL
75337823|82396458|303|02|404020|2021|12|607***446**|SELMA CECÍLIA DE SOUSA TEIXEIRA
75337824|82396461|303|02|404020|2021|12|29979036000140|INSS INSTITUTO NACIONAL DO SEGURO SOCIAL
75337825|82396462|303|02|404020|2021|12|521***496**|ANTÔNIO CARLOS LINHARES DE OLIVEIRA
75337826|82396465|303|02|404020|2021|12|29979036000140|INSS INSTITUTO NACIONAL DO SEGURO SOCIAL
75337827|82396467|303|02|404020|2021|12|119***796**|GLAUCIONE FERREIRA FIGUEIREDO
75337828|82396468|303|02|404020|2021|12|373***206**|JOSÉ IVAIR DA CLARA SILVA
75337829|82396470|303|02|404020|2021|12|138***206**|HIGOR MARQUES RIBEIRO
75337830|82396472|303|02|404020|2021|12|92559830000171|GREEN CARD SA REFEICOES COMERCIO E SERVICOS
75337831|82396473|303|02|404020|2021|12|967***346**|ADEMAR HERMOGENES DA SILVA
75337832|82396476|303|02|404020|2021|12|00604122000197|TRIVALE ADMINISTRACAO LTDA
75337833|82396477|303|02|404020|2021|12|00360305000104|CAIXA ECONOMICA FEDERAL
75337834|82396478|303|02|404020|2021|12|046***136**|WAGNER HOMEM PAULO
75337835|82396480|303|02|404020|2021|12|29979036000140|INSS INSTITUTO NACIONAL DO SEGURO SOCIAL
75337836|82396481|303|02|404020|2021|12|764***366**|IRIS MÁRCIA COSTA
75337837|82396482|303|02|404010|2021|12|00360305000104|CAIXA ECONOMICA FEDERAL
75337838|82396484|303|02|404010|2021|12|00360305000104|CAIXA ECONOMICA FEDERAL
75337839|82396486|303|02|404010|2021|12|29979036000140|INSS INSTITUTO NACIONAL DO SEGURO SOCIAL
75337840|82396487|303|02|404020|2021|12|048***986**|JOSE ADRIANO APARECIDO CONCEICAO
75337841|82396488|303|02|404020|2021|12|415***406**|GILBERTO DE FREITAS
75337842|82396489|303|02|404020|2021|12|108***826**|FERNANDO HENRIQUE NASCIMENTO BITTENCOURT
75337843|82396490|303|02|404020|2021|12|787***316**|MILSON JOSÉ MONTEIRO
75337844|82396491|303|02|404010|2021|12|29979036000140|INSS INSTITUTO NACIONAL DO SEGURO SOCIAL
75337845|82396492|303|02|404010|2021|12|00360305000104|CAIXA ECONOMICA FEDERAL
75337846|82396493|303|02|404020|2021|12|027***356**|ANDRE LUIZ ALVES SEVERINO
75337847|82396494|303|02|404020|2021|12|960***376**|WILLIAN REZENDE SILVA
75337848|82396495|303|02|404010|2021|12|29979036000140|INSS INSTITUTO NACIONAL DO SEGURO SOCIAL
75337849|82396500|303|02|404020|2021|12|39701116000193|DROGARIA HUMANAS LTDA
75337850|82396501|303|02|404020|2021|12|28738688000120|LEONE COM DISTRIBUICAO DE PRODUTOS NUTRI LTDA
75337851|82396502|303|02|404020|2021|12|08390079000116|CAMILA ZANICHELLI GARCIA FARMACIA ME
75337852|82396503|303|02|404020|2021|12|11453723000162|ORTHONEWS CIRURGICOS E ORTOPEDICOS LTDAME
75337853|82396504|303|02|404020|2021|12|18269125000187|BIOHOSP PRODUTOS HOSPITALARES LTDA
75337854|82396505|303|02|404020|2021|12|18269125000187|BIOHOSP PRODUTOS HOSPITALARES LTDA
75337855|82396506|303|02|404020|2021|12|08390079000116|CAMILA ZANICHELLI GARCIA FARMACIA ME
75337856|82396507|303|02|404017|2021|12|00360305000104|CAIXA ECONOMICA FEDERAL
75337857|82396508|303|02|404017|2021|12|00360305000104|CAIXA ECONOMICA FEDERAL
75337858|82396509|303|02|404017|2021|12|29979036000140|INSS INSTITUTO NACIONAL DO SEGURO SOCIAL
75337859|82396511|303|02|404017|2021|12|00360305000104|CAIXA ECONOMICA FEDERAL
75337860|82396512|303|02|404017|2021|12|29979036000140|INSS INSTITUTO NACIONAL DO SEGURO SOCIAL
75337861|82396513|303|02|404017|2021|12|29979036000140|INSS INSTITUTO NACIONAL DO SEGURO SOCIAL
75337862|82396518|303|02|404017|2021|12|00360305000104|CAIXA ECONOMICA FEDERAL
75337863|82396520|303|02|404017|2021|12|29979036000140|INSS INSTITUTO NACIONAL DO SEGURO SOCIAL
75337864|82396521|303|02|404017|2021|12|28231621000103|ALVES SOLUCOES INTEGRADAS LTDA
75337865|82396522|303|02|404017|2021|12|00360305000104|CAIXA ECONOMICA FEDERAL
75337866|82396524|303|02|404017|2021|12|29979036000140|INSS INSTITUTO NACIONAL DO SEGURO SOCIAL
75337867|82396525|303|02|404017|2021|12|00360305000104|CAIXA ECONOMICA FEDERAL
75337868|82396526|303|02|404017|2021|12|00360305000104|CAIXA ECONOMICA FEDERAL
75337869|82396527|303|02|404017|2021|12|00360305000104|CAIXA ECONOMICA FEDERAL
75337870|82396532|303|02|404017|2021|12|29979036000140|INSS INSTITUTO NACIONAL DO SEGURO SOCIAL
75337871|82396534|303|02|404017|2021|12|29979036000140|INSS INSTITUTO NACIONAL DO SEGURO SOCIAL
75337872|82396536|303|02|404017|2021|12|00360305000104|CAIXA ECONOMICA FEDERAL
75337873|82396538|303|02|404017|2021|12|29979036000140|INSS INSTITUTO NACIONAL DO SEGURO SOCIAL
75337874|82396541|303|02|404017|2021|12|29979036000140|INSS INSTITUTO NACIONAL DO SEGURO SOCIAL
75337875|82396545|303|02|404017|2021|12|29979036000140|INSS INSTITUTO NACIONAL DO SEGURO SOCIAL
75337876|82396546|303|02|404017|2021|12|05684180000191|COMPANHIA ITABIRANA DE TELECOMUNICACOES LTDA
75337877|82396547|303|02|404017|2021|12|12719447000102|DP ESPORTES EIRELI
75337878|82396548|303|02|404017|2021|12|00360305000104|CAIXA ECONOMICA FEDERAL
75337879|82396550|303|02|404017|2021|12|798***391**|RODRIGO MIRANDA LIMA
75337880|82396551|303|02|404017|2021|12|10852690000160|SIDIM SISTEMAS EIRELI
75337881|82396554|303|02|404017|2021|12|09025241000160|MONITORA SEGURANCA ELETRONICA LTDA ME
75337882|82396555|303|02|404017|2021|12|00360305000104|CAIXA ECONOMICA FEDERAL
75337883|82396556|303|02|404017|2021|12|04309564000161|ESTRELA LOGÍSTICA EIRELI
75337884|82396557|303|02|404017|2021|12|29979036000140|INSS INSTITUTO NACIONAL DO SEGURO SOCIAL
75337885|82396558|303|02|404017|2021|12|05684180000191|COMPANHIA ITABIRANA DE TELECOMUNICACOES LTDA
75337886|82396561|303|02|404017|2021|12|92559830000171|GREEN CARD SA REFEICOES COMERCIO E SERVICOS
75337887|82396564|303|02|403994|2021|12|20999751000170|CENTRO INFANTIL DE CAETÉ
75337888|82396568|303|02|403998|2021|12|00360305000104|CAIXA ECONOMICA FEDERAL
75337889|82396570|303|02|403998|2021|12|15407876000124|ALEXANDRE HENRIQUE MACHADO CHAMONE
75337890|82396574|303|02|403998|2021|12|66476052000147|AMAZÔNIA INDÚSTRIA E COMÉRCIO LTDA
75337891|82396575|303|02|403996|2021|12|33000118000330|TELEMAR NORTE LESTE SA
75337892|82396576|303|02|403998|2021|12|29979036000140|INSS INSTITUTO NACIONAL DO SEGURO SOCIAL
75337893|82396577|303|02|403998|2021|12|23605544000182|ESSENZA INDUSTRIA QUIMICA EIRELIME
75337894|82396578|303|02|403996|2021|12|29979036000140|INSS INSTITUTO NACIONAL DO SEGURO SOCIAL
75337895|82396579|303|02|403996|2021|12|33000118000330|TELEMAR NORTE LESTE SA
75337896|82396581|303|02|403996|2021|12|00360305000104|CAIXA ECONOMICA FEDERAL
75337897|82396582|303|02|403998|2021|12|29979036000140|INSS INSTITUTO NACIONAL DO SEGURO SOCIAL
75337898|82396584|303|02|403998|2021|12|40464205000142|EMARTINS ATACADISTA LTDA
75337899|82396585|303|02|403998|2021|12|00360305000104|CAIXA ECONOMICA FEDERAL
75337900|82396589|303|02|403998|2021|12|65353401000170|COMERCIAL VENER LTDA
75337901|82396590|303|02|403998|2021|12|29979036000140|INSS INSTITUTO NACIONAL DO SEGURO SOCIAL
75337902|82396592|303|02|403998|2021|12|29979036000140|INSS INSTITUTO NACIONAL DO SEGURO SOCIAL
75337903|82396595|303|02|403998|2021|12|29979036000140|INSS INSTITUTO NACIONAL DO SEGURO SOCIAL
75337904|82396596|303|02|403998|2021|12|00360305000104|CAIXA ECONOMICA FEDERAL
75337905|82396597|303|02|403998|2021|12|00360305000104|CAIXA ECONOMICA FEDERAL
75337906|82396599|303|02|403998|2021|12|29979036000140|INSS INSTITUTO NACIONAL DO SEGURO SOCIAL
75337907|82396600|303|02|403996|2021|12|00360305000104|CAIXA ECONOMICA FEDERAL
75337908|82396603|303|02|403998|2021|12|17926188000104|SINTAGMA ZENITE COMERCIO EIRELI
75337909|82396604|303|02|403996|2021|12|04309564000161|ESTRELA LOGÍSTICA EIRELI
75337910|82396607|303|02|403996|2021|12|29979036000140|INSS INSTITUTO NACIONAL DO SEGURO SOCIAL
75337911|82396608|303|02|403998|2021|12|00360305000104|CAIXA ECONOMICA FEDERAL
75337912|82396609|303|02|403998|2021|12|10803557000114|FORTE COMERCIO DE ALIMENTOS LTDA
75337913|82396610|303|02|403998|2021|12|00360305000104|CAIXA ECONOMICA FEDERAL
75337914|82396612|303|02|403996|2021|12|10426715000164|CONSORCIO OTIMO DE BILHETAGEM ELETRONICA
75337915|82396614|303|02|403996|2021|12|29979036000140|INSS INSTITUTO NACIONAL DO SEGURO SOCIAL
75337916|82396615|303|02|403996|2021|12|29979036000140|INSS INSTITUTO NACIONAL DO SEGURO SOCIAL
75337917|82396618|303|02|403998|2021|12|65186835000123|DISTRIBUIDORA IRMAOS SANTANA LTDAEPP
75337918|82396623|303|02|403996|2021|12|04309564000161|ESTRELA LOGÍSTICA EIRELI
75337919|82396631|303|02|404011|2021|12|00394460005887|SECRETARIA DA RECEITA FEDERAL DO BRASIL
75337920|82396632|303|02|404011|2021|12|00394460005887|SECRETARIA DA RECEITA FEDERAL DO BRASIL
75337921|82396633|303|02|404004|2021|12|11263197000178|RCA COMERCIAL LTDA
75337922|82396634|303|02|404004|2021|12|04309564000161|ESTRELA LOGÍSTICA EIRELI
75337923|82396635|303|02|404004|2021|12|04309564000161|ESTRELA LOGÍSTICA EIRELI
75337924|82396636|303|02|404004|2021|12|19779579000160|WCA EMPREENDIMENTOS ESPORTIVOS EIRELI
75337925|82396637|303|02|404004|2021|12|11263197000178|RCA COMERCIAL LTDA
75337926|82396638|303|02|404004|2021|12|11263197000178|RCA COMERCIAL LTDA
75337927|82396640|303|02|404004|2021|12|127***756**|ANTONIO FRANCISCO RODRIGUES
75337928|82396641|303|02|404004|2021|12|01241030000152|WTS IND E COM DE PROD QUIMICOS LTDA
75337929|82396642|303|02|404004|2021|12|344***596**|JADEL EUSTÁQUIO DE BRITO
75337930|82396647|303|02|404004|2021|12|29979036000140|INSS INSTITUTO NACIONAL DO SEGURO SOCIAL
75337931|82396649|303|02|404004|2021|12|00360305000104|CAIXA ECONOMICA FEDERAL
75337932|82396650|303|02|404004|2021|12|29979036000140|INSS INSTITUTO NACIONAL DO SEGURO SOCIAL
75337933|82396654|303|02|404004|2021|12|00360305000104|CAIXA ECONOMICA FEDERAL
75337934|82396655|303|02|404002|2021|12|23762552000132|DEVA VEICULOS LTDA
75337935|82396656|303|02|404002|2021|12|00360305000104|CAIXA ECONOMICA FEDERAL
75337936|82396658|303|02|404002|2021|12|29979036000140|INSS INSTITUTO NACIONAL DO SEGURO SOCIAL
75337937|82396660|303|02|404002|2021|12|29979036000140|INSS INSTITUTO NACIONAL DO SEGURO SOCIAL
75337938|82396661|303|02|404002|2021|12|00360305000104|CAIXA ECONOMICA FEDERAL
75337939|82396662|303|02|404002|2021|12|091***696**|FERNANDA BARBARO FRANCO
75337940|82396663|303|02|404002|2021|12|26786353000152|IMPRESS LOCACAO COMERCIO E SERVICOS EIRELI ME
75337941|82396664|303|02|404002|2021|12|10426715000164|CONSORCIO OTIMO DE BILHETAGEM ELETRONICA
75337942|82396666|303|02|404002|2021|12|091***696**|FERNANDA BARBARO FRANCO
75337943|82396667|303|02|404002|2021|12|645***446**|GERALDO ROSA TRINDADE
75337944|82396671|303|02|404003|2021|12|28231621000103|ALVES SOLUCOES INTEGRADAS LTDA
75337945|82396672|303|02|404003|2021|12|28231621000103|ALVES SOLUCOES INTEGRADAS LTDA
75337946|82396673|303|02|404017|2021|12|140***876**|NATALIE VITORIANO GUEDES DA SILVA
75337947|82396674|303|02|404017|2021|12|108***876**|PRISCILA MARIA MOREIRA MENDES
75337948|82396675|303|02|404017|2021|12|135***546**|WILLIAM SILVA JÚNIOR
75337949|82396676|303|02|404017|2021|12|147***906**|LETÍCIA CECÍLIA DO COUTO
75337950|82396677|303|02|404017|2021|12|118***676**|JOANA ANGELA VENTURA SILVÉRIO
75337951|82396678|303|02|404017|2021|12|147***666**|LAYS BARBOSA DE OLIVEIRA
75337952|82396679|303|02|404017|2021|12|154***666**|HENRIQUE EUSTAQUIO SILVA SERAFIM
75337953|82396680|303|02|404017|2021|12|154***666**|HENRIQUE EUSTAQUIO SILVA SERAFIM
65173450|71259974|305|04|404016|2021|1|00360305000104|FGTS
65173451|71259975|305|04|404016|2021|1|26857118000124|CRS SERVICOS CONTÁBEIS
65173452|71259976|305|04|404016|2021|1|00000000263362|BANCO DO BRASIL SA
65173453|71259977|305|04|404016|2021|1|29979036000140|INSS
68868568|75299511|303|02|404010|2021|3|29979036000140|INSS INSTITUTO NACIONAL DO SEGURO SOCIAL
68868569|75299515|303|02|403992|2021|3|00360305000104|CAIXA ECONOMICA FEDERAL
68868570|75299516|303|02|404010|2021|3|004***316**|MYRIAN POLICENA FONSECA DE MIRANDA
68868571|75299518|303|02|404010|2021|3|18979328000167|SOC CIVIL DE BENEFICÊNCIA CAETEENSE
68868572|75299519|303|02|403999|2021|3|29979036000140|INSS INSTITUTO NACIONAL DO SEGURO SOCIAL
68868573|75299520|303|02|403998|2021|3|00360305000104|CAIXA ECONOMICA FEDERAL
68868574|75299521|303|02|404017|2021|3|29979036000140|INSS INSTITUTO NACIONAL DO SEGURO SOCIAL
68868575|75299522|303|02|404017|2021|3|00360305000104|CAIXA ECONOMICA FEDERAL
68868576|75299523|303|02|404018|2021|3|00360305000104|CAIXA ECONOMICA FEDERAL
68868577|75299524|303|02|403999|2021|3|29979036000140|INSS INSTITUTO NACIONAL DO SEGURO SOCIAL
68868578|75299525|303|02|404017|2021|3|29979036000140|INSS INSTITUTO NACIONAL DO SEGURO SOCIAL
68868579|75299526|303|02|404018|2021|3|00360305000104|CAIXA ECONOMICA FEDERAL
68868580|75299527|303|02|403998|2021|3|29979036000140|INSS INSTITUTO NACIONAL DO SEGURO SOCIAL
68868581|75299528|303|02|404020|2021|3|052***546**|FATIMA IZABEL DOS SANTOS BALBINO
68868582|75299529|303|02|403998|2021|3|00360305000104|CAIXA ECONOMICA FEDERAL
68868583|75299532|303|02|404017|2021|3|00360305000104|CAIXA ECONOMICA FEDERAL
68868584|75299534|303|02|404011|2021|3|17926188000104|SINTAGMA ZENITE COMERCIO PAPELARIA E ESPORTES LTDA ME
68868585|75299535|303|02|404018|2021|3|29979036000140|INSS INSTITUTO NACIONAL DO SEGURO SOCIAL
68868586|75299540|303|02|404018|2021|3|29979036000140|INSS INSTITUTO NACIONAL DO SEGURO SOCIAL
68868587|75299543|303|02|404018|2021|3|29979036000140|INSS INSTITUTO NACIONAL DO SEGURO SOCIAL
68868588|75299544|303|02|404011|2021|3|21025315000163|AFRICA IND COM E SERV DE IMP DIGITAIS LTDA
68868589|75299551|303|02|404018|2021|3|29979036000140|INSS INSTITUTO NACIONAL DO SEGURO SOCIAL
68868590|75299552|303|02|403993|2021|3|01298583000141|TRIBUNAL REGIONAL DO TRABALHO DA 3ª REGIAO
68868591|75299554|303|02|404000|2021|3|26388732000194|ORTEP SEG ORGANIZACAO TECNICA DE PRECISAO EM SEGURANCA EIRELI
68868592|75299556|303|02|404020|2021|3|043***196**|WALACE GERALDO MUNIZ
68868593|75299557|303|02|404002|2021|3|00360305000104|CAIXA ECONOMICA FEDERAL
68868594|75299558|303|02|404010|2021|3|29979036000140|INSS INSTITUTO NACIONAL DO SEGURO SOCIAL
68868595|75299559|303|02|404010|2021|3|00360305000104|CAIXA ECONOMICA FEDERAL
68868596|75299560|303|02|404000|2021|3|26388732000194|ORTEP SEG ORGANIZACAO TECNICA DE PRECISAO EM SEGURANCA EIRELI
68868597|75299561|303|02|404010|2021|3|013***266**|MEIRE APARECIDA FONSECA
68868598|75299563|303|02|404000|2021|3|054***466**|WILSON VANDER VILELA
68868599|75299564|303|02|404010|2021|3|29979036000140|INSS INSTITUTO NACIONAL DO SEGURO SOCIAL
68868600|75299565|303|02|404018|2021|3|00360305000104|CAIXA ECONOMICA FEDERAL
68868601|75299566|303|02|404010|2021|3|29979036000140|INSS INSTITUTO NACIONAL DO SEGURO SOCIAL
68868602|75299570|303|02|404020|2021|3|006***786**|JOSÉ DOS SANTOS FERNANDES
68868603|75299573|303|02|404018|2021|3|29979036000140|INSS INSTITUTO NACIONAL DO SEGURO SOCIAL
68868604|75299574|303|02|404020|2021|3|576***896**|JOSÉ FERNANDES
68868605|75299577|303|02|404009|2021|3|29979036000140|INSS INSTITUTO NACIONAL DO SEGURO SOCIAL
68868606|75299581|303|02|403992|2021|3|10686295000155|INFOCASE COMERCIO E SERVICOS LTDA
68868607|75299582|303|02|404020|2021|3|29979036000140|INSS INSTITUTO NACIONAL DO SEGURO SOCIAL
68868608|75299586|303|02|404010|2021|3|29979036000140|INSS INSTITUTO NACIONAL DO SEGURO SOCIAL
68868609|75299587|303|02|404004|2021|3|00360305000104|CAIXA ECONOMICA FEDERAL
68868610|75299588|303|02|404020|2021|3|402***636**|GERONIMO MACHADO DE OLIVEIRA
68868611|75299589|303|02|404017|2021|3|29979036000140|INSS INSTITUTO NACIONAL DO SEGURO SOCIAL
68868612|75299591|303|02|403993|2021|3|01298583000141|TRIBUNAL REGIONAL DO TRABALHO DA 3ª REGIAO
68868613|75299593|303|02|403999|2021|3|00360305000104|CAIXA ECONOMICA FEDERAL
68868614|75299595|303|02|404010|2021|3|29979036000140|INSS INSTITUTO NACIONAL DO SEGURO SOCIAL
68868615|75299599|303|02|403998|2021|3|00360305000104|CAIXA ECONOMICA FEDERAL
68868616|75299600|303|02|404008|2021|3|29979036000140|INSS INSTITUTO NACIONAL DO SEGURO SOCIAL
68868617|75299601|303|02|404010|2021|3|29979036000140|INSS INSTITUTO NACIONAL DO SEGURO SOCIAL
68868618|75299602|303|02|404020|2021|3|04798469000179|GNC AUTOMOTORES LTDA
68868619|75299604|303|02|403996|2021|3|00360305000104|CAIXA ECONOMICA FEDERAL
68868620|75299606|303|02|403992|2021|3|00360305000104|CAIXA ECONOMICA FEDERAL
68868621|75299608|303|02|404000|2021|3|29979036000140|INSS INSTITUTO NACIONAL DO SEGURO SOCIAL
68868622|75299614|303|02|404010|2021|3|00360305000104|CAIXA ECONOMICA FEDERAL
68868623|75299615|303|02|403998|2021|3|118***546**|ERICKSON HENRIQUE M FERNANDES
68868624|75299616|303|02|404018|2021|3|29979036000140|INSS INSTITUTO NACIONAL DO SEGURO SOCIAL
68868625|75299619|303|02|404010|2021|3|052***036**|JOAO VAZ DA SILVA
68868626|75299624|303|02|404017|2021|3|29979036000140|INSS INSTITUTO NACIONAL DO SEGURO SOCIAL
68868627|75299627|303|02|403996|2021|3|29979036000140|INSS INSTITUTO NACIONAL DO SEGURO SOCIAL
68868628|75299629|303|02|404018|2021|3|00360305000104|CAIXA ECONOMICA FEDERAL
68868629|75299630|303|02|404020|2021|3|764***366**|IRIS MÁRCIA COSTA
68868630|75299633|303|02|404009|2021|3|00360305000104|CAIXA ECONOMICA FEDERAL
68868631|75299638|303|02|404020|2021|3|29979036000140|INSS INSTITUTO NACIONAL DO SEGURO SOCIAL
68868632|75299639|303|02|404010|2021|3|00360305000104|CAIXA ECONOMICA FEDERAL
68868633|75299640|303|02|404018|2021|3|00360305000104|CAIXA ECONOMICA FEDERAL
68868634|75299641|303|02|404017|2021|3|798***391**|RODRIGO MIRANDA LIMA
68868635|75299642|303|02|404018|2021|3|00360305000104|CAIXA ECONOMICA FEDERAL
68868636|75299644|303|02|404017|2021|3|17926188000104|SINTAGMA ZENITE COMERCIO PAPELARIA E ESPORTES LTDA ME
68868637|75299646|303|02|404004|2021|3|38002147000193|IPATINGA GESTAO DE PROJETOS
68868638|75299647|303|02|404017|2021|3|00360305000104|CAIXA ECONOMICA FEDERAL
68868639|75299649|303|02|404010|2021|3|00360305000104|CAIXA ECONOMICA FEDERAL
68868640|75299650|303|02|403998|2021|3|27150329000195|CLEIBER DOS SANTOS FERREIRA
68868641|75299651|303|02|404011|2021|3|29979036000140|INSS INSTITUTO NACIONAL DO SEGURO SOCIAL
68868642|75299654|303|02|404020|2021|3|00360305000104|CAIXA ECONOMICA FEDERAL
68868643|75299655|303|02|404009|2021|3|29979036000140|INSS INSTITUTO NACIONAL DO SEGURO SOCIAL
68868644|75299656|303|02|404010|2021|3|29979036000140|INSS INSTITUTO NACIONAL DO SEGURO SOCIAL
68868645|75299657|303|02|404017|2021|3|29979036000140|INSS INSTITUTO NACIONAL DO SEGURO SOCIAL
68868646|75299659|303|02|404011|2021|3|23250713000109|CERTIDIGI CERTIFICADO DIGITAL E SEG DE INFORMACAO
68868647|75299660|303|02|403993|2021|3|01298583000141|TRIBUNAL REGIONAL DO TRABALHO DA 3ª REGIAO
68868648|75299666|303|02|404017|2021|3|092***716**|IURI FRANCISCO DE PAULA ALVES
68868649|75299667|303|02|404006|2021|3|00360305000104|CAIXA ECONOMICA FEDERAL
68868650|75299669|303|02|404002|2021|3|29979036000140|INSS INSTITUTO NACIONAL DO SEGURO SOCIAL
68868651|75299671|303|02|404017|2021|3|00360305000104|CAIXA ECONOMICA FEDERAL
68868652|75299673|303|02|404010|2021|3|00360305000104|CAIXA ECONOMICA FEDERAL
68868653|75299674|303|02|404018|2021|3|29979036000140|INSS INSTITUTO NACIONAL DO SEGURO SOCIAL
68868654|75299678|303|02|403991|2021|3|29979036000140|INSS INSTITUTO NACIONAL DO SEGURO SOCIAL
68868655|75299680|303|02|404010|2021|3|19471162000136|VOXEL DIAGNOSTICO POR IMAGEM
68868656|75299681|303|02|403991|2021|3|102***366**|MARCOS LUCIANO DE FIGUEREDO
68868657|75299683|303|02|404020|2021|3|967***346**|ADEMAR HERMOGENES DA SILVA
68868658|75299688|303|02|404010|2021|3|29979036000140|INSS INSTITUTO NACIONAL DO SEGURO SOCIAL
68868659|75299691|303|02|403991|2021|3|00360305000104|CAIXA ECONOMICA FEDERAL
68868660|75299692|303|02|404005|2021|3|00360305000104|CAIXA ECONOMICA FEDERAL
68868661|75299693|303|02|403998|2021|3|29979036000140|INSS INSTITUTO NACIONAL DO SEGURO SOCIAL
68868662|75299694|303|02|404020|2021|3|005***326**|LUIZ CARLOS LOPES JUNIOR
68868663|75299695|303|02|404020|2021|3|012***766**|ANA PAULA DEMÉTRIO
68868664|75299696|303|02|404010|2021|3|067***966**|MIRLENE APARECIDA DE ALVARENGA
68868665|75299700|303|02|404010|2021|3|112***116**|NATAICY DE OLIVEIRA GUEDES
68868666|75299703|303|02|404018|2021|3|00360305000104|CAIXA ECONOMICA FEDERAL
68868667|75299710|303|02|404020|2021|3|960***376**|WILLIAN REZENDE SILVA
68868668|75299715|303|02|404007|2021|3|00360305000104|CAIXA ECONOMICA FEDERAL
68868669|75299716|303|02|404018|2021|3|29979036000140|INSS INSTITUTO NACIONAL DO SEGURO SOCIAL
68868670|75299717|303|02|404010|2021|3|29979036000140|INSS INSTITUTO NACIONAL DO SEGURO SOCIAL
68868671|75299718|303|02|404020|2021|3|00360305000104|CAIXA ECONOMICA FEDERAL
68868672|75299721|303|02|404020|2021|3|373***206**|JOSÉ IVAIR DA CLARA SILVA
68868673|75299722|303|02|404017|2021|3|00360305000104|CAIXA ECONOMICA FEDERAL
68868674|75299724|303|02|404017|2021|3|798***391**|RODRIGO MIRANDA LIMA
68868675|75299725|303|02|404000|2021|3|794***406**|ARISTON FERREIRA DE DEUS
68868676|75299728|303|02|404018|2021|3|00360305000104|CAIXA ECONOMICA FEDERAL
68868677|75299730|303|02|404020|2021|3|108***826**|FERNANDO HENRIQUE NASCIMENTO BITTENCOURT
68868678|75299731|303|02|404010|2021|3|65186835000123|DISTRIBUIDORA IRMAOS SANTANA LTDAEPP
68868679|75299732|303|02|403998|2021|3|00360305000104|CAIXA ECONOMICA FEDERAL
68868680|75299737|303|02|404010|2021|3|18979328000167|SOC CIVIL DE BENEFICÊNCIA CAETEENSE
68868681|75299738|303|02|404017|2021|3|00360305000104|CAIXA ECONOMICA FEDERAL
68868682|75299739|303|02|404006|2021|3|645***446**|GERALDO ROSA TRINDADE
68868683|75299740|303|02|404010|2021|3|028***826**|VALDENIA CONSOLACAO ROSA VIEIRA
68868684|75299741|303|02|404010|2021|3|00360305000104|CAIXA ECONOMICA FEDERAL
68868685|75299742|303|02|404010|2021|3|090***286**|LEONARDO XAVIER HUDSON
68868686|75299743|303|02|404010|2021|3|740***406**|LUIZA DE MARILAC MARIANO CALADO
68868687|75299744|303|02|404010|2021|3|24789180000109|SMARTMED REPRESENTACAO COM PROD MED HOSP LTDA
68868688|75299745|303|02|404020|2021|3|041***646**|GUSTAVO HENRIQUE FRANCO DUARTE
68868689|75299747|303|02|404010|2021|3|29979036000140|INSS INSTITUTO NACIONAL DO SEGURO SOCIAL
68868690|75299750|303|02|403993|2021|3|27287226000171|SNAP INFORMÁTICA LTDA
68868691|75299752|303|02|403992|2021|3|086***468**|FERNANDO ARAUJO DOS SANTOS
68868692|75299754|303|02|403998|2021|3|118***546**|ERICKSON HENRIQUE M FERNANDES
68868693|75299755|303|02|403999|2021|3|00360305000104|CAIXA ECONOMICA FEDERAL
68868694|75299756|303|02|403992|2021|3|20198527000180|PABIO FERREIRA VILELA ME
68868695|75299758|303|02|403992|2021|3|29979036000140|INSS INSTITUTO NACIONAL DO SEGURO SOCIAL
68868696|75299759|303|02|404020|2021|3|043***196**|WALACE GERALDO MUNIZ
68868697|75299760|303|02|403996|2021|3|29979036000140|INSS INSTITUTO NACIONAL DO SEGURO SOCIAL
68868698|75299762|303|02|404018|2021|3|00360305000104|CAIXA ECONOMICA FEDERAL
68868699|75299766|303|02|404020|2021|3|41915208000118|ORTOPÉDICA LTDA
68868700|75299767|303|02|404017|2021|3|00360305000104|CAIXA ECONOMICA FEDERAL
68868701|75299769|303|02|403998|2021|3|081***916**|JOSIRLENE DUARTE DA SILVA
68868702|75299770|303|02|403992|2021|3|08084219000128|ABREU E MADUREIRA CELULARES LTDA ME
68868703|75299771|303|02|403993|2021|3|01298583000141|TRIBUNAL REGIONAL DO TRABALHO DA 3ª REGIAO
68868704|75299772|303|02|403993|2021|3|21154554000113|TRIBUNAL DE JUSTICA DE MINAS GERAIS
68868705|75299773|303|02|404007|2021|3|29979036000140|INSS INSTITUTO NACIONAL DO SEGURO SOCIAL
68868706|75299774|303|02|404009|2021|3|086***836**|JORDANE LETÍCIA DE BRITO
68868707|75299776|303|02|404020|2021|3|251***056**|PAULO EDUARDO PEDROSA
68868708|75299778|303|02|404020|2021|3|031***516**|EDILENE GONCALVES DE ALMEIDA
68868709|75299779|303|02|403992|2021|3|00360305000104|CAIXA ECONOMICA FEDERAL
68868710|75299780|303|02|404020|2021|3|911***506**|JOSE GERALDO BALBINO
68868711|75299781|303|02|404010|2021|3|00360305000104|CAIXA ECONOMICA FEDERAL
68868712|75299783|303|02|404020|2021|3|745***966**|MARCOS ANTONIO DE AQUINO
68868713|75299785|303|02|404010|2021|3|00360305000104|CAIXA ECONOMICA FEDERAL
68868714|75299786|303|02|404004|2021|3|29979036000140|INSS INSTITUTO NACIONAL DO SEGURO SOCIAL
68868715|75299788|303|02|404018|2021|3|29979036000140|INSS INSTITUTO NACIONAL DO SEGURO SOCIAL
68868716|75299790|303|02|404006|2021|3|29979036000140|INSS INSTITUTO NACIONAL DO SEGURO SOCIAL
68868717|75299792|303|02|404010|2021|3|372***566**|MARIA ISABEL MAGALHAES FONSECA
68868718|75299794|303|02|403992|2021|3|645***446**|GERALDO ROSA TRINDADE
68868719|75299795|303|02|404010|2021|3|00360305000104|CAIXA ECONOMICA FEDERAL
68868720|75299798|303|02|404010|2021|3|00360305000104|CAIXA ECONOMICA FEDERAL
68868721|75299800|303|02|404010|2021|3|13999074000125|ALVO INSET CONTROLE DE PRAGA LTDA
68868722|75299801|303|02|403998|2021|3|29979036000140|INSS INSTITUTO NACIONAL DO SEGURO SOCIAL
68868723|75299803|303|02|403992|2021|3|29979036000140|INSS INSTITUTO NACIONAL DO SEGURO SOCIAL
68868724|75299804|303|02|404010|2021|3|098***196**|JUSSARA ALVES FERREIRA BARBOSA
68868725|75299805|303|02|403993|2021|3|00360305000104|CAIXA ECONOMICA FEDERAL
68868726|75299806|303|02|404010|2021|3|047***886**|JULIANA MARIA DA SILVA
68868727|75299807|303|02|404010|2021|3|110***056**|FLAVIA ALVES DE OLIVEIRA
68868728|75299808|303|02|404010|2021|3|29979036000140|INSS INSTITUTO NACIONAL DO SEGURO SOCIAL
68868729|75299809|303|02|403998|2021|3|29979036000140|INSS INSTITUTO NACIONAL DO SEGURO SOCIAL
68868730|75299810|303|02|403993|2021|3|21154554000113|TRIBUNAL DE JUSTICA DE MINAS GERAIS
68868731|75299811|303|02|404010|2021|3|063***986**|MAURO TOMAZ
68868732|75299812|303|02|404017|2021|3|29979036000140|INSS INSTITUTO NACIONAL DO SEGURO SOCIAL
68868733|75299814|303|02|403998|2021|3|29979036000140|INSS INSTITUTO NACIONAL DO SEGURO SOCIAL
68868734|75299820|303|02|404017|2021|3|29979036000140|INSS INSTITUTO NACIONAL DO SEGURO SOCIAL
68868735|75299821|303|02|404018|2021|3|00360305000104|CAIXA ECONOMICA FEDERAL
68868736|75299822|303|02|404020|2021|3|048***986**|JOSE ADRIANO APARECIDO CONCEICAO
68868737|75299823|303|02|404010|2021|3|65186835000123|DISTRIBUIDORA IRMAOS SANTANA LTDAEPP
68868738|75299824|303|02|404000|2021|3|17926188000104|SINTAGMA ZENITE COMERCIO PAPELARIA E ESPORTES LTDA ME
68868739|75299825|303|02|404010|2021|3|08916896000165|JL COMERCIO TICO GÁS CAETÉ LTDAEPP
68868740|75299826|303|02|404000|2021|3|04309564000161|ESTRELA LOGÍSTICA EIRELI
68868741|75299827|303|02|404020|2021|3|92559830000171|GREEN CARD SA REFEICOES COMERCIO E SERVICOS
68868742|75299828|303|02|404020|2021|3|04027894000750|DUPATRI HOSPITALAR COM IMPORT E EXP LTDA
68868743|75299829|303|02|403991|2021|3|04309564000161|ESTRELA LOGÍSTICA EIRELI
68868744|75299830|303|02|403998|2021|3|10803557000114|FORTE COMERCIO DE ALIMENTOS LTDA
68868745|75299831|303|02|404019|2021|3|26786353000152|IMPRESS LOCACAO COMERCIO E SERVICOS EIRELI ME
68868746|75299832|303|02|404009|2021|3|26786353000152|IMPRESS LOCACAO COMERCIO E SERVICOS EIRELI ME
68868747|75299833|303|02|404017|2021|3|30935086000105|ALCATEIA ENGENHARIA E CONSTRUCAO LTDA
68868748|75299834|303|02|403993|2021|3|04309564000161|ESTRELA LOGÍSTICA EIRELI
68868749|75299835|303|02|404018|2021|3|30935086000105|ALCATEIA ENGENHARIA E CONSTRUCAO LTDA
68868750|75299836|303|02|404010|2021|3|34155009000193|CARLOS HENRIQUE DA SILVA COSTA
68868751|75299837|303|02|404017|2021|3|30935086000105|ALCATEIA ENGENHARIA E CONSTRUCAO LTDA
68868752|75299838|303|02|403993|2021|3|26786353000152|IMPRESS LOCACAO COMERCIO E SERVICOS EIRELI ME
68868753|75299839|303|02|404009|2021|3|04309564000161|ESTRELA LOGÍSTICA EIRELI
68868754|75299840|303|02|404000|2021|3|30935086000105|ALCATEIA ENGENHARIA E CONSTRUCAO LTDA
68868755|75299841|303|02|404010|2021|3|21151275000104|BH SOLDAS EQUIPAMENTOS DE PROTECAO INDIVIDUAL EIRELIME
68868756|75299842|303|02|404010|2021|3|27701484000152|LUDMYLLA MATIAS DI IORIO ME
68868757|75299843|303|02|403991|2021|3|41955550000141|GRAFICA ANDORINHA E EDITORA LTDA
68868758|75299844|303|02|404010|2021|3|28122720000149|CONSTRUTORA LUTA LTDA
68868759|75299845|303|02|404018|2021|3|26786353000152|IMPRESS LOCACAO COMERCIO E SERVICOS EIRELI ME
68868760|75299846|303|02|403991|2021|3|26786353000152|IMPRESS LOCACAO COMERCIO E SERVICOS EIRELI ME
68868761|75299847|303|02|404017|2021|3|11963458000162|LEONARDO FILOMENO ME
68868762|75299848|303|02|404010|2021|3|07062925000106|ORGANIZACOES MSL COMERCIO E INDUSTRIA DE MATERIAIS ELETRICOS LTDA
68868763|75299849|303|02|404017|2021|3|29112643000109|ELETRONS PESQUISA CIENCIA TEC INOVACAO EIRELIME
68868764|75299850|303|02|404002|2021|3|26786353000152|IMPRESS LOCACAO COMERCIO E SERVICOS EIRELI ME
68868765|75299851|303|02|403992|2021|3|92559830000171|GREEN CARD SA REFEICOES COMERCIO E SERVICOS
68868766|75299852|303|02|404000|2021|3|04309564000161|ESTRELA LOGÍSTICA EIRELI
68868767|75299853|303|02|404017|2021|3|30935086000105|ALCATEIA ENGENHARIA E CONSTRUCAO LTDA
68868768|75299854|303|02|404017|2021|3|92559830000171|GREEN CARD SA REFEICOES COMERCIO E SERVICOS
68868769|75299855|303|02|404010|2021|3|41719477000109|KARAIBA MATERIAIS DE CONSTRUCAO LTDA
68868770|75299856|303|02|403992|2021|3|26786353000152|IMPRESS LOCACAO COMERCIO E SERVICOS EIRELI ME
68868771|75299857|303|02|404011|2021|3|30935086000105|ALCATEIA ENGENHARIA E CONSTRUCAO LTDA
68868772|75299858|303|02|404000|2021|3|26786353000152|IMPRESS LOCACAO COMERCIO E SERVICOS EIRELI ME
68868773|75299859|303|02|404010|2021|3|21856981000143|WTRADE INTERMEDIACAO DE NEGOCIOS LTDAME
68868774|75299860|303|02|404010|2021|3|06176619000138|SM SEGURANCA BELO HORIZONTE LTDA
68868775|75299861|303|02|404006|2021|3|26786353000152|IMPRESS LOCACAO COMERCIO E SERVICOS EIRELI ME
68868776|75299862|303|02|404017|2021|3|04309564000161|ESTRELA LOGÍSTICA EIRELI
68868777|75299863|303|02|404004|2021|3|04309564000161|ESTRELA LOGÍSTICA EIRELI
68868778|75299864|303|02|403992|2021|3|04309564000161|ESTRELA LOGÍSTICA EIRELI
68868779|75299865|303|02|404017|2021|3|32317610000100|LFD COMERCIO MATERIAL ELETRICO LTDA
68868780|75299866|303|02|404010|2021|3|04309564000161|ESTRELA LOGÍSTICA EIRELI
68868781|75299867|303|02|404010|2021|3|30935086000105|ALCATEIA ENGENHARIA E CONSTRUCAO LTDA
68868782|75299868|303|02|404011|2021|3|00165960000101|GOVERNANCA BRASIL TEC GESTAO EM SERV LTDA
68868783|75299869|303|02|403999|2021|3|00165960000101|GOVERNANCA BRASIL TEC GESTAO EM SERV LTDA
68868784|75299870|303|02|403991|2021|3|26756847000194|BECHELENI & LIMA SOCIEDADE DE ADVOGADOS
68868785|75299871|303|02|403996|2021|3|00165960000101|GOVERNANCA BRASIL TEC GESTAO EM SERV LTDA
68868786|75299872|303|02|404006|2021|3|00165960000101|GOVERNANCA BRASIL TEC GESTAO EM SERV LTDA
68868787|75299873|303|02|404002|2021|3|04398505000107|CONS OPERTR COL PASS ONIB BH
68868788|75299874|303|02|404011|2021|3|00165960000101|GOVERNANCA BRASIL TEC GESTAO EM SERV LTDA
68868789|75299875|303|02|404000|2021|3|00165960000101|GOVERNANCA BRASIL TEC GESTAO EM SERV LTDA
68868790|75299876|303|02|403992|2021|3|00165960000101|GOVERNANCA BRASIL TEC GESTAO EM SERV LTDA
68868791|75299877|303|02|403998|2021|3|960***456**|ROSILENE VIANA DE FREITAS SOUZA SALDANHA
68868792|75299878|303|02|403991|2021|3|25701780000128|AMIGASSOCIACAO DOS MUNICÍPIOS MINERADORES DE MG
68868793|75299879|303|02|404020|2021|3|01417694000120|DISTRIMIX DISTRIBUIDORA DE MEDICAMENTOS LTDA
68868794|75299880|303|02|404020|2021|3|01772798000233|MEDTRONIC COMERCIAL LTDA
68868795|75299881|303|02|404010|2021|3|199***416**|PAULO DAS GRACAS FRANCO
68868796|75299882|303|02|404020|2021|3|01417694000120|DISTRIMIX DISTRIBUIDORA DE MEDICAMENTOS LTDA
68868797|75299883|303|02|404020|2021|3|01417694000120|DISTRIMIX DISTRIBUIDORA DE MEDICAMENTOS LTDA
68868798|75299884|303|02|403998|2021|3|251***716**|CELSON AMARO DE OLIVEIRA
68868799|75299885|303|02|404020|2021|3|18269125000187|BIOHOSP PRODUTOS HOSPITALARES LTDA
68868800|75299886|303|02|404017|2021|3|528***966**|SÓSTENES PEDRO NUNES DE MELO
68868801|75299887|303|02|403996|2021|3|00604122000197|TRIVALE ADMINISTRACAO LTDA
68868802|75299888|303|02|403996|2021|3|05684180000191|COMPANHIA ITABIRANA DE TELECOMUNICACOES LTDA
68868803|75299889|303|02|404002|2021|3|12477490000281|LIDER NOTEBOOKS COMERCIO E SERVICOS LTDA
68868804|75299890|303|02|403998|2021|3|12477490000281|LIDER NOTEBOOKS COMERCIO E SERVICOS LTDA
68868805|75299891|303|02|404000|2021|3|12477490000281|LIDER NOTEBOOKS COMERCIO E SERVICOS LTDA
68868806|75299892|303|02|403992|2021|3|12477490000281|LIDER NOTEBOOKS COMERCIO E SERVICOS LTDA
68868807|75299893|303|02|404010|2021|3|73856593001057|PRATI DONADUZZI & CIA LTDA
68868808|75299894|303|02|404000|2021|3|29013780000196|VISA ELETRO EIRELI ME
68868809|75299895|303|02|404010|2021|3|05684180000191|COMPANHIA ITABIRANA DE TELECOMUNICACOES LTDA
68868810|75299896|303|02|403993|2021|3|12477490000281|LIDER NOTEBOOKS COMERCIO E SERVICOS LTDA
68868811|75299897|303|02|404009|2021|3|12477490000281|LIDER NOTEBOOKS COMERCIO E SERVICOS LTDA
68868812|75299898|303|02|404010|2021|3|36325157000215|COSTA CAMARGO COM DE PROD HOSP LTDA
68868813|75299899|303|02|404010|2021|3|18269125000187|BIOHOSP PRODUTOS HOSPITALARES LTDA
68868814|75299900|303|02|404010|2021|3|03945035000191|ACACIA COMERCIO DE MEDICAMENTOS LTDA
68868815|75299901|303|02|404010|2021|3|29013780000196|VISA ELETRO EIRELI ME
68868816|75299902|303|02|404000|2021|3|00604122000197|TRIVALE ADMINISTRACAO LTDA
68868817|75299903|303|02|404010|2021|3|49324221000104|FRESENIUS KABI BRASIL LTDA
68868818|75299904|303|02|404000|2021|3|00604122000197|TRIVALE ADMINISTRACAO LTDA
68868819|75299905|303|02|403992|2021|3|05684180000191|COMPANHIA ITABIRANA DE TELECOMUNICACOES LTDA
68868552|75299476|303|02|403998|2021|3|00360305000104|CAIXA ECONOMICA FEDERAL
68868553|75299478|303|02|403993|2021|3|21154554000113|TRIBUNAL DE JUSTICA DE MINAS GERAIS
68868554|75299480|303|02|404020|2021|3|521***496**|ANTÔNIO CARLOS LINHARES DE OLIVEIRA
68868555|75299481|303|02|403998|2021|3|04864143000100|DA SILVA E SANTOS LTDA
68868556|75299484|303|02|404000|2021|3|00360305000104|CAIXA ECONOMICA FEDERAL
68868557|75299486|303|02|403992|2021|3|04864143000100|DA SILVA E SANTOS LTDA
68868558|75299487|303|02|404011|2021|3|00360305000104|CAIXA ECONOMICA FEDERAL
68868559|75299489|303|02|403993|2021|3|29979036000140|INSS INSTITUTO NACIONAL DO SEGURO SOCIAL
68868560|75299492|303|02|404005|2021|3|29979036000140|INSS INSTITUTO NACIONAL DO SEGURO SOCIAL
68868561|75299496|303|02|404010|2021|3|00360305000104|CAIXA ECONOMICA FEDERAL
68868562|75299499|303|02|404020|2021|3|04798469000179|GNC AUTOMOTORES LTDA
68868563|75299503|303|02|403992|2021|3|00360305000104|CAIXA ECONOMICA FEDERAL
68868564|75299505|303|02|403996|2021|3|17926188000104|SINTAGMA ZENITE COMERCIO PAPELARIA E ESPORTES LTDA ME
68868565|75299506|303|02|404018|2021|3|29979036000140|INSS INSTITUTO NACIONAL DO SEGURO SOCIAL
68868566|75299508|303|02|403998|2021|3|00360305000104|CAIXA ECONOMICA FEDERAL
68868567|75299509|303|02|403998|2021|3|29979036000140|INSS INSTITUTO NACIONAL DO SEGURO SOCIAL
68868820|75299907|303|02|404018|2021|4|00360305000104|CAIXA ECONOMICA FEDERAL
68868821|75299908|303|02|404017|2021|4|18562439000173|CE HELENA DE BARROS PINHEIRO
68868822|75299912|303|02|404011|2021|4|00360305000104|CAIXA ECONOMICA FEDERAL
68868823|75299913|303|02|404000|2021|4|971***346**|DANIEL EVANGELISTA RODRIGUES
68868824|75299914|303|02|403993|2021|4|29979036000140|INSS INSTITUTO NACIONAL DO SEGURO SOCIAL
68868825|75299918|303|02|404020|2021|4|006***786**|JOSÉ DOS SANTOS FERNANDES
68868826|75299919|303|02|404002|2021|4|596***686**|ADILSON DOS SANTOS MOREIRA
68868827|75299920|303|02|404017|2021|4|03166229000199|CE PE JOAQUIM SATURNINO DE FREITAS
68868828|75299921|303|02|403991|2021|4|00360305000104|CAIXA ECONOMICA FEDERAL
68868829|75299922|303|02|404005|2021|4|00360305000104|CAIXA ECONOMICA FEDERAL
68868830|75299925|303|02|404010|2021|4|478***196**|MAGDA APARECIDA DA SILVA
68868831|75299926|303|02|403996|2021|4|118***546**|ERICKSON HENRIQUE M FERNANDES
68868832|75299928|303|02|404020|2021|4|012***766**|ANA PAULA DEMÉTRIO
68868833|75299929|303|02|404017|2021|4|29979036000140|INSS INSTITUTO NACIONAL DO SEGURO SOCIAL
68868834|75299930|303|02|403996|2021|4|081***916**|JOSIRLENE DUARTE DA SILVA
68868835|75299932|303|02|404004|2021|4|084***696**|GUSTAVO HENRIQUE GOMES MORAES
68868836|75299934|303|02|404002|2021|4|29979036000140|INSS INSTITUTO NACIONAL DO SEGURO SOCIAL
68868837|75299936|303|02|404000|2021|4|26388765000134|RODRIGO DE MATOS PETRONILHO
68868838|75299937|303|02|404006|2021|4|645***446**|GERALDO ROSA TRINDADE
68868839|75299938|303|02|404020|2021|4|00360305000104|CAIXA ECONOMICA FEDERAL
68868840|75299940|303|02|404000|2021|4|042***346**|AFRÂNIO REI DE FRANCA SILVA
68868841|75299944|303|02|404020|2021|4|108***826**|FERNANDO HENRIQUE NASCIMENTO BITTENCOURT
68868842|75299945|303|02|404018|2021|4|29979036000140|INSS INSTITUTO NACIONAL DO SEGURO SOCIAL
68868843|75299946|303|02|404010|2021|4|17926188000104|SINTAGMA ZENITE COMERCIO PAPELARIA E ESPORTES LTDA ME
68868844|75299948|303|02|404017|2021|4|10982384000149|CENTRO MUNICIPAL DE ATIVIDADE EDUCACIONALCEMAE I
68868845|75299949|303|02|404018|2021|4|00360305000104|CAIXA ECONOMICA FEDERAL
68868846|75299951|303|02|404010|2021|4|29979036000140|INSS INSTITUTO NACIONAL DO SEGURO SOCIAL
68868847|75299955|303|02|404010|2021|4|42768283000166|MCJ ASSESSORIA HOSPITALAR E INFORMÁTICA LTDA
68868848|75299956|303|02|403998|2021|4|23073831000199|LEONARA CRISTINA DIAS DE SOUZA
68868849|75299957|303|02|404017|2021|4|29979036000140|INSS INSTITUTO NACIONAL DO SEGURO SOCIAL
68868850|75299960|303|02|403992|2021|4|00360305000104|CAIXA ECONOMICA FEDERAL
68868851|75299961|303|02|404020|2021|4|764***366**|IRIS MÁRCIA COSTA
68868852|75299962|303|02|404000|2021|4|251***296**|CARLOS ALBERTO MALAQUIAS
68868853|75299965|303|02|404000|2021|4|050***726**|MARCIO GERALDO DAS GRACAS
68868854|75299966|303|02|404000|2021|4|626***016**|CLEIDSTON LIMA LAGE
68868855|75299967|303|02|404018|2021|4|00360305000104|CAIXA ECONOMICA FEDERAL
68868856|75299968|303|02|403998|2021|4|29979036000140|INSS INSTITUTO NACIONAL DO SEGURO SOCIAL
68868857|75299969|303|02|404006|2021|4|137***296**|THATIANY ANDRADE FERREIRA
68868858|75299970|303|02|404000|2021|4|794***406**|ARISTON FERREIRA DE DEUS
68868859|75299972|303|02|404000|2021|4|626***016**|CLEIDSTON LIMA LAGE
68868860|75299974|303|02|404004|2021|4|00360305000104|CAIXA ECONOMICA FEDERAL
68868861|75299975|303|02|404000|2021|4|914***066**|MAURICIO RODRIGUES
68868862|75299979|303|02|403992|2021|4|044***536**|ELIANE SILVA DE ALMEIDA
68868863|75299981|303|02|404004|2021|4|29979036000140|INSS INSTITUTO NACIONAL DO SEGURO SOCIAL
68868864|75299982|303|02|404000|2021|4|089***946**|PABLO DOUGLAS DOS REIS MARINHO
68868865|75299984|303|02|404017|2021|4|03166218000109|CE PROFESSORA SIRLENE DE PAULA
68868866|75299985|303|02|403996|2021|4|29979036000140|INSS INSTITUTO NACIONAL DO SEGURO SOCIAL
68868867|75299986|303|02|404000|2021|4|29979036000140|INSS INSTITUTO NACIONAL DO SEGURO SOCIAL
68868868|75299987|303|02|404020|2021|4|29979036000140|INSS INSTITUTO NACIONAL DO SEGURO SOCIAL
68868869|75299990|303|02|404017|2021|4|18273987000183|CE JOSE LOURENCO LAUDATE
68868870|75299991|303|02|404018|2021|4|29979036000140|INSS INSTITUTO NACIONAL DO SEGURO SOCIAL
68868871|75299992|303|02|404005|2021|4|29979036000140|INSS INSTITUTO NACIONAL DO SEGURO SOCIAL
68868872|75299993|303|02|404000|2021|4|809***366**|JOAO ROBERTO DE ARAUJO LIMA
68868873|75299994|303|02|404000|2021|4|050***576**|MARCELO BORGES DE OLIVEIRA
68868874|75299996|303|02|404020|2021|4|00360305000104|CAIXA ECONOMICA FEDERAL
68868875|75299997|303|02|404017|2021|4|29979036000140|INSS INSTITUTO NACIONAL DO SEGURO SOCIAL
68868876|75300005|303|02|404018|2021|4|29979036000140|INSS INSTITUTO NACIONAL DO SEGURO SOCIAL
68868877|75300006|303|02|404010|2021|4|00360305000104|CAIXA ECONOMICA FEDERAL
68868878|75300007|303|02|403999|2021|4|29979036000140|INSS INSTITUTO NACIONAL DO SEGURO SOCIAL
68868879|75300008|303|02|404000|2021|4|081***496**|LEANDRO FERREIRA GUEDES
68868880|75300010|303|02|404017|2021|4|22473558000127|CE PADRE GILSON DA SILVEIRA GOULART
68868881|75300011|303|02|404000|2021|4|545***896**|ANTONIO DOS SANTOS FILHO
68868882|75300012|303|02|403991|2021|4|71181184000181|DÁRIO HUMBERTO DE MELO CASTROME
68868883|75300013|303|02|404000|2021|4|415***986**|FRANCISCO MACHADO DA SILVA
68868884|75300014|303|02|404010|2021|4|00360305000104|CAIXA ECONOMICA FEDERAL
68868885|75300016|303|02|403991|2021|4|29979036000140|INSS INSTITUTO NACIONAL DO SEGURO SOCIAL
68868886|75300018|303|02|404018|2021|4|00360305000104|CAIXA ECONOMICA FEDERAL
68868887|75300019|303|02|403993|2021|4|00360305000104|CAIXA ECONOMICA FEDERAL
68868888|75300020|303|02|404002|2021|4|596***686**|ADILSON DOS SANTOS MOREIRA
68868889|75300021|303|02|404000|2021|4|034***908**|MARCIO SALVADOR DOS SANTOS
68868890|75300028|303|02|404020|2021|4|385***256**|DILSON COELHO JÁCOME
68868891|75300029|303|02|404017|2021|4|10982382000150|CENTRO MUNICIPAL DE ATIVIDADE EDUCACIONALCEMAE II
68868892|75300030|303|02|404017|2021|4|00360305000104|CAIXA ECONOMICA FEDERAL
68868893|75300031|303|02|403991|2021|4|17926188000104|SINTAGMA ZENITE COMERCIO PAPELARIA E ESPORTES LTDA ME
68868894|75300033|303|02|404020|2021|4|29979036000140|INSS INSTITUTO NACIONAL DO SEGURO SOCIAL
68868895|75300035|303|02|404017|2021|4|05843803000121|CE HÉLIO CERQUEIRA PEIXOTO
68868896|75300036|303|02|404000|2021|4|042***346**|AFRÂNIO REI DE FRANCA SILVA
68868897|75300038|303|02|404017|2021|4|798***391**|RODRIGO MIRANDA LIMA
68868898|75300041|303|02|404017|2021|4|18562611000199|CE ANEZIA MARIA PINHEIRO
68868899|75300042|303|02|404000|2021|4|913***706**|MARCELINO FERNANDES
68868900|75300043|303|02|404017|2021|4|29979036000140|INSS INSTITUTO NACIONAL DO SEGURO SOCIAL
68868901|75300044|303|02|403996|2021|4|014***106**|PAULA TEREZINHA DE ANDRADE CYPRIANO
68868902|75300046|303|02|404000|2021|4|23250713000109|CERTIDIGI CERTIFICADO DIGITAL E SEG DE INFORMACAO
68868903|75300047|303|02|404020|2021|4|041***646**|GUSTAVO HENRIQUE FRANCO DUARTE
68868904|75300048|303|02|404002|2021|4|596***686**|ADILSON DOS SANTOS MOREIRA
68868905|75300054|303|02|403998|2021|4|29979036000140|INSS INSTITUTO NACIONAL DO SEGURO SOCIAL
68868906|75300055|303|02|403998|2021|4|00360305000104|CAIXA ECONOMICA FEDERAL
68868907|75300056|303|02|403993|2021|4|21154554000113|TRIBUNAL DE JUSTICA DE MINAS GERAIS
68868908|75300059|303|02|404020|2021|4|576***896**|JOSÉ FERNANDES
68868909|75300062|303|02|404018|2021|4|00360305000104|CAIXA ECONOMICA FEDERAL
68868910|75300063|303|02|404011|2021|4|29979036000140|INSS INSTITUTO NACIONAL DO SEGURO SOCIAL
68868911|75300064|303|02|404000|2021|4|089***946**|PABLO DOUGLAS DOS REIS MARINHO
68868912|75300065|303|02|404017|2021|4|00360305000104|CAIXA ECONOMICA FEDERAL
68868913|75300066|303|02|404018|2021|4|29979036000140|INSS INSTITUTO NACIONAL DO SEGURO SOCIAL
68868914|75300067|303|02|404000|2021|4|050***726**|MARCIO GERALDO DAS GRACAS
68868915|75300068|303|02|404000|2021|4|050***576**|MARCELO BORGES DE OLIVEIRA
68868916|75300069|303|02|404000|2021|4|00360305144106|CAIXA ECONOMICA FEDERAL
68868917|75300072|303|02|404020|2021|4|521***496**|ANTÔNIO CARLOS LINHARES DE OLIVEIRA
68868918|75300075|303|02|404010|2021|4|00360305000104|CAIXA ECONOMICA FEDERAL
68868919|75300076|303|02|404017|2021|4|18562413000125|CE JOAO MONLEVADE
68868920|75300077|303|02|404018|2021|4|29979036000140|INSS INSTITUTO NACIONAL DO SEGURO SOCIAL
68868921|75300078|303|02|404010|2021|4|00360305000104|CAIXA ECONOMICA FEDERAL
68868922|75300079|303|02|403998|2021|4|081***916**|JOSIRLENE DUARTE DA SILVA
68868923|75300081|303|02|404017|2021|4|00360305000104|CAIXA ECONOMICA FEDERAL
68868924|75300082|303|02|403996|2021|4|118***546**|ERICKSON HENRIQUE M FERNANDES
68868925|75300085|303|02|404000|2021|4|545***226**|EDSON DAS NEVES
68868926|75300086|303|02|404000|2021|4|971***346**|DANIEL EVANGELISTA RODRIGUES
68868927|75300088|303|02|404000|2021|4|00360305000104|CAIXA ECONOMICA FEDERAL
68868928|75300090|303|02|403996|2021|4|29979036000140|INSS INSTITUTO NACIONAL DO SEGURO SOCIAL
68868929|75300091|303|02|404017|2021|4|29979036000140|INSS INSTITUTO NACIONAL DO SEGURO SOCIAL
68868930|75300092|303|02|404010|2021|4|29979036000140|INSS INSTITUTO NACIONAL DO SEGURO SOCIAL
68868931|75300093|303|02|404000|2021|4|652***106**|SEBASTIAO DIAS DA SILVA
68868932|75300094|303|02|404009|2021|4|29979036000140|INSS INSTITUTO NACIONAL DO SEGURO SOCIAL
68868933|75300095|303|02|403998|2021|4|00360305000104|CAIXA ECONOMICA FEDERAL
68868934|75300100|303|02|404000|2021|4|00360305144106|CAIXA ECONOMICA FEDERAL
68868935|75300101|303|02|404000|2021|4|857***076**|RAIMUNDO PIRES JUNIOR
68868936|75300102|303|02|404002|2021|4|00360305000104|CAIXA ECONOMICA FEDERAL
68868937|75300104|303|02|404017|2021|4|01945924000123|CE ISRAEL PINHEIRO
68868938|75300105|303|02|404010|2021|4|05023842000182|PROSALEN COMERCIAL LTDAME
68868939|75300108|303|02|404010|2021|4|29979036000140|INSS INSTITUTO NACIONAL DO SEGURO SOCIAL
68868940|75300110|303|02|404007|2021|4|00360305000104|CAIXA ECONOMICA FEDERAL
68868941|75300111|303|02|403991|2021|4|97438766000194|UTILIDADES DOMESTICAS OLIVEIRA E SILVA LTDA
68868942|75300112|303|02|404017|2021|4|00360305000104|CAIXA ECONOMICA FEDERAL
68868943|75300113|303|02|404000|2021|4|052***736**|ANGÉLICA APARECIDA GONCALVES RAMOS
68868944|75300116|303|02|404000|2021|4|626***416**|JOSE CRISPINO DE SOUZA
68868945|75300120|303|02|404009|2021|4|00360305000104|CAIXA ECONOMICA FEDERAL
68868946|75300121|303|02|404010|2021|4|00360305000104|CAIXA ECONOMICA FEDERAL
68868947|75300124|303|02|404000|2021|4|415***986**|FRANCISCO MACHADO DA SILVA
68868948|75300125|303|02|403999|2021|4|29979036000140|INSS INSTITUTO NACIONAL DO SEGURO SOCIAL
68868949|75300126|303|02|404017|2021|4|02002172000120|CE JOSÉ HERCULANO
68868950|75300128|303|02|404000|2021|4|856***726**|JOSE DE ALMEIDA
68868951|75300129|303|02|404000|2021|4|393***866**|HELIO AUGUSTO DAS NEVES
68868952|75300130|303|02|404000|2021|4|00360305000104|CAIXA ECONOMICA FEDERAL
68868953|75300131|303|02|404018|2021|4|29979036000140|INSS INSTITUTO NACIONAL DO SEGURO SOCIAL
68868954|75300132|303|02|403998|2021|4|00360305000104|CAIXA ECONOMICA FEDERAL
68868955|75300133|303|02|404017|2021|4|00360305000104|CAIXA ECONOMICA FEDERAL
68868956|75300134|303|02|403992|2021|4|540***686**|VICENTE DE PAULA CASSEMIRO DE AQUINO
68868957|75300140|303|02|404000|2021|4|00360305144106|CAIXA ECONOMICA FEDERAL
68868958|75300141|303|02|404010|2021|4|29979036000140|INSS INSTITUTO NACIONAL DO SEGURO SOCIAL
68868959|75300142|303|02|403998|2021|4|081***916**|JOSIRLENE DUARTE DA SILVA
68868960|75300144|303|02|403996|2021|4|118***546**|ERICKSON HENRIQUE M FERNANDES
68868961|75300145|303|02|404000|2021|4|00360305144106|CAIXA ECONOMICA FEDERAL
68868962|75300146|303|02|403998|2021|4|00360305000104|CAIXA ECONOMICA FEDERAL
68868963|75300148|303|02|404000|2021|4|809***366**|JOAO ROBERTO DE ARAUJO LIMA
68868964|75300149|303|02|404000|2021|4|545***226**|EDSON DAS NEVES
68868965|75300150|303|02|404000|2021|4|914***066**|MAURICIO RODRIGUES
68868966|75300152|303|02|404010|2021|4|29979036000140|INSS INSTITUTO NACIONAL DO SEGURO SOCIAL
68868967|75300154|303|02|403998|2021|4|29979036000140|INSS INSTITUTO NACIONAL DO SEGURO SOCIAL
68868968|75300155|303|02|404000|2021|4|034***908**|MARCIO SALVADOR DOS SANTOS
68868969|75300156|303|02|404002|2021|4|596***686**|ADILSON DOS SANTOS MOREIRA
68868970|75300157|303|02|403998|2021|4|10426715000164|CONSORCIO OTIMO DE BILHETAGEM ELETRONICA
68868971|75300158|303|02|404020|2021|4|911***506**|JOSE GERALDO BALBINO
68868972|75300159|303|02|404020|2021|4|960***376**|WILLIAN REZENDE SILVA
68868973|75300162|303|02|404010|2021|4|29979036000140|INSS INSTITUTO NACIONAL DO SEGURO SOCIAL
68868974|75300163|303|02|404000|2021|4|825***046**|ANTÔNIO MARQUES GOMIDES
68868975|75300165|303|02|404017|2021|4|06113342000102|CE COLIBRI DE ENSINO FUNDAMENTAL ESPECIAL
68868976|75300166|303|02|404010|2021|4|29979036000140|INSS INSTITUTO NACIONAL DO SEGURO SOCIAL
68868977|75300167|303|02|404017|2021|4|00360305000104|CAIXA ECONOMICA FEDERAL
68868978|75300170|303|02|404017|2021|4|29979036000140|INSS INSTITUTO NACIONAL DO SEGURO SOCIAL
68868979|75300173|303|02|404017|2021|4|798***391**|RODRIGO MIRANDA LIMA
68868980|75300174|303|02|404010|2021|4|29979036000140|INSS INSTITUTO NACIONAL DO SEGURO SOCIAL
68868981|75300176|303|02|404018|2021|4|29979036000140|INSS INSTITUTO NACIONAL DO SEGURO SOCIAL
68868982|75300177|303|02|404007|2021|4|29979036000140|INSS INSTITUTO NACIONAL DO SEGURO SOCIAL
68868983|75300178|303|02|403999|2021|4|00360305000104|CAIXA ECONOMICA FEDERAL
68868984|75300180|303|02|404018|2021|4|29979036000140|INSS INSTITUTO NACIONAL DO SEGURO SOCIAL
68868985|75300181|303|02|404010|2021|4|29979036000140|INSS INSTITUTO NACIONAL DO SEGURO SOCIAL
68868986|75300182|303|02|404000|2021|4|081***496**|LEANDRO FERREIRA GUEDES
68868987|75300185|303|02|403992|2021|4|29979036000140|INSS INSTITUTO NACIONAL DO SEGURO SOCIAL
68868988|75300188|303|02|404020|2021|4|787***316**|MILSON JOSÉ MONTEIRO
68868989|75300189|303|02|404018|2021|4|00360305000104|CAIXA ECONOMICA FEDERAL
68868990|75300190|303|02|404017|2021|4|10982477000173|CENTRO MUN DE ATIV EDUCACIONAL CEMAE III
68868991|75300191|303|02|403998|2021|4|00360305000104|CAIXA ECONOMICA FEDERAL
68868992|75300192|303|02|404017|2021|4|20270047000344|ORGANIZACOES J F MERCANTIL LTDA
68868993|75300193|303|02|404018|2021|4|29979036000140|INSS INSTITUTO NACIONAL DO SEGURO SOCIAL
68868994|75300194|303|02|404006|2021|4|00360305000104|CAIXA ECONOMICA FEDERAL
68868995|75300195|303|02|404000|2021|4|00360305144106|CAIXA ECONOMICA FEDERAL
68868996|75300197|303|02|404010|2021|4|00360305000104|CAIXA ECONOMICA FEDERAL
68868997|75300199|303|02|404018|2021|4|29979036000140|INSS INSTITUTO NACIONAL DO SEGURO SOCIAL
68868998|75300200|303|02|404000|2021|4|393***866**|HELIO AUGUSTO DAS NEVES
68868999|75300201|303|02|404018|2021|4|00360305000104|CAIXA ECONOMICA FEDERAL
68869000|75300202|303|02|404020|2021|4|402***636**|GERONIMO MACHADO DE OLIVEIRA
68869001|75300207|303|02|404000|2021|4|054***466**|WILSON VANDER VILELA
68869002|75300208|303|02|403998|2021|4|081***916**|JOSIRLENE DUARTE DA SILVA
68869003|75300209|303|02|404008|2021|4|29979036000140|INSS INSTITUTO NACIONAL DO SEGURO SOCIAL
68869004|75300211|303|02|403999|2021|4|00360305000104|CAIXA ECONOMICA FEDERAL
68869005|75300214|303|02|404017|2021|4|18562405000189|CE DR JOAO PINHEIRO
68869006|75300215|303|02|403998|2021|4|29979036000140|INSS INSTITUTO NACIONAL DO SEGURO SOCIAL
68869007|75300216|303|02|404020|2021|4|138***206**|HIGOR MARQUES RIBEIRO
68869008|75300218|303|02|404010|2021|4|29979036000140|INSS INSTITUTO NACIONAL DO SEGURO SOCIAL
68869009|75300219|303|02|404020|2021|4|052***546**|FATIMA IZABEL DOS SANTOS BALBINO
68869010|75300220|303|02|403996|2021|4|00360305000104|CAIXA ECONOMICA FEDERAL
68869011|75300221|303|02|404017|2021|4|18562454000111|CE DONA MARIA DE BARROS FERREIRA
68869012|75300223|303|02|404010|2021|4|29979036000140|INSS INSTITUTO NACIONAL DO SEGURO SOCIAL
68869013|75300224|303|02|404002|2021|4|596***686**|ADILSON DOS SANTOS MOREIRA
68869014|75300226|303|02|404017|2021|4|29979036000140|INSS INSTITUTO NACIONAL DO SEGURO SOCIAL
68869015|75300228|303|02|403992|2021|4|00360305000104|CAIXA ECONOMICA FEDERAL
68869016|75300229|303|02|404010|2021|4|00360305000104|CAIXA ECONOMICA FEDERAL
68869017|75300230|303|02|404002|2021|4|596***686**|ADILSON DOS SANTOS MOREIRA
68869018|75300233|303|02|403998|2021|4|29979036000140|INSS INSTITUTO NACIONAL DO SEGURO SOCIAL
68869019|75300234|303|02|403998|2021|4|29979036000140|INSS INSTITUTO NACIONAL DO SEGURO SOCIAL
68869020|75300236|303|02|404018|2021|4|00360305000104|CAIXA ECONOMICA FEDERAL
68869021|75300237|303|02|404010|2021|4|00360305000104|CAIXA ECONOMICA FEDERAL
68869022|75300241|303|02|403998|2021|4|00360305000104|CAIXA ECONOMICA FEDERAL
68869023|75300244|303|02|404017|2021|4|00360305000104|CAIXA ECONOMICA FEDERAL
68869024|75300245|303|02|404020|2021|4|967***346**|ADEMAR HERMOGENES DA SILVA
68869025|75300246|303|02|404006|2021|4|29979036000140|INSS INSTITUTO NACIONAL DO SEGURO SOCIAL
68869026|75300248|303|02|404018|2021|4|00360305000104|CAIXA ECONOMICA FEDERAL
68869027|75300249|303|02|403996|2021|4|081***916**|JOSIRLENE DUARTE DA SILVA
68869028|75300253|303|02|404010|2021|4|29979036000140|INSS INSTITUTO NACIONAL DO SEGURO SOCIAL
68869029|75300254|303|02|404010|2021|4|00360305000104|CAIXA ECONOMICA FEDERAL
68869030|75300255|303|02|404000|2021|4|00360305144106|CAIXA ECONOMICA FEDERAL
68869031|75300256|303|02|404000|2021|4|043***716**|MARCONE ANTONIO DO COUTO
68869032|75300257|303|02|404018|2021|4|00360305000104|CAIXA ECONOMICA FEDERAL
68869033|75300259|303|02|403992|2021|4|29979036000140|INSS INSTITUTO NACIONAL DO SEGURO SOCIAL
68869034|75300261|303|02|404020|2021|4|607***446**|SELMA CECÍLIA DE SOUSA TEIXEIRA
68869035|75300262|303|02|404019|2021|4|27701484000152|LUDMYLLA MATIAS DI IORIO ME
68869036|75300263|303|02|404019|2021|4|27701484000152|LUDMYLLA MATIAS DI IORIO ME
68869037|75300264|303|02|404000|2021|4|29011200000121|GMS CONSTRUCOES LTDA
68869038|75300265|303|02|404010|2021|4|67729178000220|COMERCIAL CIRÚRGICA RIOCLARENSE LTDA
68869039|75300266|303|02|403992|2021|4|65186835000123|DISTRIBUIDORA IRMAOS SANTANA LTDAEPP
68869040|75300267|303|02|403992|2021|4|92559830000171|GREEN CARD SA REFEICOES COMERCIO E SERVICOS
68869041|75300268|303|02|403991|2021|4|41955550000141|GRAFICA ANDORINHA E EDITORA LTDA
68869042|75300269|303|02|404002|2021|4|06176619000138|SM SEGURANCA BELO HORIZONTE LTDA
68869043|75300270|303|02|404020|2021|4|90180605000102|GENTE SEGURADORA SA
68869044|75300271|303|02|404017|2021|4|92559830000171|GREEN CARD SA REFEICOES COMERCIO E SERVICOS
68869045|75300272|303|02|403998|2021|4|04309564000161|ESTRELA LOGÍSTICA EIRELI
68869046|75300273|303|02|403998|2021|4|30019425000103|COMERCIAL CARIACICA MULTIMODAL LTDA
68869047|75300274|303|02|403992|2021|4|11387190000168|WOLTINE COMERCIO E REPRESENTACAO EIRELIEPP
68869048|75300275|303|02|404020|2021|4|92559830000171|GREEN CARD SA REFEICOES COMERCIO E SERVICOS
68869049|75300276|303|02|404017|2021|4|08916896000165|JL COMERCIO TICO GÁS CAETÉ LTDAEPP
68869050|75300277|303|02|404019|2021|4|21856981000143|WTRADE INTERMEDIACAO DE NEGOCIOS LTDAME
68869051|75300278|303|02|404002|2021|4|21151275000104|BH SOLDAS EQUIPAMENTOS DE PROTECAO INDIVIDUAL EIRELIME
68869052|75300279|303|02|403992|2021|4|34155009000193|CARLOS HENRIQUE DA SILVA COSTA
68869053|75300280|303|02|403992|2021|4|65353401000170|COMERCIAL VENER LTDA
68869054|75300281|303|02|403992|2021|4|19103290000127|COMERCIAL MAURISTELA LTDA ME
68869055|75300282|303|02|404002|2021|4|27701484000152|LUDMYLLA MATIAS DI IORIO ME
68869056|75300283|303|02|403992|2021|4|21151275000104|BH SOLDAS EQUIPAMENTOS DE PROTECAO INDIVIDUAL EIRELIME
68869057|75300284|303|02|404000|2021|4|07730481000130|NICOMÁQUINAS REPAROS LTDA ME
68869058|75300285|303|02|404002|2021|4|34155009000193|CARLOS HENRIQUE DA SILVA COSTA
68869059|75300286|303|02|404017|2021|4|92559830000171|GREEN CARD SA REFEICOES COMERCIO E SERVICOS
68869060|75300287|303|02|404019|2021|4|21151275000104|BH SOLDAS EQUIPAMENTOS DE PROTECAO INDIVIDUAL EIRELIME
68869061|75300288|303|02|403992|2021|4|92559830000171|GREEN CARD SA REFEICOES COMERCIO E SERVICOS
68869062|75300289|303|02|404019|2021|4|21856981000143|WTRADE INTERMEDIACAO DE NEGOCIOS LTDAME
68869063|75300290|303|02|403998|2021|4|04309564000161|ESTRELA LOGÍSTICA EIRELI
68869064|75300291|303|02|404017|2021|4|30019425000103|COMERCIAL CARIACICA MULTIMODAL LTDA
68869065|75300292|303|02|404000|2021|4|41719477000109|KARAIBA MATERIAIS DE CONSTRUCAO LTDA
68869066|75300293|303|02|404000|2021|4|41719477000109|KARAIBA MATERIAIS DE CONSTRUCAO LTDA
68869067|75300294|303|02|404000|2021|4|04309564000161|ESTRELA LOGÍSTICA EIRELI
68869068|75300295|303|02|404017|2021|4|92559830000171|GREEN CARD SA REFEICOES COMERCIO E SERVICOS
68869069|75300296|303|02|403992|2021|4|65186835000123|DISTRIBUIDORA IRMAOS SANTANA LTDAEPP
68869070|75300297|303|02|404002|2021|4|65186835000123|DISTRIBUIDORA IRMAOS SANTANA LTDAEPP
68869071|75300298|303|02|403992|2021|4|15407876000124|ALEXANDRE HENRIQUE MACHADO CHAMONE
68869072|75300299|303|02|403998|2021|4|14020319000193|FRIGO SELETA INDÚSTRIA E COMÉRCIO LTDA
68869073|75300300|303|02|403992|2021|4|08916896000165|JL COMERCIO TICO GÁS CAETÉ LTDAEPP
68869074|75300301|303|02|403991|2021|4|41955550000141|GRAFICA ANDORINHA E EDITORA LTDA
68869075|75300302|303|02|404000|2021|4|41719477000109|KARAIBA MATERIAIS DE CONSTRUCAO LTDA
68869076|75300303|303|02|404002|2021|4|27701484000152|LUDMYLLA MATIAS DI IORIO ME
68869077|75300304|303|02|404000|2021|4|41719477000109|KARAIBA MATERIAIS DE CONSTRUCAO LTDA
68869078|75300305|303|02|403991|2021|4|26786353000152|IMPRESS LOCACAO COMERCIO E SERVICOS EIRELI ME
68869079|75300306|303|02|404017|2021|4|35236886000151|A CONSULTORIA EIRELI
68869080|75300307|303|02|403992|2021|4|11069669000156|FLEXX DISTRIBUIDORA DE ALIMENTOS EIRELI
68869081|75300308|303|02|404017|2021|4|92559830000171|GREEN CARD SA REFEICOES COMERCIO E SERVICOS
68869082|75300309|303|02|404017|2021|4|30935086000105|ALCATEIA ENGENHARIA E CONSTRUCAO LTDA
68869083|75300310|303|02|404000|2021|4|41719477000109|KARAIBA MATERIAIS DE CONSTRUCAO LTDA
68869084|75300311|303|02|404000|2021|4|41719477000109|KARAIBA MATERIAIS DE CONSTRUCAO LTDA
68869085|75300312|303|02|404019|2021|4|34155009000193|CARLOS HENRIQUE DA SILVA COSTA
68869086|75300313|303|02|404000|2021|4|41719477000109|KARAIBA MATERIAIS DE CONSTRUCAO LTDA
68869087|75300314|303|02|404002|2021|4|21151275000104|BH SOLDAS EQUIPAMENTOS DE PROTECAO INDIVIDUAL EIRELIME
68869088|75300315|303|02|403992|2021|4|06176619000138|SM SEGURANCA BELO HORIZONTE LTDA
68869089|75300316|303|02|404002|2021|4|34155009000193|CARLOS HENRIQUE DA SILVA COSTA
68869090|75300317|303|02|403998|2021|4|14020319000193|FRIGO SELETA INDÚSTRIA E COMÉRCIO LTDA
68869091|75300318|303|02|403992|2021|4|92559830000171|GREEN CARD SA REFEICOES COMERCIO E SERVICOS
68869092|75300319|303|02|404020|2021|4|92559830000171|GREEN CARD SA REFEICOES COMERCIO E SERVICOS
68869093|75300320|303|02|403992|2021|4|27701484000152|LUDMYLLA MATIAS DI IORIO ME
68869094|75300321|303|02|404020|2021|4|18899894000169|CBHOCENTRO BELORIZONTINO DE OFTALMOLOGIA LTDA
68869095|75300322|303|02|404020|2021|4|16928871000100|GUEDES E PAIXAO LTDA
68869096|75300323|303|02|403991|2021|4|219***156**|LUIZ BARTOLOMEU DE SOUZA
68869097|75300324|303|02|404020|2021|4|16928871000614|GUEDES E PAIXAO LTDA
68869098|75300325|303|02|404020|2021|4|05388543000222|SUPREMA FORMULA FARMACIA DE MANIPULACAO
68869099|75300326|303|02|404020|2021|4|05388543000222|SUPREMA FORMULA FARMACIA DE MANIPULACAO
68869100|75300327|303|02|404010|2021|4|012***286**|ESPEDITO ILÍDIO DE OLIVEIRA
68869101|75300328|303|02|404020|2021|4|08390079000116|CAMILA ZANICHELLI GARCIA FARMACIA ME
68869102|75300329|303|02|403998|2021|4|024***796**|JOSE MUNIZ MACEDO
68869103|75300330|303|02|404010|2021|4|056***276**|SANIA GONTIJO CAMARGOS
68869104|75300331|303|02|403991|2021|4|16539054000160|BB TURISMO LTDAME
68869105|75300332|303|02|403991|2021|4|14278276000140|SX TECNOLOGIA E SERVICOS CORPORATIVOS EIRELI ME
68869106|75300333|303|02|404000|2021|4|72381189001001|DELL COMPUTADORES DO BRASIL LTDA
68869107|75300334|303|02|403992|2021|4|02558157000162|TELEFONICA BRASIL SA
68869108|75300335|303|02|404000|2021|4|14940261000104|TC OBRAS E LOCACOES EIRELI
68869109|75300336|303|02|403996|2021|4|00604122000197|TRIVALE ADMINISTRACAO LTDA
68869110|75300337|303|02|404000|2021|4|00604122000197|TRIVALE ADMINISTRACAO LTDA
68869111|75300338|303|02|403991|2021|4|72381189001001|DELL COMPUTADORES DO BRASIL LTDA
68869112|75300339|303|02|404010|2021|4|18269125000187|BIOHOSP PRODUTOS HOSPITALARES LTDA
68869113|75300340|303|02|403992|2021|4|29013780000196|VISA ELETRO EIRELI ME
68869114|75300341|303|02|404002|2021|4|00604122000197|TRIVALE ADMINISTRACAO LTDA
69712152|76225144|306|05|404014|2021|6|00360305000104|FGTS
69712153|76225145|306|05|404014|2021|6|29979036000140|INSTITUTO NACIONAL DO SEGURO SOCIAL
69712154|76225146|306|05|404014|2021|6|29979036000140|INSTITUTO NACIONAL DO SEGURO SOCIAL
69712155|76225149|306|05|404014|2021|6|29979036000140|INSTITUTO NACIONAL DO SEGURO SOCIAL
69712156|76225150|306|05|404014|2021|6|00360305000104|FGTS
69712157|76225151|306|05|404014|2021|6|29979036000140|INSTITUTO NACIONAL DO SEGURO SOCIAL
69712158|76225152|306|05|404014|2021|6|20270047000344|ORGANIZACOES JF MERCANTIL LTDA
69712159|76225154|306|05|404014|2021|6|00360305000104|FGTS
69712160|76225155|306|05|404014|2021|6|29979036000140|INSTITUTO NACIONAL DO SEGURO SOCIAL
69712161|76225159|306|05|404014|2021|6|29979036000140|INSTITUTO NACIONAL DO SEGURO SOCIAL
69712162|76225160|306|05|404014|2021|6|00394460005887|SECRETARIA DA RECEITA FEDERAL DO BRASIL
69712163|76225163|306|05|404014|2021|6|13639761000130|LOPES EXTINTORES E EQUIPAMENTOS DE SEG CONTRA INC
69712164|76225164|306|05|404014|2021|6|29979036000140|INSTITUTO NACIONAL DO SEGURO SOCIAL
69712165|76225166|306|05|404014|2021|6|29979036000140|INSTITUTO NACIONAL DO SEGURO SOCIAL
70297238|76878029|302|01|404013|2021|7|00360305000104|CAIXA E.FEDERAL
70297239|76878030|302|01|404013|2021|7|024***076**|JESUS ALVARES
70297240|76878031|302|01|404013|2021|7|00360305000104|CAIXA E.FEDERAL
70297241|76878032|302|01|404013|2021|7|29979036000140|INSTITUTO NACIONAL DO SEGURO SOCIAL
70297242|76878034|302|01|404013|2021|7|19893791000154|SERVICO AUTONOMO DE AGUA E ESGOTO
70297243|76878037|302|01|404013|2021|7|29979036000140|INSTITUTO NACIONAL DO SEGURO SOCIAL
70297244|76878038|302|01|404013|2021|7|29979036000140|INSTITUTO NACIONAL DO SEGURO SOCIAL
70297245|76878040|302|01|404013|2021|7|29979036000140|INSTITUTO NACIONAL DO SEGURO SOCIAL
70297246|76878045|302|01|404013|2021|7|00360305000104|CAIXA E.FEDERAL
70297247|76878052|302|01|404013|2021|7|11550133000158|JOSE GERALDO TAUMATURGO DE OLIVEIRA
70297248|76878053|302|01|404013|2021|7|19607649000101|CASTELO GRAFICA E EDITORA EIRELI
70297249|76878054|302|01|404013|2021|7|19607649000101|CASTELO GRAFICA E EDITORA EIRELI
70297250|76878055|302|01|404013|2021|7|24313971000150|VANESSA JORDÃO CARREIRA RAIUMUNDO 70444145672
70297251|76878056|302|01|404013|2021|7|36704076000145|CLEVERSON GRAFICA DIGITAL LTDA
70297252|76878057|302|01|404013|2021|7|08085823000179|MAC SUPRIMENTOS E MATERIAL DE ESCRITORIO LTDA - ME
70297253|76878058|302|01|404013|2021|7|19607649000101|CASTELO GRAFICA E EDITORA EIRELI
70297254|76878059|302|01|404013|2021|7|19775052000168|SUPREMA TECNOLOGIA LTDA - ME
70297255|76878060|302|01|404013|2021|7|08916896000165|JLCOMERCIO TICO GAS CAETE LTDA.
70293060|76873682|306|05|404014|2021|7|00394460005887|SECRETARIA DA RECEITA FEDERAL DO BRASIL
70293061|76873684|306|05|404014|2021|7|31204052000103|OTAVIO AUGUSTO SOARES
70293062|76873685|306|05|404014|2021|7|00360305000104|FGTS
70293063|76873687|306|05|404014|2021|7|29979036000140|INSTITUTO NACIONAL DO SEGURO SOCIAL
70293064|76873688|306|05|404014|2021|7|29979036000140|INSTITUTO NACIONAL DO SEGURO SOCIAL
70293065|76873689|306|05|404014|2021|7|29979036000140|INSTITUTO NACIONAL DO SEGURO SOCIAL
70293066|76873690|306|05|404014|2021|7|17359233000188|TECIDOS E ARMARINHOS MIGUEL BARTOLOMEU SA
70293067|76873691|306|05|404014|2021|7|00360305000104|FGTS
70293068|76873692|306|05|404014|2021|7|06889156000151|JQC COUTO CONSTRUCOES EPP
70293069|76873693|306|05|404014|2021|7|20270047000344|ORGANIZACOES JF MERCANTIL LTDA
70293070|76873695|306|05|404014|2021|7|00360305144106|CAIXA ECONOMICA FEDERAL
70293071|76873696|306|05|404014|2021|7|29979036000140|INSTITUTO NACIONAL DO SEGURO SOCIAL
70293072|76873698|306|05|404014|2021|7|31204052000103|OTAVIO AUGUSTO SOARES
70293073|76873699|306|05|404014|2021|7|00360305000104|FGTS
70293074|76873701|306|05|404014|2021|7|29979036000140|INSTITUTO NACIONAL DO SEGURO SOCIAL
70293075|76873703|306|05|404014|2021|7|29979036000140|INSTITUTO NACIONAL DO SEGURO SOCIAL
70293076|76873706|306|05|404014|2021|7|29979036000140|INSTITUTO NACIONAL DO SEGURO SOCIAL
70293077|76873708|306|05|404014|2021|7|29979036000140|INSTITUTO NACIONAL DO SEGURO SOCIAL
70293078|76873709|306|05|404014|2021|7|29979036000140|INSTITUTO NACIONAL DO SEGURO SOCIAL
70898327|77537840|305|04|404016|2021|7|00360305000104|FGTS
70898328|77537841|305|04|404016|2021|7|16996097000174|GERALDO MAGELATORRES 37356992604
70898329|77537842|305|04|404016|2021|7|29979036000140|INSS
67047441|73290577|305|04|404016|2021|4|17975703000138|VITRAL CONSULTORIA E PROJETOS CULTURAIS LTDA
67047442|73290578|305|04|404016|2021|4|00360305000104|FGTS
67047443|73290579|305|04|404016|2021|4|29979036000140|INSS
67047444|73290581|305|04|404016|2021|4|00165960000101|GOVERNANCABRASIL SA TEC E GESTAO EM SERVICOS
70814839|77449600|303|02|404010|2021|7|00360305000104|CAIXA ECONOMICA FEDERAL
70814840|77449602|303|02|404010|2021|7|29979036000140|INSS INSTITUTO NACIONAL DO SEGURO SOCIAL
70814841|77449603|303|02|404010|2021|7|012***766**|ANA PAULA DEMÉTRIO
70814842|77449604|303|02|404010|2021|7|002***956**|ORLANDO EULER DE CASTRO
70814843|77449608|303|02|404010|2021|7|71505564000124|EMIGE MATERIAIS ODONTOLOGICOS LTDA
70814844|77449609|303|02|404010|2021|7|16366888000110|DIPROM DISTRIBUIDORA DE PRODUTOS ODONTOLOGICOS E MATERIAIS LTDA ME
70814845|77449610|303|02|404010|2021|7|29979036000140|INSS INSTITUTO NACIONAL DO SEGURO SOCIAL
70814846|77449611|303|02|404010|2021|7|18979328000167|SOC CIVIL DE BENEFICÊNCIA CAETEENSE
70814847|77449614|303|02|404010|2021|7|028***826**|VALDENIA CONSOLACAO ROSA VIEIRA
70814848|77449618|303|02|404010|2021|7|088***786**|MARILAINE EFIGÊNIA MAGALHAES
70814849|77449621|303|02|404010|2021|7|110***056**|FLAVIA ALVES DE OLIVEIRA
70814850|77449626|303|02|404010|2021|7|052***036**|JOAO VAZ DA SILVA
70814851|77449627|303|02|404010|2021|7|090***286**|LEONARDO XAVIER HUDSON
70814852|77449628|303|02|404010|2021|7|26786353000152|IMPRESS LOCACAO COMERCIO E SERVICOS EIRELI ME
70814853|77449629|303|02|404010|2021|7|478***196**|MAGDA APARECIDA DA SILVA
70814854|77449636|303|02|404010|2021|7|11963458000162|LEONARDO FILOMENO ME
70814855|77449637|303|02|404010|2021|7|37806964000131|ALEXANDRE COSME FERRAZ 01185022635
70814856|77449640|303|02|404010|2021|7|068***766**|JULIA TORRES MUNIZ MACEDO
70814857|77449642|303|02|404010|2021|7|29979036000140|INSS INSTITUTO NACIONAL DO SEGURO SOCIAL
70814858|77449647|303|02|404010|2021|7|02129036000103|IGAR COMERCIO E SERVICOS LTDA ME
70814859|77449648|303|02|403998|2021|7|00360305000104|CAIXA ECONOMICA FEDERAL
70814860|77449651|303|02|403998|2021|7|29979036000140|INSS INSTITUTO NACIONAL DO SEGURO SOCIAL
70814861|77449652|303|02|403998|2021|7|00604122000197|TRIVALE ADMINISTRACAO LTDA
70814862|77449653|303|02|403998|2021|7|04309564000161|ESTRELA LOGÍSTICA EIRELI
70814863|77449656|303|02|403998|2021|7|66476052000147|AMAZÔNIA INDÚSTRIA E COMÉRCIO LTDA
70814864|77449657|303|02|404010|2021|7|29780952000157|ABBIA PSI ATENCAO EM SAÚDE MENTAL EIRELI
70814865|77449658|303|02|404010|2021|7|18979328000167|SOC CIVIL DE BENEFICÊNCIA CAETEENSE
70814866|77449659|303|02|404010|2021|7|04309564000161|ESTRELA LOGÍSTICA EIRELI
70814867|77449660|303|02|404010|2021|7|35457127000119|MABELÊ CONSORCIO DE VEÍCULOS EIRELI
70814868|77449661|303|02|404010|2021|7|05305097000164|BIOMEDH MICROBIOTECNOLOGIA LTDA
70814869|77449662|303|02|404010|2021|7|03935826000130|PEDRAGON AUTOS LTDA
70814870|77449663|303|02|404010|2021|7|36325157000215|COSTA CAMARGO COM DE PROD HOSP LTDA
70814871|77449664|303|02|404010|2021|7|18269125000187|BIOHOSP PRODUTOS HOSPITALARES LTDA
70814872|77449665|303|02|404010|2021|7|38444242000147|COMERCIAL UAI TOTEM EIRELI
70814873|77449668|303|02|404010|2021|7|71181184000181|DÁRIO HUMBERTO DE MELO CASTROME
70814874|77449669|303|02|404010|2021|7|17926188000104|SINTAGMA ZENITE COMERCIO PAPELARIA E ESPORTES LTDA ME
70814875|77449670|303|02|404010|2021|7|71181184000181|DÁRIO HUMBERTO DE MELO CASTROME
70814876|77449671|303|02|404010|2021|7|24789180000109|SMARTMED REPRESENTACAO COM PROD MED HOSP LTDA
70814877|77449672|303|02|404010|2021|7|24789180000109|SMARTMED REPRESENTACAO COM PROD MED HOSP LTDA
70814878|77449673|303|02|403998|2021|7|00360305000104|CAIXA ECONOMICA FEDERAL
70814879|77449675|303|02|403998|2021|7|29979036000140|INSS INSTITUTO NACIONAL DO SEGURO SOCIAL
70814880|77449676|303|02|403998|2021|7|00360305000104|CAIXA ECONOMICA FEDERAL
70814881|77449680|303|02|403998|2021|7|29979036000140|INSS INSTITUTO NACIONAL DO SEGURO SOCIAL
70814882|77449681|303|02|403998|2021|7|29979036000140|INSS INSTITUTO NACIONAL DO SEGURO SOCIAL
70814883|77449683|303|02|403998|2021|7|00360305000104|CAIXA ECONOMICA FEDERAL
70814884|77449684|303|02|404000|2021|7|03353358000196|MINISTERIO DO DESENVOLVIMENTO REGIONAL
70814885|77449685|303|02|404010|2021|7|41915208000118|ORTOPÉDICA LTDA
70814886|77449687|303|02|404018|2021|7|29979036000140|INSS INSTITUTO NACIONAL DO SEGURO SOCIAL
70814887|77449688|303|02|404018|2021|7|00360305000104|CAIXA ECONOMICA FEDERAL
70814888|77449691|303|02|404018|2021|7|29979036000140|INSS INSTITUTO NACIONAL DO SEGURO SOCIAL
70814889|77449692|303|02|404018|2021|7|00360305000104|CAIXA ECONOMICA FEDERAL
70814890|77449694|303|02|404018|2021|7|29979036000140|INSS INSTITUTO NACIONAL DO SEGURO SOCIAL
70814891|77449695|303|02|404018|2021|7|00360305000104|CAIXA ECONOMICA FEDERAL
70814892|77449696|303|02|404018|2021|7|00360305000104|CAIXA ECONOMICA FEDERAL
70814893|77449698|303|02|404018|2021|7|29979036000140|INSS INSTITUTO NACIONAL DO SEGURO SOCIAL
70814894|77449699|303|02|404018|2021|7|29979036000140|INSS INSTITUTO NACIONAL DO SEGURO SOCIAL
70814895|77449700|303|02|404018|2021|7|00360305000104|CAIXA ECONOMICA FEDERAL
70814896|77449703|303|02|404018|2021|7|00360305000104|CAIXA ECONOMICA FEDERAL
70814897|77449704|303|02|404018|2021|7|29979036000140|INSS INSTITUTO NACIONAL DO SEGURO SOCIAL
70814898|77449707|303|02|404018|2021|7|29979036000140|INSS INSTITUTO NACIONAL DO SEGURO SOCIAL
70814899|77449708|303|02|404018|2021|7|00360305000104|CAIXA ECONOMICA FEDERAL
70814900|77449709|303|02|404018|2021|7|00360305000104|CAIXA ECONOMICA FEDERAL
70814901|77449710|303|02|404018|2021|7|29979036000140|INSS INSTITUTO NACIONAL DO SEGURO SOCIAL
70814902|77449712|303|02|404018|2021|7|00360305000104|CAIXA ECONOMICA FEDERAL
70814903|77449714|303|02|404018|2021|7|29979036000140|INSS INSTITUTO NACIONAL DO SEGURO SOCIAL
70814904|77449715|303|02|404018|2021|7|29979036000140|INSS INSTITUTO NACIONAL DO SEGURO SOCIAL
70814905|77449716|303|02|404018|2021|7|00360305000104|CAIXA ECONOMICA FEDERAL
70814906|77449718|303|02|404010|2021|7|00360305000104|CAIXA ECONOMICA FEDERAL
70814907|77449719|303|02|404010|2021|7|29979036000140|INSS INSTITUTO NACIONAL DO SEGURO SOCIAL
70814908|77449721|303|02|404020|2021|7|23265580000144|DR DISTRIBUIDORA LTDA
70814909|77449723|303|02|404010|2021|7|29979036000140|INSS INSTITUTO NACIONAL DO SEGURO SOCIAL
70814910|77449725|303|02|404010|2021|7|07699145000171|INSTITUTO DE NEUROLOGIA CARLOS CHAGAS LTDA
70814911|77449726|303|02|404010|2021|7|00360305000104|CAIXA ECONOMICA FEDERAL
70814912|77449727|303|02|404010|2021|7|18979328000167|SOC CIVIL DE BENEFICÊNCIA CAETEENSE
70814913|77449731|303|02|404010|2021|7|29979036000140|INSS INSTITUTO NACIONAL DO SEGURO SOCIAL
70814914|77449732|303|02|404010|2021|7|29979036000140|INSS INSTITUTO NACIONAL DO SEGURO SOCIAL
70814915|77449733|303|02|404010|2021|7|29979036000140|INSS INSTITUTO NACIONAL DO SEGURO SOCIAL
70814916|77449734|303|02|404010|2021|7|29979036000140|INSS INSTITUTO NACIONAL DO SEGURO SOCIAL
70814917|77449735|303|02|404010|2021|7|00360305000104|CAIXA ECONOMICA FEDERAL
70814918|77449736|303|02|404010|2021|7|00360305000104|CAIXA ECONOMICA FEDERAL
70814919|77449738|303|02|404010|2021|7|03078035000131|SYSCON COMERCIO E SERVICOS LTDA
70814920|77449740|303|02|404010|2021|7|00360305000104|CAIXA ECONOMICA FEDERAL
70814921|77449742|303|02|404010|2021|7|081***096**|KELLY CRISTINA GUEDES
70814922|77449743|303|02|404010|2021|7|18979328000167|SOC CIVIL DE BENEFICÊNCIA CAETEENSE
70814923|77449744|303|02|404010|2021|7|075***256**|ANA PAULA GARCIA BARBOSA MONTEIRO
70814924|77449745|303|02|404010|2021|7|393***716**|RAIMUNDO FERREIRA DA SILVA
70814925|77449746|303|02|404010|2021|7|00360305000104|CAIXA ECONOMICA FEDERAL
70814926|77449748|303|02|404010|2021|7|00360305000104|CAIXA ECONOMICA FEDERAL
70814927|77449751|303|02|404010|2021|7|29979036000140|INSS INSTITUTO NACIONAL DO SEGURO SOCIAL
70814928|77449753|303|02|404020|2021|7|00360305000104|CAIXA ECONOMICA FEDERAL
70814929|77449754|303|02|404020|2021|7|764***366**|IRIS MÁRCIA COSTA
70814930|77449755|303|02|404020|2021|7|373***206**|JOSÉ IVAIR DA CLARA SILVA
70814931|77449756|303|02|404020|2021|7|005***326**|LUIZ CARLOS LOPES JUNIOR
70814932|77449758|303|02|404020|2021|7|046***136**|WAGNER HOMEM PAULO
70814933|77449759|303|02|404010|2021|7|00360305000104|CAIXA ECONOMICA FEDERAL
70814934|77449760|303|02|404010|2021|7|13694036000164|EMENALI MEDICAL LTDA
70814935|77449761|303|02|404010|2021|7|00360305000104|CAIXA ECONOMICA FEDERAL
70814936|77449764|303|02|404020|2021|7|385***256**|DILSON COELHO JÁCOME
70814937|77449765|303|02|404010|2021|7|29979036000140|INSS INSTITUTO NACIONAL DO SEGURO SOCIAL
70814938|77449767|303|02|404020|2021|7|027***356**|ANDRE LUIZ ALVES SEVERINO
70814939|77449769|303|02|404010|2021|7|29979036000140|INSS INSTITUTO NACIONAL DO SEGURO SOCIAL
70814940|77449770|303|02|404020|2021|7|415***406**|GILBERTO DE FREITAS
70814941|77449771|303|02|404020|2021|7|92559830000171|GREEN CARD SA REFEICOES COMERCIO E SERVICOS
70814942|77449775|303|02|404020|2021|7|29979036000140|INSS INSTITUTO NACIONAL DO SEGURO SOCIAL
70814943|77449778|303|02|404020|2021|7|607***446**|SELMA CECÍLIA DE SOUSA TEIXEIRA
70814944|77449779|303|02|404020|2021|7|00604122000197|TRIVALE ADMINISTRACAO LTDA
70814945|77449780|303|02|404020|2021|7|00360305000104|CAIXA ECONOMICA FEDERAL
70814946|77449781|303|02|404020|2021|7|940***696**|DIOVANE PEREIRA DIAS
70814947|77449782|303|02|404020|2021|7|960***376**|WILLIAN REZENDE SILVA
70814948|77449784|303|02|404020|2021|7|745***966**|MARCOS ANTONIO DE AQUINO
70814949|77449785|303|02|404020|2021|7|006***786**|JOSÉ DOS SANTOS FERNANDES
70814950|77449786|303|02|404020|2021|7|138***206**|HIGOR MARQUES RIBEIRO
70814951|77449787|303|02|404020|2021|7|29979036000140|INSS INSTITUTO NACIONAL DO SEGURO SOCIAL
70814952|77449788|303|02|404020|2021|7|041***646**|GUSTAVO HENRIQUE FRANCO DUARTE
70814953|77449789|303|02|404020|2021|7|18899894000169|CBHOCENTRO BELORIZONTINO DE OFTALMOLOGIA LTDA
70814954|77449790|303|02|404020|2021|7|13694036000164|EMENALI MEDICAL LTDA
70814955|77449791|303|02|404020|2021|7|18269125000187|BIOHOSP PRODUTOS HOSPITALARES LTDA
70814956|77449792|303|02|404017|2021|7|00360305000104|CAIXA ECONOMICA FEDERAL
70814957|77449794|303|02|404017|2021|7|29979036000140|INSS INSTITUTO NACIONAL DO SEGURO SOCIAL
70814958|77449796|303|02|404017|2021|7|00360305000104|CAIXA ECONOMICA FEDERAL
70814959|77449798|303|02|404017|2021|7|29979036000140|INSS INSTITUTO NACIONAL DO SEGURO SOCIAL
70814960|77449801|303|02|404017|2021|7|29979036000140|INSS INSTITUTO NACIONAL DO SEGURO SOCIAL
70814961|77449802|303|02|404017|2021|7|29979036000140|INSS INSTITUTO NACIONAL DO SEGURO SOCIAL
70814962|77449805|303|02|404017|2021|7|00360305000104|CAIXA ECONOMICA FEDERAL
70814963|77449806|303|02|404017|2021|7|00360305000104|CAIXA ECONOMICA FEDERAL
70814964|77449807|303|02|404017|2021|7|00360305000104|CAIXA ECONOMICA FEDERAL
70814965|77449809|303|02|404017|2021|7|29979036000140|INSS INSTITUTO NACIONAL DO SEGURO SOCIAL
70814966|77449813|303|02|404017|2021|7|05684180000191|COMPANHIA ITABIRANA DE TELECOMUNICACOES LTDA
70814967|77449814|303|02|404017|2021|7|71181184000181|DÁRIO HUMBERTO DE MELO CASTROME
70814968|77449815|303|02|404017|2021|7|04309564000161|ESTRELA LOGÍSTICA EIRELI
70814969|77449818|303|02|404017|2021|7|71181184000181|DÁRIO HUMBERTO DE MELO CASTROME
70814970|77449819|303|02|404017|2021|7|10852690000160|SIDIM SISTEMAS EIRELI
70814971|77449820|303|02|404017|2021|7|07062925000106|ORGANIZACOES MSL COMERCIO E INDUSTRIA DE MATERIAIS ELETRICOS LTDA
70814972|77449822|303|02|404017|2021|7|29979036000140|INSS INSTITUTO NACIONAL DO SEGURO SOCIAL
70814973|77449823|303|02|404017|2021|7|05684180000191|COMPANHIA ITABIRANA DE TELECOMUNICACOES LTDA
70814974|77449826|303|02|404017|2021|7|42837906000105|VERITAS DE SIQUEIRA SOARESME
70814975|77449827|303|02|404017|2021|7|106***296**|MÁRIO DA CONCEICAO SOARES
70814976|77449828|303|02|404017|2021|7|09025241000160|MONITORA SEGURANCA ELETRONICA LTDA ME
70814977|77449829|303|02|404017|2021|7|13126113000180|DISTRIBUIDORA ESSENCIAL LTDA
70814978|77449830|303|02|404017|2021|7|106***296**|MÁRIO DA CONCEICAO SOARES
70814979|77449831|303|02|404017|2021|7|106***296**|MÁRIO DA CONCEICAO SOARES
70814980|77449832|303|02|404017|2021|7|92559830000171|GREEN CARD SA REFEICOES COMERCIO E SERVICOS
70814981|77449833|303|02|404017|2021|7|798***391**|RODRIGO MIRANDA LIMA
70814982|77449834|303|02|404017|2021|7|00360305000104|CAIXA ECONOMICA FEDERAL
70814983|77449835|303|02|403998|2021|7|766***246**|BERNADETE TANIA DE OLIVEIRA NUNES
70814984|77449836|303|02|403996|2021|7|29979036000140|INSS INSTITUTO NACIONAL DO SEGURO SOCIAL
70814985|77449840|303|02|403996|2021|7|11069669000156|FLEXX DISTRIBUIDORA DE ALIMENTOS EIRELI
70814986|77449842|303|02|403996|2021|7|10803557000114|FORTE COMERCIO DE ALIMENTOS LTDA
70814987|77449846|303|02|403996|2021|7|00360305000104|CAIXA ECONOMICA FEDERAL
70814988|77449848|303|02|403996|2021|7|66476052000147|AMAZÔNIA INDÚSTRIA E COMÉRCIO LTDA
70814989|77449850|303|02|403996|2021|7|65353401000170|COMERCIAL VENER LTDA
70814990|77449854|303|02|403998|2021|7|29979036000140|INSS INSTITUTO NACIONAL DO SEGURO SOCIAL
70814991|77449855|303|02|403998|2021|7|00360305000104|CAIXA ECONOMICA FEDERAL
70814992|77449857|303|02|403998|2021|7|29979036000140|INSS INSTITUTO NACIONAL DO SEGURO SOCIAL
70814993|77449858|303|02|403998|2021|7|00360305000104|CAIXA ECONOMICA FEDERAL
70814994|77449861|303|02|403998|2021|7|09025241000160|MONITORA SEGURANCA ELETRONICA LTDA ME
70814995|77449862|303|02|403998|2021|7|29979036000140|INSS INSTITUTO NACIONAL DO SEGURO SOCIAL
70814996|77449863|303|02|403996|2021|7|17645773000128|UNIVERSIDADE CORPORATIVA DO BRASIL LTDA
70814997|77449864|303|02|403996|2021|7|19103290000127|COMERCIAL MAURISTELA LTDA ME
70814998|77449867|303|02|403996|2021|7|29979036000140|INSS INSTITUTO NACIONAL DO SEGURO SOCIAL
70814999|77449868|303|02|403998|2021|7|09025241000160|MONITORA SEGURANCA ELETRONICA LTDA ME
70815000|77449869|303|02|403996|2021|7|65353401000170|COMERCIAL VENER LTDA
70815001|77449871|303|02|403998|2021|7|00360305000104|CAIXA ECONOMICA FEDERAL
70815002|77449872|303|02|403996|2021|7|14020319000193|FRIGO SELETA INDÚSTRIA E COMÉRCIO LTDA
70815003|77449876|303|02|404004|2021|7|26786353000152|IMPRESS LOCACAO COMERCIO E SERVICOS EIRELI ME
70815004|77449879|303|02|404004|2021|7|00360305000104|CAIXA ECONOMICA FEDERAL
70815005|77449880|303|02|404004|2021|7|142***566**|OCTAVIO AUGUSTO MAGALHAES LIMA
70815006|77449882|303|02|404004|2021|7|29979036000140|INSS INSTITUTO NACIONAL DO SEGURO SOCIAL
70815007|77449885|303|02|404002|2021|7|00360305000104|CAIXA ECONOMICA FEDERAL
70815008|77449886|303|02|404002|2021|7|29979036000140|INSS INSTITUTO NACIONAL DO SEGURO SOCIAL
70815009|77449887|303|02|404002|2021|7|16614158000191|REMOTO COMERCIAL DE MOTORES E PECAS LTDA
70815010|77449888|303|02|404002|2021|7|16614158000191|REMOTO COMERCIAL DE MOTORES E PECAS LTDA
70815011|77449890|303|02|404017|2021|7|154***666**|HENRIQUE EUSTAQUIO SILVA SERAFIM
70815012|77449891|303|02|404017|2021|7|147***686**|ANNA BEATRIZ PAZ SANTOS
70815013|77449892|303|02|404017|2021|7|015***986**|GUILHERME AUGUSTO PAULINO PEREIRA
70815014|77449893|303|02|404017|2021|7|140***876**|NATALIE VITORIANO GUEDES DA SILVA
70815015|77449894|303|02|404017|2021|7|147***666**|LAYS BARBOSA DE OLIVEIRA
70815016|77449895|303|02|404017|2021|7|147***716**|YASMIN PARRA DA CRUZ
70815017|77449896|303|02|404017|2021|7|068***776**|IZABELA CRISTINA RODRIGUES DOS SANTOS
70815018|77449897|303|02|404017|2021|7|143***846**|JAQUELINE DE FATIMA SILVESTRE
70815019|77449898|303|02|404017|2021|7|072***616**|MELISSA VICTÓRIA FERNANDES DOS REIS VALADARES
70815020|77449899|303|02|404017|2021|7|11069669000156|FLEXX DISTRIBUIDORA DE ALIMENTOS EIRELI
70815021|77449901|303|02|404017|2021|7|00360305000104|CAIXA ECONOMICA FEDERAL
70815022|77449904|303|02|404017|2021|7|29979036000140|INSS INSTITUTO NACIONAL DO SEGURO SOCIAL
70815023|77449906|303|02|403998|2021|7|00360305000104|CAIXA ECONOMICA FEDERAL
70815024|77449907|303|02|403998|2021|7|29979036000140|INSS INSTITUTO NACIONAL DO SEGURO SOCIAL
70815025|77449910|303|02|404008|2021|7|17140792000100|PLANET CARD SOLUCOES EM IDENTIFICACAO EIRELIME
70815026|77449911|303|02|404008|2021|7|29979036000140|INSS INSTITUTO NACIONAL DO SEGURO SOCIAL
70815027|77449913|303|02|404005|2021|7|00360305000104|CAIXA ECONOMICA FEDERAL
70815028|77449914|303|02|404005|2021|7|29979036000140|INSS INSTITUTO NACIONAL DO SEGURO SOCIAL
70815029|77449915|303|02|404007|2021|7|18979005000173|EMPRESA TRANSCOL LTDA
70815030|77449916|303|02|404000|2021|7|20839994000141|QUANTUM ENGENHARIA E CONSULTORIA LTDA
70815031|77449917|303|02|404000|2021|7|00604122000197|TRIVALE ADMINISTRACAO LTDA
70815032|77449919|303|02|403993|2021|7|29979036000140|INSS INSTITUTO NACIONAL DO SEGURO SOCIAL
70815033|77449920|303|02|403993|2021|7|21155494000153|CARTÓRIO REGISTRO DE IMÓVEIS DE CAETÉMG
70815034|77449922|303|02|403993|2021|7|00360305000104|CAIXA ECONOMICA FEDERAL
70815035|77449925|303|02|404007|2021|7|00360305000104|CAIXA ECONOMICA FEDERAL
70815036|77449926|303|02|404007|2021|7|29979036000140|INSS INSTITUTO NACIONAL DO SEGURO SOCIAL
70815037|77449929|303|02|403991|2021|7|25191800000168|EMPRESA JORNALISTICA OPINIAO LTDA
70815038|77449932|303|02|403999|2021|7|00360305000104|CAIXA ECONOMICA FEDERAL
70815039|77449933|303|02|403999|2021|7|29979036000140|INSS INSTITUTO NACIONAL DO SEGURO SOCIAL
70815040|77449934|303|02|403999|2021|7|00360305000104|CAIXA ECONOMICA FEDERAL
70815041|77449936|303|02|403999|2021|7|29979036000140|INSS INSTITUTO NACIONAL DO SEGURO SOCIAL
70815042|77449939|303|02|404000|2021|7|081***496**|LEANDRO FERREIRA GUEDES
70815043|77449941|303|02|404000|2021|7|652***956**|WALDIR APARECIDO DE OLIVEIRA
70815044|77449943|303|02|404000|2021|7|914***066**|MAURICIO RODRIGUES
70815045|77449944|303|02|404000|2021|7|857***076**|RAIMUNDO PIRES JUNIOR
70815046|77449945|303|02|404000|2021|7|050***726**|MARCIO GERALDO DAS GRACAS
70815047|77449947|303|02|404000|2021|7|626***416**|JOSE CRISPINO DE SOUZA
70815048|77449948|303|02|404011|2021|7|29979036000140|INSS INSTITUTO NACIONAL DO SEGURO SOCIAL
70815049|77449949|303|02|404000|2021|7|052***736**|ANGÉLICA APARECIDA GONCALVES RAMOS
70815050|77449953|303|02|404000|2021|7|545***896**|ANTONIO DOS SANTOS FILHO
70815051|77449954|303|02|404000|2021|7|034***908**|MARCIO SALVADOR DOS SANTOS
70815052|77449956|303|02|404000|2021|7|360***526**|ANTONIO DIAS DUARTE
70815053|77449957|303|02|404000|2021|7|626***016**|CLEIDSTON LIMA LAGE
70815054|77449959|303|02|404000|2021|7|889***976**|OMAR COELHO DE LACERDA
70815055|77449961|303|02|404000|2021|7|393***866**|HELIO AUGUSTO DAS NEVES
70815056|77449962|303|02|404009|2021|7|00360305000104|CAIXA ECONOMICA FEDERAL
70815057|77449963|303|02|404000|2021|7|794***406**|ARISTON FERREIRA DE DEUS
70815058|77449964|303|02|403992|2021|7|074***265**|SILAS NEVES DA SILVA
70815059|77449966|303|02|404000|2021|7|116***336**|LEONARDO SILVESTRE PERDIGAO
70815060|77449967|303|02|404000|2021|7|050***576**|MARCELO BORGES DE OLIVEIRA
70815061|77449970|303|02|403992|2021|7|34157394000108|SOLANGE APARECIDA XAVIER LOPES EIRELI
70815062|77449972|303|02|404000|2021|7|158***366**|TAYLON LUCAS DE ALMEIDA
70815063|77449974|303|02|403991|2021|7|00360305000104|CAIXA ECONOMICA FEDERAL
70815064|77449975|303|02|404000|2021|7|276***056**|ELIZEU DA SILVA
70815065|77449976|303|02|403991|2021|7|842***946**|LUCAS COELHO FERREIRA
70815066|77449977|303|02|404006|2021|7|00165960000101|GOVERNANCA BRASIL TEC GESTAO EM SERV LTDA
70815067|77449978|303|02|404000|2021|7|082***726**|JOSÉ CARLOS GOMES
70815068|77449979|303|02|404000|2021|7|545***226**|EDSON DAS NEVES
70815069|77449980|303|02|403992|2021|7|00360305000104|CAIXA ECONOMICA FEDERAL
70815070|77449981|303|02|404000|2021|7|29979036000140|INSS INSTITUTO NACIONAL DO SEGURO SOCIAL
70815071|77449983|303|02|403991|2021|7|41955550000141|GRAFICA ANDORINHA E EDITORA LTDA
70815072|77449984|303|02|403991|2021|7|219***156**|LUIZ BARTOLOMEU DE SOUZA
70815073|77449985|303|02|403991|2021|7|842***946**|LUCAS COELHO FERREIRA
70815074|77449987|303|02|404006|2021|7|043***196**|WALACE GERALDO MUNIZ
70815075|77449988|303|02|403991|2021|7|44597052000162|ABRIL COMUNICACOES SA
70815076|77449989|303|02|404000|2021|7|00360305000104|CAIXA ECONOMICA FEDERAL
70815077|77449991|303|02|403991|2021|7|111***496**|PEDRO HENRIQUE SILVA DA CONCEICAO
70815078|77449992|303|02|404000|2021|7|115***486**|MAGDIEL ROQUE ALVES
70815079|77449993|303|02|404000|2021|7|853***816**|DENILSON ROBERTO JORGE
70815080|77449994|303|02|403992|2021|7|92559830000171|GREEN CARD SA REFEICOES COMERCIO E SERVICOS
70815081|77449995|303|02|403992|2021|7|074***265**|SILAS NEVES DA SILVA
70815082|77449996|303|02|404000|2021|7|251***296**|CARLOS ALBERTO MALAQUIAS
70815083|77449997|303|02|403992|2021|7|00360305000104|CAIXA ECONOMICA FEDERAL
70815084|77450000|303|02|404000|2021|7|042***346**|AFRÂNIO REI DE FRANCA SILVA
70815085|77450001|303|02|403991|2021|7|04309564000161|ESTRELA LOGÍSTICA EIRELI
70815086|77450002|303|02|404011|2021|7|00360305000104|CAIXA ECONOMICA FEDERAL
70815087|77450003|303|02|404006|2021|7|033***436**|ADRIANA DO NASCIMENTO BATISTA
70815088|77450004|303|02|404011|2021|7|23250713000109|CERTIDIGI CERTIFICADO DIGITAL E SEG DE INFORMACAO
70815089|77450005|303|02|404009|2021|7|03842913000143|GRUPO ÁUDIO MISTER MIX LTDA EPP
70815090|77450006|303|02|404000|2021|7|652***106**|SEBASTIAO DIAS DA SILVA
70815091|77450007|303|02|404009|2021|7|16539054000160|BB TURISMO LTDAME
70815092|77450009|303|02|404000|2021|7|054***466**|WILSON VANDER VILELA
70815093|77450011|303|02|404000|2021|7|870***616**|WALMIR FRANCISCO DUARTE BORGES
70815094|77450012|303|02|404000|2021|7|056***236**|MATEUS EDUARDO DAS NEVES
70815095|77450014|303|02|404000|2021|7|971***346**|DANIEL EVANGELISTA RODRIGUES
70815096|77450015|303|02|404006|2021|7|00360305000104|CAIXA ECONOMICA FEDERAL
70815097|77450018|303|02|403991|2021|7|29979036000140|INSS INSTITUTO NACIONAL DO SEGURO SOCIAL
70815098|77450020|303|02|404000|2021|7|846***396**|MARCIO MANOEL RODRIGUES
70815099|77450022|303|02|404006|2021|7|35308878000173|MSA COMERCIO DE GÁS E SERVICOS LTDA
70815100|77450023|303|02|404000|2021|7|825***046**|ANTÔNIO MARQUES GOMIDES
70815101|77450024|303|02|404000|2021|7|043***716**|MARCONE ANTONIO DO COUTO
70815102|77450025|303|02|404000|2021|7|809***366**|JOAO ROBERTO DE ARAUJO LIMA
70815103|77450026|303|02|404000|2021|7|378***626**|MARCO ANTÔNIO PINTO
70815104|77450027|303|02|404009|2021|7|054***686**|CHARLES ELADIO NAZARETH FARIA
70815105|77450028|303|02|404000|2021|7|089***946**|PABLO DOUGLAS DOS REIS MARINHO
70815106|77450029|303|02|403992|2021|7|17926188000104|SINTAGMA ZENITE COMERCIO PAPELARIA E ESPORTES LTDA ME
70815107|77450030|303|02|404006|2021|7|29979036000140|INSS INSTITUTO NACIONAL DO SEGURO SOCIAL
70815108|77450031|303|02|403992|2021|7|00165960000101|GOVERNANCA BRASIL TEC GESTAO EM SERV LTDA
70815109|77450032|303|02|403992|2021|7|09025241000160|MONITORA SEGURANCA ELETRONICA LTDA ME
70815110|77450033|303|02|404000|2021|7|415***986**|FRANCISCO MACHADO DA SILVA
70815111|77450034|303|02|403992|2021|7|29979036000140|INSS INSTITUTO NACIONAL DO SEGURO SOCIAL
70815112|77450035|303|02|403992|2021|7|29979036000140|INSS INSTITUTO NACIONAL DO SEGURO SOCIAL
70815113|77450036|303|02|404009|2021|7|29979036000140|INSS INSTITUTO NACIONAL DO SEGURO SOCIAL
70815114|77450038|303|02|403993|2021|7|01298583000141|TRIBUNAL REGIONAL DO TRABALHO DA 3ª REGIAO
70815115|77450039|303|02|403993|2021|7|01298583000141|TRIBUNAL REGIONAL DO TRABALHO DA 3ª REGIAO
70815116|77450040|303|02|403993|2021|7|21154554000113|TRIBUNAL DE JUSTICA DE MINAS GERAIS
70815117|77450041|303|02|403993|2021|7|01298583000141|TRIBUNAL REGIONAL DO TRABALHO DA 3ª REGIAO
63792816|69742497|306|05|404014|2021|2|00360305144106|CAIXA ECONOMICA FEDERAL
63792817|69742500|306|05|404014|2021|2|29979036000140|INSTITUTO NACIONAL DO SEGURO SOCIAL
63792818|69742501|306|05|404014|2021|2|00165960000101|GOVERNANCA BRASIL SA TECNOLOGIA E GESTAO EM SERVI
63792819|69742502|306|05|404014|2021|2|33066408000115|SANTANDER
63792820|69742504|306|05|404014|2021|2|29979036000140|INSTITUTO NACIONAL DO SEGURO SOCIAL
63792821|69742505|306|05|404014|2021|2|29979036000140|INSTITUTO NACIONAL DO SEGURO SOCIAL
63792822|69742506|306|05|404014|2021|2|00394460005887|SECRETARIA DA RECEITA FEDERAL DO BRASIL
63792823|69742507|306|05|404014|2021|2|29979036000140|INSTITUTO NACIONAL DO SEGURO SOCIAL
63792824|69742508|306|05|404014|2021|2|33065699000127|SEGUROS SURA SA
63792825|69742509|306|05|404014|2021|2|29979036000140|INSTITUTO NACIONAL DO SEGURO SOCIAL
63792826|69742510|306|05|404014|2021|2|15567143000157|DANIELE MAGELA BARROS FERREIRA
63792827|69742513|306|05|404014|2021|2|33066408000115|SANTANDER
63792828|69742515|306|05|404014|2021|2|00360305144106|CAIXA ECONOMICA FEDERAL
63792829|69742516|306|05|404014|2021|2|29979036000140|INSTITUTO NACIONAL DO SEGURO SOCIAL
63792830|69742518|306|05|404014|2021|2|29979036000140|INSTITUTO NACIONAL DO SEGURO SOCIAL
63792831|69742519|306|05|404014|2021|2|03718828000178|PATRÍCIA PERDIGAO ROCHA E CIA LTDA
63792832|69742520|306|05|404014|2021|2|00360305000104|FGTS
63792833|69742521|306|05|404014|2021|2|18979005000173|EMPRESA TRANSCOL LTDA
69773984|76296304|304|03|404015|2021|6|14644274000128|ROSIMEIRE RODRIGUES ALVES VIEIRA
69773985|76296308|304|03|404015|2021|6|00360305000104|CAIXA ECONOMICA FEDERAL
69773986|76296310|304|03|404015|2021|6|29979036044946|INSTITUTO NACIONAL DO SEGURO SOCIAL
69773987|76296311|304|03|404015|2021|6|29979036044946|INSTITUTO NACIONAL DO SEGURO SOCIAL
69773988|76296312|304|03|404015|2021|6|09025241000160|MONITORA SEGURANCA ELETRONICA LTDA-ME
69773989|76296313|304|03|404015|2021|6|05340639000130|PRIME CONSULTORIA E ASSESSORIA EMPRESARIAL LTDANI
69773990|76296314|304|03|404015|2021|6|09666624000117|GESTCOM INFORMATICA LTDA - ME
69773991|76296315|304|03|404015|2021|6|21587809000131|MR DESENTUPIDORA LTDA-ME
69773992|76296316|304|03|404015|2021|6|02628117000140|JARBAS SEBASTIAO DOS REIS-ME
69773993|76296317|304|03|404015|2021|6|30968913000167|WENDERSON SILVA PEIXOTO DE MELLO-ME
69773994|76296318|304|03|404015|2021|6|11849606000112|MARCIO NAZARET AMARO
69773995|76296319|304|03|404015|2021|6|02628117000140|JARBAS SEBASTIAO DOS REIS-ME
69773996|76296320|304|03|404015|2021|6|02628117000140|JARBAS SEBASTIAO DOS REIS-ME
69773997|76296321|304|03|404015|2021|6|00165960000101|GOVERNANCABRASIL SA TECNOL. E GESTAO DE SERVICOS
69773998|76296322|304|03|404015|2021|6|23314651000151|ORGANIZACAO EMY LTDA-EPP
69773999|76296323|304|03|404015|2021|6|17926188000104|SINTAGMA ZENITE COMER.PAPELARIA E ESPORTES LTDA-ME
69774000|76296324|304|03|404015|2021|6|05340639000130|PRIME CONSULTORIA E ASSESSORIA EMPRESARIAL LTDANI
69774001|76296325|304|03|404015|2021|6|11849606000112|MARCIO NAZARET AMARO
69774002|76296326|304|03|404015|2021|6|05340639000130|PRIME CONSULTORIA E ASSESSORIA EMPRESARIAL LTDANI
69774003|76296327|304|03|404015|2021|6|04898233000104|ALPHAMEC LTDA
69774004|76296328|304|03|404015|2021|6|23314651000151|ORGANIZACAO EMY LTDA-EPP
69774005|76296329|304|03|404015|2021|6|04817485000161|BPD SERVICOS DE PROCESSAMENTO DE DADOS
69774006|76296330|304|03|404015|2021|6|12647709000162|FABIANO PAULO LAUDATE - ME.
69774007|76296331|304|03|404015|2021|6|17926188000104|SINTAGMA ZENITE COMER.PAPELARIA E ESPORTES LTDA-ME
69774008|76296332|304|03|404015|2021|6|09655998000137|METALSAF INDUSTRIA E COMERCIAO LTDA
69774009|76296333|304|03|404015|2021|6|12647709000162|FABIANO PAULO LAUDATE - ME.
69774010|76296334|304|03|404015|2021|6|23314651000151|ORGANIZACAO EMY LTDA-EPP
69774011|76296335|304|03|404015|2021|6|02628117000140|JARBAS SEBASTIAO DOS REIS-ME
69774012|76296336|304|03|404015|2021|6|23314651000151|ORGANIZACAO EMY LTDA-EPP
69774013|76296337|304|03|404015|2021|6|20232336000197|MAPEL-MAQUINAS E ARTIGOS PARA ESCRITORIO LTDA-ME
69774014|76296338|304|03|404015|2021|6|06981180000116|CEMIG DISTRIBUICAO S.A
69773969|76296282|304|03|404015|2021|6|18715615000160|FUNDO DE GARANTIA POR TEMPO DE SERVICO
69773970|76296283|304|03|404015|2021|6|18979005000173|EMPRESA TRANSCOL LTDA
69773971|76296284|304|03|404015|2021|6|00000000000191|BANCO DO BRASIL-RECEITA FEDERAL-IRRF
69773972|76296285|304|03|404015|2021|6|90400888000142|BANCO SANTANDER (BRASIL) SA
69773973|76296286|304|03|404015|2021|6|18715615000160|FUNDO DE GARANTIA POR TEMPO DE SERVICO
69773974|76296287|304|03|404015|2021|6|804***476**|FERNANDO JOSE DA SILVA
69773975|76296288|304|03|404015|2021|6|60701190000104|BANCO ITAU SA
69773976|76296289|304|03|404015|2021|6|29979036044946|INSTITUTO NACIONAL DO SEGURO SOCIAL
69773977|76296291|304|03|404015|2021|6|142***526**|RAQUEL NATALIA MARQUES
69773978|76296292|304|03|404015|2021|6|00165960000101|GOVERNANCABRASIL SA TECNOL. E GESTAO DE SERVICOS
69773979|76296293|304|03|404015|2021|6|18963999000130|WX3 SISTEMAS LTDA - ME
69773980|76296294|304|03|404015|2021|6|26338413000174|ERNANI ELY LOPES 53458141634
69773981|76296296|304|03|404015|2021|6|00000000000191|BANCO DO BRASIL-RECEITA FEDERAL-IRRF
69773982|76296299|304|03|404015|2021|6|18715615000160|FUNDO DE GARANTIA POR TEMPO DE SERVICO
69773983|76296303|304|03|404015|2021|6|257***306**|MAGNO FERNANDES DE SOUZA
69813542|76340085|305|04|404016|2021|6|36504329000137|COLOR ART TINTAS LTDA
69813543|76340086|305|04|404016|2021|6|00360305000104|FGTS
69813544|76340088|305|04|404016|2021|6|29979036000140|INSS
