MÊS REFERÊNCIA|NIS FAVORECIDO|CPF FAVORECIDO|NOME FAVORECIDO|VALOR PARCELA
202309|12731213134|***.476.316-**|ROSILENE APARECIDA DIAS|1110.00
202401|16234019952|***.290.646-**|ILZA FRANCISCA DA SILVA|700.00
202402|16407296863|***.457.326-**|CAROLINA DOS SANTOS CALADO|650.00
202402|12511857040|***.607.276-**|MARCILIS ROBERTO DE FARIAS|600.00
202402|20352947327|***.638.326-**|MARLI CORNELIA DA SILVA|600.00
202403|12337632352|***.204.756-**|ABDAL JORGE DA SILVA|600.00
202403|12360879393||ABILENE BRAGA AVELAR|300.00
202403|16105004436|***.446.576-**|ACSSILANDRIA FONSECA COELHO|405.00
202403|16054972201|***.011.016-**|ADAIANIA APARECIDA SOARES|950.00
202403|21344213679||ADAILTON DE PAULA SANTOS|650.00
202403|12300938067|***.000.446-**|ADAIR GONCALVES DOS SANTOS|300.00
202403|12212605856|***.576.216-**|ADAIR NEVES DA SILVA|600.00
202403|12219637338||ADAO MATEUS DE ALMEIDA|600.00
202403|21200229756|***.912.906-**|ADELMA FRANCA DE PAULA|900.00
202403|20052483058|***.805.766-**|ADENISIA SILVA GONCALVES|600.00
202403|16035769277|***.247.116-**|ADEPAULA FERNANDES AFONSO|350.00
202403|16104988777|***.401.526-**|ADIL MARTIR DE MAGALHAES|650.00
202403|20396214619|***.402.296-**|ADILENE RODRIGUES OLIVEIRA FRANCISCO|600.00
202403|21231573300|***.569.876-**|ADILSON ERNESTO FERREIRA|600.00
202403|15905333274|***.175.947-**|ADNA MARIA SANTOS|600.00
202403|21243147212|***.699.726-**|ADRIANA ALVES FERREIRA|650.00
202403|16124603757|***.281.456-**|ADRIANA ANTONIA GONCALVES|800.00
202403|16170269376|***.346.936-**|ADRIANA APARECIDA CUSTODIO|700.00
202403|19012736725|***.920.276-**|ADRIANA AUXILIADORA BRAZ COSTA|230.00
202403|16104051422|***.039.066-**|ADRIANA BARBOSA RODRIGUES|540.00
202403|16108357429|***.348.026-**|ADRIANA BONSUCESSO DA SILVA|600.00
202403|16108354470|***.060.296-**|ADRIANA CRISTINA ANDRE COSTA|850.00
202403|21203314517|***.909.416-**|ADRIANA CRISTINA BONSUCESSO SANTIAGO|325.00
202403|12626570119|***.706.666-**|ADRIANA CRISTINA DOS REIS SANTOS|490.00
202403|20052483708|***.006.756-**|ADRIANA CRISTINA FERNANDES DA COSTA|600.00
202403|16124604079|***.764.586-**|ADRIANA DA CONCEICAO MOREIRA SIQUEIRA|650.00
202403|16104994750|***.885.956-**|ADRIANA DE JESUS SOUZA SANTOS|800.00
202403|20070018329|***.245.906-**|ADRIANA FERREIRA DA SILVA|700.00
202403|16021722265|***.479.636-**|ADRIANA JESUS CALDEIRA|750.00
202403|12581836743|***.007.536-**|ADRIANA MARCAL DOS SANTOS|800.00
202403|16105826460|***.472.446-**|ADRIANA MARCIA DOS REIS|526.00
202403|20222031470|***.596.486-**|ADRIANA MARIA DA CONCEICAO SILVA|650.00
202403|20351034565|***.239.126-**|ADRIANA MONTEIRO DA SILVA|600.00
202403|21030036065|***.691.836-**|ADRIANA NAZARE ALVES RODRIGUES DOS SANTOS|750.00
202403|16170269295|***.114.616-**|ADRIANA SILVA SOUZA FREITAS|650.00
202403|21257217838|***.098.516-**|ADRIANA SILVESTRE SANTOS|1009.00
202403|20336200247|***.528.666-**|ADRIANA SOARES DA LUZ|325.00
202403|16170289776|***.920.736-**|ADRIELLE APARECIDA DOS SANTOS|640.00
202403|16147310055|***.589.616-**|ADRIELLE CRISTINA NASCIMENTO|750.00
202403|21203322684|***.945.016-**|ADRIENY CRISTINA VITORIA SOARES|950.00
202403|12679759097|***.578.856-**|AGUINALDO FERREIRA DE ARRUDA|600.00
202403|12251166469|***.931.726-**|AGUINOS FERREIRA LOPES|600.00
202403|20396219904|***.726.256-**|AILTON TEREZA SOARES|650.00
202403|16054998138|***.661.186-**|ALAAN SILVA NEVES|650.00
202403|16153477144||ALANA BATISTA SANTOS|800.00
202403|16104081011|***.293.866-**|ALARISSA BATISTA RIBEIRO|640.00
202403|21268351832|***.241.826-**|ALCIONE ROSA CAMILO|700.00
202403|20997071944|***.608.986-**|ALCIONE SOUZA NUNES PEREIRA|600.00
202403|16030657519|***.767.356-**|ALCIONE TEIXEIRA LEAO|600.00
202403|16153478442|***.292.016-**|ALENICE DE SOUSA SANTOS|1110.00
202403|16108386852|***.419.716-**|ALESSANDRA APARECIDA FERNANDES|650.00
202403|12441110103|***.351.016-**|ALESSANDRA DE CASSIA ROSA|700.00
202403|16147312422|***.962.666-**|ALESSANDRA DE LOURDES DOS SANTOS CARVALHO|430.00
202403|20322734392||ALESSANDRA FLAVIA RODRIGUES|600.00
202403|16144084747|***.194.336-**|ALESSANDRA ISABELA PEREIRA DA SILVA|750.00
202403|16104680012|***.808.446-**|ALESSANDRA LEONIA CARLOS ELEODORO|600.00
202403|16055006627||ALESSANDRA MAGELA SAMPAIO BATISTA|450.00
202403|12844764101|***.576.776-**|ALESSANDRA MARQUES DE SOUZA PAIXAO|450.00
202403|16147312406|***.437.736-**|ALESSANDRA PEREIRA DA SILVA|650.00
202403|23840339649|***.308.626-**|ALEX ANTONIO FERREIRA|600.00
202403|20336202495|***.746.006-**|ALEX FRANCIS DOS SANTOS|650.00
202403|20329632463|***.161.766-**|ALEXANDRA REGINA DOS SANTOS|540.00
202403|12513789573|***.079.576-**|ALEXANDRE GOMES DA SILVA|600.00
202403|12737553093|***.077.106-**|ALEXANDRINA BARBOSA SILVA|600.00
202403|20185216549||ALEXIA CONCEICAO FREITAS|900.00
202403|16147313240|***.170.446-**|ALEXINA PIEDADE DA LUZ|650.00
202403|16124606152|***.654.836-**|ALEXSANDRA MOREIRA SIQUEIRA ROSA FONTANA|375.00
202403|12297243636|***.913.956-**|ALFA DA SILVA SANTOS|600.00
202403|20185215275|***.356.946-**|ALICE APARECIDA DA SILVA FILIPE|900.00
202403|16055020425|***.062.886-**|ALICE DE CASSIA ARAUJO|1060.00
202403|16124607744|***.750.526-**|ALICE STHEFANY ARAUJO|650.00
202403|21276630117|***.265.806-**|ALIDA FERREIRA DOS ANJOS PORTO|1152.00
202403|12712340118|***.718.026-**|ALIETE APARECIDA TORRES RIBEIRO|300.00
202403|16105350377|***.448.756-**|ALIETE CUNHA|1010.00
202403|16105021845|***.201.576-**|ALINE ADRIANE FERREIRA MARQUES DOS SANTOS|640.00
202403|21206087317|***.128.206-**|ALINE ALVES|950.00
202403|21282695950||ALINE APARECIDA DE ALMEIDA|950.00
202403|21205691830|***.156.386-**|ALINE APARECIDA DE OLIVEIRA|1010.00
202403|12794829108|***.349.516-**|ALINE APARECIDA PESSOA DUARTE|750.00
202403|20416253185|***.935.128-**|ALINE BRAGA DE ARAUJO|800.00
202403|21201955833|***.254.146-**|ALINE CRISTINA EUSTAQUIO ANDRADE|375.00
202403|16025081191|***.020.207-**|ALINE DE FREITAS TIENE|1010.00
202403|20396211954||ALINE DE LOURDES ANSELMO|375.00
202403|20086006546|***.283.686-**|ALINE DE LOURDES SANTOS|490.00
202403|16030543874|***.723.376-**|ALINE DE NAZARETH BARBOSA|325.00
202403|16030548256|***.229.976-**|ALINE DE OLIVEIRA ROSA|350.00
202403|16105904798||ALINE ESTEFANE AUGUSTO DOS REIS|850.00
202403|20101346594|***.464.766-**|ALINE FLAVIA DUARTE|325.00
202403|20322723528||ALINE HELENA DOS SANTOS VIANA|900.00
202403|16035891218|***.958.196-**|ALINE LIMA DOS SANTOS|850.00
202403|16030545613|***.644.776-**|ALINE LUZIA REIS COSTA CANDIDO|950.00
202403|20755101329|***.798.006-**|ALINE MARCIA DIAS NETO|800.00
202403|13000623115|***.264.486-**|ALINE MARTA MAGALHAES|700.00
202403|13254905376|***.463.576-**|ALINE MEDEIROS DE JESUS SOUZA|590.00
202403|16105904836|***.872.086-**|ALINE MOREIRA ROSA DOS REIS|650.00
202403|16105022574|***.373.116-**|ALINE NEVES DA SILVA|790.00
202403|21214061550|***.257.356-**|ALINE PATRICIA DE SOUZA COELHO|700.00
202403|15799117275|***.761.686-**|ALINE SILVERIO DE SOUZA|650.00
202403|16105022086|***.029.436-**|ALINE THAIS DE JESUS SOUZA SANTOS|900.00
202403|20362571931|***.062.906-**|ALINE VILETE|690.00
202403|12887967136|***.249.386-**|ALINE XAVIER MENDES|800.00
202403|16124606268|***.305.026-**|ALLEN JUNIA DOS REIS|800.00
202403|16055116201|***.607.226-**|ALMELINA FERREIRA DE JESUS NETA|700.00
202403|12815853096|***.428.416-**|ALMIRA RODRIGUES DE ANDRADE|600.00
202403|12495420445||ALMIRO DIAS CONCEICAO|600.00
202403|16055121280|***.558.666-**|ALVILEIA ALVES|650.00
202403|16035913890|***.184.856-**|AMANDA APARECIDA DA SILVA|350.00
202403|16147314514|***.299.506-**|AMANDA APARECIDA XAVIER DO CARMO|800.00
202403|23698144049|***.442.106-**|AMANDA BRAGA DE ARAUJO|800.00
202403|20329612144|***.645.086-**|AMANDA CRISTINA COSTA|425.00
202403|16055025273|***.312.056-**|AMANDA DA PIEDADE MOREIRA PINTO|800.00
202403|20755094659||AMANDA DE CASSIA CANDIDO|800.00
202403|13921701774||AMANDA DE CASSIA MARTINS|750.00
202403|16168805657|***.479.816-**|AMANDA DE JESUS OLIVEIRA|475.00
202403|20755081786||AMANDA EMANUELLE DOS SANTOS|375.00
202403|16055023696|***.264.646-**|AMANDA FERREIRA APOS|650.00
202403|16105923571|***.196.776-**|AMANDA GERVASIO MARCAL|640.00
202403|21316468765||AMANDA LUISA DA SILVA VIGARIO|900.00
202403|15122292624|***.387.628-**|AMANDA MARIA DA SILVA|800.00
202403|20339634094|***.382.966-**|AMANDA SOUZA ARAUJO|590.00
202403|20755093962|***.412.596-**|AMANDA SUELEN MAGALHAES|950.00
202403|12224889838||AMARILDO ELADIO|600.00
202403|13686187409|***.927.716-**|AMELIA DORES DA SILVA|600.00
202403|16055047269|***.691.676-**|AMELINA DE LOURDES SOARES|540.00
202403|16036087757|***.639.726-**|ANA CAROLINA DA SILVA BALBINO|800.00
202403|21372011147||ANA CAROLINA DE ALMEIDA|375.00
202403|20333489467|***.584.226-**|ANA CAROLINA DE FREITAS OLIVEIRA|750.00
202403|16124613523|***.851.226-**|ANA CAROLINA DE OLIVEIRA BARBOSA MAGALHAES|375.00
202403|21222882959|***.006.236-**|ANA CAROLINA OLIVEIRA|800.00
202403|21209852723||ANA CAROLINA PEREIRA|850.00
202403|16030622278|***.686.876-**|ANA CAROLINE DE OLIVEIRA DOS SANTOS|1010.00
202403|16141073353|***.276.776-**|ANA CAROLINE DE SOUZA|850.00
202403|12663130135|***.888.756-**|ANA CELIA DE SOUZA|600.00
202403|21258298203|***.120.836-**|ANA CLARA DA SILVA CONCEICAO|205.00
202403|23768326892||ANA CLAUDIA DOS SANTOS|900.00
202403|20755089159|***.074.666-**|ANA CLAUDIA ESPINULA|750.00
202403|16169935066||ANA CRISTINA DA SILVA|750.00
202403|21225252476|***.038.576-**|ANA CRISTINA DOS SANTOS|700.00
202403|16143693804|***.677.436-**|ANA CRISTINA DOS SANTOS|1010.00
202403|16105076682|***.804.386-**|ANA CRISTINA RODRIGUES DE ASSIS|750.00
202403|20336198978|***.911.586-**|ANA DOS REIS PINTO|960.00
202403|20351033593|***.449.046-**|ANA FLAVIA DA SILVA CASSIMIRO|750.00
202403|16055091276|***.664.846-**|ANA FLAVIA FELIX DA SILVA|690.00
202403|15449608474|***.679.156-**|ANA LUCIA FRANCELINO DE SOUZA SANTOS|800.00
202403|16143690791|***.870.696-**|ANA LUCIA MARQUES|600.00
202403|20142783913|***.088.556-**|ANA LUCIA MOREIRA SOARES|650.00
202403|21216903826|***.615.856-**|ANA LUCIA TORRES|600.00
202403|21433461430||ANA MARCIA APARECIDA FONSECA LIMA|650.00
202403|16105091347|***.439.976-**|ANA MARIA DO NASCIMENTO TORRES|300.00
202403|16030624106|***.917.646-**|ANA MARIA GABRIEL|750.00
202403|20322720642|***.551.146-**|ANA MARIA MARTINS|900.00
202403|20691627813|***.922.516-**|ANA MOREIRA DE SOUZA|263.00
202403|20329627974|***.626.976-**|ANA PAULA ALVES TEIXEIRA|205.00
202403|20336196843|***.578.156-**|ANA PAULA ANDRELINO FONSECA|700.00
202403|16147320522|***.428.846-**|ANA PAULA ARAUJO NASCIMENTO|750.00
202403|20086006163|***.987.866-**|ANA PAULA BENFICA DO CARMO|325.00
202403|12548044566|***.196.076-**|ANA PAULA BOM SUCESSO|325.00
202403|20086007291|***.542.616-**|ANA PAULA BRUZINGA|1010.00
202403|16143695718|***.489.896-**|ANA PAULA DA SILVA|800.00
202403|16108483610|***.796.796-**|ANA PAULA DE FREITAS ENGRACIO|590.00
202403|20092437324|***.130.526-**|ANA PAULA DE OLIVEIRA|600.00
202403|16143688312|***.054.286-**|ANA PAULA DIAS|516.00
202403|20351033259|***.152.876-**|ANA PAULA DIAS MOREIRA|740.00
202403|16036095849|***.187.406-**|ANA PAULA GOMES DA SILVA|800.00
202403|16105082275|***.615.486-**|ANA PAULA MEDEIROS PESSOA GONCALVES|230.00
202403|20052483546|***.502.386-**|ANA PAULA PERDIGAO|650.00
202403|16126528671|***.675.996-**|ANA PAULA PEREIRA ROSA|375.00
202403|16124615518|***.995.796-**|ANA PAULA RANALHA DE SOUZA|750.00
202403|16055088070||ANA PAULA RODRIGUES|750.00
202403|20329634016|***.379.666-**|ANA PAULA SIQUEIRA DA SILVA|650.00
202403|21030034666|***.737.106-**|ANA PAULA SOARES|600.00
202403|16105087668|***.027.626-**|ANA PEREIRA GERVAZIO|700.00
202403|16164956065|***.877.346-**|ANA ROCHA SILVA|600.00
202403|16158168093|***.768.046-**|ANA ROSA DOS SANTOS|1144.00
202403|14874187613|***.177.636-**|ANA VICTORIA GONCALVES DA SILVA|900.00
202403|16143688738|***.002.726-**|ANA VITORIA DIAS FERREIRA|766.00
202403|16066733665|***.237.295-**|ANACLECIA CRUZ SANTANA|530.00
202403|21222442851|***.756.126-**|ANALU REGINA LIMA|205.00
202403|21257719566|***.111.786-**|ANASTACIA GALDINO PINTO|800.00
202403|12755780098|***.710.416-**|ANDERCELAINE CRISTINA CARLOS|600.00
202403|12635221091|***.496.366-**|ANDERSON DA LUZ GOMES|600.00
202403|16153484396|***.260.216-**|ANDERSON MOREIRA DA CRUZ|600.00
202403|21218289637|***.441.766-**|ANDRAMASIA DA PIEDADE FERREIRA|590.00
202403|12550833742||ANDRE LUIZ DA ROCHA|600.00
202403|16126498403|***.483.086-**|ANDRE LUIZ MARCELINO|440.00
202403|16030566823|***.227.066-**|ANDREA APARECIDA FERREIRA|300.00
202403|21311163419||ANDREA LUCIA SILVA|600.00
202403|12608736116|***.837.466-**|ANDREA LUCIANA DE ANDRADE VIEIRA|650.00
202403|16030566327|***.338.026-**|ANDREA PEDROZA DE ALMEIDA|650.00
202403|16055036917|***.681.996-**|ANDREA ROBERTA DOS REIS|650.00
202403|16108865556|***.477.146-**|ANDREA SOARES DA SILVA|750.00
202403|21381703501||ANDREIA CRISTINA CAMILO|375.00
202403|12613705096|***.205.216-**|ANDREIA CRISTINA DA SILVA|300.00
202403|12668413097||ANDREIA ELOIZA PINTO|650.00
202403|16118944688|***.235.126-**|ANDREIA FONSECA GONCALVES|750.00
202403|20997072460||ANDREIA LUCIENE DE OLIVEIRA|700.00
202403|16155699373|***.916.866-**|ANDREIA LUIZA GOMES|600.00
202403|20322724982|***.660.386-**|ANDREIA MARIA DE SOUZA|650.00
202403|12931842097||ANDREIA MARIA INACIO DO NASCIMENTO|700.00
202403|16030569466|***.230.636-**|ANDREIA SEVERINO|600.00
202403|20755101655|***.059.866-**|ANDREINA APARECIDA FERNANDES DA ROCHA|750.00
202403|16035951741|***.762.266-**|ANDRELINA APARECIDA DA SILVA|800.00
202403|20322733167|***.389.936-**|ANDRELINA DE LURDES SOARES|700.00
202403|16104700293|***.596.896-**|ANDRELINA DOS SANTOS RAIMUNDO|600.00
202403|16055041775|***.505.326-**|ANDRESA PAOLA DE OLIVEIRA|850.00
202403|20185508604||ANDREZA BRIGIDA SILVA ALVARENGA|900.00
202403|16170279126|***.152.276-**|ANDREZA DE PAULA CAMPOS SEVERINO|1052.00
202403|16094187912|***.024.257-**|ANDREZA ERIAS DA SILVA|750.00
202403|16170279150|***.931.706-**|ANDREZA PIEDADE DA SILVA|650.00
202403|16105040777|***.127.666-**|ANDREZA SILVA MAGALHAES|280.00
202403|20329629829|***.526.626-**|ANDRIAMARA EGIDIA SOUZA|490.00
202403|20322721002|***.206.046-**|ANDRINE QUARESMA ROCHA|650.00
202403|20088656351|***.980.526-**|ANE FRANCIELE CHAVES|400.00
202403|21258389748|***.210.516-**|ANGELA AMADA SEVERIANA|650.00
202403|16155702536|***.786.546-**|ANGELA CRISTINA FIRME|600.00
202403|12751013106|***.657.226-**|ANGELA FAGUNDES REZENDE|700.00
202403|20330144906|***.876.996-**|ANGELA FERNANDA MARIANO|600.00
202403|20322740740|***.273.156-**|ANGELA MARCIA FERREIRA|600.00
202403|12212739933|***.844.746-**|ANGELA MARIA DA SILVA|325.00
202403|16055048419|***.045.976-**|ANGELA MARIA DE JESUS FERREIRA|650.00
202403|16030581245|***.612.186-**|ANGELA MARIA DOS SANTOS LIMA|600.00
202403|12749302112|***.991.886-**|ANGELA MARTINS FONSECA|600.00
202403|12141191612|***.164.506-**|ANGELA VALERIA DA CONSOLACAO CHAVES|600.00
202403|20755087830|***.716.756-**|ANGELICA APARECIDA DA SILVA|350.00
202403|20997082466|***.366.646-**|ANGELICA APARECIDA DE PAULA|670.00
202403|15445149637|***.175.286-**|ANGELICA DE FATIMA DE OLIVEIRA MEIRELES|305.00
202403|16170280213|***.312.596-**|ANGELICA NATALIA DIAS|440.00
202403|21244497667|***.996.256-**|ANGELINA DAS NEVES|700.00
202403|12050159252|***.568.676-**|ANISIO LIBERATO DE JESUS|600.00
202403|20185214953|***.996.336-**|ANNA BARBARA DE OLIVEIRA IBIAPINA|800.00
202403|12475225205|***.185.896-**|ANNA PAULA MUZZI PEIXOTO|440.00
202403|20333484902|***.934.686-**|ANNE CAROLINE ARAUJO|750.00
202403|16036111070|***.637.916-**|ANNE CAROLINE DE ALMEIDA|255.00
202403|16124615968|***.855.986-**|ANNE ROSE DE SOUZA|600.00
202403|21208680651|***.398.893-**|ANTONIA DA SILVA FERREIRA|590.00
202403|12343853861|***.946.226-**|ANTONIA DO BOM SUCESSO DE OLIVEIRA|650.00
202403|12560084114|***.189.066-**|ANTONIA DOS ANJOS DO SACRAMENTO FERREIRA|650.00
202403|21238641115||ANTONIA FERRIERA MAGALHAES|600.00
202403|16170280876|***.096.376-**|ANTONIA LAURA GODOI|600.00
202403|16170281236|***.536.196-**|ANTONIA NAZARE DOS SANTOS|650.00
202403|12291352514||ANTONIO HENRIQUE DA ROCHA|600.00
202403|10851565899||ANTONIO JORGE DOS SANTOS|600.00
202403|12343852539|***.389.036-**|ANTONIO JOSE MAGALHAES|750.00
202403|12869093839||ANTONIO LUIS GUIMARAES TAVEIRA PINTO|600.00
202403|21406483518||ANTONIO LUIS MARTINS TAVEIRA PINTO|600.00
202403|12076934164||ANTONIO SEBASTIAO RIBEIRO|600.00
202403|12343853071|***.256.766-**|ANTONIO SERGIO DA COSTA|600.00
202403|20333488002|***.098.746-**|APARECIDA AQUINO RIBEIRO|950.00
202403|12419771976|***.321.696-**|APARECIDA CONCEICAO MARCELINA|650.00
202403|12640773129|***.977.896-**|APARECIDA DE FATIMA CLAUDIO SANTOS|380.00
202403|10873744583|***.462.436-**|APARECIDA DE FATIMA DOS SANTOS|600.00
202403|16001960721|***.303.076-**|APARECIDA HELENA OLIVEIRA SILVA|490.00
202403|20329621593|***.038.446-**|APARECIDA JUSTINA ROSA|600.00
202403|16036116048|***.232.526-**|APARECIDA MAMEDES DE ARAUJO|650.00
202403|13690061589||APARECIDA MARIA DA CRUZ|600.00
202403|16143699322|***.553.536-**|APARECIDA MARIA DOS SANTOS|850.00
202403|12511990050|***.008.216-**|APARECIDA MOREIRA AFONSO|440.00
202403|12679234113|***.821.096-**|APARECIDA MORETZSOHN MARTINS|600.00
202403|16055101921|***.370.286-**|APARECIDA PARANHOS|600.00
202403|16124616182|***.553.316-**|APARECIDA SILVESTRE COELHO|490.00
202403|20755086575|***.354.696-**|ARIANA APARECIDA DE ARAUJO|1092.00
202403|16105098546|***.541.276-**|ARIANA DO CARMO|540.00
202403|16147322932||ARIANA VILLACA CAMPOS CARVALHO|750.00
202403|20741164323||ARIANIA DOS SANTOS CHAVES|750.00
202403|19040693075|***.443.806-**|ARIANY FIGUEREDO|650.00
202403|20333486018|***.097.616-**|ARIEL MOURA DE OLIVEIRA|475.00
202403|16147323165|***.956.246-**|ARIELE OLAVIA DA SILVA|590.00
202403|16105099151|***.655.506-**|ARIELE RODRIGUES PESSOA|1060.00
202403|12881406116|***.116.946-**|ARIENE GOMES BARBOSA|950.00
202403|16156137875|***.290.676-**|ARISTANIA FERREIRA XAVIER|480.00
202403|12854266120|***.414.336-**|ARLETE DA PIEDADE MONTEIRO|650.00
202403|16036135077|***.673.086-**|ARLETE DE FATIMA SOARES|960.00
202403|16170290162|***.980.196-**|ARLETE FRANCISCA DUARTE|700.00
202403|20322744878|***.984.776-**|ARLETE SANDRIA ALMEIDA SOARES|325.00
202403|12732608116|***.450.346-**|ARLIENE DE LOURDES CARVALHO NASCIMENTO|650.00
202403|20755092494|***.118.366-**|ARQUILENE RIBEIRO GANDRA|1010.00
202403|16147325303||AXCELI RAISSA MARTINS PRATES|750.00
202403|15775917271|***.274.886-**|AYRA CRISTINA PEREIRA DIAS|375.00
202403|20997075761|***.218.256-**|BARBARA CRISTINA DA CRUZ|800.00
202403|20075284086||BARBARA DA SILVA BAHIA|900.00
202403|16149137733|***.487.795-**|BARBARA DE JESUS SILVA|750.00
202403|20646550289|***.431.426-**|BARBARA EMANUELLE DE OLIVEIRA TEIXEIRA MATOS|700.00
202403|21284430652||BARBARA KAROLINA DE SOUSA|750.00
202403|13241043664|***.920.476-**|BARBARA MARCELLA SILVESTRE|650.00
202403|21284424547||BARBARA REGINA DIAS|650.00
202403|16154322292|***.771.386-**|BARBARA STEFANY DE SOUSA GOMES|900.00
202403|16147325605||BEATRIZ ALMEIDA GERVASIO|1000.00
202403|21250351954|***.118.526-**|BEATRIZ DE OLIVEIRA|280.00
202403|20329626706|***.363.866-**|BEATRIZ DE SOUZA TEODORO|700.00
202403|21369409658||BEATRIZ MARIA ALVES DIAS|750.00
202403|16124619955|***.737.416-**|BEATRIZ MARTINS DOS SANTOS|750.00
202403|16126214103|***.999.876-**|BEATRIZ VILELA SILVA|1030.00
202403|16055125936||BEIBIANE PIEDADE DOS SANTOS|750.00
202403|20336196975|***.116.726-**|BETANIA DE FATIMA DOS SANTOS|1402.00
202403|16055132010|***.511.296-**|BIANCA DE CASTRO SILVA|1110.00
202403|21234249768|***.858.126-**|BIANCA DE OLIVEIRA BATISTA SILVA|750.00
202403|21200021969|***.328.166-**|BIANCA MARIA BATISTA FERREIRA|650.00
202403|20051310605|***.427.416-**|BIANCA ROSA DO ESPIRITO SANTO|800.00
202403|16170294370|***.740.466-**|BIANCA STEFANY CHAVES|750.00
202403|20396213361||BLENDA NAZARE PRAZERES|616.00
202403|16124621348|***.963.086-**|BLIELLY DE SOUZA SILVA|750.00
202403|20755103860|***.959.346-**|BLIENY DE SOUZA SILVA|750.00
202403|16127824487|***.656.966-**|BRADLEY FERREIRA RODRIGUES BRITO|600.00
202403|20396217812||BRENDA ALICE MELO FURTADO|750.00
202403|14546952402|***.382.836-**|BRENDA DIAS GOMES COSTA|450.00
202403|20322725458||BRENDA GLEICE DOS SANTOS|600.00
202403|20693645916|***.204.196-**|BRENDA HELLEN CANDIDO|1202.00
202403|20322736263|***.971.076-**|BRENDA PEIXOTO DUARTE|490.00
202403|16143716340|***.999.896-**|BRUNA APARECIDA LIMA MENDES|700.00
202403|16104785698|***.796.146-**|BRUNA CRISTINA DA SILVA DOMINGOS|1050.00
202403|16124621895||BRUNA FERREIRA COUTO|950.00
202403|20755084718|***.676.076-**|BRUNA FONTANA DIAS|280.00
202403|16055137403|***.757.556-**|BRUNA GRAZIELE DE PAULA PIRES|700.00
202403|20330142687||BRUNA KARINE DOS SANTOS|590.00
202403|20322723048|***.077.856-**|BRUNA MARA ALVES LIMA|375.00
202403|16147327020|***.831.756-**|BRUNA NAYARA DE AQUINO DA SILVA|776.00
202403|13067624121|***.888.786-**|BRUNA RAFAELA FERREIRA DOS SANTOS|355.00
202403|16118499846|***.179.026-**|BRUNA TIAGO DE OLIVEIRA|425.00
202403|16030678443|***.461.596-**|BRUNA VIEIRA DOS SANTOS SOUZA|1142.00
202403|20755092427||BRUNO MARTUCHELLI DOS SANTOS|800.00
202403|16190878661|***.428.056-**|CACILDA APARECIDA FERREIRA|750.00
202403|16480647158|***.899.986-**|CACILDA CRISTINA SOARES DA SILVA|600.00
202403|12762704091|***.451.276-**|CACILDA DA SILVA|650.00
202403|16235247428|***.954.226-**|CAIO HENRIQUE SOUZA VALADARES|750.00
202403|20944288302|***.912.356-**|CAMILA APARECIDA BRAGA REIS|1484.00
202403|20329629667||CAMILA CONCEICAO CORREIA|976.00
202403|16205548047|***.140.436-**|CAMILA CRISTINA PIEDADE SANTOS|350.00
202403|16211625058|***.187.326-**|CAMILA DANIELE DE MOURA ELIAS|650.00
202403|16306416316|***.741.656-**|CAMILA DUARTE DE SOUZA|375.00
202403|20336199044|***.461.766-**|CAMILA FERNANDA PEREIRA DOS REIS|910.00
202403|16235258616|***.953.846-**|CAMILA JOANA SOUZA VALADARES|255.00
202403|16212004480|***.043.646-**|CAMILA MARIA RODRIGUES|600.00
202403|16209893296|***.459.556-**|CAMILA MICHELLE FERREIRA|984.00
202403|16299637766|***.678.446-**|CAMILA MOURA DE OLIVEIRA DIAS|800.00
202403|16205545676|***.770.596-**|CAMILA NAYARA DO CARMO RIDOLFI|230.00
202403|21328107088||CAMILA RENATA MORAIS SANTOS|750.00
202403|16303293787|***.790.026-**|CAMILA SANTANA VIEIRA SILVA|768.00
202403|16212004545|***.397.616-**|CAMILA TEREZA RODRIGUES|800.00
202403|16315657665|***.131.876-**|CAMILE VICTORIA PONCIANO CARNEIRO DA SILVA|600.00
202403|23823824135||CAMILY RODRIGUES PINTO|750.00
202403|16308719340|***.757.506-**|CAMYLE EMYLAINE DA CRUZ SILVA|375.00
202403|13924987245||CAMYLE VITORIA DOS SANTOS|750.00
202403|20729429118|***.409.796-**|CARINA SOARES NETTO|650.00
202403|12636109104|***.924.386-**|CARLA CRISTIANE GUERRA|524.00
202403|16451303683|***.589.216-**|CARLA CRISTINA FERNANDES|640.00
202403|16471705558|***.935.996-**|CARLA CRISTINA MUNIZ RODRIGUES|750.00
202403|12456014458|***.649.556-**|CARLA LOPES BARRETO|430.00
202403|12688500092||CARLOS ALBERTO TALABAR PINTO|600.00
202403|20336197262|***.689.236-**|CARLOS BETO DOS SANTOS|600.00
202403|20161746211||CARLOS HERMES DA SILVA|300.00
202403|12168184064|***.627.816-**|CARLOS ROBERTO MARQUES|600.00
202403|12352474762|***.806.966-**|CARLOS ROBERTO SOARES|600.00
202403|16487636860|***.913.696-**|CARMEM LUCIA MARIA DO NASCIMENTO SANTOS|750.00
202403|16434652934|***.528.096-**|CARMITA MOREIRA DE OLIVEIRA|501.00
202403|16253208188|***.991.206-**|CAROLAYNE RANALHA DOS REIS|750.00
202403|16407296863|***.457.326-**|CAROLINA DOS SANTOS CALADO|650.00
202403|20335270586|***.881.646-**|CAROLINA MERCES LEOCADIO|750.00
202403|16473177206|***.071.016-**|CAROLINE GABRIELLE EVANGELISTA SANTOS|950.00
202403|12729679091|***.746.466-**|CASSANDRA DA SILVA SANTOS|700.00
202403|20133744854||CASSIA ALMEIDA FERREIRA|600.00
202403|19018276750||CASSIA ANTONIA BARNABE|900.00
202403|12471656074|***.581.726-**|CASSIA REIS VIEIRA|650.00
202403|20329618614|***.571.756-**|CASSILAINE ROSARIA DA FONSECA|551.00
202403|12605901124|***.658.186-**|CASSIUS SANTOS LIMA|490.00
202403|20330145422|***.904.986-**|CATIA CONCEICAO ALVES DA LUZ|650.00
202403|16466807550|***.633.486-**|CATIA DA SILVA FREITAS SANTOS|600.00
202403|20362544330|***.603.946-**|CECILIA ALVES SAMPAIO|490.00
202403|16654968728|***.112.507-**|CELIA EVANGIL SANTOS DO NASCIMENTO|800.00
202403|20161746300||CELIA FERREIRA GOMES|325.00
202403|16620899162|***.599.126-**|CELIA MAGELA DOS SANTOS GARCIA|400.00
202403|12664082274|***.193.676-**|CELSO JOSE FERREIRA ARAUJO|600.00
202403|12714006126||CHEILA RITA DE SOUZA|600.00
202403|16650489477|***.729.766-**|CHIRLEI APARECIDA BARROSO|650.00
202403|12908471118|***.797.566-**|CHIRLENE SOARES BRAGA|800.00
202403|16210121994|***.336.186-**|CHRIS STEFANINI DE OLIVEIRA ARAUJO|800.00
202403|16473519891|***.241.156-**|CHRISTIANE BONSUCESSO FONTANA BARREIROS|860.00
202403|16212076198|***.726.416-**|CHRISTIELLE SILVA MOREIRA|640.00
202403|16212076368|***.726.406-**|CHRISTIENNE SILVA MOREIRA|640.00
202403|20086005922|***.530.106-**|CHRISTINA MARIA DA ROCHA|650.00
202403|16582673204|***.585.796-**|CIBELE BARBOSA RODRIGUES|505.00
202403|12868371096|***.794.716-**|CIBELE SUDARIO DE OLIVEIRA|501.00
202403|16561612338|***.827.766-**|CILMARA MARCIA MAGALHAES|960.00
202403|12668139130||CINTHIA CONCEICAO GONCALVES|600.00
202403|12878861118|***.819.396-**|CINTIA APARECIDA DOS SANTOS|650.00
202403|20755098417|***.202.926-**|CINTIA BERNADET DA SILVA|850.00
202403|12785485132|***.860.196-**|CINTIA CRISTINA LIMA|700.00
202403|20755091811|***.365.986-**|CINTIA DAS GRACAS PORTO|850.00
202403|12944454090|***.659.926-**|CINTIA ELISA TEIXEIRA LIMA|650.00
202403|12840133093|***.632.946-**|CINTIA MARIA SANTOS AZEVEDO|650.00
202403|21390828575||CIRILO XISTO FERREIRA|600.00
202403|20755079889|***.265.996-**|CLARICE EDUARDA OLIVEIRA SANTOS|1050.00
202403|12398966277|***.360.276-**|CLAUDIA APARECIDA ALVES OLIMPIO PINTO|490.00
202403|16205595401|***.663.876-**|CLAUDIA APARECIDA GONCALVES|700.00
202403|12707017134|***.798.676-**|CLAUDIA DAS GRACAS CHAGAS|600.00
202403|16501747970|***.326.456-**|CLAUDIA DE OLIVEIRA|325.00
202403|20443664972|***.011.586-**|CLAUDIA LUIZA DOS SANTOS JOAO|800.00
202403|16406470681|***.055.686-**|CLAUDIA MARIA APARECIDA SILVA DO ESPIRITO SANTO|700.00
202403|21041212439|***.893.266-**|CLAUDIA MARIA FRAGA DOS SANTOS|900.00
202403|12128278742|***.432.406-**|CLAUDIA MONTEIRO GONCALVES|300.00
202403|20917221626|***.859.886-**|CLAUDIA NASCIMENTO MATEUS|600.00
202403|12673820126|***.716.216-**|CLAUDIA PIEDADE DA SILVA|700.00
202403|16473196472|***.042.606-**|CLAUDIANA APARECIDA EVANGELISTA|650.00
202403|16445043748|***.118.736-**|CLAUDIANA LUCIA MAIA DOS SANTOS|526.00
202403|20659432425|***.428.806-**|CLAUDIANA MONTEIRO DE SAO MIGUEL|590.00
202403|20923813599|***.366.786-**|CLAUDIANE DOS SANTOS|850.00
202403|13073308104|***.133.136-**|CLAUDIANE NAZARE DIAS|325.00
202403|20312906298|***.281.486-**|CLAUDICEIA DO NASCIMENTO GOMES|600.00
202403|22808267478|***.698.586-**|CLAUDIENE CRISTINA SOARES|600.00
202403|23682060703|***.853.186-**|CLAUDIENE MARIANA DA CRUZ SILVA|1110.00
202403|20627329009|***.334.326-**|CLAUDILAINE MICHELLE LEITE COSTA|650.00
202403|16426675483|***.055.296-**|CLAUDILENE DE OLIVEIRA ROSA|425.00
202403|12419769505|***.830.006-**|CLAUDILENE MARIA OLIVEIRA|430.00
202403|16409679921|***.809.086-**|CLAUDILENE MORAIS DOS SANTOS|750.00
202403|13029360090|***.308.496-**|CLAUDIMAR DO CARMO MARTINS|440.00
202403|12672983099|***.693.776-**|CLAUDIMEIRE SILVA ASSIS|300.00
202403|12679944102|***.387.926-**|CLAUDINEIA ALVES DOS SANTOS|300.00
202403|16445044272|***.852.216-**|CLAUDINEIA APARECIDA DE ARAUJO|650.00
202403|16418563485|***.342.136-**|CLAUDINEIA APARECIDA DE PAULA|650.00
202403|16411101605|***.245.066-**|CLAUDINEIA DA SILVA NASCIMENTO|1002.00
202403|12338844337|***.633.416-**|CLAUDIO MARINO ALVES|600.00
202403|12652539096|***.861.906-**|CLAUDIO MENEZES DE OLIVEIRA SANTOS|600.00
202403|12370688426|***.261.686-**|CLAUDIO SILVINO DA SILVA|300.00
202403|10728036166||CLAUDIONOR GOMES PEREIRA|600.00
202403|16480663439|***.278.806-**|CLAUDIOVANA DA SILVA|600.00
202403|12935358092||CLEBER DE ALENCAR ANDRE|600.00
202403|16458366931||CLEBER DO CARMO ARAUJO|650.00
202403|20322740333|***.497.756-**|CLEIDE DA SILVA FREITAS|600.00
202403|16407064253|***.156.086-**|CLEIDELANE PEREIRA ALVES|700.00
202403|16471462930|***.211.936-**|CLEIDIANE APARECIDA MARTINS|650.00
202403|20056894664|***.898.564-**|CLEIDIANE BEZERRA DA SILVA|750.00
202403|16212055808|***.462.856-**|CLEIDIANE MARIA DOS SANTOS|800.00
202403|13039925120|***.715.036-**|CLEIDINERIA DA ASSUNCAO PINTO QUEIROZ|405.00
202403|13442153475|***.263.736-**|CLEONICE BATISTA DO NASCIMENTO|650.00
202403|20161745258|***.369.586-**|CLERIA LUCILENE ANDRE|960.00
202403|16407329257|***.773.986-**|CLERICE RODRIGUES CONCEICAO ASSIS|350.00
202403|16420557276|***.071.946-**|CLEUNICE INES ALVES|255.00
202403|20396215437|***.988.156-**|CLEUSA ALVES MACIEL|350.00
202403|20923810395|***.047.816-**|CLEUZA DA SILVA|600.00
202403|16408201890|***.458.516-**|CLEUZA DA SILVA FRANCISCO|490.00
202403|20330141486|***.979.166-**|CLEUZA DO NASCIMENTO LOPES HOMEM|600.00
202403|12282689633|***.834.277-**|CLEUZA LUZIA COELHO DINIZ|790.00
202403|16407332150|***.272.186-**|CLISSIA DA SILVA ALMEIDA|800.00
202403|20333481873|***.851.656-**|CONCEICAO DA PIEDADE SOARES DA CRUZ|325.00
202403|17043254076|***.150.806-**|CONCEICAO DE FREITAS|650.00
202403|10851662738|***.261.316-**|CONCEICAO DONATA DUARTE|455.00
202403|20333482888|***.863.476-**|CONCEICAO EMILIA ROSA|650.00
202403|16212066346|***.318.846-**|CONCEICAO IVETE PEREIRA SANTOS|800.00
202403|12659517136|***.830.246-**|COSME DAMIAO DOS SANTOS FILHO|440.00
202403|16212067857|***.088.696-**|CREONE CELIA CANDIDO SEVIRINO|600.00
202403|20396220562|***.041.266-**|CREUZA APARECIDA DE SENA|600.00
202403|16210092250|***.809.806-**|CREUZA SILVESTRE DA COSTA FREITAS|300.00
202403|20322728201|***.561.716-**|CRISLAINY ALEME NEPOMUCENO|750.00
202403|16471728256||CRISTAL RAYANE MARINHO|450.00
202403|21434120009||CRISTIANA DA SILVA SOARES|650.00
202403|20629629549|***.453.606-**|CRISTIANA MARIA DA SILVA AMARO|900.00
202403|16210099697|***.904.646-**|CRISTIANA SILVA DE ABREU|1302.00
202403|20755099006|***.361.056-**|CRISTIANE APARECIDA DE OLIVEIRA FERREIRA|650.00
202403|20755089272|***.454.366-**|CRISTIANE APARECIDA JORGE DE MOURA|325.00
202403|20333488746|***.264.486-**|CRISTIANE APARECIDA JULIA|850.00
202403|16471464682|***.734.696-**|CRISTIANE APARECIDA MIGUEL|490.00
202403|16470905278|***.931.846-**|CRISTIANE CRISTINA DE SOUZA|700.00
202403|12647161099|***.001.736-**|CRISTIANE DA SILVA COSTA|325.00
202403|16407077681|***.978.846-**|CRISTIANE DAS DORES SANTOS|1050.00
202403|16423858226|***.208.326-**|CRISTIANE MARIA APARECIDA DE ANDRADE|650.00
202403|16407339015|***.069.286-**|CRISTIANE OLIVEIRA DE ASSIS SANTOS|750.00
202403|20329632544|***.575.286-**|CRISTIANE OLIVEIRA FERNANDES|650.00
202403|12669070118|***.476.136-**|CRISTIANE REGINA DO COUTO|700.00
202403|12710903123|***.459.636-**|CRISTIANE REGINA PACHECO|600.00
202403|21030033791|***.597.616-**|CRISTIANE SANTOS SILVA|700.00
202403|16471464739|***.728.356-**|CRISTIANE VIEIRA BARBOSA|650.00
202403|16448717146|***.380.156-**|CRISTIANE VILMA DA SILVA|650.00
202403|16212076392|***.162.576-**|CRISTILAINE DE CASSIA TEIXEIRA MACIEL|325.00
202403|16481018286|***.610.136-**|CRISTINA ANGELINA VELOSO PEREIRA|600.00
202403|20329616581|***.668.336-**|CRISTINA DOS SANTOS REIS SILVA|490.00
202403|16445055487|***.119.316-**|CRISTINA FERNANDA DOS SANTOS SILVA|400.00
202403|13059151112||CRISTINA LOURDES DE MORAES|650.00
202403|12622027100||CRISTINA MARCIA DO BONSUCESSO COSTA|650.00
202403|20329634458|***.287.666-**|CRISTINA MARCIA OLAVIO SANTOS|650.00
202403|16212076996|***.063.706-**|CRISTINA RAMOS DE LIMA|350.00
202403|12715595117|***.567.276-**|CRISTINA VIEIRA RODRIGUES|750.00
202403|10885515517||CUSTODIO DA SILVA FILHO|600.00
202403|20626439277|***.157.076-**|DA DARK DUARTE SILVA|650.00
202403|16108578980||DAFNE LUIZA FELIX DE ALMEIDA|750.00
202403|12647396118|***.871.736-**|DAGMA FRANCISCA COSTA|650.00
202403|20329623855|***.927.496-**|DAIANA APARECIDA DA CRUZ|690.00
202403|16055147085|***.729.146-**|DAIANA CRISTINA SILVA|280.00
202403|16055147387|***.949.536-**|DAIANA FATIMA DE SOUZA|455.00
202403|21226641018|***.037.976-**|DAIANA SARA SILVA|800.00
202403|16055147328|***.855.326-**|DAIANA STHEFANI DA SILVEIRA|650.00
202403|16022673519|***.506.636-**|DAIANE BATISTA SILVA|700.00
202403|21380288632||DAIANE CRISTINA REIS|650.00
202403|21280617391|***.443.156-**|DAIANE FERREIRA ARAUJO|480.00
202403|21209049599|***.466.336-**|DAIANE MAIARA LORENE DOS SANTOS|1594.00
202403|16055148480|***.470.136-**|DAIANE MARRY GONCALVES|750.00
202403|16113945708|***.903.836-**|DAIANE MOREIRA DE SOUZA|640.00
202403|20086006902|***.303.196-**|DAIANE PEDROSA VIANA|650.00
202403|16122620204|***.890.796-**|DAIANE SABRINE DOS SANTOS|1010.00
202403|16030274393|***.324.146-**|DAIANE SOUZA DA SILVA|750.00
202403|20651829032|***.856.576-**|DAIANE XAVIER DE ALMEIDA|650.00
202403|16106268453|***.714.386-**|DAIELY CRISTINA DA SILVA|230.00
202403|12971948376|***.343.358-**|DALIANA FERNANDA CAMARGO|910.00
202403|16055155126|***.050.396-**|DALILA CLAUDIA POLONIA DOS SANTOS|716.00
202403|20185218320|***.763.506-**|DALILA CORREA LUCIANO|750.00
202403|16108587483|***.673.656-**|DALILA GOMES SIMAO|750.00
202403|16030706528||DANIEL DOS SANTOS CARMO|800.00
202403|20340322130||DANIEL RODRIGUES FERREIRA|600.00
202403|21350735614||DANIELA APARECIDA DA SILVA|650.00
202403|16108592436|***.735.956-**|DANIELA CRISTINA NICOLAU|850.00
202403|23889576296|***.430.196-**|DANIELA DA PIEDADE SIQUEIRA|900.00
202403|20038128238|***.280.736-**|DANIELA DE ARAUJO CUNHA|1344.00
202403|13083589122|***.151.446-**|DANIELA DE FREITAS MONCAO|650.00
202403|16126112548|***.577.256-**|DANIELA DIAS PEREIRA DOS SANTOS|640.00
202403|16124623928|***.473.886-**|DANIELA DOS SANTOS|600.00
202403|16149226817|***.399.046-**|DANIELA FERREIRA ROCHA|640.00
202403|16055158931|***.473.056-**|DANIELA VIEIRA DOS SANTOS|540.00
202403|16124624061|***.956.426-**|DANIELE ALBUQUERQUE DIAS|750.00
202403|20329639069|***.838.606-**|DANIELE BATISTA DOS SANTOS|800.00
202403|20329636957|***.347.766-**|DANIELE DE PAULA SILVA|690.00
202403|21201183628|***.487.326-**|DANIELE MARCIA RODRIGUES BERNARDO|650.00
202403|16105146338||DANIELE NAIARA BATISTA|1050.00
202403|20396217669|***.373.576-**|DANIELE PEREIRA NASCIMENTO SILVA|766.00
202403|23863387321||DANIELE VITORIA GUALBERTO SILVA|750.00
202403|20336194492|***.001.056-**|DANIELI APARECIDA DOS SANTOS|800.00
202403|12855259101|***.687.496-**|DANIELLA DE FATIMA CARVALHO|700.00
202403|20339634078|***.382.746-**|DANIELLE ALINE ARAUJO|1110.00
202403|21231587530|***.664.486-**|DANIELLE IOLANDA ALVES DOS SANTOS|440.00
202403|20322739580|***.771.756-**|DANNIRIS MONTEIRO DA COSTA|300.00
202403|12975103125|***.574.366-**|DANUBIA MARIA DE OLIVEIRA|700.00
202403|14873707559|***.683.646-**|DAPHINE STERFANINE PEREIRA|650.00
202403|20646550556|***.832.966-**|DARA MARQUES DA SILVA CIRINO|1260.00
202403|21201194654|***.645.356-**|DARLENE CRISTINA DA LUZ|650.00
202403|20755090653|***.286.286-**|DAYANA APARECIDA COSTA ARAUJO|700.00
202403|19046236385||DAYANA CRISTINA ATANAZIA DIAS|800.00
202403|20396217588|***.275.096-**|DAYANA DEYVIS BATISTA|750.00
202403|16036249129|***.757.666-**|DAYANA FLAVIA PINTO|325.00
202403|21041627108|***.949.966-**|DAYANE APARECIDA ANDRE|325.00
202403|16170025744||DAYANE MARA SOUZA DA SILVA|900.00
202403|16030691261|***.818.696-**|DAYANE ROSE DOS SANTOS|1110.00
202403|20322722254|***.677.436-**|DEA IZAIAS GOMES|363.00
202403|16147332091|***.166.556-**|DEBORA CRISTINA DA SILVA TELESFORO|375.00
202403|16147332016||DEBORA CRISTINE DA CRUZ SANTOS|330.00
202403|20322730443|***.775.646-**|DEBORA DA CONCEICAO RODRIGUES|650.00
202403|16017233077|***.876.036-**|DEBORA DA SILVA VIANA|455.00
202403|20923814919|***.810.976-**|DEBORA DALIANA MOREIRA|800.00
202403|13414802073||DEBORA DE JESUS ROSA|1160.00
202403|16055181240|***.448.706-**|DEBORA DUARTE PEREIRA|640.00
202403|16108619555|***.599.476-**|DEBORA ESTEVAM ROSA|800.00
202403|21427873285||DEBORA INACIO CANDIDA DOS SANTOS|650.00
202403|16036349409|***.709.706-**|DEBORA MARIA DE PAULA|1060.00
202403|16159156250|***.529.146-**|DEBORA MARTUCHELLI DOS SANTOS|750.00
202403|14224290975||DEBORAH VITORIA DA SILVA GOMES|375.00
202403|16055185955|***.156.116-**|DEISIANE STHEFANY DE JESUS|650.00
202403|20088263171||DEIZIELA NATAN SOARES|800.00
202403|12643456132|***.003.726-**|DELIA APARECIDA RIBEIRO MARQUES SCHINCAGLIA|350.00
202403|20396219939|***.096.746-**|DELIANE OLIVEIRA SILVA FARIAS|690.00
202403|20648657056||DENIS PINHEIRO MAURICIO|600.00
202403|12681331112|***.990.416-**|DENISE DE LOURDES HERCULANO|600.00
202403|20333489203|***.303.186-**|DENISE DE OLIVEIRA BARBOSA BATISTA|700.00
202403|12291352433|***.538.676-**|DENISE IVONE SOARES|600.00
202403|21030846784||DENISE MARIA DE ALMEIDA|375.00
202403|16030735064|***.396.736-**|DERLIAN DE SOUZA PEREIRA|650.00
202403|20351030799|***.386.336-**|DEVANIR MARIA DA SILVA|600.00
202403|20329627753|***.746.026-**|DEYNEFFER DYULIA FERNANDES DOS SANTOS|600.00
202403|13017181234||DEYSE MARRY DO CARMO SOARES|900.00
202403|12775525107|***.925.346-**|DIANA CARVALHO DE OLIVEIRA|750.00
202403|20755099022|***.974.956-**|DIEGO MARCIANO MOREIRA SILVA|325.00
202403|12938903113||DIEISON RONDINELY DE OLIVEIRA|800.00
202403|16143742503|***.374.406-**|DIENE CRISTINA DE ARAUJO|600.00
202403|21212119721|***.036.886-**|DIENIFER DAFINY MARQUES DE LIMA|750.00
202403|20329618320|***.487.586-**|DIENIFER DIANA DE LOURDES PROCOPIO|350.00
202403|16106373869|***.950.296-**|DIESSICA KAROLAINE DA SILVA SOUZA|650.00
202403|16055210356|***.848.146-**|DILMA APARECIDA CUSTODIO|600.00
202403|16103835217|***.131.926-**|DILMA MARIA DE MORAIS MOREIRA|1052.00
202403|10888623337|***.986.266-**|DIONER ALVES DA SILVA|600.00
202403|20396220058|***.372.266-**|DIRLENE APARECIDA DOS SANTOS|650.00
202403|20322731008|***.886.726-**|DIULIA RAFAELA ALMEIDA|300.00
202403|12031987862||DIVINO NERIS DOS SANTOS|600.00
202403|16147335007|***.623.526-**|DOMINGOS SAVIO DOS SANTOS|600.00
202403|12312315752|***.897.176-**|DONIZETE TORRES DOS ANJOS|440.00
202403|12707146139|***.011.876-**|DORA MARIA GONCALVES|650.00
202403|20755084734|***.630.636-**|DRIELE DEVENIR FERREIRA LOPES|750.00
202403|21245288964|***.373.776-**|DRIELY APARECIDA DE PAULA BRAZ|490.00
202403|20336199486|***.541.746-**|DULAMAR QUEIROZ GONCALVES|490.00
202403|16104834869|***.350.156-**|DULCILENE SOARES|590.00
202403|21358111415||DURYIS COROMOTO ROMERO LOPEZ|650.00
202403|12366495090||EDER EXPEDITO LOPES FILHO|600.00
202403|16147336062|***.826.036-**|EDERSON RIBEIRO DA SILVA|600.00
202403|16124631742|***.699.466-**|EDIANE APARECIDA DE OLIVEIRA|325.00
202403|16106435988|***.530.956-**|EDILENE MARCIA DE AQUINO SILVA|650.00
202403|16030776380|***.452.536-**|EDILENE NEVES DE SOUZA|300.00
202403|13078377112||EDILENE PEREIRA COSTA ASSIS|800.00
202403|21201238120|***.451.476-**|EDILEUSA NEVES DE SOUZA ANDRADE|650.00
202403|13021289125|***.445.126-**|EDILEUZA JOZELIA TORRES CALIXTO|540.00
202403|21219086713|***.695.286-**|EDIMEIA ARAUJO|300.00
202403|20923811820|***.251.406-**|EDINA AUGUSTA TEIXEIRA|600.00
202403|19010420194||EDINOLIA RODRIGUES DE OLIVEIRA|750.00
202403|20476228365|***.916.576-**|EDIRLENE DE LOURDES MERCES TERRINHA GONCALVES|700.00
202403|20351706172|***.282.336-**|EDITE RAQUEL ALVES|600.00
202403|21344371770||EDNA APARECIDA QUEIROGA|350.00
202403|21209083797|***.614.656-**|EDNA CRISTINA DA SILVA FONSECA|576.00
202403|21243913527|***.636.276-**|EDNA MARTA DA CONCEICAO|300.00
202403|16106456845|***.299.386-**|EDNEA APARECIDA APOS|600.00
202403|16015819023|***.304.576-**|EDNEIA AGUIDA DIAS|960.00
202403|12941440137|***.328.196-**|EDSON RODRIGUES LIMA|650.00
202403|16170312662|***.052.996-**|EDUARDA STHEFANY FELIX ALMEIDA|325.00
202403|12840421110|***.284.836-**|EDUARDO FONSECA SOUZA|600.00
202403|16143755265|***.902.296-**|EDYRLENE GUEDES DA SILVA OLIVEIRA|600.00
202403|20351034271|***.739.326-**|ELAINE CRISTINA NASCIMENTO|650.00
202403|12727327139|***.150.966-**|ELAINE CRISTINA SILVA SOUZA|600.00
202403|16124635063|***.727.766-**|ELAINE DA SILVA FREITAS|325.00
202403|21201824070|***.532.876-**|ELAINE DE SOUZA PEDROSA|255.00
202403|20333485240|***.187.536-**|ELAINE MARCIA DA SILVA|650.00
202403|16124635020|***.571.876-**|ELAINE MARIA DOS SANTOS|300.00
202403|16030803183|***.557.076-**|ELAINE MARTINS DA SILVA|600.00
202403|16104859365|***.800.195-**|ELANE ARNACIEL COSTA|800.00
202403|20655854929||ELEN RODRIGUES EVANGELISTA|800.00
202403|13033078108|***.130.366-**|ELENI GOMES PEREIRA|230.00
202403|16125357296|***.021.946-**|ELENICE APARECIDA ALVES|800.00
202403|20322731865|***.228.096-**|ELENICE APARECIDA FERREIRA|700.00
202403|12168184188|***.879.126-**|ELENICE DIAS SOARES|600.00
202403|20097069552|***.085.346-**|ELENILDE TOMAZ DOS SANTOS|325.00
202403|10851662762|***.209.876-**|ELENIMAR DA SILVA OLIVEIRA|600.00
202403|20322722637|***.308.866-**|ELIANA APARECIDA DOS SANTOS|600.00
202403|20045740717|***.627.276-**|ELIANA DE FATIMA BRANDAO|600.00
202403|21257404999|***.175.586-**|ELIANA DIAS CIQUEIRA|450.00
202403|12547891656||ELIANA MARIA NAZARET GOMES|650.00
202403|20329616573|***.584.826-**|ELIANA RODRIGUES DOS REIS|350.00
202403|21201269085|***.244.086-**|ELIANE ANTONIA DA COSTA|860.00
202403|12895614107|***.753.186-**|ELIANE DA ROCHA PEREIRA|341.00
202403|12856204130|***.928.126-**|ELIANE FATIMA DOS ANJOS|501.00
202403|23653458443|***.262.476-**|ELIANE FERREIRA MARTINS|1160.00
202403|21201270326|***.901.146-**|ELIANE FRANCELINA DA SILVA|1160.00
202403|20755089779|***.831.766-**|ELIANE LOURDES DOS REIS|700.00
202403|16055263190|***.884.746-**|ELIANE MARIA DE SOUZA|1010.00
202403|20322741100|***.213.396-**|ELIANE VIEIRA DA COSTA|650.00
202403|16105698187|***.668.466-**|ELIENE DOS SANTOS SEVERIANO MARCELINO|1000.00
202403|12883847128|***.602.796-**|ELIENE LINA DE ALMEIDA|650.00
202403|12833320118|***.464.816-**|ELIENE MAIA|400.00
202403|21324326885||ELIETE PEDRO RODRIGUES|600.00
202403|12352474827|***.255.026-**|ELIETE PEDROSA VIANA|600.00
202403|16030829417|***.705.396-**|ELIS REGINA COELHO|900.00
202403|13082128113|***.549.986-**|ELISANGELA ANTONIA NUNES|1202.00
202403|16124638585|***.248.556-**|ELISANGELA APARECIDA MARTINS|510.00
202403|12523915377||ELISANGELA APARECIDA SILVA|650.00
202403|21076509179|***.932.041-**|ELISANGELA DA CONCEICAO LIMA|650.00
202403|16147342003|***.101.336-**|ELISANGELA DE ASSIS CUSTODIO VIEIRA|700.00
202403|20336201316|***.495.146-**|ELISANGELA MARIA ANSELMO|800.00
202403|15162987216||ELISANGELA MARIA DIAS DE SOUZA|650.00
202403|16104555447||ELISANGELA PRISCILA MATIAS FERNANDES|540.00
202403|21222402485|***.621.606-**|ELISEIA MIQUELINA LISBOA|1010.00
202403|20755082111|***.365.506-**|ELIZA OLIVEIRA DO CARMO|330.00
202403|16055275962|***.400.446-**|ELIZABETE ALVES SAMPAIO|400.00
202403|20396217294|***.825.476-**|ELIZABETE DA CONCEICAO MARQUES ELIAS|325.00
202403|21279081920||ELIZABETH CRISTINA TEIXEIRA AUGUSTO|750.00
202403|16143771430|***.323.286-**|ELIZABETH DE SOUZA CABRAL SILVA|350.00
202403|12270891386|***.269.056-**|ELIZABETH DOMINGOS|600.00
202403|21344865072||ELIZABETH FELIX DE OLIVEIRA|600.00
202403|20329627842|***.507.496-**|ELIZANGELA DA CONCEICAO DE SOUZA FERNANDES|650.00
202403|23717867616|***.169.326-**|ELIZANGELA DA PIEDADE SOARES|650.00
202403|16104879129|***.034.636-**|ELIZENE DE LOURDES LUCIANO|490.00
202403|21336778964||ELIZETE AFONSO ROSA|600.00
202403|16055280745|***.851.766-**|ELIZETE LUCIANO|800.00
202403|20985823938|***.505.626-**|ELIZIA ANTONIA MATEUS|600.00
202403|20052485182|***.117.336-**|ELLEN MARIA COELHO FERREIRA|650.00
202403|21202445189|***.960.476-**|ELMA RIBEIRO DA SILVA|600.00
202403|12282383755|***.522.656-**|ELZA DE JESUS DA CONCEICAO|600.00
202403|12751750100|***.466.066-**|ELZA GOMES BARBOZA|800.00
202403|20660650899|***.516.316-**|ELZA IMACULADA FERNANDES|650.00
202403|20336202932|***.622.936-**|ELZA VICENTINA CANDIDO|600.00
202403|12886798136|***.221.076-**|EMANUELE ROCHA SOARES|1002.00
202403|21200040955|***.746.176-**|EMANUELLY REGINA BARBOSA DOS SANTOS|750.00
202403|16106588679|***.105.346-**|EMERSON CASSIMIRO DE AQUINO|650.00
202403|23799752400|***.966.006-**|EMERSON MARTINS DA SILVA|440.00
202403|20135470336|***.025.736-**|EMILENE PEREIRA DO CARMO|1344.00
202403|21204369692|***.649.336-**|EMILIN BRENA DOS SANTOS|375.00
202403|16143777110|***.840.426-**|EMILLY APARECIDA AGANETTI|750.00
202403|16153546634|***.783.226-**|ENI FRANCISCA DUARTE|700.00
202403|16104584218|***.305.276-**|ERICA APARECIDA MATIAS FERNANDES|950.00
202403|16006828953|***.712.616-**|ERICA BARBOSA DE ALMEIDA|850.00
202403|20329614546|***.606.826-**|ERICA FABIANA PINTO|590.00
202403|12799363115|***.263.906-**|ERICA MARA DAS DORES SIRIO|750.00
202403|16105259094|***.196.506-**|ERICA MARQUES DA SILVA|325.00
202403|16122814661||ERICA REGINA SOARES DA SILVA|700.00
202403|21227732440|***.264.055-**|ERICA SANTOS OLIVEIRA|560.00
202403|20322724990||ERIK HENRIQUE SOUZA SILVA|600.00
202403|16055293049|***.720.686-**|ERIKA APARECIDA DAIANA FERREIRA|800.00
202403|16147344731|***.749.306-**|ERIKA APARECIDA DE OLIVEIRA|710.00
202403|16057475357|***.273.936-**|ERIKA DE JESUS DA SILVA|590.00
202403|20755087741|***.167.696-**|ERIKA MERCEDES DOS SANTOS|375.00
202403|20962938119|***.750.273-**|ERILENE GONCALVES DOS SANTOS|690.00
202403|13003016104|***.112.056-**|ERLANDE DA PIEDADE FERREIRA|540.00
202403|20322734732||ESPEDITO MOREIRA FERREIRA|600.00
202403|16297078360|***.593.426-**|ESTEFANE DUARTE PEREIRA|900.00
202403|16281024649|***.722.736-**|ESTER MIRIAN DE OLIVEIRA BARBOSA|750.00
202403|16320435713||ESTER VITORIA DOS SANTOS|850.00
202403|16158440427|***.920.996-**|EUFRASIA APOLONIA FERREIRA|490.00
202403|21201312371|***.140.576-**|EULALIA MARIA DA SILVA|650.00
202403|20322727922||EUNICE ESTELA BARBOSA FERREIRA|300.00
202403|16119303457|***.814.487-**|EVA DE MORAES SILVA|600.00
202403|14018014828||EVA GONCALVES DE CASTRO|600.00
202403|20923813467|***.334.676-**|EVA MARTA AGUSTINHO|650.00
202403|12312921873|***.478.136-**|EVA NAZARE DAS MERCES|650.00
202403|13077801123|***.025.756-**|EVA NILMA DA SILVA|650.00
202403|20997081192|***.977.706-**|EVA PEREIRA DE SOUSA|750.00
202403|12830782110||EVANDO CARLOS DOS SANTOS|350.00
202403|21387246714||EVELIN VIEIRA GONCALVES|750.00
202403|12887201117|***.708.936-**|FABIA CRISTINA SANTOS RAIMUNDO|325.00
202403|21203649195|***.773.086-**|FABIANA ANGELICA MEIRELES|590.00
202403|20443664433|***.650.606-**|FABIANA APARECIDA DE OLIVEIRA|800.00
202403|16253167902|***.252.016-**|FABIANA APARECIDA DIAS|640.00
202403|20329635764||FABIANA APARECIDA SANTOS OLIVEIRA|700.00
202403|20396219920|***.742.216-**|FABIANA CRISTINA SOARES|690.00
202403|21203650630|***.706.696-**|FABIANA CYNTIA DOS SANTOS SOUZA|540.00
202403|16105280689||FABIANA DANILA FERREIRA|750.00
202403|12606828129||FABIANA DE LOURDES TORRES|750.00
202403|16022515255|***.139.016-**|FABIANA DE OLIVEIRA SILVA|490.00
202403|16055318602|***.278.716-**|FABIANA EMILIA BARTOLOMEU|1010.00
202403|12799387111|***.955.558-**|FABIANA MACHADO LUIZ|540.00
202403|21286322016|***.140.896-**|FABIANA MARQUES DE ALMEIDA|405.00
202403|12880531111|***.525.736-**|FABIANA MIRIAM SILVA|650.00
202403|12648718100|***.821.186-**|FABIANA NERI DA SILVA|650.00
202403|16275055996|***.692.326-**|FABIANA PAULA DOS SANTOS|700.00
202403|21371574938||FABIANA SOARES DE SOUZA|650.00
202403|20635963447|***.152.366-**|FABIANE CARDOSO DA SILVA VIEIRA|700.00
202403|20336202541|***.271.466-**|FABIANO DOS SANTOS FERREIRA|800.00
202403|16022528268||FABIO DA CRUZ OLIVEIRA SILVA|650.00
202403|21405270944||FABIO DE SOUZA BERNARDINO|600.00
202403|20379645534|***.489.136-**|FABIOLA PATRICIA RODRIGUES DE CASTRO DUARTE|1134.00
202403|20410695984|***.850.376-**|FABRICIA DOS REIS GOMES|700.00
202403|16093810187|***.204.016-**|FABRICIA DOS SANTOS|2160.00
202403|12957953120|***.077.466-**|FABRICIO DE JESUS|800.00
202403|16030902254|***.546.336-**|FELICIA APARECIDA SOUZA SILVA|640.00
202403|16234383344|***.101.436-**|FERNANDA ALVES BRITO|700.00
202403|16288611507|***.742.956-**|FERNANDA APARECIDA COSTA SILVA|900.00
202403|16205223547||FERNANDA CRISTINA DA SILVA|900.00
202403|20923813041|***.086.336-**|FERNANDA CRISTINA DA SILVA|1060.00
202403|20333484341|***.435.736-**|FERNANDA CRISTINA DOS SANTOS|540.00
202403|20336196444|***.031.736-**|FERNANDA DA SILVA PINTO|850.00
202403|20185222506||FERNANDA DE CARVALHO ROCHA BRANDAO|750.00
202403|16211713399|***.483.556-**|FERNANDA DIAS DA SILVA|325.00
202403|20322731369|***.491.226-**|FERNANDA FLAVIANA DE ARAUJO|750.00
202403|16060824286|***.037.556-**|FERNANDA FRANCESCA DA CRUZ SILVA|1160.00
202403|13045322092||FERNANDA KELLY APARECIDA FONSECA|1052.00
202403|20755083029|***.729.846-**|FERNANDA LIVIA FERNANDES|850.00
202403|21285408774|***.186.086-**|FERNANDA MARIA DAMAZIA DE SOUZA|1010.00
202403|16236948039|***.540.066-**|FERNANDA QUEIROZ DE SOUZA|590.00
202403|16030904559|***.625.916-**|FERNANDA RODRIGUES MORAES|690.00
202403|16316392967|***.340.336-**|FERNANDA SILVA DE SOUZA MAGALHAES|180.00
202403|16318649264|***.101.746-**|FERNANDINA NORBERTA GONCALVES|600.00
202403|20755082928||FILIPE ROSA SILVA|600.00
202403|20396211709|***.982.676-**|FLAVIA ALVES DA ROCHA ARAUJO|540.00
202403|16300905854|***.036.766-**|FLAVIA ANGELICA FIGUEREDO|700.00
202403|20770708484|***.605.956-**|FLAVIA BERTOLIN VIDAL|700.00
202403|14553147722|***.136.106-**|FLAVIA CAROLINE PESSOA DOS SANTOS|750.00
202403|21030036057|***.389.246-**|FLAVIA CRISTINA DOS SANTOS|501.00
202403|13062168136|***.913.976-**|FLAVIA CRISTINA SANTOS|800.00
202403|16310952030|***.444.406-**|FLAVIA DA SILVA RAMOS|600.00
202403|16211720824|***.803.746-**|FLAVIA DE CASSIA PEREIRA SANTOS|205.00
202403|12734811091|***.452.226-**|FLAVIA DE OLIVEIRA SIQUEIRA COSTA|650.00
202403|16211721227|***.639.636-**|FLAVIA FERNANDA RESENDE SILVA|800.00
202403|16271438963|***.904.436-**|FLAVIA MARCIA DOS REIS|650.00
202403|20351030942||FLAVIA TAMARA MARQUES MACHADO|900.00
202403|20396217073|***.329.196-**|FLAVIANA FERNANDA RODRIGUES|800.00
202403|22009873954||FLAVIANA FERNANDES DE SOUZA|750.00
202403|21030034607|***.523.086-**|FLAVIANE APARECIDA SILVA PINTO|325.00
202403|20651892788|***.129.986-**|FLAVIANE CELY NUNES|440.00
202403|13083326113||FLAVIENE CRISTINE ROCHA SANTOS|650.00
202403|12670002104|***.491.276-**|FLAVIO BEZERRA|600.00
202403|16300911722|***.789.916-**|FLORISNALVA NUNES FERREIRA MENDONCA|480.00
202403|12949217097|***.269.456-**|FRANCIELE APARECIDA DAS GRACAS|700.00
202403|20330144566|***.397.746-**|FRANCIELE BONSUCESSO MAGALHAES MEIRELLES SANTOS|750.00
202403|16233588260|***.791.386-**|FRANCIELE CARLOS MAGALHAES|650.00
202403|20351030632|***.926.686-**|FRANCIELE CRISTINA DE SOUSA ROSA|400.00
202403|12778745094|***.070.866-**|FRANCIELE CRISTINE CARVALHO|600.00
202403|16233588694|***.143.506-**|FRANCIELE KETLEN DA SILVA DO ESPIRITO SANTO|325.00
202403|16294523037|***.166.196-**|FRANCIELE SILVA VALENTINO|900.00
202403|16205240611|***.301.806-**|FRANCIELI PENNA DOS REIS SANTOS|800.00
202403|16297186910|***.761.636-**|FRANCIELLE ACACIO|650.00
202403|16211727888|***.759.556-**|FRANCIELLE DA FONSECA SOUZA|800.00
202403|21285208945|***.855.886-**|FRANCIELLE DAS GRACAS DE LIMA|650.00
202403|20336201847||FRANCIELLE DOS SANTOS MACHADO|900.00
202403|21279795788|***.159.226-**|FRANCIELLE LARISSA NUNES DOS PASSOS|800.00
202403|20755098859||FRANCIELY DA SILVA|900.00
202403|20330144558|***.685.336-**|FRANCILENE MAGALHAES MEIRELLES|650.00
202403|16215653137|***.338.514-**|FRANCISCA DE FATIMA SILVA|600.00
202403|12282631368|***.017.286-**|FRANCISCO JOSE TEIXEIRA|600.00
202403|12274272117||FRANCISCO MAXIMO NASCENTE|600.00
202403|16183239357|***.153.456-**|FRANCISLAINE ANDRADE DE OLIVEIRA|992.00
202403|20330141745|***.074.016-**|FRANCISLAINE JESUS SILVA|800.00
202403|20755101205||FREDERICO HENRIQUE PEREIRA DE SOUZA|650.00
202403|16205266238|***.093.786-**|FREDERICO SANCHES SILVA CALDEIRA|650.00
202403|16271455086||GABRIELA KATIA DOS SANTOS|1000.00
202403|21380568813||GABRIELA NERIA DE CARVALHO SILVA SANTOS|790.00
202403|16283630198||GABRIELE BARBOSA DE OLIVEIRA|800.00
202403|16205268559|***.716.776-**|GABRIELE BONSUCESSO LOPES DE ASSIS|700.00
202403|16271455159|***.427.106-**|GABRIELE COELHO SIMOES|750.00
202403|16233622671||GABRIELE CRISTINA DIAS SENA|750.00
202403|16283813136|***.748.616-**|GABRIELLA HELENA MAGALHAES|750.00
202403|20322722998|***.100.566-**|GABRIELLE CAROLINA NAVARRO LIMA|750.00
202403|16237003437|***.310.236-**|GABRIELLE CRISTINA ANDRE COSTA|600.00
202403|16307982935|***.915.986-**|GABRIELLE CRISTINA APARECIDA MOREIRA|590.00
202403|16271456023|***.901.436-**|GABRIELLE LUCIANA MENDES FONTANA|375.00
202403|21365875387||GABRIELLY CRISTINA SANTOS FERREIRA|750.00
202403|23855383282|***.222.996-**|GABRIELLY FERNANDA MOREIRA DE PAIVA|450.00
202403|15136803693||GEANE DE SOUSA MACHADO|650.00
202403|23754514063|***.740.036-**|GEANE FERREIRA DOS SANTOS|640.00
202403|16275074648|***.823.936-**|GEICIQUELE LOURDES ROCHA|750.00
202403|16209505474|***.206.176-**|GEISIANA KELI SILVA|800.00
202403|16205381053|***.428.796-**|GEISSY NARA KELLY CRUZ ANDRADE|375.00
202403|16275074958|***.881.486-**|GENI MAURA GABRIEL DE JESUS|600.00
202403|20336201979|***.120.256-**|GENNIFER CRISTINA DOS SANTOS|750.00
202403|20333482845|***.133.386-**|GEOVANA FERNANDES DA CRUZ|350.00
202403|14589751204|***.640.096-**|GEOVANIA DE OLIVEIRA|650.00
202403|16298939696|***.398.766-**|GERALDA APARECIDA DIAS COELHO|600.00
202403|12456054514|***.877.396-**|GERALDA BENTA VIEIRA|600.00
202403|12841715126|***.601.646-**|GERALDA CASSIANA NAZARETH|600.00
202403|12291568274|***.444.806-**|GERALDO APARECIDO DE LIMA|600.00
202403|12530234754|***.860.026-**|GERALDO MARTINHO VIANA|600.00
202403|16205395844|***.345.276-**|GERCI RODRIGUES SOARES|440.00
202403|16211869801||GERCIANA LUCIA DE OLIVEIRA|650.00
202403|20222027619|***.284.706-**|GERCINA MARIA DE OLIVEIRA|700.00
202403|16305030112|***.393.116-**|GERLIANE SOUZA DE OLIVEIRA|375.00
202403|16234814272|***.722.496-**|GEROLIZA SILVA DAMASCENO|590.00
202403|16211881275||GESSICA DE ARAUJO SILVA|750.00
202403|16254365392|***.318.196-**|GESSICA DOS SANTOS PEREIRA|750.00
202403|16295919414|***.718.866-**|GESSICA RENATA APARECIDA VIEIRA|700.00
202403|16275074737|***.934.866-**|GEYSIANE MARTINS PINHEIRO|700.00
202403|16211858192||GEYSILENE NERIA CARLOS|816.00
202403|12866491736||GEYZIANNE PRISCILA SOUZA VIEIRA|800.00
202403|12725654116|***.813.426-**|GIANE ANGELINA DE LIMA|600.00
202403|16345945723|***.358.524-**|GILDA BEZERRA DA PAZ|375.00
202403|20997071626||GILMAR DOS PASSOS SANTIAGO|950.00
202403|16194584131|***.624.718-**|GILMARCIA FIDELES DE BARROS|430.00
202403|12890925139|***.848.186-**|GILSANE ALVES BAILAO DE QUEIROS|650.00
202403|16271518606||GIOVANA CAROLINE MONTEIRO DE SOUZA PEREIRA|611.00
202403|13056355094|***.074.996-**|GIOVANNA ANATOLIA GOMES|650.00
202403|16333495604|***.204.316-**|GISELE CRISTINA DA SILVA E SOUZA|540.00
202403|19030262330|***.507.216-**|GISELE MARTA DOS SANTOS NASCIMENTO|650.00
202403|16303407820|***.767.027-**|GISELE PAOLA DO COUTO|800.00
202403|12677430098|***.321.926-**|GISELE SOARES BELMIRO LELES|325.00
202403|20322726233||GISELLE FELIX GODINHO|650.00
202403|16276288552|***.442.556-**|GISELY LOPES DE SOUZA|700.00
202403|16233021341|***.253.296-**|GISLAINE SILVIA|650.00
202403|13026026092|***.508.186-**|GISLAYNE DE SOUZA REIS|650.00
202403|16209599053|***.624.486-**|GISLENE BARBOSA FERREIRA|650.00
202403|20336200255|***.528.656-**|GISLENE SOARES DA SILVA|400.00
202403|22005380546|***.968.686-**|GISSELA DA CONCEICAO PORTES GOMES|700.00
202403|20329624258|***.519.206-**|GIULIA GABRIELA FERREIRA DE ARAUJO|900.00
202403|16271462678|***.977.656-**|GLAUCIANE APARECIDA PEREIRA|451.00
202403|13006033131|***.643.256-**|GLAUCIELLY APARECIDA TEIXEIRA|700.00
202403|16211763167|***.986.886-**|GLAUCIENE APARECIDA BARBOSA SANCHA DE ASSIS|400.00
202403|16064458438|***.601.856-**|GLAUCIENE DE JESUS DOS SANTOS|350.00
202403|16188701636||GLAUSSIMONE ANTUNES DE SOUZA|600.00
202403|16211763612|***.006.716-**|GLEDILENE MARCIANA SILVA|650.00
202403|20923815427|***.423.526-**|GLEICE KELLY GOMES|650.00
202403|16211765062|***.231.956-**|GLEICE KELLY LACERDA DOS SANTOS CAMILO|800.00
202403|20138591738|***.254.125-**|GLEICE KELLY SANTOS DA SILVA|750.00
202403|16211764899|***.001.126-**|GLEICE KELLY SILVA DE CARVALHO|850.00
202403|20647373976|***.612.696-**|GLEICIANE GOMES DA FONSECA|400.00
202403|20351034239|***.861.886-**|GLEICIANE KELLE DE OLIVEIRA SANTOS|850.00
202403|16306279742|***.986.946-**|GLEICIELE DE LOURDES BARBOSA SANCHA|325.00
202403|20646550114|***.310.536-**|GLEICIELLE BARBOSA LEITE|1636.00
202403|16205277876|***.617.676-**|GLEICIENE VENCESLAU COSTA DE OLIVEIRA|650.00
202403|16251328194|***.737.736-**|GLEICYELE KESIA GALVAO MACHADO|375.00
202403|16081373275|***.089.688-**|GLEIDE SILVA DE SOUSA|950.00
202403|20333482527|***.524.456-**|GLEIDES DOS SANTOS|650.00
202403|12729843118|***.122.946-**|GLEIDSON CRISTOVAO GONCALVES|650.00
202403|12691828109|***.221.976-**|GLEISON REIS DE PAULA|650.00
202403|12981017138|***.619.346-**|GLEITON ALMEIDA SOUZA|600.00
202403|20755085048|***.835.716-**|GLEYCIANE APARECIDA BARBOSA SILVA|700.00
202403|16237019074|***.027.226-**|GLEYCIMAR BONSUCESSO ONOFRE DOS SANTOS|800.00
202403|16237019090|***.432.226-**|GLEYCIMARA BONSUCESSO ONOFRE DOS SANTOS|950.00
202403|20997083217|***.975.896-**|GLORIA JESUS DO ESPIRITO SANTO|700.00
202403|12548045104|***.606.856-**|GRACIANA CRISTINA RAMOS GOMES|650.00
202403|16276242129|***.573.496-**|GRACIANE DE SOUZA SILVA|375.00
202403|23691336082|***.270.436-**|GRACIELA BRASILINA ROSA MARTINS|1374.00
202403|16271465391|***.132.446-**|GRACIELE APARECIDA DOS REIS|490.00
202403|16209250751|***.024.826-**|GRACIELE ARCANJO DA SILVA|850.00
202403|12872464125|***.378.126-**|GRACIELE CAMPOS DE ALCANTARA|255.00
202403|20322722610|***.366.166-**|GRACIELLE APARECIDA ELIODORA DOS SANTOS COELHO|230.00
202403|20762904601|***.001.909-**|GRACIELLE LOPES DA SILVA|800.00
202403|12847102118||GRACIELLE LOPES DE CASTRO|800.00
202403|20755086990|***.874.566-**|GRACIELLE LUCAS SOUZA|950.00
202403|16271464735|***.164.956-**|GRACIELLE VITORIA DA SILVA|800.00
202403|12769308132||GRASIELE CRISTINA VIEIRA PINTO|650.00
202403|20755102872|***.874.436-**|GRAZIELA CRISTINA NAZARE FERNANDES|800.00
202403|16275064197||GRAZIELLE CALADO ALVES|750.00
202403|16211771186|***.086.676-**|GRAZIELLE ROSANA DOS SANTOS|690.00
202403|16251329298|***.737.836-**|GREICY KAREN GALVAO MACHADO|750.00
202403|16340717544|***.469.126-**|GREY CIQUELLE SANCHES LOPES|600.00
202403|13003945547|***.026.126-**|GUTICHALA MAGALHAES DOMINGOS|590.00
202403|16055248310|***.806.796-**|HEIRINGLI NOGUEIRA ROSA|650.00
202403|16104512519|***.551.016-**|HELAINE XAVIER DE OLIVEIRA|300.00
202403|16124635462|***.705.156-**|HELEN CRISTINA DO CARMO DE AQUINO BARBOSA|590.00
202403|12343854175||HELENA MARIA DOS SANTOS|600.00
202403|16055253837|***.099.296-**|HELENA NAYARA DE ALMEIDA|800.00
202403|20647192645|***.220.846-**|HELIANA FERREIRA DOS SANTOS|540.00
202403|16143763837|***.710.836-**|HELLEN CRISTINA SOUZA|750.00
202403|16054215265|***.580.696-**|HELLEN MARIANO GOMES|490.00
202403|15448874758|***.246.776-**|HELOISA APARECIDA DA SILVA|375.00
202403|21200040688|***.176.926-**|HELOISA MARIANA BARBOSA SANTOS|650.00
202403|16108755033|***.204.226-**|HELOISA ROSA DA SILVA|700.00
202403|16168323369||HENDY NARA PASTOR FONSECA|850.00
202403|20443664611|***.247.446-**|HERICA JULIA MOREIRA PEREIRA|734.00
202403|16275066130|***.798.006-**|HINGLAD DA COSTA SILVA BRAGA|750.00
202403|20410059220|***.952.736-**|HUGO AUGUSTO OLIVEIRA SANTOS|600.00
202403|16253594673|***.681.226-**|IANE CARLA PAIM SERGIO|800.00
202403|16233378452|***.771.856-**|IARA CRISTINA GUALBERTO PEREIRA|1594.00
202403|16205288460|***.008.126-**|IARA GABRIELA SANTOS FERREIRA|650.00
202403|22016819633||IARA KATELIN DA SILVA DOS SANTOS|750.00
202403|20185218177|***.498.036-**|IARA NAZARE DE SOUZA|1016.00
202403|16307128608|***.584.836-**|IASMIM MARCELLE SENA DA CRUZ|750.00
202403|20920375744|***.794.226-**|IGOR ALEXSANDER DOS SANTOS LEMOS|600.00
202403|16271471863|***.612.456-**|IGOR FLAVIANO RODRIGUES DE OLIVEIRA|600.00
202403|20330144167|***.975.506-**|ILCA DOMINGOS DIAS|1710.00
202403|16211800267|***.676.706-**|ILMA APARECIDA RODRIGUES|900.00
202403|16307160846|***.855.206-**|ILMA DOS SANTOS ARAUJO|426.00
202403|10885707270|***.270.036-**|ILTON DOMICIO TEODORO|600.00
202403|21441440331||ILZA DA PIEDADE DIAS|860.00
202403|16234019952|***.290.646-**|ILZA FRANCISCA DA SILVA|700.00
202403|16286192906|***.642.976-**|INDIANARA CRISTINA GOMES DA SILVA|750.00
202403|20109494916|***.180.456-**|INES BITTENCOURT CHAVES OLIVEIRA|600.00
202403|16232847475|***.097.066-**|INES FERREIRA DE OLIVEIRA|800.00
202403|16301506635|***.894.016-**|INGRED APARECIDA DE FREITAS|792.00
202403|16271473378|***.099.946-**|INGRETH NAIARA SOARES DE OLIVEIRA|676.00
202403|21327159963||INGRID ESTEFANY DE ALMEIDA|1160.00
202403|16236666009|***.790.646-**|INGRID GABRIELLE VALADARES FERREIRA|890.00
202403|16201784161|***.062.896-**|INGRID GOMES VILETE|400.00
202403|16233647429|***.233.986-**|INGRYD MARCELA ROSA FONTANA|950.00
202403|16209297472|***.494.036-**|IOLANDA APARECIDA DE OLIVEIRA|600.00
202403|16205298520|***.553.746-**|IOLANDA FELIX DE PAIVA|600.00
202403|20923815281|***.079.566-**|IOLANDA MAGALHAES DE OLIVEIRA|650.00
202403|20673291663|***.137.816-**|IOLANDA MARTINS PINHEIRO|325.00
202403|16205298946|***.110.276-**|IOLE DAS GRACAS PEREIRA|600.00
202403|12534792794|***.644.026-**|IONARA MABEL BARBOSA MEIRELES|600.00
202403|16232849648|***.737.556-**|IONE PEREIRA SANCHES|800.00
202403|10830858390||IRINEU HENRIQUE DE SENA|600.00
202403|12778585135|***.340.456-**|IRIS APARECIDA DIAS SANTOS CORREA|800.00
202403|20923813971|***.855.566-**|IRIS CONCEICAO DA SILVA|650.00
202403|20443662546||IRIS IVETE INACIO DO NASCIMENTO|325.00
202403|20075114431|***.254.306-**|IRIS NATALIA DAS DORES PEREIRA|501.00
202403|16306975749|***.352.556-**|IRLENE APARECIDA DOS SANTOS|650.00
202403|16211790679|***.201.026-**|IRMA ASSUNCAO MOREIRA|325.00
202403|20322727728|***.554.806-**|IRMA GERALDA BARTOLOMEU|511.00
202403|20336202479|***.267.836-**|ISABEL CRISTINA TEIXEIRA DE SOUZA|650.00
202403|20164127962|***.116.096-**|ISABEL ROGERIA ROSA FERREIRA|230.00
202403|21344466585||ISABELA APARECIDA LACERDA SILVA|375.00
202403|16281818165||ISABELA CAROLINA DE SOUSA GOMES|750.00
202403|15599538277|***.062.206-**|ISABELA CAROLINA MAGALHAES|425.00
202403|16283146237||ISABELA CRISTINA BARBOSA|750.00
202403|16301112858|***.967.106-**|ISABELA FERNANDA BONSUCESSO GUERRA|750.00
202403|21284424644||ISABELA PATRICIA APARECIDA DE OLIVEIRA|800.00
202403|13032688093|***.236.676-**|ISABELA SANTOS DUARTE SILVA|650.00
202403|20330145791|***.720.636-**|ISABELA VERONICA LEAO|650.00
202403|16301112661|***.616.856-**|ISABELLA APARECIDA SILVA FERREIRA|750.00
202403|20673291701||ISABELLA MARTINS PRATES|900.00
202403|20185218010||ISABELY CAROLINE VIEIRA MARTINS|750.00
202403|16306312979|***.834.516-**|ISADORA CAMILA DE SENA|750.00
202403|20322725725|***.365.026-**|ISADORA FONTANA PEIXOTO DE MELO|750.00
202403|16261151254|***.720.716-**|ISADORA TEIXEIRA DA SILVA|650.00
202403|20329632803||ISAIAS RODRIGUES DOS REIS|600.00
202403|20065384584|***.184.176-**|ISAMARA ARAUJO SILVA|750.00
202403|16041012204|***.087.926-**|ISAURA VIANA|650.00
202403|16189789472|***.561.716-**|ISLENE CRISTINA SILVA|800.00
202403|16271482687|***.722.356-**|ITATIANE LOURDES DE MELLO|405.00
202403|15349698897||IVANETE GONCALVES ALVES SANTOS|700.00
202403|16233668620|***.715.966-**|IVANY MARIA DO COUTO MOREIRA|640.00
202403|20462659679|***.276.686-**|IVO HENRIQUE DA SILVA|600.00
202403|12488196861|***.887.616-**|IVONE EUDOXIA RODRIGUES|600.00
202403|16304658983|***.001.046-**|IVONE MARIA DE ALMEIDA FRANCISCO|800.00
202403|16205331560|***.549.486-**|IZABELA ANGELICA SILVA|325.00
202403|20914506239|***.390.676-**|IZABELA CRISTINA MARTINS LIMA|750.00
202403|20997398455||IZABELA FERNANDA DA SILVA|325.00
202403|13843033179|***.954.646-**|IZABELA FERREIRA DOS SANTOS|900.00
202403|20396217332||IZABELA VANES MAGALHAES|640.00
202403|20052481659|***.011.326-**|IZABELA VIEIRA SANTOS SILVA|750.00
202403|20185216670|***.958.696-**|IZABELLA CAROLINA DA SILVA CASTRO|850.00
202403|16253183061|***.544.696-**|IZADORA DE CASSIA FERREIRA SANTOS|750.00
202403|21277419622||IZADORA DOMINGUES CARDOSO|750.00
202403|16271489746|***.281.026-**|IZADORA NAZARETH FERREIRA DOROTEIA NEVES|950.00
202403|16209465189|***.068.796-**|JACIANNE APARECIDA DE SOUZA TERRINHA|750.00
202403|20322737073|***.397.146-**|JACIRA ALVES FERREIRA|1002.00
202403|16300662315|***.572.666-**|JACKCIRLAINE APARECIDA FERREIRA|700.00
202403|13004713119|***.797.586-**|JACKSON RODRIGUES SOARES|700.00
202403|14842320296|***.370.426-**|JADE APARECIDA DE SOUZA|750.00
202403|12524992669|***.169.367-**|JAILSON ROCHA|325.00
202403|16233684022|***.974.906-**|JAINE CAETANO DE OLIVEIRA|750.00
202403|12675603106|***.978.596-**|JAINE DA LUZ TEIXEIRA|400.00
202403|21288315092|***.874.776-**|JAINE MICHELE DOS SANTOS|900.00
202403|16188373787|***.371.185-**|JALDIANE SOUZA DOS SANTOS|490.00
202403|16276982793|***.979.306-**|JAMARY MOURA JORGE OLIVEIRA|650.00
202403|13065888105|***.354.986-**|JAMILA BATISTA DO NASCIMENTO|490.00
202403|20322731164|***.614.636-**|JANAINA COSTA DOS SANTOS|750.00
202403|20322738045|***.675.866-**|JANAINA DE FATIMA ELIODORA|551.00
202403|20351035251|***.805.586-**|JANAINA DO BOM SUCESSO SILVA|700.00
202403|16314326355|***.620.496-**|JANAINA IARA SILVA|800.00
202403|20923815826|***.027.146-**|JANAINA LUISA DE MIRANDA|650.00
202403|20336202339|***.370.446-**|JANAINA MARIANA DE ARAUJO|1152.00
202403|21030035417|***.739.196-**|JANAINA MARQUES GOMES|350.00
202403|12615660138||JANAINA PESSOA BATISTA|750.00
202403|16231233570|***.170.086-**|JANAINY PEREIRA ROCHA|650.00
202403|14688324657|***.560.636-**|JANCELAINE MARTINS BENJAMIM|650.00
202403|16306988662|***.227.946-**|JANE APARECIDA DA CRUZ TERRINHA|600.00
202403|16205364019|***.487.696-**|JANE APARECIDA DE SOUSA|600.00
202403|16326110549||JANE DOS SANTOS HELENO|900.00
202403|16253185811|***.499.286-**|JANE QUEIROZ|205.00
202403|16306988670|***.152.756-**|JANE VIEIRA|650.00
202403|16295826181|***.936.336-**|JANETE APARECIDA DIAS DA SILVA|375.00
202403|12945625131|***.915.196-**|JANETE GIL DA SILVA GRACIANO|700.00
202403|20322738746|***.118.416-**|JANIELE LUIZA DOS SANTOS|900.00
202403|12547900868||JANILDE PIEDADE DOS SANTOS|600.00
202403|13085318126|***.726.696-**|JAQUELINE CRISTIANE OLIVEIRA|650.00
202403|12881594095||JAQUELINE DE FATIMA MACHADO|700.00
202403|16209415378|***.149.066-**|JAQUELINE DE SOUZA ASSIS|850.00
202403|20757773626|***.415.056-**|JAQUELINE DO CARMO COUTO|800.00
202403|16281031963||JAQUELINE DOS SANTOS HELENO|800.00
202403|20483590767|***.211.026-**|JAQUELINE ESTEVAO DE AMORIM|750.00
202403|16209417451|***.761.446-**|JAQUELINE FATIMA FREITAS|700.00
202403|20997073203|***.936.386-**|JAQUELINE MADALENA CARLOS|700.00
202403|12792706092|***.776.516-**|JAQUELINE PEREIRA DOS SANTOS|682.00
202403|16211827351|***.561.866-**|JAQUELINE PEREIRA RODRIGUES|960.00
202403|16237775448|***.861.866-**|JAQUELINE ROSA DOS SANTOS|650.00
202403|16285481653|***.305.406-**|JAVIA JUNIA FERREIRA|540.00
202403|20654066277|***.474.436-**|JEANNE ESDRAS DE OLIVEIRA SANTOS|850.00
202403|21441748557||JEANY CARLA APARECIDA PENNA|600.00
202403|16234776230|***.580.686-**|JEIZA JUNIA GONCALVES|800.00
202403|16209509240|***.079.766-**|JENEFFER CRISTIANE MARQUES LUIZ|325.00
202403|13732634271||JENIFFER BATISTA LAMIM PEREIRA|580.00
202403|16209516646|***.624.506-**|JENIFFER DE SOUZA SILVA|700.00
202403|16347792126|***.348.866-**|JENNIFER CANDIDO|650.00
202403|20085751620|***.441.756-**|JENNIFER CRISTINA PEREIRA SOUZA SANTOS|750.00
202403|21432239254||JEREMY DELLER YARNELL ABOAB LEIDSTAR|600.00
202403|14899592279|***.346.296-**|JESICA MONICA MOREIRA|280.00
202403|16233012636|***.446.566-**|JESIELI DIAS PEREIRA|590.00
202403|20322744665|***.855.936-**|JESSICA ALVES SANTANA|750.00
202403|20760712098||JESSICA APARECIDA SANTOS DE SOUSA|450.00
202403|16237560069|***.340.356-**|JESSICA CARLA DE FREITAS|650.00
202403|14014874474||JESSICA CAROLINA DE OLIVEIRA|750.00
202403|16233729832|***.705.786-**|JESSICA DA SILVA DO ESPIRITO SANTO|900.00
202403|20322724265|***.800.076-**|JESSICA DE ALMEIDA EVANGELISTA|750.00
202403|15486384274|***.227.146-**|JESSICA DOS SANTOS|750.00
202403|16271515275|***.410.956-**|JESSICA GONCALVES DA SILVA OLIVEIRA|650.00
202403|12995290117||JESSICA INACIA DIONISIA DA SILVA|600.00
202403|20329614686|***.553.306-**|JESSICA MARIA CONCEICAO SILVA ARAUJO|800.00
202403|20185215836||JESSICA MENDES DA SILVA|910.00
202403|20476229175|***.092.516-**|JESSICA PONCIANO SALES DA SILVA|750.00
202403|16271513698|***.582.576-**|JESSYCA DE CASSIA ARAUJO|490.00
202403|15417061712|***.673.216-**|JHENIFER BRUNA RODRIGUES GOMES|325.00
202403|23739742778|***.656.556-**|JHENIFFER KEZIA MARA GOMES MARTINS|650.00
202403|20329633109||JHENY DAS GRACAS DE JESUS|650.00
202403|20757760133|***.694.316-**|JHIULIA BONSUCESSO DOS SANTOS DIAS|800.00
202403|20075288103|***.791.256-**|JHON KENNEDY DOS REIS|300.00
202403|16271565787|***.860.316-**|JHULY INGRIDY DA SILVA NASCIMENTO|900.00
202403|21437304364||JICELA COELHO VIEIRA|750.00
202403|16233822395|***.310.696-**|JOANA CRISTINA ANTERO|750.00
202403|16271556311|***.553.336-**|JOANA NATIVIDADE FIRMINO DA SILVA|300.00
202403|21440648826||JOAO DOMINGOS DA SILVA|600.00
202403|12366612119|***.169.056-**|JOAO MATEUS DA SILVA|600.00
202403|13004515112||JOAO PAULO DA SILVA VIGARIO|300.00
202403|12871291154|***.626.926-**|JOEL FERNANDES DE MOURA|850.00
202403|20330142210|***.615.256-**|JOELMA DOS SANTOS|750.00
202403|16275080222|***.909.246-**|JOICE APARECIDA DE JESUS|700.00
202403|20135356215|***.244.216-**|JOICE FIGUEIREDO DE MENEZES|650.00
202403|16316839619|***.608.776-**|JOICE MARA DA CONCEICAO FREITAS|800.00
202403|16211905867|***.389.906-**|JOICEANA APARECIDA DE SOUZA|700.00
202403|16211905301|***.412.576-**|JOICY JOSE NATALIA ROSA|650.00
202403|20923813939|***.598.686-**|JOISIELE CANDIDO LOPES|800.00
202403|20396217642|***.136.136-**|JONELLE PIETRA GONCALVES CIPRIANO|650.00
202403|16233758778|***.575.156-**|JORDAINE JOANA SOUZA ANTERO|650.00
202403|20322738061|***.174.286-**|JORDANA CRISTINA DOS SANTOS|750.00
202403|20330144507|***.300.676-**|JORDANA ISABELLA FERNANDES|950.00
202403|23871725672|***.281.766-**|JORGE LUIZ DE OLIVEIRA|600.00
202403|12270990481||JOSE ANTONIO DOS SANTOS|600.00
202403|10851631425|***.534.446-**|JOSE ANTONIO RODRIGUES|490.00
202403|12640223099|***.624.056-**|JOSE CARLOS DA SILVA|600.00
202403|10727980669|***.604.046-**|JOSE CARLOS ROSA|600.00
202403|12442129010|***.263.288-**|JOSE DE ASSIS FERREIRA GOMES|600.00
202403|10851566682|***.812.736-**|JOSE DE FREITAS FONSECA|600.00
202403|10885909736||JOSE DO CARMO DOS SANTOS|600.00
202403|12281771913|***.843.936-**|JOSE EUSTAQUIO DE ALMEIDA|600.00
202403|12270891254||JOSE GERALDO DA COSTA|600.00
202403|12297445573|***.042.126-**|JOSE MARIA DOS REIS|600.00
202403|12419768789||JOSE MARIA DOS SANTOS FILHO|600.00
202403|12602646115||JOSE SANTOS DA SILVA|600.00
202403|12678742123||JOSE VALDECIO MIGUEL|600.00
202403|17041816387||JOSE WANDER DAS DORES FERREIRA|600.00
202403|16296947322|***.999.936-**|JOSIANE APARECIDA DE ARAUJO|700.00
202403|16233517827|***.250.046-**|JOSIANE APARECIDA DE PAULA|280.00
202403|20333485267|***.672.946-**|JOSIANE APARECIDA FERREIRA|600.00
202403|16235105534||JOSIANE CRISTINA MARQUES|750.00
202403|20476230394|***.556.546-**|JOSIANE DA SILVA|640.00
202403|16237301047|***.189.736-**|JOSIANE DA SILVA ELEODORO|700.00
202403|20396214945|***.737.246-**|JOSIANE FATIMA DE SOUZA|1060.00
202403|12678745114|***.347.846-**|JOSIANE MENDES DE MOURA|750.00
202403|12672880133|***.203.126-**|JOSIANE MOREIRA BARBOSA|490.00
202403|20088282737|***.196.186-**|JOSIANE NATALY GUERRA|300.00
202403|20755086451||JOSIANE SILVA MARTINS|325.00
202403|20330144728|***.993.746-**|JOSIANY APARECIDA CANDIDO ROCHA|640.00
202403|23864307445|***.097.446-**|JOSIARA SOARES CARDOSO|750.00
202403|16205497604|***.699.136-**|JOSIELE JACLANE GUERRA|650.00
202403|21280567386|***.028.146-**|JOSIELY PEREIRA ENGRACIO DA COSTA|425.00
202403|16211959797|***.000.686-**|JOSIENE MARIA DA COSTA|650.00
202403|16301363117|***.276.426-**|JOSILAINE DA SILVA|790.00
202403|12849038115|***.127.286-**|JOSILANE APARECIDA FONSECA DE BRITO|466.00
202403|13023017092|***.011.566-**|JOSIMAR CARLOS SOARES|600.00
202403|16233817464|***.986.426-**|JOSIMARA APARECIDA DE SA|750.00
202403|20322732217|***.960.586-**|JOYCE APARECIDA ESPINOLA|650.00
202403|20755096155|***.267.436-**|JOYCE LUISE RODRIGUES|800.00
202403|20336199141|***.334.616-**|JOYCE PEREIRA DE OLIVEIRA|750.00
202403|20755092052|***.478.076-**|JOYCE RIBEIRO CARDOSO|750.00
202403|20755097038|***.757.496-**|JOZIANA MARQUES CARVALHO|750.00
202403|16233182876|***.419.636-**|JOZIANE CATIA CORREA|750.00
202403|23647158891|***.437.763-**|JUAN ALEXANDRE PEREIRA|600.00
202403|14873534921|***.153.816-**|JUCILAINE ANDRADE DE OLIVEIRA|640.00
202403|20755090084|***.371.406-**|JUCIRLAINE BONSUCESSO DIAS GONCALVES|325.00
202403|22008989967|***.399.489-**|JUDITE LUCAS DOS SANTOS|700.00
202403|21406998909||JULIA CRISTINA SANTOS|750.00
202403|21366670169||JULIA DE OLIVEIRA SILVA|375.00
202403|20755086494|***.537.126-**|JULIA DOS SANTOS MARQUES|490.00
202403|12802932111|***.026.346-**|JULIA MARCIA BOA VENTURA|750.00
202403|16306401750|***.805.946-**|JULIANA ANTONIA JACINTO|650.00
202403|16299599058|***.465.436-**|JULIANA APARECIDA DA PAIXAO SILVA|375.00
202403|16233544506|***.793.846-**|JULIANA APARECIDA DE MOURA|590.00
202403|22004876009|***.964.536-**|JULIANA APARECIDA GREGORIO|700.00
202403|20396219912|***.160.036-**|JULIANA APARECIDA SOARES|1010.00
202403|20923817128|***.715.186-**|JULIANA BATISTA BRAGA|230.00
202403|20923816059|***.171.436-**|JULIANA CONCEICAO DO CARMO|966.00
202403|20997073424|***.010.196-**|JULIANA CRISTINA DOS SANTOS MOREIRA|750.00
202403|16205523540|***.679.706-**|JULIANA DA CONCEICAO COSTA|950.00
202403|16209834974|***.301.516-**|JULIANA DA CONCEICAO GUALBERTO|650.00
202403|13016844124|***.898.016-**|JULIANA DA CONCEICAO PERDIGAO|850.00
202403|16205523079|***.362.366-**|JULIANA DA PIEDADE SANTOS JOAO|650.00
202403|20351031035|***.303.166-**|JULIANA DA SILVA OLIVEIRA|700.00
202403|16209849092|***.241.136-**|JULIANA DA SILVA THOMAZ|640.00
202403|20997072347|***.774.286-**|JULIANA DANIELLE FERREIRA|450.00
202403|16253203674|***.536.186-**|JULIANA DE FATIMA SANTOS|750.00
202403|16211984139|***.392.346-**|JULIANA FERREIRA DA MATA|800.00
202403|20759093436|***.568.766-**|JULIANA FERREIRA PINTO SIMAO|280.00
202403|16190208763|***.304.676-**|JULIANA GONCALVES DA SILVA|650.00
202403|20185023376|***.857.896-**|JULIANA MARIS ALMEIDA TEIXEIRA|400.00
202403|20481131293||JULIANA RETIELY DOS SANTOS|750.00
202403|21030035026|***.241.396-**|JULIANA RODRIGUES MOREIRA|750.00
202403|16341568186|***.330.366-**|JULIE KELLY ALMEIDA SILVA|800.00
202403|23624513024|***.556.566-**|JULIETE APARECIDA DE SOUZA PEREIRA|455.00
202403|16296543574|***.941.826-**|JULIETE BARROSO DA SILVA|700.00
202403|16205530431|***.040.786-**|JULIETE DA SILVA LIMA|850.00
202403|16300833802|***.506.146-**|JULIETE FABIANE DE OLIVEIRA COSTA TEIXEIRA|650.00
202403|16211990066|***.575.556-**|JULIETE NAZARE MERCES DOS SANTOS|650.00
202403|16211990198|***.356.656-**|JULIETE PAULA DA SILVA|750.00
202403|12806650137|***.255.826-**|JULIO LOPES DOS SANTOS EUVENCIO|600.00
202403|16271565825|***.181.786-**|JULLY ESTEFANIA CONCEICAO ROSA|350.00
202403|16271565981|***.118.636-**|JULYA ESTHER LEMES FELIPE|590.00
202403|16233249601|***.301.746-**|JULYANE SILVIA DOS ANJOS|230.00
202403|12441829671|***.647.376-**|JUNIA CASSIA DE FREITAS|600.00
202403|16211992700|***.993.206-**|JUNIA DOS SANTOS REIS SABINO|960.00
202403|16281865848|***.963.956-**|JUNIA FERREIRA PASTOR|490.00
202403|16264022188|***.085.556-**|JUNIA GONCALVES DOS SANTOS|690.00
202403|16233257612||JUNIA ISMENIA FELICIO|400.00
202403|16256729162|***.690.516-**|JURACI PEREIRA DOS SANTOS|750.00
202403|16211995742|***.961.056-**|JUSCELE DE OLIVEIRA SANTOS SILVA|650.00
202403|16233551456|***.711.166-**|JUSCELIA FATIMA SANTOS|1184.00
202403|16315377492|***.898.526-**|JUSCILAINE DA SILVA|325.00
202403|23862316218|***.771.586-**|JUSELE GRASIELE DA SILVA|1052.00
202403|12270752866||JUSSARA APARECIDA LEITE|600.00
202403|16267210554||JUSSARA DA CONCEICAO EVANGELISTA|850.00
202403|20730308671|***.958.726-**|JUSSARA FERNANDES BARBOSA|609.00
202403|20755097801|***.031.176-**|JUSSARA JUNIA DA SILVA|612.00
202403|12982074135|***.299.556-**|JUSSARA MARIA DE JESUS|650.00
202403|16235238143|***.284.166-**|JUSSIMARA ANTONIA FERREIRA DA CRUZ|840.00
202403|16235243015|***.483.846-**|KADSY BRENA SANTOS|800.00
202403|16271577599|***.670.926-**|KAMILA MARA BATISTA DE SOUZA NEVES|650.00
202403|16191620641|***.651.436-**|KAMILLA PEREIRA DOS SANTOS|650.00
202403|16301470193|***.831.676-**|KAMILLY DA SILVA GOMES|740.00
202403|20755093865|***.918.136-**|KAOANNE ANDRESSA VIGARIO DO PRADO|850.00
202403|16266194563|***.428.836-**|KAREN CRISTINA DAS GRACAS RUMAO|580.00
202403|21041976234|***.701.516-**|KAREN REGINA OLIVEIRA DIAS|640.00
202403|21030032426||KAREN VITORIA GOMES|750.00
202403|16211631317|***.759.196-**|KARINA CARMEM DE SOUZA ANTERO|363.00
202403|16209911022|***.186.096-**|KARINA DA CONCEICAO DE FREITAS BICALHO CABRAL|900.00
202403|20396213434|***.749.756-**|KARINA DE CASSIA SALES|650.00
202403|13072663113|***.295.976-**|KARINA IMACULADA DO NASCIMENTO|750.00
202403|16297048542|***.879.306-**|KARINA JUNIA FERREIRA DOS SANTOS|375.00
202403|16237716581|***.297.916-**|KARINA MARTA MARTINS|700.00
202403|16205552524|***.867.656-**|KARINA NAZARETH SILVA|601.00
202403|20052480954|***.733.466-**|KARINA ROCHA VIEIRA|325.00
202403|19027411606||KARINA ROSA APARECIDA FERREIRA|850.00
202403|16205551196|***.566.486-**|KARINA SOARES DUARTE|750.00
202403|16253206479|***.092.906-**|KARINE DE ALBUQUERQUE CAMILO|1060.00
202403|20923813254|***.049.686-**|KARINE DE FATIMA NASCENTE|650.00
202403|21042116816|***.340.476-**|KARINE SOARES ROCHA|800.00
202403|21327339414||KARINY ANTONIA FERREIRA|800.00
202403|13052469133|***.603.016-**|KARLA MARA DE QUEIROZ|800.00
202403|16271580689|***.289.006-**|KARLA MARCIA DE MORAIS|850.00
202403|20322730435|***.026.826-**|KARLA NAZARE PONCIANO|700.00
202403|16212025046|***.872.906-**|KAROLINE CRISTINA DA SILVA OLIVEIRA|750.00
202403|20333487154|***.343.926-**|KASSIA EDUARDA SANTOS TEIXEIRA|750.00
202403|16408116796|***.927.266-**|KATIA BONSUCESSO DA PIEDADE|650.00
202403|16411084670|***.688.946-**|KATIA DA SILVA|180.00
202403|16412742337|***.898.096-**|KATIA DALIANE PIMENTA|1152.00
202403|16469761454|***.365.766-**|KATIA ENGRACIA DA COSTA SIMOES|650.00
202403|16471458216|***.500.326-**|KATIA MARCIA DE OLIVEIRA|1042.00
202403|16212031798|***.806.579-**|KATICILAINE APARECIDA SANTOS|750.00
202403|16407302715|***.613.976-**|KATICILAYNE APARECIDA DE ARAUJO SOUZA PEREIRA|325.00
202403|23635704004|***.023.426-**|KATICILAYNE GOMES TIAGO|590.00
202403|20185218436||KAYLANE ALINE DE FREITAS|750.00
202403|16209995196|***.750.526-**|KEILLA JULIETTE SOUZA|850.00
202403|16426673774||KEITI MARRONE DA CRUZ|490.00
202403|16205581818|***.663.786-**|KEITTICILAINE CRISTINA DE ALMEIDA|590.00
202403|16407053308||KELCIENY DE LOURDES DA PAIXAO|900.00
202403|20755100551||KELEN CRISTINA DA SILVA GOMIDES|750.00
202403|16444526788|***.525.916-**|KELEN JANAINA FELIPE SANTANA|582.00
202403|20396216956||KELLY BEATRIZ LACERDA FAUSTO|750.00
202403|20329627087|***.377.446-**|KELLY DAYANA FONSECA|1000.00
202403|12655184132|***.048.066-**|KELLY DE MORAIS REIS|400.00
202403|20086008190||KELLY MARIA DE SOUZA|600.00
202403|20184551654|***.637.216-**|KELLY SOUZA SANTOS|1000.00
202403|20351030845||KENIA EVANGELISTA MARQUES GONCALVES|325.00
202403|16497490214|***.014.328-**|KENIA PATRICIA DE SOUZA|325.00
202403|23834687703|***.435.786-**|KENIA REGINA MAGALHAES|690.00
202403|20336194530||KENNYA APARECIDA CHAGAS|325.00
202403|20322729623|***.533.926-**|KERLINEIA MARIA COSTA DE BARROS E SOUSA|700.00
202403|16212038490|***.616.776-**|KETHRIM DAYAN SCARLAT FONSECA|800.00
202403|16445035265||KETLEN CAMILY ANSELMO GREGORIO|750.00
202403|16433872132|***.038.566-**|KETTELY EDUARDA DOS SANTOS CARVALHO|900.00
202403|20322724192|***.680.726-**|KEULEM DAYANA PENAFORTE BATISTA ALVES|490.00
202403|20755079404||KHAMYLA CRISTINA DOMINGOS|325.00
202403|14590846477|***.087.956-**|KHETHILIN RAIRA DE OLIVEIRA DA SILVA|750.00
202403|16488822145|***.175.496-**|KIARA KAMILA BRANDAO DA SILVA FIGUEIREDO|650.00
202403|20165117766|***.541.266-**|KLEBER VIANA DIAS|1110.00
202403|16471462876|***.448.206-**|KLEIDE SOARES SILVIANO|640.00
202403|20336202622|***.271.946-**|LAIS ADRIANA DAVI TEIXEIRA|700.00
202403|16482939954||LAIS CRISTINA ELIAS ALVES FERREIRA|750.00
202403|20673291671|***.062.966-**|LAIS LORAM MARTINS PINHEIRO SILVA|490.00
202403|16471731451|***.794.676-**|LAISSA LUCAS MARINHO|800.00
202403|20923813149|***.163.246-**|LAIZ DANIELE MAGNO GOMES|288.00
202403|16411135909|***.471.376-**|LARISSA ANTONIA OLIVEIRA DE SOUZA|750.00
202403|16379572261||LARISSA CAROLINE SOARES LACERDA|800.00
202403|16471732814|***.347.126-**|LARISSA DA SILVA ARAUJO|750.00
202403|16456883599|***.362.396-**|LARISSA DANUBIA DOS SANTOS ROQUE|750.00
202403|20322719768|***.224.386-**|LARISSA DE SENA SILVA RODRIGUES|950.00
202403|15053587985||LARISSA FERNANDA DE ALMEIDA|325.00
202403|20723948660||LARISSA FERREIRA BORGES|750.00
202403|20333482802|***.215.896-**|LARISSA LUIZ DE ANDRADE|750.00
202403|15451933948||LARISSA LUIZA FIGUEREDO|750.00
202403|16448718517|***.453.636-**|LARISSA OLIVEIRA FIGUEIREDO|660.00
202403|20333486476||LARISSA RANIELLE MIRANDA|750.00
202403|16465978599|***.810.166-**|LARISSA VITORIA DA COSTA FONTANA|800.00
202403|21278052935||LARYSSA KAROLINE DA SILVA|800.00
202403|20333482756|***.242.466-**|LAURA DA PIEDADE ANDRADE LUIZ|600.00
202403|16450647605|***.244.136-**|LAURA DOS SANTOS|600.00
202403|12462269276|***.792.306-**|LAURENTINO PEREIRA DOS SANTOS|600.00
202403|16408241337|***.583.096-**|LAYANE APARECIDA HELIODORO|700.00
202403|20329629802|***.836.626-**|LAYRA TATIANA DE SOUSA|740.00
202403|16385788408|***.889.236-**|LEA APARECIDA AGANETI MENDES DE OLIVIERA|600.00
202403|16428924944|***.583.676-**|LEANDRA MARIA SANTOS|812.00
202403|20329638178|***.648.666-**|LEANDRA PAULA SIMOES|900.00
202403|16471736291|***.379.566-**|LEANDRO ARAUJO LUCIANO|750.00
202403|21369574365||LEANDRO CARLOS DA SILVA|300.00
202403|16374242328|***.300.626-**|LEIDIANE NOGUEIRA DA SILVA|640.00
202403|20921445223|***.871.092-**|LEIDINALVA DA COSTA SILVA|750.00
202403|16385791182|***.607.666-**|LEILA ANTONIO PORTO|666.00
202403|16481532362|***.604.516-**|LEILA DINIZ BARBOSA PIRES|560.00
202403|20929211264|***.218.436-**|LEILA REGINA ROCHA SILVA|650.00
202403|16460993093|***.594.046-**|LEILIANE APARECIDA DA CRUZ|540.00
202403|16455147384|***.881.766-**|LEILIANE SILVA MOREIRA GONCALVES|590.00
202403|12395629377|***.156.166-**|LENIR CALDEIRA DA SILVA|440.00
202403|16462721562||LEONIA EULALIA ADRIANA|750.00
202403|20459749638|***.831.666-**|LESIANE RODRIGUES MOREIRA|690.00
202403|16410717645|***.738.306-**|LETICIA APARECIDA DOS SANTOS|750.00
202403|16379602098|***.427.326-**|LETICIA APARECIDA MATHEUS|1192.00
202403|21279539080|***.416.356-**|LETICIA APARECIDA SEVERINO LAUDATE|800.00
202403|20755102597|***.002.806-**|LETICIA APARECIDA SOARES PEREIRA|800.00
202403|16512375506|***.438.906-**|LETICIA CECILIA DO COUTO|750.00
202403|20627309245|***.318.346-**|LETICIA CHAGAS BISPO|800.00
202403|16485467719|***.317.056-**|LETICIA CRISTINA AUGUSTA SILVA|616.00
202403|16448722018|***.858.607-**|LETICIA FERNANDA DA SILVA|466.00
202403|20329613477|***.391.266-**|LETICIA FRANCISCA DIAS DE PAULA|750.00
202403|16457698833||LETICIA MARCIA DE ANDRADE|750.00
202403|20330142563|***.808.236-**|LETICIA MARIA SILVA COSTA|255.00
202403|16407369453|***.371.366-**|LETICIA RAPHAELLY DE OLIVEIRA|816.00
202403|16407369542|***.543.446-**|LETICIA RODRIGUES PESSOA|650.00
202403|16445071911||LETICIA STUARTE DOS REIS|750.00
202403|16480692552||LETICIA THAIS FERREIRA|850.00
202403|21290199908||LETICIA YASMIN DE ASSIS|750.00
202403|21423669020||LIANE ROSA DE LIMA|700.00
202403|16406589921|***.259.256-**|LIBIANE ANGELICA GOMES|350.00
202403|16426682714|***.028.456-**|LIBIANE RODRIGUES DOS SANTOS|750.00
202403|16491086640|***.841.396-**|LIDIA CRISTINA ARAUJO GONCALVES|750.00
202403|16445073434|***.007.546-**|LIDIA MARA FERNANDA ROCHA DOS SANTOS|750.00
202403|12764218119||LIDIANE CRISTINA RESENDE PEIXOTO FRANCO|750.00
202403|12772250131||LIDIANE DE FATIMA DA SILVA DINIZ|800.00
202403|16473242636|***.649.326-**|LIDIANE DE FATIMA RODRIGUES|230.00
202403|20755082324|***.398.306-**|LIDIANE FERREIRA LAGES|950.00
202403|16385808565|***.680.946-**|LIDIANE FONSECA SOUZA|540.00
202403|16408324437|***.902.596-**|LIDIANE KATIA CORREA|700.00
202403|20707220690|***.004.966-**|LIDIANE ROSA ESTEVAM|650.00
202403|13392445346|***.688.036-**|LIDIANY PAIVA LIMA|640.00
202403|23678676037|***.150.157-**|LIDIONOR FIGUEIREDO DOS SANTOS|600.00
202403|12814258135|***.095.486-**|LILIAN CRISTINA MONTEIRO|600.00
202403|16379609106|***.954.176-**|LILIAN DE JESUS MORAES|700.00
202403|15701260279|***.688.096-**|LILIAN MOREIRA DE CARVALHO|450.00
202403|20322724400|***.892.286-**|LILIANE CONCEICAO DE JESUS|700.00
202403|16471744413||LILIANE GABRIELA DOS SANTOS|750.00
202403|10873752519|***.369.406-**|LINA DE LOURDES REIS|600.00
202403|20180640717|***.298.634-**|LIONE PEDRO DOS SANTOS|750.00
202403|12581244129||LIONILDO FERNANDES DA SILVA|300.00
202403|16410729708|***.436.006-**|LIRIANE DOS SANTOS MARTINS|800.00
202403|12824329124|***.314.836-**|LISJANE DE LOURDES MORAES|750.00
202403|16504098264||LIVIA ALVES DOS SANTOS|750.00
202403|16470975721||LIVIA CRISTINA MOURA|600.00
202403|21368724703||LIVIA PESSOA LACERDA|375.00
202403|20322729259|***.747.856-**|LOHANDA MAIRA EVANGELISTA DIAS|750.00
202403|14014423782|***.589.696-**|LORENA ALEXIA FONSECA|650.00
202403|14586822860|***.917.186-**|LORENA ALMEIDA RAIMUNDO|850.00
202403|20322720235|***.099.236-**|LORENA CAROLINA STUARTE SILVA|750.00
202403|16468978387|***.200.756-**|LORENA CRISTINA SANCHES|850.00
202403|16379617273|***.770.526-**|LORENA DA SILVA GOMES|666.00
202403|16485897837|***.327.606-**|LORENA GOMES DO AMARAL|1142.00
202403|12901151126|***.201.506-**|LORENA KAREN DINIZ|700.00
202403|16385817343||LORENA MONTEIRO DOMINGOS|700.00
202403|16475452050|***.675.176-**|LORENA VITORIA RAIMUNDO|750.00
202403|14371143500|***.068.626-**|LORIANE MARCIA SILVA ALMEIDA|700.00
202403|16426683648|***.637.466-**|LORRAINE DAIENE SIMOES DA SILVA|750.00
202403|20329623588|***.323.276-**|LORRAINY LOPES DA SILVA|750.00
202403|16408345418|***.817.296-**|LORRAINY LORENA GERVASIO SOARES DA SILVA|800.00
202403|16406602634|***.272.456-**|LORRAYNI KEYFANI XAVIER DA SILVA|761.00
202403|16371381777|***.620.166-**|LOURDES DE JESUS CALDEIRA|350.00
202403|20322728287|***.213.446-**|LOURDES EULALIA CUSTODIO|626.00
202403|20755095329|***.249.286-**|LOURDES FERREIRA ARCANJO|650.00
202403|16385820212|***.293.956-**|LUAN JOSE MARQUES PORTO|440.00
202403|16378148288|***.964.226-**|LUANA ALINE DE LIMA MATOS|640.00
202403|15161153966|***.364.876-**|LUANA ALVES DE SANT ANA DIAS|750.00
202403|16407384150|***.543.036-**|LUANA APARECIDA ALMEIDA|792.00
202403|16481562830|***.126.506-**|LUANA APARECIDA DE LELIS COSTA|650.00
202403|16471749318||LUANA ARAUJO LUCIANO|609.00
202403|23841910692|***.479.576-**|LUANA CLAUDIA DE OLIVEIRA|400.00
202403|16411172456|***.824.316-**|LUANA CRISTINA DOS SANTOS|490.00
202403|20333485488|***.639.606-**|LUANA CRISTINA PARANHOS|700.00
202403|20333484422|***.554.246-**|LUANA DE ANDRADE|900.00
202403|16383425421||LUANA DE ARAUJO|690.00
202403|16500367619|***.582.966-**|LUANA JANAINA RAIMUNDO|910.00
202403|16408358714|***.583.956-**|LUANA MONIQUE ARAUJO|750.00
202403|20322719253||LUANA REGINA DA CRUZ|1050.00
202403|21361846994||LUANA RODRIGUES DO COUTO|750.00
202403|16445082034|***.916.286-**|LUANA SILVA SOARES|300.00
202403|16408367128|***.639.826-**|LUANE CARLA HELIODORO|750.00
202403|15430230271||LUANNA LORENA BRAGA MEIRELES|490.00
202403|12818207101|***.604.766-**|LUCAS BRITO FERREIRA|600.00
202403|12349384561|***.274.526-**|LUCIA APARECIDA DE FREITAS|600.00
202403|16448728199|***.601.256-**|LUCIA DAS GRACAS SILVA|600.00
202403|20322734805|***.847.176-**|LUCIA FRANCISCA FERREIRA|600.00
202403|16407409331|***.945.216-**|LUCIA INES BATISTA|325.00
202403|12766395131|***.445.706-**|LUCIA RODRIGUES VIEIRA|700.00
202403|16445096469|***.889.666-**|LUCIANA ALVES DE OLIVEIRA RODRIGUES|600.00
202403|16406661223|***.528.566-**|LUCIANA APARECIDA DIAS|934.00
202403|12735099093|***.559.296-**|LUCIANA APARECIDA PAULINO|800.00
202403|16516289841|***.930.666-**|LUCIANA CRISTINA DOS SANTOS SOUZA|375.00
202403|16411196479|***.989.276-**|LUCIANA DA CONCEICAO SANTOS|650.00
202403|16466057101|***.435.826-**|LUCIANA DAS GRACAS ALVES|700.00
202403|16445096590|***.026.896-**|LUCIANA DE FATIMA SENA|350.00
202403|16355935143|***.973.946-**|LUCIANA DE JESUS CAETANO|640.00
202403|20755095973|***.541.076-**|LUCIANA DE OLIVEIRA|230.00
202403|12840886121|***.308.686-**|LUCIANA DE OLIVEIRA SIQUEIRA|650.00
202403|20322738053|***.752.686-**|LUCIANA DIAS RODRIGUES DOS SANTOS|600.00
202403|17043256435||LUCIANA FERREIRA|600.00
202403|16385846483|***.941.856-**|LUCIANA FERREIRA PINTO|750.00
202403|20476387188|***.841.716-**|LUCIANA FIDELES|650.00
202403|23725097735|***.004.986-**|LUCIANA LOPES PEREIRA|640.00
202403|16379651951|***.458.486-**|LUCIANA MAFALDA MENDES|501.00
202403|16385844944|***.930.026-**|LUCIANA MARA BENTO|440.00
202403|16407411158|***.646.536-**|LUCIANA PATRICIA RODRIGUES GUERRA|600.00
202403|12727261111|***.341.346-**|LUCIANA PIRES DOS SANTOS|600.00
202403|12850080138|***.845.006-**|LUCIANA REIS DE PAULA|600.00
202403|20058240092|***.350.726-**|LUCIANA ZACARIAS ANTONIO|750.00
202403|12594716121|***.417.496-**|LUCIANE ANTONIA DO NASCIMENTO|700.00
202403|16445098550|***.901.676-**|LUCIENE AMARAL PORTO|750.00
202403|16481601100|***.249.986-**|LUCIENE APARECIDA DE SENA SOUZA|440.00
202403|19008589527|***.327.036-**|LUCIENE BATISTA DE SOUZA|325.00
202403|20329621992|***.945.366-**|LUCIENE DE FATIMA CORREIA|540.00
202403|20329626536|***.616.956-**|LUCIENE DE LOURDES OLIVEIRA|325.00
202403|20755092605||LUCIENE PEREIRA SANTOS|600.00
202403|16496184314|***.551.536-**|LUCIENE RAMOS ALVES DE OLIVEIRA|650.00
202403|16385851045|***.340.356-**|LUCIENE TAMARA BENTO|690.00
202403|23884544779|***.679.956-**|LUCIENE VIANA VIEIRA CAMILO|350.00
202403|16408453482|***.037.786-**|LUCILA ALVES DE OLIVEIRA ROCHA|766.00
202403|16385853943|***.293.196-**|LUCILEIA AGOSTINHA DE SOUZA|650.00
202403|16481601208|***.969.516-**|LUCILENE BERNARDES VITOR GONCALVES|650.00
202403|20917121192|***.895.676-**|LUCILENE GOMES CARDOSO|650.00
202403|16429919413|***.627.755-**|LUCILENE TANAN DE JESUS|700.00
202403|16383534565|***.772.556-**|LUCIMAR LIMA DOS SANTOS|600.00
202403|16407420785|***.712.756-**|LUCIMARA APARECIDA PASTOR|325.00
202403|20052481497|***.803.616-**|LUCIMARA LUZIA RIBEIRO|700.00
202403|20997080269||LUCIMARA PATRICIA CRUZ|650.00
202403|16444863857|***.315.996-**|LUCIMARIA SOUZA SANTOS|650.00
202403|13268216349|***.194.446-**|LUCINEIA APARECIDA DOS SANTOS|650.00
202403|16448729586||LUCINEIA DA COSTA|735.00
202403|16471480092|***.310.036-**|LUCIVANE MARTINHA DE SOUZA|750.00
202403|16445100849|***.227.036-**|LUCIVANIA JORGETE DA PIEDADE MOREIRA|425.00
202403|16483579498||LUDIMILA APARECIDA SIMOES|800.00
202403|20755096589||LUDIMILA DE LELES COSTA|750.00
202403|16454809642|***.238.816-**|LUDIMILA JANICE DA CRUZ FERREIRA|800.00
202403|16385824374|***.419.676-**|LUDIMILA KENIA APARECIDO|750.00
202403|16474993880|***.032.316-**|LUDIMILA SANTOS SIMOES|375.00
202403|20322726349||LUDMILA FERREIRA PINTO|800.00
202403|16383440307|***.093.916-**|LUIARA FONSECA|740.00
202403|13070833135||LUIS EDUARDO CIDREIRA DOS SANTOS|650.00
202403|20086009006|***.621.246-**|LUISA GOMES DA ROCHA|526.00
202403|16477531055|***.163.436-**|LUIZ CARLOS GONCALVES|440.00
202403|16385827152|***.152.626-**|LUIZ CASSIO DE OLIVEIRA JUNIOR|600.00
202403|16385833551|***.546.206-**|LUIZA DE MARILLAC COSTA NASCIMENTO|600.00
202403|20329627982|***.801.506-**|LUIZA GABRIELA DA SILVA SANTOS|811.00
202403|12343853349|***.739.246-**|LUIZA SANTA EVA LEONEL|572.00
202403|12728962091||LUVIENE DE OLIVEIRA GOMES|180.00
202403|16445101292|***.490.696-**|LUZIA DA PIEDADE BARBOSA LIMA|490.00
202403|21375481128||LUZIA LOURENCA MACHADO|650.00
202403|16379670824|***.325.226-**|LUZIA LUCAS DOS SANTOS|300.00
202403|12725848107|***.236.116-**|LUZINEIA APARECIDA ALVES|280.00
202403|16379674978|***.246.146-**|MADALENA SANCHA DOS SANTOS|650.00
202403|12713150126|***.269.326-**|MAGALY MARIA DO CARMO|600.00
202403|16379676164|***.206.346-**|MAGDA APARECIDA PINTO|850.00
202403|20336202320|***.567.976-**|MAGDA DE PAULA SANTOS|700.00
202403|20329627346|***.805.926-**|MAGDA MARILIA DOS SANTOS CEZARIO|325.00
202403|16445102973|***.883.936-**|MAGNA DE OLIVEIRA DA CRUZ|300.00
202403|16385866409|***.167.016-**|MAGNA MARIA PIMENTA|350.00
202403|20052482434|***.411.696-**|MAIRA KELE SOARES|700.00
202403|20047258327|***.926.606-**|MAISA FERREIRA|600.00
202403|16359500702|***.506.196-**|MAIZA DA SILVA|960.00
202403|16407442800|***.233.976-**|MANOELA CRISTINA ROSA STUARTE|800.00
202403|16385464521|***.677.636-**|MANOELA DE LOURDES SANTOS BRAZ|700.00
202403|16426692892|***.244.656-**|MARA ALICE DA SILVA MAGALHAES|490.00
202403|22822610842|***.116.206-**|MARA CRISTINA SILVA DE OLIVEIRA GONCALVES|690.00
202403|12300770581||MARA TRIANA SAMPAIO DA FONSECA|600.00
202403|20433391663||MARCELA CRISTINE DA ROCHA|1050.00
202403|20925788478|***.572.636-**|MARCELA FERREIRA DE ALMEIDA|750.00
202403|20333488657|***.274.066-**|MARCELA ROSA DA SILVA BORGES|425.00
202403|20997072398|***.430.556-**|MARCELO DA SILVA|600.00
202403|14878559477||MARCELO SILVA FERNANDES|600.00
202403|12270899034||MARCELO VENTURINI DE ASSIS|600.00
202403|20793725121||MARCIA APARECIDA DE OLIVEIRA|650.00
202403|16415352157|***.300.356-**|MARCIA CRISTINA DE OLIVEIRA|650.00
202403|16494543120|***.211.436-**|MARCIA CRISTINA DUARTE|325.00
202403|16469418903|***.210.806-**|MARCIA CRISTINA FONTANA SILVA|600.00
202403|16445165665|***.160.586-**|MARCIA CRISTINA RODRIGUES|650.00
202403|20329613485|***.676.216-**|MARCIA CRISTINA SIMAO|650.00
202403|16379916459|***.096.316-**|MARCIA DA SILVA|700.00
202403|16426709000|***.561.406-**|MARCIA FRANCIS ARAUJO SOARES|600.00
202403|20329638925|***.177.756-**|MARCIA FRANCISCA FERREIRA COSTA|650.00
202403|16399497362||MARCIA HELENA MENDES|280.00
202403|20322725229|***.711.246-**|MARCIA LINA SILVA|350.00
202403|16386072953|***.725.776-**|MARCIA MEIRE LUCAS|700.00
202403|20322726888|***.329.216-**|MARCIA PIEDADE DE RAMOS|600.00
202403|12712988118|***.182.406-**|MARCIA REGINA DE PAULA|300.00
202403|16407568685|***.632.016-**|MARCIA ROBERTA DA SILVA|230.00
202403|20322741941|***.792.786-**|MARCIA ROSA LIMA DIAS|490.00
202403|16426709280|***.438.386-**|MARCIANA VICENTE DOS SANTOS SILVA|362.00
202403|12848471427|***.370.152-**|MARCICLEIA COSTA CARDOSO|800.00
202403|19026472334||MARCILENE BRIGIDA DE OLIVEIRA|300.00
202403|12352503290||MARCILENE DO BONSUCESSO PINTO|650.00
202403|16495950951|***.645.916-**|MARCILENE JOANA DA COSTA|700.00
202403|16480801327|***.750.656-**|MARCILENE VICENTE SANTOS|300.00
202403|12730169123|***.283.876-**|MARCILIANE ANASTACIA DE MOURA PAULA|884.00
202403|12511857040|***.607.276-**|MARCILIS ROBERTO DE FARIAS|600.00
202403|21303492328||MARCIO NEY VITORIANO|600.00
202403|16407573441|***.023.266-**|MARCIONELE ROBERTA DA SILVA|590.00
202403|15711932687||MARCO YOVAN FAJARDO SANCHEZ|1060.00
202403|12560274134|***.773.086-**|MARCOS AURELIO DE JESUS|650.00
202403|12716592138|***.435.906-**|MARCOS AURELIO PEREIRA DE JESUS|800.00
202403|12913209108|***.008.176-**|MARCOS VINICIUS DE SOUSA|300.00
202403|20380299989|***.274.936-**|MARGARETH ALVES BASTOS|325.00
202403|12083567104|***.026.086-**|MARGARETH DA CONCEICAO LOPES|1720.00
202403|20329618819|***.680.546-**|MARGARETH DE LOURDES FONTANA|710.00
202403|20161746203||MARGARIDA IZABEL SALEME DA SILVA|650.00
202403|12128279188|***.505.406-**|MARGARIDA VIRISSIMO DA COSTA|600.00
202403|15707056045||MARIA ALICE DE OLIVEIRA|590.00
202403|16410838361|***.919.266-**|MARIA ANDRE DA ANUNCIACAO|300.00
202403|21384484444||MARIA ANGELA BARBOSA FERNANDES|600.00
202403|16456791902|***.826.296-**|MARIA ANGELA DA SILVA|300.00
202403|20329627265|***.328.696-**|MARIA ANGELA GERTRUDES ALMEIDA|600.00
202403|16481982929|***.816.376-**|MARIA ANGELICA DOS SANTOS|750.00
202403|21345441454||MARIA ANTONIA DA COSTA ARAUJO|750.00
202403|21076801937|***.213.746-**|MARIA ANTONIA DA SILVA|700.00
202403|16383808398|***.726.136-**|MARIA ANTONIA DOS SANTOS|600.00
202403|17041816832|***.628.006-**|MARIA ANTONIA MOREIRA|600.00
202403|16410910909|***.558.776-**|MARIA ANTONIA ROSA|650.00
202403|12312796343|***.884.936-**|MARIA ANTONIA TORRES|600.00
202403|20329623898|***.673.736-**|MARIA APARECIDA AGANETTI|600.00
202403|13038734127||MARIA APARECIDA ANDRE|600.00
202403|12397036853|***.176.666-**|MARIA APARECIDA CANDIDO LOPES|451.00
202403|14377035491||MARIA APARECIDA CONCEICAO DO CARMO ARAUJ|750.00
202403|16462748495|***.224.146-**|MARIA APARECIDA COSTA SILVA|800.00
202403|20333486131||MARIA APARECIDA DA COSTA PIEDADE|650.00
202403|16385908802|***.317.226-**|MARIA APARECIDA DA CRUZ|600.00
202403|16473839683|***.653.256-**|MARIA APARECIDA DA SILVA|205.00
202403|16385912974|***.598.566-**|MARIA APARECIDA DA SILVA GONCALVES|440.00
202403|12650370124|***.356.036-**|MARIA APARECIDA DE ARAUJO|700.00
202403|16459464201||MARIA APARECIDA DE ASSIS SOUZA|600.00
202403|12338887230|***.210.566-**|MARIA APARECIDA DE JESUS|600.00
202403|16385973736|***.828.476-**|MARIA APARECIDA DE OLIVEIRA|300.00
202403|12111715311|***.053.176-**|MARIA APARECIDA DE SOUZA|430.00
202403|20651928979|***.042.726-**|MARIA APARECIDA DIAS DOS SANTOS|640.00
202403|16407498393|***.746.176-**|MARIA APARECIDA DOS SANTOS|551.00
202403|16407215014|***.010.726-**|MARIA APARECIDA DOS SANTOS|375.00
202403|12281930159|***.481.161-**|MARIA APARECIDA DOS SANTOS|490.00
202403|12083465328|***.846.716-**|MARIA APARECIDA DOS SANTOS MOURA|600.00
202403|16407450420|***.938.496-**|MARIA APARECIDA EDUARDA ALVES|350.00
202403|16459467138|***.351.396-**|MARIA APARECIDA FERREIRA|700.00
202403|16410852674|***.153.006-**|MARIA APARECIDA FERREIRA DE OLIVEIRA|600.00
202403|12366596393||MARIA APARECIDA LUCIENE LACERDA|600.00
202403|20330143675|***.628.526-**|MARIA APARECIDA MARTINS LOURENCO|600.00
202403|12349383824|***.528.546-**|MARIA APARECIDA MIRANDA JARDIM|300.00
202403|12337538445||MARIA APARECIDA RODRIGUES BANHOS|375.00
202403|16445123172|***.263.166-**|MARIA APARECIDA SILVA|600.00
202403|16380603124|***.837.546-**|MARIA APARECIDA VIEIRA DE OLIVEIRA|255.00
202403|21391153857||MARIA APARECIDA VILAS NOVA|900.00
202403|16407507783|***.321.416-**|MARIA AUXILIADORA TEIXEIRA SIMOES|600.00
202403|16471788887|***.935.756-**|MARIA CAMILA MUNIZ RODRIGUES|750.00
202403|20628606995|***.676.016-**|MARIA CARLA BATISTA SOARES|650.00
202403|12242837674|***.689.256-**|MARIA CORALICE BARBOSA DA SILVA|300.00
202403|20346189785|***.913.288-**|MARIA CORREIA BRAGANCA|650.00
202403|20755079293|***.967.736-**|MARIA CRISTINA FERREIRA DA SILVA|230.00
202403|16383824067|***.955.346-**|MARIA CRISTINA SANTOS|600.00
202403|20380460704|***.325.576-**|MARIA D AJUDA SOUZA DOS SANTOS|650.00
202403|16900033955||MARIA DA CONCEICAO ALVES DE SOUZA|600.00
202403|22805584626|***.803.936-**|MARIA DA CONCEICAO CAMPOS MENDONCA|1344.00
202403|12360937725|***.800.256-**|MARIA DA CONCEICAO DA SILVA VIANA|300.00
202403|16385954235|***.731.146-**|MARIA DA CONCEICAO DE OLIVEIRA|325.00
202403|12975269090|***.975.666-**|MARIA DA CONCEICAO GONCALVES|230.00
202403|12297421143|***.886.946-**|MARIA DA CONCEICAO MACHADO|600.00
202403|16490780128|***.855.376-**|MARIA DA CONCEICAO MONTEIRO RODRIGUES|668.00
202403|20923815249|***.245.376-**|MARIA DA CONCEICAO SILVA DE OLIVEIRA|600.00
202403|20334042032|***.879.546-**|MARIA DA CONSOLACAO VITA MARIANO|650.00
202403|16407456852|***.652.776-**|MARIA DA PIEDADE ELIAS|600.00
202403|16473861190|***.115.526-**|MARIA DA PIEDADE ESPINOLA|600.00
202403|16379769553|***.423.166-**|MARIA DA PIEDADE LIMA DO NASCIMENTO|750.00
202403|16407212406|***.681.936-**|MARIA DA PIEDADE RODRIGUES|600.00
202403|12311958625||MARIA DA PIEDADE SILVA|600.00
202403|16406813562|***.361.806-**|MARIA DA PIEDADE SILVA OLIVEIRA|810.00
202403|10734595465|***.539.316-**|MARIA DA PIEDADE TIMOTEO BAILAO|300.00
202403|16436332155|***.058.146-**|MARIA DALVA ALVES|325.00
202403|16408736212|***.913.576-**|MARIA DANIELLE DE OLIVEIRA SIMOES TEIXEIRA|700.00
202403|21376766290||MARIA DAS DORES DE MELO NAZARE|600.00
202403|16385952399|***.268.806-**|MARIA DAS DORES DE SOUZA OLIVEIRA|600.00
202403|16408676635|***.156.046-**|MARIA DAS DORES DOMINGUES DE OLIVEIRA PAULA|600.00
202403|16379724592|***.082.416-**|MARIA DAS DORES FREITAS|600.00
202403|12542098567|***.123.258-**|MARIA DAS DORES MARTINS|650.00
202403|20052483449|***.843.286-**|MARIA DAS DORES RIBEIRO COSTA|600.00
202403|16379799851|***.681.038-**|MARIA DAS DORES SANTOS|600.00
202403|12661940105|***.504.476-**|MARIA DAS GRACAS DE JESUS|600.00
202403|16050291714|***.923.986-**|MARIA DAS GRACAS FERREIRA DOS SANTOS|501.00
202403|16379767143|***.265.606-**|MARIA DAS GRACAS NASCENTE|600.00
202403|16385885640|***.837.946-**|MARIA DE DEUS AMARAL|600.00
202403|16386020740|***.782.796-**|MARIA DE FATIMA ANTONIO|600.00
202403|20333486158|***.492.956-**|MARIA DE FATIMA DA PIEDADE SOARES|650.00
202403|21394119420||MARIA DE FATIMA DOS SANTOS|600.00
202403|20330145597|***.052.336-**|MARIA DE FATIMA FERREIRA ALVES|810.00
202403|17043254521|***.623.716-**|MARIA DE FATIMA MENDES|600.00
202403|16426692906|***.645.246-**|MARIA DE FATIMA TEIXEIRA MACIEL|600.00
202403|16445113762|***.622.266-**|MARIA DE LOURDES ALVES|375.00
202403|12615316100|***.292.426-**|MARIA DE LOURDES DA SILVA|600.00
202403|12343852938|***.642.806-**|MARIA DE LOURDES DA SILVA OLIVEIRA|600.00
202403|12347167598|***.632.796-**|MARIA DE LOURDES DOS SANTOS|800.00
202403|16481406545|***.919.246-**|MARIA DE LOURDES PEREIRA|900.00
202403|16385965660|***.456.826-**|MARIA DE LOURDES POLIANA DOS REIS|650.00
202403|19015076521|***.414.386-**|MARIA DE LOURDES PORTO|910.00
202403|16511538606|***.210.806-**|MARIA DE LOURDES RIBEIRO|700.00
202403|12609080125|***.413.436-**|MARIA DE LOURDES SILVA|650.00
202403|20329620759|***.869.276-**|MARIA DE LOURDES VALICELI RAVACINI RIBEIRO|325.00
202403|12270753072|***.417.446-**|MARIA DESTERRO DA SILVA|600.00
202403|16385912079|***.024.186-**|MARIA DO CARMO ALMEIDA GOMES|650.00
202403|12032101922|***.677.216-**|MARIA DO CARMO DIAS|650.00
202403|16481968748|***.994.346-**|MARIA DO ROSARIO DE OLIVEIRA FARIAS|600.00
202403|12170823184|***.013.678-**|MARIA EDILEUDA BRAGA LIMA|480.00
202403|16481981515||MARIA EDUARDA ALVES RIBEIRO|450.00
202403|21392954438||MARIA EDUARDA DA MATTA SILVA|750.00
202403|20336196436|***.470.156-**|MARIA EDUARDA DA SILVA PINTO|900.00
202403|16472274704||MARIA EDUARDA FERNANDES BRITO|375.00
202403|21354930411||MARIA EDUARDA RODRIGUES|750.00
202403|16385967809|***.266.276-**|MARIA ELIZABETH CORDEIRO RODRIGUES|650.00
202403|16360068916|***.542.536-**|MARIA ELOISA DOS SANTOS|1352.00
202403|16408679944|***.902.186-**|MARIA ELZA COSTA PEREIRA SILVA|600.00
202403|20329623316|***.559.886-**|MARIA FLAVIANA SANTOS MARQUES|300.00
202403|16497011723|***.900.636-**|MARIA FRANCISCA OLIVEIRA|650.00
202403|12141180645|***.441.377-**|MARIA GERALDA SEGUNDO|350.00
202403|20351033917|***.002.186-**|MARIA GERALDA SILVA|600.00
202403|16385994679|***.217.806-**|MARIA HELENA CALDEIRA SILVA|1052.00
202403|20399364794|***.178.836-**|MARIA HELENA MARTINS DOS SANTOS|650.00
202403|20602215670|***.898.088-**|MARIA HELOISA MOREIRA|600.00
202403|16430325971|***.462.136-**|MARIA HELOISA OLIVEIRA PIRES|900.00
202403|16450667975||MARIA IMACULADA ARAUJO FONSECA|650.00
202403|17043257326||MARIA IMACULADA DE CARVALHO E SOUZA|650.00
202403|16520314464|***.279.576-**|MARIA INOCENCIA FERNANDES GABRIEL|325.00
202403|16379864068|***.377.156-**|MARIA IVALDETE OLIVEIRA DA SILVA VIEGAS|300.00
202403|20997077047|***.635.706-**|MARIA JOSE ALVES DIAS|650.00
202403|16412517589|***.319.666-**|MARIA JOSE APARECIDA GOMES|350.00
202403|12720101933|***.247.808-**|MARIA JOSE DA CONCEICAO|600.00
202403|16485539574|***.899.186-**|MARIA JOSE DAS DORES EVANGELISTA|600.00
202403|12434208861|***.891.246-**|MARIA JOSE DOS SANTOS|621.00
202403|16407501904|***.177.306-**|MARIA JOSE DOS SANTOS|490.00
202403|17037336244|***.475.665-**|MARIA JUCELIA EVANGELISTA DOS SANTOS|600.00
202403|16475633136|***.151.426-**|MARIA JULIANA MOREIRA|650.00
202403|16422743425|***.124.166-**|MARIA JUSCELINA FELIPE SOUZA|300.00
202403|12745439105|***.559.766-**|MARIA LUCIA APARECIDA PERDIGAO|316.00
202403|20396220279|***.542.956-**|MARIA LUIZA CANDIDO|700.00
202403|16406874847|***.705.346-**|MARIA LUIZA GOMES DA SILVA|650.00
202403|20433326845|***.559.926-**|MARIA MADALENA TOMAZ|600.00
202403|23638015781|***.451.208-**|MARIA MARGARETH DA PAZ PORTO|650.00
202403|20336195391|***.844.696-**|MARIA MARTINHA NONATO|600.00
202403|16506930455|***.838.526-**|MARIA MEIRE DA SILVA|600.00
202403|12714603116|***.932.528-**|MARIA NICEA FERNANDES DA COSTA|600.00
202403|16379728962|***.241.236-**|MARIA NICOLAU GOMES GONCALVES|750.00
202403|12518640926||MARIA NILZA RODRIGUES SANTOS|600.00
202403|12417053421|***.532.266-**|MARIA ODETE DOS SANTOS|300.00
202403|16445136371|***.347.146-**|MARIA REGINA DAS GRACAS SANCHA|440.00
202403|21338444524||MARIA RITA DA SILVA FERREIRA|750.00
202403|12297243237|***.259.316-**|MARIA SELESTE DE JESUS|600.00
202403|12530234401||MARIA STELA DOS SANTOS|600.00
202403|12235080881|***.598.746-**|MARIANA BARBOSA SILVA JORGE|640.00
202403|12884918126|***.751.936-**|MARIANA DE CASSIA ROSA|850.00
202403|16475716112|***.311.096-**|MARIANA DE LOURDES RAIMUNDO|850.00
202403|16509353890|***.235.646-**|MARIANA RICELLY SANTOS SILVA|540.00
202403|16364921745|***.667.946-**|MARILAINE DA CONCEICAO|700.00
202403|16452474570|***.262.956-**|MARILDA OLIVEIRA DA SILVA|350.00
202403|16471216409|***.249.406-**|MARILEIA APARECIDA SOARES DIAS|490.00
202403|16473888455|***.745.956-**|MARILENE BENTO|700.00
202403|22809494435|***.286.086-**|MARILIA APARECIDA DAS MERCES|690.00
202403|16386039956|***.418.446-**|MARILIA MACHADO CUSTODIO DO SOCORRO|926.00
202403|20322741720|***.468.326-**|MARILMA DE FATIMA PUREZA|400.00
202403|19016198051|***.797.376-**|MARILMA DE JESUS PORTO|750.00
202403|16386048181|***.310.946-**|MARILMA EVANGELISTA CUSTODIO|850.00
202403|12343852679|***.122.596-**|MARILZA SOUSA DE CARVALHO|600.00
202403|16470365753|***.868.356-**|MARINA DA SILVA MIRANDA|740.00
202403|14419812172||MARINA DE SOUZA VENTURA|902.00
202403|20329638054|***.982.186-**|MARINA DO BONSUCESSO GOMES|280.00
202403|20086006287|***.975.526-**|MARINA GOMES BATISTA DIAS|650.00
202403|12772892125|***.984.896-**|MARINA JOSE MARIA|1444.00
202403|20329613493|***.454.076-**|MARINA SIMAO DE DEUS|657.00
202403|16408733183|***.148.216-**|MARINA VICENTE DOS SANTOS|790.00
202403|13009798139||MARINALDO FERNANDES BARBOSA|750.00
202403|21345886413||MARINES SILVA SANTOS|800.00
202403|18044012260|***.859.666-**|MARIO LUCIO CHAGAS|600.00
202403|15675011114|***.882.366-**|MARISA SILVA LOURENCO DOS SANTOS|650.00
202403|20329614651|***.553.256-**|MARIZA ANA PAULA DO CARMO ARAUJO|850.00
202403|16383979125|***.095.426-**|MARIZA APARECIDA DO AMARAL GOMES|910.00
202403|16489294053|***.592.576-**|MARIZETE DOS REIS COSTA|600.00
202403|12274371433|***.562.786-**|MARLENE APARECIDA BENTO|600.00
202403|16386061013|***.453.996-**|MARLENE BENEDITA DOS SANTOS|700.00
202403|22803459832|***.469.926-**|MARLENE DA PIEDADE STUARTE|405.00
202403|16445158987|***.020.976-**|MARLENE DE JESUS BENTO ROSA|650.00
202403|20322722424|***.920.716-**|MARLENE DOS SANTOS|600.00
202403|12553510162|***.988.606-**|MARLENE INACIA PEREIRA|600.00
202403|16519341496|***.769.936-**|MARLENE PINTO|650.00
202403|12623223094|***.880.836-**|MARLENE ROSA DE ALMEIDA|205.00
202403|20352947327|***.638.326-**|MARLI CORNELIA DA SILVA|600.00
202403|16436908170|***.959.716-**|MARLI DE FATIMA DIAS|650.00
202403|16408891706|***.507.266-**|MARLI GUIOMAR DIAS|300.00
202403|20322719016|***.357.146-**|MARLUCIA DO CARMO BARBOSA COELHO|650.00
202403|12274493830|***.203.586-**|MARLY FERREIRA|180.00
202403|16385721400|***.397.216-**|MARTA APARECIDA DAS DORES|650.00
202403|16456948070|***.234.676-**|MARTA LUIZA DE OLIVEIRA|650.00
202403|20329639042|***.861.956-**|MARTA MARTINS MORAIS|700.00
202403|20336199168||MARTA ROZA DE JESUS|600.00
202403|16379925717|***.259.616-**|MARTIANE LETICIA SANCHA SILVA|950.00
202403|20322725121|***.856.496-**|MARY CRISTINA FERREIRA|700.00
202403|20351030543|***.189.006-**|MATILDE APARECIDA TEIXEIRA|600.00
202403|20755090874|***.837.856-**|MAURA DA CONCEICAO ALVES|1452.00
202403|17010108917|***.223.376-**|MAURICIO MARTINS FILHO|600.00
202403|20329638348|***.524.436-**|MAURISA DA CONCEICAO SILVA BARBOSA|325.00
202403|16408965017|***.242.416-**|MAURO LUCIO|600.00
202403|16488868587|***.809.096-**|MAURO LUCIO DOS SANTOS|600.00
202403|12826254113|***.137.406-**|MAURO SERGIO GOMES DA CONCEICAO|600.00
202403|16408967311|***.305.976-**|MAXLENE DE OLIVEIRA FERNANDES|650.00
202403|16481777233|***.707.586-**|MELISSA BARBOSA PIRES RODRIGUES DA CRUZ|750.00
202403|20755094438||MELISSA EVELYN DOS SANTOS LIMA|375.00
202403|16458505052|***.918.906-**|MELISSA GUERRA VITOR DOS SANTOS|750.00
202403|12883290131|***.252.776-**|MENDERSON ANTONIO FONTANA|600.00
202403|14590097415|***.752.656-**|MENICA SUELE DOS SANTOS|700.00
202403|16518894831|***.607.986-**|MERCES DA SILVA COELHO|600.00
202403|20330141907|***.683.146-**|MICAELA SILVA NASCIMENTO SANTOS|750.00
202403|16472492604||MICAELA SOUZA ANDRADE|375.00
202403|16488926374|***.752.656-**|MICHELE ALVES VIEIRA|750.00
202403|16469511040|***.037.826-**|MICHELE APARECIDA ROCHA|375.00
202403|16409610077|***.803.716-**|MICHELE JESSICA DO AMARAL|530.00
202403|20396211784|***.038.946-**|MICHELE LURDES ALVES SILVA|900.00
202403|21390126929||MICHELE PAULA KELLY TEIXEIRA JULIO|800.00
202403|16650512614|***.578.386-**|MICHELE ROSA DOS SANTOS|800.00
202403|16630399111|***.722.526-**|MICHELI CLERIA DE OLIVEIRA BARBOSA|750.00
202403|16411060410|***.752.776-**|MICHELINE VENTURA DE MELO|800.00
202403|16407595755|***.774.816-**|MICHELLE CRISTIANE FERREIRA|375.00
202403|16407595607|***.628.366-**|MICHELLE DE JESUS ALVES|230.00
202403|16583990017|***.664.306-**|MICHELLE JOZIANE DOS SANTOS SILVA|650.00
202403|20465336218|***.537.296-**|MICHELLE LOPES SAMPAIO|750.00
202403|16480819153|***.381.766-**|MICHELLY CRISTINE FONSECA GONCALVES|900.00
202403|21376589445||MICHELY CAROLINE LOURENCO DOS ANJOS|600.00
202403|10830762288|***.252.626-**|MIGUEL ALVES MOREIRA|600.00
202403|16471503521|***.188.206-**|MILENA NASCIMENTO DA SILVA|650.00
202403|16466246494|***.809.926-**|MILENA RAFAELA APARECIDA FONTANA COSTA|850.00
202403|16443817096|***.896.326-**|MILENA SANTOS COELHO|750.00
202403|16426712656|***.913.476-**|MILENE ALVES LINO|750.00
202403|16548171935|***.298.076-**|MILENE SANTOS DE ALMEIDA|690.00
202403|21281109152||MILENY STEFANI DA SILVA CARMO|375.00
202403|16386096240|***.197.316-**|MILLENY APARECIDA DE SENA SOUZA|850.00
202403|12106809974||MILTON DOS ANJOS SANTOS|600.00
202403|12169719700|***.727.696-**|MILTON RAIMUNDO DOS REIS|300.00
202403|20184684794|***.608.096-**|MIRELE DA SILVA ROCHA|750.00
202403|16448748912|***.365.336-**|MIRIA PEREIRA DE SOUZA|1152.00
202403|16386097379|***.807.596-**|MIRIALINE SILVA DE OLIVEIRA|1060.00
202403|16379943480|***.122.066-**|MIRIAM EVANGELISTA DOS SANTOS|280.00
202403|16477437946|***.289.876-**|MIRIAM MARTINS DA SILVA|750.00
202403|16379944126|***.764.316-**|MIRIAM NAYARA SANTOS DE SOUZA|910.00
202403|16426712877|***.839.286-**|MIRIAN CRISTINA DIAS|325.00
202403|21281675352|***.047.106-**|MIRIAN DE CASSIA ARAUJO|950.00
202403|16386099282||MIRIAN DE OLIVEIRA SILVA|400.00
202403|16460229695|***.099.136-**|MIRIAN DE SOUZA|1010.00
202403|16586983860|***.003.166-**|MIRIANE APARECIDA DE SOUZA|750.00
202403|16410963255|***.494.586-**|MIRIANLENE DAS GRACAS BARBOSA|300.00
202403|20755087202||MIRIANY ALMEIDA DE SOUZA|750.00
202403|20693645924|***.273.916-**|MIRLEI CANDIDO|650.00
202403|16647219618|***.189.596-**|MIRLENE DE LOURDES SANTOS REIS|750.00
202403|16664458862|***.024.326-**|MIRYAN FLAVIANA DOS SANTOS|300.00
202403|10789901118||MOACIR ELOI DA SILVA|650.00
202403|16653621236|***.505.776-**|MOANA EVANGELISTA DIAS|590.00
202403|20396213698|***.152.866-**|MOAYKA ANGEL DAS MERCES|960.00
202403|12343852792|***.366.776-**|MONICA DE SOUZA ELEOTERIO|600.00
202403|16469521275|***.872.236-**|MONICA DOS SANTOS|1360.00
202403|16471505419|***.335.966-**|MONICA LUCIA MARIA MIGUEL|375.00
202403|16659453718||MONIQUE CUSTODIO DA MATTA|600.00
202403|16445184929|***.346.966-**|MORGANA DOROTHEA ELOY DE ALMEIDA|910.00
202403|12270898984|***.810.606-**|NADIA DA CONCEICAO SOARES|600.00
202403|16584005403||NADIA SILVA DAMASCENO|900.00
202403|16445185739||NADIA VITORIA GONCALVES DA SILVA|900.00
202403|16426714357|***.602.526-**|NADIANY CRISTINA MACHADO DE OLIVEIRA DANIEL|616.00
202403|12343850935||NADIR CHAVES DE JESUS SILVA|650.00
202403|20322740376|***.350.746-**|NAGELA MIDIA DE OLIVEIRA SILVA|750.00
202403|20755097526|***.167.646-**|NAIAMA REBECA ALMEIDA DE SOUZA|650.00
202403|20755089817|***.206.226-**|NAIARA APARECIDA RODRIGUES|650.00
202403|20052486138|***.053.696-**|NAIARA CRISTINA DOS SANTOS|656.00
202403|16584012078|***.463.016-**|NAIARA GONCALVES SANTANA|750.00
202403|21030034097|***.567.446-**|NAIARA KARLA DA PAIXAO|650.00
202403|20351030802||NAIARA MARIA DA SILVA|800.00
202403|21030034011|***.362.366-**|NAIARA TAVARES DOS SANTOS ELEUTERIO|1344.00
202403|16426714721|***.788.706-**|NAIARA VICENTE DOS SANTOS|590.00
202403|20322724834|***.698.206-**|NAIHARA DE FATIMA VALENTINA|1302.00
202403|20672543847|***.982.636-**|NATALIA APARECIDA DE SOUSA|790.00
202403|23605336341|***.072.496-**|NATALIA CRISTINA DA SILVA|228.00
202403|16582948831|***.557.956-**|NATALIA CRISTINA PEREIRA|700.00
202403|16379969471|***.719.606-**|NATALIA CRISTINA SEVERO|750.00
202403|21436365742||NATALIA FERNANDES|700.00
202403|16586515514|***.031.006-**|NATALIA LOURDES ROSA BATISTA|800.00
202403|16620816801|***.288.296-**|NATALIA MARCONDES RODRIGUES DE OLIVEIRA|405.00
202403|16577170917|***.159.556-**|NATALIA MARIA DA SILVA|480.00
202403|20730067690|***.547.486-**|NATALIA MUNIZ DA SILVA|700.00
202403|20161741856|***.831.256-**|NATALIA NASSIS VALAMIEL|800.00
202403|23670359350|***.626.826-**|NATALIA NEVES DA SILVA|800.00
202403|20755100802|***.551.696-**|NATALIA STHEFANY DA SILVA RAMOS|650.00
202403|21030034348|***.444.646-**|NATALINA RODRIGUES|600.00
202403|16634665932|***.253.656-**|NATANIELE KEIFANIR DE PAULA PEREIRA|800.00
202403|20052482353||NATHACE ISABELLE DA SILVA ANSELMO|650.00
202403|20755082286|***.820.896-**|NATHALIA JOSELY BRANDAO DA SILVA FIGUEIREDO|400.00
202403|20052486170|***.352.926-**|NATHALIA PEREIRA DOS SANTOS|690.00
202403|20330142776|***.812.526-**|NATHALIA STEFANE SILVA MONTEIRO|900.00
202403|16573243847||NATIELE DA SILVA SERUTI|750.00
202403|14298983834||NAYANE CRISTINA SANTOS VIANA|750.00
202403|16379961195|***.845.336-**|NAYARA CAMILA MOURA|790.00
202403|20066710388|***.700.996-**|NAYARA CRISTINA DA MATTA|363.00
202403|16588164700|***.079.256-**|NAYARA ELIANA DOS REIS|750.00
202403|21030032833||NAYARA GABRIELA SANTOS FERREIRA|800.00
202403|20322729674||NAYARA GOMES DE OLIVEIRA|800.00
202403|16429295401|***.995.976-**|NAYARA GOMES DE SOUZA|750.00
202403|16386115202|***.197.276-**|NAYARA MARILIA FERREIRA|350.00
202403|20351034131|***.186.416-**|NAYARA OLIVEIRA FERNANDES|255.00
202403|16379961381|***.684.506-**|NAYARA SOUZA OLIVEIRA|700.00
202403|20336201278|***.480.616-**|NAYARA TERCILIA DE SOUZA|700.00
202403|16386117817|***.442.726-**|NAYRA MARQUES FERREIRA DUARTE|1252.00
202403|16633604611|***.692.456-**|NAYRIANE MAIRE FERREIRA|750.00
202403|12549294035|***.933.696-**|NAZARET CONCEICAO GONCALVES|325.00
202403|16602878000|***.418.306-**|NAZITA NUNES BARBOSA|650.00
202403|10866728357|***.999.446-**|NEIDE SANTOS|600.00
202403|16656675353|***.832.426-**|NEIDE SOARES DE ANDRADE|650.00
202403|12731754135|***.148.296-**|NELI GERALDA DE SOUZA|650.00
202403|20646550149|***.797.376-**|NELICE PEDRA BARBOSA|600.00
202403|12025356872|***.523.586-**|NELSA JERONIMA MARQUES|600.00
202403|20329612985|***.003.256-**|NERCI MARIA GUERRA|600.00
202403|20161745495|***.153.036-**|NEUMA NERTZ MAYER|400.00
202403|12513789050|***.221.546-**|NEUSA APARECIDA GOMES|650.00
202403|12464277780|***.380.576-**|NEUSA JUSTINO ALVES|650.00
202403|12343850943|***.001.706-**|NEUZA CHAVES DA SILVA|650.00
202403|19001299949|***.534.726-**|NEUZA MAGALHAES DOS SANTOS|600.00
202403|21287432044||NEYANDERSON BARBOSA ALVES|750.00
202403|12297420864|***.398.856-**|NEZIA CASSIA DE OLIVEIRA|600.00
202403|23794488748|***.944.916-**|NICOLY INOCENCIA MIRANDA FERNANDES|371.00
202403|23866831486|***.404.096-**|NILCE EFIGENIA DE ALMEIDA|600.00
202403|16583210178|***.362.256-**|NILMA DA CRUZ SILVA|451.00
202403|20646550998|***.352.566-**|NILMA DIVINA DA CONCEICAO|700.00
202403|16620822968|***.473.346-**|NILMA ROSA DA SILVA SOARES|650.00
202403|20330145066|***.412.166-**|NILZA MARIA FERREIRA ROCHA|325.00
202403|12640476132||NIVALDO MARQUES DA SILVA|600.00
202403|20755093474|***.160.916-**|NIVIA CRISTINA APARECIDA DA CONCEICAO|800.00
202403|12791828119|***.277.856-**|NORALDINO DE SOUSA SANTOS|600.00
202403|12399127112|***.176.786-**|NORMA DA SILVA NASCIMENTO|600.00
202403|16554999591|***.050.406-**|NORMA PEREIRA CHAVES NOGUEIRA|700.00
202403|20185215062||NUBIA CLAUDIA FERREIRA|750.00
202403|14553232541|***.172.626-**|NUBIA DOS SANTOS PEREIRA|750.00
202403|19036339963|***.555.036-**|NUBIA GABRIELA APARECIDA ALEME|850.00
202403|16584077625||NUBIA SANTANA VIEIRA DE OLIVEIRA|325.00
202403|16602565940|***.954.406-**|NUBIA TAIZ DIAS NICOLAU|616.00
202403|12338659114|***.226.706-**|ODALEA MARIA DA SILVA|600.00
202403|20923815494|***.858.786-**|ODILIA APARECIDA SIMAO|375.00
202403|21018194683|***.835.316-**|OGINALVA PEREIRA COSTA|650.00
202403|20161744294|***.152.406-**|ORISVALDO JOSE DA SILVA|600.00
202403|20322722688|***.729.046-**|OSWALDO DE CARVALHO JUNIOR|600.00
202403|16039820080|***.541.826-**|OTACILIA APARECIDA RODRIGUES DE ALMEIDA|400.00
202403|16555009366|***.213.826-**|OTACILIA DO NASCIMENTO AVELINO|600.00
202403|20336195553|***.049.686-**|PALOMA APARECIDA DIAS ANDRADE|750.00
202403|20476231013|***.621.920-**|PALOMA CAROLAINE SILVA MUNIZ|750.00
202403|16602567978|***.813.476-**|PALOMA CAROLINA PAZ ROSA|1110.00
202403|20660662625|***.203.156-**|PALOMA CATARINA SILVA GUIMARAES|280.00
202403|16624463830|***.166.756-**|PALOMA DANIELE DA SILVA TELESFORO|750.00
202403|20322742026|***.381.456-**|PALOMA KEILLA DE ANDRADE|950.00
202403|20997073971|***.502.516-**|PALOMA NEVES DE ALMEIDA|750.00
202403|16620830073||PALOMA NILMA JESUS MARTINS DO BONSUCESSO|750.00
202403|12732560121|***.217.406-**|PAMELA FRANCISCA NERY DA ROCHA|1102.00
202403|20755100772||PAMELA MARIA MARTINS DOS SANTOS|750.00
202403|21445146144||PAMELA STEFANY SANTOS|600.00
202403|20185217855||PAMELA TAMARA APARECIDO|790.00
202403|16584115594|***.506.526-**|PAMELA VANESSA SILVA DA COSTA|750.00
202403|16078766520|***.586.166-**|PAMELA YASMIM DE OLIVEIRA SANTOS|1110.00
202403|20459467810||PAMELLA IRINEIA RIBEIRO DA SILVA|650.00
202403|21030033694|***.160.526-**|PAOLA AMABELE RODRIGUES|540.00
202403|20399749297||PAOLA NATIVIDADE TEIXEIRA|950.00
202403|16670348844|***.374.116-**|PAOLA ROCHA OLIVEIRA|750.00
202403|12583391099||PATRICIA ANDRADE|440.00
202403|20330142571|***.435.476-**|PATRICIA APARECIDA FONSECA|350.00
202403|20754348673||PATRICIA CORDEIRO DE MACEDO|650.00
202403|16634687197|***.605.556-**|PATRICIA CRISTINA DA SILVA COSTA|590.00
202403|16555022192|***.394.196-**|PATRICIA CRISTINA DOS SANTOS|650.00
202403|12654877126|***.619.156-**|PATRICIA DE SOUZA TEODORO|650.00
202403|16648792001|***.149.056-**|PATRICIA EMANUELE BRANDAO PEIXOTO|900.00
202403|16558843251|***.242.836-**|PATRICIA FERNANDES VIEIRA|650.00
202403|16603447488|***.079.626-**|PATRICIA LIMA DE OLIVEIRA|325.00
202403|16655125082|***.943.496-**|PATRICIA MENDES DOS SANTOS|900.00
202403|16620832432|***.581.406-**|PATRICIA MOREIRA DE ALVARENGA|800.00
202403|16630412509|***.050.416-**|PATRICIA PULCHERA SOUZA DE OLIVEIRA|800.00
202403|16624464373||PATRICIA SILVA FONSECA|750.00
202403|16653702643|***.092.146-**|PAULA BARBOSA FELIX|976.00
202403|20185220228||PAULA CAROLINA OLIVEIRA GALDINO DA SILVA|750.00
202403|20329615747|***.868.986-**|PAULA DE JESUS MACHADO|1344.00
202403|16584130240|***.556.556-**|PAULA KELES DIAS|700.00
202403|20923812908|***.372.796-**|PAULA LUANA MARIA DA CRUZ|800.00
202403|14205231896|***.623.516-**|PAULA MOREIRA DE ALVARENGA|650.00
202403|16682155361|***.439.376-**|PAULO CAETANO DE ANDRADE|600.00
202403|13000226094|***.111.466-**|PAULO CESAR ROSA|600.00
202403|20076780621||PAULO FERNANDES|600.00
202403|20351032155||PAULO HENRIQUE FERNANDES|600.00
202403|10435435997|***.139.721-**|PAULO VITOR DA SILVA|600.00
202403|21405293391||PEDRO ANTONIO DA SILVA|600.00
202403|23624606294|***.581.236-**|PHAMELA STEPHANIE SOCORRO TOMAZ|205.00
202403|16659081616|***.157.216-**|PIEDADE CONCEICAO OLIVEIRA SILVA|700.00
202403|16646280836|***.911.426-**|PIEDADE MACHADO FERREIRA DOS SANTOS|651.00
202403|19029180334|***.704.246-**|POLIANA CAMILA PASTOR|1152.00
202403|16644232818|***.603.666-**|POLIANA CRISTINA DA CRUZ FERREIRA|700.00
202403|16586601143|***.458.276-**|POLIANA DA SILVA LOPES|900.00
202403|16561452152|***.366.336-**|POLIANA MARA DE SOUZA|1010.00
202403|16555039907|***.613.186-**|POLIANA RAMOS DE OLIVEIRA|375.00
202403|16697908581|***.255.816-**|POLIANA SANTANA DE ANDRADE|1010.00
202403|20322720081|***.881.736-**|POLIANA SILVA AMORIM CARDINALI|900.00
202403|13049588127|***.034.126-**|POLIANE AUXILIADORA LIMA CASTRO|540.00
202403|20997082245|***.058.526-**|POLIANNA JORDAN FERREIRA DE AQUINO|650.00
202403|16526719091|***.306.066-**|POLIANY DOS SANTOS DE JESUS SILVA|650.00
202403|16604219004|***.490.526-**|POLLIANA KELLEN ROSA|375.00
202403|20333489718|***.015.566-**|POLYANA FELICIANO ROCHA|341.00
202403|16620842713|***.196.616-**|POLYANE DO CARMO ANSELMO|850.00
202403|16561453353|***.329.086-**|PRISCILA APARECIDA DA CRUZ ENGRACIO|288.00
202403|16573403488|***.455.076-**|PRISCILA APARECIDA DOS SANTOS SILVA DE JESUS|800.00
202403|16561454481|***.015.986-**|PRISCILA CARLOS DE MAGALHAES|1252.00
202403|16604221645|***.563.666-**|PRISCILA CRISTINA PEREIRA ROSA MARIANO|650.00
202403|16561456611|***.827.776-**|PRISCILA DE OLIVEIRA SILVA SEVERINO|800.00
202403|16558915988|***.185.446-**|PRISCILA DO BONSUCESSO SILVESTRE|650.00
202403|20064971818|***.357.886-**|PRISCILA FERNANDA MOREIRA LEOCADIO|750.00
202403|20329636590|***.067.376-**|PRISCILA GONCALVES VIEIRA|750.00
202403|20333487723||PRISCILA LEITE SABINO|800.00
202403|16558908280|***.155.426-**|PRISCILA MARIA SILVA MACEDO|375.00
202403|20351035049|***.784.646-**|PRISCILA SANTOS FELIX|750.00
202403|16657130091|***.712.006-**|PRISCILLA JUNIA DOS SANTOS SEVERINO|750.00
202403|16586609225|***.591.276-**|RAFAEL CARLOS ELEODORO|650.00
202403|20755084416|***.070.796-**|RAFAELA CAROLINE SANTOS ARAUJO|950.00
202403|16604223850|***.087.166-**|RAFAELA CRISTINA SOUZA LINHARES|1000.00
202403|20052020678|***.161.586-**|RAFAELA DE SOUZA RODRIGUES|650.00
202403|20476230068||RAFAELA FERNANDA SEVERO EVANGELISTA|750.00
202403|20329619459|***.586.546-**|RAFAELA GERALDA SANTIAGO DE FREITAS|950.00
202403|16582448634|***.756.536-**|RAFAELA KATIA CORREA|700.00
202403|20330141982|***.152.786-**|RAFAELA LUIZA FELIX SANTOS|800.00
202403|16694998989||RAFAELA MARIA DE DEUS XAVIER|1050.00
202403|16632451544|***.916.566-**|RAFAELA MARIA DE OLIVEIRA SANTOS|590.00
202403|20333484538|***.859.786-**|RAFAELA MARILAC DA SILVA|1260.00
202403|16655899886|***.193.836-**|RAFAELA MARTINS DE SOUSA OLIVEIRA|330.00
202403|16634916250|***.839.896-**|RAFAELY CRISTINE ASSIS SOUZA|740.00
202403|16584206689|***.058.416-**|RAIANE VIRGINIA FERREIRA COSTA DE SOUZA|280.00
202403|16558968445|***.005.176-**|RAILANE FERNANDES DOS SANTOS|1060.00
202403|16664818060|***.579.666-**|RAIMUNDA APARECIDA DOS REIS|600.00
202403|12604263108|***.013.116-**|RAIMUNDO NONATO DOS SANTOS|600.00
202403|20755081530|***.205.676-**|RAISSA EDUARDA PAULINA ARAUJO|750.00
202403|21042030687|***.684.416-**|RAIZA CAROLINA DE SOUZA|800.00
202403|16583637597||RAMAYANE KAROLINE FROES GOMES MARTINS|300.00
202403|16555078538|***.206.326-**|RANALE CORREIA DIAS|325.00
202403|16555078546|***.324.976-**|RANALY BARBARA NASCIMENTO|800.00
202403|16561490607||RANALY CARLA SEVERO DA SILVA|1010.00
202403|20459569656|***.672.726-**|RANALY NATHALIA PROCOPIO AMORIM|950.00
202403|20322724745|***.678.366-**|RANYELLE CAROLINE MARTINS SANTOS|750.00
202403|16661505045||RAPHAELA CAROLINE VENTURA SILVA|800.00
202403|20997077675|***.892.896-**|RAPHAELLA CRISTINA FONSECA NAZARE|750.00
202403|23770631761|***.848.536-**|RAQUEL AUGUSTA FERREIRA|800.00
202403|16678268343|***.172.396-**|RAQUEL DA SILVA CAMPOS|700.00
202403|16565521876|***.454.376-**|RAQUEL DA SILVA DE ARAUJO|300.00
202403|20755096333||RAQUEL DE OLIVEIRA ASSIS|222.00
202403|12291352379||RAQUEL MARILIA DO PATROCINIO FERREIRA|600.00
202403|16561486162|***.039.776-**|RAQUEL OLIVEIRA BARBOSA|540.00
202403|16655912890|***.617.586-**|RAQUEL RODRIGUES MOURA DE AQUINO|325.00
202403|20329631572|***.452.456-**|RAYANE CRISTINA CASSIMIRO DE SOUZA|800.00
202403|16648235757|***.387.825-**|RAYANE GABRIELLE SILVA DE ALCANTARA|950.00
202403|23755634518|***.894.486-**|RAYANE MARCELA DE OLIVEIRA|700.00
202403|20997074854|***.405.646-**|RAYANE SOARES|650.00
202403|20380460631|***.047.036-**|RAYANE SOUZA DOS SANTOS|413.00
202403|16555060582|***.926.796-**|RAYANE THUANE SENA BATISTA|750.00
202403|10734281886||RAYMUNDO FRANCISCO DE SOUSA|600.00
202403|20322728163|***.553.246-**|RAYSSA APARECIDA MONTEIRO|650.00
202403|16583013925||RAYSSA GABRIELA SANTOS ANDRADE|750.00
202403|12938929104||REBECA HERINGER DA SILVA|800.00
202403|12842794100|***.266.626-**|REGIANE GOMES SOARES|350.00
202403|23621413983|***.837.236-**|REGIANNE STELA ROSA|650.00
202403|16529079123||REGINA APARECIDA DE MOURA|750.00
202403|12647485129|***.422.556-**|REGINA APARECIDA DE PAIVA REIS|910.00
202403|20410236173||REGINA APARECIDA DIAS|650.00
202403|20396218673|***.911.456-**|REGINA APARECIDA PIRES CLAUDINO|325.00
202403|16587084304|***.513.076-**|REGINA AUGUSTA ALMEIDA DE JESUS|650.00
202403|20076789327|***.090.376-**|REGINA BERNARDO DA SILVA|325.00
202403|21286413356|***.902.756-**|REGINA CELIA DOS SANTOS CONCEICAO|600.00
202403|16634929123|***.800.496-**|REGINA CELLY ASSIS DE SOUZA|400.00
202403|20322727299|***.914.896-**|REGINA DAS DORES ABEL|350.00
202403|16561496575|***.474.366-**|REGINA POLONIA DOS SANTOS|600.00
202403|20336201413|***.116.186-**|REGINALDA APARECIDA DE ALMEIDA SANTOS|300.00
202403|12398768637|***.852.616-**|REINALDO TEIXEIRA LEAO|600.00
202403|16624470713|***.013.596-**|REINAQUE APARECIDA MOREIRA SANTOS|800.00
202403|16602574923|***.671.086-**|REJANE FERREIRA DE MORAIS|800.00
202403|20322730095|***.829.996-**|RENATA ALVES|600.00
202403|20336201405|***.328.136-**|RENATA APARECIDA ALMEIDA SANTOS|650.00
202403|16623337033|***.737.406-**|RENATA APARECIDA BRITO|900.00
202403|16555091240|***.905.206-**|RENATA APARECIDA OLIVEIRA|540.00
202403|20646550122|***.591.786-**|RENATA BARBOSA BATISTA DOS SANTOS|900.00
202403|12996302100||RENATA CAROLINE FELIX|700.00
202403|16641410480|***.687.696-**|RENATA CRISTINA ALVES RODRIGUES DOS SANTOS|600.00
202403|23615829146|***.139.706-**|RENATA CRISTINA GOMES|626.00
202403|16646832715|***.231.706-**|RENATA CRISTINA TORRES DE ASSIS|960.00
202403|12790290131|***.910.206-**|RENATA DA CONSOLACAO FAUSTO|650.00
202403|23605138833|***.511.896-**|RENATA DE LOURDES DIAS|650.00
202403|16666085982|***.963.686-**|RENATA DE NAZARETH MOREIRA ELEODORO GREGORIO|850.00
202403|16586655111|***.475.896-**|RENATA FERREIRA ARAUJO|800.00
202403|16647941801|***.831.696-**|RENATA LORENA DA SILVA CARMO NEPOMUCENO|650.00
202403|16613085635|***.069.196-**|RENATA MAIMARTE PINTO|440.00
202403|20322738592|***.646.126-**|RENATA MENDONCA MARTINS|750.00
202403|20755088160|***.925.486-**|RENATA NAZARE MAGALHAES|910.00
202403|12639983387|***.369.611-**|RENATA RIBEIRO DE SOUZA|570.00
202403|21389260234||RENATA SILVA VIANA|555.00
202403|16661053934|***.903.446-**|RENATA VIEGA DO NASCIMENTO SILVA|700.00
202403|12513788909||RENATO ELIAS SYRIO|600.00
202403|16583289262|***.303.756-**|RENATO FERNANDES DOS SANTOS|600.00
202403|12419768797|***.557.306-**|RENATO MENDONCA FERREIRA|600.00
202403|17019583332|***.230.076-**|RENE GERALDO DE OLIVEIRA|700.00
202403|16687896025|***.203.396-**|RENILDA APARECIDA BRAGA RODRIGUES|350.00
202403|12548097643||RICARDO DE JESUS MOTA|300.00
202403|12778062116||RICARDO GERALDO BENEVENUTO SILVA|600.00
202403|12925047116|***.139.856-**|RICARDO MARCELINO DA SILVA|600.00
202403|23697575577|***.103.666-**|RITA APARECIDA XAVIER OLIVEIRA|375.00
202403|12843575097|***.767.036-**|RITA DE CASSIA GOMES|650.00
202403|12349522204|***.342.476-**|RIVELINO LACERDA DOS SANTOS|600.00
202403|16620868976|***.676.186-**|ROBERTA CAROLINA BARBOSA LIMA|540.00
202403|16614869540|***.049.326-**|ROBERTA CRISTINA DA SILVA CRUZ|850.00
202403|20997082903|***.587.556-**|ROBERTA CRISTINA DE FREITAS ENGRACIA|490.00
202403|20755080569|***.221.376-**|ROBERTA CRISTINA DOS SANTOS|900.00
202403|20322736948|***.203.096-**|ROBERTA CRISTINA SILVA ARAUJO|1002.00
202403|20333485763|***.918.786-**|ROBERTHA LADDY RIBEIRO|600.00
202403|20322719717|***.614.066-**|ROBERTO ALVES|300.00
202403|20329612624|***.140.346-**|ROBERTO BENTO FERNANDES|650.00
202403|20086009367|***.918.416-**|ROBERTO DIAS FONSECA|600.00
202403|15045525275||ROBERTO SOARES OLIVEIRA|600.00
202403|12312085099||RODIMAN APARECIDO DE OLIVEIRA|600.00
202403|12419769424|***.889.346-**|ROGERIO DE OLIVEIRA|700.00
202403|20476230203|***.064.616-**|RONILMA DA CONCEICAO PENA|600.00
202403|13044659107|***.160.936-**|RONILSON OLIVEIRA PERDIGAO|600.00
202403|16582571851|***.919.016-**|RONY RODRIGUES MACHADO|600.00
202403|12106810220|***.058.006-**|ROSA ALVES MOREIRA|600.00
202403|16555132060|***.338.476-**|ROSA HELENA ALVES|375.00
202403|16665370004|***.903.086-**|ROSA MARIA FONSECA|600.00
202403|16665098444|***.646.456-**|ROSAINE APARECIDA DE SOUZA|954.00
202403|16648958333|***.736.566-**|ROSAINE CELY NUNES GREGORIO|910.00
202403|16564111372|***.512.306-**|ROSALINA DIAS DA CRUZ|600.00
202403|20052485948|***.580.406-**|ROSALITA DE CASTRO LOPES|650.00
202403|20755093105||ROSANA CRISTINA DE OLIVEIRA|400.00
202403|16561547676|***.344.896-**|ROSANA DAS GRACAS PINTO|950.00
202403|16584387276|***.169.576-**|ROSANA MARIA DA SILVA|650.00
202403|16661597136|***.641.966-**|ROSANA NAZARE SANCHES|205.00
202403|16621379197|***.327.606-**|ROSANA PEREIRA|700.00
202403|16582587553|***.102.036-**|ROSANE APARECIDA DA SILVA|350.00
202403|16555144417|***.362.486-**|ROSANE FERREIRA DOS SANTOS|300.00
202403|16561549415||ROSANE MARIA OLIVEIRA SANTOS|750.00
202403|12466659982|***.325.786-**|ROSANGELA APARECIDA RIBEIRO|600.00
202403|12667167092|***.757.536-**|ROSANGELA CRISTINA DE LIMA SILVA|600.00
202403|20333486166|***.751.686-**|ROSANGELA DA COSTA PIEDADE|650.00
202403|12682734121|***.657.636-**|ROSANGELA DA SILVA FREITAS|350.00
202403|20352947335|***.211.556-**|ROSANGELA MARIA DA SILVA|650.00
202403|12337539247|***.183.086-**|ROSANIA APARECIDA DA SILVA|650.00
202403|12617794123|***.085.106-**|ROSARIA APARECIDA MIRANDA|600.00
202403|16624477211|***.781.296-**|ROSE MARY XAVIER DA SILVA|650.00
202403|16659241036|***.715.996-**|ROSELAINE MENDONCA FERREIRA|325.00
202403|13383684341|***.572.366-**|ROSELI APARECIDA ELIAS|750.00
202403|12691072098|***.501.546-**|ROSELI DA FONSECA FERREIRA|700.00
202403|20329629446|***.536.926-**|ROSELITA PEREIRA NASCIMENTO|700.00
202403|17041817235|***.215.176-**|ROSEMARY DE JESUS SIMAO|350.00
202403|21431502113||ROSEMARY GONCALVES DA SILVA GUEDES|600.00
202403|20131867754|***.325.026-**|ROSEMEIRE PAULA SIQUEIRA FRAGA|650.00
202403|20336194042|***.522.426-**|ROSEMEIRE XISTO DE CASTRO VIEIRA|650.00
202403|20322737677|***.727.976-**|ROSENI LUIZA DAS GRACAS SILVA|600.00
202403|16602580605|***.332.916-**|ROSIANE APARECIDA SOARES|700.00
202403|16555154560|***.007.376-**|ROSIANE FERREIRA DOS SANTOS|540.00
202403|12808206137|***.193.286-**|ROSIANE REIS MARTINS|700.00
202403|16602580753|***.762.926-**|ROSILAINE APARECIDA DOS SANTOS|800.00
202403|13014755094|***.240.246-**|ROSILANE GONCALVES DA SILVA|700.00
202403|20059109232|***.636.265-**|ROSILANGELA NASCIMENTO DOS SANTOS|850.00
202403|12610709139|***.036.246-**|ROSILENE APARECIDA DE OLIVEIRA|650.00
202403|12731213134|***.476.316-**|ROSILENE APARECIDA DIAS|1160.00
202403|16602580974|***.691.866-**|ROSILENE APARECIDA DOS SANTOS|325.00
202403|20161741910|***.581.446-**|ROSILENE DA CONCEICAO VENTURA FONSECA|650.00
202403|12834377113|***.293.266-**|ROSILENE FERREIRA|800.00
202403|23621240892|***.087.536-**|ROSILENE FREITAS NATIVIDADE|600.00
202403|16660224832|***.307.536-**|ROSILENE MAYRE PATROCINIO|325.00
202403|16659503847|***.181.956-**|ROSILENE NEIVA DE SOUZA RODRIGUES|860.00
202403|16584413943|***.979.716-**|ROSILENE SILVA ARAUJO|600.00
202403|12525387726|***.406.258-**|ROSILENE SOARES DA SILVA|600.00
202403|12498587634|***.265.556-**|ROSIMAR IZABEL DE OLIVEIRA|440.00
202403|20222028984|***.034.116-**|ROSIMAR LIMA DOS SANTOS|700.00
202403|16559212689|***.307.456-**|ROSIMEIRE APARECIDA DA CRUZ CUPERTINO|1000.00
202403|12495498509|***.426.276-**|ROSIMEIRE APARECIDA MARTINS FERREIRA|300.00
202403|20161741902|***.945.196-**|ROSIMEIRE APARECIDA VENTURA|700.00
202403|20333486204|***.840.006-**|ROSIMEIRE DA COSTA PIEDADE|600.00
202403|16666988443|***.359.306-**|ROSIMEIRE DE SOUZA SILVA|650.00
202403|16624477688|***.410.036-**|ROSIMEIRE MARIA DOS SANTOS|760.00
202403|20320354347|***.389.536-**|ROSIMEIRE PEREIRA BARBOSA|600.00
202403|20322724729|***.760.726-**|ROSYLENE PEREIRA|600.00
202403|21030033023|***.960.626-**|ROXANE OLIVEIRA DE SOUZA|750.00
202403|20336199532|***.563.966-**|ROZIANE APARECIDA SOUZA|1102.00
202403|16561562527||ROZIMEIRE DE LOURDES PINTO|800.00
202403|12475725208|***.946.396-**|ROZIMERE CONCEICAO LOPES SILVA|650.00
202403|16661072599|***.016.046-**|RUTE PATRICIA PERDIGAO|650.00
202403|16586736278|***.621.226-**|RUTE SALES DA SILVA|650.00
202403|21349295665||RUTH CRISTINA RIBEIRO DE JESUS|600.00
202403|12581052130|***.466.206-**|RUTH DE ALENCAR|600.00
202403|12738450115|***.060.076-**|RUTH MARY SOUZA PENIDO|350.00
202403|16559234585|***.226.886-**|RUTH NAYARA DA SILVA SABINO|650.00
202403|20648792557|***.502.676-**|RYAN LUCAS SILVESTRE SANTOS|300.00
202403|13444207874||SABRINA APARECIDA REIS DE OLIVEIRA|750.00
202403|16591188836|***.004.846-**|SABRINA CRISTINA COELHO|526.00
202403|20755095647|***.508.586-**|SABRINA FERNANDA FRANCISCO RODRIGUES|400.00
202403|16584437311|***.795.176-**|SABRINA JULIA VIEIRA COSTA|650.00
202403|21030032892|***.772.666-**|SABRINA MONTEIRO SANTOS PIRES|750.00
202403|20755096309|***.137.336-**|SABRINA REGINA SILVA|750.00
202403|20699257756|***.269.446-**|SALETE PIRES MOREIRA|850.00
202403|12786785105||SALLY ALVES FERREIRA|600.00
202403|16583342082|***.004.456-**|SAMARA CRISTINA DE OLIVEIRA SOUZA|750.00
202403|21376018065||SAMARA FERREIRA BARBOSA|750.00
202403|16584443265|***.452.826-**|SAMARA RAYANE DAS DORES|800.00
202403|16583341671|***.505.426-**|SAMARA SILVA DE OLIVEIRA|325.00
202403|13045471292|***.130.707-**|SAMILA GONCALVES LABRE|750.00
202403|16635691600|***.837.736-**|SAMIRA DE SOUZA PEREIRA SANTOS|450.00
202403|16652612055|***.327.716-**|SAMIRA SILVA GONCALVES|540.00
202403|13159466948|***.995.796-**|SAMYRES PATRICIA GONCALVES DE MAGALHAES|750.00
202403|16669904852|***.815.436-**|SANDRA CRISTINA DIAS|540.00
202403|20322723978||SANDRA DOS SANTOS EVANGELISTA ESTEVES|600.00
202403|16683509418|***.268.216-**|SANDRA ELAINE RODRIGUES DOS SANTOS|650.00
202403|12274495256|***.407.206-**|SANDRA LUCIA DOS SANTOS|600.00
202403|21379837733||SANDRA MARIA BARBOSA|300.00
202403|16630441630|***.846.636-**|SANDRA MARIA DIAS CORREIA|700.00
202403|16602582896|***.185.496-**|SANDRA MARIA OLIVEIRA COSTA|800.00
202403|20755099804|***.159.606-**|SANDRA MONTEIRO RODRIGUES|750.00
202403|16583349052|***.526.786-**|SANIA ALVES GARGANO DIAS|690.00
202403|12535174547|***.968.366-**|SANTA AMANCIO DA SILVA|600.00
202403|20161746394|***.019.856-**|SARA ALMEIDA GOMES|750.00
202403|16602583825||SARA BEATRIZ MARQUES DA SILVA|600.00
202403|12720296092|***.926.966-**|SARA CRISTINA GOMES GONCALVES|540.00
202403|16671526487||SARAH DEIVID RIVER CAPRI SANTOS|750.00
202403|16561584180|***.458.436-**|SARAH JANE SANTOS DE ALMEIDA|800.00
202403|16583350689|***.442.646-**|SARINY MAYRE RODRIGUES DE OLIVEIRA|750.00
202403|12422586645|***.690.316-**|SAYONARA VALERIA DA SILVA|600.00
202403|16219207522|***.353.016-**|SCARLAT ESTEFANE REIS DA SILVA|650.00
202403|16237484907|***.808.796-**|SCARLATY BHRENDA RODRIGUES DE SOUZA|900.00
202403|20410317637||SCARLET BATISTA AIMORES|475.00
202403|16211791330|***.489.626-**|SCARLLETH DA CONCEICAO RODRIGUES DE SOUZA CRUZ|650.00
202403|16666370423||SHAIENE MARIA MIGUEL MACEDO|750.00
202403|20476503617||SHANDE FERNANDES VICENTE DUARTE|400.00
202403|16662043517|***.379.156-**|SHEILA CRISTINA DE OLIVEIRA CUNHA|976.00
202403|20476231005|***.622.060-**|SHEILA POLIANA SILVA MUNIZ|375.00
202403|16582924517|***.513.696-**|SHEILA VITORIA OLIVEIRA ANDRADE|800.00
202403|16602603796|***.896.916-**|SHIRLEY DOS SANTOS MACHADO|300.00
202403|20651756795|***.339.356-**|SHIRLEY KELLY SANTOS DIAS|338.00
202403|12796620125||SIDELE DA SILVA GOMES|600.00
202403|20329638151|***.320.806-**|SILAINE APARECIDA DOS SANTOS|375.00
202403|12627625103|***.394.236-**|SILVANA APARECIDA DE PAULA|590.00
202403|20659396593|***.830.206-**|SILVANA CORREIA|650.00
202403|16584558968|***.706.486-**|SILVANA DOS SANTOS|350.00
202403|20322731180|***.273.456-**|SILVANA LUCIA DA COSTA SANTOS|810.00
202403|12688486111|***.322.656-**|SILVANA LUIZA FERNANDES DA ROCHA|810.00
202403|12662487102|***.054.506-**|SILVANIA ALVES RODRIGUES|650.00
202403|20755089701|***.033.996-**|SILVANIA CRISTINA DE FREITAS SILVA|800.00
202403|16583099099|***.772.576-**|SILVANIA DA CONSOLACAO DOS SANTOS|350.00
202403|16555218321|***.905.136-**|SILVANIA DA PIEDADE ALVES|650.00
202403|16624484056|***.771.476-**|SILVANIA DAS DORES AMARO|480.00
202403|20322722882|***.538.766-**|SILVANIA DIAS DUARTE|800.00
202403|20322728368|***.577.506-**|SILVANIA ELEODORA|650.00
202403|16561615892|***.827.146-**|SILVANIA MARIA DA SILVA|650.00
202403|20706943826||SILVANIA PEREIRA DA COSTA|1344.00
202403|20322738290|***.850.046-**|SILVIA APARECIDA DIAS|650.00
202403|16646493201|***.368.726-**|SILVIA GRACIELLA DA SILVA|650.00
202403|16583100593|***.090.626-**|SILVIA MARIA DE SOUZA|850.00
202403|16583090660|***.663.196-**|SIMONE APARECIDA DA SOUZA|750.00
202403|16641498906|***.643.826-**|SIMONE APARECIDA DIAS DOS SANTOS|800.00
202403|12430302723|***.541.236-**|SIMONE APARECIDA SANTOS LEAL|600.00
202403|16583369053|***.237.886-**|SIMONE CIRILO CANDIDO|490.00
202403|16602586379|***.430.926-**|SIMONE COELHO DE AVELAR|650.00
202403|20336197297|***.538.586-**|SIMONE DAS GRACAS COELHO|650.00
202403|13025744102|***.704.416-**|SIMONE DE LOURDES SILVA|650.00
202403|20329631173|***.176.006-**|SIMONE DOS SANTOS REIS|800.00
202403|12596437114||SIMONE MARIA TRINDADE|600.00
202403|16583089409|***.307.006-**|SIMONE MARILAC DA SILVA DOMINGOS|600.00
202403|20396219955|***.449.106-**|SIMONE OLIVEIRA SILVA|700.00
202403|16537033536||SIMONE SANTOS DE ALMEIDA|750.00
202403|20351031213|***.338.046-**|SIMONE TEIXEIRA LEAO|1294.00
202403|16555208873|***.321.866-**|SIMONE VALERIA SILVA SOUSA|740.00
202403|16686691543|***.173.046-**|SIRLAINE APARECIDA NASCENTE|650.00
202403|19053065205||SIRLAINE DOS SANTOS REIS|325.00
202403|16555213923|***.892.236-**|SIRLENE APARECIDA GOMES|576.00
202403|16583373891|***.215.626-**|SIRLENE FATIMA DE SOUZA OLIVEIRA|750.00
202403|20351033798||SIRLENE SILVA ROSA|900.00
202403|16582712218|***.796.936-**|SIZARA CRISTINA OLIVEIRA SILVA|750.00
202403|20997077039|***.484.176-**|SOLANGE ALVES DIAS|900.00
202403|20322738118|***.923.236-**|SOLANGE ANGELA LUCIO|540.00
202403|16602588428|***.820.956-**|SOLANGE AUGUSTA DA COSTA GOMES|650.00
202403|16561620454|***.006.566-**|SOLANGE CRISTINA DOS SANTOS|1060.00
202403|16614212789|***.328.916-**|SOLANGE OLIVEIRA DOS SANTOS AUGUSTO|1312.00
202403|12978531128|***.836.566-**|SOLANGE SOUZA BARBOSA|600.00
202403|23693452063|***.301.966-**|SOLEDAD DO BONSUCESSO GOMES|800.00
202403|16660714465|***.340.546-**|SONIA APARECIDA DIAS|600.00
202403|12611872122|***.055.186-**|SONIA ARCANJO MARTINS|490.00
202403|12636048091|***.705.706-**|SONIA CRISTINA DOS SANTOS|230.00
202403|16655971943|***.717.286-**|SONIA CRISTINE OLIVEIRA DE AQUINO|750.00
202403|16583385202|***.529.816-**|SONIA DA PIEDADE DIAS|650.00
202403|12282011319|***.730.166-**|SONIA EMILIA ROCHA DE ASSIS|504.00
202403|16555229080|***.344.876-**|SONIA MARIA DA COSTA|451.00
202403|12488196004||SONIA MARIA DA SILVA SERAFIM|650.00
202403|12456369159|***.810.766-**|SONIA MARIA MARTINS|600.00
202403|16078835646|***.407.136-**|SORAY DE OLIVEIRA|750.00
202403|12395658709|***.010.606-**|STAEL ALVARENGA DE ALMEIDA|600.00
202403|16285282391|***.155.646-**|STEFANE CRISTINA OLIVEIRA SOUZA|750.00
202403|16348839541|***.807.566-**|STEFANE MARIA DOS SANTOS PEREIRA|800.00
202403|20336195588|***.124.106-**|STEFANIA FERREIRA DIAS ANDRADE|280.00
202403|21314320639||STEFANY GABRIELLE SOARES LOPES|800.00
202403|16296709405|***.722.306-**|STEFANY TATIANE DOS SANTOS|750.00
202403|20997072312|***.366.026-**|STTEFANY PRISCILA BARBOSA SOUZA|950.00
202403|20333486352|***.076.466-**|SUELEM NAIARA DE SOUZA|800.00
202403|16555234424|***.472.596-**|SUELEN DE SOUZA SABINO|650.00
202403|16582721586|***.698.556-**|SUELEN FERNANDES FERREIRA DA SILVA|205.00
202403|20411209439||SUELI DA SILVA MACHADO|750.00
202403|20755089728|***.993.226-**|SUELI RODRIGUES DOS SANTOS|1010.00
202403|12513788828|***.933.066-**|SUELY ANTONIA PORTO|526.00
202403|12688554125|***.314.166-**|SUELY DA SILVA GONCALVES|800.00
202403|12722300097|***.785.126-**|SUELY DE FATIMA CAMILO|626.00
202403|20052480350|***.090.376-**|SUELY FERNANDES DE AQUINO|476.00
202403|16660717340|***.767.906-**|SUELY OLIVEIRA DOS SANTOS AUGUSTO SILVA|1152.00
202403|16626392434|***.643.186-**|SUELY ROSALINA DA CONCEICAO MOREIRA REIS|750.00
202403|20755097232|***.383.006-**|TAIANDY AMANDA COSTA GONCALVES|650.00
202403|16601716813|***.644.566-**|TAIANE MARCELINA|900.00
202403|20329637007|***.584.836-**|TAILA CRISTINA DA SILVA|750.00
202403|23876387457||TAINA INGRED FERREIRA DOS SANTOS|750.00
202403|16623091301|***.096.506-**|TAINA MIRANDA DE MEDEIROS|600.00
202403|20755096198||TAIRINE GABRIELE ROSA|750.00
202403|20161743190|***.805.426-**|TAIS APARECIDA GONCALVES|700.00
202403|20673291698|***.062.956-**|TAIS MARTINS PINHEIRO SILVA|750.00
202403|16594572904|***.157.806-**|TALES ELIAS DE PAULA|750.00
202403|16620922903|***.926.816-**|TALHA PIEDADE SOARES|800.00
202403|20185218630||TALIA CONCEICAO DE FREITAS|750.00
202403|16588812370|***.084.326-**|TAMARA CRISTINA DE LIMA|750.00
202403|20322724842|***.685.716-**|TAMARA CRISTINA SANTOS|900.00
202403|16620924450||TAMARA DE PAULA BARBOSA LIMA|450.00
202403|21042240126||TAMARA MENDES DOS SANTOS NONATO|540.00
202403|21289634221|***.312.436-**|TAMARA PEREIRA DE SOUZA|650.00
202403|16620925562|***.523.996-**|TAMIRES DA SILVA SANTOS|850.00
202403|16583405068|***.734.636-**|TAMIRES TEIXEIRA SIMOES|800.00
202403|16663165608|***.392.276-**|TAMIRIS STHEFANY ROSA|900.00
202403|16583404126|***.476.896-**|TAMIRYS ELIAS ALVES|900.00
202403|16582751434|***.704.576-**|TAMYRES NAYARA FONSECA|230.00
202403|12466646384|***.351.146-**|TANIA COSTA DA SILVEIRA|650.00
202403|16584633617|***.152.296-**|TANIA CRUZ MACIEIRA|800.00
202403|20329621771|***.140.836-**|TANIA DE OLIVEIRA FERREIRA BARBOSA|600.00
202403|20415663584|***.686.876-**|TASSIA BEATRIZ PEREIRA PORTO|700.00
202403|20755089868|***.822.606-**|TATIANA APARECIDA FERREIRA|800.00
202403|16654046057||TATIANA APARECIDA FERREIRA SALGUEIRO|600.00
202403|16583407788|***.360.766-**|TATIANA BATISTA DE OLIVEIRA ALVES SOUZA|700.00
202403|12857454130|***.628.776-**|TATIANA CARRION CARDOZO|300.00
202403|16559494420|***.674.106-**|TATIANA CONCEICAO SILVA NACITO|650.00
202403|20322726047|***.840.426-**|TATIANA CRISTINA DA COSTA|600.00
202403|16555263564|***.745.996-**|TATIANA DE OLIVEIRA BATISTA|400.00
202403|16582760263|***.243.806-**|TATIANA FERNANDA DE SOUZA|750.00
202403|16559494609||TATIANA MARIA OLIVEIRA|650.00
202403|16661527952|***.298.586-**|TATIANA YACONIS MARQUES FERREIRA|600.00
202403|16661103192|***.304.706-**|TATIANE CAROLINA NAZARET DA SILVA|476.00
202403|16559505767|***.627.766-**|TATIANE CRISTINA NASCIMENTO TORRES|490.00
202403|16583122481|***.268.706-**|TATIANE DA PIEDADE SOARES|230.00
202403|12730715101|***.050.006-**|TATIANE DE OLIVEIRA BARBOSA|750.00
202403|14317656279|***.171.476-**|TATIANE GONCALVES|540.00
202403|16669806621|***.251.336-**|TATIANE SILVA DE OLIVEIRA|700.00
202403|16583410576|***.734.646-**|TATIELE TEIXEIRA SIMOES|355.00
202403|16654323387|***.460.536-**|TAYNARA ALMEIDA FRANCISCO|300.00
202403|16583396905|***.575.186-**|TAYSSA DE SOUZA ANTERO|590.00
202403|20333488045|***.792.286-**|TELMA THAIS JULIO|750.00
202403|12488196527||TELMO EMILIANO DA SILVA|600.00
202403|20322729720|***.203.986-**|TEREZA DAMASCENO DE ARAUJO|600.00
202403|12585233121|***.338.496-**|TEREZINHA BONSUCESSO FONSECA OLIVEIRA|600.00
202403|16630460856|***.819.996-**|TEREZINHA MARIA PEREIRA|300.00
202403|20755091633||THACIANY GERALDA FIGUEREDO|750.00
202403|20396217502|***.998.546-**|THAILISSE OLIVEIRA DE ARAUJO|650.00
202403|16621471468|***.452.686-**|THAINA LAISA MARTINS|750.00
202403|21030034879|***.780.026-**|THAIS APARECIDA DOS SANTOS|900.00
202403|20475501025|***.337.346-**|THAIS APARECIDA SILVA|375.00
202403|16647134671||THAIS CHRISTINA PIO|750.00
202403|16584610900|***.629.836-**|THAIS CRISTINA DOS SANTOS COELHO|750.00
202403|16620921028|***.420.976-**|THAIS DE ALMEIDA MARQUES|330.00
202403|20322734910|***.596.096-**|THAIS ESTEFANI DOS SANTOS COSTA|790.00
202403|16544485021|***.420.826-**|THAIS MUNIZ SANTOS|800.00
202403|16555247356|***.872.476-**|THAIS NASCIMENTO LACERDA|750.00
202403|20329629314|***.814.526-**|THAIS RAFAELA DA SILVA RIBEIRO|850.00
202403|20329633257||THAISA DA SILVA RODRIGUES|750.00
202403|16647133764|***.412.556-**|THAISSA CRISTINA HENRIQUES BARBOSA PIRES|900.00
202403|15793604271|***.001.076-**|THALITA DE LOURDES PEIXOTO BOM SUCESSO|800.00
202403|20755094624|***.783.616-**|THAMARA CRISTINA PAULA SILVA SANTOS|590.00
202403|16569212568|***.124.406-**|THAMIRIS LUIZA DE SOUZA DUTRA|950.00
202403|16583405440|***.116.556-**|THAMYRIS SANTOS VIEIRA|700.00
202403|20755092036||THAYANE GABRIELLE ONOFRE MARTINS|750.00
202403|20923810344||THAYANI ESTEFANE SOARES DE SOUZA|375.00
202403|16624485575|***.891.086-**|THAYARA HEREDIA PEREIRA|650.00
202403|14782206891||THAYLA APARECIDA DA SILVA MARTINS|1100.00
202403|13390352626|***.073.227-**|THAYNAH VENTURINE D AVILA MARTINS|375.00
202403|20111584528|***.588.606-**|THAYNARA ROSANGELA DOS SANTOS MARTINS|800.00
202403|20329614864||THAYZE GUEDES DA CRUZ|600.00
202403|21338466978||THIAGO AUGUSTO DO COUTO|600.00
202403|16620934766|***.502.056-**|THIFANY NEVES DA SILVA|750.00
202403|20755079528|***.897.156-**|THOMAZ HENRIQUE LOPES VIEIRA|600.00
202403|12914063115||UANDELSON NAZARE|300.00
202403|20124269111|***.693.976-**|URSULA DANIELE VIANA|350.00
202403|20729186657|***.603.616-**|URSULA GONCALVES SOARES|300.00
202403|12962330098|***.056.156-**|VALDIANA KELLY DO NASCIMENTO|800.00
202403|20997073963|***.074.676-**|VALDILENE NEVES DE SOUZA|650.00
202403|20336203424|***.984.846-**|VALDIRENE DA CONCEICAO NASCENTE|650.00
202403|16693172041|***.761.186-**|VALDIRENE DE SOUZA CARLOS|505.00
202403|16632591494||VALDIRENE NATALINA SOARES|325.00
202403|20396215453|***.693.626-**|VALDIRIANA SILVA MACIEL|650.00
202403|20997077195|***.653.906-**|VALENIA MARCIANA OLIVEIRA SANTOS|650.00
202403|20086005949|***.157.046-**|VALERIA APARECIDA DA FONSECA DE OLIVEIRA|600.00
202403|16624490757|***.836.646-**|VALERIA APARECIDA XAVIER|650.00
202403|20340832295|***.606.625-**|VALERIA CARDOSO DE SOUZA MORAIS|750.00
202403|20322723536|***.606.106-**|VALERIA KELLY COSTA DIAS|650.00
202403|16620939237|***.451.946-**|VALERIA MADALENA DE OLIVEIRA NOGUEIRA|440.00
202403|12702349651|***.796.872-**|VALQUIMAR SILVA BASTOS|800.00
202403|12766701097|***.749.716-**|VANDA LUIZA LUCIANO|650.00
202403|16658309915|***.354.816-**|VANDA MARIA DOS REIS OLIVEIRA|350.00
202403|12106810026|***.568.186-**|VANDA RAIMUNDA DA SILVA MACHADO CUSTODIO|300.00
202403|15158899901|***.055.306-**|VANDERLEIA DE FATIMA MOREIRA|640.00
202403|16620942718|***.012.256-**|VANDREIA DE LOURDES RESENDE|640.00
202403|16555315351|***.786.176-**|VANESA DE LURDES NASCENTE|350.00
202403|12488197515|***.866.046-**|VANESSA CRISTINA DE SENA|650.00
202403|16661113635|***.471.726-**|VANESSA DA PIEDADE REZENDE|600.00
202403|16061250682|***.121.576-**|VANESSA DE ANDRADE SANTANA|800.00
202403|13052745122|***.491.296-**|VANESSA DE FREITAS LOPES|650.00
202403|20322717587|***.561.786-**|VANESSA LUANA DA SILVA|750.00
202403|20322733426|***.982.636-**|VANESSA RODRIGUES DA SILVA|708.00
202403|12395628516||VANESSA SOARES SILVIANO|600.00
202403|16559634745|***.637.466-**|VANESSA URSULA VIEIRA|750.00
202403|20329636981|***.945.656-**|VANETE DAS DORES COUTO|700.00
202403|16626402723|***.131.176-**|VANILDA MARTA MOREIRA|440.00
202403|16661985071|***.708.866-**|VANILDE APARECIDA DE FREITAS GOMES|350.00
202403|16555317745|***.879.356-**|VANILDE DE JESUS SENA BATISTA|476.00
202403|12993920091|***.413.866-**|VANIMAYRE AQUINO NOGUEIRA SOARES|650.00
202403|16057534396|***.961.586-**|VANONE VIRGULINO DE SOUZA|440.00
202403|12708956134|***.041.396-**|VANUZA DUARTE DE QUEIROZ|1294.00
202403|12752804107|***.053.186-**|VARLENE VENTURA SILVIANO|650.00
202403|16555334348|***.890.236-**|VAVIANA LUCILENA SANTOS DE SOUZA|601.00
202403|16555343150|***.447.636-**|VENICIA MAGALHAES RAMOS|650.00
202403|20443663267|***.758.066-**|VERA LUCIA COELHO|600.00
202403|20329638941|***.398.336-**|VERA LUCIA DA COSTA NASCIMENTO|700.00
202403|16559712231|***.211.106-**|VERA LUCIA DA SILVA SENA|600.00
202403|16555343762|***.026.606-**|VERA LUCIA DE LIMA|650.00
202403|16561722575|***.026.806-**|VERA LUCIA DOS SANTOS|600.00
202403|16649235467|***.191.526-**|VERA MARIA DA SILVA|600.00
202403|12037239973|***.011.946-**|VICENTE ANTONIO DA SILVA|600.00
202403|16652503876|***.651.783-**|VICTORIA CHRISTINE COSTA CALDAS|325.00
202403|20322723544|***.785.336-**|VICTORIA LEILIANE LIMA VIANA|800.00
202403|12717215109|***.023.966-**|VILMA ALVES DE MIRANDA|600.00
202403|20322733442|***.738.086-**|VILMA APARECIDA PEREIRA|650.00
202403|16646752010|***.116.176-**|VILMA CATARINA MARQUES|501.00
202403|16586960658|***.987.416-**|VILMA DA PIEDADE DAS DORES|300.00
202403|20755091471|***.782.016-**|VILMA MARIA DOS SANTOS SOBRINHA|700.00
202403|23608253269|***.087.846-**|VILMA PINTO DOS REIS CAMPOS|700.00
202403|12699232132||VIRGINIA DA PIEDADE LINO BENTO|600.00
202403|16609300020|***.860.446-**|VIRLENE SILVA DA PAZ|650.00
202403|16632788085|***.786.506-**|VITORIA AUGUSTA DOS SANTOS|608.00
202403|21353181342||VITORIA CRISTINA OLIVEIRA SILVA|900.00
202403|16602601963|***.742.576-**|VITORIA DE FATIMA REIS DE CARVALHO|1126.00
202403|20329623057|***.907.546-**|VITORIA DE OLIVEIRA SOUZA|750.00
202403|21276875101|***.238.116-**|VITORIA MADALENA MENDES|650.00
202403|16649290352||VITORIA MUNIZ DA SILVA|750.00
202403|20322727736|***.426.686-**|VIVIANE CRISTINA PEREIRA|900.00
202403|20646550408|***.553.996-**|VIVIANE CRISTINA SOARES|690.00
202403|16634877204|***.028.056-**|VIVIANE DEISE SILVA SANTOS|750.00
202403|12643997095|***.811.036-**|VIVIANE DOS SANTOS CABRAL|350.00
202403|16555373181|***.520.896-**|VIVIANE JAQUELINE DE OLIVEIRA|590.00
202403|20333486298|***.430.666-**|VIVIANE MARIA FERREIRA DO SOCORRO|430.00
202403|12687395112|***.761.746-**|VIVIANE PEREIRA|800.00
202403|16583451264|***.974.096-**|WALDIRENE FERREIRA|650.00
202403|16582845560|***.704.536-**|WALDIRENE RAIMUNDA MACHADO|600.00
202403|19043165436|***.691.246-**|WALQUIRIA ESTHER LEITE|850.00
202403|12281813764|***.756.886-**|WANDA APARECIDA DOS SANTOS COSTA|325.00
202403|20997076830||WANDA LUCIA SANTOS|440.00
202403|12338803347|***.816.556-**|WANDER ROSA MOREIRA|600.00
202403|12669772104|***.171.326-**|WANDERLEIA AUGUSTA DA COSTA|600.00
202403|12312486360||WANDERLEY ARAUJO DE SOUZA|600.00
202403|12380090469||WANDERLEY ROSA MOREIRA|600.00
202403|12700587105||WANDERSON MARIANO FARIA|900.00
202403|12419963972|***.190.736-**|WANESSA DO NASCIMENTO DE OLIVEIRA|490.00
202403|16555309122|***.091.216-**|WANGELO PABLIO DA SILVA|600.00
202403|12755112133|***.412.026-**|WELLERSON FLAVIO SANTOS|600.00
202403|16583458900|***.293.526-**|WELLINGTON BATISTA RIBEIRO|325.00
202403|12784549110|***.748.156-**|WESCLEI PEREIRA MOREIRA|600.00
202403|20336193712|***.969.046-**|WESLIANA GOMES DA PAIXAO|800.00
202403|16583468973|***.015.996-**|WIARA CRISTINA XAVIER|540.00
202403|10437467721||WILDEMBERG JOSE BAETA|600.00
202403|12312015112|***.524.926-**|WILSON DE SOUZA NAZARETH|600.00
202403|20161743069||WILSON LUCAS DE SOUZA|600.00
202403|12210624055|***.256.256-**|WILSON RODRIGUES DA CRUZ|230.00
202403|20729455178||WOLFGANG BATISTA PALHA MONTES|750.00
202403|16647172557|***.762.656-**|XENIA CRISTINA GOMES|430.00
202403|21420697325||XIOMARA DEL CARMEN GARCIA SOSA|650.00
202403|20460001854|***.428.826-**|YASMINE STEFANI CORREA SANTOS|350.00
202403|16191053240|***.509.366-**|YOLANDA DEBORAH APARECIDA SANTOS|950.00
202403|16281451903|***.196.847-**|YONA GABRIELLY SOUZA MARTINS|850.00
202403|16693193782|***.140.946-**|ZELIA ARRUDA DO NASCIMENTO|520.00
202403|16530959387|***.145.916-**|ZILDETE ROSA DOS SANTOS|960.00
