MÊS REFERÊNCIA|NIS FAVORECIDO|CPF FAVORECIDO|NOME FAVORECIDO|VALOR PARCELA
202208|16105004436|***.446.576-**|ACSSILANDRIA FONSECA COELHO|400.00
202208|16054972201|***.011.016-**|ADAIANA APARECIDA SOARES|400.00
202208|12734391165|***.731.285-**|ADAILTON DE CARVALHO BISPO|400.00
202208|21344213679||ADAILTON DE PAULA SANTOS|400.00
202208|12300938067|***.000.446-**|ADAIR GONCALVES DOS SANTOS|400.00
202208|12212605856|***.576.216-**|ADAIR NEVES DA SILVA|400.00
202208|12219637338||ADAO MATEUS DE ALMEIDA|400.00
202208|21200229756|***.912.906-**|ADELMA FRANCA DE PAULA|400.00
202208|16019455247|***.124.806-**|ADELUZA MUNIZ DA SILVA|400.00
202208|12235080784||ADEMILSON DA APARECIDA CAMILO|400.00
202208|20052483058|***.805.766-**|ADENISIA SILVA GONCALVES|400.00
202208|21261938625|***.860.706-**|ADERLAINE MARTIS DE PAULA SIQUEIRA|400.00
202208|16104988777|***.401.526-**|ADIL MARTIR DE MAGALHAES SA|400.00
202208|12513885793||ADILSON ANDRE DA SILVA|400.00
202208|12297023229|***.563.386-**|ADILSON CAMILO DOS SANTOS|400.00
202208|20336199257|***.028.286-**|ADRIANA ABIGAIL LOPES DE MIRANDA|400.00
202208|21243147212|***.699.726-**|ADRIANA ALVES FERREIRA|400.00
202208|16124603757|***.281.456-**|ADRIANA ANTONIA GONCALVES|400.00
202208|19012736725|***.920.276-**|ADRIANA AUXILIADORA BRAZ COSTA|400.00
202208|16104051422|***.039.066-**|ADRIANA BARBOSA RODRIGUES|400.00
202208|16108357429|***.348.026-**|ADRIANA BONSUCESSO DA SILVA|400.00
202208|16108354470|***.060.296-**|ADRIANA CRISTINA ANDRE COSTA|400.00
202208|21203314517|***.909.416-**|ADRIANA CRISTINA DO BONSUCESSO SANTIAGO|400.00
202208|12626570119|***.706.666-**|ADRIANA CRISTINA DOS REIS SANTOS|400.00
202208|20052483708|***.006.756-**|ADRIANA CRISTINA FERNANDES DA COSTA|400.00
202208|16124604079|***.764.586-**|ADRIANA DA CONCEICAO MOREIRA SIQUEIRA|400.00
202208|16030506758|***.998.566-**|ADRIANA DE LOURDES CAMILO|400.00
202208|21265162249|***.790.116-**|ADRIANA DE LOURDES VIANA|400.00
202208|20070018329|***.245.906-**|ADRIANA FERREIRA DA SILVA|400.00
202208|16021722265|***.479.636-**|ADRIANA JESUS CALDEIRA|400.00
202208|12581836743|***.007.536-**|ADRIANA MARCAL DOS SANTOS|400.00
202208|20086009316|***.158.336-**|ADRIANA MARCIA CALADO|400.00
202208|16105826460|***.472.446-**|ADRIANA MARCIA DOS REIS|455.00
202208|20222031470|***.596.486-**|ADRIANA MARIA DA CONCEICAO SILVA|400.00
202208|20351034565|***.239.126-**|ADRIANA MONTEIRO DA SILVA|400.00
202208|21030036065|***.691.836-**|ADRIANA NAZARE ALVES RODRIGUES DOS SANTO|400.00
202208|16054982738||ADRIANA RAMOS DE LIMA|400.00
202208|20109871868|***.257.246-**|ADRIANA REIS|400.00
202208|16170269295|***.114.616-**|ADRIANA SILVA SOUZA FREITAS|400.00
202208|21257217838|***.098.516-**|ADRIANA SILVESTRE SANTOS|455.00
202208|20336200247|***.528.666-**|ADRIANA SOARES DA LUZ|400.00
202208|16170289776|***.920.736-**|ADRIELLE APARECIDA DOS SANTOS|400.00
202208|16147310055|***.589.616-**|ADRIELLE CRISTINA NASCIMENTO|400.00
202208|21203322684|***.945.016-**|ADRIENY CRISTINA VITORIA SOARES|400.00
202208|12679759097|***.578.856-**|AGUINALDO FERREIRA DE ARRUDA|400.00
202208|12251166469|***.931.726-**|AGUINOS FERREIRA LOPES|400.00
202208|16104081011|***.293.866-**|ALARISSA BATISTA RIBEIRO|400.00
202208|12884966988||ALCIMAGNO GONCALVES RODRIGUES|400.00
202208|21268351832|***.241.826-**|ALCIONE ROSA CAMILO|400.00
202208|20997071944|***.608.986-**|ALCIONE SOUZA NUNES PEREIRA|400.00
202208|16030657519|***.767.356-**|ALCIONE TEIXEIRA LEAO|400.00
202208|20923815206|***.414.656-**|ALECILDA SILVA DE OLIVEIRA|400.00
202208|16153478442|***.292.016-**|ALENICE DE SOUSA SANTOS|400.00
202208|16108386852|***.419.716-**|ALESSANDRA APARECIDA FERNANDES|400.00
202208|16030534999|***.759.706-**|ALESSANDRA BONSUCESSO MARQUES DOS SANTOS|400.00
202208|20322728015|***.285.536-**|ALESSANDRA CRISTINA GUERRA GIL|400.00
202208|16170273500|***.227.956-**|ALESSANDRA DA SILVA TEIXEIRA|400.00
202208|12441110103|***.351.016-**|ALESSANDRA DE CASSIA ROSA|400.00
202208|16147312422|***.962.666-**|ALESSANDRA DE LOURDES DOS SANTOS CARVALH|400.00
202208|16055007283|***.160.026-**|ALESSANDRA FERREIRA DA MATA|400.00
202208|20322734392||ALESSANDRA FLAVIA RODRIGUES|400.00
202208|16104680012|***.808.446-**|ALESSANDRA LEONIA CARLOS ELEODORO|400.00
202208|16120767453|***.497.476-**|ALESSANDRA LOPES|400.00
202208|12844764101|***.576.776-**|ALESSANDRA MARQUES DE SOUZA PAIXAO|400.00
202208|16147312406|***.437.736-**|ALESSANDRA PEREIRA DA SILVA|400.00
202208|20069973045|***.115.296-**|ALESSANDRA REGINA DE AQUINO|400.00
202208|16120767267|***.152.466-**|ALESSANDRA SANTOS DIAS|400.00
202208|20944284838|***.726.996-**|ALEX KENNEDY DRUMOND COSTA|400.00
202208|21254850114|***.001.556-**|ALEXANDRA APARECIDA DE OLIVEIRA|400.00
202208|20651874739|***.653.216-**|ALEXANDRA FERNANDES DIAS DE OLIVEIRA|400.00
202208|20329632463|***.161.766-**|ALEXANDRA REGINA DOS SANTOS|400.00
202208|20185216549||ALEXIA CONCEICAO FREITAS|400.00
202208|16147313240|***.170.446-**|ALEXINA PIEDADE DA LUZ|400.00
202208|20322722874|***.012.816-**|ALEXSANDRA DIAS DUARTE|400.00
202208|16124606152|***.654.836-**|ALEXSANDRA MOREIRA SIQUEIRA|400.00
202208|12297243636|***.913.956-**|ALFA DA SILVA DOS SANTOS|400.00
202208|20185215275|***.356.946-**|ALICE APARECIDA DA SILVA FILIPE|400.00
202208|13069970124|***.907.646-**|ALICE ELAINE DIAS SILVA|400.00
202208|16124607744|***.750.526-**|ALICE STHEFANY ARAUJO|400.00
202208|12712340118|***.718.026-**|ALIETE APARECIDA TORRES RIBEIRO|400.00
202208|16105350377|***.448.756-**|ALIETE CUNHA|680.00
202208|16105021845|***.201.576-**|ALINE ADRIANE FERREIRA MARQUES DOS SANTO|400.00
202208|21205691830|***.156.386-**|ALINE APARECIDA DE OLIVEIRA|455.00
202208|12794829108|***.349.516-**|ALINE APARECIDA PESSOA DUARTE|400.00
202208|16147313534|***.118.276-**|ALINE APARECIDA SOARES MAURO|400.00
202208|20416253185|***.935.128-**|ALINE BRAGA DE ARAUJO|400.00
202208|20322724141|***.489.986-**|ALINE CRISTINA DA SILVA|400.00
202208|16025081191|***.020.207-**|ALINE DE FREITAS TIENI|400.00
202208|20086006546|***.283.686-**|ALINE DE LOURDES SANTOS|400.00
202208|16030548256|***.229.976-**|ALINE DE OLIVEIRA ROSA|400.00
202208|16035891218|***.958.196-**|ALINE LIMA DOS SANTOS|400.00
202208|16030545613|***.644.776-**|ALINE LUZIA REIS COSTA CANDIDO|400.00
202208|20755101329|***.798.006-**|ALINE MARCIA DIAS NETO|400.00
202208|16055014425|***.776.696-**|ALINE MARIA DE ALMEIDA SILVA|400.00
202208|13000623115|***.264.486-**|ALINE MARTA MAGALHAES|400.00
202208|13254905376|***.463.576-**|ALINE MEDEIROS DE JESUS|400.00
202208|16105904836|***.872.086-**|ALINE MOREIRA ROSA DOS REIS|400.00
202208|16105022574|***.373.116-**|ALINE NEVES DA SILVA|400.00
202208|20351034166|***.162.596-**|ALINE OLIVEIRA FERNANDES|400.00
202208|21214061550|***.257.356-**|ALINE PATRICIA DE SOUZA COELHO|400.00
202208|16108401991|***.532.646-**|ALINE PEREIRA SEVERIANO|400.00
202208|16053900746|***.140.476-**|ALINE RAFAELA PEREIRA|400.00
202208|16105022086|***.029.436-**|ALINE THAIS DE JESUS SOUZA SANTOS|400.00
202208|20362571931|***.062.906-**|ALINE VILETE|400.00
202208|12887967136|***.249.386-**|ALINE XAVIER MENDES ERCULANO|400.00
202208|16055116201|***.607.226-**|ALMELINA FERREIRA DE JESUS NETA|400.00
202208|12815853096|***.428.416-**|ALMIRA RODRIGUES DE ANDRADE|400.00
202208|16055121280|***.558.666-**|ALVILEIA ALVES|400.00
202208|16035913890|***.184.856-**|AMANDA APARECIDA DA SILVA|400.00
202208|16147314514|***.299.506-**|AMANDA APARECIDA XAVIER DO CARMO|400.00
202208|20329612144|***.645.086-**|AMANDA CRISTINA COSTA|400.00
202208|16055025273|***.312.056-**|AMANDA DA PIEDADE MOREIRA PINTO|400.00
202208|20755094659||AMANDA DE CASSIA CANDIDO|400.00
202208|13921701774||AMANDA DE CASSIA MARTINS|400.00
202208|16168805657|***.479.816-**|AMANDA DE JESUS OLIVEIRA|400.00
202208|15908147277|***.702.736-**|AMANDA EDUARDA MARTINS DE OLIVEIRA|400.00
202208|16105923571|***.196.776-**|AMANDA GERVASIO MARCAL|400.00
202208|21316468765||AMANDA LUISA DA SILVA VIGARIO|400.00
202208|20329621607|***.583.656-**|AMANDA MAIRA MARQUES DA SILVA|400.00
202208|20339634094|***.382.966-**|AMANDA SOUZA ARAUJO|400.00
202208|13686187409|***.927.716-**|AMELIA DORES DA SILVA|400.00
202208|16055047269|***.691.676-**|AMELINA DE LOURDES SOARES|400.00
202208|21372011147||ANA CAROLINA DE ALMEIDA|400.00
202208|16124613523|***.851.226-**|ANA CAROLINA DE OLIVEIRA FERREIRA BARBOS|400.00
202208|21222882959|***.006.236-**|ANA CAROLINA OLIVEIRA|400.00
202208|16141073353|***.276.776-**|ANA CAROLINE DE SOUZA|400.00
202208|12663130135|***.888.756-**|ANA CELIA DE SOUZA|400.00
202208|21258298203|***.120.836-**|ANA CLARA DA SILVA CONCEICAO|400.00
202208|21213013722|***.446.636-**|ANA CLARA DE SOUZA SANTOS|400.00
202208|21286322008|***.028.396-**|ANA CLAUDIA DIAS PEREIRA|400.00
202208|23768326892||ANA CLAUDIA DOS SANTOS|400.00
202208|20755089159|***.074.666-**|ANA CLAUDIA ESPINULA|400.00
202208|20322737863|***.492.676-**|ANA CRISTINA DA SILVA FERREIRA|400.00
202208|16143693804|***.677.436-**|ANA CRISTINA DOS SANTOS|400.00
202208|21225252476|***.038.576-**|ANA CRISTINA DOS SANTOS|400.00
202208|20336198978|***.911.586-**|ANA DOS REIS PINTO|400.00
202208|20351033593|***.449.046-**|ANA FLAVIA DA SILVA CASSIMIRO|400.00
202208|16055091276|***.664.846-**|ANA FLAVIA FELIX DA SILVA|400.00
202208|16105087668|***.027.626-**|ANA GERVAZIO DA SILVA|400.00
202208|23686171348|***.350.283-**|ANA LUCIA CORREIA VIEIRA|400.00
202208|21200015551|***.677.816-**|ANA LUCIA DE OLIVEIRA|400.00
202208|15449608474|***.679.156-**|ANA LUCIA FRANCELINO DE SOUZA SANTOS|400.00
202208|16143690791|***.870.696-**|ANA LUCIA MARQUES|400.00
202208|20142783913|***.088.556-**|ANA LUCIA MOREIRA|400.00
202208|16030624106|***.917.646-**|ANA MARIA GABRIEL DOS SANTOS|400.00
202208|16030615867|***.179.686-**|ANA MARIA MIGUEL|400.00
202208|12297257386|***.223.966-**|ANA MONTEIRO DE OLIVEIRA|400.00
202208|20691627813|***.922.516-**|ANA MOREIRA DE SOUZA|400.00
202208|20921724866|***.972.446-**|ANA MOREIRA DOS SANTOS|400.00
202208|20329627974|***.626.976-**|ANA PAULA ALVES TEIXEIRA|400.00
202208|20330143187||ANA PAULA ANDRADE|400.00
202208|20336196843|***.578.156-**|ANA PAULA ANDRELINO SILVA|400.00
202208|16147320522|***.428.846-**|ANA PAULA ARAUJO NASCIMENTO|400.00
202208|20086006163|***.987.866-**|ANA PAULA BENFICA DO CARMO|400.00
202208|12548044566|***.196.076-**|ANA PAULA BOM SUCESSO|400.00
202208|20086007291|***.542.616-**|ANA PAULA BRUZINGA|400.00
202208|20659396607||ANA PAULA CORREIA|400.00
202208|16143695718|***.489.896-**|ANA PAULA DA SILVA|400.00
202208|16108483610|***.796.796-**|ANA PAULA DE FREITAS ENGRACIO|400.00
202208|20092437324|***.130.526-**|ANA PAULA DE OLIVEIRA|400.00
202208|16143688312|***.054.286-**|ANA PAULA DIAS|400.00
202208|20351033259|***.152.876-**|ANA PAULA DIAS MOREIRA|400.00
202208|16161683742|***.664.396-**|ANA PAULA GONZAGA DE PAULA|400.00
202208|16105082275|***.615.486-**|ANA PAULA MEDEIROS PESSOA GONCALVES|400.00
202208|16126528671|***.675.996-**|ANA PAULA PEREIRA ROSA|400.00
202208|16124615518|***.995.796-**|ANA PAULA RANALHA DE SOUZA|400.00
202208|20383561226|***.175.486-**|ANA PAULA RODRIGUES ALVES|400.00
202208|20329634016|***.379.666-**|ANA PAULA SIQUEIRA DA SILVA|400.00
202208|21030034666|***.737.106-**|ANA PAULA SOARES|400.00
202208|16055097096|***.843.786-**|ANA PAULA SOARES|400.00
202208|16164956065|***.877.346-**|ANA ROCHA SILVA|400.00
202208|16158168093|***.768.046-**|ANA ROSA DOS SANTOS|400.00
202208|14874187613|***.177.636-**|ANA VICTORIA GONCALVES DA SILVA|400.00
202208|16143688738|***.002.726-**|ANA VITORIA DIAS FERREIRA|400.00
202208|12895391108|***.837.286-**|ANALICE MACHADO PEREIRA|400.00
202208|21257719566|***.111.786-**|ANASTACIA GALDINO PINTO|400.00
202208|12635221091|***.496.366-**|ANDERSON DA LUZ GOMES|400.00
202208|16153484396|***.260.216-**|ANDERSON MOREIRA DA CRUZ|400.00
202208|10249289609|***.005.206-**|ANDGERO ANTONIO DE MORAES|400.00
202208|21218289637|***.441.766-**|ANDRAMASIA DA PIEDADE FERREIRA|400.00
202208|12550833742||ANDRE LUIZ DA ROCHA|400.00
202208|16126498403|***.483.086-**|ANDRE LUIZ MARCELINO|400.00
202208|16030566823|***.227.066-**|ANDREA APARECIDA FERREIRA|400.00
202208|21358108953||ANDREA CAROLINA RONDON ROMERO|400.00
202208|21311163419||ANDREA LUCIA SILVA|400.00
202208|16030566327|***.338.026-**|ANDREA PEDROZA DE ALMEIDA|400.00
202208|16108865556|***.477.146-**|ANDREA SOARES DA SILVA|400.00
202208|12653221103|***.216.456-**|ANDREIA APARECIDA SILVA|400.00
202208|20336196010|***.083.096-**|ANDREIA BATISTA DE SOUZA|400.00
202208|12613705096|***.205.216-**|ANDREIA CRISTINA DA SILVA|400.00
202208|12682908111|***.675.956-**|ANDREIA CRISTINA DE OLIVEIRA|400.00
202208|16118944688|***.235.126-**|ANDREIA FONSECA GONCALVES|400.00
202208|20997072460||ANDREIA LUCIENE DE OLIVEIRA|400.00
202208|20322724982|***.660.386-**|ANDREIA MARIA DE SOUZA|400.00
202208|12931842097||ANDREIA MARIA INACIO DO NASCIMENTO|400.00
202208|16055036917|***.681.996-**|ANDREIA ROBERTA DOS REIS|400.00
202208|20755101655|***.059.866-**|ANDREINA APARECIDA FERNANDES DA ROCHA|400.00
202208|16035951741|***.762.266-**|ANDRELINA APARECIDA DA SILVA|400.00
202208|16104700293|***.596.896-**|ANDRELINA DOS SANTOS RAIMUNDO|400.00
202208|16055041775|***.505.326-**|ANDRESA PAOLA DE OLIVEIRA|400.00
202208|16170279126|***.152.276-**|ANDREZA DE PAULA CAMPOS SEVERINO|400.00
202208|16094187912|***.024.257-**|ANDREZA ERIAS DA SILVA|400.00
202208|16170279150|***.931.706-**|ANDREZA PIEDADE DA SILVA|400.00
202208|16105040777|***.127.666-**|ANDREZA SILVA MAGALHAES|400.00
202208|20329629829|***.526.626-**|ANDRIAMARA EGIDIA SOUZA|400.00
202208|20330144906|***.876.996-**|ANGELA FERNANDA MARIANO|400.00
202208|20322740740|***.273.156-**|ANGELA MARCIA FERREIRA|400.00
202208|12212739933|***.844.746-**|ANGELA MARIA DA SILVA|400.00
202208|16055048419|***.045.976-**|ANGELA MARIA DE JESUS FERREIRA|400.00
202208|16030581245|***.612.186-**|ANGELA MARIA DOS SANTOS LIMA|400.00
202208|20396210990|***.055.316-**|ANGELA MARIA MOREIRA SOUZA|400.00
202208|12749302112|***.991.886-**|ANGELA MARTINS DA SILVA|400.00
202208|20755087830|***.716.756-**|ANGELICA APARECIDA DA SILVA|400.00
202208|20997082466|***.366.646-**|ANGELICA APARECIDA DE PAULA|400.00
202208|15445149637|***.175.286-**|ANGELICA DE FATIMA DE OLIVEIRA MEIRELES|400.00
202208|16170280213|***.312.596-**|ANGELICA NATALIA DIAS|400.00
202208|21244497667|***.996.256-**|ANGELINA DAS NEVES|400.00
202208|16011622578|***.390.896-**|ANGELITA MARIA DE OLIVEIRA|400.00
202208|10650637833||ANICETO AUGUSTO DA SILVA|400.00
202208|21256344097|***.663.056-**|ANITA INEZ DE JESUS|400.00
202208|20185214953|***.996.336-**|ANNA BARBARA DE OLIVEIRA IBIAPINA|400.00
202208|12475225205|***.185.896-**|ANNA PAULA MUZZI PEIXOTO|400.00
202208|16036111070|***.637.916-**|ANNE CAROLINE DE ALMEIDA|400.00
202208|16124615968|***.855.986-**|ANNE ROSE DE SOUZA|400.00
202208|12513790652||ANTONIA BONSUCESSO DE OLIVEIRA MELO|400.00
202208|21208680651|***.398.893-**|ANTONIA DA SILVA FERREIRA|400.00
202208|12343853861|***.946.226-**|ANTONIA DO BOM SUCESSO DE OLIVEIRA|400.00
202208|12560084114|***.189.066-**|ANTONIA DOS ANJOS DO SACRAMENTO FERREIRA|400.00
202208|21238641115||ANTONIA FERREIRA MAGALHAES MEIRELES|400.00
202208|16170280876|***.096.376-**|ANTONIA LAURA GODOI|400.00
202208|16170281236|***.536.196-**|ANTONIA NAZARE DOS SANTOS|400.00
202208|12899335121||ANTONIO CARLOS DE OLIVEIRA|400.00
202208|12291352514||ANTONIO HENRIQUE DA ROCHA|400.00
202208|10851565899||ANTONIO JORGE DOS SANTOS|400.00
202208|12343852539|***.389.036-**|ANTONIO JOSE MAGALHAES|400.00
202208|14591892839|***.783.742-**|ANTONIO JOSE PEREZ RODRIGUEZ|400.00
202208|12869093839||ANTONIO LUIS GUIMARAES TAVEIRA PINTO|400.00
202208|16147322681|***.858.466-**|APARECIDA AUGUSTA DA COSTA SOARES|400.00
202208|12419771976|***.321.696-**|APARECIDA CONCEICAO MARCELINO|400.00
202208|12640773129|***.977.896-**|APARECIDA DE FATIMA CLAUDIO SANTOS|400.00
202208|16030637364|***.817.796-**|APARECIDA DE LOURDES ARAUJO DE MAGALHAES|400.00
202208|16001960721|***.303.076-**|APARECIDA HELENA OLIVEIRA SILVA|400.00
202208|20329621593|***.038.446-**|APARECIDA JUSTINA ROSA|400.00
202208|16036116048|***.232.526-**|APARECIDA MAMEDES DE ARAUJO|400.00
202208|16143699322|***.553.536-**|APARECIDA MARIA DOS SANTOS|400.00
202208|12511990050|***.008.216-**|APARECIDA MOREIRA AFONSO FONSECA|400.00
202208|16055101921|***.370.286-**|APARECIDA PARANHOS|400.00
202208|16124616182|***.553.316-**|APARECIDA SILVESTRE COELHO|400.00
202208|20755086575|***.354.696-**|ARIANA APARECIDA DE ARAUJO|400.00
202208|20475432236|***.661.916-**|ARIANA DE OLIVEIRA|400.00
202208|16105098546|***.541.276-**|ARIANA DO CARMO|400.00
202208|16147322932||ARIANA VILACA CAMPOS CARVALHO|400.00
202208|15158835784|***.845.186-**|ARIANE ESTEFANY OLIVEIRA ALMEIDA|400.00
202208|16108517809|***.539.056-**|ARIANE THAIS DA CRUZ|400.00
202208|19040693075|***.443.806-**|ARIANY FIGUEIREDO|400.00
202208|20333486018|***.097.616-**|ARIEL MOURA DE OLIVEIRA|400.00
202208|16147323165|***.956.246-**|ARIELE OLAVIA DA SILVA|400.00
202208|16105099151|***.655.506-**|ARIELE RODRIGUES PESSOA|400.00
202208|20185216387|***.816.356-**|ARIELLE ROSA DE ALMEIDA|400.00
202208|12881406116|***.116.946-**|ARIENE GOMES BARBOSA|400.00
202208|16156137875|***.290.676-**|ARISTANIA FERREIRA XAVIER|400.00
202208|16036135077|***.673.086-**|ARLETE DE FATIMA SOARES|400.00
202208|16170290162|***.980.196-**|ARLETE FRANCISCA DUARTE|400.00
202208|12732608116|***.450.346-**|ARLIENE DE LOURDES CARVALHO|400.00
202208|12513788704|***.158.966-**|ARLINDA ROSA DE OLIVEIRA|400.00
202208|20755092494|***.118.366-**|ARQUILENE RIBEIRO GANDRA|400.00
202208|20647014267|***.342.206-**|AXILENE PIRES DO CARMO PEREIRA|400.00
202208|15775917271|***.274.886-**|AYRA CRISTINA PEREIRA|400.00
202208|20997075761|***.218.256-**|BARBARA CRISTINA CRUZ|400.00
202208|16143708755|***.782.566-**|BARBARA ESTERFANI ELOI ROCHA|400.00
202208|16153806121|***.785.626-**|BARBARA GABRIELLE CUNHA|400.00
202208|21250351954|***.118.526-**|BEATRIZ DE OLIVEIRA|400.00
202208|20329626706|***.363.866-**|BEATRIZ DE SOUZA TEODORO BATISTA|400.00
202208|16108949776|***.702.696-**|BEATRIZ LUZIA JORDAO LINO|400.00
202208|21369409658||BEATRIZ MARIA ALVES DIAS|400.00
202208|16124619955|***.737.416-**|BEATRIZ MARTINS DOS SANTOS|400.00
202208|21285740671|***.784.696-**|BEATRIZ RAMOS DE OLIVEIRA|400.00
202208|12141180998|***.558.966-**|BEATRIZ TEIXEIRA DA SILVA|400.00
202208|16055125936||BEIBIANE PIEDADE DOS SANTOS|400.00
202208|20336196975|***.116.726-**|BETANIA DE FATIMA DOS SANTOS|400.00
202208|21224624329|***.918.466-**|BIANCA ALVES DA SILVA|400.00
202208|16143712876|***.424.926-**|BIANCA CRISTINA LIMA|400.00
202208|20051310605|***.427.416-**|BIANCA ROSA DO ESPIRITO SANTO|400.00
202208|20396213361||BLENDA NAZARE PRAZERES|400.00
202208|20755103860|***.959.346-**|BLIENY DE SOUZA SILVA|400.00
202208|14546952402|***.382.836-**|BRENDA DIAS GOMES COSTA|400.00
202208|20693645916|***.204.196-**|BRENDA HELLEN CANDIDO|400.00
202208|20322736263|***.971.076-**|BRENDA PEIXOTO DUARTE|400.00
202208|16143716340|***.999.896-**|BRUNA APARECIDA LIMA|400.00
202208|16104785698|***.796.146-**|BRUNA CRISTINA DA SILVA DOMINGOS|400.00
202208|20755084718|***.676.076-**|BRUNA FONTANA DIAS ALVES|400.00
202208|20755093814|***.724.496-**|BRUNA JOYCE DE MORAIS|400.00
202208|20330142687||BRUNA KARINE DOS SANTOS|400.00
202208|20322723048|***.077.856-**|BRUNA MARA ALVES LIMA|400.00
202208|16147327020|***.831.756-**|BRUNA NAYARA DE AQUINO DA SILVA|400.00
202208|13067624121|***.888.786-**|BRUNA RAFAELA FERREIRA DOS SANTOS|400.00
202208|16118499846|***.179.026-**|BRUNA TIAGO DE OLIVEIRA|400.00
202208|23834100249|***.395.606-**|BRUNO MARTUCHELLI DOS SANTOS|400.00
202208|12762704091|***.451.276-**|CACILDA DA SILVA|400.00
202208|20944288302|***.912.356-**|CAMILA APARECIDA BRAGA REIS|400.00
202208|20329629667||CAMILA CONCEICAO CORREIA|400.00
202208|16205548047|***.140.436-**|CAMILA CRISTINA PIEDADE SANTOS|400.00
202208|16211625058|***.187.326-**|CAMILA DANIELE DE MOURA ELIAS|400.00
202208|16306416316|***.741.656-**|CAMILA DUARTE DE SOUZA|400.00
202208|20336199044|***.461.766-**|CAMILA FERNANDA PEREIRA DOS REIS|400.00
202208|20336203912|***.584.446-**|CAMILA GABRIELA CRISTINA DOS SANTOS|400.00
202208|16235258616|***.953.846-**|CAMILA JOANA SOUZA VALADARES|400.00
202208|16212004480|***.043.646-**|CAMILA MARIA RODRIGUES|400.00
202208|16209893296|***.459.556-**|CAMILA MICHELLE FERREIRA|400.00
202208|16205545676|***.770.596-**|CAMILA NAYARA DO CARMO RIDOLFI|400.00
202208|16209904964|***.304.716-**|CAMILA RAFAELA SILVA DE ALMEIDA|400.00
202208|16303293787|***.790.026-**|CAMILA SANTANA VIEIRA|400.00
202208|16298501801|***.770.456-**|CAMILA STEFANI MOREIRA|400.00
202208|20755096481|***.512.106-**|CAMILA STUARTE BATISTA|400.00
202208|16308719340|***.757.506-**|CAMYLE EMYLAINE DA CRUZ SILVA|400.00
202208|12636109104|***.924.386-**|CARLA CRISTIANE GUERRA|400.00
202208|16314355428|***.177.566-**|CARLA CRISTINA DE JESUS VIEIRA|400.00
202208|16451303683|***.589.216-**|CARLA CRISTINA FERNANDES|400.00
202208|16471705558|***.935.996-**|CARLA CRISTINA MUNIZ RODRIGUES|400.00
202208|12456014458|***.649.556-**|CARLA LOPES BARRETO|400.00
202208|16233302693|***.416.416-**|CARLOS ANTONIO RODRIGUES|400.00
202208|16237722042|***.924.306-**|CARLOS DANIEL BONSUCESSO FONTANA|400.00
202208|20047261123||CARLOS EDUARDO MOREIRA DA SILVA|400.00
202208|12168184064|***.627.816-**|CARLOS ROBERTO MARQUES|400.00
202208|10615177775||CARLOS SEZIO MONTEIRO|400.00
202208|16434652934|***.528.096-**|CARMITA MOREIRA DE OLIVEIRA|400.00
202208|16407296863|***.457.326-**|CAROLINA DOS SANTOS CALADO|400.00
202208|16473177206|***.071.016-**|CAROLINE GABRIELLE EVANGELISTA SANTOS|400.00
202208|20161744170|***.543.906-**|CAROLLINA FRANCINY ATANAZIO|400.00
202208|12729679091|***.746.466-**|CASSANDRA DA SILVA SANTOS|400.00
202208|19018276750||CASSIA ANTONIA BARNABE|400.00
202208|12471656074|***.581.726-**|CASSIA REIS VIEIRA|400.00
202208|20329618614|***.571.756-**|CASSILAINE ROSARIA DA FONSECA|400.00
202208|20330145422|***.904.986-**|CATIA CONCEICAO ALVES DA LUZ|400.00
202208|16466807550|***.633.486-**|CATIA DA SILVA FREITAS SANTOS|400.00
202208|16207270682|***.028.356-**|CATIA DIAS CAETANO|400.00
202208|20362544330|***.603.946-**|CECILIA ALVES BEZERRA|400.00
202208|13017518115|***.804.156-**|CELIA CRISTINA DE JESUS|400.00
202208|16654968728|***.112.507-**|CELIA EVANGIL SANTOS DO NASCIMENTO|400.00
202208|20161746300||CELIA FERREIRA GOMES|400.00
202208|16620899162|***.599.126-**|CELIA MAGELA DOS SANTOS GARCIA|400.00
202208|12664082274|***.193.676-**|CELSO JOSE FERREIRA ARAUJO|400.00
202208|16650489477|***.729.766-**|CHIRLEI APARECIDA BARROSO|400.00
202208|12908471118|***.797.566-**|CHIRLENE SOARES BRAGA|400.00
202208|20703531802||CHISDILEY OLIVEIRA ROBERTO|400.00
202208|16210121994|***.336.186-**|CHRIS STEFANINI DE OLIVEIRA ARAUJO|400.00
202208|16473519891|***.241.156-**|CHRISTIANE BONSUCESSO FONTANA BARREIROS|400.00
202208|16212076198|***.726.416-**|CHRISTIELLE SILVA MOREIRA|400.00
202208|16212076368|***.726.406-**|CHRISTIENNE SILVA MOREIRA|400.00
202208|20086005922|***.530.106-**|CHRISTINA MARIA DA ROCHA|400.00
202208|16582673204|***.585.796-**|CIBELE BARBOSA RODRIGUES|400.00
202208|12868371096|***.794.716-**|CIBELE SUDARIO DE OLIVEIRA|400.00
202208|16561612338|***.827.766-**|CILMARA MARCIA DE MAGALHAES CARVALHO|400.00
202208|12878861118|***.819.396-**|CINTIA APARECIDA DOS SANTOS|400.00
202208|20755098417|***.202.926-**|CINTIA BERNADET DA SILVA|400.00
202208|20755091811|***.365.986-**|CINTIA DAS GRACAS PORTO|400.00
202208|12944454090|***.659.926-**|CINTIA ELISA TEIXEIRA LIMA|400.00
202208|12840133093|***.632.946-**|CINTIA MARIA SANTOS AZEVEDO|400.00
202208|20755087903|***.224.386-**|CINTYA SOARES DE LIMA|400.00
202208|16584537723|***.182.726-**|CIRIA AUGUSTA FERREIRA|400.00
202208|23815805909|***.385.906-**|CLARICE AMANDA LOPES|400.00
202208|20185214465|***.098.506-**|CLAUDIA AMANDA FRANCISCO RODRIGUES|400.00
202208|12707017134|***.798.676-**|CLAUDIA DAS GRACAS CHAGAS|400.00
202208|16501747970|***.326.456-**|CLAUDIA DE OLIVEIRA|400.00
202208|20443664972|***.011.586-**|CLAUDIA LUIZA DOS SANTOS JOAO|400.00
202208|16448713892|***.512.196-**|CLAUDIA LUZIA PINTO LOPES|400.00
202208|20917221626|***.859.886-**|CLAUDIA NASCIMENTO MATEUS|400.00
202208|12673820126|***.716.216-**|CLAUDIA PIEDADE DA SILVA|400.00
202208|16473196472|***.042.606-**|CLAUDIANA APARECIDA EVANGELISTA|400.00
202208|16445043748|***.118.736-**|CLAUDIANA LUCIA MAIA DOS SANTOS|400.00
202208|20659432425|***.428.806-**|CLAUDIANA MONTEIRO DE SAO MIGUEL|400.00
202208|20923813599|***.366.786-**|CLAUDIANE DOS SANTOS|400.00
202208|13073308104|***.133.136-**|CLAUDIANE NAZARE DIAS|400.00
202208|23682060703|***.853.186-**|CLAUDIENE MARIANA DA CRUZ SILVA|400.00
202208|20627329009|***.334.326-**|CLAUDILAINE MICHELLE LEITE COSTA|400.00
202208|16426675483|***.055.296-**|CLAUDILENE DE OLIVEIRA ROSA|400.00
202208|12419769505|***.830.006-**|CLAUDILENE MARIA DE OLIVEIRA|400.00
202208|13029360090|***.308.496-**|CLAUDIMAR DO CARMO MARTINS|400.00
202208|16418563485|***.342.136-**|CLAUDINEA APARECIDA DE PAULA SABINO|400.00
202208|12471787977|***.990.506-**|CLAUDINEI MARTINS|400.00
202208|12679944102|***.387.926-**|CLAUDINEIA ALVES DOS SANTOS|400.00
202208|16445044272|***.852.216-**|CLAUDINEIA APARECIDA ARAUJO|400.00
202208|12947161108|***.241.806-**|CLAUDINEIA DA SILVA|400.00
202208|16411101605|***.245.066-**|CLAUDINEIA DA SILVA NASCIMENTO|400.00
202208|12370688426|***.261.686-**|CLAUDIO SILVINO DA SILVA|400.00
202208|10728036166||CLAUDIONOR GOMES PEREIRA|400.00
202208|16480663439|***.278.806-**|CLAUDIOVANA DA SILVA|400.00
202208|20322740333|***.497.756-**|CLEIDE DA SILVA FREITAS|400.00
202208|16212054542|***.409.096-**|CLEIDE GUEDES FERREIRA DA PIEDADE|400.00
202208|16407064253|***.156.086-**|CLEIDELANE PEREIRA ALVES|400.00
202208|20322728465|***.180.476-**|CLEIDIANE APARECIDA DIAS GOMES|400.00
202208|16471462930|***.211.936-**|CLEIDIANE APARECIDA MARTINS|400.00
202208|13039925120|***.715.036-**|CLEIDINERIA DA ASSUNCAO PINTO QUEIROZ|400.00
202208|13442153475|***.263.736-**|CLEONICE BATISTA DO NASCIMENTO|400.00
202208|12824847117|***.955.356-**|CLEONICE OLIVEIRA LIMA|400.00
202208|16407329257|***.773.986-**|CLERICE RODRIGUES CONCEICAO ASSIS|400.00
202208|16420557276|***.071.946-**|CLEUNICE INES ALVES|400.00
202208|20396215437|***.988.156-**|CLEUSA ALVES MACIEL|400.00
202208|20923810395|***.047.816-**|CLEUZA DA SILVA|400.00
202208|16408201890|***.458.516-**|CLEUZA DA SILVA FRANCISCO|400.00
202208|16205618762|***.453.416-**|CLEUZA DE PAULA BATISTA DOS SANTOS|400.00
202208|12032048673|***.337.166-**|CLEUZA DESIDORIA DOS SANTOS|400.00
202208|20330141486|***.979.166-**|CLEUZA DO NASCIMENTO LOPES HOMEM|400.00
202208|12282689633|***.834.277-**|CLEUZA LUZIA COELHO|400.00
202208|20333481873|***.851.656-**|CONCEICAO DA PIEDADE SOARES DA CRUZ|400.00
202208|17043254076|***.150.806-**|CONCEICAO DE FREITAS|400.00
202208|10851662738|***.261.316-**|CONCEICAO DONATA DUARTE|400.00
202208|20333482888|***.863.476-**|CONCEICAO EMILIA ROSA|400.00
202208|16407073252|***.530.996-**|CONCEICAO EUGENIA NASCIMENTO|400.00
202208|12659517136|***.830.246-**|COSME DAMIAO DOS SANTOS FILHO|400.00
202208|16212067857|***.088.696-**|CREONE CELIA CANDIDO SEVIRINO|400.00
202208|16210092250|***.809.806-**|CREUZA SILVESTRE DA COSTA FREITAS|400.00
202208|20322728201|***.561.716-**|CRISLAINY ALEME NEPOMUCENO|400.00
202208|16471728256||CRISTAL RAYANE MARINHO|400.00
202208|20101985244|***.863.546-**|CRISTIANA GOMES PEREIRA|400.00
202208|20629629549|***.453.606-**|CRISTIANA MARIA DA SILVA AMARO|400.00
202208|16210099697|***.904.646-**|CRISTIANA SILVA DE ABREU|400.00
202208|20755099006|***.361.056-**|CRISTIANE APARECIDA DE OLIVEIRA FERREIRA|400.00
202208|20333488746|***.264.486-**|CRISTIANE APARECIDA JULIA|400.00
202208|16471464682|***.734.696-**|CRISTIANE APARECIDA MIGUEL|400.00
202208|16470905278|***.931.846-**|CRISTIANE CRISTINA DE SOUZA DA SILVA|400.00
202208|16407077681|***.978.846-**|CRISTIANE DAS DORES SANTOS|400.00
202208|12480796479|***.915.306-**|CRISTIANE DE OLIVEIRA CARVALHO|400.00
202208|20958804820|***.914.486-**|CRISTIANE GUIMARAES OLIVEIRA|400.00
202208|20351030675|***.379.456-**|CRISTIANE IRIS DA COSTA|400.00
202208|16407339015|***.069.286-**|CRISTIANE OLIVEIRA DE ASSIS SANTOS|400.00
202208|20329632544|***.575.286-**|CRISTIANE OLIVEIRA FERNANDES|400.00
202208|12669070118|***.476.136-**|CRISTIANE REGINA DO COUTO|400.00
202208|21030033791|***.597.616-**|CRISTIANE SANTOS SILVA|400.00
202208|16471464739|***.728.356-**|CRISTIANE VIEIRA BARBOSA|400.00
202208|16212076392|***.162.576-**|CRISTILAINE DE CASSIA TEIXEIRA MACIEL|400.00
202208|20329616581|***.668.336-**|CRISTINA DOS SANTOS REIS SILVA|400.00
202208|16445055487|***.119.316-**|CRISTINA FERNANDA DOS SANTOS SILVA|400.00
202208|20329634458|***.287.666-**|CRISTINA MARCIA OLAVIO SANTOS|400.00
202208|16212076996|***.063.706-**|CRISTINA RAMOS DE LIMA|400.00
202208|12715595117|***.567.276-**|CRISTINA VIEIRA RODRIGUES|400.00
202208|10885515517||CUSTODIO DA SILVA FILHO|400.00
202208|20330142164|***.968.546-**|CYNTIA FREITAS DOS SANTOS|400.00
202208|20626439277|***.157.076-**|DA DARK DUARTE SILVA|400.00
202208|16170020629|***.819.126-**|DAFFINY LORENA FERREIRA SANTOS|400.00
202208|12647396118|***.871.736-**|DAGMA FRANCISCA COSTA|400.00
202208|20329623855|***.927.496-**|DAIANA APARECIDA DA CRUZ|400.00
202208|16055147085|***.729.146-**|DAIANA CRISTINA SILVA|400.00
202208|16055147387|***.949.536-**|DAIANA FATIMA DE SOUZA|400.00
202208|16055147328|***.855.326-**|DAIANA STHEFANI DA SILVEIRA|400.00
202208|16022673519|***.506.636-**|DAIANE BATISTA SILVA|400.00
202208|16100804582|***.790.536-**|DAIANE CRISTINA FERREIRA DOS SANTOS|400.00
202208|21215180316|***.673.056-**|DAIANE EMANUELE DA SILVA FONSECA|400.00
202208|21209049599|***.466.336-**|DAIANE MAIARA LORENE DOS SANTOS|632.00
202208|16113945708|***.903.836-**|DAIANE MOREIRA DE SOUZA|400.00
202208|20086006902|***.303.196-**|DAIANE PEDROSA VIANA|400.00
202208|16122620204|***.890.796-**|DAIANE SABRINE DOS SANTOS|400.00
202208|21209049645|***.603.876-**|DAIANE TAIS DOS SANTOS|400.00
202208|16106268453|***.714.386-**|DAIELY CRISTINA DA SILVA|400.00
202208|12971948376|***.343.358-**|DALIANA FERNANDA CAMARGO|400.00
202208|20185218320|***.763.506-**|DALILA CORREA LUCIANO|400.00
202208|16108587483|***.673.656-**|DALILA GOMES SIMAO|400.00
202208|16153515054|***.404.416-**|DALILA ROSA PINTO|400.00
202208|21263149369|***.891.076-**|DALVA MARIA DA SILVA NEVES|400.00
202208|16036330880|***.010.256-**|DALVA MARIA GOMES|400.00
202208|20340322130||DANIEL RODRIGUES FERREIRA|400.00
202208|21350735614||DANIELA APARECIDA DA SILVA|400.00
202208|16025983128|***.194.256-**|DANIELA CRISTINA DIAS CARDOSO|400.00
202208|16108592436|***.735.956-**|DANIELA CRISTINA NICOLAU|400.00
202208|20038128238|***.280.736-**|DANIELA DE ARAUJO CUNHA|400.00
202208|13083589122|***.151.446-**|DANIELA DE FREITAS MONCAO|400.00
202208|16126112548|***.577.256-**|DANIELA DIAS PEREIRA DOS SANTOS|400.00
202208|16124623928|***.473.886-**|DANIELA DOS SANTOS|400.00
202208|16149226817|***.399.046-**|DANIELA FERREIRA ROCHA|400.00
202208|16055158931|***.473.056-**|DANIELA VIEIRA DOS SANTOS|400.00
202208|16124624061|***.956.426-**|DANIELE ALBUQUERQUE DIAS|400.00
202208|20329636957|***.347.766-**|DANIELE DE PAULA SILVA|400.00
202208|21201183628|***.487.326-**|DANIELE MARCIA RODRIGUES BERNARDO|400.00
202208|20396217669|***.373.576-**|DANIELE PEREIRA NASCIMENTO SILVA|400.00
202208|20336194492|***.001.056-**|DANIELI APARECIDA DOS SANTOS|400.00
202208|12855259101|***.687.496-**|DANIELLA DE FATIMA CARVALHO|400.00
202208|20339634078|***.382.746-**|DANIELLE ALINE ARAUJO|400.00
202208|20322731806|***.614.656-**|DANIELLE APARECIDA PEREIRA SANTOS|400.00
202208|21231587530|***.664.486-**|DANIELLE IOLANDA ALVES DOS SANTOS|400.00
202208|12975103125|***.574.366-**|DANUBIA MARIA DE OLIVEIRA|400.00
202208|14873707559|***.683.646-**|DAPHINE STERFANINE PEREIRA|400.00
202208|20646550556|***.832.966-**|DARA MARQUES DA SILVA CIRINO|400.00
202208|20755090653|***.286.286-**|DAYANA APARECIDA COSTA ARAUJO|400.00
202208|19046236385||DAYANA CRISTINA ATANAZIA DIAS|400.00
202208|16036249129|***.757.666-**|DAYANA FLAVIA PINTO|400.00
202208|20322722254|***.677.436-**|DEA IZAIAS GOMES|400.00
202208|16147332091|***.166.556-**|DEBORA CRISTINA DA SILVA TELESFORO|400.00
202208|16147332016||DEBORA CRISTINE DA CRUZ SANTOS|400.00
202208|20322730443|***.775.646-**|DEBORA DA CONCEICAO RODRIGUES|400.00
202208|16017233077|***.876.036-**|DEBORA DA SILVA VIANA|400.00
202208|20661953275|***.994.984-**|DEBORA DE BARROS OLIVEIRA|400.00
202208|16055181240|***.448.706-**|DEBORA DUARTE PEREIRA|400.00
202208|16108619555|***.599.476-**|DEBORA ESTEVAM ROSA|400.00
202208|16147332024|***.383.486-**|DEBORA LETICIA FERREIRA DOS SANTOS|400.00
202208|13730518630||DEBORA LORRAINE CANDIDO SILVA|400.00
202208|16102634781|***.054.886-**|DEBORA MAGALHAES ROSA|400.00
202208|16036349409|***.709.706-**|DEBORA MARIA DE PAULA|400.00
202208|20088263171||DEIZIELA NATAN SOARES|400.00
202208|12643456132|***.003.726-**|DELIA APARECIDA RIBEIRO MARQUES SCHINCAG|400.00
202208|20396219939|***.096.746-**|DELIANE OLIVEIRA SILVA FARIAS|400.00
202208|21205977971|***.651.026-**|DENILZE DA SILVA LINCK|400.00
202208|21042116735||DENIS JUNIO RODRIGUES|400.00
202208|12681331112|***.990.416-**|DENISE DE LOURDES HERCULANO|400.00
202208|20333489203|***.303.186-**|DENISE DE OLIVEIRA BARBOSA BATISTA|400.00
202208|12291352433|***.538.676-**|DENISE IVONE SOARES|400.00
202208|16030735064|***.396.736-**|DERLIAN DE SOUZA PEREIRA|400.00
202208|20351030799|***.386.336-**|DEVANIR MARIA DA SILVA|400.00
202208|20329627753|***.746.026-**|DEYNEFFER DYULIA FERNANDES DOS SANTOS|400.00
202208|13017181234||DEYSE MARRY DO CARMO SOARES|400.00
202208|12775525107|***.925.346-**|DIANA CARVALHO DE OLIVEIRA|400.00
202208|12938903113||DIEISON RONDINELY DE OLIVEIRA|400.00
202208|16143742503|***.374.406-**|DIENE CRISTINA DE ARAUJO|400.00
202208|21212119721|***.036.886-**|DIENIFER DAFINY MARQUES DE LIMA|400.00
202208|20329618320|***.487.586-**|DIENIFER DIANA DE LOURDES PROCOPIO|400.00
202208|16106373869|***.950.296-**|DIESSICA KAROLAINE DA SILVA SOUZA|400.00
202208|16055210356|***.848.146-**|DILMA APARECIDA CUSTODIO|400.00
202208|16103835217|***.131.926-**|DILMA MARIA DE MORAIS MOREIRA|400.00
202208|19024230570|***.034.626-**|DIOCLECIANE DA CONCEICAO DIAS|400.00
202208|12128280100|***.017.106-**|DIONE DO BONSUCESSO DOS SANTOS|400.00
202208|10888623337|***.986.266-**|DIONER ALVES DA SILVA|400.00
202208|12538422940|***.893.006-**|DIRCELENE TEREZINHA DE ALMEIDA|400.00
202208|20396220058|***.372.266-**|DIRLENE APARECIDA DOS SANTOS|400.00
202208|21260662898|***.767.046-**|DIVA DE OLIVEIRA RAINHA|400.00
202208|21219524044|***.953.706-**|DIVA JUVENTINA DE SOUZA MORAIS|400.00
202208|21231591139|***.843.356-**|DIVINA ALVES SAMPAIO FERREIRA|400.00
202208|20346736301|***.153.036-**|DIVINA MARIA MALAQUIAS RICCHIERO|400.00
202208|12031987862||DIVINO NERIS DOS SANTOS|400.00
202208|16149234917|***.783.846-**|DORA APARECIDA DOS SANTOS|400.00
202208|12707146139|***.011.876-**|DORA MARIA GONCALVES|400.00
202208|20755084734|***.630.636-**|DRIELE DEVENIR FERREIRA LOPES|400.00
202208|21245288964|***.373.776-**|DRIELY APARECIDA DE PAULA BRAZ|400.00
202208|20336199486|***.541.746-**|DULAMAR QUEIROZ GONCALVES|400.00
202208|16104834869|***.350.156-**|DULCILENE SOARES|400.00
202208|21201231282|***.019.926-**|DURCILEIDE ANGELA DE OLIVEIRA|400.00
202208|12366495090||EDER EXPEDITO LOPES FILHO|400.00
202208|16147336062|***.826.036-**|EDERSON RIBEIRO DA SILVA|400.00
202208|16124631742|***.699.466-**|EDIANE APARECIDA DE OLIVEIRA|400.00
202208|16106435988|***.530.956-**|EDILENE MARCIA DE AQUINO SILVA|400.00
202208|16030776380|***.452.536-**|EDILENE NEVES DE SOUZA|400.00
202208|21201238120|***.451.476-**|EDILEUSA NEVES DE SOUZA|400.00
202208|13021289125|***.445.126-**|EDILEUZA JOZELIA TORRES CALIXTO|400.00
202208|21219086713|***.695.286-**|EDIMEIA ARAUJO|400.00
202208|12676234139|***.921.646-**|EDIMILSON SOARES APOLINARIO|400.00
202208|20923811820|***.251.406-**|EDINA AUGUSTA DE MELO|400.00
202208|20476228365|***.916.576-**|EDIRLENE DE LOURDES MERCES TERRINHA GONC|400.00
202208|20351706172|***.282.336-**|EDITE RAQUEL ALVES|400.00
202208|20052481608||EDIVALDO SANTOS GREGORIO|400.00
202208|16105201991|***.594.696-**|EDNA APARECIDA CANDIDA MEDEIROS|400.00
202208|21344371770||EDNA APARECIDA QUEIROGA|400.00
202208|21209083797|***.614.656-**|EDNA CRISTINA DA SILVA FONSECA|455.00
202208|16159619803|***.956.836-**|EDNA DOS SANTOS BRAZ|400.00
202208|21243913527|***.636.276-**|EDNA MARTA DA CONCEICAO|400.00
202208|12899686129|***.690.776-**|EDNALDO FERREIRA SANTOS|400.00
202208|20459812860||EDNARA JUNIA BELARMINA DE OLIVEIRA|400.00
202208|16015819023|***.304.576-**|EDNEIA AGUIDA DIAS|400.00
202208|20320045719|***.681.286-**|EDSON CONSTANCIO DE ARAUJO|400.00
202208|12941440137|***.328.196-**|EDSON RODRIGUES LIMA|400.00
202208|12840421110|***.284.836-**|EDUARDO FONSECA SOUZA|400.00
202208|12419769300|***.110.226-**|EDUARDO LOPES|400.00
202208|20336203823|***.388.236-**|ELAINE ACACIO DA SILVA|400.00
202208|20351034271|***.739.326-**|ELAINE CRISTINA NASCIMENTO|400.00
202208|12727327139|***.150.966-**|ELAINE CRISTINA SILVA SOUZA|400.00
202208|16124635063|***.727.766-**|ELAINE DA SILVA FREITAS|400.00
202208|21201824070|***.532.876-**|ELAINE DE SOUZA PEDROSA|400.00
202208|20333485240|***.187.536-**|ELAINE MARCIA DA SILVA|400.00
202208|16124635020|***.571.876-**|ELAINE MARIA DOS SANTOS|400.00
202208|20351322676|***.187.826-**|ELAINE MARIA PESSOA|400.00
202208|16030803183|***.557.076-**|ELAINE MARTINS DA SILVA|400.00
202208|23819553459|***.610.836-**|ELCI MARIA SILVANO|400.00
202208|16106515493|***.634.706-**|ELENA DE FATIMA CASSIMIRO DOS SANTOS|400.00
202208|16125357296|***.021.946-**|ELENICE APARECIDA ALVES|400.00
202208|20322731865|***.228.096-**|ELENICE APARECIDA FERREIRA|400.00
202208|12168184188|***.879.126-**|ELENICE DIAS SOARES|400.00
202208|21367341177||ELENIR DAS GRACAS SILVA PINTO|400.00
202208|12807714112|***.118.406-**|ELENIR MARIA SIMOES|400.00
202208|12032049386||ELI NUNES|400.00
202208|12665621667|***.166.316-**|ELIANA APARECIDA DE SOUZA ALVES|400.00
202208|12163322752|***.947.626-**|ELIANA BARBOSA NUNES|400.00
202208|20045740717|***.627.276-**|ELIANA DE FATIMA BRANDAO|400.00
202208|21257404999|***.175.586-**|ELIANA DIAS CIQUEIRA|400.00
202208|20923817977|***.862.806-**|ELIANA DOS SANTOS|400.00
202208|12547891656||ELIANA MARIA NAZARET|400.00
202208|20329616573|***.584.826-**|ELIANA RODRIGUES DOS REIS|400.00
202208|21201269085|***.244.086-**|ELIANE ANTONIA DA COSTA|400.00
202208|16143765856|***.246.856-**|ELIANE APARECIDA PINTO PEREZ|400.00
202208|12856204130|***.928.126-**|ELIANE FATIMA DOS ANJOS|400.00
202208|23653458443|***.262.476-**|ELIANE FERREIRA MARTINS|400.00
202208|21201270326|***.901.146-**|ELIANE FRANCELINA DA SILVA|400.00
202208|20755089779|***.831.766-**|ELIANE LOURDES DOS REIS|400.00
202208|16055263190|***.884.746-**|ELIANE MARIA DE SOUZA|400.00
202208|20322741100|***.213.396-**|ELIANE VIEIRA DA COSTA|400.00
202208|12883847128|***.602.796-**|ELIENE LINA DE ALMEIDA|400.00
202208|21202919059|***.716.576-**|ELISA FERNANDA RIBEIRO DO NASCIMENTO|400.00
202208|16124638585|***.248.556-**|ELISANGELA APARECIDA MARTINS|400.00
202208|21076509179|***.932.041-**|ELISANGELA DA CONCEICAO LIMA COUTO|400.00
202208|16147342003|***.101.336-**|ELISANGELA DE ASSIS CUSTODIO VIEIRA|400.00
202208|20336201316|***.495.146-**|ELISANGELA MARIA ANSELMO|400.00
202208|15162987216||ELISANGELA MARIA DIAS DE SOUZA|400.00
202208|21222402485|***.621.606-**|ELISEIA MIQUELINA LISBOA|400.00
202208|20611788343|***.222.546-**|ELISIANE RODRIGUES DE MAGALHAES|400.00
202208|20755082111|***.365.506-**|ELIZA OLIVEIRA DO CARMO|400.00
202208|16055275962|***.400.446-**|ELIZABETE ALVES SAMPAIO|400.00
202208|20396217294|***.825.476-**|ELIZABETE DA CONCEICAO MARQUES ELIAS|400.00
202208|21279081920||ELIZABETH CRISTINA TEIXEIRA AUGUSTO DE A|400.00
202208|16143771430|***.323.286-**|ELIZABETH DE SOUZA CABRAL SILVA|400.00
202208|12270891386|***.269.056-**|ELIZABETH DOMINGOS DE OLIVEIRA|400.00
202208|21344865072||ELIZABETH FELIX DE OLIVEIRA|400.00
202208|20329627842|***.507.496-**|ELIZANGELA DA CONCEICAO DE SOUZA FERNAND|400.00
202208|23717867616|***.169.326-**|ELIZANGELA DA PIEDADE SOARES|400.00
202208|16104555447||ELIZANGELA PRISCILA MATIAS FERNANDES|400.00
202208|16104879129|***.034.636-**|ELIZENE DE LOURDES LUCIANO|400.00
202208|16055280745|***.851.766-**|ELIZETE LUCIANO|400.00
202208|21202445189|***.960.476-**|ELMA RIBEIRO DA SILVA|400.00
202208|21057366457|***.584.296-**|ELMO LOPES ABRANTES|400.00
202208|12282383755|***.522.656-**|ELZA DE JESUS DA CONCEICAO|400.00
202208|12751750100|***.466.066-**|ELZA GOMES BARBOZA|400.00
202208|20660650899|***.516.316-**|ELZA IMACULADA FERNANDES|400.00
202208|20336202932|***.622.936-**|ELZA VICENTINA CANDIDO|400.00
202208|12886798136|***.221.076-**|EMANUELE ROCHA SOARES|400.00
202208|16106588679|***.105.346-**|EMERSON CASSIMIRO DE AQUINO|400.00
202208|20433435032||EMERSON GOMES|400.00
202208|23799752400|***.966.006-**|EMERSON MARTINS DA SILVA|400.00
202208|20135470336|***.025.736-**|EMILENE PEREIRA DO CARMO|400.00
202208|16108760789|***.488.326-**|EMILIA FERNANDES ARAUJO|400.00
202208|16143777110|***.840.426-**|EMILLY APARECIDA AGANETTI|400.00
202208|21350165117||ENALVA LOPES DOS SANTOS|400.00
202208|16153546634|***.783.226-**|ENI FRANCISCA DUARTE|400.00
202208|16104584218|***.305.276-**|ERICA APARECIDA MATIAS FERNANDES|400.00
202208|16006828953|***.712.616-**|ERICA BARBOSA DE ALMEIDA|400.00
202208|12990980700|***.078.616-**|ERICA CHARLLINY DOS REIS|400.00
202208|20329614546|***.606.826-**|ERICA FABIANA PINTO|400.00
202208|16105259094|***.196.506-**|ERICA MARQUES DA SILVA|400.00
202208|16122814661||ERICA REGINA SOARES DA SILVA|422.00
202208|20396215046|***.549.046-**|ERICA SOARES|400.00
202208|16147344731|***.749.306-**|ERIKA APARECIDA DE OLIVEIRA|400.00
202208|20336201774|***.112.126-**|ERIKA CRISTINA SEBASTIANA|400.00
202208|16057475357|***.273.936-**|ERIKA DE JESUS DA SILVA|400.00
202208|20755087741|***.167.696-**|ERIKA MERCEDES DOS SANTOS|400.00
202208|20109903956||ERIKA TARCIANA DA COSTA AZEVEDO|400.00
202208|20962938119|***.750.273-**|ERILENE GONCALVES DOS SANTOS|400.00
202208|13003016104|***.112.056-**|ERLANDE DA PIEDADE FERREIRA|400.00
202208|20917205221|***.828.866-**|ERLANDIA BISPO DOS SANTOS|400.00
202208|16205312426|***.684.526-**|ESTEFANIA MAGNA ANDRADE LARCEDA|400.00
202208|16008090838|***.354.066-**|EUCLIDES ALBERTO DE ARAUJO|400.00
202208|16158440427|***.920.996-**|EUFRASIA APOLONIA FERREIRA|400.00
202208|20322727922||EUNICE ESTELA BARBOSA FERREIRA|400.00
202208|23817520618|***.694.956-**|EVA APARECIDA DA SILVA|400.00
202208|14018014828||EVA GONCALVES DE CASTRO|400.00
202208|13007478099|***.122.586-**|EVA JULIANA DOS SANTOS|400.00
202208|20923813467|***.334.676-**|EVA MARTA AGUSTINHO HONORATO|400.00
202208|12312921873|***.478.136-**|EVA NAZARE DAS MERCES|400.00
202208|16007101488|***.521.086-**|EVANI MARQUES FERREIRA|400.00
202208|20086007348|***.948.586-**|EVELIN LUCILIA DA PIEDADE|400.00
202208|21203649195|***.773.086-**|FABIANA ANGELICA MEIRELES|400.00
202208|20443664433|***.650.606-**|FABIANA APARECIDA DE OLIVEIRA|400.00
202208|16253167902|***.252.016-**|FABIANA APARECIDA DIAS|400.00
202208|20329635764||FABIANA APARECIDA SANTOS OLIVEIRA|400.00
202208|20396219920|***.742.216-**|FABIANA CRISTINA SOARES|400.00
202208|20329628377|***.950.586-**|FABIANA CRISTINA SOARES DIAS|400.00
202208|21203650630|***.706.696-**|FABIANA CYNTIA DOS SANTOS SOUZA|400.00
202208|16105280689||FABIANA DANILA FERREIRA|400.00
202208|12606828129||FABIANA DE LOURDES TORRES|400.00
202208|16022515255|***.139.016-**|FABIANA DE OLIVEIRA SILVA|400.00
202208|16055318602|***.278.716-**|FABIANA EMILIA BARTOLOMEU|400.00
202208|16055319056|***.538.726-**|FABIANA GONCALVES COSTA|400.00
202208|12799387111|***.955.558-**|FABIANA MACHADO LUIZ|400.00
202208|21286322016|***.140.896-**|FABIANA MARQUES DE ALMEIDA|400.00
202208|16275055996|***.692.326-**|FABIANA PAULA DOS SANTOS|400.00
202208|20052481187|***.550.146-**|FABIANA SANTIAGO RODRIGUES|400.00
202208|21371574938||FABIANA SOARES DE SOUZA|400.00
202208|16038556568|***.679.286-**|FABIANE BARBOSA SILVA|400.00
202208|12771598134||FABIANO BRITO SILVA|400.00
202208|16030886003|***.249.836-**|FABIANO FAUSTO ALVES DO NASCIMENTO|400.00
202208|20997077799|***.770.756-**|FABIO AUGUSTO DOS SANTOS|400.00
202208|21278747135|***.670.656-**|FABIO DA CRUZ OLIVEIRA SILVA|400.00
202208|12713613118||FABIO SANTIAGO MENINO|400.00
202208|20379645534|***.489.136-**|FABIOLA PATRICIA RODRIGUES DE CASTRO DUA|400.00
202208|20410695984|***.850.376-**|FABRICIA DOS REIS GOMES|400.00
202208|16093810187|***.204.016-**|FABRICIA DOS SANTOS|715.00
202208|12957953120|***.077.466-**|FABRICIO DE JESUS|400.00
202208|16055327571|***.293.216-**|FABRICIO HENRIQUE DE SOUZA GOMES|400.00
202208|16102434103|***.671.646-**|FARID SANTOS LOPES|400.00
202208|12589995115|***.255.116-**|FATIMA MARIA VERISSIMO|400.00
202208|16030902254|***.546.336-**|FELICIA APARECIDA DE SOUZA|400.00
202208|16234378545|***.297.936-**|FELIPE SANDRO BEHM DOS SANTOS|400.00
202208|16234383344|***.101.436-**|FERNANDA ALVES BRITO|400.00
202208|16288611507|***.742.956-**|FERNANDA APARECIDA COSTA SILVA|400.00
202208|20923813041|***.086.336-**|FERNANDA CRISTINA DA SILVA|400.00
202208|16271436030|***.556.106-**|FERNANDA CRISTINA RODRIGUES|400.00
202208|20336196444|***.031.736-**|FERNANDA DA SILVA PINTO|400.00
202208|16211713399|***.483.556-**|FERNANDA DIAS DA SILVA|400.00
202208|20322731369|***.491.226-**|FERNANDA FLAVIANA DE ARAUJO|400.00
202208|16060824286|***.037.556-**|FERNANDA FRANCESCA DA CRUZ SILVA|400.00
202208|13045322092||FERNANDA KELLY APARECIDA FONSECA|400.00
202208|20755083029|***.729.846-**|FERNANDA LIVIA FERNANDES|400.00
202208|21285408774|***.186.086-**|FERNANDA MARIA DAMAZIA DE SOUZA|400.00
202208|16319249782|***.871.326-**|FERNANDA MENEZES BATISTA|400.00
202208|16236948039|***.540.066-**|FERNANDA QUEIROZ DE SOUZA|400.00
202208|16030904559|***.625.916-**|FERNANDA RODRIGUES MORAES|400.00
202208|16316392967|***.340.336-**|FERNANDA SILVA DE SOUZA MAGALHAES|400.00
202208|16318649264|***.101.746-**|FERNANDINA NORBERTA GONCALVES|400.00
202208|17019584215|***.366.876-**|FERNANDO PIRES DOS SANTOS|400.00
202208|10767108857|***.902.756-**|FERNANDO TITO DE OLIVEIRA|400.00
202208|20755082928||FILIPE ROSA SILVA|400.00
202208|20396211709|***.982.676-**|FLAVIA ALVES DA ROCHA ARAUJO|400.00
202208|16300905854|***.036.766-**|FLAVIA ANGELICA FIGUEREDO|400.00
202208|12660872114|***.904.186-**|FLAVIA BASILIO DA SILVA|400.00
202208|20770708484|***.605.956-**|FLAVIA BERTOLIN VIDAL|400.00
202208|14553147722|***.136.106-**|FLAVIA CAROLINE PESSOA DOS SANTOS|400.00
202208|21030036057|***.389.246-**|FLAVIA CRISTINA ALVES DOS SANTOS|400.00
202208|13062168136|***.913.976-**|FLAVIA CRISTINA SANTOS|400.00
202208|16310952030|***.444.406-**|FLAVIA DA SILVA RAMOS|400.00
202208|16211720824|***.803.746-**|FLAVIA DE CASSIA PEREIRA SANTOS|400.00
202208|12734811091|***.452.226-**|FLAVIA DE OLIVEIRA SIQUEIRA COSTA|400.00
202208|16236955264|***.493.306-**|FLAVIA FABIANA SANTOS LOPES|400.00
202208|16271438963|***.904.436-**|FLAVIA MARCIA DOS REIS|400.00
202208|16253170563|***.773.186-**|FLAVIANA CONCEICAO DOS SANTOS|400.00
202208|20396217073|***.329.196-**|FLAVIANA FERNANDA RODRIGUES|400.00
202208|22009873954||FLAVIANA FERNANDES DE SOUZA|400.00
202208|21030034607|***.523.086-**|FLAVIANE APARECIDA SILVA PINTO|400.00
202208|20651892788|***.129.986-**|FLAVIANE CELY NUNES|400.00
202208|12319376021|***.888.126-**|FLAVIO ADEMIR SILVA|400.00
202208|12773330090||FLAVIO ANDRE DE OLIVEIRA|400.00
202208|12670002104|***.491.276-**|FLAVIO BEZERRA|400.00
202208|12681623113||FLAVIO GERALDO PESSOA|400.00
202208|16300911722|***.789.916-**|FLORISNALVA NUNES FERREIRA MENDONCA|400.00
202208|12949217097|***.269.456-**|FRANCIELE APARECIDA DAS GRACAS|400.00
202208|16233588260|***.791.386-**|FRANCIELE CARLOS MAGALHAES|400.00
202208|16237730703|***.365.996-**|FRANCIELE CRISTINA GUEDES DOS SANTOS|400.00
202208|16233588694|***.143.506-**|FRANCIELE KETLEN DA SILVA DO ESPIRITO SA|400.00
202208|16205240611|***.301.806-**|FRANCIELI PENNA|400.00
202208|16297186910|***.761.636-**|FRANCIELLE ACACIO|400.00
202208|16211727888|***.759.556-**|FRANCIELLE DA FONSECA SOUZA|400.00
202208|21279795788|***.159.226-**|FRANCIELLE LARISSA NUNES DOS PASSOS|400.00
202208|20755098859||FRANCIELY DA SILVA|400.00
202208|20330144558|***.685.336-**|FRANCILENE MAGALHAES MEIRELLES|400.00
202208|16298828681|***.802.596-**|FRANCILENE ROZA DA COSTA|400.00
202208|16215653137|***.338.514-**|FRANCISCA DE FATIMA SILVA|400.00
202208|12274272117||FRANCISCO MAXIMO NASCENTE|400.00
202208|16183239357|***.153.456-**|FRANCISLAINE ANDRADE DE OLIVEIRA|400.00
202208|16276966402|***.038.886-**|FRANCISLAINE APARECIDA ROSA DE ANDRADE|400.00
202208|20330141745|***.074.016-**|FRANCISLAINE JESUS SILVA|400.00
202208|20755101205||FREDERICO HENRIQUE PEREIRA DE SOUZA|400.00
202208|16274372149|***.178.397-**|GABRIEL DONATIL DA SILVA|400.00
202208|16271454640|***.224.966-**|GABRIELA CRISTINA DE MORAIS|400.00
202208|19041424620|***.460.136-**|GABRIELA RODRIGUES GUEDES SANTOS|400.00
202208|16283630198||GABRIELE BARBOSA DE OLIVEIRA|400.00
202208|16205268559|***.716.776-**|GABRIELE BONSUCESSO LOPES DE ASSIS|400.00
202208|16271455159|***.427.106-**|GABRIELE COELHO SIMOES|400.00
202208|16233622671||GABRIELE CRISTINA DIAS SENA|400.00
202208|16283813136|***.748.616-**|GABRIELLA HELENA MAGALHAES|400.00
202208|20322722998|***.100.566-**|GABRIELLE CAROLINA NAVARRO LIMA|400.00
202208|16307982935|***.915.986-**|GABRIELLE CRISTINA APARECIDA MOREIRA|400.00
202208|16271456023|***.901.436-**|GABRIELLE LUCIANA MENDES FONTANA|400.00
202208|21365875387||GABRIELLY CRISTINA SANTOS FERREIRA|400.00
202208|23855383282|***.222.996-**|GABRIELLY FERNANDA MOREIRA DE PAIVA|400.00
202208|23754514063|***.740.036-**|GEANE FERREIRA DOS SANTOS VIEIRA|400.00
202208|16205381053|***.428.796-**|GEISSY NARA KELLY CRUZ ANDRADE|400.00
202208|21011659745|***.753.302-**|GENI IRENE DA SILVA PEREIRA|400.00
202208|16275074958|***.881.486-**|GENI MAURA GABRIEL DE JESUS|400.00
202208|20336201979|***.120.256-**|GENNIFER CRISTINA DOS SANTOS|400.00
202208|10767435203|***.063.076-**|GEORGINA GLORIA DE OLIVEIRA|400.00
202208|20333482845|***.133.386-**|GEOVANA FERNANDES DA CRUZ|400.00
202208|14589751204|***.640.096-**|GEOVANIA DE OLIVEIRA|400.00
202208|16298939696|***.398.766-**|GERALDA APARECIDA DIAS COELHO|400.00
202208|12456054514|***.877.396-**|GERALDA BENTA VIEIRA MACHADO|400.00
202208|12841715126|***.601.646-**|GERALDA CASSIANA NAZARETH|400.00
202208|10851565848|***.390.866-**|GERALDO CELSO DOS SANTOS|400.00
202208|12419771526|***.760.136-**|GERALDO LUCIANO MIGUEL|400.00
202208|12530234754|***.860.026-**|GERALDO MARTINHO VIANA|400.00
202208|16205395844|***.345.276-**|GERCI RODRIGUES SOARES|400.00
202208|16306704435|***.399.156-**|GERCINA DAS GRACAS LUZ NASCIMENTO|400.00
202208|20222027619|***.284.706-**|GERCINA MARIA DE OLIVEIRA|400.00
202208|16305030112|***.393.116-**|GERLIANE SOUZA DE OLIVEIRA|400.00
202208|16234814272|***.722.496-**|GEROLIZA SILVA DAMASCENO|400.00
202208|12518689933|***.615.026-**|GESMIRA ALVES CASSIANO|400.00
202208|16254365392|***.318.196-**|GESSICA DOS SANTOS PEREIRA|400.00
202208|16295919414|***.718.866-**|GESSICA RENATA APARECIDA VIEIRA|400.00
202208|16275074737|***.934.866-**|GEYSIANE MARTINS PINHEIRO|400.00
202208|16211858192||GEYSILENE NERIA CARLOS|400.00
202208|12725654116|***.813.426-**|GIANE ANGELINA DE LIMA|400.00
202208|20312910104|***.815.386-**|GILDETE FERNANDES DE ARAUJO|400.00
202208|20997071626||GILMAR DOS PASSOS SANTIAGO|400.00
202208|12471782878|***.748.286-**|GILMAR OLIMPIO DA SILVA|400.00
202208|20362571923|***.639.066-**|GILMARA LINA DA PIEDADE|400.00
202208|16194584131|***.624.718-**|GILMARCIA FIDELES DE BARROS|400.00
202208|16271518606||GIOVANA CAROLINE MONTEIRO DE SOUZA PEREI|400.00
202208|13056355094|***.074.996-**|GIOVANNA ANATOLIA GOMES|400.00
202208|12945544093|***.730.166-**|GISELE CRISTINA BORGES DA SILVA|400.00
202208|16333495604|***.204.316-**|GISELE CRISTINA DA SILVA E SOUZA|400.00
202208|19030262330|***.507.216-**|GISELE MARTA DOS SANTOS NASCIMENTO|400.00
202208|16303407820|***.767.027-**|GISELE PAOLA DO COUTO|400.00
202208|12677430098|***.321.926-**|GISELE SOARES BELMIRO LELES|400.00
202208|16276288552|***.442.556-**|GISELY LOPES DE SOUZA GOUVEIA|400.00
202208|16233021341|***.253.296-**|GISLAINE SILVIA|400.00
202208|16297497932|***.443.826-**|GISLAYNE DE LOURDES FERREIRA|400.00
202208|13026026092|***.508.186-**|GISLAYNE DE SOUZA REIS|400.00
202208|20336200255|***.528.656-**|GISLENE SOARES DA SILVA|400.00
202208|22005380546|***.968.686-**|GISSELA DA CONCEICAO PORTES GOMES|400.00
202208|12534111029|***.083.875-**|GIVANILDO SOUZA DA SILVA|400.00
202208|12495259865|***.967.346-**|GLAUCIA ANGELITA PASSINI|400.00
202208|16064458349|***.247.706-**|GLAUCIA DE JESUS SANTOS|400.00
202208|12550614587|***.291.236-**|GLAUCIA PATRICIA OLIVEIRA|400.00
202208|16271462678|***.977.656-**|GLAUCIANE APARECIDA PEREIRA|400.00
202208|16211763167|***.986.886-**|GLAUCIENE APARECIDA BARBOSA SANCHA|400.00
202208|16064458438|***.601.856-**|GLAUCIENE DE JESUS DOS SANTOS|400.00
202208|16306625640|***.595.696-**|GLAUCIONE VIEIRA|400.00
202208|20755098441|***.498.706-**|GLAYCE APARECIDA ESPINULA|400.00
202208|16211763612|***.006.716-**|GLEDILENE MARCIANA SILVA|400.00
202208|20923815427|***.423.526-**|GLEICE KELLY GOMES|400.00
202208|20138591738|***.254.125-**|GLEICE KELLY SANTOS DA SILVA|400.00
202208|16211764899|***.001.126-**|GLEICE KELLY SILVA DE CARVALHO|400.00
202208|20647373976|***.612.696-**|GLEICIANE GOMES DA FONSECA|400.00
202208|20351034239|***.861.886-**|GLEICIANE KELLE DE OLIVEIRA SANTOS ARAUJ|400.00
202208|16306279742|***.986.946-**|GLEICIELE DE LOURDES BARBOSA SANCHA|400.00
202208|20646550114|***.310.536-**|GLEICIELLE BARBOSA LEITE|400.00
202208|16205277876|***.617.676-**|GLEICIENE VENCESLAU COSTA DE OLIVEIRA|400.00
202208|20333482527|***.524.456-**|GLEIDES DOS SANTOS|400.00
202208|12729843118|***.122.946-**|GLEIDSON CRISTOVAO GONCALVES|400.00
202208|12994316139|***.331.696-**|GLEIDSON SOARES CALDEIRA|400.00
202208|12691828109|***.221.976-**|GLEISON REIS DE PAULA|400.00
202208|20329635489|***.385.096-**|GLEYCIANE ALVES CALDEIRA|400.00
202208|20755085048|***.835.716-**|GLEYCIANE APARECIDA BARBOSA SILVA|400.00
202208|16237019074|***.027.226-**|GLEYCIMAR BONSUCESSO ONOFRE DOS SANTOS|400.00
202208|16237019090|***.432.226-**|GLEYCIMARA BONSUCESSO ONOFRE DOS SANTOS|400.00
202208|20997083217|***.975.896-**|GLORIA JESUS DO ESPIRITO SANTO|400.00
202208|12548045104|***.606.856-**|GRACIANA CRISTINA RAMOS GOMES|400.00
202208|16276242129|***.573.496-**|GRACIANE DE SOUZA SILVA|400.00
202208|23691336082|***.270.436-**|GRACIELA BRASILINA ROSA|400.00
202208|16271465391|***.132.446-**|GRACIELE APARECIDA DOS REIS|400.00
202208|16209250751|***.024.826-**|GRACIELE ARCANJO DA SILVA|400.00
202208|12872464125|***.378.126-**|GRACIELE CAMPOS DE ALCANTARA|400.00
202208|20322722610|***.366.166-**|GRACIELLE APARECIDA ELIODORA DOS SANTOS|400.00
202208|20762904601|***.001.909-**|GRACIELLE LOPES DA SILVA|400.00
202208|20755086990|***.874.566-**|GRACIELLE LUCAS SOUZA|400.00
202208|20997078523|***.364.926-**|GRACIELLE ROSA GUERRA|400.00
202208|16271464735|***.164.956-**|GRACIELLE VITORIA DA SILVA|400.00
202208|16275064243|***.368.376-**|GRASIELLE CRISTINE DA LUZ RODRIGUES|400.00
202208|20755102872|***.874.436-**|GRAZIELA CRISTINA NAZARE FERNANDES|400.00
202208|16306967053|***.318.176-**|GRAZIELE CRISTINA RIBEIRO MORAES|400.00
202208|20352818306|***.762.446-**|GRAZIELLA ALVES DE SANT ANA|400.00
202208|16211771186|***.086.676-**|GRAZIELLE ROSANA DOS SANTOS|400.00
202208|16251329298|***.737.836-**|GREICY KAREN GALVAO MACHADO|400.00
202208|16340717544|***.469.126-**|GREY CIQUELLE SANCHES LOPES|335.00
202208|13088203117||GUSTAVO HENRIQUE SOUZA SILVA|400.00
202208|13003945547|***.026.126-**|GUTICHALA MAGALHAES DOMINGOS|400.00
202208|16105850566|***.063.486-**|HAYDE ANTONIA FRANCO DE AQUINO|400.00
202208|12925049119|***.834.336-**|HEIDER VIEIRA DOS SANTOS|400.00
202208|16055248310|***.806.796-**|HEIRINGLI NOGUEIRA ROSA|400.00
202208|16124635462|***.705.156-**|HELEN CRISTINA DO CARMO AQUINO BARBOSA|400.00
202208|21214146351|***.941.216-**|HELENA CORREIA DA SILVA|400.00
202208|20222026299||HELENA MARIA DOS SANTOS|400.00
202208|16055253837|***.099.296-**|HELENA NAYARA DE ALMEIDA|400.00
202208|20647192645|***.220.846-**|HELIANA FERREIRA DOS SANTOS|400.00
202208|12312837074||HELIO CONFESSOR DA ROCHA|400.00
202208|16054215265|***.580.696-**|HELLEN MARIANO GOMES|400.00
202208|16108755033|***.204.226-**|HELOISA ROSA DA SILVA|400.00
202208|16561424434|***.739.836-**|HOSANA SANCHES NEVES|400.00
202208|20410059220|***.952.736-**|HUGO AUGUSTO OLIVEIRA SANTOS|400.00
202208|16253594673|***.681.226-**|IANE CARLA PAIM SERGIO|400.00
202208|16282415935|***.316.376-**|IARA APARECIDA DO CARMO|400.00
202208|16233378452|***.771.856-**|IARA CRISTINA GUALBERTO PEREIRA|455.00
202208|20755094055|***.493.166-**|IARA DOS SANTOS NOGUEIRA|400.00
202208|16205288460|***.008.126-**|IARA GABRIELA SANTOS FERREIRA|400.00
202208|20185214317|***.679.686-**|IARA MICHELE DOS SANTOS GREGORIO|400.00
202208|20185218177|***.498.036-**|IARA NAZARE DE SOUZA|400.00
202208|20609724325|***.865.196-**|IGOR DE OLIVEIRA ALBERTO|400.00
202208|20330144167|***.975.506-**|ILCA DOMINGAS DIAS|820.00
202208|20336196746||ILDA NATIVIDADE PEREIRA|400.00
202208|16211800267|***.676.706-**|ILMA APARECIDA RODRIGUES|400.00
202208|16307160846|***.855.206-**|ILMA DOS SANTOS ARAUJO|400.00
202208|16315828036|***.825.966-**|ILMA MARIA JORGE|400.00
202208|16285286532|***.081.906-**|ILMA SILVA SANTOS|400.00
202208|10885707270|***.270.036-**|ILTON DOMICIO TEODORO|400.00
202208|16234019952|***.290.646-**|ILZA FRANCISCA DA SILVA|400.00
202208|20396211261||INACIA LETICIA DE SENA|400.00
202208|16286192906|***.642.976-**|INDIANARA CRISTINA GOMES DA SILVA|400.00
202208|16232847475|***.097.066-**|INES FERREIRA DE OLIVEIRA|400.00
202208|20109494916|***.180.456-**|INEZ BITTENCOURT CHAVES OLIVEIRA|400.00
202208|16321373096|***.792.936-**|INGREDE APARECIDA DIAS GONCALVES|400.00
202208|16271473378|***.099.946-**|INGRETH NAIARA SOARES DE OLIVEIRA|400.00
202208|21327159963||INGRID ESTEFANY DE ALMEIDA|400.00
202208|16236666009|***.790.646-**|INGRID GABRIELLE VALADARES FERREIRA|400.00
202208|16201784161|***.062.896-**|INGRID GOMES VILETE|400.00
202208|16233647429|***.233.986-**|INGRYD MARCELA ROSA FONTANA|400.00
202208|16205298520|***.553.746-**|IOLANDA FELIX DE PAIVA|400.00
202208|20923815281|***.079.566-**|IOLANDA MAGALHAES DE OLIVEIRA|400.00
202208|20673291663|***.137.816-**|IOLANDA MARTINS PINHEIRO|400.00
202208|16205298946|***.110.276-**|IOLE DAS GRACAS PEREIRA|400.00
202208|12534792794|***.644.026-**|IONARA MABEL BARBOSA MEIRELES|400.00
202208|20396218096|***.662.816-**|IONE DOS ANJOS|400.00
202208|16232849648|***.737.556-**|IONE PEREIRA SANCHES|400.00
202208|12250542971|***.618.236-**|IONE SIQUEIRA|400.00
202208|16205304024|***.673.856-**|IRENE MARIA DE JESUS BARROS|400.00
202208|12778585135|***.340.456-**|IRIS APARECIDA DIAS|400.00
202208|20923813971|***.855.566-**|IRIS CONCEICAO DA SILVA|400.00
202208|20075114431|***.254.306-**|IRIS NATALIA DAS DORES PEREIRA|400.00
202208|16306975749|***.352.556-**|IRLENE APARECIDA DOS SANTOS|400.00
202208|16211790679|***.201.026-**|IRMA ASSUNCAO MOREIRA|400.00
202208|20322727728|***.554.806-**|IRMA GERALDA BARTOLOMEU|400.00
202208|21282696140|***.732.806-**|ISABEL ALVES DE QUEIROZ|400.00
202208|20336202479|***.267.836-**|ISABEL CRISTINA TEIXEIRA|400.00
202208|20164127962|***.116.096-**|ISABEL ROGERIA ROSA FERREIRA|400.00
202208|21344466585||ISABELA APARECIDA LACERDA SILVA|400.00
202208|15599538277|***.062.206-**|ISABELA CAROLINA MAGALHAES|400.00
202208|16283146237||ISABELA CRISTINA BARBOSA|400.00
202208|16211810874|***.042.836-**|ISABELA CRISTINA COSTA SANTOS|400.00
202208|16301112858|***.967.106-**|ISABELA FERNANDA BONSUCESSO GUERRA|400.00
202208|20330145791|***.720.636-**|ISABELA VERONICA LEAO|400.00
202208|16301112661|***.616.856-**|ISABELLA APARECIDA SILVA FERREIRA|400.00
202208|20673291701||ISABELLA MARTINS PRATES|400.00
202208|20185218010||ISABELY CAROLINE VIEIRA MARTINS|400.00
202208|10879197150||ISAC MAGALHAES TEIXEIRA|400.00
202208|16306312979|***.834.516-**|ISADORA CAMILA DE SENA|400.00
202208|16329435848|***.172.966-**|ISADORA CRISTINA ALVES DOS SANTOS|400.00
202208|20322725725|***.365.026-**|ISADORA FONTANA PEIXOTO DE MELO|400.00
202208|16271489746|***.281.026-**|ISADORA NAZARETH FERREIRA DOROTEIA NEVES|400.00
202208|16261151254|***.720.716-**|ISADORA TEIXEIRA DA SILVA|400.00
202208|20329632803||ISAIAS RODRIGUES DOS REIS|400.00
202208|16041012204|***.087.926-**|ISAURA VIANA|400.00
202208|16271482687|***.722.356-**|ITATIANE LOURDES DE MELLO|400.00
202208|13060682118|***.477.096-**|IVANETE DOS SANTOS|400.00
202208|15349698897||IVANETE GONCALVES ALVES SANTOS|400.00
202208|20396215119|***.567.776-**|IVANIA RAIMUNDO|400.00
202208|16348921221|***.473.786-**|IVANILDA FRANCISCA COSTA|400.00
202208|16233668620|***.715.966-**|IVANY MARIA DO COUTO|400.00
202208|20462659679|***.276.686-**|IVO HENRIQUE DA SILVA|400.00
202208|12488196861|***.887.616-**|IVONE EUDOXIA RODRIGUES|400.00
202208|16304658983|***.001.046-**|IVONE MARIA DE ALMEIDA FRANCISCO|400.00
202208|16335590655|***.159.956-**|IZABEL BAMBIRRA ELIAS NETA|400.00
202208|20396217022|***.695.706-**|IZABEL CRISTINA DA SILVA|400.00
202208|16271488936|***.104.736-**|IZABEL CRISTINA DIAS|400.00
202208|16205331560|***.549.486-**|IZABELA ANGELICA SILVA|400.00
202208|20997398455||IZABELA FERNANDA DA SILVA|400.00
202208|13843033179|***.954.646-**|IZABELA FERREIRA DOS SANTOS|400.00
202208|16211810513|***.964.046-**|IZABELA PAULITO NUNES|400.00
202208|20396217332||IZABELA VANES MAGALHAES|400.00
202208|20052481659|***.011.326-**|IZABELA VIEIRA SANTOS SILVA|400.00
202208|20185216670|***.958.696-**|IZABELLA CAROLINA DA SILVA CASTRO|400.00
202208|16253183061|***.544.696-**|IZADORA DE CASSIA FERREIRA SANTOS|400.00
202208|20755081271|***.093.236-**|IZAMARA PATRICIA LIMA SANTOS|400.00
202208|20322737073|***.397.146-**|JACIRA ALVES FERREIRA|475.00
202208|16300662315|***.572.666-**|JACKCIRLAINE APARECIDA FERREIRA|400.00
202208|13004713119|***.797.586-**|JACKSON RODRIGUES SOARES|400.00
202208|14842320296|***.370.426-**|JADE APARECIDA DE SOUZA|400.00
202208|12524992669|***.169.367-**|JAILSON ROCHA|400.00
202208|12343850072||JAIME ANTONIO VIANA|400.00
202208|12675603106|***.978.596-**|JAINE DA LUZ TEIXEIRA|400.00
202208|21288315092|***.874.776-**|JAINE MICHELE DOS SANTOS|400.00
202208|16188373787|***.371.185-**|JALDIANE SOUZA DOS SANTOS|400.00
202208|13065888105|***.354.986-**|JAMILA BATISTA DO NASCIMENTO|400.00
202208|20322731164|***.614.636-**|JANAINA COSTA DOS SANTOS|400.00
202208|20322738045|***.675.866-**|JANAINA DE FATIMA ELIODORA|400.00
202208|20351035251|***.805.586-**|JANAINA DO BOM SUCESSO SILVA|400.00
202208|16314326355|***.620.496-**|JANAINA IARA SILVA|400.00
202208|20923815826|***.027.146-**|JANAINA LUISA DE MIRANDA|400.00
202208|20336202339|***.370.446-**|JANAINA MARIANA DE ARAUJO|400.00
202208|21030035417|***.739.196-**|JANAINA MARQUES GOMES|400.00
202208|14688324657|***.560.636-**|JANCELAINE MARTINS BENJAMIN|400.00
202208|16306988662|***.227.946-**|JANE APARECIDA DA CRUZ TERRINHA|400.00
202208|16205364019|***.487.696-**|JANE APARECIDA DE SOUSA|400.00
202208|16253185811|***.499.286-**|JANE QUEIROZ|400.00
202208|16306988670|***.152.756-**|JANE VIEIRA|400.00
202208|12945625131|***.915.196-**|JANETE GIL DA SILVA GRACIANO|400.00
202208|20923814161|***.446.206-**|JANICE DIAS FONSECA|400.00
202208|12547900868||JANILDE PIEDADE DOS SANTOS|400.00
202208|13085318126|***.726.696-**|JAQUELINE CRISTIANE OLIVEIRA|400.00
202208|16209415378|***.149.066-**|JAQUELINE DE SOUZA ASSIS|400.00
202208|20757773626|***.415.056-**|JAQUELINE DO CARMO COUTO|400.00
202208|16281031963||JAQUELINE DOS SANTOS HELENO|400.00
202208|20483590767|***.211.026-**|JAQUELINE ESTEVAO DE AMORIM|400.00
202208|20997073203|***.936.386-**|JAQUELINE MADALENA CARLOS|400.00
202208|12792706092|***.776.516-**|JAQUELINE PEREIRA DOS SANTOS|421.00
202208|16300658903|***.646.736-**|JAQUELINE PEREIRA ENGRACIO DA COSTA|400.00
202208|16211827351|***.561.866-**|JAQUELINE PEREIRA RODRIGUES|400.00
202208|16237775448|***.861.866-**|JAQUELINE ROSA DOS SANTOS|400.00
202208|16285481653|***.305.406-**|JAVIA JUNIA FERREIRA|400.00
202208|12626466109||JEAN KENNEDY AGUIAR FRANCA|400.00
202208|12277872476|***.684.676-**|JEANE AUGUSTA ROCHA|400.00
202208|16191217898|***.989.246-**|JEANE CAMPOS DE OLIVEIRA|400.00
202208|20329627230|***.817.836-**|JEFERSON CRISTIAN DE ARAUJO|400.00
202208|16209509240|***.079.766-**|JENEFFER CRISTIANE MARQUES LUIZ BRAZ|400.00
202208|13732634271||JENIFFER BATISTA LAMIM PEREIRA|400.00
202208|16347792126|***.348.866-**|JENNIFER CANDIDO|400.00
202208|20085751620|***.441.756-**|JENNIFER CRISTINA PEREIRA SOUZA SANTOS|400.00
202208|14899592279|***.346.296-**|JESICA MONICA MOREIRA|400.00
202208|16233012636|***.446.566-**|JESIELI DIAS PEREIRA|400.00
202208|20322744665|***.855.936-**|JESSICA ALVES SANTANA|400.00
202208|14818830115|***.676.366-**|JESSICA APARECIDA SANTOS DE SOUSA|400.00
202208|16209573445|***.672.086-**|JESSICA ARIENA SANTOS SILVA|400.00
202208|16233729832|***.705.786-**|JESSICA DA SILVA DO ESPIRITO SANTO|400.00
202208|20322724265|***.800.076-**|JESSICA DE ALMEIDA EVANGELISTA|400.00
202208|20333487839|***.297.016-**|JESSICA DESIREE MONTEIRO FERREIRA|400.00
202208|15486384274|***.227.146-**|JESSICA DOS SANTOS|400.00
202208|16271515275|***.410.956-**|JESSICA GONCALVES DA SILVA OLIVEIRA|400.00
202208|12995290117||JESSICA INACIA DIONISIA DA SILVA|400.00
202208|20329614686|***.553.306-**|JESSICA MARIA CONCEICAO SILVA ARAUJO|400.00
202208|20476229175|***.092.516-**|JESSICA PONCIANO SALES DA SILVA|400.00
202208|23882269673|***.312.716-**|JESSICA SILVA COSTA|400.00
202208|16307561980|***.354.986-**|JESSIKA FIDELIS PEREIRA DE SOUZA|400.00
202208|16271513698|***.582.576-**|JESSYCA DE CASSIA ARAUJO|400.00
202208|10734750320|***.231.086-**|JESUS LOPES DA ROCHA|400.00
202208|16234785043|***.406.996-**|JHENIFER APARECIDA MAGALHAES|400.00
202208|15417061712|***.673.216-**|JHENIFER BRUNA RODRIGUES GOMES|400.00
202208|23739742778|***.656.556-**|JHENIFFER KEZIA MARA GOMES MARTINS|400.00
202208|20757760133|***.694.316-**|JHIULIA BONSUCESSO DOS SANTOS DIAS|400.00
202208|20075288103|***.791.256-**|JHON KENNEDY DOS REIS|400.00
202208|16271565787|***.860.316-**|JHULY INGRIDY DA SILVA NASCIMENTO|400.00
202208|16233822395|***.310.696-**|JOANA CRISTINA ANTERO|400.00
202208|16281857756|***.258.736-**|JOANA DARC DE SOUSA|400.00
202208|16303444734|***.111.556-**|JOANA HILDA DE JESUS ALVES|400.00
202208|16271556311|***.553.336-**|JOANA NATIVIDADE FIRMINA SILVA|400.00
202208|16296967366|***.386.386-**|JOAO BATISTA BARBOSA DOS SANTOS|400.00
202208|12609028107||JOEL LEONARDO MIRANDA|400.00
202208|20330142210|***.615.256-**|JOELMA DOS SANTOS|400.00
202208|16275080222|***.909.246-**|JOICE APARECIDA DE JESUS|400.00
202208|20135356215|***.244.216-**|JOICE FIGUEIREDO DE MENEZES|400.00
202208|16316839619|***.608.776-**|JOICE MARA DA CONCEICAO FREITAS|400.00
202208|16211905867|***.389.906-**|JOICEANA APARECIDA DE SOUZA|400.00
202208|16211905301|***.412.576-**|JOICY JOSE NATALIA ROSA|400.00
202208|20923813939|***.598.686-**|JOISIELE CANDIDO LOPES|400.00
202208|16205441366|***.537.736-**|JONATAN SILVA DE PAULA|400.00
202208|16205443466|***.450.366-**|JONATAS FERREIRA ESPINDOLA|400.00
202208|16233758778|***.575.156-**|JORDAINE JOANA SOUZA ANTERO|400.00
202208|20322731482|***.283.016-**|JORDANA CAMILA CORADI|400.00
202208|20322738061|***.174.286-**|JORDANA CRISTINA DOS SANTOS|400.00
202208|16205447828|***.402.216-**|JORDANE GERALDA SIMOES|400.00
202208|16307573431|***.129.086-**|JORGE ALVES DE ALMEIDA|400.00
202208|12188086645|***.001.126-**|JOSAFA MARTINS BARBOSA|400.00
202208|12270990481||JOSE ANTONIO DOS SANTOS|400.00
202208|10851631425|***.534.446-**|JOSE ANTONIO RODRIGUES|400.00
202208|10734594000||JOSE BARTOLOMEU DE ANDRADE|400.00
202208|12640223099|***.624.056-**|JOSE CARLOS DA SILVA|400.00
202208|12442129010|***.263.288-**|JOSE DE ASSIS FERREIRA GOMES|400.00
202208|12362861025|***.973.106-**|JOSE DE ASSIS SOBRINHO|400.00
202208|10851566682|***.812.736-**|JOSE DE FREITAS FONSECA|400.00
202208|10885909736||JOSE DO CARMO DOS SANTOS|400.00
202208|12281771913|***.843.936-**|JOSE EUSTAQUIO DE ALMEIDA|400.00
202208|12366610442|***.819.076-**|JOSE FLAVIO DE JESUS|400.00
202208|10853221941|***.115.176-**|JOSE FRANCISCO DE OLIVEIRA|400.00
202208|12221902914||JOSE MARCIO MACHADO|400.00
202208|12306829251|***.206.256-**|JOSE MARIA CANDIDO|400.00
202208|10247663457||JOSE MARIA DE OLIVEIRA|400.00
202208|12297445573|***.042.126-**|JOSE MARIA DOS REIS|400.00
202208|12419768789||JOSE MARIA DOS SANTOS FILHO|400.00
202208|12602646115||JOSE SANTOS DA SILVA|400.00
202208|10830762253|***.942.736-**|JOSE TEIXEIRA DA SILVA|400.00
202208|17041816387||JOSE WANDER DAS DORES FERREIRA|400.00
202208|12739136228||JOSELINO DA SILVA FERREIRA|400.00
202208|16233517827|***.250.046-**|JOSIANE APARECIDA DE PAULA|400.00
202208|20476230394|***.556.546-**|JOSIANE DA SILVA|400.00
202208|16237301047|***.189.736-**|JOSIANE DA SILVA ELEODORO|400.00
202208|20396214945|***.737.246-**|JOSIANE FATIMA DE SOUZA|400.00
202208|20396218959|***.169.276-**|JOSIANE MARIA DE SOUZA|400.00
202208|12678745114|***.347.846-**|JOSIANE MENDES DE MOURA|400.00
202208|12672880133|***.203.126-**|JOSIANE MOREIRA BARBOSA|400.00
202208|20330144728|***.993.746-**|JOSIANY APARECIDA CANDIDO ROCHA|400.00
202208|23864307445|***.097.446-**|JOSIARA SOARES CARDOSO|400.00
202208|21280567386|***.028.146-**|JOSIELY PEREIRA ENGRACIO DA COSTA|400.00
202208|16301363117|***.276.426-**|JOSILAINE DA SILVA|400.00
202208|12849038115|***.127.286-**|JOSILANE APARECIDA FONSECA DE BRITO|400.00
202208|16307252651|***.794.466-**|JOYCE APARECIDA DE ARAUJO|400.00
202208|20322732217|***.960.586-**|JOYCE APARECIDA ESPINOLA|400.00
202208|16272557699|***.926.806-**|JOYCE CRISTINA PORTO CANDIDO|400.00
202208|20755096155|***.267.436-**|JOYCE LUISE RODRIGUES|400.00
202208|20755092052|***.478.076-**|JOYCE RIBEIRO CARDOSO|400.00
202208|20755097038|***.757.496-**|JOZIANA MARQUES CARVALHO|400.00
202208|16233182876|***.419.636-**|JOZIANE CATIA CORREA|400.00
202208|12164475617|***.785.106-**|JUAREZ NERES DA LUZ|400.00
202208|14873534921|***.153.816-**|JUCILAINE ANDRADE DE OLIVEIRA|400.00
202208|20755090084|***.371.406-**|JUCIRLAINE BONSUCESSO DIAS GONCALVES|400.00
202208|22008989967|***.399.489-**|JUDITE LUCAS DOS SANTOS|400.00
202208|21366670169||JULIA DE OLIVEIRA SILVA|400.00
202208|20755086494|***.537.126-**|JULIA DOS SANTOS MARQUES|400.00
202208|12802932111|***.026.346-**|JULIA MARCIA BOA VENTURA|400.00
202208|16306401750|***.805.946-**|JULIANA ANTONIA JACINTO|400.00
202208|16233544506|***.793.846-**|JULIANA APARECIDA DE MOURA|400.00
202208|20071003422|***.043.436-**|JULIANA APARECIDA FARIA CARVALHO|400.00
202208|22004876009|***.964.536-**|JULIANA APARECIDA GREGORIO|400.00
202208|20396219912|***.160.036-**|JULIANA APARECIDA SOARES|400.00
202208|20923817128|***.715.186-**|JULIANA BATISTA BRAGA|400.00
202208|20923816059|***.171.436-**|JULIANA CONCEICAO DO CARMO LAGES|400.00
202208|20997073424|***.010.196-**|JULIANA CRISTINA DOS SANTOS MOREIRA|400.00
202208|16299597888|***.306.166-**|JULIANA CRISTINA SILVA LORDES|400.00
202208|16205523540|***.679.706-**|JULIANA DA CONCEICAO COSTA|400.00
202208|16209834974|***.301.516-**|JULIANA DA CONCEICAO GUALBERTO|400.00
202208|16205523079|***.362.366-**|JULIANA DA PIEDADE SANTOS JOAO|400.00
202208|20351031035|***.303.166-**|JULIANA DA SILVA OLIVEIRA|400.00
202208|16209849092|***.241.136-**|JULIANA DA SILVA THOMAZ|400.00
202208|20997072347|***.774.286-**|JULIANA DANIELLE FERREIRA|400.00
202208|16253203674|***.536.186-**|JULIANA DE FATIMA SANTOS|400.00
202208|16211984139|***.392.346-**|JULIANA FERREIRA DA MATA|400.00
202208|20759093436|***.568.766-**|JULIANA FERREIRA PINTO SIMAO|400.00
202208|16190208763|***.304.676-**|JULIANA GONCALVES DA SILVA|400.00
202208|16281745524|***.545.386-**|JULIANA LOURDES CAMPOS DE SOUZA|400.00
202208|20185023376|***.857.896-**|JULIANA MARIS ALMEIDA|400.00
202208|23759262216|***.589.466-**|JULIANA MAYRA SILVA SANTOS|400.00
202208|21334410846||JULIANA RETIELY DOS SANTOS|400.00
202208|21030035026|***.241.396-**|JULIANA RODRIGUES MOREIRA|400.00
202208|20997080560|***.295.796-**|JULIANA SKARLLET CALADO FONSECA|400.00
202208|20333482268|***.478.206-**|JULIANE ALMEIDA DA SILVA|400.00
202208|12366493977||JULIANO NONATO BATISTA|400.00
202208|16341568186|***.330.366-**|JULIE KELLY ALMEIDA SILVA|400.00
202208|23624513024|***.556.566-**|JULIETE APARECIDA DE SOUZA PEREIRA|400.00
202208|16296543574|***.941.826-**|JULIETE BARROSO DA SILVA|400.00
202208|16205530431|***.040.786-**|JULIETE DA SILVA LIMA|400.00
202208|16211990066|***.575.556-**|JULIETE NAZARE MERCES DOS SANTOS|400.00
202208|16211990198|***.356.656-**|JULIETE PAULA DA SILVA|400.00
202208|12771016119|***.987.896-**|JULIO CESAR DOS SANTOS|400.00
202208|12806650137|***.255.826-**|JULIO LOPES DOS SANTOS EUVENCIO ALVES|400.00
202208|12338929804||JULIO ROMER GONCALVES|400.00
202208|16271565825|***.181.786-**|JULLY ESTEFANIA CONCEICAO ROSA|400.00
202208|16271565981|***.118.636-**|JULYA ESTHER LEMES FELIPE|400.00
202208|16233249601|***.301.746-**|JULYANE SILVIA DOS ANJOS|400.00
202208|12441829671|***.647.376-**|JUNIA CASSIA DE FREITAS|400.00
202208|16211992700|***.993.206-**|JUNIA DOS SANTOS REIS SABINO|400.00
202208|16281865848|***.963.956-**|JUNIA FERREIRA PASTOR|400.00
202208|16264022188|***.085.556-**|JUNIA GONCALVES DOS SANTOS|400.00
202208|16233257612||JUNIA ISMENIA FELICIO|400.00
202208|20755086702|***.739.216-**|JUNIA MARISA PEREIRA LOPES|400.00
202208|16256729162|***.690.516-**|JURACI PEREIRA DOS SANTOS|400.00
202208|16233551456|***.711.166-**|JUSCELIA FATIMA SANTOS|455.00
202208|16315377492|***.898.526-**|JUSCILAINE DA SILVA|400.00
202208|23862316218|***.771.586-**|JUSELE GRASIELE DA SILVA|400.00
202208|16275093448|***.449.096-**|JUSSARA ALMEIDA DA SILVA|400.00
202208|12270752866||JUSSARA APARECIDA LEITE|400.00
202208|16292030769|***.864.256-**|JUSSARA DE FREITAS LOPES|400.00
202208|20730308671|***.958.726-**|JUSSARA FERNANDES BARBOSA|400.00
202208|16235238143|***.284.166-**|JUSSIMARA ANTONIA FERREIRA DA CRUZ|400.00
202208|20647191568|***.911.286-**|JUVENTINO PIEDADE DE OLIVEIRA|400.00
202208|16235243015|***.483.846-**|KADSY BRENA SANTOS|400.00
202208|16212001422|***.561.446-**|KAMILA FERNANDA DE ASSIS|400.00
202208|16191620641|***.651.436-**|KAMILLA PEREIRA DOS SANTOS|400.00
202208|16301470193|***.831.676-**|KAMILLY DA SILVA GOMES|400.00
202208|20755093865|***.918.136-**|KAOANNE ANDRESSA VIGARIO DO PRADO|400.00
202208|20755086710|***.169.616-**|KAREN DANIELLE CARDOSO DE SOUZA|400.00
202208|21041976234|***.701.516-**|KAREN REGINA OLIVEIRA DIAS|400.00
202208|20086006708|***.857.036-**|KARINA APARECIDA DE MOURA|400.00
202208|16211631317|***.759.196-**|KARINA CARMEM DE SOUZA ANTERO|400.00
202208|20396213434|***.749.756-**|KARINA DE CASSIA SALES|400.00
202208|13072663113|***.295.976-**|KARINA IMACULADA DO NASCIMENTO|400.00
202208|16297048542|***.879.306-**|KARINA JUNIA FERREIRA DOS SANTOS|400.00
202208|16237716581|***.297.916-**|KARINA MARTA MARTINS|400.00
202208|16205552524|***.867.656-**|KARINA NAZARETH SILVA|400.00
202208|19027411606||KARINA ROSA APARECIDA FERREIRA|400.00
202208|16253206479|***.092.906-**|KARINE DE ALBUQUERQUE CAMILO|400.00
202208|20923813254|***.049.686-**|KARINE DE FATIMA NASCENTE|400.00
202208|21327339414||KARINY ANTONIA FERREIRA|400.00
202208|13052469133|***.603.016-**|KARLA MARA DE QUEIROZ|400.00
202208|16271580689|***.289.006-**|KARLA MARCIA DE MORAIS|400.00
202208|20322730435|***.026.826-**|KARLA NAZARE PONCIANO|400.00
202208|13883674426|***.846.776-**|KAROLAINE ROSA MOREIRA DOS SANTOS|400.00
202208|16212025046|***.872.906-**|KAROLINE CRISTINA DA SILVA OLIVEIRA|400.00
202208|20333487154|***.343.926-**|KASSIA EDUARDA SANTOS MONTEIRO|400.00
202208|12475611334||KATCILAYNE CAMARGO MAIA|400.00
202208|16411084670|***.688.946-**|KATIA DA SILVA|400.00
202208|16412742337|***.898.096-**|KATIA DALIANE PIMENTA|400.00
202208|16471458216|***.500.326-**|KATIA MARCIA DE OLIVEIRA|400.00
202208|16212029726|***.360.316-**|KATIA REGINA MAIA|400.00
202208|16212031798|***.806.579-**|KATICILAINE APARECIDA SANTOS|400.00
202208|16407302715|***.613.976-**|KATICILAYNE APARECIDA DE ARAUJO SOUZA PE|400.00
202208|23635704004|***.023.426-**|KATICILAYNE GOMES TIAGO|400.00
202208|16209995196|***.750.526-**|KEILLA JULIETTE SOUZA|400.00
202208|14354269453|***.471.936-**|KEITI MARRONE DA CRUZ|400.00
202208|16205581818|***.663.786-**|KEITTICILAINE CRISTINA DE ALMEIDA|400.00
202208|20396216956||KELLY BEATRIZ LACERDA FAUSTO|400.00
202208|16448712373|***.085.006-**|KELLY CRISTINA CUSTODIO|400.00
202208|12655184132|***.048.066-**|KELLY DE MORAIS REIS|400.00
202208|13275077936|***.564.956-**|KELLY PEREIRA DE SOUZA|400.00
202208|20351030845||KENIA EVANGELISTA MARQUES GONCALVES|400.00
202208|16406455275|***.172.646-**|KENIA NOLASCO DO ESPIRITO SANTO GONCALVE|400.00
202208|23834687703|***.435.786-**|KENIA REGINA MAGALHAES RODRIGUES|400.00
202208|20322729623|***.533.926-**|KERLINEIA MARIA COSTA DE BARROS E SOUSA|400.00
202208|16445035265||KETLEN CAMILY ANSELMO GREGORIO|400.00
202208|16433872132|***.038.566-**|KETTELY EDUARDA DOS SANTOS CARVALHO|400.00
202208|20322724192|***.680.726-**|KEULEM DAYANA PENAFORTE BATISTA ALVES|400.00
202208|20755079404||KHAMYLA CRISTINA DOMINGOS|400.00
202208|14590846477|***.087.956-**|KHETHILIN RAIRA DE OLIVEIRA DA SILVA|400.00
202208|16488822145|***.175.496-**|KIARA KAMILA BRANDAO DA SILVA FIGUEIREDO|400.00
202208|20165117766|***.541.266-**|KLEBER VIANA DIAS|400.00
202208|16471462876|***.448.206-**|KLEIDE SOARES SILVIANO|400.00
202208|20336202622|***.271.946-**|LAIS ADRIANA DAVI TEIXEIRA|400.00
202208|20673291671|***.062.966-**|LAIS LORAM MARTINS PINHEIRO SILVA|400.00
202208|16471731451|***.794.676-**|LAISSA LUCAS MARINHO|400.00
202208|20923813149|***.163.246-**|LAIZ DANIELE MAGNO GOMES|400.00
202208|16379571567|***.340.856-**|LARA DIAS GONCALVES|400.00
202208|16411135909|***.471.376-**|LARISSA ANTONIA OLIVEIRA DE SOUZA|400.00
202208|16471467274|***.270.626-**|LARISSA CRISTINA SOARES|400.00
202208|16471732814|***.347.126-**|LARISSA DA SILVA ARAUJO|400.00
202208|20322719768|***.224.386-**|LARISSA DE SENA SILVA RODRIGUES|400.00
202208|20333482802|***.215.896-**|LARISSA LUIZ DE ANDRADE|400.00
202208|15451933948||LARISSA LUIZA FIGUEREDO|400.00
202208|16448718517|***.453.636-**|LARISSA OLIVEIRA FIGUEIREDO|400.00
202208|16465978599|***.810.166-**|LARISSA VITORIA DA COSTA FONTANA|400.00
202208|20333482756|***.242.466-**|LAURA DA PIEDADE ANDRADE LUIZ|400.00
202208|16450647605|***.244.136-**|LAURA DOS SANTOS|400.00
202208|12462269276|***.792.306-**|LAURENTINO PEREIRA DOS SANTOS|400.00
202208|16408241337|***.583.096-**|LAYANE APARECIDA HELIODORO|400.00
202208|20329629802|***.836.626-**|LAYRA TATIANA DE SOUSA|400.00
202208|16385788408|***.889.236-**|LEA APARECIDA AGANETI MENDES|400.00
202208|16459959871|***.475.126-**|LEA DOS SANTOS|400.00
202208|20329638178|***.648.666-**|LEANDRA PAULA SIMOES|400.00
202208|21369574365||LEANDRO CARLOS DA SILVA|400.00
202208|12498191560||LEANDRO DE OLIVEIRA TEIXEIRA|400.00
202208|16374242328|***.300.626-**|LEIDIANE NOGUEIRA DA SILVA|400.00
202208|16385791182|***.607.666-**|LEILA ANTONIO PORTO|400.00
202208|16481532362|***.604.516-**|LEILA DINIZ BARBOSA PIRES|459.00
202208|16460993093|***.594.046-**|LEILIANE APARECIDA DA CRUZ|400.00
202208|16455147384|***.881.766-**|LEILIANE SILVA MOREIRA|400.00
202208|16521318587|***.094.296-**|LEIRIANE RODRIGUES BELISARIO|400.00
202208|12395629377|***.156.166-**|LENIR CALDEIRA DA SILVA|400.00
202208|20333484724|***.025.826-**|LEONICE APARECIDA DE PAULA|400.00
202208|20459749638|***.831.666-**|LESIANE RODRIGUES MOREIRA|400.00
202208|16379602098|***.427.326-**|LETICIA APARECIDA MATHEUS|400.00
202208|21279539080|***.416.356-**|LETICIA APARECIDA SEVERINO LAUDATE|400.00
202208|16512375506|***.438.906-**|LETICIA CECILIA DO COUTO|400.00
202208|16485467719|***.317.056-**|LETICIA CRISTINA AUGUSTA SILVA|400.00
202208|16448722018|***.858.607-**|LETICIA FERNANDA DA SILVA|400.00
202208|20329613477|***.391.266-**|LETICIA FRANCISCA DIAS DE PAULA|400.00
202208|16407369453|***.371.366-**|LETICIA RAPHAELLY DE OLIVEIRA|400.00
202208|16445071911||LETICIA STUARTE DOS REIS|400.00
202208|21290199908||LETICIA YASMIN DE ASSIS|400.00
202208|16406589921|***.259.256-**|LIBIANE ANGELICA GOMES|400.00
202208|16426682714|***.028.456-**|LIBIANE RODRIGUES DOS SANTOS|400.00
202208|16445073434|***.007.546-**|LIDIA MARA FERNANDA ROCHA DOS SANTOS|400.00
202208|20329635799|***.185.676-**|LIDIANE CHAVES DE OLIVEIRA|400.00
202208|12764218119||LIDIANE CRISTINA RESENDE PEIXOTO FRANCO|400.00
202208|16481547351|***.536.286-**|LIDIANE CRISTINA SOARES DE OLIVEIRA|400.00
202208|16473242636|***.649.326-**|LIDIANE DE FATIMA RODRIGUES|400.00
202208|20755082324|***.398.306-**|LIDIANE FERREIRA LAGES|400.00
202208|16385808565|***.680.946-**|LIDIANE FONSECA SOUZA|400.00
202208|16408324437|***.902.596-**|LIDIANE KATIA CORREA|400.00
202208|16379605801|***.028.016-**|LIDIANE KELLEN GOMES|400.00
202208|20707220690|***.004.966-**|LIDIANE ROSA ESTEVAM|400.00
202208|13392445346|***.688.036-**|LIDIANY PAIVA LIMA|400.00
202208|12718866138|***.205.836-**|LIDIENE DICTAMUS XAVIER|400.00
202208|23678676037|***.150.157-**|LIDIONOR FIGUEIREDO DOS SANTOS|400.00
202208|12814258135|***.095.486-**|LILIAN CRISTINA MONTEIRO|400.00
202208|16379609106|***.954.176-**|LILIAN DE JESUS MORAES|400.00
202208|12877493107|***.028.866-**|LILIAN DUARTE DE SOUZA|400.00
202208|20322724400|***.892.286-**|LILIANE CONCEICAO DE JESUS|400.00
202208|10873752519|***.369.406-**|LINA DE LOURDES REIS|400.00
202208|13025183127||LINDRACY DA SILVA|400.00
202208|16410729708|***.436.006-**|LIRIANE DOS SANTOS MARTINS|400.00
202208|12824329124|***.314.836-**|LISJANE DE LOURDES MORAES|400.00
202208|21368724703||LIVIA PESSOA LACERDA|400.00
202208|14132230151|***.042.002-**|LIZBETH JOSEFINA GARCIA SOSA|400.00
202208|14014423782|***.589.696-**|LORENA ALEXIA FONSECA|400.00
202208|14586822860|***.917.186-**|LORENA ALMEIDA RAIMUNDO MARTINS|400.00
202208|20322720235|***.099.236-**|LORENA CAROLINA STUARTE SILVA|400.00
202208|16468978387|***.200.756-**|LORENA CRISTINA SANCHES|400.00
202208|16379617273|***.770.526-**|LORENA DA SILVA GOMES|400.00
202208|16485897837|***.327.606-**|LORENA GOMES DO AMARAL|400.00
202208|23682537712|***.871.386-**|LORENA MONTEIRO DOMINGOS MACHADO|400.00
202208|16475452050|***.675.176-**|LORENA VITORIA RAIMUNDO|400.00
202208|14371143500|***.068.626-**|LORIANE MARCIA SILVA ALMEIDA|400.00
202208|16426683648|***.637.466-**|LORRAINE DAIENE SIMOES DA SILVA|400.00
202208|20329623588|***.323.276-**|LORRAINY LOPES DA SILVA|400.00
202208|16408345418|***.817.296-**|LORRAINY LORENA GERVASIO MARCAL|400.00
202208|16406602634|***.272.456-**|LORRAYNI KEYFANI XAVIER DA SILVA|400.00
202208|16371381777|***.620.166-**|LOURDES DE JESUS CALDEIRA|400.00
202208|20322728287|***.213.446-**|LOURDES EULALIA CUSTODIO|400.00
202208|20755095329|***.249.286-**|LOURDES FERREIRA ARCANJO|400.00
202208|16481558612|***.304.196-**|LOURDES VIEIRA DOS SANTOS|400.00
202208|10734245251|***.709.126-**|LOURENCO DA SILVA|400.00
202208|15161153966|***.364.876-**|LUANA ALVES DE SANT ANA DIAS|400.00
202208|20333484422|***.554.246-**|LUANA ANDRADE|400.00
202208|16407384150|***.543.036-**|LUANA APARECIDA ALMEIDA|400.00
202208|16481562830|***.126.506-**|LUANA APARECIDA DE LELIS COSTA|400.00
202208|16471749318||LUANA ARAUJO LUCIANO|400.00
202208|23841910692|***.479.576-**|LUANA CLAUDIA DE OLIVEIRA|400.00
202208|16411172456|***.824.316-**|LUANA CRISTINA DOS SANTOS|400.00
202208|20333485488|***.639.606-**|LUANA CRISTINA PARANHOS|400.00
202208|21283216967|***.686.086-**|LUANA DE ARAUJO|400.00
202208|16500367619|***.582.966-**|LUANA JANAINA RAIMUNDO|400.00
202208|16408358714|***.583.956-**|LUANA MONIQUE ARAUJO|400.00
202208|20322719253||LUANA REGINA DA CRUZ|400.00
202208|21361846994||LUANA RODRIGUES DO COUTO|400.00
202208|16445082034|***.916.286-**|LUANA SILVA SOARES|400.00
202208|16480705158|***.153.786-**|LUANA TAMIRES MARIANA SILVA|400.00
202208|16408367128|***.639.826-**|LUANE CARLA HELIODORO|400.00
202208|15430230271||LUANNA LORENA BRAGA MEIRELES|400.00
202208|12818207101|***.604.766-**|LUCAS BRITO FERREIRA|400.00
202208|16428958210|***.645.656-**|LUCAS JOSE FRANCA PEREIRA|400.00
202208|20091068260|***.520.046-**|LUCELIA DELFINO GABRIEL|400.00
202208|16481592535|***.780.696-**|LUCENY DA CONCEICAO DE SOUZA CLEMENTE|400.00
202208|12349384561|***.274.526-**|LUCIA APARECIDA DE FREITAS|400.00
202208|16448728199|***.601.256-**|LUCIA DAS GRACAS SILVA|400.00
202208|12121965892|***.392.406-**|LUCIA DE OLIVEIRA SANTOS PEREIRA|400.00
202208|16407409331|***.945.216-**|LUCIA INES BATISTA|400.00
202208|12766395131|***.445.706-**|LUCIA RODRIGUES VIEIRA|400.00
202208|16478646263|***.137.477-**|LUCIANA ALMEIDA DOS SANTOS|400.00
202208|16445096469|***.889.666-**|LUCIANA ALVES DE OLIVEIRA RODRIGUES|400.00
202208|16406661223|***.528.566-**|LUCIANA APARECIDA DIAS|400.00
202208|12735099093|***.559.296-**|LUCIANA APARECIDA PAULINO|400.00
202208|16516289841|***.930.666-**|LUCIANA CRISTINA DOS SANTOS SOUZA|400.00
202208|16411196479|***.989.276-**|LUCIANA DA CONCEICAO SANTOS|400.00
202208|12814859120|***.183.886-**|LUCIANA DA SILVA PINHEIRO|400.00
202208|16445096590|***.026.896-**|LUCIANA DE FATIMA SENA|400.00
202208|16355935143|***.973.946-**|LUCIANA DE JESUS CAETANO|400.00
202208|20755095973|***.541.076-**|LUCIANA DE OLIVEIRA|400.00
202208|12840886121|***.308.686-**|LUCIANA DE OLIVEIRA SIQUEIRA|400.00
202208|20322738053|***.752.686-**|LUCIANA DIAS RODRIGUES DOS SANTOS|400.00
202208|19014632420|***.122.166-**|LUCIANA DOS SANTOS|400.00
202208|17043256435||LUCIANA FERREIRA|400.00
202208|20476387188|***.841.716-**|LUCIANA FIDELES|400.00
202208|23725097735|***.004.986-**|LUCIANA LOPES PEREIRA|400.00
202208|16385844944|***.930.026-**|LUCIANA MARA BENTO|400.00
202208|20125544647|***.210.816-**|LUCIANA MARIA SIABRA|400.00
202208|16407411158|***.646.536-**|LUCIANA PATRICIA RODRIGUES GUERRA|400.00
202208|12850080138|***.845.006-**|LUCIANA REIS DE PAULA|400.00
202208|20058240092|***.350.726-**|LUCIANA ZACARIAS ANTONIO|400.00
202208|12594716121|***.417.496-**|LUCIANE ANTONIA DO NASCIMENTO|400.00
202208|20329631300|***.236.256-**|LUCIANE DE ALMEIDA MAGALHAES|400.00
202208|20624120451|***.427.316-**|LUCIANE VIEIRA DA SILVA|400.00
202208|16481601100|***.249.986-**|LUCIENE APARECIDA DE SENA|400.00
202208|12916543092|***.406.406-**|LUCIENE APARECIDA GONCALVES|400.00
202208|19008589527|***.327.036-**|LUCIENE BATISTA DE SOUZA|400.00
202208|16354279382|***.539.426-**|LUCIENE DA SILVA SABINO|400.00
202208|20329621992|***.945.366-**|LUCIENE DE FATIMA CORREIA|400.00
202208|20329626536|***.616.956-**|LUCIENE DE LOURDES OLIVEIRA|400.00
202208|16407141495|***.848.376-**|LUCIENE DOS ANJOS PAULO|400.00
202208|16475530396|***.086.386-**|LUCIENE MARIA DE SOUZA|400.00
202208|16496184314|***.551.536-**|LUCIENE RAMOS ALVES DE OLIVEIRA|400.00
202208|16385851045|***.340.356-**|LUCIENE TAMARA BENTO|400.00
202208|23884544779|***.679.956-**|LUCIENE VIANA VIEIRA CAMILO|400.00
202208|16408453482|***.037.786-**|LUCILA ALVES DE OLIVEIRA ROCHA|400.00
202208|20329617758|***.481.496-**|LUCILANE MARCIA TIAGO DOS SANTOS|400.00
202208|16385853943|***.293.196-**|LUCILEIA AGOSTINHA DE SOUZA|400.00
202208|12682911112|***.958.476-**|LUCILENE APARECIDA DIAS|400.00
202208|16481601208|***.969.516-**|LUCILENE BERNARDES VITOR GONCALVES|400.00
202208|20917121192|***.895.676-**|LUCILENE GOMES CARDOSO|400.00
202208|16383534565|***.772.556-**|LUCIMAR LIMA DOS SANTOS|400.00
202208|16407420785|***.712.756-**|LUCIMARA APARECIDA PASTOR|400.00
202208|20052481497|***.803.616-**|LUCIMARA LUZIA RIBEIRO|400.00
202208|20997080269||LUCIMARA PATRICIA CRUZ|400.00
202208|16444863857|***.315.996-**|LUCIMARIA SOUZA SANTOS|400.00
202208|16454626254|***.696.786-**|LUCIMEIRE SANTOS SILVA PEIXOTO|400.00
202208|16481604312|***.359.996-**|LUCINEA DE FATIMA COELHO|400.00
202208|13268216349|***.194.446-**|LUCINEIA APARECIDA DOS SANTOS|400.00
202208|16448729586||LUCINEIA DA COSTA|400.00
202208|20646550416||LUCIO CRISTIANO MATHEUS|400.00
202208|16445100849|***.227.036-**|LUCIVANIA JORGETE DA PIEDADE MOREIRA|400.00
202208|20351031868|***.251.936-**|LUDIMILA FERNANDA DE BRITO|400.00
202208|16454809642|***.238.816-**|LUDIMILA JANICE DA CRUZ FERREIRA|400.00
202208|16385824374|***.419.676-**|LUDIMILA KENIA APARECIDO|400.00
202208|20322726349||LUDMILA FERREIRA PINTO|400.00
202208|16474993880|***.032.316-**|LUDMILA SANTOS SIMOES|400.00
202208|16383440307|***.093.916-**|LUIARA FONSECA|426.00
202208|20333488428||LUIS ALBERTO STUARTE|400.00
202208|20086009006|***.621.246-**|LUISA GOMES DA ROCHA|400.00
202208|10894098486|***.003.506-**|LUIZ CARLOS GOMES|400.00
202208|16477531055|***.163.436-**|LUIZ CARLOS GONCALVES|400.00
202208|16385827152|***.152.626-**|LUIZ CASSIO DE OLIVEIRA JUNIOR|400.00
202208|16385833551|***.546.206-**|LUIZA DE MARILLAC COSTA NASCIMENTO|400.00
202208|20329627982|***.801.506-**|LUIZA GABRIELA DA SILVA SANTOS|400.00
202208|12713447099|***.492.266-**|LUVIENE APARECIDA LACERDA|400.00
202208|12728962091||LUVIENE DE OLIVEIRA GOMES|400.00
202208|21369301784||LUZIA APARECIDA LUIZ DE ANDRADE|400.00
202208|20357398313|***.733.016-**|LUZIA BATISTA ROCHA|400.00
202208|16445101292|***.490.696-**|LUZIA DA PIEDADE BARBOSA LIMA|400.00
202208|12461786765|***.235.226-**|LUZIA DE FATIMA JOSE DA SILVA|400.00
202208|16379670824|***.325.226-**|LUZIA LUCAS DOS SANTOS|400.00
202208|12725848107|***.236.116-**|LUZINEIA APARECIDA ALVES|400.00
202208|16379674978|***.246.146-**|MADALENA SANCHA DOS SANTOS|400.00
202208|20336201715||MAGDA ANTONIA SANTOS DE OLIVEIRA|400.00
202208|16379676164|***.206.346-**|MAGDA APARECIDA PINTO|400.00
202208|20336202320|***.567.976-**|MAGDA DE PAULA SANTOS|400.00
202208|20329627346|***.805.926-**|MAGDA MARILIA DOS SANTOS CEZARIO|400.00
202208|16445102973|***.883.936-**|MAGNA DE OLIVEIRA DA CRUZ|400.00
202208|16385866409|***.167.016-**|MAGNA MARIA PIMENTA|400.00
202208|16455633939|***.847.486-**|MAIKON GONCALVES DA SILVA|400.00
202208|20923815656|***.668.776-**|MAIRA DE LOURDES EUSTAQUIO|400.00
202208|20052482434|***.411.696-**|MAIRA KELE SOARES|400.00
202208|20047258327|***.926.606-**|MAISA FERREIRA|400.00
202208|16359500702|***.506.196-**|MAIZA DA SILVA|400.00
202208|16407442800|***.233.976-**|MANOELA CRISTINA ROSA STUARTE|400.00
202208|16426692892|***.244.656-**|MARA ALICE DA SILVA MAGALHAES|400.00
202208|22822610842|***.116.206-**|MARA CRISTINA SILVA DE OLIVEIRA GONCALVE|400.00
202208|12990631137|***.474.446-**|MARA REJANE BELENDIER DA SILVA|400.00
202208|12300770581||MARA TRIANA SAMPAIO FONSECA|400.00
202208|16412673505|***.673.896-**|MARCELA GOMES AQUINO|400.00
202208|20333488657|***.274.066-**|MARCELA ROSA DA SILVA BORGES|400.00
202208|12270899034||MARCELO VENTURINI DE ASSIS|400.00
202208|20097063643|***.527.626-**|MARCIA APARECIDA DA SILVA|400.00
202208|20793725121||MARCIA APARECIDA DE OLIVEIRA|400.00
202208|16415352157|***.300.356-**|MARCIA CRISTINA DE OLIVEIRA|400.00
202208|16494543120|***.211.436-**|MARCIA CRISTINA DUARTE|400.00
202208|16445165665|***.160.586-**|MARCIA CRISTINA RODRIGUES|400.00
202208|20329613485|***.676.216-**|MARCIA CRISTINA SIMAO|400.00
202208|16379916459|***.096.316-**|MARCIA DA SILVA|400.00
202208|12842568127|***.568.586-**|MARCIA FABIANA DA SILVA DIAS|400.00
202208|20329638925|***.177.756-**|MARCIA FRANCISCA FERREIRA|400.00
202208|16399497362||MARCIA HELENA MENDES|400.00
202208|20322725229|***.711.246-**|MARCIA LINA SILVA|400.00
202208|16386072953|***.725.776-**|MARCIA MEIRE LUCAS|400.00
202208|20322726888|***.329.216-**|MARCIA PIEDADE DE RAMOS|400.00
202208|12712988118|***.182.406-**|MARCIA REGINA DE PAULA|400.00
202208|16407568685|***.632.016-**|MARCIA ROBERTA DA SILVA|400.00
202208|20322741941|***.792.786-**|MARCIA ROSA LIMA DIAS|400.00
202208|16426709280|***.438.386-**|MARCIANA VICENTE DOS SANTOS|400.00
202208|19026472334||MARCILENE BRIGIDA DE OLIVEIRA|400.00
202208|16495950951|***.645.916-**|MARCILENE JOANA DA COSTA NASCIMENTO|400.00
202208|16480801327|***.750.656-**|MARCILENE VICENTE SANTOS|400.00
202208|12730169123|***.283.876-**|MARCILIANE ANASTACIA DE MOURA PAULA|400.00
202208|12511857040|***.607.276-**|MARCILIS ROBERTO DE FARIAS|400.00
202208|21303492328||MARCIO NEY VITORIANO|400.00
202208|20333485763|***.918.786-**|MARCIO ROBERTO RIBEIRO|400.00
202208|16407573441|***.023.266-**|MARCIONELE ROBERTA DA SILVA|400.00
202208|12560274134|***.773.086-**|MARCOS AURELIO DE JESUS|400.00
202208|12716592138|***.435.906-**|MARCOS AURELIO PEREIRA DE JESUS|400.00
202208|12913209108|***.008.176-**|MARCOS VINICIUS DE SOUSA|400.00
202208|20185214872|***.172.766-**|MARGARETE INEZ DOS SANTOS|400.00
202208|12083567104|***.026.086-**|MARGARETH DA CONCEICAO LOPES|455.00
202208|20329618819|***.680.546-**|MARGARETH DE LOURDES FONTANA|400.00
202208|20161746203||MARGARIDA IZABEL SALEME DA SILVA|400.00
202208|12632320137|***.460.306-**|MARGARIDA MARIA DE JESUS|400.00
202208|12128279188|***.505.406-**|MARGARIDA VIRISSIMO DA COSTA|400.00
202208|20434049543|***.681.696-**|MARIA ADELINA DA SILVA SOUZA|400.00
202208|15707056045||MARIA ALICE DE OLIVEIRA|400.00
202208|16410838361|***.919.266-**|MARIA ANDRE DA ANUNCIACAO|400.00
202208|16456791902|***.826.296-**|MARIA ANGELA DA SILVA|400.00
202208|20329627265|***.328.696-**|MARIA ANGELA GERTRUDES ALMEIDA|400.00
202208|16481982929|***.816.376-**|MARIA ANGELICA DOS SANTOS|400.00
202208|21345441454||MARIA ANTONIA DA COSTA ARAUJO|400.00
202208|21076801937|***.213.746-**|MARIA ANTONIA DA SILVA|400.00
202208|17043254904|***.925.706-**|MARIA ANTONIA DE ARAUJO|400.00
202208|16523583008|***.399.416-**|MARIA ANTONIA DOS SANTOS|400.00
202208|16383808398|***.726.136-**|MARIA ANTONIA DOS SANTOS|400.00
202208|16368566990|***.301.686-**|MARIA ANTONIA MISSIAS|400.00
202208|20443664271|***.031.076-**|MARIA ANTONIA PEREIRA|400.00
202208|16410910909|***.558.776-**|MARIA ANTONIA ROSA|400.00
202208|20329623898|***.673.736-**|MARIA APARECIDA AGANETTI|400.00
202208|13038734127||MARIA APARECIDA ANDRE|400.00
202208|12397036853|***.176.666-**|MARIA APARECIDA CANDIDO LOPES|400.00
202208|14377035491||MARIA APARECIDA CONCEICAO DO CARMO ARAUJ|400.00
202208|16462748495|***.224.146-**|MARIA APARECIDA COSTA SILVA|400.00
202208|20333486131||MARIA APARECIDA DA COSTA PIEDADE|400.00
202208|16473839683|***.653.256-**|MARIA APARECIDA DA SILVA|400.00
202208|16385912974|***.598.566-**|MARIA APARECIDA DA SILVA GONCALVES|400.00
202208|12650370124|***.356.036-**|MARIA APARECIDA DE ARAUJO|400.00
202208|12338887230|***.210.566-**|MARIA APARECIDA DE JESUS|400.00
202208|20329618967|***.504.596-**|MARIA APARECIDA DE OLIVEIRA|400.00
202208|12518411633||MARIA APARECIDA DE SOUZA|400.00
202208|12111715311|***.053.176-**|MARIA APARECIDA DE SOUZA|400.00
202208|12281930159|***.481.161-**|MARIA APARECIDA DOS SANTOS|400.00
202208|16407215014|***.010.726-**|MARIA APARECIDA DOS SANTOS|400.00
202208|12083465328|***.846.716-**|MARIA APARECIDA DOS SANTOS MOURA|400.00
202208|16407450420|***.938.496-**|MARIA APARECIDA EDUARDA ALVES|400.00
202208|20410344766|***.031.736-**|MARIA APARECIDA EVANGELISTA|400.00
202208|16459467138|***.351.396-**|MARIA APARECIDA FERREIRA|400.00
202208|16410852674|***.153.006-**|MARIA APARECIDA FERREIRA DE OLIVEIRA|400.00
202208|12583411774||MARIA APARECIDA GOMES TIAGO|400.00
202208|20330143675|***.628.526-**|MARIA APARECIDA MARTINS LOURENCO|400.00
202208|16379781537|***.738.916-**|MARIA APARECIDA PEREIRA|400.00
202208|16365895349|***.326.298-**|MARIA APARECIDA PEREIRA ALVES|400.00
202208|12291538790|***.010.896-**|MARIA APARECIDA SANTOS MOTA|400.00
202208|16445123172|***.263.166-**|MARIA APARECIDA SILVA|400.00
202208|16407507783|***.321.416-**|MARIA AUXILIADORA TEIXEIRA SIMOES|400.00
202208|23886978903|***.857.066-**|MARIA BARBARA PINTO BARBOSA|400.00
202208|20628606995|***.676.016-**|MARIA CARLA BATISTA SOARES|400.00
202208|16473810243|***.599.766-**|MARIA CLAUDIA DA PAIXAO|400.00
202208|20346189785|***.913.288-**|MARIA CORREIA BRAGANCA GOMES|400.00
202208|16445122397|***.199.816-**|MARIA CRISTINA|400.00
202208|20755079293|***.967.736-**|MARIA CRISTINA FERREIRA DA SILVA|400.00
202208|16383824067|***.955.346-**|MARIA CRISTINA SANTOS|400.00
202208|20380460704|***.325.576-**|MARIA D AJUDA SOUZA DOS SANTOS|400.00
202208|16900033955||MARIA DA CONCEICAO ALVES DE SOUZA|400.00
202208|22805584626|***.803.936-**|MARIA DA CONCEICAO CAMPOS MENDONCA|400.00
202208|12975269090|***.975.666-**|MARIA DA CONCEICAO GONCALVES|400.00
202208|16490780128|***.855.376-**|MARIA DA CONCEICAO MONTEIRO RODRIGUES|520.00
202208|20923815249|***.245.376-**|MARIA DA CONCEICAO SILVA DE OLIVEIRA|400.00
202208|12518780922|***.704.536-**|MARIA DA CRUZ CAETANO OLIVEIRA|400.00
202208|21349521657||MARIA DA PENHA DOS SANTOS ALVES|400.00
202208|16407456852|***.652.776-**|MARIA DA PIEDADE ELIAS|400.00
202208|16473861190|***.115.526-**|MARIA DA PIEDADE ESPINOLA|400.00
202208|16379769553|***.423.166-**|MARIA DA PIEDADE LIMA DO NASCIMENTO|400.00
202208|16407212406|***.681.936-**|MARIA DA PIEDADE RODRIGUES|400.00
202208|16406813562|***.361.806-**|MARIA DA PIEDADE SILVA OLIVEIRA|400.00
202208|10734595465|***.539.316-**|MARIA DA PIEDADE TIMOTEO BAILAO|400.00
202208|16436332155|***.058.146-**|MARIA DALVA ALVES|400.00
202208|16408736212|***.913.576-**|MARIA DANIELLE DE OLIVEIRA SIMOES TEIXEI|400.00
202208|16385952399|***.268.806-**|MARIA DAS DORES DE SOUZA OLIVEIRA|400.00
202208|16408676635|***.156.046-**|MARIA DAS DORES DOMINGUES DE OLIVEIRA PA|400.00
202208|16379724592|***.082.416-**|MARIA DAS DORES FREITAS|400.00
202208|16379799851|***.681.038-**|MARIA DAS DORES SANTOS|400.00
202208|16448740520|***.790.746-**|MARIA DAS DORES TEIXEIRA|400.00
202208|16050291714|***.923.986-**|MARIA DAS GRACAS FERREIRA DOS SANTOS|400.00
202208|16379767143|***.265.606-**|MARIA DAS GRACAS NASCENTE|400.00
202208|16385885640|***.837.946-**|MARIA DE DEUS AMARAL|400.00
202208|16386020740|***.782.796-**|MARIA DE FATIMA ANTONIO|400.00
202208|16367315048|***.583.216-**|MARIA DE FATIMA DA PAIXAO|400.00
202208|20333486158|***.492.956-**|MARIA DE FATIMA DA PIEDADE SOARES|400.00
202208|20330145597|***.052.336-**|MARIA DE FATIMA FERREIRA ALVES|400.00
202208|17043254521|***.623.716-**|MARIA DE FATIMA MENDES|400.00
202208|16445113762|***.622.266-**|MARIA DE LOURDES ALVES|400.00
202208|12343852938|***.642.806-**|MARIA DE LOURDES DA SILVA|400.00
202208|12615316100|***.292.426-**|MARIA DE LOURDES DA SILVA|400.00
202208|12347167598|***.632.796-**|MARIA DE LOURDES DOS SANTOS|400.00
202208|16481406545|***.919.246-**|MARIA DE LOURDES PEREIRA|400.00
202208|16385965660|***.456.826-**|MARIA DE LOURDES POLIANA DOS REIS|400.00
202208|19015076521|***.414.386-**|MARIA DE LOURDES PORTO|400.00
202208|16511538606|***.210.806-**|MARIA DE LOURDES RIBEIRO|400.00
202208|12609080125|***.413.436-**|MARIA DE LOURDES SILVA|400.00
202208|20329620759|***.869.276-**|MARIA DE LOURDES VALICELI RAVACINI RIBEI|400.00
202208|20351030667|***.596.186-**|MARIA DE SOUSA ROSA|400.00
202208|12270753072|***.417.446-**|MARIA DESTERRO DA SILVA|400.00
202208|16385912079|***.024.186-**|MARIA DO CARMO ALMEIDA GOMES|400.00
202208|16410921722|***.921.056-**|MARIA DO CARMO DA SILVA SANTOS|400.00
202208|12032101922|***.677.216-**|MARIA DO CARMO DIAS|400.00
202208|20396210311|***.287.616-**|MARIA DO CARMO DOS SANTOS|400.00
202208|16481968748|***.994.346-**|MARIA DO ROSARIO DE OLIVEIRA FARIAS|400.00
202208|20329635691|***.406.676-**|MARIA DOS ANJOS LOPES|400.00
202208|12170823184|***.013.678-**|MARIA EDILEUDA BRAGA LIMA|400.00
202208|16481981515||MARIA EDUARDA ALVES RIBEIRO|400.00
202208|20336196436|***.470.156-**|MARIA EDUARDA DA SILVA PINTO|400.00
202208|21354930411||MARIA EDUARDA RODRIGUES|400.00
202208|12371910424|***.820.328-**|MARIA ELENA LIMA BRAGA|400.00
202208|16379704591|***.975.286-**|MARIA ELENICE DE ALMEIDA|400.00
202208|16385967809|***.266.276-**|MARIA ELIZABETH CORDEIRO RODRIGUES|400.00
202208|16408679944|***.902.186-**|MARIA ELZA COSTA PEREIRA SILVA|400.00
202208|16407464057|***.234.936-**|MARIA FEIRA DE JESUS|400.00
202208|12667731109|***.243.916-**|MARIA FRANCISCA DA SILVA SANTOS|400.00
202208|16497011723|***.900.636-**|MARIA FRANCISCA OLIVEIRA|400.00
202208|20351033917|***.002.186-**|MARIA GERALDA DA SILVA|400.00
202208|16445134190|***.779.136-**|MARIA GRACIELA SOARES SANTOS|402.00
202208|16443514158|***.599.136-**|MARIA HELENA AMORIM DOS SANTOS|455.00
202208|16385994679|***.217.806-**|MARIA HELENA CALDEIRA SILVA|400.00
202208|20399364794|***.178.836-**|MARIA HELENA MARTINS DOS SANTOS|400.00
202208|16460004863|***.319.707-**|MARIA HELENA NACITO|400.00
202208|16511676510||MARIA HELENA SILVA RIBEIRO|400.00
202208|16360068916|***.542.536-**|MARIA HELOISA DOS SANTOS|400.00
202208|20602215670|***.898.088-**|MARIA HELOISA MOREIRA|400.00
202208|12297420775|***.534.126-**|MARIA HELOIZA DA SILVA|400.00
202208|16520314464|***.279.576-**|MARIA INOCENCIA FERNANDES GABRIEL|400.00
202208|20997077047|***.635.706-**|MARIA JOSE ALVES DIAS|400.00
202208|16412517589|***.319.666-**|MARIA JOSE APARECIDA GOMES|400.00
202208|16485539574|***.899.186-**|MARIA JOSE DAS DORES EVANGELISTA|400.00
202208|16407501904|***.177.306-**|MARIA JOSE DOS SANTOS|400.00
202208|16445115986|***.261.176-**|MARIA JOSE ELOI|400.00
202208|20694673166|***.659.586-**|MARIA JOSE MOTA|400.00
202208|23671571698|***.636.046-**|MARIA JOSE PEREIRA|400.00
202208|16382089754|***.230.206-**|MARIA JOSE PIRES CALISTO|400.00
202208|17037336244|***.475.665-**|MARIA JUCELIA EVANGELISTA DOS SANTOS|400.00
202208|16475633136|***.151.426-**|MARIA JULIANA MOREIRA|400.00
202208|16422743425|***.124.166-**|MARIA JUSCELINA FELIPE SOUZA|400.00
202208|12745439105|***.559.766-**|MARIA LUCIA APARECIDA PERDIGAO|400.00
202208|16456268126|***.399.056-**|MARIA LUCIENE DE OLIVEIRA|400.00
202208|20396220279|***.542.956-**|MARIA LUIZA CANDIDO|400.00
202208|16406874847|***.705.346-**|MARIA LUIZA GOMES DA SILVA|400.00
202208|16475643239|***.673.266-**|MARIA LUIZA MENDES DE OLIVEIRA|400.00
202208|20329635268|***.686.926-**|MARIA MADALENA GONCALVES|400.00
202208|20433326845|***.559.926-**|MARIA MADALENA TOMAZ|400.00
202208|16428714729|***.876.356-**|MARIA MADALENA VIEIRA|400.00
202208|23638015781|***.451.208-**|MARIA MARGARETH DA PAZ PORTO|400.00
202208|20336195391|***.844.696-**|MARIA MARTINHA NONATO|400.00
202208|12714603116|***.932.528-**|MARIA NICEA FERNANDES DA COSTA|400.00
202208|16379728962|***.241.236-**|MARIA NICOLAU GOMES GONCALVES|400.00
202208|20923816164|***.184.016-**|MARIA PAULINA DE SOUZA BRAGANCA|400.00
202208|12863208111|***.743.386-**|MARIA PERPETUA SOCORRO|400.00
202208|12714649132||MARIA PIEDADE DO COUTO|400.00
202208|16445136371|***.347.146-**|MARIA REGINA DAS GRACAS SANCHA|400.00
202208|21338444524||MARIA RITA DA SILVA FERREIRA|400.00
202208|12297243237|***.259.316-**|MARIA SELESTE DE JESUS|400.00
202208|12883705609|***.806.916-**|MARIA SENHORA DE SOUSA|400.00
202208|16482248730|***.755.126-**|MARIA VENANCIA MIRANDA|400.00
202208|16426693899|***.436.186-**|MARIA VITORIA DO CARMO AQUINO BARBOSA|400.00
202208|12235080881|***.598.746-**|MARIANA BARBOSA SILVA JORGE|400.00
202208|16383934318|***.502.976-**|MARIANA DE LOURDES AMARAL|400.00
202208|16475716112|***.311.096-**|MARIANA DE LOURDES RAIMUNDO|400.00
202208|16509353890|***.235.646-**|MARIANA RICELLY SANTOS SILVA|400.00
202208|20330145244|***.340.076-**|MARIELLY THAISA MONTEIRO DE SOUZA|400.00
202208|16364921745|***.667.946-**|MARILAINE DA CONCEICAO EVANGELISTA|400.00
202208|16452474570|***.262.956-**|MARILDA OLIVEIRA DA SILVA|400.00
202208|16471216409|***.249.406-**|MARILEIA APARECIDA SOARES|400.00
202208|20648008708|***.274.436-**|MARILEIA PAIM DA CAMARA|400.00
202208|16407539669|***.137.476-**|MARILENE APARECIDA DE SOUZA|400.00
202208|16473888455|***.745.956-**|MARILENE BENTO|400.00
202208|16410967587|***.860.426-**|MARILENE XAVIER|400.00
202208|22809494435|***.286.086-**|MARILIA APARECIDA DAS MERCES|400.00
202208|16386039956|***.418.446-**|MARILIA MACHADO CUSTODIO|400.00
202208|20322741720|***.468.326-**|MARILMA DE FATIMA PUREZA|400.00
202208|19016198051|***.797.376-**|MARILMA DE JESUS PORTO|400.00
202208|16386048181|***.310.946-**|MARILMA EVANGELISTA CUSTODIO|400.00
202208|12343852679|***.122.596-**|MARILZA SOUSA DE CARVALHO|400.00
202208|16470365753|***.868.356-**|MARINA DA SILVA MIRANDA|400.00
202208|14419812172||MARINA DE SOUZA VENTURA|400.00
202208|20329638054|***.982.186-**|MARINA DO BONSUCESSO GOMES|400.00
202208|20086006287|***.975.526-**|MARINA GOMES BATISTA DIAS|400.00
202208|12772892125|***.984.896-**|MARINA JOSE MARIA|400.00
202208|20329613493|***.454.076-**|MARINA SIMAO DE DEUS|400.00
202208|16408733183|***.148.216-**|MARINA VICENTE DOS SANTOS|400.00
202208|13009798139||MARINALDO FERNANDES BARBOSA|400.00
202208|21345886413||MARINES SILVA SANTOS|400.00
202208|16374187491|***.199.786-**|MARISA DE OLIVEIRA CUNHA|400.00
202208|15675011114|***.882.366-**|MARISA SILVA LOURENCO DOS SANTOS|400.00
202208|20329614651|***.553.256-**|MARIZA ANA PAULA DO CARMO ARAUJO|400.00
202208|12291352352|***.207.776-**|MARLENE ANSELMO GOMES|400.00
202208|12274371433|***.562.786-**|MARLENE APARECIDA BENTO|400.00
202208|16386061269|***.366.816-**|MARLENE APARECIDA PAIVA|400.00
202208|16386061013|***.453.996-**|MARLENE BENEDITA DOS SANTOS|400.00
202208|20353186311|***.765.056-**|MARLENE DA LUZ LINO FERNANDES|400.00
202208|16445158987|***.020.976-**|MARLENE DE JESUS BENTO ROSA|400.00
202208|12360976968||MARLENE DE SOUSA|400.00
202208|20322722424|***.920.716-**|MARLENE DOS SANTOS|400.00
202208|12553510162|***.988.606-**|MARLENE INACIA PEREIRA|400.00
202208|12333358728|***.786.967-**|MARLENE MANOELINA COELHO|400.00
202208|16519341496|***.769.936-**|MARLENE PINTO|400.00
202208|12623223094|***.880.836-**|MARLENE ROSA DE ALMEIDA|400.00
202208|20352947327|***.638.326-**|MARLI CORNELIA DA SILVA|400.00
202208|16436908170|***.959.716-**|MARLI DE FATIMA DIAS FERNANDES|400.00
202208|16408891706|***.507.266-**|MARLI GUIOMAR DIAS|400.00
202208|16379903195|***.933.136-**|MARLI MARTINS PEREIRA|400.00
202208|16366348376|***.764.546-**|MARLON CAMPOS DE OLIVEIRA|400.00
202208|16482469761|***.590.806-**|MARLUCE CRISTINA FONSECA PEREIRA|400.00
202208|20322719016|***.357.146-**|MARLUCIA DO CARMO BARBOSA COELHO|400.00
202208|20329613256|***.401.316-**|MARLY ADELAIDE DE OLIVEIRA|400.00
202208|20413261675|***.738.296-**|MARLY ALVES DOS SANTOS MOURA|400.00
202208|12274493830|***.203.586-**|MARLY FERREIRA|400.00
202208|16385721400|***.397.216-**|MARTA APARECIDA DAS DORES|400.00
202208|16456948070|***.234.676-**|MARTA LUIZA DE OLIVEIRA|400.00
202208|20329639042|***.861.956-**|MARTA MARTINS MORAIS|400.00
202208|20336199168||MARTA ROZA DE JESUS|400.00
202208|16379925717|***.259.616-**|MARTIANE LETICIA SANCHA SILVA|400.00
202208|20322725121|***.856.496-**|MARY CRISTINA FERREIRA|400.00
202208|20322744592|***.768.066-**|MATHEUS DO CARMO BARBOSA|400.00
202208|20329615763|***.162.206-**|MATHEUS HENRIQUE MACHADO QUEIROZ|400.00
202208|20351030543|***.189.006-**|MATILDE APARECIDA TEIXEIRA|400.00
202208|16445173846|***.796.696-**|MAURA MARIA DOS SANTOS|400.00
202208|12343851990|***.214.536-**|MAURICIO LEOCADIO DOS SANTOS|400.00
202208|20329638348|***.524.436-**|MAURISA DA CONCEICAO SILVA BARBOSA|400.00
202208|16408965017|***.242.416-**|MAURO LUCIO|400.00
202208|16488868587|***.809.096-**|MAURO LUCIO DOS SANTOS|400.00
202208|19002545692|***.926.346-**|MAURO LUCIO SIMOES|400.00
202208|12826254113|***.137.406-**|MAURO SERGIO GOMES DA CONCEICAO|400.00
202208|12338652209|***.676.126-**|MAXIMILIANO EUSTAQUIO DE OLIVEIRA|400.00
202208|16406705352|***.330.926-**|MAYRE ROSE DE SOUZA|400.00
202208|16407585601|***.989.336-**|MEIRYMAR DE LOURDES FONSECA DE MOURA|400.00
202208|16481777233|***.707.586-**|MELISSA BARBOSA PIRES RODRIGUES DA CRUZ|400.00
202208|20755094438||MELISSA EVELYN DOS SANTOS LIMA|400.00
202208|16458505052|***.918.906-**|MELISSA GUERRA VITOR DOS SANTOS|400.00
202208|14590097415|***.752.656-**|MENICA SUELE DOS SANTOS|400.00
202208|16518894831|***.607.986-**|MERCES DA SILVA COELHO|400.00
202208|20330141907|***.683.146-**|MICAELA SILVA NASCIMENTO|400.00
202208|16472492604||MICAELA SOUZA ANDRADE|400.00
202208|16488926374|***.752.656-**|MICHELE ALVES VIEIRA|400.00
202208|16409610077|***.803.716-**|MICHELE JESSICA DO AMARAL|400.00
202208|16407596867|***.632.436-**|MICHELE RODRIGUES DOS SANTOS|400.00
202208|16650512614|***.578.386-**|MICHELE ROSA DOS SANTOS|400.00
202208|16411060410|***.752.776-**|MICHELINE VENTURA DE MELO|400.00
202208|16407595755|***.774.816-**|MICHELLE CRISTIANE FERREIRA|400.00
202208|16407595607|***.628.366-**|MICHELLE DE JESUS ALVES|400.00
202208|20465336218|***.537.296-**|MICHELLE LOPES SAMPAIO|400.00
202208|10830762288|***.252.626-**|MIGUEL ALVES MOREIRA|400.00
202208|20322719954|***.670.396-**|MILENA APARECIDA DIAS|400.00
202208|16471503521|***.188.206-**|MILENA NASCIMENTO DA SILVA|400.00
202208|16466246494|***.809.926-**|MILENA RAFAELA APARECIDA FONTANA COSTA|400.00
202208|16450690624|***.484.846-**|MILENE EDUARDA SILVA|400.00
202208|16548171935|***.298.076-**|MILENE SANTOS DE ALMEIDA|400.00
202208|21281109152||MILENY STEFANI DA SILVA CARMO|400.00
202208|16386096240|***.197.316-**|MILLENY APARECIDA DE SENA SOUZA|400.00
202208|12106809974||MILTON DOS ANJOS SANTOS|400.00
202208|12169719700|***.727.696-**|MILTON RAIMUNDO DOS REIS|400.00
202208|20184684794|***.608.096-**|MIRELE DA SILVA ROCHA|400.00
202208|16448748912|***.365.336-**|MIRIA PEREIRA DE SOUZA|475.00
202208|16386097379|***.807.596-**|MIRIALINE SILVA DE OLIVEIRA|400.00
202208|13248719981|***.768.006-**|MIRIAM ABREU SANTOS RESENDE|400.00
202208|16379943480|***.122.066-**|MIRIAM EVANGELISTA DOS SANTOS|400.00
202208|16477437946|***.289.876-**|MIRIAM MARTINS DA SILVA|400.00
202208|16426712877|***.839.286-**|MIRIAN CRISTINA DIAS|400.00
202208|21281675352|***.047.106-**|MIRIAN DE CASSIA ARAUJO|400.00
202208|16460229695|***.099.136-**|MIRIAN DE SOUZA|400.00
202208|16384131790|***.428.866-**|MIRIAN NATIVIDADE DOS SANTOS|400.00
202208|16379944126|***.764.316-**|MIRIAN NAYARA SANTOS DE SOUZA|400.00
202208|16384130980|***.366.196-**|MIRIAN RODRIGUES PORTO|400.00
202208|16586983860|***.003.166-**|MIRIANE APARECIDA DE SOUZA|400.00
202208|16410963255|***.494.586-**|MIRIANLENE DAS GRACAS BARBOSA|400.00
202208|20755087202||MIRIANY ALMEIDA DE SOUZA|400.00
202208|20693645924|***.273.916-**|MIRLEI CANDIDO|400.00
202208|16647219618|***.189.596-**|MIRLENE DE LOURDES SANTOS REIS|400.00
202208|16664458862|***.024.326-**|MIRYAN FLAVIANA DOS SANTOS ROSA|400.00
202208|10789901118||MOACIR ELOI DA SILVA|400.00
202208|10640256144|***.060.326-**|MOACIR MORADO MATEUS FILHO|400.00
202208|16653621236|***.505.776-**|MOANA EVANGELISTA DIAS|400.00
202208|20396213698|***.152.866-**|MOAYKA ANGEL DAS MERCES|400.00
202208|16471505419|***.335.966-**|MONICA LUCIA MARIA MIGUEL|400.00
202208|21349957676||MONICA MARIA DA CONSOLACAO SANTOS|400.00
202208|16445184929|***.346.966-**|MORGANA DOROTHEA ELOY DE ALMEIDA|400.00
202208|12270898984|***.810.606-**|NADIA DA CONCEICAO SOARES|400.00
202208|23778121614|***.609.736-**|NADIA VITORIA GONCALVES DA SILVA|400.00
202208|20052486138|***.053.696-**|NAIARA CRISTINA DOS SANTOS|400.00
202208|16584012078|***.463.016-**|NAIARA GONCALVES SANTANA|400.00
202208|21030034097|***.567.446-**|NAIARA KARLA DA PAIXAO|400.00
202208|21030034011|***.362.366-**|NAIARA TAVARES DOS SANTOS ELEUTERIO|455.00
202208|16426714721|***.788.706-**|NAIARA VICENTE DOS SANTOS|400.00
202208|20322724834|***.698.206-**|NAIHARA DE FATIMA VALENTINA|400.00
202208|12212674386||NARCISO RODRIGUES SOARES|400.00
202208|16630403542|***.699.606-**|NATALIA ARAUJO DE SOUZA SILVA|400.00
202208|16384201748|***.298.436-**|NATALIA CRISTIANE BARBOSA JORGE|400.00
202208|23605336341|***.072.496-**|NATALIA CRISTINA DA SILVA|400.00
202208|16582948831|***.557.956-**|NATALIA CRISTINA PEREIRA|400.00
202208|16586515514|***.031.006-**|NATALIA LOURDES ROSA BATISTA DIAS|400.00
202208|16620816801|***.288.296-**|NATALIA MARCONDES RODRIGUES DE OLIVEIRA|400.00
202208|16577170917|***.159.556-**|NATALIA MARIA DA SILVA|400.00
202208|20730067690|***.547.486-**|NATALIA MUNIZ DA SILVA|400.00
202208|20161741856|***.831.256-**|NATALIA NASSIS VALAMIEL|400.00
202208|16583195675|***.153.536-**|NATALIA NAYARA CONCEICAO ASSIS|400.00
202208|23670359350|***.626.826-**|NATALIA NEVES DA SILVA|400.00
202208|16379968238|***.649.506-**|NATALIA SILVA MAGALHAES|400.00
202208|20755100802|***.551.696-**|NATALIA STHEFANY DA SILVA RAMOS|400.00
202208|17043257342|***.566.596-**|NATALINA DE FATIMA DA SILVA|400.00
202208|21030034348|***.444.646-**|NATALINA RODRIGUES|400.00
202208|20997075273|***.047.806-**|NATAN BARBOSA FERREIRA|400.00
202208|16666079931||NATANAEL FERNANDES DA SILVA|400.00
202208|16634665932|***.253.656-**|NATANIELE KEIFANIR DE PAULA PEREIRA|422.00
202208|20755082286|***.820.896-**|NATHALIA JOSELY BRANDAO DA SILVA FIGUEIR|400.00
202208|20052486170|***.352.926-**|NATHALIA PEREIRA DOS SANTOS|400.00
202208|16379961195|***.845.336-**|NAYARA CAMILA MOURA|400.00
202208|20066710388|***.700.996-**|NAYARA CRISTINA DA MATTA|400.00
202208|16588164700|***.079.256-**|NAYARA ELIANA DOS REIS|400.00
202208|16429295401|***.995.976-**|NAYARA GOMES DE SOUZA|400.00
202208|16386115202|***.197.276-**|NAYARA MARILIA FERREIRA|400.00
202208|20351034131|***.186.416-**|NAYARA OLIVEIRA FERNANDES|400.00
202208|16379961381|***.684.506-**|NAYARA SOUZA OLIVEIRA|400.00
202208|16633604611|***.692.456-**|NAYRIANE MAIRE FERREIRA|400.00
202208|16602878000|***.418.306-**|NAZITA NUNES BARBOSA|400.00
202208|10866728357|***.999.446-**|NEIDE SANTOS|400.00
202208|12349292640||NEIVA LUCIA GONCALVES|400.00
202208|16076054248|***.399.616-**|NEIVIANE MARQUES DA SILVA|400.00
202208|12731754135|***.148.296-**|NELI GERALDA DE SOUZA|400.00
202208|16620820302|***.371.566-**|NELMA DA SILVA LUZ|400.00
202208|12025356872|***.523.586-**|NELSA JERONIMA MARQUES|400.00
202208|20443662937|***.731.346-**|NEMIAS ANTONIO PEREIRA|400.00
202208|20329612985|***.003.256-**|NERCI MARIA GUERRA|400.00
202208|12343850943|***.001.706-**|NEUZA CHAVES DA SILVA|400.00
202208|19001299949|***.534.726-**|NEUZA MAGALHAES DOS SANTOS|400.00
202208|10719977646|***.812.006-**|NEUZA MARIA DOS SANTOS|400.00
202208|12212739550|***.171.546-**|NEWTON SANTOS SOARES|400.00
202208|21287432044||NEYANDERSON BARBOSA ALVES|400.00
202208|12297420864|***.398.856-**|NEZIA CASSIA DE OLIVEIRA|400.00
202208|23605577861|***.095.666-**|NICOLE GABRIELE LOPES DA SILVA|400.00
202208|23794488748|***.944.916-**|NICOLY INOCENCIA MIRANDA FERNANDES|401.00
202208|12168183718||NICOMEDES FERNANDES DA CRUZ|400.00
202208|23866831486|***.404.096-**|NILCE EFIGENIA DE ALMEIDA|400.00
202208|10734597115|***.644.096-**|NILDA MARIA SOARES|400.00
202208|21364971676||NILDE PIRES MARIANO GOMES|400.00
202208|20646550998|***.352.566-**|NILMA DIVINA DA CONCEICAO|400.00
202208|12582989098|***.531.956-**|NILSON RODRIGUES DOS SANTOS|400.00
202208|20330145066|***.412.166-**|NILZA MARIA FERREIRA ROCHA|400.00
202208|16554996827|***.774.276-**|NILZA ROSA DA SILVA|400.00
202208|20322728333|***.909.346-**|NIVEA CRISTINA|400.00
202208|20755093474|***.160.916-**|NIVIA CRISTINA APARECIDA DA CONCEICAO|526.00
202208|12791828119|***.277.856-**|NORALDINO DE SOUZA SANTOS|400.00
202208|12399127112|***.176.786-**|NORMA DA SILVA NASCIMENTO|400.00
202208|16554999591|***.050.406-**|NORMA PEREIRA CHAVES NOGUEIRA VIANA|400.00
202208|14553232541|***.172.626-**|NUBIA DOS SANTOS PEREIRA|400.00
202208|19036339963|***.555.036-**|NUBIA GABRIELA APARECIDA ALEME|400.00
202208|16584077625||NUBIA SANTANA VIEIRA DE OLIVEIRA|400.00
202208|16602565940|***.954.406-**|NUBIA TAIZ DIAS NICOLAU|400.00
202208|20923815494|***.858.786-**|ODILIA APARECIDA SIMAO|400.00
202208|21018194683|***.835.316-**|OGINALVA PEREIRA COSTA|400.00
202208|20161744294|***.152.406-**|ORISVALDO JOSE DA SILVA|400.00
202208|21041848449|***.305.136-**|PABLO CELDON DE LACERDA|400.00
202208|20336195553|***.049.686-**|PALOMA APARECIDA DIAS ANDRADE|400.00
202208|16602567978|***.813.476-**|PALOMA CAROLINA PAZ ROSA|400.00
202208|20660662625|***.203.156-**|PALOMA CATARINA SILVA GUIMARAES|400.00
202208|16624463830|***.166.756-**|PALOMA DANIELE DA SILVA TELESFORO|400.00
202208|20322742026|***.381.456-**|PALOMA KEILLA DE ANDRADE|400.00
202208|16561427743|***.252.306-**|PALOMA NAYARA MOREIRA|400.00
202208|20997073971|***.502.516-**|PALOMA NEVES DE ALMEIDA|400.00
202208|16632538542|***.817.286-**|PAMELA CAROLINE DA SILVA|400.00
202208|20185217855||PAMELA TAMARA APARECIDO|400.00
202208|16584115594|***.506.526-**|PAMELA VANESSA SILVA DA COSTA|400.00
202208|16078766520|***.586.166-**|PAMELA YASMIM DE OLIVEIRA SANTOS|400.00
202208|20459467810||PAMELLA IRINEIA RIBEIRO DA SILVA|400.00
202208|21030033694|***.160.526-**|PAOLA AMABELE RODRIGUES|400.00
202208|16647067125|***.405.336-**|PAOLA NATASHA DOS SANTOS MOREIRA|400.00
202208|16670348844|***.374.116-**|PAOLA ROCHA OLIVEIRA|400.00
202208|12583391099||PATRICIA ANDRADE|400.00
202208|20330142571|***.435.476-**|PATRICIA APARECIDA FONSECA|400.00
202208|20754348673||PATRICIA CORDEIRO DE MACEDO|400.00
202208|16555022192|***.394.196-**|PATRICIA CRISTINA DOS SANTOS|400.00
202208|20329624207|***.096.206-**|PATRICIA CRISTINA MARQUES DE ARAUJO|400.00
202208|16634687197|***.605.556-**|PATRICIA CRISTINA SILVA ALVES ROCHA|400.00
202208|16648792001|***.149.056-**|PATRICIA EMANUELE BRANDAO PEIXOTO|400.00
202208|16558843251|***.242.836-**|PATRICIA FERNANDES VIEIRA|400.00
202208|16646702498|***.587.086-**|PATRICIA IZIDORIO DE JESUS|400.00
202208|16603447488|***.079.626-**|PATRICIA LIMA DE OLIVEIRA|400.00
202208|16620832432|***.581.406-**|PATRICIA MOREIRA DE ALVARENGA|400.00
202208|12281420290|***.301.536-**|PATRICIA PAULA OLIVEIRA|400.00
202208|16630412509|***.050.416-**|PATRICIA PULCHERA DE SOUZA|400.00
202208|21335666879||PATRINY APARECIDA GONCALVES DA SILVA|400.00
202208|16653702643|***.092.146-**|PAULA BARBOSA FELIX|455.00
202208|16545130405|***.513.216-**|PAULA CRISTINA DEIRO|400.00
202208|16630412606|***.404.316-**|PAULA DAMIANA FERREIRA|400.00
202208|20329615747|***.868.986-**|PAULA DE JESUS MACHADO|400.00
202208|16602569083|***.782.796-**|PAULA JOSE PEREIRA FARIAS|400.00
202208|16584130240|***.556.556-**|PAULA KELES DIAS|400.00
202208|20923812908|***.372.796-**|PAULA LUANA MARIA DA CRUZ|400.00
202208|14205231896|***.623.516-**|PAULA MOREIRA DE ALVARENGA|400.00
202208|13000226094|***.111.466-**|PAULO CESAR ROSA|400.00
202208|10435435997|***.139.721-**|PAULO VITOR DA SILVA|400.00
202208|10263004195||PEDRO MATEUS DA SILVA|400.00
202208|17057466526||PEDRO PAULO MARQUES|400.00
202208|16560979319|***.044.626-**|PERPETUA DA PENHA SILVA SANTOS|400.00
202208|16659081616|***.157.216-**|PIEDADE DA CONCEICAO DE OLIVEIRA|400.00
202208|16646280836|***.911.426-**|PIEDADE DOS SANTOS MACHADO|400.00
202208|20332237995|***.436.756-**|PIETRO GABRIEL LOPES DIAS|400.00
202208|19029180334|***.704.246-**|POLIANA CAMILA PASTOR|639.00
202208|16644232818|***.603.666-**|POLIANA CRISTINA DA CRUZ FERREIRA|400.00
202208|16561452152|***.366.336-**|POLIANA MARA DE SOUZA|400.00
202208|16561452160|***.901.666-**|POLIANA MARIA DO CARMO SOUZA|400.00
202208|16555039907|***.613.186-**|POLIANA RAMOS DE OLIVEIRA|400.00
202208|20322720081|***.881.736-**|POLIANA SILVA AMORIM CARDINALI|400.00
202208|20329623421|***.588.326-**|POLIANA SILVA DE OLIVEIRA COSTA|400.00
202208|13049588127|***.034.126-**|POLIANE AUXILIADORA LIMA CASTRO|400.00
202208|20997082245|***.058.526-**|POLIANNA JORDAN FERREIRA DE AQUINO|400.00
202208|16604219004|***.490.526-**|POLLIANA KELLEN ROSA|400.00
202208|12699859100|***.044.736-**|POLLYANE KARINE TERENCIA DRUMOND GOMES|400.00
202208|20333489718|***.015.566-**|POLYANA FELICIANO ROCHA|400.00
202208|16620842713|***.196.616-**|POLYANE DO CARMO ANSELMO|400.00
202208|16561453353|***.329.086-**|PRISCILA APARECIDA DA CRUZ ENGRACIO|400.00
202208|16573403488|***.455.076-**|PRISCILA APARECIDA DOS SANTOS SILVA DE J|400.00
202208|16561454481|***.015.986-**|PRISCILA CARLOS DE MAGALHAES|400.00
202208|16604221645|***.563.666-**|PRISCILA CRISTINA PEREIRA ROSA MARIANO|400.00
202208|16561456611|***.827.776-**|PRISCILA DE OLIVEIRA SILVA|400.00
202208|16558915988|***.185.446-**|PRISCILA DO BONSUCESSO SILVESTRE|400.00
202208|20064971818|***.357.886-**|PRISCILA FERNANDA MOREIRA LEOCADIO|400.00
202208|16586603820|***.182.896-**|PRISCILA HERMANGERA DE OLIVEIRA|400.00
202208|20755084416|***.070.796-**|RAFAELA CAROLINE SANTOS ARAUJO|400.00
202208|13070891135|***.373.106-**|RAFAELA CRISTINA PEREIRA SANTOS|400.00
202208|20052020678|***.161.586-**|RAFAELA DE SOUZA RODRIGUES|400.00
202208|23705350672|***.718.186-**|RAFAELA FRANCISCA DIAS DOS SANTOS|400.00
202208|20329619459|***.586.546-**|RAFAELA GERALDA SANTIAGO DE FREITAS|400.00
202208|16582448634|***.756.536-**|RAFAELA KATIA CORREA|400.00
202208|20333484538|***.859.786-**|RAFAELA MARILAC DA SILVA|400.00
202208|16655899886|***.193.836-**|RAFAELA MARTINS DE SOUSA OLIVEIRA|400.00
202208|16634916250|***.839.896-**|RAFAELY CRISTINE ASSIS SOUZA|400.00
202208|16584206689|***.058.416-**|RAIANE VIRGINIA FERREIRA COSTA DE SOUZA|400.00
202208|16664818060|***.579.666-**|RAIMUNDA APARECIDA DOS REIS|400.00
202208|10684121961|***.881.456-**|RAIMUNDO NEREU|400.00
202208|16583637597||RAMAYANE KAROLINE FROES GOMES MARTINS|400.00
202208|16555078538|***.206.326-**|RANALE CORREIA DIAS|400.00
202208|16555078546|***.324.976-**|RANALY BARBARA NASCIMENTO|400.00
202208|16561490607||RANALY CARLA SEVERO DA SILVA|400.00
202208|16555078708|***.779.246-**|RANIELLE NATALIA SILVA CASSIMIRO|400.00
202208|20322724745|***.678.366-**|RANYELLE CAROLINE MARTINS SANTOS|400.00
202208|16561459726|***.193.756-**|RAPHAELA KENIA FLAVIANA SANTOS|400.00
202208|20997077675|***.892.896-**|RAPHAELLA CRISTINA FONSECA NAZARE|400.00
202208|23770631761|***.848.536-**|RAQUEL AUGUSTA FERREIRA|400.00
202208|16678268343|***.172.396-**|RAQUEL DA SILVA CAMPOS|400.00
202208|16565521876|***.454.376-**|RAQUEL DA SILVA DE ARAUJO|400.00
202208|20755096333||RAQUEL DE OLIVEIRA ASSIS|400.00
202208|16561486162|***.039.776-**|RAQUEL FELIX BARBOSA|400.00
202208|12823818113|***.986.376-**|RAQUEL LOBATO BARCELOS XAVIER|400.00
202208|16655912890|***.617.586-**|RAQUEL RODRIGUES DE AQUINO|400.00
202208|20329631572|***.452.456-**|RAYANE CRISTINA CASSIMIRO DE SOUZA|400.00
202208|16648235757|***.387.825-**|RAYANE GABRIELLE SILVA ALCANTARA|400.00
202208|23755634518|***.894.486-**|RAYANE MARCELA DE OLIVEIRA|400.00
202208|20997074854|***.405.646-**|RAYANE SOARES|400.00
202208|20380460631|***.047.036-**|RAYANE SOUZA DOS SANTOS|400.00
202208|16583000939|***.306.586-**|RAYLANDER AGANETI MENDES DOS SANTOS|400.00
202208|10795464557|***.543.816-**|RAYMUNDA DO PERPETUO SOCORRO|400.00
202208|10734281886||RAYMUNDO FRANCISCO DE SOUSA|400.00
202208|20322728163|***.553.246-**|RAYSSA APARECIDA MONTEIRO|400.00
202208|20383810102||REGIANE DE JESUS FERREIRA|400.00
202208|20396218673|***.911.456-**|REGINA APARECIDA PIRES CLAUDINO|400.00
202208|16587084304|***.513.076-**|REGINA AUGUSTA ALMEIDA DE JESUS|400.00
202208|20076789327|***.090.376-**|REGINA BERNARDO DA SILVA|400.00
202208|12650367123||REGINA CELIA CUNHA|400.00
202208|21286413356|***.902.756-**|REGINA CELIA DOS SANTOS CONCEICAO|400.00
202208|20322727299|***.914.896-**|REGINA DAS DORES ABEL|400.00
202208|16584273130|***.998.156-**|REGINA KATIA CORREA|400.00
202208|16561496575|***.474.366-**|REGINA POLONIA DOS SANTOS|400.00
202208|20336201413|***.116.186-**|REGINALDA APARECIDA DE ALMEIDA SANTOS|400.00
202208|20322720952|***.911.726-**|REGINALDO JAIME DA SILVA|400.00
202208|16624470713|***.013.596-**|REINAQUE APARECIDA MOREIRA SANTOS|400.00
202208|16602574923|***.671.086-**|REJANE FERREIRA DE MORAIS|400.00
202208|20322730095|***.829.996-**|RENATA ALVES|400.00
202208|16623337033|***.737.406-**|RENATA APARECIDA BRITO|400.00
202208|20336201405|***.328.136-**|RENATA APARECIDA DE ALMEIDA SANTOS|400.00
202208|16555091240|***.905.206-**|RENATA APARECIDA OLIVEIRA|400.00
202208|20646550122|***.591.786-**|RENATA BARBOSA BATISTA DOS SANTOS|400.00
202208|23615829146|***.139.706-**|RENATA CRISTINA GOMES|400.00
202208|20329612209|***.202.886-**|RENATA CUPERTINO BENTO|400.00
202208|23605138833|***.511.896-**|RENATA DE LOURDES DIAS|400.00
202208|16586655111|***.475.896-**|RENATA FERREIRA ARAUJO|400.00
202208|16644340521|***.917.766-**|RENATA MAGALI DA SILVA VALENTINO|400.00
202208|16613085635|***.069.196-**|RENATA MAIMARTE PINTO|400.00
202208|20322738592|***.646.126-**|RENATA MENDONCA MARTINS|400.00
202208|20755088160|***.925.486-**|RENATA NAZARE MAGALHAES|400.00
202208|12639983387|***.369.611-**|RENATA RIBEIRO DE SOUZA|400.00
202208|16661053934|***.903.446-**|RENATA VIEGA DO NASCIMENTO SILVA|400.00
202208|12419768797|***.557.306-**|RENATO MENDONCA FERREIRA|400.00
202208|17054294384|***.705.236-**|RENATO SOARES DE ANDRADE|400.00
202208|16687896025|***.203.396-**|RENILDA APARECIDA BRAGA RODRIGUES|400.00
202208|12843575097|***.767.036-**|RITA DE CASSIA GOMES|400.00
202208|16627352738|***.523.646-**|RITA DE CASSIA PINTO|400.00
202208|12686815088|***.585.025-**|RITA DE CASSIA SANTOS FELIX|400.00
202208|12282438290|***.372.366-**|RITA DE CASSIA SANTOS LOPES|400.00
202208|12349522204|***.342.476-**|RIVELINO LACERDA DOS SANTOS|400.00
202208|16620868976|***.676.186-**|ROBERTA CAROLINA BARBOSA LIMA|400.00
202208|16614869540|***.049.326-**|ROBERTA CRISTINA DA SILVA CRUZ|400.00
202208|20997082903|***.587.556-**|ROBERTA CRISTINA DE FREITAS ENGRACIA|400.00
202208|20322736948|***.203.096-**|ROBERTA CRISTINA SILVA ARAUJO|400.00
202208|20161742836|***.633.136-**|ROBERTA MENDONCA FERREIRA|400.00
202208|20322719717|***.614.066-**|ROBERTO ALVES|400.00
202208|20329612624|***.140.346-**|ROBERTO BENTO FERNANDES|400.00
202208|20086009367|***.918.416-**|ROBERTO DIAS FONSECA|400.00
202208|15516471501||ROBERTO TEIXEIRA DOS REIS|400.00
202208|12360992629|***.240.276-**|ROBSON DAS GRACAS SILVEIRA|400.00
202208|20755102058|***.302.316-**|RONALD FERREIRA ARCANJO|400.00
202208|12518677846|***.582.936-**|RONEY ALVES RAMOS|400.00
202208|12343915107||RONILDO FIDELES DOS SANTOS|400.00
202208|13044659107|***.160.936-**|RONILSON OLIVEIRA PERDIGAO|400.00
202208|16582571851|***.919.016-**|RONY RODRIGUES MACHADO|400.00
202208|12106810220|***.058.006-**|ROSA ALVES MOREIRA|400.00
202208|19008588792|***.812.816-**|ROSA APARECIDA VIEIRA DE SENA|400.00
202208|16555132060|***.338.476-**|ROSA HELENA ALVES|400.00
202208|16665370004|***.903.086-**|ROSA MARIA FONSECA|400.00
202208|16665098444|***.646.456-**|ROSAINE APARECIDA DE SOUZA|455.00
202208|16648958333|***.736.566-**|ROSAINE CELY NUNES|400.00
202208|20362571907|***.159.966-**|ROSALINA DA PIEDADE|400.00
202208|20336203432|***.277.346-**|ROSANA APARECIDA NASCENTE|400.00
202208|20755093105||ROSANA CRISTINA DE OLIVEIRA|400.00
202208|16584387276|***.169.576-**|ROSANA MARIA DA SILVA|400.00
202208|16661597136|***.641.966-**|ROSANA NAZARE SANCHES|400.00
202208|20613176833|***.161.906-**|ROSANA SOUSA CARVALHO|400.00
202208|16582587553|***.102.036-**|ROSANE APARECIDA DA SILVA|400.00
202208|16555144417|***.362.486-**|ROSANE FERREIRA DOS SANTOS|400.00
202208|20923814102|***.010.096-**|ROSANGELA CATARINA ALVES FONSECA|400.00
202208|12667167092|***.757.536-**|ROSANGELA CRISTINA DE LIMA SILVA|400.00
202208|20333486166|***.751.686-**|ROSANGELA DA COSTA PIEDADE|400.00
202208|12464143725|***.261.486-**|ROSANGELA DA SILVA EVANGELISTA|400.00
202208|12682734121|***.657.636-**|ROSANGELA DA SILVA FREITAS|400.00
202208|21363960867||ROSANGELA DE ARAUJO|400.00
202208|16602579429|***.959.696-**|ROSANGELA DE OLIVEIRA|400.00
202208|20352947335|***.211.556-**|ROSANGELA MARIA DA SILVA|400.00
202208|16559167284|***.989.026-**|ROSANGELA MARIA NASCIMENTO TORRES|400.00
202208|12337539247|***.183.086-**|ROSANIA APARECIDA DA SILVA|400.00
202208|16659241036|***.715.996-**|ROSELAINE MENDONCA FERREIRA|400.00
202208|13383684341|***.572.366-**|ROSELI APARECIDA ELIAS|400.00
202208|20330140773|***.152.386-**|ROSELI APARECIDA RAMOS|400.00
202208|12691072098|***.501.546-**|ROSELI DA FONSECA FERREIRA|400.00
202208|20997079198|***.233.826-**|ROSELI GONCALVES DE OLIVEIRA|335.00
202208|20329629446|***.536.926-**|ROSELITA PEREIRA NASCIMENTO|400.00
202208|17041817235|***.215.176-**|ROSEMARY DE JESUS SIMAO|400.00
202208|16561553129|***.296.466-**|ROSEMARY FRANCISCA DA SILVA MARCAL|400.00
202208|12234820008|***.007.406-**|ROSEMARY NONATA BATISTA OLIVEIRA|400.00
202208|16661068028|***.388.166-**|ROSEMARY PIEDADE SILVA|400.00
202208|16624477009|***.990.176-**|ROSEMEIRE MARIA DA COSTA|400.00
202208|20131867754|***.325.026-**|ROSEMEIRE PAULA SIQUEIRA FRAGA|400.00
202208|23753750979||ROSEMEIRE PEREIRA BARBOSA|400.00
202208|20336194042|***.522.426-**|ROSEMEIRE XISTO DE CASTRO VIEIRA|400.00
202208|12768928129|***.749.256-**|ROSENI DA CONCEICAO SIMOES|400.00
202208|20322737677|***.727.976-**|ROSENI LUIZA DAS GRACAS SILVA|400.00
202208|16602580605|***.332.916-**|ROSIANE APARECIDA SOARES|400.00
202208|16555154587|***.975.036-**|ROSIANE DAS GRACAS SANTOS FERREIRA|400.00
202208|16555154560|***.007.376-**|ROSIANE FERREIRA DOS SANTOS|400.00
202208|20336193577|***.446.226-**|ROSIELE DA SILVA|400.00
202208|16602580753|***.762.926-**|ROSILAINE APARECIDA DOS SANTOS|400.00
202208|13014755094|***.240.246-**|ROSILANE GONCALVES DA SILVA|400.00
202208|20059109232|***.636.265-**|ROSILANGELA NASCIMENTO DOS SANTOS|400.00
202208|20351034956|***.208.536-**|ROSILENA OZETE DA CONCEICAO DOS SANTOS|400.00
202208|12610709139|***.036.246-**|ROSILENE APARECIDA DE OLIVEIRA|400.00
202208|12731213134|***.476.316-**|ROSILENE APARECIDA DIAS|400.00
202208|16602580974|***.691.866-**|ROSILENE APARECIDA DOS SANTOS|400.00
202208|20923813998|***.438.626-**|ROSILENE CRISTIANE RUFINO|400.00
202208|12834377113|***.293.266-**|ROSILENE FERREIRA|400.00
202208|23621240892|***.087.536-**|ROSILENE FREITAS NATIVIDADE|400.00
202208|20322722653|***.441.076-**|ROSILENE MARIA CARVALHO|400.00
202208|16660224832|***.307.536-**|ROSILENE MAYRE PATROCINIO|400.00
202208|16659503847|***.181.956-**|ROSILENE NEIVA DE SOUZA RODRIGUES|400.00
202208|12498587634|***.265.556-**|ROSIMAR IZABEL DE OLIVEIRA|400.00
202208|20222028984|***.034.116-**|ROSIMAR LIMA DOS SANTOS|400.00
202208|12495498509|***.426.276-**|ROSIMEIRE APARECIDA MARTINS FERREIRA|400.00
202208|20161741902|***.945.196-**|ROSIMEIRE APARECIDA VENTURA|400.00
202208|20333486204|***.840.006-**|ROSIMEIRE DA COSTA PIEDADE|400.00
202208|16666988443|***.359.306-**|ROSIMEIRE DE SOUZA SILVA|400.00
202208|16624477688|***.410.036-**|ROSIMEIRE MARIA DOS SANTOS|400.00
202208|12395629229|***.412.276-**|ROSINEY APARECIDA ROSA|400.00
202208|20322724729|***.760.726-**|ROSYLENE PEREIRA|400.00
202208|21030033023|***.960.626-**|ROXANE OLIVEIRA DE SOUZA|400.00
202208|20336199532|***.563.966-**|ROZIANE APARECIDA DE SOUZA|565.00
202208|16583329116|***.602.606-**|ROZILEIA CRISTINA PIEDADE|400.00
202208|12957883114|***.829.306-**|RUBIA RAFAELA MAGALHAES SANTOS|400.00
202208|16661072599|***.016.046-**|RUTE PATRICIA PERDIGAO|400.00
202208|16586736278|***.621.226-**|RUTE SALES DA SILVA|400.00
202208|21349295665||RUTH CRISTINA RIBEIRO DE JESUS|400.00
202208|12581052130|***.466.206-**|RUTH DE ALENCAR|400.00
202208|12738450115|***.060.076-**|RUTH MARY SOUZA PENIDO|400.00
202208|13444207874||SABRINA APARECIDA REIS DE OLIVEIRA|400.00
202208|16591188836|***.004.846-**|SABRINA CRISTINA COELHO|400.00
202208|16584437311|***.795.176-**|SABRINA JULIA VIEIRA COSTA|400.00
202208|20755096309|***.137.336-**|SABRINA REGINA SILVA|400.00
202208|16590538809|***.694.966-**|SABRINA RIBEIRO VIEIRA|400.00
202208|20699257756|***.269.446-**|SALETE PIRES MOREIRA|400.00
202208|12786785105||SALLY ALVES FERREIRA|400.00
202208|16582622669|***.948.326-**|SALLY REGINA DE SOUZA GOMES|400.00
202208|16583342082|***.004.456-**|SAMARA CRISTINA DE OLIVEIRA SOUZA|400.00
202208|16602582624|***.463.636-**|SAMARA DE OLIVEIRA ROSA|400.00
202208|16584443265|***.452.826-**|SAMARA RAYANE DAS DORES|400.00
202208|16583341671|***.505.426-**|SAMARA SILVA DE OLIVEIRA|400.00
202208|13045471292|***.130.707-**|SAMILA GONCALVES LABRE|400.00
202208|16561579942|***.061.226-**|SAMILA PEREIRA MAGALHAES|400.00
202208|16635691600|***.837.736-**|SAMIRA DE SOUZA PEREIRA SANTOS|400.00
202208|16652612055|***.327.716-**|SAMIRA SILVA GONCALVES|400.00
202208|16555174006|***.139.156-**|SANDRA AUGUSTA ANDRADE|400.00
202208|16669904852|***.815.436-**|SANDRA CRISTINA DIAS SANTOS|400.00
202208|16650811476|***.508.197-**|SANDRA DE SOUZA CAMARGOS|400.00
202208|16661957051|***.504.336-**|SANDRA DOS REIS FONTANA|400.00
202208|16683509418|***.268.216-**|SANDRA ELAINE RODRIGUES DOS SANTOS|400.00
202208|12274495256|***.407.206-**|SANDRA LUCIA DOS SANTOS|400.00
202208|16602582896|***.185.496-**|SANDRA MARIA DE OLIVEIRA COSTA|400.00
202208|16630441630|***.846.636-**|SANDRA MARIA DIAS CORREIA|400.00
202208|12797895128|***.179.196-**|SANDRO EMANUEL COELHO JACOME MOREIRA DUA|400.00
202208|16583349052|***.526.786-**|SANIA ALVES GARGANO DIAS|400.00
202208|12535174547|***.968.366-**|SANTA AMANCIO DA SILVA|400.00
202208|20161746394|***.019.856-**|SARA ALMEIDA GOMES|400.00
202208|12720296092|***.926.966-**|SARA CRISTINA GOMES GONCALVES|400.00
202208|16584470971|***.826.366-**|SARINE KATIA DE FREITAS|400.00
202208|16583350689|***.442.646-**|SARINY MAYRE RODRIGUES DE OLIVEIRA|400.00
202208|12422586645|***.690.316-**|SAYONARA VALERIA DA SILVA|400.00
202208|16219207522|***.353.016-**|SCARLAT ESTEFANE REIS DA SILVA|400.00
202208|16237484907|***.808.796-**|SCARLATY BHRENDA BARBOSA PIRES RODRIGUES|400.00
202208|20410317637||SCARLET BATISTA AIMORES|400.00
202208|16211791330|***.489.626-**|SCARLLETH DA CONCEICAO RODRIGUES DE SOUZ|400.00
202208|12780034132|***.106.296-**|SEBASTIANA BATISTA DE OLIVEIRA|400.00
202208|20476231005|***.622.060-**|SHEILA POLIANA SILVA MUNIZ|400.00
202208|16602603796|***.896.916-**|SHIRLEY DOS SANTOS MACHADO FONSECA|400.00
202208|12598404132|***.537.606-**|SIDNEY DE LOURDES NASCENTE|400.00
202208|12228338402|***.850.996-**|SIDONIO MARTINS BARBOSA|400.00
202208|20329638151|***.320.806-**|SILAINE APARECIDA DOS SANTOS|400.00
202208|12627625103|***.394.236-**|SILVANA APARECIDA DE PAULA|400.00
202208|20659396593|***.830.206-**|SILVANA CORREIA|400.00
202208|16584558968|***.706.486-**|SILVANA DOS SANTOS|400.00
202208|20322731180|***.273.456-**|SILVANA LUCIA DA COSTA SANTOS|400.00
202208|12688486111|***.322.656-**|SILVANA LUIZA FERNANDES DA ROCHA|400.00
202208|16583098130|***.544.916-**|SILVANA MARIA DOS ANJOS|400.00
202208|12587314889||SILVANA REIS DE OLIVEIRA|400.00
202208|20755089701|***.033.996-**|SILVANIA CRISTINA DE FREITAS SILVA|400.00
202208|16583099099|***.772.576-**|SILVANIA DA CONSOLACAO DOS SANTOS|400.00
202208|16624484056|***.771.476-**|SILVANIA DAS DORES AMARO|400.00
202208|20322722882|***.538.766-**|SILVANIA DIAS DUARTE|400.00
202208|20322728368|***.577.506-**|SILVANIA ELEODORA|400.00
202208|16561615892|***.827.146-**|SILVANIA MARIA DA SILVA|400.00
202208|20706943826||SILVANIA PEREIRA DA COSTA|455.00
202208|20322738290|***.850.046-**|SILVIA APARECIDA DIAS|400.00
202208|16646493201|***.368.726-**|SILVIA GRACIELLA DA SILVA|400.00
202208|16583100593|***.090.626-**|SILVIA MARIA DE SOUZA OLIVEIRA|400.00
202208|12761203110|***.070.406-**|SILVIA MARIA DOS SANTOS|400.00
202208|12246956953||SILVIO DE FATIMA BARBOSA|400.00
202208|16583090660|***.663.196-**|SIMONE APARECIDA DE SOUZA|400.00
202208|16641498906|***.643.826-**|SIMONE APARECIDA DIAS DOS SANTOS|400.00
202208|12430302723|***.541.236-**|SIMONE APARECIDA SANTOS LEAL|400.00
202208|16583369053|***.237.886-**|SIMONE CIRILO CANDIDO|400.00
202208|16602586379|***.430.926-**|SIMONE COELHO DE AVELAR|400.00
202208|16555207834|***.954.746-**|SIMONE DA PIEDADE SACRAMENTO|400.00
202208|20336197297|***.538.586-**|SIMONE DAS GRACAS COELHO|400.00
202208|13025744102|***.704.416-**|SIMONE DE LOURDES SILVA|400.00
202208|20052486375|***.528.866-**|SIMONE DONINA RODRIGUES|400.00
202208|16656319298|***.605.316-**|SIMONE DOS SANTOS|400.00
202208|20329631173|***.176.006-**|SIMONE DOS SANTOS REIS|400.00
202208|16555208520|***.969.116-**|SIMONE LOURDES SILVA|400.00
202208|12596437114||SIMONE MARIA TRINDADE|400.00
202208|16583089409|***.307.006-**|SIMONE MARILAC DA SILVA DOMINGOS|400.00
202208|20322739157||SIMONE NONATA DOS SANTOS|400.00
202208|20351031213|***.338.046-**|SIMONE TEIXEIRA LEAO|400.00
202208|16604719392|***.722.466-**|SINARA CARLA GOMES DA FONSECA|400.00
202208|20322739149|***.871.156-**|SIONE DA PIEDADE SANTOS|400.00
202208|16686691543|***.173.046-**|SIRLAINE APARECIDA NASCENTE|400.00
202208|16555213923|***.892.236-**|SIRLENE APARECIDA GOMES|400.00
202208|16583373891|***.215.626-**|SIRLENE FATIMA DE SOUZA OLIVEIRA|400.00
202208|20351033798||SIRLENE SILVA ROSA|400.00
202208|16662152936|***.703.766-**|SIRLEY CAETANO|400.00
202208|20322738118|***.923.236-**|SOLANGE ANGELA LUCIO|400.00
202208|16561620454|***.006.566-**|SOLANGE CRISTINA DOS SANTOS|400.00
202208|16614212789|***.328.916-**|SOLANGE OLIVEIRA DOS SANTOS AUGUSTO|520.00
202208|20396211768|***.541.686-**|SOLANGE ROCHA ALVES|400.00
202208|20476228535|***.986.006-**|SOLANJE APARECIDA ELIAS|400.00
202208|12611872122|***.055.186-**|SONIA ARCANJO MARTINS|400.00
202208|12636048091|***.705.706-**|SONIA CRISTINA DOS SANTOS|400.00
202208|16655971943|***.717.286-**|SONIA CRISTINE OLIVEIRA DE AQUINO|400.00
202208|12282011319|***.730.166-**|SONIA EMILIA ROCHA DE ASSIS|400.00
202208|21305765283||SONIA MARIA BARBOSA|400.00
202208|16555229080|***.344.876-**|SONIA MARIA DA COSTA|400.00
202208|14750971274|***.842.776-**|SONIA MARIA PEREIRA DOS SANTOS|400.00
202208|16078835646|***.407.136-**|SORAY DE OLIVEIRA|400.00
202208|16285282391|***.155.646-**|STEFANE CRISTINA OLIVEIRA SOUZA|400.00
202208|20947445549|***.902.516-**|STEFANE INIS REIS MORAIS|400.00
202208|16348839541|***.807.566-**|STEFANE MARIA DOS SANTOS PEREIRA|400.00
202208|20336195588|***.124.106-**|STEFANIA FERREIRA DIAS ANDRADE|400.00
202208|21314320639||STEFANY GABRIELLE SOARES LOPES|400.00
202208|16296709405|***.722.306-**|STEFANY TATIANE DOS SANTOS|400.00
202208|20997072312|***.366.026-**|STTEFANY PRISCILA BARBOSA SOUZA|400.00
202208|20333486352|***.076.466-**|SUELEM NAIARA DE SOUZA|400.00
202208|16582721586|***.698.556-**|SUELEN FERNANDES FERREIRA DA SILVA|400.00
202208|20329638232|***.911.996-**|SUELI DA CONCEICAO PINTO RAMOS|400.00
202208|20755089728|***.993.226-**|SUELI RODRIGUES DOS SANTOS|400.00
202208|21349319955||SUELLEN CRISTINA DOS SANTOS COELHO|400.00
202208|12513788828|***.933.066-**|SUELY ANTONIA PORTO|400.00
202208|12688554125|***.314.166-**|SUELY DA SILVA GONCALVES|400.00
202208|12722300097|***.785.126-**|SUELY DE FATIMA CAMILO|400.00
202208|20052480350|***.090.376-**|SUELY FERNANDES|400.00
202208|20655428407|***.896.346-**|SUELY GERALDA DE SOUZA|400.00
202208|10734595678||SUELY INACIA MENDES SANTOS|400.00
202208|16660717340|***.767.906-**|SUELY OLIVEIRA DOS SANTOS AUGUSTO SILVA|400.00
202208|16626392434|***.643.186-**|SUELY ROSALINA DA CONCEICAO MOREIRA REIS|400.00
202208|20755097232|***.383.006-**|TAIANDY AMANDA COSTA GONCALVES|400.00
202208|16601716813|***.644.566-**|TAIANE MARCELINA|400.00
202208|15629683768|***.925.666-**|TAINA LORRAYNE EVANGELISTA SOUZA|400.00
202208|16583394740|***.823.986-**|TAINA RODRIGUES DOS SANTOS|400.00
202208|16633630566|***.472.996-**|TAIS LUCIA DA SILVA|400.00
202208|20673291698|***.062.956-**|TAIS MARTINS PINHEIRO SILVA|400.00
202208|16644622756|***.927.966-**|TAIS STEFANIA OLIVEIRA DA SILVA|400.00
202208|16594572904|***.157.806-**|TALES ELIAS DE PAULA|400.00
202208|16620922903|***.926.816-**|TALHA PIEDADE SOARES|400.00
202208|20185218630||TALIA CONCEICAO DE FREITAS|400.00
202208|16624486873|***.111.876-**|TALITA PAULA LOPES|400.00
202208|16588812370|***.084.326-**|TAMARA CRISTINA DE LIMA|400.00
202208|20322724842|***.685.716-**|TAMARA CRISTINA SANTOS|400.00
202208|23724770215|***.038.246-**|TAMARA MARIA MARTINS XAVIER|400.00
202208|21042240126||TAMARA MENDES DOS SANTOS NONATO|400.00
202208|21289634221|***.312.436-**|TAMARA PEREIRA DE SOUZA|400.00
202208|16620925562|***.523.996-**|TAMIRES DA SILVA SANTOS|400.00
202208|16583404126|***.476.896-**|TAMIRYS ELIAS ALVES|400.00
202208|16582751434|***.704.576-**|TAMYRES NAYARA FONSECA|400.00
202208|16584633617|***.152.296-**|TANIA CRUZ MACIEIRA|400.00
202208|20329621771|***.140.836-**|TANIA DE OLIVEIRA FERREIRA BARBOSA|400.00
202208|20161743638|***.111.446-**|TANIA MARIA EVANGELISTA SILVA|400.00
202208|20415663584|***.686.876-**|TASSIA BEATRIZ PEREIRA PORTO|400.00
202208|20755089868|***.822.606-**|TATIANA APARECIDA FERREIRA|400.00
202208|12857454130|***.628.776-**|TATIANA CARRION CARDOZO|400.00
202208|16559494420|***.674.106-**|TATIANA CONCEICAO SILVA NACITO|400.00
202208|20322726047|***.840.426-**|TATIANA CRISTINA DA COSTA|400.00
202208|16555263564|***.745.996-**|TATIANA DE OLIVEIRA BATISTA|400.00
202208|16582760263|***.243.806-**|TATIANA FERNANDA DE SOUZA|400.00
202208|16587209662|***.680.496-**|TATIANA MARCIA DE JESUS COSTA ALMEIDA|400.00
202208|20052483880|***.966.126-**|TATIANE APARECIDA FERREIRA DAS GRACAS|400.00
202208|16661103192|***.304.706-**|TATIANE CAROLINA NAZARET DA SILVA|400.00
202208|16559505767|***.627.766-**|TATIANE CRISTINA NASCIMENTO TORRES|400.00
202208|16583122481|***.268.706-**|TATIANE DA PIEDADE SOARES|400.00
202208|14317656279|***.171.476-**|TATIANE GONCALVES|400.00
202208|16669806621|***.251.336-**|TATIANE SILVA DE OLIVEIRA|400.00
202208|16583410576|***.734.646-**|TATIELE TEIXEIRA SIMOES|455.00
202208|16654323387|***.460.536-**|TAYNARA ALMEIDA FRANCISCO|400.00
202208|16650370895|***.637.456-**|TAYNARA PEREIRA ENGRACIO DA COSTA|400.00
202208|16583396905|***.575.186-**|TAYSSA DE SOUZA ANTERO|400.00
202208|20333488045|***.792.286-**|TELMA THAIS JULIO|400.00
202208|12488196527||TELMO EMILIANO DA SILVA|400.00
202208|20322729720|***.203.986-**|TEREZA DAMASCENO DE ARAUJO|400.00
202208|12585233121|***.338.496-**|TEREZINHA BONSUCESSO FONSECA DE OLIVEIRA|400.00
202208|16586850984|***.269.266-**|TEREZINHA CARLOS ELEODORO|400.00
202208|16630460856|***.819.996-**|TEREZINHA MARIA PEREIRA|400.00
202208|16624488892|***.555.516-**|TEREZINHA PAIXAO SOUZA PEREIRA|400.00
202208|12952667111||TEREZINHA PEREIRA DE JESUS|400.00
202208|20755091633||THACIANY GERALDA FIGUEREDO|400.00
202208|20396217502|***.998.546-**|THAILISSE OLIVEIRA DE ARAUJO|400.00
202208|16621471468|***.452.686-**|THAINA LAISA MARTINS|400.00
202208|23799157391|***.062.246-**|THAIS BRANDAO DE MORAIS|400.00
202208|16584610900|***.629.836-**|THAIS CRISTINA DOS SANTOS COELHO|400.00
202208|16620921028|***.420.976-**|THAIS DE ALMEIDA MARQUES|400.00
202208|20322734910|***.596.096-**|THAIS ESTEFANI DOS SANTOS COSTA|400.00
202208|16544485021|***.420.826-**|THAIS MUNIZ SANTOS|400.00
202208|20329629314|***.814.526-**|THAIS RAFAELA DA SILVA RIBEIRO|400.00
202208|20329633257||THAISA DA SILVA RODRIGUES|400.00
202208|16647133764|***.412.556-**|THAISSA CRISTINA HENRIQUES BARBOSA PIRES|400.00
202208|15793604271|***.001.076-**|THALITA DE LOURDES PEIXOTO BOM SUCESSO|400.00
202208|20755094624|***.783.616-**|THAMARA CRISTINA PAULA SILVA SANTOS|400.00
202208|16569212568|***.124.406-**|THAMIRIS LUIZA DE SOUZA DUTRA|400.00
202208|16583405440|***.116.556-**|THAMYRIS SANTOS VIEIRA|400.00
202208|20755092036||THAYANE GABRIELLE ONOFRE MARTINS|400.00
202208|16624485575|***.891.086-**|THAYARA HEREDIA PEREIRA|400.00
202208|14782206891||THAYLA APARECIDA DA SILVA MARTINS|400.00
202208|13390352626|***.073.227-**|THAYNAH VENTURINE D AVILA|400.00
202208|20111584528|***.588.606-**|THAYNARA ROSANGELA DOS SANTOS MARTINS|400.00
202208|20329614864||THAYZE GUEDES DA CRUZ|400.00
202208|21338466978||THIAGO AUGUSTO DO COUTO|400.00
202208|20755079528|***.897.156-**|THOMAZ HENRIQUE LOPES VIEIRA|400.00
202208|17012467841|***.881.556-**|TULIO MARCIO DO AMARAL|400.00
202208|12446480391||ULISSES ALVES DE SOUZA|400.00
202208|20124269111|***.693.976-**|URSULA DANIELE VIANA|400.00
202208|20729186657|***.603.616-**|URSULA GONCALVES SOARES|400.00
202208|12672802116|***.525.406-**|VALDEK DELFINO DA CUNHA JUNIOR|400.00
202208|14542682273|***.458.075-**|VALDEZ CONCEICAO DE JESUS|400.00
202208|16605185006|***.918.006-**|VALDEZITA FRANCISCA DE SOUZA|400.00
202208|20997073963|***.074.676-**|VALDILENE NEVES DE SOUZA|400.00
202208|20336203424|***.984.846-**|VALDIRENE DA CONCEICAO NASCENTE|400.00
202208|16657946601|***.862.686-**|VALDIRENE DAS NEVES|400.00
202208|16693172041|***.761.186-**|VALDIRENE DE SOUZA CARLOS|400.00
202208|20396215453|***.693.626-**|VALDIRIANA SILVA MACIEL|400.00
202208|20997077195|***.653.906-**|VALENIA MARCIANA OLIVEIRA SANTOS|400.00
202208|20086005949|***.157.046-**|VALERIA APARECIDA DA FONSECA DE OLIVEIRA|400.00
202208|16624490757|***.836.646-**|VALERIA APARECIDA XAVIER|400.00
202208|20340832295|***.606.625-**|VALERIA CARDOSO DE SOUZA MORAIS|400.00
202208|20322723536|***.606.106-**|VALERIA KELLY COSTA DIAS|400.00
202208|16620939237|***.451.946-**|VALERIA MADALENA DE OLIVEIRA NOGUEIRA|400.00
202208|20330142180|***.733.876-**|VALQUIRIA FREITAS DOS SANTOS|400.00
202208|12297421070|***.733.216-**|VANDA LUCIA DE SOUZA|400.00
202208|12766701097|***.749.716-**|VANDA LUIZA LUCIANO|400.00
202208|16658309915|***.354.816-**|VANDA MARIA DOS REIS OLIVEIRA|424.00
202208|12106810026|***.568.186-**|VANDA RAIMUNDA DA SILVA MACHADO CUSTODIO|400.00
202208|12535007500|***.972.796-**|VANDEIR DE JESUS|400.00
202208|15158899901|***.055.306-**|VANDERLEIA DE FATIMA MOREIRA|400.00
202208|16620942718|***.012.256-**|VANDREIA DE LOURDES RESENDE|400.00
202208|16613357392|***.469.776-**|VANEIDE DE JESUS OLIVEIRA|400.00
202208|16555315351|***.786.176-**|VANESA DE LURDES NASCENTE|400.00
202208|12488197515|***.866.046-**|VANESSA CRISTINA DE SENA|400.00
202208|16661113635|***.471.726-**|VANESSA DA PIEDADE REZENDE|400.00
202208|13052745122|***.491.296-**|VANESSA DE FREITAS LOPES|400.00
202208|20322717587|***.561.786-**|VANESSA LUANA DA SILVA|400.00
202208|20322733426|***.982.636-**|VANESSA RODRIGUES DA SILVA|400.00
202208|12395628516||VANESSA SOARES SILVIANO|400.00
202208|12912899135||VANETE APARECIDA DE SENA|400.00
202208|16627043107|***.474.906-**|VANETE NAZARE PIRES|400.00
202208|16626402723|***.131.176-**|VANILDA MARTA MOREIRA|400.00
202208|16661985071|***.708.866-**|VANILDE APARECIDA DE FREITAS GOMES|400.00
202208|16555317745|***.879.356-**|VANILDE DE JESUS SENA BATISTA|400.00
202208|12993920091|***.413.866-**|VANIMAYRE AQUINO NOGUEIRA SOARES|400.00
202208|16057534396|***.961.586-**|VANONE VIRGULINO DE SOUZA|400.00
202208|12708956134|***.041.396-**|VANUZA DUARTE DE QUEIROZ|400.00
202208|12752804107|***.053.186-**|VARLENE VENTURA SILVIANO|400.00
202208|16555334348|***.890.236-**|VAVIANA LUCILENA SANTOS DE SOUZA|400.00
202208|16555343150|***.447.636-**|VENICIA MAGALHAES RAMOS|400.00
202208|16559712231|***.211.106-**|VERA LUCIA DA SILVA SENA|400.00
202208|16555343762|***.026.606-**|VERA LUCIA DE LIMA|400.00
202208|16561722575|***.026.806-**|VERA LUCIA DOS SANTOS|400.00
202208|16624495376|***.435.966-**|VERA LUCIA SILVA|400.00
202208|16649235467|***.191.526-**|VERA MARIA DA SILVA|400.00
202208|12037239973|***.011.946-**|VICENTE ANTONIO DA SILVA|400.00
202208|12297401053|***.733.796-**|VICENTE DE PAULO RODRIGUES|400.00
202208|16652503876|***.651.783-**|VICTORIA CHRISTINE COSTA CALDAS|400.00
202208|20322723544|***.785.336-**|VICTORIA LEILIANE DE LIMA VIANA|400.00
202208|20997080544|***.563.666-**|VILMA APARECIDA CALADO ROSA|400.00
202208|20322733442|***.738.086-**|VILMA APARECIDA PEREIRA|400.00
202208|16646752010|***.116.176-**|VILMA CATARINA MARQUES|400.00
202208|16586960658|***.987.416-**|VILMA DA PIEDADE DAS DORES|400.00
202208|20755091471|***.782.016-**|VILMA MARIA DOS SANTOS SOBRINHA|400.00
202208|23608253269|***.087.846-**|VILMA PINTO DOS REIS CAMPOS|400.00
202208|16632788085|***.786.506-**|VITORIA AUGUSTA DOS SANTOS|400.00
202208|21353181342||VITORIA CRISTINA OLIVEIRA SILVA|400.00
202208|16602601963|***.742.576-**|VITORIA DE FATIMA REIS DE CARVALHO|400.00
202208|20329623057|***.907.546-**|VITORIA DE OLIVEIRA SOUZA|400.00
202208|20643572990|***.799.186-**|VITORIA LAIS BENICIO|400.00
202208|21276875101|***.238.116-**|VITORIA MADALENA MENDES|400.00
202208|20322727736|***.426.686-**|VIVIANE CRISTINA PEREIRA|400.00
202208|20646550408|***.553.996-**|VIVIANE CRISTINA SOARES|400.00
202208|12643997095|***.811.036-**|VIVIANE DOS SANTOS CABRAL|400.00
202208|16674404390|***.505.256-**|VIVIANE FERREIRA SANTOS|400.00
202208|16555373181|***.520.896-**|VIVIANE JAQUELINE DE OLIVEIRA|400.00
202208|20333486298|***.430.666-**|VIVIANE MARIA FERREIRA DO SOCORRO|400.00
202208|12687395112|***.761.746-**|VIVIANE PEREIRA|400.00
202208|16666370245|***.842.826-**|VIVIANE SANTOS DA SILVA|400.00
202208|10734161104|***.168.676-**|WAGNER ESTEVAM DA CRUZ|400.00
202208|12382944511|***.142.946-**|WAGNER NOGUEIRA DOS SANTOS|400.00
202208|10734596569|***.542.176-**|WALDIR AGOSTINHO|400.00
202208|16583451264|***.974.096-**|WALDIRENE FERREIRA|400.00
202208|16582845560|***.704.536-**|WALDIRENE RAIMUNDA MACHADO|400.00
202208|12723341110||WALISSON LOPES MACHADO|400.00
202208|20396215747||WALQUIRIA PEDROSA GUIMARAES NEREU|400.00
202208|12312488959|***.605.406-**|WALTENCIR ANTONIO DE PAIVA|400.00
202208|16697456044|***.639.496-**|WANDA APARECIDA DA PAIXAO|400.00
202208|12281813764|***.756.886-**|WANDA APARECIDA DOS SANTOS COSTA|400.00
202208|20997076830||WANDA LUCIA SANTOS|400.00
202208|12338803347|***.816.556-**|WANDER ROSA MOREIRA|400.00
202208|16561689632|***.426.916-**|WANDERLEIA ALINE LUCAS DOS SANTOS|400.00
202208|12669772104|***.171.326-**|WANDERLEIA AUGUSTA DA COSTA|400.00
202208|12772879102||WANDERLEY MARCIANO DA SILVA|400.00
202208|12380090469||WANDERLEY ROSA MOREIRA|400.00
202208|20322744568|***.777.966-**|WANDREA FLAVIANA DO CARMO|400.00
202208|12419963972|***.190.736-**|WANESSA DO NASCIMENTO E SILVA|400.00
202208|12784549110|***.748.156-**|WESCLEI PEREIRA MOREIRA|400.00
202208|20329629691||WESLEY JUNIOR DE JESUS CORREIA|400.00
202208|20336193712|***.969.046-**|WESLIANA GOMES DA PAIXAO DAS DORES|400.00
202208|16583468973|***.015.996-**|WIARA CRISTINA XAVIER|400.00
202208|10437467721||WILDEMBERG JOSE BAETA|400.00
202208|12312015112|***.524.926-**|WILSON DE SOUZA NAZARETH|400.00
202208|20161743069||WILSON LUCAS DE SOUZA|400.00
202208|12210624055|***.256.256-**|WILSON RODRIGUES DA CRUZ|270.00
202208|16647172557|***.762.656-**|XENIA CRISTINA GOMES|400.00
202208|16191053240|***.509.366-**|YOLANDA DEBORAH APARECIDA SANTOS|400.00
202208|16693193782|***.140.946-**|ZELIA ARRUDA DO NASCIMENTO|400.00
202208|16555381842|***.494.266-**|ZELINA DE OLIVEIRA|400.00
202208|16588644036|***.773.636-**|ZILDA GERALDA DA CRUZ|400.00
202208|16530959387|***.145.916-**|ZILDETE ROSA DOS SANTOS|400.00
