cod_municipio;seq_orgao;cod_orgao;seq_unidade;num_ano_referencia;num_mes_referencia;dsc_funcao;dsc_subfuncao;dsc_programa;dsc_acao;dsc_subacao;dsc_nat_despesa;dsc_fonte_recurso;dsc_cod_orcamentario;num_empenho;dat_empenho;vlr_empenho;vlr_ref_empenho;vlr_anu_empenho;vlr_liquidado;vlr_anu_liquidado;vlr_pagamento;vlr_anu_pagamento;vlr_outras_baixas;vlr_anu_outras_baixas;vlr_rsp_proc;vlr_rsp_nao_proc
3110004;303;02;509805;2023;8;12 - EDUCAÇÃO;365 - EDUCAÇÃO INFANTIL;0221 - MANUTENÇÃO DA EDUCAÇÃO BÁSICA;2407 - REMUNERAÇÃO PESSOAL EDUCAÇÃO INFANTILCRECHE;;3.1.90.13.03 - 3.1.90.13.03;1.500.000 - RECURSOS NÃO VINCULADOS DE IMPOSTOS;1001 - IDENTIFICAÇÃO DAS DESPESAS COM MANUTENÇÃO E DESENVOLVIMENTO DO ENSINO;3778;20230727;0;0;0;0;0;1187.99;0;0;0;-1187.99;0
3110004;303;02;509805;2023;8;12 - EDUCAÇÃO;122 - ADMINISTRAÇÃO GERAL;0002 - GESTÃO DA SECRETARIA MUNICIPAL DE EDUCAÇÃO;2001 - REMUNERAÇÃO PESSOAL DA SECRETARIA;;3.1.90.11.09 - 3.1.90.11.09;1.500.000 - RECURSOS NÃO VINCULADOS DE IMPOSTOS;1001 - IDENTIFICAÇÃO DAS DESPESAS COM MANUTENÇÃO E DESENVOLVIMENTO DO ENSINO;4182;20230828;4725.71;0;0;4725.71;0;2850.19;0;1875.52;0;1875.52;0
3110004;303;02;509805;2023;8;12 - EDUCAÇÃO;122 - ADMINISTRAÇÃO GERAL;0002 - GESTÃO DA SECRETARIA MUNICIPAL DE EDUCAÇÃO;2001 - REMUNERAÇÃO PESSOAL DA SECRETARIA;;3.1.90.16.00 - 3.1.90.16.00;1.500.000 - RECURSOS NÃO VINCULADOS DE IMPOSTOS;1001 - IDENTIFICAÇÃO DAS DESPESAS COM MANUTENÇÃO E DESENVOLVIMENTO DO ENSINO;4184;20230828;1042.1;0;0;1042.1;0;1042.1;0;0;0;0;0
3110004;303;02;509805;2023;8;12 - EDUCAÇÃO;361 - ENSINO FUNDAMENTAL;0027 - GESTÃO DO CENTRO ESPECIALIZADO DE ATENÇÃO À CRIANÇA E AO ADOLESCENTE;2049 - MANUTENÇÃO DO CEACA;;3.1.90.13.03 - 3.1.90.13.03;1.500.000 - RECURSOS NÃO VINCULADOS DE IMPOSTOS;1001 - IDENTIFICAÇÃO DAS DESPESAS COM MANUTENÇÃO E DESENVOLVIMENTO DO ENSINO;3776;20230727;0;0;0;0;0;6580.08;0;0;0;-6580.08;0
3110004;303;02;509805;2023;8;12 - EDUCAÇÃO;361 - ENSINO FUNDAMENTAL;0019 - GESTÃO DO TRANSPORTE ESCOLAR;2042 - REMUNERAÇÃO PESSOAL TRANSPORTE ESCOLAR ENSINO FUNDAMENTAL;;3.1.90.13.03 - 3.1.90.13.03;1.500.000 - RECURSOS NÃO VINCULADOS DE IMPOSTOS;1001 - IDENTIFICAÇÃO DAS DESPESAS COM MANUTENÇÃO E DESENVOLVIMENTO DO ENSINO;3774;20230727;0;0;0;0;0;1164.51;0;0;0;-1164.51;0
3110004;303;02;509805;2023;8;12 - EDUCAÇÃO;365 - EDUCAÇÃO INFANTIL;0003 - MANUTENÇÃO DA EDUCAÇÃO BÁSICA;2006 - MANUTENÇÃO DA EDUCAÇÃO INFANTIL;;3.3.90.30.21 - 3.3.90.30.21;1.500.000 - RECURSOS NÃO VINCULADOS DE IMPOSTOS;1001 - IDENTIFICAÇÃO DAS DESPESAS COM MANUTENÇÃO E DESENVOLVIMENTO DO ENSINO;3597;20230724;0;0;0;6067.5;0;6067.5;0;0;0;0;-6067.5
3110004;303;02;509805;2023;8;12 - EDUCAÇÃO;361 - ENSINO FUNDAMENTAL;0003 - MANUTENÇÃO DA EDUCAÇÃO BÁSICA;2329 - REMUNERAÇÃO DE ESTAGIÁRIOS;;3.3.90.36.07 - 3.3.90.36.07;1.500.000 - RECURSOS NÃO VINCULADOS DE IMPOSTOS;1001 - IDENTIFICAÇÃO DAS DESPESAS COM MANUTENÇÃO E DESENVOLVIMENTO DO ENSINO;4268;20230828;62595.41;0;0;62595.41;0;62203.25;0;0;0;392.16;0
3110004;303;02;509805;2023;9;12 - EDUCAÇÃO;122 - ADMINISTRAÇÃO GERAL;0002 - GESTÃO DA SECRETARIA MUNICIPAL DE EDUCAÇÃO;2002 - MANUTENÇÃO DA SECRETARIA;;3.3.90.14.05 - 3.3.90.14.05;1.500.000 - RECURSOS NÃO VINCULADOS DE IMPOSTOS;1001 - IDENTIFICAÇÃO DAS DESPESAS COM MANUTENÇÃO E DESENVOLVIMENTO DO ENSINO;4624;20230920;217.15;0;0;217.15;0;217.15;0;0;0;0;0
3110004;303;02;509805;2023;9;12 - EDUCAÇÃO;361 - ENSINO FUNDAMENTAL;0003 - MANUTENÇÃO DA EDUCAÇÃO BÁSICA;2062 - MANUTENÇÃO DO ENSINO FUNDAMENTAL;;3.3.90.30.22 - 3.3.90.30.22;1.500.000 - RECURSOS NÃO VINCULADOS DE IMPOSTOS;1001 - IDENTIFICAÇÃO DAS DESPESAS COM MANUTENÇÃO E DESENVOLVIMENTO DO ENSINO;4682;20230925;1977.6;0;0;0;0;0;0;0;0;0;1977.6
3110004;303;02;509805;2023;10;12 - EDUCAÇÃO;122 - ADMINISTRAÇÃO GERAL;0002 - GESTÃO DA SECRETARIA MUNICIPAL DE EDUCAÇÃO;2002 - MANUTENÇÃO DA SECRETARIA;;3.3.90.14.05 - 3.3.90.14.05;1.500.000 - RECURSOS NÃO VINCULADOS DE IMPOSTOS;1001 - IDENTIFICAÇÃO DAS DESPESAS COM MANUTENÇÃO E DESENVOLVIMENTO DO ENSINO;5339;20231030;173.72;0;0;173.72;0;0;0;0;0;173.72;0
3110004;303;02;509805;2023;10;12 - EDUCAÇÃO;365 - EDUCAÇÃO INFANTIL;0003 - MANUTENÇÃO DA EDUCAÇÃO BÁSICA;2006 - MANUTENÇÃO DA EDUCAÇÃO INFANTIL;;3.3.90.30.22 - 3.3.90.30.22;1.500.000 - RECURSOS NÃO VINCULADOS DE IMPOSTOS;1001 - IDENTIFICAÇÃO DAS DESPESAS COM MANUTENÇÃO E DESENVOLVIMENTO DO ENSINO;4669;20230922;0;0;0;7785.1;0;7691.68;0;93.42;0;93.42;-7785.1
3110004;303;02;509805;2023;10;12 - EDUCAÇÃO;361 - ENSINO FUNDAMENTAL;0019 - GESTÃO DO TRANSPORTE ESCOLAR;2041 - MANUTENÇÃO TRANSPORTE ESCOLAR DO ENSINO FUNDAMENTAL;;3.3.90.39.99 - 3.3.90.39.99;1.500.000 - RECURSOS NÃO VINCULADOS DE IMPOSTOS;1001 - IDENTIFICAÇÃO DAS DESPESAS COM MANUTENÇÃO E DESENVOLVIMENTO DO ENSINO;2864;20230602;0;0;0;14659.94;0;14624.76;0;35.18;0;35.18;-14659.94
3110004;303;02;509805;2023;12;12 - EDUCAÇÃO;361 - ENSINO FUNDAMENTAL;0019 - GESTÃO DO TRANSPORTE ESCOLAR;2041 - MANUTENÇÃO TRANSPORTE ESCOLAR DO ENSINO FUNDAMENTAL;;3.3.90.39.99 - 3.3.90.39.99;1.500.000 - RECURSOS NÃO VINCULADOS DE IMPOSTOS;1001 - IDENTIFICAÇÃO DAS DESPESAS COM MANUTENÇÃO E DESENVOLVIMENTO DO ENSINO;3112;20230628;0;0;1151.2;0;0;0;0;0;0;0;-1151.2
3110004;303;02;509805;2023;10;12 - EDUCAÇÃO;361 - ENSINO FUNDAMENTAL;0019 - GESTÃO DO TRANSPORTE ESCOLAR;2042 - REMUNERAÇÃO PESSOAL TRANSPORTE ESCOLAR ENSINO FUNDAMENTAL;;3.1.90.13.03 - 3.1.90.13.03;1.500.000 - RECURSOS NÃO VINCULADOS DE IMPOSTOS;1001 - IDENTIFICAÇÃO DAS DESPESAS COM MANUTENÇÃO E DESENVOLVIMENTO DO ENSINO;5487;20231031;2258.86;0;0;2258.86;0;0;0;0;0;2258.86;0
3110004;303;02;509805;2023;12;12 - EDUCAÇÃO;361 - ENSINO FUNDAMENTAL;0003 - MANUTENÇÃO DA EDUCAÇÃO BÁSICA;1191 - REMUNERAÇÃO DOS PROFISSIONAIS DO ENSINO FUNDAMENTAL;;3.1.90.94.01 - 3.1.90.94.01;1.500.000 - RECURSOS NÃO VINCULADOS DE IMPOSTOS;1001 - IDENTIFICAÇÃO DAS DESPESAS COM MANUTENÇÃO E DESENVOLVIMENTO DO ENSINO;7224;20231222;6426.18;0;0;6426.18;0;6426.18;0;0;0;0;0
3110004;303;02;509805;2023;9;12 - EDUCAÇÃO;122 - ADMINISTRAÇÃO GERAL;0002 - GESTÃO DA SECRETARIA MUNICIPAL DE EDUCAÇÃO;2002 - MANUTENÇÃO DA SECRETARIA;;3.3.90.49.00 - 3.3.90.49.00;1.500.000 - RECURSOS NÃO VINCULADOS DE IMPOSTOS;1001 - IDENTIFICAÇÃO DAS DESPESAS COM MANUTENÇÃO E DESENVOLVIMENTO DO ENSINO;55;20230102;0;0;0;1512;0;1512;0;0;0;0;-1512
3110004;303;02;509805;2023;9;12 - EDUCAÇÃO;361 - ENSINO FUNDAMENTAL;0013 - TRANSFERÊNCIA AS CAIXAS ESCOLARES;2032 - CONTRIBUIÇÃO AS ESCOLAS MUNICIPAIS;;3.3.50.41.00 - 3.3.50.41.00;1.500.000 - RECURSOS NÃO VINCULADOS DE IMPOSTOS;1001 - IDENTIFICAÇÃO DAS DESPESAS COM MANUTENÇÃO E DESENVOLVIMENTO DO ENSINO;4703;20230926;3500;0;0;3500;0;0;0;0;0;3500;0
3110004;303;02;509805;2023;9;12 - EDUCAÇÃO;361 - ENSINO FUNDAMENTAL;0013 - TRANSFERÊNCIA AS CAIXAS ESCOLARES;2032 - CONTRIBUIÇÃO AS ESCOLAS MUNICIPAIS;;3.3.50.41.00 - 3.3.50.41.00;1.500.000 - RECURSOS NÃO VINCULADOS DE IMPOSTOS;1001 - IDENTIFICAÇÃO DAS DESPESAS COM MANUTENÇÃO E DESENVOLVIMENTO DO ENSINO;4707;20230926;2800;0;0;2800;0;0;0;0;0;2800;0
3110004;303;02;509805;2023;12;12 - EDUCAÇÃO;122 - ADMINISTRAÇÃO GERAL;0002 - GESTÃO DA SECRETARIA MUNICIPAL DE EDUCAÇÃO;2002 - MANUTENÇÃO DA SECRETARIA;;3.3.90.39.13 - 3.3.90.39.13;1.500.000 - RECURSOS NÃO VINCULADOS DE IMPOSTOS;1001 - IDENTIFICAÇÃO DAS DESPESAS COM MANUTENÇÃO E DESENVOLVIMENTO DO ENSINO;541;20230127;0;0;2583.7;0;0;0;0;0;0;0;-2583.7
3110004;303;02;509805;2023;9;12 - EDUCAÇÃO;361 - ENSINO FUNDAMENTAL;0013 - TRANSFERÊNCIA AS CAIXAS ESCOLARES;2032 - CONTRIBUIÇÃO AS ESCOLAS MUNICIPAIS;;3.3.50.41.00 - 3.3.50.41.00;1.500.000 - RECURSOS NÃO VINCULADOS DE IMPOSTOS;1001 - IDENTIFICAÇÃO DAS DESPESAS COM MANUTENÇÃO E DESENVOLVIMENTO DO ENSINO;4714;20230927;5000;0;0;5000;0;0;0;0;0;5000;0
3110004;303;02;509805;2023;10;12 - EDUCAÇÃO;122 - ADMINISTRAÇÃO GERAL;0002 - GESTÃO DA SECRETARIA MUNICIPAL DE EDUCAÇÃO;2002 - MANUTENÇÃO DA SECRETARIA;;3.3.90.39.29 - 3.3.90.39.29;1.500.000 - RECURSOS NÃO VINCULADOS DE IMPOSTOS;1001 - IDENTIFICAÇÃO DAS DESPESAS COM MANUTENÇÃO E DESENVOLVIMENTO DO ENSINO;79;20230102;0;0;0;105.88;0;105.88;0;0;0;0;-105.88
3110004;303;02;509805;2023;10;12 - EDUCAÇÃO;361 - ENSINO FUNDAMENTAL;0027 - GESTÃO DO CENTRO ESPECIALIZADO DE ATENÇÃO À CRIANÇA E AO ADOLESCENTE;2049 - MANUTENÇÃO DO CEACA;;3.1.90.13.03 - 3.1.90.13.03;1.500.000 - RECURSOS NÃO VINCULADOS DE IMPOSTOS;1001 - IDENTIFICAÇÃO DAS DESPESAS COM MANUTENÇÃO E DESENVOLVIMENTO DO ENSINO;4874;20230927;0;0;0;0;0;6582.15;0;0;0;-6582.15;0
3110004;303;02;509805;2023;12;12 - EDUCAÇÃO;122 - ADMINISTRAÇÃO GERAL;0002 - GESTÃO DA SECRETARIA MUNICIPAL DE EDUCAÇÃO;2002 - MANUTENÇÃO DA SECRETARIA;;3.3.90.39.13 - 3.3.90.39.13;1.500.000 - RECURSOS NÃO VINCULADOS DE IMPOSTOS;1001 - IDENTIFICAÇÃO DAS DESPESAS COM MANUTENÇÃO E DESENVOLVIMENTO DO ENSINO;5757;20231124;0;0;0;21900;0;20410.8;0;1489.2;0;1489.2;-21900
3110004;303;02;509805;2023;12;12 - EDUCAÇÃO;122 - ADMINISTRAÇÃO GERAL;0002 - GESTÃO DA SECRETARIA MUNICIPAL DE EDUCAÇÃO;2002 - MANUTENÇÃO DA SECRETARIA;;3.3.90.39.60 - 3.3.90.39.60;1.500.000 - RECURSOS NÃO VINCULADOS DE IMPOSTOS;1001 - IDENTIFICAÇÃO DAS DESPESAS COM MANUTENÇÃO E DESENVOLVIMENTO DO ENSINO;7239;20231228;7365.6;0;0;0;0;0;0;0;0;0;7365.6
3110004;303;02;509805;2023;11;12 - EDUCAÇÃO;361 - ENSINO FUNDAMENTAL;0019 - GESTÃO DO TRANSPORTE ESCOLAR;2042 - REMUNERAÇÃO PESSOAL TRANSPORTE ESCOLAR ENSINO FUNDAMENTAL;;3.1.90.04.99 - 3.1.90.04.99;1.500.000 - RECURSOS NÃO VINCULADOS DE IMPOSTOS;1001 - IDENTIFICAÇÃO DAS DESPESAS COM MANUTENÇÃO E DESENVOLVIMENTO DO ENSINO;5831;20231129;8246.98;0;0;8246.98;0;6163.59;0;2083.39;0;2083.39;0
3110004;303;02;509805;2023;11;12 - EDUCAÇÃO;361 - ENSINO FUNDAMENTAL;0003 - MANUTENÇÃO DA EDUCAÇÃO BÁSICA;1191 - REMUNERAÇÃO DOS PROFISSIONAIS DO ENSINO FUNDAMENTAL;;3.1.90.11.11 - 3.1.90.11.11;1.500.000 - RECURSOS NÃO VINCULADOS DE IMPOSTOS;1001 - IDENTIFICAÇÃO DAS DESPESAS COM MANUTENÇÃO E DESENVOLVIMENTO DO ENSINO;5828;20231129;500138.77;0;0;500138.77;0;387234.79;0;112903.98;0;112903.98;0
3110004;303;02;509805;2023;11;12 - EDUCAÇÃO;122 - ADMINISTRAÇÃO GERAL;0002 - GESTÃO DA SECRETARIA MUNICIPAL DE EDUCAÇÃO;2002 - MANUTENÇÃO DA SECRETARIA;;3.3.90.14.05 - 3.3.90.14.05;1.500.000 - RECURSOS NÃO VINCULADOS DE IMPOSTOS;1001 - IDENTIFICAÇÃO DAS DESPESAS COM MANUTENÇÃO E DESENVOLVIMENTO DO ENSINO;5338;20231030;0;0;0;0;0;43.43;0;0;0;-43.43;0
3110004;303;02;509805;2023;12;12 - EDUCAÇÃO;361 - ENSINO FUNDAMENTAL;0019 - GESTÃO DO TRANSPORTE ESCOLAR;2042 - REMUNERAÇÃO PESSOAL TRANSPORTE ESCOLAR ENSINO FUNDAMENTAL;;3.1.90.13.03 - 3.1.90.13.03;1.500.000 - RECURSOS NÃO VINCULADOS DE IMPOSTOS;1001 - IDENTIFICAÇÃO DAS DESPESAS COM MANUTENÇÃO E DESENVOLVIMENTO DO ENSINO;6313;20231214;1427.45;0;0;1427.45;0;1427.45;0;0;0;0;0
3110004;303;02;509805;2023;10;12 - EDUCAÇÃO;122 - ADMINISTRAÇÃO GERAL;0002 - GESTÃO DA SECRETARIA MUNICIPAL DE EDUCAÇÃO;2002 - MANUTENÇÃO DA SECRETARIA;;3.3.90.49.00 - 3.3.90.49.00;1.500.000 - RECURSOS NÃO VINCULADOS DE IMPOSTOS;1001 - IDENTIFICAÇÃO DAS DESPESAS COM MANUTENÇÃO E DESENVOLVIMENTO DO ENSINO;4138;20230825;0;0;0;15294.3;0;15294.3;0;0;0;0;-15294.3
3110004;303;02;509805;2023;10;12 - EDUCAÇÃO;361 - ENSINO FUNDAMENTAL;0003 - MANUTENÇÃO DA EDUCAÇÃO BÁSICA;2329 - REMUNERAÇÃO DE ESTAGIÁRIOS;;3.3.90.36.07 - 3.3.90.36.07;1.500.000 - RECURSOS NÃO VINCULADOS DE IMPOSTOS;1001 - IDENTIFICAÇÃO DAS DESPESAS COM MANUTENÇÃO E DESENVOLVIMENTO DO ENSINO;968;20230224;0;0;0;0;0;302;0;0;0;-302;0
3110004;303;02;509805;2023;10;12 - EDUCAÇÃO;361 - ENSINO FUNDAMENTAL;0013 - TRANSFERÊNCIA AS CAIXAS ESCOLARES;2032 - CONTRIBUIÇÃO AS ESCOLAS MUNICIPAIS;;3.3.50.41.00 - 3.3.50.41.00;1.500.000 - RECURSOS NÃO VINCULADOS DE IMPOSTOS;1001 - IDENTIFICAÇÃO DAS DESPESAS COM MANUTENÇÃO E DESENVOLVIMENTO DO ENSINO;4717;20230927;0;0;0;0;0;4900;0;0;0;-4900;0
3110004;303;02;509805;2023;11;12 - EDUCAÇÃO;122 - ADMINISTRAÇÃO GERAL;0002 - GESTÃO DA SECRETARIA MUNICIPAL DE EDUCAÇÃO;2002 - MANUTENÇÃO DA SECRETARIA;;3.3.90.39.13 - 3.3.90.39.13;1.500.000 - RECURSOS NÃO VINCULADOS DE IMPOSTOS;1001 - IDENTIFICAÇÃO DAS DESPESAS COM MANUTENÇÃO E DESENVOLVIMENTO DO ENSINO;5757;20231124;21900;0;0;0;0;0;0;0;0;0;21900
3110004;303;02;509805;2023;10;12 - EDUCAÇÃO;361 - ENSINO FUNDAMENTAL;0013 - TRANSFERÊNCIA AS CAIXAS ESCOLARES;2032 - CONTRIBUIÇÃO AS ESCOLAS MUNICIPAIS;;3.3.50.41.00 - 3.3.50.41.00;1.500.000 - RECURSOS NÃO VINCULADOS DE IMPOSTOS;1001 - IDENTIFICAÇÃO DAS DESPESAS COM MANUTENÇÃO E DESENVOLVIMENTO DO ENSINO;4714;20230927;0;0;0;0;0;5000;0;0;0;-5000;0
3110004;303;02;509805;2023;12;12 - EDUCAÇÃO;122 - ADMINISTRAÇÃO GERAL;0002 - GESTÃO DA SECRETARIA MUNICIPAL DE EDUCAÇÃO;2001 - REMUNERAÇÃO PESSOAL DA SECRETARIA;;3.1.90.13.03 - 3.1.90.13.03;1.500.000 - RECURSOS NÃO VINCULADOS DE IMPOSTOS;1001 - IDENTIFICAÇÃO DAS DESPESAS COM MANUTENÇÃO E DESENVOLVIMENTO DO ENSINO;7365;20231228;18439.77;0;0;18439.77;0;0;0;1529.1;0;18439.77;0
3110004;303;02;509805;2023;12;12 - EDUCAÇÃO;361 - ENSINO FUNDAMENTAL;0027 - GESTÃO DO CENTRO ESPECIALIZADO DE ATENÇÃO À CRIANÇA E AO ADOLESCENTE;2049 - MANUTENÇÃO DO CEACA;;3.1.90.13.03 - 3.1.90.13.03;1.500.000 - RECURSOS NÃO VINCULADOS DE IMPOSTOS;1001 - IDENTIFICAÇÃO DAS DESPESAS COM MANUTENÇÃO E DESENVOLVIMENTO DO ENSINO;7374;20231228;6582.15;0;0;6582.15;0;0;0;0;0;6582.15;0
3110004;303;02;509805;2023;12;12 - EDUCAÇÃO;361 - ENSINO FUNDAMENTAL;0003 - MANUTENÇÃO DA EDUCAÇÃO BÁSICA;1191 - REMUNERAÇÃO DOS PROFISSIONAIS DO ENSINO FUNDAMENTAL;;3.1.90.94.01 - 3.1.90.94.01;1.500.000 - RECURSOS NÃO VINCULADOS DE IMPOSTOS;1001 - IDENTIFICAÇÃO DAS DESPESAS COM MANUTENÇÃO E DESENVOLVIMENTO DO ENSINO;7228;20231222;6475.61;0;0;6475.61;0;6475.61;0;0;0;0;0
3110004;303;02;509805;2023;10;12 - EDUCAÇÃO;122 - ADMINISTRAÇÃO GERAL;0002 - GESTÃO DA SECRETARIA MUNICIPAL DE EDUCAÇÃO;2002 - MANUTENÇÃO DA SECRETARIA;;3.3.90.39.43 - 3.3.90.39.43;1.500.000 - RECURSOS NÃO VINCULADOS DE IMPOSTOS;1001 - IDENTIFICAÇÃO DAS DESPESAS COM MANUTENÇÃO E DESENVOLVIMENTO DO ENSINO;5159;20231004;5442;0;0;0;0;0;0;0;0;0;5442
3110004;303;02;509805;2023;11;12 - EDUCAÇÃO;361 - ENSINO FUNDAMENTAL;0027 - GESTÃO DO CENTRO ESPECIALIZADO DE ATENÇÃO À CRIANÇA E AO ADOLESCENTE;2049 - MANUTENÇÃO DO CEACA;;3.1.90.13.01 - 3.1.90.13.01;1.500.000 - RECURSOS NÃO VINCULADOS DE IMPOSTOS;1001 - IDENTIFICAÇÃO DAS DESPESAS COM MANUTENÇÃO E DESENVOLVIMENTO DO ENSINO;5488;20231031;0;0;0;0;0;1973.81;0;0;0;-1973.81;0
3110004;303;02;509805;2023;11;12 - EDUCAÇÃO;361 - ENSINO FUNDAMENTAL;0003 - MANUTENÇÃO DA EDUCAÇÃO BÁSICA;1191 - REMUNERAÇÃO DOS PROFISSIONAIS DO ENSINO FUNDAMENTAL;;3.1.90.13.03 - 3.1.90.13.03;1.500.000 - RECURSOS NÃO VINCULADOS DE IMPOSTOS;1001 - IDENTIFICAÇÃO DAS DESPESAS COM MANUTENÇÃO E DESENVOLVIMENTO DO ENSINO;5484;20231031;0;0;0;0;0;35970.82;0;0;0;-35970.82;0
3110004;303;02;509805;2023;12;12 - EDUCAÇÃO;361 - ENSINO FUNDAMENTAL;0003 - MANUTENÇÃO DA EDUCAÇÃO BÁSICA;2062 - MANUTENÇÃO DO ENSINO FUNDAMENTAL;;3.3.90.32.99 - 3.3.90.32.99;1.500.000 - RECURSOS NÃO VINCULADOS DE IMPOSTOS;1001 - IDENTIFICAÇÃO DAS DESPESAS COM MANUTENÇÃO E DESENVOLVIMENTO DO ENSINO;6106;20231204;9537.35;0;0;0;0;0;0;0;0;0;9537.35
3110004;303;02;509805;2023;9;12 - EDUCAÇÃO;361 - ENSINO FUNDAMENTAL;0003 - MANUTENÇÃO DA EDUCAÇÃO BÁSICA;1200 - CONSTRUÇÃO E REFORMA DE PRÉDIOS ESCOLARES ENSINO FUNDAMENTAL;;4.4.90.51.02 - 4.4.90.51.02;1.500.000 - RECURSOS NÃO VINCULADOS DE IMPOSTOS;1001 - IDENTIFICAÇÃO DAS DESPESAS COM MANUTENÇÃO E DESENVOLVIMENTO DO ENSINO;4400;20230901;35600.42;0;0;0;0;0;0;0;0;0;35600.42
3110004;303;02;509805;2023;9;12 - EDUCAÇÃO;361 - ENSINO FUNDAMENTAL;0003 - MANUTENÇÃO DA EDUCAÇÃO BÁSICA;1200 - CONSTRUÇÃO E REFORMA DE PRÉDIOS ESCOLARES ENSINO FUNDAMENTAL;;4.4.90.51.02 - 4.4.90.51.02;1.500.000 - RECURSOS NÃO VINCULADOS DE IMPOSTOS;1001 - IDENTIFICAÇÃO DAS DESPESAS COM MANUTENÇÃO E DESENVOLVIMENTO DO ENSINO;4654;20230922;6991.1;0;0;6991.1;0;0;0;293.62;0;6991.1;0
3110004;303;02;509805;2023;9;12 - EDUCAÇÃO;122 - ADMINISTRAÇÃO GERAL;0002 - GESTÃO DA SECRETARIA MUNICIPAL DE EDUCAÇÃO;2002 - MANUTENÇÃO DA SECRETARIA;;3.3.90.39.13 - 3.3.90.39.13;1.500.000 - RECURSOS NÃO VINCULADOS DE IMPOSTOS;1001 - IDENTIFICAÇÃO DAS DESPESAS COM MANUTENÇÃO E DESENVOLVIMENTO DO ENSINO;3462;20230711;0;0;0;15648.78;0;14897.64;0;751.14;0;751.14;-15648.78
3110004;303;02;509805;2023;9;12 - EDUCAÇÃO;122 - ADMINISTRAÇÃO GERAL;0002 - GESTÃO DA SECRETARIA MUNICIPAL DE EDUCAÇÃO;2002 - MANUTENÇÃO DA SECRETARIA;;3.3.90.40.02 - 3.3.90.40.02;1.500.000 - RECURSOS NÃO VINCULADOS DE IMPOSTOS;1001 - IDENTIFICAÇÃO DAS DESPESAS COM MANUTENÇÃO E DESENVOLVIMENTO DO ENSINO;2356;20230510;0;0;0;789.59;0;789.59;0;0;0;0;-789.59
3110004;303;02;509805;2023;10;12 - EDUCAÇÃO;361 - ENSINO FUNDAMENTAL;0003 - MANUTENÇÃO DA EDUCAÇÃO BÁSICA;2329 - REMUNERAÇÃO DE ESTAGIÁRIOS;;3.3.90.36.07 - 3.3.90.36.07;1.500.000 - RECURSOS NÃO VINCULADOS DE IMPOSTOS;1001 - IDENTIFICAÇÃO DAS DESPESAS COM MANUTENÇÃO E DESENVOLVIMENTO DO ENSINO;2136;20230426;0;0;146.03;0;146.03;1282.21;0;0;0;-1428.24;0
3110004;303;02;509805;2023;12;12 - EDUCAÇÃO;361 - ENSINO FUNDAMENTAL;0003 - MANUTENÇÃO DA EDUCAÇÃO BÁSICA;1191 - REMUNERAÇÃO DOS PROFISSIONAIS DO ENSINO FUNDAMENTAL;;3.1.90.94.01 - 3.1.90.94.01;1.500.000 - RECURSOS NÃO VINCULADOS DE IMPOSTOS;1001 - IDENTIFICAÇÃO DAS DESPESAS COM MANUTENÇÃO E DESENVOLVIMENTO DO ENSINO;7216;20231222;6475.16;0;0;6475.16;0;6475.16;0;0;0;0;0
3110004;303;02;509805;2023;12;12 - EDUCAÇÃO;365 - EDUCAÇÃO INFANTIL;0221 - MANUTENÇÃO DA EDUCAÇÃO BÁSICA;2407 - REMUNERAÇÃO PESSOAL EDUCAÇÃO INFANTILCRECHE;;3.1.90.94.01 - 3.1.90.94.01;1.500.000 - RECURSOS NÃO VINCULADOS DE IMPOSTOS;1001 - IDENTIFICAÇÃO DAS DESPESAS COM MANUTENÇÃO E DESENVOLVIMENTO DO ENSINO;7230;20231222;3454.7;0;0;3454.7;0;3454.7;0;0;0;0;0
3110004;303;02;509805;2023;9;12 - EDUCAÇÃO;122 - ADMINISTRAÇÃO GERAL;0002 - GESTÃO DA SECRETARIA MUNICIPAL DE EDUCAÇÃO;2001 - REMUNERAÇÃO PESSOAL DA SECRETARIA;;3.1.90.04.99 - 3.1.90.04.99;1.500.000 - RECURSOS NÃO VINCULADOS DE IMPOSTOS;1001 - IDENTIFICAÇÃO DAS DESPESAS COM MANUTENÇÃO E DESENVOLVIMENTO DO ENSINO;4759;20230927;7760.27;0;0;7760.27;0;6710.28;0;1049.99;0;1049.99;0
3110004;303;02;509805;2023;9;12 - EDUCAÇÃO;361 - ENSINO FUNDAMENTAL;0013 - TRANSFERÊNCIA AS CAIXAS ESCOLARES;2032 - CONTRIBUIÇÃO AS ESCOLAS MUNICIPAIS;;3.3.50.41.00 - 3.3.50.41.00;1.500.000 - RECURSOS NÃO VINCULADOS DE IMPOSTOS;1001 - IDENTIFICAÇÃO DAS DESPESAS COM MANUTENÇÃO E DESENVOLVIMENTO DO ENSINO;4706;20230926;3000;0;0;3000;0;0;0;0;0;3000;0
3110004;303;02;509805;2023;10;12 - EDUCAÇÃO;361 - ENSINO FUNDAMENTAL;0013 - TRANSFERÊNCIA AS CAIXAS ESCOLARES;2032 - CONTRIBUIÇÃO AS ESCOLAS MUNICIPAIS;;3.3.50.41.00 - 3.3.50.41.00;1.500.000 - RECURSOS NÃO VINCULADOS DE IMPOSTOS;1001 - IDENTIFICAÇÃO DAS DESPESAS COM MANUTENÇÃO E DESENVOLVIMENTO DO ENSINO;4706;20230926;0;0;0;0;0;3000;0;0;0;-3000;0
3110004;303;02;509805;2023;10;12 - EDUCAÇÃO;361 - ENSINO FUNDAMENTAL;0027 - GESTÃO DO CENTRO ESPECIALIZADO DE ATENÇÃO À CRIANÇA E AO ADOLESCENTE;2049 - MANUTENÇÃO DO CEACA;;3.1.90.13.01 - 3.1.90.13.01;1.500.000 - RECURSOS NÃO VINCULADOS DE IMPOSTOS;1001 - IDENTIFICAÇÃO DAS DESPESAS COM MANUTENÇÃO E DESENVOLVIMENTO DO ENSINO;5488;20231031;1973.81;0;0;1973.81;0;0;0;0;0;1973.81;0
3110004;303;02;509805;2023;11;12 - EDUCAÇÃO;122 - ADMINISTRAÇÃO GERAL;0002 - GESTÃO DA SECRETARIA MUNICIPAL DE EDUCAÇÃO;2002 - MANUTENÇÃO DA SECRETARIA;;3.3.90.49.00 - 3.3.90.49.00;1.500.000 - RECURSOS NÃO VINCULADOS DE IMPOSTOS;1001 - IDENTIFICAÇÃO DAS DESPESAS COM MANUTENÇÃO E DESENVOLVIMENTO DO ENSINO;55;20230102;0;0;0;1360.8;0;1360.8;0;0;0;0;-1360.8
3110004;303;02;509805;2023;10;12 - EDUCAÇÃO;365 - EDUCAÇÃO INFANTIL;0003 - MANUTENÇÃO DA EDUCAÇÃO BÁSICA;2006 - MANUTENÇÃO DA EDUCAÇÃO INFANTIL;;3.3.90.32.99 - 3.3.90.32.99;1.500.000 - RECURSOS NÃO VINCULADOS DE IMPOSTOS;1001 - IDENTIFICAÇÃO DAS DESPESAS COM MANUTENÇÃO E DESENVOLVIMENTO DO ENSINO;4396;20230901;0;0;0;61107.75;0;60374.46;0;733.29;0;733.29;-61107.75
3110004;303;02;509805;2023;11;12 - EDUCAÇÃO;361 - ENSINO FUNDAMENTAL;0003 - MANUTENÇÃO DA EDUCAÇÃO BÁSICA;1191 - REMUNERAÇÃO DOS PROFISSIONAIS DO ENSINO FUNDAMENTAL;;3.1.90.94.01 - 3.1.90.94.01;1.500.000 - RECURSOS NÃO VINCULADOS DE IMPOSTOS;1001 - IDENTIFICAÇÃO DAS DESPESAS COM MANUTENÇÃO E DESENVOLVIMENTO DO ENSINO;5756;20231121;4118.19;0;0;4118.19;0;4118.19;0;0;0;0;0
3110004;303;02;509805;2023;12;12 - EDUCAÇÃO;361 - ENSINO FUNDAMENTAL;0019 - GESTÃO DO TRANSPORTE ESCOLAR;2041 - MANUTENÇÃO TRANSPORTE ESCOLAR DO ENSINO FUNDAMENTAL;;3.3.90.39.13 - 3.3.90.39.13;1.500.000 - RECURSOS NÃO VINCULADOS DE IMPOSTOS;1001 - IDENTIFICAÇÃO DAS DESPESAS COM MANUTENÇÃO E DESENVOLVIMENTO DO ENSINO;6386;20231214;14998.69;0;8505.56;0;0;0;0;0;0;0;6493.13
3110004;303;02;509805;2023;12;12 - EDUCAÇÃO;365 - EDUCAÇÃO INFANTIL;0003 - MANUTENÇÃO DA EDUCAÇÃO BÁSICA;2006 - MANUTENÇÃO DA EDUCAÇÃO INFANTIL;;3.3.90.32.99 - 3.3.90.32.99;1.500.000 - RECURSOS NÃO VINCULADOS DE IMPOSTOS;1001 - IDENTIFICAÇÃO DAS DESPESAS COM MANUTENÇÃO E DESENVOLVIMENTO DO ENSINO;6121;20231204;67174.08;0;0;0;0;0;0;0;0;0;67174.08
3110004;303;02;509805;2023;8;12 - EDUCAÇÃO;122 - ADMINISTRAÇÃO GERAL;0002 - GESTÃO DA SECRETARIA MUNICIPAL DE EDUCAÇÃO;2001 - REMUNERAÇÃO PESSOAL DA SECRETARIA;;3.1.90.13.01 - 3.1.90.13.01;1.500.000 - RECURSOS NÃO VINCULADOS DE IMPOSTOS;1001 - IDENTIFICAÇÃO DAS DESPESAS COM MANUTENÇÃO E DESENVOLVIMENTO DO ENSINO;4287;20230828;2904.44;0;0;2904.44;0;0;0;0;0;2904.44;0
3110004;303;02;509805;2023;8;12 - EDUCAÇÃO;361 - ENSINO FUNDAMENTAL;0027 - GESTÃO DO CENTRO ESPECIALIZADO DE ATENÇÃO À CRIANÇA E AO ADOLESCENTE;2049 - MANUTENÇÃO DO CEACA;;3.1.90.13.01 - 3.1.90.13.01;1.500.000 - RECURSOS NÃO VINCULADOS DE IMPOSTOS;1001 - IDENTIFICAÇÃO DAS DESPESAS COM MANUTENÇÃO E DESENVOLVIMENTO DO ENSINO;4296;20230828;1973.81;0;0;1973.81;0;0;0;0;0;1973.81;0
3110004;303;02;509805;2023;1;12 - EDUCAÇÃO;122 - ADMINISTRAÇÃO GERAL;0002 - GESTÃO DA SECRETARIA MUNICIPAL DE EDUCAÇÃO;2002 - MANUTENÇÃO DA SECRETARIA;;3.3.90.49.00 - 3.3.90.49.00;1.500.000 - RECURSOS NÃO VINCULADOS DE IMPOSTOS;1001 - IDENTIFICAÇÃO DAS DESPESAS COM MANUTENÇÃO E DESENVOLVIMENTO DO ENSINO;605;20230127;112790;0;0;11896.5;0;11896.5;0;0;0;0;100893.5
3110004;303;02;509805;2023;1;12 - EDUCAÇÃO;361 - ENSINO FUNDAMENTAL;0003 - MANUTENÇÃO DA EDUCAÇÃO BÁSICA;1191 - REMUNERAÇÃO DOS PROFISSIONAIS DO ENSINO FUNDAMENTAL;;3.1.90.94.01 - 3.1.90.94.01;1.500.000 - RECURSOS NÃO VINCULADOS DE IMPOSTOS;1001 - IDENTIFICAÇÃO DAS DESPESAS COM MANUTENÇÃO E DESENVOLVIMENTO DO ENSINO;26;20230102;3290.4;0;0;3290.4;0;3290.4;0;0;0;0;0
3110004;303;02;509805;2023;1;12 - EDUCAÇÃO;365 - EDUCAÇÃO INFANTIL;0003 - MANUTENÇÃO DA EDUCAÇÃO BÁSICA;2006 - MANUTENÇÃO DA EDUCAÇÃO INFANTIL;;3.3.90.30.22 - 3.3.90.30.22;1.500.000 - RECURSOS NÃO VINCULADOS DE IMPOSTOS;1001 - IDENTIFICAÇÃO DAS DESPESAS COM MANUTENÇÃO E DESENVOLVIMENTO DO ENSINO;173;20230102;3585;0;0;0;0;0;0;0;0;0;3585
3110004;303;02;509805;2023;1;12 - EDUCAÇÃO;122 - ADMINISTRAÇÃO GERAL;0002 - GESTÃO DA SECRETARIA MUNICIPAL DE EDUCAÇÃO;2002 - MANUTENÇÃO DA SECRETARIA;;3.3.90.32.99 - 3.3.90.32.99;1.500.000 - RECURSOS NÃO VINCULADOS DE IMPOSTOS;1001 - IDENTIFICAÇÃO DAS DESPESAS COM MANUTENÇÃO E DESENVOLVIMENTO DO ENSINO;103;20230102;164713.7;0;0;0;0;0;0;0;0;0;164713.7
3110004;303;02;509805;2023;1;12 - EDUCAÇÃO;122 - ADMINISTRAÇÃO GERAL;0017 - APERFEIÇOAMENTO E VALORIZAÇÃO DOS PROFISSIONAIS DA EDUCAÇÃO;2038 - FORMAÇÃO E CAPACITAÇÃO PROFISSIONAIS DA EDUCAÇÃO;;3.3.90.39.38 - 3.3.90.39.38;1.500.000 - RECURSOS NÃO VINCULADOS DE IMPOSTOS;1001 - IDENTIFICAÇÃO DAS DESPESAS COM MANUTENÇÃO E DESENVOLVIMENTO DO ENSINO;604;20230127;1990;0;0;0;0;0;0;0;0;0;1990
3110004;303;02;509805;2023;1;12 - EDUCAÇÃO;122 - ADMINISTRAÇÃO GERAL;0002 - GESTÃO DA SECRETARIA MUNICIPAL DE EDUCAÇÃO;2002 - MANUTENÇÃO DA SECRETARIA;;3.3.90.49.00 - 3.3.90.49.00;1.500.000 - RECURSOS NÃO VINCULADOS DE IMPOSTOS;1001 - IDENTIFICAÇÃO DAS DESPESAS COM MANUTENÇÃO E DESENVOLVIMENTO DO ENSINO;58;20230102;7200;0;0;270;0;270;0;0;0;0;6930
3110004;303;02;509805;2023;1;12 - EDUCAÇÃO;365 - EDUCAÇÃO INFANTIL;0003 - MANUTENÇÃO DA EDUCAÇÃO BÁSICA;2006 - MANUTENÇÃO DA EDUCAÇÃO INFANTIL;;3.3.90.32.99 - 3.3.90.32.99;1.500.000 - RECURSOS NÃO VINCULADOS DE IMPOSTOS;1001 - IDENTIFICAÇÃO DAS DESPESAS COM MANUTENÇÃO E DESENVOLVIMENTO DO ENSINO;45;20230102;20344.5;0;0;0;0;0;0;0;0;0;20344.5
3110004;303;02;509805;2023;1;12 - EDUCAÇÃO;361 - ENSINO FUNDAMENTAL;0003 - MANUTENÇÃO DA EDUCAÇÃO BÁSICA;2062 - MANUTENÇÃO DO ENSINO FUNDAMENTAL;;3.3.90.39.61 - 3.3.90.39.61;1.500.000 - RECURSOS NÃO VINCULADOS DE IMPOSTOS;1001 - IDENTIFICAÇÃO DAS DESPESAS COM MANUTENÇÃO E DESENVOLVIMENTO DO ENSINO;183;20230102;4955;0;0;0;0;0;0;0;0;0;4955
3110004;303;02;509805;2023;1;12 - EDUCAÇÃO;122 - ADMINISTRAÇÃO GERAL;0002 - GESTÃO DA SECRETARIA MUNICIPAL DE EDUCAÇÃO;2002 - MANUTENÇÃO DA SECRETARIA;;3.3.90.14.05 - 3.3.90.14.05;1.500.000 - RECURSOS NÃO VINCULADOS DE IMPOSTOS;1001 - IDENTIFICAÇÃO DAS DESPESAS COM MANUTENÇÃO E DESENVOLVIMENTO DO ENSINO;156;20230102;23.6;0;0;23.6;0;0;0;0;0;23.6;0
3110004;303;02;509805;2023;2;12 - EDUCAÇÃO;122 - ADMINISTRAÇÃO GERAL;0002 - GESTÃO DA SECRETARIA MUNICIPAL DE EDUCAÇÃO;2002 - MANUTENÇÃO DA SECRETARIA;;3.3.90.14.05 - 3.3.90.14.05;1.500.000 - RECURSOS NÃO VINCULADOS DE IMPOSTOS;1001 - IDENTIFICAÇÃO DAS DESPESAS COM MANUTENÇÃO E DESENVOLVIMENTO DO ENSINO;153;20230102;0;0;0;0;0;47.2;0;0;0;-47.2;0
3110004;303;02;509805;2023;2;12 - EDUCAÇÃO;122 - ADMINISTRAÇÃO GERAL;0002 - GESTÃO DA SECRETARIA MUNICIPAL DE EDUCAÇÃO;2001 - REMUNERAÇÃO PESSOAL DA SECRETARIA;;3.1.90.04.99 - 3.1.90.04.99;1.500.000 - RECURSOS NÃO VINCULADOS DE IMPOSTOS;1001 - IDENTIFICAÇÃO DAS DESPESAS COM MANUTENÇÃO E DESENVOLVIMENTO DO ENSINO;889;20230224;1302;0;0;1302;0;1204.35;0;97.65;0;97.65;0
3110004;303;02;509805;2023;2;12 - EDUCAÇÃO;122 - ADMINISTRAÇÃO GERAL;0002 - GESTÃO DA SECRETARIA MUNICIPAL DE EDUCAÇÃO;2001 - REMUNERAÇÃO PESSOAL DA SECRETARIA;;3.1.90.13.01 - 3.1.90.13.01;1.500.000 - RECURSOS NÃO VINCULADOS DE IMPOSTOS;1001 - IDENTIFICAÇÃO DAS DESPESAS COM MANUTENÇÃO E DESENVOLVIMENTO DO ENSINO;985;20230224;974.61;0;0;974.61;0;0;0;0;0;974.61;0
3110004;303;02;509805;2023;3;12 - EDUCAÇÃO;365 - EDUCAÇÃO INFANTIL;0221 - MANUTENÇÃO DA EDUCAÇÃO BÁSICA;2407 - REMUNERAÇÃO PESSOAL EDUCAÇÃO INFANTILCRECHE;;3.1.90.13.03 - 3.1.90.13.03;1.500.000 - RECURSOS NÃO VINCULADOS DE IMPOSTOS;1001 - IDENTIFICAÇÃO DAS DESPESAS COM MANUTENÇÃO E DESENVOLVIMENTO DO ENSINO;1654;20230328;776.3;0;0;776.3;0;0;0;0;0;776.3;0
3110004;303;02;509805;2023;3;12 - EDUCAÇÃO;122 - ADMINISTRAÇÃO GERAL;0002 - GESTÃO DA SECRETARIA MUNICIPAL DE EDUCAÇÃO;2001 - REMUNERAÇÃO PESSOAL DA SECRETARIA;;3.1.90.11.09 - 3.1.90.11.09;1.500.000 - RECURSOS NÃO VINCULADOS DE IMPOSTOS;1001 - IDENTIFICAÇÃO DAS DESPESAS COM MANUTENÇÃO E DESENVOLVIMENTO DO ENSINO;1546;20230328;8592.2;0;0;8592.2;0;5756.91;0;2835.29;0;2835.29;0
3110004;303;02;509805;2023;3;12 - EDUCAÇÃO;361 - ENSINO FUNDAMENTAL;0019 - GESTÃO DO TRANSPORTE ESCOLAR;2042 - REMUNERAÇÃO PESSOAL TRANSPORTE ESCOLAR ENSINO FUNDAMENTAL;;3.1.90.13.03 - 3.1.90.13.03;1.500.000 - RECURSOS NÃO VINCULADOS DE IMPOSTOS;1001 - IDENTIFICAÇÃO DAS DESPESAS COM MANUTENÇÃO E DESENVOLVIMENTO DO ENSINO;991;20230224;0;0;0;0;0;913.88;0;0;0;-913.88;0
3110004;303;02;509805;2023;4;12 - EDUCAÇÃO;361 - ENSINO FUNDAMENTAL;0003 - MANUTENÇÃO DA EDUCAÇÃO BÁSICA;2329 - REMUNERAÇÃO DE ESTAGIÁRIOS;;3.3.90.36.07 - 3.3.90.36.07;1.500.000 - RECURSOS NÃO VINCULADOS DE IMPOSTOS;1001 - IDENTIFICAÇÃO DAS DESPESAS COM MANUTENÇÃO E DESENVOLVIMENTO DO ENSINO;2136;20230426;55132.26;0;0;55132.26;0;51919.8;0;0;0;3212.46;0
3110004;303;02;509805;2023;4;12 - EDUCAÇÃO;361 - ENSINO FUNDAMENTAL;0003 - MANUTENÇÃO DA EDUCAÇÃO BÁSICA;1191 - REMUNERAÇÃO DOS PROFISSIONAIS DO ENSINO FUNDAMENTAL;;3.1.90.13.03 - 3.1.90.13.03;1.500.000 - RECURSOS NÃO VINCULADOS DE IMPOSTOS;1001 - IDENTIFICAÇÃO DAS DESPESAS COM MANUTENÇÃO E DESENVOLVIMENTO DO ENSINO;2158;20230426;32249.28;0;0;32249.28;0;0;0;1615.14;0;32249.28;0
3110004;303;02;509805;2023;4;12 - EDUCAÇÃO;361 - ENSINO FUNDAMENTAL;0019 - GESTÃO DO TRANSPORTE ESCOLAR;2042 - REMUNERAÇÃO PESSOAL TRANSPORTE ESCOLAR ENSINO FUNDAMENTAL;;3.1.90.13.03 - 3.1.90.13.03;1.500.000 - RECURSOS NÃO VINCULADOS DE IMPOSTOS;1001 - IDENTIFICAÇÃO DAS DESPESAS COM MANUTENÇÃO E DESENVOLVIMENTO DO ENSINO;1652;20230328;0;0;0;0;0;1072.07;0;0;0;-1072.07;0
3110004;303;02;509805;2023;4;12 - EDUCAÇÃO;361 - ENSINO FUNDAMENTAL;0019 - GESTÃO DO TRANSPORTE ESCOLAR;2042 - REMUNERAÇÃO PESSOAL TRANSPORTE ESCOLAR ENSINO FUNDAMENTAL;;3.1.90.04.99 - 3.1.90.04.99;1.500.000 - RECURSOS NÃO VINCULADOS DE IMPOSTOS;1001 - IDENTIFICAÇÃO DAS DESPESAS COM MANUTENÇÃO E DESENVOLVIMENTO DO ENSINO;2060;20230426;4060.34;0;0;4060.34;0;3361.01;0;699.33;0;699.33;0
3110004;303;02;509805;2023;4;12 - EDUCAÇÃO;122 - ADMINISTRAÇÃO GERAL;0002 - GESTÃO DA SECRETARIA MUNICIPAL DE EDUCAÇÃO;2001 - REMUNERAÇÃO PESSOAL DA SECRETARIA;;3.3.90.46.00 - 3.3.90.46.00;1.500.000 - RECURSOS NÃO VINCULADOS DE IMPOSTOS;1001 - IDENTIFICAÇÃO DAS DESPESAS COM MANUTENÇÃO E DESENVOLVIMENTO DO ENSINO;97;20230102;0;0;0;85320;0;85320;0;0;0;0;-85320
3110004;303;02;509805;2023;4;12 - EDUCAÇÃO;122 - ADMINISTRAÇÃO GERAL;0002 - GESTÃO DA SECRETARIA MUNICIPAL DE EDUCAÇÃO;2002 - MANUTENÇÃO DA SECRETARIA;;3.3.90.39.60 - 3.3.90.39.60;1.500.000 - RECURSOS NÃO VINCULADOS DE IMPOSTOS;1001 - IDENTIFICAÇÃO DAS DESPESAS COM MANUTENÇÃO E DESENVOLVIMENTO DO ENSINO;76;20230102;0;0;0;7365.6;0;7152;0;213.6;0;213.6;-7365.6
3110004;303;02;509805;2023;4;12 - EDUCAÇÃO;122 - ADMINISTRAÇÃO GERAL;0002 - GESTÃO DA SECRETARIA MUNICIPAL DE EDUCAÇÃO;2002 - MANUTENÇÃO DA SECRETARIA;;3.3.90.40.06 - 3.3.90.40.06;1.500.000 - RECURSOS NÃO VINCULADOS DE IMPOSTOS;1001 - IDENTIFICAÇÃO DAS DESPESAS COM MANUTENÇÃO E DESENVOLVIMENTO DO ENSINO;259;20230110;0;0;0;5868.1;0;5868.1;0;0;0;0;-5868.1
3110004;303;02;509805;2023;4;12 - EDUCAÇÃO;122 - ADMINISTRAÇÃO GERAL;0002 - GESTÃO DA SECRETARIA MUNICIPAL DE EDUCAÇÃO;2001 - REMUNERAÇÃO PESSOAL DA SECRETARIA;;3.1.90.13.03 - 3.1.90.13.03;1.500.000 - RECURSOS NÃO VINCULADOS DE IMPOSTOS;1001 - IDENTIFICAÇÃO DAS DESPESAS COM MANUTENÇÃO E DESENVOLVIMENTO DO ENSINO;1645;20230328;0;0;0;0;0;5617.27;0;0;0;-5617.27;0
3110004;303;02;509805;2023;4;12 - EDUCAÇÃO;122 - ADMINISTRAÇÃO GERAL;0002 - GESTÃO DA SECRETARIA MUNICIPAL DE EDUCAÇÃO;2002 - MANUTENÇÃO DA SECRETARIA;;3.3.90.14.05 - 3.3.90.14.05;1.500.000 - RECURSOS NÃO VINCULADOS DE IMPOSTOS;1001 - IDENTIFICAÇÃO DAS DESPESAS COM MANUTENÇÃO E DESENVOLVIMENTO DO ENSINO;1774;20230403;94.4;0;0;94.4;0;94.4;0;0;0;0;0
3110004;303;02;509805;2023;4;12 - EDUCAÇÃO;361 - ENSINO FUNDAMENTAL;0003 - MANUTENÇÃO DA EDUCAÇÃO BÁSICA;1191 - REMUNERAÇÃO DOS PROFISSIONAIS DO ENSINO FUNDAMENTAL;;3.1.90.94.01 - 3.1.90.94.01;1.500.000 - RECURSOS NÃO VINCULADOS DE IMPOSTOS;1001 - IDENTIFICAÇÃO DAS DESPESAS COM MANUTENÇÃO E DESENVOLVIMENTO DO ENSINO;1788;20230403;2109.36;0;0;2109.36;0;2109.36;0;0;0;0;0
3110004;303;02;509805;2023;5;12 - EDUCAÇÃO;122 - ADMINISTRAÇÃO GERAL;0002 - GESTÃO DA SECRETARIA MUNICIPAL DE EDUCAÇÃO;2002 - MANUTENÇÃO DA SECRETARIA;;3.3.90.39.13 - 3.3.90.39.13;1.500.000 - RECURSOS NÃO VINCULADOS DE IMPOSTOS;1001 - IDENTIFICAÇÃO DAS DESPESAS COM MANUTENÇÃO E DESENVOLVIMENTO DO ENSINO;541;20230127;0;0;0;8788.15;0;8788.15;0;0;0;0;-8788.15
3110004;303;02;509805;2023;5;12 - EDUCAÇÃO;365 - EDUCAÇÃO INFANTIL;0221 - MANUTENÇÃO DA EDUCAÇÃO BÁSICA;2407 - REMUNERAÇÃO PESSOAL EDUCAÇÃO INFANTILCRECHE;;3.1.90.13.03 - 3.1.90.13.03;1.500.000 - RECURSOS NÃO VINCULADOS DE IMPOSTOS;1001 - IDENTIFICAÇÃO DAS DESPESAS COM MANUTENÇÃO E DESENVOLVIMENTO DO ENSINO;2163;20230426;0;0;0;0;0;1019.74;0;0;0;-1019.74;0
3110004;303;02;509805;2023;5;12 - EDUCAÇÃO;122 - ADMINISTRAÇÃO GERAL;0002 - GESTÃO DA SECRETARIA MUNICIPAL DE EDUCAÇÃO;2001 - REMUNERAÇÃO PESSOAL DA SECRETARIA;;3.1.90.13.03 - 3.1.90.13.03;1.500.000 - RECURSOS NÃO VINCULADOS DE IMPOSTOS;1001 - IDENTIFICAÇÃO DAS DESPESAS COM MANUTENÇÃO E DESENVOLVIMENTO DO ENSINO;2678;20230530;14802.91;0;0;14802.91;0;0;0;59.82;0;14802.91;0
3110004;303;02;509805;2023;5;12 - EDUCAÇÃO;361 - ENSINO FUNDAMENTAL;0027 - GESTÃO DO CENTRO ESPECIALIZADO DE ATENÇÃO À CRIANÇA E AO ADOLESCENTE;2049 - MANUTENÇÃO DO CEACA;;3.1.90.11.11 - 3.1.90.11.11;1.500.000 - RECURSOS NÃO VINCULADOS DE IMPOSTOS;1001 - IDENTIFICAÇÃO DAS DESPESAS COM MANUTENÇÃO E DESENVOLVIMENTO DO ENSINO;2589;20230530;40892.13;0;0;40892.13;0;32122.34;0;8769.79;0;8769.79;0
3110004;303;02;509805;2023;5;12 - EDUCAÇÃO;122 - ADMINISTRAÇÃO GERAL;0002 - GESTÃO DA SECRETARIA MUNICIPAL DE EDUCAÇÃO;2002 - MANUTENÇÃO DA SECRETARIA;;3.3.90.49.00 - 3.3.90.49.00;1.500.000 - RECURSOS NÃO VINCULADOS DE IMPOSTOS;1001 - IDENTIFICAÇÃO DAS DESPESAS COM MANUTENÇÃO E DESENVOLVIMENTO DO ENSINO;605;20230127;0;0;0;14260.4;0;14260.4;0;0;0;0;-14260.4
3110004;303;02;509805;2023;5;12 - EDUCAÇÃO;122 - ADMINISTRAÇÃO GERAL;0002 - GESTÃO DA SECRETARIA MUNICIPAL DE EDUCAÇÃO;2002 - MANUTENÇÃO DA SECRETARIA;;3.3.90.49.00 - 3.3.90.49.00;1.500.000 - RECURSOS NÃO VINCULADOS DE IMPOSTOS;1001 - IDENTIFICAÇÃO DAS DESPESAS COM MANUTENÇÃO E DESENVOLVIMENTO DO ENSINO;55;20230102;0;0;0;1512;0;1512;0;0;0;0;-1512
3110004;303;02;509805;2023;5;12 - EDUCAÇÃO;122 - ADMINISTRAÇÃO GERAL;0002 - GESTÃO DA SECRETARIA MUNICIPAL DE EDUCAÇÃO;2001 - REMUNERAÇÃO PESSOAL DA SECRETARIA;;3.1.90.16.00 - 3.1.90.16.00;1.500.000 - RECURSOS NÃO VINCULADOS DE IMPOSTOS;1001 - IDENTIFICAÇÃO DAS DESPESAS COM MANUTENÇÃO E DESENVOLVIMENTO DO ENSINO;2580;20230530;1123.76;0;0;1123.76;0;1123.76;0;0;0;0;0
3110004;303;02;509805;2023;5;12 - EDUCAÇÃO;122 - ADMINISTRAÇÃO GERAL;0002 - GESTÃO DA SECRETARIA MUNICIPAL DE EDUCAÇÃO;2002 - MANUTENÇÃO DA SECRETARIA;;3.3.90.39.29 - 3.3.90.39.29;1.500.000 - RECURSOS NÃO VINCULADOS DE IMPOSTOS;1001 - IDENTIFICAÇÃO DAS DESPESAS COM MANUTENÇÃO E DESENVOLVIMENTO DO ENSINO;79;20230102;0;0;0;41.89;0;41.89;0;0;0;0;-41.89
3110004;303;02;509805;2023;5;12 - EDUCAÇÃO;361 - ENSINO FUNDAMENTAL;0003 - MANUTENÇÃO DA EDUCAÇÃO BÁSICA;2329 - REMUNERAÇÃO DE ESTAGIÁRIOS;;3.3.90.36.07 - 3.3.90.36.07;1.500.000 - RECURSOS NÃO VINCULADOS DE IMPOSTOS;1001 - IDENTIFICAÇÃO DAS DESPESAS COM MANUTENÇÃO E DESENVOLVIMENTO DO ENSINO;2136;20230426;0;0;0;0;0;1784.22;0;0;0;-1784.22;0
3110004;303;02;509805;2023;5;12 - EDUCAÇÃO;122 - ADMINISTRAÇÃO GERAL;0002 - GESTÃO DA SECRETARIA MUNICIPAL DE EDUCAÇÃO;2002 - MANUTENÇÃO DA SECRETARIA;;3.3.90.30.24 - 3.3.90.30.24;1.500.000 - RECURSOS NÃO VINCULADOS DE IMPOSTOS;1001 - IDENTIFICAÇÃO DAS DESPESAS COM MANUTENÇÃO E DESENVOLVIMENTO DO ENSINO;2524;20230529;14745.71;0;0;0;0;0;0;0;0;0;14745.71
3110004;303;02;509805;2023;6;12 - EDUCAÇÃO;361 - ENSINO FUNDAMENTAL;0003 - MANUTENÇÃO DA EDUCAÇÃO BÁSICA;1191 - REMUNERAÇÃO DOS PROFISSIONAIS DO ENSINO FUNDAMENTAL;;3.1.90.94.01 - 3.1.90.94.01;1.500.000 - RECURSOS NÃO VINCULADOS DE IMPOSTOS;1001 - IDENTIFICAÇÃO DAS DESPESAS COM MANUTENÇÃO E DESENVOLVIMENTO DO ENSINO;3102;20230628;3122.18;0;0;3122.18;0;3122.18;0;0;0;0;0
3110004;303;02;509805;2023;6;12 - EDUCAÇÃO;365 - EDUCAÇÃO INFANTIL;0003 - MANUTENÇÃO DA EDUCAÇÃO BÁSICA;1042 - CONSTRUÇÃO E REFORMA DE CRECHE EDUCAÇÃO INFANTIL;;4.4.90.51.02 - 4.4.90.51.02;1.500.000 - RECURSOS NÃO VINCULADOS DE IMPOSTOS;1001 - IDENTIFICAÇÃO DAS DESPESAS COM MANUTENÇÃO E DESENVOLVIMENTO DO ENSINO;2531;20230529;0;0;0;56481.43;0;54786.99;0;1694.44;0;1694.44;-56481.43
3110004;303;02;509805;2023;6;12 - EDUCAÇÃO;122 - ADMINISTRAÇÃO GERAL;0002 - GESTÃO DA SECRETARIA MUNICIPAL DE EDUCAÇÃO;2002 - MANUTENÇÃO DA SECRETARIA;;3.3.90.14.05 - 3.3.90.14.05;1.500.000 - RECURSOS NÃO VINCULADOS DE IMPOSTOS;1001 - IDENTIFICAÇÃO DAS DESPESAS COM MANUTENÇÃO E DESENVOLVIMENTO DO ENSINO;2903;20230613;43.43;0;0;43.43;0;43.43;0;0;0;0;0
3110004;303;02;509805;2023;6;12 - EDUCAÇÃO;361 - ENSINO FUNDAMENTAL;0003 - MANUTENÇÃO DA EDUCAÇÃO BÁSICA;1191 - REMUNERAÇÃO DOS PROFISSIONAIS DO ENSINO FUNDAMENTAL;;3.1.90.13.03 - 3.1.90.13.03;1.500.000 - RECURSOS NÃO VINCULADOS DE IMPOSTOS;1001 - IDENTIFICAÇÃO DAS DESPESAS COM MANUTENÇÃO E DESENVOLVIMENTO DO ENSINO;2682;20230530;0;0;0;0;0;51604.22;0;0;0;-51604.22;0
3110004;303;02;509805;2023;6;12 - EDUCAÇÃO;122 - ADMINISTRAÇÃO GERAL;0002 - GESTÃO DA SECRETARIA MUNICIPAL DE EDUCAÇÃO;2002 - MANUTENÇÃO DA SECRETARIA;;3.3.90.14.05 - 3.3.90.14.05;1.500.000 - RECURSOS NÃO VINCULADOS DE IMPOSTOS;1001 - IDENTIFICAÇÃO DAS DESPESAS COM MANUTENÇÃO E DESENVOLVIMENTO DO ENSINO;2764;20230530;0;0;0;0;0;86.86;0;0;0;-86.86;0
3110004;303;02;509805;2023;6;12 - EDUCAÇÃO;122 - ADMINISTRAÇÃO GERAL;0002 - GESTÃO DA SECRETARIA MUNICIPAL DE EDUCAÇÃO;2001 - REMUNERAÇÃO PESSOAL DA SECRETARIA;;3.1.90.13.01 - 3.1.90.13.01;1.500.000 - RECURSOS NÃO VINCULADOS DE IMPOSTOS;1001 - IDENTIFICAÇÃO DAS DESPESAS COM MANUTENÇÃO E DESENVOLVIMENTO DO ENSINO;2677;20230530;0;0;0;0;0;4044.2;0;0;0;-4044.2;0
3110004;303;02;509805;2023;6;12 - EDUCAÇÃO;122 - ADMINISTRAÇÃO GERAL;0002 - GESTÃO DA SECRETARIA MUNICIPAL DE EDUCAÇÃO;2002 - MANUTENÇÃO DA SECRETARIA;;3.3.90.30.16 - 3.3.90.30.16;1.500.000 - RECURSOS NÃO VINCULADOS DE IMPOSTOS;1001 - IDENTIFICAÇÃO DAS DESPESAS COM MANUTENÇÃO E DESENVOLVIMENTO DO ENSINO;2793;20230601;5966.4;0;0;5966.4;0;5966.4;0;0;0;0;0
3110004;303;02;509805;2023;6;12 - EDUCAÇÃO;122 - ADMINISTRAÇÃO GERAL;0002 - GESTÃO DA SECRETARIA MUNICIPAL DE EDUCAÇÃO;2001 - REMUNERAÇÃO PESSOAL DA SECRETARIA;;3.1.90.04.99 - 3.1.90.04.99;1.500.000 - RECURSOS NÃO VINCULADOS DE IMPOSTOS;1001 - IDENTIFICAÇÃO DAS DESPESAS COM MANUTENÇÃO E DESENVOLVIMENTO DO ENSINO;3148;20230628;1409.46;0;0;1409.46;0;1302.41;0;107.05;0;107.05;0
3110004;303;02;509805;2023;6;12 - EDUCAÇÃO;361 - ENSINO FUNDAMENTAL;0003 - MANUTENÇÃO DA EDUCAÇÃO BÁSICA;1191 - REMUNERAÇÃO DOS PROFISSIONAIS DO ENSINO FUNDAMENTAL;;3.1.90.13.01 - 3.1.90.13.01;1.500.000 - RECURSOS NÃO VINCULADOS DE IMPOSTOS;1001 - IDENTIFICAÇÃO DAS DESPESAS COM MANUTENÇÃO E DESENVOLVIMENTO DO ENSINO;3255;20230628;8281.07;0;0;8281.07;0;0;0;0;0;8281.07;0
3110004;303;02;509805;2023;6;12 - EDUCAÇÃO;361 - ENSINO FUNDAMENTAL;0003 - MANUTENÇÃO DA EDUCAÇÃO BÁSICA;1191 - REMUNERAÇÃO DOS PROFISSIONAIS DO ENSINO FUNDAMENTAL;;3.1.90.13.03 - 3.1.90.13.03;1.500.000 - RECURSOS NÃO VINCULADOS DE IMPOSTOS;1001 - IDENTIFICAÇÃO DAS DESPESAS COM MANUTENÇÃO E DESENVOLVIMENTO DO ENSINO;3256;20230628;38925.44;0;0;38925.44;0;0;0;1664.48;0;38925.44;0
3110004;303;02;509805;2023;6;12 - EDUCAÇÃO;122 - ADMINISTRAÇÃO GERAL;0002 - GESTÃO DA SECRETARIA MUNICIPAL DE EDUCAÇÃO;2002 - MANUTENÇÃO DA SECRETARIA;;3.3.90.32.99 - 3.3.90.32.99;1.500.000 - RECURSOS NÃO VINCULADOS DE IMPOSTOS;1001 - IDENTIFICAÇÃO DAS DESPESAS COM MANUTENÇÃO E DESENVOLVIMENTO DO ENSINO;3062;20230628;1024;0;0;0;0;0;0;0;0;0;1024
3110004;303;02;509805;2023;6;12 - EDUCAÇÃO;122 - ADMINISTRAÇÃO GERAL;0002 - GESTÃO DA SECRETARIA MUNICIPAL DE EDUCAÇÃO;2001 - REMUNERAÇÃO PESSOAL DA SECRETARIA;;3.1.90.13.01 - 3.1.90.13.01;1.500.000 - RECURSOS NÃO VINCULADOS DE IMPOSTOS;1001 - IDENTIFICAÇÃO DAS DESPESAS COM MANUTENÇÃO E DESENVOLVIMENTO DO ENSINO;3251;20230628;2953.75;0;0;2953.75;0;0;0;0;0;2953.75;0
3110004;303;02;509805;2023;6;12 - EDUCAÇÃO;365 - EDUCAÇÃO INFANTIL;0221 - MANUTENÇÃO DA EDUCAÇÃO BÁSICA;2407 - REMUNERAÇÃO PESSOAL EDUCAÇÃO INFANTILCRECHE;;3.1.90.13.01 - 3.1.90.13.01;1.500.000 - RECURSOS NÃO VINCULADOS DE IMPOSTOS;1001 - IDENTIFICAÇÃO DAS DESPESAS COM MANUTENÇÃO E DESENVOLVIMENTO DO ENSINO;3262;20230628;446.66;0;0;446.66;0;0;0;0;0;446.66;0
3110004;303;02;509805;2023;6;12 - EDUCAÇÃO;361 - ENSINO FUNDAMENTAL;0003 - MANUTENÇÃO DA EDUCAÇÃO BÁSICA;1191 - REMUNERAÇÃO DOS PROFISSIONAIS DO ENSINO FUNDAMENTAL;;3.1.90.94.01 - 3.1.90.94.01;1.500.000 - RECURSOS NÃO VINCULADOS DE IMPOSTOS;1001 - IDENTIFICAÇÃO DAS DESPESAS COM MANUTENÇÃO E DESENVOLVIMENTO DO ENSINO;3100;20230628;3530.71;0;0;3530.71;0;3530.71;0;0;0;0;0
3110004;303;02;509805;2023;6;12 - EDUCAÇÃO;365 - EDUCAÇÃO INFANTIL;0221 - MANUTENÇÃO DA EDUCAÇÃO BÁSICA;2407 - REMUNERAÇÃO PESSOAL EDUCAÇÃO INFANTILCRECHE;;3.1.90.13.01 - 3.1.90.13.01;1.500.000 - RECURSOS NÃO VINCULADOS DE IMPOSTOS;1001 - IDENTIFICAÇÃO DAS DESPESAS COM MANUTENÇÃO E DESENVOLVIMENTO DO ENSINO;2688;20230530;0;0;0;0;0;613.63;0;0;0;-613.63;0
3110004;303;02;509805;2023;7;12 - EDUCAÇÃO;365 - EDUCAÇÃO INFANTIL;0221 - MANUTENÇÃO DA EDUCAÇÃO BÁSICA;2407 - REMUNERAÇÃO PESSOAL EDUCAÇÃO INFANTILCRECHE;;3.1.90.11.11 - 3.1.90.11.11;1.500.000 - RECURSOS NÃO VINCULADOS DE IMPOSTOS;1001 - IDENTIFICAÇÃO DAS DESPESAS COM MANUTENÇÃO E DESENVOLVIMENTO DO ENSINO;3675;20230727;5583.23;0;0;5583.23;0;4403.6;0;1179.63;0;1179.63;0
3110004;303;02;509805;2023;7;12 - EDUCAÇÃO;122 - ADMINISTRAÇÃO GERAL;0002 - GESTÃO DA SECRETARIA MUNICIPAL DE EDUCAÇÃO;2002 - MANUTENÇÃO DA SECRETARIA;;3.3.90.39.13 - 3.3.90.39.13;1.500.000 - RECURSOS NÃO VINCULADOS DE IMPOSTOS;1001 - IDENTIFICAÇÃO DAS DESPESAS COM MANUTENÇÃO E DESENVOLVIMENTO DO ENSINO;3462;20230711;51800;0;0;0;0;0;0;0;0;0;51800
3110004;303;02;509805;2023;7;12 - EDUCAÇÃO;361 - ENSINO FUNDAMENTAL;0003 - MANUTENÇÃO DA EDUCAÇÃO BÁSICA;2062 - MANUTENÇÃO DO ENSINO FUNDAMENTAL;;3.1.90.13.01 - 3.1.90.13.01;1.500.000 - RECURSOS NÃO VINCULADOS DE IMPOSTOS;1001 - IDENTIFICAÇÃO DAS DESPESAS COM MANUTENÇÃO E DESENVOLVIMENTO DO ENSINO;3257;20230628;0;0;0;0;0;1712.16;0;0;0;-1712.16;0
3110004;303;02;509805;2023;7;12 - EDUCAÇÃO;361 - ENSINO FUNDAMENTAL;0027 - GESTÃO DO CENTRO ESPECIALIZADO DE ATENÇÃO À CRIANÇA E AO ADOLESCENTE;2049 - MANUTENÇÃO DO CEACA;;3.1.90.13.03 - 3.1.90.13.03;1.500.000 - RECURSOS NÃO VINCULADOS DE IMPOSTOS;1001 - IDENTIFICAÇÃO DAS DESPESAS COM MANUTENÇÃO E DESENVOLVIMENTO DO ENSINO;3776;20230727;6580.08;0;0;6580.08;0;0;0;0;0;6580.08;0
3110004;303;02;509805;2023;7;12 - EDUCAÇÃO;361 - ENSINO FUNDAMENTAL;0003 - MANUTENÇÃO DA EDUCAÇÃO BÁSICA;1191 - REMUNERAÇÃO DOS PROFISSIONAIS DO ENSINO FUNDAMENTAL;;3.1.90.94.01 - 3.1.90.94.01;1.500.000 - RECURSOS NÃO VINCULADOS DE IMPOSTOS;1001 - IDENTIFICAÇÃO DAS DESPESAS COM MANUTENÇÃO E DESENVOLVIMENTO DO ENSINO;3593;20230724;2588.95;0;0;2588.95;0;2588.95;0;0;0;0;0
3110004;303;02;509805;2023;7;12 - EDUCAÇÃO;365 - EDUCAÇÃO INFANTIL;0221 - MANUTENÇÃO DA EDUCAÇÃO BÁSICA;2407 - REMUNERAÇÃO PESSOAL EDUCAÇÃO INFANTILCRECHE;;3.1.90.13.01 - 3.1.90.13.01;1.500.000 - RECURSOS NÃO VINCULADOS DE IMPOSTOS;1001 - IDENTIFICAÇÃO DAS DESPESAS COM MANUTENÇÃO E DESENVOLVIMENTO DO ENSINO;3777;20230727;446.66;0;0;446.66;0;0;0;0;0;446.66;0
3110004;303;02;509805;2023;7;12 - EDUCAÇÃO;361 - ENSINO FUNDAMENTAL;0027 - GESTÃO DO CENTRO ESPECIALIZADO DE ATENÇÃO À CRIANÇA E AO ADOLESCENTE;2049 - MANUTENÇÃO DO CEACA;;3.1.90.13.03 - 3.1.90.13.03;1.500.000 - RECURSOS NÃO VINCULADOS DE IMPOSTOS;1001 - IDENTIFICAÇÃO DAS DESPESAS COM MANUTENÇÃO E DESENVOLVIMENTO DO ENSINO;3261;20230628;0;0;0;0;0;6577.98;0;0;0;-6577.98;0
3110004;303;02;509805;2023;7;12 - EDUCAÇÃO;361 - ENSINO FUNDAMENTAL;0003 - MANUTENÇÃO DA EDUCAÇÃO BÁSICA;1191 - REMUNERAÇÃO DOS PROFISSIONAIS DO ENSINO FUNDAMENTAL;;3.1.90.04.99 - 3.1.90.04.99;1.500.000 - RECURSOS NÃO VINCULADOS DE IMPOSTOS;1001 - IDENTIFICAÇÃO DAS DESPESAS COM MANUTENÇÃO E DESENVOLVIMENTO DO ENSINO;3668;20230727;67071.43;0;0;67071.43;0;47702.41;0;19369.02;0;19369.02;0
3110004;303;02;509805;2023;7;12 - EDUCAÇÃO;122 - ADMINISTRAÇÃO GERAL;0002 - GESTÃO DA SECRETARIA MUNICIPAL DE EDUCAÇÃO;2002 - MANUTENÇÃO DA SECRETARIA;;4.4.90.52.06 - 4.4.90.52.06;1.500.000 - RECURSOS NÃO VINCULADOS DE IMPOSTOS;1001 - IDENTIFICAÇÃO DAS DESPESAS COM MANUTENÇÃO E DESENVOLVIMENTO DO ENSINO;2529;20230529;0;0;0;1770.08;0;1770.08;0;0;0;0;-1770.08
3110004;303;02;509805;2023;7;12 - EDUCAÇÃO;361 - ENSINO FUNDAMENTAL;0003 - MANUTENÇÃO DA EDUCAÇÃO BÁSICA;2062 - MANUTENÇÃO DO ENSINO FUNDAMENTAL;;3.1.90.13.01 - 3.1.90.13.01;1.500.000 - RECURSOS NÃO VINCULADOS DE IMPOSTOS;1001 - IDENTIFICAÇÃO DAS DESPESAS COM MANUTENÇÃO E DESENVOLVIMENTO DO ENSINO;3772;20230727;1912.4;0;0;1912.4;0;0;0;0;0;1912.4;0
3110004;303;02;509805;2023;7;12 - EDUCAÇÃO;122 - ADMINISTRAÇÃO GERAL;0002 - GESTÃO DA SECRETARIA MUNICIPAL DE EDUCAÇÃO;2002 - MANUTENÇÃO DA SECRETARIA;;3.3.90.40.02 - 3.3.90.40.02;1.500.000 - RECURSOS NÃO VINCULADOS DE IMPOSTOS;1001 - IDENTIFICAÇÃO DAS DESPESAS COM MANUTENÇÃO E DESENVOLVIMENTO DO ENSINO;2356;20230510;0;0;0;789.59;0;0;0;0;0;789.59;-789.59
3110004;303;02;509805;2023;7;12 - EDUCAÇÃO;361 - ENSINO FUNDAMENTAL;0019 - GESTÃO DO TRANSPORTE ESCOLAR;2042 - REMUNERAÇÃO PESSOAL TRANSPORTE ESCOLAR ENSINO FUNDAMENTAL;;3.1.90.13.03 - 3.1.90.13.03;1.500.000 - RECURSOS NÃO VINCULADOS DE IMPOSTOS;1001 - IDENTIFICAÇÃO DAS DESPESAS COM MANUTENÇÃO E DESENVOLVIMENTO DO ENSINO;3259;20230628;0;0;0;0;0;1103.22;0;0;0;-1103.22;0
3110004;303;02;509805;2023;7;12 - EDUCAÇÃO;365 - EDUCAÇÃO INFANTIL;0221 - MANUTENÇÃO DA EDUCAÇÃO BÁSICA;2407 - REMUNERAÇÃO PESSOAL EDUCAÇÃO INFANTILCRECHE;;3.1.90.13.03 - 3.1.90.13.03;1.500.000 - RECURSOS NÃO VINCULADOS DE IMPOSTOS;1001 - IDENTIFICAÇÃO DAS DESPESAS COM MANUTENÇÃO E DESENVOLVIMENTO DO ENSINO;3263;20230628;0;0;0;0;0;1187.99;0;0;0;-1187.99;0
3110004;303;02;509805;2023;8;12 - EDUCAÇÃO;361 - ENSINO FUNDAMENTAL;0003 - MANUTENÇÃO DA EDUCAÇÃO BÁSICA;1191 - REMUNERAÇÃO DOS PROFISSIONAIS DO ENSINO FUNDAMENTAL;;3.1.90.13.01 - 3.1.90.13.01;1.500.000 - RECURSOS NÃO VINCULADOS DE IMPOSTOS;1001 - IDENTIFICAÇÃO DAS DESPESAS COM MANUTENÇÃO E DESENVOLVIMENTO DO ENSINO;4291;20230828;8177.21;0;0;8177.21;0;0;0;0;0;8177.21;0
3110004;303;02;509805;2023;8;12 - EDUCAÇÃO;361 - ENSINO FUNDAMENTAL;0019 - GESTÃO DO TRANSPORTE ESCOLAR;2042 - REMUNERAÇÃO PESSOAL TRANSPORTE ESCOLAR ENSINO FUNDAMENTAL;;3.1.90.04.99 - 3.1.90.04.99;1.500.000 - RECURSOS NÃO VINCULADOS DE IMPOSTOS;1001 - IDENTIFICAÇÃO DAS DESPESAS COM MANUTENÇÃO E DESENVOLVIMENTO DO ENSINO;4191;20230828;3950.81;0;0;3950.81;0;3018.91;0;931.9;0;931.9;0
3110004;303;02;509805;2023;8;12 - EDUCAÇÃO;361 - ENSINO FUNDAMENTAL;0003 - MANUTENÇÃO DA EDUCAÇÃO BÁSICA;1191 - REMUNERAÇÃO DOS PROFISSIONAIS DO ENSINO FUNDAMENTAL;;3.1.90.94.01 - 3.1.90.94.01;1.500.000 - RECURSOS NÃO VINCULADOS DE IMPOSTOS;1001 - IDENTIFICAÇÃO DAS DESPESAS COM MANUTENÇÃO E DESENVOLVIMENTO DO ENSINO;3946;20230802;2426.32;0;0;2426.32;0;2426.32;0;0;0;0;0
3110004;303;02;509805;2023;8;12 - EDUCAÇÃO;122 - ADMINISTRAÇÃO GERAL;0002 - GESTÃO DA SECRETARIA MUNICIPAL DE EDUCAÇÃO;2002 - MANUTENÇÃO DA SECRETARIA;;3.3.90.32.99 - 3.3.90.32.99;1.500.000 - RECURSOS NÃO VINCULADOS DE IMPOSTOS;1001 - IDENTIFICAÇÃO DAS DESPESAS COM MANUTENÇÃO E DESENVOLVIMENTO DO ENSINO;3062;20230628;0;0;0;1024;0;1011.71;0;12.29;0;12.29;-1024
3110004;303;02;509805;2023;8;12 - EDUCAÇÃO;361 - ENSINO FUNDAMENTAL;0019 - GESTÃO DO TRANSPORTE ESCOLAR;2042 - REMUNERAÇÃO PESSOAL TRANSPORTE ESCOLAR ENSINO FUNDAMENTAL;;3.1.90.13.03 - 3.1.90.13.03;1.500.000 - RECURSOS NÃO VINCULADOS DE IMPOSTOS;1001 - IDENTIFICAÇÃO DAS DESPESAS COM MANUTENÇÃO E DESENVOLVIMENTO DO ENSINO;4295;20230828;1113.03;0;0;1113.03;0;0;0;0;0;1113.03;0
3110004;303;02;509805;2023;8;12 - EDUCAÇÃO;361 - ENSINO FUNDAMENTAL;0003 - MANUTENÇÃO DA EDUCAÇÃO BÁSICA;1191 - REMUNERAÇÃO DOS PROFISSIONAIS DO ENSINO FUNDAMENTAL;;3.1.90.16.00 - 3.1.90.16.00;1.500.000 - RECURSOS NÃO VINCULADOS DE IMPOSTOS;1001 - IDENTIFICAÇÃO DAS DESPESAS COM MANUTENÇÃO E DESENVOLVIMENTO DO ENSINO;4189;20230828;4911.04;0;0;4911.04;0;4628.1;0;282.94;0;282.94;0
3110004;303;02;509805;2023;8;12 - EDUCAÇÃO;361 - ENSINO FUNDAMENTAL;0019 - GESTÃO DO TRANSPORTE ESCOLAR;2041 - MANUTENÇÃO TRANSPORTE ESCOLAR DO ENSINO FUNDAMENTAL;;3.3.90.39.99 - 3.3.90.39.99;1.500.000 - RECURSOS NÃO VINCULADOS DE IMPOSTOS;1001 - IDENTIFICAÇÃO DAS DESPESAS COM MANUTENÇÃO E DESENVOLVIMENTO DO ENSINO;3112;20230628;0;0;0;4561.93;0;4550.98;0;10.95;0;10.95;-4561.93
3110004;303;02;509805;2023;8;12 - EDUCAÇÃO;122 - ADMINISTRAÇÃO GERAL;0002 - GESTÃO DA SECRETARIA MUNICIPAL DE EDUCAÇÃO;2002 - MANUTENÇÃO DA SECRETARIA;;3.3.90.40.02 - 3.3.90.40.02;1.500.000 - RECURSOS NÃO VINCULADOS DE IMPOSTOS;1001 - IDENTIFICAÇÃO DAS DESPESAS COM MANUTENÇÃO E DESENVOLVIMENTO DO ENSINO;2356;20230510;0;0;0;789.59;0;789.59;0;0;0;0;-789.59
3110004;303;02;509805;2023;8;12 - EDUCAÇÃO;122 - ADMINISTRAÇÃO GERAL;0002 - GESTÃO DA SECRETARIA MUNICIPAL DE EDUCAÇÃO;2002 - MANUTENÇÃO DA SECRETARIA;;3.3.90.14.05 - 3.3.90.14.05;1.500.000 - RECURSOS NÃO VINCULADOS DE IMPOSTOS;1001 - IDENTIFICAÇÃO DAS DESPESAS COM MANUTENÇÃO E DESENVOLVIMENTO DO ENSINO;4139;20230825;217.15;0;0;217.15;0;0;0;0;0;217.15;0
3110004;303;02;509805;2023;8;12 - EDUCAÇÃO;122 - ADMINISTRAÇÃO GERAL;0002 - GESTÃO DA SECRETARIA MUNICIPAL DE EDUCAÇÃO;2002 - MANUTENÇÃO DA SECRETARIA;;3.3.90.32.99 - 3.3.90.32.99;1.500.000 - RECURSOS NÃO VINCULADOS DE IMPOSTOS;1001 - IDENTIFICAÇÃO DAS DESPESAS COM MANUTENÇÃO E DESENVOLVIMENTO DO ENSINO;3063;20230628;0;0;0;6675.8;0;6595.69;0;80.11;0;80.11;-6675.8
3110004;303;02;509805;2023;8;12 - EDUCAÇÃO;122 - ADMINISTRAÇÃO GERAL;0002 - GESTÃO DA SECRETARIA MUNICIPAL DE EDUCAÇÃO;2002 - MANUTENÇÃO DA SECRETARIA;;3.3.90.49.00 - 3.3.90.49.00;1.500.000 - RECURSOS NÃO VINCULADOS DE IMPOSTOS;1001 - IDENTIFICAÇÃO DAS DESPESAS COM MANUTENÇÃO E DESENVOLVIMENTO DO ENSINO;4138;20230825;80978;0;0;16195.6;0;16195.6;0;0;0;0;64782.4
3110004;303;02;509805;2023;8;12 - EDUCAÇÃO;361 - ENSINO FUNDAMENTAL;0003 - MANUTENÇÃO DA EDUCAÇÃO BÁSICA;1191 - REMUNERAÇÃO DOS PROFISSIONAIS DO ENSINO FUNDAMENTAL;;3.1.90.94.01 - 3.1.90.94.01;1.500.000 - RECURSOS NÃO VINCULADOS DE IMPOSTOS;1001 - IDENTIFICAÇÃO DAS DESPESAS COM MANUTENÇÃO E DESENVOLVIMENTO DO ENSINO;3896;20230802;43.11;0;0;43.11;0;43.11;0;0;0;0;0
3110004;303;02;509805;2023;8;12 - EDUCAÇÃO;122 - ADMINISTRAÇÃO GERAL;0002 - GESTÃO DA SECRETARIA MUNICIPAL DE EDUCAÇÃO;2002 - MANUTENÇÃO DA SECRETARIA;;3.3.90.35.06 - 3.3.90.35.06;1.500.000 - RECURSOS NÃO VINCULADOS DE IMPOSTOS;1001 - IDENTIFICAÇÃO DAS DESPESAS COM MANUTENÇÃO E DESENVOLVIMENTO DO ENSINO;2982;20230616;0;0;0;7000;0;6779.5;0;220.5;0;220.5;-7000
3110004;303;02;509805;2023;10;12 - EDUCAÇÃO;361 - ENSINO FUNDAMENTAL;0003 - MANUTENÇÃO DA EDUCAÇÃO BÁSICA;2062 - MANUTENÇÃO DO ENSINO FUNDAMENTAL;;3.1.90.13.03 - 3.1.90.13.03;1.500.000 - RECURSOS NÃO VINCULADOS DE IMPOSTOS;1001 - IDENTIFICAÇÃO DAS DESPESAS COM MANUTENÇÃO E DESENVOLVIMENTO DO ENSINO;4871;20230927;0;0;0;0;0;12634.96;0;0;0;-12634.96;0
3110004;303;02;509805;2023;12;12 - EDUCAÇÃO;122 - ADMINISTRAÇÃO GERAL;0002 - GESTÃO DA SECRETARIA MUNICIPAL DE EDUCAÇÃO;2002 - MANUTENÇÃO DA SECRETARIA;;3.3.90.14.05 - 3.3.90.14.05;1.500.000 - RECURSOS NÃO VINCULADOS DE IMPOSTOS;1001 - IDENTIFICAÇÃO DAS DESPESAS COM MANUTENÇÃO E DESENVOLVIMENTO DO ENSINO;6102;20231204;86.86;0;0;86.86;0;86.86;0;0;0;0;0
3110004;303;02;509805;2023;12;12 - EDUCAÇÃO;122 - ADMINISTRAÇÃO GERAL;0002 - GESTÃO DA SECRETARIA MUNICIPAL DE EDUCAÇÃO;2002 - MANUTENÇÃO DA SECRETARIA;;3.3.90.14.05 - 3.3.90.14.05;1.500.000 - RECURSOS NÃO VINCULADOS DE IMPOSTOS;1001 - IDENTIFICAÇÃO DAS DESPESAS COM MANUTENÇÃO E DESENVOLVIMENTO DO ENSINO;6097;20231204;86.86;0;0;86.86;0;86.86;0;0;0;0;0
3110004;303;02;509805;2023;10;12 - EDUCAÇÃO;122 - ADMINISTRAÇÃO GERAL;0002 - GESTÃO DA SECRETARIA MUNICIPAL DE EDUCAÇÃO;2002 - MANUTENÇÃO DA SECRETARIA;;3.3.90.14.05 - 3.3.90.14.05;1.500.000 - RECURSOS NÃO VINCULADOS DE IMPOSTOS;1001 - IDENTIFICAÇÃO DAS DESPESAS COM MANUTENÇÃO E DESENVOLVIMENTO DO ENSINO;5092;20231004;130.29;0;0;130.29;0;130.29;0;0;0;0;0
3110004;303;02;509805;2023;9;12 - EDUCAÇÃO;122 - ADMINISTRAÇÃO GERAL;0002 - GESTÃO DA SECRETARIA MUNICIPAL DE EDUCAÇÃO;2002 - MANUTENÇÃO DA SECRETARIA;;3.3.90.14.05 - 3.3.90.14.05;1.500.000 - RECURSOS NÃO VINCULADOS DE IMPOSTOS;1001 - IDENTIFICAÇÃO DAS DESPESAS COM MANUTENÇÃO E DESENVOLVIMENTO DO ENSINO;4441;20230901;86.86;0;0;86.86;0;86.86;0;0;0;0;0
3110004;303;02;509805;2023;9;12 - EDUCAÇÃO;361 - ENSINO FUNDAMENTAL;0003 - MANUTENÇÃO DA EDUCAÇÃO BÁSICA;1191 - REMUNERAÇÃO DOS PROFISSIONAIS DO ENSINO FUNDAMENTAL;;3.1.90.16.00 - 3.1.90.16.00;1.500.000 - RECURSOS NÃO VINCULADOS DE IMPOSTOS;1001 - IDENTIFICAÇÃO DAS DESPESAS COM MANUTENÇÃO E DESENVOLVIMENTO DO ENSINO;4767;20230927;2897;0;0;2897;0;2730.64;0;166.36;0;166.36;0
3110004;303;02;509805;2023;9;12 - EDUCAÇÃO;361 - ENSINO FUNDAMENTAL;0003 - MANUTENÇÃO DA EDUCAÇÃO BÁSICA;1191 - REMUNERAÇÃO DOS PROFISSIONAIS DO ENSINO FUNDAMENTAL;;3.1.90.13.01 - 3.1.90.13.01;1.500.000 - RECURSOS NÃO VINCULADOS DE IMPOSTOS;1001 - IDENTIFICAÇÃO DAS DESPESAS COM MANUTENÇÃO E DESENVOLVIMENTO DO ENSINO;4868;20230927;8027.66;0;0;8027.66;0;0;0;0;0;8027.66;0
3110004;303;02;509805;2023;10;12 - EDUCAÇÃO;361 - ENSINO FUNDAMENTAL;0003 - MANUTENÇÃO DA EDUCAÇÃO BÁSICA;1191 - REMUNERAÇÃO DOS PROFISSIONAIS DO ENSINO FUNDAMENTAL;;3.1.90.13.01 - 3.1.90.13.01;1.500.000 - RECURSOS NÃO VINCULADOS DE IMPOSTOS;1001 - IDENTIFICAÇÃO DAS DESPESAS COM MANUTENÇÃO E DESENVOLVIMENTO DO ENSINO;4868;20230927;0;0;0;0;0;8027.66;0;0;0;-8027.66;0
3110004;303;02;509805;2023;9;12 - EDUCAÇÃO;361 - ENSINO FUNDAMENTAL;0003 - MANUTENÇÃO DA EDUCAÇÃO BÁSICA;2062 - MANUTENÇÃO DO ENSINO FUNDAMENTAL;;3.1.90.13.03 - 3.1.90.13.03;1.500.000 - RECURSOS NÃO VINCULADOS DE IMPOSTOS;1001 - IDENTIFICAÇÃO DAS DESPESAS COM MANUTENÇÃO E DESENVOLVIMENTO DO ENSINO;4294;20230828;0;0;0;0;0;12880.29;0;0;0;-12880.29;0
3110004;303;02;509805;2023;9;12 - EDUCAÇÃO;122 - ADMINISTRAÇÃO GERAL;0002 - GESTÃO DA SECRETARIA MUNICIPAL DE EDUCAÇÃO;2002 - MANUTENÇÃO DA SECRETARIA;;3.3.90.14.05 - 3.3.90.14.05;1.500.000 - RECURSOS NÃO VINCULADOS DE IMPOSTOS;1001 - IDENTIFICAÇÃO DAS DESPESAS COM MANUTENÇÃO E DESENVOLVIMENTO DO ENSINO;4433;20230901;86.86;0;0;86.86;0;86.86;0;0;0;0;0
3110004;303;02;509805;2023;9;12 - EDUCAÇÃO;361 - ENSINO FUNDAMENTAL;0013 - TRANSFERÊNCIA AS CAIXAS ESCOLARES;2032 - CONTRIBUIÇÃO AS ESCOLAS MUNICIPAIS;;3.3.50.41.00 - 3.3.50.41.00;1.500.000 - RECURSOS NÃO VINCULADOS DE IMPOSTOS;1001 - IDENTIFICAÇÃO DAS DESPESAS COM MANUTENÇÃO E DESENVOLVIMENTO DO ENSINO;4710;20230926;6000;0;0;6000;0;0;0;0;0;6000;0
3110004;303;02;509805;2023;11;12 - EDUCAÇÃO;122 - ADMINISTRAÇÃO GERAL;0002 - GESTÃO DA SECRETARIA MUNICIPAL DE EDUCAÇÃO;2002 - MANUTENÇÃO DA SECRETARIA;;3.3.90.49.00 - 3.3.90.49.00;1.500.000 - RECURSOS NÃO VINCULADOS DE IMPOSTOS;1001 - IDENTIFICAÇÃO DAS DESPESAS COM MANUTENÇÃO E DESENVOLVIMENTO DO ENSINO;4138;20230825;0;0;0;15050.4;0;15050.4;0;0;0;0;-15050.4
3110004;303;02;509805;2023;11;12 - EDUCAÇÃO;122 - ADMINISTRAÇÃO GERAL;0002 - GESTÃO DA SECRETARIA MUNICIPAL DE EDUCAÇÃO;2002 - MANUTENÇÃO DA SECRETARIA;;3.3.90.40.06 - 3.3.90.40.06;1.500.000 - RECURSOS NÃO VINCULADOS DE IMPOSTOS;1001 - IDENTIFICAÇÃO DAS DESPESAS COM MANUTENÇÃO E DESENVOLVIMENTO DO ENSINO;4434;20230901;0;0;0;17604.3;0;16759.29;0;845.01;0;845.01;-17604.3
3110004;303;02;509805;2023;9;12 - EDUCAÇÃO;361 - ENSINO FUNDAMENTAL;0027 - GESTÃO DO CENTRO ESPECIALIZADO DE ATENÇÃO À CRIANÇA E AO ADOLESCENTE;2049 - MANUTENÇÃO DO CEACA;;3.1.90.13.03 - 3.1.90.13.03;1.500.000 - RECURSOS NÃO VINCULADOS DE IMPOSTOS;1001 - IDENTIFICAÇÃO DAS DESPESAS COM MANUTENÇÃO E DESENVOLVIMENTO DO ENSINO;4297;20230828;0;0;0;0;0;6582.15;0;0;0;-6582.15;0
3110004;303;02;509805;2023;10;12 - EDUCAÇÃO;361 - ENSINO FUNDAMENTAL;0027 - GESTÃO DO CENTRO ESPECIALIZADO DE ATENÇÃO À CRIANÇA E AO ADOLESCENTE;2049 - MANUTENÇÃO DO CEACA;;3.1.90.13.01 - 3.1.90.13.01;1.500.000 - RECURSOS NÃO VINCULADOS DE IMPOSTOS;1001 - IDENTIFICAÇÃO DAS DESPESAS COM MANUTENÇÃO E DESENVOLVIMENTO DO ENSINO;4873;20230927;0;0;0;0;0;1973.81;0;0;0;-1973.81;0
3110004;303;02;509805;2023;12;12 - EDUCAÇÃO;122 - ADMINISTRAÇÃO GERAL;0002 - GESTÃO DA SECRETARIA MUNICIPAL DE EDUCAÇÃO;2002 - MANUTENÇÃO DA SECRETARIA;;3.3.90.14.05 - 3.3.90.14.05;1.500.000 - RECURSOS NÃO VINCULADOS DE IMPOSTOS;1001 - IDENTIFICAÇÃO DAS DESPESAS COM MANUTENÇÃO E DESENVOLVIMENTO DO ENSINO;6101;20231204;86.86;0;0;86.86;0;86.86;0;0;0;0;0
3110004;303;02;509805;2023;12;12 - EDUCAÇÃO;122 - ADMINISTRAÇÃO GERAL;0002 - GESTÃO DA SECRETARIA MUNICIPAL DE EDUCAÇÃO;2002 - MANUTENÇÃO DA SECRETARIA;;3.3.90.39.12 - 3.3.90.39.12;1.500.000 - RECURSOS NÃO VINCULADOS DE IMPOSTOS;1001 - IDENTIFICAÇÃO DAS DESPESAS COM MANUTENÇÃO E DESENVOLVIMENTO DO ENSINO;7191;20231222;5259;0;165;0;0;0;0;0;0;0;5094
3110004;303;02;509805;2023;12;12 - EDUCAÇÃO;122 - ADMINISTRAÇÃO GERAL;0002 - GESTÃO DA SECRETARIA MUNICIPAL DE EDUCAÇÃO;2002 - MANUTENÇÃO DA SECRETARIA;;3.3.90.39.13 - 3.3.90.39.13;1.500.000 - RECURSOS NÃO VINCULADOS DE IMPOSTOS;1001 - IDENTIFICAÇÃO DAS DESPESAS COM MANUTENÇÃO E DESENVOLVIMENTO DO ENSINO;5161;20231004;0;0;1137.43;0;0;0;0;0;0;0;-1137.43
3110004;303;02;509805;2023;12;12 - EDUCAÇÃO;122 - ADMINISTRAÇÃO GERAL;0002 - GESTÃO DA SECRETARIA MUNICIPAL DE EDUCAÇÃO;2002 - MANUTENÇÃO DA SECRETARIA;;4.4.90.52.27 - 4.4.90.52.27;1.500.000 - RECURSOS NÃO VINCULADOS DE IMPOSTOS;1001 - IDENTIFICAÇÃO DAS DESPESAS COM MANUTENÇÃO E DESENVOLVIMENTO DO ENSINO;2525;20230529;0;0;224.01;0;0;0;0;0;0;0;-224.01
3110004;303;02;509805;2023;10;12 - EDUCAÇÃO;122 - ADMINISTRAÇÃO GERAL;0002 - GESTÃO DA SECRETARIA MUNICIPAL DE EDUCAÇÃO;2002 - MANUTENÇÃO DA SECRETARIA;;3.3.90.30.07 - 3.3.90.30.07;1.500.000 - RECURSOS NÃO VINCULADOS DE IMPOSTOS;1001 - IDENTIFICAÇÃO DAS DESPESAS COM MANUTENÇÃO E DESENVOLVIMENTO DO ENSINO;5249;20231018;266.5;0;0;0;0;0;0;0;0;0;266.5
3110004;303;02;509805;2023;12;12 - EDUCAÇÃO;361 - ENSINO FUNDAMENTAL;0003 - MANUTENÇÃO DA EDUCAÇÃO BÁSICA;1191 - REMUNERAÇÃO DOS PROFISSIONAIS DO ENSINO FUNDAMENTAL;;3.1.90.13.03 - 3.1.90.13.03;1.500.000 - RECURSOS NÃO VINCULADOS DE IMPOSTOS;1001 - IDENTIFICAÇÃO DAS DESPESAS COM MANUTENÇÃO E DESENVOLVIMENTO DO ENSINO;7369;20231228;254995.89;0;0;254995.89;0;0;0;2356.6;0;254995.89;0
3110004;303;02;509805;2023;11;12 - EDUCAÇÃO;122 - ADMINISTRAÇÃO GERAL;0002 - GESTÃO DA SECRETARIA MUNICIPAL DE EDUCAÇÃO;2001 - REMUNERAÇÃO PESSOAL DA SECRETARIA;;3.1.90.94.01 - 3.1.90.94.01;1.500.000 - RECURSOS NÃO VINCULADOS DE IMPOSTOS;1001 - IDENTIFICAÇÃO DAS DESPESAS COM MANUTENÇÃO E DESENVOLVIMENTO DO ENSINO;5773;20231127;267.3;0;0;267.3;0;267.3;0;0;0;0;0
3110004;303;02;509805;2023;10;12 - EDUCAÇÃO;122 - ADMINISTRAÇÃO GERAL;0002 - GESTÃO DA SECRETARIA MUNICIPAL DE EDUCAÇÃO;2001 - REMUNERAÇÃO PESSOAL DA SECRETARIA;;3.1.90.13.03 - 3.1.90.13.03;1.500.000 - RECURSOS NÃO VINCULADOS DE IMPOSTOS;1001 - IDENTIFICAÇÃO DAS DESPESAS COM MANUTENÇÃO E DESENVOLVIMENTO DO ENSINO;5480;20231031;12558.47;0;0;12558.47;0;0;0;119.64;0;12558.47;0
3110004;303;02;509805;2023;10;12 - EDUCAÇÃO;361 - ENSINO FUNDAMENTAL;0019 - GESTÃO DO TRANSPORTE ESCOLAR;2042 - REMUNERAÇÃO PESSOAL TRANSPORTE ESCOLAR ENSINO FUNDAMENTAL;;3.1.90.16.00 - 3.1.90.16.00;1.500.000 - RECURSOS NÃO VINCULADOS DE IMPOSTOS;1001 - IDENTIFICAÇÃO DAS DESPESAS COM MANUTENÇÃO E DESENVOLVIMENTO DO ENSINO;5378;20231031;2090.2;0;0;2090.2;0;2090.2;0;0;0;0;0
3110004;303;02;509805;2023;10;12 - EDUCAÇÃO;365 - EDUCAÇÃO INFANTIL;0221 - MANUTENÇÃO DA EDUCAÇÃO BÁSICA;2407 - REMUNERAÇÃO PESSOAL EDUCAÇÃO INFANTILCRECHE;;3.1.90.11.11 - 3.1.90.11.11;1.500.000 - RECURSOS NÃO VINCULADOS DE IMPOSTOS;1001 - IDENTIFICAÇÃO DAS DESPESAS COM MANUTENÇÃO E DESENVOLVIMENTO DO ENSINO;5380;20231031;5583.23;0;0;5583.23;0;4348.8;0;1234.43;0;1234.43;0
3110004;303;02;509805;2023;11;12 - EDUCAÇÃO;361 - ENSINO FUNDAMENTAL;0027 - GESTÃO DO CENTRO ESPECIALIZADO DE ATENÇÃO À CRIANÇA E AO ADOLESCENTE;2049 - MANUTENÇÃO DO CEACA;;3.1.90.11.11 - 3.1.90.11.11;1.500.000 - RECURSOS NÃO VINCULADOS DE IMPOSTOS;1001 - IDENTIFICAÇÃO DAS DESPESAS COM MANUTENÇÃO E DESENVOLVIMENTO DO ENSINO;5833;20231129;29451.62;0;0;29451.62;0;24670.45;0;4781.17;0;4781.17;0
3110004;303;02;509805;2023;11;12 - EDUCAÇÃO;365 - EDUCAÇÃO INFANTIL;0019 - GESTÃO DO TRANSPORTE ESCOLAR;2454 - MANUTENÇÃO TRANSPORTE ESCOLAR EDUCAÇÃO INFANTIL;;3.3.90.39.53 - 3.3.90.39.53;1.500.000 - RECURSOS NÃO VINCULADOS DE IMPOSTOS;1001 - IDENTIFICAÇÃO DAS DESPESAS COM MANUTENÇÃO E DESENVOLVIMENTO DO ENSINO;5676;20231116;2884;0;0;0;0;0;0;0;0;0;2884
3110004;303;02;509805;2023;10;12 - EDUCAÇÃO;365 - EDUCAÇÃO INFANTIL;0003 - MANUTENÇÃO DA EDUCAÇÃO BÁSICA;2006 - MANUTENÇÃO DA EDUCAÇÃO INFANTIL;;3.3.90.30.22 - 3.3.90.30.22;1.500.000 - RECURSOS NÃO VINCULADOS DE IMPOSTOS;1001 - IDENTIFICAÇÃO DAS DESPESAS COM MANUTENÇÃO E DESENVOLVIMENTO DO ENSINO;4675;20230922;0;0;0;3302.2;0;3262.57;0;39.63;0;39.63;-3302.2
3110004;303;02;509805;2023;12;12 - EDUCAÇÃO;361 - ENSINO FUNDAMENTAL;0027 - GESTÃO DO CENTRO ESPECIALIZADO DE ATENÇÃO À CRIANÇA E AO ADOLESCENTE;2049 - MANUTENÇÃO DO CEACA;;3.1.90.13.01 - 3.1.90.13.01;1.500.000 - RECURSOS NÃO VINCULADOS DE IMPOSTOS;1001 - IDENTIFICAÇÃO DAS DESPESAS COM MANUTENÇÃO E DESENVOLVIMENTO DO ENSINO;7373;20231228;1973.81;0;0;1973.81;0;0;0;0;0;1973.81;0
3110004;303;02;509805;2023;12;12 - EDUCAÇÃO;122 - ADMINISTRAÇÃO GERAL;0002 - GESTÃO DA SECRETARIA MUNICIPAL DE EDUCAÇÃO;2002 - MANUTENÇÃO DA SECRETARIA;;3.3.90.35.06 - 3.3.90.35.06;1.500.000 - RECURSOS NÃO VINCULADOS DE IMPOSTOS;1001 - IDENTIFICAÇÃO DAS DESPESAS COM MANUTENÇÃO E DESENVOLVIMENTO DO ENSINO;2982;20230616;0;0;0;3500;3500;3332;0;168;168;-3332;0
3110004;303;02;509805;2023;10;12 - EDUCAÇÃO;361 - ENSINO FUNDAMENTAL;0003 - MANUTENÇÃO DA EDUCAÇÃO BÁSICA;1200 - CONSTRUÇÃO E REFORMA DE PRÉDIOS ESCOLARES ENSINO FUNDAMENTAL;;4.4.90.51.02 - 4.4.90.51.02;1.500.000 - RECURSOS NÃO VINCULADOS DE IMPOSTOS;1001 - IDENTIFICAÇÃO DAS DESPESAS COM MANUTENÇÃO E DESENVOLVIMENTO DO ENSINO;5589;20231031;6670.63;0;0;0;0;0;0;0;0;0;6670.63
3110004;303;02;509805;2023;11;12 - EDUCAÇÃO;122 - ADMINISTRAÇÃO GERAL;0002 - GESTÃO DA SECRETARIA MUNICIPAL DE EDUCAÇÃO;2002 - MANUTENÇÃO DA SECRETARIA;;3.3.90.39.13 - 3.3.90.39.13;1.500.000 - RECURSOS NÃO VINCULADOS DE IMPOSTOS;1001 - IDENTIFICAÇÃO DAS DESPESAS COM MANUTENÇÃO E DESENVOLVIMENTO DO ENSINO;3462;20230711;0;0;0;9212.63;0;8770.42;0;442.21;0;442.21;-9212.63
3110004;303;02;509805;2023;9;12 - EDUCAÇÃO;361 - ENSINO FUNDAMENTAL;0003 - MANUTENÇÃO DA EDUCAÇÃO BÁSICA;1191 - REMUNERAÇÃO DOS PROFISSIONAIS DO ENSINO FUNDAMENTAL;;3.1.90.11.11 - 3.1.90.11.11;1.500.000 - RECURSOS NÃO VINCULADOS DE IMPOSTOS;1001 - IDENTIFICAÇÃO DAS DESPESAS COM MANUTENÇÃO E DESENVOLVIMENTO DO ENSINO;4766;20230927;97753.8;0;0;97753.8;0;80039.93;0;17713.87;0;17713.87;0
3110004;303;02;509805;2023;10;12 - EDUCAÇÃO;122 - ADMINISTRAÇÃO GERAL;0002 - GESTÃO DA SECRETARIA MUNICIPAL DE EDUCAÇÃO;2002 - MANUTENÇÃO DA SECRETARIA;;3.3.90.39.43 - 3.3.90.39.43;1.500.000 - RECURSOS NÃO VINCULADOS DE IMPOSTOS;1001 - IDENTIFICAÇÃO DAS DESPESAS COM MANUTENÇÃO E DESENVOLVIMENTO DO ENSINO;2286;20230505;0;0;1653.05;0;0;0;0;0;0;0;-1653.05
3110004;303;02;509805;2023;10;12 - EDUCAÇÃO;361 - ENSINO FUNDAMENTAL;0003 - MANUTENÇÃO DA EDUCAÇÃO BÁSICA;2329 - REMUNERAÇÃO DE ESTAGIÁRIOS;;3.3.90.36.07 - 3.3.90.36.07;1.500.000 - RECURSOS NÃO VINCULADOS DE IMPOSTOS;1001 - IDENTIFICAÇÃO DAS DESPESAS COM MANUTENÇÃO E DESENVOLVIMENTO DO ENSINO;4268;20230828;0;0;0;0;0;392.16;0;0;0;-392.16;0
3110004;303;02;509805;2023;10;12 - EDUCAÇÃO;122 - ADMINISTRAÇÃO GERAL;0002 - GESTÃO DA SECRETARIA MUNICIPAL DE EDUCAÇÃO;2001 - REMUNERAÇÃO PESSOAL DA SECRETARIA;;3.1.90.13.03 - 3.1.90.13.03;1.500.000 - RECURSOS NÃO VINCULADOS DE IMPOSTOS;1001 - IDENTIFICAÇÃO DAS DESPESAS COM MANUTENÇÃO E DESENVOLVIMENTO DO ENSINO;4865;20230927;0;0;0;0;0;11538.7;0;0;0;-11538.7;0
3110004;303;02;509805;2023;9;12 - EDUCAÇÃO;365 - EDUCAÇÃO INFANTIL;0221 - MANUTENÇÃO DA EDUCAÇÃO BÁSICA;2407 - REMUNERAÇÃO PESSOAL EDUCAÇÃO INFANTILCRECHE;;3.1.90.13.01 - 3.1.90.13.01;1.500.000 - RECURSOS NÃO VINCULADOS DE IMPOSTOS;1001 - IDENTIFICAÇÃO DAS DESPESAS COM MANUTENÇÃO E DESENVOLVIMENTO DO ENSINO;4875;20230927;446.66;0;0;446.66;0;0;0;0;0;446.66;0
3110004;303;02;509805;2023;9;12 - EDUCAÇÃO;365 - EDUCAÇÃO INFANTIL;0221 - MANUTENÇÃO DA EDUCAÇÃO BÁSICA;2407 - REMUNERAÇÃO PESSOAL EDUCAÇÃO INFANTILCRECHE;;3.1.90.13.03 - 3.1.90.13.03;1.500.000 - RECURSOS NÃO VINCULADOS DE IMPOSTOS;1001 - IDENTIFICAÇÃO DAS DESPESAS COM MANUTENÇÃO E DESENVOLVIMENTO DO ENSINO;4876;20230927;1247.81;0;0;1247.81;0;0;0;59.82;0;1247.81;0
3110004;303;02;509805;2023;10;12 - EDUCAÇÃO;361 - ENSINO FUNDAMENTAL;0003 - MANUTENÇÃO DA EDUCAÇÃO BÁSICA;1200 - CONSTRUÇÃO E REFORMA DE PRÉDIOS ESCOLARES ENSINO FUNDAMENTAL;;4.4.90.51.02 - 4.4.90.51.02;1.500.000 - RECURSOS NÃO VINCULADOS DE IMPOSTOS;1001 - IDENTIFICAÇÃO DAS DESPESAS COM MANUTENÇÃO E DESENVOLVIMENTO DO ENSINO;4654;20230922;0;0;0;0;0;6697.48;0;0;0;-6697.48;0
3110004;303;02;509805;2023;11;12 - EDUCAÇÃO;122 - ADMINISTRAÇÃO GERAL;0002 - GESTÃO DA SECRETARIA MUNICIPAL DE EDUCAÇÃO;2002 - MANUTENÇÃO DA SECRETARIA;;3.3.90.39.43 - 3.3.90.39.43;1.500.000 - RECURSOS NÃO VINCULADOS DE IMPOSTOS;1001 - IDENTIFICAÇÃO DAS DESPESAS COM MANUTENÇÃO E DESENVOLVIMENTO DO ENSINO;5159;20231004;0;0;0;5265.83;0;5013.08;0;252.75;0;252.75;-5265.83
3110004;303;02;509805;2023;11;12 - EDUCAÇÃO;361 - ENSINO FUNDAMENTAL;0019 - GESTÃO DO TRANSPORTE ESCOLAR;2041 - MANUTENÇÃO TRANSPORTE ESCOLAR DO ENSINO FUNDAMENTAL;;3.3.90.39.99 - 3.3.90.39.99;1.500.000 - RECURSOS NÃO VINCULADOS DE IMPOSTOS;1001 - IDENTIFICAÇÃO DAS DESPESAS COM MANUTENÇÃO E DESENVOLVIMENTO DO ENSINO;1073;20230224;0;0;1382.24;0;0;0;0;0;0;0;-1382.24
3110004;303;02;509805;2023;11;12 - EDUCAÇÃO;122 - ADMINISTRAÇÃO GERAL;0002 - GESTÃO DA SECRETARIA MUNICIPAL DE EDUCAÇÃO;2002 - MANUTENÇÃO DA SECRETARIA;;3.3.90.30.16 - 3.3.90.30.16;1.500.000 - RECURSOS NÃO VINCULADOS DE IMPOSTOS;1001 - IDENTIFICAÇÃO DAS DESPESAS COM MANUTENÇÃO E DESENVOLVIMENTO DO ENSINO;3618;20230725;0;0;0;308.96;0;308.96;0;0;0;0;-308.96
3110004;303;02;509805;2023;8;12 - EDUCAÇÃO;365 - EDUCAÇÃO INFANTIL;0221 - MANUTENÇÃO DA EDUCAÇÃO BÁSICA;2407 - REMUNERAÇÃO PESSOAL EDUCAÇÃO INFANTILCRECHE;;3.1.90.13.03 - 3.1.90.13.03;1.500.000 - RECURSOS NÃO VINCULADOS DE IMPOSTOS;1001 - IDENTIFICAÇÃO DAS DESPESAS COM MANUTENÇÃO E DESENVOLVIMENTO DO ENSINO;4299;20230828;1247.81;0;0;1247.81;0;0;0;59.82;0;1247.81;0
3110004;303;02;509805;2023;1;12 - EDUCAÇÃO;122 - ADMINISTRAÇÃO GERAL;0002 - GESTÃO DA SECRETARIA MUNICIPAL DE EDUCAÇÃO;2001 - REMUNERAÇÃO PESSOAL DA SECRETARIA;;3.1.90.13.03 - 3.1.90.13.03;1.500.000 - RECURSOS NÃO VINCULADOS DE IMPOSTOS;1001 - IDENTIFICAÇÃO DAS DESPESAS COM MANUTENÇÃO E DESENVOLVIMENTO DO ENSINO;444;20230127;4665.38;0;0;4665.38;0;0;0;119.64;0;4665.38;0
3110004;303;02;509805;2023;1;12 - EDUCAÇÃO;122 - ADMINISTRAÇÃO GERAL;0002 - GESTÃO DA SECRETARIA MUNICIPAL DE EDUCAÇÃO;2002 - MANUTENÇÃO DA SECRETARIA;;3.3.90.14.05 - 3.3.90.14.05;1.500.000 - RECURSOS NÃO VINCULADOS DE IMPOSTOS;1001 - IDENTIFICAÇÃO DAS DESPESAS COM MANUTENÇÃO E DESENVOLVIMENTO DO ENSINO;154;20230102;70.8;0;0;70.8;0;0;0;0;0;70.8;0
3110004;303;02;509805;2023;1;12 - EDUCAÇÃO;361 - ENSINO FUNDAMENTAL;0003 - MANUTENÇÃO DA EDUCAÇÃO BÁSICA;1191 - REMUNERAÇÃO DOS PROFISSIONAIS DO ENSINO FUNDAMENTAL;;3.1.90.94.01 - 3.1.90.94.01;1.500.000 - RECURSOS NÃO VINCULADOS DE IMPOSTOS;1001 - IDENTIFICAÇÃO DAS DESPESAS COM MANUTENÇÃO E DESENVOLVIMENTO DO ENSINO;252;20230109;2978.7;0;0;2978.7;0;2978.7;0;0;0;0;0
3110004;303;02;509805;2023;1;12 - EDUCAÇÃO;361 - ENSINO FUNDAMENTAL;0019 - GESTÃO DO TRANSPORTE ESCOLAR;2042 - REMUNERAÇÃO PESSOAL TRANSPORTE ESCOLAR ENSINO FUNDAMENTAL;;3.1.90.04.99 - 3.1.90.04.99;1.500.000 - RECURSOS NÃO VINCULADOS DE IMPOSTOS;1001 - IDENTIFICAÇÃO DAS DESPESAS COM MANUTENÇÃO E DESENVOLVIMENTO DO ENSINO;354;20230127;4817.61;0;0;4817.61;0;4373.09;0;444.52;0;444.52;0
3110004;303;02;509805;2023;1;12 - EDUCAÇÃO;122 - ADMINISTRAÇÃO GERAL;0002 - GESTÃO DA SECRETARIA MUNICIPAL DE EDUCAÇÃO;2002 - MANUTENÇÃO DA SECRETARIA;;3.3.90.39.29 - 3.3.90.39.29;1.500.000 - RECURSOS NÃO VINCULADOS DE IMPOSTOS;1001 - IDENTIFICAÇÃO DAS DESPESAS COM MANUTENÇÃO E DESENVOLVIMENTO DO ENSINO;79;20230102;1000;0;0;37.41;0;37.41;0;0;0;0;962.59
3110004;303;02;509805;2023;1;12 - EDUCAÇÃO;361 - ENSINO FUNDAMENTAL;0003 - MANUTENÇÃO DA EDUCAÇÃO BÁSICA;1191 - REMUNERAÇÃO DOS PROFISSIONAIS DO ENSINO FUNDAMENTAL;;3.1.90.94.01 - 3.1.90.94.01;1.500.000 - RECURSOS NÃO VINCULADOS DE IMPOSTOS;1001 - IDENTIFICAÇÃO DAS DESPESAS COM MANUTENÇÃO E DESENVOLVIMENTO DO ENSINO;28;20230102;6891.76;0;0;6891.76;0;6891.76;0;0;0;0;0
3110004;303;02;509805;2023;1;12 - EDUCAÇÃO;361 - ENSINO FUNDAMENTAL;0003 - MANUTENÇÃO DA EDUCAÇÃO BÁSICA;1191 - REMUNERAÇÃO DOS PROFISSIONAIS DO ENSINO FUNDAMENTAL;;3.1.90.94.01 - 3.1.90.94.01;1.500.000 - RECURSOS NÃO VINCULADOS DE IMPOSTOS;1001 - IDENTIFICAÇÃO DAS DESPESAS COM MANUTENÇÃO E DESENVOLVIMENTO DO ENSINO;27;20230102;3335.55;0;0;3335.55;0;3335.55;0;0;0;0;0
3110004;303;02;509805;2023;1;12 - EDUCAÇÃO;361 - ENSINO FUNDAMENTAL;0003 - MANUTENÇÃO DA EDUCAÇÃO BÁSICA;2062 - MANUTENÇÃO DO ENSINO FUNDAMENTAL;;3.3.90.30.22 - 3.3.90.30.22;1.500.000 - RECURSOS NÃO VINCULADOS DE IMPOSTOS;1001 - IDENTIFICAÇÃO DAS DESPESAS COM MANUTENÇÃO E DESENVOLVIMENTO DO ENSINO;70;20230102;1410.7;0;0;0;0;0;0;0;0;0;1410.7
3110004;303;02;509805;2023;2;12 - EDUCAÇÃO;365 - EDUCAÇÃO INFANTIL;0221 - MANUTENÇÃO DA EDUCAÇÃO BÁSICA;2407 - REMUNERAÇÃO PESSOAL EDUCAÇÃO INFANTILCRECHE;;3.1.90.13.01 - 3.1.90.13.01;1.500.000 - RECURSOS NÃO VINCULADOS DE IMPOSTOS;1001 - IDENTIFICAÇÃO DAS DESPESAS COM MANUTENÇÃO E DESENVOLVIMENTO DO ENSINO;992;20230224;293.3;0;0;293.3;0;0;0;0;0;293.3;0
3110004;303;02;509805;2023;2;12 - EDUCAÇÃO;361 - ENSINO FUNDAMENTAL;0019 - GESTÃO DO TRANSPORTE ESCOLAR;2042 - REMUNERAÇÃO PESSOAL TRANSPORTE ESCOLAR ENSINO FUNDAMENTAL;;3.1.90.13.03 - 3.1.90.13.03;1.500.000 - RECURSOS NÃO VINCULADOS DE IMPOSTOS;1001 - IDENTIFICAÇÃO DAS DESPESAS COM MANUTENÇÃO E DESENVOLVIMENTO DO ENSINO;991;20230224;913.88;0;0;913.88;0;0;0;0;0;913.88;0
3110004;303;02;509805;2023;2;12 - EDUCAÇÃO;365 - EDUCAÇÃO INFANTIL;0221 - MANUTENÇÃO DA EDUCAÇÃO BÁSICA;2407 - REMUNERAÇÃO PESSOAL EDUCAÇÃO INFANTILCRECHE;;3.1.90.13.03 - 3.1.90.13.03;1.500.000 - RECURSOS NÃO VINCULADOS DE IMPOSTOS;1001 - IDENTIFICAÇÃO DAS DESPESAS COM MANUTENÇÃO E DESENVOLVIMENTO DO ENSINO;451;20230127;0;0;0;0;0;776.3;0;0;0;-776.3;0
3110004;303;02;509805;2023;3;12 - EDUCAÇÃO;122 - ADMINISTRAÇÃO GERAL;0002 - GESTÃO DA SECRETARIA MUNICIPAL DE EDUCAÇÃO;2001 - REMUNERAÇÃO PESSOAL DA SECRETARIA;;3.1.90.11.11 - 3.1.90.11.11;1.500.000 - RECURSOS NÃO VINCULADOS DE IMPOSTOS;1001 - IDENTIFICAÇÃO DAS DESPESAS COM MANUTENÇÃO E DESENVOLVIMENTO DO ENSINO;1547;20230328;17662.07;0;0;17662.07;0;13293.49;0;4368.58;0;4368.58;0
3110004;303;02;509805;2023;3;12 - EDUCAÇÃO;361 - ENSINO FUNDAMENTAL;0003 - MANUTENÇÃO DA EDUCAÇÃO BÁSICA;1191 - REMUNERAÇÃO DOS PROFISSIONAIS DO ENSINO FUNDAMENTAL;;3.1.90.04.99 - 3.1.90.04.99;1.500.000 - RECURSOS NÃO VINCULADOS DE IMPOSTOS;1001 - IDENTIFICAÇÃO DAS DESPESAS COM MANUTENÇÃO E DESENVOLVIMENTO DO ENSINO;894;20230224;0;0;0;0;0;1347.25;0;0;0;-1347.25;0
3110004;303;02;509805;2023;3;12 - EDUCAÇÃO;365 - EDUCAÇÃO INFANTIL;0003 - MANUTENÇÃO DA EDUCAÇÃO BÁSICA;2006 - MANUTENÇÃO DA EDUCAÇÃO INFANTIL;;3.3.90.32.99 - 3.3.90.32.99;1.500.000 - RECURSOS NÃO VINCULADOS DE IMPOSTOS;1001 - IDENTIFICAÇÃO DAS DESPESAS COM MANUTENÇÃO E DESENVOLVIMENTO DO ENSINO;1207;20230306;5346;0;0;0;0;0;0;0;0;0;5346
3110004;303;02;509805;2023;3;12 - EDUCAÇÃO;122 - ADMINISTRAÇÃO GERAL;0002 - GESTÃO DA SECRETARIA MUNICIPAL DE EDUCAÇÃO;2002 - MANUTENÇÃO DA SECRETARIA;;3.3.90.47.00 - 3.3.90.47.00;1.500.000 - RECURSOS NÃO VINCULADOS DE IMPOSTOS;1001 - IDENTIFICAÇÃO DAS DESPESAS COM MANUTENÇÃO E DESENVOLVIMENTO DO ENSINO;1459;20230323;100;0;0;100;0;100;0;0;0;0;0
3110004;303;02;509805;2023;3;12 - EDUCAÇÃO;361 - ENSINO FUNDAMENTAL;0003 - MANUTENÇÃO DA EDUCAÇÃO BÁSICA;1191 - REMUNERAÇÃO DOS PROFISSIONAIS DO ENSINO FUNDAMENTAL;;3.1.90.94.01 - 3.1.90.94.01;1.500.000 - RECURSOS NÃO VINCULADOS DE IMPOSTOS;1001 - IDENTIFICAÇÃO DAS DESPESAS COM MANUTENÇÃO E DESENVOLVIMENTO DO ENSINO;1100;20230301;5523.2;0;0;5523.2;0;5523.2;0;0;0;0;0
3110004;303;02;509805;2023;3;12 - EDUCAÇÃO;122 - ADMINISTRAÇÃO GERAL;0002 - GESTÃO DA SECRETARIA MUNICIPAL DE EDUCAÇÃO;2001 - REMUNERAÇÃO PESSOAL DA SECRETARIA;;3.1.90.13.03 - 3.1.90.13.03;1.500.000 - RECURSOS NÃO VINCULADOS DE IMPOSTOS;1001 - IDENTIFICAÇÃO DAS DESPESAS COM MANUTENÇÃO E DESENVOLVIMENTO DO ENSINO;986;20230224;0;0;0;0;0;4554.89;0;0;0;-4554.89;0
3110004;303;02;509805;2023;3;12 - EDUCAÇÃO;122 - ADMINISTRAÇÃO GERAL;0002 - GESTÃO DA SECRETARIA MUNICIPAL DE EDUCAÇÃO;2002 - MANUTENÇÃO DA SECRETARIA;;3.3.90.14.05 - 3.3.90.14.05;1.500.000 - RECURSOS NÃO VINCULADOS DE IMPOSTOS;1001 - IDENTIFICAÇÃO DAS DESPESAS COM MANUTENÇÃO E DESENVOLVIMENTO DO ENSINO;1315;20230313;94.4;0;0;94.4;0;94.4;0;0;0;0;0
3110004;303;02;509805;2023;3;12 - EDUCAÇÃO;361 - ENSINO FUNDAMENTAL;0003 - MANUTENÇÃO DA EDUCAÇÃO BÁSICA;2329 - REMUNERAÇÃO DE ESTAGIÁRIOS;;3.3.90.36.07 - 3.3.90.36.07;1.500.000 - RECURSOS NÃO VINCULADOS DE IMPOSTOS;1001 - IDENTIFICAÇÃO DAS DESPESAS COM MANUTENÇÃO E DESENVOLVIMENTO DO ENSINO;1473;20230324;280.61;0;0;280.61;0;0;0;0;0;280.61;0
3110004;303;02;509805;2023;3;12 - EDUCAÇÃO;122 - ADMINISTRAÇÃO GERAL;0002 - GESTÃO DA SECRETARIA MUNICIPAL DE EDUCAÇÃO;2002 - MANUTENÇÃO DA SECRETARIA;;3.3.90.14.05 - 3.3.90.14.05;1.500.000 - RECURSOS NÃO VINCULADOS DE IMPOSTOS;1001 - IDENTIFICAÇÃO DAS DESPESAS COM MANUTENÇÃO E DESENVOLVIMENTO DO ENSINO;1511;20230328;94.4;0;0;94.4;0;0;0;0;0;94.4;0
3110004;303;02;509805;2023;3;12 - EDUCAÇÃO;361 - ENSINO FUNDAMENTAL;0003 - MANUTENÇÃO DA EDUCAÇÃO BÁSICA;2062 - MANUTENÇÃO DO ENSINO FUNDAMENTAL;;3.3.90.32.99 - 3.3.90.32.99;1.500.000 - RECURSOS NÃO VINCULADOS DE IMPOSTOS;1001 - IDENTIFICAÇÃO DAS DESPESAS COM MANUTENÇÃO E DESENVOLVIMENTO DO ENSINO;44;20230102;0;0;0;185006.25;0;185006.25;0;0;0;0;-185006.25
3110004;303;02;509805;2023;3;12 - EDUCAÇÃO;365 - EDUCAÇÃO INFANTIL;0003 - MANUTENÇÃO DA EDUCAÇÃO BÁSICA;2006 - MANUTENÇÃO DA EDUCAÇÃO INFANTIL;;3.3.90.30.17 - 3.3.90.30.17;1.500.000 - RECURSOS NÃO VINCULADOS DE IMPOSTOS;1001 - IDENTIFICAÇÃO DAS DESPESAS COM MANUTENÇÃO E DESENVOLVIMENTO DO ENSINO;584;20230127;0;0;0;432;0;432;0;0;0;0;-432
3110004;303;02;509805;2023;3;12 - EDUCAÇÃO;361 - ENSINO FUNDAMENTAL;0003 - MANUTENÇÃO DA EDUCAÇÃO BÁSICA;2062 - MANUTENÇÃO DO ENSINO FUNDAMENTAL;;3.1.90.13.03 - 3.1.90.13.03;1.500.000 - RECURSOS NÃO VINCULADOS DE IMPOSTOS;1001 - IDENTIFICAÇÃO DAS DESPESAS COM MANUTENÇÃO E DESENVOLVIMENTO DO ENSINO;1651;20230328;7714.84;0;0;7714.84;0;0;0;0;0;7714.84;0
3110004;303;02;509805;2023;3;12 - EDUCAÇÃO;361 - ENSINO FUNDAMENTAL;0019 - GESTÃO DO TRANSPORTE ESCOLAR;2041 - MANUTENÇÃO TRANSPORTE ESCOLAR DO ENSINO FUNDAMENTAL;;3.3.90.39.99 - 3.3.90.39.99;1.500.000 - RECURSOS NÃO VINCULADOS DE IMPOSTOS;1001 - IDENTIFICAÇÃO DAS DESPESAS COM MANUTENÇÃO E DESENVOLVIMENTO DO ENSINO;1420;20230317;3150;0;0;0;0;0;0;0;0;0;3150
3110004;303;02;509805;2023;3;12 - EDUCAÇÃO;122 - ADMINISTRAÇÃO GERAL;0002 - GESTÃO DA SECRETARIA MUNICIPAL DE EDUCAÇÃO;2002 - MANUTENÇÃO DA SECRETARIA;;3.3.90.39.29 - 3.3.90.39.29;1.500.000 - RECURSOS NÃO VINCULADOS DE IMPOSTOS;1001 - IDENTIFICAÇÃO DAS DESPESAS COM MANUTENÇÃO E DESENVOLVIMENTO DO ENSINO;79;20230102;0;0;0;89.92;0;89.92;0;0;0;0;-89.92
3110004;303;02;509805;2023;3;12 - EDUCAÇÃO;361 - ENSINO FUNDAMENTAL;0003 - MANUTENÇÃO DA EDUCAÇÃO BÁSICA;2329 - REMUNERAÇÃO DE ESTAGIÁRIOS;;3.3.90.36.07 - 3.3.90.36.07;1.500.000 - RECURSOS NÃO VINCULADOS DE IMPOSTOS;1001 - IDENTIFICAÇÃO DAS DESPESAS COM MANUTENÇÃO E DESENVOLVIMENTO DO ENSINO;1627;20230328;41983.65;0;0;41983.65;0;38862.31;0;267;0;3121.34;0
3110004;303;02;509805;2023;3;12 - EDUCAÇÃO;361 - ENSINO FUNDAMENTAL;0003 - MANUTENÇÃO DA EDUCAÇÃO BÁSICA;1191 - REMUNERAÇÃO DOS PROFISSIONAIS DO ENSINO FUNDAMENTAL;;3.1.90.13.01 - 3.1.90.13.01;1.500.000 - RECURSOS NÃO VINCULADOS DE IMPOSTOS;1001 - IDENTIFICAÇÃO DAS DESPESAS COM MANUTENÇÃO E DESENVOLVIMENTO DO ENSINO;989;20230224;0;0;0;0;0;339.43;0;0;0;-339.43;0
3110004;303;02;509805;2023;4;12 - EDUCAÇÃO;361 - ENSINO FUNDAMENTAL;0003 - MANUTENÇÃO DA EDUCAÇÃO BÁSICA;2062 - MANUTENÇÃO DO ENSINO FUNDAMENTAL;;3.1.90.13.03 - 3.1.90.13.03;1.500.000 - RECURSOS NÃO VINCULADOS DE IMPOSTOS;1001 - IDENTIFICAÇÃO DAS DESPESAS COM MANUTENÇÃO E DESENVOLVIMENTO DO ENSINO;2160;20230426;8281.09;0;0;8281.09;0;0;0;0;0;8281.09;0
3110004;303;02;509805;2023;4;12 - EDUCAÇÃO;365 - EDUCAÇÃO INFANTIL;0003 - MANUTENÇÃO DA EDUCAÇÃO BÁSICA;2006 - MANUTENÇÃO DA EDUCAÇÃO INFANTIL;;3.3.90.32.99 - 3.3.90.32.99;1.500.000 - RECURSOS NÃO VINCULADOS DE IMPOSTOS;1001 - IDENTIFICAÇÃO DAS DESPESAS COM MANUTENÇÃO E DESENVOLVIMENTO DO ENSINO;1207;20230306;0;0;0;5346;0;5346;0;0;0;0;-5346
3110004;303;02;509805;2023;4;12 - EDUCAÇÃO;361 - ENSINO FUNDAMENTAL;0003 - MANUTENÇÃO DA EDUCAÇÃO BÁSICA;2329 - REMUNERAÇÃO DE ESTAGIÁRIOS;;3.3.90.36.07 - 3.3.90.36.07;1.500.000 - RECURSOS NÃO VINCULADOS DE IMPOSTOS;1001 - IDENTIFICAÇÃO DAS DESPESAS COM MANUTENÇÃO E DESENVOLVIMENTO DO ENSINO;968;20230224;0;0;0;0;0;337;0;0;0;-337;0
3110004;303;02;509805;2023;4;12 - EDUCAÇÃO;365 - EDUCAÇÃO INFANTIL;0003 - MANUTENÇÃO DA EDUCAÇÃO BÁSICA;2006 - MANUTENÇÃO DA EDUCAÇÃO INFANTIL;;3.3.90.30.22 - 3.3.90.30.22;1.500.000 - RECURSOS NÃO VINCULADOS DE IMPOSTOS;1001 - IDENTIFICAÇÃO DAS DESPESAS COM MANUTENÇÃO E DESENVOLVIMENTO DO ENSINO;69;20230102;0;0;0;1977.6;0;1977.6;0;0;0;0;-1977.6
3110004;303;02;509805;2023;4;12 - EDUCAÇÃO;361 - ENSINO FUNDAMENTAL;0019 - GESTÃO DO TRANSPORTE ESCOLAR;2041 - MANUTENÇÃO TRANSPORTE ESCOLAR DO ENSINO FUNDAMENTAL;;3.3.90.39.99 - 3.3.90.39.99;1.500.000 - RECURSOS NÃO VINCULADOS DE IMPOSTOS;1001 - IDENTIFICAÇÃO DAS DESPESAS COM MANUTENÇÃO E DESENVOLVIMENTO DO ENSINO;1073;20230224;0;0;0;54788.68;0;0;0;31.84;0;54788.68;-54788.68
3110004;303;02;509805;2023;4;12 - EDUCAÇÃO;365 - EDUCAÇÃO INFANTIL;0221 - MANUTENÇÃO DA EDUCAÇÃO BÁSICA;2407 - REMUNERAÇÃO PESSOAL EDUCAÇÃO INFANTILCRECHE;;3.1.90.11.11 - 3.1.90.11.11;1.500.000 - RECURSOS NÃO VINCULADOS DE IMPOSTOS;1001 - IDENTIFICAÇÃO DAS DESPESAS COM MANUTENÇÃO E DESENVOLVIMENTO DO ENSINO;2062;20230426;5098.41;0;0;5098.41;0;3989.67;0;1108.74;0;1108.74;0
3110004;303;02;509805;2023;4;12 - EDUCAÇÃO;361 - ENSINO FUNDAMENTAL;0003 - MANUTENÇÃO DA EDUCAÇÃO BÁSICA;1191 - REMUNERAÇÃO DOS PROFISSIONAIS DO ENSINO FUNDAMENTAL;;3.1.90.13.01 - 3.1.90.13.01;1.500.000 - RECURSOS NÃO VINCULADOS DE IMPOSTOS;1001 - IDENTIFICAÇÃO DAS DESPESAS COM MANUTENÇÃO E DESENVOLVIMENTO DO ENSINO;2157;20230426;6432.18;0;0;6432.18;0;0;0;0;0;6432.18;0
3110004;303;02;509805;2023;4;12 - EDUCAÇÃO;361 - ENSINO FUNDAMENTAL;0019 - GESTÃO DO TRANSPORTE ESCOLAR;2042 - REMUNERAÇÃO PESSOAL TRANSPORTE ESCOLAR ENSINO FUNDAMENTAL;;3.1.90.16.00 - 3.1.90.16.00;1.500.000 - RECURSOS NÃO VINCULADOS DE IMPOSTOS;1001 - IDENTIFICAÇÃO DAS DESPESAS COM MANUTENÇÃO E DESENVOLVIMENTO DO ENSINO;2061;20230426;1906.58;0;0;1906.58;0;1906.58;0;0;0;0;0
3110004;303;02;509805;2023;4;12 - EDUCAÇÃO;361 - ENSINO FUNDAMENTAL;0003 - MANUTENÇÃO DA EDUCAÇÃO BÁSICA;2329 - REMUNERAÇÃO DE ESTAGIÁRIOS;;3.3.90.36.07 - 3.3.90.36.07;1.500.000 - RECURSOS NÃO VINCULADOS DE IMPOSTOS;1001 - IDENTIFICAÇÃO DAS DESPESAS COM MANUTENÇÃO E DESENVOLVIMENTO DO ENSINO;1231;20230307;0;0;0;0;0;323.38;0;0;0;-323.38;0
3110004;303;02;509805;2023;4;12 - EDUCAÇÃO;122 - ADMINISTRAÇÃO GERAL;0002 - GESTÃO DA SECRETARIA MUNICIPAL DE EDUCAÇÃO;2002 - MANUTENÇÃO DA SECRETARIA;;3.3.90.14.05 - 3.3.90.14.05;1.500.000 - RECURSOS NÃO VINCULADOS DE IMPOSTOS;1001 - IDENTIFICAÇÃO DAS DESPESAS COM MANUTENÇÃO E DESENVOLVIMENTO DO ENSINO;1773;20230403;424.8;0;0;424.8;0;424.8;0;0;0;0;0
3110004;303;02;509805;2023;4;12 - EDUCAÇÃO;365 - EDUCAÇÃO INFANTIL;0003 - MANUTENÇÃO DA EDUCAÇÃO BÁSICA;2006 - MANUTENÇÃO DA EDUCAÇÃO INFANTIL;;3.3.90.30.22 - 3.3.90.30.22;1.500.000 - RECURSOS NÃO VINCULADOS DE IMPOSTOS;1001 - IDENTIFICAÇÃO DAS DESPESAS COM MANUTENÇÃO E DESENVOLVIMENTO DO ENSINO;173;20230102;0;0;0;3585;0;3585;0;0;0;0;-3585
3110004;303;02;509805;2023;5;12 - EDUCAÇÃO;365 - EDUCAÇÃO INFANTIL;0221 - MANUTENÇÃO DA EDUCAÇÃO BÁSICA;2407 - REMUNERAÇÃO PESSOAL EDUCAÇÃO INFANTILCRECHE;;3.1.90.13.01 - 3.1.90.13.01;1.500.000 - RECURSOS NÃO VINCULADOS DE IMPOSTOS;1001 - IDENTIFICAÇÃO DAS DESPESAS COM MANUTENÇÃO E DESENVOLVIMENTO DO ENSINO;2688;20230530;613.63;0;0;613.63;0;0;0;0;0;613.63;0
3110004;303;02;509805;2023;5;12 - EDUCAÇÃO;122 - ADMINISTRAÇÃO GERAL;0002 - GESTÃO DA SECRETARIA MUNICIPAL DE EDUCAÇÃO;2001 - REMUNERAÇÃO PESSOAL DA SECRETARIA;;3.1.90.13.01 - 3.1.90.13.01;1.500.000 - RECURSOS NÃO VINCULADOS DE IMPOSTOS;1001 - IDENTIFICAÇÃO DAS DESPESAS COM MANUTENÇÃO E DESENVOLVIMENTO DO ENSINO;2677;20230530;4044.2;0;0;4044.2;0;0;0;0;0;4044.2;0
3110004;303;02;509805;2023;5;12 - EDUCAÇÃO;122 - ADMINISTRAÇÃO GERAL;0002 - GESTÃO DA SECRETARIA MUNICIPAL DE EDUCAÇÃO;2002 - MANUTENÇÃO DA SECRETARIA;;4.4.90.52.06 - 4.4.90.52.06;1.500.000 - RECURSOS NÃO VINCULADOS DE IMPOSTOS;1001 - IDENTIFICAÇÃO DAS DESPESAS COM MANUTENÇÃO E DESENVOLVIMENTO DO ENSINO;2529;20230529;1770.08;0;0;0;0;0;0;0;0;0;1770.08
3110004;303;02;509805;2023;5;12 - EDUCAÇÃO;122 - ADMINISTRAÇÃO GERAL;0002 - GESTÃO DA SECRETARIA MUNICIPAL DE EDUCAÇÃO;2002 - MANUTENÇÃO DA SECRETARIA;;3.3.90.49.00 - 3.3.90.49.00;1.500.000 - RECURSOS NÃO VINCULADOS DE IMPOSTOS;1001 - IDENTIFICAÇÃO DAS DESPESAS COM MANUTENÇÃO E DESENVOLVIMENTO DO ENSINO;58;20230102;0;0;0;1440;0;1440;0;0;0;0;-1440
3110004;303;02;509805;2023;5;12 - EDUCAÇÃO;361 - ENSINO FUNDAMENTAL;0003 - MANUTENÇÃO DA EDUCAÇÃO BÁSICA;2062 - MANUTENÇÃO DO ENSINO FUNDAMENTAL;;3.1.90.13.03 - 3.1.90.13.03;1.500.000 - RECURSOS NÃO VINCULADOS DE IMPOSTOS;1001 - IDENTIFICAÇÃO DAS DESPESAS COM MANUTENÇÃO E DESENVOLVIMENTO DO ENSINO;2160;20230426;0;0;0;0;0;8281.09;0;0;0;-8281.09;0
3110004;303;02;509805;2023;5;12 - EDUCAÇÃO;122 - ADMINISTRAÇÃO GERAL;0002 - GESTÃO DA SECRETARIA MUNICIPAL DE EDUCAÇÃO;2002 - MANUTENÇÃO DA SECRETARIA;;3.3.90.30.40 - 3.3.90.30.40;1.500.000 - RECURSOS NÃO VINCULADOS DE IMPOSTOS;1001 - IDENTIFICAÇÃO DAS DESPESAS COM MANUTENÇÃO E DESENVOLVIMENTO DO ENSINO;2526;20230529;2949.95;0;0;0;0;0;0;0;0;0;2949.95
3110004;303;02;509805;2023;5;12 - EDUCAÇÃO;361 - ENSINO FUNDAMENTAL;0003 - MANUTENÇÃO DA EDUCAÇÃO BÁSICA;1191 - REMUNERAÇÃO DOS PROFISSIONAIS DO ENSINO FUNDAMENTAL;;3.1.90.13.01 - 3.1.90.13.01;1.500.000 - RECURSOS NÃO VINCULADOS DE IMPOSTOS;1001 - IDENTIFICAÇÃO DAS DESPESAS COM MANUTENÇÃO E DESENVOLVIMENTO DO ENSINO;2681;20230530;11152.81;0;0;11152.81;0;0;0;0;0;11152.81;0
3110004;303;02;509805;2023;5;12 - EDUCAÇÃO;122 - ADMINISTRAÇÃO GERAL;0002 - GESTÃO DA SECRETARIA MUNICIPAL DE EDUCAÇÃO;2002 - MANUTENÇÃO DA SECRETARIA;;3.3.90.39.14 - 3.3.90.39.14;1.500.000 - RECURSOS NÃO VINCULADOS DE IMPOSTOS;1001 - IDENTIFICAÇÃO DAS DESPESAS COM MANUTENÇÃO E DESENVOLVIMENTO DO ENSINO;1402;20230317;0;0;0;1350;0;1350;0;0;0;0;-1350
3110004;303;02;509805;2023;5;12 - EDUCAÇÃO;122 - ADMINISTRAÇÃO GERAL;0002 - GESTÃO DA SECRETARIA MUNICIPAL DE EDUCAÇÃO;2001 - REMUNERAÇÃO PESSOAL DA SECRETARIA;;3.1.90.11.11 - 3.1.90.11.11;1.500.000 - RECURSOS NÃO VINCULADOS DE IMPOSTOS;1001 - IDENTIFICAÇÃO DAS DESPESAS COM MANUTENÇÃO E DESENVOLVIMENTO DO ENSINO;2579;20230530;50142.66;0;0;50142.66;0;39995.18;0;10147.48;0;10147.48;0
3110004;303;02;509805;2023;5;12 - EDUCAÇÃO;361 - ENSINO FUNDAMENTAL;0019 - GESTÃO DO TRANSPORTE ESCOLAR;2042 - REMUNERAÇÃO PESSOAL TRANSPORTE ESCOLAR ENSINO FUNDAMENTAL;;3.1.90.04.99 - 3.1.90.04.99;1.500.000 - RECURSOS NÃO VINCULADOS DE IMPOSTOS;1001 - IDENTIFICAÇÃO DAS DESPESAS COM MANUTENÇÃO E DESENVOLVIMENTO DO ENSINO;2587;20230530;5828.29;0;0;5828.29;0;5079.58;0;748.71;0;748.71;0
3110004;303;02;509805;2023;5;12 - EDUCAÇÃO;122 - ADMINISTRAÇÃO GERAL;0002 - GESTÃO DA SECRETARIA MUNICIPAL DE EDUCAÇÃO;2002 - MANUTENÇÃO DA SECRETARIA;;3.3.90.32.99 - 3.3.90.32.99;1.500.000 - RECURSOS NÃO VINCULADOS DE IMPOSTOS;1001 - IDENTIFICAÇÃO DAS DESPESAS COM MANUTENÇÃO E DESENVOLVIMENTO DO ENSINO;1222;20230306;0;0;0;5441.04;0;5441.04;0;0;0;0;-5441.04
3110004;303;02;509805;2023;5;12 - EDUCAÇÃO;361 - ENSINO FUNDAMENTAL;0003 - MANUTENÇÃO DA EDUCAÇÃO BÁSICA;2062 - MANUTENÇÃO DO ENSINO FUNDAMENTAL;;3.1.90.13.03 - 3.1.90.13.03;1.500.000 - RECURSOS NÃO VINCULADOS DE IMPOSTOS;1001 - IDENTIFICAÇÃO DAS DESPESAS COM MANUTENÇÃO E DESENVOLVIMENTO DO ENSINO;2684;20230530;19448.8;0;0;19448.8;0;0;0;0;0;19448.8;0
3110004;303;02;509805;2023;5;12 - EDUCAÇÃO;361 - ENSINO FUNDAMENTAL;0027 - GESTÃO DO CENTRO ESPECIALIZADO DE ATENÇÃO À CRIANÇA E AO ADOLESCENTE;2049 - MANUTENÇÃO DO CEACA;;3.1.90.13.01 - 3.1.90.13.01;1.500.000 - RECURSOS NÃO VINCULADOS DE IMPOSTOS;1001 - IDENTIFICAÇÃO DAS DESPESAS COM MANUTENÇÃO E DESENVOLVIMENTO DO ENSINO;2686;20230530;2790.58;0;0;2790.58;0;0;0;0;0;2790.58;0
3110004;303;02;509805;2023;5;12 - EDUCAÇÃO;361 - ENSINO FUNDAMENTAL;0003 - MANUTENÇÃO DA EDUCAÇÃO BÁSICA;1191 - REMUNERAÇÃO DOS PROFISSIONAIS DO ENSINO FUNDAMENTAL;;3.1.90.13.03 - 3.1.90.13.03;1.500.000 - RECURSOS NÃO VINCULADOS DE IMPOSTOS;1001 - IDENTIFICAÇÃO DAS DESPESAS COM MANUTENÇÃO E DESENVOLVIMENTO DO ENSINO;2158;20230426;0;0;0;0;0;30634.14;0;0;0;-30634.14;0
3110004;303;02;509805;2023;6;12 - EDUCAÇÃO;361 - ENSINO FUNDAMENTAL;0027 - GESTÃO DO CENTRO ESPECIALIZADO DE ATENÇÃO À CRIANÇA E AO ADOLESCENTE;2049 - MANUTENÇÃO DO CEACA;;3.1.90.13.01 - 3.1.90.13.01;1.500.000 - RECURSOS NÃO VINCULADOS DE IMPOSTOS;1001 - IDENTIFICAÇÃO DAS DESPESAS COM MANUTENÇÃO E DESENVOLVIMENTO DO ENSINO;3260;20230628;1972.32;0;0;1972.32;0;0;0;0;0;1972.32;0
3110004;303;02;509805;2023;6;12 - EDUCAÇÃO;122 - ADMINISTRAÇÃO GERAL;0002 - GESTÃO DA SECRETARIA MUNICIPAL DE EDUCAÇÃO;2001 - REMUNERAÇÃO PESSOAL DA SECRETARIA;;3.1.90.94.01 - 3.1.90.94.01;1.500.000 - RECURSOS NÃO VINCULADOS DE IMPOSTOS;1001 - IDENTIFICAÇÃO DAS DESPESAS COM MANUTENÇÃO E DESENVOLVIMENTO DO ENSINO;3027;20230626;1134.7;0;0;1134.7;0;1134.7;0;0;0;0;0
3110004;303;02;509805;2023;6;12 - EDUCAÇÃO;122 - ADMINISTRAÇÃO GERAL;0002 - GESTÃO DA SECRETARIA MUNICIPAL DE EDUCAÇÃO;2001 - REMUNERAÇÃO PESSOAL DA SECRETARIA;;3.1.90.11.11 - 3.1.90.11.11;1.500.000 - RECURSOS NÃO VINCULADOS DE IMPOSTOS;1001 - IDENTIFICAÇÃO DAS DESPESAS COM MANUTENÇÃO E DESENVOLVIMENTO DO ENSINO;3150;20230628;35690.42;0;0;35690.42;0;30055.96;0;5634.46;0;5634.46;0
3110004;303;02;509805;2023;6;12 - EDUCAÇÃO;361 - ENSINO FUNDAMENTAL;0003 - MANUTENÇÃO DA EDUCAÇÃO BÁSICA;2062 - MANUTENÇÃO DO ENSINO FUNDAMENTAL;;3.1.90.13.01 - 3.1.90.13.01;1.500.000 - RECURSOS NÃO VINCULADOS DE IMPOSTOS;1001 - IDENTIFICAÇÃO DAS DESPESAS COM MANUTENÇÃO E DESENVOLVIMENTO DO ENSINO;2683;20230530;0;0;0;0;0;3117.82;0;0;0;-3117.82;0
3110004;303;02;509805;2023;6;12 - EDUCAÇÃO;361 - ENSINO FUNDAMENTAL;0019 - GESTÃO DO TRANSPORTE ESCOLAR;2042 - REMUNERAÇÃO PESSOAL TRANSPORTE ESCOLAR ENSINO FUNDAMENTAL;;3.1.90.16.00 - 3.1.90.16.00;1.500.000 - RECURSOS NÃO VINCULADOS DE IMPOSTOS;1001 - IDENTIFICAÇÃO DAS DESPESAS COM MANUTENÇÃO E DESENVOLVIMENTO DO ENSINO;3159;20230628;986.11;0;0;986.11;0;986.11;0;0;0;0;0
3110004;303;02;509805;2023;7;12 - EDUCAÇÃO;365 - EDUCAÇÃO INFANTIL;0019 - GESTÃO DO TRANSPORTE ESCOLAR;2454 - MANUTENÇÃO TRANSPORTE ESCOLAR EDUCAÇÃO INFANTIL;;3.3.90.39.57 - 3.3.90.39.57;1.500.000 - RECURSOS NÃO VINCULADOS DE IMPOSTOS;1001 - IDENTIFICAÇÃO DAS DESPESAS COM MANUTENÇÃO E DESENVOLVIMENTO DO ENSINO;3468;20230711;150007.68;0;0;0;0;0;0;0;0;0;150007.68
3110004;303;02;509805;2023;7;12 - EDUCAÇÃO;361 - ENSINO FUNDAMENTAL;0003 - MANUTENÇÃO DA EDUCAÇÃO BÁSICA;2329 - REMUNERAÇÃO DE ESTAGIÁRIOS;;3.3.90.36.07 - 3.3.90.36.07;1.500.000 - RECURSOS NÃO VINCULADOS DE IMPOSTOS;1001 - IDENTIFICAÇÃO DAS DESPESAS COM MANUTENÇÃO E DESENVOLVIMENTO DO ENSINO;3749;20230727;59190.34;0;0;59190.34;0;59190.34;0;0;0;0;0
3110004;303;02;509805;2023;7;12 - EDUCAÇÃO;361 - ENSINO FUNDAMENTAL;0019 - GESTÃO DO TRANSPORTE ESCOLAR;2041 - MANUTENÇÃO TRANSPORTE ESCOLAR DO ENSINO FUNDAMENTAL;;3.3.90.39.99 - 3.3.90.39.99;1.500.000 - RECURSOS NÃO VINCULADOS DE IMPOSTOS;1001 - IDENTIFICAÇÃO DAS DESPESAS COM MANUTENÇÃO E DESENVOLVIMENTO DO ENSINO;1073;20230224;0;0;0;0;0;4829.88;0;0;0;-4829.88;0
3110004;303;02;509805;2023;7;12 - EDUCAÇÃO;361 - ENSINO FUNDAMENTAL;0003 - MANUTENÇÃO DA EDUCAÇÃO BÁSICA;2062 - MANUTENÇÃO DO ENSINO FUNDAMENTAL;;3.1.90.13.03 - 3.1.90.13.03;1.500.000 - RECURSOS NÃO VINCULADOS DE IMPOSTOS;1001 - IDENTIFICAÇÃO DAS DESPESAS COM MANUTENÇÃO E DESENVOLVIMENTO DO ENSINO;3773;20230727;12520.07;0;0;12520.07;0;0;0;0;0;12520.07;0
3110004;303;02;509805;2023;7;12 - EDUCAÇÃO;122 - ADMINISTRAÇÃO GERAL;0002 - GESTÃO DA SECRETARIA MUNICIPAL DE EDUCAÇÃO;2002 - MANUTENÇÃO DA SECRETARIA;;3.3.90.39.29 - 3.3.90.39.29;1.500.000 - RECURSOS NÃO VINCULADOS DE IMPOSTOS;1001 - IDENTIFICAÇÃO DAS DESPESAS COM MANUTENÇÃO E DESENVOLVIMENTO DO ENSINO;79;20230102;0;0;0;50.41;0;50.41;0;0;0;0;-50.41
3110004;303;02;509805;2023;7;12 - EDUCAÇÃO;361 - ENSINO FUNDAMENTAL;0027 - GESTÃO DO CENTRO ESPECIALIZADO DE ATENÇÃO À CRIANÇA E AO ADOLESCENTE;2049 - MANUTENÇÃO DO CEACA;;3.1.90.13.01 - 3.1.90.13.01;1.500.000 - RECURSOS NÃO VINCULADOS DE IMPOSTOS;1001 - IDENTIFICAÇÃO DAS DESPESAS COM MANUTENÇÃO E DESENVOLVIMENTO DO ENSINO;3260;20230628;0;0;0;0;0;1972.32;0;0;0;-1972.32;0
3110004;303;02;509805;2023;7;12 - EDUCAÇÃO;122 - ADMINISTRAÇÃO GERAL;0002 - GESTÃO DA SECRETARIA MUNICIPAL DE EDUCAÇÃO;2002 - MANUTENÇÃO DA SECRETARIA;;3.3.90.30.16 - 3.3.90.30.16;1.500.000 - RECURSOS NÃO VINCULADOS DE IMPOSTOS;1001 - IDENTIFICAÇÃO DAS DESPESAS COM MANUTENÇÃO E DESENVOLVIMENTO DO ENSINO;3618;20230725;308.96;0;0;0;0;0;0;0;0;0;308.96
3110004;303;02;509805;2023;7;12 - EDUCAÇÃO;361 - ENSINO FUNDAMENTAL;0003 - MANUTENÇÃO DA EDUCAÇÃO BÁSICA;1191 - REMUNERAÇÃO DOS PROFISSIONAIS DO ENSINO FUNDAMENTAL;;3.1.90.94.01 - 3.1.90.94.01;1.500.000 - RECURSOS NÃO VINCULADOS DE IMPOSTOS;1001 - IDENTIFICAÇÃO DAS DESPESAS COM MANUTENÇÃO E DESENVOLVIMENTO DO ENSINO;3592;20230724;3538.14;0;0;3538.14;0;3538.14;0;0;0;0;0
3110004;303;02;509805;2023;8;12 - EDUCAÇÃO;122 - ADMINISTRAÇÃO GERAL;0002 - GESTÃO DA SECRETARIA MUNICIPAL DE EDUCAÇÃO;2002 - MANUTENÇÃO DA SECRETARIA;;3.3.90.14.05 - 3.3.90.14.05;1.500.000 - RECURSOS NÃO VINCULADOS DE IMPOSTOS;1001 - IDENTIFICAÇÃO DAS DESPESAS COM MANUTENÇÃO E DESENVOLVIMENTO DO ENSINO;4140;20230825;130.29;0;0;130.29;0;0;0;0;0;130.29;0
3110004;303;02;509805;2023;8;12 - EDUCAÇÃO;361 - ENSINO FUNDAMENTAL;0003 - MANUTENÇÃO DA EDUCAÇÃO BÁSICA;1191 - REMUNERAÇÃO DOS PROFISSIONAIS DO ENSINO FUNDAMENTAL;;3.1.90.13.03 - 3.1.90.13.03;1.500.000 - RECURSOS NÃO VINCULADOS DE IMPOSTOS;1001 - IDENTIFICAÇÃO DAS DESPESAS COM MANUTENÇÃO E DESENVOLVIMENTO DO ENSINO;3771;20230727;0;0;0;0;0;37569.81;0;0;0;-37569.81;0
3110004;303;02;509805;2023;8;12 - EDUCAÇÃO;122 - ADMINISTRAÇÃO GERAL;0002 - GESTÃO DA SECRETARIA MUNICIPAL DE EDUCAÇÃO;2002 - MANUTENÇÃO DA SECRETARIA;;3.3.90.49.00 - 3.3.90.49.00;1.500.000 - RECURSOS NÃO VINCULADOS DE IMPOSTOS;1001 - IDENTIFICAÇÃO DAS DESPESAS COM MANUTENÇÃO E DESENVOLVIMENTO DO ENSINO;605;20230127;0;0;11322.3;0;0;0;0;0;0;0;-11322.3
3110004;303;02;509805;2023;8;12 - EDUCAÇÃO;122 - ADMINISTRAÇÃO GERAL;0002 - GESTÃO DA SECRETARIA MUNICIPAL DE EDUCAÇÃO;2001 - REMUNERAÇÃO PESSOAL DA SECRETARIA;;3.1.90.11.11 - 3.1.90.11.11;1.500.000 - RECURSOS NÃO VINCULADOS DE IMPOSTOS;1001 - IDENTIFICAÇÃO DAS DESPESAS COM MANUTENÇÃO E DESENVOLVIMENTO DO ENSINO;4183;20230828;34640.86;0;0;34640.86;0;27956.09;0;6684.77;0;6684.77;0
3110004;303;02;509805;2023;8;12 - EDUCAÇÃO;361 - ENSINO FUNDAMENTAL;0027 - GESTÃO DO CENTRO ESPECIALIZADO DE ATENÇÃO À CRIANÇA E AO ADOLESCENTE;2049 - MANUTENÇÃO DO CEACA;;3.1.90.11.11 - 3.1.90.11.11;1.500.000 - RECURSOS NÃO VINCULADOS DE IMPOSTOS;1001 - IDENTIFICAÇÃO DAS DESPESAS COM MANUTENÇÃO E DESENVOLVIMENTO DO ENSINO;4193;20230828;29451.62;0;0;29451.62;0;24670.45;0;4781.17;0;4781.17;0
3110004;303;02;509805;2023;8;12 - EDUCAÇÃO;361 - ENSINO FUNDAMENTAL;0003 - MANUTENÇÃO DA EDUCAÇÃO BÁSICA;1191 - REMUNERAÇÃO DOS PROFISSIONAIS DO ENSINO FUNDAMENTAL;;3.1.90.13.03 - 3.1.90.13.03;1.500.000 - RECURSOS NÃO VINCULADOS DE IMPOSTOS;1001 - IDENTIFICAÇÃO DAS DESPESAS COM MANUTENÇÃO E DESENVOLVIMENTO DO ENSINO;4292;20230828;38728.12;0;0;38728.12;0;0;0;1379.83;0;38728.12;0
3110004;303;02;509805;2023;8;12 - EDUCAÇÃO;365 - EDUCAÇÃO INFANTIL;0221 - MANUTENÇÃO DA EDUCAÇÃO BÁSICA;2407 - REMUNERAÇÃO PESSOAL EDUCAÇÃO INFANTILCRECHE;;3.1.90.11.11 - 3.1.90.11.11;1.500.000 - RECURSOS NÃO VINCULADOS DE IMPOSTOS;1001 - IDENTIFICAÇÃO DAS DESPESAS COM MANUTENÇÃO E DESENVOLVIMENTO DO ENSINO;4194;20230828;5583.23;0;0;5583.23;0;4503.6;0;1079.63;0;1079.63;0
3110004;303;02;509805;2023;8;12 - EDUCAÇÃO;361 - ENSINO FUNDAMENTAL;0003 - MANUTENÇÃO DA EDUCAÇÃO BÁSICA;2062 - MANUTENÇÃO DO ENSINO FUNDAMENTAL;;3.1.90.13.03 - 3.1.90.13.03;1.500.000 - RECURSOS NÃO VINCULADOS DE IMPOSTOS;1001 - IDENTIFICAÇÃO DAS DESPESAS COM MANUTENÇÃO E DESENVOLVIMENTO DO ENSINO;3773;20230727;0;0;0;0;0;12520.07;0;0;0;-12520.07;0
3110004;303;02;509805;2023;8;12 - EDUCAÇÃO;361 - ENSINO FUNDAMENTAL;0019 - GESTÃO DO TRANSPORTE ESCOLAR;2042 - REMUNERAÇÃO PESSOAL TRANSPORTE ESCOLAR ENSINO FUNDAMENTAL;;3.1.90.16.00 - 3.1.90.16.00;1.500.000 - RECURSOS NÃO VINCULADOS DE IMPOSTOS;1001 - IDENTIFICAÇÃO DAS DESPESAS COM MANUTENÇÃO E DESENVOLVIMENTO DO ENSINO;4192;20230828;1029.48;0;0;1029.48;0;1029.48;0;0;0;0;0
3110004;303;02;509805;2023;8;12 - EDUCAÇÃO;122 - ADMINISTRAÇÃO GERAL;0002 - GESTÃO DA SECRETARIA MUNICIPAL DE EDUCAÇÃO;2002 - MANUTENÇÃO DA SECRETARIA;;3.3.90.30.07 - 3.3.90.30.07;1.500.000 - RECURSOS NÃO VINCULADOS DE IMPOSTOS;1001 - IDENTIFICAÇÃO DAS DESPESAS COM MANUTENÇÃO E DESENVOLVIMENTO DO ENSINO;4135;20230825;457.5;0;0;0;0;0;0;0;0;0;457.5
3110004;303;02;509805;2023;9;12 - EDUCAÇÃO;361 - ENSINO FUNDAMENTAL;0003 - MANUTENÇÃO DA EDUCAÇÃO BÁSICA;1191 - REMUNERAÇÃO DOS PROFISSIONAIS DO ENSINO FUNDAMENTAL;;3.1.90.13.01 - 3.1.90.13.01;1.500.000 - RECURSOS NÃO VINCULADOS DE IMPOSTOS;1001 - IDENTIFICAÇÃO DAS DESPESAS COM MANUTENÇÃO E DESENVOLVIMENTO DO ENSINO;4291;20230828;0;0;0;0;0;8177.21;0;0;0;-8177.21;0
3110004;303;02;509805;2023;9;12 - EDUCAÇÃO;365 - EDUCAÇÃO INFANTIL;0003 - MANUTENÇÃO DA EDUCAÇÃO BÁSICA;2006 - MANUTENÇÃO DA EDUCAÇÃO INFANTIL;;3.3.90.30.22 - 3.3.90.30.22;1.500.000 - RECURSOS NÃO VINCULADOS DE IMPOSTOS;1001 - IDENTIFICAÇÃO DAS DESPESAS COM MANUTENÇÃO E DESENVOLVIMENTO DO ENSINO;4673;20230922;4465.58;0;0;0;0;0;0;0;0;0;4465.58
3110004;303;02;509805;2023;10;12 - EDUCAÇÃO;122 - ADMINISTRAÇÃO GERAL;0002 - GESTÃO DA SECRETARIA MUNICIPAL DE EDUCAÇÃO;2002 - MANUTENÇÃO DA SECRETARIA;;3.3.90.14.05 - 3.3.90.14.05;1.500.000 - RECURSOS NÃO VINCULADOS DE IMPOSTOS;1001 - IDENTIFICAÇÃO DAS DESPESAS COM MANUTENÇÃO E DESENVOLVIMENTO DO ENSINO;5233;20231017;43.43;0;0;43.43;0;43.43;0;0;0;0;0
3110004;303;02;509805;2023;12;12 - EDUCAÇÃO;365 - EDUCAÇÃO INFANTIL;0019 - GESTÃO DO TRANSPORTE ESCOLAR;2454 - MANUTENÇÃO TRANSPORTE ESCOLAR EDUCAÇÃO INFANTIL;;3.3.90.39.57 - 3.3.90.39.57;1.500.000 - RECURSOS NÃO VINCULADOS DE IMPOSTOS;1001 - IDENTIFICAÇÃO DAS DESPESAS COM MANUTENÇÃO E DESENVOLVIMENTO DO ENSINO;781;20230223;0;0;30.44;82773.97;0;77435.04;0;5338.93;0;5338.93;-82804.41
3110004;303;02;509805;2023;10;12 - EDUCAÇÃO;361 - ENSINO FUNDAMENTAL;0013 - TRANSFERÊNCIA AS CAIXAS ESCOLARES;2032 - CONTRIBUIÇÃO AS ESCOLAS MUNICIPAIS;;3.3.50.41.00 - 3.3.50.41.00;1.500.000 - RECURSOS NÃO VINCULADOS DE IMPOSTOS;1001 - IDENTIFICAÇÃO DAS DESPESAS COM MANUTENÇÃO E DESENVOLVIMENTO DO ENSINO;4716;20230927;0;0;0;0;0;2000;0;0;0;-2000;0
3110004;303;02;509805;2023;10;12 - EDUCAÇÃO;361 - ENSINO FUNDAMENTAL;0003 - MANUTENÇÃO DA EDUCAÇÃO BÁSICA;1191 - REMUNERAÇÃO DOS PROFISSIONAIS DO ENSINO FUNDAMENTAL;;3.1.90.94.01 - 3.1.90.94.01;1.500.000 - RECURSOS NÃO VINCULADOS DE IMPOSTOS;1001 - IDENTIFICAÇÃO DAS DESPESAS COM MANUTENÇÃO E DESENVOLVIMENTO DO ENSINO;4965;20231002;1960.91;0;0;1960.91;0;1960.91;0;0;0;0;0
3110004;303;02;509805;2023;12;12 - EDUCAÇÃO;361 - ENSINO FUNDAMENTAL;0027 - GESTÃO DO CENTRO ESPECIALIZADO DE ATENÇÃO À CRIANÇA E AO ADOLESCENTE;2049 - MANUTENÇÃO DO CEACA;;3.1.90.13.03 - 3.1.90.13.03;1.500.000 - RECURSOS NÃO VINCULADOS DE IMPOSTOS;1001 - IDENTIFICAÇÃO DAS DESPESAS COM MANUTENÇÃO E DESENVOLVIMENTO DO ENSINO;5938;20231129;0;0;0;0;0;6582.15;0;0;0;-6582.15;0
3110004;303;02;509805;2023;12;12 - EDUCAÇÃO;361 - ENSINO FUNDAMENTAL;0003 - MANUTENÇÃO DA EDUCAÇÃO BÁSICA;2062 - MANUTENÇÃO DO ENSINO FUNDAMENTAL;;3.1.90.13.01 - 3.1.90.13.01;1.500.000 - RECURSOS NÃO VINCULADOS DE IMPOSTOS;1001 - IDENTIFICAÇÃO DAS DESPESAS COM MANUTENÇÃO E DESENVOLVIMENTO DO ENSINO;6311;20231214;1740.66;0;0;1740.66;0;0;0;0;0;1740.66;0
3110004;303;02;509805;2023;12;12 - EDUCAÇÃO;122 - ADMINISTRAÇÃO GERAL;0002 - GESTÃO DA SECRETARIA MUNICIPAL DE EDUCAÇÃO;2002 - MANUTENÇÃO DA SECRETARIA;;3.3.90.39.12 - 3.3.90.39.12;1.500.000 - RECURSOS NÃO VINCULADOS DE IMPOSTOS;1001 - IDENTIFICAÇÃO DAS DESPESAS COM MANUTENÇÃO E DESENVOLVIMENTO DO ENSINO;6081;20231201;5259;0;0;0;0;0;0;0;0;0;5259
3110004;303;02;509805;2023;9;12 - EDUCAÇÃO;122 - ADMINISTRAÇÃO GERAL;0002 - GESTÃO DA SECRETARIA MUNICIPAL DE EDUCAÇÃO;2002 - MANUTENÇÃO DA SECRETARIA;;3.3.90.14.05 - 3.3.90.14.05;1.500.000 - RECURSOS NÃO VINCULADOS DE IMPOSTOS;1001 - IDENTIFICAÇÃO DAS DESPESAS COM MANUTENÇÃO E DESENVOLVIMENTO DO ENSINO;4955;20230927;44.44;0;0;0;0;0;0;0;0;0;44.44
3110004;303;02;509805;2023;9;12 - EDUCAÇÃO;361 - ENSINO FUNDAMENTAL;0003 - MANUTENÇÃO DA EDUCAÇÃO BÁSICA;2062 - MANUTENÇÃO DO ENSINO FUNDAMENTAL;;3.3.90.30.22 - 3.3.90.30.22;1.500.000 - RECURSOS NÃO VINCULADOS DE IMPOSTOS;1001 - IDENTIFICAÇÃO DAS DESPESAS COM MANUTENÇÃO E DESENVOLVIMENTO DO ENSINO;4732;20230927;11064.6;0;0;0;0;0;0;0;0;0;11064.6
3110004;303;02;509805;2023;9;12 - EDUCAÇÃO;361 - ENSINO FUNDAMENTAL;0003 - MANUTENÇÃO DA EDUCAÇÃO BÁSICA;1191 - REMUNERAÇÃO DOS PROFISSIONAIS DO ENSINO FUNDAMENTAL;;3.1.90.04.99 - 3.1.90.04.99;1.500.000 - RECURSOS NÃO VINCULADOS DE IMPOSTOS;1001 - IDENTIFICAÇÃO DAS DESPESAS COM MANUTENÇÃO E DESENVOLVIMENTO DO ENSINO;4765;20230927;64145.53;0;0;64145.53;0;58541.97;0;5603.56;0;5603.56;0
3110004;303;02;509805;2023;9;12 - EDUCAÇÃO;361 - ENSINO FUNDAMENTAL;0019 - GESTÃO DO TRANSPORTE ESCOLAR;2042 - REMUNERAÇÃO PESSOAL TRANSPORTE ESCOLAR ENSINO FUNDAMENTAL;;3.1.90.04.99 - 3.1.90.04.99;1.500.000 - RECURSOS NÃO VINCULADOS DE IMPOSTOS;1001 - IDENTIFICAÇÃO DAS DESPESAS COM MANUTENÇÃO E DESENVOLVIMENTO DO ENSINO;4769;20230927;5966.27;0;0;5966.27;0;4766.23;0;1200.04;0;1200.04;0
3110004;303;02;509805;2023;9;12 - EDUCAÇÃO;361 - ENSINO FUNDAMENTAL;0013 - TRANSFERÊNCIA AS CAIXAS ESCOLARES;2032 - CONTRIBUIÇÃO AS ESCOLAS MUNICIPAIS;;3.3.50.41.00 - 3.3.50.41.00;1.500.000 - RECURSOS NÃO VINCULADOS DE IMPOSTOS;1001 - IDENTIFICAÇÃO DAS DESPESAS COM MANUTENÇÃO E DESENVOLVIMENTO DO ENSINO;4711;20230927;7500;0;0;7500;0;0;0;0;0;7500;0
3110004;303;02;509805;2023;9;12 - EDUCAÇÃO;122 - ADMINISTRAÇÃO GERAL;0002 - GESTÃO DA SECRETARIA MUNICIPAL DE EDUCAÇÃO;2002 - MANUTENÇÃO DA SECRETARIA;;3.3.90.35.06 - 3.3.90.35.06;1.500.000 - RECURSOS NÃO VINCULADOS DE IMPOSTOS;1001 - IDENTIFICAÇÃO DAS DESPESAS COM MANUTENÇÃO E DESENVOLVIMENTO DO ENSINO;2982;20230616;0;0;0;3500;0;3332;0;168;0;168;-3500
3110004;303;02;509805;2023;10;12 - EDUCAÇÃO;122 - ADMINISTRAÇÃO GERAL;0002 - GESTÃO DA SECRETARIA MUNICIPAL DE EDUCAÇÃO;2002 - MANUTENÇÃO DA SECRETARIA;;3.3.90.14.05 - 3.3.90.14.05;1.500.000 - RECURSOS NÃO VINCULADOS DE IMPOSTOS;1001 - IDENTIFICAÇÃO DAS DESPESAS COM MANUTENÇÃO E DESENVOLVIMENTO DO ENSINO;4955;20230927;0;0;0;44.44;0;44.44;0;0;0;0;-44.44
3110004;303;02;509805;2023;11;12 - EDUCAÇÃO;122 - ADMINISTRAÇÃO GERAL;0002 - GESTÃO DA SECRETARIA MUNICIPAL DE EDUCAÇÃO;2001 - REMUNERAÇÃO PESSOAL DA SECRETARIA;;3.1.90.04.99 - 3.1.90.04.99;1.500.000 - RECURSOS NÃO VINCULADOS DE IMPOSTOS;1001 - IDENTIFICAÇÃO DAS DESPESAS COM MANUTENÇÃO E DESENVOLVIMENTO DO ENSINO;5821;20231129;7111.33;0;0;7111.33;0;6052.53;0;1058.8;0;1058.8;0
3110004;303;02;509805;2023;12;12 - EDUCAÇÃO;361 - ENSINO FUNDAMENTAL;0027 - GESTÃO DO CENTRO ESPECIALIZADO DE ATENÇÃO À CRIANÇA E AO ADOLESCENTE;2049 - MANUTENÇÃO DO CEACA;;3.1.90.13.03 - 3.1.90.13.03;1.500.000 - RECURSOS NÃO VINCULADOS DE IMPOSTOS;1001 - IDENTIFICAÇÃO DAS DESPESAS COM MANUTENÇÃO E DESENVOLVIMENTO DO ENSINO;6315;20231214;6114.78;0;0;6114.78;0;6114.78;0;0;0;0;0
3110004;303;02;509805;2023;9;12 - EDUCAÇÃO;361 - ENSINO FUNDAMENTAL;0013 - TRANSFERÊNCIA AS CAIXAS ESCOLARES;2032 - CONTRIBUIÇÃO AS ESCOLAS MUNICIPAIS;;3.3.50.41.00 - 3.3.50.41.00;1.500.000 - RECURSOS NÃO VINCULADOS DE IMPOSTOS;1001 - IDENTIFICAÇÃO DAS DESPESAS COM MANUTENÇÃO E DESENVOLVIMENTO DO ENSINO;4716;20230927;2000;0;0;2000;0;0;0;0;0;2000;0
3110004;303;02;509805;2023;9;12 - EDUCAÇÃO;361 - ENSINO FUNDAMENTAL;0013 - TRANSFERÊNCIA AS CAIXAS ESCOLARES;2032 - CONTRIBUIÇÃO AS ESCOLAS MUNICIPAIS;;3.3.50.41.00 - 3.3.50.41.00;1.500.000 - RECURSOS NÃO VINCULADOS DE IMPOSTOS;1001 - IDENTIFICAÇÃO DAS DESPESAS COM MANUTENÇÃO E DESENVOLVIMENTO DO ENSINO;4705;20230926;3000;0;0;3000;0;0;0;0;0;3000;0
3110004;303;02;509805;2023;10;12 - EDUCAÇÃO;361 - ENSINO FUNDAMENTAL;0003 - MANUTENÇÃO DA EDUCAÇÃO BÁSICA;2062 - MANUTENÇÃO DO ENSINO FUNDAMENTAL;;3.3.90.30.22 - 3.3.90.30.22;1.500.000 - RECURSOS NÃO VINCULADOS DE IMPOSTOS;1001 - IDENTIFICAÇÃO DAS DESPESAS COM MANUTENÇÃO E DESENVOLVIMENTO DO ENSINO;4674;20230922;0;0;0;3302.2;0;3262.57;0;39.63;0;39.63;-3302.2
3110004;303;02;509805;2023;11;12 - EDUCAÇÃO;365 - EDUCAÇÃO INFANTIL;0221 - MANUTENÇÃO DA EDUCAÇÃO BÁSICA;2407 - REMUNERAÇÃO PESSOAL EDUCAÇÃO INFANTILCRECHE;;3.1.90.13.03 - 3.1.90.13.03;1.500.000 - RECURSOS NÃO VINCULADOS DE IMPOSTOS;1001 - IDENTIFICAÇÃO DAS DESPESAS COM MANUTENÇÃO E DESENVOLVIMENTO DO ENSINO;5491;20231031;0;0;0;0;0;1187.99;0;0;0;-1187.99;0
3110004;303;02;509805;2023;12;12 - EDUCAÇÃO;122 - ADMINISTRAÇÃO GERAL;0002 - GESTÃO DA SECRETARIA MUNICIPAL DE EDUCAÇÃO;2001 - REMUNERAÇÃO PESSOAL DA SECRETARIA;;3.1.90.13.03 - 3.1.90.13.03;1.500.000 - RECURSOS NÃO VINCULADOS DE IMPOSTOS;1001 - IDENTIFICAÇÃO DAS DESPESAS COM MANUTENÇÃO E DESENVOLVIMENTO DO ENSINO;5929;20231129;0;0;0;0;0;16612.97;0;0;0;-16612.97;0
3110004;303;02;509805;2023;12;12 - EDUCAÇÃO;365 - EDUCAÇÃO INFANTIL;0003 - MANUTENÇÃO DA EDUCAÇÃO BÁSICA;1189 - REMUNERAÇÃO DOS PROFISSIONAIS QUE ATUAM NO PROGRAMA DE EDUCAÇÃO INFANTIL;;3.1.90.13.01 - 3.1.90.13.01;1.500.000 - RECURSOS NÃO VINCULADOS DE IMPOSTOS;1001 - IDENTIFICAÇÃO DAS DESPESAS COM MANUTENÇÃO E DESENVOLVIMENTO DO ENSINO;6316;20231214;10753.01;0;0;10753.01;0;0;0;0;0;10753.01;0
3110004;303;02;509805;2023;12;12 - EDUCAÇÃO;122 - ADMINISTRAÇÃO GERAL;0002 - GESTÃO DA SECRETARIA MUNICIPAL DE EDUCAÇÃO;2002 - MANUTENÇÃO DA SECRETARIA;;3.3.90.32.99 - 3.3.90.32.99;1.500.000 - RECURSOS NÃO VINCULADOS DE IMPOSTOS;1001 - IDENTIFICAÇÃO DAS DESPESAS COM MANUTENÇÃO E DESENVOLVIMENTO DO ENSINO;6170;20231205;355261.48;0;0;0;0;0;0;0;0;0;355261.48
3110004;303;02;509805;2023;12;12 - EDUCAÇÃO;365 - EDUCAÇÃO INFANTIL;0003 - MANUTENÇÃO DA EDUCAÇÃO BÁSICA;2006 - MANUTENÇÃO DA EDUCAÇÃO INFANTIL;;3.3.90.32.99 - 3.3.90.32.99;1.500.000 - RECURSOS NÃO VINCULADOS DE IMPOSTOS;1001 - IDENTIFICAÇÃO DAS DESPESAS COM MANUTENÇÃO E DESENVOLVIMENTO DO ENSINO;6159;20231211;12809.15;0;0;0;0;0;0;0;0;0;12809.15
3110004;303;02;509805;2023;11;12 - EDUCAÇÃO;361 - ENSINO FUNDAMENTAL;0003 - MANUTENÇÃO DA EDUCAÇÃO BÁSICA;1191 - REMUNERAÇÃO DOS PROFISSIONAIS DO ENSINO FUNDAMENTAL;;3.1.90.13.01 - 3.1.90.13.01;1.500.000 - RECURSOS NÃO VINCULADOS DE IMPOSTOS;1001 - IDENTIFICAÇÃO DAS DESPESAS COM MANUTENÇÃO E DESENVOLVIMENTO DO ENSINO;5932;20231129;35721.74;0;0;35721.74;0;0;0;0;0;35721.74;0
3110004;303;02;509805;2023;12;12 - EDUCAÇÃO;122 - ADMINISTRAÇÃO GERAL;0002 - GESTÃO DA SECRETARIA MUNICIPAL DE EDUCAÇÃO;2002 - MANUTENÇÃO DA SECRETARIA;;3.3.90.39.99 - 3.3.90.39.99;1.500.000 - RECURSOS NÃO VINCULADOS DE IMPOSTOS;1001 - IDENTIFICAÇÃO DAS DESPESAS COM MANUTENÇÃO E DESENVOLVIMENTO DO ENSINO;5175;20231009;0;0;24.61;5131.77;0;5119.45;0;12.32;0;12.32;-5156.38
3110004;303;02;509805;2023;12;12 - EDUCAÇÃO;122 - ADMINISTRAÇÃO GERAL;0002 - GESTÃO DA SECRETARIA MUNICIPAL DE EDUCAÇÃO;2002 - MANUTENÇÃO DA SECRETARIA;;3.3.90.39.29 - 3.3.90.39.29;1.500.000 - RECURSOS NÃO VINCULADOS DE IMPOSTOS;1001 - IDENTIFICAÇÃO DAS DESPESAS COM MANUTENÇÃO E DESENVOLVIMENTO DO ENSINO;79;20230102;0;0;481.84;0;0;0;0;0;0;0;-481.84
3110004;303;02;509805;2023;12;12 - EDUCAÇÃO;361 - ENSINO FUNDAMENTAL;0019 - GESTÃO DO TRANSPORTE ESCOLAR;2041 - MANUTENÇÃO TRANSPORTE ESCOLAR DO ENSINO FUNDAMENTAL;;3.3.90.39.99 - 3.3.90.39.99;1.500.000 - RECURSOS NÃO VINCULADOS DE IMPOSTOS;1001 - IDENTIFICAÇÃO DAS DESPESAS COM MANUTENÇÃO E DESENVOLVIMENTO DO ENSINO;5593;20231031;0;0;147.07;1314.27;0;1311.12;0;3.15;0;3.15;-1461.34
3110004;303;02;509805;2023;10;12 - EDUCAÇÃO;361 - ENSINO FUNDAMENTAL;0013 - TRANSFERÊNCIA AS CAIXAS ESCOLARES;2032 - CONTRIBUIÇÃO AS ESCOLAS MUNICIPAIS;;3.3.50.41.00 - 3.3.50.41.00;1.500.000 - RECURSOS NÃO VINCULADOS DE IMPOSTOS;1001 - IDENTIFICAÇÃO DAS DESPESAS COM MANUTENÇÃO E DESENVOLVIMENTO DO ENSINO;4709;20230926;0;0;0;0;0;9600;0;0;0;-9600;0
3110004;303;02;509805;2023;11;12 - EDUCAÇÃO;361 - ENSINO FUNDAMENTAL;0019 - GESTÃO DO TRANSPORTE ESCOLAR;2041 - MANUTENÇÃO TRANSPORTE ESCOLAR DO ENSINO FUNDAMENTAL;;3.3.90.39.99 - 3.3.90.39.99;1.500.000 - RECURSOS NÃO VINCULADOS DE IMPOSTOS;1001 - IDENTIFICAÇÃO DAS DESPESAS COM MANUTENÇÃO E DESENVOLVIMENTO DO ENSINO;5593;20231031;0;0;0;38538.66;0;38446.17;0;92.49;0;92.49;-38538.66
3110004;303;02;509805;2023;11;12 - EDUCAÇÃO;122 - ADMINISTRAÇÃO GERAL;0002 - GESTÃO DA SECRETARIA MUNICIPAL DE EDUCAÇÃO;2001 - REMUNERAÇÃO PESSOAL DA SECRETARIA;;3.1.90.11.11 - 3.1.90.11.11;1.500.000 - RECURSOS NÃO VINCULADOS DE IMPOSTOS;1001 - IDENTIFICAÇÃO DAS DESPESAS COM MANUTENÇÃO E DESENVOLVIMENTO DO ENSINO;5823;20231129;54006.37;0;0;54006.37;0;41597.09;0;12409.28;0;12409.28;0
3110004;303;02;509805;2023;11;12 - EDUCAÇÃO;361 - ENSINO FUNDAMENTAL;0019 - GESTÃO DO TRANSPORTE ESCOLAR;2041 - MANUTENÇÃO TRANSPORTE ESCOLAR DO ENSINO FUNDAMENTAL;;3.3.90.39.99 - 3.3.90.39.99;1.500.000 - RECURSOS NÃO VINCULADOS DE IMPOSTOS;1001 - IDENTIFICAÇÃO DAS DESPESAS COM MANUTENÇÃO E DESENVOLVIMENTO DO ENSINO;2864;20230602;0;0;340.06;0;0;0;0;0;0;0;-340.06
3110004;303;02;509805;2023;12;12 - EDUCAÇÃO;361 - ENSINO FUNDAMENTAL;0003 - MANUTENÇÃO DA EDUCAÇÃO BÁSICA;1191 - REMUNERAÇÃO DOS PROFISSIONAIS DO ENSINO FUNDAMENTAL;;3.1.90.94.01 - 3.1.90.94.01;1.500.000 - RECURSOS NÃO VINCULADOS DE IMPOSTOS;1001 - IDENTIFICAÇÃO DAS DESPESAS COM MANUTENÇÃO E DESENVOLVIMENTO DO ENSINO;7215;20231222;6474.42;0;0;6474.42;0;6474.42;0;0;0;0;0
3110004;303;02;509805;2023;10;12 - EDUCAÇÃO;122 - ADMINISTRAÇÃO GERAL;0002 - GESTÃO DA SECRETARIA MUNICIPAL DE EDUCAÇÃO;2002 - MANUTENÇÃO DA SECRETARIA;;3.3.90.14.05 - 3.3.90.14.05;1.500.000 - RECURSOS NÃO VINCULADOS DE IMPOSTOS;1001 - IDENTIFICAÇÃO DAS DESPESAS COM MANUTENÇÃO E DESENVOLVIMENTO DO ENSINO;5095;20231004;173.72;0;0;173.72;0;173.72;0;0;0;0;0
3110004;303;02;509805;2023;10;12 - EDUCAÇÃO;361 - ENSINO FUNDAMENTAL;0003 - MANUTENÇÃO DA EDUCAÇÃO BÁSICA;1191 - REMUNERAÇÃO DOS PROFISSIONAIS DO ENSINO FUNDAMENTAL;;3.1.90.11.11 - 3.1.90.11.11;1.500.000 - RECURSOS NÃO VINCULADOS DE IMPOSTOS;1001 - IDENTIFICAÇÃO DAS DESPESAS COM MANUTENÇÃO E DESENVOLVIMENTO DO ENSINO;5374;20231031;99454.51;0;0;99454.51;0;77967.71;0;21486.8;0;21486.8;0
3110004;303;02;509805;2023;12;12 - EDUCAÇÃO;361 - ENSINO FUNDAMENTAL;0003 - MANUTENÇÃO DA EDUCAÇÃO BÁSICA;1191 - REMUNERAÇÃO DOS PROFISSIONAIS DO ENSINO FUNDAMENTAL;;3.1.90.94.01 - 3.1.90.94.01;1.500.000 - RECURSOS NÃO VINCULADOS DE IMPOSTOS;1001 - IDENTIFICAÇÃO DAS DESPESAS COM MANUTENÇÃO E DESENVOLVIMENTO DO ENSINO;7242;20231222;6752.34;0;0;6752.34;0;6752.34;0;0;0;0;0
3110004;303;02;509805;2023;12;12 - EDUCAÇÃO;361 - ENSINO FUNDAMENTAL;0003 - MANUTENÇÃO DA EDUCAÇÃO BÁSICA;1191 - REMUNERAÇÃO DOS PROFISSIONAIS DO ENSINO FUNDAMENTAL;;3.1.90.94.01 - 3.1.90.94.01;1.500.000 - RECURSOS NÃO VINCULADOS DE IMPOSTOS;1001 - IDENTIFICAÇÃO DAS DESPESAS COM MANUTENÇÃO E DESENVOLVIMENTO DO ENSINO;7205;20231222;6292.47;0;0;6292.47;0;6292.47;0;0;0;0;0
3110004;303;02;509805;2023;12;12 - EDUCAÇÃO;365 - EDUCAÇÃO INFANTIL;0003 - MANUTENÇÃO DA EDUCAÇÃO BÁSICA;1189 - REMUNERAÇÃO DOS PROFISSIONAIS QUE ATUAM NO PROGRAMA DE EDUCAÇÃO INFANTIL;;3.1.90.11.11 - 3.1.90.11.11;1.500.000 - RECURSOS NÃO VINCULADOS DE IMPOSTOS;1001 - IDENTIFICAÇÃO DAS DESPESAS COM MANUTENÇÃO E DESENVOLVIMENTO DO ENSINO;6237;20231214;145616.98;0;0;145616.98;0;121729.15;0;23887.83;0;23887.83;0
3110004;303;02;509805;2023;10;12 - EDUCAÇÃO;361 - ENSINO FUNDAMENTAL;0003 - MANUTENÇÃO DA EDUCAÇÃO BÁSICA;2062 - MANUTENÇÃO DO ENSINO FUNDAMENTAL;;3.3.90.30.22 - 3.3.90.30.22;1.500.000 - RECURSOS NÃO VINCULADOS DE IMPOSTOS;1001 - IDENTIFICAÇÃO DAS DESPESAS COM MANUTENÇÃO E DESENVOLVIMENTO DO ENSINO;4670;20230922;0;0;0;11064.6;0;10931.82;0;132.78;0;132.78;-11064.6
3110004;303;02;509805;2023;11;12 - EDUCAÇÃO;122 - ADMINISTRAÇÃO GERAL;0002 - GESTÃO DA SECRETARIA MUNICIPAL DE EDUCAÇÃO;2002 - MANUTENÇÃO DA SECRETARIA;;3.3.90.39.13 - 3.3.90.39.13;1.500.000 - RECURSOS NÃO VINCULADOS DE IMPOSTOS;1001 - IDENTIFICAÇÃO DAS DESPESAS COM MANUTENÇÃO E DESENVOLVIMENTO DO ENSINO;5583;20231031;0;0;0;7195.32;0;6849.94;0;345.38;0;345.38;-7195.32
3110004;303;02;509805;2023;9;12 - EDUCAÇÃO;122 - ADMINISTRAÇÃO GERAL;0002 - GESTÃO DA SECRETARIA MUNICIPAL DE EDUCAÇÃO;2001 - REMUNERAÇÃO PESSOAL DA SECRETARIA;;3.1.90.13.03 - 3.1.90.13.03;1.500.000 - RECURSOS NÃO VINCULADOS DE IMPOSTOS;1001 - IDENTIFICAÇÃO DAS DESPESAS COM MANUTENÇÃO E DESENVOLVIMENTO DO ENSINO;4865;20230927;11598.52;0;0;11598.52;0;0;0;59.82;0;11598.52;0
3110004;303;02;509805;2023;12;12 - EDUCAÇÃO;361 - ENSINO FUNDAMENTAL;0003 - MANUTENÇÃO DA EDUCAÇÃO BÁSICA;1191 - REMUNERAÇÃO DOS PROFISSIONAIS DO ENSINO FUNDAMENTAL;;3.1.90.13.01 - 3.1.90.13.01;1.500.000 - RECURSOS NÃO VINCULADOS DE IMPOSTOS;1001 - IDENTIFICAÇÃO DAS DESPESAS COM MANUTENÇÃO E DESENVOLVIMENTO DO ENSINO;5932;20231129;0;0;0;0;0;35721.74;0;0;0;-35721.74;0
3110004;303;02;509805;2023;10;12 - EDUCAÇÃO;361 - ENSINO FUNDAMENTAL;0003 - MANUTENÇÃO DA EDUCAÇÃO BÁSICA;1191 - REMUNERAÇÃO DOS PROFISSIONAIS DO ENSINO FUNDAMENTAL;;3.1.90.13.03 - 3.1.90.13.03;1.500.000 - RECURSOS NÃO VINCULADOS DE IMPOSTOS;1001 - IDENTIFICAÇÃO DAS DESPESAS COM MANUTENÇÃO E DESENVOLVIMENTO DO ENSINO;5484;20231031;37346.68;0;0;37346.68;0;0;0;1375.86;0;37346.68;0
3110004;303;02;509805;2023;12;12 - EDUCAÇÃO;122 - ADMINISTRAÇÃO GERAL;0002 - GESTÃO DA SECRETARIA MUNICIPAL DE EDUCAÇÃO;2002 - MANUTENÇÃO DA SECRETARIA;;3.3.90.49.00 - 3.3.90.49.00;1.500.000 - RECURSOS NÃO VINCULADOS DE IMPOSTOS;1001 - IDENTIFICAÇÃO DAS DESPESAS COM MANUTENÇÃO E DESENVOLVIMENTO DO ENSINO;4138;20230825;0;0;13622.9;3555.8;0;3555.8;0;0;0;0;-17178.7
3110004;303;02;509805;2023;9;12 - EDUCAÇÃO;122 - ADMINISTRAÇÃO GERAL;0002 - GESTÃO DA SECRETARIA MUNICIPAL DE EDUCAÇÃO;2002 - MANUTENÇÃO DA SECRETARIA;;3.3.90.49.00 - 3.3.90.49.00;1.500.000 - RECURSOS NÃO VINCULADOS DE IMPOSTOS;1001 - IDENTIFICAÇÃO DAS DESPESAS COM MANUTENÇÃO E DESENVOLVIMENTO DO ENSINO;58;20230102;0;0;0;873;0;873;0;0;0;0;-873
3110004;303;02;509805;2023;10;12 - EDUCAÇÃO;361 - ENSINO FUNDAMENTAL;0013 - TRANSFERÊNCIA AS CAIXAS ESCOLARES;2032 - CONTRIBUIÇÃO AS ESCOLAS MUNICIPAIS;;3.3.50.41.00 - 3.3.50.41.00;1.500.000 - RECURSOS NÃO VINCULADOS DE IMPOSTOS;1001 - IDENTIFICAÇÃO DAS DESPESAS COM MANUTENÇÃO E DESENVOLVIMENTO DO ENSINO;4719;20230927;0;0;0;0;0;8000;0;0;0;-8000;0
3110004;303;02;509805;2023;11;12 - EDUCAÇÃO;361 - ENSINO FUNDAMENTAL;0019 - GESTÃO DO TRANSPORTE ESCOLAR;2042 - REMUNERAÇÃO PESSOAL TRANSPORTE ESCOLAR ENSINO FUNDAMENTAL;;3.1.90.13.03 - 3.1.90.13.03;1.500.000 - RECURSOS NÃO VINCULADOS DE IMPOSTOS;1001 - IDENTIFICAÇÃO DAS DESPESAS COM MANUTENÇÃO E DESENVOLVIMENTO DO ENSINO;5936;20231129;2359.04;0;0;2359.04;0;0;0;0;0;2359.04;0
3110004;303;02;509805;2023;12;12 - EDUCAÇÃO;122 - ADMINISTRAÇÃO GERAL;0002 - GESTÃO DA SECRETARIA MUNICIPAL DE EDUCAÇÃO;2001 - REMUNERAÇÃO PESSOAL DA SECRETARIA;;3.1.90.13.01 - 3.1.90.13.01;1.500.000 - RECURSOS NÃO VINCULADOS DE IMPOSTOS;1001 - IDENTIFICAÇÃO DAS DESPESAS COM MANUTENÇÃO E DESENVOLVIMENTO DO ENSINO;5928;20231129;0;0;0;0;0;4615.6;0;0;0;-4615.6;0
3110004;303;02;509805;2023;12;12 - EDUCAÇÃO;122 - ADMINISTRAÇÃO GERAL;0002 - GESTÃO DA SECRETARIA MUNICIPAL DE EDUCAÇÃO;2001 - REMUNERAÇÃO PESSOAL DA SECRETARIA;;3.1.90.13.01 - 3.1.90.13.01;1.500.000 - RECURSOS NÃO VINCULADOS DE IMPOSTOS;1001 - IDENTIFICAÇÃO DAS DESPESAS COM MANUTENÇÃO E DESENVOLVIMENTO DO ENSINO;6305;20231214;5084.03;0;0;5084.03;0;0;0;0;0;5084.03;0
3110004;303;02;509805;2023;8;12 - EDUCAÇÃO;361 - ENSINO FUNDAMENTAL;0003 - MANUTENÇÃO DA EDUCAÇÃO BÁSICA;1191 - REMUNERAÇÃO DOS PROFISSIONAIS DO ENSINO FUNDAMENTAL;;3.1.90.94.01 - 3.1.90.94.01;1.500.000 - RECURSOS NÃO VINCULADOS DE IMPOSTOS;1001 - IDENTIFICAÇÃO DAS DESPESAS COM MANUTENÇÃO E DESENVOLVIMENTO DO ENSINO;3898;20230802;3380.87;0;0;3380.87;0;3380.87;0;0;0;0;0
3110004;303;02;509805;2023;1;12 - EDUCAÇÃO;361 - ENSINO FUNDAMENTAL;0019 - GESTÃO DO TRANSPORTE ESCOLAR;2042 - REMUNERAÇÃO PESSOAL TRANSPORTE ESCOLAR ENSINO FUNDAMENTAL;;3.1.90.16.00 - 3.1.90.16.00;1.500.000 - RECURSOS NÃO VINCULADOS DE IMPOSTOS;1001 - IDENTIFICAÇÃO DAS DESPESAS COM MANUTENÇÃO E DESENVOLVIMENTO DO ENSINO;355;20230127;772.6;0;0;772.6;0;772.6;0;0;0;0;0
3110004;303;02;509805;2023;1;12 - EDUCAÇÃO;361 - ENSINO FUNDAMENTAL;0003 - MANUTENÇÃO DA EDUCAÇÃO BÁSICA;2062 - MANUTENÇÃO DO ENSINO FUNDAMENTAL;;3.3.90.32.99 - 3.3.90.32.99;1.500.000 - RECURSOS NÃO VINCULADOS DE IMPOSTOS;1001 - IDENTIFICAÇÃO DAS DESPESAS COM MANUTENÇÃO E DESENVOLVIMENTO DO ENSINO;44;20230102;185006.25;0;0;0;0;0;0;0;0;0;185006.25
3110004;303;02;509805;2023;1;12 - EDUCAÇÃO;122 - ADMINISTRAÇÃO GERAL;0002 - GESTÃO DA SECRETARIA MUNICIPAL DE EDUCAÇÃO;2002 - MANUTENÇÃO DA SECRETARIA;;3.3.90.39.13 - 3.3.90.39.13;1.500.000 - RECURSOS NÃO VINCULADOS DE IMPOSTOS;1001 - IDENTIFICAÇÃO DAS DESPESAS COM MANUTENÇÃO E DESENVOLVIMENTO DO ENSINO;541;20230127;73500;0;0;0;0;0;0;0;0;0;73500
3110004;303;02;509805;2023;2;12 - EDUCAÇÃO;122 - ADMINISTRAÇÃO GERAL;0002 - GESTÃO DA SECRETARIA MUNICIPAL DE EDUCAÇÃO;2001 - REMUNERAÇÃO PESSOAL DA SECRETARIA;;3.1.90.11.11 - 3.1.90.11.11;1.500.000 - RECURSOS NÃO VINCULADOS DE IMPOSTOS;1001 - IDENTIFICAÇÃO DAS DESPESAS COM MANUTENÇÃO E DESENVOLVIMENTO DO ENSINO;891;20230224;13161.02;0;0;13161.02;0;9352.61;0;3808.41;0;3808.41;0
3110004;303;02;509805;2023;2;12 - EDUCAÇÃO;122 - ADMINISTRAÇÃO GERAL;0002 - GESTÃO DA SECRETARIA MUNICIPAL DE EDUCAÇÃO;2002 - MANUTENÇÃO DA SECRETARIA;;3.3.90.39.13 - 3.3.90.39.13;1.500.000 - RECURSOS NÃO VINCULADOS DE IMPOSTOS;1001 - IDENTIFICAÇÃO DAS DESPESAS COM MANUTENÇÃO E DESENVOLVIMENTO DO ENSINO;541;20230127;0;0;0;14572.6;0;14572.6;0;0;0;0;-14572.6
3110004;303;02;509805;2023;2;12 - EDUCAÇÃO;361 - ENSINO FUNDAMENTAL;0003 - MANUTENÇÃO DA EDUCAÇÃO BÁSICA;1191 - REMUNERAÇÃO DOS PROFISSIONAIS DO ENSINO FUNDAMENTAL;;3.1.90.13.01 - 3.1.90.13.01;1.500.000 - RECURSOS NÃO VINCULADOS DE IMPOSTOS;1001 - IDENTIFICAÇÃO DAS DESPESAS COM MANUTENÇÃO E DESENVOLVIMENTO DO ENSINO;989;20230224;339.43;0;0;339.43;0;0;0;0;0;339.43;0
3110004;303;02;509805;2023;2;12 - EDUCAÇÃO;122 - ADMINISTRAÇÃO GERAL;0002 - GESTÃO DA SECRETARIA MUNICIPAL DE EDUCAÇÃO;2001 - REMUNERAÇÃO PESSOAL DA SECRETARIA;;3.3.90.46.00 - 3.3.90.46.00;1.500.000 - RECURSOS NÃO VINCULADOS DE IMPOSTOS;1001 - IDENTIFICAÇÃO DAS DESPESAS COM MANUTENÇÃO E DESENVOLVIMENTO DO ENSINO;97;20230102;0;0;0;85140;0;85140;0;0;0;0;-85140
3110004;303;02;509805;2023;2;12 - EDUCAÇÃO;122 - ADMINISTRAÇÃO GERAL;0002 - GESTÃO DA SECRETARIA MUNICIPAL DE EDUCAÇÃO;2001 - REMUNERAÇÃO PESSOAL DA SECRETARIA;;3.1.90.11.09 - 3.1.90.11.09;1.500.000 - RECURSOS NÃO VINCULADOS DE IMPOSTOS;1001 - IDENTIFICAÇÃO DAS DESPESAS COM MANUTENÇÃO E DESENVOLVIMENTO DO ENSINO;890;20230224;8592.2;0;0;8592.2;0;5756.91;0;2835.29;0;2835.29;0
3110004;303;02;509805;2023;2;12 - EDUCAÇÃO;361 - ENSINO FUNDAMENTAL;0003 - MANUTENÇÃO DA EDUCAÇÃO BÁSICA;1191 - REMUNERAÇÃO DOS PROFISSIONAIS DO ENSINO FUNDAMENTAL;;3.1.90.13.03 - 3.1.90.13.03;1.500.000 - RECURSOS NÃO VINCULADOS DE IMPOSTOS;1001 - IDENTIFICAÇÃO DAS DESPESAS COM MANUTENÇÃO E DESENVOLVIMENTO DO ENSINO;448;20230127;0;0;0;0;0;9293.43;0;0;0;-9293.43;0
3110004;303;02;509805;2023;2;12 - EDUCAÇÃO;122 - ADMINISTRAÇÃO GERAL;0002 - GESTÃO DA SECRETARIA MUNICIPAL DE EDUCAÇÃO;2002 - MANUTENÇÃO DA SECRETARIA;;3.3.90.36.14 - 3.3.90.36.14;1.500.000 - RECURSOS NÃO VINCULADOS DE IMPOSTOS;1001 - IDENTIFICAÇÃO DAS DESPESAS COM MANUTENÇÃO E DESENVOLVIMENTO DO ENSINO;783;20230223;31515.12;0;0;2521.71;0;2475.38;0;46.33;0;46.33;28993.41
3110004;303;02;509805;2023;3;12 - EDUCAÇÃO;361 - ENSINO FUNDAMENTAL;0003 - MANUTENÇÃO DA EDUCAÇÃO BÁSICA;2329 - REMUNERAÇÃO DE ESTAGIÁRIOS;;3.3.90.36.07 - 3.3.90.36.07;1.500.000 - RECURSOS NÃO VINCULADOS DE IMPOSTOS;1001 - IDENTIFICAÇÃO DAS DESPESAS COM MANUTENÇÃO E DESENVOLVIMENTO DO ENSINO;1475;20230324;1495.99;0;0;1495.99;0;1495.99;0;0;0;0;0
3110004;303;02;509805;2023;3;12 - EDUCAÇÃO;122 - ADMINISTRAÇÃO GERAL;0002 - GESTÃO DA SECRETARIA MUNICIPAL DE EDUCAÇÃO;2002 - MANUTENÇÃO DA SECRETARIA;;3.3.90.14.05 - 3.3.90.14.05;1.500.000 - RECURSOS NÃO VINCULADOS DE IMPOSTOS;1001 - IDENTIFICAÇÃO DAS DESPESAS COM MANUTENÇÃO E DESENVOLVIMENTO DO ENSINO;1107;20230301;47.2;0;0;47.2;0;47.2;0;0;0;0;0
3110004;303;02;509805;2023;3;12 - EDUCAÇÃO;365 - EDUCAÇÃO INFANTIL;0221 - MANUTENÇÃO DA EDUCAÇÃO BÁSICA;2407 - REMUNERAÇÃO PESSOAL EDUCAÇÃO INFANTILCRECHE;;3.1.90.13.01 - 3.1.90.13.01;1.500.000 - RECURSOS NÃO VINCULADOS DE IMPOSTOS;1001 - IDENTIFICAÇÃO DAS DESPESAS COM MANUTENÇÃO E DESENVOLVIMENTO DO ENSINO;992;20230224;0;0;0;0;0;293.3;0;0;0;-293.3;0
3110004;303;02;509805;2023;3;12 - EDUCAÇÃO;122 - ADMINISTRAÇÃO GERAL;0002 - GESTÃO DA SECRETARIA MUNICIPAL DE EDUCAÇÃO;2002 - MANUTENÇÃO DA SECRETARIA;;3.3.90.39.14 - 3.3.90.39.14;1.500.000 - RECURSOS NÃO VINCULADOS DE IMPOSTOS;1001 - IDENTIFICAÇÃO DAS DESPESAS COM MANUTENÇÃO E DESENVOLVIMENTO DO ENSINO;1402;20230317;2700;0;0;0;0;0;0;0;0;0;2700
3110004;303;02;509805;2023;3;12 - EDUCAÇÃO;122 - ADMINISTRAÇÃO GERAL;0002 - GESTÃO DA SECRETARIA MUNICIPAL DE EDUCAÇÃO;2001 - REMUNERAÇÃO PESSOAL DA SECRETARIA;;3.1.90.04.99 - 3.1.90.04.99;1.500.000 - RECURSOS NÃO VINCULADOS DE IMPOSTOS;1001 - IDENTIFICAÇÃO DAS DESPESAS COM MANUTENÇÃO E DESENVOLVIMENTO DO ENSINO;1545;20230328;1302;0;0;1302;0;1204.35;0;97.65;0;97.65;0
3110004;303;02;509805;2023;3;12 - EDUCAÇÃO;122 - ADMINISTRAÇÃO GERAL;0002 - GESTÃO DA SECRETARIA MUNICIPAL DE EDUCAÇÃO;2002 - MANUTENÇÃO DA SECRETARIA;;3.3.90.14.05 - 3.3.90.14.05;1.500.000 - RECURSOS NÃO VINCULADOS DE IMPOSTOS;1001 - IDENTIFICAÇÃO DAS DESPESAS COM MANUTENÇÃO E DESENVOLVIMENTO DO ENSINO;1388;20230317;94.4;0;0;94.4;0;94.4;0;0;0;0;0
3110004;303;02;509805;2023;3;12 - EDUCAÇÃO;122 - ADMINISTRAÇÃO GERAL;0002 - GESTÃO DA SECRETARIA MUNICIPAL DE EDUCAÇÃO;2002 - MANUTENÇÃO DA SECRETARIA;;3.3.90.32.99 - 3.3.90.32.99;1.500.000 - RECURSOS NÃO VINCULADOS DE IMPOSTOS;1001 - IDENTIFICAÇÃO DAS DESPESAS COM MANUTENÇÃO E DESENVOLVIMENTO DO ENSINO;1222;20230306;5441.04;0;0;0;0;0;0;0;0;0;5441.04
3110004;303;02;509805;2023;4;12 - EDUCAÇÃO;122 - ADMINISTRAÇÃO GERAL;0002 - GESTÃO DA SECRETARIA MUNICIPAL DE EDUCAÇÃO;2002 - MANUTENÇÃO DA SECRETARIA;;3.3.90.49.00 - 3.3.90.49.00;1.500.000 - RECURSOS NÃO VINCULADOS DE IMPOSTOS;1001 - IDENTIFICAÇÃO DAS DESPESAS COM MANUTENÇÃO E DESENVOLVIMENTO DO ENSINO;55;20230102;0;0;0;1641.6;0;2926.8;0;0;0;-1285.2;-1641.6
3110004;303;02;509805;2023;4;12 - EDUCAÇÃO;122 - ADMINISTRAÇÃO GERAL;0002 - GESTÃO DA SECRETARIA MUNICIPAL DE EDUCAÇÃO;2001 - REMUNERAÇÃO PESSOAL DA SECRETARIA;;3.1.90.13.01 - 3.1.90.13.01;1.500.000 - RECURSOS NÃO VINCULADOS DE IMPOSTOS;1001 - IDENTIFICAÇÃO DAS DESPESAS COM MANUTENÇÃO E DESENVOLVIMENTO DO ENSINO;2153;20230426;2541.48;0;0;2541.48;0;0;0;0;0;2541.48;0
3110004;303;02;509805;2023;4;12 - EDUCAÇÃO;122 - ADMINISTRAÇÃO GERAL;0002 - GESTÃO DA SECRETARIA MUNICIPAL DE EDUCAÇÃO;2002 - MANUTENÇÃO DA SECRETARIA;;3.3.90.49.00 - 3.3.90.49.00;1.500.000 - RECURSOS NÃO VINCULADOS DE IMPOSTOS;1001 - IDENTIFICAÇÃO DAS DESPESAS COM MANUTENÇÃO E DESENVOLVIMENTO DO ENSINO;58;20230102;0;0;0;510;0;510;0;0;0;0;-510
3110004;303;02;509805;2023;4;12 - EDUCAÇÃO;365 - EDUCAÇÃO INFANTIL;0221 - MANUTENÇÃO DA EDUCAÇÃO BÁSICA;2407 - REMUNERAÇÃO PESSOAL EDUCAÇÃO INFANTILCRECHE;;3.1.90.13.03 - 3.1.90.13.03;1.500.000 - RECURSOS NÃO VINCULADOS DE IMPOSTOS;1001 - IDENTIFICAÇÃO DAS DESPESAS COM MANUTENÇÃO E DESENVOLVIMENTO DO ENSINO;2163;20230426;1079.56;0;0;1079.56;0;0;0;59.82;0;1079.56;0
3110004;303;02;509805;2023;4;12 - EDUCAÇÃO;122 - ADMINISTRAÇÃO GERAL;0002 - GESTÃO DA SECRETARIA MUNICIPAL DE EDUCAÇÃO;2001 - REMUNERAÇÃO PESSOAL DA SECRETARIA;;3.1.90.13.03 - 3.1.90.13.03;1.500.000 - RECURSOS NÃO VINCULADOS DE IMPOSTOS;1001 - IDENTIFICAÇÃO DAS DESPESAS COM MANUTENÇÃO E DESENVOLVIMENTO DO ENSINO;2154;20230426;8931.53;0;0;8931.53;0;0;0;179.46;0;8931.53;0
3110004;303;02;509805;2023;4;12 - EDUCAÇÃO;122 - ADMINISTRAÇÃO GERAL;0002 - GESTÃO DA SECRETARIA MUNICIPAL DE EDUCAÇÃO;2002 - MANUTENÇÃO DA SECRETARIA;;3.3.90.14.05 - 3.3.90.14.05;1.500.000 - RECURSOS NÃO VINCULADOS DE IMPOSTOS;1001 - IDENTIFICAÇÃO DAS DESPESAS COM MANUTENÇÃO E DESENVOLVIMENTO DO ENSINO;1511;20230328;0;0;0;0;0;94.4;0;0;0;-94.4;0
3110004;303;02;509805;2023;4;12 - EDUCAÇÃO;365 - EDUCAÇÃO INFANTIL;0221 - MANUTENÇÃO DA EDUCAÇÃO BÁSICA;2407 - REMUNERAÇÃO PESSOAL EDUCAÇÃO INFANTILCRECHE;;3.1.90.13.03 - 3.1.90.13.03;1.500.000 - RECURSOS NÃO VINCULADOS DE IMPOSTOS;1001 - IDENTIFICAÇÃO DAS DESPESAS COM MANUTENÇÃO E DESENVOLVIMENTO DO ENSINO;1654;20230328;0;0;0;0;0;776.3;0;0;0;-776.3;0
3110004;303;02;509805;2023;5;12 - EDUCAÇÃO;361 - ENSINO FUNDAMENTAL;0003 - MANUTENÇÃO DA EDUCAÇÃO BÁSICA;1191 - REMUNERAÇÃO DOS PROFISSIONAIS DO ENSINO FUNDAMENTAL;;3.1.90.04.99 - 3.1.90.04.99;1.500.000 - RECURSOS NÃO VINCULADOS DE IMPOSTOS;1001 - IDENTIFICAÇÃO DAS DESPESAS COM MANUTENÇÃO E DESENVOLVIMENTO DO ENSINO;2583;20230530;94378.19;0;0;94378.19;0;82367.02;0;12011.17;0;12011.17;0
3110004;303;02;509805;2023;5;12 - EDUCAÇÃO;361 - ENSINO FUNDAMENTAL;0003 - MANUTENÇÃO DA EDUCAÇÃO BÁSICA;1191 - REMUNERAÇÃO DOS PROFISSIONAIS DO ENSINO FUNDAMENTAL;;3.1.90.94.01 - 3.1.90.94.01;1.500.000 - RECURSOS NÃO VINCULADOS DE IMPOSTOS;1001 - IDENTIFICAÇÃO DAS DESPESAS COM MANUTENÇÃO E DESENVOLVIMENTO DO ENSINO;2501;20230526;3255.32;0;0;3255.32;0;3255.32;0;0;0;0;0
3110004;303;02;509805;2023;5;12 - EDUCAÇÃO;122 - ADMINISTRAÇÃO GERAL;0002 - GESTÃO DA SECRETARIA MUNICIPAL DE EDUCAÇÃO;2002 - MANUTENÇÃO DA SECRETARIA;;3.3.90.40.02 - 3.3.90.40.02;1.500.000 - RECURSOS NÃO VINCULADOS DE IMPOSTOS;1001 - IDENTIFICAÇÃO DAS DESPESAS COM MANUTENÇÃO E DESENVOLVIMENTO DO ENSINO;2356;20230510;9475.1;0;0;0;0;0;0;0;0;0;9475.1
3110004;303;02;509805;2023;5;12 - EDUCAÇÃO;122 - ADMINISTRAÇÃO GERAL;0002 - GESTÃO DA SECRETARIA MUNICIPAL DE EDUCAÇÃO;2002 - MANUTENÇÃO DA SECRETARIA;;3.3.90.14.05 - 3.3.90.14.05;1.500.000 - RECURSOS NÃO VINCULADOS DE IMPOSTOS;1001 - IDENTIFICAÇÃO DAS DESPESAS COM MANUTENÇÃO E DESENVOLVIMENTO DO ENSINO;2350;20230510;141.6;0;0;141.6;0;141.6;0;0;0;0;0
3110004;303;02;509805;2023;5;12 - EDUCAÇÃO;122 - ADMINISTRAÇÃO GERAL;0002 - GESTÃO DA SECRETARIA MUNICIPAL DE EDUCAÇÃO;2001 - REMUNERAÇÃO PESSOAL DA SECRETARIA;;3.1.90.11.09 - 3.1.90.11.09;1.500.000 - RECURSOS NÃO VINCULADOS DE IMPOSTOS;1001 - IDENTIFICAÇÃO DAS DESPESAS COM MANUTENÇÃO E DESENVOLVIMENTO DO ENSINO;2578;20230530;12888.3;0;0;12888.3;0;8887.37;0;4000.93;0;4000.93;0
3110004;303;02;509805;2023;5;12 - EDUCAÇÃO;122 - ADMINISTRAÇÃO GERAL;0002 - GESTÃO DA SECRETARIA MUNICIPAL DE EDUCAÇÃO;2001 - REMUNERAÇÃO PESSOAL DA SECRETARIA;;3.1.90.04.99 - 3.1.90.04.99;1.500.000 - RECURSOS NÃO VINCULADOS DE IMPOSTOS;1001 - IDENTIFICAÇÃO DAS DESPESAS COM MANUTENÇÃO E DESENVOLVIMENTO DO ENSINO;2577;20230530;1925.92;0;0;1925.92;0;1772.39;0;153.53;0;153.53;0
3110004;303;02;509805;2023;5;12 - EDUCAÇÃO;122 - ADMINISTRAÇÃO GERAL;0002 - GESTÃO DA SECRETARIA MUNICIPAL DE EDUCAÇÃO;2002 - MANUTENÇÃO DA SECRETARIA;;3.3.90.14.05 - 3.3.90.14.05;1.500.000 - RECURSOS NÃO VINCULADOS DE IMPOSTOS;1001 - IDENTIFICAÇÃO DAS DESPESAS COM MANUTENÇÃO E DESENVOLVIMENTO DO ENSINO;2472;20230522;141.6;0;0;141.6;0;141.6;0;0;0;0;0
3110004;303;02;509805;2023;5;12 - EDUCAÇÃO;361 - ENSINO FUNDAMENTAL;0003 - MANUTENÇÃO DA EDUCAÇÃO BÁSICA;1191 - REMUNERAÇÃO DOS PROFISSIONAIS DO ENSINO FUNDAMENTAL;;3.1.90.16.00 - 3.1.90.16.00;1.500.000 - RECURSOS NÃO VINCULADOS DE IMPOSTOS;1001 - IDENTIFICAÇÃO DAS DESPESAS COM MANUTENÇÃO E DESENVOLVIMENTO DO ENSINO;2585;20230530;6256.23;0;0;6256.23;0;6256.23;0;0;0;0;0
3110004;303;02;509805;2023;5;12 - EDUCAÇÃO;365 - EDUCAÇÃO INFANTIL;0221 - MANUTENÇÃO DA EDUCAÇÃO BÁSICA;2407 - REMUNERAÇÃO PESSOAL EDUCAÇÃO INFANTILCRECHE;;3.1.90.13.03 - 3.1.90.13.03;1.500.000 - RECURSOS NÃO VINCULADOS DE IMPOSTOS;1001 - IDENTIFICAÇÃO DAS DESPESAS COM MANUTENÇÃO E DESENVOLVIMENTO DO ENSINO;2689;20230530;1716.06;0;0;1716.06;0;0;0;59.82;0;1716.06;0
3110004;303;02;509805;2023;5;12 - EDUCAÇÃO;122 - ADMINISTRAÇÃO GERAL;0002 - GESTÃO DA SECRETARIA MUNICIPAL DE EDUCAÇÃO;2001 - REMUNERAÇÃO PESSOAL DA SECRETARIA;;3.3.90.46.00 - 3.3.90.46.00;1.500.000 - RECURSOS NÃO VINCULADOS DE IMPOSTOS;1001 - IDENTIFICAÇÃO DAS DESPESAS COM MANUTENÇÃO E DESENVOLVIMENTO DO ENSINO;97;20230102;0;0;0;86040;0;86040;0;0;0;0;-86040
3110004;303;02;509805;2023;6;12 - EDUCAÇÃO;361 - ENSINO FUNDAMENTAL;0019 - GESTÃO DO TRANSPORTE ESCOLAR;2042 - REMUNERAÇÃO PESSOAL TRANSPORTE ESCOLAR ENSINO FUNDAMENTAL;;3.1.90.04.99 - 3.1.90.04.99;1.500.000 - RECURSOS NÃO VINCULADOS DE IMPOSTOS;1001 - IDENTIFICAÇÃO DAS DESPESAS COM MANUTENÇÃO E DESENVOLVIMENTO DO ENSINO;3158;20230628;3950.26;0;0;3950.26;0;3508.56;0;441.7;0;441.7;0
3110004;303;02;509805;2023;6;12 - EDUCAÇÃO;361 - ENSINO FUNDAMENTAL;0027 - GESTÃO DO CENTRO ESPECIALIZADO DE ATENÇÃO À CRIANÇA E AO ADOLESCENTE;2049 - MANUTENÇÃO DO CEACA;;3.1.90.13.03 - 3.1.90.13.03;1.500.000 - RECURSOS NÃO VINCULADOS DE IMPOSTOS;1001 - IDENTIFICAÇÃO DAS DESPESAS COM MANUTENÇÃO E DESENVOLVIMENTO DO ENSINO;3261;20230628;6577.98;0;0;6577.98;0;0;0;0;0;6577.98;0
3110004;303;02;509805;2023;6;12 - EDUCAÇÃO;361 - ENSINO FUNDAMENTAL;0003 - MANUTENÇÃO DA EDUCAÇÃO BÁSICA;1191 - REMUNERAÇÃO DOS PROFISSIONAIS DO ENSINO FUNDAMENTAL;;3.1.90.94.01 - 3.1.90.94.01;1.500.000 - RECURSOS NÃO VINCULADOS DE IMPOSTOS;1001 - IDENTIFICAÇÃO DAS DESPESAS COM MANUTENÇÃO E DESENVOLVIMENTO DO ENSINO;2803;20230601;1952.68;0;0;1952.68;0;1952.68;0;0;0;0;0
3110004;303;02;509805;2023;6;12 - EDUCAÇÃO;122 - ADMINISTRAÇÃO GERAL;0002 - GESTÃO DA SECRETARIA MUNICIPAL DE EDUCAÇÃO;2002 - MANUTENÇÃO DA SECRETARIA;;3.3.90.14.05 - 3.3.90.14.05;1.500.000 - RECURSOS NÃO VINCULADOS DE IMPOSTOS;1001 - IDENTIFICAÇÃO DAS DESPESAS COM MANUTENÇÃO E DESENVOLVIMENTO DO ENSINO;3016;20230619;86.86;0;0;86.86;0;86.86;0;0;0;0;0
3110004;303;02;509805;2023;6;12 - EDUCAÇÃO;361 - ENSINO FUNDAMENTAL;0003 - MANUTENÇÃO DA EDUCAÇÃO BÁSICA;2062 - MANUTENÇÃO DO ENSINO FUNDAMENTAL;;3.1.90.13.03 - 3.1.90.13.03;1.500.000 - RECURSOS NÃO VINCULADOS DE IMPOSTOS;1001 - IDENTIFICAÇÃO DAS DESPESAS COM MANUTENÇÃO E DESENVOLVIMENTO DO ENSINO;2684;20230530;0;0;0;0;0;19448.8;0;0;0;-19448.8;0
3110004;303;02;509805;2023;6;12 - EDUCAÇÃO;361 - ENSINO FUNDAMENTAL;0019 - GESTÃO DO TRANSPORTE ESCOLAR;2041 - MANUTENÇÃO TRANSPORTE ESCOLAR DO ENSINO FUNDAMENTAL;;3.3.90.39.99 - 3.3.90.39.99;1.500.000 - RECURSOS NÃO VINCULADOS DE IMPOSTOS;1001 - IDENTIFICAÇÃO DAS DESPESAS COM MANUTENÇÃO E DESENVOLVIMENTO DO ENSINO;1073;20230224;0;0;0;13602.05;0;8764.28;0;7.89;0;4837.77;-13602.05
3110004;303;02;509805;2023;6;12 - EDUCAÇÃO;361 - ENSINO FUNDAMENTAL;0027 - GESTÃO DO CENTRO ESPECIALIZADO DE ATENÇÃO À CRIANÇA E AO ADOLESCENTE;2049 - MANUTENÇÃO DO CEACA;;3.1.90.11.11 - 3.1.90.11.11;1.500.000 - RECURSOS NÃO VINCULADOS DE IMPOSTOS;1001 - IDENTIFICAÇÃO DAS DESPESAS COM MANUTENÇÃO E DESENVOLVIMENTO DO ENSINO;3160;20230628;29433;0;0;29433;0;24656.85;0;4776.15;0;4776.15;0
3110004;303;02;509805;2023;6;12 - EDUCAÇÃO;122 - ADMINISTRAÇÃO GERAL;0002 - GESTÃO DA SECRETARIA MUNICIPAL DE EDUCAÇÃO;2002 - MANUTENÇÃO DA SECRETARIA;;3.3.90.39.13 - 3.3.90.39.13;1.500.000 - RECURSOS NÃO VINCULADOS DE IMPOSTOS;1001 - IDENTIFICAÇÃO DAS DESPESAS COM MANUTENÇÃO E DESENVOLVIMENTO DO ENSINO;541;20230127;0;0;0;16252.25;0;16252.25;0;0;0;0;-16252.25
3110004;303;02;509805;2023;7;12 - EDUCAÇÃO;122 - ADMINISTRAÇÃO GERAL;0002 - GESTÃO DA SECRETARIA MUNICIPAL DE EDUCAÇÃO;2002 - MANUTENÇÃO DA SECRETARIA;;3.3.90.14.05 - 3.3.90.14.05;1.500.000 - RECURSOS NÃO VINCULADOS DE IMPOSTOS;1001 - IDENTIFICAÇÃO DAS DESPESAS COM MANUTENÇÃO E DESENVOLVIMENTO DO ENSINO;3070;20230628;0;0;0;0;0;86.86;0;0;0;-86.86;0
3110004;303;02;509805;2023;7;12 - EDUCAÇÃO;122 - ADMINISTRAÇÃO GERAL;0002 - GESTÃO DA SECRETARIA MUNICIPAL DE EDUCAÇÃO;2002 - MANUTENÇÃO DA SECRETARIA;;3.3.90.39.60 - 3.3.90.39.60;1.500.000 - RECURSOS NÃO VINCULADOS DE IMPOSTOS;1001 - IDENTIFICAÇÃO DAS DESPESAS COM MANUTENÇÃO E DESENVOLVIMENTO DO ENSINO;3397;20230706;14731.2;0;0;7365.6;0;7152;0;213.6;0;213.6;7365.6
3110004;303;02;509805;2023;7;12 - EDUCAÇÃO;361 - ENSINO FUNDAMENTAL;0019 - GESTÃO DO TRANSPORTE ESCOLAR;2041 - MANUTENÇÃO TRANSPORTE ESCOLAR DO ENSINO FUNDAMENTAL;;3.3.90.39.99 - 3.3.90.39.99;1.500.000 - RECURSOS NÃO VINCULADOS DE IMPOSTOS;1001 - IDENTIFICAÇÃO DAS DESPESAS COM MANUTENÇÃO E DESENVOLVIMENTO DO ENSINO;3112;20230628;0;0;0;27061.45;0;27060.68;0;0.77;0;0.77;-27061.45
3110004;303;02;509805;2023;7;12 - EDUCAÇÃO;122 - ADMINISTRAÇÃO GERAL;0002 - GESTÃO DA SECRETARIA MUNICIPAL DE EDUCAÇÃO;2002 - MANUTENÇÃO DA SECRETARIA;;3.3.90.30.24 - 3.3.90.30.24;1.500.000 - RECURSOS NÃO VINCULADOS DE IMPOSTOS;1001 - IDENTIFICAÇÃO DAS DESPESAS COM MANUTENÇÃO E DESENVOLVIMENTO DO ENSINO;2524;20230529;0;0;0;14745.71;0;14745.71;0;0;0;0;-14745.71
3110004;303;02;509805;2023;7;12 - EDUCAÇÃO;122 - ADMINISTRAÇÃO GERAL;0002 - GESTÃO DA SECRETARIA MUNICIPAL DE EDUCAÇÃO;2001 - REMUNERAÇÃO PESSOAL DA SECRETARIA;;3.1.90.13.03 - 3.1.90.13.03;1.500.000 - RECURSOS NÃO VINCULADOS DE IMPOSTOS;1001 - IDENTIFICAÇÃO DAS DESPESAS COM MANUTENÇÃO E DESENVOLVIMENTO DO ENSINO;3767;20230727;11469.6;0;0;11469.6;0;0;0;53.83;0;11469.6;0
3110004;303;02;509805;2023;7;12 - EDUCAÇÃO;122 - ADMINISTRAÇÃO GERAL;0002 - GESTÃO DA SECRETARIA MUNICIPAL DE EDUCAÇÃO;2002 - MANUTENÇÃO DA SECRETARIA;;3.3.90.14.05 - 3.3.90.14.05;1.500.000 - RECURSOS NÃO VINCULADOS DE IMPOSTOS;1001 - IDENTIFICAÇÃO DAS DESPESAS COM MANUTENÇÃO E DESENVOLVIMENTO DO ENSINO;3442;20230711;86.86;0;0;86.86;0;86.86;0;0;0;0;0
3110004;303;02;509805;2023;7;12 - EDUCAÇÃO;361 - ENSINO FUNDAMENTAL;0003 - MANUTENÇÃO DA EDUCAÇÃO BÁSICA;1191 - REMUNERAÇÃO DOS PROFISSIONAIS DO ENSINO FUNDAMENTAL;;3.1.90.13.03 - 3.1.90.13.03;1.500.000 - RECURSOS NÃO VINCULADOS DE IMPOSTOS;1001 - IDENTIFICAÇÃO DAS DESPESAS COM MANUTENÇÃO E DESENVOLVIMENTO DO ENSINO;3771;20230727;39168.99;0;0;39168.99;0;0;0;1599.18;0;39168.99;0
3110004;303;02;509805;2023;8;12 - EDUCAÇÃO;122 - ADMINISTRAÇÃO GERAL;0002 - GESTÃO DA SECRETARIA MUNICIPAL DE EDUCAÇÃO;2002 - MANUTENÇÃO DA SECRETARIA;;3.3.90.14.05 - 3.3.90.14.05;1.500.000 - RECURSOS NÃO VINCULADOS DE IMPOSTOS;1001 - IDENTIFICAÇÃO DAS DESPESAS COM MANUTENÇÃO E DESENVOLVIMENTO DO ENSINO;4029;20230810;43.43;0;0;43.43;0;43.43;0;0;0;0;0
3110004;303;02;509805;2023;12;12 - EDUCAÇÃO;361 - ENSINO FUNDAMENTAL;0003 - MANUTENÇÃO DA EDUCAÇÃO BÁSICA;2062 - MANUTENÇÃO DO ENSINO FUNDAMENTAL;;3.1.90.13.03 - 3.1.90.13.03;1.500.000 - RECURSOS NÃO VINCULADOS DE IMPOSTOS;1001 - IDENTIFICAÇÃO DAS DESPESAS COM MANUTENÇÃO E DESENVOLVIMENTO DO ENSINO;5935;20231129;0;0;0;0;0;12693.03;0;0;0;-12693.03;0
3110004;303;02;509805;2023;12;12 - EDUCAÇÃO;361 - ENSINO FUNDAMENTAL;0003 - MANUTENÇÃO DA EDUCAÇÃO BÁSICA;1191 - REMUNERAÇÃO DOS PROFISSIONAIS DO ENSINO FUNDAMENTAL;;3.1.90.94.01 - 3.1.90.94.01;1.500.000 - RECURSOS NÃO VINCULADOS DE IMPOSTOS;1001 - IDENTIFICAÇÃO DAS DESPESAS COM MANUTENÇÃO E DESENVOLVIMENTO DO ENSINO;7223;20231222;6513.66;0;0;6513.66;0;6513.66;0;0;0;0;0
3110004;303;02;509805;2023;12;12 - EDUCAÇÃO;365 - EDUCAÇÃO INFANTIL;0221 - MANUTENÇÃO DA EDUCAÇÃO BÁSICA;2407 - REMUNERAÇÃO PESSOAL EDUCAÇÃO INFANTILCRECHE;;3.1.90.13.03 - 3.1.90.13.03;1.500.000 - RECURSOS NÃO VINCULADOS DE IMPOSTOS;1001 - IDENTIFICAÇÃO DAS DESPESAS COM MANUTENÇÃO E DESENVOLVIMENTO DO ENSINO;6319;20231214;49760.59;0;0;49760.59;0;48340.83;0;1419.76;0;1419.76;0
3110004;303;02;509805;2023;12;12 - EDUCAÇÃO;365 - EDUCAÇÃO INFANTIL;0003 - MANUTENÇÃO DA EDUCAÇÃO BÁSICA;1189 - REMUNERAÇÃO DOS PROFISSIONAIS QUE ATUAM NO PROGRAMA DE EDUCAÇÃO INFANTIL;;3.1.90.94.01 - 3.1.90.94.01;1.500.000 - RECURSOS NÃO VINCULADOS DE IMPOSTOS;1001 - IDENTIFICAÇÃO DAS DESPESAS COM MANUTENÇÃO E DESENVOLVIMENTO DO ENSINO;7231;20231222;3451.64;0;0;3451.64;0;3451.64;0;0;0;0;0
3110004;303;02;509805;2023;9;12 - EDUCAÇÃO;365 - EDUCAÇÃO INFANTIL;0003 - MANUTENÇÃO DA EDUCAÇÃO BÁSICA;2006 - MANUTENÇÃO DA EDUCAÇÃO INFANTIL;;3.3.90.30.22 - 3.3.90.30.22;1.500.000 - RECURSOS NÃO VINCULADOS DE IMPOSTOS;1001 - IDENTIFICAÇÃO DAS DESPESAS COM MANUTENÇÃO E DESENVOLVIMENTO DO ENSINO;4683;20230925;1977.6;0;0;0;0;0;0;0;0;0;1977.6
3110004;303;02;509805;2023;11;12 - EDUCAÇÃO;361 - ENSINO FUNDAMENTAL;0003 - MANUTENÇÃO DA EDUCAÇÃO BÁSICA;1191 - REMUNERAÇÃO DOS PROFISSIONAIS DO ENSINO FUNDAMENTAL;;3.1.90.13.01 - 3.1.90.13.01;1.500.000 - RECURSOS NÃO VINCULADOS DE IMPOSTOS;1001 - IDENTIFICAÇÃO DAS DESPESAS COM MANUTENÇÃO E DESENVOLVIMENTO DO ENSINO;5483;20231031;0;0;0;0;0;8114.39;0;0;0;-8114.39;0
3110004;303;02;509805;2023;11;12 - EDUCAÇÃO;361 - ENSINO FUNDAMENTAL;0019 - GESTÃO DO TRANSPORTE ESCOLAR;2041 - MANUTENÇÃO TRANSPORTE ESCOLAR DO ENSINO FUNDAMENTAL;;3.3.90.39.05 - 3.3.90.39.05;1.500.000 - RECURSOS NÃO VINCULADOS DE IMPOSTOS;1001 - IDENTIFICAÇÃO DAS DESPESAS COM MANUTENÇÃO E DESENVOLVIMENTO DO ENSINO;5687;20231117;3600;0;0;3600;0;3600;0;0;0;0;0
3110004;303;02;509805;2023;12;12 - EDUCAÇÃO;361 - ENSINO FUNDAMENTAL;0019 - GESTÃO DO TRANSPORTE ESCOLAR;2041 - MANUTENÇÃO TRANSPORTE ESCOLAR DO ENSINO FUNDAMENTAL;;3.3.90.39.99 - 3.3.90.39.99;1.500.000 - RECURSOS NÃO VINCULADOS DE IMPOSTOS;1001 - IDENTIFICAÇÃO DAS DESPESAS COM MANUTENÇÃO E DESENVOLVIMENTO DO ENSINO;5674;20231116;0;0;14659.3;25340.7;0;2667.3;0;60.82;0;22673.4;-40000
3110004;303;02;509805;2023;9;12 - EDUCAÇÃO;361 - ENSINO FUNDAMENTAL;0013 - TRANSFERÊNCIA AS CAIXAS ESCOLARES;2032 - CONTRIBUIÇÃO AS ESCOLAS MUNICIPAIS;;3.3.50.41.00 - 3.3.50.41.00;1.500.000 - RECURSOS NÃO VINCULADOS DE IMPOSTOS;1001 - IDENTIFICAÇÃO DAS DESPESAS COM MANUTENÇÃO E DESENVOLVIMENTO DO ENSINO;4719;20230927;8000;0;0;8000;0;0;0;0;0;8000;0
3110004;303;02;509805;2023;11;12 - EDUCAÇÃO;361 - ENSINO FUNDAMENTAL;0027 - GESTÃO DO CENTRO ESPECIALIZADO DE ATENÇÃO À CRIANÇA E AO ADOLESCENTE;2049 - MANUTENÇÃO DO CEACA;;3.1.90.13.01 - 3.1.90.13.01;1.500.000 - RECURSOS NÃO VINCULADOS DE IMPOSTOS;1001 - IDENTIFICAÇÃO DAS DESPESAS COM MANUTENÇÃO E DESENVOLVIMENTO DO ENSINO;5937;20231129;1973.81;0;0;1973.81;0;0;0;0;0;1973.81;0
3110004;303;02;509805;2023;11;12 - EDUCAÇÃO;361 - ENSINO FUNDAMENTAL;0027 - GESTÃO DO CENTRO ESPECIALIZADO DE ATENÇÃO À CRIANÇA E AO ADOLESCENTE;2049 - MANUTENÇÃO DO CEACA;;3.1.90.13.03 - 3.1.90.13.03;1.500.000 - RECURSOS NÃO VINCULADOS DE IMPOSTOS;1001 - IDENTIFICAÇÃO DAS DESPESAS COM MANUTENÇÃO E DESENVOLVIMENTO DO ENSINO;5938;20231129;6582.15;0;0;6582.15;0;0;0;0;0;6582.15;0
3110004;303;02;509805;2023;12;12 - EDUCAÇÃO;122 - ADMINISTRAÇÃO GERAL;0002 - GESTÃO DA SECRETARIA MUNICIPAL DE EDUCAÇÃO;2002 - MANUTENÇÃO DA SECRETARIA;;3.3.90.14.05 - 3.3.90.14.05;1.500.000 - RECURSOS NÃO VINCULADOS DE IMPOSTOS;1001 - IDENTIFICAÇÃO DAS DESPESAS COM MANUTENÇÃO E DESENVOLVIMENTO DO ENSINO;6099;20231204;86.86;0;0;86.86;0;86.86;0;0;0;0;0
3110004;303;02;509805;2023;12;12 - EDUCAÇÃO;361 - ENSINO FUNDAMENTAL;0019 - GESTÃO DO TRANSPORTE ESCOLAR;2042 - REMUNERAÇÃO PESSOAL TRANSPORTE ESCOLAR ENSINO FUNDAMENTAL;;3.1.90.16.00 - 3.1.90.16.00;1.500.000 - RECURSOS NÃO VINCULADOS DE IMPOSTOS;1001 - IDENTIFICAÇÃO DAS DESPESAS COM MANUTENÇÃO E DESENVOLVIMENTO DO ENSINO;7272;20231228;2251.44;0;0;2251.44;0;2251.44;0;0;0;0;0
3110004;303;02;509805;2023;9;12 - EDUCAÇÃO;361 - ENSINO FUNDAMENTAL;0013 - TRANSFERÊNCIA AS CAIXAS ESCOLARES;2032 - CONTRIBUIÇÃO AS ESCOLAS MUNICIPAIS;;3.3.50.41.00 - 3.3.50.41.00;1.500.000 - RECURSOS NÃO VINCULADOS DE IMPOSTOS;1001 - IDENTIFICAÇÃO DAS DESPESAS COM MANUTENÇÃO E DESENVOLVIMENTO DO ENSINO;4709;20230926;9600;0;0;9600;0;0;0;0;0;9600;0
3110004;303;02;509805;2023;9;12 - EDUCAÇÃO;361 - ENSINO FUNDAMENTAL;0003 - MANUTENÇÃO DA EDUCAÇÃO BÁSICA;2062 - MANUTENÇÃO DO ENSINO FUNDAMENTAL;;3.3.90.30.22 - 3.3.90.30.22;1.500.000 - RECURSOS NÃO VINCULADOS DE IMPOSTOS;1001 - IDENTIFICAÇÃO DAS DESPESAS COM MANUTENÇÃO E DESENVOLVIMENTO DO ENSINO;4670;20230922;11064.6;0;0;0;0;0;0;0;0;0;11064.6
3110004;303;02;509805;2023;10;12 - EDUCAÇÃO;122 - ADMINISTRAÇÃO GERAL;0002 - GESTÃO DA SECRETARIA MUNICIPAL DE EDUCAÇÃO;2002 - MANUTENÇÃO DA SECRETARIA;;3.3.90.40.06 - 3.3.90.40.06;1.500.000 - RECURSOS NÃO VINCULADOS DE IMPOSTOS;1001 - IDENTIFICAÇÃO DAS DESPESAS COM MANUTENÇÃO E DESENVOLVIMENTO DO ENSINO;4641;20230922;0;0;0;11736.2;0;11172.86;0;563.34;0;563.34;-11736.2
3110004;303;02;509805;2023;10;12 - EDUCAÇÃO;361 - ENSINO FUNDAMENTAL;0013 - TRANSFERÊNCIA AS CAIXAS ESCOLARES;2032 - CONTRIBUIÇÃO AS ESCOLAS MUNICIPAIS;;3.3.50.41.00 - 3.3.50.41.00;1.500.000 - RECURSOS NÃO VINCULADOS DE IMPOSTOS;1001 - IDENTIFICAÇÃO DAS DESPESAS COM MANUTENÇÃO E DESENVOLVIMENTO DO ENSINO;4710;20230926;0;0;0;0;0;6000;0;0;0;-6000;0
3110004;303;02;509805;2023;12;12 - EDUCAÇÃO;122 - ADMINISTRAÇÃO GERAL;0002 - GESTÃO DA SECRETARIA MUNICIPAL DE EDUCAÇÃO;2001 - REMUNERAÇÃO PESSOAL DA SECRETARIA;;3.1.90.13.03 - 3.1.90.13.03;1.500.000 - RECURSOS NÃO VINCULADOS DE IMPOSTOS;1001 - IDENTIFICAÇÃO DAS DESPESAS COM MANUTENÇÃO E DESENVOLVIMENTO DO ENSINO;6306;20231214;17334.07;0;0;17334.07;0;17181.38;0;152.69;0;152.69;0
3110004;303;02;509805;2023;12;12 - EDUCAÇÃO;122 - ADMINISTRAÇÃO GERAL;0002 - GESTÃO DA SECRETARIA MUNICIPAL DE EDUCAÇÃO;2001 - REMUNERAÇÃO PESSOAL DA SECRETARIA;;3.1.90.11.09 - 3.1.90.11.09;1.500.000 - RECURSOS NÃO VINCULADOS DE IMPOSTOS;1001 - IDENTIFICAÇÃO DAS DESPESAS COM MANUTENÇÃO E DESENVOLVIMENTO DO ENSINO;6228;20231214;9451.42;0;0;9451.42;0;7101.46;0;2349.96;0;2349.96;0
3110004;303;02;509805;2023;12;12 - EDUCAÇÃO;122 - ADMINISTRAÇÃO GERAL;0002 - GESTÃO DA SECRETARIA MUNICIPAL DE EDUCAÇÃO;2001 - REMUNERAÇÃO PESSOAL DA SECRETARIA;;3.1.90.16.00 - 3.1.90.16.00;1.500.000 - RECURSOS NÃO VINCULADOS DE IMPOSTOS;1001 - IDENTIFICAÇÃO DAS DESPESAS COM MANUTENÇÃO E DESENVOLVIMENTO DO ENSINO;7264;20231228;4366.94;0;0;4366.94;0;4366.94;0;0;0;0;0
3110004;303;02;509805;2023;12;12 - EDUCAÇÃO;365 - EDUCAÇÃO INFANTIL;0221 - MANUTENÇÃO DA EDUCAÇÃO BÁSICA;2407 - REMUNERAÇÃO PESSOAL EDUCAÇÃO INFANTILCRECHE;;3.1.90.11.11 - 3.1.90.11.11;1.500.000 - RECURSOS NÃO VINCULADOS DE IMPOSTOS;1001 - IDENTIFICAÇÃO DAS DESPESAS COM MANUTENÇÃO E DESENVOLVIMENTO DO ENSINO;6238;20231214;222650.35;0;0;222650.35;0;193712.51;0;28937.84;0;28937.84;0
3110004;303;02;509805;2023;9;12 - EDUCAÇÃO;122 - ADMINISTRAÇÃO GERAL;0002 - GESTÃO DA SECRETARIA MUNICIPAL DE EDUCAÇÃO;2001 - REMUNERAÇÃO PESSOAL DA SECRETARIA;;3.1.90.94.01 - 3.1.90.94.01;1.500.000 - RECURSOS NÃO VINCULADOS DE IMPOSTOS;1001 - IDENTIFICAÇÃO DAS DESPESAS COM MANUTENÇÃO E DESENVOLVIMENTO DO ENSINO;4100;20230823;0;0;0;0;0;942.18;0;0;0;-942.18;0
3110004;303;02;509805;2023;11;12 - EDUCAÇÃO;122 - ADMINISTRAÇÃO GERAL;0002 - GESTÃO DA SECRETARIA MUNICIPAL DE EDUCAÇÃO;2002 - MANUTENÇÃO DA SECRETARIA;;3.3.90.49.00 - 3.3.90.49.00;1.500.000 - RECURSOS NÃO VINCULADOS DE IMPOSTOS;1001 - IDENTIFICAÇÃO DAS DESPESAS COM MANUTENÇÃO E DESENVOLVIMENTO DO ENSINO;58;20230102;0;0;313.5;0;0;0;0;0;0;0;-313.5
3110004;303;02;509805;2023;12;12 - EDUCAÇÃO;361 - ENSINO FUNDAMENTAL;0003 - MANUTENÇÃO DA EDUCAÇÃO BÁSICA;1191 - REMUNERAÇÃO DOS PROFISSIONAIS DO ENSINO FUNDAMENTAL;;3.1.90.94.01 - 3.1.90.94.01;1.500.000 - RECURSOS NÃO VINCULADOS DE IMPOSTOS;1001 - IDENTIFICAÇÃO DAS DESPESAS COM MANUTENÇÃO E DESENVOLVIMENTO DO ENSINO;7221;20231222;6374.03;0;0;6374.03;0;6374.03;0;0;0;0;0
3110004;303;02;509805;2023;12;12 - EDUCAÇÃO;361 - ENSINO FUNDAMENTAL;0003 - MANUTENÇÃO DA EDUCAÇÃO BÁSICA;2329 - REMUNERAÇÃO DE ESTAGIÁRIOS;;3.3.90.36.07 - 3.3.90.36.07;1.500.000 - RECURSOS NÃO VINCULADOS DE IMPOSTOS;1001 - IDENTIFICAÇÃO DAS DESPESAS COM MANUTENÇÃO E DESENVOLVIMENTO DO ENSINO;7327;20231228;60522.48;0;0;60522.48;0;60522.48;0;0;0;0;0
3110004;303;02;509805;2023;11;12 - EDUCAÇÃO;122 - ADMINISTRAÇÃO GERAL;0002 - GESTÃO DA SECRETARIA MUNICIPAL DE EDUCAÇÃO;2001 - REMUNERAÇÃO PESSOAL DA SECRETARIA;;3.1.90.11.09 - 3.1.90.11.09;1.500.000 - RECURSOS NÃO VINCULADOS DE IMPOSTOS;1001 - IDENTIFICAÇÃO DAS DESPESAS COM MANUTENÇÃO E DESENVOLVIMENTO DO ENSINO;5822;20231129;9451.42;0;0;9451.42;0;6395.64;0;3055.78;0;3055.78;0
3110004;303;02;509805;2023;11;12 - EDUCAÇÃO;361 - ENSINO FUNDAMENTAL;0003 - MANUTENÇÃO DA EDUCAÇÃO BÁSICA;2062 - MANUTENÇÃO DO ENSINO FUNDAMENTAL;;3.1.90.13.01 - 3.1.90.13.01;1.500.000 - RECURSOS NÃO VINCULADOS DE IMPOSTOS;1001 - IDENTIFICAÇÃO DAS DESPESAS COM MANUTENÇÃO E DESENVOLVIMENTO DO ENSINO;5934;20231129;1974.29;0;0;1974.29;0;0;0;0;0;1974.29;0
3110004;303;02;509805;2023;11;12 - EDUCAÇÃO;365 - EDUCAÇÃO INFANTIL;0019 - GESTÃO DO TRANSPORTE ESCOLAR;2454 - MANUTENÇÃO TRANSPORTE ESCOLAR EDUCAÇÃO INFANTIL;;3.3.90.39.57 - 3.3.90.39.57;1.500.000 - RECURSOS NÃO VINCULADOS DE IMPOSTOS;1001 - IDENTIFICAÇÃO DAS DESPESAS COM MANUTENÇÃO E DESENVOLVIMENTO DO ENSINO;3468;20230711;0;0;34.56;29548.8;0;27642.91;0;1905.89;0;1905.89;-29583.36
3110004;303;02;509805;2023;10;12 - EDUCAÇÃO;122 - ADMINISTRAÇÃO GERAL;0002 - GESTÃO DA SECRETARIA MUNICIPAL DE EDUCAÇÃO;2001 - REMUNERAÇÃO PESSOAL DA SECRETARIA;;3.1.90.13.01 - 3.1.90.13.01;1.500.000 - RECURSOS NÃO VINCULADOS DE IMPOSTOS;1001 - IDENTIFICAÇÃO DAS DESPESAS COM MANUTENÇÃO E DESENVOLVIMENTO DO ENSINO;5479;20231031;3014.82;0;0;3014.82;0;0;0;0;0;3014.82;0
3110004;303;02;509805;2023;11;12 - EDUCAÇÃO;122 - ADMINISTRAÇÃO GERAL;0002 - GESTÃO DA SECRETARIA MUNICIPAL DE EDUCAÇÃO;2002 - MANUTENÇÃO DA SECRETARIA;;3.3.90.35.06 - 3.3.90.35.06;1.500.000 - RECURSOS NÃO VINCULADOS DE IMPOSTOS;1001 - IDENTIFICAÇÃO DAS DESPESAS COM MANUTENÇÃO E DESENVOLVIMENTO DO ENSINO;2982;20230616;0;0;0;7000;0;3332;0;336;0;3668;-7000
3110004;303;02;509805;2023;12;12 - EDUCAÇÃO;122 - ADMINISTRAÇÃO GERAL;0002 - GESTÃO DA SECRETARIA MUNICIPAL DE EDUCAÇÃO;2002 - MANUTENÇÃO DA SECRETARIA;;3.3.90.49.00 - 3.3.90.49.00;1.500.000 - RECURSOS NÃO VINCULADOS DE IMPOSTOS;1001 - IDENTIFICAÇÃO DAS DESPESAS COM MANUTENÇÃO E DESENVOLVIMENTO DO ENSINO;55;20230102;0;0;885.6;75.6;0;75.6;0;0;0;0;-961.2
3110004;303;02;509805;2023;9;12 - EDUCAÇÃO;361 - ENSINO FUNDAMENTAL;0003 - MANUTENÇÃO DA EDUCAÇÃO BÁSICA;1191 - REMUNERAÇÃO DOS PROFISSIONAIS DO ENSINO FUNDAMENTAL;;3.1.90.94.01 - 3.1.90.94.01;1.500.000 - RECURSOS NÃO VINCULADOS DE IMPOSTOS;1001 - IDENTIFICAÇÃO DAS DESPESAS COM MANUTENÇÃO E DESENVOLVIMENTO DO ENSINO;4568;20230915;4631.92;0;0;4631.92;0;4631.92;0;0;0;0;0
3110004;303;02;509805;2023;9;12 - EDUCAÇÃO;361 - ENSINO FUNDAMENTAL;0003 - MANUTENÇÃO DA EDUCAÇÃO BÁSICA;1191 - REMUNERAÇÃO DOS PROFISSIONAIS DO ENSINO FUNDAMENTAL;;3.1.90.13.03 - 3.1.90.13.03;1.500.000 - RECURSOS NÃO VINCULADOS DE IMPOSTOS;1001 - IDENTIFICAÇÃO DAS DESPESAS COM MANUTENÇÃO E DESENVOLVIMENTO DO ENSINO;4869;20230927;37637.26;0;0;37637.26;0;0;0;1316.04;0;37637.26;0
3110004;303;02;509805;2023;9;12 - EDUCAÇÃO;361 - ENSINO FUNDAMENTAL;0019 - GESTÃO DO TRANSPORTE ESCOLAR;2042 - REMUNERAÇÃO PESSOAL TRANSPORTE ESCOLAR ENSINO FUNDAMENTAL;;3.1.90.16.00 - 3.1.90.16.00;1.500.000 - RECURSOS NÃO VINCULADOS DE IMPOSTOS;1001 - IDENTIFICAÇÃO DAS DESPESAS COM MANUTENÇÃO E DESENVOLVIMENTO DO ENSINO;4770;20230927;1562.28;0;0;1562.28;0;1562.28;0;0;0;0;0
3110004;303;02;509805;2023;9;12 - EDUCAÇÃO;361 - ENSINO FUNDAMENTAL;0003 - MANUTENÇÃO DA EDUCAÇÃO BÁSICA;2062 - MANUTENÇÃO DO ENSINO FUNDAMENTAL;;3.3.90.32.99 - 3.3.90.32.99;1.500.000 - RECURSOS NÃO VINCULADOS DE IMPOSTOS;1001 - IDENTIFICAÇÃO DAS DESPESAS COM MANUTENÇÃO E DESENVOLVIMENTO DO ENSINO;4395;20230901;172493.75;0;0;0;0;0;0;0;0;0;172493.75
3110004;303;02;509805;2023;12;12 - EDUCAÇÃO;365 - EDUCAÇÃO INFANTIL;0003 - MANUTENÇÃO DA EDUCAÇÃO BÁSICA;1189 - REMUNERAÇÃO DOS PROFISSIONAIS QUE ATUAM NO PROGRAMA DE EDUCAÇÃO INFANTIL;;3.1.90.94.01 - 3.1.90.94.01;1.500.000 - RECURSOS NÃO VINCULADOS DE IMPOSTOS;1001 - IDENTIFICAÇÃO DAS DESPESAS COM MANUTENÇÃO E DESENVOLVIMENTO DO ENSINO;7218;20231222;3908.99;0;0;3908.99;0;3908.99;0;0;0;0;0
3110004;303;02;509805;2023;12;12 - EDUCAÇÃO;122 - ADMINISTRAÇÃO GERAL;0002 - GESTÃO DA SECRETARIA MUNICIPAL DE EDUCAÇÃO;2001 - REMUNERAÇÃO PESSOAL DA SECRETARIA;;3.3.90.46.00 - 3.3.90.46.00;1.500.000 - RECURSOS NÃO VINCULADOS DE IMPOSTOS;1001 - IDENTIFICAÇÃO DAS DESPESAS COM MANUTENÇÃO E DESENVOLVIMENTO DO ENSINO;6132;20231205;99300;0;0;99300;0;99300;0;0;0;0;0
3110004;303;02;509805;2023;12;12 - EDUCAÇÃO;122 - ADMINISTRAÇÃO GERAL;0002 - GESTÃO DA SECRETARIA MUNICIPAL DE EDUCAÇÃO;2002 - MANUTENÇÃO DA SECRETARIA;;3.3.90.49.00 - 3.3.90.49.00;1.500.000 - RECURSOS NÃO VINCULADOS DE IMPOSTOS;1001 - IDENTIFICAÇÃO DAS DESPESAS COM MANUTENÇÃO E DESENVOLVIMENTO DO ENSINO;7485;20231229;16239.4;0;0;0;0;0;0;0;0;0;16239.4
3110004;303;02;509805;2023;12;12 - EDUCAÇÃO;361 - ENSINO FUNDAMENTAL;0003 - MANUTENÇÃO DA EDUCAÇÃO BÁSICA;2062 - MANUTENÇÃO DO ENSINO FUNDAMENTAL;;3.3.90.32.99 - 3.3.90.32.99;1.500.000 - RECURSOS NÃO VINCULADOS DE IMPOSTOS;1001 - IDENTIFICAÇÃO DAS DESPESAS COM MANUTENÇÃO E DESENVOLVIMENTO DO ENSINO;6162;20231211;130703.34;0;0;0;0;0;0;0;0;0;130703.34
3110004;303;02;509805;2023;10;12 - EDUCAÇÃO;122 - ADMINISTRAÇÃO GERAL;0002 - GESTÃO DA SECRETARIA MUNICIPAL DE EDUCAÇÃO;2002 - MANUTENÇÃO DA SECRETARIA;;3.3.90.36.14 - 3.3.90.36.14;1.500.000 - RECURSOS NÃO VINCULADOS DE IMPOSTOS;1001 - IDENTIFICAÇÃO DAS DESPESAS COM MANUTENÇÃO E DESENVOLVIMENTO DO ENSINO;783;20230223;0;0;0;2626.26;0;2626.26;0;0;0;0;-2626.26
3110004;303;02;509805;2023;11;12 - EDUCAÇÃO;122 - ADMINISTRAÇÃO GERAL;0002 - GESTÃO DA SECRETARIA MUNICIPAL DE EDUCAÇÃO;2001 - REMUNERAÇÃO PESSOAL DA SECRETARIA;;3.1.90.13.01 - 3.1.90.13.01;1.500.000 - RECURSOS NÃO VINCULADOS DE IMPOSTOS;1001 - IDENTIFICAÇÃO DAS DESPESAS COM MANUTENÇÃO E DESENVOLVIMENTO DO ENSINO;5479;20231031;0;0;0;0;0;3014.82;0;0;0;-3014.82;0
3110004;303;02;509805;2023;12;12 - EDUCAÇÃO;122 - ADMINISTRAÇÃO GERAL;0002 - GESTÃO DA SECRETARIA MUNICIPAL DE EDUCAÇÃO;2002 - MANUTENÇÃO DA SECRETARIA;;3.3.90.39.13 - 3.3.90.39.13;1.500.000 - RECURSOS NÃO VINCULADOS DE IMPOSTOS;1001 - IDENTIFICAÇÃO DAS DESPESAS COM MANUTENÇÃO E DESENVOLVIMENTO DO ENSINO;3462;20230711;0;0;2.59;5273.24;0;5020.12;0;253.12;0;253.12;-5275.83
3110004;303;02;509805;2023;9;12 - EDUCAÇÃO;361 - ENSINO FUNDAMENTAL;0027 - GESTÃO DO CENTRO ESPECIALIZADO DE ATENÇÃO À CRIANÇA E AO ADOLESCENTE;2049 - MANUTENÇÃO DO CEACA;;3.3.90.30.39 - 3.3.90.30.39;1.500.000 - RECURSOS NÃO VINCULADOS DE IMPOSTOS;1001 - IDENTIFICAÇÃO DAS DESPESAS COM MANUTENÇÃO E DESENVOLVIMENTO DO ENSINO;4471;20230904;1064;0;0;1064;0;1043;0;21;0;21;0
3110004;303;02;509805;2023;10;12 - EDUCAÇÃO;122 - ADMINISTRAÇÃO GERAL;0002 - GESTÃO DA SECRETARIA MUNICIPAL DE EDUCAÇÃO;2002 - MANUTENÇÃO DA SECRETARIA;;3.3.90.35.06 - 3.3.90.35.06;1.500.000 - RECURSOS NÃO VINCULADOS DE IMPOSTOS;1001 - IDENTIFICAÇÃO DAS DESPESAS COM MANUTENÇÃO E DESENVOLVIMENTO DO ENSINO;2982;20230616;0;0;0;3500;0;3332;0;168;0;168;-3500
3110004;303;02;509805;2023;11;12 - EDUCAÇÃO;122 - ADMINISTRAÇÃO GERAL;0002 - GESTÃO DA SECRETARIA MUNICIPAL DE EDUCAÇÃO;2001 - REMUNERAÇÃO PESSOAL DA SECRETARIA;;3.1.90.13.03 - 3.1.90.13.03;1.500.000 - RECURSOS NÃO VINCULADOS DE IMPOSTOS;1001 - IDENTIFICAÇÃO DAS DESPESAS COM MANUTENÇÃO E DESENVOLVIMENTO DO ENSINO;5929;20231129;16988.82;0;0;16988.82;0;0;0;375.85;0;16988.82;0
3110004;303;02;509805;2023;11;12 - EDUCAÇÃO;365 - EDUCAÇÃO INFANTIL;0221 - MANUTENÇÃO DA EDUCAÇÃO BÁSICA;2407 - REMUNERAÇÃO PESSOAL EDUCAÇÃO INFANTILCRECHE;;3.1.90.13.01 - 3.1.90.13.01;1.500.000 - RECURSOS NÃO VINCULADOS DE IMPOSTOS;1001 - IDENTIFICAÇÃO DAS DESPESAS COM MANUTENÇÃO E DESENVOLVIMENTO DO ENSINO;5939;20231129;446.66;0;0;446.66;0;0;0;0;0;446.66;0
3110004;303;02;509805;2023;12;12 - EDUCAÇÃO;361 - ENSINO FUNDAMENTAL;0003 - MANUTENÇÃO DA EDUCAÇÃO BÁSICA;2062 - MANUTENÇÃO DO ENSINO FUNDAMENTAL;;3.1.90.13.03 - 3.1.90.13.03;1.500.000 - RECURSOS NÃO VINCULADOS DE IMPOSTOS;1001 - IDENTIFICAÇÃO DAS DESPESAS COM MANUTENÇÃO E DESENVOLVIMENTO DO ENSINO;6312;20231214;11896.1;0;0;11896.1;0;11896.1;0;0;0;0;0
3110004;303;02;509805;2023;10;12 - EDUCAÇÃO;122 - ADMINISTRAÇÃO GERAL;0002 - GESTÃO DA SECRETARIA MUNICIPAL DE EDUCAÇÃO;2001 - REMUNERAÇÃO PESSOAL DA SECRETARIA;;3.1.90.16.00 - 3.1.90.16.00;1.500.000 - RECURSOS NÃO VINCULADOS DE IMPOSTOS;1001 - IDENTIFICAÇÃO DAS DESPESAS COM MANUTENÇÃO E DESENVOLVIMENTO DO ENSINO;5370;20231031;1324.36;0;0;1324.36;0;1273.61;0;50.75;0;50.75;0
3110004;303;02;509805;2023;10;12 - EDUCAÇÃO;365 - EDUCAÇÃO INFANTIL;0221 - MANUTENÇÃO DA EDUCAÇÃO BÁSICA;2407 - REMUNERAÇÃO PESSOAL EDUCAÇÃO INFANTILCRECHE;;3.1.90.13.01 - 3.1.90.13.01;1.500.000 - RECURSOS NÃO VINCULADOS DE IMPOSTOS;1001 - IDENTIFICAÇÃO DAS DESPESAS COM MANUTENÇÃO E DESENVOLVIMENTO DO ENSINO;5490;20231031;446.66;0;0;446.66;0;0;0;0;0;446.66;0
3110004;303;02;509805;2023;10;12 - EDUCAÇÃO;122 - ADMINISTRAÇÃO GERAL;0002 - GESTÃO DA SECRETARIA MUNICIPAL DE EDUCAÇÃO;2002 - MANUTENÇÃO DA SECRETARIA;;3.3.90.49.00 - 3.3.90.49.00;1.500.000 - RECURSOS NÃO VINCULADOS DE IMPOSTOS;1001 - IDENTIFICAÇÃO DAS DESPESAS COM MANUTENÇÃO E DESENVOLVIMENTO DO ENSINO;5298;20231025;2430;0;0;810;0;810;0;0;0;0;1620
3110004;303;02;509805;2023;10;12 - EDUCAÇÃO;361 - ENSINO FUNDAMENTAL;0003 - MANUTENÇÃO DA EDUCAÇÃO BÁSICA;2329 - REMUNERAÇÃO DE ESTAGIÁRIOS;;3.3.90.36.07 - 3.3.90.36.07;1.500.000 - RECURSOS NÃO VINCULADOS DE IMPOSTOS;1001 - IDENTIFICAÇÃO DAS DESPESAS COM MANUTENÇÃO E DESENVOLVIMENTO DO ENSINO;1627;20230328;0;0;0;0;0;887.17;0;0;0;-887.17;0
3110004;303;02;509805;2023;10;12 - EDUCAÇÃO;361 - ENSINO FUNDAMENTAL;0013 - TRANSFERÊNCIA AS CAIXAS ESCOLARES;2032 - CONTRIBUIÇÃO AS ESCOLAS MUNICIPAIS;;3.3.50.41.00 - 3.3.50.41.00;1.500.000 - RECURSOS NÃO VINCULADOS DE IMPOSTOS;1001 - IDENTIFICAÇÃO DAS DESPESAS COM MANUTENÇÃO E DESENVOLVIMENTO DO ENSINO;4713;20230927;0;0;0;0;0;6000;0;0;0;-6000;0
3110004;303;02;509805;2023;12;12 - EDUCAÇÃO;361 - ENSINO FUNDAMENTAL;0003 - MANUTENÇÃO DA EDUCAÇÃO BÁSICA;1191 - REMUNERAÇÃO DOS PROFISSIONAIS DO ENSINO FUNDAMENTAL;;3.1.90.94.01 - 3.1.90.94.01;1.500.000 - RECURSOS NÃO VINCULADOS DE IMPOSTOS;1001 - IDENTIFICAÇÃO DAS DESPESAS COM MANUTENÇÃO E DESENVOLVIMENTO DO ENSINO;7204;20231222;5399.71;0;0;5399.71;0;5399.71;0;0;0;0;0
3110004;303;02;509805;2023;12;12 - EDUCAÇÃO;365 - EDUCAÇÃO INFANTIL;0221 - MANUTENÇÃO DA EDUCAÇÃO BÁSICA;2407 - REMUNERAÇÃO PESSOAL EDUCAÇÃO INFANTILCRECHE;;3.1.90.94.01 - 3.1.90.94.01;1.500.000 - RECURSOS NÃO VINCULADOS DE IMPOSTOS;1001 - IDENTIFICAÇÃO DAS DESPESAS COM MANUTENÇÃO E DESENVOLVIMENTO DO ENSINO;7217;20231222;6530.99;0;0;6530.99;0;6530.99;0;0;0;0;0
3110004;303;02;509805;2023;12;12 - EDUCAÇÃO;365 - EDUCAÇÃO INFANTIL;0221 - MANUTENÇÃO DA EDUCAÇÃO BÁSICA;2407 - REMUNERAÇÃO PESSOAL EDUCAÇÃO INFANTILCRECHE;;3.1.90.13.01 - 3.1.90.13.01;1.500.000 - RECURSOS NÃO VINCULADOS DE IMPOSTOS;1001 - IDENTIFICAÇÃO DAS DESPESAS COM MANUTENÇÃO E DESENVOLVIMENTO DO ENSINO;7377;20231228;18741.56;0;0;18741.56;0;0;0;0;0;18741.56;0
3110004;303;02;509805;2023;8;12 - EDUCAÇÃO;122 - ADMINISTRAÇÃO GERAL;0002 - GESTÃO DA SECRETARIA MUNICIPAL DE EDUCAÇÃO;2001 - REMUNERAÇÃO PESSOAL DA SECRETARIA;;3.1.90.04.99 - 3.1.90.04.99;1.500.000 - RECURSOS NÃO VINCULADOS DE IMPOSTOS;1001 - IDENTIFICAÇÃO DAS DESPESAS COM MANUTENÇÃO E DESENVOLVIMENTO DO ENSINO;4181;20230828;5781.88;0;0;5781.88;0;4911.78;0;870.1;0;870.1;0
3110004;303;02;509805;2023;1;12 - EDUCAÇÃO;122 - ADMINISTRAÇÃO GERAL;0002 - GESTÃO DA SECRETARIA MUNICIPAL DE EDUCAÇÃO;2002 - MANUTENÇÃO DA SECRETARIA;;3.3.90.30.07 - 3.3.90.30.07;1.500.000 - RECURSOS NÃO VINCULADOS DE IMPOSTOS;1001 - IDENTIFICAÇÃO DAS DESPESAS COM MANUTENÇÃO E DESENVOLVIMENTO DO ENSINO;160;20230102;3632.5;0;0;0;0;0;0;0;0;0;3632.5
3110004;303;02;509805;2023;1;12 - EDUCAÇÃO;122 - ADMINISTRAÇÃO GERAL;0002 - GESTÃO DA SECRETARIA MUNICIPAL DE EDUCAÇÃO;2002 - MANUTENÇÃO DA SECRETARIA;;3.3.90.40.06 - 3.3.90.40.06;1.500.000 - RECURSOS NÃO VINCULADOS DE IMPOSTOS;1001 - IDENTIFICAÇÃO DAS DESPESAS COM MANUTENÇÃO E DESENVOLVIMENTO DO ENSINO;259;20230110;29340.5;0;0;5868.1;0;5868.1;0;0;0;0;23472.4
3110004;303;02;509805;2023;1;12 - EDUCAÇÃO;122 - ADMINISTRAÇÃO GERAL;0002 - GESTÃO DA SECRETARIA MUNICIPAL DE EDUCAÇÃO;2002 - MANUTENÇÃO DA SECRETARIA;;3.3.90.14.05 - 3.3.90.14.05;1.500.000 - RECURSOS NÃO VINCULADOS DE IMPOSTOS;1001 - IDENTIFICAÇÃO DAS DESPESAS COM MANUTENÇÃO E DESENVOLVIMENTO DO ENSINO;153;20230102;47.2;0;0;47.2;0;0;0;0;0;47.2;0
3110004;303;02;509805;2023;1;12 - EDUCAÇÃO;365 - EDUCAÇÃO INFANTIL;0221 - MANUTENÇÃO DA EDUCAÇÃO BÁSICA;2407 - REMUNERAÇÃO PESSOAL EDUCAÇÃO INFANTILCRECHE;;3.1.90.13.03 - 3.1.90.13.03;1.500.000 - RECURSOS NÃO VINCULADOS DE IMPOSTOS;1001 - IDENTIFICAÇÃO DAS DESPESAS COM MANUTENÇÃO E DESENVOLVIMENTO DO ENSINO;451;20230127;776.3;0;0;776.3;0;0;0;0;0;776.3;0
3110004;303;02;509805;2023;2;12 - EDUCAÇÃO;122 - ADMINISTRAÇÃO GERAL;0002 - GESTÃO DA SECRETARIA MUNICIPAL DE EDUCAÇÃO;2002 - MANUTENÇÃO DA SECRETARIA;;3.3.90.14.05 - 3.3.90.14.05;1.500.000 - RECURSOS NÃO VINCULADOS DE IMPOSTOS;1001 - IDENTIFICAÇÃO DAS DESPESAS COM MANUTENÇÃO E DESENVOLVIMENTO DO ENSINO;154;20230102;0;0;0;0;0;70.8;0;0;0;-70.8;0
3110004;303;02;509805;2023;2;12 - EDUCAÇÃO;361 - ENSINO FUNDAMENTAL;0019 - GESTÃO DO TRANSPORTE ESCOLAR;2042 - REMUNERAÇÃO PESSOAL TRANSPORTE ESCOLAR ENSINO FUNDAMENTAL;;3.1.90.04.99 - 3.1.90.04.99;1.500.000 - RECURSOS NÃO VINCULADOS DE IMPOSTOS;1001 - IDENTIFICAÇÃO DAS DESPESAS COM MANUTENÇÃO E DESENVOLVIMENTO DO ENSINO;896;20230224;3672.05;0;0;3672.05;0;3260.84;0;411.21;0;411.21;0
3110004;303;02;509805;2023;2;12 - EDUCAÇÃO;122 - ADMINISTRAÇÃO GERAL;0002 - GESTÃO DA SECRETARIA MUNICIPAL DE EDUCAÇÃO;2001 - REMUNERAÇÃO PESSOAL DA SECRETARIA;;3.1.90.13.03 - 3.1.90.13.03;1.500.000 - RECURSOS NÃO VINCULADOS DE IMPOSTOS;1001 - IDENTIFICAÇÃO DAS DESPESAS COM MANUTENÇÃO E DESENVOLVIMENTO DO ENSINO;444;20230127;0;0;0;0;0;4545.74;0;0;0;-4545.74;0
3110004;303;02;509805;2023;2;12 - EDUCAÇÃO;361 - ENSINO FUNDAMENTAL;0019 - GESTÃO DO TRANSPORTE ESCOLAR;2042 - REMUNERAÇÃO PESSOAL TRANSPORTE ESCOLAR ENSINO FUNDAMENTAL;;3.1.90.13.03 - 3.1.90.13.03;1.500.000 - RECURSOS NÃO VINCULADOS DE IMPOSTOS;1001 - IDENTIFICAÇÃO DAS DESPESAS COM MANUTENÇÃO E DESENVOLVIMENTO DO ENSINO;449;20230127;0;0;0;0;0;1064.04;0;0;0;-1064.04;0
3110004;303;02;509805;2023;3;12 - EDUCAÇÃO;361 - ENSINO FUNDAMENTAL;0003 - MANUTENÇÃO DA EDUCAÇÃO BÁSICA;1191 - REMUNERAÇÃO DOS PROFISSIONAIS DO ENSINO FUNDAMENTAL;;3.1.90.16.00 - 3.1.90.16.00;1.500.000 - RECURSOS NÃO VINCULADOS DE IMPOSTOS;1001 - IDENTIFICAÇÃO DAS DESPESAS COM MANUTENÇÃO E DESENVOLVIMENTO DO ENSINO;1551;20230328;1798.89;0;0;1798.89;0;1798.89;0;0;0;0;0
3110004;303;02;509805;2023;3;12 - EDUCAÇÃO;361 - ENSINO FUNDAMENTAL;0019 - GESTÃO DO TRANSPORTE ESCOLAR;2042 - REMUNERAÇÃO PESSOAL TRANSPORTE ESCOLAR ENSINO FUNDAMENTAL;;3.1.90.04.99 - 3.1.90.04.99;1.500.000 - RECURSOS NÃO VINCULADOS DE IMPOSTOS;1001 - IDENTIFICAÇÃO DAS DESPESAS COM MANUTENÇÃO E DESENVOLVIMENTO DO ENSINO;1553;20230328;3585.89;0;0;3585.89;0;3055.86;0;530.03;0;530.03;0
3110004;303;02;509805;2023;3;12 - EDUCAÇÃO;122 - ADMINISTRAÇÃO GERAL;0002 - GESTÃO DA SECRETARIA MUNICIPAL DE EDUCAÇÃO;2002 - MANUTENÇÃO DA SECRETARIA;;3.3.90.30.07 - 3.3.90.30.07;1.500.000 - RECURSOS NÃO VINCULADOS DE IMPOSTOS;1001 - IDENTIFICAÇÃO DAS DESPESAS COM MANUTENÇÃO E DESENVOLVIMENTO DO ENSINO;160;20230102;0;0;0;3632.5;0;3632.5;0;0;0;0;-3632.5
3110004;303;02;509805;2023;3;12 - EDUCAÇÃO;122 - ADMINISTRAÇÃO GERAL;0002 - GESTÃO DA SECRETARIA MUNICIPAL DE EDUCAÇÃO;2001 - REMUNERAÇÃO PESSOAL DA SECRETARIA;;3.1.90.94.01 - 3.1.90.94.01;1.500.000 - RECURSOS NÃO VINCULADOS DE IMPOSTOS;1001 - IDENTIFICAÇÃO DAS DESPESAS COM MANUTENÇÃO E DESENVOLVIMENTO DO ENSINO;1432;20230322;1684.68;0;0;1684.68;0;1684.68;0;0;0;0;0
3110004;303;02;509805;2023;3;12 - EDUCAÇÃO;361 - ENSINO FUNDAMENTAL;0003 - MANUTENÇÃO DA EDUCAÇÃO BÁSICA;1191 - REMUNERAÇÃO DOS PROFISSIONAIS DO ENSINO FUNDAMENTAL;;3.1.90.13.01 - 3.1.90.13.01;1.500.000 - RECURSOS NÃO VINCULADOS DE IMPOSTOS;1001 - IDENTIFICAÇÃO DAS DESPESAS COM MANUTENÇÃO E DESENVOLVIMENTO DO ENSINO;1648;20230328;191.94;0;0;191.94;0;0;0;0;0;191.94;0
3110004;303;02;509805;2023;3;12 - EDUCAÇÃO;361 - ENSINO FUNDAMENTAL;0003 - MANUTENÇÃO DA EDUCAÇÃO BÁSICA;2329 - REMUNERAÇÃO DE ESTAGIÁRIOS;;3.3.90.36.07 - 3.3.90.36.07;1.500.000 - RECURSOS NÃO VINCULADOS DE IMPOSTOS;1001 - IDENTIFICAÇÃO DAS DESPESAS COM MANUTENÇÃO E DESENVOLVIMENTO DO ENSINO;1474;20230324;536.59;0;0;536.59;0;536.59;0;0;0;0;0
3110004;303;02;509805;2023;3;12 - EDUCAÇÃO;365 - EDUCAÇÃO INFANTIL;0003 - MANUTENÇÃO DA EDUCAÇÃO BÁSICA;2006 - MANUTENÇÃO DA EDUCAÇÃO INFANTIL;;3.3.90.32.99 - 3.3.90.32.99;1.500.000 - RECURSOS NÃO VINCULADOS DE IMPOSTOS;1001 - IDENTIFICAÇÃO DAS DESPESAS COM MANUTENÇÃO E DESENVOLVIMENTO DO ENSINO;45;20230102;0;0;0;20344.5;0;20344.5;0;0;0;0;-20344.5
3110004;303;02;509805;2023;3;12 - EDUCAÇÃO;122 - ADMINISTRAÇÃO GERAL;0002 - GESTÃO DA SECRETARIA MUNICIPAL DE EDUCAÇÃO;2002 - MANUTENÇÃO DA SECRETARIA;;3.3.90.39.13 - 3.3.90.39.13;1.500.000 - RECURSOS NÃO VINCULADOS DE IMPOSTOS;1001 - IDENTIFICAÇÃO DAS DESPESAS COM MANUTENÇÃO E DESENVOLVIMENTO DO ENSINO;541;20230127;0;0;0;5728.1;0;5728.1;0;0;0;0;-5728.1
3110004;303;02;509805;2023;4;12 - EDUCAÇÃO;365 - EDUCAÇÃO INFANTIL;0019 - GESTÃO DO TRANSPORTE ESCOLAR;2454 - MANUTENÇÃO TRANSPORTE ESCOLAR EDUCAÇÃO INFANTIL;;3.3.90.39.57 - 3.3.90.39.57;1.500.000 - RECURSOS NÃO VINCULADOS DE IMPOSTOS;1001 - IDENTIFICAÇÃO DAS DESPESAS COM MANUTENÇÃO E DESENVOLVIMENTO DO ENSINO;796;20230224;0;0;0;536897.04;0;515152.72;0;21744.32;0;21744.32;-536897.04
3110004;303;02;509805;2023;4;12 - EDUCAÇÃO;361 - ENSINO FUNDAMENTAL;0003 - MANUTENÇÃO DA EDUCAÇÃO BÁSICA;1191 - REMUNERAÇÃO DOS PROFISSIONAIS DO ENSINO FUNDAMENTAL;;3.1.90.11.11 - 3.1.90.11.11;1.500.000 - RECURSOS NÃO VINCULADOS DE IMPOSTOS;1001 - IDENTIFICAÇÃO DAS DESPESAS COM MANUTENÇÃO E DESENVOLVIMENTO DO ENSINO;2057;20230426;78413.51;0;0;78413.51;0;62331.98;0;16081.53;0;16081.53;0
3110004;303;02;509805;2023;4;12 - EDUCAÇÃO;122 - ADMINISTRAÇÃO GERAL;0002 - GESTÃO DA SECRETARIA MUNICIPAL DE EDUCAÇÃO;2002 - MANUTENÇÃO DA SECRETARIA;;3.3.90.39.29 - 3.3.90.39.29;1.500.000 - RECURSOS NÃO VINCULADOS DE IMPOSTOS;1001 - IDENTIFICAÇÃO DAS DESPESAS COM MANUTENÇÃO E DESENVOLVIMENTO DO ENSINO;79;20230102;0;0;0;44.18;0;44.18;0;0;0;0;-44.18
3110004;303;02;509805;2023;4;12 - EDUCAÇÃO;122 - ADMINISTRAÇÃO GERAL;0002 - GESTÃO DA SECRETARIA MUNICIPAL DE EDUCAÇÃO;2002 - MANUTENÇÃO DA SECRETARIA;;3.3.90.35.06 - 3.3.90.35.06;1.500.000 - RECURSOS NÃO VINCULADOS DE IMPOSTOS;1001 - IDENTIFICAÇÃO DAS DESPESAS COM MANUTENÇÃO E DESENVOLVIMENTO DO ENSINO;1892;20230412;10200;0;0;3400;0;3400;0;0;0;0;6800
3110004;303;02;509805;2023;4;12 - EDUCAÇÃO;365 - EDUCAÇÃO INFANTIL;0221 - MANUTENÇÃO DA EDUCAÇÃO BÁSICA;2407 - REMUNERAÇÃO PESSOAL EDUCAÇÃO INFANTILCRECHE;;3.1.90.13.01 - 3.1.90.13.01;1.500.000 - RECURSOS NÃO VINCULADOS DE IMPOSTOS;1001 - IDENTIFICAÇÃO DAS DESPESAS COM MANUTENÇÃO E DESENVOLVIMENTO DO ENSINO;2162;20230426;407.87;0;0;407.87;0;0;0;0;0;407.87;0
3110004;303;02;509805;2023;4;12 - EDUCAÇÃO;122 - ADMINISTRAÇÃO GERAL;0002 - GESTÃO DA SECRETARIA MUNICIPAL DE EDUCAÇÃO;2002 - MANUTENÇÃO DA SECRETARIA;;3.3.90.39.13 - 3.3.90.39.13;1.500.000 - RECURSOS NÃO VINCULADOS DE IMPOSTOS;1001 - IDENTIFICAÇÃO DAS DESPESAS COM MANUTENÇÃO E DESENVOLVIMENTO DO ENSINO;541;20230127;0;0;0;12301.45;0;12301.45;0;0;0;0;-12301.45
3110004;303;02;509805;2023;4;12 - EDUCAÇÃO;361 - ENSINO FUNDAMENTAL;0019 - GESTÃO DO TRANSPORTE ESCOLAR;2041 - MANUTENÇÃO TRANSPORTE ESCOLAR DO ENSINO FUNDAMENTAL;;3.3.90.39.99 - 3.3.90.39.99;1.500.000 - RECURSOS NÃO VINCULADOS DE IMPOSTOS;1001 - IDENTIFICAÇÃO DAS DESPESAS COM MANUTENÇÃO E DESENVOLVIMENTO DO ENSINO;1420;20230317;0;0;0;3150;0;3150;0;0;0;0;-3150
3110004;303;02;509805;2023;5;12 - EDUCAÇÃO;365 - EDUCAÇÃO INFANTIL;0221 - MANUTENÇÃO DA EDUCAÇÃO BÁSICA;2407 - REMUNERAÇÃO PESSOAL EDUCAÇÃO INFANTILCRECHE;;3.1.90.11.11 - 3.1.90.11.11;1.500.000 - RECURSOS NÃO VINCULADOS DE IMPOSTOS;1001 - IDENTIFICAÇÃO DAS DESPESAS COM MANUTENÇÃO E DESENVOLVIMENTO DO ENSINO;2590;20230530;7670.33;0;0;7670.33;0;5921.35;0;1748.98;0;1748.98;0
3110004;303;02;509805;2023;5;12 - EDUCAÇÃO;361 - ENSINO FUNDAMENTAL;0019 - GESTÃO DO TRANSPORTE ESCOLAR;2042 - REMUNERAÇÃO PESSOAL TRANSPORTE ESCOLAR ENSINO FUNDAMENTAL;;3.1.90.13.03 - 3.1.90.13.03;1.500.000 - RECURSOS NÃO VINCULADOS DE IMPOSTOS;1001 - IDENTIFICAÇÃO DAS DESPESAS COM MANUTENÇÃO E DESENVOLVIMENTO DO ENSINO;2685;20230530;1491.64;0;0;1491.64;0;0;0;0;0;1491.64;0
3110004;303;02;509805;2023;5;12 - EDUCAÇÃO;361 - ENSINO FUNDAMENTAL;0003 - MANUTENÇÃO DA EDUCAÇÃO BÁSICA;2329 - REMUNERAÇÃO DE ESTAGIÁRIOS;;3.3.90.36.07 - 3.3.90.36.07;1.500.000 - RECURSOS NÃO VINCULADOS DE IMPOSTOS;1001 - IDENTIFICAÇÃO DAS DESPESAS COM MANUTENÇÃO E DESENVOLVIMENTO DO ENSINO;2660;20230530;76320.26;0;0;76320.26;0;76320.26;0;0;0;0;0
3110004;303;02;509805;2023;5;12 - EDUCAÇÃO;122 - ADMINISTRAÇÃO GERAL;0002 - GESTÃO DA SECRETARIA MUNICIPAL DE EDUCAÇÃO;2002 - MANUTENÇÃO DA SECRETARIA;;3.3.90.30.24 - 3.3.90.30.24;1.500.000 - RECURSOS NÃO VINCULADOS DE IMPOSTOS;1001 - IDENTIFICAÇÃO DAS DESPESAS COM MANUTENÇÃO E DESENVOLVIMENTO DO ENSINO;2527;20230529;954.25;0;0;0;0;0;0;0;0;0;954.25
3110004;303;02;509805;2023;5;12 - EDUCAÇÃO;122 - ADMINISTRAÇÃO GERAL;0002 - GESTÃO DA SECRETARIA MUNICIPAL DE EDUCAÇÃO;2002 - MANUTENÇÃO DA SECRETARIA;;3.3.90.14.05 - 3.3.90.14.05;1.500.000 - RECURSOS NÃO VINCULADOS DE IMPOSTOS;1001 - IDENTIFICAÇÃO DAS DESPESAS COM MANUTENÇÃO E DESENVOLVIMENTO DO ENSINO;1985;20230426;0;0;0;23.6;0;23.6;0;0;0;0;-23.6
3110004;303;02;509805;2023;5;12 - EDUCAÇÃO;122 - ADMINISTRAÇÃO GERAL;0002 - GESTÃO DA SECRETARIA MUNICIPAL DE EDUCAÇÃO;2001 - REMUNERAÇÃO PESSOAL DA SECRETARIA;;3.1.90.13.03 - 3.1.90.13.03;1.500.000 - RECURSOS NÃO VINCULADOS DE IMPOSTOS;1001 - IDENTIFICAÇÃO DAS DESPESAS COM MANUTENÇÃO E DESENVOLVIMENTO DO ENSINO;2154;20230426;0;0;0;0;0;8752.07;0;0;0;-8752.07;0
3110004;303;02;509805;2023;5;12 - EDUCAÇÃO;122 - ADMINISTRAÇÃO GERAL;0002 - GESTÃO DA SECRETARIA MUNICIPAL DE EDUCAÇÃO;2002 - MANUTENÇÃO DA SECRETARIA;;3.3.90.32.99 - 3.3.90.32.99;1.500.000 - RECURSOS NÃO VINCULADOS DE IMPOSTOS;1001 - IDENTIFICAÇÃO DAS DESPESAS COM MANUTENÇÃO E DESENVOLVIMENTO DO ENSINO;103;20230102;0;0;0;164713.7;0;164713.7;0;0;0;0;-164713.7
3110004;303;02;509805;2023;6;12 - EDUCAÇÃO;122 - ADMINISTRAÇÃO GERAL;0002 - GESTÃO DA SECRETARIA MUNICIPAL DE EDUCAÇÃO;2002 - MANUTENÇÃO DA SECRETARIA;;3.3.90.39.60 - 3.3.90.39.60;1.500.000 - RECURSOS NÃO VINCULADOS DE IMPOSTOS;1001 - IDENTIFICAÇÃO DAS DESPESAS COM MANUTENÇÃO E DESENVOLVIMENTO DO ENSINO;76;20230102;0;0;0;7365.6;0;7152;0;213.6;0;213.6;-7365.6
3110004;303;02;509805;2023;6;12 - EDUCAÇÃO;122 - ADMINISTRAÇÃO GERAL;0002 - GESTÃO DA SECRETARIA MUNICIPAL DE EDUCAÇÃO;2002 - MANUTENÇÃO DA SECRETARIA;;3.3.90.14.05 - 3.3.90.14.05;1.500.000 - RECURSOS NÃO VINCULADOS DE IMPOSTOS;1001 - IDENTIFICAÇÃO DAS DESPESAS COM MANUTENÇÃO E DESENVOLVIMENTO DO ENSINO;3070;20230628;86.86;0;0;86.86;0;0;0;0;0;86.86;0
3110004;303;02;509805;2023;6;12 - EDUCAÇÃO;122 - ADMINISTRAÇÃO GERAL;0002 - GESTÃO DA SECRETARIA MUNICIPAL DE EDUCAÇÃO;2002 - MANUTENÇÃO DA SECRETARIA;;3.3.90.14.05 - 3.3.90.14.05;1.500.000 - RECURSOS NÃO VINCULADOS DE IMPOSTOS;1001 - IDENTIFICAÇÃO DAS DESPESAS COM MANUTENÇÃO E DESENVOLVIMENTO DO ENSINO;2919;20230613;86.86;0;0;86.86;0;86.86;0;0;0;0;0
3110004;303;02;509805;2023;6;12 - EDUCAÇÃO;365 - EDUCAÇÃO INFANTIL;0003 - MANUTENÇÃO DA EDUCAÇÃO BÁSICA;2006 - MANUTENÇÃO DA EDUCAÇÃO INFANTIL;;3.3.90.32.99 - 3.3.90.32.99;1.500.000 - RECURSOS NÃO VINCULADOS DE IMPOSTOS;1001 - IDENTIFICAÇÃO DAS DESPESAS COM MANUTENÇÃO E DESENVOLVIMENTO DO ENSINO;2973;20230616;31407.75;0;0;0;0;0;0;0;0;0;31407.75
3110004;303;02;509805;2023;6;12 - EDUCAÇÃO;122 - ADMINISTRAÇÃO GERAL;0002 - GESTÃO DA SECRETARIA MUNICIPAL DE EDUCAÇÃO;2001 - REMUNERAÇÃO PESSOAL DA SECRETARIA;;3.3.90.46.00 - 3.3.90.46.00;1.500.000 - RECURSOS NÃO VINCULADOS DE IMPOSTOS;1001 - IDENTIFICAÇÃO DAS DESPESAS COM MANUTENÇÃO E DESENVOLVIMENTO DO ENSINO;97;20230102;0;0;0;86940;0;86940;0;0;0;0;-86940
3110004;303;02;509805;2023;6;12 - EDUCAÇÃO;361 - ENSINO FUNDAMENTAL;0003 - MANUTENÇÃO DA EDUCAÇÃO BÁSICA;1191 - REMUNERAÇÃO DOS PROFISSIONAIS DO ENSINO FUNDAMENTAL;;3.1.90.16.00 - 3.1.90.16.00;1.500.000 - RECURSOS NÃO VINCULADOS DE IMPOSTOS;1001 - IDENTIFICAÇÃO DAS DESPESAS COM MANUTENÇÃO E DESENVOLVIMENTO DO ENSINO;3156;20230628;5151.6;0;0;5151.6;0;4741.41;0;410.19;0;410.19;0
3110004;303;02;509805;2023;6;12 - EDUCAÇÃO;122 - ADMINISTRAÇÃO GERAL;0002 - GESTÃO DA SECRETARIA MUNICIPAL DE EDUCAÇÃO;2002 - MANUTENÇÃO DA SECRETARIA;;3.3.90.14.05 - 3.3.90.14.05;1.500.000 - RECURSOS NÃO VINCULADOS DE IMPOSTOS;1001 - IDENTIFICAÇÃO DAS DESPESAS COM MANUTENÇÃO E DESENVOLVIMENTO DO ENSINO;2904;20230613;86.86;0;0;86.86;0;86.86;0;0;0;0;0
3110004;303;02;509805;2023;6;12 - EDUCAÇÃO;361 - ENSINO FUNDAMENTAL;0003 - MANUTENÇÃO DA EDUCAÇÃO BÁSICA;1191 - REMUNERAÇÃO DOS PROFISSIONAIS DO ENSINO FUNDAMENTAL;;3.1.90.13.01 - 3.1.90.13.01;1.500.000 - RECURSOS NÃO VINCULADOS DE IMPOSTOS;1001 - IDENTIFICAÇÃO DAS DESPESAS COM MANUTENÇÃO E DESENVOLVIMENTO DO ENSINO;2681;20230530;0;0;0;0;0;11152.81;0;0;0;-11152.81;0
3110004;303;02;509805;2023;7;12 - EDUCAÇÃO;361 - ENSINO FUNDAMENTAL;0019 - GESTÃO DO TRANSPORTE ESCOLAR;2042 - REMUNERAÇÃO PESSOAL TRANSPORTE ESCOLAR ENSINO FUNDAMENTAL;;3.1.90.16.00 - 3.1.90.16.00;1.500.000 - RECURSOS NÃO VINCULADOS DE IMPOSTOS;1001 - IDENTIFICAÇÃO DAS DESPESAS COM MANUTENÇÃO E DESENVOLVIMENTO DO ENSINO;3673;20230727;1263.88;0;0;1263.88;0;1263.88;0;0;0;0;0
3110004;303;02;509805;2023;7;12 - EDUCAÇÃO;122 - ADMINISTRAÇÃO GERAL;0002 - GESTÃO DA SECRETARIA MUNICIPAL DE EDUCAÇÃO;2001 - REMUNERAÇÃO PESSOAL DA SECRETARIA;;3.1.90.13.03 - 3.1.90.13.03;1.500.000 - RECURSOS NÃO VINCULADOS DE IMPOSTOS;1001 - IDENTIFICAÇÃO DAS DESPESAS COM MANUTENÇÃO E DESENVOLVIMENTO DO ENSINO;3252;20230628;0;0;0;0;0;10739.38;0;0;0;-10739.38;0
3110004;303;02;509805;2023;7;12 - EDUCAÇÃO;122 - ADMINISTRAÇÃO GERAL;0002 - GESTÃO DA SECRETARIA MUNICIPAL DE EDUCAÇÃO;2001 - REMUNERAÇÃO PESSOAL DA SECRETARIA;;3.1.90.11.09 - 3.1.90.11.09;1.500.000 - RECURSOS NÃO VINCULADOS DE IMPOSTOS;1001 - IDENTIFICAÇÃO DAS DESPESAS COM MANUTENÇÃO E DESENVOLVIMENTO DO ENSINO;3663;20230727;17327.6;0;0;17327.6;0;4432.96;0;12894.64;0;12894.64;0
3110004;303;02;509805;2023;7;12 - EDUCAÇÃO;361 - ENSINO FUNDAMENTAL;0027 - GESTÃO DO CENTRO ESPECIALIZADO DE ATENÇÃO À CRIANÇA E AO ADOLESCENTE;2049 - MANUTENÇÃO DO CEACA;;3.1.90.11.11 - 3.1.90.11.11;1.500.000 - RECURSOS NÃO VINCULADOS DE IMPOSTOS;1001 - IDENTIFICAÇÃO DAS DESPESAS COM MANUTENÇÃO E DESENVOLVIMENTO DO ENSINO;3674;20230727;29442.31;0;0;29442.31;0;24662.96;0;4779.35;0;4779.35;0
3110004;303;02;509805;2023;7;12 - EDUCAÇÃO;122 - ADMINISTRAÇÃO GERAL;0002 - GESTÃO DA SECRETARIA MUNICIPAL DE EDUCAÇÃO;2002 - MANUTENÇÃO DA SECRETARIA;;3.3.90.36.14 - 3.3.90.36.14;1.500.000 - RECURSOS NÃO VINCULADOS DE IMPOSTOS;1001 - IDENTIFICAÇÃO DAS DESPESAS COM MANUTENÇÃO E DESENVOLVIMENTO DO ENSINO;783;20230223;0;0;0;2626.26;0;2587.7;0;38.56;0;38.56;-2626.26
3110004;303;02;509805;2023;7;12 - EDUCAÇÃO;122 - ADMINISTRAÇÃO GERAL;0002 - GESTÃO DA SECRETARIA MUNICIPAL DE EDUCAÇÃO;2002 - MANUTENÇÃO DA SECRETARIA;;3.3.90.30.40 - 3.3.90.30.40;1.500.000 - RECURSOS NÃO VINCULADOS DE IMPOSTOS;1001 - IDENTIFICAÇÃO DAS DESPESAS COM MANUTENÇÃO E DESENVOLVIMENTO DO ENSINO;2526;20230529;0;0;0;2949.95;0;2949.95;0;0;0;0;-2949.95
3110004;303;02;509805;2023;7;12 - EDUCAÇÃO;361 - ENSINO FUNDAMENTAL;0019 - GESTÃO DO TRANSPORTE ESCOLAR;2042 - REMUNERAÇÃO PESSOAL TRANSPORTE ESCOLAR ENSINO FUNDAMENTAL;;3.1.90.04.99 - 3.1.90.04.99;1.500.000 - RECURSOS NÃO VINCULADOS DE IMPOSTOS;1001 - IDENTIFICAÇÃO DAS DESPESAS COM MANUTENÇÃO E DESENVOLVIMENTO DO ENSINO;3672;20230727;3946.79;0;0;3946.79;0;3460.26;0;486.53;0;486.53;0
3110004;303;02;509805;2023;7;12 - EDUCAÇÃO;122 - ADMINISTRAÇÃO GERAL;0002 - GESTÃO DA SECRETARIA MUNICIPAL DE EDUCAÇÃO;2002 - MANUTENÇÃO DA SECRETARIA;;3.3.90.14.05 - 3.3.90.14.05;1.500.000 - RECURSOS NÃO VINCULADOS DE IMPOSTOS;1001 - IDENTIFICAÇÃO DAS DESPESAS COM MANUTENÇÃO E DESENVOLVIMENTO DO ENSINO;3482;20230712;173.72;0;0;173.72;0;173.72;0;0;0;0;0
3110004;303;02;509805;2023;7;12 - EDUCAÇÃO;365 - EDUCAÇÃO INFANTIL;0003 - MANUTENÇÃO DA EDUCAÇÃO BÁSICA;2006 - MANUTENÇÃO DA EDUCAÇÃO INFANTIL;;3.3.90.30.21 - 3.3.90.30.21;1.500.000 - RECURSOS NÃO VINCULADOS DE IMPOSTOS;1001 - IDENTIFICAÇÃO DAS DESPESAS COM MANUTENÇÃO E DESENVOLVIMENTO DO ENSINO;3597;20230724;6067.5;0;0;0;0;0;0;0;0;0;6067.5
3110004;303;02;509805;2023;8;12 - EDUCAÇÃO;122 - ADMINISTRAÇÃO GERAL;0002 - GESTÃO DA SECRETARIA MUNICIPAL DE EDUCAÇÃO;2001 - REMUNERAÇÃO PESSOAL DA SECRETARIA;;3.1.90.94.01 - 3.1.90.94.01;1.500.000 - RECURSOS NÃO VINCULADOS DE IMPOSTOS;1001 - IDENTIFICAÇÃO DAS DESPESAS COM MANUTENÇÃO E DESENVOLVIMENTO DO ENSINO;4100;20230823;942.18;0;0;942.18;0;0;0;0;0;942.18;0
3110004;303;02;509805;2023;8;12 - EDUCAÇÃO;122 - ADMINISTRAÇÃO GERAL;0002 - GESTÃO DA SECRETARIA MUNICIPAL DE EDUCAÇÃO;2002 - MANUTENÇÃO DA SECRETARIA;;3.3.90.49.00 - 3.3.90.49.00;1.500.000 - RECURSOS NÃO VINCULADOS DE IMPOSTOS;1001 - IDENTIFICAÇÃO DAS DESPESAS COM MANUTENÇÃO E DESENVOLVIMENTO DO ENSINO;55;20230102;0;0;0;1436.4;0;1436.4;0;0;0;0;-1436.4
3110004;303;02;509805;2023;8;12 - EDUCAÇÃO;361 - ENSINO FUNDAMENTAL;0027 - GESTÃO DO CENTRO ESPECIALIZADO DE ATENÇÃO À CRIANÇA E AO ADOLESCENTE;2049 - MANUTENÇÃO DO CEACA;;3.1.90.13.01 - 3.1.90.13.01;1.500.000 - RECURSOS NÃO VINCULADOS DE IMPOSTOS;1001 - IDENTIFICAÇÃO DAS DESPESAS COM MANUTENÇÃO E DESENVOLVIMENTO DO ENSINO;3775;20230727;0;0;0;0;0;1973.06;0;0;0;-1973.06;0
3110004;303;02;509805;2023;8;12 - EDUCAÇÃO;361 - ENSINO FUNDAMENTAL;0003 - MANUTENÇÃO DA EDUCAÇÃO BÁSICA;2062 - MANUTENÇÃO DO ENSINO FUNDAMENTAL;;3.1.90.13.03 - 3.1.90.13.03;1.500.000 - RECURSOS NÃO VINCULADOS DE IMPOSTOS;1001 - IDENTIFICAÇÃO DAS DESPESAS COM MANUTENÇÃO E DESENVOLVIMENTO DO ENSINO;4294;20230828;12880.29;0;0;12880.29;0;0;0;0;0;12880.29;0
3110004;303;02;509805;2023;8;12 - EDUCAÇÃO;122 - ADMINISTRAÇÃO GERAL;0002 - GESTÃO DA SECRETARIA MUNICIPAL DE EDUCAÇÃO;2002 - MANUTENÇÃO DA SECRETARIA;;3.3.90.39.29 - 3.3.90.39.29;1.500.000 - RECURSOS NÃO VINCULADOS DE IMPOSTOS;1001 - IDENTIFICAÇÃO DAS DESPESAS COM MANUTENÇÃO E DESENVOLVIMENTO DO ENSINO;79;20230102;0;0;0;47.31;0;47.31;0;0;0;0;-47.31
3110004;303;02;509805;2023;8;12 - EDUCAÇÃO;365 - EDUCAÇÃO INFANTIL;0019 - GESTÃO DO TRANSPORTE ESCOLAR;2454 - MANUTENÇÃO TRANSPORTE ESCOLAR EDUCAÇÃO INFANTIL;;3.3.90.39.57 - 3.3.90.39.57;1.500.000 - RECURSOS NÃO VINCULADOS DE IMPOSTOS;1001 - IDENTIFICAÇÃO DAS DESPESAS COM MANUTENÇÃO E DESENVOLVIMENTO DO ENSINO;3468;20230711;0;0;0;58320;0;54558.36;0;3761.64;0;3761.64;-58320
3110004;303;02;509805;2023;8;12 - EDUCAÇÃO;361 - ENSINO FUNDAMENTAL;0003 - MANUTENÇÃO DA EDUCAÇÃO BÁSICA;2062 - MANUTENÇÃO DO ENSINO FUNDAMENTAL;;3.1.90.13.01 - 3.1.90.13.01;1.500.000 - RECURSOS NÃO VINCULADOS DE IMPOSTOS;1001 - IDENTIFICAÇÃO DAS DESPESAS COM MANUTENÇÃO E DESENVOLVIMENTO DO ENSINO;3772;20230727;0;0;0;0;0;1912.4;0;0;0;-1912.4;0
3110004;303;02;509805;2023;12;12 - EDUCAÇÃO;122 - ADMINISTRAÇÃO GERAL;0002 - GESTÃO DA SECRETARIA MUNICIPAL DE EDUCAÇÃO;2002 - MANUTENÇÃO DA SECRETARIA;;3.3.90.40.02 - 3.3.90.40.02;1.500.000 - RECURSOS NÃO VINCULADOS DE IMPOSTOS;1001 - IDENTIFICAÇÃO DAS DESPESAS COM MANUTENÇÃO E DESENVOLVIMENTO DO ENSINO;2356;20230510;0;0;2368.79;789.59;0;789.59;0;0;0;0;-3158.38
3110004;303;02;509805;2023;10;12 - EDUCAÇÃO;361 - ENSINO FUNDAMENTAL;0003 - MANUTENÇÃO DA EDUCAÇÃO BÁSICA;2062 - MANUTENÇÃO DO ENSINO FUNDAMENTAL;;3.1.90.13.03 - 3.1.90.13.03;1.500.000 - RECURSOS NÃO VINCULADOS DE IMPOSTOS;1001 - IDENTIFICAÇÃO DAS DESPESAS COM MANUTENÇÃO E DESENVOLVIMENTO DO ENSINO;5486;20231031;12649.52;0;0;12649.52;0;0;0;0;0;12649.52;0
3110004;303;02;509805;2023;12;12 - EDUCAÇÃO;361 - ENSINO FUNDAMENTAL;0003 - MANUTENÇÃO DA EDUCAÇÃO BÁSICA;2062 - MANUTENÇÃO DO ENSINO FUNDAMENTAL;;3.1.90.13.01 - 3.1.90.13.01;1.500.000 - RECURSOS NÃO VINCULADOS DE IMPOSTOS;1001 - IDENTIFICAÇÃO DAS DESPESAS COM MANUTENÇÃO E DESENVOLVIMENTO DO ENSINO;5934;20231129;0;0;0;0;0;1974.29;0;0;0;-1974.29;0
3110004;303;02;509805;2023;9;12 - EDUCAÇÃO;361 - ENSINO FUNDAMENTAL;0003 - MANUTENÇÃO DA EDUCAÇÃO BÁSICA;1191 - REMUNERAÇÃO DOS PROFISSIONAIS DO ENSINO FUNDAMENTAL;;3.1.90.94.01 - 3.1.90.94.01;1.500.000 - RECURSOS NÃO VINCULADOS DE IMPOSTOS;1001 - IDENTIFICAÇÃO DAS DESPESAS COM MANUTENÇÃO E DESENVOLVIMENTO DO ENSINO;4638;20230922;3813.17;0;0;3813.17;0;3813.17;0;0;0;0;0
3110004;303;02;509805;2023;11;12 - EDUCAÇÃO;122 - ADMINISTRAÇÃO GERAL;0002 - GESTÃO DA SECRETARIA MUNICIPAL DE EDUCAÇÃO;2002 - MANUTENÇÃO DA SECRETARIA;;3.3.90.14.05 - 3.3.90.14.05;1.500.000 - RECURSOS NÃO VINCULADOS DE IMPOSTOS;1001 - IDENTIFICAÇÃO DAS DESPESAS COM MANUTENÇÃO E DESENVOLVIMENTO DO ENSINO;5337;20231030;0;0;0;0;0;43.43;0;0;0;-43.43;0
3110004;303;02;509805;2023;9;12 - EDUCAÇÃO;361 - ENSINO FUNDAMENTAL;0003 - MANUTENÇÃO DA EDUCAÇÃO BÁSICA;2329 - REMUNERAÇÃO DE ESTAGIÁRIOS;;3.3.90.36.07 - 3.3.90.36.07;1.500.000 - RECURSOS NÃO VINCULADOS DE IMPOSTOS;1001 - IDENTIFICAÇÃO DAS DESPESAS COM MANUTENÇÃO E DESENVOLVIMENTO DO ENSINO;4839;20230927;61482.61;0;0;61482.61;0;61482.61;0;0;0;0;0
3110004;303;02;509805;2023;9;12 - EDUCAÇÃO;361 - ENSINO FUNDAMENTAL;0013 - TRANSFERÊNCIA AS CAIXAS ESCOLARES;2032 - CONTRIBUIÇÃO AS ESCOLAS MUNICIPAIS;;3.3.50.41.00 - 3.3.50.41.00;1.500.000 - RECURSOS NÃO VINCULADOS DE IMPOSTOS;1001 - IDENTIFICAÇÃO DAS DESPESAS COM MANUTENÇÃO E DESENVOLVIMENTO DO ENSINO;4717;20230927;4900;0;0;4900;0;0;0;0;0;4900;0
3110004;303;02;509805;2023;9;12 - EDUCAÇÃO;365 - EDUCAÇÃO INFANTIL;0003 - MANUTENÇÃO DA EDUCAÇÃO BÁSICA;2006 - MANUTENÇÃO DA EDUCAÇÃO INFANTIL;;3.3.90.30.22 - 3.3.90.30.22;1.500.000 - RECURSOS NÃO VINCULADOS DE IMPOSTOS;1001 - IDENTIFICAÇÃO DAS DESPESAS COM MANUTENÇÃO E DESENVOLVIMENTO DO ENSINO;4669;20230922;7785.1;0;0;0;0;0;0;0;0;0;7785.1
3110004;303;02;509805;2023;10;12 - EDUCAÇÃO;361 - ENSINO FUNDAMENTAL;0003 - MANUTENÇÃO DA EDUCAÇÃO BÁSICA;2062 - MANUTENÇÃO DO ENSINO FUNDAMENTAL;;3.3.90.32.99 - 3.3.90.32.99;1.500.000 - RECURSOS NÃO VINCULADOS DE IMPOSTOS;1001 - IDENTIFICAÇÃO DAS DESPESAS COM MANUTENÇÃO E DESENVOLVIMENTO DO ENSINO;4395;20230901;0;0;0;172493.75;0;170423.82;0;2069.93;0;2069.93;-172493.75
3110004;303;02;509805;2023;10;12 - EDUCAÇÃO;122 - ADMINISTRAÇÃO GERAL;0002 - GESTÃO DA SECRETARIA MUNICIPAL DE EDUCAÇÃO;2002 - MANUTENÇÃO DA SECRETARIA;;3.3.90.39.13 - 3.3.90.39.13;1.500.000 - RECURSOS NÃO VINCULADOS DE IMPOSTOS;1001 - IDENTIFICAÇÃO DAS DESPESAS COM MANUTENÇÃO E DESENVOLVIMENTO DO ENSINO;3462;20230711;0;0;0;9583;0;9123.02;0;459.98;0;459.98;-9583
3110004;303;02;509805;2023;9;12 - EDUCAÇÃO;122 - ADMINISTRAÇÃO GERAL;0002 - GESTÃO DA SECRETARIA MUNICIPAL DE EDUCAÇÃO;2002 - MANUTENÇÃO DA SECRETARIA;;3.3.90.14.05 - 3.3.90.14.05;1.500.000 - RECURSOS NÃO VINCULADOS DE IMPOSTOS;1001 - IDENTIFICAÇÃO DAS DESPESAS COM MANUTENÇÃO E DESENVOLVIMENTO DO ENSINO;4431;20230901;43.43;0;0;43.43;0;43.43;0;0;0;0;0
3110004;303;02;509805;2023;9;12 - EDUCAÇÃO;361 - ENSINO FUNDAMENTAL;0013 - TRANSFERÊNCIA AS CAIXAS ESCOLARES;2032 - CONTRIBUIÇÃO AS ESCOLAS MUNICIPAIS;;3.3.50.41.00 - 3.3.50.41.00;1.500.000 - RECURSOS NÃO VINCULADOS DE IMPOSTOS;1001 - IDENTIFICAÇÃO DAS DESPESAS COM MANUTENÇÃO E DESENVOLVIMENTO DO ENSINO;4712;20230927;3000;0;0;3000;0;0;0;0;0;3000;0
3110004;303;02;509805;2023;9;12 - EDUCAÇÃO;365 - EDUCAÇÃO INFANTIL;0221 - MANUTENÇÃO DA EDUCAÇÃO BÁSICA;2407 - REMUNERAÇÃO PESSOAL EDUCAÇÃO INFANTILCRECHE;;3.1.90.11.11 - 3.1.90.11.11;1.500.000 - RECURSOS NÃO VINCULADOS DE IMPOSTOS;1001 - IDENTIFICAÇÃO DAS DESPESAS COM MANUTENÇÃO E DESENVOLVIMENTO DO ENSINO;4772;20230927;5583.23;0;0;5583.23;0;4348.8;0;1234.43;0;1234.43;0
3110004;303;02;509805;2023;11;12 - EDUCAÇÃO;122 - ADMINISTRAÇÃO GERAL;0002 - GESTÃO DA SECRETARIA MUNICIPAL DE EDUCAÇÃO;2002 - MANUTENÇÃO DA SECRETARIA;;3.3.90.40.02 - 3.3.90.40.02;1.500.000 - RECURSOS NÃO VINCULADOS DE IMPOSTOS;1001 - IDENTIFICAÇÃO DAS DESPESAS COM MANUTENÇÃO E DESENVOLVIMENTO DO ENSINO;2356;20230510;0;0;0;789.59;0;1579.18;0;0;0;-789.59;-789.59
3110004;303;02;509805;2023;12;12 - EDUCAÇÃO;122 - ADMINISTRAÇÃO GERAL;0002 - GESTÃO DA SECRETARIA MUNICIPAL DE EDUCAÇÃO;2002 - MANUTENÇÃO DA SECRETARIA;;3.3.90.14.05 - 3.3.90.14.05;1.500.000 - RECURSOS NÃO VINCULADOS DE IMPOSTOS;1001 - IDENTIFICAÇÃO DAS DESPESAS COM MANUTENÇÃO E DESENVOLVIMENTO DO ENSINO;6115;20231204;86.86;0;0;86.86;0;86.86;0;0;0;0;0
3110004;303;02;509805;2023;12;12 - EDUCAÇÃO;361 - ENSINO FUNDAMENTAL;0003 - MANUTENÇÃO DA EDUCAÇÃO BÁSICA;1191 - REMUNERAÇÃO DOS PROFISSIONAIS DO ENSINO FUNDAMENTAL;;3.1.90.94.01 - 3.1.90.94.01;1.500.000 - RECURSOS NÃO VINCULADOS DE IMPOSTOS;1001 - IDENTIFICAÇÃO DAS DESPESAS COM MANUTENÇÃO E DESENVOLVIMENTO DO ENSINO;6093;20231204;3256.19;0;0;3256.19;0;3256.19;0;0;0;0;0
3110004;303;02;509805;2023;12;12 - EDUCAÇÃO;122 - ADMINISTRAÇÃO GERAL;0002 - GESTÃO DA SECRETARIA MUNICIPAL DE EDUCAÇÃO;2001 - REMUNERAÇÃO PESSOAL DA SECRETARIA;;3.1.90.11.09 - 3.1.90.11.09;1.500.000 - RECURSOS NÃO VINCULADOS DE IMPOSTOS;1001 - IDENTIFICAÇÃO DAS DESPESAS COM MANUTENÇÃO E DESENVOLVIMENTO DO ENSINO;7262;20231228;9451.42;0;0;9451.42;0;6395.64;0;3055.78;0;3055.78;0
3110004;303;02;509805;2023;12;12 - EDUCAÇÃO;361 - ENSINO FUNDAMENTAL;0003 - MANUTENÇÃO DA EDUCAÇÃO BÁSICA;1191 - REMUNERAÇÃO DOS PROFISSIONAIS DO ENSINO FUNDAMENTAL;;3.1.90.04.99 - 3.1.90.04.99;1.500.000 - RECURSOS NÃO VINCULADOS DE IMPOSTOS;1001 - IDENTIFICAÇÃO DAS DESPESAS COM MANUTENÇÃO E DESENVOLVIMENTO DO ENSINO;6232;20231214;51371.34;0;0;51371.34;0;47160.65;0;4210.69;0;4210.69;0
3110004;303;02;509805;2023;12;12 - EDUCAÇÃO;122 - ADMINISTRAÇÃO GERAL;0002 - GESTÃO DA SECRETARIA MUNICIPAL DE EDUCAÇÃO;2002 - MANUTENÇÃO DA SECRETARIA;;3.3.90.40.02 - 3.3.90.40.02;1.500.000 - RECURSOS NÃO VINCULADOS DE IMPOSTOS;1001 - IDENTIFICAÇÃO DAS DESPESAS COM MANUTENÇÃO E DESENVOLVIMENTO DO ENSINO;7188;20231222;3500;0;0;0;0;0;0;0;0;0;3500
3110004;303;02;509805;2023;11;12 - EDUCAÇÃO;361 - ENSINO FUNDAMENTAL;0003 - MANUTENÇÃO DA EDUCAÇÃO BÁSICA;2329 - REMUNERAÇÃO DE ESTAGIÁRIOS;;3.3.90.36.07 - 3.3.90.36.07;1.500.000 - RECURSOS NÃO VINCULADOS DE IMPOSTOS;1001 - IDENTIFICAÇÃO DAS DESPESAS COM MANUTENÇÃO E DESENVOLVIMENTO DO ENSINO;5898;20231129;62578.19;0;0;62578.19;0;62578.19;0;0;0;0;0
3110004;303;02;509805;2023;12;12 - EDUCAÇÃO;365 - EDUCAÇÃO INFANTIL;0019 - GESTÃO DO TRANSPORTE ESCOLAR;2454 - MANUTENÇÃO TRANSPORTE ESCOLAR EDUCAÇÃO INFANTIL;;3.3.90.39.53 - 3.3.90.39.53;1.500.000 - RECURSOS NÃO VINCULADOS DE IMPOSTOS;1001 - IDENTIFICAÇÃO DAS DESPESAS COM MANUTENÇÃO E DESENVOLVIMENTO DO ENSINO;5676;20231116;0;0;0;2884;0;2884;0;0;0;0;-2884
3110004;303;02;509805;2023;12;12 - EDUCAÇÃO;365 - EDUCAÇÃO INFANTIL;0221 - MANUTENÇÃO DA EDUCAÇÃO BÁSICA;2407 - REMUNERAÇÃO PESSOAL EDUCAÇÃO INFANTILCRECHE;;3.1.90.13.03 - 3.1.90.13.03;1.500.000 - RECURSOS NÃO VINCULADOS DE IMPOSTOS;1001 - IDENTIFICAÇÃO DAS DESPESAS COM MANUTENÇÃO E DESENVOLVIMENTO DO ENSINO;7378;20231228;52127.15;0;0;52127.15;0;0;0;4814.5;0;52127.15;0
3110004;303;02;509805;2023;10;12 - EDUCAÇÃO;361 - ENSINO FUNDAMENTAL;0019 - GESTÃO DO TRANSPORTE ESCOLAR;2042 - REMUNERAÇÃO PESSOAL TRANSPORTE ESCOLAR ENSINO FUNDAMENTAL;;3.1.90.13.03 - 3.1.90.13.03;1.500.000 - RECURSOS NÃO VINCULADOS DE IMPOSTOS;1001 - IDENTIFICAÇÃO DAS DESPESAS COM MANUTENÇÃO E DESENVOLVIMENTO DO ENSINO;4872;20230927;0;0;0;0;0;1596.93;0;0;0;-1596.93;0
3110004;303;02;509805;2023;10;12 - EDUCAÇÃO;365 - EDUCAÇÃO INFANTIL;0221 - MANUTENÇÃO DA EDUCAÇÃO BÁSICA;2407 - REMUNERAÇÃO PESSOAL EDUCAÇÃO INFANTILCRECHE;;3.1.90.13.03 - 3.1.90.13.03;1.500.000 - RECURSOS NÃO VINCULADOS DE IMPOSTOS;1001 - IDENTIFICAÇÃO DAS DESPESAS COM MANUTENÇÃO E DESENVOLVIMENTO DO ENSINO;4876;20230927;0;0;0;0;0;1187.99;0;0;0;-1187.99;0
3110004;303;02;509805;2023;11;12 - EDUCAÇÃO;361 - ENSINO FUNDAMENTAL;0003 - MANUTENÇÃO DA EDUCAÇÃO BÁSICA;1191 - REMUNERAÇÃO DOS PROFISSIONAIS DO ENSINO FUNDAMENTAL;;3.1.90.13.03 - 3.1.90.13.03;1.500.000 - RECURSOS NÃO VINCULADOS DE IMPOSTOS;1001 - IDENTIFICAÇÃO DAS DESPESAS COM MANUTENÇÃO E DESENVOLVIMENTO DO ENSINO;5933;20231129;125616.5;0;0;125616.5;0;0;0;2288.69;0;125616.5;0
3110004;303;02;509805;2023;11;12 - EDUCAÇÃO;361 - ENSINO FUNDAMENTAL;0019 - GESTÃO DO TRANSPORTE ESCOLAR;2041 - MANUTENÇÃO TRANSPORTE ESCOLAR DO ENSINO FUNDAMENTAL;;3.3.90.39.99 - 3.3.90.39.99;1.500.000 - RECURSOS NÃO VINCULADOS DE IMPOSTOS;1001 - IDENTIFICAÇÃO DAS DESPESAS COM MANUTENÇÃO E DESENVOLVIMENTO DO ENSINO;5674;20231116;40000;0;0;0;0;0;0;0;0;0;40000
3110004;303;02;509805;2023;9;12 - EDUCAÇÃO;361 - ENSINO FUNDAMENTAL;0003 - MANUTENÇÃO DA EDUCAÇÃO BÁSICA;2062 - MANUTENÇÃO DO ENSINO FUNDAMENTAL;;3.3.90.30.22 - 3.3.90.30.22;1.500.000 - RECURSOS NÃO VINCULADOS DE IMPOSTOS;1001 - IDENTIFICAÇÃO DAS DESPESAS COM MANUTENÇÃO E DESENVOLVIMENTO DO ENSINO;4672;20230922;4465.58;0;0;0;0;0;0;0;0;0;4465.58
3110004;303;02;509805;2023;9;12 - EDUCAÇÃO;122 - ADMINISTRAÇÃO GERAL;0002 - GESTÃO DA SECRETARIA MUNICIPAL DE EDUCAÇÃO;2002 - MANUTENÇÃO DA SECRETARIA;;3.3.90.39.43 - 3.3.90.39.43;1.500.000 - RECURSOS NÃO VINCULADOS DE IMPOSTOS;1001 - IDENTIFICAÇÃO DAS DESPESAS COM MANUTENÇÃO E DESENVOLVIMENTO DO ENSINO;2286;20230505;0;0;0;1856.01;0;1766.92;0;89.09;0;89.09;-1856.01
3110004;303;02;509805;2023;10;12 - EDUCAÇÃO;365 - EDUCAÇÃO INFANTIL;0019 - GESTÃO DO TRANSPORTE ESCOLAR;2454 - MANUTENÇÃO TRANSPORTE ESCOLAR EDUCAÇÃO INFANTIL;;3.3.90.39.57 - 3.3.90.39.57;1.500.000 - RECURSOS NÃO VINCULADOS DE IMPOSTOS;1001 - IDENTIFICAÇÃO DAS DESPESAS COM MANUTENÇÃO E DESENVOLVIMENTO DO ENSINO;3468;20230711;0;0;0;62104.32;0;58098.59;0;4005.73;0;4005.73;-62104.32
3110004;303;02;509805;2023;10;12 - EDUCAÇÃO;122 - ADMINISTRAÇÃO GERAL;0002 - GESTÃO DA SECRETARIA MUNICIPAL DE EDUCAÇÃO;2002 - MANUTENÇÃO DA SECRETARIA;;3.3.90.49.00 - 3.3.90.49.00;1.500.000 - RECURSOS NÃO VINCULADOS DE IMPOSTOS;1001 - IDENTIFICAÇÃO DAS DESPESAS COM MANUTENÇÃO E DESENVOLVIMENTO DO ENSINO;55;20230102;0;0;0;1360.8;0;1360.8;0;0;0;0;-1360.8
3110004;303;02;509805;2023;11;12 - EDUCAÇÃO;361 - ENSINO FUNDAMENTAL;0003 - MANUTENÇÃO DA EDUCAÇÃO BÁSICA;2062 - MANUTENÇÃO DO ENSINO FUNDAMENTAL;;3.1.90.13.01 - 3.1.90.13.01;1.500.000 - RECURSOS NÃO VINCULADOS DE IMPOSTOS;1001 - IDENTIFICAÇÃO DAS DESPESAS COM MANUTENÇÃO E DESENVOLVIMENTO DO ENSINO;5485;20231031;0;0;0;0;0;1958.72;0;0;0;-1958.72;0
3110004;303;02;509805;2023;11;12 - EDUCAÇÃO;122 - ADMINISTRAÇÃO GERAL;0002 - GESTÃO DA SECRETARIA MUNICIPAL DE EDUCAÇÃO;2002 - MANUTENÇÃO DA SECRETARIA;;3.3.90.14.05 - 3.3.90.14.05;1.500.000 - RECURSOS NÃO VINCULADOS DE IMPOSTOS;1001 - IDENTIFICAÇÃO DAS DESPESAS COM MANUTENÇÃO E DESENVOLVIMENTO DO ENSINO;5336;20231030;0;0;0;0;0;86.86;0;0;0;-86.86;0
3110004;303;02;509805;2023;12;12 - EDUCAÇÃO;361 - ENSINO FUNDAMENTAL;0003 - MANUTENÇÃO DA EDUCAÇÃO BÁSICA;1191 - REMUNERAÇÃO DOS PROFISSIONAIS DO ENSINO FUNDAMENTAL;;3.1.90.94.01 - 3.1.90.94.01;1.500.000 - RECURSOS NÃO VINCULADOS DE IMPOSTOS;1001 - IDENTIFICAÇÃO DAS DESPESAS COM MANUTENÇÃO E DESENVOLVIMENTO DO ENSINO;7225;20231222;8458.66;0;0;8458.66;0;8458.66;0;0;0;0;0
3110004;303;02;509805;2023;12;12 - EDUCAÇÃO;361 - ENSINO FUNDAMENTAL;0003 - MANUTENÇÃO DA EDUCAÇÃO BÁSICA;1191 - REMUNERAÇÃO DOS PROFISSIONAIS DO ENSINO FUNDAMENTAL;;3.1.90.13.03 - 3.1.90.13.03;1.500.000 - RECURSOS NÃO VINCULADOS DE IMPOSTOS;1001 - IDENTIFICAÇÃO DAS DESPESAS COM MANUTENÇÃO E DESENVOLVIMENTO DO ENSINO;6310;20231214;249796.88;0;0;249796.88;0;247503.58;0;2293.3;0;2293.3;0
3110004;303;02;509805;2023;12;12 - EDUCAÇÃO;365 - EDUCAÇÃO INFANTIL;0003 - MANUTENÇÃO DA EDUCAÇÃO BÁSICA;1189 - REMUNERAÇÃO DOS PROFISSIONAIS QUE ATUAM NO PROGRAMA DE EDUCAÇÃO INFANTIL;;3.1.90.13.03 - 3.1.90.13.03;1.500.000 - RECURSOS NÃO VINCULADOS DE IMPOSTOS;1001 - IDENTIFICAÇÃO DAS DESPESAS COM MANUTENÇÃO E DESENVOLVIMENTO DO ENSINO;7376;20231228;33163.46;0;0;33163.46;0;0;0;43.86;0;33163.46;0
3110004;303;02;509805;2023;10;12 - EDUCAÇÃO;361 - ENSINO FUNDAMENTAL;0019 - GESTÃO DO TRANSPORTE ESCOLAR;2041 - MANUTENÇÃO TRANSPORTE ESCOLAR DO ENSINO FUNDAMENTAL;;3.3.90.39.99 - 3.3.90.39.99;1.500.000 - RECURSOS NÃO VINCULADOS DE IMPOSTOS;1001 - IDENTIFICAÇÃO DAS DESPESAS COM MANUTENÇÃO E DESENVOLVIMENTO DO ENSINO;3112;20230628;0;0;0;7225.42;0;7208.08;0;17.34;0;17.34;-7225.42
3110004;303;02;509805;2023;11;12 - EDUCAÇÃO;122 - ADMINISTRAÇÃO GERAL;0002 - GESTÃO DA SECRETARIA MUNICIPAL DE EDUCAÇÃO;2002 - MANUTENÇÃO DA SECRETARIA;;3.3.90.14.05 - 3.3.90.14.05;1.500.000 - RECURSOS NÃO VINCULADOS DE IMPOSTOS;1001 - IDENTIFICAÇÃO DAS DESPESAS COM MANUTENÇÃO E DESENVOLVIMENTO DO ENSINO;5636;20231109;86.86;0;0;86.86;0;86.86;0;0;0;0;0
3110004;303;02;509805;2023;9;12 - EDUCAÇÃO;122 - ADMINISTRAÇÃO GERAL;0002 - GESTÃO DA SECRETARIA MUNICIPAL DE EDUCAÇÃO;2002 - MANUTENÇÃO DA SECRETARIA;;3.3.90.36.14 - 3.3.90.36.14;1.500.000 - RECURSOS NÃO VINCULADOS DE IMPOSTOS;1001 - IDENTIFICAÇÃO DAS DESPESAS COM MANUTENÇÃO E DESENVOLVIMENTO DO ENSINO;783;20230223;0;0;0;2626.26;0;2626.26;0;0;0;0;-2626.26
3110004;303;02;509805;2023;10;12 - EDUCAÇÃO;361 - ENSINO FUNDAMENTAL;0003 - MANUTENÇÃO DA EDUCAÇÃO BÁSICA;2062 - MANUTENÇÃO DO ENSINO FUNDAMENTAL;;3.3.90.30.22 - 3.3.90.30.22;1.500.000 - RECURSOS NÃO VINCULADOS DE IMPOSTOS;1001 - IDENTIFICAÇÃO DAS DESPESAS COM MANUTENÇÃO E DESENVOLVIMENTO DO ENSINO;4682;20230925;0;0;0;1977.6;0;1953.87;0;23.73;0;23.73;-1977.6
3110004;303;02;509805;2023;12;12 - EDUCAÇÃO;365 - EDUCAÇÃO INFANTIL;0221 - MANUTENÇÃO DA EDUCAÇÃO BÁSICA;2407 - REMUNERAÇÃO PESSOAL EDUCAÇÃO INFANTILCRECHE;;3.1.90.13.03 - 3.1.90.13.03;1.500.000 - RECURSOS NÃO VINCULADOS DE IMPOSTOS;1001 - IDENTIFICAÇÃO DAS DESPESAS COM MANUTENÇÃO E DESENVOLVIMENTO DO ENSINO;5940;20231129;0;0;0;0;0;1187.99;0;0;0;-1187.99;0
3110004;303;02;509805;2023;12;12 - EDUCAÇÃO;361 - ENSINO FUNDAMENTAL;0003 - MANUTENÇÃO DA EDUCAÇÃO BÁSICA;1191 - REMUNERAÇÃO DOS PROFISSIONAIS DO ENSINO FUNDAMENTAL;;3.1.90.94.01 - 3.1.90.94.01;1.500.000 - RECURSOS NÃO VINCULADOS DE IMPOSTOS;1001 - IDENTIFICAÇÃO DAS DESPESAS COM MANUTENÇÃO E DESENVOLVIMENTO DO ENSINO;7229;20231222;6153.07;0;0;6153.07;0;6153.07;0;0;0;0;0
3110004;303;02;509805;2023;9;12 - EDUCAÇÃO;361 - ENSINO FUNDAMENTAL;0003 - MANUTENÇÃO DA EDUCAÇÃO BÁSICA;2062 - MANUTENÇÃO DO ENSINO FUNDAMENTAL;;3.1.90.13.01 - 3.1.90.13.01;1.500.000 - RECURSOS NÃO VINCULADOS DE IMPOSTOS;1001 - IDENTIFICAÇÃO DAS DESPESAS COM MANUTENÇÃO E DESENVOLVIMENTO DO ENSINO;4293;20230828;0;0;0;0;0;2039.84;0;0;0;-2039.84;0
3110004;303;02;509805;2023;9;12 - EDUCAÇÃO;361 - ENSINO FUNDAMENTAL;0027 - GESTÃO DO CENTRO ESPECIALIZADO DE ATENÇÃO À CRIANÇA E AO ADOLESCENTE;2049 - MANUTENÇÃO DO CEACA;;3.1.90.13.01 - 3.1.90.13.01;1.500.000 - RECURSOS NÃO VINCULADOS DE IMPOSTOS;1001 - IDENTIFICAÇÃO DAS DESPESAS COM MANUTENÇÃO E DESENVOLVIMENTO DO ENSINO;4873;20230927;1973.81;0;0;1973.81;0;0;0;0;0;1973.81;0
3110004;303;02;509805;2023;10;12 - EDUCAÇÃO;122 - ADMINISTRAÇÃO GERAL;0002 - GESTÃO DA SECRETARIA MUNICIPAL DE EDUCAÇÃO;2002 - MANUTENÇÃO DA SECRETARIA;;3.3.90.14.05 - 3.3.90.14.05;1.500.000 - RECURSOS NÃO VINCULADOS DE IMPOSTOS;1001 - IDENTIFICAÇÃO DAS DESPESAS COM MANUTENÇÃO E DESENVOLVIMENTO DO ENSINO;5338;20231030;43.43;0;0;43.43;0;0;0;0;0;43.43;0
3110004;303;02;509805;2023;10;12 - EDUCAÇÃO;365 - EDUCAÇÃO INFANTIL;0221 - MANUTENÇÃO DA EDUCAÇÃO BÁSICA;2407 - REMUNERAÇÃO PESSOAL EDUCAÇÃO INFANTILCRECHE;;3.1.90.13.03 - 3.1.90.13.03;1.500.000 - RECURSOS NÃO VINCULADOS DE IMPOSTOS;1001 - IDENTIFICAÇÃO DAS DESPESAS COM MANUTENÇÃO E DESENVOLVIMENTO DO ENSINO;5491;20231031;1247.81;0;0;1247.81;0;0;0;59.82;0;1247.81;0
3110004;303;02;509805;2023;10;12 - EDUCAÇÃO;122 - ADMINISTRAÇÃO GERAL;0002 - GESTÃO DA SECRETARIA MUNICIPAL DE EDUCAÇÃO;2001 - REMUNERAÇÃO PESSOAL DA SECRETARIA;;3.1.90.13.01 - 3.1.90.13.01;1.500.000 - RECURSOS NÃO VINCULADOS DE IMPOSTOS;1001 - IDENTIFICAÇÃO DAS DESPESAS COM MANUTENÇÃO E DESENVOLVIMENTO DO ENSINO;4864;20230927;0;0;0;0;0;2713.03;0;0;0;-2713.03;0
3110004;303;02;509805;2023;12;12 - EDUCAÇÃO;361 - ENSINO FUNDAMENTAL;0003 - MANUTENÇÃO DA EDUCAÇÃO BÁSICA;2062 - MANUTENÇÃO DO ENSINO FUNDAMENTAL;;3.1.90.13.03 - 3.1.90.13.03;1.500.000 - RECURSOS NÃO VINCULADOS DE IMPOSTOS;1001 - IDENTIFICAÇÃO DAS DESPESAS COM MANUTENÇÃO E DESENVOLVIMENTO DO ENSINO;7371;20231228;10969.4;0;0;10969.4;0;0;0;0;0;10969.4;0
3110004;303;02;509805;2023;12;12 - EDUCAÇÃO;122 - ADMINISTRAÇÃO GERAL;0002 - GESTÃO DA SECRETARIA MUNICIPAL DE EDUCAÇÃO;2002 - MANUTENÇÃO DA SECRETARIA;;3.3.90.49.00 - 3.3.90.49.00;1.500.000 - RECURSOS NÃO VINCULADOS DE IMPOSTOS;1001 - IDENTIFICAÇÃO DAS DESPESAS COM MANUTENÇÃO E DESENVOLVIMENTO DO ENSINO;7487;20231229;1360.8;0;0;0;0;0;0;0;0;0;1360.8
3110004;303;02;509805;2023;1;12 - EDUCAÇÃO;122 - ADMINISTRAÇÃO GERAL;0002 - GESTÃO DA SECRETARIA MUNICIPAL DE EDUCAÇÃO;2001 - REMUNERAÇÃO PESSOAL DA SECRETARIA;;3.3.90.46.00 - 3.3.90.46.00;1.500.000 - RECURSOS NÃO VINCULADOS DE IMPOSTOS;1001 - IDENTIFICAÇÃO DAS DESPESAS COM MANUTENÇÃO E DESENVOLVIMENTO DO ENSINO;97;20230102;598500;0;0;0;0;0;0;0;0;0;598500
3110004;303;02;509805;2023;2;12 - EDUCAÇÃO;361 - ENSINO FUNDAMENTAL;0003 - MANUTENÇÃO DA EDUCAÇÃO BÁSICA;1191 - REMUNERAÇÃO DOS PROFISSIONAIS DO ENSINO FUNDAMENTAL;;3.1.90.04.99 - 3.1.90.04.99;1.500.000 - RECURSOS NÃO VINCULADOS DE IMPOSTOS;1001 - IDENTIFICAÇÃO DAS DESPESAS COM MANUTENÇÃO E DESENVOLVIMENTO DO ENSINO;894;20230224;68679.42;0;0;68679.42;0;57317.56;0;10014.61;0;11361.86;0
3110004;303;02;509805;2023;2;12 - EDUCAÇÃO;365 - EDUCAÇÃO INFANTIL;0019 - GESTÃO DO TRANSPORTE ESCOLAR;2454 - MANUTENÇÃO TRANSPORTE ESCOLAR EDUCAÇÃO INFANTIL;;3.3.90.39.57 - 3.3.90.39.57;1.500.000 - RECURSOS NÃO VINCULADOS DE IMPOSTOS;1001 - IDENTIFICAÇÃO DAS DESPESAS COM MANUTENÇÃO E DESENVOLVIMENTO DO ENSINO;781;20230223;519998.91;0;0;0;0;0;0;0;0;0;519998.91
3110004;303;02;509805;2023;3;12 - EDUCAÇÃO;122 - ADMINISTRAÇÃO GERAL;0002 - GESTÃO DA SECRETARIA MUNICIPAL DE EDUCAÇÃO;2002 - MANUTENÇÃO DA SECRETARIA;;3.3.90.14.05 - 3.3.90.14.05;1.500.000 - RECURSOS NÃO VINCULADOS DE IMPOSTOS;1001 - IDENTIFICAÇÃO DAS DESPESAS COM MANUTENÇÃO E DESENVOLVIMENTO DO ENSINO;1104;20230301;94.4;0;0;94.4;0;94.4;0;0;0;0;0
3110004;303;02;509805;2023;3;12 - EDUCAÇÃO;361 - ENSINO FUNDAMENTAL;0003 - MANUTENÇÃO DA EDUCAÇÃO BÁSICA;2062 - MANUTENÇÃO DO ENSINO FUNDAMENTAL;;3.1.90.13.01 - 3.1.90.13.01;1.500.000 - RECURSOS NÃO VINCULADOS DE IMPOSTOS;1001 - IDENTIFICAÇÃO DAS DESPESAS COM MANUTENÇÃO E DESENVOLVIMENTO DO ENSINO;1650;20230328;1350.47;0;0;1350.47;0;0;0;0;0;1350.47;0
3110004;303;02;509805;2023;3;12 - EDUCAÇÃO;122 - ADMINISTRAÇÃO GERAL;0002 - GESTÃO DA SECRETARIA MUNICIPAL DE EDUCAÇÃO;2002 - MANUTENÇÃO DA SECRETARIA;;3.3.90.49.00 - 3.3.90.49.00;1.500.000 - RECURSOS NÃO VINCULADOS DE IMPOSTOS;1001 - IDENTIFICAÇÃO DAS DESPESAS COM MANUTENÇÃO E DESENVOLVIMENTO DO ENSINO;58;20230102;0;0;0;180;0;180;0;0;0;0;-180
3110004;303;02;509805;2023;3;12 - EDUCAÇÃO;122 - ADMINISTRAÇÃO GERAL;0002 - GESTÃO DA SECRETARIA MUNICIPAL DE EDUCAÇÃO;2001 - REMUNERAÇÃO PESSOAL DA SECRETARIA;;3.1.90.13.01 - 3.1.90.13.01;1.500.000 - RECURSOS NÃO VINCULADOS DE IMPOSTOS;1001 - IDENTIFICAÇÃO DAS DESPESAS COM MANUTENÇÃO E DESENVOLVIMENTO DO ENSINO;1644;20230328;1375.98;0;0;1375.98;0;0;0;0;0;1375.98;0
3110004;303;02;509805;2023;3;12 - EDUCAÇÃO;122 - ADMINISTRAÇÃO GERAL;0002 - GESTÃO DA SECRETARIA MUNICIPAL DE EDUCAÇÃO;2001 - REMUNERAÇÃO PESSOAL DA SECRETARIA;;3.3.90.46.00 - 3.3.90.46.00;1.500.000 - RECURSOS NÃO VINCULADOS DE IMPOSTOS;1001 - IDENTIFICAÇÃO DAS DESPESAS COM MANUTENÇÃO E DESENVOLVIMENTO DO ENSINO;97;20230102;0;0;0;172440;0;172440;0;0;0;0;-172440
3110004;303;02;509805;2023;3;12 - EDUCAÇÃO;361 - ENSINO FUNDAMENTAL;0019 - GESTÃO DO TRANSPORTE ESCOLAR;2042 - REMUNERAÇÃO PESSOAL TRANSPORTE ESCOLAR ENSINO FUNDAMENTAL;;3.1.90.16.00 - 3.1.90.16.00;1.500.000 - RECURSOS NÃO VINCULADOS DE IMPOSTOS;1001 - IDENTIFICAÇÃO DAS DESPESAS COM MANUTENÇÃO E DESENVOLVIMENTO DO ENSINO;1554;20230328;1477.27;0;0;1477.27;0;1477.27;0;0;0;0;0
3110004;303;02;509805;2023;3;12 - EDUCAÇÃO;122 - ADMINISTRAÇÃO GERAL;0002 - GESTÃO DA SECRETARIA MUNICIPAL DE EDUCAÇÃO;2002 - MANUTENÇÃO DA SECRETARIA;;3.3.90.14.05 - 3.3.90.14.05;1.500.000 - RECURSOS NÃO VINCULADOS DE IMPOSTOS;1001 - IDENTIFICAÇÃO DAS DESPESAS COM MANUTENÇÃO E DESENVOLVIMENTO DO ENSINO;1314;20230313;94.4;0;0;94.4;0;94.4;0;0;0;0;0
3110004;303;02;509805;2023;3;12 - EDUCAÇÃO;361 - ENSINO FUNDAMENTAL;0003 - MANUTENÇÃO DA EDUCAÇÃO BÁSICA;2329 - REMUNERAÇÃO DE ESTAGIÁRIOS;;3.3.90.36.07 - 3.3.90.36.07;1.500.000 - RECURSOS NÃO VINCULADOS DE IMPOSTOS;1001 - IDENTIFICAÇÃO DAS DESPESAS COM MANUTENÇÃO E DESENVOLVIMENTO DO ENSINO;968;20230224;0;0;0;0;0;5966.13;0;0;0;-5966.13;0
3110004;303;02;509805;2023;3;12 - EDUCAÇÃO;365 - EDUCAÇÃO INFANTIL;0221 - MANUTENÇÃO DA EDUCAÇÃO BÁSICA;2407 - REMUNERAÇÃO PESSOAL EDUCAÇÃO INFANTILCRECHE;;3.1.90.13.03 - 3.1.90.13.03;1.500.000 - RECURSOS NÃO VINCULADOS DE IMPOSTOS;1001 - IDENTIFICAÇÃO DAS DESPESAS COM MANUTENÇÃO E DESENVOLVIMENTO DO ENSINO;993;20230224;0;0;0;0;0;776.29;0;0;0;-776.29;0
3110004;303;02;509805;2023;4;12 - EDUCAÇÃO;361 - ENSINO FUNDAMENTAL;0003 - MANUTENÇÃO DA EDUCAÇÃO BÁSICA;2062 - MANUTENÇÃO DO ENSINO FUNDAMENTAL;;3.1.90.13.01 - 3.1.90.13.01;1.500.000 - RECURSOS NÃO VINCULADOS DE IMPOSTOS;1001 - IDENTIFICAÇÃO DAS DESPESAS COM MANUTENÇÃO E DESENVOLVIMENTO DO ENSINO;2159;20230426;903.34;0;0;903.34;0;0;0;0;0;903.34;0
3110004;303;02;509805;2023;4;12 - EDUCAÇÃO;361 - ENSINO FUNDAMENTAL;0003 - MANUTENÇÃO DA EDUCAÇÃO BÁSICA;2329 - REMUNERAÇÃO DE ESTAGIÁRIOS;;3.3.90.36.07 - 3.3.90.36.07;1.500.000 - RECURSOS NÃO VINCULADOS DE IMPOSTOS;1001 - IDENTIFICAÇÃO DAS DESPESAS COM MANUTENÇÃO E DESENVOLVIMENTO DO ENSINO;1472;20230324;0;0;0;0;0;418.56;0;0;0;-418.56;0
3110004;303;02;509805;2023;4;12 - EDUCAÇÃO;122 - ADMINISTRAÇÃO GERAL;0002 - GESTÃO DA SECRETARIA MUNICIPAL DE EDUCAÇÃO;2002 - MANUTENÇÃO DA SECRETARIA;;3.3.90.36.14 - 3.3.90.36.14;1.500.000 - RECURSOS NÃO VINCULADOS DE IMPOSTOS;1001 - IDENTIFICAÇÃO DAS DESPESAS COM MANUTENÇÃO E DESENVOLVIMENTO DO ENSINO;783;20230223;0;0;0;2626.26;0;2572.09;0;54.17;0;54.17;-2626.26
3110004;303;02;509805;2023;4;12 - EDUCAÇÃO;361 - ENSINO FUNDAMENTAL;0003 - MANUTENÇÃO DA EDUCAÇÃO BÁSICA;1191 - REMUNERAÇÃO DOS PROFISSIONAIS DO ENSINO FUNDAMENTAL;;3.1.90.13.01 - 3.1.90.13.01;1.500.000 - RECURSOS NÃO VINCULADOS DE IMPOSTOS;1001 - IDENTIFICAÇÃO DAS DESPESAS COM MANUTENÇÃO E DESENVOLVIMENTO DO ENSINO;1648;20230328;0;0;0;0;0;191.94;0;0;0;-191.94;0
3110004;303;02;509805;2023;4;12 - EDUCAÇÃO;361 - ENSINO FUNDAMENTAL;0003 - MANUTENÇÃO DA EDUCAÇÃO BÁSICA;1191 - REMUNERAÇÃO DOS PROFISSIONAIS DO ENSINO FUNDAMENTAL;;3.1.90.04.99 - 3.1.90.04.99;1.500.000 - RECURSOS NÃO VINCULADOS DE IMPOSTOS;1001 - IDENTIFICAÇÃO DAS DESPESAS COM MANUTENÇÃO E DESENVOLVIMENTO DO ENSINO;2056;20230426;71289.72;0;0;71289.72;0;60974.45;0;10315.27;0;10315.27;0
3110004;303;02;509805;2023;5;12 - EDUCAÇÃO;122 - ADMINISTRAÇÃO GERAL;0002 - GESTÃO DA SECRETARIA MUNICIPAL DE EDUCAÇÃO;2002 - MANUTENÇÃO DA SECRETARIA;;3.3.90.40.06 - 3.3.90.40.06;1.500.000 - RECURSOS NÃO VINCULADOS DE IMPOSTOS;1001 - IDENTIFICAÇÃO DAS DESPESAS COM MANUTENÇÃO E DESENVOLVIMENTO DO ENSINO;259;20230110;0;0;0;5868.1;0;5868.1;0;0;0;0;-5868.1
3110004;303;02;509805;2023;5;12 - EDUCAÇÃO;361 - ENSINO FUNDAMENTAL;0003 - MANUTENÇÃO DA EDUCAÇÃO BÁSICA;2062 - MANUTENÇÃO DO ENSINO FUNDAMENTAL;;3.1.90.13.01 - 3.1.90.13.01;1.500.000 - RECURSOS NÃO VINCULADOS DE IMPOSTOS;1001 - IDENTIFICAÇÃO DAS DESPESAS COM MANUTENÇÃO E DESENVOLVIMENTO DO ENSINO;2683;20230530;3117.82;0;0;3117.82;0;0;0;0;0;3117.82;0
3110004;303;02;509805;2023;5;12 - EDUCAÇÃO;361 - ENSINO FUNDAMENTAL;0027 - GESTÃO DO CENTRO ESPECIALIZADO DE ATENÇÃO À CRIANÇA E AO ADOLESCENTE;2049 - MANUTENÇÃO DO CEACA;;3.1.90.13.03 - 3.1.90.13.03;1.500.000 - RECURSOS NÃO VINCULADOS DE IMPOSTOS;1001 - IDENTIFICAÇÃO DAS DESPESAS COM MANUTENÇÃO E DESENVOLVIMENTO DO ENSINO;2687;20230530;9145.37;0;0;9145.37;0;0;0;0;0;9145.37;0
3110004;303;02;509805;2023;5;12 - EDUCAÇÃO;122 - ADMINISTRAÇÃO GERAL;0002 - GESTÃO DA SECRETARIA MUNICIPAL DE EDUCAÇÃO;2002 - MANUTENÇÃO DA SECRETARIA;;3.3.90.14.05 - 3.3.90.14.05;1.500.000 - RECURSOS NÃO VINCULADOS DE IMPOSTOS;1001 - IDENTIFICAÇÃO DAS DESPESAS COM MANUTENÇÃO E DESENVOLVIMENTO DO ENSINO;2764;20230530;86.86;0;0;86.86;0;0;0;0;0;86.86;0
3110004;303;02;509805;2023;5;12 - EDUCAÇÃO;361 - ENSINO FUNDAMENTAL;0019 - GESTÃO DO TRANSPORTE ESCOLAR;2041 - MANUTENÇÃO TRANSPORTE ESCOLAR DO ENSINO FUNDAMENTAL;;3.3.90.39.99 - 3.3.90.39.99;1.500.000 - RECURSOS NÃO VINCULADOS DE IMPOSTOS;1001 - IDENTIFICAÇÃO DAS DESPESAS COM MANUTENÇÃO E DESENVOLVIMENTO DO ENSINO;1073;20230224;0;0;0;30227.03;0;84966.34;0;17.53;0;-54739.31;-30227.03
3110004;303;02;509805;2023;6;12 - EDUCAÇÃO;122 - ADMINISTRAÇÃO GERAL;0002 - GESTÃO DA SECRETARIA MUNICIPAL DE EDUCAÇÃO;2002 - MANUTENÇÃO DA SECRETARIA;;3.3.90.36.14 - 3.3.90.36.14;1.500.000 - RECURSOS NÃO VINCULADOS DE IMPOSTOS;1001 - IDENTIFICAÇÃO DAS DESPESAS COM MANUTENÇÃO E DESENVOLVIMENTO DO ENSINO;783;20230223;0;0;0;2626.26;0;2587.7;0;38.56;0;38.56;-2626.26
3110004;303;02;509805;2023;6;12 - EDUCAÇÃO;361 - ENSINO FUNDAMENTAL;0003 - MANUTENÇÃO DA EDUCAÇÃO BÁSICA;1191 - REMUNERAÇÃO DOS PROFISSIONAIS DO ENSINO FUNDAMENTAL;;3.1.90.11.11 - 3.1.90.11.11;1.500.000 - RECURSOS NÃO VINCULADOS DE IMPOSTOS;1001 - IDENTIFICAÇÃO DAS DESPESAS COM MANUTENÇÃO E DESENVOLVIMENTO DO ENSINO;3155;20230628;101242.3;0;0;101242.3;0;81778.13;0;19464.17;0;19464.17;0
3110004;303;02;509805;2023;6;12 - EDUCAÇÃO;122 - ADMINISTRAÇÃO GERAL;0002 - GESTÃO DA SECRETARIA MUNICIPAL DE EDUCAÇÃO;2002 - MANUTENÇÃO DA SECRETARIA;;3.3.90.35.06 - 3.3.90.35.06;1.500.000 - RECURSOS NÃO VINCULADOS DE IMPOSTOS;1001 - IDENTIFICAÇÃO DAS DESPESAS COM MANUTENÇÃO E DESENVOLVIMENTO DO ENSINO;2982;20230616;24500;0;0;0;0;0;0;0;0;0;24500
3110004;303;02;509805;2023;6;12 - EDUCAÇÃO;361 - ENSINO FUNDAMENTAL;0027 - GESTÃO DO CENTRO ESPECIALIZADO DE ATENÇÃO À CRIANÇA E AO ADOLESCENTE;2049 - MANUTENÇÃO DO CEACA;;3.1.90.13.03 - 3.1.90.13.03;1.500.000 - RECURSOS NÃO VINCULADOS DE IMPOSTOS;1001 - IDENTIFICAÇÃO DAS DESPESAS COM MANUTENÇÃO E DESENVOLVIMENTO DO ENSINO;2687;20230530;0;0;0;0;0;9145.37;0;0;0;-9145.37;0
3110004;303;02;509805;2023;6;12 - EDUCAÇÃO;122 - ADMINISTRAÇÃO GERAL;0002 - GESTÃO DA SECRETARIA MUNICIPAL DE EDUCAÇÃO;2002 - MANUTENÇÃO DA SECRETARIA;;3.3.90.39.29 - 3.3.90.39.29;1.500.000 - RECURSOS NÃO VINCULADOS DE IMPOSTOS;1001 - IDENTIFICAÇÃO DAS DESPESAS COM MANUTENÇÃO E DESENVOLVIMENTO DO ENSINO;79;20230102;0;0;0;52.58;0;52.58;0;0;0;0;-52.58
3110004;303;02;509805;2023;6;12 - EDUCAÇÃO;122 - ADMINISTRAÇÃO GERAL;0002 - GESTÃO DA SECRETARIA MUNICIPAL DE EDUCAÇÃO;2002 - MANUTENÇÃO DA SECRETARIA;;3.3.90.14.05 - 3.3.90.14.05;1.500.000 - RECURSOS NÃO VINCULADOS DE IMPOSTOS;1001 - IDENTIFICAÇÃO DAS DESPESAS COM MANUTENÇÃO E DESENVOLVIMENTO DO ENSINO;2766;20230601;260.58;0;0;260.58;0;260.58;0;0;0;0;0
3110004;303;02;509805;2023;7;12 - EDUCAÇÃO;361 - ENSINO FUNDAMENTAL;0003 - MANUTENÇÃO DA EDUCAÇÃO BÁSICA;1191 - REMUNERAÇÃO DOS PROFISSIONAIS DO ENSINO FUNDAMENTAL;;3.1.90.94.01 - 3.1.90.94.01;1.500.000 - RECURSOS NÃO VINCULADOS DE IMPOSTOS;1001 - IDENTIFICAÇÃO DAS DESPESAS COM MANUTENÇÃO E DESENVOLVIMENTO DO ENSINO;3591;20230724;3952.56;0;0;3952.56;0;3952.56;0;0;0;0;0
3110004;303;02;509805;2023;7;12 - EDUCAÇÃO;361 - ENSINO FUNDAMENTAL;0003 - MANUTENÇÃO DA EDUCAÇÃO BÁSICA;1191 - REMUNERAÇÃO DOS PROFISSIONAIS DO ENSINO FUNDAMENTAL;;3.1.90.13.03 - 3.1.90.13.03;1.500.000 - RECURSOS NÃO VINCULADOS DE IMPOSTOS;1001 - IDENTIFICAÇÃO DAS DESPESAS COM MANUTENÇÃO E DESENVOLVIMENTO DO ENSINO;3256;20230628;0;0;0;0;0;37260.96;0;0;0;-37260.96;0
3110004;303;02;509805;2023;7;12 - EDUCAÇÃO;122 - ADMINISTRAÇÃO GERAL;0002 - GESTÃO DA SECRETARIA MUNICIPAL DE EDUCAÇÃO;2001 - REMUNERAÇÃO PESSOAL DA SECRETARIA;;3.1.90.13.01 - 3.1.90.13.01;1.500.000 - RECURSOS NÃO VINCULADOS DE IMPOSTOS;1001 - IDENTIFICAÇÃO DAS DESPESAS COM MANUTENÇÃO E DESENVOLVIMENTO DO ENSINO;3766;20230727;3002.5;0;0;3002.5;0;0;0;0;0;3002.5;0
3110004;303;02;509805;2023;7;12 - EDUCAÇÃO;122 - ADMINISTRAÇÃO GERAL;0002 - GESTÃO DA SECRETARIA MUNICIPAL DE EDUCAÇÃO;2001 - REMUNERAÇÃO PESSOAL DA SECRETARIA;;3.1.90.04.99 - 3.1.90.04.99;1.500.000 - RECURSOS NÃO VINCULADOS DE IMPOSTOS;1001 - IDENTIFICAÇÃO DAS DESPESAS COM MANUTENÇÃO E DESENVOLVIMENTO DO ENSINO;3662;20230727;5422.94;0;0;5422.94;0;4978.05;0;444.89;0;444.89;0
3110004;303;02;509805;2023;7;12 - EDUCAÇÃO;361 - ENSINO FUNDAMENTAL;0003 - MANUTENÇÃO DA EDUCAÇÃO BÁSICA;1191 - REMUNERAÇÃO DOS PROFISSIONAIS DO ENSINO FUNDAMENTAL;;3.1.90.13.01 - 3.1.90.13.01;1.500.000 - RECURSOS NÃO VINCULADOS DE IMPOSTOS;1001 - IDENTIFICAÇÃO DAS DESPESAS COM MANUTENÇÃO E DESENVOLVIMENTO DO ENSINO;3770;20230727;8450.57;0;0;8450.57;0;0;0;0;0;8450.57;0
3110004;303;02;509805;2023;7;12 - EDUCAÇÃO;361 - ENSINO FUNDAMENTAL;0019 - GESTÃO DO TRANSPORTE ESCOLAR;2041 - MANUTENÇÃO TRANSPORTE ESCOLAR DO ENSINO FUNDAMENTAL;;3.3.90.39.57 - 3.3.90.39.57;1.500.000 - RECURSOS NÃO VINCULADOS DE IMPOSTOS;1001 - IDENTIFICAÇÃO DAS DESPESAS COM MANUTENÇÃO E DESENVOLVIMENTO DO ENSINO;1831;20230405;0;0;0;532071.84;0;510521.92;0;21549.92;0;21549.92;-532071.84
3110004;303;02;509805;2023;7;12 - EDUCAÇÃO;122 - ADMINISTRAÇÃO GERAL;0002 - GESTÃO DA SECRETARIA MUNICIPAL DE EDUCAÇÃO;2001 - REMUNERAÇÃO PESSOAL DA SECRETARIA;;3.3.90.46.00 - 3.3.90.46.00;1.500.000 - RECURSOS NÃO VINCULADOS DE IMPOSTOS;1001 - IDENTIFICAÇÃO DAS DESPESAS COM MANUTENÇÃO E DESENVOLVIMENTO DO ENSINO;97;20230102;0;0;0;82620;0;82620;0;0;0;0;-82620
3110004;303;02;509805;2023;7;12 - EDUCAÇÃO;122 - ADMINISTRAÇÃO GERAL;0002 - GESTÃO DA SECRETARIA MUNICIPAL DE EDUCAÇÃO;2002 - MANUTENÇÃO DA SECRETARIA;;3.3.90.49.00 - 3.3.90.49.00;1.500.000 - RECURSOS NÃO VINCULADOS DE IMPOSTOS;1001 - IDENTIFICAÇÃO DAS DESPESAS COM MANUTENÇÃO E DESENVOLVIMENTO DO ENSINO;55;20230102;0;0;0;1587.6;0;1587.6;0;0;0;0;-1587.6
3110004;303;02;509805;2023;7;12 - EDUCAÇÃO;122 - ADMINISTRAÇÃO GERAL;0002 - GESTÃO DA SECRETARIA MUNICIPAL DE EDUCAÇÃO;2002 - MANUTENÇÃO DA SECRETARIA;;4.4.90.52.21 - 4.4.90.52.21;1.500.000 - RECURSOS NÃO VINCULADOS DE IMPOSTOS;1001 - IDENTIFICAÇÃO DAS DESPESAS COM MANUTENÇÃO E DESENVOLVIMENTO DO ENSINO;2528;20230529;0;0;0;696.23;0;696.23;0;0;0;0;-696.23
3110004;303;02;509805;2023;7;12 - EDUCAÇÃO;122 - ADMINISTRAÇÃO GERAL;0002 - GESTÃO DA SECRETARIA MUNICIPAL DE EDUCAÇÃO;2002 - MANUTENÇÃO DA SECRETARIA;;3.3.90.39.13 - 3.3.90.39.13;1.500.000 - RECURSOS NÃO VINCULADOS DE IMPOSTOS;1001 - IDENTIFICAÇÃO DAS DESPESAS COM MANUTENÇÃO E DESENVOLVIMENTO DO ENSINO;541;20230127;0;0;0;13273.75;0;13273.75;0;0;0;0;-13273.75
3110004;303;02;509805;2023;7;12 - EDUCAÇÃO;122 - ADMINISTRAÇÃO GERAL;0002 - GESTÃO DA SECRETARIA MUNICIPAL DE EDUCAÇÃO;2002 - MANUTENÇÃO DA SECRETARIA;;3.3.90.30.16 - 3.3.90.30.16;1.500.000 - RECURSOS NÃO VINCULADOS DE IMPOSTOS;1001 - IDENTIFICAÇÃO DAS DESPESAS COM MANUTENÇÃO E DESENVOLVIMENTO DO ENSINO;3619;20230725;24004.78;0;0;0;0;0;0;0;0;0;24004.78
3110004;303;02;509805;2023;8;12 - EDUCAÇÃO;361 - ENSINO FUNDAMENTAL;0003 - MANUTENÇÃO DA EDUCAÇÃO BÁSICA;1191 - REMUNERAÇÃO DOS PROFISSIONAIS DO ENSINO FUNDAMENTAL;;3.1.90.11.11 - 3.1.90.11.11;1.500.000 - RECURSOS NÃO VINCULADOS DE IMPOSTOS;1001 - IDENTIFICAÇÃO DAS DESPESAS COM MANUTENÇÃO E DESENVOLVIMENTO DO ENSINO;4188;20230828;97107.65;0;0;97107.65;0;77600.74;0;19506.91;0;19506.91;0
3110004;303;02;509805;2023;8;12 - EDUCAÇÃO;361 - ENSINO FUNDAMENTAL;0003 - MANUTENÇÃO DA EDUCAÇÃO BÁSICA;1191 - REMUNERAÇÃO DOS PROFISSIONAIS DO ENSINO FUNDAMENTAL;;3.1.90.94.01 - 3.1.90.94.01;1.500.000 - RECURSOS NÃO VINCULADOS DE IMPOSTOS;1001 - IDENTIFICAÇÃO DAS DESPESAS COM MANUTENÇÃO E DESENVOLVIMENTO DO ENSINO;4121;20230825;4355.63;0;0;4355.63;0;4355.63;0;0;0;0;0
3110004;303;02;509805;2023;8;12 - EDUCAÇÃO;122 - ADMINISTRAÇÃO GERAL;0002 - GESTÃO DA SECRETARIA MUNICIPAL DE EDUCAÇÃO;2002 - MANUTENÇÃO DA SECRETARIA;;3.3.90.49.00 - 3.3.90.49.00;1.500.000 - RECURSOS NÃO VINCULADOS DE IMPOSTOS;1001 - IDENTIFICAÇÃO DAS DESPESAS COM MANUTENÇÃO E DESENVOLVIMENTO DO ENSINO;58;20230102;0;0;0;574.5;0;574.5;0;0;0;0;-574.5
3110004;303;02;509805;2023;9;12 - EDUCAÇÃO;122 - ADMINISTRAÇÃO GERAL;0002 - GESTÃO DA SECRETARIA MUNICIPAL DE EDUCAÇÃO;2002 - MANUTENÇÃO DA SECRETARIA;;3.3.90.40.06 - 3.3.90.40.06;1.500.000 - RECURSOS NÃO VINCULADOS DE IMPOSTOS;1001 - IDENTIFICAÇÃO DAS DESPESAS COM MANUTENÇÃO E DESENVOLVIMENTO DO ENSINO;4434;20230901;17604.3;0;0;0;0;0;0;0;0;0;17604.3
3110004;303;02;509805;2023;10;12 - EDUCAÇÃO;122 - ADMINISTRAÇÃO GERAL;0002 - GESTÃO DA SECRETARIA MUNICIPAL DE EDUCAÇÃO;2002 - MANUTENÇÃO DA SECRETARIA;;3.3.90.14.05 - 3.3.90.14.05;1.500.000 - RECURSOS NÃO VINCULADOS DE IMPOSTOS;1001 - IDENTIFICAÇÃO DAS DESPESAS COM MANUTENÇÃO E DESENVOLVIMENTO DO ENSINO;5234;20231017;86.86;0;0;86.86;0;86.86;0;0;0;0;0
3110004;303;02;509805;2023;10;12 - EDUCAÇÃO;361 - ENSINO FUNDAMENTAL;0003 - MANUTENÇÃO DA EDUCAÇÃO BÁSICA;2062 - MANUTENÇÃO DO ENSINO FUNDAMENTAL;;3.1.90.13.01 - 3.1.90.13.01;1.500.000 - RECURSOS NÃO VINCULADOS DE IMPOSTOS;1001 - IDENTIFICAÇÃO DAS DESPESAS COM MANUTENÇÃO E DESENVOLVIMENTO DO ENSINO;4870;20230927;0;0;0;0;0;1956.49;0;0;0;-1956.49;0
3110004;303;02;509805;2023;10;12 - EDUCAÇÃO;122 - ADMINISTRAÇÃO GERAL;0002 - GESTÃO DA SECRETARIA MUNICIPAL DE EDUCAÇÃO;2002 - MANUTENÇÃO DA SECRETARIA;;3.3.90.14.05 - 3.3.90.14.05;1.500.000 - RECURSOS NÃO VINCULADOS DE IMPOSTOS;1001 - IDENTIFICAÇÃO DAS DESPESAS COM MANUTENÇÃO E DESENVOLVIMENTO DO ENSINO;5093;20231004;130.29;0;0;130.29;0;130.29;0;0;0;0;0
3110004;303;02;509805;2023;10;12 - EDUCAÇÃO;122 - ADMINISTRAÇÃO GERAL;0002 - GESTÃO DA SECRETARIA MUNICIPAL DE EDUCAÇÃO;2002 - MANUTENÇÃO DA SECRETARIA;;3.3.90.39.13 - 3.3.90.39.13;1.500.000 - RECURSOS NÃO VINCULADOS DE IMPOSTOS;1001 - IDENTIFICAÇÃO DAS DESPESAS COM MANUTENÇÃO E DESENVOLVIMENTO DO ENSINO;5161;20231004;21433.09;0;0;20295.66;0;19321.47;0;974.19;0;974.19;1137.43
3110004;303;02;509805;2023;12;12 - EDUCAÇÃO;122 - ADMINISTRAÇÃO GERAL;0002 - GESTÃO DA SECRETARIA MUNICIPAL DE EDUCAÇÃO;2001 - REMUNERAÇÃO PESSOAL DA SECRETARIA;;3.1.90.13.01 - 3.1.90.13.01;1.500.000 - RECURSOS NÃO VINCULADOS DE IMPOSTOS;1001 - IDENTIFICAÇÃO DAS DESPESAS COM MANUTENÇÃO E DESENVOLVIMENTO DO ENSINO;7364;20231228;5301.14;0;0;5301.14;0;0;0;0;0;5301.14;0
3110004;303;02;509805;2023;9;12 - EDUCAÇÃO;122 - ADMINISTRAÇÃO GERAL;0002 - GESTÃO DA SECRETARIA MUNICIPAL DE EDUCAÇÃO;2001 - REMUNERAÇÃO PESSOAL DA SECRETARIA;;3.1.90.11.09 - 3.1.90.11.09;1.500.000 - RECURSOS NÃO VINCULADOS DE IMPOSTOS;1001 - IDENTIFICAÇÃO DAS DESPESAS COM MANUTENÇÃO E DESENVOLVIMENTO DO ENSINO;4760;20230927;9451.42;0;0;9451.42;0;6395.64;0;3055.78;0;3055.78;0
3110004;303;02;509805;2023;10;12 - EDUCAÇÃO;122 - ADMINISTRAÇÃO GERAL;0002 - GESTÃO DA SECRETARIA MUNICIPAL DE EDUCAÇÃO;2001 - REMUNERAÇÃO PESSOAL DA SECRETARIA;;3.1.90.11.11 - 3.1.90.11.11;1.500.000 - RECURSOS NÃO VINCULADOS DE IMPOSTOS;1001 - IDENTIFICAÇÃO DAS DESPESAS COM MANUTENÇÃO E DESENVOLVIMENTO DO ENSINO;5369;20231031;36606.58;0;0;36606.58;0;27510.55;0;9096.03;0;9096.03;0
3110004;303;02;509805;2023;9;12 - EDUCAÇÃO;122 - ADMINISTRAÇÃO GERAL;0002 - GESTÃO DA SECRETARIA MUNICIPAL DE EDUCAÇÃO;2001 - REMUNERAÇÃO PESSOAL DA SECRETARIA;;3.1.90.16.00 - 3.1.90.16.00;1.500.000 - RECURSOS NÃO VINCULADOS DE IMPOSTOS;1001 - IDENTIFICAÇÃO DAS DESPESAS COM MANUTENÇÃO E DESENVOLVIMENTO DO ENSINO;4762;20230927;1854.44;0;0;1854.44;0;1854.44;0;0;0;0;0
3110004;303;02;509805;2023;9;12 - EDUCAÇÃO;361 - ENSINO FUNDAMENTAL;0027 - GESTÃO DO CENTRO ESPECIALIZADO DE ATENÇÃO À CRIANÇA E AO ADOLESCENTE;2049 - MANUTENÇÃO DO CEACA;;3.1.90.11.11 - 3.1.90.11.11;1.500.000 - RECURSOS NÃO VINCULADOS DE IMPOSTOS;1001 - IDENTIFICAÇÃO DAS DESPESAS COM MANUTENÇÃO E DESENVOLVIMENTO DO ENSINO;4771;20230927;29451.62;0;0;29451.62;0;24670.45;0;4781.17;0;4781.17;0
3110004;303;02;509805;2023;9;12 - EDUCAÇÃO;361 - ENSINO FUNDAMENTAL;0003 - MANUTENÇÃO DA EDUCAÇÃO BÁSICA;1200 - CONSTRUÇÃO E REFORMA DE PRÉDIOS ESCOLARES ENSINO FUNDAMENTAL;;4.4.90.51.02 - 4.4.90.51.02;1.500.000 - RECURSOS NÃO VINCULADOS DE IMPOSTOS;1001 - IDENTIFICAÇÃO DAS DESPESAS COM MANUTENÇÃO E DESENVOLVIMENTO DO ENSINO;4492;20230911;23287.25;0;0;23287.25;0;22309.18;0;978.07;0;978.07;0
3110004;303;02;509805;2023;12;12 - EDUCAÇÃO;122 - ADMINISTRAÇÃO GERAL;0002 - GESTÃO DA SECRETARIA MUNICIPAL DE EDUCAÇÃO;2002 - MANUTENÇÃO DA SECRETARIA;;3.3.90.49.00 - 3.3.90.49.00;1.500.000 - RECURSOS NÃO VINCULADOS DE IMPOSTOS;1001 - IDENTIFICAÇÃO DAS DESPESAS COM MANUTENÇÃO E DESENVOLVIMENTO DO ENSINO;5298;20231025;0;0;1620;0;0;0;0;0;0;0;-1620
3110004;303;02;509805;2023;12;12 - EDUCAÇÃO;361 - ENSINO FUNDAMENTAL;0019 - GESTÃO DO TRANSPORTE ESCOLAR;2042 - REMUNERAÇÃO PESSOAL TRANSPORTE ESCOLAR ENSINO FUNDAMENTAL;;3.1.90.04.99 - 3.1.90.04.99;1.500.000 - RECURSOS NÃO VINCULADOS DE IMPOSTOS;1001 - IDENTIFICAÇÃO DAS DESPESAS COM MANUTENÇÃO E DESENVOLVIMENTO DO ENSINO;7271;20231228;11369.06;0;0;11369.06;0;6576.25;0;4792.81;0;4792.81;0
3110004;303;02;509805;2023;12;12 - EDUCAÇÃO;361 - ENSINO FUNDAMENTAL;0003 - MANUTENÇÃO DA EDUCAÇÃO BÁSICA;2062 - MANUTENÇÃO DO ENSINO FUNDAMENTAL;;3.3.90.32.99 - 3.3.90.32.99;1.500.000 - RECURSOS NÃO VINCULADOS DE IMPOSTOS;1001 - IDENTIFICAÇÃO DAS DESPESAS COM MANUTENÇÃO E DESENVOLVIMENTO DO ENSINO;6158;20231211;30149.52;0;0;0;0;0;0;0;0;0;30149.52
3110004;303;02;509805;2023;12;12 - EDUCAÇÃO;361 - ENSINO FUNDAMENTAL;0019 - GESTÃO DO TRANSPORTE ESCOLAR;2041 - MANUTENÇÃO TRANSPORTE ESCOLAR DO ENSINO FUNDAMENTAL;;3.3.90.39.57 - 3.3.90.39.57;1.500.000 - RECURSOS NÃO VINCULADOS DE IMPOSTOS;1001 - IDENTIFICAÇÃO DAS DESPESAS COM MANUTENÇÃO E DESENVOLVIMENTO DO ENSINO;7182;20231222;86997.52;0;53886.41;33111.11;0;30975.44;0;2135.67;0;2135.67;0
3110004;303;02;509805;2023;9;12 - EDUCAÇÃO;361 - ENSINO FUNDAMENTAL;0003 - MANUTENÇÃO DA EDUCAÇÃO BÁSICA;1191 - REMUNERAÇÃO DOS PROFISSIONAIS DO ENSINO FUNDAMENTAL;;3.1.90.13.03 - 3.1.90.13.03;1.500.000 - RECURSOS NÃO VINCULADOS DE IMPOSTOS;1001 - IDENTIFICAÇÃO DAS DESPESAS COM MANUTENÇÃO E DESENVOLVIMENTO DO ENSINO;4292;20230828;0;0;0;0;0;37348.29;0;0;0;-37348.29;0
3110004;303;02;509805;2023;10;12 - EDUCAÇÃO;365 - EDUCAÇÃO INFANTIL;0003 - MANUTENÇÃO DA EDUCAÇÃO BÁSICA;2006 - MANUTENÇÃO DA EDUCAÇÃO INFANTIL;;3.3.90.30.22 - 3.3.90.30.22;1.500.000 - RECURSOS NÃO VINCULADOS DE IMPOSTOS;1001 - IDENTIFICAÇÃO DAS DESPESAS COM MANUTENÇÃO E DESENVOLVIMENTO DO ENSINO;4673;20230922;0;0;0;4465.58;0;4411.99;0;53.59;0;53.59;-4465.58
3110004;303;02;509805;2023;10;12 - EDUCAÇÃO;361 - ENSINO FUNDAMENTAL;0013 - TRANSFERÊNCIA AS CAIXAS ESCOLARES;2032 - CONTRIBUIÇÃO AS ESCOLAS MUNICIPAIS;;3.3.50.41.00 - 3.3.50.41.00;1.500.000 - RECURSOS NÃO VINCULADOS DE IMPOSTOS;1001 - IDENTIFICAÇÃO DAS DESPESAS COM MANUTENÇÃO E DESENVOLVIMENTO DO ENSINO;4708;20230926;0;0;0;0;0;4900;0;0;0;-4900;0
3110004;303;02;509805;2023;12;12 - EDUCAÇÃO;361 - ENSINO FUNDAMENTAL;0003 - MANUTENÇÃO DA EDUCAÇÃO BÁSICA;1200 - CONSTRUÇÃO E REFORMA DE PRÉDIOS ESCOLARES ENSINO FUNDAMENTAL;;4.4.90.51.02 - 4.4.90.51.02;1.500.000 - RECURSOS NÃO VINCULADOS DE IMPOSTOS;1001 - IDENTIFICAÇÃO DAS DESPESAS COM MANUTENÇÃO E DESENVOLVIMENTO DO ENSINO;5588;20231031;0;0;0;14248.07;0;13649.65;0;598.42;0;598.42;-14248.07
3110004;303;02;509805;2023;12;12 - EDUCAÇÃO;361 - ENSINO FUNDAMENTAL;0003 - MANUTENÇÃO DA EDUCAÇÃO BÁSICA;1191 - REMUNERAÇÃO DOS PROFISSIONAIS DO ENSINO FUNDAMENTAL;;3.1.90.11.11 - 3.1.90.11.11;1.500.000 - RECURSOS NÃO VINCULADOS DE IMPOSTOS;1001 - IDENTIFICAÇÃO DAS DESPESAS COM MANUTENÇÃO E DESENVOLVIMENTO DO ENSINO;6233;20231214;1066330.21;0;0;1066330.21;0;894929.92;0;171400.29;0;171400.29;0
3110004;303;02;509805;2023;12;12 - EDUCAÇÃO;361 - ENSINO FUNDAMENTAL;0027 - GESTÃO DO CENTRO ESPECIALIZADO DE ATENÇÃO À CRIANÇA E AO ADOLESCENTE;2049 - MANUTENÇÃO DO CEACA;;3.1.90.13.01 - 3.1.90.13.01;1.500.000 - RECURSOS NÃO VINCULADOS DE IMPOSTOS;1001 - IDENTIFICAÇÃO DAS DESPESAS COM MANUTENÇÃO E DESENVOLVIMENTO DO ENSINO;6314;20231214;1838.37;0;0;1838.37;0;0;0;0;0;1838.37;0
3110004;303;02;509805;2023;12;12 - EDUCAÇÃO;122 - ADMINISTRAÇÃO GERAL;0002 - GESTÃO DA SECRETARIA MUNICIPAL DE EDUCAÇÃO;2001 - REMUNERAÇÃO PESSOAL DA SECRETARIA;;3.3.90.46.00 - 3.3.90.46.00;1.500.000 - RECURSOS NÃO VINCULADOS DE IMPOSTOS;1001 - IDENTIFICAÇÃO DAS DESPESAS COM MANUTENÇÃO E DESENVOLVIMENTO DO ENSINO;7462;20231229;150000;0;0;0;0;0;0;0;0;0;150000
3110004;303;02;509805;2023;12;12 - EDUCAÇÃO;365 - EDUCAÇÃO INFANTIL;0003 - MANUTENÇÃO DA EDUCAÇÃO BÁSICA;2006 - MANUTENÇÃO DA EDUCAÇÃO INFANTIL;;3.3.90.32.99 - 3.3.90.32.99;1.500.000 - RECURSOS NÃO VINCULADOS DE IMPOSTOS;1001 - IDENTIFICAÇÃO DAS DESPESAS COM MANUTENÇÃO E DESENVOLVIMENTO DO ENSINO;6165;20231211;10257.95;0;0;0;0;0;0;0;0;0;10257.95
3110004;303;02;509805;2023;11;12 - EDUCAÇÃO;361 - ENSINO FUNDAMENTAL;0003 - MANUTENÇÃO DA EDUCAÇÃO BÁSICA;2062 - MANUTENÇÃO DO ENSINO FUNDAMENTAL;;3.1.90.13.03 - 3.1.90.13.03;1.500.000 - RECURSOS NÃO VINCULADOS DE IMPOSTOS;1001 - IDENTIFICAÇÃO DAS DESPESAS COM MANUTENÇÃO E DESENVOLVIMENTO DO ENSINO;5486;20231031;0;0;0;0;0;12649.52;0;0;0;-12649.52;0
3110004;303;02;509805;2023;12;12 - EDUCAÇÃO;361 - ENSINO FUNDAMENTAL;0019 - GESTÃO DO TRANSPORTE ESCOLAR;2042 - REMUNERAÇÃO PESSOAL TRANSPORTE ESCOLAR ENSINO FUNDAMENTAL;;3.1.90.13.03 - 3.1.90.13.03;1.500.000 - RECURSOS NÃO VINCULADOS DE IMPOSTOS;1001 - IDENTIFICAÇÃO DAS DESPESAS COM MANUTENÇÃO E DESENVOLVIMENTO DO ENSINO;5936;20231129;0;0;0;0;0;2359.04;0;0;0;-2359.04;0
3110004;303;02;509805;2023;12;12 - EDUCAÇÃO;122 - ADMINISTRAÇÃO GERAL;0002 - GESTÃO DA SECRETARIA MUNICIPAL DE EDUCAÇÃO;2002 - MANUTENÇÃO DA SECRETARIA;;3.3.90.14.05 - 3.3.90.14.05;1.500.000 - RECURSOS NÃO VINCULADOS DE IMPOSTOS;1001 - IDENTIFICAÇÃO DAS DESPESAS COM MANUTENÇÃO E DESENVOLVIMENTO DO ENSINO;6100;20231204;86.86;0;0;86.86;0;86.86;0;0;0;0;0
3110004;303;02;509805;2023;12;12 - EDUCAÇÃO;361 - ENSINO FUNDAMENTAL;0003 - MANUTENÇÃO DA EDUCAÇÃO BÁSICA;1191 - REMUNERAÇÃO DOS PROFISSIONAIS DO ENSINO FUNDAMENTAL;;3.1.90.13.01 - 3.1.90.13.01;1.500.000 - RECURSOS NÃO VINCULADOS DE IMPOSTOS;1001 - IDENTIFICAÇÃO DAS DESPESAS COM MANUTENÇÃO E DESENVOLVIMENTO DO ENSINO;6309;20231214;79344.79;0;0;79344.79;0;0;0;0;0;79344.79;0
3110004;303;02;509805;2023;12;12 - EDUCAÇÃO;122 - ADMINISTRAÇÃO GERAL;0002 - GESTÃO DA SECRETARIA MUNICIPAL DE EDUCAÇÃO;2002 - MANUTENÇÃO DA SECRETARIA;;3.3.90.49.00 - 3.3.90.49.00;1.500.000 - RECURSOS NÃO VINCULADOS DE IMPOSTOS;1001 - IDENTIFICAÇÃO DAS DESPESAS COM MANUTENÇÃO E DESENVOLVIMENTO DO ENSINO;7478;20231229;945;0;0;0;0;0;0;0;0;0;945
3110004;303;02;509805;2023;11;12 - EDUCAÇÃO;122 - ADMINISTRAÇÃO GERAL;0002 - GESTÃO DA SECRETARIA MUNICIPAL DE EDUCAÇÃO;2001 - REMUNERAÇÃO PESSOAL DA SECRETARIA;;3.1.90.94.01 - 3.1.90.94.01;1.500.000 - RECURSOS NÃO VINCULADOS DE IMPOSTOS;1001 - IDENTIFICAÇÃO DAS DESPESAS COM MANUTENÇÃO E DESENVOLVIMENTO DO ENSINO;5774;20231127;4146.02;0;0;4146.02;0;4146.02;0;0;0;0;0
3110004;303;02;509805;2023;11;12 - EDUCAÇÃO;361 - ENSINO FUNDAMENTAL;0019 - GESTÃO DO TRANSPORTE ESCOLAR;2042 - REMUNERAÇÃO PESSOAL TRANSPORTE ESCOLAR ENSINO FUNDAMENTAL;;3.1.90.16.00 - 3.1.90.16.00;1.500.000 - RECURSOS NÃO VINCULADOS DE IMPOSTOS;1001 - IDENTIFICAÇÃO DAS DESPESAS COM MANUTENÇÃO E DESENVOLVIMENTO DO ENSINO;5832;20231129;2308.7;0;0;2308.7;0;2308.7;0;0;0;0;0
3110004;303;02;509805;2023;11;12 - EDUCAÇÃO;365 - EDUCAÇÃO INFANTIL;0221 - MANUTENÇÃO DA EDUCAÇÃO BÁSICA;2407 - REMUNERAÇÃO PESSOAL EDUCAÇÃO INFANTILCRECHE;;3.1.90.11.11 - 3.1.90.11.11;1.500.000 - RECURSOS NÃO VINCULADOS DE IMPOSTOS;1001 - IDENTIFICAÇÃO DAS DESPESAS COM MANUTENÇÃO E DESENVOLVIMENTO DO ENSINO;5834;20231129;5583.23;0;0;5583.23;0;4251.04;0;1332.19;0;1332.19;0
3110004;303;02;509805;2023;11;12 - EDUCAÇÃO;365 - EDUCAÇÃO INFANTIL;0221 - MANUTENÇÃO DA EDUCAÇÃO BÁSICA;2407 - REMUNERAÇÃO PESSOAL EDUCAÇÃO INFANTILCRECHE;;3.1.90.13.03 - 3.1.90.13.03;1.500.000 - RECURSOS NÃO VINCULADOS DE IMPOSTOS;1001 - IDENTIFICAÇÃO DAS DESPESAS COM MANUTENÇÃO E DESENVOLVIMENTO DO ENSINO;5940;20231129;1247.81;0;0;1247.81;0;0;0;59.82;0;1247.81;0
3110004;303;02;509805;2023;11;12 - EDUCAÇÃO;122 - ADMINISTRAÇÃO GERAL;0002 - GESTÃO DA SECRETARIA MUNICIPAL DE EDUCAÇÃO;2002 - MANUTENÇÃO DA SECRETARIA;;3.3.90.39.29 - 3.3.90.39.29;1.500.000 - RECURSOS NÃO VINCULADOS DE IMPOSTOS;1001 - IDENTIFICAÇÃO DAS DESPESAS COM MANUTENÇÃO E DESENVOLVIMENTO DO ENSINO;79;20230102;0;0;0;48.58;0;48.58;0;0;0;0;-48.58
3110004;303;02;509805;2023;9;12 - EDUCAÇÃO;122 - ADMINISTRAÇÃO GERAL;0002 - GESTÃO DA SECRETARIA MUNICIPAL DE EDUCAÇÃO;2001 - REMUNERAÇÃO PESSOAL DA SECRETARIA;;3.1.90.13.03 - 3.1.90.13.03;1.500.000 - RECURSOS NÃO VINCULADOS DE IMPOSTOS;1001 - IDENTIFICAÇÃO DAS DESPESAS COM MANUTENÇÃO E DESENVOLVIMENTO DO ENSINO;4288;20230828;0;0;0;0;0;11494.67;0;0;0;-11494.67;0
3110004;303;02;509805;2023;11;12 - EDUCAÇÃO;122 - ADMINISTRAÇÃO GERAL;0002 - GESTÃO DA SECRETARIA MUNICIPAL DE EDUCAÇÃO;2001 - REMUNERAÇÃO PESSOAL DA SECRETARIA;;3.1.90.16.00 - 3.1.90.16.00;1.500.000 - RECURSOS NÃO VINCULADOS DE IMPOSTOS;1001 - IDENTIFICAÇÃO DAS DESPESAS COM MANUTENÇÃO E DESENVOLVIMENTO DO ENSINO;5824;20231129;5274.29;0;0;5274.29;0;5274.29;0;0;0;0;0
3110004;303;02;509805;2023;11;12 - EDUCAÇÃO;365 - EDUCAÇÃO INFANTIL;0221 - MANUTENÇÃO DA EDUCAÇÃO BÁSICA;2407 - REMUNERAÇÃO PESSOAL EDUCAÇÃO INFANTILCRECHE;;3.1.90.94.01 - 3.1.90.94.01;1.500.000 - RECURSOS NÃO VINCULADOS DE IMPOSTOS;1001 - IDENTIFICAÇÃO DAS DESPESAS COM MANUTENÇÃO E DESENVOLVIMENTO DO ENSINO;5755;20231121;1080.57;0;0;1080.57;0;1080.57;0;0;0;0;0
3110004;303;02;509805;2023;10;12 - EDUCAÇÃO;361 - ENSINO FUNDAMENTAL;0013 - TRANSFERÊNCIA AS CAIXAS ESCOLARES;2032 - CONTRIBUIÇÃO AS ESCOLAS MUNICIPAIS;;3.3.50.41.00 - 3.3.50.41.00;1.500.000 - RECURSOS NÃO VINCULADOS DE IMPOSTOS;1001 - IDENTIFICAÇÃO DAS DESPESAS COM MANUTENÇÃO E DESENVOLVIMENTO DO ENSINO;4707;20230926;0;0;0;0;0;2800;0;0;0;-2800;0
3110004;303;02;509805;2023;10;12 - EDUCAÇÃO;361 - ENSINO FUNDAMENTAL;0013 - TRANSFERÊNCIA AS CAIXAS ESCOLARES;2032 - CONTRIBUIÇÃO AS ESCOLAS MUNICIPAIS;;3.3.50.41.00 - 3.3.50.41.00;1.500.000 - RECURSOS NÃO VINCULADOS DE IMPOSTOS;1001 - IDENTIFICAÇÃO DAS DESPESAS COM MANUTENÇÃO E DESENVOLVIMENTO DO ENSINO;4712;20230927;0;0;0;0;0;3000;0;0;0;-3000;0
3110004;303;02;509805;2023;11;12 - EDUCAÇÃO;365 - EDUCAÇÃO INFANTIL;0221 - MANUTENÇÃO DA EDUCAÇÃO BÁSICA;2407 - REMUNERAÇÃO PESSOAL EDUCAÇÃO INFANTILCRECHE;;3.1.90.13.01 - 3.1.90.13.01;1.500.000 - RECURSOS NÃO VINCULADOS DE IMPOSTOS;1001 - IDENTIFICAÇÃO DAS DESPESAS COM MANUTENÇÃO E DESENVOLVIMENTO DO ENSINO;5490;20231031;0;0;0;0;0;446.66;0;0;0;-446.66;0
3110004;303;02;509805;2023;10;12 - EDUCAÇÃO;122 - ADMINISTRAÇÃO GERAL;0002 - GESTÃO DA SECRETARIA MUNICIPAL DE EDUCAÇÃO;2002 - MANUTENÇÃO DA SECRETARIA;;3.3.90.14.05 - 3.3.90.14.05;1.500.000 - RECURSOS NÃO VINCULADOS DE IMPOSTOS;1001 - IDENTIFICAÇÃO DAS DESPESAS COM MANUTENÇÃO E DESENVOLVIMENTO DO ENSINO;5340;20231030;173.72;0;0;173.72;0;0;0;0;0;173.72;0
3110004;303;02;509805;2023;10;12 - EDUCAÇÃO;361 - ENSINO FUNDAMENTAL;0003 - MANUTENÇÃO DA EDUCAÇÃO BÁSICA;1191 - REMUNERAÇÃO DOS PROFISSIONAIS DO ENSINO FUNDAMENTAL;;3.1.90.16.00 - 3.1.90.16.00;1.500.000 - RECURSOS NÃO VINCULADOS DE IMPOSTOS;1001 - IDENTIFICAÇÃO DAS DESPESAS COM MANUTENÇÃO E DESENVOLVIMENTO DO ENSINO;5375;20231031;2197.88;0;0;2197.88;0;2197.88;0;0;0;0;0
3110004;303;02;509805;2023;12;12 - EDUCAÇÃO;361 - ENSINO FUNDAMENTAL;0003 - MANUTENÇÃO DA EDUCAÇÃO BÁSICA;1191 - REMUNERAÇÃO DOS PROFISSIONAIS DO ENSINO FUNDAMENTAL;;3.1.90.04.99 - 3.1.90.04.99;1.500.000 - RECURSOS NÃO VINCULADOS DE IMPOSTOS;1001 - IDENTIFICAÇÃO DAS DESPESAS COM MANUTENÇÃO E DESENVOLVIMENTO DO ENSINO;7267;20231228;66541.98;0;0;66541.98;0;55420.76;0;11121.22;0;11121.22;0
3110004;303;02;509805;2023;12;12 - EDUCAÇÃO;361 - ENSINO FUNDAMENTAL;0003 - MANUTENÇÃO DA EDUCAÇÃO BÁSICA;2062 - MANUTENÇÃO DO ENSINO FUNDAMENTAL;;3.1.90.13.01 - 3.1.90.13.01;1.500.000 - RECURSOS NÃO VINCULADOS DE IMPOSTOS;1001 - IDENTIFICAÇÃO DAS DESPESAS COM MANUTENÇÃO E DESENVOLVIMENTO DO ENSINO;7370;20231228;1896.88;0;0;1896.88;0;0;0;0;0;1896.88;0
3110004;303;02;509805;2023;12;12 - EDUCAÇÃO;365 - EDUCAÇÃO INFANTIL;0003 - MANUTENÇÃO DA EDUCAÇÃO BÁSICA;1189 - REMUNERAÇÃO DOS PROFISSIONAIS QUE ATUAM NO PROGRAMA DE EDUCAÇÃO INFANTIL;;3.1.90.13.03 - 3.1.90.13.03;1.500.000 - RECURSOS NÃO VINCULADOS DE IMPOSTOS;1001 - IDENTIFICAÇÃO DAS DESPESAS COM MANUTENÇÃO E DESENVOLVIMENTO DO ENSINO;6317;20231214;32544.17;0;0;32544.17;0;32544.17;0;0;0;0;0
3110004;303;02;509805;2023;12;12 - EDUCAÇÃO;361 - ENSINO FUNDAMENTAL;0003 - MANUTENÇÃO DA EDUCAÇÃO BÁSICA;2062 - MANUTENÇÃO DO ENSINO FUNDAMENTAL;;3.3.90.32.99 - 3.3.90.32.99;1.500.000 - RECURSOS NÃO VINCULADOS DE IMPOSTOS;1001 - IDENTIFICAÇÃO DAS DESPESAS COM MANUTENÇÃO E DESENVOLVIMENTO DO ENSINO;6166;20231211;20495.9;0;0;0;0;0;0;0;0;0;20495.9
3110004;303;02;509805;2023;11;12 - EDUCAÇÃO;361 - ENSINO FUNDAMENTAL;0003 - MANUTENÇÃO DA EDUCAÇÃO BÁSICA;1191 - REMUNERAÇÃO DOS PROFISSIONAIS DO ENSINO FUNDAMENTAL;;3.1.90.16.00 - 3.1.90.16.00;1.500.000 - RECURSOS NÃO VINCULADOS DE IMPOSTOS;1001 - IDENTIFICAÇÃO DAS DESPESAS COM MANUTENÇÃO E DESENVOLVIMENTO DO ENSINO;5829;20231129;3613.17;0;0;3613.17;0;3613.17;0;0;0;0;0
3110004;303;02;509805;2023;10;12 - EDUCAÇÃO;122 - ADMINISTRAÇÃO GERAL;0002 - GESTÃO DA SECRETARIA MUNICIPAL DE EDUCAÇÃO;2002 - MANUTENÇÃO DA SECRETARIA;;3.3.90.14.05 - 3.3.90.14.05;1.500.000 - RECURSOS NÃO VINCULADOS DE IMPOSTOS;1001 - IDENTIFICAÇÃO DAS DESPESAS COM MANUTENÇÃO E DESENVOLVIMENTO DO ENSINO;5337;20231030;43.43;0;0;43.43;0;0;0;0;0;43.43;0
3110004;303;02;509805;2023;10;12 - EDUCAÇÃO;361 - ENSINO FUNDAMENTAL;0019 - GESTÃO DO TRANSPORTE ESCOLAR;2041 - MANUTENÇÃO TRANSPORTE ESCOLAR DO ENSINO FUNDAMENTAL;;3.3.90.39.99 - 3.3.90.39.99;1.500.000 - RECURSOS NÃO VINCULADOS DE IMPOSTOS;1001 - IDENTIFICAÇÃO DAS DESPESAS COM MANUTENÇÃO E DESENVOLVIMENTO DO ENSINO;5593;20231031;40000;0;0;0;0;0;0;0;0;0;40000
3110004;303;02;509805;2023;12;12 - EDUCAÇÃO;122 - ADMINISTRAÇÃO GERAL;0002 - GESTÃO DA SECRETARIA MUNICIPAL DE EDUCAÇÃO;2002 - MANUTENÇÃO DA SECRETARIA;;3.3.90.14.05 - 3.3.90.14.05;1.500.000 - RECURSOS NÃO VINCULADOS DE IMPOSTOS;1001 - IDENTIFICAÇÃO DAS DESPESAS COM MANUTENÇÃO E DESENVOLVIMENTO DO ENSINO;6098;20231204;173.72;0;0;173.72;0;173.72;0;0;0;0;0
3110004;303;02;509805;2023;9;12 - EDUCAÇÃO;361 - ENSINO FUNDAMENTAL;0027 - GESTÃO DO CENTRO ESPECIALIZADO DE ATENÇÃO À CRIANÇA E AO ADOLESCENTE;2049 - MANUTENÇÃO DO CEACA;;3.1.90.13.01 - 3.1.90.13.01;1.500.000 - RECURSOS NÃO VINCULADOS DE IMPOSTOS;1001 - IDENTIFICAÇÃO DAS DESPESAS COM MANUTENÇÃO E DESENVOLVIMENTO DO ENSINO;4296;20230828;0;0;0;0;0;1973.81;0;0;0;-1973.81;0
3110004;303;02;509805;2023;10;12 - EDUCAÇÃO;122 - ADMINISTRAÇÃO GERAL;0002 - GESTÃO DA SECRETARIA MUNICIPAL DE EDUCAÇÃO;2002 - MANUTENÇÃO DA SECRETARIA;;3.3.90.39.13 - 3.3.90.39.13;1.500.000 - RECURSOS NÃO VINCULADOS DE IMPOSTOS;1001 - IDENTIFICAÇÃO DAS DESPESAS COM MANUTENÇÃO E DESENVOLVIMENTO DO ENSINO;5583;20231031;7597.59;0;0;0;0;0;0;0;0;0;7597.59
3110004;303;02;509805;2023;9;12 - EDUCAÇÃO;122 - ADMINISTRAÇÃO GERAL;0002 - GESTÃO DA SECRETARIA MUNICIPAL DE EDUCAÇÃO;2002 - MANUTENÇÃO DA SECRETARIA;;3.3.90.14.05 - 3.3.90.14.05;1.500.000 - RECURSOS NÃO VINCULADOS DE IMPOSTOS;1001 - IDENTIFICAÇÃO DAS DESPESAS COM MANUTENÇÃO E DESENVOLVIMENTO DO ENSINO;4140;20230825;0;0;0;0;0;130.29;0;0;0;-130.29;0
3110004;303;02;509805;2023;12;12 - EDUCAÇÃO;122 - ADMINISTRAÇÃO GERAL;0002 - GESTÃO DA SECRETARIA MUNICIPAL DE EDUCAÇÃO;2002 - MANUTENÇÃO DA SECRETARIA;;3.3.90.39.60 - 3.3.90.39.60;1.500.000 - RECURSOS NÃO VINCULADOS DE IMPOSTOS;1001 - IDENTIFICAÇÃO DAS DESPESAS COM MANUTENÇÃO E DESENVOLVIMENTO DO ENSINO;4493;20230911;0;0;0;7365.6;0;7152;0;213.6;0;213.6;-7365.6
3110004;303;02;509805;2023;12;12 - EDUCAÇÃO;361 - ENSINO FUNDAMENTAL;0003 - MANUTENÇÃO DA EDUCAÇÃO BÁSICA;1191 - REMUNERAÇÃO DOS PROFISSIONAIS DO ENSINO FUNDAMENTAL;;3.1.90.13.03 - 3.1.90.13.03;1.500.000 - RECURSOS NÃO VINCULADOS DE IMPOSTOS;1001 - IDENTIFICAÇÃO DAS DESPESAS COM MANUTENÇÃO E DESENVOLVIMENTO DO ENSINO;5933;20231129;0;0;0;0;0;123327.81;0;0;0;-123327.81;0
3110004;303;02;509805;2023;12;12 - EDUCAÇÃO;361 - ENSINO FUNDAMENTAL;0003 - MANUTENÇÃO DA EDUCAÇÃO BÁSICA;1191 - REMUNERAÇÃO DOS PROFISSIONAIS DO ENSINO FUNDAMENTAL;;3.1.90.11.11 - 3.1.90.11.11;1.500.000 - RECURSOS NÃO VINCULADOS DE IMPOSTOS;1001 - IDENTIFICAÇÃO DAS DESPESAS COM MANUTENÇÃO E DESENVOLVIMENTO DO ENSINO;7268;20231228;1103161.78;0;0;1103161.78;0;786409.61;0;316752.17;0;316752.17;0
3110004;303;02;509805;2023;8;12 - EDUCAÇÃO;365 - EDUCAÇÃO INFANTIL;0221 - MANUTENÇÃO DA EDUCAÇÃO BÁSICA;2407 - REMUNERAÇÃO PESSOAL EDUCAÇÃO INFANTILCRECHE;;3.1.90.13.01 - 3.1.90.13.01;1.500.000 - RECURSOS NÃO VINCULADOS DE IMPOSTOS;1001 - IDENTIFICAÇÃO DAS DESPESAS COM MANUTENÇÃO E DESENVOLVIMENTO DO ENSINO;4298;20230828;446.66;0;0;446.66;0;0;0;0;0;446.66;0
3110004;303;02;509805;2023;1;12 - EDUCAÇÃO;365 - EDUCAÇÃO INFANTIL;0003 - MANUTENÇÃO DA EDUCAÇÃO BÁSICA;2006 - MANUTENÇÃO DA EDUCAÇÃO INFANTIL;;3.3.90.30.22 - 3.3.90.30.22;1.500.000 - RECURSOS NÃO VINCULADOS DE IMPOSTOS;1001 - IDENTIFICAÇÃO DAS DESPESAS COM MANUTENÇÃO E DESENVOLVIMENTO DO ENSINO;69;20230102;1977.6;0;0;0;0;0;0;0;0;0;1977.6
3110004;303;02;509805;2023;1;12 - EDUCAÇÃO;361 - ENSINO FUNDAMENTAL;0003 - MANUTENÇÃO DA EDUCAÇÃO BÁSICA;1191 - REMUNERAÇÃO DOS PROFISSIONAIS DO ENSINO FUNDAMENTAL;;3.1.90.16.00 - 3.1.90.16.00;1.500.000 - RECURSOS NÃO VINCULADOS DE IMPOSTOS;1001 - IDENTIFICAÇÃO DAS DESPESAS COM MANUTENÇÃO E DESENVOLVIMENTO DO ENSINO;353;20230127;3323.45;0;0;3323.45;0;3275.96;0;47.49;0;47.49;0
3110004;303;02;509805;2023;1;12 - EDUCAÇÃO;361 - ENSINO FUNDAMENTAL;0003 - MANUTENÇÃO DA EDUCAÇÃO BÁSICA;1191 - REMUNERAÇÃO DOS PROFISSIONAIS DO ENSINO FUNDAMENTAL;;3.1.90.13.01 - 3.1.90.13.01;1.500.000 - RECURSOS NÃO VINCULADOS DE IMPOSTOS;1001 - IDENTIFICAÇÃO DAS DESPESAS COM MANUTENÇÃO E DESENVOLVIMENTO DO ENSINO;447;20230127;220.36;0;0;220.36;0;0;0;0;0;220.36;0
3110004;303;02;509805;2023;1;12 - EDUCAÇÃO;122 - ADMINISTRAÇÃO GERAL;0002 - GESTÃO DA SECRETARIA MUNICIPAL DE EDUCAÇÃO;2001 - REMUNERAÇÃO PESSOAL DA SECRETARIA;;3.1.90.13.01 - 3.1.90.13.01;1.500.000 - RECURSOS NÃO VINCULADOS DE IMPOSTOS;1001 - IDENTIFICAÇÃO DAS DESPESAS COM MANUTENÇÃO E DESENVOLVIMENTO DO ENSINO;443;20230127;974.61;0;0;974.61;0;0;0;0;0;974.61;0
3110004;303;02;509805;2023;1;12 - EDUCAÇÃO;365 - EDUCAÇÃO INFANTIL;0221 - MANUTENÇÃO DA EDUCAÇÃO BÁSICA;2407 - REMUNERAÇÃO PESSOAL EDUCAÇÃO INFANTILCRECHE;;3.1.90.13.01 - 3.1.90.13.01;1.500.000 - RECURSOS NÃO VINCULADOS DE IMPOSTOS;1001 - IDENTIFICAÇÃO DAS DESPESAS COM MANUTENÇÃO E DESENVOLVIMENTO DO ENSINO;450;20230127;293.3;0;0;293.3;0;0;0;0;0;293.3;0
3110004;303;02;509805;2023;1;12 - EDUCAÇÃO;361 - ENSINO FUNDAMENTAL;0019 - GESTÃO DO TRANSPORTE ESCOLAR;2042 - REMUNERAÇÃO PESSOAL TRANSPORTE ESCOLAR ENSINO FUNDAMENTAL;;3.1.90.13.03 - 3.1.90.13.03;1.500.000 - RECURSOS NÃO VINCULADOS DE IMPOSTOS;1001 - IDENTIFICAÇÃO DAS DESPESAS COM MANUTENÇÃO E DESENVOLVIMENTO DO ENSINO;449;20230127;1183.68;0;0;1183.68;0;0;0;119.64;0;1183.68;0
3110004;303;02;509805;2023;1;12 - EDUCAÇÃO;365 - EDUCAÇÃO INFANTIL;0221 - MANUTENÇÃO DA EDUCAÇÃO BÁSICA;2407 - REMUNERAÇÃO PESSOAL EDUCAÇÃO INFANTILCRECHE;;3.1.90.94.01 - 3.1.90.94.01;1.500.000 - RECURSOS NÃO VINCULADOS DE IMPOSTOS;1001 - IDENTIFICAÇÃO DAS DESPESAS COM MANUTENÇÃO E DESENVOLVIMENTO DO ENSINO;25;20230102;3481.59;0;0;3481.59;0;3481.59;0;0;0;0;0
3110004;303;02;509805;2023;1;12 - EDUCAÇÃO;361 - ENSINO FUNDAMENTAL;0003 - MANUTENÇÃO DA EDUCAÇÃO BÁSICA;2329 - REMUNERAÇÃO DE ESTAGIÁRIOS;;3.3.90.36.07 - 3.3.90.36.07;1.500.000 - RECURSOS NÃO VINCULADOS DE IMPOSTOS;1001 - IDENTIFICAÇÃO DAS DESPESAS COM MANUTENÇÃO E DESENVOLVIMENTO DO ENSINO;426;20230127;36964.79;0;0;36964.79;0;36964.79;0;0;0;0;0
3110004;303;02;509805;2023;1;12 - EDUCAÇÃO;122 - ADMINISTRAÇÃO GERAL;0002 - GESTÃO DA SECRETARIA MUNICIPAL DE EDUCAÇÃO;2001 - REMUNERAÇÃO PESSOAL DA SECRETARIA;;3.1.90.11.11 - 3.1.90.11.11;1.500.000 - RECURSOS NÃO VINCULADOS DE IMPOSTOS;1001 - IDENTIFICAÇÃO DAS DESPESAS COM MANUTENÇÃO E DESENVOLVIMENTO DO ENSINO;349;20230127;14158.62;0;0;14158.62;0;5808.89;0;8349.73;0;8349.73;0
3110004;303;02;509805;2023;1;12 - EDUCAÇÃO;361 - ENSINO FUNDAMENTAL;0003 - MANUTENÇÃO DA EDUCAÇÃO BÁSICA;1191 - REMUNERAÇÃO DOS PROFISSIONAIS DO ENSINO FUNDAMENTAL;;3.1.90.13.03 - 3.1.90.13.03;1.500.000 - RECURSOS NÃO VINCULADOS DE IMPOSTOS;1001 - IDENTIFICAÇÃO DAS DESPESAS COM MANUTENÇÃO E DESENVOLVIMENTO DO ENSINO;448;20230127;11618.01;0;0;11618.01;0;0;0;2324.58;0;11618.01;0
3110004;303;02;509805;2023;1;12 - EDUCAÇÃO;361 - ENSINO FUNDAMENTAL;0003 - MANUTENÇÃO DA EDUCAÇÃO BÁSICA;1191 - REMUNERAÇÃO DOS PROFISSIONAIS DO ENSINO FUNDAMENTAL;;3.1.90.94.01 - 3.1.90.94.01;1.500.000 - RECURSOS NÃO VINCULADOS DE IMPOSTOS;1001 - IDENTIFICAÇÃO DAS DESPESAS COM MANUTENÇÃO E DESENVOLVIMENTO DO ENSINO;29;20230102;1322.71;0;0;1322.71;0;1322.71;0;0;0;0;0
3110004;303;02;509805;2023;2;12 - EDUCAÇÃO;365 - EDUCAÇÃO INFANTIL;0221 - MANUTENÇÃO DA EDUCAÇÃO BÁSICA;2407 - REMUNERAÇÃO PESSOAL EDUCAÇÃO INFANTILCRECHE;;3.1.90.13.03 - 3.1.90.13.03;1.500.000 - RECURSOS NÃO VINCULADOS DE IMPOSTOS;1001 - IDENTIFICAÇÃO DAS DESPESAS COM MANUTENÇÃO E DESENVOLVIMENTO DO ENSINO;993;20230224;776.29;0;0;776.29;0;0;0;0;0;776.29;0
3110004;303;02;509805;2023;2;12 - EDUCAÇÃO;122 - ADMINISTRAÇÃO GERAL;0002 - GESTÃO DA SECRETARIA MUNICIPAL DE EDUCAÇÃO;2002 - MANUTENÇÃO DA SECRETARIA;;3.3.90.49.00 - 3.3.90.49.00;1.500.000 - RECURSOS NÃO VINCULADOS DE IMPOSTOS;1001 - IDENTIFICAÇÃO DAS DESPESAS COM MANUTENÇÃO E DESENVOLVIMENTO DO ENSINO;58;20230102;0;0;0;432;0;432;0;0;0;0;-432
3110004;303;02;509805;2023;2;12 - EDUCAÇÃO;122 - ADMINISTRAÇÃO GERAL;0002 - GESTÃO DA SECRETARIA MUNICIPAL DE EDUCAÇÃO;2002 - MANUTENÇÃO DA SECRETARIA;;3.3.90.14.05 - 3.3.90.14.05;1.500.000 - RECURSOS NÃO VINCULADOS DE IMPOSTOS;1001 - IDENTIFICAÇÃO DAS DESPESAS COM MANUTENÇÃO E DESENVOLVIMENTO DO ENSINO;156;20230102;0;0;0;0;0;23.6;0;0;0;-23.6;0
3110004;303;02;509805;2023;2;12 - EDUCAÇÃO;365 - EDUCAÇÃO INFANTIL;0221 - MANUTENÇÃO DA EDUCAÇÃO BÁSICA;2407 - REMUNERAÇÃO PESSOAL EDUCAÇÃO INFANTILCRECHE;;3.1.90.13.01 - 3.1.90.13.01;1.500.000 - RECURSOS NÃO VINCULADOS DE IMPOSTOS;1001 - IDENTIFICAÇÃO DAS DESPESAS COM MANUTENÇÃO E DESENVOLVIMENTO DO ENSINO;450;20230127;0;0;0;0;0;293.3;0;0;0;-293.3;0
3110004;303;02;509805;2023;2;12 - EDUCAÇÃO;122 - ADMINISTRAÇÃO GERAL;0002 - GESTÃO DA SECRETARIA MUNICIPAL DE EDUCAÇÃO;2001 - REMUNERAÇÃO PESSOAL DA SECRETARIA;;3.1.90.13.01 - 3.1.90.13.01;1.500.000 - RECURSOS NÃO VINCULADOS DE IMPOSTOS;1001 - IDENTIFICAÇÃO DAS DESPESAS COM MANUTENÇÃO E DESENVOLVIMENTO DO ENSINO;443;20230127;0;0;0;0;0;974.61;0;0;0;-974.61;0
3110004;303;02;509805;2023;2;12 - EDUCAÇÃO;361 - ENSINO FUNDAMENTAL;0003 - MANUTENÇÃO DA EDUCAÇÃO BÁSICA;1191 - REMUNERAÇÃO DOS PROFISSIONAIS DO ENSINO FUNDAMENTAL;;3.1.90.16.00 - 3.1.90.16.00;1.500.000 - RECURSOS NÃO VINCULADOS DE IMPOSTOS;1001 - IDENTIFICAÇÃO DAS DESPESAS COM MANUTENÇÃO E DESENVOLVIMENTO DO ENSINO;895;20230224;3848.27;0;0;3848.27;0;3848.27;0;0;0;0;0
3110004;303;02;509805;2023;3;12 - EDUCAÇÃO;361 - ENSINO FUNDAMENTAL;0003 - MANUTENÇÃO DA EDUCAÇÃO BÁSICA;2329 - REMUNERAÇÃO DE ESTAGIÁRIOS;;3.3.90.36.07 - 3.3.90.36.07;1.500.000 - RECURSOS NÃO VINCULADOS DE IMPOSTOS;1001 - IDENTIFICAÇÃO DAS DESPESAS COM MANUTENÇÃO E DESENVOLVIMENTO DO ENSINO;1235;20230308;606.07;0;0;606.07;0;606.07;0;0;0;0;0
3110004;303;02;509805;2023;3;12 - EDUCAÇÃO;365 - EDUCAÇÃO INFANTIL;0019 - GESTÃO DO TRANSPORTE ESCOLAR;2454 - MANUTENÇÃO TRANSPORTE ESCOLAR EDUCAÇÃO INFANTIL;;3.3.90.39.57 - 3.3.90.39.57;1.500.000 - RECURSOS NÃO VINCULADOS DE IMPOSTOS;1001 - IDENTIFICAÇÃO DAS DESPESAS COM MANUTENÇÃO E DESENVOLVIMENTO DO ENSINO;781;20230223;0;0;0;136934.34;0;131388.5;0;5545.84;0;5545.84;-136934.34
3110004;303;02;509805;2023;3;12 - EDUCAÇÃO;365 - EDUCAÇÃO INFANTIL;0221 - MANUTENÇÃO DA EDUCAÇÃO BÁSICA;2407 - REMUNERAÇÃO PESSOAL EDUCAÇÃO INFANTILCRECHE;;3.1.90.11.11 - 3.1.90.11.11;1.500.000 - RECURSOS NÃO VINCULADOS DE IMPOSTOS;1001 - IDENTIFICAÇÃO DAS DESPESAS COM MANUTENÇÃO E DESENVOLVIMENTO DO ENSINO;1555;20230328;3666.21;0;0;3666.21;0;3179.3;0;486.91;0;486.91;0
3110004;303;02;509805;2023;3;12 - EDUCAÇÃO;361 - ENSINO FUNDAMENTAL;0003 - MANUTENÇÃO DA EDUCAÇÃO BÁSICA;2329 - REMUNERAÇÃO DE ESTAGIÁRIOS;;3.3.90.36.07 - 3.3.90.36.07;1.500.000 - RECURSOS NÃO VINCULADOS DE IMPOSTOS;1001 - IDENTIFICAÇÃO DAS DESPESAS COM MANUTENÇÃO E DESENVOLVIMENTO DO ENSINO;1472;20230324;418.56;0;0;418.56;0;0;0;0;0;418.56;0
3110004;303;02;509805;2023;3;12 - EDUCAÇÃO;122 - ADMINISTRAÇÃO GERAL;0002 - GESTÃO DA SECRETARIA MUNICIPAL DE EDUCAÇÃO;2002 - MANUTENÇÃO DA SECRETARIA;;3.3.90.14.05 - 3.3.90.14.05;1.500.000 - RECURSOS NÃO VINCULADOS DE IMPOSTOS;1001 - IDENTIFICAÇÃO DAS DESPESAS COM MANUTENÇÃO E DESENVOLVIMENTO DO ENSINO;1397;20230317;47.2;0;0;47.2;0;47.2;0;0;0;0;0
3110004;303;02;509805;2023;3;12 - EDUCAÇÃO;365 - EDUCAÇÃO INFANTIL;0003 - MANUTENÇÃO DA EDUCAÇÃO BÁSICA;1042 - CONSTRUÇÃO E REFORMA DE CRECHE EDUCAÇÃO INFANTIL;;4.4.90.51.02 - 4.4.90.51.02;1.500.000 - RECURSOS NÃO VINCULADOS DE IMPOSTOS;1001 - IDENTIFICAÇÃO DAS DESPESAS COM MANUTENÇÃO E DESENVOLVIMENTO DO ENSINO;1360;20230315;43089.9;0;0;43089.9;0;41797.2;0;1292.7;0;1292.7;0
3110004;303;02;509805;2023;4;12 - EDUCAÇÃO;361 - ENSINO FUNDAMENTAL;0003 - MANUTENÇÃO DA EDUCAÇÃO BÁSICA;1191 - REMUNERAÇÃO DOS PROFISSIONAIS DO ENSINO FUNDAMENTAL;;3.1.90.16.00 - 3.1.90.16.00;1.500.000 - RECURSOS NÃO VINCULADOS DE IMPOSTOS;1001 - IDENTIFICAÇÃO DAS DESPESAS COM MANUTENÇÃO E DESENVOLVIMENTO DO ENSINO;2058;20230426;3975.42;0;0;3975.42;0;3975.42;0;0;0;0;0
3110004;303;02;509805;2023;4;12 - EDUCAÇÃO;361 - ENSINO FUNDAMENTAL;0003 - MANUTENÇÃO DA EDUCAÇÃO BÁSICA;2062 - MANUTENÇÃO DO ENSINO FUNDAMENTAL;;3.1.90.13.03 - 3.1.90.13.03;1.500.000 - RECURSOS NÃO VINCULADOS DE IMPOSTOS;1001 - IDENTIFICAÇÃO DAS DESPESAS COM MANUTENÇÃO E DESENVOLVIMENTO DO ENSINO;1651;20230328;0;0;0;0;0;7714.84;0;0;0;-7714.84;0
3110004;303;02;509805;2023;4;12 - EDUCAÇÃO;122 - ADMINISTRAÇÃO GERAL;0002 - GESTÃO DA SECRETARIA MUNICIPAL DE EDUCAÇÃO;2002 - MANUTENÇÃO DA SECRETARIA;;3.3.90.39.14 - 3.3.90.39.14;1.500.000 - RECURSOS NÃO VINCULADOS DE IMPOSTOS;1001 - IDENTIFICAÇÃO DAS DESPESAS COM MANUTENÇÃO E DESENVOLVIMENTO DO ENSINO;1402;20230317;0;0;0;1350;0;1350;0;0;0;0;-1350
3110004;303;02;509805;2023;4;12 - EDUCAÇÃO;361 - ENSINO FUNDAMENTAL;0003 - MANUTENÇÃO DA EDUCAÇÃO BÁSICA;2329 - REMUNERAÇÃO DE ESTAGIÁRIOS;;3.3.90.36.07 - 3.3.90.36.07;1.500.000 - RECURSOS NÃO VINCULADOS DE IMPOSTOS;1001 - IDENTIFICAÇÃO DAS DESPESAS COM MANUTENÇÃO E DESENVOLVIMENTO DO ENSINO;1627;20230328;0;0;0;0;0;1967.17;0;0;0;-1967.17;0
3110004;303;02;509805;2023;5;12 - EDUCAÇÃO;122 - ADMINISTRAÇÃO GERAL;0002 - GESTÃO DA SECRETARIA MUNICIPAL DE EDUCAÇÃO;2001 - REMUNERAÇÃO PESSOAL DA SECRETARIA;;3.1.90.13.01 - 3.1.90.13.01;1.500.000 - RECURSOS NÃO VINCULADOS DE IMPOSTOS;1001 - IDENTIFICAÇÃO DAS DESPESAS COM MANUTENÇÃO E DESENVOLVIMENTO DO ENSINO;2153;20230426;0;0;0;0;0;2541.48;0;0;0;-2541.48;0
3110004;303;02;509805;2023;5;12 - EDUCAÇÃO;122 - ADMINISTRAÇÃO GERAL;0002 - GESTÃO DA SECRETARIA MUNICIPAL DE EDUCAÇÃO;2002 - MANUTENÇÃO DA SECRETARIA;;3.3.90.14.05 - 3.3.90.14.05;1.500.000 - RECURSOS NÃO VINCULADOS DE IMPOSTOS;1001 - IDENTIFICAÇÃO DAS DESPESAS COM MANUTENÇÃO E DESENVOLVIMENTO DO ENSINO;2306;20230508;47.2;0;0;47.2;0;47.2;0;0;0;0;0
3110004;303;02;509805;2023;5;12 - EDUCAÇÃO;122 - ADMINISTRAÇÃO GERAL;0002 - GESTÃO DA SECRETARIA MUNICIPAL DE EDUCAÇÃO;2002 - MANUTENÇÃO DA SECRETARIA;;4.4.90.52.27 - 4.4.90.52.27;1.500.000 - RECURSOS NÃO VINCULADOS DE IMPOSTOS;1001 - IDENTIFICAÇÃO DAS DESPESAS COM MANUTENÇÃO E DESENVOLVIMENTO DO ENSINO;2525;20230529;224.01;0;0;0;0;0;0;0;0;0;224.01
3110004;303;02;509805;2023;5;12 - EDUCAÇÃO;122 - ADMINISTRAÇÃO GERAL;0002 - GESTÃO DA SECRETARIA MUNICIPAL DE EDUCAÇÃO;2002 - MANUTENÇÃO DA SECRETARIA;;3.3.90.39.60 - 3.3.90.39.60;1.500.000 - RECURSOS NÃO VINCULADOS DE IMPOSTOS;1001 - IDENTIFICAÇÃO DAS DESPESAS COM MANUTENÇÃO E DESENVOLVIMENTO DO ENSINO;76;20230102;0;0;0;7365.6;0;7152;0;213.6;0;213.6;-7365.6
3110004;303;02;509805;2023;5;12 - EDUCAÇÃO;365 - EDUCAÇÃO INFANTIL;0003 - MANUTENÇÃO DA EDUCAÇÃO BÁSICA;1042 - CONSTRUÇÃO E REFORMA DE CRECHE EDUCAÇÃO INFANTIL;;4.4.90.51.02 - 4.4.90.51.02;1.500.000 - RECURSOS NÃO VINCULADOS DE IMPOSTOS;1001 - IDENTIFICAÇÃO DAS DESPESAS COM MANUTENÇÃO E DESENVOLVIMENTO DO ENSINO;2531;20230529;56481.43;0;0;0;0;0;0;0;0;0;56481.43
3110004;303;02;509805;2023;5;12 - EDUCAÇÃO;361 - ENSINO FUNDAMENTAL;0003 - MANUTENÇÃO DA EDUCAÇÃO BÁSICA;1191 - REMUNERAÇÃO DOS PROFISSIONAIS DO ENSINO FUNDAMENTAL;;3.1.90.11.11 - 3.1.90.11.11;1.500.000 - RECURSOS NÃO VINCULADOS DE IMPOSTOS;1001 - IDENTIFICAÇÃO DAS DESPESAS COM MANUTENÇÃO E DESENVOLVIMENTO DO ENSINO;2584;20230530;136095.5;0;0;136095.5;0;113582.59;0;22512.91;0;22512.91;0
3110004;303;02;509805;2023;6;12 - EDUCAÇÃO;361 - ENSINO FUNDAMENTAL;0003 - MANUTENÇÃO DA EDUCAÇÃO BÁSICA;2062 - MANUTENÇÃO DO ENSINO FUNDAMENTAL;;3.3.90.32.99 - 3.3.90.32.99;1.500.000 - RECURSOS NÃO VINCULADOS DE IMPOSTOS;1001 - IDENTIFICAÇÃO DAS DESPESAS COM MANUTENÇÃO E DESENVOLVIMENTO DO ENSINO;2967;20230616;98556.25;0;0;0;0;0;0;0;0;0;98556.25
3110004;303;02;509805;2023;6;12 - EDUCAÇÃO;122 - ADMINISTRAÇÃO GERAL;0002 - GESTÃO DA SECRETARIA MUNICIPAL DE EDUCAÇÃO;2002 - MANUTENÇÃO DA SECRETARIA;;3.3.90.49.00 - 3.3.90.49.00;1.500.000 - RECURSOS NÃO VINCULADOS DE IMPOSTOS;1001 - IDENTIFICAÇÃO DAS DESPESAS COM MANUTENÇÃO E DESENVOLVIMENTO DO ENSINO;58;20230102;0;0;0;1764;0;1764;0;0;0;0;-1764
3110004;303;02;509805;2023;6;12 - EDUCAÇÃO;122 - ADMINISTRAÇÃO GERAL;0002 - GESTÃO DA SECRETARIA MUNICIPAL DE EDUCAÇÃO;2002 - MANUTENÇÃO DA SECRETARIA;;3.3.90.40.02 - 3.3.90.40.02;1.500.000 - RECURSOS NÃO VINCULADOS DE IMPOSTOS;1001 - IDENTIFICAÇÃO DAS DESPESAS COM MANUTENÇÃO E DESENVOLVIMENTO DO ENSINO;2356;20230510;0;0;0;1579.18;0;1579.18;0;0;0;0;-1579.18
3110004;303;02;509805;2023;6;12 - EDUCAÇÃO;361 - ENSINO FUNDAMENTAL;0019 - GESTÃO DO TRANSPORTE ESCOLAR;2041 - MANUTENÇÃO TRANSPORTE ESCOLAR DO ENSINO FUNDAMENTAL;;3.3.90.39.57 - 3.3.90.39.57;1.500.000 - RECURSOS NÃO VINCULADOS DE IMPOSTOS;1001 - IDENTIFICAÇÃO DAS DESPESAS COM MANUTENÇÃO E DESENVOLVIMENTO DO ENSINO;1831;20230405;0;0;0;22014.72;0;21123.13;0;891.59;0;891.59;-22014.72
3110004;303;02;509805;2023;6;12 - EDUCAÇÃO;361 - ENSINO FUNDAMENTAL;0003 - MANUTENÇÃO DA EDUCAÇÃO BÁSICA;1191 - REMUNERAÇÃO DOS PROFISSIONAIS DO ENSINO FUNDAMENTAL;;3.1.90.04.99 - 3.1.90.04.99;1.500.000 - RECURSOS NÃO VINCULADOS DE IMPOSTOS;1001 - IDENTIFICAÇÃO DAS DESPESAS COM MANUTENÇÃO E DESENVOLVIMENTO DO ENSINO;3154;20230628;63648.61;0;0;63648.61;0;55447.41;0;8201.2;0;8201.2;0
3110004;303;02;509805;2023;6;12 - EDUCAÇÃO;361 - ENSINO FUNDAMENTAL;0027 - GESTÃO DO CENTRO ESPECIALIZADO DE ATENÇÃO À CRIANÇA E AO ADOLESCENTE;2049 - MANUTENÇÃO DO CEACA;;3.1.90.13.01 - 3.1.90.13.01;1.500.000 - RECURSOS NÃO VINCULADOS DE IMPOSTOS;1001 - IDENTIFICAÇÃO DAS DESPESAS COM MANUTENÇÃO E DESENVOLVIMENTO DO ENSINO;2686;20230530;0;0;0;0;0;2790.58;0;0;0;-2790.58;0
3110004;303;02;509805;2023;6;12 - EDUCAÇÃO;361 - ENSINO FUNDAMENTAL;0003 - MANUTENÇÃO DA EDUCAÇÃO BÁSICA;2062 - MANUTENÇÃO DO ENSINO FUNDAMENTAL;;3.1.90.13.03 - 3.1.90.13.03;1.500.000 - RECURSOS NÃO VINCULADOS DE IMPOSTOS;1001 - IDENTIFICAÇÃO DAS DESPESAS COM MANUTENÇÃO E DESENVOLVIMENTO DO ENSINO;3258;20230628;11962.71;0;0;11962.71;0;0;0;0;0;11962.71;0
3110004;303;02;509805;2023;6;12 - EDUCAÇÃO;366 - EDUCAÇÃO DE JOVENS E ADULTOS;0003 - MANUTENÇÃO DA EDUCAÇÃO BÁSICA;1407 - MANUTENÇÃO DO PROGRAMA DE EDUCAÇÃO PARA JOVENS E ADULTOS;;3.3.90.30.16 - 3.3.90.30.16;1.500.000 - RECURSOS NÃO VINCULADOS DE IMPOSTOS;1001 - IDENTIFICAÇÃO DAS DESPESAS COM MANUTENÇÃO E DESENVOLVIMENTO DO ENSINO;2794;20230601;3017.1;0;0;3017.1;0;3017.1;0;0;0;0;0
3110004;303;02;509805;2023;6;12 - EDUCAÇÃO;122 - ADMINISTRAÇÃO GERAL;0002 - GESTÃO DA SECRETARIA MUNICIPAL DE EDUCAÇÃO;2001 - REMUNERAÇÃO PESSOAL DA SECRETARIA;;3.1.90.13.03 - 3.1.90.13.03;1.500.000 - RECURSOS NÃO VINCULADOS DE IMPOSTOS;1001 - IDENTIFICAÇÃO DAS DESPESAS COM MANUTENÇÃO E DESENVOLVIMENTO DO ENSINO;3252;20230628;10799.2;0;0;10799.2;0;0;0;59.82;0;10799.2;0
3110004;303;02;509805;2023;6;12 - EDUCAÇÃO;365 - EDUCAÇÃO INFANTIL;0221 - MANUTENÇÃO DA EDUCAÇÃO BÁSICA;2407 - REMUNERAÇÃO PESSOAL EDUCAÇÃO INFANTILCRECHE;;3.1.90.11.11 - 3.1.90.11.11;1.500.000 - RECURSOS NÃO VINCULADOS DE IMPOSTOS;1001 - IDENTIFICAÇÃO DAS DESPESAS COM MANUTENÇÃO E DESENVOLVIMENTO DO ENSINO;3161;20230628;5583.23;0;0;5583.23;0;4503.6;0;1079.63;0;1079.63;0
3110004;303;02;509805;2023;6;12 - EDUCAÇÃO;122 - ADMINISTRAÇÃO GERAL;0002 - GESTÃO DA SECRETARIA MUNICIPAL DE EDUCAÇÃO;2002 - MANUTENÇÃO DA SECRETARIA;;3.3.90.32.99 - 3.3.90.32.99;1.500.000 - RECURSOS NÃO VINCULADOS DE IMPOSTOS;1001 - IDENTIFICAÇÃO DAS DESPESAS COM MANUTENÇÃO E DESENVOLVIMENTO DO ENSINO;3063;20230628;6675.8;0;0;0;0;0;0;0;0;0;6675.8
3110004;303;02;509805;2023;6;12 - EDUCAÇÃO;361 - ENSINO FUNDAMENTAL;0019 - GESTÃO DO TRANSPORTE ESCOLAR;2042 - REMUNERAÇÃO PESSOAL TRANSPORTE ESCOLAR ENSINO FUNDAMENTAL;;3.1.90.13.03 - 3.1.90.13.03;1.500.000 - RECURSOS NÃO VINCULADOS DE IMPOSTOS;1001 - IDENTIFICAÇÃO DAS DESPESAS COM MANUTENÇÃO E DESENVOLVIMENTO DO ENSINO;2685;20230530;0;0;0;0;0;1491.64;0;0;0;-1491.64;0
3110004;303;02;509805;2023;6;12 - EDUCAÇÃO;361 - ENSINO FUNDAMENTAL;0019 - GESTÃO DO TRANSPORTE ESCOLAR;2042 - REMUNERAÇÃO PESSOAL TRANSPORTE ESCOLAR ENSINO FUNDAMENTAL;;3.1.90.13.03 - 3.1.90.13.03;1.500.000 - RECURSOS NÃO VINCULADOS DE IMPOSTOS;1001 - IDENTIFICAÇÃO DAS DESPESAS COM MANUTENÇÃO E DESENVOLVIMENTO DO ENSINO;3259;20230628;1103.22;0;0;1103.22;0;0;0;0;0;1103.22;0
3110004;303;02;509805;2023;6;12 - EDUCAÇÃO;365 - EDUCAÇÃO INFANTIL;0221 - MANUTENÇÃO DA EDUCAÇÃO BÁSICA;2407 - REMUNERAÇÃO PESSOAL EDUCAÇÃO INFANTILCRECHE;;3.1.90.13.03 - 3.1.90.13.03;1.500.000 - RECURSOS NÃO VINCULADOS DE IMPOSTOS;1001 - IDENTIFICAÇÃO DAS DESPESAS COM MANUTENÇÃO E DESENVOLVIMENTO DO ENSINO;3263;20230628;1247.81;0;0;1247.81;0;0;0;59.82;0;1247.81;0
3110004;303;02;509805;2023;6;12 - EDUCAÇÃO;365 - EDUCAÇÃO INFANTIL;0221 - MANUTENÇÃO DA EDUCAÇÃO BÁSICA;2407 - REMUNERAÇÃO PESSOAL EDUCAÇÃO INFANTILCRECHE;;3.1.90.13.03 - 3.1.90.13.03;1.500.000 - RECURSOS NÃO VINCULADOS DE IMPOSTOS;1001 - IDENTIFICAÇÃO DAS DESPESAS COM MANUTENÇÃO E DESENVOLVIMENTO DO ENSINO;2689;20230530;0;0;0;0;0;1656.24;0;0;0;-1656.24;0
3110004;303;02;509805;2023;6;12 - EDUCAÇÃO;122 - ADMINISTRAÇÃO GERAL;0002 - GESTÃO DA SECRETARIA MUNICIPAL DE EDUCAÇÃO;2001 - REMUNERAÇÃO PESSOAL DA SECRETARIA;;3.1.90.16.00 - 3.1.90.16.00;1.500.000 - RECURSOS NÃO VINCULADOS DE IMPOSTOS;1001 - IDENTIFICAÇÃO DAS DESPESAS COM MANUTENÇÃO E DESENVOLVIMENTO DO ENSINO;3151;20230628;1112.54;0;0;1112.54;0;1112.54;0;0;0;0;0
3110004;303;02;509805;2023;6;12 - EDUCAÇÃO;361 - ENSINO FUNDAMENTAL;0003 - MANUTENÇÃO DA EDUCAÇÃO BÁSICA;2329 - REMUNERAÇÃO DE ESTAGIÁRIOS;;3.3.90.36.07 - 3.3.90.36.07;1.500.000 - RECURSOS NÃO VINCULADOS DE IMPOSTOS;1001 - IDENTIFICAÇÃO DAS DESPESAS COM MANUTENÇÃO E DESENVOLVIMENTO DO ENSINO;3234;20230628;62850.33;0;0;62850.33;0;62850.33;0;0;0;0;0
3110004;303;02;509805;2023;6;12 - EDUCAÇÃO;361 - ENSINO FUNDAMENTAL;0003 - MANUTENÇÃO DA EDUCAÇÃO BÁSICA;1191 - REMUNERAÇÃO DOS PROFISSIONAIS DO ENSINO FUNDAMENTAL;;3.1.90.94.01 - 3.1.90.94.01;1.500.000 - RECURSOS NÃO VINCULADOS DE IMPOSTOS;1001 - IDENTIFICAÇÃO DAS DESPESAS COM MANUTENÇÃO E DESENVOLVIMENTO DO ENSINO;3101;20230628;3506.81;0;0;3506.81;0;3506.81;0;0;0;0;0
3110004;303;02;509805;2023;6;12 - EDUCAÇÃO;122 - ADMINISTRAÇÃO GERAL;0002 - GESTÃO DA SECRETARIA MUNICIPAL DE EDUCAÇÃO;2001 - REMUNERAÇÃO PESSOAL DA SECRETARIA;;3.1.90.13.03 - 3.1.90.13.03;1.500.000 - RECURSOS NÃO VINCULADOS DE IMPOSTOS;1001 - IDENTIFICAÇÃO DAS DESPESAS COM MANUTENÇÃO E DESENVOLVIMENTO DO ENSINO;2678;20230530;0;0;0;0;0;14743.09;0;0;0;-14743.09;0
3110004;303;02;509805;2023;7;12 - EDUCAÇÃO;122 - ADMINISTRAÇÃO GERAL;0002 - GESTÃO DA SECRETARIA MUNICIPAL DE EDUCAÇÃO;2002 - MANUTENÇÃO DA SECRETARIA;;3.3.90.14.05 - 3.3.90.14.05;1.500.000 - RECURSOS NÃO VINCULADOS DE IMPOSTOS;1001 - IDENTIFICAÇÃO DAS DESPESAS COM MANUTENÇÃO E DESENVOLVIMENTO DO ENSINO;3484;20230712;130.29;0;0;130.29;0;130.29;0;0;0;0;0
3110004;303;02;509805;2023;7;12 - EDUCAÇÃO;361 - ENSINO FUNDAMENTAL;0003 - MANUTENÇÃO DA EDUCAÇÃO BÁSICA;1191 - REMUNERAÇÃO DOS PROFISSIONAIS DO ENSINO FUNDAMENTAL;;3.1.90.94.01 - 3.1.90.94.01;1.500.000 - RECURSOS NÃO VINCULADOS DE IMPOSTOS;1001 - IDENTIFICAÇÃO DAS DESPESAS COM MANUTENÇÃO E DESENVOLVIMENTO DO ENSINO;3611;20230725;4347.8;0;0;4347.8;0;4347.8;0;0;0;0;0
3110004;303;02;509805;2023;7;12 - EDUCAÇÃO;361 - ENSINO FUNDAMENTAL;0027 - GESTÃO DO CENTRO ESPECIALIZADO DE ATENÇÃO À CRIANÇA E AO ADOLESCENTE;2049 - MANUTENÇÃO DO CEACA;;3.1.90.13.01 - 3.1.90.13.01;1.500.000 - RECURSOS NÃO VINCULADOS DE IMPOSTOS;1001 - IDENTIFICAÇÃO DAS DESPESAS COM MANUTENÇÃO E DESENVOLVIMENTO DO ENSINO;3775;20230727;1973.06;0;0;1973.06;0;0;0;0;0;1973.06;0
3110004;303;02;509805;2023;7;12 - EDUCAÇÃO;361 - ENSINO FUNDAMENTAL;0003 - MANUTENÇÃO DA EDUCAÇÃO BÁSICA;2062 - MANUTENÇÃO DO ENSINO FUNDAMENTAL;;3.3.90.39.61 - 3.3.90.39.61;1.500.000 - RECURSOS NÃO VINCULADOS DE IMPOSTOS;1001 - IDENTIFICAÇÃO DAS DESPESAS COM MANUTENÇÃO E DESENVOLVIMENTO DO ENSINO;3459;20230711;390;0;0;390;0;390;0;0;0;0;0
3110004;303;02;509805;2023;7;12 - EDUCAÇÃO;365 - EDUCAÇÃO INFANTIL;0003 - MANUTENÇÃO DA EDUCAÇÃO BÁSICA;2006 - MANUTENÇÃO DA EDUCAÇÃO INFANTIL;;3.3.90.32.99 - 3.3.90.32.99;1.500.000 - RECURSOS NÃO VINCULADOS DE IMPOSTOS;1001 - IDENTIFICAÇÃO DAS DESPESAS COM MANUTENÇÃO E DESENVOLVIMENTO DO ENSINO;2973;20230616;0;0;0;31407.75;0;31407.75;0;0;0;0;-31407.75
3110004;303;02;509805;2023;7;12 - EDUCAÇÃO;361 - ENSINO FUNDAMENTAL;0003 - MANUTENÇÃO DA EDUCAÇÃO BÁSICA;1191 - REMUNERAÇÃO DOS PROFISSIONAIS DO ENSINO FUNDAMENTAL;;3.1.90.13.01 - 3.1.90.13.01;1.500.000 - RECURSOS NÃO VINCULADOS DE IMPOSTOS;1001 - IDENTIFICAÇÃO DAS DESPESAS COM MANUTENÇÃO E DESENVOLVIMENTO DO ENSINO;3255;20230628;0;0;0;0;0;8281.07;0;0;0;-8281.07;0
3110004;303;02;509805;2023;8;12 - EDUCAÇÃO;361 - ENSINO FUNDAMENTAL;0003 - MANUTENÇÃO DA EDUCAÇÃO BÁSICA;2062 - MANUTENÇÃO DO ENSINO FUNDAMENTAL;;3.1.90.13.01 - 3.1.90.13.01;1.500.000 - RECURSOS NÃO VINCULADOS DE IMPOSTOS;1001 - IDENTIFICAÇÃO DAS DESPESAS COM MANUTENÇÃO E DESENVOLVIMENTO DO ENSINO;4293;20230828;2039.84;0;0;2039.84;0;0;0;0;0;2039.84;0
3110004;303;02;509805;2023;8;12 - EDUCAÇÃO;122 - ADMINISTRAÇÃO GERAL;0002 - GESTÃO DA SECRETARIA MUNICIPAL DE EDUCAÇÃO;2002 - MANUTENÇÃO DA SECRETARIA;;3.3.90.36.14 - 3.3.90.36.14;1.500.000 - RECURSOS NÃO VINCULADOS DE IMPOSTOS;1001 - IDENTIFICAÇÃO DAS DESPESAS COM MANUTENÇÃO E DESENVOLVIMENTO DO ENSINO;783;20230223;0;0;0;2626.26;0;2587.7;0;38.56;0;38.56;-2626.26
3110004;303;02;509805;2023;8;12 - EDUCAÇÃO;122 - ADMINISTRAÇÃO GERAL;0002 - GESTÃO DA SECRETARIA MUNICIPAL DE EDUCAÇÃO;2002 - MANUTENÇÃO DA SECRETARIA;;3.3.90.39.60 - 3.3.90.39.60;1.500.000 - RECURSOS NÃO VINCULADOS DE IMPOSTOS;1001 - IDENTIFICAÇÃO DAS DESPESAS COM MANUTENÇÃO E DESENVOLVIMENTO DO ENSINO;3397;20230706;0;0;0;7365.6;0;7152;0;213.6;0;213.6;-7365.6
3110004;303;02;509805;2023;8;12 - EDUCAÇÃO;122 - ADMINISTRAÇÃO GERAL;0002 - GESTÃO DA SECRETARIA MUNICIPAL DE EDUCAÇÃO;2002 - MANUTENÇÃO DA SECRETARIA;;3.3.90.39.13 - 3.3.90.39.13;1.500.000 - RECURSOS NÃO VINCULADOS DE IMPOSTOS;1001 - IDENTIFICAÇÃO DAS DESPESAS COM MANUTENÇÃO E DESENVOLVIMENTO DO ENSINO;3462;20230711;0;0;0;12079.76;0;11499.94;0;579.82;0;579.82;-12079.76
3110004;303;02;509805;2023;8;12 - EDUCAÇÃO;361 - ENSINO FUNDAMENTAL;0003 - MANUTENÇÃO DA EDUCAÇÃO BÁSICA;1191 - REMUNERAÇÃO DOS PROFISSIONAIS DO ENSINO FUNDAMENTAL;;3.1.90.04.99 - 3.1.90.04.99;1.500.000 - RECURSOS NÃO VINCULADOS DE IMPOSTOS;1001 - IDENTIFICAÇÃO DAS DESPESAS COM MANUTENÇÃO E DESENVOLVIMENTO DO ENSINO;4187;20230828;66653.86;0;0;66653.86;0;56546.46;0;10107.4;0;10107.4;0
3110004;303;02;509805;2023;8;12 - EDUCAÇÃO;122 - ADMINISTRAÇÃO GERAL;0002 - GESTÃO DA SECRETARIA MUNICIPAL DE EDUCAÇÃO;2002 - MANUTENÇÃO DA SECRETARIA;;3.3.90.30.16 - 3.3.90.30.16;1.500.000 - RECURSOS NÃO VINCULADOS DE IMPOSTOS;1001 - IDENTIFICAÇÃO DAS DESPESAS COM MANUTENÇÃO E DESENVOLVIMENTO DO ENSINO;3619;20230725;0;0;0;24004.78;0;24004.78;0;0;0;0;-24004.78
3110004;303;02;509805;2023;9;12 - EDUCAÇÃO;365 - EDUCAÇÃO INFANTIL;0221 - MANUTENÇÃO DA EDUCAÇÃO BÁSICA;2407 - REMUNERAÇÃO PESSOAL EDUCAÇÃO INFANTILCRECHE;;3.1.90.13.03 - 3.1.90.13.03;1.500.000 - RECURSOS NÃO VINCULADOS DE IMPOSTOS;1001 - IDENTIFICAÇÃO DAS DESPESAS COM MANUTENÇÃO E DESENVOLVIMENTO DO ENSINO;4299;20230828;0;0;0;0;0;1187.99;0;0;0;-1187.99;0
3110004;303;02;509805;2023;10;12 - EDUCAÇÃO;361 - ENSINO FUNDAMENTAL;0013 - TRANSFERÊNCIA AS CAIXAS ESCOLARES;2032 - CONTRIBUIÇÃO AS ESCOLAS MUNICIPAIS;;3.3.50.41.00 - 3.3.50.41.00;1.500.000 - RECURSOS NÃO VINCULADOS DE IMPOSTOS;1001 - IDENTIFICAÇÃO DAS DESPESAS COM MANUTENÇÃO E DESENVOLVIMENTO DO ENSINO;4702;20230926;0;0;0;0;0;3500;0;0;0;-3500;0
3110004;303;02;509805;2023;10;12 - EDUCAÇÃO;361 - ENSINO FUNDAMENTAL;0027 - GESTÃO DO CENTRO ESPECIALIZADO DE ATENÇÃO À CRIANÇA E AO ADOLESCENTE;2049 - MANUTENÇÃO DO CEACA;;3.1.90.11.11 - 3.1.90.11.11;1.500.000 - RECURSOS NÃO VINCULADOS DE IMPOSTOS;1001 - IDENTIFICAÇÃO DAS DESPESAS COM MANUTENÇÃO E DESENVOLVIMENTO DO ENSINO;5379;20231031;29451.62;0;0;29451.62;0;24670.45;0;4781.17;0;4781.17;0
3110004;303;02;509805;2023;12;12 - EDUCAÇÃO;361 - ENSINO FUNDAMENTAL;0027 - GESTÃO DO CENTRO ESPECIALIZADO DE ATENÇÃO À CRIANÇA E AO ADOLESCENTE;2049 - MANUTENÇÃO DO CEACA;;3.1.90.13.01 - 3.1.90.13.01;1.500.000 - RECURSOS NÃO VINCULADOS DE IMPOSTOS;1001 - IDENTIFICAÇÃO DAS DESPESAS COM MANUTENÇÃO E DESENVOLVIMENTO DO ENSINO;5937;20231129;0;0;0;0;0;1973.81;0;0;0;-1973.81;0
3110004;303;02;509805;2023;12;12 - EDUCAÇÃO;122 - ADMINISTRAÇÃO GERAL;0002 - GESTÃO DA SECRETARIA MUNICIPAL DE EDUCAÇÃO;2002 - MANUTENÇÃO DA SECRETARIA;;3.3.90.14.05 - 3.3.90.14.05;1.500.000 - RECURSOS NÃO VINCULADOS DE IMPOSTOS;1001 - IDENTIFICAÇÃO DAS DESPESAS COM MANUTENÇÃO E DESENVOLVIMENTO DO ENSINO;6095;20231204;86.86;0;0;86.86;0;86.86;0;0;0;0;0
3110004;303;02;509805;2023;12;12 - EDUCAÇÃO;361 - ENSINO FUNDAMENTAL;0027 - GESTÃO DO CENTRO ESPECIALIZADO DE ATENÇÃO À CRIANÇA E AO ADOLESCENTE;2049 - MANUTENÇÃO DO CEACA;;3.1.90.11.11 - 3.1.90.11.11;1.500.000 - RECURSOS NÃO VINCULADOS DE IMPOSTOS;1001 - IDENTIFICAÇÃO DAS DESPESAS COM MANUTENÇÃO E DESENVOLVIMENTO DO ENSINO;6236;20231214;27360.38;0;0;27360.38;0;23661.66;0;3698.72;0;3698.72;0
3110004;303;02;509805;2023;12;12 - EDUCAÇÃO;361 - ENSINO FUNDAMENTAL;0003 - MANUTENÇÃO DA EDUCAÇÃO BÁSICA;1191 - REMUNERAÇÃO DOS PROFISSIONAIS DO ENSINO FUNDAMENTAL;;3.1.90.16.00 - 3.1.90.16.00;1.500.000 - RECURSOS NÃO VINCULADOS DE IMPOSTOS;1001 - IDENTIFICAÇÃO DAS DESPESAS COM MANUTENÇÃO E DESENVOLVIMENTO DO ENSINO;7269;20231228;1187.03;0;0;1187.03;0;1187.03;0;0;0;0;0
3110004;303;02;509805;2023;12;12 - EDUCAÇÃO;365 - EDUCAÇÃO INFANTIL;0003 - MANUTENÇÃO DA EDUCAÇÃO BÁSICA;2006 - MANUTENÇÃO DA EDUCAÇÃO INFANTIL;;3.3.90.32.99 - 3.3.90.32.99;1.500.000 - RECURSOS NÃO VINCULADOS DE IMPOSTOS;1001 - IDENTIFICAÇÃO DAS DESPESAS COM MANUTENÇÃO E DESENVOLVIMENTO DO ENSINO;6161;20231211;514.2;0;0;0;0;0;0;0;0;0;514.2
3110004;303;02;509805;2023;9;12 - EDUCAÇÃO;361 - ENSINO FUNDAMENTAL;0027 - GESTÃO DO CENTRO ESPECIALIZADO DE ATENÇÃO À CRIANÇA E AO ADOLESCENTE;2049 - MANUTENÇÃO DO CEACA;;3.1.90.13.03 - 3.1.90.13.03;1.500.000 - RECURSOS NÃO VINCULADOS DE IMPOSTOS;1001 - IDENTIFICAÇÃO DAS DESPESAS COM MANUTENÇÃO E DESENVOLVIMENTO DO ENSINO;4874;20230927;6582.15;0;0;6582.15;0;0;0;0;0;6582.15;0
3110004;303;02;509805;2023;11;12 - EDUCAÇÃO;361 - ENSINO FUNDAMENTAL;0027 - GESTÃO DO CENTRO ESPECIALIZADO DE ATENÇÃO À CRIANÇA E AO ADOLESCENTE;2049 - MANUTENÇÃO DO CEACA;;3.1.90.13.03 - 3.1.90.13.03;1.500.000 - RECURSOS NÃO VINCULADOS DE IMPOSTOS;1001 - IDENTIFICAÇÃO DAS DESPESAS COM MANUTENÇÃO E DESENVOLVIMENTO DO ENSINO;5489;20231031;0;0;0;0;0;6582.15;0;0;0;-6582.15;0
3110004;303;02;509805;2023;9;12 - EDUCAÇÃO;361 - ENSINO FUNDAMENTAL;0013 - TRANSFERÊNCIA AS CAIXAS ESCOLARES;2032 - CONTRIBUIÇÃO AS ESCOLAS MUNICIPAIS;;3.3.50.41.00 - 3.3.50.41.00;1.500.000 - RECURSOS NÃO VINCULADOS DE IMPOSTOS;1001 - IDENTIFICAÇÃO DAS DESPESAS COM MANUTENÇÃO E DESENVOLVIMENTO DO ENSINO;4713;20230927;6000;0;0;6000;0;0;0;0;0;6000;0
3110004;303;02;509805;2023;9;12 - EDUCAÇÃO;122 - ADMINISTRAÇÃO GERAL;0002 - GESTÃO DA SECRETARIA MUNICIPAL DE EDUCAÇÃO;2001 - REMUNERAÇÃO PESSOAL DA SECRETARIA;;3.1.90.13.01 - 3.1.90.13.01;1.500.000 - RECURSOS NÃO VINCULADOS DE IMPOSTOS;1001 - IDENTIFICAÇÃO DAS DESPESAS COM MANUTENÇÃO E DESENVOLVIMENTO DO ENSINO;4864;20230927;2713.03;0;0;2713.03;0;0;0;0;0;2713.03;0
3110004;303;02;509805;2023;9;12 - EDUCAÇÃO;361 - ENSINO FUNDAMENTAL;0013 - TRANSFERÊNCIA AS CAIXAS ESCOLARES;2032 - CONTRIBUIÇÃO AS ESCOLAS MUNICIPAIS;;3.3.50.41.00 - 3.3.50.41.00;1.500.000 - RECURSOS NÃO VINCULADOS DE IMPOSTOS;1001 - IDENTIFICAÇÃO DAS DESPESAS COM MANUTENÇÃO E DESENVOLVIMENTO DO ENSINO;4702;20230926;3500;0;0;3500;0;0;0;0;0;3500;0
3110004;303;02;509805;2023;9;12 - EDUCAÇÃO;361 - ENSINO FUNDAMENTAL;0003 - MANUTENÇÃO DA EDUCAÇÃO BÁSICA;2062 - MANUTENÇÃO DO ENSINO FUNDAMENTAL;;3.3.90.30.22 - 3.3.90.30.22;1.500.000 - RECURSOS NÃO VINCULADOS DE IMPOSTOS;1001 - IDENTIFICAÇÃO DAS DESPESAS COM MANUTENÇÃO E DESENVOLVIMENTO DO ENSINO;4668;20230922;7785.1;0;0;0;0;0;0;0;0;0;7785.1
3110004;303;02;509805;2023;11;12 - EDUCAÇÃO;361 - ENSINO FUNDAMENTAL;0003 - MANUTENÇÃO DA EDUCAÇÃO BÁSICA;1200 - CONSTRUÇÃO E REFORMA DE PRÉDIOS ESCOLARES ENSINO FUNDAMENTAL;;4.4.90.51.02 - 4.4.90.51.02;1.500.000 - RECURSOS NÃO VINCULADOS DE IMPOSTOS;1001 - IDENTIFICAÇÃO DAS DESPESAS COM MANUTENÇÃO E DESENVOLVIMENTO DO ENSINO;5589;20231031;0;0;0;6670.63;0;6390.46;0;280.17;0;280.17;-6670.63
3110004;303;02;509805;2023;11;12 - EDUCAÇÃO;122 - ADMINISTRAÇÃO GERAL;0002 - GESTÃO DA SECRETARIA MUNICIPAL DE EDUCAÇÃO;2002 - MANUTENÇÃO DA SECRETARIA;;3.3.90.36.14 - 3.3.90.36.14;1.500.000 - RECURSOS NÃO VINCULADOS DE IMPOSTOS;1001 - IDENTIFICAÇÃO DAS DESPESAS COM MANUTENÇÃO E DESENVOLVIMENTO DO ENSINO;783;20230223;0;0;0;2626.26;0;2626.26;0;0;0;0;-2626.26
3110004;303;02;509805;2023;9;12 - EDUCAÇÃO;122 - ADMINISTRAÇÃO GERAL;0002 - GESTÃO DA SECRETARIA MUNICIPAL DE EDUCAÇÃO;2002 - MANUTENÇÃO DA SECRETARIA;;3.3.90.39.60 - 3.3.90.39.60;1.500.000 - RECURSOS NÃO VINCULADOS DE IMPOSTOS;1001 - IDENTIFICAÇÃO DAS DESPESAS COM MANUTENÇÃO E DESENVOLVIMENTO DO ENSINO;4493;20230911;36828;0;0;7365.6;0;7152;0;213.6;0;213.6;29462.4
3110004;303;02;509805;2023;10;12 - EDUCAÇÃO;361 - ENSINO FUNDAMENTAL;0013 - TRANSFERÊNCIA AS CAIXAS ESCOLARES;2032 - CONTRIBUIÇÃO AS ESCOLAS MUNICIPAIS;;3.3.50.41.00 - 3.3.50.41.00;1.500.000 - RECURSOS NÃO VINCULADOS DE IMPOSTOS;1001 - IDENTIFICAÇÃO DAS DESPESAS COM MANUTENÇÃO E DESENVOLVIMENTO DO ENSINO;4711;20230927;0;0;0;0;0;7500;0;0;0;-7500;0
3110004;303;02;509805;2023;11;12 - EDUCAÇÃO;361 - ENSINO FUNDAMENTAL;0019 - GESTÃO DO TRANSPORTE ESCOLAR;2042 - REMUNERAÇÃO PESSOAL TRANSPORTE ESCOLAR ENSINO FUNDAMENTAL;;3.1.90.13.03 - 3.1.90.13.03;1.500.000 - RECURSOS NÃO VINCULADOS DE IMPOSTOS;1001 - IDENTIFICAÇÃO DAS DESPESAS COM MANUTENÇÃO E DESENVOLVIMENTO DO ENSINO;5487;20231031;0;0;0;0;0;2258.86;0;0;0;-2258.86;0
3110004;303;02;509805;2023;12;12 - EDUCAÇÃO;122 - ADMINISTRAÇÃO GERAL;0002 - GESTÃO DA SECRETARIA MUNICIPAL DE EDUCAÇÃO;2001 - REMUNERAÇÃO PESSOAL DA SECRETARIA;;3.1.90.04.99 - 3.1.90.04.99;1.500.000 - RECURSOS NÃO VINCULADOS DE IMPOSTOS;1001 - IDENTIFICAÇÃO DAS DESPESAS COM MANUTENÇÃO E DESENVOLVIMENTO DO ENSINO;6227;20231214;4106.97;0;0;4106.97;0;3786.17;0;320.8;0;320.8;0
3110004;303;02;509805;2023;12;12 - EDUCAÇÃO;361 - ENSINO FUNDAMENTAL;0003 - MANUTENÇÃO DA EDUCAÇÃO BÁSICA;1191 - REMUNERAÇÃO DOS PROFISSIONAIS DO ENSINO FUNDAMENTAL;;3.1.90.94.01 - 3.1.90.94.01;1.500.000 - RECURSOS NÃO VINCULADOS DE IMPOSTOS;1001 - IDENTIFICAÇÃO DAS DESPESAS COM MANUTENÇÃO E DESENVOLVIMENTO DO ENSINO;7226;20231222;6474.36;0;0;6474.36;0;6474.36;0;0;0;0;0
3110004;303;02;509805;2023;12;12 - EDUCAÇÃO;361 - ENSINO FUNDAMENTAL;0019 - GESTÃO DO TRANSPORTE ESCOLAR;2042 - REMUNERAÇÃO PESSOAL TRANSPORTE ESCOLAR ENSINO FUNDAMENTAL;;3.1.90.13.03 - 3.1.90.13.03;1.500.000 - RECURSOS NÃO VINCULADOS DE IMPOSTOS;1001 - IDENTIFICAÇÃO DAS DESPESAS COM MANUTENÇÃO E DESENVOLVIMENTO DO ENSINO;7372;20231228;2355.02;0;0;2355.02;0;0;0;0;0;2355.02;0
3110004;303;02;509805;2023;11;12 - EDUCAÇÃO;361 - ENSINO FUNDAMENTAL;0003 - MANUTENÇÃO DA EDUCAÇÃO BÁSICA;1191 - REMUNERAÇÃO DOS PROFISSIONAIS DO ENSINO FUNDAMENTAL;;3.1.90.94.01 - 3.1.90.94.01;1.500.000 - RECURSOS NÃO VINCULADOS DE IMPOSTOS;1001 - IDENTIFICAÇÃO DAS DESPESAS COM MANUTENÇÃO E DESENVOLVIMENTO DO ENSINO;5611;20231109;3200.99;0;0;3200.99;0;3200.99;0;0;0;0;0
3110004;303;02;509805;2023;12;12 - EDUCAÇÃO;365 - EDUCAÇÃO INFANTIL;0221 - MANUTENÇÃO DA EDUCAÇÃO BÁSICA;2407 - REMUNERAÇÃO PESSOAL EDUCAÇÃO INFANTILCRECHE;;3.1.90.13.01 - 3.1.90.13.01;1.500.000 - RECURSOS NÃO VINCULADOS DE IMPOSTOS;1001 - IDENTIFICAÇÃO DAS DESPESAS COM MANUTENÇÃO E DESENVOLVIMENTO DO ENSINO;5939;20231129;0;0;0;0;0;446.66;0;0;0;-446.66;0
3110004;303;02;509805;2023;9;12 - EDUCAÇÃO;365 - EDUCAÇÃO INFANTIL;0221 - MANUTENÇÃO DA EDUCAÇÃO BÁSICA;2407 - REMUNERAÇÃO PESSOAL EDUCAÇÃO INFANTILCRECHE;;3.1.90.13.01 - 3.1.90.13.01;1.500.000 - RECURSOS NÃO VINCULADOS DE IMPOSTOS;1001 - IDENTIFICAÇÃO DAS DESPESAS COM MANUTENÇÃO E DESENVOLVIMENTO DO ENSINO;4298;20230828;0;0;0;0;0;446.66;0;0;0;-446.66;0
3110004;303;02;509805;2023;10;12 - EDUCAÇÃO;361 - ENSINO FUNDAMENTAL;0003 - MANUTENÇÃO DA EDUCAÇÃO BÁSICA;1191 - REMUNERAÇÃO DOS PROFISSIONAIS DO ENSINO FUNDAMENTAL;;3.1.90.04.99 - 3.1.90.04.99;1.500.000 - RECURSOS NÃO VINCULADOS DE IMPOSTOS;1001 - IDENTIFICAÇÃO DAS DESPESAS COM MANUTENÇÃO E DESENVOLVIMENTO DO ENSINO;5373;20231031;67386.99;0;0;67386.99;0;57546.32;0;9840.67;0;9840.67;0
3110004;303;02;509805;2023;12;12 - EDUCAÇÃO;361 - ENSINO FUNDAMENTAL;0027 - GESTÃO DO CENTRO ESPECIALIZADO DE ATENÇÃO À CRIANÇA E AO ADOLESCENTE;2049 - MANUTENÇÃO DO CEACA;;3.1.90.11.11 - 3.1.90.11.11;1.500.000 - RECURSOS NÃO VINCULADOS DE IMPOSTOS;1001 - IDENTIFICAÇÃO DAS DESPESAS COM MANUTENÇÃO E DESENVOLVIMENTO DO ENSINO;7273;20231228;29451.62;0;0;29451.62;0;24639.49;0;4812.13;0;4812.13;0
3110004;303;02;509805;2023;12;12 - EDUCAÇÃO;365 - EDUCAÇÃO INFANTIL;0003 - MANUTENÇÃO DA EDUCAÇÃO BÁSICA;2006 - MANUTENÇÃO DA EDUCAÇÃO INFANTIL;;3.3.90.32.99 - 3.3.90.32.99;1.500.000 - RECURSOS NÃO VINCULADOS DE IMPOSTOS;1001 - IDENTIFICAÇÃO DAS DESPESAS COM MANUTENÇÃO E DESENVOLVIMENTO DO ENSINO;6105;20231204;1627.92;0;0;0;0;0;0;0;0;0;1627.92
3110004;303;02;509805;2023;10;12 - EDUCAÇÃO;361 - ENSINO FUNDAMENTAL;0013 - TRANSFERÊNCIA AS CAIXAS ESCOLARES;2032 - CONTRIBUIÇÃO AS ESCOLAS MUNICIPAIS;;3.3.50.41.00 - 3.3.50.41.00;1.500.000 - RECURSOS NÃO VINCULADOS DE IMPOSTOS;1001 - IDENTIFICAÇÃO DAS DESPESAS COM MANUTENÇÃO E DESENVOLVIMENTO DO ENSINO;4705;20230926;0;0;0;0;0;3000;0;0;0;-3000;0
3110004;303;02;509805;2023;10;12 - EDUCAÇÃO;361 - ENSINO FUNDAMENTAL;0013 - TRANSFERÊNCIA AS CAIXAS ESCOLARES;2032 - CONTRIBUIÇÃO AS ESCOLAS MUNICIPAIS;;3.3.50.41.00 - 3.3.50.41.00;1.500.000 - RECURSOS NÃO VINCULADOS DE IMPOSTOS;1001 - IDENTIFICAÇÃO DAS DESPESAS COM MANUTENÇÃO E DESENVOLVIMENTO DO ENSINO;4715;20230927;0;0;0;0;0;4900;0;0;0;-4900;0
3110004;303;02;509805;2023;9;12 - EDUCAÇÃO;122 - ADMINISTRAÇÃO GERAL;0002 - GESTÃO DA SECRETARIA MUNICIPAL DE EDUCAÇÃO;2002 - MANUTENÇÃO DA SECRETARIA;;3.3.90.49.00 - 3.3.90.49.00;1.500.000 - RECURSOS NÃO VINCULADOS DE IMPOSTOS;1001 - IDENTIFICAÇÃO DAS DESPESAS COM MANUTENÇÃO E DESENVOLVIMENTO DO ENSINO;4138;20230825;0;0;0;17259;0;17259;0;0;0;0;-17259
3110004;303;02;509805;2023;9;12 - EDUCAÇÃO;361 - ENSINO FUNDAMENTAL;0013 - TRANSFERÊNCIA AS CAIXAS ESCOLARES;2032 - CONTRIBUIÇÃO AS ESCOLAS MUNICIPAIS;;3.3.50.41.00 - 3.3.50.41.00;1.500.000 - RECURSOS NÃO VINCULADOS DE IMPOSTOS;1001 - IDENTIFICAÇÃO DAS DESPESAS COM MANUTENÇÃO E DESENVOLVIMENTO DO ENSINO;4715;20230927;4900;0;0;4900;0;0;0;0;0;4900;0
3110004;303;02;509805;2023;12;12 - EDUCAÇÃO;122 - ADMINISTRAÇÃO GERAL;0002 - GESTÃO DA SECRETARIA MUNICIPAL DE EDUCAÇÃO;2002 - MANUTENÇÃO DA SECRETARIA;;3.3.90.36.14 - 3.3.90.36.14;1.500.000 - RECURSOS NÃO VINCULADOS DE IMPOSTOS;1001 - IDENTIFICAÇÃO DAS DESPESAS COM MANUTENÇÃO E DESENVOLVIMENTO DO ENSINO;783;20230223;0;0;104.55;5252.52;0;2626.26;0;0;0;2626.26;-5357.07
3110004;303;02;509805;2023;12;12 - EDUCAÇÃO;365 - EDUCAÇÃO INFANTIL;0003 - MANUTENÇÃO DA EDUCAÇÃO BÁSICA;1189 - REMUNERAÇÃO DOS PROFISSIONAIS QUE ATUAM NO PROGRAMA DE EDUCAÇÃO INFANTIL;;3.1.90.94.01 - 3.1.90.94.01;1.500.000 - RECURSOS NÃO VINCULADOS DE IMPOSTOS;1001 - IDENTIFICAÇÃO DAS DESPESAS COM MANUTENÇÃO E DESENVOLVIMENTO DO ENSINO;7220;20231222;3446.07;0;0;3446.07;0;3446.07;0;0;0;0;0
3110004;303;02;509805;2023;12;12 - EDUCAÇÃO;365 - EDUCAÇÃO INFANTIL;0003 - MANUTENÇÃO DA EDUCAÇÃO BÁSICA;1189 - REMUNERAÇÃO DOS PROFISSIONAIS QUE ATUAM NO PROGRAMA DE EDUCAÇÃO INFANTIL;;3.1.90.11.11 - 3.1.90.11.11;1.500.000 - RECURSOS NÃO VINCULADOS DE IMPOSTOS;1001 - IDENTIFICAÇÃO DAS DESPESAS COM MANUTENÇÃO E DESENVOLVIMENTO DO ENSINO;7274;20231228;145807.41;0;0;145807.41;0;111271.34;0;34536.07;0;34536.07;0
3110004;303;02;509805;2023;12;12 - EDUCAÇÃO;361 - ENSINO FUNDAMENTAL;0019 - GESTÃO DO TRANSPORTE ESCOLAR;2041 - MANUTENÇÃO TRANSPORTE ESCOLAR DO ENSINO FUNDAMENTAL;;3.3.90.39.99 - 3.3.90.39.99;1.500.000 - RECURSOS NÃO VINCULADOS DE IMPOSTOS;1001 - IDENTIFICAÇÃO DAS DESPESAS COM MANUTENÇÃO E DESENVOLVIMENTO DO ENSINO;7194;20231222;90000;0;0;0;0;0;0;0;0;0;90000
3110004;303;02;509805;2023;12;12 - EDUCAÇÃO;361 - ENSINO FUNDAMENTAL;0019 - GESTÃO DO TRANSPORTE ESCOLAR;2042 - REMUNERAÇÃO PESSOAL TRANSPORTE ESCOLAR ENSINO FUNDAMENTAL;;3.1.90.04.99 - 3.1.90.04.99;1.500.000 - RECURSOS NÃO VINCULADOS DE IMPOSTOS;1001 - IDENTIFICAÇÃO DAS DESPESAS COM MANUTENÇÃO E DESENVOLVIMENTO DO ENSINO;6235;20231214;6387.27;0;0;6387.27;0;5866.78;0;520.49;0;520.49;0
3110004;303;02;509805;2023;12;12 - EDUCAÇÃO;361 - ENSINO FUNDAMENTAL;0003 - MANUTENÇÃO DA EDUCAÇÃO BÁSICA;2062 - MANUTENÇÃO DO ENSINO FUNDAMENTAL;;3.3.90.32.99 - 3.3.90.32.99;1.500.000 - RECURSOS NÃO VINCULADOS DE IMPOSTOS;1001 - IDENTIFICAÇÃO DAS DESPESAS COM MANUTENÇÃO E DESENVOLVIMENTO DO ENSINO;6160;20231211;24697.34;0;0;0;0;0;0;0;0;0;24697.34
3110004;303;02;509805;2023;10;12 - EDUCAÇÃO;122 - ADMINISTRAÇÃO GERAL;0002 - GESTÃO DA SECRETARIA MUNICIPAL DE EDUCAÇÃO;2002 - MANUTENÇÃO DA SECRETARIA;;3.3.90.40.02 - 3.3.90.40.02;1.500.000 - RECURSOS NÃO VINCULADOS DE IMPOSTOS;1001 - IDENTIFICAÇÃO DAS DESPESAS COM MANUTENÇÃO E DESENVOLVIMENTO DO ENSINO;2356;20230510;0;0;0;789.59;0;789.59;0;0;0;0;-789.59
3110004;303;02;509805;2023;10;12 - EDUCAÇÃO;361 - ENSINO FUNDAMENTAL;0003 - MANUTENÇÃO DA EDUCAÇÃO BÁSICA;2062 - MANUTENÇÃO DO ENSINO FUNDAMENTAL;;3.3.90.30.22 - 3.3.90.30.22;1.500.000 - RECURSOS NÃO VINCULADOS DE IMPOSTOS;1001 - IDENTIFICAÇÃO DAS DESPESAS COM MANUTENÇÃO E DESENVOLVIMENTO DO ENSINO;4672;20230922;0;0;0;4465.58;0;4411.99;0;53.59;0;53.59;-4465.58
3110004;303;02;509805;2023;10;12 - EDUCAÇÃO;365 - EDUCAÇÃO INFANTIL;0003 - MANUTENÇÃO DA EDUCAÇÃO BÁSICA;2006 - MANUTENÇÃO DA EDUCAÇÃO INFANTIL;;3.3.90.30.22 - 3.3.90.30.22;1.500.000 - RECURSOS NÃO VINCULADOS DE IMPOSTOS;1001 - IDENTIFICAÇÃO DAS DESPESAS COM MANUTENÇÃO E DESENVOLVIMENTO DO ENSINO;4683;20230925;0;0;0;1977.6;0;1953.87;0;23.73;0;23.73;-1977.6
3110004;303;02;509805;2023;10;12 - EDUCAÇÃO;361 - ENSINO FUNDAMENTAL;0003 - MANUTENÇÃO DA EDUCAÇÃO BÁSICA;1191 - REMUNERAÇÃO DOS PROFISSIONAIS DO ENSINO FUNDAMENTAL;;3.1.90.13.03 - 3.1.90.13.03;1.500.000 - RECURSOS NÃO VINCULADOS DE IMPOSTOS;1001 - IDENTIFICAÇÃO DAS DESPESAS COM MANUTENÇÃO E DESENVOLVIMENTO DO ENSINO;4869;20230927;0;0;0;0;0;36321.22;0;0;0;-36321.22;0
3110004;303;02;509805;2023;11;12 - EDUCAÇÃO;361 - ENSINO FUNDAMENTAL;0003 - MANUTENÇÃO DA EDUCAÇÃO BÁSICA;2062 - MANUTENÇÃO DO ENSINO FUNDAMENTAL;;3.1.90.13.03 - 3.1.90.13.03;1.500.000 - RECURSOS NÃO VINCULADOS DE IMPOSTOS;1001 - IDENTIFICAÇÃO DAS DESPESAS COM MANUTENÇÃO E DESENVOLVIMENTO DO ENSINO;5935;20231129;12693.03;0;0;12693.03;0;0;0;0;0;12693.03;0
3110004;303;02;509805;2023;12;12 - EDUCAÇÃO;122 - ADMINISTRAÇÃO GERAL;0002 - GESTÃO DA SECRETARIA MUNICIPAL DE EDUCAÇÃO;2002 - MANUTENÇÃO DA SECRETARIA;;3.3.90.39.13 - 3.3.90.39.13;1.500.000 - RECURSOS NÃO VINCULADOS DE IMPOSTOS;1001 - IDENTIFICAÇÃO DAS DESPESAS COM MANUTENÇÃO E DESENVOLVIMENTO DO ENSINO;5583;20231031;0;0;402.27;0;0;0;0;0;0;0;-402.27
3110004;303;02;509805;2023;9;12 - EDUCAÇÃO;122 - ADMINISTRAÇÃO GERAL;0002 - GESTÃO DA SECRETARIA MUNICIPAL DE EDUCAÇÃO;2001 - REMUNERAÇÃO PESSOAL DA SECRETARIA;;3.1.90.11.11 - 3.1.90.11.11;1.500.000 - RECURSOS NÃO VINCULADOS DE IMPOSTOS;1001 - IDENTIFICAÇÃO DAS DESPESAS COM MANUTENÇÃO E DESENVOLVIMENTO DO ENSINO;4761;20230927;36213.74;0;0;36213.74;0;22703.4;0;13510.34;0;13510.34;0
3110004;303;02;509805;2023;10;12 - EDUCAÇÃO;122 - ADMINISTRAÇÃO GERAL;0002 - GESTÃO DA SECRETARIA MUNICIPAL DE EDUCAÇÃO;2002 - MANUTENÇÃO DA SECRETARIA;;3.3.90.14.05 - 3.3.90.14.05;1.500.000 - RECURSOS NÃO VINCULADOS DE IMPOSTOS;1001 - IDENTIFICAÇÃO DAS DESPESAS COM MANUTENÇÃO E DESENVOLVIMENTO DO ENSINO;5336;20231030;86.86;0;0;86.86;0;0;0;0;0;86.86;0
3110004;303;02;509805;2023;10;12 - EDUCAÇÃO;122 - ADMINISTRAÇÃO GERAL;0002 - GESTÃO DA SECRETARIA MUNICIPAL DE EDUCAÇÃO;2001 - REMUNERAÇÃO PESSOAL DA SECRETARIA;;3.1.90.11.09 - 3.1.90.11.09;1.500.000 - RECURSOS NÃO VINCULADOS DE IMPOSTOS;1001 - IDENTIFICAÇÃO DAS DESPESAS COM MANUTENÇÃO E DESENVOLVIMENTO DO ENSINO;5368;20231031;9451.42;0;0;9451.42;0;6395.64;0;3055.78;0;3055.78;0
3110004;303;02;509805;2023;10;12 - EDUCAÇÃO;122 - ADMINISTRAÇÃO GERAL;0002 - GESTÃO DA SECRETARIA MUNICIPAL DE EDUCAÇÃO;2002 - MANUTENÇÃO DA SECRETARIA;;3.3.90.39.99 - 3.3.90.39.99;1.500.000 - RECURSOS NÃO VINCULADOS DE IMPOSTOS;1001 - IDENTIFICAÇÃO DAS DESPESAS COM MANUTENÇÃO E DESENVOLVIMENTO DO ENSINO;5175;20231009;40000;0;0;34843.62;0;34759.99;0;83.63;0;83.63;5156.38
3110004;303;02;509805;2023;12;12 - EDUCAÇÃO;122 - ADMINISTRAÇÃO GERAL;0002 - GESTÃO DA SECRETARIA MUNICIPAL DE EDUCAÇÃO;2001 - REMUNERAÇÃO PESSOAL DA SECRETARIA;;3.1.90.11.11 - 3.1.90.11.11;1.500.000 - RECURSOS NÃO VINCULADOS DE IMPOSTOS;1001 - IDENTIFICAÇÃO DAS DESPESAS COM MANUTENÇÃO E DESENVOLVIMENTO DO ENSINO;7263;20231228;77689.18;0;0;77689.18;0;50996.64;0;26692.54;0;26692.54;0
3110004;303;02;509805;2023;12;12 - EDUCAÇÃO;361 - ENSINO FUNDAMENTAL;0003 - MANUTENÇÃO DA EDUCAÇÃO BÁSICA;1191 - REMUNERAÇÃO DOS PROFISSIONAIS DO ENSINO FUNDAMENTAL;;3.1.90.94.01 - 3.1.90.94.01;1.500.000 - RECURSOS NÃO VINCULADOS DE IMPOSTOS;1001 - IDENTIFICAÇÃO DAS DESPESAS COM MANUTENÇÃO E DESENVOLVIMENTO DO ENSINO;7203;20231222;4691.56;0;0;4691.56;0;4691.56;0;0;0;0;0
3110004;303;02;509805;2023;12;12 - EDUCAÇÃO;365 - EDUCAÇÃO INFANTIL;0221 - MANUTENÇÃO DA EDUCAÇÃO BÁSICA;2407 - REMUNERAÇÃO PESSOAL EDUCAÇÃO INFANTILCRECHE;;3.1.90.11.11 - 3.1.90.11.11;1.500.000 - RECURSOS NÃO VINCULADOS DE IMPOSTOS;1001 - IDENTIFICAÇÃO DAS DESPESAS COM MANUTENÇÃO E DESENVOLVIMENTO DO ENSINO;7275;20231228;232073.35;0;0;232073.35;0;179834.42;0;52238.93;0;52238.93;0
3110004;303;02;509805;2023;9;12 - EDUCAÇÃO;361 - ENSINO FUNDAMENTAL;0019 - GESTÃO DO TRANSPORTE ESCOLAR;2042 - REMUNERAÇÃO PESSOAL TRANSPORTE ESCOLAR ENSINO FUNDAMENTAL;;3.1.90.13.03 - 3.1.90.13.03;1.500.000 - RECURSOS NÃO VINCULADOS DE IMPOSTOS;1001 - IDENTIFICAÇÃO DAS DESPESAS COM MANUTENÇÃO E DESENVOLVIMENTO DO ENSINO;4295;20230828;0;0;0;0;0;1113.03;0;0;0;-1113.03;0
3110004;303;02;509805;2023;9;12 - EDUCAÇÃO;361 - ENSINO FUNDAMENTAL;0019 - GESTÃO DO TRANSPORTE ESCOLAR;2042 - REMUNERAÇÃO PESSOAL TRANSPORTE ESCOLAR ENSINO FUNDAMENTAL;;3.1.90.13.03 - 3.1.90.13.03;1.500.000 - RECURSOS NÃO VINCULADOS DE IMPOSTOS;1001 - IDENTIFICAÇÃO DAS DESPESAS COM MANUTENÇÃO E DESENVOLVIMENTO DO ENSINO;4872;20230927;1622.85;0;0;1622.85;0;0;0;25.92;0;1622.85;0
3110004;303;02;509805;2023;9;12 - EDUCAÇÃO;361 - ENSINO FUNDAMENTAL;0013 - TRANSFERÊNCIA AS CAIXAS ESCOLARES;2032 - CONTRIBUIÇÃO AS ESCOLAS MUNICIPAIS;;3.3.50.41.00 - 3.3.50.41.00;1.500.000 - RECURSOS NÃO VINCULADOS DE IMPOSTOS;1001 - IDENTIFICAÇÃO DAS DESPESAS COM MANUTENÇÃO E DESENVOLVIMENTO DO ENSINO;4718;20230927;10600;0;0;10600;0;0;0;0;0;10600;0
3110004;303;02;509805;2023;9;12 - EDUCAÇÃO;365 - EDUCAÇÃO INFANTIL;0003 - MANUTENÇÃO DA EDUCAÇÃO BÁSICA;2006 - MANUTENÇÃO DA EDUCAÇÃO INFANTIL;;3.3.90.32.99 - 3.3.90.32.99;1.500.000 - RECURSOS NÃO VINCULADOS DE IMPOSTOS;1001 - IDENTIFICAÇÃO DAS DESPESAS COM MANUTENÇÃO E DESENVOLVIMENTO DO ENSINO;4396;20230901;61107.75;0;0;0;0;0;0;0;0;0;61107.75
3110004;303;02;509805;2023;10;12 - EDUCAÇÃO;361 - ENSINO FUNDAMENTAL;0003 - MANUTENÇÃO DA EDUCAÇÃO BÁSICA;1191 - REMUNERAÇÃO DOS PROFISSIONAIS DO ENSINO FUNDAMENTAL;;3.1.90.13.01 - 3.1.90.13.01;1.500.000 - RECURSOS NÃO VINCULADOS DE IMPOSTOS;1001 - IDENTIFICAÇÃO DAS DESPESAS COM MANUTENÇÃO E DESENVOLVIMENTO DO ENSINO;5483;20231031;8114.39;0;0;8114.39;0;0;0;0;0;8114.39;0
3110004;303;02;509805;2023;10;12 - EDUCAÇÃO;361 - ENSINO FUNDAMENTAL;0003 - MANUTENÇÃO DA EDUCAÇÃO BÁSICA;2062 - MANUTENÇÃO DO ENSINO FUNDAMENTAL;;3.3.90.30.22 - 3.3.90.30.22;1.500.000 - RECURSOS NÃO VINCULADOS DE IMPOSTOS;1001 - IDENTIFICAÇÃO DAS DESPESAS COM MANUTENÇÃO E DESENVOLVIMENTO DO ENSINO;4732;20230927;0;0;0;11064.6;0;10931.82;0;132.78;0;132.78;-11064.6
3110004;303;02;509805;2023;10;12 - EDUCAÇÃO;365 - EDUCAÇÃO INFANTIL;0221 - MANUTENÇÃO DA EDUCAÇÃO BÁSICA;2407 - REMUNERAÇÃO PESSOAL EDUCAÇÃO INFANTILCRECHE;;3.1.90.13.01 - 3.1.90.13.01;1.500.000 - RECURSOS NÃO VINCULADOS DE IMPOSTOS;1001 - IDENTIFICAÇÃO DAS DESPESAS COM MANUTENÇÃO E DESENVOLVIMENTO DO ENSINO;4875;20230927;0;0;0;0;0;446.66;0;0;0;-446.66;0
3110004;303;02;509805;2023;12;12 - EDUCAÇÃO;122 - ADMINISTRAÇÃO GERAL;0002 - GESTÃO DA SECRETARIA MUNICIPAL DE EDUCAÇÃO;2001 - REMUNERAÇÃO PESSOAL DA SECRETARIA;;3.1.90.04.99 - 3.1.90.04.99;1.500.000 - RECURSOS NÃO VINCULADOS DE IMPOSTOS;1001 - IDENTIFICAÇÃO DAS DESPESAS COM MANUTENÇÃO E DESENVOLVIMENTO DO ENSINO;7261;20231228;5852.39;0;0;5852.39;0;4867.92;0;984.47;0;984.47;0
3110004;303;02;509805;2023;1;12 - EDUCAÇÃO;365 - EDUCAÇÃO INFANTIL;0221 - MANUTENÇÃO DA EDUCAÇÃO BÁSICA;2407 - REMUNERAÇÃO PESSOAL EDUCAÇÃO INFANTILCRECHE;;3.1.90.11.11 - 3.1.90.11.11;1.500.000 - RECURSOS NÃO VINCULADOS DE IMPOSTOS;1001 - IDENTIFICAÇÃO DAS DESPESAS COM MANUTENÇÃO E DESENVOLVIMENTO DO ENSINO;356;20230127;3666.21;0;0;3666.21;0;3179.3;0;486.91;0;486.91;0
3110004;303;02;509805;2023;1;12 - EDUCAÇÃO;365 - EDUCAÇÃO INFANTIL;0003 - MANUTENÇÃO DA EDUCAÇÃO BÁSICA;2006 - MANUTENÇÃO DA EDUCAÇÃO INFANTIL;;3.3.90.30.17 - 3.3.90.30.17;1.500.000 - RECURSOS NÃO VINCULADOS DE IMPOSTOS;1001 - IDENTIFICAÇÃO DAS DESPESAS COM MANUTENÇÃO E DESENVOLVIMENTO DO ENSINO;584;20230127;432;0;0;0;0;0;0;0;0;0;432
3110004;303;02;509805;2023;1;12 - EDUCAÇÃO;361 - ENSINO FUNDAMENTAL;0003 - MANUTENÇÃO DA EDUCAÇÃO BÁSICA;1191 - REMUNERAÇÃO DOS PROFISSIONAIS DO ENSINO FUNDAMENTAL;;3.1.90.94.01 - 3.1.90.94.01;1.500.000 - RECURSOS NÃO VINCULADOS DE IMPOSTOS;1001 - IDENTIFICAÇÃO DAS DESPESAS COM MANUTENÇÃO E DESENVOLVIMENTO DO ENSINO;311;20230125;1918.2;0;0;1918.2;0;1918.2;0;0;0;0;0
3110004;303;02;509805;2023;1;12 - EDUCAÇÃO;361 - ENSINO FUNDAMENTAL;0003 - MANUTENÇÃO DA EDUCAÇÃO BÁSICA;1191 - REMUNERAÇÃO DOS PROFISSIONAIS DO ENSINO FUNDAMENTAL;;3.1.90.04.99 - 3.1.90.04.99;1.500.000 - RECURSOS NÃO VINCULADOS DE IMPOSTOS;1001 - IDENTIFICAÇÃO DAS DESPESAS COM MANUTENÇÃO E DESENVOLVIMENTO DO ENSINO;352;20230127;51741;0;0;51741;0;39816.98;0;11924.02;0;11924.02;0
3110004;303;02;509805;2023;1;12 - EDUCAÇÃO;122 - ADMINISTRAÇÃO GERAL;0002 - GESTÃO DA SECRETARIA MUNICIPAL DE EDUCAÇÃO;2002 - MANUTENÇÃO DA SECRETARIA;;3.3.90.39.60 - 3.3.90.39.60;1.500.000 - RECURSOS NÃO VINCULADOS DE IMPOSTOS;1001 - IDENTIFICAÇÃO DAS DESPESAS COM MANUTENÇÃO E DESENVOLVIMENTO DO ENSINO;76;20230102;36828;0;0;0;0;0;0;0;0;0;36828
3110004;303;02;509805;2023;1;12 - EDUCAÇÃO;122 - ADMINISTRAÇÃO GERAL;0002 - GESTÃO DA SECRETARIA MUNICIPAL DE EDUCAÇÃO;2002 - MANUTENÇÃO DA SECRETARIA;;3.3.90.14.05 - 3.3.90.14.05;1.500.000 - RECURSOS NÃO VINCULADOS DE IMPOSTOS;1001 - IDENTIFICAÇÃO DAS DESPESAS COM MANUTENÇÃO E DESENVOLVIMENTO DO ENSINO;155;20230102;118;0;0;118;0;0;0;0;0;118;0
3110004;303;02;509805;2023;2;12 - EDUCAÇÃO;122 - ADMINISTRAÇÃO GERAL;0002 - GESTÃO DA SECRETARIA MUNICIPAL DE EDUCAÇÃO;2001 - REMUNERAÇÃO PESSOAL DA SECRETARIA;;3.1.90.13.03 - 3.1.90.13.03;1.500.000 - RECURSOS NÃO VINCULADOS DE IMPOSTOS;1001 - IDENTIFICAÇÃO DAS DESPESAS COM MANUTENÇÃO E DESENVOLVIMENTO DO ENSINO;986;20230224;4674.53;0;0;4674.53;0;0;0;119.64;0;4674.53;0
3110004;303;02;509805;2023;2;12 - EDUCAÇÃO;365 - EDUCAÇÃO INFANTIL;0221 - MANUTENÇÃO DA EDUCAÇÃO BÁSICA;2407 - REMUNERAÇÃO PESSOAL EDUCAÇÃO INFANTILCRECHE;;3.1.90.11.11 - 3.1.90.11.11;1.500.000 - RECURSOS NÃO VINCULADOS DE IMPOSTOS;1001 - IDENTIFICAÇÃO DAS DESPESAS COM MANUTENÇÃO E DESENVOLVIMENTO DO ENSINO;898;20230224;3666.21;0;0;3666.21;0;3179.3;0;486.91;0;486.91;0
3110004;303;02;509805;2023;2;12 - EDUCAÇÃO;365 - EDUCAÇÃO INFANTIL;0019 - GESTÃO DO TRANSPORTE ESCOLAR;2454 - MANUTENÇÃO TRANSPORTE ESCOLAR EDUCAÇÃO INFANTIL;;3.3.90.39.57 - 3.3.90.39.57;1.500.000 - RECURSOS NÃO VINCULADOS DE IMPOSTOS;1001 - IDENTIFICAÇÃO DAS DESPESAS COM MANUTENÇÃO E DESENVOLVIMENTO DO ENSINO;796;20230224;599995.28;0;0;0;0;0;0;0;0;0;599995.28
3110004;303;02;509805;2023;2;12 - EDUCAÇÃO;122 - ADMINISTRAÇÃO GERAL;0017 - APERFEIÇOAMENTO E VALORIZAÇÃO DOS PROFISSIONAIS DA EDUCAÇÃO;2038 - FORMAÇÃO E CAPACITAÇÃO PROFISSIONAIS DA EDUCAÇÃO;;3.3.90.39.38 - 3.3.90.39.38;1.500.000 - RECURSOS NÃO VINCULADOS DE IMPOSTOS;1001 - IDENTIFICAÇÃO DAS DESPESAS COM MANUTENÇÃO E DESENVOLVIMENTO DO ENSINO;604;20230127;0;0;0;1990;0;1990;0;0;0;0;-1990
3110004;303;02;509805;2023;2;12 - EDUCAÇÃO;361 - ENSINO FUNDAMENTAL;0003 - MANUTENÇÃO DA EDUCAÇÃO BÁSICA;1191 - REMUNERAÇÃO DOS PROFISSIONAIS DO ENSINO FUNDAMENTAL;;3.1.90.13.01 - 3.1.90.13.01;1.500.000 - RECURSOS NÃO VINCULADOS DE IMPOSTOS;1001 - IDENTIFICAÇÃO DAS DESPESAS COM MANUTENÇÃO E DESENVOLVIMENTO DO ENSINO;447;20230127;0;0;0;0;0;220.36;0;0;0;-220.36;0
3110004;303;02;509805;2023;2;12 - EDUCAÇÃO;361 - ENSINO FUNDAMENTAL;0019 - GESTÃO DO TRANSPORTE ESCOLAR;2041 - MANUTENÇÃO TRANSPORTE ESCOLAR DO ENSINO FUNDAMENTAL;;3.3.90.39.99 - 3.3.90.39.99;1.500.000 - RECURSOS NÃO VINCULADOS DE IMPOSTOS;1001 - IDENTIFICAÇÃO DAS DESPESAS COM MANUTENÇÃO E DESENVOLVIMENTO DO ENSINO;1073;20230224;100000;0;0;0;0;0;0;0;0;0;100000
3110004;303;02;509805;2023;2;12 - EDUCAÇÃO;122 - ADMINISTRAÇÃO GERAL;0002 - GESTÃO DA SECRETARIA MUNICIPAL DE EDUCAÇÃO;2002 - MANUTENÇÃO DA SECRETARIA;;3.3.90.49.00 - 3.3.90.49.00;1.500.000 - RECURSOS NÃO VINCULADOS DE IMPOSTOS;1001 - IDENTIFICAÇÃO DAS DESPESAS COM MANUTENÇÃO E DESENVOLVIMENTO DO ENSINO;605;20230127;0;0;0;16921.8;0;16921.8;0;0;0;0;-16921.8
3110004;303;02;509805;2023;3;12 - EDUCAÇÃO;361 - ENSINO FUNDAMENTAL;0003 - MANUTENÇÃO DA EDUCAÇÃO BÁSICA;1191 - REMUNERAÇÃO DOS PROFISSIONAIS DO ENSINO FUNDAMENTAL;;3.1.90.04.99 - 3.1.90.04.99;1.500.000 - RECURSOS NÃO VINCULADOS DE IMPOSTOS;1001 - IDENTIFICAÇÃO DAS DESPESAS COM MANUTENÇÃO E DESENVOLVIMENTO DO ENSINO;1550;20230328;66984.39;0;0;66984.39;0;56721.21;0;10263.18;0;10263.18;0
3110004;303;02;509805;2023;3;12 - EDUCAÇÃO;122 - ADMINISTRAÇÃO GERAL;0002 - GESTÃO DA SECRETARIA MUNICIPAL DE EDUCAÇÃO;2002 - MANUTENÇÃO DA SECRETARIA;;3.3.90.49.00 - 3.3.90.49.00;1.500.000 - RECURSOS NÃO VINCULADOS DE IMPOSTOS;1001 - IDENTIFICAÇÃO DAS DESPESAS COM MANUTENÇÃO E DESENVOLVIMENTO DO ENSINO;55;20230102;0;0;0;1285.2;0;0;0;0;0;1285.2;-1285.2
3110004;303;02;509805;2023;3;12 - EDUCAÇÃO;361 - ENSINO FUNDAMENTAL;0003 - MANUTENÇÃO DA EDUCAÇÃO BÁSICA;1191 - REMUNERAÇÃO DOS PROFISSIONAIS DO ENSINO FUNDAMENTAL;;3.1.90.13.03 - 3.1.90.13.03;1.500.000 - RECURSOS NÃO VINCULADOS DE IMPOSTOS;1001 - IDENTIFICAÇÃO DAS DESPESAS COM MANUTENÇÃO E DESENVOLVIMENTO DO ENSINO;990;20230224;0;0;0;0;0;12610.64;0;0;0;-12610.64;0
3110004;303;02;509805;2023;3;12 - EDUCAÇÃO;361 - ENSINO FUNDAMENTAL;0019 - GESTÃO DO TRANSPORTE ESCOLAR;2042 - REMUNERAÇÃO PESSOAL TRANSPORTE ESCOLAR ENSINO FUNDAMENTAL;;3.1.90.13.03 - 3.1.90.13.03;1.500.000 - RECURSOS NÃO VINCULADOS DE IMPOSTOS;1001 - IDENTIFICAÇÃO DAS DESPESAS COM MANUTENÇÃO E DESENVOLVIMENTO DO ENSINO;1652;20230328;1072.07;0;0;1072.07;0;0;0;0;0;1072.07;0
3110004;303;02;509805;2023;3;12 - EDUCAÇÃO;365 - EDUCAÇÃO INFANTIL;0221 - MANUTENÇÃO DA EDUCAÇÃO BÁSICA;2407 - REMUNERAÇÃO PESSOAL EDUCAÇÃO INFANTILCRECHE;;3.1.90.13.01 - 3.1.90.13.01;1.500.000 - RECURSOS NÃO VINCULADOS DE IMPOSTOS;1001 - IDENTIFICAÇÃO DAS DESPESAS COM MANUTENÇÃO E DESENVOLVIMENTO DO ENSINO;1653;20230328;293.3;0;0;293.3;0;0;0;0;0;293.3;0
3110004;303;02;509805;2023;3;12 - EDUCAÇÃO;122 - ADMINISTRAÇÃO GERAL;0002 - GESTÃO DA SECRETARIA MUNICIPAL DE EDUCAÇÃO;2002 - MANUTENÇÃO DA SECRETARIA;;3.3.90.36.14 - 3.3.90.36.14;1.500.000 - RECURSOS NÃO VINCULADOS DE IMPOSTOS;1001 - IDENTIFICAÇÃO DAS DESPESAS COM MANUTENÇÃO E DESENVOLVIMENTO DO ENSINO;783;20230223;0;0;0;2626.26;0;2572.09;0;54.17;0;54.17;-2626.26
3110004;303;02;509805;2023;4;12 - EDUCAÇÃO;122 - ADMINISTRAÇÃO GERAL;0002 - GESTÃO DA SECRETARIA MUNICIPAL DE EDUCAÇÃO;2001 - REMUNERAÇÃO PESSOAL DA SECRETARIA;;3.1.90.04.99 - 3.1.90.04.99;1.500.000 - RECURSOS NÃO VINCULADOS DE IMPOSTOS;1001 - IDENTIFICAÇÃO DAS DESPESAS COM MANUTENÇÃO E DESENVOLVIMENTO DO ENSINO;2050;20230426;1302;0;0;1302;0;1204.35;0;97.65;0;97.65;0
3110004;303;02;509805;2023;4;12 - EDUCAÇÃO;361 - ENSINO FUNDAMENTAL;0019 - GESTÃO DO TRANSPORTE ESCOLAR;2042 - REMUNERAÇÃO PESSOAL TRANSPORTE ESCOLAR ENSINO FUNDAMENTAL;;3.1.90.13.03 - 3.1.90.13.03;1.500.000 - RECURSOS NÃO VINCULADOS DE IMPOSTOS;1001 - IDENTIFICAÇÃO DAS DESPESAS COM MANUTENÇÃO E DESENVOLVIMENTO DO ENSINO;2161;20230426;1263.45;0;0;1263.45;0;0;0;0;0;1263.45;0
3110004;303;02;509805;2023;4;12 - EDUCAÇÃO;365 - EDUCAÇÃO INFANTIL;0221 - MANUTENÇÃO DA EDUCAÇÃO BÁSICA;2407 - REMUNERAÇÃO PESSOAL EDUCAÇÃO INFANTILCRECHE;;3.1.90.13.01 - 3.1.90.13.01;1.500.000 - RECURSOS NÃO VINCULADOS DE IMPOSTOS;1001 - IDENTIFICAÇÃO DAS DESPESAS COM MANUTENÇÃO E DESENVOLVIMENTO DO ENSINO;1653;20230328;0;0;0;0;0;293.3;0;0;0;-293.3;0
3110004;303;02;509805;2023;4;12 - EDUCAÇÃO;122 - ADMINISTRAÇÃO GERAL;0002 - GESTÃO DA SECRETARIA MUNICIPAL DE EDUCAÇÃO;2001 - REMUNERAÇÃO PESSOAL DA SECRETARIA;;3.1.90.11.11 - 3.1.90.11.11;1.500.000 - RECURSOS NÃO VINCULADOS DE IMPOSTOS;1001 - IDENTIFICAÇÃO DAS DESPESAS COM MANUTENÇÃO E DESENVOLVIMENTO DO ENSINO;2052;20230426;30845.8;0;0;30845.8;0;25753.62;0;5092.18;0;5092.18;0
3110004;303;02;509805;2023;4;12 - EDUCAÇÃO;122 - ADMINISTRAÇÃO GERAL;0002 - GESTÃO DA SECRETARIA MUNICIPAL DE EDUCAÇÃO;2002 - MANUTENÇÃO DA SECRETARIA;;3.3.90.14.05 - 3.3.90.14.05;1.500.000 - RECURSOS NÃO VINCULADOS DE IMPOSTOS;1001 - IDENTIFICAÇÃO DAS DESPESAS COM MANUTENÇÃO E DESENVOLVIMENTO DO ENSINO;1985;20230426;23.6;0;0;0;0;0;0;0;0;0;23.6
3110004;303;02;509805;2023;4;12 - EDUCAÇÃO;361 - ENSINO FUNDAMENTAL;0003 - MANUTENÇÃO DA EDUCAÇÃO BÁSICA;2062 - MANUTENÇÃO DO ENSINO FUNDAMENTAL;;3.1.90.13.01 - 3.1.90.13.01;1.500.000 - RECURSOS NÃO VINCULADOS DE IMPOSTOS;1001 - IDENTIFICAÇÃO DAS DESPESAS COM MANUTENÇÃO E DESENVOLVIMENTO DO ENSINO;1650;20230328;0;0;0;0;0;1350.47;0;0;0;-1350.47;0
3110004;303;02;509805;2023;5;12 - EDUCAÇÃO;361 - ENSINO FUNDAMENTAL;0019 - GESTÃO DO TRANSPORTE ESCOLAR;2042 - REMUNERAÇÃO PESSOAL TRANSPORTE ESCOLAR ENSINO FUNDAMENTAL;;3.1.90.16.00 - 3.1.90.16.00;1.500.000 - RECURSOS NÃO VINCULADOS DE IMPOSTOS;1001 - IDENTIFICAÇÃO DAS DESPESAS COM MANUTENÇÃO E DESENVOLVIMENTO DO ENSINO;2588;20230530;837.96;0;0;837.96;0;837.96;0;0;0;0;0
3110004;303;02;509805;2023;5;12 - EDUCAÇÃO;361 - ENSINO FUNDAMENTAL;0003 - MANUTENÇÃO DA EDUCAÇÃO BÁSICA;2062 - MANUTENÇÃO DO ENSINO FUNDAMENTAL;;3.1.90.13.01 - 3.1.90.13.01;1.500.000 - RECURSOS NÃO VINCULADOS DE IMPOSTOS;1001 - IDENTIFICAÇÃO DAS DESPESAS COM MANUTENÇÃO E DESENVOLVIMENTO DO ENSINO;2159;20230426;0;0;0;0;0;903.34;0;0;0;-903.34;0
3110004;303;02;509805;2023;5;12 - EDUCAÇÃO;361 - ENSINO FUNDAMENTAL;0019 - GESTÃO DO TRANSPORTE ESCOLAR;2041 - MANUTENÇÃO TRANSPORTE ESCOLAR DO ENSINO FUNDAMENTAL;;3.3.90.39.57 - 3.3.90.39.57;1.500.000 - RECURSOS NÃO VINCULADOS DE IMPOSTOS;1001 - IDENTIFICAÇÃO DAS DESPESAS COM MANUTENÇÃO E DESENVOLVIMENTO DO ENSINO;1831;20230405;0;0;0;622218.51;0;597018.66;0;25199.85;0;25199.85;-622218.51
3110004;303;02;509805;2023;5;12 - EDUCAÇÃO;365 - EDUCAÇÃO INFANTIL;0221 - MANUTENÇÃO DA EDUCAÇÃO BÁSICA;2407 - REMUNERAÇÃO PESSOAL EDUCAÇÃO INFANTILCRECHE;;3.1.90.13.01 - 3.1.90.13.01;1.500.000 - RECURSOS NÃO VINCULADOS DE IMPOSTOS;1001 - IDENTIFICAÇÃO DAS DESPESAS COM MANUTENÇÃO E DESENVOLVIMENTO DO ENSINO;2162;20230426;0;0;0;0;0;407.87;0;0;0;-407.87;0
3110004;303;02;509805;2023;5;12 - EDUCAÇÃO;361 - ENSINO FUNDAMENTAL;0003 - MANUTENÇÃO DA EDUCAÇÃO BÁSICA;1191 - REMUNERAÇÃO DOS PROFISSIONAIS DO ENSINO FUNDAMENTAL;;3.1.90.13.03 - 3.1.90.13.03;1.500.000 - RECURSOS NÃO VINCULADOS DE IMPOSTOS;1001 - IDENTIFICAÇÃO DAS DESPESAS COM MANUTENÇÃO E DESENVOLVIMENTO DO ENSINO;2682;20230530;53029.92;0;0;53029.92;0;0;0;1425.7;0;53029.92;0
3110004;303;02;509805;2023;5;12 - EDUCAÇÃO;122 - ADMINISTRAÇÃO GERAL;0002 - GESTÃO DA SECRETARIA MUNICIPAL DE EDUCAÇÃO;2002 - MANUTENÇÃO DA SECRETARIA;;3.3.90.39.43 - 3.3.90.39.43;1.500.000 - RECURSOS NÃO VINCULADOS DE IMPOSTOS;1001 - IDENTIFICAÇÃO DAS DESPESAS COM MANUTENÇÃO E DESENVOLVIMENTO DO ENSINO;2286;20230505;5303.58;0;0;0;0;0;0;0;0;0;5303.58
3110004;303;02;509805;2023;6;12 - EDUCAÇÃO;122 - ADMINISTRAÇÃO GERAL;0002 - GESTÃO DA SECRETARIA MUNICIPAL DE EDUCAÇÃO;2002 - MANUTENÇÃO DA SECRETARIA;;3.3.90.49.00 - 3.3.90.49.00;1.500.000 - RECURSOS NÃO VINCULADOS DE IMPOSTOS;1001 - IDENTIFICAÇÃO DAS DESPESAS COM MANUTENÇÃO E DESENVOLVIMENTO DO ENSINO;55;20230102;0;0;0;1587.6;0;1587.6;0;0;0;0;-1587.6
3110004;303;02;509805;2023;6;12 - EDUCAÇÃO;122 - ADMINISTRAÇÃO GERAL;0002 - GESTÃO DA SECRETARIA MUNICIPAL DE EDUCAÇÃO;2001 - REMUNERAÇÃO PESSOAL DA SECRETARIA;;3.1.90.11.09 - 3.1.90.11.09;1.500.000 - RECURSOS NÃO VINCULADOS DE IMPOSTOS;1001 - IDENTIFICAÇÃO DAS DESPESAS COM MANUTENÇÃO E DESENVOLVIMENTO DO ENSINO;3149;20230628;9451.42;0;0;9451.42;0;6395.64;0;3055.78;0;3055.78;0
3110004;303;02;509805;2023;6;12 - EDUCAÇÃO;122 - ADMINISTRAÇÃO GERAL;0002 - GESTÃO DA SECRETARIA MUNICIPAL DE EDUCAÇÃO;2002 - MANUTENÇÃO DA SECRETARIA;;3.3.90.49.00 - 3.3.90.49.00;1.500.000 - RECURSOS NÃO VINCULADOS DE IMPOSTOS;1001 - IDENTIFICAÇÃO DAS DESPESAS COM MANUTENÇÃO E DESENVOLVIMENTO DO ENSINO;605;20230127;0;0;0;14862.75;0;14862.75;0;0;0;0;-14862.75
3110004;303;02;509805;2023;6;12 - EDUCAÇÃO;361 - ENSINO FUNDAMENTAL;0003 - MANUTENÇÃO DA EDUCAÇÃO BÁSICA;2062 - MANUTENÇÃO DO ENSINO FUNDAMENTAL;;3.1.90.13.01 - 3.1.90.13.01;1.500.000 - RECURSOS NÃO VINCULADOS DE IMPOSTOS;1001 - IDENTIFICAÇÃO DAS DESPESAS COM MANUTENÇÃO E DESENVOLVIMENTO DO ENSINO;3257;20230628;1712.16;0;0;1712.16;0;0;0;0;0;1712.16;0
3110004;303;02;509805;2023;6;12 - EDUCAÇÃO;122 - ADMINISTRAÇÃO GERAL;0002 - GESTÃO DA SECRETARIA MUNICIPAL DE EDUCAÇÃO;2002 - MANUTENÇÃO DA SECRETARIA;;3.3.90.30.24 - 3.3.90.30.24;1.500.000 - RECURSOS NÃO VINCULADOS DE IMPOSTOS;1001 - IDENTIFICAÇÃO DAS DESPESAS COM MANUTENÇÃO E DESENVOLVIMENTO DO ENSINO;2527;20230529;0;0;0;954.25;0;954.25;0;0;0;0;-954.25
3110004;303;02;509805;2023;6;12 - EDUCAÇÃO;122 - ADMINISTRAÇÃO GERAL;0002 - GESTÃO DA SECRETARIA MUNICIPAL DE EDUCAÇÃO;2002 - MANUTENÇÃO DA SECRETARIA;;3.3.90.14.05 - 3.3.90.14.05;1.500.000 - RECURSOS NÃO VINCULADOS DE IMPOSTOS;1001 - IDENTIFICAÇÃO DAS DESPESAS COM MANUTENÇÃO E DESENVOLVIMENTO DO ENSINO;3071;20230628;43.43;0;0;43.43;0;43.43;0;0;0;0;0
3110004;303;02;509805;2023;7;12 - EDUCAÇÃO;361 - ENSINO FUNDAMENTAL;0003 - MANUTENÇÃO DA EDUCAÇÃO BÁSICA;1191 - REMUNERAÇÃO DOS PROFISSIONAIS DO ENSINO FUNDAMENTAL;;3.1.90.94.01 - 3.1.90.94.01;1.500.000 - RECURSOS NÃO VINCULADOS DE IMPOSTOS;1001 - IDENTIFICAÇÃO DAS DESPESAS COM MANUTENÇÃO E DESENVOLVIMENTO DO ENSINO;3590;20230724;4496.79;0;0;4496.79;0;4496.79;0;0;0;0;0
3110004;303;02;509805;2023;7;12 - EDUCAÇÃO;361 - ENSINO FUNDAMENTAL;0003 - MANUTENÇÃO DA EDUCAÇÃO BÁSICA;2062 - MANUTENÇÃO DO ENSINO FUNDAMENTAL;;3.1.90.13.03 - 3.1.90.13.03;1.500.000 - RECURSOS NÃO VINCULADOS DE IMPOSTOS;1001 - IDENTIFICAÇÃO DAS DESPESAS COM MANUTENÇÃO E DESENVOLVIMENTO DO ENSINO;3258;20230628;0;0;0;0;0;11962.71;0;0;0;-11962.71;0
3110004;303;02;509805;2023;7;12 - EDUCAÇÃO;361 - ENSINO FUNDAMENTAL;0003 - MANUTENÇÃO DA EDUCAÇÃO BÁSICA;1191 - REMUNERAÇÃO DOS PROFISSIONAIS DO ENSINO FUNDAMENTAL;;3.1.90.94.01 - 3.1.90.94.01;1.500.000 - RECURSOS NÃO VINCULADOS DE IMPOSTOS;1001 - IDENTIFICAÇÃO DAS DESPESAS COM MANUTENÇÃO E DESENVOLVIMENTO DO ENSINO;3607;20230725;914.26;0;0;914.26;0;914.26;0;0;0;0;0
3110004;303;02;509805;2023;7;12 - EDUCAÇÃO;361 - ENSINO FUNDAMENTAL;0003 - MANUTENÇÃO DA EDUCAÇÃO BÁSICA;1191 - REMUNERAÇÃO DOS PROFISSIONAIS DO ENSINO FUNDAMENTAL;;3.1.90.11.11 - 3.1.90.11.11;1.500.000 - RECURSOS NÃO VINCULADOS DE IMPOSTOS;1001 - IDENTIFICAÇÃO DAS DESPESAS COM MANUTENÇÃO E DESENVOLVIMENTO DO ENSINO;3669;20230727;108153.35;0;0;108153.35;0;62084.75;0;46068.6;0;46068.6;0
3110004;303;02;509805;2023;7;12 - EDUCAÇÃO;122 - ADMINISTRAÇÃO GERAL;0002 - GESTÃO DA SECRETARIA MUNICIPAL DE EDUCAÇÃO;2002 - MANUTENÇÃO DA SECRETARIA;;3.3.90.49.00 - 3.3.90.49.00;1.500.000 - RECURSOS NÃO VINCULADOS DE IMPOSTOS;1001 - IDENTIFICAÇÃO DAS DESPESAS COM MANUTENÇÃO E DESENVOLVIMENTO DO ENSINO;58;20230102;0;0;0;843;0;843;0;0;0;0;-843
3110004;303;02;509805;2023;7;12 - EDUCAÇÃO;122 - ADMINISTRAÇÃO GERAL;0002 - GESTÃO DA SECRETARIA MUNICIPAL DE EDUCAÇÃO;2002 - MANUTENÇÃO DA SECRETARIA;;3.3.90.49.00 - 3.3.90.49.00;1.500.000 - RECURSOS NÃO VINCULADOS DE IMPOSTOS;1001 - IDENTIFICAÇÃO DAS DESPESAS COM MANUTENÇÃO E DESENVOLVIMENTO DO ENSINO;605;20230127;0;0;0;17241.65;0;17241.65;0;0;0;0;-17241.65
3110004;303;02;509805;2023;7;12 - EDUCAÇÃO;361 - ENSINO FUNDAMENTAL;0003 - MANUTENÇÃO DA EDUCAÇÃO BÁSICA;1191 - REMUNERAÇÃO DOS PROFISSIONAIS DO ENSINO FUNDAMENTAL;;3.1.90.16.00 - 3.1.90.16.00;1.500.000 - RECURSOS NÃO VINCULADOS DE IMPOSTOS;1001 - IDENTIFICAÇÃO DAS DESPESAS COM MANUTENÇÃO E DESENVOLVIMENTO DO ENSINO;3670;20230727;2897.55;0;0;2897.55;0;2641.6;0;255.95;0;255.95;0
3110004;303;02;509805;2023;8;12 - EDUCAÇÃO;361 - ENSINO FUNDAMENTAL;0003 - MANUTENÇÃO DA EDUCAÇÃO BÁSICA;1191 - REMUNERAÇÃO DOS PROFISSIONAIS DO ENSINO FUNDAMENTAL;;3.1.90.94.01 - 3.1.90.94.01;1.500.000 - RECURSOS NÃO VINCULADOS DE IMPOSTOS;1001 - IDENTIFICAÇÃO DAS DESPESAS COM MANUTENÇÃO E DESENVOLVIMENTO DO ENSINO;3899;20230802;2805.71;0;0;2805.71;0;2805.71;0;0;0;0;0
3110004;303;02;509805;2023;8;12 - EDUCAÇÃO;122 - ADMINISTRAÇÃO GERAL;0002 - GESTÃO DA SECRETARIA MUNICIPAL DE EDUCAÇÃO;2001 - REMUNERAÇÃO PESSOAL DA SECRETARIA;;3.1.90.13.03 - 3.1.90.13.03;1.500.000 - RECURSOS NÃO VINCULADOS DE IMPOSTOS;1001 - IDENTIFICAÇÃO DAS DESPESAS COM MANUTENÇÃO E DESENVOLVIMENTO DO ENSINO;3767;20230727;0;0;0;0;0;11415.77;0;0;0;-11415.77;0
3110004;303;02;509805;2023;8;12 - EDUCAÇÃO;122 - ADMINISTRAÇÃO GERAL;0002 - GESTÃO DA SECRETARIA MUNICIPAL DE EDUCAÇÃO;2001 - REMUNERAÇÃO PESSOAL DA SECRETARIA;;3.1.90.13.01 - 3.1.90.13.01;1.500.000 - RECURSOS NÃO VINCULADOS DE IMPOSTOS;1001 - IDENTIFICAÇÃO DAS DESPESAS COM MANUTENÇÃO E DESENVOLVIMENTO DO ENSINO;3766;20230727;0;0;0;0;0;3002.5;0;0;0;-3002.5;0
3110004;303;02;509805;2023;8;12 - EDUCAÇÃO;361 - ENSINO FUNDAMENTAL;0027 - GESTÃO DO CENTRO ESPECIALIZADO DE ATENÇÃO À CRIANÇA E AO ADOLESCENTE;2049 - MANUTENÇÃO DO CEACA;;3.1.90.13.03 - 3.1.90.13.03;1.500.000 - RECURSOS NÃO VINCULADOS DE IMPOSTOS;1001 - IDENTIFICAÇÃO DAS DESPESAS COM MANUTENÇÃO E DESENVOLVIMENTO DO ENSINO;4297;20230828;6582.15;0;0;6582.15;0;0;0;0;0;6582.15;0
3110004;303;02;509805;2023;8;12 - EDUCAÇÃO;361 - ENSINO FUNDAMENTAL;0003 - MANUTENÇÃO DA EDUCAÇÃO BÁSICA;1191 - REMUNERAÇÃO DOS PROFISSIONAIS DO ENSINO FUNDAMENTAL;;3.1.90.94.01 - 3.1.90.94.01;1.500.000 - RECURSOS NÃO VINCULADOS DE IMPOSTOS;1001 - IDENTIFICAÇÃO DAS DESPESAS COM MANUTENÇÃO E DESENVOLVIMENTO DO ENSINO;3901;20230802;3395.92;0;0;3395.92;0;3395.92;0;0;0;0;0
3110004;303;02;509805;2023;8;12 - EDUCAÇÃO;361 - ENSINO FUNDAMENTAL;0003 - MANUTENÇÃO DA EDUCAÇÃO BÁSICA;1191 - REMUNERAÇÃO DOS PROFISSIONAIS DO ENSINO FUNDAMENTAL;;3.1.90.13.01 - 3.1.90.13.01;1.500.000 - RECURSOS NÃO VINCULADOS DE IMPOSTOS;1001 - IDENTIFICAÇÃO DAS DESPESAS COM MANUTENÇÃO E DESENVOLVIMENTO DO ENSINO;3770;20230727;0;0;0;0;0;8450.57;0;0;0;-8450.57;0
3110004;303;02;509805;2023;8;12 - EDUCAÇÃO;365 - EDUCAÇÃO INFANTIL;0221 - MANUTENÇÃO DA EDUCAÇÃO BÁSICA;2407 - REMUNERAÇÃO PESSOAL EDUCAÇÃO INFANTILCRECHE;;3.1.90.13.01 - 3.1.90.13.01;1.500.000 - RECURSOS NÃO VINCULADOS DE IMPOSTOS;1001 - IDENTIFICAÇÃO DAS DESPESAS COM MANUTENÇÃO E DESENVOLVIMENTO DO ENSINO;3777;20230727;0;0;0;0;0;446.66;0;0;0;-446.66;0
3110004;303;02;509805;2023;8;12 - EDUCAÇÃO;122 - ADMINISTRAÇÃO GERAL;0002 - GESTÃO DA SECRETARIA MUNICIPAL DE EDUCAÇÃO;2002 - MANUTENÇÃO DA SECRETARIA;;3.3.90.14.05 - 3.3.90.14.05;1.500.000 - RECURSOS NÃO VINCULADOS DE IMPOSTOS;1001 - IDENTIFICAÇÃO DAS DESPESAS COM MANUTENÇÃO E DESENVOLVIMENTO DO ENSINO;3945;20230802;86.86;0;0;86.86;0;86.86;0;0;0;0;0
3110004;303;02;509805;2023;9;12 - EDUCAÇÃO;122 - ADMINISTRAÇÃO GERAL;0002 - GESTÃO DA SECRETARIA MUNICIPAL DE EDUCAÇÃO;2001 - REMUNERAÇÃO PESSOAL DA SECRETARIA;;3.1.90.13.01 - 3.1.90.13.01;1.500.000 - RECURSOS NÃO VINCULADOS DE IMPOSTOS;1001 - IDENTIFICAÇÃO DAS DESPESAS COM MANUTENÇÃO E DESENVOLVIMENTO DO ENSINO;4287;20230828;0;0;0;0;0;2904.44;0;0;0;-2904.44;0
3110004;303;02;509805;2023;12;12 - EDUCAÇÃO;365 - EDUCAÇÃO INFANTIL;0019 - GESTÃO DO TRANSPORTE ESCOLAR;2454 - MANUTENÇÃO TRANSPORTE ESCOLAR EDUCAÇÃO INFANTIL;;3.3.90.39.57 - 3.3.90.39.57;1.500.000 - RECURSOS NÃO VINCULADOS DE IMPOSTOS;1001 - IDENTIFICAÇÃO DAS DESPESAS COM MANUTENÇÃO E DESENVOLVIMENTO DO ENSINO;796;20230224;0;0;63098.24;0;0;0;0;0;0;0;-63098.24
3110004;303;02;509805;2023;9;12 - EDUCAÇÃO;122 - ADMINISTRAÇÃO GERAL;0002 - GESTÃO DA SECRETARIA MUNICIPAL DE EDUCAÇÃO;2002 - MANUTENÇÃO DA SECRETARIA;;3.3.90.14.05 - 3.3.90.14.05;1.500.000 - RECURSOS NÃO VINCULADOS DE IMPOSTOS;1001 - IDENTIFICAÇÃO DAS DESPESAS COM MANUTENÇÃO E DESENVOLVIMENTO DO ENSINO;4139;20230825;0;0;0;0;0;217.15;0;0;0;-217.15;0
3110004;303;02;509805;2023;10;12 - EDUCAÇÃO;361 - ENSINO FUNDAMENTAL;0019 - GESTÃO DO TRANSPORTE ESCOLAR;2041 - MANUTENÇÃO TRANSPORTE ESCOLAR DO ENSINO FUNDAMENTAL;;3.3.90.39.57 - 3.3.90.39.57;1.500.000 - RECURSOS NÃO VINCULADOS DE IMPOSTOS;1001 - IDENTIFICAÇÃO DAS DESPESAS COM MANUTENÇÃO E DESENVOLVIMENTO DO ENSINO;1831;20230405;0;0;545.32;199829.61;0;186940.6;0;12889.01;0;12889.01;-200374.93
3110004;303;02;509805;2023;9;12 - EDUCAÇÃO;122 - ADMINISTRAÇÃO GERAL;0002 - GESTÃO DA SECRETARIA MUNICIPAL DE EDUCAÇÃO;2002 - MANUTENÇÃO DA SECRETARIA;;3.3.90.40.06 - 3.3.90.40.06;1.500.000 - RECURSOS NÃO VINCULADOS DE IMPOSTOS;1001 - IDENTIFICAÇÃO DAS DESPESAS COM MANUTENÇÃO E DESENVOLVIMENTO DO ENSINO;4641;20230922;23472.4;0;0;0;0;0;0;0;0;0;23472.4
3110004;303;02;509805;2023;10;12 - EDUCAÇÃO;122 - ADMINISTRAÇÃO GERAL;0002 - GESTÃO DA SECRETARIA MUNICIPAL DE EDUCAÇÃO;2002 - MANUTENÇÃO DA SECRETARIA;;3.3.90.14.05 - 3.3.90.14.05;1.500.000 - RECURSOS NÃO VINCULADOS DE IMPOSTOS;1001 - IDENTIFICAÇÃO DAS DESPESAS COM MANUTENÇÃO E DESENVOLVIMENTO DO ENSINO;5094;20231004;86.86;0;0;86.86;0;86.86;0;0;0;0;0
3110004;303;02;509805;2023;10;12 - EDUCAÇÃO;361 - ENSINO FUNDAMENTAL;0019 - GESTÃO DO TRANSPORTE ESCOLAR;2042 - REMUNERAÇÃO PESSOAL TRANSPORTE ESCOLAR ENSINO FUNDAMENTAL;;3.1.90.04.99 - 3.1.90.04.99;1.500.000 - RECURSOS NÃO VINCULADOS DE IMPOSTOS;1001 - IDENTIFICAÇÃO DAS DESPESAS COM MANUTENÇÃO E DESENVOLVIMENTO DO ENSINO;5377;20231031;8017.1;0;0;8017.1;0;6482.89;0;1534.21;0;1534.21;0
3110004;303;02;509805;2023;9;12 - EDUCAÇÃO;361 - ENSINO FUNDAMENTAL;0013 - TRANSFERÊNCIA AS CAIXAS ESCOLARES;2032 - CONTRIBUIÇÃO AS ESCOLAS MUNICIPAIS;;3.3.50.41.00 - 3.3.50.41.00;1.500.000 - RECURSOS NÃO VINCULADOS DE IMPOSTOS;1001 - IDENTIFICAÇÃO DAS DESPESAS COM MANUTENÇÃO E DESENVOLVIMENTO DO ENSINO;4708;20230926;4900;0;0;4900;0;0;0;0;0;4900;0
3110004;303;02;509805;2023;11;12 - EDUCAÇÃO;122 - ADMINISTRAÇÃO GERAL;0002 - GESTÃO DA SECRETARIA MUNICIPAL DE EDUCAÇÃO;2001 - REMUNERAÇÃO PESSOAL DA SECRETARIA;;3.1.90.13.01 - 3.1.90.13.01;1.500.000 - RECURSOS NÃO VINCULADOS DE IMPOSTOS;1001 - IDENTIFICAÇÃO DAS DESPESAS COM MANUTENÇÃO E DESENVOLVIMENTO DO ENSINO;5928;20231129;4615.6;0;0;4615.6;0;0;0;0;0;4615.6;0
3110004;303;02;509805;2023;12;12 - EDUCAÇÃO;122 - ADMINISTRAÇÃO GERAL;0002 - GESTÃO DA SECRETARIA MUNICIPAL DE EDUCAÇÃO;2001 - REMUNERAÇÃO PESSOAL DA SECRETARIA;;3.1.90.11.11 - 3.1.90.11.11;1.500.000 - RECURSOS NÃO VINCULADOS DE IMPOSTOS;1001 - IDENTIFICAÇÃO DAS DESPESAS COM MANUTENÇÃO E DESENVOLVIMENTO DO ENSINO;6229;20231214;63549.62;0;0;63549.62;0;57027.18;0;6522.44;0;6522.44;0
3110004;303;02;509805;2023;12;12 - EDUCAÇÃO;365 - EDUCAÇÃO INFANTIL;0003 - MANUTENÇÃO DA EDUCAÇÃO BÁSICA;2006 - MANUTENÇÃO DA EDUCAÇÃO INFANTIL;;3.3.90.32.99 - 3.3.90.32.99;1.500.000 - RECURSOS NÃO VINCULADOS DE IMPOSTOS;1001 - IDENTIFICAÇÃO DAS DESPESAS COM MANUTENÇÃO E DESENVOLVIMENTO DO ENSINO;6163;20231211;17155.07;0;0;0;0;0;0;0;0;0;17155.07
3110004;303;02;509805;2023;11;12 - EDUCAÇÃO;361 - ENSINO FUNDAMENTAL;0003 - MANUTENÇÃO DA EDUCAÇÃO BÁSICA;1191 - REMUNERAÇÃO DOS PROFISSIONAIS DO ENSINO FUNDAMENTAL;;3.1.90.04.99 - 3.1.90.04.99;1.500.000 - RECURSOS NÃO VINCULADOS DE IMPOSTOS;1001 - IDENTIFICAÇÃO DAS DESPESAS COM MANUTENÇÃO E DESENVOLVIMENTO DO ENSINO;5827;20231129;60039.04;0;0;60039.04;0;54128.09;0;5910.95;0;5910.95;0
3110004;303;02;509805;2023;10;12 - EDUCAÇÃO;361 - ENSINO FUNDAMENTAL;0027 - GESTÃO DO CENTRO ESPECIALIZADO DE ATENÇÃO À CRIANÇA E AO ADOLESCENTE;2049 - MANUTENÇÃO DO CEACA;;3.1.90.13.03 - 3.1.90.13.03;1.500.000 - RECURSOS NÃO VINCULADOS DE IMPOSTOS;1001 - IDENTIFICAÇÃO DAS DESPESAS COM MANUTENÇÃO E DESENVOLVIMENTO DO ENSINO;5489;20231031;6582.15;0;0;6582.15;0;0;0;0;0;6582.15;0
3110004;303;02;509805;2023;10;12 - EDUCAÇÃO;361 - ENSINO FUNDAMENTAL;0003 - MANUTENÇÃO DA EDUCAÇÃO BÁSICA;2062 - MANUTENÇÃO DO ENSINO FUNDAMENTAL;;3.1.90.13.01 - 3.1.90.13.01;1.500.000 - RECURSOS NÃO VINCULADOS DE IMPOSTOS;1001 - IDENTIFICAÇÃO DAS DESPESAS COM MANUTENÇÃO E DESENVOLVIMENTO DO ENSINO;5485;20231031;1958.72;0;0;1958.72;0;0;0;0;0;1958.72;0
3110004;303;02;509805;2023;11;12 - EDUCAÇÃO;122 - ADMINISTRAÇÃO GERAL;0002 - GESTÃO DA SECRETARIA MUNICIPAL DE EDUCAÇÃO;2002 - MANUTENÇÃO DA SECRETARIA;;3.3.90.14.05 - 3.3.90.14.05;1.500.000 - RECURSOS NÃO VINCULADOS DE IMPOSTOS;1001 - IDENTIFICAÇÃO DAS DESPESAS COM MANUTENÇÃO E DESENVOLVIMENTO DO ENSINO;5340;20231030;0;0;0;0;0;173.72;0;0;0;-173.72;0
3110004;303;02;509805;2023;12;12 - EDUCAÇÃO;365 - EDUCAÇÃO INFANTIL;0003 - MANUTENÇÃO DA EDUCAÇÃO BÁSICA;1189 - REMUNERAÇÃO DOS PROFISSIONAIS QUE ATUAM NO PROGRAMA DE EDUCAÇÃO INFANTIL;;3.1.90.13.01 - 3.1.90.13.01;1.500.000 - RECURSOS NÃO VINCULADOS DE IMPOSTOS;1001 - IDENTIFICAÇÃO DAS DESPESAS COM MANUTENÇÃO E DESENVOLVIMENTO DO ENSINO;7375;20231228;11104.85;0;0;11104.85;0;0;0;0;0;11104.85;0
3110004;303;02;509805;2023;10;12 - EDUCAÇÃO;122 - ADMINISTRAÇÃO GERAL;0002 - GESTÃO DA SECRETARIA MUNICIPAL DE EDUCAÇÃO;2002 - MANUTENÇÃO DA SECRETARIA;;3.3.90.39.60 - 3.3.90.39.60;1.500.000 - RECURSOS NÃO VINCULADOS DE IMPOSTOS;1001 - IDENTIFICAÇÃO DAS DESPESAS COM MANUTENÇÃO E DESENVOLVIMENTO DO ENSINO;4493;20230911;0;0;0;7365.6;0;7152;0;213.6;0;213.6;-7365.6
3110004;303;02;509805;2023;10;12 - EDUCAÇÃO;361 - ENSINO FUNDAMENTAL;0013 - TRANSFERÊNCIA AS CAIXAS ESCOLARES;2032 - CONTRIBUIÇÃO AS ESCOLAS MUNICIPAIS;;3.3.50.41.00 - 3.3.50.41.00;1.500.000 - RECURSOS NÃO VINCULADOS DE IMPOSTOS;1001 - IDENTIFICAÇÃO DAS DESPESAS COM MANUTENÇÃO E DESENVOLVIMENTO DO ENSINO;4703;20230926;0;0;0;0;0;3500;0;0;0;-3500;0
3110004;303;02;509805;2023;11;12 - EDUCAÇÃO;122 - ADMINISTRAÇÃO GERAL;0002 - GESTÃO DA SECRETARIA MUNICIPAL DE EDUCAÇÃO;2002 - MANUTENÇÃO DA SECRETARIA;;3.3.90.14.05 - 3.3.90.14.05;1.500.000 - RECURSOS NÃO VINCULADOS DE IMPOSTOS;1001 - IDENTIFICAÇÃO DAS DESPESAS COM MANUTENÇÃO E DESENVOLVIMENTO DO ENSINO;5635;20231109;86.86;0;0;86.86;0;86.86;0;0;0;0;0
3110004;303;02;509805;2023;9;12 - EDUCAÇÃO;365 - EDUCAÇÃO INFANTIL;0003 - MANUTENÇÃO DA EDUCAÇÃO BÁSICA;2006 - MANUTENÇÃO DA EDUCAÇÃO INFANTIL;;3.3.90.30.22 - 3.3.90.30.22;1.500.000 - RECURSOS NÃO VINCULADOS DE IMPOSTOS;1001 - IDENTIFICAÇÃO DAS DESPESAS COM MANUTENÇÃO E DESENVOLVIMENTO DO ENSINO;4675;20230922;3302.2;0;0;0;0;0;0;0;0;0;3302.2
3110004;303;02;509805;2023;10;12 - EDUCAÇÃO;122 - ADMINISTRAÇÃO GERAL;0002 - GESTÃO DA SECRETARIA MUNICIPAL DE EDUCAÇÃO;2001 - REMUNERAÇÃO PESSOAL DA SECRETARIA;;3.1.90.94.01 - 3.1.90.94.01;1.500.000 - RECURSOS NÃO VINCULADOS DE IMPOSTOS;1001 - IDENTIFICAÇÃO DAS DESPESAS COM MANUTENÇÃO E DESENVOLVIMENTO DO ENSINO;5190;20231010;828.16;0;0;828.16;0;828.16;0;0;0;0;0
3110004;303;02;509805;2023;11;12 - EDUCAÇÃO;122 - ADMINISTRAÇÃO GERAL;0002 - GESTÃO DA SECRETARIA MUNICIPAL DE EDUCAÇÃO;2002 - MANUTENÇÃO DA SECRETARIA;;3.3.90.14.05 - 3.3.90.14.05;1.500.000 - RECURSOS NÃO VINCULADOS DE IMPOSTOS;1001 - IDENTIFICAÇÃO DAS DESPESAS COM MANUTENÇÃO E DESENVOLVIMENTO DO ENSINO;5339;20231030;0;0;0;0;0;173.72;0;0;0;-173.72;0
3110004;303;02;509805;2023;12;12 - EDUCAÇÃO;361 - ENSINO FUNDAMENTAL;0003 - MANUTENÇÃO DA EDUCAÇÃO BÁSICA;1191 - REMUNERAÇÃO DOS PROFISSIONAIS DO ENSINO FUNDAMENTAL;;3.1.90.13.01 - 3.1.90.13.01;1.500.000 - RECURSOS NÃO VINCULADOS DE IMPOSTOS;1001 - IDENTIFICAÇÃO DAS DESPESAS COM MANUTENÇÃO E DESENVOLVIMENTO DO ENSINO;7368;20231228;80127.35;0;0;80127.35;0;0;0;0;0;80127.35;0
3110004;303;02;509805;2023;10;12 - EDUCAÇÃO;361 - ENSINO FUNDAMENTAL;0003 - MANUTENÇÃO DA EDUCAÇÃO BÁSICA;2062 - MANUTENÇÃO DO ENSINO FUNDAMENTAL;;3.3.90.30.22 - 3.3.90.30.22;1.500.000 - RECURSOS NÃO VINCULADOS DE IMPOSTOS;1001 - IDENTIFICAÇÃO DAS DESPESAS COM MANUTENÇÃO E DESENVOLVIMENTO DO ENSINO;4668;20230922;0;0;0;7785.1;0;7691.68;0;93.42;0;93.42;-7785.1
3110004;303;02;509805;2023;11;12 - EDUCAÇÃO;122 - ADMINISTRAÇÃO GERAL;0002 - GESTÃO DA SECRETARIA MUNICIPAL DE EDUCAÇÃO;2002 - MANUTENÇÃO DA SECRETARIA;;3.3.90.39.60 - 3.3.90.39.60;1.500.000 - RECURSOS NÃO VINCULADOS DE IMPOSTOS;1001 - IDENTIFICAÇÃO DAS DESPESAS COM MANUTENÇÃO E DESENVOLVIMENTO DO ENSINO;4493;20230911;0;0;0;7365.6;0;7152;0;213.6;0;213.6;-7365.6
3110004;303;02;509805;2023;9;12 - EDUCAÇÃO;361 - ENSINO FUNDAMENTAL;0003 - MANUTENÇÃO DA EDUCAÇÃO BÁSICA;2062 - MANUTENÇÃO DO ENSINO FUNDAMENTAL;;3.3.90.30.22 - 3.3.90.30.22;1.500.000 - RECURSOS NÃO VINCULADOS DE IMPOSTOS;1001 - IDENTIFICAÇÃO DAS DESPESAS COM MANUTENÇÃO E DESENVOLVIMENTO DO ENSINO;4674;20230922;3302.2;0;0;0;0;0;0;0;0;0;3302.2
3110004;303;02;509805;2023;11;12 - EDUCAÇÃO;122 - ADMINISTRAÇÃO GERAL;0002 - GESTÃO DA SECRETARIA MUNICIPAL DE EDUCAÇÃO;2001 - REMUNERAÇÃO PESSOAL DA SECRETARIA;;3.1.90.13.03 - 3.1.90.13.03;1.500.000 - RECURSOS NÃO VINCULADOS DE IMPOSTOS;1001 - IDENTIFICAÇÃO DAS DESPESAS COM MANUTENÇÃO E DESENVOLVIMENTO DO ENSINO;5480;20231031;0;0;0;0;0;12438.83;0;0;0;-12438.83;0
3110004;303;02;509805;2023;12;12 - EDUCAÇÃO;365 - EDUCAÇÃO INFANTIL;0221 - MANUTENÇÃO DA EDUCAÇÃO BÁSICA;2407 - REMUNERAÇÃO PESSOAL EDUCAÇÃO INFANTILCRECHE;;3.1.90.13.01 - 3.1.90.13.01;1.500.000 - RECURSOS NÃO VINCULADOS DE IMPOSTOS;1001 - IDENTIFICAÇÃO DAS DESPESAS COM MANUTENÇÃO E DESENVOLVIMENTO DO ENSINO;6318;20231214;17534.94;0;0;17534.94;0;0;0;0;0;17534.94;0
3110004;303;02;509805;2023;9;12 - EDUCAÇÃO;122 - ADMINISTRAÇÃO GERAL;0002 - GESTÃO DA SECRETARIA MUNICIPAL DE EDUCAÇÃO;2002 - MANUTENÇÃO DA SECRETARIA;;3.3.90.14.05 - 3.3.90.14.05;1.500.000 - RECURSOS NÃO VINCULADOS DE IMPOSTOS;1001 - IDENTIFICAÇÃO DAS DESPESAS COM MANUTENÇÃO E DESENVOLVIMENTO DO ENSINO;4436;20230901;43.43;0;0;43.43;0;43.43;0;0;0;0;0
3110004;303;02;509805;2023;9;12 - EDUCAÇÃO;361 - ENSINO FUNDAMENTAL;0003 - MANUTENÇÃO DA EDUCAÇÃO BÁSICA;2062 - MANUTENÇÃO DO ENSINO FUNDAMENTAL;;3.1.90.13.01 - 3.1.90.13.01;1.500.000 - RECURSOS NÃO VINCULADOS DE IMPOSTOS;1001 - IDENTIFICAÇÃO DAS DESPESAS COM MANUTENÇÃO E DESENVOLVIMENTO DO ENSINO;4870;20230927;1956.49;0;0;1956.49;0;0;0;0;0;1956.49;0
3110004;303;02;509805;2023;9;12 - EDUCAÇÃO;361 - ENSINO FUNDAMENTAL;0003 - MANUTENÇÃO DA EDUCAÇÃO BÁSICA;2062 - MANUTENÇÃO DO ENSINO FUNDAMENTAL;;3.1.90.13.03 - 3.1.90.13.03;1.500.000 - RECURSOS NÃO VINCULADOS DE IMPOSTOS;1001 - IDENTIFICAÇÃO DAS DESPESAS COM MANUTENÇÃO E DESENVOLVIMENTO DO ENSINO;4871;20230927;12634.96;0;0;12634.96;0;0;0;0;0;12634.96;0
3110004;303;02;509805;2023;10;12 - EDUCAÇÃO;361 - ENSINO FUNDAMENTAL;0013 - TRANSFERÊNCIA AS CAIXAS ESCOLARES;2032 - CONTRIBUIÇÃO AS ESCOLAS MUNICIPAIS;;3.3.50.41.00 - 3.3.50.41.00;1.500.000 - RECURSOS NÃO VINCULADOS DE IMPOSTOS;1001 - IDENTIFICAÇÃO DAS DESPESAS COM MANUTENÇÃO E DESENVOLVIMENTO DO ENSINO;4718;20230927;0;0;0;0;0;10600;0;0;0;-10600;0
3110004;303;02;509805;2023;10;12 - EDUCAÇÃO;122 - ADMINISTRAÇÃO GERAL;0002 - GESTÃO DA SECRETARIA MUNICIPAL DE EDUCAÇÃO;2001 - REMUNERAÇÃO PESSOAL DA SECRETARIA;;3.1.90.04.99 - 3.1.90.04.99;1.500.000 - RECURSOS NÃO VINCULADOS DE IMPOSTOS;1001 - IDENTIFICAÇÃO DAS DESPESAS COM MANUTENÇÃO E DESENVOLVIMENTO DO ENSINO;5367;20231031;7191.15;0;0;7191.15;0;6192.69;0;998.46;0;998.46;0
3110004;303;02;509805;2023;10;12 - EDUCAÇÃO;361 - ENSINO FUNDAMENTAL;0003 - MANUTENÇÃO DA EDUCAÇÃO BÁSICA;2329 - REMUNERAÇÃO DE ESTAGIÁRIOS;;3.3.90.36.07 - 3.3.90.36.07;1.500.000 - RECURSOS NÃO VINCULADOS DE IMPOSTOS;1001 - IDENTIFICAÇÃO DAS DESPESAS COM MANUTENÇÃO E DESENVOLVIMENTO DO ENSINO;5449;20231031;61670.96;0;0;61670.96;0;61670.96;0;0;0;0;0
3110004;303;02;509805;2023;10;12 - EDUCAÇÃO;361 - ENSINO FUNDAMENTAL;0003 - MANUTENÇÃO DA EDUCAÇÃO BÁSICA;1200 - CONSTRUÇÃO E REFORMA DE PRÉDIOS ESCOLARES ENSINO FUNDAMENTAL;;4.4.90.51.02 - 4.4.90.51.02;1.500.000 - RECURSOS NÃO VINCULADOS DE IMPOSTOS;1001 - IDENTIFICAÇÃO DAS DESPESAS COM MANUTENÇÃO E DESENVOLVIMENTO DO ENSINO;5588;20231031;14248.07;0;0;0;0;0;0;0;0;0;14248.07
3110004;303;02;509805;2023;12;12 - EDUCAÇÃO;122 - ADMINISTRAÇÃO GERAL;0002 - GESTÃO DA SECRETARIA MUNICIPAL DE EDUCAÇÃO;2002 - MANUTENÇÃO DA SECRETARIA;;3.3.90.14.05 - 3.3.90.14.05;1.500.000 - RECURSOS NÃO VINCULADOS DE IMPOSTOS;1001 - IDENTIFICAÇÃO DAS DESPESAS COM MANUTENÇÃO E DESENVOLVIMENTO DO ENSINO;6096;20231204;86.86;0;0;86.86;0;86.86;0;0;0;0;0
3110004;303;02;509805;2023;8;12 - EDUCAÇÃO;122 - ADMINISTRAÇÃO GERAL;0002 - GESTÃO DA SECRETARIA MUNICIPAL DE EDUCAÇÃO;2001 - REMUNERAÇÃO PESSOAL DA SECRETARIA;;3.1.90.13.03 - 3.1.90.13.03;1.500.000 - RECURSOS NÃO VINCULADOS DE IMPOSTOS;1001 - IDENTIFICAÇÃO DAS DESPESAS COM MANUTENÇÃO E DESENVOLVIMENTO DO ENSINO;4288;20230828;11614.31;0;0;11614.31;0;0;0;119.64;0;11614.31;0
3110004;303;02;509805;2023;1;12 - EDUCAÇÃO;122 - ADMINISTRAÇÃO GERAL;0002 - GESTÃO DA SECRETARIA MUNICIPAL DE EDUCAÇÃO;2002 - MANUTENÇÃO DA SECRETARIA;;3.3.90.49.00 - 3.3.90.49.00;1.500.000 - RECURSOS NÃO VINCULADOS DE IMPOSTOS;1001 - IDENTIFICAÇÃO DAS DESPESAS COM MANUTENÇÃO E DESENVOLVIMENTO DO ENSINO;55;20230102;17280;0;0;1296;0;1296;0;0;0;0;15984
3110004;303;02;509805;2023;1;12 - EDUCAÇÃO;122 - ADMINISTRAÇÃO GERAL;0002 - GESTÃO DA SECRETARIA MUNICIPAL DE EDUCAÇÃO;2001 - REMUNERAÇÃO PESSOAL DA SECRETARIA;;3.1.90.04.99 - 3.1.90.04.99;1.500.000 - RECURSOS NÃO VINCULADOS DE IMPOSTOS;1001 - IDENTIFICAÇÃO DAS DESPESAS COM MANUTENÇÃO E DESENVOLVIMENTO DO ENSINO;347;20230127;1258.6;0;0;1258.6;0;1164.21;0;94.39;0;94.39;0
3110004;303;02;509805;2023;1;12 - EDUCAÇÃO;122 - ADMINISTRAÇÃO GERAL;0002 - GESTÃO DA SECRETARIA MUNICIPAL DE EDUCAÇÃO;2001 - REMUNERAÇÃO PESSOAL DA SECRETARIA;;3.1.90.11.09 - 3.1.90.11.09;1.500.000 - RECURSOS NÃO VINCULADOS DE IMPOSTOS;1001 - IDENTIFICAÇÃO DAS DESPESAS COM MANUTENÇÃO E DESENVOLVIMENTO DO ENSINO;348;20230127;8592.2;0;0;8592.2;0;5756.91;0;2835.29;0;2835.29;0
3110004;303;02;509805;2023;2;12 - EDUCAÇÃO;122 - ADMINISTRAÇÃO GERAL;0002 - GESTÃO DA SECRETARIA MUNICIPAL DE EDUCAÇÃO;2002 - MANUTENÇÃO DA SECRETARIA;;3.3.90.14.05 - 3.3.90.14.05;1.500.000 - RECURSOS NÃO VINCULADOS DE IMPOSTOS;1001 - IDENTIFICAÇÃO DAS DESPESAS COM MANUTENÇÃO E DESENVOLVIMENTO DO ENSINO;155;20230102;0;0;0;0;0;118;0;0;0;-118;0
3110004;303;02;509805;2023;2;12 - EDUCAÇÃO;361 - ENSINO FUNDAMENTAL;0019 - GESTÃO DO TRANSPORTE ESCOLAR;2042 - REMUNERAÇÃO PESSOAL TRANSPORTE ESCOLAR ENSINO FUNDAMENTAL;;3.1.90.16.00 - 3.1.90.16.00;1.500.000 - RECURSOS NÃO VINCULADOS DE IMPOSTOS;1001 - IDENTIFICAÇÃO DAS DESPESAS COM MANUTENÇÃO E DESENVOLVIMENTO DO ENSINO;897;20230224;643.94;0;0;643.94;0;643.94;0;0;0;0;0
3110004;303;02;509805;2023;2;12 - EDUCAÇÃO;361 - ENSINO FUNDAMENTAL;0003 - MANUTENÇÃO DA EDUCAÇÃO BÁSICA;1191 - REMUNERAÇÃO DOS PROFISSIONAIS DO ENSINO FUNDAMENTAL;;3.1.90.13.03 - 3.1.90.13.03;1.500.000 - RECURSOS NÃO VINCULADOS DE IMPOSTOS;1001 - IDENTIFICAÇÃO DAS DESPESAS COM MANUTENÇÃO E DESENVOLVIMENTO DO ENSINO;990;20230224;15162.87;0;0;15162.87;0;0;0;2552.23;0;15162.87;0
3110004;303;02;509805;2023;2;12 - EDUCAÇÃO;122 - ADMINISTRAÇÃO GERAL;0002 - GESTÃO DA SECRETARIA MUNICIPAL DE EDUCAÇÃO;2002 - MANUTENÇÃO DA SECRETARIA;;3.3.90.49.00 - 3.3.90.49.00;1.500.000 - RECURSOS NÃO VINCULADOS DE IMPOSTOS;1001 - IDENTIFICAÇÃO DAS DESPESAS COM MANUTENÇÃO E DESENVOLVIMENTO DO ENSINO;55;20230102;0;0;0;1738.8;0;1738.8;0;0;0;0;-1738.8
3110004;303;02;509805;2023;2;12 - EDUCAÇÃO;122 - ADMINISTRAÇÃO GERAL;0002 - GESTÃO DA SECRETARIA MUNICIPAL DE EDUCAÇÃO;2002 - MANUTENÇÃO DA SECRETARIA;;3.3.90.39.60 - 3.3.90.39.60;1.500.000 - RECURSOS NÃO VINCULADOS DE IMPOSTOS;1001 - IDENTIFICAÇÃO DAS DESPESAS COM MANUTENÇÃO E DESENVOLVIMENTO DO ENSINO;76;20230102;0;0;0;7365.6;0;7152;0;213.6;0;213.6;-7365.6
3110004;303;02;509805;2023;2;12 - EDUCAÇÃO;361 - ENSINO FUNDAMENTAL;0003 - MANUTENÇÃO DA EDUCAÇÃO BÁSICA;2329 - REMUNERAÇÃO DE ESTAGIÁRIOS;;3.3.90.36.07 - 3.3.90.36.07;1.500.000 - RECURSOS NÃO VINCULADOS DE IMPOSTOS;1001 - IDENTIFICAÇÃO DAS DESPESAS COM MANUTENÇÃO E DESENVOLVIMENTO DO ENSINO;968;20230224;40191.55;0;0;40191.55;0;33586.42;0;0;0;6605.13;0
3110004;303;02;509805;2023;3;12 - EDUCAÇÃO;122 - ADMINISTRAÇÃO GERAL;0002 - GESTÃO DA SECRETARIA MUNICIPAL DE EDUCAÇÃO;2002 - MANUTENÇÃO DA SECRETARIA;;3.3.90.14.05 - 3.3.90.14.05;1.500.000 - RECURSOS NÃO VINCULADOS DE IMPOSTOS;1001 - IDENTIFICAÇÃO DAS DESPESAS COM MANUTENÇÃO E DESENVOLVIMENTO DO ENSINO;1105;20230301;94.4;0;0;94.4;0;94.4;0;0;0;0;0
3110004;303;02;509805;2023;3;12 - EDUCAÇÃO;361 - ENSINO FUNDAMENTAL;0003 - MANUTENÇÃO DA EDUCAÇÃO BÁSICA;1191 - REMUNERAÇÃO DOS PROFISSIONAIS DO ENSINO FUNDAMENTAL;;3.1.90.13.03 - 3.1.90.13.03;1.500.000 - RECURSOS NÃO VINCULADOS DE IMPOSTOS;1001 - IDENTIFICAÇÃO DAS DESPESAS COM MANUTENÇÃO E DESENVOLVIMENTO DO ENSINO;1649;20230328;14748.34;0;0;14748.34;0;0;0;2536.28;0;14748.34;0
3110004;303;02;509805;2023;3;12 - EDUCAÇÃO;365 - EDUCAÇÃO INFANTIL;0003 - MANUTENÇÃO DA EDUCAÇÃO BÁSICA;1042 - CONSTRUÇÃO E REFORMA DE CRECHE EDUCAÇÃO INFANTIL;;4.4.90.51.02 - 4.4.90.51.02;1.500.000 - RECURSOS NÃO VINCULADOS DE IMPOSTOS;1001 - IDENTIFICAÇÃO DAS DESPESAS COM MANUTENÇÃO E DESENVOLVIMENTO DO ENSINO;1203;20230306;10496.12;0;0;10496.12;0;10181.24;0;314.88;0;314.88;0
3110004;303;02;509805;2023;3;12 - EDUCAÇÃO;361 - ENSINO FUNDAMENTAL;0003 - MANUTENÇÃO DA EDUCAÇÃO BÁSICA;2062 - MANUTENÇÃO DO ENSINO FUNDAMENTAL;;3.3.90.39.61 - 3.3.90.39.61;1.500.000 - RECURSOS NÃO VINCULADOS DE IMPOSTOS;1001 - IDENTIFICAÇÃO DAS DESPESAS COM MANUTENÇÃO E DESENVOLVIMENTO DO ENSINO;183;20230102;0;0;0;4955;0;4955;0;0;0;0;-4955
3110004;303;02;509805;2023;3;12 - EDUCAÇÃO;361 - ENSINO FUNDAMENTAL;0003 - MANUTENÇÃO DA EDUCAÇÃO BÁSICA;2062 - MANUTENÇÃO DO ENSINO FUNDAMENTAL;;3.3.90.30.22 - 3.3.90.30.22;1.500.000 - RECURSOS NÃO VINCULADOS DE IMPOSTOS;1001 - IDENTIFICAÇÃO DAS DESPESAS COM MANUTENÇÃO E DESENVOLVIMENTO DO ENSINO;70;20230102;0;0;0;1410.7;0;1410.7;0;0;0;0;-1410.7
3110004;303;02;509805;2023;3;12 - EDUCAÇÃO;122 - ADMINISTRAÇÃO GERAL;0002 - GESTÃO DA SECRETARIA MUNICIPAL DE EDUCAÇÃO;2002 - MANUTENÇÃO DA SECRETARIA;;3.3.90.49.00 - 3.3.90.49.00;1.500.000 - RECURSOS NÃO VINCULADOS DE IMPOSTOS;1001 - IDENTIFICAÇÃO DAS DESPESAS COM MANUTENÇÃO E DESENVOLVIMENTO DO ENSINO;605;20230127;0;0;0;11296.9;0;11296.9;0;0;0;0;-11296.9
3110004;303;02;509805;2023;3;12 - EDUCAÇÃO;122 - ADMINISTRAÇÃO GERAL;0002 - GESTÃO DA SECRETARIA MUNICIPAL DE EDUCAÇÃO;2002 - MANUTENÇÃO DA SECRETARIA;;3.3.90.14.05 - 3.3.90.14.05;1.500.000 - RECURSOS NÃO VINCULADOS DE IMPOSTOS;1001 - IDENTIFICAÇÃO DAS DESPESAS COM MANUTENÇÃO E DESENVOLVIMENTO DO ENSINO;1106;20230301;47.2;0;0;47.2;0;47.2;0;0;0;0;0
3110004;303;02;509805;2023;3;12 - EDUCAÇÃO;122 - ADMINISTRAÇÃO GERAL;0002 - GESTÃO DA SECRETARIA MUNICIPAL DE EDUCAÇÃO;2002 - MANUTENÇÃO DA SECRETARIA;;3.3.90.39.60 - 3.3.90.39.60;1.500.000 - RECURSOS NÃO VINCULADOS DE IMPOSTOS;1001 - IDENTIFICAÇÃO DAS DESPESAS COM MANUTENÇÃO E DESENVOLVIMENTO DO ENSINO;76;20230102;0;0;0;7365.6;0;7152;0;213.6;0;213.6;-7365.6
3110004;303;02;509805;2023;3;12 - EDUCAÇÃO;122 - ADMINISTRAÇÃO GERAL;0002 - GESTÃO DA SECRETARIA MUNICIPAL DE EDUCAÇÃO;2001 - REMUNERAÇÃO PESSOAL DA SECRETARIA;;3.1.90.13.01 - 3.1.90.13.01;1.500.000 - RECURSOS NÃO VINCULADOS DE IMPOSTOS;1001 - IDENTIFICAÇÃO DAS DESPESAS COM MANUTENÇÃO E DESENVOLVIMENTO DO ENSINO;985;20230224;0;0;0;0;0;974.61;0;0;0;-974.61;0
3110004;303;02;509805;2023;3;12 - EDUCAÇÃO;122 - ADMINISTRAÇÃO GERAL;0002 - GESTÃO DA SECRETARIA MUNICIPAL DE EDUCAÇÃO;2001 - REMUNERAÇÃO PESSOAL DA SECRETARIA;;3.1.90.13.03 - 3.1.90.13.03;1.500.000 - RECURSOS NÃO VINCULADOS DE IMPOSTOS;1001 - IDENTIFICAÇÃO DAS DESPESAS COM MANUTENÇÃO E DESENVOLVIMENTO DO ENSINO;1645;20230328;5736.91;0;0;5736.91;0;0;0;119.64;0;5736.91;0
3110004;303;02;509805;2023;3;12 - EDUCAÇÃO;361 - ENSINO FUNDAMENTAL;0003 - MANUTENÇÃO DA EDUCAÇÃO BÁSICA;2329 - REMUNERAÇÃO DE ESTAGIÁRIOS;;3.3.90.36.07 - 3.3.90.36.07;1.500.000 - RECURSOS NÃO VINCULADOS DE IMPOSTOS;1001 - IDENTIFICAÇÃO DAS DESPESAS COM MANUTENÇÃO E DESENVOLVIMENTO DO ENSINO;1231;20230307;323.38;0;0;323.38;0;0;0;0;0;323.38;0
3110004;303;02;509805;2023;3;12 - EDUCAÇÃO;122 - ADMINISTRAÇÃO GERAL;0002 - GESTÃO DA SECRETARIA MUNICIPAL DE EDUCAÇÃO;2002 - MANUTENÇÃO DA SECRETARIA;;3.3.90.40.06 - 3.3.90.40.06;1.500.000 - RECURSOS NÃO VINCULADOS DE IMPOSTOS;1001 - IDENTIFICAÇÃO DAS DESPESAS COM MANUTENÇÃO E DESENVOLVIMENTO DO ENSINO;259;20230110;0;0;0;11736.2;0;11736.2;0;0;0;0;-11736.2
3110004;303;02;509805;2023;4;12 - EDUCAÇÃO;361 - ENSINO FUNDAMENTAL;0019 - GESTÃO DO TRANSPORTE ESCOLAR;2041 - MANUTENÇÃO TRANSPORTE ESCOLAR DO ENSINO FUNDAMENTAL;;3.3.90.39.57 - 3.3.90.39.57;1.500.000 - RECURSOS NÃO VINCULADOS DE IMPOSTOS;1001 - IDENTIFICAÇÃO DAS DESPESAS COM MANUTENÇÃO E DESENVOLVIMENTO DO ENSINO;1831;20230405;1376680;0;0;0;0;0;0;0;0;0;1376680
3110004;303;02;509805;2023;4;12 - EDUCAÇÃO;122 - ADMINISTRAÇÃO GERAL;0002 - GESTÃO DA SECRETARIA MUNICIPAL DE EDUCAÇÃO;2002 - MANUTENÇÃO DA SECRETARIA;;3.3.90.49.00 - 3.3.90.49.00;1.500.000 - RECURSOS NÃO VINCULADOS DE IMPOSTOS;1001 - IDENTIFICAÇÃO DAS DESPESAS COM MANUTENÇÃO E DESENVOLVIMENTO DO ENSINO;605;20230127;0;0;0;14987.7;0;14987.7;0;0;0;0;-14987.7
3110004;303;02;509805;2023;4;12 - EDUCAÇÃO;122 - ADMINISTRAÇÃO GERAL;0002 - GESTÃO DA SECRETARIA MUNICIPAL DE EDUCAÇÃO;2001 - REMUNERAÇÃO PESSOAL DA SECRETARIA;;3.1.90.16.00 - 3.1.90.16.00;1.500.000 - RECURSOS NÃO VINCULADOS DE IMPOSTOS;1001 - IDENTIFICAÇÃO DAS DESPESAS COM MANUTENÇÃO E DESENVOLVIMENTO DO ENSINO;2053;20230426;431.6;0;0;431.6;0;431.6;0;0;0;0;0
3110004;303;02;509805;2023;4;12 - EDUCAÇÃO;122 - ADMINISTRAÇÃO GERAL;0002 - GESTÃO DA SECRETARIA MUNICIPAL DE EDUCAÇÃO;2001 - REMUNERAÇÃO PESSOAL DA SECRETARIA;;3.1.90.13.01 - 3.1.90.13.01;1.500.000 - RECURSOS NÃO VINCULADOS DE IMPOSTOS;1001 - IDENTIFICAÇÃO DAS DESPESAS COM MANUTENÇÃO E DESENVOLVIMENTO DO ENSINO;1644;20230328;0;0;0;0;0;1375.98;0;0;0;-1375.98;0
3110004;303;02;509805;2023;4;12 - EDUCAÇÃO;365 - EDUCAÇÃO INFANTIL;0019 - GESTÃO DO TRANSPORTE ESCOLAR;2454 - MANUTENÇÃO TRANSPORTE ESCOLAR EDUCAÇÃO INFANTIL;;3.3.90.39.57 - 3.3.90.39.57;1.500.000 - RECURSOS NÃO VINCULADOS DE IMPOSTOS;1001 - IDENTIFICAÇÃO DAS DESPESAS COM MANUTENÇÃO E DESENVOLVIMENTO DO ENSINO;781;20230223;0;0;0;300260.16;0;288099.63;0;12160.53;0;12160.53;-300260.16
3110004;303;02;509805;2023;4;12 - EDUCAÇÃO;122 - ADMINISTRAÇÃO GERAL;0002 - GESTÃO DA SECRETARIA MUNICIPAL DE EDUCAÇÃO;2002 - MANUTENÇÃO DA SECRETARIA;;3.3.90.14.05 - 3.3.90.14.05;1.500.000 - RECURSOS NÃO VINCULADOS DE IMPOSTOS;1001 - IDENTIFICAÇÃO DAS DESPESAS COM MANUTENÇÃO E DESENVOLVIMENTO DO ENSINO;1989;20230426;47.2;0;0;0;0;0;0;0;0;0;47.2
3110004;303;02;509805;2023;4;12 - EDUCAÇÃO;361 - ENSINO FUNDAMENTAL;0003 - MANUTENÇÃO DA EDUCAÇÃO BÁSICA;1191 - REMUNERAÇÃO DOS PROFISSIONAIS DO ENSINO FUNDAMENTAL;;3.1.90.13.03 - 3.1.90.13.03;1.500.000 - RECURSOS NÃO VINCULADOS DE IMPOSTOS;1001 - IDENTIFICAÇÃO DAS DESPESAS COM MANUTENÇÃO E DESENVOLVIMENTO DO ENSINO;1649;20230328;0;0;0;0;0;12212.06;0;0;0;-12212.06;0
3110004;303;02;509805;2023;4;12 - EDUCAÇÃO;122 - ADMINISTRAÇÃO GERAL;0002 - GESTÃO DA SECRETARIA MUNICIPAL DE EDUCAÇÃO;2001 - REMUNERAÇÃO PESSOAL DA SECRETARIA;;3.1.90.11.09 - 3.1.90.11.09;1.500.000 - RECURSOS NÃO VINCULADOS DE IMPOSTOS;1001 - IDENTIFICAÇÃO DAS DESPESAS COM MANUTENÇÃO E DESENVOLVIMENTO DO ENSINO;2051;20230426;8592.2;0;0;8592.2;0;5756.91;0;2835.29;0;2835.29;0
3110004;303;02;509805;2023;4;12 - EDUCAÇÃO;361 - ENSINO FUNDAMENTAL;0003 - MANUTENÇÃO DA EDUCAÇÃO BÁSICA;2329 - REMUNERAÇÃO DE ESTAGIÁRIOS;;3.3.90.36.07 - 3.3.90.36.07;1.500.000 - RECURSOS NÃO VINCULADOS DE IMPOSTOS;1001 - IDENTIFICAÇÃO DAS DESPESAS COM MANUTENÇÃO E DESENVOLVIMENTO DO ENSINO;1473;20230324;0;0;0;0;0;280.61;0;0;0;-280.61;0
3110004;303;02;509805;2023;5;12 - EDUCAÇÃO;122 - ADMINISTRAÇÃO GERAL;0002 - GESTÃO DA SECRETARIA MUNICIPAL DE EDUCAÇÃO;2002 - MANUTENÇÃO DA SECRETARIA;;3.3.90.14.05 - 3.3.90.14.05;1.500.000 - RECURSOS NÃO VINCULADOS DE IMPOSTOS;1001 - IDENTIFICAÇÃO DAS DESPESAS COM MANUTENÇÃO E DESENVOLVIMENTO DO ENSINO;2473;20230522;70.8;0;0;70.8;0;70.8;0;0;0;0;0
3110004;303;02;509805;2023;5;12 - EDUCAÇÃO;361 - ENSINO FUNDAMENTAL;0003 - MANUTENÇÃO DA EDUCAÇÃO BÁSICA;1191 - REMUNERAÇÃO DOS PROFISSIONAIS DO ENSINO FUNDAMENTAL;;3.1.90.13.01 - 3.1.90.13.01;1.500.000 - RECURSOS NÃO VINCULADOS DE IMPOSTOS;1001 - IDENTIFICAÇÃO DAS DESPESAS COM MANUTENÇÃO E DESENVOLVIMENTO DO ENSINO;2157;20230426;0;0;0;0;0;6432.18;0;0;0;-6432.18;0
3110004;303;02;509805;2023;5;12 - EDUCAÇÃO;122 - ADMINISTRAÇÃO GERAL;0002 - GESTÃO DA SECRETARIA MUNICIPAL DE EDUCAÇÃO;2002 - MANUTENÇÃO DA SECRETARIA;;3.3.90.39.14 - 3.3.90.39.14;1.500.000 - RECURSOS NÃO VINCULADOS DE IMPOSTOS;1001 - IDENTIFICAÇÃO DAS DESPESAS COM MANUTENÇÃO E DESENVOLVIMENTO DO ENSINO;2355;20230510;1350;0;0;1350;0;1350;0;0;0;0;0
3110004;303;02;509805;2023;5;12 - EDUCAÇÃO;122 - ADMINISTRAÇÃO GERAL;0002 - GESTÃO DA SECRETARIA MUNICIPAL DE EDUCAÇÃO;2002 - MANUTENÇÃO DA SECRETARIA;;3.3.90.14.05 - 3.3.90.14.05;1.500.000 - RECURSOS NÃO VINCULADOS DE IMPOSTOS;1001 - IDENTIFICAÇÃO DAS DESPESAS COM MANUTENÇÃO E DESENVOLVIMENTO DO ENSINO;1989;20230426;0;0;0;47.2;0;47.2;0;0;0;0;-47.2
3110004;303;02;509805;2023;5;12 - EDUCAÇÃO;122 - ADMINISTRAÇÃO GERAL;0002 - GESTÃO DA SECRETARIA MUNICIPAL DE EDUCAÇÃO;2002 - MANUTENÇÃO DA SECRETARIA;;3.3.90.35.06 - 3.3.90.35.06;1.500.000 - RECURSOS NÃO VINCULADOS DE IMPOSTOS;1001 - IDENTIFICAÇÃO DAS DESPESAS COM MANUTENÇÃO E DESENVOLVIMENTO DO ENSINO;1892;20230412;0;0;0;3400;0;3400;0;0;0;0;-3400
3110004;303;02;509805;2023;5;12 - EDUCAÇÃO;122 - ADMINISTRAÇÃO GERAL;0002 - GESTÃO DA SECRETARIA MUNICIPAL DE EDUCAÇÃO;2002 - MANUTENÇÃO DA SECRETARIA;;4.4.90.52.21 - 4.4.90.52.21;1.500.000 - RECURSOS NÃO VINCULADOS DE IMPOSTOS;1001 - IDENTIFICAÇÃO DAS DESPESAS COM MANUTENÇÃO E DESENVOLVIMENTO DO ENSINO;2528;20230529;696.23;0;0;0;0;0;0;0;0;0;696.23
3110004;303;02;509805;2023;5;12 - EDUCAÇÃO;122 - ADMINISTRAÇÃO GERAL;0002 - GESTÃO DA SECRETARIA MUNICIPAL DE EDUCAÇÃO;2002 - MANUTENÇÃO DA SECRETARIA;;3.3.90.36.14 - 3.3.90.36.14;1.500.000 - RECURSOS NÃO VINCULADOS DE IMPOSTOS;1001 - IDENTIFICAÇÃO DAS DESPESAS COM MANUTENÇÃO E DESENVOLVIMENTO DO ENSINO;783;20230223;0;0;0;2626.26;0;2572.09;0;54.17;0;54.17;-2626.26
3110004;303;02;509805;2023;5;12 - EDUCAÇÃO;361 - ENSINO FUNDAMENTAL;0019 - GESTÃO DO TRANSPORTE ESCOLAR;2042 - REMUNERAÇÃO PESSOAL TRANSPORTE ESCOLAR ENSINO FUNDAMENTAL;;3.1.90.13.03 - 3.1.90.13.03;1.500.000 - RECURSOS NÃO VINCULADOS DE IMPOSTOS;1001 - IDENTIFICAÇÃO DAS DESPESAS COM MANUTENÇÃO E DESENVOLVIMENTO DO ENSINO;2161;20230426;0;0;0;0;0;1263.45;0;0;0;-1263.45;0
3110004;303;02;509805;2023;6;12 - EDUCAÇÃO;122 - ADMINISTRAÇÃO GERAL;0002 - GESTÃO DA SECRETARIA MUNICIPAL DE EDUCAÇÃO;2002 - MANUTENÇÃO DA SECRETARIA;;3.3.90.14.05 - 3.3.90.14.05;1.500.000 - RECURSOS NÃO VINCULADOS DE IMPOSTOS;1001 - IDENTIFICAÇÃO DAS DESPESAS COM MANUTENÇÃO E DESENVOLVIMENTO DO ENSINO;2765;20230601;173.72;0;0;173.72;0;173.72;0;0;0;0;0
3110004;303;02;509805;2023;6;12 - EDUCAÇÃO;122 - ADMINISTRAÇÃO GERAL;0002 - GESTÃO DA SECRETARIA MUNICIPAL DE EDUCAÇÃO;2002 - MANUTENÇÃO DA SECRETARIA;;3.3.90.35.06 - 3.3.90.35.06;1.500.000 - RECURSOS NÃO VINCULADOS DE IMPOSTOS;1001 - IDENTIFICAÇÃO DAS DESPESAS COM MANUTENÇÃO E DESENVOLVIMENTO DO ENSINO;1892;20230412;0;0;0;3400;0;3400;0;0;0;0;-3400
3110004;303;02;509805;2023;6;12 - EDUCAÇÃO;361 - ENSINO FUNDAMENTAL;0019 - GESTÃO DO TRANSPORTE ESCOLAR;2041 - MANUTENÇÃO TRANSPORTE ESCOLAR DO ENSINO FUNDAMENTAL;;3.3.90.39.99 - 3.3.90.39.99;1.500.000 - RECURSOS NÃO VINCULADOS DE IMPOSTOS;1001 - IDENTIFICAÇÃO DAS DESPESAS COM MANUTENÇÃO E DESENVOLVIMENTO DO ENSINO;3112;20230628;40000;0;0;0;0;0;0;0;0;0;40000
3110004;303;02;509805;2023;6;12 - EDUCAÇÃO;122 - ADMINISTRAÇÃO GERAL;0002 - GESTÃO DA SECRETARIA MUNICIPAL DE EDUCAÇÃO;2002 - MANUTENÇÃO DA SECRETARIA;;3.3.90.39.43 - 3.3.90.39.43;1.500.000 - RECURSOS NÃO VINCULADOS DE IMPOSTOS;1001 - IDENTIFICAÇÃO DAS DESPESAS COM MANUTENÇÃO E DESENVOLVIMENTO DO ENSINO;2286;20230505;0;0;0;1794.52;0;1794.52;0;0;0;0;-1794.52
3110004;303;02;509805;2023;6;12 - EDUCAÇÃO;361 - ENSINO FUNDAMENTAL;0019 - GESTÃO DO TRANSPORTE ESCOLAR;2041 - MANUTENÇÃO TRANSPORTE ESCOLAR DO ENSINO FUNDAMENTAL;;3.3.90.39.99 - 3.3.90.39.99;1.500.000 - RECURSOS NÃO VINCULADOS DE IMPOSTOS;1001 - IDENTIFICAÇÃO DAS DESPESAS COM MANUTENÇÃO E DESENVOLVIMENTO DO ENSINO;2864;20230602;15000;0;0;0;0;0;0;0;0;0;15000
3110004;303;02;509805;2023;6;12 - EDUCAÇÃO;122 - ADMINISTRAÇÃO GERAL;0002 - GESTÃO DA SECRETARIA MUNICIPAL DE EDUCAÇÃO;2002 - MANUTENÇÃO DA SECRETARIA;;3.3.90.14.05 - 3.3.90.14.05;1.500.000 - RECURSOS NÃO VINCULADOS DE IMPOSTOS;1001 - IDENTIFICAÇÃO DAS DESPESAS COM MANUTENÇÃO E DESENVOLVIMENTO DO ENSINO;2905;20230613;130.29;0;0;130.29;0;130.29;0;0;0;0;0
3110004;303;02;509805;2023;7;12 - EDUCAÇÃO;365 - EDUCAÇÃO INFANTIL;0221 - MANUTENÇÃO DA EDUCAÇÃO BÁSICA;2407 - REMUNERAÇÃO PESSOAL EDUCAÇÃO INFANTILCRECHE;;3.1.90.13.01 - 3.1.90.13.01;1.500.000 - RECURSOS NÃO VINCULADOS DE IMPOSTOS;1001 - IDENTIFICAÇÃO DAS DESPESAS COM MANUTENÇÃO E DESENVOLVIMENTO DO ENSINO;3262;20230628;0;0;0;0;0;446.66;0;0;0;-446.66;0
3110004;303;02;509805;2023;7;12 - EDUCAÇÃO;361 - ENSINO FUNDAMENTAL;0003 - MANUTENÇÃO DA EDUCAÇÃO BÁSICA;2062 - MANUTENÇÃO DO ENSINO FUNDAMENTAL;;3.3.90.32.99 - 3.3.90.32.99;1.500.000 - RECURSOS NÃO VINCULADOS DE IMPOSTOS;1001 - IDENTIFICAÇÃO DAS DESPESAS COM MANUTENÇÃO E DESENVOLVIMENTO DO ENSINO;2967;20230616;0;0;0;98556.25;0;98556.25;0;0;0;0;-98556.25
3110004;303;02;509805;2023;7;12 - EDUCAÇÃO;122 - ADMINISTRAÇÃO GERAL;0002 - GESTÃO DA SECRETARIA MUNICIPAL DE EDUCAÇÃO;2001 - REMUNERAÇÃO PESSOAL DA SECRETARIA;;3.1.90.13.01 - 3.1.90.13.01;1.500.000 - RECURSOS NÃO VINCULADOS DE IMPOSTOS;1001 - IDENTIFICAÇÃO DAS DESPESAS COM MANUTENÇÃO E DESENVOLVIMENTO DO ENSINO;3251;20230628;0;0;0;0;0;2953.75;0;0;0;-2953.75;0
3110004;303;02;509805;2023;7;12 - EDUCAÇÃO;361 - ENSINO FUNDAMENTAL;0019 - GESTÃO DO TRANSPORTE ESCOLAR;2042 - REMUNERAÇÃO PESSOAL TRANSPORTE ESCOLAR ENSINO FUNDAMENTAL;;3.1.90.13.03 - 3.1.90.13.03;1.500.000 - RECURSOS NÃO VINCULADOS DE IMPOSTOS;1001 - IDENTIFICAÇÃO DAS DESPESAS COM MANUTENÇÃO E DESENVOLVIMENTO DO ENSINO;3774;20230727;1164.51;0;0;1164.51;0;0;0;0;0;1164.51;0
3110004;303;02;509805;2023;7;12 - EDUCAÇÃO;122 - ADMINISTRAÇÃO GERAL;0002 - GESTÃO DA SECRETARIA MUNICIPAL DE EDUCAÇÃO;2002 - MANUTENÇÃO DA SECRETARIA;;3.3.90.14.05 - 3.3.90.14.05;1.500.000 - RECURSOS NÃO VINCULADOS DE IMPOSTOS;1001 - IDENTIFICAÇÃO DAS DESPESAS COM MANUTENÇÃO E DESENVOLVIMENTO DO ENSINO;3360;20230704;43.43;0;0;43.43;0;43.43;0;0;0;0;0
3110004;303;02;509805;2023;7;12 - EDUCAÇÃO;122 - ADMINISTRAÇÃO GERAL;0002 - GESTÃO DA SECRETARIA MUNICIPAL DE EDUCAÇÃO;2001 - REMUNERAÇÃO PESSOAL DA SECRETARIA;;3.1.90.16.00 - 3.1.90.16.00;1.500.000 - RECURSOS NÃO VINCULADOS DE IMPOSTOS;1001 - IDENTIFICAÇÃO DAS DESPESAS COM MANUTENÇÃO E DESENVOLVIMENTO DO ENSINO;3665;20230727;1446.89;0;0;1446.89;0;1446.89;0;0;0;0;0
3110004;303;02;509805;2023;7;12 - EDUCAÇÃO;365 - EDUCAÇÃO INFANTIL;0221 - MANUTENÇÃO DA EDUCAÇÃO BÁSICA;2407 - REMUNERAÇÃO PESSOAL EDUCAÇÃO INFANTILCRECHE;;3.1.90.13.03 - 3.1.90.13.03;1.500.000 - RECURSOS NÃO VINCULADOS DE IMPOSTOS;1001 - IDENTIFICAÇÃO DAS DESPESAS COM MANUTENÇÃO E DESENVOLVIMENTO DO ENSINO;3778;20230727;1247.81;0;0;1247.81;0;0;0;59.82;0;1247.81;0
3110004;303;02;509805;2023;7;12 - EDUCAÇÃO;122 - ADMINISTRAÇÃO GERAL;0002 - GESTÃO DA SECRETARIA MUNICIPAL DE EDUCAÇÃO;2001 - REMUNERAÇÃO PESSOAL DA SECRETARIA;;3.1.90.11.11 - 3.1.90.11.11;1.500.000 - RECURSOS NÃO VINCULADOS DE IMPOSTOS;1001 - IDENTIFICAÇÃO DAS DESPESAS COM MANUTENÇÃO E DESENVOLVIMENTO DO ENSINO;3664;20230727;37688.95;0;0;37688.95;0;27952.33;0;9736.62;0;9736.62;0
