seq_item_dispensa|seq_dispensa|seq_orgao|cod_orgao|num_ano_referencia|num_mes_referencia|cod_item|num_item|dsc_item|dsc_unid_medida
2594402|361781|303|02|2020|12|4469|1|LOCACAO DE IMÓVEL SITUADO À RUA FERNANDES DE FREITAS 11 DISTRITO DE RANCHO NOVO ONDE FUNCIONARÁ A UNIDADE DO CENTRO DE REFERÊNCIA DE ASSISTÊNCIA SOCIAL RANCHO NOVO PERÍODO DOZE MESES A CONTAR DA ASSINATURA DO CONTRATO|MÊS
2594403|361782|303|02|2020|12|13447|1|CESTA BASICA CONTENDO 01 PACOTE DE ACUCAR CRISTAL 5KG02 PACOTE CD ARROZ 5 01 PACOTE DE CAFÉ EM EMBALAGEM DE 500 G 02 EXTRATO DE TOMATE EMBALAHEM DE 190 G 02 PACOTE DE FARINHA DE TRIGO 1 KG 04 PACOTES DE FEIJAO CARIOCA EM EMBALAGEM DE 1 KG 01 PACOTE DE FUBA EM EMBALAGEM 1 KG 02 EMBALAGENS DE MACARRAO ESPAGUETE DE 500 G 02 EMBALAGEM DE ÓLEO 900 ML 01 BEBIDA LACTEA EM PÓ 400 G 01 PACOTE DE TEMPERO DE ALHO E SAL DE 500 G 02 LATAS DE SARDINHA AO MOLHO DE TOMATE 01 ACHOCOLATADO EM EMBALAGEM DE 400 G 04 PACOTES DE BISCOITO RECHEADO EM EMBALAGEM DE 130 G01 CAIXA DE BOMBOM|UND
2594404|361783|303|02|2020|12|6853|1|CONSULTA MÉDICA PARA A PACIENTE IZABELLA LUIZA ALCÂNTARA SILVA|UND
2594405|361783|303|02|2020|12|6854|2|TRATAMENTO IMUNOTERÁPICO PARA A PACIENTE IZABELLA LUIZA ALCÂNTARA SILVA|UND
2594406|361784|303|02|2020|12|13480|33|RALOS INOX PARA PIA DE COZINHA|UND
2594407|361784|303|02|2020|12|13461|13|COLHER DE PAU GRANDE|UND
2594408|361784|303|02|2020|12|13450|2|PANELA DE ALUMÍNIO GROSSO Nº 36|UND
2594409|361784|303|02|2020|12|13489|42|RODOS COM ESPUMA SIMPLES DE 50 CM COM CABO DE MADEIRA|UND
2594410|361784|303|02|2020|12|13456|8|GARFO DE ALUMÍNIO|UND
2594411|361784|303|02|2020|12|13468|20|CAIXA BOX PLASTICA COM TAMPA DE 100 LITROS|UND
2594412|361784|303|02|2020|12|13471|23|BACIA PLASTICA COM CAPACIDADE DE 40 LITROS|UND
2594413|361784|303|02|2020|12|13493|46|TABULEIRO EM ALUMÍNIO RETANGULAR 48 CM APROXIMADAMENTE|UND
2594414|361784|303|02|2020|12|13451|3|CALDEIRAO DE ALUMÍNIO COM CAPACIDADE DE 15 L COM TAMPA|UND
2594415|361784|303|02|2020|12|13455|7|COLHER DE ALUMÍNIO PARA SOPA|UND
2594416|361784|303|02|2020|12|13473|25|FACA GRANDE DE COZINHA COM LÂMINA EM ACO INOX E CABO EM POLIPROPILENO|UND
2594417|361784|303|02|2020|12|13469|21|CAIXA BOX PLASTICA COM TAMPA DE 60 LITROS|UND
2594418|361784|303|02|2020|12|13487|40|ESCOVA DE MADEIRA PARA LAVAR ROUPAS|UND
2594419|361784|303|02|2020|12|13454|6|PRATOS FUNDOS DE VIDRO TRANSPARENTE|UND
2594420|361784|303|02|2020|12|13486|39|CORDA PARA VARAL EM NYLON 3 MM COM 400 METROS|UND
2594421|361784|303|02|2020|12|13463|15|CANECA PLASTICA REFORCADA PARA SUCO|UND
2594422|361784|303|02|2020|12|13470|22|BACIA PLASTICA COM CAPACIDADE DE 80 LITROS|UND
2594423|361784|303|02|2020|12|13453|5|FRIGIDEIRA COM TAMPA E ALCA DE 30 CM DE DIÂMETRO|UND
2594424|361784|303|02|2020|12|13465|17|BULÉ DE CAFÉ EM ALUMÍNIO 5 LITROS|UND
2594425|361784|303|02|2020|12|13490|43|PORTA SABAO E DETERGENTE EM PLASTICO PARA COZINHA|UND
2594426|361784|303|02|2020|12|13464|16|COADOR PARA CAFÉ E CHA DE PANO|UND
2594427|361784|303|02|2020|12|13472|24|BACIA PLASTICA COM CAPACIDADE DE 5 LITROS|UND
2594428|361784|303|02|2020|12|13449|1|PANELA DE ALUMÍNIO GROSSO Nº 52|UND
2594429|361784|303|02|2020|12|13477|30|CANECO DE ALUMÍNIO COM ALCA 45 LITROS|UND
2594430|361784|303|02|2020|12|13488|41|PREGADORES DE ROUPAS EM MADEIRA EMBALAGEM CONTENDO 12 UNIDADES|UND
2594431|361784|303|02|2020|12|13481|34|POTES DE VIDRO PARA GUARDAR BISCOITOS 2 LITROS|UND
2594432|361784|303|02|2020|12|13467|19|ESCORREDOR PARA ARROZ E MACARRAO|UND
2594433|361784|303|02|2020|12|13459|11|CONCHA DE ALUMÍNIO PARA FEIJAO|UND
2594434|361784|303|02|2020|12|13458|10|CANECA DE VIDRO TRANSPARENTE COM ALCA CAPACIDADE PARA 200 ML|UND
2594435|361784|303|02|2020|12|13479|32|LIXEIRA EM ACO INOX COM PEDAL 30 LITROS|UND
2594436|361784|303|02|2020|12|13478|31|LIXEIRA PLASTICA COM TAMPA E ALCA 100 LITROS|UND
2594437|361784|303|02|2020|12|13492|45|TABULEIRO EM ALUMÍNIO RETANGULAR 62 CM APROXIMADAMENTE|UND
2594438|361784|303|02|2020|12|13476|29|TABUA DE MADEIRA PARA CORTE DE CARNES E LEGUMES|UND
2594439|361784|303|02|2020|12|13457|9|FACA MESA DE ALUMÍNIO|UND
2594440|361784|303|02|2020|12|13495|48|FORMAS REDONDA EM ALUMÍNIO GRANDE 22 CM APROXIMADAMENTE|UND
2594441|361784|303|02|2020|12|9032|27|GARRAFA TÉRMICA CAPACIDADE 2 LITROS COM ALCA REVESTIDA EM ACOINOX FOSCO AMPOLA DE VIDRO SISTEMA DIFERENCIADO DE BOMBEAMENTO QUE FACILITA O SERVIR BASE GIRATORIA QUE FACILITA O MANUSEIO|UND
2594442|361784|303|02|2020|12|13491|44|SABONETEIRA EM PLASTICO COM TAMPA PARA BANHEIRO|UND
2594443|361784|303|02|2020|12|13483|36|FILTRO DE BARRO COM CAPACIDADE PARA 8 LITROS|UND
2594444|361784|303|02|2020|12|13474|26|PANELA DE PRESSAO EM ALUMÍNIO POLIDO 7 LITROS|UND
2594445|361784|303|02|2020|12|13494|47|FORMAS REDONDA EM ALUMÍNIO GRANDE 30 CM APROXIMADAMENTE|UND
2594446|361784|303|02|2020|12|13485|38|ESCOVA PARA LAVAGEM DE BANHEIRO|UND
2594447|361784|303|02|2020|12|13460|12|COLHER GRANDE DE ALUMÍNIO PARA ARROZ|UND
2594448|361784|303|02|2020|12|13484|37|CESTOS PLASTICOS PARA ROUPA SUJA COM TAMPA 46 LITROS APROXIMADAMENTE|UND
2594449|361784|303|02|2020|12|13452|4|CALDEIRAO DE ALUMÍNIO COM CAPACIDADE DE 20 L COM TAMPA|UND
2594450|361784|303|02|2020|12|13466|18|RALADORES DE LEGUMES EM ALUMÍNIO|UND
2594451|361784|303|02|2020|12|13482|35|VELA PARA FILTRO DE BARRO 8 LITROS|UND
2594452|361784|303|02|2020|12|13475|28|XÍCARAS DE VIDRO TRANSPARENTE COM ALCAS E PIRES|UND
2594453|361784|303|02|2020|12|13462|14|JARRA PLASTICA PARA SUCO 5 LITROS|UND
2594454|361785|303|02|2020|12|13503|2|JALECO CAPOTE AVENTAL DESCARTAVEL TNT 30 G MANGA LONGA 100% POLIPROPILENO ATÓXICO NAO ESTÉRIL HIPOALERGÊNICO|UND
2594455|361785|303|02|2020|12|13502|1|TAPETE HIGIENIZADOR PARA OS PÉS UM LADO PARA COLOCAR A SOLUCAO DESINFETANTE PARA LIMPAR OS PÉS E O OUTRO LADO PARA ENXUGAR OS PÉS MEDIDAS 70 CM X 40 CM|UND
2594456|361785|303|02|2020|12|13187|3|TERMÔMETRO DIGITAL A LASER MEDICAO POR INFRAVERMELHO SEM CONTATO|UND
2594457|361785|303|02|2020|12|13365|4|DISPENSER DE ÁLCOOL LÍQUIDO SPRAY ANTISSÉPTICO CONSTITUÍDO EM PLÁSTICO COM ALTA RESISTÊNCIA AO IMPACTO TECLA APERTE CAPACIDADE 400 ML FIXACAO COM DUPLA FACE QUE ACOMPANHA O PRODUTO DIMENSOES LARGURA 85 ML ALTURA 19 CM PROFUNDIDADE 87 CM|UND
2594458|361786|303|02|2020|12|543|1|PROTETOR FACIAL COM LENTE INCOLOR DE POLICARBONATO REGULÁVEL NA ALTURA E NO DIÂMETRO CONTRA O IMPACTO DE PARTÍCULAS CA IMPRESSO|UND
2594459|361787|303|02|2020|12|13446|1|CESTA BASICA CONTENDO 01 PACOTE DE ACUCAR CRISTAL 5KG01 PACOTE CD ARROZ 5 01 PACOTE DE CAFÉ EM EMBALAGEM DE 500 G 01 EXTRATO DE TOMATE EMBALAHEM DE 190 G 01 PACOTE DE FARINHA DE TRIGO 1 KG 02 PACOTES DE FEIJAO CARIOCA EM EMBALAGEM DE 1 KG 01 PACOTE DE FUBA EM EMBALAGEM 1 KG 02 EMBALAGENS DE MACARRAO ESPAGUETE DE 500 G 01 EMBALAGEM DE ÓLEO 900 ML 01 BEBIDA LACTEA EM PÓ 400 G 01 PACOTE DE TEMPERO DE ALHO E SAL DE 500 G E 01 GOIABADA|UND
2594463|361790|303|02|2020|12|4631|1|CREDENCIAMENTO DE EMPRESAS PRESTADORAS DE SERVICOS DE SAÚDE ESPECIALIZADA PARA ATENDIMENTO AOS USUÁRIOS DO SUS DA REDE MUNICIPAL DE SAÚDE DO MUNICÍPIO POR UM PERÍODO DE DOZE MESES LOTE III CONSULTAS MÉDICAS ESPECIALIZADAS|UND
2594460|361788|303|02|2020|12|9152|2|TRATAMENTO IMUNOTERÁPICO|UND
2594461|361788|303|02|2020|12|9151|1|CONSULTA MÉDICA|UND
2594462|361789|303|02|2020|12|13177|1|PRESTACAO DE SERVICOS DE LIMPEZA DESINFECCAO HIGIENIZACAO E DEMAIS TAREFAS CORRELATAS EM CARÁTER EMERGENCIAL PARA O COMBATE AO COVID19 E DEMAIS ZOONOSES NO MUNICÍPIO DE CAETÉ|MÊS
2594464|361791|303|02|2020|12|4631|1|CREDENCIAMENTO DE EMPRESAS PRESTADORAS DE SERVICOS DE SAÚDE ESPECIALIZADA PARA ATENDIMENTO AOS USUÁRIOS DO SUS DA REDE MUNICIPAL DE SAÚDE DO MUNICÍPIO POR UM PERÍODO DE DOZE MESES LOTE III CONSULTAS MÉDICAS ESPECIALIZADAS|UND
2594465|361792|303|02|2020|12|12257|1|CREDENCIAMENTO DE EMPRESAS PRESTADORAS DE SERVICOS DE SAÚDE ESPECIALIZADA PARA ATENDIMENTO AOS USUÁRIOS DO SUS DA REDE MUNICIPAL DE SAÚDE DO MUNICÍPIO POR UM PERÍODO DE DOZE MESES LOTE II SERVICOS ESPECIALIZADOS DE EXAMES DE IMAGEM|UND
2594466|361793|303|02|2020|12|13444|1|PAGAMENTO REFERENTE AO CONVÊNIO AJCON 0022020 CELEBRADO ENTRE A PREFEITURA MUNICIPAL DE CAETÉ COM INTERVENIÊNCIA DA SECRETARIA MUNICIPAL DE SAÚDE E A SOCIEDADE CIVIL DE BEFEFICIÊNCIA CAETEENSE SANTA CASA DE CAETÉ OBJETO PRESTACAO DOS SERVICOS AMBULATORIAIS DE URGÊNCIA E EMERGÊNCIA REDE RESPOSTA|SRV
2594467|361794|303|02|2020|12|13273|2|ULTRASONOGRAFIA DE BOLSA ESCROTAL|SRV
2594468|361794|303|02|2020|12|13284|4|ULTRASONOGRAFIA DE PRÓSTATA VIA TRANSRETAL|SRV
2594469|361794|303|02|2020|12|13272|1|ULTRASONOGRAFIA DE ARTICULACAO|SRV
2594470|361794|303|02|2020|12|13274|3|ULTRASONOGRAFIA DE PRÓSTATA POR VIA ABDOMINAL|SRV
2594471|361795|303|02|2020|12|13498|3|MAO DE OBRA DE POSTE E INSTALAR|SRV
2594472|361795|303|02|2020|12|13499|4|FORNECER E INSTALAR POSTE RDU COM VAO BTBT ISOLADA 70 MM² COM IP A LEDCOM CERTIFICACAO INMETRO 40 W A 60 W QUE ATENDA AS NORMAS ABNT POSTE CIRCULAR 330600 DAN 1112 METROS ELETROFERRAGENS E ACESSÓRIOS|SRV
2594473|361795|303|02|2020|12|13497|2|INSTALAR PARA RAIOS EM ESTRUTURS EXISTENTE|SRV
2594474|361795|303|02|2020|12|13501|6|PROJETO COMPLETO DE EXTENSAO DE ILUMINACAO EXCLUSIVA POR POSTE DE TRABALHO|SRV
2594475|361795|303|02|2020|12|13500|5|FORNECER E INSTALAR LUMINARIA IP 66INTEGRADA LÂMPADA BRACO REATOR E RELÉ ILUMINACAO VS 100 W BRACO CURTOMÉDIO OU LUMINARIA SIMILAR COM FLUXO LUMINOSO IGUAL E COM O MESMO VALOR|SRV
2594476|361795|303|02|2020|12|13496|1|TRANSFORMADOR 15KVA EQUIPADO ELETROFERRAGENS E ACESSORIOS|SRV
2594477|361796|303|02|2020|12|13423|35|GRAMPEADOR COM CORPO EM ACO ESCOVADO DEPÓSITO COM FACE DE SEGURANCA E APOIO EMBORRACHADO COM CAPACIDADE PARA GRAMPEAR ATÉ 40 FOLHAS UMA ÚNICA VEZ COM BASTAO EJETOR NA PARTE TRASEIRA PARA ABRIR O LOCAL INDICADO PARA OS GRAMPOS UTILIZA GRAMPO 236 266 238 E 248|UND
2594478|361796|303|02|2020|12|13433|46|PASTA L TRANSPARENTE TAMANHO A4|UND
2594479|361796|303|02|2020|12|13409|17|FOLHA DE EVA 40X60X2MM LISO COR ROXA|UND
2594480|361796|303|02|2020|12|13407|15|FOLHA DE EVA 40X60X2MM LISO COR PRETA|UND
2594481|361796|303|02|2020|12|13397|5|FOLHA DE EVA ATOALHADO 40X48X2MM LISO COR PRETA|UND
2594482|361796|303|02|2020|12|13385|32|CANETA ESFEROGRÁFICA NA COR PRETACORPO EM RESINA TERMOPLÁSTICA FORMATO DO CORPO SEXTAVADO MODELO SIMPLES DESCARTÁVEL CORPO TRANSLÚCIDO COM FURO PARA RESPIRO NO CENTRO PONTA EM LATAO COM ESFERA DE TUNGSTÊNIO ESPESSURA DE 10 MM MÉDIA DE RENDIMENTO MÍNIMO DE ESCRITA 1700 METROS COM TAMPA PROTETORA NA COR DA TINTA REMOVÍVEL E VENTILADA TAMPA DO TOPO FIXA|UND
2594483|361796|303|02|2020|12|13411|19|PAPEL CARTOLINA 150 GRS 50X66 COR AZUL|UND
2594484|361796|303|02|2020|12|13430|43|PASTA ABA ELASTICO EM POLIPROPILENO TRANSPARENTE POSSUI ABAS PARA FIXAR OS DOCUMENTOS PESO 0107KG DIMENSOES 335X240 MM ESPESSURA 06|UND
2594488|361796|303|02|2020|12|13404|12|FOLHA DE EVA 40X60X2MM LISO VERDE BANDEIRA|UND
2594485|361796|303|02|2020|12|13384|31|CANETA ESFEROGRÁFICA NA COR AZULCORPO EM RESINA TERMOPLÁSTICA FORMATO DO CORPO SEXTAVADO MODELO SIMPLES DESCARTÁVEL CORPO TRANSLÚCIDO COM FURO PARA RESPIRO NO CENTRO PONTA EM LATAO COM ESFERA DE TUNGSTÊNIO ESPESSURA DE 10 MM MÉDIA DE RENDIMENTO MÍNIMO DE ESCRITA 1700 METROS COM TAMPA PROTETORA NA COR DA TINTA REMOVÍVEL E VENTILADA TAMPA DO TOPO FIXA|UND
2594486|361796|303|02|2020|12|13417|25|PAPEL CREPOM COR MARROM CLARO|UND
2594487|361796|303|02|2020|12|13421|30|CAIXA DE ARQUIVO PAPELAO NA COR PARDA PAPELAO OFÍCIO MEDINDO 35X14X25 CM COM TRAVA DUPLA INTERNA E ESPACO PARA INFORMACOES ESTAMPADAS NA SUA PARTE EXTERNA|UND
2594489|361796|303|02|2020|12|13395|3|FOLHA DE EVA ATOALHADO 40X48X2MM LISO COR AZUL ESCURO|UND
2594490|361796|303|02|2020|12|13424|36|GRAMPO PARA GRAMPEADOR 266 CAIXA COM 5000|UND
2594491|361796|303|02|2020|12|13419|27|PAPEL CREPOM COR VERDE ESCURO|UND
2594492|361796|303|02|2020|12|13410|18|PAPEL CARTOLINA 150 GRS 50X66 COR AMARELA|UND
2594493|361796|303|02|2020|12|13398|6|FOLHA DE EVA ATOALHADO 40X48X2MM LISO COR ROSA PINK|UND
2594494|361796|303|02|2020|12|13387|37|PERFURADOR CAPACIDADE DE 30 FOLHAS 2 FUROS MATERIAL METAL ACOMPANHA MARGEADOR PLÁSTICO AJUSTÁVEL|UND
2594495|361796|303|02|2020|12|13413|21|PAPEL CARTOLINA 150 GRS 50X66 COR VERDE|UND
2594496|361796|303|02|2020|12|13428|41|ENVELOPE SACO KRAFT NATURAL FORMATO 260 MMX 360 MM 80 G COM 250 UNIDADES|UND
2594497|361796|303|02|2020|12|13408|16|FOLHA DE EVA 40X60X2MM LISO COR ROSA PINK|UND
2594501|361796|303|02|2020|12|13427|40|CORRETIVO LÍQUIDO TIPO CANETA 8 ML ATÓXICO|UND
2594498|361796|303|02|2020|12|13412|20|PAPEL CARTOLINA 150 GRS 50X66 COR BRANCA|UND
2594499|361796|303|02|2020|12|13382|29|PAPEL KRAFT PARDO 80GRS TAMANHO MÍNIMO 66X96|UND
2594500|361796|303|02|2020|12|13422|33|ENVELOPE SACO KRAFT NATURAL FORMATO 229 MMX 324 MM 80 G COM 250 UNIDADES|UND
2594502|361796|303|02|2020|12|13381|2|PAPEL CONTACT 45X25 METROS|UND
2594503|361796|303|02|2020|12|13406|14|FOLHA DE EVA 40X60X2MM LISO COR BRANCA|UND
2594504|361796|303|02|2020|12|13399|7|FOLHA DE EVA ATOALHADO 40X48X2MM LISO COR ROXA|UND
2594505|361796|303|02|2020|12|13402|10|FOLHA DE EVA ATOALHADO 40X48X2MM LISO COR VERDE BANDEIRA|UND
2594506|361796|303|02|2020|12|13405|13|FOLHA DE EVA 40X60X2MM LISO COR AMARELA|UND
2594507|361796|303|02|2020|12|13403|11|FOLHA DE EVA 40X60X2MM LISO COR AZUL|UND
2594508|361796|303|02|2020|12|13414|22|PAPEL CREPOM COR ALARENJADO|UND
2594509|361796|303|02|2020|12|13432|45|PASTA CATALOGO COM 50 ENVELOPES PLASTICOS NA COR PRETA COM ENVELOPES DE ESPESSURA 006|UND
2594510|361796|303|02|2020|12|13420|28|PAPEL CREPOM COR VERMELHO|UND
2594511|361796|303|02|2020|12|13386|34|GRAMPEADOR DE MESA EM METAL PARA GRAMPEAR ATÉ 20 FOLHAS CAPACIDADE DE 105 GRAMPOS GRAMPO UTILIZADO 266 TAMANHO DA BASE 11 CM COR PRETO BASE EMBORRACHADA ESTRUTURA EM METAL|UND
2594512|361796|303|02|2020|12|13400|8|FOLHA DE EVA ATOALHADO 40X48X2MM LISO COR VERMELHA|UND
2594513|361796|303|02|2020|12|13426|39|PAPEL VERGÊ TAMANHO A4 210X297 MM 180 GRAMAS COR PALHA EMBALAGEM C50 FOLHAS|UND
2594514|361796|303|02|2020|12|13401|9|FOLHA DE EVA ATOALHADO 40X48X2MM LISO COR BRANCA|UND
2594515|361796|303|02|2020|12|13425|38|PAPEL VERGÊ TAMANHO A4 210X297 MM 180 GRAMAS COR BRANCA EMBALAGEM C50 FOLHAS|UND
2594516|361796|303|02|2020|12|13429|42|LIVRO DE PROTOCOLO 100 FOLHAS CAPACONTRA CAPA PAPELAO 697 GM² REVESTIDO EM OFFSET 120GM² FOLHAS INTERNAS PAPEL OFFSET 56GM²|UND
2594517|361796|303|02|2020|12|13431|44|PASTA REGISTRADORA AZ LOMBO LARGO TAMANHO OFICIO NA ESPESSURA DE 17 MM A 20 MM ILHÓS DE ALTA PRESSAO COM VISOR E OLHAL FORMATO 350 MM X 280 MM X 80 MM FORRACAO EM PAPEL MONOLÚCIDO COM FERRAGEM NIQUELADA DE ALTO BRILHO E ANTIFERRUGEM E PRESILHA EM PLASTICO|UND
2594518|361796|303|02|2020|12|13396|4|FOLHA DE EVA ATOALHADO 40X48X2MM LISO COR AZUL|UND
2594519|361796|303|02|2020|12|13418|26|PAPEL CREPOM COR VERDE CLARO|UND
2594520|361796|303|02|2020|12|13415|23|PAPEL CREPOM COR AMARELO OURO|UND
2594521|361796|303|02|2020|12|13416|24|PAPEL CREPOM COR AZUL CLARO|UND
2594522|361796|303|02|2020|12|13394|1|COLA BRANCA LIQUIDA 1000GR COLA BRANCA DE USO ESCOLAR NAO TÓXICA E 100% LAVAVEL MESMO DEPOIS DE SECANA ROUPA SUA PONTERIRA TWISTTOFF PERMITE APLICACOES MAIS FACEIS E PRECISAS NAO TEM SOLVENTES NEM PVC É MULTIUSO COLA PAPEL PAPELAO FOTOS E ALGODAO COM CERTIFICACAO DO INMETRO|UND
2309918|300153|302|01|2020|3|3580|1|VALE TRANSPORTE PROCON|SERVICOS
2360786|310934|303|02|2020|1|12793|1|BOLSA DE GEL PARA ASSENTO 40CM X 40CM|UND
2360783|310932|303|02|2020|1|12559|1|CONTRATACAO DE SERVICOS TÉCNICOS ESPECIALIZADOS DE MANUTENCAO CORRETIVA E PREVENTIVA DO SISTEMA DE ILUMICACAO PÚBLICA COM FORNECIMANTO DE MATERIAIS E MAO DE OBRA PARA ATENDER AS NECESSIDADES DO MUNICÍPIO|SRV
2360784|310933|303|02|2020|1|4631|1|CREDENCIAMENTO DE EMPRESAS PRESTADORAS DE SERVICOS DE SAÚDE ESPECIALIZADA PARA ATENDIMENTO AOS USUÁRIOS DO SUS DA REDE MUNICIPAL DE SAÚDE DO MUNICÍPIO POR UM PERÍODO DE DOZE MESES LOTE III CONSULTAS MÉDICAS ESPECIALIZADAS|UND
2360785|310934|303|02|2020|1|12796|4|ROLO PARA POSICIONAMENTO DE ATROFIAS|UND
2360787|310934|303|02|2020|1|12798|6|ROLO DE FILME TRANSPARENTE|RL
2360788|310934|303|02|2020|1|12794|2|TRIÂNGULO|UND
2360789|310934|303|02|2020|1|12797|5|PLACA FIBRACAL 10CM X 22CM CAIXA CONTENDO 6 UNIDADES|CX
2360790|310934|303|02|2020|1|12800|8|CAVILON SPRAY|FR
2360791|310934|303|02|2020|1|12795|3|CUNHA|UND
2360792|310934|303|02|2020|1|12799|7|PLACA ALLEVYN|UND
2360793|310935|303|02|2020|1|7816|1|TELEFONIA FIXA|SRV
2360794|310936|303|02|2020|1|11995|1|PAPEL APERGAMINHADO FORMATO A4 210X297 MM 75 GM²3G COR BRANCO ALVURA MINIMA 97% ALCALINO FIBRA LONGITUDINAL CORTE ROTATIVO CONFORMIDADE COM AS NORMAS ISSO 970611108 REQUISITOS DE PERMANENCIA E DURABILIDADE ISSO 10716 RESERVA DE ALCALI E ISSO 6558 DETERMINACAO DE PH APLICACAO EM IMPRESSORAS LASER E COPIADORAS DE ALTA VELOCIDADE MINIMO 20 PÁGINASMINUTO PACOTE COM 500 FOLHAS SELO DE QUALIDADE CEFLOR E INMETRO|PCT
2360795|310937|303|02|2020|1|12817|3|APLICADOR DO CONJUNTO DE INFUSAO QUICKSET|UND
2360796|310937|303|02|2020|1|12820|6|SENSOR GLICOSE CAIXA COM 5 UNIDADES|CX
2360797|310937|303|02|2020|1|12815|1|SISTEMA MINIMED 640G STARTER KIT|UND
2360798|310937|303|02|2020|1|12819|5|TRANSMISSOR GUARDIAN LINK 2 SYSTEM KIT|UND
2360799|310937|303|02|2020|1|12816|2|CATETER QUICKSET 9MM CÂNULA 60CM TUBO CX COM 10 UNID|CX
2360800|310937|303|02|2020|1|12818|4|RESERVATÓRIO DE INSULINA PARADIGM 30ML CAIXA 10 UNIDADES|CX
2360801|310938|303|02|2020|1|11536|1|PRESTACAO DE SERVICO DE GERENCIAMENTO DE FROTAS POR MEIO DE SISTEMA ELETRÔNICO COM CARTAO MAGNÉTICO DISPONÍVEL EM TODO ESTADO DE MINAS GERAIS PARA A FROTA DOS VEÍCULOS PERTENCENTES À PREFEITURA MUNCIPAL DE CAETÉ|UND
2360802|310939|303|02|2020|1|12711|1|SOM TIPO 3 PA1 MESA DE SOM DIGITAL 32 CANAIS COM12 MANDADAS AUXILIARES4 MULTI CABO DE 32 CANAIS COM 50 METROS USADOS PARA INPUT NA MESA5 PROCESSADORES DIGITAIS COM 2ENTRADAS E 6 SAÍDAS1 CDDVD PLAYE1 NOTEBOOK12 CAIXAS DE SUB GRAVE COM 02 FALANTES DE18 12 CAIXAS DE ALTA FREQUÊNCIA LINE ARRAY COM 1X12 DRIVERSISTEMA DE AMPLIFICACAO QUE ATENDA AS NECESSIDADES DO SISTEMA ACIMA E FIACAO E CONEXOES PARA AS DEVIDAS LIGACOESMONITOR PALCO1 MESA DE SOM DIGITAL 32CANAIS COM12 MANDADAS AUXILIARES1 SIDEFILL COM 1 CAIXA PARA SUB GRAVE COM 2X18 E 1 CAIXA DE 3 VIAS COM 1X15 1X10 DRIVER OU 2CAIXAS DE ALTA FREQUÊNCIA LINEARRAY COM 1X12 DRIVER PARA CADA LADO ESQUERDO E DI|DIÁ
2360803|310939|303|02|2020|1|12573|2|ILUMINACAO TIPO 348 LÂMPADAS PAR 64 COM LÂMPADA F# 2 E 518 PARLED4 MINI BRUTES1 STROBO 3000 W1 MÁQUINA DE FUMACA COM VENTILADOR1 MESA DE LUZ DIGITAL DE 24 CANAIS DMX|DIÁ
2360804|310940|303|02|2020|1|12851|2|TRATAMENTO MÉDICO PARA PACIENTE IZABELLA LUIZA ALCÂNTAR SILVA COMPOSTO DE 10 CONSULTAS 04 TRATAMENTOS IMUNOTERÁPICOS E TESTES ALÉRGICOS|SRV
2360805|310940|303|02|2020|1|12850|1|TRATAMENTO MÉDICO PARA PACIENTE LUZIA DA PIEDADE BARBOSA LIMA COMPOSTO DE 10 CONSULTAS 04 TRATAMENTOS IMUNOTERÁPICOS E TESTES ALÉRGICOS|SRV
2360806|310941|303|02|2020|1|4441|1|PUBLICACOES DE EXTRATOS DE EDITAIS E ATOS DO GOVERNO MUNICIPAL|SRV
2360807|310942|303|02|2020|1|8730|1|TAXA DE ANOTACAO DE RESPONSABILIDADE TÉCNICA PROJETO DO CONSELHO REGIONAL DE ENGENHARIA E AGRONOMIA CREA REFERENTE A REGISTROS E SERVICOS PRESTADOS PELOS ENGENHEIROS DA SECRETARIA DE OBRAS|UND
2360808|310943|303|02|2020|1|11536|1|PRESTACAO DE SERVICO DE GERENCIAMENTO DE FROTAS POR MEIO DE SISTEMA ELETRÔNICO COM CARTAO MAGNÉTICO DISPONÍVEL EM TODO ESTADO DE MINAS GERAIS PARA A FROTA DOS VEÍCULOS PERTENCENTES À PREFEITURA MUNCIPAL DE CAETÉ|UND
2360809|310944|303|02|2020|1|12553|1|BANHEIRO QUÍMICO CABINE SANITÁRIA COM MICTÓRIO PAPELEIRA E CAIXA DE DEJETOS COM ASSENTO SUPORTE PARA PAPEL HIGIÊNICO PISO ANTIDERRAPANTE IDENTIFICACAO MASCULINO E FEMININO FECHADURA COM INDICADOR LIVRE OCUPADO EXTERNO PONTO DE VENTILACAO NATURAL MEDINDO 116 CM X 122 CM MANUTENCAO INCLUINDO A LIMPEZA POR CONTA DO PRESTADOR DE SERVICO|DIÁ
2360810|310944|303|02|2020|1|12552|2|SOM TIPO 4 PA 3 MESA DE SOM DIGITAL DE 48 CANAIS COM 16 MANDADAS AUXILIARES 1 MULTI CABO DE 48 CANAIS COM 60 METROS SPLITER 4 PROCESSADORES DIGITAIS 1 CDDVD PLAYER 1 NOTEBOOK 16 CAIXAS DE SUB GRAVE COM 02 FALANTES DE18 16 CAIXAS DE ALTA FREQUÊNCIA LINE ARRAY COM 2X12 4 X 65 2 DRIVER EM GUIAS DE ONDA SISTEMA DE AMPLIFICACAO QUE ATENDA AS NECESSIDADES DO SISTEMA ACIMA E FIACAO E CONEXOES PARA AS DEVIDAS LIGACOES MONITOR PALCO 1 MESA DE SOM DIGITAL 48 CANAIS COM16 MANDADAS AUXILIARES 1 PROCESSADOR DIGITAL PARA O SIDEFILL 1SIDEFILL COM 2CAIXA PARA SUBGRAVE COM 2X18 E 2 CAIXA DE 3 VIAS COM 1X15 1X10 DRIVER OU 2 CAIXAS DE ALTA FREQUÊNCIA LINE ARRAY COM 1X12 DRIVE|DIÁ
2360816|310945|303|02|2020|1|12814|8|FARDAMENTO PARA ÁRBITROS CARACTERÍSTICAS KIT COMPOSTO POR UMA CAMISA UMA BERMUDA E UM PAR DE MEIAO CAMISA GOLA POLO COM 2 BOLSOS NA PARTE FRONTAL LOGO ZONA LIVRE SPORTS AO CENTRO DO PEITO DIMENSOES APROXIMADAS P 48X65CM LXA M 57X70CM LXA G 60X78CM LXA GG 63X78CM LXA EXG 66X78CM LXA BERMUDA POSSUI 2 BOLSOS NA FRENTE E 1 BOLSO ATRÁS DIMENSOES APROX P 50X39CM LXA M 55X42CM LXA G 65X46CM LXA GG 70X49CM LXA COMPOSICAO 100% POLIÉSTER CORES E TAMANHOS SERAO ESCOLHIDOS NA HORA DE EFETUAR O PEDIDO COM COR E TAMANHO NA ORDEM DE COMPRA MARCA FINTA|UND
2360811|310945|303|02|2020|1|12809|1|BOLA INFANTIL COURO SINTETICO BOLA Nº 3 PESO VARIA DE 280 A 310 G DIAMETROS 19 CM MARCA PENALTY|UND
2360812|310945|303|02|2020|1|11325|4|BOLA DE FUTEBOL FUTSAL 6164 CM 410440 G CÂMARA AIRBILITY TERMOTEC PU MIOLO SLIP SYSTEM REMOVÍVEL E LUBRIFICADO MAX 500 PADRAO DE QUALIDADE IGUAL OU SUPERIOR A PENALTY MARCA PENALTY|UND
2360813|310945|303|02|2020|1|12812|6|CAMISA MASCULINA FUTSAL GOLEIRO EM TECIDO DRY MALHA TECIDA COM 100% DOS FIOS DE POLIÉSTER CAMISA NA COR AZUL GOLA V NA COR BRANCA MANGAS BRANCAS E DETALHE NAS LATERAIS BRANCA COM SILK DA MODALIDADE NA FRENTE E BRASAO DA ESCOLA NAS COSTAS A LOGOMARCA DO MUNICÍPIO NÚMERO E APOIO COM ESCRITA DA SECRETARIA MUNICIPAL DE ESPORTE LAZER E TURISMO CONFORME MODELO A ARTE DEVERÁ SER PRODUZIDA PELA EMPRESA VENCEDORA E APROVADA PELA ADMINISTRACAO PÚBLICA MARCA MULTI ESPORTES|UND
2360814|310945|303|02|2020|1|11324|2|BOLA DE FUTEBOL CAMPO 6870 CM 410450 G CÂMARA AIRBILITY TERMOTEC PU MIOLO SLIP SYSTEM REMOVÍVEL E LUBRIFICADO S11 R1 PADRAO DE QUALIDADE IGUAL OU SUPERIOR A PENALTY MARCA PENALTY|UND
2360815|310945|303|02|2020|1|12813|7|COLETE PARA TREINAMENTO DE FUTEBOLDUPLA FACE COMPOSICAO 100% POLIÉSTER LATERAIS COM ELÁSTICO DIMENSOES APROXIMADAS G 50 CM X 65 CM LARGURA X ALTURA CORES A SEREM DEFINIDAS POSTERIORMENTE PELA SECRETARIA MUNICIPAL DE ESPORTE LAZER E JUVENTUDE MARCA KANGA|UND
2360817|310945|303|02|2020|1|12811|5|BOLA DE VOLEIBOL MATRIZADA COM 18 GOMOS CONFECCIONADA COM PVC DIÂMETRO 65 67 CM PESO 260 280 G CÂMARA CÂMARA AIRBILITY CONSTRUCAO MATRIZADA MATERIAL PVC MIOLO MIOLO REMOVÍVEL PADRAO DE QUALIDADE IGUAL OU SUPERIOR A PENALTY MARCA PENALTY|UND
2360818|310945|303|02|2020|1|12810|3|BOLA DE FUTEBOL CAMPO 68 70 CM 410450 G CÂMARA AIRBILITY ULTRA FUSION PVC MIOLO SLIP SYSTEM REMOVÍVEL E LUBRIFICADO S11 R3 ULTRA FUSION PADRAO DE QUALIDADE IGUAL OU SUPERIOR A PENALTY MARCA PENALTY|UND
2360819|310946|303|02|2020|1|11995|1|PAPEL APERGAMINHADO FORMATO A4 210X297 MM 75 GM²3G COR BRANCO ALVURA MINIMA 97% ALCALINO FIBRA LONGITUDINAL CORTE ROTATIVO CONFORMIDADE COM AS NORMAS ISSO 970611108 REQUISITOS DE PERMANENCIA E DURABILIDADE ISSO 10716 RESERVA DE ALCALI E ISSO 6558 DETERMINACAO DE PH APLICACAO EM IMPRESSORAS LASER E COPIADORAS DE ALTA VELOCIDADE MINIMO 20 PÁGINASMINUTO PACOTE COM 500 FOLHAS SELO DE QUALIDADE CEFLOR E INMETRO|PCT
2360820|310947|303|02|2020|1|12292|1|MASSA ASFÁLTICA CBUQ INCLUINDO IMPRIMACAO PINTUIRA DE LIGACAO E APLICACAO SOBRE BASE EXECUTADA PELO MUNICÍPIO DE CAETÉMG|TON
2360821|310948|303|02|2020|1|11536|1|PRESTACAO DE SERVICO DE GERENCIAMENTO DE FROTAS POR MEIO DE SISTEMA ELETRÔNICO COM CARTAO MAGNÉTICO DISPONÍVEL EM TODO ESTADO DE MINAS GERAIS PARA A FROTA DOS VEÍCULOS PERTENCENTES À PREFEITURA MUNCIPAL DE CAETÉ|UND
2360822|310949|303|02|2020|1|12829|11|TROFÉU 27 CM COD 5111 PADRAO DE QUALIDADE IGUAL OU SUPERIOR A IRMOSSI COM GRAVACAO A SER ESCOLHIDA A ARTE DEVERÁ SER FEITA PELA EMPRESA VENCEDORA MARCA IRMOSSI|UND
2360823|310949|303|02|2020|1|12039|17|TROFÉU 38 CM COD 5070 PADRAO DE QUALIDADE IGUAL OU SUPERIOR A IRMOSSI COM GRAVACAO A SER ESOLHIDA A ARTE DEVERÁ SER FEITA PELA EMPRESA VENCEDORA MARCA IRMOSSI|UND
2360824|310949|303|02|2020|1|12826|7|TROFÉU 21 CM COD 5116 PADRAO DE QUALIDADE IGUAL OU SUPERIOR A IRMOSSI COM GRAVACAO A SER ESCOLHIDA A ARTE DEVERÁ SER FEITA PELA EMPRESA VENCEDORA MARCA IRMOSSI|UND
2360825|310949|303|02|2020|1|11907|24|TROFÉU 61 CM COD 5054 PADRAO DE QUALIDADE IGUAL OU SUPERIOR A IRMOSSI COM GRAVACAO A SER ESOLHIDA A ARTE DEVERÁ SER FEITA PELA EMPRESA VENCEDORA MARCA IRMOSSI|UND
2360826|310949|303|02|2020|1|12823|4|TROFÉU CÓD 7081 TAMANHOS 190 CM COD 5041 PADRAO DE QUALIDADE IGUAL OU SUPERIOR A IRMOSSI COM GRAVACAO A SER ESCOLHIDA A ARTE DEVERÁ SER FEITA PELA EMPRESA VENCEDORA MARCA IRMOSSI|UND
2360827|310949|303|02|2020|1|12033|1|TROFÉU 99 CM COD 5041 PADRAO DE QUALIDADE IGUAL OU SUPERIOR A IRMOSSI COM GRAVACAO A SER ESOLHIDA A ARTE DEVERÁ SER FEITA PELA EMPRESA VENCEDORA MARCA IRMOSSI|UND
2360828|310949|303|02|2020|1|12036|13|TROFÉU 28 CM COD 5091 PADRAO DE QUALIDADE IGUAL OU SUPERIOR A IRMOSSI COM GRAVACAO A SER ESOLHIDA A ARTE DEVERÁ SER FEITA PELA EMPRESA VENCEDORA MARCA IRMOSSI|UND
2360829|310949|303|02|2020|1|12040|18|TROFÉU 39 CM COD 5114 PADRAO DE QUALIDADE IGUAL OU SUPERIOR A IRMOSSI COM GRAVACAO A SER ESOLHIDA A ARTE DEVERÁ SER FEITA PELA EMPRESA VENCEDORA MARCA IRMOSSI|UND
2360830|310949|303|02|2020|1|12034|10|TROFÉU 26 CM COD 5117 PADRAO DE QUALIDADE IGUAL OU SUPERIOR A IRMOSSI COM GRAVACAO A SER ESOLHIDA A ARTE DEVERÁ SER FEITA PELA EMPRESA VENCEDORA MARCA IRMOSSI|UND
2360831|310949|303|02|2020|1|12824|5|TROFÉU 15 CM COD 5109 PADRAO DE QUALIDADE IGUAL OU SUPERIOR A IRMOSSI COM GRAVACAO A SER ESCOLHIDA A ARTE DEVERÁ SER FEITA PELA EMPRESA VENCEDORA MARCA IRMOSSI|UND
2360832|310949|303|02|2020|1|12821|2|TROFÉU CÓD 7079 TAMANHOS 138 CM COD 5041 PADRAO DE QUALIDADE IGUAL OU SUPERIOR A IRMOSSI COM GRAVACAO A SER ESCOLHIDA A ARTE DEVERÁ SER FEITA PELA EMPRESA VENCEDORA MARCA IRMOSSI|UND
2360836|310949|303|02|2020|1|12041|22|TROFÉU 46 CM COD 5115 PADRAO DE QUALIDADE IGUAL OU SUPERIOR A IRMOSSI COM GRAVACAO A SER ESOLHIDA A ARTE DEVERÁ SER FEITA PELA EMPRESA VENCEDORA MARCA IRMOSSI|UND
2360833|310949|303|02|2020|1|12831|21|TROFÉU 45 CM COD 5071 PADRAO DE QUALIDADE IGUAL OU SUPERIOR A IRMOSSI COM GRAVACAO A SER ESCOLHIDA A ARTE DEVERÁ SER FEITA PELA EMPRESA VENCEDORA MARCA IRMOSSI|UND
2360834|310949|303|02|2020|1|12822|3|TROFÉU CÓD 7080 TAMANHOS 153 CM COD 5041 PADRAO DE QUALIDADE IGUAL OU SUPERIOR A IRMOSSI COM GRAVACAO A SER ESCOLHIDA A ARTE DEVERÁ SER FEITA PELA EMPRESA VENCEDORA MARCA IRMOSSI|UND
2360835|310949|303|02|2020|1|12037|15|TROFÉU 32 CM COD 5092 PADRAO DE QUALIDADE IGUAL OU SUPERIOR A IRMOSSI COM GRAVACAO A SER ESOLHIDA A ARTE DEVERÁ SER FEITA PELA EMPRESA VENCEDORA MARCA IRMOSSI|UND
2360842|310949|303|02|2020|1|12038|16|TROFÉU 37 CM COD 5093 PADRAO DE QUALIDADE IGUAL OU SUPERIOR A IRMOSSI COM GRAVACAO A SER ESOLHIDA A ARTE DEVERÁ SER FEITA PELA EMPRESA VENCEDORA MARCA IRMOSSI|UND
2360837|310949|303|02|2020|1|12045|20|TROFÉU 401113DPTME TROFÉU COM 33 CM DE ALTURA COM PLACA PONTIAGUDA DE METAL NA COR PRETA METALICA NA PARTE SUPETIOR CONSTA UM RAMO COM LEITO LISO EM METALIZACAO DOURADA PARA INSERCAO DE ADESIVOBASE DE POLIMERO EM METALIZACAO DOURADA E PLAQUETA PARA GRAVACAO PADRAO DE QUALIDADE IGUAL OU SUPERIOR A VITORIA COM GRAVACAO A SER ESCOLHIDA A ARTE DEVERÁ SER FEITA PELA EMPRESA VENCEDORA MARCA VITORIA|UND
2360838|310949|303|02|2020|1|12828|9|TROFÉU 25 CM COD 5082 PADRAO DE QUALIDADE IGUAL OU SUPERIOR A IRMOSSI COM GRAVACAO A SER ESCOLHIDA A ARTE DEVERÁ SER FEITA PELA EMPRESA VENCEDORA MARCA IRMOSSI|UND
2360839|310949|303|02|2020|1|12035|12|TROFÉU 28 CM COD 5083 PADRAO DE QUALIDADE IGUAL OU SUPERIOR A IRMOSSI COM GRAVACAO A SER ESOLHIDA A ARTE DEVERÁ SER FEITA PELA EMPRESA VENCEDORA MARCA IRMOSSI|UND
2360840|310949|303|02|2020|1|12042|23|TROFÉU 58 CM COD 5053 PADRAO DE QUALIDADE IGUAL OU SUPERIOR A IRMOSSI COM GRAVACAO A SER ESOLHIDA A ARTE DEVERÁ SER FEITA PELA EMPRESA VENCEDORA MARCA IRMOSSI|UND
2360841|310949|303|02|2020|1|12827|8|TROFÉU 24 CM COD 5069 PADRAO DE QUALIDADE IGUAL OU SUPERIOR A IRMOSSI COM GRAVACAO A SER ESCOLHIDA A ARTE DEVERÁ SER FEITA PELA EMPRESA VENCEDORA MARCA IRMOSSI|UND
2360843|310949|303|02|2020|1|12830|14|TROFÉU 32 CM COD 5084 PADRAO DE QUALIDADE IGUAL OU SUPERIOR A IRMOSSI COM GRAVACAO A SER ESCOLHIDA A ARTE DEVERÁ SER FEITA PELA EMPRESA VENCEDORA MARCA IRMOSSI|UND
2360844|310949|303|02|2020|1|12825|6|TROFÉU 20 CM COD 5110 PADRAO DE QUALIDADE IGUAL OU SUPERIOR A IRMOSSI COM GRAVACAO A SER ESCOLHIDA A ARTE DEVERÁ SER FEITA PELA EMPRESA VENCEDORA MARCA IRMOSSI|UND
2360845|310949|303|02|2020|1|12044|19|TROFÉU 401043DAZME TROFÉU COM 33 CM DE ALTURA COM PLACA VAZADAGOMOS DA BOLA EM AZUL SEGUINDO A COR DO CORPO DO TROFÉU NOS MODELOS COM O CORPO DOURADO E PRATA OS GOMOS SAO EM PRETO CORES DISPONIVEIS PARA O CORPO DO TROFÉU AZME AZUL METALICO PRME PRAA METALICO VMME VERMELHO METALICO DOME DOURADO METALICO PTME PRETO METALICO E VRME VERDE METALICO PADRAO DE QUALIDADE IGUAL OU SUPERIOR A VITORIA COM GRAVACAO A SER ESCOLHIDA A ARTE DEVERÁ SER FEITA PELA EMPRESA VENCEDORA MARCA VITORIA|UND
2360846|310949|303|02|2020|1|11909|26|TROFÉU 88 CM COD 5040 PADRAO DE QUALIDADE IGUAL OU SUPERIOR A IRMOSSI COM GRAVACAO A SER ESOLHIDA A ARTE DEVERÁ SER FEITA PELA EMPRESA VENCEDORA MARCA IRMOSSI|UND
2360847|310949|303|02|2020|1|11908|25|TROFÉU 74 CM COD 5039 PADRAO DE QUALIDADE IGUAL OU SUPERIOR A IRMOSSI COM GRAVACAO A SER ESOLHIDA A ARTE DEVERÁ SER FEITA PELA EMPRESA VENCEDORA MARCA IRMOSSI|UND
2360848|310950|303|02|2020|1|12257|1|CREDENCIAMENTO DE EMPRESAS PRESTADORAS DE SERVICOS DE SAÚDE ESPECIALIZADA PARA ATENDIMENTO AOS USUÁRIOS DO SUS DA REDE MUNICIPAL DE SAÚDE DO MUNICÍPIO POR UM PERÍODO DE DOZE MESES LOTE II SERVICOS ESPECIALIZADOS DE EXAMES DE IMAGEM|UND
2360849|310950|303|02|2020|1|4631|2|CREDENCIAMENTO DE EMPRESAS PRESTADORAS DE SERVICOS DE SAÚDE ESPECIALIZADA PARA ATENDIMENTO AOS USUÁRIOS DO SUS DA REDE MUNICIPAL DE SAÚDE DO MUNICÍPIO POR UM PERÍODO DE DOZE MESES LOTE III CONSULTAS MÉDICAS ESPECIALIZADAS|UND
2360850|310951|303|02|2020|1|11536|1|PRESTACAO DE SERVICO DE GERENCIAMENTO DE FROTAS POR MEIO DE SISTEMA ELETRÔNICO COM CARTAO MAGNÉTICO DISPONÍVEL EM TODO ESTADO DE MINAS GERAIS PARA A FROTA DOS VEÍCULOS PERTENCENTES À PREFEITURA MUNCIPAL DE CAETÉ|UND
2360851|310952|303|02|2020|1|4441|1|PUBLICACOES DE EXTRATOS DE EDITAIS E ATOS DO GOVERNO MUNICIPAL|SRV
2360852|310953|303|02|2020|1|11536|1|PRESTACAO DE SERVICO DE GERENCIAMENTO DE FROTAS POR MEIO DE SISTEMA ELETRÔNICO COM CARTAO MAGNÉTICO DISPONÍVEL EM TODO ESTADO DE MINAS GERAIS PARA A FROTA DOS VEÍCULOS PERTENCENTES À PREFEITURA MUNCIPAL DE CAETÉ|UND
2360853|310954|303|02|2020|1|11941|10|VALE TRANSPORTE TARIFA DE R$ 1420 NOVA UNIAOBELO HORIZONTE|UND
2360854|310954|303|02|2020|1|3885|7|VALE TRANSPORTE TARIFA DE R$ 400 METRÔ ÓTIMO|UND
2360855|310954|303|02|2020|1|11948|19|VALE TRANSPORTE TARIFA DE R$ 450 BAIRROCENTRO|UND
2360856|310954|303|02|2020|1|11933|4|VALE TRANSPORTE TARIFA DE R$ 450 BAIRROCENTRO BH|UND
2360857|310954|303|02|2020|1|11965|18|VALE TRANSPORTE TARIFA DE R$ 525 COQUEIROS CENTRO|UND
2360858|310954|303|02|2020|1|11944|13|VALE TRANSPORTE TARIFA DE R$ 550 SABARÁBELO HORIZONTE|UND
2360859|310954|303|02|2020|1|11943|12|VALE TRANSPORTE TARIFA DE R$ 1280 NOVA UNIAOCAETÉ|UND
2360860|310954|303|02|2020|1|11947|14|VALE TRANSPORTE TARIFA DE R$ 830 CARMO DO UNIAOROCAS NOVAS|UND
2360861|310954|303|02|2020|1|12001|3|VALE TRANSPORTE TARIFA DE R$ 450 CAETÉDISTRITOS CIRCULAR|UND
2360862|310954|303|02|2020|1|11940|9|VALE TRANSPORTE TARIFA DE R$ 795 ROCAS NOVASCAETÉ|UND
2360863|310954|303|02|2020|1|11964|17|VALE TRANSPORTE TARIFA DE R$ 510 ROCAS NOVASBR381|UND
2360864|310954|303|02|2020|1|11939|8|VALE TRANSPORTE TARIFA DE R$ 700 CAETÉSABARÁ|UND
2360865|310954|303|02|2020|1|2255|1|TAXA DE EXPEDIENTE DE VALE TRANSPORTE|UND
2360866|310954|303|02|2020|1|2255|1|TAXA DE EXPEDIENTE DE VALE TRANSPORTE|UND
2360867|310954|303|02|2020|1|2255|1|TAXA DE EXPEDIENTE DE VALE TRANSPORTE|UND
2360868|310954|303|02|2020|1|12002|2|VALE TRANSPORTE TARIFA DE R$ 400 CIRCULAR CAETÉ|UND
2360869|310954|303|02|2020|1|12840|16|VALE TRANSPORTE TARIFA DE R$ 795 PENEDIAROCAS NOVAS|UND
2360870|310954|303|02|2020|1|11935|6|VALE TRANSPORTE TARIFA DE R$ 645 BELO HORIZONTESANTA LUZIARAVENANOVA LIMA|UND
2360871|310954|303|02|2020|1|12841|15|VALE TRANSPORTE TARIFA DE R$ 450 JUSTINOPOLISBELO HORIZONTE|UND
2360781|310930|303|02|2020|1|11934|1|VALE TRANSPORTE TARIFA DE R$ 1035 CAETÉBELO HORIZONTE|UND
2360778|310929|303|02|2020|1|7817|1|TELEFONIA MÓVEL|SRV
2360779|310930|303|02|2020|1|3885|2|VALE TRANSPORTE TARIFA DE R$ 400 METRÔ ÓTIMO|UND
2360780|310930|303|02|2020|1|11949|3|VALE TRANSPORTE TARIFA DE R$ 525 VESPASIANOBH|UND
2360782|310931|303|02|2020|1|11536|1|PRESTACAO DE SERVICO DE GERENCIAMENTO DE FROTAS POR MEIO DE SISTEMA ELETRÔNICO COM CARTAO MAGNÉTICO DISPONÍVEL EM TODO ESTADO DE MINAS GERAIS PARA A FROTA DOS VEÍCULOS PERTENCENTES À PREFEITURA MUNCIPAL DE CAETÉ|UND
2360875|310956|303|02|2020|1|10898|2|VALOR COMPENSADO EM FATURA PELA ARRECADACAO DA CIP SOBRE A ENERGIA ELETRICA PELA ILUMINACAO DO MUNICÍPIO|SRV
2360872|310954|303|02|2020|1|11942|11|VALE TRANSPORTE TARIFA DE R$ 1075 NOVA APARECIDACAETÉ|UND
2360873|310954|303|02|2020|1|11934|5|VALE TRANSPORTE TARIFA DE R$ 1035 CAETÉBELO HORIZONTE|UND
2360874|310955|303|02|2020|1|12808|1|FRESUBIN 32 KCAL DRINK BAUN 125 ML|UND
2360876|310956|303|02|2020|1|10895|1|ENERGIA ELÉTRICA PREDIOS E LOGRADOUROS|SRV
2360877|310956|303|02|2020|1|10899|3|ENERGIA ELÉTRICA REFERENTE A ILUMINACAO PUBLICA DESTE MUNICÍPIO|SRV
2360878|310956|303|02|2020|1|10900|5|VALOR REFERENTE AO ACORDO DE PARCELAMENTO DA DÍVIDA DESTE MUNICÍPIO EM FACE A CEMIG CONFORME LEI 276913 PROCESSO Nº 0024074407487 E PROCESSO Nº 0024069879617|SRV
2360879|310956|303|02|2020|1|10896|4|ENERGIA ELÉTRICA PREDIOS ESCOLARES|SRV
2360880|310956|303|02|2020|1|10901|6|ENERGIA ELÉTRICA|SRV
2360881|310956|303|02|2020|1|10897|7|ENERGIA ELÉTRICA PREDIOS PUBLICOS|SRV
2360882|310957|303|02|2020|1|11995|1|PAPEL APERGAMINHADO FORMATO A4 210X297 MM 75 GM²3G COR BRANCO ALVURA MINIMA 97% ALCALINO FIBRA LONGITUDINAL CORTE ROTATIVO CONFORMIDADE COM AS NORMAS ISSO 970611108 REQUISITOS DE PERMANENCIA E DURABILIDADE ISSO 10716 RESERVA DE ALCALI E ISSO 6558 DETERMINACAO DE PH APLICACAO EM IMPRESSORAS LASER E COPIADORAS DE ALTA VELOCIDADE MINIMO 20 PÁGINASMINUTO PACOTE COM 500 FOLHAS SELO DE QUALIDADE CEFLOR E INMETRO|PCT
2360883|310958|303|02|2020|1|11536|1|PRESTACAO DE SERVICO DE GERENCIAMENTO DE FROTAS POR MEIO DE SISTEMA ELETRÔNICO COM CARTAO MAGNÉTICO DISPONÍVEL EM TODO ESTADO DE MINAS GERAIS PARA A FROTA DOS VEÍCULOS PERTENCENTES À PREFEITURA MUNCIPAL DE CAETÉ|UND
2360887|310959|303|02|2020|1|8843|24|PAGAMENTO SEGURO OBRIGATÓRIO DPVAT DO VEÍCULO FIAT PÁLIO FIRE PLACA PXZ 9629|SRV
2360884|310959|303|02|2020|1|8825|7|PAGAMENTO SEGURO OBRIGATÓRIO DPVAT DO VEÍCULO RENAULT KANGOO PLACA OPF 0607|SRV
2360885|310959|303|02|2020|1|8834|16|PAGAMENTO SEGURO OBRIGATÓRIO DPVAT DO VEÍCULO VAN PEUGEOT CITROEN PLACA OXC 4066|SRV
2360886|310959|303|02|2020|1|12061|33|PAGAMENTO SEGURO OBRIGATÓRIO DPVAT DO VEÍCULO FIATDUCATO ANO 2014 PLACA ORC 9940|SRV
2360888|310959|303|02|2020|1|12063|35|PAGAMENTO SEGURO OBRIGATÓRIO DPVAT DO VEÍCULO AGRALE GRAN MICRO ANO 2014 PLACA PUE 7043|SRV
2360889|310959|303|02|2020|1|12057|28|PAGAMENTO SEGURO OBRIGATÓRIO DPVAT DO VEÍCULO FIAT DOBLÔ ANO 2016 PLACA PZV 8371|SRV
2360890|310959|303|02|2020|1|8826|8|PAGAMENTO SEGURO OBRIGATÓRIO DPVAT DO VEÍCULO RENAULT KANGOO PLACA OPF 3370|SRV
2360891|310959|303|02|2020|1|8829|11|PAGAMENTO SEGURO OBRIGATÓRIO DPVAT DO VEÍCULO FIAT UNO MILLE PLACA HMG 3180|SRV
2360892|310959|303|02|2020|1|8822|4|PAGAMENTO SEGURO OBRIGATÓRIO DPVAT DO VEÍCULO RENAULT KANGOO PLACA OPF 0602|SRV
2360893|310959|303|02|2020|1|8821|3|PAGAMENTO SEGURO OBRIGATÓRIO DPVAT DO VEÍCULO RENAULT KANGOO PLACA OPF 0599|SRV
2360894|310959|303|02|2020|1|8831|13|PAGAMENTO SEGURO OBRIGATÓRIO DPVAT DO VEÍCULO FIAT UNO MILLE WAY PLACA OWS 0455|SRV
2360895|310959|303|02|2020|1|12059|30|PAGAMENTO SEGURO OBRIGATÓRIO DPVAT DO VEÍCULO CHEVROLETONIX ANO 2018 PLACA QPO 1907|SRV
2360896|310959|303|02|2020|1|12064|36|PAGAMENTO SEGURO OBRIGATÓRIO DPVAT DO VEÍCULO GMMONTANA ANO 2018 PLACA QPZ 4297|SRV
2360897|310959|303|02|2020|1|8838|19|PAGAMENTO SEGURO OBRIGATÓRIO DPVAT DO VEÍCULO FIAT FIORINO PLACA HMG 1836|SRV
2360898|310959|303|02|2020|1|8833|15|PAGAMENTO SEGURO OBRIGATÓRIO DPVAT DO VEÍCULO VAN PEUGEOT CITROEN PLACA OXC 4061|SRV
2360899|310959|303|02|2020|1|8844|25|PAGAMENTO SEGURO OBRIGATÓRIO DPVAT DO VEÍCULO FIAT PÁLIO FIRE PLACA PXZ 9624|SRV
2360900|310959|303|02|2020|1|12848|38|PAGAMENTO SEGURO OBRIGATÓRIO DPVAT DO VEÍCULO CAMINHONETE TRITOM PLACA QUX 2977|SRV
2360901|310959|303|02|2020|1|8819|1|PAGAMENTO SEGURO OBRIGATÓRIO DPVAT VEÍCULO FIAT DOBLÔ PLACA HMH 3968|SRV
2360902|310959|303|02|2020|1|8836|17|PAGAMENTO SEGURO OBRIGATÓRIO DPVAT DO VEÍCULO VAN PEUGEOT CITROEN PLACA PVK 1634|SRV
2360903|310959|303|02|2020|1|8839|20|PAGAMENTO SEGURO OBRIGATÓRIO DPVAT DO VEÍCULO BESTA KIA PLACA GMC 6701|SRV
2360904|310959|303|02|2020|1|8845|26|PAGAMENTO SEGURO OBRIGATÓRIO DPVAT DO VEÍCULO FIAT PÁLIO FIRE PLACA PYK 5294|SRV
2360905|310959|303|02|2020|1|8840|21|PAGAMENTO SEGURO OBRIGATÓRIO DPVAT DO VEÍCULO FIAT DOBLÔ PLACA PVX 7568|SRV
2360906|310959|303|02|2020|1|8846|27|PAGAMENTO SEGURO OBRIGATÓRIO DPVAT DO VEÍCULO FIAT DOBLÔ PLACA PXZ 9675|SRV
2360907|310959|303|02|2020|1|12062|34|PAGAMENTO SEGURO OBRIGATÓRIO DPVAT DO VEÍCULO AGRALE GRAN MICRO ANO 2014 PLACA PUE 7055|SRV
2360908|310959|303|02|2020|1|12847|37|PAGAMENTO SEGURO OBRIGATÓRIO DPVAT DO VEÍCULO FIAT TORO FREEDOM PLACA QPV 7482|SRV
2360909|310959|303|02|2020|1|8820|2|PAGAMENTO SEGURO OBRIGATÓRIO DPVAT DO VEÍCULO FIAT PÁLIO FIRE WAY PLACA PVT 8958|SRV
2360910|310959|303|02|2020|1|8823|5|PAGAMENTO SEGURO OBRIGATÓRIO DPVAT DO VEÍCULO RENAULT KANGOO PLACA OPQ 8590|SRV
2360911|310959|303|02|2020|1|8832|14|PAGAMENTO SEGURO OBRIGATÓRIO DPVAT DO VEÍCULO FIAT DOBLÔ PLACA OPQ 9291|SRV
2360912|310959|303|02|2020|1|8842|23|PAGAMENTO SEGURO OBRIGATÓRIO DPVAT DO VEÍCULO FIAT DOBLÔ PLACA PXZ 9668|SRV
2360913|310959|303|02|2020|1|8830|12|PAGAMENTO SEGURO OBRIGATÓRIO DPVAT DO VEÍCULO FIAT UNO VIVACE PLACA HNH 1591|SRV
2360914|310959|303|02|2020|1|8824|6|PAGAMENTO SEGURO OBRIGATÓRIO DPVAT DO VEÍCULO RENAULT KANGOO PLACA OPQ 8591|SRV
2360918|310959|303|02|2020|1|8837|18|PAGAMENTO SEGURO OBRIGATÓRIO DPVAT DO VEÍCULO FIA DOBLÔ PLACA HMH 3719|SRV
2360915|310959|303|02|2020|1|8827|9|PAGAMENTO SEGURO OBRIGATÓRIO DPVAT DO VEÍCULO RENAULT KANGOO PLACA OQM 8600|SRV
2360916|310959|303|02|2020|1|8841|22|PAGAMENTO SEGURO OBRIGATÓRIO DPVAT DO VEÍCULO FIAT DOBLÔ PLACA PVK 7569|SRV
2360917|310959|303|02|2020|1|11460|32|PAGAMENTO DE SEGURO OBRIGATÓRIO DPVAT FIAT DUCATO MARIMAR ANO 2016 PLACA QOS6084 RENAVAN 01158924086 CHASSI 93W245G3RG2158945|SRV
2360919|310959|303|02|2020|1|12058|29|PAGAMENTO SEGURO OBRIGATÓRIO DPVAT DO VEÍCULO FIAT DOBLÔ ANO 2016 PLACA PZV 8455|SRV
2360920|310959|303|02|2020|1|8828|10|PAGAMENTO SEGURO OBRIGATÓRIO DPVAT DO VEÍCULO RENAULT SANDERO PLACA OQM 8601|SRV
2360921|310959|303|02|2020|1|12060|31|PAGAMENTO SEGURO OBRIGATÓRIO DPVAT DO VEÍCULO CHEVROLETONIX ANO 2018 PLACA QPO 4486|SRV
2360996|310973|303|02|2020|2|8506|56|CIPROFLOXACINO CLORIDRATO 500 MG COMPRIMIDO|CMP
2360993|310973|303|02|2020|2|10347|3|SULFAMETOXAZOL TRIMETROPRIMA 40 8 MG MG SOLUCAO ORAL|CMP
2360994|310973|303|02|2020|2|8370|63|METRONIDAZOL 250 MG COMPRIMIDO|CMP
2360995|310973|303|02|2020|2|8367|61|LOSARTANA POTÁSSICA 50 MG COMPRIMIDO REVESTIDO|CMP
2360997|310973|303|02|2020|2|11984|24|SULFADIAZINA DE PRATA 10 MGG CREME|UND
2360998|310973|303|02|2020|2|7543|80|FENITOÍNA 100MG|CMP
2360999|310973|303|02|2020|2|12700|68|SULFATO FERROSO 125MGML 25 MGML DE FERRO ELEMENTAR SOLUCAO ORAL|UND
2361000|310973|303|02|2020|2|9123|78|CLORPROMAZINA CLORIDRATO 25 MG COMPRIMIDO|CMP
2361001|310973|303|02|2020|2|7557|54|ATENOLOL 50MG|CMP
2361002|310973|303|02|2020|2|8498|27|HALOPERIDOL 5 MG COMPRIMIDO|CMP
2361003|310973|303|02|2020|2|8361|35|CLOMIPRAMINA CLORIDRATO 25 MG COMPRIMIDO|CMP
2361004|310973|303|02|2020|2|9127|7|FLUCONAZOL 150 MG CÁPSULA|CAP
2361005|310973|303|02|2020|2|10352|69|ALBENDAZOL 40 MGML SUSPENSAO ORAL|FR
2361006|310973|303|02|2020|2|12403|49|ACICLOVIR SÓDICO 50 MGG 5% CREME|UND
2361007|310973|303|02|2020|2|8504|82|GLICLAZIDA 30 MG COMPRIMIDO DE LIBERAÇÃO PROLONGADA|UND
2361008|310973|303|02|2020|2|10346|38|ESPIRONOLACTONA 25 MG COMPRIMIDO|CMP
2361009|310973|303|02|2020|2|10523|9|VALPROATO DE SÓDIO 50 MGML XAROPE|UND
2361010|310973|303|02|2020|2|9137|87|SINVASTATINA 40 MG COMPRIMIDO|CMP
2361011|310973|303|02|2020|2|8385|14|ENALAPRIL MALEATO 20 MG COMPRIMIDO|CMP
2361012|310973|303|02|2020|2|9118|1|BENZOILMETRONIDAZOL 40 MGML SUSPENSAO ORAL|FR
2361013|310973|303|02|2020|2|8383|59|IBUPROFENO 600 MG COMPRIMIDO|CMP
2361014|310973|303|02|2020|2|11273|55|AZITROMICINA 40 MGML 600 MG PÓ PARA SUSPENSAO ORAL|UND
2361015|310973|303|02|2020|2|8350|48|VARFARINA SÓDICA 5 MG COMPRIMIDO|CMP
2361016|310973|303|02|2020|2|8369|58|DIPIRONA SÓDICA 500 MG COMPRIMIDO|CMP
2361017|310973|303|02|2020|2|12171|47|SAIS DE REIDRATACAO ORAL CLORETO SÓDIOGLICOSECITRATO DE SÓDIOCLORETO DE POTÁSSIO352002925 G PÓ PARA PREPARACAO EXTEMPORANEA|UND
2361018|310973|303|02|2020|2|8503|36|CLORPROMAZINA CLORIDRATO 100 MG COMPRIMIDO|CMP
2361019|310973|303|02|2020|2|9138|22|NITROFURANTOINA 100 MG CÁPSULA|CAP
2361020|310973|303|02|2020|2|8349|10|NORTRIPTILINAA CLORIDRATO 25 MG CAPSULA|CMP
2361021|310973|303|02|2020|2|8364|40|HALOPERIDOL 2 MGML SOLUCAO ORAL|FR
2361022|310973|303|02|2020|2|10340|73|CEFALEXINA 50 MGML PÓ PARA SUSPENSAO ORAL|FR
2361023|310973|303|02|2020|2|8374|71|BENZILPENICILINA BENZATINA 1200000 UI PÓ PARA SUSPENSAO INJETÁVEL VIA INTRAMUSCULAR|FR
2361024|310973|303|02|2020|2|9128|29|LEVODOPA CARBIDOPA 250 25MG COMPRIMIDO|CMP
2361025|310973|303|02|2020|2|8500|42|HIDRALAZINA CLORIDRATO 50 MG COMPRIMIDO|CMP
2361026|310973|303|02|2020|2|10342|33|CARVEDILOL 3125 MG COMPRIMIDO|CMP
2361027|310973|303|02|2020|2|12225|12|ACICLOVIR 200 MG|UND
2361028|310973|303|02|2020|2|10524|53|AMOXICILINA 500 MG CAPSULA|UND
2361029|310973|303|02|2020|2|8497|75|FLUOXETINA CLORIDRATO 20 MG CÁSPULA|CAP
2361030|310973|303|02|2020|2|8387|43|LEVODOPABENSERAZIDA 10025 MGMG COMPRIMIDO|CMP
2361031|310973|303|02|2020|2|9134|13|ENALAPRIL MALEATO 10 MG COMPRIMIDO|CMP
2361032|310973|303|02|2020|2|10993|66|BUDESONIDA 50 MCG AEROSSOL NASAL|FR
2361033|310973|303|02|2020|2|12170|64|SULFATO FERROSO 12297 MG 40 MG DE FERRO ELEMENTAR|CMP
2361034|310973|303|02|2020|2|11876|21|METOPROLOL SUCCINATO 50 MG COMPRIMIDO REVESTIDO DE LIBERACAO CONTROLADA|CMP
2361035|310973|303|02|2020|2|8378|4|ANLODIPINO BESILATO 5 MG COMPRIMIDO|CMP
2361036|310973|303|02|2020|2|8365|62|METFORMINA CLORIDRATO 850 MG COMPRIMIDO|CMP
2361037|310973|303|02|2020|2|10525|19|AMOXICILINA CLAVULANATO DE POTASSIO 50125 MGML PÓ PARA SUSPENSAO ORAL|UND
2361041|310973|303|02|2020|2|9141|79|DEXCLORFENIRAMINA MALEATO 2 MG COMPRIMIDO|CMP
2361038|310973|303|02|2020|2|8382|25|BIPERIDENO CLORIDRATO 2 MG COMPRIMIDO|CMP
2361039|310973|303|02|2020|2|9116|52|AMOXICILINA 50 MGML PÓ PARA SUSPENSAO ORAL|FR
2361040|310973|303|02|2020|2|11983|46|METOPROLOL SUCCINATO 25 MG COMPRIMIDO REVESTIDO DE LIBERACAO CONTROLADA|CMP
2361042|310973|303|02|2020|2|7562|15|HIDROCLOROTIAZIDA 25MG|CMP
2361043|310973|303|02|2020|2|10350|83|IBUPROFENO 50 MGML SUSPENSAO ORAL|FR
2361044|310973|303|02|2020|2|8357|45|LEVOTIROXINA SÓDICA 100 MCG COMPRIMIDO|CMP
2361045|310973|303|02|2020|2|8505|32|CARVEDILOL 125 MG COMPRIMIDO|CMP
2361046|310973|303|02|2020|2|8501|30|ÁCIDO FÓLICO 5 MG COMPRIMIDO|CMP
2361047|310973|303|02|2020|2|10341|16|ISOSSORBIDA MONONITRATO 20 MG COMPRIMIDO|CMP
2361048|310973|303|02|2020|2|8355|39|FENOBARBITAL SÓDICO 100 MG COMPRIMIDO|CMP
2361049|310973|303|02|2020|2|8368|84|OMEPRAZOL 20 MG CÁPSULA|CMP
2361050|310973|303|02|2020|2|8675|50|ALBENDAZOL 400 MG COMPRIMIDO MASTIGÁVEL|CMP
2361084|310977|303|02|2020|2|12574|8|PALCO 12 X 10 MPALCO NAS DIMENSOES 12M X 10M COM COBERTURA SUPERIOR PISO DE MADEIRA COMPENSADA DEVIDAMENTE PINTADA A 180M DE ALTURA DO SOLO E 6M DE PÉ DIREITO NO CENTRO ESTRUTURADO EM GROUND DE ALUMÍNIO COM FECHAMENTOS NAS LATERAIS E FUNDO EM TELA PRETA RAMPA E ESCADA DE ACESSO E ACABAMENTO NAS SAIAS FRONTAL LATERAIS E FUNDO EM TELA PRETA COM 45M DE VAO LIVRE DO PISO DO PALCO À ESTRUTURA DE SUSTENTACAO DE ILUMINACAO CÊNICA LINHAS DE Q30 PARA SUSTENTACAO DE ILUMINACAO CÊNICA FRENTE CENTRO E CONTRA LUZ COM CAPACIDADE PARA SUPORTAR O PESO DO MATERIAL DE ILUMINACAO ACOMPANHADO DE 02 TORRES DE PA FLY COM ABERTURA DE 300 M X 320 M PÉ DIREITO MÍNIMO DE 12 M E UM HOUSE MIX MEDI|DIÁ
2361081|310975|303|02|2020|2|12933|2|KIT UNIFORME ESCOLAR INFANTIL E ENSINO FUNDAMENTAL COMPOSTO POR 01 BERMUDAO MASCULINA OU CAPRI FEMININA 01 CALCA UNISSEX 02 CAMISAS MANGA CURTA E 01 JAQUETA UNISSEX SEM CAPUZ|KIT
2361082|310975|303|02|2020|2|12932|1|KIT UNIFORME ESCOLAR CRECHE COMPOSTO POR 01 BERMUDA MASCULINA OU SHORT SAIA 01 CALCA UNISSEX 02 CAMISAS MANFA CURTA E 01 JAQUETA UNISSEX SEM CAPUZ|KIT
2361083|310976|303|02|2020|2|12930|1|SONDA PARA GASTROSTOMIA GTT Nº 18|UND
2361085|310977|303|02|2020|2|12925|4|BRIGADA CONTRA INCÊNDIO SERVICO COM ALOCACAO DE PROFISSIONAL CAPACITADO TREINADO E CREDENCIADO PELO CORPO DE BOMBEIROS MILITAR E CAPACITADO PARA ATUAR NA ÁREA DE BRIGADA CONTRA INCÊNDIO EM PREVENCAO ABANDONO E COMBATE A UM PRINCÍPIO DE INCÊNDIO COMANDAR E COORDENAR OS PROCEDIMENTOS INICIAIS E PRESTAR OS PRIMEIROS SOCORROS NOS MOMENTOS DE EMERGÊNCIA DENTRO DE UMA ÁREA ESTABELECIDA DO EVENTO UNIFORMIZADOS TRANSPORTE E ALIMENTACAO INCLUÍDOS OS BRIGADISTAS DEVERAO ESTAR COM OS SEGUINTES EQUIPAMENTOS ESTOJO DE EMERGÊNCIA COM TODO MATERIAL PARA ATENDIMENTOS PRANCHAS DE MADEIRA PARA RESGATE CONSIDERAR A DIÁRIA POR BRIGADISTA EM 08 HORAS DE UM DIA 01 DE EVENTO TRATASE DE EXIGÊNCIA FORMA|UND
2361086|310977|303|02|2020|2|10132|10|TENDA 6X6 EM ESTRUTURA METÁLICA DE ACO PÉ DIREITO DE 03 A 05 MTS DE ALTURA COBERTURA EM LONA ANTICHAMA MODELOS 01 ÁGUA 02 ÁGUAS PIRÂMIDE BRUXA CÚPULA A CRITÉRIO DO MUNICÍPIO|UND
2361087|310977|303|02|2020|2|12609|7|ILUMINACAO EXTRAGRANDE PORTE 48 REFLETORES PAR 64 FOCO 5 64 REFLETORES PAR LED RGBWA 32ACL PAR 56 FOCO 1 24 ELIPSOIDAL COMPLETO 10 SETLIGHT 12 MINIBRUTE DE 6 LÂMPADAS CADA 04MAQUINA DE FUMACA DE 1500W COM VENTILADOR 24 MOVING BEAM 700 24 MOVINGWASH1200 12 RIBALTA DE LED RGBW 16 STROBO 3000 60 CANAIS DE DIMMER DMX512 04 PROPOWER DE 12 CANAIS DE 4KW CADA CANAL 02 SPLITER DE 4 OU 8 CANAIS 02 MESA REGIAOUAVOLITEPEARL 2004 INCLUSO O CABEAMENTO NECESSÁRIO LÍQUIDO PARA AS MÁQUINAS DE FUMACA DE BOA QUALIDADE NEUTRO02 CANHOES SEGUIDORES ESCADA PARA AFINACAO COM ESTRUTURA PARA FIXACAO DA ILUMINACAO EM P50ATENDENDO AO RIDER TÉCNICO DA BANDA INCLUIR TRA|DIÁ
2361088|310977|303|02|2020|2|12608|2|SHOW AO VIVO COM BANDA 2 ACOMPANHADO POR NO MÍNIMO COM 10 COMPONENTES VOCALISTA BATERISTA TECLADISTA GUITARRISTA BAIXISTA PERCUSSIONISTA 02 CASAIS DE BAILARINOS PARA APRESENTACAO MÍNIMA DE 03 HORAS DE DURACAO EXECUTANDO TODOS OS ESTILOS MUSICAIS HOSPEDAGEM ALIMENTACAO CAMARIM E TRANSPORTES POR CONTA DA PROPONENTE|DIÁ
2361089|310977|303|02|2020|2|12712|6|GRADES 2 X 1 MFECHAMENTO EM GRADES DE PROTECAO CONFECCIONADO EM MATERIAL GALVANIZADO NA COR PRATA MEDINDO NO MÍNIMO 200 X 100 CADA GRADE INCLUINDO TRANSPORTE PADRAO ABNT|DIÁ
2361090|310977|303|02|2020|2|12553|1|BANHEIRO QUÍMICO CABINE SANITÁRIA COM MICTÓRIO PAPELEIRA E CAIXA DE DEJETOS COM ASSENTO SUPORTE PARA PAPEL HIGIÊNICO PISO ANTIDERRAPANTE IDENTIFICACAO MASCULINO E FEMININO FECHADURA COM INDICADOR LIVRE OCUPADO EXTERNO PONTO DE VENTILACAO NATURAL MEDINDO 116 CM X 122 CM MANUTENCAO INCLUINDO A LIMPEZA POR CONTA DO PRESTADOR DE SERVICO|DIÁ
2361091|310977|303|02|2020|2|12927|9|SONORIZACAO EXTRA GRANDE PORTE 03 TORRES DE SOM PA MONTADOS NAS LATERAIS E CENTRO DO PALCO LCR SENDO 01 SISTEMA LINE ARRAY FLYPA CONTENDO NO MÍNIMO 36 CAIXAS ACÚSTICAS PROFISSIONAIS SENDO 03 TORRES 12 LINES 12 SUB GRAVES CADA 02 TORRES DE DELAY CONTENDO 08 LINES E 08 SUBGRAVES CADA COM GABINETE EM MADEIRA PRENSADA TRATADA COMPENSADO NAVAL MDF OU MATERIAIS COMPOSTOS FIBERGIASS PLÁSTICOS INJETADOS DE ALTA RESISTÊNCIAPINTADOS COM TINTAS RESISTENTES AS INTEMPÉRIES CLIMÁTICAS PARAMÉDIO GRAVES E MÉDIO AGUDOSATIVAS COM ESTRUTURA PARA FLY CONTENDO CADA 02 ALTO FALANTES DE ALTA PERFORMANCE PARA FREQUÊNCIA MÉDIO GRAVES COM POTÊNCIA DE NO MÍNIMO 800 WATTS RMS CAD|UND
2361092|310977|303|02|2020|2|12921|3|BANHEIRO QUIMICO CABINE SANITÁRIA PARA PORTADORES DE NECESSIDADES ESPECIAIS COM FÁCIL ACESSO DE CADEIRAS DE RODAS COM MICTÓRIO PAPELEIRA E CAIXA DE DEJETOS COM ASSENTO SUPORTE PARA PAPEL HIGIÊNICO PISO ANTIDERRAPANTE IDENTIFICACAO MASCULINO E FEMININO FECHADURA COM INDICADOR LIVREOCUPADO EXTERNO PONTO DE VENTILACAO NATURAL SUPORTE DE APOIO COM AMPLO ESPACO INTERNO E CORRIMOES DE SEGURANCA CONFERINDO GRANDE MOBILIDADE E CONFORTO AO USUÁRIO MEDINDO 116 CM X 122 MANUTENCAO INCLUINDO A LIMPEZA POR CONTA DO PRESTADOR DE SERVICO|UND
2361096|310979|303|02|2020|2|8509|4|ALOPURINOL 100 MG COMPRIMIDO|CMP
2361093|310977|303|02|2020|2|12926|5|GERADOR DE ENERGIA DE 260 KWA LOCACAO DE GERADOR POTÊNCIA DE 260 KVA COMEXCITATRIZA ROTATIVA SEM ESCOVAS SÍNCRONO TRIFÁSICO COM GRAU DE PROTECAO IP21 COM SISTEMA DE PARALELISMO COM DEMANDA DE CARGA E MONITORAMENTO À DISTÂNCIA BASE ESTRUTURAL ROBUSTA E INTEGRALMENTE SOLDADA MÓDULO DE COMANDO INSTALADO INTERNAMENTE AO CONTAINER ISOLADO ACUSTICAMENTE DO CONJUNTO GRUPO GERADOR PROTEGIDO POR PORTA DOTADA DE VISOR TRANSLÚCIDO PARA VISUALIZACAO EXTERNA DOS INSTRUMENTOS DISJUNTOR DE PROTECAO INSTALADO JUNTO AO GERADOR RECIPIENTE DIÁRIO DE CONSUMO PARA COMBUSTÍVEL EM POLIETILENO MONTADO NA BASE DO CONTAINER AMORTECEDORES DE VIBRACAO INTERMEDIÁRIOS ENTRE MOTOR GERADOR E BASE BATERIAS SI|UND
2361094|310978|303|02|2020|2|12608|1|SHOW AO VIVO COM BANDA 2 ACOMPANHADO POR NO MÍNIMO COM 10 COMPONENTES VOCALISTA BATERISTA TECLADISTA GUITARRISTA BAIXISTA PERCUSSIONISTA 02 CASAIS DE BAILARINOS PARA APRESENTACAO MÍNIMA DE 03 HORAS DE DURACAO EXECUTANDO TODOS OS ESTILOS MUSICAIS HOSPEDAGEM ALIMENTACAO CAMARIM E TRANSPORTES POR CONTA DA PROPONENTE|DIÁ
2361095|310979|303|02|2020|2|8376|1|AMOXILINA CLAVULANATO DE POTÁSSIO 500 125 MG COMPRIMIDO|CMP
2361097|310979|303|02|2020|2|8507|2|PROPRANOLOL CLORIDRATO 40 MG COMPRIMIDO|CMP
2361098|310979|303|02|2020|2|2216|3|TIAMINA 100MGML AMPOLA DE 1 ML|AMP
2361054|310973|303|02|2020|2|10992|2|ISOSSORBIDA DINITRATO 5 MG COMPRIMIDO SUBLINGUAL|CMP
2361051|310973|303|02|2020|2|8352|77|CLORETO DE SÓDIO 9 MGML SOLUCAO NASAL|FR
2361052|310973|303|02|2020|2|2339|28|HEPARINA 5000UI025 ML|AMP
2361053|310973|303|02|2020|2|10345|41|HALOPERIDOL DECANOATO 50 MGML SOLUCAO INJETÁVEL VIA INTRAMUSCULAR|AMP
2361055|310973|303|02|2020|2|10353|74|DEXCLORFENIRAMINA MALEATO 04 MGML SOLUCAO ORAL|FR
2361056|310973|303|02|2020|2|9404|85|PREDNISONA 20 MG COMPRIMIDO|CMP
2361057|310973|303|02|2020|2|7564|20|VALPROATO DE SÓDIO 250MG|CAP
2361058|310973|303|02|2020|2|8363|65|VERAPAMIL CLORIDRATO 80 MG COMPRIMIDO|CMP
2361062|310973|303|02|2020|2|8384|70|AMITRIPTILINA CLORIDRATO 25 MG COMPRIMIDO|CMP
2361059|310973|303|02|2020|2|4724|6|CAPTOPRIL 25 MG|CMP
2361060|310973|303|02|2020|2|9409|31|CARBAMAZEPINA 20 MGML SUSPENSAO ORAL|FR
2361061|310973|303|02|2020|2|8358|18|ALENDRONATO SÓDIO 70 MG COMPRIMIDO|CMP
2361063|310973|303|02|2020|2|8510|57|DEXAMETASONA 1 MG/G CREME|UND
2361064|310973|303|02|2020|2|7559|37|DIPIRONA SÓDICA 500MGML SOLUCAO ORAL|FR
2361065|310973|303|02|2020|2|6883|72|CARBAMAZEPINA 200 MG|CMP
2361066|310973|303|02|2020|2|8379|81|FUROSEMIDA 40 MG COMPRIMIDO|CMP
2361067|310973|303|02|2020|2|8348|11|NORTRIPTILINA CLORIDRATO 50 MG CAPSULA|CAP
2361068|310973|303|02|2020|2|8356|67|LEVOTIROXINA SÓDICA 25 MCG COMPRIMIDO|CMP
2361069|310973|303|02|2020|2|9119|60|LORATADINA 1 MGML XAROPE|FR
2361070|310973|303|02|2020|2|8386|44|LEVODOPABENSERAZIDA 20050 MGMG COMPRIMIDO|CMP
2361071|310973|303|02|2020|2|7781|8|GLIBENCLAMIDA 5MG|UND
2361072|310973|303|02|2020|2|8499|26|DIAZEPAM 10 MG COMPRIMIDO|CMP
2361073|310974|303|02|2020|2|12553|1|BANHEIRO QUÍMICO CABINE SANITÁRIA COM MICTÓRIO PAPELEIRA E CAIXA DE DEJETOS COM ASSENTO SUPORTE PARA PAPEL HIGIÊNICO PISO ANTIDERRAPANTE IDENTIFICACAO MASCULINO E FEMININO FECHADURA COM INDICADOR LIVRE OCUPADO EXTERNO PONTO DE VENTILACAO NATURAL MEDINDO 116 CM X 122 CM MANUTENCAO INCLUINDO A LIMPEZA POR CONTA DO PRESTADOR DE SERVICO|DIÁ
2361074|310974|303|02|2020|2|12921|4|BANHEIRO QUIMICO CABINE SANITÁRIA PARA PORTADORES DE NECESSIDADES ESPECIAIS COM FÁCIL ACESSO DE CADEIRAS DE RODAS COM MICTÓRIO PAPELEIRA E CAIXA DE DEJETOS COM ASSENTO SUPORTE PARA PAPEL HIGIÊNICO PISO ANTIDERRAPANTE IDENTIFICACAO MASCULINO E FEMININO FECHADURA COM INDICADOR LIVREOCUPADO EXTERNO PONTO DE VENTILACAO NATURAL SUPORTE DE APOIO COM AMPLO ESPACO INTERNO E CORRIMOES DE SEGURANCA CONFERINDO GRANDE MOBILIDADE E CONFORTO AO USUÁRIO MEDINDO 116 CM X 122 MANUTENCAO INCLUINDO A LIMPEZA POR CONTA DO PRESTADOR DE SERVICO|UND
2361075|310974|303|02|2020|2|12572|3|SOM TIPO 5 PA1 MESA DE SOM 56 CANAIS COM 24 MANDADAS DIGITAL1 MULTICABODE64CANAISCOM60METROSSPLINTER2 PROCESSADORES DIGITAIS2 CD PLAYER1 NOTEBOOK24 CAIXAS DE SUB GRAVE COM 02 FALANTES DE 18 24 CAIXAS DE ALTA FREQUÊNCIA LINE ARRAY COM 2 X 12 2 X 8 DRIVER4 TORRES DE DELAY CADA COM 6 UNIDADES DE CAIXAS DE ALTA FREQUÊNCIA LINE ARRAY COM1X12 DRIVER E 4 UNIDADES DE CAIXAS DE SUB GRAVE COM 02 FALANTES DE18 SISTEMA DE AMPLIFICACAO QUE ATENDA AS NECESSIDADES DO SISTEMA ACIMA E FIACAO E CONEXOES PARA AS DEVIDAS LIGACOESMONITOR PALCO2 MESA DE SOM 56 CANAIS COM 32 MANDADAS DIGITAL 2 PROCESSADORES DIGITAIS PARA O SIDEFILL1 SIDEFILL COM 2 CAIXA PARA SUB GRAVE COM 2X|DIÁ
2361076|310974|303|02|2020|2|12926|7|GERADOR DE ENERGIA DE 260 KWA LOCACAO DE GERADOR POTÊNCIA DE 260 KVA COMEXCITATRIZA ROTATIVA SEM ESCOVAS SÍNCRONO TRIFÁSICO COM GRAU DE PROTECAO IP21 COM SISTEMA DE PARALELISMO COM DEMANDA DE CARGA E MONITORAMENTO À DISTÂNCIA BASE ESTRUTURAL ROBUSTA E INTEGRALMENTE SOLDADA MÓDULO DE COMANDO INSTALADO INTERNAMENTE AO CONTAINER ISOLADO ACUSTICAMENTE DO CONJUNTO GRUPO GERADOR PROTEGIDO POR PORTA DOTADA DE VISOR TRANSLÚCIDO PARA VISUALIZACAO EXTERNA DOS INSTRUMENTOS DISJUNTOR DE PROTECAO INSTALADO JUNTO AO GERADOR RECIPIENTE DIÁRIO DE CONSUMO PARA COMBUSTÍVEL EM POLIETILENO MONTADO NA BASE DO CONTAINER AMORTECEDORES DE VIBRACAO INTERMEDIÁRIOS ENTRE MOTOR GERADOR E BASE BATERIAS SI|UND
2361077|310974|303|02|2020|2|12924|5|BARRACAS 03 X 03 M LOCACAO COM MONTAGEM E DESMONTAGEM DE BARRACA COM FECHAMENTO LATERAL BALCAO NAS DIMENSOES 03 X 03 METROS DE PROFUNDIDADE COM 02 METROS DE ALTURA EM SEUS PÉS DE SUSTENTACAO COBERTURA DO TIPO PIRÂMIDE COM LONA BRANCA ESTRUTURA EM TUBO GALVANIZADO PARA USO DO PUBLICO EM GERAL E COM LONA ANTI CHAMAS|UND
2361078|310974|303|02|2020|2|12608|2|SHOW AO VIVO COM BANDA 2 ACOMPANHADO POR NO MÍNIMO COM 10 COMPONENTES VOCALISTA BATERISTA TECLADISTA GUITARRISTA BAIXISTA PERCUSSIONISTA 02 CASAIS DE BAILARINOS PARA APRESENTACAO MÍNIMA DE 03 HORAS DE DURACAO EXECUTANDO TODOS OS ESTILOS MUSICAIS HOSPEDAGEM ALIMENTACAO CAMARIM E TRANSPORTES POR CONTA DA PROPONENTE|DIÁ
2361079|310974|303|02|2020|2|12728|8|ILUMINACAO TIPO 4 90 LÂMPADAS PAR 64 24 PAR LED DE 3W 8 MINI BRUTES 8 MOVING HEADS SPOT 575W 1 MÁQUINA DE FUMACA 16 SET LIGHT 1000W 1 CANHAO SEGUIDOR 1 MESA DE LUZ DIGITAL DE 2048 CANAIS DMX DIVIDIDOS EM 4 UNIVERSOS 1 SISTEMA DE DIMMER DIGITAL DMX 36 CANAIS DE 4KW CABEAMENTO NECESSÁRIO PARA AS LIGACOES DOS EQUIPAMENTOS|UND
2361080|310974|303|02|2020|2|12925|6|BRIGADA CONTRA INCÊNDIO SERVICO COM ALOCACAO DE PROFISSIONAL CAPACITADO TREINADO E CREDENCIADO PELO CORPO DE BOMBEIROS MILITAR E CAPACITADO PARA ATUAR NA ÁREA DE BRIGADA CONTRA INCÊNDIO EM PREVENCAO ABANDONO E COMBATE A UM PRINCÍPIO DE INCÊNDIO COMANDAR E COORDENAR OS PROCEDIMENTOS INICIAIS E PRESTAR OS PRIMEIROS SOCORROS NOS MOMENTOS DE EMERGÊNCIA DENTRO DE UMA ÁREA ESTABELECIDA DO EVENTO UNIFORMIZADOS TRANSPORTE E ALIMENTACAO INCLUÍDOS OS BRIGADISTAS DEVERAO ESTAR COM OS SEGUINTES EQUIPAMENTOS ESTOJO DE EMERGÊNCIA COM TODO MATERIAL PARA ATENDIMENTOS PRANCHAS DE MADEIRA PARA RESGATE CONSIDERAR A DIÁRIA POR BRIGADISTA EM 08 HORAS DE UM DIA 01 DE EVENTO TRATASE DE EXIGÊNCIA FORMA|UND
2360969|310968|303|02|2020|2|12921|3|BANHEIRO QUIMICO CABINE SANITÁRIA PARA PORTADORES DE NECESSIDADES ESPECIAIS COM FÁCIL ACESSO DE CADEIRAS DE RODAS COM MICTÓRIO PAPELEIRA E CAIXA DE DEJETOS COM ASSENTO SUPORTE PARA PAPEL HIGIÊNICO PISO ANTIDERRAPANTE IDENTIFICACAO MASCULINO E FEMININO FECHADURA COM INDICADOR LIVREOCUPADO EXTERNO PONTO DE VENTILACAO NATURAL SUPORTE DE APOIO COM AMPLO ESPACO INTERNO E CORRIMOES DE SEGURANCA CONFERINDO GRANDE MOBILIDADE E CONFORTO AO USUÁRIO MEDINDO 116 CM X 122 MANUTENCAO INCLUINDO A LIMPEZA POR CONTA DO PRESTADOR DE SERVICO|UND
2360966|310967|303|02|2020|2|12863|1|CONFECCAO DE MEDALHAS EM METAL FUNDIDO E ESMALTADO OU NAO DE ACORDO COM A ARTE COM 55 MM DE DIÂMETRO EM SUA PARTE FINAL COM BANHO DE OURO COM FITA DE CETIM NAS CORES VERDE E AMARELO EM LISTAS VERTICAIS COLAR COM 450MM DE COMPRIMENTO E ACABAMENTO EM FIO DE CETIM PARA AMARRACAO COM PASSADOR DA FITA BORDADO NO METAL SENTIDO VERTICAL O MATERIAL SERÁ ACONDICIONADO EM ESTOJO DE VELUDO VERDE OU PRETO COM TAMPA INTERNA EM CETIM BRANCO|UND
2360967|310968|303|02|2020|2|12553|1|BANHEIRO QUÍMICO CABINE SANITÁRIA COM MICTÓRIO PAPELEIRA E CAIXA DE DEJETOS COM ASSENTO SUPORTE PARA PAPEL HIGIÊNICO PISO ANTIDERRAPANTE IDENTIFICACAO MASCULINO E FEMININO FECHADURA COM INDICADOR LIVRE OCUPADO EXTERNO PONTO DE VENTILACAO NATURAL MEDINDO 116 CM X 122 CM MANUTENCAO INCLUINDO A LIMPEZA POR CONTA DO PRESTADOR DE SERVICO|DIÁ
2360968|310968|303|02|2020|2|12552|2|SOM TIPO 4 PA 3 MESA DE SOM DIGITAL DE 48 CANAIS COM 16 MANDADAS AUXILIARES 1 MULTI CABO DE 48 CANAIS COM 60 METROS SPLITER 4 PROCESSADORES DIGITAIS 1 CDDVD PLAYER 1 NOTEBOOK 16 CAIXAS DE SUB GRAVE COM 02 FALANTES DE18 16 CAIXAS DE ALTA FREQUÊNCIA LINE ARRAY COM 2X12 4 X 65 2 DRIVER EM GUIAS DE ONDA SISTEMA DE AMPLIFICACAO QUE ATENDA AS NECESSIDADES DO SISTEMA ACIMA E FIACAO E CONEXOES PARA AS DEVIDAS LIGACOES MONITOR PALCO 1 MESA DE SOM DIGITAL 48 CANAIS COM16 MANDADAS AUXILIARES 1 PROCESSADOR DIGITAL PARA O SIDEFILL 1SIDEFILL COM 2CAIXA PARA SUBGRAVE COM 2X18 E 2 CAIXA DE 3 VIAS COM 1X15 1X10 DRIVER OU 2 CAIXAS DE ALTA FREQUÊNCIA LINE ARRAY COM 1X12 DRIVE|DIÁ
2360970|310968|303|02|2020|2|12575|4|ILUMINACAO TIPO 490 LÂMPADAS PAR 6424 PAR LED DE 3W8 MINI BRUTES8 MOVING HEADS SPOT 575W1 MÁQUINA DE FUMACA16 SET LIGHT 1000W1 CANHAO SEGUIDOR1 MESA DE LUZ DIGITAL DE 2048 CANAIS DMX DIVIDIDOS EM 4 UNIVERSOS 1 SISTEMA DE DIMMER DIGITAL DMX 36 CANAIS DE 4KWCABEAMENTO NECESSÁRIO PARA AS LIGACOES DOS EQUIPAMENTOS|DIÁ
2360971|310968|303|02|2020|2|12922|5|JOGOS DE MESAS E CADEIRAS DE PLÁSTICO LOCACAO DE JOGOS DE MESAS E CADEIRAS EM MATERIAL PLÁSTICO COM CADEIRA PLÁSTICA DE POLIPROPILENO COM PROTECAO ANTIUV ULTRA VIOLETA QUE GARANTE UMA MAIOR DURABILIDADE CERTIFICADA PELO INMETRO NA CLASSE B PARA USO IRRESTRITO OU SEJA PARA AMBIENTES INTERNOS E EXTERNOS SUPORTANDO A CARGA DE 140 KG NA COR BRANCA E EMPILHÁVEL E MESA MEDINDO APROXIMADAMENTE 1M X 1M NA COR BRANCA E EMPILHÁVEL SENDO MESA PLÁSTICA DE POLIPROPILENO COM PROTECAO ANTIUV ULTRAVIOLETA QUE GARANTE UMA MAIOR DURABILIDADE QUE ATENDA A TODOS OS AMBIENTES INTERNOS E EXTERNOS SUPORTANDO A CARGA DE 120 KG|UND
2360972|310968|303|02|2020|2|12923|6|TABLADO 08 X 06 M TABLADO COM ESCADA DE ACESSO PANTOGRÁFICA EM ALUMÍNIO COM ALTURA VARIÁVEL DE 10 M A 15 M PISO TODO ESTRUTURA EM Q 30 ALUMINIO FORMADO POR PRANCHAS 2X1 EM ALUMÍNIO COM MADEIRA DE 18 MM ANTIDERRAPANTE COM ALTURA MÁXIMA DE 01 M EM BOM ASPECTO GUARDA CORPO NAS LATERAIS E FUNDO DO TABLADO COM CARPETE|UND
2360973|310969|303|02|2020|2|10631|1|TIRAS REAGENTES PARA MEDICAO DE GLICEMIA|UND
2360977|310971|303|02|2020|2|12867|4|SIM SISTEMA DE ENSINO FTD PÚBLICO 4º ANO|KIT
2360974|310969|303|02|2020|2|10633|2|GLICOSÍMETRO MONITOR DE GLICOSE|UND
2360975|310970|303|02|2020|2|12552|1|SOM TIPO 4 PA 3 MESA DE SOM DIGITAL DE 48 CANAIS COM 16 MANDADAS AUXILIARES 1 MULTI CABO DE 48 CANAIS COM 60 METROS SPLITER 4 PROCESSADORES DIGITAIS 1 CDDVD PLAYER 1 NOTEBOOK 16 CAIXAS DE SUB GRAVE COM 02 FALANTES DE18 16 CAIXAS DE ALTA FREQUÊNCIA LINE ARRAY COM 2X12 4 X 65 2 DRIVER EM GUIAS DE ONDA SISTEMA DE AMPLIFICACAO QUE ATENDA AS NECESSIDADES DO SISTEMA ACIMA E FIACAO E CONEXOES PARA AS DEVIDAS LIGACOES MONITOR PALCO 1 MESA DE SOM DIGITAL 48 CANAIS COM16 MANDADAS AUXILIARES 1 PROCESSADOR DIGITAL PARA O SIDEFILL 1SIDEFILL COM 2CAIXA PARA SUBGRAVE COM 2X18 E 2 CAIXA DE 3 VIAS COM 1X15 1X10 DRIVER OU 2 CAIXAS DE ALTA FREQUÊNCIA LINE ARRAY COM 1X12 DRIVE|DIÁ
2360976|310970|303|02|2020|2|12573|2|ILUMINACAO TIPO 348 LÂMPADAS PAR 64 COM LÂMPADA F# 2 E 518 PARLED4 MINI BRUTES1 STROBO 3000 W1 MÁQUINA DE FUMACA COM VENTILADOR1 MESA DE LUZ DIGITAL DE 24 CANAIS DMX|DIÁ
2360978|310971|303|02|2020|2|12865|2|SIM SISTEMA DE ENSINO FTD PÚBLICO 2º ANO|KIT
2360979|310971|303|02|2020|2|12864|1|SIM SISTEMA DE ENSINO FTD PÚBLICO 1º ANO|KIT
2360980|310971|303|02|2020|2|12868|5|SIM SISTEMA DE ENSINO FTD PÚBLICO 5º ANO|KIT
2360981|310971|303|02|2020|2|12869|6|SIM SISTEMA DE ENSINO FTD PÚBLICO 3 ANOS|KIT
2360982|310971|303|02|2020|2|12870|7|SIM SISTEMA DE ENSINO FTD PÚBLICO 4 ANOS|KIT
2360983|310971|303|02|2020|2|12866|3|SIM SISTEMA DE ENSINO FTD PÚBLICO 3º ANO|KIT
2360984|310971|303|02|2020|2|12871|8|SIM SISTEMA DE ENSINO FTD PÚBLICO 5 ANOS|KIT
2360985|310972|303|02|2020|2|11536|1|PRESTACAO DE SERVICO DE GERENCIAMENTO DE FROTAS POR MEIO DE SISTEMA ELETRÔNICO COM CARTAO MAGNÉTICO DISPONÍVEL EM TODO ESTADO DE MINAS GERAIS PARA A FROTA DOS VEÍCULOS PERTENCENTES À PREFEITURA MUNCIPAL DE CAETÉ|UND
2360986|310973|303|02|2020|2|10349|86|PREDNISONA 5 MG COMPRIMIDO|CMP
2360987|310973|303|02|2020|2|8502|76|CLONAZEPAM 25 MGML SOLUCAO ORAL|UND
2360988|310973|303|02|2020|2|9126|23|SINVASTATINA 10 MG COMPRIMIDO|CMP
2360989|310973|303|02|2020|2|11272|5|AZITROMICINA 500 MGML COMPRIMIDO REVESTIDO|FR
2360990|310973|303|02|2020|2|8359|34|CEFALEXINA 500 MG COMPRIMIDO|CMP
2360991|310973|303|02|2020|2|8508|51|ALOPURINOL 300 MG COMPRIMIDO|CMP
2360992|310973|303|02|2020|2|7549|17|ONDANSETRONA 8 MG|CMP
2360922|310960|303|02|2020|2|8464|1|AGULHA PARA CANETA DE INSULINA 4MM CAIXA COM 100 UNIDADES|CX
2360923|310961|303|02|2020|2|12873|1|APARELHO BIPAP A 40 COMPLETO COM BATERIA REMOVÍVEL UMIDIFICADOR MASCARA FACIAL MIRAGE QUATTRO E MÓDULO BIPAPA A40|UND
2360927|310964|303|02|2020|2|9394|6|PAGAMENTO DE SEGURO DPVAT VEICULO PLACA PZM2571 IVECO|UND
2360924|310962|303|02|2020|2|10344|1|TIMOLOL MALEATO 5 MGML SOLUCAO OFTÁLMICA|FR
2360925|310963|303|02|2020|2|12957|1|DIREITOS AUTORAIS REFERENTES AOS EVENTOS DE ANIVERSÁRIO DE CAETÉ 306 ANOS E CARNAVAL 2020|UND
2360926|310964|303|02|2020|2|7955|10|PAGAMENTO DE SEGURO OBRIGATÓRIO DPVAT VEÍCULO PLACA HLF 7078 ÔNIBUS|UND
2360928|310964|303|02|2020|2|7954|9|PAGAMENTO DE SEGURO OBRIGATÓRIO DPVAT VEÍCULO PLACA NXX 1583 ÔNIBUS|UND
2360929|310964|303|02|2020|2|9392|5|PAGAMENTO DE SEGURO DPVAT VEICULO PLACA PZI6645 MARCOPOLOVOLARE|UND
2360930|310964|303|02|2020|2|11662|3|PAGAMENTO DE SEGURO OBRIGATÓRIO DPVAT VEÍCULO PLACA QOW 3933|UND
2360931|310964|303|02|2020|2|12954|12|PAGAMENTO SEGURO DPVAT VEÍCULO PLACA QUA 3538|SRV
2360932|310964|303|02|2020|2|11661|4|PAGAMENTO DE SEGURO OBRIGATÓRIO DPVAT VEÍCULO PLACA QOW 3930|UND
2360933|310964|303|02|2020|2|6436|11|PAGAMENTO SEGURO DPVAT VEÍCULO PLACA GTM 9935|SRV
2360934|310964|303|02|2020|2|9267|8|PAGAMENTO DE SEGURO OBRIGATÓRIO DPVAT VEÍCULO PLACA PYD 0877IVECO|SRV
2360935|310964|303|02|2020|2|9393|7|PAGAMENTO DE SEGURO DPVAT VEICULO PLACA PZM2575 IVECO|UND
2360936|310964|303|02|2020|2|7950|1|PAGAMENTO DE SEGURO OBRIGATÓRIO DPVAT VEÍCULO PLACA HLF 8040 FIORINO|UND
2360937|310964|303|02|2020|2|7949|2|PAGAMENTO DE SEGURO OBRIGATÓRIO DPVAT VEÍCULO PLACA HLF 6227 FIESTA|UND
2360938|310965|303|02|2020|2|11995|1|PAPEL APERGAMINHADO FORMATO A4 210X297 MM 75 GM²3G COR BRANCO ALVURA MINIMA 97% ALCALINO FIBRA LONGITUDINAL CORTE ROTATIVO CONFORMIDADE COM AS NORMAS ISSO 970611108 REQUISITOS DE PERMANENCIA E DURABILIDADE ISSO 10716 RESERVA DE ALCALI E ISSO 6558 DETERMINACAO DE PH APLICACAO EM IMPRESSORAS LASER E COPIADORAS DE ALTA VELOCIDADE MINIMO 20 PÁGINASMINUTO PACOTE COM 500 FOLHAS SELO DE QUALIDADE CEFLOR E INMETRO|PCT
2360939|310966|303|02|2020|2|11434|10|INSULINA GLARGINA 100 UIML CANETA DESCARTÁVEL 3 ML|UND
2360940|310966|303|02|2020|2|7552|19|RIVAROXABANA 20MG|CMP
2360941|310966|303|02|2020|2|9302|16|PREGABALINA 75 MG|CMP
2360942|310966|303|02|2020|2|11435|9|INSULINA GLULISINA 100 UIML CANETA DESCARTÁVEL 3 ML|UND
2360943|310966|303|02|2020|2|8883|1|BACLOFENO 10 MG|CMP
2360944|310966|303|02|2020|2|7910|6|COLESTIRAMINA 40G|SAC
2360945|310966|303|02|2020|2|12242|13|MAXAPRAN 20 MG CITALOPRAN|CMP
2360946|310966|303|02|2020|2|7825|7|CONCERTA 54MG|CX
2360947|310966|303|02|2020|2|12693|25|FUMARATO DE FORMOTEROL PROPIONATO DE FLUTICASONA 12250 MCG|CMP
2360948|310966|303|02|2020|2|4740|15|PREGABALINA 150 MG|CMP
2360949|310966|303|02|2020|2|4733|12|IVABRADINA 5 MG|CMP
2360950|310966|303|02|2020|2|7548|26|MONTELUCASTE DE SÓDIO 10 MG|CMP
2360951|310966|303|02|2020|2|11450|20|SUCCINATO DE DESVENLAFAXINA MONOHIDRATADA 50 MG|CMP
2360952|310966|303|02|2020|2|7549|14|ONDANSETRONA 8 MG|CMP
2360953|310966|303|02|2020|2|2183|5|CLORIDRATO DE OXIBUTININA 5MG|CMP
2360954|310966|303|02|2020|2|12692|18|RIVAROXABANA 15 MG|CMP
2360955|310966|303|02|2020|2|2160|3|BROMETO DE TIOTRÓPRIO CÁPSULAS PARA INALACAO FRASCO CONTENDO 4 ML|FR
2360956|310966|303|02|2020|2|11436|11|INSULINA HUMALOG 100 UIML CANETA DESCARTÁVEL 3 ML|UND
2360957|310966|303|02|2020|2|4743|23|TRIMETAZIDINA 35 MG|CMP
2360958|310966|303|02|2020|2|2169|4|CLORIDRATO DE DORZOLAMIDAMALEATO DE TIMOLOL MSD SOLUCAO OFTÁLMICA|FR
2360959|310966|303|02|2020|2|12928|17|RIVAROXABANA 10MG|CMP
2360960|310966|303|02|2020|2|12929|24|XINAFOATO DE SALMETEROL PROPINATO DE FLUTICASONA 12525 MCG|FR
2360961|310966|303|02|2020|2|12684|27|CLORIDRATO DE TIAMINA ACESYL 100 MGML IVIM 1 ML|AMP
2360962|310966|303|02|2020|2|12581|2|BORTEZOMIBE 35 MG|FR
2360963|310966|303|02|2020|2|2213|21|SU1FATO DE CONDROITINA 12G SULFATO DE GLICOSAMINA 15G|SAC
2360964|310966|303|02|2020|2|12240|8|DISSULFIRAM 250 MG ANTIETANOL|CMP
2360965|310966|303|02|2020|2|12248|22|SUPLEMENTO DE NUTRIENTES MAXIMUS|CMP
2361102|310981|303|02|2020|2|12939|4|KIT ESCOLAR FUNDAMENTAL 2º 3º 4º E 5º ANO|KIT
2361099|310980|303|02|2020|2|11995|1|PAPEL APERGAMINHADO FORMATO A4 210X297 MM 75 GM²3G COR BRANCO ALVURA MINIMA 97% ALCALINO FIBRA LONGITUDINAL CORTE ROTATIVO CONFORMIDADE COM AS NORMAS ISSO 970611108 REQUISITOS DE PERMANENCIA E DURABILIDADE ISSO 10716 RESERVA DE ALCALI E ISSO 6558 DETERMINACAO DE PH APLICACAO EM IMPRESSORAS LASER E COPIADORAS DE ALTA VELOCIDADE MINIMO 20 PÁGINASMINUTO PACOTE COM 500 FOLHAS SELO DE QUALIDADE CEFLOR E INMETRO|PCT
2361100|310981|303|02|2020|2|12943|8|KIT BAIXA VISAO|KIT
2361101|310981|303|02|2020|2|12936|1|KIT ESCOLAR QESE INFATIL MATERNAL III|KIT
2361103|310981|303|02|2020|2|12938|3|KIT ESCOLAR QESE FUNDAMENTAL 1º ANO|KIT
2361104|310981|303|02|2020|2|12940|5|KIT ORDINÁRIO INFATIL 1º E 2º PERIODO|KIT
2361105|310981|303|02|2020|2|12941|6|KIT ORDINÁRIO FUNDAMENTAL 2º 3º 4º E 5º ANO|KIT
2361106|310981|303|02|2020|2|12942|7|KIT ORDINÁRIO EJA|KIT
2361107|310981|303|02|2020|2|12937|2|KIT ESCOLAR QESE INFATIL 1º E 2º PERÍODO|KIT
2361108|310982|303|02|2020|2|12818|2|RESERVATÓRIO DE INSULINA PARADIGM 30ML CAIXA 10 UNIDADES|CX
2361109|310982|303|02|2020|2|12820|3|SENSOR GLICOSE CAIXA COM 5 UNIDADES|CX
2361110|310982|303|02|2020|2|12816|1|CATETER QUICKSET 9MM CÂNULA 60CM TUBO CX COM 10 UNID|CX
2361111|310983|303|02|2020|2|10725|1|FORNECIMENTO DE PASSAGENS AÉREAS NACIONAIS ATRAVÉS DE RESERVA MARCACAO REMARCACAO ENDOSSO E CANCELAMENTO POR UM PERÍODO DE 120 MESES|UND
2361112|310983|303|02|2020|2|10726|2|TAXA DE ADMINISTRACAO|UND
2361113|310983|303|02|2020|2|10738|3|RESERVA DE HOTÉIS PARA HOSPEDAGEM COM ALIMENTACAO INCLUÍDA NA DIÁRIA MARCACAO REMARCACAO E CANCELAMENTO DE HOSPEDAGEM TRANSLADO E SEGURO DE VIAGNS OUTROS SERVICOS CORRELATOS|UND
2361114|310984|303|02|2020|2|8367|1|LOSARTANA POTÁSSICA 50 MG COMPRIMIDO REVESTIDO|CMP
2514974|344993|303|02|2020|8|12573|1|ILUMINACAO TIPO 348 LÂMPADAS PAR 64 COM LÂMPADA F# 2 E 518 PARLED4 MINI BRUTES1 STROBO 3000 W1 MÁQUINA DE FUMACA COM VENTILADOR1 MESA DE LUZ DIGITAL DE 24 CANAIS DMX|DIÁ
2514971|344990|303|02|2020|8|4441|1|PUBLICACOES DE EXTRATOS DE EDITAIS E ATOS DO GOVERNO MUNICIPAL|SRV
2514972|344991|303|02|2020|8|6735|1|CESTA BÁSICA CONTENDO 5KG DE ARROZ TIPO1 5KG DE ACÚCAR CRISTAL 1KG DE FARINHA DE MANDIOCA TORRADA 1KG DE FUBÁ 1KG DE FEIJAO SAFRA NOVA 1KG DE MACARRAO PARAFUSO COM OVOS 1KG DE CANJIQUINHA 1KG DE TEMPERO ALHO E SAL 1 LATA DE EXTRATO DE TOMATE|UND
2514973|344992|303|02|2020|8|12419|1|LANCETA AUTOMÁTICA DESCARTÁVEL PARA PUNCAO DIGITAL|UND
2514975|344994|303|02|2020|8|11536|1|PRESTACAO DE SERVICO DE GERENCIAMENTO DE FROTAS POR MEIO DE SISTEMA ELETRÔNICO COM CARTAO MAGNÉTICO DISPONÍVEL EM TODO ESTADO DE MINAS GERAIS PARA A FROTA DOS VEÍCULOS PERTENCENTES À PREFEITURA MUNCIPAL DE CAETÉ|UND
2514976|344995|303|02|2020|8|13239|2|PRESTACAO DE SERVICOS DE SUBSTITUICAO DE LUMINÁRIAS 100W INCLUINDO TODOS OS CUSTOS E ENCARGOS ESPECIFICACAO LUMINÁRIA PARA ILUMINACAO PÚBLICA DE LED POTÊNCIA 100W MÁXIMA FLUXO LUMINOSO MÍNIMO 13000 TOLERÂNCIA DE 5% LÚMENS EFICIÊNCIA LUMINOSA MÍNIMA DE 110 LÚMENW TOLERÂNCIA 5% NOMINAL LED COM AS TECNOLOGIAS HIGTH POWER E OU MID POWER NAO COB VIDA MEDIANA 50000H MÍNIMO TEMPERATURA COR 4000K A 5000K NOMINAL IRC 70 MÍNIMO ALIMENTACAO 220V240V 60HZ FP 092 MÍNIMO FABRICADO EM ALUMÍNIO INJETADO A ALTA PRESSAO CORRETA DISSIPACAO DO CALOR ATRAVÉS DO PROCESSO DE CONDUCAO TÉRMICA COM FECHAMENTO COM REFRATOR EM VIDRO TEMPERADO TOIMADA EMBUTIDA PRELÉ 3CONTATOS ALIME|UND
2514977|344995|303|02|2020|8|13238|1|PRESTACAO DE SERVICOS DE SUBSTITUICAO DE LUMINÁRIAS 60W INCLUINDO TODOS OS CUSTOS E ENCARGOS ESPECIFICACAO LUMINÁRIA PARA ILUMINACAO PÚBLICA DE LED POTÊNCIA 60W MÁXIMA FLUXO LUMINOSO MÍNIMO 7800 TOLERÂNCIA DE 5% LÚMENS EFICIÊNCIA LUMINOSA MÍNIMA DE 110 LÚMENW TOLERÂNCIA 5% NOMINAL LED COM AS TECNOLOGIAS HIGTH POWER E OU MID POWER NAO COB VIDA MEDIANA 50000H MÍNIMO TEMPERATURA COR 4000K A 5000K NOMINAL IRC 70 MÍNIMO ALIMENTACAO 220V240V 60HZ FP 092 MÍNIMO FABRICADO EM ALUMÍNIO INJETADO A ALTA PRESSAO CORRETA DISSIPACAO DO CALOR ATRAVÉS DO PROCESSO DE CONDUCAO TÉRMICA COM FECHAMENTO COM REFRATOR EM VIDRO TEMPERADO TOIMADA EMBUTIDA PRELÉ 3 CONTATOS ALIMENTA|UND
2514978|344996|303|02|2020|8|8507|45|PROPRANOLOL CLORIDRATO 40 MG COMPRIMIDO|CMP
2514979|344996|303|02|2020|8|8356|2|LEVOTIROXINA SÓDICA 25 MCG COMPRIMIDO|CMP
2514980|344996|303|02|2020|8|8498|34|HALOPERIDOL 5 MG COMPRIMIDO|CMP
2514981|344996|303|02|2020|8|8359|33|CEFALEXINA 500 MG COMPRIMIDO|CMP
2514982|344996|303|02|2020|8|8386|53|LEVODOPABENSERAZIDA 20050 MGMG COMPRIMIDO|CMP
2514983|344996|303|02|2020|8|10346|46|ESPIRONOLACTONA 25 MG COMPRIMIDO|CMP
2514984|344996|303|02|2020|8|4720|1|ÁCIDO ACETILSALICÍLICO 100 MG|CMP
2514985|344996|303|02|2020|8|10341|36|ISOSSORBIDA MONONITRATO 20 MG COMPRIMIDO|CMP
2514986|344996|303|02|2020|8|8499|25|DIAZEPAM 10 MG COMPRIMIDO|CMP
2514987|344996|303|02|2020|8|8367|43|LOSARTANA POTÁSSICA 50 MG COMPRIMIDO REVESTIDO|CMP
2514988|344996|303|02|2020|8|8355|47|FENOBARBITAL SÓDICO 100 MG COMPRIMIDO|CMP
2514989|344996|303|02|2020|8|8379|11|FUROSEMIDA 40 MG COMPRIMIDO|CMP
2514990|344996|303|02|2020|8|7564|32|VALPROATO DE SÓDIO 250MG|CAP
2514991|344996|303|02|2020|8|9134|16|ENALAPRIL MALEATO 10 MG COMPRIMIDO|CMP
2514997|344996|303|02|2020|8|8369|40|DIPIRONA SÓDICA 500 MG COMPRIMIDO|CMP
2514992|344996|303|02|2020|8|8502|6|CLONAZEPAM 25 MGML SOLUCAO ORAL|UND
2514993|344996|303|02|2020|8|8655|14|CARDEVILOL 125 MG COMPRIMIDO|CMP
2514994|344996|303|02|2020|8|8370|50|METRONIDAZOL 250 MG COMPRIMIDO|CMP
2514995|344996|303|02|2020|8|10349|42|PREDNISONA 5 MG COMPRIMIDO|CMP
2514996|344996|303|02|2020|8|4724|21|CAPTOPRIL 25 MG|CMP
2514998|344996|303|02|2020|8|9137|49|SINVASTATINA 40 MG COMPRIMIDO|CMP
2514999|344996|303|02|2020|8|12169|51|HIDRALAZINA CLORIDRATO 25 MG COMPRIMIDO|CMP
2515000|344996|303|02|2020|8|13260|10|ÁCIDO FÓLICO VITAMINA B9 5 MG COMPRIMIDO|CMP
2515001|344996|303|02|2020|8|8378|4|ANLODIPINO BESILATO 5 MG COMPRIMIDO|CMP
2515002|344996|303|02|2020|8|11876|8|METOPROLOL SUCCINATO 50 MG COMPRIMIDO REVESTIDO DE LIBERACAO CONTROLADA|CMP
2515003|344996|303|02|2020|8|13057|19|LEVOTIROXINA SODICA 50 MCG|CMP
2515004|344996|303|02|2020|8|8350|55|VARFARINA SÓDICA 5 MG COMPRIMIDO|CMP
2515005|344996|303|02|2020|8|7557|31|ATENOLOL 50MG|CMP
2515006|344996|303|02|2020|8|11984|27|SULFADIAZINA DE PRATA 10 MGG CREME|UND
2515007|344996|303|02|2020|8|8497|44|FLUOXETINA CLORIDRATO 20 MG CÁSPULA|CAP
2515008|344996|303|02|2020|8|10351|37|DIGOXINA 025 MG COMPRIMIDO|CMP
2515009|344996|303|02|2020|8|8504|26|GLICLAZIDA 30 MG COMPRIMIDO DE LIBERAÇÃO PROLONGADA|UND
2515010|344996|303|02|2020|8|13259|9|ACICLOVIR SÓDICO 200 MG COMPRIMIDO|CMP
2515011|344996|303|02|2020|8|8509|7|ALOPURINOL 100 MG COMPRIMIDO|CMP
2515012|344996|303|02|2020|8|12173|28|AMOXICILINA CLAVULANATO DE POTASSIO 500125 MGCOMPRIMIDO|CMP
2515013|344996|303|02|2020|8|13258|20|AZITROMICINA 500 MG COMPRIMIDIO REVESTIDO|CMP
2515014|344996|303|02|2020|8|8387|52|LEVODOPABENSERAZIDA 10025 MGMG COMPRIMIDO|CMP
2515015|344996|303|02|2020|8|8365|48|METFORMINA CLORIDRATO 850 MG COMPRIMIDO|CMP
2515016|344996|303|02|2020|8|8385|24|ENALAPRIL MALEATO 20 MG COMPRIMIDO|CMP
2515017|344996|303|02|2020|8|8384|12|AMITRIPTILINA CLORIDRATO 25 MG COMPRIMIDO|CMP
2515018|344996|303|02|2020|8|8360|22|CARDEVILOL 3125 MG COMPRIMIDO|CMP
2515019|344996|303|02|2020|8|8508|13|ALOPURINOL 300 MG COMPRIMIDO|CMP
2515020|344996|303|02|2020|8|8357|54|LEVOTIROXINA SÓDICA 100 MCG COMPRIMIDO|CMP
2515021|344996|303|02|2020|8|8374|23|BENZILPENICILINA BENZATINA 1200000 UI PÓ PARA SUSPENSAO INJETÁVEL VIA INTRAMUSCULAR|FR
2515022|344996|303|02|2020|8|12404|29|AMOXICILINA 500 MG CAPSULA GELATINOSA DURA|CAP
2515023|344996|303|02|2020|8|9126|15|SINVASTATINA 10 MG COMPRIMIDO|CMP
2515024|344996|303|02|2020|8|8358|3|ALENDRONATO SÓDIO 70 MG COMPRIMIDO|CMP
2515025|344996|303|02|2020|8|9404|35|PREDNISONA 20 MG COMPRIMIDO|CMP
2515026|344996|303|02|2020|8|10340|41|CEFALEXINA 50 MGML PÓ PARA SUSPENSAO ORAL|FR
2515027|344996|303|02|2020|8|7781|38|GLIBENCLAMIDA 5MG|UND
2515028|344996|303|02|2020|8|8382|5|BIPERIDENO CLORIDRATO 2 MG COMPRIMIDO|CMP
2515029|344996|303|02|2020|8|6883|30|CARBAMAZEPINA 200 MG|CMP
2515030|344996|303|02|2020|8|8361|39|CLOMIPRAMINA CLORIDRATO 25 MG COMPRIMIDO|CMP
2515031|344996|303|02|2020|8|10525|18|AMOXICILINA CLAVULANATO DE POTASSIO 50125 MGML PÓ PARA SUSPENSAO ORAL|UND
2515032|344996|303|02|2020|8|10338|17|CLORPROMAZINA CLORIDRATO 40 MGML SOLUCAO ORAL|FR
2515033|344997|303|02|2020|8|4277|4|ALFACE CRESPA FOLHAS INTACTAS E FIRMES FRESCAS SEM FERIMENTOS OU DEFEITOS COLORACAO E TAMANHO UNIFORMES TÍPICOS DA VARIEDADE|UND
2515034|344997|303|02|2020|8|4277|4|ALFACE CRESPA FOLHAS INTACTAS E FIRMES FRESCAS SEM FERIMENTOS OU DEFEITOS COLORACAO E TAMANHO UNIFORMES TÍPICOS DA VARIEDADE|UND
2515035|344997|303|02|2020|8|4277|4|ALFACE CRESPA FOLHAS INTACTAS E FIRMES FRESCAS SEM FERIMENTOS OU DEFEITOS COLORACAO E TAMANHO UNIFORMES TÍPICOS DA VARIEDADE|UND
2515036|344997|303|02|2020|8|12545|20|BOLINHO DE LARANJA ÍNTEGRO CONTENDO 50 GRS PRODUZIDO DE FORMA ARTESANAL E QUE UTILIZAM INSUMOS NATURAIS SEM CONSERVSANTES CORANTES OU ADITIVOS UTILIZADOS NOS PRODUTOS INDUSTRIALIZADOS LIVRE DE SUJIDADES OU QUAISQUER OUTROS TIPOS DE CONTAMINANTES COMO FUNGOS E BOLORES APRESENTANDO GARANTIA DE HIGIENE E CONSISTÊNCIA ADEQUADA A EMBALAGEM DEVE SER DE PLÁSTICO TRANSPARENTE LACRADO COM A DATA DE FABRICACAO PRAZO DE VALIDADE MÍNIMA DE 03 DIAS E INGREDIENTES DESCRITOS AS ESPECIFICACOES DE QUALIDADE DO PRODUTO DEVEM SEGUIR A LEGISLACAO DA VIGILÂNCIA SANITÁRIA E RECOMENDACOES DO MINISTÉRIO DA AGRICULTURA A EMBALAGEM DEVE CONTER A DATA DE FABRICACAO E DE VALIDADE E SELO DO SIM ENTREGUES DE|KG
2515037|344997|303|02|2020|8|12545|20|BOLINHO DE LARANJA ÍNTEGRO CONTENDO 50 GRS PRODUZIDO DE FORMA ARTESANAL E QUE UTILIZAM INSUMOS NATURAIS SEM CONSERVSANTES CORANTES OU ADITIVOS UTILIZADOS NOS PRODUTOS INDUSTRIALIZADOS LIVRE DE SUJIDADES OU QUAISQUER OUTROS TIPOS DE CONTAMINANTES COMO FUNGOS E BOLORES APRESENTANDO GARANTIA DE HIGIENE E CONSISTÊNCIA ADEQUADA A EMBALAGEM DEVE SER DE PLÁSTICO TRANSPARENTE LACRADO COM A DATA DE FABRICACAO PRAZO DE VALIDADE MÍNIMA DE 03 DIAS E INGREDIENTES DESCRITOS AS ESPECIFICACOES DE QUALIDADE DO PRODUTO DEVEM SEGUIR A LEGISLACAO DA VIGILÂNCIA SANITÁRIA E RECOMENDACOES DO MINISTÉRIO DA AGRICULTURA A EMBALAGEM DEVE CONTER A DATA DE FABRICACAO E DE VALIDADE E SELO DO SIM ENTREGUES DE|KG
2515041|344997|303|02|2020|8|5180|16|QUIABO SEM FERIMENTOS OU DEFEITOS COLORACAO E TAMANHO UNIFORMES TÍPICOS DA VARIEDADE|UND
2515038|344997|303|02|2020|8|12545|20|BOLINHO DE LARANJA ÍNTEGRO CONTENDO 50 GRS PRODUZIDO DE FORMA ARTESANAL E QUE UTILIZAM INSUMOS NATURAIS SEM CONSERVSANTES CORANTES OU ADITIVOS UTILIZADOS NOS PRODUTOS INDUSTRIALIZADOS LIVRE DE SUJIDADES OU QUAISQUER OUTROS TIPOS DE CONTAMINANTES COMO FUNGOS E BOLORES APRESENTANDO GARANTIA DE HIGIENE E CONSISTÊNCIA ADEQUADA A EMBALAGEM DEVE SER DE PLÁSTICO TRANSPARENTE LACRADO COM A DATA DE FABRICACAO PRAZO DE VALIDADE MÍNIMA DE 03 DIAS E INGREDIENTES DESCRITOS AS ESPECIFICACOES DE QUALIDADE DO PRODUTO DEVEM SEGUIR A LEGISLACAO DA VIGILÂNCIA SANITÁRIA E RECOMENDACOES DO MINISTÉRIO DA AGRICULTURA A EMBALAGEM DEVE CONTER A DATA DE FABRICACAO E DE VALIDADE E SELO DO SIM ENTREGUES DE|KG
2515039|344997|303|02|2020|8|12550|29|FRUTAS EM PEDACOS CONGELADAS E EMBALADAS ABACAXI MANGA E GOIABA EMBALADAS INDIVIDUALMENTE EM PLÁSTICO COM RÓTULO CONTENDO INFORMACOES NUTRICIONAIS DATA DE VALIDADE E O SELO DO SIM EMBALAGEM DE 01 KG|KG
2515040|344997|303|02|2020|8|5180|16|QUIABO SEM FERIMENTOS OU DEFEITOS COLORACAO E TAMANHO UNIFORMES TÍPICOS DA VARIEDADE|UND
2515042|344997|303|02|2020|8|5180|16|QUIABO SEM FERIMENTOS OU DEFEITOS COLORACAO E TAMANHO UNIFORMES TÍPICOS DA VARIEDADE|UND
2515043|344997|303|02|2020|8|10736|27|FEIJAO CORES CARIOCA TIPO 1 GRAOS SADIOS ISENTOS DE GRAOS ARDIDOS MOFOS INSETOS IMPUREZAS EMBALADO EM SACOS PLÁASTICOS TRANSPARENTES RESISTENTES CONTENDO 1 KG VALIDAE MÍNIMA DE 6 MESES|KG
2515044|344997|303|02|2020|8|10736|27|FEIJAO CORES CARIOCA TIPO 1 GRAOS SADIOS ISENTOS DE GRAOS ARDIDOS MOFOS INSETOS IMPUREZAS EMBALADO EM SACOS PLÁASTICOS TRANSPARENTES RESISTENTES CONTENDO 1 KG VALIDAE MÍNIMA DE 6 MESES|KG
2515045|344997|303|02|2020|8|1424|13|ESPINAFRE FOLHAS INTACTAS E FIRMES FRESCAS SEM FERIMENTOS OU DEFEITOS COLORACAO E TAMANHO UNIFORMES TÍPICOS DA VARIEDADE|MOL
2515046|344997|303|02|2020|8|1424|13|ESPINAFRE FOLHAS INTACTAS E FIRMES FRESCAS SEM FERIMENTOS OU DEFEITOS COLORACAO E TAMANHO UNIFORMES TÍPICOS DA VARIEDADE|MOL
2515047|344997|303|02|2020|8|1424|13|ESPINAFRE FOLHAS INTACTAS E FIRMES FRESCAS SEM FERIMENTOS OU DEFEITOS COLORACAO E TAMANHO UNIFORMES TÍPICOS DA VARIEDADE|MOL
2515048|344997|303|02|2020|8|1427|15|MOSTARDA FOLHAS INTACTAS E FIRMES FRESCAS SEM FERIMENTOS OU DEFEITOS COLORACAO E TAMANHO UNIFORMES TÍPICOS DA VARIEDADE|MOL
2515049|344997|303|02|2020|8|1427|15|MOSTARDA FOLHAS INTACTAS E FIRMES FRESCAS SEM FERIMENTOS OU DEFEITOS COLORACAO E TAMANHO UNIFORMES TÍPICOS DA VARIEDADE|MOL
2515050|344997|303|02|2020|8|1427|15|MOSTARDA FOLHAS INTACTAS E FIRMES FRESCAS SEM FERIMENTOS OU DEFEITOS COLORACAO E TAMANHO UNIFORMES TÍPICOS DA VARIEDADE|MOL
2515051|344997|303|02|2020|8|4278|17|REPOLHO HÍBRIDO DE PRIMEIRA QUALIDADE VERDE TAMANHO MÉDIO INTEIRO CABECAS FECHADAS SEM FOLHAS EXTERNAS LIMPO SEM FERIMENTOS OU DEFEITOS SEM MANCHAS E COM COLORACAO UNIFORME|KG
2515052|344997|303|02|2020|8|4278|17|REPOLHO HÍBRIDO DE PRIMEIRA QUALIDADE VERDE TAMANHO MÉDIO INTEIRO CABECAS FECHADAS SEM FOLHAS EXTERNAS LIMPO SEM FERIMENTOS OU DEFEITOS SEM MANCHAS E COM COLORACAO UNIFORME|KG
2515053|344997|303|02|2020|8|4278|17|REPOLHO HÍBRIDO DE PRIMEIRA QUALIDADE VERDE TAMANHO MÉDIO INTEIRO CABECAS FECHADAS SEM FOLHAS EXTERNAS LIMPO SEM FERIMENTOS OU DEFEITOS SEM MANCHAS E COM COLORACAO UNIFORME|KG
2515054|344997|303|02|2020|8|12547|24|TARECO COM RAPADURA CONTENDO 30 GRAMAS INGREDIENTES POLVILHO DOCE RAPADURA FARINHA DE TRIGO FUBÁ MARGARINA OVOS BICABORNATO DE SÓDIO CANELA E SAL PRODUZIDO DE FORMA ARTESANAL E QUE UTILIZAM INSUMOS NATURAIS SEM CONSERVANTES CORANTES E OUTROS ADITIVOS UTILIZADOS NOS PRODUTOS INDUSTRIALIZADOS LIVRE DE SUJIDADES OU QUAISQUER OUTROS TIPOS DE CONTAMINANTES COMO FUNGOS E BOLORES APRESENTANDO GARANTIA DE HIGIENE E CONSISTÊNCIA ADEQUADA A EMBALAGEM DEVE SER DE PLÁSTICO TRANSPARENTE LACRADO COM A DATA DE FABRICACAO PRAZO DE VALIDADE MÍNIMA DE 03 DIAS E INGREDIENTES DESCRITOS AS ESPECIFICACOES DE QUALIDADE DO PRODUTO DEVEM SEGUIR A LEGISLACAO DA VIGILÂNCIA SANITÁRIA E RECOMENDACOES|KG
2515055|344997|303|02|2020|8|415|10|CEBOLINHA VERDE FRESCA COLORACAO E TAMANHO UNIFORMES TÍPICOS DA VARIEDADE|MOL
2515056|344997|303|02|2020|8|415|10|CEBOLINHA VERDE FRESCA COLORACAO E TAMANHO UNIFORMES TÍPICOS DA VARIEDADE|MOL
2515057|344997|303|02|2020|8|415|10|CEBOLINHA VERDE FRESCA COLORACAO E TAMANHO UNIFORMES TÍPICOS DA VARIEDADE|MOL
2515058|344997|303|02|2020|8|12120|7|BANANA NANICA DE PRIMEIRA QUALIDADE GRAÚDA EM PENCA FRUTOS COM 60 A 70% DE MATURACAO CLIMATIZADA COM CASCA UNIFORME NO GRAU MÁXIMA DE EVOLUCAO NO TAMANHO SEM FERIMENTOS OU DEFEITOS|KG
2515059|344997|303|02|2020|8|12120|7|BANANA NANICA DE PRIMEIRA QUALIDADE GRAÚDA EM PENCA FRUTOS COM 60 A 70% DE MATURACAO CLIMATIZADA COM CASCA UNIFORME NO GRAU MÁXIMA DE EVOLUCAO NO TAMANHO SEM FERIMENTOS OU DEFEITOS|KG
2515060|344997|303|02|2020|8|12120|7|BANANA NANICA DE PRIMEIRA QUALIDADE GRAÚDA EM PENCA FRUTOS COM 60 A 70% DE MATURACAO CLIMATIZADA COM CASCA UNIFORME NO GRAU MÁXIMA DE EVOLUCAO NO TAMANHO SEM FERIMENTOS OU DEFEITOS|KG
2515061|344997|303|02|2020|8|1429|19|SALSA FOLHAS INTACTAS E FIRMES FRESCAS SEM FERIMENTOS OU DEFEITOS COLORACAO E TAMANHO UNIFORMES TÍPICOS DA VARIEDADE|MOL
2515062|344997|303|02|2020|8|1429|19|SALSA FOLHAS INTACTAS E FIRMES FRESCAS SEM FERIMENTOS OU DEFEITOS COLORACAO E TAMANHO UNIFORMES TÍPICOS DA VARIEDADE|MOL
2515063|344997|303|02|2020|8|1429|19|SALSA FOLHAS INTACTAS E FIRMES FRESCAS SEM FERIMENTOS OU DEFEITOS COLORACAO E TAMANHO UNIFORMES TÍPICOS DA VARIEDADE|MOL
2515064|344997|303|02|2020|8|1423|12|COUVEFLOR COM TALOS FIRMES CABECA COMPACTA SEM MANCHAS ESCURAS OU SUJIDADES|UND
2515070|344997|303|02|2020|8|1421|9|BRÓCOLIS NINJA COLORACAO E TAMANHO UNIFORMES TÍPICOS DA VARIEDADE|UND
2515065|344997|303|02|2020|8|1423|12|COUVEFLOR COM TALOS FIRMES CABECA COMPACTA SEM MANCHAS ESCURAS OU SUJIDADES|UND
2515066|344997|303|02|2020|8|1423|12|COUVEFLOR COM TALOS FIRMES CABECA COMPACTA SEM MANCHAS ESCURAS OU SUJIDADES|UND
2515067|344997|303|02|2020|8|1417|2|AGRIAO FOLHAS INTACTAS E FIRMES FRESCAS SEM FERIMENTOS OU DEFEITOS COLORACAO E TAMANHO UNIFORMES TÍPICOS DA VARIEDADE|MOL
2515068|344997|303|02|2020|8|1417|2|AGRIAO FOLHAS INTACTAS E FIRMES FRESCAS SEM FERIMENTOS OU DEFEITOS COLORACAO E TAMANHO UNIFORMES TÍPICOS DA VARIEDADE|MOL
2515069|344997|303|02|2020|8|1417|2|AGRIAO FOLHAS INTACTAS E FIRMES FRESCAS SEM FERIMENTOS OU DEFEITOS COLORACAO E TAMANHO UNIFORMES TÍPICOS DA VARIEDADE|MOL
2515071|344997|303|02|2020|8|1421|9|BRÓCOLIS NINJA COLORACAO E TAMANHO UNIFORMES TÍPICOS DA VARIEDADE|UND
2515072|344997|303|02|2020|8|1421|9|BRÓCOLIS NINJA COLORACAO E TAMANHO UNIFORMES TÍPICOS DA VARIEDADE|UND
2515073|344997|303|02|2020|8|12549|28|DOCE DE BANANA EM TABLETES ACONDICIONADA DE MANEIRA APROPRIADA VALIDADE MÍNIMA DE 06 MESES CONTADOS A PARTIR DO RECEBIMENTO DA MERCADORIA O DOCE DEVERÁ SER ENTREGUE EM PEDACOS DE 30 GRAMAS|KG
2515074|344997|303|02|2020|8|11721|22|PAO DE ABÓBORA CONTENDO 50 GRS PRODUZIDO DE FORMA ARTESANAL E QUE UTILIZEM INSUMOS NATURAIS SAEM CONSERVANTES SEM CORANTES E OUTROS ADITIVOS UTILIZADOS NOS PRODUTOS INDUSTRIALIZADOS LIVRE DE SUJIDADES OU QUAISQUER OUTROS TIPOS DE CONTAMINANTES CO|KG
2515075|344997|303|02|2020|8|11721|22|PAO DE ABÓBORA CONTENDO 50 GRS PRODUZIDO DE FORMA ARTESANAL E QUE UTILIZEM INSUMOS NATURAIS SAEM CONSERVANTES SEM CORANTES E OUTROS ADITIVOS UTILIZADOS NOS PRODUTOS INDUSTRIALIZADOS LIVRE DE SUJIDADES OU QUAISQUER OUTROS TIPOS DE CONTAMINANTES CO|KG
2515076|344997|303|02|2020|8|11721|22|PAO DE ABÓBORA CONTENDO 50 GRS PRODUZIDO DE FORMA ARTESANAL E QUE UTILIZEM INSUMOS NATURAIS SAEM CONSERVANTES SEM CORANTES E OUTROS ADITIVOS UTILIZADOS NOS PRODUTOS INDUSTRIALIZADOS LIVRE DE SUJIDADES OU QUAISQUER OUTROS TIPOS DE CONTAMINANTES CO|KG
2515077|344997|303|02|2020|8|12121|14|MANDIOCA DE PRIMEIRA RAÍZES GRANDES NO GRAU NOEMAL DE EVOLUCAO NO TAMANHO SABOR E COR PRÓPRIAS DA ESPÉCIE UNIFORMES FRESCAS E COM CASCA INTEIRA SEM FERIMENTOS OU DEFEITORS NAO FIBROSA LIVRE DE TERRA E CORPOS ESTRANHOS|KG
2515078|344997|303|02|2020|8|12121|14|MANDIOCA DE PRIMEIRA RAÍZES GRANDES NO GRAU NOEMAL DE EVOLUCAO NO TAMANHO SABOR E COR PRÓPRIAS DA ESPÉCIE UNIFORMES FRESCAS E COM CASCA INTEIRA SEM FERIMENTOS OU DEFEITORS NAO FIBROSA LIVRE DE TERRA E CORPOS ESTRANHOS|KG
2515079|344997|303|02|2020|8|12121|14|MANDIOCA DE PRIMEIRA RAÍZES GRANDES NO GRAU NOEMAL DE EVOLUCAO NO TAMANHO SABOR E COR PRÓPRIAS DA ESPÉCIE UNIFORMES FRESCAS E COM CASCA INTEIRA SEM FERIMENTOS OU DEFEITORS NAO FIBROSA LIVRE DE TERRA E CORPOS ESTRANHOS|KG
2515080|344997|303|02|2020|8|11723|26|COLORAU COLORAU URUCUM PÓ FINO HOMOGÊNEO BAIXO TEOR DE FUBÁ COLORACAO VERMELHO INTENSO ISENTO DE SUJIDADES E MOFO EMBALAGEM PLÁSTICA ATÓXICA TRANSPARENTE NAO VIOLADA COM 500GR COM IDENTIFICACAO DO PRODUTO MARCA DO FABRICANTE E PESO LÍQU|KG
2515081|344997|303|02|2020|8|11723|26|COLORAU COLORAU URUCUM PÓ FINO HOMOGÊNEO BAIXO TEOR DE FUBÁ COLORACAO VERMELHO INTENSO ISENTO DE SUJIDADES E MOFO EMBALAGEM PLÁSTICA ATÓXICA TRANSPARENTE NAO VIOLADA COM 500GR COM IDENTIFICACAO DO PRODUTO MARCA DO FABRICANTE E PESO LÍQU|KG
2515082|344997|303|02|2020|8|10729|5|ALFACE LISA FOLHAS INTACTAS E FIRMES FRESCAS SEM FERIMENTOS OU DEFEITOS COLORACAO E TAMANHO UNIFORMES TÍPICOS DA VARIEDADE|UND
2515083|344997|303|02|2020|8|10729|5|ALFACE LISA FOLHAS INTACTAS E FIRMES FRESCAS SEM FERIMENTOS OU DEFEITOS COLORACAO E TAMANHO UNIFORMES TÍPICOS DA VARIEDADE|UND
2515084|344997|303|02|2020|8|10729|5|ALFACE LISA FOLHAS INTACTAS E FIRMES FRESCAS SEM FERIMENTOS OU DEFEITOS COLORACAO E TAMANHO UNIFORMES TÍPICOS DA VARIEDADE|UND
2515085|344997|303|02|2020|8|1428|18|RÚCULA FOLHAS INTACTAS E FIRMES FRESCAS SEM FERIMENTOS OU DEFEITOS COLORACAO E TAMANHO UNIFORMES TÍPICOS DA VARIEDADE|MOL
2515086|344997|303|02|2020|8|1428|18|RÚCULA FOLHAS INTACTAS E FIRMES FRESCAS SEM FERIMENTOS OU DEFEITOS COLORACAO E TAMANHO UNIFORMES TÍPICOS DA VARIEDADE|MOL
2515087|344997|303|02|2020|8|1428|18|RÚCULA FOLHAS INTACTAS E FIRMES FRESCAS SEM FERIMENTOS OU DEFEITOS COLORACAO E TAMANHO UNIFORMES TÍPICOS DA VARIEDADE|MOL
2515088|344997|303|02|2020|8|10731|8|BANANA PRATA DE PRIMEIRA QUALIDADE GRAÚDA EM PENCA FRUTOS COM 60 A 70% DE MATURACAO CLIMATIZADA COM CASCA UNIFORME NO GRAU MÁXIMA DE EVOLUCAO NO TAMANHO SEM FERIMENTOS OU DEFEITOS|KG
2515089|344997|303|02|2020|8|10731|8|BANANA PRATA DE PRIMEIRA QUALIDADE GRAÚDA EM PENCA FRUTOS COM 60 A 70% DE MATURACAO CLIMATIZADA COM CASCA UNIFORME NO GRAU MÁXIMA DE EVOLUCAO NO TAMANHO SEM FERIMENTOS OU DEFEITOS|KG
2515090|344997|303|02|2020|8|10364|23|PAO DE BATATA CONTENDO 50 GRS PRODUZIDO DE FORMA ARTESANAL QUE UTILIZAM INSUMOS NATURAIS SEM CONSERVANTES CORANTES E OUTROS ADITIVOS UTILIZADOS NOS PRODUTOS INDUSTRIALIZADOS LIVRE DE SUJIDADES OU QUAISQUER OUTROS TIPOS DE CONTAMINANTES COMO FUNG|KG
2515091|344997|303|02|2020|8|10364|23|PAO DE BATATA CONTENDO 50 GRS PRODUZIDO DE FORMA ARTESANAL QUE UTILIZAM INSUMOS NATURAIS SEM CONSERVANTES CORANTES E OUTROS ADITIVOS UTILIZADOS NOS PRODUTOS INDUSTRIALIZADOS LIVRE DE SUJIDADES OU QUAISQUER OUTROS TIPOS DE CONTAMINANTES COMO FUNG|KG
2515097|344997|303|02|2020|8|418|11|COUVE FOLHAS INTACTAS E FIRMES FRESCAS SEM FERIMENTOS OU DEFEITOS COLORACAO E TAMANHO UNIFORMES TÍPICOS DA VARIEDADE|MOL
2515092|344997|303|02|2020|8|10364|23|PAO DE BATATA CONTENDO 50 GRS PRODUZIDO DE FORMA ARTESANAL QUE UTILIZAM INSUMOS NATURAIS SEM CONSERVANTES CORANTES E OUTROS ADITIVOS UTILIZADOS NOS PRODUTOS INDUSTRIALIZADOS LIVRE DE SUJIDADES OU QUAISQUER OUTROS TIPOS DE CONTAMINANTES COMO FUNG|KG
2515093|344997|303|02|2020|8|1418|3|ALFACE AMERICANA FOLHAS INTACTAS E FIRMES FRESCAS SEM FERIMENTOS OU DEFEITOS COLORACAO E TAMANHO UNIFORMES TÍPICOS DA VARIEDADE|UND
2515094|344997|303|02|2020|8|1418|3|ALFACE AMERICANA FOLHAS INTACTAS E FIRMES FRESCAS SEM FERIMENTOS OU DEFEITOS COLORACAO E TAMANHO UNIFORMES TÍPICOS DA VARIEDADE|UND
2515095|344997|303|02|2020|8|1418|3|ALFACE AMERICANA FOLHAS INTACTAS E FIRMES FRESCAS SEM FERIMENTOS OU DEFEITOS COLORACAO E TAMANHO UNIFORMES TÍPICOS DA VARIEDADE|UND
2515096|344997|303|02|2020|8|418|11|COUVE FOLHAS INTACTAS E FIRMES FRESCAS SEM FERIMENTOS OU DEFEITOS COLORACAO E TAMANHO UNIFORMES TÍPICOS DA VARIEDADE|MOL
2515098|344997|303|02|2020|8|418|11|COUVE FOLHAS INTACTAS E FIRMES FRESCAS SEM FERIMENTOS OU DEFEITOS COLORACAO E TAMANHO UNIFORMES TÍPICOS DA VARIEDADE|MOL
2515099|344997|303|02|2020|8|12548|25|BISCOITO COM RAPADURA CONTENDO 30 GRAMAS INGREDIENTES POLVILHO DOCE RAPADURA AMIDO DE MILHO FUBÁ ÓLEO OVOS BICABORNATO DE SÓDIO FERMENTO QUÍMICO EM PÓ COCO E SAL PRODUZIDO DE FORMA ARTESANAL E QUE UTILIZAM INSUMOS NATURAIS SEM CONSERVANTES CORANTES E OUTROS ADITIVOS UTILIZADOS NOS PRODUTOS INDUSTRIALIZADOS LIVRE DE SUJIDADES OU QUAISUER OUTROS TIPOS DE CONTAMINANTES COMO FUNGOS E BOLORES APRESENTANDO GARANTIA DE HIGIENE E CONSISTÊNCIA ADEQUADA A EMBALAGEM DEVE SER DE PLÁSTICO TRANSPARENTE LACRADO COM A DATA DE FABRICACAO PRAZO DE VALIDADE MÍNIMA DE 03 DIAS E INGREDIENTES DESCRITOS AS ESPECIFICACOES DE QUALIDADE DO PRODUTO DEVEM SEGUIR A LEGISLACAO DA VIGILÂNCIA SANITÁRIA|KG
2515103|344997|303|02|2020|8|1416|1|ACELGA FOLHAS INTACTAS E FIRMES FRESCAS SEM FERIMENTOS OU DEFEITOS COLORACAO E TAMANHO UNIFORMES TÍPICOS DE VARIEDADE|UND
2515100|344997|303|02|2020|8|12546|21|BISCOITO DE POLVILHO KG BISCOITO DE POLVILHO SALGADO LEVE E CROCANTE PRODUZIDO A PARTIR DO POLVILHO INGREDIENTES POLVILHO AZEDO LEITE ÁGUA ÓLEO OVOS E SAL VALIDADE DEVERÁ SER INFERIOR A 30 DIAS EMBALAGEM PRIMÁRIA PACOTES DE POLIPROPILENO ATÓXICO RESISTENTE HERMETICAMENTE FECHADO COM PESO DE 500 GR DEVE ATENDER A LEGISLACAO VIGENTE DE ALIMENTOS ESTABELECIDA PELA ANVISA AS ENTREGAS DEVERAO SER REALIZADAS DE ACORDO COM O CRONOGRAMA ESTABELECIDO PELA SECRETARIA MUNICIPAL DE EDUCACAO DEPARTAMENTO DE ALIMENTACAO ESCOLAR APRESENTAR AMOSTRA|KG
2515101|344997|303|02|2020|8|12546|21|BISCOITO DE POLVILHO KG BISCOITO DE POLVILHO SALGADO LEVE E CROCANTE PRODUZIDO A PARTIR DO POLVILHO INGREDIENTES POLVILHO AZEDO LEITE ÁGUA ÓLEO OVOS E SAL VALIDADE DEVERÁ SER INFERIOR A 30 DIAS EMBALAGEM PRIMÁRIA PACOTES DE POLIPROPILENO ATÓXICO RESISTENTE HERMETICAMENTE FECHADO COM PESO DE 500 GR DEVE ATENDER A LEGISLACAO VIGENTE DE ALIMENTOS ESTABELECIDA PELA ANVISA AS ENTREGAS DEVERAO SER REALIZADAS DE ACORDO COM O CRONOGRAMA ESTABELECIDO PELA SECRETARIA MUNICIPAL DE EDUCACAO DEPARTAMENTO DE ALIMENTACAO ESCOLAR APRESENTAR AMOSTRA|KG
2515102|344997|303|02|2020|8|1416|1|ACELGA FOLHAS INTACTAS E FIRMES FRESCAS SEM FERIMENTOS OU DEFEITOS COLORACAO E TAMANHO UNIFORMES TÍPICOS DE VARIEDADE|UND
2515104|344997|303|02|2020|8|1416|1|ACELGA FOLHAS INTACTAS E FIRMES FRESCAS SEM FERIMENTOS OU DEFEITOS COLORACAO E TAMANHO UNIFORMES TÍPICOS DE VARIEDADE|UND
2515105|344997|303|02|2020|8|1420|6|ALMEIRAO FOLHAS INTACTASM E FIRMES FRESCAS SEM FERIMENTOS OU DEFEITOS COLORACAO E TAMANHO UNIFORMES TÍPICOS DA VARIEDADE|MOL
2515106|344997|303|02|2020|8|1420|6|ALMEIRAO FOLHAS INTACTASM E FIRMES FRESCAS SEM FERIMENTOS OU DEFEITOS COLORACAO E TAMANHO UNIFORMES TÍPICOS DA VARIEDADE|MOL
2515107|344997|303|02|2020|8|1420|6|ALMEIRAO FOLHAS INTACTASM E FIRMES FRESCAS SEM FERIMENTOS OU DEFEITOS COLORACAO E TAMANHO UNIFORMES TÍPICOS DA VARIEDADE|MOL
2515108|344998|303|02|2020|8|11995|1|PAPEL APERGAMINHADO FORMATO A4 210X297 MM 75 GM²3G COR BRANCO ALVURA MINIMA 97% ALCALINO FIBRA LONGITUDINAL CORTE ROTATIVO CONFORMIDADE COM AS NORMAS ISSO 970611108 REQUISITOS DE PERMANENCIA E DURABILIDADE ISSO 10716 RESERVA DE ALCALI E ISSO 6558 DETERMINACAO DE PH APLICACAO EM IMPRESSORAS LASER E COPIADORAS DE ALTA VELOCIDADE MINIMO 20 PÁGINASMINUTO PACOTE COM 500 FOLHAS SELO DE QUALIDADE CEFLOR E INMETRO|PCT
2515109|344999|303|02|2020|8|13255|1|ESTERILIZACAO CIRÚRGICA DE CAES E GATOS FORMALIZACAO DE PARCERIA ATRAVÉS DE TERMO DE COLABORACAO COM ORGANIZACAO DA SOCIEDADE CIVIL OSC EM REGIME DE MÚTUA COOPERACAO COM A ADMINISTRACAO PÚBLICA MUNICIPAL PARA EXECUCAO DE ATIVIDADES QUE ENVOLVEM CONTROLE POPULACIONAL DE CAES E GATOS POR MEIO DO PROCEDIMENTO DE ESTERILIZACAO CIRÚRGICA ATENDIMENTO CLÍNICO E EDUCACAO PARA GUARDA RESPONSÁVEL TENDO COMO PRIORIDADE OS ANIMAIS DE PESSOAS CARENTES E EM SITUACAO DE ABANDONO NA CIDADE E ZONA RURAL DE CAETÉ|SRV
2515110|345000|303|02|2020|8|11347|1|SHOW AO VIVO COM BANDA NO MÍNIMO COM 06 COMPONENTES VOCALISTA BATERISTA TECLADISTA GUITARRISTA BAIXISTA PERCUSSIONISTA OU OUTROS PARA APRESENTACAO MÍNIMA DE 03 HORAS DE DURACAO EXECUTANDO TODOS OS ESTILOS MUSICAIS|UND
2515111|345001|303|02|2020|8|10631|1|TIRAS REAGENTES PARA MEDICAO DE GLICEMIA|UND
2515112|345002|303|02|2020|9|13289|1|PAGAMENTO REFERENTE AO CONVÊNIO AJCO Nº 0102020 CELEBRADO ENTRE A EMATER E ESTE MUNICÍPIO|UND
2515113|345003|303|02|2020|9|13317|2|TOPIRAMATO 25 MG CAIXA COM 60 COMPRIMIDOS|CX
2515114|345003|303|02|2020|9|11253|1|MAXAPRAN 20 MG CAIXA COM 28 COMP|CX
2515115|345003|303|02|2020|9|13318|3|RIVAROXABANA 10MG CAICA COM 28 COMPRIMIDOS|CX
2515116|345004|303|02|2020|9|13288|1|KIT DE LIMPEZA E HIGIENE CONTENDO 1UM ÁLCOOL GEL 70% 1 UM CLORO EXTRA FORTE 2 DOIS DETERGENTES LIQUIDOS 01 UM PCT DE PAPEL HIGENICO CONTENDO 12 UNIDADES 01 UM SABONETE LÍQUIDO EM EMBALAGEM DE 500 ML 01 UM SABAO EM PÓ EM EMBALAGEM DE 400 G|KIT
2515117|345005|303|02|2020|9|545|1|GÁS GLP 13 KG|UND
2515118|345006|303|02|2020|9|13138|1|TESTE RÁPIDO COVID 19|UND
2515119|345007|303|02|2020|9|4631|1|CREDENCIAMENTO DE EMPRESAS PRESTADORAS DE SERVICOS DE SAÚDE ESPECIALIZADA PARA ATENDIMENTO AOS USUÁRIOS DO SUS DA REDE MUNICIPAL DE SAÚDE DO MUNICÍPIO POR UM PERÍODO DE DOZE MESES LOTE III CONSULTAS MÉDICAS ESPECIALIZADAS|UND
2515120|345008|303|02|2020|9|13283|13|ULTRASONOGRAFIA DE TRANSVAGINAL|SRV
2515121|345008|303|02|2020|9|13280|10|ULTRASONOGRAFIA OBSTRÉTICA COM DOPPLER|SRV
2515125|345008|303|02|2020|9|13284|14|ULTRASONOGRAFIA DE PRÓSTATA VIA TRANSRETAL|SRV
2515122|345008|303|02|2020|9|13269|1|ULTRASONOGRAFIA DE ABDOMEN SUPERIOR|SRV
2515123|345008|303|02|2020|9|13271|3|ULTRASONOGRAFIA DE APARELHO URINÁRIO|SRV
2515124|345008|303|02|2020|9|13282|12|ULTRASONOGRAFIA DE PÉLVICA GINECOLÓGICA|SRV
2515126|345008|303|02|2020|9|13270|2|ULTRASONOGRAFIA DE ABDOMEN TOTAL|SRV
2515127|345008|303|02|2020|9|13277|7|ULTRASONOGRAFIA DE OBSTRÉTICA COM DOPPLER COLORIDO E PULSADO|SRV
2515128|345008|303|02|2020|9|13276|6|ULTRASONOGRAFIA OBSTRÉTICA|SRV
2515129|345008|303|02|2020|9|13274|4|ULTRASONOGRAFIA DE PRÓSTATA POR VIA ABDOMINAL|SRV
2515130|345008|303|02|2020|9|13281|11|ULTRASONOGRAFIA OBSTÉTRICA COM DOPPLER TRANSVAGINAL|SRV
2515131|345008|303|02|2020|9|13285|15|ULTRASONOGRAFIA DE MAMA BILATERAL|SRV
2515135|345009|303|02|2020|9|4631|1|CREDENCIAMENTO DE EMPRESAS PRESTADORAS DE SERVICOS DE SAÚDE ESPECIALIZADA PARA ATENDIMENTO AOS USUÁRIOS DO SUS DA REDE MUNICIPAL DE SAÚDE DO MUNICÍPIO POR UM PERÍODO DE DOZE MESES LOTE III CONSULTAS MÉDICAS ESPECIALIZADAS|UND
2515132|345008|303|02|2020|9|13279|9|ULTRASONOGRAFIA OBSTRÉTICA MORFOLÓGICA GESTACAO MÚLTIPLA CADA FETO|SRV
2515133|345008|303|02|2020|9|13275|5|ULTRASONOGRAFIA DE TIREÓIDE|SRV
2515134|345008|303|02|2020|9|13278|8|ULTRASONOGRAFIA OBSTRÉTICA MORFOLÓGICA|SRV
2515136|345010|303|02|2020|9|4631|1|CREDENCIAMENTO DE EMPRESAS PRESTADORAS DE SERVICOS DE SAÚDE ESPECIALIZADA PARA ATENDIMENTO AOS USUÁRIOS DO SUS DA REDE MUNICIPAL DE SAÚDE DO MUNICÍPIO POR UM PERÍODO DE DOZE MESES LOTE III CONSULTAS MÉDICAS ESPECIALIZADAS|UND
2515137|345011|303|02|2020|9|13296|1|VEÍCULO TIPO AMBULÂNCIA TIPO A AMBULÂNCIA COM AR CONDICIONADO E DIRECAO HIDRAULICA ORIGINAL DE FABRICA ANO 2019 MODELO 2019 VEICULO AMBULÂNCIA TIPO FURGAO OU PICKUP PARA SIMPLES REMOCO VOM POTENCIA MÍNIMA DE 95 CV TRÊS PORTAS SENDO DUAS NA CABINE E UMA NA AMBULANCIA CILINDRADA MÍNIMA 1300CM³ CINTOS DE SEGURANCA DIANTEIROS COM PRÉ TENSIONADORES E AJUSTE DE ALTURA LANTERNAS COM LENTES ESCURECIDAS PARACHOQUE PINTADOS NA COR DO VEÍCULO ALEETA SONORO DE FARÓIS LIGADOS BANCO DO MOTORISTA COM REGULAGEM DE ALTURA RODA DE ACO ARO 15 ORIGINAL DE FÁBRICA DIRECAO HIDRÁULICA E AR CONDICIONADO SENDO TODOS OS ITENS ORIGINAIS DE FÁBRICA|UND
2515138|345012|303|02|2020|9|13306|9|BEBEDOURO CONJUGADO INFANTIL EM ACO PINTADO NA COR BRANCA LINHA PRESSAO MODELO TRADICIONAL DE BEBEDOURO DE PRESSAO CONFECCIONADO EM ACO TORNEIRA COPO E JATO EM LATAO CROMADO COM REGULAGEM DE JATO D`ÁGUA RALO SIFONADO BARRA O MAU CHEIRO PROVENIENTE DO ESGOTO TAMPO EM ACO INOX POLIDO E BASE EM MATERIAL INJETADOS CONTROLE MANUAL DA TEMPERATURA DA ÁGUACOM REGULAGEM EXTERNA FILTRO DE ÁGUA COM CARVAO ATIVADO IMPREGNADO COM PRATA IMPEDE A PROLIFERACAO DE MICROORGANISMOS ELIMINA SABOR E ODOR DE CLORO E REDUZ A QUANTIDADE DE CLORO GARANTIA DE 01 ANO|UND
2515139|345012|303|02|2020|9|13305|8|TEATRO DE FANTOCHE CONFECCIONADO EM MDF 15 MM REFORCADO COM MADEIRA NAS LATERAIS PAINEL DOBRÁVEL NAS LATERAIS COM O SISTEMA DE DOBRADICAS DE ACO INOX 3X2 12 POLIDA CORTINA CONFECCIONADA EM TECIDO ESTAMPADO MEDIDA APROXIMADA DE 153 CM X 084 CM X 038 CM|UND
2515140|345012|303|02|2020|9|13310|13|TV SMART 50 POLEGADAS TAMANHO DA TELA POL 50 PROCESSADOR COLOR MASTER ENGINE RESOLUCAO FULL HD 1920 X 1080FORMATO TELA 1609FREQUÊNCIA HZ 60HZPOTÊNCIA RMS 10WSISTEMA DE SOM ESTÉREOSAP SURROUND VIRTUAL SURROUND PLUS CONEXOES ENTRADA VÍDEO COMPONENTE 1ENTRADA ÁUDIOVÍDEO 1ENTRADA HDMI 2 ENTRADA USB 1ENTRADA RF PARA TV A CABO 1 ENTRADA RF PARA TV DIGITAL 1LAN RJ45 1 SAÍDA DIGITAL ÓPTICA 1|UND
2515141|345012|303|02|2020|9|13308|11|GELADEIRA BRANCA DUPLEX 410L COR BRANCO DIMENSOES MÍNIMAS LARGURA 71 CM ALTURA 187 CM PROFUNDIDADE 7070CM ENERGIA CLASSE A VOLTAGEM 110 CHB42EBANA EOU 220 CHB42EBBNA PESO LÍQUIDO 72KG 4 PÉS COM RODÍZIO PÉS NIVELADORES 02 PORTAS TIPO DE DEGELO AUTOMÁTICO PRATELEIRAS DE VIDRO REGULÁVEIS E REMOVÍVEIS CARACTERÍSTICA FUNCAO GELADEIRA FREEZER CAPACIDADE ARMAZENAMENTO LÍQUIDO FREEZER 129LARMAZEMAMENTO GELADEIRA 322L GARANTIA MÍNIMA DE 12 MESES|UND
2515142|345012|303|02|2020|9|13307|10|FOGAO DE ALTA POTENCIA 04 QUEIMADORES COM FORNO A GAS FOGAO DE ALTA POTENCIA DE 04 BOCAS ESPALHADORES E BASES DOS QUEIMADORES EM FERRO FUNDIDO MESA DE ACO CARBONO PERFIL DE 50MM PINTADA NA COR PRETO FOSCO TREMPE DE FERRO FUNDIDO 300X300MM REGISTROS DE GÁS COM MANÍPULOS EXPOSTOS DE FÁCIL MANUSEIO VOLUME DO FORNO 55 LITROS PRATELEIRA REMOVÍVEL E REGULÁVEL NO FORNO PÉS FIXO MESA BANDEJA E CORPO DO PRODUTO EM PINTURA EPÓXI BAIXA PRESSAO MEDIDAS DO FOGAO MONTADO ALTURA 080 CM LARGURA 074 CM PROFUNDIDADE 083 CM MEDIDAS INTERNAS DO FORNO ALTURA 031 CM LARGURA 048 CM PROFUNDIDADE 059 CM CAPACIDADE 87 LITROS GARANTIA DE 03 MESES|UND
2515143|345012|303|02|2020|9|13303|6|ARMARIO DE ACO 2 PORTAS ARMÁRIO CONFECCIONADO EM CHAPA DE ACO GALVANIZADO COMPOSTO DE 02 DUAS LATERAIS 01 UM FUNDO E 02 DOIS TAMPOS SUPERIOR E INFERIOR COM ESPESSURA DE 050MM 01 UM REFORCO SUPERIOR INTERNO ESQUADRO COM ESPESSURA DE 120MM FIXADO AS LATERAIS 01 UMA BASE CONFECCIONADA EM CHAPA DE ACO GALVANIZADO COM ESPESSURA DE 125MM DOBRADA EM FORMA DE U COM 01 UM RODAPÉ TAMBÉM EM CHAPA DE ACO GALVANIZADO COM ESPESSURA DE 125MM E QUATRO PÉS REGULÁVEIS SAPATAS PARA CORRECAO DE PEQUENOS DESNÍVEIS 04 QUATRO PRATELEIRAS COM DOBRA QUADRUPLA NA PARTE FRONTAL PARA REFORCO FIXADAS AO CORPO DO ARMÁRIO ATRAVÉS DE ENCAIXE TIPO UNHA EM PASSOS DE 125 MM CONFECCIONADAS EM|UND
2515144|345012|303|02|2020|9|13309|12|LIQUIDIFICADOR LÂMINA INTEGRADA DE ACO INOX FACA DE 6 LÂMINAS ULTRA AFIADAS E RESISTENTES DISPONÍVEL EM 110V E 220V NAO É UM PRODUTO BIVOLTCONSUMO DE ENERGIAKWH12POTÊNCIA W1200TENSAOVOLTAGEM110V220VCAPACIDADE TOTAL DO COPO LITROS3CAPACIDADE ÚTIL DO COPO LITROS2CONTEÚDO DA EMBALAGEM 1 LIQUIDIFICADOR PHILCO PH900 12 VELOCIDADES 1200W GARANTIA12 MESES|UND
2515148|345012|303|02|2020|9|13299|2|CONJUNTO REFEITÓRIO COM 10 LUGARES COMPOSTO DE MESA E 10 CADEIRAS TAMANHO INFANTIL A MESA DEVE SER COMPOSTA POR TAMPOS MODULARES FABRICADA EM ABS INJETADO DE ALTO IMPACTO FORMADO POR 4 MÓDULOS QUE SE FIXAM À ESTRUTURA POR MEIO DE ENCAIXES SENDO 4 ENCAIXES NAS LATERAIS DA MESA 2 DE CADA L ADO E 3 ENCAIXES CENTRAIS POR MÓDULO E 4 PARAFUSOS POR MÓDULO APÓS MONTADA A MESA MEDE 2480X820MM E TEM 590MM DE ALTURA A ESTRUTURA DEVE SER FORMADA POR UM QUADRO FABRICADO EM TUBO DE ACO 10101020 DE SECAO 20X40MM COM 12MM POR 3 TRAVESSAS E 2 CABECEIRAS AS PERNAS DEVEM SER FABRICADAS EM TUBO DE ACO 10101020 Ø 112 X09MM DE PAREDE E ENCAIXADAS SEM O USO DE PARAFUSOS NA EXTREMIDADE INFERIOR DE C|UND
2515145|345012|303|02|2020|9|13301|4|CONJUNTO REFEITÓRIO COM 10 LUGARES COMPOSTO DE MESA E 10 CADEIRAS TAMANHO JUVENIL A MESA DEVE SER COMPOSTA POR TAMPOS MODULARES FABRICADA EM ABS INJETADO DE ALTO IMPACTO FORMADO POR 4 MÓDULOS QUE SE FIXAM À ESTRUTURA POR MEIO DE ENCAIXES SENDO 4 ENCAIXES NAS LATERAIS DA MESA 2 DE CADA LADO E 3 ENCAIXES CENTRAIS POR MÓDULO E 4 PARAFUSOS POR MÓDULO APÓS MONTADA A MESA MEDE 2480X820MM E TEM 640MM DE ALTURA A ESTRUTURA DEVE SER FORMADA POR UM QUADRO FABRICADO EM TUBO DE ACO 10101020 DE SECAO 20X40MM COM 12MM COMPOSTO POR 3 TRAVESSAS E 2 CABECEIRAS AS PERNAS DEVEM SER FABRICADAS EM TUBO DE ACO 10101020 Ø 112 X09MM DE PAREDE E ENCAIXADAS SEM O USO DE PARAFUSOS NA EXTREMIDADE INFER|UND
2515146|345012|303|02|2020|9|13298|1|CONJUNTO MESA E CADEIRA GIRÁTORIA PARA PROFESSOR MESA COM TAMPO INJETADO EM TERMOPLÁSTICO À BASE DE ABS NATURAL COM PIGMENTACAO SUPERFÍCIE LISA SEM BRILHO E COM FORMATO RETANGULAR QUE SE FIXA À ESTRUTURA POR MEIO DE ENCAIXES SENDO 4 ENCAIXES NAS LATERAIS DA MESA 2 DE CADA LADO E 3 ENCAIXES CENTRAIS E 4 PARAFUSOS POSSUI UM PAINEL FRONTAL DE 650X250MM LAMINADO MELAMÍNICO DE BAIXA PRESSAO NA ESPESSURA DE 15 MM BRANCO E FIXADO NA PARTE FRONTAL DA MESA POR 4 PARAFUSOS SOBERBOS APÓS MONTADA A MESA MEDE 610X810MM E TEM 760MM DE ALTURA A ESTRUTURA É FORMADA POR UM QUADRO FABRICADO EM TUBO DE ACO 10101020 DE SECAO 20X40MM COM 12MM COMPOSTO POR 3 TRAVESSAS E 2 CABECEIRAS NOS QUATRO CANT|UND
2515147|345012|303|02|2020|9|13302|5|ESTANTE FACE SIMPLES ESTANTE FACE SIMPLES TOTALMENTE CONFECCIONADO EM CHAPA DE ACO DE BAIXO TEOR DE CARBONO SEM ARESTAS CORTANTES E REBARBAS COM ACABAMENTO PELO SISTEMA DE TRATAMENTO QUÍMICO DA CHAPA ANTIFERRUGINOSO E FOSFATIZANTE E PINTURA ATRAVÉS DE SISTEMA ELETROSTÁTICO A PÓ COM CAMADA MÍNIMA DE TINTA DE 90 MICRAS CONTENDO01 UMA BASE RETANGULAR FECHADA CONFECCIONADA EM CHAPA Nº 20 090 MM COM ALTURA DE 175 CM 02 DOIS ANTEPAROS LATERAIS SOLDADOS A BASE E FIXADO NAS LATERAIS DA ESTANTE ATRAVÉS DE 04 QUATRO PARAFUSOS 38 DE CADA LADO 01 UMA TRAVESSA SUPERIOR HORIZONTAL CHAPÉU CONFECCIONADO EM CHAPA Nº 20 090MM E DOBRADO EM FORMA DE U COM ALTURA DE 70 CM 0|UND
2515149|345012|303|02|2020|9|13300|3|CONJUNTO ALUNO JUVENIL O CONJUNTO ABAIXO DESCRITO DEVE SER CERTIFICADO CONFORME NORMA COMPULSÓRIA ABNT NBR 14006CONJUNTO FORMADO POR UMA CADEIRA E UMA MESA A CADEIRA DEVE SER COMPOSTA POR ESTRUTURA METÁLICA ASSENTO ENCOSTO PONTEIRAS SAPATAS E FIXADORES PLÁSTICOS E DOIS PARAFUSOS O ASSENTO DEVE SER CONFECCIONADO EM POLIPROPILENO COPOLÍMERO INJETADO E MOLDADO ANATOMICAMENTE COM ACABAMENTO TEXTURIZADO E DIMENSOES APROXIMADAS DE 395 MM DE LARGURA 345 MM DE PROFUNDIDADE 4 MM DE ESPESSURA DE PAREDE COM CANTOS ARREDONDADOS MONTADO À ESTRUTURA POR MEIO DE UM ENCAIXE EM TODO O TUBO DA BASE DA FRENTE DA CADEIRA E 2 DUAS CAVIDADES REFORCADAS COM ALETAS DE 2MM DE ESPESSURA QUE ACOMODAM PA|UND
2515150|345012|303|02|2020|9|13304|7|BANDINHA RITIMICA CONFECCIONADA EM MADEIRA DE MATÉRIA DE BAIXA SONORIDADE TOTAL DE 20 INSTRUMENTOS MUSICAIS SENDO SURDAO SURDO MOR TAMBOR CHOCALHOS DE ALUMINIO FLAUTA DOCE OVINHO DE ALUMINIO GANZA DE ALUMINIO CONGUE DE COCO O PAR CAMPANELA 4 GUIZOS SINO CLAVE DE RUMBA O PAR MARACA O PAR AFOXE CONTAS COLORIDAS CAXIXI PLATINELA SIMPLES RECO PANDEIRO COM PELE PANDEIRO A PELE PASTORIL TRIANGULO DE 15 CM TODO O MATERIAL DEVE SER ENTREGUE DEVIDAMENTE ACONDICIONADO EM CAIXA DE PAPELAO|UND
2515151|345013|303|02|2020|9|12559|1|CONTRATACAO DE SERVICOS TÉCNICOS ESPECIALIZADOS DE MANUTENCAO CORRETIVA E PREVENTIVA DO SISTEMA DE ILUMICACAO PÚBLICA COM FORNECIMANTO DE MATERIAIS E MAO DE OBRA PARA ATENDER AS NECESSIDADES DO MUNICÍPIO|SRV
2515152|345014|303|02|2020|9|12989|1|CONTRATACAO DE SERVICOS DE INFRAESTRUTURA DE CONEXAO ENTRE DEPARTAMENTOS EOU UNIDADES DA PREFEITURA DE CAETÉ ÁREA URBANA|MÊS
2515153|345015|303|02|2020|9|13297|1|MICROCOMPUTADOR CORPORATIVO MARCA LENOVO MODELO THINKCENTRE M720SFF|UND
2515154|345016|303|02|2020|9|13319|1|CONJUNTO RETANGULAR ADULTO O CONJUNTO ABAIXO DESCRITO DEVE SER CERTIFICADO CONFORME NORMA COMPULSÓRIA ABNT NBR 14006CONJUNTO FORMADO POR UMA CADEIRA E UMA MESA A CADEIRA DEVE SER COMPOSTA POR ESTRUTURA METÁLICA ASSENTO ENCOSTO PONTEIRAS SAPATAS E FIXADORES PLÁSTICOS E DOIS PARAFUSOS O ASSENTO DEVE SER CONFECCIONADO EM POLIPROPILENO COPOLÍMERO INJETADO E MOLDADO ANATOMICAMENTE COM ACABAMENTO TEXTURIZADO E DIMENSOES APROXIMADAS DE 395 MM DE LARGURA 420 MM DE PROFUNDIDADE 4 MM DE ESPESSURA DE PAREDE COM CANTOS ARREDONDADOS MONTADO À ESTRUTURA POR MEIO DE UM ENCAIXE EM TODO O TUBO DA BASE DA FRENTE DA CADEIRA E 2 DUAS CAVIDADES REFORCADAS COM ALETAS DE 2MM DE ESPESS|UND
2514887|344966|303|02|2020|6|13187|1|TERMÔMETRO DIGITAL A LASER MEDICAO POR INFRAVERMELHO SEM CONTATO|UND
2514882|344961|303|02|2020|6|13210|1|PRESTACAO DE SERVICOS DE EDICAO E CAPTACAO DE VÍDEO AULAS COM VINHETAS ANIMACOES GRAVACAO E EDICAO DE VÍDEOS NUM TOTAL DE 120 AULAS DE 15 MINUTOS CADA DE ACORDO COM O DISPOSTO NO PROJETO DE EDUCACAO NAO PRESENCIAL DA SECRETARIA MUNICIPAL DE EDUCACAO|SRV
2514883|344962|303|02|2020|6|13191|1|AVENTAL DESCARTÁVEL DE MANGA LONGA PUNHOS COM ELÁSTICO PRODUZIDO EM TNT COM GRAMATUR 60 G|UND
2514884|344963|303|02|2020|6|13204|1|OXÍMETRO DE PULSO DIGITAL MEDIDOR DE SATURACAO DE OXIGÊNIO NO SANGUE OPERACAO DE 01 BOTAO SIMPLES E CONVENIENTE O OXÍMETRO DE PULSO É PEQUENO EM TAMANHO LEVE E CONVENIENTE EM TRANSPORTAR BAIXO CONSUMODE ENERGIA MEDICAO DE 30 HORAS EM DUAS PILHAS AAA INDICACAO PARA BAIXA VOLTAGEM DESLIGA AUTOMATICAMENTE DENTRO DE 8 SEGUNDOS QUANDONAO HÁ SINAL|UND
2514885|344964|303|02|2020|6|4751|1|DIETA ENTERAL INDUSTRIALIZADA ISOSSOURCE 15 KCAL|LT
2514886|344965|303|02|2020|6|13186|1|TOTEM DE ALCOOL GEL DIMENSOES 160X040X040M ESTRUTURA EM ACO CARBON REVESTIDO EM POLIETILENO 2 MM COM IMPRESSAO DIGITAL PERSONALIZADA CAPACIDADE PARA 2L DE LCOOL SISTEMA RECARREG¿VEL POR TAMPA SUPERIOR GARANTIA DE 3 MESES CONTRA DE DEFEITO DE FABRICCAO|UND
2514888|344967|303|02|2020|6|12141|1|CONSTRUCAO DA PISTA DE CAMINHADA NA SEDE DO MUNICÍPIO DE CAETÉ|SRV
2514889|344968|303|02|2020|6|13188|1|PRESTACAO PELA SOCIEDADE CIVIL DE BENEFICIÊNCIA CAETENSE SANTA CASA DE CAETÉ DE SERVICOS AMBULATORIAIS DE URGÊNCIA E EMERGÊNCIA NO ÂMBITO DO SISTEMA ÚNICO DE SAÚDE SUS|SRV
2514890|344969|303|02|2020|6|10633|1|GLICOSÍMETRO MONITOR DE GLICOSE|UND
2514891|344970|303|02|2020|6|12419|1|LANCETA AUTOMÁTICA DESCARTÁVEL PARA PUNCAO DIGITAL|UND
2514892|344971|303|02|2020|6|10338|46|CLORPROMAZINA CLORIDRATO 40 MGML SOLUCAO ORAL|FR
2514893|344971|303|02|2020|6|8373|29|SALBUTAMOL SULFATO 100 MCG AEROSOL ORAL|FR
2514894|344971|303|02|2020|6|10345|10|HALOPERIDOL DECANOATO 50 MGML SOLUCAO INJETÁVEL VIA INTRAMUSCULAR|AMP
2514895|344971|303|02|2020|6|9403|41|METOCLOPRAMIDA CLORIDRATO 4 MGML SOLUCAO ORAL|FR
2514896|344971|303|02|2020|6|10523|22|VALPROATO DE SÓDIO 50 MGML XAROPE|UND
2514897|344971|303|02|2020|6|11273|34|AZITROMICINA 40 MGML 600 MG PÓ PARA SUSPENSAO ORAL|UND
2514898|344971|303|02|2020|6|8359|5|CEFALEXINA 500 MG COMPRIMIDO|CMP
2514899|344971|303|02|2020|6|8384|24|AMITRIPTILINA CLORIDRATO 25 MG COMPRIMIDO|CMP
2514900|344971|303|02|2020|6|9409|2|CARBAMAZEPINA 20 MGML SUSPENSAO ORAL|FR
2514901|344971|303|02|2020|6|8510|36|DEXAMETASONA 1 MG/G CREME|UND
2514902|344971|303|02|2020|6|10341|55|ISOSSORBIDA MONONITRATO 20 MG COMPRIMIDO|CMP
2514903|344971|303|02|2020|6|6883|26|CARBAMAZEPINA 200 MG|CMP
2514904|344971|303|02|2020|6|8499|47|DIAZEPAM 10 MG COMPRIMIDO|CMP
2514905|344971|303|02|2020|6|8374|25|BENZILPENICILINA BENZATINA 1200000 UI PÓ PARA SUSPENSAO INJETÁVEL VIA INTRAMUSCULAR|FR
2514906|344971|303|02|2020|6|12404|33|AMOXICILINA 500 MG CAPSULA GELATINOSA DURA|CAP
2514907|344971|303|02|2020|6|8350|13|VARFARINA SÓDICA 5 MG COMPRIMIDO|CMP
2514908|344971|303|02|2020|6|7562|54|HIDROCLOROTIAZIDA 25MG|CMP
2514909|344971|303|02|2020|6|8361|6|CLOMIPRAMINA CLORIDRATO 25 MG COMPRIMIDO|CMP
2514910|344971|303|02|2020|6|8364|9|HALOPERIDOL 2 MGML SOLUCAO ORAL|FR
2514911|344971|303|02|2020|6|8367|37|LOSARTANA POTÁSSICA 50 MG COMPRIMIDO REVESTIDO|CMP
2514912|344971|303|02|2020|6|12225|51|ACICLOVIR 200 MG|UND
2514913|344971|303|02|2020|6|8505|3|CARVEDILOL 125 MG COMPRIMIDO|CMP
2514914|344971|303|02|2020|6|8509|30|ALOPURINOL 100 MG COMPRIMIDO|CMP
2514915|344971|303|02|2020|6|7564|16|VALPROATO DE SÓDIO 250MG|CAP
2514916|344971|303|02|2020|6|8497|28|FLUOXETINA CLORIDRATO 20 MG CÁSPULA|CAP
2514920|344971|303|02|2020|6|9134|52|ENALAPRIL MALEATO 10 MG COMPRIMIDO|CMP
2514917|344971|303|02|2020|6|8354|44|LEVOTIROXINA 50 MCG COMPRIMIDO|CMP
2514918|344971|303|02|2020|6|10342|4|CARVEDILOL 3125 MG COMPRIMIDO|CMP
2514919|344971|303|02|2020|6|8349|49|NORTRIPTILINAA CLORIDRATO 25 MG CAPSULA|CMP
2514921|344971|303|02|2020|6|8358|14|ALENDRONATO SÓDIO 70 MG COMPRIMIDO|CMP
2514922|344971|303|02|2020|6|8351|42|PARACETAMOL 200 MGML SOLUCAO ORAL|CMP
2514923|344971|303|02|2020|6|8507|40|PROPRANOLOL CLORIDRATO 40 MG COMPRIMIDO|CMP
2514924|344971|303|02|2020|6|9116|32|AMOXICILINA 50 MGML PÓ PARA SUSPENSAO ORAL|FR
2514925|344971|303|02|2020|6|10992|17|ISOSSORBIDA DINITRATO 5 MG COMPRIMIDO SUBLINGUAL|CMP
2514926|344971|303|02|2020|6|10353|27|DEXCLORFENIRAMINA MALEATO 04 MGML SOLUCAO ORAL|FR
2514927|344971|303|02|2020|6|8348|50|NORTRIPTILINA CLORIDRATO 50 MG CAPSULA|CAP
2514928|344971|303|02|2020|6|12173|15|AMOXICILINA CLAVULANATO DE POTASSIO 500125 MGCOMPRIMIDO|CMP
2514929|344971|303|02|2020|6|8355|8|FENOBARBITAL SÓDICO 100 MG COMPRIMIDO|CMP
2514930|344971|303|02|2020|6|4720|23|ÁCIDO ACETILSALICÍLICO 100 MG|CMP
2514931|344971|303|02|2020|6|8506|35|CIPROFLOXACINO CLORIDRATO 500 MG COMPRIMIDO|CMP
2514932|344971|303|02|2020|6|8386|12|LEVODOPABENSERAZIDA 20050 MGMG COMPRIMIDO|CMP
2514933|344971|303|02|2020|6|8498|48|HALOPERIDOL 5 MG COMPRIMIDO|CMP
2514937|344971|303|02|2020|6|8387|11|LEVODOPABENSERAZIDA 10025 MGMG COMPRIMIDO|CMP
2514934|344971|303|02|2020|6|8385|53|ENALAPRIL MALEATO 20 MG COMPRIMIDO|CMP
2514935|344971|303|02|2020|6|8508|31|ALOPURINOL 300 MG COMPRIMIDO|CMP
2514936|344971|303|02|2020|6|8356|43|LEVOTIROXINA SÓDICA 25 MCG COMPRIMIDO|CMP
2514938|344971|303|02|2020|6|12170|39|SULFATO FERROSO 12297 MG 40 MG DE FERRO ELEMENTAR|CMP
2514939|344971|303|02|2020|6|9388|38|SULFAMETOXAZOL TRIMETROPRIMA 400 80 MG MG COMPRIMIDO|CMP
2514940|344971|303|02|2020|6|8501|1|ÁCIDO FÓLICO 5 MG COMPRIMIDO|CMP
2514941|344971|303|02|2020|6|10351|21|DIGOXINA 025 MG COMPRIMIDO|CMP
2514942|344971|303|02|2020|6|4724|20|CAPTOPRIL 25 MG|CMP
2514943|344971|303|02|2020|6|11272|19|AZITROMICINA 500 MGML COMPRIMIDO REVESTIDO|FR
2514944|344971|303|02|2020|6|10346|7|ESPIRONOLACTONA 25 MG COMPRIMIDO|CMP
2514945|344971|303|02|2020|6|8382|45|BIPERIDENO CLORIDRATO 2 MG COMPRIMIDO|CMP
2514946|344971|303|02|2020|6|9136|18|ANLODIPINO BESILATO 10 MG COMPRIMIDO|CMP
2514947|344972|303|02|2020|6|11536|1|PRESTACAO DE SERVICO DE GERENCIAMENTO DE FROTAS POR MEIO DE SISTEMA ELETRÔNICO COM CARTAO MAGNÉTICO DISPONÍVEL EM TODO ESTADO DE MINAS GERAIS PARA A FROTA DOS VEÍCULOS PERTENCENTES À PREFEITURA MUNCIPAL DE CAETÉ|UND
2514948|344973|303|02|2020|7|13215|1|MANTA DE MICROFIBRA TAMANHO CASAL MEDINDO 180M X 220M 100% POLIÉSTER GRAMATURA 235 GM2 NA COR BEGE ACABAMENTO EM COSTURA DUPLA E PERFEITO CORTE|UND
2514949|344974|303|02|2020|7|13213|1|MIX DE LEGUMES DESIDRATADOS CONTENDO MANDIOCA BATATA CENOURA ABÓBORA BETERRABA MACARRAO PTS CLARA PROTEÍNA DE SOJA COM PROPORCAO MÍNIMA NA MISTURA DE 50% SEM CONSERVANTES SEM ADITIVOS SEM TEMPEROS RENDIMENTO DE 40 REFEICOES POR QUILO EMBALAGEM DE 01 KG PRAZO DE VALIDADE MÍNIMA DE 01 ANO O FORNECEDOR DEVE TER COMPROVADAMENTE MAIS DE 24 MESES DE EXPERIÊNCIA NA FABRICACAO DO PRODUTO|KG
2514950|344975|303|02|2020|7|13210|1|PRESTACAO DE SERVICOS DE EDICAO E CAPTACAO DE VÍDEO AULAS COM VINHETAS ANIMACOES GRAVACAO E EDICAO DE VÍDEOS NUM TOTAL DE 360 AULAS DE 15 MINUTOS CADA DE ACORDO COM O DISPOSTO NO PROJETO DE EDUCACAO NAO PRESENCIAL DA SECRETARIA MUNICIPAL DE EDUCACAO|SRV
2514951|344976|303|02|2020|7|13230|1|FÓRMULA INFANTIL APTAMIL 2 LATA CONTENDO 800G|UND
2514952|344977|303|02|2020|7|13187|1|TERMÔMETRO DIGITAL A LASER MEDICAO POR INFRAVERMELHO SEM CONTATO|UND
2514953|344978|303|02|2020|7|13212|1|LUVA DE LÁTEX NAO ESTÉRIL BRANCA CAIXA CONTENDO 100 PARES TAMANHOS A SEREM DEFINIDOS NA ENTREGA|CX
2514954|344979|303|02|2020|7|6735|1|CESTA BÁSICA CONTENDO 5KG DE ARROZ TIPO1 5KG DE ACÚCAR CRISTAL 1KG DE FARINHA DE MANDIOCA TORRADA 1KG DE FUBÁ 1KG DE FEIJAO SAFRA NOVA 1KG DE MACARRAO PARAFUSO COM OVOS 1KG DE CANJIQUINHA 1KG DE TEMPERO ALHO E SAL 1 LATA DE EXTRATO DE TOMATE|UND
2514955|344980|303|02|2020|7|545|1|GÁS GLP 13 KG|UND
2514956|344981|303|02|2020|7|7825|1|CONCERTA 54MG|CX
2514957|344981|303|02|2020|7|11254|2|SOMALIUM 6 MG CAIXA COM 30 COMP|CX
2514958|344982|303|02|2020|7|13233|1|FRANGO RESFRIADO INTEIRO 01 KG EMBALAGEM INTACTA CONTENDO A DATA DEFABRICACAO DATA DE VALIDADE NÚMERO DO LOTE DO PRODUTO NAO DEVERÁ APRESENTAR SUPERFÍCIE ÚMIDA PEGAJOSA EXSUDADO LÍQUIDO PARTES FLÁCIDAS OU CONSISTÊNCIA ANORMAL SÓ SERAO ACEITOS PRODUTOS COM A COMPROVACAO DA INSPECAO SIFDIPOA E 6% DE ÁGUA|UND
2514959|344983|303|02|2020|7|6568|1|LEITE DE VACA INTEGRAL UHT COMPOSICAO LEITE DE VACA INTEGRAL HOMOGENEIZADO SUBMETIDO AO PROCESSO DE ULTRA PASTEURIZACAO UHT OU UAT EMBALAGEM PRIMÁRIA CARTONADA ASSÉPTICA 1 LITRO COM TAMPA ABRE E FECHA SECUNDÁRIA EMBALAGEM DE MERCADO QUE P|CX
2514960|344984|303|02|2020|7|13214|1|CATETER QUICKSET 6 MM CÂNULA 60CM TUBO CX COM 10 UNID|CX
2514961|344984|303|02|2020|7|12820|3|SENSOR GLICOSE CAIXA COM 5 UNIDADES|CX
2514962|344984|303|02|2020|7|12818|2|RESERVATÓRIO DE INSULINA PARADIGM 30ML CAIXA 10 UNIDADES|CX
2514966|344987|303|02|2020|7|12552|2|SOM TIPO 4 PA 3 MESA DE SOM DIGITAL DE 48 CANAIS COM 16 MANDADAS AUXILIARES 1 MULTI CABO DE 48 CANAIS COM 60 METROS SPLITER 4 PROCESSADORES DIGITAIS 1 CDDVD PLAYER 1 NOTEBOOK 16 CAIXAS DE SUB GRAVE COM 02 FALANTES DE18 16 CAIXAS DE ALTA FREQUÊNCIA LINE ARRAY COM 2X12 4 X 65 2 DRIVER EM GUIAS DE ONDA SISTEMA DE AMPLIFICACAO QUE ATENDA AS NECESSIDADES DO SISTEMA ACIMA E FIACAO E CONEXOES PARA AS DEVIDAS LIGACOES MONITOR PALCO 1 MESA DE SOM DIGITAL 48 CANAIS COM16 MANDADAS AUXILIARES 1 PROCESSADOR DIGITAL PARA O SIDEFILL 1SIDEFILL COM 2CAIXA PARA SUBGRAVE COM 2X18 E 2 CAIXA DE 3 VIAS COM 1X15 1X10 DRIVER OU 2 CAIXAS DE ALTA FREQUÊNCIA LINE ARRAY COM 1X12 DRIVE|DIÁ
2514963|344985|303|02|2020|7|10631|1|TIRAS REAGENTES PARA MEDICAO DE GLICEMIA|UND
2514964|344985|303|02|2020|7|10633|2|GLICOSÍMETRO MONITOR DE GLICOSE|UND
2514965|344986|303|02|2020|7|11536|1|PRESTACAO DE SERVICO DE GERENCIAMENTO DE FROTAS POR MEIO DE SISTEMA ELETRÔNICO COM CARTAO MAGNÉTICO DISPONÍVEL EM TODO ESTADO DE MINAS GERAIS PARA A FROTA DOS VEÍCULOS PERTENCENTES À PREFEITURA MUNCIPAL DE CAETÉ|UND
2514967|344987|303|02|2020|7|11347|1|SHOW AO VIVO COM BANDA NO MÍNIMO COM 06 COMPONENTES VOCALISTA BATERISTA TECLADISTA GUITARRISTA BAIXISTA PERCUSSIONISTA OU OUTROS PARA APRESENTACAO MÍNIMA DE 03 HORAS DE DURACAO EXECUTANDO TODOS OS ESTILOS MUSICAIS|UND
2514968|344987|303|02|2020|7|13237|3|TRANSMISSAO SIMULTÂNEA E GRAVACAO 04 FILMADORAS COM TRIPÉ E CABEAMENTO PARA TRANSMISSAO COM PRATICÁVEIS PANTOGR¿FICOS 01 CÂMERA COM CONCESSAO SEM FIO RF MÓVEL PARA TOMADAS DE PALCO 01 TÉCNICCO TRANSMISSAO E EDICAO IN LOCO MESA DE CORTE E DICAO 01 MESA MIXER DE VÍDEOEFEITO COM NO MÍNIMO 8 ENTRADAS EM SDI HD SENDO 4 ENTRADAS COMPOSTAS E 4 ENTRADAS COMPONENTES 01 VT GRAVADOR EM FORMATO DVD|HRS
2514969|344988|303|02|2020|7|11536|1|PRESTACAO DE SERVICO DE GERENCIAMENTO DE FROTAS POR MEIO DE SISTEMA ELETRÔNICO COM CARTAO MAGNÉTICO DISPONÍVEL EM TODO ESTADO DE MINAS GERAIS PARA A FROTA DOS VEÍCULOS PERTENCENTES À PREFEITURA MUNCIPAL DE CAETÉ|UND
2514970|344989|303|02|2020|7|11995|1|PAPEL APERGAMINHADO FORMATO A4 210X297 MM 75 GM²3G COR BRANCO ALVURA MINIMA 97% ALCALINO FIBRA LONGITUDINAL CORTE ROTATIVO CONFORMIDADE COM AS NORMAS ISSO 970611108 REQUISITOS DE PERMANENCIA E DURABILIDADE ISSO 10716 RESERVA DE ALCALI E ISSO 6558 DETERMINACAO DE PH APLICACAO EM IMPRESSORAS LASER E COPIADORAS DE ALTA VELOCIDADE MINIMO 20 PÁGINASMINUTO PACOTE COM 500 FOLHAS SELO DE QUALIDADE CEFLOR E INMETRO|PCT
2318380|301847|304|03|2020|5|4860|11|ESC.CARGA EM SOLO MURO ARRIMO|METRO CUBICO
2330821|304367|305|04|2020|1|1|1|PRESTACAO DE SEVICOS ARTÍSTICOS CONTRATACAO DE SHOW|SRV
2318373|301847|304|03|2020|5|4870|21|LASTRO DE CONCRETO MURO ARRIMO|METRO CUBICO
2318374|301847|304|03|2020|5|4876|27|CIMBRAM.MADEIRA MURO ARRIMO|METRO CUBICO
2318375|301847|304|03|2020|5|4857|8|CACAMBA DE ENTULHO MURO ARRIMO|METRO CUBICO
2318376|301847|304|03|2020|5|4852|3|DEMOLICAO ALVEN. MURO ARRIMO|METRO CUBICO
2318377|301847|304|03|2020|5|4858|9|ESCORAMENTO DESC.MURO ARRIMO|METRO QUADRADO
2318378|301847|304|03|2020|5|4863|14|ESPALHAMENTO SOLO MURO ARRIMO|METRO CUBICO
2318379|301847|304|03|2020|5|4890|41|CANALETA P/DRENAG.MURO ARRIMO|METRO
2318381|301847|304|03|2020|5|4856|7|TRANSPORTE MANUAL MURO ARRIMO|METRO CUBICO
2318382|301847|304|03|2020|5|4851|2|DEMOLICAO CONCRETO MURO ARRIMO|METRO CUBICO
2318383|301847|304|03|2020|5|4865|16|ESC.MANUAL MURO ARRIMO (S.C/A)|METRO CUBICO
2318384|301847|304|03|2020|5|4881|32|ALVEN.VEDACAO 14CM MURO ARRIMO|METRO QUADRADO
2318385|301847|304|03|2020|5|4880|31|FORN.APLIC.GROUT MURO ARRIMO|METRO CUBICO
2318386|301847|304|03|2020|5|4855|6|CARGA MANUAL MURO ARRIMO|METRO CUBICO
2318387|301847|304|03|2020|5|4873|24|CORTE MURO ARRIMO|KILO
2318388|301847|304|03|2020|5|4867|18|REG.E COMP.TERRENO MURO ARRIMO|METRO QUADRADO
2318389|301847|304|03|2020|5|4892|43|MOB.DESM.EXEC.OBRA MURO ARRIMO|UNIDADE
2318390|301847|304|03|2020|5|4869|20|LOCACAO DA OBRA MURO ARRIMO|METRO QUADRADO
2318391|301847|304|03|2020|5|4888|39|ENSECADEIRA MURO ARRIMO|METRO CUBICO
2318392|301847|304|03|2020|5|4887|38|ESGOT.AGUA C/BOMBA MURO ARRIMO|HORA
2318393|301847|304|03|2020|5|4882|33|ALV.VED.9CM MURO ARRIMO|METRO QUADRADO
2318394|301847|304|03|2020|5|4895|46|FORN.COLOC.PLACAS MURRO ARRIMO|UNIDADE
2318395|301847|304|03|2020|5|4861|12|CARGA MECANICA MURO ARRIMO|METRO CUBICO
2318396|301847|304|03|2020|5|4862|13|DES.MAT.EM GERAL MURO ARRIMO|METRO CUBICO
2318397|301847|304|03|2020|5|4859|10|ESCORAMENTO CONT.MURO ARRIMO|METRO QUADRADO
2318398|301847|304|03|2020|5|4878|29|LASTRO DE AREIA MURO ARRIMO|METRO CUBICO
2318399|301847|304|03|2020|5|4889|40|SERVENTE MURO ARRIMO|HORA
2318400|301847|304|03|2020|5|4886|37|LIMPEZA DESOB.REDE MURO ARRIMO|HORA
2318401|301847|304|03|2020|5|4874|25|FORMA E DESFORMA MURO ARRIMO|METRO QUADRADO
2318402|301847|304|03|2020|5|4850|1|BARRACAO DE OBRA MURO ARRIMO|METRO QUADRADO
2318403|301847|304|03|2020|5|4864|15|ESC.MANUAL MURO ARRIMO(SOLO S)|METRO CUBICO
2318404|301847|304|03|2020|5|4884|35|REBOCO C/ARGAM.MURO ARRIMO|METRO QUADRADO
2318405|301847|304|03|2020|5|4866|17|APILOAMENTO MURO ARRIMO|METRO QUADRADO
2318406|301847|304|03|2020|5|4868|19|REATERRO MURO ARRIMO|METRO CUBICO
2318349|301844|304|03|2020|5|4827|7|"TUBO DE ACO DN 6"""|KILO
2318346|301844|304|03|2020|5|4826|6|ACO CA-50-DIAMETRO 0,95MM|KILO
2318347|301844|304|03|2020|5|4821|1|"CANTONEIRA 2""X2""X1/4"""|KILO
2318348|301844|304|03|2020|5|4822|2|"CANTONEIRA 1 3/4""X1 3/4""X3/16"""|KILO
2318350|301844|304|03|2020|5|4825|5|"CHAPA DE ACO LAMINADO 3/8"""|KILO
2318351|301844|304|03|2020|5|4824|4|"CHAPA DE ACO LAMINADO 1/4"""|KILO
2318352|301844|304|03|2020|5|4823|3|"CANTONEIRA 3"""|KILO
2318353|301845|304|03|2020|5|4846|5|SERVICO CONSERTO DE FECHADURA|SERVICOS
2318354|301845|304|03|2020|5|4844|3|SERV.DE COPIA DE CHAVE TETRA|SERVICOS
2318355|301845|304|03|2020|5|4843|2|SERV.DE COPIA DE CHAVE YALE|SERVICOS
2318356|301845|304|03|2020|5|4845|4|SERVICO DE TROCA DE FECHADURA|SERVICOS
2318360|301846|304|03|2020|5|4620|1|BOMBA MANCALIZADA ME-34500|UNIDADE
2318357|301845|304|03|2020|5|4842|1|SERV.DE COPIA DE CHAVE S/ MOD.|SERVICOS
2318358|301846|304|03|2020|5|4619|3|MOTOR POTENCIA 50CV|UNIDADE
2318359|301846|304|03|2020|5|2080|2|QUADRO DE COMANDO|UNIDADE
2318361|301847|304|03|2020|5|4875|26|ESCORAMENTO FORMAS MURO ARRIMO|METRO CUBICO
2318362|301847|304|03|2020|5|4854|5|REGUL.E COMPAC.MURO ARRIMO|METRO QUADRADO
2318363|301847|304|03|2020|5|4891|42|LIMPEZA FINAL MURO ARRIMO|METRO QUADRADO
2318364|301847|304|03|2020|5|4885|36|PLANTIO DE GRAMA MURO ARRIMO|METRO QUADRADO
2318365|301847|304|03|2020|5|4871|22|FORNEC.CONCRETO MURO ARRIMO|METRO CUBICO
2318366|301847|304|03|2020|5|4872|23|FORN.CON.EST.USIN.MURO ARRIMO|METRO CUBICO
2318367|301847|304|03|2020|5|4893|44|"TUBO PVC DN-2"" MURO ARRIMO"|METRO
2318368|301847|304|03|2020|5|4877|28|MONT.DESM.ANDAIME MURO ARRIMO|METRO QUADRADO
2318369|301847|304|03|2020|5|4853|4|LIMPEZA TERRENO MURO ARRIMO|METRO QUADRADO
2318370|301847|304|03|2020|5|4894|45|FORNEC.DE ANDAIME MURO ARRIMO|METRO QUADRADO
2318371|301847|304|03|2020|5|4883|34|CHAPISCO C/ARGAM.MURO ARRIMO|METRO QUADRADO
2318372|301847|304|03|2020|5|4879|30|FORN.INST.MANTA MURO ARRIMO|METRO QUADRADO
2586223|359743|303|02|2020|11|1813|1|LUVA DE LÁTEX PARA PROCEDIMENTOS TAMANHO P NAO ESTÉRIL CAIXA CONTENDO 100 UNIDADES|CX
2586220|359742|303|02|2020|11|8241|1|COLETOR DE URINA PARA INCONTINENCIA MASCULINO Nº 6 ESCLUSIVO PARA USO DE PESSOAS DO SEXO MARCULINO COM COLETOR PENIANO EM LATEX ESTERIL ATOXICO ASPIROGENICO ESNTENSAO EM PCV|UND
2586221|359743|303|02|2020|11|1746|3|LUVA DE LÁTEX PARA PROCEDIMENTOS TAMANHO G NAO ESTÉRIL CAIXA CONTENDO 100 UNIDADES|CX
2586222|359743|303|02|2020|11|1812|2|LUVA DE LÁTEX PARA PROCEDIMENTOS TAMANHO M NAO ESTÉRIL CAIXA CONTENDO 100 UNIDADES|CX
2586224|359744|303|02|2020|11|13214|1|CATETER QUICKSET 6 MM CÂNULA 60CM TUBO CX COM 10 UNID|CX
2586225|359744|303|02|2020|11|12820|3|SENSOR GLICOSE CAIXA COM 5 UNIDADES|CX
2586226|359744|303|02|2020|11|12818|2|RESERVATÓRIO DE INSULINA PARADIGM 30ML CAIXA 10 UNIDADES|CX
2586227|359745|303|02|2020|11|8889|1|ELTROMBOPAG 25 MG|CMP
2586228|359746|303|02|2020|11|13379|1|BORRACHA PARA LÁPIS NA COR BRANCA MACIA CAPACIDADE PARA APAGAR A ESCRITA SEM MMANCHAR O PAPEL PVC FREE Nº 60 COMPOSICAO BORRACHA NATURAL E ESTIRENO BUTADIENO CERTIFICADO PELO INMETRO SEGURANCA DO ARTIGO ESCOLAR ABNTNBR 15233609|UND
2586229|359746|303|02|2020|11|13381|3|PAPEL CONTACT 45X25 METROS|UND
2586230|359746|303|02|2020|11|13387|9|PERFURADOR CAPACIDADE DE 30 FOLHAS 2 FUROS MATERIAL METAL ACOMPANHA MARGEADOR PLÁSTICO AJUSTÁVEL|UND
2586231|359746|303|02|2020|11|13383|5|CADERNO ESPIRAL 96 FOLHAS UNIVERSITÁRIO TAMANHO 200X275 MM PAUTADO|UND
2586232|359746|303|02|2020|11|13386|8|GRAMPEADOR DE MESA EM METAL PARA GRAMPEAR ATÉ 20 FOLHAS CAPACIDADE DE 105 GRAMPOS GRAMPO UTILIZADO 266 TAMANHO DA BASE 11 CM COR PRETO BASE EMBORRACHADA ESTRUTURA EM METAL|UND
2586238|359747|303|02|2020|11|9388|88|SULFAMETOXAZOL TRIMETROPRIMA 400 80 MG MG COMPRIMIDO|CMP
2586233|359746|303|02|2020|11|13380|2|COLA BRANCA LIQUIDA 110GR COLA BRANCA DE USO ESCOLAR NAO TÓXICA E 100% LAVAVEL MESMO DEPOIS DE SECANA ROUPA SUA PONTERIRA TWISTTOFF PERMITE APLICACOES MAIS FÁCEIS E PRECISAS NAO TEM SOLVENTES NEM PVC É MULTIUSO COLA PAPEL PAPELAO FOTOS E ALGODAO COM CERTIFICACAO DO INMETRO|UND
2586234|359746|303|02|2020|11|13384|6|CANETA ESFEROGRÁFICA NA COR AZULCORPO EM RESINA TERMOPLÁSTICA FORMATO DO CORPO SEXTAVADO MODELO SIMPLES DESCARTÁVEL CORPO TRANSLÚCIDO COM FURO PARA RESPIRO NO CENTRO PONTA EM LATAO COM ESFERA DE TUNGSTÊNIO ESPESSURA DE 10 MM MÉDIA DE RENDIMENTO MÍNIMO DE ESCRITA 1700 METROS COM TAMPA PROTETORA NA COR DA TINTA REMOVÍVEL E VENTILADA TAMPA DO TOPO FIXA|UND
2586235|359746|303|02|2020|11|13388|10|PINCEL MARCA TEXTO LARANJA RESINA TERMOPLÁSTICA TINTA Á BASE DE ÁGUA CORENTE ADITIVOS E PONTA DE POLIÉSTER|UND
2586236|359746|303|02|2020|11|13382|4|PAPEL KRAFT PARDO 80GRS TAMANHO MÍNIMO 66X96|UND
2586237|359746|303|02|2020|11|13385|7|CANETA ESFEROGRÁFICA NA COR PRETACORPO EM RESINA TERMOPLÁSTICA FORMATO DO CORPO SEXTAVADO MODELO SIMPLES DESCARTÁVEL CORPO TRANSLÚCIDO COM FURO PARA RESPIRO NO CENTRO PONTA EM LATAO COM ESFERA DE TUNGSTÊNIO ESPESSURA DE 10 MM MÉDIA DE RENDIMENTO MÍNIMO DE ESCRITA 1700 METROS COM TAMPA PROTETORA NA COR DA TINTA REMOVÍVEL E VENTILADA TAMPA DO TOPO FIXA|UND
2586239|359747|303|02|2020|11|12700|39|SULFATO FERROSO 125MGML 25 MGML DE FERRO ELEMENTAR SOLUCAO ORAL|UND
2586240|359747|303|02|2020|11|8509|80|ALOPURINOL 100 MG COMPRIMIDO|CMP
2586241|359747|303|02|2020|11|9390|87|MICONAZOL NITRATO 20 MGG CREME VAGINAL|BIS
2586242|359747|303|02|2020|11|10345|7|HALOPERIDOL DECANOATO 50 MGML SOLUCAO INJETÁVEL VIA INTRAMUSCULAR|AMP
2586243|359747|303|02|2020|11|10350|46|IBUPROFENO 50 MGML SUSPENSAO ORAL|FR
2586244|359747|303|02|2020|11|8361|3|CLOMIPRAMINA CLORIDRATO 25 MG COMPRIMIDO|CMP
2586245|359747|303|02|2020|11|4720|56|ÁCIDO ACETILSALICÍLICO 100 MG|CMP
2586246|359747|303|02|2020|11|8357|49|LEVOTIROXINA SÓDICA 100 MCG COMPRIMIDO|CMP
2586247|359747|303|02|2020|11|9141|40|DEXCLORFENIRAMINA MALEATO 2 MG COMPRIMIDO|CMP
2586248|359747|303|02|2020|11|9120|86|MICONAZOL NITRATO 20 MGG CREME|BIS
2586249|359747|303|02|2020|11|11983|34|METOPROLOL SUCCINATO 25 MG COMPRIMIDO REVESTIDO DE LIBERACAO CONTROLADA|CMP
2586250|359747|303|02|2020|11|8364|6|HALOPERIDOL 2 MGML SOLUCAO ORAL|FR
2586251|359747|303|02|2020|11|8378|89|ANLODIPINO BESILATO 5 MG COMPRIMIDO|CMP
2586252|359747|303|02|2020|11|8505|28|CARVEDILOL 125 MG COMPRIMIDO|CMP
2586253|359747|303|02|2020|11|8508|81|ALOPURINOL 300 MG COMPRIMIDO|CMP
2586254|359747|303|02|2020|11|10346|90|ESPIRONOLACTONA 25 MG COMPRIMIDO|CMP
2586255|359747|303|02|2020|11|10339|72|IVERMECTINA 6 MG|CMP
2586256|359747|303|02|2020|11|13260|27|ÁCIDO FÓLICO VITAMINA B9 5 MG COMPRIMIDO|CMP
2586257|359747|303|02|2020|11|9128|13|LEVODOPA CARBIDOPA 250 25MG COMPRIMIDO|CMP
2586258|359747|303|02|2020|11|10341|75|ISOSSORBIDA MONONITRATO 20 MG COMPRIMIDO|CMP
2586259|359747|303|02|2020|11|8497|12|FLUOXETINA CLORIDRATO 20 MG CÁSPULA|CAP
2586260|359747|303|02|2020|11|8382|15|BIPERIDENO CLORIDRATO 2 MG COMPRIMIDO|CMP
2586261|359747|303|02|2020|11|8386|9|LEVODOPABENSERAZIDA 20050 MGMG COMPRIMIDO|CMP
2586262|359747|303|02|2020|11|10351|74|DIGOXINA 025 MG COMPRIMIDO|CMP
2586263|359747|303|02|2020|11|8350|38|VARFARINA SÓDICA 5 MG COMPRIMIDO|CMP
2586264|359747|303|02|2020|11|10523|26|VALPROATO DE SÓDIO 50 MGML XAROPE|UND
2586265|359747|303|02|2020|11|12696|31|DEXAMETASONA 10 MGML SUSPENSAO OFTÁLMICA FRASCO DE 5 ML|FR
2586266|359747|303|02|2020|11|8374|54|BENZILPENICILINA BENZATINA 1200000 UI PÓ PARA SUSPENSAO INJETÁVEL VIA INTRAMUSCULAR|FR
2586267|359747|303|02|2020|11|8507|48|PROPRANOLOL CLORIDRATO 40 MG COMPRIMIDO|CMP
2586268|359747|303|02|2020|11|10344|37|TIMOLOL MALEATO 5 MGML SOLUCAO OFTÁLMICA|FR
2586269|359747|303|02|2020|11|13372|52|CEFTRIAXONA SÓDICA 500 MG PÓ PARA INJETÁVEL|AMP
2586270|359747|303|02|2020|11|8349|23|NORTRIPTILINAA CLORIDRATO 25 MG CAPSULA|CMP
2586271|359747|303|02|2020|11|9126|70|SINVASTATINA 10 MG COMPRIMIDO|CMP
2586272|359747|303|02|2020|11|7549|67|ONDANSETRONA 8 MG|CMP
2586273|359747|303|02|2020|11|2216|24|TIAMINA 100MGML AMPOLA DE 1 ML|AMP
2586274|359747|303|02|2020|11|9404|42|PREDNISONA 20 MG COMPRIMIDO|CMP
2586275|359747|303|02|2020|11|7559|32|DIPIRONA SÓDICA 500MGML SOLUCAO ORAL|FR
2586276|359747|303|02|2020|11|9119|63|LORATADINA 1 MGML XAROPE|FR
2586277|359747|303|02|2020|11|8502|20|CLONAZEPAM 25 MGML SOLUCAO ORAL|UND
2586278|359747|303|02|2020|11|8379|44|FUROSEMIDA 40 MG COMPRIMIDO|CMP
2586279|359747|303|02|2020|11|11876|35|METOPROLOL SUCCINATO 50 MG COMPRIMIDO REVESTIDO DE LIBERACAO CONTROLADA|CMP
2586280|359747|303|02|2020|11|13373|76|ITRACONAZOL 100 MG|CAP
2586281|359747|303|02|2020|11|10338|16|CLORPROMAZINA CLORIDRATO 40 MGML SOLUCAO ORAL|FR
2586282|359747|303|02|2020|11|12171|36|SAIS DE REIDRATACAO ORAL CLORETO SÓDIOGLICOSECITRATO DE SÓDIOCLORETO DE POTÁSSIO352002925 G PÓ PARA PREPARACAO EXTEMPORANEA|UND
2586286|359747|303|02|2020|11|8377|64|LORATADINA 10 MG COMPRIMIDO|CMP
2586283|359747|303|02|2020|11|8356|50|LEVOTIROXINA SÓDICA 25 MCG COMPRIMIDO|CMP
2586284|359747|303|02|2020|11|7781|91|GLIBENCLAMIDA 5MG|UND
2586285|359747|303|02|2020|11|8504|45|GLICLAZIDA 30 MG COMPRIMIDO DE LIBERAÇÃO PROLONGADA|UND
2586287|359747|303|02|2020|11|8370|85|METRONIDAZOL 250 MG COMPRIMIDO|CMP
2586288|359747|303|02|2020|11|7564|1|VALPROATO DE SÓDIO 250MG|CAP
2586289|359747|303|02|2020|11|13259|79|ACICLOVIR SÓDICO 200 MG COMPRIMIDO|CMP
2586290|359747|303|02|2020|11|9403|65|METOCLOPRAMIDA CLORIDRATO 4 MGML SOLUCAO ORAL|FR
2586291|359747|303|02|2020|11|8510|84|DEXAMETASONA 1 MG/G CREME|UND
2586292|359747|303|02|2020|11|8348|14|NORTRIPTILINA CLORIDRATO 50 MG CAPSULA|CAP
2586293|359747|303|02|2020|11|8354|51|LEVOTIROXINA 50 MCG COMPRIMIDO|CMP
2586294|359747|303|02|2020|11|10348|5|FENOBARBITAL SÓDICO 40 MGML SOLUCAO ORAL|FR
2586295|359747|303|02|2020|11|11875|92|METOCLOPRAMIDA CLORIDRATO 5 MGML SOLUCAO INJETÁVEL|AMP
2586296|359747|303|02|2020|11|8359|30|CEFALEXINA 500 MG COMPRIMIDO|CMP
2586297|359747|303|02|2020|11|8363|93|VERAPAMIL CLORIDRATO 80 MG COMPRIMIDO|CMP
2586298|359747|303|02|2020|11|13258|59|AZITROMICINA 500 MG COMPRIMIDIO REVESTIDO|CMP
2586299|359747|303|02|2020|11|9137|66|SINVASTATINA 40 MG COMPRIMIDO|CMP
2586300|359747|303|02|2020|11|8503|4|CLORPROMAZINA CLORIDRATO 100 MG COMPRIMIDO|CMP
2586301|359747|303|02|2020|11|11985|47|IPRATROPIO BROMETO 025 MGML SOLUCAO PARA INALACAO|UND
2586302|359747|303|02|2020|11|4724|69|CAPTOPRIL 25 MG|CMP
2586303|359747|303|02|2020|11|2210|25|PROMETAZINA INJETÁVEL 25MGML AMPOLA 2ML|AMP
2586304|359747|303|02|2020|11|10342|29|CARVEDILOL 3125 MG COMPRIMIDO|CMP
2586305|359747|303|02|2020|11|6883|10|CARBAMAZEPINA 200 MG|CMP
2586306|359747|303|02|2020|11|7562|62|HIDROCLOROTIAZIDA 25MG|CMP
2586307|359747|303|02|2020|11|7558|19|DIAZEPAM 10MG|CMP
2586308|359747|303|02|2020|11|9138|41|NITROFURANTOINA 100 MG CÁPSULA|CAP
2586309|359747|303|02|2020|11|8387|8|LEVODOPABENSERAZIDA 10025 MGMG COMPRIMIDO|CMP
2586310|359747|303|02|2020|11|8358|57|ALENDRONATO SÓDIO 70 MG COMPRIMIDO|CMP
2586311|359747|303|02|2020|11|8385|61|ENALAPRIL MALEATO 20 MG COMPRIMIDO|CMP
2586312|359747|303|02|2020|11|8500|33|HIDRALAZINA CLORIDRATO 50 MG COMPRIMIDO|CMP
2586313|359747|303|02|2020|11|7543|22|FENITOÍNA 100MG|CMP
2586314|359747|303|02|2020|11|8506|83|CIPROFLOXACINO CLORIDRATO 500 MG COMPRIMIDO|CMP
2586315|359747|303|02|2020|11|8380|58|METOCLOPRAMIDA CLORIDRATO 10 MG COMPRIMIDO|CMP
2586316|359747|303|02|2020|11|10525|68|AMOXICILINA CLAVULANATO DE POTASSIO 50125 MGML PÓ PARA SUSPENSAO ORAL|UND
2586317|359747|303|02|2020|11|12170|71|SULFATO FERROSO 12297 MG 40 MG DE FERRO ELEMENTAR|CMP
2586318|359747|303|02|2020|11|10349|43|PREDNISONA 5 MG COMPRIMIDO|CMP
2586319|359747|303|02|2020|11|8368|77|OMEPRAZOL 20 MG CÁPSULA|CMP
2586320|359747|303|02|2020|11|9409|2|CARBAMAZEPINA 20 MGML SUSPENSAO ORAL|FR
2586321|359747|303|02|2020|11|8498|17|HALOPERIDOL 5 MG COMPRIMIDO|CMP
2586322|359747|303|02|2020|11|10347|73|SULFAMETOXAZOL TRIMETROPRIMA 40 8 MG MG SOLUCAO ORAL|CMP
2586323|359747|303|02|2020|11|12404|82|AMOXICILINA 500 MG CAPSULA GELATINOSA DURA|CAP
2586324|359747|303|02|2020|11|8373|55|SALBUTAMOL SULFATO 100 MCG AEROSOL ORAL|FR
2586325|359747|303|02|2020|11|8355|11|FENOBARBITAL SÓDICO 100 MG COMPRIMIDO|CMP
2586326|359747|303|02|2020|11|12173|53|AMOXICILINA CLAVULANATO DE POTASSIO 500125 MGCOMPRIMIDO|CMP
2586327|359747|303|02|2020|11|11251|78|PERMETRINA 50 MGML 5% LOCAO|UND
2586328|359747|303|02|2020|11|8384|18|AMITRIPTILINA CLORIDRATO 25 MG COMPRIMIDO|CMP
2586329|359747|303|02|2020|11|9134|60|ENALAPRIL MALEATO 10 MG COMPRIMIDO|CMP
2586330|359747|303|02|2020|11|9123|21|CLORPROMAZINA CLORIDRATO 25 MG COMPRIMIDO|CMP
2586334|359749|303|02|2020|11|13377|3|KIT ORDINÁRIO EJA INICIAL|KIT
2586331|359748|303|02|2020|11|12922|1|JOGOS DE MESAS E CADEIRAS DE PLÁSTICO LOCACAO DE JOGOS DE MESAS E CADEIRAS EM MATERIAL PLÁSTICO COM CADEIRA PLÁSTICA DE POLIPROPILENO COM PROTECAO ANTIUV ULTRA VIOLETA QUE GARANTE UMA MAIOR DURABILIDADE CERTIFICADA PELO INMETRO NA CLASSE B PARA USO IRRESTRITO OU SEJA PARA AMBIENTES INTERNOS E EXTERNOS SUPORTANDO A CARGA DE 140 KG NA COR BRANCA E EMPILHÁVEL E MESA MEDINDO APROXIMADAMENTE 1M X 1M NA COR BRANCA E EMPILHÁVEL SENDO MESA PLÁSTICA DE POLIPROPILENO COM PROTECAO ANTIUV ULTRAVIOLETA QUE GARANTE UMA MAIOR DURABILIDADE QUE ATENDA A TODOS OS AMBIENTES INTERNOS E EXTERNOS SUPORTANDO A CARGA DE 120 KG|UND
2586332|359749|303|02|2020|11|13376|2|KIT ORDINÁRIO FUNDAMENTAL INICIAL|KIT
2586333|359749|303|02|2020|11|13375|1|KIT ORDINÁRIO INFANTIL|KIT
2318345|301843|304|03|2020|4|4847|1|SERVICO USINAGEM E TORNEARIA|KILO
2586335|359750|303|02|2020|11|11995|1|PAPEL APERGAMINHADO FORMATO A4 210X297 MM 75 GM²3G COR BRANCO ALVURA MINIMA 97% ALCALINO FIBRA LONGITUDINAL CORTE ROTATIVO CONFORMIDADE COM AS NORMAS ISSO 970611108 REQUISITOS DE PERMANENCIA E DURABILIDADE ISSO 10716 RESERVA DE ALCALI E ISSO 6558 DETERMINACAO DE PH APLICACAO EM IMPRESSORAS LASER E COPIADORAS DE ALTA VELOCIDADE MINIMO 20 PÁGINASMINUTO PACOTE COM 500 FOLHAS SELO DE QUALIDADE CEFLOR E INMETRO|PCT
2307597|299719|304|03|2020|1|116|1|GASOLINA COMUM|LITRO
2307594|299718|304|03|2020|1|175|1|PAO FRANCES COM MANTEIGA 50GR|KILO
2307595|299719|304|03|2020|1|3567|3|OLEO DIESEL S10|LITRO
2307596|299719|304|03|2020|1|2326|2|ETANOL|LITRO
2307598|299720|304|03|2020|1|4829|2|FAB.INST.DE BRACOS TRELICADOS|UNIDADE
2307599|299720|304|03|2020|1|4838|11|SERV.PINTURA EPOX|UNIDADE
2307600|299720|304|03|2020|1|4835|8|CONF.INST.SISTEMA DE DRENO|UNIDADE
2307604|299720|304|03|2020|1|4828|1|CONF.E SOLDAS DE CHAPAS DE ACO|UNIDADE
2307601|299720|304|03|2020|1|4836|9|REC.INST.CHAPEU CHINES CENTRAL|UNIDADE
2307602|299720|304|03|2020|1|4831|4|CONST.INST.DE SEG.DA TORRE C.|UNIDADE
2307603|299720|304|03|2020|1|4833|6|CONF.INST.SUSPIROS|UNIDADE
2307605|299720|304|03|2020|1|4832|5|CONF.INST.ABRACADEIRA|UNIDADE
2307606|299720|304|03|2020|1|4830|3|RECONST.DE BRACOS TRELICADOS|UNIDADE
2307607|299720|304|03|2020|1|4834|7|CONF.INST.DRENOS|UNIDADE
2307608|299720|304|03|2020|1|4837|10|REFORCO DE SOLDA|UNIDADE
2307609|299721|304|03|2020|2|4502|3|CONS.ENGENHEIRO/ARQIT.SENIOR|HORA TRABALHADA
2307610|299721|304|03|2020|2|4507|5|PLOTAGEM FORMATO A1 MONOCROM.|UNIDADE
2307611|299721|304|03|2020|2|4503|4|CONSULT.ENG.ARQUIT.JUNIOR|HORA TRABALHADA
2307612|299721|304|03|2020|2|4500|2|PLAN.ORCAM.OBRA INFRAESTRUTURA|METRO QUADRADO
2307613|299721|304|03|2020|2|4483|1|PROJ.EXEC.EST.METALICAS|UNIDADE
2514878|344958|304|03|2020|6|4784|1|LOCACAO IMPRESSORA LASER|UNIDADE
2514879|344958|304|03|2020|6|4785|2|LOCACAO DE IMPRESSORA JATO|UNIDADE
2514880|344959|304|03|2020|6|2723|1|PNEU 175/65 R14|UNIDADE
2514881|344960|304|03|2020|6|5120|1|ALCOOL GEL 70 GRAUS|UNIDADE
2379925|315153|303|02|2020|3|13030|1|CONTRATACAO DE EMPRESA ESPECIALIZADA PARA CONSTRUCAO SOB REGIME DE EMPREITADA GLOBAL DE MURO DE ARRIMO DE 6 METROS DE ALTURA POR 20 METROS DE COMPRIMENTO CONFORME PLANILHA DE PROJETOS TIPICA E A META 02 APROVADA NO FORMULÁRIO DE SOLICITACAO DE RECURSOS DA DEFESA CIVIL NACIONAL NA RUA 12 BAIRRO EMBOABAS|UND
2379920|315151|303|02|2020|3|12797|1|PLACA FIBRACAL 10CM X 22CM CAIXA CONTENDO 6 UNIDADES|CX
2379921|315151|303|02|2020|3|12800|4|CAVILON SPRAY|FR
2379922|315151|303|02|2020|3|12799|3|PLACA ALLEVYN|UND
2379923|315151|303|02|2020|3|12798|2|ROLO DE FILME TRANSPARENTE|RL
2379924|315152|303|02|2020|3|13029|1|CONTRATACAO DE EMPRESA ESPECIALIZADA PARA CONSTRUCAO SOB REGIME DE EMPREITADA GLOBAL DE MURO DE ARRIMO DE 6 METROS DE ALTURA POR 60 METROS DE COMPRIMENTO CONFORME PLANILHA DE PROJETOS TIPICA E A META 03 APROVADA NO FORMULÁRIO DE SOLICITACAO DE RECURSOS DA DEFESA CIVIL NACIONAL NA RUA 12 BAIRRO EMBOABAS|UND
2379926|315154|303|02|2020|3|12573|2|ILUMINACAO TIPO 348 LÂMPADAS PAR 64 COM LÂMPADA F# 2 E 518 PARLED4 MINI BRUTES1 STROBO 3000 W1 MÁQUINA DE FUMACA COM VENTILADOR1 MESA DE LUZ DIGITAL DE 24 CANAIS DMX|DIÁ
2379927|315154|303|02|2020|3|12608|3|SHOW AO VIVO COM BANDA 2 ACOMPANHADO POR NO MÍNIMO COM 10 COMPONENTES VOCALISTA BATERISTA TECLADISTA GUITARRISTA BAIXISTA PERCUSSIONISTA 02 CASAIS DE BAILARINOS PARA APRESENTACAO MÍNIMA DE 03 HORAS DE DURACAO EXECUTANDO TODOS OS ESTILOS MUSICAIS HOSPEDAGEM ALIMENTACAO CAMARIM E TRANSPORTES POR CONTA DA PROPONENTE|DIÁ
2379928|315154|303|02|2020|3|12552|1|SOM TIPO 4 PA 3 MESA DE SOM DIGITAL DE 48 CANAIS COM 16 MANDADAS AUXILIARES 1 MULTI CABO DE 48 CANAIS COM 60 METROS SPLITER 4 PROCESSADORES DIGITAIS 1 CDDVD PLAYER 1 NOTEBOOK 16 CAIXAS DE SUB GRAVE COM 02 FALANTES DE18 16 CAIXAS DE ALTA FREQUÊNCIA LINE ARRAY COM 2X12 4 X 65 2 DRIVER EM GUIAS DE ONDA SISTEMA DE AMPLIFICACAO QUE ATENDA AS NECESSIDADES DO SISTEMA ACIMA E FIACAO E CONEXOES PARA AS DEVIDAS LIGACOES MONITOR PALCO 1 MESA DE SOM DIGITAL 48 CANAIS COM16 MANDADAS AUXILIARES 1 PROCESSADOR DIGITAL PARA O SIDEFILL 1SIDEFILL COM 2CAIXA PARA SUBGRAVE COM 2X18 E 2 CAIXA DE 3 VIAS COM 1X15 1X10 DRIVER OU 2 CAIXAS DE ALTA FREQUÊNCIA LINE ARRAY COM 1X12 DRIVE|DIÁ
2379929|315155|303|02|2020|3|10368|1|ALCOOL 70° FRASCO CONTENDO 1000 ML ANTISSÉPTICO PARA HIGIENIZACAO GERAL EMBALAGEM GALAO DE 1 L EOU 5 LITROS|FR
2379930|315156|303|02|2020|3|13020|1|CONTRATACAO DE EMPRESA ESPECIALIZADA PARA CONSTRUCAO SOB REGIME DE EMPREITADA GLOBAL DE MURO DE ARRIMO DE CONCRETO DE 4 METROS DE ALTURA POR 36 METROS DE COMPRIMENTO CONFORME PLANILHA DE PROJETOS TIPICA E A META 12 APROVADA NO FORMULÁRIO DE SOLICITACAO DE RECURSOS DA DEFESA CIVIL NACIONAL NA AVENIDA JOAO PINHEIRO BAIRRO CORREGO MACHADO|UND
2379931|315157|303|02|2020|3|13019|1|CONTRATACAO DE EMPRESA ESPECIALIZADA PARA CONSTRUCAO SOB REGIME DE EMPREITADA GLOBAL DE MURO DE ARRIMO DE CONCRETO DE 4 METROS DE ALTURA POR 48 METROS DE COMPRIMENTO CONFORME PLANILHA DE PROJETOS TIPICA E A META 13 APROVADA NO FORMULÁRIO DE SOLICITACAO DE RECURSOS DA DEFESA CIVIL NACIONAL NA AVENIDA JOAO PINHEIRO BAIRRO CENTRO|UND
2379932|315158|303|02|2020|3|13038|1|APARELHO BIPAP A 30 COM UMIDIFICADOR A 30 E MASCARA MIRAGE QUATTRO|UND
2379958|315170|303|02|2020|3|13012|1|CREDENCIAMENTO DE EMPRESAS PRESTADORAS DE SERVICOS DE SAÚDE ESPECIALIZADA PARA ATENDIMENTO AOS USUÁRIOS DO SUS DA REDE MUNICIPAL DE SAÚDE DO MUNICÍPIO POR UM PERÍODO DE DOZE MESES CONSULTAS MÉDICAS ESPECIALIZADAS EM ORTOPEDIA E EM PSIQUIATRIA|UND
2379955|315167|303|02|2020|3|13055|1|CREDENCIAMENTO Nº 0012020 PESSOAS JURÍDICAS PARA A PRESTACAO DE SERVICO DE TRANSPORTE GRATUITO A ESTUDANTES UNIVERSITÁRIOS E DE CURSOS TÉCNICOS PROFISSIONALIZANTES AMBOS PRESENCIAIS DO MUNICÍPIO DE CAETÉ E DISTRITOS PARA BELO HORIZONTE PELOS SERVICOS PRESTADOS A ADMINISTRACAO PAGARÁ O VALOR UNICO DE R$ 45000 POR MÊS POR ALUNO TRANSPORTADO SENDO O TRANSPORTE FEITO EM VEÍCULOS CONVENCIONAIS E ACESSÍVEIS ABASTECIDOS DE COMBUSTÍVEL E DEMAIS INSUMOS COM 01 UM MOTORISTA NO ÂMBITO DO PROGRAMA DE TRANSPORTE UNIVERSITÁRIO GRATUITO NOS TERMOS DA LEI MUNICIPAL Nº 29002014 REGULAMENTADA PELO DECRETO Nº 0292015 E DECRETO Nº 0072020 COM FUNDAMENTO NA LEI FEDERAL N° 866693|SRV
2379956|315168|303|02|2020|3|13026|1|CONTRATACAO DE EMPRESA ESPECIALIZADA PARA CONSTRUCAO SOB REGIME DE EMPREITADA GLOBAL DE MURO DE ARRIMO DE CONCRETO ARMADO DE 6 METROS DE ALTURA POR 08 METROS DE COMPRIMENTO CONFORME PLANILHA DE PROJETOS TIPICA E A META 06 APROVADA NO FORMULÁRIO DE SOLICITACAO DE RECURSOS DA DEFESA CIVIL NACIONAL NA RUA 11 BAIRRO EMBOABAS|UND
2379957|315169|303|02|2020|3|12989|1|CONTRATACAO DE SERVICOS DE INFRAESTRUTURA DE CONEXAO ENTRE DEPARTAMENTOS EOU UNIDADES DA PREFEITURA DE CAETÉ ÁREA URBANA|MÊS
2379959|315171|303|02|2020|3|13031|1|CONTRATACAO DE EMPRESA ESPECIALIZADA PARA CONSTRUCAO SOB REGIME DE EMPREITADA GLOBAL DE MURO TIPO GABIAO DE 4 METROS DE ALTURA POR 18 METROS DE COMPRIMENTO CONFORME PLANILHA DE PROJETOS TIPICA E A META 01 APROVADA NO FORMULÁRIO DE SOLICITACAO DE RECURSOS DA DEFESA CIVIL NACIONAL NA RUA ORLANDO DE CASTRO BAIRRO BONSUCESSO|UND
2379960|315172|303|02|2020|3|13028|1|CONTRATACAO DE EMPRESA ESPECIALIZADA PARA CONSTRUCAO SOB REGIME DE EMPREITADA GLOBAL DE MURO DE ARRIMO DE CONCRETO ARMADO DE 4 METROS DE ALTURA POR 14 METROS DE COMPRIMENTO CONFORME PLANILHA DE PROJETOS TIPICA E A META 04 APROVADA NO FORMULÁRIO DE SOLICITACAO DE RECURSOS DA DEFESA CIVIL NACIONAL NA RUA AURORA DE JESUS BAIRRO SAO GERALDO|UND
2379961|315173|303|02|2020|3|13023|1|CONTRATACAO DE EMPRESA ESPECIALIZADA PARA CONSTRUCAO SOB REGIME DE EMPREITADA GLOBAL DE CONTENCAO DE CABECEIRDA PONTE COM MURO TIPO GABIAO DE 4 METROS DE ALTURA POR 30 METROS DE COMPRIMENTO 15 DE CADA LADO CONFORME PLANILHA DE PROJETOS TIPICA E A META 09 APROVADA NO FORMULÁRIO DE SOLICITACAO DE RECURSOS DA DEFESA CIVIL NACIONAL NA AVENIDA FRANCISCO ASSUNCAO PEDROSA BAIRRO JOSÉ BRANDAO|UND
2379962|315174|303|02|2020|3|13025|1|CONTRATACAO DE EMPRESA ESPECIALIZADA PARA CONSTRUCAO SOB REGIME DE EMPREITADA GLOBAL DE MURO DE ARRIMO DE CONCRETO ARMADO DE 4 METROS DE ALTURA POR 30 METROS DE COMPRIMENTO CONFORME PLANILHA DE PROJETOS TIPICA E A META 07 APROVADA NO FORMULÁRIO DE SOLICITACAO DE RECURSOS DA DEFESA CIVIL NACIONAL NA RUA AURORA DE JESUS BAIRRO SAO GERALDO|UND
2379949|315167|303|02|2020|3|13055|1|CREDENCIAMENTO Nº 0012020 PESSOAS JURÍDICAS PARA A PRESTACAO DE SERVICO DE TRANSPORTE GRATUITO A ESTUDANTES UNIVERSITÁRIOS E DE CURSOS TÉCNICOS PROFISSIONALIZANTES AMBOS PRESENCIAIS DO MUNICÍPIO DE CAETÉ E DISTRITOS PARA BELO HORIZONTE PELOS SERVICOS PRESTADOS A ADMINISTRACAO PAGARÁ O VALOR UNICO DE R$ 45000 POR MÊS POR ALUNO TRANSPORTADO SENDO O TRANSPORTE FEITO EM VEÍCULOS CONVENCIONAIS E ACESSÍVEIS ABASTECIDOS DE COMBUSTÍVEL E DEMAIS INSUMOS COM 01 UM MOTORISTA NO ÂMBITO DO PROGRAMA DE TRANSPORTE UNIVERSITÁRIO GRATUITO NOS TERMOS DA LEI MUNICIPAL Nº 29002014 REGULAMENTADA PELO DECRETO Nº 0292015 E DECRETO Nº 0072020 COM FUNDAMENTO NA LEI FEDERAL N° 866693|SRV
2379946|315167|303|02|2020|3|13055|1|CREDENCIAMENTO Nº 0012020 PESSOAS JURÍDICAS PARA A PRESTACAO DE SERVICO DE TRANSPORTE GRATUITO A ESTUDANTES UNIVERSITÁRIOS E DE CURSOS TÉCNICOS PROFISSIONALIZANTES AMBOS PRESENCIAIS DO MUNICÍPIO DE CAETÉ E DISTRITOS PARA BELO HORIZONTE PELOS SERVICOS PRESTADOS A ADMINISTRACAO PAGARÁ O VALOR UNICO DE R$ 45000 POR MÊS POR ALUNO TRANSPORTADO SENDO O TRANSPORTE FEITO EM VEÍCULOS CONVENCIONAIS E ACESSÍVEIS ABASTECIDOS DE COMBUSTÍVEL E DEMAIS INSUMOS COM 01 UM MOTORISTA NO ÂMBITO DO PROGRAMA DE TRANSPORTE UNIVERSITÁRIO GRATUITO NOS TERMOS DA LEI MUNICIPAL Nº 29002014 REGULAMENTADA PELO DECRETO Nº 0292015 E DECRETO Nº 0072020 COM FUNDAMENTO NA LEI FEDERAL N° 866693|SRV
2379947|315167|303|02|2020|3|13055|1|CREDENCIAMENTO Nº 0012020 PESSOAS JURÍDICAS PARA A PRESTACAO DE SERVICO DE TRANSPORTE GRATUITO A ESTUDANTES UNIVERSITÁRIOS E DE CURSOS TÉCNICOS PROFISSIONALIZANTES AMBOS PRESENCIAIS DO MUNICÍPIO DE CAETÉ E DISTRITOS PARA BELO HORIZONTE PELOS SERVICOS PRESTADOS A ADMINISTRACAO PAGARÁ O VALOR UNICO DE R$ 45000 POR MÊS POR ALUNO TRANSPORTADO SENDO O TRANSPORTE FEITO EM VEÍCULOS CONVENCIONAIS E ACESSÍVEIS ABASTECIDOS DE COMBUSTÍVEL E DEMAIS INSUMOS COM 01 UM MOTORISTA NO ÂMBITO DO PROGRAMA DE TRANSPORTE UNIVERSITÁRIO GRATUITO NOS TERMOS DA LEI MUNICIPAL Nº 29002014 REGULAMENTADA PELO DECRETO Nº 0292015 E DECRETO Nº 0072020 COM FUNDAMENTO NA LEI FEDERAL N° 866693|SRV
2379948|315167|303|02|2020|3|13055|1|CREDENCIAMENTO Nº 0012020 PESSOAS JURÍDICAS PARA A PRESTACAO DE SERVICO DE TRANSPORTE GRATUITO A ESTUDANTES UNIVERSITÁRIOS E DE CURSOS TÉCNICOS PROFISSIONALIZANTES AMBOS PRESENCIAIS DO MUNICÍPIO DE CAETÉ E DISTRITOS PARA BELO HORIZONTE PELOS SERVICOS PRESTADOS A ADMINISTRACAO PAGARÁ O VALOR UNICO DE R$ 45000 POR MÊS POR ALUNO TRANSPORTADO SENDO O TRANSPORTE FEITO EM VEÍCULOS CONVENCIONAIS E ACESSÍVEIS ABASTECIDOS DE COMBUSTÍVEL E DEMAIS INSUMOS COM 01 UM MOTORISTA NO ÂMBITO DO PROGRAMA DE TRANSPORTE UNIVERSITÁRIO GRATUITO NOS TERMOS DA LEI MUNICIPAL Nº 29002014 REGULAMENTADA PELO DECRETO Nº 0292015 E DECRETO Nº 0072020 COM FUNDAMENTO NA LEI FEDERAL N° 866693|SRV
2379950|315167|303|02|2020|3|13055|1|CREDENCIAMENTO Nº 0012020 PESSOAS JURÍDICAS PARA A PRESTACAO DE SERVICO DE TRANSPORTE GRATUITO A ESTUDANTES UNIVERSITÁRIOS E DE CURSOS TÉCNICOS PROFISSIONALIZANTES AMBOS PRESENCIAIS DO MUNICÍPIO DE CAETÉ E DISTRITOS PARA BELO HORIZONTE PELOS SERVICOS PRESTADOS A ADMINISTRACAO PAGARÁ O VALOR UNICO DE R$ 45000 POR MÊS POR ALUNO TRANSPORTADO SENDO O TRANSPORTE FEITO EM VEÍCULOS CONVENCIONAIS E ACESSÍVEIS ABASTECIDOS DE COMBUSTÍVEL E DEMAIS INSUMOS COM 01 UM MOTORISTA NO ÂMBITO DO PROGRAMA DE TRANSPORTE UNIVERSITÁRIO GRATUITO NOS TERMOS DA LEI MUNICIPAL Nº 29002014 REGULAMENTADA PELO DECRETO Nº 0292015 E DECRETO Nº 0072020 COM FUNDAMENTO NA LEI FEDERAL N° 866693|SRV
2535224|348975|305|04|2020|10|17|1|LICENCA DE USO DE SOFTWARE|SRV
2379951|315167|303|02|2020|3|13055|1|CREDENCIAMENTO Nº 0012020 PESSOAS JURÍDICAS PARA A PRESTACAO DE SERVICO DE TRANSPORTE GRATUITO A ESTUDANTES UNIVERSITÁRIOS E DE CURSOS TÉCNICOS PROFISSIONALIZANTES AMBOS PRESENCIAIS DO MUNICÍPIO DE CAETÉ E DISTRITOS PARA BELO HORIZONTE PELOS SERVICOS PRESTADOS A ADMINISTRACAO PAGARÁ O VALOR UNICO DE R$ 45000 POR MÊS POR ALUNO TRANSPORTADO SENDO O TRANSPORTE FEITO EM VEÍCULOS CONVENCIONAIS E ACESSÍVEIS ABASTECIDOS DE COMBUSTÍVEL E DEMAIS INSUMOS COM 01 UM MOTORISTA NO ÂMBITO DO PROGRAMA DE TRANSPORTE UNIVERSITÁRIO GRATUITO NOS TERMOS DA LEI MUNICIPAL Nº 29002014 REGULAMENTADA PELO DECRETO Nº 0292015 E DECRETO Nº 0072020 COM FUNDAMENTO NA LEI FEDERAL N° 866693|SRV
2379952|315167|303|02|2020|3|13055|1|CREDENCIAMENTO Nº 0012020 PESSOAS JURÍDICAS PARA A PRESTACAO DE SERVICO DE TRANSPORTE GRATUITO A ESTUDANTES UNIVERSITÁRIOS E DE CURSOS TÉCNICOS PROFISSIONALIZANTES AMBOS PRESENCIAIS DO MUNICÍPIO DE CAETÉ E DISTRITOS PARA BELO HORIZONTE PELOS SERVICOS PRESTADOS A ADMINISTRACAO PAGARÁ O VALOR UNICO DE R$ 45000 POR MÊS POR ALUNO TRANSPORTADO SENDO O TRANSPORTE FEITO EM VEÍCULOS CONVENCIONAIS E ACESSÍVEIS ABASTECIDOS DE COMBUSTÍVEL E DEMAIS INSUMOS COM 01 UM MOTORISTA NO ÂMBITO DO PROGRAMA DE TRANSPORTE UNIVERSITÁRIO GRATUITO NOS TERMOS DA LEI MUNICIPAL Nº 29002014 REGULAMENTADA PELO DECRETO Nº 0292015 E DECRETO Nº 0072020 COM FUNDAMENTO NA LEI FEDERAL N° 866693|SRV
2379953|315167|303|02|2020|3|13055|1|CREDENCIAMENTO Nº 0012020 PESSOAS JURÍDICAS PARA A PRESTACAO DE SERVICO DE TRANSPORTE GRATUITO A ESTUDANTES UNIVERSITÁRIOS E DE CURSOS TÉCNICOS PROFISSIONALIZANTES AMBOS PRESENCIAIS DO MUNICÍPIO DE CAETÉ E DISTRITOS PARA BELO HORIZONTE PELOS SERVICOS PRESTADOS A ADMINISTRACAO PAGARÁ O VALOR UNICO DE R$ 45000 POR MÊS POR ALUNO TRANSPORTADO SENDO O TRANSPORTE FEITO EM VEÍCULOS CONVENCIONAIS E ACESSÍVEIS ABASTECIDOS DE COMBUSTÍVEL E DEMAIS INSUMOS COM 01 UM MOTORISTA NO ÂMBITO DO PROGRAMA DE TRANSPORTE UNIVERSITÁRIO GRATUITO NOS TERMOS DA LEI MUNICIPAL Nº 29002014 REGULAMENTADA PELO DECRETO Nº 0292015 E DECRETO Nº 0072020 COM FUNDAMENTO NA LEI FEDERAL N° 866693|SRV
2379937|315163|303|02|2020|3|12554|1|TENDA 10 X 10 METROS ESTRUTURA METÁLICA COM COBERTURA EM LONA PIRAMIDAL E CONVENCIONAL BRANCA COM PÉ DIREITO COM NO MÍNIMO 04 METROS|DIÁ
2379954|315167|303|02|2020|3|13055|1|CREDENCIAMENTO Nº 0012020 PESSOAS JURÍDICAS PARA A PRESTACAO DE SERVICO DE TRANSPORTE GRATUITO A ESTUDANTES UNIVERSITÁRIOS E DE CURSOS TÉCNICOS PROFISSIONALIZANTES AMBOS PRESENCIAIS DO MUNICÍPIO DE CAETÉ E DISTRITOS PARA BELO HORIZONTE PELOS SERVICOS PRESTADOS A ADMINISTRACAO PAGARÁ O VALOR UNICO DE R$ 45000 POR MÊS POR ALUNO TRANSPORTADO SENDO O TRANSPORTE FEITO EM VEÍCULOS CONVENCIONAIS E ACESSÍVEIS ABASTECIDOS DE COMBUSTÍVEL E DEMAIS INSUMOS COM 01 UM MOTORISTA NO ÂMBITO DO PROGRAMA DE TRANSPORTE UNIVERSITÁRIO GRATUITO NOS TERMOS DA LEI MUNICIPAL Nº 29002014 REGULAMENTADA PELO DECRETO Nº 0292015 E DECRETO Nº 0072020 COM FUNDAMENTO NA LEI FEDERAL N° 866693|SRV
2379933|315159|303|02|2020|3|13022|1|CONTRATACAO DE EMPRESA ESPECIALIZADA PARA CONSTRUCAO SOB REGIME DE EMPREITADA GLOBAL DE CONTENCAO DE ENCOSTA COM MURO TIPO GABIAO DE 4 METROS DE ALTURA POR 30 METROS DE COMPRIMENTO 15 DE CADA LADO E MANILHAMNETO DE 10 METROS LINEAR COM TUBO DE CONCRETO 1000 MM CONFORME PLANILHA DE PROJETOS TIPICA E A META 10 APROVADA NO FORMULÁRIO DE SOLICITACAO DE RECURSOS DA DEFESA CIVIL NACIONAL NA AVENIDA FRANCISCO DE PAULO CASTRO BAIRRO BONSUCESSO|UND
2379934|315160|303|02|2020|3|13018|1|CONTRATACAO DE EMPRESA ESPECIALIZADA PARA CONSTRUCAO SOB REGIME DE EMPREITADA GLOBAL DE MURO DE CONCRETO ARMADO DE 4 METROS DE ALTURA POR 10 METROS DE COMPRIMENTO CONFORME PLANILHA DE PROJETOS TIPICA E A META 15 APROVADA NO FORMULÁRIO DE SOLICITACAO DE RECURSOS DA DEFESA CIVIL NACIONAL NA AVENIDA JOAO PINHEIRO BAIRRO CENTRO|UND
2379935|315161|303|02|2020|3|13024|1|CONTRATACAO DE EMPRESA ESPECIALIZADA PARA CONSTRUCAO SOB REGIME DE EMPREITADA GLOBAL PARA RECOMPOSICAO DO TABULEIRO DA PONTE DOS CORREIAS NO DISTRITO DE ANTONIO DOS SANTOS CONFORME META 08 APROVADA NO FORMULÁRIO DE SOLICITACAO DE RECURSOS DA DEFESA CIVIL NACIONAL|UND
2379936|315162|303|02|2020|3|13017|1|CONTRATACAO DE EMPRESA ESPECIALIZADA PARA CONSTRUCAO SOB REGIME DE EMPREITADA GLOBAL PARA RECOMPOSICAO DO TABULEIRO DA PONTE DOS BRAGAS NO DISTRITO DE ANTONIO DOS SANTOS CONFORME META 16 APROVADA NO FORMULÁRIO DE SOLICITACAO DE RECURSOS DA DEFESA CIVIL NACIONAL|UND
2379938|315164|303|02|2020|3|13021|1|CONTRATACAO DE EMPRESA ESPECIALIZADA PARA CONSTRUCAO SOB REGIME DE EMPREITADA GLOBAL DE MURO DE ARRIMO DE CONCRETO ARMADO DE 6 METROS DE ALTURA POR 42 METROS DE COMPRIMENTO CONFORME PLANILHA DE PROJETOS TIPICA E A META 11 APROVADA NO FORMULÁRIO DE SOLICITACAO DE RECURSOS DA DEFESA CIVIL NACIONAL NA RUA SERINGUELA BAIRRO CIDADE JARDIM|UND
2379939|315165|303|02|2020|3|13027|1|CONTRATACAO DE EMPRESA ESPECIALIZADA PARA CONSTRUCAO SOB REGIME DE EMPREITADA GLOBAL DE MURO DE ARRIMO DE CONCRETO ARMADO DE 4 METROS DE ALTURA POR 55 METROS DE COMPRIMENTO CONFORME PLANILHA DE PROJETOS TIPICA E A META 05 APROVADA NO FORMULÁRIO DE SOLICITACAO DE RECURSOS DA DEFESA CIVIL NACIONAL NA RUA AURORA DE JESUS BAIRRO SAO GERALDO|UND
2379940|315166|303|02|2020|3|13016|1|CONCRETO USINADO 20 MPA PARA RECOMPOSICAP DO PASSEIO NA AVENIDA JOAO PINHEIRO CONFORME A META 18 APROVADA NO FORMULÁRIO DE SOLICITACAO DE RECURSOS DA DEFESA CIVIL NACIONAL BAIRRO CENTRO|M³
2379941|315167|303|02|2020|3|13056|2|CREDENCIAMENTO Nº 0012020 PESSOAS JURÍDICAS PARA A PRESTACAO DE SERVICO DE TRANSPORTE GRATUITO A ESTUDANTES UNIVERSITÁRIOS E DE CURSOS TÉCNICOS PROFISSIONALIZANTES AMBOS PRESENCIAIS DO MUNICÍPIO DE CAETÉ E DISTRITOS PARA SABARÁ PELOS SERVICOS PRESTADOS A ADMINISTRACAO PAGARÁ O VALOR UNICO DE R$ 30000 POR MÊS POR ALUNO TRANSPORTADO SENDO O TRANSPORTE FEITO EM VEÍCULOS CONVENCIONAIS E ACESSÍVEIS ABASTECIDOS DE COMBUSTÍVEL E DEMAIS INSUMOS COM 01 UM MOTORISTA NO ÂMBITO DO PROGRAMA DE TRANSPORTE UNIVERSITÁRIO GRATUITO NOS TERMOS DA LEI MUNICIPAL Nº 29002014 REGULAMENTADA PELO DECRETO Nº 0292015 E DECRETO Nº 0072020 COM FUNDAMENTO NA LEI FEDERAL N° 866693|SRV
2379942|315167|303|02|2020|3|13055|1|CREDENCIAMENTO Nº 0012020 PESSOAS JURÍDICAS PARA A PRESTACAO DE SERVICO DE TRANSPORTE GRATUITO A ESTUDANTES UNIVERSITÁRIOS E DE CURSOS TÉCNICOS PROFISSIONALIZANTES AMBOS PRESENCIAIS DO MUNICÍPIO DE CAETÉ E DISTRITOS PARA BELO HORIZONTE PELOS SERVICOS PRESTADOS A ADMINISTRACAO PAGARÁ O VALOR UNICO DE R$ 45000 POR MÊS POR ALUNO TRANSPORTADO SENDO O TRANSPORTE FEITO EM VEÍCULOS CONVENCIONAIS E ACESSÍVEIS ABASTECIDOS DE COMBUSTÍVEL E DEMAIS INSUMOS COM 01 UM MOTORISTA NO ÂMBITO DO PROGRAMA DE TRANSPORTE UNIVERSITÁRIO GRATUITO NOS TERMOS DA LEI MUNICIPAL Nº 29002014 REGULAMENTADA PELO DECRETO Nº 0292015 E DECRETO Nº 0072020 COM FUNDAMENTO NA LEI FEDERAL N° 866693|SRV
2379943|315167|303|02|2020|3|13055|1|CREDENCIAMENTO Nº 0012020 PESSOAS JURÍDICAS PARA A PRESTACAO DE SERVICO DE TRANSPORTE GRATUITO A ESTUDANTES UNIVERSITÁRIOS E DE CURSOS TÉCNICOS PROFISSIONALIZANTES AMBOS PRESENCIAIS DO MUNICÍPIO DE CAETÉ E DISTRITOS PARA BELO HORIZONTE PELOS SERVICOS PRESTADOS A ADMINISTRACAO PAGARÁ O VALOR UNICO DE R$ 45000 POR MÊS POR ALUNO TRANSPORTADO SENDO O TRANSPORTE FEITO EM VEÍCULOS CONVENCIONAIS E ACESSÍVEIS ABASTECIDOS DE COMBUSTÍVEL E DEMAIS INSUMOS COM 01 UM MOTORISTA NO ÂMBITO DO PROGRAMA DE TRANSPORTE UNIVERSITÁRIO GRATUITO NOS TERMOS DA LEI MUNICIPAL Nº 29002014 REGULAMENTADA PELO DECRETO Nº 0292015 E DECRETO Nº 0072020 COM FUNDAMENTO NA LEI FEDERAL N° 866693|SRV
2379944|315167|303|02|2020|3|13055|1|CREDENCIAMENTO Nº 0012020 PESSOAS JURÍDICAS PARA A PRESTACAO DE SERVICO DE TRANSPORTE GRATUITO A ESTUDANTES UNIVERSITÁRIOS E DE CURSOS TÉCNICOS PROFISSIONALIZANTES AMBOS PRESENCIAIS DO MUNICÍPIO DE CAETÉ E DISTRITOS PARA BELO HORIZONTE PELOS SERVICOS PRESTADOS A ADMINISTRACAO PAGARÁ O VALOR UNICO DE R$ 45000 POR MÊS POR ALUNO TRANSPORTADO SENDO O TRANSPORTE FEITO EM VEÍCULOS CONVENCIONAIS E ACESSÍVEIS ABASTECIDOS DE COMBUSTÍVEL E DEMAIS INSUMOS COM 01 UM MOTORISTA NO ÂMBITO DO PROGRAMA DE TRANSPORTE UNIVERSITÁRIO GRATUITO NOS TERMOS DA LEI MUNICIPAL Nº 29002014 REGULAMENTADA PELO DECRETO Nº 0292015 E DECRETO Nº 0072020 COM FUNDAMENTO NA LEI FEDERAL N° 866693|SRV
2379945|315167|303|02|2020|3|13055|1|CREDENCIAMENTO Nº 0012020 PESSOAS JURÍDICAS PARA A PRESTACAO DE SERVICO DE TRANSPORTE GRATUITO A ESTUDANTES UNIVERSITÁRIOS E DE CURSOS TÉCNICOS PROFISSIONALIZANTES AMBOS PRESENCIAIS DO MUNICÍPIO DE CAETÉ E DISTRITOS PARA BELO HORIZONTE PELOS SERVICOS PRESTADOS A ADMINISTRACAO PAGARÁ O VALOR UNICO DE R$ 45000 POR MÊS POR ALUNO TRANSPORTADO SENDO O TRANSPORTE FEITO EM VEÍCULOS CONVENCIONAIS E ACESSÍVEIS ABASTECIDOS DE COMBUSTÍVEL E DEMAIS INSUMOS COM 01 UM MOTORISTA NO ÂMBITO DO PROGRAMA DE TRANSPORTE UNIVERSITÁRIO GRATUITO NOS TERMOS DA LEI MUNICIPAL Nº 29002014 REGULAMENTADA PELO DECRETO Nº 0292015 E DECRETO Nº 0072020 COM FUNDAMENTO NA LEI FEDERAL N° 866693|SRV
2379963|315175|303|02|2020|4|8502|39|CLONAZEPAM 25 MGML SOLUCAO ORAL|UND
2379964|315175|303|02|2020|4|8372|36|PREDNISOLONA FOSFATO SÓDICO 1 MGML SOLUCAO ORAL|FR
2379965|315175|303|02|2020|4|8501|64|ÁCIDO FÓLICO 5 MG COMPRIMIDO|CMP
2379966|315175|303|02|2020|4|8380|43|METOCLOPRAMIDA CLORIDRATO 10 MG COMPRIMIDO|CMP
2379970|315175|303|02|2020|4|9134|61|ENALAPRIL MALEATO 10 MG COMPRIMIDO|CMP
2379967|315175|303|02|2020|4|8365|34|METFORMINA CLORIDRATO 850 MG COMPRIMIDO|CMP
2379968|315175|303|02|2020|4|9127|20|FLUCONAZOL 150 MG CÁPSULA|CAP
2379969|315175|303|02|2020|4|10346|72|ESPIRONOLACTONA 25 MG COMPRIMIDO|CMP
2379971|315175|303|02|2020|4|7562|63|HIDROCLOROTIAZIDA 25MG|CMP
2379972|315175|303|02|2020|4|11879|56|BIPERIDENO CLORIDRATO 5 MGML SOLUCAO INJETÁVEL VIA ENDOVENOSA OU INTRAMUSCULAR|AMP
2379973|315175|303|02|2020|4|9141|41|DEXCLORFENIRAMINA MALEATO 2 MG COMPRIMIDO|CMP
2379974|315175|303|02|2020|4|7781|22|GLIBENCLAMIDA 5MG|UND
2379975|315175|303|02|2020|4|8386|79|LEVODOPABENSERAZIDA 20050 MGMG COMPRIMIDO|CMP
2379976|315175|303|02|2020|4|8364|76|HALOPERIDOL 2 MGML SOLUCAO ORAL|FR
2379977|315175|303|02|2020|4|12171|81|SAIS DE REIDRATACAO ORAL CLORETO SÓDIOGLICOSECITRATO DE SÓDIOCLORETO DE POTÁSSIO352002925 G PÓ PARA PREPARACAO EXTEMPORANEA|UND
2379978|315175|303|02|2020|4|8363|38|VERAPAMIL CLORIDRATO 80 MG COMPRIMIDO|CMP
2379979|315175|303|02|2020|4|8507|47|PROPRANOLOL CLORIDRATO 40 MG COMPRIMIDO|CMP
2379980|315175|303|02|2020|4|13057|54|LEVOTIROXINA SODICA 50 MCG|CMP
2379981|315175|303|02|2020|4|8387|78|LEVODOPABENSERAZIDA 10025 MGMG COMPRIMIDO|CMP
2379982|315175|303|02|2020|4|9126|52|SINVASTATINA 10 MG COMPRIMIDO|CMP
2379983|315175|303|02|2020|4|11876|50|METOPROLOL SUCCINATO 50 MG COMPRIMIDO REVESTIDO DE LIBERACAO CONTROLADA|CMP
2379984|315175|303|02|2020|4|10341|1|ISOSSORBIDA MONONITRATO 20 MG COMPRIMIDO|CMP
2379985|315175|303|02|2020|4|2210|46|PROMETAZINA INJETÁVEL 25MGML AMPOLA 2ML|AMP
2379986|315175|303|02|2020|4|8355|73|FENOBARBITAL SÓDICO 100 MG COMPRIMIDO|CMP
2379987|315175|303|02|2020|4|9409|65|CARBAMAZEPINA 20 MGML SUSPENSAO ORAL|FR
2379988|315175|303|02|2020|4|11877|12|DIAZEPAM 5 MGML SOLUCAO INJETÁVEL VIA ENDOVENOSA|AMP
2379989|315175|303|02|2020|4|8368|44|OMEPRAZOL 20 MG CÁPSULA|CMP
2379990|315175|303|02|2020|4|9119|32|LORATADINA 1 MGML XAROPE|FR
2379991|315175|303|02|2020|4|8357|80|LEVOTIROXINA SÓDICA 100 MCG COMPRIMIDO|CMP
2379992|315175|303|02|2020|4|8385|62|ENALAPRIL MALEATO 20 MG COMPRIMIDO|CMP
2379996|315175|303|02|2020|4|8499|57|DIAZEPAM 10 MG COMPRIMIDO|CMP
2379993|315175|303|02|2020|4|8356|53|LEVOTIROXINA SÓDICA 25 MCG COMPRIMIDO|CMP
2379994|315175|303|02|2020|4|11985|23|IPRATROPIO BROMETO 025 MGML SOLUCAO PARA INALACAO|UND
2379995|315175|303|02|2020|4|9300|71|DIPIRONA 500 MGML SOLUCAO ORAL FRASCO DE 20 ML|FR
2379997|315175|303|02|2020|4|11272|16|AZITROMICINA 500 MGML COMPRIMIDO REVESTIDO|FR
2379998|315175|303|02|2020|4|8675|25|ALBENDAZOL 400 MG COMPRIMIDO MASTIGÁVEL|CMP
2379999|315175|303|02|2020|4|8371|45|PARACETAMOL 500 MG COMPRIMIDO|CMP
2380000|315175|303|02|2020|4|8370|35|METRONIDAZOL 250 MG COMPRIMIDO|CMP
2380001|315175|303|02|2020|4|12174|19|DIPIRONA SÓDICA 500MGML SOLUCAO INJETÁVELVIA ENDOVENOSA OU INTRAMUSCULAR|UND
2380002|315175|303|02|2020|4|10524|27|AMOXICILINA 500 MG CAPSULA|UND
2380003|315175|303|02|2020|4|8361|69|CLOMIPRAMINA CLORIDRATO 25 MG COMPRIMIDO|CMP
2380004|315175|303|02|2020|4|8505|66|CARVEDILOL 125 MG COMPRIMIDO|CMP
2380005|315175|303|02|2020|4|4724|17|CAPTOPRIL 25 MG|CMP
2380006|315175|303|02|2020|4|8378|15|ANLODIPINO BESILATO 5 MG COMPRIMIDO|CMP
2380007|315175|303|02|2020|4|8384|8|AMITRIPTILINA CLORIDRATO 25 MG COMPRIMIDO|CMP
2380008|315175|303|02|2020|4|2199|21|FUROSEMIDA SOLUCAO INJETÁVEL 10MGML AMPOLA DE 2 ML|AMP
2380009|315175|303|02|2020|4|8373|14|SALBUTAMOL SULFATO 100 MCG AEROSOL ORAL|FR
2380013|315175|303|02|2020|4|8350|82|VARFARINA SÓDICA 5 MG COMPRIMIDO|CMP
2380010|315175|303|02|2020|4|10345|77|HALOPERIDOL DECANOATO 50 MGML SOLUCAO INJETÁVEL VIA INTRAMUSCULAR|AMP
2380011|315175|303|02|2020|4|7922|75|HALOPERIDOL 5MGML SOLUCAO INJETÁVEL 1 ML|AMP
2380012|315175|303|02|2020|4|7564|5|VALPROATO DE SÓDIO 250MG|CAP
2380014|315175|303|02|2020|4|9118|6|BENZOILMETRONIDAZOL 40 MGML SUSPENSAO ORAL|FR
2380015|315175|303|02|2020|4|10523|24|VALPROATO DE SÓDIO 50 MGML XAROPE|UND
2380016|315175|303|02|2020|4|8379|42|FUROSEMIDA 40 MG COMPRIMIDO|CMP
2380017|315175|303|02|2020|4|10525|3|AMOXICILINA CLAVULANATO DE POTASSIO 50125 MGML PÓ PARA SUSPENSAO ORAL|UND
2380018|315175|303|02|2020|4|10342|67|CARVEDILOL 3125 MG COMPRIMIDO|CMP
2380019|315175|303|02|2020|4|8497|13|FLUOXETINA CLORIDRATO 20 MG CÁSPULA|CAP
2380020|315175|303|02|2020|4|9138|51|NITROFURANTOINA 100 MG CÁPSULA|CAP
2380021|315175|303|02|2020|4|8359|68|CEFALEXINA 500 MG COMPRIMIDO|CMP
2380022|315175|303|02|2020|4|4720|7|ÁCIDO ACETILSALICÍLICO 100 MG|CMP
2380023|315175|303|02|2020|4|8382|55|BIPERIDENO CLORIDRATO 2 MG COMPRIMIDO|CMP
2380024|315175|303|02|2020|4|8506|29|CIPROFLOXACINO CLORIDRATO 500 MG COMPRIMIDO|CMP
2380025|315175|303|02|2020|4|9116|26|AMOXICILINA 50 MGML PÓ PARA SUSPENSAO ORAL|FR
2380026|315175|303|02|2020|4|10353|11|DEXCLORFENIRAMINA MALEATO 04 MGML SOLUCAO ORAL|FR
2380027|315175|303|02|2020|4|12700|49|SULFATO FERROSO 125MGML 25 MGML DE FERRO ELEMENTAR SOLUCAO ORAL|UND
2380028|315175|303|02|2020|4|6883|9|CARBAMAZEPINA 200 MG|CMP
2380029|315175|303|02|2020|4|9137|48|SINVASTATINA 40 MG COMPRIMIDO|CMP
2380030|315175|303|02|2020|4|8367|33|LOSARTANA POTÁSSICA 50 MG COMPRIMIDO REVESTIDO|CMP
2380031|315175|303|02|2020|4|12225|60|ACICLOVIR 200 MG|UND
2380032|315175|303|02|2020|4|8358|2|ALENDRONATO SÓDIO 70 MG COMPRIMIDO|CMP
2380033|315175|303|02|2020|4|10351|18|DIGOXINA 025 MG COMPRIMIDO|CMP
2380034|315175|303|02|2020|4|8503|70|CLORPROMAZINA CLORIDRATO 100 MG COMPRIMIDO|CMP
2380035|315175|303|02|2020|4|11273|28|AZITROMICINA 40 MGML 600 MG PÓ PARA SUSPENSAO ORAL|UND
2380036|315175|303|02|2020|4|9123|40|CLORPROMAZINA CLORIDRATO 25 MG COMPRIMIDO|CMP
2380037|315175|303|02|2020|4|8369|31|DIPIRONA SÓDICA 500 MG COMPRIMIDO|CMP
2380038|315175|303|02|2020|4|8510|30|DEXAMETASONA 1 MG/G CREME|UND
2380039|315175|303|02|2020|4|8498|58|HALOPERIDOL 5 MG COMPRIMIDO|CMP
2380040|315175|303|02|2020|4|10348|74|FENOBARBITAL SÓDICO 40 MGML SOLUCAO ORAL|FR
2380041|315175|303|02|2020|4|12173|4|AMOXICILINA CLAVULANATO DE POTASSIO 500125 MGCOMPRIMIDO|CMP
2380042|315175|303|02|2020|4|9128|59|LEVODOPA CARBIDOPA 250 25MG COMPRIMIDO|CMP
2380043|315175|303|02|2020|4|10340|10|CEFALEXINA 50 MGML PÓ PARA SUSPENSAO ORAL|FR
2380044|315175|303|02|2020|4|12170|37|SULFATO FERROSO 12297 MG 40 MG DE FERRO ELEMENTAR|CMP
2380045|315176|303|02|2020|4|13054|1|CESTAS BASICAS CONTENDO OS SEGUINTES ITENS 5 KG DE ARROZ TIPO 1 5 KG DE ACÚCAR CRISTAL 2 KG DE FEIJAO CARIOCA TIPO 1 1 KG DE FUBÁ DE MILHO 500 GR DE MACARRAO PARAFUSO MASSA COM OVOS 500 GR DE MACARRAO ESPAGUETE MASSA COM OVOS 1 KG DE SAL REFINADO 1 FRASCO DE ÓLEO DE SOJA EMBALAGEM CONTENDO 900 ML 1 KG DE FARINHA DE MANDIOCA 2 PCT DE LEITE EM PÓ CONTENDO 400 GR CADA 1 LATA DE EXTRTO DE TOMATE CONTENDO 350 GR E 1 LATA DE SARDINHA LATA CONTENDO 250 GR|UND
2380046|315177|303|02|2020|4|8604|1|ÁLCOOL GEL ANTISSÉPTICO QUE TEM COMO AGENTE ATIVO O ÁLCOOL ETÍLICO NA CONCENTRACAO DE 70% PP INDICADO NA ASSEPSIA DA PELE A SECO FRASCO CONTENDO 500 GR SENDO O FRASCO PRÁSTICO COM GOTEJADOR ESSÊNCIA DE ERVA DOCE REGISTRO NA ANVISA OS FRASCOS|FR
2380050|315180|303|02|2020|4|4441|1|PUBLICACOES DE EXTRATOS DE EDITAIS E ATOS DO GOVERNO MUNICIPAL|SRV
2380047|315178|303|02|2020|4|9604|1|ÁLCOOL GEL ANTISSÉPTICO QUE TEM COMO AGENTE ATIVO O ÁLCOOL ETÍLICO NA CONCENTRACAO DE 70% PP INDICADO NA ASSEPSIA DA PELE A SECO FRASCO CONTENDO 500 GR SENDO O FRASCO PLÁSTICO COM GOTEJADOR ESSÊNCIA DE ERVA DOCE REGISTRO NA ANVISA|MT
2380048|315178|303|02|2020|4|4467|2|ÁLCOOL ETÍLICO HIDRATADO A 928° PARA USO EM SUPERFÍCIES FIXAS EMBALADO EM FRASCO COM 1000 ML COM TAMPA DE ROSCA QUE NAO PERMITA VAZAMENTOS|FR
2380049|315179|303|02|2020|4|13054|1|CESTAS BASICAS CONTENDO OS SEGUINTES ITENS 5 KG DE ARROZ TIPO 1 5 KG DE ACÚCAR CRISTAL 2 KG DE FEIJAO CARIOCA TIPO 1 1 KG DE FUBÁ DE MILHO 500 GR DE MACARRAO PARAFUSO MASSA COM OVOS 500 GR DE MACARRAO ESPAGUETE MASSA COM OVOS 1 KG DE SAL REFINADO 1 FRASCO DE ÓLEO DE SOJA EMBALAGEM CONTENDO 900 ML 1 KG DE FARINHA DE MANDIOCA 2 PCT DE LEITE EM PÓ CONTENDO 400 GR CADA 1 LATA DE EXTRTO DE TOMATE CONTENDO 350 GR E 1 LATA DE SARDINHA LATA CONTENDO 250 GR|UND
2380051|315181|303|02|2020|4|8604|1|ÁLCOOL GEL ANTISSÉPTICO QUE TEM COMO AGENTE ATIVO O ÁLCOOL ETÍLICO NA CONCENTRACAO DE 70% PP INDICADO NA ASSEPSIA DA PELE A SECO FRASCO CONTENDO 500 GR SENDO O FRASCO PRÁSTICO COM GOTEJADOR ESSÊNCIA DE ERVA DOCE REGISTRO NA ANVISA OS FRASCOS|FR
2380052|315182|303|02|2020|4|4441|1|PUBLICACOES DE EXTRATOS DE EDITAIS E ATOS DO GOVERNO MUNICIPAL|SRV
2380056|315186|303|02|2020|4|13138|1|TESTE RÁPIDO COVID 19|UND
2380053|315183|303|02|2020|4|13054|1|CESTAS BASICAS CONTENDO OS SEGUINTES ITENS 5 KG DE ARROZ TIPO 1 5 KG DE ACÚCAR CRISTAL 2 KG DE FEIJAO CARIOCA TIPO 1 1 KG DE FUBÁ DE MILHO 500 GR DE MACARRAO PARAFUSO MASSA COM OVOS 500 GR DE MACARRAO ESPAGUETE MASSA COM OVOS 1 KG DE SAL REFINADO 1 FRASCO DE ÓLEO DE SOJA EMBALAGEM CONTENDO 900 ML 1 KG DE FARINHA DE MANDIOCA 2 PCT DE LEITE EM PÓ CONTENDO 400 GR CADA 1 LATA DE EXTRTO DE TOMATE CONTENDO 350 GR E 1 LATA DE SARDINHA LATA CONTENDO 250 GR|UND
2380054|315184|303|02|2020|4|3427|1|INSULINA HUMALOG 100UIML FRASCO CONTENDO 10 ML|FR
2380055|315185|303|02|2020|4|13140|1|CONTRATACAO DE EMPRESA ESPECIALIZADA PARA CONSTRUCAO DE DRENAGEM PROFUNDA NA AVENIDA FRANCISCO DE PAULA CASTRO BAIRRO BONSUCESSO|UND
2380057|315187|303|02|2020|4|13039|1|CONTRATACAO DE SERVICOS DE INFRAESTRUTURA DE CONEXAO UNIDADE DE SAÚDE AMETISTA|MÊS
2380058|315187|303|02|2020|4|13047|8|CONTRATACAO DE SERVICOS DE INFRAESTRUTURA DE CONEXAO CENTRO DE REFERENCIA DO IDOSO|MÊS
2380059|315187|303|02|2020|4|13040|2|CONTRATACAO DE SERVICOS DE INFRAESTRUTURA DE CONEXAO UNIDADE DE SAÚDE ESMERALDA|MÊS
2380060|315187|303|02|2020|4|13129|14|CONTRATACAO DE SERVICOS DE INFRAESTRUTURA DE CONEXAO UNIDADE DE SAÚDE CRISTAL ROCAS NOVAS|MÊS
2380061|315187|303|02|2020|4|13042|3|CONTRATACAO DE SERVICOS DE INFRAESTRUTURA DE CONEXAO UNIDADE DE SAÚDE SAFIRA|MÊS
2380062|315187|303|02|2020|4|13130|15|CONTRATACAO DE SERVICOS DE INFRAESTRUTURA DE CONEXAO UNIDADE DE SAÚDE CRISTAL POSSES|MÊS
2380063|315187|303|02|2020|4|13132|17|CONTRATACAO DE SERVICOS DE INFRAESTRUTURA DE CONEXAO UNIDADE DE SAÚDE MORRO VERMELHO|MÊS
2380064|315187|303|02|2020|4|13131|16|CONTRATACAO DE SERVICOS DE INFRAESTRUTURA DE CONEXAO UNIDADE DE SAÚDE RUBI ANTONIO DOS SANTOS|MÊS
2380065|315187|303|02|2020|4|13043|4|CONTRATACAO DE SERVICOS DE INFRAESTRUTURA DE CONEXAO UNIDADE DE SAÚDE TOPÁZIO|MÊS
2380066|315187|303|02|2020|4|13051|11|CONTRATACAO DE SERVICOS DE INFRAESTRUTURA DE CONEXAO POLICLÍNICA|MÊS
2380067|315187|303|02|2020|4|13046|7|CONTRATACAO DE SERVICOS DE INFRAESTRUTURA DE CONEXAO NÚCLEO DE APOIO A SAÚDE DA FAMÍLIA NASF|MÊS
2380068|315187|303|02|2020|4|13053|13|CONTRATACAO DE SERVICOS DE INFRAESTRUTURA DE CONEXAO UNIDADE DE FISIOTERAPIA|MÊS
2380069|315187|303|02|2020|4|13045|6|CONTRATACAO DE SERVICOS DE INFRAESTRUTURA DE CONEXAO UNIDADE DE SAÚDE ONIX|MÊS
2380070|315187|303|02|2020|4|13044|5|CONTRATACAO DE SERVICOS DE INFRAESTRUTURA DE CONEXAO UNIDADE DE SAÚDE TURQUESTURMALINA|MÊS
2380071|315187|303|02|2020|4|13049|10|CONTRATACAO DE SERVICOS DE INFRAESTRUTURA DE CONEXAO SECRETARIA MUNICIPAL DE SAÚDE|MÊS
2380072|315187|303|02|2020|4|13133|18|CONTRATACAO DE SERVICOS DE INFRAESTRUTURA DE CONEXAO UNIDADE DE SAÚDE RANCHO NOVO|MÊS
2380073|315187|303|02|2020|4|13052|12|CONTRATACAO DE SERVICOS DE INFRAESTRUTURA DE CONEXAO FARMÁCIA MUNICIPAL|MÊS
2380074|315187|303|02|2020|4|13048|9|CONTRATACAO DE SERVICOS DE INFRAESTRUTURA DE CONEXAO CENTRO DE ATENCAO PSICOSSOCIAL CAPS|MÊS
2380075|315188|303|02|2020|4|13141|1|CONTRATACAO DE EMPRESA ESPECIALIZADA PARA CONSTRUCAO DE MURO DE ARRIMO NA RUA ETELVINO DE SOUZA LIMA BAIRRO BONSUCESSO|UND
2380085|315193|303|02|2020|5|13177|1|PRESTACAO DE SERVICOS DE LIMPEZA DESINFECCAO HIGIENIZACAO E DEMAIS TAREFAS CORRELATAS EM CARÁTER EMERGENCIAL PARA O COMBATE AO COVID19 E DEMAIS ZOONOSES NO MUNICÍPIO DE CAETÉ|MÊS
2380080|315190|303|02|2020|5|12031|1|MEDALHAS TAMANHO 30 MM CORES DOURADA PRATA E BRONZE MATERIAL ZAMAC ADESIVO MODELO FUTEBOL HONRA AO MERITO SUPORTE PARA FITA COM 15 CM DE LARGURA A MEDALHA PODE VIR ACOMPANHADA D FITA DE CETIM NAS CORES AZUL VERMELHA BRANCA OUI VERDE COM 15 CM DE LARGURA PADRAO DE QUALIDADE IGUAL OU SUPERIOR A IRMOSSI COD4318 4319 COM GRAVACAO A SER ESCOLHIDA A ARTE DEVERÁ SER FEITA PELA EMPRESA VENCEDORA MARCA REMA|UND
2380081|315190|303|02|2020|5|13146|3|MEDALHAS TAMANHO 50MM 40MM CORES DOURADA PRATA E BRONZE MATERIAL ZAMAC ADESIVO MODELO FUTEBOL COD4323 COD4320 A MEDALHA PODE VIR ACOMPANHADA DE FITA DE CETIM NAS CORES AZUL VERMELHA BRANCA OU VERDE COM 15 CM DE LARGURA PADRAO DE QUALIDADE IGUAL OU SUPERIOR A IRMOSSI COM GRAVACAO A SER ESCOLHIDA A ARTE DEVERÁ SER FEITA PELA EMPRESA VENCEDORA MARCA REMA|UND
2380082|315190|303|02|2020|5|13147|5|MEDALHAS COD4338 COD4339 COD4340 TAMANHO 30MM CORES DOURADA PRATA E BRONZE MATERIAL ZAMAC A MEDALHA PODE VIR ACOMPANHADA DE FITA DE CETIM NAS CORES AZUL VERMELHA BRANCA OU VERDE COM 15 CM DE LARGURA PADRAO DE QUALIDADE IGUAL OU SUPERIOR A IRMOSSI COM GRAVACAO A SER ESCOLHIDA A ARTE DEVERÁ SER FEITA PELA EMPRESA VENCEDORA MARCA REMA|UND
2380083|315191|303|02|2020|5|13054|1|CESTAS BASICAS CONTENDO OS SEGUINTES ITENS 5 KG DE ARROZ TIPO 1 5 KG DE ACÚCAR CRISTAL 2 KG DE FEIJAO CARIOCA TIPO 1 1 KG DE FUBÁ DE MILHO 500 GR DE MACARRAO PARAFUSO MASSA COM OVOS 500 GR DE MACARRAO ESPAGUETE MASSA COM OVOS 1 KG DE SAL REFINADO 1 FRASCO DE ÓLEO DE SOJA EMBALAGEM CONTENDO 900 ML 1 KG DE FARINHA DE MANDIOCA 2 PCT DE LEITE EM PÓ CONTENDO 400 GR CADA 1 LATA DE EXTRTO DE TOMATE CONTENDO 350 GR E 1 LATA DE SARDINHA LATA CONTENDO 250 GR|UND
2380084|315192|303|02|2020|5|13151|1|TOPIRAMATO 25 MG|CMP
2380086|315194|303|02|2020|5|11072|6|MICONAZOL NITRATO 1% ÓXIDO DE ZINCO 5% ÁCIDO BÓRICO 2% TALCO FARMACÊUTICO QSP 100 GR|FR
2380087|315194|303|02|2020|5|11070|3|DESODORANTE EM CREME CLORIDROXIDO DE ALUMINIO B 2% ESSENCIA 3% DEHYQUART A 2 % VITACOMPLEX C 6% ACIDO BÓRICO 2% CICLOMETICONE 3% DIMETICONE 3% SILICONE DC 9040 3% ALANTOINA 1% SORBITOL 2% IRGASAN DP 300 1% BICARBONATO DE SÓDIO 2% HIDROXIDO|FR
2380088|315194|303|02|2020|5|11083|17|SHAMPOO COM COSMOGUARD LUNA MATRIX 05% ESSENCIA 3% EXTRATO GLICOLICO DE ALOE VERA 10% CERAMIDAS 03% LVIT A 0005% VIT 0005% VIT C 002% PROTEINA DO TRIGO 05% BASE PEROLADA 6% EMBALAGEM CONTENDO 500 GR|FR
2380089|315194|303|02|2020|5|11077|10|ÓLEO DE SEMENTE DE UVA 6% UREIA 5% ACIDO GLICIRRICO 02% EGF 03% HYDRATIN 02 TINTURA ANGÉLICA 3% LANOLINA ETOXILADA 05% EXTRATO GLICÓLICO DE ANGÉLICA 3% ESSÊNCIA 2% TACRALINUS 0003% SILICONE 9040 2% LOCAO COMOSWAX COM COSMOGUARD QSP 100G|FR
2380090|315194|303|02|2020|5|11075|8|ÓLEO DE AMENDOAS 3% VIT A OLEOSA 05% VIT E OLEOSA 3 LUNA MATRIX 3% D PANTENOL 2% ESSENCIAL 3% SILICONE 2020 3% EXTRATO GLICOLICO DE ALOE VERA 10% EXTRATO GLICÓLICO DE BARBANA 3% TINTURA ANGELICA 3% SILICONE VOLATIL 10 % OLEO DE SILICONE 705 % OC|FR
2380091|315194|303|02|2020|5|11076|9|ÓLEO DE ABACATE 1% ÓLEO DE OLIVA 6% TRACOLINUS 0003% BFGF 02% TRIACINOLONA 006% TINTURA AGRIAO 6% ESSÊNCIA 3% SILICONE 9040 2% CREMECOSMOWAX COM COSMOGUARD QSP MANTEIGA KARITE 6% VIT K 02 % EXTRATO GLICÓLICO DE CHÁ VERDE 6% 200 G|FR
2380092|315194|303|02|2020|5|11277|18|TRACOLINUS 003% ESSÊNCIA 2% TINTURA ANGÉLICA 3% AFGF 02% EXTRATO GLICÓLICO DE CALENDULA3 GEL CREME COM COSMOGUARD QSP 60 GR|FR
2380093|315194|303|02|2020|5|11078|11|FILTRO SOLAR COM COSMOGUARD FATOR ESTIMADO 50 GEL CREME EXTRATO GLICOLICO CHA VERDE 6% VIT E 3% ESSENCIAL 3% 200 GR|FR
2380094|315194|303|02|2020|5|13180|4|HIDROXIZINE 20 MG ESPINHEIRA SANTA 200 MG RANITIDINA 200 MG|CAP
2380095|315194|303|02|2020|5|11080|13|REPARADOR DE PONTAS SILICONE VOLATIL 10% OLEO DE SILICONE 705% OCTIL METOXICINAMATO 1% SILICONE 2010 20% 30 ML|FR
2380096|315194|303|02|2020|5|11068|1|CONDICIONADOR COM COSMOGUARD E CERA DE ABERLHA D PANTENOL 05% LUNA MATRIX 3%SILICONE 2010 1% EXTRATO GLICÓLICO DE ALE VERA 10% EXTRATO GLICÓLICO DE ABACATE 10%MANTEIGA DE KARITÉ 5% VIT A 0005 VIT C 02 % VIT A 0005% BASE PEROLADA 6% ESS|FR
2380097|315194|303|02|2020|5|11079|12|PEROXIDO DE BENZOILA 3% AZULENO 002% ACIDO FERRULINICO 01% COENZIMA Q10 4%ERITROMICINA 1% ESSENCIA 3% GEL DE NATROSOL COM COSMOGUARD QSP 30 G|FR
2380098|315194|303|02|2020|5|11081|14|REPELENTE 10 % SILICONE DC 9040 2% SILICONE VOLÁTIL 1% SILICONE 1411 1% ESSENCIA 3% QSP CREME COSMOXAX 300G|FR
2380099|315194|303|02|2020|5|11069|2|CREME DE PENTEAR COM COSMOGUARD SILICONE 2010 2% LUNA MATRIX 3% EXTRATO GLICÓLICO DE ALOE VERA 10% MANTEIGA KAITE 2% VIT A 0005 VIT 0005 VIT C 002% ESSÊNCIA 3% SILICONE VOLÁTIL 10% OLEO DE SILICONE 705 % CCTIL METOXICINAMATO 1% 2010 20%|FR
2380100|315194|303|02|2020|5|11074|7|MONTELUCASTE 10 MG WELLMUNE 10 MG CETIRIZINE 10 MG|CAP
2380101|315194|303|02|2020|5|10760|16|SABONETE LIQUIDO COM COSMOGUARD GRAO DE POLIETILENO 3O ÁCIDO SALICILICO 1% PERÓXIDO DE BENZOILA 3% ESSÊNCIA 3% EXTRATO GLICÓLICO DE AQULEIA 6% ERITRMICINA 2% 200 ML|FR
2380102|315194|303|02|2020|5|11073|5|MICONAZOL 3% CETOCONAZOL 3% CLOBETASOL 2% CREME LANETTE QSP 30 G|FR
2380103|315194|303|02|2020|5|10193|15|SABONETE COM COSMOGUARD GLICERINADOHIPOALERGICO ESSENCIA 3% EMBALAGEM 90 GR|UND
2380104|315195|303|02|2020|5|10339|1|IVERMECTINA 6 MG|CMP
2380105|315195|303|02|2020|5|11876|2|METOPROLOL SUCCINATO 50 MG COMPRIMIDO REVESTIDO DE LIBERACAO CONTROLADA|CMP
2380106|315196|303|02|2020|5|13138|1|TESTE RÁPIDO COVID 19|UND
2380107|315197|303|02|2020|5|10631|1|TIRAS REAGENTES PARA MEDICAO DE GLICEMIA|UND
2380108|315198|303|02|2020|5|13173|3|REDE FUTEBOL DE CAMPO EM SEDA C ESP 6 MM MARCA FILÓ|PAR
2380114|315199|303|02|2020|5|10595|2|BUSONID 50 MGJATO|FR
2380109|315198|303|02|2020|5|13174|4|REDE DE FUTEBOL CONFECCIONADA NA MALHA 12X12 CM EM CORDA TRANCADA MATERIAL SEDA 100% VIRGEM COM TRATAMENTO CONTRA AS ACOES UV DIMENSOES 32M NA LARGURA 21M DE ALTURA 1 M DE RECUO INFERIOR E 06M DE RECUO SUPERIOR COR BRANCA C ESP DA CORDA 6 MM MARCA MASTER|UND
2380110|315198|303|02|2020|5|12029|5|SHORT FUTEBOL EM TRILOBOL 100 % POLIESTER COR ROSA E PRETO COM LISTRAS ATRÁS NA COR PRETA SILKAR LOGOMARCA DA PREFEITURA DO LADO ESQUERDO A ARTE DEVERÁ SER PRODUZISA PELA EMPRESA VENCEDORA E APROVADA PELA ADIMINISTRACAO PUBLICA MARCA MULTI ESPORTES|UND
2380111|315198|303|02|2020|5|11326|1|CAMISA MASCULINA FUTSAL EM TECIDO DRY MALHA TECIDA COM 100% DOS FIOS DE POLIÉSTER CAMISA NA COR BRANCA GOLA V NA COR AZUL MANGAS AZUIS E DETALHE NAS LATERAIS AZUIS COM SILK DA MODALIDADE NA FRENTE E BRASAO DA ESCOLA NAS COSTAS A LOGOMARCA DO MU|UND
2380112|315198|303|02|2020|5|13172|2|MEIAO PARA FUTEBOL CONFECCIONADO EM POLIÉSTER E PÉS EM ALGODAO TAMANHO ADULTO COM 02 ELÁSTICOS SENDO 01 NA PARTE INFERIOR E 01 NA SUPERIOR PADRAO DE QUALIDADE IGUAL OU SUPERIOR A PENALTY MARCA KANXA|UND
2380113|315199|303|02|2020|5|10601|9|FILTRO SOLAR COM COSMOGUARD CREME OBS PCTE ALERICO A GEL FATOR ESTIMADO 30 VITACOLOR 2% VIT E 05% HAMANELIS EXTR GLIC DE CHÁ VERDE 6% SEM ESSÊNCIA 60 GR|FR
2380115|315199|303|02|2020|5|13181|10|FORMOCAPS 12 MCG|CAP
2380116|315199|303|02|2020|5|12139|4|BUDESONIDA 300 MCG CAPSULAS|CAP
2380117|315199|303|02|2020|5|10609|17|SHAMPOO COM COSMOGUARD SEM ESSÊNCIA EXTRATO DE GLICOLICO DE ALOE VERA 10 % CERAMIDAS 03 % VIT 0005 VIT E 0005 VIT C 002% PROTEÍNA DO TRIGO 05% 500 ML|FR
2380118|315199|303|02|2020|5|10605|13|ÓLEO DE MACADAMIA 6% TRACOLINUS 0003% CLOBETASOL 009% EXTRATO GLICÓLICO MELISSA 3% SEM ESSÊNICA SILICONE 9040 2% CREME COSMOWAX COM COSMOGUARD QSP 200 MG|FR
2380119|315199|303|02|2020|5|10603|11|HYDRATIN 1% ADENIN 01 % IGF 1% TINTURA KAWA 6% TRACOLINUS 0003% SEM ESSÊNCIA SILICONE 9040 1% GEL CREME COM COSMOGUARD QSP 30 GR|FR
2380120|315199|303|02|2020|5|10606|14|ÓLEO DE SEMENTE DE UVA 3% HIDROVITON 2% EXTRATO GLICOLICO DE MELISSA 6% TRIGLICERIDES 2% SEM ESSÊNCIA TRACOLINUS 0003% SILICONE 9040 2% ALFA BISABOLOL 1% ÁCIDO GLICIRRIZICO 01% LOCAO COMOSWAX COM COMOGUARD QSP 500 GR|FR
2380121|315199|303|02|2020|5|13179|18|TRAMADOL 50 MG CICLOBENZAPRINA 5 MG|CAP
2380122|315199|303|02|2020|5|10599|7|DESODORANTE SPRAY ALCOOL DE CEREAIS QSP 120 ML ÁCIDO BÓRICO 2% CLORIDROXIALUMINIO ALANTOINA 1% CICLOMETICONE 3% ALANTOINA 1% SORBITOL 2% SEM ESSÊNCIA AZULENO 002%|FR
2380123|315199|303|02|2020|5|13178|12|HIDROXIZINE 25 MG GABAPENTINA 300 MG VIT A 200 UI TRACOLINUS 0003% SEM ESSÊNCIA SILICONE 9040 1% GEL CREME COM COSMOGUARD QSP 30 G|CAP
2380124|315199|303|02|2020|5|12138|15|SENNE 200 MG CASCARA SAGRA 200 MG FRANGULA 100 MG|CAP
2380125|315199|303|02|2020|5|12137|6|ESPINHEIRA SANTA 400 MG BROMOPRIDA 10 MG ALOINA 10 MG|CAP
2380126|315199|303|02|2020|5|10598|5|CONDICIONADOR COM COSMOGUARD E CERA DE ABELHA D PANTENOL 2% SILICONE 2010 1% EXTRATO GICOLICO DE ALOE VERA 10% MANTEIGA DE KARITE 1% EXTRATO GLICOLICO DE BARDANA 2% VIT A 0005 VIT E 0005 VIT C 002% VIT A 0005% SEM ESSÊNCIA 500 ML|FR
2380127|315199|303|02|2020|5|12685|8|ESOMEPRAZOL 40 MG|CMP
2380128|315199|303|02|2020|5|10596|3|CAFEÍNA 1% MENTOL 05% EXTRATO GLICOLICO DE ARNICA 8% EXTRATO GLIC DE GINCOBILOBA 3% EXTRATO GLICOLICO DE CASTANHA DA INDIA 3% EXTRATO CLICOLICO ALGS MARINHAS 6% CANFORA 05% PROPILENOGLICOL 5% GEL DE CARBOPOL CO COSMOGURAD QSP 200 G|FR
2380129|315199|303|02|2020|5|10594|1|ANTIPOLON 1% ELASTINOL 2% TRACOLINUS 0003% SEM ESSÊNCIA SILICONE 9040% GEL CREME COM COMSOGUARD QSP 30 G|FR
2380130|315199|303|02|2020|5|10608|16|SABONETE COM COSMOGUARD GLICERINADO HIPOALERGENICO SEM ESSÊNCIA EMBALAGEM 90 GR|UND
2380131|315200|303|02|2020|5|1746|3|LUVA DE LÁTEX PARA PROCEDIMENTOS TAMANHO G NAO ESTÉRIL CAIXA CONTENDO 100 UNIDADES|CX
2380132|315200|303|02|2020|5|13155|1|AVENTAL DECARTAVEL GRAMATURA 40G MANGA LONGA|UND
2380133|315200|303|02|2020|5|1812|2|LUVA DE LÁTEX PARA PROCEDIMENTOS TAMANHO M NAO ESTÉRIL CAIXA CONTENDO 100 UNIDADES|CX
2380076|315189|303|02|2020|5|13148|2|ARBITRAGEM FUTSAL|SRV
2380077|315189|303|02|2020|5|12560|1|ARBITRAGEM FUTEBOL CAMPO|SRV
2380078|315190|303|02|2020|5|11327|4|MEDALHAS CÓD 50002 MEDALHA RETANGULAR FUNDIDA EM LIGA METÁLICA DE ZAMAC COM GRAVURA DE ÁGUIA E UM RAMO EM ALTO RELEVO NA PARTE INFERIOR METALIZADA NA COR DOURADA COM O TAMANHO DE 60MM DE DIAMETRO E CENTRO DE 25MM DE DIÂMETRO COM A GRAVACAO HON|UND
2380079|315190|303|02|2020|5|13145|2|MEDALHAS 59000D MEDALHA RETANGULAR FUNDIDA EM LIGA METÁLICA DE ZAMAC COM GRAVURA DE ÁGUIA E UM RAMO EM ALTO RELEVO NA PARTE INFERIOR METALIZADA NA COR DOURADO COM O TAMANHO DE 60MM DE DIÂMETRO E CENTRO DE 25MM DE DIÂMETRO COM A GRAVACAO DE HONRA AO MÉRITO QUE TAMBÉM PERMITE A COLOCACAO DE ADESIVO DE 25MM POSSUI ESPESSURA MÁXIMA DE 45MM PESO APROXIMADO DE 37 GRAMAS SUPORTE PARA FITA DE 27MM DE LARGURA A MEDALHA PODE VIR ACOMPANHADA DE FITA DE CETIM NAS CORES AZUL VERMELHA AMARELA BRANCA OU VERDE COM 25 CM DE LARGURA OU FITA DE GORGORAO NAS CORES AZUL AZULBRANCOVERMELHA OU VERDEAMARELA COM 25 CM DE LARGURA PADRAO DE QUALIDADE IGUAL OU SUPERIOR A VITÓRIA COM GRAVACAO A|UND
2549466|352199|303|02|2020|10|13328|3|MÁSCARA HOSPITALAR N95|UND
2549463|352197|303|02|2020|10|13320|1|LOCACAO DE IMÓVEL SITUADO À RUA PEIXOTO DE SOUZA Nº 78 BAIRRO CENTRO NA CIDADE DE CAETÉ PARA FUNCIONAMENTO DO CENTRO DE ATENDIMENTO AO COVID19|MÊS
2549464|352198|303|02|2020|10|12798|1|ROLO DE FILME TRANSPARENTE|RL
2549465|352199|303|02|2020|10|13327|2|RESPIRADOR SEMI FACIAL PFF2 SEM VÁLVULA|UND
2549467|352199|303|02|2020|10|13326|1|MACACAO TYVEX BRANCO COM CAPUZ ELÁSTICO NOS PUNHOS TORNOZELOS E CINTURA POSSUI CERTIFICADO DE APROVACAO DO MINISTÉRIO DO TRABALHO|UND
2549468|352200|303|02|2020|10|1812|3|LUVA DE LÁTEX PARA PROCEDIMENTOS TAMANHO M NAO ESTÉRIL CAIXA CONTENDO 100 UNIDADES|CX
2549469|352200|303|02|2020|10|1746|4|LUVA DE LÁTEX PARA PROCEDIMENTOS TAMANHO G NAO ESTÉRIL CAIXA CONTENDO 100 UNIDADES|CX
2549470|352200|303|02|2020|10|13191|1|AVENTAL DESCARTÁVEL DE MANGA LONGA PUNHOS COM ELÁSTICO PRODUZIDO EM TNT COM GRAMATUR 60 G|UND
2549471|352200|303|02|2020|10|1813|2|LUVA DE LÁTEX PARA PROCEDIMENTOS TAMANHO P NAO ESTÉRIL CAIXA CONTENDO 100 UNIDADES|CX
2549472|352201|303|02|2020|10|13334|1|TUBO PARA CONEXAO DE EXTENSAO DE OXIGENIO 2 METROS ESTERIL|UND
2549473|352202|303|02|2020|10|13336|1|FÓRMULA INFANTIL NEOCATE LCP LATA 400 GR|LA
2549474|352203|303|02|2020|10|13333|1|KIT DE MERENDA ESCOLAR CONTENDO 1 PCT DE ARROZ 5 KG 1 COMPOSTO LÁCTEO DE 400 GR 2 PCT DE FEIJAO CARIOCA 1KG E UM LITRO DE ÓLEO SOJA 900 ML|UND
2549475|352204|303|02|2020|10|13337|1|ACETATO DE ABIRATERONA 250MG CAIXA COM 120 COMPRIMIDOS|CX
2549476|352205|303|02|2020|10|13363|2|AVAMYS SPRAY NASAL 275 MCG|FR
2549477|352205|303|02|2020|10|13362|1|SYMBICORT TUBUHALER 12 400 MCG|FR
2549478|352206|303|02|2020|10|4632|1|CREDENCIAMENTO DE EMPRESAS PRESTADORAS DE SERVICOS DE SAÚDE ESPECIALIZADA PARA ATENDIMENTO AOS USUÁRIOS DO SUS DA REDE MUNICIPAL DE SAÚDE DO MUNICÍPIO POR UM PERÍODO DE DOZE MESES LOTE II EXAMES LABORATORIAIS COM OFERTA MÍNIMA DE HEMATOLÓGICO|UND
2549479|352207|303|02|2020|10|13304|9|BANDINHA RITIMICA CONFECCIONADA EM MADEIRA DE MATÉRIA DE BAIXA SONORIDADE TOTAL DE 20 INSTRUMENTOS MUSICAIS SENDO SURDAO SURDO MOR TAMBOR CHOCALHOS DE ALUMINIO FLAUTA DOCE OVINHO DE ALUMINIO GANZA DE ALUMINIO CONGUE DE COCO O PAR CAMPANELA 4 GUIZOS SINO CLAVE DE RUMBA O PAR MARACA O PAR AFOXE CONTAS COLORIDAS CAXIXI PLATINELA SIMPLES RECO PANDEIRO COM PELE PANDEIRO A PELE PASTORIL TRIANGULO DE 15 CM TODO O MATERIAL DEVE SER ENTREGUE DEVIDAMENTE ACONDICIONADO EM CAIXA DE PAPELAO|UND
2549480|352207|303|02|2020|10|13346|15|QUADRO BRANCO LISO 120 X 300 QUADRO LINHA PROFISSIONAL CONFECCIONADO COM MDF DE 9 MM SOBREPOSTO POR LAMINADO MELAMÍNICO PARA USO DE PINCEL PRÓPRIO PARA QUADRO BRANCO MOLDURA EM ALUMÍNIO COM CANTONEIRAS ARREDONDADAS EM PS COM ABOTOADURAS PARA ACABAMENTO ACOMPANHA SUPORTE DE PINCELAPAGADOR REMOVÍVEL E DESLIZANTES SOBRE FRISOS DA MOLDURA E CANTOS ARREDONDADOS EM PS PODENDO SER INSTALADOS NA HORIZONTAL OU VERTICAL|UND
2549481|352207|303|02|2020|10|13338|2|CONJUNTO PARA EDUCACAO INFANTIL 4 LUGARES A MESA DEVE SER COMPOSTA POR TAMPO EM PLÁTSTICO INJETADODE ALTO IMPACTO À BASE DE ABS NATURALQUE SE FIXAM A ESTRUTURA POR MEIO DE ENCAIXES SENDO 4 ENCAIXES NAS LATERAIS DA MESA 2 DE CADA LADO 3 ENCAIXES CENTRAIS E 4 PARAFUSOSAPÓS MONTADA A MESA DEVE MEDIR 610X810 MM E TER 590 MM DE ALTURA APROXIMADAMENTE A ESTRUTURA DEVE SER FORMADA POR UM QUADRO FABRICADO EM TUBO DE ACO 10101020 DE SECAO 20X40MM COM 12 MM COMPOSTO POR 3 TRAVESSAS E 2 CABECEIRAS NOS QUATRO CANTOS DO QUADRO NA PARTE INFERIOR DO MESMO DEVE EXISTIR UM CONE EM ACO 10101020 ONDE SERAO MONTADOS OS PÉS DA MESA ESSE CONE DEVE SER FABRICADO EM TUBO 02 COM 225 MM DE PAREDE E|UND
2549485|352207|303|02|2020|10|13339|5|ESTANTE FACE DUPLA ESTANTE FACE DUPLA TOTALMENTE CONFECCIONADO EM CHAPA DE ACO DE BAIXO TEOR DE CARBONO SEM ARESTAS CORTANTES E REBARBAS COM ACABAMENTO PELO SISTEMA DE TRATAMENTO QUÍMICO DA CHAPA ANTIFERRUGINOSO E FOSFATIZANTE E PINTURA ATRAVÉS DE SISTEMA ELETROSTÁTICO A PÓ COM CAMADA MÍNIMA DE TINTA DE 90 MICRAS CONTENDO01 UMA BASE RETANGULAR FECHADA CONFECCIONADA EM CHAPA Nº 20 090 MM COM ALTURA DE 175 CM 01 UMREFORCO INTERNO EM OMEGA CONFECCIONDDO EM CHAPA Nº 20 090 MM E SOLDADO NA EXTENSAO DA MESMA 02DOIS ANTEPAROS LATERAIS SOLDADOS A BASE E FIXADO NAS LATERAIS DA ESTANTE ATRAVÉS DE 06 SEIS PARAFUSOS 38 DE CADA LADO 01 UMA TRAVESSA SUPERIOR HORIZONTA|UND
2549482|352207|303|02|2020|10|13347|18|FREEZER HORIZONTAL 2 PORTAS 414 L COR BRANCO DIMENSOES MÍNIMAS LARGURA 1195 CM ALTURA 94 CM PROFUNDIADE 78 CM CHB42EBBNA ENERGIA CLASSE A CONSUMO APROXIMADO DE ENERGIA 5718 KWH VOLTAGEM 110 CHB42EBANA EOU 220 CHB42EBBNA PESO LÍQUIDO 61 KG 4 PÉS COM RODÍZIO PÉS FIXOS 02 PORTAS TIPO DE DEGELO MANUAL CONTROLE DE TEMPERATURA PAINEL DE CONTROLE CHB42EBANA CARACTERISTICA DRENO FRONTAL FECHADURA DE SEGURANCA FUNCAO FREEZER CAPACIDADE ARMAZENAMENTO LÍQUIDO 414 L GARANTIA MÍNIMA DE 12 MESES|UND
2549483|352207|303|02|2020|10|13348|21|AR CONDICIONADO 24000 BTU S CENTRAL DE AR TIPO SPLIT HI WALL PAREDE DE 24000 BTU S ROTACAO VARIÁVEL VERSAO FRIA CAPACIDADE MÍNIMA24000BTUS CLASSE A TENSAO 220V MONOFÁSICO FREQUENCIA 60 HZ CONTROLE REMOTOSEM FIO ACOMPANHADO DE ADAPTADOR PARA FIXAR O CONTROLE REMOTO NA APREDE FILTRO DE AR DE TELA ANTIPÓ LAVÁVEL UNIDADES EVAPORADORA E CONDENSADORA CONSTUÍDA COM TUBOS DE COBRE E ALETAS DE ALUMÍNIO GARANTIA 30 ANOS PARA O COMPRESSOR E 3 ANOS PARA AS DEMAIS PECAS|UND
2549484|352207|303|02|2020|10|13340|7|GIRAGIRA                       CONFECCIONADO EM POLIETILENO COM ADITIVOS UV QUE PERMITEM FICAREM EXPOSTOS NO TEMPO SEM PERDER A COLORACAO ESTRUTURA METÁLICA INTERNA NAO APARENTE NA BASE PARA DAR MAIOR RESISTENCIA AO RPODUTO COM 4 SALIENCIAS MAIORES QUE A BASE QUE PÓSSIBILITAM A FIXACAO NO CHAO ASSENTOS SUSPENSOS PARA NO MÍNIMO 4 CRIANCAS NAO HÁ CONTATO PLÁSTICO SOBRE PLÁSTICO ENTRE A PECA QUE CONTÉM OS ASSENTOS E A BASE PECA DE BAICO ATRITO ENTRE OS ASSENTOS E A BASE QUE PERMITEM QUE O CONJUNTO GIRE COM LEVEZA MESMO FUNCIONANDO|UND
2549486|352207|303|02|2020|10|13299|3|CONJUNTO REFEITÓRIO COM 10 LUGARES COMPOSTO DE MESA E 10 CADEIRAS TAMANHO INFANTIL A MESA DEVE SER COMPOSTA POR TAMPOS MODULARES FABRICADA EM ABS INJETADO DE ALTO IMPACTO FORMADO POR 4 MÓDULOS QUE SE FIXAM À ESTRUTURA POR MEIO DE ENCAIXES SENDO 4 ENCAIXES NAS LATERAIS DA MESA 2 DE CADA L ADO E 3 ENCAIXES CENTRAIS POR MÓDULO E 4 PARAFUSOS POR MÓDULO APÓS MONTADA A MESA MEDE 2480X820MM E TEM 590MM DE ALTURA A ESTRUTURA DEVE SER FORMADA POR UM QUADRO FABRICADO EM TUBO DE ACO 10101020 DE SECAO 20X40MM COM 12MM POR 3 TRAVESSAS E 2 CABECEIRAS AS PERNAS DEVEM SER FABRICADAS EM TUBO DE ACO 10101020 Ø 112 X09MM DE PAREDE E ENCAIXADAS SEM O USO DE PARAFUSOS NA EXTREMIDADE INFERIOR DE C|UND
2549487|352207|303|02|2020|10|13302|4|ESTANTE FACE SIMPLES ESTANTE FACE SIMPLES TOTALMENTE CONFECCIONADO EM CHAPA DE ACO DE BAIXO TEOR DE CARBONO SEM ARESTAS CORTANTES E REBARBAS COM ACABAMENTO PELO SISTEMA DE TRATAMENTO QUÍMICO DA CHAPA ANTIFERRUGINOSO E FOSFATIZANTE E PINTURA ATRAVÉS DE SISTEMA ELETROSTÁTICO A PÓ COM CAMADA MÍNIMA DE TINTA DE 90 MICRAS CONTENDO01 UMA BASE RETANGULAR FECHADA CONFECCIONADA EM CHAPA Nº 20 090 MM COM ALTURA DE 175 CM 02 DOIS ANTEPAROS LATERAIS SOLDADOS A BASE E FIXADO NAS LATERAIS DA ESTANTE ATRAVÉS DE 04 QUATRO PARAFUSOS 38 DE CADA LADO 01 UMA TRAVESSA SUPERIOR HORIZONTAL CHAPÉU CONFECCIONADO EM CHAPA Nº 20 090MM E DOBRADO EM FORMA DE U COM ALTURA DE 70 CM 0|UND
2549488|352207|303|02|2020|10|13306|16|BEBEDOURO CONJUGADO INFANTIL EM ACO PINTADO NA COR BRANCA LINHA PRESSAO MODELO TRADICIONAL DE BEBEDOURO DE PRESSAO CONFECCIONADO EM ACO TORNEIRA COPO E JATO EM LATAO CROMADO COM REGULAGEM DE JATO D`ÁGUA RALO SIFONADO BARRA O MAU CHEIRO PROVENIENTE DO ESGOTO TAMPO EM ACO INOX POLIDO E BASE EM MATERIAL INJETADOS CONTROLE MANUAL DA TEMPERATURA DA ÁGUACOM REGULAGEM EXTERNA FILTRO DE ÁGUA COM CARVAO ATIVADO IMPREGNADO COM PRATA IMPEDE A PROLIFERACAO DE MICROORGANISMOS ELIMINA SABOR E ODOR DE CLORO E REDUZ A QUANTIDADE DE CLORO GARANTIA DE 01 ANO|UND
2549489|352207|303|02|2020|10|13349|22|COLCHAO PARA BERCO DENSIDADE D18 DIMENSOES 60X1 30X10 TECIDO COM TRATAMENTO ANTIALERGICO E ANTIÁCARO TECIDO SUPERIOR 100 % ALGODAO INFERIOR 50 % POLIPROPILENO 50% POLIETILENO REVESTIMENTO INFERIOR PROTETOR DE COLCHAO 100 % IMPERMEÁVEL QUE IMPEDE A PENETRACAO DE LÍQUIDOS CERTIFICADO PELO INMETRO|UND
2549490|352207|303|02|2020|10|13343|12|ESCORREGADOR GR                    COM RAMPA ONDULADA COM BORDAS SALIENTES E ANATÔMICAS E ENCAIXE PARA TANQUES DE AREIA ESCADA DE ACESSO COM NO MINIMO 04 DEGRAUS E RESSALTOS LATERAIS CORRIMAO COM BASE DE APOIO PARA MAIOR ESTABILIDADE E HASTE DE SEGURANCA UNIDO A ESCADA Á RAMPA TODAS AS PECAS DEVEM POSSUIR COM EXTREMIDADES ARREDONDADASCORES VARIADASDIMENSOES MINIMAS COMPRIMENTO216 CM LARGURA 70 CM ALTURA123|UND
2549491|352207|303|02|2020|10|13350|20|PROJETOR MULTIMIDIA SISTEMA DE PROJECAO TECNOLOGIA 3LCD DE 3 CHIPSMÉTODO DE PROJECAO FRONTAL TRASEIRO INSTALADO NO TETOVISOR LCD 055POLEGADAS D7MÉTODO DE PROJECAO MATRIZ ATIVA TFT DE POLISILÍCIONÚMERO DE PIXELS 480000 PIXELS 800 X 600 X 3BRILHO EM CORES 3300 LUMENSBRILHO EM BRANCO 3300 LUMENSRELACAO DE ASPECTO 43RESOLUCAO NATIVA SVGARELACAO DE CONTRASTE ATÉ 150001REPRODUCAO DE COR ATÉ 1 BILHAO DE CORESALTOFALANTE X 1 2WRUÍDO DO VENTILADOR 28 DB 37 DBLENTE DE PROJECAOTIPO FOCO MANUALNÚMERO F 144RELACAO DE ZOOM 1 135 ZOOM DIGITALDISTÂNCIA FOCAL 167 MMTAMPA DA LENTE SLIDE LENS SHUTTERCORRECAO TRAPEZOIDAL KEYSTONE VERTICAL 30|UND
2549497|352207|303|02|2020|10|13345|14|CAMA EMPILHÁVEL CONFECCIONADA DE ESTRUTURA EM ALUMÍNIO ERNET CN 104 COM LARGURA MÍNIMA DE 070 LONA EM LAMINADO PVC PERFURADO SANET MATERIAL QUE PERMITE A PASSAGEM DE VENTO DE ALTA CAPACIDADE DE RESISTENCIA PROTECAO PARA RESISTIR AOS RAIOS ULTRAVIOLETAS CAPACIDADE MÁXIMA DE ATE 50 KG DEVE ACOMPANHAR 04 PEZINHOS FABRICADOS EM POLIETILENO ROTOMOLDADO E 04 BARRAS DE ALUMINIO E LONA SANET MEDIDAS APROXIMADAS 128X 055X 014|UND
2549492|352207|303|02|2020|10|13344|13|TUNEL LUDICO FABRICADO EM POLIETILENO DE MÉDIA DENSIDADE MATERIAL NAO TOXICO E RECICLÁVEL COLORIDO COM ADITIVO UV QUE PROTEGE A COR DO BRINQUEDO SE EXPOSTO AO TEMPO PERMITE A AMPLIACAO POIS É CONECTADO POR MÓDULOS PERMITE AS CRIANCAS ESCALAREM SE APOIANDO SOBRE OS FUROS LATERAIS E SEGURANDO NAS ALCAS É SEGURO E RESISTENTE O TÚNEL VAQUINHA 5 MÓDULOS6 PARES DE SUPORTE DE APOIO DE CADA LADO 5 PARES DE SEGMENTOS CURVOS COM ABERTURAS EM FORMATO DE ESTRELAS PARA TOMAR POSSÍVEL A VISIBILIDADE DAS CRIANCAS BRINCANDO 6 CONCTORES PARA A FIXACAO DAS CURVAS ENTRE SI MEDIDAS CXLXA 225 CMX100 X 113 CM|UND
2549493|352207|303|02|2020|10|13307|17|FOGAO DE ALTA POTENCIA 04 QUEIMADORES COM FORNO A GAS FOGAO DE ALTA POTENCIA DE 04 BOCAS ESPALHADORES E BASES DOS QUEIMADORES EM FERRO FUNDIDO MESA DE ACO CARBONO PERFIL DE 50MM PINTADA NA COR PRETO FOSCO TREMPE DE FERRO FUNDIDO 300X300MM REGISTROS DE GÁS COM MANÍPULOS EXPOSTOS DE FÁCIL MANUSEIO VOLUME DO FORNO 55 LITROS PRATELEIRA REMOVÍVEL E REGULÁVEL NO FORNO PÉS FIXO MESA BANDEJA E CORPO DO PRODUTO EM PINTURA EPÓXI BAIXA PRESSAO MEDIDAS DO FOGAO MONTADO ALTURA 080 CM LARGURA 074 CM PROFUNDIDADE 083 CM MEDIDAS INTERNAS DO FORNO ALTURA 031 CM LARGURA 048 CM PROFUNDIDADE 059 CM CAPACIDADE 87 LITROS GARANTIA DE 03 MESES|UND
2549494|352207|303|02|2020|10|13310|19|TV SMART 50 POLEGADAS TAMANHO DA TELA POL 50 PROCESSADOR COLOR MASTER ENGINE RESOLUCAO FULL HD 1920 X 1080FORMATO TELA 1609FREQUÊNCIA HZ 60HZPOTÊNCIA RMS 10WSISTEMA DE SOM ESTÉREOSAP SURROUND VIRTUAL SURROUND PLUS CONEXOES ENTRADA VÍDEO COMPONENTE 1ENTRADA ÁUDIOVÍDEO 1ENTRADA HDMI 2 ENTRADA USB 1ENTRADA RF PARA TV A CABO 1 ENTRADA RF PARA TV DIGITAL 1LAN RJ45 1 SAÍDA DIGITAL ÓPTICA 1|UND
2549495|352207|303|02|2020|10|13305|10|TEATRO DE FANTOCHE CONFECCIONADO EM MDF 15 MM REFORCADO COM MADEIRA NAS LATERAIS PAINEL DOBRÁVEL NAS LATERAIS COM O SISTEMA DE DOBRADICAS DE ACO INOX 3X2 12 POLIDA CORTINA CONFECCIONADA EM TECIDO ESTAMPADO MEDIDA APROXIMADA DE 153 CM X 084 CM X 038 CM|UND
2549496|352207|303|02|2020|10|13298|1|CONJUNTO MESA E CADEIRA GIRÁTORIA PARA PROFESSOR MESA COM TAMPO INJETADO EM TERMOPLÁSTICO À BASE DE ABS NATURAL COM PIGMENTACAO SUPERFÍCIE LISA SEM BRILHO E COM FORMATO RETANGULAR QUE SE FIXA À ESTRUTURA POR MEIO DE ENCAIXES SENDO 4 ENCAIXES NAS LATERAIS DA MESA 2 DE CADA LADO E 3 ENCAIXES CENTRAIS E 4 PARAFUSOS POSSUI UM PAINEL FRONTAL DE 650X250MM LAMINADO MELAMÍNICO DE BAIXA PRESSAO NA ESPESSURA DE 15 MM BRANCO E FIXADO NA PARTE FRONTAL DA MESA POR 4 PARAFUSOS SOBERBOS APÓS MONTADA A MESA MEDE 610X810MM E TEM 760MM DE ALTURA A ESTRUTURA É FORMADA POR UM QUADRO FABRICADO EM TUBO DE ACO 10101020 DE SECAO 20X40MM COM 12MM COMPOSTO POR 3 TRAVESSAS E 2 CABECEIRAS NOS QUATRO CANT|UND
2549498|352207|303|02|2020|10|13341|8|CASINHA                       CONFECCIONADA EM POLIETILENO ROTOMOLDADO COM SISTEMAS DE ENCAIXES COM ROSCA EM INJECAO PLÁSTICAS COMPOSTA POR 04 PAREDES CONTENDO UMA PORTA TRÊS JANELAS E UMA CHAMINÉ NO INTERIOR DA CASA DEVE CONTER UM FOGAO COM BANCADA  TELHADO COM DESIGN DE PALHA SECA FORMANDO 2 PECAS              DIMENSOES MÍNIMAS|UND
2549499|352207|303|02|2020|10|13342|11|TATAME                       EM PLACAS INTERSTRAVADAS DE EVA ETILENOACETATO DE VINIL COM BORDAS DE ACABAMENTO TAMANHO DAS PLACAS 1000 MM X 1000 MM 10 MM ESPESSURA 20 MM 10 MM PLACAS DE TATAME ENTERTRAVADAS E BORDAS DE ACABAMENTO CONFECCIONADAS EM EVA 100% ATÓXICAS COM SUPERFÍCIE TEXTURIZADA SILICONIZADA ANTIDERRAPANTE E LAVÁVEL DENSIDADE ENTRE 150 E 180 GRAMAS POR CENTIMETRO CÚBICO CADA PECA DEVE SER FORNECIDA EM CONJUNTO COM UMA BORDA DE ACABAMENTO OS ENCAIXES DEVEM PROPORCIONAR A JUNCAO PERFEITA DAS PECAS A|UND
2549500|352207|303|02|2020|10|13303|6|ARMARIO DE ACO 2 PORTAS ARMÁRIO CONFECCIONADO EM CHAPA DE ACO GALVANIZADO COMPOSTO DE 02 DUAS LATERAIS 01 UM FUNDO E 02 DOIS TAMPOS SUPERIOR E INFERIOR COM ESPESSURA DE 050MM 01 UM REFORCO SUPERIOR INTERNO ESQUADRO COM ESPESSURA DE 120MM FIXADO AS LATERAIS 01 UMA BASE CONFECCIONADA EM CHAPA DE ACO GALVANIZADO COM ESPESSURA DE 125MM DOBRADA EM FORMA DE U COM 01 UM RODAPÉ TAMBÉM EM CHAPA DE ACO GALVANIZADO COM ESPESSURA DE 125MM E QUATRO PÉS REGULÁVEIS SAPATAS PARA CORRECAO DE PEQUENOS DESNÍVEIS 04 QUATRO PRATELEIRAS COM DOBRA QUADRUPLA NA PARTE FRONTAL PARA REFORCO FIXADAS AO CORPO DO ARMÁRIO ATRAVÉS DE ENCAIXE TIPO UNHA EM PASSOS DE 125 MM CONFECCIONADAS EM|UND
2549501|352208|303|02|2020|10|11347|1|SHOW AO VIVO COM BANDA NO MÍNIMO COM 06 COMPONENTES VOCALISTA BATERISTA TECLADISTA GUITARRISTA BAIXISTA PERCUSSIONISTA OU OUTROS PARA APRESENTACAO MÍNIMA DE 03 HORAS DE DURACAO EXECUTANDO TODOS OS ESTILOS MUSICAIS|UND
2568483|355747|304|03|2020|7|5141|1|SERV.MAN.AP.POLICONTROLLAMOTTE|SERVICOS
2568480|355744|304|03|2020|7|5142|1|TESTE RAPIDO COVID-19 IGG/IGM|UNIDADE
2568481|355745|304|03|2020|7|5118|1|TERMOMETRO ALTA PRECISAO S/CON|UNIDADE
2568482|355746|304|03|2020|7|5119|1|TOTEM DISPLAY APLIC.ALCOOL GEL|UNIDADE
2597110|362418|304|03|2020|11|3564|1|CESSAO ONEROSA CAPTACAO AGUA|SERVICOS
2597109|362417|304|03|2020|11|4908|1|HIDROXIDO DE CALCIO-SUSP.AQUOS|LITRO
