seq_hom_licitacao|seq_licitacao|seq_item_licitacao|seq_orgao|cod_orgao|num_ano_referencia|num_mes_referencia|num_quant_item|vlr_unitario|vlr_pct_desconto|vlr_pct_tax_adm|vlr_global|num_doc_vencedor|nom_vencedor
56415952|950688|31001859|304|03|2021|11|100.0|14.28|0.0|0.0|0.0|13914027000131|HIDROLUX INDUS.E COMER.DE MAT.HIDRAUL. EIRELI-ME
56415953|950688|31001912|304|03|2021|11|6.0|39.2|0.0|0.0|0.0|13914027000131|HIDROLUX INDUS.E COMER.DE MAT.HIDRAUL. EIRELI-ME
56415954|950688|31001933|304|03|2021|11|150.0|5.64|0.0|0.0|0.0|13914027000131|HIDROLUX INDUS.E COMER.DE MAT.HIDRAUL. EIRELI-ME
56415955|950688|31001930|304|03|2021|11|2200.0|3.3|0.0|0.0|0.0|02332638000155|ALEXANDRE MAGNO LEAL -EPP.
56415956|950688|31001843|304|03|2021|11|150.0|1.7|0.0|0.0|0.0|33540866000144|NAVODAP-COMERCIO DE MATERIAIS HIDRAULICOS EIRELI
56415957|950688|31001917|304|03|2021|11|5.0|29.3|0.0|0.0|0.0|13914027000131|HIDROLUX INDUS.E COMER.DE MAT.HIDRAUL. EIRELI-ME
56415958|950688|31001947|304|03|2021|11|30.0|4.41|0.0|0.0|0.0|34640774000107|HIDROGERAIS COMERCIO E REPRESENTACOES EIRELI
56415959|950689|31001988|304|03|2021|11|1.0|6522.3|0.0|0.0|0.0|19091655000140|GLOBAL BOMBAS HIDRAULICAS E ELETRICA LTDA - EPP
56415960|950689|31001986|304|03|2021|11|2.0|3825.0|0.0|0.0|0.0|37011072000144|WP BOMBAS E SERVICOS LTDA
56415961|950687|31001762|304|03|2021|11|45.13|19.0|0.0|0.0|0.0|23314651000151|ORGANIZACAO EMY LTDA-EPP
56415962|950687|31001821|304|03|2021|11|7.0|85.6|0.0|0.0|0.0|23314651000151|ORGANIZACAO EMY LTDA-EPP
56415963|950687|31001747|304|03|2021|11|74.36|11.1|0.0|0.0|0.0|23314651000151|ORGANIZACAO EMY LTDA-EPP
56415964|950687|31001824|304|03|2021|11|1.0|36.2|0.0|0.0|0.0|23314651000151|ORGANIZACAO EMY LTDA-EPP
56415965|950687|31001725|304|03|2021|11|3.0|1129.0|0.0|0.0|0.0|23314651000151|ORGANIZACAO EMY LTDA-EPP
56415966|950687|31001801|304|03|2021|11|1.0|98.2|0.0|0.0|0.0|23314651000151|ORGANIZACAO EMY LTDA-EPP
56415967|950687|31001757|304|03|2021|11|1.54|611.1|0.0|0.0|0.0|23314651000151|ORGANIZACAO EMY LTDA-EPP
56415968|950687|31001774|304|03|2021|11|20.08|97.9|0.0|0.0|0.0|23314651000151|ORGANIZACAO EMY LTDA-EPP
56415969|950687|31001777|304|03|2021|11|3.0|95.9|0.0|0.0|0.0|23314651000151|ORGANIZACAO EMY LTDA-EPP
56415970|950687|31001813|304|03|2021|11|30.0|8.05|0.0|0.0|0.0|23314651000151|ORGANIZACAO EMY LTDA-EPP
56415971|950687|31001768|304|03|2021|11|45.04|38.9|0.0|0.0|0.0|23314651000151|ORGANIZACAO EMY LTDA-EPP
56415972|950687|31001804|304|03|2021|11|1.0|29.8|0.0|0.0|0.0|23314651000151|ORGANIZACAO EMY LTDA-EPP
56415973|950687|31001823|304|03|2021|11|7.0|34.7|0.0|0.0|0.0|23314651000151|ORGANIZACAO EMY LTDA-EPP
56415974|950687|31001831|304|03|2021|11|7.0|14.6|0.0|0.0|0.0|23314651000151|ORGANIZACAO EMY LTDA-EPP
56415975|950688|31001847|304|03|2021|11|25.0|7.01|0.0|0.0|0.0|34640774000107|HIDROGERAIS COMERCIO E REPRESENTACOES EIRELI
56415976|950688|31001940|304|03|2021|11|30.0|5.3|0.0|0.0|0.0|33540866000144|NAVODAP-COMERCIO DE MATERIAIS HIDRAULICOS EIRELI
56415977|950688|31001886|304|03|2021|11|50.0|22.0|0.0|0.0|0.0|13914027000131|HIDROLUX INDUS.E COMER.DE MAT.HIDRAUL. EIRELI-ME
56415978|950688|31001846|304|03|2021|11|25.0|5.65|0.0|0.0|0.0|34640774000107|HIDROGERAIS COMERCIO E REPRESENTACOES EIRELI
56415979|950688|31001876|304|03|2021|11|1500.0|2.34|0.0|0.0|0.0|13914027000131|HIDROLUX INDUS.E COMER.DE MAT.HIDRAUL. EIRELI-ME
56415980|950688|31001851|304|03|2021|11|150.0|1.07|0.0|0.0|0.0|41664871000197|POLYVIN PLASTICOS E DERIVADOS LTDA
56415981|950688|31001969|304|03|2021|11|30.0|14.0|0.0|0.0|0.0|13914027000131|HIDROLUX INDUS.E COMER.DE MAT.HIDRAUL. EIRELI-ME
56415982|950688|31001862|304|03|2021|11|150.0|2.17|0.0|0.0|0.0|33540866000144|NAVODAP-COMERCIO DE MATERIAIS HIDRAULICOS EIRELI
56415983|950688|31001945|304|03|2021|11|50.0|5.85|0.0|0.0|0.0|13914027000131|HIDROLUX INDUS.E COMER.DE MAT.HIDRAUL. EIRELI-ME
56415984|950688|31001907|304|03|2021|11|50.0|2.74|0.0|0.0|0.0|41664871000197|POLYVIN PLASTICOS E DERIVADOS LTDA
56415985|950688|31001875|304|03|2021|11|20.0|4.1|0.0|0.0|0.0|33540866000144|NAVODAP-COMERCIO DE MATERIAIS HIDRAULICOS EIRELI
56415986|950688|31001866|304|03|2021|11|10.0|35.0|0.0|0.0|0.0|33540866000144|NAVODAP-COMERCIO DE MATERIAIS HIDRAULICOS EIRELI
56415987|950688|31001888|304|03|2021|11|15.0|100.0|0.0|0.0|0.0|33540866000144|NAVODAP-COMERCIO DE MATERIAIS HIDRAULICOS EIRELI
56415988|950689|31001982|304|03|2021|11|10.0|116.0|0.0|0.0|0.0|19091655000140|GLOBAL BOMBAS HIDRAULICAS E ELETRICA LTDA - EPP
56415989|950687|31001787|304|03|2021|11|9.96|33.9|0.0|0.0|0.0|23314651000151|ORGANIZACAO EMY LTDA-EPP
56415990|950687|31001736|304|03|2021|11|20.0|3.29|0.0|0.0|0.0|23314651000151|ORGANIZACAO EMY LTDA-EPP
56415991|950687|31001731|304|03|2021|11|42.0|16.95|0.0|0.0|0.0|23314651000151|ORGANIZACAO EMY LTDA-EPP
56415992|950687|31001732|304|03|2021|11|1.0|152.1|0.0|0.0|0.0|23314651000151|ORGANIZACAO EMY LTDA-EPP
56415993|950687|31001722|304|03|2021|11|38.16|57.9|0.0|0.0|0.0|23314651000151|ORGANIZACAO EMY LTDA-EPP
56415994|950687|31001784|304|03|2021|11|5.04|1098.0|0.0|0.0|0.0|23314651000151|ORGANIZACAO EMY LTDA-EPP
56415995|950687|31001745|304|03|2021|11|54.61|11.9|0.0|0.0|0.0|23314651000151|ORGANIZACAO EMY LTDA-EPP
56415996|950687|31001760|304|03|2021|11|24.2|190.2|0.0|0.0|0.0|23314651000151|ORGANIZACAO EMY LTDA-EPP
56415997|950687|31001750|304|03|2021|11|7.0|81.9|0.0|0.0|0.0|23314651000151|ORGANIZACAO EMY LTDA-EPP
56415998|950687|31001724|304|03|2021|11|40.0|25.3|0.0|0.0|0.0|23314651000151|ORGANIZACAO EMY LTDA-EPP
56415999|950687|31001776|304|03|2021|11|125.34|39.99|0.0|0.0|0.0|23314651000151|ORGANIZACAO EMY LTDA-EPP
56416000|950687|31001723|304|03|2021|11|25.45|56.9|0.0|0.0|0.0|23314651000151|ORGANIZACAO EMY LTDA-EPP
56416001|950687|31001751|304|03|2021|11|1.2|292.6|0.0|0.0|0.0|23314651000151|ORGANIZACAO EMY LTDA-EPP
56416002|950687|31001780|304|03|2021|11|54.61|89.99|0.0|0.0|0.0|23314651000151|ORGANIZACAO EMY LTDA-EPP
56416003|950687|31001761|304|03|2021|11|30.7|79.9|0.0|0.0|0.0|23314651000151|ORGANIZACAO EMY LTDA-EPP
56416004|950687|31001766|304|03|2021|11|4.61|179.9|0.0|0.0|0.0|23314651000151|ORGANIZACAO EMY LTDA-EPP
56416005|950687|31001794|304|03|2021|11|3.0|34.97|0.0|0.0|0.0|23314651000151|ORGANIZACAO EMY LTDA-EPP
56416006|950687|31001740|304|03|2021|11|0.27|3320.0|0.0|0.0|0.0|23314651000151|ORGANIZACAO EMY LTDA-EPP
56415887|950687|31001733|304|03|2021|11|1.0|238.4|0.0|0.0|0.0|23314651000151|ORGANIZACAO EMY LTDA-EPP
56415884|950687|31001803|304|03|2021|11|3.3|36.0|0.0|0.0|0.0|23314651000151|ORGANIZACAO EMY LTDA-EPP
56415885|950687|31001738|304|03|2021|11|30.0|8.05|0.0|0.0|0.0|23314651000151|ORGANIZACAO EMY LTDA-EPP
56415886|950687|31001790|304|03|2021|11|1.0|29.0|0.0|0.0|0.0|23314651000151|ORGANIZACAO EMY LTDA-EPP
56415888|950687|31001729|304|03|2021|11|80.0|9.7|0.0|0.0|0.0|23314651000151|ORGANIZACAO EMY LTDA-EPP
56415889|950687|31001802|304|03|2021|11|5.94|39.9|0.0|0.0|0.0|23314651000151|ORGANIZACAO EMY LTDA-EPP
56415890|950687|31001763|304|03|2021|11|16.94|56.9|0.0|0.0|0.0|23314651000151|ORGANIZACAO EMY LTDA-EPP
56415891|950687|31001791|304|03|2021|11|13.42|20.7|0.0|0.0|0.0|23314651000151|ORGANIZACAO EMY LTDA-EPP
56415892|950687|31001828|304|03|2021|11|4.0|28.1|0.0|0.0|0.0|23314651000151|ORGANIZACAO EMY LTDA-EPP
56415893|950687|31001809|304|03|2021|11|1.0|489.31|0.0|0.0|0.0|23314651000151|ORGANIZACAO EMY LTDA-EPP
56415894|950687|31001808|304|03|2021|11|1.0|58.4|0.0|0.0|0.0|23314651000151|ORGANIZACAO EMY LTDA-EPP
56415895|950687|31001816|304|03|2021|11|10.0|11.4|0.0|0.0|0.0|23314651000151|ORGANIZACAO EMY LTDA-EPP
56415896|950687|31001786|304|03|2021|11|4.41|29.2|0.0|0.0|0.0|23314651000151|ORGANIZACAO EMY LTDA-EPP
56415897|950687|31001805|304|03|2021|11|1.0|27.9|0.0|0.0|0.0|23314651000151|ORGANIZACAO EMY LTDA-EPP
56415898|950687|31001765|304|03|2021|11|30.7|31.6|0.0|0.0|0.0|23314651000151|ORGANIZACAO EMY LTDA-EPP
56415899|950687|31001825|304|03|2021|11|6.0|20.15|0.0|0.0|0.0|23314651000151|ORGANIZACAO EMY LTDA-EPP
56415900|950688|31001898|304|03|2021|11|4.0|345.0|0.0|0.0|0.0|33540866000144|NAVODAP-COMERCIO DE MATERIAIS HIDRAULICOS EIRELI
56415901|950688|31001837|304|03|2021|11|150.0|1.88|0.0|0.0|0.0|41664871000197|POLYVIN PLASTICOS E DERIVADOS LTDA
56415902|950688|31001939|304|03|2021|11|30.0|3.31|0.0|0.0|0.0|34640774000107|HIDROGERAIS COMERCIO E REPRESENTACOES EIRELI
56415903|950688|31001868|304|03|2021|11|300.0|0.45|0.0|0.0|0.0|02332638000155|ALEXANDRE MAGNO LEAL -EPP.
56415904|950688|31001878|304|03|2021|11|15.0|21.0|0.0|0.0|0.0|02332638000155|ALEXANDRE MAGNO LEAL -EPP.
56415905|950688|31001948|304|03|2021|11|10.0|22.62|0.0|0.0|0.0|34640774000107|HIDROGERAIS COMERCIO E REPRESENTACOES EIRELI
56415906|950688|31001922|304|03|2021|11|5.0|55.2|0.0|0.0|0.0|13914027000131|HIDROLUX INDUS.E COMER.DE MAT.HIDRAUL. EIRELI-ME
56415907|950688|31001936|304|03|2021|11|500.0|0.95|0.0|0.0|0.0|13914027000131|HIDROLUX INDUS.E COMER.DE MAT.HIDRAUL. EIRELI-ME
56415908|950688|31001879|304|03|2021|11|40.0|5.84|0.0|0.0|0.0|13914027000131|HIDROLUX INDUS.E COMER.DE MAT.HIDRAUL. EIRELI-ME
56415909|950688|31001863|304|03|2021|11|50.0|7.92|0.0|0.0|0.0|34640774000107|HIDROGERAIS COMERCIO E REPRESENTACOES EIRELI
56415910|950688|31001958|304|03|2021|11|20.0|150.0|0.0|0.0|0.0|33540866000144|NAVODAP-COMERCIO DE MATERIAIS HIDRAULICOS EIRELI
56415911|950688|31001957|304|03|2021|11|50.0|90.0|0.0|0.0|0.0|33540866000144|NAVODAP-COMERCIO DE MATERIAIS HIDRAULICOS EIRELI
56415912|950688|31001906|304|03|2021|11|40.0|3.9|0.0|0.0|0.0|34640774000107|HIDROGERAIS COMERCIO E REPRESENTACOES EIRELI
56415913|950688|31001970|304|03|2021|11|30.0|18.2|0.0|0.0|0.0|13914027000131|HIDROLUX INDUS.E COMER.DE MAT.HIDRAUL. EIRELI-ME
56415914|950688|31001931|304|03|2021|11|200.0|4.05|0.0|0.0|0.0|34640774000107|HIDROGERAIS COMERCIO E REPRESENTACOES EIRELI
56415915|950688|31001928|304|03|2021|11|15.0|30.0|0.0|0.0|0.0|33540866000144|NAVODAP-COMERCIO DE MATERIAIS HIDRAULICOS EIRELI
56415916|950688|31001840|304|03|2021|11|250.0|4.97|0.0|0.0|0.0|02332638000155|ALEXANDRE MAGNO LEAL -EPP.
56415917|950688|31001852|304|03|2021|11|1500.0|0.62|0.0|0.0|0.0|41664871000197|POLYVIN PLASTICOS E DERIVADOS LTDA
56415918|950688|31001892|304|03|2021|11|20.0|22.0|0.0|0.0|0.0|13914027000131|HIDROLUX INDUS.E COMER.DE MAT.HIDRAUL. EIRELI-ME
56415919|950689|31001978|304|03|2021|11|5.0|29.0|0.0|0.0|0.0|13576654000100|BHS BOMBAS HIDRAULICAS E SERVICOS LTDA
56415920|950689|31001980|304|03|2021|11|6.0|118.0|0.0|0.0|0.0|13576654000100|BHS BOMBAS HIDRAULICAS E SERVICOS LTDA
56415921|950687|31001767|304|03|2021|11|26.52|35.9|0.0|0.0|0.0|23314651000151|ORGANIZACAO EMY LTDA-EPP
56415922|950687|31001800|304|03|2021|11|2.0|191.8|0.0|0.0|0.0|23314651000151|ORGANIZACAO EMY LTDA-EPP
56415923|950687|31001830|304|03|2021|11|23.0|8.7|0.0|0.0|0.0|23314651000151|ORGANIZACAO EMY LTDA-EPP
56415924|950687|31001735|304|03|2021|11|20.0|3.29|0.0|0.0|0.0|23314651000151|ORGANIZACAO EMY LTDA-EPP
56415925|950687|31001753|304|03|2021|11|24.0|25.9|0.0|0.0|0.0|23314651000151|ORGANIZACAO EMY LTDA-EPP
56415926|950687|31001807|304|03|2021|11|1.0|424.9|0.0|0.0|0.0|23314651000151|ORGANIZACAO EMY LTDA-EPP
56415927|950687|31001744|304|03|2021|11|1.0|1269.0|0.0|0.0|0.0|23314651000151|ORGANIZACAO EMY LTDA-EPP
56415928|950687|31001743|304|03|2021|11|10.56|53.4|0.0|0.0|0.0|23314651000151|ORGANIZACAO EMY LTDA-EPP
56415929|950687|31001726|304|03|2021|11|3.36|999.9|0.0|0.0|0.0|23314651000151|ORGANIZACAO EMY LTDA-EPP
56415930|950687|31001739|304|03|2021|11|0.16|3320.0|0.0|0.0|0.0|23314651000151|ORGANIZACAO EMY LTDA-EPP
56415931|950687|31001788|304|03|2021|11|1.0|482.8|0.0|0.0|0.0|23314651000151|ORGANIZACAO EMY LTDA-EPP
56415932|950687|31001796|304|03|2021|11|1.0|38.6|0.0|0.0|0.0|23314651000151|ORGANIZACAO EMY LTDA-EPP
56415933|950687|31001812|304|03|2021|11|30.0|8.05|0.0|0.0|0.0|23314651000151|ORGANIZACAO EMY LTDA-EPP
56415934|950687|31001758|304|03|2021|11|2.99|744.9|0.0|0.0|0.0|23314651000151|ORGANIZACAO EMY LTDA-EPP
56415935|950687|31001752|304|03|2021|11|20.88|14.9|0.0|0.0|0.0|23314651000151|ORGANIZACAO EMY LTDA-EPP
56415936|950687|31001769|304|03|2021|11|57.27|76.9|0.0|0.0|0.0|23314651000151|ORGANIZACAO EMY LTDA-EPP
56415937|950687|31001748|304|03|2021|11|74.36|32.99|0.0|0.0|0.0|23314651000151|ORGANIZACAO EMY LTDA-EPP
56415938|950688|31001845|304|03|2021|11|50.0|0.62|0.0|0.0|0.0|41664871000197|POLYVIN PLASTICOS E DERIVADOS LTDA
56415939|950688|31001897|304|03|2021|11|8.0|245.0|0.0|0.0|0.0|33540866000144|NAVODAP-COMERCIO DE MATERIAIS HIDRAULICOS EIRELI
56415940|950688|31001873|304|03|2021|11|60.0|0.56|0.0|0.0|0.0|02332638000155|ALEXANDRE MAGNO LEAL -EPP.
56415941|950688|31001950|304|03|2021|11|30.0|10.8|0.0|0.0|0.0|33540866000144|NAVODAP-COMERCIO DE MATERIAIS HIDRAULICOS EIRELI
56415942|950688|31001870|304|03|2021|11|150.0|1.11|0.0|0.0|0.0|02332638000155|ALEXANDRE MAGNO LEAL -EPP.
56415943|950688|31001924|304|03|2021|11|50.0|5.66|0.0|0.0|0.0|13914027000131|HIDROLUX INDUS.E COMER.DE MAT.HIDRAUL. EIRELI-ME
56415944|950688|31001934|304|03|2021|11|200.0|8.72|0.0|0.0|0.0|13914027000131|HIDROLUX INDUS.E COMER.DE MAT.HIDRAUL. EIRELI-ME
56415945|950688|31001932|304|03|2021|11|500.0|7.98|0.0|0.0|0.0|41719477000109|KARAIBA MATERIAIS DE CONSTRUCAO LTDA - ME
56415946|950688|31001966|304|03|2021|11|20.0|9.01|0.0|0.0|0.0|41719477000109|KARAIBA MATERIAIS DE CONSTRUCAO LTDA - ME
56415947|950688|31001855|304|03|2021|11|100.0|4.35|0.0|0.0|0.0|33540866000144|NAVODAP-COMERCIO DE MATERIAIS HIDRAULICOS EIRELI
56415948|950688|31001881|304|03|2021|11|30.0|6.92|0.0|0.0|0.0|13914027000131|HIDROLUX INDUS.E COMER.DE MAT.HIDRAUL. EIRELI-ME
56415949|950688|31001880|304|03|2021|11|30.0|26.5|0.0|0.0|0.0|13914027000131|HIDROLUX INDUS.E COMER.DE MAT.HIDRAUL. EIRELI-ME
56415950|950688|31001946|304|03|2021|11|10.0|15.5|0.0|0.0|0.0|33540866000144|NAVODAP-COMERCIO DE MATERIAIS HIDRAULICOS EIRELI
56415820|950688|31001835|304|03|2021|11|350.0|1.12|0.0|0.0|0.0|13914027000131|HIDROLUX INDUS.E COMER.DE MAT.HIDRAUL. EIRELI-ME
56415951|950688|31001874|304|03|2021|11|50.0|0.7|0.0|0.0|0.0|41664871000197|POLYVIN PLASTICOS E DERIVADOS LTDA
56415816|950688|31001920|304|03|2021|11|5.0|96.5|0.0|0.0|0.0|13914027000131|HIDROLUX INDUS.E COMER.DE MAT.HIDRAUL. EIRELI-ME
56415817|950688|31001949|304|03|2021|11|30.0|6.04|0.0|0.0|0.0|34640774000107|HIDROGERAIS COMERCIO E REPRESENTACOES EIRELI
56415818|950688|31001900|304|03|2021|11|50.0|9.3|0.0|0.0|0.0|33540866000144|NAVODAP-COMERCIO DE MATERIAIS HIDRAULICOS EIRELI
56415819|950688|31001923|304|03|2021|11|150.0|1.2|0.0|0.0|0.0|41664871000197|POLYVIN PLASTICOS E DERIVADOS LTDA
56415821|950688|31001935|304|03|2021|11|50.0|11.61|0.0|0.0|0.0|02332638000155|ALEXANDRE MAGNO LEAL -EPP.
56415822|950688|31001853|304|03|2021|11|1500.0|0.43|0.0|0.0|0.0|02332638000155|ALEXANDRE MAGNO LEAL -EPP.
56415823|950688|31001893|304|03|2021|11|20.0|38.5|0.0|0.0|0.0|13914027000131|HIDROLUX INDUS.E COMER.DE MAT.HIDRAUL. EIRELI-ME
56415824|950688|31001971|304|03|2021|11|30.0|16.0|0.0|0.0|0.0|13914027000131|HIDROLUX INDUS.E COMER.DE MAT.HIDRAUL. EIRELI-ME
56415825|950689|31001990|304|03|2021|11|10.0|485.0|0.0|0.0|0.0|19091655000140|GLOBAL BOMBAS HIDRAULICAS E ELETRICA LTDA - EPP
56415826|950687|31001811|304|03|2021|11|1.0|317.9|0.0|0.0|0.0|23314651000151|ORGANIZACAO EMY LTDA-EPP
56415830|950687|31001759|304|03|2021|11|6.78|730.99|0.0|0.0|0.0|23314651000151|ORGANIZACAO EMY LTDA-EPP
56415827|950687|31001793|304|03|2021|11|1.0|32.21|0.0|0.0|0.0|23314651000151|ORGANIZACAO EMY LTDA-EPP
56415828|950687|31001819|304|03|2021|11|2.0|72.0|0.0|0.0|0.0|23314651000151|ORGANIZACAO EMY LTDA-EPP
56415829|950687|31001783|304|03|2021|11|1.56|1098.0|0.0|0.0|0.0|23314651000151|ORGANIZACAO EMY LTDA-EPP
56415831|950687|31001741|304|03|2021|11|16.73|37.62|0.0|0.0|0.0|23314651000151|ORGANIZACAO EMY LTDA-EPP
56415832|950687|31001814|304|03|2021|11|10.0|11.4|0.0|0.0|0.0|23314651000151|ORGANIZACAO EMY LTDA-EPP
56415833|950687|31001822|304|03|2021|11|2.0|27.7|0.0|0.0|0.0|23314651000151|ORGANIZACAO EMY LTDA-EPP
56415834|950687|31001773|304|03|2021|11|73.06|84.99|0.0|0.0|0.0|23314651000151|ORGANIZACAO EMY LTDA-EPP
56415835|950687|31001772|304|03|2021|11|45.04|154.9|0.0|0.0|0.0|23314651000151|ORGANIZACAO EMY LTDA-EPP
56415836|950687|31001771|304|03|2021|11|109.25|25.99|0.0|0.0|0.0|23314651000151|ORGANIZACAO EMY LTDA-EPP
56415837|950687|31001829|304|03|2021|11|20.0|7.9|0.0|0.0|0.0|23314651000151|ORGANIZACAO EMY LTDA-EPP
56415838|950688|31001883|304|03|2021|11|50.0|10.5|0.0|0.0|0.0|33540866000144|NAVODAP-COMERCIO DE MATERIAIS HIDRAULICOS EIRELI
56415839|950688|31001909|304|03|2021|11|150.0|0.81|0.0|0.0|0.0|41664871000197|POLYVIN PLASTICOS E DERIVADOS LTDA
56415840|950688|31001834|304|03|2021|11|400.0|0.45|0.0|0.0|0.0|02332638000155|ALEXANDRE MAGNO LEAL -EPP.
56415841|950688|31001910|304|03|2021|11|200.0|0.5|0.0|0.0|0.0|41664871000197|POLYVIN PLASTICOS E DERIVADOS LTDA
56415842|950688|31001858|304|03|2021|11|200.0|0.87|0.0|0.0|0.0|02332638000155|ALEXANDRE MAGNO LEAL -EPP.
56415843|950688|31001899|304|03|2021|11|50.0|21.0|0.0|0.0|0.0|33540866000144|NAVODAP-COMERCIO DE MATERIAIS HIDRAULICOS EIRELI
56415844|950688|31001926|304|03|2021|11|15.0|59.6|0.0|0.0|0.0|13914027000131|HIDROLUX INDUS.E COMER.DE MAT.HIDRAUL. EIRELI-ME
56415845|950688|31001865|304|03|2021|11|30.0|8.46|0.0|0.0|0.0|02332638000155|ALEXANDRE MAGNO LEAL -EPP.
56415846|950688|31001872|304|03|2021|11|300.0|0.46|0.0|0.0|0.0|02332638000155|ALEXANDRE MAGNO LEAL -EPP.
56415847|950688|31001871|304|03|2021|11|4000.0|0.32|0.0|0.0|0.0|02332638000155|ALEXANDRE MAGNO LEAL -EPP.
56415848|950688|31001842|304|03|2021|11|30.0|1.65|0.0|0.0|0.0|33540866000144|NAVODAP-COMERCIO DE MATERIAIS HIDRAULICOS EIRELI
56415849|950688|31001836|304|03|2021|11|60.0|0.34|0.0|0.0|0.0|41664871000197|POLYVIN PLASTICOS E DERIVADOS LTDA
56415850|950688|31001903|304|03|2021|11|50.0|1.8|0.0|0.0|0.0|33540866000144|NAVODAP-COMERCIO DE MATERIAIS HIDRAULICOS EIRELI
56415851|950688|31001929|304|03|2021|11|10.0|25.0|0.0|0.0|0.0|33540866000144|NAVODAP-COMERCIO DE MATERIAIS HIDRAULICOS EIRELI
56415852|950689|31001977|304|03|2021|11|10.0|21.0|0.0|0.0|0.0|37011072000144|WP BOMBAS E SERVICOS LTDA
56415853|950689|31001983|304|03|2021|11|7.0|125.0|0.0|0.0|0.0|37011072000144|WP BOMBAS E SERVICOS LTDA
56415854|950689|31001987|304|03|2021|11|1.0|4642.6|0.0|0.0|0.0|19091655000140|GLOBAL BOMBAS HIDRAULICAS E ELETRICA LTDA - EPP
56415855|950689|31001972|304|03|2021|11|30.0|10.0|0.0|0.0|0.0|37011072000144|WP BOMBAS E SERVICOS LTDA
56415856|950689|31001989|304|03|2021|11|2.0|11672.45|0.0|0.0|0.0|19091655000140|GLOBAL BOMBAS HIDRAULICAS E ELETRICA LTDA - EPP
56415857|950687|31001799|304|03|2021|11|1.0|104.9|0.0|0.0|0.0|23314651000151|ORGANIZACAO EMY LTDA-EPP
56415858|950687|31001820|304|03|2021|11|2.0|54.5|0.0|0.0|0.0|23314651000151|ORGANIZACAO EMY LTDA-EPP
56415859|950687|31001806|304|03|2021|11|1.0|176.9|0.0|0.0|0.0|23314651000151|ORGANIZACAO EMY LTDA-EPP
56415860|950687|31001727|304|03|2021|11|125.34|14.15|0.0|0.0|0.0|23314651000151|ORGANIZACAO EMY LTDA-EPP
56415861|950687|31001730|304|03|2021|11|70.0|2.55|0.0|0.0|0.0|23314651000151|ORGANIZACAO EMY LTDA-EPP
56415862|950687|31001818|304|03|2021|11|1.0|84.9|0.0|0.0|0.0|23314651000151|ORGANIZACAO EMY LTDA-EPP
56415863|950687|31001778|304|03|2021|11|34.84|46.99|0.0|0.0|0.0|23314651000151|ORGANIZACAO EMY LTDA-EPP
56415864|950687|31001749|304|03|2021|11|6.0|399.9|0.0|0.0|0.0|23314651000151|ORGANIZACAO EMY LTDA-EPP
56415865|950687|31001827|304|03|2021|11|9.0|28.1|0.0|0.0|0.0|23314651000151|ORGANIZACAO EMY LTDA-EPP
56415866|950687|31001756|304|03|2021|11|1887.0|21.2|0.0|0.0|0.0|23314651000151|ORGANIZACAO EMY LTDA-EPP
56415867|950688|31001911|304|03|2021|11|6.0|58.6|0.0|0.0|0.0|13914027000131|HIDROLUX INDUS.E COMER.DE MAT.HIDRAUL. EIRELI-ME
56415868|950688|31001891|304|03|2021|11|4.0|340.0|0.0|0.0|0.0|33540866000144|NAVODAP-COMERCIO DE MATERIAIS HIDRAULICOS EIRELI
56415869|950688|31001965|304|03|2021|11|100.0|1.38|0.0|0.0|0.0|41719477000109|KARAIBA MATERIAIS DE CONSTRUCAO LTDA - ME
56415870|950688|31001963|304|03|2021|11|3.0|81.79|0.0|0.0|0.0|34640774000107|HIDROGERAIS COMERCIO E REPRESENTACOES EIRELI
56415871|950688|31001895|304|03|2021|11|20.0|105.0|0.0|0.0|0.0|33540866000144|NAVODAP-COMERCIO DE MATERIAIS HIDRAULICOS EIRELI
56415872|950688|31001968|304|03|2021|11|150.0|3.15|0.0|0.0|0.0|02332638000155|ALEXANDRE MAGNO LEAL -EPP.
56415873|950688|31001925|304|03|2021|11|7000.0|0.11|0.0|0.0|0.0|02332638000155|ALEXANDRE MAGNO LEAL -EPP.
56415874|950688|31001861|304|03|2021|11|50.0|15.1|0.0|0.0|0.0|13914027000131|HIDROLUX INDUS.E COMER.DE MAT.HIDRAUL. EIRELI-ME
56415875|950688|31001901|304|03|2021|11|50.0|8.6|0.0|0.0|0.0|33540866000144|NAVODAP-COMERCIO DE MATERIAIS HIDRAULICOS EIRELI
56415876|950688|31001885|304|03|2021|11|100.0|7.75|0.0|0.0|0.0|13914027000131|HIDROLUX INDUS.E COMER.DE MAT.HIDRAUL. EIRELI-ME
56415877|950688|31001841|304|03|2021|11|2500.0|1.1|0.0|0.0|0.0|41664871000197|POLYVIN PLASTICOS E DERIVADOS LTDA
56415878|950688|31001959|304|03|2021|11|8.0|230.0|0.0|0.0|0.0|33540866000144|NAVODAP-COMERCIO DE MATERIAIS HIDRAULICOS EIRELI
56415879|950688|31001908|304|03|2021|11|50.0|1.41|0.0|0.0|0.0|41664871000197|POLYVIN PLASTICOS E DERIVADOS LTDA
56415880|950688|31001894|304|03|2021|11|30.0|34.2|0.0|0.0|0.0|13914027000131|HIDROLUX INDUS.E COMER.DE MAT.HIDRAUL. EIRELI-ME
56415881|950689|31001973|304|03|2021|11|20.0|10.0|0.0|0.0|0.0|37011072000144|WP BOMBAS E SERVICOS LTDA
56415882|950689|31001981|304|03|2021|11|6.0|46.0|0.0|0.0|0.0|37011072000144|WP BOMBAS E SERVICOS LTDA
56415883|950687|31001754|304|03|2021|11|12.1|26.3|0.0|0.0|0.0|23314651000151|ORGANIZACAO EMY LTDA-EPP
56415750|950688|31001960|304|03|2021|11|4.0|330.0|0.0|0.0|0.0|33540866000144|NAVODAP-COMERCIO DE MATERIAIS HIDRAULICOS EIRELI
56415747|950688|31001964|304|03|2021|11|300.0|7.55|0.0|0.0|0.0|02332638000155|ALEXANDRE MAGNO LEAL -EPP.
56415748|950688|31001860|304|03|2021|11|300.0|0.64|0.0|0.0|0.0|41664871000197|POLYVIN PLASTICOS E DERIVADOS LTDA
56415749|950688|31001856|304|03|2021|11|300.0|0.55|0.0|0.0|0.0|02332638000155|ALEXANDRE MAGNO LEAL -EPP.
56415751|950688|31001927|304|03|2021|11|4000.0|0.2|0.0|0.0|0.0|02332638000155|ALEXANDRE MAGNO LEAL -EPP.
56415752|950688|31001844|304|03|2021|11|25.0|2.34|0.0|0.0|0.0|34640774000107|HIDROGERAIS COMERCIO E REPRESENTACOES EIRELI
56415753|950688|31001941|304|03|2021|11|30.0|6.55|0.0|0.0|0.0|33540866000144|NAVODAP-COMERCIO DE MATERIAIS HIDRAULICOS EIRELI
56415754|950688|31001882|304|03|2021|11|50.0|6.3|0.0|0.0|0.0|33540866000144|NAVODAP-COMERCIO DE MATERIAIS HIDRAULICOS EIRELI
56415755|950688|31001956|304|03|2021|11|50.0|70.0|0.0|0.0|0.0|33540866000144|NAVODAP-COMERCIO DE MATERIAIS HIDRAULICOS EIRELI
56415756|950688|31001838|304|03|2021|11|50.0|0.46|0.0|0.0|0.0|41664871000197|POLYVIN PLASTICOS E DERIVADOS LTDA
56415757|950688|31001904|304|03|2021|11|400.0|1.28|0.0|0.0|0.0|34640774000107|HIDROGERAIS COMERCIO E REPRESENTACOES EIRELI
56415758|950688|31001953|304|03|2021|11|10.0|19.0|0.0|0.0|0.0|33540866000144|NAVODAP-COMERCIO DE MATERIAIS HIDRAULICOS EIRELI
56415759|950688|31001890|304|03|2021|11|8.0|240.0|0.0|0.0|0.0|33540866000144|NAVODAP-COMERCIO DE MATERIAIS HIDRAULICOS EIRELI
56415760|950688|31001854|304|03|2021|11|250.0|0.74|0.0|0.0|0.0|13914027000131|HIDROLUX INDUS.E COMER.DE MAT.HIDRAUL. EIRELI-ME
56415761|950688|31001877|304|03|2021|11|10.0|35.0|0.0|0.0|0.0|02332638000155|ALEXANDRE MAGNO LEAL -EPP.
56415762|950688|31001867|304|03|2021|11|4000.0|0.31|0.0|0.0|0.0|02332638000155|ALEXANDRE MAGNO LEAL -EPP.
56415763|950688|31001833|304|03|2021|11|2000.0|0.31|0.0|0.0|0.0|41664871000197|POLYVIN PLASTICOS E DERIVADOS LTDA
56415764|950688|31001850|304|03|2021|11|5000.0|0.56|0.0|0.0|0.0|41664871000197|POLYVIN PLASTICOS E DERIVADOS LTDA
56415765|950688|31001884|304|03|2021|11|20.0|4.66|0.0|0.0|0.0|41664871000197|POLYVIN PLASTICOS E DERIVADOS LTDA
56415766|950688|31001961|304|03|2021|11|20.0|110.0|0.0|0.0|0.0|13914027000131|HIDROLUX INDUS.E COMER.DE MAT.HIDRAUL. EIRELI-ME
56415767|950688|31001902|304|03|2021|11|50.0|3.96|0.0|0.0|0.0|13914027000131|HIDROLUX INDUS.E COMER.DE MAT.HIDRAUL. EIRELI-ME
56415768|950688|31001896|304|03|2021|11|10.0|165.0|0.0|0.0|0.0|33540866000144|NAVODAP-COMERCIO DE MATERIAIS HIDRAULICOS EIRELI
56415769|950688|31001951|304|03|2021|11|10.0|16.0|0.0|0.0|0.0|33540866000144|NAVODAP-COMERCIO DE MATERIAIS HIDRAULICOS EIRELI
56415770|950689|31001984|304|03|2021|11|1.0|250.0|0.0|0.0|0.0|37011072000144|WP BOMBAS E SERVICOS LTDA
56415771|950689|31001974|304|03|2021|11|13.0|11.0|0.0|0.0|0.0|37011072000144|WP BOMBAS E SERVICOS LTDA
56415772|950689|31001976|304|03|2021|11|10.0|53.0|0.0|0.0|0.0|37011072000144|WP BOMBAS E SERVICOS LTDA
56415773|950687|31001795|304|03|2021|11|1.0|99.9|0.0|0.0|0.0|23314651000151|ORGANIZACAO EMY LTDA-EPP
56415774|950687|31001746|304|03|2021|11|86.46|38.9|0.0|0.0|0.0|23314651000151|ORGANIZACAO EMY LTDA-EPP
56415775|950687|31001798|304|03|2021|11|1.0|157.0|0.0|0.0|0.0|23314651000151|ORGANIZACAO EMY LTDA-EPP
56415776|950687|31001775|304|03|2021|11|142.07|11.1|0.0|0.0|0.0|23314651000151|ORGANIZACAO EMY LTDA-EPP
56415777|950687|31001782|304|03|2021|11|9.46|74.9|0.0|0.0|0.0|23314651000151|ORGANIZACAO EMY LTDA-EPP
56415778|950687|31001779|304|03|2021|11|6.27|16.07|0.0|0.0|0.0|23314651000151|ORGANIZACAO EMY LTDA-EPP
56415782|950688|31001857|304|03|2021|11|50.0|8.5|0.0|0.0|0.0|33540866000144|NAVODAP-COMERCIO DE MATERIAIS HIDRAULICOS EIRELI
56415779|950687|31001737|304|03|2021|11|30.0|8.05|0.0|0.0|0.0|23314651000151|ORGANIZACAO EMY LTDA-EPP
56415780|950687|31001815|304|03|2021|11|10.0|11.4|0.0|0.0|0.0|23314651000151|ORGANIZACAO EMY LTDA-EPP
56415781|950687|31001728|304|03|2021|11|1.0|736.9|0.0|0.0|0.0|23314651000151|ORGANIZACAO EMY LTDA-EPP
56415783|950688|31001916|304|03|2021|11|10.0|42.32|0.0|0.0|0.0|34640774000107|HIDROGERAIS COMERCIO E REPRESENTACOES EIRELI
56415784|950688|31001889|304|03|2021|11|10.0|160.0|0.0|0.0|0.0|33540866000144|NAVODAP-COMERCIO DE MATERIAIS HIDRAULICOS EIRELI
56415785|950688|31001849|304|03|2021|11|400.0|0.22|0.0|0.0|0.0|41664871000197|POLYVIN PLASTICOS E DERIVADOS LTDA
56415786|950688|31001967|304|03|2021|11|100.0|0.98|0.0|0.0|0.0|13914027000131|HIDROLUX INDUS.E COMER.DE MAT.HIDRAUL. EIRELI-ME
56415787|950688|31001943|304|03|2021|11|100.0|1.18|0.0|0.0|0.0|13914027000131|HIDROLUX INDUS.E COMER.DE MAT.HIDRAUL. EIRELI-ME
56415788|950688|31001839|304|03|2021|11|120.0|2.01|0.0|0.0|0.0|41664871000197|POLYVIN PLASTICOS E DERIVADOS LTDA
56415789|950688|31001937|304|03|2021|11|50.0|1.4|0.0|0.0|0.0|33540866000144|NAVODAP-COMERCIO DE MATERIAIS HIDRAULICOS EIRELI
56415790|950688|31001942|304|03|2021|11|30.0|9.8|0.0|0.0|0.0|33540866000144|NAVODAP-COMERCIO DE MATERIAIS HIDRAULICOS EIRELI
56415791|950688|31001905|304|03|2021|11|40.0|11.33|0.0|0.0|0.0|41664871000197|POLYVIN PLASTICOS E DERIVADOS LTDA
56415792|950688|31001944|304|03|2021|11|50.0|2.85|0.0|0.0|0.0|34640774000107|HIDROGERAIS COMERCIO E REPRESENTACOES EIRELI
56415793|950688|31001952|304|03|2021|11|10.0|25.0|0.0|0.0|0.0|33540866000144|NAVODAP-COMERCIO DE MATERIAIS HIDRAULICOS EIRELI
56415794|950689|31001985|304|03|2021|11|6.0|78.0|0.0|0.0|0.0|37011072000144|WP BOMBAS E SERVICOS LTDA
56415795|950689|31001979|304|03|2021|11|7.0|66.0|0.0|0.0|0.0|37011072000144|WP BOMBAS E SERVICOS LTDA
56415796|950689|31001975|304|03|2021|11|20.0|88.0|0.0|0.0|0.0|13576654000100|BHS BOMBAS HIDRAULICAS E SERVICOS LTDA
56415797|950687|31001764|304|03|2021|11|64.0|27.2|0.0|0.0|0.0|23314651000151|ORGANIZACAO EMY LTDA-EPP
56415798|950687|31001789|304|03|2021|11|1.0|29.0|0.0|0.0|0.0|23314651000151|ORGANIZACAO EMY LTDA-EPP
56415799|950687|31001742|304|03|2021|11|37.34|48.9|0.0|0.0|0.0|23314651000151|ORGANIZACAO EMY LTDA-EPP
56415800|950687|31001770|304|03|2021|11|11.79|764.9|0.0|0.0|0.0|23314651000151|ORGANIZACAO EMY LTDA-EPP
56415801|950687|31001755|304|03|2021|11|60.02|67.9|0.0|0.0|0.0|23314651000151|ORGANIZACAO EMY LTDA-EPP
56415802|950687|31001817|304|03|2021|11|1.0|168.9|0.0|0.0|0.0|23314651000151|ORGANIZACAO EMY LTDA-EPP
56415803|950687|31001734|304|03|2021|11|1.0|154.5|0.0|0.0|0.0|23314651000151|ORGANIZACAO EMY LTDA-EPP
56415804|950687|31001826|304|03|2021|11|3.0|39.9|0.0|0.0|0.0|23314651000151|ORGANIZACAO EMY LTDA-EPP
56415805|950687|31001810|304|03|2021|11|0.72|366.0|0.0|0.0|0.0|23314651000151|ORGANIZACAO EMY LTDA-EPP
56415806|950687|31001781|304|03|2021|11|60.07|57.9|0.0|0.0|0.0|23314651000151|ORGANIZACAO EMY LTDA-EPP
56415807|950687|31001797|304|03|2021|11|3.0|49.5|0.0|0.0|0.0|23314651000151|ORGANIZACAO EMY LTDA-EPP
56415808|950687|31001792|304|03|2021|11|23.32|28.0|0.0|0.0|0.0|23314651000151|ORGANIZACAO EMY LTDA-EPP
56415809|950687|31001785|304|03|2021|11|125.34|18.2|0.0|0.0|0.0|23314651000151|ORGANIZACAO EMY LTDA-EPP
56415810|950688|31001938|304|03|2021|11|150.0|12.47|0.0|0.0|0.0|02332638000155|ALEXANDRE MAGNO LEAL -EPP.
56415811|950688|31001887|304|03|2021|11|20.0|38.5|0.0|0.0|0.0|13914027000131|HIDROLUX INDUS.E COMER.DE MAT.HIDRAUL. EIRELI-ME
56415812|950688|31001848|304|03|2021|11|100.0|2.12|0.0|0.0|0.0|34640774000107|HIDROGERAIS COMERCIO E REPRESENTACOES EIRELI
56415813|950688|31001962|304|03|2021|11|5.0|54.3|0.0|0.0|0.0|13914027000131|HIDROLUX INDUS.E COMER.DE MAT.HIDRAUL. EIRELI-ME
56415814|950688|31001832|304|03|2021|11|20.0|5.7|0.0|0.0|0.0|41664871000197|POLYVIN PLASTICOS E DERIVADOS LTDA
56415815|950688|31001869|304|03|2021|11|400.0|0.71|0.0|0.0|0.0|02332638000155|ALEXANDRE MAGNO LEAL -EPP.
52753560|833057|27051133|304|03|2021|4|320.0|25.0|0.0|0.0|0.0|13224500000159|QUIMAFLEX PRODUTOS QUIMICOS LTDA EPP
52753558|833057|27051132|304|03|2021|4|15.0|978.0|0.0|0.0|0.0|00377455000120|IDEXX BRASIL LABORATÓRIOS LTDA
52753559|833056|27051130|304|03|2021|4|1300.0|16.8|0.0|0.0|0.0|17926188000104|SINTAGMA ZENITE COMER.PAPELARIA E ESPORTES LTDA-ME
54526657|884120|28953101|303|02|2021|8|12.0|7338.0|0.0|0.0|0.0|10852690000160|SIDIM SISTEMAS EIRELI
54526655|884119|28953099|303|02|2021|8|150.0|39.0|0.0|0.0|0.0|07628070000138|INDÚSTRIA E COMÉRCIO COLCHOES ORTHOVIDA LTDA
54526656|884119|28953100|303|02|2021|8|16.0|3262.0|0.0|0.0|0.0|38427451000182|TREM BARATO ELETROMÓVEIS E SERVICOS ADMINISTRATIVOS EIRELI
54526654|884118|28953098|303|02|2021|8|3.0|1825.0|0.0|0.0|0.0|71181184000181|DÁRIO HUMBERTO DE MELO CASTROME
55815025|928393|30351501|303|02|2021|10|2.0|2950.0|0.0|0.0|0.0|71181184000181|DÁRIO HUMBERTO DE MELO CASTROME
55815026|928393|30351517|303|02|2021|10|20.0|35.945|0.0|0.0|0.0|71181184000181|DÁRIO HUMBERTO DE MELO CASTROME
55815027|928393|30351520|303|02|2021|10|6.0|28.0|0.0|0.0|0.0|11395850000152|EVOLUCAO PETCOMÉRCIO EQUIP MÉDICOS E VETERINARIOS
55815023|928393|30351512|303|02|2021|10|1.0|550.0|0.0|0.0|0.0|10478755000150|BEAGÁ HOSPITALAR EIRELLI LTDA
55815024|928393|30351506|303|02|2021|10|1.0|5270.0|0.0|0.0|0.0|10478755000150|BEAGÁ HOSPITALAR EIRELLI LTDA
55815020|928393|30351498|303|02|2021|10|1.0|200.0|0.0|0.0|0.0|11395850000152|EVOLUCAO PETCOMÉRCIO EQUIP MÉDICOS E VETERINARIOS
55815021|928393|30351508|303|02|2021|10|1.0|2350.0|0.0|0.0|0.0|11395850000152|EVOLUCAO PETCOMÉRCIO EQUIP MÉDICOS E VETERINARIOS
55815022|928393|30351515|303|02|2021|10|1.0|2099.0|0.0|0.0|0.0|11395850000152|EVOLUCAO PETCOMÉRCIO EQUIP MÉDICOS E VETERINARIOS
55815028|928394|30351523|303|02|2021|10|1800.0|142.9|0.0|0.0|0.0|23265580000144|DR DISTRIBUIDORA LTDA
55815029|928393|30351518|303|02|2021|10|10.0|397.0|0.0|0.0|0.0|11395850000152|EVOLUCAO PETCOMÉRCIO EQUIP MÉDICOS E VETERINARIOS
55815030|928393|30351514|303|02|2021|10|1.0|400.0|0.0|0.0|0.0|11395850000152|EVOLUCAO PETCOMÉRCIO EQUIP MÉDICOS E VETERINARIOS
55815031|928393|30351502|303|02|2021|10|1.0|799.0|0.0|0.0|0.0|71181184000181|DÁRIO HUMBERTO DE MELO CASTROME
55815032|928393|30351511|303|02|2021|10|1.0|11830.0|0.0|0.0|0.0|24789180000109|SMARTMED REPRESENTACAO COM PROD MED HOSP LTDA
55815033|928394|30351522|303|02|2021|10|600.0|180.8|0.0|0.0|0.0|23265580000144|DR DISTRIBUIDORA LTDA
55815034|928393|30351509|303|02|2021|10|1.0|500.0|0.0|0.0|0.0|11395850000152|EVOLUCAO PETCOMÉRCIO EQUIP MÉDICOS E VETERINARIOS
55815035|928393|30351503|303|02|2021|10|24.0|60.0|0.0|0.0|0.0|71181184000181|DÁRIO HUMBERTO DE MELO CASTROME
55815036|928393|30351505|303|02|2021|10|15.0|169.0|0.0|0.0|0.0|71181184000181|DÁRIO HUMBERTO DE MELO CASTROME
55815037|928394|30351524|303|02|2021|10|600.0|149.0|0.0|0.0|0.0|23265580000144|DR DISTRIBUIDORA LTDA
55815038|928395|30351525|303|02|2021|10|0.0|0.0|0.0|0.0|120576.0|05049369000102|MATOS & SILVA TRANSPORTES COMÉRCIO E SERVICOS LTDA ME
55815039|928393|30351507|303|02|2021|10|1.0|469.69|0.0|0.0|0.0|24789180000109|SMARTMED REPRESENTACAO COM PROD MED HOSP LTDA
55815040|928393|30351521|303|02|2021|10|10.0|60.0|0.0|0.0|0.0|11395850000152|EVOLUCAO PETCOMÉRCIO EQUIP MÉDICOS E VETERINARIOS
55815041|928393|30351504|303|02|2021|10|4.0|68.0|0.0|0.0|0.0|71181184000181|DÁRIO HUMBERTO DE MELO CASTROME
55815042|928393|30351497|303|02|2021|10|1.0|99.0|0.0|0.0|0.0|10478755000150|BEAGÁ HOSPITALAR EIRELLI LTDA
55815043|928393|30351510|303|02|2021|10|1.0|9332.0|0.0|0.0|0.0|11395850000152|EVOLUCAO PETCOMÉRCIO EQUIP MÉDICOS E VETERINARIOS
55815044|928393|30351500|303|02|2021|10|1.0|266.0|0.0|0.0|0.0|71181184000181|DÁRIO HUMBERTO DE MELO CASTROME
55815045|928393|30351519|303|02|2021|10|3.0|320.0|0.0|0.0|0.0|11395850000152|EVOLUCAO PETCOMÉRCIO EQUIP MÉDICOS E VETERINARIOS
55815053|928401|30351556|303|02|2021|11|1200.0|15.8|0.0|0.0|0.0|18269125000187|BIOHOSP PRODUTOS HOSPITALARES LTDA
55815051|928400|30351549|303|02|2021|11|150.0|3066.66|0.0|0.0|0.0|12532358000144|A&G SERVICOS MÉDICOS LTDA EPP
55815052|928401|30351551|303|02|2021|11|360.0|12.0|0.0|0.0|0.0|18269125000187|BIOHOSP PRODUTOS HOSPITALARES LTDA
55815056|928401|30351565|303|02|2021|11|1200.0|14.1|0.0|0.0|0.0|18269125000187|BIOHOSP PRODUTOS HOSPITALARES LTDA
55815058|928401|30351564|303|02|2021|11|1620.0|33.6|0.0|0.0|0.0|11453723000162|ORTHONEWS CIRURGICOS E ORTOPEDICOS LTDAME
55815059|928398|30351536|303|02|2021|11|238.0|119.76|0.0|0.0|0.0|18269125000187|BIOHOSP PRODUTOS HOSPITALARES LTDA
55815060|928399|30351546|303|02|2021|11|70.0|740.0|0.0|0.0|0.0|27630446005549|COMPANHIA BRASILEIRA DE SERVICOS FUNERÁRIOS LTDA
55815061|928401|30351566|303|02|2021|11|1200.0|21.95|0.0|0.0|0.0|18269125000187|BIOHOSP PRODUTOS HOSPITALARES LTDA
55815062|928401|30351557|303|02|2021|11|362.0|20.45|0.0|0.0|0.0|18269125000187|BIOHOSP PRODUTOS HOSPITALARES LTDA
55815064|928398|30351531|303|02|2021|11|1000.0|1.24|0.0|0.0|0.0|18269125000187|BIOHOSP PRODUTOS HOSPITALARES LTDA
55815065|928402|-1|303|02|2021|11|0.0|0.0|20.0|0.0|0.0|28231621000103|ALVES SOLUCOES INTEGRADAS LTDA
55815067|928401|30351559|303|02|2021|11|1080.0|6.3|0.0|0.0|0.0|28738688000120|LEONE COM DISTRIBUICAO DE PRODUTOS NUTRI LTDA
55815050|928398|30351542|303|02|2021|11|12.0|1798.9|0.0|0.0|0.0|12420164000904|CM HOSPITALAR SA
55815055|928401|30351555|303|02|2021|11|1600.0|8.3|0.0|0.0|0.0|28738688000120|LEONE COM DISTRIBUICAO DE PRODUTOS NUTRI LTDA
55815057|928401|30351560|303|02|2021|11|1080.0|16.9|0.0|0.0|0.0|28738688000120|LEONE COM DISTRIBUICAO DE PRODUTOS NUTRI LTDA
55815063|928401|30351563|303|02|2021|11|1800.0|20.5|0.0|0.0|0.0|28738688000120|LEONE COM DISTRIBUICAO DE PRODUTOS NUTRI LTDA
55815054|928397|30351527|303|02|2021|11|1.0|73000.0|0.0|0.0|0.0|01739520000183|TECAR MINAS AUTOMÓVEIS E SERVICOS LTDA
55815066|928397|30351528|303|02|2021|11|1.0|73000.0|0.0|0.0|0.0|01739520000183|TECAR MINAS AUTOMÓVEIS E SERVICOS LTDA
55815068|928401|30351553|303|02|2021|11|120.0|15.5|0.0|0.0|0.0|18269125000187|BIOHOSP PRODUTOS HOSPITALARES LTDA
55815069|928401|30351569|303|02|2021|11|150.0|264.2|0.0|0.0|0.0|18269125000187|BIOHOSP PRODUTOS HOSPITALARES LTDA
55815070|928401|30351558|303|02|2021|11|432.0|108.1|0.0|0.0|0.0|28738688000120|LEONE COM DISTRIBUICAO DE PRODUTOS NUTRI LTDA
55815071|928401|30351570|303|02|2021|11|100.0|33.6|0.0|0.0|0.0|11453723000162|ORTHONEWS CIRURGICOS E ORTOPEDICOS LTDAME
55815072|928398|30351529|303|02|2021|11|3000.0|0.86|0.0|0.0|0.0|14842681000140|MSR EXPRESS MEDICAMENTOS ESPECIAIS LTDA
55815074|928399|30351548|303|02|2021|11|20.0|200.0|0.0|0.0|0.0|27630446005549|COMPANHIA BRASILEIRA DE SERVICOS FUNERÁRIOS LTDA
55815075|928401|30351562|303|02|2021|11|360.0|21.5|0.0|0.0|0.0|18269125000187|BIOHOSP PRODUTOS HOSPITALARES LTDA
55815076|928401|30351567|303|02|2021|11|10800.0|14.1|0.0|0.0|0.0|18269125000187|BIOHOSP PRODUTOS HOSPITALARES LTDA
55815078|928401|30351552|303|02|2021|11|360.0|24.9|0.0|0.0|0.0|28738688000120|LEONE COM DISTRIBUICAO DE PRODUTOS NUTRI LTDA
55815079|928401|30351554|303|02|2021|11|540.0|53.0|0.0|0.0|0.0|02858842000104|MERCES LUIZA BARBOSA DA SILVA EIRELI
55815080|928401|30351568|303|02|2021|11|1620.0|34.9|0.0|0.0|0.0|18269125000187|BIOHOSP PRODUTOS HOSPITALARES LTDA
55815047|928399|30351547|303|02|2021|11|10.0|620.0|0.0|0.0|0.0|27630446005549|COMPANHIA BRASILEIRA DE SERVICOS FUNERÁRIOS LTDA
55815048|928400|30351550|303|02|2021|11|40.0|4613.47|0.0|0.0|0.0|12532358000144|A&G SERVICOS MÉDICOS LTDA EPP
55815084|928398|30351537|303|02|2021|11|150.0|8.69|0.0|0.0|0.0|12420164000904|CM HOSPITALAR SA
55815073|928398|30351539|303|02|2021|11|1000.0|0.45|0.0|0.0|0.0|25725813000170|EQUIPAR MEDICO E HOSPITALAR LTDA
55815049|928398|30351533|303|02|2021|11|50000.0|0.11|0.0|0.0|0.0|25725813000170|EQUIPAR MEDICO E HOSPITALAR LTDA
55815077|928396|30351526|303|02|2021|11|0.0|0.0|0.0|0.0|9650.0|03479428000157|ATUANTE COMERCIAL LTDA
55815081|928401|30351561|303|02|2021|11|360.0|84.4|0.0|0.0|0.0|28738688000120|LEONE COM DISTRIBUICAO DE PRODUTOS NUTRI LTDA
55815082|928398|30351543|303|02|2021|11|10.0|78.39|0.0|0.0|0.0|18269125000187|BIOHOSP PRODUTOS HOSPITALARES LTDA
55815083|928398|30351544|303|02|2021|11|500.0|0.45|0.0|0.0|0.0|25725813000170|EQUIPAR MEDICO E HOSPITALAR LTDA
53438970|852346|27785962|302|01|2021|6|5.0|228.0|0.0|0.0|0.0|17926188000104|SINTAGMA ZENITE COMERCIO, PAPELARIA E ESPORTES LTDA
53438967|852346|27785935|302|01|2021|6|5.0|369.0|0.0|0.0|0.0|08085823000179|MAC SUPRIMENTOS E MATERIAL DE ESCRITORIO LTDA - ME
53438968|852346|27785956|302|01|2021|6|5.0|279.0|0.0|0.0|0.0|08085823000179|MAC SUPRIMENTOS E MATERIAL DE ESCRITORIO LTDA - ME
53438969|852346|27785932|302|01|2021|6|2.0|749.0|0.0|0.0|0.0|08085823000179|MAC SUPRIMENTOS E MATERIAL DE ESCRITORIO LTDA - ME
53438971|852346|27785930|302|01|2021|6|1.0|214.0|0.0|0.0|0.0|08085823000179|MAC SUPRIMENTOS E MATERIAL DE ESCRITORIO LTDA - ME
53438972|852346|27785944|302|01|2021|6|1.0|66.0|0.0|0.0|0.0|17926188000104|SINTAGMA ZENITE COMERCIO, PAPELARIA E ESPORTES LTDA
53438961|852345|27785909|302|01|2021|6|13000.0|0.16|0.0|0.0|0.0|19607649000101|CASTELO GRAFICA E EDITORA EIRELI
53438959|852345|27785920|302|01|2021|6|30.0|175.7|0.0|0.0|0.0|24313971000150|VANESSA JORDÃO CARREIRA RAIUMUNDO 70444145672
53438960|852345|27785910|302|01|2021|6|10000.0|0.09|0.0|0.0|0.0|19607649000101|CASTELO GRAFICA E EDITORA EIRELI
53438965|852346|27785960|302|01|2021|6|5.0|46.0|0.0|0.0|0.0|17926188000104|SINTAGMA ZENITE COMERCIO, PAPELARIA E ESPORTES LTDA
53438962|852346|27785938|302|01|2021|6|2.0|619.0|0.0|0.0|0.0|08085823000179|MAC SUPRIMENTOS E MATERIAL DE ESCRITORIO LTDA - ME
53438963|852346|27785952|302|01|2021|6|30.0|150.0|0.0|0.0|0.0|08085823000179|MAC SUPRIMENTOS E MATERIAL DE ESCRITORIO LTDA - ME
53438964|852346|27785928|302|01|2021|6|5.0|9.0|0.0|0.0|0.0|08085823000179|MAC SUPRIMENTOS E MATERIAL DE ESCRITORIO LTDA - ME
53438966|852346|27785954|302|01|2021|6|24.0|3.6|0.0|0.0|0.0|08085823000179|MAC SUPRIMENTOS E MATERIAL DE ESCRITORIO LTDA - ME
53438976|852345|27785915|302|01|2021|6|10000.0|0.66|0.0|0.0|0.0|19607649000101|CASTELO GRAFICA E EDITORA EIRELI
53438973|852346|27785949|302|01|2021|6|3.0|38.0|0.0|0.0|0.0|08085823000179|MAC SUPRIMENTOS E MATERIAL DE ESCRITORIO LTDA - ME
53438974|852346|27785926|302|01|2021|6|10.0|12.0|0.0|0.0|0.0|08085823000179|MAC SUPRIMENTOS E MATERIAL DE ESCRITORIO LTDA - ME
53438975|852345|27785911|302|01|2021|6|2000.0|0.89|0.0|0.0|0.0|19607649000101|CASTELO GRAFICA E EDITORA EIRELI
53438977|852346|27785958|302|01|2021|6|5.0|689.0|0.0|0.0|0.0|08085823000179|MAC SUPRIMENTOS E MATERIAL DE ESCRITORIO LTDA - ME
53438978|852346|27785953|302|01|2021|6|1.0|79.1|0.0|0.0|0.0|08085823000179|MAC SUPRIMENTOS E MATERIAL DE ESCRITORIO LTDA - ME
53438979|852346|27785939|302|01|2021|6|2.0|619.0|0.0|0.0|0.0|08085823000179|MAC SUPRIMENTOS E MATERIAL DE ESCRITORIO LTDA - ME
53438980|852346|27785941|302|01|2021|6|12.0|549.0|0.0|0.0|0.0|08085823000179|MAC SUPRIMENTOS E MATERIAL DE ESCRITORIO LTDA - ME
53438981|852345|27785918|302|01|2021|6|12.0|425.83|0.0|0.0|0.0|36704076000145|CLEVERSON GRAFICA DIGITAL LTDA
53438982|852345|27785913|302|01|2021|6|6000.0|0.19|0.0|0.0|0.0|19607649000101|CASTELO GRAFICA E EDITORA EIRELI
53438983|852346|27785929|302|01|2021|6|5.0|23.9|0.0|0.0|0.0|08085823000179|MAC SUPRIMENTOS E MATERIAL DE ESCRITORIO LTDA - ME
53438984|852346|27785925|302|01|2021|6|5.0|219.0|0.0|0.0|0.0|08085823000179|MAC SUPRIMENTOS E MATERIAL DE ESCRITORIO LTDA - ME
53438985|852346|27785945|302|01|2021|6|1.0|94.0|0.0|0.0|0.0|17926188000104|SINTAGMA ZENITE COMERCIO, PAPELARIA E ESPORTES LTDA
53438986|852346|27785947|302|01|2021|6|10.0|38.0|0.0|0.0|0.0|08085823000179|MAC SUPRIMENTOS E MATERIAL DE ESCRITORIO LTDA - ME
53438987|852345|27785912|302|01|2021|6|6000.0|0.25|0.0|0.0|0.0|19607649000101|CASTELO GRAFICA E EDITORA EIRELI
53438988|852345|27785908|302|01|2021|6|4.0|183.75|0.0|0.0|0.0|36704076000145|CLEVERSON GRAFICA DIGITAL LTDA
53438989|852346|27785922|302|01|2021|6|2.0|20.0|0.0|0.0|0.0|08085823000179|MAC SUPRIMENTOS E MATERIAL DE ESCRITORIO LTDA - ME
53438990|852346|27785943|302|01|2021|6|50.0|3.5|0.0|0.0|0.0|08085823000179|MAC SUPRIMENTOS E MATERIAL DE ESCRITORIO LTDA - ME
53438991|852346|27785933|302|01|2021|6|1.0|155.0|0.0|0.0|0.0|08085823000179|MAC SUPRIMENTOS E MATERIAL DE ESCRITORIO LTDA - ME
53438992|852346|27785931|302|01|2021|6|20.0|24.0|0.0|0.0|0.0|08085823000179|MAC SUPRIMENTOS E MATERIAL DE ESCRITORIO LTDA - ME
53438993|852346|27785951|302|01|2021|6|4.0|10.0|0.0|0.0|0.0|08085823000179|MAC SUPRIMENTOS E MATERIAL DE ESCRITORIO LTDA - ME
53438994|852345|27785914|302|01|2021|6|1000.0|1.0|0.0|0.0|0.0|19607649000101|CASTELO GRAFICA E EDITORA EIRELI
53438995|852346|27785961|302|01|2021|6|1.0|102.0|0.0|0.0|0.0|17926188000104|SINTAGMA ZENITE COMERCIO, PAPELARIA E ESPORTES LTDA
53438996|852346|27785959|302|01|2021|6|10.0|67.0|0.0|0.0|0.0|17926188000104|SINTAGMA ZENITE COMERCIO, PAPELARIA E ESPORTES LTDA
53438997|852346|27785934|302|01|2021|6|50.0|15.0|0.0|0.0|0.0|08085823000179|MAC SUPRIMENTOS E MATERIAL DE ESCRITORIO LTDA - ME
53438998|852346|27785936|302|01|2021|6|5.0|489.0|0.0|0.0|0.0|08085823000179|MAC SUPRIMENTOS E MATERIAL DE ESCRITORIO LTDA - ME
53438999|852346|27785924|302|01|2021|6|10.0|10.0|0.0|0.0|0.0|08085823000179|MAC SUPRIMENTOS E MATERIAL DE ESCRITORIO LTDA - ME
53439000|852345|27785919|302|01|2021|6|12.0|262.92|0.0|0.0|0.0|36704076000145|CLEVERSON GRAFICA DIGITAL LTDA
53439001|852345|27785917|302|01|2021|6|1.0|429.0|0.0|0.0|0.0|24313971000150|VANESSA JORDÃO CARREIRA RAIUMUNDO 70444145672
53439002|852346|27785948|302|01|2021|6|3.0|38.0|0.0|0.0|0.0|08085823000179|MAC SUPRIMENTOS E MATERIAL DE ESCRITORIO LTDA - ME
53439003|852346|27785921|302|01|2021|6|2.0|24.0|0.0|0.0|0.0|08085823000179|MAC SUPRIMENTOS E MATERIAL DE ESCRITORIO LTDA - ME
53439004|852346|27785937|302|01|2021|6|2.0|741.0|0.0|0.0|0.0|08085823000179|MAC SUPRIMENTOS E MATERIAL DE ESCRITORIO LTDA - ME
53439005|852346|27785955|302|01|2021|6|5.0|114.0|0.0|0.0|0.0|08085823000179|MAC SUPRIMENTOS E MATERIAL DE ESCRITORIO LTDA - ME
53439006|852346|27785940|302|01|2021|6|40.0|359.0|0.0|0.0|0.0|08085823000179|MAC SUPRIMENTOS E MATERIAL DE ESCRITORIO LTDA - ME
53439007|852346|27785946|302|01|2021|6|40.0|11.2|0.0|0.0|0.0|08085823000179|MAC SUPRIMENTOS E MATERIAL DE ESCRITORIO LTDA - ME
53439008|852346|27785942|302|01|2021|6|10.0|20.0|0.0|0.0|0.0|17926188000104|SINTAGMA ZENITE COMERCIO, PAPELARIA E ESPORTES LTDA
53439009|852345|27785916|302|01|2021|6|6.0|450.0|0.0|0.0|0.0|24313971000150|VANESSA JORDÃO CARREIRA RAIUMUNDO 70444145672
53439010|852346|27785923|302|01|2021|6|5.0|234.0|0.0|0.0|0.0|08085823000179|MAC SUPRIMENTOS E MATERIAL DE ESCRITORIO LTDA - ME
53439011|852346|27785957|302|01|2021|6|4.0|339.0|0.0|0.0|0.0|08085823000179|MAC SUPRIMENTOS E MATERIAL DE ESCRITORIO LTDA - ME
53439012|852346|27785950|302|01|2021|6|4.0|18.0|0.0|0.0|0.0|08085823000179|MAC SUPRIMENTOS E MATERIAL DE ESCRITORIO LTDA - ME
53439013|852346|27785927|302|01|2021|6|12.0|4.5|0.0|0.0|0.0|08085823000179|MAC SUPRIMENTOS E MATERIAL DE ESCRITORIO LTDA - ME
54823595|894762|29274455|303|02|2021|9|0.0|0.0|0.0|0.0|173488.47|03078035000131|SYSCON COMERCIO E SERVICOS LTDA
54823593|894761|29274454|303|02|2021|9|1200.0|16.4|0.0|0.0|0.0|27417234000195|DOMINUS COMÉRCIO EIRELI ME
54823594|894760|29274453|303|02|2021|9|0.0|0.0|0.0|0.0|84174.0|11437973000109|AB PROJETOS LTDA ME
56067060|937799|30623033|304|03|2021|10|4.0|1142.65|0.0|0.0|0.0|41664871000197|POLYVIN PLASTICOS E DERIVADOS LTDA
52018446|808808|26257551|303|02|2021|2|260.0|80.0|0.0|0.0|0.0|29112643000109|ELETRONS PESQUISA CIENCIA TEC INOVACAO EIRELIME
56067061|937799|30623025|304|03|2021|10|4.0|742.25|0.0|0.0|0.0|41664871000197|POLYVIN PLASTICOS E DERIVADOS LTDA
56067062|937799|30623032|304|03|2021|10|10.0|215.53|0.0|0.0|0.0|41664871000197|POLYVIN PLASTICOS E DERIVADOS LTDA
56067063|937800|30623042|304|03|2021|10|20.0|334.84|0.0|0.0|0.0|13914027000131|HIDROLUX INDUS.E COMER.DE MAT.HIDRAUL. EIRELI-ME
56067064|937800|30623044|304|03|2021|10|50.0|50.0|0.0|0.0|0.0|13914027000131|HIDROLUX INDUS.E COMER.DE MAT.HIDRAUL. EIRELI-ME
56067065|937800|30623073|304|03|2021|10|15.0|98.27|0.0|0.0|0.0|13914027000131|HIDROLUX INDUS.E COMER.DE MAT.HIDRAUL. EIRELI-ME
56067066|937800|30623075|304|03|2021|10|20.0|34.3|0.0|0.0|0.0|13914027000131|HIDROLUX INDUS.E COMER.DE MAT.HIDRAUL. EIRELI-ME
56067067|937800|30623049|304|03|2021|10|60.0|146.2|0.0|0.0|0.0|13914027000131|HIDROLUX INDUS.E COMER.DE MAT.HIDRAUL. EIRELI-ME
56067068|937799|30623019|304|03|2021|10|350.0|15.66|0.0|0.0|0.0|41664871000197|POLYVIN PLASTICOS E DERIVADOS LTDA
56067069|937800|30623066|304|03|2021|10|40.0|39.6|0.0|0.0|0.0|13914027000131|HIDROLUX INDUS.E COMER.DE MAT.HIDRAUL. EIRELI-ME
56067070|937800|30623074|304|03|2021|10|15.0|99.0|0.0|0.0|0.0|13914027000131|HIDROLUX INDUS.E COMER.DE MAT.HIDRAUL. EIRELI-ME
56067071|937799|30623029|304|03|2021|10|50.0|150.13|0.0|0.0|0.0|41664871000197|POLYVIN PLASTICOS E DERIVADOS LTDA
56067072|937799|30623020|304|03|2021|10|400.0|24.98|0.0|0.0|0.0|41664871000197|POLYVIN PLASTICOS E DERIVADOS LTDA
56067073|937800|30623063|304|03|2021|10|50.0|38.0|0.0|0.0|0.0|13914027000131|HIDROLUX INDUS.E COMER.DE MAT.HIDRAUL. EIRELI-ME
56067074|937800|30623053|304|03|2021|10|100.0|4.33|0.0|0.0|0.0|13914027000131|HIDROLUX INDUS.E COMER.DE MAT.HIDRAUL. EIRELI-ME
56067075|937799|30623024|304|03|2021|10|20.0|437.91|0.0|0.0|0.0|41664871000197|POLYVIN PLASTICOS E DERIVADOS LTDA
56067076|937799|30623022|304|03|2021|10|100.0|54.0|0.0|0.0|0.0|41664871000197|POLYVIN PLASTICOS E DERIVADOS LTDA
56067077|937800|30623070|304|03|2021|10|30.0|48.0|0.0|0.0|0.0|13914027000131|HIDROLUX INDUS.E COMER.DE MAT.HIDRAUL. EIRELI-ME
56067078|937800|30623052|304|03|2021|10|100.0|28.12|0.0|0.0|0.0|13914027000131|HIDROLUX INDUS.E COMER.DE MAT.HIDRAUL. EIRELI-ME
56067079|937800|30623055|304|03|2021|10|50.0|5.65|0.0|0.0|0.0|13914027000131|HIDROLUX INDUS.E COMER.DE MAT.HIDRAUL. EIRELI-ME
56067080|937800|30623072|304|03|2021|10|15.0|142.8|0.0|0.0|0.0|13914027000131|HIDROLUX INDUS.E COMER.DE MAT.HIDRAUL. EIRELI-ME
56067081|937800|30623058|304|03|2021|10|20.0|24.8|0.0|0.0|0.0|13914027000131|HIDROLUX INDUS.E COMER.DE MAT.HIDRAUL. EIRELI-ME
56067082|937800|30623048|304|03|2021|10|60.0|29.0|0.0|0.0|0.0|13914027000131|HIDROLUX INDUS.E COMER.DE MAT.HIDRAUL. EIRELI-ME
56067083|937799|30623034|304|03|2021|10|3.0|3394.0|0.0|0.0|0.0|41719477000109|KARAIBA MATERIAIS DE CONSTRUCAO LTDA - ME
56067087|937799|30623040|304|03|2021|10|60.0|147.39|0.0|0.0|0.0|41664871000197|POLYVIN PLASTICOS E DERIVADOS LTDA
56067084|937799|30623017|304|03|2021|10|100.0|72.9|0.0|0.0|0.0|41664871000197|POLYVIN PLASTICOS E DERIVADOS LTDA
56067085|937800|30623047|304|03|2021|10|60.0|8.0|0.0|0.0|0.0|13914027000131|HIDROLUX INDUS.E COMER.DE MAT.HIDRAUL. EIRELI-ME
56067086|937800|30623056|304|03|2021|10|30.0|18.98|0.0|0.0|0.0|13914027000131|HIDROLUX INDUS.E COMER.DE MAT.HIDRAUL. EIRELI-ME
56067088|937799|30623027|304|03|2021|10|30.0|114.08|0.0|0.0|0.0|41664871000197|POLYVIN PLASTICOS E DERIVADOS LTDA
56067089|937799|30623021|304|03|2021|10|250.0|35.78|0.0|0.0|0.0|41664871000197|POLYVIN PLASTICOS E DERIVADOS LTDA
56067090|937800|30623067|304|03|2021|10|5.0|88.0|0.0|0.0|0.0|13914027000131|HIDROLUX INDUS.E COMER.DE MAT.HIDRAUL. EIRELI-ME
56067091|937800|30623045|304|03|2021|10|200.0|18.8|0.0|0.0|0.0|13914027000131|HIDROLUX INDUS.E COMER.DE MAT.HIDRAUL. EIRELI-ME
56067092|937800|30623050|304|03|2021|10|100.0|9.44|0.0|0.0|0.0|13914027000131|HIDROLUX INDUS.E COMER.DE MAT.HIDRAUL. EIRELI-ME
56067093|937799|30623031|304|03|2021|10|80.0|308.91|0.0|0.0|0.0|41664871000197|POLYVIN PLASTICOS E DERIVADOS LTDA
56067094|937799|30623028|304|03|2021|10|250.0|74.97|0.0|0.0|0.0|41664871000197|POLYVIN PLASTICOS E DERIVADOS LTDA
56067095|937800|30623060|304|03|2021|10|200.0|48.6|0.0|0.0|0.0|13914027000131|HIDROLUX INDUS.E COMER.DE MAT.HIDRAUL. EIRELI-ME
56067096|937800|30623061|304|03|2021|10|15.0|114.0|0.0|0.0|0.0|13914027000131|HIDROLUX INDUS.E COMER.DE MAT.HIDRAUL. EIRELI-ME
56067097|937800|30623068|304|03|2021|10|200.0|28.6|0.0|0.0|0.0|13914027000131|HIDROLUX INDUS.E COMER.DE MAT.HIDRAUL. EIRELI-ME
56067098|937800|30623059|304|03|2021|10|200.0|26.12|0.0|0.0|0.0|13914027000131|HIDROLUX INDUS.E COMER.DE MAT.HIDRAUL. EIRELI-ME
56067099|937800|30623065|304|03|2021|10|10.0|132.0|0.0|0.0|0.0|13914027000131|HIDROLUX INDUS.E COMER.DE MAT.HIDRAUL. EIRELI-ME
56067100|937800|30623054|304|03|2021|10|30.0|13.0|0.0|0.0|0.0|13914027000131|HIDROLUX INDUS.E COMER.DE MAT.HIDRAUL. EIRELI-ME
56067101|937800|30623043|304|03|2021|10|30.0|93.0|0.0|0.0|0.0|13914027000131|HIDROLUX INDUS.E COMER.DE MAT.HIDRAUL. EIRELI-ME
56067102|937800|30623069|304|03|2021|10|200.0|44.4|0.0|0.0|0.0|13914027000131|HIDROLUX INDUS.E COMER.DE MAT.HIDRAUL. EIRELI-ME
56067103|937799|30623041|304|03|2021|10|120.0|185.19|0.0|0.0|0.0|41664871000197|POLYVIN PLASTICOS E DERIVADOS LTDA
56067104|937799|30623030|304|03|2021|10|30.0|248.16|0.0|0.0|0.0|41664871000197|POLYVIN PLASTICOS E DERIVADOS LTDA
56067105|937799|30623026|304|03|2021|10|120.0|139.1|0.0|0.0|0.0|41664871000197|POLYVIN PLASTICOS E DERIVADOS LTDA
56067106|937799|30623023|304|03|2021|10|20.0|147.15|0.0|0.0|0.0|41664871000197|POLYVIN PLASTICOS E DERIVADOS LTDA
56067107|937799|30623018|304|03|2021|10|1500.0|11.07|0.0|0.0|0.0|41664871000197|POLYVIN PLASTICOS E DERIVADOS LTDA
56067108|937800|30623062|304|03|2021|10|50.0|14.2|0.0|0.0|0.0|13914027000131|HIDROLUX INDUS.E COMER.DE MAT.HIDRAUL. EIRELI-ME
56067109|937800|30623057|304|03|2021|10|20.0|16.69|0.0|0.0|0.0|13914027000131|HIDROLUX INDUS.E COMER.DE MAT.HIDRAUL. EIRELI-ME
56067110|937800|30623064|304|03|2021|10|30.0|53.5|0.0|0.0|0.0|13914027000131|HIDROLUX INDUS.E COMER.DE MAT.HIDRAUL. EIRELI-ME
56067111|937800|30623046|304|03|2021|10|20.0|53.74|0.0|0.0|0.0|13914027000131|HIDROLUX INDUS.E COMER.DE MAT.HIDRAUL. EIRELI-ME
56067112|937800|30623071|304|03|2021|10|30.0|88.55|0.0|0.0|0.0|13914027000131|HIDROLUX INDUS.E COMER.DE MAT.HIDRAUL. EIRELI-ME
56067113|937800|30623051|304|03|2021|10|150.0|8.22|0.0|0.0|0.0|13914027000131|HIDROLUX INDUS.E COMER.DE MAT.HIDRAUL. EIRELI-ME
51611883|794414|25819810|303|02|2021|1|25.0|15.0|0.0|0.0|0.0|12719447000102|DP ESPORTES EIRELI
51611880|794414|25820037|303|02|2021|1|137.0|123.0|0.0|0.0|0.0|41719477000109|KARAIBA MATERIAIS DE CONSTRUCAO LTDA
51611881|794414|25819799|303|02|2021|1|18.0|4.3|0.0|0.0|0.0|12719447000102|DP ESPORTES EIRELI
51611882|794414|25820012|303|02|2021|1|37.0|6.1|0.0|0.0|0.0|07062925000106|ORGANIZACOES MSL COMERCIO E INDUSTRIA DE MATERIAIS ELETRICOS LTDA
51611884|794414|25819995|303|02|2021|1|18.0|90.98|0.0|0.0|0.0|07062925000106|ORGANIZACOES MSL COMERCIO E INDUSTRIA DE MATERIAIS ELETRICOS LTDA
51611885|794414|25819972|303|02|2021|1|62.0|31.9|0.0|0.0|0.0|41719477000109|KARAIBA MATERIAIS DE CONSTRUCAO LTDA
51611886|794414|25819937|303|02|2021|1|38.0|39.0|0.0|0.0|0.0|12719447000102|DP ESPORTES EIRELI
51611887|794414|25819957|303|02|2021|1|5.0|209.0|0.0|0.0|0.0|41719477000109|KARAIBA MATERIAIS DE CONSTRUCAO LTDA
51611888|794414|25819775|303|02|2021|1|21.0|7.8|0.0|0.0|0.0|41719477000109|KARAIBA MATERIAIS DE CONSTRUCAO LTDA
51611889|794414|25820044|303|02|2021|1|135.0|218.0|0.0|0.0|0.0|41719477000109|KARAIBA MATERIAIS DE CONSTRUCAO LTDA
51611890|794414|25819773|303|02|2021|1|38.0|25.95|0.0|0.0|0.0|41719477000109|KARAIBA MATERIAIS DE CONSTRUCAO LTDA
51611891|794414|25819917|303|02|2021|1|162.0|0.08|0.0|0.0|0.0|12719447000102|DP ESPORTES EIRELI
51611892|794414|25819756|303|02|2021|1|45.0|46.05|0.0|0.0|0.0|07062925000106|ORGANIZACOES MSL COMERCIO E INDUSTRIA DE MATERIAIS ELETRICOS LTDA
51611893|794414|25819882|303|02|2021|1|20.0|699.0|0.0|0.0|0.0|41719477000109|KARAIBA MATERIAIS DE CONSTRUCAO LTDA
51611894|794414|25819922|303|02|2021|1|325.0|0.12|0.0|0.0|0.0|12719447000102|DP ESPORTES EIRELI
51611895|794414|25820039|303|02|2021|1|275.0|52.89|0.0|0.0|0.0|41719477000109|KARAIBA MATERIAIS DE CONSTRUCAO LTDA
51611896|794414|25819999|303|02|2021|1|25.0|3.02|0.0|0.0|0.0|07062925000106|ORGANIZACOES MSL COMERCIO E INDUSTRIA DE MATERIAIS ELETRICOS LTDA
51611897|794414|25819754|303|02|2021|1|22.0|21.44|0.0|0.0|0.0|41719477000109|KARAIBA MATERIAIS DE CONSTRUCAO LTDA
51611898|794414|25819836|303|02|2021|1|13.0|10.5|0.0|0.0|0.0|12719447000102|DP ESPORTES EIRELI
51611899|794414|25820052|303|02|2021|1|275.0|91.0|0.0|0.0|0.0|12719447000102|DP ESPORTES EIRELI
51611900|794414|25819906|303|02|2021|1|18.0|70.0|0.0|0.0|0.0|12719447000102|DP ESPORTES EIRELI
51611901|794414|25819779|303|02|2021|1|25.0|19.0|0.0|0.0|0.0|12719447000102|DP ESPORTES EIRELI
51611902|794414|25819880|303|02|2021|1|13.0|30.0|0.0|0.0|0.0|12719447000102|DP ESPORTES EIRELI
51611903|794414|25819758|303|02|2021|1|62.0|7.55|0.0|0.0|0.0|07062925000106|ORGANIZACOES MSL COMERCIO E INDUSTRIA DE MATERIAIS ELETRICOS LTDA
51611904|794414|25819910|303|02|2021|1|6.0|135.0|0.0|0.0|0.0|32317610000100|LFD COMERCIO MATERIAL ELETRICO LTDA
51611905|794414|25819883|303|02|2021|1|62.0|206.2|0.0|0.0|0.0|17926188000104|SINTAGMA ZENITE COMERCIO PAPELARIA E ESPORTES LTDA ME
51611906|794414|25819932|303|02|2021|1|6.0|18.0|0.0|0.0|0.0|12719447000102|DP ESPORTES EIRELI
51611907|794414|25819933|303|02|2021|1|90.0|27.0|0.0|0.0|0.0|12719447000102|DP ESPORTES EIRELI
51611908|794414|25819870|303|02|2021|1|37.0|6.5|0.0|0.0|0.0|12719447000102|DP ESPORTES EIRELI
51611909|794413|25819746|303|02|2021|1|8500.0|5.57|0.0|0.0|0.0|04309564000161|ESTRELA LOGÍSTICA EIRELI
51611910|794414|25820030|303|02|2021|1|406.0|9.61|0.0|0.0|0.0|07062925000106|ORGANIZACOES MSL COMERCIO E INDUSTRIA DE MATERIAIS ELETRICOS LTDA
51611911|794414|25819983|303|02|2021|1|750.0|3.45|0.0|0.0|0.0|07062925000106|ORGANIZACOES MSL COMERCIO E INDUSTRIA DE MATERIAIS ELETRICOS LTDA
51611912|794414|25819852|303|02|2021|1|18.0|8.4|0.0|0.0|0.0|12719447000102|DP ESPORTES EIRELI
51611913|794414|25819864|303|02|2021|1|25.0|142.63|0.0|0.0|0.0|17926188000104|SINTAGMA ZENITE COMERCIO PAPELARIA E ESPORTES LTDA ME
51611914|794414|25819796|303|02|2021|1|31.0|24.0|0.0|0.0|0.0|12719447000102|DP ESPORTES EIRELI
51611915|794414|25819918|303|02|2021|1|325.0|0.08|0.0|0.0|0.0|12719447000102|DP ESPORTES EIRELI
51611916|794414|25819924|303|02|2021|1|325.0|0.2|0.0|0.0|0.0|12719447000102|DP ESPORTES EIRELI
51611917|794414|25819868|303|02|2021|1|62.0|30.0|0.0|0.0|0.0|12719447000102|DP ESPORTES EIRELI
51611918|794414|25819785|303|02|2021|1|25.0|12.9|0.0|0.0|0.0|41719477000109|KARAIBA MATERIAIS DE CONSTRUCAO LTDA
51611919|794414|25819874|303|02|2021|1|10.0|19.0|0.0|0.0|0.0|12719447000102|DP ESPORTES EIRELI
51611920|794414|25819831|303|02|2021|1|13.0|5.5|0.0|0.0|0.0|12719447000102|DP ESPORTES EIRELI
51611921|794414|25819978|303|02|2021|1|625.0|7.65|0.0|0.0|0.0|07062925000106|ORGANIZACOES MSL COMERCIO E INDUSTRIA DE MATERIAIS ELETRICOS LTDA
51611922|794414|25819939|303|02|2021|1|27.0|10.0|0.0|0.0|0.0|12719447000102|DP ESPORTES EIRELI
51611923|794414|25819822|303|02|2021|1|17.0|31.0|0.0|0.0|0.0|12719447000102|DP ESPORTES EIRELI
51611924|794414|25819809|303|02|2021|1|18.0|10.5|0.0|0.0|0.0|12719447000102|DP ESPORTES EIRELI
51611925|794414|25819888|303|02|2021|1|8.0|135.0|0.0|0.0|0.0|12719447000102|DP ESPORTES EIRELI
51611926|794414|25820045|303|02|2021|1|25.0|209.0|0.0|0.0|0.0|41719477000109|KARAIBA MATERIAIS DE CONSTRUCAO LTDA
51611927|794414|25820048|303|02|2021|1|50.0|109.0|0.0|0.0|0.0|41719477000109|KARAIBA MATERIAIS DE CONSTRUCAO LTDA
51611928|794414|25819795|303|02|2021|1|20.0|34.85|0.0|0.0|0.0|41719477000109|KARAIBA MATERIAIS DE CONSTRUCAO LTDA
51611929|794414|25819871|303|02|2021|1|12.0|9.0|0.0|0.0|0.0|12719447000102|DP ESPORTES EIRELI
51611930|794414|25819951|303|02|2021|1|8.0|22.0|0.0|0.0|0.0|12719447000102|DP ESPORTES EIRELI
51611931|794414|25819805|303|02|2021|1|16.0|4.5|0.0|0.0|0.0|12719447000102|DP ESPORTES EIRELI
51611932|794414|25819751|303|02|2021|1|25.0|11.9|0.0|0.0|0.0|32317610000100|LFD COMERCIO MATERIAL ELETRICO LTDA
51611933|794414|25819813|303|02|2021|1|5.0|9.5|0.0|0.0|0.0|12719447000102|DP ESPORTES EIRELI
51611934|794414|25819778|303|02|2021|1|16.0|120.0|0.0|0.0|0.0|12719447000102|DP ESPORTES EIRELI
51611935|794414|25819953|303|02|2021|1|2.0|500.0|0.0|0.0|0.0|12719447000102|DP ESPORTES EIRELI
51611936|794414|25819846|303|02|2021|1|17.0|10.5|0.0|0.0|0.0|12719447000102|DP ESPORTES EIRELI
51611937|794414|25819948|303|02|2021|1|12.0|10.0|0.0|0.0|0.0|12719447000102|DP ESPORTES EIRELI
51611938|794414|25819837|303|02|2021|1|20.0|6.5|0.0|0.0|0.0|12719447000102|DP ESPORTES EIRELI
51611939|794414|25819913|303|02|2021|1|10.0|128.0|0.0|0.0|0.0|32317610000100|LFD COMERCIO MATERIAL ELETRICO LTDA
51611943|794414|25820034|303|02|2021|1|625.0|51.75|0.0|0.0|0.0|02628117000140|JARBAS SEBASTIAO DOS REIS ME
51611940|794414|25819857|303|02|2021|1|12.0|30.0|0.0|0.0|0.0|12719447000102|DP ESPORTES EIRELI
51611941|794414|25819988|303|02|2021|1|412.0|9.61|0.0|0.0|0.0|07062925000106|ORGANIZACOES MSL COMERCIO E INDUSTRIA DE MATERIAIS ELETRICOS LTDA
51611942|794414|25819886|303|02|2021|1|11.0|290.0|0.0|0.0|0.0|12719447000102|DP ESPORTES EIRELI
51611944|794414|25819842|303|02|2021|1|62.0|335.0|0.0|0.0|0.0|41719477000109|KARAIBA MATERIAIS DE CONSTRUCAO LTDA
51612012|794414|25819850|303|02|2021|1|6.0|11.0|0.0|0.0|0.0|12719447000102|DP ESPORTES EIRELI
51612013|794414|25819755|303|02|2021|1|15.0|14.95|0.0|0.0|0.0|41719477000109|KARAIBA MATERIAIS DE CONSTRUCAO LTDA
51612014|794414|25820049|303|02|2021|1|33.0|9.8|0.0|0.0|0.0|32317610000100|LFD COMERCIO MATERIAL ELETRICO LTDA
51612015|794414|25819881|303|02|2021|1|31.0|80.0|0.0|0.0|0.0|12719447000102|DP ESPORTES EIRELI
51612016|794414|25820020|303|02|2021|1|62.0|6.35|0.0|0.0|0.0|07062925000106|ORGANIZACOES MSL COMERCIO E INDUSTRIA DE MATERIAIS ELETRICOS LTDA
51612017|794414|25819807|303|02|2021|1|18.0|22.0|0.0|0.0|0.0|12719447000102|DP ESPORTES EIRELI
51612018|794414|25819969|303|02|2021|1|56.0|199.0|0.0|0.0|0.0|41719477000109|KARAIBA MATERIAIS DE CONSTRUCAO LTDA
51611813|794414|25819855|303|02|2021|1|11.0|21.0|0.0|0.0|0.0|12719447000102|DP ESPORTES EIRELI
51612079|794414|25820013|303|02|2021|1|18.0|15.78|0.0|0.0|0.0|07062925000106|ORGANIZACOES MSL COMERCIO E INDUSTRIA DE MATERIAIS ELETRICOS LTDA
51612080|794414|25820046|303|02|2021|1|75.0|128.9|0.0|0.0|0.0|41719477000109|KARAIBA MATERIAIS DE CONSTRUCAO LTDA
51611812|794414|25819934|303|02|2021|1|50.0|33.5|0.0|0.0|0.0|12719447000102|DP ESPORTES EIRELI
51611814|794414|25819788|303|02|2021|1|18.0|27.0|0.0|0.0|0.0|12719447000102|DP ESPORTES EIRELI
51611815|794414|25819818|303|02|2021|1|75.0|20.95|0.0|0.0|0.0|41719477000109|KARAIBA MATERIAIS DE CONSTRUCAO LTDA
51611816|794414|25819878|303|02|2021|1|5.0|299.9|0.0|0.0|0.0|41719477000109|KARAIBA MATERIAIS DE CONSTRUCAO LTDA
51611817|794414|25819929|303|02|2021|1|16.0|85.0|0.0|0.0|0.0|12719447000102|DP ESPORTES EIRELI
51611818|794414|25819896|303|02|2021|1|12.0|11.5|0.0|0.0|0.0|32317610000100|LFD COMERCIO MATERIAL ELETRICO LTDA
51611819|794414|25820014|303|02|2021|1|7.0|6.1|0.0|0.0|0.0|07062925000106|ORGANIZACOES MSL COMERCIO E INDUSTRIA DE MATERIAIS ELETRICOS LTDA
51611820|794414|25819800|303|02|2021|1|18.0|21.5|0.0|0.0|0.0|12719447000102|DP ESPORTES EIRELI
51611821|794414|25820033|303|02|2021|1|16.0|179.9|0.0|0.0|0.0|07062925000106|ORGANIZACOES MSL COMERCIO E INDUSTRIA DE MATERIAIS ELETRICOS LTDA
51611822|794414|25819869|303|02|2021|1|11.0|235.0|0.0|0.0|0.0|12719447000102|DP ESPORTES EIRELI
51611823|794414|25819839|303|02|2021|1|13.0|4.5|0.0|0.0|0.0|12719447000102|DP ESPORTES EIRELI
51611824|794414|25819873|303|02|2021|1|12.0|7.0|0.0|0.0|0.0|12719447000102|DP ESPORTES EIRELI
51611825|794414|25820023|303|02|2021|1|27.0|45.51|0.0|0.0|0.0|07062925000106|ORGANIZACOES MSL COMERCIO E INDUSTRIA DE MATERIAIS ELETRICOS LTDA
51611826|794414|25819761|303|02|2021|1|5.0|260.0|0.0|0.0|0.0|07062925000106|ORGANIZACOES MSL COMERCIO E INDUSTRIA DE MATERIAIS ELETRICOS LTDA
51611827|794414|25819765|303|02|2021|1|137.0|28.95|0.0|0.0|0.0|41719477000109|KARAIBA MATERIAIS DE CONSTRUCAO LTDA
51611828|794414|25819782|303|02|2021|1|13.0|27.0|0.0|0.0|0.0|12719447000102|DP ESPORTES EIRELI
51611829|794414|25819801|303|02|2021|1|18.0|8.5|0.0|0.0|0.0|12719447000102|DP ESPORTES EIRELI
51611830|794414|25819976|303|02|2021|1|6.0|17.39|0.0|0.0|0.0|07062925000106|ORGANIZACOES MSL COMERCIO E INDUSTRIA DE MATERIAIS ELETRICOS LTDA
51611831|794414|25819923|303|02|2021|1|325.0|0.26|0.0|0.0|0.0|12719447000102|DP ESPORTES EIRELI
51611832|794414|25819781|303|02|2021|1|32.0|16.95|0.0|0.0|0.0|41719477000109|KARAIBA MATERIAIS DE CONSTRUCAO LTDA
51611833|794413|25819740|303|02|2021|1|140880.0|3.67|0.0|0.0|0.0|04309564000161|ESTRELA LOGÍSTICA EIRELI
51611834|794414|25819966|303|02|2021|1|5.0|394.0|0.0|0.0|0.0|41719477000109|KARAIBA MATERIAIS DE CONSTRUCAO LTDA
51611835|794414|25819808|303|02|2021|1|18.0|7.2|0.0|0.0|0.0|12719447000102|DP ESPORTES EIRELI
51611836|794414|25820035|303|02|2021|1|10.0|32.91|0.0|0.0|0.0|41719477000109|KARAIBA MATERIAIS DE CONSTRUCAO LTDA
51611837|794414|25819838|303|02|2021|1|15.0|4.5|0.0|0.0|0.0|12719447000102|DP ESPORTES EIRELI
51611838|794414|25819783|303|02|2021|1|16.0|31.0|0.0|0.0|0.0|12719447000102|DP ESPORTES EIRELI
51611839|794414|25820031|303|02|2021|1|835.0|57.35|0.0|0.0|0.0|02628117000140|JARBAS SEBASTIAO DOS REIS ME
51611840|794414|25819812|303|02|2021|1|6.0|379.0|0.0|0.0|0.0|41719477000109|KARAIBA MATERIAIS DE CONSTRUCAO LTDA
51611841|794414|25819975|303|02|2021|1|87.0|4.28|0.0|0.0|0.0|07062925000106|ORGANIZACOES MSL COMERCIO E INDUSTRIA DE MATERIAIS ELETRICOS LTDA
51611842|794414|25819952|303|02|2021|1|17.0|50.0|0.0|0.0|0.0|12719447000102|DP ESPORTES EIRELI
51611843|794414|25820038|303|02|2021|1|232.0|79.9|0.0|0.0|0.0|41719477000109|KARAIBA MATERIAIS DE CONSTRUCAO LTDA
51611844|794414|25819759|303|02|2021|1|15.0|56.45|0.0|0.0|0.0|41719477000109|KARAIBA MATERIAIS DE CONSTRUCAO LTDA
51611845|794414|25819824|303|02|2021|1|16.0|3.4|0.0|0.0|0.0|12719447000102|DP ESPORTES EIRELI
51611846|794414|25819885|303|02|2021|1|62.0|3.5|0.0|0.0|0.0|32317610000100|LFD COMERCIO MATERIAL ELETRICO LTDA
51611847|794414|25819996|303|02|2021|1|12.0|97.63|0.0|0.0|0.0|07062925000106|ORGANIZACOES MSL COMERCIO E INDUSTRIA DE MATERIAIS ELETRICOS LTDA
51611848|794414|25820017|303|02|2021|1|62.0|2.05|0.0|0.0|0.0|07062925000106|ORGANIZACOES MSL COMERCIO E INDUSTRIA DE MATERIAIS ELETRICOS LTDA
51611849|794414|25819790|303|02|2021|1|32.0|16.95|0.0|0.0|0.0|41719477000109|KARAIBA MATERIAIS DE CONSTRUCAO LTDA
51611850|794414|25819791|303|02|2021|1|100.0|21.45|0.0|0.0|0.0|41719477000109|KARAIBA MATERIAIS DE CONSTRUCAO LTDA
51611851|794414|25819768|303|02|2021|1|125.0|49.9|0.0|0.0|0.0|41719477000109|KARAIBA MATERIAIS DE CONSTRUCAO LTDA
51611852|794414|25820032|303|02|2021|1|11.0|87.9|0.0|0.0|0.0|07062925000106|ORGANIZACOES MSL COMERCIO E INDUSTRIA DE MATERIAIS ELETRICOS LTDA
51611853|794414|25819861|303|02|2021|1|12.0|290.0|0.0|0.0|0.0|12719447000102|DP ESPORTES EIRELI
51611854|794414|25819764|303|02|2021|1|8.0|3.5|0.0|0.0|0.0|32317610000100|LFD COMERCIO MATERIAL ELETRICO LTDA
51611855|794414|25820054|303|02|2021|1|2.0|3400.0|0.0|0.0|0.0|17926188000104|SINTAGMA ZENITE COMERCIO PAPELARIA E ESPORTES LTDA ME
51611856|794414|25819936|303|02|2021|1|18.0|18.0|0.0|0.0|0.0|12719447000102|DP ESPORTES EIRELI
51611857|794414|25819977|303|02|2021|1|8.0|4.75|0.0|0.0|0.0|07062925000106|ORGANIZACOES MSL COMERCIO E INDUSTRIA DE MATERIAIS ELETRICOS LTDA
51611858|794414|25819817|303|02|2021|1|275.0|6.45|0.0|0.0|0.0|41719477000109|KARAIBA MATERIAIS DE CONSTRUCAO LTDA
51611859|794414|25819916|303|02|2021|1|162.0|0.09|0.0|0.0|0.0|12719447000102|DP ESPORTES EIRELI
51611860|794414|25819750|303|02|2021|1|50.0|5.67|0.0|0.0|0.0|41719477000109|KARAIBA MATERIAIS DE CONSTRUCAO LTDA
51611861|794414|25819940|303|02|2021|1|56.0|216.0|0.0|0.0|0.0|41719477000109|KARAIBA MATERIAIS DE CONSTRUCAO LTDA
51611862|794414|25820003|303|02|2021|1|75.0|15.8|0.0|0.0|0.0|07062925000106|ORGANIZACOES MSL COMERCIO E INDUSTRIA DE MATERIAIS ELETRICOS LTDA
51611863|794414|25819854|303|02|2021|1|18.0|5.5|0.0|0.0|0.0|12719447000102|DP ESPORTES EIRELI
51611864|794414|25819893|303|02|2021|1|18.0|9.5|0.0|0.0|0.0|12719447000102|DP ESPORTES EIRELI
51611865|794414|25819875|303|02|2021|1|30.0|16.0|0.0|0.0|0.0|12719447000102|DP ESPORTES EIRELI
51611866|794414|25819963|303|02|2021|1|12.0|7.0|0.0|0.0|0.0|12719447000102|DP ESPORTES EIRELI
51611867|794414|25819967|303|02|2021|1|5.0|394.0|0.0|0.0|0.0|41719477000109|KARAIBA MATERIAIS DE CONSTRUCAO LTDA
51611868|794414|25819989|303|02|2021|1|12.0|56.7|0.0|0.0|0.0|07062925000106|ORGANIZACOES MSL COMERCIO E INDUSTRIA DE MATERIAIS ELETRICOS LTDA
51611869|794414|25819921|303|02|2021|1|28.0|29.33|0.0|0.0|0.0|41719477000109|KARAIBA MATERIAIS DE CONSTRUCAO LTDA
51611870|794414|25819748|303|02|2021|1|50.0|15.9|0.0|0.0|0.0|41719477000109|KARAIBA MATERIAIS DE CONSTRUCAO LTDA
51611871|794414|25819887|303|02|2021|1|40.0|183.0|0.0|0.0|0.0|32317610000100|LFD COMERCIO MATERIAL ELETRICO LTDA
51611872|794414|25819944|303|02|2021|1|10.0|20.0|0.0|0.0|0.0|12719447000102|DP ESPORTES EIRELI
51611873|794414|25819847|303|02|2021|1|107.0|175.0|0.0|0.0|0.0|41719477000109|KARAIBA MATERIAIS DE CONSTRUCAO LTDA
51611874|794414|25819982|303|02|2021|1|875.0|3.1|0.0|0.0|0.0|07062925000106|ORGANIZACOES MSL COMERCIO E INDUSTRIA DE MATERIAIS ELETRICOS LTDA
51611875|794414|25819960|303|02|2021|1|12.0|4.5|0.0|0.0|0.0|12719447000102|DP ESPORTES EIRELI
51611876|794414|25819762|303|02|2021|1|5.0|29.45|0.0|0.0|0.0|41719477000109|KARAIBA MATERIAIS DE CONSTRUCAO LTDA
51611949|794414|25819899|303|02|2021|1|10.0|25.0|0.0|0.0|0.0|12719447000102|DP ESPORTES EIRELI
51611877|794414|25819964|303|02|2021|1|25.0|11.0|0.0|0.0|0.0|12719447000102|DP ESPORTES EIRELI
51611811|794414|25819973|303|02|2021|1|5.0|34.7|0.0|0.0|0.0|07062925000106|ORGANIZACOES MSL COMERCIO E INDUSTRIA DE MATERIAIS ELETRICOS LTDA
51611945|794414|25819993|303|02|2021|1|16.0|42.9|0.0|0.0|0.0|07062925000106|ORGANIZACOES MSL COMERCIO E INDUSTRIA DE MATERIAIS ELETRICOS LTDA
51611946|794415|-1|303|02|2021|1|0.0|0.0|1.8|0.0|0.0|22865666000145|WENDEL CORDEIRO DA SILVA EPP
51611947|794413|25819745|303|02|2021|1|24000.0|4.83|0.0|0.0|0.0|04309564000161|ESTRELA LOGÍSTICA EIRELI
51611948|794414|25819920|303|02|2021|1|325.0|0.05|0.0|0.0|0.0|12719447000102|DP ESPORTES EIRELI
51611796|794414|25819956|303|02|2021|1|5.0|209.0|0.0|0.0|0.0|41719477000109|KARAIBA MATERIAIS DE CONSTRUCAO LTDA
51611793|794414|25819931|303|02|2021|1|18.0|20.0|0.0|0.0|0.0|12719447000102|DP ESPORTES EIRELI
51611794|794414|25819927|303|02|2021|1|175.0|3.0|0.0|0.0|0.0|12719447000102|DP ESPORTES EIRELI
51611795|794414|25819789|303|02|2021|1|27.0|21.9|0.0|0.0|0.0|41719477000109|KARAIBA MATERIAIS DE CONSTRUCAO LTDA
51611797|794414|25819949|303|02|2021|1|8.0|35.0|0.0|0.0|0.0|12719447000102|DP ESPORTES EIRELI
51611798|794414|25819816|303|02|2021|1|100.0|19.95|0.0|0.0|0.0|41719477000109|KARAIBA MATERIAIS DE CONSTRUCAO LTDA
51611799|794414|25820019|303|02|2021|1|37.0|8.9|0.0|0.0|0.0|07062925000106|ORGANIZACOES MSL COMERCIO E INDUSTRIA DE MATERIAIS ELETRICOS LTDA
51611800|794414|25819763|303|02|2021|1|10.0|41.95|0.0|0.0|0.0|41719477000109|KARAIBA MATERIAIS DE CONSTRUCAO LTDA
51611801|794414|25819984|303|02|2021|1|1125.0|4.8|0.0|0.0|0.0|07062925000106|ORGANIZACOES MSL COMERCIO E INDUSTRIA DE MATERIAIS ELETRICOS LTDA
51611802|794414|25820021|303|02|2021|1|16.0|5.45|0.0|0.0|0.0|41719477000109|KARAIBA MATERIAIS DE CONSTRUCAO LTDA
51611803|794414|25819769|303|02|2021|1|2.0|549.75|0.0|0.0|0.0|12719447000102|DP ESPORTES EIRELI
51611804|794414|25819827|303|02|2021|1|16.0|7.5|0.0|0.0|0.0|12719447000102|DP ESPORTES EIRELI
51611805|794414|25820024|303|02|2021|1|687.0|28.95|0.0|0.0|0.0|41719477000109|KARAIBA MATERIAIS DE CONSTRUCAO LTDA
51611806|794414|25819856|303|02|2021|1|18.0|10.5|0.0|0.0|0.0|12719447000102|DP ESPORTES EIRELI
51611807|794414|25819909|303|02|2021|1|26.0|11.0|0.0|0.0|0.0|32317610000100|LFD COMERCIO MATERIAL ELETRICO LTDA
51611808|794414|25819860|303|02|2021|1|125.0|2.0|0.0|0.0|0.0|12719447000102|DP ESPORTES EIRELI
51611809|794414|25820000|303|02|2021|1|375.0|6.8|0.0|0.0|0.0|07062925000106|ORGANIZACOES MSL COMERCIO E INDUSTRIA DE MATERIAIS ELETRICOS LTDA
51611810|794414|25819908|303|02|2021|1|15.0|21.0|0.0|0.0|0.0|12719447000102|DP ESPORTES EIRELI
51611879|794414|25820042|303|02|2021|1|25.0|13.5|0.0|0.0|0.0|12719447000102|DP ESPORTES EIRELI
51611878|794414|25819815|303|02|2021|1|5.0|62.0|0.0|0.0|0.0|12719447000102|DP ESPORTES EIRELI
51612084|794414|25819757|303|02|2021|1|75.0|1.47|0.0|0.0|0.0|07062925000106|ORGANIZACOES MSL COMERCIO E INDUSTRIA DE MATERIAIS ELETRICOS LTDA
51612081|794414|25819879|303|02|2021|1|250.0|150.0|0.0|0.0|0.0|17926188000104|SINTAGMA ZENITE COMERCIO PAPELARIA E ESPORTES LTDA ME
51612082|794414|25820027|303|02|2021|1|12.0|145.0|0.0|0.0|0.0|32317610000100|LFD COMERCIO MATERIAL ELETRICO LTDA
51612083|794414|25819992|303|02|2021|1|28.0|56.7|0.0|0.0|0.0|07062925000106|ORGANIZACOES MSL COMERCIO E INDUSTRIA DE MATERIAIS ELETRICOS LTDA
51612085|794414|25819792|303|02|2021|1|56.0|15.0|0.0|0.0|0.0|12719447000102|DP ESPORTES EIRELI
51612086|794414|25819985|303|02|2021|1|56.0|0.5|0.0|0.0|0.0|07062925000106|ORGANIZACOES MSL COMERCIO E INDUSTRIA DE MATERIAIS ELETRICOS LTDA
51612087|794414|25819843|303|02|2021|1|15.0|5.8|0.0|0.0|0.0|12719447000102|DP ESPORTES EIRELI
51612088|794414|25819814|303|02|2021|1|250.0|11.9|0.0|0.0|0.0|41719477000109|KARAIBA MATERIAIS DE CONSTRUCAO LTDA
51612089|794414|25819784|303|02|2021|1|22.0|26.0|0.0|0.0|0.0|12719447000102|DP ESPORTES EIRELI
51612090|794414|25819829|303|02|2021|1|17.0|13.0|0.0|0.0|0.0|12719447000102|DP ESPORTES EIRELI
51612091|794414|25819980|303|02|2021|1|125.0|3.3|0.0|0.0|0.0|07062925000106|ORGANIZACOES MSL COMERCIO E INDUSTRIA DE MATERIAIS ELETRICOS LTDA
51612092|794414|25819890|303|02|2021|1|5.0|279.0|0.0|0.0|0.0|41719477000109|KARAIBA MATERIAIS DE CONSTRUCAO LTDA
51612093|794414|25819915|303|02|2021|1|200.0|0.47|0.0|0.0|0.0|12719447000102|DP ESPORTES EIRELI
51612094|794414|25819925|303|02|2021|1|18.0|31.0|0.0|0.0|0.0|12719447000102|DP ESPORTES EIRELI
51612095|794414|25819894|303|02|2021|1|18.0|42.0|0.0|0.0|0.0|32317610000100|LFD COMERCIO MATERIAL ELETRICO LTDA
51612096|794414|25819819|303|02|2021|1|15.0|48.95|0.0|0.0|0.0|41719477000109|KARAIBA MATERIAIS DE CONSTRUCAO LTDA
51612097|794414|25819770|303|02|2021|1|75.0|55.9|0.0|0.0|0.0|41719477000109|KARAIBA MATERIAIS DE CONSTRUCAO LTDA
51612098|794414|25819959|303|02|2021|1|15.0|3.0|0.0|0.0|0.0|12719447000102|DP ESPORTES EIRELI
51612099|794414|25819955|303|02|2021|1|30.0|10.5|0.0|0.0|0.0|12719447000102|DP ESPORTES EIRELI
51612100|794414|25819798|303|02|2021|1|18.0|2.4|0.0|0.0|0.0|12719447000102|DP ESPORTES EIRELI
51612101|794414|25820009|303|02|2021|1|25.0|9.29|0.0|0.0|0.0|07062925000106|ORGANIZACOES MSL COMERCIO E INDUSTRIA DE MATERIAIS ELETRICOS LTDA
51612102|794414|25819900|303|02|2021|1|150.0|79.08|0.0|0.0|0.0|41719477000109|KARAIBA MATERIAIS DE CONSTRUCAO LTDA
51612103|794414|25819749|303|02|2021|1|46.0|32.6|0.0|0.0|0.0|07062925000106|ORGANIZACOES MSL COMERCIO E INDUSTRIA DE MATERIAIS ELETRICOS LTDA
51612104|794414|25819811|303|02|2021|1|25.0|10.5|0.0|0.0|0.0|12719447000102|DP ESPORTES EIRELI
51612105|794414|25819859|303|02|2021|1|17.0|9.5|0.0|0.0|0.0|12719447000102|DP ESPORTES EIRELI
51612106|794414|25819867|303|02|2021|1|50.0|37.0|0.0|0.0|0.0|12719447000102|DP ESPORTES EIRELI
51612107|794414|25819771|303|02|2021|1|38.0|47.95|0.0|0.0|0.0|41719477000109|KARAIBA MATERIAIS DE CONSTRUCAO LTDA
51612108|794414|25819990|303|02|2021|1|393.0|13.58|0.0|0.0|0.0|07062925000106|ORGANIZACOES MSL COMERCIO E INDUSTRIA DE MATERIAIS ELETRICOS LTDA
51612020|794414|25819828|303|02|2021|1|17.0|7.5|0.0|0.0|0.0|12719447000102|DP ESPORTES EIRELI
51612019|794414|25819833|303|02|2021|1|13.0|6.3|0.0|0.0|0.0|12719447000102|DP ESPORTES EIRELI
51612021|794414|25820028|303|02|2021|1|15.0|52.0|0.0|0.0|0.0|12719447000102|DP ESPORTES EIRELI
51612022|794414|25819849|303|02|2021|1|18.0|33.2|0.0|0.0|0.0|12719447000102|DP ESPORTES EIRELI
51612023|794414|25819947|303|02|2021|1|6.0|50.0|0.0|0.0|0.0|12719447000102|DP ESPORTES EIRELI
51612024|794414|25819834|303|02|2021|1|13.0|9.2|0.0|0.0|0.0|12719447000102|DP ESPORTES EIRELI
51612025|794414|25819877|303|02|2021|1|35.0|34.0|0.0|0.0|0.0|12719447000102|DP ESPORTES EIRELI
51612026|794414|25819830|303|02|2021|1|13.0|5.5|0.0|0.0|0.0|12719447000102|DP ESPORTES EIRELI
51612027|794413|25819744|303|02|2021|1|20000.0|4.05|0.0|0.0|0.0|04309564000161|ESTRELA LOGÍSTICA EIRELI
51612028|794413|25819743|303|02|2021|1|33600.0|3.12|0.0|0.0|0.0|04309564000161|ESTRELA LOGÍSTICA EIRELI
51612029|794413|25819742|303|02|2021|1|20400.0|3.87|0.0|0.0|0.0|04309564000161|ESTRELA LOGÍSTICA EIRELI
51612030|794413|25819747|303|02|2021|1|50000.0|3.22|0.0|0.0|0.0|04309564000161|ESTRELA LOGÍSTICA EIRELI
51612031|794414|25819753|303|02|2021|1|437.0|4.15|0.0|0.0|0.0|07062925000106|ORGANIZACOES MSL COMERCIO E INDUSTRIA DE MATERIAIS ELETRICOS LTDA
51612032|794414|25819821|303|02|2021|1|20.0|21.97|0.0|0.0|0.0|41719477000109|KARAIBA MATERIAIS DE CONSTRUCAO LTDA
51612033|794414|25819902|303|02|2021|1|31.0|10.0|0.0|0.0|0.0|12719447000102|DP ESPORTES EIRELI
51612034|794414|25820050|303|02|2021|1|10.0|68.95|0.0|0.0|0.0|41719477000109|KARAIBA MATERIAIS DE CONSTRUCAO LTDA
51612035|794414|25819903|303|02|2021|1|141.0|9.5|0.0|0.0|0.0|12719447000102|DP ESPORTES EIRELI
51612036|794414|25819926|303|02|2021|1|162.0|1.67|0.0|0.0|0.0|12719447000102|DP ESPORTES EIRELI
51612037|794414|25819840|303|02|2021|1|15.0|5.4|0.0|0.0|0.0|12719447000102|DP ESPORTES EIRELI
51612038|794414|25819844|303|02|2021|1|17.0|16.5|0.0|0.0|0.0|12719447000102|DP ESPORTES EIRELI
51612039|794414|25819858|303|02|2021|1|15.0|13.0|0.0|0.0|0.0|12719447000102|DP ESPORTES EIRELI
51612040|794414|25819941|303|02|2021|1|37.0|239.0|0.0|0.0|0.0|41719477000109|KARAIBA MATERIAIS DE CONSTRUCAO LTDA
51612041|794414|25820015|303|02|2021|1|62.0|1.91|0.0|0.0|0.0|07062925000106|ORGANIZACOES MSL COMERCIO E INDUSTRIA DE MATERIAIS ELETRICOS LTDA
51612042|794414|25819845|303|02|2021|1|17.0|19.0|0.0|0.0|0.0|12719447000102|DP ESPORTES EIRELI
51612043|794414|25819776|303|02|2021|1|38.0|19.6|0.0|0.0|0.0|41719477000109|KARAIBA MATERIAIS DE CONSTRUCAO LTDA
51612044|794414|25819803|303|02|2021|1|625.0|66.12|0.0|0.0|0.0|02628117000140|JARBAS SEBASTIAO DOS REIS ME
51612045|794414|25820004|303|02|2021|1|75.0|15.8|0.0|0.0|0.0|07062925000106|ORGANIZACOES MSL COMERCIO E INDUSTRIA DE MATERIAIS ELETRICOS LTDA
51612046|794414|25819865|303|02|2021|1|250.0|28.35|0.0|0.0|0.0|17926188000104|SINTAGMA ZENITE COMERCIO PAPELARIA E ESPORTES LTDA ME
51612047|794414|25819901|303|02|2021|1|62.0|165.25|0.0|0.0|0.0|32317610000100|LFD COMERCIO MATERIAL ELETRICO LTDA
51612048|794414|25820001|303|02|2021|1|12.0|17.08|0.0|0.0|0.0|07062925000106|ORGANIZACOES MSL COMERCIO E INDUSTRIA DE MATERIAIS ELETRICOS LTDA
51612049|794414|25819994|303|02|2021|1|27.0|10.75|0.0|0.0|0.0|07062925000106|ORGANIZACOES MSL COMERCIO E INDUSTRIA DE MATERIAIS ELETRICOS LTDA
51612050|794414|25819942|303|02|2021|1|25.0|26.42|0.0|0.0|0.0|41719477000109|KARAIBA MATERIAIS DE CONSTRUCAO LTDA
51612051|794414|25819848|303|02|2021|1|17.0|10.5|0.0|0.0|0.0|12719447000102|DP ESPORTES EIRELI
51612052|794414|25819919|303|02|2021|1|325.0|0.03|0.0|0.0|0.0|12719447000102|DP ESPORTES EIRELI
51612053|794414|25820011|303|02|2021|1|12.0|45.51|0.0|0.0|0.0|07062925000106|ORGANIZACOES MSL COMERCIO E INDUSTRIA DE MATERIAIS ELETRICOS LTDA
51612054|794414|25819938|303|02|2021|1|5.0|130.0|0.0|0.0|0.0|12719447000102|DP ESPORTES EIRELI
51612055|794414|25820006|303|02|2021|1|10.0|6.75|0.0|0.0|0.0|07062925000106|ORGANIZACOES MSL COMERCIO E INDUSTRIA DE MATERIAIS ELETRICOS LTDA
51612056|794414|25819991|303|02|2021|1|81.0|10.64|0.0|0.0|0.0|07062925000106|ORGANIZACOES MSL COMERCIO E INDUSTRIA DE MATERIAIS ELETRICOS LTDA
51612057|794414|25820053|303|02|2021|1|50.0|10.32|0.0|0.0|0.0|07062925000106|ORGANIZACOES MSL COMERCIO E INDUSTRIA DE MATERIAIS ELETRICOS LTDA
51612058|794414|25819905|303|02|2021|1|26.0|67.0|0.0|0.0|0.0|12719447000102|DP ESPORTES EIRELI
51612059|794414|25819766|303|02|2021|1|275.0|10.9|0.0|0.0|0.0|41719477000109|KARAIBA MATERIAIS DE CONSTRUCAO LTDA
51612060|794414|25819998|303|02|2021|1|12.0|10.75|0.0|0.0|0.0|07062925000106|ORGANIZACOES MSL COMERCIO E INDUSTRIA DE MATERIAIS ELETRICOS LTDA
51612061|794414|25819968|303|02|2021|1|5.0|198.0|0.0|0.0|0.0|41719477000109|KARAIBA MATERIAIS DE CONSTRUCAO LTDA
51612062|794414|25819895|303|02|2021|1|25.0|1.85|0.0|0.0|0.0|32317610000100|LFD COMERCIO MATERIAL ELETRICO LTDA
51612063|794414|25820022|303|02|2021|1|825.0|44.85|0.0|0.0|0.0|02628117000140|JARBAS SEBASTIAO DOS REIS ME
51612064|794414|25819786|303|02|2021|1|25.0|14.9|0.0|0.0|0.0|41719477000109|KARAIBA MATERIAIS DE CONSTRUCAO LTDA
51612065|794414|25819928|303|02|2021|1|225.0|0.29|0.0|0.0|0.0|12719447000102|DP ESPORTES EIRELI
51612066|794414|25820041|303|02|2021|1|262.0|16.3|0.0|0.0|0.0|41719477000109|KARAIBA MATERIAIS DE CONSTRUCAO LTDA
51612067|794414|25819965|303|02|2021|1|12.0|15.0|0.0|0.0|0.0|12719447000102|DP ESPORTES EIRELI
51612068|794414|25819954|303|02|2021|1|5.0|40.0|0.0|0.0|0.0|12719447000102|DP ESPORTES EIRELI
51612069|794414|25819820|303|02|2021|1|18.0|32.0|0.0|0.0|0.0|12719447000102|DP ESPORTES EIRELI
51612070|794414|25820047|303|02|2021|1|32.0|26.95|0.0|0.0|0.0|41719477000109|KARAIBA MATERIAIS DE CONSTRUCAO LTDA
51612071|794414|25819884|303|02|2021|1|5.0|189.0|0.0|0.0|0.0|41719477000109|KARAIBA MATERIAIS DE CONSTRUCAO LTDA
51612072|794414|25820005|303|02|2021|1|5.0|40.11|0.0|0.0|0.0|07062925000106|ORGANIZACOES MSL COMERCIO E INDUSTRIA DE MATERIAIS ELETRICOS LTDA
51612073|794414|25819752|303|02|2021|1|25.0|370.0|0.0|0.0|0.0|12719447000102|DP ESPORTES EIRELI
51612074|794414|25819823|303|02|2021|1|16.0|3.4|0.0|0.0|0.0|12719447000102|DP ESPORTES EIRELI
51612075|794414|25819907|303|02|2021|1|12.0|14.0|0.0|0.0|0.0|12719447000102|DP ESPORTES EIRELI
51612076|794414|25819930|303|02|2021|1|12.0|18.0|0.0|0.0|0.0|12719447000102|DP ESPORTES EIRELI
51612077|794414|25819866|303|02|2021|1|25.0|135.0|0.0|0.0|0.0|17926188000104|SINTAGMA ZENITE COMERCIO PAPELARIA E ESPORTES LTDA ME
51612078|794413|25819741|303|02|2021|1|130000.0|1.9|0.0|0.0|0.0|04309564000161|ESTRELA LOGÍSTICA EIRELI
51611951|794414|25819911|303|02|2021|1|37.0|64.0|0.0|0.0|0.0|32317610000100|LFD COMERCIO MATERIAL ELETRICO LTDA
51611950|794414|25819872|303|02|2021|1|32.0|2.35|0.0|0.0|0.0|41719477000109|KARAIBA MATERIAIS DE CONSTRUCAO LTDA
51611952|794414|25820007|303|02|2021|1|43.0|6.61|0.0|0.0|0.0|07062925000106|ORGANIZACOES MSL COMERCIO E INDUSTRIA DE MATERIAIS ELETRICOS LTDA
51611953|794414|25819958|303|02|2021|1|16.0|30.0|0.0|0.0|0.0|12719447000102|DP ESPORTES EIRELI
51611957|794414|25820029|303|02|2021|1|250.0|1.95|0.0|0.0|0.0|07062925000106|ORGANIZACOES MSL COMERCIO E INDUSTRIA DE MATERIAIS ELETRICOS LTDA
51611954|794414|25819835|303|02|2021|1|13.0|10.0|0.0|0.0|0.0|12719447000102|DP ESPORTES EIRELI
51611955|794414|25819802|303|02|2021|1|12.0|5.3|0.0|0.0|0.0|12719447000102|DP ESPORTES EIRELI
51611956|794414|25819891|303|02|2021|1|62.0|1.2|0.0|0.0|0.0|32317610000100|LFD COMERCIO MATERIAL ELETRICO LTDA
51611958|794414|25819987|303|02|2021|1|200.0|6.34|0.0|0.0|0.0|07062925000106|ORGANIZACOES MSL COMERCIO E INDUSTRIA DE MATERIAIS ELETRICOS LTDA
51611959|794414|25819851|303|02|2021|1|6.0|9.3|0.0|0.0|0.0|12719447000102|DP ESPORTES EIRELI
51611960|794414|25820002|303|02|2021|1|12.0|27.62|0.0|0.0|0.0|07062925000106|ORGANIZACOES MSL COMERCIO E INDUSTRIA DE MATERIAIS ELETRICOS LTDA
51611961|794414|25819862|303|02|2021|1|100.0|9.1|0.0|0.0|0.0|12719447000102|DP ESPORTES EIRELI
51611962|794414|25819950|303|02|2021|1|8.0|14.0|0.0|0.0|0.0|12719447000102|DP ESPORTES EIRELI
51611963|794414|25820036|303|02|2021|1|45.0|8.45|0.0|0.0|0.0|41719477000109|KARAIBA MATERIAIS DE CONSTRUCAO LTDA
51611964|794414|25819772|303|02|2021|1|16.0|31.0|0.0|0.0|0.0|12719447000102|DP ESPORTES EIRELI
51611965|794414|25819997|303|02|2021|1|25.0|10.75|0.0|0.0|0.0|07062925000106|ORGANIZACOES MSL COMERCIO E INDUSTRIA DE MATERIAIS ELETRICOS LTDA
51611966|794414|25819841|303|02|2021|1|50.0|1.1|0.0|0.0|0.0|41719477000109|KARAIBA MATERIAIS DE CONSTRUCAO LTDA
51611967|794414|25819914|303|02|2021|1|325.0|0.75|0.0|0.0|0.0|12719447000102|DP ESPORTES EIRELI
51611968|794414|25820008|303|02|2021|1|12.0|12.7|0.0|0.0|0.0|07062925000106|ORGANIZACOES MSL COMERCIO E INDUSTRIA DE MATERIAIS ELETRICOS LTDA
51611969|794414|25819806|303|02|2021|1|250.0|5.77|0.0|0.0|0.0|02628117000140|JARBAS SEBASTIAO DOS REIS ME
51611970|794414|25819961|303|02|2021|1|25.0|2.2|0.0|0.0|0.0|12719447000102|DP ESPORTES EIRELI
51611971|794414|25819787|303|02|2021|1|32.0|16.95|0.0|0.0|0.0|41719477000109|KARAIBA MATERIAIS DE CONSTRUCAO LTDA
51611972|794414|25820016|303|02|2021|1|12.0|11.55|0.0|0.0|0.0|07062925000106|ORGANIZACOES MSL COMERCIO E INDUSTRIA DE MATERIAIS ELETRICOS LTDA
51611973|794414|25819793|303|02|2021|1|25.0|24.95|0.0|0.0|0.0|41719477000109|KARAIBA MATERIAIS DE CONSTRUCAO LTDA
51611974|794414|25819946|303|02|2021|1|5.0|410.0|0.0|0.0|0.0|12719447000102|DP ESPORTES EIRELI
51611975|794414|25819797|303|02|2021|1|31.0|9.0|0.0|0.0|0.0|12719447000102|DP ESPORTES EIRELI
51611976|794414|25819904|303|02|2021|1|16.0|79.9|0.0|0.0|0.0|41719477000109|KARAIBA MATERIAIS DE CONSTRUCAO LTDA
51611977|794414|25820026|303|02|2021|1|12.0|10.5|0.0|0.0|0.0|32317610000100|LFD COMERCIO MATERIAL ELETRICO LTDA
51611978|794414|25820051|303|02|2021|1|275.0|102.5|0.0|0.0|0.0|12719447000102|DP ESPORTES EIRELI
51611979|794414|25819897|303|02|2021|1|32.0|15.0|0.0|0.0|0.0|32317610000100|LFD COMERCIO MATERIAL ELETRICO LTDA
51611980|794414|25819986|303|02|2021|1|75.0|6.2|0.0|0.0|0.0|07062925000106|ORGANIZACOES MSL COMERCIO E INDUSTRIA DE MATERIAIS ELETRICOS LTDA
51611981|794414|25819945|303|02|2021|1|10.0|55.0|0.0|0.0|0.0|12719447000102|DP ESPORTES EIRELI
51611982|794414|25819863|303|02|2021|1|25.0|135.0|0.0|0.0|0.0|17926188000104|SINTAGMA ZENITE COMERCIO PAPELARIA E ESPORTES LTDA ME
51611983|794414|25820025|303|02|2021|1|11.0|5.5|0.0|0.0|0.0|12719447000102|DP ESPORTES EIRELI
51611984|794414|25819826|303|02|2021|1|16.0|8.2|0.0|0.0|0.0|12719447000102|DP ESPORTES EIRELI
51611985|794414|25820018|303|02|2021|1|87.0|8.15|0.0|0.0|0.0|07062925000106|ORGANIZACOES MSL COMERCIO E INDUSTRIA DE MATERIAIS ELETRICOS LTDA
51611986|794414|25819794|303|02|2021|1|16.0|20.0|0.0|0.0|0.0|12719447000102|DP ESPORTES EIRELI
51611987|794414|25819832|303|02|2021|1|13.0|6.4|0.0|0.0|0.0|12719447000102|DP ESPORTES EIRELI
51611988|794414|25819780|303|02|2021|1|6.0|45.0|0.0|0.0|0.0|12719447000102|DP ESPORTES EIRELI
51611989|794414|25819912|303|02|2021|1|6.0|150.0|0.0|0.0|0.0|32317610000100|LFD COMERCIO MATERIAL ELETRICO LTDA
51611990|794414|25819943|303|02|2021|1|27.0|11.0|0.0|0.0|0.0|12719447000102|DP ESPORTES EIRELI
51611991|794414|25819825|303|02|2021|1|16.0|4.5|0.0|0.0|0.0|12719447000102|DP ESPORTES EIRELI
51611992|794414|25819981|303|02|2021|1|500.0|4.15|0.0|0.0|0.0|07062925000106|ORGANIZACOES MSL COMERCIO E INDUSTRIA DE MATERIAIS ELETRICOS LTDA
51611993|794414|25819898|303|02|2021|1|6.0|73.8|0.0|0.0|0.0|32317610000100|LFD COMERCIO MATERIAL ELETRICO LTDA
51611994|794414|25819962|303|02|2021|1|32.0|6.0|0.0|0.0|0.0|12719447000102|DP ESPORTES EIRELI
51611995|794414|25819892|303|02|2021|1|37.0|1.2|0.0|0.0|0.0|32317610000100|LFD COMERCIO MATERIAL ELETRICO LTDA
51611996|794414|25820010|303|02|2021|1|137.0|17.33|0.0|0.0|0.0|07062925000106|ORGANIZACOES MSL COMERCIO E INDUSTRIA DE MATERIAIS ELETRICOS LTDA
51611997|794414|25819760|303|02|2021|1|87.0|1.91|0.0|0.0|0.0|07062925000106|ORGANIZACOES MSL COMERCIO E INDUSTRIA DE MATERIAIS ELETRICOS LTDA
51611998|794414|25820040|303|02|2021|1|32.0|194.95|0.0|0.0|0.0|41719477000109|KARAIBA MATERIAIS DE CONSTRUCAO LTDA
51611999|794414|25819889|303|02|2021|1|62.0|1.2|0.0|0.0|0.0|32317610000100|LFD COMERCIO MATERIAL ELETRICO LTDA
51612000|794414|25819777|303|02|2021|1|18.0|120.0|0.0|0.0|0.0|12719447000102|DP ESPORTES EIRELI
51612001|794414|25819974|303|02|2021|1|12.0|21.25|0.0|0.0|0.0|07062925000106|ORGANIZACOES MSL COMERCIO E INDUSTRIA DE MATERIAIS ELETRICOS LTDA
51612002|794414|25819970|303|02|2021|1|12.0|31.9|0.0|0.0|0.0|41719477000109|KARAIBA MATERIAIS DE CONSTRUCAO LTDA
51612003|794414|25819767|303|02|2021|1|75.0|16.9|0.0|0.0|0.0|41719477000109|KARAIBA MATERIAIS DE CONSTRUCAO LTDA
51612004|794414|25820043|303|02|2021|1|67.0|233.0|0.0|0.0|0.0|41719477000109|KARAIBA MATERIAIS DE CONSTRUCAO LTDA
51612005|794414|25819804|303|02|2021|1|16.0|5.0|0.0|0.0|0.0|12719447000102|DP ESPORTES EIRELI
51612006|794414|25819853|303|02|2021|1|11.0|4.4|0.0|0.0|0.0|12719447000102|DP ESPORTES EIRELI
51612007|794414|25819979|303|02|2021|1|375.0|0.65|0.0|0.0|0.0|07062925000106|ORGANIZACOES MSL COMERCIO E INDUSTRIA DE MATERIAIS ELETRICOS LTDA
51612008|794414|25819774|303|02|2021|1|16.0|20.0|0.0|0.0|0.0|12719447000102|DP ESPORTES EIRELI
51612009|794414|25819971|303|02|2021|1|25.0|25.9|0.0|0.0|0.0|41719477000109|KARAIBA MATERIAIS DE CONSTRUCAO LTDA
51612010|794414|25819935|303|02|2021|1|35.0|29.5|0.0|0.0|0.0|12719447000102|DP ESPORTES EIRELI
51612011|794414|25819876|303|02|2021|1|5375.0|0.9|0.0|0.0|0.0|12719447000102|DP ESPORTES EIRELI
53100591|842480|27422428|302|01|2021|1|200.0|20.0|0.0|0.0|0.0|07051313000118|ACTCON COMERCIO DE PRODUTOS DE INFORMATICA LTDA
53100588|842480|27422427|302|01|2021|1|500.0|20.0|0.0|0.0|0.0|07051313000118|ACTCON COMERCIO DE PRODUTOS DE INFORMATICA LTDA
53100589|842480|27422431|302|01|2021|1|1.0|450.0|0.0|0.0|0.0|07051313000118|ACTCON COMERCIO DE PRODUTOS DE INFORMATICA LTDA
53100590|842480|27422429|302|01|2021|1|12.0|1760.0|0.0|0.0|0.0|07051313000118|ACTCON COMERCIO DE PRODUTOS DE INFORMATICA LTDA
53100592|842480|27422434|302|01|2021|1|12.0|800.0|0.0|0.0|0.0|07051313000118|ACTCON COMERCIO DE PRODUTOS DE INFORMATICA LTDA
53100593|842480|27422433|302|01|2021|1|12.0|114.0|0.0|0.0|0.0|07051313000118|ACTCON COMERCIO DE PRODUTOS DE INFORMATICA LTDA
53100594|842480|27422432|302|01|2021|1|1.0|2.0|0.0|0.0|0.0|07051313000118|ACTCON COMERCIO DE PRODUTOS DE INFORMATICA LTDA
53100595|842480|27422424|302|01|2021|1|1.0|10.0|0.0|0.0|0.0|07051313000118|ACTCON COMERCIO DE PRODUTOS DE INFORMATICA LTDA
53100596|842480|27422430|302|01|2021|1|12.0|200.0|0.0|0.0|0.0|07051313000118|ACTCON COMERCIO DE PRODUTOS DE INFORMATICA LTDA
53100597|842480|27422423|302|01|2021|1|1.0|10.0|0.0|0.0|0.0|07051313000118|ACTCON COMERCIO DE PRODUTOS DE INFORMATICA LTDA
53100598|842480|27422426|302|01|2021|1|12.0|120.0|0.0|0.0|0.0|07051313000118|ACTCON COMERCIO DE PRODUTOS DE INFORMATICA LTDA
53100599|842480|27422425|302|01|2021|1|12.0|1800.0|0.0|0.0|0.0|07051313000118|ACTCON COMERCIO DE PRODUTOS DE INFORMATICA LTDA
53100600|842481|27422435|302|01|2021|2|6500.0|5.149|0.0|0.0|0.0|18976811000279|JESU CAETANO FONSECA
53100601|842483|27422445|302|01|2021|4|53.0|18.0|0.0|0.0|0.0|11963458000162|LEONARDO FILOMENO
53100602|842483|27422448|302|01|2021|4|53.0|29.0|0.0|0.0|0.0|11963458000162|LEONARDO FILOMENO
53100603|842482|27422438|302|01|2021|4|100.0|11.5|0.0|0.0|0.0|11963458000162|LEONARDO FILOMENO
53100604|842483|27422444|302|01|2021|4|9000.0|0.75|0.0|0.0|0.0|11963458000162|LEONARDO FILOMENO
53100605|842483|27422440|302|01|2021|4|1456.0|3.7|0.0|0.0|0.0|11963458000162|LEONARDO FILOMENO
53100606|842482|27422437|302|01|2021|4|200.0|10.7|0.0|0.0|0.0|11963458000162|LEONARDO FILOMENO
53100607|842483|27422439|302|01|2021|4|1456.0|2.55|0.0|0.0|0.0|11963458000162|LEONARDO FILOMENO
53100608|842483|27422441|302|01|2021|4|1352.0|2.5|0.0|0.0|0.0|11963458000162|LEONARDO FILOMENO
53100609|842483|27422450|302|01|2021|4|40.0|12.65|0.0|0.0|0.0|11963458000162|LEONARDO FILOMENO
53100610|842483|27422447|302|01|2021|4|53.0|34.0|0.0|0.0|0.0|11963458000162|LEONARDO FILOMENO
53100611|842483|27422442|302|01|2021|4|1430.0|4.2|0.0|0.0|0.0|11963458000162|LEONARDO FILOMENO
53100612|842483|27422443|302|01|2021|4|1378.0|7.5|0.0|0.0|0.0|11963458000162|LEONARDO FILOMENO
53100613|842483|27422446|302|01|2021|4|800.0|0.85|0.0|0.0|0.0|11963458000162|LEONARDO FILOMENO
53100614|842483|27422449|302|01|2021|4|600.0|3.25|0.0|0.0|0.0|11963458000162|LEONARDO FILOMENO
52682732|830643|26974132|304|03|2021|2|70000.0|1.44|0.0|0.0|0.0|23647365000108|BAUMINAS QUIMICA NNE LTDA.
52682731|830643|26974133|304|03|2021|2|80000.0|2.48|0.0|0.0|0.0|19525278000372|BAUMINAS QUIMICA SA FILIAL
52742144|832684|27039147|304|03|2021|3|380.0|8.35|0.0|0.0|0.0|17926188000104|SINTAGMA ZENITE COMER.PAPELARIA E ESPORTES LTDA-ME
52742145|832685|27039148|304|03|2021|3|4500.0|83.0|0.0|0.0|0.0|30968913000167|WENDERSON SILVA PEIXOTO DE MELLO-ME
52742146|832684|27039146|304|03|2021|3|200.0|13.75|0.0|0.0|0.0|17926188000104|SINTAGMA ZENITE COMER.PAPELARIA E ESPORTES LTDA-ME
53887534|865394|28264197|303|02|2021|5|12.0|249.9|0.0|0.0|0.0|05684180000191|COMPANHIA ITABIRANA DE TELECOMUNICACOES LTDA
53887531|865394|28264205|303|02|2021|5|12.0|249.9|0.0|0.0|0.0|05684180000191|COMPANHIA ITABIRANA DE TELECOMUNICACOES LTDA
53887532|865394|28264186|303|02|2021|5|12.0|249.9|0.0|0.0|0.0|05684180000191|COMPANHIA ITABIRANA DE TELECOMUNICACOES LTDA
53887533|865395|28264225|303|02|2021|5|1.0|445347.0|0.0|0.0|0.0|03338574000162|GEODADOS GEOPROCESSAMENTO E SERVI AEREOS ESPEC
53887535|865394|28264212|303|02|2021|5|12.0|249.9|0.0|0.0|0.0|05684180000191|COMPANHIA ITABIRANA DE TELECOMUNICACOES LTDA
53887536|865394|28264203|303|02|2021|5|12.0|249.9|0.0|0.0|0.0|05684180000191|COMPANHIA ITABIRANA DE TELECOMUNICACOES LTDA
53887537|865394|28264183|303|02|2021|5|12.0|249.9|0.0|0.0|0.0|05684180000191|COMPANHIA ITABIRANA DE TELECOMUNICACOES LTDA
53887538|865394|28264204|303|02|2021|5|12.0|249.9|0.0|0.0|0.0|05684180000191|COMPANHIA ITABIRANA DE TELECOMUNICACOES LTDA
53887539|865394|28264207|303|02|2021|5|12.0|249.9|0.0|0.0|0.0|05684180000191|COMPANHIA ITABIRANA DE TELECOMUNICACOES LTDA
53887540|865395|28264226|303|02|2021|5|1.0|710344.0|0.0|0.0|0.0|03338574000162|GEODADOS GEOPROCESSAMENTO E SERVI AEREOS ESPEC
53887541|865394|28264191|303|02|2021|5|12.0|249.9|0.0|0.0|0.0|05684180000191|COMPANHIA ITABIRANA DE TELECOMUNICACOES LTDA
53887542|865394|28264201|303|02|2021|5|12.0|249.9|0.0|0.0|0.0|05684180000191|COMPANHIA ITABIRANA DE TELECOMUNICACOES LTDA
53887501|865394|28264218|303|02|2021|5|12.0|249.9|0.0|0.0|0.0|05684180000191|COMPANHIA ITABIRANA DE TELECOMUNICACOES LTDA
53887498|865395|28264228|303|02|2021|5|1.0|83398.0|0.0|0.0|0.0|03338574000162|GEODADOS GEOPROCESSAMENTO E SERVI AEREOS ESPEC
53887499|865394|28264214|303|02|2021|5|12.0|529.9|0.0|0.0|0.0|05684180000191|COMPANHIA ITABIRANA DE TELECOMUNICACOES LTDA
53887500|865394|28264196|303|02|2021|5|12.0|529.9|0.0|0.0|0.0|05684180000191|COMPANHIA ITABIRANA DE TELECOMUNICACOES LTDA
53887502|865394|28264223|303|02|2021|5|12.0|249.9|0.0|0.0|0.0|05684180000191|COMPANHIA ITABIRANA DE TELECOMUNICACOES LTDA
53887503|865394|28264213|303|02|2021|5|12.0|529.9|0.0|0.0|0.0|05684180000191|COMPANHIA ITABIRANA DE TELECOMUNICACOES LTDA
53887504|865394|28264194|303|02|2021|5|12.0|249.9|0.0|0.0|0.0|05684180000191|COMPANHIA ITABIRANA DE TELECOMUNICACOES LTDA
53887505|865395|28264227|303|02|2021|5|1.0|160911.0|0.0|0.0|0.0|03338574000162|GEODADOS GEOPROCESSAMENTO E SERVI AEREOS ESPEC
53887506|865394|28264224|303|02|2021|5|12.0|249.9|0.0|0.0|0.0|05684180000191|COMPANHIA ITABIRANA DE TELECOMUNICACOES LTDA
53887507|865394|28264182|303|02|2021|5|12.0|249.9|0.0|0.0|0.0|05684180000191|COMPANHIA ITABIRANA DE TELECOMUNICACOES LTDA
53887508|865394|28264181|303|02|2021|5|7.0|236.9|0.0|0.0|0.0|05684180000191|COMPANHIA ITABIRANA DE TELECOMUNICACOES LTDA
53887509|865394|28264189|303|02|2021|5|12.0|249.9|0.0|0.0|0.0|05684180000191|COMPANHIA ITABIRANA DE TELECOMUNICACOES LTDA
53887510|865394|28264222|303|02|2021|5|12.0|249.9|0.0|0.0|0.0|05684180000191|COMPANHIA ITABIRANA DE TELECOMUNICACOES LTDA
53887511|865394|28264215|303|02|2021|5|12.0|249.9|0.0|0.0|0.0|05684180000191|COMPANHIA ITABIRANA DE TELECOMUNICACOES LTDA
53887512|865394|28264187|303|02|2021|5|12.0|249.9|0.0|0.0|0.0|05684180000191|COMPANHIA ITABIRANA DE TELECOMUNICACOES LTDA
53887513|865394|28264184|303|02|2021|5|12.0|249.9|0.0|0.0|0.0|05684180000191|COMPANHIA ITABIRANA DE TELECOMUNICACOES LTDA
53887514|865394|28264217|303|02|2021|5|35.0|69.9|0.0|0.0|0.0|05684180000191|COMPANHIA ITABIRANA DE TELECOMUNICACOES LTDA
53887515|865394|28264195|303|02|2021|5|12.0|249.9|0.0|0.0|0.0|05684180000191|COMPANHIA ITABIRANA DE TELECOMUNICACOES LTDA
53887516|865394|28264220|303|02|2021|5|12.0|529.9|0.0|0.0|0.0|05684180000191|COMPANHIA ITABIRANA DE TELECOMUNICACOES LTDA
53887517|865394|28264190|303|02|2021|5|12.0|249.9|0.0|0.0|0.0|05684180000191|COMPANHIA ITABIRANA DE TELECOMUNICACOES LTDA
53887518|865394|28264221|303|02|2021|5|12.0|249.9|0.0|0.0|0.0|05684180000191|COMPANHIA ITABIRANA DE TELECOMUNICACOES LTDA
53887519|865394|28264185|303|02|2021|5|12.0|249.9|0.0|0.0|0.0|05684180000191|COMPANHIA ITABIRANA DE TELECOMUNICACOES LTDA
53887520|865394|28264202|303|02|2021|5|12.0|249.9|0.0|0.0|0.0|05684180000191|COMPANHIA ITABIRANA DE TELECOMUNICACOES LTDA
53887521|865394|28264211|303|02|2021|5|12.0|249.9|0.0|0.0|0.0|05684180000191|COMPANHIA ITABIRANA DE TELECOMUNICACOES LTDA
53887523|865394|28264209|303|02|2021|5|12.0|249.9|0.0|0.0|0.0|05684180000191|COMPANHIA ITABIRANA DE TELECOMUNICACOES LTDA
53887522|865394|28264198|303|02|2021|5|12.0|249.9|0.0|0.0|0.0|05684180000191|COMPANHIA ITABIRANA DE TELECOMUNICACOES LTDA
53887524|865394|28264219|303|02|2021|5|12.0|529.9|0.0|0.0|0.0|05684180000191|COMPANHIA ITABIRANA DE TELECOMUNICACOES LTDA
53887525|865394|28264216|303|02|2021|5|12.0|529.9|0.0|0.0|0.0|05684180000191|COMPANHIA ITABIRANA DE TELECOMUNICACOES LTDA
53887526|865394|28264199|303|02|2021|5|12.0|249.9|0.0|0.0|0.0|05684180000191|COMPANHIA ITABIRANA DE TELECOMUNICACOES LTDA
53887527|865394|28264210|303|02|2021|5|12.0|249.9|0.0|0.0|0.0|05684180000191|COMPANHIA ITABIRANA DE TELECOMUNICACOES LTDA
53887528|865394|28264206|303|02|2021|5|12.0|249.9|0.0|0.0|0.0|05684180000191|COMPANHIA ITABIRANA DE TELECOMUNICACOES LTDA
53887529|865394|28264200|303|02|2021|5|12.0|249.9|0.0|0.0|0.0|05684180000191|COMPANHIA ITABIRANA DE TELECOMUNICACOES LTDA
53887530|865394|28264188|303|02|2021|5|12.0|249.9|0.0|0.0|0.0|05684180000191|COMPANHIA ITABIRANA DE TELECOMUNICACOES LTDA
53887545|865394|28264193|303|02|2021|5|12.0|529.9|0.0|0.0|0.0|05684180000191|COMPANHIA ITABIRANA DE TELECOMUNICACOES LTDA
53887543|865394|28264208|303|02|2021|5|12.0|249.9|0.0|0.0|0.0|05684180000191|COMPANHIA ITABIRANA DE TELECOMUNICACOES LTDA
53887544|865394|28264192|303|02|2021|5|12.0|249.9|0.0|0.0|0.0|05684180000191|COMPANHIA ITABIRANA DE TELECOMUNICACOES LTDA
53887546|865398|28264237|303|02|2021|6|150.0|168.0|0.0|0.0|0.0|23265580000144|DR DISTRIBUIDORA LTDA
53887547|865397|28264234|303|02|2021|6|94.0|128.0|0.0|0.0|0.0|24789180000109|SMARTMED REPRESENTACAO COM PROD MED HOSP LTDA
53887548|865396|28264229|303|02|2021|6|700.0|16.54|0.0|0.0|0.0|37806964000131|ALEXANDRE COSME FERRAZ 01185022635
53887549|865396|28264230|303|02|2021|6|100.0|46.32|0.0|0.0|0.0|37806964000131|ALEXANDRE COSME FERRAZ 01185022635
53887550|865398|28264239|303|02|2021|6|500.0|133.71|0.0|0.0|0.0|23265580000144|DR DISTRIBUIDORA LTDA
53887551|865397|28264232|303|02|2021|6|100.0|41.0|0.0|0.0|0.0|65186835000123|DISTRIBUIDORA IRMAOS SANTANA LTDAEPP
53887552|865397|28264236|303|02|2021|6|100.0|35.5|0.0|0.0|0.0|65186835000123|DISTRIBUIDORA IRMAOS SANTANA LTDAEPP
53887553|865397|28264235|303|02|2021|6|200.0|36.2|0.0|0.0|0.0|65353401000170|COMERCIAL VENER LTDA
53887554|865398|28264240|303|02|2021|6|50.0|147.0|0.0|0.0|0.0|23265580000144|DR DISTRIBUIDORA LTDA
53887555|865396|28264231|303|02|2021|6|100.0|34.6|0.0|0.0|0.0|37806964000131|ALEXANDRE COSME FERRAZ 01185022635
53887556|865398|28264238|303|02|2021|6|20.0|168.0|0.0|0.0|0.0|23265580000144|DR DISTRIBUIDORA LTDA
54070262|870536|28460527|304|03|2021|7|500.0|16.99|0.0|0.0|0.0|21230132000180|ROGERIO RIBEIRO VIDIGAL COMERCIO - EPP
54070263|870536|28460544|304|03|2021|7|4.0|2.32|0.0|0.0|0.0|26312888000191|ROSENEIDE DA SILVA 31624995691ME
54070265|870536|28460533|304|03|2021|7|5.0|6.16|0.0|0.0|0.0|29050922000195|W&M COMERCIO E DISTRIBUICAO LTDAME
54070281|870536|28460516|304|03|2021|7|10.0|9.5|0.0|0.0|0.0|26312888000191|ROSENEIDE DA SILVA 31624995691ME
54070261|870536|28460530|304|03|2021|7|5.0|5.77|0.0|0.0|0.0|26312888000191|ROSENEIDE DA SILVA 31624995691ME
54070264|870536|28460540|304|03|2021|7|10.0|1.69|0.0|0.0|0.0|26312888000191|ROSENEIDE DA SILVA 31624995691ME
54070266|870536|28460515|304|03|2021|7|10.0|1.25|0.0|0.0|0.0|26312888000191|ROSENEIDE DA SILVA 31624995691ME
54070267|870536|28460536|304|03|2021|7|10.0|6.6|0.0|0.0|0.0|26312888000191|ROSENEIDE DA SILVA 31624995691ME
54070268|870536|28460517|304|03|2021|7|24.0|1.09|0.0|0.0|0.0|26312888000191|ROSENEIDE DA SILVA 31624995691ME
54070269|870536|28460513|304|03|2021|7|10.0|0.09|0.0|0.0|0.0|26312888000191|ROSENEIDE DA SILVA 31624995691ME
54070270|870536|28460541|304|03|2021|7|50.0|4.19|0.0|0.0|0.0|29050922000195|W&M COMERCIO E DISTRIBUICAO LTDAME
54070274|870536|28460523|304|03|2021|7|100.0|0.72|0.0|0.0|0.0|26312888000191|ROSENEIDE DA SILVA 31624995691ME
54070271|870536|28460534|304|03|2021|7|10.0|38.09|0.0|0.0|0.0|29050922000195|W&M COMERCIO E DISTRIBUICAO LTDAME
54070272|870536|28460518|304|03|2021|7|30.0|5.27|0.0|0.0|0.0|26312888000191|ROSENEIDE DA SILVA 31624995691ME
54070273|870536|28460542|304|03|2021|7|20.0|4.2|0.0|0.0|0.0|26312888000191|ROSENEIDE DA SILVA 31624995691ME
54070275|870536|28460529|304|03|2021|7|400.0|0.18|0.0|0.0|0.0|26312888000191|ROSENEIDE DA SILVA 31624995691ME
54070276|870536|28460531|304|03|2021|7|100.0|3.38|0.0|0.0|0.0|26312888000191|ROSENEIDE DA SILVA 31624995691ME
54070277|870536|28460522|304|03|2021|7|500.0|0.12|0.0|0.0|0.0|26312888000191|ROSENEIDE DA SILVA 31624995691ME
54070278|870536|28460519|304|03|2021|7|5.0|10.5|0.0|0.0|0.0|26312888000191|ROSENEIDE DA SILVA 31624995691ME
54070279|870536|28460526|304|03|2021|7|40.0|9.5|0.0|0.0|0.0|26312888000191|ROSENEIDE DA SILVA 31624995691ME
54070280|870536|28460532|304|03|2021|7|12.0|5.85|0.0|0.0|0.0|26312888000191|ROSENEIDE DA SILVA 31624995691ME
54070285|870536|28460545|304|03|2021|7|10.0|5.85|0.0|0.0|0.0|21529392000150|JULIANA CLAUDIA RIBEIRO DE LACERDA-MEI
54070282|870536|28460520|304|03|2021|7|2.0|10.5|0.0|0.0|0.0|26312888000191|ROSENEIDE DA SILVA 31624995691ME
54070283|870536|28460524|304|03|2021|7|10.0|1.05|0.0|0.0|0.0|26312888000191|ROSENEIDE DA SILVA 31624995691ME
54070284|870536|28460512|304|03|2021|7|200.0|0.72|0.0|0.0|0.0|26312888000191|ROSENEIDE DA SILVA 31624995691ME
54070286|870536|28460514|304|03|2021|7|5.0|0.24|0.0|0.0|0.0|26312888000191|ROSENEIDE DA SILVA 31624995691ME
54070287|870536|28460543|304|03|2021|7|10.0|3.75|0.0|0.0|0.0|26312888000191|ROSENEIDE DA SILVA 31624995691ME
54070288|870536|28460525|304|03|2021|7|200.0|0.24|0.0|0.0|0.0|26312888000191|ROSENEIDE DA SILVA 31624995691ME
54070289|870536|28460511|304|03|2021|7|30.0|0.23|0.0|0.0|0.0|29050922000195|W&M COMERCIO E DISTRIBUICAO LTDAME
54070290|870536|28460521|304|03|2021|7|3.0|10.5|0.0|0.0|0.0|26312888000191|ROSENEIDE DA SILVA 31624995691ME
54070291|870536|28460538|304|03|2021|7|4.0|0.94|0.0|0.0|0.0|26312888000191|ROSENEIDE DA SILVA 31624995691ME
54070292|870536|28460537|304|03|2021|7|6.0|4.09|0.0|0.0|0.0|29050922000195|W&M COMERCIO E DISTRIBUICAO LTDAME
54070293|870536|28460539|304|03|2021|7|200.0|6.53|0.0|0.0|0.0|21529392000150|JULIANA CLAUDIA RIBEIRO DE LACERDA-MEI
54070294|870536|28460528|304|03|2021|7|10.0|1.93|0.0|0.0|0.0|26312888000191|ROSENEIDE DA SILVA 31624995691ME
54070295|870536|28460546|304|03|2021|7|2.0|7.45|0.0|0.0|0.0|26312888000191|ROSENEIDE DA SILVA 31624995691ME
57306090|981326|31960933|304|03|2021|12|2.0|51.21|0.0|0.0|0.0|17926188000104|SINTAGMA ZENITE COMER.PAPELARIA E ESPORTES LTDA-ME
57306087|981326|31960975|304|03|2021|12|3.0|27.07|0.0|0.0|0.0|17926188000104|SINTAGMA ZENITE COMER.PAPELARIA E ESPORTES LTDA-ME
57306088|981326|31960945|304|03|2021|12|35.0|104.9|0.0|0.0|0.0|00399411000100|OLIVEIRA & PINHEIRO MATERIAIS PARA CONST. LTDA
57306089|981326|31960942|304|03|2021|12|3.0|11.37|0.0|0.0|0.0|17926188000104|SINTAGMA ZENITE COMER.PAPELARIA E ESPORTES LTDA-ME
57306091|981326|31960936|304|03|2021|12|2.0|22.25|0.0|0.0|0.0|17926188000104|SINTAGMA ZENITE COMER.PAPELARIA E ESPORTES LTDA-ME
57306092|981326|31960960|304|03|2021|12|1.0|10.25|0.0|0.0|0.0|17926188000104|SINTAGMA ZENITE COMER.PAPELARIA E ESPORTES LTDA-ME
57306093|981326|31960981|304|03|2021|12|1.0|152.25|0.0|0.0|0.0|17926188000104|SINTAGMA ZENITE COMER.PAPELARIA E ESPORTES LTDA-ME
57306094|981326|31960967|304|03|2021|12|4.0|59.98|0.0|0.0|0.0|17926188000104|SINTAGMA ZENITE COMER.PAPELARIA E ESPORTES LTDA-ME
57306095|981327|31961050|304|03|2021|12|4.0|223.08|0.0|0.0|0.0|15263561000150|LAFFERDU INDUSTRIA E COM.EM FERRO FUNDIDO EIRELLI
57306096|981327|31961013|304|03|2021|12|3.0|344.0|0.0|0.0|0.0|44829653000153|ANGOLINI & ANGOLINI LTDA
57306097|981327|31961083|304|03|2021|12|20.0|25.74|0.0|0.0|0.0|15263561000150|LAFFERDU INDUSTRIA E COM.EM FERRO FUNDIDO EIRELLI
57306098|981327|31960989|304|03|2021|12|2.0|121.55|0.0|0.0|0.0|15263561000150|LAFFERDU INDUSTRIA E COM.EM FERRO FUNDIDO EIRELLI
57306101|981327|31961066|304|03|2021|12|2.0|371.8|0.0|0.0|0.0|15263561000150|LAFFERDU INDUSTRIA E COM.EM FERRO FUNDIDO EIRELLI
57306102|981325|31960896|304|03|2021|12|350.0|6.79|0.0|0.0|0.0|23314651000151|ORGANIZACAO EMY LTDA-EPP
57306103|981325|31960894|304|03|2021|12|3.2|68.19|0.0|0.0|0.0|23314651000151|ORGANIZACAO EMY LTDA-EPP
57306104|981325|31960913|304|03|2021|12|24.2|80.63|0.0|0.0|0.0|23314651000151|ORGANIZACAO EMY LTDA-EPP
57306105|981326|31960987|304|03|2021|12|5.0|29.4|0.0|0.0|0.0|17926188000104|SINTAGMA ZENITE COMER.PAPELARIA E ESPORTES LTDA-ME
57306106|981326|31960950|304|03|2021|12|60.0|16.2|0.0|0.0|0.0|00399411000100|OLIVEIRA & PINHEIRO MATERIAIS PARA CONST. LTDA
57306107|981326|31960957|304|03|2021|12|1.0|6.6|0.0|0.0|0.0|00399411000100|OLIVEIRA & PINHEIRO MATERIAIS PARA CONST. LTDA
57306109|981327|31961010|304|03|2021|12|2.0|1341.34|0.0|0.0|0.0|15263561000150|LAFFERDU INDUSTRIA E COM.EM FERRO FUNDIDO EIRELLI
57306110|981327|31960990|304|03|2021|12|1.0|140.14|0.0|0.0|0.0|15263561000150|LAFFERDU INDUSTRIA E COM.EM FERRO FUNDIDO EIRELLI
57306111|981327|31961064|304|03|2021|12|3.0|167.4|0.0|0.0|0.0|41515456000171|SANECON COMERCIO DE TUBOS E CONEXOES EIRELIME
57306099|981327|31961049|304|03|2021|12|4.0|152.55|0.0|0.0|0.0|41515456000171|SANECON COMERCIO DE TUBOS E CONEXOES EIRELIME
57306100|981327|31961063|304|03|2021|12|3.0|117.45|0.0|0.0|0.0|41515456000171|SANECON COMERCIO DE TUBOS E CONEXOES EIRELIME
57306108|981327|31961009|304|03|2021|12|2.0|850.5|0.0|0.0|0.0|41515456000171|SANECON COMERCIO DE TUBOS E CONEXOES EIRELIME
57306112|981327|31961053|304|03|2021|12|20.0|5.17|0.0|0.0|0.0|33915396000156|DIRETA MATERIAIS HIDRAULICOS LTDA
57306113|981327|31960996|304|03|2021|12|2.0|1361.36|0.0|0.0|0.0|15263561000150|LAFFERDU INDUSTRIA E COM.EM FERRO FUNDIDO EIRELLI
57306114|981327|31961032|304|03|2021|12|2.0|600.6|0.0|0.0|0.0|15263561000150|LAFFERDU INDUSTRIA E COM.EM FERRO FUNDIDO EIRELLI
57306115|981327|31961022|304|03|2021|12|4.0|1780.0|0.0|0.0|0.0|44829653000153|ANGOLINI & ANGOLINI LTDA
57306116|981325|31960895|304|03|2021|12|4.8|68.19|0.0|0.0|0.0|23314651000151|ORGANIZACAO EMY LTDA-EPP
57306117|981325|31960898|304|03|2021|12|175.0|3.02|0.0|0.0|0.0|23314651000151|ORGANIZACAO EMY LTDA-EPP
57306118|981325|31960920|304|03|2021|12|12.0|3.48|0.0|0.0|0.0|23314651000151|ORGANIZACAO EMY LTDA-EPP
57306119|981325|31960899|304|03|2021|12|3.0|200.56|0.0|0.0|0.0|23314651000151|ORGANIZACAO EMY LTDA-EPP
57306120|981325|31960924|304|03|2021|12|20.0|80.63|0.0|0.0|0.0|23314651000151|ORGANIZACAO EMY LTDA-EPP
57306124|981326|31960934|304|03|2021|12|20.0|15.38|0.0|0.0|0.0|17926188000104|SINTAGMA ZENITE COMER.PAPELARIA E ESPORTES LTDA-ME
57306121|981325|31960907|304|03|2021|12|175.0|8.99|0.0|0.0|0.0|23314651000151|ORGANIZACAO EMY LTDA-EPP
57306122|981325|31960915|304|03|2021|12|19.8|40.12|0.0|0.0|0.0|23314651000151|ORGANIZACAO EMY LTDA-EPP
57306123|981326|31960944|304|03|2021|12|5.0|19.7|0.0|0.0|0.0|00399411000100|OLIVEIRA & PINHEIRO MATERIAIS PARA CONST. LTDA
57306125|981326|31960953|304|03|2021|12|1.0|8.15|0.0|0.0|0.0|17926188000104|SINTAGMA ZENITE COMER.PAPELARIA E ESPORTES LTDA-ME
57306126|981326|31960943|304|03|2021|12|2.0|32.0|0.0|0.0|0.0|17926188000104|SINTAGMA ZENITE COMER.PAPELARIA E ESPORTES LTDA-ME
57306127|981326|31960946|304|03|2021|12|10.0|44.9|0.0|0.0|0.0|17926188000104|SINTAGMA ZENITE COMER.PAPELARIA E ESPORTES LTDA-ME
57306128|981326|31960974|304|03|2021|12|2.0|50.7|0.0|0.0|0.0|17926188000104|SINTAGMA ZENITE COMER.PAPELARIA E ESPORTES LTDA-ME
57306129|981327|31961041|304|03|2021|12|2.0|850.5|0.0|0.0|0.0|41515456000171|SANECON COMERCIO DE TUBOS E CONEXOES EIRELIME
57306130|981327|31960997|304|03|2021|12|4.0|260.26|0.0|0.0|0.0|15263561000150|LAFFERDU INDUSTRIA E COM.EM FERRO FUNDIDO EIRELLI
57306131|981327|31961072|304|03|2021|12|4.0|230.0|0.0|0.0|0.0|11109083000178|NELIA MARIA CYRINO LEAL-ME
57306132|981327|31961045|304|03|2021|12|4.0|131.0|0.0|0.0|0.0|11109083000178|NELIA MARIA CYRINO LEAL-ME
57306133|981327|31961039|304|03|2021|12|50.0|7.5|0.0|0.0|0.0|33915396000156|DIRETA MATERIAIS HIDRAULICOS LTDA
57306134|981327|31960993|304|03|2021|12|4.0|459.0|0.0|0.0|0.0|41515456000171|SANECON COMERCIO DE TUBOS E CONEXOES EIRELIME
57306135|981327|31961033|304|03|2021|12|50.0|1.15|0.0|0.0|0.0|33915396000156|DIRETA MATERIAIS HIDRAULICOS LTDA
57306136|981327|31961037|304|03|2021|12|50.0|3.85|0.0|0.0|0.0|33915396000156|DIRETA MATERIAIS HIDRAULICOS LTDA
57306137|981327|31961011|304|03|2021|12|1.0|2042.04|0.0|0.0|0.0|15263561000150|LAFFERDU INDUSTRIA E COM.EM FERRO FUNDIDO EIRELLI
57306138|981327|31961069|304|03|2021|12|4.0|500.5|0.0|0.0|0.0|15263561000150|LAFFERDU INDUSTRIA E COM.EM FERRO FUNDIDO EIRELLI
57306139|981327|31961043|304|03|2021|12|2.0|2780.0|0.0|0.0|0.0|44829653000153|ANGOLINI & ANGOLINI LTDA
57306140|981327|31961024|304|03|2021|12|2.0|643.5|0.0|0.0|0.0|15263561000150|LAFFERDU INDUSTRIA E COM.EM FERRO FUNDIDO EIRELLI
57306141|981327|31961080|304|03|2021|12|4.0|1150.0|0.0|0.0|0.0|11109083000178|NELIA MARIA CYRINO LEAL-ME
57306142|981327|31960988|304|03|2021|12|2.0|111.54|0.0|0.0|0.0|15263561000150|LAFFERDU INDUSTRIA E COM.EM FERRO FUNDIDO EIRELLI
57306143|981327|31960998|304|03|2021|12|4.0|429.0|0.0|0.0|0.0|15263561000150|LAFFERDU INDUSTRIA E COM.EM FERRO FUNDIDO EIRELLI
57306144|981327|31961038|304|03|2021|12|50.0|4.8|0.0|0.0|0.0|33915396000156|DIRETA MATERIAIS HIDRAULICOS LTDA
57306145|981325|31960909|304|03|2021|12|3.5|498.56|0.0|0.0|0.0|23314651000151|ORGANIZACAO EMY LTDA-EPP
57306146|981325|31960923|304|03|2021|12|1.0|1247.85|0.0|0.0|0.0|23314651000151|ORGANIZACAO EMY LTDA-EPP
57306147|981325|31960908|304|03|2021|12|40.0|12.87|0.0|0.0|0.0|23314651000151|ORGANIZACAO EMY LTDA-EPP
57306148|981326|31960979|304|03|2021|12|5.0|40.89|0.0|0.0|0.0|17926188000104|SINTAGMA ZENITE COMER.PAPELARIA E ESPORTES LTDA-ME
57306149|981326|31960970|304|03|2021|12|2.0|91.21|0.0|0.0|0.0|17926188000104|SINTAGMA ZENITE COMER.PAPELARIA E ESPORTES LTDA-ME
57306150|981326|31960932|304|03|2021|12|1.0|6.73|0.0|0.0|0.0|17926188000104|SINTAGMA ZENITE COMER.PAPELARIA E ESPORTES LTDA-ME
57306151|981326|31960940|304|03|2021|12|1.0|241.25|0.0|0.0|0.0|17926188000104|SINTAGMA ZENITE COMER.PAPELARIA E ESPORTES LTDA-ME
57306152|981326|31960947|304|03|2021|12|2.0|68.7|0.0|0.0|0.0|17926188000104|SINTAGMA ZENITE COMER.PAPELARIA E ESPORTES LTDA-ME
57306153|981326|31960963|304|03|2021|12|2.0|104.2|0.0|0.0|0.0|00399411000100|OLIVEIRA & PINHEIRO MATERIAIS PARA CONST. LTDA
57306154|981326|31960986|304|03|2021|12|1.0|415.2|0.0|0.0|0.0|17926188000104|SINTAGMA ZENITE COMER.PAPELARIA E ESPORTES LTDA-ME
57306155|981326|31960938|304|03|2021|12|2.0|69.0|0.0|0.0|0.0|17926188000104|SINTAGMA ZENITE COMER.PAPELARIA E ESPORTES LTDA-ME
57306081|981325|31960918|304|03|2021|12|3.5|125.8|0.0|0.0|0.0|23314651000151|ORGANIZACAO EMY LTDA-EPP
57306078|981325|31960927|304|03|2021|12|429.0|15.06|0.0|0.0|0.0|23314651000151|ORGANIZACAO EMY LTDA-EPP
57306079|981325|31960914|304|03|2021|12|25.0|9.72|0.0|0.0|0.0|23314651000151|ORGANIZACAO EMY LTDA-EPP
57306080|981325|31960902|304|03|2021|12|35.0|21.15|0.0|0.0|0.0|23314651000151|ORGANIZACAO EMY LTDA-EPP
57306082|981325|31960929|304|03|2021|12|66.0|66.16|0.0|0.0|0.0|23314651000151|ORGANIZACAO EMY LTDA-EPP
57306083|981325|31960904|304|03|2021|12|35.0|66.8|0.0|0.0|0.0|23314651000151|ORGANIZACAO EMY LTDA-EPP
57306084|981325|31960903|304|03|2021|12|2.0|2705.7|0.0|0.0|0.0|23314651000151|ORGANIZACAO EMY LTDA-EPP
57306085|981325|31960900|304|03|2021|12|80.0|5.52|0.0|0.0|0.0|23314651000151|ORGANIZACAO EMY LTDA-EPP
57306086|981326|31960949|304|03|2021|12|3.0|32.6|0.0|0.0|0.0|17926188000104|SINTAGMA ZENITE COMER.PAPELARIA E ESPORTES LTDA-ME
57306228|981326|31960984|304|03|2021|12|3.0|56.15|0.0|0.0|0.0|17926188000104|SINTAGMA ZENITE COMER.PAPELARIA E ESPORTES LTDA-ME
57306225|981325|31960906|304|03|2021|12|80.0|8.82|0.0|0.0|0.0|23314651000151|ORGANIZACAO EMY LTDA-EPP
57306226|981325|31960905|304|03|2021|12|5.0|16.0|0.0|0.0|0.0|23314651000151|ORGANIZACAO EMY LTDA-EPP
57306227|981325|31960910|304|03|2021|12|2535.0|4.72|0.0|0.0|0.0|23314651000151|ORGANIZACAO EMY LTDA-EPP
57306229|981326|31960977|304|03|2021|12|1.0|3069.0|0.0|0.0|0.0|17926188000104|SINTAGMA ZENITE COMER.PAPELARIA E ESPORTES LTDA-ME
57306230|981326|31960972|304|03|2021|12|4.0|78.96|0.0|0.0|0.0|17926188000104|SINTAGMA ZENITE COMER.PAPELARIA E ESPORTES LTDA-ME
57306231|981326|31960952|304|03|2021|12|35.0|28.06|0.0|0.0|0.0|17926188000104|SINTAGMA ZENITE COMER.PAPELARIA E ESPORTES LTDA-ME
57306232|981326|31960982|304|03|2021|12|8.0|15.5|0.0|0.0|0.0|00399411000100|OLIVEIRA & PINHEIRO MATERIAIS PARA CONST. LTDA
57306233|981326|31960961|304|03|2021|12|35.0|31.95|0.0|0.0|0.0|00399411000100|OLIVEIRA & PINHEIRO MATERIAIS PARA CONST. LTDA
57306234|981326|31960969|304|03|2021|12|8.0|14.29|0.0|0.0|0.0|17926188000104|SINTAGMA ZENITE COMER.PAPELARIA E ESPORTES LTDA-ME
57306235|981326|31960962|304|03|2021|12|2.0|356.65|0.0|0.0|0.0|17926188000104|SINTAGMA ZENITE COMER.PAPELARIA E ESPORTES LTDA-ME
57306236|981327|31961004|304|03|2021|12|2.0|1041.04|0.0|0.0|0.0|15263561000150|LAFFERDU INDUSTRIA E COM.EM FERRO FUNDIDO EIRELLI
57306237|981327|31961074|304|03|2021|12|20.0|5.1|0.0|0.0|0.0|33915396000156|DIRETA MATERIAIS HIDRAULICOS LTDA
57306238|981327|31961046|304|03|2021|12|4.0|193.0|0.0|0.0|0.0|11109083000178|NELIA MARIA CYRINO LEAL-ME
57306239|981327|31961042|304|03|2021|12|4.0|1861.86|0.0|0.0|0.0|15263561000150|LAFFERDU INDUSTRIA E COM.EM FERRO FUNDIDO EIRELLI
57306240|981327|31960994|304|03|2021|12|2.0|723.58|0.0|0.0|0.0|15263561000150|LAFFERDU INDUSTRIA E COM.EM FERRO FUNDIDO EIRELLI
57306241|981327|31961008|304|03|2021|12|2.0|695.25|0.0|0.0|0.0|41515456000171|SANECON COMERCIO DE TUBOS E CONEXOES EIRELIME
57306242|981325|31960922|304|03|2021|12|1.0|594.92|0.0|0.0|0.0|23314651000151|ORGANIZACAO EMY LTDA-EPP
57306243|981325|31960901|304|03|2021|12|20.0|13.03|0.0|0.0|0.0|23314651000151|ORGANIZACAO EMY LTDA-EPP
57306244|981326|31960966|304|03|2021|12|6.0|34.25|0.0|0.0|0.0|00399411000100|OLIVEIRA & PINHEIRO MATERIAIS PARA CONST. LTDA
57306245|981326|31960954|304|03|2021|12|1.0|11.9|0.0|0.0|0.0|00399411000100|OLIVEIRA & PINHEIRO MATERIAIS PARA CONST. LTDA
57306246|981326|31960951|304|03|2021|12|1.0|63.6|0.0|0.0|0.0|17926188000104|SINTAGMA ZENITE COMER.PAPELARIA E ESPORTES LTDA-ME
57306247|981326|31960956|304|03|2021|12|1.0|7.3|0.0|0.0|0.0|00399411000100|OLIVEIRA & PINHEIRO MATERIAIS PARA CONST. LTDA
57306248|981326|31960948|304|03|2021|12|2.0|49.0|0.0|0.0|0.0|17926188000104|SINTAGMA ZENITE COMER.PAPELARIA E ESPORTES LTDA-ME
57306250|981326|31960985|304|03|2021|12|3.0|10.0|0.0|0.0|0.0|00399411000100|OLIVEIRA & PINHEIRO MATERIAIS PARA CONST. LTDA
57306249|981326|31960937|304|03|2021|12|2.0|48.6|0.0|0.0|0.0|17926188000104|SINTAGMA ZENITE COMER.PAPELARIA E ESPORTES LTDA-ME
57306251|981326|31960980|304|03|2021|12|1.0|48.7|0.0|0.0|0.0|17926188000104|SINTAGMA ZENITE COMER.PAPELARIA E ESPORTES LTDA-ME
57306252|981327|31961057|304|03|2021|12|4.0|318.44|0.0|0.0|0.0|15263561000150|LAFFERDU INDUSTRIA E COM.EM FERRO FUNDIDO EIRELLI
57306253|981327|31960991|304|03|2021|12|2.0|157.95|0.0|0.0|0.0|41515456000171|SANECON COMERCIO DE TUBOS E CONEXOES EIRELIME
57306254|981327|31961021|304|03|2021|12|6.0|1069.2|0.0|0.0|0.0|41515456000171|SANECON COMERCIO DE TUBOS E CONEXOES EIRELIME
57306255|981327|31961025|304|03|2021|12|3.0|186.77|0.0|0.0|0.0|33915396000156|DIRETA MATERIAIS HIDRAULICOS LTDA
57306256|981327|31961061|304|03|2021|12|4.0|986.0|0.0|0.0|0.0|44829653000153|ANGOLINI & ANGOLINI LTDA
57306257|981327|31961029|304|03|2021|12|1.0|1758.9|0.0|0.0|0.0|15263561000150|LAFFERDU INDUSTRIA E COM.EM FERRO FUNDIDO EIRELLI
57306258|981327|31961012|304|03|2021|12|2.0|1010.0|0.0|0.0|0.0|44829653000153|ANGOLINI & ANGOLINI LTDA
57306259|981327|31961082|304|03|2021|12|3.0|1590.0|0.0|0.0|0.0|11109083000178|NELIA MARIA CYRINO LEAL-ME
57306260|981327|31961026|304|03|2021|12|2.0|357.77|0.0|0.0|0.0|33915396000156|DIRETA MATERIAIS HIDRAULICOS LTDA
57306261|981327|31961078|304|03|2021|12|4.0|610.0|0.0|0.0|0.0|11109083000178|NELIA MARIA CYRINO LEAL-ME
57306262|981327|31961065|304|03|2021|12|3.0|260.26|0.0|0.0|0.0|15263561000150|LAFFERDU INDUSTRIA E COM.EM FERRO FUNDIDO EIRELLI
57306263|981327|31961052|304|03|2021|12|20.0|464.75|0.0|0.0|0.0|15263561000150|LAFFERDU INDUSTRIA E COM.EM FERRO FUNDIDO EIRELLI
57306264|981327|31961060|304|03|2021|12|4.0|740.0|0.0|0.0|0.0|11109083000178|NELIA MARIA CYRINO LEAL-ME
57306265|981327|31961058|304|03|2021|12|4.0|298.0|0.0|0.0|0.0|11109083000178|NELIA MARIA CYRINO LEAL-ME
57306266|981327|31961005|304|03|2021|12|4.0|520.52|0.0|0.0|0.0|15263561000150|LAFFERDU INDUSTRIA E COM.EM FERRO FUNDIDO EIRELLI
57306159|981327|31961031|304|03|2021|12|2.0|443.3|0.0|0.0|0.0|15263561000150|LAFFERDU INDUSTRIA E COM.EM FERRO FUNDIDO EIRELLI
57306156|981327|31961017|304|03|2021|12|5.0|396.0|0.0|0.0|0.0|44829653000153|ANGOLINI & ANGOLINI LTDA
57306157|981327|31961059|304|03|2021|12|4.0|494.0|0.0|0.0|0.0|44829653000153|ANGOLINI & ANGOLINI LTDA
57306158|981327|31961055|304|03|2021|12|20.0|13.77|0.0|0.0|0.0|33915396000156|DIRETA MATERIAIS HIDRAULICOS LTDA
57306160|981327|31961077|304|03|2021|12|4.0|350.0|0.0|0.0|0.0|11109083000178|NELIA MARIA CYRINO LEAL-ME
57306161|981327|31961081|304|03|2021|12|20.0|21.77|0.0|0.0|0.0|33915396000156|DIRETA MATERIAIS HIDRAULICOS LTDA
57306162|981327|31961054|304|03|2021|12|20.0|9.2|0.0|0.0|0.0|33915396000156|DIRETA MATERIAIS HIDRAULICOS LTDA
57306163|981327|31961076|304|03|2021|12|20.0|10.77|0.0|0.0|0.0|33915396000156|DIRETA MATERIAIS HIDRAULICOS LTDA
57306164|981327|31960999|304|03|2021|12|1.0|185.9|0.0|0.0|0.0|15263561000150|LAFFERDU INDUSTRIA E COM.EM FERRO FUNDIDO EIRELLI
57306165|981327|31961036|304|03|2021|12|50.0|2.77|0.0|0.0|0.0|33915396000156|DIRETA MATERIAIS HIDRAULICOS LTDA
57306166|981325|31960897|304|03|2021|12|175.0|3.07|0.0|0.0|0.0|23314651000151|ORGANIZACAO EMY LTDA-EPP
57306167|981325|31960925|304|03|2021|12|30.0|14.83|0.0|0.0|0.0|23314651000151|ORGANIZACAO EMY LTDA-EPP
57306168|981325|31960912|304|03|2021|12|4.0|704.16|0.0|0.0|0.0|23314651000151|ORGANIZACAO EMY LTDA-EPP
57306169|981325|31960911|304|03|2021|12|60.0|19.28|0.0|0.0|0.0|23314651000151|ORGANIZACAO EMY LTDA-EPP
57306170|981325|31960928|304|03|2021|12|194.0|15.0|0.0|0.0|0.0|23314651000151|ORGANIZACAO EMY LTDA-EPP
57306171|981326|31960964|304|03|2021|12|20.0|22.2|0.0|0.0|0.0|00399411000100|OLIVEIRA & PINHEIRO MATERIAIS PARA CONST. LTDA
57306172|981326|31960978|304|03|2021|12|1.0|46.54|0.0|0.0|0.0|17926188000104|SINTAGMA ZENITE COMER.PAPELARIA E ESPORTES LTDA-ME
57306173|981326|31960976|304|03|2021|12|1.0|1371.7|0.0|0.0|0.0|17926188000104|SINTAGMA ZENITE COMER.PAPELARIA E ESPORTES LTDA-ME
57306174|981326|31960935|304|03|2021|12|13.0|15.23|0.0|0.0|0.0|17926188000104|SINTAGMA ZENITE COMER.PAPELARIA E ESPORTES LTDA-ME
57306175|981326|31960941|304|03|2021|12|3.0|17.15|0.0|0.0|0.0|00399411000100|OLIVEIRA & PINHEIRO MATERIAIS PARA CONST. LTDA
57306176|981326|31960931|304|03|2021|12|1.0|7.85|0.0|0.0|0.0|17926188000104|SINTAGMA ZENITE COMER.PAPELARIA E ESPORTES LTDA-ME
57306177|981326|31960983|304|03|2021|12|2.0|56.45|0.0|0.0|0.0|17926188000104|SINTAGMA ZENITE COMER.PAPELARIA E ESPORTES LTDA-ME
57306178|981326|31960965|304|03|2021|12|10.0|28.6|0.0|0.0|0.0|00399411000100|OLIVEIRA & PINHEIRO MATERIAIS PARA CONST. LTDA
57306179|981326|31960930|304|03|2021|12|1.0|11.9|0.0|0.0|0.0|00399411000100|OLIVEIRA & PINHEIRO MATERIAIS PARA CONST. LTDA
57306180|981327|31961070|304|03|2021|12|4.0|569.14|0.0|0.0|0.0|15263561000150|LAFFERDU INDUSTRIA E COM.EM FERRO FUNDIDO EIRELLI
57306181|981327|31961015|304|03|2021|12|3.0|525.0|0.0|0.0|0.0|44829653000153|ANGOLINI & ANGOLINI LTDA
57306182|981327|31961068|304|03|2021|12|4.0|364.65|0.0|0.0|0.0|15263561000150|LAFFERDU INDUSTRIA E COM.EM FERRO FUNDIDO EIRELLI
57306183|981327|31961075|304|03|2021|12|4.0|280.0|0.0|0.0|0.0|11109083000178|NELIA MARIA CYRINO LEAL-ME
57306184|981327|31961035|304|03|2021|12|50.0|1.85|0.0|0.0|0.0|33915396000156|DIRETA MATERIAIS HIDRAULICOS LTDA
57306185|981327|31961018|304|03|2021|12|2.0|3750.0|0.0|0.0|0.0|44829653000153|ANGOLINI & ANGOLINI LTDA
57306186|981327|31961048|304|03|2021|12|4.0|86.4|0.0|0.0|0.0|41515456000171|SANECON COMERCIO DE TUBOS E CONEXOES EIRELIME
57306187|981327|31961023|304|03|2021|12|3.0|2624.6|0.0|0.0|0.0|41515456000171|SANECON COMERCIO DE TUBOS E CONEXOES EIRELIME
57306188|981327|31960995|304|03|2021|12|2.0|1158.3|0.0|0.0|0.0|41515456000171|SANECON COMERCIO DE TUBOS E CONEXOES EIRELIME
57306189|981327|31961006|304|03|2021|12|2.0|1101.1|0.0|0.0|0.0|15263561000150|LAFFERDU INDUSTRIA E COM.EM FERRO FUNDIDO EIRELLI
57306190|981327|31961019|304|03|2021|12|4.0|676.89|0.0|0.0|0.0|41515456000171|SANECON COMERCIO DE TUBOS E CONEXOES EIRELIME
57306191|981327|31961020|304|03|2021|12|1.0|576.0|0.0|0.0|0.0|44829653000153|ANGOLINI & ANGOLINI LTDA
57306192|981327|31961007|304|03|2021|12|2.0|398.25|0.0|0.0|0.0|41515456000171|SANECON COMERCIO DE TUBOS E CONEXOES EIRELIME
57306193|981327|31961034|304|03|2021|12|50.0|1.4|0.0|0.0|0.0|33915396000156|DIRETA MATERIAIS HIDRAULICOS LTDA
57306194|981327|31961014|304|03|2021|12|2.0|398.0|0.0|0.0|0.0|44829653000153|ANGOLINI & ANGOLINI LTDA
57306195|981327|31961056|304|03|2021|12|20.0|20.77|0.0|0.0|0.0|33915396000156|DIRETA MATERIAIS HIDRAULICOS LTDA
57306196|981327|31961016|304|03|2021|12|2.0|975.98|0.0|0.0|0.0|41515456000171|SANECON COMERCIO DE TUBOS E CONEXOES EIRELIME
57306197|981327|31961071|304|03|2021|12|20.0|23.77|0.0|0.0|0.0|33915396000156|DIRETA MATERIAIS HIDRAULICOS LTDA
57306198|981325|31960926|304|03|2021|12|7.5|404.39|0.0|0.0|0.0|23314651000151|ORGANIZACAO EMY LTDA-EPP
57306199|981325|31960916|304|03|2021|12|6.0|0.26|0.0|0.0|0.0|23314651000151|ORGANIZACAO EMY LTDA-EPP
57306200|981326|31960971|304|03|2021|12|5.0|38.11|0.0|0.0|0.0|17926188000104|SINTAGMA ZENITE COMER.PAPELARIA E ESPORTES LTDA-ME
57306201|981326|31960958|304|03|2021|12|1.0|6.5|0.0|0.0|0.0|00399411000100|OLIVEIRA & PINHEIRO MATERIAIS PARA CONST. LTDA
57306202|981326|31960959|304|03|2021|12|1.0|5.1|0.0|0.0|0.0|00399411000100|OLIVEIRA & PINHEIRO MATERIAIS PARA CONST. LTDA
57306203|981326|31960973|304|03|2021|12|2.0|153.72|0.0|0.0|0.0|17926188000104|SINTAGMA ZENITE COMER.PAPELARIA E ESPORTES LTDA-ME
57306204|981326|31960955|304|03|2021|12|1.0|6.5|0.0|0.0|0.0|00399411000100|OLIVEIRA & PINHEIRO MATERIAIS PARA CONST. LTDA
57306205|981326|31960968|304|03|2021|12|3.0|135.8|0.0|0.0|0.0|00399411000100|OLIVEIRA & PINHEIRO MATERIAIS PARA CONST. LTDA
57306206|981326|31960939|304|03|2021|12|1.0|651.32|0.0|0.0|0.0|17926188000104|SINTAGMA ZENITE COMER.PAPELARIA E ESPORTES LTDA-ME
57306207|981327|31961000|304|03|2021|12|4.0|640.64|0.0|0.0|0.0|15263561000150|LAFFERDU INDUSTRIA E COM.EM FERRO FUNDIDO EIRELLI
57306208|981327|31961073|304|03|2021|12|4.0|230.0|0.0|0.0|0.0|11109083000178|NELIA MARIA CYRINO LEAL-ME
57306209|981327|31961027|304|03|2021|12|1.0|565.77|0.0|0.0|0.0|33915396000156|DIRETA MATERIAIS HIDRAULICOS LTDA
57306210|981327|31961047|304|03|2021|12|4.0|301.05|0.0|0.0|0.0|41515456000171|SANECON COMERCIO DE TUBOS E CONEXOES EIRELIME
57306211|981327|31961067|304|03|2021|12|4.0|281.71|0.0|0.0|0.0|15263561000150|LAFFERDU INDUSTRIA E COM.EM FERRO FUNDIDO EIRELLI
57306212|981327|31961002|304|03|2021|12|2.0|213.3|0.0|0.0|0.0|41515456000171|SANECON COMERCIO DE TUBOS E CONEXOES EIRELIME
57306216|981327|31961040|304|03|2021|12|2.0|630.0|0.0|0.0|0.0|11109083000178|NELIA MARIA CYRINO LEAL-ME
57306213|981327|31960992|304|03|2021|12|2.0|299.7|0.0|0.0|0.0|41515456000171|SANECON COMERCIO DE TUBOS E CONEXOES EIRELIME
57306214|981327|31961003|304|03|2021|12|2.0|415.8|0.0|0.0|0.0|41515456000171|SANECON COMERCIO DE TUBOS E CONEXOES EIRELIME
57306215|981327|31961051|304|03|2021|12|4.0|316.03|0.0|0.0|0.0|15263561000150|LAFFERDU INDUSTRIA E COM.EM FERRO FUNDIDO EIRELLI
57306217|981327|31961030|304|03|2021|12|5.0|1716.0|0.0|0.0|0.0|15263561000150|LAFFERDU INDUSTRIA E COM.EM FERRO FUNDIDO EIRELLI
57306218|981327|31961079|304|03|2021|12|20.0|14.77|0.0|0.0|0.0|33915396000156|DIRETA MATERIAIS HIDRAULICOS LTDA
57306219|981327|31961001|304|03|2021|12|3.0|900.9|0.0|0.0|0.0|15263561000150|LAFFERDU INDUSTRIA E COM.EM FERRO FUNDIDO EIRELLI
57306220|981327|31961044|304|03|2021|12|4.0|84.0|0.0|0.0|0.0|11109083000178|NELIA MARIA CYRINO LEAL-ME
57306221|981327|31961062|304|03|2021|12|2.0|1199.0|0.0|0.0|0.0|11109083000178|NELIA MARIA CYRINO LEAL-ME
57306222|981325|31960919|304|03|2021|12|12.0|23.05|0.0|0.0|0.0|23314651000151|ORGANIZACAO EMY LTDA-EPP
57306223|981325|31960917|304|03|2021|12|9.0|38.3|0.0|0.0|0.0|23314651000151|ORGANIZACAO EMY LTDA-EPP
57306224|981325|31960921|304|03|2021|12|45.0|17.72|0.0|0.0|0.0|23314651000151|ORGANIZACAO EMY LTDA-EPP
54499470|883301|28923817|304|03|2021|8|60.0|13.79|0.0|0.0|0.0|17926188000104|SINTAGMA ZENITE COMER.PAPELARIA E ESPORTES LTDA-ME
54499466|883301|28923826|304|03|2021|8|50.0|5.35|0.0|0.0|0.0|17926188000104|SINTAGMA ZENITE COMER.PAPELARIA E ESPORTES LTDA-ME
54499467|883301|28923846|304|03|2021|8|40.0|9.4|0.0|0.0|0.0|17926188000104|SINTAGMA ZENITE COMER.PAPELARIA E ESPORTES LTDA-ME
54499468|883301|28923822|304|03|2021|8|10.0|12.5|0.0|0.0|0.0|17926188000104|SINTAGMA ZENITE COMER.PAPELARIA E ESPORTES LTDA-ME
54499469|883301|28923820|304|03|2021|8|6.0|6.0|0.0|0.0|0.0|17926188000104|SINTAGMA ZENITE COMER.PAPELARIA E ESPORTES LTDA-ME
54499471|883302|28923858|304|03|2021|8|20.0|300.0|0.0|0.0|0.0|33915396000156|DIRETA MATERIAIS HIDRAULICOS LTDA
54499472|883301|28923841|304|03|2021|8|60.0|5.03|0.0|0.0|0.0|17926188000104|SINTAGMA ZENITE COMER.PAPELARIA E ESPORTES LTDA-ME
54499473|883301|28923835|304|03|2021|8|6.0|13.86|0.0|0.0|0.0|17926188000104|SINTAGMA ZENITE COMER.PAPELARIA E ESPORTES LTDA-ME
54499474|883301|28923853|304|03|2021|8|40.0|55.98|0.0|0.0|0.0|17926188000104|SINTAGMA ZENITE COMER.PAPELARIA E ESPORTES LTDA-ME
54499475|883301|28923827|304|03|2021|8|1.0|66.9|0.0|0.0|0.0|17926188000104|SINTAGMA ZENITE COMER.PAPELARIA E ESPORTES LTDA-ME
54499476|883301|28923816|304|03|2021|8|12.0|11.55|0.0|0.0|0.0|17926188000104|SINTAGMA ZENITE COMER.PAPELARIA E ESPORTES LTDA-ME
54499477|883301|28923812|304|03|2021|8|30.0|2.66|0.0|0.0|0.0|17926188000104|SINTAGMA ZENITE COMER.PAPELARIA E ESPORTES LTDA-ME
54499478|883301|28923832|304|03|2021|8|1.0|36.0|0.0|0.0|0.0|17926188000104|SINTAGMA ZENITE COMER.PAPELARIA E ESPORTES LTDA-ME
54499479|883301|28923838|304|03|2021|8|20.0|16.7|0.0|0.0|0.0|17926188000104|SINTAGMA ZENITE COMER.PAPELARIA E ESPORTES LTDA-ME
54499480|883302|28923860|304|03|2021|8|5.0|868.0|0.0|0.0|0.0|33915396000156|DIRETA MATERIAIS HIDRAULICOS LTDA
54499481|883302|28923857|304|03|2021|8|30.0|362.0|0.0|0.0|0.0|33915396000156|DIRETA MATERIAIS HIDRAULICOS LTDA
54499482|883301|28923821|304|03|2021|8|24.0|1.26|0.0|0.0|0.0|17926188000104|SINTAGMA ZENITE COMER.PAPELARIA E ESPORTES LTDA-ME
54499483|883301|28923814|304|03|2021|8|50.0|5.18|0.0|0.0|0.0|17926188000104|SINTAGMA ZENITE COMER.PAPELARIA E ESPORTES LTDA-ME
54499484|883301|28923842|304|03|2021|8|150.0|1.8|0.0|0.0|0.0|17926188000104|SINTAGMA ZENITE COMER.PAPELARIA E ESPORTES LTDA-ME
54499485|883301|28923836|304|03|2021|8|25.0|10.17|0.0|0.0|0.0|17926188000104|SINTAGMA ZENITE COMER.PAPELARIA E ESPORTES LTDA-ME
54499486|883301|28923828|304|03|2021|8|6.0|18.5|0.0|0.0|0.0|17926188000104|SINTAGMA ZENITE COMER.PAPELARIA E ESPORTES LTDA-ME
54499487|883301|28923831|304|03|2021|8|20.0|4.3|0.0|0.0|0.0|17926188000104|SINTAGMA ZENITE COMER.PAPELARIA E ESPORTES LTDA-ME
54499488|883301|28923813|304|03|2021|8|14.0|5.55|0.0|0.0|0.0|17926188000104|SINTAGMA ZENITE COMER.PAPELARIA E ESPORTES LTDA-ME
54499490|883301|28923837|304|03|2021|8|5.0|8.99|0.0|0.0|0.0|17926188000104|SINTAGMA ZENITE COMER.PAPELARIA E ESPORTES LTDA-ME
54499489|883299|28923808|304|03|2021|8|1800.0|87.5|0.0|0.0|0.0|11849606000112|MARCIO NAZARET AMARO
54499491|883301|28923823|304|03|2021|8|500.0|5.95|0.0|0.0|0.0|17926188000104|SINTAGMA ZENITE COMER.PAPELARIA E ESPORTES LTDA-ME
54499492|883301|28923847|304|03|2021|8|2.0|11.4|0.0|0.0|0.0|17926188000104|SINTAGMA ZENITE COMER.PAPELARIA E ESPORTES LTDA-ME
54499493|883301|28923818|304|03|2021|8|20.0|1.6|0.0|0.0|0.0|17926188000104|SINTAGMA ZENITE COMER.PAPELARIA E ESPORTES LTDA-ME
54499494|883301|28923844|304|03|2021|8|30.0|1.73|0.0|0.0|0.0|17926188000104|SINTAGMA ZENITE COMER.PAPELARIA E ESPORTES LTDA-ME
54499495|883300|28923810|304|03|2021|8|1800.0|86.5|0.0|0.0|0.0|11849606000112|MARCIO NAZARET AMARO
54499496|883302|28923856|304|03|2021|8|20.0|209.9|0.0|0.0|0.0|33915396000156|DIRETA MATERIAIS HIDRAULICOS LTDA
54499497|883302|28923859|304|03|2021|8|10.0|259.9|0.0|0.0|0.0|33915396000156|DIRETA MATERIAIS HIDRAULICOS LTDA
54499498|883301|28923851|304|03|2021|8|50.0|2.89|0.0|0.0|0.0|17926188000104|SINTAGMA ZENITE COMER.PAPELARIA E ESPORTES LTDA-ME
54499499|883301|28923848|304|03|2021|8|3.0|10.2|0.0|0.0|0.0|17926188000104|SINTAGMA ZENITE COMER.PAPELARIA E ESPORTES LTDA-ME
54499500|883301|28923843|304|03|2021|8|5.0|42.0|0.0|0.0|0.0|17926188000104|SINTAGMA ZENITE COMER.PAPELARIA E ESPORTES LTDA-ME
54499501|883301|28923849|304|03|2021|8|12.0|5.0|0.0|0.0|0.0|17926188000104|SINTAGMA ZENITE COMER.PAPELARIA E ESPORTES LTDA-ME
54499502|883301|28923850|304|03|2021|8|7.0|31.4|0.0|0.0|0.0|17926188000104|SINTAGMA ZENITE COMER.PAPELARIA E ESPORTES LTDA-ME
54499503|883301|28923852|304|03|2021|8|10.0|4.25|0.0|0.0|0.0|17926188000104|SINTAGMA ZENITE COMER.PAPELARIA E ESPORTES LTDA-ME
54499504|883301|28923834|304|03|2021|8|6.0|25.2|0.0|0.0|0.0|17926188000104|SINTAGMA ZENITE COMER.PAPELARIA E ESPORTES LTDA-ME
54499505|883301|28923839|304|03|2021|8|5.0|44.0|0.0|0.0|0.0|17926188000104|SINTAGMA ZENITE COMER.PAPELARIA E ESPORTES LTDA-ME
54499506|883301|28923855|304|03|2021|8|100.0|6.55|0.0|0.0|0.0|17926188000104|SINTAGMA ZENITE COMER.PAPELARIA E ESPORTES LTDA-ME
54499507|883301|28923829|304|03|2021|8|2.0|9.3|0.0|0.0|0.0|17926188000104|SINTAGMA ZENITE COMER.PAPELARIA E ESPORTES LTDA-ME
54499508|883299|28923809|304|03|2021|8|1800.0|87.5|0.0|0.0|0.0|11849606000112|MARCIO NAZARET AMARO
54499509|883301|28923825|304|03|2021|8|15.0|97.75|0.0|0.0|0.0|17926188000104|SINTAGMA ZENITE COMER.PAPELARIA E ESPORTES LTDA-ME
54499510|883301|28923830|304|03|2021|8|40.0|1.91|0.0|0.0|0.0|17926188000104|SINTAGMA ZENITE COMER.PAPELARIA E ESPORTES LTDA-ME
54499511|883301|28923833|304|03|2021|8|10.0|8.6|0.0|0.0|0.0|17926188000104|SINTAGMA ZENITE COMER.PAPELARIA E ESPORTES LTDA-ME
54499512|883301|28923815|304|03|2021|8|10.0|4.72|0.0|0.0|0.0|17926188000104|SINTAGMA ZENITE COMER.PAPELARIA E ESPORTES LTDA-ME
54499513|883301|28923811|304|03|2021|8|10.0|3.07|0.0|0.0|0.0|17926188000104|SINTAGMA ZENITE COMER.PAPELARIA E ESPORTES LTDA-ME
54499514|883301|28923840|304|03|2021|8|100.0|6.98|0.0|0.0|0.0|17926188000104|SINTAGMA ZENITE COMER.PAPELARIA E ESPORTES LTDA-ME
54499515|883301|28923845|304|03|2021|8|300.0|11.68|0.0|0.0|0.0|17926188000104|SINTAGMA ZENITE COMER.PAPELARIA E ESPORTES LTDA-ME
54499516|883301|28923854|304|03|2021|8|30.0|7.05|0.0|0.0|0.0|17926188000104|SINTAGMA ZENITE COMER.PAPELARIA E ESPORTES LTDA-ME
55011389|900939|29478318|304|03|2021|9|6.0|27.9|0.0|0.0|0.0|21151275000104|BH SOLDAS EQUIPA.DE PROTECAO INDIVIDUAL EIRELI
55011386|900940|29478331|304|03|2021|9|1.0|94.42|0.0|0.0|0.0|41719477000109|KARAIBA MATERIAIS DE CONSTRUCAO LTDA - ME
55011387|900940|29478327|304|03|2021|9|200.0|31.35|0.0|0.0|0.0|00399411000100|OLIVEIRA & PINHEIRO MATERIAIS PARA CONST. LTDA
55011388|900938|29478300|304|03|2021|9|8.0|364.8|0.0|0.0|0.0|33915396000156|DIRETA MATERIAIS HIDRAULICOS LTDA
55011390|900939|29478316|304|03|2021|9|30.0|18.0|0.0|0.0|0.0|21151275000104|BH SOLDAS EQUIPA.DE PROTECAO INDIVIDUAL EIRELI
55011391|900939|29478323|304|03|2021|9|30.0|3.34|0.0|0.0|0.0|21151275000104|BH SOLDAS EQUIPA.DE PROTECAO INDIVIDUAL EIRELI
55011392|900938|29478298|304|03|2021|9|8.0|58.38|0.0|0.0|0.0|33915396000156|DIRETA MATERIAIS HIDRAULICOS LTDA
55011393|900938|29478295|304|03|2021|9|4.0|258.25|0.0|0.0|0.0|33915396000156|DIRETA MATERIAIS HIDRAULICOS LTDA
55011394|900939|29478313|304|03|2021|9|50.0|37.13|0.0|0.0|0.0|21151275000104|BH SOLDAS EQUIPA.DE PROTECAO INDIVIDUAL EIRELI
55011395|900939|29478307|304|03|2021|9|90.0|84.98|0.0|0.0|0.0|21151275000104|BH SOLDAS EQUIPA.DE PROTECAO INDIVIDUAL EIRELI
55011396|900940|29478332|304|03|2021|9|100.0|3.5|0.0|0.0|0.0|00399411000100|OLIVEIRA & PINHEIRO MATERIAIS PARA CONST. LTDA
55011397|900940|29478324|304|03|2021|9|300.0|1.1|0.0|0.0|0.0|00399411000100|OLIVEIRA & PINHEIRO MATERIAIS PARA CONST. LTDA
55011398|900938|29478293|304|03|2021|9|20.0|24.84|0.0|0.0|0.0|33915396000156|DIRETA MATERIAIS HIDRAULICOS LTDA
55011399|900938|29478301|304|03|2021|9|8.0|507.34|0.0|0.0|0.0|33915396000156|DIRETA MATERIAIS HIDRAULICOS LTDA
55011400|900939|29478319|304|03|2021|9|10.0|9.98|0.0|0.0|0.0|21151275000104|BH SOLDAS EQUIPA.DE PROTECAO INDIVIDUAL EIRELI
55011401|900939|29478314|304|03|2021|9|40.0|137.8|0.0|0.0|0.0|21151275000104|BH SOLDAS EQUIPA.DE PROTECAO INDIVIDUAL EIRELI
55011402|900939|29478321|304|03|2021|9|30.0|97.6|0.0|0.0|0.0|21151275000104|BH SOLDAS EQUIPA.DE PROTECAO INDIVIDUAL EIRELI
55011403|900940|29478330|304|03|2021|9|5.0|171.0|0.0|0.0|0.0|00399411000100|OLIVEIRA & PINHEIRO MATERIAIS PARA CONST. LTDA
55011404|900938|29478303|304|03|2021|9|4.0|149.45|0.0|0.0|0.0|33915396000156|DIRETA MATERIAIS HIDRAULICOS LTDA
55011405|900938|29478302|304|03|2021|9|8.0|719.55|0.0|0.0|0.0|33915396000156|DIRETA MATERIAIS HIDRAULICOS LTDA
55011406|900939|29478310|304|03|2021|9|30.0|98.8|0.0|0.0|0.0|21151275000104|BH SOLDAS EQUIPA.DE PROTECAO INDIVIDUAL EIRELI
55011407|900939|29478306|304|03|2021|9|5.0|6.88|0.0|0.0|0.0|21151275000104|BH SOLDAS EQUIPA.DE PROTECAO INDIVIDUAL EIRELI
55011408|900939|29478308|304|03|2021|9|100.0|19.8|0.0|0.0|0.0|21151275000104|BH SOLDAS EQUIPA.DE PROTECAO INDIVIDUAL EIRELI
55011409|900940|29478334|304|03|2021|9|100.0|2.5|0.0|0.0|0.0|00399411000100|OLIVEIRA & PINHEIRO MATERIAIS PARA CONST. LTDA
55011410|900940|29478329|304|03|2021|9|1.0|68.0|0.0|0.0|0.0|00399411000100|OLIVEIRA & PINHEIRO MATERIAIS PARA CONST. LTDA
55011414|900940|29478333|304|03|2021|9|100.0|3.1|0.0|0.0|0.0|00399411000100|OLIVEIRA & PINHEIRO MATERIAIS PARA CONST. LTDA
55011411|900938|29478292|304|03|2021|9|1370.0|14.7|0.0|0.0|0.0|33915396000156|DIRETA MATERIAIS HIDRAULICOS LTDA
55011412|900939|29478304|304|03|2021|9|1.0|336.0|0.0|0.0|0.0|21151275000104|BH SOLDAS EQUIPA.DE PROTECAO INDIVIDUAL EIRELI
55011413|900939|29478320|304|03|2021|9|30.0|9.48|0.0|0.0|0.0|21151275000104|BH SOLDAS EQUIPA.DE PROTECAO INDIVIDUAL EIRELI
55011415|900940|29478325|304|03|2021|9|200.0|1.38|0.0|0.0|0.0|00399411000100|OLIVEIRA & PINHEIRO MATERIAIS PARA CONST. LTDA
55011416|900940|29478328|304|03|2021|9|3.0|219.0|0.0|0.0|0.0|41719477000109|KARAIBA MATERIAIS DE CONSTRUCAO LTDA - ME
55011377|900939|29478317|304|03|2021|9|1000.0|2.15|0.0|0.0|0.0|21151275000104|BH SOLDAS EQUIPA.DE PROTECAO INDIVIDUAL EIRELI
55011375|900938|29478294|304|03|2021|9|8.0|193.75|0.0|0.0|0.0|33915396000156|DIRETA MATERIAIS HIDRAULICOS LTDA
55011376|900939|29478305|304|03|2021|9|2.0|83.94|0.0|0.0|0.0|41719477000109|KARAIBA MATERIAIS DE CONSTRUCAO LTDA - ME
55011378|900938|29478296|304|03|2021|9|30.0|21.28|0.0|0.0|0.0|33915396000156|DIRETA MATERIAIS HIDRAULICOS LTDA
55011379|900938|29478297|304|03|2021|9|25.0|36.12|0.0|0.0|0.0|33915396000156|DIRETA MATERIAIS HIDRAULICOS LTDA
55011380|900939|29478322|304|03|2021|9|10.0|1.18|0.0|0.0|0.0|21151275000104|BH SOLDAS EQUIPA.DE PROTECAO INDIVIDUAL EIRELI
55011381|900940|29478326|304|03|2021|9|30.0|33.9|0.0|0.0|0.0|00399411000100|OLIVEIRA & PINHEIRO MATERIAIS PARA CONST. LTDA
55011382|900938|29478299|304|03|2021|9|10.0|117.38|0.0|0.0|0.0|33915396000156|DIRETA MATERIAIS HIDRAULICOS LTDA
55011383|900939|29478315|304|03|2021|9|15.0|59.8|0.0|0.0|0.0|21151275000104|BH SOLDAS EQUIPA.DE PROTECAO INDIVIDUAL EIRELI
55011384|900939|29478312|304|03|2021|9|20.0|3.98|0.0|0.0|0.0|21151275000104|BH SOLDAS EQUIPA.DE PROTECAO INDIVIDUAL EIRELI
55011385|900939|29478309|304|03|2021|9|100.0|16.8|0.0|0.0|0.0|21151275000104|BH SOLDAS EQUIPA.DE PROTECAO INDIVIDUAL EIRELI
55865857|930352|30406407|303|02|2021|12|1.0|940.0|0.0|0.0|0.0|71181184000181|DÁRIO HUMBERTO DE MELO CASTROME
55865856|930354|30406411|303|02|2021|12|500.0|70.0|0.0|0.0|0.0|02129036000103|IGAR COMERCIO E SERVICOS LTDA ME
55865858|930352|30406405|303|02|2021|12|2.0|670.0|0.0|0.0|0.0|71181184000181|DÁRIO HUMBERTO DE MELO CASTROME
55865859|930356|30406435|303|02|2021|12|230.0|5.4|0.0|0.0|0.0|10803557000114|FORTE COMERCIO DE ALIMENTOS LTDA
55865860|930356|30406433|303|02|2021|12|200.0|5.76|0.0|0.0|0.0|10803557000114|FORTE COMERCIO DE ALIMENTOS LTDA
55865861|930356|30406434|303|02|2021|12|230.0|5.4|0.0|0.0|0.0|10803557000114|FORTE COMERCIO DE ALIMENTOS LTDA
55865863|930356|30406417|303|02|2021|12|8140.0|16.2|0.0|0.0|0.0|66476052000147|AMAZÔNIA INDÚSTRIA E COMÉRCIO LTDA
55865864|930356|30406482|303|02|2021|12|2600.0|3.3|0.0|0.0|0.0|17926188000104|SINTAGMA ZENITE COMERCIO EIRELI
55865865|930356|30406503|303|02|2021|12|50.0|5.21|0.0|0.0|0.0|17926188000104|SINTAGMA ZENITE COMERCIO EIRELI
55865866|930356|30406431|303|02|2021|12|15950.0|10.18|0.0|0.0|0.0|10803557000114|FORTE COMERCIO DE ALIMENTOS LTDA
55865867|930356|30406456|303|02|2021|12|1480.0|6.99|0.0|0.0|0.0|22430763000105|L&T PADARIA E TRANSPORTES LTDA ME
55865868|930356|30406416|303|02|2021|12|4000.0|18.82|0.0|0.0|0.0|66476052000147|AMAZÔNIA INDÚSTRIA E COMÉRCIO LTDA
55865871|930352|30406402|303|02|2021|12|1.0|5745.0|0.0|0.0|0.0|71181184000181|DÁRIO HUMBERTO DE MELO CASTROME
55865872|930355|30406412|303|02|2021|12|2500.0|84.9|0.0|0.0|0.0|21467701000105|SUPER CESTA BÁSICA DE ALIMENTOS EIRELI
55865873|930356|30406510|303|02|2021|12|500.0|4.8|0.0|0.0|0.0|10803557000114|FORTE COMERCIO DE ALIMENTOS LTDA
55865874|930356|30406424|303|02|2021|12|105.0|33.8|0.0|0.0|0.0|17926188000104|SINTAGMA ZENITE COMERCIO EIRELI
55865875|930356|30406477|303|02|2021|12|1620.0|3.28|0.0|0.0|0.0|40464205000142|EMARTINS ATACADISTA LTDA
55865862|930356|30406463|303|02|2021|12|460.0|20.24|0.0|0.0|0.0|40464205000142|EMARTINS ATACADISTA LTDA
55865869|930356|30406516|303|02|2021|12|480.0|2.86|0.0|0.0|0.0|40464205000142|EMARTINS ATACADISTA LTDA
55865870|930356|30406457|303|02|2021|12|1500.0|2.49|0.0|0.0|0.0|40464205000142|EMARTINS ATACADISTA LTDA
55865876|930356|30406496|303|02|2021|12|1000.0|3.59|0.0|0.0|0.0|40464205000142|EMARTINS ATACADISTA LTDA
55865877|930356|30406485|303|02|2021|12|1080.0|2.27|0.0|0.0|0.0|40464205000142|EMARTINS ATACADISTA LTDA
55865878|930356|30406488|303|02|2021|12|1100.0|3.12|0.0|0.0|0.0|10803557000114|FORTE COMERCIO DE ALIMENTOS LTDA
55865879|930356|30406459|303|02|2021|12|1710.0|17.64|0.0|0.0|0.0|10803557000114|FORTE COMERCIO DE ALIMENTOS LTDA
55865880|930356|30406455|303|02|2021|12|1000.0|3.44|0.0|0.0|0.0|40464205000142|EMARTINS ATACADISTA LTDA
55865881|930356|30406481|303|02|2021|12|100.0|2.37|0.0|0.0|0.0|40464205000142|EMARTINS ATACADISTA LTDA
55865882|930356|30406480|303|02|2021|12|4180.0|8.25|0.0|0.0|0.0|40464205000142|EMARTINS ATACADISTA LTDA
55865883|930356|30406454|303|02|2021|12|240.0|21.23|0.0|0.0|0.0|17926188000104|SINTAGMA ZENITE COMERCIO EIRELI
55865884|930356|30406484|303|02|2021|12|40.0|26.49|0.0|0.0|0.0|17926188000104|SINTAGMA ZENITE COMERCIO EIRELI
55865885|930356|30406483|303|02|2021|12|680.0|6.64|0.0|0.0|0.0|17926188000104|SINTAGMA ZENITE COMERCIO EIRELI
55865886|930356|30406450|303|02|2021|12|2000.0|14.9|0.0|0.0|0.0|00611162000166|FRUTO DE MINAS INDUSTRIA E COMERCIO LTDA
55865887|930356|30406487|303|02|2021|12|2300.0|2.69|0.0|0.0|0.0|40464205000142|EMARTINS ATACADISTA LTDA
55865889|930354|30406410|303|02|2021|12|500.0|70.0|0.0|0.0|0.0|02129036000103|IGAR COMERCIO E SERVICOS LTDA ME
55865890|930356|30406464|303|02|2021|12|5200.0|13.0|0.0|0.0|0.0|22430763000105|L&T PADARIA E TRANSPORTES LTDA ME
55865891|930356|30406471|303|02|2021|12|1420.0|2.86|0.0|0.0|0.0|40464205000142|EMARTINS ATACADISTA LTDA
55865892|930356|30406465|303|02|2021|12|300.0|6.9|0.0|0.0|0.0|22430763000105|L&T PADARIA E TRANSPORTES LTDA ME
55865893|930356|30406419|303|02|2021|12|6340.0|37.8|0.0|0.0|0.0|33131856000155|BEEFALLO CARNES DO BRASIL EIRELI
55865894|930356|30406418|303|02|2021|12|5240.0|37.8|0.0|0.0|0.0|33131856000155|BEEFALLO CARNES DO BRASIL EIRELI
55865895|930356|30406470|303|02|2021|12|2000.0|8.36|0.0|0.0|0.0|10803557000114|FORTE COMERCIO DE ALIMENTOS LTDA
55865896|930356|30406444|303|02|2021|12|2000.0|9.9|0.0|0.0|0.0|00611162000166|FRUTO DE MINAS INDUSTRIA E COMERCIO LTDA
55865897|930356|30406479|303|02|2021|12|1730.0|7.8|0.0|0.0|0.0|10803557000114|FORTE COMERCIO DE ALIMENTOS LTDA
55865898|930356|30406519|303|02|2021|12|4970.0|20.4|0.0|0.0|0.0|10803557000114|FORTE COMERCIO DE ALIMENTOS LTDA
55865899|930356|30406497|303|02|2021|12|100.0|12.02|0.0|0.0|0.0|17926188000104|SINTAGMA ZENITE COMERCIO EIRELI
55865900|930356|30406448|303|02|2021|12|800.0|8.9|0.0|0.0|0.0|00611162000166|FRUTO DE MINAS INDUSTRIA E COMERCIO LTDA
55865901|930356|30406492|303|02|2021|12|3000.0|25.5|0.0|0.0|0.0|10803557000114|FORTE COMERCIO DE ALIMENTOS LTDA
55865902|930356|30406502|303|02|2021|12|1560.0|8.58|0.0|0.0|0.0|17926188000104|SINTAGMA ZENITE COMERCIO EIRELI
55865903|930352|30406406|303|02|2021|12|2.0|419.0|0.0|0.0|0.0|71181184000181|DÁRIO HUMBERTO DE MELO CASTROME
55865904|930356|30406517|303|02|2021|12|480.0|3.36|0.0|0.0|0.0|10803557000114|FORTE COMERCIO DE ALIMENTOS LTDA
55865905|930356|30406447|303|02|2021|12|500.0|9.9|0.0|0.0|0.0|00611162000166|FRUTO DE MINAS INDUSTRIA E COMERCIO LTDA
55865906|930356|30406499|303|02|2021|12|50.0|2.53|0.0|0.0|0.0|40464205000142|EMARTINS ATACADISTA LTDA
55865907|930356|30406524|303|02|2021|12|2000.0|8.28|0.0|0.0|0.0|10803557000114|FORTE COMERCIO DE ALIMENTOS LTDA
55865908|930356|30406518|303|02|2021|12|480.0|2.86|0.0|0.0|0.0|40464205000142|EMARTINS ATACADISTA LTDA
55865909|930356|30406505|303|02|2021|12|360.0|11.4|0.0|0.0|0.0|10803557000114|FORTE COMERCIO DE ALIMENTOS LTDA
55865910|930356|30406445|303|02|2021|12|1500.0|8.9|0.0|0.0|0.0|00611162000166|FRUTO DE MINAS INDUSTRIA E COMERCIO LTDA
55865911|930356|30406523|303|02|2021|12|500.0|6.64|0.0|0.0|0.0|17926188000104|SINTAGMA ZENITE COMERCIO EIRELI
55865912|930358|30406529|303|02|2021|12|1250.0|77.6|0.0|0.0|0.0|17926188000104|SINTAGMA ZENITE COMERCIO EIRELI
55865913|930354|30406409|303|02|2021|12|3600.0|172.0|0.0|0.0|0.0|02129036000103|IGAR COMERCIO E SERVICOS LTDA ME
55865914|930355|30406413|303|02|2021|12|2500.0|99.8|0.0|0.0|0.0|17270476000145|CNA MULTIFORMATO E LOGISTICA LTDA ME
55865915|930356|30406515|303|02|2021|12|3480.0|2.47|0.0|0.0|0.0|40464205000142|EMARTINS ATACADISTA LTDA
55865916|930356|30406420|303|02|2021|12|3840.0|31.75|0.0|0.0|0.0|33131856000155|BEEFALLO CARNES DO BRASIL EIRELI
55865917|930356|30406490|303|02|2021|12|1600.0|0.85|0.0|0.0|0.0|40464205000142|EMARTINS ATACADISTA LTDA
55865918|930356|30406474|303|02|2021|12|2120.0|3.24|0.0|0.0|0.0|10803557000114|FORTE COMERCIO DE ALIMENTOS LTDA
55865919|930356|30406500|303|02|2021|12|500.0|24.0|0.0|0.0|0.0|10803557000114|FORTE COMERCIO DE ALIMENTOS LTDA
55865920|930356|30406421|303|02|2021|12|3440.0|39.8|0.0|0.0|0.0|33131856000155|BEEFALLO CARNES DO BRASIL EIRELI
55865921|930356|30406468|303|02|2021|12|5900.0|6.36|0.0|0.0|0.0|10803557000114|FORTE COMERCIO DE ALIMENTOS LTDA
55865922|930356|30406439|303|02|2021|12|750.0|2.75|0.0|0.0|0.0|40464205000142|EMARTINS ATACADISTA LTDA
55865923|930356|30406466|303|02|2021|12|6100.0|13.8|0.0|0.0|0.0|22430763000105|L&T PADARIA E TRANSPORTES LTDA ME
55865924|930356|30406460|303|02|2021|12|1710.0|17.64|0.0|0.0|0.0|10803557000114|FORTE COMERCIO DE ALIMENTOS LTDA
55865928|930356|30406443|303|02|2021|12|3000.0|9.9|0.0|0.0|0.0|00611162000166|FRUTO DE MINAS INDUSTRIA E COMERCIO LTDA
55865888|930353|30406408|303|02|2021|12|12.0|25000.0|0.0|0.0|0.0|21822225000101|ARGUS TECNOLOGIA DA INFORMACAO LTDA
55865925|930357|30406528|303|02|2021|12|1.0|113624.62|0.0|0.0|0.0|13260473000170|LAFE ENGENHARIA E CONSULTORIA LTDA ME
55865926|930352|30406400|303|02|2021|12|1.0|4800.0|0.0|0.0|0.0|17926188000104|SINTAGMA ZENITE COMERCIO EIRELI
55865927|930352|30406404|303|02|2021|12|4.0|259.0|0.0|0.0|0.0|71181184000181|DÁRIO HUMBERTO DE MELO CASTROME
55865929|930356|30406508|303|02|2021|12|200.0|24.74|0.0|0.0|0.0|17926188000104|SINTAGMA ZENITE COMERCIO EIRELI
55865930|930356|30406495|303|02|2021|12|1000.0|79.9|0.0|0.0|0.0|40464205000142|EMARTINS ATACADISTA LTDA
55865931|930356|30406446|303|02|2021|12|1500.0|8.9|0.0|0.0|0.0|00611162000166|FRUTO DE MINAS INDUSTRIA E COMERCIO LTDA
55865932|930356|30406476|303|02|2021|12|1480.0|3.07|0.0|0.0|0.0|40464205000142|EMARTINS ATACADISTA LTDA
55865933|930356|30406494|303|02|2021|12|1000.0|2.64|0.0|0.0|0.0|10803557000114|FORTE COMERCIO DE ALIMENTOS LTDA
55865934|930356|30406504|303|02|2021|12|700.0|2.53|0.0|0.0|0.0|40464205000142|EMARTINS ATACADISTA LTDA
55865935|930356|30406415|303|02|2021|12|16420.0|15.59|0.0|0.0|0.0|40464205000142|EMARTINS ATACADISTA LTDA
55865936|930356|30406449|303|02|2021|12|1500.0|8.9|0.0|0.0|0.0|00611162000166|FRUTO DE MINAS INDUSTRIA E COMERCIO LTDA
55865937|930356|30406452|303|02|2021|12|200.0|16.8|0.0|0.0|0.0|10803557000114|FORTE COMERCIO DE ALIMENTOS LTDA
55865938|930356|30406423|303|02|2021|12|5740.0|24.8|0.0|0.0|0.0|33131856000155|BEEFALLO CARNES DO BRASIL EIRELI
55865939|930356|30406438|303|02|2021|12|750.0|1.98|0.0|0.0|0.0|40464205000142|EMARTINS ATACADISTA LTDA
55865940|930352|30406403|303|02|2021|12|1.0|990.0|0.0|0.0|0.0|71181184000181|DÁRIO HUMBERTO DE MELO CASTROME
55865941|930352|30406401|303|02|2021|12|1.0|2689.0|0.0|0.0|0.0|17926188000104|SINTAGMA ZENITE COMERCIO EIRELI
55865942|930356|30406512|303|02|2021|12|580.0|12.05|0.0|0.0|0.0|40464205000142|EMARTINS ATACADISTA LTDA
55865943|930356|30406451|303|02|2021|12|2000.0|11.9|0.0|0.0|0.0|00611162000166|FRUTO DE MINAS INDUSTRIA E COMERCIO LTDA
55865944|930356|30406522|303|02|2021|12|1500.0|14.9|0.0|0.0|0.0|00611162000166|FRUTO DE MINAS INDUSTRIA E COMERCIO LTDA
55865945|930356|30406426|303|02|2021|12|460.0|14.75|0.0|0.0|0.0|33131856000155|BEEFALLO CARNES DO BRASIL EIRELI
55865946|930356|30406475|303|02|2021|12|920.0|3.12|0.0|0.0|0.0|10803557000114|FORTE COMERCIO DE ALIMENTOS LTDA
55865947|930356|30406422|303|02|2021|12|3440.0|24.75|0.0|0.0|0.0|33131856000155|BEEFALLO CARNES DO BRASIL EIRELI
55865948|930356|30406467|303|02|2021|12|460.0|2.52|0.0|0.0|0.0|10803557000114|FORTE COMERCIO DE ALIMENTOS LTDA
55865949|930356|30406425|303|02|2021|12|105.0|45.1|0.0|0.0|0.0|17926188000104|SINTAGMA ZENITE COMERCIO EIRELI
55865950|930356|30406473|303|02|2021|12|300.0|4.73|0.0|0.0|0.0|40464205000142|EMARTINS ATACADISTA LTDA
55865951|930356|30406472|303|02|2021|12|350.0|3.19|0.0|0.0|0.0|40464205000142|EMARTINS ATACADISTA LTDA
55865952|930356|30406430|303|02|2021|12|12030.0|10.52|0.0|0.0|0.0|40464205000142|EMARTINS ATACADISTA LTDA
55865953|930356|30406525|303|02|2021|12|800.0|24.0|0.0|0.0|0.0|10803557000114|FORTE COMERCIO DE ALIMENTOS LTDA
55865954|930356|30406509|303|02|2021|12|1000.0|37.2|0.0|0.0|0.0|40021146000138|LEONE & COLDIBELLI COMERCIO E DISTRIBUICAO DE PRODUTOS NUTRICIONAIS LTDA
55865849|930356|30406478|303|02|2021|12|790.0|5.28|0.0|0.0|0.0|40464205000142|EMARTINS ATACADISTA LTDA
55865847|930356|30406520|303|02|2021|12|40.0|35.0|0.0|0.0|0.0|22430763000105|L&T PADARIA E TRANSPORTES LTDA ME
55865848|930356|30406527|303|02|2021|12|30.0|49.9|0.0|0.0|0.0|17926188000104|SINTAGMA ZENITE COMERCIO EIRELI
55865850|930356|30406491|303|02|2021|12|900.0|5.28|0.0|0.0|0.0|40464205000142|EMARTINS ATACADISTA LTDA
55865851|930356|30406511|303|02|2021|12|600.0|3.52|0.0|0.0|0.0|40464205000142|EMARTINS ATACADISTA LTDA
55865852|930356|30406458|303|02|2021|12|2480.0|2.49|0.0|0.0|0.0|40464205000142|EMARTINS ATACADISTA LTDA
55865853|930356|30406414|303|02|2021|12|500.0|8.65|0.0|0.0|0.0|10803557000114|FORTE COMERCIO DE ALIMENTOS LTDA
55865854|930356|30406441|303|02|2021|12|100.0|6.6|0.0|0.0|0.0|10803557000114|FORTE COMERCIO DE ALIMENTOS LTDA
55865855|930356|30406469|303|02|2021|12|2000.0|7.56|0.0|0.0|0.0|10803557000114|FORTE COMERCIO DE ALIMENTOS LTDA
53247735|846542|27579793|303|02|2021|3|500.0|2.2|0.0|0.0|0.0|27701484000152|LUDMYLLA MATIAS DI IORIO ME
53247732|846542|27579788|303|02|2021|3|150.0|29.97|0.0|0.0|0.0|27701484000152|LUDMYLLA MATIAS DI IORIO ME
53247733|846542|27579818|303|02|2021|3|120.0|350.0|0.0|0.0|0.0|34155009000193|CARLOS HENRIQUE DA SILVA COSTA
53247734|846542|27579829|303|02|2021|3|125.0|1130.0|0.0|0.0|0.0|27701484000152|LUDMYLLA MATIAS DI IORIO ME
53247736|846542|27579800|303|02|2021|3|830.0|15.8|0.0|0.0|0.0|34155009000193|CARLOS HENRIQUE DA SILVA COSTA
53247737|846542|27579849|303|02|2021|3|10.0|600.0|0.0|0.0|0.0|27701484000152|LUDMYLLA MATIAS DI IORIO ME
53247738|846542|27579830|303|02|2021|3|10.0|62.25|0.0|0.0|0.0|21151275000104|BH SOLDAS EQUIPAMENTOS DE PROTECAO INDIVIDUAL EIRELIME
53247739|846542|27579811|303|02|2021|3|100.0|2.7|0.0|0.0|0.0|27701484000152|LUDMYLLA MATIAS DI IORIO ME
53247740|846542|27579803|303|02|2021|3|30.0|300.0|0.0|0.0|0.0|27701484000152|LUDMYLLA MATIAS DI IORIO ME
53247741|846542|27579804|303|02|2021|3|480.0|32.0|0.0|0.0|0.0|65186835000123|DISTRIBUIDORA IRMAOS SANTANA LTDAEPP
53247742|846542|27579827|303|02|2021|3|55.0|21.5|0.0|0.0|0.0|27701484000152|LUDMYLLA MATIAS DI IORIO ME
53247743|846542|27579787|303|02|2021|3|260.0|29.0|0.0|0.0|0.0|27701484000152|LUDMYLLA MATIAS DI IORIO ME
53247744|846542|27579792|303|02|2021|3|1250.0|17.5|0.0|0.0|0.0|65186835000123|DISTRIBUIDORA IRMAOS SANTANA LTDAEPP
53247746|846542|27579843|303|02|2021|3|20.0|7.59|0.0|0.0|0.0|06176619000138|SM SEGURANCA BELO HORIZONTE LTDA
53247747|846542|27579833|303|02|2021|3|10.0|120.0|0.0|0.0|0.0|27701484000152|LUDMYLLA MATIAS DI IORIO ME
53247748|846542|27579828|303|02|2021|3|2000.0|96.0|0.0|0.0|0.0|65186835000123|DISTRIBUIDORA IRMAOS SANTANA LTDAEPP
53247749|846542|27579848|303|02|2021|3|10.0|165.0|0.0|0.0|0.0|27701484000152|LUDMYLLA MATIAS DI IORIO ME
53247750|846542|27579806|303|02|2021|3|30.0|215.0|0.0|0.0|0.0|27701484000152|LUDMYLLA MATIAS DI IORIO ME
53247751|846542|27579817|303|02|2021|3|3400.0|28.0|0.0|0.0|0.0|21151275000104|BH SOLDAS EQUIPAMENTOS DE PROTECAO INDIVIDUAL EIRELIME
53247752|846542|27579832|303|02|2021|3|10.0|77.8|0.0|0.0|0.0|21151275000104|BH SOLDAS EQUIPAMENTOS DE PROTECAO INDIVIDUAL EIRELIME
53247753|846542|27579816|303|02|2021|3|30.0|320.0|0.0|0.0|0.0|27701484000152|LUDMYLLA MATIAS DI IORIO ME
53247754|846542|27579839|303|02|2021|3|5.0|230.0|0.0|0.0|0.0|21151275000104|BH SOLDAS EQUIPAMENTOS DE PROTECAO INDIVIDUAL EIRELIME
53247755|846542|27579831|303|02|2021|3|80.0|19.0|0.0|0.0|0.0|21151275000104|BH SOLDAS EQUIPAMENTOS DE PROTECAO INDIVIDUAL EIRELIME
53247756|846542|27579814|303|02|2021|3|680.0|11.1|0.0|0.0|0.0|21151275000104|BH SOLDAS EQUIPAMENTOS DE PROTECAO INDIVIDUAL EIRELIME
53247758|846542|27579809|303|02|2021|3|60.0|34.6|0.0|0.0|0.0|21151275000104|BH SOLDAS EQUIPAMENTOS DE PROTECAO INDIVIDUAL EIRELIME
53247759|846542|27579844|303|02|2021|3|5.0|140.0|0.0|0.0|0.0|27701484000152|LUDMYLLA MATIAS DI IORIO ME
53247760|846542|27579810|303|02|2021|3|360.0|8.0|0.0|0.0|0.0|34155009000193|CARLOS HENRIQUE DA SILVA COSTA
53247761|846542|27579842|303|02|2021|3|5.0|17.0|0.0|0.0|0.0|27701484000152|LUDMYLLA MATIAS DI IORIO ME
53247763|846542|27579815|303|02|2021|3|100.0|12.0|0.0|0.0|0.0|34155009000193|CARLOS HENRIQUE DA SILVA COSTA
53247764|846542|27579785|303|02|2021|3|400.0|6.78|0.0|0.0|0.0|34155009000193|CARLOS HENRIQUE DA SILVA COSTA
53247765|846542|27579789|303|02|2021|3|20.0|58.0|0.0|0.0|0.0|34155009000193|CARLOS HENRIQUE DA SILVA COSTA
53247766|846542|27579813|303|02|2021|3|160.0|9.2|0.0|0.0|0.0|27701484000152|LUDMYLLA MATIAS DI IORIO ME
53247767|846542|27579851|303|02|2021|3|2950.0|7.3|0.0|0.0|0.0|21151275000104|BH SOLDAS EQUIPAMENTOS DE PROTECAO INDIVIDUAL EIRELIME
53247768|846542|27579798|303|02|2021|3|5.0|148.0|0.0|0.0|0.0|21151275000104|BH SOLDAS EQUIPAMENTOS DE PROTECAO INDIVIDUAL EIRELIME
53247770|846542|27579807|303|02|2021|3|360.0|13.0|0.0|0.0|0.0|27701484000152|LUDMYLLA MATIAS DI IORIO ME
53247771|846542|27579808|303|02|2021|3|40.0|22.0|0.0|0.0|0.0|21151275000104|BH SOLDAS EQUIPAMENTOS DE PROTECAO INDIVIDUAL EIRELIME
53247772|846542|27579802|303|02|2021|3|500.0|13.0|0.0|0.0|0.0|06176619000138|SM SEGURANCA BELO HORIZONTE LTDA
53247773|846542|27579846|303|02|2021|3|500.0|1.9|0.0|0.0|0.0|06176619000138|SM SEGURANCA BELO HORIZONTE LTDA
53247774|846542|27579835|303|02|2021|3|10.0|34.0|0.0|0.0|0.0|27701484000152|LUDMYLLA MATIAS DI IORIO ME
53247775|846542|27579786|303|02|2021|3|200.0|14.9|0.0|0.0|0.0|21856981000143|WTRADE INTERMEDIACAO DE NEGOCIOS LTDAME
53247757|846542|27579795|303|02|2021|3|65.0|25.9|0.0|0.0|0.0|21856981000143|WTRADE INTERMEDIACAO DE NEGOCIOS LTDAME
53247762|846542|27579797|303|02|2021|3|950.0|35.9|0.0|0.0|0.0|21856981000143|WTRADE INTERMEDIACAO DE NEGOCIOS LTDAME
53247769|846542|27579799|303|02|2021|3|1360.0|15.9|0.0|0.0|0.0|21856981000143|WTRADE INTERMEDIACAO DE NEGOCIOS LTDAME
53247776|846542|27579837|303|02|2021|3|5.0|115.0|0.0|0.0|0.0|27701484000152|LUDMYLLA MATIAS DI IORIO ME
53247777|846542|27579794|303|02|2021|3|30.0|23.8|0.0|0.0|0.0|21151275000104|BH SOLDAS EQUIPAMENTOS DE PROTECAO INDIVIDUAL EIRELIME
53247778|846542|27579796|303|02|2021|3|40.0|13.0|0.0|0.0|0.0|27701484000152|LUDMYLLA MATIAS DI IORIO ME
53247782|846542|27579838|303|02|2021|3|10.0|12.95|0.0|0.0|0.0|21856981000143|WTRADE INTERMEDIACAO DE NEGOCIOS LTDAME
53247779|846542|27579841|303|02|2021|3|50.0|4.2|0.0|0.0|0.0|06176619000138|SM SEGURANCA BELO HORIZONTE LTDA
53247780|846541|27579784|303|02|2021|3|126166.0|1.0|0.0|0.0|0.0|29011200000121|GMS CONSTRUCOES LTDA
53247781|846542|27579825|303|02|2021|3|10.0|16.0|0.0|0.0|0.0|27701484000152|LUDMYLLA MATIAS DI IORIO ME
53247783|846542|27579812|303|02|2021|3|60.0|6.29|0.0|0.0|0.0|06176619000138|SM SEGURANCA BELO HORIZONTE LTDA
53247784|846542|27579821|303|02|2021|3|160.0|0.85|0.0|0.0|0.0|27701484000152|LUDMYLLA MATIAS DI IORIO ME
53247785|846542|27579790|303|02|2021|3|250.0|53.0|0.0|0.0|0.0|21151275000104|BH SOLDAS EQUIPAMENTOS DE PROTECAO INDIVIDUAL EIRELIME
53247786|846542|27579836|303|02|2021|3|5.0|125.0|0.0|0.0|0.0|21151275000104|BH SOLDAS EQUIPAMENTOS DE PROTECAO INDIVIDUAL EIRELIME
53247787|846542|27579824|303|02|2021|3|210.0|47.0|0.0|0.0|0.0|27701484000152|LUDMYLLA MATIAS DI IORIO ME
53247788|846542|27579823|303|02|2021|3|100.0|320.0|0.0|0.0|0.0|21151275000104|BH SOLDAS EQUIPAMENTOS DE PROTECAO INDIVIDUAL EIRELIME
53247789|846542|27579801|303|02|2021|3|1550.0|2.78|0.0|0.0|0.0|65186835000123|DISTRIBUIDORA IRMAOS SANTANA LTDAEPP
53247790|846542|27579834|303|02|2021|3|20.0|6.92|0.0|0.0|0.0|21151275000104|BH SOLDAS EQUIPAMENTOS DE PROTECAO INDIVIDUAL EIRELIME
53247791|846542|27579845|303|02|2021|3|10.0|3.65|0.0|0.0|0.0|21151275000104|BH SOLDAS EQUIPAMENTOS DE PROTECAO INDIVIDUAL EIRELIME
53247795|846542|27579791|303|02|2021|3|130.0|35.6|0.0|0.0|0.0|21151275000104|BH SOLDAS EQUIPAMENTOS DE PROTECAO INDIVIDUAL EIRELIME
53247792|846542|27579840|303|02|2021|3|500.0|12.0|0.0|0.0|0.0|34155009000193|CARLOS HENRIQUE DA SILVA COSTA
53247793|846542|27579826|303|02|2021|3|100.0|12.0|0.0|0.0|0.0|27701484000152|LUDMYLLA MATIAS DI IORIO ME
53247794|846542|27579819|303|02|2021|3|650.0|2.9|0.0|0.0|0.0|27701484000152|LUDMYLLA MATIAS DI IORIO ME
53247796|846542|27579822|303|02|2021|3|300.0|1.55|0.0|0.0|0.0|27701484000152|LUDMYLLA MATIAS DI IORIO ME
53247797|846542|27579820|303|02|2021|3|210.0|7.0|0.0|0.0|0.0|21151275000104|BH SOLDAS EQUIPAMENTOS DE PROTECAO INDIVIDUAL EIRELIME
53247798|846542|27579847|303|02|2021|3|10.0|40.6|0.0|0.0|0.0|06176619000138|SM SEGURANCA BELO HORIZONTE LTDA
53247799|846542|27579850|303|02|2021|3|1000.0|43.9|0.0|0.0|0.0|65186835000123|DISTRIBUIDORA IRMAOS SANTANA LTDAEPP
53247800|846542|27579805|303|02|2021|3|560.0|35.9|0.0|0.0|0.0|21856981000143|WTRADE INTERMEDIACAO DE NEGOCIOS LTDAME
54115656|871990|28510273|303|02|2021|7|1.0|66500.0|0.0|0.0|0.0|17171612000735|CARBEL SA
53247801|846544|27579853|303|02|2021|4|10900.0|76.92|0.0|0.0|0.0|30019425000103|COMERCIAL CARIACICA MULTIMODAL LTDA
54115654|871990|28510272|303|02|2021|7|1.0|63800.0|0.0|0.0|0.0|02918639000186|BELCAR VEÍCULOS LTDA
54115655|871989|28510271|303|02|2021|7|101.0|149.0|0.0|0.0|0.0|38444242000147|COMERCIAL UAI TOTEM EIRELI
53645562|857916|28006181|304|03|2021|6|2.0|3480.0|0.0|0.0|0.0|44829653000153|ANGOLINI & ANGOLINI LTDA
53645561|857914|28006170|304|03|2021|6|0.0|0.0|0.0|0.0|1080.0|04898233000104|ALPHAMEC LTDA
53645563|857914|28006175|304|03|2021|6|0.0|0.0|0.0|0.0|2640.0|04898233000104|ALPHAMEC LTDA
53645564|857917|28006189|304|03|2021|6|150.0|98.79|0.0|0.0|0.0|02628117000140|JARBAS SEBASTIAO DOS REIS-ME
53645565|857914|28006173|304|03|2021|6|0.0|0.0|0.0|0.0|12225.0|04898233000104|ALPHAMEC LTDA
53645566|857916|28006183|304|03|2021|6|1.0|2976.0|0.0|0.0|0.0|44829653000153|ANGOLINI & ANGOLINI LTDA
53645567|857915|28006180|304|03|2021|6|900.0|75.0|0.0|0.0|0.0|09655998000137|METALSAF INDUSTRIA E COMERCIAO LTDA
53645568|857914|28006176|304|03|2021|6|0.0|0.0|0.0|0.0|3600.0|04898233000104|ALPHAMEC LTDA
53645569|857914|28006177|304|03|2021|6|0.0|0.0|0.0|0.0|1980.0|04898233000104|ALPHAMEC LTDA
53645570|857916|28006182|304|03|2021|6|1.0|6636.0|0.0|0.0|0.0|44829653000153|ANGOLINI & ANGOLINI LTDA
53645571|857917|28006197|304|03|2021|6|50.0|126.59|0.0|0.0|0.0|02628117000140|JARBAS SEBASTIAO DOS REIS-ME
53645572|857917|28006191|304|03|2021|6|10.0|126.59|0.0|0.0|0.0|02628117000140|JARBAS SEBASTIAO DOS REIS-ME
53645573|857914|28006174|304|03|2021|6|0.0|0.0|0.0|0.0|31050.0|04898233000104|ALPHAMEC LTDA
53645574|857914|28006168|304|03|2021|6|0.0|0.0|0.0|0.0|2160.0|04898233000104|ALPHAMEC LTDA
53645575|857914|28006179|304|03|2021|6|0.0|0.0|0.0|0.0|4275.0|04898233000104|ALPHAMEC LTDA
53645576|857914|28006172|304|03|2021|6|0.0|0.0|0.0|0.0|13500.0|04898233000104|ALPHAMEC LTDA
53645577|857917|28006194|304|03|2021|6|100.0|97.79|0.0|0.0|0.0|02628117000140|JARBAS SEBASTIAO DOS REIS-ME
53645578|857917|28006192|304|03|2021|6|150.0|110.0|0.0|0.0|0.0|12647709000162|FABIANO PAULO LAUDATE - ME.
53645579|857917|28006196|304|03|2021|6|34.0|126.59|0.0|0.0|0.0|02628117000140|JARBAS SEBASTIAO DOS REIS-ME
53645580|857914|28006178|304|03|2021|6|0.0|0.0|0.0|0.0|30600.0|04898233000104|ALPHAMEC LTDA
53645581|857914|28006171|304|03|2021|6|0.0|0.0|0.0|0.0|20430.0|04898233000104|ALPHAMEC LTDA
53645582|857916|28006187|304|03|2021|6|3.0|484.0|0.0|0.0|0.0|44829653000153|ANGOLINI & ANGOLINI LTDA
53645583|857917|28006198|304|03|2021|6|150.0|117.39|0.0|0.0|0.0|02628117000140|JARBAS SEBASTIAO DOS REIS-ME
53645584|857917|28006188|304|03|2021|6|80.0|126.59|0.0|0.0|0.0|02628117000140|JARBAS SEBASTIAO DOS REIS-ME
53645585|857914|28006169|304|03|2021|6|0.0|0.0|0.0|0.0|2400.0|04898233000104|ALPHAMEC LTDA
