seq_alteracao|seq_decreto_alt|seq_orgao|cod_orgao|cod_municipio|num_ano_referencia|num_mes_referencia|dsc_dotacao|dsc_tipo_alteracao|vlr_acres_red
32354114|1074151|303|02|3110004|2021|8|02.02002.02.122.0173.2321.3.1.90.94.00.100|A|5000.0
32354115|1074151|303|02|3110004|2021|8|02.02017.10.305.0049.2399.3.1.90.13.00.102|A|10128.29
32354116|1074151|303|02|3110004|2021|8|02.02004.04.122.0228.2412.3.3.90.36.00.100|A|498.16
32354117|1074151|303|02|3110004|2021|8|02.02010001.10.304.0321.1247.3.3.90.30.00.102|A|32826.24
32354118|1074151|303|02|3110004|2021|8|02.02017.10.302.0043.2099.3.1.90.11.00.102|A|3111.98
32354119|1074151|303|02|3110004|2021|8|02.02009.15.451.0072.1087.3.3.90.39.00.100|A|40000.0
32354120|1074151|303|02|3110004|2021|8|02.02009.04.122.0070.2125.3.1.90.16.00.100|A|299.0
32354121|1074151|303|02|3110004|2021|8|02.02009.04.122.0070.2125.3.1.90.16.00.100|A|100.0
32354122|1074151|303|02|3110004|2021|8|02.02008.27.812.0100.1207.3.3.90.39.00.100|A|500.0
32354123|1074151|303|02|3110004|2021|8|02.02002.02.122.0173.2321.3.1.90.94.00.100|A|1282.43
32354124|1074151|303|02|3110004|2021|8|02.02009.15.452.0071.2137.3.3.90.39.00.100|A|10000.0
32354125|1074151|303|02|3110004|2021|8|02.02005.18.122.0011.2028.3.3.90.30.00.100|A|2000.0
32354126|1074151|303|02|3110004|2021|8|02.02009.04.122.0070.2125.3.1.90.16.00.100|A|100.0
32354127|1074151|303|02|3110004|2021|8|02.02017.10.305.0049.2399.3.1.90.16.00.102|A|85.95
32354128|1074151|303|02|3110004|2021|8|02.02009.15.451.0072.1087.3.3.90.39.00.100|A|60000.0
32354129|1074151|303|02|3110004|2021|8|02.02008.27.812.0100.1207.3.3.90.39.00.100|A|900.0
32354130|1074151|303|02|3110004|2021|8|02.02009.04.122.0070.2125.3.1.90.16.00.100|A|100.0
32354131|1074151|303|02|3110004|2021|8|02.02004.04.122.0094.2170.3.3.90.40.00.100|A|1000.0
32354132|1074151|303|02|3110004|2021|8|02.02009.04.122.0070.2125.3.1.90.16.00.100|A|100.0
32354133|1074151|303|02|3110004|2021|8|02.02002.02.122.0173.2321.3.1.90.11.00.100|A|2754.0
32354134|1074151|303|02|3110004|2021|8|02.02004.04.122.0094.2170.3.3.90.40.00.100|A|1000.0
32354135|1074151|303|02|3110004|2021|8|02.02004.04.122.0094.2170.3.3.90.40.00.100|A|1000.0
32354136|1074151|303|02|3110004|2021|8|02.02009.04.122.0070.2125.3.1.90.16.00.100|A|100.0
32354137|1074151|303|02|3110004|2021|8|02.02010001.10.122.0047.2110.3.1.90.94.00.102|A|500.0
32354138|1074151|303|02|3110004|2021|8|02.02008.27.812.0100.1207.3.3.90.39.00.100|A|1000.0
32354139|1074151|303|02|3110004|2021|8|02.02005.18.122.0011.2028.3.3.90.30.00.100|A|1590.0
32354140|1074151|303|02|3110004|2021|8|02.02010001.10.122.0047.2110.3.1.90.94.00.102|A|1500.0
32354141|1074151|303|02|3110004|2021|8|02.02009.04.122.0070.2125.3.1.90.94.00.100|A|2582.0
32354142|1074151|303|02|3110004|2021|8|02.02017.10.305.0049.2399.3.1.90.16.00.102|A|100.0
32354143|1074151|303|02|3110004|2021|8|02.02005.18.541.0034.2031.4.4.90.52.00.124|A|14145.9
32354144|1074151|303|02|3110004|2021|8|02.02007001.12.306.0016.2037.3.3.90.30.00.100|A|25000.0
32354145|1074151|303|02|3110004|2021|8|02.02004.04.122.0094.2170.3.3.90.40.00.100|A|1000.0
32354146|1074151|303|02|3110004|2021|8|02.02007001.12.306.0016.2037.3.3.90.30.00.100|A|30000.0
32354147|1074151|303|02|3110004|2021|8|02.02020.04.122.0223.2408.3.1.90.94.00.100|A|8900.0
32354148|1074151|303|02|3110004|2021|8|02.02009.15.452.0071.2137.3.3.90.39.00.100|A|10000.0
32354149|1074151|303|02|3110004|2021|8|02.02006.04.122.0093.2160.3.3.90.40.00.100|A|8000.0
32354150|1074151|303|02|3110004|2021|8|02.02010001.10.122.0047.2110.3.1.90.94.00.102|A|500.0
32354151|1074151|303|02|3110004|2021|8|02.02005.18.122.0008.2018.3.3.90.39.00.100|A|6200.0
32354152|1074151|303|02|3110004|2021|8|02.02012.08.243.0142.2448.3.1.90.13.00.129|A|1095.8
32354153|1074151|303|02|3110004|2021|8|02.02002.02.122.0173.2321.3.1.90.11.00.100|A|6303.9
32354154|1074151|303|02|3110004|2021|8|02.02002.02.122.0173.2321.3.1.90.11.00.100|A|8000.0
32354155|1074151|303|02|3110004|2021|8|02.02010001.10.304.0321.1247.3.3.90.30.00.102|A|586.76
32354156|1074151|303|02|3110004|2021|8|02.02008.27.812.0100.1207.3.3.90.39.00.100|A|500.0
32354157|1074151|303|02|3110004|2021|8|02.02008.27.812.0100.1207.3.3.90.39.00.100|A|1000.0
32354158|1074151|303|02|3110004|2021|8|02.02017.10.301.0035.2074.3.1.90.13.00.102|A|2000.0
32354159|1074151|303|02|3110004|2021|8|02.02006.04.122.0093.2160.3.3.90.40.00.100|A|9500.0
32354160|1074151|303|02|3110004|2021|8|02.02012.08.122.0226.2410.3.1.90.94.00.100|A|1874.0
32354161|1074151|303|02|3110004|2021|8|02.02009.04.122.0070.2125.3.1.90.16.00.100|A|100.0
32354162|1074151|303|02|3110004|2021|8|02.02017.10.122.0032.2069.3.3.90.30.00.155|A|63359.67
32354163|1074151|303|02|3110004|2021|8|02.02009.15.452.0071.2137.3.3.90.39.00.100|A|19700.0
32354164|1074151|303|02|3110004|2021|8|02.02009.15.452.0071.2137.3.3.90.34.00.100|A|23.0
32354165|1074151|303|02|3110004|2021|8|02.02005.18.122.0011.2028.3.3.90.30.00.100|A|2000.0
32354166|1074151|303|02|3110004|2021|8|02.02008.27.812.0100.1207.3.3.90.39.00.100|A|1000.0
32354167|1074151|303|02|3110004|2021|8|02.02009.04.122.0070.2125.3.1.90.16.00.100|A|23.0
32354168|1074151|303|02|3110004|2021|8|02.02009.04.122.0070.2125.3.3.90.39.00.100|A|330000.0
32354169|1074151|303|02|3110004|2021|8|02.02009.04.122.0070.2125.3.1.90.16.00.100|A|100.0
32354170|1074151|303|02|3110004|2021|8|02.02004.04.122.0094.2170.3.3.90.40.00.100|A|1000.0
32354171|1074151|303|02|3110004|2021|8|02.02009.04.122.0070.2125.3.1.90.16.00.100|A|100.0
32354172|1074151|303|02|3110004|2021|8|02.02004.04.122.0094.2170.3.3.90.40.00.100|A|1000.0
32354173|1074151|303|02|3110004|2021|8|02.02001.04.122.0164.2214.3.3.90.36.00.100|A|4844.0
32354174|1074151|303|02|3110004|2021|8|02.02010001.10.122.0047.2110.3.1.90.94.00.102|A|412.23
32354175|1074151|303|02|3110004|2021|8|02.02009.04.122.0070.2125.3.3.90.39.00.100|A|100000.0
32354176|1074151|303|02|3110004|2021|8|02.02009.04.122.0070.2125.3.1.90.16.00.100|A|100.0
32354177|1074151|303|02|3110004|2021|8|02.02008.27.122.0081.1253.3.3.90.30.00.164|A|9700.0
32354178|1074151|303|02|3110004|2021|8|02.02007001.12.361.0003.2482.3.1.90.16.00.101|A|143.44
32354179|1074151|303|02|3110004|2021|8|02.02008.27.812.0100.1207.3.3.90.39.00.100|A|600.0
32354180|1074151|303|02|3110004|2021|8|02.02017.10.301.0035.2074.3.1.90.13.00.102|A|1092.59
32354181|1074151|303|02|3110004|2021|8|02.02004.04.122.0094.2170.3.3.90.40.00.100|A|1000.0
32354182|1074151|303|02|3110004|2021|8|02.02009.15.452.0071.2137.3.3.90.39.00.100|A|13000.0
32354183|1074151|303|02|3110004|2021|8|02.02009.04.122.0070.2125.3.1.90.16.00.100|A|100.0
32354184|1074151|303|02|3110004|2021|8|02.02007001.12.122.0002.2002.3.3.90.30.00.101|A|143.44
32354185|1074151|303|02|3110004|2021|8|02.02010001.10.122.0047.2110.3.1.90.94.00.102|A|500.0
32354186|1074151|303|02|3110004|2021|8|02.02009.04.122.0070.2125.3.1.90.94.00.100|A|3600.0
32354187|1074151|303|02|3110004|2021|8|02.02017.10.301.0029.2063.4.4.90.52.00.155|A|130300.0
32354188|1074151|303|02|3110004|2021|8|02.02009.04.122.0070.2125.3.1.90.16.00.100|A|7622.5
32354189|1074151|303|02|3110004|2021|8|02.02009.15.452.0071.2137.3.3.90.39.00.100|A|18000.0
32354486|1074151|303|02|3110004|2021|8|02.02019.04.122.0164.2214.3.3.90.36.00.100|R|500.0
32354487|1074151|303|02|3110004|2021|8|02.02008.27.813.0300.1243.3.3.90.30.00.100|R|8000.0
32354488|1074151|303|02|3110004|2021|8|02.02007001.12.364.0227.2411.3.3.90.18.00.100|R|60000.0
32354489|1074151|303|02|3110004|2021|8|02.02007001.12.122.0002.2002.3.3.90.49.00.101|R|498.16
32354490|1074151|303|02|3110004|2021|8|02.02004.04.122.0094.2170.3.3.90.92.00.100|R|394.65
32354491|1074151|303|02|3110004|2021|8|02.02008.27.122.0081.2148.3.3.90.40.00.100|R|100.0
32354492|1074151|303|02|3110004|2021|8|02.02007001.12.122.0002.2002.3.3.90.49.00.101|R|299.0
32354493|1074151|303|02|3110004|2021|8|02.02015.06.122.0145.2257.3.3.90.93.00.100|R|900.0
32354494|1074151|303|02|3110004|2021|8|02.02002.02.122.0173.2321.3.3.90.14.00.100|R|500.0
32354495|1074151|303|02|3110004|2021|8|02.02001.04.122.0309.1242.3.3.90.39.00.100|R|100.0
32354496|1074149|302|01|3110004|2021|8|01.01001.01.031.0001.1181.4.4.90.51.00.100|R|4000.0
32354497|1074150|303|02|3110004|2021|8|02.02009.04.122.0070.2125.3.3.90.93.00.100|R|100.0
32354498|1074151|303|02|3110004|2021|8|02.02002.02.122.0173.2321.3.1.90.16.00.100|R|1000.0
32354499|1074150|303|02|3110004|2021|8|02.02014.08.122.0224.2409.3.3.90.49.00.100|R|7500.0
32354500|1074150|303|02|3110004|2021|8|02.02009.04.122.0070.2125.3.3.90.49.00.100|R|700.0
32354501|1074151|303|02|3110004|2021|8|02.02009.04.122.0070.2125.3.1.90.13.00.100|R|98000.0
32354502|1074151|303|02|3110004|2021|8|02.02005.18.122.0263.2438.3.3.90.30.00.100|R|1000.0
32354503|1074150|303|02|3110004|2021|8|02.02009.15.451.0311.1242.3.3.90.39.00.100|R|100.0
32354504|1074150|303|02|3110004|2021|8|02.02011.08.243.0175.2218.4.4.90.52.00.100|R|1000.0
32354505|1074150|303|02|3110004|2021|8|02.02014.08.122.0224.2409.4.4.90.51.00.100|R|5500.0
32354506|1074150|303|02|3110004|2021|8|02.02014.08.122.0166.2314.3.3.90.47.00.100|R|600.0
32354507|1074150|303|02|3110004|2021|8|02.02012.08.122.0316.2480.3.3.90.36.00.100|R|1000.0
32354508|1074150|303|02|3110004|2021|8|02.02011.08.243.0175.2218.3.3.90.39.00.100|R|2000.0
32354509|1074150|303|02|3110004|2021|8|02.02020.04.122.0223.2408.3.3.90.39.00.100|R|30000.0
32354510|1074151|303|02|3110004|2021|8|02.02009.15.451.0072.1087.3.3.90.39.00.100|R|13863.22
32354511|1074151|303|02|3110004|2021|8|02.02004.04.122.0094.2250.3.3.90.39.00.100|R|3000.0
32354512|1074151|303|02|3110004|2021|8|02.02015.06.122.0145.2257.3.3.90.35.00.100|R|100.0
32354513|1074151|303|02|3110004|2021|8|02.02012.08.122.0226.2410.4.4.90.52.00.100|R|362.35
32354514|1074151|303|02|3110004|2021|8|02.02017.10.302.0048.2112.3.3.50.43.00.102|R|586.76
32354515|1074151|303|02|3110004|2021|8|02.02008.27.122.0081.1253.4.4.90.51.00.164|R|9700.0
32354516|1074151|303|02|3110004|2021|8|02.02017.10.301.0035.2074.3.3.90.39.00.102|R|14.05
32354517|1074151|303|02|3110004|2021|8|02.02010001.10.304.0321.1247.3.3.50.43.00.102|R|6142.61
32354518|1074150|303|02|3110004|2021|8|02.02004.28.843.0099.2175.3.2.90.22.00.100|R|100.0
32354519|1074150|303|02|3110004|2021|8|02.02013.16.122.0122.1119.4.4.90.52.00.100|R|3500.0
32354520|1074151|303|02|3110004|2021|8|02.02017.10.305.0049.2399.3.3.90.14.00.102|R|1337.77
32354521|1074150|303|02|3110004|2021|8|02.02006.04.122.0093.2160.3.3.90.47.00.100|R|100.0
32354522|1074150|303|02|3110004|2021|8|02.02012.08.244.0130.2230.3.3.90.14.00.100|R|400.0
32354523|1074151|303|02|3110004|2021|8|02.02016.13.391.0156.2311.4.4.90.52.00.100|R|5000.0
32354524|1074151|303|02|3110004|2021|8|02.02015.06.182.0212.2392.3.3.90.30.00.100|R|1000.0
32354525|1074151|303|02|3110004|2021|8|02.02020.13.392.0260.2461.3.3.90.39.00.100|R|4844.0
32354526|1074151|303|02|3110004|2021|8|02.02001.04.122.0164.2214.3.3.90.93.00.100|R|500.0
32354527|1074151|303|02|3110004|2021|8|02.02017.10.301.0035.2074.3.3.90.30.00.102|R|400.0
32354528|1074150|303|02|3110004|2021|8|02.02013.16.122.0122.1119.3.3.90.30.00.100|R|5000.0
32354529|1074151|303|02|3110004|2021|8|02.02007001.12.122.0002.2002.3.3.90.49.00.101|R|3500.0
32354530|1074151|303|02|3110004|2021|8|02.02010001.10.122.0040.2089.3.3.90.33.00.102|R|100.0
32354531|1074151|303|02|3110004|2021|8|02.02007001.12.122.0002.2002.3.3.90.49.00.101|R|6060.0
32354532|1074151|303|02|3110004|2021|8|02.02008.27.813.0300.2477.3.1.90.04.00.100|R|2754.0
32354533|1074151|303|02|3110004|2021|8|02.02015.06.181.0287.2468.4.4.90.52.00.100|R|10000.0
32354534|1074150|303|02|3110004|2021|8|02.02012.08.122.0226.2410.4.4.90.52.00.100|R|980.0
32354535|1074151|303|02|3110004|2021|8|02.02009.15.452.0279.1404.3.3.90.39.00.100|R|20611.31
32354536|1074151|303|02|3110004|2021|8|02.02001.04.131.0167.2215.4.4.90.52.00.100|R|1000.0
32354537|1074151|303|02|3110004|2021|8|02.02015.06.122.0145.2257.3.3.90.39.00.100|R|30000.0
32354538|1074151|303|02|3110004|2021|8|02.02003.04.124.0084.2429.3.3.90.39.00.100|R|115.96
32354539|1074151|303|02|3110004|2021|8|02.02017.10.305.0049.2399.3.3.90.30.00.155|R|63359.67
32354540|1074151|303|02|3110004|2021|8|02.02017.10.122.0032.2069.3.3.90.14.00.102|R|72.77
32354541|1074150|303|02|3110004|2021|8|02.02013.16.122.0122.1119.3.3.90.36.00.100|R|8500.0
32354542|1074151|303|02|3110004|2021|8|02.02015.06.122.0145.2257.3.3.90.47.00.100|R|100.0
32354543|1074151|303|02|3110004|2021|8|02.02012.08.122.0144.1142.3.3.90.30.00.129|R|3759.16
32354544|1074151|303|02|3110004|2021|8|02.02019.04.122.0164.2214.3.3.90.47.00.100|R|100.0
32354545|1074151|303|02|3110004|2021|8|02.02007001.12.122.0002.2002.3.3.90.49.00.101|R|5759.67
32354546|1074150|303|02|3110004|2021|8|02.02020.04.392.0223.2491.3.3.90.36.00.100|R|100.0
32354547|1074150|303|02|3110004|2021|8|02.02006.04.122.0093.2160.3.3.90.92.00.100|R|100.0
32354548|1074151|303|02|3110004|2021|8|02.02015.06.181.0287.2468.3.3.90.30.00.100|R|1000.0
32354549|1074150|303|02|3110004|2021|8|02.02012.08.243.0142.2448.3.3.90.48.00.100|R|8000.0
32354550|1074150|303|02|3110004|2021|8|02.02020.04.122.0223.2434.3.3.90.36.00.100|R|5000.0
32354551|1074151|303|02|3110004|2021|8|02.02007001.12.122.0002.2002.3.3.90.49.00.101|R|1430.0
32354552|1074151|303|02|3110004|2021|8|02.02015.06.122.0145.2257.3.3.90.14.00.100|R|1000.0
32354553|1074151|303|02|3110004|2021|8|02.02016.13.391.0156.2311.3.3.90.39.00.100|R|30000.0
32354557|1074151|303|02|3110004|2021|8|02.02003.04.124.0085.2159.3.3.90.39.00.100|R|790.0
32354554|1074151|303|02|3110004|2021|8|02.02007001.12.122.0002.2002.3.3.90.49.00.101|R|4356.56
32354555|1074151|303|02|3110004|2021|8|02.02012.08.122.0226.2410.4.4.90.52.00.100|R|663.65
32354556|1074151|303|02|3110004|2021|8|02.02017.10.122.0032.2069.3.3.90.30.00.102|R|11709.42
32354558|1074151|303|02|3110004|2021|8|02.02008.27.812.0100.1207.3.3.90.30.00.100|R|12000.0
32354559|1074151|303|02|3110004|2021|8|02.02007001.12.122.0002.2456.3.1.90.13.00.100|R|1823.0
32354560|1074150|303|02|3110004|2021|8|02.02012.08.122.0144.1142.4.4.90.52.00.100|R|6000.0
32354561|1074150|303|02|3110004|2021|8|02.02007001.12.122.0314.1242.3.3.90.32.00.100|R|100.0
32354562|1074151|303|02|3110004|2021|8|02.02003.04.124.0084.2429.3.3.90.39.00.100|R|284.04
32354563|1074151|303|02|3110004|2021|8|02.02008.27.122.0081.2148.3.3.90.39.00.100|R|1200.0
32354564|1074151|303|02|3110004|2021|8|02.02008.27.812.0100.2467.3.3.90.39.00.100|R|5000.0
32354565|1074150|303|02|3110004|2021|8|02.02006.04.122.0093.2161.3.1.90.16.00.100|R|5000.0
32354566|1074151|303|02|3110004|2021|8|02.02009.15.451.0072.1087.4.4.90.51.00.100|R|14438.78
32354567|1074151|303|02|3110004|2021|8|02.02012.08.122.0106.2221.3.3.90.30.00.100|R|1430.0
32354568|1074151|303|02|3110004|2021|8|02.02015.06.122.0145.2257.3.3.90.30.00.100|R|5000.0
32354569|1074151|303|02|3110004|2021|8|02.02009.15.451.0072.1087.3.3.90.39.00.100|R|100000.0
32354570|1074150|303|02|3110004|2021|8|02.02020.04.392.0223.2491.3.3.50.41.00.100|R|10000.0
32354571|1074151|303|02|3110004|2021|8|02.02009.04.122.0070.2125.3.1.90.11.00.100|R|330000.0
32354572|1074151|303|02|3110004|2021|8|02.02019.04.122.0164.2214.3.3.90.35.00.100|R|22000.0
32354573|1074151|303|02|3110004|2021|8|02.02007001.12.122.0002.2002.3.3.90.49.00.101|R|2993.0
32354574|1074150|303|02|3110004|2021|8|02.02023.13.392.0319.1031.3.3.50.43.00.100|R|1000.0
32354575|1074151|303|02|3110004|2021|8|02.02010001.10.304.0321.1247.3.3.50.43.00.102|R|10128.29
32354576|1074151|303|02|3110004|2021|8|02.02020.13.392.0260.2461.3.3.90.39.00.100|R|8900.0
32354577|1074150|303|02|3110004|2021|8|02.02020.04.392.0223.2491.4.4.90.51.00.100|R|100.0
32354578|1074150|303|02|3110004|2021|8|02.02014.08.122.0166.2314.3.3.90.39.00.100|R|4000.0
32354579|1074151|303|02|3110004|2021|8|02.02008.27.813.0300.2477.3.3.90.31.00.100|R|1000.0
32354580|1074151|303|02|3110004|2021|8|02.02005.18.122.0263.2438.3.3.90.39.00.100|R|1000.0
32354581|1074151|303|02|3110004|2021|8|02.02008.27.812.0100.1207.3.3.90.31.00.100|R|3000.0
32354582|1074151|303|02|3110004|2021|8|02.02019.04.122.0164.2214.4.4.90.52.00.100|R|15000.0
32354583|1074150|303|02|3110004|2021|8|02.02012.08.122.0316.2480.3.3.90.47.00.100|R|173.0
32354584|1074150|303|02|3110004|2021|8|02.02012.08.244.0130.2230.3.3.90.39.00.100|R|200.0
32354193|1074151|303|02|3110004|2021|8|02.02005.18.122.0011.2028.3.3.90.30.00.100|A|1729.65
32354190|1074151|303|02|3110004|2021|8|02.02004.04.122.0094.2170.3.3.90.40.00.100|A|1000.0
32354191|1074151|303|02|3110004|2021|8|02.02009.15.452.0071.2137.3.3.90.39.00.100|A|15000.0
32354192|1074151|303|02|3110004|2021|8|02.02009.15.451.0072.1087.3.3.90.39.00.100|A|98000.0
32354194|1074151|303|02|3110004|2021|8|02.02009.15.452.0071.2137.3.3.90.39.00.100|A|13559.0
32354195|1074151|303|02|3110004|2021|8|02.02007001.12.306.0016.2037.3.3.90.30.00.100|A|23561.22
32354196|1074151|303|02|3110004|2021|8|02.02009.04.122.0070.2125.3.1.90.16.00.100|A|100.0
32354197|1074151|303|02|3110004|2021|8|02.02007001.12.306.0016.2037.3.3.90.30.00.100|A|25000.0
32354198|1074151|303|02|3110004|2021|8|02.02012.08.122.0141.2244.3.1.90.13.00.156|A|1404.68
32354199|1074151|303|02|3110004|2021|8|02.02002.02.122.0173.2321.3.1.90.94.00.100|A|5700.0
32354200|1074151|303|02|3110004|2021|8|02.02008.27.812.0100.1207.3.3.90.39.00.100|A|790.0
32354201|1074151|303|02|3110004|2021|8|02.02005.18.122.0011.2028.3.3.90.30.00.100|A|1700.0
32354202|1074151|303|02|3110004|2021|8|02.02009.04.122.0070.2125.3.1.90.16.00.100|A|5.0
32354203|1074151|303|02|3110004|2021|8|02.02009.04.122.0070.2125.3.1.90.16.00.100|A|100.0
32354204|1074151|303|02|3110004|2021|8|02.02004.04.122.0094.2170.3.3.90.40.00.100|A|1000.0
32354205|1074151|303|02|3110004|2021|8|02.02005.18.122.0011.2028.3.1.90.94.00.100|A|2582.0
32354206|1074151|303|02|3110004|2021|8|02.02017.10.301.0029.2063.3.1.90.94.00.159|A|20000.0
32354207|1074151|303|02|3110004|2021|8|02.02017.10.305.0049.2399.3.1.90.04.00.102|A|6142.61
32354208|1074151|303|02|3110004|2021|8|02.02009.04.122.0070.2125.3.3.90.40.00.100|A|5759.67
32354209|1074151|303|02|3110004|2021|8|02.02008.27.812.0100.1207.3.3.90.39.00.100|A|498.16
32354210|1074151|303|02|3110004|2021|8|02.02006.04.122.0093.2160.3.3.90.40.00.100|A|8900.0
32354211|1074151|303|02|3110004|2021|8|02.02017.10.305.0049.2399.3.1.90.04.00.102|A|4428.02
32354212|1074151|303|02|3110004|2021|8|02.02009.15.452.0071.2137.3.3.90.39.00.100|A|6561.22
32354213|1074151|303|02|3110004|2021|8|02.02008.27.813.0300.1243.4.4.90.52.00.100|A|8000.0
32354214|1074151|303|02|3110004|2021|8|02.02017.10.301.0035.2074.3.1.90.04.00.102|A|6621.71
32354215|1074151|303|02|3110004|2021|8|02.02007001.12.122.0002.2002.3.3.90.30.00.100|A|785.15
32354216|1074151|303|02|3110004|2021|8|02.02008.27.812.0100.1207.3.3.90.39.00.100|A|1000.0
32354217|1074151|303|02|3110004|2021|8|02.02008.27.812.0100.1207.3.3.90.39.00.100|A|1000.0
32354218|1074151|303|02|3110004|2021|8|02.02009.04.122.0070.2125.3.1.90.16.00.100|A|200.0
32354219|1074151|303|02|3110004|2021|8|02.02009.04.122.0070.2125.3.3.90.30.00.100|A|4844.0
32354220|1074151|303|02|3110004|2021|8|02.02005.18.122.0011.2028.3.3.90.30.00.100|A|1200.0
32354221|1074151|303|02|3110004|2021|8|02.02009.04.122.0070.2125.3.1.90.94.00.100|A|3000.0
32354222|1074151|303|02|3110004|2021|8|02.02007001.12.361.0003.2482.3.1.90.94.00.101|A|143.44
32354223|1074151|303|02|3110004|2021|8|02.02017.10.302.0043.2099.3.1.90.11.00.102|A|1707.41
32354224|1074151|303|02|3110004|2021|8|02.02006.04.122.0093.2160.3.3.90.40.00.100|A|8177.0
32354225|1074151|303|02|3110004|2021|8|02.02002.02.122.0173.2321.3.1.90.94.00.100|A|5000.0
32354226|1074151|303|02|3110004|2021|8|02.02009.04.122.0070.2125.3.1.90.16.00.100|A|100.0
32354227|1074151|303|02|3110004|2021|8|02.02005.18.122.0011.2028.3.3.90.30.00.100|A|2000.0
32354228|1074151|303|02|3110004|2021|8|02.02002.02.122.0173.2321.3.1.90.94.00.100|A|3417.57
32354229|1074151|303|02|3110004|2021|8|02.02009.15.452.0071.2137.3.3.90.39.00.100|A|10000.0
32354230|1074151|303|02|3110004|2021|8|02.02008.27.812.0100.1207.3.3.90.39.00.100|A|785.15
32354231|1074151|303|02|3110004|2021|8|02.02010001.10.122.0047.2110.3.1.90.94.00.102|A|72.77
32354232|1074151|303|02|3110004|2021|8|02.02017.10.301.0029.2063.3.1.90.16.00.102|A|427.23
32354233|1074151|303|02|3110004|2021|8|02.02009.04.122.0070.2125.3.1.90.16.00.100|A|100.0
32354234|1074151|303|02|3110004|2021|8|02.02004.04.122.0094.2170.3.1.90.94.00.100|A|6060.0
32354235|1074151|303|02|3110004|2021|8|02.02009.04.122.0070.2125.3.1.90.94.00.100|A|556.43
32354236|1074151|303|02|3110004|2021|8|02.02010001.10.061.0297.2476.3.3.90.91.00.102|A|61132.29
32354237|1074151|303|02|3110004|2021|8|02.02009.04.122.0070.2125.3.1.90.94.00.100|A|3500.0
32354238|1074151|303|02|3110004|2021|8|02.02017.10.301.0035.2074.3.1.90.04.00.102|A|10520.39
32354239|1074151|303|02|3110004|2021|8|02.02009.15.122.0251.2426.3.3.90.36.00.100|A|2993.0
32354240|1074151|303|02|3110004|2021|8|02.02009.15.452.0071.2137.3.3.90.39.00.100|A|10000.0
32354241|1074151|303|02|3110004|2021|8|02.02009.04.122.0070.2125.4.4.90.52.00.100|A|299.0
32354242|1074151|303|02|3110004|2021|8|02.02009.15.451.0072.1087.3.3.90.39.00.100|A|13863.22
32354243|1074151|303|02|3110004|2021|8|02.02017.10.305.0049.2399.3.1.90.16.00.102|A|85.0
32354244|1074151|303|02|3110004|2021|8|02.02009.04.122.0070.2125.3.1.90.16.00.100|A|100.0
32354245|1074151|303|02|3110004|2021|8|02.02017.10.305.0049.2399.3.1.90.13.00.102|A|11709.42
32354246|1074151|303|02|3110004|2021|8|02.02009.15.452.0071.2137.3.3.90.39.00.100|A|20611.31
32354250|1074151|303|02|3110004|2021|8|02.02012.08.243.0142.2448.3.1.90.11.00.129|A|3759.16
32354247|1074151|303|02|3110004|2021|8|02.02004.04.122.0094.2170.3.3.90.40.00.100|A|1000.0
32354248|1074151|303|02|3110004|2021|8|02.02004.04.122.0094.2170.3.3.90.40.00.100|A|1000.0
32354249|1074151|303|02|3110004|2021|8|02.02004.04.122.0094.2170.3.3.90.40.00.100|A|1000.0
32354251|1074151|303|02|3110004|2021|8|02.02017.10.305.0049.2399.3.1.90.16.00.102|A|100.0
32354252|1074151|303|02|3110004|2021|8|02.02020.04.392.0223.2491.3.3.90.35.00.100|A|3500.0
32354253|1074151|303|02|3110004|2021|8|02.02009.04.122.0070.2125.3.3.90.30.00.100|A|5000.0
32354254|1074151|303|02|3110004|2021|8|02.02009.04.122.0070.2125.3.1.90.16.00.100|A|100.0
32354255|1074151|303|02|3110004|2021|8|02.02017.10.301.0029.2063.3.1.90.16.00.102|A|14.05
32354256|1074151|303|02|3110004|2021|8|02.02005.18.122.0011.2028.3.3.90.30.00.100|A|1200.0
32354257|1074151|303|02|3110004|2021|8|02.02009.04.122.0070.2125.3.1.90.16.00.100|A|100.0
32354258|1074151|303|02|3110004|2021|8|02.02002.02.122.0173.2321.3.1.90.94.00.100|A|5000.0
32354259|1074151|303|02|3110004|2021|8|02.02007001.12.306.0016.2037.3.3.90.30.00.100|A|30000.0
32354260|1074151|303|02|3110004|2021|8|02.02017.10.305.0049.2399.3.1.90.16.00.102|A|100.0
32354261|1074151|303|02|3110004|2021|8|02.02008.27.122.0081.1253.4.4.90.52.00.164|A|300.0
32354262|1074151|303|02|3110004|2021|8|02.02007001.12.306.0016.2037.3.3.90.30.00.100|A|30000.0
32354263|1074151|303|02|3110004|2021|8|02.02017.10.305.0049.2399.3.1.90.11.00.102|A|24495.53
32354264|1074151|303|02|3110004|2021|8|02.02009.15.452.0071.2137.3.3.90.39.00.100|A|1823.0
32354265|1074151|303|02|3110004|2021|8|02.02014.08.122.0166.2314.3.3.90.40.00.100|A|2286.08
32354266|1074151|303|02|3110004|2021|8|02.02009.04.122.0070.2125.3.1.90.16.00.100|A|100.0
32354267|1074151|303|02|3110004|2021|8|02.02017.10.301.0035.2074.3.1.90.13.00.102|A|1337.77
32354268|1074151|303|02|3110004|2021|8|02.02008.27.812.0100.1207.3.3.90.39.00.100|A|500.0
32354269|1074151|303|02|3110004|2021|8|02.02008.27.812.0100.1207.3.3.90.39.00.100|A|500.0
32354270|1074151|303|02|3110004|2021|8|02.02004.04.122.0094.2170.3.3.90.40.00.100|A|663.65
32354271|1074151|303|02|3110004|2021|8|02.02008.27.812.0100.1207.3.3.90.39.00.100|A|284.04
32354272|1074151|303|02|3110004|2021|8|02.02002.02.122.0173.2321.3.1.90.11.00.100|A|2342.1
32354273|1074151|303|02|3110004|2021|8|02.02009.15.451.0072.1087.3.3.90.39.00.100|A|100000.0
32354274|1074151|303|02|3110004|2021|8|02.02007001.12.306.0016.2037.3.3.90.30.00.100|A|14438.78
32354275|1074151|303|02|3110004|2021|8|02.02009.04.122.0070.2125.3.1.90.16.00.100|A|100.0
32354276|1074151|303|02|3110004|2021|8|02.02009.04.122.0070.2125.3.1.90.16.00.100|A|100.0
32354277|1074151|303|02|3110004|2021|8|02.02009.04.122.0070.2125.3.1.90.94.00.100|A|1761.57
32354278|1074151|303|02|3110004|2021|8|02.02002.02.122.0173.2321.3.1.90.11.00.100|A|6000.0
32354279|1074151|303|02|3110004|2021|8|02.02009.04.122.0070.2125.3.1.90.16.00.100|A|100.0
32354280|1074151|303|02|3110004|2021|8|02.02007001.12.306.0016.2037.3.3.90.30.00.100|A|22000.0
32354281|1074151|303|02|3110004|2021|8|02.02007001.12.361.0003.2482.3.1.90.94.00.101|A|2370.56
32354282|1074151|303|02|3110004|2021|8|02.02007001.12.365.0221.2407.3.1.90.94.00.101|A|143.44
32354283|1074151|303|02|3110004|2021|8|02.02009.04.122.0070.2125.3.1.90.16.00.100|A|115.96
32354284|1074151|303|02|3110004|2021|8|02.02007001.12.122.0002.2002.3.3.90.30.00.101|A|3158.56
32354285|1074151|303|02|3110004|2021|8|02.02008.27.812.0100.1207.3.3.90.39.00.100|A|500.0
32354286|1074151|303|02|3110004|2021|8|02.02010001.10.122.0047.2110.3.3.90.39.00.102|A|100000.0
32354287|1074151|303|02|3110004|2021|8|02.02009.04.122.0070.2125.3.3.90.30.00.100|A|3717.57
32354291|1074151|303|02|3110004|2021|8|02.02009.04.122.0070.2125.3.1.90.16.00.100|A|100.0
32354288|1074151|303|02|3110004|2021|8|02.02009.04.122.0070.2125.3.3.90.30.00.100|A|5000.0
32354289|1074151|303|02|3110004|2021|8|02.02008.27.812.0100.1207.3.3.90.39.00.100|A|848.0
32354290|1074151|303|02|3110004|2021|8|02.02004.04.122.0094.2170.3.3.90.40.00.100|A|1000.0
32354292|1074151|303|02|3110004|2021|8|02.02008.27.812.0100.1207.3.3.90.39.00.100|A|1000.0
32354293|1074151|303|02|3110004|2021|8|02.02004.04.122.0094.2170.3.3.90.40.00.100|A|605.35
32354294|1074151|303|02|3110004|2021|8|02.02009.04.122.0070.2125.3.1.90.94.00.100|A|3000.0
32354295|1074151|303|02|3110004|2021|8|02.02013.16.122.0122.1119.3.1.90.94.00.100|A|1430.0
32354296|1074151|303|02|3110004|2021|8|02.02006.04.122.0093.2160.3.3.90.40.00.100|A|5246.0
32354297|1074151|303|02|3110004|2021|8|02.02009.15.451.0072.1087.3.3.90.39.00.100|A|16261.78
32354298|1074151|303|02|3110004|2021|8|02.02005.18.122.0011.2028.3.3.90.30.00.100|A|1430.0
32354299|1074151|303|02|3110004|2021|8|02.02005.18.122.0011.2028.3.3.90.30.00.100|A|362.35
32354300|1074151|303|02|3110004|2021|8|02.02009.15.452.0071.2137.3.3.90.39.00.100|A|18259.58
32354301|1074151|303|02|3110004|2021|8|02.02009.04.122.0070.2125.3.1.90.16.00.100|A|100.0
32354302|1074151|303|02|3110004|2021|8|02.02008.27.812.0100.1207.3.3.90.39.00.100|A|400.0
32354303|1074151|303|02|3110004|2021|8|02.02009.15.452.0071.2137.3.3.90.39.00.100|A|12000.0
32354304|1074151|303|02|3110004|2021|8|02.02008.27.813.0300.2477.3.3.90.30.00.100|A|1200.0
32354305|1074151|303|02|3110004|2021|8|02.02007001.12.365.0221.2407.3.1.90.94.00.101|A|4356.56
32354306|1074151|303|02|3110004|2021|8|02.02017.10.301.0029.2063.3.1.90.16.00.102|A|400.0
32354307|1074151|303|02|3110004|2021|8|02.02009.15.451.0072.1087.3.3.90.39.00.100|A|100000.0
32354308|1074151|303|02|3110004|2021|8|02.02009.04.122.0070.2125.3.3.90.30.00.100|A|4200.0
32354309|1074151|303|02|3110004|2021|8|02.02009.04.122.0070.2125.3.3.90.30.00.100|A|2238.43
32354310|1074151|303|02|3110004|2021|8|02.02017.10.305.0049.2399.3.1.90.11.00.102|A|6290.58
32354311|1074151|303|02|3110004|2021|8|02.02008.27.812.0100.1207.3.3.90.39.00.100|A|394.65
32354312|1074151|303|02|3110004|2021|8|02.02009.04.122.0070.2125.3.1.90.94.00.100|A|3000.0
32354313|1074150|303|02|3110004|2021|8|02.02009.15.452.0071.2137.3.3.90.39.00.100|A|5000.0
32354314|1074150|303|02|3110004|2021|8|02.02009.15.452.0071.2137.3.3.90.34.00.100|A|2000.0
32354315|1074150|303|02|3110004|2021|8|02.02009.15.452.0071.2137.3.3.90.34.00.100|A|1000.0
32354316|1074150|303|02|3110004|2021|8|02.02009.15.452.0071.2137.3.3.90.34.00.100|A|100.0
32354320|1074150|303|02|3110004|2021|8|02.02009.15.452.0071.2137.3.3.90.34.00.100|A|100.0
32354317|1074150|303|02|3110004|2021|8|02.02009.15.452.0071.2137.3.3.90.34.00.100|A|3000.0
32354318|1074150|303|02|3110004|2021|8|02.02009.15.452.0071.2137.3.3.90.34.00.100|A|300.0
32354319|1074150|303|02|3110004|2021|8|02.02009.15.452.0071.2137.3.3.90.34.00.100|A|2000.0
32354321|1074150|303|02|3110004|2021|8|02.02009.15.452.0071.2137.3.3.90.39.00.100|A|6000.0
32354322|1074150|303|02|3110004|2021|8|02.02009.15.452.0071.2137.3.3.90.39.00.100|A|15500.0
32354323|1074150|303|02|3110004|2021|8|02.02009.15.452.0071.2137.3.3.90.34.00.100|A|800.0
32354324|1074150|303|02|3110004|2021|8|02.02009.15.452.0071.2137.3.3.90.34.00.100|A|100.0
32354325|1074150|303|02|3110004|2021|8|02.02009.15.452.0071.2137.3.3.90.39.00.100|A|8500.0
32354326|1074150|303|02|3110004|2021|8|02.02009.15.452.0071.2137.3.3.90.39.00.100|A|10000.0
32354327|1074150|303|02|3110004|2021|8|02.02009.15.452.0071.2137.3.3.90.34.00.100|A|100.0
32354328|1074150|303|02|3110004|2021|8|02.02009.15.452.0071.2137.3.3.90.39.00.100|A|165000.0
32354329|1074150|303|02|3110004|2021|8|02.02009.15.452.0071.2137.3.3.90.39.00.100|A|5000.0
32354330|1074150|303|02|3110004|2021|8|02.02009.15.452.0071.2137.3.3.90.34.00.100|A|100.0
32354331|1074150|303|02|3110004|2021|8|02.02009.15.452.0071.2137.3.3.90.34.00.100|A|100.0
32354332|1074150|303|02|3110004|2021|8|02.02009.15.452.0071.2137.3.3.90.34.00.100|A|200.0
32354333|1074150|303|02|3110004|2021|8|02.02009.15.452.0071.2137.3.3.90.34.00.100|A|1100.0
32354334|1074150|303|02|3110004|2021|8|02.02009.15.452.0071.2137.3.3.90.34.00.100|A|1000.0
32354335|1074150|303|02|3110004|2021|8|02.02009.15.452.0071.2137.3.3.90.34.00.100|A|100.0
32354336|1074150|303|02|3110004|2021|8|02.02009.15.452.0071.2137.3.3.90.34.00.100|A|3500.0
32354337|1074150|303|02|3110004|2021|8|02.02009.15.452.0071.2137.3.3.90.34.00.100|A|100.0
32354338|1074150|303|02|3110004|2021|8|02.02009.15.452.0071.2137.3.3.90.34.00.100|A|100.0
32354339|1074150|303|02|3110004|2021|8|02.02009.15.452.0071.2137.3.3.90.34.00.100|A|600.0
32354340|1074150|303|02|3110004|2021|8|02.02009.15.452.0071.2137.3.3.90.34.00.100|A|100.0
32354341|1074150|303|02|3110004|2021|8|02.02009.15.452.0071.2137.3.3.90.39.00.100|A|14000.0
32354342|1074150|303|02|3110004|2021|8|02.02009.15.452.0071.2137.3.3.90.34.00.100|A|100.0
32354343|1074150|303|02|3110004|2021|8|02.02009.15.452.0071.2137.3.3.90.34.00.100|A|400.0
32354344|1074150|303|02|3110004|2021|8|02.02009.15.452.0071.2137.3.3.90.34.00.100|A|100.0
32354345|1074150|303|02|3110004|2021|8|02.02009.15.452.0071.2137.3.3.90.34.00.100|A|100.0
32354346|1074150|303|02|3110004|2021|8|02.02009.15.452.0071.2137.3.3.90.34.00.100|A|100.0
32354347|1074150|303|02|3110004|2021|8|02.02009.15.452.0071.2137.3.3.90.34.00.100|A|1000.0
32354348|1074150|303|02|3110004|2021|8|02.02009.15.452.0071.2137.3.3.90.34.00.100|A|200.0
32354349|1074150|303|02|3110004|2021|8|02.02009.15.452.0071.2137.3.3.90.39.00.100|A|5000.0
32354350|1074150|303|02|3110004|2021|8|02.02009.15.452.0071.2137.3.3.90.39.00.100|A|5000.0
32354351|1074150|303|02|3110004|2021|8|02.02009.15.452.0071.2137.3.3.90.34.00.100|A|100.0
32354352|1074150|303|02|3110004|2021|8|02.02009.15.452.0071.2137.3.3.90.39.00.100|A|6000.0
32354353|1074150|303|02|3110004|2021|8|02.02009.15.452.0071.2137.3.3.90.34.00.100|A|4000.0
32354354|1074150|303|02|3110004|2021|8|02.02009.15.452.0071.2137.3.3.90.34.00.100|A|300.0
32354355|1074150|303|02|3110004|2021|8|02.02009.15.452.0071.2137.3.3.90.39.00.100|A|5000.0
32354356|1074150|303|02|3110004|2021|8|02.02009.15.452.0071.2137.3.3.90.34.00.100|A|100.0
32354357|1074150|303|02|3110004|2021|8|02.02009.15.452.0071.2137.3.3.90.34.00.100|A|1000.0
32354358|1074150|303|02|3110004|2021|8|02.02009.15.452.0071.2137.3.3.90.39.00.100|A|5500.0
32354359|1074150|303|02|3110004|2021|8|02.02009.15.452.0071.2137.3.3.90.34.00.100|A|700.0
32354360|1074150|303|02|3110004|2021|8|02.02009.15.452.0071.2137.3.3.90.34.00.100|A|500.0
32354361|1074150|303|02|3110004|2021|8|02.02009.15.452.0071.2137.3.3.90.34.00.100|A|2000.0
32354362|1074150|303|02|3110004|2021|8|02.02009.15.452.0071.2137.3.3.90.34.00.100|A|280.0
32354363|1074150|303|02|3110004|2021|8|02.02009.15.452.0071.2137.3.3.90.39.00.100|A|3020.0
32354364|1074150|303|02|3110004|2021|8|02.02009.15.452.0071.2137.3.3.90.34.00.100|A|100.0
32354365|1074150|303|02|3110004|2021|8|02.02009.15.452.0071.2137.3.3.90.34.00.100|A|980.0
32354366|1074150|303|02|3110004|2021|8|02.02009.15.452.0071.2137.3.3.90.34.00.100|A|4000.0
32354367|1074150|303|02|3110004|2021|8|02.02009.15.452.0071.2137.3.3.90.34.00.100|A|100.0
32354368|1074150|303|02|3110004|2021|8|02.02009.15.452.0071.2137.3.3.90.34.00.100|A|100.0
32354369|1074150|303|02|3110004|2021|8|02.02009.15.452.0071.2137.3.3.90.34.00.100|A|500.0
32354370|1074150|303|02|3110004|2021|8|02.02009.15.452.0071.2137.3.3.90.34.00.100|A|100.0
32354371|1074150|303|02|3110004|2021|8|02.02009.15.452.0071.2137.3.3.90.34.00.100|A|2000.0
32354372|1074150|303|02|3110004|2021|8|02.02009.15.452.0071.2137.3.3.90.39.00.100|A|7500.0
32354373|1074150|303|02|3110004|2021|8|02.02009.15.452.0071.2137.3.3.90.34.00.100|A|1000.0
32354374|1074150|303|02|3110004|2021|8|02.02009.15.452.0071.2137.3.3.90.34.00.100|A|3097.0
32354375|1074150|303|02|3110004|2021|8|02.02009.15.452.0071.2137.3.3.90.34.00.100|A|100.0
32354376|1074150|303|02|3110004|2021|8|02.02009.15.452.0071.2137.3.3.90.34.00.100|A|1100.0
32354377|1074150|303|02|3110004|2021|8|02.02009.15.452.0071.2137.3.3.90.39.00.100|A|9000.0
32354378|1074150|303|02|3110004|2021|8|02.02009.15.452.0071.2137.3.3.90.34.00.100|A|100.0
32354379|1074150|303|02|3110004|2021|8|02.02009.15.452.0071.2137.3.3.90.39.00.100|A|10000.0
32354380|1074150|303|02|3110004|2021|8|02.02009.15.452.0071.2137.3.3.90.34.00.100|A|1000.0
32354381|1074150|303|02|3110004|2021|8|02.02009.15.452.0071.2137.3.3.90.34.00.100|A|100.0
32354382|1074150|303|02|3110004|2021|8|02.02009.15.452.0071.2137.3.3.90.34.00.100|A|100.0
32354383|1074150|303|02|3110004|2021|8|02.02009.15.452.0071.2137.3.3.90.34.00.100|A|1400.0
32354384|1074150|303|02|3110004|2021|8|02.02009.15.452.0071.2137.3.3.90.34.00.100|A|2500.0
32354385|1074150|303|02|3110004|2021|8|02.02009.15.452.0071.2137.3.3.90.39.00.100|A|8500.0
32354386|1074150|303|02|3110004|2021|8|02.02009.15.452.0071.2137.3.3.90.34.00.100|A|1000.0
32354588|1074151|303|02|3110004|2021|8|02.02004.04.122.0094.2250.3.3.90.39.00.100|R|6303.9
32354585|1074151|303|02|3110004|2021|8|02.02006.04.122.0093.2161.3.3.90.36.00.100|R|10000.0
32354586|1074151|303|02|3110004|2021|8|02.02007001.12.122.0002.2002.3.3.90.49.00.101|R|8000.0
32354587|1074151|303|02|3110004|2021|8|02.02001.04.122.0164.2214.3.3.90.92.00.100|R|100.0
32354589|1074151|303|02|3110004|2021|8|02.02008.27.122.0081.2148.3.3.90.30.00.100|R|1700.0
32354590|1074151|303|02|3110004|2021|8|02.02008.27.813.0300.2477.3.1.90.04.00.100|R|1200.0
32354591|1074151|303|02|3110004|2021|8|02.02017.10.122.0042.2094.3.3.90.14.00.102|R|2000.0
32354592|1074151|303|02|3110004|2021|8|02.02005.18.541.0034.2031.3.3.90.39.00.100|R|4200.0
32354593|1074151|303|02|3110004|2021|8|02.02008.27.813.0300.2477.3.3.90.39.00.100|R|2238.43
32354594|1074148|306|05|3110004|2021|8|05.08001.12.363.0050.2205.3.3.90.30.00.100|R|2967.25
32354595|1074151|303|02|3110004|2021|8|02.02017.10.301.0035.2074.3.1.90.94.00.102|R|100.0
32354596|1074151|303|02|3110004|2021|8|02.02002.02.122.0173.2321.3.3.90.39.00.100|R|2000.0
32354597|1074151|303|02|3110004|2021|8|02.02001.04.122.0309.1242.3.3.90.30.00.100|R|100.0
32354598|1074150|303|02|3110004|2021|8|02.02023.13.392.0319.1031.3.3.90.30.00.100|R|4000.0
32354599|1074151|303|02|3110004|2021|8|02.02001.04.131.0167.2215.3.3.90.36.00.100|R|100.0
32354600|1074151|303|02|3110004|2021|8|02.02008.27.813.0300.2477.3.3.90.39.00.100|R|1761.57
32354601|1074151|303|02|3110004|2021|8|02.02003.04.124.0085.2159.4.4.90.52.00.100|R|100.0
32354602|1074151|303|02|3110004|2021|8|02.02015.06.182.0149.2292.3.3.90.39.00.100|R|3600.0
32354603|1074150|303|02|3110004|2021|8|02.02004.04.122.0094.2170.3.3.90.47.00.100|R|100.0
32354604|1074150|303|02|3110004|2021|8|02.02020.04.392.0223.2491.4.4.90.52.00.100|R|10000.0
32354605|1074151|303|02|3110004|2021|8|02.02003.04.124.0084.2429.3.3.90.14.00.100|R|400.0
32354606|1074151|303|02|3110004|2021|8|02.02010001.10.304.0321.1247.3.3.50.43.00.102|R|6621.71
32354607|1074151|303|02|3110004|2021|8|02.02019.04.122.0164.2214.3.1.90.94.00.100|R|2582.0
32354608|1074151|303|02|3110004|2021|8|02.02003.04.124.0085.2159.3.3.90.14.00.100|R|100.0
32354609|1074150|303|02|3110004|2021|8|02.02012.08.122.0226.2410.3.3.90.47.00.100|R|300.0
32354610|1074151|303|02|3110004|2021|8|02.02008.27.122.0081.2148.3.3.90.92.00.100|R|100.0
32354611|1074151|303|02|3110004|2021|8|02.02003.04.124.0085.2159.3.3.90.36.00.100|R|100.0
32354612|1074150|303|02|3110004|2021|8|02.02012.08.122.0316.2480.3.3.90.93.00.100|R|100.0
32354613|1074151|303|02|3110004|2021|8|02.02007001.12.122.0002.2002.3.3.90.49.00.101|R|6200.0
32354614|1074151|303|02|3110004|2021|8|02.02009.15.451.0072.1087.4.4.90.51.00.100|R|13559.0
32354615|1074150|303|02|3110004|2021|8|02.02003.04.124.0084.2429.4.4.90.52.00.100|R|500.0
32354616|1074150|303|02|3110004|2021|8|02.02008.27.122.0081.2148.3.1.90.16.00.100|R|2000.0
32354617|1074151|303|02|3110004|2021|8|02.02009.15.451.0072.1087.4.4.90.51.00.100|R|18259.58
32354618|1074151|303|02|3110004|2021|8|02.02019.04.122.0164.2214.3.3.90.33.00.100|R|1000.0
32354619|1074150|303|02|3110004|2021|8|02.02012.08.244.0130.2230.4.4.90.52.00.100|R|5000.0
32354620|1074151|303|02|3110004|2021|8|02.02015.06.181.0287.2468.3.3.90.39.00.100|R|1000.0
32354621|1074151|303|02|3110004|2021|8|02.02020.04.122.0223.2434.3.3.90.36.00.100|R|3500.0
32354622|1074151|303|02|3110004|2021|8|02.02007001.12.122.0002.2002.3.3.90.49.00.101|R|2582.0
32354623|1074151|303|02|3110004|2021|8|02.02017.10.301.0035.2074.3.1.90.16.00.102|R|100.0
32354624|1074150|303|02|3110004|2021|8|02.02009.15.451.0311.1242.4.4.90.52.00.100|R|100.0
32354625|1074150|303|02|3110004|2021|8|02.02014.08.122.0224.2409.3.3.90.39.00.100|R|15500.0
32354626|1074150|303|02|3110004|2021|8|02.02014.08.122.0224.2409.3.1.90.94.00.100|R|9000.0
32354627|1074151|303|02|3110004|2021|8|02.02008.27.812.0100.2178.3.3.90.39.00.100|R|5000.0
32354628|1074150|303|02|3110004|2021|8|02.02003.04.124.0084.2429.4.4.90.52.00.100|R|70.0
32354629|1074151|303|02|3110004|2021|8|02.02006.99.999.9999.2162.9.9.99.99.00.100|R|100000.0
32354630|1074151|303|02|3110004|2021|8|02.02007001.12.122.0002.2002.3.3.90.49.00.101|R|7622.5
32354631|1074151|303|02|3110004|2021|8|02.02017.10.301.0029.2063.3.3.90.14.00.102|R|1500.0
32354632|1074151|303|02|3110004|2021|8|02.02010001.10.304.0321.1247.3.3.50.43.00.102|R|10520.39
32354633|1074151|303|02|3110004|2021|8|02.02003.04.124.0084.2429.3.1.90.94.00.100|R|1000.0
32354634|1074151|303|02|3110004|2021|8|02.02017.10.305.0049.2399.4.4.90.52.00.155|R|130300.0
32354635|1074151|303|02|3110004|2021|8|02.02009.04.122.0070.2125.3.3.90.49.00.100|R|2342.1
32354636|1074150|303|02|3110004|2021|8|02.02003.04.124.0084.2429.3.3.90.93.00.100|R|500.0
32354637|1074150|303|02|3110004|2021|8|02.02014.08.122.0224.2409.3.3.90.47.00.100|R|1100.0
32354638|1074151|303|02|3110004|2021|8|02.02016.13.391.0156.2311.3.3.90.30.00.100|R|8000.0
32354639|1074150|303|02|3110004|2021|8|02.02004.04.122.0086.2166.3.1.90.16.00.100|R|100.0
32354640|1074151|303|02|3110004|2021|8|02.02007001.12.364.0227.2411.3.3.90.39.00.100|R|785.15
32354641|1074150|303|02|3110004|2021|8|02.02004.04.122.0094.2170.3.3.90.14.00.100|R|200.0
32354642|1074151|303|02|3110004|2021|8|02.02007001.12.122.0002.2002.3.3.90.49.00.101|R|785.15
32354643|1074151|303|02|3110004|2021|8|02.02001.04.122.0309.1242.4.4.90.52.00.100|R|100.0
32354644|1074151|303|02|3110004|2021|8|02.02007001.12.122.0002.2002.3.3.90.49.00.101|R|23.0
32354645|1074151|303|02|3110004|2021|8|02.02007001.12.122.0002.2002.3.3.90.49.00.101|R|143.44
32354646|1074150|303|02|3110004|2021|8|02.02012.08.122.0316.2480.3.3.90.30.00.100|R|1000.0
32354647|1074151|303|02|3110004|2021|8|02.02008.27.122.0081.2148.3.3.90.93.00.100|R|1000.0
32354648|1074151|303|02|3110004|2021|8|02.02002.02.122.0173.2321.3.3.90.36.00.100|R|500.0
32354649|1074151|303|02|3110004|2021|8|02.02016.13.391.0156.2311.3.3.90.36.00.100|R|100.0
32354650|1074151|303|02|3110004|2021|8|02.02007001.12.361.0019.2041.3.3.90.39.00.101|R|143.44
32354651|1074151|303|02|3110004|2021|8|02.02001.06.181.0169.2217.3.3.90.39.00.100|R|1282.43
32354652|1074151|303|02|3110004|2021|8|02.02019.04.122.0164.2214.3.3.90.93.00.100|R|500.0
32354653|1074150|303|02|3110004|2021|8|02.02020.04.392.0223.2491.3.3.90.39.00.100|R|50000.0
32354654|1074151|303|02|3110004|2021|8|02.02017.10.302.0048.2112.3.3.50.43.00.102|R|61132.29
32354655|1074151|303|02|3110004|2021|8|02.02017.10.302.0048.2112.3.3.50.43.00.102|R|24495.53
32354656|1074151|303|02|3110004|2021|8|02.02012.08.122.0226.2410.4.4.90.52.00.100|R|848.0
32354657|1074151|303|02|3110004|2021|8|02.02007001.12.122.0002.2002.3.3.90.49.00.101|R|1200.0
32354658|1074150|303|02|3110004|2021|8|02.02012.08.122.0316.2480.4.4.90.51.00.100|R|100.0
32354659|1074150|303|02|3110004|2021|8|02.02014.08.122.0166.2314.3.3.90.14.00.100|R|1000.0
32354660|1074151|303|02|3110004|2021|8|02.02017.10.302.0048.2403.3.3.90.30.00.102|R|4428.02
32354661|1074151|303|02|3110004|2021|8|02.02015.06.122.0145.2257.3.3.90.36.00.100|R|1000.0
32354662|1074151|303|02|3110004|2021|8|02.02017.10.302.0048.2112.3.3.50.43.00.102|R|32826.24
32354666|1074151|303|02|3110004|2021|8|02.02007001.12.122.0002.2002.3.3.90.49.00.101|R|4844.0
32354663|1074151|303|02|3110004|2021|8|02.02003.04.124.0084.2429.4.4.90.52.00.100|R|2000.0
32354664|1074151|303|02|3110004|2021|8|02.02009.15.451.0072.1087.4.4.90.51.00.100|R|25000.0
32354665|1074151|303|02|3110004|2021|8|02.02017.10.301.0035.2074.3.3.90.39.00.102|R|85.95
32354667|1074150|303|02|3110004|2021|8|02.02014.08.122.0166.2314.3.3.90.93.00.100|R|10000.0
32354668|1074151|303|02|3110004|2021|8|02.02003.04.124.0085.2159.3.3.90.30.00.100|R|1000.0
32354669|1074151|303|02|3110004|2021|8|02.02019.04.122.0164.2214.3.1.90.94.00.100|R|5700.0
32354670|1074151|303|02|3110004|2021|8|02.02001.04.122.0164.2214.3.3.90.47.00.100|R|100.0
32354671|1074151|303|02|3110004|2021|8|02.02001.06.181.0169.2217.3.3.90.39.00.100|R|3717.57
32354672|1074151|303|02|3110004|2021|8|02.02004.04.122.0094.2170.3.3.90.92.00.100|R|605.35
32354673|1074151|303|02|3110004|2021|8|02.02006.04.122.0202.0003.4.6.90.71.00.100|R|100000.0
32354674|1074150|303|02|3110004|2021|8|02.02012.08.244.0137.1136.4.4.90.52.00.100|R|2500.0
32354675|1074150|303|02|3110004|2021|8|02.02020.04.392.0223.2491.3.3.90.31.00.100|R|1400.0
32354676|1074151|303|02|3110004|2021|8|02.02010001.10.122.0047.2110.4.4.90.52.00.102|R|1707.41
32354677|1074151|303|02|3110004|2021|8|02.02008.27.812.0100.1207.4.4.90.52.00.100|R|1590.0
32354678|1074151|303|02|3110004|2021|8|02.02017.10.302.0043.2099.3.3.90.30.00.102|R|500.0
32354679|1074151|303|02|3110004|2021|8|02.02010001.10.122.0040.2089.3.3.90.93.00.102|R|500.0
32354680|1074150|303|02|3110004|2021|8|02.02020.04.122.0223.2408.3.3.90.33.00.100|R|100.0
32354681|1074151|303|02|3110004|2021|8|02.02002.02.122.0173.2321.3.3.90.93.00.100|R|1000.0
32354682|1074150|303|02|3110004|2021|8|02.02009.15.452.0279.1404.4.4.90.51.00.100|R|280.0
32354683|1074150|303|02|3110004|2021|8|02.02014.08.122.0224.2409.3.3.90.30.00.100|R|1000.0
32354687|1074151|303|02|3110004|2021|8|02.02017.10.301.0029.1071.3.3.90.93.00.102|R|500.0
32354684|1074150|303|02|3110004|2021|8|02.02004.04.122.0094.2170.4.4.90.52.00.100|R|400.0
32354685|1074151|303|02|3110004|2021|8|02.02003.04.124.0084.2429.3.3.90.30.00.100|R|200.0
32354686|1074150|303|02|3110004|2021|8|02.02004.04.122.0094.2170.3.3.90.34.00.100|R|100.0
32354688|1074150|303|02|3110004|2021|8|02.02012.08.122.0316.2480.4.4.90.52.00.100|R|3000.0
32354689|1074150|303|02|3110004|2021|8|02.02020.04.122.0223.2408.3.3.90.30.00.100|R|500.0
32354690|1074151|303|02|3110004|2021|8|02.02016.13.391.0156.2311.3.3.90.32.00.100|R|100.0
32354691|1074150|303|02|3110004|2021|8|02.02020.13.392.0260.2461.3.3.90.39.00.100|R|165000.0
32354692|1074151|303|02|3110004|2021|8|02.02017.10.122.0032.2069.3.3.90.30.00.102|R|6290.58
32354693|1074151|303|02|3110004|2021|8|02.02008.27.813.0300.2477.3.1.90.04.00.100|R|5246.0
32354694|1074150|303|02|3110004|2021|8|02.02012.08.122.0226.2410.4.4.90.52.00.100|R|3020.0
32354695|1074151|303|02|3110004|2021|8|02.02017.10.302.0048.2403.3.3.90.30.00.102|R|3111.98
32354696|1074151|303|02|3110004|2021|8|02.02007001.12.361.0019.2041.3.3.90.39.00.101|R|3158.56
32354697|1074151|303|02|3110004|2021|8|02.02004.04.122.0094.2250.3.3.90.39.00.100|R|498.16
32354698|1074150|303|02|3110004|2021|8|02.02014.08.122.0224.2409.3.3.90.93.00.100|R|1100.0
32354699|1074151|303|02|3110004|2021|8|02.02007001.12.122.0002.2002.3.3.90.49.00.101|R|2286.08
32354700|1074151|303|02|3110004|2021|8|02.02007001.12.361.0019.2041.3.3.90.39.00.101|R|2370.56
32354701|1074151|303|02|3110004|2021|8|02.02009.04.122.0070.2125.3.3.90.49.00.100|R|3417.57
32354702|1074150|303|02|3110004|2021|8|02.02007001.12.364.0227.2411.3.3.90.39.00.100|R|3097.0
32354703|1074150|303|02|3110004|2021|8|02.02013.16.122.0251.2427.3.3.90.47.00.100|R|800.0
32354704|1074151|303|02|3110004|2021|8|02.02015.06.182.0149.2292.3.3.90.32.00.100|R|1000.0
32354705|1074151|303|02|3110004|2021|8|02.02003.04.124.0085.2159.3.3.90.93.00.100|R|100.0
32354706|1074151|303|02|3110004|2021|8|02.02001.04.131.0167.2215.3.3.90.47.00.100|R|100.0
32354707|1074151|303|02|3110004|2021|8|02.02014.08.122.0224.2409.4.4.90.52.00.100|R|556.43
32354708|1074151|303|02|3110004|2021|8|02.02016.13.391.0156.2311.3.3.90.31.00.100|R|10000.0
32354709|1074150|303|02|3110004|2021|8|02.02009.04.122.0070.2125.3.3.90.47.00.100|R|100.0
32354710|1074150|303|02|3110004|2021|8|02.02006.04.122.0093.2160.3.3.90.36.00.100|R|100.0
32354711|1074151|303|02|3110004|2021|8|02.02009.04.122.0070.2125.3.3.90.49.00.100|R|299.0
32354712|1074151|303|02|3110004|2021|8|02.02002.02.122.0173.2321.3.3.90.35.00.100|R|100.0
32354713|1074151|303|02|3110004|2021|8|02.02016.13.391.0156.2311.3.3.90.47.00.100|R|100.0
32354714|1074151|303|02|3110004|2021|8|02.02015.06.182.0212.2392.3.3.90.39.00.100|R|1000.0
32354715|1074151|303|02|3110004|2021|8|02.02015.06.122.0145.2257.3.3.90.92.00.100|R|100.0
32354716|1074150|303|02|3110004|2021|8|02.02009.15.451.0072.1087.3.3.90.93.00.100|R|1000.0
32354717|1074151|303|02|3110004|2021|8|02.02010001.10.122.0040.2089.3.3.90.36.00.102|R|85.0
32354718|1074151|303|02|3110004|2021|8|02.02008.27.813.0300.2477.3.3.90.31.00.100|R|3000.0
32354719|1074150|303|02|3110004|2021|8|02.02013.16.122.0304.1240.3.3.90.39.00.100|R|8500.0
32354720|1074150|303|02|3110004|2021|8|02.02012.08.243.0142.2448.3.3.90.30.00.100|R|6000.0
32354721|1074151|303|02|3110004|2021|8|02.02017.10.305.0049.2399.3.3.90.14.00.102|R|412.23
32354722|1074151|303|02|3110004|2021|8|02.02007001.12.364.0227.2411.3.3.90.39.00.100|R|25000.0
32354723|1074151|303|02|3110004|2021|8|02.02007001.12.122.0002.2456.3.1.90.11.00.100|R|40000.0
32354724|1074150|303|02|3110004|2021|8|02.02012.08.122.0144.1142.3.3.90.36.00.100|R|5000.0
32354725|1074151|303|02|3110004|2021|8|02.02019.04.122.0164.2214.3.3.90.39.00.100|R|18000.0
32354390|1074150|303|02|3110004|2021|8|02.02009.15.452.0071.2137.3.3.90.34.00.100|A|100.0
32354387|1074150|303|02|3110004|2021|8|02.02009.15.452.0071.2137.3.3.90.34.00.100|A|100.0
32354388|1074150|303|02|3110004|2021|8|02.02009.15.452.0071.2137.3.3.90.34.00.100|A|1000.0
32354389|1074150|303|02|3110004|2021|8|02.02009.15.452.0071.2137.3.3.90.34.00.100|A|3000.0
32354391|1074150|303|02|3110004|2021|8|02.02009.15.452.0071.2137.3.3.90.34.00.100|A|100.0
32354392|1074150|303|02|3110004|2021|8|02.02009.15.452.0071.2137.3.3.90.39.00.100|A|10000.0
32354393|1074150|303|02|3110004|2021|8|02.02009.15.452.0071.2137.3.3.90.39.00.100|A|5000.0
32354394|1074150|303|02|3110004|2021|8|02.02009.15.452.0071.2137.3.3.90.39.00.100|A|5000.0
32354395|1074150|303|02|3110004|2021|8|02.02009.15.452.0071.2137.3.3.90.34.00.100|A|1100.0
32354396|1074150|303|02|3110004|2021|8|02.02009.15.452.0071.2137.3.3.90.39.00.100|A|30000.0
32354397|1074150|303|02|3110004|2021|8|02.02009.15.452.0071.2137.3.3.90.39.00.100|A|10000.0
32354398|1074150|303|02|3110004|2021|8|02.02009.15.452.0071.2137.3.3.90.34.00.100|A|1000.0
32354399|1074150|303|02|3110004|2021|8|02.02009.15.452.0071.2137.3.3.90.39.00.100|A|8000.0
32354400|1074150|303|02|3110004|2021|8|02.02009.15.452.0071.2137.3.3.90.39.00.100|A|8500.0
32354401|1074150|303|02|3110004|2021|8|02.02009.15.452.0071.2137.3.3.90.34.00.100|A|173.0
32354402|1074150|303|02|3110004|2021|8|02.02009.15.452.0071.2137.3.3.90.39.00.100|A|50000.0
32354403|1074150|303|02|3110004|2021|8|02.02009.15.452.0071.2137.3.3.90.34.00.100|A|100.0
32354404|1074150|303|02|3110004|2021|8|02.02009.15.452.0071.2137.3.3.90.34.00.100|A|70.0
32354405|1074150|303|02|3110004|2021|8|02.02009.15.452.0071.2137.3.3.90.34.00.100|A|1000.0
32354406|1074150|303|02|3110004|2021|8|02.02009.15.452.0071.2137.3.3.90.34.00.100|A|4000.0
32354407|1074150|303|02|3110004|2021|8|02.02009.15.452.0071.2137.3.3.90.34.00.100|A|500.0
32354408|1074150|303|02|3110004|2021|8|02.02009.15.452.0071.2137.3.3.90.34.00.100|A|500.0
32354409|1074150|303|02|3110004|2021|8|02.02009.15.452.0071.2137.3.3.90.39.00.100|A|6000.0
32354410|1074150|303|02|3110004|2021|8|02.02009.15.452.0071.2137.3.3.90.34.00.100|A|200.0
32354411|1074150|303|02|3110004|2021|8|02.02009.15.452.0071.2137.3.3.90.34.00.100|A|100.0
32354412|1074150|303|02|3110004|2021|8|02.02009.15.452.0071.2137.3.3.90.34.00.100|A|400.0
32354413|1074150|303|02|3110004|2021|8|02.02009.15.452.0071.2137.3.3.90.34.00.100|A|100.0
32354414|1074150|303|02|3110004|2021|8|02.02009.15.452.0071.2137.3.3.90.34.00.100|A|600.0
32354415|1074150|303|02|3110004|2021|8|02.02009.15.452.0071.2137.3.3.90.39.00.100|A|5000.0
32354416|1074150|303|02|3110004|2021|8|02.02009.15.452.0071.2137.3.3.90.39.00.100|A|10000.0
32354417|1074150|303|02|3110004|2021|8|02.02009.15.452.0071.2137.3.3.90.39.00.100|A|8000.0
32354418|1074149|302|01|3110004|2021|8|01.01001.01.031.0001.2339.3.3.90.39.00.100|A|4000.0
32354419|1074148|306|05|3110004|2021|8|05.08001.12.363.0050.2205.3.1.90.04.00.100|A|2967.25
32354420|1074150|303|02|3110004|2021|8|02.02013.16.122.0122.1119.3.3.90.39.00.100|R|8500.0
32354421|1074150|303|02|3110004|2021|8|02.02002.02.122.0173.2321.3.3.90.92.00.100|R|100.0
32354422|1074151|303|02|3110004|2021|8|02.02006.04.122.0093.2161.3.1.90.94.00.100|R|10000.0
32354423|1074151|303|02|3110004|2021|8|02.02012.08.122.0144.1142.3.3.90.30.00.129|R|1095.8
32354424|1074150|303|02|3110004|2021|8|02.02014.08.122.0166.2314.3.3.90.36.00.100|R|10000.0
32354425|1074150|303|02|3110004|2021|8|02.02014.08.122.0166.2314.3.1.90.94.00.100|R|6000.0
32354426|1074150|303|02|3110004|2021|8|02.02003.04.124.0084.2429.3.3.90.35.00.100|R|100.0
32354427|1074150|303|02|3110004|2021|8|02.02003.04.124.0085.2159.3.1.90.04.00.100|R|100.0
32354428|1074150|303|02|3110004|2021|8|02.02009.04.122.0070.2125.3.3.90.92.00.100|R|100.0
32354429|1074151|303|02|3110004|2021|8|02.02019.04.122.0164.2214.3.3.90.14.00.100|R|600.0
32354430|1074151|303|02|3110004|2021|8|02.02015.06.182.0149.2292.3.3.90.30.00.100|R|1000.0
32354431|1074151|303|02|3110004|2021|8|02.02007001.12.122.0002.2002.3.3.90.49.00.101|R|1874.0
32354432|1074151|303|02|3110004|2021|8|02.02007001.12.122.0002.2002.3.3.90.49.00.101|R|8900.0
32354433|1074151|303|02|3110004|2021|8|02.02009.15.451.0072.1087.4.4.90.51.00.124|R|14145.9
32354434|1074151|303|02|3110004|2021|8|02.02017.10.122.0032.2069.3.3.90.14.00.102|R|427.23
32354435|1074150|303|02|3110004|2021|8|02.02012.08.244.0130.2230.3.3.90.36.00.100|R|200.0
32354436|1074151|303|02|3110004|2021|8|02.02004.04.122.0094.2250.3.3.90.39.00.100|R|5.0
32354437|1074150|303|02|3110004|2021|8|02.02020.13.392.0260.2461.3.3.90.31.00.100|R|1000.0
32354438|1074151|303|02|3110004|2021|8|02.02016.13.391.0156.2311.3.3.90.35.00.100|R|19700.0
32354439|1074151|303|02|3110004|2021|8|02.02016.13.391.0156.2311.4.4.90.51.00.100|R|30000.0
32354440|1074150|303|02|3110004|2021|8|02.02006.04.122.0093.2160.3.3.90.33.00.100|R|100.0
32354441|1074151|303|02|3110004|2021|8|02.02010001.10.122.0047.2110.3.1.90.11.00.102|R|100000.0
32354442|1074151|303|02|3110004|2021|8|02.02007001.12.122.0002.2456.3.1.90.13.00.100|R|8177.0
32354443|1074151|303|02|3110004|2021|8|02.02008.27.122.0081.2148.3.3.90.47.00.100|R|100.0
32354444|1074150|303|02|3110004|2021|8|02.02006.04.122.0093.2160.4.4.90.52.00.100|R|8000.0
32354445|1074150|303|02|3110004|2021|8|02.02007001.12.364.0227.2411.3.3.90.30.00.100|R|100.0
32354446|1074150|303|02|3110004|2021|8|02.02020.04.122.0223.2408.3.3.90.14.00.100|R|2000.0
32354447|1074151|303|02|3110004|2021|8|02.02014.08.122.0224.2409.4.4.90.52.00.100|R|1729.65
32354448|1074150|303|02|3110004|2021|8|02.02007001.12.122.0314.1242.4.4.90.52.00.100|R|100.0
32354449|1074151|303|02|3110004|2021|8|02.02004.04.271.0096.2172.3.3.90.08.00.100|R|1000.0
32354450|1074150|303|02|3110004|2021|8|02.02013.16.122.0251.2427.3.3.90.36.00.100|R|4000.0
32354451|1074151|303|02|3110004|2021|8|02.02008.27.812.0100.2156.3.3.90.39.00.100|R|2000.0
32354452|1074150|303|02|3110004|2021|8|02.02012.08.122.0316.2480.3.3.90.39.00.100|R|1000.0
32354453|1074150|303|02|3110004|2021|8|02.02020.04.122.0223.2408.3.1.90.94.00.100|R|5000.0
32354454|1074150|303|02|3110004|2021|8|02.02012.08.243.0142.2448.3.3.90.39.00.100|R|1100.0
32354455|1074151|303|02|3110004|2021|8|02.02010001.10.122.0047.2110.4.4.90.52.00.102|R|1092.59
32354456|1074151|303|02|3110004|2021|8|02.02003.04.124.0084.2429.3.1.90.16.00.100|R|100.0
32354457|1074151|303|02|3110004|2021|8|02.02009.04.122.0070.2125.3.3.90.49.00.100|R|23.0
32354458|1074151|303|02|3110004|2021|8|02.02007001.12.361.0019.2041.3.3.90.39.00.101|R|143.44
32354459|1074150|303|02|3110004|2021|8|02.02009.15.451.0311.1242.3.3.90.30.00.100|R|100.0
32354460|1074150|303|02|3110004|2021|8|02.02006.04.122.0093.2160.3.3.90.93.00.100|R|600.0
32354461|1074150|303|02|3110004|2021|8|02.02013.16.122.0122.1119.3.3.90.04.00.100|R|10000.0
32354463|1074150|303|02|3110004|2021|8|02.02023.13.392.0319.1031.3.3.90.39.00.100|R|3000.0
32354462|1074150|303|02|3110004|2021|8|02.02012.08.122.0144.1142.3.3.90.30.00.100|R|5000.0
32354464|1074151|303|02|3110004|2021|8|02.02006.04.122.0093.2160.3.3.90.39.00.100|R|23561.22
32354465|1074151|303|02|3110004|2021|8|02.02008.27.813.0300.2477.3.3.90.30.00.100|R|6000.0
32354466|1074150|303|02|3110004|2021|8|02.02020.04.392.0223.2491.3.3.90.30.00.100|R|5000.0
32354467|1074151|303|02|3110004|2021|8|02.02012.08.122.0141.2244.3.3.90.30.00.156|R|1404.68
32354468|1074151|303|02|3110004|2021|8|02.02015.06.182.0149.2292.4.4.90.52.00.100|R|9500.0
32354469|1074150|303|02|3110004|2021|8|02.02006.04.122.0093.2161.3.3.90.14.00.100|R|300.0
32354470|1074151|303|02|3110004|2021|8|02.02008.27.122.0081.1253.4.4.90.51.00.164|R|300.0
32354471|1074150|303|02|3110004|2021|8|02.02004.28.843.0099.2175.3.2.90.21.00.100|R|100.0
32354472|1074151|303|02|3110004|2021|8|02.02009.15.451.0072.1087.4.4.90.51.00.100|R|6561.22
32354473|1074151|303|02|3110004|2021|8|02.02006.04.122.0093.2160.3.3.90.39.00.100|R|16261.78
32354474|1074150|303|02|3110004|2021|8|02.02020.04.122.0223.2408.3.3.90.36.00.100|R|100.0
32354475|1074151|303|02|3110004|2021|8|02.02007001.12.122.0002.2002.3.3.90.49.00.101|R|143.44
32354476|1074150|303|02|3110004|2021|8|02.02020.04.122.0223.2408.3.1.90.16.00.100|R|2000.0
32354477|1074150|303|02|3110004|2021|8|02.02014.08.122.0224.2409.3.3.90.36.00.100|R|14000.0
32354478|1074151|303|02|3110004|2021|8|02.02015.06.122.0145.2257.3.1.90.94.00.100|R|13000.0
32354479|1074150|303|02|3110004|2021|8|02.02004.04.122.0094.2170.3.3.90.36.00.100|R|1000.0
32354480|1074150|303|02|3110004|2021|8|02.02004.28.843.0099.2175.4.6.90.71.00.100|R|100.0
32354481|1074151|303|02|3110004|2021|8|02.02001.04.122.0164.2214.3.1.90.94.00.100|R|5000.0
32354482|1074150|303|02|3110004|2021|8|02.02009.04.122.0070.2125.3.3.90.36.00.100|R|100.0
32354483|1074151|303|02|3110004|2021|8|02.02017.10.301.0029.2063.3.3.90.30.00.159|R|20000.0
32354484|1074150|303|02|3110004|2021|8|02.02002.02.122.0173.2321.3.3.90.47.00.100|R|100.0
32354485|1074150|303|02|3110004|2021|8|02.02014.08.122.0166.2314.3.1.90.92.00.100|R|500.0
34115458|1124595|303|02|3110004|2021|10|02.02010001.10.122.0047.2110.3.1.90.16.00.102|A|28000.0
34115455|1124595|303|02|3110004|2021|10|02.02017.10.302.0039.2086.3.1.90.13.00.102|A|15000.0
34115456|1124595|303|02|3110004|2021|10|02.02017.10.302.0048.2112.3.3.50.43.00.102|A|200000.0
34115457|1124595|303|02|3110004|2021|10|02.02017.10.302.0043.2099.3.1.90.04.00.102|A|42000.0
34115459|1124595|303|02|3110004|2021|10|02.02009.15.451.0072.1087.3.3.90.39.00.100|A|275000.0
34115460|1124595|303|02|3110004|2021|10|02.02009.04.122.0070.2125.3.3.90.40.00.100|A|10000.0
34115461|1124595|303|02|3110004|2021|10|02.02017.10.302.0043.2099.3.1.90.13.00.102|A|29000.0
34115462|1124595|303|02|3110004|2021|10|02.02009.15.451.0072.1087.4.4.90.51.00.100|A|250000.0
34115463|1124595|303|02|3110004|2021|10|02.02010001.10.122.0047.2110.3.1.90.11.00.102|A|127000.0
34115464|1124595|303|02|3110004|2021|10|02.02009.04.122.0070.2125.3.3.90.39.00.100|A|500000.0
34115465|1124595|303|02|3110004|2021|10|02.02009.04.122.0070.2125.3.3.90.14.00.100|A|50000.0
34115466|1124595|303|02|3110004|2021|10|02.02010001.10.122.0047.2110.3.3.90.39.00.102|A|123000.0
34115467|1124595|303|02|3110004|2021|10|02.02009.04.122.0070.2125.3.1.90.16.00.100|A|50000.0
34115468|1124595|303|02|3110004|2021|10|02.02010001.10.304.0321.1247.3.3.50.43.00.102|A|150000.0
34115469|1124595|303|02|3110004|2021|10|02.02009.15.452.0071.2137.3.3.90.39.00.100|A|1350000.0
34115470|1124595|303|02|3110004|2021|10|02.02017.10.302.0028.2059.3.1.90.13.00.102|A|40000.0
34115471|1124595|303|02|3110004|2021|10|02.02017.10.122.0032.2069.3.1.90.11.00.102|A|32000.0
34115472|1124595|303|02|3110004|2021|10|02.02017.10.301.0029.2063.3.1.90.04.00.102|A|280000.0
34115473|1124595|303|02|3110004|2021|10|02.02010001.10.122.0047.2110.3.1.90.13.00.102|A|46000.0
34115474|1124595|303|02|3110004|2021|10|02.02010001.10.122.0047.2110.3.1.90.04.00.102|A|45000.0
34115475|1124594|303|02|3110004|2021|10|02.02017.10.302.0080.2104.3.1.90.11.00.102|A|46000.0
34115476|1124594|303|02|3110004|2021|10|02.02017.10.122.0042.2094.3.1.90.13.00.102|A|15000.0
34115477|1124594|303|02|3110004|2021|10|02.02017.10.302.0048.2112.3.3.50.43.00.102|A|1213000.0
34115478|1124594|303|02|3110004|2021|10|02.02017.10.301.0029.2063.3.1.90.13.00.102|A|35000.0
34115479|1124594|303|02|3110004|2021|10|02.02017.10.301.0029.2063.3.1.90.13.00.102|A|75500.0
34115480|1124594|303|02|3110004|2021|10|02.02017.10.305.0049.2399.3.1.90.11.00.102|A|176000.0
34115481|1124594|303|02|3110004|2021|10|02.02017.10.305.0049.2399.3.1.90.11.00.102|A|9500.0
34115482|1124594|303|02|3110004|2021|10|02.02017.10.301.0031.2066.3.1.90.04.00.102|A|259000.0
34115483|1124594|303|02|3110004|2021|10|02.02017.10.301.0029.2063.3.1.90.13.00.102|A|50000.0
34115484|1124594|303|02|3110004|2021|10|02.02009.15.451.0072.1087.4.4.90.51.00.100|A|1000000.0
34115485|1124594|303|02|3110004|2021|10|02.02017.10.301.0031.2066.3.1.90.04.00.102|A|7000.0
34115486|1124594|303|02|3110004|2021|10|02.02017.10.301.0029.2063.3.1.90.13.00.102|A|93000.0
34115487|1124594|303|02|3110004|2021|10|02.02017.10.301.0029.2063.3.1.90.04.00.102|A|500000.0
34115488|1124594|303|02|3110004|2021|10|02.02017.10.302.0080.2104.3.1.90.11.00.102|A|20000.0
34115489|1124594|303|02|3110004|2021|10|02.02017.10.301.0031.2066.3.1.90.13.00.102|A|80000.0
34115490|1124594|303|02|3110004|2021|10|02.02017.10.301.0029.2063.3.1.90.94.00.102|A|90000.0
34115491|1124594|303|02|3110004|2021|10|02.02017.10.122.0042.2094.3.1.90.11.00.102|A|16000.0
34115492|1124594|303|02|3110004|2021|10|02.02017.10.122.0042.2094.3.1.90.11.00.102|A|34000.0
34115493|1124594|303|02|3110004|2021|10|02.02017.10.305.0049.2399.3.1.90.13.00.102|A|75500.0
34115494|1124594|303|02|3110004|2021|10|02.02017.10.301.0029.2063.3.1.90.13.00.102|A|5500.0
34115495|1124594|303|02|3110004|2021|10|02.02017.10.305.0049.2399.3.1.90.04.00.102|A|35000.0
34115496|1124594|303|02|3110004|2021|10|02.02017.10.301.0029.2063.3.1.90.94.00.102|A|10000.0
34115497|1124600|303|02|3110004|2021|10|02.02017.10.122.0322.1248.3.3.50.43.00.159|A|252000.0
34115498|1124599|303|02|3110004|2021|10|02.02007001.12.361.0019.2041.3.3.90.39.00.101|R|4442.46
34115499|1124599|303|02|3110004|2021|10|02.02017.10.122.0042.2094.3.3.90.48.00.102|R|1000.0
34115500|1124599|303|02|3110004|2021|10|02.02007003.12.365.0003.2487.3.1.90.04.00.119|R|2812.05
34115501|1124599|303|02|3110004|2021|10|02.02015.06.122.0145.2257.3.3.90.30.00.100|R|9000.0
34115502|1124599|303|02|3110004|2021|10|02.02009.15.451.0072.1087.4.4.90.51.00.100|R|520.0
34115503|1124599|303|02|3110004|2021|10|02.02011.08.243.0119.2200.3.3.90.30.00.100|R|436.3
34115504|1124599|303|02|3110004|2021|10|02.02014.08.122.0224.2409.4.4.90.52.00.100|R|4759.64
34115505|1124599|303|02|3110004|2021|10|02.02004.04.122.0094.2250.3.3.90.39.00.100|R|695.28
34115506|1124599|303|02|3110004|2021|10|02.02011.08.243.0118.1113.3.3.90.36.00.100|R|500.0
34115507|1124599|303|02|3110004|2021|10|02.02009.15.451.0072.1087.4.4.90.51.00.124|R|1820.0
34115508|1124598|303|02|3110004|2021|10|02.02017.10.302.0080.2104.3.3.90.30.00.159|R|239000.0
34115509|1124597|304|03|3110004|2021|10|03.06001.18.541.0034.1411.4.4.90.52.00.100|R|18150.0
34115510|1124594|303|02|3110004|2021|10|02.02017.10.302.0080.2104.3.1.90.11.00.159|R|15000.0
34115511|1124599|303|02|3110004|2021|10|02.02017.10.301.0029.2063.3.1.90.94.00.102|R|40508.71
34115512|1124599|303|02|3110004|2021|10|02.02017.10.301.0029.2063.3.3.90.39.00.159|R|1027.0
34115513|1124598|303|02|3110004|2021|10|02.02017.10.302.0080.2104.3.1.90.04.00.155|R|21000.0
34115514|1124599|303|02|3110004|2021|10|02.02007001.12.361.0019.2041.3.3.90.39.00.101|R|1407.54
34115515|1124597|304|03|3110004|2021|10|03.06001.17.512.0033.1067.3.3.90.39.00.100|R|38593.14
34115516|1124599|303|02|3110004|2021|10|02.02017.10.301.0031.2066.3.3.90.30.00.159|R|4668.19
34115517|1124597|304|03|3110004|2021|10|03.06001.17.122.0030.2050.3.3.90.35.00.100|R|7200.0
34115518|1124594|303|02|3110004|2021|10|02.02017.10.122.0042.2094.3.1.90.13.00.155|R|5500.0
34115519|1124597|304|03|3110004|2021|10|03.06001.17.512.0079.2053.3.3.90.93.00.100|R|100.0
34115520|1124599|303|02|3110004|2021|10|02.02005.18.541.0034.2031.3.3.90.39.00.124|R|1820.0
34115521|1124598|303|02|3110004|2021|10|02.02017.10.302.0043.2099.3.3.90.30.00.159|R|3900.0
34115522|1124598|303|02|3110004|2021|10|02.02017.10.302.0080.2104.3.1.90.04.00.155|R|43900.0
34115523|1124599|303|02|3110004|2021|10|02.02001.04.131.0167.2215.4.4.90.52.00.100|R|21.48
34115524|1124599|303|02|3110004|2021|10|02.02007001.12.361.0019.2041.3.3.90.39.00.101|R|248713.66
34115525|1124599|303|02|3110004|2021|10|02.02017.10.122.0042.2094.3.3.90.40.00.102|R|177.42
34115526|1124599|303|02|3110004|2021|10|02.02012.08.122.0106.2221.3.3.90.40.00.100|R|25.36
34115527|1124598|303|02|3110004|2021|10|02.02017.10.301.0035.2074.3.1.90.04.00.159|R|25000.0
34115528|1124597|304|03|3110004|2021|10|03.06001.17.122.0030.2050.3.1.90.13.00.100|R|3000.0
34115529|1124599|303|02|3110004|2021|10|02.02012.08.122.0144.1142.3.3.90.39.00.100|R|1900.0
34115530|1124598|303|02|3110004|2021|10|02.02017.10.301.0029.2063.3.3.90.30.00.155|R|400000.0
34115531|1124599|303|02|3110004|2021|10|02.02012.08.122.0144.1142.3.1.90.16.00.100|R|25.36
34115532|1124599|303|02|3110004|2021|10|02.02007003.12.361.0003.2485.3.1.90.04.00.119|R|3605.51
34115533|1124599|303|02|3110004|2021|10|02.02015.06.122.0145.2257.3.1.90.94.00.100|R|1631.94
34115534|1124599|303|02|3110004|2021|10|02.02002.02.122.0173.2321.4.4.90.52.00.100|R|246.01
34115535|1124599|303|02|3110004|2021|10|02.02009.15.451.0072.1087.4.4.90.51.00.100|R|9780.19
34115536|1124599|303|02|3110004|2021|10|02.02007003.12.361.0003.2485.3.1.90.04.00.119|R|4287.86
34115537|1124599|303|02|3110004|2021|10|02.02017.10.302.0048.2403.3.3.90.14.00.102|R|80.24
34115538|1124599|303|02|3110004|2021|10|02.02013.16.122.0122.1119.3.3.90.30.00.100|R|284.97
34115539|1124599|303|02|3110004|2021|10|02.02002.03.092.0198.2328.4.4.90.91.00.100|R|311.46
34115540|1124599|303|02|3110004|2021|10|02.02015.06.122.0145.2257.3.3.90.39.00.100|R|1000.0
34115541|1124599|303|02|3110004|2021|10|02.02017.10.122.0042.2094.3.3.90.40.00.102|R|572.58
34115542|1124599|303|02|3110004|2021|10|02.02013.16.122.0122.1119.3.3.90.47.00.100|R|661.54
34115543|1124599|303|02|3110004|2021|10|02.02003.04.124.0084.2429.3.1.90.11.00.100|R|711.68
34115544|1124597|304|03|3110004|2021|10|03.06001.18.541.0034.1412.4.4.90.52.00.100|R|1000.0
34115545|1124599|303|02|3110004|2021|10|02.02009.15.451.0072.1087.4.4.90.51.00.100|R|1169.81
34115546|1124599|303|02|3110004|2021|10|02.02013.16.122.0122.1119.3.3.90.30.00.100|R|115.03
34115547|1124594|303|02|3110004|2021|10|02.02017.10.305.0049.2399.3.1.90.11.00.159|R|10000.0
34115548|1124599|303|02|3110004|2021|10|02.02009.04.122.0070.2125.3.3.90.39.00.100|R|1028.49
34115262|1124599|303|02|3110004|2021|10|02.02009.15.451.0072.1087.3.3.90.93.00.124|A|1820.0
34115259|1124599|303|02|3110004|2021|10|02.02012.08.122.0226.2410.3.1.90.94.00.100|A|1169.81
34115260|1124599|303|02|3110004|2021|10|02.02015.06.122.0145.2257.3.1.90.13.00.100|A|1239.83
34115261|1124599|303|02|3110004|2021|10|02.02005.18.541.0291.2472.3.3.90.39.00.100|A|115.03
34115263|1124599|303|02|3110004|2021|10|02.02015.06.122.0145.2257.3.1.90.13.00.100|A|894.41
34115264|1124599|303|02|3110004|2021|10|02.02019.04.122.0164.2214.3.1.90.11.00.100|A|974.89
34115265|1124599|303|02|3110004|2021|10|02.02005.18.541.0291.2472.3.3.50.43.00.100|A|312.76
34115266|1124599|303|02|3110004|2021|10|02.02012.08.122.0144.1142.3.1.90.94.00.100|A|4000.0
34115267|1124599|303|02|3110004|2021|10|02.02005.18.541.0291.2472.3.3.90.39.00.100|A|204.32
34115268|1124599|303|02|3110004|2021|10|02.02014.08.122.0166.2314.3.3.90.39.00.100|A|8760.0
34115269|1124599|303|02|3110004|2021|10|02.02014.08.122.0166.2314.3.3.90.39.00.100|A|4649.53
34115270|1124599|303|02|3110004|2021|10|02.02010001.10.122.0040.2089.3.1.90.94.00.102|A|2113.61
34115271|1124599|303|02|3110004|2021|10|02.02009.04.122.0070.2125.4.4.90.52.00.100|A|1409.19
34115272|1124599|303|02|3110004|2021|10|02.02009.04.122.0070.2125.3.3.90.47.00.100|A|618.76
34115273|1124599|303|02|3110004|2021|10|02.02012.08.122.0226.2410.3.1.90.04.00.100|A|18084.28
34115274|1124599|303|02|3110004|2021|10|02.02017.10.301.0029.2063.4.4.90.52.00.155|A|10140.0
34115275|1124599|303|02|3110004|2021|10|02.02010001.10.302.0312.1242.3.3.50.43.00.102|A|7773.99
34115276|1124599|303|02|3110004|2021|10|02.02010001.10.122.0040.2089.3.1.90.16.00.102|A|2031.66
34115277|1124599|303|02|3110004|2021|10|02.02017.10.301.0029.2063.3.1.90.94.00.102|A|5869.39
34115278|1124599|303|02|3110004|2021|10|02.02012.08.122.0144.1142.3.3.90.30.00.100|A|400.0
34115279|1124599|303|02|3110004|2021|10|02.02017.10.305.0049.2399.3.1.90.16.00.102|A|366.0
34115280|1124599|303|02|3110004|2021|10|02.02015.06.122.0145.2257.3.1.90.11.00.100|A|11242.96
34115281|1124599|303|02|3110004|2021|10|02.02012.08.122.0226.2410.3.1.90.04.00.100|A|29800.0
34115282|1124599|303|02|3110004|2021|10|02.02001.04.122.0164.2214.3.3.90.36.00.100|A|7000.0
34115283|1124599|303|02|3110004|2021|10|02.02001.04.122.0164.2214.3.3.90.30.00.100|A|21.48
34115284|1124599|303|02|3110004|2021|10|02.02001.04.122.0164.2214.3.3.90.40.00.100|A|620.73
34115285|1124599|303|02|3110004|2021|10|02.02007001.12.361.0027.2049.3.1.90.94.00.101|A|6969.43
34115286|1124599|303|02|3110004|2021|10|02.02007003.12.361.0003.2484.3.1.90.94.00.118|A|12486.95
34115287|1124599|303|02|3110004|2021|10|02.02012.08.122.0226.2410.3.1.90.94.00.100|A|8288.32
34115288|1124599|303|02|3110004|2021|10|02.02009.04.122.0070.2125.3.1.90.94.00.100|A|2563.7
34115289|1124599|303|02|3110004|2021|10|02.02012.08.122.0144.1142.3.3.90.30.00.100|A|28.93
34115290|1124599|303|02|3110004|2021|10|02.02001.04.122.0164.2214.3.3.90.30.00.100|A|7.08
34115291|1124599|303|02|3110004|2021|10|02.02005.18.541.0291.2472.3.3.50.43.00.100|A|10.79
34115292|1124599|303|02|3110004|2021|10|02.02004.04.122.0094.2170.3.3.90.30.00.100|A|100.0
34115293|1124599|303|02|3110004|2021|10|02.02017.10.302.0080.2104.3.3.90.39.00.159|A|9100.0
34115294|1124599|303|02|3110004|2021|10|02.02010001.10.122.0040.2089.3.1.90.16.00.102|A|37.1
34115295|1124599|303|02|3110004|2021|10|02.02005.18.541.0034.2031.3.3.90.30.00.124|A|1820.0
34115296|1124599|303|02|3110004|2021|10|02.02007003.12.361.0019.2042.3.1.90.94.00.119|A|6069.39
34115297|1124599|303|02|3110004|2021|10|02.02009.04.122.0070.2125.3.1.90.94.00.100|A|1269.33
34115298|1124599|303|02|3110004|2021|10|02.02007001.12.361.0003.2482.3.1.90.94.00.101|A|1700.0
34115299|1124599|303|02|3110004|2021|10|02.02004.04.122.0094.2170.3.1.90.94.00.100|A|2866.0
34115300|1124599|303|02|3110004|2021|10|02.02005.18.541.0034.2031.4.4.90.52.00.124|A|10290.0
34115301|1124599|303|02|3110004|2021|10|02.02012.08.122.0226.2410.3.1.90.94.00.100|A|9000.0
34115302|1124599|303|02|3110004|2021|10|02.02009.15.451.0072.1087.3.3.90.93.00.124|A|1913.52
34115303|1124599|303|02|3110004|2021|10|02.02004.04.122.0094.2170.3.3.90.30.00.100|A|58.52
34115304|1124599|303|02|3110004|2021|10|02.02012.08.122.0144.1142.3.1.90.94.00.100|A|2629.43
34115305|1124599|303|02|3110004|2021|10|02.02001.04.122.0164.2214.3.3.90.39.00.100|A|1000.0
34115306|1124599|303|02|3110004|2021|10|02.02007001.12.361.0003.2062.3.3.90.30.00.101|A|85236.2
34115307|1124599|303|02|3110004|2021|10|02.02007003.12.365.0220.2406.3.1.90.94.00.119|A|2812.05
34115308|1124599|303|02|3110004|2021|10|02.02012.08.122.0226.2410.3.1.90.04.00.100|A|2473.71
34115312|1124599|303|02|3110004|2021|10|02.02007001.12.122.0002.2002.3.3.90.30.00.101|A|958.8
34115309|1124599|303|02|3110004|2021|10|02.02017.10.122.0032.2069.3.3.90.30.00.102|A|17255.1
34115310|1124599|303|02|3110004|2021|10|02.02010001.10.122.0047.2110.3.3.90.39.00.102|A|86866.33
34115311|1124599|303|02|3110004|2021|10|02.02007001.12.365.0003.2006.4.4.90.52.00.101|A|5850.0
34115313|1124599|303|02|3110004|2021|10|02.02012.08.122.0226.2410.3.1.90.04.00.100|A|26379.45
34115314|1124599|303|02|3110004|2021|10|02.02017.10.305.0049.2399.3.1.90.16.00.102|A|80.24
34115315|1124599|303|02|3110004|2021|10|02.02007001.12.361.0027.2049.3.1.90.94.00.101|A|1407.54
34115316|1124599|303|02|3110004|2021|10|02.02019.04.122.0164.2214.3.1.90.11.00.100|A|4202.19
34115317|1124599|303|02|3110004|2021|10|02.02012.08.122.0141.2244.3.1.90.11.00.156|A|19274.52
34115318|1124599|303|02|3110004|2021|10|02.02004.04.122.0094.2170.3.3.90.40.00.100|A|938.46
34115319|1124599|303|02|3110004|2021|10|02.02004.04.122.0094.2170.3.1.90.94.00.100|A|1360.17
34115320|1124599|303|02|3110004|2021|10|02.02007001.12.361.0003.2482.3.1.90.16.00.101|A|1086.87
34115321|1124599|303|02|3110004|2021|10|02.02015.06.122.0145.2257.3.3.90.30.00.100|A|3283.73
34115322|1124599|303|02|3110004|2021|10|02.02007003.12.361.0003.2484.3.1.90.94.00.118|A|9798.81
34115323|1124599|303|02|3110004|2021|10|02.02004.04.122.0094.2170.3.1.90.94.00.100|A|671.3
34115324|1124599|303|02|3110004|2021|10|02.02019.04.122.0164.2214.3.3.90.14.00.100|A|74.12
34115325|1124599|303|02|3110004|2021|10|02.02001.04.122.0164.2214.3.3.90.93.00.100|A|974.64
34115326|1124599|303|02|3110004|2021|10|02.02017.10.122.0032.2069.3.3.90.30.00.102|A|2744.9
34115327|1124599|303|02|3110004|2021|10|02.02015.06.122.0145.2257.3.3.90.30.00.100|A|1631.94
34115328|1124599|303|02|3110004|2021|10|02.02007001.12.361.0003.2482.3.1.90.94.00.101|A|4442.46
34115329|1124599|303|02|3110004|2021|10|02.02010001.10.122.0040.2089.3.1.90.94.00.102|A|1233.67
34115330|1124599|303|02|3110004|2021|10|02.02014.08.122.0224.2409.3.3.90.30.00.100|A|2293.7
34115331|1124599|303|02|3110004|2021|10|02.02017.10.301.0029.2063.3.1.90.94.00.102|A|4029.27
34115332|1124599|303|02|3110004|2021|10|02.02001.04.131.0167.2215.3.3.90.39.00.100|A|695.28
34115333|1124599|303|02|3110004|2021|10|02.02001.04.122.0164.2214.3.3.90.40.00.100|A|329.27
34115334|1124599|303|02|3110004|2021|10|02.02004.04.122.0094.2170.3.3.90.39.00.100|A|271.07
34115335|1124599|303|02|3110004|2021|10|02.02012.08.122.0226.2410.3.1.90.04.00.100|A|18500.0
34115336|1124599|303|02|3110004|2021|10|02.02012.08.122.0141.2244.3.3.90.30.00.100|A|877.63
34115337|1124599|303|02|3110004|2021|10|02.02001.04.122.0164.2214.3.3.90.93.00.100|A|25.36
34115338|1124599|303|02|3110004|2021|10|02.02001.04.122.0164.2214.3.3.90.39.00.100|A|25.36
34115339|1124599|303|02|3110004|2021|10|02.02019.04.122.0164.2214.3.1.90.11.00.100|A|4759.64
34115340|1124599|303|02|3110004|2021|10|02.02002.03.092.0173.2447.3.1.90.16.00.100|A|764.19
34115341|1124599|303|02|3110004|2021|10|02.02010001.10.304.0321.1247.4.4.90.52.00.102|A|572.58
34115342|1124599|303|02|3110004|2021|10|02.02012.08.122.0226.2410.3.1.90.94.00.100|A|9000.0
34115343|1124599|303|02|3110004|2021|10|02.02012.08.122.0226.2410.3.1.90.04.00.100|A|21846.6
34115344|1124599|303|02|3110004|2021|10|02.02014.08.122.0224.2409.3.3.90.30.00.100|A|436.3
34115345|1124599|303|02|3110004|2021|10|02.02014.08.122.0224.2409.3.3.90.30.00.100|A|2967.9
34115346|1124599|303|02|3110004|2021|10|02.02015.06.122.0145.2257.3.3.90.30.00.100|A|4084.33
34115347|1124599|303|02|3110004|2021|10|02.02007001.12.361.0003.2062.3.3.90.39.00.101|A|248713.66
34115348|1124599|303|02|3110004|2021|10|02.02015.06.122.0145.2257.3.1.90.11.00.100|A|9780.19
34115349|1124599|303|02|3110004|2021|10|02.02012.08.122.0141.2244.3.1.90.13.00.156|A|5618.64
34115350|1124599|303|02|3110004|2021|10|02.02004.04.122.0228.2412.3.3.90.36.00.100|A|771.51
34115351|1124599|303|02|3110004|2021|10|02.02007003.12.365.0003.2487.3.1.90.11.00.119|A|5769.96
34115352|1124599|303|02|3110004|2021|10|02.02017.10.122.0032.2069.3.3.90.30.00.159|A|1027.0
34115353|1124599|303|02|3110004|2021|10|02.02004.04.122.0094.2170.3.3.90.30.00.100|A|100.0
34115354|1124599|303|02|3110004|2021|10|02.02012.08.122.0141.2244.3.3.90.30.00.100|A|895.05
34115355|1124599|303|02|3110004|2021|10|02.02017.10.302.0048.2112.3.3.50.43.00.155|A|150000.0
34115356|1124599|303|02|3110004|2021|10|02.02014.08.122.0166.2314.3.3.90.39.00.100|A|711.68
34115552|1124599|303|02|3110004|2021|10|02.02015.06.122.0145.2257.3.1.90.16.00.100|R|122.37
34115549|1124599|303|02|3110004|2021|10|02.02011.08.243.0118.1113.3.3.90.33.00.100|R|100.0
34115550|1124599|303|02|3110004|2021|10|02.02017.10.301.0029.2063.3.1.90.04.00.102|R|86866.33
34115551|1124599|303|02|3110004|2021|10|02.02011.08.243.0175.2218.3.3.90.30.00.100|R|1772.68
34115652|1124594|303|02|3110004|2021|10|02.02017.10.301.0029.2063.3.1.90.94.00.155|R|93000.0
34115651|1124598|303|02|3110004|2021|10|02.02017.10.302.0080.2104.3.1.90.04.00.155|R|15100.0
34115653|1124598|303|02|3110004|2021|10|02.02017.10.302.0080.2104.3.3.90.30.00.159|R|61000.0
34115654|1124599|303|02|3110004|2021|10|02.02011.08.243.0118.1113.3.3.90.47.00.100|R|58.52
34115655|1124599|303|02|3110004|2021|10|02.02014.08.122.0166.2314.3.3.90.49.00.100|R|11099.21
34115656|1124599|303|02|3110004|2021|10|02.02002.03.092.0198.2328.4.4.90.91.00.100|R|329.27
34115657|1124599|303|02|3110004|2021|10|02.02004.04.122.0094.2250.3.3.90.39.00.100|R|312.76
34115658|1124599|303|02|3110004|2021|10|02.02017.10.122.0042.2094.3.3.90.48.00.102|R|3116.0
34115659|1124597|304|03|3110004|2021|10|03.06001.17.512.0079.1060.4.4.90.51.00.100|R|85000.0
34115660|1124594|303|02|3110004|2021|10|02.02017.10.305.0049.2399.3.1.90.11.00.159|R|75500.0
34115661|1124599|303|02|3110004|2021|10|02.02007003.12.365.0003.2487.3.1.90.04.00.119|R|6069.39
34115662|1124599|303|02|3110004|2021|10|02.02013.16.122.0122.1119.3.1.90.11.00.100|R|4649.53
34115663|1124599|303|02|3110004|2021|10|02.02012.08.122.0144.1142.4.4.90.52.00.100|R|1239.83
34115664|1124599|303|02|3110004|2021|10|02.02012.08.244.0137.1136.3.1.90.04.00.100|R|2866.0
34115665|1124599|303|02|3110004|2021|10|02.02013.16.122.0122.1119.3.1.90.11.00.100|R|2350.47
34115666|1124599|303|02|3110004|2021|10|02.02007001.12.365.0019.2454.3.3.90.30.00.101|R|958.8
34115667|1124599|303|02|3110004|2021|10|02.02017.10.305.0049.2399.3.3.90.30.00.159|R|9100.0
34115668|1124599|303|02|3110004|2021|10|02.02012.08.122.0226.2410.4.4.90.52.00.100|R|507.24
34115669|1124599|303|02|3110004|2021|10|02.02009.15.451.0311.1242.4.4.90.51.00.100|R|21846.6
34115670|1124597|304|03|3110004|2021|10|03.06001.17.512.0079.2053.3.3.90.35.00.100|R|1000.0
34115671|1124599|303|02|3110004|2021|10|02.02012.08.122.0106.2221.3.3.90.40.00.100|R|688.54
34115672|1124599|303|02|3110004|2021|10|02.02017.10.301.0029.1071.4.4.90.51.00.153|R|3195.0
34115673|1124599|303|02|3110004|2021|10|02.02001.04.122.0164.2214.3.1.90.94.00.100|R|1047.73
34115674|1124599|303|02|3110004|2021|10|02.02017.10.122.0042.2094.3.3.90.48.00.102|R|2031.66
34115675|1124599|303|02|3110004|2021|10|02.02002.03.092.0198.2328.4.4.90.91.00.100|R|2000.0
34115676|1124599|303|02|3110004|2021|10|02.02014.08.122.0166.2314.3.3.90.36.00.100|R|764.19
34115677|1124599|303|02|3110004|2021|10|02.02001.04.122.0309.1242.3.3.50.43.00.100|R|6132.53
34115678|1124594|303|02|3110004|2021|10|02.02017.10.305.0049.2399.3.1.90.13.00.155|R|75500.0
34115679|1124597|304|03|3110004|2021|10|03.06001.17.512.0033.1067.3.3.90.39.00.100|R|17706.86
34115680|1124594|303|02|3110004|2021|10|02.02017.10.301.0031.2066.3.1.90.04.00.159|R|176000.0
34115681|1124594|303|02|3110004|2021|10|02.02017.10.305.0049.2399.3.1.90.11.00.159|R|20000.0
34115682|1124598|303|02|3110004|2021|10|02.02017.10.305.0049.2399.3.3.90.30.00.155|R|428100.0
34115683|1124594|303|02|3110004|2021|10|02.02017.10.301.0029.2063.3.1.90.94.00.155|R|7000.0
34115684|1124599|303|02|3110004|2021|10|02.02017.10.302.0028.2059.3.3.90.39.00.102|R|366.0
34115685|1124597|304|03|3110004|2021|10|03.06001.17.512.0079.2053.3.3.90.91.00.100|R|3000.0
34115686|1124599|303|02|3110004|2021|10|02.02002.02.122.0173.2321.4.4.90.52.00.100|R|3.99
34115687|1124599|303|02|3110004|2021|10|02.02005.18.541.0034.2031.3.3.90.39.00.124|R|10290.0
34115688|1124599|303|02|3110004|2021|10|02.02004.04.122.0094.2170.3.1.90.16.00.100|R|13814.12
34115689|1124599|303|02|3110004|2021|10|02.02011.08.243.0118.1113.3.3.90.47.00.100|R|41.48
34115690|1124599|303|02|3110004|2021|10|02.02007001.12.365.0019.2454.3.3.90.30.00.101|R|6969.43
34115691|1124599|303|02|3110004|2021|10|02.02011.08.243.0175.2218.4.4.90.52.00.100|R|1409.19
34115692|1124599|303|02|3110004|2021|10|02.02019.04.122.0164.2214.3.3.90.30.00.100|R|74.12
34115696|1124599|303|02|3110004|2021|10|02.02017.10.301.0029.2063.3.1.90.04.00.102|R|4029.27
34115693|1124594|303|02|3110004|2021|10|02.02017.10.301.0031.2066.3.1.90.13.00.159|R|46000.0
34115694|1124599|303|02|3110004|2021|10|02.02011.08.243.0119.2200.3.3.90.39.00.100|R|8760.0
34115695|1124599|303|02|3110004|2021|10|02.02014.08.122.0224.2409.4.4.90.52.00.100|R|620.73
34115697|1124598|303|02|3110004|2021|10|02.02017.10.301.0035.2074.3.1.90.11.00.159|R|28900.0
34115698|1124599|303|02|3110004|2021|10|02.02014.08.122.0166.2314.3.3.90.36.00.100|R|673.57
34115699|1124599|303|02|3110004|2021|10|02.02012.08.122.0226.2410.3.3.90.36.00.100|R|11242.96
34115700|1124599|303|02|3110004|2021|10|02.02014.08.122.0224.2409.3.3.90.49.00.100|R|400.0
34115701|1124598|303|02|3110004|2021|10|02.02017.10.301.0031.2066.3.3.90.04.00.159|R|100000.0
34115702|1124594|303|02|3110004|2021|10|02.02009.15.451.0072.1087.4.4.90.51.00.124|R|1000000.0
34115703|1124599|303|02|3110004|2021|10|02.02001.04.131.0167.2215.4.4.90.52.00.100|R|133.51
34115704|1124594|303|02|3110004|2021|10|02.02017.10.301.0029.2063.3.1.90.04.00.155|R|500000.0
34115705|1124599|303|02|3110004|2021|10|02.02011.08.243.0119.2200.3.3.90.36.00.100|R|1465.0
34115706|1124599|303|02|3110004|2021|10|02.02003.04.124.0084.2429.3.1.90.11.00.100|R|8288.32
34115707|1124599|303|02|3110004|2021|10|02.02012.08.122.0141.2244.4.4.90.52.00.100|R|894.41
34115708|1124594|303|02|3110004|2021|10|02.02017.10.301.0031.2066.3.1.90.13.00.159|R|34000.0
34115709|1124599|303|02|3110004|2021|10|02.02017.10.301.0029.2063.3.1.90.04.00.102|R|7773.99
34115710|1124599|303|02|3110004|2021|10|02.02009.15.451.0072.1087.4.4.90.51.00.124|R|1913.52
34115711|1124599|303|02|3110004|2021|10|02.02009.15.451.0072.1087.4.4.90.51.00.100|R|3283.73
34115712|1124599|303|02|3110004|2021|10|02.02007001.12.365.0019.2454.3.3.90.39.00.101|R|1086.87
34115713|1124599|303|02|3110004|2021|10|02.02015.06.122.0145.2257.3.3.90.39.00.100|R|9000.0
34115714|1124599|303|02|3110004|2021|10|02.02007001.12.365.0019.2454.3.3.90.39.00.101|R|174.47
34115715|1124598|303|02|3110004|2021|10|02.02017.10.301.0035.2074.3.3.90.30.00.159|R|7000.0
34115716|1124599|303|02|3110004|2021|10|02.02017.10.301.0029.2063.3.1.90.94.00.102|R|7773.99
34115717|1124596|306|05|3110004|2021|10|05.08001.12.363.0050.2205.3.3.90.30.00.100|R|2702.59
34115718|1124599|303|02|3110004|2021|10|02.02019.04.122.0164.2214.3.3.90.30.00.100|R|21.48
34115719|1124599|303|02|3110004|2021|10|02.02007001.12.122.0002.2002.3.3.90.49.00.101|R|5850.0
34115720|1124599|303|02|3110004|2021|10|02.02014.08.122.0224.2409.3.3.90.39.00.100|R|158.52
34115358|1124599|303|02|3110004|2021|10|02.02007003.12.365.0220.2406.3.1.90.94.00.119|A|3605.51
34115357|1124599|303|02|3110004|2021|10|02.02007003.12.365.0003.2486.3.1.90.94.00.118|A|4287.86
34115359|1124599|303|02|3110004|2021|10|02.02012.08.122.0226.2410.3.1.90.04.00.100|A|13814.12
34115360|1124599|303|02|3110004|2021|10|02.02012.08.122.0144.1142.3.1.90.94.00.100|A|2368.06
34115361|1124599|303|02|3110004|2021|10|02.02009.04.122.0070.2125.4.4.90.52.00.100|A|507.24
34115362|1124599|303|02|3110004|2021|10|02.02005.18.541.0291.2472.3.3.90.30.00.100|A|688.54
34115363|1124599|303|02|3110004|2021|10|02.02007001.12.361.0003.2062.3.3.90.39.00.101|A|248713.67
34115364|1124599|303|02|3110004|2021|10|02.02007003.12.365.0220.2406.3.1.90.16.00.119|A|213.24
34115365|1124599|303|02|3110004|2021|10|02.02007001.12.122.0002.2002.3.3.90.30.00.101|A|1700.0
34115366|1124599|303|02|3110004|2021|10|02.02017.10.301.0029.1071.3.3.90.93.00.153|A|3195.0
34115367|1124599|303|02|3110004|2021|10|02.02010001.10.304.0321.1247.4.4.90.52.00.102|A|318.42
34115368|1124599|303|02|3110004|2021|10|02.02012.08.122.0144.1142.3.3.90.30.00.100|A|284.97
34115369|1124599|303|02|3110004|2021|10|02.02017.10.301.0029.2063.4.4.90.52.00.155|A|78100.0
34115370|1124599|303|02|3110004|2021|10|02.02015.06.122.0145.2257.3.1.90.13.00.100|A|2590.0
34115371|1124599|303|02|3110004|2021|10|02.02009.04.122.0070.2125.3.1.90.04.00.100|A|2000.0
34115372|1124599|303|02|3110004|2021|10|02.02005.18.541.0291.2472.3.3.90.39.00.100|A|500.0
34115373|1124599|303|02|3110004|2021|10|02.02002.03.092.0173.2447.3.1.90.16.00.100|A|1465.0
34115374|1124599|303|02|3110004|2021|10|02.02010001.10.122.0040.2089.3.3.90.14.00.102|A|3116.0
34115375|1124599|303|02|3110004|2021|10|02.02009.04.122.0070.2125.3.3.90.40.00.100|A|158.52
34115376|1124599|303|02|3110004|2021|10|02.02009.04.122.0070.2125.3.3.90.47.00.100|A|1047.73
34115377|1124599|303|02|3110004|2021|10|02.02001.04.122.0164.2214.3.3.90.36.00.100|A|2601.28
34115378|1124599|303|02|3110004|2021|10|02.02009.04.122.0070.2125.3.3.90.40.00.100|A|237.49
34115379|1124599|303|02|3110004|2021|10|02.02001.04.122.0164.2214.3.3.90.39.00.100|A|122.37
34115380|1124599|303|02|3110004|2021|10|02.02001.04.122.0164.2214.3.3.90.36.00.100|A|2350.47
34115384|1124599|303|02|3110004|2021|10|02.02014.08.122.0166.2314.3.3.90.39.00.100|A|7609.02
34115381|1124599|303|02|3110004|2021|10|02.02015.06.122.0145.2257.3.1.90.11.00.100|A|11099.21
34115382|1124599|303|02|3110004|2021|10|02.02004.04.122.0094.2170.3.3.90.40.00.100|A|1772.68
34115383|1124599|303|02|3110004|2021|10|02.02001.04.131.0167.2215.3.3.90.39.00.100|A|3398.72
34115385|1124599|303|02|3110004|2021|10|02.02009.04.122.0070.2125.3.1.90.94.00.100|A|3390.59
34115386|1124599|303|02|3110004|2021|10|02.02009.04.122.0070.2125.3.1.90.04.00.100|A|1146.59
34115387|1124599|303|02|3110004|2021|10|02.02009.04.122.0070.2125.3.1.90.04.00.100|A|752.17
34115388|1124599|303|02|3110004|2021|10|02.02004.04.122.0094.2170.3.3.90.40.00.100|A|1028.49
34115389|1124599|303|02|3110004|2021|10|02.02007001.12.365.0003.2006.4.4.90.52.00.101|A|165359.83
34115390|1124599|303|02|3110004|2021|10|02.02004.04.122.0094.2170.3.3.90.30.00.100|A|41.48
34115391|1124599|303|02|3110004|2021|10|02.02004.04.122.0228.2412.3.3.90.36.00.100|A|1205.89
34115392|1124599|303|02|3110004|2021|10|02.02017.10.305.0049.2399.3.1.90.94.00.102|A|962.9
34115393|1124599|303|02|3110004|2021|10|02.02009.04.122.0070.2125.4.4.90.52.00.100|A|673.57
34115394|1124599|303|02|3110004|2021|10|02.02007003.12.361.0003.2484.3.1.90.94.00.118|A|2106.63
34115395|1124599|303|02|3110004|2021|10|02.02009.04.122.0070.2125.3.3.90.93.00.100|A|78.52
34115396|1124598|303|02|3110004|2021|10|02.02017.10.301.0031.2066.3.1.90.04.00.159|A|80000.0
34115397|1124598|303|02|3110004|2021|10|02.02017.10.301.0031.2066.3.1.90.04.00.159|A|25000.0
34115398|1124598|303|02|3110004|2021|10|02.02017.10.301.0031.2066.3.1.90.13.00.159|A|35000.0
34115399|1124598|303|02|3110004|2021|10|02.02017.10.302.0080.2104.3.1.90.11.00.159|A|7000.0
34115400|1124598|303|02|3110004|2021|10|02.02017.10.301.0029.2063.3.1.90.13.00.155|A|15100.0
34115401|1124598|303|02|3110004|2021|10|02.02017.10.302.0048.2112.3.3.50.43.00.155|A|428100.0
34115402|1124598|303|02|3110004|2021|10|02.02017.10.302.0080.2104.3.1.90.11.00.159|A|16100.0
34115403|1124598|303|02|3110004|2021|10|02.02017.10.301.0031.2066.3.1.90.13.00.159|A|16100.0
34115404|1124598|303|02|3110004|2021|10|02.02017.10.301.0031.2066.3.1.90.04.00.159|A|61000.0
34115405|1124598|303|02|3110004|2021|10|02.02017.10.301.0031.2066.3.1.90.13.00.159|A|28900.0
34115406|1124598|303|02|3110004|2021|10|02.02017.10.301.0031.2066.3.1.90.04.00.159|A|100000.0
34115407|1124598|303|02|3110004|2021|10|02.02017.10.302.0080.2104.3.1.90.11.00.159|A|3900.0
34115408|1124598|303|02|3110004|2021|10|02.02017.10.301.0029.2063.3.1.90.13.00.155|A|43900.0
34115409|1124598|303|02|3110004|2021|10|02.02017.10.302.0048.2112.3.3.50.43.00.155|A|384900.0
34115410|1124598|303|02|3110004|2021|10|02.02017.10.302.0048.2112.3.3.50.43.00.155|A|400000.0
34115411|1124598|303|02|3110004|2021|10|02.02017.10.302.0048.2112.3.3.50.43.00.159|A|418838.0
34115412|1124598|303|02|3110004|2021|10|02.02017.10.302.0048.2112.3.3.50.43.00.159|A|239000.0
34115413|1124598|303|02|3110004|2021|10|02.02017.10.122.0042.2094.3.1.90.11.00.155|A|15100.0
34115414|1124598|303|02|3110004|2021|10|02.02017.10.302.0048.2112.3.3.50.43.00.159|A|21000.0
34115415|1124597|304|03|3110004|2021|10|03.06001.17.512.0079.2053.3.1.90.04.00.100|A|0.14
34115416|1124597|304|03|3110004|2021|10|03.06001.17.512.0033.2054.3.3.90.39.00.100|A|18150.0
34115417|1124597|304|03|3110004|2021|10|03.06001.17.512.0079.2053.3.3.90.39.00.100|A|38593.14
34115418|1124597|304|03|3110004|2021|10|03.06001.17.512.0079.2053.3.1.90.04.00.100|A|3000.0
34115419|1124597|304|03|3110004|2021|10|03.06001.17.512.0079.2053.3.1.90.04.00.100|A|6699.86
34115420|1124597|304|03|3110004|2021|10|03.06001.17.512.0033.2054.3.3.90.39.00.100|A|22000.0
34115421|1124597|304|03|3110004|2021|10|03.06001.17.512.0079.2053.3.1.90.04.00.100|A|8000.0
34115422|1124597|304|03|3110004|2021|10|03.06001.17.512.0079.2053.3.1.90.04.00.100|A|3000.0
34115423|1124597|304|03|3110004|2021|10|03.06001.17.512.0079.2053.3.1.90.04.00.100|A|1000.0
34115424|1124597|304|03|3110004|2021|10|03.06001.17.512.0033.2054.3.3.90.39.00.100|A|6143.14
34115425|1124597|304|03|3110004|2021|10|03.06001.17.512.0033.2054.3.3.90.39.00.100|A|16000.0
34115426|1124597|304|03|3110004|2021|10|03.06001.17.512.0079.2053.3.1.90.04.00.100|A|3000.0
34115427|1124597|304|03|3110004|2021|10|03.06001.17.512.0079.2053.3.1.90.04.00.100|A|5000.0
34115428|1124597|304|03|3110004|2021|10|03.06001.17.512.0079.2053.3.1.90.04.00.100|A|8000.0
34115429|1124597|304|03|3110004|2021|10|03.06001.17.512.0079.2053.3.1.90.04.00.100|A|10000.0
34115430|1124597|304|03|3110004|2021|10|03.06001.17.512.0079.2053.3.3.90.39.00.100|A|85000.0
34115431|1124597|304|03|3110004|2021|10|03.06001.17.512.0079.2053.3.1.90.04.00.100|A|100.0
34115432|1124597|304|03|3110004|2021|10|03.06001.17.512.0079.2053.3.1.90.04.00.100|A|1000.0
34115433|1124597|304|03|3110004|2021|10|03.06001.17.512.0033.2054.3.3.90.39.00.100|A|17706.86
34115434|1124597|304|03|3110004|2021|10|03.06001.17.512.0079.2053.3.1.90.04.00.100|A|1000.0
34115435|1124597|304|03|3110004|2021|10|03.06001.17.512.0079.2053.3.1.90.04.00.100|A|7200.0
34115436|1124596|306|05|3110004|2021|10|05.08001.12.363.0050.2205.3.1.90.04.00.100|A|3000.0
34115437|1124596|306|05|3110004|2021|10|05.08001.12.363.0050.2205.3.1.90.04.00.100|A|2702.59
34115438|1124596|306|05|3110004|2021|10|05.08001.12.363.0050.2205.3.1.90.04.00.100|A|1479.6
34115439|1124595|303|02|3110004|2021|10|02.02010001.10.122.0040.2089.3.3.90.46.00.102|A|30000.0
34115440|1124595|303|02|3110004|2021|10|02.02009.15.452.0071.2137.3.3.90.34.00.100|A|480000.0
34115441|1124595|303|02|3110004|2021|10|02.02017.10.302.0028.2059.3.1.90.11.00.102|A|130000.0
34115442|1124595|303|02|3110004|2021|10|02.02009.15.122.0115.2395.3.3.90.39.00.100|A|250000.0
34115443|1124595|303|02|3110004|2021|10|02.02009.04.122.0070.2125.3.3.90.30.00.100|A|200000.0
34115444|1124595|303|02|3110004|2021|10|02.02017.10.302.0113.2394.3.3.72.39.00.102|A|80000.0
34115445|1124595|303|02|3110004|2021|10|02.02010001.10.122.0040.2089.3.1.90.13.00.102|A|20000.0
34115446|1124595|303|02|3110004|2021|10|02.02017.10.302.0080.2104.3.1.90.13.00.102|A|23000.0
34115447|1124595|303|02|3110004|2021|10|02.02010001.10.061.0297.2476.3.3.90.91.00.102|A|50000.0
34115448|1124595|303|02|3110004|2021|10|02.02017.10.301.0029.2063.3.1.90.11.00.102|A|300000.0
34115449|1124595|303|02|3110004|2021|10|02.02010001.10.122.0047.2110.3.3.90.14.00.102|A|17000.0
34115450|1124595|303|02|3110004|2021|10|02.02010001.10.122.0040.2089.3.1.90.11.00.102|A|70000.0
34115451|1124595|303|02|3110004|2021|10|02.02017.10.302.0039.2086.3.1.90.11.00.102|A|50000.0
34115452|1124595|303|02|3110004|2021|10|02.02009.15.122.0251.2426.3.3.90.36.00.100|A|25000.0
34115453|1124595|303|02|3110004|2021|10|02.02017.10.302.0043.2099.3.1.90.11.00.102|A|68000.0
34115454|1124595|303|02|3110004|2021|10|02.02017.10.122.0032.2069.3.1.90.13.00.102|A|5000.0
34115241|1124599|303|02|3110004|2021|10|02.02001.04.122.0164.2214.3.3.90.36.00.100|A|6132.53
34115238|1124599|303|02|3110004|2021|10|02.02009.04.122.0070.2125.3.3.90.47.00.100|A|133.51
34115239|1124599|303|02|3110004|2021|10|02.02009.04.122.0070.2125.3.3.90.40.00.100|A|3.99
34115240|1124599|303|02|3110004|2021|10|02.02005.18.541.0291.2472.3.3.90.30.00.100|A|311.46
34115242|1124599|303|02|3110004|2021|10|02.02010001.10.302.0312.1242.3.3.50.43.00.102|A|40508.71
34115243|1124599|303|02|3110004|2021|10|02.02017.10.305.0049.2399.3.1.90.94.00.102|A|177.42
34115244|1124599|303|02|3110004|2021|10|02.02019.04.122.0164.2214.3.3.90.14.00.100|A|21.48
34115245|1124599|303|02|3110004|2021|10|02.02017.10.301.0029.2063.3.1.90.16.00.159|A|4668.19
34115246|1124599|303|02|3110004|2021|10|02.02002.03.092.0173.2447.3.1.90.16.00.100|A|661.54
34115247|1124599|303|02|3110004|2021|10|02.02005.18.541.0291.2472.3.3.50.43.00.100|A|520.0
34115248|1124599|303|02|3110004|2021|10|02.02010001.10.061.0297.2476.3.3.90.91.00.102|A|7773.99
34115249|1124599|303|02|3110004|2021|10|02.02009.04.122.0070.2125.3.3.90.93.00.100|A|41.48
34115250|1124599|303|02|3110004|2021|10|02.02010001.10.061.0297.2476.3.3.90.91.00.102|A|15226.01
34115251|1124599|303|02|3110004|2021|10|02.02004.04.122.0094.2170.3.3.90.39.00.100|A|246.01
34115252|1124599|303|02|3110004|2021|10|02.02001.04.131.0167.2215.3.3.90.39.00.100|A|5906.0
34115253|1124599|303|02|3110004|2021|10|02.02010001.10.122.0047.2110.3.1.90.94.00.102|A|13225.83
34115254|1124599|303|02|3110004|2021|10|02.02010001.10.122.0040.2089.3.1.90.16.00.102|A|1000.0
34115255|1124599|303|02|3110004|2021|10|02.02004.04.122.0228.2412.3.3.90.36.00.100|A|1900.0
34115256|1124599|303|02|3110004|2021|10|02.02007001.12.122.0002.2001.3.1.90.16.00.101|A|174.47
34115257|1124599|303|02|3110004|2021|10|02.02007001.12.361.0003.2062.3.3.90.30.00.101|A|5850.0
34115258|1124599|303|02|3110004|2021|10|02.02012.08.122.0226.2410.3.1.90.04.00.100|A|25000.0
34115555|1124599|303|02|3110004|2021|10|02.02007003.12.361.0003.2485.3.1.90.04.00.119|R|2106.63
34115553|1124597|304|03|3110004|2021|10|03.06001.17.122.0030.2050.3.3.90.93.00.100|R|6143.14
34115554|1124599|303|02|3110004|2021|10|02.02013.16.122.0122.1119.3.1.90.13.00.100|R|7000.0
34115556|1124599|303|02|3110004|2021|10|02.02014.08.122.0224.2409.3.1.90.13.00.100|R|25000.0
34115557|1124599|303|02|3110004|2021|10|02.02009.15.451.0072.1087.4.4.90.51.00.100|R|671.3
34115558|1124599|303|02|3110004|2021|10|02.02007001.12.122.0002.2002.3.3.90.49.00.101|R|85236.2
34115559|1124599|303|02|3110004|2021|10|02.02011.08.243.0118.1113.3.3.90.30.00.100|R|5906.0
34115560|1124599|303|02|3110004|2021|10|02.02017.10.301.0029.2063.3.1.90.13.00.102|R|17255.1
34115561|1124594|303|02|3110004|2021|10|02.02017.10.122.0042.2094.3.1.90.11.00.155|R|50000.0
34115562|1124599|303|02|3110004|2021|10|02.02017.10.301.0029.2063.3.1.90.04.00.102|R|2744.9
34115563|1124599|303|02|3110004|2021|10|02.02012.08.122.0141.2244.3.3.90.39.00.100|R|4084.33
34115564|1124599|303|02|3110004|2021|10|02.02012.08.122.0144.1142.3.3.90.30.00.100|R|2967.9
34115565|1124599|303|02|3110004|2021|10|02.02012.08.122.0141.2244.4.4.90.52.00.100|R|1146.59
34115566|1124599|303|02|3110004|2021|10|02.02017.10.301.0029.2063.3.1.90.13.00.102|R|15226.01
34115567|1124599|303|02|3110004|2021|10|02.02013.16.122.0122.1119.3.3.90.04.00.100|R|3398.72
34115568|1124598|303|02|3110004|2021|10|02.02017.10.301.0029.2063.3.3.90.30.00.159|R|418838.0
34115569|1124597|304|03|3110004|2021|10|03.06001.17.512.0079.1209.4.4.90.52.00.100|R|1000.0
34115570|1124597|304|03|3110004|2021|10|03.06001.17.122.0030.2050.3.1.90.11.00.100|R|16000.0
34115571|1124599|303|02|3110004|2021|10|02.02014.08.122.0224.2409.4.4.90.52.00.100|R|10.79
34115572|1124599|303|02|3110004|2021|10|02.02007001.12.365.0019.2454.3.3.90.30.00.101|R|5850.0
34115573|1124599|303|02|3110004|2021|10|02.02011.08.243.0119.2200.3.3.90.30.00.100|R|2563.7
34115574|1124597|304|03|3110004|2021|10|03.06001.17.122.0030.2050.3.3.90.93.00.100|R|6699.86
34115575|1124594|303|02|3110004|2021|10|02.02017.10.302.0080.2104.3.1.90.11.00.159|R|35000.0
34115576|1124596|306|05|3110004|2021|10|05.08001.13.392.0063.2463.3.3.90.39.00.100|R|3000.0
34115577|1124596|306|05|3110004|2021|10|05.08001.12.363.0050.2205.3.3.90.39.00.100|R|1479.6
34115578|1124597|304|03|3110004|2021|10|03.06001.17.512.0079.1060.4.4.90.52.00.100|R|8000.0
34115579|1124599|303|02|3110004|2021|10|02.02017.10.122.0042.2094.3.3.90.48.00.102|R|1233.67
34115580|1124599|303|02|3110004|2021|10|02.02007003.12.361.0015.2035.3.1.90.04.00.118|R|9798.81
34115581|1124599|303|02|3110004|2021|10|02.02010001.10.122.0040.2089.3.3.90.49.00.102|R|962.9
34115582|1124599|303|02|3110004|2021|10|02.02017.10.305.0049.2399.3.3.90.39.00.155|R|150000.0
34115583|1124599|303|02|3110004|2021|10|02.02004.04.122.0094.2250.3.3.90.39.00.100|R|4202.19
34115584|1124599|303|02|3110004|2021|10|02.02009.15.451.0072.1087.4.4.90.51.00.100|R|1269.33
34115585|1124599|303|02|3110004|2021|10|02.02014.08.122.0166.2314.3.3.90.49.00.100|R|2473.71
34115586|1124599|303|02|3110004|2021|10|02.02003.04.124.0084.2429.3.1.90.13.00.100|R|4000.0
34115587|1124599|303|02|3110004|2021|10|02.02014.08.122.0224.2409.3.1.90.16.00.100|R|100.0
34115588|1124598|303|02|3110004|2021|10|02.02017.10.302.0043.2099.3.3.90.30.00.159|R|16100.0
34115589|1124599|303|02|3110004|2021|10|02.02007003.12.365.0003.2487.3.1.90.04.00.119|R|5769.96
34115590|1124598|303|02|3110004|2021|10|02.02017.10.302.0080.2104.3.3.90.30.00.155|R|15100.0
34115591|1124599|303|02|3110004|2021|10|02.02012.08.243.0142.2448.3.3.90.48.00.100|R|1205.89
34115592|1124599|303|02|3110004|2021|10|02.02014.08.122.0224.2409.3.3.90.39.00.100|R|41.48
34115593|1124599|303|02|3110004|2021|10|02.02010001.10.122.0040.2089.3.3.90.49.00.102|R|37.1
34115594|1124597|304|03|3110004|2021|10|03.06001.17.512.0079.2053.3.1.90.11.00.100|R|22000.0
34115595|1124599|303|02|3110004|2021|10|02.02014.08.122.0166.2314.3.3.90.49.00.100|R|7609.02
34115596|1124599|303|02|3110004|2021|10|02.02017.10.301.0029.2063.3.1.90.13.00.102|R|2113.61
34115597|1124597|304|03|3110004|2021|10|03.06001.17.512.0079.2053.3.1.90.13.00.100|R|8000.0
34115598|1124594|303|02|3110004|2021|10|02.02017.10.302.0048.2112.3.3.50.43.00.155|R|1213000.0
34115599|1124597|304|03|3110004|2021|10|03.06001.17.512.0033.2054.3.1.90.13.00.100|R|5000.0
34115600|1124599|303|02|3110004|2021|10|02.02014.08.122.0224.2409.4.4.90.52.00.100|R|7.08
34115601|1124599|303|02|3110004|2021|10|02.02007003.12.361.0015.2035.3.1.90.11.00.118|R|12486.95
34115602|1124594|303|02|3110004|2021|10|02.02017.10.301.0031.2066.3.1.90.04.00.159|R|90000.0
34115603|1124599|303|02|3110004|2021|10|02.02011.08.243.0175.2218.3.3.90.36.00.100|R|237.49
34115604|1124599|303|02|3110004|2021|10|02.02009.15.451.0072.1087.4.4.90.51.00.100|R|2629.43
34115605|1124599|303|02|3110004|2021|10|02.02001.04.131.0167.2215.4.4.90.52.00.100|R|895.05
34115606|1124598|303|02|3110004|2021|10|02.02017.10.302.0080.2104.3.3.90.30.00.155|R|384900.0
34115607|1124599|303|02|3110004|2021|10|02.02007003.12.365.0003.2487.3.1.90.04.00.119|R|213.24
34115608|1124594|303|02|3110004|2021|10|02.02017.10.302.0080.2104.3.1.90.11.00.159|R|16000.0
34115609|1124599|303|02|3110004|2021|10|02.02009.15.451.0072.1087.4.4.90.51.00.100|R|2293.7
34115610|1124599|303|02|3110004|2021|10|02.02009.15.451.0311.1242.4.4.90.51.00.100|R|3390.59
34115611|1124598|303|02|3110004|2021|10|02.02017.10.301.0029.2063.3.3.90.39.00.159|R|80000.0
34115612|1124599|303|02|3110004|2021|10|02.02012.08.122.0144.1142.4.4.90.52.00.100|R|1360.17
34115613|1124599|303|02|3110004|2021|10|02.02012.08.243.0142.2448.3.1.90.04.00.100|R|29800.0
34115614|1124599|303|02|3110004|2021|10|02.02004.04.122.0094.2250.3.3.90.39.00.100|R|271.07
34115615|1124599|303|02|3110004|2021|10|02.02015.06.122.0145.2257.3.1.90.16.00.100|R|877.63
34115616|1124599|303|02|3110004|2021|10|02.02012.08.122.0258.2433.3.3.90.04.00.156|R|5618.64
34115617|1124599|303|02|3110004|2021|10|02.02007001.12.365.0019.2454.3.3.90.30.00.101|R|1700.0
34115618|1124599|303|02|3110004|2021|10|02.02017.10.302.0048.2403.3.3.90.14.00.102|R|318.42
34115619|1124594|303|02|3110004|2021|10|02.02017.10.305.0049.2399.3.1.90.11.00.159|R|80000.0
34115620|1124599|303|02|3110004|2021|10|02.02017.10.301.0029.2063.3.3.90.39.00.155|R|78100.0
34115621|1124597|304|03|3110004|2021|10|03.06001.17.512.0033.2054.3.1.90.11.00.100|R|3000.0
34115622|1124599|303|02|3110004|2021|10|02.02012.08.122.0144.1142.3.1.90.16.00.100|R|974.64
34115623|1124599|303|02|3110004|2021|10|02.02007001.12.366.0003.1407.3.3.90.30.00.101|R|1700.0
34115624|1124599|303|02|3110004|2021|10|02.02017.10.305.0049.2399.4.4.90.52.00.155|R|10140.0
34115625|1124599|303|02|3110004|2021|10|02.02001.08.244.0170.2219.3.3.50.43.00.100|R|18084.28
34115626|1124599|303|02|3110004|2021|10|02.02015.06.122.0145.2257.3.1.90.94.00.100|R|2368.06
34115627|1124599|303|02|3110004|2021|10|02.02009.04.122.0070.2125.3.3.90.39.00.100|R|771.51
34115628|1124599|303|02|3110004|2021|10|02.02009.15.451.0072.1087.4.4.90.51.00.100|R|2590.0
34115629|1124597|304|03|3110004|2021|10|03.06001.17.512.0033.1066.4.4.90.52.00.100|R|10000.0
34115630|1124599|303|02|3110004|2021|10|02.02012.08.122.0226.2410.4.4.90.52.00.100|R|618.76
34115631|1124599|303|02|3110004|2021|10|02.02012.08.243.0142.2448.3.3.90.48.00.100|R|752.17
34115632|1124599|303|02|3110004|2021|10|02.02013.16.122.0122.1119.3.3.90.04.00.100|R|2601.28
34115633|1124598|303|02|3110004|2021|10|02.02017.10.301.0035.2074.3.1.90.04.00.159|R|35000.0
34115634|1124599|303|02|3110004|2021|10|02.02017.10.301.0029.2063.3.1.90.04.00.102|R|13225.83
34115635|1124599|303|02|3110004|2021|10|02.02013.16.122.0122.1119.3.3.90.47.00.100|R|938.46
34115636|1124598|303|02|3110004|2021|10|02.02017.10.301.0035.2074.3.1.90.13.00.159|R|16100.0
34115637|1124599|303|02|3110004|2021|10|02.02001.04.131.0167.2215.4.4.90.52.00.100|R|78.52
34115638|1124594|303|02|3110004|2021|10|02.02017.10.305.0049.2399.3.1.90.04.00.155|R|35000.0
34115639|1124594|303|02|3110004|2021|10|02.02017.10.301.0029.2063.3.1.90.13.00.155|R|259000.0
34115640|1124597|304|03|3110004|2021|10|03.06001.17.122.0030.2050.3.3.90.93.00.100|R|0.14
34115641|1124599|303|02|3110004|2021|10|02.02012.08.122.0258.2433.3.1.90.11.00.156|R|19274.52
34115642|1124599|303|02|3110004|2021|10|02.02002.02.122.0173.2321.3.1.90.11.00.100|R|26379.45
34115643|1124599|303|02|3110004|2021|10|02.02007001.12.365.0019.2454.3.3.90.39.00.101|R|248713.67
34115644|1124599|303|02|3110004|2021|10|02.02004.04.122.0094.2250.3.3.90.39.00.100|R|28.93
34115645|1124599|303|02|3110004|2021|10|02.02004.04.122.0094.2250.3.3.90.39.00.100|R|204.32
34115646|1124594|303|02|3110004|2021|10|02.02017.10.122.0042.2094.3.1.90.13.00.155|R|9500.0
34115647|1124599|303|02|3110004|2021|10|02.02014.08.122.0224.2409.3.1.90.04.00.100|R|18500.0
34115648|1124599|303|02|3110004|2021|10|02.02007001.12.361.0019.2041.3.3.90.39.00.101|R|165359.83
34115649|1124599|303|02|3110004|2021|10|02.02009.15.451.0072.1087.4.4.90.51.00.100|R|974.89
34115650|1124599|303|02|3110004|2021|10|02.02017.10.301.0029.2063.3.1.90.13.00.102|R|5869.39
34115947|1124603|303|02|3110004|2021|11|02.02007001.12.365.0019.2454.3.3.90.39.00.101|R|91086.2
34115944|1124603|303|02|3110004|2021|11|02.02005.18.122.0008.2018.3.3.90.36.00.100|R|59.41
34115945|1124603|303|02|3110004|2021|11|02.02009.15.451.0072.1087.4.4.90.51.00.100|R|453.91
34115946|1124603|303|02|3110004|2021|11|02.02007001.12.361.0003.1200.4.4.90.51.00.101|R|2834.71
34115948|1124603|303|02|3110004|2021|11|02.02009.15.451.0311.1242.4.4.90.51.00.100|R|297.86
34115949|1124603|303|02|3110004|2021|11|02.02014.08.122.0166.2314.3.1.90.11.00.100|R|508.0
34115950|1124603|303|02|3110004|2021|11|02.02017.10.302.0080.2104.3.3.90.39.00.155|R|42000.0
34115951|1124603|303|02|3110004|2021|11|02.02006.04.122.0202.0003.3.2.90.21.00.100|R|1812.11
34115952|1124603|303|02|3110004|2021|11|02.02004.04.122.0094.2170.3.3.90.46.00.100|R|1206.0
34115953|1124603|303|02|3110004|2021|11|02.02010001.10.304.0321.1247.3.3.50.43.00.102|R|50873.73
34115954|1124603|303|02|3110004|2021|11|02.02004.04.122.0094.2170.3.1.90.13.00.100|R|402.53
34115955|1124603|303|02|3110004|2021|11|02.02012.08.244.0128.2223.3.3.90.32.00.100|R|1145.67
34115956|1124602|304|03|3110004|2021|11|03.06001.17.122.0030.2050.3.1.90.11.00.100|R|337.79
34115957|1124603|303|02|3110004|2021|11|02.02005.18.541.0034.2031.3.3.90.30.00.100|R|20.71
34115958|1124602|304|03|3110004|2021|11|03.06001.17.512.0079.2053.3.3.90.14.00.100|R|1040.0
34115959|1124603|303|02|3110004|2021|11|02.02007001.12.364.0227.2411.3.3.90.39.00.100|R|2858.0
34115960|1124602|304|03|3110004|2021|11|03.06001.17.122.0030.2050.3.1.90.11.00.100|R|7728.25
34115961|1124602|304|03|3110004|2021|11|03.06001.17.122.0030.2050.3.3.90.47.00.100|R|5000.0
34115962|1124603|303|02|3110004|2021|11|02.02009.15.451.0072.1087.4.4.90.51.00.100|R|38061.27
34115963|1124603|303|02|3110004|2021|11|02.02017.10.122.0322.1248.4.4.90.52.00.154|R|4000.0
34115964|1124604|302|01|3110004|2021|11|01.01001.01.031.0001.1181.4.4.90.51.00.100|R|1500.0
34115965|1124603|303|02|3110004|2021|11|02.02001.08.244.0170.2219.3.3.50.43.00.100|R|8187.89
34115966|1124603|303|02|3110004|2021|11|02.02004.04.122.0094.2170.3.1.90.16.00.100|R|110.5
34115967|1124603|303|02|3110004|2021|11|02.02020.04.122.0223.2408.3.3.90.39.00.100|R|1327.1
34115968|1124605|303|02|3110004|2021|11|02.02009.15.451.0072.1087.4.4.90.51.00.100|R|133000.0
34115969|1124603|303|02|3110004|2021|11|02.02006.99.999.9999.2162.9.9.99.99.00.100|R|10190.37
34115970|1124603|303|02|3110004|2021|11|02.02005.18.541.0034.2031.3.3.90.31.00.100|R|100.0
34115971|1124603|303|02|3110004|2021|11|02.02002.03.092.0198.2328.3.1.90.91.00.100|R|260.53
34115972|1124603|303|02|3110004|2021|11|02.02020.04.122.0223.2408.3.3.90.39.00.100|R|319.49
34115973|1124603|303|02|3110004|2021|11|02.02004.04.122.0094.2250.3.3.90.39.00.100|R|144.49
34115974|1124603|303|02|3110004|2021|11|02.02007001.12.365.0019.2454.3.3.90.39.00.101|R|2103.8
34115975|1124603|303|02|3110004|2021|11|02.02007001.12.365.0019.2454.3.3.90.39.00.101|R|1617.14
34115976|1124603|303|02|3110004|2021|11|02.02006.04.122.0093.2160.4.4.90.52.00.100|R|578.46
34115977|1124603|303|02|3110004|2021|11|02.02007003.12.365.0003.2006.3.3.90.30.00.119|R|310.16
34115978|1124603|303|02|3110004|2021|11|02.02004.04.122.0094.2170.3.3.90.46.00.100|R|3794.0
34115979|1124603|303|02|3110004|2021|11|02.02006.04.122.0093.2160.4.4.90.52.00.100|R|1812.11
34115980|1124601|306|05|3110004|2021|11|05.08001.12.363.0050.2205.3.3.90.36.00.100|R|293.36
34115981|1124603|303|02|3110004|2021|11|02.02007001.12.365.0019.2454.3.3.90.39.00.101|R|157.02
34115982|1124603|303|02|3110004|2021|11|02.02006.04.122.0093.2160.3.3.90.30.00.100|R|263.71
34115983|1124603|303|02|3110004|2021|11|02.02017.10.301.0029.2063.3.3.90.30.00.159|R|61742.93
34115984|1124603|303|02|3110004|2021|11|02.02006.04.122.0093.2160.4.4.90.52.00.100|R|2170.44
34115985|1124602|304|03|3110004|2021|11|03.06001.17.512.0079.2053.3.1.90.11.00.100|R|16336.8
34115986|1124603|303|02|3110004|2021|11|02.02007001.12.361.0003.2062.3.3.90.39.00.101|R|421341.13
34115987|1124602|304|03|3110004|2021|11|03.06001.17.122.0030.2050.3.1.90.94.00.100|R|6000.0
34115988|1124603|303|02|3110004|2021|11|02.02009.15.451.0072.1087.4.4.90.51.00.100|R|2988.0
34115992|1124603|303|02|3110004|2021|11|02.02010001.10.304.0321.1247.3.3.50.43.00.102|R|10802.07
34115989|1124603|303|02|3110004|2021|11|02.02006.04.122.0202.0003.4.6.90.71.00.100|R|7626.64
34115990|1124603|303|02|3110004|2021|11|02.02005.18.541.0034.2031.3.3.90.30.00.100|R|71.29
34115991|1124603|303|02|3110004|2021|11|02.02005.18.122.0008.2018.3.3.90.30.00.100|R|28.0
34115993|1124603|303|02|3110004|2021|11|02.02005.18.122.0008.2018.3.3.90.36.00.100|R|40.59
34115994|1124603|303|02|3110004|2021|11|02.02007001.12.361.0003.2329.3.3.90.36.00.101|R|5427.9
34115995|1124602|304|03|3110004|2021|11|03.06001.17.512.0079.2053.3.1.90.13.00.100|R|2035.94
34115996|1124603|303|02|3110004|2021|11|02.02010001.10.304.0321.1247.3.3.50.43.00.102|R|4684.69
34115997|1124603|303|02|3110004|2021|11|02.02007001.12.365.0019.2454.3.3.90.39.00.101|R|42.98
34115998|1124603|303|02|3110004|2021|11|02.02014.08.122.0166.2314.3.1.90.11.00.100|R|53000.0
34115999|1124602|304|03|3110004|2021|11|03.06001.17.122.0030.2050.3.1.90.13.00.100|R|2526.77
34116000|1124603|303|02|3110004|2021|11|02.02004.04.271.0096.2172.3.1.90.01.00.100|R|400.0
34116001|1124603|303|02|3110004|2021|11|02.02012.08.244.0128.2223.3.3.90.32.00.100|R|140.8
34116002|1124602|304|03|3110004|2021|11|03.06001.17.512.0079.1058.4.4.90.51.00.100|R|180000.0
34116003|1124603|303|02|3110004|2021|11|02.02014.08.122.0166.2314.3.1.90.11.00.100|R|97825.0
34116004|1124603|303|02|3110004|2021|11|02.02006.99.999.9999.2162.9.9.99.99.00.100|R|14517.51
34116005|1124603|303|02|3110004|2021|11|02.02007001.12.361.0003.1200.4.4.90.51.00.101|R|885.37
34116006|1124603|303|02|3110004|2021|11|02.02014.08.122.0166.2314.3.1.90.11.00.100|R|195.0
34116007|1124602|304|03|3110004|2021|11|03.06001.17.122.0030.2050.3.1.90.91.00.100|R|50000.0
34116008|1124603|303|02|3110004|2021|11|02.02009.04.122.0070.2125.3.3.90.30.00.100|R|105.09
34116009|1124603|303|02|3110004|2021|11|02.02017.10.301.0029.2063.3.3.90.04.00.159|R|5303.97
34116010|1124603|303|02|3110004|2021|11|02.02007001.12.365.0019.2454.3.3.90.39.00.101|R|1665.29
34116011|1124601|306|05|3110004|2021|11|05.08001.12.363.0050.2205.3.3.90.36.00.100|R|706.64
34116012|1124603|303|02|3110004|2021|11|02.02017.10.301.0031.2066.3.3.90.30.00.159|R|13178.51
34116013|1124603|303|02|3110004|2021|11|02.02006.04.122.0093.2160.3.3.90.30.00.100|R|186.29
34116014|1124603|303|02|3110004|2021|11|02.02017.10.301.0029.2063.3.3.90.30.00.159|R|5303.97
34116015|1124603|303|02|3110004|2021|11|02.02005.18.122.0011.2028.3.3.90.39.00.100|R|68.2
34116016|1124603|303|02|3110004|2021|11|02.02009.15.451.0072.1087.4.4.90.51.00.100|R|260.53
34115848|1124602|304|03|3110004|2021|11|03.06001.17.512.0079.2053.3.3.90.39.00.100|A|50000.0
34115847|1124602|304|03|3110004|2021|11|03.06001.17.512.0079.2440.4.4.90.51.00.100|A|7728.25
34115849|1124602|304|03|3110004|2021|11|03.06001.17.512.0079.2440.4.4.90.51.00.100|A|4281.14
34115850|1124602|304|03|3110004|2021|11|03.06001.17.512.0079.2053.3.3.90.39.00.100|A|337.79
34115851|1124602|304|03|3110004|2021|11|03.06001.17.512.0079.2053.3.3.90.39.00.100|A|16336.8
34115852|1124602|304|03|3110004|2021|11|03.06001.17.122.0030.2050.3.3.90.46.00.100|A|1040.0
34115853|1124602|304|03|3110004|2021|11|03.06001.17.512.0079.2440.4.4.90.51.00.100|A|2035.94
34115854|1124602|304|03|3110004|2021|11|03.06001.17.122.0030.2050.3.3.90.46.00.100|A|509.4
34115855|1124602|304|03|3110004|2021|11|03.06001.17.512.0079.2440.4.4.90.51.00.100|A|6000.0
34115856|1124602|304|03|3110004|2021|11|03.06001.17.512.0079.2440.4.4.90.51.00.100|A|5000.0
34115857|1124602|304|03|3110004|2021|11|03.06001.17.512.0079.2440.4.4.90.51.00.100|A|5000.0
34115858|1124602|304|03|3110004|2021|11|03.06001.17.122.0030.2050.3.3.90.46.00.100|A|450.6
34115859|1124602|304|03|3110004|2021|11|03.06001.17.512.0079.2053.3.3.90.39.00.100|A|15625.0
34115860|1124602|304|03|3110004|2021|11|03.06001.17.512.0079.2440.4.4.90.51.00.100|A|667.33
34115861|1124602|304|03|3110004|2021|11|03.06001.17.512.0079.2440.4.4.90.51.00.100|A|2526.77
34115862|1124602|304|03|3110004|2021|11|03.06001.17.512.0079.2053.3.3.90.39.00.100|A|180000.0
34115863|1124602|304|03|3110004|2021|11|03.06001.17.512.0079.2053.3.3.90.39.00.100|A|59457.84
34115864|1124602|304|03|3110004|2021|11|03.06001.17.122.0030.2050.3.3.90.46.00.100|A|1000.0
34115865|1124601|306|05|3110004|2021|11|05.08001.12.363.0050.2205.3.1.90.04.00.100|A|6413.54
34115866|1124601|306|05|3110004|2021|11|05.08001.12.363.0050.2205.3.1.90.04.00.100|A|706.64
34115867|1124601|306|05|3110004|2021|11|05.08001.12.363.0055.2368.3.1.90.13.00.100|A|293.36
34115868|1124601|306|05|3110004|2021|11|05.08001.12.363.0050.2205.3.1.90.04.00.100|A|4313.02
34115869|1124603|303|02|3110004|2021|11|02.02005.18.541.0034.2031.3.3.90.36.00.100|R|100.0
34115870|1124603|303|02|3110004|2021|11|02.02014.08.122.0166.2314.3.1.90.11.00.100|R|22.4
34115871|1124603|303|02|3110004|2021|11|02.02005.18.122.0011.2028.3.3.90.30.00.100|R|5823.36
34115872|1124603|303|02|3110004|2021|11|02.02007001.12.361.0003.1200.4.4.90.51.00.101|R|100884.44
34115873|1124603|303|02|3110004|2021|11|02.02006.04.122.0202.0003.4.6.90.71.00.100|R|2373.36
34115874|1124601|306|05|3110004|2021|11|05.08001.12.363.0050.2205.3.1.90.13.00.100|R|6413.54
34115875|1124603|303|02|3110004|2021|11|02.02004.04.122.0094.2170.3.1.90.13.00.100|R|712.83
34115876|1124603|303|02|3110004|2021|11|02.02007001.12.364.0227.2411.3.3.90.39.00.100|R|867.0
34115877|1124602|304|03|3110004|2021|11|03.06001.17.512.0079.2053.3.3.90.47.00.100|R|509.4
34115878|1124603|303|02|3110004|2021|11|02.02007001.12.365.0019.2454.3.3.90.39.00.101|R|1056.07
34115879|1124603|303|02|3110004|2021|11|02.02006.04.122.0202.0003.3.2.90.21.00.100|R|8187.89
34115880|1124603|303|02|3110004|2021|11|02.02004.04.122.0094.2250.3.3.90.39.00.100|R|130.51
34115881|1124603|303|02|3110004|2021|11|02.02020.04.122.0223.2408.3.3.90.39.00.100|R|3.71
34115882|1124603|303|02|3110004|2021|11|02.02004.04.122.0094.2170.3.1.90.13.00.100|R|1073.87
34115883|1124603|303|02|3110004|2021|11|02.02006.99.999.9999.2162.9.9.99.99.00.100|R|1812.12
34115884|1124603|303|02|3110004|2021|11|02.02009.15.451.0072.1087.4.4.90.51.00.100|R|136.09
34115885|1124603|303|02|3110004|2021|11|02.02005.18.122.0011.2028.3.3.90.39.00.100|R|639.8
34115886|1124603|303|02|3110004|2021|11|02.02011.08.243.0120.2115.3.3.50.43.00.100|R|602.49
34115887|1124603|303|02|3110004|2021|11|02.02007001.12.361.0003.1200.4.4.90.51.00.101|R|1703.63
34115888|1124603|303|02|3110004|2021|11|02.02002.02.122.0173.2321.4.4.90.52.00.100|R|2298.93
34115889|1124603|303|02|3110004|2021|11|02.02007001.12.365.0019.2454.3.3.90.39.00.101|R|157.02
34115890|1124603|303|02|3110004|2021|11|02.02007001.12.361.0003.2062.3.3.90.30.00.101|R|91086.2
34115891|1124603|303|02|3110004|2021|11|02.02007001.12.361.0003.1200.4.4.90.51.00.101|R|54863.44
34115892|1124603|303|02|3110004|2021|11|02.02014.08.122.0166.2314.3.1.90.11.00.100|R|712.8
34115893|1124603|303|02|3110004|2021|11|02.02002.02.122.0173.2321.4.4.90.52.00.100|R|36.07
34115894|1124603|303|02|3110004|2021|11|02.02010001.10.304.0321.1247.3.3.50.43.00.102|R|460.52
34115895|1124603|303|02|3110004|2021|11|02.02003.04.124.0084.2429.3.3.90.14.00.100|R|28.01
34115896|1124603|303|02|3110004|2021|11|02.02014.08.122.0166.2314.3.3.90.49.00.100|R|415.2
34115897|1124602|304|03|3110004|2021|11|03.06001.17.512.0033.2054.3.1.90.11.00.100|R|4281.14
34115898|1124603|303|02|3110004|2021|11|02.02010001.10.304.0321.1247.3.3.50.43.00.102|R|785.74
34115899|1124603|303|02|3110004|2021|11|02.02009.15.451.0311.1242.4.4.90.51.00.100|R|705.14
34115900|1124602|304|03|3110004|2021|11|03.06001.17.512.0033.2054.3.1.90.13.00.100|R|667.33
34115901|1124603|303|02|3110004|2021|11|02.02002.03.092.0198.2328.3.1.90.91.00.100|R|5345.09
34115902|1124603|303|02|3110004|2021|11|02.02011.08.243.0120.2115.3.3.50.43.00.100|R|19353.57
34115903|1124603|303|02|3110004|2021|11|02.02011.08.243.0120.2115.3.3.50.43.00.100|R|15278.6
34115904|1124603|303|02|3110004|2021|11|02.02020.04.122.0223.2408.3.3.90.39.00.100|R|99.29
34115905|1124603|303|02|3110004|2021|11|02.02007001.12.365.0019.2454.3.3.90.39.00.101|R|216913.8
34115906|1124603|303|02|3110004|2021|11|02.02007003.12.365.0003.2006.3.3.90.30.00.119|R|3506.33
34115907|1124603|303|02|3110004|2021|11|02.02007001.12.365.0019.2454.3.3.90.39.00.101|R|1588.28
34115908|1124603|303|02|3110004|2021|11|02.02009.15.451.0072.1087.4.4.90.51.00.100|R|2169.99
34115909|1124603|303|02|3110004|2021|11|02.02010001.10.304.0321.1247.3.3.50.43.00.102|R|2942.78
34115910|1124603|303|02|3110004|2021|11|02.02020.04.122.0223.2408.3.3.90.39.00.100|R|0.01
34115911|1124603|303|02|3110004|2021|11|02.02009.15.451.0072.1087.4.4.90.51.00.100|R|240.6
34115912|1124603|303|02|3110004|2021|11|02.02017.10.302.0080.2104.3.3.90.30.00.155|R|80000.0
34115913|1124603|303|02|3110004|2021|11|02.02005.18.122.0008.2018.3.3.90.30.00.100|R|0.01
34115914|1124603|303|02|3110004|2021|11|02.02009.15.451.0072.1087.4.4.90.51.00.100|R|19721.4
34115915|1124603|303|02|3110004|2021|11|02.02009.15.451.0072.1087.4.4.90.51.00.100|R|748.76
34115916|1124603|303|02|3110004|2021|11|02.02014.08.122.0166.2314.3.3.90.49.00.100|R|494.86
34115917|1124603|303|02|3110004|2021|11|02.02017.10.301.0029.2063.3.3.90.04.00.159|R|34696.03
34115918|1124603|303|02|3110004|2021|11|02.02007001.12.361.0003.2329.3.3.90.36.00.101|R|3512.71
34115919|1124603|303|02|3110004|2021|11|02.02012.08.122.0106.2221.3.3.90.40.00.100|R|182.4
34115920|1124603|303|02|3110004|2021|11|02.02007001.12.361.0003.1200.4.4.90.51.00.101|R|1665.29
34115921|1124602|304|03|3110004|2021|11|03.06001.17.512.0033.2054.3.1.90.13.00.100|R|450.6
34115922|1124602|304|03|3110004|2021|11|03.06001.17.122.0030.2050.3.3.90.36.00.100|R|5000.0
34115923|1124603|303|02|3110004|2021|11|02.02005.18.122.0011.2028.3.3.90.30.00.100|R|4176.64
34115924|1124603|303|02|3110004|2021|11|02.02012.08.122.0226.2410.3.3.90.30.00.129|R|13074.68
34115925|1124603|303|02|3110004|2021|11|02.02013.16.122.0122.1119.3.3.90.48.00.100|R|2000.0
34115926|1124603|303|02|3110004|2021|11|02.02011.08.243.0120.2115.3.3.50.43.00.100|R|17765.34
34115927|1124603|303|02|3110004|2021|11|02.02009.15.451.0072.1087.4.4.90.51.00.100|R|867.0
34115928|1124603|303|02|3110004|2021|11|02.02007001.12.361.0003.2329.3.3.90.36.00.101|R|439.68
34115929|1124603|303|02|3110004|2021|11|02.02001.08.244.0170.2219.3.3.50.43.00.100|R|1812.11
34115930|1124603|303|02|3110004|2021|11|02.02009.15.451.0072.1087.4.4.90.51.00.100|R|317.22
34115931|1124603|303|02|3110004|2021|11|02.02006.04.122.0093.2160.4.4.90.52.00.100|R|8187.89
34115932|1124603|303|02|3110004|2021|11|02.02003.04.124.0084.2429.3.3.90.14.00.100|R|6.99
34115933|1124603|303|02|3110004|2021|11|02.02009.15.451.0072.1087.4.4.90.51.00.100|R|40042.33
34115934|1124603|303|02|3110004|2021|11|02.02009.04.122.0070.2125.3.3.90.30.00.100|R|14.91
34115935|1124601|306|05|3110004|2021|11|05.08001.12.363.0050.2205.3.1.90.11.00.100|R|4313.02
34115936|1124603|303|02|3110004|2021|11|02.02004.04.122.0094.2170.3.1.90.13.00.100|R|4597.47
34115937|1124602|304|03|3110004|2021|11|03.06001.17.512.0033.2054.3.3.90.47.00.100|R|1000.0
34115938|1124603|303|02|3110004|2021|11|02.02017.10.305.0049.2399.3.3.90.39.00.155|R|35580.0
34115939|1124602|304|03|3110004|2021|11|03.06001.17.122.0030.2050.3.3.90.91.00.100|R|59457.84
34115940|1124603|303|02|3110004|2021|11|02.02008.27.122.0081.2148.3.3.90.36.00.100|R|842.0
34115941|1124603|303|02|3110004|2021|11|02.02009.15.451.0072.1087.4.4.90.51.00.100|R|5942.25
34115942|1124602|304|03|3110004|2021|11|03.06001.17.512.0079.1059.4.4.90.52.00.100|R|15625.0
34115943|1124603|303|02|3110004|2021|11|02.02012.08.122.0106.2221.3.3.90.40.00.100|R|1261.13
34115721|1124605|303|02|3110004|2021|11|02.02014.08.122.0166.2314.4.4.90.92.00.100|A|133000.0
34115722|1124604|302|01|3110004|2021|11|01.01001.01.031.0001.2466.3.3.90.39.00.100|A|1500.0
34115723|1124603|303|02|3110004|2021|11|02.02019.04.122.0164.2214.3.1.90.11.00.100|A|19353.57
34115724|1124603|303|02|3110004|2021|11|02.02001.04.122.0164.2214.3.3.90.30.00.100|A|40.59
34115725|1124603|303|02|3110004|2021|11|02.02001.04.122.0164.2214.3.3.90.30.00.100|A|100.0
34115726|1124603|303|02|3110004|2021|11|02.02007003.12.361.0019.2042.3.1.90.11.00.119|A|3506.33
34115727|1124603|303|02|3110004|2021|11|02.02007001.12.361.0003.2482.3.1.90.16.00.101|A|1588.28
34115728|1124603|303|02|3110004|2021|11|02.02008.27.812.0100.1207.3.3.90.30.00.100|A|8187.89
34115729|1124603|303|02|3110004|2021|11|02.02010001.10.122.0040.2089.3.1.90.16.00.102|A|785.74
34115730|1124603|303|02|3110004|2021|11|02.02008.27.812.0100.1207.3.3.90.31.00.100|A|19721.4
34115731|1124603|303|02|3110004|2021|11|02.02006.04.122.0093.2160.3.3.90.93.00.100|A|319.49
34115732|1124603|303|02|3110004|2021|11|02.02017.10.122.0322.1248.3.3.90.30.00.154|A|4000.0
34115733|1124603|303|02|3110004|2021|11|02.02001.04.122.0164.2214.3.3.90.93.00.100|A|6.99
34115734|1124603|303|02|3110004|2021|11|02.02008.27.122.0081.2148.3.3.90.36.00.100|A|136.09
34115735|1124603|303|02|3110004|2021|11|02.02012.08.122.0141.2244.3.3.90.04.00.100|A|842.0
34115736|1124603|303|02|3110004|2021|11|02.02007001.12.361.0003.2062.3.3.90.39.00.101|A|1665.29
34115737|1124603|303|02|3110004|2021|11|02.02009.04.122.0070.2125.3.1.90.94.00.100|A|7626.64
34115738|1124603|303|02|3110004|2021|11|02.02019.04.122.0164.2214.3.1.90.13.00.100|A|5823.36
34115739|1124603|303|02|3110004|2021|11|02.02012.08.122.0141.2244.3.1.90.94.00.100|A|2170.44
34115740|1124603|303|02|3110004|2021|11|02.02007001.12.122.0002.2001.3.1.90.94.00.101|A|1703.63
34115741|1124603|303|02|3110004|2021|11|02.02008.27.812.0100.1207.3.3.90.30.00.100|A|1812.11
34115742|1124603|303|02|3110004|2021|11|02.02017.10.302.0048.2112.3.3.50.43.00.159|A|34696.03
34115743|1124603|303|02|3110004|2021|11|02.02012.08.122.0141.2244.3.3.90.04.00.100|A|195.0
34115744|1124603|303|02|3110004|2021|11|02.02017.10.302.0048.2112.3.3.50.43.00.159|A|5303.97
34115745|1124603|303|02|3110004|2021|11|02.02017.10.305.0049.2399.3.1.90.94.00.102|A|2942.78
34115746|1124603|303|02|3110004|2021|11|02.02007001.12.361.0003.2062.3.3.90.39.00.101|A|2834.71
34115747|1124603|303|02|3110004|2021|11|02.02008.27.812.0100.1207.3.3.90.39.00.100|A|602.49
34115748|1124603|303|02|3110004|2021|11|02.02007001.12.361.0003.2062.3.3.90.32.00.101|A|216913.8
34115752|1124603|303|02|3110004|2021|11|02.02008.27.122.0081.2148.3.3.90.30.00.100|A|2373.36
34115749|1124603|303|02|3110004|2021|11|02.02004.04.122.0086.2166.3.1.90.11.00.100|A|10190.37
34115750|1124603|303|02|3110004|2021|11|02.02009.04.122.0070.2125.4.4.90.52.00.100|A|186.29
34115751|1124603|303|02|3110004|2021|11|02.02007001.12.361.0003.2482.3.1.90.16.00.101|A|885.37
34115753|1124603|303|02|3110004|2021|11|02.02004.04.122.0086.2166.3.1.90.13.00.100|A|2169.99
34115754|1124603|303|02|3110004|2021|11|02.02014.08.122.0224.2409.3.3.90.30.00.100|A|297.86
34115755|1124603|303|02|3110004|2021|11|02.02008.27.122.0081.2148.3.3.90.30.00.100|A|4176.64
34115756|1124603|303|02|3110004|2021|11|02.02004.04.122.0094.2170.3.3.90.30.00.100|A|110.5
34115757|1124603|303|02|3110004|2021|11|02.02001.04.131.0167.2215.3.3.90.39.00.100|A|4597.47
34115758|1124603|303|02|3110004|2021|11|02.02014.08.122.0224.2409.3.3.90.30.00.100|A|1145.67
34115759|1124603|303|02|3110004|2021|11|02.02009.04.122.0070.2125.3.1.90.04.00.100|A|22.4
34115760|1124603|303|02|3110004|2021|11|02.02004.04.122.0094.2170.3.3.90.39.00.100|A|1812.11
34115761|1124603|303|02|3110004|2021|11|02.02008.27.812.0100.1207.3.3.90.39.00.100|A|14517.51
34115762|1124603|303|02|3110004|2021|11|02.02007001.12.122.0002.2002.3.3.90.40.00.101|A|91086.2
34115763|1124603|303|02|3110004|2021|11|02.02007001.12.122.0002.2001.3.1.90.94.00.101|A|1056.07
34115764|1124603|303|02|3110004|2021|11|02.02004.04.122.0094.2170.3.3.90.39.00.100|A|8187.89
34115765|1124603|303|02|3110004|2021|11|02.02007001.12.361.0003.2482.3.1.90.04.00.101|A|1617.14
34115766|1124603|303|02|3110004|2021|11|02.02012.08.122.0141.2244.3.3.90.04.00.100|A|68.2
34115767|1124603|303|02|3110004|2021|11|02.02006.04.122.0093.2160.3.3.90.93.00.100|A|130.51
34115768|1124603|303|02|3110004|2021|11|02.02012.08.122.0226.2410.3.1.90.04.00.129|A|13074.68
34115769|1124603|303|02|3110004|2021|11|02.02020.04.122.0223.2408.3.3.90.30.00.100|A|182.4
34115770|1124603|303|02|3110004|2021|11|02.02004.04.122.0094.2170.3.3.90.40.00.100|A|2000.0
34115771|1124603|303|02|3110004|2021|11|02.02004.04.122.0094.2170.3.3.90.30.00.100|A|105.09
34115772|1124603|303|02|3110004|2021|11|02.02007001.12.122.0002.2002.3.3.90.40.00.101|A|421341.13
34115773|1124603|303|02|3110004|2021|11|02.02007001.12.365.0003.2006.3.3.90.32.00.101|A|54863.44
34115774|1124603|303|02|3110004|2021|11|02.02001.04.122.0164.2214.3.3.90.93.00.100|A|0.01
34115775|1124603|303|02|3110004|2021|11|02.02005.18.122.0008.2018.3.3.90.39.00.100|A|1812.12
34115776|1124603|303|02|3110004|2021|11|02.02009.04.122.0070.2125.4.4.90.52.00.100|A|3.71
34115777|1124603|303|02|3110004|2021|11|02.02007001.12.365.0003.2006.3.3.90.32.00.101|A|439.68
34115781|1124603|303|02|3110004|2021|11|02.02004.04.122.0094.2170.3.3.90.14.00.100|A|240.6
34115778|1124603|303|02|3110004|2021|11|02.02007001.12.122.0002.2001.3.1.90.16.00.101|A|157.02
34115779|1124603|303|02|3110004|2021|11|02.02005.18.122.0011.2028.3.3.90.39.00.100|A|20.71
34115780|1124603|303|02|3110004|2021|11|02.02012.08.244.0130.2230.3.1.90.11.00.100|A|578.46
34115782|1124603|303|02|3110004|2021|11|02.02009.04.122.0070.2125.4.4.90.52.00.100|A|400.0
34115783|1124603|303|02|3110004|2021|11|02.02004.04.122.0094.2170.3.3.90.40.00.100|A|36.07
34115784|1124603|303|02|3110004|2021|11|02.02007001.12.122.0002.2002.3.3.90.14.00.101|A|42.98
34115785|1124603|303|02|3110004|2021|11|02.02020.04.122.0223.2408.3.3.90.30.00.100|A|140.8
34115786|1124603|303|02|3110004|2021|11|02.02008.27.122.0081.2148.3.3.90.36.00.100|A|508.0
34115787|1124603|303|02|3110004|2021|11|02.02005.18.122.0011.2028.3.3.90.49.00.100|A|712.8
34115788|1124603|303|02|3110004|2021|11|02.02007001.12.122.0002.2456.3.1.90.04.00.100|A|453.91
34115789|1124603|303|02|3110004|2021|11|02.02012.08.122.0141.2244.3.1.90.94.00.100|A|748.76
34115790|1124603|303|02|3110004|2021|11|02.02004.04.122.0094.2170.3.3.90.30.00.100|A|59.41
34115791|1124603|303|02|3110004|2021|11|02.02017.10.302.0048.2112.3.3.50.43.00.155|A|80000.0
34115792|1124603|303|02|3110004|2021|11|02.02005.18.122.0011.2028.3.3.90.39.00.100|A|99.29
34115793|1124603|303|02|3110004|2021|11|02.02001.04.122.0164.2214.3.3.90.30.00.100|A|0.01
34115794|1124603|303|02|3110004|2021|11|02.02007001.12.361.0003.2062.3.3.90.32.00.101|A|100884.44
34115795|1124603|303|02|3110004|2021|11|02.02017.10.301.0029.2063.3.1.90.16.00.102|A|4684.69
34115796|1124603|303|02|3110004|2021|11|02.02024.08.241.0135.2239.3.3.50.43.00.100|A|53000.0
34115797|1124603|303|02|3110004|2021|11|02.02007001.12.122.0002.2456.3.1.90.04.00.100|A|639.8
34115798|1124603|303|02|3110004|2021|11|02.02017.10.301.0029.2063.3.3.90.30.00.155|A|35580.0
34115799|1124603|303|02|3110004|2021|11|02.02012.08.122.0226.2410.3.1.90.13.00.100|A|17765.34
34115800|1124603|303|02|3110004|2021|11|02.02017.10.301.0029.2063.3.3.90.30.00.155|A|42000.0
34115801|1124603|303|02|3110004|2021|11|02.02007001.12.122.0002.2002.3.3.90.14.00.101|A|157.02
34115802|1124603|303|02|3110004|2021|11|02.02008.27.122.0081.2148.3.3.90.36.00.100|A|263.71
34115803|1124603|303|02|3110004|2021|11|02.02017.10.301.0031.2066.3.3.90.04.00.159|A|61742.93
34115804|1124603|303|02|3110004|2021|11|02.02004.04.122.0086.2166.3.1.90.13.00.100|A|867.0
34115805|1124603|303|02|3110004|2021|11|02.02007001.12.361.0003.2482.3.1.90.04.00.101|A|2103.8
34115806|1124603|303|02|3110004|2021|11|02.02010001.10.304.0321.1247.3.3.90.30.00.102|A|10802.07
34115807|1124603|303|02|3110004|2021|11|02.02007003.12.365.0220.2406.3.1.90.16.00.119|A|310.16
34115808|1124603|303|02|3110004|2021|11|02.02001.04.122.0164.2214.3.3.90.39.00.100|A|2988.0
34115809|1124603|303|02|3110004|2021|11|02.02017.10.305.0049.2399.3.1.90.16.00.102|A|460.52
34115810|1124603|303|02|3110004|2021|11|02.02004.04.122.0094.2170.3.1.90.94.00.100|A|5942.25
34115811|1124603|303|02|3110004|2021|11|02.02012.08.244.0130.2230.3.1.90.11.00.100|A|2298.93
34115812|1124603|303|02|3110004|2021|11|02.02020.04.122.0223.2408.3.3.90.93.00.100|A|71.29
34115813|1124603|303|02|3110004|2021|11|02.02012.08.122.0226.2410.3.1.90.94.00.100|A|402.53
34115814|1124603|303|02|3110004|2021|11|02.02007001.12.122.0002.2456.3.1.90.94.00.100|A|867.0
34115815|1124603|303|02|3110004|2021|11|02.02002.03.092.0173.2447.3.1.90.16.00.100|A|1261.13
34115816|1124603|303|02|3110004|2021|11|02.02008.27.812.0100.1207.4.4.90.52.00.100|A|705.14
34115817|1124603|303|02|3110004|2021|11|02.02009.04.122.0070.2125.3.1.90.94.00.100|A|1812.11
34115818|1124603|303|02|3110004|2021|11|02.02012.08.122.0226.2410.3.1.90.94.00.100|A|3794.0
34115819|1124603|303|02|3110004|2021|11|02.02007001.12.361.0003.2482.3.1.90.94.00.101|A|3512.71
34115820|1124603|303|02|3110004|2021|11|02.02001.04.122.0164.2214.3.3.90.39.00.100|A|1206.0
34115821|1124603|303|02|3110004|2021|11|02.02002.03.092.0173.2447.3.1.90.16.00.100|A|1073.87
34115822|1124603|303|02|3110004|2021|11|02.02009.04.122.0070.2125.3.1.90.04.00.100|A|40042.33
34115823|1124603|303|02|3110004|2021|11|02.02020.04.122.0223.2408.3.3.90.30.00.100|A|1327.1
34115824|1124603|303|02|3110004|2021|11|02.02009.04.122.0070.2125.3.1.90.13.00.100|A|38061.27
34115825|1124603|303|02|3110004|2021|11|02.02008.27.812.0100.1207.4.4.90.52.00.100|A|494.86
34115826|1124603|303|02|3110004|2021|11|02.02017.10.301.0029.2063.3.1.90.94.00.159|A|13178.51
34115827|1124603|303|02|3110004|2021|11|02.02008.27.812.0100.1207.3.3.90.31.00.100|A|15278.6
34115828|1124603|303|02|3110004|2021|11|02.02005.18.122.0011.2028.3.3.90.49.00.100|A|415.2
34115829|1124603|303|02|3110004|2021|11|02.02007001.12.122.0002.2002.3.3.90.30.00.101|A|5427.9
34115830|1124603|303|02|3110004|2021|11|02.02002.03.092.0198.2328.4.4.90.91.00.100|A|260.53
34115831|1124603|303|02|3110004|2021|11|02.02009.15.122.0115.2395.3.3.90.39.00.100|A|97825.0
34115832|1124603|303|02|3110004|2021|11|02.02019.04.122.0164.2214.3.1.90.13.00.100|A|317.22
34115833|1124603|303|02|3110004|2021|11|02.02007001.12.365.0003.2006.3.3.90.32.00.101|A|91086.2
34115834|1124603|303|02|3110004|2021|11|02.02002.03.092.0198.2328.4.4.90.91.00.100|A|5345.09
34115835|1124603|303|02|3110004|2021|11|02.02005.18.122.0008.2018.3.3.90.39.00.100|A|8187.89
34115836|1124603|303|02|3110004|2021|11|02.02004.04.122.0094.2170.3.3.90.14.00.100|A|14.91
34115837|1124603|303|02|3110004|2021|11|02.02017.10.301.0029.2063.3.1.90.94.00.159|A|5303.97
34115838|1124603|303|02|3110004|2021|11|02.02004.04.122.0094.2170.3.3.90.14.00.100|A|144.49
34115839|1124603|303|02|3110004|2021|11|02.02010001.10.304.0321.1247.3.3.90.30.00.102|A|50873.73
34115840|1124603|303|02|3110004|2021|11|02.02007001.12.361.0003.2482.3.1.90.94.00.101|A|1665.29
34115841|1124603|303|02|3110004|2021|11|02.02007001.12.122.0002.2456.3.1.90.94.00.100|A|2858.0
34115842|1124603|303|02|3110004|2021|11|02.02020.04.122.0223.2408.3.3.90.93.00.100|A|28.01
34115843|1124603|303|02|3110004|2021|11|02.02001.04.122.0164.2214.3.3.90.30.00.100|A|100.0
34115844|1124603|303|02|3110004|2021|11|02.02001.04.131.0167.2215.3.3.90.39.00.100|A|260.53
34115845|1124603|303|02|3110004|2021|11|02.02004.04.122.0094.2170.3.3.90.40.00.100|A|712.83
34115846|1124603|303|02|3110004|2021|11|02.02001.04.122.0164.2214.3.3.90.93.00.100|A|28.0
32659621|1085764|303|02|3110004|2021|9|02.02009.04.122.0070.2125.3.3.90.14.00.100|A|4226.76
32659618|1085764|303|02|3110004|2021|9|02.02012.08.122.0141.2244.3.1.90.13.00.156|A|236.34
32659619|1085764|303|02|3110004|2021|9|02.02007001.12.361.0003.2482.3.1.90.94.00.101|A|5172.87
32659620|1085764|303|02|3110004|2021|9|02.02017.10.305.0049.2399.3.1.90.13.00.102|A|34621.91
32659622|1085764|303|02|3110004|2021|9|02.02012.08.122.0226.2410.3.1.90.04.00.100|A|6989.05
32659623|1085764|303|02|3110004|2021|9|02.02017.10.305.0049.2399.3.1.90.11.00.102|A|2132.0
32659624|1085764|303|02|3110004|2021|9|02.02017.10.302.0048.2112.3.3.50.43.00.155|A|55000.0
32659625|1085764|303|02|3110004|2021|9|02.02012.08.122.0141.2244.3.1.90.11.00.156|A|1170.06
32659626|1085764|303|02|3110004|2021|9|02.02007001.12.122.0002.2002.4.4.90.52.00.101|A|90000.0
32659627|1085764|303|02|3110004|2021|9|02.02007001.12.122.0002.2002.4.4.90.52.00.101|A|1328.0
32659628|1085764|303|02|3110004|2021|9|02.02005.18.122.0011.2028.3.3.90.93.00.100|A|108.0
32659629|1085764|303|02|3110004|2021|9|02.02017.10.302.0080.2104.3.1.90.94.00.159|A|5000.0
32659630|1085764|303|02|3110004|2021|9|02.02007001.12.122.0002.2002.4.4.90.52.00.101|A|3326.0
32659631|1085764|303|02|3110004|2021|9|02.02007003.12.365.0220.2406.3.1.90.16.00.119|A|101.46
32659632|1085764|303|02|3110004|2021|9|02.02020.04.392.0223.2491.3.3.90.35.00.100|A|4176.76
32659633|1085764|303|02|3110004|2021|9|02.02017.10.301.0029.1071.3.3.90.93.00.153|A|9000.0
32659634|1085764|303|02|3110004|2021|9|02.02007001.12.122.0002.2002.4.4.90.52.00.101|A|1707.47
32659635|1085764|303|02|3110004|2021|9|02.02007001.12.122.0002.2002.4.4.90.52.00.101|A|243.0
32659636|1085764|303|02|3110004|2021|9|02.02017.10.305.0049.2399.3.1.90.16.00.102|A|480.39
32659637|1085764|303|02|3110004|2021|9|02.02017.10.305.0049.2399.3.1.90.11.00.102|A|2535.86
32659638|1085764|303|02|3110004|2021|9|02.02007001.12.122.0002.2001.3.1.90.16.00.101|A|6.55
32659639|1085764|303|02|3110004|2021|9|02.02007001.12.122.0002.2002.3.3.90.39.00.101|A|8878.09
32659640|1085764|303|02|3110004|2021|9|02.02012.08.122.0258.2433.3.3.90.39.00.156|A|4721.69
32659641|1085764|303|02|3110004|2021|9|02.02009.04.122.0070.2125.3.3.90.39.00.100|A|17337.25
32659642|1085764|303|02|3110004|2021|9|02.02012.08.122.0141.2244.3.1.90.11.00.156|A|312.69
32659643|1085764|303|02|3110004|2021|9|02.02004.04.122.0094.2170.3.3.90.14.00.100|A|787.14
32659644|1085764|303|02|3110004|2021|9|02.02012.08.122.0141.2244.3.1.90.13.00.156|A|288.11
32659645|1085764|303|02|3110004|2021|9|02.02007001.12.361.0003.2482.3.1.90.16.00.101|A|1266.5
32659646|1085764|303|02|3110004|2021|9|02.02007001.12.365.0003.2006.3.3.90.30.00.101|A|8878.09
32659647|1085764|303|02|3110004|2021|9|02.02018.04.695.0216.2401.3.3.90.30.00.100|A|7226.76
32659648|1085764|303|02|3110004|2021|9|02.02012.08.122.0226.2410.3.1.90.04.00.100|A|30132.56
32659649|1085764|303|02|3110004|2021|9|02.02012.08.122.0144.1142.3.3.90.36.00.100|A|2781.0
32659650|1085764|303|02|3110004|2021|9|02.02017.10.301.0029.2063.3.3.90.14.00.159|A|2500.0
32659651|1085764|303|02|3110004|2021|9|02.02017.10.305.0049.2399.3.1.90.04.00.102|A|22621.91
32659652|1085764|303|02|3110004|2021|9|02.02007001.12.122.0002.2002.4.4.90.52.00.101|A|2970.34
32659653|1085764|303|02|3110004|2021|9|02.02005.18.122.0011.1253.4.4.90.52.00.164|A|5000.0
32659654|1085764|303|02|3110004|2021|9|02.02009.04.122.0070.2125.3.3.90.47.00.100|A|1328.3
32659655|1085764|303|02|3110004|2021|9|02.02010001.10.122.0040.2089.3.1.90.16.00.102|A|324.39
32659656|1085764|303|02|3110004|2021|9|02.02001.04.122.0164.2214.3.3.90.36.00.100|A|362.76
32659657|1085764|303|02|3110004|2021|9|02.02004.04.122.0094.2170.3.1.90.94.00.100|A|243.0
32659658|1085764|303|02|3110004|2021|9|02.02007001.12.306.0016.2037.3.3.90.30.00.100|A|481.24
32659659|1085764|303|02|3110004|2021|9|02.02017.10.302.0043.2099.3.1.90.94.00.102|A|19654.0
32659660|1085764|303|02|3110004|2021|9|02.02009.04.122.0070.2125.3.3.90.30.00.100|A|12652.0
32659661|1085764|303|02|3110004|2021|9|02.02017.10.305.0049.2399.3.1.90.11.00.102|A|1174.5
32659662|1085764|303|02|3110004|2021|9|02.02017.10.122.0042.2094.3.1.90.13.00.102|A|2323.91
32659663|1085764|303|02|3110004|2021|9|02.02010001.10.122.0047.2110.3.3.90.39.00.102|A|65378.09
32659664|1085764|303|02|3110004|2021|9|02.02007001.12.122.0002.2002.4.4.90.52.00.101|A|108.0
32659665|1085764|303|02|3110004|2021|9|02.02010001.10.304.0321.1247.3.3.90.30.00.102|A|6527.91
32659666|1085764|303|02|3110004|2021|9|02.02007001.12.122.0002.2002.4.4.90.52.00.101|A|3225.68
32659667|1085764|303|02|3110004|2021|9|02.02017.10.305.0049.2399.3.1.90.11.00.102|A|3248.99
32659668|1085764|303|02|3110004|2021|9|02.02017.10.305.0049.2399.3.1.90.11.00.102|A|140621.91
32659669|1085764|303|02|3110004|2021|9|02.02020.04.122.0223.2408.3.1.90.94.00.100|A|2637.41
32659670|1085764|303|02|3110004|2021|9|02.02010001.10.122.0047.2110.3.1.90.94.00.102|A|2427.91
32659671|1085764|303|02|3110004|2021|9|02.02017.10.301.0029.2063.3.1.90.11.00.102|A|130000.0
32659672|1085764|303|02|3110004|2021|9|02.02010001.10.122.0040.2089.3.1.90.16.00.102|A|480.39
32659673|1085764|303|02|3110004|2021|9|02.02017.10.305.0049.2399.3.1.90.11.00.102|A|100.0
32659674|1085764|303|02|3110004|2021|9|02.02020.04.392.0223.2491.3.3.90.35.00.100|A|3823.24
32659675|1085764|303|02|3110004|2021|9|02.02017.10.305.0049.2399.3.1.90.04.00.102|A|10378.09
32659676|1085764|303|02|3110004|2021|9|02.02017.10.305.0049.2399.3.1.90.13.00.102|A|36878.09
32659677|1085764|303|02|3110004|2021|9|02.02017.10.301.0029.2063.3.1.90.13.00.155|A|59000.0
32659678|1085764|303|02|3110004|2021|9|02.02017.10.302.0043.2099.3.1.90.13.00.102|A|10572.09
32659679|1085764|303|02|3110004|2021|9|02.02010001.10.304.0321.1247.3.3.90.30.00.102|A|12724.09
32659680|1085764|303|02|3110004|2021|9|02.02007001.12.122.0002.2002.3.3.90.30.00.101|A|6285.45
32659681|1085764|303|02|3110004|2021|9|02.02012.08.122.0258.2433.3.3.90.39.00.156|A|4278.31
32659682|1085764|303|02|3110004|2021|9|02.02007001.12.122.0002.2002.4.4.90.52.00.101|A|1861.69
32659683|1085764|303|02|3110004|2021|9|02.02009.04.122.0070.2125.3.1.90.94.00.100|A|3676.0
32659684|1085764|303|02|3110004|2021|9|02.02004.04.122.0228.2412.3.3.90.36.00.100|A|146.91
32659685|1085766|303|02|3110004|2021|9|02.02008.27.122.0081.1253.3.3.90.31.00.164|A|5000.0
32659686|1085763|306|05|3110004|2021|9|05.08001.12.363.0050.2205.3.1.90.04.00.100|A|6184.29
32659687|1085763|306|05|3110004|2021|9|05.08001.12.363.0050.2205.3.3.90.93.00.100|A|673.93
32659688|1085763|306|05|3110004|2021|9|05.08001.12.363.0050.2205.3.1.90.94.00.100|A|7219.78
32659689|1085763|306|05|3110004|2021|9|05.08001.28.846.0044.0004.3.3.90.47.00.100|A|2321.0
32659690|1085764|303|02|3110004|2021|9|02.02020.04.392.0223.2491.3.3.90.39.00.100|R|1863.09
32659691|1085765|304|03|3110004|2021|9|03.06001.17.122.0030.2050.3.2.90.21.00.100|R|1000.0
32659692|1085764|303|02|3110004|2021|9|02.02017.10.302.0080.2104.4.4.90.52.00.159|R|4195.0
32659693|1085764|303|02|3110004|2021|9|02.02010001.10.122.0047.2110.3.3.90.39.00.102|R|4226.09
32659694|1085764|303|02|3110004|2021|9|02.02017.10.301.0029.2063.3.1.90.13.00.102|R|65378.09
32659695|1085764|303|02|3110004|2021|9|02.02020.04.392.0223.2491.3.3.90.39.00.100|R|635.3
32659696|1085764|303|02|3110004|2021|9|02.02017.10.302.0048.2112.3.3.50.43.00.102|R|140621.91
32659697|1085764|303|02|3110004|2021|9|02.02009.15.451.0072.1087.4.4.90.51.00.100|R|10672.75
32659698|1085764|303|02|3110004|2021|9|02.02010001.10.122.0040.2089.3.3.90.49.00.102|R|2427.91
32659699|1085764|303|02|3110004|2021|9|02.02017.10.302.0028.2059.3.1.90.13.00.102|R|7572.09
32659700|1085764|303|02|3110004|2021|9|02.02007001.12.361.0027.2049.3.1.90.04.00.101|R|3248.99
32659701|1085765|304|03|3110004|2021|9|03.06001.18.541.0034.2473.3.3.90.30.00.100|R|10000.0
32659702|1085764|303|02|3110004|2021|9|02.02007001.12.364.0227.2411.3.3.90.18.00.100|R|4176.76
32659703|1085764|303|02|3110004|2021|9|02.02004.04.122.0094.2170.3.3.90.48.00.100|R|1000.0
32659704|1085764|303|02|3110004|2021|9|02.02011.08.243.0175.2218.4.4.90.52.00.100|R|1590.81
32659705|1085765|304|03|3110004|2021|9|03.06001.17.122.0030.2050.3.1.90.11.00.100|R|48000.0
32659706|1085764|303|02|3110004|2021|9|02.02017.10.305.0049.2399.3.3.90.30.00.155|R|55000.0
32659707|1085764|303|02|3110004|2021|9|02.02017.10.301.0029.1071.4.4.90.51.00.153|R|9000.0
32659708|1085764|303|02|3110004|2021|9|02.02009.15.451.0072.1087.4.4.90.51.00.100|R|1560.56
32659709|1085763|306|05|3110004|2021|9|05.08001.12.363.0050.2205.3.3.90.30.00.100|R|7219.78
32659710|1085764|303|02|3110004|2021|9|02.02001.04.122.0164.2214.3.1.90.94.00.100|R|362.76
32659711|1085764|303|02|3110004|2021|9|02.02004.04.122.0094.2250.3.3.90.39.00.100|R|2486.66
32659712|1085765|304|03|3110004|2021|9|03.06001.17.512.0033.1065.4.4.90.51.00.100|R|1000.0
32659713|1085764|303|02|3110004|2021|9|02.02017.10.302.0080.2104.4.4.90.52.00.159|R|900.0
32659714|1085764|303|02|3110004|2021|9|02.02014.08.122.0166.2314.3.3.90.36.00.100|R|2781.0
32659715|1085764|303|02|3110004|2021|9|02.02007001.12.361.0027.2049.3.1.90.04.00.101|R|5053.73
32659716|1085764|303|02|3110004|2021|9|02.02007001.12.361.0019.2041.3.3.90.39.00.101|R|8878.09
32659717|1085764|303|02|3110004|2021|9|02.02017.10.302.0028.2059.3.1.90.13.00.102|R|2427.91
32659718|1085764|303|02|3110004|2021|9|02.02010001.10.122.0047.2110.3.1.90.13.00.102|R|324.39
32659719|1085764|303|02|3110004|2021|9|02.02010001.10.122.0040.2089.3.3.90.49.00.102|R|5696.09
32659720|1085764|303|02|3110004|2021|9|02.02009.15.451.0072.1087.4.4.90.51.00.100|R|17337.25
32659721|1085764|303|02|3110004|2021|9|02.02009.15.451.0072.1087.4.4.90.51.00.100|R|1328.0
32659722|1085765|304|03|3110004|2021|9|03.06001.17.512.0079.1062.4.4.90.51.00.100|R|100000.0
32659723|1085765|304|03|3110004|2021|9|03.06001.17.512.0079.2053.3.3.90.92.00.100|R|1000.0
32659724|1085764|303|02|3110004|2021|9|02.02004.04.122.0094.2250.3.3.90.39.00.100|R|243.0
32659725|1085764|303|02|3110004|2021|9|02.02017.10.302.0080.2104.4.4.90.52.00.159|R|5400.0
32659726|1085765|304|03|3110004|2021|9|03.06001.28.843.0030.0442.4.6.90.71.00.100|R|1000.0
32659727|1085765|304|03|3110004|2021|9|03.06001.17.122.0030.2050.3.3.90.36.00.100|R|5918.22
32659728|1085764|303|02|3110004|2021|9|02.02017.10.301.0029.2063.4.4.90.52.00.159|R|3528.0
32659729|1085764|303|02|3110004|2021|9|02.02010001.10.304.0321.1247.3.3.50.43.00.102|R|6527.91
32659730|1085764|303|02|3110004|2021|9|02.02001.04.122.0164.2214.3.1.90.94.00.100|R|805.24
32659731|1085764|303|02|3110004|2021|9|02.02017.10.301.0029.2063.3.1.90.13.00.102|R|34621.91
32659732|1085764|303|02|3110004|2021|9|02.02017.10.301.0029.2063.3.1.90.04.00.102|R|4621.91
32659733|1085764|303|02|3110004|2021|9|02.02010001.10.122.0040.2089.3.3.90.49.00.102|R|480.39
32659734|1085764|303|02|3110004|2021|9|02.02001.04.122.0164.2214.3.1.90.94.00.100|R|3676.0
32659735|1085764|303|02|3110004|2021|9|02.02009.15.451.0072.1087.3.3.90.39.00.100|R|7226.76
32659736|1085764|303|02|3110004|2021|9|02.02020.04.392.0223.1253.3.3.90.30.00.164|R|1107.76
32659737|1085764|303|02|3110004|2021|9|02.02005.18.541.0291.2472.3.3.50.43.00.100|R|2970.34
32659738|1085764|303|02|3110004|2021|9|02.02020.04.392.0223.2491.3.3.90.39.00.100|R|381.8
32659739|1085764|303|02|3110004|2021|9|02.02009.15.451.0072.1087.4.4.90.51.00.100|R|1328.3
32659740|1085765|304|03|3110004|2021|9|03.06001.17.512.0033.2054.3.3.90.37.00.100|R|10000.0
32659741|1085765|304|03|3110004|2021|9|03.06001.17.122.0030.1238.3.3.90.39.00.100|R|38785.16
32659742|1085764|303|02|3110004|2021|9|02.02007001.12.361.0019.2041.3.3.90.39.00.101|R|5172.87
32659743|1085764|303|02|3110004|2021|9|02.02007001.12.361.0027.2049.3.1.90.04.00.101|R|924.23
32659744|1085764|303|02|3110004|2021|9|02.02018.04.695.0216.2401.3.3.50.41.00.100|R|4226.76
32659745|1085764|303|02|3110004|2021|9|02.02010001.10.122.0047.2110.3.3.90.39.00.102|R|2427.91
32659746|1085765|304|03|3110004|2021|9|03.06001.18.541.0034.2055.3.3.90.30.00.100|R|1000.0
32659747|1085764|303|02|3110004|2021|9|02.02020.04.392.0223.2491.3.3.90.39.00.100|R|1861.69
32659748|1085764|303|02|3110004|2021|9|02.02007001.12.361.0019.2041.3.3.90.39.00.101|R|3561.24
32659749|1085764|303|02|3110004|2021|9|02.02020.04.122.0223.2408.3.3.90.39.00.100|R|442.0
32659750|1085764|303|02|3110004|2021|9|02.02014.08.122.0224.2409.4.4.90.52.00.100|R|3225.68
32659751|1085765|304|03|3110004|2021|9|03.06001.17.122.0030.2050.3.3.90.40.00.100|R|20000.0
32659752|1085764|303|02|3110004|2021|9|02.02012.08.122.0258.2433.3.3.90.36.00.156|R|200.0
32659753|1085764|303|02|3110004|2021|9|02.02004.04.122.0094.2250.3.3.90.39.00.100|R|1707.47
32659754|1085764|303|02|3110004|2021|9|02.02018.04.695.0216.2401.3.3.50.41.00.100|R|481.24
32659755|1085765|304|03|3110004|2021|9|03.06001.17.122.0030.2050.3.3.90.92.00.100|R|1000.0
32659756|1085764|303|02|3110004|2021|9|02.02007001.12.361.0027.2049.3.1.90.04.00.101|R|1266.5
32659757|1085764|303|02|3110004|2021|9|02.02009.15.451.0072.1087.4.4.90.51.00.100|R|8176.76
32659758|1085766|303|02|3110004|2021|9|02.02008.27.122.0081.1253.4.4.90.51.00.164|R|5000.0
32659759|1085764|303|02|3110004|2021|9|02.02020.04.392.0223.2491.3.3.90.39.00.100|R|1990.0
32659760|1085764|303|02|3110004|2021|9|02.02014.08.122.0166.2314.3.3.90.36.00.100|R|4481.24
32659761|1085764|303|02|3110004|2021|9|02.02017.10.301.0029.2063.3.1.90.04.00.102|R|10378.09
32659762|1085764|303|02|3110004|2021|9|02.02012.08.122.0141.2244.3.3.90.30.00.156|R|4721.69
32659763|1085764|303|02|3110004|2021|9|02.02004.04.122.0094.2250.3.3.90.39.00.100|R|4481.24
32659764|1085764|303|02|3110004|2021|9|02.02007001.12.122.0002.2002.3.3.90.49.00.101|R|2535.86
32659765|1085765|304|03|3110004|2021|9|03.06001.17.122.0030.1238.3.3.90.39.00.100|R|41214.84
32659766|1085764|303|02|3110004|2021|9|02.02003.04.124.0085.2159.3.1.90.94.00.100|R|1000.0
32659767|1085765|304|03|3110004|2021|9|03.06001.17.512.0033.2054.3.3.90.36.00.100|R|5000.0
32659768|1085764|303|02|3110004|2021|9|02.02010001.10.304.0321.1247.3.3.50.43.00.102|R|10572.09
32659769|1085764|303|02|3110004|2021|9|02.02017.10.302.0080.2104.3.1.90.11.00.102|R|19654.0
32659770|1085764|303|02|3110004|2021|9|02.02007001.12.122.0002.2002.3.3.90.36.00.101|R|2132.0
32659771|1085764|303|02|3110004|2021|9|02.02012.08.122.0141.2244.3.3.90.39.00.156|R|236.34
32659772|1085764|303|02|3110004|2021|9|02.02017.10.305.0049.2399.3.3.90.30.00.155|R|9900.0
32659773|1085764|303|02|3110004|2021|9|02.02017.10.302.0048.2112.3.3.50.43.00.102|R|80000.0
32659774|1085764|303|02|3110004|2021|9|02.02005.18.122.0011.1253.4.4.90.51.00.164|R|20000.0
32659775|1085765|304|03|3110004|2021|9|03.06001.17.122.0030.2050.3.1.90.13.00.100|R|8000.0
32659776|1085764|303|02|3110004|2021|9|02.02002.03.092.0198.2328.4.4.90.91.00.100|R|4481.24
32659777|1085765|304|03|3110004|2021|9|03.06001.17.511.0033.1064.4.4.90.51.00.100|R|5000.0
32659778|1085765|304|03|3110004|2021|9|03.06001.18.541.0034.2473.3.3.90.39.00.100|R|7272.82
32659779|1085764|303|02|3110004|2021|9|02.02017.10.302.0080.2104.4.4.90.52.00.159|R|5000.0
32659780|1085764|303|02|3110004|2021|9|02.02020.13.392.0260.2461.3.3.90.39.00.100|R|1362.59
32659781|1085764|303|02|3110004|2021|9|02.02007001.12.361.0019.2041.3.3.90.39.00.101|R|20761.91
32659782|1085764|303|02|3110004|2021|9|02.02007001.12.122.0002.2002.3.3.90.33.00.101|R|100.0
32659783|1085765|304|03|3110004|2021|9|03.06001.17.122.0030.2050.3.1.90.92.00.100|R|1000.0
32659784|1085764|303|02|3110004|2021|9|02.02007001.12.361.0027.2049.3.1.90.04.00.101|R|6.55
32659785|1085764|303|02|3110004|2021|9|02.02009.15.451.0072.1087.4.4.90.51.00.100|R|3823.24
32659786|1085764|303|02|3110004|2021|9|02.02017.10.302.0080.2104.3.1.90.11.00.102|R|22621.91
32659787|1085764|303|02|3110004|2021|9|02.02009.15.451.0072.1087.4.4.90.51.00.100|R|10133.24
32659788|1085764|303|02|3110004|2021|9|02.02017.10.302.0080.2104.3.1.90.11.00.102|R|12724.09
32659789|1085765|304|03|3110004|2021|9|03.06001.17.512.0079.2053.3.3.90.37.00.100|R|10000.0
32659790|1085765|304|03|3110004|2021|9|03.06001.17.122.0030.2050.3.3.72.39.00.100|R|5619.75
32659791|1085765|304|03|3110004|2021|9|03.06001.17.512.0079.2053.3.3.90.36.00.100|R|35734.85
32659795|1085764|303|02|3110004|2021|9|02.02017.10.302.0080.2104.3.3.90.39.00.155|R|59000.0
32659792|1085764|303|02|3110004|2021|9|02.02017.10.302.0048.2112.3.3.50.43.00.102|R|130000.0
32659793|1085764|303|02|3110004|2021|9|02.02007001.12.122.0002.2001.3.1.90.04.00.101|R|1045.0
32659794|1085764|303|02|3110004|2021|9|02.02008.27.122.0081.1253.3.3.90.39.00.164|R|10000.0
32659796|1085764|303|02|3110004|2021|9|02.02009.15.451.0072.1087.4.4.90.51.00.100|R|787.14
32659797|1085764|303|02|3110004|2021|9|02.02009.15.451.0072.1087.4.4.90.51.00.100|R|8143.24
32659798|1085765|304|03|3110004|2021|9|03.06001.17.512.0079.2053.3.1.90.13.00.100|R|11537.97
32659799|1085765|304|03|3110004|2021|9|03.06001.17.122.0030.2050.3.2.90.22.00.100|R|1000.0
32659800|1085765|304|03|3110004|2021|9|03.06001.17.512.0079.1058.4.4.90.51.00.100|R|231230.93
32659801|1085764|303|02|3110004|2021|9|02.02018.04.695.0216.2401.3.3.50.41.00.100|R|12652.0
32659802|1085764|303|02|3110004|2021|9|02.02020.04.392.0223.2491.3.3.90.39.00.100|R|193.3
32659803|1085764|303|02|3110004|2021|9|02.02017.10.301.0029.2063.4.4.90.52.00.159|R|2500.0
32659804|1085764|303|02|3110004|2021|9|02.02012.08.122.0258.2433.3.3.90.39.00.156|R|288.11
32659805|1085764|303|02|3110004|2021|9|02.02020.04.392.0223.2491.3.3.90.39.00.100|R|146.91
32659806|1085765|304|03|3110004|2021|9|03.06001.18.541.0034.2473.3.3.90.39.00.100|R|32727.18
32659807|1085764|303|02|3110004|2021|9|02.02009.15.451.0072.1087.4.4.90.51.00.100|R|6989.05
32659808|1085764|303|02|3110004|2021|9|02.02007001.12.361.0019.2041.3.3.90.39.00.101|R|6285.45
32659809|1085765|304|03|3110004|2021|9|03.06001.99.999.9999.2344.9.9.99.99.00.100|R|291156.25
32659810|1085765|304|03|3110004|2021|9|03.06001.17.512.0033.1217.4.4.90.51.00.100|R|50000.0
32659811|1085765|304|03|3110004|2021|9|03.06001.17.512.0033.2054.3.3.90.92.00.100|R|1000.0
32659812|1085764|303|02|3110004|2021|9|02.02007001.12.361.0019.2041.3.3.90.39.00.101|R|1174.5
32659813|1085765|304|03|3110004|2021|9|03.06001.17.512.0079.1218.4.4.90.51.00.100|R|50000.0
32659816|1085764|303|02|3110004|2021|9|02.02013.16.122.0122.1119.3.3.90.39.00.100|R|381.8
32659814|1085765|304|03|3110004|2021|9|03.06001.17.122.0030.1094.4.4.90.51.00.100|R|50000.0
32659815|1085764|303|02|3110004|2021|9|02.02010001.10.122.0047.2110.3.1.90.13.00.102|R|480.39
32659817|1085763|306|05|3110004|2021|9|05.08001.12.363.0050.2205.3.3.90.30.00.100|R|2321.0
32659818|1085764|303|02|3110004|2021|9|02.02007001.12.122.0017.2038.3.3.90.14.00.101|R|28.05
32659819|1085764|303|02|3110004|2021|9|02.02012.08.122.0141.2244.3.3.90.39.00.156|R|1170.06
32659820|1085764|303|02|3110004|2021|9|02.02005.18.541.0034.2031.3.3.90.30.00.100|R|108.0
32659821|1085764|303|02|3110004|2021|9|02.02012.08.122.0141.2244.3.3.90.39.00.156|R|3238.94
32659822|1085765|304|03|3110004|2021|9|03.06001.17.122.0030.2050.3.3.90.47.00.100|R|6000.0
32659823|1085764|303|02|3110004|2021|9|02.02009.15.451.0072.1087.4.4.90.51.00.100|R|12662.75
32659824|1085764|303|02|3110004|2021|9|02.02009.15.451.0072.1087.3.3.90.39.00.100|R|10773.24
32659825|1085765|304|03|3110004|2021|9|03.06001.17.512.0033.2054.3.1.90.13.00.100|R|5000.0
32659826|1085764|303|02|3110004|2021|9|02.02017.10.122.0032.2069.3.1.90.11.00.102|R|2323.91
32659827|1085765|304|03|3110004|2021|9|03.06001.18.541.0034.2055.3.3.90.36.00.100|R|1000.0
32659828|1085764|303|02|3110004|2021|9|02.02017.10.122.0032.2069.3.1.90.11.00.102|R|4226.09
32659829|1085763|306|05|3110004|2021|9|05.08001.12.363.0050.2205.3.3.90.30.00.100|R|673.93
32659830|1085764|303|02|3110004|2021|9|02.02009.15.451.0072.1087.4.4.90.51.00.100|R|3326.0
32659831|1085764|303|02|3110004|2021|9|02.02002.03.092.0198.2328.4.4.90.91.00.100|R|2518.76
32659832|1085764|303|02|3110004|2021|9|02.02012.08.122.0141.2244.3.3.90.30.00.156|R|681.95
32659833|1085764|303|02|3110004|2021|9|02.02007001.12.361.0019.2041.3.3.90.39.00.101|R|82.24
32659834|1085764|303|02|3110004|2021|9|02.02005.18.122.0011.1253.3.3.90.30.00.164|R|5000.0
32659835|1085763|306|05|3110004|2021|9|05.08001.12.363.0050.2205.3.3.90.30.00.100|R|6184.29
32659836|1085764|303|02|3110004|2021|9|02.02005.18.122.0011.1253.3.3.90.39.00.164|R|5000.0
32659837|1085764|303|02|3110004|2021|9|02.02010001.10.122.0040.2089.3.3.90.49.00.102|R|1671.61
32659838|1085764|303|02|3110004|2021|9|02.02020.04.392.0223.2491.3.3.90.39.00.100|R|108.0
32659839|1085764|303|02|3110004|2021|9|02.02012.08.244.0128.2223.3.3.90.32.00.100|R|30132.56
32659840|1085764|303|02|3110004|2021|9|02.02007001.12.361.0019.2041.3.3.90.39.00.101|R|5452.45
32659841|1085764|303|02|3110004|2021|9|02.02012.08.122.0258.2433.3.3.90.30.00.156|R|4278.31
32659842|1085764|303|02|3110004|2021|9|02.02012.08.122.0258.2433.3.3.90.30.00.156|R|312.69
32659843|1085764|303|02|3110004|2021|9|02.02007001.12.365.0019.2454.3.3.90.39.00.101|R|8878.09
32659844|1085764|303|02|3110004|2021|9|02.02020.04.392.0223.2491.3.3.90.39.00.100|R|212.86
32659845|1085765|304|03|3110004|2021|9|03.06001.18.541.0034.2473.3.3.90.36.00.100|R|10000.0
32659846|1085765|304|03|3110004|2021|9|03.06001.17.511.0079.1052.4.4.90.51.00.100|R|5000.0
32659847|1085764|303|02|3110004|2021|9|02.02017.10.301.0029.2063.3.1.90.04.00.102|R|55000.0
32659848|1085764|303|02|3110004|2021|9|02.02007001.12.122.0002.2002.3.3.90.92.00.101|R|100.0
32659849|1085764|303|02|3110004|2021|9|02.02007001.12.364.0227.2411.3.3.90.18.00.100|R|4481.24
32659850|1085765|304|03|3110004|2021|9|03.06001.17.512.0079.1233.4.4.90.51.00.100|R|1000.0
32659851|1085765|304|03|3110004|2021|9|03.06001.17.512.0079.2053.3.1.90.13.00.100|R|3462.03
32659852|1085764|303|02|3110004|2021|9|02.02017.10.302.0048.2112.3.3.50.43.00.102|R|36878.09
32659853|1085764|303|02|3110004|2021|9|02.02020.04.392.0223.2491.3.3.90.39.00.100|R|243.0
32659856|1085764|303|02|3110004|2021|9|02.02007001.12.361.0003.2329.3.3.90.36.00.101|R|90000.0
32659854|1085764|303|02|3110004|2021|9|02.02020.13.392.0260.2461.3.3.90.39.00.100|R|2637.41
32659855|1085764|303|02|3110004|2021|9|02.02007003.12.367.0003.2490.3.1.90.04.00.119|R|101.46
32659857|1085764|303|02|3110004|2021|9|02.02007001.12.365.0019.2454.3.3.90.39.00.101|R|34263.87
32659523|1085765|304|03|3110004|2021|9|03.06001.17.122.0030.2050.3.3.90.39.00.100|A|1000.0
32659520|1085767|303|02|3110004|2021|9|02.02017.10.122.0322.1248.3.1.90.04.00.159|A|130000.0
32659521|1085767|303|02|3110004|2021|9|02.02017.10.122.0322.1248.3.1.90.13.00.159|A|50000.0
32659522|1085765|304|03|3110004|2021|9|03.06001.17.122.0030.2050.3.3.90.39.00.100|A|1000.0
32659524|1085765|304|03|3110004|2021|9|03.06001.17.122.0030.2050.3.3.90.39.00.100|A|1000.0
32659525|1085765|304|03|3110004|2021|9|03.06001.17.122.0030.2050.3.3.90.39.00.100|A|1000.0
32659526|1085765|304|03|3110004|2021|9|03.06001.17.122.0030.2050.3.3.90.39.00.100|A|5000.0
32659527|1085765|304|03|3110004|2021|9|03.06001.17.512.0079.2053.3.3.90.30.00.100|A|38785.16
32659528|1085765|304|03|3110004|2021|9|03.06001.17.122.0030.2050.3.3.90.39.00.100|A|1000.0
32659529|1085765|304|03|3110004|2021|9|03.06001.17.122.0030.2050.3.3.90.39.00.100|A|5000.0
32659530|1085765|304|03|3110004|2021|9|03.06001.17.122.0030.2050.3.3.90.39.00.100|A|8000.0
32659531|1085765|304|03|3110004|2021|9|03.06001.17.122.0030.2050.3.3.90.39.00.100|A|1000.0
32659532|1085765|304|03|3110004|2021|9|03.06001.17.122.0030.2050.3.3.90.91.00.100|A|50000.0
32659533|1085765|304|03|3110004|2021|9|03.06001.17.122.0030.2050.3.3.90.39.00.100|A|5918.22
32659534|1085765|304|03|3110004|2021|9|03.06001.17.122.0030.2050.3.3.90.91.00.100|A|7272.82
32659535|1085765|304|03|3110004|2021|9|03.06001.17.122.0030.2050.3.3.90.39.00.100|A|6000.0
32659536|1085765|304|03|3110004|2021|9|03.06001.17.512.0079.2053.3.3.90.30.00.100|A|291156.25
32659537|1085765|304|03|3110004|2021|9|03.06001.17.122.0030.2050.3.3.90.39.00.100|A|1000.0
32659538|1085765|304|03|3110004|2021|9|03.06001.17.122.0030.2050.3.3.90.39.00.100|A|1000.0
32659539|1085765|304|03|3110004|2021|9|03.06001.17.512.0033.2054.3.3.90.30.00.100|A|32727.18
32659540|1085765|304|03|3110004|2021|9|03.06001.17.122.0030.2050.3.3.90.39.00.100|A|1000.0
32659541|1085765|304|03|3110004|2021|9|03.06001.17.512.0033.2054.3.3.90.30.00.100|A|20000.0
32659542|1085765|304|03|3110004|2021|9|03.06001.17.122.0030.2050.3.3.90.39.00.100|A|5619.75
32659543|1085765|304|03|3110004|2021|9|03.06001.17.122.0030.2050.3.3.90.91.00.100|A|50000.0
32659544|1085765|304|03|3110004|2021|9|03.06001.17.512.0033.2054.3.3.90.30.00.100|A|11537.97
32659545|1085765|304|03|3110004|2021|9|03.06001.17.122.0030.2050.3.3.90.91.00.100|A|41214.84
32659546|1085765|304|03|3110004|2021|9|03.06001.17.122.0030.2050.3.3.90.39.00.100|A|5000.0
32659547|1085765|304|03|3110004|2021|9|03.06001.17.122.0030.2050.3.3.90.91.00.100|A|48000.0
32659548|1085765|304|03|3110004|2021|9|03.06001.17.122.0030.2050.3.3.90.39.00.100|A|3462.03
32659549|1085765|304|03|3110004|2021|9|03.06001.17.512.0079.2053.3.3.90.30.00.100|A|231230.93
32659550|1085765|304|03|3110004|2021|9|03.06001.17.122.0030.2050.3.3.90.39.00.100|A|1000.0
32659551|1085765|304|03|3110004|2021|9|03.06001.17.122.0030.2050.3.3.90.91.00.100|A|50000.0
32659552|1085765|304|03|3110004|2021|9|03.06001.17.512.0079.2053.3.3.90.30.00.100|A|100000.0
32659553|1085765|304|03|3110004|2021|9|03.06001.17.122.0030.2050.3.3.90.39.00.100|A|10000.0
32659554|1085765|304|03|3110004|2021|9|03.06001.17.122.0030.2050.3.3.90.39.00.100|A|1000.0
32659555|1085765|304|03|3110004|2021|9|03.06001.17.122.0030.2050.3.3.90.39.00.100|A|5000.0
32659556|1085765|304|03|3110004|2021|9|03.06001.17.512.0033.2054.3.3.90.30.00.100|A|35734.85
32659557|1085765|304|03|3110004|2021|9|03.06001.17.122.0030.2050.3.3.90.39.00.100|A|10000.0
32659558|1085765|304|03|3110004|2021|9|03.06001.17.122.0030.2050.3.3.90.39.00.100|A|10000.0
32659559|1085765|304|03|3110004|2021|9|03.06001.17.122.0030.2050.3.3.90.39.00.100|A|10000.0
32659560|1085764|303|02|3110004|2021|9|02.02007001.12.361.0003.2482.3.1.90.94.00.101|A|924.23
32659561|1085764|303|02|3110004|2021|9|02.02017.10.305.0049.2399.3.1.90.11.00.102|A|3561.24
32659562|1085764|303|02|3110004|2021|9|02.02007001.12.306.0016.2037.3.3.90.30.00.100|A|8176.76
32659563|1085764|303|02|3110004|2021|9|02.02017.10.302.0043.2099.3.1.90.11.00.102|A|55000.0
32659564|1085764|303|02|3110004|2021|9|02.02017.10.302.0043.2099.3.1.90.13.00.102|A|2427.91
32659565|1085764|303|02|3110004|2021|9|02.02017.10.301.0029.2063.3.1.90.16.00.102|A|1671.61
32659566|1085764|303|02|3110004|2021|9|02.02012.08.122.0144.1142.3.3.90.36.00.100|A|4481.24
32659567|1085764|303|02|3110004|2021|9|02.02020.04.122.0223.2408.3.3.90.30.00.100|A|635.3
32659568|1085764|303|02|3110004|2021|9|02.02018.04.695.0216.2401.3.3.90.30.00.100|A|10133.24
32659569|1085764|303|02|3110004|2021|9|02.02007001.12.122.0002.2002.3.3.90.39.00.101|A|20761.91
32659570|1085764|303|02|3110004|2021|9|02.02009.15.122.0251.2426.3.3.90.36.00.100|A|1990.0
32659571|1085764|303|02|3110004|2021|9|02.02002.03.092.0173.2447.3.1.90.16.00.100|A|4481.24
32659572|1085764|303|02|3110004|2021|9|02.02001.04.122.0164.2214.3.3.90.36.00.100|A|4481.24
32659573|1085764|303|02|3110004|2021|9|02.02012.08.122.0141.2244.3.1.90.11.00.156|A|3238.94
32659574|1085764|303|02|3110004|2021|9|02.02009.04.122.0070.2125.3.3.90.39.00.100|A|12662.75
32659575|1085764|303|02|3110004|2021|9|02.02020.04.392.0223.1253.4.4.90.51.00.164|A|1107.76
32659576|1085764|303|02|3110004|2021|9|02.02017.10.302.0113.2394.3.3.72.39.00.102|A|80000.0
32659577|1085764|303|02|3110004|2021|9|02.02007001.12.122.0002.2002.4.4.90.52.00.101|A|34263.87
32659578|1085764|303|02|3110004|2021|9|02.02005.18.541.0034.2031.4.4.90.52.00.100|A|4481.24
32659579|1085764|303|02|3110004|2021|9|02.02017.10.302.0039.2086.3.1.90.13.00.102|A|7572.09
32659580|1085764|303|02|3110004|2021|9|02.02007001.12.122.0002.2002.4.4.90.52.00.101|A|1000.0
32659581|1085764|303|02|3110004|2021|9|02.02012.08.122.0141.2244.3.1.90.13.00.156|A|681.95
32659582|1085764|303|02|3110004|2021|9|02.02002.03.092.0173.2447.3.1.90.16.00.100|A|2518.76
32659583|1085764|303|02|3110004|2021|9|02.02007001.12.122.0002.2002.4.4.90.52.00.101|A|381.8
32659584|1085764|303|02|3110004|2021|9|02.02017.10.301.0029.2063.3.1.90.16.00.102|A|4226.09
32659585|1085764|303|02|3110004|2021|9|02.02017.10.305.0049.2399.3.1.90.11.00.102|A|1045.0
32659586|1085764|303|02|3110004|2021|9|02.02009.04.122.0070.2125.3.1.90.16.00.100|A|10672.75
32659587|1085764|303|02|3110004|2021|9|02.02017.10.302.0080.2104.3.3.90.39.00.159|A|5400.0
32659588|1085764|303|02|3110004|2021|9|02.02017.10.301.0029.2063.4.4.90.52.00.155|A|9900.0
32659589|1085764|303|02|3110004|2021|9|02.02005.18.541.0034.2031.4.4.90.52.00.100|A|2486.66
32659590|1085764|303|02|3110004|2021|9|02.02004.04.122.0228.2412.3.3.90.36.00.100|A|1560.56
32659591|1085764|303|02|3110004|2021|9|02.02014.08.122.0224.2409.3.3.90.30.00.100|A|1863.09
32659592|1085764|303|02|3110004|2021|9|02.02017.10.302.0080.2104.3.3.90.39.00.159|A|4195.0
32659593|1085764|303|02|3110004|2021|9|02.02014.08.122.0224.2409.3.3.90.30.00.100|A|1362.59
32659594|1085764|303|02|3110004|2021|9|02.02012.08.122.0141.2244.3.1.90.13.00.156|A|200.0
32659595|1085764|303|02|3110004|2021|9|02.02009.04.122.0070.2125.3.3.90.14.00.100|A|10773.24
32659596|1085764|303|02|3110004|2021|9|02.02004.04.122.0094.2170.3.3.90.14.00.100|A|212.86
32659597|1085764|303|02|3110004|2021|9|02.02012.08.122.0141.2244.3.3.90.30.00.100|A|381.8
32659598|1085764|303|02|3110004|2021|9|02.02010001.10.122.0047.2110.3.3.90.39.00.102|A|4621.91
32659599|1085764|303|02|3110004|2021|9|02.02017.10.122.0042.2094.3.1.90.13.00.102|A|4226.09
32659600|1085764|303|02|3110004|2021|9|02.02017.10.305.0049.2399.3.1.90.11.00.102|A|5452.45
32659601|1085764|303|02|3110004|2021|9|02.02007001.12.122.0002.2002.4.4.90.52.00.101|A|1590.81
32659602|1085764|303|02|3110004|2021|9|02.02017.10.302.0080.2104.3.1.90.94.00.159|A|900.0
32659603|1085764|303|02|3110004|2021|9|02.02007001.12.122.0002.2002.4.4.90.52.00.101|A|193.3
32659604|1085764|303|02|3110004|2021|9|02.02007001.12.122.0002.2002.4.4.90.52.00.101|A|1000.0
32659605|1085764|303|02|3110004|2021|9|02.02009.04.122.0070.2125.3.1.90.16.00.100|A|8143.24
32659606|1085764|303|02|3110004|2021|9|02.02005.18.122.0011.1253.4.4.90.52.00.164|A|5000.0
32659607|1085764|303|02|3110004|2021|9|02.02005.18.122.0011.1253.4.4.90.52.00.164|A|20000.0
32659608|1085764|303|02|3110004|2021|9|02.02017.10.305.0049.2399.3.1.90.11.00.102|A|100.0
32659609|1085764|303|02|3110004|2021|9|02.02017.10.305.0049.2399.3.1.90.11.00.102|A|28.05
32659610|1085764|303|02|3110004|2021|9|02.02007001.12.361.0003.2062.3.3.90.30.00.101|A|5053.73
32659611|1085764|303|02|3110004|2021|9|02.02005.18.122.0011.1253.4.4.90.52.00.164|A|10000.0
32659612|1085764|303|02|3110004|2021|9|02.02017.10.302.0039.2086.3.1.90.13.00.102|A|2427.91
32659613|1085764|303|02|3110004|2021|9|02.02020.04.122.0223.2408.3.1.90.94.00.100|A|805.24
32659614|1085764|303|02|3110004|2021|9|02.02007001.12.122.0002.2002.4.4.90.52.00.101|A|442.0
32659615|1085764|303|02|3110004|2021|9|02.02017.10.302.0080.2104.3.1.90.94.00.159|A|3528.0
32659616|1085764|303|02|3110004|2021|9|02.02007001.12.365.0003.2006.3.3.90.30.00.101|A|82.24
32659617|1085764|303|02|3110004|2021|9|02.02010001.10.122.0047.2110.3.1.90.94.00.102|A|5696.09
30533480|1002336|303|02|3110004|2021|2|02.02017.10.122.0322.1248.3.3.90.36.00.154|A|3900.0
30533481|1002336|303|02|3110004|2021|2|02.02017.10.122.0322.1248.3.1.90.04.00.154|A|56100.0
30533482|1002338|303|02|3110004|2021|2|02.02004.04.122.0094.2170.4.4.90.52.00.224|A|5000.0
30533483|1002338|303|02|3110004|2021|2|02.02016.04.391.0156.2311.4.4.90.51.00.224|A|320000.0
30533484|1002335|303|02|3110004|2021|2|02.02017.10.122.0322.1248.3.1.90.04.00.154|A|28305.0
30533485|1002335|303|02|3110004|2021|2|02.02017.10.122.0322.1248.4.4.90.52.00.154|A|57789.0
30533486|1002337|303|02|3110004|2021|2|02.02007001.12.361.0003.2062.4.4.90.52.00.222|A|74900.0
30533487|1002337|303|02|3110004|2021|2|02.02007001.12.361.0003.2062.3.3.90.93.00.222|A|100.0
30533488|1002332|303|02|3110004|2021|2|02.02017.10.305.0049.2399.3.1.90.16.00.102|A|800.0
30533489|1002332|303|02|3110004|2021|2|02.02010001.10.122.0040.2089.3.3.90.39.00.102|A|417.0
30533490|1002332|303|02|3110004|2021|2|02.02004.04.122.0094.2170.3.3.90.93.00.100|A|4000.0
30533491|1002332|303|02|3110004|2021|2|02.02010001.10.122.0040.2089.3.1.90.94.00.102|A|52.0
30533492|1002332|303|02|3110004|2021|2|02.02010001.10.122.0040.2089.3.1.90.94.00.102|A|500.0
30533493|1002332|303|02|3110004|2021|2|02.02007001.12.361.0003.2482.3.1.90.94.00.101|A|100.0
30533494|1002332|303|02|3110004|2021|2|02.02017.10.305.0049.2399.3.1.90.16.00.102|A|1000.0
30533495|1002332|303|02|3110004|2021|2|02.02001.04.122.0164.2214.3.3.90.40.00.100|A|1000.0
30533496|1002332|303|02|3110004|2021|2|02.02010001.10.122.0040.2089.3.1.90.94.00.102|A|500.0
30533497|1002332|303|02|3110004|2021|2|02.02004.04.122.0094.2170.3.3.90.93.00.100|A|4000.0
30533498|1002332|303|02|3110004|2021|2|02.02001.04.122.0164.2214.3.3.90.40.00.100|A|1776.4
30533499|1002332|303|02|3110004|2021|2|02.02017.10.305.0049.2399.3.1.90.16.00.102|A|252.0
30533500|1002332|303|02|3110004|2021|2|02.02010001.10.122.0040.2089.3.3.90.39.00.102|A|2500.0
30533501|1002332|303|02|3110004|2021|2|02.02010001.10.122.0040.2089.3.3.90.39.00.102|A|748.0
30533502|1002332|303|02|3110004|2021|2|02.02017.10.305.0049.2399.3.1.90.16.00.102|A|448.0
30533503|1002332|303|02|3110004|2021|2|02.02010001.10.304.0321.1247.3.3.90.30.00.102|A|13300.0
30533504|1002332|303|02|3110004|2021|2|02.02017.10.301.0029.2063.3.3.90.30.00.102|A|1052.0
30533505|1002332|303|02|3110004|2021|2|02.02017.10.301.0031.2066.3.3.90.14.00.159|A|1500.0
30533506|1002332|303|02|3110004|2021|2|02.02010001.10.122.0040.2089.4.4.90.52.00.102|A|3248.0
30533507|1002332|303|02|3110004|2021|2|02.02017.10.301.0029.2063.3.3.90.30.00.102|A|4348.0
30533508|1002332|303|02|3110004|2021|2|02.02010001.10.122.0040.2089.4.4.90.52.00.102|A|1052.0
30533509|1002332|303|02|3110004|2021|2|02.02003.04.124.0084.2429.4.4.90.52.00.100|A|579.9
30533510|1002332|303|02|3110004|2021|2|02.02004.04.122.0094.2170.3.3.90.93.00.100|A|4000.0
30533511|1002332|303|02|3110004|2021|2|02.02017.10.302.0028.2059.3.1.90.94.00.102|A|6914.0
30533512|1002332|303|02|3110004|2021|2|02.02004.04.122.0094.2170.3.3.90.93.00.100|A|1000.0
30533513|1002332|303|02|3110004|2021|2|02.02003.04.124.0084.2429.4.4.90.52.00.100|A|1000.0
30533514|1002334|303|02|3110004|2021|2|02.02017.10.122.0322.1248.3.3.90.30.00.154|A|55988.0
30533515|1002334|303|02|3110004|2021|2|02.02017.10.122.0322.1248.4.4.90.52.00.154|A|21300.0
30533516|1002333|303|02|3110004|2021|2|02.02012.08.244.0323.1249.3.3.90.32.00.161|A|12668.05
30533517|1002332|303|02|3110004|2021|2|02.02017.10.122.0032.2069.3.3.90.30.00.102|R|417.0
30533518|1002332|303|02|3110004|2021|2|02.02004.04.122.0094.2170.3.3.90.39.00.100|R|4000.0
30533519|1002332|303|02|3110004|2021|2|02.02010001.10.122.0040.2089.3.3.90.93.00.102|R|252.0
30533520|1002332|303|02|3110004|2021|2|02.02010001.10.122.0047.2110.3.1.90.94.00.102|R|6914.0
30533521|1002332|303|02|3110004|2021|2|02.02017.10.122.0032.2069.3.3.90.30.00.102|R|3248.0
30533522|1002332|303|02|3110004|2021|2|02.02004.04.122.0094.2170.4.4.90.52.00.100|R|4000.0
30533523|1002332|303|02|3110004|2021|2|02.02003.04.124.0084.2429.3.3.90.30.00.100|R|1000.0
30533524|1002332|303|02|3110004|2021|2|02.02017.10.122.0036.2075.3.3.90.30.00.102|R|1000.0
30533525|1002332|303|02|3110004|2021|2|02.02010001.10.122.0047.2110.3.1.90.94.00.102|R|1052.0
30533526|1002332|303|02|3110004|2021|2|02.02010001.10.122.0040.2089.3.3.90.93.00.102|R|748.0
30533527|1002332|303|02|3110004|2021|2|02.02017.10.122.0036.2075.3.3.90.39.00.102|R|500.0
30533528|1002332|303|02|3110004|2021|2|02.02017.10.301.0083.2071.3.3.90.30.00.102|R|2500.0
30533529|1002332|303|02|3110004|2021|2|02.02001.04.131.0167.2215.4.4.90.52.00.100|R|1776.4
30533530|1002332|303|02|3110004|2021|2|02.02004.04.122.0094.2250.3.3.90.39.00.100|R|1000.0
30533531|1002332|303|02|3110004|2021|2|02.02007001.12.122.0002.2002.3.3.90.49.00.101|R|100.0
30533532|1002332|303|02|3110004|2021|2|02.02017.10.122.0032.2069.3.3.90.39.00.102|R|52.0
30533533|1002332|303|02|3110004|2021|2|02.02017.10.301.0031.2066.3.3.90.30.00.159|R|1500.0
30533534|1002332|303|02|3110004|2021|2|02.02010001.10.304.0321.1247.3.3.50.43.00.102|R|13300.0
30533535|1002332|303|02|3110004|2021|2|02.02010001.10.122.0040.2089.3.3.90.40.00.102|R|4348.0
30533536|1002332|303|02|3110004|2021|2|02.02001.04.131.0167.2215.4.4.90.52.00.100|R|1000.0
30533537|1002332|303|02|3110004|2021|2|02.02004.04.122.0094.2170.3.3.90.30.00.100|R|4000.0
30533538|1002332|303|02|3110004|2021|2|02.02017.10.122.0032.2069.3.3.90.36.00.102|R|800.0
30533539|1002332|303|02|3110004|2021|2|02.02003.04.124.0084.2429.3.3.90.30.00.100|R|579.9
30533540|1002332|303|02|3110004|2021|2|02.02010001.10.122.0040.2089.3.3.90.40.00.102|R|1052.0
30533541|1002332|303|02|3110004|2021|2|02.02010001.10.122.0040.2089.3.3.90.92.00.102|R|500.0
30533542|1002332|303|02|3110004|2021|2|02.02017.10.122.0032.2069.3.3.90.39.00.102|R|448.0
30068897|978761|303|02|3110004|2021|1|02.02007001.12.122.0002.2002.3.3.90.35.00.101|A|30600.0
30068894|978761|303|02|3110004|2021|1|02.02008.27.122.0081.2148.3.1.90.94.00.100|A|3437.96
30068895|978761|303|02|3110004|2021|1|02.02010001.10.122.0047.2110.3.3.90.39.00.102|A|7750.0
30068896|978761|303|02|3110004|2021|1|02.02020.04.122.0223.2408.3.3.90.30.00.100|A|1017.26
30068898|978761|303|02|3110004|2021|1|02.02009.04.122.0070.2125.3.3.90.40.00.100|A|500.0
30068899|978761|303|02|3110004|2021|1|02.02017.10.302.0080.2104.3.1.90.94.00.102|A|399.6
30068900|978761|303|02|3110004|2021|1|02.02004.04.122.0094.2170.3.3.90.35.00.100|A|262.04
30068901|978761|303|02|3110004|2021|1|02.02007001.12.365.0003.2006.3.3.90.32.00.101|A|25616.0
30068902|978761|303|02|3110004|2021|1|02.02009.15.451.0072.1087.3.3.90.93.00.124|A|31837.03
30068906|978761|303|02|3110004|2021|1|02.02017.10.302.0080.2104.3.1.90.94.00.102|A|5300.4
30068903|978761|303|02|3110004|2021|1|02.02005.18.122.0011.2028.3.1.90.94.00.100|A|1062.04
30068904|978761|303|02|3110004|2021|1|02.02009.04.122.0070.2125.3.3.90.40.00.100|A|262.04
30068905|978761|303|02|3110004|2021|1|02.02010001.10.122.0040.2089.3.3.90.49.00.102|A|2449.6
30068907|978761|303|02|3110004|2021|1|02.02007001.12.122.0002.2002.3.3.90.40.00.101|A|2812.5
30068908|978761|303|02|3110004|2021|1|02.02001.04.122.0164.2214.3.3.50.41.00.100|A|147000.0
30068909|978761|303|02|3110004|2021|1|02.02017.10.302.0048.2112.3.3.50.43.00.159|A|61205.88
30068910|978761|303|02|3110004|2021|1|02.02009.04.122.0070.2125.3.3.90.40.00.100|A|77.96
30068911|978761|303|02|3110004|2021|1|02.02010001.10.122.0047.2110.3.3.90.39.00.102|A|25126.9
30068912|978761|303|02|3110004|2021|1|02.02020.04.122.0223.2408.3.3.90.30.00.100|A|762.04
30068913|978761|303|02|3110004|2021|1|02.02008.27.122.0081.2148.3.1.90.94.00.100|A|2462.04
30068917|978761|303|02|3110004|2021|1|02.02004.04.122.0094.2170.3.3.90.35.00.100|A|10000.0
30068914|978761|303|02|3110004|2021|1|02.02005.18.122.0011.2028.3.1.90.94.00.100|A|5637.96
30068915|978761|303|02|3110004|2021|1|02.02010001.10.122.0047.2110.3.3.90.39.00.102|A|10000.0
30068916|978761|303|02|3110004|2021|1|02.02017.10.305.0049.2399.3.1.90.16.00.102|A|1568.4
30068918|978761|303|02|3110004|2021|1|02.02020.04.122.0223.2408.3.3.90.30.00.100|A|1700.0
30068919|978761|303|02|3110004|2021|1|02.02017.10.301.0029.2063.3.3.90.30.00.159|R|61205.88
30068920|978761|303|02|3110004|2021|1|02.02009.04.122.0070.2125.3.3.90.30.00.100|R|77.96
30068921|978761|303|02|3110004|2021|1|02.02009.04.122.0070.2125.3.3.90.30.00.100|R|762.04
30068922|978761|303|02|3110004|2021|1|02.02007001.12.122.0002.2002.3.3.90.49.00.101|R|30600.0
30068923|978761|303|02|3110004|2021|1|02.02007001.12.122.0002.2002.3.3.90.49.00.101|R|2812.5
30068924|978761|303|02|3110004|2021|1|02.02019.04.122.0164.2214.3.3.90.49.00.100|R|1062.04
30068925|978761|303|02|3110004|2021|1|02.02020.04.392.0223.2491.3.3.90.39.00.100|R|1017.26
30068926|978761|303|02|3110004|2021|1|02.02019.04.122.0164.2214.3.3.90.49.00.100|R|3437.96
30068927|978761|303|02|3110004|2021|1|02.02017.10.122.0042.2094.3.3.90.40.00.102|R|5300.4
30068928|978761|303|02|3110004|2021|1|02.02020.04.392.0223.2491.3.3.90.39.00.100|R|2462.04
30068929|978761|303|02|3110004|2021|1|02.02008.27.812.0100.2156.3.3.90.31.00.100|R|262.04
30068930|978761|303|02|3110004|2021|1|02.02008.27.812.0100.2156.3.3.90.31.00.100|R|5637.96
30068931|978761|303|02|3110004|2021|1|02.02017.10.122.0042.2094.3.1.90.94.00.102|R|7750.0
30068932|978761|303|02|3110004|2021|1|02.02007001.12.122.0002.2002.3.3.90.49.00.101|R|25616.0
30068933|978761|303|02|3110004|2021|1|02.02017.10.122.0042.2094.3.3.90.40.00.102|R|2449.6
30068934|978761|303|02|3110004|2021|1|02.02019.04.122.0164.2214.3.3.90.39.00.100|R|147000.0
30068935|978761|303|02|3110004|2021|1|02.02019.04.122.0164.2214.3.1.90.94.00.100|R|500.0
30068939|978761|303|02|3110004|2021|1|02.02017.10.122.0042.2094.3.1.90.94.00.102|R|399.6
30068936|978761|303|02|3110004|2021|1|02.02019.04.122.0164.2214.3.1.90.16.00.100|R|1700.0
30068937|978761|303|02|3110004|2021|1|02.02009.15.451.0072.1087.4.4.90.51.00.124|R|31837.03
30068938|978761|303|02|3110004|2021|1|02.02004.04.122.0094.2170.3.3.90.30.00.100|R|10000.0
30068940|978761|303|02|3110004|2021|1|02.02010001.10.122.0047.2110.3.3.90.30.00.102|R|10000.0
30068941|978761|303|02|3110004|2021|1|02.02004.04.122.0094.2170.3.3.90.32.00.100|R|262.04
30068942|978761|303|02|3110004|2021|1|02.02017.10.122.0042.2094.3.1.90.94.00.102|R|1568.4
30068943|978761|303|02|3110004|2021|1|02.02017.10.122.0032.2069.3.3.90.30.00.102|R|25126.9
31877242|1056484|304|03|3110004|2021|5|03.06001.17.512.0079.2053.3.3.90.30.00.100|A|31510.0
31877239|1056484|304|03|3110004|2021|5|03.06001.17.512.0079.1059.4.4.90.52.00.100|A|18490.0
31877240|1056484|304|03|3110004|2021|5|03.06001.17.512.0079.2053.3.3.90.30.00.100|A|118490.0
31877241|1056484|304|03|3110004|2021|5|03.06001.17.512.0079.1059.4.4.90.52.00.100|A|31510.0
31877243|1056488|303|02|3110004|2021|5|02.02017.10.122.0322.1248.3.3.50.43.00.155|A|200000.0
31877244|1056487|303|02|3110004|2021|5|02.02017.10.122.0322.1248.3.1.90.04.00.154|A|172200.0
31877245|1056487|303|02|3110004|2021|5|02.02017.10.122.0322.1248.3.3.90.36.00.154|A|7800.0
31877246|1056483|303|02|3110004|2021|5|02.02001.04.122.0164.2214.4.4.90.52.00.100|A|1000.0
31877247|1056483|303|02|3110004|2021|5|02.02017.10.305.0049.2399.3.1.90.94.00.102|A|451.79
31877248|1056483|303|02|3110004|2021|5|02.02017.10.122.0032.2069.3.3.90.30.00.155|A|2600.0
31877249|1056483|303|02|3110004|2021|5|02.02001.04.122.0164.2214.4.4.90.52.00.100|A|463.3
31877250|1056483|303|02|3110004|2021|5|02.02001.04.122.0164.2214.3.3.90.30.00.100|A|261.67
31877251|1056483|303|02|3110004|2021|5|02.02001.04.122.0164.2214.4.4.90.52.00.100|A|2.6
31877252|1056483|303|02|3110004|2021|5|02.02012.08.243.0142.2448.3.1.90.13.00.129|A|1266.83
31877253|1056483|303|02|3110004|2021|5|02.02007001.12.122.0002.2002.3.3.90.39.00.101|A|11856.8
31877254|1056483|303|02|3110004|2021|5|02.02011.08.243.0118.1113.3.3.90.39.00.100|A|6927.4
31877255|1056483|303|02|3110004|2021|5|02.02007001.12.122.0002.2002.4.4.90.52.00.101|A|74000.0
31877256|1056483|303|02|3110004|2021|5|02.02007001.12.306.0016.2037.3.3.90.30.00.100|A|75000.0
31877257|1056483|303|02|3110004|2021|5|02.02008.27.122.0081.2148.3.3.90.36.00.100|A|2893.3
31877258|1056483|303|02|3110004|2021|5|02.02005.18.122.0011.2028.3.3.90.39.00.100|A|2.6
31877259|1056483|303|02|3110004|2021|5|02.02007001.12.361.0003.2482.3.1.90.16.00.101|A|261.28
31877260|1056483|303|02|3110004|2021|5|02.02001.04.122.0164.2214.3.3.90.30.00.100|A|2.6
31877261|1056483|303|02|3110004|2021|5|02.02005.18.122.0011.2028.3.3.90.39.00.100|A|31500.0
31877265|1056483|303|02|3110004|2021|5|02.02017.10.122.0042.2094.3.3.90.40.00.102|A|1500.0
31877262|1056483|303|02|3110004|2021|5|02.02008.27.122.0081.2148.3.3.90.36.00.100|A|4036.7
31877263|1056483|303|02|3110004|2021|5|02.02009.04.122.0070.2125.3.3.90.30.00.100|A|35000.0
31877264|1056483|303|02|3110004|2021|5|02.02002.03.092.0173.2447.3.1.90.16.00.100|A|2.6
31877266|1056483|303|02|3110004|2021|5|02.02017.10.301.0029.2063.3.1.90.16.00.159|A|2547.6
31877267|1056483|303|02|3110004|2021|5|02.02011.08.243.0118.1113.3.3.90.39.00.100|A|2466.7
31877268|1056483|303|02|3110004|2021|5|02.02009.15.451.0072.1087.3.3.90.93.00.124|A|56800.0
31877269|1056483|303|02|3110004|2021|5|02.02007001.12.122.0002.2002.3.3.90.39.00.101|A|850.0
31877270|1056483|303|02|3110004|2021|5|02.02001.04.122.0164.2214.4.4.90.52.00.100|A|1240.0
31877271|1056483|303|02|3110004|2021|5|02.02001.04.122.0164.2214.3.3.90.30.00.100|A|218.6
31877272|1056483|303|02|3110004|2021|5|02.02001.04.122.0164.2214.4.4.90.52.00.100|A|1000.0
31877273|1056483|303|02|3110004|2021|5|02.02007001.12.306.0016.2037.3.3.90.30.00.100|A|150000.0
31877274|1056483|303|02|3110004|2021|5|02.02009.15.451.0072.1087.3.3.90.93.00.124|A|38000.0
31877275|1056483|303|02|3110004|2021|5|02.02002.03.092.0173.2447.3.1.90.16.00.100|A|10997.4
31877276|1056483|303|02|3110004|2021|5|02.02012.08.243.0142.2448.3.1.90.11.00.129|A|5723.49
31877277|1056483|303|02|3110004|2021|5|02.02001.04.122.0164.2214.4.4.90.52.00.100|A|794.1
31877278|1056482|306|05|3110004|2021|5|05.08001.12.363.0055.2368.3.1.90.11.00.100|A|4000.0
31877279|1056482|306|05|3110004|2021|5|05.08001.12.363.0055.2368.3.1.90.11.00.100|A|3000.0
31877280|1056482|306|05|3110004|2021|5|05.08001.12.363.0055.2368.3.1.90.11.00.100|A|5000.0
31877281|1056482|306|05|3110004|2021|5|05.08001.12.363.0055.2368.3.1.90.11.00.100|A|3000.0
31877282|1056486|303|02|3110004|2021|5|02.02017.10.122.0322.1248.3.3.90.30.00.155|A|107849.0
31877283|1056485|303|02|3110004|2021|5|02.02015.06.182.0149.1234.3.3.90.93.00.200|A|105682.22
31877284|1056483|303|02|3110004|2021|5|02.02007001.12.364.0227.2411.3.3.90.18.00.100|R|150000.0
31877285|1056483|303|02|3110004|2021|5|02.02012.08.122.0141.2244.3.3.90.30.00.100|R|2893.3
31877286|1056483|303|02|3110004|2021|5|02.02012.08.122.0144.1142.3.3.90.36.00.129|R|1266.83
31877287|1056482|306|05|3110004|2021|5|05.08001.13.392.0063.2463.3.3.90.36.00.100|R|3000.0
31877288|1056483|303|02|3110004|2021|5|02.02017.10.301.0029.2063.3.3.90.30.00.159|R|2547.6
31877289|1056483|303|02|3110004|2021|5|02.02002.03.092.0198.2328.4.4.90.91.00.100|R|2.6
31877290|1056483|303|02|3110004|2021|5|02.02001.08.244.0170.2219.3.3.50.43.00.100|R|2.6
31877291|1056483|303|02|3110004|2021|5|02.02007001.12.361.0019.2041.3.3.90.39.00.101|R|74000.0
31877295|1056483|303|02|3110004|2021|5|02.02007001.12.361.0019.2041.3.3.90.39.00.101|R|11856.8
31877292|1056483|303|02|3110004|2021|5|02.02011.08.243.0175.2218.4.4.90.52.00.100|R|1000.0
31877293|1056483|303|02|3110004|2021|5|02.02009.15.451.0072.1087.4.4.90.51.00.100|R|35000.0
31877294|1056482|306|05|3110004|2021|5|05.08001.13.392.0063.2463.3.3.90.39.00.100|R|3000.0
31877296|1056483|303|02|3110004|2021|5|02.02011.08.243.0175.2218.3.3.90.36.00.100|R|794.1
31877297|1056483|303|02|3110004|2021|5|02.02012.08.122.0141.2244.3.3.90.30.00.100|R|2466.7
31877298|1056483|303|02|3110004|2021|5|02.02002.03.092.0198.2328.4.4.90.91.00.100|R|10997.4
31877299|1056483|303|02|3110004|2021|5|02.02012.08.122.0144.1142.3.3.90.36.00.129|R|5723.49
31877300|1056483|303|02|3110004|2021|5|02.02001.08.244.0170.2219.3.3.50.43.00.100|R|463.3
31877301|1056483|303|02|3110004|2021|5|02.02017.10.305.0049.2399.3.3.90.14.00.102|R|451.79
31877302|1056483|303|02|3110004|2021|5|02.02007001.12.361.0019.2041.3.3.90.39.00.101|R|850.0
31877303|1056483|303|02|3110004|2021|5|02.02001.08.244.0170.2219.3.3.50.43.00.100|R|4036.7
31877304|1056483|303|02|3110004|2021|5|02.02008.27.812.0100.1207.3.3.90.31.00.100|R|6927.4
31877305|1056483|303|02|3110004|2021|5|02.02019.04.122.0164.2214.3.3.90.39.00.100|R|75000.0
31877306|1056483|303|02|3110004|2021|5|02.02009.15.451.0072.1087.4.4.90.51.00.124|R|38000.0
31877307|1056483|303|02|3110004|2021|5|02.02001.08.244.0170.2219.3.3.50.43.00.100|R|218.6
31877308|1056483|303|02|3110004|2021|5|02.02008.27.812.0100.1207.3.3.90.31.00.100|R|2.6
31877309|1056483|303|02|3110004|2021|5|02.02005.18.122.0011.2028.3.3.90.92.00.100|R|2.6
31877310|1056483|303|02|3110004|2021|5|02.02005.18.541.0291.2472.3.3.50.43.00.100|R|31500.0
31877311|1056483|303|02|3110004|2021|5|02.02011.08.243.0118.1113.4.4.90.52.00.100|R|1000.0
31877312|1056483|303|02|3110004|2021|5|02.02011.08.243.0119.2200.3.3.90.39.00.100|R|1240.0
31877313|1056484|304|03|3110004|2021|5|03.06001.17.122.0030.2050.3.1.90.91.00.100|R|18490.0
31877314|1056483|303|02|3110004|2021|5|02.02001.08.244.0170.2219.3.3.50.43.00.100|R|261.67
31877315|1056483|303|02|3110004|2021|5|02.02009.15.451.0072.1087.4.4.90.51.00.124|R|56800.0
31877316|1056484|304|03|3110004|2021|5|03.06001.17.122.0030.2050.3.1.90.91.00.100|R|31510.0
31877317|1056484|304|03|3110004|2021|5|03.06001.17.512.0079.1059.4.4.90.51.00.100|R|118490.0
31877318|1056483|303|02|3110004|2021|5|02.02017.10.301.0029.2063.3.3.90.30.00.155|R|2600.0
31877319|1056482|306|05|3110004|2021|5|05.08001.12.363.0050.2205.3.3.90.30.00.100|R|5000.0
31877320|1056484|304|03|3110004|2021|5|03.06001.17.122.0030.1049.4.4.90.52.00.100|R|31510.0
31877321|1056482|306|05|3110004|2021|5|05.08001.12.363.0050.2205.3.3.90.49.00.100|R|4000.0
31877322|1056483|303|02|3110004|2021|5|02.02007001.12.361.0019.2041.3.3.90.39.00.101|R|261.28
31877323|1056483|303|02|3110004|2021|5|02.02017.10.122.0042.2094.3.3.90.14.00.102|R|1500.0
31877324|1056491|303|02|3110004|2021|6|02.02012.08.122.0226.2410.3.3.90.30.00.100|A|35.0
31877325|1056491|303|02|3110004|2021|6|02.02017.10.122.0032.2069.3.3.90.30.00.155|A|50000.0
31877326|1056491|303|02|3110004|2021|6|02.02012.08.243.0142.2448.3.1.90.13.00.129|A|1096.01
31877327|1056491|303|02|3110004|2021|6|02.02007001.12.361.0003.2482.3.1.90.16.00.101|A|200.05
31877328|1056491|303|02|3110004|2021|6|02.02009.04.122.0070.2125.3.1.90.94.00.100|A|500.5
31877329|1056491|303|02|3110004|2021|6|02.02008.27.812.0100.1207.4.4.90.52.00.100|A|1800.5
31877330|1056491|303|02|3110004|2021|6|02.02020.04.392.0223.2491.3.3.90.35.00.100|A|7600.0
31877331|1056491|303|02|3110004|2021|6|02.02007003.12.361.0003.2484.3.1.90.94.00.118|A|3400.0
31877332|1056491|303|02|3110004|2021|6|02.02006.04.122.0093.2160.3.3.90.39.00.100|A|350000.0
31877333|1056491|303|02|3110004|2021|6|02.02012.08.244.0130.2230.3.3.90.39.00.129|A|1323.29
31877334|1056491|303|02|3110004|2021|6|02.02009.04.122.0070.2125.3.3.90.30.00.100|A|335.0
31877335|1056491|303|02|3110004|2021|6|02.02008.27.122.0081.2148.3.3.90.39.00.100|A|8800.0
31877336|1056491|303|02|3110004|2021|6|02.02012.08.122.0144.1142.3.1.90.94.00.100|A|2626.88
31877337|1056491|303|02|3110004|2021|6|02.02004.04.122.0094.2170.3.3.90.39.00.100|A|9500.0
31877338|1056491|303|02|3110004|2021|6|02.02007001.12.365.0003.2006.4.4.90.52.00.101|A|66193.37
31877339|1056491|303|02|3110004|2021|6|02.02004.04.122.0094.2170.3.3.90.30.00.100|A|6665.0
31877340|1056491|303|02|3110004|2021|6|02.02004.04.122.0094.2170.3.1.90.94.00.100|A|4665.0
31877341|1056491|303|02|3110004|2021|6|02.02012.08.122.0144.1142.3.1.90.94.00.100|A|513.12
31877342|1056491|303|02|3110004|2021|6|02.02009.04.122.0070.2125.3.3.90.30.00.100|A|7415.0
31877343|1056491|303|02|3110004|2021|6|02.02009.04.122.0070.2125.3.1.90.94.00.100|A|1499.5
31877344|1056491|303|02|3110004|2021|6|02.02010001.10.304.0321.1247.3.3.90.30.00.102|A|43340.48
31877345|1056491|303|02|3110004|2021|6|02.02020.04.392.0223.2491.3.3.90.35.00.100|A|300.0
31877346|1056491|303|02|3110004|2021|6|02.02009.04.122.0070.2125.4.4.90.52.00.100|A|780.0
31877347|1056491|303|02|3110004|2021|6|02.02012.08.122.0106.2221.3.3.90.92.00.100|A|33.83
31877348|1056491|303|02|3110004|2021|6|02.02008.27.812.0100.1207.4.4.90.52.00.100|A|3140.0
31877349|1056491|303|02|3110004|2021|6|02.02010001.10.304.0321.1247.3.3.90.30.00.102|A|1412.33
31877350|1056491|303|02|3110004|2021|6|02.02009.04.122.0070.2125.4.4.90.52.00.100|A|200.5
31877351|1056491|303|02|3110004|2021|6|02.02008.27.122.0081.2148.3.3.90.39.00.100|A|300.0
31877352|1056491|303|02|3110004|2021|6|02.02010001.10.304.0321.1247.4.4.90.52.00.102|A|31587.67
31877353|1056491|303|02|3110004|2021|6|02.02004.04.122.0094.2170.3.3.90.30.00.100|A|335.0
31877354|1056491|303|02|3110004|2021|6|02.02009.04.122.0070.2125.3.3.90.39.00.100|A|100000.0
31877355|1056491|303|02|3110004|2021|6|02.02009.04.122.0070.2125.4.4.90.52.00.100|A|719.5
31877356|1056491|303|02|3110004|2021|6|02.02012.08.122.0106.2221.3.3.90.92.00.100|A|700.0
31877357|1056491|303|02|3110004|2021|6|02.02012.08.122.0106.2221.3.3.90.92.00.100|A|46.17
31877358|1056491|303|02|3110004|2021|6|02.02008.27.812.0100.1207.4.4.90.52.00.100|A|59.5
31877359|1056491|303|02|3110004|2021|6|02.02017.10.305.0049.2399.3.1.90.13.00.102|A|5000.0
31877360|1056491|303|02|3110004|2021|6|02.02004.04.122.0094.2170.3.1.90.94.00.100|A|1635.0
31877364|1056491|303|02|3110004|2021|6|02.02004.04.122.0094.2170.3.3.90.39.00.100|A|300.0
31877361|1056491|303|02|3110004|2021|6|02.02012.08.122.0226.2410.3.3.90.30.00.100|A|430.67
31877362|1056491|303|02|3110004|2021|6|02.02012.08.122.0226.2410.3.3.90.30.00.100|A|300.0
31877363|1056491|303|02|3110004|2021|6|02.02012.08.243.0142.2448.3.1.90.11.00.129|A|3633.85
31877365|1056491|303|02|3110004|2021|6|02.02017.10.305.0049.2399.3.1.90.13.00.102|A|2500.0
31877366|1056491|303|02|3110004|2021|6|02.02009.15.122.0251.2426.3.3.90.36.00.100|A|1199.5
31877367|1056491|303|02|3110004|2021|6|02.02017.10.305.0049.2399.3.1.90.13.00.102|A|794.87
31877368|1056491|303|02|3110004|2021|6|02.02009.15.122.0251.2426.3.3.90.36.00.100|A|1486.88
31877369|1056490|302|01|3110004|2021|6|01.01001.01.031.0001.2330.3.3.90.93.00.100|A|2050.0
31877370|1056490|302|01|3110004|2021|6|01.01001.01.031.0001.2332.3.3.90.46.00.100|A|10000.0
31877371|1056490|302|01|3110004|2021|6|01.01001.01.031.0001.2330.3.3.90.33.00.100|A|40000.0
31877372|1056490|302|01|3110004|2021|6|01.01001.01.031.0001.2334.3.3.90.30.00.100|A|50000.0
31877373|1056490|302|01|3110004|2021|6|01.01001.01.031.0001.2466.3.3.90.46.00.100|A|450.0
31877374|1056490|302|01|3110004|2021|6|01.01001.01.031.0001.2332.3.3.90.30.00.100|A|20000.0
31877376|1056490|302|01|3110004|2021|6|01.01001.01.031.0001.2334.3.3.90.46.00.100|A|500.0
31877375|1056490|302|01|3110004|2021|6|01.01001.01.031.0001.2340.3.3.90.39.00.100|A|20000.0
31877377|1056490|302|01|3110004|2021|6|01.01001.01.031.0001.2330.3.3.90.39.00.100|A|5000.0
31877378|1056489|302|01|3110004|2021|6|01.01001.01.031.0001.2337.3.3.90.39.00.100|A|10000.0
31877379|1056489|302|01|3110004|2021|6|01.01001.01.031.0001.2342.3.3.90.18.00.100|A|500.0
31877380|1056489|302|01|3110004|2021|6|01.01001.01.031.0001.2466.3.3.90.49.00.100|A|1500.0
31877381|1056489|302|01|3110004|2021|6|01.01001.01.031.0001.1178.4.4.90.52.00.100|A|10019.31
31877382|1056489|302|01|3110004|2021|6|01.01001.01.031.0001.2330.3.3.90.30.00.100|A|4000.0
31877383|1056489|302|01|3110004|2021|6|01.01001.01.031.0001.2334.3.3.90.30.00.100|A|3000.0
31877384|1056489|302|01|3110004|2021|6|01.01001.01.031.0001.2332.3.3.90.39.00.100|A|10000.0
31877385|1056489|302|01|3110004|2021|6|01.01001.01.031.0001.2466.3.3.90.30.00.100|A|5000.0
31877386|1056489|302|01|3110004|2021|6|01.01001.01.031.0001.2330.3.3.90.39.00.100|A|7000.0
31877387|1056489|302|01|3110004|2021|6|01.01001.01.031.0001.2340.3.3.90.39.00.100|A|15000.0
31877388|1056489|302|01|3110004|2021|6|01.01001.01.031.0001.2332.3.3.90.30.00.100|A|19500.0
31877389|1056492|303|02|3110004|2021|6|02.02015.15.453.0326.1257.3.3.60.45.00.100|A|300000.0
31877390|1056492|303|02|3110004|2021|6|02.02015.15.453.0326.1257.3.3.60.45.00.100|A|240000.0
31877391|1056490|302|01|3110004|2021|6|01.01001.01.031.0001.2330.3.1.90.11.00.100|R|20000.0
31877392|1056491|303|02|3110004|2021|6|02.02004.04.122.0094.2170.3.3.90.30.00.100|R|500.5
31877393|1056491|303|02|3110004|2021|6|02.02012.08.122.0141.2244.3.3.90.39.00.100|R|46.17
31877394|1056491|303|02|3110004|2021|6|02.02012.08.243.0142.2448.3.3.90.30.00.129|R|3633.85
31877395|1056490|302|01|3110004|2021|6|01.01001.01.031.0001.2330.3.1.90.11.00.100|R|450.0
31877396|1056492|303|02|3110004|2021|6|02.02006.99.999.9999.2162.9.9.99.99.00.100|R|300000.0
31877397|1056489|303|02|3110004|2021|6|02.02019.04.122.0164.2214.3.3.90.39.00.100|R|3000.0
31877398|1056489|303|02|3110004|2021|6|02.02019.04.122.0164.2214.3.3.90.39.00.100|R|7000.0
31877399|1056489|303|02|3110004|2021|6|02.02019.04.122.0164.2214.3.3.90.39.00.100|R|1500.0
31877400|1056491|303|02|3110004|2021|6|02.02007003.12.361.0003.2484.3.1.90.16.00.118|R|3400.0
31877401|1056492|303|02|3110004|2021|6|02.02019.04.122.0164.2214.3.3.90.39.00.100|R|240000.0
31877402|1056491|303|02|3110004|2021|6|02.02009.15.451.0072.1087.4.4.90.51.00.100|R|7415.0
31877403|1056489|303|02|3110004|2021|6|02.02019.04.122.0164.2214.3.3.90.39.00.100|R|500.0
31877404|1056491|303|02|3110004|2021|6|02.02004.04.122.0094.2170.4.4.90.52.00.100|R|335.0
31877405|1056491|303|02|3110004|2021|6|02.02004.04.122.0094.2170.4.4.90.52.00.100|R|6665.0
31877406|1056491|303|02|3110004|2021|6|02.02020.04.392.0223.2491.3.3.50.41.00.100|R|300.0
31877407|1056491|303|02|3110004|2021|6|02.02017.10.301.0029.2063.3.3.90.30.00.155|R|50000.0
31877408|1056491|303|02|3110004|2021|6|02.02012.08.122.0141.2244.3.3.90.39.00.100|R|719.5
31877409|1056491|303|02|3110004|2021|6|02.02009.15.452.0279.1404.3.3.90.39.00.100|R|200.5
31877410|1056491|303|02|3110004|2021|6|02.02012.08.243.0142.2448.3.3.90.39.00.129|R|1096.01
31877411|1056491|303|02|3110004|2021|6|02.02009.15.451.0072.1087.3.3.90.39.00.100|R|35.0
31877412|1056491|303|02|3110004|2021|6|02.02017.10.305.0049.2399.3.3.90.30.00.102|R|2500.0
31877413|1056490|302|01|3110004|2021|6|01.01001.01.031.0001.2330.3.1.90.11.00.100|R|5000.0
31877414|1056491|303|02|3110004|2021|6|02.02009.15.451.0072.1087.4.4.90.51.00.100|R|100000.0
31877415|1056491|303|02|3110004|2021|6|02.02020.04.392.0223.2491.3.3.50.41.00.100|R|7600.0
31877416|1056489|303|02|3110004|2021|6|02.02019.04.122.0164.2214.3.3.90.39.00.100|R|19500.0
31877417|1056489|303|02|3110004|2021|6|02.02019.04.122.0164.2214.3.3.90.39.00.100|R|10000.0
31877418|1056490|302|01|3110004|2021|6|01.01001.01.031.0001.2330.3.1.90.11.00.100|R|20000.0
31877419|1056491|303|02|3110004|2021|6|02.02007001.12.361.0019.2041.3.3.90.39.00.101|R|66193.37
31877420|1056491|303|02|3110004|2021|6|02.02004.04.122.0094.2170.3.3.90.49.00.100|R|1635.0
31877421|1056491|303|02|3110004|2021|6|02.02007001.12.365.0019.2454.3.3.90.39.00.101|R|200.05
31877422|1056489|303|02|3110004|2021|6|02.02019.04.122.0164.2214.3.3.90.39.00.100|R|4000.0
31877423|1056491|303|02|3110004|2021|6|02.02009.15.451.0072.1087.3.3.90.39.00.100|R|59.5
31877424|1056491|303|02|3110004|2021|6|02.02008.27.812.0100.2156.3.3.90.31.00.100|R|8800.0
31877425|1056491|303|02|3110004|2021|6|02.02012.08.122.0226.2410.3.3.90.30.00.129|R|1323.29
31877426|1056491|303|02|3110004|2021|6|02.02004.04.122.0094.2170.3.3.90.30.00.100|R|700.0
31877427|1056491|303|02|3110004|2021|6|02.02009.15.452.0279.1404.3.3.90.39.00.100|R|1499.5
31877428|1056491|303|02|3110004|2021|6|02.02010001.10.304.0321.1247.3.3.50.43.00.102|R|43340.48
31877429|1056491|303|02|3110004|2021|6|02.02017.10.305.0049.2399.3.3.90.14.00.102|R|794.87
31877430|1056491|303|02|3110004|2021|6|02.02004.04.122.0094.2170.4.4.90.52.00.100|R|300.0
31877431|1056491|303|02|3110004|2021|6|02.02004.04.122.0094.2170.3.3.90.49.00.100|R|430.67
31877432|1056491|303|02|3110004|2021|6|02.02008.27.813.0300.2477.3.1.90.04.00.100|R|4665.0
31877433|1056489|303|02|3110004|2021|6|02.02019.04.122.0164.2214.3.3.90.39.00.100|R|10000.0
31877434|1056490|302|01|3110004|2021|6|01.01001.01.031.0001.2330.3.1.90.11.00.100|R|50000.0
31877435|1056490|302|01|3110004|2021|6|01.01001.01.031.0001.2330.3.1.90.11.00.100|R|10000.0
31877436|1056491|303|02|3110004|2021|6|02.02009.15.451.0072.1087.4.4.90.51.00.100|R|300.0
31877437|1056491|303|02|3110004|2021|6|02.02009.15.451.0072.1087.3.3.90.39.00.100|R|2626.88
31877438|1056491|303|02|3110004|2021|6|02.02012.08.122.0141.2244.3.3.90.36.00.100|R|3140.0
31877439|1056489|303|02|3110004|2021|6|02.02019.04.122.0164.2214.3.3.90.39.00.100|R|15000.0
31877440|1056489|303|02|3110004|2021|6|02.02019.04.122.0164.2214.3.3.90.39.00.100|R|10019.31
31877441|1056491|303|02|3110004|2021|6|02.02010001.10.304.0321.1247.3.3.50.43.00.102|R|1412.33
31877442|1056490|302|01|3110004|2021|6|01.01001.01.031.0001.2330.3.1.90.11.00.100|R|500.0
31877443|1056491|303|02|3110004|2021|6|02.02019.04.122.0164.2214.3.3.90.39.00.100|R|350000.0
31877444|1056490|302|01|3110004|2021|6|01.01001.01.031.0001.2330.3.1.90.11.00.100|R|2050.0
31877445|1056490|302|01|3110004|2021|6|01.01001.01.031.0001.2330.3.1.90.11.00.100|R|40000.0
31877446|1056491|303|02|3110004|2021|6|02.02008.27.812.0100.2156.3.3.90.31.00.100|R|300.0
31877447|1056489|303|02|3110004|2021|6|02.02019.04.122.0164.2214.3.3.90.39.00.100|R|5000.0
31877448|1056491|303|02|3110004|2021|6|02.02012.08.122.0144.1142.3.3.90.30.00.100|R|780.0
31877449|1056491|303|02|3110004|2021|6|02.02004.04.122.0094.2170.3.3.90.49.00.100|R|1800.5
31877450|1056491|303|02|3110004|2021|6|02.02010001.10.304.0321.1247.3.3.50.43.00.102|R|31587.67
31877451|1056491|303|02|3110004|2021|6|02.02006.04.122.0093.2160.3.3.90.39.00.100|R|9500.0
31877452|1056491|303|02|3110004|2021|6|02.02017.10.302.0048.2403.3.3.90.39.00.102|R|5000.0
31877453|1056491|303|02|3110004|2021|6|02.02004.04.122.0094.2170.3.3.90.30.00.100|R|1199.5
31877454|1056491|303|02|3110004|2021|6|02.02004.04.122.0094.2170.3.3.90.49.00.100|R|33.83
31877455|1056491|303|02|3110004|2021|6|02.02009.15.451.0072.1087.3.3.90.39.00.100|R|513.12
31877456|1056491|303|02|3110004|2021|6|02.02008.27.813.0300.2477.3.1.90.04.00.100|R|335.0
31877457|1056491|303|02|3110004|2021|6|02.02009.15.451.0072.1087.3.3.90.39.00.100|R|1486.88
34204200|1127111|303|02|3110004|2021|12|02.02003.04.124.0084.2429.3.1.90.11.00.100|A|1367.74
34204197|1127111|303|02|3110004|2021|12|02.02007003.12.365.0220.2405.3.1.90.11.00.118|A|97375.89
34204198|1127111|303|02|3110004|2021|12|02.02002.02.122.0173.2321.3.3.90.93.00.100|A|20.65
34204199|1127111|303|02|3110004|2021|12|02.02007003.12.366.0003.2488.3.1.90.13.00.118|A|6504.95
34204204|1127111|303|02|3110004|2021|12|02.02015.06.122.0145.2257.3.1.90.13.00.100|A|3248.03
34204201|1127111|303|02|3110004|2021|12|02.02011.08.243.0175.2218.3.1.90.04.00.100|A|655.2
34204202|1127111|303|02|3110004|2021|12|02.02007001.12.122.0002.2002.3.3.90.39.00.101|A|38220.0
34204203|1127111|303|02|3110004|2021|12|02.02012.08.244.0130.2230.3.1.90.11.00.100|A|84.43
34204205|1127111|303|02|3110004|2021|12|02.02017.10.301.0029.2063.3.1.90.16.00.102|A|3089.75
34204206|1127111|303|02|3110004|2021|12|02.02002.02.122.0173.2321.3.1.90.94.00.100|A|223.43
34204207|1127111|303|02|3110004|2021|12|02.02004.04.122.0086.2166.3.1.90.13.00.100|A|4292.91
34204208|1127111|303|02|3110004|2021|12|02.02002.02.122.0173.2321.3.3.90.36.00.100|A|36.38
34204209|1127111|303|02|3110004|2021|12|02.02004.04.122.0094.2170.3.3.90.32.00.100|A|300000.0
34204210|1127111|303|02|3110004|2021|12|02.02017.10.305.0049.2399.4.4.90.52.00.155|A|563.0
34204211|1127111|303|02|3110004|2021|12|02.02008.27.812.0100.1207.3.3.90.39.00.100|A|154.48
34204212|1127111|303|02|3110004|2021|12|02.02012.08.122.0226.2410.3.1.90.94.00.100|A|4981.64
34204213|1127111|303|02|3110004|2021|12|02.02014.08.122.0166.2314.3.1.90.94.00.100|A|4344.73
34204214|1127111|303|02|3110004|2021|12|02.02017.10.302.0028.2059.3.1.90.11.00.102|A|3340.0
34204215|1127111|303|02|3110004|2021|12|02.02004.04.122.0094.2170.3.1.90.94.00.100|A|162.48
34204216|1127111|303|02|3110004|2021|12|02.02010001.10.122.0047.2110.3.3.90.14.00.102|A|8900.0
34204217|1127111|303|02|3110004|2021|12|02.02007001.12.122.0002.2456.3.1.90.94.00.100|A|1722.26
34204218|1127111|303|02|3110004|2021|12|02.02017.10.302.0048.2112.3.3.50.43.00.102|A|69200.0
34204219|1127111|303|02|3110004|2021|12|02.02009.15.451.0072.1087.4.4.90.51.00.100|A|11049.43
34204220|1127111|303|02|3110004|2021|12|02.02004.04.271.0096.2172.3.1.90.03.00.100|A|2199.21
34204221|1127111|303|02|3110004|2021|12|02.02006.04.122.0093.2161.3.1.90.11.00.100|A|22400.0
34204222|1127111|303|02|3110004|2021|12|02.02019.04.122.0164.2214.3.1.90.11.00.100|A|7531.38
34204223|1127111|303|02|3110004|2021|12|02.02001.04.122.0164.2214.3.1.90.11.00.100|A|14701.08
34204224|1127111|303|02|3110004|2021|12|02.02007003.12.365.0220.2405.3.1.90.13.00.118|A|126687.39
34204225|1127111|303|02|3110004|2021|12|02.02012.08.122.0258.2433.3.3.90.04.00.156|A|8647.91
34204226|1127111|303|02|3110004|2021|12|02.02011.08.243.0175.2218.3.1.90.13.00.100|A|2081.91
34204227|1127111|303|02|3110004|2021|12|02.02011.08.243.0175.2218.3.1.90.16.00.100|A|81.02
34204228|1127111|303|02|3110004|2021|12|02.02012.08.122.0226.2410.3.1.90.04.00.129|A|7641.24
34204229|1127111|303|02|3110004|2021|12|02.02019.04.122.0164.2214.3.1.90.11.00.100|A|8600.82
34204230|1127111|303|02|3110004|2021|12|02.02013.16.122.0122.1119.3.3.90.48.00.100|A|1981.91
34204231|1127111|303|02|3110004|2021|12|02.02007003.12.367.0003.2489.3.1.90.11.00.118|A|121510.77
34204232|1127111|303|02|3110004|2021|12|02.02005.18.122.0011.2028.3.3.90.14.00.100|A|5.02
34204233|1127111|303|02|3110004|2021|12|02.02001.04.122.0164.2214.3.3.90.40.00.100|A|79.25
34204234|1127111|303|02|3110004|2021|12|02.02009.04.122.0070.2125.3.1.90.13.00.100|A|6241.0
34204235|1127111|303|02|3110004|2021|12|02.02010001.10.122.0047.2110.3.3.90.39.00.102|A|26660.0
34204236|1127111|303|02|3110004|2021|12|02.02009.04.122.0070.2125.3.1.90.13.00.100|A|36140.0
34204237|1127111|303|02|3110004|2021|12|02.02001.04.122.0164.2214.4.4.90.52.00.100|A|1468.21
34204238|1127111|303|02|3110004|2021|12|02.02001.04.131.0167.2215.3.3.90.39.00.100|A|2457.45
34204239|1127111|303|02|3110004|2021|12|02.02011.08.243.0120.2115.3.3.50.43.00.100|A|2799.37
34204240|1127111|303|02|3110004|2021|12|02.02009.04.122.0070.2125.4.4.90.52.00.100|A|1330.91
34204241|1127111|303|02|3110004|2021|12|02.02016.13.391.0156.2311.4.4.90.51.00.100|A|19721.06
34204242|1127111|303|02|3110004|2021|12|02.02009.15.451.0072.1087.4.4.90.51.00.100|A|10598.88
34204243|1127111|303|02|3110004|2021|12|02.02020.04.122.0223.2408.3.1.90.13.00.100|A|342.35
34204244|1127111|303|02|3110004|2021|12|02.02020.04.122.0223.2408.3.1.90.11.00.100|A|14000.0
34204245|1127111|303|02|3110004|2021|12|02.02007003.12.365.0220.2405.3.1.90.11.00.118|A|194957.96
34204246|1127111|303|02|3110004|2021|12|02.02002.02.122.0173.2321.3.3.90.36.00.100|A|563.35
34204247|1127111|303|02|3110004|2021|12|02.02007001.12.122.0002.2002.3.3.90.40.00.101|A|748.1
34204248|1127111|303|02|3110004|2021|12|02.02007003.12.361.0003.2484.3.1.90.11.00.118|A|1615572.04
34204249|1127111|303|02|3110004|2021|12|02.02001.04.122.0164.2214.3.1.90.13.00.100|A|110.96
34204250|1127111|303|02|3110004|2021|12|02.02004.04.122.0086.2166.3.1.90.11.00.100|A|12581.0
34204251|1127111|303|02|3110004|2021|12|02.02012.08.122.0141.2244.3.3.90.04.00.100|A|14145.9
34204252|1127111|303|02|3110004|2021|12|02.02007003.12.361.0003.2484.3.1.90.13.00.118|A|259912.42
34204253|1127111|303|02|3110004|2021|12|02.02008.27.812.0100.2156.3.3.90.39.00.100|A|10680.18
34204254|1127111|303|02|3110004|2021|12|02.02007003.12.365.0003.2486.3.1.90.11.00.118|A|295089.8
34204255|1127111|303|02|3110004|2021|12|02.02001.04.122.0164.2214.3.3.90.93.00.100|A|132.65
34204256|1127111|303|02|3110004|2021|12|02.02017.10.301.0029.2063.3.1.90.16.00.102|A|92.35
34204257|1127111|303|02|3110004|2021|12|02.02020.04.122.0223.2408.3.3.90.30.00.100|A|101.45
34204258|1127111|303|02|3110004|2021|12|02.02006.04.122.0093.2160.3.3.90.40.00.100|A|77577.5
34204259|1127111|303|02|3110004|2021|12|02.02007001.12.364.0227.2411.3.3.90.18.00.100|A|18.98
34204260|1127111|303|02|3110004|2021|12|02.02007001.12.361.0027.2049.3.1.90.94.00.101|A|6184.82
34204261|1127111|303|02|3110004|2021|12|02.02009.04.122.0070.2125.3.1.90.11.00.100|A|236400.0
34204262|1127111|303|02|3110004|2021|12|02.02020.04.122.0223.2408.3.1.90.11.00.100|A|5019.82
34204263|1127111|303|02|3110004|2021|12|02.02015.06.122.0145.2257.3.1.90.11.00.100|A|6242.39
34204264|1127111|303|02|3110004|2021|12|02.02009.04.122.0070.2125.3.1.90.16.00.100|A|3556.39
34204265|1127111|303|02|3110004|2021|12|02.02002.03.092.0173.2447.3.1.90.16.00.100|A|1065.31
34204266|1127111|303|02|3110004|2021|12|02.02009.04.122.0070.2125.3.3.90.40.00.100|A|400.0
34204267|1127111|303|02|3110004|2021|12|02.02007003.12.365.0220.2405.3.1.90.11.00.118|A|2092.69
34204268|1127111|303|02|3110004|2021|12|02.02007003.12.361.0003.2484.3.1.90.94.00.118|A|3825.7
34204269|1127111|303|02|3110004|2021|12|02.02007001.12.122.0002.2002.3.3.90.30.00.100|A|1746.91
34204270|1127111|303|02|3110004|2021|12|02.02001.04.122.0164.2214.3.3.90.30.00.100|A|403.79
34204271|1127111|303|02|3110004|2021|12|02.02009.04.122.0070.2125.3.3.90.39.00.100|A|14019.92
34204272|1127111|303|02|3110004|2021|12|02.02007001.12.361.0003.2482.3.1.90.16.00.101|A|1214.71
34204273|1127111|303|02|3110004|2021|12|02.02017.10.301.0031.2066.3.3.90.04.00.159|A|2190.77
34204274|1127111|303|02|3110004|2021|12|02.02007001.12.122.0002.2002.3.3.90.30.00.101|A|1158.05
34204275|1127111|303|02|3110004|2021|12|02.02019.04.122.0164.2214.3.3.90.14.00.100|A|36.81
34204276|1127111|303|02|3110004|2021|12|02.02001.04.122.0164.2214.3.3.90.30.00.100|A|1538.21
34204277|1127111|303|02|3110004|2021|12|02.02017.10.302.0039.2086.3.1.90.11.00.102|A|758.24
34204278|1127111|303|02|3110004|2021|12|02.02011.08.243.0175.2218.3.3.90.14.00.100|A|168.65
34204279|1127111|303|02|3110004|2021|12|02.02003.04.124.0084.2429.3.1.90.11.00.100|A|5074.63
34204280|1127111|303|02|3110004|2021|12|02.02012.08.122.0144.1142.3.3.90.30.00.100|A|2280.18
34204281|1127111|303|02|3110004|2021|12|02.02007001.12.365.0221.2407.3.1.90.94.00.101|A|3943.67
34204282|1127111|303|02|3110004|2021|12|02.02014.08.122.0166.2314.3.1.90.11.00.100|A|8323.91
34204283|1127111|303|02|3110004|2021|12|02.02014.08.122.0224.2409.3.1.90.11.00.100|A|2725.94
34204284|1127111|303|02|3110004|2021|12|02.02007001.12.364.0227.2411.3.3.90.18.00.100|A|66.97
34204285|1127111|303|02|3110004|2021|12|02.02007001.12.361.0003.1200.4.4.90.51.00.101|A|239996.24
34204286|1127111|303|02|3110004|2021|12|02.02001.04.122.0164.2214.4.4.90.52.00.100|A|511.79
34204287|1127111|303|02|3110004|2021|12|02.02007001.12.361.0003.1200.4.4.90.51.00.101|A|50000.0
34204288|1127111|303|02|3110004|2021|12|02.02002.02.122.0173.2321.3.3.90.93.00.100|A|107.14
34204289|1127111|303|02|3110004|2021|12|02.02007001.12.122.0002.2001.3.1.90.16.00.101|A|113.4
34204290|1127111|303|02|3110004|2021|12|02.02011.08.243.0175.2218.3.1.90.16.00.100|A|59.79
34204291|1127111|303|02|3110004|2021|12|02.02012.08.122.0144.1142.3.3.90.30.00.100|A|5470.33
34204292|1127111|303|02|3110004|2021|12|02.02007001.12.361.0003.2482.3.1.90.04.00.101|A|30257.05
34204293|1127111|303|02|3110004|2021|12|02.02002.03.092.0173.2447.3.1.90.16.00.100|A|4292.91
34204586|1127111|303|02|3110004|2021|12|02.02006.04.122.0093.2160.3.3.90.30.00.100|R|400.0
34204585|1127110|306|05|3110004|2021|12|05.08001.12.363.0050.2205.3.3.90.30.00.100|R|46.94
34204587|1127111|303|02|3110004|2021|12|02.02007003.12.361.0003.2062.3.3.90.39.00.119|R|3825.7
34204588|1127111|303|02|3110004|2021|12|02.02004.04.122.0094.2170.3.1.90.11.00.100|R|76.33
34204589|1127111|303|02|3110004|2021|12|02.02014.08.122.0166.2314.3.1.90.04.00.100|R|667.65
34204590|1127111|303|02|3110004|2021|12|02.02017.10.302.0080.2104.4.4.90.52.00.159|R|200.0
34204591|1127111|303|02|3110004|2021|12|02.02012.08.243.0142.2448.3.1.90.13.00.100|R|3779.8
34204592|1127111|303|02|3110004|2021|12|02.02017.10.301.0031.2066.3.1.90.04.00.102|R|4891.21
34204593|1127111|303|02|3110004|2021|12|02.02007003.12.361.0019.2041.3.3.90.39.00.119|R|19359.99
34204594|1127111|303|02|3110004|2021|12|02.02005.18.541.0034.2031.4.4.90.52.00.100|R|6854.1
34204595|1127111|303|02|3110004|2021|12|02.02017.10.301.0029.2063.3.3.90.30.00.159|R|6011.04
34204596|1127111|303|02|3110004|2021|12|02.02004.04.122.0094.2170.3.3.90.46.00.100|R|19688.43
34204597|1127111|303|02|3110004|2021|12|02.02012.08.244.0137.1136.3.1.90.13.00.100|R|576.25
34204598|1127111|303|02|3110004|2021|12|02.02002.02.122.0173.2321.3.1.90.11.00.100|R|77577.5
34204599|1127111|303|02|3110004|2021|12|02.02012.08.122.0131.2446.3.3.90.30.00.129|R|7641.24
34204600|1127111|303|02|3110004|2021|12|02.02004.04.122.0094.2170.3.1.90.13.00.100|R|6241.0
34204601|1127111|303|02|3110004|2021|12|02.02012.08.122.0141.2244.3.1.90.11.00.100|R|11049.43
34204602|1127111|303|02|3110004|2021|12|02.02009.04.122.0070.2125.3.3.90.49.00.100|R|9453.79
34204603|1127105|304|03|3110004|2021|12|03.06001.17.512.0079.2053.3.1.90.13.00.100|R|1000.0
34204604|1127111|303|02|3110004|2021|12|02.02007001.12.361.0003.2329.3.3.90.36.00.101|R|20791.76
34204605|1127111|303|02|3110004|2021|12|02.02010001.10.304.0321.1247.3.3.50.43.00.102|R|4797.43
34204606|1127111|303|02|3110004|2021|12|02.02004.04.122.0094.2170.3.1.90.11.00.100|R|488.68
34204607|1127111|303|02|3110004|2021|12|02.02007003.12.367.0003.2489.3.1.90.16.00.118|R|129267.71
34204608|1127111|303|02|3110004|2021|12|02.02007003.12.361.0003.1200.4.4.90.51.00.119|R|97375.89
34204609|1127111|303|02|3110004|2021|12|02.02006.04.122.0093.2160.3.3.90.40.00.100|R|2337.6
34204610|1127111|303|02|3110004|2021|12|02.02008.27.122.0081.2148.3.1.90.13.00.100|R|5019.82
34204611|1127111|303|02|3110004|2021|12|02.02002.02.122.0173.2321.4.4.90.52.00.100|R|21.19
34204612|1127111|303|02|3110004|2021|12|02.02005.18.122.0011.2028.3.1.90.13.00.100|R|1722.26
34204613|1127111|303|02|3110004|2021|12|02.02005.18.122.0008.2018.3.3.90.30.00.100|R|66.97
34204614|1127111|303|02|3110004|2021|12|02.02010001.10.122.0040.2089.3.1.90.11.00.102|R|3741.53
34204616|1127111|303|02|3110004|2021|12|02.02012.08.122.0106.2221.3.1.90.94.00.100|R|1468.21
34204615|1127111|303|02|3110004|2021|12|02.02007001.12.122.0002.2456.3.1.90.13.00.100|R|22101.75
34204617|1127111|303|02|3110004|2021|12|02.02007003.12.361.0003.1200.4.4.90.51.00.119|R|126687.39
34204618|1127111|303|02|3110004|2021|12|02.02005.18.122.0011.2028.3.1.90.04.00.100|R|81.02
34204619|1127111|303|02|3110004|2021|12|02.02005.18.122.0008.2018.4.4.90.52.00.100|R|59.79
34204620|1127111|303|02|3110004|2021|12|02.02012.08.122.0141.2244.3.1.90.11.00.100|R|14701.08
34204621|1127111|303|02|3110004|2021|12|02.02012.08.244.0137.1136.3.1.90.11.00.100|R|2725.94
34204622|1127110|306|05|3110004|2021|12|05.08001.12.363.0050.2205.3.1.90.11.00.100|R|3976.01
34204623|1127111|303|02|3110004|2021|12|02.02007001.12.122.0002.2456.3.1.90.11.00.100|R|12912.42
34204624|1127111|303|02|3110004|2021|12|02.02007003.12.365.0003.2486.3.1.90.16.00.118|R|259912.42
34204625|1127111|303|02|3110004|2021|12|02.02010001.10.122.0040.2089.3.3.90.46.00.102|R|26660.0
34204626|1127111|303|02|3110004|2021|12|02.02009.15.451.0072.1087.3.3.90.39.00.100|R|8323.91
34204627|1127111|303|02|3110004|2021|12|02.02010001.10.304.0321.1247.3.3.50.43.00.102|R|4102.57
34204628|1127111|303|02|3110004|2021|12|02.02007001.12.122.0002.2456.3.1.90.13.00.100|R|543.25
34204629|1127111|303|02|3110004|2021|12|02.02012.08.122.0141.2244.3.1.90.11.00.100|R|4099.18
34204630|1127111|303|02|3110004|2021|12|02.02007001.12.122.0002.2002.3.3.90.49.00.101|R|239996.24
34204631|1127111|303|02|3110004|2021|12|02.02003.04.124.0084.2429.3.1.90.11.00.100|R|4099.37
34204632|1127111|303|02|3110004|2021|12|02.02017.10.301.0029.2063.4.4.90.52.00.159|R|2190.77
34204633|1127111|303|02|3110004|2021|12|02.02006.04.122.0093.2160.3.3.90.39.00.100|R|45000.0
34204634|1127111|303|02|3110004|2021|12|02.02002.02.122.0173.2321.4.4.90.52.00.100|R|20.65
34204635|1127105|304|03|3110004|2021|12|03.06001.17.122.0030.2050.3.1.90.13.00.100|R|2900.0
34204636|1127111|303|02|3110004|2021|12|02.02002.02.122.0173.2321.4.4.90.52.00.100|R|1180.05
34204637|1127111|303|02|3110004|2021|12|02.02006.04.122.0093.2160.3.3.90.35.00.100|R|19130.38
34204638|1127111|303|02|3110004|2021|12|02.02002.03.092.0198.2328.3.1.90.91.00.100|R|137420.08
34204639|1127111|303|02|3110004|2021|12|02.02017.10.301.0031.2066.3.1.90.04.00.102|R|361.86
34204640|1127111|303|02|3110004|2021|12|02.02013.16.122.0122.1119.3.1.90.11.00.100|R|12581.0
34204641|1127111|303|02|3110004|2021|12|02.02001.04.122.0164.2214.3.1.90.11.00.100|R|107.14
34204642|1127111|303|02|3110004|2021|12|02.02012.08.244.0137.1136.3.1.90.11.00.100|R|2355.27
34204643|1127111|303|02|3110004|2021|12|02.02002.02.122.0173.2321.3.1.90.11.00.100|R|6242.39
34204644|1127111|303|02|3110004|2021|12|02.02007003.12.361.0015.2035.3.1.90.11.00.118|R|7513.05
34204645|1127109|302|01|3110004|2021|12|01.01001.01.031.0001.1181.4.4.90.51.00.100|R|10000.0
34204646|1127105|304|03|3110004|2021|12|03.06001.17.122.0030.2050.3.1.90.13.00.100|R|600.0
34204647|1127111|303|02|3110004|2021|12|02.02017.10.301.0031.2066.3.1.90.04.00.102|R|7968.79
34204648|1127111|303|02|3110004|2021|12|02.02007001.12.364.0227.2411.3.3.90.18.00.100|R|1330.91
34204649|1127111|303|02|3110004|2021|12|02.02007003.12.365.0003.2486.3.1.90.16.00.118|R|194957.96
34204650|1127111|303|02|3110004|2021|12|02.02012.08.122.0226.2410.3.1.90.04.00.100|R|14619.82
34204651|1127111|303|02|3110004|2021|12|02.02006.04.122.0093.2161.3.1.90.13.00.100|R|10159.01
34204652|1127111|303|02|3110004|2021|12|02.02005.18.122.0008.2018.4.4.90.52.00.100|R|40.21
34204653|1127111|303|02|3110004|2021|12|02.02009.15.451.0072.1087.4.4.90.51.00.100|R|300000.0
34204654|1127111|303|02|3110004|2021|12|02.02004.04.122.0094.2170.3.3.90.49.00.100|R|1064.65
34204655|1127111|303|02|3110004|2021|12|02.02007001.12.361.0003.2329.3.3.90.36.00.101|R|1545.24
34204656|1127111|303|02|3110004|2021|12|02.02006.04.122.0202.0003.3.2.90.22.00.100|R|10082.15
34204657|1127111|303|02|3110004|2021|12|02.02004.04.122.0094.2170.3.1.90.13.00.100|R|21330.35
34204658|1127111|303|02|3110004|2021|12|02.02007001.12.361.0003.2329.3.3.90.36.00.101|R|113.4
34204659|1127111|303|02|3110004|2021|12|02.02017.10.301.0031.2066.3.1.90.04.00.102|R|4178.08
34204660|1127105|304|03|3110004|2021|12|03.06001.17.122.0030.2050.3.1.90.11.00.100|R|6400.0
34204661|1127111|303|02|3110004|2021|12|02.02007003.12.361.0003.2484.3.1.90.16.00.118|R|1615572.04
34204662|1127111|303|02|3110004|2021|12|02.02006.04.122.0202.0003.3.2.90.21.00.100|R|13598.25
34204663|1127111|303|02|3110004|2021|12|02.02009.15.452.0071.2137.3.3.90.39.00.100|R|83656.8
34204664|1127111|303|02|3110004|2021|12|02.02009.04.122.0070.2125.3.3.90.30.00.100|R|1231.39
34204665|1127111|303|02|3110004|2021|12|02.02010001.10.122.0040.2089.3.1.90.11.00.102|R|3089.75
34204666|1127105|304|03|3110004|2021|12|03.06001.17.512.0079.2053.3.1.90.16.00.100|R|3400.0
34204667|1127111|303|02|3110004|2021|12|02.02001.04.122.0164.2214.3.1.90.16.00.100|R|168.65
34204668|1127111|303|02|3110004|2021|12|02.02005.18.122.0011.2028.3.1.90.11.00.100|R|3800.79
34204669|1127111|303|02|3110004|2021|12|02.02009.04.122.0070.2125.3.3.90.49.00.100|R|13.55
34204670|1127111|303|02|3110004|2021|12|02.02012.08.122.0106.2221.3.1.90.94.00.100|R|749.49
34204671|1127111|303|02|3110004|2021|12|02.02014.08.122.0166.2314.3.1.90.04.00.100|R|563.35
34204672|1127111|303|02|3110004|2021|12|02.02009.04.122.0070.2125.3.3.90.47.00.100|R|19.83
34204673|1127111|303|02|3110004|2021|12|02.02009.15.451.0072.1087.4.4.90.51.00.100|R|25100.0
34204674|1127111|303|02|3110004|2021|12|02.02007001.12.122.0002.2002.3.3.90.49.00.101|R|1214.71
34204675|1127111|303|02|3110004|2021|12|02.02006.04.122.0093.2160.3.3.90.30.00.100|R|216.02
34204676|1127111|303|02|3110004|2021|12|02.02006.04.122.0093.2160.4.4.90.52.00.100|R|3329.37
34204677|1127111|303|02|3110004|2021|12|02.02002.02.122.0173.2321.3.1.90.11.00.100|R|3757.61
34204678|1127111|303|02|3110004|2021|12|02.02012.08.122.0144.1142.3.1.90.13.00.100|R|1607.09
34204679|1127111|303|02|3110004|2021|12|02.02006.04.122.0202.0003.4.6.90.71.00.100|R|14019.92
34204680|1127111|303|02|3110004|2021|12|02.02009.04.122.0070.2125.3.3.90.14.00.100|R|36800.0
34204681|1127111|303|02|3110004|2021|12|02.02009.15.451.0072.1087.3.3.90.39.00.100|R|236400.0
34204394|1127111|303|02|3110004|2021|12|02.02012.08.244.0128.2223.3.3.90.32.00.100|A|2131.01
34204391|1127111|303|02|3110004|2021|12|02.02007001.12.122.0002.2001.3.3.90.46.00.101|A|1545.24
34204392|1127111|303|02|3110004|2021|12|02.02009.04.122.0070.2125.4.4.90.52.00.100|A|889.09
34204393|1127111|303|02|3110004|2021|12|02.02008.27.122.0081.2148.3.1.90.94.00.100|A|667.65
34204395|1127111|303|02|3110004|2021|12|02.02014.08.122.0224.2409.3.1.90.11.00.100|A|4099.37
34204396|1127111|303|02|3110004|2021|12|02.02004.04.122.0094.2170.3.3.90.32.00.100|A|30600.0
34204397|1127111|303|02|3110004|2021|12|02.02007001.12.122.0002.2456.3.1.90.13.00.100|A|749.49
34204398|1127111|303|02|3110004|2021|12|02.02007001.12.122.0002.2456.3.1.90.94.00.100|A|6168.99
34204399|1127111|303|02|3110004|2021|12|02.02010001.10.122.0047.2110.3.1.90.16.00.102|A|4891.21
34204400|1127111|303|02|3110004|2021|12|02.02010001.10.122.0040.2089.3.1.90.16.00.102|A|361.86
34204401|1127111|303|02|3110004|2021|12|02.02010001.10.122.0047.2110.3.1.90.94.00.102|A|303.92
34204402|1127111|303|02|3110004|2021|12|02.02009.04.122.0070.2125.3.1.90.94.00.100|A|829.85
34204403|1127111|303|02|3110004|2021|12|02.02011.08.243.0175.2218.3.1.90.13.00.100|A|723.95
34204404|1127111|303|02|3110004|2021|12|02.02007001.12.361.0003.2482.3.1.90.04.00.101|A|1545.24
34204405|1127111|303|02|3110004|2021|12|02.02004.04.122.0094.2170.3.3.90.46.00.100|A|13598.25
34204406|1127111|303|02|3110004|2021|12|02.02014.08.122.0166.2314.3.1.90.11.00.100|A|3779.8
34204407|1127111|303|02|3110004|2021|12|02.02014.08.122.0166.2314.3.1.90.94.00.100|A|1418.77
34204408|1127111|303|02|3110004|2021|12|02.02012.08.122.0141.2244.3.3.90.04.00.100|A|14689.67
34204409|1127111|303|02|3110004|2021|12|02.02005.18.122.0011.2028.3.3.90.14.00.100|A|19.83
34204410|1127110|306|05|3110004|2021|12|05.08001.28.843.0058.0001.4.6.90.71.00.100|A|178.4
34204411|1127110|306|05|3110004|2021|12|05.08001.12.363.0050.2205.3.3.90.36.00.100|A|178.4
34204412|1127110|306|05|3110004|2021|12|05.08001.12.363.0055.2368.3.1.90.11.00.100|A|2556.55
34204413|1127110|306|05|3110004|2021|12|05.08001.12.363.0055.2368.3.1.90.13.00.100|A|3976.01
34204414|1127110|306|05|3110004|2021|12|05.08001.12.363.0050.2205.3.1.90.04.00.100|A|1265.05
34204415|1127110|306|05|3110004|2021|12|05.08001.28.843.0058.0001.4.6.90.71.00.100|A|46.94
34204416|1127110|306|05|3110004|2021|12|05.08001.12.363.0055.2368.3.1.90.11.00.100|A|771.54
34204417|1127109|302|01|3110004|2021|12|01.01001.01.031.0001.2332.3.3.90.39.00.100|A|10000.0
34204418|1127109|302|01|3110004|2021|12|01.01001.01.031.0001.2330.3.3.90.39.00.100|A|10000.0
34204419|1127112|306|05|3110004|2021|12|05.08001.12.363.0213.2393.3.3.90.18.00.122|A|3168.54
34204420|1127108|303|02|3110004|2021|12|02.02007003.12.365.0220.2405.3.1.90.16.00.118|A|296002.43
34204421|1127108|303|02|3110004|2021|12|02.02007003.12.361.0003.1200.4.4.90.51.00.119|A|1175552.49
34204422|1127108|303|02|3110004|2021|12|02.02007003.12.367.0003.2489.3.1.90.16.00.118|A|128267.71
34204423|1127108|303|02|3110004|2021|12|02.02007003.12.366.0003.2488.3.1.90.16.00.118|A|39467.0
34204424|1127108|303|02|3110004|2021|12|02.02007003.12.361.0003.2484.3.1.90.16.00.118|A|1825348.29
34204425|1127108|303|02|3110004|2021|12|02.02007003.12.365.0003.2486.3.1.90.16.00.118|A|453870.38
34204426|1127107|305|04|3110004|2021|12|04.05001.13.122.0061.2093.3.1.90.11.00.100|A|1010.0
34204427|1127114|303|02|3110004|2021|12|02.02017.10.122.0322.1248.3.3.90.39.00.159|A|34500.0
34204428|1127106|304|03|3110004|2021|12|03.06001.17.512.0079.2053.3.3.90.32.00.100|A|5000.0
34204429|1127105|304|03|3110004|2021|12|03.06001.17.122.0030.2050.3.3.90.40.00.100|A|2000.0
34204430|1127105|304|03|3110004|2021|12|03.06001.17.512.0079.2053.3.3.90.39.00.100|A|6100.0
34204431|1127105|304|03|3110004|2021|12|03.06001.17.512.0033.2054.3.3.90.39.00.100|A|4600.0
34204432|1127105|304|03|3110004|2021|12|03.06001.17.512.0079.2053.3.3.90.39.00.100|A|34000.0
34204433|1127105|304|03|3110004|2021|12|03.06001.17.512.0079.2053.3.3.90.93.00.100|A|1000.0
34204434|1127105|304|03|3110004|2021|12|03.06001.17.512.0079.2053.3.3.90.93.00.100|A|2900.0
34204435|1127105|304|03|3110004|2021|12|03.06001.17.512.0079.2053.3.3.90.39.00.100|A|18000.0
34204436|1127105|304|03|3110004|2021|12|03.06001.17.512.0033.2054.3.3.90.39.00.100|A|6400.0
34204437|1127105|304|03|3110004|2021|12|03.06001.17.122.0030.2050.3.3.90.39.00.100|A|3400.0
34204438|1127105|304|03|3110004|2021|12|03.06001.17.122.0030.2050.3.3.90.39.00.100|A|600.0
34204439|1127105|304|03|3110004|2021|12|03.06001.17.122.0030.2050.3.3.90.39.00.100|A|6000.0
34204440|1127111|303|02|3110004|2021|12|02.02007001.12.122.0002.2002.3.3.90.49.00.101|R|3943.67
34204441|1127111|303|02|3110004|2021|12|02.02017.10.301.0031.2066.3.1.90.04.00.102|R|8900.0
34204442|1127111|303|02|3110004|2021|12|02.02012.08.243.0142.2448.3.1.90.13.00.100|R|4981.64
34204443|1127111|303|02|3110004|2021|12|02.02007001.12.364.0227.2411.3.3.90.18.00.100|R|50875.0
34204444|1127111|303|02|3110004|2021|12|02.02009.15.451.0072.1087.4.4.90.51.00.100|R|60494.62
34204445|1127111|303|02|3110004|2021|12|02.02007003.12.361.0019.2041.3.3.90.39.00.119|R|22378.5
34204446|1127111|303|02|3110004|2021|12|02.02009.15.451.0311.1242.4.4.90.51.00.100|R|89.95
34204447|1127110|306|05|3110004|2021|12|05.08001.12.363.0050.2205.3.1.90.13.00.100|R|2556.55
34204448|1127111|303|02|3110004|2021|12|02.02007003.12.361.0003.2062.3.3.90.39.00.119|R|26653.29
34204449|1127111|303|02|3110004|2021|12|02.02010001.10.304.0321.1247.3.3.50.43.00.102|R|69200.0
34204450|1127111|303|02|3110004|2021|12|02.02009.04.122.0070.2125.3.1.90.04.00.100|R|2936.96
34204451|1127111|303|02|3110004|2021|12|02.02010001.10.061.0297.2476.3.3.90.91.00.102|R|303.92
34204452|1127111|303|02|3110004|2021|12|02.02008.27.122.0081.2148.3.1.90.13.00.100|R|10680.18
34204453|1127111|303|02|3110004|2021|12|02.02007003.12.361.0003.1200.4.4.90.51.00.119|R|121510.77
34204454|1127111|303|02|3110004|2021|12|02.02004.04.122.0094.2170.3.3.90.30.00.100|R|185.22
34204455|1127111|303|02|3110004|2021|12|02.02013.16.122.0122.1119.3.1.90.13.00.100|R|723.95
34204456|1127111|303|02|3110004|2021|12|02.02012.08.244.0137.1136.3.1.90.11.00.100|R|5274.06
34204457|1127111|303|02|3110004|2021|12|02.02007003.12.361.0003.1200.4.4.90.51.00.119|R|295089.8
34204458|1127110|306|05|3110004|2021|12|05.08001.12.363.0050.2205.3.1.90.13.00.100|R|1265.05
34204459|1127111|303|02|3110004|2021|12|02.02008.27.122.0081.2148.3.1.90.11.00.100|R|68000.0
34204460|1127111|303|02|3110004|2021|12|02.02012.08.244.0137.1136.3.1.90.13.00.100|R|4423.75
34204461|1127111|303|02|3110004|2021|12|02.02004.04.122.0094.2170.3.3.90.46.00.100|R|25111.57
34204462|1127111|303|02|3110004|2021|12|02.02007001.12.361.0003.2329.3.3.90.36.00.101|R|748.1
34204463|1127105|304|03|3110004|2021|12|03.06001.17.512.0079.2053.3.1.90.04.00.100|R|6000.0
34204464|1127111|303|02|3110004|2021|12|02.02005.18.122.0011.2028.3.1.90.11.00.100|R|27099.34
34204465|1127111|303|02|3110004|2021|12|02.02016.13.391.0156.2311.3.3.90.39.00.100|R|1538.21
34204466|1127110|306|05|3110004|2021|12|05.08001.12.363.0050.2205.3.1.90.13.00.100|R|178.4
34204467|1127111|303|02|3110004|2021|12|02.02007001.12.122.0002.2456.3.1.90.11.00.100|R|23687.58
34204468|1127111|303|02|3110004|2021|12|02.02006.04.122.0093.2161.3.1.90.94.00.100|R|1367.74
34204469|1127111|303|02|3110004|2021|12|02.02009.04.122.0070.2125.3.1.90.04.00.100|R|542.55
34204470|1127111|303|02|3110004|2021|12|02.02017.10.122.0322.1248.3.1.90.04.00.154|R|900.0
34204471|1127111|303|02|3110004|2021|12|02.02006.04.122.0093.2161.3.1.90.13.00.100|R|340.99
34204472|1127111|303|02|3110004|2021|12|02.02004.04.122.0094.2170.3.1.90.11.00.100|R|35700.0
34204473|1127111|303|02|3110004|2021|12|02.02004.04.122.0094.2170.3.1.90.11.00.100|R|813.09
34204474|1127111|303|02|3110004|2021|12|02.02012.08.122.0226.2410.3.1.90.04.00.100|R|2280.18
34204475|1127111|303|02|3110004|2021|12|02.02014.08.122.0166.2314.3.1.90.04.00.100|R|2081.91
34204476|1127111|303|02|3110004|2021|12|02.02017.10.305.0049.2399.3.3.90.39.00.155|R|563.0
34204477|1127111|303|02|3110004|2021|12|02.02014.08.122.0166.2314.3.1.90.11.00.100|R|84.43
34204478|1127111|303|02|3110004|2021|12|02.02007001.12.361.0003.2329.3.3.90.36.00.101|R|38220.0
34204479|1127111|303|02|3110004|2021|12|02.02013.16.122.0122.1119.3.1.90.13.00.100|R|2276.05
34204480|1127111|303|02|3110004|2021|12|02.02008.27.812.0100.1207.4.4.90.52.00.100|R|677.55
34204481|1127111|303|02|3110004|2021|12|02.02002.02.122.0173.2321.3.1.90.13.00.100|R|2131.01
34204482|1127111|303|02|3110004|2021|12|02.02004.04.122.0094.2170.3.1.90.11.00.100|R|3556.39
34204483|1127111|303|02|3110004|2021|12|02.02009.15.451.0311.1242.4.4.90.51.00.100|R|79.25
34204484|1127111|303|02|3110004|2021|12|02.02006.04.122.0093.2161.3.3.90.14.00.100|R|154.48
34204485|1127111|303|02|3110004|2021|12|02.02017.10.305.0049.2399.3.3.90.33.00.155|R|6787.7
34204486|1127111|303|02|3110004|2021|12|02.02001.04.122.0164.2214.3.1.90.16.00.100|R|1577.09
34204487|1127111|303|02|3110004|2021|12|02.02009.04.122.0070.2125.3.3.90.49.00.100|R|10.39
34204685|1127111|303|02|3110004|2021|12|02.02012.08.122.0144.1142.3.3.90.30.00.100|R|5074.63
34204682|1127111|303|02|3110004|2021|12|02.02012.08.122.0144.1142.3.1.90.04.00.100|R|162.48
34204683|1127111|303|02|3110004|2021|12|02.02007001.12.122.0002.2001.3.1.90.11.00.101|R|3589.96
34204684|1127111|303|02|3110004|2021|12|02.02007001.12.122.0002.2002.3.3.90.49.00.101|R|1158.05
34204686|1127111|303|02|3110004|2021|12|02.02012.08.122.0144.1142.3.3.90.30.00.100|R|2799.37
34204687|1127111|303|02|3110004|2021|12|02.02007001.12.361.0003.2329.3.3.90.36.00.101|R|29.45
34204688|1127111|303|02|3110004|2021|12|02.02006.04.122.0202.0003.4.6.90.71.00.100|R|51749.02
34204689|1127111|303|02|3110004|2021|12|02.02004.04.122.0094.2170.3.3.90.30.00.100|R|164.78
34204690|1127111|303|02|3110004|2021|12|02.02007001.12.122.0002.2002.3.3.90.49.00.101|R|4310.0
34204691|1127111|303|02|3110004|2021|12|02.02017.10.301.0031.2066.3.1.90.04.00.102|R|10340.0
34204692|1127111|303|02|3110004|2021|12|02.02009.15.451.0072.1087.3.3.90.39.00.100|R|655.2
34204693|1127111|303|02|3110004|2021|12|02.02002.02.122.0173.2321.4.4.90.52.00.100|R|89.35
34204694|1127111|303|02|3110004|2021|12|02.02007003.12.361.0015.2035.3.1.90.13.00.118|R|2092.69
34204695|1127111|303|02|3110004|2021|12|02.02014.08.122.0166.2314.3.1.90.04.00.100|R|818.09
34204696|1127111|303|02|3110004|2021|12|02.02009.15.122.0251.2426.3.3.90.36.00.100|R|14689.67
34204697|1127111|303|02|3110004|2021|12|02.02010001.10.122.0040.2089.3.3.90.46.00.102|R|3340.0
34204698|1127111|303|02|3110004|2021|12|02.02012.08.122.0106.2221.3.1.90.94.00.100|R|110.96
34204699|1127111|303|02|3110004|2021|12|02.02012.08.244.0214.2400.4.4.90.52.00.129|R|11007.75
34204700|1127111|303|02|3110004|2021|12|02.02013.16.122.0122.1119.3.1.90.11.00.100|R|419.0
34204491|1127111|303|02|3110004|2021|12|02.02004.04.122.0094.2170.3.1.90.11.00.100|R|476.95
34204488|1127111|303|02|3110004|2021|12|02.02008.27.812.0100.1207.4.4.90.52.00.100|R|2457.45
34204489|1127105|304|03|3110004|2021|12|03.06001.17.122.0030.2050.3.1.90.11.00.100|R|6100.0
34204490|1127111|303|02|3110004|2021|12|02.02011.08.243.0175.2218.3.1.90.94.00.100|R|223.43
34204492|1127111|303|02|3110004|2021|12|02.02017.10.301.0031.2066.3.1.90.04.00.102|R|92.35
34204493|1127111|303|02|3110004|2021|12|02.02008.27.813.0300.1243.4.4.90.52.00.100|R|67.35
34204494|1127111|303|02|3110004|2021|12|02.02012.08.244.0137.1136.3.1.90.11.00.100|R|174.98
34204495|1127111|303|02|3110004|2021|12|02.02006.04.122.0202.0003.3.2.90.21.00.100|R|10598.88
34204496|1127111|303|02|3110004|2021|12|02.02012.08.122.0141.2244.3.1.90.11.00.100|R|8600.82
34204497|1127111|303|02|3110004|2021|12|02.02017.10.301.0031.2066.3.1.90.04.00.102|R|445.79
34204498|1127111|303|02|3110004|2021|12|02.02014.08.122.0166.2314.3.3.90.93.00.100|R|889.09
34204499|1127111|303|02|3110004|2021|12|02.02009.15.451.0072.1087.3.3.90.39.00.100|R|30600.0
34204500|1127111|303|02|3110004|2021|12|02.02001.04.122.0164.2214.3.1.90.16.00.100|R|403.79
34204501|1127111|303|02|3110004|2021|12|02.02014.08.122.0166.2314.3.3.90.93.00.100|R|1746.91
34204502|1127111|303|02|3110004|2021|12|02.02007003.12.361.0003.2062.3.3.90.39.00.119|R|6504.95
34204503|1127111|303|02|3110004|2021|12|02.02012.08.122.0258.2433.3.1.90.11.00.156|R|8647.91
34204504|1127111|303|02|3110004|2021|12|02.02010001.10.061.0297.2476.3.3.90.91.00.102|R|6363.17
34204505|1127111|303|02|3110004|2021|12|02.02017.10.122.0322.1248.3.1.90.04.00.159|R|1000.0
34204506|1127111|303|02|3110004|2021|12|02.02007003.12.361.0003.2062.3.3.90.39.00.119|R|1953.59
34204507|1127110|306|05|3110004|2021|12|05.08001.12.363.0050.2205.3.1.90.11.00.100|R|771.54
34204508|1127111|303|02|3110004|2021|12|02.02006.04.122.0093.2160.3.3.90.35.00.100|R|80869.62
34204509|1127111|303|02|3110004|2021|12|02.02004.04.122.0094.2170.3.3.90.49.00.100|R|172.35
34204510|1127111|303|02|3110004|2021|12|02.02012.08.122.0144.1142.3.1.90.04.00.100|R|1098.32
34204511|1127111|303|02|3110004|2021|12|02.02011.08.243.0175.2218.3.1.90.94.00.100|R|3923.67
34204512|1127111|303|02|3110004|2021|12|02.02004.04.122.0094.2170.3.1.90.11.00.100|R|1981.91
34204513|1127111|303|02|3110004|2021|12|02.02009.15.452.0071.2137.3.3.90.39.00.100|R|85002.42
34204514|1127111|303|02|3110004|2021|12|02.02007003.12.361.0003.2062.3.3.90.39.00.119|R|2203.53
34204515|1127111|303|02|3110004|2021|12|02.02002.02.122.0173.2321.3.1.90.13.00.100|R|6168.99
34204516|1127111|303|02|3110004|2021|12|02.02020.04.392.0223.2491.3.3.90.39.00.100|R|563.35
34204517|1127111|303|02|3110004|2021|12|02.02017.10.301.0031.2066.3.1.90.04.00.102|R|26660.0
34204518|1127111|303|02|3110004|2021|12|02.02006.04.122.0093.2161.3.1.90.94.00.100|R|6243.37
34204519|1127111|303|02|3110004|2021|12|02.02005.18.122.0008.2018.3.3.90.30.00.100|R|5.02
34204520|1127111|303|02|3110004|2021|12|02.02007001.12.361.0003.2329.3.3.90.36.00.101|R|296.55
34204521|1127107|305|04|3110004|2021|12|04.05001.13.122.0061.2093.3.1.90.13.00.100|R|1010.0
34204522|1127111|303|02|3110004|2021|12|02.02007001.12.122.0002.2001.3.1.90.11.00.101|R|30257.05
34204523|1127111|303|02|3110004|2021|12|02.02014.08.122.0166.2314.4.4.90.52.00.100|R|4690.34
34204524|1127106|304|03|3110004|2021|12|03.06001.17.512.0079.2053.3.1.90.13.00.100|R|5000.0
34204525|1127111|303|02|3110004|2021|12|02.02007003.12.361.0003.2062.3.3.90.39.00.119|R|3318.9
34204526|1127111|303|02|3110004|2021|12|02.02012.08.244.0137.1136.3.1.90.11.00.100|R|4344.73
34204527|1127111|303|02|3110004|2021|12|02.02014.08.122.0166.2314.4.4.90.52.00.100|R|7531.38
34204528|1127111|303|02|3110004|2021|12|02.02010001.10.061.0297.2476.3.3.90.91.00.102|R|2434.26
34204529|1127111|303|02|3110004|2021|12|02.02009.04.122.0070.2125.3.3.90.40.00.100|R|7083.66
34204530|1127111|303|02|3110004|2021|12|02.02007001.12.122.0002.2002.3.3.90.49.00.101|R|1545.24
34204531|1127111|303|02|3110004|2021|12|02.02007003.12.361.0003.2062.3.3.90.39.00.119|R|180.93
34204532|1127111|303|02|3110004|2021|12|02.02012.08.122.0144.1142.3.1.90.13.00.100|R|4292.91
34204533|1127111|303|02|3110004|2021|12|02.02006.04.122.0093.2161.3.3.90.14.00.100|R|167.92
34204534|1127111|303|02|3110004|2021|12|02.02005.18.122.0011.2028.3.1.90.11.00.100|R|2199.21
34204535|1127111|303|02|3110004|2021|12|02.02016.13.391.0156.2311.3.3.90.39.00.100|R|511.79
34204536|1127105|304|03|3110004|2021|12|03.06001.17.512.0079.2053.3.1.90.16.00.100|R|4600.0
34204537|1127111|303|02|3110004|2021|12|02.02007001.12.364.0227.2411.3.3.90.18.00.100|R|1229.09
34204538|1127111|303|02|3110004|2021|12|02.02002.02.122.0173.2321.4.4.90.52.00.100|R|36.81
34204539|1127111|303|02|3110004|2021|12|02.02012.08.122.0106.2221.3.1.90.94.00.100|R|1418.77
34204540|1127111|303|02|3110004|2021|12|02.02007001.12.122.0002.2001.3.1.90.11.00.101|R|50000.0
34204541|1127110|306|05|3110004|2021|12|05.08001.12.363.0050.2205.3.3.90.30.00.100|R|178.4
34204542|1127111|303|02|3110004|2021|12|02.02008.27.813.0300.1243.4.4.90.52.00.100|R|132.65
34204543|1127111|303|02|3110004|2021|12|02.02002.02.122.0173.2321.4.4.90.52.00.100|R|1065.31
34204544|1127111|303|02|3110004|2021|12|02.02010001.10.122.0040.2089.3.1.90.11.00.102|R|758.24
34204545|1127111|303|02|3110004|2021|12|02.02005.18.122.0011.2028.3.1.90.13.00.100|R|6777.74
34204546|1127111|303|02|3110004|2021|12|02.02017.10.301.0031.2066.3.1.90.04.00.102|R|2816.79
34204547|1127111|303|02|3110004|2021|12|02.02009.04.122.0070.2125.3.3.90.30.00.100|R|988.61
34204548|1127111|303|02|3110004|2021|12|02.02009.15.451.0072.1087.4.4.90.51.00.100|R|80875.0
34204549|1127109|302|01|3110004|2021|12|01.01001.01.031.0001.1181.4.4.90.51.00.100|R|10000.0
34204550|1127111|303|02|3110004|2021|12|02.02007003.12.361.0019.2041.3.3.90.39.00.119|R|13211.08
34204551|1127111|303|02|3110004|2021|12|02.02004.04.122.0094.2170.3.1.90.11.00.100|R|367.28
34204552|1127111|303|02|3110004|2021|12|02.02005.18.122.0011.2028.3.1.90.04.00.100|R|18.98
34204553|1127105|304|03|3110004|2021|12|03.06001.17.512.0079.2053.3.1.90.11.00.100|R|34000.0
34204554|1127111|303|02|3110004|2021|12|02.02006.04.122.0093.2160.4.4.90.52.00.100|R|3248.03
34204555|1127111|303|02|3110004|2021|12|02.02005.18.541.0034.2031.4.4.90.52.00.100|R|14145.9
34204556|1127111|303|02|3110004|2021|12|02.02012.08.244.0137.1136.3.1.90.11.00.100|R|225.02
34204557|1127111|303|02|3110004|2021|12|02.02007003.12.361.0003.1200.4.4.90.51.00.119|R|15840.57
34204558|1127111|303|02|3110004|2021|12|02.02007001.12.122.0002.2002.3.3.90.49.00.101|R|6184.82
34204559|1127105|304|03|3110004|2021|12|03.06001.17.512.0079.2053.3.1.90.13.00.100|R|2000.0
34204560|1127111|303|02|3110004|2021|12|02.02004.04.122.0094.2170.3.1.90.11.00.100|R|817.4
34204561|1127111|303|02|3110004|2021|12|02.02017.10.301.0031.2066.3.1.90.04.00.102|R|37100.0
34204562|1127111|303|02|3110004|2021|12|02.02009.04.122.0070.2125.3.3.90.40.00.100|R|2916.34
34204563|1127111|303|02|3110004|2021|12|02.02002.02.122.0173.2321.4.4.90.52.00.100|R|342.35
34204564|1127111|303|02|3110004|2021|12|02.02012.08.122.0144.1142.3.1.90.04.00.100|R|14000.0
34204565|1127111|303|02|3110004|2021|12|02.02006.04.122.0093.2160.3.3.90.30.00.100|R|36.38
34204566|1127111|303|02|3110004|2021|12|02.02014.08.122.0166.2314.3.1.90.11.00.100|R|4068.17
34204567|1127111|303|02|3110004|2021|12|02.02009.15.122.0251.2426.3.3.90.36.00.100|R|5470.33
34204568|1127111|303|02|3110004|2021|12|02.02004.04.271.0096.2172.3.1.90.01.00.100|R|18000.0
34204569|1127111|303|02|3110004|2021|12|02.02009.15.451.0072.1087.4.4.90.51.00.100|R|19721.06
34204570|1127111|303|02|3110004|2021|12|02.02012.08.122.0226.2410.3.1.90.11.00.100|R|37500.0
34204571|1127105|304|03|3110004|2021|12|03.06001.17.512.0033.2054.3.1.90.11.00.100|R|18000.0
34204572|1127111|303|02|3110004|2021|12|02.02007003.12.361.0003.1200.4.4.90.51.00.119|R|91401.07
34204573|1127111|303|02|3110004|2021|12|02.02007003.12.361.0003.2484.3.1.90.16.00.118|R|209776.25
34204574|1127111|303|02|3110004|2021|12|02.02002.03.092.0198.2328.3.1.90.91.00.100|R|118000.0
34204575|1127111|303|02|3110004|2021|12|02.02004.04.122.0094.2170.3.1.90.11.00.100|R|829.85
34204576|1127111|303|02|3110004|2021|12|02.02012.08.122.0106.2221.3.1.90.94.00.100|R|6012.12
34204577|1127111|303|02|3110004|2021|12|02.02014.08.122.0166.2314.3.1.90.13.00.100|R|36140.0
34204578|1127111|303|02|3110004|2021|12|02.02006.04.122.0093.2160.3.3.90.40.00.100|R|5742.99
34204579|1127111|303|02|3110004|2021|12|02.02020.04.392.0223.2491.3.3.90.39.00.100|R|101.45
34204580|1127111|303|02|3110004|2021|12|02.02012.08.243.0142.2448.3.1.90.11.00.100|R|22400.0
34204581|1127111|303|02|3110004|2021|12|02.02001.04.122.0164.2214.3.1.90.16.00.100|R|104.07
34204582|1127111|303|02|3110004|2021|12|02.02002.02.122.0173.2321.3.1.90.11.00.100|R|42422.5
34204583|1127111|303|02|3110004|2021|12|02.02002.02.122.0173.2321.4.4.90.52.00.100|R|4292.91
34204584|1127111|303|02|3110004|2021|12|02.02003.04.124.0084.2429.3.1.90.11.00.100|R|3900.63
34204171|1127111|303|02|3110004|2021|12|02.02009.04.122.0070.2125.3.1.90.11.00.100|A|83656.8
34204170|1127113|306|05|3110004|2021|12|05.08001.12.363.0213.2393.3.3.90.18.00.122|A|14651.46
34204172|1127111|303|02|3110004|2021|12|02.02007003.12.367.0003.2489.3.1.90.13.00.118|A|19359.99
34204173|1127111|303|02|3110004|2021|12|02.02001.04.122.0164.2214.3.1.90.13.00.100|A|6243.37
34204174|1127111|303|02|3110004|2021|12|02.02007001.12.122.0002.2456.3.1.90.04.00.100|A|6012.12
34204175|1127111|303|02|3110004|2021|12|02.02004.04.122.0094.2170.3.1.90.94.00.100|A|1064.65
34204176|1127111|303|02|3110004|2021|12|02.02012.08.244.0130.2230.3.1.90.11.00.100|A|4423.75
34204177|1127111|303|02|3110004|2021|12|02.02006.04.122.0093.2160.3.3.90.40.00.100|A|85002.42
34204178|1127111|303|02|3110004|2021|12|02.02017.10.301.0031.2066.3.3.90.04.00.159|A|6011.04
34204179|1127111|303|02|3110004|2021|12|02.02017.10.302.0028.2059.3.1.90.11.00.102|A|7968.79
34204180|1127111|303|02|3110004|2021|12|02.02009.15.451.0311.1242.4.4.90.51.00.100|A|19130.38
34204181|1127111|303|02|3110004|2021|12|02.02017.10.302.0028.2059.3.1.90.13.00.102|A|6363.17
34204182|1127111|303|02|3110004|2021|12|02.02011.08.243.0175.2218.3.1.90.04.00.100|A|9453.79
34204183|1127111|303|02|3110004|2021|12|02.02007003.12.365.0003.2486.3.1.90.94.00.118|A|3318.9
34204184|1127111|303|02|3110004|2021|12|02.02009.04.122.0070.2125.3.3.90.39.00.100|A|45000.0
34204185|1127111|303|02|3110004|2021|12|02.02020.04.122.0223.2408.3.1.90.13.00.100|A|1577.09
34204186|1127111|303|02|3110004|2021|12|02.02007003.12.367.0003.2489.3.1.90.13.00.118|A|15840.57
34204187|1127111|303|02|3110004|2021|12|02.02010001.10.122.0040.2089.3.3.90.46.00.102|A|4178.08
34204188|1127111|303|02|3110004|2021|12|02.02009.04.122.0070.2125.3.1.90.94.00.100|A|817.4
34204189|1127111|303|02|3110004|2021|12|02.02011.08.243.0175.2218.3.1.90.04.00.100|A|2916.34
34204190|1127111|303|02|3110004|2021|12|02.02006.28.846.0078.0006.3.3.90.47.00.100|A|118000.0
34204191|1127111|303|02|3110004|2021|12|02.02004.04.122.0094.2170.3.3.90.39.00.100|A|1607.09
34204192|1127111|303|02|3110004|2021|12|02.02019.04.122.0164.2214.3.1.90.13.00.100|A|2936.96
34204193|1127111|303|02|3110004|2021|12|02.02009.15.451.0311.1242.4.4.90.51.00.100|A|80875.0
34204194|1127111|303|02|3110004|2021|12|02.02020.04.122.0223.2408.3.3.90.30.00.100|A|563.35
34204195|1127111|303|02|3110004|2021|12|02.02009.04.122.0070.2125.3.3.90.30.00.100|A|23687.58
34204196|1127111|303|02|3110004|2021|12|02.02012.08.122.0226.2410.3.1.90.13.00.100|A|10159.01
34204297|1127111|303|02|3110004|2021|12|02.02012.08.122.0144.1142.3.1.90.11.00.100|A|5274.06
34204294|1127111|303|02|3110004|2021|12|02.02009.15.451.0072.1087.4.4.90.51.00.100|A|25100.0
34204295|1127111|303|02|3110004|2021|12|02.02014.08.122.0166.2314.3.3.90.49.00.100|A|1229.09
34204296|1127111|303|02|3110004|2021|12|02.02007003.12.361.0003.2484.3.1.90.94.00.118|A|13211.08
34204298|1127111|303|02|3110004|2021|12|02.02006.28.846.0078.0006.3.3.90.47.00.100|A|42422.5
34204299|1127111|303|02|3110004|2021|12|02.02014.08.122.0166.2314.3.3.90.39.00.100|A|340.99
34204300|1127111|303|02|3110004|2021|12|02.02008.27.812.0100.2156.3.3.90.39.00.100|A|14619.82
34204301|1127111|303|02|3110004|2021|12|02.02008.27.122.0081.2148.3.3.90.36.00.100|A|164.78
34204302|1127111|303|02|3110004|2021|12|02.02011.08.243.0120.2115.3.3.50.43.00.100|A|3900.63
34204303|1127111|303|02|3110004|2021|12|02.02010001.10.122.0047.2110.3.1.90.94.00.102|A|4797.43
34204304|1127111|303|02|3110004|2021|12|02.02005.18.122.0011.2028.3.3.90.49.00.100|A|174.98
34204305|1127111|303|02|3110004|2021|12|02.02012.08.122.0226.2410.3.1.90.13.00.100|A|4690.34
34204306|1127111|303|02|3110004|2021|12|02.02004.04.271.0096.2172.3.1.90.03.00.100|A|3329.37
34204307|1127111|303|02|3110004|2021|12|02.02017.10.122.0322.1248.4.4.90.52.00.154|A|900.0
34204308|1127111|303|02|3110004|2021|12|02.02011.08.243.0175.2218.3.3.90.14.00.100|A|67.35
34204309|1127111|303|02|3110004|2021|12|02.02009.04.122.0070.2125.3.3.90.30.00.100|A|37500.0
34204310|1127111|303|02|3110004|2021|12|02.02001.04.122.0164.2214.3.3.90.40.00.100|A|89.35
34204311|1127111|303|02|3110004|2021|12|02.02005.18.122.0011.2028.3.3.90.49.00.100|A|216.02
34204312|1127111|303|02|3110004|2021|12|02.02005.18.541.0034.2031.4.4.90.52.00.100|A|476.95
34204313|1127111|303|02|3110004|2021|12|02.02009.04.122.0070.2125.3.3.90.30.00.100|A|25111.57
34204314|1127111|303|02|3110004|2021|12|02.02007003.12.361.0019.2042.3.1.90.11.00.119|A|26653.29
34204315|1127111|303|02|3110004|2021|12|02.02009.04.122.0070.2125.3.3.90.30.00.100|A|36800.0
34204316|1127111|303|02|3110004|2021|12|02.02007003.12.365.0220.2405.3.1.90.11.00.118|A|129267.71
34204317|1127111|303|02|3110004|2021|12|02.02005.18.122.0011.2028.3.3.90.14.00.100|A|13.55
34204318|1127111|303|02|3110004|2021|12|02.02017.10.302.0048.2403.3.1.90.11.00.102|A|3741.53
34204319|1127111|303|02|3110004|2021|12|02.02007001.12.122.0002.2002.3.3.90.30.00.100|A|813.09
34204320|1127111|303|02|3110004|2021|12|02.02012.08.244.0128.2223.3.3.90.32.00.100|A|5742.99
34204321|1127111|303|02|3110004|2021|12|02.02007003.12.365.0003.2486.3.1.90.13.00.118|A|91401.07
34204322|1127111|303|02|3110004|2021|12|02.02007003.12.366.0003.2488.3.1.90.11.00.118|A|22378.5
34204323|1127111|303|02|3110004|2021|12|02.02010001.10.122.0047.2110.3.1.90.16.00.102|A|2434.26
34204324|1127111|303|02|3110004|2021|12|02.02010001.10.122.0047.2110.3.3.90.39.00.102|A|10340.0
34204325|1127111|303|02|3110004|2021|12|02.02019.04.122.0164.2214.3.3.90.14.00.100|A|10.39
34204326|1127111|303|02|3110004|2021|12|02.02007003.12.365.0003.2487.3.1.90.11.00.119|A|1953.59
34204327|1127111|303|02|3110004|2021|12|02.02004.04.122.0094.2170.3.3.90.39.00.100|A|3800.79
34204328|1127111|303|02|3110004|2021|12|02.02002.02.122.0173.2321.3.1.90.94.00.100|A|4068.17
34204329|1127111|303|02|3110004|2021|12|02.02007003.12.365.0220.2405.3.1.90.11.00.118|A|7513.05
34204330|1127111|303|02|3110004|2021|12|02.02017.10.302.0048.2112.3.3.50.43.00.102|A|2816.79
34204331|1127111|303|02|3110004|2021|12|02.02014.08.122.0166.2314.3.3.90.39.00.100|A|10082.15
34204332|1127111|303|02|3110004|2021|12|02.02012.08.122.0144.1142.3.3.90.30.00.100|A|18000.0
34204333|1127111|303|02|3110004|2021|12|02.02017.10.305.0049.2399.3.1.90.16.00.102|A|445.79
34204334|1127111|303|02|3110004|2021|12|02.02007001.12.364.0227.2411.3.3.90.18.00.100|A|21.19
34204335|1127111|303|02|3110004|2021|12|02.02015.06.122.0145.2257.3.1.90.13.00.100|A|2355.27
34204336|1127111|303|02|3110004|2021|12|02.02012.08.122.0144.1142.3.1.90.11.00.100|A|2337.6
34204337|1127111|303|02|3110004|2021|12|02.02001.04.122.0164.2214.3.3.90.93.00.100|A|89.95
34204338|1127111|303|02|3110004|2021|12|02.02001.04.131.0167.2215.3.3.90.39.00.100|A|542.55
34204339|1127111|303|02|3110004|2021|12|02.02004.04.122.0086.2166.3.1.90.13.00.100|A|576.25
34204340|1127111|303|02|3110004|2021|12|02.02017.10.122.0322.1248.3.3.90.39.00.159|A|1000.0
34204341|1127111|303|02|3110004|2021|12|02.02008.27.812.0100.1207.3.3.90.39.00.100|A|185.22
34204342|1127111|303|02|3110004|2021|12|02.02001.04.122.0164.2214.3.1.90.11.00.100|A|27099.34
34204346|1127111|303|02|3110004|2021|12|02.02017.10.302.0028.2059.3.3.90.39.00.102|A|37100.0
34204343|1127111|303|02|3110004|2021|12|02.02016.13.391.0156.2311.4.4.90.51.00.100|A|51749.02
34204344|1127111|303|02|3110004|2021|12|02.02006.28.846.0078.0006.3.3.90.47.00.100|A|80869.62
34204345|1127111|303|02|3110004|2021|12|02.02004.04.122.0094.2170.3.3.90.40.00.100|A|488.68
34204347|1127111|303|02|3110004|2021|12|02.02006.04.122.0093.2161.3.1.90.11.00.100|A|6854.1
34204348|1127111|303|02|3110004|2021|12|02.02020.04.122.0223.2408.3.1.90.11.00.100|A|419.0
34204349|1127111|303|02|3110004|2021|12|02.02004.04.122.0094.2170.3.3.90.40.00.100|A|1098.32
34204350|1127111|303|02|3110004|2021|12|02.02002.02.122.0173.2321.3.3.90.93.00.100|A|40.21
34204351|1127111|303|02|3110004|2021|12|02.02019.04.122.0164.2214.3.1.90.13.00.100|A|367.28
34204352|1127111|303|02|3110004|2021|12|02.02001.04.122.0164.2214.3.3.90.39.00.100|A|2276.05
34204353|1127111|303|02|3110004|2021|12|02.02007001.12.122.0002.2001.3.3.90.46.00.101|A|20791.76
34204354|1127111|303|02|3110004|2021|12|02.02005.18.122.0011.2028.3.3.90.93.00.100|A|104.07
34204355|1127111|303|02|3110004|2021|12|02.02007003.12.361.0003.2484.3.1.90.13.00.118|A|209776.25
34204356|1127111|303|02|3110004|2021|12|02.02004.04.122.0094.2170.3.3.90.30.00.100|A|3923.67
34204357|1127111|303|02|3110004|2021|12|02.02006.04.122.0093.2161.3.1.90.11.00.100|A|543.25
34204358|1127111|303|02|3110004|2021|12|02.02004.04.122.0086.2166.3.1.90.11.00.100|A|4099.18
34204359|1127111|303|02|3110004|2021|12|02.02012.08.122.0226.2410.3.1.90.94.00.100|A|6777.74
34204360|1127111|303|02|3110004|2021|12|02.02008.27.122.0081.2148.3.3.90.36.00.100|A|225.02
34204361|1127111|303|02|3110004|2021|12|02.02006.04.122.0093.2160.3.3.90.40.00.100|A|137420.08
34204362|1127111|303|02|3110004|2021|12|02.02009.04.122.0070.2125.3.3.90.39.00.100|A|50875.0
34204363|1127111|303|02|3110004|2021|12|02.02009.04.122.0070.2125.3.1.90.13.00.100|A|35700.0
34204364|1127111|303|02|3110004|2021|12|02.02010001.10.122.0040.2089.3.3.90.46.00.102|A|26660.0
34204365|1127111|303|02|3110004|2021|12|02.02007001.12.361.0019.2042.3.1.90.11.00.101|A|296.55
34204366|1127111|303|02|3110004|2021|12|02.02004.04.122.0094.2170.3.3.90.46.00.100|A|22101.75
34204367|1127111|303|02|3110004|2021|12|02.02012.08.122.0226.2410.3.1.90.04.00.129|A|11007.75
34204368|1127111|303|02|3110004|2021|12|02.02009.04.122.0070.2125.3.1.90.13.00.100|A|12912.42
34204369|1127111|303|02|3110004|2021|12|02.02017.10.302.0039.2086.3.1.90.11.00.102|A|4102.57
34204370|1127111|303|02|3110004|2021|12|02.02005.18.122.0011.2028.3.3.90.93.00.100|A|167.92
34204371|1127111|303|02|3110004|2021|12|02.02014.08.122.0166.2314.3.3.90.39.00.100|A|3757.61
34204372|1127111|303|02|3110004|2021|12|02.02007003.12.365.0220.2406.3.1.90.16.00.119|A|180.93
34204373|1127111|303|02|3110004|2021|12|02.02009.15.451.0311.1242.4.4.90.51.00.100|A|60494.62
34204374|1127111|303|02|3110004|2021|12|02.02001.04.122.0164.2214.3.1.90.11.00.100|A|21330.35
34204375|1127111|303|02|3110004|2021|12|02.02004.04.122.0094.2170.3.3.90.30.00.100|A|76.33
34204376|1127111|303|02|3110004|2021|12|02.02007001.12.122.0002.2001.3.1.90.94.00.101|A|4310.0
34204377|1127111|303|02|3110004|2021|12|02.02007001.12.122.0002.2002.3.3.90.39.00.101|A|3589.96
34204378|1127111|303|02|3110004|2021|12|02.02007001.12.122.0002.2002.3.3.90.30.00.101|A|29.45
34204379|1127111|303|02|3110004|2021|12|02.02007003.12.365.0220.2406.3.1.90.94.00.119|A|2203.53
34204380|1127111|303|02|3110004|2021|12|02.02015.06.122.0145.2257.3.1.90.11.00.100|A|7083.66
34204381|1127111|303|02|3110004|2021|12|02.02008.27.122.0081.2148.3.1.90.94.00.100|A|172.35
34204382|1127111|303|02|3110004|2021|12|02.02001.04.122.0164.2214.3.3.90.39.00.100|A|677.55
34204383|1127111|303|02|3110004|2021|12|02.02009.04.122.0070.2125.3.3.90.39.00.100|A|19688.43
34204384|1127111|303|02|3110004|2021|12|02.02005.18.541.0034.2031.4.4.90.52.00.100|A|1180.05
34204385|1127111|303|02|3110004|2021|12|02.02017.10.305.0049.2399.4.4.90.52.00.155|A|6787.7
34204386|1127111|303|02|3110004|2021|12|02.02017.10.302.0080.2104.3.3.90.39.00.159|A|200.0
34204387|1127111|303|02|3110004|2021|12|02.02014.08.122.0166.2314.3.3.90.49.00.100|A|988.61
34204388|1127111|303|02|3110004|2021|12|02.02013.16.122.0122.1119.3.3.90.48.00.100|A|818.09
34204389|1127111|303|02|3110004|2021|12|02.02007001.12.122.0002.2456.3.1.90.13.00.100|A|1231.39
34204390|1127111|303|02|3110004|2021|12|02.02016.13.391.0156.2311.4.4.90.51.00.100|A|68000.0
31438872|1039256|302|01|3110004|2021|3|01.01001.01.031.0001.2334.3.1.90.11.00.100|A|17700.0
31438869|1039256|302|01|3110004|2021|3|01.01001.01.031.0001.2332.3.1.90.11.00.100|A|115500.0
31438870|1039256|302|01|3110004|2021|3|01.01001.01.031.0001.2330.3.1.90.11.00.100|A|103150.0
31438871|1039256|302|01|3110004|2021|3|01.01001.01.031.0001.2332.3.3.90.39.00.100|A|18000.0
31438873|1039256|302|01|3110004|2021|3|01.01001.01.031.0001.2466.3.3.90.46.00.100|A|800.0
31438874|1039256|302|01|3110004|2021|3|01.01001.01.031.0001.2334.3.3.90.46.00.100|A|2000.0
31438875|1039256|302|01|3110004|2021|3|01.01001.01.031.0001.2332.3.1.90.13.00.100|A|34000.0
31438876|1039256|302|01|3110004|2021|3|01.01001.01.031.0001.2334.3.1.90.13.00.100|A|4000.0
31438877|1039256|302|01|3110004|2021|3|01.01001.01.031.0001.2330.3.3.90.39.00.100|A|10000.0
31438878|1039256|302|01|3110004|2021|3|01.01001.01.031.0001.2332.3.3.90.46.00.100|A|20500.0
31438879|1039256|302|01|3110004|2021|3|01.01001.01.031.0001.2339.3.3.90.30.00.100|A|20000.0
31438880|1039256|302|01|3110004|2021|3|01.01001.01.031.0001.2332.3.1.90.04.00.100|A|18500.0
31438881|1039256|302|01|3110004|2021|3|01.01001.01.031.0001.2330.3.1.90.13.00.100|A|8050.0
31438882|1039255|303|02|3110004|2021|3|02.02020.04.122.0223.2408.4.4.90.52.00.100|A|5017.0
31438883|1039255|303|02|3110004|2021|3|02.02014.08.122.0166.2314.4.4.90.52.00.100|A|2583.0
31438884|1039255|303|02|3110004|2021|3|02.02010001.10.122.0040.2089.4.4.90.52.00.102|A|17459.6
31438885|1039255|303|02|3110004|2021|3|02.02002.02.122.0173.2321.3.3.90.39.00.100|A|9900.0
31438886|1039255|303|02|3110004|2021|3|02.02001.04.122.0164.2214.3.3.90.35.00.100|A|91000.0
31438887|1039255|303|02|3110004|2021|3|02.02001.04.122.0164.2214.3.3.90.36.00.100|A|5000.0
31438888|1039255|303|02|3110004|2021|3|02.02014.08.122.0166.2314.4.4.90.52.00.100|A|1759.0
31438889|1039255|303|02|3110004|2021|3|02.02005.18.122.0011.2028.4.4.90.52.00.100|A|1804.0
31438890|1039255|303|02|3110004|2021|3|02.02007003.12.361.0003.1200.4.4.90.51.00.119|A|136000.0
31438891|1039255|303|02|3110004|2021|3|02.02007001.12.122.0002.2002.4.4.90.52.00.101|A|1666.07
31438892|1039255|303|02|3110004|2021|3|02.02017.10.122.0042.2094.3.3.90.40.00.102|A|750.0
31438893|1039255|303|02|3110004|2021|3|02.02020.04.392.0223.2491.3.3.90.47.00.100|A|500.0
31438894|1039255|303|02|3110004|2021|3|02.02010001.10.122.0047.2110.3.3.90.39.00.102|A|1090.0
31438895|1039255|303|02|3110004|2021|3|02.02007001.12.122.0002.2002.3.3.90.39.00.101|A|48500.0
31438896|1039255|303|02|3110004|2021|3|02.02009.04.122.0070.2125.3.3.90.40.00.100|A|4329.0
31438897|1039255|303|02|3110004|2021|3|02.02001.04.122.0164.2214.4.4.90.52.00.100|A|7290.0
31438898|1039255|303|02|3110004|2021|3|02.02020.04.392.0223.2491.3.3.90.47.00.100|A|500.0
31438899|1039255|303|02|3110004|2021|3|02.02017.10.301.0029.2063.3.3.90.40.00.159|A|40160.0
31438900|1039255|303|02|3110004|2021|3|02.02005.18.122.0011.2028.4.4.90.52.00.100|A|779.0
31438901|1039255|303|02|3110004|2021|3|02.02020.04.122.0223.2408.4.4.90.52.00.100|A|2583.0
31438902|1039255|303|02|3110004|2021|3|02.02009.04.122.0070.2125.4.4.90.52.00.100|A|10050.0
31438903|1039255|303|02|3110004|2021|3|02.02007001.12.122.0002.2002.4.4.90.52.00.101|A|600.73
31438904|1039255|303|02|3110004|2021|3|02.02002.02.122.0173.2321.3.3.90.39.00.100|A|19200.0
31438905|1039255|303|02|3110004|2021|3|02.02017.10.301.0029.1071.4.4.90.51.00.102|A|23928.15
31438906|1039255|303|02|3110004|2021|3|02.02005.18.122.0011.2028.4.4.90.52.00.100|A|217.0
31438907|1039255|303|02|3110004|2021|3|02.02012.08.122.0106.2221.3.3.90.14.00.100|A|200.0
31438908|1039255|303|02|3110004|2021|3|02.02009.04.122.0070.2125.4.4.90.52.00.100|A|40000.0
31438909|1039255|303|02|3110004|2021|3|02.02020.04.392.0223.2491.3.3.90.47.00.100|A|121.0
31438910|1039255|303|02|3110004|2021|3|02.02008.27.812.0100.1207.4.4.90.52.00.100|A|200.0
31438911|1039255|303|02|3110004|2021|3|02.02001.04.122.0164.2214.3.3.90.35.00.100|A|40000.0
31438912|1039255|303|02|3110004|2021|3|02.02007001.12.122.0002.2002.3.3.90.39.00.101|A|600.73
31438913|1039255|303|02|3110004|2021|3|02.02001.04.122.0164.2214.4.4.90.52.00.100|A|2583.0
31438914|1039255|303|02|3110004|2021|3|02.02010001.10.122.0047.2110.3.3.90.30.00.102|A|1172.0
31438915|1039255|303|02|3110004|2021|3|02.02020.04.392.0223.2491.3.3.90.47.00.100|A|683.0
31438916|1039255|303|02|3110004|2021|3|02.02002.02.122.0173.2321.3.3.90.39.00.100|A|20800.0
31438917|1039255|303|02|3110004|2021|3|02.02017.10.301.0029.1071.4.4.90.51.00.102|A|20000.0
31438918|1039255|303|02|3110004|2021|3|02.02009.04.122.0070.2125.3.3.90.40.00.100|A|2583.0
31438919|1039255|303|02|3110004|2021|3|02.02017.10.302.0039.2086.3.1.90.94.00.102|A|5050.0
31438920|1039255|303|02|3110004|2021|3|02.02017.10.301.0029.1071.4.4.90.51.00.102|A|20000.0
31438921|1039255|303|02|3110004|2021|3|02.02001.04.122.0164.2214.3.3.90.36.00.100|A|9000.0
31438922|1039255|303|02|3110004|2021|3|02.02009.04.122.0070.2125.4.4.90.52.00.100|A|20800.0
31438923|1039255|303|02|3110004|2021|3|02.02007001.12.122.0002.2002.3.3.90.40.00.101|A|69435.0
31438924|1039255|303|02|3110004|2021|3|02.02017.10.301.0029.1071.4.4.90.51.00.102|A|20000.0
31438925|1039255|303|02|3110004|2021|3|02.02001.04.122.0164.2214.3.3.90.36.00.100|A|900.0
31438926|1039255|303|02|3110004|2021|3|02.02005.18.122.0011.2028.4.4.90.52.00.100|A|1000.0
31438927|1039259|303|02|3110004|2021|3|02.02017.10.122.0322.1248.3.1.90.04.00.154|A|176100.0
31438928|1039259|303|02|3110004|2021|3|02.02017.10.122.0322.1248.3.3.90.36.00.154|A|3900.0
31438929|1039258|303|02|3110004|2021|3|02.02017.10.122.0322.1248.3.3.90.30.00.155|A|48225.5
31438930|1039257|305|04|3110004|2021|3|04.05001.13.391.0307.1241.3.3.90.39.00.200|A|63473.31
31438931|1039257|305|04|3110004|2021|3|04.05001.13.391.0307.1241.3.3.90.31.00.200|A|222144.86
31438932|1039255|303|02|3110004|2021|3|02.02020.04.122.0223.2408.3.3.90.39.00.100|R|5017.0
31438933|1039255|303|02|3110004|2021|3|02.02017.10.122.0042.2094.3.3.90.39.00.102|R|750.0
31438934|1039256|302|01|3110004|2021|3|01.01001.01.031.0001.1181.4.4.90.51.00.100|R|20500.0
31438935|1039255|303|02|3110004|2021|3|02.02020.04.122.0223.2408.3.3.90.39.00.100|R|2583.0
31438936|1039255|303|02|3110004|2021|3|02.02009.15.451.0072.1087.3.3.90.39.00.100|R|20800.0
31438937|1039255|303|02|3110004|2021|3|02.02014.08.122.0224.2409.4.4.90.52.00.100|R|2583.0
31438938|1039255|303|02|3110004|2021|3|02.02012.08.122.0141.2244.3.3.90.14.00.100|R|200.0
31438939|1039256|302|01|3110004|2021|3|01.01001.01.031.0001.1181.4.4.90.51.00.100|R|115500.0
31438940|1039255|303|02|3110004|2021|3|02.02017.10.301.0083.2071.3.3.90.40.00.102|R|1090.0
31438941|1039255|303|02|3110004|2021|3|02.02010001.10.122.0047.2110.3.1.90.16.00.102|R|20000.0
31438942|1039255|303|02|3110004|2021|3|02.02005.18.541.0034.2031.3.3.90.30.00.100|R|1000.0
31438943|1039256|302|01|3110004|2021|3|01.01001.01.031.0001.1181.4.4.90.51.00.100|R|20000.0
31438944|1039255|303|02|3110004|2021|3|02.02014.08.122.0224.2409.4.4.90.52.00.100|R|1759.0
31438945|1039255|303|02|3110004|2021|3|02.02005.18.541.0034.2031.3.3.90.39.00.100|R|217.0
31438946|1039255|303|02|3110004|2021|3|02.02002.02.122.0173.2321.3.3.90.40.00.100|R|9000.0
31438947|1039256|302|01|3110004|2021|3|01.01001.01.031.0001.1181.4.4.90.51.00.100|R|17700.0
31438948|1039255|303|02|3110004|2021|3|02.02009.04.122.0070.2125.3.3.90.39.00.100|R|4329.0
31438949|1039255|303|02|3110004|2021|3|02.02019.04.122.0164.2214.3.3.90.39.00.100|R|91000.0
31438950|1039255|303|02|3110004|2021|3|02.02001.08.244.0170.2219.3.3.50.43.00.100|R|9900.0
31438951|1039255|303|02|3110004|2021|3|02.02017.10.301.0029.2063.3.3.90.30.00.159|R|40160.0
31438952|1039256|302|01|3110004|2021|3|01.01001.01.031.0001.1181.4.4.90.51.00.100|R|4000.0
31438953|1039255|303|02|3110004|2021|3|02.02007003.12.361.0019.2041.3.3.90.39.00.119|R|136000.0
31438954|1039255|303|02|3110004|2021|3|02.02002.02.122.0173.2321.3.3.90.35.00.100|R|779.0
31438956|1039255|303|02|3110004|2021|3|02.02002.03.092.0198.2328.3.1.90.91.00.100|R|40000.0
31438955|1039255|303|02|3110004|2021|3|02.02001.08.244.0170.2219.3.3.50.43.00.100|R|5000.0
31438957|1039255|303|02|3110004|2021|3|02.02007001.12.122.0002.2002.3.3.90.49.00.101|R|69435.0
31438958|1039255|303|02|3110004|2021|3|02.02007001.12.122.0002.2002.3.3.90.49.00.101|R|1666.07
31438959|1039256|302|01|3110004|2021|3|01.01001.01.031.0001.1181.4.4.90.51.00.100|R|18000.0
31438960|1039255|303|02|3110004|2021|3|02.02007001.12.122.0002.2002.3.3.90.49.00.101|R|600.73
31438961|1039256|302|01|3110004|2021|3|01.01001.01.031.0001.1181.4.4.90.51.00.100|R|8050.0
31438962|1039255|303|02|3110004|2021|3|02.02019.04.122.0164.2214.3.3.90.30.00.100|R|683.0
31438963|1039255|303|02|3110004|2021|3|02.02001.04.122.0164.2214.3.3.90.39.00.100|R|7290.0
31438964|1039255|303|02|3110004|2021|3|02.02008.27.813.0300.2477.3.1.90.04.00.100|R|200.0
31438965|1039255|303|02|3110004|2021|3|02.02017.10.302.0043.2099.3.1.90.94.00.102|R|5050.0
31438966|1039255|303|02|3110004|2021|3|02.02020.13.392.0260.2461.3.3.90.39.00.100|R|1804.0
31438967|1039255|303|02|3110004|2021|3|02.02009.04.122.0070.2125.3.3.90.39.00.100|R|2583.0
31438968|1039256|302|01|3110004|2021|3|01.01001.01.031.0001.1181.4.4.90.51.00.100|R|10000.0
31438969|1039256|302|01|3110004|2021|3|01.01001.01.031.0001.1181.4.4.90.51.00.100|R|800.0
31438970|1039255|303|02|3110004|2021|3|02.02019.04.122.0164.2214.3.3.90.35.00.100|R|19200.0
31438971|1039255|303|02|3110004|2021|3|02.02001.04.122.0164.2214.3.3.90.39.00.100|R|900.0
31438972|1039255|303|02|3110004|2021|3|02.02005.18.541.0034.2031.3.3.90.39.00.100|R|2583.0
31438973|1039255|303|02|3110004|2021|3|02.02019.04.122.0164.2214.3.3.90.93.00.100|R|500.0
31438974|1039255|303|02|3110004|2021|3|02.02007001.12.122.0002.2002.3.3.90.49.00.101|R|600.73
31438975|1039255|303|02|3110004|2021|3|02.02017.10.122.0032.2069.3.3.90.30.00.102|R|17459.6
31438976|1039255|303|02|3110004|2021|3|02.02007001.12.122.0002.2002.3.3.90.49.00.101|R|48500.0
31438977|1039256|302|01|3110004|2021|3|01.01001.01.031.0001.1181.4.4.90.51.00.100|R|18500.0
31438978|1039255|303|02|3110004|2021|3|02.02017.10.122.0032.2069.3.3.90.30.00.102|R|20000.0
31438979|1039256|302|01|3110004|2021|3|01.01001.01.031.0001.1181.4.4.90.51.00.100|R|2000.0
31438980|1039256|302|01|3110004|2021|3|01.01001.01.031.0001.1181.4.4.90.51.00.100|R|34000.0
31438981|1039255|303|02|3110004|2021|3|02.02017.10.301.0083.2071.3.3.90.40.00.102|R|1172.0
31438982|1039255|303|02|3110004|2021|3|02.02017.10.302.0048.2403.3.1.90.04.00.102|R|20000.0
31438983|1039255|303|02|3110004|2021|3|02.02002.02.122.0173.2321.3.3.90.35.00.100|R|121.0
31438984|1039255|303|02|3110004|2021|3|02.02019.04.122.0164.2214.3.3.90.36.00.100|R|500.0
31438985|1039255|303|02|3110004|2021|3|02.02009.15.451.0072.1087.4.4.90.51.00.100|R|40000.0
31438986|1039255|303|02|3110004|2021|3|02.02010001.10.061.0297.2476.3.3.90.91.00.102|R|23928.15
31438987|1039255|303|02|3110004|2021|3|02.02019.04.122.0164.2214.3.3.90.35.00.100|R|20800.0
31438988|1039255|303|02|3110004|2021|3|02.02009.15.451.0072.1087.4.4.90.51.00.100|R|10050.0
31438989|1039256|302|01|3110004|2021|3|01.01001.01.031.0001.1181.4.4.90.51.00.100|R|103150.0
31438990|1039262|302|01|3110004|2021|4|01.01001.01.031.0001.2337.3.3.90.39.00.100|A|50000.0
31438991|1039262|302|01|3110004|2021|4|01.01001.01.031.0001.2332.3.3.90.36.00.100|A|10000.0
31438992|1039262|302|01|3110004|2021|4|01.01001.01.031.0001.2342.3.3.90.18.00.100|A|600.0
31438993|1039261|306|05|3110004|2021|4|05.08001.12.363.0050.2205.3.1.90.16.00.100|A|5000.0
31438994|1039261|306|05|3110004|2021|4|05.08001.12.363.0050.2205.3.3.90.39.00.100|A|11600.0
31438996|1039260|303|02|3110004|2021|4|02.02007001.12.361.0003.2482.3.1.90.16.00.101|A|160.0
31438995|1039260|303|02|3110004|2021|4|02.02005.18.122.0011.2028.3.3.90.92.00.100|A|6919.0
31438997|1039260|303|02|3110004|2021|4|02.02001.04.122.0164.2214.4.4.90.52.00.100|A|5925.0
31438998|1039260|303|02|3110004|2021|4|02.02012.08.243.0142.2448.3.1.90.11.00.129|A|856.0
31438999|1039260|303|02|3110004|2021|4|02.02009.04.122.0070.2125.3.3.90.30.00.100|A|13720.0
31439000|1039260|303|02|3110004|2021|4|02.02009.04.122.0070.2125.3.3.90.40.00.100|A|100.0
31439001|1039260|303|02|3110004|2021|4|02.02012.08.122.0226.2410.3.3.90.36.00.129|A|6359.04
31439002|1039260|303|02|3110004|2021|4|02.02007001.12.306.0016.2037.3.3.90.30.00.100|A|150000.0
31439003|1039260|303|02|3110004|2021|4|02.02007001.12.122.0002.2002.4.4.90.52.00.101|A|160.0
31439004|1039260|303|02|3110004|2021|4|02.02009.04.122.0070.2125.3.3.90.30.00.100|A|781.0
31439005|1039260|303|02|3110004|2021|4|02.02009.04.122.0070.2125.3.3.90.40.00.100|A|218.0
31439006|1039260|303|02|3110004|2021|4|02.02005.18.122.0011.2028.3.3.90.93.00.100|A|257.0
31439007|1039260|303|02|3110004|2021|4|02.02005.18.122.0011.2028.3.3.90.93.00.100|A|218.0
31439008|1039260|303|02|3110004|2021|4|02.02017.10.301.0029.2063.3.1.90.16.00.159|A|83.0
31439009|1039260|303|02|3110004|2021|4|02.02009.04.122.0070.2125.3.3.90.40.00.100|A|20.0
31439010|1039260|303|02|3110004|2021|4|02.02001.04.122.0164.2214.4.4.90.52.00.100|A|360.0
31439011|1039260|303|02|3110004|2021|4|02.02009.04.122.0070.2125.3.3.90.39.00.100|A|92632.0
31439012|1039260|303|02|3110004|2021|4|02.02007001.12.122.0002.2002.3.3.90.39.00.101|A|58052.13
31439013|1039260|303|02|3110004|2021|4|02.02005.18.122.0011.2028.3.3.90.92.00.100|A|781.0
31439014|1039260|303|02|3110004|2021|4|02.02007001.12.306.0016.2037.3.3.90.30.00.100|A|9068.0
31439015|1039260|303|02|3110004|2021|4|02.02002.02.122.0173.2321.3.1.90.11.00.100|A|363556.08
31439016|1039260|303|02|3110004|2021|4|02.02005.18.122.0011.2028.3.3.90.30.00.100|A|480.0
31439017|1039260|303|02|3110004|2021|4|02.02017.10.301.0029.2063.3.3.90.92.00.159|A|250.0
31439018|1039260|303|02|3110004|2021|4|02.02010001.10.122.0047.2110.3.3.90.39.00.102|A|3619.5
31439019|1039260|303|02|3110004|2021|4|02.02007001.12.122.0002.2002.4.4.90.52.00.101|A|994.75
31439020|1039260|303|02|3110004|2021|4|02.02009.04.122.0070.2125.3.3.90.39.00.100|A|57368.0
31439021|1039260|303|02|3110004|2021|4|02.02005.18.122.0011.2028.3.3.90.30.00.100|A|640.0
31439022|1039260|303|02|3110004|2021|4|02.02001.04.122.0164.2214.4.4.90.52.00.100|A|1119.0
31439023|1039260|303|02|3110004|2021|4|02.02009.04.122.0070.2125.3.3.90.30.00.100|A|46000.0
31439026|1039260|303|02|3110004|2021|4|02.02017.10.122.0032.2069.3.3.90.30.00.102|R|3619.5
31439024|1039260|303|02|3110004|2021|4|02.02012.08.243.0142.2448.3.1.90.13.00.129|A|298.0
31439025|1039260|303|02|3110004|2021|4|02.02007001.12.361.0019.2041.3.3.90.39.00.101|R|58052.13
31439027|1039260|303|02|3110004|2021|4|02.02009.04.122.0070.2125.3.3.90.39.00.100|R|1119.0
31439028|1039260|303|02|3110004|2021|4|02.02007001.12.361.0019.2041.3.3.90.39.00.101|R|160.0
31439029|1039260|303|02|3110004|2021|4|02.02007001.12.122.0002.2002.3.3.90.32.00.100|R|92632.0
31439030|1039260|303|02|3110004|2021|4|02.02012.08.244.0130.2230.4.4.90.52.00.129|R|298.0
31439031|1039262|302|01|3110004|2021|4|01.01001.01.031.0001.1181.4.4.90.51.00.100|R|50000.0
31439032|1039261|306|05|3110004|2021|4|05.08001.12.363.0050.2205.3.3.90.35.00.100|R|5000.0
31439033|1039260|303|02|3110004|2021|4|02.02007001.12.364.0227.2411.3.3.90.39.00.100|R|57368.0
31439034|1039260|303|02|3110004|2021|4|02.02001.08.244.0170.2219.3.3.50.43.00.100|R|781.0
31439035|1039260|303|02|3110004|2021|4|02.02001.08.244.0170.2219.3.3.50.43.00.100|R|5925.0
31439036|1039260|303|02|3110004|2021|4|02.02007001.12.361.0019.2041.3.3.90.39.00.101|R|994.75
31439037|1039260|303|02|3110004|2021|4|02.02002.02.122.0173.2321.3.3.90.04.00.100|R|363556.08
31439038|1039260|303|02|3110004|2021|4|02.02005.18.122.0011.2028.3.3.90.39.00.100|R|6919.0
31439039|1039260|303|02|3110004|2021|4|02.02005.18.122.0011.2028.3.3.90.39.00.100|R|781.0
31439040|1039260|303|02|3110004|2021|4|02.02009.15.452.0279.1404.4.4.90.51.00.100|R|13720.0
31439041|1039260|303|02|3110004|2021|4|02.02005.18.122.0011.2028.3.3.90.36.00.100|R|640.0
31439042|1039262|302|01|3110004|2021|4|01.01001.01.031.0001.1181.4.4.90.51.00.100|R|600.0
31439043|1039260|303|02|3110004|2021|4|02.02007001.12.361.0019.2041.3.3.90.39.00.101|R|160.0
31439044|1039260|303|02|3110004|2021|4|02.02007001.12.122.0002.2002.3.3.90.32.00.100|R|9068.0
31439045|1039261|306|05|3110004|2021|4|05.08001.12.363.0050.2205.3.3.90.35.00.100|R|11600.0
31439046|1039260|303|02|3110004|2021|4|02.02017.10.301.0031.2066.3.3.90.30.00.159|R|250.0
31439047|1039260|303|02|3110004|2021|4|02.02009.15.452.0279.1404.4.4.90.51.00.100|R|46000.0
31439048|1039260|303|02|3110004|2021|4|02.02005.18.541.0034.2031.4.4.90.52.00.100|R|257.0
31439049|1039260|303|02|3110004|2021|4|02.02005.18.122.0011.2028.3.3.90.47.00.100|R|100.0
31439050|1039260|303|02|3110004|2021|4|02.02005.18.122.0011.2028.3.3.90.49.00.100|R|20.0
31439051|1039260|303|02|3110004|2021|4|02.02001.08.244.0170.2219.3.3.50.43.00.100|R|480.0
31439052|1039260|303|02|3110004|2021|4|02.02012.08.244.0130.2230.4.4.90.52.00.129|R|856.0
31439053|1039262|302|01|3110004|2021|4|01.01001.01.031.0001.1181.4.4.90.51.00.100|R|10000.0
31439054|1039260|303|02|3110004|2021|4|02.02001.08.244.0170.2219.3.3.50.43.00.100|R|218.0
31439055|1039260|303|02|3110004|2021|4|02.02012.08.122.0226.2410.3.3.90.39.00.129|R|6359.04
31439056|1039260|303|02|3110004|2021|4|02.02005.18.122.0011.2028.3.3.90.36.00.100|R|360.0
31439057|1039260|303|02|3110004|2021|4|02.02017.10.301.0029.2063.3.3.90.30.00.159|R|83.0
31439058|1039260|303|02|3110004|2021|4|02.02009.15.451.0072.1087.4.4.90.51.00.100|R|150000.0
31439059|1039260|303|02|3110004|2021|4|02.02005.18.541.0034.2031.4.4.90.52.00.100|R|218.0
32038287|1062769|304|03|3110004|2021|7|03.06001.17.512.0033.2054.3.1.90.11.00.100|A|15264.4
32038284|1062769|304|03|3110004|2021|7|03.06001.17.122.0030.2050.3.3.90.46.00.100|A|16194.1
32038285|1062769|304|03|3110004|2021|7|03.06001.17.122.0030.2050.3.3.90.39.00.100|A|4743.0
32038286|1062769|304|03|3110004|2021|7|03.06001.17.512.0033.2054.3.1.90.11.00.100|A|24735.6
32038288|1062769|304|03|3110004|2021|7|03.06001.17.122.0030.2050.3.3.90.39.00.100|A|2275.0
32038289|1062769|304|03|3110004|2021|7|03.06001.17.122.0030.2050.3.3.90.39.00.100|A|2256.24
32038290|1062769|304|03|3110004|2021|7|03.06001.17.122.0030.2050.3.3.90.46.00.100|A|3070.3
32038291|1062769|304|03|3110004|2021|7|03.06001.17.122.0030.2050.3.3.90.39.00.100|A|11929.7
32038292|1062769|304|03|3110004|2021|7|03.06001.17.512.0079.2053.3.1.90.04.00.100|A|15264.4
32038293|1062769|304|03|3110004|2021|7|03.06001.17.512.0033.2054.3.3.90.39.00.100|A|50735.6
32038294|1062769|304|03|3110004|2021|7|03.06001.17.122.0030.2050.3.3.90.46.00.100|A|4735.6
32038295|1062769|304|03|3110004|2021|7|03.06001.17.512.0033.2054.3.3.90.39.00.100|A|100000.0
32038296|1062769|304|03|3110004|2021|7|03.06001.17.512.0033.2054.3.3.90.39.00.100|A|5264.4
32038297|1062769|304|03|3110004|2021|7|03.06001.17.512.0079.2053.3.1.90.04.00.100|A|44735.6
32038298|1062769|304|03|3110004|2021|7|03.06001.17.122.0030.2050.3.3.90.39.00.100|A|1796.06
32038299|1062770|303|02|3110004|2021|7|02.02017.10.122.0322.1248.3.3.90.39.00.159|A|97629.13
32038300|1062770|303|02|3110004|2021|7|02.02017.10.122.0322.1248.3.3.90.30.00.159|A|100000.0
32038301|1062768|306|05|3110004|2021|7|05.08001.13.392.0063.2463.4.4.90.52.00.113|A|6960.0
32038302|1062767|303|02|3110004|2021|7|02.02001.04.122.0164.2214.3.3.90.36.00.100|A|3000.0
32038303|1062767|303|02|3110004|2021|7|02.02010001.10.304.0321.1247.3.3.90.30.00.102|A|6900.0
32038304|1062767|303|02|3110004|2021|7|02.02014.08.122.0166.2314.3.3.90.30.00.100|A|923.72
32038305|1062767|303|02|3110004|2021|7|02.02010001.10.122.0047.2110.3.3.90.39.00.102|A|45635.0
32038306|1062767|303|02|3110004|2021|7|02.02017.10.302.0028.2059.3.3.90.39.00.102|A|74365.0
32038307|1062767|303|02|3110004|2021|7|02.02005.18.541.0034.2031.4.4.90.52.00.100|A|31512.0
32038308|1062767|303|02|3110004|2021|7|02.02001.04.122.0164.2214.3.3.90.36.00.100|A|1417.08
32038309|1062767|303|02|3110004|2021|7|02.02007001.12.122.0002.2001.3.1.90.94.00.101|A|9.76
32038310|1062767|303|02|3110004|2021|7|02.02005.18.122.0011.2028.3.3.90.30.00.100|A|3099.29
32038311|1062767|303|02|3110004|2021|7|02.02004.04.122.0094.2170.3.3.90.30.00.100|A|347.82
32038312|1062767|303|02|3110004|2021|7|02.02020.04.122.0223.2408.3.3.90.93.00.100|A|50.0
32038313|1062767|303|02|3110004|2021|7|02.02001.04.122.0164.2214.3.3.90.39.00.100|A|327.18
32038314|1062767|303|02|3110004|2021|7|02.02001.04.131.0167.2215.3.3.90.39.00.100|A|180.65
32038315|1062767|303|02|3110004|2021|7|02.02014.08.122.0166.2314.3.3.90.30.00.100|A|606.29
32038316|1062767|303|02|3110004|2021|7|02.02007001.12.122.0002.2002.3.3.90.40.00.101|A|9.76
32038317|1062767|303|02|3110004|2021|7|02.02012.08.243.0142.2448.3.1.90.11.00.129|A|3759.16
32038318|1062767|303|02|3110004|2021|7|02.02001.04.131.0167.2215.3.3.90.39.00.100|A|183.18
32038319|1062767|303|02|3110004|2021|7|02.02001.04.122.0164.2214.3.3.90.30.00.100|A|316.82
32038320|1062767|303|02|3110004|2021|7|02.02012.08.243.0142.2448.3.1.90.13.00.129|A|1095.8
32038321|1062767|303|02|3110004|2021|7|02.02007001.12.122.0002.2002.3.3.90.39.00.101|A|15180.0
32038322|1062767|303|02|3110004|2021|7|02.02012.08.122.0141.2244.3.1.90.13.00.156|A|454.66
32038323|1062767|303|02|3110004|2021|7|02.02001.04.122.0164.2214.3.3.90.39.00.100|A|536.82
32038324|1062767|303|02|3110004|2021|7|02.02009.15.122.0251.2426.3.3.90.36.00.100|A|2105.77
32038325|1062767|303|02|3110004|2021|7|02.02004.04.122.0094.2170.3.3.90.30.00.100|A|737.96
32038326|1062767|303|02|3110004|2021|7|02.02001.04.122.0164.2214.3.3.90.30.00.100|A|500.0
32038327|1062767|303|02|3110004|2021|7|02.02005.18.541.0034.2031.4.4.90.52.00.100|A|13808.0
32038328|1062767|303|02|3110004|2021|7|02.02012.08.122.0141.2244.3.3.90.36.00.100|A|635.78
32038329|1062767|303|02|3110004|2021|7|02.02007001.12.122.0002.2001.3.1.90.94.00.101|A|740.62
32038330|1062767|303|02|3110004|2021|7|02.02010001.10.122.0047.2110.3.3.90.39.00.102|A|17100.0
32038331|1062767|303|02|3110004|2021|7|02.02012.08.122.0258.2433.3.3.90.39.00.156|A|4018.65
32038332|1062767|303|02|3110004|2021|7|02.02017.10.301.0029.2063.3.1.90.94.00.159|A|9000.0
32038333|1062767|303|02|3110004|2021|7|02.02005.18.541.0034.2031.4.4.90.52.00.100|A|14000.0
32038334|1062767|303|02|3110004|2021|7|02.02002.02.122.0173.2321.4.4.90.52.00.100|A|7000.0
32038335|1062767|303|02|3110004|2021|7|02.02009.04.122.0070.2125.3.3.90.14.00.100|A|5001.4
32038336|1062767|303|02|3110004|2021|7|02.02010001.10.122.0047.2110.3.3.90.39.00.102|A|49000.0
32038337|1062767|303|02|3110004|2021|7|02.02017.10.301.0029.2063.3.1.90.16.00.159|A|1469.58
32038338|1062767|303|02|3110004|2021|7|02.02017.10.305.0049.2399.3.1.90.13.00.102|A|425.89
32038339|1062767|303|02|3110004|2021|7|02.02002.02.122.0173.2321.4.4.90.52.00.100|A|5791.53
32038340|1062767|303|02|3110004|2021|7|02.02012.08.122.0141.2244.3.3.90.36.00.100|A|1000.0
32038341|1062767|303|02|3110004|2021|7|02.02009.04.122.0070.2125.3.3.90.14.00.100|A|384.27
32038342|1062767|303|02|3110004|2021|7|02.02007001.12.122.0002.2002.3.3.90.39.00.101|A|9.76
32038343|1062767|303|02|3110004|2021|7|02.02007001.12.122.0002.2002.3.3.90.14.00.101|A|990.24
32038344|1062767|303|02|3110004|2021|7|02.02007001.12.122.0002.2002.3.3.90.14.00.101|A|9.76
32038345|1062767|303|02|3110004|2021|7|02.02004.04.122.0094.2170.3.3.90.39.00.100|A|3343.33
32038346|1062767|303|02|3110004|2021|7|02.02010001.10.304.0321.1247.3.3.90.30.00.102|A|5735.0
32038347|1062767|303|02|3110004|2021|7|02.02017.10.302.0028.2059.3.3.90.39.00.102|A|133000.0
32038348|1062767|303|02|3110004|2021|7|02.02001.04.122.0164.2214.3.3.90.36.00.100|A|30.72
32038349|1062767|303|02|3110004|2021|7|02.02012.08.122.0141.2244.3.3.90.36.00.100|A|1000.0
32038350|1062767|303|02|3110004|2021|7|02.02002.02.122.0173.2321.4.4.90.52.00.100|A|3108.47
32038351|1062767|303|02|3110004|2021|7|02.02001.04.131.0167.2215.3.3.90.39.00.100|A|311.17
32038352|1062767|303|02|3110004|2021|7|02.02001.04.122.0164.2214.3.3.90.30.00.100|A|47.18
32038353|1062767|303|02|3110004|2021|7|02.02005.18.541.0034.2031.4.4.90.52.00.100|A|4742.4
32038354|1062767|303|02|3110004|2021|7|02.02004.04.122.0094.2170.3.3.90.39.00.100|A|285.67
32038355|1062767|303|02|3110004|2021|7|02.02009.15.452.0071.2137.3.3.90.39.00.100|A|179745.6
32038356|1062767|303|02|3110004|2021|7|02.02005.18.122.0011.2028.3.3.90.30.00.100|A|345.36
32038357|1062767|303|02|3110004|2021|7|02.02009.04.122.0070.2125.3.3.90.14.00.100|A|4500.0
32038358|1062767|303|02|3110004|2021|7|02.02009.04.122.0070.2125.3.3.90.14.00.100|A|4114.33
32038360|1062767|303|02|3110004|2021|7|02.02012.08.122.0141.2244.3.3.90.36.00.100|A|76.28
32038359|1062767|303|02|3110004|2021|7|02.02007001.12.122.0002.2002.3.3.90.39.00.101|A|21550.0
32038361|1062767|303|02|3110004|2021|7|02.02007001.12.361.0003.2482.3.1.90.16.00.101|A|9.76
32038362|1062767|303|02|3110004|2021|7|02.02007001.12.361.0003.2482.3.1.90.16.00.101|A|87.94
32038363|1062767|303|02|3110004|2021|7|02.02014.08.122.0166.2314.3.3.90.30.00.100|A|1600.0
32038364|1062767|303|02|3110004|2021|7|02.02004.04.122.0094.2170.3.3.90.39.00.100|A|3871.0
32038365|1062767|303|02|3110004|2021|7|02.02007001.12.365.0003.2006.4.4.90.52.00.101|A|546783.8
32038366|1062767|303|02|3110004|2021|7|02.02017.10.301.0029.2063.3.1.90.94.00.159|A|27000.0
32038367|1062767|303|02|3110004|2021|7|02.02005.18.541.0034.2031.4.4.90.52.00.100|A|21096.0
32038368|1062767|303|02|3110004|2021|7|02.02009.15.122.0251.2426.3.3.90.36.00.100|A|1582.92
32038369|1062767|303|02|3110004|2021|7|02.02005.18.122.0011.2028.3.3.90.30.00.100|A|3336.0
32038370|1062767|303|02|3110004|2021|7|02.02010001.10.304.0321.1247.3.3.90.30.00.102|A|4465.0
32038371|1062767|303|02|3110004|2021|7|02.02017.10.301.0029.2063.4.4.90.52.00.155|A|71195.6
32038372|1062767|303|02|3110004|2021|7|02.02007001.12.122.0002.2002.3.3.90.40.00.101|A|4565.24
32038373|1062767|303|02|3110004|2021|7|02.02004.04.122.0094.2170.3.3.90.30.00.100|A|314.22
32038374|1062767|303|02|3110004|2021|7|02.02005.18.541.0034.2031.4.4.90.52.00.100|A|17242.0
32038375|1062767|303|02|3110004|2021|7|02.02010001.10.122.0047.2110.3.3.90.39.00.102|A|8265.0
32038376|1062767|303|02|3110004|2021|7|02.02004.04.122.0094.2250.3.3.90.39.00.100|R|3108.47
32038377|1062769|304|03|3110004|2021|7|03.06001.17.512.0079.2053.3.3.90.49.00.100|R|16194.1
32038378|1062769|304|03|3110004|2021|7|03.06001.17.512.0079.1218.4.4.90.51.00.100|R|5264.4
32038379|1062767|303|02|3110004|2021|7|02.02014.08.122.0166.2314.3.3.90.49.00.100|R|183.18
32038380|1062767|303|02|3110004|2021|7|02.02002.02.122.0173.2321.3.3.90.39.00.100|R|4114.33
32038381|1062769|304|03|3110004|2021|7|03.06001.17.512.0033.2054.3.3.90.49.00.100|R|2256.24
32038382|1062767|303|02|3110004|2021|7|02.02015.06.122.0145.2257.3.3.90.49.00.100|R|1417.08
32038383|1062767|303|02|3110004|2021|7|02.02009.15.452.0071.2137.3.3.90.34.00.100|R|179745.6
32038384|1062767|303|02|3110004|2021|7|02.02017.10.302.0048.2112.3.3.50.43.00.102|R|133000.0
32038385|1062767|303|02|3110004|2021|7|02.02007001.12.122.0002.2002.3.3.90.49.00.101|R|740.62
32038386|1062769|304|03|3110004|2021|7|03.06001.17.122.0030.2050.3.1.90.11.00.100|R|24735.6
32038387|1062767|303|02|3110004|2021|7|02.02009.15.452.0279.1404.3.3.90.39.00.100|R|345.36
32038388|1062767|303|02|3110004|2021|7|02.02004.04.122.0094.2170.3.3.90.49.00.100|R|311.17
32038389|1062767|303|02|3110004|2021|7|02.02008.27.122.0081.2148.3.3.90.49.00.100|R|3336.0
32038390|1062767|303|02|3110004|2021|7|02.02001.08.244.0170.2219.3.3.50.43.00.100|R|347.82
32038391|1062767|303|02|3110004|2021|7|02.02004.04.122.0094.2250.3.3.90.39.00.100|R|4742.4
32038392|1062767|303|02|3110004|2021|7|02.02017.10.301.0029.2063.3.3.90.39.00.159|R|1469.58
32038393|1062767|303|02|3110004|2021|7|02.02002.02.122.0173.2321.3.3.90.39.00.100|R|7000.0
32038394|1062767|303|02|3110004|2021|7|02.02007001.12.122.0002.2002.3.3.90.49.00.101|R|87.94
32038395|1062767|303|02|3110004|2021|7|02.02007001.12.122.0002.2002.3.3.90.49.00.101|R|9.76
32038396|1062767|303|02|3110004|2021|7|02.02010001.10.122.0040.2089.3.3.90.49.00.102|R|425.89
32038397|1062767|303|02|3110004|2021|7|02.02017.10.302.0048.2112.3.3.50.43.00.102|R|74365.0
32038398|1062767|303|02|3110004|2021|7|02.02017.10.302.0048.2112.3.3.50.43.00.102|R|45635.0
32038399|1062767|303|02|3110004|2021|7|02.02005.18.541.0291.2472.3.3.90.39.00.100|R|180.65
32038400|1062769|304|03|3110004|2021|7|03.06001.17.122.0030.2050.3.3.90.14.00.100|R|2275.0
32038401|1062767|303|02|3110004|2021|7|02.02009.15.452.0279.1404.3.3.90.39.00.100|R|3343.33
32038402|1062767|303|02|3110004|2021|7|02.02014.08.122.0166.2314.3.3.90.30.00.100|R|606.29
32038403|1062767|303|02|3110004|2021|7|02.02012.08.243.0142.2448.3.3.90.48.00.129|R|3759.16
32038404|1062767|303|02|3110004|2021|7|02.02007001.12.122.0002.2002.3.3.90.49.00.101|R|9.76
32038405|1062767|303|02|3110004|2021|7|02.02014.08.122.0166.2314.3.3.90.30.00.100|R|2105.77
32038406|1062767|303|02|3110004|2021|7|02.02014.08.122.0166.2314.3.3.90.49.00.100|R|316.82
32038407|1062767|303|02|3110004|2021|7|02.02006.04.122.0093.2160.3.3.90.49.00.100|R|5001.4
32038408|1062767|303|02|3110004|2021|7|02.02005.18.541.0291.2472.3.3.90.39.00.100|R|1000.0
32038409|1062767|303|02|3110004|2021|7|02.02007001.12.122.0002.2002.3.3.90.49.00.101|R|4565.24
32038410|1062767|303|02|3110004|2021|7|02.02004.04.122.0094.2170.3.3.90.49.00.100|R|21096.0
32038411|1062767|303|02|3110004|2021|7|02.02020.04.122.0223.2408.3.3.90.49.00.100|R|50.0
32038412|1062768|306|05|3110004|2021|7|05.08001.12.363.0055.2368.3.1.90.04.00.113|R|6960.0
32038413|1062767|303|02|3110004|2021|7|02.02004.04.122.0094.2170.3.3.90.32.00.100|R|737.96
32038414|1062769|304|03|3110004|2021|7|03.06001.17.512.0079.2053.3.1.90.13.00.100|R|3070.3
32038415|1062767|303|02|3110004|2021|7|02.02017.10.301.0029.2063.3.3.90.39.00.159|R|27000.0
32038416|1062767|303|02|3110004|2021|7|02.02012.08.243.0142.2448.3.3.90.48.00.129|R|1095.8
32038417|1062767|303|02|3110004|2021|7|02.02007001.12.122.0002.2002.3.3.90.49.00.101|R|9.76
32038418|1062767|303|02|3110004|2021|7|02.02005.18.541.0034.2031.3.3.90.30.00.100|R|76.28
32038419|1062767|303|02|3110004|2021|7|02.02019.04.122.0164.2214.3.3.90.49.00.100|R|500.0
32038420|1062769|304|03|3110004|2021|7|03.06001.17.122.0030.2050.3.1.90.13.00.100|R|4735.6
32038421|1062767|303|02|3110004|2021|7|02.02020.04.122.0223.2408.3.3.90.49.00.100|R|635.78
32038422|1062767|303|02|3110004|2021|7|02.02007001.12.122.0002.2002.3.3.90.49.00.101|R|9.76
32038423|1062769|304|03|3110004|2021|7|03.06001.17.122.0030.2050.3.3.90.40.00.100|R|100000.0
32038424|1062767|303|02|3110004|2021|7|02.02017.10.301.0029.2063.3.3.90.39.00.155|R|71195.6
32038425|1062767|303|02|3110004|2021|7|02.02020.04.122.0223.2408.3.3.90.49.00.100|R|314.22
32038426|1062767|303|02|3110004|2021|7|02.02007001.12.122.0002.2002.3.3.90.49.00.101|R|21550.0
32038427|1062767|303|02|3110004|2021|7|02.02005.18.541.0034.2031.3.3.90.39.00.100|R|3000.0
32038428|1062767|303|02|3110004|2021|7|02.02003.04.124.0085.2159.3.3.90.49.00.100|R|1000.0
32038429|1062769|304|03|3110004|2021|7|03.06001.17.122.0030.2050.3.1.90.11.00.100|R|15264.4
32038430|1062767|303|02|3110004|2021|7|02.02007001.12.122.0002.2002.3.3.90.49.00.101|R|9.76
32038431|1062767|303|02|3110004|2021|7|02.02005.18.122.0011.2028.3.3.90.39.00.100|R|1600.0
32038432|1062767|303|02|3110004|2021|7|02.02014.08.122.0224.2409.3.3.90.30.00.100|R|3099.29
32038433|1062767|303|02|3110004|2021|7|02.02002.02.122.0173.2321.3.3.90.39.00.100|R|285.67
32038434|1062767|303|02|3110004|2021|7|02.02001.08.244.0170.2219.3.3.50.43.00.100|R|327.18
32038435|1062767|303|02|3110004|2021|7|02.02012.08.122.0141.2244.3.3.90.39.00.156|R|454.66
32038436|1062767|303|02|3110004|2021|7|02.02014.08.122.0224.2409.3.3.90.30.00.100|R|30.72
32038437|1062767|303|02|3110004|2021|7|02.02009.15.452.0279.1404.3.3.90.39.00.100|R|14000.0
32038438|1062767|303|02|3110004|2021|7|02.02007001.12.122.0002.2002.3.3.90.49.00.101|R|15180.0
32038439|1062767|303|02|3110004|2021|7|02.02005.18.541.0034.2031.3.3.90.30.00.100|R|923.72
32038440|1062769|304|03|3110004|2021|7|03.06001.17.512.0033.1217.4.4.90.51.00.100|R|50735.6
32038441|1062767|303|02|3110004|2021|7|02.02019.04.122.0164.2214.3.1.90.94.00.100|R|5791.53
32038442|1062767|303|02|3110004|2021|7|02.02010001.10.304.0321.1247.3.3.50.43.00.102|R|17100.0
32038443|1062767|303|02|3110004|2021|7|02.02014.08.122.0166.2314.3.3.90.49.00.100|R|17242.0
32038444|1062769|304|03|3110004|2021|7|03.06001.17.122.0030.2050.3.1.90.13.00.100|R|15264.4
32038445|1062767|303|02|3110004|2021|7|02.02009.04.122.0070.2125.3.3.90.49.00.100|R|31512.0
32038446|1062767|303|02|3110004|2021|7|02.02017.10.301.0029.2063.3.3.90.39.00.159|R|9000.0
32038447|1062767|303|02|3110004|2021|7|02.02019.04.122.0164.2214.3.1.90.94.00.100|R|384.27
32038448|1062769|304|03|3110004|2021|7|03.06001.17.512.0079.2053.3.3.90.33.00.100|R|4743.0
32038449|1062767|303|02|3110004|2021|7|02.02002.02.122.0173.2321.3.3.90.36.00.100|R|4500.0
32038450|1062767|303|02|3110004|2021|7|02.02015.06.122.0145.2257.3.3.90.49.00.100|R|1582.92
32038451|1062767|303|02|3110004|2021|7|02.02010001.10.122.0040.2089.3.3.90.49.00.102|R|5735.0
32038452|1062767|303|02|3110004|2021|7|02.02007001.12.122.0002.2002.3.3.90.49.00.101|R|990.24
32038453|1062767|303|02|3110004|2021|7|02.02001.04.122.0164.2214.3.3.90.49.00.100|R|3871.0
32038454|1062767|303|02|3110004|2021|7|02.02003.04.124.0084.2429.3.3.90.49.00.100|R|536.82
32038455|1062767|303|02|3110004|2021|7|02.02003.04.124.0084.2429.3.3.90.49.00.100|R|47.18
32038456|1062767|303|02|3110004|2021|7|02.02010001.10.122.0040.2089.3.3.90.40.00.102|R|4465.0
32038457|1062769|304|03|3110004|2021|7|03.06001.17.122.0030.2050.3.3.90.49.00.100|R|1796.06
32038458|1062767|303|02|3110004|2021|7|02.02012.08.122.0258.2433.3.3.90.30.00.156|R|4018.65
32038459|1062767|303|02|3110004|2021|7|02.02017.10.122.0042.2094.3.3.90.39.00.102|R|6900.0
32038460|1062767|303|02|3110004|2021|7|02.02005.18.122.0011.2028.3.3.90.49.00.100|R|13808.0
32038461|1062767|303|02|3110004|2021|7|02.02007001.12.361.0019.2041.3.3.90.39.00.101|R|546783.8
32038462|1062767|303|02|3110004|2021|7|02.02010001.10.122.0040.2089.3.3.90.49.00.102|R|49000.0
32038463|1062769|304|03|3110004|2021|7|03.06001.17.512.0079.2053.3.1.90.13.00.100|R|11929.7
32038464|1062767|303|02|3110004|2021|7|02.02010001.10.122.0040.2089.3.3.90.49.00.102|R|8265.0
32038465|1062769|304|03|3110004|2021|7|03.06001.17.512.0079.1218.4.4.90.51.00.100|R|44735.6
