seq_cot_licitacao|seq_item_licitacao|seq_licitacao|seq_orgao|cod_orgao|num_ano_referencia|num_mes_referencia|dat_cotacao|vlr_percentual|vlr_cot_preco_unit|num_quant_item_cotado|vlr_min_alien_bens
47209058|32075353|985006|303|02|2022|3|20220221|0.0|232.0|5.0|0.0
47209059|32075349|985006|303|02|2022|3|20220221|0.0|731.51|2.0|0.0
47209060|32075352|985006|303|02|2022|3|20220221|0.0|119.5|5.0|0.0
47209061|32075355|985006|303|02|2022|3|20220221|0.0|330.0|1.0|0.0
47209062|32075354|985006|303|02|2022|3|20220221|0.0|77.0|5.0|0.0
47209063|32075197|985004|303|02|2022|3|20211119|0.0|18.58|80.0|0.0
47209064|32075162|985004|303|02|2022|3|20211119|0.0|19.0|15.0|0.0
47209065|32075218|985004|303|02|2022|3|20211119|0.0|3.52|200.0|0.0
47209066|32075154|985004|303|02|2022|3|20211119|0.0|5.77|375.0|0.0
47209067|32075161|985004|303|02|2022|3|20211119|0.0|49.33|10.0|0.0
47209068|32075225|985004|303|02|2022|3|20211119|0.0|22.02|120.0|0.0
47209069|32075176|985004|303|02|2022|3|20211119|0.0|70.2|1100.0|0.0
47209070|32075211|985004|303|02|2022|3|20211119|0.0|1.02|700.0|0.0
47209071|32075181|985004|303|02|2022|3|20211119|0.0|34.31|550.0|0.0
47209072|32075253|985004|303|02|2022|3|20211119|0.0|9.37|2100.0|0.0
47209073|32075220|985004|303|02|2022|3|20211119|0.0|16.38|300.0|0.0
47209074|32075190|985004|303|02|2022|3|20211119|0.0|17.09|30.0|0.0
47209075|32075285|985004|303|02|2022|3|20211119|0.0|3.89|1020.0|0.0
47209076|32075195|985004|303|02|2022|3|20211119|0.0|73.45|170.0|0.0
47209077|32075273|985004|303|02|2022|3|20211119|0.0|2.57|6000.0|0.0
47209078|32075280|985004|303|02|2022|3|20211119|0.0|50.42|80.0|0.0
47209079|32075136|985004|303|02|2022|3|20211119|0.0|0.97|710.0|0.0
47209080|32075295|985004|303|02|2022|3|20211119|0.0|10.77|1050.0|0.0
47209081|32075192|985004|303|02|2022|3|20211119|0.0|21.62|20.0|0.0
47209082|32075138|985004|303|02|2022|3|20211119|0.0|2.33|155.0|0.0
47209083|32075244|985004|303|02|2022|3|20211119|0.0|24.2|50.0|0.0
47209084|32075304|985004|303|02|2022|3|20211119|0.0|11.14|180.0|0.0
47209085|32075297|985004|303|02|2022|3|20211119|0.0|50.52|160.0|0.0
47209086|32075307|985004|303|02|2022|3|20211119|0.0|3.44|3000.0|0.0
47209087|32075132|985004|303|02|2022|3|20211119|0.0|8.26|3050.0|0.0
47209088|32075163|985004|303|02|2022|3|20211119|0.0|24.5|10.0|0.0
47209089|32075166|985004|303|02|2022|3|20211119|0.0|3.77|105.0|0.0
47209090|32075230|985004|303|02|2022|3|20211119|0.0|7.85|730.0|0.0
47209091|32075129|985004|303|02|2022|3|20211119|0.0|19.63|100.0|0.0
47209092|32075172|985004|303|02|2022|3|20211119|0.0|115.65|5.0|0.0
47209093|32075289|985004|303|02|2022|3|20211119|0.0|5.93|780.0|0.0
47209094|32075137|985004|303|02|2022|3|20211119|0.0|49.36|20.0|0.0
47209095|32075214|985004|303|02|2022|3|20211119|0.0|11.44|1750.0|0.0
47209096|32075228|985004|303|02|2022|3|20211119|0.0|2.43|1310.0|0.0
47209097|32075314|985004|303|02|2022|3|20211119|0.0|2.0|50.0|0.0
47209098|32075309|985004|303|02|2022|3|20211119|0.0|7.56|20.0|0.0
47209099|32075308|985004|303|02|2022|3|20211119|0.0|3.47|20.0|0.0
47209100|32075116|985004|303|02|2022|3|20211119|0.0|70.2|100.0|0.0
47209101|32075148|985004|303|02|2022|3|20211119|0.0|9.0|210.0|0.0
47209102|32075205|985004|303|02|2022|3|20211119|0.0|5.18|180.0|0.0
47209103|32075212|985004|303|02|2022|3|20211119|0.0|2.62|300.0|0.0
47209104|32075241|985004|303|02|2022|3|20211119|0.0|22.7|130.0|0.0
47209105|32075287|985004|303|02|2022|3|20211119|0.0|12.8|605.0|0.0
47209106|32075133|985004|303|02|2022|3|20211119|0.0|24.62|1650.0|0.0
47209107|32075231|985004|303|02|2022|3|20211119|0.0|7.09|500.0|0.0
47209108|32075275|985004|303|02|2022|3|20211119|0.0|8.99|50.0|0.0
47209109|32075217|985004|303|02|2022|3|20211119|0.0|32.06|230.0|0.0
47209110|32075126|985004|303|02|2022|3|20211119|0.0|31.63|50.0|0.0
47209111|32075267|985004|303|02|2022|3|20211119|0.0|10.87|1250.0|0.0
47209112|32075134|985004|303|02|2022|3|20211119|0.0|5.5|950.0|0.0
47209113|32075292|985004|303|02|2022|3|20211119|0.0|10.68|410.0|0.0
47209114|32075250|985004|303|02|2022|3|20211119|0.0|65.0|50.0|0.0
47209115|32075146|985004|303|02|2022|3|20211119|0.0|18.45|300.0|0.0
47209116|32075147|985004|303|02|2022|3|20211119|0.0|7.97|150.0|0.0
47209117|32075213|985004|303|02|2022|3|20211119|0.0|5.04|5500.0|0.0
47209118|32075206|985004|303|02|2022|3|20211119|0.0|25.2|100.0|0.0
47209119|32075301|985004|303|02|2022|3|20211119|0.0|543.53|3.0|0.0
47209120|32075152|985004|303|02|2022|3|20211119|0.0|16.72|20.0|0.0
47209121|32075234|985004|303|02|2022|3|20211119|0.0|27.69|100.0|0.0
47209122|32075238|985004|303|02|2022|3|20211119|0.0|39.97|20.0|0.0
47209123|32075200|985004|303|02|2022|3|20211119|0.0|38.4|20.0|0.0
47209124|32075277|985004|303|02|2022|3|20211119|0.0|2.45|1100.0|0.0
47209125|32075298|985004|303|02|2022|3|20211119|0.0|692.5|5.0|0.0
47209126|32075221|985004|303|02|2022|3|20211119|0.0|2.68|150.0|0.0
47209127|32075191|985004|303|02|2022|3|20211119|0.0|11.18|100.0|0.0
47209128|32075283|985004|303|02|2022|3|20211119|0.0|7.69|180.0|0.0
47209129|32075261|985004|303|02|2022|3|20211119|0.0|9.11|50.0|0.0
47209202|32075257|985004|303|02|2022|3|20211119|0.0|4.44|755.0|0.0
47209203|32075122|985004|303|02|2022|3|20211119|0.0|4.08|210.0|0.0
47209204|32075202|985004|303|02|2022|3|20211119|0.0|36.95|10.0|0.0
47209205|32075144|985004|303|02|2022|3|20211119|0.0|3.01|350.0|0.0
47209206|32075237|985004|303|02|2022|3|20211119|0.0|27.78|120.0|0.0
47209207|32075224|985004|303|02|2022|3|20211119|0.0|8.56|50.0|0.0
47209208|32075281|985004|303|02|2022|3|20211119|0.0|1.29|180.0|0.0
47209209|32075143|985004|303|02|2022|3|20211119|0.0|9.03|100.0|0.0
47209210|32075175|985004|303|02|2022|3|20211119|0.0|3.87|3250.0|0.0
47209211|32075288|985004|303|02|2022|3|20211119|0.0|20.36|1800.0|0.0
47209212|32075226|985004|303|02|2022|3|20211119|0.0|24.74|60.0|0.0
47209213|32075204|985004|303|02|2022|3|20211119|0.0|2.95|50.0|0.0
47209214|32075294|985004|303|02|2022|3|20211119|0.0|11.35|1000.0|0.0
47209215|32075160|985004|303|02|2022|3|20211119|0.0|0.29|12250.0|0.0
47209216|32075168|985004|303|02|2022|3|20211119|0.0|3.22|210.0|0.0
47209217|32075145|985004|303|02|2022|3|20211119|0.0|11.47|300.0|0.0
47209218|32075207|985004|303|02|2022|3|20211119|0.0|19.2|20.0|0.0
47209219|32075286|985004|303|02|2022|3|20211119|0.0|16.68|505.0|0.0
47209220|32075293|985004|303|02|2022|3|20211119|0.0|43.8|170.0|0.0
47209221|32075219|985004|303|02|2022|3|20211119|0.0|187.92|40.0|0.0
47209222|32075315|985004|303|02|2022|3|20211119|0.0|48.7|220.0|0.0
47209223|32075302|985004|303|02|2022|3|20211119|0.0|21.69|20.0|0.0
47209224|32075262|985004|303|02|2022|3|20211119|0.0|15.33|50.0|0.0
47209225|32075158|985004|303|02|2022|3|20211119|0.0|0.24|1100.0|0.0
47209226|32075139|985004|303|02|2022|3|20211119|0.0|15.33|920.0|0.0
47209227|32075215|985004|303|02|2022|3|20211119|0.0|5.0|350.0|0.0
47209228|32075123|985004|303|02|2022|3|20211119|0.0|40.22|200.0|0.0
47209229|32075251|985004|303|02|2022|3|20211119|0.0|45.9|6.0|0.0
47209230|32075180|985004|303|02|2022|3|20211119|0.0|114.36|60.0|0.0
47209231|32075201|985004|303|02|2022|3|20211119|0.0|0.59|1500.0|0.0
47209232|32075216|985004|303|02|2022|3|20211119|0.0|47.21|220.0|0.0
47209233|32075117|985004|303|02|2022|3|20211119|0.0|16.45|40.0|0.0
47209234|32075310|985004|303|02|2022|3|20211119|0.0|4.47|20.0|0.0
47209235|32075291|985004|303|02|2022|3|20211119|0.0|7.9|5010.0|0.0
47209236|32075209|985004|303|02|2022|3|20211119|0.0|17.49|150.0|0.0
47209237|32075151|985004|303|02|2022|3|20211119|0.0|10.64|20.0|0.0
47209238|32075233|985004|303|02|2022|3|20211119|0.0|29.09|150.0|0.0
47209239|32075118|985004|303|02|2022|3|20211119|0.0|5.18|170.0|0.0
47209240|32075115|985004|303|02|2022|3|20211119|0.0|36.54|8000.0|0.0
47209241|32075223|985004|303|02|2022|3|20211119|0.0|2.65|50.0|0.0
47209242|32075140|985004|303|02|2022|3|20211119|0.0|15.33|1120.0|0.0
47209243|32075135|985004|303|02|2022|3|20211119|0.0|0.48|720.0|0.0
47209244|32075222|985004|303|02|2022|3|20211119|0.0|7.62|50.0|0.0
47209245|32075208|985004|303|02|2022|3|20211119|0.0|14.68|250.0|0.0
47209246|32075300|985004|303|02|2022|3|20211119|0.0|245.38|3.0|0.0
47209247|32075167|985004|303|02|2022|3|20211119|0.0|1.73|380.0|0.0
47209248|32075186|985004|303|02|2022|3|20211119|0.0|24.57|100.0|0.0
47209249|32075174|985004|303|02|2022|3|20211119|0.0|4.14|230.0|0.0
47209250|32075188|985004|303|02|2022|3|20211119|0.0|3.6|630.0|0.0
47209251|32075169|985004|303|02|2022|3|20211119|0.0|57.25|5.0|0.0
47209252|32075269|985004|303|02|2022|3|20211119|0.0|13.98|1000.0|0.0
47209253|32075246|985004|303|02|2022|3|20211119|0.0|1.31|5560.0|0.0
47209254|32075245|985004|303|02|2022|3|20211119|0.0|2.58|50.0|0.0
47209255|32075258|985004|303|02|2022|3|20211119|0.0|10.3|700.0|0.0
47209259|32075131|985004|303|02|2022|3|20211119|0.0|9.37|5060.0|0.0
47209256|32075247|985004|303|02|2022|3|20211119|0.0|19.3|300.0|0.0
47209257|32075156|985004|303|02|2022|3|20211119|0.0|0.33|1500.0|0.0
47209258|32075272|985004|303|02|2022|3|20211119|0.0|16.24|400.0|0.0
47209260|32075164|985004|303|02|2022|3|20211119|0.0|26.55|10.0|0.0
47209261|32075256|985004|303|02|2022|3|20211119|0.0|5.87|1050.0|0.0
47209262|32075177|985004|303|02|2022|3|20211119|0.0|274.14|30.0|0.0
47209263|32075239|985004|303|02|2022|3|20211119|0.0|12.26|50.0|0.0
47209027|32075332|985005|303|02|2022|3|20220117|0.0|290.0|12.0|0.0
47209024|32075328|985005|303|02|2022|3|20220117|0.0|998.0|2.0|0.0
47209025|32075336|985005|303|02|2022|3|20220117|0.0|4052.0|2.0|0.0
47209026|32075325|985005|303|02|2022|3|20220117|0.0|142.17|3.0|0.0
47209028|32075323|985005|303|02|2022|3|20220117|0.0|417.26|2.0|0.0
47209029|32075346|985005|303|02|2022|3|20220117|0.0|6483.0|1.0|0.0
47209030|32075318|985005|303|02|2022|3|20220117|0.0|871.95|2.0|0.0
47209031|32075344|985005|303|02|2022|3|20220117|0.0|451.0|1.0|0.0
47209032|32075317|985005|303|02|2022|3|20220117|0.0|226.65|2.0|0.0
47209033|32075316|985005|303|02|2022|3|20220117|0.0|791.89|2.0|0.0
47209034|32075331|985005|303|02|2022|3|20220117|0.0|2306.44|1.0|0.0
47209035|32075319|985005|303|02|2022|3|20220117|0.0|173.25|2.0|0.0
47209036|32075340|985005|303|02|2022|3|20220117|0.0|131.66|8.0|0.0
47209037|32075343|985005|303|02|2022|3|20220117|0.0|1516.0|1.0|0.0
47209038|32075337|985005|303|02|2022|3|20220117|0.0|1301.37|1.0|0.0
47209039|32075327|985005|303|02|2022|3|20220117|0.0|1123.5|2.0|0.0
47209040|32075324|985005|303|02|2022|3|20220117|0.0|758.75|5.0|0.0
47209041|32075329|985005|303|02|2022|3|20220117|0.0|3698.74|4.0|0.0
47209042|32075342|985005|303|02|2022|3|20220117|0.0|480.5|1.0|0.0
47209043|32075326|985005|303|02|2022|3|20220117|0.0|4120.46|2.0|0.0
47209044|32075334|985005|303|02|2022|3|20220117|0.0|7501.0|1.0|0.0
47209045|32075345|985005|303|02|2022|3|20220117|0.0|8685.25|1.0|0.0
47209046|32075347|985005|303|02|2022|3|20220117|0.0|946.85|1.0|0.0
47209047|32075333|985005|303|02|2022|3|20220117|0.0|2155.22|2.0|0.0
47209048|32075322|985005|303|02|2022|3|20220117|0.0|662.35|2.0|0.0
47209049|32075320|985005|303|02|2022|3|20220117|0.0|907.61|3.0|0.0
47209050|32075341|985005|303|02|2022|3|20220117|0.0|606.14|1.0|0.0
47209051|32075335|985005|303|02|2022|3|20220117|0.0|2563.75|1.0|0.0
47209052|32075338|985005|303|02|2022|3|20220117|0.0|2294.5|2.0|0.0
47209053|32075348|985005|303|02|2022|3|20220117|0.0|2371.3|1.0|0.0
47209054|32075339|985005|303|02|2022|3|20220117|0.0|845.66|1.0|0.0
47209055|32075330|985005|303|02|2022|3|20220117|0.0|1588.0|2.0|0.0
47209056|32075321|985005|303|02|2022|3|20220117|0.0|2740.72|2.0|0.0
47209057|32075114|985003|303|02|2022|3|20210210|0.0|3400.0|12.0|0.0
47209133|32075189|985004|303|02|2022|3|20211119|0.0|3.68|170.0|0.0
47209130|32075271|985004|303|02|2022|3|20211119|0.0|24.54|220.0|0.0
47209131|32075193|985004|303|02|2022|3|20211119|0.0|1.49|500.0|0.0
47209132|32075270|985004|303|02|2022|3|20211119|0.0|3.01|8200.0|0.0
47209134|32075259|985004|303|02|2022|3|20211119|0.0|3.88|700.0|0.0
47209135|32075248|985004|303|02|2022|3|20211119|0.0|2.7|1535.0|0.0
47209136|32075311|985004|303|02|2022|3|20211119|0.0|4.9|20.0|0.0
47209137|32075183|985004|303|02|2022|3|20211119|0.0|24.13|325.0|0.0
47209138|32075268|985004|303|02|2022|3|20211119|0.0|37.19|52.0|0.0
47209139|32075263|985004|303|02|2022|3|20211119|0.0|8.5|70.0|0.0
47209140|32075235|985004|303|02|2022|3|20211119|0.0|1.44|130.0|0.0
47209141|32075119|985004|303|02|2022|3|20211119|0.0|5.87|140.0|0.0
47209142|32075229|985004|303|02|2022|3|20211119|0.0|16.9|350.0|0.0
47209143|32075210|985004|303|02|2022|3|20211119|0.0|17.49|1650.0|0.0
47209144|32075203|985004|303|02|2022|3|20211119|0.0|24.5|30.0|0.0
47209145|32075276|985004|303|02|2022|3|20211119|0.0|28.51|500.0|0.0
47209146|32075165|985004|303|02|2022|3|20211119|0.0|58.0|40.0|0.0
47209147|32075130|985004|303|02|2022|3|20211119|0.0|9.27|300.0|0.0
47209148|32075178|985004|303|02|2022|3|20211119|0.0|201.97|35.0|0.0
47209149|32075254|985004|303|02|2022|3|20211119|0.0|0.33|15200.0|0.0
47209150|32075279|985004|303|02|2022|3|20211119|0.0|14.79|200.0|0.0
47209151|32075121|985004|303|02|2022|3|20211119|0.0|16.79|1380.0|0.0
47209152|32075232|985004|303|02|2022|3|20211119|0.0|26.83|20.0|0.0
47209153|32075299|985004|303|02|2022|3|20211119|0.0|604.45|3.0|0.0
47209154|32075199|985004|303|02|2022|3|20211119|0.0|0.34|100.0|0.0
47209155|32075265|985004|303|02|2022|3|20211119|0.0|4.42|5020.0|0.0
47209156|32075159|985004|303|02|2022|3|20211119|0.0|0.38|8000.0|0.0
47209157|32075141|985004|303|02|2022|3|20211119|0.0|15.33|600.0|0.0
47209158|32075170|985004|303|02|2022|3|20211119|0.0|58.72|5.0|0.0
47209159|32075260|985004|303|02|2022|3|20211119|0.0|5.52|250.0|0.0
47209160|32075153|985004|303|02|2022|3|20211119|0.0|4.18|360.0|0.0
47209161|32075274|985004|303|02|2022|3|20211119|0.0|1.47|6100.0|0.0
47209162|32075120|985004|303|02|2022|3|20211119|0.0|10.8|20.0|0.0
47209163|32075171|985004|303|02|2022|3|20211119|0.0|32.79|5.0|0.0
47209164|32075290|985004|303|02|2022|3|20211119|0.0|3.89|5010.0|0.0
47209165|32075278|985004|303|02|2022|3|20211119|0.0|4.58|1030.0|0.0
47209166|32075255|985004|303|02|2022|3|20211119|0.0|3.77|5030.0|0.0
47209167|32075284|985004|303|02|2022|3|20211119|0.0|18.79|200.0|0.0
47209168|32075142|985004|303|02|2022|3|20211119|0.0|14.9|600.0|0.0
47209169|32075182|985004|303|02|2022|3|20211119|0.0|28.35|20.0|0.0
47209170|32075282|985004|303|02|2022|3|20211119|0.0|5.0|100.0|0.0
47209171|32075243|985004|303|02|2022|3|20211119|0.0|2.41|1125.0|0.0
47209172|32075236|985004|303|02|2022|3|20211119|0.0|3.83|100.0|0.0
47209173|32075155|985004|303|02|2022|3|20211119|0.0|0.27|2000.0|0.0
47209174|32075240|985004|303|02|2022|3|20211119|0.0|48.21|100.0|0.0
47209175|32075252|985004|303|02|2022|3|20211119|0.0|12.75|5400.0|0.0
47209176|32075266|985004|303|02|2022|3|20211119|0.0|5.52|5010.0|0.0
47209177|32075173|985004|303|02|2022|3|20211119|0.0|2.37|630.0|0.0
47209178|32075196|985004|303|02|2022|3|20211119|0.0|1.99|50.0|0.0
47209179|32075312|985004|303|02|2022|3|20211119|0.0|22.17|3050.0|0.0
47209180|32075157|985004|303|02|2022|3|20211119|0.0|0.12|100.0|0.0
47209181|32075296|985004|303|02|2022|3|20211119|0.0|13.81|520.0|0.0
47209182|32075306|985004|303|02|2022|3|20211119|0.0|3.5|110.0|0.0
47209183|32075313|985004|303|02|2022|3|20211119|0.0|89.6|5.0|0.0
47209184|32075150|985004|303|02|2022|3|20211119|0.0|2.08|50.0|0.0
47209185|32075124|985004|303|02|2022|3|20211119|0.0|40.22|225.0|0.0
47209186|32075303|985004|303|02|2022|3|20211119|0.0|4.33|4800.0|0.0
47209187|32075227|985004|303|02|2022|3|20211119|0.0|3.89|500.0|0.0
47209188|32075194|985004|303|02|2022|3|20211119|0.0|7.08|160.0|0.0
47209189|32075179|985004|303|02|2022|3|20211119|0.0|73.7|70.0|0.0
47209190|32075187|985004|303|02|2022|3|20211119|0.0|1.88|350.0|0.0
47209191|32075149|985004|303|02|2022|3|20211119|0.0|2.05|50.0|0.0
47209192|32075127|985004|303|02|2022|3|20211119|0.0|13.6|80.0|0.0
47209193|32075249|985004|303|02|2022|3|20211119|0.0|13.36|130.0|0.0
47209194|32075128|985004|303|02|2022|3|20211119|0.0|20.18|130.0|0.0
47209198|32075125|985004|303|02|2022|3|20211119|0.0|14.52|100.0|0.0
47209195|32075184|985004|303|02|2022|3|20211119|0.0|7.27|670.0|0.0
47209196|32075185|985004|303|02|2022|3|20211119|0.0|4.97|100.0|0.0
47209197|32075264|985004|303|02|2022|3|20211119|0.0|19.9|260.0|0.0
47209199|32075305|985004|303|02|2022|3|20211119|0.0|0.31|600.0|0.0
47209200|32075198|985004|303|02|2022|3|20211119|0.0|6.72|10.0|0.0
47209201|32075242|985004|303|02|2022|3|20211119|0.0|14.56|280.0|0.0
47304807|32174731|988523|305|04|2022|3|20210316|0.0|1.0|222144.86|0.0
48049978|32937857|1013694|305|04|2022|5|20220309|0.0|1.0|35000.0|0.0
47063984|31926768|980087|303|02|2022|1|20210914|0.0|2.97|4780.0|0.0
46035003|30873339|946059|302|01|2022|1|20220113|0.0|7.26|6500.0|0.0
47063979|31926700|980086|303|02|2022|1|20211109|0.0|1.0|413440.35|0.0
47063980|31926822|980089|303|02|2022|1|20211130|0.0|7.384|1238160.0|0.0
47063981|31926772|980087|303|02|2022|1|20210914|0.0|15.84|120.0|0.0
47063982|31926710|980087|303|02|2022|1|20210914|0.0|12.61|150.0|0.0
47063983|31926735|980087|303|02|2022|1|20210914|0.0|7.5|6000.0|0.0
47063985|31926791|980087|303|02|2022|1|20210914|0.0|1.85|3140.0|0.0
47063986|31926734|980087|303|02|2022|1|20210914|0.0|133.72|505.0|0.0
47063987|31926776|980087|303|02|2022|1|20210914|0.0|5.97|12800.0|0.0
47063988|31926785|980087|303|02|2022|1|20210914|0.0|3.93|2020.0|0.0
47063989|31926747|980087|303|02|2022|1|20210914|0.0|4.97|1020.0|0.0
47063990|31926777|980087|303|02|2022|1|20210914|0.0|8.0|3350.0|0.0
47063991|31926718|980087|303|02|2022|1|20210914|0.0|1.23|4000.0|0.0
47063992|31926812|980087|303|02|2022|1|20210914|0.0|114.8|50.0|0.0
47063993|31926704|980087|303|02|2022|1|20210914|0.0|14.22|400.0|0.0
47063994|31926748|980087|303|02|2022|1|20210914|0.0|33.12|420.0|0.0
47063995|31926701|980087|303|02|2022|1|20210914|0.0|181.75|810.0|0.0
47063996|31926790|980087|303|02|2022|1|20210914|0.0|9.61|820.0|0.0
47063997|31926731|980087|303|02|2022|1|20210914|0.0|1.37|520.0|0.0
47063998|31926733|980087|303|02|2022|1|20210914|0.0|4.67|4200.0|0.0
47063999|31926781|980087|303|02|2022|1|20210914|0.0|14.86|70.0|0.0
47064000|31926793|980087|303|02|2022|1|20210914|0.0|3.96|450.0|0.0
47064001|31926746|980087|303|02|2022|1|20210914|0.0|8.47|220.0|0.0
47064005|31926807|980087|303|02|2022|1|20210914|0.0|3.67|1730.0|0.0
47064002|31926744|980087|303|02|2022|1|20210914|0.0|22.46|200.0|0.0
47064003|31926749|980087|303|02|2022|1|20210914|0.0|5.94|100.0|0.0
47064004|31926795|980087|303|02|2022|1|20210914|0.0|3.5|3340.0|0.0
47064006|31926804|980087|303|02|2022|1|20210914|0.0|12.8|770.0|0.0
47064007|31926730|980087|303|02|2022|1|20210914|0.0|1.37|520.0|0.0
47064008|31926715|980087|303|02|2022|1|20210914|0.0|5.52|16000.0|0.0
47064009|31926702|980087|303|02|2022|1|20210914|0.0|25.96|40.0|0.0
47064010|31926757|980087|303|02|2022|1|20210914|0.0|15.0|150.0|0.0
47064011|31926796|980087|303|02|2022|1|20210914|0.0|15.94|400.0|0.0
47064012|31926722|980087|303|02|2022|1|20210914|0.0|4.91|2500.0|0.0
47064013|31926754|980087|303|02|2022|1|20210914|0.0|8.11|1580.0|0.0
47064014|31926728|980087|303|02|2022|1|20210914|0.0|8.28|245.0|0.0
47064015|31926742|980087|303|02|2022|1|20210914|0.0|11.4|80.0|0.0
47064016|31926787|980087|303|02|2022|1|20210914|0.0|16.32|120.0|0.0
47064017|31926751|980087|303|02|2022|1|20210914|0.0|1.69|1150.0|0.0
47064018|31926711|980087|303|02|2022|1|20210914|0.0|11.25|120.0|0.0
47064019|31926811|980087|303|02|2022|1|20210914|0.0|5.08|205.0|0.0
47064020|31926789|980087|303|02|2022|1|20210914|0.0|11.51|5060.0|0.0
47064021|31926739|980087|303|02|2022|1|20210914|0.0|17.28|385.0|0.0
47064022|31926780|980087|303|02|2022|1|20210914|0.0|37.28|260.0|0.0
47064023|31926709|980087|303|02|2022|1|20210914|0.0|11.85|140.0|0.0
47064027|31926743|980087|303|02|2022|1|20210914|0.0|22.22|550.0|0.0
47064024|31926805|980087|303|02|2022|1|20210914|0.0|16.98|460.0|0.0
47064025|31926779|980087|303|02|2022|1|20210914|0.0|4.61|1030.0|0.0
47064026|31926767|980087|303|02|2022|1|20210914|0.0|22.86|2380.0|0.0
47064028|31926769|980087|303|02|2022|1|20210914|0.0|17.5|460.0|0.0
47064029|31926712|980087|303|02|2022|1|20210914|0.0|47.24|150.0|0.0
47064030|31926706|980087|303|02|2022|1|20210914|0.0|6.33|5400.0|0.0
47064031|31926782|980087|303|02|2022|1|20210914|0.0|5.79|4500.0|0.0
47064032|31926732|980087|303|02|2022|1|20210914|0.0|3.51|1740.0|0.0
47064033|31926703|980087|303|02|2022|1|20210914|0.0|2.73|7830.0|0.0
47064034|31926766|980087|303|02|2022|1|20210914|0.0|4.8|250.0|0.0
47064035|31926758|980087|303|02|2022|1|20210914|0.0|24.24|700.0|0.0
47064039|31926756|980087|303|02|2022|1|20210914|0.0|44.01|1080.0|0.0
47064036|31926738|980087|303|02|2022|1|20210914|0.0|14.37|85.0|0.0
47064037|31926799|980087|303|02|2022|1|20210914|0.0|19.63|300.0|0.0
47064038|31926765|980087|303|02|2022|1|20210914|0.0|29.13|550.0|0.0
47064040|31926817|980087|303|02|2022|1|20210914|0.0|8.7|420.0|0.0
47064041|31926713|980087|303|02|2022|1|20210914|0.0|3.22|450.0|0.0
47064042|31926759|980087|303|02|2022|1|20210914|0.0|3.26|260.0|0.0
47064043|31926798|980087|303|02|2022|1|20210914|0.0|19.43|150.0|0.0
47064044|31926725|980087|303|02|2022|1|20210914|0.0|1.65|1660.0|0.0
47064045|31926714|980087|303|02|2022|1|20210914|0.0|4.11|16620.0|0.0
47064046|31926705|980087|303|02|2022|1|20210914|0.0|41.4|100.0|0.0
47064047|31926716|980087|303|02|2022|1|20210914|0.0|7.51|560.0|0.0
47064048|31926810|980087|303|02|2022|1|20210914|0.0|66.91|1350.0|0.0
47064049|31926764|980087|303|02|2022|1|20210914|0.0|27.18|450.0|0.0
47064050|31926750|980087|303|02|2022|1|20210914|0.0|4.7|140.0|0.0
47064051|31926803|980087|303|02|2022|1|20210914|0.0|8.46|3000.0|0.0
47064052|31926808|980087|303|02|2022|1|20210914|0.0|19.6|110.0|0.0
47064053|31926721|980087|303|02|2022|1|20210914|0.0|2.78|2200.0|0.0
47064054|31926720|980087|303|02|2022|1|20210914|0.0|2.93|1000.0|0.0
47064055|31926797|980087|303|02|2022|1|20210914|0.0|32.0|510.0|0.0
47064056|31926774|980087|303|02|2022|1|20210914|0.0|5.68|5000.0|0.0
47064057|31926784|980087|303|02|2022|1|20210914|0.0|20.83|10.0|0.0
47064058|31926723|980087|303|02|2022|1|20210914|0.0|4.12|1480.0|0.0
47064059|31926778|980087|303|02|2022|1|20210914|0.0|1.915|500.0|0.0
47064060|31926724|980087|303|02|2022|1|20210914|0.0|12.24|600.0|0.0
47064061|31926763|980087|303|02|2022|1|20210914|0.0|40.51|250.0|0.0
47064062|31926761|980087|303|02|2022|1|20210914|0.0|175.0|100.0|0.0
47064063|31926752|980087|303|02|2022|1|20210914|0.0|11.51|130.0|0.0
47064064|31926736|980087|303|02|2022|1|20210914|0.0|4.35|500.0|0.0
47064065|31926800|980087|303|02|2022|1|20210914|0.0|38.1|110.0|0.0
47064066|31926794|980087|303|02|2022|1|20210914|0.0|27.01|1000.0|0.0
47064067|31926719|980087|303|02|2022|1|20210914|0.0|2.85|1000.0|0.0
47064068|31926788|980087|303|02|2022|1|20210914|0.0|23.18|660.0|0.0
47064069|31926727|980087|303|02|2022|1|20210914|0.0|6.65|550.0|0.0
47064070|31926771|980087|303|02|2022|1|20210914|0.0|3.58|16350.0|0.0
47064071|31926775|980087|303|02|2022|1|20210914|0.0|2.91|1560.0|0.0
47064072|31926755|980087|303|02|2022|1|20210914|0.0|5.0|200.0|0.0
47064073|31926816|980087|303|02|2022|1|20210914|0.0|7.4|100.0|0.0
47064074|31926802|980087|303|02|2022|1|20210914|0.0|30.66|120.0|0.0
47064075|31926717|980087|303|02|2022|1|20210914|0.0|1.01|10.0|0.0
47064076|31926762|980087|303|02|2022|1|20210914|0.0|2.23|50.0|0.0
47064077|31926786|980087|303|02|2022|1|20210914|0.0|10.45|90.0|0.0
47064078|31926707|980087|303|02|2022|1|20210914|0.0|9.55|910.0|0.0
47064079|31926815|980087|303|02|2022|1|20210914|0.0|138.32|100.0|0.0
47064080|31926737|980087|303|02|2022|1|20210914|0.0|6.23|150.0|0.0
47064081|31926783|980087|303|02|2022|1|20210914|0.0|27.4|1000.0|0.0
47064082|31926770|980087|303|02|2022|1|20210914|0.0|12.66|7575.0|0.0
47064083|31926729|980087|303|02|2022|1|20210914|0.0|1.37|520.0|0.0
47064084|31926753|980087|303|02|2022|1|20210914|0.0|13.82|355.0|0.0
47064085|31926741|980087|303|02|2022|1|20210914|0.0|38.475|400.0|0.0
47064086|31926708|980087|303|02|2022|1|20210914|0.0|6.48|160.0|0.0
47064087|31926740|980087|303|02|2022|1|20210914|0.0|7.57|1390.0|0.0
47064088|31926813|980087|303|02|2022|1|20210914|0.0|6.1|500.0|0.0
47064089|31926760|980087|303|02|2022|1|20210914|0.0|2.19|260.0|0.0
47064090|31926814|980087|303|02|2022|1|20210914|0.0|25.0|200.0|0.0
47064091|31926745|980087|303|02|2022|1|20210914|0.0|21.27|680.0|0.0
47064092|31926806|980087|303|02|2022|1|20210914|0.0|6.83|440.0|0.0
47064093|31926726|980087|303|02|2022|1|20210914|0.0|5.06|750.0|0.0
47064094|31926792|980087|303|02|2022|1|20210914|0.0|8.35|50.0|0.0
47064095|31926773|980087|303|02|2022|1|20210914|0.0|4.52|2500.0|0.0
47064099|31926821|980088|303|02|2022|1|20211129|0.0|31.565|8000.0|0.0
47064096|31926809|980087|303|02|2022|1|20210914|0.0|2.33|350.0|0.0
47064097|31926801|980087|303|02|2022|1|20210914|0.0|28.45|10.0|0.0
47064098|31926818|980088|303|02|2022|1|20211129|0.0|7.65|100.0|0.0
47064100|31926819|980088|303|02|2022|1|20211129|0.0|5.8|100.0|0.0
47064101|31926820|980088|303|02|2022|1|20211129|0.0|5.42|100.0|0.0
46438396|31286952|959036|302|01|2022|2|20220126|0.0|16.0|150.0|0.0
46438393|31286965|959036|302|01|2022|2|20220126|0.0|35.65|5.0|0.0
46438394|31286983|959036|302|01|2022|2|20220126|0.0|3.39|50.0|0.0
46438395|31286996|959036|302|01|2022|2|20220126|0.0|11.44|2.0|0.0
46438397|31286972|959036|302|01|2022|2|20220126|0.0|1.99|50.0|0.0
46438398|31286966|959036|302|01|2022|2|20220126|0.0|2.89|100.0|0.0
46438399|31286991|959036|302|01|2022|2|20220126|0.0|23.98|50.0|0.0
46438400|31286973|959036|302|01|2022|2|20220126|0.0|12.49|30.0|0.0
46438401|31286982|959036|302|01|2022|2|20220126|0.0|26.98|5.0|0.0
46438402|31286969|959036|302|01|2022|2|20220126|0.0|21.19|2.0|0.0
46438403|31286970|959036|302|01|2022|2|20220126|0.0|18.02|50.0|0.0
46438404|31287005|959036|302|01|2022|2|20220126|0.0|26.49|10.0|0.0
46438405|31286963|959036|302|01|2022|2|20220126|0.0|78.9|60.0|0.0
46438406|31286971|959036|302|01|2022|2|20220126|0.0|15.25|30.0|0.0
46438407|31286976|959036|302|01|2022|2|20220126|0.0|3.65|5.0|0.0
46438408|31286987|959036|302|01|2022|2|20220126|0.0|11.98|10.0|0.0
46438409|31286951|959036|302|01|2022|2|20220126|0.0|5.86|10.0|0.0
46438410|31286984|959036|302|01|2022|2|20220126|0.0|4.98|50.0|0.0
46438411|31286980|959036|302|01|2022|2|20220126|0.0|3.25|50.0|0.0
46438412|31286955|959036|302|01|2022|2|20220126|0.0|4.04|100.0|0.0
46438413|31286959|959036|302|01|2022|2|20220126|0.0|6.98|10.0|0.0
46438414|31286990|959036|302|01|2022|2|20220126|0.0|105.0|4.0|0.0
46438415|31286967|959036|302|01|2022|2|20220126|0.0|4.4|100.0|0.0
46438416|31286944|959036|302|01|2022|2|20220126|0.0|46.93|4.0|0.0
46438417|31286985|959036|302|01|2022|2|20220126|0.0|9.98|200.0|0.0
46438418|31286999|959036|302|01|2022|2|20220126|0.0|46.2|2.0|0.0
46438419|31286978|959036|302|01|2022|2|20220126|0.0|149.9|4.0|0.0
46438420|31286946|959036|302|01|2022|2|20220126|0.0|15.54|15.0|0.0
46438421|31286997|959036|302|01|2022|2|20220126|0.0|11.13|4.0|0.0
46438422|31287006|959036|302|01|2022|2|20220126|0.0|70.27|2.0|0.0
46438423|31286977|959036|302|01|2022|2|20220126|0.0|159.16|2.0|0.0
46438424|31287003|959036|302|01|2022|2|20220126|0.0|4.46|30.0|0.0
46438425|31286988|959036|302|01|2022|2|20220126|0.0|8.5|200.0|0.0
46438426|31286956|959036|302|01|2022|2|20220126|0.0|2.62|30.0|0.0
46438427|31286945|959036|302|01|2022|2|20220126|0.0|9.99|5.0|0.0
46438428|31286998|959036|302|01|2022|2|20220126|0.0|39.0|2.0|0.0
46438429|31286953|959036|302|01|2022|2|20220126|0.0|8.5|300.0|0.0
46438430|31286981|959036|302|01|2022|2|20220126|0.0|6.5|15.0|0.0
46438431|31286968|959036|302|01|2022|2|20220126|0.0|9.6|50.0|0.0
46438432|31287000|959036|302|01|2022|2|20220126|0.0|38.45|3.0|0.0
46438433|31286989|959036|302|01|2022|2|20220126|0.0|18.0|30.0|0.0
46438434|31286962|959036|302|01|2022|2|20220126|0.0|11.8|10.0|0.0
46438435|31286993|959036|302|01|2022|2|20220126|0.0|6.25|300.0|0.0
46438436|31286950|959036|302|01|2022|2|20220126|0.0|73.25|15.0|0.0
46438437|31286995|959036|302|01|2022|2|20220126|0.0|7.55|150.0|0.0
46438438|31286960|959036|302|01|2022|2|20220126|0.0|2.49|100.0|0.0
46438439|31286957|959036|302|01|2022|2|20220126|0.0|10.98|400.0|0.0
46438440|31287004|959036|302|01|2022|2|20220126|0.0|4.95|100.0|0.0
46438441|31287001|959036|302|01|2022|2|20220126|0.0|11.98|10.0|0.0
46438442|31286994|959036|302|01|2022|2|20220126|0.0|6.07|150.0|0.0
46438443|31286958|959036|302|01|2022|2|20220126|0.0|12.98|350.0|0.0
46438444|31286949|959036|302|01|2022|2|20220126|0.0|19.75|15.0|0.0
46438384|31286975|959036|302|01|2022|2|20220126|0.0|124.5|5.0|0.0
46438381|31287002|959036|302|01|2022|2|20220126|0.0|58.0|10.0|0.0
46438382|31286974|959036|302|01|2022|2|20220126|0.0|99.85|10.0|0.0
46438383|31286948|959036|302|01|2022|2|20220126|0.0|8.6|100.0|0.0
46438385|31286961|959036|302|01|2022|2|20220126|0.0|54.69|10.0|0.0
46438386|31287007|959036|302|01|2022|2|20220126|0.0|137.76|2.0|0.0
46438387|31286947|959036|302|01|2022|2|20220126|0.0|2.35|5.0|0.0
46438388|31286992|959036|302|01|2022|2|20220126|0.0|7.62|50.0|0.0
46438389|31286954|959036|302|01|2022|2|20220126|0.0|30.99|50.0|0.0
46438390|31286979|959036|302|01|2022|2|20220126|0.0|3.25|10.0|0.0
46438391|31286986|959036|302|01|2022|2|20220126|0.0|108.0|30.0|0.0
46438392|31286964|959036|302|01|2022|2|20220126|0.0|269.9|4.0|0.0
50895351|35838770|1105985|304|03|2022|11|20221026|0.0|746.25|20.0|0.0
50895347|35838772|1105985|304|03|2022|11|20221026|0.0|700.0|5.0|0.0
50895348|35838768|1105985|304|03|2022|11|20221026|0.0|213.0|20.0|0.0
50895349|35838769|1105985|304|03|2022|11|20221026|0.0|435.0|20.0|0.0
50895350|35838771|1105985|304|03|2022|11|20221026|0.0|495.25|15.0|0.0
50895352|35838773|1105985|304|03|2022|11|20221026|0.0|1476.67|10.0|0.0
50403780|35337194|1089369|302|01|2022|10|20220825|0.0|500.0|1.0|0.0
50403768|35337181|1089369|302|01|2022|10|20220825|0.0|1000.0|4.0|0.0
50403769|35337179|1089369|302|01|2022|10|20220825|0.0|400.0|2.0|0.0
50403770|35337199|1089369|302|01|2022|10|20220825|0.0|8.0|20.0|0.0
50403771|35337180|1089369|302|01|2022|10|20220825|0.0|100.0|4.0|0.0
50403772|35337190|1089369|302|01|2022|10|20220825|0.0|600.0|12.0|0.0
50403773|35337191|1089369|302|01|2022|10|20220825|0.0|600.0|12.0|0.0
50403774|35337195|1089369|302|01|2022|10|20220825|0.0|500.0|1.0|0.0
50403775|35337193|1089369|302|01|2022|10|20220825|0.0|500.0|1.0|0.0
50403776|35337192|1089369|302|01|2022|10|20220825|0.0|500.0|1.0|0.0
50403777|35337182|1089369|302|01|2022|10|20220825|0.0|120.0|5.0|0.0
50403778|35337186|1089369|302|01|2022|10|20220825|0.0|4.0|300.0|0.0
50403779|35337196|1089369|302|01|2022|10|20220825|0.0|500.0|1.0|0.0
50403781|35337184|1089369|302|01|2022|10|20220825|0.0|0.29|10000.0|0.0
50403782|35337187|1089369|302|01|2022|10|20220825|0.0|150.0|1.0|0.0
50403783|35337197|1089369|302|01|2022|10|20220825|0.0|1460.0|1.0|0.0
50403784|35337185|1089369|302|01|2022|10|20220825|0.0|70.0|5.0|0.0
50403785|35337189|1089369|302|01|2022|10|20220825|0.0|91.67|13.0|0.0
50403786|35337183|1089369|302|01|2022|10|20220825|0.0|200.0|1.0|0.0
50403787|35337198|1089369|302|01|2022|10|20220825|0.0|1.05|10000.0|0.0
50403788|35337188|1089369|302|01|2022|10|20220825|0.0|0.42|6000.0|0.0
48840919|33743191|1040111|302|01|2022|7|20220609|0.0|23.0|200.0|0.0
50619510|35557327|1096369|304|03|2022|2|20220209|0.0|4.37|60000.0|0.0
50619621|35557441|1096390|304|03|2022|9|20220824|0.0|144.33|1800.0|0.0
50619622|35557442|1096390|304|03|2022|9|20220824|0.0|144.33|1800.0|0.0
50619623|35557443|1096390|304|03|2022|9|20220824|0.0|141.67|1800.0|0.0
50619508|35557328|1096370|304|03|2022|2|20220131|0.0|21.18|1300.0|0.0
50619509|35557326|1096369|304|03|2022|2|20220209|0.0|4.44|60000.0|0.0
50619511|35557346|1096373|304|03|2022|4|20220310|0.0|2804.0|12.0|0.0
50619512|35557340|1096373|304|03|2022|4|20220310|0.0|7268.1|12.0|0.0
50619513|35557341|1096373|304|03|2022|4|20220310|0.0|3428.67|12.0|0.0
50619514|35557345|1096373|304|03|2022|4|20220310|0.0|3991.25|12.0|0.0
50619515|35557347|1096373|304|03|2022|4|20220310|0.0|2214.87|12.0|0.0
50619516|35557344|1096373|304|03|2022|4|20220310|0.0|6.95|15000.0|0.0
50619517|35557343|1096373|304|03|2022|4|20220310|0.0|6.95|20000.0|0.0
50619518|35557342|1096373|304|03|2022|4|20220310|0.0|6.95|15000.0|0.0
50619519|35557349|1096374|304|03|2022|4|20220405|0.0|14.08|2000.0|0.0
50619520|35557350|1096374|304|03|2022|4|20220405|0.0|13.87|2000.0|0.0
50619521|35557348|1096374|304|03|2022|4|20220405|0.0|13.28|2000.0|0.0
50619522|35557353|1096374|304|03|2022|4|20220405|0.0|15.52|500.0|0.0
50619523|35557351|1096374|304|03|2022|4|20220405|0.0|11.7|2000.0|0.0
50619524|35557352|1096374|304|03|2022|4|20220405|0.0|15.72|6000.0|0.0
50619525|35557338|1096372|304|03|2022|4|20220323|0.0|18.31|50.0|0.0
50619526|35557339|1096372|304|03|2022|4|20220323|0.0|16.26|400.0|0.0
50619527|35557330|1096371|304|03|2022|4|20220223|0.0|34.08|250.0|0.0
50619528|35557331|1096371|304|03|2022|4|20220223|0.0|120.8|140.0|0.0
50619529|35557333|1096371|304|03|2022|4|20220223|0.0|141.13|80.0|0.0
50619530|35557332|1096371|304|03|2022|4|20220223|0.0|131.15|60.0|0.0
50619531|35557337|1096371|304|03|2022|4|20220223|0.0|134.98|56.0|0.0
50619532|35557336|1096371|304|03|2022|4|20220223|0.0|114.98|240.0|0.0
50619533|35557334|1096371|304|03|2022|4|20220223|0.0|137.97|40.0|0.0
50619534|35557335|1096371|304|03|2022|4|20220223|0.0|117.63|135.0|0.0
50619535|35557356|1096376|304|03|2022|5|20220511|0.0|1383.33|1.0|0.0
50619536|35557357|1096376|304|03|2022|5|20220511|0.0|7616.33|12.0|0.0
50619537|35557361|1096377|304|03|2022|5|20220412|0.0|13.73|1700.0|0.0
50619538|35557359|1096377|304|03|2022|5|20220412|0.0|2780.0|12.0|0.0
50619539|35557358|1096377|304|03|2022|5|20220412|0.0|3633.33|1.0|0.0
50619540|35557360|1096377|304|03|2022|5|20220412|0.0|2496.67|12.0|0.0
50619541|35557362|1096378|304|03|2022|5|20220413|0.0|117.13|700.0|0.0
50619542|35557355|1096375|304|03|2022|5|20220427|0.0|169.07|20.0|0.0
50619543|35557354|1096375|304|03|2022|5|20220427|0.0|268.23|40.0|0.0
50619544|35557365|1096380|304|03|2022|6|20220614|0.0|41.05|10000.0|0.0
50619545|35557366|1096381|304|03|2022|6|20220525|0.0|508.15|200.0|0.0
50619546|35557363|1096379|304|03|2022|6|20220517|0.0|51.4|120.0|0.0
50619547|35557369|1096384|304|03|2022|7|20220608|0.0|30680.0|1.0|0.0
50619548|35557367|1096382|304|03|2022|7|20220629|0.0|9.5|45000.0|0.0
50619549|35557368|1096383|304|03|2022|7|20220628|0.0|103.7666|2000.0|0.0
50619550|35557412|1096387|304|03|2022|8|20220720|0.0|2937.75|12.0|0.0
50619551|35557426|1096388|304|03|2022|8|20220810|0.0|721.73|6.0|0.0
50619552|35557428|1096388|304|03|2022|8|20220810|0.0|431.55|4.0|0.0
50619553|35557435|1096388|304|03|2022|8|20220810|0.0|454.48|2.0|0.0
50619554|35557431|1096388|304|03|2022|8|20220810|0.0|623.31|4.0|0.0
50619555|35557421|1096388|304|03|2022|8|20220810|0.0|1020.65|4.0|0.0
50619556|35557425|1096388|304|03|2022|8|20220810|0.0|1095.04|4.0|0.0
50619557|35557413|1096388|304|03|2022|8|20220810|0.0|10161.76|4.0|0.0
50619558|35557437|1096388|304|03|2022|8|20220810|0.0|529.08|2.0|0.0
50619559|35557423|1096388|304|03|2022|8|20220810|0.0|539.24|5.0|0.0
50619560|35557429|1096388|304|03|2022|8|20220810|0.0|1018.0|4.0|0.0
50619561|35557414|1096388|304|03|2022|8|20220810|0.0|8873.73|4.0|0.0
50619562|35557419|1096388|304|03|2022|8|20220810|0.0|1674.15|4.0|0.0
50619563|35557422|1096388|304|03|2022|8|20220810|0.0|834.04|4.0|0.0
50619564|35557417|1096388|304|03|2022|8|20220810|0.0|7132.63|4.0|0.0
50619565|35557439|1096388|304|03|2022|8|20220810|0.0|364.98|2.0|0.0
50619566|35557420|1096388|304|03|2022|8|20220810|0.0|1273.08|4.0|0.0
50619567|35557436|1096388|304|03|2022|8|20220810|0.0|489.85|2.0|0.0
50619568|35557432|1096388|304|03|2022|8|20220810|0.0|404.2|4.0|0.0
50619569|35557427|1096388|304|03|2022|8|20220810|0.0|599.29|5.0|0.0
50619570|35557418|1096388|304|03|2022|8|20220810|0.0|2345.47|4.0|0.0
50619571|35557415|1096388|304|03|2022|8|20220810|0.0|4482.88|4.0|0.0
50619572|35557438|1096388|304|03|2022|8|20220810|0.0|391.0|2.0|0.0
50619573|35557430|1096388|304|03|2022|8|20220810|0.0|893.49|4.0|0.0
50619574|35557424|1096388|304|03|2022|8|20220810|0.0|441.23|4.0|0.0
50619575|35557434|1096388|304|03|2022|8|20220810|0.0|375.63|4.0|0.0
50619576|35557433|1096388|304|03|2022|8|20220810|0.0|703.17|4.0|0.0
50619577|35557416|1096388|304|03|2022|8|20220810|0.0|5497.46|4.0|0.0
50619578|35557440|1096389|304|03|2022|8|20220720|0.0|75368.07|1.0|0.0
50619579|35557411|1096386|304|03|2022|8|20220727|0.0|38.67|150.0|0.0
50619580|35557403|1096386|304|03|2022|8|20220727|0.0|36.0|260.0|0.0
50619581|35557407|1096386|304|03|2022|8|20220727|0.0|36.0|100.0|0.0
50619582|35557406|1096386|304|03|2022|8|20220727|0.0|61.33|120.0|0.0
50619583|35557405|1096386|304|03|2022|8|20220727|0.0|61.33|200.0|0.0
50619584|35557408|1096386|304|03|2022|8|20220727|0.0|56.67|100.0|0.0
50619585|35557410|1096386|304|03|2022|8|20220727|0.0|60.0|8.0|0.0
50619586|35557404|1096386|304|03|2022|8|20220727|0.0|56.67|100.0|0.0
50619587|35557409|1096386|304|03|2022|8|20220727|0.0|15.33|300.0|0.0
50619588|35557371|1096385|304|03|2022|8|20220720|0.0|9.47|20.0|0.0
50619589|35557381|1096385|304|03|2022|8|20220720|0.0|35.98|10.0|0.0
50619590|35557391|1096385|304|03|2022|8|20220720|0.0|33.89|7.0|0.0
50619591|35557385|1096385|304|03|2022|8|20220720|0.0|120.02|52.0|0.0
50619592|35557393|1096385|304|03|2022|8|20220720|0.0|33.89|2.0|0.0
50619593|35557383|1096385|304|03|2022|8|20220720|0.0|1.26|10.0|0.0
50619594|35557382|1096385|304|03|2022|8|20220720|0.0|22.7|10.0|0.0
50619595|35557387|1096385|304|03|2022|8|20220720|0.0|12.92|200.0|0.0
50619596|35557378|1096385|304|03|2022|8|20220720|0.0|16.6|20.0|0.0
50619597|35557392|1096385|304|03|2022|8|20220720|0.0|33.89|1.0|0.0
50619598|35557373|1096385|304|03|2022|8|20220720|0.0|16.56|5.0|0.0
50619599|35557390|1096385|304|03|2022|8|20220720|0.0|24.29|2.0|0.0
50619600|35557395|1096385|304|03|2022|8|20220720|0.0|33.89|2.0|0.0
50619601|35557377|1096385|304|03|2022|8|20220720|0.0|52.96|26.0|0.0
50619602|35557374|1096385|304|03|2022|8|20220720|0.0|25.35|80.0|0.0
50619603|35557388|1096385|304|03|2022|8|20220720|0.0|156.33|4.0|0.0
50619604|35557396|1096385|304|03|2022|8|20220720|0.0|28.12|13.0|0.0
50619605|35557376|1096385|304|03|2022|8|20220720|0.0|84.0|40.0|0.0
50619606|35557375|1096385|304|03|2022|8|20220720|0.0|33.66|25.0|0.0
50619607|35557386|1096385|304|03|2022|8|20220720|0.0|168.48|12.0|0.0
50619608|35557380|1096385|304|03|2022|8|20220720|0.0|159.56|20.0|0.0
50619609|35557399|1096385|304|03|2022|8|20220720|0.0|147.85|50.0|0.0
50619610|35557402|1096385|304|03|2022|8|20220720|0.0|2.1|500.0|0.0
50619611|35557397|1096385|304|03|2022|8|20220720|0.0|64.54|1.0|0.0
50619612|35557389|1096385|304|03|2022|8|20220720|0.0|14.24|3.0|0.0
50619613|35557379|1096385|304|03|2022|8|20220720|0.0|43.47|30.0|0.0
50619614|35557394|1096385|304|03|2022|8|20220720|0.0|33.89|1.0|0.0
50619615|35557401|1096385|304|03|2022|8|20220720|0.0|50.3|14.0|0.0
50619616|35557384|1096385|304|03|2022|8|20220720|0.0|1651.01|2.0|0.0
50619617|35557372|1096385|304|03|2022|8|20220720|0.0|95.52|5.0|0.0
50619618|35557370|1096385|304|03|2022|8|20220720|0.0|203.0|13.0|0.0
50619619|35557400|1096385|304|03|2022|8|20220720|0.0|79.0|5.0|0.0
50619620|35557398|1096385|304|03|2022|8|20220720|0.0|24.29|1.0|0.0
50619624|35557451|1096391|304|03|2022|10|20220908|0.0|395.0|14.0|0.0
50619625|35557449|1096391|304|03|2022|10|20220908|0.0|2187.5|14.0|0.0
50619626|35557460|1096391|304|03|2022|10|20220908|0.0|4.3|1000.0|0.0
50619627|35557450|1096391|304|03|2022|10|20220908|0.0|455.0|14.0|0.0
50619628|35557455|1096391|304|03|2022|10|20220908|0.0|11456.5|2.0|0.0
50619629|35557446|1096391|304|03|2022|10|20220908|0.0|1875.0|14.0|0.0
50619630|35557453|1096391|304|03|2022|10|20220908|0.0|13626.0|2.0|0.0
50619631|35557461|1096391|304|03|2022|10|20220908|0.0|193.18|80.0|0.0
50619632|35557452|1096391|304|03|2022|10|20220908|0.0|23682.5|4.0|0.0
50619633|35557445|1096391|304|03|2022|10|20220908|0.0|2333.33|8.0|0.0
50619634|35557456|1096391|304|03|2022|10|20220908|0.0|14713.0|2.0|0.0
50619635|35557447|1096391|304|03|2022|10|20220908|0.0|1257.25|14.0|0.0
50619636|35557448|1096391|304|03|2022|10|20220908|0.0|6417.67|14.0|0.0
50619637|35557444|1096391|304|03|2022|10|20220908|0.0|1745.0|14.0|0.0
50619638|35557459|1096391|304|03|2022|10|20220908|0.0|11456.5|2.0|0.0
50619639|35557454|1096391|304|03|2022|10|20220908|0.0|11636.5|2.0|0.0
50619640|35557457|1096391|304|03|2022|10|20220908|0.0|10204.0|2.0|0.0
50619641|35557458|1096391|304|03|2022|10|20220908|0.0|12512.5|2.0|0.0
50619642|35557474|1096392|304|03|2022|10|20220912|0.0|835.0|12.0|0.0
50619643|35557462|1096392|304|03|2022|10|20220912|0.0|2150.0|12.0|0.0
50619644|35557464|1096392|304|03|2022|10|20220912|0.0|63.75|100.0|0.0
50619645|35557463|1096392|304|03|2022|10|20220912|0.0|58.0|100.0|0.0
50619646|35557477|1096392|304|03|2022|10|20220912|0.0|733.33|12.0|0.0
50619647|35557473|1096392|304|03|2022|10|20220912|0.0|316.67|12.0|0.0
50619648|35557466|1096392|304|03|2022|10|20220912|0.0|540.0|12.0|0.0
50619649|35557475|1096392|304|03|2022|10|20220912|0.0|81.67|100.0|0.0
50619650|35557467|1096392|304|03|2022|10|20220912|0.0|102.5|100.0|0.0
50619654|35557468|1096392|304|03|2022|10|20220912|0.0|110.0|60.0|0.0
50619651|35557472|1096392|304|03|2022|10|20220912|0.0|775.0|12.0|0.0
50619652|35557471|1096392|304|03|2022|10|20220912|0.0|233.33|40.0|0.0
50619653|35557476|1096392|304|03|2022|10|20220912|0.0|2250.0|12.0|0.0
50619655|35557465|1096392|304|03|2022|10|20220912|0.0|50.0|100.0|0.0
50619656|35557470|1096392|304|03|2022|10|20220912|0.0|95.0|12.0|0.0
50619657|35557469|1096392|304|03|2022|10|20220912|0.0|69.0|100.0|0.0
50640304|35578610|1097280|302|01|2022|11|20220928|0.0|6.4|5.0|0.0
50640300|35578603|1097280|302|01|2022|11|20220928|0.0|1988.49|1.0|0.0
50640301|35578609|1097280|302|01|2022|11|20220928|0.0|207.52|2.0|0.0
50640302|35578600|1097280|302|01|2022|11|20220928|0.0|5749.7|4.0|0.0
50640303|35578604|1097280|302|01|2022|11|20220928|0.0|6743.0|1.0|0.0
50640305|35578612|1097280|302|01|2022|11|20220928|0.0|94.3|2.0|0.0
50640306|35578601|1097280|302|01|2022|11|20220928|0.0|189.0|1.0|0.0
50640307|35578602|1097280|302|01|2022|11|20220928|0.0|79.9|1.0|0.0
50640308|35578611|1097280|302|01|2022|11|20220928|0.0|99.0|2.0|0.0
50640309|35578605|1097280|302|01|2022|11|20220928|0.0|3786.0|1.0|0.0
50640310|35578607|1097280|302|01|2022|11|20220928|0.0|7993.89|1.0|0.0
50640311|35578606|1097280|302|01|2022|11|20220928|0.0|12831.9|1.0|0.0
50640312|35578608|1097280|302|01|2022|11|20220928|0.0|6592.0|1.0|0.0
51484015|36438412|1125724|303|02|2022|5|20220202|0.0|8.49|6550.0|0.0
51484012|36438411|1125724|303|02|2022|5|20220202|0.0|3.4766|2080.0|0.0
51484013|36438415|1125724|303|02|2022|5|20220202|0.0|7.0466|12230.0|0.0
51484014|36438414|1125724|303|02|2022|5|20220202|0.0|35.4966|5020.0|0.0
51484016|36438413|1125724|303|02|2022|5|20220202|0.0|7.95|5250.0|0.0
51484017|36438408|1125721|303|02|2022|5|20220125|0.0|1.0|8100.0|0.0
51484018|36438407|1125721|303|02|2022|5|20220125|0.0|1.0|8100.0|0.0
51484019|36438406|1125720|303|02|2022|5|20211020|0.0|1.0|127483.14|0.0
51484020|36438416|1125725|303|02|2022|5|20220328|0.0|570.086|10.0|0.0
51484021|36438417|1125725|303|02|2022|5|20220328|0.0|1851.906|10.0|0.0
51484022|36438410|1125723|303|02|2022|5|20220318|0.0|1.0|2290000.0|0.0
51484023|36438409|1125722|303|02|2022|5|20220425|0.01|635991.69|1.0|0.0
51525626|36481901|1126977|303|02|2022|8|20220621|0.0|3653.67|12.0|0.0
51525622|36481903|1126977|303|02|2022|8|20220621|0.0|12399.67|12.0|0.0
51525623|36481904|1126977|303|02|2022|8|20220621|0.0|679.67|12.0|0.0
51525624|36481900|1126977|303|02|2022|8|20220621|0.0|6068.67|12.0|0.0
51525625|36481902|1126977|303|02|2022|8|20220621|0.0|12898.67|12.0|0.0
51525627|36481898|1126975|303|02|2022|8|20220530|0.0|1.0|168469.08|0.0
51525628|36481899|1126976|303|02|2022|8|20220601|0.0|63916.67|1.0|0.0
51525629|36481920|1126979|303|02|2022|8|20220802|0.0|8.03|12000.0|0.0
51525630|36481922|1126979|303|02|2022|8|20220802|0.0|163.72|1000.0|0.0
51525631|36481975|1126981|303|02|2022|8|20220705|0.0|253.44|10.0|0.0
51525632|36481980|1126981|303|02|2022|8|20220705|0.0|10.65|100.0|0.0
51525633|36481990|1126981|303|02|2022|8|20220705|0.0|6.22|200.0|0.0
51525634|36481928|1126981|303|02|2022|8|20220705|0.0|13.23|342.0|0.0
51525635|36481979|1126981|303|02|2022|8|20220705|0.0|31.65|110.0|0.0
51525636|36481984|1126981|303|02|2022|8|20220705|0.0|320.0|100.0|0.0
51525637|36481998|1126981|303|02|2022|8|20220705|0.0|12.9|50.0|0.0
51525638|36481936|1126981|303|02|2022|8|20220705|0.0|29.57|50.0|0.0
51525639|36481973|1126981|303|02|2022|8|20220705|0.0|23.21|100.0|0.0
51525640|36481995|1126981|303|02|2022|8|20220705|0.0|94.05|10.0|0.0
51525641|36481992|1126981|303|02|2022|8|20220705|0.0|39.0|200.0|0.0
51525642|36481948|1126981|303|02|2022|8|20220705|0.0|70.51|240.0|0.0
51525643|36481935|1126981|303|02|2022|8|20220705|0.0|17.0|350.0|0.0
51525644|36481978|1126981|303|02|2022|8|20220705|0.0|22.5|100.0|0.0
51525645|36481934|1126981|303|02|2022|8|20220705|0.0|69.67|130.0|0.0
51525646|36481986|1126981|303|02|2022|8|20220705|0.0|10.03|440.0|0.0
51525647|36481957|1126981|303|02|2022|8|20220705|0.0|24.2|100.0|0.0
51525648|36481965|1126981|303|02|2022|8|20220705|0.0|31.96|200.0|0.0
51525649|36481941|1126981|303|02|2022|8|20220705|0.0|315.34|10.0|0.0
51525650|36481929|1126981|303|02|2022|8|20220705|0.0|11.59|100.0|0.0
51525651|36481950|1126981|303|02|2022|8|20220705|0.0|31.14|180.0|0.0
51525652|36481970|1126981|303|02|2022|8|20220705|0.0|18.75|50.0|0.0
51525653|36481960|1126981|303|02|2022|8|20220705|0.0|471.0|50.0|0.0
51525654|36481988|1126981|303|02|2022|8|20220705|0.0|346.0|200.0|0.0
51525655|36481932|1126981|303|02|2022|8|20220705|0.0|152.1|300.0|0.0
51525656|36481953|1126981|303|02|2022|8|20220705|0.0|51.71|170.0|0.0
51525657|36481942|1126981|303|02|2022|8|20220705|0.0|40.0|150.0|0.0
51525658|36481971|1126981|303|02|2022|8|20220705|0.0|132.0|20.0|0.0
51525659|36481951|1126981|303|02|2022|8|20220705|0.0|44.21|50.0|0.0
51525660|36481961|1126981|303|02|2022|8|20220705|0.0|187.15|72.0|0.0
51525661|36482003|1126981|303|02|2022|8|20220705|0.0|66.24|160.0|0.0
51525662|36481993|1126981|303|02|2022|8|20220705|0.0|81.95|100.0|0.0
51525663|36481989|1126981|303|02|2022|8|20220705|0.0|107.6|200.0|0.0
51525667|36481962|1126981|303|02|2022|8|20220705|0.0|6.16|100.0|0.0
51525664|36481954|1126981|303|02|2022|8|20220705|0.0|13.65|160.0|0.0
51525665|36481963|1126981|303|02|2022|8|20220705|0.0|15.67|100.0|0.0
51525666|36481968|1126981|303|02|2022|8|20220705|0.0|27.57|50.0|0.0
51525668|36481931|1126981|303|02|2022|8|20220705|0.0|50.45|115.0|0.0
51525669|36481947|1126981|303|02|2022|8|20220705|0.0|53.37|345.0|0.0
51525670|36481938|1126981|303|02|2022|8|20220705|0.0|122.65|50.0|0.0
51525671|36481987|1126981|303|02|2022|8|20220705|0.0|97.5|200.0|0.0
51525672|36481964|1126981|303|02|2022|8|20220705|0.0|2.27|192.0|0.0
51525673|36481967|1126981|303|02|2022|8|20220705|0.0|75.6|202.0|0.0
51525674|36481943|1126981|303|02|2022|8|20220705|0.0|33.45|520.0|0.0
51525675|36481972|1126981|303|02|2022|8|20220705|0.0|91.5|20.0|0.0
51525676|36481940|1126981|303|02|2022|8|20220705|0.0|18.91|150.0|0.0
51525677|36481982|1126981|303|02|2022|8|20220705|0.0|150.6|10.0|0.0
51525678|36481983|1126981|303|02|2022|8|20220705|0.0|250.0|10.0|0.0
51525679|36481959|1126981|303|02|2022|8|20220705|0.0|70.14|330.0|0.0
51525680|36481945|1126981|303|02|2022|8|20220705|0.0|32.5|520.0|0.0
51525681|36481933|1126981|303|02|2022|8|20220705|0.0|144.0|110.0|0.0
51525682|36481994|1126981|303|02|2022|8|20220705|0.0|50.0|400.0|0.0
51525683|36481956|1126981|303|02|2022|8|20220705|0.0|17.24|265.0|0.0
51525684|36481944|1126981|303|02|2022|8|20220705|0.0|11.6|700.0|0.0
51525685|36481997|1126981|303|02|2022|8|20220705|0.0|11.43|100.0|0.0
51525686|36481969|1126981|303|02|2022|8|20220705|0.0|81.35|124.0|0.0
51525687|36482000|1126981|303|02|2022|8|20220705|0.0|26.93|50.0|0.0
51525688|36481996|1126981|303|02|2022|8|20220705|0.0|41.95|15.0|0.0
51525689|36481939|1126981|303|02|2022|8|20220705|0.0|9.35|50.0|0.0
51525690|36481966|1126981|303|02|2022|8|20220705|0.0|64.25|100.0|0.0
51525691|36481946|1126981|303|02|2022|8|20220705|0.0|549.95|30.0|0.0
51525692|36481930|1126981|303|02|2022|8|20220705|0.0|45.6|100.0|0.0
51525693|36481955|1126981|303|02|2022|8|20220705|0.0|18.12|60.0|0.0
51525694|36481981|1126981|303|02|2022|8|20220705|0.0|119.05|30.0|0.0
51525695|36481985|1126981|303|02|2022|8|20220705|0.0|9.55|1975.0|0.0
51525696|36481914|1126978|303|02|2022|8|20220729|0.0|2162.24|2.0|0.0
51525697|36481912|1126978|303|02|2022|8|20220729|0.0|3047.33|5.0|0.0
51525698|36481909|1126978|303|02|2022|8|20220729|0.0|5274.9|5.0|0.0
51525699|36481917|1126978|303|02|2022|8|20220729|0.0|887.22|4.0|0.0
51525700|36481911|1126978|303|02|2022|8|20220729|0.0|2643.0|2.0|0.0
51525701|36481907|1126978|303|02|2022|8|20220729|0.0|1342.66|3.0|0.0
51525702|36481918|1126978|303|02|2022|8|20220729|0.0|1448.57|10.0|0.0
51525703|36481908|1126978|303|02|2022|8|20220729|0.0|3336.66|4.0|0.0
51525704|36481906|1126978|303|02|2022|8|20220729|0.0|828.0|5.0|0.0
51525705|36481910|1126978|303|02|2022|8|20220729|0.0|1389.35|2.0|0.0
51525706|36481916|1126978|303|02|2022|8|20220729|0.0|666.67|18.0|0.0
51525707|36481913|1126978|303|02|2022|8|20220729|0.0|1110.7|4.0|0.0
51525708|36481915|1126978|303|02|2022|8|20220729|0.0|749.56|9.0|0.0
51525709|36481905|1126978|303|02|2022|8|20220729|0.0|5483.33|1.0|0.0
51525710|36481926|1126980|303|02|2022|8|20220727|0.0|188.15|14.0|0.0
51525711|36481923|1126980|303|02|2022|8|20220727|0.0|4445.0|1.0|0.0
51525712|36481927|1126980|303|02|2022|8|20220727|0.0|18563.3|1.0|0.0
51525713|36481925|1126980|303|02|2022|8|20220727|0.0|463.5|4.0|0.0
51525714|36481924|1126980|303|02|2022|8|20220727|0.0|1417.0|1.0|0.0
51483916|36438339|1125716|303|02|2022|4|20220304|0.0|181635.22|12.0|0.0
51483913|36438340|1125716|303|02|2022|4|20220304|0.0|170.6334|1100.0|0.0
51483914|36438341|1125716|303|02|2022|4|20220304|0.0|198.0|500.0|0.0
51483915|36438338|1125716|303|02|2022|4|20220304|0.0|1.0|168823.4|0.0
51483917|36438347|1125717|303|02|2022|4|20220309|0.0|56.0|25.0|0.0
51483918|36438346|1125717|303|02|2022|4|20220309|0.0|61.3333|25.0|0.0
51483919|36438356|1125717|303|02|2022|4|20220309|0.0|61.0|400.0|0.0
51483920|36438353|1125717|303|02|2022|4|20220309|0.0|80.0|36.0|0.0
51483921|36438357|1125717|303|02|2022|4|20220309|0.0|44.3333|20.0|0.0
51483922|36438355|1125717|303|02|2022|4|20220309|0.0|44.3333|270.0|0.0
51483923|36438348|1125717|303|02|2022|4|20220309|0.0|81.9666|53.0|0.0
51483924|36438350|1125717|303|02|2022|4|20220309|0.0|72.0|36.0|0.0
51483925|36438345|1125717|303|02|2022|4|20220309|0.0|61.3333|55.0|0.0
51484024|36438451|1125727|303|02|2022|6|20220321|0.0|1.5233|1260.0|0.0
51484029|36438466|1125727|303|02|2022|6|20220321|0.0|1.2141|840.0|0.0
51484025|36438475|1125727|303|02|2022|6|20220321|0.0|62.5666|14.0|0.0
51484026|36438453|1125727|303|02|2022|6|20220321|0.0|0.6611|1260.0|0.0
51484027|36438452|1125727|303|02|2022|6|20220321|0.0|2.6808|720.0|0.0
51484028|36438447|1125727|303|02|2022|6|20220321|0.0|2.2816|1260.0|0.0
51484030|36438454|1125727|303|02|2022|6|20220321|0.0|36.8|14.0|0.0
51484031|36438457|1125727|303|02|2022|6|20220321|0.0|0.8508|1260.0|0.0
51484032|36438443|1125727|303|02|2022|6|20220321|0.0|43.05|14.0|0.0
51484033|36438442|1125727|303|02|2022|6|20220321|0.0|48.85|14.0|0.0
51484034|36438449|1125727|303|02|2022|6|20220321|0.0|69.8|12.0|0.0
51484035|36438446|1125727|303|02|2022|6|20220321|0.0|7.0|140.0|0.0
51484036|36438458|1125727|303|02|2022|6|20220321|0.0|2.6239|1680.0|0.0
51484037|36438460|1125727|303|02|2022|6|20220321|0.0|2.4324|900.0|0.0
51484038|36438473|1125727|303|02|2022|6|20220321|0.0|38.6|14.0|0.0
51484039|36438462|1125727|303|02|2022|6|20220321|0.0|83.95|12.0|0.0
51484040|36438476|1125727|303|02|2022|6|20220321|0.0|38.05|14.0|0.0
51484041|36438464|1125727|303|02|2022|6|20220321|0.0|1.815|900.0|0.0
51484042|36438448|1125727|303|02|2022|6|20220321|0.0|3.3725|560.0|0.0
51484043|36438461|1125727|303|02|2022|6|20220321|0.0|0.795|600.0|0.0
51484044|36438465|1125727|303|02|2022|6|20220321|0.0|1.31|360.0|0.0
51484045|36438450|1125727|303|02|2022|6|20220321|0.0|2.655|1260.0|0.0
51484046|36438456|1125727|303|02|2022|6|20220321|0.0|47.75|14.0|0.0
51484047|36438470|1125727|303|02|2022|6|20220321|0.0|1.6677|1260.0|0.0
51484048|36438431|1125726|303|02|2022|6|20220527|0.0|79.445|36.0|0.0
51484049|36438437|1125726|303|02|2022|6|20220527|0.0|265.115|12.0|0.0
51484050|36438435|1125726|303|02|2022|6|20220527|0.0|95.075|12.0|0.0
51484051|36438433|1125726|303|02|2022|6|20220527|0.0|94.89|12.0|0.0
51484052|36438419|1125726|303|02|2022|6|20220527|0.0|69.355|12.0|0.0
51484053|36438420|1125726|303|02|2022|6|20220527|0.0|187.36|12.0|0.0
51484054|36438421|1125726|303|02|2022|6|20220527|0.0|107.65|4.0|0.0
51484055|36438422|1125726|303|02|2022|6|20220527|0.0|462.6|222.0|0.0
51484056|36438425|1125726|303|02|2022|6|20220527|0.0|198.8633|24.0|0.0
51484057|36438432|1125726|303|02|2022|6|20220527|0.0|79.445|36.0|0.0
51484058|36438423|1125726|303|02|2022|6|20220527|0.0|275.2|72.0|0.0
51484059|36438438|1125726|303|02|2022|6|20220527|0.0|265.115|12.0|0.0
51484060|36438436|1125726|303|02|2022|6|20220527|0.0|199.615|12.0|0.0
51484061|36438418|1125726|303|02|2022|6|20220527|0.0|127.46|24.0|0.0
51484062|36438429|1125726|303|02|2022|6|20220527|0.0|280.95|72.0|0.0
51484063|36438428|1125726|303|02|2022|6|20220527|0.0|206.4333|24.0|0.0
51484064|36438427|1125726|303|02|2022|6|20220527|0.0|248.45|24.0|0.0
51484065|36438441|1125726|303|02|2022|6|20220527|0.0|79.445|36.0|0.0
51484066|36438426|1125726|303|02|2022|6|20220527|0.0|619.505|6.0|0.0
51484067|36438430|1125726|303|02|2022|6|20220527|0.0|79.445|36.0|0.0
51484068|36438439|1125726|303|02|2022|6|20220527|0.0|265.115|12.0|0.0
51484069|36438440|1125726|303|02|2022|6|20220527|0.0|387.095|48.0|0.0
51484070|36438434|1125726|303|02|2022|6|20220527|0.0|88.335|100.0|0.0
51484071|36438424|1125726|303|02|2022|6|20220527|0.0|339.06|24.0|0.0
51483926|36438351|1125717|303|02|2022|4|20220309|0.0|80.0|36.0|0.0
51483927|36438342|1125717|303|02|2022|4|20220309|0.0|35.3333|115.0|0.0
51483928|36438349|1125717|303|02|2022|4|20220309|0.0|81.9666|4.0|0.0
51483929|36438344|1125717|303|02|2022|4|20220309|0.0|56.0|55.0|0.0
51483930|36438354|1125717|303|02|2022|4|20220309|0.0|42.6666|270.0|0.0
51483931|36438352|1125717|303|02|2022|4|20220309|0.0|72.0|36.0|0.0
51483932|36438343|1125717|303|02|2022|4|20220309|0.0|29.3333|50.0|0.0
51483933|36438403|1125719|303|02|2022|4|20220203|0.0|5.19|12800.0|0.0
51483934|36438405|1125719|303|02|2022|4|20220203|0.0|12.53|6000.0|0.0
51483935|36438401|1125719|303|02|2022|4|20220203|0.0|1.64|1660.0|0.0
51483936|36438402|1125719|303|02|2022|4|20220203|0.0|8.86|1580.0|0.0
51483937|36438404|1125719|303|02|2022|4|20220203|0.0|10.765|8575.0|0.0
51483938|36438379|1125718|303|02|2022|4|20220218|0.0|134.5|4.0|0.0
51483939|36438372|1125718|303|02|2022|4|20220218|0.0|150.0|4.0|0.0
51483940|36438363|1125718|303|02|2022|4|20220218|0.0|435.0|15.0|0.0
51483941|36438358|1125718|303|02|2022|4|20220218|0.0|3632.175|4.0|0.0
51483942|36438376|1125718|303|02|2022|4|20220218|0.0|370.0|8.0|0.0
51483943|36438368|1125718|303|02|2022|4|20220218|0.0|4854.6666|2.0|0.0
51483944|36438386|1125718|303|02|2022|4|20220218|0.0|402.5|2.0|0.0
51483945|36438396|1125718|303|02|2022|4|20220218|0.0|1195.0|4.0|0.0
51483946|36438360|1125718|303|02|2022|4|20220218|0.0|6299.3333|1.0|0.0
51483947|36438391|1125718|303|02|2022|4|20220218|0.0|390.0|2.0|0.0
51483948|36438383|1125718|303|02|2022|4|20220218|0.0|960.0|1.0|0.0
51483949|36438399|1125718|303|02|2022|4|20220218|0.0|3245.8|1.0|0.0
51483950|36438365|1125718|303|02|2022|4|20220218|0.0|950.0|1.0|0.0
51483951|36438395|1125718|303|02|2022|4|20220218|0.0|6363.5|1.0|0.0
51483952|36438366|1125718|303|02|2022|4|20220218|0.0|440.0|12.0|0.0
51483953|36438384|1125718|303|02|2022|4|20220218|0.0|85.0|16.0|0.0
51483954|36438385|1125718|303|02|2022|4|20220218|0.0|995.0|10.0|0.0
51483955|36438382|1125718|303|02|2022|4|20220218|0.0|2840.0|2.0|0.0
51483956|36438392|1125718|303|02|2022|4|20220218|0.0|2672.5|2.0|0.0
51483957|36438398|1125718|303|02|2022|4|20220218|0.0|290.0|5.0|0.0
51483958|36438390|1125718|303|02|2022|4|20220218|0.0|1520.0|3.0|0.0
51483959|36438377|1125718|303|02|2022|4|20220218|0.0|1275.0|2.0|0.0
51483960|36438388|1125718|303|02|2022|4|20220218|0.0|880.0|2.0|0.0
51483961|36438397|1125718|303|02|2022|4|20220218|0.0|445.0|2.0|0.0
51483962|36438374|1125718|303|02|2022|4|20220218|0.0|430.0|4.0|0.0
51483963|36438367|1125718|303|02|2022|4|20220218|0.0|960.0|3.0|0.0
51483964|36438393|1125718|303|02|2022|4|20220218|0.0|6830.0|1.0|0.0
51483965|36438381|1125718|303|02|2022|4|20220218|0.0|795.0|1.0|0.0
51483966|36438364|1125718|303|02|2022|4|20220218|0.0|285.0|6.0|0.0
51483967|36438373|1125718|303|02|2022|4|20220218|0.0|380.0|8.0|0.0
51483968|36438380|1125718|303|02|2022|4|20220218|0.0|5896.6666|3.0|0.0
51483969|36438361|1125718|303|02|2022|4|20220218|0.0|189.5|1.0|0.0
51483970|36438400|1125718|303|02|2022|4|20220218|0.0|707.5|9.0|0.0
51483971|36438387|1125718|303|02|2022|4|20220218|0.0|867.5|1.0|0.0
51483972|36438362|1125718|303|02|2022|4|20220218|0.0|405.0|11.0|0.0
51483973|36438371|1125718|303|02|2022|4|20220218|0.0|12677.0|1.0|0.0
51483974|36438375|1125718|303|02|2022|4|20220218|0.0|79.5|16.0|0.0
51483975|36438359|1125718|303|02|2022|4|20220218|0.0|425.3333|8.0|0.0
51483976|36438370|1125718|303|02|2022|4|20220218|0.0|7964.75|2.0|0.0
51483977|36438369|1125718|303|02|2022|4|20220218|0.0|6972.0|1.0|0.0
51483978|36438378|1125718|303|02|2022|4|20220218|0.0|610.0|4.0|0.0
51483979|36438394|1125718|303|02|2022|4|20220218|0.0|439.5|3.0|0.0
51483980|36438389|1125718|303|02|2022|4|20220218|0.0|623.0|2.0|0.0
51483981|36438336|1125714|303|02|2022|4|20220218|0.0|1.0|283300.3|0.0
51483982|36438337|1125715|303|02|2022|4|20220318|0.0|1.0|70020.0|0.0
51483983|36438319|1125713|303|02|2022|4|20180207|0.0|1.0|280.0|0.0
51483984|36438330|1125713|303|02|2022|4|20180207|0.0|1.0|850.0|0.0
51483985|36438334|1125713|303|02|2022|4|20180207|0.0|1.0|280.0|0.0
51483986|36438320|1125713|303|02|2022|4|20180207|0.0|1.0|280.0|0.0
51483987|36438309|1125713|303|02|2022|4|20180207|0.0|1.0|900.0|0.0
51483988|36438335|1125713|303|02|2022|4|20180207|0.0|1.0|280.0|0.0
51483989|36438328|1125713|303|02|2022|4|20180207|0.0|1.0|280.0|0.0
51483990|36438311|1125713|303|02|2022|4|20180207|0.0|1.0|700.0|0.0
51483991|36438326|1125713|303|02|2022|4|20180207|0.0|1.0|684.0|0.0
51483992|36438310|1125713|303|02|2022|4|20180207|0.0|1.0|280.0|0.0
51483993|36438333|1125713|303|02|2022|4|20180207|0.0|1.0|210.0|0.0
51483994|36438317|1125713|303|02|2022|4|20180207|0.0|1.0|900.0|0.0
51483995|36438332|1125713|303|02|2022|4|20180207|0.0|1.0|220.0|0.0
51483996|36438324|1125713|303|02|2022|4|20180207|0.0|1.0|900.0|0.0
51483997|36438313|1125713|303|02|2022|4|20180207|0.0|1.0|700.0|0.0
51483998|36438323|1125713|303|02|2022|4|20180207|0.0|1.0|1300.0|0.0
51483999|36438325|1125713|303|02|2022|4|20180207|0.0|1.0|990.0|0.0
51484000|36438307|1125713|303|02|2022|4|20180207|0.0|1.0|280.0|0.0
51484001|36438321|1125713|303|02|2022|4|20180207|0.0|1.0|750.0|0.0
51484002|36438329|1125713|303|02|2022|4|20180207|0.0|1.0|280.0|0.0
51484003|36438318|1125713|303|02|2022|4|20180207|0.0|1.0|900.0|0.0
51484004|36438308|1125713|303|02|2022|4|20180207|0.0|1.0|280.0|0.0
51484005|36438314|1125713|303|02|2022|4|20180207|0.0|1.0|280.0|0.0
51484006|36438327|1125713|303|02|2022|4|20180207|0.0|1.0|900.0|0.0
51484007|36438331|1125713|303|02|2022|4|20180207|0.0|1.0|480.0|0.0
51484008|36438315|1125713|303|02|2022|4|20180207|0.0|1.0|900.0|0.0
51484009|36438316|1125713|303|02|2022|4|20180207|0.0|1.0|1500.0|0.0
51484010|36438312|1125713|303|02|2022|4|20180207|0.0|1.0|700.0|0.0
51484011|36438322|1125713|303|02|2022|4|20180207|0.0|1.0|750.0|0.0
51484072|36438505|1125731|303|02|2022|7|20220525|0.0|0.0|85.0|0.0
51484073|36438513|1125731|303|02|2022|7|20220525|0.0|0.0|400.0|0.0
51484074|36438894|1125731|303|02|2022|7|20220525|0.0|0.0|200.0|0.0
51484075|36438556|1125731|303|02|2022|7|20220525|0.0|0.0|150.0|0.0
51484076|36438626|1125731|303|02|2022|7|20220525|0.0|0.0|50.0|0.0
51484077|36438485|1125731|303|02|2022|7|20220525|0.0|0.0|150.0|0.0
51484078|36438657|1125731|303|02|2022|7|20220525|0.0|0.0|20.0|0.0
51484079|36438859|1125731|303|02|2022|7|20220525|0.0|0.0|85.0|0.0
51484080|36438572|1125731|303|02|2022|7|20220525|0.0|0.0|200.0|0.0
51484081|36438690|1125731|303|02|2022|7|20220525|0.0|0.0|50.0|0.0
51484082|36438493|1125731|303|02|2022|7|20220525|0.0|0.0|85.0|0.0
51484083|36438529|1125731|303|02|2022|7|20220525|0.0|0.0|105.0|0.0
51484084|36438519|1125731|303|02|2022|7|20220525|0.0|0.0|50.0|0.0
51484085|36438642|1125731|303|02|2022|7|20220525|0.0|0.0|25.0|0.0
51484086|36438818|1125731|303|02|2022|7|20220525|0.0|0.0|80.0|0.0
51484087|36438895|1125731|303|02|2022|7|20220525|0.0|0.0|300.0|0.0
51484088|36438629|1125731|303|02|2022|7|20220525|0.0|0.0|50.0|0.0
51484089|36438662|1125731|303|02|2022|7|20220525|0.0|0.0|5.0|0.0
51484090|36438575|1125731|303|02|2022|7|20220525|0.0|0.0|20.0|0.0
51484091|36438714|1125731|303|02|2022|7|20220525|0.0|0.0|35.0|0.0
51484092|36438624|1125731|303|02|2022|7|20220525|0.0|0.0|100.0|0.0
51484093|36438503|1125731|303|02|2022|7|20220525|0.0|0.0|40.0|0.0
51484094|36438532|1125731|303|02|2022|7|20220525|0.0|0.0|155.0|0.0
51484095|36438481|1125731|303|02|2022|7|20220525|0.0|0.0|510.0|0.0
51484096|36438551|1125731|303|02|2022|7|20220525|0.0|0.0|30.0|0.0
51484100|36438526|1125731|303|02|2022|7|20220525|0.0|0.0|105.0|0.0
51484097|36438554|1125731|303|02|2022|7|20220525|0.0|0.0|10.0|0.0
51484098|36438819|1125731|303|02|2022|7|20220525|0.0|0.0|650.0|0.0
51484099|36438527|1125731|303|02|2022|7|20220525|0.0|0.0|145.0|0.0
51484101|36438486|1125731|303|02|2022|7|20220525|0.0|0.0|300.0|0.0
51484102|36438510|1125731|303|02|2022|7|20220525|0.0|0.0|230.0|0.0
51484103|36438506|1125731|303|02|2022|7|20220525|0.0|0.0|45.0|0.0
51484104|36438659|1125731|303|02|2022|7|20220525|0.0|0.0|50.0|0.0
51484105|36438647|1125731|303|02|2022|7|20220525|0.0|0.0|30.0|0.0
51484106|36438668|1125731|303|02|2022|7|20220525|0.0|0.0|80.0|0.0
51484107|36438893|1125731|303|02|2022|7|20220525|0.0|0.0|130.0|0.0
51484108|36438982|1125731|303|02|2022|7|20220525|0.0|0.0|60.0|0.0
51484109|36438652|1125731|303|02|2022|7|20220525|0.0|0.0|100.0|0.0
51484110|36438639|1125731|303|02|2022|7|20220525|0.0|0.0|100.0|0.0
51484111|36438492|1125731|303|02|2022|7|20220525|0.0|0.0|115.0|0.0
51484112|36438494|1125731|303|02|2022|7|20220525|0.0|0.0|60.0|0.0
51484113|36438515|1125731|303|02|2022|7|20220525|0.0|0.0|1000.0|0.0
51484114|36438660|1125731|303|02|2022|7|20220525|0.0|0.0|20.0|0.0
51484115|36438645|1125731|303|02|2022|7|20220525|0.0|0.0|20.0|0.0
51484116|36438530|1125731|303|02|2022|7|20220525|0.0|0.0|105.0|0.0
51484117|36438550|1125731|303|02|2022|7|20220525|0.0|0.0|10.0|0.0
51484118|36438553|1125731|303|02|2022|7|20220525|0.0|0.0|10.0|0.0
51484119|36438650|1125731|303|02|2022|7|20220525|0.0|0.0|20.0|0.0
51484120|36438501|1125731|303|02|2022|7|20220525|0.0|0.0|20.0|0.0
51484121|36438509|1125731|303|02|2022|7|20220525|0.0|59.4|20.0|0.0
51484122|36438588|1125731|303|02|2022|7|20220525|0.0|0.0|30.0|0.0
51484123|36438585|1125731|303|02|2022|7|20220525|0.0|0.0|20.0|0.0
51484124|36438637|1125731|303|02|2022|7|20220525|0.0|0.0|60.0|0.0
51484125|36438831|1125731|303|02|2022|7|20220525|0.0|0.0|65.0|0.0
51484126|36438580|1125731|303|02|2022|7|20220525|0.0|0.0|20.0|0.0
51484127|36438632|1125731|303|02|2022|7|20220525|0.0|0.0|50.0|0.0
51484128|36438533|1125731|303|02|2022|7|20220525|0.0|0.0|105.0|0.0
51484129|36438584|1125731|303|02|2022|7|20220525|0.0|0.0|20.0|0.0
51484130|36438507|1125731|303|02|2022|7|20220525|0.0|0.0|70.0|0.0
51484131|36438635|1125731|303|02|2022|7|20220525|0.0|0.0|400.0|0.0
51484132|36438830|1125731|303|02|2022|7|20220525|0.0|0.0|80.0|0.0
51484133|36438490|1125731|303|02|2022|7|20220525|0.0|0.0|105.0|0.0
51484134|36438817|1125731|303|02|2022|7|20220525|0.0|0.0|10.0|0.0
51484135|36438658|1125731|303|02|2022|7|20220525|0.0|0.0|50.0|0.0
51484136|36438517|1125731|303|02|2022|7|20220525|0.0|0.0|20.0|0.0
51484137|36438508|1125731|303|02|2022|7|20220525|0.0|0.0|30.0|0.0
51484138|36438633|1125731|303|02|2022|7|20220525|0.0|0.0|20.0|0.0
51484139|36438896|1125731|303|02|2022|7|20220525|0.0|0.0|600.0|0.0
51484140|36438897|1125731|303|02|2022|7|20220525|0.0|0.0|30.0|0.0
51484141|36438666|1125731|303|02|2022|7|20220525|0.0|0.0|5.0|0.0
51484142|36438885|1125731|303|02|2022|7|20220525|0.0|0.0|150.0|0.0
51484143|36438981|1125731|303|02|2022|7|20220525|0.0|0.0|100.0|0.0
51484144|36438482|1125731|303|02|2022|7|20220525|0.0|0.0|50.0|0.0
51484145|36438886|1125731|303|02|2022|7|20220525|0.0|0.0|100.0|0.0
51484146|36438483|1125731|303|02|2022|7|20220525|0.0|0.0|50.0|0.0
51484147|36438977|1125731|303|02|2022|7|20220525|0.0|0.0|100.0|0.0
51484148|36438980|1125731|303|02|2022|7|20220525|0.0|0.0|100.0|0.0
51484149|36438978|1125731|303|02|2022|7|20220525|0.0|0.0|100.0|0.0
51484150|36438979|1125731|303|02|2022|7|20220525|0.0|0.0|100.0|0.0
51484151|36438796|1125731|303|02|2022|7|20220525|0.0|0.0|100.0|0.0
51484152|36438768|1125731|303|02|2022|7|20220525|0.0|0.0|150.0|0.0
51484153|36438496|1125731|303|02|2022|7|20220525|0.0|0.0|100.0|0.0
51484154|36438916|1125731|303|02|2022|7|20220525|0.0|0.0|100.0|0.0
51484155|36438914|1125731|303|02|2022|7|20220525|0.0|0.0|50.0|0.0
51484156|36438764|1125731|303|02|2022|7|20220525|0.0|0.0|40.0|0.0
51484157|36438829|1125731|303|02|2022|7|20220525|0.0|0.0|400.0|0.0
51484158|36438808|1125731|303|02|2022|7|20220525|0.0|0.0|30.0|0.0
51484159|36438911|1125731|303|02|2022|7|20220525|0.0|0.0|100.0|0.0
51484160|36438925|1125731|303|02|2022|7|20220525|0.0|0.0|10.0|0.0
51484161|36438827|1125731|303|02|2022|7|20220525|0.0|0.0|60.0|0.0
51484162|36438795|1125731|303|02|2022|7|20220525|0.0|0.0|150.0|0.0
51484163|36438787|1125731|303|02|2022|7|20220525|0.0|0.0|10.0|0.0
51484164|36438770|1125731|303|02|2022|7|20220525|0.0|0.0|100.0|0.0
51484165|36438772|1125731|303|02|2022|7|20220525|0.0|0.0|50.0|0.0
51484166|36438924|1125731|303|02|2022|7|20220525|0.0|0.0|70.0|0.0
51484167|36438849|1125731|303|02|2022|7|20220525|0.0|0.0|100.0|0.0
51484168|36438791|1125731|303|02|2022|7|20220525|0.0|0.0|60.0|0.0
51484169|36438773|1125731|303|02|2022|7|20220525|0.0|0.0|200.0|0.0
51484173|36438922|1125731|303|02|2022|7|20220525|0.0|0.0|10.0|0.0
51484170|36438798|1125731|303|02|2022|7|20220525|0.0|0.0|100.0|0.0
51484171|36438807|1125731|303|02|2022|7|20220525|0.0|0.0|20.0|0.0
51484172|36438484|1125731|303|02|2022|7|20220525|0.0|0.0|95.0|0.0
51484174|36438489|1125731|303|02|2022|7|20220525|0.0|0.0|5.0|0.0
51484175|36438788|1125731|303|02|2022|7|20220525|0.0|0.0|25.0|0.0
51484176|36438800|1125731|303|02|2022|7|20220525|0.0|0.0|50.0|0.0
51484177|36438928|1125731|303|02|2022|7|20220525|0.0|0.0|50.0|0.0
51484178|36438498|1125731|303|02|2022|7|20220525|0.0|0.0|265.0|0.0
51484179|36438863|1125731|303|02|2022|7|20220525|0.0|0.0|10.0|0.0
51484180|36438771|1125731|303|02|2022|7|20220525|0.0|0.0|200.0|0.0
51484181|36438811|1125731|303|02|2022|7|20220525|0.0|0.0|80.0|0.0
51484182|36438776|1125731|303|02|2022|7|20220525|0.0|0.0|500.0|0.0
51484183|36438784|1125731|303|02|2022|7|20220525|0.0|0.0|15.0|0.0
51484184|36438824|1125731|303|02|2022|7|20220525|0.0|0.0|450.0|0.0
51484185|36438497|1125731|303|02|2022|7|20220525|0.0|0.0|50.0|0.0
51484186|36438929|1125731|303|02|2022|7|20220525|0.0|0.0|20.0|0.0
51484187|36438803|1125731|303|02|2022|7|20220525|0.0|0.0|20.0|0.0
51484188|36438802|1125731|303|02|2022|7|20220525|0.0|0.0|50.0|0.0
51484189|36438919|1125731|303|02|2022|7|20220525|0.0|0.0|100.0|0.0
51484190|36438853|1125731|303|02|2022|7|20220525|0.0|0.0|570.0|0.0
51484191|36438774|1125731|303|02|2022|7|20220525|0.0|0.0|500.0|0.0
51484192|36438804|1125731|303|02|2022|7|20220525|0.0|0.0|5.0|0.0
51484193|36438504|1125731|303|02|2022|7|20220525|0.0|0.0|20.0|0.0
51484194|36438499|1125731|303|02|2022|7|20220525|0.0|0.0|100.0|0.0
51484195|36438931|1125731|303|02|2022|7|20220525|0.0|0.0|20.0|0.0
51484196|36438785|1125731|303|02|2022|7|20220525|0.0|0.0|770.0|0.0
51484197|36438766|1125731|303|02|2022|7|20220525|0.0|0.0|70.0|0.0
51484198|36438861|1125731|303|02|2022|7|20220525|0.0|0.0|10.0|0.0
51484199|36438488|1125731|303|02|2022|7|20220525|0.0|0.0|80.0|0.0
51484200|36438912|1125731|303|02|2022|7|20220525|0.0|0.0|50.0|0.0
51484201|36438797|1125731|303|02|2022|7|20220525|0.0|0.0|20.0|0.0
51484202|36438935|1125731|303|02|2022|7|20220525|0.0|0.0|100.0|0.0
51484203|36438778|1125731|303|02|2022|7|20220525|0.0|0.0|30.0|0.0
51484204|36438926|1125731|303|02|2022|7|20220525|0.0|0.0|50.0|0.0
51484205|36438809|1125731|303|02|2022|7|20220525|0.0|0.0|140.0|0.0
51484206|36438779|1125731|303|02|2022|7|20220525|0.0|0.0|50.0|0.0
51484207|36438915|1125731|303|02|2022|7|20220525|0.0|0.0|500.0|0.0
51484208|36438782|1125731|303|02|2022|7|20220525|0.0|0.0|10.0|0.0
51484209|36438793|1125731|303|02|2022|7|20220525|0.0|0.0|50.0|0.0
51484210|36438789|1125731|303|02|2022|7|20220525|0.0|0.0|20.0|0.0
51484211|36438491|1125731|303|02|2022|7|20220525|0.0|0.0|300.0|0.0
51484212|36438927|1125731|303|02|2022|7|20220525|0.0|0.0|5.0|0.0
51484213|36438934|1125731|303|02|2022|7|20220525|0.0|0.0|20.0|0.0
51484214|36438801|1125731|303|02|2022|7|20220525|0.0|0.0|50.0|0.0
51484215|36438862|1125731|303|02|2022|7|20220525|0.0|0.0|5.0|0.0
51484216|36438936|1125731|303|02|2022|7|20220525|0.0|0.0|5.0|0.0
51484217|36438933|1125731|303|02|2022|7|20220525|0.0|0.0|20.0|0.0
51484218|36438783|1125731|303|02|2022|7|20220525|0.0|0.0|320.0|0.0
51484219|36438854|1125731|303|02|2022|7|20220525|0.0|0.0|10.0|0.0
51484220|36438923|1125731|303|02|2022|7|20220525|0.0|0.0|100.0|0.0
51484221|36438502|1125731|303|02|2022|7|20220525|0.0|0.0|60.0|0.0
51484222|36438794|1125731|303|02|2022|7|20220525|0.0|0.0|300.0|0.0
51484223|36438805|1125731|303|02|2022|7|20220525|0.0|0.0|20.0|0.0
51484224|36438855|1125731|303|02|2022|7|20220525|0.0|0.0|50.0|0.0
51484225|36438826|1125731|303|02|2022|7|20220525|0.0|0.0|60.0|0.0
51484226|36438917|1125731|303|02|2022|7|20220525|0.0|0.0|100.0|0.0
51484227|36438799|1125731|303|02|2022|7|20220525|0.0|0.0|100.0|0.0
51484228|36438767|1125731|303|02|2022|7|20220525|0.0|0.0|200.0|0.0
51484229|36438920|1125731|303|02|2022|7|20220525|0.0|0.0|100.0|0.0
51484230|36438786|1125731|303|02|2022|7|20220525|0.0|0.0|470.0|0.0
51484231|36438930|1125731|303|02|2022|7|20220525|0.0|0.0|20.0|0.0
51484232|36438844|1125731|303|02|2022|7|20220525|0.0|0.0|50.0|0.0
51484233|36438780|1125731|303|02|2022|7|20220525|0.0|0.0|30.0|0.0
51484234|36438792|1125731|303|02|2022|7|20220525|0.0|0.0|20.0|0.0
51484235|36438765|1125731|303|02|2022|7|20220525|0.0|0.0|70.0|0.0
51484236|36438860|1125731|303|02|2022|7|20220525|0.0|0.0|20.0|0.0
51484237|36438769|1125731|303|02|2022|7|20220525|0.0|0.0|20.0|0.0
51484238|36438810|1125731|303|02|2022|7|20220525|0.0|0.0|130.0|0.0
51484239|36438790|1125731|303|02|2022|7|20220525|0.0|0.0|70.0|0.0
51484240|36438913|1125731|303|02|2022|7|20220525|0.0|0.0|100.0|0.0
51484241|36438918|1125731|303|02|2022|7|20220525|0.0|0.0|100.0|0.0
51484242|36438500|1125731|303|02|2022|7|20220525|0.0|0.0|20.0|0.0
51484246|36438775|1125731|303|02|2022|7|20220525|0.0|0.0|200.0|0.0
51484243|36438777|1125731|303|02|2022|7|20220525|0.0|0.0|450.0|0.0
51484244|36438932|1125731|303|02|2022|7|20220525|0.0|0.0|10.0|0.0
51484245|36438921|1125731|303|02|2022|7|20220525|0.0|0.0|100.0|0.0
51484247|36438781|1125731|303|02|2022|7|20220525|0.0|0.0|10.0|0.0
51484248|36438655|1125731|303|02|2022|7|20220525|0.0|0.0|150.0|0.0
51484249|36438674|1125731|303|02|2022|7|20220525|0.0|0.0|310.0|0.0
51484250|36438850|1125731|303|02|2022|7|20220525|0.0|0.0|95.0|0.0
51484251|36438648|1125731|303|02|2022|7|20220525|0.0|0.0|260.0|0.0
51484252|36438676|1125731|303|02|2022|7|20220525|0.0|0.0|175.0|0.0
51484253|36438938|1125731|303|02|2022|7|20220525|0.0|0.0|100.0|0.0
51484254|36438487|1125731|303|02|2022|7|20220525|0.0|0.0|95.0|0.0
51484255|36438673|1125731|303|02|2022|7|20220525|0.0|0.0|150.0|0.0
51484256|36438823|1125731|303|02|2022|7|20220525|0.0|0.0|70.0|0.0
51484257|36438939|1125731|303|02|2022|7|20220525|0.0|0.0|100.0|0.0
51484258|36438679|1125731|303|02|2022|7|20220525|0.0|0.0|130.0|0.0
51484259|36438654|1125731|303|02|2022|7|20220525|0.0|0.0|50.0|0.0
51484260|36438651|1125731|303|02|2022|7|20220525|0.0|0.0|200.0|0.0
51484261|36438937|1125731|303|02|2022|7|20220525|0.0|0.0|30.0|0.0
51484262|36438664|1125731|303|02|2022|7|20220525|0.0|0.0|190.0|0.0
51484263|36438656|1125731|303|02|2022|7|20220525|0.0|0.0|140.0|0.0
51484264|36438638|1125731|303|02|2022|7|20220525|0.0|0.0|100.0|0.0
51484265|36438646|1125731|303|02|2022|7|20220525|0.0|0.0|400.0|0.0
51484266|36438680|1125731|303|02|2022|7|20220525|0.0|0.0|150.0|0.0
51484267|36438641|1125731|303|02|2022|7|20220525|0.0|0.0|100.0|0.0
51484268|36438682|1125731|303|02|2022|7|20220525|0.0|0.0|5.0|0.0
51484269|36438663|1125731|303|02|2022|7|20220525|0.0|0.0|70.0|0.0
51484270|36438495|1125731|303|02|2022|7|20220525|0.0|0.0|60.0|0.0
51484271|36438644|1125731|303|02|2022|7|20220525|0.0|0.0|400.0|0.0
51484272|36438822|1125731|303|02|2022|7|20220525|0.0|0.0|85.0|0.0
51484273|36438653|1125731|303|02|2022|7|20220525|0.0|0.0|50.0|0.0
51484274|36438873|1125731|303|02|2022|7|20220525|0.0|0.0|30.0|0.0
51484275|36438696|1125731|303|02|2022|7|20220525|0.0|0.0|500.0|0.0
51484276|36438512|1125731|303|02|2022|7|20220525|0.0|0.0|40.0|0.0
51484277|36438511|1125731|303|02|2022|7|20220525|0.0|0.0|50.0|0.0
51484278|36438884|1125731|303|02|2022|7|20220525|0.0|0.0|20.0|0.0
51484279|36438555|1125731|303|02|2022|7|20220525|0.0|0.0|100.0|0.0
51484280|36438570|1125731|303|02|2022|7|20220525|0.0|0.0|20.0|0.0
51484281|36438868|1125731|303|02|2022|7|20220525|0.0|0.0|30.0|0.0
51484282|36438684|1125731|303|02|2022|7|20220525|0.0|0.0|300.0|0.0
51484283|36438691|1125731|303|02|2022|7|20220525|0.0|0.0|500.0|0.0
51484284|36438698|1125731|303|02|2022|7|20220525|0.0|0.0|500.0|0.0
51484285|36438871|1125731|303|02|2022|7|20220525|0.0|0.0|30.0|0.0
51484286|36438591|1125731|303|02|2022|7|20220525|0.0|0.0|400.0|0.0
51484287|36438685|1125731|303|02|2022|7|20220525|0.0|0.0|500.0|0.0
51484288|36438558|1125731|303|02|2022|7|20220525|0.0|0.0|10.0|0.0
51484289|36438686|1125731|303|02|2022|7|20220525|0.0|0.0|500.0|0.0
51484290|36438881|1125731|303|02|2022|7|20220525|0.0|0.0|10.0|0.0
51484291|36438869|1125731|303|02|2022|7|20220525|0.0|0.0|30.0|0.0
51484292|36438874|1125731|303|02|2022|7|20220525|0.0|0.0|30.0|0.0
51484293|36438870|1125731|303|02|2022|7|20220525|0.0|0.0|30.0|0.0
51484294|36438586|1125731|303|02|2022|7|20220525|0.0|0.0|200.0|0.0
51484295|36438678|1125731|303|02|2022|7|20220525|0.0|0.0|30.0|0.0
51484296|36438882|1125731|303|02|2022|7|20220525|0.0|0.0|10.0|0.0
51484297|36438843|1125731|303|02|2022|7|20220525|0.0|0.0|300.0|0.0
51484298|36438883|1125731|303|02|2022|7|20220525|0.0|0.0|110.0|0.0
51484299|36438683|1125731|303|02|2022|7|20220525|0.0|0.0|300.0|0.0
51484300|36438589|1125731|303|02|2022|7|20220525|0.0|0.0|20.0|0.0
51484301|36438877|1125731|303|02|2022|7|20220525|0.0|0.0|30.0|0.0
51484302|36438677|1125731|303|02|2022|7|20220525|0.0|0.0|30.0|0.0
51484303|36438872|1125731|303|02|2022|7|20220525|0.0|0.0|30.0|0.0
51484304|36438694|1125731|303|02|2022|7|20220525|0.0|0.0|500.0|0.0
51484305|36438675|1125731|303|02|2022|7|20220525|0.0|0.0|30.0|0.0
51484306|36438672|1125731|303|02|2022|7|20220525|0.0|0.0|30.0|0.0
51484307|36438693|1125731|303|02|2022|7|20220525|0.0|0.0|500.0|0.0
51484308|36438880|1125731|303|02|2022|7|20220525|0.0|0.0|200.0|0.0
51484309|36438681|1125731|303|02|2022|7|20220525|0.0|0.0|500.0|0.0
51484310|36438695|1125731|303|02|2022|7|20220525|0.0|0.0|300.0|0.0
51484311|36438595|1125731|303|02|2022|7|20220525|0.0|0.0|210.0|0.0
51484312|36438597|1125731|303|02|2022|7|20220525|0.0|0.0|500.0|0.0
51484313|36438700|1125731|303|02|2022|7|20220525|0.0|0.0|500.0|0.0
51484314|36438879|1125731|303|02|2022|7|20220525|0.0|0.0|300.0|0.0
51484315|36438875|1125731|303|02|2022|7|20220525|0.0|0.0|15.0|0.0
51484319|36438562|1125731|303|02|2022|7|20220525|0.0|0.0|20.0|0.0
51484316|36438692|1125731|303|02|2022|7|20220525|0.0|0.0|500.0|0.0
51484317|36438699|1125731|303|02|2022|7|20220525|0.0|0.0|500.0|0.0
51484318|36438567|1125731|303|02|2022|7|20220525|0.0|0.0|20.0|0.0
51484320|36438703|1125731|303|02|2022|7|20220525|0.0|0.0|400.0|0.0
51484321|36438689|1125731|303|02|2022|7|20220525|0.0|0.0|500.0|0.0
51484322|36438876|1125731|303|02|2022|7|20220525|0.0|0.0|20.0|0.0
51484323|36438687|1125731|303|02|2022|7|20220525|0.0|0.0|500.0|0.0
51484324|36438701|1125731|303|02|2022|7|20220525|0.0|0.0|200.0|0.0
51484325|36438702|1125731|303|02|2022|7|20220525|0.0|0.0|500.0|0.0
51484326|36438688|1125731|303|02|2022|7|20220525|0.0|0.0|500.0|0.0
51484327|36438852|1125731|303|02|2022|7|20220525|0.0|0.0|100.0|0.0
51484328|36438878|1125731|303|02|2022|7|20220525|0.0|0.0|500.0|0.0
51484329|36438593|1125731|303|02|2022|7|20220525|0.0|0.0|20.0|0.0
51484330|36438747|1125731|303|02|2022|7|20220525|0.0|0.0|30.0|0.0
51484331|36438524|1125731|303|02|2022|7|20220525|0.0|0.0|20.0|0.0
51484332|36438552|1125731|303|02|2022|7|20220525|0.0|0.0|10.0|0.0
51484333|36438537|1125731|303|02|2022|7|20220525|0.0|0.0|35.0|0.0
51484334|36438596|1125731|303|02|2022|7|20220525|0.0|0.0|20.0|0.0
51484335|36438858|1125731|303|02|2022|7|20220525|0.0|0.0|10.0|0.0
51484336|36438947|1125731|303|02|2022|7|20220525|0.0|0.0|10.0|0.0
51484337|36438848|1125731|303|02|2022|7|20220525|0.0|0.0|15.0|0.0
51484338|36438583|1125731|303|02|2022|7|20220525|0.0|0.0|20.0|0.0
51484339|36438539|1125731|303|02|2022|7|20220525|0.0|0.0|35.0|0.0
51484340|36438627|1125731|303|02|2022|7|20220525|0.0|0.0|15.0|0.0
51484341|36438708|1125731|303|02|2022|7|20220525|0.0|0.0|15.0|0.0
51484342|36438847|1125731|303|02|2022|7|20220525|0.0|0.0|10.0|0.0
51484343|36438907|1125731|303|02|2022|7|20220525|0.0|0.0|5.0|0.0
51484344|36438898|1125731|303|02|2022|7|20220525|0.0|0.0|20.0|0.0
51484345|36438628|1125731|303|02|2022|7|20220525|0.0|0.0|35.0|0.0
51484346|36438640|1125731|303|02|2022|7|20220525|0.0|0.0|15.0|0.0
51484347|36438561|1125731|303|02|2022|7|20220525|0.0|0.0|20.0|0.0
51484348|36438729|1125731|303|02|2022|7|20220525|0.0|0.0|15.0|0.0
51484349|36438520|1125731|303|02|2022|7|20220525|0.0|0.0|20.0|0.0
51484350|36438545|1125731|303|02|2022|7|20220525|0.0|0.0|35.0|0.0
51484351|36438598|1125731|303|02|2022|7|20220525|0.0|0.0|20.0|0.0
51484352|36438636|1125731|303|02|2022|7|20220525|0.0|0.0|20.0|0.0
51484353|36438643|1125731|303|02|2022|7|20220525|0.0|0.0|10.0|0.0
51484354|36438905|1125731|303|02|2022|7|20220525|0.0|0.0|5.0|0.0
51484355|36438540|1125731|303|02|2022|7|20220525|0.0|0.0|35.0|0.0
51484356|36438710|1125731|303|02|2022|7|20220525|0.0|0.0|35.0|0.0
51484357|36438899|1125731|303|02|2022|7|20220525|0.0|0.0|15.0|0.0
51484358|36438581|1125731|303|02|2022|7|20220525|0.0|0.0|20.0|0.0
51484359|36438856|1125731|303|02|2022|7|20220525|0.0|0.0|10.0|0.0
51484360|36438732|1125731|303|02|2022|7|20220525|0.0|0.0|10.0|0.0
51484361|36438707|1125731|303|02|2022|7|20220525|0.0|0.0|50.0|0.0
51484362|36438601|1125731|303|02|2022|7|20220525|0.0|0.0|20.0|0.0
51484363|36438599|1125731|303|02|2022|7|20220525|0.0|0.0|20.0|0.0
51484364|36438587|1125731|303|02|2022|7|20220525|0.0|0.0|20.0|0.0
51484365|36438903|1125731|303|02|2022|7|20220525|0.0|0.0|20.0|0.0
51484366|36438665|1125731|303|02|2022|7|20220525|0.0|0.0|10.0|0.0
51484367|36438740|1125731|303|02|2022|7|20220525|0.0|0.0|15.0|0.0
51484368|36438531|1125731|303|02|2022|7|20220525|0.0|0.0|40.0|0.0
51484369|36438745|1125731|303|02|2022|7|20220525|0.0|0.0|20.0|0.0
51484370|36438603|1125731|303|02|2022|7|20220525|0.0|0.0|20.0|0.0
51484371|36438594|1125731|303|02|2022|7|20220525|0.0|0.0|20.0|0.0
51484372|36438608|1125731|303|02|2022|7|20220525|0.0|0.0|15.0|0.0
51484373|36438546|1125731|303|02|2022|7|20220525|0.0|0.0|35.0|0.0
51484374|36438737|1125731|303|02|2022|7|20220525|0.0|0.0|30.0|0.0
51484375|36438542|1125731|303|02|2022|7|20220525|0.0|0.0|35.0|0.0
51484376|36438568|1125731|303|02|2022|7|20220525|0.0|0.0|20.0|0.0
51484377|36438576|1125731|303|02|2022|7|20220525|0.0|0.0|20.0|0.0
51484378|36438734|1125731|303|02|2022|7|20220525|0.0|0.0|5.0|0.0
51484379|36438630|1125731|303|02|2022|7|20220525|0.0|0.0|5100.0|0.0
51484380|36438560|1125731|303|02|2022|7|20220525|0.0|0.0|10.0|0.0
51484381|36438845|1125731|303|02|2022|7|20220525|0.0|0.0|20.0|0.0
51484382|36438521|1125731|303|02|2022|7|20220525|0.0|0.0|20.0|0.0
51484383|36438557|1125731|303|02|2022|7|20220525|0.0|0.0|10.0|0.0
51484384|36438602|1125731|303|02|2022|7|20220525|0.0|0.0|20.0|0.0
51484385|36438725|1125731|303|02|2022|7|20220525|0.0|0.0|10.0|0.0
51484386|36438518|1125731|303|02|2022|7|20220525|0.0|0.0|20.0|0.0
51484387|36438709|1125731|303|02|2022|7|20220525|0.0|0.0|20.0|0.0
51484388|36438547|1125731|303|02|2022|7|20220525|0.0|0.0|35.0|0.0
51484393|36438573|1125731|303|02|2022|7|20220525|0.0|0.0|20.0|0.0
51484389|36438983|1125731|303|02|2022|7|20220525|0.0|0.0|30.0|0.0
51484390|36438579|1125731|303|02|2022|7|20220525|0.0|0.0|20.0|0.0
51484391|36438908|1125731|303|02|2022|7|20220525|0.0|0.0|5.0|0.0
51484392|36438731|1125731|303|02|2022|7|20220525|0.0|0.0|10.0|0.0
51484394|36438736|1125731|303|02|2022|7|20220525|0.0|0.0|10.0|0.0
51484395|36438600|1125731|303|02|2022|7|20220525|0.0|0.0|20.0|0.0
51484396|36438622|1125731|303|02|2022|7|20220525|0.0|0.0|35.0|0.0
51484397|36438620|1125731|303|02|2022|7|20220525|0.0|0.0|50.0|0.0
51484398|36438820|1125731|303|02|2022|7|20220525|0.0|0.0|20.0|0.0
51484399|36438909|1125731|303|02|2022|7|20220525|0.0|0.0|5.0|0.0
51484400|36438574|1125731|303|02|2022|7|20220525|0.0|0.0|20.0|0.0
51484401|36438535|1125731|303|02|2022|7|20220525|0.0|0.0|35.0|0.0
51484402|36438748|1125731|303|02|2022|7|20220525|0.0|0.0|30.0|0.0
51484403|36438525|1125731|303|02|2022|7|20220525|0.0|0.0|20.0|0.0
51484404|36438711|1125731|303|02|2022|7|20220525|0.0|0.0|10.0|0.0
51484405|36438548|1125731|303|02|2022|7|20220525|0.0|0.0|30.0|0.0
51484406|36438514|1125731|303|02|2022|7|20220525|0.0|0.0|10.0|0.0
51484407|36438751|1125731|303|02|2022|7|20220525|0.0|0.0|10.0|0.0
51484408|36438902|1125731|303|02|2022|7|20220525|0.0|0.0|5.0|0.0
51484409|36438713|1125731|303|02|2022|7|20220525|0.0|0.0|15.0|0.0
51484410|36438806|1125731|303|02|2022|7|20220525|0.0|0.0|10.0|0.0
51484411|36438607|1125731|303|02|2022|7|20220525|0.0|0.0|15.0|0.0
51484412|36438667|1125731|303|02|2022|7|20220525|0.0|0.0|110.0|0.0
51484413|36438631|1125731|303|02|2022|7|20220525|0.0|0.0|35.0|0.0
51484414|36438565|1125731|303|02|2022|7|20220525|0.0|0.0|20.0|0.0
51484415|36438543|1125731|303|02|2022|7|20220525|0.0|0.0|35.0|0.0
51484416|36438901|1125731|303|02|2022|7|20220525|0.0|0.0|20.0|0.0
51484417|36438536|1125731|303|02|2022|7|20220525|0.0|0.0|35.0|0.0
51484418|36438704|1125731|303|02|2022|7|20220525|0.0|0.0|10.0|0.0
51484419|36438621|1125731|303|02|2022|7|20220525|0.0|0.0|10.0|0.0
51484420|36438516|1125731|303|02|2022|7|20220525|0.0|0.0|20.0|0.0
51484421|36438582|1125731|303|02|2022|7|20220525|0.0|0.0|20.0|0.0
51484422|36438904|1125731|303|02|2022|7|20220525|0.0|0.0|5.0|0.0
51484423|36438669|1125731|303|02|2022|7|20220525|0.0|0.0|50.0|0.0
51484424|36438671|1125731|303|02|2022|7|20220525|0.0|0.0|20.0|0.0
51484425|36438733|1125731|303|02|2022|7|20220525|0.0|0.0|15.0|0.0
51484426|36438661|1125731|303|02|2022|7|20220525|0.0|0.0|10.0|0.0
51484427|36438728|1125731|303|02|2022|7|20220525|0.0|0.0|10.0|0.0
51484428|36438538|1125731|303|02|2022|7|20220525|0.0|0.0|35.0|0.0
51484429|36438609|1125731|303|02|2022|7|20220525|0.0|0.0|110.0|0.0
51484430|36438610|1125731|303|02|2022|7|20220525|0.0|0.0|30.0|0.0
51484431|36438523|1125731|303|02|2022|7|20220525|0.0|0.0|20.0|0.0
51484432|36438727|1125731|303|02|2022|7|20220525|0.0|0.0|10.0|0.0
51484433|36438625|1125731|303|02|2022|7|20220525|0.0|0.0|20.0|0.0
51484434|36438592|1125731|303|02|2022|7|20220525|0.0|0.0|20.0|0.0
51484435|36438578|1125731|303|02|2022|7|20220525|0.0|0.0|20.0|0.0
51484436|36438730|1125731|303|02|2022|7|20220525|0.0|0.0|10.0|0.0
51484437|36438604|1125731|303|02|2022|7|20220525|0.0|0.0|20.0|0.0
51484438|36438735|1125731|303|02|2022|7|20220525|0.0|0.0|10.0|0.0
51484439|36438634|1125731|303|02|2022|7|20220525|0.0|0.0|10.0|0.0
51484440|36438712|1125731|303|02|2022|7|20220525|0.0|0.0|10.0|0.0
51484441|36438706|1125731|303|02|2022|7|20220525|0.0|0.0|50.0|0.0
51484442|36438566|1125731|303|02|2022|7|20220525|0.0|0.0|20.0|0.0
51484443|36438726|1125731|303|02|2022|7|20220525|0.0|0.0|10.0|0.0
51484444|36438743|1125731|303|02|2022|7|20220525|0.0|0.0|30.0|0.0
51484445|36438749|1125731|303|02|2022|7|20220525|0.0|0.0|10.0|0.0
51484446|36438900|1125731|303|02|2022|7|20220525|0.0|0.0|5.0|0.0
51484447|36438724|1125731|303|02|2022|7|20220525|0.0|0.0|15.0|0.0
51484448|36438619|1125731|303|02|2022|7|20220525|0.0|0.0|60.0|0.0
51484449|36438534|1125731|303|02|2022|7|20220525|0.0|0.0|35.0|0.0
51484450|36438842|1125731|303|02|2022|7|20220525|0.0|0.0|50.0|0.0
51484451|36438564|1125731|303|02|2022|7|20220525|0.0|0.0|20.0|0.0
51484452|36438577|1125731|303|02|2022|7|20220525|0.0|0.0|20.0|0.0
51484453|36438611|1125731|303|02|2022|7|20220525|0.0|0.0|60.0|0.0
51484454|36438590|1125731|303|02|2022|7|20220525|0.0|0.0|20.0|0.0
51484455|36438750|1125731|303|02|2022|7|20220525|0.0|0.0|20.0|0.0
51484456|36438528|1125731|303|02|2022|7|20220525|0.0|0.0|10.0|0.0
51484457|36438549|1125731|303|02|2022|7|20220525|0.0|0.0|20.0|0.0
51484458|36438906|1125731|303|02|2022|7|20220525|0.0|0.0|5.0|0.0
51484459|36438857|1125731|303|02|2022|7|20220525|0.0|0.0|10.0|0.0
51484460|36438697|1125731|303|02|2022|7|20220525|0.0|0.0|10.0|0.0
51484461|36438522|1125731|303|02|2022|7|20220525|0.0|0.0|10.0|0.0
51484465|36438559|1125731|303|02|2022|7|20220525|0.0|0.0|15.0|0.0
51484462|36438846|1125731|303|02|2022|7|20220525|0.0|0.0|10.0|0.0
51484463|36438563|1125731|303|02|2022|7|20220525|0.0|0.0|20.0|0.0
51484464|36438705|1125731|303|02|2022|7|20220525|0.0|0.0|10.0|0.0
51484466|36438571|1125731|303|02|2022|7|20220525|0.0|0.0|20.0|0.0
51484467|36438623|1125731|303|02|2022|7|20220525|0.0|0.0|20.0|0.0
51484468|36438605|1125731|303|02|2022|7|20220525|0.0|0.0|20.0|0.0
51484469|36438569|1125731|303|02|2022|7|20220525|0.0|0.0|20.0|0.0
51484470|36438606|1125731|303|02|2022|7|20220525|0.0|0.0|15.0|0.0
51484471|36438649|1125731|303|02|2022|7|20220525|0.0|0.0|10.0|0.0
51484472|36438670|1125731|303|02|2022|7|20220525|0.0|0.0|25.0|0.0
51484473|36438828|1125731|303|02|2022|7|20220525|0.0|0.0|500.0|0.0
51484474|36438825|1125731|303|02|2022|7|20220525|0.0|0.0|600.0|0.0
51484475|36438891|1125731|303|02|2022|7|20220525|0.0|0.0|500.0|0.0
51484476|36438541|1125731|303|02|2022|7|20220525|0.0|0.0|1700.0|0.0
51484477|36438892|1125731|303|02|2022|7|20220525|0.0|0.0|700.0|0.0
51484478|36438814|1125731|303|02|2022|7|20220525|0.0|0.0|5000.0|0.0
51484479|36438816|1125731|303|02|2022|7|20220525|0.0|0.0|1000.0|0.0
51484480|36438612|1125731|303|02|2022|7|20220525|0.0|0.0|300.0|0.0
51484481|36438815|1125731|303|02|2022|7|20220525|0.0|0.0|5000.0|0.0
51484482|36438616|1125731|303|02|2022|7|20220525|0.0|0.0|300.0|0.0
51484483|36438615|1125731|303|02|2022|7|20220525|0.0|0.0|1000.0|0.0
51484484|36438890|1125731|303|02|2022|7|20220525|0.0|0.0|2000.0|0.0
51484485|36438617|1125731|303|02|2022|7|20220525|0.0|0.0|300.0|0.0
51484486|36438544|1125731|303|02|2022|7|20220525|0.0|0.0|500.0|0.0
51484487|36438618|1125731|303|02|2022|7|20220525|0.0|0.0|100.0|0.0
51484488|36438889|1125731|303|02|2022|7|20220525|0.0|0.0|200.0|0.0
51484489|36438812|1125731|303|02|2022|7|20220525|0.0|0.0|5000.0|0.0
51484490|36438888|1125731|303|02|2022|7|20220525|0.0|0.0|200.0|0.0
51484491|36438813|1125731|303|02|2022|7|20220525|0.0|0.0|1000.0|0.0
51484492|36438887|1125731|303|02|2022|7|20220525|0.0|0.0|200.0|0.0
51484493|36438614|1125731|303|02|2022|7|20220525|0.0|0.0|150.0|0.0
51484494|36438613|1125731|303|02|2022|7|20220525|0.0|0.0|150.0|0.0
51484495|36438821|1125731|303|02|2022|7|20220525|0.0|0.0|300.0|0.0
51484496|36438716|1125731|303|02|2022|7|20220525|0.0|0.0|60.0|0.0
51484497|36438719|1125731|303|02|2022|7|20220525|0.0|0.0|60.0|0.0
51484498|36438752|1125731|303|02|2022|7|20220525|0.0|0.0|40.0|0.0
51484499|36438755|1125731|303|02|2022|7|20220525|0.0|0.0|15.0|0.0
51484500|36438744|1125731|303|02|2022|7|20220525|0.0|0.0|100.0|0.0
51484501|36438717|1125731|303|02|2022|7|20220525|0.0|0.0|20.0|0.0
51484502|36438738|1125731|303|02|2022|7|20220525|0.0|0.0|40.0|0.0
51484503|36438722|1125731|303|02|2022|7|20220525|0.0|0.0|30.0|0.0
51484504|36438761|1125731|303|02|2022|7|20220525|0.0|0.0|60.0|0.0
51484505|36438760|1125731|303|02|2022|7|20220525|0.0|0.0|60.0|0.0
51484506|36438910|1125731|303|02|2022|7|20220525|0.0|0.0|150.0|0.0
51484507|36438742|1125731|303|02|2022|7|20220525|0.0|0.0|10.0|0.0
51484508|36438763|1125731|303|02|2022|7|20220525|0.0|0.0|60.0|0.0
51484509|36438762|1125731|303|02|2022|7|20220525|0.0|0.0|60.0|0.0
51484510|36438741|1125731|303|02|2022|7|20220525|0.0|0.0|10.0|0.0
51484511|36438718|1125731|303|02|2022|7|20220525|0.0|0.0|10.0|0.0
51484512|36438754|1125731|303|02|2022|7|20220525|0.0|0.0|10.0|0.0
51484513|36438746|1125731|303|02|2022|7|20220525|0.0|0.0|100.0|0.0
51484514|36438753|1125731|303|02|2022|7|20220525|0.0|0.0|40.0|0.0
51484515|36438720|1125731|303|02|2022|7|20220525|0.0|0.0|30.0|0.0
51484516|36438721|1125731|303|02|2022|7|20220525|0.0|0.0|30.0|0.0
51484517|36438723|1125731|303|02|2022|7|20220525|0.0|0.0|30.0|0.0
51484518|36438715|1125731|303|02|2022|7|20220525|0.0|0.0|50.0|0.0
51484519|36438756|1125731|303|02|2022|7|20220525|0.0|0.0|15.0|0.0
51484520|36438739|1125731|303|02|2022|7|20220525|0.0|0.0|40.0|0.0
51484521|36438758|1125731|303|02|2022|7|20220525|0.0|0.0|15.0|0.0
51484522|36438759|1125731|303|02|2022|7|20220525|0.0|0.0|45.0|0.0
51484523|36438757|1125731|303|02|2022|7|20220525|0.0|0.0|15.0|0.0
51484524|36438838|1125731|303|02|2022|7|20220525|0.0|0.0|100.0|0.0
51484525|36438833|1125731|303|02|2022|7|20220525|0.0|0.0|50.0|0.0
51484526|36438839|1125731|303|02|2022|7|20220525|0.0|0.0|100.0|0.0
51484527|36438867|1125731|303|02|2022|7|20220525|0.0|0.0|200.0|0.0
51484528|36438840|1125731|303|02|2022|7|20220525|0.0|0.0|50.0|0.0
51484529|36438864|1125731|303|02|2022|7|20220525|0.0|0.0|200.0|0.0
51484530|36438835|1125731|303|02|2022|7|20220525|0.0|0.0|100.0|0.0
51484531|36438841|1125731|303|02|2022|7|20220525|0.0|0.0|50.0|0.0
51484532|36438866|1125731|303|02|2022|7|20220525|0.0|0.0|200.0|0.0
51484533|36438865|1125731|303|02|2022|7|20220525|0.0|0.0|200.0|0.0
51484534|36438836|1125731|303|02|2022|7|20220525|0.0|0.0|100.0|0.0
51484538|36438972|1125731|303|02|2022|7|20220525|0.0|0.0|50.0|0.0
51484535|36438837|1125731|303|02|2022|7|20220525|0.0|0.0|100.0|0.0
51484536|36438834|1125731|303|02|2022|7|20220525|0.0|0.0|100.0|0.0
51484537|36438832|1125731|303|02|2022|7|20220525|0.0|0.0|50.0|0.0
51484539|36438948|1125731|303|02|2022|7|20220525|0.0|0.0|30.0|0.0
51484540|36438959|1125731|303|02|2022|7|20220525|0.0|0.0|50.0|0.0
51484541|36438956|1125731|303|02|2022|7|20220525|0.0|0.0|50.0|0.0
51484542|36438971|1125731|303|02|2022|7|20220525|0.0|0.0|50.0|0.0
51484543|36438965|1125731|303|02|2022|7|20220525|0.0|0.0|15.0|0.0
51484544|36438963|1125731|303|02|2022|7|20220525|0.0|0.0|30.0|0.0
51484545|36438955|1125731|303|02|2022|7|20220525|0.0|0.0|50.0|0.0
51484546|36438953|1125731|303|02|2022|7|20220525|0.0|0.0|30.0|0.0
51484547|36438957|1125731|303|02|2022|7|20220525|0.0|0.0|50.0|0.0
51484548|36438969|1125731|303|02|2022|7|20220525|0.0|0.0|50.0|0.0
51484549|36438946|1125731|303|02|2022|7|20220525|0.0|0.0|30.0|0.0
51484550|36438950|1125731|303|02|2022|7|20220525|0.0|0.0|30.0|0.0
51484551|36438951|1125731|303|02|2022|7|20220525|0.0|0.0|15.0|0.0
51484552|36438942|1125731|303|02|2022|7|20220525|0.0|0.0|15.0|0.0
51484553|36438967|1125731|303|02|2022|7|20220525|0.0|0.0|50.0|0.0
51484554|36438851|1125731|303|02|2022|7|20220525|0.0|0.0|50.0|0.0
51484555|36438962|1125731|303|02|2022|7|20220525|0.0|0.0|50.0|0.0
51484556|36438975|1125731|303|02|2022|7|20220525|0.0|0.0|50.0|0.0
51484557|36438966|1125731|303|02|2022|7|20220525|0.0|0.0|50.0|0.0
51484558|36438944|1125731|303|02|2022|7|20220525|0.0|0.0|50.0|0.0
51484559|36438976|1125731|303|02|2022|7|20220525|0.0|0.0|20.0|0.0
51484560|36438941|1125731|303|02|2022|7|20220525|0.0|0.0|15.0|0.0
51484561|36438952|1125731|303|02|2022|7|20220525|0.0|0.0|30.0|0.0
51484562|36438954|1125731|303|02|2022|7|20220525|0.0|0.0|30.0|0.0
51484563|36438945|1125731|303|02|2022|7|20220525|0.0|0.0|10.0|0.0
51484564|36438964|1125731|303|02|2022|7|20220525|0.0|0.0|15.0|0.0
51484565|36438970|1125731|303|02|2022|7|20220525|0.0|0.0|50.0|0.0
51484566|36438943|1125731|303|02|2022|7|20220525|0.0|0.0|50.0|0.0
51484567|36438958|1125731|303|02|2022|7|20220525|0.0|0.0|50.0|0.0
51484568|36438968|1125731|303|02|2022|7|20220525|0.0|0.0|50.0|0.0
51484569|36438973|1125731|303|02|2022|7|20220525|0.0|0.0|50.0|0.0
51484570|36438940|1125731|303|02|2022|7|20220525|0.0|0.0|30.0|0.0
51484571|36438960|1125731|303|02|2022|7|20220525|0.0|0.0|50.0|0.0
51484572|36438974|1125731|303|02|2022|7|20220525|0.0|0.0|50.0|0.0
51484573|36438961|1125731|303|02|2022|7|20220525|0.0|0.0|50.0|0.0
51484574|36438949|1125731|303|02|2022|7|20220525|0.0|0.0|30.0|0.0
51484575|36439007|1125733|303|02|2022|7|20220704|0.0|28.0|2000.0|0.0
51484576|36439028|1125734|303|02|2022|7|20220523|0.0|0.0|4.0|0.0
51484577|36439011|1125734|303|02|2022|7|20220523|0.0|0.0|3.0|0.0
51484578|36439036|1125734|303|02|2022|7|20220523|0.0|0.0|1.0|0.0
51484579|36439018|1125734|303|02|2022|7|20220523|0.0|0.0|1.0|0.0
51484580|36439026|1125734|303|02|2022|7|20220523|0.0|0.0|1.0|0.0
51484581|36439048|1125734|303|02|2022|7|20220523|0.0|0.0|7.0|0.0
51484582|36439045|1125734|303|02|2022|7|20220523|0.0|0.0|3.0|0.0
51484583|36439013|1125734|303|02|2022|7|20220523|0.0|0.0|3.0|0.0
51484584|36439029|1125734|303|02|2022|7|20220523|0.0|0.0|1.0|0.0
51484585|36439010|1125734|303|02|2022|7|20220523|0.0|0.0|14.0|0.0
51484586|36439015|1125734|303|02|2022|7|20220523|0.0|0.0|5.0|0.0
51484587|36439040|1125734|303|02|2022|7|20220523|0.0|0.0|10.0|0.0
51484588|36439016|1125734|303|02|2022|7|20220523|0.0|0.0|3.0|0.0
51484589|36439046|1125734|303|02|2022|7|20220523|0.0|0.0|2.0|0.0
51484590|36439042|1125734|303|02|2022|7|20220523|0.0|0.0|2.0|0.0
51484591|36439043|1125734|303|02|2022|7|20220523|0.0|0.0|10.0|0.0
51484592|36439030|1125734|303|02|2022|7|20220523|0.0|0.0|3.0|0.0
51484593|36439044|1125734|303|02|2022|7|20220523|0.0|0.0|4.0|0.0
51484594|36439014|1125734|303|02|2022|7|20220523|0.0|0.0|2.0|0.0
51484595|36439033|1125734|303|02|2022|7|20220523|0.0|0.0|2.0|0.0
51484596|36439031|1125734|303|02|2022|7|20220523|0.0|0.0|2.0|0.0
51484597|36439025|1125734|303|02|2022|7|20220523|0.0|0.0|3.0|0.0
51484598|36439017|1125734|303|02|2022|7|20220523|0.0|0.0|1.0|0.0
51484599|36439041|1125734|303|02|2022|7|20220523|0.0|0.0|20.0|0.0
51484600|36439049|1125734|303|02|2022|7|20220523|0.0|0.0|2.0|0.0
51484601|36439032|1125734|303|02|2022|7|20220523|0.0|0.0|3.0|0.0
51484602|36439023|1125734|303|02|2022|7|20220523|0.0|0.0|4.0|0.0
51484603|36439020|1125734|303|02|2022|7|20220523|0.0|0.0|1.0|0.0
51484604|36439027|1125734|303|02|2022|7|20220523|0.0|0.0|6.0|0.0
51484605|36438479|1125729|303|02|2022|7|20220526|0.0|106.0|7440.0|0.0
51484606|36438480|1125730|303|02|2022|7|20220511|0.0|111582.6|1.0|0.0
51484607|36438997|1125732|303|02|2022|7|20220520|0.0|4.0133|200.0|0.0
51484611|36438996|1125732|303|02|2022|7|20220520|0.0|29.5133|250.0|0.0
51484608|36438990|1125732|303|02|2022|7|20220520|0.0|8.5|100.0|0.0
51484609|36438993|1125732|303|02|2022|7|20220520|0.0|10.1833|50.0|0.0
51484610|36438992|1125732|303|02|2022|7|20220520|0.0|7.9333|300.0|0.0
51484612|36439005|1125732|303|02|2022|7|20220520|0.0|10.1|480.0|0.0
51484613|36438984|1125732|303|02|2022|7|20220520|0.0|28.33|400.0|0.0
51484614|36438991|1125732|303|02|2022|7|20220520|0.0|18.8|30.0|0.0
51484615|36438985|1125732|303|02|2022|7|20220520|0.0|6.8166|400.0|0.0
51484616|36438995|1125732|303|02|2022|7|20220520|0.0|10.5466|250.0|0.0
51484617|36438998|1125732|303|02|2022|7|20220520|0.0|7.4966|250.0|0.0
51484618|36439001|1125732|303|02|2022|7|20220520|0.0|10.58|100.0|0.0
51484619|36438988|1125732|303|02|2022|7|20220520|0.0|31.5|100.0|0.0
51484620|36438994|1125732|303|02|2022|7|20220520|0.0|44.7|30.0|0.0
51484621|36439004|1125732|303|02|2022|7|20220520|0.0|19.9|400.0|0.0
51484622|36439002|1125732|303|02|2022|7|20220520|0.0|55.1625|300.0|0.0
51484623|36439000|1125732|303|02|2022|7|20220520|0.0|8.78|100.0|0.0
51484624|36439003|1125732|303|02|2022|7|20220520|0.0|32.6166|200.0|0.0
51484625|36439006|1125732|303|02|2022|7|20220520|0.0|54.8|400.0|0.0
51484626|36438986|1125732|303|02|2022|7|20220520|0.0|27.1|1000.0|0.0
51484627|36438999|1125732|303|02|2022|7|20220520|0.0|18.13|200.0|0.0
51484628|36438989|1125732|303|02|2022|7|20220520|0.0|10.4266|150.0|0.0
51484629|36438987|1125732|303|02|2022|7|20220520|0.0|8.5|100.0|0.0
51484630|36439201|1125735|303|02|2022|7|20220609|0.0|0.0|120000.0|0.0
51484631|36439189|1125735|303|02|2022|7|20220609|0.0|0.0|300.0|0.0
51484632|36439132|1125735|303|02|2022|7|20220609|0.0|0.0|200.0|0.0
51484633|36439081|1125735|303|02|2022|7|20220609|0.0|0.0|4000.0|0.0
51484634|36439183|1125735|303|02|2022|7|20220609|0.0|0.0|1200.0|0.0
51484635|36439123|1125735|303|02|2022|7|20220609|0.0|0.0|1000.0|0.0
51484636|36439185|1125735|303|02|2022|7|20220609|0.0|0.0|120000.0|0.0
51484637|36439072|1125735|303|02|2022|7|20220609|0.0|0.0|3000.0|0.0
51484638|36439056|1125735|303|02|2022|7|20220609|0.0|0.0|15000.0|0.0
51484639|36439068|1125735|303|02|2022|7|20220609|0.0|0.0|100000.0|0.0
51484640|36439127|1125735|303|02|2022|7|20220609|0.0|0.0|2000.0|0.0
51484641|36439086|1125735|303|02|2022|7|20220609|0.0|0.0|60000.0|0.0
51484642|36439055|1125735|303|02|2022|7|20220609|0.0|0.0|50.0|0.0
51484643|36439138|1125735|303|02|2022|7|20220609|0.0|0.0|3000.0|0.0
51484644|36439095|1125735|303|02|2022|7|20220609|0.0|0.0|2000.0|0.0
51484645|36439137|1125735|303|02|2022|7|20220609|0.0|0.0|6000.0|0.0
51484646|36439176|1125735|303|02|2022|7|20220609|0.0|0.0|200.0|0.0
51484647|36439108|1125735|303|02|2022|7|20220609|0.0|0.0|1000.0|0.0
51484648|36439179|1125735|303|02|2022|7|20220609|0.0|0.0|2000.0|0.0
51484649|36439169|1125735|303|02|2022|7|20220609|0.0|0.0|240.0|0.0
51484650|36439149|1125735|303|02|2022|7|20220609|0.0|0.0|50.0|0.0
51484651|36439157|1125735|303|02|2022|7|20220609|0.0|0.0|3000.0|0.0
51484652|36439194|1125735|303|02|2022|7|20220609|0.0|0.0|1500.0|0.0
51484653|36439078|1125735|303|02|2022|7|20220609|0.0|0.0|360000.0|0.0
51484654|36439161|1125735|303|02|2022|7|20220609|0.0|0.0|100.0|0.0
51484655|36439051|1125735|303|02|2022|7|20220609|0.0|0.0|600.0|0.0
51484656|36439144|1125735|303|02|2022|7|20220609|0.0|0.0|1000.0|0.0
51484657|36439092|1125735|303|02|2022|7|20220609|0.0|0.0|3000.0|0.0
51484658|36439057|1125735|303|02|2022|7|20220609|0.0|0.0|10000.0|0.0
51484659|36439096|1125735|303|02|2022|7|20220609|0.0|0.0|100000.0|0.0
51484660|36439171|1125735|303|02|2022|7|20220609|0.0|0.0|6000.0|0.0
51484661|36439145|1125735|303|02|2022|7|20220609|0.0|0.0|1200.0|0.0
51484662|36439080|1125735|303|02|2022|7|20220609|0.0|0.0|300000.0|0.0
51484663|36439153|1125735|303|02|2022|7|20220609|0.0|0.0|120.0|0.0
51484664|36439069|1125735|303|02|2022|7|20220609|0.0|0.0|1500.0|0.0
51484665|36439073|1125735|303|02|2022|7|20220609|0.0|0.0|50.0|0.0
51484666|36439112|1125735|303|02|2022|7|20220609|0.0|0.0|10000.0|0.0
51484667|36439050|1125735|303|02|2022|7|20220609|0.0|0.0|2500.0|0.0
51484668|36439075|1125735|303|02|2022|7|20220609|0.0|0.0|1000.0|0.0
51484669|36439154|1125735|303|02|2022|7|20220609|0.0|0.0|2500.0|0.0
51484670|36439143|1125735|303|02|2022|7|20220609|0.0|0.0|3000.0|0.0
51484671|36439195|1125735|303|02|2022|7|20220609|0.0|0.0|100.0|0.0
51484672|36439089|1125735|303|02|2022|7|20220609|0.0|0.0|5000.0|0.0
51484673|36439098|1125735|303|02|2022|7|20220609|0.0|0.0|100000.0|0.0
51484674|36439192|1125735|303|02|2022|7|20220609|0.0|0.0|5000.0|0.0
51484675|36439090|1125735|303|02|2022|7|20220609|0.0|0.0|300.0|0.0
51484676|36439085|1125735|303|02|2022|7|20220609|0.0|0.0|50.0|0.0
51484677|36439093|1125735|303|02|2022|7|20220609|0.0|0.0|5000.0|0.0
51484678|36439106|1125735|303|02|2022|7|20220609|0.0|0.0|4000.0|0.0
51484679|36439129|1125735|303|02|2022|7|20220609|0.0|0.0|5000.0|0.0
51484680|36439135|1125735|303|02|2022|7|20220609|0.0|0.0|500.0|0.0
51484681|36439177|1125735|303|02|2022|7|20220609|0.0|0.0|300.0|0.0
51484685|36439065|1125735|303|02|2022|7|20220609|0.0|0.0|50000.0|0.0
51484682|36439118|1125735|303|02|2022|7|20220609|0.0|0.0|1200.0|0.0
51484683|36439166|1125735|303|02|2022|7|20220609|0.0|0.0|2000.0|0.0
51484684|36439142|1125735|303|02|2022|7|20220609|0.0|0.0|3000.0|0.0
51484686|36439091|1125735|303|02|2022|7|20220609|0.0|0.0|1500.0|0.0
51484687|36439053|1125735|303|02|2022|7|20220609|0.0|0.0|3000.0|0.0
51484688|36439136|1125735|303|02|2022|7|20220609|0.0|0.0|1000.0|0.0
51484689|36439150|1125735|303|02|2022|7|20220609|0.0|0.0|30.0|0.0
51484690|36439062|1125735|303|02|2022|7|20220609|0.0|0.0|400.0|0.0
51484691|36439122|1125735|303|02|2022|7|20220609|0.0|0.0|50.0|0.0
51484692|36439168|1125735|303|02|2022|7|20220609|0.0|0.0|50.0|0.0
51484693|36439082|1125735|303|02|2022|7|20220609|0.0|0.0|1000.0|0.0
51484694|36439111|1125735|303|02|2022|7|20220609|0.0|0.0|30000.0|0.0
51484695|36439148|1125735|303|02|2022|7|20220609|0.0|0.0|1080.0|0.0
51484696|36439116|1125735|303|02|2022|7|20220609|0.0|0.0|12.0|0.0
51484697|36439101|1125735|303|02|2022|7|20220609|0.0|0.0|600.0|0.0
51484698|36439175|1125735|303|02|2022|7|20220609|0.0|0.0|1200.0|0.0
51484699|36439067|1125735|303|02|2022|7|20220609|0.0|0.0|300000.0|0.0
51484700|36439152|1125735|303|02|2022|7|20220609|0.0|0.0|200.0|0.0
51484701|36439167|1125735|303|02|2022|7|20220609|0.0|0.0|2500.0|0.0
51484702|36439058|1125735|303|02|2022|7|20220609|0.0|0.0|500.0|0.0
51484703|36439164|1125735|303|02|2022|7|20220609|0.0|0.0|3000.0|0.0
51484704|36439105|1125735|303|02|2022|7|20220609|0.0|0.0|250000.0|0.0
51484705|36439174|1125735|303|02|2022|7|20220609|0.0|0.0|2000.0|0.0
51484706|36439180|1125735|303|02|2022|7|20220609|0.0|0.0|1000.0|0.0
51484707|36439178|1125735|303|02|2022|7|20220609|0.0|0.0|1200.0|0.0
51484708|36439184|1125735|303|02|2022|7|20220609|0.0|0.0|1200.0|0.0
51484709|36439088|1125735|303|02|2022|7|20220609|0.0|0.0|200000.0|0.0
51484710|36439097|1125735|303|02|2022|7|20220609|0.0|0.0|150000.0|0.0
51484711|36439200|1125735|303|02|2022|7|20220609|0.0|0.0|1000.0|0.0
51484712|36439124|1125735|303|02|2022|7|20220609|0.0|0.0|300.0|0.0
51484713|36439147|1125735|303|02|2022|7|20220609|0.0|0.0|2000.0|0.0
51484714|36439060|1125735|303|02|2022|7|20220609|0.0|0.0|30.0|0.0
51484715|36439103|1125735|303|02|2022|7|20220609|0.0|0.0|1000.0|0.0
51484716|36438478|1125728|303|02|2022|7|20220606|0.0|19898.0|1.0|0.0
51860943|36824135|1137219|303|02|2022|12|20220530|0.0|1.0|168469.08|0.0
51860937|36824137|1137221|303|02|2022|12|20221018|0.0|172.5|6000.0|0.0
51860938|36824136|1137220|303|02|2022|12|20220823|0.0|1.0|2263607.9|0.0
51860939|36824138|1137221|303|02|2022|12|20221018|0.0|177.6666|6000.0|0.0
51860940|36824143|1137222|303|02|2022|12|20221128|0.0|1380.0|1.0|0.0
51860941|36824142|1137222|303|02|2022|12|20221128|0.0|812.55|1.0|0.0
51860942|36824139|1137222|303|02|2022|12|20221128|0.0|953.94|1.0|0.0
51860944|36824141|1137222|303|02|2022|12|20221128|0.0|469.0|9.0|0.0
51860945|36824140|1137222|303|02|2022|12|20221128|0.0|610.0|3.0|0.0
51860857|36824054|1137217|303|02|2022|11|20221004|0.0|500.0|50.0|0.0
51860854|36824050|1137217|303|02|2022|11|20221004|0.0|155.5|50.0|0.0
51860855|36824089|1137217|303|02|2022|11|20221004|0.0|2.7862|2400.0|0.0
51860856|36824117|1137217|303|02|2022|11|20221004|0.0|383.5366|100.0|0.0
51860858|36824065|1137217|303|02|2022|11|20221004|0.0|10.45|1000.0|0.0
51860859|36824076|1137217|303|02|2022|11|20221004|0.0|96.958|7200.0|0.0
51860860|36824086|1137217|303|02|2022|11|20221004|0.0|31.95|720.0|0.0
51860861|36824090|1137217|303|02|2022|11|20221004|0.0|2.4762|2500.0|0.0
51860862|36824096|1137217|303|02|2022|11|20221004|0.0|3.3186|3000.0|0.0
51860863|36824111|1137217|303|02|2022|11|20221004|0.0|5.8289|200.0|0.0
51860864|36824036|1137215|303|02|2022|11|20221019|0.0|3882.3333|1.0|0.0
51860865|36824068|1137217|303|02|2022|11|20221004|0.0|1.5192|14400.0|0.0
51860866|36824092|1137217|303|02|2022|11|20221004|0.0|103.7|50.0|0.0
51860867|36824079|1137217|303|02|2022|11|20221004|0.0|8.3833|200.0|0.0
51860868|36824061|1137217|303|02|2022|11|20221004|0.0|2.6676|2000.0|0.0
51860869|36824104|1137217|303|02|2022|11|20221004|0.0|277.7175|50.0|0.0
51860870|36824119|1137217|303|02|2022|11|20221004|0.0|11.1569|720.0|0.0
51860871|36824121|1137217|303|02|2022|11|20221004|0.0|12.6943|1000.0|0.0
51860872|36824127|1137217|303|02|2022|11|20221004|0.0|49.22|360.0|0.0
51860873|36824045|1137216|303|02|2022|11|20220707|0.0|39.44|250.0|0.0
51860874|36824053|1137217|303|02|2022|11|20221004|0.0|127.265|20.0|0.0
51860875|36824071|1137217|303|02|2022|11|20221004|0.0|0.38|30000.0|0.0
51860876|36824099|1137217|303|02|2022|11|20221004|0.0|72.26|50.0|0.0
51860877|36824037|1137215|303|02|2022|11|20221019|0.0|5366.2|1.0|0.0
51860878|36824105|1137217|303|02|2022|11|20221004|0.0|6.75|1000.0|0.0
51860879|36824040|1137216|303|02|2022|11|20220707|0.0|68.75|400.0|0.0
51860880|36824043|1137216|303|02|2022|11|20220707|0.0|25.89|200.0|0.0
51860881|36824067|1137217|303|02|2022|11|20221004|0.0|3.2447|14400.0|0.0
51860882|36824081|1137217|303|02|2022|11|20221004|0.0|10.6072|1000.0|0.0
51860883|36824098|1137217|303|02|2022|11|20221004|0.0|3.2375|1440.0|0.0
51860884|36824134|1137218|303|02|2022|11|20220622|0.0|20.81|132200.0|0.0
51860885|36824052|1137217|303|02|2022|11|20221004|0.0|7.738|2000.0|0.0
51860886|36824060|1137217|303|02|2022|11|20221004|0.0|2671.06|30.0|0.0
51860887|36824110|1137217|303|02|2022|11|20221004|0.0|3.1|2000.0|0.0
51860888|36824118|1137217|303|02|2022|11|20221004|0.0|349.0833|30.0|0.0
51860889|36824130|1137217|303|02|2022|11|20221004|0.0|102.06|480.0|0.0
51860890|36824133|1137218|303|02|2022|11|20220622|0.0|14.06|76800.0|0.0
51860891|36824046|1137217|303|02|2022|11|20221004|0.0|69.0|30.0|0.0
51860892|36824064|1137217|303|02|2022|11|20221004|0.0|5.8062|1500.0|0.0
51860893|36824085|1137217|303|02|2022|11|20221004|0.0|60.8|200.0|0.0
51860894|36824042|1137216|303|02|2022|11|20220707|0.0|27.21|250.0|0.0
51860895|36824106|1137217|303|02|2022|11|20221004|0.0|90.0|50.0|0.0
51860896|36824077|1137217|303|02|2022|11|20221004|0.0|1931.53|12.0|0.0
51860897|36824091|1137217|303|02|2022|11|20221004|0.0|74.014|1000.0|0.0
51860898|36824097|1137217|303|02|2022|11|20221004|0.0|24.3225|30.0|0.0
51860899|36824126|1137217|303|02|2022|11|20221004|0.0|92.08|960.0|0.0
51860900|36824041|1137216|303|02|2022|11|20220707|0.0|67.61|400.0|0.0
51860901|36824128|1137217|303|02|2022|11|20221004|0.0|142.4|240.0|0.0
51860902|36824073|1137217|303|02|2022|11|20221004|0.0|28.0|600.0|0.0
51860903|36824094|1137217|303|02|2022|11|20221004|0.0|67.45|300.0|0.0
51860904|36824039|1137215|303|02|2022|11|20221019|0.0|8433.3333|1.0|0.0
51860905|36824049|1137217|303|02|2022|11|20221004|0.0|5.1666|3000.0|0.0
51860906|36824101|1137217|303|02|2022|11|20221004|0.0|169.26|90.0|0.0
51860907|36824102|1137217|303|02|2022|11|20221004|0.0|825.0|24.0|0.0
51860908|36824108|1137217|303|02|2022|11|20221004|0.0|71.505|2700.0|0.0
51860909|36824113|1137217|303|02|2022|11|20221004|0.0|4.4623|1000.0|0.0
51860910|36824057|1137217|303|02|2022|11|20221004|0.0|7.3|6000.0|0.0
51860911|36824063|1137217|303|02|2022|11|20221004|0.0|25.0|600.0|0.0
51860912|36824078|1137217|303|02|2022|11|20221004|0.0|349.5|30.0|0.0
51860913|36824112|1137217|303|02|2022|11|20221004|0.0|12.0|3000.0|0.0
51860914|36824035|1137215|303|02|2022|11|20221019|0.0|4938.33|1.0|0.0
51860915|36824109|1137217|303|02|2022|11|20221004|0.0|6700.3131|12.0|0.0
51860916|36824132|1137218|303|02|2022|11|20220622|0.0|8.76|418800.0|0.0
51860917|36824074|1137217|303|02|2022|11|20221004|0.0|56.5|720.0|0.0
51860918|36824072|1137217|303|02|2022|11|20221004|0.0|187.7585|1000.0|0.0
51860919|36824093|1137217|303|02|2022|11|20221004|0.0|11.3966|200.0|0.0
51860920|36824095|1137217|303|02|2022|11|20221004|0.0|6.348|500.0|0.0
51860921|36824120|1137217|303|02|2022|11|20221004|0.0|11.0869|720.0|0.0
51860922|36824125|1137217|303|02|2022|11|20221004|0.0|3.204|60.0|0.0
51860923|36824047|1137217|303|02|2022|11|20221004|0.0|30.4|500.0|0.0
51860924|36824100|1137217|303|02|2022|11|20221004|0.0|10.4194|1000.0|0.0
51860925|36824114|1137217|303|02|2022|11|20221004|0.0|96.2|50.0|0.0
51860926|36824038|1137215|303|02|2022|11|20221019|0.0|1049.6666|8.0|0.0
51860927|36824044|1137216|303|02|2022|11|20220707|0.0|36.0|350.0|0.0
51687932|36648224|1132136|303|02|2022|10|20220831|0.0|9.6333|4.0|0.0
51687920|36648191|1132136|303|02|2022|10|20220831|0.0|25.0|4.0|0.0
51687921|36648111|1132136|303|02|2022|10|20220831|0.0|9.0|100.0|0.0
51687922|36648179|1132136|303|02|2022|10|20220831|0.0|28.3333|50.0|0.0
51687923|36648205|1132136|303|02|2022|10|20220831|0.0|22.0|50.0|0.0
51687924|36648194|1132136|303|02|2022|10|20220831|0.0|462.5|2.0|0.0
51687925|36648225|1132136|303|02|2022|10|20220831|0.0|9.0|2.0|0.0
51687926|36648154|1132136|303|02|2022|10|20220831|0.0|10.0|6.0|0.0
51687927|36648130|1132136|303|02|2022|10|20220831|0.0|9.5|4.0|0.0
51687928|36648195|1132136|303|02|2022|10|20220831|0.0|4.1166|3.0|0.0
51687929|36648214|1132136|303|02|2022|10|20220831|0.0|16.5|5.0|0.0
51687930|36648226|1132136|303|02|2022|10|20220831|0.0|11.3333|2.0|0.0
51687931|36648184|1132136|303|02|2022|10|20220831|0.0|315.0|3.0|0.0
51687933|36648215|1132136|303|02|2022|10|20220831|0.0|27.6666|4.0|0.0
51687934|36648206|1132136|303|02|2022|10|20220831|0.0|870.0|4.0|0.0
51687935|36648247|1132136|303|02|2022|10|20220831|0.0|38.3333|6.0|0.0
51687936|36648114|1132136|303|02|2022|10|20220831|0.0|11.0|4.0|0.0
51687937|36648248|1132136|303|02|2022|10|20220831|0.0|31.0|24.0|0.0
51687938|36648231|1132136|303|02|2022|10|20220831|0.0|21.3333|2.0|0.0
51687939|36648223|1132136|303|02|2022|10|20220831|0.0|25.6666|1.0|0.0
51687940|36648243|1132136|303|02|2022|10|20220831|0.0|131.3333|6.0|0.0
51687941|36648172|1132136|303|02|2022|10|20220831|0.0|32.5|1.0|0.0
51687942|36648112|1132136|303|02|2022|10|20220831|0.0|19.0|3.0|0.0
51687943|36648212|1132136|303|02|2022|10|20220831|0.0|10.0|3.0|0.0
51687944|36648211|1132136|303|02|2022|10|20220831|0.0|9.6666|3.0|0.0
51687945|36648213|1132136|303|02|2022|10|20220831|0.0|16.6666|3.0|0.0
51687946|36648159|1132136|303|02|2022|10|20220831|0.0|95.0|2.0|0.0
51687947|36648241|1132136|303|02|2022|10|20220831|0.0|22.5|6.0|0.0
51687948|36648160|1132136|303|02|2022|10|20220831|0.0|24.0|5.0|0.0
51687949|36648180|1132136|303|02|2022|10|20220831|0.0|32.6666|7.0|0.0
51687950|36648185|1132136|303|02|2022|10|20220831|0.0|22.6666|3.0|0.0
51687951|36648113|1132136|303|02|2022|10|20220831|0.0|1.5666|80.0|0.0
51687952|36648155|1132136|303|02|2022|10|20220831|0.0|20.0|15.0|0.0
51687953|36648196|1132136|303|02|2022|10|20220831|0.0|3.1|74.0|0.0
51687954|36648239|1132136|303|02|2022|10|20220831|0.0|18.3333|3.0|0.0
51687955|36648162|1132136|303|02|2022|10|20220831|0.0|11.0|2.0|0.0
51687956|36648240|1132136|303|02|2022|10|20220831|0.0|27.5|6.0|0.0
51687957|36648153|1132136|303|02|2022|10|20220831|0.0|55.0|2.0|0.0
51687958|36648188|1132136|303|02|2022|10|20220831|0.0|15.0|3.0|0.0
51687959|36648186|1132136|303|02|2022|10|20220831|0.0|66.6666|5.0|0.0
51687960|36648181|1132136|303|02|2022|10|20220831|0.0|23.3333|2.0|0.0
51687961|36648157|1132136|303|02|2022|10|20220831|0.0|2.2666|204.0|0.0
51687962|36648210|1132136|303|02|2022|10|20220831|0.0|16.6666|5.0|0.0
51687963|36648156|1132136|303|02|2022|10|20220831|0.0|3.2|100.0|0.0
51687964|36648126|1132136|303|02|2022|10|20220831|0.0|41.3333|3.0|0.0
51687965|36648238|1132136|303|02|2022|10|20220831|0.0|30.0|3.0|0.0
51687966|36648158|1132136|303|02|2022|10|20220831|0.0|2.25|120.0|0.0
51687967|36648198|1132136|303|02|2022|10|20220831|0.0|19.0|3.0|0.0
51687968|36648197|1132136|303|02|2022|10|20220831|0.0|2.5|100.0|0.0
51687969|36648187|1132136|303|02|2022|10|20220831|0.0|15.8333|74.0|0.0
51687970|36648161|1132136|303|02|2022|10|20220831|0.0|30.0|5.0|0.0
51687971|36648190|1132136|303|02|2022|10|20220831|0.0|25.0|4.0|0.0
51687972|36648244|1132136|303|02|2022|10|20220831|0.0|54.6666|6.0|0.0
51687973|36648242|1132136|303|02|2022|10|20220831|0.0|82.5|6.0|0.0
51687974|36648115|1132136|303|02|2022|10|20220831|0.0|33.0|5.0|0.0
51687975|36648232|1132136|303|02|2022|10|20220831|0.0|67.5|4.0|0.0
51687976|36648116|1132136|303|02|2022|10|20220831|0.0|151.3333|5.0|0.0
51687977|36648131|1132136|303|02|2022|10|20220831|0.0|50.0|6.0|0.0
51687981|36648251|1132136|303|02|2022|10|20220831|0.0|32.0|6.0|0.0
51687978|36648119|1132136|303|02|2022|10|20220831|0.0|55.0|2.0|0.0
51687979|36648120|1132136|303|02|2022|10|20220831|0.0|76.0|2.0|0.0
51687980|36648117|1132136|303|02|2022|10|20220831|0.0|33.3333|2.0|0.0
51687982|36648118|1132136|303|02|2022|10|20220831|0.0|46.3333|2.0|0.0
51687983|36648252|1132136|303|02|2022|10|20220831|0.0|36.5|6.0|0.0
51687984|36648122|1132136|303|02|2022|10|20220831|0.0|26.6666|4.0|0.0
51687985|36648234|1132136|303|02|2022|10|20220831|0.0|40.0|3.0|0.0
51687986|36648235|1132136|303|02|2022|10|20220831|0.0|14.6666|3.0|0.0
51687987|36648123|1132136|303|02|2022|10|20220831|0.0|37.5|4.0|0.0
51687988|36648236|1132136|303|02|2022|10|20220831|0.0|35.0|3.0|0.0
51687989|36648121|1132136|303|02|2022|10|20220831|0.0|19.6666|5.0|0.0
51687990|36648125|1132136|303|02|2022|10|20220831|0.0|22.3333|5.0|0.0
51687991|36648147|1132136|303|02|2022|10|20220831|0.0|5.5|120.0|0.0
51687992|36648230|1132136|303|02|2022|10|20220831|0.0|32.5|2.0|0.0
51687993|36648124|1132136|303|02|2022|10|20220831|0.0|1013.0|1.0|0.0
51687994|36648127|1132136|303|02|2022|10|20220831|0.0|10.0|5.0|0.0
51687995|36648129|1132136|303|02|2022|10|20220831|0.0|11.0|5.0|0.0
51687996|36648207|1132136|303|02|2022|10|20220831|0.0|346.6666|3.0|0.0
51687997|36648208|1132136|303|02|2022|10|20220831|0.0|204.6666|2.0|0.0
51687998|36648209|1132136|303|02|2022|10|20220831|0.0|556.6666|2.0|0.0
51687999|36648128|1132136|303|02|2022|10|20220831|0.0|42.5|5.0|0.0
51688000|36648138|1132136|303|02|2022|10|20220831|0.0|401.6666|3.0|0.0
51688001|36648192|1132136|303|02|2022|10|20220831|0.0|453.3333|9.0|0.0
51688002|36648133|1132136|303|02|2022|10|20220831|0.0|42.5|3.0|0.0
51688003|36648135|1132136|303|02|2022|10|20220831|0.0|111.6666|3.0|0.0
51688004|36648134|1132136|303|02|2022|10|20220831|0.0|90.0|3.0|0.0
51688005|36648250|1132136|303|02|2022|10|20220831|0.0|279.0|6.0|0.0
51688006|36648136|1132136|303|02|2022|10|20220831|0.0|290.0|3.0|0.0
51688007|36648132|1132136|303|02|2022|10|20220831|0.0|85.0|3.0|0.0
51688008|36648137|1132136|303|02|2022|10|20220831|0.0|331.6666|3.0|0.0
51688009|36648193|1132136|303|02|2022|10|20220831|0.0|250.0|3.0|0.0
51688010|36648249|1132136|303|02|2022|10|20220831|0.0|252.5|6.0|0.0
51688011|36648142|1132136|303|02|2022|10|20220831|0.0|65.0|2.0|0.0
51688012|36648144|1132136|303|02|2022|10|20220831|0.0|52.0|5.0|0.0
51688013|36648140|1132136|303|02|2022|10|20220831|0.0|41.0|2.0|0.0
51688014|36648143|1132136|303|02|2022|10|20220831|0.0|85.0|2.0|0.0
51688015|36648139|1132136|303|02|2022|10|20220831|0.0|369.6666|2.0|0.0
51688016|36648141|1132136|303|02|2022|10|20220831|0.0|62.5|2.0|0.0
51688017|36648149|1132136|303|02|2022|10|20220831|0.0|42.5|3.0|0.0
51688018|36648152|1132136|303|02|2022|10|20220831|0.0|55.0|3.0|0.0
51688019|36648145|1132136|303|02|2022|10|20220831|0.0|396.6666|3.0|0.0
51688020|36648151|1132136|303|02|2022|10|20220831|0.0|65.0|3.0|0.0
51688021|36648148|1132136|303|02|2022|10|20220831|0.0|12.0|120.0|0.0
51688022|36648150|1132136|303|02|2022|10|20220831|0.0|52.5|3.0|0.0
51688023|36648146|1132136|303|02|2022|10|20220831|0.0|451.6666|3.0|0.0
51688024|36648168|1132136|303|02|2022|10|20220831|0.0|10.0|3.0|0.0
51688025|36648166|1132136|303|02|2022|10|20220831|0.0|8.25|150.0|0.0
51688026|36648233|1132136|303|02|2022|10|20220831|0.0|77.3333|3.0|0.0
51688027|36648237|1132136|303|02|2022|10|20220831|0.0|43.3333|3.0|0.0
51688028|36648165|1132136|303|02|2022|10|20220831|0.0|45.0|30.0|0.0
51688029|36648163|1132136|303|02|2022|10|20220831|0.0|25.0|2.0|0.0
51688030|36648164|1132136|303|02|2022|10|20220831|0.0|6.6666|80.0|0.0
51688031|36648167|1132136|303|02|2022|10|20220831|0.0|25.0|50.0|0.0
51688032|36648182|1132136|303|02|2022|10|20220831|0.0|80.6666|2.0|0.0
51688033|36648216|1132136|303|02|2022|10|20220831|0.0|29.3333|4.0|0.0
51688034|36648175|1132136|303|02|2022|10|20220831|0.0|65.0|3.0|0.0
51688035|36648177|1132136|303|02|2022|10|20220831|0.0|22.5|4.0|0.0
51688036|36648176|1132136|303|02|2022|10|20220831|0.0|141.6666|5.0|0.0
51688037|36648178|1132136|303|02|2022|10|20220831|0.0|120.0|3.0|0.0
51688038|36648221|1132136|303|02|2022|10|20220831|0.0|41.6666|2.0|0.0
51688039|36648173|1132136|303|02|2022|10|20220831|0.0|24.6666|3.0|0.0
51688040|36648170|1132136|303|02|2022|10|20220831|0.0|43.3333|12.0|0.0
51688041|36648169|1132136|303|02|2022|10|20220831|0.0|201.66|1.0|0.0
51688042|36648171|1132136|303|02|2022|10|20220831|0.0|5.5|3.0|0.0
51688043|36648174|1132136|303|02|2022|10|20220831|0.0|78.0|4.0|0.0
51688044|36648222|1132136|303|02|2022|10|20220831|0.0|37.6666|2.0|0.0
51688045|36648183|1132136|303|02|2022|10|20220831|0.0|592.1466|1.0|0.0
51688046|36648189|1132136|303|02|2022|10|20220831|0.0|200.0|2.0|0.0
51688047|36648199|1132136|303|02|2022|10|20220831|0.0|36.6666|4.0|0.0
51688048|36648200|1132136|303|02|2022|10|20220831|0.0|40.0|2.0|0.0
51688052|36648245|1132136|303|02|2022|10|20220831|0.0|25.6666|6.0|0.0
51688049|36648202|1132136|303|02|2022|10|20220831|0.0|25.0|3.0|0.0
51688050|36648201|1132136|303|02|2022|10|20220831|0.0|17.9666|3.0|0.0
51688051|36648204|1132136|303|02|2022|10|20220831|0.0|185.0|3.0|0.0
51688053|36648203|1132136|303|02|2022|10|20220831|0.0|40.0|2.0|0.0
51688054|36648246|1132136|303|02|2022|10|20220831|0.0|25.0|6.0|0.0
51688055|36648220|1132136|303|02|2022|10|20220831|0.0|72.5|50.0|0.0
51688056|36648217|1132136|303|02|2022|10|20220831|0.0|13.0|100.0|0.0
51688057|36648219|1132136|303|02|2022|10|20220831|0.0|7.0|100.0|0.0
51688058|36648218|1132136|303|02|2022|10|20220831|0.0|5.5|100.0|0.0
51688059|36648227|1132136|303|02|2022|10|20220831|0.0|79.6666|3.0|0.0
51688060|36648228|1132136|303|02|2022|10|20220831|0.0|92.0|3.0|0.0
51688061|36648229|1132136|303|02|2022|10|20220831|0.0|87.0|3.0|0.0
51688062|36648253|1132137|303|02|2022|10|20220830|0.0|0.0|1000.0|0.0
51688063|36648254|1132137|303|02|2022|10|20220830|0.0|0.0|2000.0|0.0
51860928|36824082|1137217|303|02|2022|11|20221004|0.0|14.9666|1500.0|0.0
51860929|36824083|1137217|303|02|2022|11|20221004|0.0|18.2666|1500.0|0.0
51860930|36824116|1137217|303|02|2022|11|20221004|0.0|6.0672|3000.0|0.0
51860931|36824051|1137217|303|02|2022|11|20221004|0.0|6.98|600.0|0.0
51860932|36824055|1137217|303|02|2022|11|20221004|0.0|365.0|30.0|0.0
51860933|36824066|1137217|303|02|2022|11|20221004|0.0|28.0|3000.0|0.0
51860934|36824069|1137217|303|02|2022|11|20221004|0.0|1.4482|60000.0|0.0
51860935|36824048|1137217|303|02|2022|11|20221004|0.0|5.03|5000.0|0.0
51860936|36824087|1137217|303|02|2022|11|20221004|0.0|34.9|1440.0|0.0
50983232|35928550|1109003|302|01|2022|12|20221110|0.0|125.9|34.0|0.0
50983229|35928547|1109003|302|01|2022|12|20221110|0.0|110.9|3.0|0.0
50983230|35928554|1109003|302|01|2022|12|20221110|0.0|119.9|10.0|0.0
50983231|35928556|1109003|302|01|2022|12|20221110|0.0|97.9|26.0|0.0
50983233|35928555|1109003|302|01|2022|12|20221110|0.0|97.9|86.0|0.0
50983234|35928558|1109003|302|01|2022|12|20221110|0.0|97.9|20.0|0.0
50983235|35928553|1109003|302|01|2022|12|20221110|0.0|119.9|34.0|0.0
50983236|35928557|1109003|302|01|2022|12|20221110|0.0|97.9|20.0|0.0
50983237|35928548|1109003|302|01|2022|12|20221110|0.0|110.9|3.0|0.0
50983238|35928549|1109003|302|01|2022|12|20221110|0.0|235.9|17.0|0.0
50983239|35928552|1109003|302|01|2022|12|20221110|0.0|129.9|17.0|0.0
50983240|35928551|1109003|302|01|2022|12|20221110|0.0|125.9|10.0|0.0
50983241|35928561|1109004|302|01|2022|12|20221205|0.0|8427.37|1.0|0.0
50983242|35928560|1109004|302|01|2022|12|20221205|0.0|18000.0|1.0|0.0
50983243|35928559|1109004|302|01|2022|12|20221205|0.0|18000.0|1.0|0.0
51095376|36042019|1112784|304|03|2022|12|20221207|0.0|477.17|45.0|0.0
51095373|36042014|1112782|304|03|2022|12|20221026|0.0|237600.0|1.0|0.0
51095374|36042029|1112784|304|03|2022|12|20221207|0.0|1419.01|6.0|0.0
51095375|36042025|1112784|304|03|2022|12|20221207|0.0|1300.55|5.0|0.0
51095377|36042028|1112784|304|03|2022|12|20221207|0.0|529.61|1.0|0.0
51095378|36042022|1112784|304|03|2022|12|20221207|0.0|147.5|40.0|0.0
51095379|36042017|1112784|304|03|2022|12|20221207|0.0|510.88|5.0|0.0
51095380|36042021|1112784|304|03|2022|12|20221207|0.0|224.5|12.0|0.0
51095381|36042026|1112784|304|03|2022|12|20221207|0.0|338.04|3.0|0.0
51095382|36042023|1112784|304|03|2022|12|20221207|0.0|970.84|1.0|0.0
51095383|36042024|1112784|304|03|2022|12|20221207|0.0|776.01|1.0|0.0
51095384|36042020|1112784|304|03|2022|12|20221207|0.0|947.25|3.0|0.0
51095385|36042018|1112784|304|03|2022|12|20221207|0.0|407.88|25.0|0.0
51095386|36042027|1112784|304|03|2022|12|20221207|0.0|3614.13|1.0|0.0
51095387|36041942|1112780|304|03|2022|12|20220912|0.0|63.2|10.0|0.0
51095388|36041932|1112780|304|03|2022|12|20220912|0.0|256.35|10.0|0.0
51095389|36041936|1112780|304|03|2022|12|20220912|0.0|105.43|50.0|0.0
51095390|36041954|1112780|304|03|2022|12|20220912|0.0|1665.21|3.0|0.0
51095391|36041928|1112780|304|03|2022|12|20220912|0.0|28.03|15.0|0.0
51095392|36041960|1112780|304|03|2022|12|20220912|0.0|279.93|2.0|0.0
51095393|36041939|1112780|304|03|2022|12|20220912|0.0|2142.9|4.0|0.0
51095394|36041949|1112780|304|03|2022|12|20220912|0.0|166.0|30.0|0.0
51095395|36041929|1112780|304|03|2022|12|20220912|0.0|78.48|50.0|0.0
51095396|36041943|1112780|304|03|2022|12|20220912|0.0|63.93|10.0|0.0
51095397|36041947|1112780|304|03|2022|12|20220912|0.0|601.82|2.0|0.0
51095398|36041935|1112780|304|03|2022|12|20220912|0.0|256.35|10.0|0.0
51095399|36041940|1112780|304|03|2022|12|20220912|0.0|33.68|10.0|0.0
51095400|36041938|1112780|304|03|2022|12|20220912|0.0|20.17|10.0|0.0
51095401|36041958|1112780|304|03|2022|12|20220912|0.0|334.57|10.0|0.0
51095402|36041952|1112780|304|03|2022|12|20220912|0.0|193.8|20.0|0.0
51095403|36041931|1112780|304|03|2022|12|20220912|0.0|437.05|15.0|0.0
51095404|36041944|1112780|304|03|2022|12|20220912|0.0|65.78|10.0|0.0
51095405|36041930|1112780|304|03|2022|12|20220912|0.0|37.07|30.0|0.0
51095406|36041956|1112780|304|03|2022|12|20220912|0.0|2333.24|15.0|0.0
51095407|36041957|1112780|304|03|2022|12|20220912|0.0|5829.65|2.0|0.0
51095408|36041953|1112780|304|03|2022|12|20220912|0.0|0.48|1000.0|0.0
51095409|36041959|1112780|304|03|2022|12|20220912|0.0|233.68|2.0|0.0
51095410|36041937|1112780|304|03|2022|12|20220912|0.0|85.15|20.0|0.0
51095411|36041941|1112780|304|03|2022|12|20220912|0.0|62.73|10.0|0.0
51095412|36041946|1112780|304|03|2022|12|20220912|0.0|265.84|5.0|0.0
51095413|36041934|1112780|304|03|2022|12|20220912|0.0|253.02|10.0|0.0
51095414|36041948|1112780|304|03|2022|12|20220912|0.0|407.29|5.0|0.0
51095415|36041950|1112780|304|03|2022|12|20220912|0.0|3531.94|3.0|0.0
51095416|36041951|1112780|304|03|2022|12|20220912|0.0|2563.73|15.0|0.0
51095417|36041933|1112780|304|03|2022|12|20220912|0.0|24.5|30.0|0.0
51095418|36041945|1112780|304|03|2022|12|20220912|0.0|212.0|25.0|0.0
51095419|36041997|1112781|304|03|2022|12|20221019|0.0|179.42|5.0|0.0
51095423|36041962|1112781|304|03|2022|12|20221019|0.0|28.75|5.0|0.0
51095420|36041985|1112781|304|03|2022|12|20221019|0.0|14.77|10.0|0.0
51095421|36041961|1112781|304|03|2022|12|20221019|0.0|7.4|20.0|0.0
51095422|36041965|1112781|304|03|2022|12|20221019|0.0|60.19|10.0|0.0
51095424|36041971|1112781|304|03|2022|12|20221019|0.0|266.1|10.0|0.0
51095425|36041992|1112781|304|03|2022|12|20221019|0.0|51.72|10.0|0.0
51095426|36042008|1112781|304|03|2022|12|20221019|0.0|159.93|10.0|0.0
51095427|36041990|1112781|304|03|2022|12|20221019|0.0|3.92|20.0|0.0
51095428|36042007|1112781|304|03|2022|12|20221019|0.0|327.23|10.0|0.0
51095429|36041973|1112781|304|03|2022|12|20221019|0.0|56.77|10.0|0.0
51095430|36041964|1112781|304|03|2022|12|20221019|0.0|25.08|10.0|0.0
51095431|36042006|1112781|304|03|2022|12|20221019|0.0|19.77|10.0|0.0
51095432|36041967|1112781|304|03|2022|12|20221019|0.0|1.42|100.0|0.0
51095433|36041976|1112781|304|03|2022|12|20221019|0.0|28.94|10.0|0.0
51095434|36041970|1112781|304|03|2022|12|20221019|0.0|5.5|100.0|0.0
51095435|36041986|1112781|304|03|2022|12|20221019|0.0|3.58|100.0|0.0
51095436|36041983|1112781|304|03|2022|12|20221019|0.0|25.17|20.0|0.0
51095437|36041982|1112781|304|03|2022|12|20221019|0.0|4.45|20.0|0.0
51095438|36042004|1112781|304|03|2022|12|20221019|0.0|1.43|10.0|0.0
51095439|36041984|1112781|304|03|2022|12|20221019|0.0|25.08|10.0|0.0
51095440|36042001|1112781|304|03|2022|12|20221019|0.0|118.25|2.0|0.0
51095441|36041998|1112781|304|03|2022|12|20221019|0.0|103.43|5.0|0.0
51095442|36042012|1112781|304|03|2022|12|20221019|0.0|30.05|5.0|0.0
51095443|36041979|1112781|304|03|2022|12|20221019|0.0|257.06|10.0|0.0
51095444|36042013|1112781|304|03|2022|12|20221019|0.0|98.37|5.0|0.0
51095445|36041980|1112781|304|03|2022|12|20221019|0.0|225.4|5.0|0.0
51095446|36042003|1112781|304|03|2022|12|20221019|0.0|1.02|100.0|0.0
51095447|36041993|1112781|304|03|2022|12|20221019|0.0|58.03|10.0|0.0
51095448|36041989|1112781|304|03|2022|12|20221019|0.0|6.19|20.0|0.0
51095449|36042010|1112781|304|03|2022|12|20221019|0.0|51.83|5.0|0.0
51095450|36042002|1112781|304|03|2022|12|20221019|0.0|61.7|2.0|0.0
51095451|36041996|1112781|304|03|2022|12|20221019|0.0|256.68|5.0|0.0
51095452|36041978|1112781|304|03|2022|12|20221019|0.0|19.29|20.0|0.0
51095453|36042009|1112781|304|03|2022|12|20221019|0.0|9.32|5.0|0.0
51095454|36041977|1112781|304|03|2022|12|20221019|0.0|24.29|16.0|0.0
51095455|36041966|1112781|304|03|2022|12|20221019|0.0|44.02|5.0|0.0
51095456|36041988|1112781|304|03|2022|12|20221019|0.0|3.87|20.0|0.0
51095457|36041972|1112781|304|03|2022|12|20221019|0.0|270.15|5.0|0.0
51095458|36041991|1112781|304|03|2022|12|20221019|0.0|634.0|2.0|0.0
51095459|36042011|1112781|304|03|2022|12|20221019|0.0|97.43|8.0|0.0
51095460|36041963|1112781|304|03|2022|12|20221019|0.0|10.25|10.0|0.0
51095461|36041968|1112781|304|03|2022|12|20221019|0.0|2.34|100.0|0.0
51095462|36042005|1112781|304|03|2022|12|20221019|0.0|3.48|5.0|0.0
51095463|36041995|1112781|304|03|2022|12|20221019|0.0|98.08|20.0|0.0
51095464|36041987|1112781|304|03|2022|12|20221019|0.0|5.81|20.0|0.0
51095465|36041969|1112781|304|03|2022|12|20221019|0.0|3.18|100.0|0.0
51095466|36041999|1112781|304|03|2022|12|20221019|0.0|42.27|10.0|0.0
51095467|36041974|1112781|304|03|2022|12|20221019|0.0|32.95|10.0|0.0
51095468|36041975|1112781|304|03|2022|12|20221019|0.0|49.93|10.0|0.0
51095469|36042000|1112781|304|03|2022|12|20221019|0.0|52.46|2.0|0.0
51095470|36041994|1112781|304|03|2022|12|20221019|0.0|1.4|300.0|0.0
51095471|36041981|1112781|304|03|2022|12|20221019|0.0|527.2|1.0|0.0
51095472|36042015|1112783|304|03|2022|12|20221207|0.0|42.43|150.0|0.0
51095473|36042016|1112783|304|03|2022|12|20221207|0.0|47.63|30.0|0.0
51095474|36042071|1112785|304|03|2022|12|20221116|0.0|321.49|100.0|0.0
51095475|36042051|1112785|304|03|2022|12|20221116|0.0|35.46|200.0|0.0
51095476|36042066|1112785|304|03|2022|12|20221116|0.0|379.09|20.0|0.0
51095477|36042070|1112785|304|03|2022|12|20221116|0.0|12.48|150.0|0.0
51095478|36042068|1112785|304|03|2022|12|20221116|0.0|124.65|18.0|0.0
51095479|36042069|1112785|304|03|2022|12|20221116|0.0|267.46|30.0|0.0
51095480|36042037|1112785|304|03|2022|12|20221116|0.0|0.81|2000.0|0.0
51095481|36042031|1112785|304|03|2022|12|20221116|0.0|2.77|600.0|0.0
51095482|36042035|1112785|304|03|2022|12|20221116|0.0|0.71|3000.0|0.0
51095483|36042053|1112785|304|03|2022|12|20221116|0.0|83.74|60.0|0.0
51095484|36042063|1112785|304|03|2022|12|20221116|0.0|207.48|15.0|0.0
51095485|36042034|1112785|304|03|2022|12|20221116|0.0|1.14|200.0|0.0
51095486|36042046|1112785|304|03|2022|12|20221116|0.0|280.11|15.0|0.0
51095487|36042054|1112785|304|03|2022|12|20221116|0.0|5.76|100.0|0.0
51095488|36042065|1112785|304|03|2022|12|20221116|0.0|530.94|30.0|0.0
51095489|36042049|1112785|304|03|2022|12|20221116|0.0|275.32|400.0|0.0
51095490|36042056|1112785|304|03|2022|12|20221116|0.0|73.39|150.0|0.0
51095491|36042040|1112785|304|03|2022|12|20221116|0.0|133.71|100.0|0.0
51095492|36042059|1112785|304|03|2022|12|20221116|0.0|11.0|300.0|0.0
51095496|36042060|1112785|304|03|2022|12|20221116|0.0|1.64|100.0|0.0
51095493|36042030|1112785|304|03|2022|12|20221116|0.0|0.72|3500.0|0.0
51095494|36042064|1112785|304|03|2022|12|20221116|0.0|418.98|20.0|0.0
51095495|36042052|1112785|304|03|2022|12|20221116|0.0|66.25|30.0|0.0
51095497|36042072|1112785|304|03|2022|12|20221116|0.0|162.33|10.0|0.0
51095498|36042061|1112785|304|03|2022|12|20221116|0.0|212.48|20.0|0.0
51095499|36042033|1112785|304|03|2022|12|20221116|0.0|1.39|2500.0|0.0
51095500|36042042|1112785|304|03|2022|12|20221116|0.0|20.26|600.0|0.0
51095501|36042050|1112785|304|03|2022|12|20221116|0.0|188.18|20.0|0.0
51095502|36042058|1112785|304|03|2022|12|20221116|0.0|1.13|4500.0|0.0
51095503|36042047|1112785|304|03|2022|12|20221116|0.0|721.89|20.0|0.0
51095504|36042062|1112785|304|03|2022|12|20221116|0.0|145.38|150.0|0.0
51095505|36042057|1112785|304|03|2022|12|20221116|0.0|0.8|2000.0|0.0
51095506|36042048|1112785|304|03|2022|12|20221116|0.0|134.89|500.0|0.0
51095507|36042032|1112785|304|03|2022|12|20221116|0.0|0.61|300.0|0.0
51095508|36042038|1112785|304|03|2022|12|20221116|0.0|1.12|50.0|0.0
51095509|36042039|1112785|304|03|2022|12|20221116|0.0|5.14|240.0|0.0
51095510|36042043|1112785|304|03|2022|12|20221116|0.0|44.9|250.0|0.0
51095511|36042067|1112785|304|03|2022|12|20221116|0.0|75.0|15.0|0.0
51095512|36042044|1112785|304|03|2022|12|20221116|0.0|65.75|200.0|0.0
51095513|36042036|1112785|304|03|2022|12|20221116|0.0|1.45|100.0|0.0
51095514|36042041|1112785|304|03|2022|12|20221116|0.0|20.69|1300.0|0.0
51095515|36042045|1112785|304|03|2022|12|20221116|0.0|82.85|100.0|0.0
51095516|36042055|1112785|304|03|2022|12|20221116|0.0|55.91|50.0|0.0
51687896|36648099|1132134|303|02|2022|9|20220823|0.0|9725.66|2.0|0.0
51687893|36648080|1132134|303|02|2022|9|20220823|0.0|1132.63|5.0|0.0
51687894|36648104|1132134|303|02|2022|9|20220823|0.0|331.37|1.0|0.0
51687895|36648084|1132134|303|02|2022|9|20220823|0.0|622.47|1.0|0.0
51687897|36648082|1132134|303|02|2022|9|20220823|0.0|1481.88|7.0|0.0
51687898|36648096|1132134|303|02|2022|9|20220823|0.0|903.5|1.0|0.0
51687899|36648090|1132134|303|02|2022|9|20220823|0.0|630.0|4.0|0.0
51687900|36648085|1132134|303|02|2022|9|20220823|0.0|1560.0|1.0|0.0
51687901|36648093|1132134|303|02|2022|9|20220823|0.0|279.0|1.0|0.0
51687902|36648101|1132134|303|02|2022|9|20220823|0.0|3090.36|6.0|0.0
51687903|36648109|1132134|303|02|2022|9|20220823|0.0|2862.91|1.0|0.0
51687904|36648087|1132134|303|02|2022|9|20220823|0.0|2466.18|1.0|0.0
51687905|36648105|1132134|303|02|2022|9|20220823|0.0|49.56|5.0|0.0
51687906|36648094|1132134|303|02|2022|9|20220823|0.0|4519.35|1.0|0.0
51687907|36648102|1132134|303|02|2022|9|20220823|0.0|499.0|2.0|0.0
51687908|36648103|1132134|303|02|2022|9|20220823|0.0|799.9|5.0|0.0
51687909|36648095|1132134|303|02|2022|9|20220823|0.0|3380.0|1.0|0.0
51687910|36648098|1132134|303|02|2022|9|20220823|0.0|2406.22|1.0|0.0
51687911|36648091|1132134|303|02|2022|9|20220823|0.0|172.6|5.0|0.0
51687912|36648100|1132134|303|02|2022|9|20220823|0.0|4343.45|1.0|0.0
51687913|36648089|1132134|303|02|2022|9|20220823|0.0|1560.0|7.0|0.0
51687914|36648097|1132134|303|02|2022|9|20220823|0.0|322.4|1.0|0.0
51687915|36648083|1132134|303|02|2022|9|20220823|0.0|1592.85|1.0|0.0
51687916|36648106|1132134|303|02|2022|9|20220823|0.0|286.19|2.0|0.0
51687917|36648108|1132134|303|02|2022|9|20220823|0.0|858.22|1.0|0.0
51687918|36648079|1132133|303|02|2022|9|20220824|0.0|303225.7766|1.0|0.0
51687919|36648078|1132132|303|02|2022|9|20220727|0.0|1385.67|12.0|0.0
