seq_item_licitacao|seq_licitacao|seq_orgao|cod_orgao|num_ano_referencia|num_mes_referencia|num_lote|dsc_lote|cod_item|num_item|dsc_item|dsc_unid_medida
47012465|1440783|304|03|2024|12|13|LOTE 13|1493|13|CAP PVC SOLDAVEL DE 25MM|PECA
47012496|1440783|304|03|2024|12|57|LOTE 57|1557|57|TE PVC PB OCRE DN 100MM ESGOTO COM OS ANEIS DE BORRACHA|PECA
47012466|1440783|304|03|2024|12|32|LOTE 32|1502|32|LUVA REDUCAO PVC SOLD.25X20MM|PECA
47012485|1440783|304|03|2024|12|64|LOTE 64|1441|64|"JOELHO FERRO GALV. 1/2"" X 90GR"|PECA
47012551|1440785|304|03|2024|12|1|LOTE 1|5792|1|LUVA DE RASPA AO CROMO DE SEGURANCA COM REFORCO NAS PALMAS E DEDOS CANO LONGO PARA PROTECAO DAS MAOS CONTRA AGENTES CORTANTES E PERFURANTES TAMANHO 9|PR
47012532|1440784|304|03|2024|12|2|LOTE 2|1813|2|TAMPAO FF ARTICULADO DE 600MM|PECA
47012464|1440783|304|03|2024|12|30|LOTE 30|1492|30|"LUVA PVC LR 32MM X 1"""|PECA
47012523|1440783|304|03|2024|12|5|LOTE 5|4742|5|LUVA DE PVC DEFOFOFO JEI DN 150MM|PECA
47012451|1440782|304|03|2024|12|1|LOTE 1|4453|1|SUBSTRATO CROMOGENICO ONPG MUG|CAIXA
47012521|1440783|304|03|2024|12|3|LOTE 3|4368|3|TUBO PVC RIGIDO DN100CLAS20 CLASSE 20 ABNT NBR 5647 NBR 6588|PECA
47012534|1440784|304|03|2024|12|4|LOTE 4|1815|4|TAMPAO T30 FF BASE 620X490MM MEDIDA DA TAMPA 548X418MM|PECA
47012541|1440785|304|03|2024|12|8|LOTE 8|1782|8|CAPA DE CHUVA DE TAMANHO UNICO|PECA
47012553|1440785|304|03|2024|12|7|LOTE 7|5789|7|MASCARA FACIAL 14 CONFECCIONADA COM TECNOLOGIA ALCRYN COM RESPIRADOR|UN
47012530|1440784|304|03|2024|12|6|LOTE 6|2285|6|TAMPAO DE FOFO DUCTIL TIPO T5|PECA
47012457|1440783|304|03|2024|12|11|LOTE 11|1392|11|"ADAPTADOR PVC LR 25MM X 3/4"""|PECA
47012526|1440783|304|03|2024|12|7|LOTE 7|6030|7|CURVA DEFOFO DE 200 MM X 22°30|PC
47012548|1440785|304|03|2024|12|3|LOTE 3|4098|3|LUVA DE SEGURANCA CONFECCIONADA EM VAQUETA INTEGRAL COM REFORCO NA PALMA COM PUNHO CONFECCIONADO EM RASPA POSSUI ELASTICO DE AJUSTE NO DORSO 20 CM|PAR
47012489|1440783|304|03|2024|12|60|LOTE 60|4416|60|TIL PVC OCRE JE DN100X100MM|PECA
47012506|1440783|304|03|2024|12|54|LOTE 54|4404|54|LUVA SIMPLES PVC RIGIDO OCRE JE DN100MM|PECA
47012533|1440784|304|03|2024|12|3|LOTE 3|1814|3|TAMPAO T22 FF BASE 448X336MM MEDIDA DA TAMPA 388X276MM|PECA
47012550|1440785|304|03|2024|12|16|LOTE 16|5790|16|BOTINA DE SEGURANCA COM BIQUEIRA DE COMPOSITE|PR
47012453|1440782|304|03|2024|12|4|LOTE 4|6026|4|MEIO DE CULTURA LAURYL SULFATE BROTH|EB
47012494|1440783|304|03|2024|12|63|LOTE 63|4677|63|TUBO ACO GALV.COSTURA 1.1/4|PECA
47012510|1440783|304|03|2024|12|69|LOTE 69|1393|69|NIPLE DUPLO GALV DE DN 11240MM NBR NM ISO 71 NBR 6943 NBR 6323 NRB 5580 ROSCAS EXTERNAS|PECA
47012554|1440785|304|03|2024|12|5|LOTE 5|6021|5|CREME PROTETOR SOLAR COM FPS 60, PARA PROTECAO CONTRA RAIOS SOLARES E ACAO REPELENTE DE INSETOS PESO LIQUIDO 1 LITRO|P
47012527|1440783|304|03|2024|12|8|LOTE 8|6031|8|CURVA DEFOFO DE 150MM X 90°|PC
47012493|1440783|304|03|2024|12|62|LOTE 62|4676|62|TUBO ACO GALV.COM COSTURA 1|PECA
47012537|1440785|304|03|2024|12|6|LOTE 6|1777|6|CREME DE PROTECAO PARA PELE|POTE
47012540|1440785|304|03|2024|12|4|LOTE 4|1776|4|LUVA CONFECEM PVC COM FORRO RESISTENTE A MATERIAL CORTANTE PALMA ASPERA ANTIDERRAPANTE NO TAMANHO 36 CM|PAR
47012509|1440783|304|03|2024|12|68|LOTE 68|1389|68|NIPLE DUPLO GALV DE DN 1 25MM NBR NM ISO 71 NBR 6943 NBR 6323 NBR 5580 ROSCAS INTERNAS|PECA
47012542|1440785|304|03|2024|12|11|LOTE 11|1784|11|CONE DE SINALIZACAO DE TRANSITO|PECA
47012495|1440783|304|03|2024|12|58|LOTE 58|1552|58|TE PVC PB OCRE D150MM ESGOTO COM OS ANEIS DE BORRACHA|PECA
47012463|1440783|304|03|2024|12|38|LOTE 38|1491|38|TE PVC SOLDAVEL DE 25MM|PECA
47012475|1440783|304|03|2024|12|49|LOTE 49|1579|49|JOELHO PVC OCRE PB 100MM X 90O|PECA
47012480|1440783|304|03|2024|12|15|LOTE 15|3088|15|"COLAR TOMADA PVC 32MM X 1/2""."|PECA
47012538|1440785|304|03|2024|12|14|LOTE 14|2377|14|TELA TAPUME DE 50 METROS.|PECA
47012512|1440783|304|03|2024|12|65|LOTE 65|1447|65|BUCHA DE REDUCAO GALVANIZADO 34X12 NBR NM ISO 71 NBR 6943 NBR 5580 NBR 6323|PECA
47012469|1440783|304|03|2024|12|17|LOTE 17|1514|17|"COLAR TOMADA PVC 50MM X 1/2"""|PECA
47012476|1440783|304|03|2024|12|50|LOTE 50|1580|50|JOELHO PVC OCRE PB 150MM X 90O|PECA
47012504|1440783|304|03|2024|12|53|LOTE 53|4390|53|LUVA DE CORRER PVC RIGIDO JE DN100MM|PECA
47012516|1440783|304|03|2024|12|27|LOTE 27|1477|27|LUVA CORRER PVC JE 60MM COM ANEL DE BORRACHA NBR 5648 NBR 5647|PECA
47012536|1440785|304|03|2024|12|20|LOTE 20|1062|20|FITA ANTIDERRAPANTE|UNIDADE
47012543|1440785|304|03|2024|12|12|LOTE 12|1786|12|PLACA DE SINALIZACAO DE TRANSITO|PECA
47012546|1440785|304|03|2024|12|18|LOTE 18|4096|18|CALCADO DE SEG TIPO BOTINA|PAR
47012549|1440785|304|03|2024|12|9|LOTE 9|5394|9|PROTETOR AURICULAR AUDITIVO TIPO PLUG COMPOSTO DE TRÊS ANGES CONFECCIONADO EM SILICONE COM CORDAO DE XACAO CONFECCIONADO EM ALGODAOATENUACAO NRRSF 13DBATÓXICOHIPOALÉRGICO E LAVAVEL|UN
47012488|1440783|304|03|2024|12|43|LOTE 43|4400|43|TUBO PVC OCRE JEI DN150MMX6M|PECA
47012520|1440783|304|03|2024|12|74|LOTE 74|2244|74|LUVA SIMPLES DE FERRO GALV DN 12 15MM NBR NM ISO 71 NBR 6943 NBR 6323 NBR 5580|PECA
47012522|1440783|304|03|2024|12|4|LOTE 4|4374|4|LUVA DE PVC DEFOFO DN100MM|PECA
47012535|1440784|304|03|2024|12|1|LOTE 1|4327|1|TAMPAO DE FF ARTICULADO DE 800MM|PECA
47012460|1440783|304|03|2024|12|28|LOTE 28|1485|28|"LUVA PVC LR 20MM X 1/2"""|PECA
47012498|1440783|304|03|2024|12|51|LOTE 51|1578|51|JOELHO PVC OCRE PB 150MM X 45° COM ANEIS DE BORRACHA|PECA
47012515|1440783|304|03|2024|12|14|LOTE 14|1474|14|CAP PVC ROSCA DE 12 NBR 5648|PECA
47012555|1440785|304|03|2024|12|17|LOTE 17|6022|17|LUVA PARA PROTECAO CONTRA AGENTES MECANICOS, QUIMICOS, TERMICOS E UMIDADE PROVENIENTE DE OPERACOES COM O USO DE AGUA CA15100|PR
47012474|1440783|304|03|2024|12|36|LOTE 36|1559|36|"NIPLE DUPLO PVC ROSCA 1/2"""|PECA
47012458|1440783|304|03|2024|12|18|LOTE 18|1411|18|"JOELHO PVC LR 20MM X 1/2"" X 90"|PECA
47012468|1440783|304|03|2024|12|16|LOTE 16|1511|16|"COLAR TOMADA PVC 40MM X 1/2"""|PECA
47012478|1440783|304|03|2024|12|2|LOTE 2|2701|2|TUBO PVC SOLD.25MM X 06 METROS|PECA
47012519|1440783|304|03|2024|12|73|LOTE 73|1529|73|TE GALVANIZADO DN 125MM NBR NM ISO 71 NBR 6943 NBR 5580 NBR 6323 ROSCAS INTERNAS|PECA
47012483|1440783|304|03|2024|12|34|LOTE 34|3892|34|LUVA REDUCAO PVC SOLD.75X60MM|PECA
47012467|1440783|304|03|2024|12|33|LOTE 33|1506|33|LUVA REDUCAO PVC SOLD. 32X25MM|PECA
47012484|1440783|304|03|2024|12|35|LOTE 35|3893|35|LUVA REDUCAO PVC SOLD.85X75MM|PECA
47012531|1440784|304|03|2024|12|5|LOTE 5|1812|5|TAMPAO T 19 FF DÚCTIL SISTEMA DE ABERTURA ARTICULACAO|PECA
47012539|1440785|304|03|2024|12|10|LOTE 10|3303|10|PROTETOR AURICULAR TIPO CONCHA|PECA
47012552|1440785|304|03|2024|12|19|LOTE 19|5793|19|BOTA DE SEGURANCA PARA ELETRICISTA|PR
47012456|1440783|304|03|2024|12|10|LOTE 10|1388|10|"ADAPTADOR PVC LR 20MM X 1/2"""|PECA
47012518|1440783|304|03|2024|12|72|LOTE 72|1526|72|TE GALVANIZADO DN 34 20MM NBR NM ISO 71 NBR 6943 NBR 5580 NBR 6323 ROSCAS INTERNAS|PECA
47012501|1440783|304|03|2024|12|47|LOTE 47|4384|47|JOELHO PVC RIGIDO PB JE DN100MMX45°|PECA
47012511|1440783|304|03|2024|12|70|LOTE 70|1396|70|NIPLE DUPLO GALV DE DN 2 50MM NBR NM ISO 71 NBR 6943NBR 6323 ROSCAS EXTERNAS|PECA
47012524|1440783|304|03|2024|12|31|LOTE 31|5380|31|LUVA CORRER JE PVC BRANCA 1|PECA
47012528|1440783|304|03|2024|12|9|LOTE 9|6032|9|CURVA DEFOFO DE 200MM X 90°|PC
47012502|1440783|304|03|2024|12|46|LOTE 46|4386|46|JOELHO PVC RIGIDO PB JE DN 100MMX90°|PECA
47012470|1440783|304|03|2024|12|19|LOTE 19|1532|19|JOELHO PVC SOLDAVEL 20MMX90O|PECA
47012472|1440783|304|03|2024|12|24|LOTE 24|1543|24|"LUVA SIMPLES PVC RIGIDO 1/2"""|PECA
47012491|1440783|304|03|2024|12|41|LOTE 41|4382|41|TUBO PVC RIGIDO DN150MM X 06M|PECA
47012486|1440783|304|03|2024|12|44|LOTE 44|4383|44|CAP PVC RIGIDO JE DN100MM|PECA
47012459|1440783|304|03|2024|12|12|LOTE 12|1462|12|BUCHA RED. PVC SOLDAVEL 25X20|PECA
47012513|1440783|304|03|2024|12|25|LOTE 25|1471|25|LUVA CORRER PVC JE 32MM COM ANEL DE BORRACHA NBR 5648 NBR 5647|PECA
47012547|1440785|304|03|2024|12|2|LOTE 2|4097|2|LUVA PARA PROCEDIMENTO EM LATEX COR BRANCA EMBALAGEM COM 100 UNIDADES|CAIXA
47012455|1440782|304|03|2024|12|6|LOTE 6|6028|6|HIDROXIDO DE SODIO PA GRANULADO|EB
47012500|1440783|304|03|2024|12|40|LOTE 40|4381|40|TUBO PVC RIGIDO DN100MMX06M|PECA
47012529|1440783|304|03|2024|12|59|LOTE 59|6033|59|TE PVC PB OCRE 200MM ESGOTO COM OS ANEIS DE BORRACHA NBR 10569 NBR 7362|PC
47012499|1440783|304|03|2024|12|55|LOTE 55|1582|55|LUVA CORRER PVC OCRE JE 100MM ESGOTO COM ANEIS DE BORRACHA|PECA
47012487|1440783|304|03|2024|12|42|LOTE 42|4399|42|TUBO PVC OCRE JEI DN100MMX6M|PECA
47012490|1440783|304|03|2024|12|39|LOTE 39|4424|39|"VEDANTE PARA TORNEIRA DE 1/2"""|UNIDADE
47012492|1440783|304|03|2024|12|61|LOTE 61|4674|61|TUBO ACO GALV.COM COSTURA 1/2|PECA
47012508|1440783|304|03|2024|12|67|LOTE 67|1384|67|NIPLE DUPLO GALV DE DN 34 20MM NBR NM ISO 71 NBR 6943 NBR 6323 NBR 5580 ROSCAS EXTERNAS|PECA
47012482|1440783|304|03|2024|12|21|LOTE 21|3875|21|JOELHO PVC SOLD.20MM X 45 GR|PECA
47012450|1440782|304|03|2024|12|2|LOTE 2|1341|2|DPD PARA DETERMINACAO DE CLORO|UNIDADE
47012503|1440783|304|03|2024|12|52|LOTE 52|4388|52|LUVA SIMPLES PVC RIGIDO PB JE DN 100MM|PECA
47012545|1440785|304|03|2024|12|13|LOTE 13|2376|13|FILME DE POLIETILENO TIPO LINEAR|PECA
47012505|1440783|304|03|2024|12|56|LOTE 56|4393|56|TE PVC RIGIDO BBP JE DN100MM|PECA
47012525|1440783|304|03|2024|12|6|LOTE 6|6029|6|CURVA DEFOFO DE 150 MM X 22°30|PC
47012462|1440783|304|03|2024|12|37|LOTE 37|1488|37|TE PVC SOLDAVEL DE 20MM|PECA
47012497|1440783|304|03|2024|12|48|LOTE 48|1577|48|JOELHO PVC OCRE PB 100MM X 45° COM ANEIS DE BORRACHA|PECA
47012517|1440783|304|03|2024|12|71|LOTE 71|1522|71|TE GALVANIZADO DN 12 NBR NM ISO 71 NBR 6943 NBR 5580 NBR 6323 ROSCAS INTERNAS|PECA
47012471|1440783|304|03|2024|12|20|LOTE 20|1535|20|JOELHO PVC SOLDAVEL 25MMX90O|PECA
47012454|1440782|304|03|2024|12|5|LOTE 5|6027|5|VERMELHO DE FENOL PA|EB
47012473|1440783|304|03|2024|12|23|LOTE 23|1548|23|LUVA SIMPLES PVC SOLD. 20MM|PECA
47012481|1440783|304|03|2024|12|22|LOTE 22|1420|22|"JOELHO PVC ROSCA 1/2"" X 90 GR"|PECA
47012452|1440782|304|03|2024|12|3|LOTE 3|6025|3|ORTO TOLUDINA|FR
47012479|1440783|304|03|2024|12|45|LOTE 45|2979|45|CAP PVC OCRE JE 100M C/ANEL|PECA
47012507|1440783|304|03|2024|12|66|LOTE 66|1379|66|NIPLE DUPLO GALV DE DN 12 15MM NBR NM ISO 71 NBR 6943 NBR 6323 NBR 5580 ROSCAS EXTERNAS|PECA
47012514|1440783|304|03|2024|12|26|LOTE 26|1473|26|LUVA CORRER PVC JE 40MM COM ANEL DE BORRACHA NBR 5648 NBR 5647|PECA
47012544|1440785|304|03|2024|12|15|LOTE 15|1787|15|BOTA DE BORRACHA DE CANO LONGO|PAR
47012461|1440783|304|03|2024|12|29|LOTE 29|1489|29|"LUVA PVC LR 25MM X 3/4"""|PECA
47012477|1440783|304|03|2024|12|1|LOTE 1|2700|1|TUBO PVC SOLD.20MM X 06 METROS|PECA
45638673|1401104|303|02|2024|8|4|MEDICAMENTOS ODONTOLOGICOS E SIMILARES|6775|2|CONDICIONADOR DE ACIDO POLIACRILICO VILTRO 11,5% CONDICIONADOR DENTINARIO, TENDO EM SUA COMPOSICAO ACIDO POLI ACRILICO, GLICERINA, AZUL DE METILENO, AGUA DEIONIZADA, FRASCO COM 10 ML E REGISTRO DE MS CONDICIONADOR PARA AUXILIO NA ADESAO DOS CIMENTOS DE IONOMERO DE VIDRO, AGI NA LAMA DENTINARIA DISPERSA, DURANTE OS PREPAROS VIDRO CONDICIONADOR DEL OU SIMILAR|UND
45638674|1401104|303|02|2024|8|4|MEDICAMENTOS ODONTOLOGICOS E SIMILARES|13910|7|ANESTESICO TOPICO GEL BENZOCAINA 200 MGG PESO LIQUIDO 12G|UND
45638651|1401104|303|02|2024|8|1|INSUMOS ODONTOLOGICOS|17195|141|ROLO DE PAPEL PARA ESTERILIZACAO 15CM X 100M CONFECCIONADO PARA EMBALAR PRODUTOS MEDICOS, HOSPITALARES E ODONTOLOGICOS A SEREM ESTERILIZADOS EM QUALQUER PROCESSO EM AUTOCLAVES A EMBALAGEM DO PAPEL GRAU CIRURGICO PARA ESTERILIZACAO POSSUI UMA CARACTERISTICA TERMO SENSIVEL, ATOXICA E RESISTENTE, SENDO UM LADO EM PAPEL GRAU CIRURGICO E O OUTRO, EM FILME LAMINADO DE POLIESTER COM POLIPROPILENO|RL
45638669|1401104|303|02|2024|8|2|INSTRUMENTOS ODONTOLOGICOS E CIRURGICOS|2814|6|CURETA GRACEY 5 E 6|UND
45638691|1401104|303|02|2024|8|2|INSTRUMENTOS ODONTOLOGICOS E CIRURGICOS|17475|132|DETERGENTE ENZIMATICO 5 ENZIMAS INDICADO ESPECIFICAMENTE PARA A LIMPEZA DE INSTRUMENTAL CIRURGICO, ARTIGOS MEDICOS E ODONTOLOGICOS, MANUALMENTE E OU ATRAVES DE LAVADORAS AUTOMATICAS DE LIMPEZA, COM A FINALIDADE DE REMOVER AS SUJIDADES ORGANICAS E EVITAR A FORMACAO DE COMPOSTOS INSOLUVEIS NA SUPERFICIE DESSES DISPOSITIVOS 1 OU 5 LITROS OU DETERGENTE ENZIMATICO COM 4 ENZIMAS AMILASE, PROTEASE, LIPASE, CARBOIDRASE, SOLUBILIZANTE, TENSOATIVO NAO IONICO, SOLVENTE, CORANTE, ESSENCIA FLORAL E AGUA DEIONIZADA COM PROPORCAO DE MISTURA DE 5ML PARA 1 LITRO DE AGUA, PARA IMERSAO POR 5 MINUTOS, COM 24 MESES DE VALIDADE|FR
45638706|1401105|303|02|2024|8|1|LOTE 1|1320|8|SALGADINHOS DE FESTA VARIADOS ASSADOS|CEN
45638709|1401105|303|02|2024|8|1|LOTE 1|1317|4|BOLO CASEIRO TIPO BROA DE FUBÁ PRODUTO ASSADO CONSTITUÍDO POR MISTURAS EM PÓ DE VÁRIOS INGREDIENTES FARINHAS OU AMIDO ACÚCAR FERMENTO QUÍMICO OU BIOLÓGICO PODENDO CONTER OVOS MANTEIGA GORDURAS E OUTRAS SUBSTÂNCIAS ALIMENTÍCIAS QUE CARACTERI|KG
45638657|1401104|303|02|2024|8|1|INSUMOS ODONTOLOGICOS|17201|145|SUGADOR ODONTOLOGICO DESCARTAVEL TUBO CONFECCIONADO EM PVC, TRANSPARENTE E ATOXICO ARAME EM ACO ESPECIAL, DESENVOLVIDO PARA FIXACAO IMEDIATA NA POSICAO DESEJADA PELO PROFISSIONAL PONTEIRA CONFECCIONADA EM PVC MACIO, ATOXICO, COLORIDO, VAZADA|PCT
45638568|1401104|303|02|2024|8|2|INSTRUMENTOS ODONTOLOGICOS E CIRURGICOS|17102|76|PINCA GOIVA COM PONTA ATIVA CURVADA EM ACO INOXIDAVEL, AUTOCLAVAVEL|UND
45638624|1401104|303|02|2024|8|1|INSUMOS ODONTOLOGICOS|17166|82|BROCA ESFERICA DIAMANTADA N°1012|UND
45638654|1401104|303|02|2024|8|4|MEDICAMENTOS ODONTOLOGICOS E SIMILARES|17198|83|GLUCONATO DE CLOREXIDINA A 0,12%|UND
45638665|1401104|303|02|2024|8|2|INSTRUMENTOS ODONTOLOGICOS E CIRURGICOS|17209|108|SONDA TENTACANULA 16 CM|UND
45638666|1401104|303|02|2024|8|2|INSTRUMENTOS ODONTOLOGICOS E CIRURGICOS|17236|110|LAMINA SE BISTURI N° 15 DESCARTAVEL MATERIAL ACO CARBOMO, ESTERIL E DE USO UNICO MAXICOR OU SIMILAR|CX
45638682|1401104|303|02|2024|8|2|INSTRUMENTOS ODONTOLOGICOS E CIRURGICOS|17466|114|FORCEPS ADULTO 16 PRODUTO ACO INOXIDAVEL, AUTOCLAVAVEL, INDICADO PARA CIRURGIA ODONTOLOGICA, EXERESE DO ELEMENTO DENTARIO|UND
45638703|1401104|303|02|2024|8|2|INSTRUMENTOS ODONTOLOGICOS E CIRURGICOS|17487|134|SUGADOR CIRURGICO DESCARTAVEL ESTERIL EMBALAGEM C 40 UNIDADES E 80 PONTEIRAS TUBO COM EXCLUSIVA CURVATURA CONFECCIONADO EM PVC RIGIDO DIAMETRO DO TUBO 5MM PONTEIRAS E PORTAFILTRO CONFECCIONADO EM POLIETILENO DE ALTA DENSIDADE DIAMETRO DAS PONTEIRAS 2,5MM E 3,0MM|CX
45638606|1401104|303|02|2024|8|5|RESINAS E OUTROS|17145|85|APLICADOR MICROBRUSH EMBALAGEM C 100 ALL PRIME, KG SORENSEN OU ANGELUS|UND
45638546|1401103|303|02|2024|8|4|LOTE 4|15262|4|COMPUTADOR DESKTOP COMPLETO PROCESSADOR INTEL CORE I59400F29 GHZ NÚCLEOS9 MB LGA 1151 PLACA MAE COMPATÍVEL COM SOQUETE LGA1151 MONITOR LCD 185 COM CAPACIDADE DE 8 GB MEMÓRIA RAM OU SUPERIOR DISCO DE ARMAZENAMENTO SSD MÍNIMO 120 GB OU HD COM NO MÍNIMO 1 TB DRIVE GRAVADOR E LEITOR DE CDDVD PLACA OU ADAPTADOR DE REDE WIRELESS TECLADO MULTIMÍDIA PORTUGUÊS BRASIL ABNT2 MOUSE ÓTICO 06 PORTAS UBS CAIXAS DE SOM USB TODOS OS COMPONENTES DO PRODUTO DEVERAO SER NOVOS SEM USO REFORMA OU RECONDICIONAMENTO GARANTIA 12 MESES|UND
45638591|1401104|303|02|2024|8|5|RESINAS E OUTROS|17130|38|RESINA COMPOSTA DIRETA MICRO HIBRIDA, FOTOPOLIMERIZAVEL, RADIOPACA, CARGA MICROGLASS, QUE PROPORCIONE EFEITO CAMALEAO, COM MATRIZ ORGANICA DE BISGMA E PARTICULAS DE BARIO OU BISGMA E PARTICULAS DE ZIRCONIASILICA, NA COR A1 DE ESMALTE|UND
45638550|1401103|303|02|2024|8|12|LOTE 12|17296|12|TELA DE PROJECAO MODELO TRIPE, RETRATIL, PORTATIL, COM AJUSTE DE INCLINACAO E ALTURA MINIMA DE 2,8 M, FUNCION MANUAL COM TELA EM TECIDO MATE WHITE BRANCO OPACO, CORRECAO DO EFEITO TRAPEZIO GANHO DE BRILHO MINIMO DE 1,3 VEZES NA COR BRANCA E VERSO PRETO TUBO INTERNO E ESTOJO EM ALUMINIO, PINTADO COM PINTURA ELETROSTATICA MEDINDO APROXIMADAMENTE 1,80 X 1,80 DIAGONAL APROXIMADAMENTE 100 TRIPE E PES METALICO CROMADO COM GARANTIA MINIMA DE 12 MESES|UND
45638561|1401104|303|02|2024|8|2|INSTRUMENTOS ODONTOLOGICOS E CIRURGICOS|17095|48|PINCA DE INSTRUMENTO CLINICO PRODUZIDO EM ACO INOXIDAVEL, CONHECIDA COMO PINCA DE ALGODAO, OU PINCA UNIVERSAL, COM PINO GUIA UTILIZADA PARA USO GERAL NO CONSULTORIO, APREENSAO DE OBJETOS TAIS COMO GAZE, ALGODAO, FIOS,ETC|UND
45638605|1401104|303|02|2024|8|5|RESINAS E OUTROS|17144|81|FIO DENTAL 500M|UND
45638638|1401104|303|02|2024|8|1|INSUMOS ODONTOLOGICOS|17181|119|BROCA ESFERICA DIAMANTADA N°3018|UND
45638643|1401104|303|02|2024|8|1|INSUMOS ODONTOLOGICOS|17186|129|BROCA DIAMANTADA CILINDRICA N°3216|UND
45638692|1401104|303|02|2024|8|3|EQUIPAMENTOS|17476|15|INDICADOR BIOLOGICO PARA MONITORAR CICLOS DE ESTERILIZACAO A VAPOR APRESENTACAO FRASCO PLASTICO CONTENDO TIRA DE PAPEL COM ESPOROS DE GEOBACILLUSSTEAROTHERMOPHILUS ATCC 7953 E AMPOLA DE VIDRO SELADA COM MEIO DE CULTURA CAIXA COM 10 UNIDADES|CX
45638701|1401104|303|02|2024|8|1|INSUMOS ODONTOLOGICOS|17485|152|KITS DE SAUDE BUCAL CONTENDO ESCOVA ADOLESCENTE COM CERDAS DE NYLON MACIAS, COM 4 FILEIRAS DE TUFOS, CONTENDO DE 30 A 38 TUFOS, APARADAS UNIFORMEMENTE E ARREDONDADAS, CABO RETO E OPACO, MEDINDO ENTRE 16 A 18 CM, ANATOMICO COM EMPUNHADURA, EMBALADAS INDIVIDUALMENTE EM ESTOJO DE PVC CRISTAL, FIO DENTAL DE 25M E CREME DENTAL DE 50G, EM SACOLINHA DE PVC GROSSO, LEITOSO, ONDE SEJA POSSIVEL IMPRESSAO DE PUBLICIDADE INSTITUCIONAL DA PREFEITURA, COM FECHO DE PRESSAO|UND
45638557|1401104|303|02|2024|8|2|INSTRUMENTOS ODONTOLOGICOS E CIRURGICOS|17091|31|ESPATULA DUPLA N°60 PRODUTO ACO INOXIDAVEL, AUTOCLAVAVEL , UTILIZADA PARA MANIPULACAO DE DIVERSOS MATERIAIS|UND
45638566|1401104|303|02|2024|8|2|INSTRUMENTOS ODONTOLOGICOS E CIRURGICOS|17100|68|CURETA DE LUCAS N° 86 CIRURGICA EM ACO INOXIDAVEL, AUTOCLAVAVEL|UND
45638573|1401104|303|02|2024|8|5|RESINAS E OUTROS|17109|18|FLUOR GEL NEUTRO 1,23% COM SABOR TUTTIFRUTI, OU MENTA ETC VALIDADE 2 ANOS|UND
45638589|1401104|303|02|2024|8|5|RESINAS E OUTROS|17127|28|RESINA FLUIDA RESINA FLOW A3 CONSISTENCIA FLUIDA DEVE APRESENTAR ALTA FLUIDEZ, FACILITANDO O ACESSO EM PEQUENAS CAVIDADES RESINA COMPOSTA FOTOPOLIMERIZAVEL, HIBRIDA E COM MICROPARTICULAS VITROCERAMICAS PRODUTO DE MAIOR RESISTENCIA, E MENOR CONTRACAO DE POLIMERIZACAO RESINA MASTER FLOW BIODINAMICA, RESINA APPLIC OU FLOW MAQUIRA|UND
45638623|1401104|303|02|2024|8|1|INSUMOS ODONTOLOGICOS|17165|79|BROCA DIAMANTADA N°1019 DE 28 MM|UND
45638629|1401104|303|02|2024|8|1|INSUMOS ODONTOLOGICOS|17172|101|BROCA ESFERICA DIAMANTADA N°1016|UND
45638553|1401103|303|02|2024|8|8|LOTE 8|17210|8|CAIXA DE SOM AMPLIFICADA BLUETOOTH POTENCIA RMS 700W, DISPLAY DE CONTROLE SIM, BLUETOOTH SIM, ENTRADAS USB, AUXILIAR, MICROFONE E MICRO SD CARD, RAADIO AMFM SIM, FM, EQUALIZADOR SIM, BATERIA SIM ALCA PARA TRANSPORTE SIM, CONTEUDO DA EMBALAGEM 01 CAIXA DE SOM E MANUAL DE INSTRUCOES, DIMENSOES ALTURA 42 CM, LARGURA 39 CM, PROFUNDIDADE 69 CM , PESO 16,60KG GARANTIA12 MESES|UND
45638554|1401104|303|02|2024|8|3|EQUIPAMENTOS|16117|4|ACESSORIO APL IONOMERO VIDRO ACESSORIO APLICADOR DE IONOMERO DE VIDRO EM CAPSULA, FACIL DE LIMPAR AUTOCLAVAVEL POSSUI UMA TRAVA PARA A CAPSULA QUE CONTROLA A EXTRUSAO DE MATERIAL PARTES MECANICAS EM ACO INOX PROPORCIONA FACIL ACESSO A CAVIDADE ORAL|UND
45638583|1401104|303|02|2024|8|4|MEDICAMENTOS ODONTOLOGICOS E SIMILARES|17120|57|CIMENTO DE HIDROXIDO DE CALCIO RADIOPACO, PARA CAPEAMENTO POPULAR E FORRAMENTO CAVITARIO, CONTENDO 01TUBO DE PASTA BASE 13GRS, 1 TUBO DE PASTA CATALIZADORA 11GRS E 1 BLOCO DE MISTURA|KIT
45638608|1401104|303|02|2024|8|4|MEDICAMENTOS ODONTOLOGICOS E SIMILARES|17147|78|HEMOSTATICO LIQUIDO A BASE DE CLORETO DE ALUMINIO|FR
45638610|1401104|303|02|2024|8|1|INSUMOS ODONTOLOGICOS|17149|14|BROCA ENDO Z|UND
45638708|1401105|303|02|2024|8|1|LOTE 1|5772|2|BOLO CASEIRO SABORES VARIADOS CHOCOLATECOCOABACAXILARANJA PRODUTO ASSADO NO SABOR ESCOLHIDO CONSTITUÍDO POR MISTURAS EM PÓ DE VÁRIOS INGREDIENTES FARINHAS OU AMIDO ACÚCAR FERMENTO QUÍMICO OU BIOLÓGICO PODENDO CONTER OVOS MANTEIGA GOR|UND
45638615|1401104|303|02|2024|8|1|INSUMOS ODONTOLOGICOS|17154|39|BROCA DIAMANTADA CHAMA 1111|UND
45638597|1401104|303|02|2024|8|5|RESINAS E OUTROS|17136|62|KIT DE COROA DE POLIESTER PARA DENTES DECIDUOS ANTERIORES KIT 4154 COM 64 UNIDADES|KIT
45638600|1401104|303|02|2024|8|5|RESINAS E OUTROS|17139|70|ESPATULA PARA INSERCAO DE RESINA COMPOSTA, AUTOCLAVAVEL ESPATULA BANHADAS EM NITRETO DE TITANIO|UND
45638601|1401104|303|02|2024|8|2|INSTRUMENTOS ODONTOLOGICOS E CIRURGICOS|17140|96|EXTRATOR DE TARTARO MACCAL 1314|UND
45638630|1401104|303|02|2024|8|1|INSUMOS ODONTOLOGICOS|17173|104|BROCA ESFERICA DIAMANTADA N°1019|UND
45638639|1401104|303|02|2024|8|1|INSUMOS ODONTOLOGICOS|17182|121|BROCA ESFERICA DIAMANTADA N°3168 FF|UND
45638672|1401104|303|02|2024|8|2|INSTRUMENTOS ODONTOLOGICOS E CIRURGICOS|2821|21|CURETA GRACEY 13 E 14|UND
45638675|1401104|303|02|2024|8|4|MEDICAMENTOS ODONTOLOGICOS E SIMILARES|13911|12|ANESTESICO CLORIDRATO DE LIDOCAINA 2 % E EPINEFRINA 1100000 CAIXA COM 50 TUBETES DE 1,8ML, CONDICIONADOS EM BLISTERS LACRADOS COM 10 TUBETES CADA TUBETE DE VIDRO|CX
45638688|1401104|303|02|2024|8|2|INSTRUMENTOS ODONTOLOGICOS E CIRURGICOS|17472|126|FORCEPS ADULTO 151 PRODUTO ACO INOXIDAVEL, AUTOCLAVAVEL, INDICADO PARA CIRURGIA ODONTOLOGICA, EXERESE DO ELEMENTO DENTARIO|UND
45638704|1401104|303|02|2024|8|3|EQUIPAMENTOS|17488|35|MINI INCUBADORA PARA TESTAR O PROCESSO DE ESTERILIZACAO A VAPOR NO CICLO DE 24 OU 48 HORAS CAPACIDADE DE INCUBAR ATE 4 INDICADORES BIOLOGICOS|UND
45638713|1401105|303|02|2024|8|3|LOTE 3|6576|7|REFRIGERANTE 2 L DE PRIMEIRA LINHA SABOR GUARANÁ EMBALAGEM PRIMÁRIA EMBALAGEM PLÁSTICA 2 LITROS SECUNDÁRIA EMBALAGEM DE MERCADO QUE PRESERVE A INTEGRIDADE E QUALIDADE DO PRODUTO ROTULAGEM DEVE ATENDER A LEGISLACAO VIGENTE VALIDADE MÍNIMA DE 4|FR
45638717|1401106|303|02|2024|8|-1|LOTE NÃO INFORMADO|17462|1|CONTRATACAO DE EMPRESA ESPECIALIZADA EM CONTRUCAO CIVIL, PARA EXECUCAO DA REFORMA DA UBSUNIDADE BASICA DE SAUDE,DENOMINADAUNIDADE TOPAZIO, NA LOCALIDADE DA RUA HERMES MARTINS BENTO,SN°, BAIRRO SAO GERALDOCAETEMG, COM FORNECIMENTO DE MATERIAL E MAODEOBRA NECESSARIA PARA EXECUTAR A REFORMA|UND
45638620|1401104|303|02|2024|8|1|INSUMOS ODONTOLOGICOS|17159|59|BROCA DIAMANTADA CONICA TOPO ARREDONDADO 4137|UND
45638567|1401104|303|02|2024|8|2|INSTRUMENTOS ODONTOLOGICOS E CIRURGICOS|17101|72|PINCA PORTA AGULHA MAYOHEGAR 14 CM EM ACO INOXIDAVEL, AUTOCLAVAVEL|UND
45638598|1401104|303|02|2024|8|5|RESINAS E OUTROS|17137|66|KIT DE COROA DE POLIESTER PARA DENTES PERMANENTES ANTERIORES COM 64 UNIDADES|KIT
45638619|1401104|303|02|2024|8|1|INSUMOS ODONTOLOGICOS|17158|55|BROCA DIAMANTADA PONTA LAPIS 3195 FF|UND
45638631|1401104|303|02|2024|8|1|INSUMOS ODONTOLOGICOS|17174|105|BROCA DIAMANTADA ALTA ROTACAO CILINDRICA N°1090|UND
45638655|1401104|303|02|2024|8|4|MEDICAMENTOS ODONTOLOGICOS E SIMILARES|17199|87|CLOREXIDINA 2% , 300 ML|UND
45638642|1401104|303|02|2024|8|1|INSUMOS ODONTOLOGICOS|17185|127|BROCA DIAMANTADA CILINDRICA N°3215|UND
45638559|1401104|303|02|2024|8|2|INSTRUMENTOS ODONTOLOGICOS E CIRURGICOS|17093|40|SONDA MILIMETRADA WILLIAMS INDICADA PARA SONDAR SULCO PERIODONTAL E MEDIR PROFUNDIDADE DE BOLSA PERIODONTAL|UND
45638571|1401104|303|02|2024|8|5|RESINAS E OUTROS|17106|8|PLACAS DE VIDRO COM 5MM CONFECCIONADO EM VIDRO POLIDO FORMATO RETANGULAR DOIS LADOS LISOS POSSUI CANTOS ARREDONDADOS DIMENSOES 150X70X05MM UTILIZADA PARA MANIPULACAO DE MATERIAIS ODONTOLOGICOS MARCA GOLGRAN, PRISMA OU SIMILAR|UND
45638581|1401104|303|02|2024|8|4|MEDICAMENTOS ODONTOLOGICOS E SIMILARES|17118|53|CIMENTO DE HIDROXIDO DE CALCIO PA HIDROXIDO DE CALCIO PA 99 A 100,5%|UND
45638658|1401104|303|02|2024|8|1|INSUMOS ODONTOLOGICOS|17202|146|LUPA DE AUMENTO FRONTAL, DE CABECA|UND
45638552|1401103|303|02|2024|8|1|LOTE 1|16752|1|CADEIRA DE ESCRITORIO COM APOIA DE BRACOS FIXO, BASE GIRATORIA REFORCADA COM REGULAGEM DE ALTURA DO ASSENTO A GAS, REGULAGEM DE INCLINACAO POR SISTEMA DE RELAX, COM DIMENSOES AVANTAJADAS QUE SUPORTA COM CONFORTO E ERGONOMIA ATE 150KG, ESPUMA INJETADA COM REVESTIMENTOMEDIDAS DO ASSENTO 53 X 48CM MEDIDAS DO ENCOSTO 53 X 49CMLARGURA TOTAL 67CM GARANTIA DE FABRICA 1 ANO|UND
45638698|1401104|303|02|2024|8|3|EQUIPAMENTOS|17482|25|APARELHO DE ULTRASSOM ODONTOLOGICO PORTATIL, COM JATO DE BICARBONATO, INDICADO PARA A REALIZACAO DE PROCEDIMENTOS DE PROFILAXIA EM ODONTOLOGIA INDICACAO REMOCAO DO BIOFILME NAO MINERALIZADO PLACA BACTERIANA, MANCHAS RESIDUAIS E CAMADA OXIDADA DO AMALGAMA REMOCAO DO BIOFILME MINERALIZADO TARTARO SUB E SUPRA GENGIVAL DESCRICAO EQUIPAMENTO ULTRASSOM COM JATEAMENTO DE BICARBONATO|UND
45638707|1401105|303|02|2024|8|1|LOTE 1|1321|10|SALGADINHOS DE FESTA VARIADOS FRITOS|CEN
45638543|1401103|303|02|2024|8|7|LOTE 7|12594|7|COMPUTADOR PORTÁTIL NOTEBOOK COM PROCESSADOR NO MÍNIMO INTEL CORE I5 OU AMD A10 OU SIMILAR 1 UM DISCO RÍGIDO DE 500 GIGABYTES VELOCIDADE DE ROTACAO 7200 RPM UNIDADE COMBINADA DE GRAVACAO DE DISCO ÓTICO CD DVD ROM MEMÓRIA RAM DE 08 OITO GIGABYTES EM 02 DOIS MÓDULOS IDÊNTICOS DE 04 QUATRO GIGABYTES CADA DO TIPO SDRAM DDR4 2133 MHZ OU SUPERIOR TELA LCD DE 14 OU 15 POLEGADAS WIDESCREEN SUPORTAR RESOLUCAO 1600 X 900 PIXELS TECLADO DEVERÁ CONTER TODOS OS CARACTERES DA LÍNGUA PORTUGUESA INCLUSIVE C E ACENTOS NAS MESMAS POSICOES DO TECLADO PADRAO ABNT2 MOUSE TOUCHPAD COM 02 DOIS BOTOES INTEGRADOS MOUSE ÓPTICO COM CONEXAO USB E BOTAO DE ROLAGEM SCROLL INTERFACES DE REDE|UND
45638563|1401104|303|02|2024|8|2|INSTRUMENTOS ODONTOLOGICOS E CIRURGICOS|17097|56|BANDEJA CLINICA 22,0 CM X 17,0 CM PRODUTO ACO INOXIDAVEL, NAO PERFURADA, PODEM SER UTILIZADAS EM ESTUFAS OU AUTOCLAVES APOS LIMPEZA E SECAGEM UTILIZADA PARA ACONDICIONAMENTO DE INSTRUMENTAIS E MEDICACAO EM GERAL|UND
45638584|1401104|303|02|2024|8|4|MEDICAMENTOS ODONTOLOGICOS E SIMILARES|17121|61|PASTA DE HIDROXIDO DE CALCIO, COM PH 12,5 ACONDICIONADO EM SERINGA PASTA BRANCA, RADIOPACA, VISCOSA BIOCOMPATIVEL, CONTENDO HIDROXIDO DE CALCIO A 35% NUMA SOLUCAO AQUOSA KIT CONTENDO 1 SERINGA DE 1,2 ML E PONTAS APLICADORAS ULTRA XS|KIT
45638599|1401104|303|02|2024|8|2|INSTRUMENTOS ODONTOLOGICOS E CIRURGICOS|17138|92|PONTA PARA ULTRASSOM PARA PERIO, SUB E SUPRA GENGIVAL, EXTREMIDADE FINA, PARA REMOCAO DE TARTARO NAS FACES VESTIBULARES, LINGUAIS OU SERVICAIS DOS DENTES ANTERIORES USO COM REFRIGERACAO AUTOCLAVAVEL ROSCA DEVE SER INTERNA PARA USO EM APARELHO DE ULTRASSOMPROFILAXIA ORTUS BIOSCALER MICRODONT G1, GD 1 , SCHUSTER T1 S, T2S SIMILARES|UND
45638645|1401104|303|02|2024|8|1|INSUMOS ODONTOLOGICOS|17188|133|BROCA CARBITE CA N°4 ESFERICAS MULTILAMINADA BAIXA ROTACAO|UND
45638648|1401104|303|02|2024|8|1|INSUMOS ODONTOLOGICOS|17191|138|BROCA CARBITE CA N°8 ESFERICAS MULTILAMINADA BAIXA ROTACAO|UND
45638660|1401104|303|02|2024|8|1|INSUMOS ODONTOLOGICOS|17204|148|OLEO LUBRIFICANTE P ALTA E BAIXA ROTACAO COMPOSICAO OLEO MINERAL ATOXICO DE BAIXA VISCOSIDADE FRASCO COM 200 ML E 1 BICO APLICADOR|UND
45638663|1401104|303|02|2024|8|1|INSUMOS ODONTOLOGICOS|17207|150|BROQUEIRO PARA BROCAS DE BAIXA ROTACAO MATERIAL ALUMINIO, MODELO ESTOJO ABERTO, CAPACIDADE CERCA DE 60 BROCAS, INDICACAO P ESTERILIZACAO, AUTOCLAVAVEL|UND
45638714|1401105|303|02|2024|8|3|LOTE 3|6577|9|REFRIGERANTE 2 L DE PRIMEIRA LINHA SABOR LARANJA EMBALAGEM PRIMÁRIA EMBALAGEM PLÁSTICA 2 LITROS SECUNDÁRIA EMBALAGEM DE MERCADO QUE PRESERVE A INTEGRIDADE E QUALIDADE DO PRODUTO ROTULAGEM DEVE ATENDER A LEGISLACAO VIGENTE VALIDADE MÍNIMA DE 4|FR
45638565|1401104|303|02|2024|8|2|INSTRUMENTOS ODONTOLOGICOS E CIRURGICOS|17099|64|AFASTADOR DE MINESOTA EM ACO INOXIDAVEL, AUTOCLAVAVEL|UND
45638641|1401104|303|02|2024|8|1|INSUMOS ODONTOLOGICOS|17184|125|BROCA ESFERICA DIAMANTADA N°3118 FF|UND
45638683|1401104|303|02|2024|8|2|INSTRUMENTOS ODONTOLOGICOS E CIRURGICOS|17467|116|FORCEPS ADULTO 17 PRODUTO ACO INOXIDAVEL, AUTOCLAVAVEL, INDICADO PARA CIRURGIA ODONTOLOGICA, EXERESE DO ELEMENTO DENTARIO|UND
45638695|1401104|303|02|2024|8|4|MEDICAMENTOS ODONTOLOGICOS E SIMILARES|17479|91|FLUOR GEL ACIDULADO 1,23% COM SABOR, TUTTIFRUTI, OU MENTA ETC VALIDADE 2 ANOS|UND
45638560|1401104|303|02|2024|8|2|INSTRUMENTOS ODONTOLOGICOS E CIRURGICOS|17094|44|ESCULPIDOR DE HOLLEMBACK 3S PRODUTO ACO INOXIDAVEL, AUTOCLAVAVEL UTILIZADO PARA CONSTRUCAO DE ANATOMIA E ESCULTURA DENTAL GOLGRAN, FAVA OU SIMILAR|UND
45638577|1401104|303|02|2024|8|4|MEDICAMENTOS ODONTOLOGICOS E SIMILARES|17114|37|KIT CIMENTO PROVISORIO IRM CIMENTO DE OXIDO DE ZINCO E EUGENOL REFORCADO IRM PO LIQUIDO , INDICADO PARA RESTAURACOES TEMPORARIAS , CURATIVOS DE DEMORA OU FORRAMENTO CAVITARIO|CJ
45638633|1401104|303|02|2024|8|1|INSUMOS ODONTOLOGICOS|17176|109|BROCA DIAMANTADA AR PEDIATRICA ESFERICA N°1302|UND
45638650|1401104|303|02|2024|8|1|INSUMOS ODONTOLOGICOS|17194|140|ROLO DE PAPEL PARA ESTERILIZACAO 30CM X 100M CONFECCIONADO PARA EMBALAR PRODUTOS MEDICOS, HOSPITALARES E ODONTOLOGICOS A SEREM ESTERILIZADOS EM QUALQUER PROCESSO EM AUTOCLAVES A EMBALAGEM DO PAPEL GRAU CIRURGICO PARA ESTERILIZACAO POSSUI UMA CARACTERISTICA TERMO SENSIVEL, ATOXICA E RESISTENTE, SENDO UM LADO EM PAPEL GRAU CIRURGICO E O OUTRO, EM FILME LAMINADO DE POLIESTER COM POLIPROPILENO|RL
45638614|1401104|303|02|2024|8|1|INSUMOS ODONTOLOGICOS|17153|34|PONTA DE ACABAMENTO FORMATO DE PERA 3168 FF|UND
45638579|1401104|303|02|2024|8|4|MEDICAMENTOS ODONTOLOGICOS E SIMILARES|17116|45|ANESTESICO MEPIVACAINA 3% SEM VASOCONSTRITOR ISENTO DE METILPARABENO EMBALAGEM EM BLISTERS LACRADOS COM 10 TUBETES, MINIMIZANDO A CONTAMINACAO EXTERNA ACONDICIONADOS EM TUBETES DE CRISTAL, QUE PERMITEM A MELHOR VISUALIZACAO DO REFLUXO SANGUINEO MINIMIZAM A DOR DURANTE A APLICACAO, PELA MAIOR SUAVIDADE DE DESLIZAMENTO DO EMBOLO SILICONIZADO MANTEM A EFICIENCIA DO PRODUTO INALTERADA DURANTE TODO PERIODO DE VALIDADE, PELA AUSENCIA DE POROSIDADE DO CRISTAL CAIXA COM 50 TUBETES DE 1,8ML, ACONDICIONADOS EM BLISTERS LACRADOS COM 10 TUBETES CADA|CX
45638596|1401104|303|02|2024|8|5|RESINAS E OUTROS|17135|58|RESINA COMPOSTA DIRETA MICRO HIBRIDA, FOTOPOLIMERIZAVEL, RADIOPACA, CARGA MICROGLASS, QUE PROPORCIONE EFEITO CAMALEAO, COM MATRIZ ORGANICA DE BISGMA E PARTICULAS DE BARIO OU BISGMA E PARTICULAS DE ZIRCONIASILICA, NA COR A3 OPACA|UND
45638602|1401104|303|02|2024|8|2|INSTRUMENTOS ODONTOLOGICOS E CIRURGICOS|17141|100|EXTRATOR DE TARTARO MACCAL 1718|UND
45638626|1401104|303|02|2024|8|1|INSUMOS ODONTOLOGICOS|17169|90|BROCA ESFERICA DIAMANTADA N°1013|UND
45638632|1401104|303|02|2024|8|1|INSUMOS ODONTOLOGICOS|17175|107|BROCA DIAMANTADA ALTA ROTACAO CILINDRICA N°1092|UND
45638677|1401104|303|02|2024|8|4|MEDICAMENTOS ODONTOLOGICOS E SIMILARES|16172|17|PASTA PROFILATICA SABOR TUTTIFRUTTI, TUBO COM 90 G COM FLUOR INDICADA PARA UTILIZACAO EM PROCEDIMENTOS DE LIMPEZA, REMOCAO DE DETRITOS, MANCHAS, PLACAS BACTERIANAS E POLIMENTO, COMO PARTE DO TRATAMENTO PROFISSIONAL DE PROFILAXIA DE CARIES E DOENCAS PERIODONTAIS|UND
45638685|1401104|303|02|2024|8|2|INSTRUMENTOS ODONTOLOGICOS E CIRURGICOS|17469|120|FORCEPS ADULTO18R PRODUTO ACO INOXIDAVEL, AUTOCLAVAVEL, INDICADO PARA CIRURGIA ODONTOLOGICA, EXERESE DO ELEMENTO DENTARIO|UND
45638697|1401104|303|02|2024|8|4|MEDICAMENTOS ODONTOLOGICOS E SIMILARES|17481|99|IONOMERO DE VIDRO FOTOPOLIMERIZAVEL CONJUNTO A1 KIT C 5G DE PO 2,5ML DE LIQUIDO PRIMER DE 2,5ML 1 ALPHA BOND DE 5ML|KIT
45638569|1401104|303|02|2024|8|2|INSTRUMENTOS ODONTOLOGICOS E CIRURGICOS|17103|80|JOGO DE ALAVANCAS SELDIN ADULTO KIT 3PECAS 1 ALAVANCA CURVA ESQUERDA, 1 ALAVANCA CURVA DIREITA E 1 ALAVANCA RETA, TAMBEM CONHECIDA COMO BANDEIRINHA PRODUTO EM ACO INOXIDAVEL, AUTOCLAVAVEL INSTRUMENTOS SAO UTILIZADOS PARA O PROCEDIMENTO ODONTOLOGICO DE LUXACAO DO DENTE GOLGRAN OU SIMILAR|KIT
45638575|1401104|303|02|2024|8|1|INSUMOS ODONTOLOGICOS|17111|9|ESCOVA DE ROBSON EXTREMIDADE RETA|UND
45638576|1401104|303|02|2024|8|4|MEDICAMENTOS ODONTOLOGICOS E SIMILARES|17112|27|PARAMONOCLOROFENOL CANFORADO MEDICAMENTO INTRACANAL, DE ACAO BACTERICIDA 20MLVALIDADE 2 ANOS|FR
45638649|1401104|303|02|2024|8|1|INSUMOS ODONTOLOGICOS|17192|139|OLEO LUBRIFICANTE PARA LUBRIFICACAO INTERNA DE TURBINAS, MICROMOTORES E INSTRUMENTOS, ANTES DE CADA CICLO DE ESTERILIZACAO|UND
45638548|1401103|303|02|2024|8|10|LOTE 10|17293|10|LOUSA QUADRO BRANCO120X90 CM, COM MOLURA MDF ALUMINIO REVESTIDA COM MELAMINA COM TAMPO DE CHAPA DE FIBRA DE MADEIRA 3MM DE RESFLORESTAMENTO ACABAMENTO EM PINTURA UV BRILHANTE COM PORTA CANETA EM PVC E CANTONEIRAS EM PLASTICO POLIESTIRENO ACOMPANHA KIT DE INSTALACAO COM FIXACAO INVISIVEL CARACTERISTICAS TECNICAS COM SUPORTE DE CANETA EM PVC 15 CM MEDIDAS 90X3X120 CENTIMETROS PESO 3,40 KG|UND
45638594|1401104|303|02|2024|8|5|RESINAS E OUTROS|17133|50|RESINA COMPOSTA DIRETA MICRO HIBRIDA, FOTOPOLIMERIZAVEL, RADIOPACA, CARGA MICROGLASS, QUE PROPORCIONE EFEITO CAMALEAO, COM MATRIZ ORGANICA DE BISGMA E PARTICULAS DE BARIO OU BISGMA E PARTICULAS DE ZIRCONIASILICA, NA COR A3,5 DE ESMALTE|UND
45638647|1401104|303|02|2024|8|1|INSUMOS ODONTOLOGICOS|17190|137|BROCA CARBITE CA N°7 ESFERICAS MULTILAMINADA BAIXA ROTACAO|UND
45638687|1401104|303|02|2024|8|2|INSTRUMENTOS ODONTOLOGICOS E CIRURGICOS|17471|124|FORCEPS ADULTO 150 PRODUTO ACO INOXIDAVEL, AUTOCLAVAVEL, INDICADO PARA CIRURGIA ODONTOLOGICA, EXERESE DO ELEMENTO DENTARIO|UND
45638634|1401104|303|02|2024|8|1|INSUMOS ODONTOLOGICOS|17177|111|BROCA DIAMANTADA AR PEDIATRICA CICLINDRICA N°1342|UND
45638578|1401104|303|02|2024|8|4|MEDICAMENTOS ODONTOLOGICOS E SIMILARES|17115|41|RESTAURADOR PROVISORIO LIVRE DE EUGENOL MENOR MICRO INFILTRACAO MARGINAL FACIL UTILIZACAO E REMOCAO COM INSTRUMENTAIS VASTA APLICACAO NOS PROCEDIMENTOS CLINICOS RESTAURADORES SABOR E ODOR AGRADAVEIS|UND
45638586|1401104|303|02|2024|8|4|MEDICAMENTOS ODONTOLOGICOS E SIMILARES|17124|69|IONOMERO DE VIDRO RESTAURADOR CAPSULA FOTOATIVADO BASEADO NA TECNOLOGIA IONGLASS, APRESENTANDO UMA MISTURA UNICA DE DIFERENTES TAMANHOS DE PARTICULAS DE VIDRO ULTRAFINAS ALTAMENTE REATIVAS ESTE VIDRO HIBRIDO BIOATIVO POSSIBILITA RESTAURACOES COM LONGA DURACAO, APRESENTANDO EXCELENTE MANUSEIO, RESISTENCIA E ESTETICA A PARTICULA DE CARGAS IONGLASS CONTEM IONS DE FLUOR E ESTRONCIO, QUE AUMENTAM SINERGICAMENTE A BIOREMINERALIZACAO DOS DENTES PONTA LARANJA TRANSPARENTE A TONALIDADE LARANJA IMPEDE QUE O MATERIAL TOME PRESA DE FORMA PREMATURA SOB A LUZ DO REFLETOR DURANTE A INSERCAO NA CAVIDADE ESTA INOVACAO GARANTE O MAXIMO CONTROLE DURANTE A APLICACAO REDUZINDO O DESPERDICIO REFORCADO CO|UND
45638616|1401104|303|02|2024|8|1|INSUMOS ODONTOLOGICOS|17155|43|BROCA DIAMANTADA CHAMA 1111 F|UND
45638694|1401104|303|02|2024|8|5|RESINAS E OUTROS|17478|98|ALGODAO EM ROLETE PACOTE CONTENDO COM 100 UNIDADES|PCT
45638617|1401104|303|02|2024|8|1|INSUMOS ODONTOLOGICOS|17156|47|BROCA DIAMANTADA CONICA ARREDONDADA 2134|UND
45638574|1401104|303|02|2024|8|4|MEDICAMENTOS ODONTOLOGICOS E SIMILARES|17110|22|BICARBONATO DE SODIO PARA PROFILAXIA ODONTOLOGICA, EXTRA FINO EM SACHET 40G|CX
45638671|1401104|303|02|2024|8|2|INSTRUMENTOS ODONTOLOGICOS E CIRURGICOS|2819|16|CURETA GRACEY 11 E 12|UND
45638680|1401104|303|02|2024|8|1|INSUMOS ODONTOLOGICOS|17162|71|BROCA DIAMANTADA N°3098|UND
45638705|1401104|303|02|2024|8|2|INSTRUMENTOS ODONTOLOGICOS E CIRURGICOS|17489|136|AVENTAL DESCARTAVEL MANGA LONGA COM PUNHO, GRAMATURA MINIMA DE 50 GM2 INDICADO PARA A FINALIDADE DE COBRIR E PROTEGER A REGIAO DO TORAX E MEMBROS SUPERIORES, EVITANDO CONTAMINACOES CRUZADAS EM AMBIENTES EXIGENTES DE LIMPEZA, ESTEREIS ETC|PCT
45638684|1401104|303|02|2024|8|2|INSTRUMENTOS ODONTOLOGICOS E CIRURGICOS|17468|118|FORCEPS ADULTO 18L PRODUTO ACO INOXIDAVEL, AUTOCLAVAVEL, INDICADO PARA CIRURGIA ODONTOLOGICA, EXERESE DO ELEMENTO DENTARIO|UND
45638547|1401103|303|02|2024|8|9|LOTE 9|17292|9|QUADRO BRANCO COM MOLDURA EM ALUMINIO E SUPORTE PARA APAGADOR, MEDIDA 150X120 CENTIMETROS, CONFECCIONADO EM CHAPA DE MADEIRA COM NO MINIMO 3MM DE ESPESSURA E REVESTIDO COM LAMINADO MELAMINICO FORMICA BRANCO BRILHANTE O PRODUTO DEVERA ATENDER AS NORMAS AMBIENTAIS VIGENTES, DE ACORDO COM AS INSTRUCOES NORMATIVAS DO IBAMA|UND
45638555|1401104|303|02|2024|8|1|INSUMOS ODONTOLOGICOS|16138|5|BROQUEIRO PARA BROCAS DE ALTA ROTACAO, MATERIAL ALUMINIO, MODELO ESTOJO ABERTO, CAPACIDADE CERCA DE 60 BROCAS, INDICACAO P ESTERILIZACAO, AUTOCLAVAVEL|UND
45638580|1401104|303|02|2024|8|4|MEDICAMENTOS ODONTOLOGICOS E SIMILARES|17117|49|ANESTESICO LOCAL 100 UNIDADES CLORIDRATO DE LIDOCAINA 2% COM FENILEFRINA CAIXA COM 100 TUBETES DE 1,8 ML|CX
45638607|1401104|303|02|2024|8|5|RESINAS E OUTROS|17146|89|CUNHA DE MADEIRA COLORIDA ANATOMICA VARIOS TAMANHOS , EMBALAGEM COM 100 UNIDADES|CX
45638656|1401104|303|02|2024|8|1|INSUMOS ODONTOLOGICOS|17200|144|AGUA DESTILADA PARA AUTOCLAVE 5 L|UND
45638710|1401105|303|02|2024|8|1|LOTE 1|1319|6|PAO DE QUEIJO ASSADO INGREDIENTES BÁSICOS ÁGUA FÉCULA DE MANDIOCA POLVILHO OVO ÓLEO DE SOJA MARGARINA QUEIJO SAL E LEITE INTEGRAL SEM GLÚTEN FORMATO ARREDONDADO TAMANHO COQUETEL ACONDICIONADO EM EMBALAGENS PRÓPRIAS PARA ALIMENTOS EM PE|KG
45638625|1401104|303|02|2024|8|1|INSUMOS ODONTOLOGICOS|17167|86|BROCA DIAMANTADA N°1057|UND
45638592|1401104|303|02|2024|8|5|RESINAS E OUTROS|17131|42|RESINA COMPOSTA DIRETA MICRO HIBRIDA, FOTOPOLIMERIZAVEL, RADIOPACA, CARGA MICROGLASS, QUE PROPORCIONE EFEITO CAMALEAO, COM MATRIZ ORGANICA DE BISGMA E PARTICULAS DE BARIO OU BISGMA E PARTICULAS DE ZIRCONIASILICA, NA COR A2 DE ESMALTE|UND
45638686|1401104|303|02|2024|8|2|INSTRUMENTOS ODONTOLOGICOS E CIRURGICOS|17470|122|FORCEPS ADULTO 101 PRODUTO ACO INOXIDAVEL, AUTOCLAVAVEL, INDICADO PARA CIRURGIA ODONTOLOGICA, EXERESE DO ELEMENTO DENTARIO|UND
45638549|1401103|303|02|2024|8|11|LOTE 11|17294|11|CADEIRA PLASTICA COM BRACO, DE COR BRANCA, MATERIAL POLIPROPILENO E ADITIVOS COM ANTIUV, CAPACIDADE ACIMA DE 150KG, USO IRRESTRITO, CERTIFICADA PELO INMETRO, MONOBLOCO, RESISTENTE E EMPILHAVEL, MEDIDAS APROXIMADAS ALTURA DO ASSENTO 42 CM, ALTURA DO ENCOSTO 79 CM, 56 CM DE LARGURA E 42 CM DE PROFUNDIDADE|UND
45638604|1401104|303|02|2024|8|5|RESINAS E OUTROS|17143|77|PINCEL PARA RESINA PELO SINTETICO INDICADO PARA APLICACAO DE OPACO E RESINA FOTOPOLIMERIZAVEL N°4 OU 6|UND
45638613|1401104|303|02|2024|8|1|INSUMOS ODONTOLOGICOS|17152|29|PONTA DE ACABAMENTO FORMATO DE CHAMA 3118 FF|UND
45638646|1401104|303|02|2024|8|1|INSUMOS ODONTOLOGICOS|17189|135|BROCA CARBITE CA N°6 ESFERICAS MULTILAMINADA BAIXA ROTACAO|UND
45638622|1401104|303|02|2024|8|1|INSUMOS ODONTOLOGICOS|17161|67|BROCA DIAMANTADA N° 3097|UND
45638545|1401103|303|02|2024|8|6|LOTE 6|14221|6|VENTILADOR DE COLUNA OSCILANTE DIAMETRO MÍNIMO DE 50 CM POTÊNCIA MÍNIMA DE 160 W ROTACAO MÍNIMA DE 1400 RPM GRADE METALICA VELOCIDADE REGULAVEL ALTURA REGULAVEL TENSAO110 V|UND
45638595|1401104|303|02|2024|8|5|RESINAS E OUTROS|17134|54|RESINA COMPOSTA DIRETA MICRO HIBRIDA, FOTOPOLIMERIZAVEL, RADIOPACA, CARGA MICROGLASS, QUE PROPORCIONE EFEITO CAMALEAO, COM MATRIZ ORGANICA DE BISGMA E PARTICULAS DE BARIO OU BISGMA E PARTICULAS DE ZIRCONIASILICA, NA COR A2 OPACA|UND
45638635|1401104|303|02|2024|8|1|INSUMOS ODONTOLOGICOS|17178|113|BROCA DIAMANTADA ALTA ROTACAO CONE INVERTIDO N°1034|UND
45638644|1401104|303|02|2024|8|1|INSUMOS ODONTOLOGICOS|17187|131|BROCA PARA REMOCAO DE AMALGAMA CILINDRICA N°1557|UND
45638652|1401104|303|02|2024|8|1|INSUMOS ODONTOLOGICOS|17196|142|FITA ZEBRADA PARA ESTERELIZACAO EM AUTOCLAVE APRESENTAR AMOSTRA|UND
45638659|1401104|303|02|2024|8|1|INSUMOS ODONTOLOGICOS|17203|147|KIT ACADEMICO ODONTOLOGICO DEVE CONTER COM 1 MICROMOTOR CONTRA ANGULO PECA RETA CANETA DE ALTA ROTACAO LUBRIFICANTE SPRAY MAQUIRA SPRAY 200ML AUTOCLAVAVEL, GARANTIA NO MINIMO 6 MESES KAVO, GNATUS OU SIMILAR|KIT
45638542|1401103|303|02|2024|8|3|LOTE 3|8479|3|MESA PARA ESCRITÓRIO EM L MEDINDO 120 X 060 X 080 PRODUZIDO EM MDP 15 MM COM TRÊS GAVETAS PÉS DE FERRO MESA 080 CONEXAO 060 MESA 120 COM GAVETA|UND
45638585|1401104|303|02|2024|8|4|MEDICAMENTOS ODONTOLOGICOS E SIMILARES|17122|65|IONOMERO DE VIDRO RESTAURADOR QUIMICAMENTE ATIVADO CONDENSAVEL, DE ALTA VISCOSIDADE, PARA RESTAURACOES EM DENTES ANTERIORES E POSTERIORES, QUIMICAMENTE ATIVADO, RADIOPACO, ACIDOBASE, DE BOA ESTETICA, DE FACIL MANIPULACAO, COM RAPIDO ENDURECIMENTO E QUE POSSA SER ESCULPIDO COM FACILIDADE, COM AS CARACTERISTICAS DE BIOCOMPATIBILIDADE, GRANDE ADESAO QUIMICA, BAIXA SOLUBILIDADE, ADESAO EM SUPERFICIES UMIDAS E LIBERACAO CONTINUA DE FLUOR MAXXION R, VIDRION R, VITRO MOLAR, OU VITRO UNIGLASS EMBALAGEM COM 1 FRASCO EM PO 10G COR A2, 1 FRASCO LIQUIDO DE 8ML, 1 COLHER DOSADORA E INSTRUCOES PARA O PROFISSIONAL|UND
45638621|1401104|303|02|2024|8|1|INSUMOS ODONTOLOGICOS|17160|63|BROCA DIAMANTADA CONICA TIPO ARREDONDADO 4138|UND
45638689|1401104|303|02|2024|8|2|INSTRUMENTOS ODONTOLOGICOS E CIRURGICOS|17473|128|FORCEPS ADULTO 69 PRODUTO ACO INOXIDAVEL, AUTOCLAVAVEL, INDICADO PARA CIRURGIA ODONTOLOGICA, EXERESE DO ELEMENTO DENTARIO|UND
45638693|1401104|303|02|2024|8|3|EQUIPAMENTOS|17477|20|INTEGRADOR QUIMICO CLASSE 5 VAPOR, FITA DUPLA CAIXA COM 250 FITAS DUPLAS|CX
45638541|1401103|303|02|2024|8|2|LOTE 2|8473|2|ARMÁRIO DE ACO MEDINDO NO MÍNIMO 120X198X045 COM CHAVE COM DUAS PORTAS DE ABRIR QUATRO PRATELEIRA CHAPA 24 COM TRATAMENTO ANTIFERRUGINOSO E PINTURA EPÓXI COR PADRAO DO FABRICANTE|UND
45638588|1401104|303|02|2024|8|5|RESINAS E OUTROS|17126|23|RESINA FLUIDA RESINA FLOW A2 CONSISTENCIA FLUIDA DEVE APRESENTAR ALTA FLUIDEZ, FACILITANDO O ACESSO EM PEQUENAS CAVIDADES RESINA COMPOSTA FOTOPOLIMERIZAVEL, HIBRIDA E COM MICROPARTICULAS VITROCERAMICAS PRODUTO DE MAIOR RESISTENCIA, E MENOR CONTRACAO DE POLIMERIZACAO RESINA MASTER FLOW BIODINAMICA, RESINA APPLIC OU FLOW MAQUIRA|UND
45638670|1401104|303|02|2024|8|2|INSTRUMENTOS ODONTOLOGICOS E CIRURGICOS|2815|11|CURETA GRACEY 7 E 8|UND
45638593|1401104|303|02|2024|8|5|RESINAS E OUTROS|17132|46|RESINA COMPOSTA DIRETA MICRO HIBRIDA, FOTOPOLIMERIZAVEL, RADIOPACA, CARGA MICROGLASS, QUE PROPORCIONE EFEITO CAMALEAO, COM MATRIZ ORGANICA DE BISGMA E PARTICULAS DE BARIO OU BISGMA E PARTICULAS DE ZIRCONIASILICA, NA COR A3 DE ESMALTE|UND
45638551|1401103|303|02|2024|8|13|LOTE 13|17297|13|MESA REUNIAO TAMPO RETANGULAR 14 LUGARES, MEDIDA LARG 3,50 M X PROF1,20 X ALT 0,74 CM TAMPO BIPARTIDO MDP 25MM REVESTIMENTO MELAMINICO, SAIA MDP 15 MM REVESTIMENTO MELAMINICO, ACABAMENTO DAS BORDAS FITA RETA DE 2 MM PES ESTRUTURA METALICA, COM CALHAS PARA PASSAGEM DE FIOS, FIXACAO PARAFUSOS E RODOFIX CALHAS SIM, SAPATAS NIVELADORAS|UND
45638590|1401104|303|02|2024|8|5|RESINAS E OUTROS|17128|33|ADESIVO DENTINARIO MONOCOMPONENTEPRIMER E ADESIVO JUNTOS FOTOATIVADO, COMPOSTO DE BISGMA, HEMA DIURETANO DIMETACRILATO, COPOLIMERO DO ACIDO POLIALCENOICO, CANFOROQUINONA, AGUA, ETANOL, E GLICOSE 13 DIMETACRILATO, 10%EM PESO DE NANO PARTICULAS DE SILICA 5 NANOMETROS FRASCO DE 6G|UND
45638618|1401104|303|02|2024|8|1|INSUMOS ODONTOLOGICOS|17157|51|BROCA DIAMANTADA PONTA DE LAPIS 3195|UND
45638653|1401104|303|02|2024|8|1|INSUMOS ODONTOLOGICOS|17197|143|ESCOVA DE MAO ESCOVA COM CERDAS DE NYLON PARA LIMPEZA DO MATERIAL|UND
45638679|1401104|303|02|2024|8|1|INSUMOS ODONTOLOGICOS|17163|75|BROCA DIAMANTADA N°3070|UND
45638702|1401104|303|02|2024|8|5|RESINAS E OUTROS|17486|102|CAIXA PLASTICA ORGANIZADORA MULTIUSO 20 LITROS|UND
45638712|1401105|303|02|2024|8|3|LOTE 3|6575|5|REFRIGERANTE 2 L DE PRIMEIRA LINHA SABOR COLA EMBALAGEM PRIMÁRIA EMBALAGEM PLÁSTICA 2 LITROS SECUNDÁRIA EMBALAGEM DE MERCADO QUE PRESERVE A INTEGRIDADE E QUALIDADE DO PRODUTO ROTULAGEM DEVE ATENDER A LEGISLACAO VIGENTE VALIDADE MÍNIMA DE 4 ME|FR
45638716|1401105|303|02|2024|8|2|LOTE 2|17333|3|SERVICO DE BUFFET COMPLETO, CONFORME DESCRICAO DETALHADA ABAIXO, COMPREENDENDO O FORNECIMENTO DE MATERIAL E MAO DE OBRA NECESSARIO PARA REPOSICAO DOS APARADORES E CIRCULACAO DE ALIMENTOS, VISANDO ATENDER A UM PUBLICO APROXIMADO DE 100 PESSOA FORNECIMENTO DE SALGADOS FRITOS E ASSADOS COXINHA BOLINHA DE QUEIJO COM BACON ESPETINHO DE FRANGO RISSOLE DE MINHO RISSOLE DE CARNE PASTEL DE ABACAXI MINI PASTEL DE FEIRA ENROLADINHO DE FRANGO COM BACON TORTINHA DE FRANGO E REQUEIJAO QUICHE DE ALHO PORO MINI LANCHES MINI HAMBURGUER MINI PIZZA MINI SANDUICHE MINI ESCONDIDINHO DE CARNE SECA FORNECIMENTO DE MESA DE FRIOS CANAPES DE FRANGO COM ABACAXI|UND
45638609|1401104|303|02|2024|8|2|INSTRUMENTOS ODONTOLOGICOS E CIRURGICOS|17148|103|ESPONJA HEMOSTATICA DE COLAGENO HIDROLISADO COM FIBRINA CAIXA COM 25 UNIDADES|CX
45638603|1401104|303|02|2024|8|5|RESINAS E OUTROS|17142|74|KIT ACABAMENTO E POLIMENTO DE RESINA COMPOSTA SILICONES ABRASIVOS|KIT
45638676|1401104|303|02|2024|8|5|RESINAS E OUTROS|15526|3|PAPEL CARBONO ODONTOLOGICO INDICADO PARA O REGISTRO OCLUSAL ROLO OU EMBALAGEM COM ACIMA DE 200 TIRAS DUPLA FACE, DUPLA COR PAPEL CARBONO CONTACTO FILM ANGELUS ROLO 280 TIRAS, PAPEL CARBONO CONTACTO FILMPARKELL ROLO 280 T9IRAS, PAPEL CARBONO 200MICRAS REFIL BAUSCH 300 UNIDADES , OU SIMILARES|UND
45638678|1401104|303|02|2024|8|4|MEDICAMENTOS ODONTOLOGICOS E SIMILARES|17113|32|FORMOCRESOL MUMIDIFICADOR DE POLPA VALIDADE 2 ANOS|FR
45638544|1401103|303|02|2024|8|5|LOTE 5|12599|5|ARQUIVO 04 GAVETAS ARQUIVO DE ACO MEDINDO 1335 X 460 X 715MM COM TOLERÂNCIA DE 5% TIPO VERTICAL COM 04 GAVETAS TAMANHO OFICIO COM SUPORTE PARA PASTAS SUSPENSAS CONTENDO CARRINHOS TELESCÓPICOS PARA AS GAVETAS PUXADORES E FECHADURA COM TRAVAMENTO SIMULTÂNEO SUA ESTRUTURA SERÁ DE MÓVEL RÍGIDO COM CHAPAS EM ESPESSURA MÍNIMA DE N 22 AS FOLHAS DE ACO DEVERAO TER TRATAMENTO DE FOSFASTIZACAO E ANTIOXIDACAO ACABAMENTO EM PINTURA SINTÉTICA NA COR CINZA|UND
45638661|1401104|303|02|2024|8|1|INSUMOS ODONTOLOGICOS|17205|149|SACA BROCAS PARA ALTA ROTACAO SACA BROCAS UNIVERSAL INDICADO PARA TURBINAS DE ALTA ROTACAO|UND
45638662|1401104|303|02|2024|8|3|EQUIPAMENTOS|17206|10|FOTOPOLIMERIZADOR ODONTOLOGICO SEM FIO, DEVE CONTER CANETA APLICADORA UNIDADE PRINCIPAL, PONTEIRA DE POLIMERIZACAO, PROTETOR OCULAR, DOCA CARREGADORA, FONTE DE ALIMENTACAO EXTERNA E MANUAL DE INSTRUCOES MARCA MICRODONT, SCHUSTER OU SIMILAR|UND
45638556|1401104|303|02|2024|8|2|INSTRUMENTOS ODONTOLOGICOS E CIRURGICOS|17090|26|PORTA MATRIZ ADULTO PRODUZIDA EM ACO INOXIDAVEL , AUTOCLAVAVEL|UND
45638562|1401104|303|02|2024|8|2|INSTRUMENTOS ODONTOLOGICOS E CIRURGICOS|17096|52|ESPATULA PARA RESINA PRODUZIDA EM LIGA DE ACO INOXIDAVEL DE ALTA QUALIDADE CABO EM ALUMINIO ANODIZADO TOTALMENTE AUTOCLAVAVEL|UND
45638612|1401104|303|02|2024|8|1|INSUMOS ODONTOLOGICOS|17151|24|PONTA DE ACABAMENTO 2135 FF|UND
45638636|1401104|303|02|2024|8|1|INSUMOS ODONTOLOGICOS|17179|115|BROCA DIAMANTADA ESFERICA HASTE LONGAENDO N°1016|UND
45638696|1401104|303|02|2024|8|4|MEDICAMENTOS ODONTOLOGICOS E SIMILARES|17480|95|OTOSPORIM FRASCO 10 ML,HIDROCORTISONA 10MGML, SULFATO DE NEOMICINA 5MGML, SULFATO DE POLIMIXINA B 10000 ULML VALIDADE 2 ANOS|FR
45638700|1401104|303|02|2024|8|1|INSUMOS ODONTOLOGICOS|17484|151|KITS DE SAUDE BUCAL CONTENDO ESCOVA INFANTIL COM CERDAS DE NYLON MACIAS, COM TRES FILEIRAS DE TUFOS, CONTENDO DE 23 A 29 TUFOS, APARADAS UNIFORMEMENTE E ARREDONDADAS, CABO RETO E OPACO, MEDINDO ENTRE 13 A 16 CM, ANATOMICO COM EMPUNHADURA, EMBALADAS INDIVIDUALMENTE EM ESTOJO DE PVC CRISTAL, FIO DENTAL DE 25 M E CREME DENTAL DE 50G, EM SACOLINHA DE PVC GROSSO, LEITOSO, ONDE SEJA POSSIVEL IMPRESSAO DE PUBLICIDADE INSTITUCIONAL DA PREFEITURA, COM FECHO DE PRESSAO|UND
45638558|1401104|303|02|2024|8|2|INSTRUMENTOS ODONTOLOGICOS E CIRURGICOS|17092|36|CABO PARA ESPELHO PRODUTO ACO INOXIDAVEL, AUTOCLAVAVEL, TAMANHO 13CM GARANTIA 10ANOS UTILIZADO PARA COLOCACAO DO ESPELHO GOLGRAN, FAVA OU SIMILAR|UND
45638582|1401104|303|02|2024|8|2|INSTRUMENTOS ODONTOLOGICOS E CIRURGICOS|17119|88|FIO AGULHADO PARA SUTURA NYLON 40 AGULHA EM ACOINOX SILICONIZADA, 12CIRCULO CORTANTE 1,7CM FIO SINTETIZADO COM MATERIAL NATURAL, FILAMENTO DE SEDA NATURAL E TRANCADA ESTERILIZADA, SEDA PRETA, TRANCADA, NAO ABSORVIVEL, 45 CM, AGULHA TIPO X17 ETHIPOINT DE 17MM, DESCARTAVEL, ESTERILIZADOS POR RAIOS GAMA, CAIXA COM 24 ENVELOPES PROCARE, TECHNEW OU SIMILAR|CX
45638664|1401104|303|02|2024|8|2|INSTRUMENTOS ODONTOLOGICOS E CIRURGICOS|17208|106|SONDA TENTACANULA 15 CM|UND
45638667|1401104|303|02|2024|8|5|RESINAS E OUTROS|17237|94|TIRA DE LIXA DE ACO 4MM UTILIZADAS PARA ACABAMENTO E POLIMENTO DAS FACES PROXIMAS DAS RESTAURACOES PARA SEREM USADAS EM COMPOSITOS, ACRILICOS, IONOMEROS DE CIMENTO DE VIDRO E AMALGAMAS|CX
45638681|1401104|303|02|2024|8|2|INSTRUMENTOS ODONTOLOGICOS E CIRURGICOS|17465|112|FORCEPS ADULTO 01 PRODUTO ACO INOXIDAVEL, AUTOCLAVAVEL, INDICADO PARA CIRURGIA ODONTOLOGICA, EXERESE DO ELEMENTO DENTARIO|UND
45638715|1401105|303|02|2024|8|3|LOTE 3|1325|1|SUCO PRONTO DE FRUTAS, SABOR A COMBINAR NA ENTREGA CAIXA 1 LITRO|UND
45638572|1401104|303|02|2024|8|5|RESINAS E OUTROS|17107|13|TUBOS DE VASELINA SOLIDA 30G POMADA, EFEITO EMOLIENTE PARA TRATAMENTO UMECTANTE|UND
45638587|1401104|303|02|2024|8|4|MEDICAMENTOS ODONTOLOGICOS E SIMILARES|17125|73|CONDICIONADOR ACIDO GEL FOSFORICO 37% INDICADO PARA A REALIZACAO DE CONDICIONAMENTO ACIDO TOTAL DENTINA E ESMALTE OU PARCIAL ESMALTE, PROPORCIONANDO MAIOR E MELHOR RETENCAO DOS MATERIAIS RESINOSOS EMBALAGEM COM 3 SERINGAS 2,5MLCADA ALL PRIME, GFM, ANGELUS OU SIMILAR|UND
45638611|1401104|303|02|2024|8|1|INSUMOS ODONTOLOGICOS|17150|19|BROCA ZECRYA|UND
45638640|1401104|303|02|2024|8|1|INSUMOS ODONTOLOGICOS|17183|123|BROCA ESFERICA DIAMANTADA N°3195 FF|UND
45638711|1401105|303|02|2024|8|1|LOTE 1|1322|11|BISCOITOS CASEIROS COMPOSICAO BISCOITO DE QUEIJO PALITINHO DE POLVILHO PALITINHO ROSQUINHA DE NATA BROINHA DE FUBÁ E BISCOITO CRISTALIZADO EMBALAGEM PRIMÁRIA EMBALAGEM PLÁSTICA TRANSPARENTE E ATÓXICA CONTENDO 1 KG SECUNDÁRIA EMBALAGEM|KG
45638690|1401104|303|02|2024|8|2|INSTRUMENTOS ODONTOLOGICOS E CIRURGICOS|17474|130|KIT EXTRATORES DE RAIZ RESIDUAL EXTRATOR RAIZ RESIDUAL ATRAUMATICO EMBALAGEM COM 01 ALAVANCA BUSER,01 PERIOTOMO FLEXIVEL RETO E 01 EXTRATOR DE RAIZ ALAVANCA BUSER INSTRUMENTO DELICADO PARA A REMOCAO DE PONTAS DE RAIZ EM AREAS DE DIFICIL ACESSO PERIOTOMO FLEXIVEL RETO INDICADO PARA O DESCOLAMENTO DE TECIDOS,INSTRUMENTO COM PONTA ATIVA FLEXIVEL, PRODUZIDA EM LIGA DE NIQUEL TITANIO DE ALTA QUALIDADE EXTRATOR DE RAIZ INDICADO PARA RETIRADA DE RAIZES QUE FICAM NO ALVEOLO EXTRACAO, EXTRATOR, RAIZ PRODUZIDO EM LIGA DE ACO INOXIDAVEL DE ALTA QUALIDADE CABO OCO TOTALMENTE AUTOCLAVAVEL|KIT
45638570|1401104|303|02|2024|8|2|INSTRUMENTOS ODONTOLOGICOS E CIRURGICOS|17104|84|TESOURA CIRURGICA CURVA 12 CM PRODUTO EM ACO INOXIDAVEL, AUTOCLAVAVEL|UND
45638637|1401104|303|02|2024|8|1|INSUMOS ODONTOLOGICOS|17180|117|BROCA DIAMANTADA AR PARA TECNICA INVASIVA N°2137|UND
45638668|1401104|303|02|2024|8|2|INSTRUMENTOS ODONTOLOGICOS E CIRURGICOS|599|1|CABO DE BISTURI N° 3, 13CM UTILIZADA EM LAMINAS 11, 12, 15 E 15CPRODUTO EM ACO INOXIDAVEL, AUTOCLAVAVEL|UND
45638564|1401104|303|02|2024|8|2|INSTRUMENTOS ODONTOLOGICOS E CIRURGICOS|17098|60|SERINGA CARPULE COM REFLUXO PRODUTO ACO INOXIDAVEL, AUTOCLAVAVEL , UTILIZADA PARA AUXILIAR NA APLICACAO DE ANESTESIA DENTARIA GOLGRAN OU SIMILAR|UND
45638627|1401104|303|02|2024|8|1|INSUMOS ODONTOLOGICOS|17170|93|BROCA ESFERICA DIAMANTADA N°1014|UND
45638628|1401104|303|02|2024|8|1|INSUMOS ODONTOLOGICOS|17171|97|BROCA ESFERICA DIAMANTADA N°1015|UND
45638699|1401104|303|02|2024|8|3|EQUIPAMENTOS|17483|30|APARELHO PORTATIL DE LASERTERAPIA DE BAIXA INTENSIDADE, COM DOIS COMPRIMENTOS DE ONDA NO MESMO APARELHO, 660 NM LASER VERMELHO E 808 NM LASER INFRAVERMELHODEVE CONTER CANETA PORTATIL COM OS DOIS LASERS 660NM E 808NM 03 OCULOS DE SEGURANCA SENDO 02 PARA PROFISSIONAL E 01 PACIENTE MANUAL DE INSTRUCAO CD DE PROTOCOLOS CLINICOS FONTE DE ALIMENTACAO GARANTIA DE PELO MENOS 12 MESES INDICADO PARA O TRATAMENTO DE MUCOSITE ORAL, TERAPIA FOTODINAMICA PDT, HERPES ZOSTER, NEVRALGIA DO TRIGEMEO, PARALISIA FACIAL, DORES ARTICULARES, INFLAMACOES EM GERAL, LESOES DA MUCOSA ORAL, HIPERSENSIBILIDADE DENTINARIA, AFTAS E CANDIDIASE, DOR E DISFUNCAO DE ATM, HERPES SIMPLES LABIAL RECORRENTE, TRA|UND
46556368|1427251|304|03|2024|10|1|LOTE 1|4726|1|TUBO DE CONCRETO ARMADO DN600|UNIDADE
46556370|1427251|304|03|2024|10|4|LOTE 4|4730|4|ANEL DE CONCRETO ARMADO DN 800|UNIDADE
46556371|1427251|304|03|2024|10|3|LOTE 3|4729|3|ANEL DE CONCRETO ARMADO DN600 ANEL DE CONCRETO ARMADO, PARA|UNIDADE
46556369|1427251|304|03|2024|10|2|LOTE 2|4727|2|TUBO DE CONCRETO ARMADO DN800|UNIDADE
46556366|1427249|304|03|2024|9|-1|LOTE NÃO INFORMADO|5416|1|HIDROMETRO MULTIJATO 15 X165 MM Q MAX 30 M³ HCLB REL 45 COM PORCAS E TUBETES DE 12 EM LATAO E ARRUELAS DE VEDACAO EM NYLON|UNIDADE
46755183|1433282|304|03|2024|11|-1|LOTE NÃO INFORMADO|5049|11|ESC.MANUAL SECO PROF.2M-AGUA|METRO CUBICO
46755238|1433282|304|03|2024|11|-1|LOTE NÃO INFORMADO|5104|66|RECOMP.CALC.P.IRREG.REAP.ESGOT|METRO QUADRADO
46755180|1433282|304|03|2024|11|-1|LOTE NÃO INFORMADO|5046|8|DEMOL.CBUQ C/P.IRREG.S.C AGUA|METRO QUADRADO
46755174|1433282|304|03|2024|11|-1|LOTE NÃO INFORMADO|5040|2|MONT.INST.P.P.AGUA EMB.ALVENAR|UNIDADE
46755177|1433282|304|03|2024|11|-1|LOTE NÃO INFORMADO|5043|5|SINALIZACAO C/CONE-AGUA|UNIDADE
46755186|1433282|304|03|2024|11|-1|LOTE NÃO INFORMADO|5052|14|ESC.CARG.MEC.VALA ROCHA DURA A|METRO CUBICO
46755233|1433282|304|03|2024|11|-1|LOTE NÃO INFORMADO|5099|61|TABUAS ENRIJ.TRANS.VEIC.ESGOTO|METRO QUADRADO
46755240|1433282|304|03|2024|11|-1|LOTE NÃO INFORMADO|5106|68|PREP.MAN.CONCRETO TRACO 1:2:3E|METRO CUBICO
46755168|1433281|304|03|2024|11|52|LOTE 52|5896|52|GARRAFA TERMICA INOX|UN
46755151|1433281|304|03|2024|11|46|LOTE 46|4650|46|FACA COZINHA INOX CABO MADEIRA|UNIDADE
46755113|1433279|304|03|2024|11|2|LOTE 2|4922|2|MEDIDOR DE COR DIGITAL PANALISE DE AGUA EM LABORATORIO|UNIDADE
46755161|1433281|304|03|2024|11|44|LOTE 44|2116|44|COADOR DE CAFE PANO CABO MADEIRA|UNIDADE
46755114|1433279|304|03|2024|11|3|LOTE 3|5733|3|TURBIDIMETRO PORTATIL MICROPROCESSADO 01000 NTU|UN
46755157|1433281|304|03|2024|11|32|LOTE 32|886|32|TOALHA DE PAPEL INTERFOLHA DUPLAGROFADASISTEMA CLEANCUT|PACOTE
46755211|1433282|304|03|2024|11|-1|LOTE NÃO INFORMADO|5077|39|INST.ACAB.POCO LUMINAR-ESGOTO|UNIDADE
46755117|1433281|304|03|2024|11|18|LOTE 18|737|18|LIMPADOR MULTIUSO C.ALCOOL 500|UNIDADE
46755101|1433278|304|03|2024|11|14|LOTE 14|5474|14|VALVULA DE RETENCAO HORIZONTAL EM LATAO FORJADO DN 212 65MM ABNT NBR 15055 DEVE POSSUIR RESISTÊNCIA MECÂNICA PARA RIGIDEZ DESGASTE E FADIGA OCASIONADOS DURANTE O USO PASSAGEM RETA PROPORCIONANDO PEQUENA PERDA DE CARGA CLASSE DE PRESSAO 16 BAR ROSCA BSP TAMPA LATAO FORJADO ASTMB61 CORPO LATAO FORJADO ASTMB61 PORTINHOLA METAL MATERIAL DE VEDACAO TEFLON|PECA
46755219|1433282|304|03|2024|11|-1|LOTE NÃO INFORMADO|5085|47|DEMOL.PASSEIO CIM.S/CLIPPER ES|METRO QUADRADO
46755237|1433282|304|03|2024|11|-1|LOTE NÃO INFORMADO|5103|65|POCO VISITA COMP.DN800MM ESGOT|UNIDADE
46755095|1433278|304|03|2024|11|16|LOTE 16|1569|16|VEDA ROSCA 18MM X 25 METROS|PECA
46755110|1433278|304|03|2024|11|10|LOTE 10|5471|10|REGISTRO DE GAVETA DE BRONZE DN 4 COM VOLANTE CONTENDO NO MÍNIMO 05 FIOS DE ROSCA EM CADA UMA DE SUA EXTREMIDADE NBR 15705 NBR NM ISO 71|PECA
46755121|1433281|304|03|2024|11|19|LOTE 19|2303|19|LIMPADOR CERAMICO AZULEJO 1L.|UNIDADE
46755142|1433281|304|03|2024|11|29|LOTE 29|3565|29|SACO PLAST.P/LIXO ROLO C/15UN|ROLO
46755154|1433281|304|03|2024|11|1|LOTE 1|355|1|AGUA SANITARIA ALVEJANTE E DESINFETANTE EMBALAGEM DE 2 LITROS|LITRO
46755115|1433280|304|03|2024|11|1|LOTE 1|6017|1|SERVICOS DE ADMINISTRACAO E GERENCIAMENTO DE ABASTECIMENTO DE VEICULOS, COM IMPLANTACAO, INTERMEDIACAO E ADMINISTRACAO POR MEIO DE SISTEMA INFORMATIZADO INTEGRADO, COM TECNOLOGIA DE PAGAMENTO POR MEIO DE CARTAO MAGNETICO OU MICRO PROCESSADO DE GERENCIAMENTO EM REDE DE POSTOS CREDENCIADOS|SV
46755169|1433281|304|03|2024|11|37|LOTE 37|5897|37|LIXEIRA EM ACO INOX|UN
46755185|1433282|304|03|2024|11|-1|LOTE NÃO INFORMADO|5051|13|ESC.MEC.SOLO AGUA PROF.2M AGUA|METRO CUBICO
46755224|1433282|304|03|2024|11|-1|LOTE NÃO INFORMADO|5090|52|ESC.MEC.SOLO AGUA PROF.2,00M E|METRO CUBICO
46755098|1433278|304|03|2024|11|11|LOTE 11|2525|11|"VALVULA RETEN.HORIZON.1.1/4"""|PECA
46755099|1433278|304|03|2024|11|1|LOTE 1|5463|1|REGISTRO DE ESFERA DN 12 CLASSE DE PRESSAO MÍNIMA PN 10 CORPO EM LATAO COM BANHO DE CROMO OU ACO INOX SEDES E VEDACAO DA HASTE EM PTFE TEFLON PASSAGEM REDUZIDA EXTREMIDADES COM ROSCA BSP DE UM LADO MACHO CÔNICA E DO OUTRO FÊMEA PARALELA COMPRIMENTO DE 65 MM ALTURA INCLUINDO BORBOLETA DE 51 MM DIÂMETRO EXTERNO DO CORPO 29 MM ACIONADO POR BORBOLETA METALICA CONFORME NORMA ABNT NBR 6834 TABELA A7 DESIGNACAO 3830 COMPRIMENTO MAIOR 49 MM A 51 MM ALTURA 15 MM A 18 MM ESPESSURA 35 MM A 45 MM PROTEGIDA CONTRA CORROSAO COM TINTA NA COR VERDE EMBLEMA PADRAO MUNSELLS 25G 3 4|UNIDADE
46755145|1433281|304|03|2024|11|5|LOTE 5|2739|5|BALDE PLASTICO DE 15L|UNIDADE
46755146|1433281|304|03|2024|11|6|LOTE 6|897|6|CERA LIQUIDA INCOLOR 750ML|LITRO
46755172|1433281|304|03|2024|11|38|LOTE 38|6023|38|LIXEIRA ARAMADA DE ESCRTORIO EM ACO TELADO|UN
46755196|1433282|304|03|2024|11|-1|LOTE NÃO INFORMADO|5062|24|AS.TUB.CON.PVC JS DN40 50MM AG|METRO
46755109|1433278|304|03|2024|11|9|LOTE 9|5470|9|REGISTRO DE GAVETA DE BRONZE DN 3 COM VOLANTE CONTENDO NO MÍNIMO 05 FIOS DE ROSCA EM CADA UMA DE SUA EXTREMIDADE NBR 15705 NBR NM ISO 71|PECA
46755127|1433281|304|03|2024|11|47|LOTE 47|667|47|GUARDANAPO DE PAPEL 24X22CM|PACOTE
46755129|1433281|304|03|2024|11|54|LOTE 54|358|54|VELA PARA FILTRO|UNIDADE
46755175|1433282|304|03|2024|11|-1|LOTE NÃO INFORMADO|5041|3|SINALIZACAO NOTURNA-AGUA|UNIDADE
46755228|1433282|304|03|2024|11|-1|LOTE NÃO INFORMADO|5094|56|ACERTO E VERIF.FUNDO VALA ESG|METRO QUADRADO
46755242|1433282|304|03|2024|11|-1|LOTE NÃO INFORMADO|5108|70|CARGA E TRANSP.MAT.OBRA ESGOTO|METRO CUBICO
46755160|1433281|304|03|2024|11|13|LOTE 13|997|13|ESCOVA SANITARIA DE NYLON COM SUPORTE E CABO PLASTICO|UNIDADE
46755170|1433281|304|03|2024|11|20|LOTE 20|6004|20|PAPEL HIGIENICO NEUTRO, EMPACOTADO, MACIO, FOLHA DUPLA, EMBALAGEM, CONTENDO 12 ROLOS DE 30MX10CM|UN
46755202|1433282|304|03|2024|11|-1|LOTE NÃO INFORMADO|5068|30|ASSENT.TUB.CON.PVC JE DN200 AG|METRO
46755130|1433281|304|03|2024|11|41|LOTE 41|884|41|COPO VIDRO AMERIOCANO DE 200ML|UNIDADE
46755104|1433278|304|03|2024|11|2|LOTE 2|5465|2|REGISTRO DE GAVETA DE BRONZE DN 12 COM VOLANTE CONTENDO NO MÍNIMO 11 FIOS DE ROSCA EM CADA UMA DE SUA EXTREMIDADE NBR 15705 NBR NM ISO 71|PECA
46755108|1433278|304|03|2024|11|8|LOTE 8|5469|8|REGISTRO DE GAVETA DE BRONZE DN 212 COM VOLANTE CONTENDO NO MÍNIMO 05 FIOS DE ROSCA EM CADA UMA DE SUA EXTREMIDADE NBR 15705 NBR NM ISO 71|PECA
46755111|1433278|304|03|2024|11|12|LOTE 12|5472|12|VALVULA DE RETENCAO HORIZONTAL EM LATAO FORJADO DN 112 40MM ABNT NBR 15055 DEVE POSSUIR RESISTÊNCIA MECÂNICA PARA RIGIDEZ DESGASTE E FADIGA OCASIONADOS DURANTE O USO PASSAGEM RETA PROPORCIONANDO PEQUENA PERDA DE CARGA CLASSE DE PRESSAO 16 BAR ROSCA BSP TAMPA LATAO FORJADO ASTMB61 CORPO LATAO FORJADO ASTMB61 PORTINHOLA METAL MATERIAL DE VEDACAO TEFLON|PECA
46755118|1433281|304|03|2024|11|22|LOTE 22|757|22|PANO DE PRATO DE 46X62CM.|UNIDADE
46755128|1433281|304|03|2024|11|31|LOTE 31|656|31|TAPETE TIPO CAPACHO 40X60CM|UNIDADE
46755137|1433281|304|03|2024|11|35|LOTE 35|695|35|VASSOURA DE NYLON 30CM C/CABO|UNIDADE
46755171|1433281|304|03|2024|11|55|LOTE 55|6024|55|JARRA VIDRO TAMPA ACRILICO TRANSPARENTE|UN
46755207|1433282|304|03|2024|11|-1|LOTE NÃO INFORMADO|5073|35|REC.PAS.CIM.CONF.LANC.ADENS.AG|METRO QUADRADO
46755156|1433281|304|03|2024|11|14|LOTE 14|672|14|ESPONJA DE ACO PTCOM 08 UNID COM 60 GRAMASPRODUTO 100% ECOLOGICO|UNIDADE
46755096|1433278|304|03|2024|11|3|LOTE 3|2344|3|"REGISTRO GAV.DE BRONZE DE 3/4"""|PECA
46755132|1433281|304|03|2024|11|39|LOTE 39|2396|39|CAFETEIRA DE ALUMINIO 1,8 L.|PECA
46755136|1433281|304|03|2024|11|40|LOTE 40|2821|40|CANECAO DE ALUMINIO 5,0 LITROS|UNIDADE
46755164|1433281|304|03|2024|11|53|LOTE 53|3570|53|PAPEL TOALHA DE COZINHA EMBALAGEM CONTENDO 02 ROLOS COM 60 FOLHAS DUPLAS DE 19X22 CM|UNIDADE
46755230|1433282|304|03|2024|11|-1|LOTE NÃO INFORMADO|5096|58|ASSENT.TUB.CON.PVC JE DN100 ES|METRO
46755153|1433281|304|03|2024|11|2|LOTE 2|5405|2|ALCOOL LÍQUIDO ETÍLICO HIDRATADO 70° INPM LITRO|UN
46755195|1433282|304|03|2024|11|-1|LOTE NÃO INFORMADO|5061|23|AS.TUB.CON.PVC JS DN32 40MM AG|METRO
46755210|1433282|304|03|2024|11|-1|LOTE NÃO INFORMADO|5076|38|CARGA E TRANSPORTE MAT.OBRA AG|METRO CUBICO
46755147|1433281|304|03|2024|11|7|LOTE 7|3569|7|CERA LIQUIDA PARA PISO D.PEDRA|UNIDADE
46755148|1433281|304|03|2024|11|24|LOTE 24|4647|24|RODO MAGICO 27 CM|UNIDADE
46755155|1433281|304|03|2024|11|11|LOTE 11|606|11|DETERGENTE FRASCO DE 500 ML LIQUIDO COM FORMULA BIODEGRADAVEL|UNIDADE
46755225|1433282|304|03|2024|11|-1|LOTE NÃO INFORMADO|5091|53|ESCOR.PONTAL.AQ.MONT.ESTRUT.ES|METRO QUADRADO
46755179|1433282|304|03|2024|11|-1|LOTE NÃO INFORMADO|5045|7|DEMOLI.CALC.PEDRA IRREG.AGUA|METRO QUADRADO
46755181|1433282|304|03|2024|11|-1|LOTE NÃO INFORMADO|5047|9|DEMOL.CBUQ SERRA CLIPPER AGUA|METRO QUADRADO
46755192|1433282|304|03|2024|11|-1|LOTE NÃO INFORMADO|5058|20|AS.TUB.CON.PVC JS DN15 20MM AG|METRO
46755126|1433281|304|03|2024|11|45|LOTE 45|2186|45|FOSFORO EMBALAGEM COM 10 UNID.|MACO
46755193|1433282|304|03|2024|11|-1|LOTE NÃO INFORMADO|5059|21|AS.TUB.CON.PVC JS DN20 25MM AG|METRO
46755200|1433282|304|03|2024|11|-1|LOTE NÃO INFORMADO|5066|28|ASSENT.TUB.CON.PVC JE DN100 AG|METRO
46755105|1433278|304|03|2024|11|4|LOTE 4|5466|4|REGISTRO DE GAVETA DE BRONZE DN 1 COM VOLANTE CONTENDO NO MÍNIMO 05 FIOS DE ROSCA EM CADA UMA DE SUA EXTREMIDADE NBR 15705 NBR NM ISO 71|PECA
46755149|1433281|304|03|2024|11|8|LOTE 8|4651|8|CLORO ATIVO GALAO 5 LITROS|GALAO
46755184|1433282|304|03|2024|11|-1|LOTE NÃO INFORMADO|5050|12|ESC.MECANICA SECO PROF.2M AGUA|METRO CUBICO
46755209|1433282|304|03|2024|11|-1|LOTE NÃO INFORMADO|5075|37|EXEC.LIMPEZA GERAL VARRICAO AG|METRO QUADRADO
46755217|1433282|304|03|2024|11|-1|LOTE NÃO INFORMADO|5083|45|DEMOL.CBUQ C/P.IRREG.S/C ESGOT|METRO QUADRADO
46755223|1433282|304|03|2024|11|-1|LOTE NÃO INFORMADO|5089|51|ESC.MEC.SECO PROF.2,00M ESGOTO|METRO CUBICO
46755144|1433281|304|03|2024|11|51|LOTE 51|883|51|BANDEJA DE INOX MED.APROX|UNIDADE
46755122|1433281|304|03|2024|11|21|LOTE 21|2277|21|SACO DE TRELICA PANO CRU 60X8|UNIDADE
46755123|1433281|304|03|2024|11|28|LOTE 28|2281|28|SAPOLIO EM PO FRASCO 300 GR.|PECA
46755140|1433281|304|03|2024|11|12|LOTE 12|2349|12|ESPONJA MULTIUSO 110X74X23MM|UNIDADE
46755158|1433281|304|03|2024|11|3|LOTE 3|926|3|ALCOOL EM GEL ETILICO HIDRATAD 624° INPM 70° NEUTRO 500GR|UNIDADE
46755173|1433282|304|03|2024|11|-1|LOTE NÃO INFORMADO|5039|1|MONT.INST.P.P.AGUA-KIT CAVALET|UNIDADE
46755206|1433282|304|03|2024|11|-1|LOTE NÃO INFORMADO|5072|34|RECOMP.CALC.PEDRA IR.REP.MAT.A|METRO QUADRADO
46755205|1433282|304|03|2024|11|-1|LOTE NÃO INFORMADO|5071|33|ATERRO VALAS,CAVAS COMPAC.AGUA|METRO CUBICO
46755102|1433278|304|03|2024|11|15|LOTE 15|1412|15|ADESIVO PLASTICO PARA PVC PARA SER UTILIZADO EM CONTATO COM AGUA EM EMBALAGENS DE 75 GRAMAS OBS MATERIAL DEVERA VEDARSOLAR QUANDO UTILIZADO EM CONTATO COM AGUA NBR 14725|PECA
46755197|1433282|304|03|2024|11|-1|LOTE NÃO INFORMADO|5063|25|AS.TUB.CON.PVC JS DN50 60MM AG|METRO
46755188|1433282|304|03|2024|11|-1|LOTE NÃO INFORMADO|5054|16|ESCO.DESC.AQ.MONT.ESTRUT.AGUA|METRO QUADRADO
46755190|1433282|304|03|2024|11|-1|LOTE NÃO INFORMADO|5056|18|ACERTO E VERIF.NIVEL.VALA-AGUA|METRO QUADRADO
46755216|1433282|304|03|2024|11|-1|LOTE NÃO INFORMADO|5082|44|DEMOLI.CALC.PEDRA IRREG.ESGOTO|METRO QUADRADO
46755159|1433281|304|03|2024|11|16|LOTE 16|927|16|INSETICIDA AEROSOL PROTECAO SEM CHEIRO BASE AGUOSA 300 ML225G|UNIDADE
46755182|1433282|304|03|2024|11|-1|LOTE NÃO INFORMADO|5048|10|DEMOL.PASSEIO CIM.S/CLIPPER-AG|METRO QUADRADO
46755218|1433282|304|03|2024|11|-1|LOTE NÃO INFORMADO|5084|46|DEMOL.CBUQ SERRA CLIPPER ESGOT|METRO QUADRADO
46755222|1433282|304|03|2024|11|-1|LOTE NÃO INFORMADO|5088|50|ESC.MANUAL SECO PROF.2,00M ESG|METRO CUBICO
46755201|1433282|304|03|2024|11|-1|LOTE NÃO INFORMADO|5067|29|ASSENT.TUB.CON.PVC JE DN150 AG|METRO
46755107|1433278|304|03|2024|11|7|LOTE 7|5468|7|REGISTRO DE GAVETA DE BRONZE DN 2 COM VOLANTE CONTENDO NO MÍNIMO 05 FIOS DE ROSCA EM CADA UMA DE SUA EXTREMIDADE NBR 15705 NBR NM ISO 71|PECA
46755166|1433281|304|03|2024|11|36|LOTE 36|5417|36|FRASCO PULVERIZADORBORRIFADOR 500ML|UNIDADE
46755203|1433282|304|03|2024|11|-1|LOTE NÃO INFORMADO|5069|31|PASSADICOS MAD.TRANS.PED.AGUA|METRO QUADRADO
46755165|1433281|304|03|2024|11|4|LOTE 4|5120|4|ALCOOL GEL 70 ° GALAO COM 5 LTS|UNIDADE
46755167|1433281|304|03|2024|11|50|LOTE 50|5895|50|BOTIJAO TERMICO|UN
46755189|1433282|304|03|2024|11|-1|LOTE NÃO INFORMADO|5055|17|ESCO.CONT.AQ.MONT.ESTRUT.AGUA|METRO QUADRADO
46755198|1433282|304|03|2024|11|-1|LOTE NÃO INFORMADO|5064|26|AS.TUB.CON.PVC JE DN65 75MM AG|METRO
46755235|1433282|304|03|2024|11|-1|LOTE NÃO INFORMADO|5101|63|POCO VISITA COMP.DN400MM ESGOT|UNIDADE
46755163|1433281|304|03|2024|11|17|LOTE 17|2305|17|LIMPADOR LIMPEZA GERAL PERFUMADO500ML|UNIDADE
46755097|1433278|304|03|2024|11|6|LOTE 6|2346|6|"REGISTRO GAV.BRONZE DE 1.1/4"""|PECA
46755141|1433281|304|03|2024|11|33|LOTE 33|2407|33|VASSOURA DE PELO 30CM C/CABO|UNIDADE
46755152|1433281|304|03|2024|11|49|LOTE 49|4653|49|GARRAFA TERMICA 5 LITROS|UNIDADE
46755239|1433282|304|03|2024|11|-1|LOTE NÃO INFORMADO|5105|67|RECOMP.PASSEIO CIMENT.ESGOTO|METRO QUADRADO
46755221|1433282|304|03|2024|11|-1|LOTE NÃO INFORMADO|5087|49|ESC.CARG.MEC.VALA ROCHA DURA E|METRO CUBICO
46755100|1433278|304|03|2024|11|13|LOTE 13|5473|13|VALVULA DE RETENCAO HORIZONTAL EM LATAO FORJADO DN 2 50MM ABNT NBR 15055 DEVE POSSUIR RESISTÊNCIA MECÂNICA PARA RIGIDEZ DESGASTE E FADIGA OCASIONADOS DURANTE O USO PASSAGEM RETA PROPORCIONANDO PEQUENA PERDA DE CARGA CLASSE DE PRESSAO 16 BAR ROSCA BSP TAMPA LATAO FORJADO ASTMB61 CORPO LATAO FORJADO ASTMB61 PORTINHOLA METAL MATERIAL DE VEDACAO TEFLON|PECA
46755199|1433282|304|03|2024|11|-1|LOTE NÃO INFORMADO|5065|27|AS.TUB.CON.PVC JE DN75 85MM AG|METRO
46755204|1433282|304|03|2024|11|-1|LOTE NÃO INFORMADO|5070|32|TABUAS ENR.TRANS.VEICULOS AGUA|METRO QUADRADO
46755213|1433282|304|03|2024|11|-1|LOTE NÃO INFORMADO|5079|41|SINAL.FITA ZEBRADA FORN.INS.ES|METRO
46755119|1433281|304|03|2024|11|15|LOTE 15|612|15|FLANELA DE ALGODAO 37X55CM.|UNIDADE
46755138|1433281|304|03|2024|11|23|LOTE 23|736|23|RODO DE ESPUMA COM CABO|UNIDADE
46755131|1433281|304|03|2024|11|42|LOTE 42|2139|42|COPO PLAST.DESCARTAVEL 200 ML|UNIDADE
46755187|1433282|304|03|2024|11|-1|LOTE NÃO INFORMADO|5053|15|ESCO.PONTAL.AQ.MONT.ESTRU AGUA|METRO QUADRADO
46755208|1433282|304|03|2024|11|-1|LOTE NÃO INFORMADO|5074|36|PREP.MAN.CONC.TRACO 1:2:3 AGUA|METRO CUBICO
46755232|1433282|304|03|2024|11|-1|LOTE NÃO INFORMADO|5098|60|PASSADICOS MAD.PED.FORN.INS.ES|METRO QUADRADO
46755143|1433281|304|03|2024|11|48|LOTE 48|571|48|GARRAFA TERMICA 1 LITRO|UNIDADE
46755112|1433279|304|03|2024|11|1|LOTE 1|4538|1|MEDIDOR DE PHPHMETROTIPO CANETA 014|UNIDADE
46755124|1433281|304|03|2024|11|10|LOTE 10|2402|10|DESODORISADOR DE AR PERFUMADO|UNIDADE
46755150|1433281|304|03|2024|11|30|LOTE 30|4652|30|SACO PLASTICO REFORCADO 200L.|EMBALAGEM
46755176|1433282|304|03|2024|11|-1|LOTE NÃO INFORMADO|5042|4|SINALIZACAO FITA ZEBRADA-AGUA|METRO
46755227|1433282|304|03|2024|11|-1|LOTE NÃO INFORMADO|5093|55|ESCOR.CONT.AQ.MONT.ESTRUT.ESG|METRO QUADRADO
46755234|1433282|304|03|2024|11|-1|LOTE NÃO INFORMADO|5100|62|ATERRO VALAS,CAVAS COMPACT.ES|METRO CUBICO
46755236|1433282|304|03|2024|11|-1|LOTE NÃO INFORMADO|5102|64|POCO VISITA COMP.DN600MM ESGOT|UNIDADE
46755220|1433282|304|03|2024|11|-1|LOTE NÃO INFORMADO|5086|48|ENVELOP.TUBO PVC JE DN-150 ESG|METRO CUBICO
46755120|1433281|304|03|2024|11|25|LOTE 25|684|25|SABAO EM PO EMBALAGEM 01KG.|UNIDADE
46755162|1433281|304|03|2024|11|34|LOTE 34|2238|34|VASSOURA DE PIACAVA Nº 05 COM CABO|PECA
46755194|1433282|304|03|2024|11|-1|LOTE NÃO INFORMADO|5060|22|AS.TUB.CON.PVC JS DN25 32MM AG|METRO
46755229|1433282|304|03|2024|11|-1|LOTE NÃO INFORMADO|5095|57|LASTRO VALA C/PEDRA BRITADA ES|METRO CUBICO
46755178|1433282|304|03|2024|11|-1|LOTE NÃO INFORMADO|5044|6|SINALIZACAO C/PLACAS DIST.AGUA|UNIDADE
46755106|1433278|304|03|2024|11|5|LOTE 5|5467|5|REGISTRO DE GAVETA DE BRONZE DN 112 COM VOLANTE CONTENDO NO MÍNIMO 05 FIOS DE ROSCA EM CADA UMA DE SUA EXTREMIDADE NBR 15705 NBR NM ISO 71|PECA
46755135|1433281|304|03|2024|11|9|LOTE 9|2717|9|DESINFETANTE FRASCO 2L|UNIDADE
46755139|1433281|304|03|2024|11|27|LOTE 27|691|27|SABAO EM TABLETE NEUTRO|PACOTE
46755214|1433282|304|03|2024|11|-1|LOTE NÃO INFORMADO|5080|42|SINALIZ.CONE FORN.INST.ESGOTO|UNIDADE
46755226|1433282|304|03|2024|11|-1|LOTE NÃO INFORMADO|5092|54|ESCOR.DESC.AQ.MONT.ESTRUT.ESG|METRO QUADRADO
46755134|1433281|304|03|2024|11|56|LOTE 56|2198|56|GAS BUTANO EM EMBALAGEM 13 KG.|UNIDADE
46755191|1433282|304|03|2024|11|-1|LOTE NÃO INFORMADO|5057|19|LASTRO VALA PEDRA BRITADA.AGUA|METRO CUBICO
46755212|1433282|304|03|2024|11|-1|LOTE NÃO INFORMADO|5078|40|SINAL.NOTURNA-FORN.INST.ESGOTO|UNIDADE
46755231|1433282|304|03|2024|11|-1|LOTE NÃO INFORMADO|5097|59|ASSENT.TUB.CON.PVC JE DN150 ES|METRO
46755241|1433282|304|03|2024|11|-1|LOTE NÃO INFORMADO|5107|69|EXEC.LIMPEZA GERAL OBRA ESGOTO|METRO QUADRADO
46755103|1433278|304|03|2024|11|17|LOTE 17|1465|17|LÂMINA PARA ARCO DE SERRA EM ACO RAPIDO RS1218 30MM SAFE FLEX|PECA
46755133|1433281|304|03|2024|11|43|LOTE 43|2549|43|COPO PLAST.DESCARTAVEL 50ML|UNIDADE
46755215|1433282|304|03|2024|11|-1|LOTE NÃO INFORMADO|5081|43|SINALIZACAO C/PLACAS DIST.ESG|UNIDADE
46755116|1433280|304|03|2024|11|2|LOTE 2|6018|2|SERVICOS DE ADMINISTRACAO E GERENCIAMENTO DE MANUTENCAO DE VEICULOS AUTOMOTIVOS, COM IMPLANTACAO, INTERMEDIACAO E ADMINISTRACAO POR MEIO DE SISTEMA INFORMATIZADO INTEGRADO, COM TECNOLOGIA DE PAGAMENTO POR MEIO DE CARTAO MAGNETICO OU MICRO PROCESSADO DE GERENCIAMENTO EM REDE DE ESTABELECIMENTOS CREDENCIADOS PARA MANUTENCAO CORRETIVA E PREVENTIVA, INCLUINDO O FORNECIMENTO DE PECAS DE REPOSICAO E ACESSORIOS|SV
46755125|1433281|304|03|2024|11|26|LOTE 26|1263|26|SABONETE LIQUIDO EMBALAGEM 1L|UNIDADE
47348159|1449501|303|02|2024|12|1|LOTE 1|17778|10|CONJUNTO HOSPITALAR CALCA E BLUSA EM BRIM LEVE, SARJA 21, 100% ALGODAO, GRAMATURA MINIMA 230 GM², PRE ENCOLHIDO NA COR VERDE BANDEIRA COMPOSTO POR UMA CALCA COM ELASTICO NA CINTURA MEDINDO 4CM DE LARGURA, SEM BRAGUILHA E UMA BLUSA COM MANGAS CURTAS, GOLA EM V E 3 BOLSOS TRADICIONAIS, SENDO 2 NA ALTURA DA CINTURA 1 ESQUERDO E 1 DIREITO E 1 NA ALTURA DO PEITO NO LADO ESQUERDO DETALHES NO PUNHO DA MANGA VERDE ESCURO SILKS BLUSA BOLSO LADO ESQUERDO BRASAO DA PREFEITURA NA COR BRANCA COSTAS SECRETARIA MUNICIPAL DE SAUDE, NA COR BRANCA COM VERDE LATERAL DIREITA FRENTE E COSTAS SILK NA COR VERDE CALCA LATERAL DIREITA SILK NA COR BRANCO BRASAO DA PREFEI|UND
47348150|1449501|303|02|2024|12|1|LOTE 1|14573|1|CAMISA PÓLO VIGIA ADMINISTRACAO E OBRAS CAMISA MALHA ESTILO POLO BORDADA COM O NOME DA PREFEITURA MUNICIPAL DE CAETÉ NA FRENTE BRASAO DO MUNICÍPIO NA MANGA DIREITA E BANDEIRAS DO BRASIL E MINAS GERAIS NA MANGA ESQUERDA COR VERDE COM GOLA E ACABAMENTO NA MANGA DA MESMA COR TAMANHOS A SEREM DEFINIDOS|UND
47348165|1449502|303|02|2024|12|2|CESTA FRIA|19579|2|CESTA FRIA COMPOSTA PELOS SEGUINTES ITENSPICANHACARNE RESFRIADA DE BOVINO SEM OSSO, EMBALAGEM A VACUO VARIANDO DE 900 G A 1,2 KG INFORMACAO NUTRICIONAL, EM SUA PORCAO DE 100G EQUIVALENTE A BIFE MEDIO, DEVERA CONTER SEU VALOR ENERGETICO DE NO MINIMO 257 KCAL = 1087 KJ, PROTEINAS NO MAXIMO 20G, SEM FIBRA ALIMENTAR E SODIO NO MAXIMO 49MG, SELO SIF OU IMA PECA INTEIRA SEM CAMADAS GROSSAS E AMARELADAS DE GORDURA A CAMADA DE GORDURA DEVE TER A MESMA ESPESSURA EM TODA A PECA MARCA EQUIVALENTE, SIMILAR OU SUPERIOR A PREMIATTA, MATURATA PICANHA SUINA CARNE RESFRIADA DE SUINO SEM OSSO, TEMPERADA, EMBALAGEM A VACUO VARIANDO DE 800G A 1KG DEVERA CONTER SELO SIF OU IMA PECA INTEIRA MARCA|KIT
47348158|1449501|303|02|2024|12|1|LOTE 1|17775|8|JALECO EM OXFORF 100% POLIESTER, COR BRANCO, COMPRIMENTO , MANGA CURTA, UM BOLSO CHAPADO NA PARTE EXTERNA SUPERIOR NO LADO ESQUERDO, OUTROS 2 BOLSOS NA PARTE INFERIOR, CINCO BOTOES NA FRENTE NA COR BRANCO LEITOSO, ABERTURA NA PARTE DE TRAS COM 20 CENTIMETROS E TRANSPASSE DE 4 CM, SILK NA MANGA DIREITA BRASAO COLORIDO DA PREFEITURA, NO BOLSO DO PEITO LATERAL A LOGOMARCA DA ATUAL GESTAO COM A INSCRICAO SECRETARIA MUNICIPAL DE SAUDE TAMANHO A SEREM DEFINIDOS NA ENTREGA|UND
47348166|1449503|303|02|2024|12|-1|LOTE NÃO INFORMADO|17886|1|CONTRATACAO DE EMPRESA PARA PRESTACAO DE SERVICO DE BUFFET, PARA REALIZACAO DO EVENTO FESTA NATALINA DESTINADAS AOS SERVIDORES PUBLICOS DO PODER EXECUTIVO MUNICIPAL DE CAETEMG, COMPREENDENDO A PREFEITURA, O SERVICO AUTONOMO DE AGUA E ESGOTO SAAE, A FUNDACAO EDUCACIONAL DE CAETE FEC E A FUNDACAO CASA DE CULTURA DE CAETE FCCC, CONFORME LEI N° 34702023 SERVICOS A SEREM CONTRATADOS CHURRASCO 300 KG PICANHA BOVINA 200 KG PICANHA SUINA 90 KG LINGUICA TOSCANA NA BRASA 50 KG COXINHA DA ASA 60 KG CORACAOZINHO 60 KG TOUCINHO DE BARRIGA 60 PACOTES DE 400 GRAMAS CADA DE PAO DE ALHO DEVERAO SER DISPONIBILIZADAS 08 OITO CHURRASQUEIRAS E CARVAO08|U
47348164|1449502|303|02|2024|12|1|CESTA NATALINA|19578|1|CESTA NATALINA COMPOSTA PELOS SEGUINTES ITENS 01 PANETTONE PREMIUM COM FRUTAS 400 GR INGREDIENTES FARINHA DE TRIGO ENRIQUECIDA COM FERRO E ACIDO INFORMACAO NUTRICIONAL FOLICO, ACUCAR, GORDURA VEGETAL, FRUTAS CRISTALIZADAS, UVASPASSAS, OVO INTEGRAL PASTEURIZADO, GEMA DE OVO PASTEURIZADA, ACUCAR INVERTIDO, EXTRATO DE MALTE DE CEVADA, SORO DE LEITE PARCIALMENTE DESMINERALIZADO, SAL, LEITE EM PO INTEGRAL, MANTEIGA, EMULSIFICANTES MONO E DIGLICERIDEOS DE UMECTANTE GLICEROL, CONSERVANTES TORONALO DE CALCIO E ACIDO SONICO, AROMATIZANTES E CORANTE EXTRATO DE URUCUM, BASE BIXINA ALERGICOSCONTEM OVO E DERIVADOS, DERIVADOS DE LEITE, TRIGO, CEVADA E SOJA PODE CONTER CENTEIO, AVEIA, AVELA,|KIT
47348153|1449501|303|02|2024|12|1|LOTE 1|14576|4|CAMISETE SETOR ADMINISTRATIVO FEMININA EM TRICOLINE COM ELASTANO CAMISETE SOCIAL MODELO ACINTURADA MANGA LONGA BORDADA COM O NOME DA PREFEITURA MUNICIPAL DE CAETÉ NA FRENTE BRASAO DO MUNICÍPIO NA MANGA DIREITA E BANDEIRAS DO BRASIL E MINAS GERAIS NA MANGA ESQUERDA COR VERDE COM GOLA DE ACABAMENTO DA MANGA NA MESMA COR TAMANHOS A SEREM DEFINIDOS|UND
47348155|1449501|303|02|2024|12|1|LOTE 1|14578|5|CAMISA SETOR ADMINISTRATIVO MASCULINA EM TRICOLINE COM ELASTANO CAMISA SOCIAL MODELO SLIM MANGA LONGA BORDADAS COM O NOME DA PREFEITURA MUNICIPAL DE CAETÉ NA FRENTE BRASAO DO MUNICÍPIO NA MANGA DIREITA E BANDEIRAS DO BRASIL E MINAS GERAIS NA MANGA ESQUERDA COR VERDE COM GOLA DE ACABAMENTO DA MANGA NA MESMA COR TAMANHOS A SEREM DEFINIDOS|UND
47348154|1449501|303|02|2024|12|1|LOTE 1|14577|6|CAMISA SETOR ADMINISTRATIVO MASCULINA EM TRICOLINE COM ELASTANO CAMISA SOCIAL MODELO SLIM MANGA CURTA BORDADA COM O NOME DA PREFEITURA MUNICIPAL DE CAETÉ NA FRENTE BRASAO DO MUNICÍPIO NA MANGA DIREITA E BANDEIRAS DO BRASIL E MINAS GERAIS NA MANGA ESQUERDA COR VERDE COM GOLA DE ACABAMENTO DA MANGA NA MESMA COR TAMANHOS A SEREM DEFINIDOS|UND
47348163|1449501|303|02|2024|12|1|LOTE 1|17817|7|CALCA TRADICIONAL MASCULINA FEMININA CALCA DE RIP STOP, MODELO TRADICIONAL, COR PRETA, COM 2 BOLSOS NA FRENTE E 02 BOLSOS ATRAS, COM NOME DA PREFEITURA NA MESMA COR NO BOLSO TRASEIRO TAMANHOS A SEREM DEFINIDOS|UND
47348151|1449501|303|02|2024|12|1|LOTE 1|14574|2|CAMISA MALHA SERVICOS GERAIS CAMISA MALHA GOLA V MANGA CURTA BORDADA COM O NOME DA PREFEITURA MUNICIPAL DE CAETÉ NA FRENTE BRASAO DO MUNICÍPIO NA MANGA DIREITA E BANDEIRAS DO BRASIL E MINAS GERAIS NA MANGA ESQUERDA COR VERDE COM GOLA DE ACABAMENTO DA MANGA NA MESMA COR TAMANHOS A SEREM DEFINIDOS|UND
47348160|1449501|303|02|2024|12|1|LOTE 1|17782|11|BLUSA COM MANGAS CURTAS, EM BRIM LEVE, GOLA EM V E 3 BOLSOS TRADICIONAIS, SENDO 2 NA ALTURA DA CINTURA 1 ESQUERDO E 1 DIREITO E 1 NA ALTURA DO PEITO NO LADO ESQUERDO DETALHES NO PUNHO DA MANGA AZUL ESCURO BLUSA BOLSO LADO ESQUERDO BRASAO DA PREFEITURA NA COR BRANCA COSTAS SECRETARIA MUNICIPAL DE SAUDE, NA COR BRANCA COM ROSA LATERAL DIREITA FRENTE E COSTAS SILK NA COR ROSA TAMANHO A SEREM DEFINIDOS NA ENTREGA, MODELO MASCULINO E FEMININO|UND
47348161|1449501|303|02|2024|12|1|LOTE 1|17783|14|CAMISA POLO EM MALHA PV 67% POLIESTER 33% VISCOSE ANTI PILING, NA COR BRANCO, MANGAS NA COR VERDE BANDEIRA, PUNHO DAS MANGAS E GOLA VERDE COM DETALHE BRANCO, BOTOES BRANCO COM DETALHES EM MALHA PV FRONTAL VERDE BANDEIRA SILKS NO PEITO LOGO AS SAUDE  MANGA DIREITA BRASAO DO MUNICIPIO  COSTAS SECRETARIA MUNICIPAL DE SAUDE  TAMANHO A SEREM DEFINIDOS NA ENTREGA, MODELO MASCULINO E FEMININO|UND
47348162|1449501|303|02|2024|12|1|LOTE 1|17784|9|CALCA DE BRIM PESADO 100% ALGODAO, SARJA 31 CINTURA COM ELASTICO E CORDAO , BOLSO CHAPADO FRENTE E COSTAS, TECIDO NA COR CINZA, SILK NO BOLSO DA FRENTE ESCRITO AGENTE DE ENDEMIAS, TAMANHOS A SEREM DEFINIDOS NA ENTREGA|UND
47348156|1449501|303|02|2024|12|1|LOTE 1|14585|12|CAMISA MALHA SERVICOS GERAIS GOLA REDONDA E MANGA CURTA CAMISA MALHA GOLA REDONDA MANGA CURTA BORDADA COM O NOME DA PREFEITURA MUNICIPAL DE CAETÉ NA FRENTE BRASAO DO MUNICÍPIO NA MANGA DIREITA E BANDEIRAS DO BRASIL E MINAS GERAIS NA MANGA ESQUERDA COR VERDE COM GOLA DE ACABAMENTO DA MANGA NA MESMA COR TAMANHOS A SEREM DEFINIDOS|UND
47348152|1449501|303|02|2024|12|1|LOTE 1|14575|3|CAMISETE SETOR ADMINISTRATIVO FEMININA EM TRICOLINE COM ELASTANO CAMISETE SOCIAL MODELO ACINTURADA MANGA CURTA BORDADA COM O NOME DA PREFEITURA MUNICIPAL DE CAETÉ NA FRENTE BRASAO DO MUNICÍPIO NA MANGA DIREITA E BANDEIRAS DO BRASIL E MINAS GERAIS NA MANGA ESQUERDA COR VERDE COM GOLA DE ACABAMENTO DA MANGA NA MESMA COR TAMANHOS A SEREM DEFINIDOS|UND
47348157|1449501|303|02|2024|12|1|LOTE 1|14586|13|CAMISA MALHA SERVICOS GERAIS GOLA REDONDA E MANGA LONGA CAMISA MALHA GOLA REDONDA MANGA LONGA BORDADA COM O NOME DA PREFEITURA MUNICIPAL DE CAETÉ NA FRENTE BRASAO DO MUNICÍPIO NA MANGA DIREITA E BANDEIRAS DO BRASIL E MINAS GERAIS NA MANGA ESQUERDA COR VERDE COM GOLA DE ACABAMENTO DA MANGA NA MESMA COR TAMANHOS A SEREM DEFINIDOS|UND
46634434|1429461|302|01|2024|11|-1|LOTE NÃO INFORMADO|4025|9|BROA DE FUBA COM QUEIJO|UNIDADE
46634436|1429461|302|01|2024|11|-1|LOTE NÃO INFORMADO|4273|4|HOTDOG|UND
46634432|1429461|302|01|2024|11|-1|LOTE NÃO INFORMADO|4277|11|QUEIJO FRESCO TIPO MINAS|UND
46634437|1429461|302|01|2024|11|-1|LOTE NÃO INFORMADO|4275|7|SALGADOS DIVERSOS PARA REUNIOES|UND
46634439|1429461|302|01|2024|11|-1|LOTE NÃO INFORMADO|4278|12|SANDUICHE DE MINI PAO FRANCES|UND
46634431|1429461|302|01|2024|11|-1|LOTE NÃO INFORMADO|4274|6|SALGADOS VARIADOS SERVIDORES|BAN
46634440|1429461|302|01|2024|11|-1|LOTE NÃO INFORMADO|4280|13|TORTA SALGADA|UND
46634433|1429461|302|01|2024|11|-1|LOTE NÃO INFORMADO|4020|2|MISTO FRIO, COMPOSTO POR DUAS FATIAS DE PAO DE FORMA, DUAS FATIAS DE MUCARELA E UMA DE PRESUNTO|UN
46634435|1429461|302|01|2024|11|-1|LOTE NÃO INFORMADO|4233|5|PIZZA BROTINHO|SER
46634441|1429461|302|01|2024|11|-1|LOTE NÃO INFORMADO|4283|8|BOLO CASEIRO|UND
46634442|1429461|302|01|2024|11|-1|LOTE NÃO INFORMADO|4399|1|SALADA DE FRUTAS|UND
46634438|1429461|302|01|2024|11|-1|LOTE NÃO INFORMADO|4276|10|BISCOITOS TIPO CASEIRO|PAC
46634430|1429461|302|01|2024|11|-1|LOTE NÃO INFORMADO|4272|3|SANDUÍCHE PAO DE BATATA|UND
46979486|1439877|302|01|2024|12|6|COPA E COZINHA|3504|19|GARRAFA TERMICA INOX 500ML|UNIDADE
46979489|1439877|302|01|2024|12|1|MOVEIS CAMARA|4408|13|ARMARIO PARA ESCRITORIO BEGE|UND
46979494|1439877|302|01|2024|12|2|MOVEIS PROCON|4413|14|ARMARIO PARA ESCRITORIO BRANCO|UND
46979509|1439877|302|01|2024|12|5|CORTINAS|4428|16|CORTINA PERSIANA VERTICAL 1,4MX19M|UND
46979515|1439877|302|01|2024|12|7|MOVEIS EM ACO|4434|17|ARMARIOS PARA ARQUIVO EM ACO|UND
46979519|1439877|302|01|2024|12|6|COPA E COZINHA|4438|10|ESCORREDOR DE PRATOS COM PORTA COPOS|UND
46979516|1439877|302|01|2024|12|8|QUADRO BRANCO|4435|7|QUADRO BRANCO MAGNETICO|UND
46979520|1439878|302|01|2024|12|1|LOTE 1|4446|1|GESTAO PATRIMONIAL|SER
46979521|1439879|302|01|2024|12|1|LOTE 1|4448|1|INTERNET SCM|SER
46979512|1439877|302|01|2024|12|5|CORTINAS|4431|33|CORTINA PERSIANA VERTICAL 2,35MX2,75M|UND
46979518|1439877|302|01|2024|12|10|SUPORTE|4437|9|SUPORTE PARA BACKDROP REGULAVEL|UND
46979498|1439877|302|01|2024|12|2|MOVEIS PROCON|4417|36|JOGO DE MESA REDONDA 100 CM, COM 4 CADEIRAS ESTOFADAS|JOG
46979508|1439877|302|01|2024|12|5|CORTINAS|4427|5|CORTINA PERSIANA VERTICAL 1,4MX16M|UND
46979485|1439877|302|01|2024|12|3|ELETRODOMESTICOS|3229|18|CAFETEIRA ELETRICA|UNIDADE
46979500|1439877|302|01|2024|12|2|MOVEIS PROCON|4419|38|MESA PARA ESCRITORIO EM L, COM BALCAO|UND
46979501|1439877|302|01|2024|12|3|ELETRODOMESTICOS|4420|3|ASPIRADOR DE PO|UND
46979499|1439877|302|01|2024|12|2|MOVEIS PROCON|4418|37|MESA TIPO APARADOR|UND
46979507|1439877|302|01|2024|12|4|CADEIRAS|4426|28|CADEIRA LONGARINA COM 4 LUGARES|UND
46979491|1439877|302|01|2024|12|1|MOVEIS CAMARA|4410|25|BALCAO MULTIUSO PARA FORNO E MICROONDAS|UND
46979493|1439877|302|01|2024|12|2|MOVEIS PROCON|4412|2|ARMARIO MULTIUSO LAVANDERIA 02 PORTAS EM MDP|UND
46979497|1439877|302|01|2024|12|2|MOVEIS PROCON|4416|31|GUICHE PARA ATENDIMENTO|UND
46979506|1439877|302|01|2024|12|4|CADEIRAS|4425|22|CADEIRA GIRATORIA PARA ESCRITORIO COM DESCANSO DE BRACO|UND
46979490|1439877|302|01|2024|12|1|MOVEIS CAMARA|4409|20|ARMARIO PARA GABINETE|UND
46979503|1439877|302|01|2024|12|3|ELETRODOMESTICOS|4422|32|MAQUINA DE LAVAR ROUPA AUTOMATICA|UND
46979502|1439877|302|01|2024|12|3|ELETRODOMESTICOS|4421|27|CLIMATIZADOR DE AMBIENTE 3 EM 1|UND
46979510|1439877|302|01|2024|12|5|CORTINAS|4429|23|CORTINA PERSIANA VERTICAL 1,9MX2,2M|UND
46979492|1439877|302|01|2024|12|1|MOVEIS CAMARA|4411|30|MESA PARA ESCRITORIO EM L, COM 02 GAVETAS|UND
46979483|1439877|302|01|2024|12|6|COPA E COZINHA|2733|11|GARRAFA TERMICA 1 LT|UNIDADE
46979511|1439877|302|01|2024|12|5|CORTINAS|4430|29|CORTINA PERSIANA VERTICAL 2,35MX2,20M|UND
46979517|1439877|302|01|2024|12|9|RELOGIO|4436|8|RELOGIO DE PAREDE|UND
46979495|1439877|302|01|2024|12|2|MOVEIS PROCON|4414|21|CONJUNTO DE MESA DE COZINHA COM 2 BANQUETAS|JOG
46979484|1439877|302|01|2024|12|3|ELETRODOMESTICOS|3236|35|LAVADORA DE ALTA PRESSAO|UNIDADE
46979487|1439877|302|01|2024|12|3|ELETRODOMESTICOS|3156|12|BEBEDOURO|UNIDADE
46979488|1439877|302|01|2024|12|1|MOVEIS CAMARA|4407|1|ARMARIO PARA ARQUIVO DE PASTA SUSPENSA|UND
46979481|1439876|302|01|2024|12|-1|LOTE NÃO INFORMADO|4445|1|CARTAO AUXILIO ALIMENTACAO|SER
46979482|1439877|302|01|2024|12|6|COPA E COZINHA|3198|24|LIXEIRA 12 LITROS INOX|UNIDADE
46979505|1439877|302|01|2024|12|4|CADEIRAS|4424|15|CADEIRA DE ESCRITORIO FIXA REFORCADA|UND
46979514|1439877|302|01|2024|12|7|MOVEIS EM ACO|4433|6|PRATELEIRAS EM ACO GALVANIZADO|UND
46979496|1439877|302|01|2024|12|2|MOVEIS PROCON|4415|26|GABINETE BALCAO DE COZINHA PORTA FORNO MICROONDAS|UND
46979504|1439877|302|01|2024|12|4|CADEIRAS|4423|4|CADEIRA DE ESCRITORIO FIXAS|UND
46979513|1439877|302|01|2024|12|6|COPA E COZINHA|4432|34|BALANCA DIGITAL|UND
46751595|1433181|303|02|2024|10|16|LOTE 16|17802|16|BOLA MEDICINAL DE 2KG CONFECCIONADA EM BORRACHA REFORCADA COM SUPERFICIE RUGOSA, MATRIZADA COM MIO|UND
46751601|1433181|303|02|2024|10|22|LOTE 22|17808|22|REDE VOLEIBOL PAR EM 100% POLIETILENO IMPERMEABILIZADO, 100% EXTRA VIRGEM, RESISTENTE RAIO ULTRAV|UND
46751590|1433181|303|02|2024|10|11|LOTE 11|17797|11|BOLA DE FUTSAL ADULTO A PARTIR DO SUB15 INDICADA PARA CATEGORIA ADULTO MATERIAL POLIURETILENO|UND
46751599|1433181|303|02|2024|10|20|LOTE 20|17806|20|REDE FUTSALHANDEBOL PAR CONFECCIONADA EM CORDA TRANCADA DE MONOFILAMENTO, 100% POLIETILENO PE 1|UND
46751593|1433181|303|02|2024|10|14|LOTE 14|17800|14|BOLA DE HANDEBOL N°2 54 A 56CM INDICADA PARA EQUIPES FEMININAS CADETE E ACIMA ACIMA DE 14 ANOS|UND
46751600|1433181|303|02|2024|10|21|LOTE 21|17807|21|REDE BASQUETE PAR CONFECCIONADA EM CORDA TRANCADA DE MONOFILAMENTO, 100% POLIETILENO PE 100% EX|UND
46751602|1433181|303|02|2024|10|23|LOTE 23|17809|23|COLCHONETE EM NAPA COLCHONETE PARAGINASTICA, MATERIAL NAPA CICAP, COR AZUL ROYAL DIMENSOES APROX|UND
46751603|1433181|303|02|2024|10|24|LOTE 24|17810|24|BOLA DE VOLEIBOL 65 A 67CM INDICADA PARA CATEGORIA ADULTO MATERIAL MICROFIBRA PESO CHEIA 260|UND
46751597|1433181|303|02|2024|10|18|LOTE 18|17804|18|BOLA INICIACAO 10, COMPOSTO DE BORRACHA, PESO 150160 G CIRCUNFERENCIA 4850 CM COM RANHURAS NA|UND
46751591|1433181|303|02|2024|10|12|LOTE 12|17798|12|BOLA DE FUTEBOL DE CAMPO 64 A 66 CM INDICADA PARA CATEGORIA INFANTIL MATERIAL POLIUTIRENO, CAMA|UND
46751583|1433181|303|02|2024|10|4|LOTE 4|17790|4|CONE DEMARCATORIO DISCOCHAPEU CHINES 6,5 CM DE ALTURA E 19,5 CM DE DIAMETRO MATERIAL PLASTICO FL|UND
46751580|1433181|303|02|2024|10|1|LOTE 1|17787|1|APITO, MATERIAL PLASTICO, APLICACAO ESPORTE, TIPO PROFISSIONAL, TAMANHO MEDIO, CARACTERISTICAS ADICI|UND
46751586|1433181|303|02|2024|10|7|LOTE 7|17793|7|BOMBA DE INFLAR CONFECCIONADA EM MATERIAL SINTETICO COM APROXIMADAMENTE 20CM AGULHA 4CM PESO 100|UND
46751588|1433181|303|02|2024|10|9|LOTE 9|17795|9|BOLA DE BASQUETEBOL 75 A 78 CM INDICADA PARA COMPETICOES MASCULINAS DE CATEGORIAS ACIMA DE 12 ANOS M|UND
46751585|1433181|303|02|2024|10|6|LOTE 6|17792|6|CRONOMETRO, MATERIAL CARCACA PLASTICO ABS, TIPO BOLSO, TIPO MOSTRADOR DIGITAL, FUNCIONAMENTO BATERIA|UND
46751579|1433180|303|02|2024|10|4|MOTOCICLETA|16793|5|MOTOCICLETA 0KM 160 CC 2024 CARACTERISTICA DA MOTOCICLETA TIPO OHC, MONOCILINDRICO, 4 TEMPOS, ARREFECIDO A AR CILINDRADA 160 CC POTENCIA MAXIMA 14,9 CV A 8000 RPM RPM GASOLINA 15,1 CV A 8000 RPM ETANOL TORQUE MAXIMO 1,40 KGFM A 7000 RPM RPM GASOLINA 1,54 KGFM A 7000 RPM ETANOL TRANSMISSAO 5 VELOCIDADES SISTEMA DE PARTIDA ELETRICO DIAMETRO X CURSO 57,3 X 63,0 MM RELACAO DE COMPRESSAO 9,5 1 SISTEMA ALIMENTACAO INJECAO ELETRONICA PGM FI COMBUSTIVEL GASOLINA EOU ETANOL IGNICAO ELETRONICA BATERIA 12V 4 AH FAROL 35 35W TANQUE DE COMBUSTIVEL 16,1 LITROS OLEO DO MOTOR 1,2 LITRO COMPRIMENTO X LARGURA X ALTURA 1996 X 746 X 1087 MM DISTA|UND
46751598|1433181|303|02|2024|10|19|LOTE 19|17805|19|REDE FUTEBOL DE CAMPO PAR CONFECCIONADA EM CORDA TRANCADA DE MONOFILAMENTO, 100% POLIETILENO PE|UND
46751575|1433180|303|02|2024|10|3|REFRIGERADOR DUAS PORTAS|15308|1|REFRIGERADOR DUAS PORTAS DUPLEX FROST FREE CAPACIDADE DE 400 A 450 LITROS CLASSIFICACAO DE EFICIÊNCIA ENERGÉTICA A EXPEDIDA PELO INMETRO COR BRANCA VOLTAGEM 110V GARANTIA MÍNIMA DE 12 MESES FORNECIDA PELO FABRICANTE|UND
46751576|1433180|303|02|2024|10|1|LAVADORA DE ROUPA|15310|2|LAVADORA DE ROUPAS CAPACIDADE MÍNIMA DE 12 KG COM FUNCOES LAVAGEM ENXAGUE E CENTRÍFUGA TENSAO 110 VOLTS FUNCIONAMENTO AUTOMATICO COM NO MÍNIMO 04 PROGRAMAS DE LAVAGEM E 03 NÍVEIS DE AGUA GABINETE EM ACO COM TRATAMENTO ANTIFERRUGEM E PINTURA ELETROSTATICA NA COR BRANCA E CESTO EM INOX CLASSIFICACAO DE EFICIÊNCIA ENERGÉTICA A EXPEDIDA PELO INMETRO GARANTIA MÍNIMA DE 12 MESES FORNECIDA PELO FABRICANTE|UND
46751581|1433181|303|02|2024|10|2|LOTE 2|17788|2|ARCO DE PLASTICO BAMBOLE MATERIAL PLASTICO PVC, COM 63 CM DE DIAMETRO CORES DIVERSAS|UND
46751589|1433181|303|02|2024|10|10|LOTE 10|17796|10|BOLA DE FUTSAL MIRIM SUB11INDICADA PARA CATEGORIA MIRIM SUB11 MATERIAL EM POLIURETILENO|UND
46751594|1433181|303|02|2024|10|15|LOTE 15|17801|15|BOLA MEDICINAL DE 1KG CONFECCIONADA EM BORRACHA REFORCADA COM SUPERFICIE RUGOSA, MATRIZADA COM MIO|UND
46751596|1433181|303|02|2024|10|17|LOTE 17|17803|17|BOLA INICIACAO 08, COMPOSTO DE BORRACHA, PESO 110120 G, CIRCUNFERENCIA 4042 CM, COM RANHURAS NA|UND
46751578|1433180|303|02|2024|10|5|CARRO|15659|3|VEICULO AUTOMOTOR HATCH, ZERO KM, MOTOR MINIMO 10, POTENCIA MINIMA 66 CV, MOTOR BIOCOMBUSTIVEL, CAMBIO DE 05 MARCHAS, DIRECAO ELETROHIDRAULICA, AR CONDICIONADO, VIDROS ELETRICOS, TRAVAS ELETRICAS, SISTEMA DE FREIO ABS, AIRBAG DUPLO, TAPETES DE BORRACHA, TODOS OS DEMAIS ITENS EXIGIDOS PELO CODIGO BRASILEIRO DE TRANSITO|UND
46751584|1433181|303|02|2024|10|5|LOTE 5|17791|5|CORDA NAVAL PARA EXERCICIOS, FEITA EM SISAL PODE SER USADA EM DIVERSOS EXERCICIOS DE FORCA, RESISTE|UND
46751582|1433181|303|02|2024|10|3|LOTE 3|17789|3|CONE PARA SINALIZACAO, CONFECCIONADO EM COMPOSTO SINTETICO, 50 CM DE ALTURA|UND
46751574|1433179|303|02|2024|10|-1|LOTE NÃO INFORMADO|17437|1|CONTRATACAO DE EMPRESA ESPECIALIZADA EM CONSTRUCAO CIVIL PARA EXECUCAO DA INSTALACAO DE GUARDACORPO METALICO NA AVENIDA DOUTOR JOAO PINHEIRO, COM FORNECIMENTO DE MATERIAL E MAODEOBRA NECESSARIO|UND
46751592|1433181|303|02|2024|10|13|LOTE 13|17799|13|BOLA DE HANDEBOL N°1 49 A 51CM INDICADA PARA EQUIPES FEMININAS MINI, MIRIM E INFANTIL ENTRE 8|UND
46751587|1433181|303|02|2024|10|8|LOTE 8|17794|8|BOLA DE BASQUETEBOL 72 A 74 CM INDICADA PARA COMPETICOES FEMININAS ACIMA DE 12 ANOS MATERIAL M|UND
46751577|1433180|303|02|2024|10|2|SMART TV 50 4K|16283|4|SMART TV 50 4 K UHD WIFIBLUETOOTH HDR|UND
46746439|1433004|303|02|2024|9|97|LOTE 97|17711|97|PAINEL SENSORIAL PAINEL SENSORIAL COMPLETO COMPOSTO POR 5 MODULOS, 2,25MTS X 0,80 MTS X 0,03 CM|UND
46746399|1433004|303|02|2024|9|57|LOTE 57|17671|57|PRANCHA DE EQUILIBRIO PRANCHA DE EQUILIBRIO CONFECCIONADA EM MADEIRA COMPENSADA DE 15MM, FORRADA COM EVA COLORIDO DE 10MM, FIXADA A DUAS BASES SEMICIRCULARES INSTAVEIS DIMENSOES 0,80M DE COMPRIMENTO 0,60M DE LARGURA|UND
46746395|1433004|303|02|2024|9|53|LOTE 53|17667|53|TAPETE TATAME EVA, 26 PLACAS TAPETE TATAME EVA 26 PLACAS 30X30CM ABC COMPLETO 8MM UM TAPETE SUPER COLORIDO E ESTAMPADO COM AS LETRAS DO ALFABETO, TENDO 8 MILIMETROS CARACTERISTICAS COBRE AREA DE 2,15M2 APROXIMADAMENTE, COLORIDO,LAVAVEL,ATOXICO,ANTIDERRAPANTE,NAO AGRESSIVOANVISA|UND
46746394|1433004|303|02|2024|9|52|LOTE 52|17666|52|JOGO QUEBRA GELO PINGUIM NUMA FRIA BRINQUEDO ART BRINK CONTEUDO DA EMBALAGEM 1 PINGUIM, 2 MARTELINHOS, 1 ROLETA, 1 BASE 19 BLOCOS DE GELOS AZUL, 19 BLOCOS DE GELOS TRANSPARENTES E 4 PEZINHOS PARA BASE 47 PECAS NO TOTAL MATERIAL DE ABS DURAVEL IDADE APROPRIADA 3 ANOS DE IDADE PARA CIMA|UND
46746400|1433004|303|02|2024|9|58|LOTE 58|17672|58|PLATAFORMA CIRCULAR PLATAFORMA CIRCULAR CONFECCIONADA EM CANTONEIRA DE ACO REFORCADO QUE SUSTENTA UMA BASE DE MADEIRA COMPENSADA DE 15MM FORRADA COM ESPUMA DE POLIURETANO D33, REVESTIDA COM COURVIN, FIXADA A QUATRO FITAS CABO DIM 1,20 DE DIAMETRO PESO MAXIMO 120 KG|UND
46746383|1433004|303|02|2024|9|41|LOTE 41|17655|41|PRANCHETAS PLASTICA TAMANHO OFICIO, INJETADO EM POLIESTIRENO PESO 0235 KG DIMENSOES 340 X 240 X 40 MM ESPESSURA 3 POSSUEM REGUAS EM SUA BASE E LATERAL ESQUERDA PRENDEDOR DE PAPEL EM POLIESTIRENO INJETADO QUE NAO ENFERRUJA E NEM MARCA O PAPEL|UND
46746370|1433004|303|02|2024|9|14|LOTE 14|17642|28|NUOBESTY 12 PECAS REALISTAS DE MINIATURAS DE ANIMAIS DE FAZENDA BRINQUEDOS MINIATURAS DE FIGURAS DE ANIMAIS DE PLASTICO BRINQUEDOS CHAPEUS DE COCO, ESTE CONJUNTO DE BRINQUEDOS DE ANIMAIS SELVAGENS CONTEM 12 FIGURAS DE ANIMAIS, FEITAS DE PVC DURAVEL DE ALTA QUALIDADE DETALHES DE PINTURA RICOS TORNAM OS ANIMAIS MUITO REALISTAS TODAS AS FIGURAS SE ERGUEM BEM OU SAO SUAVIZADAS|KIT
46746412|1433004|303|02|2024|9|70|LOTE 70|17684|70|MASSA DE MODELAR MASSA MODELAR SOFT 12 CORES 180G ACRILEX PADROES DE QUALIDADE ERAM RESPEITADOS PARA GARANTIR PARA CLIENTE UMA EXCELENTE EXPERIENCIA EXPLORE A NOSSA GAMA DE PRODUTOS PESO DO PRODUTO 0,18 GRAMAS|CX
46746479|1433006|303|02|2024|9|26|LOTE 26|17434|29|CADEIRA TIPO LONGARINA COM BASE FIXA, BASE FIXA EM FORMATO DE Y EM ACO CROMADO CO QUATRO SAPATAS, ENCOSTO COM ESTRUTURA EM ACO PERFURADO, ASSENTO COM ESTRUTURA EM ACO PERFURADO, BRACO EM ACO CROMADO COM FORMATO ANATOMICO, DIMENSOES 173 CMX62CMX74XM, ENCOSTO COM 50 CM DE LARGURA X 43 CM ALTURA CADA ASSENTO COM 40CM DE PROFUNDIDADE X 50 CM DE LARGURA, ALTURA DO ASSENTO AO CHAO 35CM, ESPESSURA DO ASSENTOENCOSTO 1,2 MM, ESPESSURA DOS BRACOS PERNAS 1,2MM, ESPESSURA DA BASE DA LONGARINA 18MM, PESO MAXIMO RECOMENDADO 150 KG POR ASSENTO,|UND
46746382|1433004|303|02|2024|9|38|LOTE 38|17654|40|CONTAS DE LACO PARA CRIANCAS DESCRICAO BRINQUEDOS MONTESSORI QUANDO AS CRIANCAS AMARRAM, AMARRAM, ENFIAM OU EMPILHAM OS BLOCOS, SUA CAPACIDADE DE RECONHECIMENTO DE CORES E FORMAS, CAPACIDADE DE COORDENACAO MAOOLHO E HABILIDADES MOTORAS FINAS SERAO DESENVOLVIDAS ESPECIFICACOES NOME RAINBOW COLOR LACING BEADS MONTESSORI TOYS MATERIAL MATERIAL DE PESO CERCA DE 300G TAMANHO DA EMBALAGEM CERCA DE 21,5174 CM8,46,61,5 POLEGADAS CARACTERISTICAS CORES DO ARCOIRIS 7 FORMAS AMARRAR, ROSQUEAR, AMARRAR, EMPILHAR E CLASSIFICAR BRINQUEDOS MONTESSORI BRINQUEDOS PARA HABILIDADES MOTORAS FINAS O PACOTE INCLUI BLOCOS GEOMETRICOS 42 PECAS CORDA DE CORDA 4 PECAS|PCT
46746371|1433004|303|02|2024|9|15|LOTE 15|17643|29|BOLA DE FUTEBOL, MATERIAL COURO SINTETICO|KIT
46746446|1433004|303|02|2024|9|104|LOTE 104|17718|104|QUEBRA CABECA 3 ANOS CONTEM 30 PECAS PARA ENCAIXAR E BRINCAR DESENVOLVE A MEMORIA BRINCANDO PECAS EM MADEIRA REFLORESTADA DIMENSOES26 X 6 X 25CM C X L X A|CX
46746365|1433004|303|02|2024|9|35|LOTE 35|17635|23|TANGRAM MATERIAL MDF COMPOSICAO 1 BASE DE 17,6 X 17,6 CM E 7 PECAS DE FORMATOS GEOMETRICOS DISTINTOS 2 TRIANGULOS GRANDES, 1 TRIANGULO MEDIO, 2 TRIANGULOS PEQUENOS, 1 QUADRADO E 1 PARALELOGRAMO ACOMPANHA UMA CARTILHA COM ALGUMAS SUGESTOES DE FIGURAS MENOR PECA TRIANGULO MENOR = 6 X 3 X 4 CM MAIOR PECA TRIANGULO MAIOR = 12,5 X 6 X 8,8 CM|UND
46746406|1433004|303|02|2024|9|64|LOTE 64|17678|64|ROLO SENSORIAL ROLO SENSORIAIS CRECHE 60 X 30 CM ACABAMENTOS REVESTIDO EM NAPA COSTURA REFORCADA COM ZIPER DENSIDADE 28|UND
46746449|1433004|303|02|2024|9|107|LOTE 107|17721|107|JOGO SUPER PARES MATERIALPAPELAO, PLASTICO COR MULTICOLORIDO COMPONENTES 1 TABULEIROBERCO,1 AMPULHETA,108 FICHAS E UMA REGRA|CX
46746462|1433006|303|02|2024|9|5|LOTE 5|17416|11|BIOMBO COM 3 FACES CONSTRUIDO COM TUBOS DE ACO ESMALTADO DE 34, FACES EM FORTE TECIDO, PES COM RODIZIOS DE 2 , DIMENSOES LARGURA ABERTO 1,80 FECHADO 0,66MX1,75 ALTURA|UND
46746475|1433006|303|02|2024|9|20|LOTE 20|17430|25|MESA DE REUNIAO OVAL PARA 6 PESSOASCOM DIMENSOES ENTRE OU IGUAIS AXLXC 2,20M X 1,00M X 0,70M A 2,30M X 1,10M X 0,80MCOMPOSICAO TAMPO EM MDF CHAPA DE FIBRA DE MEDIA DENSIDADE DE APROXIMADAMENTE 25 MM DE ESPESSURA, COM BORDAS EM PVC MACICO OU POLIESTIRENO NA COR DO TAMPO E DUAS BASES CILINDRICAS COM APROXIMADAMENTE 450 MM DE DIAMETRO EM MADEIRA REVESTIMENTOS TAMPO EM LAMINADO MELAMINICO|UND
46746434|1433004|303|02|2024|9|92|LOTE 92|17706|92|JOGO 4 EM 1 CLASSICO JOGO DE TABULEIRO 4 JOGOS EM 1 DAMAS, TRILHA, LUDO E RESTA 1, GGB PLAST, MULTICOR, 1045 MATERIALPAPELAO|CX
46746480|1433007|303|02|2024|9|-1|LOTE NÃO INFORMADO|17571|1|CONTRATACAO DE EMPRESA ESPECIALIZADA EM CONSTRUCAO CIVIL PARA EXECUCAO DE REFORMA DO TELHADO DO CASARAO DA RUA PRESIDENTE GETULIO VARGAS 91, COM FORNECIMENTO DE MATERIAL E MAO DE OBRAS NECESSARIOS|SRV
46746364|1433004|303|02|2024|9|34|LOTE 34|17634|22|BRINQUEDO EDUCATIVO PEDAGOGICO MOSAICO QUEBRA CABECA MADEIRA O MOSAICO EM MADEIRA 32 PECAS CARIMBRAS E UM COLORIDO E DIVERTIDO PASSATEMPO QUE, ENQUANTO DIVERTE, TAMBEM TRABALHA A CONCENTRACAO E A CRIATIVIDADE DAS CRIANCAS O MOSAICO E UMA ARTE DECORATIVA MILENAR QUE REUNE PEQUENAS PECAS DE DIVERSAS CORES PARA FORMAR UMA GRANDE FIGURA VEM COM 32 PECAS COLORIDAS DE TAMANHOS E FORMATOS DIFERENTES, ACONDICIONADAS EM UMA BASE MEDINDO DE 23X23X1,8CM, TUDO EM MADEIRA|UND
46746366|1433004|303|02|2024|9|36|LOTE 36|17636|24|QUEBRACABECA DE FUTEBOL CRIANCAS BRINQUEDOS ITEM MEDIDA A MAO, PODE SER 1CM DIFERENTE, SUA COMPREENSAO GENTIL SERA MUITO APRECIADA|UND
46746423|1433004|303|02|2024|9|81|LOTE 81|17695|81|AGUARELA PARAPODIUM EXPANSAO AQUARELA PARAPODIUM EXPANSAO E INDICADA PARA NIVEIS IIIII GMFCS SISTEMA DE CLASSIFICACAO MOTORA GROSSA PARA PARALISIA CEREBRAL INFORMACAO TECNICA SISTEMA DE POSICIONAMENTO EM PE, COM FAIXAS PARA O POSICIONAMENTO DO QUADRIL ANTERIOR E POSTERIOR, MANTENDOSE O ALINHAMENTO PELVICO|UND
46746433|1433004|303|02|2024|9|91|LOTE 91|17705|91|JOGO CILADA DA ESTRELA ESTE JOGO CILADA DA ESTRELA E DE PURO RACIOCINIO ESCOLHA UM DOS QUEBRACABECAS E VA TENTANDO ENCAIXAR AS PECAS, SAO MAIS DE 50 TIPOS DIFERENTES DE QUEBRACABECAS PARA VOCE MONTAR SUPER DESAFIADOR|CX
46746444|1433004|303|02|2024|9|102|LOTE 102|17716|102|PERSONAGENS PEPPA PIG IDADE MINIMA RECOMENDADA 5 ANOS ALTURA 9 CM PROFUNDIDADE 5 CM LARGURA 4 CM MATERIAIS VINIL MACIO E RIGIDO E ARTICULADA SIM E COLECIONAVEL SIM INCLUI ACESSORIOS SIM E BOBBLEHEAD NAO PRODUTO NO BRASIL PRONTA ENTREGA COLECAO INFANTIL E EDUCATIVA PEPPA PIG 16 PERSONAGENS|KIT
46746376|1433004|303|02|2024|9|28|LOTE 28|17648|34|TUBO DE BRINQUEDO DE PLASTICO MULTICOLORIDO MATERIAL DO PRODUTO PE TAMANHO DA RAIZ UNICA COMPRIMENTO CONTRAIDO 22 CM, ALONGADO 70 CM, DIAMETRO 24 CM PESO DO PRODUTO CERCA DE 25G POR RAIZ EMBALAGEM DO PRODUTO SACO OPP CADA KIT DE TUBO POPUP TEM UMA VARIEDADE DE CORES, INCLUINDO 1 VERDE, 1 ROSA VERMELHA, 1 ROXO, 1 LARANJA, 1 VERMELHO, 1 AMARELO E 1 AZUL, E O RESTANTE E ALEATORIO|KIT
46746417|1433004|303|02|2024|9|75|LOTE 75|17689|75|MASSA AREIA MASSA AREIA KINETIC SAND 453G AZUL SUNNY MASSA AREIA KINETIC SAND AZUL 453G SUNNY PRODUTO FACA DIVERTIDAS FORMAS E BRINCADEIRAS COM A MASSA AREIA DA SUNNY A MASSAAREIA VEM EM CAIXA COM 453 E PODE SER COMPRADA NAS CORES VERDE, AZUL, ROSA E VIOLETA VENDIDOS SEPARADAMENTE AREIA MOLDAVEL QUE NUNCA SECA E LIMPA FACILMENTE PRODUTO COM GARANTIA DE FABRICA 3 MESES RECOMENDADO PARA CRIANCAS A PARTIR DE 3 ANOS BRINQUEDO CERTIFICADO PELO INMETRO ESPECIFICACOES TECNICAS DO PRODUTO MARCA SUNNY MODELO MASSA AREIA ITENS INCLUSOS 01 MASSAAREIA 453G AZUL|UND
46746405|1433004|303|02|2024|9|63|LOTE 63|17677|63|ROLO BOBATH ROLO BOBATH 75X38 CM TIPO FEIJAOZINHO ACABAMENTOS REVESTIDO EM NAPA COSTURA REFORCADA COM ZIPER DENSIDADE 28|UND
46746429|1433004|303|02|2024|9|87|LOTE 87|17701|87|MESA INFANTIL OITAVADA COM 8 CADEIRAS EM FERRO A MESA OITAVADA DA SUPORTE IDEAL PARA AS ATIVIDADES DAS CRIANCAS, NA ESCOLA, OU EM CASA, PARA REUNIR OS AMIGOS DESCRITIVO DETALHADO MESA CONFECCIONADA EM MADEIRA E MDF MESA COM TAMPO EM FORMA DE OCTAGONO, COM BORDA COLORIDA PES COLORIDOS, PINTADOS COM TINTA ATOXICA, NAS CORES VERMELHO, VERDE, AZUL E AMARELO 8 CADEIRAS COLORIDAS COM ESTRUTURA DE FERRO BRANCO 2 NA COR VERDE, 2 NA COR VERMELHA, 2 NA COR AMARELA E 2 NA COR AZUL DIMENSOES MEDIDA CADEIRA 26 X 34,5 X 60 CM MEDIDA MESA 104 X 104 X 56,5 CM EMBALAGEM CAIXA DE PAPELAO|UND
46746443|1433004|303|02|2024|9|101|LOTE 101|17715|101|BRINQUEDO PEPPA PIG PEPPA S ADVENTURES CASA DA PEPPA E SUA FAMILIA COM ACESSORIOS CASA DA FAMILIA DA PEPPA PIG AS CRIANCAS A PARTIR DOS 3 ANOS PODEM SE IMAGINAR VISITANDO A FAMILIA PIG A CASA DE 2 ANDARES DA PEPPA PIG E INSPIRADA NA FAMOSA SERIE ANIMADA INCLUI FIGURAS DA PEPPA PIG E 6 ACESSORIOS AS CRIANCAS PODEM DECORAR A CASA COM CAMA, MESA, 2 CADEIRAS, SOFA E PRIVADA ACESSORIOS DE COZINHA A CASA VEM COM GELADEIRA E FORNO COM PORTAS QUE SE ABREM AS CRIANCAS PODEM SE IMAGINAR COZINHANDO COM A PEPPA EMBALAGEM ECOLOGICA EMBALAGEM SIMPLES E RECICLAVEL, FACIL DE ABRIR|UND
46746465|1433006|303|02|2024|9|8|LOTE 8|17419|14|CADEIRA DE RODAS ADULTO CONSTRUIDA EM ACO CARBONO ESTRUTURA DOBRAVEL EM DUPLO X PINTURA ELETROSTATICA EPOXI ESTOFAMENTO EM NYLON ACOLCHOADO ALMOFADA ASSENTO REFORCADO COM TIRAS TENSORAS ESPECIAIS RODAS TRASEIRAS DE 24 , EM ALUMINIO COM PNEUS ANTIFURO RODAS DIANTEIRAS DE 8 MACICAS FREIOS BILATERAIS REGULAVEIS PROTETORES DE ROUPA COM ABA APOIOS DE PES ARTICULAVEIS, REBATIVEIS, REMOVIVEIS E REGULAVEIS EM ALTURA APOIOS DE BRACO ESCAMOTEAVEIS CAPACIDADE PARA 130 KG LARGURA DO ASSENTO 55 CM|UND
46746347|1433004|303|02|2024|9|5|LOTE 5|17605|5|PAINEL DE ATIVIDADES NOVOS SONS DIVERTIDOS ONIBUS FISHER PRICE, TIPO DE MATERIAL PLASTICO, CONTEUDO DA EMBALAGEM 1 CARRO COM ANIMAIS ILUSTRATIVOS FIXOS, DIMENSOES APROXIMADAS DA EMBALAGEM CM AXLXP 25X22X6CM, DIMENSOES APROXIMADAS DO PRODUTO CM AXLXP 20,5X24X5, 5 CM, FUNCIONALIDADE EMITI SONS QUANDO MANIPULADO, COR BRANCO E AZUL COM DETALHES PERSONAGEM ONIBUS, PESO APROXIMADO DA EMBALAGEM DO PRODUTO KG 512G, PESO LIQ APROXIMADO DO PRODUTO KG 448, TIPO DE ALIMENTACAO BATERIAS AG3|UND
46746363|1433004|303|02|2024|9|33|LOTE 33|17633|21|BATE PINOS O BATE PINOS E UMA LINDA BANCADA COLORIDA COM QUATRO PINOS DE MADEIRA E UM MARTELINHO PARA A CRIANCA BATER PRA VALER QUANDO AFUNDAR TODOS OS PINOS DE UM LADO E SO VIRAR E COMECAR TUDO DE NOVO|UND
46746408|1433004|303|02|2024|9|66|LOTE 66|17680|66|DINO PAPA TUDO|UND
46746477|1433006|303|02|2024|9|23|LOTE 23|17432|27|POLTRONA RECLINAVEL, COMBRACOS, RECLINAVEL MANUALMENTE EM ATE 3 POSICOES, COM DESCANSO PARA PES ASSENTO E ENCOSTO ESTOFADOS EM ESPUMA NA DENSIDADE D26, REVESTIDA EM COURVIN LAVAVEL, NA COR AZULESTRUTURA EM TUBO DE ACO REDONDO E ACABAMENTO EM COM PINTURA ELETROSTATICA A PO TRAT ANTIFERRUGEM DIMENSOES MINIMAS DE 700MM X 1600 X 550MM CAPACIDADE MIMINA 110 KG INCLUI GARANTIA MINIMA DE 3 ANOS|UND
46746419|1433004|303|02|2024|9|77|LOTE 77|17691|77|MASSA AREIA MASSA AREIA KINETIC SAND 453G ROSA SUNNY MASSA AREIA KINETIC SAND AZUL 453G SUNNY PRODUTO FACA DIVERTIDAS FORMAS E BRINCADEIRAS COM A MASSA AREIA DA SUNNY A MASSAAREIA VEM EM CAIXA COM 453 E PODE SER COMPRADA NAS CORES VERDE, AZUL, ROSA E VIOLETA VENDIDOS SEPARADAMENTE AREIA MOLDAVEL QUE NUNCA SECA E LIMPA FACILMENTE PRODUTO COM GARANTIA DE FABRICA 3 MESES RECOMENDADO PARA CRIANCAS A PARTIR DE 3 ANOS BRINQUEDO CERTIFICADO PELO INMETRO ESPECIFICACOES TECNICAS DO PRODUTO MARCA SUNNY MODELO MASSA AREIA ITENS INCLUSOS 01 MASSAAREIA 453G ROSA|UND
46746452|1433006|303|02|2024|9|24|LOTE 24|10566|2|AR CONDICIONADO SPLIT 9000 A 12000 BTUS REVERSO CBR 30OBCOM CONTROLE REMOTO OPCOES DE FUNCIONAMENTO RESFRIAMENTO E AQUECIMENTO DIMENSOES LXAXP UNIDADE EXTERNA 637X83X268 CM UNIDADE INTERNA313X1025X203 CM PESO UNIDADE EXTERNA 49 KG|UND
46746471|1433006|303|02|2024|9|14|LOTE 14|17425|20|ESCADINHA COM DOIS DEGRAUS, ARMACAO EM TUBOS REDONDOS DE 78 ESMALTADA, REFORCADA, DEGRAUS REVESTIDOS COM MATERIAL SINTETICO ANTIDERRAPANTE, PES COM PONTEIRAS DE PVC, DIMENSOES 0,40 X 0,40M|UND
46746391|1433004|303|02|2024|9|49|LOTE 49|17663|49|BRINQUEDO EDUCATIVO MONTANDO HAMBURGUER BRINQUEDO EDUCATIVO MONTANDO HAMBURGUER 15 PECAS MADEIRA MONTESSORI JOGO PEDAGOGICO ESTE CONJUNTO VEM COM TUDO O QUE VOCE PRECISA, DESDE CARTOES DE PEDIDO ATE O PALITO QUE VOCE COLOCA EM HAMBURGUERES GOURMET PARA GARANTIR QUE ELES FIQUEM JUNTOS! RECOMENDACAO INDICADO PARA CRIANCAS ACIMA DE 3 ANOS CONTEM 15 PECAS|UND
46746404|1433004|303|02|2024|9|62|LOTE 62|17676|62|BOLA BOBATH BOLA DE BOBATH CONFECCIONADA EM PLASTICO INFLAVEL DE ALTA RESISTENCIA, MEDINDO 700MM DE DIAMETRO ACONDICIONADA EM EMBALAGEM DE PAPELAO ACOMPANHA BOMBA DE INFLAR|UND
46746432|1433004|303|02|2024|9|90|LOTE 90|17704|90|BANCOS TERAPEUTICOS BANCOS TERAPEUTICOS TERAPIA OCUPACIONAL MATERIAL MADEIRA MEDIDAS DO PRODUTO 1° 0,70 C X 0,43 X 0,28 MAIOR BANCO 2° 0,65 C X 0,37 X 0,28 3° 0,30 C X 0,60 X 28,0 4° 0,55 C X 0,23 X 28,0 5° 0,50 C X 0,17 X 0,28 6° 0,45 C X 0,10 X 0,28 MENOR BANCO MEDIDAS DA EMBALAGEM 0,75 COMP X 0,30 LARG X 0,45 ALT|KIT
46746478|1433006|303|02|2024|9|25|LOTE 25|17433|28|MOCHO SUPERFICIE REVESTIDA EM COURVIN NAUTICO SINTETICO BASE ARANHA COM 5 RODIZIOSACO CARBONO, PESO SUPORTADO ATE135 KG SISTEMA DE REGULAGEM DE ALTURA DO ASSENTO A GAS, COM ALAVANCA INDEPENDENTE PROTECAO DO ENCOSTO REFORCADO SUPERFICIE GIRATORIA REGULAGEM DA INCLINACAO E ALTURA DO ENCOSTO POR ROSCA DE REGULAGEM INDEPENDENTE GARANTIA DE 1 ANO|UND
46746380|1433004|303|02|2024|9|32|LOTE 32|17652|38|KIT BRINQUEDO PEDAGOGICO PRANCHA S, RELOGIO, ARAMADO E CUBO 01 PRANCHA DE SELECAO 01 RELOGIO PEDAGOGICO 01 ARAMADO M 01 CUBO DE ENCAIXE|KIT
46746381|1433004|303|02|2024|9|37|LOTE 37|17653|39|GIRE E CRIE CAIXA DE FERRAMENTAS CONTEUDO DA EMBALAGEM 1 KIT DE FERRAMENTAS DE BRINQUEDO INCLUINDO 22 PECAS SENDO 4 PARAFUSOS, 1 PARAFUSO BOLA, 5 PORCAS, 2 SUPORTES RETANGULARES, 2 PINOS DE ENCAIXE, 2 ENGRENAGENS, 1 CHAVE DE FENDA, 1 CHAVE DE BOCA, 1 MARTELO, 1 REGUA, 1 ESQUADRO E 1 MALETA DE BRINQUEDO, TODOS|KIT
46746393|1433004|303|02|2024|9|51|LOTE 51|17665|51|ALINHAVO DE CAIXA FORMAS GEOMETRICAS CARIMBRAS REF 2050 SOBRE ESTE ITEM O ALINHAVO DE CAIXA COM FORMAS GEOMETRICAS MODELO 2050 DA CARIMBRAS, E COMPOSTO POR 24 PECAS COM 6 MODELOS DIFERENTES DE FORMAS GEOMETRICAS ALEM DE 5 CORDOES COLORIDOS, TODOS ACONDICIONADOS EM UMA CAIXA TIPO ESTOJO, SENDO INDICADO PARA CRIANCAS A PARTIR DE 3 ANOS DE IDADE|UND
46746459|1433006|303|02|2024|9|1|LOTE 1|17412|7|ARMARIO DE ACO, MEDINDO NO MINIMO 1,20X1,98X0,45, COM CHAVE, COM DUAS PORTAS DE ABRIR, QUATRO PRATELEIRA, CHAPA 22, COM TRATAMENTO ANTIFERRUGINOSO E PINTURA EPOXI, COR PADRAO DO FABRICANTE|UND
46746344|1433004|303|02|2024|9|2|LOTE 2|17602|2|FANTOCHES DE MAO, MATERIAL PLUSH, ALTURA 23CM 905 APROX CONTEM PATO, MACACO, VACA, CACHORRO, SAPO|UND
46746427|1433004|303|02|2024|9|85|LOTE 85|17699|85|BANCO TARTARUGA 30X30X32CM EXPANSAO ALTURA DO PRODUTO CM 32,00 LARGURA DO PRODUTO CM 30,00 PROFUNDIDADE DO PRODUTO CM 30,00 PESO LIQUIDO KG 2,175 ALTURA DA EMBALAGEM CM 32,00 LARGURA DA EMBALAGEM CM 30,00 PROFUNDIDADE DA EMBALAGEM CM 30,00 PESO BRUTO COM EMBALAGEM KG 2,175|UND
46746435|1433004|303|02|2024|9|93|LOTE 93|17707|93|JOGO IDENTIDADE SECRETA MATERIAL PRODUZIDO COM PAPEL, PAPELCARTAO, POLIPROPILENO E POLIESTIRENO O CLASSICO WAR SE JUNTA AO SUCESSO DE GAME OF THRONES COM DIVERSAS BATALHAS, ESTRATEGIAS E DESAFIOS DE TIRAR O FOLEGO CADA EXERCITO DEFENDE A HONRA DE SUA FAMILIA NUMA LUTA INCESSANTE PELO PODER DE REINAR NOS 36 TERRITORIOS CONTEM BANDEIRINHAS, 36 CARTAS TERRITORIO, 16 CARTAS EVENTOS, 11 CARTAS OBJETIVOS, 4 SIMBOLOS CASA, 6 DADOS, 4 BRASOES, 4 CONJ EXERCITOS, 1 TABULEIRO E MANUAL|CX
46746460|1433006|303|02|2024|9|3|LOTE 3|17414|9|BANQUETA DOBRAVEL, ESTRUTURA EM TUBOS DE ACO, COM PINTURA ELETROSTATICA, ASSENTO EM NYLON DUPLO, CAPACIDADE PARA SUPORTAR ATE 105 KG VARIACAO ACEITAVEL DE ATE 10%, DIMENSOES ABERTA A X L X C 38 X 34 X 32 CM VARIACAO ACEITAVEL DE ATE 10%|UND
46746369|1433004|303|02|2024|9|10|LOTE 10|17641|27|BOLINHAS SENSORIAIS KIT COM 6 BOLINHAS VARIADAS, MEDIDA 0,51 X 0,25 X 0,41, PESO5,30 KG, 08 BOLAS FABRICADAS EM VINIL ATOXICO E LIVRE DE FTALATOS, EM DIVERSAS CORES VIVAS FAIXA ETARIA ACIMA DE 3 MESES, CAIXA CONTENDO 08 UNIDADES|CX
46746372|1433004|303|02|2024|9|18|LOTE 18|17644|30|KIT PANDEIRO E TAMBOR INFANTIL TAMBORZINHO COMPRIMENTO 17CM, LARGURA 17CM E ALTURA 7CM PANDEIRINHO COMPRIMENTO 17CM, LARGURA 17CM E ALTURA 4CM|KIT
46746374|1433004|303|02|2024|9|26|LOTE 26|17646|32|ADAPTADORES PARA ESCRITA 3 CORRETORES DE ESCRITA FINGER GRIP PACOTE COM 3 FINGER GRIP1 LARANJA, 1 VERDE E 1 AZULMODELO PARA 2 DEDOS MATERIAL SILICONE AMBITO DE APLICACAO PARA CRIANCAS DE 3 A 12 ANOSPRODUTO QUE AUXILIA NO APRENDIZADO DA ESCRITA, NO DESENHO E EM OUTRAS ATIVIDADES EDUCACIONAISALEM DE DIVERTIR|KIT
46746368|1433004|303|02|2024|9|40|LOTE 40|17640|26|SUPER BLOCKS 80 PCS GRANDES DIMENSOES DO ITEM C X L X A 17 X 34 X 20 CENTIMETROS|PCT
46746430|1433004|303|02|2024|9|88|LOTE 88|17702|88|PISCINA DE BOLINHA INFANTIL INFLAVEL 140L 50 BOLINHAS ESPECIFICACOES CAPACIDADE 140 LITROS DE AGUA DIMENSOES APROXIMADAS DO PRODUTO 122CM X 25CM INFORMACOES DE SEGURANCA FABRICANTE BESTWAY CERIFICADO INMETRO CEBRIINNAC 0056302A NM3002002 OUTRAS CARACTERISTICAS QUANTIDADE DE BOLINHAS INCLUIDAS 50 DIAMETRO 122 CM IDADE MINIMA RECOMENDADA IDADE MAXIMA RECOMENDADA 1 ANOS 4 ANOS INCLUI REMENDO NAO CONTEM 01 PISCINA INFLAVEL 50 BOLINHAS|UND
46746455|1433006|303|02|2024|9|27|LOTE 27|16738|5|CAIXA PARA DESINFECCAO DE LIMAS ENDODONTICAS CAPACIDADE DE ATE 09 LIMAS|UND
46746431|1433004|303|02|2024|9|89|LOTE 89|17703|89|JOGO FAZENDO MIMICA 01 UNIDADE FAZENDO MIMICA BRINQUEDO DIVERSO PLASTICO DIMENSOES DO ITEN C X L X A 20,13,5,5,5 CM|CX
46746469|1433006|303|02|2024|9|12|LOTE 12|17423|18|CARRO MACA PADIOLA INOX C COLCHONETE, GRADES LATERAIS E SUPORTE DE SORO, CARRO MACA INOX, LEITO EM CHAPA INOX COM CABECEIRA RECLINAVEL ESTRUTURA TUBULAR EM ACO REDONDO INOX, RODAS DE 4 POLEGADAS, DUAS COM FREIOSDIMENSOES C X L X A 2,00 M X 0,60 M X 0,80 M DIMENSOES DO LEITO C X L 1,85 M X 0,55 M ACOMPANHA COLCHONETE COM GRADES LATERAIS E SUPORTE DE SORO EM INOX|UND
46746357|1433004|303|02|2024|9|19|LOTE 19|17619|15|PIANO TECLADO ANIMAL BRINQUEDO INFANTIL SONS FAZENDA SITIO POSSUI BOTOES MUSICAIS E BOTOES COM SONS DE ANIMAIS 12 TECLADO BOTAO DO HOMENZINHO TOCA MUSICANOTAS MUSICAIS NAS TECLAS FUNCIONA COM 3 PILHAS AA DIMENSOES 18CM X 30CM|UND
46746362|1433004|303|02|2024|9|25|LOTE 25|17625|20|QUEBRACABECA ENCAIXE FRUTAS TEMA FRUTAS, MATERIAL MDF CONTEM 6 PECAS EM MADEIRA REFLORESTADA EM FORMATO DE FRUTAS QUE ENCAIXAMSE EM UMA BASE COM ESPACO PARA CADA PECA DIMENSOES APROXIMADAS EMBALAGEM A X L X C 23 X 31 X 6,5|UND
46746385|1433004|303|02|2024|9|43|LOTE 43|17657|43|JOGO PULA MACACO IDADE RECOMENDADA A PARTIR DE 4 ANOS CONTEM 1 TRONCO, 2 COPAS, 4 LANCA MACACOS, 16 MACAQUINHOS,16 BANANAS DE CARTAO, E FOLHAS DE ADESIVO SELO DE SEGURANCA DE INMETRO|UND
46746403|1433004|303|02|2024|9|61|LOTE 61|17675|61|CANTINHO DINAMICO CANTINHO DINAMICO CONFECCIONADO EM ACO, POSSUI UMA BASE EM FORMA DE ARCO, QUE RECEPCIONA UM CONJUNTO DE SUPORTES PROJETADOS PARA SUSTENTAR O QUADRIL E O TRONCO POSSUI UM PROTETOR DE IMPACTO PARA A CABECA E UM VARAL PARA SE PENDURAR BRINQUEDOS MACIOS E SONOROS OS BRINQUEDOS NAO ACOMPANHAM O PRODUTO TAMANHO P ALTURA 0,80 X 1,30 PESO MAXIMO 30 KG LARGURA 63 CM PROFUNDIDADE 62 CM ALTURA VARAL 65 CM|UND
46746377|1433004|303|02|2024|9|29|LOTE 29|17649|35|KIT DE INSTRUMENTOS MUSICAIS MONTESSORIANOS PARA CRIANCAS 1 APITO DE MADEIRA DE ANIMAIS COM SOM DE BUZINA 1 MEIA LUA 1 FLAUTA DE MADEIRA OU PLASTICO COLORIDA 20 CM 1 MARACA DE MADEIRA PEQUENO 11,5 CM 1 XILOFONE DE MADEIRA COM DUAS BAQUETAS|KIT
46746343|1433004|303|02|2024|9|1|LOTE 1|17601|1|BOLSA TERMICA GEL REUTILIZAVEL MODELO BICHINHOS PARA BEBES E CRIANCAS, DIMENSOES APROXIMADAS, COMP 11CM X ALT 9CM, COMPOSICAO EMBALAGEM PLASTICA CAMADAS DE OLIAMIDAPOLIETILENO MATERIAL PVC, CARBOXIMETHYL, AGUA E GLICERINA|UND
46746410|1433004|303|02|2024|9|68|LOTE 68|17682|68|JOGO IMAGEM EM ACAO PRODUZIDO COM PAPEL, PAPELCARTAO, ABS, POLIACETAL E POLIESTIRENO CONTEM 1 TABULEIRO, 1 TIMER, 1 BARALHO COM 4000 PALAVRAS 4 PEOES, 1 DADO E MANUAL DE INSTRUCOES JOGOS JUVENIS E ADULTOS A EMABALAGEM PODE VARIAR|UND
46746351|1433004|303|02|2024|9|9|LOTE 9|17609|9|MICROFONE CANTA E GRAVA DE BEBE GALINHA PINTADINHA GALINHA PINTADINHA LINHA PRIMEIRA INFANCIA TIPO MICROFONE DE BRINQUEDO PARA BEBES TAMANHO C X A X L 07 X 17 X 06 CM CONTEUDO 1 MICROFONE CANTA E GRAVA INFANTIL RECOMENDACAO PARA CRIANCAS A PARTIR DE 18 MESES DE IDADE ESPECIFICACOES REFERENCIA 20208 EMBALAGEM C X A X L 15 X 19 X 09 CM EMBALAGEM PESO 235 G MATERIAL COMPOSICAO PLASTICO ALIMENTACAO 2 PILHAS AAA REGISTRO CEBRIINNAC 0051213ª, FUNCAO GRAVA E TOCA BOTAO MICROFONE AO SEGURAR O BOTAO MICROFONE, ELE GRAVARA ATE 12 SEGUNDOS BOTAO REC REPRODUZIRA O QUE FOI GRAVADO|UND
46746352|1433004|303|02|2024|9|11|LOTE 11|17611|10|PIRAMIDE EDUCATIVA FESTA NA FAZENDA, CONTEM 1 CUBO DE ENCAIXE COM 18 PECAS DE ENCAIXE DE NUMEROS, LETRAS E FORMAS GEOMETRICAS MEDIDAS APROXIMADAS 40 X 36 X 43 CM COMPOSICAO PLASTICO IDADE SUGERIDA A PARTIR DE 12 MESES|UND
46746384|1433004|303|02|2024|9|42|LOTE 42|17656|42|JOGO PULA PIRATA RECOMENDACOES PARA 2 JOGADORES OU MAIS A PARTIR DE 5 ANOS CONTEM NA EMBALAGEM 1 PIRATA, 1 BARRIL, 24 ESPADINHAS, SELO DE SEGURANCA DO INMETRO CEBRIIQBAJ001 NM3002002 MARCA ESTRELA PRODUTO DE ORIGEM BR COMPOSICAO PLASTICO|UND
46746453|1433006|303|02|2024|9|28|LOTE 28|12599|3|ARQUIVO 04 GAVETAS ARQUIVO DE ACO MEDINDO 1335 X 460 X 715MM COM TOLERÂNCIA DE 5% TIPO VERTICAL COM 04 GAVETAS TAMANHO OFICIO COM SUPORTE PARA PASTAS SUSPENSAS CONTENDO CARRINHOS TELESCÓPICOS PARA AS GAVETAS PUXADORES E FECHADURA COM TRAVAMENTO SIMULTÂNEO SUA ESTRUTURA SERÁ DE MÓVEL RÍGIDO COM CHAPAS EM ESPESSURA MÍNIMA DE N 22 AS FOLHAS DE ACO DEVERAO TER TRATAMENTO DE FOSFASTIZACAO E ANTIOXIDACAO ACABAMENTO EM PINTURA SINTÉTICA NA COR CINZA|UND
46746428|1433004|303|02|2024|9|86|LOTE 86|17700|86|CONJUNTO COLETIVO CONJUNTO COLETIVO QUADRADO INFANTIL CADEIRA POLIPROPILENO ABC MESA TAMPO MATERIAL MDF DE 18 MM, REVESTIDO EM FORMICA CANTOS ARREDONDADOS SIM BORDAS EM PP DE 2 MM, ANTI AMARELAMENTO, COLADA PELO SISTEMA HOLT MELTING, NA COR BRANCA ESTRUTURA MATERIAL TUBO DE ACO REDONDO, DIAMETRO 31,75 MM 1 E 14, MODELO PE PALITO TRATAMENTO ANTI FERRUGEM E CORROSAO SIM PINTURA EPOXIPO COR BRANCO PONTEIRAS INTERNAS EM POLIPROPILENO INJETADO DIMENSOES COMPRIMENTO 750 MM|UND
46746355|1433004|303|02|2024|9|16|LOTE 16|17616|13|BARRACA INFANTIL 3 EM 1 C TUNEL FORMA CASTELOXTUNELXQUADRADO X ALTURA X COMPRIMENTO X LARGURA 100 CM X 260 CM X 78 CM|UND
46746401|1433004|303|02|2024|9|59|LOTE 59|17673|59|NINHO SENSORIAL NINHO SENSORIAL|UND
46746413|1433004|303|02|2024|9|71|LOTE 71|17685|71|MOLDE DE MASSINHA FERRAMENTAS DE MASSINHA DE 26 PECAS, PERFEITAS PARA USO EM CASA, SALA DE AULA, JARDIM DE INFANCIA DESENVOLVA A HABILIDADE PRATICA DAS CRIANCAS, A IMAGINACAO E FACA TRABALHOS DIFERENTES FEITO DE MATERIAL PLASTICO DE ALTA QUALIDADE, SEGURO E NAO TOXICO OBTENHA MAIS DIVERSAO AO JOGAR|KIT
46746470|1433006|303|02|2024|9|13|LOTE 13|17424|19|AUTOCLAVE HORIZONTAL DE MESA AUTOCLAVE HORIZONTAL DE MESA ATE 75 LITROS COM NO MINIMO AS SEGUINTES CARACTERISTICAS CAMARA DE ESTERILIZACAO EM ACO INOXIDAVEL, MODO DE OPERACAO DIGITAL CAPACIDADE PARA ATE 25 LITROS AUTOCLAVE HORIZONTAL COM CAPACIDADE PARA 25 LITROS DIMENSOES INTERNAS APROXIMADAS CM 30 DIAMETRO X 35 PROFUNDIDADE DIMENSOES EXTERNAS APROXIMADAS CM 49 ALTURA X 54,5 LARGURA X 49 PROFUNDIDADE VOLTAGEM 110V OU 220V POTENCIA APROXIMADA 1600 WATTS CAMARA EM ACO INOX CICLOS DE ESTERILIZACAO EM 121°, 127° E 134° C|UND
46746473|1433006|303|02|2024|9|18|LOTE 18|17428|23|MESA PARA EXAME ESTRUTURA EM TUBO DE ACO REDONDO DE 114 X 1,5MM, LEITO MOVEL, ACOLCHOADO COM ESPUMA DE ALTA DENSIDADE, REVESTIDO EM COURVIM DE PRIMEIRA QUALIDADE, COM CABECEIRA REGULAVEL ATRAVES DE CREMALHEIRA, SUPORTE PARA LENCOL DE PAPEL DESCARTAVEL DE 50CM, PES COM PONTEIRAS BORRACHA EM PINTURA ELETROSTATICA A PO COM RESINA EPOXIPOLIESTER E POLIMERIZADO EM ESTUFA, EXCELENTE RESISTENCIA QUIMICA E MECANICA ,PROPRIO PARA EXAME, REPOUSO CAPACIDADE DE ATE 250KG, DIMENSOES, 90 X 0,60 X 0,80M|UND
46746390|1433004|303|02|2024|9|48|LOTE 48|17662|48|JOGO QUATRO EM LINHA, BRINQUEDO MADEIRA CRIATIVO EDUCATIVO TOOKY TOY TAMANHO 285X12X22 INDICACAO 3 PECAS 45 PESO BRUTO DO PRODUTO 0,500 KG MATERIAL MADEIRA|CX
46746353|1433004|303|02|2024|9|12|LOTE 12|17612|11|LIVRO SENSORIAL EDUCATIVO, COMPOSICAO POLIESTER 85% PAPEL ENRUGADO 10% VELCRO 2% PELUCIA 1% CABO 1% MATERIAL DE SEDA BRILHANTE 1% DIMENSOES DO PRODUTO 5,18,18 CM52 G IDADE RECOMENDADA 3 A 12 MESES|UND
46746421|1433004|303|02|2024|9|79|LOTE 79|17693|79|TINTA GUACHE , TINTA GUACHE 15ML 6 CORES ABELINHAS ACRILEX A TINTA GUACHE ACRILEX E UM IMPORTANTE INSTRUMENTO PARA O DESENVOLVIMENTO DA CRIATIVIDADE, COORDENACAO MOTORA E PERCEPCAO VISUAL DAS CORES SAO PRODUZIDAS PARA QUE AS CORES SEJAM MISCIVEIS ENTRE SI, ALEM DE CONTAR COM UMA COMPOSICAO NAOTOXICA E SOLUVEL EM AGUA ESPECIFICACOES 6 CORES CONTEUDO 15ML DIMENSOES 9 X 6 X 4 CM COMPRIMENTO X LARGURA X ALTURA|UND
46746456|1433006|303|02|2024|9|17|LOTE 17|16742|6|LANTERNA CLINICA TIPO LED ALTA PERFORMANCE COM ILUMINACAO LED DE 3V CONFECCIONADA EM METAL LEVE DE ALTA QUALIDADE ACABAMENTO ANODIZADO, MAIOR DURABILIDADE E RESISTENCIA LED DE ALTA POTENCIA COM VIDA UTIL DE 10000 HORAS ACIONAMENTO ATRAVES DO BOTAO LIGADESLIGA POSSUI CONVENIENTE CLIP DE BOLSO ALIMENTACAO 2 PILHAS AAA|UND
46746348|1433004|303|02|2024|9|6|LOTE 6|17606|6|DEDOCHE DIMENSOES DA EMBALAGEM 22 X 17 X 12 CM, BICHINHOS INCLUSOS SAO PINTINHO, COELHO, URSO, VAQUINHA, PORQUINHO, MACACO, GIRAFA, ELEFANTE, TIGRE E ZEBRA COMPOSICAO PLASTICO POLICLORETO DE VINILA BRPVC MACIOBR|UND
46746359|1433004|303|02|2024|9|21|LOTE 21|17621|17|BRINQUEDO DE PELUCIA PAPAGAIO FALANTE ELETRONICO REPETIR ASA MATERIAL SEGURO E FEITO DE PELUCIA MACIA E PLASTICO ABS DURAVEL O PELO QUENTE DE PEQUENOS ANIMAIS ELETRONICOS E MACIO, CONFORTAVEL TOQUE E TOTALMENTE ANTIALERGICO|UND
46746467|1433006|303|02|2024|9|10|LOTE 10|17421|16|CARRO CURATIVO COM BALDE E BACIA EM ACO INOX DIMENSOES 40X0,80X0,80M TOTAL INOX, PES EM TUBOS INOXIDAVEL,TAMPO E PRATELEIRA EM CHAPA INOX, PES COM RODIZIOS DE 2 VARANDA EM FERRO MACICO 316, PUXADOR EM TUBO INOXIDAVEL|UND
46746379|1433004|303|02|2024|9|31|LOTE 31|17651|37|BRINQUEDO PEDAGOGICO EM MADEIRA CAIXA TATIL 2 PARES DE OBJETOS SENSORIAIS DIMENSOES DA CAIXA TATIL 14CM X 25CM X 25CM APROXIMADAMENTE|CX
46746345|1433004|303|02|2024|9|3|LOTE 3|17603|3|CAIXA ENCAIXA ESTRELA, COMPOSICAO PLASTICO, PESO 990 GRAMAS, DIMENSOES A X L X C 20 X 36,5 X 11 CM, ITENS INCLUSOS 01CAIXA ENCAIXA E FIGURAS GEOMETRICAS CONTEM 18 PECAS DE FORMATOS E CORES DIFERENTES, 6 CHAVES|UND
46746440|1433004|303|02|2024|9|98|LOTE 98|17712|98|ASA DELTA CONFECCIONADA EM TECIDO AIRADO DUPLO, POSSUI UM CONTRAFORTE INTERNO DE MADEIRA COMPENSADA E ESPUMA, ACOPLADO A UMA HASTE TRIANGULAR DE RECEPCAO, ATRAVES DE TRES MOSQUESTOES, FIXADOS ATRAVES DE UMA FITA CABO PESO MAXIMO 50 KG, ALTURA1,40 M|UND
46746461|1433006|303|02|2024|9|4|LOTE 4|17415|10|BEBEDOURO INDUSTRIAL DE COLUNA 100 LITROS PURIFICADOR REFRIGERADO DE AGUA BLUE BEBEDOUROS FILTRO CORPO E ESTRUTURA EM ACO INOX 430 TAMPA E PES REGULAVEIS DE PLASTICO ABS INJETADO APARADOR DE AGUA PINGADEIRA EM ACO INOX 430 SERPENTINA EM ACO INOX 304 INTERNA RESERVATORIO EM POLIPROPILENO ATOXICO ISOLAMENTO TERMICO EM PS BOIA CONTROLADORA DO NIVEL DE AGUA TOMADA DE 3 PINOS CONFORME A NORMA DA ABNTNBR603351 CERTIFICADO PELO INMETRO TERMOSTATO COM 7 NIVEIS PARA CONTROLE DE TEMPERATURA GAS ECOLOGICO R134A REFRIGERACAO POR COMPRESSOR QUE GARANTE MAIOR EFICIENCIA MOTOR ELGIN 16 HP 127V 2,5A TENSAOPOTENCIA 110V CONSUMO MEDIO 12,06 KWH MES|UND
46746466|1433006|303|02|2024|9|9|LOTE 9|17420|15|CARROS CURATIVO COM BALDE E BACIA EM ACO INOX DIMENSOES 40X0,80X0,80M TOTAL INOX, PES EM TUBOS INOXIDAVEL,TAMPO E PRATELEIRA EM CHAPA INOX, PES COM RODIZIOS DE 2 VARANDA EM FERRO MACICO 316, PUXADOR EM TUBO INOXIDAVEL|UND
46746402|1433004|303|02|2024|9|60|LOTE 60|17674|60|ROLO EM ESPUMA ROLO EM ESPUMA MEDIDAS COMPRIMENTO 1,30M E DIAMETRO DE 0,25M ROLO EM ESPUMA DUREZA D28, COM FIXACAO INTERNA, FORRADO COM TECIDO SINTETICO|UND
46746354|1433004|303|02|2024|9|13|LOTE 13|17613|12|BONECA MAMA NENEM MAMADEIRA SUCO FRALDA ALTURA 44 CM, MATERIAIS PLASTICO, TECIDO, VINIL, PESO 1275 G, ACOMPANHA MAMADEIRA, GARRAFA COM SUCO E FRALDA|UND
46746361|1433004|303|02|2024|9|24|LOTE 24|17624|19|QUEBRA CABECA 234 MEU PRIMEIRO QUEBRA CABECA TOYSTER BRINQUEDOS PECAS GROSSAS E RESISTENTES ADEQUADO PARA CRIANCAS ESTIMULA A HABILIDADE MOTORA|UND
46746378|1433004|303|02|2024|9|30|LOTE 30|17650|36|BRINQUEDO PEDAGOGICO DE MADEIRA PRANCHA DE SELECAO BRINQUEDOS EDUCATIVOS PRANCHAS DE SELECAO COMPOSTO POR 16 PECAS E FORMAS|CX
46746414|1433004|303|02|2024|9|72|LOTE 72|17686|72|KIT 10 CUBOS PARA FAZER GELO DIVERSAS ARTIFICIAL FRUTAS MATERIAL SILICONE|KIT
46746349|1433004|303|02|2024|9|7|LOTE 7|17607|7|FISHERPRICE PIRAMIDE DE ARGOLAS MATTEL, EMPILHAM AS ARGOLAS DO MAIOR PARA O MENOR, MATERIAL PLASTICO, DIMENSOES DO ITEM C X L X A 12,4 X 12,7 X 24,1, CONTEM 5 ARGOLAS COLORIDAS E UMA BASE OSCILANTE|UND
46746409|1433004|303|02|2024|9|67|LOTE 67|17681|67|XADREZ E DAMA COMPONENTES XADREZ E DAMA, 01 TABULEIRO EM CARTAO DUPLEX 32 PECAS PLASTICAS PARA XADREZ, 24 PECAS PLASTICAS PARA DAMA, CARTONADODIMENSOES DO ITEM C X L X A 23,3 X 4,5 X 36,6|CX
46746437|1433004|303|02|2024|9|95|LOTE 95|17709|95|KIT PESCARIA PESCARIA COM 3 VARINHAS DIMENSOES DA PECA VARAS 19 X 1 X 0,2CM TABULEIRO PEIXE 28 X 22 X 3,5CM PEIXES 2,8 X 2,1 X 2,1CM DIMENSOES DA EMBALAGEM 31 X 4 X 23CM QUANTIDADE INNER 36 PECAS DIMENSOES INNER 93,5 X 28 X 50CM QUANTIDADE MASTER 72 PECAS DIMENSOES MASTER 95 X 29 X 101CM MATERIAL PLASTICO COR LARANJA E AMARELO TIPO DE EMBALAGEM CAIXA LITOGRAFADA COM VISOR MARCA ETITOYS|KIT
46746441|1433004|303|02|2024|9|99|LOTE 99|17713|99|BEBE DINO PAPA TUO GENERO UNISSEXUNISSEX MATERIAL PLASTICO DENTES E OLHO PSPOLIESTIRENO CORPO, BARRIGA, BOCA E ESCAMAS PPPOLIPROPILENOPLASTICO DENTES E OLHO PSPOLIESTIRENO CORPO, BARRIGA, BOCA E ESCAMAS PPPOLIPROPILENO CONTEUDO DA EMBALAGEM 1 DINO E 3 COMIDINHAS1 DINO E 3 COMIDINHAS ALIMENTACAO DO PRODUTO 3 BATERIAS3 BATERIAS CERTIFICADO PERSONAGENS ELKAELKA DIMENSOES 26 X 11 X 3126 X 11 X 31|UND
46746445|1433004|303|02|2024|9|103|LOTE 103|17717|103|JOGO DA MEMORIA O JOGO EDUCATIVO SUPER MEMORIA ANIMAIS DA FLORESTA MODELO 6018 DA BABEBI, ACOMPANHA 24 PECAS COM A FIGURA DE 12 ANIMAIS DIFERENTES, ACONDICIONADOS EM UMA CAIXA DE PAPELAO E O BRINQUEDO EDUCATIVO TEM COMO PRINCIPAL OBJETIVO, TIRAR UMA FICHA COM O ANIMAL MEMORIZAR E ENCONTRAR O SEU PAR, QUEM ACHAR MAIS PARES GANHA O JOGO, ALEM DE ESTIMULAR A COORDENACAO MOTORA E O RACIOCINIO DAS CRIANCAS|CX
46746411|1433004|303|02|2024|9|69|LOTE 69|17683|69|BOLHA DE SABAO 50 ML SORTIDA COMPOSICAO AMINOACIDO, CORANTE E AGUA 10 CM DE ALTURA 3 CM|UND
46746392|1433004|303|02|2024|9|50|LOTE 50|17664|50|KIT 10 QUEBRA CABECAS EM MADEIRA COM ANIMAIS O KIT COM 10 QUEBRA CABECAS ANIMAIS CASAL MODELO 1013 DA CARLU, ACOMPANHA 10 QUEBRA CABECAS COM FUNDO EM BAIXO RELEVO PARA MONTAR O DESENHO DE CADA ANIMAL MEDINDO APROXIMADAMENTE 34CM X 27CM E PECAS SERIGRAFADAS QUE SE ENCAIXAM NA BASE FORMANDO O DESENHO DE CADA ANIMAL E SEU FILHOTE, TODAS ACONDICIONADO PLASTICO TERMOENCOLHIVEL|KIT
46746396|1433004|303|02|2024|9|54|LOTE 54|17668|54|CAMINHO MULTIPLO CAMINHO MULTIPLO COMPOSTO DE 5 BASES DE ACO, QUE SUSTENTAM 4 PRANCHAS DE MADEIRA REVESTIDA COM BORRACHA SINTETICA DIMENSAO 4 PECAS DE COMPRIMENTO 1,60M LARGURA 0,13M|UND
46746398|1433004|303|02|2024|9|56|LOTE 56|17670|56|PULA PULA PULA PULA CONFECCAO SUPORTE COMPOSTO DE UMA BASE DE ACO COM UM ARCO VERTICAL PARA AS MAOS COM REVESTIMENTO DE BORRACHA SINTETICA, O CONJUNTO POSSUI QUATRO PES DE BORRACHA O TECIDO E DE LONA PLASTICA DUPLA E RESISTENTE, ENTRELACADA COM UMA CORDA ELASTICA DE 8MM E REVESTIDO COM TECIDO SINTETICO RESISTENTE DIMENSAO COMPRIMENTO 1,0M LARGURA 0,80M ALTURA DE 1,0M SUPORTA PESO MAXIMO DE 40K|UND
46746422|1433004|303|02|2024|9|80|LOTE 80|17694|80|BRINQUEDO DE MONTAR E ENCAIXE EDUCATIVO CRIATIVO PLUKT 100 PECAS INFANTIL CRIANCA PLAKT TRABALHA ESTE BRINQUEDO EDUCATIVO TRABALHA A COORDENACAO MOTORA DOS PEQUENOS, PERCEPCAO, RACIOCINIO, CORES, ATENCAO E A CRIATIVIDADE DE MANEIRA LUDICA E CRIATIVA IDADE MINIMA RECOMENDADA A PARTIR DE 3 ANOS DE IDADE NUMERO DE PECAS 100 PECAS ESTILO ESTRELAS MEDINDO 3CM DE DIAMETRO|CX
46746438|1433004|303|02|2024|9|96|LOTE 96|17710|96|MOLAS EM ACO VERIFICAR TODOS OS ITENS QUE SERAO AFIXADOS PARA SOLICITAR A MOLA DE ACO DE ALTA RESISTENCIA|UND
46746436|1433004|303|02|2024|9|94|LOTE 94|17708|94|KIT COM 12 BOLAS LUZ PISCANTES LANCE ROSTO SORRISO BRINQUEDO CARACTERISTICAS BOLAS SQUEEZABLE COM GRANDE SMILEY FACES E LOTES DE VACILANTE, TENTACULOS DE BORRACHA LUZES FLICKER ESCONDIDOS DENTRO FRENETICAMENTE PARA ADICIONAR A SUA UM POUCO MANIACO, APARENCIA ALEGRE COLOCALO EM SEU DEDO ATRAVES DO LACO LOCALIZADO NA PARTE SUPERIOR DO DA BOLA E SALTAR EM SUA MAO PARA TORNALOS FLASH O SOPRADOR BOLAS SAO MACIO E ELASTICO, SEGURO PARA BRINCAR E TEM POUCO MOLE SPIKES COMPRIMENTO TOTAL APROX 7 CM NAO ESTICADA|KIT
46746442|1433004|303|02|2024|9|100|LOTE 100|17714|100|BLOCO DE BASTOES LISTA DE PACOTES SAO 128 PECAS, INCLUINDO 23X BARRAS LONGAS, 46X BARRAS CURTAS, 23X BARRAS DOBRAVEIS, 36X BOLAS, 1X BOLSA DE ARMAZENAMENTO, 1X INSTRUCOES MONTE FORMA OS ACESSORIOS DIFERENTES COM OS ACESSORIOS QUE ACOMPANHAM O KIT IMAS|CX
46746458|1433006|303|02|2024|9|15|LOTE 15|17426|21|ESTANTE DE ACO, 09 PRATELEIRAS, APROX AXLXP 2,50 X 0,92 X 0,40 M, REFORCO OMEGA, COLUNAS EM CHAPA DE ACO 16 MIN 1,50 MM L2, BANDEJAS EM CAHAPA DE ACO 22 MIN 0,80 M, DESMONTAVEL, TRATADA PELO PROCESSO ANTICORROSIVO A BSADE DE FOSFORO DE ZINCO, PINTURA ELETROSTATICA A PO CINZA|UND
46746476|1433006|303|02|2024|9|22|LOTE 22|17431|26|VENTILADOR DE PAREDE TIPO TUFAO POTENCIA 170 W, COR PRETO, OSCILANTE, GRADE DE ACO, ROLAMENTOS NO MOTOR 2, ROTACAO MAXIMA 1430 RPM, HELICE 3 PAS, PROTETOR TERMICO SIM, AREA DE VENTILACAO 40M², VAZAO 230M³MIN, VOLTAGEM BIVOLT, CONTROLE DE VELOCIDADE ROTATIVO, GARANTIA 12 MESES|UND
46746472|1433006|303|02|2024|9|16|LOTE 16|17427|22|FOCO CLINICO LAMPADA HALOGENEA, CORPO EM METAL ESMALTADO, HASTE FLEXIVEL, PINTURA EPOXI, BASE COM RODIZIOS, ALTURA VARIAVEL, 110 V|UND
46746358|1433004|303|02|2024|9|20|LOTE 20|17620|16|KIT BAMBOLES ARCO RECREATIVO MEDIDA 65 CM|UND
46746416|1433004|303|02|2024|9|74|LOTE 74|17688|74|POTINHOS DE EMPILHAR INFORMACOES DO PRODUTO FISHER PRICE TORRE DE POTINHOS EMPILHAR & ROLAR FISHER PRICE TORRE DE POTINHOS EMPILHAR & ROLAR COLORIDOS 10 POTINHOS COLORIDOS E NUMERADOS PARA EMPILHAR, ENCAIXAR, DERRUBAR E GIRAR BOLINHA QUE FAZ BARULHO SE ENCAIXA DENTRO DOS POTINHOS OU NO TOPO DA PILHA 5 BOLAS ENCAIXE OS POTINHOS PARA FORMAR 5 BOLAS FACIL TRANSPORTE OS POTINHOS SE ENCAIXAM UM NOS OUTROS, TORNANDO FACIL DE LEVAR PARA QUALQUER LUGAR|UND
46746426|1433004|303|02|2024|9|84|LOTE 84|17698|84|BOIAS ESPAGUETES MATERIAL POLIETILENO COR PREDOMINANTE VERDE, AZUL,AMARELO,ROSA ALTURA 6,00 CENTIMETROS LARGURA 6,00 CENTIMETROS COMPRIMENTO 1,60 METROS PESO 83,00 GRAMAS|UND
46746454|1433006|303|02|2024|9|29|LOTE 29|12600|4|BALDE A PEDAL POLIPROPILENO 30 49 L COM RODÍZIOS COR BRANCA ALTURA MÍNIMA DE 30 CM NA LATERAL LARGURA 22 CM LIVRE COMPARTIMENTO PARA ESTABILIZADOR COM ALTURA DE 23 CM E PROFUNDIDADE MÍNIMA DE 48 CM|UND
46746463|1433006|303|02|2024|9|6|LOTE 6|17417|12|BRACADEIRA PARA INJECAO TOTALMENTE EM INOX BASE EM INOX, HASTE REGULAVEL EM ACO INOX, COM ALTURA MINIMA APROXIMADA DE 0,80 CM, E ALTURA MAXIMA APROXIMADA DE 1,14 CONCHA EM CHAPA CURVA DE ACO INOX|UND
46746346|1433004|303|02|2024|9|4|LOTE 4|17604|4|BALDE PRIMEIROS BLOCOS, MARCA FISHER PRICE, MATERIAL PLASTICO, CONJUNTO DE 10 BLOCOS COLORIDOS, DIMENSOES DO PRODUTO 21 X 14 X 14 CM, 453,59 G|UND
46746360|1433004|303|02|2024|9|23|LOTE 23|17623|18|BONECO AVULSO FAMILIA PEDAGOGICA TERAPEUTICA CADEIRANTE BONECO AVULSO INTEGRANTE DA FAMILIA PEDAGOGICA TERAPEUTICA ALTURA 1800 CM, LARGURA 800 CM, COMPRIMENTO 800 CM E PESO 10 G|UND
46746415|1433004|303|02|2024|9|73|LOTE 73|17687|73|KINESIO TAPE FITA BANDAGEM ELASTICA ADESIVA PREMIUM ADESIVO ACRILICO COM PROPRIEDADE HIPOALERGENICA, FEITA DE ALGODAO, 5 METROS|UND
46746407|1433004|303|02|2024|9|65|LOTE 65|17679|65|TAPETE SENSORIAL TAPETE SENSORIALTAPETE COM BASE DE EVA ENCAIXAVEIS COM TAMANHOS DE 29CM X 29 CM 10 PECAS COM DIVERSAS TEXTURAS E UMA BOLSA PARA CARREGAR O TAPETE TAPETE SENSORIAL E UM RECURSO PEDAGOGICO QUE CONTEMPLA TODOS OBJETIVOS, E PODE SER UTILIZADO DE DIVERSAS FORMAS, COM ELE PODEMOS TRABALHAR A COORDENACAO MOTORA FINA, PERCEPCAO SENSORIAL TATIL, VISUAL E AUDITIVA #TEXTURAS DESSE TAPETE#1 TIRAS AUTOCOLANTES ASPERAS2EVA FELPUDO3LIXA4GRAMA SINTETICA5ESPONJA DE LOUCA6ALMOFADA FOFA7PELUCIA8LA DE BOLINHA OU TECIDO DE MICROFIBRA 9PALITO10PASSADEIRA ONDULADA OU TECIDO DE MICROFIBRA|UND
46746418|1433004|303|02|2024|9|76|LOTE 76|17690|76|MASSA AREIA MASSA AREIA KINETIC SAND 453G VERDE SUNNY MASSA AREIA KINETIC SAND AZUL 453G SUNNY PRODUTO FACA DIVERTIDAS FORMAS E BRINCADEIRAS COM A MASSA AREIA DA SUNNY A MASSAAREIA VEM EM CAIXA COM 453 E PODE SER COMPRADA NAS CORES VERDE, AZUL, ROSA E VIOLETA VENDIDOS SEPARADAMENTE AREIA MOLDAVEL QUE NUNCA SECA E LIMPA FACILMENTE PRODUTO COM GARANTIA DE FABRICA 3 MESES RECOMENDADO PARA CRIANCAS A PARTIR DE 3 ANOS BRINQUEDO CERTIFICADO PELO INMETRO ESPECIFICACOES TECNICAS DO PRODUTO MARCA SUNNY MODELO MASSA AREIA ITENS INCLUSOS 01 MASSAAREIA 453G VERDE|UND
46746425|1433004|303|02|2024|9|83|LOTE 83|17697|83|CANTO ESPUMADO SOFT CANTO ESPUMADO COM 4 PECAS E AREA DE 1,20 X 1,20 CIRCUITO COMPOSTO DE ESCADA,PUFF, RAMPA E TAPETE ESTIMULA O DESENVOLVIMENTO DAS ATIVIDADES PSICOMOTORAS DA CRIANCA AUXILIA NO DESENVOLVIMENTO DAS PERCEPCOES VISUAIS ,POR SER FABRICADO COM CORES FORTES FAIXA ETARIA RECOMENDADA A PARTIR DE 1 ANO DIMENSOES DO PRODUTO AREA DE 120X120 CM DIMENSOES DO PRODUTO COM EMBALAGEM 60X50X75 CM PESO APROXIMADO DO PRODUTO 10 KG ITENS INCLUSOS 1 SOFT CANTO COMPOSICAO MATERIAL ESPUMA DE ALTA DENSIDADE E COURVIN EMBALAGEM PLASTICO BOLHA|UND
46746447|1433004|303|02|2024|9|105|LOTE 105|17719|105|COZINHA INFANTIL BRINQUEDO COM AGUA LUZ SOM FUMACA 42 PECAS AZUL BH STORE DIMENSOES 18 X 45 X 62 CMCOZINHA COM 42 PECAS|UND
46746386|1433004|303|02|2024|9|44|LOTE 44|17658|44|SKATE COMPOSTO DE 1 BASE DE MADEIRA COMPESADA DE 15 MM COM 2 PINOS VERTICAIS PARA AS MAOS O CONJUNTO GIRATORIO E SIMILAR AO SKATE, EIXO DE DIRECAO EM ALUMINIO E RODAS DE POLIURETANO MACIASO REVESTIMENTO SUPERIOR E DE BORRACHA SINTETICA MACIA DIMENSAO COMPRIMENTO DE 0,60 MLARGURA 0,30 M|UND
46746389|1433004|303|02|2024|9|47|LOTE 47|17661|47|JOGO LINCE COMPONENTES1 TABULEIRO,1 SACO PLASTICO,18 FICHAS,130 CARTELAS INLUSTRADAS, E 1 MANUAL DE INSTRUCAO DIMENSOES DA EMBALAGEM 23,00 X 33,5 X 4,0 CM|CX
46746397|1433004|303|02|2024|9|55|LOTE 55|17669|55|ORBITADOR DUPLO CHAO DEVERA SER AVALIADO O MELHOR ORBITADOR ORBITADOR DUPLO CHAO CHAO 3MTS COM ESPALDAR, GANCHEIRA E TRILHO DE MARCHA POSSUI 3 MTS DE COMPRIMENTO, 1,20 MTS DE LARGURA, E 2,3 MTS DE ALTURA|UND
46746468|1433006|303|02|2024|9|11|LOTE 11|17422|17|CARRO DE EMERGENCIA COM 4 GAVETAS CARRO DE EMERGENCIAS MEDICAS CARRO, DE PARADA O PRODUTO DEVE POSSUIR AS SEGUINTES CARACTERISTICAS MINIMAS GABINETE CONSTRUIDO EM ACO CARBONO E PINTURA ELETROSTATICA EM EPOXI TAMPO EM ACO INOX AISI 304 OU POLIMERO LISO COM 02 DIVISORIAS HASTE PARA SUPORTE DE SORO EM ACO INOXIDAVEL COM REGULAGEM DE ALTURA POSSUIR NO MINIMO 04 GAVETAS COM ABERTURA TOTAL DE SUA CAPACIDADE ATRAVES DE TRILHOS TELESCOPICOS SENDO 01 PARA MEDICAMENTOS COM NO MINIMO 20 DIVISORIAS 02 PARA MATERIAIS E INSTRUMENTOS PEQUENOS 01 GAVETAO PARA MATERIAIS E INSTRUMENTOS GRANDES|UND
46746451|1433006|303|02|2024|9|21|LOTE 21|10561|1|MESA PARA COMPUTADOR 3 GAVETAS ESPACOSAS E 1 COM CHAVE PRODUZIDO EM MADEIRA MDP E MDF COM DIMENSOES LAP MM 124X81X40 ALTURA CM 81 LARGURA CM 124 PROFUNDIDADE CM 40 COM SUPORTE PARA CPU SUPORTE PARA TECLADO|UND
46746356|1433004|303|02|2024|9|17|LOTE 17|17617|14|TOCA BASKETBALL GAME COM 60 BOLINHAS CONTEM 1 BOLSA PLASTICA, 1 JOGO DE BASKET BALL E 60 BOLINHAS COLORIDAS 15 DE CADA COR|UND
46746373|1433004|303|02|2024|9|22|LOTE 22|17645|31|FAMILIA TERAPEUTICA FELTRO 1 MAE, 1 PAI, 1 AVO, 1 AVO, 2 FILHAS ADOLESCENTE E CRIANCA, 2 FILHOS ADOLESCENTE E CRIANCA E BEBE TAMANHOS APROXIMADOS 20 CM ADULTOS, ENTRE 15 CM E 12 CM ADOLESCENTES E CRIANCAS E 5 CM BEBE|KIT
46746448|1433004|303|02|2024|9|106|LOTE 106|17720|106|MORANGA PERIMETRO 170 CM, ALTURA BOJO50 CM, CAULE 40 CM, FAIXA 120 CM, PESO MAXIMO SUPORTADO30KG|UND
46746424|1433004|303|02|2024|9|82|LOTE 82|17696|82|DIVA DIVA BAIXO TABLADO PARA REABILITACAO NEUROLOGICA E REABILITACAO AZUL CEU MATERIAL MADEIRA LYPTUS DIMENSOES 1800 CM X 1300 CM X 520 CM C X L X A PESO 39,0 KG REGISTRO ANVISA 80284450004|UND
46746342|1433003|303|02|2024|9|-1|LOTE NÃO INFORMADO|17463|1|CONTRATACAO DE EMPRESA ESPECIALIZADA EM CONSTRUCAO CIVIL, PARA EXECUCAO DA OBRA DE RECAPEAMENTO ASFALTICO EM CONCRETO BETUMINOSO USINADO A QUENTE CBUQ NA AVENIDA DOUTOR JOAO PINHEIRO, COM DRENAGEM SUPERFICIAL POR SARJETA, FORNECIMENTI DE MATERIAL E MAODEOBRA NECESSARIOS PARA EXECUTAR A PAVIMENTACAO, CONFORME PLANO DE TRABALHO DEVIDAMENTE APROVADO PELO ESTADO DE MINAS GERAIS POR INTERMEDIO DA SECRETARIA DE ESTAO DE INFRAESTRUTURA, MOBILIDADE E PARCERIAS|SRV
46746367|1433004|303|02|2024|9|39|LOTE 39|17639|25|QUEBRA CABECA CUBOS ANIMAIS 6 ANIMAIS OS BRINQUEDOS DE MADEIRA, SAO IMPORTANTES PELA SUA RESISTENCIA E DURABILIDADE CAPACIDADE DE ASSIMILAR CORES, ALEM DE ESTIMULAR OS SENTIDOS PELA SUA TEXTURA, SONS, PESO E CHEIRO|UND
46746387|1433004|303|02|2024|9|45|LOTE 45|17659|45|SKATE FINALIDADE PROPRIOCEPCAO DE EQUILIBRIO E RETIFICACAO ORTOSTATICA 02 PLACAS DE MADEIRA 30 CM X 50 CM X 13 CM REVESTIDO EM EVA COM 06 MOLAS|UND
46746420|1433004|303|02|2024|9|78|LOTE 78|17692|78|MASSA AREIA MASSA AREIA KINETIC SAND 453G VIOLETA SUNNY MASSA AREIA KINETIC SAND AZUL 453G SUNNY PRODUTO FACA DIVERTIDAS FORMAS E BRINCADEIRAS COM A MASSA AREIA DA SUNNY A MASSAAREIA VEM EM CAIXA COM 453 E PODE SER COMPRADA NAS CORES VERDE, AZUL, ROSA E VIOLETA VENDIDOS SEPARADAMENTE AREIA MOLDAVEL QUE NUNCA SECA E LIMPA FACILMENTE PRODUTO COM GARANTIA DE FABRICA 3 MESES RECOMENDADO PARA CRIANCAS A PARTIR DE 3 ANOS BRINQUEDO CERTIFICADO PELO INMETRO ESPECIFICACOES TECNICAS DO PRODUTO MARCA SUNNY MODELO MASSA AREIA ITENS INCLUSOS 01 MASSAAREIA 453G VIOLETA|UND
46746450|1433005|303|02|2024|9|-1|LOTE NÃO INFORMADO|17538|1|CONTRATACAO DE EMPRESA ESPECIALIZADA NA PRESTACAO DE SERVICOS DE ADMINISTRACAO, FORNECIMENTO E GERENCIAMENTO DE VALE ALIMENTACAO, POR MEIO DE CARTAO ELETRONICOMAGNETICO OU DE SIMILAR TECNOLOGIA, EQUIPADO COM MICROPROCESSADOR COM CHIP ELETRONICO DE SEGURANCA, COM SENHA INDIVIDUAL, COM TECNOLOGIA PARA RECARGA DE CREDITOS MENSAL PARA APROXIMADAMENTE 1250 UM MIL, DUZENTOS E CINQUENTA UNIDADES, COM VALOR MENSAL ESTIMADO DE ATE R$500,00 QUINHENTOS REAIS DESTINADO A AQUISICAO DE GENEROS ALIMENTICIOS PELOS SERVIDORES PUBLICOS MUNICIPAIS CELETISTAS, CONTRATADOS TEMPORARIAMENTE E DE CARGOS DE PROVIMENTO EM COMISSAO DA PREFEITURA MUNICIPAL CAETE|R$
46746457|1433006|303|02|2024|9|2|LOTE 2|17413|8|ARMARIO VITRINE 2 PORTAS, CONSTRUIDO EM CANTONEIRAS DE 78 X18 DE ESPESSURA, PORTA E LATERAIS EM VIDRO 3MM COM FECHADURA TIPO YALE, 4 PRATELEIRAS EM VIDRO 4MM, FUNDO E TETO EM CHAPA DE ACO 0,75 MM PINTADO, DIMENSOES 0,65M X 0,40M X 1,65M|UND
46746350|1433004|303|02|2024|9|8|LOTE 8|17608|8|PATO DANCANTE BRINQUEDO MUSICAL ANDA DANCA MEXE COM LUZ E SOM DUCK DANCING, PATINHO, MEDIDAS PATO A X L X C 20 X 11 X 15 CENTIMETROS, UTILIZA 03 PILHAS AA NAO INCLUSA CARACTERISTICAS ANDA PARA OS LADOS, MEXE OLHOS E BOCA, COM LUZES COLORIDAS, MODELO PATO DUCK DANCARINO|UND
46746375|1433004|303|02|2024|9|27|LOTE 27|17647|33|COLECAO SENTIMENTOS E EMOCOES CAIXA A IDEIA DA COLECAO SENTIMENTOS E EMOCOES E ABRIR UM CANAL DE COMUNICACAO PARA QUE CRIANCAS E ADULTOS CONSIGAM IDENTIFICAR TAIS SENTIMENTOS E APRENDAM A EXPRESSAR SUAS EMOCOES DIZENDO COMO SE SENTEM, MAS SEM DEIXAR DE LADO A OUTRA PESSOA CONTEM 1 BONECO E OS LIVROS FELIZ, MEDO, RAIVA E TRISTE|CX
46746388|1433004|303|02|2024|9|46|LOTE 46|17660|46|KIT DE COORDENACAO MOTO FINA CONTEUDO DA CAIXA 500 BOLAS DE GEL COLORIDA 100 POMPONS COLORIDOS TAMANHO 1 CM 12 POMPONS 2 CORES DE CADA TAMANHO 3 CM 6 POTINHOS DE SILICONE 6 CORES DIFERENTES 7X45X32 CM 1 PINCA COR AZUL TAMANHO 128 CM PARA ITENS GRANDES 1 PINCA COR VERDE TAMANHO 105 CM PARA ITENS PEQUENOS 1 TESOURA BOLA COR LARANJA 2 CONTA GOTAS COLORIDO|KIT
46746474|1433006|303|02|2024|9|19|LOTE 19|17429|24|MESA MAYO ESTRUTURA EM TUBO DE ACO CARBONO 78 X 1,20 MM RODIZIOS DE 2 POLEGADAS ACOMPANHA BANDEJA EM ACO INOXIDAVEL DE 0,33 X 0,49 DIMENSOES APROXIMADAS 0,40 X 0,52 X 0,87 ALTURA MIN 1,25 ALTURA MAX VARIACAO MEDIDAS 0,3M DOCUMENTACAO DO FABRICANTE A SEGUIR PARA ATENDIMENTO AOS REQUISITOS DESTA ESPECIFICACAO1|UND
46746464|1433006|303|02|2024|9|7|LOTE 7|17418|13|CADEIRA PARA ESCRITORIO EXECUTIVA FIXA, TIPO SECRETARIA, 4 PES PALITO, TUBO 78 ESTOFADA EM ESPUMA INJETADA, COM 35MM DE ESPESSURA, DENSIDADE 28, CAPACIDADE PARA ATE 120KG, INTERLIGADOS POR LAMINA INTERNA REVESTIMENTO COURVIM PRETO|UND
45747305|1404086|306|05|2024|8|-1|LOTE NÃO INFORMADO|605|1|CONSTRUCAO CIVIL, PARA EXECUCAO DE REFORMA DA QUADRA DA FUNDACAO EDUCACIONAL DE CAETE FEC E CONTRUCAO DA COBERTURA METALICA DA QUADRA, COM FORNECIMETNO DE MATERIAL E MAO DE OBRA NECESSARIA PARA EXECUTAR O SERVICO|SER
45298341|1391100|303|02|2024|7|-1|LOTE NÃO INFORMADO|55555528|1|PREGAO 0112024 TABELA DE PRECOS DE HORTIFRUTIGRANJEIROS CEASA COLUNA PRECO MAXIMO|UNIDADE
45298342|1391101|303|02|2024|7|-1|LOTE NÃO INFORMADO|17016|1|CONTRATACAO DE EMPRESA ESPECIALIZADA EM CONSTRUCAO CIVIL, PARA INSTALACAO DE GUARDA CORPO COM PERFIS METALICOS E TELA NA PONTE DO FUNIL, COM FORNECIMENTO DE MATERIAL E MAODEOBRA NECESSARIA PARA EXECUTAR A INSTALACAO|UND
45298343|1391102|303|02|2024|7|1|LOTE 1|10128|1|ÁGUA MINERAL NATURAL SEM GÁS EMBALAGEM 200 ML|EMB
45298348|1391102|303|02|2024|7|1|LOTE 1|15757|6|SUPORTE PARA GALAO DE AGUA MINERAL MATÉRIA PRIMA EM PVC CAPACIDADE PARA GALAO DE 10 E 20 LITROS TORNEIRA E CUBA EM PVC|UND
45298345|1391102|303|02|2024|7|1|LOTE 1|10130|3|ÁGUA MINERAL NATURAL SEM GÁS GARRAFA PLÁSTICA TRANSPAREWNTE EMBALAGEM DE 500 ML|UND
45298344|1391102|303|02|2024|7|1|LOTE 1|10129|2|ÁGUA MINERAL NATURAL SEM VASILHAME PARA ENTREGA GALAO 20 LITROS|GL
45298347|1391102|303|02|2024|7|1|LOTE 1|15756|5|AGUA MINERAL NATURAL COM VASILHAME PARA ENTREGA GALAO 20 LITROS|GL
45298346|1391102|303|02|2024|7|1|LOTE 1|10131|4|ÁGUA MINERAL NATURAL SEM GÁS GARRAFA 15 LITROS|UND
45298340|1391099|303|02|2024|7|-1|LOTE NÃO INFORMADO|17290|1|CONTRATACAO DE EMPRESA ESPECIALIZADA EM CONSTRUCAO CIVIL, PARA EXECUCAO DA OBRA DE PAVIMENTACAO ASFALTICA, EM CONCRETO BETUMINOSO USINADO A QUENTECBUQ NA RUA RENATO FERREIRA DE OLIVEIRA DO BAIRRO SAO GERALDO, COM DRENAGEM SUPERFICIAL POR SARJETA, FORNECIMENTO DE MATERIAL E MAODEOBRA NECESSARIOS PARA EXECUTAR A PAVIMENTACAO, CONFORME PLANO DE TRABALHO DEVIDAMENTE APROVADO PELO ESTADO DE MINAS GERAIS POR INTERMEDIO DA SECRETARIA DE ESTADO DE INFRAESTRUTURA, MOBILIDADE E PARCERIAS NO TERMO DE CONVENIO DE SAIDA N° 13010001682024 SEINFRA|SRV
45229937|1389121|302|01|2024|7|21|LOTE 21|4378|21|CARIMBO VEREADORES NOVA LEGISLATURA|UND
45229940|1389121|302|01|2024|7|24|LOTE 24|4381|24|CARIMBO SECRETARIA EXECUTIVA, FINANCAS, LICITACAO|UND
45229935|1389121|302|01|2024|7|19|LOTE 19|4376|19|ENVELOPE PARDO A4|UND
45229920|1389121|302|01|2024|7|4|LOTE 4|4062|4|FOLDER EDUCATIVO|UNIDADE
45229934|1389121|302|01|2024|7|18|LOTE 18|4375|18|ENVELOPE PARDO ¿ OFICIO|UND
45229910|1389120|302|01|2024|7|4|LOTE 4|2953|1|SERVICOS DE ORNAMENTACAO|SERVICOS
45229909|1389120|302|01|2024|7|5|LOTE 5|3129|3|CERIMONIAL|UNIDADE
45229939|1389121|302|01|2024|7|23|LOTE 23|4380|23|CARIMBO SETOR DE LICITACAO|UND
45229926|1389121|302|01|2024|7|6|LOTE 6|4367|10|BACKDROP|UND
45229922|1389121|302|01|2024|7|11|LOTE 11|4308|6|CONFECCAO DE PAPEL TIMBRADO|FOL
45229925|1389121|302|01|2024|7|9|LOTE 9|4314|9|CONVITE EVENTO ESCOLAS|UND
45229936|1389121|302|01|2024|7|20|LOTE 20|4377|20|ENCADERNACAO|UND
45229933|1389121|302|01|2024|7|17|LOTE 17|4374|17|ENVELOPE BRANCO ¿ OFICIO|UND
45229911|1389120|302|01|2024|7|3|LOTE 3|3472|4|SERV. ORNAMENTACAO|SERVICOS
45229917|1389121|302|01|2024|7|7|LOTE 7|3110|1|CONVITES|UNIDADE
45229938|1389121|302|01|2024|7|22|LOTE 22|4379|22|CARIMBO SETOR ADMINISTRATIVO|UND
45229914|1389120|302|01|2024|7|8|LOTE 8|4339|7|JOGO DE MESA COM 04 CADEIRAS|SER
45229916|1389120|302|01|2024|7|9|LOTE 9|4386|9|LOCACAO DE BANHEIRO QUIMICO|UND
45229930|1389121|302|01|2024|7|14|LOTE 14|4371|14|PASTA NOVA LEI DE LICITACOES|UND
45229906|1389119|302|01|2024|7|-1|LOTE NÃO INFORMADO|4364|1|POSTO DE VIGILANCIA DESARMADA CAMARA MUNICIPAL DE CAETE E ANEXO|SER
45229923|1389121|302|01|2024|7|2|LOTE 2|4310|7|DIPLOMAS DE HONRA AO MÉRITO|UND
45229942|1389121|302|01|2024|7|26|LOTE 26|4383|26|PRODUCAO E IMPRESSAO DE MATERIAL PARA OUTDOORS|UND
45229927|1389121|302|01|2024|7|10|LOTE 10|4368|11|PORTA DIPLOMA|UND
45229943|1389121|302|01|2024|7|27|LOTE 27|4384|27|LOCACAO E COLAGEM DE PAINEIS PARA OUTDOORS|UND
45229928|1389121|302|01|2024|7|12|LOTE 12|4369|12|PASTA DE PROJETO DE LEI|UND
45229932|1389121|302|01|2024|7|16|LOTE 16|4373|16|ENVELOPE BRANCO 115 X 220MM|UND
45229908|1389120|302|01|2024|7|6|LOTE 6|3125|2|LOCACAO TENDA 10X10 M|SERVICOS
45229915|1389120|302|01|2024|7|2|LOTE 2|4385|8|SERVICO DE SONORIZACAO|SER
45229918|1389121|302|01|2024|7|8|LOTE 8|3553|2|CONVITES TAMANHO 40X28 S.OUTOR|SERVICOS
45229907|1389119|302|01|2024|7|-1|LOTE NÃO INFORMADO|4365|2|POSTO DE VIGILANCIA DESARMADA PROCONCAMARA|SER
45229919|1389121|302|01|2024|7|1|LOTE 1|3554|3|FAIXA EM LONA VINILICA 3X 0,64|SERVICOS
45229924|1389121|302|01|2024|7|3|LOTE 3|4313|8|DIPLOMAS DE CIDADAO HONORARIO|UND
45229941|1389121|302|01|2024|7|25|LOTE 25|4382|25|CRIACAO DE ARTES PARA OUTDOOR|UND
45229913|1389120|302|01|2024|7|7|LOTE 7|4335|6|BARRACA 3X3|SER
45229931|1389121|302|01|2024|7|15|LOTE 15|4372|15|PASTA DE INVESTIGACAO PRELIMINAR|UND
45229929|1389121|302|01|2024|7|13|LOTE 13|4370|13|PASTA PROJETO DE RESOLUCAO|UND
45229921|1389121|302|01|2024|7|5|LOTE 5|4145|5|REVISTA INFORMATIVA 21X27,5 CM|UNIDADE
45229912|1389120|302|01|2024|7|1|LOTE 1|3577|5|SERV.SONORIZACAO/ILUMINACAO|SERVICOS
45211837|1388440|304|03|2024|7|-1|LOTE NÃO INFORMADO|5812|1|ACIDO TRICLOROISOCIANURICO|KG
45211835|1388439|304|03|2024|7|1|LOTE 1|3604|1|SULFATO DE ALUMINIO LIQUIDO|UNIDADE
45211836|1388439|304|03|2024|7|2|LOTE 2|5743|2|HIDROXIDO DE CALCIO EM SUSPENSAO AQUOSA ABNT NBR 157842017|LT
44528116|1368382|303|02|2024|5|12|LOTE 12|16747|12|ULTRASSOM PARA FISIOTERAPIA APARELHO DE ULTRASSOM CONTINUO E PULSADO, MICROPROCESSADO, DEVERA POSSUIR DOIS CABECOTES INDEPENDENTES DE 1 E 3 MHZ, COM INTENSIDADES MAXIMAS DE 2WCM2 NO MODO CONTINUO E 3WCM2 NO MODO PULSADO, DEVERA TER A POSSIBILIDADE DE AJUSTAR A FREQUENCIA DE MODULACAO DO MODO PULSADO EM 1632486496 HZ COM OPCOES INDEPENDENTES DO CICLOATIVO EM 5101520 % AMBOS CABECOTES TRANSDUTORES DEVERAO POSSUIR AREA DE EMISSAO ERA MINIMA DE 5 CM2 E FEIXE COLIMADO, DEVERAO SER ERGONOMICOS VOLTAGEM AUTOMATICA 127 A 230 V~ 5060HZ 90VA GARANTIA E DE 02 ANOS|UND
44528040|1368380|303|02|2024|5|28|LOTE 28|7546|28|IMIPRAMINA 25MG|CMP
44528020|1368380|303|02|2024|5|42|LOTE 42|2218|42|TRAVAPROSTA TIMOLOL SOLUCAO OFTÁLMICA FRASCO CONTENDO 5 ML|FR
44528094|1368380|303|02|2024|5|57|LOTE 57|12800|57|CAVILON SPRAY FRASCO 28ML|FR
44528075|1368380|303|02|2024|5|50|LOTE 50|16714|50|BROMETO DE TIOTROPIOMONOIDRATO CLORIDRATO DE OLODATEROL 2,5 MCG 2,5 MCG|FR
44528103|1368382|303|02|2024|5|2|LOTE 2|13332|2|BIPAP SYNCHRONY NÍVEL DE RUÍDO 30 DB BIPAP SYNCHRONY III COM AVAPS TRAQUEIA CABOS DE FORCA CARTAO DE DADOS ENCORE PRO 02 FILTROS CINZAS REUTILIZÁVEIS 1 FILTROS BRANCO ULTRAFINO DESCARTÁVEL BOLSA PARA TRANSPORTE MANUAL AVAPS MODOS CPAP FIXO BIPAP S ST T PC INTERVALO DE PRESSAO IPAP DE 4 A 30 CM H2O EPAP DE 4 A 25 CM H2O CPAP DE 4 A 20 CM H2O VENTILACAO HÍBRIDA AVAPS SIM VOLÚME CORRENTE ALVO 200 A 1500 ML AJUSTE DE FR 0 A 30 RPM AJUSTE DE TEMPO INSPIRATÓRIO 05 A 3 SEGUNDOS TEMPO DE ELEVACAO 1 100 MS A 3 300 MS AJUSTE DE SENSIBILIDADE AUTOTRAK ALÍVIO DE PRESSAO DESATIVADO OU BIFLEX SOMENTE EM MODO S 3 NÍVEIS DE CONFORTO 1 LEVE 2 MODERADO OU 3 ALTO AJ|UND
44528031|1368380|303|02|2024|5|5|LOTE 5|7535|5|BROMIDRATO DE FENOTEROL 5MG20ML SOLUCAO ORAL|FR
44528102|1368382|303|02|2024|5|25|LOTE 25|12600|25|BALDE A PEDAL POLIPROPILENO 30 49 L COM RODÍZIOS COR BRANCA ALTURA MÍNIMA DE 30 CM NA LATERAL LARGURA 22 CM LIVRE COMPARTIMENTO PARA ESTABILIZADOR COM ALTURA DE 23 CM E PROFUNDIDADE MÍNIMA DE 48 CM|UND
44528104|1368382|303|02|2024|5|21|LOTE 21|15249|21|MESA DE REUNIAO OVAL PARA 6 PESSOASCOM DIMENSOES ENTRE OU IGUAIS AXLXC 220M X 100M X 070M A 230M X 110M X 080MCOMPOSICAO TAMPO EM MDF CHAPA DE FIBRA DE MÉDIA DENSIDADE DE APROXIMADAMENTE 25 MM DE ESPESSURA COM BORDAS EM PVC MACICO OU POLIESTIRENO NA COR DO TAMPO E DUAS BASES CILÍNDRICAS COM APROXIMADAMENTE 450 MM DE DIÂMETRO EM MADEIRA REVESTIMENTOS TAMPO EM LAMINADO MELAMÍNICO PADRAO EXISTENTE ACESSÓRIOS 04 QUATRO SAPATAS NIVELADORAS DE PISO COM BASE EMBORRACHADA E UMA CRUZETA METALICA COM PINTURA ELETROSTATICA PADRAO EXISTENTE COM ACABAMENTO TEXTURIZADO OU LISO APARAFUSADAS DA BASE AO TAMPO COM BORDAS DE ACO OU OUTRA FIXACAO QUE GARANTA PERFEITA ESTABILIDADE À M|UND
44528119|1368382|303|02|2024|5|16|LOTE 16|16750|16|TENS ESTIMULADOR TRANSCUTANEO, APARELHO COM 2 CANAIS INDEPENDENTES, INTENSIDADE MAXIMA DE 100MA FUCIONAMENTO ATRAVES DO MODOS CONTINUO, BURST, VIF, VF E ACUPUNTURA ALIMENTACAO ELETRICA BIVOLT OU BATERIA DE 9 V ACESSORIOS MINIMOS 2 PARES DE ELETRODOS 30 X 50 MM 2 CABOS DE CONEXAO AO PACIENTE UM PRA CADA CANAL ADAPTADOR ACDC, MANUAL DE INSTRUCOES|UND
44528129|1368384|303|02|2024|5|1|LOTE 1|545|1|GÁS GLP 13 KG|UND
44528117|1368382|303|02|2024|5|13|LOTE 13|16748|13|UNIDADE AUXILIAR COM 2 SUGADORES , ACESSORIO PARA BOMBA A VACUO, FIXADO NA COLUNA DO REFLETOR, LATERAIS DE ARMARIOS OU PAREDE, COM ACIONAMENTO AUTOMATICO PARA A BOMBA DE VACUO CARACTERISTICAS SUCTORES EM ALUMINIO ANODIZADO, AUTOCLAVAVEIS ESPECIFICACOES TECNICAS POSSUI REGISTRO PARA FACIL REGULAGEM DE SUCCAO LED INDICATIVO DE FUNCIONAMENTO PODE SER ACOPLADO NA COLUNA DE REFLETORES, ARMARIOS OU PAREDES 2 SUCTORES DE 6MM OU 1 DE 6MM E 1 DE 11MM ITENS INCLUSOS KIT BOMBA VACUO DELTRAMED COM 2 SUGADORES MANUAL DE INSTRUCOES CERTIFICADO DE GARANTIA GARANTIA GARANTIA 12 MESES CONTRA DEFEITO DE FABRICACAO|UND
44528028|1368380|303|02|2024|5|39|LOTE 39|2213|39|SU1FATO DE CONDROITINA 12G SULFATO DE GLICOSAMINA 15G|SAC
44528122|1368382|303|02|2024|5|23|LOTE 23|16754|23|SWITCH 8 PORTAS 101001000MBPS NWAY SUPORTE A MDIMDIX FLOW CONTROL IEEE 8023X PLUG AND PLAY LEDS INDICADORES GARANTIA MINIMA DE 12 MESES|UND
44528124|1368382|303|02|2024|5|26|LOTE 26|16756|26|LIXEIRA COM RODAS E TAMPA 240 LTCESTOS GARI PARA RECOLHIMENTO E TRANSPORTE DE RESIDUOS EM GERAL E LIXO PRODUZIDOS EM POLIPROPILENO, SAO EXTREMAMENTE RESISTENTES PAREDES UNIFORMES E CANTOS INTERNOS ARREDONDADOS, FACILITAM A LIMPEZA E HIGIENIZACAO AS PARTES DOS CARROS COMO EIXOS, TAMPAS E RODAS, SAO FORNECIDAS COMO PECAS DE REPOSICAO, PARA AUMENTAR A VIDA UTIL DOS CARROS DIMENSOES ALTURA 1,05 METROS LARGURA 59,00 CENTIMETROS PROFUNDIDADE 74,00 CENTIMETROS PESO 14,00 KILOGRAMA|UND
44528097|1368380|303|02|2024|5|62|LOTE 62|16993|62|SUCCINATO DE DESVENLAFAXINA 100 MG|CMP
44528048|1368380|303|02|2024|5|34|LOTE 34|11449|34|PAROXETINA 25 MG|CMP
44528053|1368380|303|02|2024|5|16|LOTE 16|12240|16|DISSULFIRAM 250 MG ANTIETANOL|CMP
44528080|1368380|303|02|2024|5|63|LOTE 63|16994|63|BUPROPIONA XL 300 MG WELLBUTRIN|CMP
44528106|1368382|303|02|2024|5|1|LOTE 1|16737|1|ASPIRADOR DE SECRECOES ELETRICO MOVEL, ASPIRADOR DE SECRECAO, PORTATIL, COM FLUXO DE ASPIRACAO LIVRE DE APROXIMADAMENTE 60 LMIN, DEVERA CONTER FRASCO INQUEBRAVEL, AUTOCLAVAVEL, TRANSPARENTE, GRADUADO, COM BOCA LARGA E CAPACIDADE MINIMA DE RESERVATORIO DE 03 LITROS, TAMPA DO FRASCO COM VEDACAO HERMETICA E AUTOCLAVAVEL, VACUOMETRO DE 0 A 76 CMHG E BOMBA ISENTA DE OLEO, CONTROLE DE VACUO DE 0 A 60 CMHG SISTEMA DE ACIONAMENTO POR INTERRUPTOR NO PAINEL COM POSSIBILIDADE DE ACIONAMENTO POR PEDAL, GABINETE RESISTENTE A CORROSAO COM RODIZIOS E COM FREIO FILTRO DE AR, PROTECAO CONTRA EXTRAVASAMENTO OU COM LIMITADOR DE NIVEL, ALIMENTACAO 110 V, GARANTIA NA MINIMA DE 01 ANO, ACESSORIOS MANGUEIRA DE|UND
44528131|1368384|303|02|2024|5|1|LOTE 1|17068|3|VASILHAME 13 KGVASILHAME VAZIO PARA CONDICIONAMENTO DE GAS LIQUEFEITO COM CAPACIDADE PARA 13 QUILOS, ALTURA 460 MM, DIAMETRO 360 MM FABRICADO SEGUNDO NORMA NBR 8460 DA ABNTASSOCIACAO BRASILEIRA DE NORMAS TECNICAS POSSUIR DISPOSITIVO DE SEGURANCA QUE, EM CASO DE AUMENTO DE PRESSAO INTERNA, LIBERA O GLP IMPEDINDO QUE OCORRA UMA EXPLOSAO DO VASILHAME|UND
44528072|1368380|303|02|2024|5|69|LOTE 69|16699|69|KISQALI SUCCINATO DE RIBOCICLIBE 200 MG|CMP
44528083|1368380|303|02|2024|5|68|LOTE 68|16997|68|MIRABEGRONA 50 MG|CMP
44528084|1368380|303|02|2024|5|71|LOTE 71|17001|71|TRAZADONA 50 MG|CMP
44528050|1368380|303|02|2024|5|29|LOTE 29|11434|29|INSULINA GLARGINA 100 UIML CANETA DESCARTÁVEL 3 ML|UND
44528051|1368380|303|02|2024|5|30|LOTE 30|11435|30|INSULINA GLULISINA 100 UIML CANETA DESCARTÁVEL 3 ML|UND
44528065|1368380|303|02|2024|5|58|LOTE 58|14129|58|LACTULOSE 667MGML XAROPE|FR
44528089|1368380|303|02|2024|5|76|LOTE 76|17006|76|VIMINOL 70 MG|CMP
44528095|1368380|303|02|2024|5|2|LOTE 2|14439|2|BIMATOPROSTA 0,1 MGML TARTARATO DE BRIONIDINA 1,5MGML MALEATO DE TIMOLOL 6,83 MGMKL SOLUCAO OFTALMICA FRASCO 5 ML|FR
44528077|1368380|303|02|2024|5|52|LOTE 52|16717|52|MESILATO DE SAFINAMIDA 100 MG|CMP
44528044|1368380|303|02|2024|5|1|LOTE 1|8881|1|ALFA 1 ANTITRIPSINA 1000 MG FRASCO CONTENDO 20 ML|FR
44528045|1368380|303|02|2024|5|81|LOTE 81|10295|81|VALPROATO DE SÓDIO ÁCIDO VALPROICO 500 MG TORVAL 500 MG CX COM 30 COMP|CX
44528059|1368380|303|02|2024|5|4|LOTE 4|12679|4|BROMIDRATO DE FENOTEROL AEROSSOLFRASCO DE 10 ML|FR
44528091|1368380|303|02|2024|5|78|LOTE 78|17008|78|ORLISTATE 120 MG|CMP
44528118|1368382|303|02|2024|5|15|LOTE 15|16749|15|TENS E FES APARELHO DE ELETROESTIMULACAO NEUROMUSCULAR TRANSCUTANEO DE CORRENTES TENS E FES PORTATIL ESTIMULADOR TRANSCUTANEO NEUROMUSCULAR UTILIZADO NAS TERAPIAS POR CORRENTES TENS E FES FUNCIONAMENTO A BATERIA DE 9V E REDE ELETRICA 110 240 VOLTS MODOS DE OPERACAO 1 TENS MODO NORMAL TENS CONVENCIONAL2 TENS COM VARIACAO AUTOMATICA DE FREQUENCIA 3 TENS COM VARIACAO AUTOMATICA DE INTENSIDADE E FREQUENCIA4 TENS ACUPUNTURAL5 BURST TENS MODULADO EM TRENS DE PULSO A 2 HZ6 FES MODO SINCRONIZADO7 FES MODO RECIPROCO8 FES VIF SINCRONIZADO COM VARIACAO AUTOMATICA DE INTENSIDADE E FREQUENCIA9 FES VIF RECIPROCO COM VARIACAO AUTOMATICA DE INTENSIDADE E FREQUENCIAPARAMET|UND
44528037|1368380|303|02|2024|5|12|LOTE 12|7910|12|COLESTIRAMINA 40G|SAC
44528017|1368380|303|02|2024|5|6|LOTE 6|2163|6|BUDESONIDA SPRAY NASAL 50 MCG|FR
44528042|1368380|303|02|2024|5|41|LOTE 41|7780|41|THIOPENTAX 0,5 G CAIXA 25 FRASCOS (AMPOLA COM 0,5 G)|UND
44528078|1368380|303|02|2024|5|60|LOTE 60|16991|60|ACETADO DE CIPROTERONA ETINILESTRADIOL DIANE 35|CX
44528018|1368380|303|02|2024|5|11|LOTE 11|2189|11|CLORPROMAZINA INJETÁVEL 25MG5ML AMPOLA CONTENDO 5ML|AMP
44528024|1368380|303|02|2024|5|17|LOTE 17|4753|17|EPINEFRINA 1 MLML IMIVSUBC 1 ML|AMP
44528049|1368380|303|02|2024|5|22|LOTE 22|11432|22|FLUVOXAMINA 50 MG|CMP
44528074|1368380|303|02|2024|5|33|LOTE 33|16712|33|OXIBUTININA 0,1% SOLUCAO FRASCO DE 100 ML|FR
44528055|1368380|303|02|2024|5|47|LOTE 47|12251|47|XINAFOATO DE SALMETEROL PROPINATO DE FLUTICASONA 25025 MCG|FR
44528061|1368380|303|02|2024|5|46|LOTE 46|12929|46|XINAFOATO DE SALMETEROL PROPINATO DE FLUTICASONA 12525 MCG|FR
44528076|1368380|303|02|2024|5|51|LOTE 51|16715|51|CLORDIAZEPOXIDO 5 MG AMITRIPTILINA 12,5 MG|CMP
44528109|1368382|303|02|2024|5|5|LOTE 5|16740|5|ESTETOSCOPIO TIPO ADULTO, BIAURICULAR EM ACO INOXIDAVEL COM OLIVAS DE SILICONE E AUSCULTADOR DUPLO DIAFRAGMA PARA AUSCULTA CARDIOPULMONAR FLEXIVEL NA CURVATURA DO TUBO|UND
44528110|1368382|303|02|2024|5|6|LOTE 6|16741|6|ESTETOSCOPIO TIPO INFANTIL, BIAURICULAR EM ACO INOXIDAVEL COM OLIVAS DE SILICONE E AUSCULTADOR DUPLO DIAFRAGMA PARA AUSCULTA CARDIOPULMONAR FLEXIVEL NA CURVATURA DO TUBO|UND
44528114|1368382|303|02|2024|5|10|LOTE 10|16745|10|LAVADORA ULTRASSONICA ATE 15 LITROS, EQUIPAMENTO COM GABINETE E CESTO EM ACO INOXIDAVEL E TAMPA EM PLASTICO TRANSPARENTE OU SIMILAR, COM SENSOR DE SEGURANCA, PAINEL DE COMANDO COM TIMER E AQUECIMENTO DIGITAL, FREQUENCIA DO ULTRASOM 40 KHZ, TEMPORIZADOR ELETRONICO MICROPROCESSADO FUSIVEL DE PROTECAO DESCARGA PARA LIQUIDOS CICLO DE TRABALHO AUTOMATICO CONTROLE DE TEMPO DE TRABALHO INDICADO POR LEDS CUBA EM ACO INOX COM CAPACIDADE MINIMA DE 5 LITROS A ALIMENTACAO ELETRICA SERA DEFINIDA PELA ENTIDADE SOLICITANTE|UND
44528047|1368380|303|02|2024|5|8|LOTE 8|11439|8|CLORIDRATO DE METILFENIDATO 36 MG LIBERACAO PROLONGADA CONCERTA|CMP
44528015|1368378|303|02|2024|5|-1|LOTE NÃO INFORMADO|9237|1|CONTRATACAO DE EMPRESA ESPECIALIZADA PARA FORNECIMENTO DE LICENCA DE USO DE SOFTWARE DE GESTAO EDUCACIONAL COM ACESSO A WEB E LOCAL A SER IMPLANTADO NA REDE MUNICIPAL DE ENSINO BEM COMO PRESTACAO DE SERVICOS DE INSTALACAO CONVERSAO E MIGRACAO DE BA|SRV
44528035|1368380|303|02|2024|5|43|LOTE 43|7555|43|VIMPOCETINA 5MG|CMP
44528036|1368380|303|02|2024|5|19|LOTE 19|7561|19|ESPIRAMICINA 500 MG|CMP
44528082|1368380|303|02|2024|5|67|LOTE 67|16996|67|LORAZEPAM 2 MG|CMP
44528023|1368380|303|02|2024|5|32|LOTE 32|4733|32|IVABRADINA 5 MG|CMP
44528027|1368380|303|02|2024|5|40|LOTE 40|4765|40|SYNVISC HYLAN GF 20 SERINGA COM 6 ML|SER
44528030|1368380|303|02|2024|5|14|LOTE 14|4729|14|DI1TIAZEM 90 MG|CMP
44528086|1368380|303|02|2024|5|73|LOTE 73|17003|73|SERTRALINA 25 MG|CMP
44528126|1368382|303|02|2024|5|29|LOTE 29|16758|29|PROJETOR X41 3600 LUMENS WIFI V11H843021 TECNOLOGIA 3 LCD METODOS DE PROJECAO FRONTAL TRASEIRA MONTADA NO TETO RESOLUCAO NATIVA 1024 X 768 XGA RESOLUCAO MAXIMA SUPORTADA VGA AVGA XGA WXGA WXGA SXGA SXGACONTRATE 15,0001 REPRODUCAO DE CORES ATE 107 BILHOES DE CORES LUMINOSIDADE BRILHO 3600 ANSI LUMENS EM BRANCO E 3600 ANSI LUMENS EM CORES ASPECTO FORMATO DE EXIBICAO FORMATO DE TELA 43 NATIVO CONECTIVIDADE WIRELESS WIFI 80211BGN POTENCIA 210 WATTS TAMANHO DA IMAGEM 300 POLEGADAS PESO BRUTO G 3845 ALTO FALANTES INTEGRADO DE 12 WATTS TEMPO DE VIDA UTIL NORMAL 6000 HORASMODO ECO 10000 HORAS BOLSA PARA TRANSPORTE CONTROLE REMOTO CABO DE ALIMENTACAO|UND
44528029|1368380|303|02|2024|5|21|LOTE 21|2195|21|ETODO1ACO 400MG|CMP
44528019|1368380|303|02|2024|5|35|LOTE 35|2211|35|PROPIONATO DE FLUTICASONA 250MCG SPRAY|FR
44528099|1368382|303|02|2024|5|20|LOTE 20|8479|20|MESA PARA ESCRITÓRIO EM L MEDINDO 120 X 060 X 080 PRODUZIDO EM MDP 15 MM COM TRÊS GAVETAS PÉS DE FERRO MESA 080 CONEXAO 060 MESA 120 COM GAVETA|UND
44528100|1368382|303|02|2024|5|27|LOTE 27|12596|27|NOBREAK COM POTÊNCIA NOMINAL DE 12 KVA POTÊNCIA REAL MÍNIMA DE 600W TENSAO ENTRADA 115127220 VOLTS EM CORRENTE ALTERNADA COM COMUTACAO AUTOMÁTICA TENSAO DE SAÍDA 110115 OU 220 VOLTS A SER DEFINIDA PELO SOLICITANTE ALARMES AUDIOVISUAL BATERIA INTERNA SELADA AUTONOMIA A PLENA CARGA MÍNIMO 15 MINUTOS CONSIDERANDO CONSUMO DE 240 WATS POSSUIR NO MÍNIMO 06 TOMADAS DE SAÍDA PADRAO BRASILEIRO O PRODUTO DEVERÁ SER NOVO SEM USO REFORMA OU RECONDICIONAMENTO GARANTIA DE 12 MESES|UND
44528070|1368380|303|02|2024|5|65|LOTE 65|16075|65|CANABDIOL VIDRO 50MGML|FR
44528113|1368382|303|02|2024|5|9|LOTE 9|16744|9|LARINGOSCOPIO CONVENCIONAL INFANTIL LARINGOSCOPIO INSTRUMENTO QUE AUXILIA NA TECNICA DE INTUBACAO NASO OU OROTRAQUEAL A FIM DE MANTER UMA VENTILACAO PULMONAR ADEQUADA, DEVE CONTER ESTE CONJUNTO, ALIMENTACAO DE DUAS PILHAS, COM SETE LAMINAS CURVAS EM ACO INOXIDAVEL DE TAMANHOS 0, 1, 2, 3, 4, 5, 6, COM PADRAO ABNTNBR ISO71531, VERSAO CORRIGIDA 2010, RECOMENDADOS PELA ASTM AMERICAN SOCIETY FOR TESTINGAND MATERIALS, COM LAMPADAS LED LIGTH EMISSION DIODE, ACONDIONADA EM ESTOJO GARANTIA MINIMA DE FABRICACAO DE 12 MESES|UND
44528123|1368382|303|02|2024|5|24|LOTE 24|16755|24|ROTEADOR WIRELESS 80211A BGN FREQUENCIA DE OPERACAO MINIMA 24GHZ VELOCIDADE MINIMA 1200 MBPS ENTRADAS MINIMAS 1 PORTA WAN 10100100 PADRAO RJ45 E 1 PORTA LAN 101001000 PADRAO RJ45 GANHO DA ANTENA MINIMO 5 DBI QUANTIDADE DE ANTENAS MINIMO 4 ANTENAS OBRIGATORIA HOMOLOGACAO DA ANATEL|UND
44528079|1368380|303|02|2024|5|61|LOTE 61|16992|61|DIMESILATO DE LISDEXANFETAMINA 70 MG|CMP
44528025|1368380|303|02|2024|5|37|LOTE 37|4755|37|SULFATO DE ATROPINA 025MGML IMIVSUBC 1 ML|AMP
44528063|1368380|303|02|2024|5|48|LOTE 48|13613|48|HORMUS UNDECILATO DE TESTOSTERONA 250 MGML|AMP
44528034|1368380|303|02|2024|5|53|LOTE 53|7551|53|OXCARBAZEPINA 600MG|CMP
44528101|1368382|303|02|2024|5|18|LOTE 18|12599|18|ARQUIVO 04 GAVETAS ARQUIVO DE ACO MEDINDO 1335 X 460 X 715MM COM TOLERÂNCIA DE 5% TIPO VERTICAL COM 04 GAVETAS TAMANHO OFICIO COM SUPORTE PARA PASTAS SUSPENSAS CONTENDO CARRINHOS TELESCÓPICOS PARA AS GAVETAS PUXADORES E FECHADURA COM TRAVAMENTO SIMULTÂNEO SUA ESTRUTURA SERÁ DE MÓVEL RÍGIDO COM CHAPAS EM ESPESSURA MÍNIMA DE N 22 AS FOLHAS DE ACO DEVERAO TER TRATAMENTO DE FOSFASTIZACAO E ANTIOXIDACAO ACABAMENTO EM PINTURA SINTÉTICA NA COR CINZA|UND
44528108|1368382|303|02|2024|5|4|LOTE 4|16739|4|COLPOSCOPIO COM AUMENTO VARIAVEL DE 3 AUMENTOS 7, 14 E 25 VEZES LUMINOSIDADE MINIMA DE 25000 LUX A 30 CM DE DISTANCIA DEVE POSSUIR PEDESTAL COM BASE COM 3 RODIZIOS ILUMINACAO ATRAVES LAMPADA DE LED DE NO MINIMO 10 W MINIMO 24000 LUX DE LUMINOSIDADE A 30 CM DE DISTANCIA MICRO CAMERA PARA VIDEOCOLPOSCOPIA, ALIMENTACAO ELETRICA SELECIONAVEL EM 110 OU 220 V 5060 HZ POSSUI FUSIVEL DE PROTECAO CONTRA SOBRECARGA DA CORRENTE ELETRICA PERMITE A REGULAGEM DA INTENSIDADE DE LUZ ATRAVES DO POTENCIOMETRO OU DIMMER FILTRO MOVEL LUZ VERDE MACROREGULAGEM DE ALTURA COM FAIXA MINIMA DE AJUSTE DE 98CM ATE 130 CM OBJETIVA DE ALTA RESOLUCAO COM DISTANCIA FOCAL DE 300 MM OU 400 MM OCULARES GRAN|UND
44528115|1368382|303|02|2024|5|11|LOTE 11|16746|11|REFLETOR ODONTOLOGICO 6 LEDS DESCRICAO TECNICA, SISTEMA OPTICO DE 06 LEDS DE LUZ DIRETA DISPENSANDO O USO DE ESPELHOS OPTICOS MULTIFACETADOS, A LUZ BRANCA AUMENTA A QUALIDADE DO DIAGNOSTICO DADO A POSSIBILIDADE DE DEFINICAO DE CORES, LIGADESLIGA E INTENSIDADE DE LUZ POR APROXIMACAO SEM TOQUE SEM RISCO DE CONTAMINACAO, LED ATE 30000 LUX COM VARIACAO DE 10%FONTE DE LUZ FRIA NAO GERA CALOR NO CAMPO OPERATORIO, MAIOR DURABILIDADE, POIS, OS LED TEM ATE 1000 VEZES MAIS TEMPO DE USO DO QUE LAMPADAS ALOGENAS TRADICIONAIS, CONSUMO MINIMO DE ENERGIA, MOVIMENTACAO VERTICAL GIRO DE ATE 620O COR PADRAO BRANCO GELO, CABECOTE LEVE, FACIL MANUSEIO E PRODUZIDO COM MATERIAS PRIMAS RESISTENTES E DE|UND
44528090|1368380|303|02|2024|5|77|LOTE 77|17007|77|ALPRAZOLAM 1 MG|CMP
44528067|1368380|303|02|2024|5|10|LOTE 10|2178|10|CLORIDRATO DE METILFENIDATO LA 20MG|CMP
44528105|1368382|303|02|2024|5|14|LOTE 14|16191|14|SELADORA UTILIZADA PARA A SELAGEM DE EMBALAGENS DE PAPEL OU PLASTICO PROPRIAS PARA ESTERILIZACAO EM AUTOCLAVES A VAPOR RESISTENCIA PTC BLINDADA COM CONTROLE AUTOMATICO DE TEMPERATURA BIVOLT AUTOMATICO 110 V 240 V SISTEMA INTEGRADO DE CORTE EM AMBAS AS DIRECOES ACIONAMENTO POR MEIO DE ALAVANCA COM TRAVA SISTEMA DE AVISOS COM LED S INDICATIVOS E BIPS SONOROS NO TECLADO DE MEMBRANA DESLIGAMENTO AUTOMATICO EM CASO DE INATIVIDADE POR 30 MINUTOS POTENCIA 80 W AREA DE SELAGEM COMPRIMENTO 30 CM ESPESSURA DE SELAGEM 12 MM COMPACTA, DIMENSOES L X A X P 44,2 X 12,5 X 30,5 CM MEDIDAS EMBALAGEM L X A X P 45,0 X 12,5 X 31,0 CM PESO BRUTO 3,3 KG GARANTIA 2 ANOS CONTRA DEFEITO|UND
44528128|1368383|303|02|2024|5|1|LOTE 1|14175|1|REFEICAO TIPO MARMITEX EM EMBALAGEM ALUMINIZADA TAMANHO MÉDIO CONTENDO ARROZ BRANCO FEIJAO 01 OPCAO CARNE BOIPORCOFRANGO SALADAS FOLHASLEGUMES 01 TIPOS DE MASSA OU BATATA FRITA|UND
44528033|1368380|303|02|2024|5|26|LOTE 26|7544|26|GLUCONATO DE CÁLCIO 10% 10ML|FR
44528052|1368380|303|02|2024|5|15|LOTE 15|12239|15|DIMESILATO DE LISDEXANFETAMINA 50 MG|CMP
44528056|1368380|303|02|2024|5|18|LOTE 18|12265|18|ERITROPOIETINA 4000 UIML|AMP
44528069|1368380|303|02|2024|5|55|LOTE 55|15594|55|TRAMADOL 100 MGML|AMP
44528093|1368380|303|02|2024|5|80|LOTE 80|17010|80|DULOXETINA 30 MG|CMP
44528096|1368380|303|02|2024|5|59|LOTE 59|16815|59|CLORIDRATO DE METILFENIDATO 18MG LIBERACAO PROLONGADA CONCERTA|CMP
44528127|1368382|303|02|2024|5|19|LOTE 19|16752|19|CADEIRA DE ESCRITORIO COM APOIA DE BRACOS FIXO, BASE GIRATORIA REFORCADA COM REGULAGEM DE ALTURA DO ASSENTO A GAS, REGULAGEM DE INCLINACAO POR SISTEMA DE RELAX, COM DIMENSOES AVANTAJADAS QUE SUPORTA COM CONFORTO E ERGONOMIA ATE 150KG, ESPUMA INJETADA COM REVESTIMENTOMEDIDAS DO ASSENTO 53 X 48CM MEDIDAS DO ENCOSTO 53 X 49CMLARGURA TOTAL 67CM GARANTIA DE FABRICA 1 ANO|UND
44528085|1368380|303|02|2024|5|72|LOTE 72|17002|72|CODEINA 30 MG|CMP
44528046|1368380|303|02|2024|5|3|LOTE 3|2160|3|BROMETO DE TIOTRÓPRIO CÁPSULAS PARA INALACAO FRASCO CONTENDO 4 ML|FR
44528054|1368380|303|02|2024|5|36|LOTE 36|12247|36|SOMALIUM 6 MG BROMAZEPAM|CMP
44528057|1368380|303|02|2024|5|38|LOTE 38|12695|38|SULFATO DE ATROPINA 1% SOLUCAO OFTÁLMICA FRASCO DE 5 ML|FR
44528043|1368380|303|02|2024|5|9|LOTE 9|8893|9|CLORIDRATO DE METILFENIDATO 54 MG LIBERACAO PROLONGADA CONCERTA|CMP
44528071|1368380|303|02|2024|5|54|LOTE 54|16476|54|RIFAXIMINA 550MG COMPRIMIDO|CMP
44528022|1368380|303|02|2024|5|49|LOTE 49|4723|49|BIPERIDENO 5 MG INJETÁVEL AMPOLAS DE 1 ML|AMP
44528021|1368380|303|02|2024|5|45|LOTE 45|2219|45|XINAFOATO DE SALMETEROL PROPINATO DE FLUTICASONA 50500|FR
44528062|1368380|303|02|2024|5|31|LOTE 31|3427|31|INSULINA HUMALOG 100UIML FRASCO CONTENDO 10 ML|FR
44528026|1368380|303|02|2024|5|25|LOTE 25|4759|25|FUROSEMIDA 20 MLML IVIM 2 ML|AMP
44528107|1368382|303|02|2024|5|3|LOTE 3|16738|3|CAIXA PARA DESINFECCAO DE LIMAS ENDODONTICAS CAPACIDADE DE ATE 09 LIMAS|UND
44528121|1368382|303|02|2024|5|22|LOTE 22|16753|22|TABLET TELA TAMANHO EM DIAGONAL DE, NO MINIMO,10,4 POLEGADAS, RESOLUCAO MINIMA HD, MULTITOUCH WIDESCREEN, RECURSO PINCHTOZOOM , PERMITINDO AUMENTAR OU DIMINUIR O ZOOM DA IMAGEM COM GESTOS DO TIPO PINCA, SENSOR DE POSICAO, QUE PERMITA ALTERAR AUTOMATICAMENTE O MODO DE VISUALIZACAO VERTICAL PARA HORIZONTAL E VICEVERSA PROCESSADOR E MEMORIA A MINIMO DE 8 NUCLEOS CLOCK DE, NO MINIMO, 17 GHZ C MEMORIA MINIMA DE 4 GB ARMAZENAMENTO A CAPACIDADE DE ARMAZENAMENTO INTERNO COM MEMORIA FLASH DE, NO MINIMO, 64GB CONECTIVIDADE A SUPORTE A CONEXAO 4G QUAD BAND ACESSO A REDE WIRELESS EM CONFORMIDADE COM O PADRAO IEEE 80211 ABGNAC C INTERFACE BLUETOOTH V50 OU SUPERIOR INT|UND
44528130|1368384|303|02|2024|5|1|LOTE 1|546|2|GÁS GLP 45 KG|UND
44528087|1368380|303|02|2024|5|74|LOTE 74|17004|74|TRAMADOL 50 MGTRAMADIK|CMP
44528032|1368380|303|02|2024|5|20|LOTE 20|7542|20|ETEXILATO DE DABIGATRANA 110MG|CMP
44528038|1368380|303|02|2024|5|13|LOTE 13|7920|13|DIAZEPAM INJETÁVEL 5MGML AMPOLA DE 2ML|AMP
44528039|1368380|303|02|2024|5|24|LOTE 24|7921|24|FUMARATO DE FORMOTEROL DESIDRATADA BUDESONIDA 6200|FR
44528092|1368380|303|02|2024|5|79|LOTE 79|17009|79|CICLOBENZATIMA 10 MG|CMP
44528041|1368380|303|02|2024|5|7|LOTE 7|7779|7|CLORETO DE POTÁSSIO 10% AMPOLAS COM 10 ML|UND
44528060|1368380|303|02|2024|5|23|LOTE 23|12680|23|FORMOTEROL 12 MCG COM APARELHO INALADOR|CAP
44528073|1368380|303|02|2024|5|70|LOTE 70|16922|70|KEYTRUDA 100MG 1 FRASCO AMPOLA COM 4ML 25MGML PEMBROLIZUMABE 200 MG|FR
44528058|1368380|303|02|2024|5|27|LOTE 27|4756|27|HIDROCORTISONA 100 MG|FR
44528066|1368380|303|02|2024|5|44|LOTE 44|14455|44|VITAMINA D3 7000 UI|CMP
44528068|1368380|303|02|2024|5|56|LOTE 56|15575|56|XARELTO 20 MG|CMP
44528081|1368380|303|02|2024|5|66|LOTE 66|16995|66|MIRTAZAPINA 45 MG|CMP
44528088|1368380|303|02|2024|5|75|LOTE 75|17005|75|PARACETAMOL 750 MG|CMP
44528016|1368379|303|02|2024|5|-1|LOTE NÃO INFORMADO|17019|1|CONTRATACAO DE EMPRESA ESPECIALIZADA EM CONSTRUCAO CIVIL, PARA EXECUCAO DA OBRA DE CONSTRUCAO DA UBS UNIDADE BASICA DE SAUDE, QUE SERA DENOMINADA UNIDADE ROCAS NOVAS, NA LOCALIDADE DA RUA BANDEIRINHA, SN°, BAIRRO CENTRO ROCAS NOVASCAETE, COM FORNECIMENTO DE MATERIAL E MAODEOBRA NECESSARIA PARA EXECUTAR A CONSTRUCAO|UND
44528098|1368381|303|02|2024|5|-1|LOTE NÃO INFORMADO|17018|1|CONTRATACAO DE EMPRESA ESPECIALIZADA EM CONSTRUCAO CIVIL, PARA EXECUCAO DA REVITALIZACAO DA PRACA DO ESTACIONAMENTO DO MERCADINHO EM JOSE BRANDAO, COM FORNECIMENTO DE MATERIAL E MAODEOBRA NECESSARIA PARA EXECUTAR O SERVICOS|UND
44528112|1368382|303|02|2024|5|8|LOTE 8|16743|8|LARINGOSCOPIO CONVENCIONAL ADULTO LARINGOSCOPIO INSTRUMENTO QUE AUXILIA NA TECNICA DE INTUBACAO NASO OU OROTRAQUEAL A FIM DE MANTER UMA VENTILACAO PULMONAR ADEQUADA, DEVE CONTER ESTE CONJUNTO, ALIMENTACAO DE DUAS PILHAS, COM SETE LAMINAS CURVAS EM ACO INOXIDAVEL DE TAMANHOS 0, 1, 2, 3, 4, 5, 6, COM PADRAO ABNTNBR ISO71531, VERSAO CORRIGIDA 2010, RECOMENDADOS PELA ASTM AMERICAN SOCIETY FOR TESTINGAND MATERIALS, COM LAMPADAS LED LIGTH EMISSION DIODE, ACONDIONADA EM ESTOJO GARANTIA MINIMA DE FABRICACAO DE 12 MESES|UND
44528064|1368380|303|02|2024|5|64|LOTE 64|13786|64|TIAMINA CLORIDRATO 300 MG|CMP
44528111|1368382|303|02|2024|5|7|LOTE 7|16742|7|LANTERNA CLINICA TIPO LED ALTA PERFORMANCE COM ILUMINACAO LED DE 3V CONFECCIONADA EM METAL LEVE DE ALTA QUALIDADE ACABAMENTO ANODIZADO, MAIOR DURABILIDADE E RESISTENCIA LED DE ALTA POTENCIA COM VIDA UTIL DE 10000 HORAS ACIONAMENTO ATRAVES DO BOTAO LIGADESLIGA POSSUI CONVENIENTE CLIP DE BOLSO ALIMENTACAO 2 PILHAS AAA|UND
44528120|1368382|303|02|2024|5|17|LOTE 17|16751|17|EQUIPO KART ODONTOLOGICO COM 03 TERMINAIS SERINGA TRIPLICE POLIDO AMBIDESTRO, MONTAGEM PARA DESTROS MODELO COM 04 TERMINAIS DE SERIE, SENDO 01 TERMINAL COM SERINGA TRIPLICE E 03 TERMINAIS BORDEN PARA ALTA OU BAIXA ROTACAO E SUPORTA ATE 06 OS INSTRUMENTOS, COM OPCIONAIS QUE SAO MICRO MOTOR ELETRICO, FOTOPOLIMERIZADOR, E ULTRASSOM, BEM COMO OS MECANISMOS QUE PERMITEM QUE ESTES INSTRUMENTOS FUNCIONEM ESTES INSTRUMENTOS ATIVOS, NORMALMENTE CHAMADOS DE PECAS DE MAO, UTILIZAM PARA O SEU FUNCIONAMENTO, LIQUIDO PARA REFRIGERACAO AGUA, AR COMPRIMIDO E ELETRICIDADE EQUIPO ODONTOLOGICO CART COM UNIDADE RODANTE COM QUATRO RODIZIOS DUPLOS DE ALTA RESISTENCIA, MONTADO EM PEDESTAL TUBULAR TOT|UND
44528125|1368382|303|02|2024|5|28|LOTE 28|16757|28|GERADOR DE ENERGIA 7 KVA A DIESEL CABINADO BIVOLT PARTIDA ELETRICA COM AVR, GRUPO GERADOR CORRENTE ALTERNADA, TIPO DE MOTOR MOTOR A DIESEL, 498 CC, REFRIGERADO POR AR, SISTEMA DE PARTIDA PARTIDA ELETRICA POTENCIA MAXIMA DE SAIDA 7 KVA, POTENCIA CONTINUA DE SAIDA 6,5 KVA, TENSAO DE SAIDA MONOFASICA 230V OU 115V, SELECIONAVEL POR CHAVE, CONTROLE DE TENSAO POR AVR, ROTACAO MAXIMA 3600 RPM, TANQUE DE COMBUSTIVEL 141 L, CAPACIDADE DO OLEO 165 L, MEDIDOR DIGITAL 3 EM 1 TENSAO, FREQUENCIA E TEMPO DE OPERACAO ,FREQUENCIA 60 HZ,CARACTERISTICA ADICIONAL APTO A ATS NAO ACOMPANHA O PRODUTO, VOLTAGEM 110220 MONOFASICO, GARANTIA DO FABRICANTE 3 MESES|UND
44583551|1370104|306|05|2024|5|-1|LOTE NÃO INFORMADO|560|2|BANCADA DIDATICA CONTROLADOR LOGICO PROGRAMAVEL BDCLP03|UND
44583553|1370104|306|05|2024|5|-1|LOTE NÃO INFORMADO|563|5|BANCDA DIDATICA DE SENSORES|UND
44583550|1370104|306|05|2024|5|-1|LOTE NÃO INFORMADO|559|4|BANCADA DIDATICA PARA ESTUDO DE COMANDOS ELETRICOS BDECE01|UND
44583549|1370104|306|05|2024|5|-1|LOTE NÃO INFORMADO|558|1|BANCADA DE INSTALACOES ELETRICAS INDUSTRIAIS BDIEI01|UND
44583552|1370104|306|05|2024|5|-1|LOTE NÃO INFORMADO|562|3|BANCADA DIDATICA DE SENSORES BDS01|UND
44017418|1352415|303|02|2024|3|-1|LOTE NÃO INFORMADO|1713|63|LIXA DE MADEIRA PARA UNHA|UND
44581500|1370022|302|01|2024|5|1|LOCACAO DE VEICULO POPULAR|4340|1|LOCACAO DE VEICULO POPULAR|UND
44581501|1370022|302|01|2024|5|2|LOCACAO DE 2 VEICULOS EXECUTIVOS|4341|2|LOCACAO DE 2 VEICULOS EXECUTIVOS|UND
44017434|1352415|303|02|2024|3|-1|LOTE NÃO INFORMADO|12464|90|TECIDO DE ALGODAO EM POLIESTER XADREZ|MT
44017454|1352415|303|02|2024|3|-1|LOTE NÃO INFORMADO|12485|29|COLA GEL 50 G|UND
44017519|1352415|303|02|2024|3|-1|LOTE NÃO INFORMADO|16683|31|COLA PERMANENTE ACRILEX|UND
44017425|1352415|303|02|2024|3|-1|LOTE NÃO INFORMADO|6017|98|TELA PARA PINTURA EM ALGODAO 30X40|UND
44017456|1352415|303|02|2024|3|-1|LOTE NÃO INFORMADO|12496|49|GUARDANAPO DECORATIVO AUTO COLANTE 16 CM X16 CM|UND
44017466|1352415|303|02|2024|3|-1|LOTE NÃO INFORMADO|13828|78|QUADRO BRANCO MEDINDO APROXIMADAMENTE 100 X 100 OU 100 X 120|UND
44017483|1352415|303|02|2024|3|-1|LOTE NÃO INFORMADO|15995|55|LINHA PARA COSTURACORES VARIADAS|UND
44017449|1352415|303|02|2024|3|-1|LOTE NÃO INFORMADO|12480|48|GOMA LACA INCOLOR EMBALAGEM CONTENDO 100 ML|UND
44017477|1352415|303|02|2024|3|-1|LOTE NÃO INFORMADO|15985|18|ARGOLINAS PARA CHAVEIROS|PCT
44017479|1352415|303|02|2024|3|-1|LOTE NÃO INFORMADO|15988|13|ALICATE PARA BIJUTERIA|PC
44017494|1352415|303|02|2024|3|-1|LOTE NÃO INFORMADO|1518|75|PISTILO PARA ARTESANATO, EM CORES VARIADAS BRANCO, PRETO,PEROLADO|PCT
44017426|1352415|303|02|2024|3|-1|LOTE NÃO INFORMADO|8232|35|ESTECA E BOLEADOR MÉDIO|UND
44017443|1352415|303|02|2024|3|-1|LOTE NÃO INFORMADO|12474|80|RENDA DE ALGODAO FINA PECA C 20 MTS|PC
44017476|1352415|303|02|2024|3|-1|LOTE NÃO INFORMADO|15984|50|IMA DE GELADEIRA|PCT
44017414|1352415|303|02|2024|3|-1|LOTE NÃO INFORMADO|763|73|PINCEL CHATO COM CERDA BRASIL BRANCA FORTE LONGO DURAVÉL E FLEXÍVEL CABO AMARELO REFERÊNCIA 815 Nº 22|UND
44017415|1352415|303|02|2024|3|-1|LOTE NÃO INFORMADO|765|74|PINCEL CHATO COM CERDA BRASIL BRANCA FORTE LONGO DURAVÉL E FLEXÍVEL CABO AMARELO REFERÊNCIA 815 Nº 24|UND
44017420|1352415|303|02|2024|3|-1|LOTE NÃO INFORMADO|1776|26|CLAREADOR PARA PINTURA|POT
44017446|1352415|303|02|2024|3|-1|LOTE NÃO INFORMADO|12477|107|TOALHA DE MAO|UND
44017482|1352415|303|02|2024|3|-1|LOTE NÃO INFORMADO|15994|79|QUADRO NEGRO|UND
44017524|1352416|303|02|2024|3|1|LOTE 1|14108|1|LOCACAO DE VEICULO DTIPO VAN, ANO DE FABRICACAO A PARTIR DE 2022, CAPACIDADE PARA 16 LUGARES, ADAPTADO PARA TRANSPORTE ESCOLAR, MOTORISTA E MONITOR POR CONTA DA CONTRATADA COMBUSTIVEL SEGURO OBRIGATORIO IPVA MANUTENCAO PREVENTIVA E CORRETIVA PERIODO 12 MESES ESTIMATIVA 200 DIAS LETIVOS A CONTRATADA DEVERA INDICAR UMA PESSOA RESPONSAVEL PELA SUBSTITUICAO DE VEICULOS, CASO NECESSARIO ATENDER AS EXIGENCIAS DA LEI N° 9503 DE 23091997, CODIO DE TRANSITO BRASILEIRO, ESPECIALMENTE CAP XII, ART 136 CONDUCAO DE ESCOLARES|KM
44017447|1352415|303|02|2024|3|-1|LOTE NÃO INFORMADO|12478|33|CREME PARA BISCUIT 250 G|UND
44017497|1352415|303|02|2024|3|-1|LOTE NÃO INFORMADO|16545|42|FITA BORDADAS PARA LACO COM 10 MTS|PC
44017508|1352415|303|02|2024|3|-1|LOTE NÃO INFORMADO|16669|4|AGULHA DE CROCHE, TAMANHO 4|UND
44017441|1352415|303|02|2024|3|-1|LOTE NÃO INFORMADO|12472|85|RENDA DE NAYLON MEDIA PECA COM 50 MTS|PC
44017455|1352415|303|02|2024|3|-1|LOTE NÃO INFORMADO|12493|20|BARBANTE GROSSO CRU ROLO COM 302 MTS|UND
44017473|1352415|303|02|2024|3|-1|LOTE NÃO INFORMADO|15979|15|ARGILA|PCT
44017495|1352415|303|02|2024|3|-1|LOTE NÃO INFORMADO|16543|89|TECIDO DE ALGODAO CRU FINO,100% ALGODAO CRU FINO, LARGURA2,20 MT X 50 CM,GRAMATURA 189GM²|MT
44017422|1352415|303|02|2024|3|-1|LOTE NÃO INFORMADO|3150|91|TECIDO ESTAMPADO TIPO CHITA 140M DE LARGURA ESTAMPAS DIVERSAS|MT
44017463|1352415|303|02|2024|3|-1|LOTE NÃO INFORMADO|12508|108|VASO DE PLÁSTICO GRANDE|UND
44017475|1352415|303|02|2024|3|-1|LOTE NÃO INFORMADO|15983|104|TINTA PARA MADEIRA CORES VARIADAS|POT
44017487|1352415|303|02|2024|3|-1|LOTE NÃO INFORMADO|15999|54|LINHA PARA BORDADOCORES VARIADAS|RL
44017429|1352415|303|02|2024|3|-1|LOTE NÃO INFORMADO|9335|36|ESTECA E BOLEADOR PEQUENO|UND
44017521|1352415|303|02|2024|3|-1|LOTE NÃO INFORMADO|16685|30|CONES DE LINHA|UND
44017416|1352415|303|02|2024|3|-1|LOTE NÃO INFORMADO|1566|62|LIXA PARA MADEIRA|UND
44017472|1352415|303|02|2024|3|-1|LOTE NÃO INFORMADO|15977|56|LINHA PARA CROCHÊ|RL
44017484|1352415|303|02|2024|3|-1|LOTE NÃO INFORMADO|15996|43|FITA DE CETIM N° 01 CORES VARIADAS|RL
44017517|1352415|303|02|2024|3|-1|LOTE NÃO INFORMADO|16680|17|ARGOLAS PARA CROCHE P PACOTE COM 144 PECAS|PCT
44017423|1352415|303|02|2024|3|-1|LOTE NÃO INFORMADO|5972|68|OLHO MÓVEL 05 MM BRANCO COM 06 UNIDADES PRETO|PCT
44017440|1352415|303|02|2024|3|-1|LOTE NÃO INFORMADO|12471|83|RENDA DE NAYLON FINA PECA COM 50 MTS|PC
44017442|1352415|303|02|2024|3|-1|LOTE NÃO INFORMADO|12473|84|RENDA DE NAYLON GROSSA PECA COM 50 MTS|PC
44017448|1352415|303|02|2024|3|-1|LOTE NÃO INFORMADO|12479|77|PRIME 100 ML|UND
44017498|1352415|303|02|2024|3|-1|LOTE NÃO INFORMADO|16547|38|FIO DE BARBANTE MESCLADO PARA DECORACAO ROLO COM 226 MTS|RL
44017514|1352415|303|02|2024|3|-1|LOTE NÃO INFORMADO|16677|1|AGULHA DE COSTURA G|UND
44017458|1352415|303|02|2024|3|-1|LOTE NÃO INFORMADO|12498|59|LIXA DE PAPEL FINA|UND
44017444|1352415|303|02|2024|3|-1|LOTE NÃO INFORMADO|12475|82|RENDA DE ALGODAO MÉDIA PECA C 20 MTS|PC
44017437|1352415|303|02|2024|3|-1|LOTE NÃO INFORMADO|12467|57|LINHA PARA CROCHE BARBANTE COR CRU|UND
44017481|1352415|303|02|2024|3|-1|LOTE NÃO INFORMADO|15993|72|PÉROLAS|PCT
44017505|1352415|303|02|2024|3|-1|LOTE NÃO INFORMADO|1554|27|COLA ARTESANATO DECOUPAGE 50 GRAMAS|UND
44017467|1352415|303|02|2024|3|-1|LOTE NÃO INFORMADO|15285|67|NOVELO DE LINHA DE BORDADO MARCHA ARCHOR|UND
44017469|1352415|303|02|2024|3|-1|LOTE NÃO INFORMADO|15973|46|FITA MAGICA ARTESANATO|RL
44017500|1352415|303|02|2024|3|-1|LOTE NÃO INFORMADO|16552|76|PLASTICO PARA FORRO MESA,TAMANHO 2,20 X 1,80|MT
44017520|1352415|303|02|2024|3|-1|LOTE NÃO INFORMADO|16684|19|BARBANTE FINO CRU 400 GR,6 FIOS|RL
44017428|1352415|303|02|2024|3|-1|LOTE NÃO INFORMADO|8338|34|ESPÁTULA DE PLÁSTICO PARA PINTURA|UND
44017499|1352415|303|02|2024|3|-1|LOTE NÃO INFORMADO|16548|32|CORTADOR REDONDO EM FORMATOS VARIADOS|UND
44017516|1352415|303|02|2024|3|-1|LOTE NÃO INFORMADO|16679|9|ALFINETE COM ELO PRATA CORES VARIADAS,N°3|CTL
44017453|1352415|303|02|2024|3|-1|LOTE NÃO INFORMADO|12484|28|COLA DE SILICONE 100 ML|UND
44017421|1352415|303|02|2024|3|-1|LOTE NÃO INFORMADO|2366|14|APAGADOR BASE DE PLÁSTICO COM FELTRO PARA USO EM QUADRO BRANCO COM PORTA PINCEL|UND
44017430|1352415|303|02|2024|3|-1|LOTE NÃO INFORMADO|9337|52|VERNIZ ACRÍLICO BRILHANTE PODE SER APLICADO SOBRE A TINTA ACRÍLICA PARA TELA E TINTA PLÁSTICA E ACRÍLICA PARA ARTESANATO CONTENDO 100 ML|UND
44017474|1352415|303|02|2024|3|-1|LOTE NÃO INFORMADO|15981|105|TINTA PARA TECIDO ACRILEXCORES VARIADOS 37 ML|POT
44017509|1352415|303|02|2024|3|-1|LOTE NÃO INFORMADO|16670|5|AGULHA DE CROCHE,TAMANHO 5|UND
44017523|1352415|303|02|2024|3|-1|LOTE NÃO INFORMADO|16802|21|BROCAL CORES VARIADAS, PACOTE 3 GR|PCT
44017478|1352415|303|02|2024|3|-1|LOTE NÃO INFORMADO|15986|25|CAIXAS DE MDF|CX
44017432|1352415|303|02|2024|3|-1|LOTE NÃO INFORMADO|12461|92|TECIDO ETAMINE BRANCA PARA PONTO DE CRUZ|MT
44017438|1352415|303|02|2024|3|-1|LOTE NÃO INFORMADO|12469|44|FITA DECORATIVAS PARA NATAL LARGA PECA COM 10 MTS|PC
44017489|1352415|303|02|2024|3|-1|LOTE NÃO INFORMADO|16001|23|CAIXA ORGANIZADORA TRANSPARENTE10 LITROS|UND
44017491|1352415|303|02|2024|3|-1|LOTE NÃO INFORMADO|16003|96|TECIDO SACARIA ALVEJADO BRANCO PARA PINTURA EM PANO DE PRATO|MT
44017511|1352415|303|02|2024|3|-1|LOTE NÃO INFORMADO|16672|7|AGULHA DE CROCHE,TAMANHO 7|UND
44017427|1352415|303|02|2024|3|-1|LOTE NÃO INFORMADO|8279|37|FIBRA VIRGEM SILICONADA CARDADAS PACOTE COM 01 KG|KG
44017503|1352415|303|02|2024|3|-1|LOTE NÃO INFORMADO|15978|2|AGULHA DE COSTURA M|UND
44017506|1352415|303|02|2024|3|-1|LOTE NÃO INFORMADO|1562|51|LA 40 GR, CORES VARIADAS|UND
44017526|1352416|303|02|2024|3|1|LOTE 1|14110|3|LOCACAO DE VEICULO ONIBUS, ANO DE FABRICACAO A PARTIR DE 2013, CAPACIDADE PARA 48 LUGARES, ACESSIBILIDADE PARA CADEIRANTES,MOTORISTA E MONITOR POR CONTA DA CONTRATADA COMBUSTIVEL SEGURO OBRIGATORIO IPVA MANUTENCAO PREVENTIVA E CORRETIVA PERIDO 12 MESES ESTIMATIVA 200 DIAS LETIVOS A CONTRATADA DEVERA INDICAR UMA PESSOA RESPONSAVEL PELA SUBSTITUICAO DE VEICULOS, CASO NECESSARIO ATENDER AS EXIGENCIAS DA LEI N° 9503 DE 23091997, CODIO DE TRANSITO BRASILEIRO, ESPECIALMENTE CAP XII, ART 136 CONDUCAO DE ESCOLARES|KM
44017417|1352415|303|02|2024|3|-1|LOTE NÃO INFORMADO|1578|88|TECIDO DE ALGODAO ALVEJADO|MT
44017431|1352415|303|02|2024|3|-1|LOTE NÃO INFORMADO|12460|97|TECIDO XADREZ COM 140 DE LARGURA|MT
44017433|1352415|303|02|2024|3|-1|LOTE NÃO INFORMADO|12462|93|TECIDO ETAMINE XADREZ|MT
44017488|1352415|303|02|2024|3|-1|LOTE NÃO INFORMADO|16000|22|CAIXA ORGANIZADORA TRANSPARENTE08 LITROS|UND
44017492|1352415|303|02|2024|3|-1|LOTE NÃO INFORMADO|16004|94|TECIDO JUTA MARROM|MT
44017451|1352415|303|02|2024|3|-1|LOTE NÃO INFORMADO|12482|103|TINTA FOSCA ARTESANATO CORES VARIADAS 37 ML|UND
44017525|1352416|303|02|2024|3|1|LOTE 1|14109|2|LOCACAO DE VEICULO ONIBUS, ANO DE FABRICACAO A PARTIR DE 2013, CAPACIDADE PARA 30 LUGARES, ACESSIBILIDADE PARA CADEIRANTES, MOTORISTA E MONITOR POR CONTA DA CONTRATADA COMBUSTIVEL SEGURO OBRIGATORIO IPVA MANUTENCAO PREVENTIVA E CORRETIVA PERIDO 12 MESES ESTIMATIVA 200 DIAS LETIVOS A CONTRATADA DEVERA INDICAR UMA PESSOA RESPONSAVEL PELA SUBSTITUICAO DE VEICULOS, CASO NECESSARIO ATENDER AS EXIGENCIAS DA LEI N° 9503 DE 23091997, CODIO DE TRANSITO BRASILEIRO, ESPECIALMENTE CAP XII, ART 136 CONDUCAO DE ESCOLARES|KM
44017452|1352415|303|02|2024|3|-1|LOTE NÃO INFORMADO|12483|101|TINTA PVC 37 ML|UND
44017464|1352415|303|02|2024|3|-1|LOTE NÃO INFORMADO|12509|65|MUSGO PARA ARTESANATO|UND
44017468|1352415|303|02|2024|3|-1|LOTE NÃO INFORMADO|15970|41|FIO SISAL PARA ARTESANATO FINO|RL
44017471|1352415|303|02|2024|3|-1|LOTE NÃO INFORMADO|15975|71|PANO DE PRATO PARA PINTAR|UND
44017419|1352415|303|02|2024|3|-1|LOTE NÃO INFORMADO|1766|87|TECIDO ATOALHADO GROSSO|MT
44017439|1352415|303|02|2024|3|-1|LOTE NÃO INFORMADO|12470|45|FITA FLORAL PECA C 54 MTS|PC
44017490|1352415|303|02|2024|3|-1|LOTE NÃO INFORMADO|16002|24|CAIXA ORGANIZADORA TRANSPARENTE12 LITROS|UND
44017510|1352415|303|02|2024|3|-1|LOTE NÃO INFORMADO|16671|6|AGULHA DE CROCHE,TAMANHO 6|UND
44017465|1352415|303|02|2024|3|-1|LOTE NÃO INFORMADO|12510|10|ALFINETE DE CABECA CORES VARIADAS|CTL
44017470|1352415|303|02|2024|3|-1|LOTE NÃO INFORMADO|15974|70|OLHO MÓVEL PARA ARTESANATO TAMANHO A SER DEFINIDO NA ENTREGAPMG|PCT
44017496|1352415|303|02|2024|3|-1|LOTE NÃO INFORMADO|16544|66|NOVELOS DE LA CORES VARIADAS|UND
44017436|1352415|303|02|2024|3|-1|LOTE NÃO INFORMADO|12466|58|LINHA PARA TRICO CORES VARIADAS|UND
44017461|1352415|303|02|2024|3|-1|LOTE NÃO INFORMADO|12506|110|VASO DE PLÁSTICO PEQUENO|UND
44017493|1352415|303|02|2024|3|-1|LOTE NÃO INFORMADO|263|47|GIZ BRANCO|CX
44017485|1352415|303|02|2024|3|-1|LOTE NÃO INFORMADO|15997|86|TALAGARCA GROSSA|MT
44017424|1352415|303|02|2024|3|-1|LOTE NÃO INFORMADO|5973|69|OLHO MÓVEL 15 MM BRANCO COM 06 UNIDADES PRETO|PCT
44017460|1352415|303|02|2024|3|-1|LOTE NÃO INFORMADO|12500|60|LIXA DE PAPEL GROSSA|UND
44017480|1352415|303|02|2024|3|-1|LOTE NÃO INFORMADO|15990|64|MICANGAS|PCT
44017504|1352415|303|02|2024|3|-1|LOTE NÃO INFORMADO|15992|39|FIO DE NYLON FINO|RL
44017507|1352415|303|02|2024|3|-1|LOTE NÃO INFORMADO|16681|16|ARGOLAS PARA CROCHE G PACOTE COM 24 PECAS|PCT
44017515|1352415|303|02|2024|3|-1|LOTE NÃO INFORMADO|16678|40|FIO DE NYLON GROSSO|RL
44017501|1352415|303|02|2024|3|-1|LOTE NÃO INFORMADO|16553|12|ALICATE PARA BIJUTERIA BICO REDONDO DE ACO, CABO EMBORRACHADO MEDIDAS 8 CMX13CMX1CM|PC
44017513|1352415|303|02|2024|3|-1|LOTE NÃO INFORMADO|16676|3|AGULHA DE CROCHE, TAMANHO 2|UND
44017450|1352415|303|02|2024|3|-1|LOTE NÃO INFORMADO|12481|102|TINTA ACRILICA FOSCA CORES VARIADAS 37 ML|UND
44017462|1352415|303|02|2024|3|-1|LOTE NÃO INFORMADO|12507|109|VASO DE PLÁSTICO MÉDIO|UND
44017512|1352415|303|02|2024|3|-1|LOTE NÃO INFORMADO|16673|8|AGULHA DE CROCHE,TAMANHO 8|UND
44017435|1352415|303|02|2024|3|-1|LOTE NÃO INFORMADO|12465|106|TIRA BORDADA BRANCA OM 1375 MTS|MT
44017445|1352415|303|02|2024|3|-1|LOTE NÃO INFORMADO|12476|81|RENDA DE ALGODAO GROSSA PECA C 20 MTS|PC
44017457|1352415|303|02|2024|3|-1|LOTE NÃO INFORMADO|12497|99|TESOURA GRANDE|UND
44017502|1352415|303|02|2024|3|-1|LOTE NÃO INFORMADO|16554|11|ALICATE DE CORTE DE ACO, CABO EMBORRACHADO MEDIDAS 8CM X13CMX1CM|PC
44017518|1352415|303|02|2024|3|-1|LOTE NÃO INFORMADO|16682|95|TECIDO PERSAL LISO 2,50|M
44017522|1352415|303|02|2024|3|-1|LOTE NÃO INFORMADO|16686|53|MEADA LINHA ANCHOR|UND
44017459|1352415|303|02|2024|3|-1|LOTE NÃO INFORMADO|12499|61|LIXA DE PAPEL MÉDIA|UND
44017486|1352415|303|02|2024|3|-1|LOTE NÃO INFORMADO|15998|100|TESOURA PARA TECIDO|UND
44581595|1370033|304|03|2024|5|5|LOTE 5|5408|8|CIMENTO CP III NBR 16697 50 KG|SC
44581592|1370033|304|03|2024|5|3|LOTE 3|1345|3|BRITA NO01|METRO CUBICO
44581588|1370033|304|03|2024|5|2|LOTE 2|321|2|BRITA ZERO|METRO CUBICO
44581591|1370033|304|03|2024|5|1|LOTE 1|319|1|AREIA LAVADA TIPO MEDIA|METRO CUBICO
44581589|1370033|304|03|2024|5|6|LOTE 6|1346|4|CASCALHO|METRO CUBICO
44581593|1370033|304|03|2024|5|7|LOTE 7|1347|5|PEDRA POLIEDRICA|METRO CUBICO
44581594|1370033|304|03|2024|5|8|LOTE 8|1348|6|PO DE PEDRA|METRO CUBICO
44581590|1370033|304|03|2024|5|4|LOTE 4|3224|7|BICA CORRIDA|METRO CUBICO
44376946|1363431|303|02|2024|4|-1|LOTE NÃO INFORMADO|17164|1|CONTRATACAO DE EMPRESA PARA PRESTACAO DE SERVICO DE BUFFET, PARA REALIZACAO DO EVENTO FESTA DO TRABALHADOR DESTINADAS AOS SERVIDORES PUBLICOS DO PODER EXECUTIVO MUNICIPAL DE CAETEMG, COMPREENDENDO A PREFEITURA, O SERVICO AUTONOMO DE AGUA E ESGOTO SAAE, A FUNDACAO EDUCACIONAL DE CAETE FEC E A FUNDACAO CASA DE CULTURA DE CAETE FCCC, SERVICOS A SEREM CONTRATADOS CHURRASCO PICANHA BOVINA 300 KG PICANHA SUINA 180 KG LINGUICA TOSCANA NA BRASA 80 KG COXINHA DA ASA 50KG CORACAOZINHO 60 KG TOUCINHO DE BARRIGA 60 KG PAO DE ALHO 50 PACOTES DE 400 GRAMAS CADA DEVERAO SER DISPONIBILIZADAS 08 OITO CHURRASQUEIRAS E CARVAO08 OITO CHURRA|UND
43923946|1350640|303|02|2024|2|1|LOTE 1|13697|8|CONTRATACAO DE SERVICOS DE INFRAESTRUTURA DE CONEXAO FIBRA OPTICA CEACA CENTRO DE ATENCAO A CRIANCA E AO ADOLESCENTE|MÊS
43923955|1350640|303|02|2024|2|1|LOTE 1|16871|38|CONTRATACAO DE SERVICOS DE INFRAESTRUTURA DE CONEXAO FIBRA OPTICA SECRETARIA DE SAUDE VELOCIDADE 200 MBPS|MES
43923983|1350640|303|02|2024|2|1|LOTE 1|16850|81|CONTRATACAO DE SERVICOS DE INFRAESTRUTURA DE CONEXAO FIBRA OPTICA HOTSPOT INTERNET LIVRE RODOVIARIA DE CAETEVELOCIDADE50 MBPS|MES
43923948|1350640|303|02|2024|2|1|LOTE 1|13708|6|CONTRATACAO DE SERVICOS DE INFRAESTRUTURA DE CONEXAO FIBRA OPTICA CEMAI II|MÊS
43923939|1350640|303|02|2024|2|1|LOTE 1|13129|41|CONTRATACAO DE SERVICOS DE INFRAESTRUTURA DE CONEXAO FIBRA OPTICA UNIDADE DE SAÚDE CRISTAL ROCAS NOVAS|MÊS
43923963|1350640|303|02|2024|2|1|LOTE 1|16822|42|CONTRATACAO DE SERVICOS DE INFRAESTRUTURA DE CONEXAO FIBRA OPTICA CAPS INFANTILVELOCIDADE50 MBPS|MES
43923919|1350640|303|02|2024|2|1|LOTE 1|13710|59|CONTRATACAO DE SERVICOS DE INFRAESTRUTURA DE CONEXAO FIBRA OPTICA PREFEITURA MUNICIPAL DE CAETÉ|MÊS
43923925|1350640|303|02|2024|2|1|LOTE 1|13039|27|CONTRATACAO DE SERVICOS DE INFRAESTRUTURA DE CONEXAO FIBRA OPTICA UNIDADE DE SAÚDE AMETISTA|MÊS
43923989|1350640|303|02|2024|2|1|LOTE 1|16830|57|CONTRATACAO DE SERVICOS DE INFRAESTRUTURA DE CONEXAO FIBRA OPTICA SESMETVELOCIDADE 50 MBPS|MES
43923988|1350640|303|02|2024|2|1|LOTE 1|16828|55|CONTRATACAO DE SERVICOS DE INFRAESTRUTURA DE CONEXAO FIBRA OPTICA PREDIO DO ANEXO ADMINISTRATIVO MUNICIPAL VELOCIDADE 300 MBPS|MES
43923907|1350639|303|02|2024|2|-1|LOTE NÃO INFORMADO|16888|1|CONTRATACAO DE EMPRESA ESPECIALIZADA EM CONSTRUCAO CIVIL,PARA EXECUCAO DA OBRAS DE CONSTRUCAO DO CEMAE IV, LOCALIZADO NA RUA JOAO MAGDALENO DE BRITO,NÂ°335, NO BAIRRO BELA VISTA, NA CIDADE DE CAETEMG,TOTALIZANDO UMA AREA DE 1514,30,MÂ² A SER CONSTRUIDA, COM FORNECIMENTO DE MATERIAL E MAODEOBRA NECESSARIA PARA EXECUTAR OS SERVICOS, CONFORME TERMO DE COMPROMISSO NÂ°20210474612023PAR, PROINFANCIA TIPO 1,FIRMADO ENTRE O MINISTERIO DA EDUCACAOFNDE X PREFEITURA MUNICIPAL DE CAETE|SRV
43923943|1350640|303|02|2024|2|1|LOTE 1|13622|89|SERVICO DE INSTALACAO DE FIBRA ÓPTICA|SRV
43923918|1350640|303|02|2024|2|1|LOTE 1|13706|14|CONTRATACAO DE SERVICOS DE INFRAESTRUTURA DE CONEXAO FIBRA OPTICA EM PROFESSORA SIRLENE DE PAULA|MÊS
43923938|1350640|303|02|2024|2|1|LOTE 1|13053|36|CONTRATACAO DE SERVICOS DE INFRAESTRUTURA DE CONEXAO FIBRA OPTICAUNIDADE DE FISIOTERAPIA|MÊS
43923958|1350640|303|02|2024|2|1|LOTE 1|16817|4|CONTRATACAO DE SERVICOS DE INFRAESTRUTURA DE CONEXAO FIBRA OPTICA CEMAE IV VELOCIDADE 100 MBPS|MES
43923950|1350640|303|02|2024|2|1|LOTE 1|16864|21|CONTRATACAO DE SERVICOS DE INFRAESTRUTURA DE CONEXAO FIBRA OPTICA EM JOSE LOURENCO LAUDATEVELOCIDADE100 MBPS|MES
43923929|1350640|303|02|2024|2|1|LOTE 1|13044|37|CONTRATACAO DE SERVICOS DE INFRAESTRUTURA DE CONEXAO FIBRA OPTICA UNIDADE DE SAÚDE TURQUESA|MÊS
43923965|1350640|303|02|2024|2|1|LOTE 1|16825|50|CONTRATACAO DE SERVICOS DE INFRAESTRUTURA DE CONEXAO FIBRA OPTICA SAMUVELOCIDADE50 MBPS|MES
43923970|1350640|303|02|2024|2|1|LOTE 1|16834|60|CONTRATACAO DE SERVICOS DE INFRAESTRUTURA DE CONEXAO FIBRA OPTICA GINASIO POLIESPORTIVO ESPORTE VELOCIDADE 200 MBPS|MES
43923996|1350640|303|02|2024|2|1|LOTE 1|16859|66|CONTRATACAO DE SERVICOS DE INFRAESTRUTURA DE CONEXAO FIBRA OPTICA CEMITERIO DO ROSARIO VELOCIDADE50 MBPS|MES
43923912|1350640|303|02|2024|2|1|LOTE 1|13700|3|CONTRATACAO DE SERVICOS DE INFRAESTRUTURA DE CONEXAO FIBRA OPTICA EM DR JOAO PINHEIRO|MÊS
43923920|1350640|303|02|2024|2|1|LOTE 1|13711|19|CONTRATACAO DE SERVICOS DE INFRAESTRUTURA DE CONEXAO SATÉLITE EM ISRAEL PINHEIRO|MÊS
43923968|1350640|303|02|2024|2|1|LOTE 1|16829|56|CONTRATACAO DE SERVICOS DE INFRAESTRUTURA DE CONEXAO FIBRA OPTICA PREDIO DO ANEXO ADMINISTRATIVO MUNICIPAL REDE WIFIVELOCIDADE200MBPS|MES
43923917|1350640|303|02|2024|2|1|LOTE 1|13705|12|CONTRATACAO DE SERVICOS DE INFRAESTRUTURA DE CONEXAO FIBRA OPTICA EM PADRE JOAQUIM SATURNINO DE FREITAS|MÊS
43923932|1350640|303|02|2024|2|1|LOTE 1|13047|70|CONTRATACAO DE SERVICOS DE INFRAESTRUTURA DE CONEXAO FIBRA OPTICA CENTRO DE REFERENCIA DO IDOSO|MÊS
43923928|1350640|303|02|2024|2|1|LOTE 1|13043|29|CONTRATACAO DE SERVICOS DE INFRAESTRUTURA DE CONEXAO FIBRA OPTICA UNIDADE DE SAÚDE TOPAZIO|MÊS
43923977|1350640|303|02|2024|2|1|LOTE 1|16843|75|CONTRATACAO DE SERVICOS DE INFRAESTRUTURA DE CONEXAO FIBRA OPTICACREAS VELOCIDADE50 MBPS|MES
43923999|1350640|303|02|2024|2|1|LOTE 1|16862|69|CONTRATACAO DE SERVICOS DE INFRAESTRUTURA DE CONEXAO FIBRA OPTICASECRETARIA DE OBRAS VELOCIDADE200 MBPS|MES
43923990|1350640|303|02|2024|2|1|LOTE 1|16851|82|CONTRATACAO DE SERVICOS DE INFRAESTRUTURA DE CONEXAO FIBRA OPTICA PRACA DO CENTRO VELOCIDADE300 MBPS|MES
43923961|1350640|303|02|2024|2|1|LOTE 1|16820|24|CONTRATACAO DE SERVICOS DE INFRAESTRUTURA DE CONEXAO FIBRA OPTICA PONTO RESERVA 3 EDUCACAOVELOCIDADE100 MBPS|MES
43923972|1350640|303|02|2024|2|1|LOTE 1|16836|63|CONTRATACAO DE SERVICOS DE INFRAESTRUTURA DE CONEXAO FIBRA OPTICA COMUNICACAO VELOCIDADE100 MBPS|MES
43923991|1350640|303|02|2024|2|1|LOTE 1|16852|83|CONTRATACAO DE SERVICOS DE INFRAESTRUTURA DE CONEXAO FIBRA OPTICA PRACA DE JOSE BRANDAO VELOCIDADE50 MBPS|MES
43923967|1350640|303|02|2024|2|1|LOTE 1|16827|52|CONTRATACAO DE SERVICOS DE INFRAESTRUTURA DE CONEXAO FIBRA OPTICA PONTO RESERVA 2 SAUDEVELOCIDADE50 MBPS|MES
43923974|1350640|303|02|2024|2|1|LOTE 1|16839|72|CONTRATACAO DE SERVICOS DE INFRAESTRUTURA DE CONEXAO FIBRA OPTICA SECRETARIA DE ASSISTENCIA SOCIALVELOCIDADE300 MBPS|MES
43923992|1350640|303|02|2024|2|1|LOTE 1|16853|84|CONTRATACAO DE SERVICOS DE INFRAESTRUTURA DE CONEXAO FIBRA OPTICA POLIESPORTIVOVELOCIDADE300 MBPS|MES
43923952|1350640|303|02|2024|2|1|LOTE 1|16867|54|CONTRATACAO DE SERVICOS DE INFRAESTRUTURA DE CONEXAO SATELITE UNIDADE DE SAUDE VIGILANCIA SANITARIAVELOCIDADE50MBPS|MES
43923956|1350640|303|02|2024|2|1|LOTE 1|16872|91|CONTRATACAO DE SERVICOS DE INFRAESTRUTURA DE CONEXAO FIBRA OPTICA A DEFINIR LOCAIS 1 VELOCIDADE100 MBPS|MES
43923997|1350640|303|02|2024|2|1|LOTE 1|16860|67|CONTRATACAO DE SERVICOS DE INFRAESTRUTURA DE CONEXAO FIBRA OPTICAPONTO RESERVA 1 SECRETARIA DE OBRAS VELOCIDADE 50 MBPS|MES
43923960|1350640|303|02|2024|2|1|LOTE 1|16819|23|CONTRATACAO DE SERVICOS DE INFRAESTRUTURA DE CONEXAO FIBRA OPTICA PONTO RESERVA 2 EDUCACAOVELOCIDADE100 MBPS|MES
43923908|1350640|303|02|2024|2|1|LOTE 1|13692|90|SERVICO DE INSTALACAO DE INTERNET VIA SATÉLITE|SRV
43923927|1350640|303|02|2024|2|1|LOTE 1|13042|30|CONTRATACAO DE SERVICOS DE INFRAESTRUTURA DE CONEXAO FIBRA OPTICA UNIDADE DE SAÚDE SAFIRA VILA DAS FLORES|MÊS
43923982|1350640|303|02|2024|2|1|LOTE 1|16849|80|CONTRATACAO DE SERVICOS DE INFRAESTRUTURA DE CONEXAO FIBRA OPTICA PONTO RESERVA 3ASSITENCIAL SOCIALVELOCIDADE100 MBPS|MES
43923986|1350640|303|02|2024|2|1|LOTE 1|16865|26|CONTRATACAO DE SERVICOS DE INFRAESTRUTURA DE CONEXAO FIBRA OPTICA SETOR DE ALIMENTACAO TRANSPORTE EDUCACAO VELOCIDADE50 MBPS|MES
43923998|1350640|303|02|2024|2|1|LOTE 1|16861|68|CONTRATACAO DE SERVICOS DE INFRAESTRUTURA DE CONEXAO FIBRA OPTICA PONTO RESERVA 2 SECRETARIA DE OBRAS|MES
43923916|1350640|303|02|2024|2|1|LOTE 1|13704|13|CONTRATACAO DE SERVICOS DE INFRAESTRUTURA DE CONEXAO FIBRA OPTICA EM JOSÉ HERCULANO|MÊS
43923953|1350640|303|02|2024|2|1|LOTE 1|16868|61|CONTRATACAO DE SERVICOS DE INFRAESTRUTURA DE CONEXAO FIBRA OPTICA ICARAI VELOCIDADE50MBPS|MES
43923959|1350640|303|02|2024|2|1|LOTE 1|16818|22|CONTRATACAO DE SERVICOS DE INFRAESTRUTURA DE CONEXAO FIBRA OPTICA PONTO RESERVA 1 EDUCACAOVELOCIDADE100 MBPS|MES
43923934|1350640|303|02|2024|2|1|LOTE 1|13049|39|CONTRATACAO DE SERVICOS DE INFRAESTRUTURA DE CONEXAO FIBRA OPTICA UNIDADE DE SAÚDE RUBI|MÊS
43923947|1350640|303|02|2024|2|1|LOTE 1|13707|7|CONTRATACAO DE SERVICOS DE INFRAESTRUTURA DE CONEXAO FIBRA OPTICA CEMAI I|MÊS
43923964|1350640|303|02|2024|2|1|LOTE 1|16823|48|CONTRATACAO DE SERVICOS DE INFRAESTRUTURA DE CONEXAO FIBRA OPTICA POLICLINICAVACINAVELOCIDADE50 MBPS|MES
43923969|1350640|303|02|2024|2|1|LOTE 1|16831|58|CONTRATACAO DE SERVICOS DE INFRAESTRUTURA DE CONEXAO FIBRA OPTICA PREDIO DO ANEXO ADMINISTRATIVO VELOCIDADE 2,5 GBPSCONCENTRADOR|MES
43923980|1350640|303|02|2024|2|1|LOTE 1|16847|78|CONTRATACAO DE SERVICOS DE INFRAESTRUTURA DE CONEXAO FIBRA OPTICA PONTO RESERVA 1 ASSISTENCIA SOCIALVELOCIDADE100 MBPS|MES
43923913|1350640|303|02|2024|2|1|LOTE 1|13701|9|CONTRATACAO DE SERVICOS DE INFRAESTRUTURA DE CONEXAO FIBRA OPTICA EM HELENA DE BARROS PINHEIRO|MÊS
43923930|1350640|303|02|2024|2|1|LOTE 1|13045|32|CONTRATACAO DE SERVICOS DE INFRAESTRUTURA DE CONEXAO FIBRA OPTICA UNIDADE DE SAÚDE ONIX|MÊS
43923945|1350640|303|02|2024|2|1|LOTE 1|13695|47|CONTRATACAO DE SERVICOS DE INFRAESTRUTURA DE CONEXAO SATÉLITE UNIDADE DE SAÚDE DIAMANTE MORRO VERMELHO|MÊS
43923981|1350640|303|02|2024|2|1|LOTE 1|16848|79|CONTRATACAO DE SERVICOS DE INFRAESTRUTURA DE CONEXAO FIBRA OPTICA PONTO RESERVA 2 ASSISTENCIA SOCIALVELOCIDADE100 MBPS|MES
43923910|1350640|303|02|2024|2|1|LOTE 1|13698|11|CONTRATACAO DE SERVICOS DE INFRAESTRUTURA DE CONEXAO FIBRA OPTICA EM DONA MARIA DE BARROS FERREIRA|MÊS
43923954|1350640|303|02|2024|2|1|LOTE 1|16869|64|CONTRATACAO DE SERVICOS DE INFRAESTRUTURA DE CONEXAO FIBRA OPTICA PREDIO DO MERCADINHOVELOCIDADE200 MBPS PONTOS DENTRO DO MERCADINHO JUNTA MILITAR MEIO AMBIENTE POSTO DE IDENTIFICACAOSINEIDENTIDADE OUVIDORIA|MES
43923957|1350640|303|02|2024|2|1|LOTE 1|16873|92|CONTRATACAO DE SERVICOS DE INFRAESTRUTURA DE CONEXAO FIBRA OPTICA A DEFINIR LOCAIS 2 VELOCIDADE 100 MBPS|MES
43923966|1350640|303|02|2024|2|1|LOTE 1|16826|51|CONTRATACAO DE SERVICOS DE INFRAESTRUTURA DE CONEXAO FIBRA OPTICA PONTO RESERVA 1 SAUDEVELOCIDADE50 MBPS|MES
43923976|1350640|303|02|2024|2|1|LOTE 1|16842|74|CONTRATACAO DE SERVICOS DE INFRAESTRUTURA DE CONEXAO FIBRA OPTICA CRAS SAO GERALDOVELOCIDADE50 MBPS|MES
43923978|1350640|303|02|2024|2|1|LOTE 1|16845|76|CONTRATACAO DE SERVICOS DE INFRAESTRUTURA DE CONEXAO FIBRA OPTICA CASA DE PASSAGEMVELOCIDADE50 MBPS|MES
43923942|1350640|303|02|2024|2|1|LOTE 1|13133|45|CONTRATACAO DE SERVICOS DE INFRAESTRUTURA DE CONEXAO SATÉLITE UNIDADE DE SAÚDE DIAMANTE RANCHO NOVO|MÊS
43923914|1350640|303|02|2024|2|1|LOTE 1|13702|2|CONTRATACAO DE SERVICOS DE INFRAESTRUTURA DE CONEXAO FIBRA OPTICA EM HELIO CERQUEIRA PEIXOTO|MÊS
43923926|1350640|303|02|2024|2|1|LOTE 1|13040|31|CONTRATACAO DE SERVICOS DE INFRAESTRUTURA DE CONEXAO FIBRA OPTICA UNIDADE DE SAÚDE ESMERALDA|MÊS
43923937|1350640|303|02|2024|2|1|LOTE 1|13052|35|CONTRATACAO DE SERVICOS DE INFRAESTRUTURA DE CONEXAO FIBRA OPTICA FARMACIA MUNICIPAL|MÊS
43923962|1350640|303|02|2024|2|1|LOTE 1|16821|25|CONTRATACAO DE SERVICOS DE INFRAESTRUTURA DE CONEXAO FIBRA OPTICA PONTO RESERVA 4EDUCACAOVELOCIDADE100 MBPS|MES
43923984|1350640|303|02|2024|2|1|LOTE 1|16856|87|CONTRATACAO DE SERVICOS DE INFRAESTRUTURA DE CONEXAO FIBRA OPTICA A DEFINIR LOCAIS HOSTSPOT LIVREVELOCIDADE50 MBPS|MES
43923971|1350640|303|02|2024|2|1|LOTE 1|16835|62|CONTRATACAO DE SERVICOS DE INFRAESTRUTURA DE CONEXAO FIBRA OPTICA PORTALTURISMO VELOCIDADE 50 MBPS|MES
43923915|1350640|303|02|2024|2|1|LOTE 1|13703|10|CONTRATACAO DE SERVICOS DE INFRAESTRUTURA DE CONEXAO FIBRA OPTICA EM JOAO MONLEVADE|MÊS
43923949|1350640|303|02|2024|2|1|LOTE 1|13709|5|CONTRATACAO DE SERVICOS DE INFRAESTRUTURA DE CONEXAO FIBRA OPTICA CEMAI III|MÊS
43923909|1350640|303|02|2024|2|1|LOTE 1|13696|1|CONTRATACAO DE SERVICOS DE INFRAESTRUTURA DE CONEXAO FIBRA OPTICA SECRETARIA DE EDUCACAO|MÊS
43923922|1350640|303|02|2024|2|1|LOTE 1|13713|16|CONTRATACAO DE SERVICOS DE INFRAESTRUTURA DE CONEXAO FIBRA OPTICA EM PADRE GILSON DA SILVEIRA GOULART|MÊS
43923985|1350640|303|02|2024|2|1|LOTE 1|16857|88|CONTRATACAO DE SERVICOS DE INFRAESTRUTURA DE CONEXAO FIBRA OPTICA A DEFINIR LOCAIS2HOSTSPOT LIVREVELOCIDADE50 MBPS|MES
43923933|1350640|303|02|2024|2|1|LOTE 1|13048|33|CONTRATACAO DE SERVICOS DE INFRAESTRUTURA DE CONEXAO FIBRA OPTICA CENTRO DE ATENCAO PSICOSSOCIAL CAPS|MÊS
43923944|1350640|303|02|2024|2|1|LOTE 1|13694|44|CONTRATACAO DE SERVICOS DE INFRAESTRUTURA DE CONEXAO SATÉLITE UNIDADE DE SAÚDE EQUIPE DIAMANTE AGUA LIMPA|MÊS
43923993|1350640|303|02|2024|2|1|LOTE 1|16854|85|CONTRATACAO DE SERVICOS DE INFRAESTRUTURA DE CONEXAO FIBRA OPTICA A DEFINIR LOCAIS URBANOS HOSTSPOT LIVREVELOCIDADE300 MBPS|MES
43923951|1350640|303|02|2024|2|1|LOTE 1|16866|53|CONTRATACAO DE SERVICOS DE INFRAESTRUTURA DE CONEXAO SATELITE UNIDADE DE SAUDE NOVA POLICLINICA JOSE BRANDAOVELOCIDADE100MBPS|MES
43923935|1350640|303|02|2024|2|1|LOTE 1|13050|46|CONTRATACAO DE SERVICOS DE INFRAESTRUTURA DE CONEXAO FIBRA OPTICA UNIDADE DE SAÚDE SAFIRA PENEDIA|MÊS
43923936|1350640|303|02|2024|2|1|LOTE 1|13051|34|CONTRATACAO DE SERVICOS DE INFRAESTRUTURA DE CONEXAO FIBRA OPTICA CENTRO DE ESPECIALIDADES MÉDICA E ODONTOLÓGICA|MÊS
43923940|1350640|303|02|2024|2|1|LOTE 1|13130|40|CONTRATACAO DE SERVICOS DE INFRAESTRUTURA DE CONEXAO SATÉLITE UNIDADE DE SAÚDE CRISTAL POSSES|MÊS
43923911|1350640|303|02|2024|2|1|LOTE 1|13699|15|CONTRATACAO DE SERVICOS DE INFRAESTRUTURA DE CONEXAO FIBRA OPTICA EM COLIBRI DE NESINO ESPECIAL|MÊS
43923987|1350640|303|02|2024|2|1|LOTE 1|16824|49|CONTRATACAO DE SERVICOS DE INFRAESTRUTURA DE CONEXAO FIBRA OPTICA CENTRO DE CONVIVENCIA ESPERANCA|MES
43923921|1350640|303|02|2024|2|1|LOTE 1|13712|20|CONTRATACAO DE SERVICOS DE INFRAESTRUTURA DE CONEXAO FIBRA OPTICA EM ANEZIA MARIA PINHEIRO|MÊS
43923973|1350640|303|02|2024|2|1|LOTE 1|16838|71|CONTRATACAO DE SERVICOS DE INFRAESTRUTURA DE CONEXAO FIBRA OPTICA CEU ASSISTENCIA SOCIALVELOCIDADE 300 MBPS|MES
43923994|1350640|303|02|2024|2|1|LOTE 1|16855|86|CONTRATACAO DE SERVICOS DE INFRAESTRUTURA DE CONEXAO FIBRA OPTICA A DEFINIR LOCAIS URBANOS 2 HOSTSPOT LIVREVELOCIDADE300 MBPS|MES
43923995|1350640|303|02|2024|2|1|LOTE 1|16858|65|CONTRATACAO DE SERVICOS DE INFRAESTRUTURA DE CONEXAO FIBRA OPTICA CEMITERIO SAO FRANCISCO DE ASSISVELOCIDADE 50 MBPS|MES
43923941|1350640|303|02|2024|2|1|LOTE 1|13131|43|CONTRATACAO DE SERVICOS DE INFRAESTRUTURA DE CONEXAO SATÉLITE UNIDADE DE SAÚDE CRISTAL ANTONIO DOS SANTOS|MÊS
43923923|1350640|303|02|2024|2|1|LOTE 1|13714|18|CONTRATACAO DE SERVICOS DE INFRAESTRUTURA DE CONEXAO SATÉLITE EM OZÓRIO LEAO|MÊS
43923975|1350640|303|02|2024|2|1|LOTE 1|16841|73|CONTRATACAO DE SERVICOS DE INFRAESTRUTURA DE CONEXAO FIBRA OPTICACRAS RANCHO NOVOVELOCIDADE15 MBPS|MES
43923979|1350640|303|02|2024|2|1|LOTE 1|16846|77|CONTRATACAO DE SERVICOS DE INFRAESTRUTURA DE CONEXAO FIBRA OPTICA CONSELHO TUTELARVELOCIDADE50 MBPS|MES
43923924|1350640|303|02|2024|2|1|LOTE 1|13715|17|CONTRATACAO DE SERVICOS DE INFRAESTRUTURA DE CONEXAO FIBRA OPTICA PREDIO DO CINEMA RENOVANDO HORIZONTES|MÊS
43923931|1350640|303|02|2024|2|1|LOTE 1|13046|28|CONTRATACAO DE SERVICOS DE INFRAESTRUTURA DE CONEXAO FIBRA OPTICA NÚCLEO DE APOIO A SAÚDE DA FAMÍLIA NASF|MÊS
43894923|1350031|303|02|2024|1|-1|LOTE NÃO INFORMADO|11089|76|TELA DE PROTECAO NYLON 3 METROS DE ALTURA X 50 METROS DE COMPRIMENTO|MT
43894942|1350031|303|02|2024|1|-1|LOTE NÃO INFORMADO|14942|48|MACACAO DE SEGURANCA CONFECCIONADO EM TECIDO NAO TECIDOTNT DE POLIPROPILENO COM FILME DE POLIETILENO MICRO POROSO CAPUZ EM DUAS PECAS COM ELASTICO FECHAMENTO FRONTAL COM ZÍPER BIDIRECIONAL SEM ABA PROTETORA ELASTICO NA CINTURA PUNHOS E TORNOZELOS|UND
43894899|1350031|303|02|2024|1|-1|LOTE NÃO INFORMADO|499|28|COLETE REFLEXIVO TIPO X NA COR LARANJA MATERIAL DE RESISTÊNCIA COMPROVADA|UND
43894917|1350031|303|02|2024|1|-1|LOTE NÃO INFORMADO|8679|62|ÓCULOS DE SEGURANCA LENTE INCOLOR DE POLICARBONATO HASTE REGULÁVEL PROTECAO LATERAL CONTRA IMPACTOS DE PARTÍCULAS VOLANTES MULTIDIRECIONAL MODELO RJ CA IMPRESSO|UND
43894947|1350031|303|02|2024|1|-1|LOTE NÃO INFORMADO|16783|15|CANELEIRA RASPA DE COURO PARA USO COM ROCADEIRA CA 44234|UND
43894909|1350031|303|02|2024|1|-1|LOTE NÃO INFORMADO|8666|34|FITA ZEBRADA EM MATERIAL PLÁSTICO COLORIDO EM POLIESTIRENO COM LISTAS AMARELAS E PRETAS INTERCALADAS UTILIZADAS INTERNA E EXTERNAMENTE NA SINALIZACAO INTERDICAO OU DEMARCACAO GERAL LEVES E RESISTENTES DOBRÁVEIS E DE FÁCIL INSTALACAO ROLOS MED|RL
43894913|1350031|303|02|2024|1|-1|LOTE NÃO INFORMADO|8674|49|MACACAO DO SAMU COMPOSICAO DA FIBRA TECIDO TIPO RIPSTOP COMPOSTO POR 67% FIBRA DE POLIÉSTER E 33% DE FIBRA DE ALGODAO COM TINGIMENTO EM CORES FIRMES RESISTENTES AO USO E LAVAGENS NA COR AZUL MARINHO N°194010 CONFORME A ESCALA DE CORES PANTONE P|UND
43894884|1350031|303|02|2024|1|-1|LOTE NÃO INFORMADO|1986|5|BLOQUEADOR SOLAR UVAUVB FPS 40 PRODUTO NAO OLEOSO PROPORCIONANDO MAIOR CONFORTO NA SUA UTILIZACAO PARA USO EM PESSOAS COM FOTOTIPO 2 3 4 E 5 PELE BRANCA A NEGRA PERSISTINDO SOBRE A PELE POR PELO MENOS 25 HORAS FRASCO CONTENDO 200 ML|FR
43894900|1350031|303|02|2024|1|-1|LOTE NÃO INFORMADO|543|66|PROTETOR FACIAL COM LENTE INCOLOR DE POLICARBONATO REGULÁVEL NA ALTURA E NO DIÂMETRO CONTRA O IMPACTO DE PARTÍCULAS CA IMPRESSO|UND
43894892|1350031|303|02|2024|1|-1|LOTE NÃO INFORMADO|2144|77|TOUCA TURBANTE BRANCA EM TNT PARA PROTECAO DE CABELO COM ELÁSTICO DESCARTÁVEL Nº 20 PACOTE CONTENDO 100 UNIDADES CA IMPRESSO|PCT
43894919|1350031|303|02|2024|1|-1|LOTE NÃO INFORMADO|8681|64|PROTETOR AUDITIVO TIPO PLUG TIPO INSERCAO FABRICADO EM SILICONE DE GRAU FARMACÊUTICO NA COR LARANJA COM 3 FALANGES SEMIESFÉRICAS DE DIÂMETRO CRESCENTE NA PARTE SUPERIOR E COM CORDAO EM ALGODAO NA COR LARANJA COM CA|UND
43894933|1350031|303|02|2024|1|-1|LOTE NÃO INFORMADO|13565|21|CINTA PARA ELEVACAO DE CARGA 4M 3 TINDICADA PARA ELEVACAO E MOVIMENTACAO DE CARGAS NUNCA UTILIZAR PARA TRANSPORTE E ELEVACAO DE PESSOAS OU ANIMAIS CARGA DE TRABALHO DA CINTA EM ELEVACAO VERTICALDIRETA 30 T CARGA DE TRABALHO DA CINTA EM ELEVACAO FORCALACO 24 T CARGA DE TRABALHO DA CINTA EM ELEVACAO CESTOPARALELA 60 T CARGA DE TRABALHO DA CINTA EM ELEVACAO CESTOANGULAR ATÉ 45º 42 T COMPRIMENTO TOTAL DA CINTA ELEVACAO DE CARGA 40 M FATOR DE SEGURANCA DA CINTA DE ELEVACAO DE CARGA 71 LARGURA DA CINTA 900 MM MATERIAL DA CINTA POLIÉSTER NORMA DE REFERÊNCIA DA CINTA ABNT NBR 156371|UND
43894937|1350031|303|02|2024|1|-1|LOTE NÃO INFORMADO|13558|61|ÓCULOS DE SEGURANCA LENTE CRISTALÓCULOS DE SEGURANCA CONSTITUÍDO DE ARMACAO CONVENCIONAL DE PLASTICO PRETO OU CINZA TRANSPARENTE HASTES TIPO ESPATULA COM OU SEM FILETES METALICOS INTERNOS CONFECCIONADAS DO MESMO MATERIAL DA ARMACAO OU MEIAS HASTES COM ELASTICO PROTETORES LATERAIS MULTIPERFURADOS DE MATERIAL P¿LASTICO INCOLOR OU PRETO OU TELA DE ACO E LENTES DE VIDRO OFTALMICO INCOLOR AS HASTES SAO ARTICULDADAS NOS AROS ATRAVÉS DE PARAFUSOS METALICOSE OS PROTETORES LATERAIS SAO ARTICULADOS NOS AROS ATRAVÉS DE REBITES METALICOS OS ÓCULOS SAO INDICADOS PARA PROTECAO DOS OLHOS CONTRA IMPACTOS DE PARTÍCULAS MULTIDIRECIONAIS E LUMINOSIDADE INTENSA NO CASO DE MODELO COM LENTES VERDES|UND
43894895|1350031|303|02|2024|1|-1|LOTE NÃO INFORMADO|6245|29|CONE DE SINALIZACAO FLEXÍVEL DE BORRACHA NA COR LARANJA E BRANCO RESISTENTE A INTEMPÉRIES ALTURA DE 75 CM REFLETIVO|UND
43894945|1350031|303|02|2024|1|-1|LOTE NÃO INFORMADO|16781|4|AVENTAL DE SEGURANCA,CONFECCIONADO EM RASPA DE COURO, COM TIRAS E FIVELAS PARA AJUSTE, COM MANGA SOLDADOR TIPO BARBEIRO 120 X 0,60 PARA PROTECAO FRONTAL DO USUARIO CONTRA AGENTES ABRASIVOS E ESCORIAS E SERVICOS DE SOLDA EM GERAL CA IMPRESSO|UND
43894920|1350031|303|02|2024|1|-1|LOTE NÃO INFORMADO|8682|69|RESPIRADOR CONTRA POEIRAS SÓLIDAS E NÉVOAS DESCARTÁVEL CA IMPRESSO|UND
43894896|1350031|303|02|2024|1|-1|LOTE NÃO INFORMADO|532|60|ÓCULOS DE SEGURANCA COM LENTES EM POLICARBONATO INCOLOR COM TRATAMENTO ANTIRRISCO ANTIEMBACANTE E CONTRA RADIACOES ULTRAVIOLETAS POSSIBILIDADE DE MONTAGEM DE LENTES GRADUADAS POLIMÉRICAS ARMACAO NAS CORES INCOLOR OU FUMÊ HASTES TIPO ESPÁTULA COM|UND
43894912|1350031|303|02|2024|1|-1|LOTE NÃO INFORMADO|8673|47|LUVA EM PVC FORRADA COM PUNHO DE 36 CM IDEAL PARA LAVAGEM DE PECAS EM CORROSIVOS MANUSEIO DE ÁCIDOS ÓLEOS GRAXAS GORDURAS SERVICOS GERAIS DE GALVANOPLASTIA LAVAGEM DE PECAS EM DECAPANTES LUBRIFICACAO DE PECAS INSPECAO EM TANQUES DE LAVAGEM D|PAR
43894915|1350031|303|02|2024|1|-1|LOTE NÃO INFORMADO|8677|56|MÁSCARA FACIAL MODELO FULL FACE ABSOLUTE É UM RESPIRADOR DE AR DE SEGURANCA TIPO PECA FACIAL INTEIRACONFECCIONADA EM SILICONE NAS CORES AZUL OU EM NEOPRENE NA COR PRETA POSSUI UM VISOR PANORÂMICO DE VIDRO ÂMBAR OU VERDE FIXO NA MÁSCARA POR UM|UND
43894954|1350031|303|02|2024|1|-1|LOTE NÃO INFORMADO|16790|50|MACACAO PARA SANEAMENTO COM BOTAS E LUVAS ACOPLADAS MOD522 AMC REFCA 27537 TAMANHOS A SEREM DEFINIDOS NA ENTREGA|UND
43894958|1350031|303|02|2024|1|-1|LOTE NÃO INFORMADO|16813|45|LUVA DE SEGURANCA RESISTENTE AO CORTE E ALTAS TEMPERATURAS,CONFECCIONADA EM FIOS DE ARAMIDA,FIOS DE ACO, FIOS DE ELASTANO ACABAMENTO RASPA DE COURO NA PALMA|PAR
43894906|1350031|303|02|2024|1|-1|LOTE NÃO INFORMADO|8663|18|CAPA PARA CHUVA DE PVC REFORCADA COM MANGA CAPUZ COSTURA ELETRÔNICA DE BOTOES DE PLÁSTICO DE PRESSAO RECOBERTO ELÁSTICO EMBUTIDO NO PUNHO IMPERMEÁVEL FORRADA OU FORRO EM TREVIRA NA COR LARANJA COMPRIMENTO ABAIXO DOS JOELHOS COM FAIXA REFLETI|UND
43894941|1350031|303|02|2024|1|-1|LOTE NÃO INFORMADO|14941|42|LUVA DE PANO CANO CURTOPUNHO COM ELASTICOCOSTURA REFORCADA|PAR
43894952|1350031|303|02|2024|1|-1|LOTE NÃO INFORMADO|16788|37|LUVA DE BORRACHA REFORCADA CONO LONGO, TAMANHOS A SEREM DEFINIDOS NA ENTREGA|PAR
43894907|1350031|303|02|2024|1|-1|LOTE NÃO INFORMADO|8664|32|FILTRO PARA RESPIRADOR PURIFICADOR DE SEGURANCA DE AR PECA FACIAL 12 ARANHA COM 4 PONTOS DE FIXACAO DUAS VÁLVULAS DE EXALACAO QUEIXEIRA INTERNA COM FILTRO QUÍMICO E MECÂNICO COM CA IMPRESSO|UND
43894944|1350031|303|02|2024|1|-1|LOTE NÃO INFORMADO|14928|11|BOTINA DE COURO COM VAQUETA CURTIDA SOLADO EM POLIURETANO PU ANTIDERRAPANTE BIDENSIDADE COM ELASTICO NA LATERAL CANO ACOLCHOADO PRETA CA IMPRESSO|PAR
43894953|1350031|303|02|2024|1|-1|LOTE NÃO INFORMADO|16789|41|LUVA DE MALHA COM BANHO LATEX, TAMANHOS A SEREM DEFINIFOS NA ENTREGA|PAR
43894957|1350031|303|02|2024|1|-1|LOTE NÃO INFORMADO|8659|7|CA 40632DESCRICAOBOTA DE SEGURANCA CONSTITUIDA EM COURO HIDROFUGADO ANTICHAMAS, A BOTINA FORTALEZA SBP SRC E UM OTIMO CALCADO PARA QUEM DESEJA RESISTENCIA AO CALOR, ESTRUTURA COM MATERIAIS DE ALTA RESISTENCIA COM FORRACAO INTERNA COM MATERIAL POLIESTER E POLIAMIDA, TEM PROTECAO TERMICA, IMPERMEAVEL ,QUE PROPORCIONA MAIOR SEGURANCA CONTRA AGENTES LIQUIDOS CONTAMINANTES A BOTA FORTALEZA SBP SRC E CONFORTAVEL, DURAVEL E ATENDE AS NORMAS DE SEGURANCA DO TRABALHO ESPECIFICACAO TECNICAAIR FLOW100% INTEGRALFORMATO ANATOMICOSISTEMA DE SAQUE RAPIDOBIQUEIRA METAL FREEBENEFICIOSMAIOR FLUXO DE ARFORRACAO COM SISTEMA DE MEIAMACIO E CONFORTAVELPALMILHA DE POLIURETANO INJETADO COM VISCO EL|PAR
43894930|1350031|303|02|2024|1|-1|LOTE NÃO INFORMADO|13557|17|CAPA DE CHUVA TRANSPARENTE UNISEX MATERIAL PLASTICOCOMPOSICAO 100% POLIETILENOTAMANHO ÚNICO VESTE PESSOAS COM MANEQUIM 34 AO 52 POSSUI 153 DE ALTURA 76 CM DE LARGURA E 65CM DE COMPRIMENTO DE MANGA|UND
43894883|1350031|303|02|2024|1|-1|LOTE NÃO INFORMADO|1865|2|AVENTAL CONFECCIONADO EM BAGUN COM FORRO PVC FORRADO NA COR BRANCA COM 120X70CM COM CORDOES EM TECIDO PARA AJUSTE E FIXACAO NA ALTURA DA CINTURA E NO PESCOCO PRESOS AO AVENTAL ATRAVÉS DE ILHÓS|UND
43894897|1350031|303|02|2024|1|-1|LOTE NÃO INFORMADO|5751|36|LOCAO SOLAR BLOQUEADORA FPS 30 AGE CONTRA A ACAO NOCIVA DOS RAIOS ULTRAVIOLETAS DOS TIPOS UVA E UVB EMITIDAS PELAS RADIACOES SOLARES PELAS RADIACOES PROVENIENTES DE TRABALHOS COM SOLDAS ELÉTRICAS E DE OUTRAS MÁQUINAS E EQUIPAMENTOS QUE EMITAM ESTE|UND
43894902|1350031|303|02|2024|1|-1|LOTE NÃO INFORMADO|7800|38|LUVA DE LÁTEX MULTIUSO ELABORADA COM LÁTEX DA MAIS ALTA QUALIDADE MAIOR DURABILIDADE FORRADA COM A PALMA DA MAO ANTIDERRAPANTE TAMANHOS A SEREM DEFINIDOS NA ENTREGA IDEAL PARA SERVICOS DOMÉSTICOS E LIMPEZA PESADA|PAR
43894918|1350031|303|02|2024|1|-1|LOTE NÃO INFORMADO|8680|65|PROTETOR AUDITIVO TIPO CONCHA NAO CONDUTOR DE ELETRICIDADE HASTES REGULÁVEIS CA IMPRESSO|UND
43894886|1350031|303|02|2024|1|-1|LOTE NÃO INFORMADO|3982|27|COLETE DE PROTECAO DE ALTA VISIBILIDADE TANTO NO USO NOTURNO QUANTO DIURNO 100 % POLIÉSTER RETROREFLETIVO MATERIAL FLUORESCENTE REPELENTE A ÁGUA FECHAMENTO FRONTAL COM ZÍPER COM FAIXAS REFLETIVAS EM X NAS COSTAS E DUPLO H NA PARTE FRONTAL COR L|UND
43894924|1350031|303|02|2024|1|-1|LOTE NÃO INFORMADO|11518|72|SANDÁLIA OCUPACIONAL CONFECCIONADA EM EVA A ALTURA DO SALTO É ADEQUADA PROPORCIONA CONFORTO COLOCANDO SEU CORPO EM EQUILÍBRIO E ALINHAMENTO NATURAL FAZENDO COM QUE O PESO DO CORPO SEJA DISTRIBUÍDO POR IGUAL ENTRE AS PARTES TRASEIRAS E DIANTEIRAS|PAR
43894929|1350031|303|02|2024|1|-1|LOTE NÃO INFORMADO|13547|26|CINTO TIPO PARAQUEDISTA COM 3 TRÊS PONTOS DE ANCORAGEM CONFECCIONADO EM FITAS DE MATERIAL POLIÉSTER ACOLCHOADO NA CINTURA POSSUI 3 ARGOLAS EM D SENDO DUAS LOCALIZADAS NA LATERAL DO CINTURAO PARA POSICIONAMENTO E UMA DORSAL COMO PONTO DE ANCORAGEM E PROTECAO CONTRA QUEDAS CONTÉM 5 FIVELAS DE NEGATE RAPIDO SENDO DUAS PARA AJUSTE DAS PERNAS DUAS PARA AJUSTE DA PARTE SUPERIOR DO CINTO E UMA PARA CONEXAO E AJUSTE DE CINTURA POSSUI DUAS ALCAS FRONTAIS NA ALTURA DO PEITO PARA PONTO DE ANCORAGEM CONTRA QUEDAS|UND
43894931|1350031|303|02|2024|1|-1|LOTE NÃO INFORMADO|13560|74|SPRAY REPELENTE DE INSETOS PROPORCIONA ATÉ 4 HORAS DE PROTECAO CONTRA OS MOSQUITOS CULEX QUINQUEFASCIATUS PERNILONGO DOMÉSTICO AEDES AEGYPTI DENGUE FEBRE AMARELA CHIKUNGUNYA ZIKA E ANOPHELES SP MALARIA ALÉM DE EVITAR O RESSECAMENTO DA PELE LONGA DURACAO E RAPIDA ABSORCAO SUA FORMULACAO COM EXTRATOS DE CAMOMILA E ALOE VERA ESPALHA COM FACILIDADE E NAO DEIXA ASPECTO OLEOSO FRAGÂNCIA SUAVE DERMATOLOGICAMENTE TESTADO OIL FREE BIODEGRADAVEL USO DIARIO|UND
43894934|1350031|303|02|2024|1|-1|LOTE NÃO INFORMADO|13566|22|CINTA PLANA PARA ELEVACAO DE CARGA ATÉ 6 TONELADAS 6 METROS DESCRICAO 1 CINTA PARA ELEVACAO DE CARGAS INDICADA PARA ELEVACAO E MOVIMENTACAO DE CARGAS NUNCA UTILIZAR PARA TRANSPORTE E ELEVACAO DE PESSOAS OU ANIMAIS POSSUI EXCELENTE RESISTÊNCIA FLEXIBILIDADE E FACILIDADE NO MANUSEIO REDUZINDO O ESFORCO DURANTE A OPERACAO ALÉM DE OFERECER MENOR RISCO OU DANOS NA MOVIMENTACAO DE CARGAS ESPECIFICACOES CARGA DE TRABALHO DA CINTA EM ELEVACAO VERTICALDIRETA 60 T CARGA DE TRABALHO DA CINTA EM ELEVACAO FORCALACO 48 T CARGA DE TRABALHO DA CINTA EM ELEVACAO CESTOPARALELA 120 T CARGA DE TRABALHO DA|UND
43894956|1350031|303|02|2024|1|-1|LOTE NÃO INFORMADO|16792|52|MANGUITO|PAR
43894887|1350031|303|02|2024|1|-1|LOTE NÃO INFORMADO|5610|10|BOTA DE SEGURANCA CONFECCIONADA EM PVC CANO CURTO 285CM DE ALTURA BRANCA NUMERACAO A SER DEFINIDA NA ENTREGA CA IMPRESSO NO CABEDAL|PAR
43894888|1350031|303|02|2024|1|-1|LOTE NÃO INFORMADO|5745|9|BOTA DE BORRACHA EM PVC CANOLONGO PRETA SEM FORRO INTERNO COM SOLADO ANTIDERRAPANTE MEDINDO APROXIMADAMENTE 35CM CA IMPRESSO|PAR
43894908|1350031|303|02|2024|1|-1|LOTE NÃO INFORMADO|8665|33|FILTRO QUÍMICO COMBINADO PARA MÁSCARA FACIAL MODELO FULL FACE ABSOLUTE TÊM COMO ELEMENTO FILTRANTE O CARVAO ATIVO QUE PODEM SER DO TIPO A B K AB OU ABEK DEPENDENDO DO TIPO DE CONTAMINANTE OS FILTROS MECÂNICOS TÊM COMO ELEMENTO FILTRANTE UM NA|UND
43894922|1350031|303|02|2024|1|-1|LOTE NÃO INFORMADO|11016|20|CAPACETE DE SEGURANCA COM KIT PROTETOR AUDITIVO ABAFADOR DE 16 DB E PROTETOR FACIAL EM TELA|UND
43894936|1350031|303|02|2024|1|-1|LOTE NÃO INFORMADO|5607|39|LUVA DE LATEX NATURAL E NEOPRENE FLOCADA ANTIDESLIZANTE COMPOSTA DE BORRACHA DE LATEX NATURAL COM REVESTIMENTO INTERNO REFORCADA COM SUPERFÍCIE EXTERNA ANTIDERRAPANTE TANTO NA PALMA DA MAO QUANTO NA PONTA DOS DEDOS CANO LONGO CA IMPRESSOTAMANHOS A DEFINIR NA ENTREGA|PAR
43894948|1350031|303|02|2024|1|-1|LOTE NÃO INFORMADO|16784|19|CAPACETE DE SGURANCA PARA BOMBEIROS COM PREVENCAO DE FOLHAS EM ALUMINIO, ELE PODE PROTEGER SEU ROSTO, QUEIXO,ORELHAS E PESCOCO EM SITUACOES PERIGOSAS, ALTA RESISTENCIA, ANTICHOQUE, ANTIPERFURACAO,RETARDADOR DE CHAMAS,RESISTENTE AO CALOR, IMPACTOS,ANTIEMBACANTE,ANTIUVO REVESTIMENTO DO CAPACETE E FEITO DE PLASTICO ABS REFORCADO,MATERIAL COMPOSTO DE FOLHA DE ALUMINIO POSSUINDO UM BOTAO NA PARTE DE TRAS DO CAPACETE QUE PODE SER AJUSTADO DE ACORDO COM O TAMANHO DA CABECA ESPECIFICACAO COR AMARELO MATERIAL DA CASCA>PLASTICO ABS REFORCADO|UND
43894903|1350031|303|02|2024|1|-1|LOTE NÃO INFORMADO|8657|67|PROTETOR SOLAR UV FPS 60 AGE CONTRA A ACAO NOCIVA DOS RAIOS ULTRAVIOLETAS DOS TIPOS UVA E UVB EMITIDOS PELAS RADIACOES SOLARES PELAS RADIACOES PROVENIENTES DE TRABALHOS COM SOLDAS ELÉTRICAS E DE OUTRAS MÁQUINAS E EQUIPAMENTOS QUE EMITAM ESTAS RADIAC|UND
43894898|1350031|303|02|2024|1|-1|LOTE NÃO INFORMADO|8403|54|MÁSCARA DE SOLDA ESCURECIMENTO AUTOMÁTICO|UND
43894904|1350031|303|02|2024|1|-1|LOTE NÃO INFORMADO|8660|8|BOTA DE BORRACHA EM PVC CANO LONGO BRANCA MEDINDO APROXIMADAMENTE 35 CM NUMERACAO A SER DETERMINADA NA ENTREGA CA IMPRESSO|PAR
43894955|1350031|303|02|2024|1|-1|LOTE NÃO INFORMADO|16791|51|MACACAO RF NR10 OFFSHORE PADRAO PETROBRAS RISCO 1 E 2 C FAIXA REFLETIVA CINZA RETARDANTE A CHAMA ANTICHAMA CONTRA ARCO ELETRICO E FOGO REPENTINO FLASH FIRE DETALHES TECNICOS APROVACOES E NORMAS CERTIFICADO DE ANALISE CONCEDIDO PELO MTE MINISTERIO DO TRABALHO NR 6 NR10 CA 38585 ASTM F1930 ASTM F2621 ASTM D6413 ASTM F1959 ASTM F1506 NFPA 70E NFPA 2112 MACACAO CA 38585 TECIDO FR 100% ALGODAO 8OZ 290 GM² RETARDANTE A CHAMAS ATPV 10,7 CALCM2 INDICADO PARA QUALQUER TRABALHO OFFSHORE, PLATAFORMAS, INDUSTRIAS QUIMICAS, SERVICOS COM EXIGENCIA DE PADRAO PETROBRAS, TRABALHO COM ELETRICIDADE, BEM COMO TRABALHOS EM AMBIENTES COM MATERIAIS INFLAMAVEIS COMO COMBUSTIVEIS E GASES I|UND
43894938|1350031|303|02|2024|1|-1|LOTE NÃO INFORMADO|14931|1|AVENTAL ANTICHAMAS AVENTAL TÉRMICO PARA PROTECAO CONTRA ALTAS TEMPERATURAS E CHAMAS PARA TRABALHO EM COZINHA INDUSTRIAL SENDO DE FACIL HIGIENIZACAO E CONFORTAVEL LARGURA MEDIDAS 120 X 070 M COM DEBRUM EM TODA A VOLTA E AJUSTE PARA O PESCOCO|UND
43894893|1350031|303|02|2024|1|-1|LOTE NÃO INFORMADO|5755|70|RESPIRADOR PARA VAPORES ORGÂNICOS RESPIRADOR PURIFICADOR DE AR TIPO PECA SEMIFACIAL FILTRANTE PARA PARTÍCULAS NO FORMATO TIPO CONCHA APRESENTANDO FACE EXTERNA NA COR CINZA E INTERNA BRANCA COM SOLDA TÉRMICA EM TODO SEU PERÍMETRO CARACTERÍSTICAS|UND
43894926|1350031|303|02|2024|1|-1|LOTE NÃO INFORMADO|13212|40|LUVA DE LÁTEX NAO ESTÉRIL BRANCA CAIXA CONTENDO 100 PARES TAMANHOS A SEREM DEFINIDOS NA ENTREGA|CX
43894891|1350031|303|02|2024|1|-1|LOTE NÃO INFORMADO|535|73|SAPATO DE SEGURANCA CONFECCIONADO EM VAQUETA NAPA DE ALTA QUALIDADE COM CURTIMENTO ATRAVESSADO 18 MM LINHAS DE ESPESSURA HIDROFUGADO FORRO EM TECIDO ANTIMICROBIANO COM ALTA RESPIRABILIDADE FORRO DA GÁSPEA EM POLIÉSTER ABSORVENTE COM ALTA CONF|PAR
43894939|1350031|303|02|2024|1|-1|LOTE NÃO INFORMADO|14936|46|LUVA DE VAQUETA LUVA DE PROTECAOSEGURANCA COM CINCO DEDOS CONFECCIONADA EM VAQUETA COM REFORCO INTERNO NA PALMA PRESENCA DE ELASTICO NO PUNHO PARA AJUSTE INDICADA PARA PROTECAO DAS MAOS EM SERVICOS GERAIS COMO MANUSEIO DE AGENTES ABRASIVOS DENTRE OUTROS|PAR
43894932|1350031|303|02|2024|1|-1|LOTE NÃO INFORMADO|13564|23|CINTO PARA ROCADEIRAMATERIAL DO CINTO NYLON FACILITA OS TRABALHOS DE LONGA DURACAO POIS OFERECE MAIOR LIBERDADE DE LOCOMOCAO DURANTE O USO DA MAQUINA POSSUI SISTEMA DE AJUSTE QUE PERMITE A REGULAGEM DA ROCADEIRA GARANTINDO MAIOR ERGONOMIA E CONFORTO DURANTE O TRABALHO INDEPENDENTE DA ALTURA DO OPERADOR|UND
43894916|1350031|303|02|2024|1|-1|LOTE NÃO INFORMADO|8678|58|MOCHILA COSTAL EM LONA FORMATO RETANGULAR COM DIVISÓRIAS INTERNAS BOLSO EXTERNO FECHAMENTO TIPO ENVELOPE|UND
43894940|1350031|303|02|2024|1|-1|LOTE NÃO INFORMADO|14940|3|AVENTAL DE SEGURANCA CONFECCIONADO EM RASPA DE COURO COM TIRAS E FIVELAS PARA AJUSTE SEM MANGA PARA PROTECAO FRONTAL DO USUARIO CONTRA AGENTES ABRASIVOS E ESCORIANTES E SERVICOS DE SOLDA EM GERAL CA IMPRESSO|UND
43894890|1350031|303|02|2024|1|-1|LOTE NÃO INFORMADO|5747|30|CONJUNTO DE SEGURANCA CONFECCIONADO EM TECIDO MISTO 50¿% ALGODAO E 50% POLIÉSTER COMTRATAMENTO HIDRORREPELENTE COMPOSTO DE CAMISA E CALCA CAMISA MANGA LONGA MODELO FECHADO PIERRE FRONTAL COM FECHAMENTO EM VELCRO GOLA CARECA MANGA RAGLA BORDA|UND
43894894|1350031|303|02|2024|1|-1|LOTE NÃO INFORMADO|5756|71|RESPIRADOR PURIFICADOR DE AR DE SEGURANCA TIPO FACIAL 14 CA IMPRESSO|UND
43894901|1350031|303|02|2024|1|-1|LOTE NÃO INFORMADO|8658|68|PROTETOR SOLAR UV FPS 60 COM REPELENTE DE INSETOS PROTEGE A PELE DOS EFEITOS NOCIVOS DAS RADIACOES UVA E UVB E REPELE A ACAO DE MOSQUITOS COMO O AEDES AEGYPTI AGENTE TRANSMISSOR DA DENGUE O ATIVO COM ACAO REPELENTE É INODORO A FÓRMULA PROPORCIO|UND
43894943|1350031|303|02|2024|1|-1|LOTE NÃO INFORMADO|14944|31|FILTRO DE RESPIRADOR DE VAPOR ORGÂNICO 100¿% PVCUTILIZADO PARA DESENGORDURAMENTO FORJAS FUNDICOES OPERACOES DE TRATAMENTO A CALORFABRICACAO DE PAPELFUSAOMANUFATURA EM BORRACHAMANUFATURA E USO DE ADESIVOSLIMPEZA A SECOMANUFATURA E APLICACAO DE PESTICIDASTRATAMENTO DE MADEIRA E DE PRODUTOS DE MADEIRAMANUFATURA E USO DE TINTA PARA ESCRITAIMPRESSAOIMPRESSAOMANUFATURA DE PREPARADOS COSMÉTICOSPERFUMES E PRODUTOS FARMACÊUTICOSALVEJAMENTO DE FARINHAAGRICULTURASETOR DE TABACOMINERACAOTRANSPORTES EM CAMINHOESMANUFATURA DE TELHAS E PRODUTOS DE ASFALTOUSINAS PETROQUÍMICAS|UND
43894951|1350031|303|02|2024|1|-1|LOTE NÃO INFORMADO|16787|35|KIT CINTO 5 PONTOS COM ACESSORIOS TRABLAHO A ALTURA, COM 01 CINTO PARAQUEDISTA ABDOMINAL 5 PONTOS 01 TALABARTE DUPLO COM ABS 01 TRAVA QUEDAS 02 FITAS DE ANCORAGEM 120 CM 01 TALABARTE DE POSICIONAMENTO EM CORDA COM REGULADOR ACO INOX 01 ROLO DE CORDA DE 50 METROS|KIT
43894914|1350031|303|02|2024|1|-1|LOTE NÃO INFORMADO|8676|55|MÁSCARA DESCARTÁVEL DUPLA COM ELÁSTICO CONFECCIONADA EM TNT CAIXA CONTENDO 100 UNIDADES|CX
43894910|1350031|303|02|2024|1|-1|LOTE NÃO INFORMADO|8668|43|LUVA DE RASPA CANO CURTO COM COSTURAS REFORCADAS MEDINDO 7 CM CA IMPRESSO|PAR
43894950|1350031|303|02|2024|1|-1|LOTE NÃO INFORMADO|16786|25|CINTO REFLETOR TIPO COLETE REFLETIVO|UND
43894925|1350031|303|02|2024|1|-1|LOTE NÃO INFORMADO|11647|63|PERNEIRA DE SEGURANCA CONFECCIONADA EM DUAS CAMADAS DE LAMINADO DE PVC TRÊS TALAS DE POLIPROPILENO NA PARTE FRONTAL FECHAMENTO NAS BORDAS POR MEIO DE VIÉS EM MATERIAL SINTÉTICO FECHAMENTO EM VELCRO CA IMPRESSO|UND
43894927|1350031|303|02|2024|1|-1|LOTE NÃO INFORMADO|13323|59|ÓCULOS DE SEGURANCA AMPLA VISAO COM LENTES DE PROTECAO EM POLICARBONATO 24MM DE ESPESSURA COM TRATAMENTO ANTIRISCO ANTIEMBACANTE E UV VENTILACAO INDIRETA ARMACAO EM SILICONE E ELÁSTICO DE MEMÓRIA AJUSTÁVEL|UND
43894949|1350031|303|02|2024|1|-1|LOTE NÃO INFORMADO|16785|24|CINTO PARAQUEDISTA ABDOMINAL COM CONECCAO VENTRAL COMPLETO COM TALABARTE DUPLO Y ABS CA 38065|UND
43894928|1350031|303|02|2024|1|-1|LOTE NÃO INFORMADO|13324|53|MÁSCARA BALACLAVA ANTICHAMA CAPUZ TIPO BALACLAVA PARA PROTECAO DA CABECA E PESCOCO CONTRA RISCOS DE CHAMA E FLASH DE FOGO CONFECCIONADA EM MALHA DE FIBRA DE METAARAMIDA DE 300 GRM2 POSSUI ABAS E ABERTURA PARCIAL QUE PODE SER UTILIZADA COMO TOTAL PARA USO SIMULTÂNEO COM OUTROS EPIS COMO ÓCULOS CONTRA RADIACAO INFRAVERMELHA E ULTRAVIOLETA VESTIMENTAS CONTRA CHAMAS E FAGULHAS QUENTES LUVAS COMBATE A INCÊNDIOS|UND
43894935|1350031|303|02|2024|1|-1|LOTE NÃO INFORMADO|13617|75|TAPETE SANITIZANTE HIGIENIZADOR PARA OS PÉS ALIADO NO COMBATE À VIRUS E BACTÉRIAS FABRICADO EM MATERIAL IMPERMEAVEL ALTURA 40 CM E LARGURA 60 CM|UND
43894921|1350031|303|02|2024|1|-1|LOTE NÃO INFORMADO|10392|14|CALCADO DE SEGURANCA FEMININO NA COR PRETA CONFECCIONADO EM COURO NATURAL COSTURAS EM ALTO RELEVO POSSUI ZÍPER NAS LATERAIS PARA FACILITAR O CALCE O CABEDAL SEMPRE EM COURO E PALMILHA ULTRA MACIA QUE GARANTE A ABSORCAO DE TRANSPIRACAO E IMPACTOS|PAR
43894889|1350031|303|02|2024|1|-1|LOTE NÃO INFORMADO|5746|12|BOTINA NOBUCK DE SEGURANCA COM FECHAMENTO EM CADARCO CANO ACOLCHOADO CABEDAL CONFECCIONADO EM COURO CURTIDO AO CROMO SOLADO BI DENSIDADE INJETADO AO CABEDAL COR MARRON|PAR
43894946|1350031|303|02|2024|1|-1|LOTE NÃO INFORMADO|16782|6|BONE TOUCA ARABE BRIM CINZA BONE DE SEGURANCA CONFECCIONADO EM TECIDO BRIM100% ALGODAO,FECHAMENTO ATRAVE DE TIRAS AUTO COLANTES PARA FECHAMENTO FRONTAL E SAIA TIPO ARABE ATE OS OMBROS APROVADO PARA PROTECAO DO CRANIO E PESCOCO DO USUARIO CONTRA AGENTES ABRASIVOS E ESCORIANTES CA 44963|UND
43894911|1350031|303|02|2024|1|-1|LOTE NÃO INFORMADO|8671|44|LUVA DE RASPA CANO CURTO COM COSTURAS REFORCADAS MEDINDO DE 15 A 20 CM CA IMPRESSO|PAR
43894959|1350031|303|02|2024|1|-1|LOTE NÃO INFORMADO|16814|57|MASCARA DE PROTECAO CONTRA PO,SEM VALVULA CA 14102|UND
43894905|1350031|303|02|2024|1|-1|LOTE NÃO INFORMADO|8662|16|CAPA DE CHUVA PARA SAMU BLUSA IMPERMEÁVEL CONFECCIONADA EM NYLON EMBORRACHADO NA COR LARANJA COM FORRACAO INTERNA EM TELA DE POLIÉSTER MACIO COM MANGAS COMPRIDAS TENDO ELÁSTICO E VELCRO NAS EXTREMIDADES PARA AJUSTE AO PUNHO E IMPEDIR A ENTRADA DE|UND
43894885|1350031|303|02|2024|1|-1|LOTE NÃO INFORMADO|3535|13|CALCADO DE SEGURANCA EM COURO CANO CURTO ACOLCHOADO COM CADARCO|PAR
44945396|1380838|303|02|2024|6|-1|LOTE NÃO INFORMADO|17242|1|CONTRATACAO DE EMPRESA ESPECIALIZADA EM CONSTRUCAO CIVIL, PARA EXECUCAO DA OBRA DE PAVIMENTACAO ASFALTICA EM CONCRETO BETUMINOSO USINADO A QUENTE CBUQ NA RUA JOAQUIM GONCALVES DE BARROS, BAIRRO BONSUCESSO, COM DRENAGEM SUPERFICIAL POR SARJETA, FORNECIMENTO DE MATERIAL E MAO DEOBRA NECESSARIOS PARA EXECUTAR A PAVIMENTACAO, CONFORME PLANO DE TRABALHO DEVIDAMENTE APROVADO PELO ESTADO DE MINAS GERAIS POR INTERMEDIO DA SECRETARIA DE ESTADO DE INFRAESTRUTURA,MOBILIDADE E PARCERIAS NO TERMO DE CONVENIO DE SAIDA N°13010000592024 SEINFRA|SRV
44945394|1380837|303|02|2024|6|26|LOTE 26|17014|26|FORMULA PEDIATRICA HIPERCALORICA 1,5 KCALML FRASCO DE 200ML|FR
44945376|1380837|303|02|2024|6|13|LOTE 13|11446|13|FÓRMULA INFANTIL SEMIELEMENTAR E HIPOALERGÊNICA À BASE DE PROTEÍNA EXTENSAMENTE HIDROLISADA DE SORO DO LEITE TCM ÓLEOS VEGETAIS DE MORTIERELLA ALPINA E DE PEIXE MALTODEXTRINA VITAMINAS MINERAIS NUCLEOTÍDEOS E OLIGOELEMENTOS ISENTO DE LACTOS|LA
44945384|1380837|303|02|2024|6|17|LOTE 17|15753|17|FÓRMULA HIPERCALÓRICA E HIPERPROTEICA RESTRITA EM ELETRÓLITOSFÓSFORO POTASSIO E SÓDIO DE APORTE HÍDRICO REDUZIDO UNIDAD4ES INDIVIDUAIS CONTENDO 200 MLISENTA DE SACAROSE|FR
44945381|1380837|303|02|2024|6|20|LOTE 20|14098|20|DIETA ENTERAL INDUSTRIALIZADA 15 KCALML ISENTA DE FIBRAS EMBALAGEM 01 LITRO SISTEMA ABERTO|LIT
44945380|1380837|303|02|2024|6|18|LOTE 18|14097|18|DIETA ENTERAL INDUSTRIALIZADA 12 KCALML ISENTA DE FIBRAS EMBALAGEM 01 LITRO SISTEMA ABERTO|LIT
44945393|1380837|303|02|2024|6|5|LOTE 5|16028|5|FORMULA INFANTIL EM PO 0 A 6 MESES COMPOSICAO PRODUTO EM PO DESTINADO A ALIMENTACAO DE LACTENTES, DE 0 A 6 MESES DE VIDA OU ATE O 5° MES DE VIDA, ATENDENDO AS RECOMENDACOES NUTRICIONAIS PARA ESTE GRUPO ETARIO, OBTIDO MEDIANTE PROCESSOS TECNOLOGICAMENTE ADEQUADOS O PRODUTO DEVERA TER MALTODEXTRINA, LEITE DE VACA DESNATADO FONTE PROTEICA, OLEINA DE PALMA, OLEO DE PALMISTE, OLEO DE CANOLA, OLEO DE MILHO, LECITINA DE SOJA, VITAMINAS VITAMINA C, TAURINA, VITAMINA E, VITAMINA PP, PANTOTEONATO DE CALCIO, VITAMINA A, VITAMINA B6, VITAMINA B1, VITAMINA D3, VITAMINA B2, ACIDO FOLICO, VITAMINA K1, BIOTINA, VITAMINA B12, MINERAIS SULFATO FERROSO, SULFATO DE ZINCO, SULFATO DE COBRE LATA DE 400|LA
44945397|1380839|303|02|2024|6|-1|LOTE NÃO INFORMADO|17228|1|IMPLANTACAO CAPACITACAO INICIAL PRESENCIAL CAPACITACAO CONTINUADA APOIO EDUCACIONAL CONTRATACAO DE AGENTES EDUCACIONAIS MATERIAL DIDATICO MATERIAL COMPLEMENTAR LABORATORIOS|HRS
44945382|1380837|303|02|2024|6|1|LOTE 1|14099|1|DIETA ENTERAL NORMOCALÓRICA NORMOPROTEICA NORMOLIPÍDICA COM 12 KCALML COMPOSTO POR 100 % DE PROTEÍNA DA SOJA ISENTA DE FIBRAS EMBALAGEM 1 LITRO SISTEMA ABERTO|LA
44945378|1380837|303|02|2024|6|12|LOTE 12|8890|12|FÓRMULA INFANTIL PARA LACTENTES E DE SEGUIMENTO PARA LACTENTES DESTINADA A NECESSIDADES DIETOTERÁPICAS ESPECÍFICAS À BASE DE PROTEÍNA EXTENSAMENTE HIDROLISADA COM DHA E ARA CONTEÚDO DA EMBALAGEM 400 OU 450 GRAMAS|LA
44945374|1380837|303|02|2024|6|9|LOTE 9|11441|9|ALIMENTO PARA SITUACOES METABÓLICAS ESPECIAIS PARA NUTRICAO ENTERAL OU PARA USO ORAL PARA ESTADO DE TOLERÂNCIA ANORMAL À GLICOSE FORMULADO ESPECIALMENTE PARA PESSOAS COM DIABETES SABOR BAUNILHA FRASCO 200 ML|FR
44945383|1380837|303|02|2024|6|11|LOTE 11|16029|11|FÓRMULA INFANTIL EM PÓ A PARTIR DO 6° MÊS COMPOSICAO PRODUTO EM PÓ DESTINADO À ALIMENTACAO DE LACTENTES A PARTIR DO 6° MÊS DE VIDA ATENDENDO ÀS RECOMENDACOES NUTRICIONAIS PARA ESTE GRUPO ETARIO OBTIDO MEDIANTE PROCESSOS TECNOLOGICAMENTE ADEQUADOS O PRODUTO DEVERA SER ACRESCIDO DE LEITE DE VACA DESNATADO FONTE PROTÉICA MALTODEXTRINA OLEÍNA DE PALMA ÓLEO DE PALMISTE ÓLEO DE CANOLA ÓLEO DE MILHO MINERAIS SULFATO FERROSO SULFATO DE ZINCO SULFATO DE COBRE IODETO DE POTASSIO LECITINA DE SOJA VITAMINAS VITAMINA C VITAMINA PP VITAMINA E PANTOTEONATO DE CALCIO VITAMINA A VITAMINA B6 VITAMINA B1 VITAMINA D3 VITAMINA B2 ACIDO FÓLICO VITAMINA K1 BIOTINA VITAMINA B12|LA
44945370|1380837|303|02|2024|6|8|LOTE 8|6415|8|LEITE NAN AR - 400 GRS|UND
44945388|1380837|303|02|2024|6|24|LOTE 24|15751|24|SUPLEMENTO INFANTIL HIPERCALORICO, COM 1,5 KCALML, COM NUTRIENTES QUE CONTRIBUEM PARA RECUPERAR A NUTRICAO DE CRIANCAS DE 3 A 10 ANOS DE IDADE CONTEM 29 VITAMINAS E MINERAIS, OFERECE MAIS ENERGIA EM MENOR VOLUME PARA RAPIDA RECUPERACAO NUTRICIONAL E E ISENTO DE LACTOSENAO CONTEM GLUTEN OBS FORTINIPLUS,LATA DE 400 G|LA
44945373|1380837|303|02|2024|6|7|LOTE 7|4735|7|LEITE NAN 1 LATA COM 400G|LA
44945386|1380837|303|02|2024|6|23|LOTE 23|15755|23|SUPLEMENTO ALIMENTAR INDICADO PARA PESSOAS ACIMA DE 50 ANOS QUE NECESSITAM DE DIETAS COM RESTRICAO DE LACTOSE RICO EM CALCIO FERRO FÓSFORO ZINCO COBRE SELÊNIO VITAMINAS DEB6K ACIDO FÓLICO FRASCO DE 200 ML|FR
44945366|1380835|303|02|2024|6|1|LOTE 1|13778|1|RACAO PARA GATO ADULTO APRESENTACAO EM EMBALAGEM FECHADA DE FABRICA DE 25 KG LIVRE DE CORANTES E AROMATIZANTES ARTIFICIAIS PRECISA CONTER OS SEGUINTES NÍVEIS DE GARANTIA PROTEÍNA BRUTA MIN 3436% 340360GKG MAX 1012% 100120GKG EXTRATO ETÉREO MÍN8512% 85120GKG MATÉRIA FIBROSA MAX 4550% 4550GKG MATÉRIA MINERAL MAX 7085% 7085GKG CALCIO MAX 1316% 1316GKG CALCIO MÍN 0809% 80009000MGKG FÓSFORO MÍN 0708% 70008000 MGKG POTASSIO MÍN 0506% 50006000MGKG SÓDIO MÍN 02503% 25003000 MGKG TAURINA MÍN 01015% 10001500MGKG METIONINA MÍN 0609% 60009000MGKG CARNITINA MÍN 001002% 100200MGKG|PCT
44945367|1380835|303|02|2024|6|1|LOTE 1|13780|2|RACAO PARA CACHORRO ADULTO APRESENTACAO EM EMBALAGEM FECHADA DE FABRICA DE 25 KG LIVRE DE CORANTES E AROMATIZANTES ARTIFICIAIS PRECISA CONTER OS SEGUINTES NÍVEIS DE GARANTIA PROTEÍNA BRUTA MIN 2223% 220230GKG UMIDADE MAX 1012% 100120GKG EXTRATO ETÉREO MÍN8012% 80120GKG MATÉRIA FIBROSA MAX 3035% 3035GKG MATÉRIA MINERAL MAX 7512% 75120GKG CALCIO MAX 1624% 1624GKG CALCIO MÍN 0810% 800010000MGKG FÓSFORO MÍN 0610% 600010000 MGKG POTASSIO MÍN 0506% 50006000MGKG SÓDIO MÍN 0203% 20003000 MGKG ÔMEGA 3 MÍN 01503% 15003000MGKG ÔMEGA 6 MÍN 1824% 1824GKG ENERGIA METABOLIZAVEL 35003900 KC|PCT
44945371|1380837|303|02|2024|6|27|LOTE 27|7539|27|DIETA ENTERAL ISOSOURCE SOYA|LT
44945368|1380836|303|02|2024|6|-1|LOTE NÃO INFORMADO|17241|1|CONTRATACAO DE EMPRESA ESPECIALIZADA EM CONSTRUCAO CIVIL, PARA EXECUCAO DA OBRA DE PAVIMENTACAO ASFALTICA EM CONCRETO BETUMINOSO USINADO A QUENTECBUQ NAS RUAS 1,5 E 7 DO BAIRRO VISTA DA SERRA, COM DRENAGEM SUPERFICIAL POR SARJETA, FORNECIMENTO DE MATERIAL E MAO DE OBRA NECESSARIOS PARA EXECUTAR A PAVIMENTACAO, CONFORME PLANO DE TRABALHO DEVIDAMENTE APROVADO PELO ESTADO DE MINAS GERAIS POR INTERMEDIO DA SECRETARIA DE ESTADO DE INFRAESTRUTURA, MOBILIDADE E PARCERIAS NO TERMO DE CONVENIO DE SAIDA N° 13010000582024 SEINFRA|SRV
44945387|1380837|303|02|2024|6|25|LOTE 25|16894|25|ALIMENTO PARA NUTRICAO ENTERAL,ESPECIALMENTE FORMULADO PARA CRIANCAS,SEMIELEMENTAR,NORMOCALORICO,A BASE DE PROTEINA HIDROLISADA DO SORO DO LEITE, COM 46% TCM,ENRIQUECIDO COM VITAMINAS,MINERAIS E O EXCLUSIVO MIX DE CAROTENOIDESBAIXA OSMOLARIDADEISENTO DE SACAROSE,LACTOSENAO CONTEM GLUTENOBS NUTRINI PEPTI DANONE,E A UNICA TOLERADA PELA PACIENTE,RECOMENDADA PELA NUTRICIONISTAPACK 500 ML|FR
44945391|1380837|303|02|2024|6|2|LOTE 2|14100|2|DIETA EM PO PARA NUTRICAO ENTERAL OU ORAL NORMOCALORICA, NORMOPROTEICA, SEM LACTOSE E SEM GLUTEN PARA CRIANCAS DE 1 A 10 ANOSLATA DE 400 GR|LA
44945372|1380837|303|02|2024|6|16|LOTE 16|8894|16|DIETA ALIMENTO NUTRICIONALMENTE COMPLETO PARA NUTRICAO ENTERAL OU ORAL HIPOSSÓDICO SEM SACAROSE À BASE DE PROTEÍNA ISOLADA DE SOJA RICA EM ISOFLAVONAS NORMOCALÓRICO NA DILUICAO PADRAO ISENTO DE SACAROSE E LACTOSE LATA DE 800G|LA
44945379|1380837|303|02|2024|6|4|LOTE 4|10296|4|FÓRMULA INFANTIL ISENTA DE LACTOSE PARA LACTANTES MENORES DE UM ANO DE IDADE LATA CONTENDO 400 GRAMAS|LA
44945395|1380837|303|02|2024|6|14|LOTE 14|17065|14|FORMULA LIQUIDA NUTRICIONALMENTE COMPLETA, BALANCEADA, HIPERCALORICA, NORMOPROTEICA E NORMOLIPIDICA, PARA ALIMENTACAO ORAL OU ENTERAL, OFERECENDO UMA FONTE CONCENTRADA DE CALORIAS 1,5 KCALML SABOR BAUNILHA CONTEUDO DA EMBALAGEM 200 ML|FR
44945385|1380837|303|02|2024|6|22|LOTE 22|15754|22|COMPLEMENTO NUTRICIONAL DE VITAMINAS E MINERAIS RICO EM FIBRAS HIPERCALÓRICO HIPERPROTEICO E SEM ADICAO DE ACÚCARES CONTÊM ACIDOS GRAXOS ESSENCIAISEPADHAINDICADO PARA IDADE ACIMA DE 50 ANOS LATA 370G|LA
44945390|1380837|303|02|2024|6|3|LOTE 3|11444|3|DIETA NUTRICIONALMENTE COMPLETA, PARA NUTRICAO ENTERAL OU ORAL, COM 100% DE PROTEINA DA SOJA, COM 1,2KCALML, CONTENDO 17 GLITRO DE FIBRAS CONTEUDO DA EMBALAGEM 1 UM LITROSISTEMA ABERTO|LIT
44945369|1380837|303|02|2024|6|10|LOTE 10|4700|10|DIETA ENTERAL INDUSTRIALIZADA FORMULADA PARA SITUACOES METABÓLICAS ESPECIAIS FORMULADO PARA AUXÍLIO AO CONTROLE GLICÊMICO CONTEÚDO DA EMBALAGEM 1 LITRO|LT
44945375|1380837|303|02|2024|6|6|LOTE 6|11445|6|FÓRMULA INFANTIL PARA LACTENTES ATÉ SEIS MESES DE VIDA COM ÓLEOS VEGETAIS E FIBRAS CÁLCIO FERRO ZINCO VITAMINAS E MINERAIS CONTEÚDO DA EMBALAGEM 800 G|LA
44945389|1380837|303|02|2024|6|21|LOTE 21|11442|21|DIETA PARA NUTRICAO ENTERAL OU ORAL, NORMOCALORICO, COM 1,0 KCALML, NA DILUICAO PADRAO, ISENTA DE GLUTEN, LACTOSE E COLESTEROL LATA DE 400G|LA
44945392|1380837|303|02|2024|6|15|LOTE 15|15752|15|DIETA NORMOCALORICA E NORMOPROTEICA, RICA EM VITAMINAS E SAIS MINERAIS CONTEM SACAROSE E DERIVADOS DE LEITE E DE SOJA, NAO CONTEM GLUTEN ENSURE LATA 400 GR|LA
44945377|1380837|303|02|2024|6|19|LOTE 19|13231|19|SUPLEMENTO NUTRICIONAL ORAL COMPLETO HIPERCALÓRICO 32 KCALML HIPERPROTEICO 20 % ENERGIA E BAIXO TEOR EM FIBRA COM ELEVADO TEOR DE VITAMINA D CLINICAMENTE ISENTO DE LACTOSE ISENTO DE GLUTEN FRASCO DE 125 ML|FR
44941111|1380675|304|03|2024|6|2|LOTE 2|6016|5|PRESTACAO DE SERVICO DE LOCACAO DE VEICULO MODELO COMPACTO, TIPO FIAT UNO, FORD KA, HB20 OU SIMILAR, MINIMO DE MOTOR 10, CAPACIDADE PARA 05 OCUPANTES, MOTOR FLEX, ANO MINIMO DE FABRICACAO 2019, DIRECAO HIDRAULICA, RADIO AMFM, AR CONDICIONADO|SV
44941110|1380675|304|03|2024|6|2|LOTE 2|6015|4|PRESTACAO DE SERVICO DE LOCACAO DE VEICULOS TIPO PICAPE, MODELO STRADA, OROCH, MONTANA, SAVEIRO OU SIMILAR, MINIMO DE MOTOR 14, CAPACIDADE PARA 05 OCUPANTES, MOTOR FLEX, CABINE DUPLA, 4 PORTAS PARA PASSAGEIROS, DIRECAOO HIDRAULICA, RADIO AMFM, ANO MINIMO DE FABRICACAO 2017 CAPACIDADE MINIMA DE CARGA DE 600 KG CARGA UTIL, AR CONDICIONADO|SV
44941114|1380676|304|03|2024|6|1|LOTE 1|2768|1|CAFE EM PO TRADICIONAL 500 GR EMBALAGENS COM ATMOSFERA PROTETORA 100% SELADA|UNIDADE
44941108|1380675|304|03|2024|6|2|LOTE 2|6013|2|PRESTACAO DE SERVICO DE LOCACAO DE VEICULOS MODELO CAMINHONETE L200 OU SIMILAR, A DIESEL, 4X4, CAPACIDADE PARA 05 OCUPANTES, RADIO AMFM, DIRECAO HIDRAULICA, CAPACIDADE MINIMA DE CARGA DE 1000 KG CARGA UTIL, COM ADAPTADOR PARA REBOQUE, COM ARCONDICIONADO, SEM CONDUTOR|SV
44941109|1380675|304|03|2024|6|2|LOTE 2|6014|3|PRESTACAO DE SERVICO DE LOCACAO DE VEICULO TIPO PICAPE, MODELO STRADA, MONTANA, SAVEIRO OU SIMILAR, MINIMO DE MOTOR 14, CAPACIDADE PARA DOIS OCUPANTES MOTORFLEX, CABINE SIMPLES, DIRECAO HIDRAULICA, RADIO AMFM, CAPACIDADE MINIMA DE CARGA DE 600 KG CARGA UTIL, AR CONDICIONADO|SV
44941113|1380676|304|03|2024|6|2|LOTE 2|2767|2|ACUCAR EMBALAGEM DE 05 KG|UNIDADE
44941112|1380675|304|03|2024|6|1|LOTE 1|6012|1|PRESTACAO DE SERVICOS DE LOCACAO DE VEICULO TIPO PICAPE, MODELO STRADA, OROCH, MONTANA, SAVEIRO OU SIMILAR, MINIMO DE MOTOR 14, , FLEX, CABINE DUPLA, COM ABASTECIMENTO E MOTORISTA PELA CONTRATADA|KM
44941115|1380676|304|03|2024|6|3|LOTE 3|5939|3|LEITE INTEGRAL EM EMBALAGEM DE 1 LITRO|LT
