seq_gasto_veic|seq_veiculo|seq_orgao|cod_orgao|seq_empenho|seq_rsp|num_ano_referencia|num_mes_referencia|dsc_ori_gasto|num_marc_inicial|num_marc_final|dsc_tipo_gasto|num_quant_utilizada|vlr_gasto|dsc_especificacao
95496661|872062|304|03|130069067|-1|2024|8|2 - ABASTECIMENTO EM POSTO / COMÉRCIO|42028|42405|2 - GASOLINA (LITRO)|44.244|278.29|ID 1241 GASOLINA COMUM
95496662|872058|304|03|130069067|-1|2024|8|2 - ABASTECIMENTO EM POSTO / COMÉRCIO|23727|24778|2 - GASOLINA (LITRO)|49.606|312.02|ID 1256 GASOLINA COMUM
95496663|872063|304|03|130069067|-1|2024|8|2 - ABASTECIMENTO EM POSTO / COMÉRCIO|67153|67889|4 - DIESEL (LITRO)|40.0|259.6|ID 1235 OLEO DIESEL S10
95496664|872062|304|03|130069067|-1|2024|8|2 - ABASTECIMENTO EM POSTO / COMÉRCIO|42028|42405|2 - GASOLINA (LITRO)|47.929|301.47|ID 1252 GASOLINA COMUM
95496665|872064|304|03|130069067|-1|2024|8|2 - ABASTECIMENTO EM POSTO / COMÉRCIO|39729|39950|2 - GASOLINA (LITRO)|53.169|334.43|ID 1236 GASOLINA COMUM
95496666|872061|304|03|130069067|-1|2024|8|2 - ABASTECIMENTO EM POSTO / COMÉRCIO|39292|39914|2 - GASOLINA (LITRO)|31.426|197.66|ID 1233 GASOLINA COMUM
95496667|773754|304|03|130069067|-1|2024|8|2 - ABASTECIMENTO EM POSTO / COMÉRCIO|63148|64183|2 - GASOLINA (LITRO)|35.243|221.67|ID 1237 GASOLINA COMUM
95496668|773747|304|03|130069067|-1|2024|8|2 - ABASTECIMENTO EM POSTO / COMÉRCIO|186511|187143|2 - GASOLINA (LITRO)|36.365|228.73|ID 1257 GASOLINA COMUM
95496669|794457|304|03|130069067|-1|2024|8|2 - ABASTECIMENTO EM POSTO / COMÉRCIO|0|0|2 - GASOLINA (LITRO)|28.457|179.0|ID 1248 GASOLINA COMUM
95496670|773747|304|03|130069067|-1|2024|8|2 - ABASTECIMENTO EM POSTO / COMÉRCIO|186511|187143|2 - GASOLINA (LITRO)|38.077|239.5|ID 1244 GASOLINA COMUM
95496671|773760|304|03|130069067|-1|2024|8|2 - ABASTECIMENTO EM POSTO / COMÉRCIO|0|0|2 - GASOLINA (LITRO)|40.0|251.6|ID 1238 GASOLINA COMUM
95496672|773760|304|03|130069067|-1|2024|8|2 - ABASTECIMENTO EM POSTO / COMÉRCIO|0|0|2 - GASOLINA (LITRO)|39.171|246.38|ID 1259 GASOLINA COMUM
95496673|872058|304|03|130069067|-1|2024|8|2 - ABASTECIMENTO EM POSTO / COMÉRCIO|23727|24778|2 - GASOLINA (LITRO)|32.024|201.43|ID 1234 GASOLINA COMUM
95496674|773754|304|03|130069067|-1|2024|8|2 - ABASTECIMENTO EM POSTO / COMÉRCIO|63148|64183|2 - GASOLINA (LITRO)|36.492|229.53|ID 1232 GASOLINA COMUM
95496675|773747|304|03|130069067|-1|2024|8|2 - ABASTECIMENTO EM POSTO / COMÉRCIO|186511|187143|2 - GASOLINA (LITRO)|33.636|211.57|ID 1251 GASOLINA COMUM
95496676|872063|304|03|130069067|-1|2024|8|2 - ABASTECIMENTO EM POSTO / COMÉRCIO|67153|67889|4 - DIESEL (LITRO)|40.0|260.09|ID 1253 OLEO DIESEL S10
95496677|773754|304|03|130069067|-1|2024|8|2 - ABASTECIMENTO EM POSTO / COMÉRCIO|63148|64183|2 - GASOLINA (LITRO)|26.282|165.31|ID 1258 GASOLINA COMUM
95496678|872058|304|03|130069067|-1|2024|8|2 - ABASTECIMENTO EM POSTO / COMÉRCIO|23727|24778|2 - GASOLINA (LITRO)|41.057|258.24|ID 1246 GASOLINA COMUM
95496679|872061|304|03|130069067|-1|2024|8|2 - ABASTECIMENTO EM POSTO / COMÉRCIO|39292|39914|2 - GASOLINA (LITRO)|45.178|284.16|ID 1254 GASOLINA COMUM
95496680|872062|304|03|130069067|-1|2024|8|2 - ABASTECIMENTO EM POSTO / COMÉRCIO|42028|42405|2 - GASOLINA (LITRO)|30.0|188.7|ID 1240 GASOLINA COMUM
95496681|872064|304|03|130069067|-1|2024|8|2 - ABASTECIMENTO EM POSTO / COMÉRCIO|39729|39950|2 - GASOLINA (LITRO)|53.315|335.35|ID 1250 GASOLINA COMUM
95496682|872062|304|03|130069067|-1|2024|8|2 - ABASTECIMENTO EM POSTO / COMÉRCIO|42028|42405|2 - GASOLINA (LITRO)|40.0|251.6|ID 1255 GASOLINA COMUM
95496683|872063|304|03|130069067|-1|2024|8|2 - ABASTECIMENTO EM POSTO / COMÉRCIO|67153|67889|4 - DIESEL (LITRO)|40.0|259.6|ID 1242 OLEO DIESEL S10
95496684|872064|304|03|130069067|-1|2024|8|2 - ABASTECIMENTO EM POSTO / COMÉRCIO|39729|39950|2 - GASOLINA (LITRO)|57.898|345.3|ID 1249 GASOLINA COMUM
95496685|773754|304|03|130069067|-1|2024|8|2 - ABASTECIMENTO EM POSTO / COMÉRCIO|63148|64183|2 - GASOLINA (LITRO)|41.492|260.98|ID 1247 GASOLINA COMUM
95496686|773754|304|03|130069067|-1|2024|8|2 - ABASTECIMENTO EM POSTO / COMÉRCIO|63148|64183|2 - GASOLINA (LITRO)|32.211|202.6|ID 1245 GASOLINA COMUM
95496687|872061|304|03|130069067|-1|2024|8|2 - ABASTECIMENTO EM POSTO / COMÉRCIO|39292|39914|2 - GASOLINA (LITRO)|40.0|251.6|ID 1239 GASOLINA COMUM
95496688|872061|304|03|130069067|-1|2024|8|2 - ABASTECIMENTO EM POSTO / COMÉRCIO|39292|39914|2 - GASOLINA (LITRO)|35.659|224.29|ID 1243 GASOLINA COMUM
97308431|773754|304|03|136257038|-1|2024|12|2 - ABASTECIMENTO EM POSTO / COMÉRCIO|67717|68151|2 - GASOLINA (LITRO)|116.147|723.39|GASOLINA COMUM
97308432|872063|304|03|136257038|-1|2024|12|2 - ABASTECIMENTO EM POSTO / COMÉRCIO|72120|72702|4 - DIESEL (LITRO)|146.971|968.53|OLEO DIESEL S10
97308433|922680|304|03|136257038|-1|2024|12|2 - ABASTECIMENTO EM POSTO / COMÉRCIO|43108|43491|2 - GASOLINA (LITRO)|164.777|1024.89|GASOLINA COMUM
97308434|773760|304|03|136257038|-1|2024|12|2 - ABASTECIMENTO EM POSTO / COMÉRCIO|0|0|2 - GASOLINA (LITRO)|164.536|1023.4|GASOLINA COMUM
97308435|872058|304|03|136257038|-1|2024|12|2 - ABASTECIMENTO EM POSTO / COMÉRCIO|30725|31194|2 - GASOLINA (LITRO)|73.128|454.85|GASOLINA COMUM
97308436|922678|304|03|136257038|-1|2024|12|2 - ABASTECIMENTO EM POSTO / COMÉRCIO|65678|66134|2 - GASOLINA (LITRO)|96.994|603.29|GASOLINA COMUM
97308437|773747|304|03|136257038|-1|2024|12|2 - ABASTECIMENTO EM POSTO / COMÉRCIO|189731|189731|2 - GASOLINA (LITRO)|36.259|225.53|GASOLINA COMUM
95501966|774593|303|02|131735173|-1|2024|8|2 - ABASTECIMENTO EM POSTO / COMÉRCIO|66021|67855|2 - GASOLINA (LITRO)|49.89|318.8|ID 38893 GASOLINA
95501962|774609|303|02|130415126|-1|2024|8|2 - ABASTECIMENTO EM POSTO / COMÉRCIO|212829|213666|8 - PEÇAS|1.0|45.0|OS 194832_1 CD 58 LAMPADA H7
95501963|774609|303|02|130415126|-1|2024|8|2 - ABASTECIMENTO EM POSTO / COMÉRCIO|212829|213666|8 - PEÇAS|1.0|35.0|OS 194832_1 CD 6 FILTRO DE OLEO
95501964|774587|303|02|130415126|-1|2024|8|2 - ABASTECIMENTO EM POSTO / COMÉRCIO|228202|230453|8 - PEÇAS|2.0|360.0|OS 194833_1 CD 1452 MOLA DA SUSPENSAO TRASEIRA
95501965|774638|303|02|127231175|-1|2024|8|2 - ABASTECIMENTO EM POSTO / COMÉRCIO|71439|73212|9 - SERVIÇOS|1.0|3844.8|OS 194368_1 PLOTAGEMREPAROS MOTORBANCOPORTASLUBR
95501967|774594|303|02|127231175|-1|2024|8|2 - ABASTECIMENTO EM POSTO / COMÉRCIO|40226|40698|8 - PEÇAS|1.0|290.0|OS 194839_1 CD 329 KIT CORREIA COM TENSOR
95501968|774544|303|02|130415126|-1|2024|8|2 - ABASTECIMENTO EM POSTO / COMÉRCIO|66179|68232|2 - GASOLINA (LITRO)|23.02|147.1|ID 38838 GASOLINA
95501969|774623|303|02|131735173|-1|2024|8|2 - ABASTECIMENTO EM POSTO / COMÉRCIO|35940|37315|4 - DIESEL (LITRO)|123.78|828.09|ID 38898 DIESEL S10
95501970|774579|303|02|130415126|-1|2024|8|2 - ABASTECIMENTO EM POSTO / COMÉRCIO|107042|110843|4 - DIESEL (LITRO)|40.78|272.82|ID 38612 DIESEL S10
95501971|774593|303|02|124390409|-1|2024|8|2 - ABASTECIMENTO EM POSTO / COMÉRCIO|66021|67855|2 - GASOLINA (LITRO)|42.57|272.02|ID 38693 GASOLINA
95501972|774638|303|02|127231175|-1|2024|8|2 - ABASTECIMENTO EM POSTO / COMÉRCIO|71439|73212|8 - PEÇAS|1.0|296.8|OS 194368_1 CD 66 FILTRO RACOR
95501973|774650|303|02|124390409|-1|2024|8|2 - ABASTECIMENTO EM POSTO / COMÉRCIO|0|0|4 - DIESEL (LITRO)|122.5|819.52|ID 38673 DIESEL S10
95501974|774563|303|02|124390415|-1|2024|8|2 - ABASTECIMENTO EM POSTO / COMÉRCIO|91896|92847|2 - GASOLINA (LITRO)|19.75|126.2|ID 38739 GASOLINA
95501975|774554|303|02|124390415|-1|2024|8|2 - ABASTECIMENTO EM POSTO / COMÉRCIO|22229|25114|2 - GASOLINA (LITRO)|39.69|253.62|ID 38744 GASOLINA
95501976|774547|303|02|130415126|-1|2024|8|2 - ABASTECIMENTO EM POSTO / COMÉRCIO|44675|48735|2 - GASOLINA (LITRO)|34.85|222.69|ID 38667 GASOLINA
95501977|774621|303|02|131735173|-1|2024|8|2 - ABASTECIMENTO EM POSTO / COMÉRCIO|102185|103500|4 - DIESEL (LITRO)|228.49|1528.6|ID 38880 DIESEL S10
95501978|774650|303|02|131735173|-1|2024|8|2 - ABASTECIMENTO EM POSTO / COMÉRCIO|0|0|4 - DIESEL (LITRO)|124.74|834.51|ID 38847 DIESEL S10
95501979|774623|303|02|131735173|-1|2024|8|2 - ABASTECIMENTO EM POSTO / COMÉRCIO|35940|37315|4 - DIESEL (LITRO)|183.31|1226.34|ID 38899 DIESEL S10
95501980|774557|303|02|124390411|-1|2024|8|2 - ABASTECIMENTO EM POSTO / COMÉRCIO|292050|292974|2 - GASOLINA (LITRO)|18.78|120.0|ID 38751 GASOLINA
95501981|774545|303|02|124390411|-1|2024|8|2 - ABASTECIMENTO EM POSTO / COMÉRCIO|213620|213809|8 - PEÇAS|1.0|90.0|OS 202657_1 CD 61 PIVO INFERIOR LADO DIREITO
95501982|774568|303|02|130415126|-1|2024|8|2 - ABASTECIMENTO EM POSTO / COMÉRCIO|216080|216466|9 - SERVIÇOS|1.0|600.0|OS 200804_1 TROCA DO EIXO DIFERENCIAL
95501983|774554|303|02|124390415|-1|2024|8|2 - ABASTECIMENTO EM POSTO / COMÉRCIO|22229|25114|2 - GASOLINA (LITRO)|41.24|263.52|ID 38579 GASOLINA
95501984|774584|303|02|130415126|-1|2024|8|2 - ABASTECIMENTO EM POSTO / COMÉRCIO|59671|61794|4 - DIESEL (LITRO)|55.28|298.5|ID 38785 DIESEL S10
95501985|774541|303|02|130415126|-1|2024|8|2 - ABASTECIMENTO EM POSTO / COMÉRCIO|67211|70214|2 - GASOLINA (LITRO)|15.15|96.81|ID 38652 GASOLINA
95501986|774541|303|02|130415126|-1|2024|8|2 - ABASTECIMENTO EM POSTO / COMÉRCIO|67211|70214|2 - GASOLINA (LITRO)|18.98|121.32|ID 38827 GASOLINA
95501987|774609|303|02|130415126|-1|2024|8|2 - ABASTECIMENTO EM POSTO / COMÉRCIO|212829|213666|6 - ÓLEO LUBRIFICANTE (LITRO)|1.0|42.0|ID 38724 OS 198319_1 CD 1007 OLEO PARA CAIXA DE CA
95501988|774623|303|02|124390409|-1|2024|8|2 - ABASTECIMENTO EM POSTO / COMÉRCIO|35940|37315|4 - DIESEL (LITRO)|148.91|996.21|ID 38697 DIESEL S10
95501989|850639|303|02|131735173|-1|2024|8|2 - ABASTECIMENTO EM POSTO / COMÉRCIO|2416|2416|4 - DIESEL (LITRO)|125.68|840.8|ID 38904 DIESEL S10
95501990|774539|303|02|127231212|-1|2024|8|2 - ABASTECIMENTO EM POSTO / COMÉRCIO|131631|131631|2 - GASOLINA (LITRO)|49.61|317.01|ID 38602 GASOLINA
95501991|774587|303|02|130415126|-1|2024|8|2 - ABASTECIMENTO EM POSTO / COMÉRCIO|228202|230453|2 - GASOLINA (LITRO)|54.66|349.28|ID 38806 GASOLINA
95501992|774536|303|02|127231212|-1|2024|8|2 - ABASTECIMENTO EM POSTO / COMÉRCIO|141593|141593|2 - GASOLINA (LITRO)|55.31|353.43|ID 38601 GASOLINA
95501993|774544|303|02|130415126|-1|2024|8|2 - ABASTECIMENTO EM POSTO / COMÉRCIO|66179|68232|2 - GASOLINA (LITRO)|19.54|124.86|ID 38836 GASOLINA
95501997|774554|303|02|131735182|-1|2024|8|2 - ABASTECIMENTO EM POSTO / COMÉRCIO|22229|25114|9 - SERVIÇOS|1.0|310.0|OS 204283_1 TROCA DE PNEUSPASTILHAALINHAR E BALANC
95501994|774558|303|02|130415126|-1|2024|8|2 - ABASTECIMENTO EM POSTO / COMÉRCIO|90369|92282|6 - ÓLEO LUBRIFICANTE (LITRO)|4.0|312.0|ID 38918 OS 202453_1 CD 671 OLEO MOTOR 5W40
95501995|774547|303|02|130415126|-1|2024|8|2 - ABASTECIMENTO EM POSTO / COMÉRCIO|44675|48735|2 - GASOLINA (LITRO)|38.04|249.16|ID 38671 GASOLINA
95501996|774609|303|02|130415126|-1|2024|8|2 - ABASTECIMENTO EM POSTO / COMÉRCIO|212829|213666|2 - GASOLINA (LITRO)|54.18|346.26|ID 38623 GASOLINA
95501998|872489|303|02|131735173|-1|2024|8|2 - ABASTECIMENTO EM POSTO / COMÉRCIO|0|0|2 - GASOLINA (LITRO)|121.95|779.3|ID 38865 GASOLINA
95501999|774554|303|02|131735182|-1|2024|8|2 - ABASTECIMENTO EM POSTO / COMÉRCIO|22229|25114|8 - PEÇAS|1.0|149.0|OS 204283_1 CD 417 PASTILHA DE FREIO DIANTEIRA
95502000|774611|303|02|131735173|-1|2024|8|2 - ABASTECIMENTO EM POSTO / COMÉRCIO|0|0|4 - DIESEL (LITRO)|54.94|367.55|ID 38858 DIESEL S10
95502001|774573|303|02|131735173|-1|2024|8|2 - ABASTECIMENTO EM POSTO / COMÉRCIO|92569|95913|2 - GASOLINA (LITRO)|44.57|284.8|ID 38920 GASOLINA
95502002|774652|303|02|124390411|-1|2024|8|2 - ABASTECIMENTO EM POSTO / COMÉRCIO|8260|8260|4 - DIESEL (LITRO)|53.13|355.44|ID 38753 DIESEL S10
95502003|774551|303|02|124390409|-1|2024|8|2 - ABASTECIMENTO EM POSTO / COMÉRCIO|193207|193207|2 - GASOLINA (LITRO)|14.7|93.93|ID 38683 GASOLINA
95502004|774644|303|02|127231175|-1|2024|8|2 - ABASTECIMENTO EM POSTO / COMÉRCIO|82866|85001|4 - DIESEL (LITRO)|121.96|815.91|ID 38589 DIESEL S10
95502005|774558|303|02|130415126|-1|2024|8|2 - ABASTECIMENTO EM POSTO / COMÉRCIO|90369|92282|8 - PEÇAS|1.0|49.0|OS 202453_1 CD 6 FILTRO DE OLEO
95502006|774623|303|02|131735173|-1|2024|8|2 - ABASTECIMENTO EM POSTO / COMÉRCIO|35940|37315|4 - DIESEL (LITRO)|161.91|1083.18|ID 38900 DIESEL S10
95502007|774638|303|02|130415127|-1|2024|8|2 - ABASTECIMENTO EM POSTO / COMÉRCIO|71439|73212|4 - DIESEL (LITRO)|89.59|599.36|ID 38759 DIESEL S10
95502008|774558|303|02|130415126|-1|2024|8|2 - ABASTECIMENTO EM POSTO / COMÉRCIO|90369|92282|8 - PEÇAS|2.0|360.0|OS 194835_1 CD 61 PIVO INFERIOR LADO DIREITO
95502009|774588|303|02|130415126|-1|2024|8|2 - ABASTECIMENTO EM POSTO / COMÉRCIO|192557|194530|2 - GASOLINA (LITRO)|33.96|217.0|ID 38624 GASOLINA
95502010|774584|303|02|130415126|-1|2024|8|2 - ABASTECIMENTO EM POSTO / COMÉRCIO|59671|61794|4 - DIESEL (LITRO)|54.84|336.71|ID 38615 DIESEL S10
95502011|774541|303|02|130415126|-1|2024|8|2 - ABASTECIMENTO EM POSTO / COMÉRCIO|67211|70214|2 - GASOLINA (LITRO)|19.8|126.52|ID 38825 GASOLINA
95502012|774547|303|02|130415126|-1|2024|8|2 - ABASTECIMENTO EM POSTO / COMÉRCIO|44675|48735|8 - PEÇAS|1.0|275.0|OS 201124_1 CD 417 PASTILHA DE FREIO DIANTEIRA
95502013|774567|303|02|124390411|-1|2024|8|2 - ABASTECIMENTO EM POSTO / COMÉRCIO|60333|60568|2 - GASOLINA (LITRO)|24.07|153.81|ID 38580 GASOLINA
95502014|774621|303|02|124390409|-1|2024|8|2 - ABASTECIMENTO EM POSTO / COMÉRCIO|102185|103500|4 - DIESEL (LITRO)|185.29|1239.59|ID 38688 DIESEL S10
95502015|774543|303|02|124390417|-1|2024|8|2 - ABASTECIMENTO EM POSTO / COMÉRCIO|140783|140876|2 - GASOLINA (LITRO)|15.65|100.0|ID 38571 GASOLINA
95502016|774557|303|02|124390411|-1|2024|8|2 - ABASTECIMENTO EM POSTO / COMÉRCIO|292050|292974|8 - PEÇAS|1.0|1225.0|OS 197623_1 CD 598 MOTOR DE PARTIDA
95502017|774644|303|02|130415127|-1|2024|8|2 - ABASTECIMENTO EM POSTO / COMÉRCIO|82866|85001|4 - DIESEL (LITRO)|107.75|720.85|ID 38764 DIESEL S10
95502018|774558|303|02|130415126|-1|2024|8|2 - ABASTECIMENTO EM POSTO / COMÉRCIO|90369|92282|8 - PEÇAS|1.0|49.0|OS 202453_1 CD 1270 FILTRO DE AR DA CABINE
95502019|774560|303|02|130415126|-1|2024|8|2 - ABASTECIMENTO EM POSTO / COMÉRCIO|23657|23657|2 - GASOLINA (LITRO)|45.76|292.41|ID 38664 GASOLINA
95502020|774544|303|02|130415126|-1|2024|8|2 - ABASTECIMENTO EM POSTO / COMÉRCIO|66179|68232|2 - GASOLINA (LITRO)|26.33|168.25|ID 38658 GASOLINA
95502021|774626|303|02|124390409|-1|2024|8|2 - ABASTECIMENTO EM POSTO / COMÉRCIO|4434|6450|4 - DIESEL (LITRO)|64.22|429.63|ID 38729 DIESEL S10
95502022|774595|303|02|130415126|-1|2024|8|2 - ABASTECIMENTO EM POSTO / COMÉRCIO|205429|205429|8 - PEÇAS|2.0|240.0|OS 201173_1 CD 123 COXIM AMORTECEDOR DIANTEIRO
95502023|774650|303|02|124390409|-1|2024|8|2 - ABASTECIMENTO EM POSTO / COMÉRCIO|0|0|4 - DIESEL (LITRO)|97.83|654.48|ID 38679 DIESEL S10
95502024|774544|303|02|130415126|-1|2024|8|2 - ABASTECIMENTO EM POSTO / COMÉRCIO|66179|68232|2 - GASOLINA (LITRO)|23.49|150.1|ID 38837 GASOLINA
95502025|774650|303|02|131735173|-1|2024|8|2 - ABASTECIMENTO EM POSTO / COMÉRCIO|0|0|4 - DIESEL (LITRO)|104.89|701.71|ID 38852 DIESEL S10
95502026|872490|303|02|127231184|-1|2024|8|2 - ABASTECIMENTO EM POSTO / COMÉRCIO|0|0|2 - GASOLINA (LITRO)|18.75|119.85|ID 38746 GASOLINA
95502027|774609|303|02|130415126|-1|2024|8|2 - ABASTECIMENTO EM POSTO / COMÉRCIO|212829|213666|6 - ÓLEO LUBRIFICANTE (LITRO)|3.0|120.0|ID 38716 OS 194832_1 CD 103 OLEO 15W40
95502028|774571|303|02|127231212|-1|2024|8|2 - ABASTECIMENTO EM POSTO / COMÉRCIO|209497|209497|2 - GASOLINA (LITRO)|38.54|246.27|ID 38776 GASOLINA
95502029|774657|303|02|131735173|-1|2024|8|2 - ABASTECIMENTO EM POSTO / COMÉRCIO|0|0|4 - DIESEL (LITRO)|218.1|1459.09|ID 38872 DIESEL S10
95502030|774657|303|02|124390409|-1|2024|8|2 - ABASTECIMENTO EM POSTO / COMÉRCIO|0|0|4 - DIESEL (LITRO)|174.72|1168.88|ID 38685 DIESEL S10
95502031|774615|303|02|124390417|-1|2024|8|2 - ABASTECIMENTO EM POSTO / COMÉRCIO|0|0|2 - GASOLINA (LITRO)|20.0|127.8|ID 38569 GASOLINA
95502032|774585|303|02|130415126|-1|2024|8|2 - ABASTECIMENTO EM POSTO / COMÉRCIO|186242|187752|6 - ÓLEO LUBRIFICANTE (LITRO)|3.0|144.0|ID 38721 OS 194966_1 CD 80 OLEO MOTOR 5W30
95502033|774644|303|02|127231175|-1|2024|8|2 - ABASTECIMENTO EM POSTO / COMÉRCIO|82866|85001|99 - OUTROS|1.0|268.0|OS 196107_1 CD 559 ADITIVO DE COMBUSTIVEL ARLA 32
95502034|774584|303|02|130415126|-1|2024|8|2 - ABASTECIMENTO EM POSTO / COMÉRCIO|59671|61794|4 - DIESEL (LITRO)|6.67|40.96|ID 38786 DIESEL S10
95502035|774556|303|02|124390415|-1|2024|8|2 - ABASTECIMENTO EM POSTO / COMÉRCIO|1747|2101|2 - GASOLINA (LITRO)|31.16|199.11|ID 38740 GASOLINA
95502036|774640|303|02|127231175|-1|2024|8|2 - ABASTECIMENTO EM POSTO / COMÉRCIO|36610|36610|9 - SERVIÇOS|1.0|2856.0|OS 194628_1 REVISAOPLOTAGEMLAVAGEMFUNILARIA
95502037|774595|303|02|130415126|-1|2024|8|2 - ABASTECIMENTO EM POSTO / COMÉRCIO|205429|205429|8 - PEÇAS|1.0|398.0|OS 201173_1 CD 146 AMORTECEDOR DIANTEIRO LE
95502041|774547|303|02|130415126|-1|2024|8|2 - ABASTECIMENTO EM POSTO / COMÉRCIO|44675|48735|9 - SERVIÇOS|1.0|220.0|OS 194840_1 TROCA DE PNEUSALINHAR E BALANCEAR
95502038|774658|303|02|131735173|-1|2024|8|2 - ABASTECIMENTO EM POSTO / COMÉRCIO|0|0|4 - DIESEL (LITRO)|135.57|906.96|ID 38857 DIESEL S10
95502039|774594|303|02|127231175|-1|2024|8|2 - ABASTECIMENTO EM POSTO / COMÉRCIO|40226|40698|8 - PEÇAS|1.0|1250.0|OS 194839_1 CD 120 SETOR DE DIRECAO
95502040|774579|303|02|130415126|-1|2024|8|2 - ABASTECIMENTO EM POSTO / COMÉRCIO|107042|110843|4 - DIESEL (LITRO)|26.77|179.09|ID 38613 DIESEL S10
95502042|774558|303|02|130415126|-1|2024|8|2 - ABASTECIMENTO EM POSTO / COMÉRCIO|90369|92282|99 - OUTROS|2.0|996.0|OS 194835_1 CD 1210 PNEU 18565 R14
95502043|774547|303|02|130415126|-1|2024|8|2 - ABASTECIMENTO EM POSTO / COMÉRCIO|44675|48735|2 - GASOLINA (LITRO)|17.56|115.02|ID 38670 GASOLINA
95502044|774547|303|02|130415126|-1|2024|8|2 - ABASTECIMENTO EM POSTO / COMÉRCIO|44675|48735|2 - GASOLINA (LITRO)|37.78|247.46|ID 38843 GASOLINA
95502045|872489|303|02|131735173|-1|2024|8|2 - ABASTECIMENTO EM POSTO / COMÉRCIO|0|0|4 - DIESEL (LITRO)|200.0|1318.0|ID 38861 DIESEL S10
95502046|774650|303|02|131735173|-1|2024|8|2 - ABASTECIMENTO EM POSTO / COMÉRCIO|0|0|4 - DIESEL (LITRO)|146.73|981.62|ID 38848 DIESEL S10
95502047|774619|303|02|131735173|-1|2024|8|2 - ABASTECIMENTO EM POSTO / COMÉRCIO|28530|30032|4 - DIESEL (LITRO)|177.0|1184.13|ID 38883 DIESEL S10
95502048|774594|303|02|127231175|-1|2024|8|2 - ABASTECIMENTO EM POSTO / COMÉRCIO|40226|40698|6 - ÓLEO LUBRIFICANTE (LITRO)|3.0|135.0|ID 38705 OS 194839_1 CD 80 OLEO MOTOR 5W30
95502049|774579|303|02|130415126|-1|2024|8|2 - ABASTECIMENTO EM POSTO / COMÉRCIO|107042|110843|4 - DIESEL (LITRO)|31.89|213.34|ID 38780 DIESEL S10
95502050|774545|303|02|124390411|-1|2024|8|2 - ABASTECIMENTO EM POSTO / COMÉRCIO|213620|213809|8 - PEÇAS|2.0|150.0|OS 202657_1 CD 184 BIELETA
95502051|774650|303|02|131735173|-1|2024|8|2 - ABASTECIMENTO EM POSTO / COMÉRCIO|0|0|4 - DIESEL (LITRO)|87.07|582.5|ID 38853 DIESEL S10
95502052|774626|303|02|124390409|-1|2024|8|2 - ABASTECIMENTO EM POSTO / COMÉRCIO|4434|6450|4 - DIESEL (LITRO)|62.27|416.59|ID 38732 DIESEL S10
95502053|774558|303|02|130415126|-1|2024|8|2 - ABASTECIMENTO EM POSTO / COMÉRCIO|90369|92282|8 - PEÇAS|2.0|200.0|OS 194835_1 CD 1678 BUCHA LEQUE DIANTEIRO
95502054|774547|303|02|130415126|-1|2024|8|2 - ABASTECIMENTO EM POSTO / COMÉRCIO|44675|48735|2 - GASOLINA (LITRO)|37.46|245.36|ID 38846 GASOLINA
95502055|774558|303|02|130415126|-1|2024|8|2 - ABASTECIMENTO EM POSTO / COMÉRCIO|90369|92282|8 - PEÇAS|1.0|199.0|OS 194835_1 CD 417 PASTILHA DE FREIO DIANTEIRA
95502056|774558|303|02|130415126|-1|2024|8|2 - ABASTECIMENTO EM POSTO / COMÉRCIO|90369|92282|2 - GASOLINA (LITRO)|49.08|323.44|ID 38824 GASOLINA
95502057|774588|303|02|130415126|-1|2024|8|2 - ABASTECIMENTO EM POSTO / COMÉRCIO|192557|194530|8 - PEÇAS|1.0|185.0|OS 194834_1 CD 97 BOMBA D AGUA
95502058|774555|303|02|124390411|-1|2024|8|2 - ABASTECIMENTO EM POSTO / COMÉRCIO|121490|121706|2 - GASOLINA (LITRO)|38.19|244.03|ID 38584 GASOLINA
95502059|774638|303|02|127231175|-1|2024|8|2 - ABASTECIMENTO EM POSTO / COMÉRCIO|71439|73212|4 - DIESEL (LITRO)|63.47|424.61|ID 38595 DIESEL S10
95502060|774609|303|02|130415126|-1|2024|8|2 - ABASTECIMENTO EM POSTO / COMÉRCIO|212829|213666|8 - PEÇAS|1.0|10.0|OS 194832_1 CD 86 BUJAO CARTER
95502061|774541|303|02|130415126|-1|2024|8|2 - ABASTECIMENTO EM POSTO / COMÉRCIO|67211|70214|2 - GASOLINA (LITRO)|13.68|87.42|ID 38650 GASOLINA
95502062|774545|303|02|124390411|-1|2024|8|2 - ABASTECIMENTO EM POSTO / COMÉRCIO|213620|213809|8 - PEÇAS|2.0|70.0|OS 202657_1 CD 144 BATENTE SUSPENSAO AMORTECEDOR D
95502063|774542|303|02|127231212|-1|2024|8|2 - ABASTECIMENTO EM POSTO / COMÉRCIO|246111|247307|2 - GASOLINA (LITRO)|18.36|117.32|ID 38606 GASOLINA
95502064|774577|303|02|130415126|-1|2024|8|2 - ABASTECIMENTO EM POSTO / COMÉRCIO|49221|49734|4 - DIESEL (LITRO)|52.0|321.86|ID 38663 DIESEL S10
95502065|774579|303|02|130415126|-1|2024|8|2 - ABASTECIMENTO EM POSTO / COMÉRCIO|107042|110843|4 - DIESEL (LITRO)|33.81|226.19|ID 38609 DIESEL S10
95502066|774573|303|02|130415126|-1|2024|8|2 - ABASTECIMENTO EM POSTO / COMÉRCIO|92569|95913|9 - SERVIÇOS|1.0|20.0|OS 198543_1 TROCA DE LAMPADA
95502067|774568|303|02|130415126|-1|2024|8|2 - ABASTECIMENTO EM POSTO / COMÉRCIO|216080|216466|2 - GASOLINA (LITRO)|14.97|95.66|ID 38798 GASOLINA
95502068|872489|303|02|131735173|-1|2024|8|2 - ABASTECIMENTO EM POSTO / COMÉRCIO|0|0|2 - GASOLINA (LITRO)|20.0|127.8|ID 38871 GASOLINA
95502069|774609|303|02|130415126|-1|2024|8|2 - ABASTECIMENTO EM POSTO / COMÉRCIO|212829|213666|9 - SERVIÇOS|1.0|940.0|OS 197220_1 FUNILARIA
95502070|774557|303|02|124390411|-1|2024|8|2 - ABASTECIMENTO EM POSTO / COMÉRCIO|292050|292974|2 - GASOLINA (LITRO)|15.65|100.0|ID 38587 GASOLINA
95502071|774630|303|02|130415127|-1|2024|8|2 - ABASTECIMENTO EM POSTO / COMÉRCIO|89499|89499|4 - DIESEL (LITRO)|50.08|335.04|ID 38755 DIESEL S10
95502072|774589|303|02|130415126|-1|2024|8|2 - ABASTECIMENTO EM POSTO / COMÉRCIO|72184|74496|2 - GASOLINA (LITRO)|28.42|181.6|ID 38643 GASOLINA
95502073|774638|303|02|127231175|-1|2024|8|2 - ABASTECIMENTO EM POSTO / COMÉRCIO|71439|73212|8 - PEÇAS|1.0|230.0|OS 194368_1 CD 72 FILTRO DE AR SECUNDARIO
95502074|774541|303|02|130415126|-1|2024|8|2 - ABASTECIMENTO EM POSTO / COMÉRCIO|67211|70214|2 - GASOLINA (LITRO)|20.69|132.22|ID 38654 GASOLINA
95502075|774573|303|02|130415126|-1|2024|8|2 - ABASTECIMENTO EM POSTO / COMÉRCIO|92569|95913|2 - GASOLINA (LITRO)|31.89|203.78|ID 38636 GASOLINA
95502076|774579|303|02|130415126|-1|2024|8|2 - ABASTECIMENTO EM POSTO / COMÉRCIO|107042|110843|4 - DIESEL (LITRO)|23.0|153.87|ID 38781 DIESEL S10
95502077|774567|303|02|124390411|-1|2024|8|2 - ABASTECIMENTO EM POSTO / COMÉRCIO|60333|60568|9 - SERVIÇOS|1.0|90.0|OS 198303_1 MONTAGEM DE PNEUS E BALANCEAMENTO
95502078|774587|303|02|130415126|-1|2024|8|2 - ABASTECIMENTO EM POSTO / COMÉRCIO|228202|230453|8 - PEÇAS|1.0|8.0|OS 194833_1 CD 125 LAMPADA 01 POLO
95502079|774587|303|02|130415126|-1|2024|8|2 - ABASTECIMENTO EM POSTO / COMÉRCIO|228202|230453|8 - PEÇAS|2.0|20.0|OS 194833_1 CD 140 LAMPADA 2 POLOS
95502080|774587|303|02|130415126|-1|2024|8|2 - ABASTECIMENTO EM POSTO / COMÉRCIO|228202|230453|2 - GASOLINA (LITRO)|43.48|299.58|ID 38631 GASOLINA
95502081|774543|303|02|124390417|-1|2024|8|2 - ABASTECIMENTO EM POSTO / COMÉRCIO|140783|140876|2 - GASOLINA (LITRO)|15.65|100.0|ID 38736 GASOLINA
95502085|774615|303|02|124390417|-1|2024|8|2 - ABASTECIMENTO EM POSTO / COMÉRCIO|0|0|2 - GASOLINA (LITRO)|35.02|223.7|ID 38734 GASOLINA
95502082|774547|303|02|130415126|-1|2024|8|2 - ABASTECIMENTO EM POSTO / COMÉRCIO|44675|48735|2 - GASOLINA (LITRO)|37.73|247.13|ID 38922 GASOLINA
95502083|774615|303|02|124390417|-1|2024|8|2 - ABASTECIMENTO EM POSTO / COMÉRCIO|0|0|2 - GASOLINA (LITRO)|10.0|63.9|ID 38735 GASOLINA
95502084|774577|303|02|130415126|-1|2024|8|2 - ABASTECIMENTO EM POSTO / COMÉRCIO|49221|49734|4 - DIESEL (LITRO)|48.29|323.06|ID 38662 DIESEL S10
95502086|774589|303|02|130415126|-1|2024|8|2 - ABASTECIMENTO EM POSTO / COMÉRCIO|72184|74496|2 - GASOLINA (LITRO)|24.2|154.64|ID 38639 GASOLINA
95502087|774542|303|02|127231212|-1|2024|8|2 - ABASTECIMENTO EM POSTO / COMÉRCIO|246111|247307|2 - GASOLINA (LITRO)|30.75|196.36|ID 38603 GASOLINA
95502088|774557|303|02|124390411|-1|2024|8|2 - ABASTECIMENTO EM POSTO / COMÉRCIO|292050|292974|2 - GASOLINA (LITRO)|18.78|120.0|ID 38752 GASOLINA
95502089|774591|303|02|130415126|-1|2024|8|2 - ABASTECIMENTO EM POSTO / COMÉRCIO|234340|235350|2 - GASOLINA (LITRO)|39.96|255.34|ID 38808 GASOLINA
95502090|774621|303|02|131735173|-1|2024|8|2 - ABASTECIMENTO EM POSTO / COMÉRCIO|102185|103500|4 - DIESEL (LITRO)|241.67|1616.77|ID 38881 DIESEL S10
95502091|774547|303|02|130415126|-1|2024|8|2 - ABASTECIMENTO EM POSTO / COMÉRCIO|44675|48735|2 - GASOLINA (LITRO)|31.52|206.46|ID 38665 GASOLINA
95502092|774547|303|02|130415126|-1|2024|8|2 - ABASTECIMENTO EM POSTO / COMÉRCIO|44675|48735|99 - OUTROS|4.0|3992.0|OS 194840_1 CD 1517 PNEU 20560 R16
95502093|774568|303|02|130415126|-1|2024|8|2 - ABASTECIMENTO EM POSTO / COMÉRCIO|216080|216466|8 - PEÇAS|1.0|1290.0|OS 200804_1 CD 1460 DIFERENCIAL COMPLETO
95502094|774584|303|02|130415126|-1|2024|8|2 - ABASTECIMENTO EM POSTO / COMÉRCIO|59671|61794|4 - DIESEL (LITRO)|43.28|265.71|ID 38616 DIESEL S10
95502095|774587|303|02|130415126|-1|2024|8|2 - ABASTECIMENTO EM POSTO / COMÉRCIO|228202|230453|8 - PEÇAS|1.0|29.0|OS 194833_1 CD 6 FILTRO DE OLEO
95502096|774588|303|02|130415126|-1|2024|8|2 - ABASTECIMENTO EM POSTO / COMÉRCIO|192557|194530|8 - PEÇAS|1.0|45.0|OS 194834_1 CD 657 TAMPA DO RADIADOR
95502097|774609|303|02|130415126|-1|2024|8|2 - ABASTECIMENTO EM POSTO / COMÉRCIO|212829|213666|9 - SERVIÇOS|1.0|380.0|OS 198319_1 REPAROS DA TRANSMISSAO E MOTOR
95502098|872489|303|02|131735173|-1|2024|8|2 - ABASTECIMENTO EM POSTO / COMÉRCIO|0|0|4 - DIESEL (LITRO)|147.0|968.73|ID 38863 OLEO DIESEL
95502099|774631|303|02|127231175|-1|2024|8|2 - ABASTECIMENTO EM POSTO / COMÉRCIO|41226|41226|9 - SERVIÇOS|1.0|2276.0|OS 194627_1 PLOTAGEMDIAGNOSTICO ELETCONF CHAVE
95502100|774634|303|02|130415126|-1|2024|8|2 - ABASTECIMENTO EM POSTO / COMÉRCIO|308258|309647|4 - DIESEL (LITRO)|90.42|604.91|ID 38792 DIESEL S10
95502101|774628|303|02|124390409|-1|2024|8|2 - ABASTECIMENTO EM POSTO / COMÉRCIO|0|0|4 - DIESEL (LITRO)|67.84|453.85|ID 38699 DIESEL S10
95502102|774629|303|02|127231175|-1|2024|8|2 - ABASTECIMENTO EM POSTO / COMÉRCIO|9207|10848|4 - DIESEL (LITRO)|132.66|887.5|ID 38600 DIESEL S10
95502103|774638|303|02|127231175|-1|2024|8|2 - ABASTECIMENTO EM POSTO / COMÉRCIO|71439|73212|4 - DIESEL (LITRO)|65.88|440.74|ID 38594 DIESEL S10
95502104|774609|303|02|130415126|-1|2024|8|2 - ABASTECIMENTO EM POSTO / COMÉRCIO|212829|213666|9 - SERVIÇOS|1.0|270.0|OS 194832_1 TROCA DE OLEOFILTROSLAMPADAPNEUS
95502105|774619|303|02|131735173|-1|2024|8|2 - ABASTECIMENTO EM POSTO / COMÉRCIO|28530|30032|4 - DIESEL (LITRO)|144.2|964.7|ID 38884 DIESEL S10
95502106|774555|303|02|124390411|-1|2024|8|2 - ABASTECIMENTO EM POSTO / COMÉRCIO|121490|121706|9 - SERVIÇOS|1.0|560.0|OS 198262_1 FUNILARIALIMPEZA DE BICOS INJETORES
95502107|774585|303|02|130415126|-1|2024|8|2 - ABASTECIMENTO EM POSTO / COMÉRCIO|186242|187752|2 - GASOLINA (LITRO)|57.86|369.73|ID 38629 GASOLINA
95502108|774609|303|02|130415126|-1|2024|8|2 - ABASTECIMENTO EM POSTO / COMÉRCIO|212829|213666|6 - ÓLEO LUBRIFICANTE (LITRO)|2.0|118.0|ID 38724 OS 198319_1 CD 1568 OLEO PARA CAIXA DE CA
95502109|774657|303|02|124390409|-1|2024|8|2 - ABASTECIMENTO EM POSTO / COMÉRCIO|0|0|4 - DIESEL (LITRO)|273.22|1827.84|ID 38686 DIESEL S10
95502110|774579|303|02|130415126|-1|2024|8|2 - ABASTECIMENTO EM POSTO / COMÉRCIO|107042|110843|4 - DIESEL (LITRO)|37.42|250.35|ID 38614 DIESEL S10
95502111|774597|303|02|124390417|-1|2024|8|2 - ABASTECIMENTO EM POSTO / COMÉRCIO|79647|80393|1 - ÁLCOOL (LITRO)|49.84|237.24|ID 38567 ALCCOL AUTOMOTIVO
95502112|774544|303|02|130415126|-1|2024|8|2 - ABASTECIMENTO EM POSTO / COMÉRCIO|66179|68232|9 - SERVIÇOS|1.0|30.0|OS 198542_1 TROCA DE LAMPADA
95502113|774595|303|02|130415126|-1|2024|8|2 - ABASTECIMENTO EM POSTO / COMÉRCIO|205429|205429|8 - PEÇAS|2.0|116.0|OS 201173_1 CD 122 KIT BATENTE AMORTECEDOR DIANTEI
95502114|774599|303|02|130415126|-1|2024|8|2 - ABASTECIMENTO EM POSTO / COMÉRCIO|100993|101853|4 - DIESEL (LITRO)|48.47|324.26|ID 38810 DIESEL S10
95502115|774631|303|02|127231175|-1|2024|8|2 - ABASTECIMENTO EM POSTO / COMÉRCIO|41226|41226|8 - PEÇAS|2.0|2799.6|OS 194627_1 CD 171 BATERIA 100A
95502116|774588|303|02|130415126|-1|2024|8|2 - ABASTECIMENTO EM POSTO / COMÉRCIO|192557|194530|8 - PEÇAS|1.0|259.0|OS 194834_1 CD 998 SAPATA DE FREIO
95502117|774545|303|02|124390411|-1|2024|8|2 - ABASTECIMENTO EM POSTO / COMÉRCIO|213620|213809|9 - SERVIÇOS|1.0|520.0|OS 202657_1 MANUTENCAO NA SUSPENESAOALINHAMENTO
95502118|774584|303|02|130415126|-1|2024|8|2 - ABASTECIMENTO EM POSTO / COMÉRCIO|59671|61794|4 - DIESEL (LITRO)|71.42|438.57|ID 38787 DIESEL S10
95502119|774544|303|02|130415126|-1|2024|8|2 - ABASTECIMENTO EM POSTO / COMÉRCIO|66179|68232|2 - GASOLINA (LITRO)|16.41|104.86|ID 38660 GASOLINA
95502120|774587|303|02|130415126|-1|2024|8|2 - ABASTECIMENTO EM POSTO / COMÉRCIO|228202|230453|8 - PEÇAS|4.0|566.0|OS 194833_1 CD 1677 BUCHA DA BALANCA DO EIXO DIANT
95502121|774585|303|02|130415126|-1|2024|8|2 - ABASTECIMENTO EM POSTO / COMÉRCIO|186242|187752|8 - PEÇAS|2.0|120.0|OS 194966_1 CD 296 BUCHA FEIXE DE MOLAS
95502122|774555|303|02|124390411|-1|2024|8|2 - ABASTECIMENTO EM POSTO / COMÉRCIO|121490|121706|2 - GASOLINA (LITRO)|15.65|100.0|ID 38583 GASOLINA
95502123|774558|303|02|130415126|-1|2024|8|2 - ABASTECIMENTO EM POSTO / COMÉRCIO|90369|92282|8 - PEÇAS|1.0|65.0|OS 202453_1 CD 8 FILTRO DE AR
95502124|774563|303|02|124390415|-1|2024|8|2 - ABASTECIMENTO EM POSTO / COMÉRCIO|91896|92847|2 - GASOLINA (LITRO)|24.85|158.79|ID 38575 GASOLINA
95502125|774650|303|02|124390409|-1|2024|8|2 - ABASTECIMENTO EM POSTO / COMÉRCIO|0|0|4 - DIESEL (LITRO)|124.4|832.24|ID 38672 DIESEL S10
95502129|774558|303|02|130415126|-1|2024|8|2 - ABASTECIMENTO EM POSTO / COMÉRCIO|90369|92282|2 - GASOLINA (LITRO)|16.58|110.08|ID 38823 GASOLINA
95502126|774561|303|02|130415126|-1|2024|8|2 - ABASTECIMENTO EM POSTO / COMÉRCIO|54365|56031|2 - GASOLINA (LITRO)|37.12|237.2|ID 38657 GASOLINA
95502127|774589|303|02|130415126|-1|2024|8|2 - ABASTECIMENTO EM POSTO / COMÉRCIO|72184|74496|2 - GASOLINA (LITRO)|35.26|234.16|ID 38641 GASOLINA
95502128|774593|303|02|131735173|-1|2024|8|2 - ABASTECIMENTO EM POSTO / COMÉRCIO|66021|67855|2 - GASOLINA (LITRO)|39.18|250.36|ID 38890 GASOLINA
95502130|774579|303|02|130415126|-1|2024|8|2 - ABASTECIMENTO EM POSTO / COMÉRCIO|107042|110843|4 - DIESEL (LITRO)|27.09|181.23|ID 38783 DIESEL S10
95502131|774573|303|02|130415126|-1|2024|8|2 - ABASTECIMENTO EM POSTO / COMÉRCIO|92569|95913|2 - GASOLINA (LITRO)|28.03|179.11|ID 38637 GASOLINA
95502132|774541|303|02|130415126|-1|2024|8|2 - ABASTECIMENTO EM POSTO / COMÉRCIO|67211|70214|2 - GASOLINA (LITRO)|30.52|195.02|ID 38647 GASOLINA
95502133|774594|303|02|127231175|-1|2024|8|2 - ABASTECIMENTO EM POSTO / COMÉRCIO|40226|40698|2 - GASOLINA (LITRO)|49.14|314.0|ID 38597 GASOLINA
95502134|774544|303|02|130415126|-1|2024|8|2 - ABASTECIMENTO EM POSTO / COMÉRCIO|66179|68232|2 - GASOLINA (LITRO)|24.34|167.7|ID 38835 GASOLINA
95502135|774650|303|02|131735173|-1|2024|8|2 - ABASTECIMENTO EM POSTO / COMÉRCIO|0|0|4 - DIESEL (LITRO)|154.03|1030.46|ID 38856 DIESEL S10
95502136|774558|303|02|130415126|-1|2024|8|2 - ABASTECIMENTO EM POSTO / COMÉRCIO|90369|92282|2 - GASOLINA (LITRO)|49.33|315.22|ID 38822 GASOLINA
95502137|774650|303|02|124390409|-1|2024|8|2 - ABASTECIMENTO EM POSTO / COMÉRCIO|0|0|4 - DIESEL (LITRO)|89.25|597.08|ID 38677 DIESEL S10
95502138|774621|303|02|124390409|-1|2024|8|2 - ABASTECIMENTO EM POSTO / COMÉRCIO|102185|103500|4 - DIESEL (LITRO)|208.54|1395.13|ID 38687 DIESEL S10
95502139|774554|303|02|124390415|-1|2024|8|2 - ABASTECIMENTO EM POSTO / COMÉRCIO|22229|25114|2 - GASOLINA (LITRO)|26.94|172.15|ID 38745 GASOLINA
95502140|774646|303|02|127231212|-1|2024|8|2 - ABASTECIMENTO EM POSTO / COMÉRCIO|0|0|2 - GASOLINA (LITRO)|9.45|60.4|ID 38770 GASOLINA
95502141|774558|303|02|130415126|-1|2024|8|2 - ABASTECIMENTO EM POSTO / COMÉRCIO|90369|92282|99 - OUTROS|2.0|1073.8|OS 205469_1 CD 1210 PNEU 18565 R14
95502142|774558|303|02|130415126|-1|2024|8|2 - ABASTECIMENTO EM POSTO / COMÉRCIO|90369|92282|99 - OUTROS|1.0|39.0|OS 202453_1 CD 1628 HIGIENIZADOR DO AR CONDICIONAD
95502143|774597|303|02|124390417|-1|2024|8|2 - ABASTECIMENTO EM POSTO / COMÉRCIO|79647|80393|8 - PEÇAS|2.0|280.0|OS 194937_1 CD 65 BICO INJETOR DIESEL
95502144|774542|303|02|127231212|-1|2024|8|2 - ABASTECIMENTO EM POSTO / COMÉRCIO|246111|247307|2 - GASOLINA (LITRO)|21.24|135.72|ID 38775 GASOLINA
95502145|774650|303|02|124390409|-1|2024|8|2 - ABASTECIMENTO EM POSTO / COMÉRCIO|0|0|4 - DIESEL (LITRO)|133.77|894.92|ID 38678 DIESEL S10
95502146|774638|303|02|127231175|-1|2024|8|2 - ABASTECIMENTO EM POSTO / COMÉRCIO|71439|73212|6 - ÓLEO LUBRIFICANTE (LITRO)|11.0|696.63|ID 38702 OS 194368_1 CD 103 OLEO 15W40
95502147|774540|303|02|124390411|-1|2024|8|2 - ABASTECIMENTO EM POSTO / COMÉRCIO|6715|7167|2 - GASOLINA (LITRO)|40.63|259.63|ID 38588 GASOLINA
96890287|922680|304|03|130069067|-1|2024|11|2 - ABASTECIMENTO EM POSTO / COMÉRCIO|42005|43020|2 - GASOLINA (LITRO)|5.0|31.95|GASOLINA COMUM
96890283|872058|304|03|136257038|-1|2024|11|2 - ABASTECIMENTO EM POSTO / COMÉRCIO|29966|30573|2 - GASOLINA (LITRO)|76.51|481.24|GASOLINA COMUM
96890284|773747|304|03|130069067|-1|2024|11|2 - ABASTECIMENTO EM POSTO / COMÉRCIO|188693|189380|2 - GASOLINA (LITRO)|34.082|214.37|GASOLINA COMUM
96890285|922678|304|03|130069067|-1|2024|11|2 - ABASTECIMENTO EM POSTO / COMÉRCIO|64211|65401|2 - GASOLINA (LITRO)|32.195|202.5|GASOLINA COMUM
96890286|773754|304|03|136257038|-1|2024|11|2 - ABASTECIMENTO EM POSTO / COMÉRCIO|66897|67406|2 - GASOLINA (LITRO)|98.967|620.16|GASOLINA COMUM
96890288|773760|304|03|136257038|-1|2024|11|2 - ABASTECIMENTO EM POSTO / COMÉRCIO|0|0|2 - GASOLINA (LITRO)|109.192|679.17|GASOLINA COMUM
96890289|922680|304|03|136257038|-1|2024|11|2 - ABASTECIMENTO EM POSTO / COMÉRCIO|42005|43020|2 - GASOLINA (LITRO)|130.901|827.76|GASOLINA COMUM
96890290|872063|304|03|136257038|-1|2024|11|2 - ABASTECIMENTO EM POSTO / COMÉRCIO|71590|71590|4 - DIESEL (LITRO)|80.112|519.92|OLEO DIESEL S10
96890291|922678|304|03|136257038|-1|2024|11|2 - ABASTECIMENTO EM POSTO / COMÉRCIO|64211|65401|2 - GASOLINA (LITRO)|151.234|946.15|GASOLINA COMUM
96890292|872062|304|03|130069067|-1|2024|11|2 - ABASTECIMENTO EM POSTO / COMÉRCIO|44502|44502|2 - GASOLINA (LITRO)|44.937|28.14|GASOLINA COMUM
96890293|773747|304|03|136257038|-1|2024|11|2 - ABASTECIMENTO EM POSTO / COMÉRCIO|188693|189380|2 - GASOLINA (LITRO)|287.691|592.97|GASOLINA COMUM
95502148|774615|303|02|124390417|-1|2024|8|2 - ABASTECIMENTO EM POSTO / COMÉRCIO|0|0|2 - GASOLINA (LITRO)|5.26|33.61|ID 38570 GASOLINA
95502149|774650|303|02|124390409|-1|2024|8|2 - ABASTECIMENTO EM POSTO / COMÉRCIO|0|0|4 - DIESEL (LITRO)|102.0|682.38|ID 38674 DIESEL S10
95502150|774597|303|02|124390417|-1|2024|8|2 - ABASTECIMENTO EM POSTO / COMÉRCIO|79647|80393|1 - ÁLCOOL (LITRO)|38.67|184.07|ID 38733 ALCCOL AUTOMOTIVO
95502151|774585|303|02|130415126|-1|2024|8|2 - ABASTECIMENTO EM POSTO / COMÉRCIO|186242|187752|2 - GASOLINA (LITRO)|57.77|357.57|ID 38803 GASOLINA
95502152|774650|303|02|131735173|-1|2024|8|2 - ABASTECIMENTO EM POSTO / COMÉRCIO|0|0|4 - DIESEL (LITRO)|138.76|928.3|ID 38854 DIESEL S10
95502153|774588|303|02|130415126|-1|2024|8|2 - ABASTECIMENTO EM POSTO / COMÉRCIO|192557|194530|2 - GASOLINA (LITRO)|39.52|252.53|ID 38625 GASOLINA
95502154|774573|303|02|130415126|-1|2024|8|2 - ABASTECIMENTO EM POSTO / COMÉRCIO|92569|95913|2 - GASOLINA (LITRO)|31.17|207.01|ID 38817 GASOLINA
95502155|774545|303|02|124390411|-1|2024|8|2 - ABASTECIMENTO EM POSTO / COMÉRCIO|213620|213809|8 - PEÇAS|2.0|280.0|OS 202657_1 CD 1444 COXIM DO AMORTECEDOR DIANTEIRO
95502156|774597|303|02|124390417|-1|2024|8|2 - ABASTECIMENTO EM POSTO / COMÉRCIO|79647|80393|9 - SERVIÇOS|1.0|80.0|OS 194937_1 REPAROS NO MOTOR
95502157|774558|303|02|130415126|-1|2024|8|2 - ABASTECIMENTO EM POSTO / COMÉRCIO|90369|92282|2 - GASOLINA (LITRO)|29.87|190.87|ID 38645 GASOLINA
95502158|872489|303|02|124390409|-1|2024|8|2 - ABASTECIMENTO EM POSTO / COMÉRCIO|0|0|2 - GASOLINA (LITRO)|52.13|333.11|ID 38684 GASOLINA
95502159|774638|303|02|127231175|-1|2024|8|2 - ABASTECIMENTO EM POSTO / COMÉRCIO|71439|73212|8 - PEÇAS|1.0|470.0|OS 194368_1 CD 8 FILTRO DE AR
95502160|774623|303|02|131735173|-1|2024|8|2 - ABASTECIMENTO EM POSTO / COMÉRCIO|35940|37315|4 - DIESEL (LITRO)|192.14|1285.42|ID 38902 DIESEL S10
95502161|774561|303|02|130415126|-1|2024|8|2 - ABASTECIMENTO EM POSTO / COMÉRCIO|54365|56031|8 - PEÇAS|1.0|589.0|OS 201395_1 CD 132 BATERIA 60A
95502162|774619|303|02|124390409|-1|2024|8|2 - ABASTECIMENTO EM POSTO / COMÉRCIO|28530|30032|4 - DIESEL (LITRO)|186.99|1250.96|ID 38690 DIESEL S10
95502163|774561|303|02|130415126|-1|2024|8|2 - ABASTECIMENTO EM POSTO / COMÉRCIO|54365|56031|2 - GASOLINA (LITRO)|32.52|201.41|ID 38833 GASOLINA
95502164|872489|303|02|131735173|-1|2024|8|2 - ABASTECIMENTO EM POSTO / COMÉRCIO|0|0|4 - DIESEL (LITRO)|115.78|762.99|ID 38868 OLEO DIESEL
95502165|774584|303|02|130415126|-1|2024|8|2 - ABASTECIMENTO EM POSTO / COMÉRCIO|59671|61794|4 - DIESEL (LITRO)|71.55|439.31|ID 38788 DIESEL S10
95502166|774657|303|02|131735173|-1|2024|8|2 - ABASTECIMENTO EM POSTO / COMÉRCIO|0|0|4 - DIESEL (LITRO)|199.05|1331.64|ID 38874 DIESEL S10
95502167|774554|303|02|131735182|-1|2024|8|2 - ABASTECIMENTO EM POSTO / COMÉRCIO|22229|25114|99 - OUTROS|2.0|980.0|OS 204283_1 CD 255 PNEU 17565 R14
95502168|774634|303|02|130415126|-1|2024|8|2 - ABASTECIMENTO EM POSTO / COMÉRCIO|308258|309647|4 - DIESEL (LITRO)|89.17|551.96|ID 38794 DIESEL S10
95502169|774542|303|02|127231212|-1|2024|8|2 - ABASTECIMENTO EM POSTO / COMÉRCIO|246111|247307|2 - GASOLINA (LITRO)|5.63|36.0|ID 38773 GASOLINA
95502170|774638|303|02|127231175|-1|2024|8|2 - ABASTECIMENTO EM POSTO / COMÉRCIO|71439|73212|8 - PEÇAS|1.0|210.5|OS 194368_1 CD 6 FILTRO DE OLEO
95502174|774644|303|02|127231175|-1|2024|8|2 - ABASTECIMENTO EM POSTO / COMÉRCIO|82866|85001|4 - DIESEL (LITRO)|110.11|736.64|ID 38591 DIESEL S10
95502171|774644|303|02|127231175|-1|2024|8|2 - ABASTECIMENTO EM POSTO / COMÉRCIO|82866|85001|4 - DIESEL (LITRO)|118.66|793.84|ID 38590 DIESEL S10
95502172|774591|303|02|130415126|-1|2024|8|2 - ABASTECIMENTO EM POSTO / COMÉRCIO|234340|235350|2 - GASOLINA (LITRO)|41.99|258.32|ID 38809 GASOLINA
95502173|774558|303|02|130415126|-1|2024|8|2 - ABASTECIMENTO EM POSTO / COMÉRCIO|90369|92282|2 - GASOLINA (LITRO)|52.32|345.4|ID 38644 GASOLINA
95502175|774583|303|02|124390409|-1|2024|8|2 - ABASTECIMENTO EM POSTO / COMÉRCIO|25779|27088|4 - DIESEL (LITRO)|55.13|368.82|ID 38696 DIESEL S10
95502176|774634|303|02|130415126|-1|2024|8|2 - ABASTECIMENTO EM POSTO / COMÉRCIO|308258|309647|4 - DIESEL (LITRO)|48.26|322.86|ID 38791 DIESEL S10
95502177|774569|303|02|127231184|-1|2024|8|2 - ABASTECIMENTO EM POSTO / COMÉRCIO|10893|11280|2 - GASOLINA (LITRO)|27.03|172.72|ID 38573 GASOLINA
95502178|774649|303|02|131735173|-1|2024|8|2 - ABASTECIMENTO EM POSTO / COMÉRCIO|0|0|4 - DIESEL (LITRO)|111.79|747.88|ID 38896 DIESEL S10
95502179|774599|303|02|130415126|-1|2024|8|2 - ABASTECIMENTO EM POSTO / COMÉRCIO|100993|101853|4 - DIESEL (LITRO)|52.99|354.5|ID 38632 DIESEL S10
95502180|774638|303|02|130415127|-1|2024|8|2 - ABASTECIMENTO EM POSTO / COMÉRCIO|71439|73212|4 - DIESEL (LITRO)|75.64|506.03|ID 38760 DIESEL S10
95502181|774568|303|02|130415126|-1|2024|8|2 - ABASTECIMENTO EM POSTO / COMÉRCIO|216080|216466|2 - GASOLINA (LITRO)|6.26|40.0|ID 38797 GASOLINA
95502182|774645|303|02|127231175|-1|2024|8|2 - ABASTECIMENTO EM POSTO / COMÉRCIO|5609|6021|4 - DIESEL (LITRO)|92.76|620.56|ID 38598 DIESEL S10
95502183|774567|303|02|124390411|-1|2024|8|2 - ABASTECIMENTO EM POSTO / COMÉRCIO|60333|60568|99 - OUTROS|2.0|1098.0|OS 198303_1 CD 1084 PNEU 18560 R14
95502184|774585|303|02|130415126|-1|2024|8|2 - ABASTECIMENTO EM POSTO / COMÉRCIO|186242|187752|9 - SERVIÇOS|1.0|150.0|OS 194966_1 TROCA DE OLEOFILTROSBUCHA
95502185|774638|303|02|130415127|-1|2024|8|2 - ABASTECIMENTO EM POSTO / COMÉRCIO|71439|73212|4 - DIESEL (LITRO)|98.58|659.5|ID 38757 DIESEL S10
95502186|774619|303|02|131735173|-1|2024|8|2 - ABASTECIMENTO EM POSTO / COMÉRCIO|28530|30032|4 - DIESEL (LITRO)|133.27|891.58|ID 38888 DIESEL S10
95502187|774561|303|02|130415126|-1|2024|8|2 - ABASTECIMENTO EM POSTO / COMÉRCIO|54365|56031|2 - GASOLINA (LITRO)|29.9|191.06|ID 38655 GASOLINA
95502188|774547|303|02|130415126|-1|2024|8|2 - ABASTECIMENTO EM POSTO / COMÉRCIO|44675|48735|9 - SERVIÇOS|1.0|300.0|OS 201124_1 TROCA DE CORREIA DENTADA E PASTILHA
95502189|774591|303|02|130415126|-1|2024|8|2 - ABASTECIMENTO EM POSTO / COMÉRCIO|234340|235350|2 - GASOLINA (LITRO)|40.09|276.22|ID 38807 GASOLINA
95502190|774597|303|02|124390417|-1|2024|8|2 - ABASTECIMENTO EM POSTO / COMÉRCIO|79647|80393|99 - OUTROS|1.0|38.0|OS 194937_1 CD 1038 DESCARBONIZANTE
95502191|774573|303|02|130415126|-1|2024|8|2 - ABASTECIMENTO EM POSTO / COMÉRCIO|92569|95913|2 - GASOLINA (LITRO)|22.68|144.93|ID 38634 GASOLINA
95502192|774579|303|02|130415126|-1|2024|8|2 - ABASTECIMENTO EM POSTO / COMÉRCIO|107042|110843|4 - DIESEL (LITRO)|31.87|213.21|ID 38777 DIESEL S10
95502193|774549|303|02|124390409|-1|2024|8|2 - ABASTECIMENTO EM POSTO / COMÉRCIO|118035|118202|2 - GASOLINA (LITRO)|31.5|201.28|ID 38681 GASOLINA
95502194|774547|303|02|130415126|-1|2024|8|2 - ABASTECIMENTO EM POSTO / COMÉRCIO|44675|48735|2 - GASOLINA (LITRO)|40.0|262.0|ID 38669 GASOLINA
95502195|774555|303|02|124390411|-1|2024|8|2 - ABASTECIMENTO EM POSTO / COMÉRCIO|121490|121706|9 - SERVIÇOS|1.0|390.0|OS 194940_1 REVISAO ELETRICA
95502196|872489|303|02|131735173|-1|2024|8|2 - ABASTECIMENTO EM POSTO / COMÉRCIO|0|0|2 - GASOLINA (LITRO)|74.55|476.37|ID 38869 GASOLINA
95502197|774583|303|02|131735173|-1|2024|8|2 - ABASTECIMENTO EM POSTO / COMÉRCIO|25779|27088|4 - DIESEL (LITRO)|55.14|368.89|ID 38894 DIESEL S10
95502198|774573|303|02|130415126|-1|2024|8|2 - ABASTECIMENTO EM POSTO / COMÉRCIO|92569|95913|2 - GASOLINA (LITRO)|23.18|148.12|ID 38638 GASOLINA
95502199|774547|303|02|130415126|-1|2024|8|2 - ABASTECIMENTO EM POSTO / COMÉRCIO|44675|48735|8 - PEÇAS|1.0|290.0|OS 201124_1 CD 212 CORREIA DENTADA
95502200|774585|303|02|130415126|-1|2024|8|2 - ABASTECIMENTO EM POSTO / COMÉRCIO|186242|187752|8 - PEÇAS|1.0|30.0|OS 194966_1 CD 6 FILTRO DE OLEO
95502201|774583|303|02|124390409|-1|2024|8|2 - ABASTECIMENTO EM POSTO / COMÉRCIO|25779|27088|4 - DIESEL (LITRO)|53.07|355.04|ID 38695 DIESEL S10
95502202|774611|303|02|124390409|-1|2024|8|2 - ABASTECIMENTO EM POSTO / COMÉRCIO|0|0|4 - DIESEL (LITRO)|63.87|427.29|ID 38682 DIESEL S10
95502203|774619|303|02|124390409|-1|2024|8|2 - ABASTECIMENTO EM POSTO / COMÉRCIO|28530|30032|4 - DIESEL (LITRO)|170.68|1141.85|ID 38691 DIESEL S10
95502204|774638|303|02|127231175|-1|2024|8|2 - ABASTECIMENTO EM POSTO / COMÉRCIO|71439|73212|99 - OUTROS|3.0|804.0|OS 198315_1 CD 1003 ARLA 32 GALAO 20 LITROS
95502205|774609|303|02|130415126|-1|2024|8|2 - ABASTECIMENTO EM POSTO / COMÉRCIO|212829|213666|2 - GASOLINA (LITRO)|42.5|271.58|ID 38799 GASOLINA
95502206|774542|303|02|127231212|-1|2024|8|2 - ABASTECIMENTO EM POSTO / COMÉRCIO|246111|247307|2 - GASOLINA (LITRO)|25.66|163.97|ID 38772 GASOLINA
95502207|872489|303|02|131735173|-1|2024|8|2 - ABASTECIMENTO EM POSTO / COMÉRCIO|0|0|2 - GASOLINA (LITRO)|76.43|488.39|ID 38866 GASOLINA
95502208|774547|303|02|130415126|-1|2024|8|2 - ABASTECIMENTO EM POSTO / COMÉRCIO|44675|48735|2 - GASOLINA (LITRO)|38.88|254.66|ID 38841 GASOLINA
95502209|774609|303|02|130415126|-1|2024|8|2 - ABASTECIMENTO EM POSTO / COMÉRCIO|212829|213666|8 - PEÇAS|1.0|589.0|OS 201171_1 CD 132 BATERIA 60A
95502210|774587|303|02|130415126|-1|2024|8|2 - ABASTECIMENTO EM POSTO / COMÉRCIO|228202|230453|2 - GASOLINA (LITRO)|63.12|403.35|ID 38804 GASOLINA
95502211|774646|303|02|127231212|-1|2024|8|2 - ABASTECIMENTO EM POSTO / COMÉRCIO|0|0|2 - GASOLINA (LITRO)|29.57|189.0|ID 38769 GASOLINA
95502212|774541|303|02|130415126|-1|2024|8|2 - ABASTECIMENTO EM POSTO / COMÉRCIO|67211|70214|2 - GASOLINA (LITRO)|24.68|157.7|ID 38828 GASOLINA
95502213|774582|303|02|130415127|-1|2024|8|2 - ABASTECIMENTO EM POSTO / COMÉRCIO|123534|123777|2 - GASOLINA (LITRO)|48.3|308.64|ID 38756 GASOLINA
95502214|774544|303|02|130415126|-1|2024|8|2 - ABASTECIMENTO EM POSTO / COMÉRCIO|66179|68232|8 - PEÇAS|1.0|50.0|OS 198542_1 CD 58 LAMPADA H7
95502215|774553|303|02|127231212|-1|2024|8|2 - ABASTECIMENTO EM POSTO / COMÉRCIO|127200|127200|2 - GASOLINA (LITRO)|37.76|241.29|ID 38771 GASOLINA
95502219|774593|303|02|131735173|-1|2024|8|2 - ABASTECIMENTO EM POSTO / COMÉRCIO|66021|67855|2 - GASOLINA (LITRO)|49.05|313.43|ID 38889 GASOLINA
95502216|774547|303|02|130415126|-1|2024|8|2 - ABASTECIMENTO EM POSTO / COMÉRCIO|44675|48735|2 - GASOLINA (LITRO)|36.57|239.53|ID 38844 GASOLINA
95502217|774650|303|02|131735173|-1|2024|8|2 - ABASTECIMENTO EM POSTO / COMÉRCIO|0|0|4 - DIESEL (LITRO)|87.0|582.03|ID 38849 DIESEL S10
95502218|774644|303|02|130415127|-1|2024|8|2 - ABASTECIMENTO EM POSTO / COMÉRCIO|82866|85001|4 - DIESEL (LITRO)|123.09|823.47|ID 38763 DIESEL S10
95502220|774558|303|02|130415126|-1|2024|8|2 - ABASTECIMENTO EM POSTO / COMÉRCIO|90369|92282|9 - SERVIÇOS|1.0|560.0|OS 205469_1 TROCA DE ROLAMENTOPNEUSALINHARBALANCE
95502221|774583|303|02|131735173|-1|2024|8|2 - ABASTECIMENTO EM POSTO / COMÉRCIO|25779|27088|4 - DIESEL (LITRO)|62.48|417.99|ID 38895 DIESEL S10
95502222|774573|303|02|130415126|-1|2024|8|2 - ABASTECIMENTO EM POSTO / COMÉRCIO|92569|95913|2 - GASOLINA (LITRO)|44.47|284.16|ID 38635 GASOLINA
95502223|774609|303|02|130415126|-1|2024|8|2 - ABASTECIMENTO EM POSTO / COMÉRCIO|212829|213666|6 - ÓLEO LUBRIFICANTE (LITRO)|1.0|45.0|ID 38724 OS 198319_1 CD 103 OLEO 15W40
95502224|774579|303|02|130415126|-1|2024|8|2 - ABASTECIMENTO EM POSTO / COMÉRCIO|107042|110843|4 - DIESEL (LITRO)|41.15|275.29|ID 38779 DIESEL S10
95502225|774588|303|02|130415126|-1|2024|8|2 - ABASTECIMENTO EM POSTO / COMÉRCIO|192557|194530|2 - GASOLINA (LITRO)|44.9|286.91|ID 38801 GASOLINA
95502226|774623|303|02|124390409|-1|2024|8|2 - ABASTECIMENTO EM POSTO / COMÉRCIO|35940|37315|4 - DIESEL (LITRO)|131.62|880.54|ID 38698 DIESEL S10
95502227|774540|303|02|124390411|-1|2024|8|2 - ABASTECIMENTO EM POSTO / COMÉRCIO|6715|7167|2 - GASOLINA (LITRO)|37.72|241.03|ID 38754 GASOLINA
95502228|774547|303|02|130415126|-1|2024|8|2 - ABASTECIMENTO EM POSTO / COMÉRCIO|44675|48735|2 - GASOLINA (LITRO)|36.97|242.15|ID 38845 GASOLINA
95502229|774599|303|02|130415126|-1|2024|8|2 - ABASTECIMENTO EM POSTO / COMÉRCIO|100993|101853|4 - DIESEL (LITRO)|51.87|347.01|ID 38811 DIESEL S10
95502230|774589|303|02|130415126|-1|2024|8|2 - ABASTECIMENTO EM POSTO / COMÉRCIO|72184|74496|2 - GASOLINA (LITRO)|28.31|180.9|ID 38640 GASOLINA
95502231|774634|303|02|130415126|-1|2024|8|2 - ABASTECIMENTO EM POSTO / COMÉRCIO|308258|309647|4 - DIESEL (LITRO)|75.63|468.15|ID 38793 DIESEL S10
95502232|774650|303|02|131735173|-1|2024|8|2 - ABASTECIMENTO EM POSTO / COMÉRCIO|0|0|4 - DIESEL (LITRO)|154.46|1033.34|ID 38855 DIESEL S10
95502233|774657|303|02|131735173|-1|2024|8|2 - ABASTECIMENTO EM POSTO / COMÉRCIO|0|0|4 - DIESEL (LITRO)|122.22|817.65|ID 38875 DIESEL S10
95502234|774554|303|02|124390415|-1|2024|8|2 - ABASTECIMENTO EM POSTO / COMÉRCIO|22229|25114|2 - GASOLINA (LITRO)|30.33|193.81|ID 38578 GASOLINA
95502235|774541|303|02|130415126|-1|2024|8|2 - ABASTECIMENTO EM POSTO / COMÉRCIO|67211|70214|2 - GASOLINA (LITRO)|10.69|68.34|ID 38648 GASOLINA
95502236|774541|303|02|130415126|-1|2024|8|2 - ABASTECIMENTO EM POSTO / COMÉRCIO|67211|70214|2 - GASOLINA (LITRO)|14.29|91.31|ID 38653 GASOLINA
95502237|774585|303|02|130415126|-1|2024|8|2 - ABASTECIMENTO EM POSTO / COMÉRCIO|186242|187752|2 - GASOLINA (LITRO)|51.36|328.19|ID 38627 GASOLINA
95502238|774563|303|02|124390415|-1|2024|8|2 - ABASTECIMENTO EM POSTO / COMÉRCIO|91896|92847|2 - GASOLINA (LITRO)|31.71|202.68|ID 38574 GASOLINA
95502239|774573|303|02|130415126|-1|2024|8|2 - ABASTECIMENTO EM POSTO / COMÉRCIO|92569|95913|8 - PEÇAS|1.0|40.0|OS 198543_1 CD 268 LAMPADA H4
95502240|774641|303|02|130415126|-1|2024|8|2 - ABASTECIMENTO EM POSTO / COMÉRCIO|198086|198423|4 - DIESEL (LITRO)|68.83|460.47|ID 38795 DIESEL S10
95502241|774554|303|02|124390415|-1|2024|8|2 - ABASTECIMENTO EM POSTO / COMÉRCIO|22229|25114|2 - GASOLINA (LITRO)|35.69|228.06|ID 38743 GASOLINA
95502242|774542|303|02|127231212|-1|2024|8|2 - ABASTECIMENTO EM POSTO / COMÉRCIO|246111|247307|2 - GASOLINA (LITRO)|26.71|171.0|ID 38774 GASOLINA
95502243|872489|303|02|131735173|-1|2024|8|2 - ABASTECIMENTO EM POSTO / COMÉRCIO|0|0|2 - GASOLINA (LITRO)|22.17|141.67|ID 38870 GASOLINA
95502244|774554|303|02|124390415|-1|2024|8|2 - ABASTECIMENTO EM POSTO / COMÉRCIO|22229|25114|2 - GASOLINA (LITRO)|42.15|269.34|ID 38577 GASOLINA
95502245|774542|303|02|127231212|-1|2024|8|2 - ABASTECIMENTO EM POSTO / COMÉRCIO|246111|247307|2 - GASOLINA (LITRO)|22.88|146.2|ID 38604 GASOLINA
95502246|774594|303|02|127231175|-1|2024|8|2 - ABASTECIMENTO EM POSTO / COMÉRCIO|40226|40698|8 - PEÇAS|1.0|44.0|OS 194839_1 CD 8 FILTRO DE AR
95502247|872490|303|02|127231184|-1|2024|8|2 - ABASTECIMENTO EM POSTO / COMÉRCIO|0|0|2 - GASOLINA (LITRO)|23.35|149.21|ID 38572 GASOLINA
95502248|774573|303|02|130415126|-1|2024|8|2 - ABASTECIMENTO EM POSTO / COMÉRCIO|92569|95913|2 - GASOLINA (LITRO)|37.01|236.49|ID 38814 GASOLINA
95502249|774588|303|02|130415126|-1|2024|8|2 - ABASTECIMENTO EM POSTO / COMÉRCIO|192557|194530|9 - SERVIÇOS|1.0|350.0|OS 194834_1 TROCA DE BOMBATAMPA DO RADIADORSAPATA
95502250|774579|303|02|130415126|-1|2024|8|2 - ABASTECIMENTO EM POSTO / COMÉRCIO|107042|110843|4 - DIESEL (LITRO)|27.72|185.45|ID 38610 DIESEL S10
95502251|774588|303|02|130415126|-1|2024|8|2 - ABASTECIMENTO EM POSTO / COMÉRCIO|192557|194530|2 - GASOLINA (LITRO)|49.74|317.84|ID 38800 GASOLINA
95502252|774579|303|02|130415126|-1|2024|8|2 - ABASTECIMENTO EM POSTO / COMÉRCIO|107042|110843|4 - DIESEL (LITRO)|19.59|131.06|ID 38608 DIESEL S10
95502253|774657|303|02|131735173|-1|2024|8|2 - ABASTECIMENTO EM POSTO / COMÉRCIO|0|0|4 - DIESEL (LITRO)|196.6|1315.25|ID 38876 DIESEL S10
95502254|774589|303|02|130415126|-1|2024|8|2 - ABASTECIMENTO EM POSTO / COMÉRCIO|72184|74496|2 - GASOLINA (LITRO)|31.73|202.75|ID 38821 GASOLINA
95502255|774594|303|02|127231175|-1|2024|8|2 - ABASTECIMENTO EM POSTO / COMÉRCIO|40226|40698|8 - PEÇAS|1.0|32.0|OS 194839_1 CD 6 FILTRO DE OLEO
95502256|774579|303|02|130415126|-1|2024|8|2 - ABASTECIMENTO EM POSTO / COMÉRCIO|107042|110843|4 - DIESEL (LITRO)|38.25|255.89|ID 38782 DIESEL S10
95502257|774557|303|02|124390411|-1|2024|8|2 - ABASTECIMENTO EM POSTO / COMÉRCIO|292050|292974|9 - SERVIÇOS|1.0|360.0|OS 197623_1 TROCA DO MOTOR DE PARTIDA
95502258|774587|303|02|130415126|-1|2024|8|2 - ABASTECIMENTO EM POSTO / COMÉRCIO|228202|230453|8 - PEÇAS|1.0|42.0|OS 194833_1 CD 58 LAMPADA H7
95502259|774584|303|02|130415126|-1|2024|8|2 - ABASTECIMENTO EM POSTO / COMÉRCIO|59671|61794|4 - DIESEL (LITRO)|61.95|380.43|ID 38784 DIESEL S10
95502260|774657|303|02|131735173|-1|2024|8|2 - ABASTECIMENTO EM POSTO / COMÉRCIO|0|0|4 - DIESEL (LITRO)|82.36|550.99|ID 38877 DIESEL S10
95502264|774557|303|02|124390411|-1|2024|8|2 - ABASTECIMENTO EM POSTO / COMÉRCIO|292050|292974|2 - GASOLINA (LITRO)|18.78|120.0|ID 38750 GASOLINA
95502261|774561|303|02|130415126|-1|2024|8|2 - ABASTECIMENTO EM POSTO / COMÉRCIO|54365|56031|2 - GASOLINA (LITRO)|38.1|249.56|ID 38834 GASOLINA
95502262|774549|303|02|124390409|-1|2024|8|2 - ABASTECIMENTO EM POSTO / COMÉRCIO|118035|118202|2 - GASOLINA (LITRO)|32.41|207.1|ID 38680 GASOLINA
95502263|774623|303|02|131735173|-1|2024|8|2 - ABASTECIMENTO EM POSTO / COMÉRCIO|35940|37315|4 - DIESEL (LITRO)|134.85|902.15|ID 38901 DIESEL S10
95502265|774573|303|02|130415126|-1|2024|8|2 - ABASTECIMENTO EM POSTO / COMÉRCIO|92569|95913|2 - GASOLINA (LITRO)|26.66|170.36|ID 38816 GASOLINA
95502266|774557|303|02|124390411|-1|2024|8|2 - ABASTECIMENTO EM POSTO / COMÉRCIO|292050|292974|2 - GASOLINA (LITRO)|30.17|192.79|ID 38585 GASOLINA
95502267|774619|303|02|131735173|-1|2024|8|2 - ABASTECIMENTO EM POSTO / COMÉRCIO|28530|30032|4 - DIESEL (LITRO)|182.55|1221.26|ID 38886 DIESEL S10
95502268|774541|303|02|130415126|-1|2024|8|2 - ABASTECIMENTO EM POSTO / COMÉRCIO|67211|70214|2 - GASOLINA (LITRO)|24.11|154.09|ID 38831 GASOLINA
95502269|774558|303|02|130415126|-1|2024|8|2 - ABASTECIMENTO EM POSTO / COMÉRCIO|90369|92282|2 - GASOLINA (LITRO)|30.28|193.49|ID 38646 GASOLINA
95502270|774619|303|02|131735173|-1|2024|8|2 - ABASTECIMENTO EM POSTO / COMÉRCIO|28530|30032|4 - DIESEL (LITRO)|164.02|1097.29|ID 38882 DIESEL S10
95502271|774597|303|02|124390417|-1|2024|8|2 - ABASTECIMENTO EM POSTO / COMÉRCIO|79647|80393|99 - OUTROS|1.0|20.0|OS 194937_1 CD 87 DESINGRIPANTE
95502272|774621|303|02|131735173|-1|2024|8|2 - ABASTECIMENTO EM POSTO / COMÉRCIO|102185|103500|4 - DIESEL (LITRO)|28.5|190.66|ID 38878 DIESEL S10
95502273|774623|303|02|131735173|-1|2024|8|2 - ABASTECIMENTO EM POSTO / COMÉRCIO|35940|37315|4 - DIESEL (LITRO)|192.77|1289.63|ID 38897 DIESEL S10
95502274|774547|303|02|130415126|-1|2024|8|2 - ABASTECIMENTO EM POSTO / COMÉRCIO|44675|48735|2 - GASOLINA (LITRO)|20.42|135.59|ID 38668 GASOLINA
95502275|774541|303|02|130415126|-1|2024|8|2 - ABASTECIMENTO EM POSTO / COMÉRCIO|67211|70214|2 - GASOLINA (LITRO)|21.0|134.2|ID 38830 GASOLINA
95502276|774587|303|02|130415126|-1|2024|8|2 - ABASTECIMENTO EM POSTO / COMÉRCIO|228202|230453|6 - ÓLEO LUBRIFICANTE (LITRO)|3.0|126.0|ID 38717 OS 194833_1 CD 103 OLEO 15W40
95502277|774594|303|02|127231175|-1|2024|8|2 - ABASTECIMENTO EM POSTO / COMÉRCIO|40226|40698|9 - SERVIÇOS|1.0|828.0|OS 194839_1 REPAROS NO MOTORDIRECAOALINHARBALANCE
95502278|774588|303|02|130415126|-1|2024|8|2 - ABASTECIMENTO EM POSTO / COMÉRCIO|192557|194530|2 - GASOLINA (LITRO)|26.42|168.82|ID 38626 GASOLINA
95502279|774542|303|02|127231212|-1|2024|8|2 - ABASTECIMENTO EM POSTO / COMÉRCIO|246111|247307|99 - OUTROS|2.0|760.0|OS 194845_1 CD 254 PNEU 17570 R13
95502280|774545|303|02|124390411|-1|2024|8|2 - ABASTECIMENTO EM POSTO / COMÉRCIO|213620|213809|2 - GASOLINA (LITRO)|29.57|188.95|ID 38582 GASOLINA
95502281|774645|303|02|130415127|-1|2024|8|2 - ABASTECIMENTO EM POSTO / COMÉRCIO|5609|6021|4 - DIESEL (LITRO)|104.52|699.24|ID 38766 DIESEL S10
95502282|774638|303|02|127231175|-1|2024|8|2 - ABASTECIMENTO EM POSTO / COMÉRCIO|71439|73212|4 - DIESEL (LITRO)|94.32|631.0|ID 38592 DIESEL S10
95502283|774573|303|02|130415126|-1|2024|8|2 - ABASTECIMENTO EM POSTO / COMÉRCIO|92569|95913|2 - GASOLINA (LITRO)|27.08|173.04|ID 38815 GASOLINA
95502284|774544|303|02|130415126|-1|2024|8|2 - ABASTECIMENTO EM POSTO / COMÉRCIO|66179|68232|2 - GASOLINA (LITRO)|33.42|213.55|ID 38659 GASOLINA
95502285|774541|303|02|130415126|-1|2024|8|2 - ABASTECIMENTO EM POSTO / COMÉRCIO|67211|70214|2 - GASOLINA (LITRO)|10.58|67.61|ID 38829 GASOLINA
95502286|774542|303|02|127231212|-1|2024|8|2 - ABASTECIMENTO EM POSTO / COMÉRCIO|246111|247307|9 - SERVIÇOS|1.0|230.0|OS 194845_1 TROCA DE PNEUSALINHARBALANCEAR
95502287|774541|303|02|130415126|-1|2024|8|2 - ABASTECIMENTO EM POSTO / COMÉRCIO|67211|70214|2 - GASOLINA (LITRO)|14.57|93.1|ID 38826 GASOLINA
95502288|774557|303|02|124390411|-1|2024|8|2 - ABASTECIMENTO EM POSTO / COMÉRCIO|292050|292974|2 - GASOLINA (LITRO)|18.78|120.0|ID 38586 GASOLINA
95502289|774632|303|02|124390415|-1|2024|8|2 - ABASTECIMENTO EM POSTO / COMÉRCIO|460403|460519|4 - DIESEL (LITRO)|49.46|325.94|ID 38737 DIESEL S10
95502290|872489|303|02|131735173|-1|2024|8|2 - ABASTECIMENTO EM POSTO / COMÉRCIO|0|0|2 - GASOLINA (LITRO)|53.77|343.59|ID 38864 GASOLINA
95502291|774609|303|02|130415126|-1|2024|8|2 - ABASTECIMENTO EM POSTO / COMÉRCIO|212829|213666|8 - PEÇAS|1.0|690.0|OS 198319_1 CD 180 KIT EMBREAGEM
95502292|774545|303|02|124390411|-1|2024|8|2 - ABASTECIMENTO EM POSTO / COMÉRCIO|213620|213809|8 - PEÇAS|2.0|300.0|OS 202657_1 CD 1370 AMORTECEDOR DIANTEIRO LDLE
95502293|872489|303|02|131735173|-1|2024|8|2 - ABASTECIMENTO EM POSTO / COMÉRCIO|0|0|2 - GASOLINA (LITRO)|45.13|288.38|ID 38867 GASOLINA
95502294|774594|303|02|130415127|-1|2024|8|2 - ABASTECIMENTO EM POSTO / COMÉRCIO|40226|40698|2 - GASOLINA (LITRO)|43.4|277.33|ID 38765 GASOLINA
95502295|774554|303|02|124390415|-1|2024|8|2 - ABASTECIMENTO EM POSTO / COMÉRCIO|22229|25114|2 - GASOLINA (LITRO)|31.58|201.8|ID 38742 GASOLINA
95502296|774650|303|02|131735173|-1|2024|8|2 - ABASTECIMENTO EM POSTO / COMÉRCIO|0|0|4 - DIESEL (LITRO)|143.13|957.54|ID 38851 DIESEL S10
95502297|774638|303|02|127231175|-1|2024|8|2 - ABASTECIMENTO EM POSTO / COMÉRCIO|71439|73212|8 - PEÇAS|1.0|266.9|OS 194368_1 CD 109 FILTRO DIESEL
95502298|774584|303|02|130415126|-1|2024|8|2 - ABASTECIMENTO EM POSTO / COMÉRCIO|59671|61794|4 - DIESEL (LITRO)|44.92|275.82|ID 38617 DIESEL S10
95502299|774634|303|02|130415126|-1|2024|8|2 - ABASTECIMENTO EM POSTO / COMÉRCIO|308258|309647|4 - DIESEL (LITRO)|55.03|368.15|ID 38622 DIESEL S10
95502300|774577|303|02|130415126|-1|2024|8|2 - ABASTECIMENTO EM POSTO / COMÉRCIO|49221|49734|9 - SERVIÇOS|1.0|213.0|OS 198808_1 TROCA DE PNEUSALINHAR E BALANCEAR
95502301|774628|303|02|131735173|-1|2024|8|2 - ABASTECIMENTO EM POSTO / COMÉRCIO|0|0|4 - DIESEL (LITRO)|61.66|412.51|ID 38905 DIESEL S10
95502302|774573|303|02|130415126|-1|2024|8|2 - ABASTECIMENTO EM POSTO / COMÉRCIO|92569|95913|2 - GASOLINA (LITRO)|42.73|273.04|ID 38633 GASOLINA
95502303|774589|303|02|130415126|-1|2024|8|2 - ABASTECIMENTO EM POSTO / COMÉRCIO|72184|74496|2 - GASOLINA (LITRO)|35.98|229.91|ID 38819 GASOLINA
95502304|774621|303|02|131735173|-1|2024|8|2 - ABASTECIMENTO EM POSTO / COMÉRCIO|102185|103500|4 - DIESEL (LITRO)|132.76|888.16|ID 38879 DIESEL S10
95502308|774634|303|02|130415126|-1|2024|8|2 - ABASTECIMENTO EM POSTO / COMÉRCIO|308258|309647|4 - DIESEL (LITRO)|21.44|143.43|ID 38621 DIESEL S10
95502305|774569|303|02|127231184|-1|2024|8|2 - ABASTECIMENTO EM POSTO / COMÉRCIO|10893|11280|2 - GASOLINA (LITRO)|28.89|184.61|ID 38747 GASOLINA
95502306|774629|303|02|127231175|-1|2024|8|2 - ABASTECIMENTO EM POSTO / COMÉRCIO|9207|10848|4 - DIESEL (LITRO)|129.55|866.69|ID 38599 DIESEL S10
95502307|774545|303|02|124390411|-1|2024|8|2 - ABASTECIMENTO EM POSTO / COMÉRCIO|213620|213809|2 - GASOLINA (LITRO)|28.8|184.03|ID 38581 GASOLINA
95502309|774591|303|02|130415126|-1|2024|8|2 - ABASTECIMENTO EM POSTO / COMÉRCIO|234340|235350|6 - ÓLEO LUBRIFICANTE (LITRO)|1.0|50.0|ID 38722 OS 196110_1 CD 103 OLEO 15W40
95502310|774641|303|02|130415126|-1|2024|8|2 - ABASTECIMENTO EM POSTO / COMÉRCIO|198086|198423|4 - DIESEL (LITRO)|81.24|543.5|ID 38796 DIESEL S10
95502311|774619|303|02|131735173|-1|2024|8|2 - ABASTECIMENTO EM POSTO / COMÉRCIO|28530|30032|4 - DIESEL (LITRO)|114.07|763.13|ID 38885 DIESEL S10
95502312|774541|303|02|130415126|-1|2024|8|2 - ABASTECIMENTO EM POSTO / COMÉRCIO|67211|70214|2 - GASOLINA (LITRO)|23.72|151.57|ID 38651 GASOLINA
95502313|774644|303|02|130415127|-1|2024|8|2 - ABASTECIMENTO EM POSTO / COMÉRCIO|82866|85001|4 - DIESEL (LITRO)|115.27|771.16|ID 38762 DIESEL S10
95502314|774597|303|02|124390417|-1|2024|8|2 - ABASTECIMENTO EM POSTO / COMÉRCIO|79647|80393|1 - ÁLCOOL (LITRO)|52.25|248.71|ID 38568 ALCCOL AUTOMOTIVO
95502315|774638|303|02|130415127|-1|2024|8|2 - ABASTECIMENTO EM POSTO / COMÉRCIO|71439|73212|4 - DIESEL (LITRO)|63.15|422.47|ID 38758 DIESEL S10
95502316|774640|303|02|127231175|-1|2024|8|2 - ABASTECIMENTO EM POSTO / COMÉRCIO|36610|36610|8 - PEÇAS|1.0|559.43|OS 194628_1 CD 1410 ROLAMENTO CENTRAL
95502317|774577|303|02|130415126|-1|2024|8|2 - ABASTECIMENTO EM POSTO / COMÉRCIO|49221|49734|8 - PEÇAS|2.0|2400.0|OS 198808_1 CD 1650 PNEU 22560 R18
95502318|774593|303|02|131735173|-1|2024|8|2 - ABASTECIMENTO EM POSTO / COMÉRCIO|66021|67855|2 - GASOLINA (LITRO)|43.28|276.56|ID 38891 GASOLINA
95502319|774545|303|02|124390411|-1|2024|8|2 - ABASTECIMENTO EM POSTO / COMÉRCIO|213620|213809|8 - PEÇAS|2.0|160.0|OS 202657_1 CD 83 ARTICULACAO AXIAL
95502320|774629|303|02|127231175|-1|2024|8|2 - ABASTECIMENTO EM POSTO / COMÉRCIO|9207|10848|99 - OUTROS|1.0|268.0|OS 196109_1 CD 559 ADITIVO DE COMBUSTIVEL ARLA 32
95502321|774541|303|02|130415126|-1|2024|8|2 - ABASTECIMENTO EM POSTO / COMÉRCIO|67211|70214|2 - GASOLINA (LITRO)|16.28|104.03|ID 38649 GASOLINA
95502322|774629|303|02|130415127|-1|2024|8|2 - ABASTECIMENTO EM POSTO / COMÉRCIO|9207|10848|4 - DIESEL (LITRO)|85.4|571.33|ID 38768 DIESEL S10
95502323|774587|303|02|130415126|-1|2024|8|2 - ABASTECIMENTO EM POSTO / COMÉRCIO|228202|230453|9 - SERVIÇOS|1.0|390.0|OS 194833_1 REPAROS SUSPENSAOELETRICOFREIO
95502324|774579|303|02|130415126|-1|2024|8|2 - ABASTECIMENTO EM POSTO / COMÉRCIO|107042|110843|4 - DIESEL (LITRO)|33.79|227.39|ID 38778 DIESEL S10
95502325|774587|303|02|130415126|-1|2024|8|2 - ABASTECIMENTO EM POSTO / COMÉRCIO|228202|230453|2 - GASOLINA (LITRO)|50.76|349.74|ID 38630 GASOLINA
95502326|774582|303|02|127231175|-1|2024|8|2 - ABASTECIMENTO EM POSTO / COMÉRCIO|123534|123777|2 - GASOLINA (LITRO)|49.04|313.37|ID 38596 GASOLINA
95502327|774619|303|02|124390409|-1|2024|8|2 - ABASTECIMENTO EM POSTO / COMÉRCIO|28530|30032|4 - DIESEL (LITRO)|154.18|1031.46|ID 38692 DIESEL S10
95502328|774563|303|02|124390415|-1|2024|8|2 - ABASTECIMENTO EM POSTO / COMÉRCIO|91896|92847|2 - GASOLINA (LITRO)|29.94|191.32|ID 38738 GASOLINA
95502329|774595|303|02|130415126|-1|2024|8|2 - ABASTECIMENTO EM POSTO / COMÉRCIO|205429|205429|8 - PEÇAS|1.0|398.0|OS 201173_1 CD 121 AMORTECEDOR DIANTEIRO LD
95502330|774547|303|02|130415126|-1|2024|8|2 - ABASTECIMENTO EM POSTO / COMÉRCIO|44675|48735|2 - GASOLINA (LITRO)|34.93|228.79|ID 38840 GASOLINA
95502331|774550|303|02|131735173|-1|2024|8|2 - ABASTECIMENTO EM POSTO / COMÉRCIO|237796|237796|2 - GASOLINA (LITRO)|35.7|228.12|ID 38860 GASOLINA
95502332|774650|303|02|124390409|-1|2024|8|2 - ABASTECIMENTO EM POSTO / COMÉRCIO|0|0|4 - DIESEL (LITRO)|91.64|613.07|ID 38676 DIESEL S10
95502333|774626|303|02|124390409|-1|2024|8|2 - ABASTECIMENTO EM POSTO / COMÉRCIO|4434|6450|4 - DIESEL (LITRO)|80.68|539.75|ID 38731 DIESEL S10
95502334|774585|303|02|130415126|-1|2024|8|2 - ABASTECIMENTO EM POSTO / COMÉRCIO|186242|187752|2 - GASOLINA (LITRO)|28.64|183.01|ID 38628 GASOLINA
95502335|774545|303|02|124390411|-1|2024|8|2 - ABASTECIMENTO EM POSTO / COMÉRCIO|213620|213809|8 - PEÇAS|1.0|90.0|OS 202657_1 CD 124 PIVO INFERIOR LADO ESQUERDO
95502336|774547|303|02|130415126|-1|2024|8|2 - ABASTECIMENTO EM POSTO / COMÉRCIO|44675|48735|2 - GASOLINA (LITRO)|34.76|227.68|ID 38666 GASOLINA
95502337|774567|303|02|124390411|-1|2024|8|2 - ABASTECIMENTO EM POSTO / COMÉRCIO|60333|60568|2 - GASOLINA (LITRO)|26.62|170.1|ID 38749 GASOLINA
95502338|774638|303|02|127231175|-1|2024|8|2 - ABASTECIMENTO EM POSTO / COMÉRCIO|71439|73212|4 - DIESEL (LITRO)|68.64|459.2|ID 38593 DIESEL S10
95502339|774609|303|02|130415126|-1|2024|8|2 - ABASTECIMENTO EM POSTO / COMÉRCIO|212829|213666|99 - OUTROS|2.0|996.0|OS 194832_1 CD 262 PNEU 17570 R14
95502340|774650|303|02|124390409|-1|2024|8|2 - ABASTECIMENTO EM POSTO / COMÉRCIO|0|0|4 - DIESEL (LITRO)|150.09|1057.62|ID 38675 DIESEL S10
95502341|774657|303|02|131735173|-1|2024|8|2 - ABASTECIMENTO EM POSTO / COMÉRCIO|0|0|4 - DIESEL (LITRO)|260.11|1740.14|ID 38873 DIESEL S10
95502342|774544|303|02|130415126|-1|2024|8|2 - ABASTECIMENTO EM POSTO / COMÉRCIO|66179|68232|2 - GASOLINA (LITRO)|22.39|143.07|ID 38661 GASOLINA
95502343|774555|303|02|124390411|-1|2024|8|2 - ABASTECIMENTO EM POSTO / COMÉRCIO|121490|121706|2 - GASOLINA (LITRO)|12.04|76.94|ID 38748 GASOLINA
95502344|774558|303|02|130415126|-1|2024|8|2 - ABASTECIMENTO EM POSTO / COMÉRCIO|90369|92282|8 - PEÇAS|2.0|511.2|OS 205469_1 CD 1488 ROLAMENTO INTERNO DA RODA DIAN
95502345|774589|303|02|130415126|-1|2024|8|2 - ABASTECIMENTO EM POSTO / COMÉRCIO|72184|74496|2 - GASOLINA (LITRO)|26.53|169.53|ID 38642 GASOLINA
95502346|774579|303|02|130415126|-1|2024|8|2 - ABASTECIMENTO EM POSTO / COMÉRCIO|107042|110843|4 - DIESEL (LITRO)|34.0|227.46|ID 38611 DIESEL S10
95502347|774623|303|02|131735173|-1|2024|8|2 - ABASTECIMENTO EM POSTO / COMÉRCIO|35940|37315|4 - DIESEL (LITRO)|142.23|951.52|ID 38903 DIESEL S10
95502348|774609|303|02|130415126|-1|2024|8|2 - ABASTECIMENTO EM POSTO / COMÉRCIO|212829|213666|8 - PEÇAS|1.0|189.0|OS 198319_1 CD 600 TRIZETA DO SEMIEIXO
95502352|774573|303|02|130415126|-1|2024|8|2 - ABASTECIMENTO EM POSTO / COMÉRCIO|92569|95913|2 - GASOLINA (LITRO)|40.16|263.05|ID 38818 GASOLINA
95502349|774556|303|02|124390415|-1|2024|8|2 - ABASTECIMENTO EM POSTO / COMÉRCIO|1747|2101|2 - GASOLINA (LITRO)|36.63|234.07|ID 38576 GASOLINA
95502350|774611|303|02|131735173|-1|2024|8|2 - ABASTECIMENTO EM POSTO / COMÉRCIO|0|0|4 - DIESEL (LITRO)|62.09|415.38|ID 38859 DIESEL S10
95502351|774595|303|02|130415126|-1|2024|8|2 - ABASTECIMENTO EM POSTO / COMÉRCIO|205429|205429|8 - PEÇAS|1.0|589.0|OS 201173_1 CD 132 BATERIA 60A
95502353|774650|303|02|131735173|-1|2024|8|2 - ABASTECIMENTO EM POSTO / COMÉRCIO|0|0|4 - DIESEL (LITRO)|143.14|957.61|ID 38923 DIESEL S10
95502354|774629|303|02|130415127|-1|2024|8|2 - ABASTECIMENTO EM POSTO / COMÉRCIO|9207|10848|4 - DIESEL (LITRO)|127.35|851.97|ID 38767 DIESEL S10
95502355|774588|303|02|130415126|-1|2024|8|2 - ABASTECIMENTO EM POSTO / COMÉRCIO|192557|194530|2 - GASOLINA (LITRO)|25.04|160.01|ID 38802 GASOLINA
95502356|774593|303|02|131735173|-1|2024|8|2 - ABASTECIMENTO EM POSTO / COMÉRCIO|66021|67855|2 - GASOLINA (LITRO)|47.2|301.61|ID 38892 GASOLINA
95502357|774589|303|02|130415126|-1|2024|8|2 - ABASTECIMENTO EM POSTO / COMÉRCIO|72184|74496|2 - GASOLINA (LITRO)|56.05|372.17|ID 38820 GASOLINA
95502358|774587|303|02|130415126|-1|2024|8|2 - ABASTECIMENTO EM POSTO / COMÉRCIO|228202|230453|2 - GASOLINA (LITRO)|49.42|315.79|ID 38805 GASOLINA
95502359|774619|303|02|131735173|-1|2024|8|2 - ABASTECIMENTO EM POSTO / COMÉRCIO|28530|30032|4 - DIESEL (LITRO)|117.2|784.07|ID 38887 DIESEL S10
95502360|774544|303|02|130415126|-1|2024|8|2 - ABASTECIMENTO EM POSTO / COMÉRCIO|66179|68232|2 - GASOLINA (LITRO)|21.59|137.96|ID 38839 GASOLINA
95502361|774621|303|02|124390409|-1|2024|8|2 - ABASTECIMENTO EM POSTO / COMÉRCIO|102185|103500|4 - DIESEL (LITRO)|86.12|576.14|ID 38689 DIESEL S10
95502362|774541|303|02|130415126|-1|2024|8|2 - ABASTECIMENTO EM POSTO / COMÉRCIO|67211|70214|2 - GASOLINA (LITRO)|11.75|75.08|ID 38832 GASOLINA
95502363|774638|303|02|130415127|-1|2024|8|2 - ABASTECIMENTO EM POSTO / COMÉRCIO|71439|73212|4 - DIESEL (LITRO)|117.61|786.81|ID 38761 DIESEL S10
95502364|774595|303|02|130415126|-1|2024|8|2 - ABASTECIMENTO EM POSTO / COMÉRCIO|205429|205429|9 - SERVIÇOS|1.0|470.0|OS 201173_1 REPARO NA SUSPSENSAOALINHARBATERIA
95502365|774542|303|02|127231212|-1|2024|8|2 - ABASTECIMENTO EM POSTO / COMÉRCIO|246111|247307|2 - GASOLINA (LITRO)|24.95|159.43|ID 38607 GASOLINA
95502366|774561|303|02|130415126|-1|2024|8|2 - ABASTECIMENTO EM POSTO / COMÉRCIO|54365|56031|2 - GASOLINA (LITRO)|27.81|182.16|ID 38656 GASOLINA
95502367|774573|303|02|130415126|-1|2024|8|2 - ABASTECIMENTO EM POSTO / COMÉRCIO|92569|95913|2 - GASOLINA (LITRO)|9.17|60.94|ID 38813 GASOLINA
95502368|774558|303|02|130415126|-1|2024|8|2 - ABASTECIMENTO EM POSTO / COMÉRCIO|90369|92282|9 - SERVIÇOS|1.0|260.0|OS 194835_1 TROCA DE PNEUSBUCHAPIVOPASTILHAALINHA
95502369|774593|303|02|124390409|-1|2024|8|2 - ABASTECIMENTO EM POSTO / COMÉRCIO|66021|67855|2 - GASOLINA (LITRO)|47.17|301.42|ID 38694 GASOLINA
95502370|774554|303|02|124390415|-1|2024|8|2 - ABASTECIMENTO EM POSTO / COMÉRCIO|22229|25114|2 - GASOLINA (LITRO)|31.98|204.35|ID 38741 GASOLINA
96656469|922678|304|03|130069067|-1|2024|10|2 - ABASTECIMENTO EM POSTO / COMÉRCIO|62456|63970|2 - GASOLINA (LITRO)|220.755|1388.52|GASOLINA COMUM
96656461|872064|304|03|130069067|-1|2024|10|2 - ABASTECIMENTO EM POSTO / COMÉRCIO|40385|40385|2 - GASOLINA (LITRO)|36.208|227.75|GASOLINA COMUM
96656462|922680|304|03|130069067|-1|2024|10|2 - ABASTECIMENTO EM POSTO / COMÉRCIO|41684|41684|2 - GASOLINA (LITRO)|41.084|258.41|GASOLINA COMUM
96656463|872063|304|03|130069067|-1|2024|10|2 - ABASTECIMENTO EM POSTO / COMÉRCIO|70138|71582|4 - DIESEL (LITRO)|187.774|1218.64|OLEO DIESEL S10
96656464|773747|304|03|130069067|-1|2024|10|2 - ABASTECIMENTO EM POSTO / COMÉRCIO|188460|188460|2 - GASOLINA (LITRO)|37.605|236.53|GASOLINA COMUM
96656465|773760|304|03|130069067|-1|2024|10|2 - ABASTECIMENTO EM POSTO / COMÉRCIO|0|0|2 - GASOLINA (LITRO)|89.328|561.86|GASOLINA COMUM
96656466|872062|304|03|130069067|-1|2024|10|2 - ABASTECIMENTO EM POSTO / COMÉRCIO|43739|44256|2 - GASOLINA (LITRO)|133.071|837.01|GASOLINA COMUM
96656467|872058|304|03|130069067|-1|2024|10|2 - ABASTECIMENTO EM POSTO / COMÉRCIO|27945|29418|2 - GASOLINA (LITRO)|181.642|1142.51|GASOLINA COMUM
96656468|773754|304|03|130069067|-1|2024|10|2 - ABASTECIMENTO EM POSTO / COMÉRCIO|65713|66613|2 - GASOLINA (LITRO)|139.383|876.7|GASOLINA COMUM
96656126|872062|304|03|130069067|-1|2024|9|2 - ABASTECIMENTO EM POSTO / COMÉRCIO|42857|43238|2 - GASOLINA (LITRO)|81.038|509.72|GASOLINA COMUM
96656123|773760|304|03|130069067|-1|2024|9|2 - ABASTECIMENTO EM POSTO / COMÉRCIO|0|0|2 - GASOLINA (LITRO)|20.0|125.8|GASOLINA COMUM
96656124|872058|304|03|130069067|-1|2024|9|2 - ABASTECIMENTO EM POSTO / COMÉRCIO|25269|27069|2 - GASOLINA (LITRO)|220.456|1386.64|GASOLINA COMUM
96656125|773747|304|03|130069067|-1|2024|9|2 - ABASTECIMENTO EM POSTO / COMÉRCIO|187447|188296|2 - GASOLINA (LITRO)|184.916|1163.11|GASOLINA COMUM
96656127|773754|304|03|130069067|-1|2024|9|2 - ABASTECIMENTO EM POSTO / COMÉRCIO|64404|65460|2 - GASOLINA (LITRO)|186.189|1171.11|GASOLINA COMUM
96656128|922678|304|03|130069067|-1|2024|9|2 - ABASTECIMENTO EM POSTO / COMÉRCIO|34649|62255|2 - GASOLINA (LITRO)|123.219|775.02|GASOLINA COMUM
96656129|872063|304|03|130069067|-1|2024|9|2 - ABASTECIMENTO EM POSTO / COMÉRCIO|68509|69849|4 - DIESEL (LITRO)|200.054|1298.35|OLEO DIESEL S10
96656130|872060|304|03|130069067|-1|2024|9|2 - ABASTECIMENTO EM POSTO / COMÉRCIO|36998|38432|2 - GASOLINA (LITRO)|265.48|1669.84|GASOLINA COMUM
96656131|872064|304|03|130069067|-1|2024|9|2 - ABASTECIMENTO EM POSTO / COMÉRCIO|40155|40155|2 - GASOLINA (LITRO)|50.983|320.68|GASOLINA COMUM
96896195|774583|303|02|136239804|-1|2024|11|2 - ABASTECIMENTO EM POSTO / COMÉRCIO|30280|30663|4 - DIESEL (LITRO)|105.65|706.8|OLEO DIESEL S10
96896191|774571|303|02|136239805|-1|2024|11|2 - ABASTECIMENTO EM POSTO / COMÉRCIO|209888|209888|99 - OUTROS|2.0|112.8|CD 19654 COBERTURA DA COLUNA DE DIRECAO
96896192|774571|303|02|136239805|-1|2024|11|2 - ABASTECIMENTO EM POSTO / COMÉRCIO|209888|209888|9 - SERVIÇOS|1.0|2160.0|REPAROS MOTORCAMBIOSUSPDIRECAO
96896193|774582|303|02|136239816|-1|2024|11|2 - ABASTECIMENTO EM POSTO / COMÉRCIO|124816|125107|2 - GASOLINA (LITRO)|43.65|278.92|GASOLINA COMUM
96896194|774556|303|02|131735182|-1|2024|11|2 - ABASTECIMENTO EM POSTO / COMÉRCIO|2527|2948|2 - GASOLINA (LITRO)|72.32|462.12|GASOLINA COMUM
96896196|774618|303|02|136239804|-1|2024|11|2 - ABASTECIMENTO EM POSTO / COMÉRCIO|0|0|4 - DIESEL (LITRO)|80.25|536.87|OLEO DIESEL S10
96896197|774638|303|02|136239816|-1|2024|11|2 - ABASTECIMENTO EM POSTO / COMÉRCIO|77143|78941|4 - DIESEL (LITRO)|395.27|2644.36|OLEO DIESEL S10
96896198|774541|303|02|136270756|-1|2024|11|2 - ABASTECIMENTO EM POSTO / COMÉRCIO|76528|79248|1 - ÁLCOOL (LITRO)|26.12|124.35|ETANOL HIDRATADO ALCOOL COMBUSTIVEL COMUM
96896199|774595|303|02|136270756|-1|2024|11|2 - ABASTECIMENTO EM POSTO / COMÉRCIO|208596|209446|2 - GASOLINA (LITRO)|147.66|927.23|GASOLINA COMUM
96896200|774567|303|02|136239810|-1|2024|11|2 - ABASTECIMENTO EM POSTO / COMÉRCIO|61843|61843|2 - GASOLINA (LITRO)|27.8|177.64|GASOLINA COMUM
96896201|774573|303|02|136270756|-1|2024|11|2 - ABASTECIMENTO EM POSTO / COMÉRCIO|102389|104640|2 - GASOLINA (LITRO)|268.6|1723.15|GASOLINA COMUM
96896202|774629|303|02|136239817|-1|2024|11|2 - ABASTECIMENTO EM POSTO / COMÉRCIO|14380|15148|4 - DIESEL (LITRO)|236.34|1581.11|OLEO DIESEL S10
96896203|774645|303|02|136239816|-1|2024|11|2 - ABASTECIMENTO EM POSTO / COMÉRCIO|8055|8509|4 - DIESEL (LITRO)|64.27|429.97|OLEO DIESEL S10
96896204|774571|303|02|136239805|-1|2024|11|2 - ABASTECIMENTO EM POSTO / COMÉRCIO|209888|209888|99 - OUTROS|1.0|153.6|CD 18555 RESERVATORIO DE AGUA DO RADIADOR
96896205|774539|303|02|136239805|-1|2024|11|2 - ABASTECIMENTO EM POSTO / COMÉRCIO|133066|133409|2 - GASOLINA (LITRO)|39.15|250.17|GASOLINA COMUM
96896206|774589|303|02|136270756|-1|2024|11|2 - ABASTECIMENTO EM POSTO / COMÉRCIO|79861|81686|2 - GASOLINA (LITRO)|205.67|1312.5|GASOLINA COMUM
96896207|774554|303|02|131735182|-1|2024|11|2 - ABASTECIMENTO EM POSTO / COMÉRCIO|33822|36613|2 - GASOLINA (LITRO)|267.35|1708.36|GASOLINA COMUM
96896208|774650|303|02|136239804|-1|2024|11|2 - ABASTECIMENTO EM POSTO / COMÉRCIO|0|0|4 - DIESEL (LITRO)|1002.72|6713.55|OLEO DIESEL S10
96896209|774629|303|02|136239816|-1|2024|11|2 - ABASTECIMENTO EM POSTO / COMÉRCIO|14380|15148|4 - DIESEL (LITRO)|117.92|788.38|OLEO DIESEL S10
96896210|774659|303|02|136239816|-1|2024|11|2 - ABASTECIMENTO EM POSTO / COMÉRCIO|0|0|2 - GASOLINA (LITRO)|20.0|127.8|GASOLINA COMUM
96896211|774624|303|02|127231184|-1|2024|11|2 - ABASTECIMENTO EM POSTO / COMÉRCIO|368744|368744|9 - SERVIÇOS|1.0|200.0|MONTAGEM DE PNEUS
96896212|774621|303|02|136239804|-1|2024|11|2 - ABASTECIMENTO EM POSTO / COMÉRCIO|105289|105289|4 - DIESEL (LITRO)|190.23|1272.64|OLEO DIESEL S10
96896213|872489|303|02|136239804|-1|2024|11|2 - ABASTECIMENTO EM POSTO / COMÉRCIO|0|0|4 - DIESEL (LITRO)|108.52|726.0|OLEO DIESEL S10
96896214|774569|303|02|127231184|-1|2024|11|2 - ABASTECIMENTO EM POSTO / COMÉRCIO|13554|13753|2 - GASOLINA (LITRO)|47.84|305.7|GASOLINA COMUM
96896215|774597|303|02|124390417|-1|2024|11|2 - ABASTECIMENTO EM POSTO / COMÉRCIO|82165|82229|1 - ÁLCOOL (LITRO)|62.21|296.12|ETANOL HIDRATADO ALCOOL COMBUSTIVEL COMUM
96896216|774544|303|02|136270756|-1|2024|11|2 - ABASTECIMENTO EM POSTO / COMÉRCIO|73968|76523|2 - GASOLINA (LITRO)|282.98|1807.91|GASOLINA COMUM
96896217|774609|303|02|136270756|-1|2024|11|2 - ABASTECIMENTO EM POSTO / COMÉRCIO|218195|219145|2 - GASOLINA (LITRO)|145.62|940.33|GASOLINA COMUM
96896218|774571|303|02|136239805|-1|2024|11|2 - ABASTECIMENTO EM POSTO / COMÉRCIO|209888|209888|6 - ÓLEO LUBRIFICANTE (LITRO)|3.0|233.1|CD 4787 OLEO DO MOTOR 15W40
96896219|774651|303|02|127231175|-1|2024|11|2 - ABASTECIMENTO EM POSTO / COMÉRCIO|82228|82228|2 - GASOLINA (LITRO)|34.79|222.31|GASOLINA COMUM
96896220|774541|303|02|136270756|-1|2024|11|2 - ABASTECIMENTO EM POSTO / COMÉRCIO|76528|79248|2 - GASOLINA (LITRO)|240.33|1527.86|GASOLINA COMUM
96896221|774553|303|02|136270756|-1|2024|11|2 - ABASTECIMENTO EM POSTO / COMÉRCIO|128408|128408|2 - GASOLINA (LITRO)|18.44|117.83|GASOLINA COMUM
96896222|774577|303|02|136270756|-1|2024|11|2 - ABASTECIMENTO EM POSTO / COMÉRCIO|52303|54047|4 - DIESEL (LITRO)|219.71|1441.77|OLEO DIESEL S10
96896223|774626|303|02|136239804|-1|2024|11|2 - ABASTECIMENTO EM POSTO / COMÉRCIO|5620|6229|4 - DIESEL (LITRO)|186.83|1249.9|OLEO DIESEL S10
96896224|774594|303|02|136239816|-1|2024|11|2 - ABASTECIMENTO EM POSTO / COMÉRCIO|42895|43649|2 - GASOLINA (LITRO)|40.48|258.67|GASOLINA COMUM
96896225|774587|303|02|136270756|-1|2024|11|2 - ABASTECIMENTO EM POSTO / COMÉRCIO|236876|238220|2 - GASOLINA (LITRO)|178.46|1139.08|GASOLINA COMUM
96896226|774644|303|02|136239816|-1|2024|11|2 - ABASTECIMENTO EM POSTO / COMÉRCIO|90743|92701|4 - DIESEL (LITRO)|227.05|1518.96|OLEO DIESEL S10
96896227|774564|303|02|126501617|-1|2024|11|2 - ABASTECIMENTO EM POSTO / COMÉRCIO|7790|7790|2 - GASOLINA (LITRO)|17.81|113.81|GASOLINA COMUM
96896228|774549|303|02|136239804|-1|2024|11|2 - ABASTECIMENTO EM POSTO / COMÉRCIO|119513|120171|2 - GASOLINA (LITRO)|150.29|960.35|GASOLINA COMUM
96896229|774542|303|02|136270756|-1|2024|11|2 - ABASTECIMENTO EM POSTO / COMÉRCIO|250863|252069|2 - GASOLINA (LITRO)|76.83|490.94|GASOLINA COMUM
96896230|774659|303|02|136239817|-1|2024|11|2 - ABASTECIMENTO EM POSTO / COMÉRCIO|0|0|2 - GASOLINA (LITRO)|21.23|135.66|GASOLINA COMUM
96896231|774645|303|02|136239817|-1|2024|11|2 - ABASTECIMENTO EM POSTO / COMÉRCIO|8055|8509|4 - DIESEL (LITRO)|181.6|1214.91|OLEO DIESEL S10
96896235|872490|303|02|127231184|-1|2024|11|2 - ABASTECIMENTO EM POSTO / COMÉRCIO|0|0|2 - GASOLINA (LITRO)|38.75|247.65|GASOLINA COMUM
96896232|774646|303|02|136239805|-1|2024|11|2 - ABASTECIMENTO EM POSTO / COMÉRCIO|0|0|2 - GASOLINA (LITRO)|15.39|98.35|GASOLINA COMUM
96896233|774579|303|02|136270756|-1|2024|11|2 - ABASTECIMENTO EM POSTO / COMÉRCIO|118595|122110|4 - DIESEL (LITRO)|453.09|3031.07|OLEO DIESEL S10
96896234|774652|303|02|136270787|-1|2024|11|2 - ABASTECIMENTO EM POSTO / COMÉRCIO|10250|10946|4 - DIESEL (LITRO)|127.48|852.84|OLEO DIESEL S10
96896236|774641|303|02|136270756|-1|2024|11|2 - ABASTECIMENTO EM POSTO / COMÉRCIO|203282|205518|4 - DIESEL (LITRO)|637.48|4141.71|OLEO DIESEL S10
96896237|774585|303|02|136270756|-1|2024|11|2 - ABASTECIMENTO EM POSTO / COMÉRCIO|191272|193433|2 - GASOLINA (LITRO)|275.96|1781.3|GASOLINA COMUM
96896238|774563|303|02|131735182|-1|2024|11|2 - ABASTECIMENTO EM POSTO / COMÉRCIO|94780|95397|2 - GASOLINA (LITRO)|78.89|504.1|GASOLINA COMUM
96896239|774599|303|02|136270756|-1|2024|11|2 - ABASTECIMENTO EM POSTO / COMÉRCIO|104863|105223|4 - DIESEL (LITRO)|97.29|650.87|OLEO DIESEL S10
96896240|774593|303|02|136239804|-1|2024|11|2 - ABASTECIMENTO EM POSTO / COMÉRCIO|71830|72348|2 - GASOLINA (LITRO)|189.37|1210.08|GASOLINA COMUM
96896241|774644|303|02|127231175|-1|2024|11|2 - ABASTECIMENTO EM POSTO / COMÉRCIO|90743|92701|4 - DIESEL (LITRO)|441.48|2953.5|OLEO DIESEL S10
96896242|774588|303|02|136270756|-1|2024|11|2 - ABASTECIMENTO EM POSTO / COMÉRCIO|199228|200350|2 - GASOLINA (LITRO)|176.33|1081.54|GASOLINA COMUM
96896243|774560|303|02|136270756|-1|2024|11|2 - ABASTECIMENTO EM POSTO / COMÉRCIO|25381|25381|2 - GASOLINA (LITRO)|46.51|297.2|GASOLINA COMUM
96896244|774547|303|02|136270756|-1|2024|11|2 - ABASTECIMENTO EM POSTO / COMÉRCIO|58656|62710|2 - GASOLINA (LITRO)|463.49|2960.09|GASOLINA COMUM
96896245|774539|303|02|136270756|-1|2024|11|2 - ABASTECIMENTO EM POSTO / COMÉRCIO|133066|133409|2 - GASOLINA (LITRO)|46.77|298.86|GASOLINA COMUM
96896246|774618|303|02|136239804|-1|2024|11|2 - ABASTECIMENTO EM POSTO / COMÉRCIO|0|0|4 - DIESEL (LITRO)|153.25|1010.51|OLEO DIESEL COMUM
96896247|774542|303|02|130415126|-1|2024|11|2 - ABASTECIMENTO EM POSTO / COMÉRCIO|250863|252069|2 - GASOLINA (LITRO)|73.75|471.26|GASOLINA COMUM
96896248|774582|303|02|127231175|-1|2024|11|2 - ABASTECIMENTO EM POSTO / COMÉRCIO|124816|125107|2 - GASOLINA (LITRO)|36.06|230.42|GASOLINA COMUM
96896249|774571|303|02|136239805|-1|2024|11|2 - ABASTECIMENTO EM POSTO / COMÉRCIO|209888|209888|9 - SERVIÇOS|1.0|265.0|INSTALAR FLANGECOBERTURA DA COLUNALAMP
96896250|774555|303|02|136239810|-1|2024|11|2 - ABASTECIMENTO EM POSTO / COMÉRCIO|123197|123497|2 - GASOLINA (LITRO)|58.09|371.2|GASOLINA COMUM
96896251|774647|303|02|136239804|-1|2024|11|2 - ABASTECIMENTO EM POSTO / COMÉRCIO|0|0|4 - DIESEL (LITRO)|416.04|2783.31|OLEO DIESEL S10
96896252|774638|303|02|124841814|-1|2024|11|2 - ABASTECIMENTO EM POSTO / COMÉRCIO|77143|78941|4 - DIESEL (LITRO)|385.76|2580.73|OLEO DIESEL S10
96896253|929549|303|02|136239804|-1|2024|11|2 - ABASTECIMENTO EM POSTO / COMÉRCIO|37343|37901|4 - DIESEL (LITRO)|530.56|3549.44|OLEO DIESEL S10
96896254|929548|303|02|136270756|-1|2024|11|2 - ABASTECIMENTO EM POSTO / COMÉRCIO|87073|90281|4 - DIESEL (LITRO)|438.51|2788.41|OLEO DIESEL S10
96896255|774561|303|02|136270756|-1|2024|11|2 - ABASTECIMENTO EM POSTO / COMÉRCIO|62073|64342|2 - GASOLINA (LITRO)|216.66|1377.14|GASOLINA COMUM
96896256|774594|303|02|136239817|-1|2024|11|2 - ABASTECIMENTO EM POSTO / COMÉRCIO|42895|43649|2 - GASOLINA (LITRO)|81.15|518.55|GASOLINA COMUM
96896257|774615|303|02|124390417|-1|2024|11|2 - ABASTECIMENTO EM POSTO / COMÉRCIO|0|0|2 - GASOLINA (LITRO)|20.53|131.19|GASOLINA COMUM
96896258|774571|303|02|136239805|-1|2024|11|2 - ABASTECIMENTO EM POSTO / COMÉRCIO|209888|209888|99 - OUTROS|1.0|39.2|CD 19132 FILTRO DE COMBUSTIVEL
96896259|774584|303|02|136270756|-1|2024|11|2 - ABASTECIMENTO EM POSTO / COMÉRCIO|67249|70133|4 - DIESEL (LITRO)|461.78|2873.99|OLEO DIESEL S10
96896260|774540|303|02|136239810|-1|2024|11|2 - ABASTECIMENTO EM POSTO / COMÉRCIO|8203|8592|2 - GASOLINA (LITRO)|34.99|223.59|GASOLINA COMUM
96896261|774591|303|02|136270756|-1|2024|11|2 - ABASTECIMENTO EM POSTO / COMÉRCIO|238136|238643|2 - GASOLINA (LITRO)|50.38|318.53|GASOLINA COMUM
96896262|774599|303|02|136270756|-1|2024|11|2 - ABASTECIMENTO EM POSTO / COMÉRCIO|104863|105223|9 - SERVIÇOS|1.0|560.0|MANUTENCAO CORRETIVA REALIZADA
96896263|774570|303|02|136239810|-1|2024|11|2 - ABASTECIMENTO EM POSTO / COMÉRCIO|72649|72649|2 - GASOLINA (LITRO)|51.32|327.93|GASOLINA COMUM
96896264|774568|303|02|136270756|-1|2024|11|2 - ABASTECIMENTO EM POSTO / COMÉRCIO|219157|219724|2 - GASOLINA (LITRO)|91.22|582.89|GASOLINA COMUM
96896265|774540|303|02|136270787|-1|2024|11|2 - ABASTECIMENTO EM POSTO / COMÉRCIO|8203|8592|2 - GASOLINA (LITRO)|36.95|236.11|GASOLINA COMUM
96896266|774558|303|02|136270756|-1|2024|11|2 - ABASTECIMENTO EM POSTO / COMÉRCIO|99290|101333|2 - GASOLINA (LITRO)|206.52|1324.43|GASOLINA COMUM
96896267|774536|303|02|136270756|-1|2024|11|2 - ABASTECIMENTO EM POSTO / COMÉRCIO|143823|143823|2 - GASOLINA (LITRO)|42.15|269.34|GASOLINA COMUM
96896268|774543|303|02|124390417|-1|2024|11|2 - ABASTECIMENTO EM POSTO / COMÉRCIO|141511|141626|2 - GASOLINA (LITRO)|37.59|240.2|GASOLINA COMUM
96896269|774623|303|02|136239804|-1|2024|11|2 - ABASTECIMENTO EM POSTO / COMÉRCIO|40330|40330|4 - DIESEL (LITRO)|111.54|746.2|OLEO DIESEL S10
96896270|872489|303|02|136239804|-1|2024|11|2 - ABASTECIMENTO EM POSTO / COMÉRCIO|0|0|2 - GASOLINA (LITRO)|144.63|924.23|GASOLINA COMUM
96896271|774545|303|02|136239810|-1|2024|11|2 - ABASTECIMENTO EM POSTO / COMÉRCIO|215488|215909|2 - GASOLINA (LITRO)|83.56|533.95|GASOLINA COMUM
97616795|774652|303|02|136270787|-1|2024|12|2 - ABASTECIMENTO EM POSTO / COMÉRCIO|11126|12215|4 - DIESEL (LITRO)|139.36|927.25|OLEO DIESEL S10
97616790|774647|303|02|136239804|-1|2024|12|2 - ABASTECIMENTO EM POSTO / COMÉRCIO|0|0|4 - DIESEL (LITRO)|1305.94|8730.05|OLEO DIESEL S10
97616791|774569|303|02|127231184|-1|2024|12|2 - ABASTECIMENTO EM POSTO / COMÉRCIO|14132|14487|2 - GASOLINA (LITRO)|56.82|363.08|GASOLINA COMUM
97616792|774609|303|02|138541245|-1|2024|12|2 - ABASTECIMENTO EM POSTO / COMÉRCIO|219719|220820|2 - GASOLINA (LITRO)|169.93|1076.7|GASOLINA COMUM
97616793|774555|303|02|136239810|-1|2024|12|2 - ABASTECIMENTO EM POSTO / COMÉRCIO|123757|123757|2 - GASOLINA (LITRO)|27.23|174.0|GASOLINA COMUM
97616794|774571|303|02|136270756|-1|2024|12|2 - ABASTECIMENTO EM POSTO / COMÉRCIO|209974|209974|2 - GASOLINA (LITRO)|36.97|236.24|GASOLINA COMUM
97616796|774556|303|02|131735182|-1|2024|12|2 - ABASTECIMENTO EM POSTO / COMÉRCIO|3289|3289|2 - GASOLINA (LITRO)|30.04|191.76|GASOLINA COMUM
97616797|774587|303|02|138541245|-1|2024|12|2 - ABASTECIMENTO EM POSTO / COMÉRCIO|238613|240111|2 - GASOLINA (LITRO)|193.13|1228.43|GASOLINA COMUM
97616798|774593|303|02|136239804|-1|2024|12|2 - ABASTECIMENTO EM POSTO / COMÉRCIO|72580|74087|2 - GASOLINA (LITRO)|415.13|2652.68|GASOLINA COMUM
97616799|774636|303|02|136239816|-1|2024|12|2 - ABASTECIMENTO EM POSTO / COMÉRCIO|65666|65666|4 - DIESEL (LITRO)|72.61|485.76|OLEO DIESEL S10
97616800|774567|303|02|136270787|-1|2024|12|2 - ABASTECIMENTO EM POSTO / COMÉRCIO|62083|62362|2 - GASOLINA (LITRO)|64.46|411.9|GASOLINA COMUM
97616801|774570|303|02|136270787|-1|2024|12|2 - ABASTECIMENTO EM POSTO / COMÉRCIO|72949|73605|2 - GASOLINA (LITRO)|135.65|866.8|GASOLINA COMUM
97616802|774542|303|02|136270756|-1|2024|12|2 - ABASTECIMENTO EM POSTO / COMÉRCIO|252294|253473|2 - GASOLINA (LITRO)|153.3|979.61|GASOLINA COMUM
97616803|774568|303|02|138541245|-1|2024|12|2 - ABASTECIMENTO EM POSTO / COMÉRCIO|220012|220633|2 - GASOLINA (LITRO)|88.43|565.07|GASOLINA COMUM
97616804|774582|303|02|136239816|-1|2024|12|2 - ABASTECIMENTO EM POSTO / COMÉRCIO|125448|125737|2 - GASOLINA (LITRO)|68.08|435.03|GASOLINA COMUM
97616805|774650|303|02|136239804|-1|2024|12|2 - ABASTECIMENTO EM POSTO / COMÉRCIO|0|0|4 - DIESEL (LITRO)|104.03|695.95|OLEO DIESEL S10
97616806|774626|303|02|136239804|-1|2024|12|2 - ABASTECIMENTO EM POSTO / COMÉRCIO|6350|6602|4 - DIESEL (LITRO)|123.49|826.15|OLEO DIESEL S10
97616807|774594|303|02|136239816|-1|2024|12|2 - ABASTECIMENTO EM POSTO / COMÉRCIO|44069|44471|2 - GASOLINA (LITRO)|79.5|508.0|GASOLINA COMUM
97616808|872489|303|02|136239804|-1|2024|12|2 - ABASTECIMENTO EM POSTO / COMÉRCIO|0|0|4 - DIESEL (LITRO)|197.95|1324.28|OLEO DIESEL S10
97616809|774545|303|02|136239810|-1|2024|12|2 - ABASTECIMENTO EM POSTO / COMÉRCIO|216114|216605|2 - GASOLINA (LITRO)|29.59|189.08|GASOLINA COMUM
97616810|774541|303|02|138541245|-1|2024|12|2 - ABASTECIMENTO EM POSTO / COMÉRCIO|79440|81613|2 - GASOLINA (LITRO)|213.94|1367.07|GASOLINA COMUM
97616814|774561|303|02|138541245|-1|2024|12|2 - ABASTECIMENTO EM POSTO / COMÉRCIO|64709|66294|2 - GASOLINA (LITRO)|158.75|1014.42|GASOLINA COMUM
97616811|774536|303|02|136270756|-1|2024|12|2 - ABASTECIMENTO EM POSTO / COMÉRCIO|144219|144629|2 - GASOLINA (LITRO)|88.31|564.3|GASOLINA COMUM
97616812|774584|303|02|138541245|-1|2024|12|2 - ABASTECIMENTO EM POSTO / COMÉRCIO|70486|72519|4 - DIESEL (LITRO)|418.52|2611.78|OLEO DIESEL S10
97616813|774615|303|02|124390417|-1|2024|12|2 - ABASTECIMENTO EM POSTO / COMÉRCIO|0|0|2 - GASOLINA (LITRO)|5.14|32.84|GASOLINA COMUM
97616815|774623|303|02|136239804|-1|2024|12|2 - ABASTECIMENTO EM POSTO / COMÉRCIO|40566|41233|4 - DIESEL (LITRO)|620.49|4151.08|OLEO DIESEL S10
97616816|774549|303|02|136239804|-1|2024|12|2 - ABASTECIMENTO EM POSTO / COMÉRCIO|120343|120576|2 - GASOLINA (LITRO)|65.55|418.87|GASOLINA COMUM
97616817|774629|303|02|136239816|-1|2024|12|2 - ABASTECIMENTO EM POSTO / COMÉRCIO|15538|15538|4 - DIESEL (LITRO)|118.93|795.64|OLEO DIESEL S10
97616818|774638|303|02|136239816|-1|2024|12|2 - ABASTECIMENTO EM POSTO / COMÉRCIO|79175|79968|4 - DIESEL (LITRO)|379.28|2537.38|OLEO DIESEL S10
97616819|774558|303|02|138541245|-1|2024|12|2 - ABASTECIMENTO EM POSTO / COMÉRCIO|101919|104237|2 - GASOLINA (LITRO)|265.28|1689.35|GASOLINA COMUM
97616820|774544|303|02|138541245|-1|2024|12|2 - ABASTECIMENTO EM POSTO / COMÉRCIO|76716|78369|2 - GASOLINA (LITRO)|168.98|1077.99|GASOLINA COMUM
97616821|774560|303|02|138541245|-1|2024|12|2 - ABASTECIMENTO EM POSTO / COMÉRCIO|25817|25817|2 - GASOLINA (LITRO)|45.56|291.13|GASOLINA COMUM
97616822|774563|303|02|131735182|-1|2024|12|2 - ABASTECIMENTO EM POSTO / COMÉRCIO|95940|95940|2 - GASOLINA (LITRO)|52.66|336.5|GASOLINA COMUM
97616823|774579|303|02|138541245|-1|2024|12|2 - ABASTECIMENTO EM POSTO / COMÉRCIO|122328|125665|4 - DIESEL (LITRO)|419.17|2800.93|OLEO DIESEL S10
97616824|774659|303|02|136239816|-1|2024|12|2 - ABASTECIMENTO EM POSTO / COMÉRCIO|0|0|2 - GASOLINA (LITRO)|63.78|407.55|GASOLINA COMUM
97616825|774564|303|02|126501617|-1|2024|12|2 - ABASTECIMENTO EM POSTO / COMÉRCIO|8040|8040|2 - GASOLINA (LITRO)|23.03|147.16|GASOLINA COMUM
97616826|774577|303|02|138541245|-1|2024|12|2 - ABASTECIMENTO EM POSTO / COMÉRCIO|54440|55910|4 - DIESEL (LITRO)|206.18|1358.98|OLEO DIESEL S10
97616827|774641|303|02|138541245|-1|2024|12|2 - ABASTECIMENTO EM POSTO / COMÉRCIO|205885|208278|4 - DIESEL (LITRO)|588.4|3936.4|OLEO DIESEL S10
97616828|774585|303|02|138541245|-1|2024|12|2 - ABASTECIMENTO EM POSTO / COMÉRCIO|193730|195426|2 - GASOLINA (LITRO)|207.08|1313.69|GASOLINA COMUM
97616829|774597|303|02|124390417|-1|2024|12|2 - ABASTECIMENTO EM POSTO / COMÉRCIO|82547|83031|1 - ÁLCOOL (LITRO)|115.4|549.35|ETANOL HIDRATADO ALCOOL COMBUSTIVEL COMUM
97616830|929549|303|02|136239804|-1|2024|12|2 - ABASTECIMENTO EM POSTO / COMÉRCIO|38055|38517|4 - DIESEL (LITRO)|283.0|1893.27|OLEO DIESEL S10
97616831|774553|303|02|136270756|-1|2024|12|2 - ABASTECIMENTO EM POSTO / COMÉRCIO|128576|128828|2 - GASOLINA (LITRO)|50.54|318.34|GASOLINA COMUM
97616832|774630|303|02|136239816|-1|2024|12|2 - ABASTECIMENTO EM POSTO / COMÉRCIO|90206|90604|4 - DIESEL (LITRO)|224.57|1502.38|OLEO DIESEL S10
97616833|774644|303|02|136239816|-1|2024|12|2 - ABASTECIMENTO EM POSTO / COMÉRCIO|93143|95342|4 - DIESEL (LITRO)|711.12|4757.4|OLEO DIESEL S10
97616834|774540|303|02|136270787|-1|2024|12|2 - ABASTECIMENTO EM POSTO / COMÉRCIO|9003|9003|2 - GASOLINA (LITRO)|40.87|261.16|GASOLINA COMUM
97616835|774595|303|02|138541245|-1|2024|12|2 - ABASTECIMENTO EM POSTO / COMÉRCIO|209771|210932|2 - GASOLINA (LITRO)|175.87|1077.09|GASOLINA COMUM
97616836|774611|303|02|136239804|-1|2024|12|2 - ABASTECIMENTO EM POSTO / COMÉRCIO|0|0|4 - DIESEL (LITRO)|50.68|339.05|OLEO DIESEL S10
97616837|774547|303|02|138541245|-1|2024|12|2 - ABASTECIMENTO EM POSTO / COMÉRCIO|63046|67536|2 - GASOLINA (LITRO)|580.25|3633.82|GASOLINA COMUM
97616838|872489|303|02|136239804|-1|2024|12|2 - ABASTECIMENTO EM POSTO / COMÉRCIO|0|0|2 - GASOLINA (LITRO)|531.13|3394.61|GASOLINA COMUM
97616839|774656|303|02|136270787|-1|2024|12|2 - ABASTECIMENTO EM POSTO / COMÉRCIO|5512|5512|4 - DIESEL (LITRO)|42.76|286.06|OLEO DIESEL S10
97616840|774583|303|02|136239804|-1|2024|12|2 - ABASTECIMENTO EM POSTO / COMÉRCIO|31048|33041|4 - DIESEL (LITRO)|312.16|2088.35|OLEO DIESEL S10
97616841|872490|303|02|127231184|-1|2024|12|2 - ABASTECIMENTO EM POSTO / COMÉRCIO|0|0|2 - GASOLINA (LITRO)|21.62|138.15|GASOLINA COMUM
97616842|774645|303|02|136239816|-1|2024|12|2 - ABASTECIMENTO EM POSTO / COMÉRCIO|8938|9302|4 - DIESEL (LITRO)|232.24|1553.68|OLEO DIESEL S10
97616843|774652|303|02|136270787|-1|2024|12|2 - ABASTECIMENTO EM POSTO / COMÉRCIO|11126|12215|99 - OUTROS|2.0|125.0|ARLA 32
97616844|774649|303|02|136239804|-1|2024|12|2 - ABASTECIMENTO EM POSTO / COMÉRCIO|0|0|4 - DIESEL (LITRO)|76.59|512.39|OLEO DIESEL S10
97616845|774618|303|02|136239804|-1|2024|12|2 - ABASTECIMENTO EM POSTO / COMÉRCIO|0|0|4 - DIESEL (LITRO)|154.98|1028.77|OLEO DIESEL S10
97616846|774543|303|02|124390417|-1|2024|12|2 - ABASTECIMENTO EM POSTO / COMÉRCIO|141757|141831|2 - GASOLINA (LITRO)|39.12|250.0|GASOLINA COMUM
97616847|929548|303|02|138541245|-1|2024|12|2 - ABASTECIMENTO EM POSTO / COMÉRCIO|91077|94310|4 - DIESEL (LITRO)|200.29|1249.91|OLEO DIESEL COMUM
97616848|774599|303|02|138541245|-1|2024|12|2 - ABASTECIMENTO EM POSTO / COMÉRCIO|105575|107074|4 - DIESEL (LITRO)|233.74|1538.24|OLEO DIESEL S10
97616849|774545|303|02|136270787|-1|2024|12|2 - ABASTECIMENTO EM POSTO / COMÉRCIO|216114|216605|2 - GASOLINA (LITRO)|68.98|440.79|GASOLINA COMUM
97616850|774551|303|02|136239804|-1|2024|12|2 - ABASTECIMENTO EM POSTO / COMÉRCIO|193779|193779|2 - GASOLINA (LITRO)|15.65|100.0|GASOLINA COMUM
97616851|774624|303|02|127231184|-1|2024|12|2 - ABASTECIMENTO EM POSTO / COMÉRCIO|368945|368945|4 - DIESEL (LITRO)|68.09|448.71|OLEO DIESEL COMUM
97616852|774651|303|02|136239816|-1|2024|12|2 - ABASTECIMENTO EM POSTO / COMÉRCIO|82342|82542|2 - GASOLINA (LITRO)|60.91|389.22|GASOLINA COMUM
97616853|774573|303|02|138541245|-1|2024|12|2 - ABASTECIMENTO EM POSTO / COMÉRCIO|104880|107780|2 - GASOLINA (LITRO)|363.08|2318.25|GASOLINA COMUM
97616854|774588|303|02|138541245|-1|2024|12|2 - ABASTECIMENTO EM POSTO / COMÉRCIO|200946|201485|2 - GASOLINA (LITRO)|108.53|687.84|GASOLINA COMUM
97616855|774641|303|02|138541245|-1|2024|12|2 - ABASTECIMENTO EM POSTO / COMÉRCIO|205885|208278|2 - GASOLINA (LITRO)|78.03|522.02|GASOLINA COMUM
97616856|774589|303|02|138541245|-1|2024|12|2 - ABASTECIMENTO EM POSTO / COMÉRCIO|81708|82901|2 - GASOLINA (LITRO)|146.99|938.96|GASOLINA COMUM
97616860|774550|303|02|136239804|-1|2024|12|2 - ABASTECIMENTO EM POSTO / COMÉRCIO|238755|238755|2 - GASOLINA (LITRO)|29.57|188.95|GASOLINA COMUM
97616857|929548|303|02|138541245|-1|2024|12|2 - ABASTECIMENTO EM POSTO / COMÉRCIO|91077|94310|4 - DIESEL (LITRO)|274.34|1752.01|OLEO DIESEL S10
97616858|774618|303|02|136239804|-1|2024|12|2 - ABASTECIMENTO EM POSTO / COMÉRCIO|0|0|4 - DIESEL (LITRO)|94.15|620.45|OLEO DIESEL COMUM
97616859|774554|303|02|131735182|-1|2024|12|2 - ABASTECIMENTO EM POSTO / COMÉRCIO|37030|38555|2 - GASOLINA (LITRO)|173.74|1110.2|GASOLINA COMUM
97616861|774646|303|02|136270756|-1|2024|12|2 - ABASTECIMENTO EM POSTO / COMÉRCIO|0|0|2 - GASOLINA (LITRO)|25.04|160.0|GASOLINA COMUM
96752674|780172|302|01|124545596|-1|2024|11|2 - ABASTECIMENTO EM POSTO / COMÉRCIO|85966|87340|2 - GASOLINA (LITRO)|150.402|980.72|ABASTECIMENTO VEICULO CODIGO =3, POSTO LINK CARD A
96752675|891911|302|01|124545596|-1|2024|11|2 - ABASTECIMENTO EM POSTO / COMÉRCIO|3172|4271|2 - GASOLINA (LITRO)|96.71|621.73|ABASTECIMENTO VEICULO CODIGO =931, POSTO LINK CARD
96752676|854716|302|01|124545596|-1|2024|11|2 - ABASTECIMENTO EM POSTO / COMÉRCIO|44890|47120|2 - GASOLINA (LITRO)|216.243|1421.41|ABASTECIMENTO VEICULO CODIGO =927, POSTO LINK CARD
96885700|774588|303|02|136239805|-1|2024|10|2 - ABASTECIMENTO EM POSTO / COMÉRCIO|196994|198713|9 - SERVIÇOS|1.0|270.0|REPARO NOS FREIOS E FUNILARIA
97256857|854716|302|01|124545596|-1|2024|12|2 - ABASTECIMENTO EM POSTO / COMÉRCIO|47120|48996|2 - GASOLINA (LITRO)|234.701|1518.61|ABASTECIMENTO VEICULO CODIGO =927, POSTO LINK CARD
97256858|780172|302|01|124545596|-1|2024|12|2 - ABASTECIMENTO EM POSTO / COMÉRCIO|87340|88744|2 - GASOLINA (LITRO)|151.245|948.29|ABASTECIMENTO VEICULO CODIGO =3, POSTO LINK CARD A
97256859|891911|302|01|124545596|-1|2024|12|2 - ABASTECIMENTO EM POSTO / COMÉRCIO|4271|4910|2 - GASOLINA (LITRO)|66.595|417.54|ABASTECIMENTO VEICULO CODIGO =931, POSTO LINK CARD
96885692|774594|303|02|130415127|-1|2024|10|2 - ABASTECIMENTO EM POSTO / COMÉRCIO|42048|42423|2 - GASOLINA (LITRO)|35.56|227.23|GASOLINA COMUM
96885693|774589|303|02|136239805|-1|2024|10|2 - ABASTECIMENTO EM POSTO / COMÉRCIO|78011|79501|2 - GASOLINA (LITRO)|82.14|534.01|GASOLINA COMUM
96885694|872489|303|02|136239804|-1|2024|10|2 - ABASTECIMENTO EM POSTO / COMÉRCIO|0|0|4 - DIESEL (LITRO)|182.77|1222.73|OLEO DIESEL S10
96885695|774624|303|02|127231184|-1|2024|10|2 - ABASTECIMENTO EM POSTO / COMÉRCIO|368526|368744|4 - DIESEL (LITRO)|73.66|485.46|OLEO DIESEL COMUM
96885696|774609|303|02|136239805|-1|2024|10|2 - ABASTECIMENTO EM POSTO / COMÉRCIO|215818|217723|2 - GASOLINA (LITRO)|97.2|621.14|GASOLINA COMUM
96885697|774647|303|02|136239804|-1|2024|10|2 - ABASTECIMENTO EM POSTO / COMÉRCIO|0|0|4 - DIESEL (LITRO)|134.52|899.94|OLEO DIESEL S10
96885698|774579|303|02|136239805|-1|2024|10|2 - ABASTECIMENTO EM POSTO / COMÉRCIO|114844|118320|9 - SERVIÇOS|1.0|300.0|TROCA DE PNEUS
96885699|774553|303|02|136239805|-1|2024|10|2 - ABASTECIMENTO EM POSTO / COMÉRCIO|127861|128318|9 - SERVIÇOS|1.0|60.0|MONTAGEM DE PNEUS
96885701|774618|303|02|136239804|-1|2024|10|2 - ABASTECIMENTO EM POSTO / COMÉRCIO|0|0|4 - DIESEL (LITRO)|87.67|577.75|OLEO DIESEL COMUM
96885702|774554|303|02|131735182|-1|2024|10|2 - ABASTECIMENTO EM POSTO / COMÉRCIO|29928|33370|2 - GASOLINA (LITRO)|136.4|871.6|GASOLINA COMUM
96885703|774650|303|02|136239804|-1|2024|10|2 - ABASTECIMENTO EM POSTO / COMÉRCIO|0|0|4 - DIESEL (LITRO)|1068.49|7148.19|OLEO DIESEL S10
96885704|774645|303|02|130415127|-1|2024|10|2 - ABASTECIMENTO EM POSTO / COMÉRCIO|6834|7590|4 - DIESEL (LITRO)|84.49|565.24|OLEO DIESEL S10
96885705|774629|303|02|130415127|-1|2024|10|2 - ABASTECIMENTO EM POSTO / COMÉRCIO|12434|14000|9 - SERVIÇOS|1.0|300.0|MONTAGEM DE PNEUS
96885706|774563|303|02|131735182|-1|2024|10|2 - ABASTECIMENTO EM POSTO / COMÉRCIO|93810|94603|2 - GASOLINA (LITRO)|51.5|329.09|GASOLINA COMUM
96885707|872489|303|02|136239804|-1|2024|10|2 - ABASTECIMENTO EM POSTO / COMÉRCIO|0|0|2 - GASOLINA (LITRO)|21.63|138.22|GASOLINA COMUM
96885708|774597|303|02|124390417|-1|2024|10|2 - ABASTECIMENTO EM POSTO / COMÉRCIO|81318|81873|1 - ÁLCOOL (LITRO)|51.53|245.28|ETANOL HIDRATADO ALCOOL COMBUSTIVEL COMUM
96885709|774539|303|02|136239805|-1|2024|10|2 - ABASTECIMENTO EM POSTO / COMÉRCIO|132115|132648|9 - SERVIÇOS|1.0|120.0|MONTAGEM DE PNEUS
96885710|774619|303|02|136239804|-1|2024|10|2 - ABASTECIMENTO EM POSTO / COMÉRCIO|31375|31566|4 - DIESEL (LITRO)|260.36|1741.81|OLEO DIESEL S10
96885711|774615|303|02|124390417|-1|2024|10|2 - ABASTECIMENTO EM POSTO / COMÉRCIO|0|0|2 - GASOLINA (LITRO)|31.63|202.11|GASOLINA COMUM
96885712|774539|303|02|136239805|-1|2024|10|2 - ABASTECIMENTO EM POSTO / COMÉRCIO|132115|132648|2 - GASOLINA (LITRO)|53.92|344.58|GASOLINA COMUM
96885713|774544|303|02|136239805|-1|2024|10|2 - ABASTECIMENTO EM POSTO / COMÉRCIO|70809|73724|2 - GASOLINA (LITRO)|121.31|796.84|GASOLINA COMUM
96885714|774568|303|02|136239805|-1|2024|10|2 - ABASTECIMENTO EM POSTO / COMÉRCIO|218135|218823|2 - GASOLINA (LITRO)|66.66|425.95|GASOLINA COMUM
96885715|774585|303|02|136239805|-1|2024|10|2 - ABASTECIMENTO EM POSTO / COMÉRCIO|189561|190657|6 - ÓLEO LUBRIFICANTE (LITRO)|3.0|117.0|CD 4787 OLEO DO MOTOR 15W40
96885716|774584|303|02|136239805|-1|2024|10|2 - ABASTECIMENTO EM POSTO / COMÉRCIO|64520|67137|4 - DIESEL (LITRO)|245.63|1508.42|OLEO DIESEL S10
96885717|774621|303|02|136239804|-1|2024|10|2 - ABASTECIMENTO EM POSTO / COMÉRCIO|104167|104802|4 - DIESEL (LITRO)|429.3|2872.02|OLEO DIESEL S10
96885718|774651|303|02|130415127|-1|2024|10|2 - ABASTECIMENTO EM POSTO / COMÉRCIO|81890|82078|2 - GASOLINA (LITRO)|63.58|400.72|GASOLINA COMUM
96885722|774567|303|02|124390411|-1|2024|10|2 - ABASTECIMENTO EM POSTO / COMÉRCIO|61239|61542|2 - GASOLINA (LITRO)|31.95|204.16|GASOLINA COMUM
96885719|774549|303|02|136239804|-1|2024|10|2 - ABASTECIMENTO EM POSTO / COMÉRCIO|118789|119283|2 - GASOLINA (LITRO)|47.74|305.06|GASOLINA COMUM
96885720|774591|303|02|136239805|-1|2024|10|2 - ABASTECIMENTO EM POSTO / COMÉRCIO|236132|237861|2 - GASOLINA (LITRO)|67.91|433.94|GASOLINA COMUM
96885721|774541|303|02|136239805|-1|2024|10|2 - ABASTECIMENTO EM POSTO / COMÉRCIO|73325|76236|2 - GASOLINA (LITRO)|150.19|951.44|GASOLINA COMUM
96885723|774638|303|02|130415127|-1|2024|10|2 - ABASTECIMENTO EM POSTO / COMÉRCIO|75484|76854|4 - DIESEL (LITRO)|349.85|2340.49|OLEO DIESEL S10
96885724|774587|303|02|136239805|-1|2024|10|2 - ABASTECIMENTO EM POSTO / COMÉRCIO|233509|236357|9 - SERVIÇOS|1.0|350.0|TROCA DE OLEOFILTROSCORREIA
96885725|774550|303|02|136239804|-1|2024|10|2 - ABASTECIMENTO EM POSTO / COMÉRCIO|238309|238508|2 - GASOLINA (LITRO)|29.75|190.1|GASOLINA COMUM
96885726|774577|303|02|136239805|-1|2024|10|2 - ABASTECIMENTO EM POSTO / COMÉRCIO|50790|51962|4 - DIESEL (LITRO)|83.78|560.48|OLEO DIESEL S10
96885727|872490|303|02|136239804|-1|2024|10|2 - ABASTECIMENTO EM POSTO / COMÉRCIO|0|0|4 - DIESEL (LITRO)|76.24|510.05|OLEO DIESEL S10
96885728|774595|303|02|136239805|-1|2024|10|2 - ABASTECIMENTO EM POSTO / COMÉRCIO|205732|208423|2 - GASOLINA (LITRO)|123.34|784.08|GASOLINA COMUM
96885729|774623|303|02|136239804|-1|2024|10|2 - ABASTECIMENTO EM POSTO / COMÉRCIO|38958|40070|4 - DIESEL (LITRO)|682.11|4527.32|OLEO DIESEL S10
96885730|872489|303|02|136239804|-1|2024|10|2 - ABASTECIMENTO EM POSTO / COMÉRCIO|0|0|4 - DIESEL (LITRO)|214.7|1414.87|OLEO DIESEL COMUM
96885731|774585|303|02|136239805|-1|2024|10|2 - ABASTECIMENTO EM POSTO / COMÉRCIO|189561|190657|2 - GASOLINA (LITRO)|100.43|641.75|GASOLINA COMUM
96885732|774579|303|02|136239805|-1|2024|10|2 - ABASTECIMENTO EM POSTO / COMÉRCIO|114844|118320|4 - DIESEL (LITRO)|237.55|1589.21|OLEO DIESEL S10
96885733|774573|303|02|136239805|-1|2024|10|2 - ABASTECIMENTO EM POSTO / COMÉRCIO|99046|102040|2 - GASOLINA (LITRO)|163.3|1042.96|GASOLINA COMUM
96885734|872490|303|02|127231184|-1|2024|10|2 - ABASTECIMENTO EM POSTO / COMÉRCIO|0|0|2 - GASOLINA (LITRO)|20.0|127.8|GASOLINA COMUM
96885735|774587|303|02|136239805|-1|2024|10|2 - ABASTECIMENTO EM POSTO / COMÉRCIO|233509|236357|2 - GASOLINA (LITRO)|159.49|1008.37|GASOLINA COMUM
96885736|872490|303|02|136239804|-1|2024|10|2 - ABASTECIMENTO EM POSTO / COMÉRCIO|0|0|2 - GASOLINA (LITRO)|245.18|1566.77|GASOLINA COMUM
96885737|774555|303|02|124390411|-1|2024|10|2 - ABASTECIMENTO EM POSTO / COMÉRCIO|122573|122887|2 - GASOLINA (LITRO)|30.28|193.49|GASOLINA COMUM
96885738|774584|303|02|136239805|-1|2024|10|2 - ABASTECIMENTO EM POSTO / COMÉRCIO|64520|67137|9 - SERVIÇOS|1.0|945.0|REPAROS NOS FREIOSMOTORAR CONDICIONADO
96885739|774644|303|02|130415127|-1|2024|10|2 - ABASTECIMENTO EM POSTO / COMÉRCIO|88417|90284|4 - DIESEL (LITRO)|375.61|2512.84|OLEO DIESEL S10
96885740|774611|303|02|136239804|-1|2024|10|2 - ABASTECIMENTO EM POSTO / COMÉRCIO|0|0|4 - DIESEL (LITRO)|199.88|1337.2|OLEO DIESEL S10
96885741|774569|303|02|127231184|-1|2024|10|2 - ABASTECIMENTO EM POSTO / COMÉRCIO|12123|13257|2 - GASOLINA (LITRO)|133.6|853.77|GASOLINA COMUM
96885742|774630|303|02|130415127|-1|2024|10|2 - ABASTECIMENTO EM POSTO / COMÉRCIO|89875|89875|4 - DIESEL (LITRO)|121.65|813.84|OLEO DIESEL S10
96885743|774638|303|02|130415127|-1|2024|10|2 - ABASTECIMENTO EM POSTO / COMÉRCIO|75484|76854|9 - SERVIÇOS|1.0|400.0|MONTAGEM DE PNEUS
96885744|774553|303|02|136239805|-1|2024|10|2 - ABASTECIMENTO EM POSTO / COMÉRCIO|127861|128318|2 - GASOLINA (LITRO)|41.56|265.57|GASOLINA COMUM
96885745|774545|303|02|124390411|-1|2024|10|2 - ABASTECIMENTO EM POSTO / COMÉRCIO|214639|215225|2 - GASOLINA (LITRO)|69.33|443.02|GASOLINA COMUM
96885746|774543|303|02|124390417|-1|2024|10|2 - ABASTECIMENTO EM POSTO / COMÉRCIO|141193|141391|2 - GASOLINA (LITRO)|23.47|150.0|GASOLINA COMUM
96885747|774641|303|02|136239805|-1|2024|10|2 - ABASTECIMENTO EM POSTO / COMÉRCIO|201056|201998|4 - DIESEL (LITRO)|137.6|920.54|OLEO DIESEL S10
96885748|774542|303|02|136239805|-1|2024|10|2 - ABASTECIMENTO EM POSTO / COMÉRCIO|249137|250585|2 - GASOLINA (LITRO)|107.6|687.56|GASOLINA COMUM
96885749|774588|303|02|136239805|-1|2024|10|2 - ABASTECIMENTO EM POSTO / COMÉRCIO|196994|198713|2 - GASOLINA (LITRO)|52.4|334.84|GASOLINA COMUM
96885750|774629|303|02|130415127|-1|2024|10|2 - ABASTECIMENTO EM POSTO / COMÉRCIO|12434|14000|4 - DIESEL (LITRO)|313.68|2145.36|OLEO DIESEL S10
96885751|774587|303|02|136239805|-1|2024|10|2 - ABASTECIMENTO EM POSTO / COMÉRCIO|233509|236357|6 - ÓLEO LUBRIFICANTE (LITRO)|3.0|117.0|CD 4787 OLEO DO MOTOR 15W40
96885752|774561|303|02|136239805|-1|2024|10|2 - ABASTECIMENTO EM POSTO / COMÉRCIO|59453|61672|2 - GASOLINA (LITRO)|100.07|631.3|GASOLINA COMUM
96885753|774593|303|02|136239804|-1|2024|10|2 - ABASTECIMENTO EM POSTO / COMÉRCIO|70196|71612|2 - GASOLINA (LITRO)|207.82|1327.97|GASOLINA COMUM
96885754|774578|303|02|136239805|-1|2024|10|2 - ABASTECIMENTO EM POSTO / COMÉRCIO|4965|5100|9 - SERVIÇOS|1.0|60.0|TROCA DE PNEUS
96885755|774626|303|02|136239804|-1|2024|10|2 - ABASTECIMENTO EM POSTO / COMÉRCIO|5404|5404|4 - DIESEL (LITRO)|70.22|469.77|OLEO DIESEL S10
96885756|774547|303|02|136239805|-1|2024|10|2 - ABASTECIMENTO EM POSTO / COMÉRCIO|53630|58311|2 - GASOLINA (LITRO)|293.76|1898.03|GASOLINA COMUM
96885757|774595|303|02|136239805|-1|2024|10|2 - ABASTECIMENTO EM POSTO / COMÉRCIO|205732|208423|9 - SERVIÇOS|1.0|4300.0|REVISAO ELETRICA
96885758|872490|303|02|136239804|-1|2024|10|2 - ABASTECIMENTO EM POSTO / COMÉRCIO|0|0|4 - DIESEL (LITRO)|284.5|1874.86|OLEO DIESEL COMUM
96885759|774542|303|02|136239805|-1|2024|10|2 - ABASTECIMENTO EM POSTO / COMÉRCIO|249137|250585|9 - SERVIÇOS|1.0|60.0|MONTAGEM DE PNEUS
96885760|774536|303|02|136239805|-1|2024|10|2 - ABASTECIMENTO EM POSTO / COMÉRCIO|143089|143336|2 - GASOLINA (LITRO)|48.53|310.11|GASOLINA COMUM
96885761|774591|303|02|136239805|-1|2024|10|2 - ABASTECIMENTO EM POSTO / COMÉRCIO|236132|237861|9 - SERVIÇOS|1.0|60.0|TROCA DE PNEUS
96885762|774609|303|02|136239805|-1|2024|10|2 - ABASTECIMENTO EM POSTO / COMÉRCIO|215818|217723|9 - SERVIÇOS|1.0|60.0|MONTAGEM DE PNEUS
96885763|774557|303|02|124390411|-1|2024|10|2 - ABASTECIMENTO EM POSTO / COMÉRCIO|294168|294357|2 - GASOLINA (LITRO)|77.1|492.67|GASOLINA COMUM
96885764|774582|303|02|130415127|-1|2024|10|2 - ABASTECIMENTO EM POSTO / COMÉRCIO|124231|124514|2 - GASOLINA (LITRO)|47.37|302.69|GASOLINA COMUM
96885768|774599|303|02|136239805|-1|2024|10|2 - ABASTECIMENTO EM POSTO / COMÉRCIO|103122|104370|4 - DIESEL (LITRO)|87.27|583.84|OLEO DIESEL S10
96885765|774597|303|02|124390417|-1|2024|10|2 - ABASTECIMENTO EM POSTO / COMÉRCIO|81318|81873|6 - ÓLEO LUBRIFICANTE (LITRO)|3.0|135.0|CD 4787 OLEO DO MOTOR 15W40
96885766|774583|303|02|136239804|-1|2024|10|2 - ABASTECIMENTO EM POSTO / COMÉRCIO|29003|29874|4 - DIESEL (LITRO)|75.34|504.02|OLEO DIESEL S10
96885767|774585|303|02|136239805|-1|2024|10|2 - ABASTECIMENTO EM POSTO / COMÉRCIO|189561|190657|9 - SERVIÇOS|1.0|800.0|REVISAO NO MOTOR
96885769|774632|303|02|136239812|-1|2024|10|2 - ABASTECIMENTO EM POSTO / COMÉRCIO|460935|460935|9 - SERVIÇOS|1.0|9310.0|MANUTENCAO GERAL
96885770|774558|303|02|136239805|-1|2024|10|2 - ABASTECIMENTO EM POSTO / COMÉRCIO|95500|98844|2 - GASOLINA (LITRO)|192.64|1232.97|GASOLINA COMUM
96885771|774628|303|02|136239804|-1|2024|10|2 - ABASTECIMENTO EM POSTO / COMÉRCIO|0|0|4 - DIESEL (LITRO)|66.55|445.22|OLEO DIESEL S10
96877849|774623|303|02|136215040|-1|2024|9|2 - ABASTECIMENTO EM POSTO / COMÉRCIO|37341|38936|9 - SERVIÇOS|1.0|3840.0|TROCA DE CRUZETALIMPEZAFUNILARIA
96318753|780172|302|01|124545596|-1|2024|10|2 - ABASTECIMENTO EM POSTO / COMÉRCIO|84094|85966|2 - GASOLINA (LITRO)|122.003|770.58|ABASTECIMENTO VEICULO CODIGO =3, POSTO LINK CARD A
96318754|854716|302|01|124545596|-1|2024|10|2 - ABASTECIMENTO EM POSTO / COMÉRCIO|42310|44890|2 - GASOLINA (LITRO)|340.542|2241.49|ABASTECIMENTO VEICULO CODIGO =927, POSTO LINK CARD
96318755|891911|302|01|124545596|-1|2024|10|2 - ABASTECIMENTO EM POSTO / COMÉRCIO|2033|3172|2 - GASOLINA (LITRO)|103.92|655.82|ABASTECIMENTO VEICULO CODIGO =931, POSTO LINK CARD
96877847|774609|303|02|130415126|-1|2024|9|2 - ABASTECIMENTO EM POSTO / COMÉRCIO|214170|215818|2 - GASOLINA (LITRO)|97.02|622.51|GASOLINA
96877848|774582|303|02|136215057|-1|2024|9|2 - ABASTECIMENTO EM POSTO / COMÉRCIO|123935|123935|6 - ÓLEO LUBRIFICANTE (LITRO)|3.0|174.0|CD 103 OLEO 15W40
96877850|774657|303|02|136215040|-1|2024|9|2 - ABASTECIMENTO EM POSTO / COMÉRCIO|0|0|6 - ÓLEO LUBRIFICANTE (LITRO)|2.0|2533.2|CD 133 OLEO DE MOTOR 15W40 GALAO DE 20 LITROS
96877851|774567|303|02|124390411|-1|2024|9|2 - ABASTECIMENTO EM POSTO / COMÉRCIO|60916|60916|6 - ÓLEO LUBRIFICANTE (LITRO)|3.0|168.0|CD 80 OLEO MOTOR 5W30
96877852|774536|303|02|130415126|-1|2024|9|2 - ABASTECIMENTO EM POSTO / COMÉRCIO|142193|142479|2 - GASOLINA (LITRO)|73.66|470.68|GASOLINA
96877853|872490|303|02|127231184|-1|2024|9|2 - ABASTECIMENTO EM POSTO / COMÉRCIO|0|0|2 - GASOLINA (LITRO)|227.76|1455.62|GASOLINA
96877854|774554|303|02|131735182|-1|2024|9|2 - ABASTECIMENTO EM POSTO / COMÉRCIO|25489|29601|2 - GASOLINA (LITRO)|380.56|2431.79|GASOLINA
96877855|774658|303|02|136215040|-1|2024|9|2 - ABASTECIMENTO EM POSTO / COMÉRCIO|0|0|4 - DIESEL (LITRO)|378.58|2532.7|DIESEL S10
96877856|774647|303|02|136215040|-1|2024|9|2 - ABASTECIMENTO EM POSTO / COMÉRCIO|0|0|8 - PEÇAS|4.0|1974.76|CD 367 RETENTOR DO CUBO DE RODA
96877857|774553|303|02|130415126|-1|2024|9|2 - ABASTECIMENTO EM POSTO / COMÉRCIO|127564|127861|2 - GASOLINA (LITRO)|45.66|291.76|GASOLINA
96877858|774647|303|02|136215040|-1|2024|9|2 - ABASTECIMENTO EM POSTO / COMÉRCIO|0|0|8 - PEÇAS|1.0|125.8|CD 72 FILTRO DE AR SECUNDARIO
96877859|774585|303|02|130415126|-1|2024|9|2 - ABASTECIMENTO EM POSTO / COMÉRCIO|188226|189187|8 - PEÇAS|1.0|589.0|CD 132 BATERIA 60A
96877860|774658|303|02|136215040|-1|2024|9|2 - ABASTECIMENTO EM POSTO / COMÉRCIO|0|0|9 - SERVIÇOS|1.0|2560.0|REASTREIOTROCA DE OLEO E FILTROSSOCORR
96877861|774626|303|02|136215040|-1|2024|9|2 - ABASTECIMENTO EM POSTO / COMÉRCIO|5029|5029|4 - DIESEL (LITRO)|64.09|428.76|DIESEL S10
96877862|774650|303|02|136215040|-1|2024|9|2 - ABASTECIMENTO EM POSTO / COMÉRCIO|0|0|8 - PEÇAS|1.0|427.1|CD 109 FILTRO DIESEL
96877863|774545|303|02|124390411|-1|2024|9|2 - ABASTECIMENTO EM POSTO / COMÉRCIO|213865|214331|9 - SERVIÇOS|1.0|280.0|REVISAO
96877864|774539|303|02|130415126|-1|2024|9|2 - ABASTECIMENTO EM POSTO / COMÉRCIO|132115|132115|8 - PEÇAS|1.0|298.0|CD 1185 PARALAMA DIANTEIRO LE
96877865|774619|303|02|136215040|-1|2024|9|2 - ABASTECIMENTO EM POSTO / COMÉRCIO|30160|31160|8 - PEÇAS|1.0|193.6|CD 379 FILTRO DE ARLA PQ
96877866|774611|303|02|136215040|-1|2024|9|2 - ABASTECIMENTO EM POSTO / COMÉRCIO|0|0|6 - ÓLEO LUBRIFICANTE (LITRO)|3.0|189.99|CD 185 OLEO HIDRAULICO
96877867|774619|303|02|136215040|-1|2024|9|2 - ABASTECIMENTO EM POSTO / COMÉRCIO|30160|31160|9 - SERVIÇOS|1.0|3600.0|RASTREIOREPARO FREIODIAGNOSTICAR FALHA
96877868|774540|303|02|124390411|-1|2024|9|2 - ABASTECIMENTO EM POSTO / COMÉRCIO|7550|7779|2 - GASOLINA (LITRO)|73.7|470.94|GASOLINA
96877869|774579|303|02|130415126|-1|2024|9|2 - ABASTECIMENTO EM POSTO / COMÉRCIO|111233|114525|4 - DIESEL (LITRO)|206.87|1383.96|DIESEL S10
96877870|774658|303|02|136215040|-1|2024|9|2 - ABASTECIMENTO EM POSTO / COMÉRCIO|0|0|8 - PEÇAS|1.0|594.11|CD 66 FILTRO RACOR
96877871|774657|303|02|136215040|-1|2024|9|2 - ABASTECIMENTO EM POSTO / COMÉRCIO|0|0|9 - SERVIÇOS|1.0|4080.0|TROCA DE OLEOFILTROSFUNILARIALAVAGEM
96877872|774629|303|02|130415127|-1|2024|9|2 - ABASTECIMENTO EM POSTO / COMÉRCIO|11228|12040|4 - DIESEL (LITRO)|108.3|724.53|DIESEL S10
96877873|774658|303|02|136215040|-1|2024|9|2 - ABASTECIMENTO EM POSTO / COMÉRCIO|0|0|8 - PEÇAS|1.0|324.12|CD 109 FILTRO DIESEL
96877874|774609|303|02|130415126|-1|2024|9|2 - ABASTECIMENTO EM POSTO / COMÉRCIO|214170|215818|6 - ÓLEO LUBRIFICANTE (LITRO)|2.0|78.0|CD 1263 OLEO 85W90
96877875|774619|303|02|136215040|-1|2024|9|2 - ABASTECIMENTO EM POSTO / COMÉRCIO|30160|31160|8 - PEÇAS|1.0|1353.4|CD 607 VALVULA DE DESCARGA RAPIDA
96877876|774647|303|02|136215040|-1|2024|9|2 - ABASTECIMENTO EM POSTO / COMÉRCIO|0|0|8 - PEÇAS|1.0|1863.11|CD 294 CUBO DA RODA DIANTEIRA
96877877|774539|303|02|130415126|-1|2024|9|2 - ABASTECIMENTO EM POSTO / COMÉRCIO|132115|132115|8 - PEÇAS|1.0|39.0|CD 6 FILTRO DE OLEO
96877878|774647|303|02|136215040|-1|2024|9|2 - ABASTECIMENTO EM POSTO / COMÉRCIO|0|0|9 - SERVIÇOS|1.0|4600.0|REPAROS MOTORSUSPTRANSMEQUIPAMENTO
96877879|774588|303|02|130415126|-1|2024|9|2 - ABASTECIMENTO EM POSTO / COMÉRCIO|194965|196994|2 - GASOLINA (LITRO)|107.39|696.12|GASOLINA
96877880|774545|303|02|124390411|-1|2024|9|2 - ABASTECIMENTO EM POSTO / COMÉRCIO|213865|214331|8 - PEÇAS|1.0|250.0|CD 404 EMBREAGEM
96877881|774656|303|02|124390411|-1|2024|9|2 - ABASTECIMENTO EM POSTO / COMÉRCIO|5162|5162|4 - DIESEL (LITRO)|69.56|465.36|DIESEL S10
96877882|774647|303|02|136215040|-1|2024|9|2 - ABASTECIMENTO EM POSTO / COMÉRCIO|0|0|8 - PEÇAS|3.0|24262.12|CD 1557 EIXO DIANTEIRO
96877886|774542|303|02|130415126|-1|2024|9|2 - ABASTECIMENTO EM POSTO / COMÉRCIO|247567|248883|2 - GASOLINA (LITRO)|169.98|1086.16|GASOLINA
96877883|774629|303|02|136215057|-1|2024|9|2 - ABASTECIMENTO EM POSTO / COMÉRCIO|11228|12040|4 - DIESEL (LITRO)|255.35|1708.3|DIESEL S10
96877884|774657|303|02|136215040|-1|2024|9|2 - ABASTECIMENTO EM POSTO / COMÉRCIO|0|0|8 - PEÇAS|1.0|427.8|CD 72 FILTRO DE AR SECUNDARIO
96877885|774628|303|02|136215040|-1|2024|9|2 - ABASTECIMENTO EM POSTO / COMÉRCIO|0|0|4 - DIESEL (LITRO)|64.49|431.44|DIESEL S10
96877887|774638|303|02|136215057|-1|2024|9|2 - ABASTECIMENTO EM POSTO / COMÉRCIO|73381|75219|4 - DIESEL (LITRO)|456.31|3052.7|DIESEL S10
96877888|774619|303|02|136215040|-1|2024|9|2 - ABASTECIMENTO EM POSTO / COMÉRCIO|30160|31160|8 - PEÇAS|1.0|1353.4|CD 1684 VALVULA REGULADORA DE PRESSAO
96877889|774638|303|02|136215057|-1|2024|9|2 - ABASTECIMENTO EM POSTO / COMÉRCIO|73381|75219|8 - PEÇAS|1.0|579.8|CD 345 LONA DE FREIO
96877890|774593|303|02|136215040|-1|2024|9|2 - ABASTECIMENTO EM POSTO / COMÉRCIO|68048|69965|2 - GASOLINA (LITRO)|217.67|1390.91|GASOLINA
96877891|774555|303|02|124390411|-1|2024|9|2 - ABASTECIMENTO EM POSTO / COMÉRCIO|121952|122262|2 - GASOLINA (LITRO)|64.71|413.49|GASOLINA
96877892|774647|303|02|136215040|-1|2024|9|2 - ABASTECIMENTO EM POSTO / COMÉRCIO|0|0|8 - PEÇAS|2.0|947.2|CD 221 RETENTOR DO DIFERENCIAL
96877893|774621|303|02|136215040|-1|2024|9|2 - ABASTECIMENTO EM POSTO / COMÉRCIO|103500|103870|8 - PEÇAS|1.0|108.0|CD 501 PINO DE CENTRO
96877894|774583|303|02|136215040|-1|2024|9|2 - ABASTECIMENTO EM POSTO / COMÉRCIO|27550|28701|4 - DIESEL (LITRO)|111.71|747.34|DIESEL S10
96877895|774582|303|02|136215057|-1|2024|9|2 - ABASTECIMENTO EM POSTO / COMÉRCIO|123935|123935|8 - PEÇAS|1.0|39.0|CD 60 FILTRO DE COMBUSTIVEL
96877896|774650|303|02|136215040|-1|2024|9|2 - ABASTECIMENTO EM POSTO / COMÉRCIO|0|0|8 - PEÇAS|1.0|1341.9|CD 948 FILTRO SEPARADOR DE OLEO
96877897|774652|303|02|124390411|-1|2024|9|2 - ABASTECIMENTO EM POSTO / COMÉRCIO|8449|8449|4 - DIESEL (LITRO)|46.64|312.02|DIESEL S10
96877898|774658|303|02|136215040|-1|2024|9|2 - ABASTECIMENTO EM POSTO / COMÉRCIO|0|0|8 - PEÇAS|1.0|427.8|CD 72 FILTRO DE AR SECUNDARIO
96877899|774658|303|02|136215040|-1|2024|9|2 - ABASTECIMENTO EM POSTO / COMÉRCIO|0|0|8 - PEÇAS|1.0|240.3|CD 1200 FILTRO DE OLEO LUBRIFICANTE
96877900|774545|303|02|124390411|-1|2024|9|2 - ABASTECIMENTO EM POSTO / COMÉRCIO|213865|214331|8 - PEÇAS|1.0|80.0|CD 201 VELA DE IGNICAO
96877901|774619|303|02|136215040|-1|2024|9|2 - ABASTECIMENTO EM POSTO / COMÉRCIO|30160|31160|8 - PEÇAS|1.0|291.64|CD 66 FILTRO RACOR
96877902|774584|303|02|130415126|-1|2024|9|2 - ABASTECIMENTO EM POSTO / COMÉRCIO|62277|64407|4 - DIESEL (LITRO)|315.43|1936.93|DIESEL S10
96877903|774657|303|02|136215040|-1|2024|9|2 - ABASTECIMENTO EM POSTO / COMÉRCIO|0|0|8 - PEÇAS|1.0|240.3|CD 6 FILTRO DE OLEO
96877904|774646|303|02|130415126|-1|2024|9|2 - ABASTECIMENTO EM POSTO / COMÉRCIO|0|0|4 - DIESEL (LITRO)|59.19|390.06|OLEO DIESEL
96877905|774557|303|02|124390411|-1|2024|9|2 - ABASTECIMENTO EM POSTO / COMÉRCIO|293213|293979|2 - GASOLINA (LITRO)|176.75|1129.46|GASOLINA
96877906|774560|303|02|130415126|-1|2024|9|2 - ABASTECIMENTO EM POSTO / COMÉRCIO|24074|24507|2 - GASOLINA (LITRO)|40.4|258.16|GASOLINA
96877907|774558|303|02|130415126|-1|2024|9|2 - ABASTECIMENTO EM POSTO / COMÉRCIO|92850|94871|2 - GASOLINA (LITRO)|145.92|932.45|GASOLINA
96877908|774647|303|02|136215040|-1|2024|9|2 - ABASTECIMENTO EM POSTO / COMÉRCIO|0|0|8 - PEÇAS|1.0|222.5|CD 8 FILTRO DE AR
96877909|774623|303|02|136215040|-1|2024|9|2 - ABASTECIMENTO EM POSTO / COMÉRCIO|37341|38936|8 - PEÇAS|2.0|955.2|CD 753 CRUZETA CARDA
96877910|774582|303|02|136215057|-1|2024|9|2 - ABASTECIMENTO EM POSTO / COMÉRCIO|123935|123935|99 - OUTROS|4.0|156.0|CD 78 ADITIVO DO RADIADOR
96877911|774585|303|02|130415126|-1|2024|9|2 - ABASTECIMENTO EM POSTO / COMÉRCIO|188226|189187|2 - GASOLINA (LITRO)|100.53|642.39|GASOLINA
96877912|774644|303|02|130415127|-1|2024|9|2 - ABASTECIMENTO EM POSTO / COMÉRCIO|85481|87983|4 - DIESEL (LITRO)|469.12|3138.42|DIESEL S10
96877913|774621|303|02|136215040|-1|2024|9|2 - ABASTECIMENTO EM POSTO / COMÉRCIO|103500|103870|8 - PEÇAS|2.0|891.0|CD 335 GRAMPO FEIXE DE MOLAS TRASEIRO
96877914|774631|303|02|136215057|-1|2024|9|2 - ABASTECIMENTO EM POSTO / COMÉRCIO|41226|41226|99 - OUTROS|6.0|7788.0|CD 215 PNEU 75016
96877915|774657|303|02|136215040|-1|2024|9|2 - ABASTECIMENTO EM POSTO / COMÉRCIO|0|0|6 - ÓLEO LUBRIFICANTE (LITRO)|1.0|1266.6|CD 135 OLEO HIDRAULICO AW68 GALAO DE 20 LITROS
96877916|774657|303|02|136215040|-1|2024|9|2 - ABASTECIMENTO EM POSTO / COMÉRCIO|0|0|8 - PEÇAS|1.0|875.06|CD 8 FILTRO DE AR
96877917|774539|303|02|130415126|-1|2024|9|2 - ABASTECIMENTO EM POSTO / COMÉRCIO|132115|132115|6 - ÓLEO LUBRIFICANTE (LITRO)|4.0|272.0|CD 670 OLEO MOTOR 0W20
96877918|774582|303|02|136215057|-1|2024|9|2 - ABASTECIMENTO EM POSTO / COMÉRCIO|123935|123935|8 - PEÇAS|1.0|169.0|CD 97 BOMBA D AGUA
96877919|774568|303|02|130415126|-1|2024|9|2 - ABASTECIMENTO EM POSTO / COMÉRCIO|216778|217773|9 - SERVIÇOS|1.0|120.0|TROCA DO TAMBOR TRASEIRO E SAPATA DE FRE
96877920|774568|303|02|130415126|-1|2024|9|2 - ABASTECIMENTO EM POSTO / COMÉRCIO|216778|217773|8 - PEÇAS|2.0|440.0|CD 202 TAMBOR DE FREIO TRASEIRO
96877921|774563|303|02|131735182|-1|2024|9|2 - ABASTECIMENTO EM POSTO / COMÉRCIO|93037|93506|2 - GASOLINA (LITRO)|60.35|385.63|GASOLINA
96877922|774632|303|02|131735182|-1|2024|9|2 - ABASTECIMENTO EM POSTO / COMÉRCIO|460935|460935|9 - SERVIÇOS|1.0|9310.0|MANUTENCAO GERAL
96877923|774599|303|02|130415126|-1|2024|9|2 - ABASTECIMENTO EM POSTO / COMÉRCIO|102150|102786|4 - DIESEL (LITRO)|34.31|229.53|DIESEL S10
96877924|774647|303|02|136215040|-1|2024|9|2 - ABASTECIMENTO EM POSTO / COMÉRCIO|0|0|8 - PEÇAS|4.0|1717.32|CD 960 BUCHA DO EIXO DIANTEIRO
96877925|774647|303|02|136215040|-1|2024|9|2 - ABASTECIMENTO EM POSTO / COMÉRCIO|0|0|8 - PEÇAS|3.0|1612.38|CD 1316 ENGRENAGEM CARRETEL
96877926|774621|303|02|136215040|-1|2024|9|2 - ABASTECIMENTO EM POSTO / COMÉRCIO|103500|103870|8 - PEÇAS|3.0|1185.6|CD 296 BUCHA FEIXE DE MOLAS
96877927|774619|303|02|136215040|-1|2024|9|2 - ABASTECIMENTO EM POSTO / COMÉRCIO|30160|31160|8 - PEÇAS|1.0|261.8|CD 8 FILTRO DE AR
96877928|774609|303|02|130415126|-1|2024|9|2 - ABASTECIMENTO EM POSTO / COMÉRCIO|214170|215818|8 - PEÇAS|1.0|78.0|CD 8 FILTRO DE AR
96877929|774619|303|02|136215040|-1|2024|9|2 - ABASTECIMENTO EM POSTO / COMÉRCIO|30160|31160|4 - DIESEL (LITRO)|176.25|1179.11|DIESEL S10
96877933|774621|303|02|136215040|-1|2024|9|2 - ABASTECIMENTO EM POSTO / COMÉRCIO|103500|103870|4 - DIESEL (LITRO)|323.38|2163.41|DIESEL S10
96877930|774582|303|02|136215057|-1|2024|9|2 - ABASTECIMENTO EM POSTO / COMÉRCIO|123935|123935|8 - PEÇAS|1.0|169.0|CD 438 CABO DE EMBREAGEM
96877931|774647|303|02|136215040|-1|2024|9|2 - ABASTECIMENTO EM POSTO / COMÉRCIO|0|0|8 - PEÇAS|1.0|469.01|CD 295 ROLAMENTO DA RODA DIANTEIRA INTERNO
96877932|774585|303|02|130415126|-1|2024|9|2 - ABASTECIMENTO EM POSTO / COMÉRCIO|188226|189187|9 - SERVIÇOS|1.0|150.0|TROCA DE BATERIA E BATENTE DA SUSPENSAO
96877934|774582|303|02|136215057|-1|2024|9|2 - ABASTECIMENTO EM POSTO / COMÉRCIO|123935|123935|8 - PEÇAS|1.0|18.0|CD 394 ORING DO CORPO DE BORBOLETA
96877935|872489|303|02|136215040|-1|2024|9|2 - ABASTECIMENTO EM POSTO / COMÉRCIO|0|0|4 - DIESEL (LITRO)|350.25|2308.14|OLEO DIESEL
96877936|774650|303|02|136215040|-1|2024|9|2 - ABASTECIMENTO EM POSTO / COMÉRCIO|0|0|4 - DIESEL (LITRO)|1192.66|7978.9|DIESEL S10
96877937|774545|303|02|124390411|-1|2024|9|2 - ABASTECIMENTO EM POSTO / COMÉRCIO|213865|214331|8 - PEÇAS|1.0|389.0|CD 132 BATERIA 60A
96877938|774545|303|02|124390411|-1|2024|9|2 - ABASTECIMENTO EM POSTO / COMÉRCIO|213865|214331|8 - PEÇAS|1.0|126.0|CD 659 CABO
96877939|774570|303|02|124390411|-1|2024|9|2 - ABASTECIMENTO EM POSTO / COMÉRCIO|71610|71610|2 - GASOLINA (LITRO)|42.64|272.47|GASOLINA
96877940|774623|303|02|136215040|-1|2024|9|2 - ABASTECIMENTO EM POSTO / COMÉRCIO|37341|38936|4 - DIESEL (LITRO)|689.25|4611.09|DIESEL S10
96877941|774647|303|02|136215040|-1|2024|9|2 - ABASTECIMENTO EM POSTO / COMÉRCIO|0|0|8 - PEÇAS|2.0|1792.6|CD 61 PIVO INFERIOR LADO DIREITO
96877942|774551|303|02|136215040|-1|2024|9|2 - ABASTECIMENTO EM POSTO / COMÉRCIO|193370|193370|2 - GASOLINA (LITRO)|17.85|114.06|GASOLINA
96877943|774609|303|02|130415126|-1|2024|9|2 - ABASTECIMENTO EM POSTO / COMÉRCIO|214170|215818|8 - PEÇAS|1.0|29.0|CD 6 FILTRO DE OLEO
96877944|774619|303|02|136215040|-1|2024|9|2 - ABASTECIMENTO EM POSTO / COMÉRCIO|30160|31160|8 - PEÇAS|1.0|429.33|CD 565 FILTRO SECADOR
96877945|774539|303|02|130415126|-1|2024|9|2 - ABASTECIMENTO EM POSTO / COMÉRCIO|132115|132115|2 - GASOLINA (LITRO)|44.28|282.95|GASOLINA
96877946|774647|303|02|136215040|-1|2024|9|2 - ABASTECIMENTO EM POSTO / COMÉRCIO|0|0|8 - PEÇAS|4.0|517.84|CD 313 BUCHA BRONZE
96877947|774568|303|02|130415126|-1|2024|9|2 - ABASTECIMENTO EM POSTO / COMÉRCIO|216778|217773|2 - GASOLINA (LITRO)|61.14|390.69|GASOLINA
96877948|774567|303|02|124390411|-1|2024|9|2 - ABASTECIMENTO EM POSTO / COMÉRCIO|60916|60916|9 - SERVIÇOS|1.0|30.0|TROCA DE OLEO E FILTROS
96877949|774591|303|02|130415126|-1|2024|9|2 - ABASTECIMENTO EM POSTO / COMÉRCIO|235824|236132|2 - GASOLINA (LITRO)|46.27|295.67|GASOLINA
96877950|774647|303|02|136215040|-1|2024|9|2 - ABASTECIMENTO EM POSTO / COMÉRCIO|0|0|8 - PEÇAS|93.0|274.35|CD 1681 ROLETE DO PINO DA PLANETARIA
96877951|774582|303|02|136215057|-1|2024|9|2 - ABASTECIMENTO EM POSTO / COMÉRCIO|123935|123935|8 - PEÇAS|1.0|53.0|CD 8 FILTRO DE AR
96877952|774582|303|02|136215057|-1|2024|9|2 - ABASTECIMENTO EM POSTO / COMÉRCIO|123935|123935|8 - PEÇAS|1.0|345.0|CD 329 KIT CORREIA COM TENSOR
96877953|774594|303|02|136215057|-1|2024|9|2 - ABASTECIMENTO EM POSTO / COMÉRCIO|40990|41668|2 - GASOLINA (LITRO)|38.43|245.57|GASOLINA
96877954|774597|303|02|124390417|-1|2024|9|2 - ABASTECIMENTO EM POSTO / COMÉRCIO|80715|81022|1 - ÁLCOOL (LITRO)|101.27|482.05|ALCCOL AUTOMOTIVO
96877955|774611|303|02|136215040|-1|2024|9|2 - ABASTECIMENTO EM POSTO / COMÉRCIO|0|0|4 - DIESEL (LITRO)|46.18|308.94|DIESEL S10
96877956|774641|303|02|130415126|-1|2024|9|2 - ABASTECIMENTO EM POSTO / COMÉRCIO|198768|200797|4 - DIESEL (LITRO)|234.12|1474.63|DIESEL S10
96877957|774624|303|02|127231184|-1|2024|9|2 - ABASTECIMENTO EM POSTO / COMÉRCIO|368342|368342|4 - DIESEL (LITRO)|78.11|514.74|DIESEL S10
96877958|774640|303|02|136215057|-1|2024|9|2 - ABASTECIMENTO EM POSTO / COMÉRCIO|36600|36600|8 - PEÇAS|2.0|5074.22|CD 306 BATERIA 150A
96877959|774544|303|02|130415126|-1|2024|9|2 - ABASTECIMENTO EM POSTO / COMÉRCIO|68347|70601|2 - GASOLINA (LITRO)|102.0|651.78|GASOLINA
96877960|774579|303|02|130415126|-1|2024|9|2 - ABASTECIMENTO EM POSTO / COMÉRCIO|111233|114525|9 - SERVIÇOS|1.0|310.0|TROCA DE PNEUSALINHAR E BALANCEAR
96877961|774577|303|02|130415126|-1|2024|9|2 - ABASTECIMENTO EM POSTO / COMÉRCIO|50158|50405|4 - DIESEL (LITRO)|73.48|447.67|DIESEL S10
96877962|774647|303|02|136215040|-1|2024|9|2 - ABASTECIMENTO EM POSTO / COMÉRCIO|0|0|8 - PEÇAS|2.0|2376.28|CD 892 PIVO SUPERIOR DO LADO DIREITO
96877963|774582|303|02|136215057|-1|2024|9|2 - ABASTECIMENTO EM POSTO / COMÉRCIO|123935|123935|8 - PEÇAS|1.0|185.0|CD 102 VALVULA TERMOSTATICA DO MOTOR
96877964|774587|303|02|130415126|-1|2024|9|2 - ABASTECIMENTO EM POSTO / COMÉRCIO|230893|232994|2 - GASOLINA (LITRO)|159.29|1034.18|GASOLINA
96877965|774582|303|02|136215057|-1|2024|9|2 - ABASTECIMENTO EM POSTO / COMÉRCIO|123935|123935|8 - PEÇAS|1.0|110.0|CD 417 PASTILHA DE FREIO DIANTEIRA
96877966|774543|303|02|124390417|-1|2024|9|2 - ABASTECIMENTO EM POSTO / COMÉRCIO|140963|141075|2 - GASOLINA (LITRO)|42.25|270.0|GASOLINA
96877967|774647|303|02|136215040|-1|2024|9|2 - ABASTECIMENTO EM POSTO / COMÉRCIO|0|0|8 - PEÇAS|4.0|545.92|CD 956 CRUZETA DO DIFERENCIAL DIANTEIRO
96877968|774645|303|02|130415127|-1|2024|9|2 - ABASTECIMENTO EM POSTO / COMÉRCIO|6409|6834|4 - DIESEL (LITRO)|107.08|716.37|DIESEL S10
96877969|774539|303|02|130415126|-1|2024|9|2 - ABASTECIMENTO EM POSTO / COMÉRCIO|132115|132115|8 - PEÇAS|1.0|113.45|CD 500 CORREIA DO AR CONDICIONADO
96877970|774647|303|02|136215040|-1|2024|9|2 - ABASTECIMENTO EM POSTO / COMÉRCIO|0|0|8 - PEÇAS|2.0|1313.12|CD 1041 GARFO
96877971|774539|303|02|130415126|-1|2024|9|2 - ABASTECIMENTO EM POSTO / COMÉRCIO|132115|132115|8 - PEÇAS|1.0|1995.0|CD 571 COMPRESSOR DO AR CONDICIONADO
96877972|774647|303|02|136215040|-1|2024|9|2 - ABASTECIMENTO EM POSTO / COMÉRCIO|0|0|4 - DIESEL (LITRO)|503.03|3365.27|DIESEL S10
96877973|774647|303|02|136215040|-1|2024|9|2 - ABASTECIMENTO EM POSTO / COMÉRCIO|0|0|8 - PEÇAS|2.0|859.46|CD 83 ARTICULACAO AXIAL
96877974|774601|303|02|124390411|-1|2024|9|2 - ABASTECIMENTO EM POSTO / COMÉRCIO|66331|66331|2 - GASOLINA (LITRO)|24.02|153.49|GASOLINA
96877975|774615|303|02|124390417|-1|2024|9|2 - ABASTECIMENTO EM POSTO / COMÉRCIO|0|0|2 - GASOLINA (LITRO)|42.55|271.89|GASOLINA
96877976|774619|303|02|136215040|-1|2024|9|2 - ABASTECIMENTO EM POSTO / COMÉRCIO|30160|31160|8 - PEÇAS|1.0|130.0|CD 109 FILTRO DIESEL
96877980|774658|303|02|136215040|-1|2024|9|2 - ABASTECIMENTO EM POSTO / COMÉRCIO|0|0|8 - PEÇAS|1.0|875.06|CD 8 FILTRO DE AR
96877977|774573|303|02|130415126|-1|2024|9|2 - ABASTECIMENTO EM POSTO / COMÉRCIO|96384|98745|2 - GASOLINA (LITRO)|142.22|908.78|GASOLINA
96877978|774647|303|02|136215040|-1|2024|9|2 - ABASTECIMENTO EM POSTO / COMÉRCIO|0|0|8 - PEÇAS|2.0|4126.62|CD 1682 EIXO PROLONGADOR
96877979|774609|303|02|130415126|-1|2024|9|2 - ABASTECIMENTO EM POSTO / COMÉRCIO|214170|215818|6 - ÓLEO LUBRIFICANTE (LITRO)|3.0|120.0|CD 103 OLEO 15W40
96877981|872489|303|02|136215040|-1|2024|9|2 - ABASTECIMENTO EM POSTO / COMÉRCIO|0|0|2 - GASOLINA (LITRO)|20.09|128.38|GASOLINA
96877982|774609|303|02|130415126|-1|2024|9|2 - ABASTECIMENTO EM POSTO / COMÉRCIO|214170|215818|8 - PEÇAS|1.0|320.0|CD 1680 RETENTOR DO PRISIONEIRO
96877983|774539|303|02|130415126|-1|2024|9|2 - ABASTECIMENTO EM POSTO / COMÉRCIO|132115|132115|8 - PEÇAS|1.0|65.0|CD 8 FILTRO DE AR
96877984|774585|303|02|130415126|-1|2024|9|2 - ABASTECIMENTO EM POSTO / COMÉRCIO|188226|189187|8 - PEÇAS|2.0|198.0|CD 144 BATENTE SUSPENSAO AMORTECEDOR DIANTEIRO LD
96877985|774539|303|02|130415126|-1|2024|9|2 - ABASTECIMENTO EM POSTO / COMÉRCIO|132115|132115|9 - SERVIÇOS|1.0|560.0|TROCA DE COMPRESSORRECARGA DE GASFUNIL
96877986|774657|303|02|136215040|-1|2024|9|2 - ABASTECIMENTO EM POSTO / COMÉRCIO|0|0|4 - DIESEL (LITRO)|184.06|1231.5|DIESEL S10
96877987|774638|303|02|130415127|-1|2024|9|2 - ABASTECIMENTO EM POSTO / COMÉRCIO|73381|75219|4 - DIESEL (LITRO)|282.58|1890.46|DIESEL S10
96877988|774647|303|02|136215040|-1|2024|9|2 - ABASTECIMENTO EM POSTO / COMÉRCIO|0|0|8 - PEÇAS|1.0|2779.19|CD 226 COROA DE TRANSMISSAO
96877989|774645|303|02|136215057|-1|2024|9|2 - ABASTECIMENTO EM POSTO / COMÉRCIO|6409|6834|4 - DIESEL (LITRO)|111.77|747.74|DIESEL S10
96877990|774582|303|02|136215057|-1|2024|9|2 - ABASTECIMENTO EM POSTO / COMÉRCIO|123935|123935|8 - PEÇAS|1.0|390.0|CD 553 RADIADOR
96877991|774623|303|02|136215040|-1|2024|9|2 - ABASTECIMENTO EM POSTO / COMÉRCIO|37341|38936|8 - PEÇAS|1.0|394.2|CD 8 FILTRO DE AR
96877992|774657|303|02|136215040|-1|2024|9|2 - ABASTECIMENTO EM POSTO / COMÉRCIO|0|0|8 - PEÇAS|1.0|324.12|CD 109 FILTRO DIESEL
96877993|774651|303|02|130415127|-1|2024|9|2 - ABASTECIMENTO EM POSTO / COMÉRCIO|81658|81858|2 - GASOLINA (LITRO)|73.05|466.79|GASOLINA
96877994|774609|303|02|130415126|-1|2024|9|2 - ABASTECIMENTO EM POSTO / COMÉRCIO|214170|215818|9 - SERVIÇOS|1.0|380.0|TROCA DE OLEOFILTROSRETENTOR TRANSMISS
96877995|774611|303|02|136215040|-1|2024|9|2 - ABASTECIMENTO EM POSTO / COMÉRCIO|0|0|9 - SERVIÇOS|1.0|5120.0|REVISAO NO EQUIPAMENTOBOMBAREPELETRIC
96877996|774650|303|02|136215040|-1|2024|9|2 - ABASTECIMENTO EM POSTO / COMÉRCIO|0|0|8 - PEÇAS|1.0|1523.4|CD 1119 KIT FILTROS
96877997|774539|303|02|130415126|-1|2024|9|2 - ABASTECIMENTO EM POSTO / COMÉRCIO|132115|132115|8 - PEÇAS|1.0|52.0|CD 126 FILTRO DO AR CONDICIONADO
96877998|774619|303|02|136215040|-1|2024|9|2 - ABASTECIMENTO EM POSTO / COMÉRCIO|30160|31160|99 - OUTROS|2.0|1296.4|CD 1003 ARLA 32 GALAO 20 LITROS
96877999|774547|303|02|130415126|-1|2024|9|2 - ABASTECIMENTO EM POSTO / COMÉRCIO|49129|53290|2 - GASOLINA (LITRO)|245.11|1605.4|GASOLINA
96878000|774619|303|02|136215040|-1|2024|9|2 - ABASTECIMENTO EM POSTO / COMÉRCIO|30160|31160|8 - PEÇAS|1.0|207.9|CD 1683 FILTRO CENTRIFUGO
96878001|774582|303|02|136215057|-1|2024|9|2 - ABASTECIMENTO EM POSTO / COMÉRCIO|123935|123935|9 - SERVIÇOS|1.0|1200.0|REVISAO GERALALINHAR E BALANCEAR
96878002|774568|303|02|130415126|-1|2024|9|2 - ABASTECIMENTO EM POSTO / COMÉRCIO|216778|217773|8 - PEÇAS|1.0|180.0|CD 998 SAPATA DE FREIO
96878003|774541|303|02|130415126|-1|2024|9|2 - ABASTECIMENTO EM POSTO / COMÉRCIO|70396|73023|2 - GASOLINA (LITRO)|122.76|784.48|GASOLINA
96878004|774594|303|02|130415127|-1|2024|9|2 - ABASTECIMENTO EM POSTO / COMÉRCIO|40990|41668|2 - GASOLINA (LITRO)|70.72|451.9|GASOLINA
96878005|774579|303|02|130415126|-1|2024|9|2 - ABASTECIMENTO EM POSTO / COMÉRCIO|111233|114525|99 - OUTROS|4.0|5160.0|CD 1455 PNEU 22570 R16
96878006|774621|303|02|136215040|-1|2024|9|2 - ABASTECIMENTO EM POSTO / COMÉRCIO|103500|103870|8 - PEÇAS|3.0|246.33|CD 1051 PARAFUSO SUP FEIXE MOLA TRASEIRO
96878007|774647|303|02|136215040|-1|2024|9|2 - ABASTECIMENTO EM POSTO / COMÉRCIO|0|0|8 - PEÇAS|8.0|504.16|CD 962 PRISIONEIRO DO CUBO DA RODA
96878008|774621|303|02|136215040|-1|2024|9|2 - ABASTECIMENTO EM POSTO / COMÉRCIO|103500|103870|9 - SERVIÇOS|1.0|3020.0|REPARO NA SUSPENSAOSISTHIDRAULICO
96878009|774618|303|02|136215040|-1|2024|9|2 - ABASTECIMENTO EM POSTO / COMÉRCIO|0|0|4 - DIESEL (LITRO)|96.89|638.51|OLEO DIESEL
96878010|774650|303|02|136215040|-1|2024|9|2 - ABASTECIMENTO EM POSTO / COMÉRCIO|0|0|9 - SERVIÇOS|1.0|4160.0|REVGERAL ELETRICTROCA DE FILTROSLAVA
96878011|774657|303|02|136215040|-1|2024|9|2 - ABASTECIMENTO EM POSTO / COMÉRCIO|0|0|8 - PEÇAS|1.0|594.0|CD 948 FILTRO SEPARADOR DE OLEO
96878012|774582|303|02|130415127|-1|2024|9|2 - ABASTECIMENTO EM POSTO / COMÉRCIO|123935|123935|2 - GASOLINA (LITRO)|32.79|209.53|GASOLINA
96878013|774582|303|02|136215057|-1|2024|9|2 - ABASTECIMENTO EM POSTO / COMÉRCIO|123935|123935|8 - PEÇAS|4.0|156.0|CD 201 VELA DE IGNICAO
96878014|774644|303|02|136215057|-1|2024|9|2 - ABASTECIMENTO EM POSTO / COMÉRCIO|85481|87983|4 - DIESEL (LITRO)|329.21|2202.42|DIESEL S10
96878015|872489|303|02|136215040|-1|2024|9|2 - ABASTECIMENTO EM POSTO / COMÉRCIO|0|0|4 - DIESEL (LITRO)|360.11|2409.13|DIESEL S10
96878016|774644|303|02|136215057|-1|2024|9|2 - ABASTECIMENTO EM POSTO / COMÉRCIO|85481|87983|99 - OUTROS|6.0|19080.0|CD 257 PNEU 27580 R225
96878017|774567|303|02|124390411|-1|2024|9|2 - ABASTECIMENTO EM POSTO / COMÉRCIO|60916|60916|8 - PEÇAS|1.0|35.0|CD 6 FILTRO DE OLEO
96878018|774651|303|02|136215057|-1|2024|9|2 - ABASTECIMENTO EM POSTO / COMÉRCIO|81658|81858|2 - GASOLINA (LITRO)|68.34|436.69|GASOLINA
96878019|774582|303|02|136215057|-1|2024|9|2 - ABASTECIMENTO EM POSTO / COMÉRCIO|123935|123935|99 - OUTROS|2.0|1050.0|CD 254 PNEU 17570 R13
96878020|774569|303|02|127231184|-1|2024|9|2 - ABASTECIMENTO EM POSTO / COMÉRCIO|11450|11923|2 - GASOLINA (LITRO)|112.27|717.48|GASOLINA
96878021|774567|303|02|124390411|-1|2024|9|2 - ABASTECIMENTO EM POSTO / COMÉRCIO|60916|60916|2 - GASOLINA (LITRO)|33.33|212.98|GASOLINA
96878022|774582|303|02|136215057|-1|2024|9|2 - ABASTECIMENTO EM POSTO / COMÉRCIO|123935|123935|8 - PEÇAS|1.0|195.0|CD 200 CABO DE VELA
96878023|774564|303|02|126501617|-1|2024|9|2 - ABASTECIMENTO EM POSTO / COMÉRCIO|7343|7343|2 - GASOLINA (LITRO)|21.77|139.11|GASOLINA
96878027|774611|303|02|136215040|-1|2024|9|2 - ABASTECIMENTO EM POSTO / COMÉRCIO|0|0|8 - PEÇAS|1.0|1137.51|CD 134 MANGUEIRA DE ALTA PRESSAO DO SISTEMA HIDRAU
96878024|774545|303|02|124390411|-1|2024|9|2 - ABASTECIMENTO EM POSTO / COMÉRCIO|213865|214331|2 - GASOLINA (LITRO)|97.78|624.81|GASOLINA
96878025|774561|303|02|130415126|-1|2024|9|2 - ABASTECIMENTO EM POSTO / COMÉRCIO|56511|58978|2 - GASOLINA (LITRO)|104.02|670.94|GASOLINA
96878026|774647|303|02|136215040|-1|2024|9|2 - ABASTECIMENTO EM POSTO / COMÉRCIO|0|0|99 - OUTROS|4.0|365.04|CD 1524 ARRUELA DE ENCOSTO DO PINO DA MANGA DE EIX
96878028|774644|303|02|136215057|-1|2024|9|2 - ABASTECIMENTO EM POSTO / COMÉRCIO|85481|87983|99 - OUTROS|1.0|268.0|CD 1003 ARLA 32 GALAO 20 LITROS
96878029|774589|303|02|130415126|-1|2024|9|2 - ABASTECIMENTO EM POSTO / COMÉRCIO|74903|77739|2 - GASOLINA (LITRO)|185.38|1204.5|GASOLINA
96878030|774632|303|02|131735182|-1|2024|9|2 - ABASTECIMENTO EM POSTO / COMÉRCIO|460935|460935|4 - DIESEL (LITRO)|35.01|230.72|OLEO DIESEL
96878031|774658|303|02|136215040|-1|2024|9|2 - ABASTECIMENTO EM POSTO / COMÉRCIO|0|0|6 - ÓLEO LUBRIFICANTE (LITRO)|4.0|5066.4|CD 133 OLEO DE MOTOR 15W40 GALAO DE 20 LITROS
96878032|774582|303|02|136215057|-1|2024|9|2 - ABASTECIMENTO EM POSTO / COMÉRCIO|123935|123935|99 - OUTROS|2.0|104.0|CD 401 FLUIDO PARA FREIOS 500 ML
96878033|774582|303|02|136215057|-1|2024|9|2 - ABASTECIMENTO EM POSTO / COMÉRCIO|123935|123935|99 - OUTROS|1.0|178.5|CD 1165 CAPA DE PROTECAO DA CORREIA DENTADA
96878034|774638|303|02|136215057|-1|2024|9|2 - ABASTECIMENTO EM POSTO / COMÉRCIO|73381|75219|9 - SERVIÇOS|1.0|640.0|TROCA DE LONA DE FREIO
96878035|774658|303|02|136215040|-1|2024|9|2 - ABASTECIMENTO EM POSTO / COMÉRCIO|0|0|8 - PEÇAS|1.0|8846.37|CD 299 BOMBA DE COMBUSTIVEL
95393621|891911|302|01|124545596|-1|2024|8|2 - ABASTECIMENTO EM POSTO / COMÉRCIO|520|1590|2 - GASOLINA (LITRO)|36.04|237.5|ID 1257 ABASTECIMENTO VEICULO CODIGO =931, POSTO L
95393616|780172|302|01|124545596|-1|2024|8|2 - ABASTECIMENTO EM POSTO / COMÉRCIO|83000|83942|2 - GASOLINA (LITRO)|47.938|306.32|ID 1266 ABASTECIMENTO VEICULO CODIGO =3, POSTO LIN
95393617|780172|302|01|124545596|-1|2024|8|2 - ABASTECIMENTO EM POSTO / COMÉRCIO|83000|83942|2 - GASOLINA (LITRO)|44.15|282.11|ID 1268 ABASTECIMENTO VEICULO CODIGO =3, POSTO LIN
95393618|891911|302|01|124545596|-1|2024|8|2 - ABASTECIMENTO EM POSTO / COMÉRCIO|520|1590|2 - GASOLINA (LITRO)|32.96|227.09|ID 1261 ABASTECIMENTO VEICULO CODIGO =931, POSTO L
95393619|780172|302|01|124545596|-1|2024|8|2 - ABASTECIMENTO EM POSTO / COMÉRCIO|83000|83942|2 - GASOLINA (LITRO)|37.089|236.99|ID 1263 ABASTECIMENTO VEICULO CODIGO =3, POSTO LIN
95393620|854716|302|01|124545596|-1|2024|8|2 - ABASTECIMENTO EM POSTO / COMÉRCIO|39229|41490|2 - GASOLINA (LITRO)|40.26|265.31|ID 1251 ABASTECIMENTO VEICULO CODIGO =927, POSTO L
95393622|891911|302|01|124545596|-1|2024|8|2 - ABASTECIMENTO EM POSTO / COMÉRCIO|520|1590|2 - GASOLINA (LITRO)|37.772|241.36|ID 1258 ABASTECIMENTO VEICULO CODIGO =931, POSTO L
95393623|854716|302|01|124545596|-1|2024|8|2 - ABASTECIMENTO EM POSTO / COMÉRCIO|39229|41490|2 - GASOLINA (LITRO)|46.62|321.28|ID 1243 ABASTECIMENTO VEICULO CODIGO =927, POSTO L
95393624|854716|302|01|124545596|-1|2024|8|2 - ABASTECIMENTO EM POSTO / COMÉRCIO|39229|41490|2 - GASOLINA (LITRO)|49.1|338.3|ID 1255 ABASTECIMENTO VEICULO CODIGO =927, POSTO L
95393625|854716|302|01|124545596|-1|2024|8|2 - ABASTECIMENTO EM POSTO / COMÉRCIO|39229|41490|2 - GASOLINA (LITRO)|49.47|340.85|ID 1246 ABASTECIMENTO VEICULO CODIGO =927, POSTO L
95393626|854716|302|01|124545596|-1|2024|8|2 - ABASTECIMENTO EM POSTO / COMÉRCIO|39229|41490|2 - GASOLINA (LITRO)|46.741|294.0|ID 1240 ABASTECIMENTO VEICULO CODIGO =927, POSTO L
95393627|891911|302|01|124545596|-1|2024|8|2 - ABASTECIMENTO EM POSTO / COMÉRCIO|520|1590|2 - GASOLINA (LITRO)|35.996|230.01|ID 1259 ABASTECIMENTO VEICULO CODIGO =931, POSTO L
95393628|854716|302|01|124545596|-1|2024|8|2 - ABASTECIMENTO EM POSTO / COMÉRCIO|39229|41490|2 - GASOLINA (LITRO)|48.06|331.13|ID 1249 ABASTECIMENTO VEICULO CODIGO =927, POSTO L
95717538|891911|302|01|124545596|-1|2024|9|2 - ABASTECIMENTO EM POSTO / COMÉRCIO|1590|2033|2 - GASOLINA (LITRO)|39.862|254.71|ABASTECIMENTO VEICULO CODIGO =931, POSTO LINK CARD
95717539|780172|302|01|124545596|-1|2024|9|2 - ABASTECIMENTO EM POSTO / COMÉRCIO|83942|84094|2 - GASOLINA (LITRO)|52.7|347.29|ABASTECIMENTO VEICULO CODIGO =3, POSTO LINK CARD A
95717540|854716|302|01|124545596|-1|2024|9|2 - ABASTECIMENTO EM POSTO / COMÉRCIO|41490|42310|2 - GASOLINA (LITRO)|89.68|605.13|ABASTECIMENTO VEICULO CODIGO =927, POSTO LINK CARD
95107700|774623|303|02|130415125|-1|2024|7|2 - ABASTECIMENTO EM POSTO / COMÉRCIO|34095|35722|4 - DIESEL (LITRO)|163.56|1094.22|ID 38461 DIESEL S10
95107696|872489|303|02|130415125|-1|2024|7|2 - ABASTECIMENTO EM POSTO / COMÉRCIO|0|0|2 - GASOLINA (LITRO)|65.11|416.05|ID 38437 GASOLINA
95107697|774536|303|02|127231212|-1|2024|7|2 - ABASTECIMENTO EM POSTO / COMÉRCIO|140227|140963|8 - PEÇAS|1.0|497.0|OS 194446_1 CD 162 BATERIA 50A
95107698|774619|303|02|130415125|-1|2024|7|2 - ABASTECIMENTO EM POSTO / COMÉRCIO|27720|28338|4 - DIESEL (LITRO)|187.23|1252.57|ID 38566 DIESEL S10
95107699|774542|303|02|127231212|-1|2024|7|2 - ABASTECIMENTO EM POSTO / COMÉRCIO|245136|245865|8 - PEÇAS|1.0|49.01|OS 192197_1 CD 6 FILTRO DE OLEO
95107701|774611|303|02|130415125|-1|2024|7|2 - ABASTECIMENTO EM POSTO / COMÉRCIO|0|0|4 - DIESEL (LITRO)|54.64|365.54|ID 38432 DIESEL S10
95107702|774569|303|02|127231184|-1|2024|7|2 - ABASTECIMENTO EM POSTO / COMÉRCIO|9912|10532|2 - GASOLINA (LITRO)|26.67|170.42|ID 38391 GASOLINA
95107703|774623|303|02|130415125|-1|2024|7|2 - ABASTECIMENTO EM POSTO / COMÉRCIO|34095|35722|4 - DIESEL (LITRO)|146.16|977.81|ID 38460 DIESEL S10
95107704|774549|303|02|130415125|-1|2024|7|2 - ABASTECIMENTO EM POSTO / COMÉRCIO|117204|117836|6 - ÓLEO LUBRIFICANTE (LITRO)|1.0|98.3|ID 38542 OS 191859_1 CD 103 OLEO 15W40
95107705|774583|303|02|130415125|-1|2024|7|2 - ABASTECIMENTO EM POSTO / COMÉRCIO|24002|25259|4 - DIESEL (LITRO)|63.98|428.03|ID 38456 OLEO DIESEL
95107706|774554|303|02|124390415|-1|2024|7|2 - ABASTECIMENTO EM POSTO / COMÉRCIO|17686|21721|2 - GASOLINA (LITRO)|33.06|211.25|ID 38212 GASOLINA
95107707|774550|303|02|130415125|-1|2024|7|2 - ABASTECIMENTO EM POSTO / COMÉRCIO|237528|237528|2 - GASOLINA (LITRO)|28.67|183.2|ID 38434 GASOLINA
95107711|774660|303|02|127231184|-1|2024|7|2 - ABASTECIMENTO EM POSTO / COMÉRCIO|0|0|2 - GASOLINA (LITRO)|20.0|121.8|ID 38202 GASOLINA
95107708|774554|303|02|124390415|-1|2024|7|2 - ABASTECIMENTO EM POSTO / COMÉRCIO|17686|21721|2 - GASOLINA (LITRO)|41.33|251.7|ID 38209 GASOLINA
95107709|774536|303|02|127231212|-1|2024|7|2 - ABASTECIMENTO EM POSTO / COMÉRCIO|140227|140963|2 - GASOLINA (LITRO)|37.66|240.65|ID 38414 GASOLINA
95107710|774568|303|02|130415126|-1|2024|7|2 - ABASTECIMENTO EM POSTO / COMÉRCIO|214925|216080|2 - GASOLINA (LITRO)|11.08|70.8|ID 38487 GASOLINA
95107712|774563|303|02|124390415|-1|2024|7|2 - ABASTECIMENTO EM POSTO / COMÉRCIO|90347|91629|2 - GASOLINA (LITRO)|33.18|202.07|ID 38205 GASOLINA
95107713|774542|303|02|127231212|-1|2024|7|2 - ABASTECIMENTO EM POSTO / COMÉRCIO|245136|245865|8 - PEÇAS|1.0|280.06|OS 192197_1 CD 544 SUPORTE DA CAIXA
95107714|774583|303|02|130415125|-1|2024|7|2 - ABASTECIMENTO EM POSTO / COMÉRCIO|24002|25259|4 - DIESEL (LITRO)|45.09|301.65|ID 38455 DIESEL S10
95107715|872489|303|02|130415125|-1|2024|7|2 - ABASTECIMENTO EM POSTO / COMÉRCIO|0|0|2 - GASOLINA (LITRO)|4.78|30.6|ID 38438 GASOLINA
95107716|774650|303|02|130415125|-1|2024|7|2 - ABASTECIMENTO EM POSTO / COMÉRCIO|0|0|4 - DIESEL (LITRO)|110.49|739.18|ID 38424 DIESEL S10
95107717|774547|303|02|130415126|-1|2024|7|2 - ABASTECIMENTO EM POSTO / COMÉRCIO|39955|44413|2 - GASOLINA (LITRO)|22.83|145.88|ID 38541 GASOLINA
95107718|774657|303|02|130415125|-1|2024|7|2 - ABASTECIMENTO EM POSTO / COMÉRCIO|0|0|4 - DIESEL (LITRO)|255.9|1711.97|ID 38446 DIESEL S10
95107719|774632|303|02|124390415|-1|2024|7|2 - ABASTECIMENTO EM POSTO / COMÉRCIO|460286|460286|8 - PEÇAS|1.0|266.9|OS 118591_1 CD 109 FILTRO DIESEL
95107720|774623|303|02|130415125|-1|2024|7|2 - ABASTECIMENTO EM POSTO / COMÉRCIO|34095|35722|4 - DIESEL (LITRO)|78.77|526.97|ID 38458 DIESEL S10
95107721|774597|303|02|124390417|-1|2024|7|2 - ABASTECIMENTO EM POSTO / COMÉRCIO|79085|79327|1 - ÁLCOOL (LITRO)|54.31|258.55|ID 38386 ALCCOL AUTOMOTIVO
95107722|774650|303|02|130415125|-1|2024|7|2 - ABASTECIMENTO EM POSTO / COMÉRCIO|0|0|4 - DIESEL (LITRO)|100.16|670.07|ID 38425 DIESEL S10
95107723|774657|303|02|130415125|-1|2024|7|2 - ABASTECIMENTO EM POSTO / COMÉRCIO|0|0|4 - DIESEL (LITRO)|97.15|649.93|ID 38449 DIESEL S10
95107724|774632|303|02|124390415|-1|2024|7|2 - ABASTECIMENTO EM POSTO / COMÉRCIO|460286|460286|8 - PEÇAS|1.0|322.0|OS 118591_1 CD 8 FILTRO DE AR
95107725|774611|303|02|130415125|-1|2024|7|2 - ABASTECIMENTO EM POSTO / COMÉRCIO|0|0|4 - DIESEL (LITRO)|55.65|372.3|ID 38433 DIESEL S10
95107726|774542|303|02|127231212|-1|2024|7|2 - ABASTECIMENTO EM POSTO / COMÉRCIO|245136|245865|8 - PEÇAS|1.0|151.97|OS 192197_1 CD 212 CORREIA DENTADA
95107727|774593|303|02|130415125|-1|2024|7|2 - ABASTECIMENTO EM POSTO / COMÉRCIO|63450|65680|2 - GASOLINA (LITRO)|50.52|322.82|ID 38452 GASOLINA
95107728|774579|303|02|130415126|-1|2024|7|2 - ABASTECIMENTO EM POSTO / COMÉRCIO|103965|106886|4 - DIESEL (LITRO)|28.35|189.66|ID 38472 DIESEL S10
95107729|774644|303|02|124841814|-1|2024|7|2 - ABASTECIMENTO EM POSTO / COMÉRCIO|81057|82457|4 - DIESEL (LITRO)|123.46|825.95|ID 38229 DIESEL S10
95107730|774536|303|02|127231212|-1|2024|7|2 - ABASTECIMENTO EM POSTO / COMÉRCIO|140227|140963|2 - GASOLINA (LITRO)|31.86|203.59|ID 38415 GASOLINA
95107731|774623|303|02|130415125|-1|2024|7|2 - ABASTECIMENTO EM POSTO / COMÉRCIO|34095|35722|4 - DIESEL (LITRO)|123.62|827.02|ID 38462 DIESEL S10
95107732|774650|303|02|130415125|-1|2024|7|2 - ABASTECIMENTO EM POSTO / COMÉRCIO|0|0|4 - DIESEL (LITRO)|129.67|867.49|ID 38416 DIESEL S10
95107733|774564|303|02|126501617|-1|2024|7|2 - ABASTECIMENTO EM POSTO / COMÉRCIO|6811|7077|9 - SERVIÇOS|1.0|180.0|OS 184718_1 DIAGNOSTICOTROCA DE OLEO E FILTROS
95107734|774542|303|02|127231212|-1|2024|7|2 - ABASTECIMENTO EM POSTO / COMÉRCIO|245136|245865|8 - PEÇAS|1.0|386.79|OS 192197_1 CD 1050 CUBO DA RODA
95107735|774553|303|02|127231212|-1|2024|7|2 - ABASTECIMENTO EM POSTO / COMÉRCIO|126615|126947|2 - GASOLINA (LITRO)|25.14|153.16|ID 38413 GASOLINA
95107736|774554|303|02|124390415|-1|2024|7|2 - ABASTECIMENTO EM POSTO / COMÉRCIO|17686|21721|2 - GASOLINA (LITRO)|35.45|226.53|ID 38397 GASOLINA
95107737|774650|303|02|130415125|-1|2024|7|2 - ABASTECIMENTO EM POSTO / COMÉRCIO|0|0|4 - DIESEL (LITRO)|101.56|679.44|ID 38418 DIESEL S10
95107738|872489|303|02|130415125|-1|2024|7|2 - ABASTECIMENTO EM POSTO / COMÉRCIO|0|0|2 - GASOLINA (LITRO)|89.57|572.4|ID 38444 GASOLINA
95107739|774606|303|02|130415125|-1|2024|7|2 - ABASTECIMENTO EM POSTO / COMÉRCIO|114189|114463|8 - PEÇAS|1.0|120.0|OS 187577_1 CD 232 RESERVATORIO DE AGUA DO RADIADO
95107740|774542|303|02|127231212|-1|2024|7|2 - ABASTECIMENTO EM POSTO / COMÉRCIO|245136|245865|8 - PEÇAS|1.0|54.56|OS 192197_1 CD 8 FILTRO DE AR
95107741|774549|303|02|130415125|-1|2024|7|2 - ABASTECIMENTO EM POSTO / COMÉRCIO|117204|117836|2 - GASOLINA (LITRO)|38.01|242.88|ID 38334 GASOLINA
95107742|774542|303|02|127231212|-1|2024|7|2 - ABASTECIMENTO EM POSTO / COMÉRCIO|245136|245865|8 - PEÇAS|1.0|375.76|OS 192197_1 CD 200 CABO DE VELA
95107743|774539|303|02|127231212|-1|2024|7|2 - ABASTECIMENTO EM POSTO / COMÉRCIO|131052|131052|2 - GASOLINA (LITRO)|46.63|297.97|ID 38236 GASOLINA
95107744|774582|303|02|124841814|-1|2024|7|2 - ABASTECIMENTO EM POSTO / COMÉRCIO|122834|123179|2 - GASOLINA (LITRO)|33.58|204.5|ID 38230 GASOLINA
95107745|774606|303|02|130415125|-1|2024|7|2 - ABASTECIMENTO EM POSTO / COMÉRCIO|114189|114463|99 - OUTROS|1.0|45.0|OS 187577_1 CD 1038 DESCARBONIZANTE
95107746|774557|303|02|124390411|-1|2024|7|2 - ABASTECIMENTO EM POSTO / COMÉRCIO|291531|291731|2 - GASOLINA (LITRO)|19.7|120.0|ID 38220 GASOLINA
95107747|774650|303|02|130415125|-1|2024|7|2 - ABASTECIMENTO EM POSTO / COMÉRCIO|0|0|4 - DIESEL (LITRO)|133.45|892.78|ID 38327 DIESEL S10
95107748|774542|303|02|127231212|-1|2024|7|2 - ABASTECIMENTO EM POSTO / COMÉRCIO|245136|245865|8 - PEÇAS|1.0|42.25|OS 192197_1 CD 60 FILTRO DE COMBUSTIVEL
95107749|774555|303|02|124390411|-1|2024|7|2 - ABASTECIMENTO EM POSTO / COMÉRCIO|120249|121270|8 - PEÇAS|2.0|10.0|OS 184570_1 CD 130 LAMPADA DO FAROL AUXILIAR
95107750|774619|303|02|130415125|-1|2024|7|2 - ABASTECIMENTO EM POSTO / COMÉRCIO|27720|28338|4 - DIESEL (LITRO)|175.66|1175.17|ID 38450 DIESEL S10
95107751|774542|303|02|127231212|-1|2024|7|2 - ABASTECIMENTO EM POSTO / COMÉRCIO|245136|245865|9 - SERVIÇOS|1.0|1605.0|OS 192197_1 REVISAO GERAL
95107752|774646|303|02|127231212|-1|2024|7|2 - ABASTECIMENTO EM POSTO / COMÉRCIO|0|0|4 - DIESEL (LITRO)|4.61|30.38|ID 38240 OLEO DIESEL
95107756|774536|303|02|127231212|-1|2024|7|2 - ABASTECIMENTO EM POSTO / COMÉRCIO|140227|140963|2 - GASOLINA (LITRO)|34.61|210.82|ID 38238 GASOLINA
95107753|774543|303|02|124390417|-1|2024|7|2 - ABASTECIMENTO EM POSTO / COMÉRCIO|140604|140604|2 - GASOLINA (LITRO)|18.78|120.0|ID 38389 GASOLINA
95107754|774629|303|02|124841814|-1|2024|7|2 - ABASTECIMENTO EM POSTO / COMÉRCIO|8471|9207|4 - DIESEL (LITRO)|113.6|760.52|ID 38237 DIESEL S10
95107755|774623|303|02|130415125|-1|2024|7|2 - ABASTECIMENTO EM POSTO / COMÉRCIO|34095|35722|4 - DIESEL (LITRO)|82.57|552.39|ID 38457 DIESEL S10
95107757|774564|303|02|126501617|-1|2024|7|2 - ABASTECIMENTO EM POSTO / COMÉRCIO|6811|7077|8 - PEÇAS|1.0|65.0|OS 184718_1 CD 6 FILTRO DE OLEO
95107758|774650|303|02|130415125|-1|2024|7|2 - ABASTECIMENTO EM POSTO / COMÉRCIO|0|0|4 - DIESEL (LITRO)|59.26|396.45|ID 38328 DIESEL S10
95107759|774644|303|02|124841814|-1|2024|7|2 - ABASTECIMENTO EM POSTO / COMÉRCIO|81057|82457|4 - DIESEL (LITRO)|142.0|949.98|ID 38406 DIESEL S10
95107760|774542|303|02|127231212|-1|2024|7|2 - ABASTECIMENTO EM POSTO / COMÉRCIO|245136|245865|8 - PEÇAS|2.0|378.0|OS 192197_1 CD 339 BUCHA DA BARRA DE DIRECAO
95107761|774564|303|02|126501617|-1|2024|7|2 - ABASTECIMENTO EM POSTO / COMÉRCIO|6811|7077|6 - ÓLEO LUBRIFICANTE (LITRO)|3.0|234.0|ID 38544 OS 184718_1 CD 671 OLEO MOTOR 5W40
95107762|774629|303|02|124841814|-1|2024|7|2 - ABASTECIMENTO EM POSTO / COMÉRCIO|8471|9207|4 - DIESEL (LITRO)|127.67|854.11|ID 38409 DIESEL S10
95107763|774638|303|02|124841814|-1|2024|7|2 - ABASTECIMENTO EM POSTO / COMÉRCIO|69958|71208|4 - DIESEL (LITRO)|70.27|470.11|ID 38224 DIESEL S10
95107764|774606|303|02|130415125|-1|2024|7|2 - ABASTECIMENTO EM POSTO / COMÉRCIO|114189|114463|8 - PEÇAS|1.0|325.0|OS 187577_1 CD 329 KIT CORREIA COM TENSOR
95107765|774545|303|02|124390411|-1|2024|7|2 - ABASTECIMENTO EM POSTO / COMÉRCIO|213261|213438|8 - PEÇAS|1.0|662.5|OS 193699_1 CD 132 BATERIA 60A
95107766|774542|303|02|127231212|-1|2024|7|2 - ABASTECIMENTO EM POSTO / COMÉRCIO|245136|245865|2 - GASOLINA (LITRO)|19.77|126.33|ID 38411 GASOLINA
95107767|774545|303|02|124390411|-1|2024|7|2 - ABASTECIMENTO EM POSTO / COMÉRCIO|213261|213438|2 - GASOLINA (LITRO)|28.35|172.65|ID 38218 GASOLINA
95107768|774549|303|02|130415125|-1|2024|7|2 - ABASTECIMENTO EM POSTO / COMÉRCIO|117204|117836|9 - SERVIÇOS|1.0|90.0|OS 191859_1 REPARAR RADIADOR
95107769|774638|303|02|124841814|-1|2024|7|2 - ABASTECIMENTO EM POSTO / COMÉRCIO|69958|71208|99 - OUTROS|2.0|484.0|OS 182928_1 CD 1003 ARLA 32 GALAO 20 LITROS
95107770|774657|303|02|130415125|-1|2024|7|2 - ABASTECIMENTO EM POSTO / COMÉRCIO|0|0|4 - DIESEL (LITRO)|291.49|1950.07|ID 38447 DIESEL S10
95107771|774555|303|02|124390411|-1|2024|7|2 - ABASTECIMENTO EM POSTO / COMÉRCIO|120249|121270|2 - GASOLINA (LITRO)|36.6|222.89|ID 38219 GASOLINA
95107772|774606|303|02|130415125|-1|2024|7|2 - ABASTECIMENTO EM POSTO / COMÉRCIO|114189|114463|8 - PEÇAS|1.0|3.0|OS 187577_1 CD 76 ABRACADEIRA
95107773|774549|303|02|130415125|-1|2024|7|2 - ABASTECIMENTO EM POSTO / COMÉRCIO|117204|117836|2 - GASOLINA (LITRO)|33.11|211.57|ID 38431 GASOLINA
95107774|774638|303|02|124841814|-1|2024|7|2 - ABASTECIMENTO EM POSTO / COMÉRCIO|69958|71208|4 - DIESEL (LITRO)|97.25|650.6|ID 38405 DIESEL S10
95107775|774542|303|02|127231212|-1|2024|7|2 - ABASTECIMENTO EM POSTO / COMÉRCIO|245136|245865|2 - GASOLINA (LITRO)|26.87|171.7|ID 38235 GASOLINA
95107776|774569|303|02|127231184|-1|2024|7|2 - ABASTECIMENTO EM POSTO / COMÉRCIO|9912|10532|2 - GASOLINA (LITRO)|18.85|114.8|ID 38204 GASOLINA
95107777|774557|303|02|124390411|-1|2024|7|2 - ABASTECIMENTO EM POSTO / COMÉRCIO|291531|291731|2 - GASOLINA (LITRO)|40.11|256.3|ID 38402 GASOLINA
95107778|774542|303|02|127231212|-1|2024|7|2 - ABASTECIMENTO EM POSTO / COMÉRCIO|245136|245865|8 - PEÇAS|2.0|362.24|OS 192197_1 CD 600 TRIZETA DO SEMIEIXO
95107779|774632|303|02|124390415|-1|2024|7|2 - ABASTECIMENTO EM POSTO / COMÉRCIO|460286|460286|99 - OUTROS|1.0|1457.4|OS 189854_1 CD 1659 MACACO MECANICO
95107780|774619|303|02|130415125|-1|2024|7|2 - ABASTECIMENTO EM POSTO / COMÉRCIO|27720|28338|4 - DIESEL (LITRO)|152.68|1021.43|ID 38346 DIESEL S10
95107781|774619|303|02|130415125|-1|2024|7|2 - ABASTECIMENTO EM POSTO / COMÉRCIO|27720|28338|4 - DIESEL (LITRO)|163.36|1092.88|ID 38347 DIESEL S10
95107782|774567|303|02|124390411|-1|2024|7|2 - ABASTECIMENTO EM POSTO / COMÉRCIO|60222|60222|2 - GASOLINA (LITRO)|31.72|202.69|ID 38563 GASOLINA
95107783|774623|303|02|130415125|-1|2024|7|2 - ABASTECIMENTO EM POSTO / COMÉRCIO|34095|35722|4 - DIESEL (LITRO)|125.99|842.87|ID 38459 DIESEL S10
95107784|774650|303|02|130415125|-1|2024|7|2 - ABASTECIMENTO EM POSTO / COMÉRCIO|0|0|4 - DIESEL (LITRO)|134.09|897.06|ID 38420 DIESEL S10
95107785|774650|303|02|130415125|-1|2024|7|2 - ABASTECIMENTO EM POSTO / COMÉRCIO|0|0|4 - DIESEL (LITRO)|105.81|707.87|ID 38417 DIESEL S10
95107786|774606|303|02|130415125|-1|2024|7|2 - ABASTECIMENTO EM POSTO / COMÉRCIO|114189|114463|2 - GASOLINA (LITRO)|44.36|283.46|ID 38429 GASOLINA
95107787|774621|303|02|130415125|-1|2024|7|2 - ABASTECIMENTO EM POSTO / COMÉRCIO|100953|101623|4 - DIESEL (LITRO)|173.01|1157.44|ID 38565 DIESEL S10
95107788|872489|303|02|130415125|-1|2024|7|2 - ABASTECIMENTO EM POSTO / COMÉRCIO|0|0|4 - DIESEL (LITRO)|42.95|287.34|ID 38441 DIESEL S10
95107789|774554|303|02|124390415|-1|2024|7|2 - ABASTECIMENTO EM POSTO / COMÉRCIO|17686|21721|2 - GASOLINA (LITRO)|31.44|200.9|ID 38213 GASOLINA
95107790|774615|303|02|124390417|-1|2024|7|2 - ABASTECIMENTO EM POSTO / COMÉRCIO|0|0|2 - GASOLINA (LITRO)|30.69|196.11|ID 38387 GASOLINA
95107791|774657|303|02|130415125|-1|2024|7|2 - ABASTECIMENTO EM POSTO / COMÉRCIO|0|0|4 - DIESEL (LITRO)|199.68|1335.86|ID 38341 DIESEL S10
95107792|774569|303|02|127231184|-1|2024|7|2 - ABASTECIMENTO EM POSTO / COMÉRCIO|9912|10532|2 - GASOLINA (LITRO)|18.38|117.45|ID 38392 GASOLINA
95107793|774594|303|02|124841814|-1|2024|7|2 - ABASTECIMENTO EM POSTO / COMÉRCIO|39442|39827|2 - GASOLINA (LITRO)|43.25|276.37|ID 38408 GASOLINA
95107794|774593|303|02|130415125|-1|2024|7|2 - ABASTECIMENTO EM POSTO / COMÉRCIO|63450|65680|2 - GASOLINA (LITRO)|25.41|162.37|ID 38351 GASOLINA
95107795|774563|303|02|124390415|-1|2024|7|2 - ABASTECIMENTO EM POSTO / COMÉRCIO|90347|91629|2 - GASOLINA (LITRO)|23.36|149.27|ID 38395 GASOLINA
95107796|774536|303|02|127231212|-1|2024|7|2 - ABASTECIMENTO EM POSTO / COMÉRCIO|140227|140963|2 - GASOLINA (LITRO)|45.65|278.01|ID 38239 GASOLINA
95107797|774554|303|02|124390415|-1|2024|7|2 - ABASTECIMENTO EM POSTO / COMÉRCIO|17686|21721|2 - GASOLINA (LITRO)|24.65|150.12|ID 38211 GASOLINA
95107801|774644|303|02|124841814|-1|2024|7|2 - ABASTECIMENTO EM POSTO / COMÉRCIO|81057|82457|4 - DIESEL (LITRO)|122.47|819.32|ID 38228 DIESEL S10
95107798|774542|303|02|127231212|-1|2024|7|2 - ABASTECIMENTO EM POSTO / COMÉRCIO|245136|245865|8 - PEÇAS|1.0|116.98|OS 192197_1 CD 164 JUNTA DA TAMPA DE VALVULA
95107799|872490|303|02|127231184|-1|2024|7|2 - ABASTECIMENTO EM POSTO / COMÉRCIO|0|0|2 - GASOLINA (LITRO)|18.75|119.85|ID 38203 GASOLINA
95107800|872489|303|02|130415125|-1|2024|7|2 - ABASTECIMENTO EM POSTO / COMÉRCIO|0|0|2 - GASOLINA (LITRO)|44.17|282.25|ID 38440 GASOLINA
95107802|774606|303|02|130415125|-1|2024|7|2 - ABASTECIMENTO EM POSTO / COMÉRCIO|114189|114463|8 - PEÇAS|1.0|198.0|OS 187577_1 CD 593 KIT DE RETIFICACAO DO MOTOR
95107803|774601|303|02|124390411|-1|2024|7|2 - ABASTECIMENTO EM POSTO / COMÉRCIO|66110|66110|2 - GASOLINA (LITRO)|26.99|172.47|ID 38562 GASOLINA
95107804|774638|303|02|124841814|-1|2024|7|2 - ABASTECIMENTO EM POSTO / COMÉRCIO|69958|71208|4 - DIESEL (LITRO)|120.01|802.87|ID 38404 DIESEL S10
95107805|774593|303|02|130415125|-1|2024|7|2 - ABASTECIMENTO EM POSTO / COMÉRCIO|63450|65680|2 - GASOLINA (LITRO)|32.15|205.44|ID 38453 GASOLINA
95107806|774606|303|02|130415125|-1|2024|7|2 - ABASTECIMENTO EM POSTO / COMÉRCIO|114189|114463|2 - GASOLINA (LITRO)|39.65|253.36|ID 38332 GASOLINA
95107807|774545|303|02|124390411|-1|2024|7|2 - ABASTECIMENTO EM POSTO / COMÉRCIO|213261|213438|2 - GASOLINA (LITRO)|27.13|165.22|ID 38217 GASOLINA
95107808|774554|303|02|124390415|-1|2024|7|2 - ABASTECIMENTO EM POSTO / COMÉRCIO|17686|21721|2 - GASOLINA (LITRO)|40.58|247.13|ID 38210 GASOLINA
95107809|774540|303|02|124390411|-1|2024|7|2 - ABASTECIMENTO EM POSTO / COMÉRCIO|5809|6233|2 - GASOLINA (LITRO)|44.8|272.83|ID 38221 GASOLINA
95107810|774615|303|02|124390417|-1|2024|7|2 - ABASTECIMENTO EM POSTO / COMÉRCIO|0|0|2 - GASOLINA (LITRO)|5.4|32.89|ID 38215 GASOLINA
95107811|774615|303|02|124390417|-1|2024|7|2 - ABASTECIMENTO EM POSTO / COMÉRCIO|0|0|2 - GASOLINA (LITRO)|13.24|84.6|ID 38388 GASOLINA
95107812|774615|303|02|124390417|-1|2024|7|2 - ABASTECIMENTO EM POSTO / COMÉRCIO|0|0|2 - GASOLINA (LITRO)|5.22|31.79|ID 38216 GASOLINA
95107813|774593|303|02|130415125|-1|2024|7|2 - ABASTECIMENTO EM POSTO / COMÉRCIO|63450|65680|2 - GASOLINA (LITRO)|44.18|282.31|ID 38454 GASOLINA
95107814|774650|303|02|130415125|-1|2024|7|2 - ABASTECIMENTO EM POSTO / COMÉRCIO|0|0|4 - DIESEL (LITRO)|146.59|980.69|ID 38329 DIESEL S10
95107815|774606|303|02|130415125|-1|2024|7|2 - ABASTECIMENTO EM POSTO / COMÉRCIO|114189|114463|8 - PEÇAS|2.0|10.0|OS 187577_1 CD 288 LAMPADA 67
95107816|774632|303|02|124390415|-1|2024|7|2 - ABASTECIMENTO EM POSTO / COMÉRCIO|460286|460286|99 - OUTROS|4.0|674.8|OS 118591_1 CD 545 ABRACADEIRA DO ESCAPAMENTO
95107817|774542|303|02|127231212|-1|2024|7|2 - ABASTECIMENTO EM POSTO / COMÉRCIO|245136|245865|6 - ÓLEO LUBRIFICANTE (LITRO)|3.0|252.9|ID 38547 OS 192197_1 CD 80 OLEO MOTOR 5W30
95107818|774632|303|02|124390415|-1|2024|7|2 - ABASTECIMENTO EM POSTO / COMÉRCIO|460286|460286|6 - ÓLEO LUBRIFICANTE (LITRO)|11.0|696.63|ID 38357 OS 118591_1 CD 103 OLEO 15W40
95107819|774542|303|02|127231212|-1|2024|7|2 - ABASTECIMENTO EM POSTO / COMÉRCIO|245136|245865|8 - PEÇAS|2.0|502.36|OS 192197_1 CD 1576 SUPORTE DE APOIO DO MOTOR
95107820|872489|303|02|130415125|-1|2024|7|2 - ABASTECIMENTO EM POSTO / COMÉRCIO|0|0|2 - GASOLINA (LITRO)|43.96|280.9|ID 38439 GASOLINA
95107821|774644|303|02|124841814|-1|2024|7|2 - ABASTECIMENTO EM POSTO / COMÉRCIO|81057|82457|4 - DIESEL (LITRO)|97.21|650.33|ID 38227 DIESEL S10
95107822|774542|303|02|127231212|-1|2024|7|2 - ABASTECIMENTO EM POSTO / COMÉRCIO|245136|245865|8 - PEÇAS|2.0|256.64|OS 192197_1 CD 234 POLIA DO ALTERNADOR
95107823|774563|303|02|124390415|-1|2024|7|2 - ABASTECIMENTO EM POSTO / COMÉRCIO|90347|91629|2 - GASOLINA (LITRO)|29.03|185.5|ID 38206 GASOLINA
95107824|774650|303|02|130415125|-1|2024|7|2 - ABASTECIMENTO EM POSTO / COMÉRCIO|0|0|4 - DIESEL (LITRO)|143.12|957.47|ID 38422 DIESEL S10
95107825|774540|303|02|124390411|-1|2024|7|2 - ABASTECIMENTO EM POSTO / COMÉRCIO|5809|6233|2 - GASOLINA (LITRO)|38.39|245.31|ID 38403 GASOLINA
95107826|774606|303|02|130415125|-1|2024|7|2 - ABASTECIMENTO EM POSTO / COMÉRCIO|114189|114463|8 - PEÇAS|2.0|340.0|OS 187577_1 CD 59 BUCHA TRASEIRA BANDEJA LE
95107827|774657|303|02|130415125|-1|2024|7|2 - ABASTECIMENTO EM POSTO / COMÉRCIO|0|0|4 - DIESEL (LITRO)|175.01|1170.82|ID 38448 DIESEL S10
95107828|774623|303|02|130415125|-1|2024|7|2 - ABASTECIMENTO EM POSTO / COMÉRCIO|34095|35722|4 - DIESEL (LITRO)|105.84|708.07|ID 38355 DIESEL S10
95107829|774582|303|02|124841814|-1|2024|7|2 - ABASTECIMENTO EM POSTO / COMÉRCIO|122834|123179|2 - GASOLINA (LITRO)|42.18|269.53|ID 38407 GASOLINA
95107830|774553|303|02|127231212|-1|2024|7|2 - ABASTECIMENTO EM POSTO / COMÉRCIO|126615|126947|2 - GASOLINA (LITRO)|30.0|191.7|ID 38412 GASOLINA
95107831|774657|303|02|130415125|-1|2024|7|2 - ABASTECIMENTO EM POSTO / COMÉRCIO|0|0|4 - DIESEL (LITRO)|163.11|1091.21|ID 38340 DIESEL S10
95107832|774638|303|02|124841814|-1|2024|7|2 - ABASTECIMENTO EM POSTO / COMÉRCIO|69958|71208|4 - DIESEL (LITRO)|130.92|875.85|ID 38222 DIESEL S10
95107833|774554|303|02|124390415|-1|2024|7|2 - ABASTECIMENTO EM POSTO / COMÉRCIO|17686|21721|2 - GASOLINA (LITRO)|20.18|122.9|ID 38208 GASOLINA
95107834|774629|303|02|124841814|-1|2024|7|2 - ABASTECIMENTO EM POSTO / COMÉRCIO|8471|9207|4 - DIESEL (LITRO)|118.1|790.09|ID 38232 DIESEL S10
95107835|872489|303|02|130415125|-1|2024|7|2 - ABASTECIMENTO EM POSTO / COMÉRCIO|0|0|2 - GASOLINA (LITRO)|76.89|491.33|ID 38445 GASOLINA
95107836|774632|303|02|124390415|-1|2024|7|2 - ABASTECIMENTO EM POSTO / COMÉRCIO|460286|460286|8 - PEÇAS|1.0|296.8|OS 118591_1 CD 66 FILTRO RACOR
95107837|774632|303|02|124390415|-1|2024|7|2 - ABASTECIMENTO EM POSTO / COMÉRCIO|460286|460286|8 - PEÇAS|1.0|463.27|OS 118591_1 CD 1654 TUBO FLEXIVEL DO ESCAPAMENTO
95107838|872489|303|02|130415125|-1|2024|7|2 - ABASTECIMENTO EM POSTO / COMÉRCIO|0|0|4 - DIESEL (LITRO)|150.05|988.83|ID 38436 OLEO DIESEL
95107839|774542|303|02|127231212|-1|2024|7|2 - ABASTECIMENTO EM POSTO / COMÉRCIO|245136|245865|8 - PEÇAS|2.0|951.34|OS 192197_1 CD 187 JUNTA HOMOCINETICA LE EXTERNA
95107840|774542|303|02|127231212|-1|2024|7|2 - ABASTECIMENTO EM POSTO / COMÉRCIO|245136|245865|2 - GASOLINA (LITRO)|26.68|162.48|ID 38234 GASOLINA
95107841|774542|303|02|127231212|-1|2024|7|2 - ABASTECIMENTO EM POSTO / COMÉRCIO|245136|245865|8 - PEÇAS|1.0|305.61|OS 192197_1 CD 631 ESTICADOR DA CORREIA DENTADA
95107845|872489|303|02|130415125|-1|2024|7|2 - ABASTECIMENTO EM POSTO / COMÉRCIO|0|0|2 - GASOLINA (LITRO)|40.36|245.79|ID 38443 GASOLINA
95107842|774632|303|02|124390415|-1|2024|7|2 - ABASTECIMENTO EM POSTO / COMÉRCIO|460286|460286|8 - PEÇAS|1.0|230.0|OS 118591_1 CD 72 FILTRO DE AR SECUNDARIO
95107843|774542|303|02|127231212|-1|2024|7|2 - ABASTECIMENTO EM POSTO / COMÉRCIO|245136|245865|8 - PEÇAS|1.0|162.72|OS 192197_1 CD 270 JOGO DE PASTILHA
95107844|774564|303|02|126501617|-1|2024|7|2 - ABASTECIMENTO EM POSTO / COMÉRCIO|6811|7077|2 - GASOLINA (LITRO)|21.44|137.0|ID 38393 GASOLINA
95107846|872489|303|02|130415125|-1|2024|7|2 - ABASTECIMENTO EM POSTO / COMÉRCIO|0|0|2 - GASOLINA (LITRO)|5.01|32.01|ID 38442 GASOLINA
95107847|774650|303|02|130415125|-1|2024|7|2 - ABASTECIMENTO EM POSTO / COMÉRCIO|0|0|4 - DIESEL (LITRO)|140.14|937.54|ID 38423 DIESEL S10
95107848|774621|303|02|130415125|-1|2024|7|2 - ABASTECIMENTO EM POSTO / COMÉRCIO|100953|101623|4 - DIESEL (LITRO)|211.12|1412.39|ID 38564 DIESEL S10
95107849|774650|303|02|130415125|-1|2024|7|2 - ABASTECIMENTO EM POSTO / COMÉRCIO|0|0|4 - DIESEL (LITRO)|142.97|956.47|ID 38428 DIESEL S10
95107850|774606|303|02|130415125|-1|2024|7|2 - ABASTECIMENTO EM POSTO / COMÉRCIO|114189|114463|99 - OUTROS|1.0|95.0|OS 187577_1 CD 354 SILICONE
95107851|774593|303|02|130415125|-1|2024|7|2 - ABASTECIMENTO EM POSTO / COMÉRCIO|63450|65680|2 - GASOLINA (LITRO)|44.7|285.63|ID 38451 GASOLINA
95107852|774632|303|02|124390415|-1|2024|7|2 - ABASTECIMENTO EM POSTO / COMÉRCIO|460286|460286|8 - PEÇAS|2.0|2799.6|OS 118591_1 CD 171 BATERIA 100A
95107853|774554|303|02|124390415|-1|2024|7|2 - ABASTECIMENTO EM POSTO / COMÉRCIO|17686|21721|2 - GASOLINA (LITRO)|35.0|223.65|ID 38396 GASOLINA
95107854|774624|303|02|127231184|-1|2024|7|2 - ABASTECIMENTO EM POSTO / COMÉRCIO|368094|368094|4 - DIESEL (LITRO)|99.49|655.68|ID 38390 OLEO DIESEL
95107855|774542|303|02|127231212|-1|2024|7|2 - ABASTECIMENTO EM POSTO / COMÉRCIO|245136|245865|6 - ÓLEO LUBRIFICANTE (LITRO)|2.0|103.96|ID 38547 OS 192197_1 CD 143 FLUIDO DE FREIO
95107856|774628|303|02|130415125|-1|2024|7|2 - ABASTECIMENTO EM POSTO / COMÉRCIO|0|0|4 - DIESEL (LITRO)|80.27|537.01|ID 38463 DIESEL S10
95107857|774628|303|02|130415125|-1|2024|7|2 - ABASTECIMENTO EM POSTO / COMÉRCIO|0|0|4 - DIESEL (LITRO)|67.84|453.85|ID 38464 DIESEL S10
95107858|774594|303|02|124841814|-1|2024|7|2 - ABASTECIMENTO EM POSTO / COMÉRCIO|39442|39827|2 - GASOLINA (LITRO)|46.82|299.18|ID 38231 GASOLINA
95107859|774549|303|02|130415125|-1|2024|7|2 - ABASTECIMENTO EM POSTO / COMÉRCIO|117204|117836|99 - OUTROS|2.0|85.0|OS 191859_1 CD 78 ADITIVO DO RADIADOR
95107860|774632|303|02|124390415|-1|2024|7|2 - ABASTECIMENTO EM POSTO / COMÉRCIO|460286|460286|8 - PEÇAS|6.0|11914.38|OS 189854_1 CD 96 PNEU 21575 R17,5
95107861|774584|303|02|130415126|-1|2024|7|2 - ABASTECIMENTO EM POSTO / COMÉRCIO|55533|59387|4 - DIESEL (LITRO)|46.01|282.52|ID 38480 DIESEL S10
95107862|872489|303|02|130415125|-1|2024|7|2 - ABASTECIMENTO EM POSTO / COMÉRCIO|0|0|2 - GASOLINA (LITRO)|76.06|486.02|ID 38435 GASOLINA
95107863|774650|303|02|130415125|-1|2024|7|2 - ABASTECIMENTO EM POSTO / COMÉRCIO|0|0|4 - DIESEL (LITRO)|95.93|641.77|ID 38421 DIESEL S10
95107864|774542|303|02|127231212|-1|2024|7|2 - ABASTECIMENTO EM POSTO / COMÉRCIO|245136|245865|8 - PEÇAS|1.0|113.31|OS 192197_1 CD 128 CORREIA DO ALTERNADOR
95107865|774606|303|02|130415125|-1|2024|7|2 - ABASTECIMENTO EM POSTO / COMÉRCIO|114189|114463|9 - SERVIÇOS|1.0|1910.0|OS 187577_1 RASTREIORETIFICAFUNILARIASUSPENSAO
95107866|774638|303|02|124841814|-1|2024|7|2 - ABASTECIMENTO EM POSTO / COMÉRCIO|69958|71208|4 - DIESEL (LITRO)|58.26|389.76|ID 38225 DIESEL S10
95107867|774606|303|02|130415125|-1|2024|7|2 - ABASTECIMENTO EM POSTO / COMÉRCIO|114189|114463|8 - PEÇAS|4.0|128.0|OS 187577_1 CD 201 VELA DE IGNICAO
95107868|774555|303|02|124390411|-1|2024|7|2 - ABASTECIMENTO EM POSTO / COMÉRCIO|120249|121270|2 - GASOLINA (LITRO)|35.04|223.91|ID 38401 GASOLINA
95107869|774542|303|02|127231212|-1|2024|7|2 - ABASTECIMENTO EM POSTO / COMÉRCIO|245136|245865|8 - PEÇAS|1.0|45.5|OS 192197_1 CD 161 ANEL ORING
95107870|774606|303|02|130415125|-1|2024|7|2 - ABASTECIMENTO EM POSTO / COMÉRCIO|114189|114463|8 - PEÇAS|2.0|100.0|OS 187577_1 CD 191 BUCHA DIANTEIRA BANDEJA LD
95107871|774542|303|02|127231212|-1|2024|7|2 - ABASTECIMENTO EM POSTO / COMÉRCIO|245136|245865|6 - ÓLEO LUBRIFICANTE (LITRO)|2.0|187.8|ID 38547 OS 192197_1 CD 173 OLEO SAE 80 PCAIXA DE
95107872|774555|303|02|124390411|-1|2024|7|2 - ABASTECIMENTO EM POSTO / COMÉRCIO|120249|121270|2 - GASOLINA (LITRO)|33.77|215.79|ID 38400 GASOLINA
95107873|774632|303|02|124390415|-1|2024|7|2 - ABASTECIMENTO EM POSTO / COMÉRCIO|460286|460286|8 - PEÇAS|1.0|2298.2|OS 189854_1 CD 1527 RODA ARO 17,5 X 6,00
95107874|774563|303|02|124390415|-1|2024|7|2 - ABASTECIMENTO EM POSTO / COMÉRCIO|90347|91629|2 - GASOLINA (LITRO)|46.29|295.79|ID 38394 GASOLINA
95107875|774553|303|02|127231212|-1|2024|7|2 - ABASTECIMENTO EM POSTO / COMÉRCIO|126615|126947|2 - GASOLINA (LITRO)|42.0|255.78|ID 38241 GASOLINA
95107876|774638|303|02|124841814|-1|2024|7|2 - ABASTECIMENTO EM POSTO / COMÉRCIO|69958|71208|9 - SERVIÇOS|1.0|200.0|OS 182928_1 MONTAGEM DE PNEUS E COMPRA DE ARLA
95107877|774638|303|02|124841814|-1|2024|7|2 - ABASTECIMENTO EM POSTO / COMÉRCIO|69958|71208|4 - DIESEL (LITRO)|77.59|519.08|ID 38223 DIESEL S10
95107878|774556|303|02|124390415|-1|2024|7|2 - ABASTECIMENTO EM POSTO / COMÉRCIO|1289|1289|2 - GASOLINA (LITRO)|20.48|130.87|ID 38207 GASOLINA
95107879|774554|303|02|124390415|-1|2024|7|2 - ABASTECIMENTO EM POSTO / COMÉRCIO|17686|21721|2 - GASOLINA (LITRO)|40.87|261.16|ID 38398 GASOLINA
95107880|774650|303|02|130415125|-1|2024|7|2 - ABASTECIMENTO EM POSTO / COMÉRCIO|0|0|4 - DIESEL (LITRO)|141.17|944.43|ID 38426 DIESEL S10
95107881|774597|303|02|124390417|-1|2024|7|2 - ABASTECIMENTO EM POSTO / COMÉRCIO|79085|79327|1 - ÁLCOOL (LITRO)|49.39|215.34|ID 38214 ALCCOL AUTOMOTIVO
95107882|774629|303|02|124841814|-1|2024|7|2 - ABASTECIMENTO EM POSTO / COMÉRCIO|8471|9207|4 - DIESEL (LITRO)|90.5|605.44|ID 38410 DIESEL S10
95107883|774549|303|02|130415125|-1|2024|7|2 - ABASTECIMENTO EM POSTO / COMÉRCIO|117204|117836|2 - GASOLINA (LITRO)|38.96|248.95|ID 38430 GASOLINA
95107884|774555|303|02|124390411|-1|2024|7|2 - ABASTECIMENTO EM POSTO / COMÉRCIO|120249|121270|8 - PEÇAS|1.0|589.0|OS 184570_1 CD 132 BATERIA 60A
95107885|774650|303|02|130415125|-1|2024|7|2 - ABASTECIMENTO EM POSTO / COMÉRCIO|0|0|4 - DIESEL (LITRO)|124.1|830.23|ID 38427 DIESEL S10
95107889|774542|303|02|127231212|-1|2024|7|2 - ABASTECIMENTO EM POSTO / COMÉRCIO|245136|245865|2 - GASOLINA (LITRO)|23.31|141.96|ID 38233 GASOLINA
95107886|774632|303|02|124390415|-1|2024|7|2 - ABASTECIMENTO EM POSTO / COMÉRCIO|460286|460286|9 - SERVIÇOS|1.0|3320.0|OS 118591_1 REVISAO GERAL
95107887|774632|303|02|124390415|-1|2024|7|2 - ABASTECIMENTO EM POSTO / COMÉRCIO|460286|460286|8 - PEÇAS|1.0|210.5|OS 118591_1 CD 6 FILTRO DE OLEO
95107888|774554|303|02|124390415|-1|2024|7|2 - ABASTECIMENTO EM POSTO / COMÉRCIO|17686|21721|2 - GASOLINA (LITRO)|30.99|198.03|ID 38399 GASOLINA
95107890|774606|303|02|130415125|-1|2024|7|2 - ABASTECIMENTO EM POSTO / COMÉRCIO|114189|114463|8 - PEÇAS|2.0|64.0|OS 187577_1 CD 268 LAMPADA H4
95107891|774650|303|02|130415125|-1|2024|7|2 - ABASTECIMENTO EM POSTO / COMÉRCIO|0|0|4 - DIESEL (LITRO)|134.32|898.6|ID 38419 DIESEL S10
95107892|774542|303|02|127231212|-1|2024|7|2 - ABASTECIMENTO EM POSTO / COMÉRCIO|245136|245865|8 - PEÇAS|4.0|237.8|OS 192197_1 CD 201 VELA DE IGNICAO
95107893|774632|303|02|124390415|-1|2024|7|2 - ABASTECIMENTO EM POSTO / COMÉRCIO|460286|460286|9 - SERVIÇOS|1.0|875.0|OS 189854_1 MONTAGEM DE PNEUS
94586325|854714|302|01|124545596|-1|2024|6|2 - ABASTECIMENTO EM POSTO / COMÉRCIO|30330|30948|2 - GASOLINA (LITRO)|41.313|251.59|ID 1147 ABASTECIMENTO VEICULO CODIGO =929, POSTO L
94586321|854714|302|01|124545596|-1|2024|6|2 - ABASTECIMENTO EM POSTO / COMÉRCIO|30330|30948|2 - GASOLINA (LITRO)|47.58|299.28|ID 1173 ABASTECIMENTO VEICULO CODIGO =929, POSTO L
94586322|854716|302|01|124545596|-1|2024|6|2 - ABASTECIMENTO EM POSTO / COMÉRCIO|33407|35727|2 - GASOLINA (LITRO)|43.94|276.38|ID 1157 ABASTECIMENTO VEICULO CODIGO =927, POSTO L
94586323|854716|302|01|124545596|-1|2024|6|2 - ABASTECIMENTO EM POSTO / COMÉRCIO|33407|35727|2 - GASOLINA (LITRO)|33.967|203.46|ID 1150 ABASTECIMENTO VEICULO CODIGO =927, POSTO L
94586324|854716|302|01|124545596|-1|2024|6|2 - ABASTECIMENTO EM POSTO / COMÉRCIO|33407|35727|2 - GASOLINA (LITRO)|33.11|208.26|ID 1170 ABASTECIMENTO VEICULO CODIGO =927, POSTO L
94586326|854716|302|01|124545596|-1|2024|6|2 - ABASTECIMENTO EM POSTO / COMÉRCIO|33407|35727|2 - GASOLINA (LITRO)|43.15|271.41|ID 1160 ABASTECIMENTO VEICULO CODIGO =927, POSTO L
94586327|854716|302|01|124545596|-1|2024|6|2 - ABASTECIMENTO EM POSTO / COMÉRCIO|33407|35727|2 - GASOLINA (LITRO)|34.249|205.15|ID 1154 ABASTECIMENTO VEICULO CODIGO =927, POSTO L
94586328|854716|302|01|124545596|-1|2024|6|2 - ABASTECIMENTO EM POSTO / COMÉRCIO|33407|35727|2 - GASOLINA (LITRO)|49.484|301.35|ID 1163 ABASTECIMENTO VEICULO CODIGO =927, POSTO L
94586329|854715|302|01|124545596|-1|2024|6|2 - ABASTECIMENTO EM POSTO / COMÉRCIO|33860|34161|2 - GASOLINA (LITRO)|47.921|287.04|ID 1135 ABASTECIMENTO VEICULO CODIGO =928, POSTO L
93708351|780172|302|01|124545596|-1|2024|4|2 - ABASTECIMENTO EM POSTO / COMÉRCIO|78469|80118|9 - SERVIÇOS|1.0|5687.39|OS N° 232024_1 MANUTENCAO EM GERAL
93708347|780172|302|01|124421056|-1|2024|4|2 - ABASTECIMENTO EM POSTO / COMÉRCIO|78469|80118|2 - GASOLINA (LITRO)|46.068|275.94|IDENTIFICADOR 1089 ABASTECIMENTO VEICULO CODIGO =3
93708348|780172|302|01|124421056|-1|2024|4|2 - ABASTECIMENTO EM POSTO / COMÉRCIO|78469|80118|2 - GASOLINA (LITRO)|51.886|290.04|IDENTIFICADOR 1084 ABASTECIMENTO VEICULO CODIGO =3
93708349|780172|302|01|124421056|-1|2024|4|2 - ABASTECIMENTO EM POSTO / COMÉRCIO|78469|80118|2 - GASOLINA (LITRO)|46.345|277.6|IDENTIFICADOR 1093 ABASTECIMENTO VEICULO CODIGO =3
93708350|780172|302|01|124421056|-1|2024|4|2 - ABASTECIMENTO EM POSTO / COMÉRCIO|78469|80118|2 - GASOLINA (LITRO)|50.71|313.89|IDENTIFICADOR 1076 ABASTECIMENTO VEICULO CODIGO =3
93708352|780172|302|01|124545596|-1|2024|4|2 - ABASTECIMENTO EM POSTO / COMÉRCIO|78469|80118|9 - SERVIÇOS|1.0|4731.9|OS N° 262024_1 MANUTENCAO EM GERAL
93708353|780172|302|01|124421056|-1|2024|4|2 - ABASTECIMENTO EM POSTO / COMÉRCIO|78469|80118|2 - GASOLINA (LITRO)|38.493|230.57|IDENTIFICADOR 1097 ABASTECIMENTO VEICULO CODIGO =3
95024835|854716|302|01|124545596|-1|2024|7|2 - ABASTECIMENTO EM POSTO / COMÉRCIO|35727|39229|2 - GASOLINA (LITRO)|34.49|216.94|ID 1199 ABASTECIMENTO VEICULO CODIGO =927, POSTO L
95024831|854716|302|01|124545596|-1|2024|7|2 - ABASTECIMENTO EM POSTO / COMÉRCIO|35727|39229|2 - GASOLINA (LITRO)|47.274|292.62|ID 1209 ABASTECIMENTO VEICULO CODIGO =927, POSTO L
95024832|854716|302|01|124545596|-1|2024|7|2 - ABASTECIMENTO EM POSTO / COMÉRCIO|35727|39229|2 - GASOLINA (LITRO)|43.75|288.31|ID 1232 ABASTECIMENTO VEICULO CODIGO =927, POSTO L
95024833|780172|302|01|124545596|-1|2024|7|2 - ABASTECIMENTO EM POSTO / COMÉRCIO|82180|83000|2 - GASOLINA (LITRO)|46.119|294.7|ID 1182 ABASTECIMENTO VEICULO CODIGO =3, POSTO LIN
95024834|854716|302|01|124545596|-1|2024|7|2 - ABASTECIMENTO EM POSTO / COMÉRCIO|35727|39229|2 - GASOLINA (LITRO)|49.371|315.48|ID 1221 ABASTECIMENTO VEICULO CODIGO =927, POSTO L
95024836|854716|302|01|124545596|-1|2024|7|2 - ABASTECIMENTO EM POSTO / COMÉRCIO|35727|39229|2 - GASOLINA (LITRO)|39.4|247.82|ID 1206 ABASTECIMENTO VEICULO CODIGO =927, POSTO L
95024837|854716|302|01|124545596|-1|2024|7|2 - ABASTECIMENTO EM POSTO / COMÉRCIO|35727|39229|2 - GASOLINA (LITRO)|38.382|241.12|ID 1229 ABASTECIMENTO VEICULO CODIGO =927, POSTO L
95024838|854716|302|01|124545596|-1|2024|7|2 - ABASTECIMENTO EM POSTO / COMÉRCIO|35727|39229|2 - GASOLINA (LITRO)|48.512|295.43|ID 1201 ABASTECIMENTO VEICULO CODIGO =927, POSTO L
95024839|854716|302|01|124545596|-1|2024|7|2 - ABASTECIMENTO EM POSTO / COMÉRCIO|35727|39229|2 - GASOLINA (LITRO)|37.568|240.05|ID 1227 ABASTECIMENTO VEICULO CODIGO =927, POSTO L
95024840|854716|302|01|124545596|-1|2024|7|2 - ABASTECIMENTO EM POSTO / COMÉRCIO|35727|39229|2 - GASOLINA (LITRO)|43.99|289.89|ID 1216 ABASTECIMENTO VEICULO CODIGO =927, POSTO L
95024841|854716|302|01|124545596|-1|2024|7|2 - ABASTECIMENTO EM POSTO / COMÉRCIO|35727|39229|2 - GASOLINA (LITRO)|45.953|289.04|ID 1213 ABASTECIMENTO VEICULO CODIGO =927, POSTO L
95024842|883333|302|01|124545596|-1|2024|7|2 - ABASTECIMENTO EM POSTO / COMÉRCIO|32686|32783|2 - GASOLINA (LITRO)|50.414|322.14|ID 1176 ABASTECIMENTO VEICULO CODIGO =930, POSTO L
95024843|854716|302|01|124545596|-1|2024|7|2 - ABASTECIMENTO EM POSTO / COMÉRCIO|35727|39229|2 - GASOLINA (LITRO)|42.104|256.41|ID 1204 ABASTECIMENTO VEICULO CODIGO =927, POSTO L
95024844|854716|302|01|124545596|-1|2024|7|2 - ABASTECIMENTO EM POSTO / COMÉRCIO|35727|39229|2 - GASOLINA (LITRO)|33.557|214.42|ID 1223 ABASTECIMENTO VEICULO CODIGO =927, POSTO L
95024845|780172|302|01|124545596|-1|2024|7|2 - ABASTECIMENTO EM POSTO / COMÉRCIO|82180|83000|2 - GASOLINA (LITRO)|49.512|301.52|ID 1179 ABASTECIMENTO VEICULO CODIGO =3, POSTO LIN
95002696|872059|304|03|130069067|-1|2024|7|2 - ABASTECIMENTO EM POSTO / COMÉRCIO|34984|35039|2 - GASOLINA (LITRO)|43.618|270.0|ID 1214 GASOLINA COMUM
95002693|773747|304|03|130069067|-1|2024|7|2 - ABASTECIMENTO EM POSTO / COMÉRCIO|185559|186212|2 - GASOLINA (LITRO)|37.733|233.56|ID 1204 GASOLINA COMUM
95002694|872063|304|03|130069067|-1|2024|7|2 - ABASTECIMENTO EM POSTO / COMÉRCIO|66002|66800|4 - DIESEL (LITRO)|77.041|500.0|ID 1210 OLEO DIESEL S10
95002695|872063|304|03|130069067|-1|2024|7|2 - ABASTECIMENTO EM POSTO / COMÉRCIO|66002|66800|4 - DIESEL (LITRO)|38.52|250.0|ID 1218 OLEO DIESEL S10
95002697|773754|304|03|130069067|-1|2024|7|2 - ABASTECIMENTO EM POSTO / COMÉRCIO|61954|62852|2 - GASOLINA (LITRO)|50.561|312.97|ID 1206 GASOLINA COMUM
95002698|872063|304|03|130069067|-1|2024|7|2 - ABASTECIMENTO EM POSTO / COMÉRCIO|66002|66800|4 - DIESEL (LITRO)|40.0|259.6|ID 1223 OLEO DIESEL S10
95002699|773760|304|03|130069067|-1|2024|7|2 - ABASTECIMENTO EM POSTO / COMÉRCIO|0|0|2 - GASOLINA (LITRO)|30.5|188.8|ID 1207 GASOLINA COMUM
95002700|872060|304|03|130069067|-1|2024|7|2 - ABASTECIMENTO EM POSTO / COMÉRCIO|36548|36722|2 - GASOLINA (LITRO)|16.156|100.0|ID 1220 GASOLINA COMUM
95002701|872062|304|03|130069067|-1|2024|7|2 - ABASTECIMENTO EM POSTO / COMÉRCIO|41050|41581|2 - GASOLINA (LITRO)|40.387|250.0|ID 1213 GASOLINA COMUM
95002702|872064|304|03|130069067|-1|2024|7|2 - ABASTECIMENTO EM POSTO / COMÉRCIO|38522|39559|2 - GASOLINA (LITRO)|8.078|50.0|ID 1219 GASOLINA COMUM
95002703|773760|304|03|130069067|-1|2024|7|2 - ABASTECIMENTO EM POSTO / COMÉRCIO|0|0|2 - GASOLINA (LITRO)|41.814|258.82|ID 1209 GASOLINA COMUM
95002704|773754|304|03|130069067|-1|2024|7|2 - ABASTECIMENTO EM POSTO / COMÉRCIO|61954|62852|2 - GASOLINA (LITRO)|16.155|100.0|ID 1208 GASOLINA COMUM
95002705|872063|304|03|130069067|-1|2024|7|2 - ABASTECIMENTO EM POSTO / COMÉRCIO|66002|66800|4 - DIESEL (LITRO)|40.0|259.6|ID 1229 OLEO DIESEL S10
95002706|872061|304|03|130069067|-1|2024|7|2 - ABASTECIMENTO EM POSTO / COMÉRCIO|39060|39060|2 - GASOLINA (LITRO)|39.253|246.9|ID 1228 GASOLINA COMUM
95002707|872058|304|03|130069067|-1|2024|7|2 - ABASTECIMENTO EM POSTO / COMÉRCIO|23151|23358|2 - GASOLINA (LITRO)|8.348|50.0|ID 1216 GASOLINA COMUM
95002708|773754|304|03|130069067|-1|2024|7|2 - ABASTECIMENTO EM POSTO / COMÉRCIO|61954|62852|2 - GASOLINA (LITRO)|35.043|220.42|ID 1226 GASOLINA COMUM
95002709|773760|304|03|130069067|-1|2024|7|2 - ABASTECIMENTO EM POSTO / COMÉRCIO|0|0|2 - GASOLINA (LITRO)|38.014|235.31|ID 1202 GASOLINA COMUM
95002710|872058|304|03|130069067|-1|2024|7|2 - ABASTECIMENTO EM POSTO / COMÉRCIO|23151|23358|2 - GASOLINA (LITRO)|64.62|400.0|ID 1211 GASOLINA COMUM
95002711|773754|304|03|130069067|-1|2024|7|2 - ABASTECIMENTO EM POSTO / COMÉRCIO|61954|62852|2 - GASOLINA (LITRO)|32.31|200.0|ID 1203 GASOLINA COMUM
95002712|872064|304|03|130069067|-1|2024|7|2 - ABASTECIMENTO EM POSTO / COMÉRCIO|38522|39559|2 - GASOLINA (LITRO)|56.542|350.0|ID 1212 GASOLINA COMUM
95002713|872058|304|03|130069067|-1|2024|7|2 - ABASTECIMENTO EM POSTO / COMÉRCIO|23151|23358|2 - GASOLINA (LITRO)|48.584|305.59|ID 1227 GASOLINA COMUM
95002714|872062|304|03|130069067|-1|2024|7|2 - ABASTECIMENTO EM POSTO / COMÉRCIO|41050|41581|2 - GASOLINA (LITRO)|47.036|295.85|ID 1222 GASOLINA COMUM
95002715|872064|304|03|130069067|-1|2024|7|2 - ABASTECIMENTO EM POSTO / COMÉRCIO|38522|39559|2 - GASOLINA (LITRO)|5354.0|336.82|ID 1230 GASOLINA COMUM
95002716|872064|304|03|130069067|-1|2024|7|2 - ABASTECIMENTO EM POSTO / COMÉRCIO|38522|39559|2 - GASOLINA (LITRO)|52.806|326.86|ID 1221 GASOLINA COMUM
95002717|773747|304|03|130069067|-1|2024|7|2 - ABASTECIMENTO EM POSTO / COMÉRCIO|185559|186212|2 - GASOLINA (LITRO)|37.827|237.93|ID 1231 GASOLINA COMUM
95002718|872060|304|03|130069067|-1|2024|7|2 - ABASTECIMENTO EM POSTO / COMÉRCIO|36548|36722|2 - GASOLINA (LITRO)|32.31|200.0|ID 1215 GASOLINA COMUM
95002719|773747|304|03|130069067|-1|2024|7|2 - ABASTECIMENTO EM POSTO / COMÉRCIO|185559|186212|2 - GASOLINA (LITRO)|35.2|221.4|ID 1224 GASOLINA COMUM
95002720|872059|304|03|130069067|-1|2024|7|2 - ABASTECIMENTO EM POSTO / COMÉRCIO|34984|35039|2 - GASOLINA (LITRO)|24.233|150.0|ID 1217 GASOLINA COMUM
95002721|773754|304|03|130069067|-1|2024|7|2 - ABASTECIMENTO EM POSTO / COMÉRCIO|61954|62852|2 - GASOLINA (LITRO)|25.094|157.84|ID 1225 GASOLINA COMUM
95002722|773754|304|03|130069067|-1|2024|7|2 - ABASTECIMENTO EM POSTO / COMÉRCIO|61954|62852|2 - GASOLINA (LITRO)|32.31|200.0|ID 1205 GASOLINA COMUM
94097501|774597|303|02|124390417|-1|2024|5|2 - ABASTECIMENTO EM POSTO / COMÉRCIO|77612|78279|1 - ÁLCOOL (LITRO)|49.48|215.73|IDENTIFICADOR 37694 ALCCOL AUTOMOTIVO
94097497|774641|303|02|124390568|-1|2024|5|2 - ABASTECIMENTO EM POSTO / COMÉRCIO|192581|194755|4 - DIESEL (LITRO)|84.5|565.3|IDENTIFICADOR 37631 DIESEL S10
94097498|774589|303|02|124390568|-1|2024|5|2 - ABASTECIMENTO EM POSTO / COMÉRCIO|65621|67912|2 - GASOLINA (LITRO)|42.23|252.96|IDENTIFICADOR 37652 GASOLINA
94097499|774638|303|02|124841814|-1|2024|5|2 - ABASTECIMENTO EM POSTO / COMÉRCIO|66131|67451|4 - DIESEL (LITRO)|102.8|687.73|IDENTIFICADOR 37708 DIESEL S10
94097500|774569|303|02|124390408|-1|2024|5|2 - ABASTECIMENTO EM POSTO / COMÉRCIO|7582|8289|2 - GASOLINA (LITRO)|21.67|137.97|IDENTIFICADOR 37685 GASOLINA
94097502|774547|303|02|127231212|-1|2024|5|2 - ABASTECIMENTO EM POSTO / COMÉRCIO|31143|35237|2 - GASOLINA (LITRO)|24.6|149.81|IDENTIFICADOR 37796 GASOLINA
94097503|774591|303|02|124390568|-1|2024|5|2 - ABASTECIMENTO EM POSTO / COMÉRCIO|228309|230556|2 - GASOLINA (LITRO)|6.56|40.0|IDENTIFICADOR 37643 GASOLINA
94097504|774579|303|02|124390568|-1|2024|5|2 - ABASTECIMENTO EM POSTO / COMÉRCIO|98240|101822|4 - DIESEL (LITRO)|22.61|151.26|IDENTIFICADOR 37615 DIESEL S10
94097505|774573|303|02|124390568|-1|2024|5|2 - ABASTECIMENTO EM POSTO / COMÉRCIO|83438|85360|2 - GASOLINA (LITRO)|35.82|218.14|IDENTIFICADOR 37649 GASOLINA
94097506|774547|303|02|124390568|-1|2024|5|2 - ABASTECIMENTO EM POSTO / COMÉRCIO|31143|35237|2 - GASOLINA (LITRO)|20.86|124.95|IDENTIFICADOR 37679 GASOLINA
94097507|774587|303|02|127231212|-1|2024|5|2 - ABASTECIMENTO EM POSTO / COMÉRCIO|219550|222016|2 - GASOLINA (LITRO)|49.41|295.97|IDENTIFICADOR 37754 GASOLINA
94097508|774611|303|02|124841798|-1|2024|5|2 - ABASTECIMENTO EM POSTO / COMÉRCIO|0|0|4 - DIESEL (LITRO)|60.22|402.87|IDENTIFICADOR 37593 DIESEL S10
94097509|774609|303|02|127231212|-1|2024|5|2 - ABASTECIMENTO EM POSTO / COMÉRCIO|205335|207580|2 - GASOLINA (LITRO)|5.91|36.0|IDENTIFICADOR 37746 GASOLINA
94097510|774555|303|02|124390411|-1|2024|5|2 - ABASTECIMENTO EM POSTO / COMÉRCIO|119145|119739|2 - GASOLINA (LITRO)|16.42|100.0|IDENTIFICADOR 37701 GASOLINA
94097511|774556|303|02|124390415|-1|2024|5|2 - ABASTECIMENTO EM POSTO / COMÉRCIO|393|1059|2 - GASOLINA (LITRO)|38.8|236.29|IDENTIFICADOR 37540 GASOLINA
94097512|774615|303|02|124390417|-1|2024|5|2 - ABASTECIMENTO EM POSTO / COMÉRCIO|0|0|2 - GASOLINA (LITRO)|11.38|69.3|IDENTIFICADOR 37697 GASOLINA
94097513|774606|303|02|124841798|-1|2024|5|2 - ABASTECIMENTO EM POSTO / COMÉRCIO|111127|112346|2 - GASOLINA (LITRO)|46.94|285.86|IDENTIFICADOR 37586 GASOLINA
94097514|774540|303|02|124390411|-1|2024|5|2 - ABASTECIMENTO EM POSTO / COMÉRCIO|4359|4883|2 - GASOLINA (LITRO)|42.69|259.98|IDENTIFICADOR 37557 GASOLINA
94097515|774612|303|02|124841798|-1|2024|5|2 - ABASTECIMENTO EM POSTO / COMÉRCIO|0|0|4 - DIESEL (LITRO)|37.77|252.68|IDENTIFICADOR 37828 DIESEL S10
94097516|774554|303|02|124390411|-1|2024|5|2 - ABASTECIMENTO EM POSTO / COMÉRCIO|10465|13817|2 - GASOLINA (LITRO)|21.6|131.54|IDENTIFICADOR 37691 GASOLINA
94097517|774658|303|02|124841798|-1|2024|5|2 - ABASTECIMENTO EM POSTO / COMÉRCIO|0|0|4 - DIESEL (LITRO)|226.21|1513.34|IDENTIFICADOR 37583 DIESEL S10
94097518|774544|303|02|124390568|-1|2024|5|2 - ABASTECIMENTO EM POSTO / COMÉRCIO|58759|61188|2 - GASOLINA (LITRO)|24.01|146.22|IDENTIFICADOR 37669 GASOLINA
94097519|774612|303|02|124841798|-1|2024|5|2 - ABASTECIMENTO EM POSTO / COMÉRCIO|0|0|2 - GASOLINA (LITRO)|16.42|100.0|IDENTIFICADOR 37830 GASOLINA
94097520|774612|303|02|124841798|-1|2024|5|2 - ABASTECIMENTO EM POSTO / COMÉRCIO|0|0|4 - DIESEL (LITRO)|48.68|325.67|IDENTIFICADOR 37827 DIESEL S10
94097521|774650|303|02|124841798|-1|2024|5|2 - ABASTECIMENTO EM POSTO / COMÉRCIO|0|0|4 - DIESEL (LITRO)|112.11|750.02|IDENTIFICADOR 37580 DIESEL S10
94097522|774557|303|02|124390411|-1|2024|5|2 - ABASTECIMENTO EM POSTO / COMÉRCIO|291205|291205|2 - GASOLINA (LITRO)|37.11|226.0|IDENTIFICADOR 37554 GASOLINA
94097523|774585|303|02|127231212|-1|2024|5|2 - ABASTECIMENTO EM POSTO / COMÉRCIO|178925|181174|2 - GASOLINA (LITRO)|55.74|333.93|IDENTIFICADOR 37750 GASOLINA
94097524|774547|303|02|127231212|-1|2024|5|2 - ABASTECIMENTO EM POSTO / COMÉRCIO|31143|35237|2 - GASOLINA (LITRO)|26.43|163.82|IDENTIFICADOR 37798 GASOLINA
94097525|774644|303|02|124841814|-1|2024|5|2 - ABASTECIMENTO EM POSTO / COMÉRCIO|75626|77523|4 - DIESEL (LITRO)|122.61|820.26|IDENTIFICADOR 37563 DIESEL S10
94097526|774650|303|02|124841798|-1|2024|5|2 - ABASTECIMENTO EM POSTO / COMÉRCIO|0|0|4 - DIESEL (LITRO)|125.47|839.39|IDENTIFICADOR 37577 DIESEL S10
94097527|774567|303|02|124390411|-1|2024|5|2 - ABASTECIMENTO EM POSTO / COMÉRCIO|58499|58884|2 - GASOLINA (LITRO)|34.25|208.56|IDENTIFICADOR 37553 GASOLINA
94097528|774606|303|02|124841798|-1|2024|5|2 - ABASTECIMENTO EM POSTO / COMÉRCIO|111127|112346|2 - GASOLINA (LITRO)|40.77|248.29|IDENTIFICADOR 37587 GASOLINA
94097529|774551|303|02|124841798|-1|2024|5|2 - ABASTECIMENTO EM POSTO / COMÉRCIO|192062|192966|2 - GASOLINA (LITRO)|21.87|133.19|IDENTIFICADOR 37824 GASOLINA
94097530|774644|303|02|124841814|-1|2024|5|2 - ABASTECIMENTO EM POSTO / COMÉRCIO|75626|77523|4 - DIESEL (LITRO)|69.16|462.68|IDENTIFICADOR 37710 DIESEL S10
94097531|774579|303|02|127231212|-1|2024|5|2 - ABASTECIMENTO EM POSTO / COMÉRCIO|98240|101822|4 - DIESEL (LITRO)|30.86|206.45|IDENTIFICADOR 37729 DIESEL S10
94097532|774541|303|02|127231212|-1|2024|5|2 - ABASTECIMENTO EM POSTO / COMÉRCIO|58170|61174|2 - GASOLINA (LITRO)|20.42|122.35|IDENTIFICADOR 37779 GASOLINA
94097533|774623|303|02|124841798|-1|2024|5|2 - ABASTECIMENTO EM POSTO / COMÉRCIO|31907|32787|4 - DIESEL (LITRO)|135.2|904.49|IDENTIFICADOR 37842 DIESEL S10
94097534|774612|303|02|124841798|-1|2024|5|2 - ABASTECIMENTO EM POSTO / COMÉRCIO|0|0|2 - GASOLINA (LITRO)|45.54|277.34|IDENTIFICADOR 37833 GASOLINA
94097535|774619|303|02|124841798|-1|2024|5|2 - ABASTECIMENTO EM POSTO / COMÉRCIO|26184|26675|4 - DIESEL (LITRO)|134.87|902.28|IDENTIFICADOR 37604 DIESEL S10
94097536|774623|303|02|124841798|-1|2024|5|2 - ABASTECIMENTO EM POSTO / COMÉRCIO|31907|32787|4 - DIESEL (LITRO)|149.59|1000.76|IDENTIFICADOR 37841 DIESEL S10
94097537|774612|303|02|124841798|-1|2024|5|2 - ABASTECIMENTO EM POSTO / COMÉRCIO|0|0|2 - GASOLINA (LITRO)|42.89|261.2|IDENTIFICADOR 37826 GASOLINA
94097538|774564|303|02|126501617|-1|2024|5|2 - ABASTECIMENTO EM POSTO / COMÉRCIO|6811|6811|2 - GASOLINA (LITRO)|22.85|139.16|IDENTIFICADOR 37686 GASOLINA
94097542|774561|303|02|127231212|-1|2024|5|2 - ABASTECIMENTO EM POSTO / COMÉRCIO|47372|49275|2 - GASOLINA (LITRO)|32.9|200.36|IDENTIFICADOR 37783 GASOLINA
94097539|774638|303|02|124841814|-1|2024|5|2 - ABASTECIMENTO EM POSTO / COMÉRCIO|66131|67451|4 - DIESEL (LITRO)|69.61|465.69|IDENTIFICADOR 37707 DIESEL S10
94097540|774569|303|02|124390408|-1|2024|5|2 - ABASTECIMENTO EM POSTO / COMÉRCIO|7582|8289|2 - GASOLINA (LITRO)|12.47|75.94|IDENTIFICADOR 37535 GASOLINA
94097541|774623|303|02|124841798|-1|2024|5|2 - ABASTECIMENTO EM POSTO / COMÉRCIO|31907|32787|4 - DIESEL (LITRO)|128.55|860.0|IDENTIFICADOR 37609 DIESEL S10
94097543|774541|303|02|127231212|-1|2024|5|2 - ABASTECIMENTO EM POSTO / COMÉRCIO|58170|61174|2 - GASOLINA (LITRO)|15.84|96.47|IDENTIFICADOR 37778 GASOLINA
94097544|774541|303|02|127231212|-1|2024|5|2 - ABASTECIMENTO EM POSTO / COMÉRCIO|58170|61174|2 - GASOLINA (LITRO)|27.06|162.09|IDENTIFICADOR 37777 GASOLINA
94097545|774558|303|02|124390568|-1|2024|5|2 - ABASTECIMENTO EM POSTO / COMÉRCIO|80045|81969|2 - GASOLINA (LITRO)|50.05|299.8|IDENTIFICADOR 37655 GASOLINA
94097546|774554|303|02|124390411|-1|2024|5|2 - ABASTECIMENTO EM POSTO / COMÉRCIO|10465|13817|2 - GASOLINA (LITRO)|36.57|222.71|IDENTIFICADOR 37689 GASOLINA
94097547|774650|303|02|124841798|-1|2024|5|2 - ABASTECIMENTO EM POSTO / COMÉRCIO|0|0|4 - DIESEL (LITRO)|130.07|870.17|IDENTIFICADOR 37581 DIESEL S10
94097548|774579|303|02|124390568|-1|2024|5|2 - ABASTECIMENTO EM POSTO / COMÉRCIO|98240|101822|4 - DIESEL (LITRO)|30.69|205.32|IDENTIFICADOR 37614 DIESEL S10
94097549|774634|303|02|127231212|-1|2024|5|2 - ABASTECIMENTO EM POSTO / COMÉRCIO|307213|307522|4 - DIESEL (LITRO)|73.21|453.21|IDENTIFICADOR 37740 DIESEL S10
94097550|774599|303|02|124390568|-1|2024|5|2 - ABASTECIMENTO EM POSTO / COMÉRCIO|95426|96827|4 - DIESEL (LITRO)|54.06|361.66|IDENTIFICADOR 37647 DIESEL S10
94097551|774612|303|02|124841798|-1|2024|5|2 - ABASTECIMENTO EM POSTO / COMÉRCIO|0|0|2 - GASOLINA (LITRO)|74.33|452.67|IDENTIFICADOR 37831 GASOLINA
94097552|774609|303|02|127231212|-1|2024|5|2 - ABASTECIMENTO EM POSTO / COMÉRCIO|205335|207580|2 - GASOLINA (LITRO)|56.26|353.88|IDENTIFICADOR 37747 GASOLINA
94097553|774556|303|02|124390415|-1|2024|5|2 - ABASTECIMENTO EM POSTO / COMÉRCIO|393|1059|2 - GASOLINA (LITRO)|10.21|62.18|IDENTIFICADOR 37539 GASOLINA
94097554|774547|303|02|124390568|-1|2024|5|2 - ABASTECIMENTO EM POSTO / COMÉRCIO|31143|35237|2 - GASOLINA (LITRO)|34.53|210.23|IDENTIFICADOR 37673 GASOLINA
94097555|774544|303|02|124390568|-1|2024|5|2 - ABASTECIMENTO EM POSTO / COMÉRCIO|58759|61188|2 - GASOLINA (LITRO)|12.93|80.04|IDENTIFICADOR 37668 GASOLINA
94097556|774547|303|02|124390568|-1|2024|5|2 - ABASTECIMENTO EM POSTO / COMÉRCIO|31143|35237|2 - GASOLINA (LITRO)|25.4|157.23|IDENTIFICADOR 37678 GASOLINA
94097557|774650|303|02|124841798|-1|2024|5|2 - ABASTECIMENTO EM POSTO / COMÉRCIO|0|0|4 - DIESEL (LITRO)|126.17|844.08|IDENTIFICADOR 37806 DIESEL S10
94097558|774660|303|02|124390408|-1|2024|5|2 - ABASTECIMENTO EM POSTO / COMÉRCIO|0|0|2 - GASOLINA (LITRO)|16.09|98.0|IDENTIFICADOR 37684 GASOLINA
94097559|774591|303|02|124390568|-1|2024|5|2 - ABASTECIMENTO EM POSTO / COMÉRCIO|228309|230556|2 - GASOLINA (LITRO)|39.27|239.15|IDENTIFICADOR 37644 GASOLINA
94097560|774612|303|02|124841798|-1|2024|5|2 - ABASTECIMENTO EM POSTO / COMÉRCIO|0|0|2 - GASOLINA (LITRO)|21.46|130.69|IDENTIFICADOR 37834 GASOLINA
94097561|774573|303|02|127231212|-1|2024|5|2 - ABASTECIMENTO EM POSTO / COMÉRCIO|83438|85360|2 - GASOLINA (LITRO)|29.38|178.92|IDENTIFICADOR 37762 GASOLINA
94097562|774599|303|02|127231212|-1|2024|5|2 - ABASTECIMENTO EM POSTO / COMÉRCIO|95426|96827|4 - DIESEL (LITRO)|54.34|336.36|IDENTIFICADOR 37759 DIESEL S10
94097563|774579|303|02|124390568|-1|2024|5|2 - ABASTECIMENTO EM POSTO / COMÉRCIO|98240|101822|4 - DIESEL (LITRO)|20.01|133.87|IDENTIFICADOR 37617 DIESEL S10
94097564|774587|303|02|124390568|-1|2024|5|2 - ABASTECIMENTO EM POSTO / COMÉRCIO|219550|222016|2 - GASOLINA (LITRO)|48.93|293.09|IDENTIFICADOR 37640 GASOLINA
94097565|774589|303|02|127231212|-1|2024|5|2 - ABASTECIMENTO EM POSTO / COMÉRCIO|65621|67912|2 - GASOLINA (LITRO)|21.64|129.62|IDENTIFICADOR 37768 GASOLINA
94097566|774645|303|02|124841814|-1|2024|5|2 - ABASTECIMENTO EM POSTO / COMÉRCIO|4479|4859|4 - DIESEL (LITRO)|75.48|504.96|IDENTIFICADOR 37565 DIESEL S10
94097570|774609|303|02|124390568|-1|2024|5|2 - ABASTECIMENTO EM POSTO / COMÉRCIO|205335|207580|2 - GASOLINA (LITRO)|56.8|334.55|IDENTIFICADOR 37635 GASOLINA
94097567|774594|303|02|124841814|-1|2024|5|2 - ABASTECIMENTO EM POSTO / COMÉRCIO|37847|38320|2 - GASOLINA (LITRO)|47.39|288.61|IDENTIFICADOR 37564 GASOLINA
94097568|774544|303|02|127231212|-1|2024|5|2 - ABASTECIMENTO EM POSTO / COMÉRCIO|58759|61188|2 - GASOLINA (LITRO)|17.77|110.0|IDENTIFICADOR 37787 GASOLINA
94097569|774587|303|02|127231212|-1|2024|5|2 - ABASTECIMENTO EM POSTO / COMÉRCIO|219550|222016|2 - GASOLINA (LITRO)|45.72|278.43|IDENTIFICADOR 37753 GASOLINA
94097571|774541|303|02|124390568|-1|2024|5|2 - ABASTECIMENTO EM POSTO / COMÉRCIO|58170|61174|2 - GASOLINA (LITRO)|18.13|106.79|IDENTIFICADOR 37658 GASOLINA
94097572|774644|303|02|124841814|-1|2024|5|2 - ABASTECIMENTO EM POSTO / COMÉRCIO|75626|77523|4 - DIESEL (LITRO)|121.38|812.03|IDENTIFICADOR 37562 DIESEL S10
94097573|774650|303|02|124841798|-1|2024|5|2 - ABASTECIMENTO EM POSTO / COMÉRCIO|0|0|4 - DIESEL (LITRO)|98.74|660.57|IDENTIFICADOR 37809 DIESEL S10
94097574|774549|303|02|124841798|-1|2024|5|2 - ABASTECIMENTO EM POSTO / COMÉRCIO|115675|116716|2 - GASOLINA (LITRO)|56.72|379.46|IDENTIFICADOR 37817 GASOLINA
94097575|774650|303|02|124841798|-1|2024|5|2 - ABASTECIMENTO EM POSTO / COMÉRCIO|0|0|4 - DIESEL (LITRO)|124.13|830.43|IDENTIFICADOR 37803 DIESEL S10
94097576|774611|303|02|124841798|-1|2024|5|2 - ABASTECIMENTO EM POSTO / COMÉRCIO|0|0|4 - DIESEL (LITRO)|59.48|397.92|IDENTIFICADOR 37820 DIESEL S10
94097577|774650|303|02|124841798|-1|2024|5|2 - ABASTECIMENTO EM POSTO / COMÉRCIO|0|0|4 - DIESEL (LITRO)|146.23|978.28|IDENTIFICADOR 37811 DIESEL S10
94097578|774650|303|02|124841798|-1|2024|5|2 - ABASTECIMENTO EM POSTO / COMÉRCIO|0|0|4 - DIESEL (LITRO)|128.42|859.13|IDENTIFICADOR 37574 DIESEL S10
94097579|774577|303|02|127231212|-1|2024|5|2 - ABASTECIMENTO EM POSTO / COMÉRCIO|43922|44807|4 - DIESEL (LITRO)|39.6|264.92|IDENTIFICADOR 37792 DIESEL S10
94097580|774638|303|02|124841814|-1|2024|5|2 - ABASTECIMENTO EM POSTO / COMÉRCIO|66131|67451|4 - DIESEL (LITRO)|87.12|582.83|IDENTIFICADOR 37705 DIESEL S10
94097581|774554|303|02|124390415|-1|2024|5|2 - ABASTECIMENTO EM POSTO / COMÉRCIO|10465|13817|2 - GASOLINA (LITRO)|41.18|250.79|IDENTIFICADOR 37542 GASOLINA
94097582|774591|303|02|127231212|-1|2024|5|2 - ABASTECIMENTO EM POSTO / COMÉRCIO|228309|230556|2 - GASOLINA (LITRO)|37.65|225.52|IDENTIFICADOR 37757 GASOLINA
94097583|774547|303|02|124390568|-1|2024|5|2 - ABASTECIMENTO EM POSTO / COMÉRCIO|31143|35237|2 - GASOLINA (LITRO)|21.0|127.89|IDENTIFICADOR 37672 GASOLINA
94097584|774547|303|02|127231212|-1|2024|5|2 - ABASTECIMENTO EM POSTO / COMÉRCIO|31143|35237|2 - GASOLINA (LITRO)|33.01|197.78|IDENTIFICADOR 37797 GASOLINA
94097585|774624|303|02|124390408|-1|2024|5|2 - ABASTECIMENTO EM POSTO / COMÉRCIO|367463|367463|4 - DIESEL (LITRO)|74.24|481.21|IDENTIFICADOR 37531 OLEO DIESEL
94097586|774591|303|02|124390568|-1|2024|5|2 - ABASTECIMENTO EM POSTO / COMÉRCIO|228309|230556|2 - GASOLINA (LITRO)|40.0|235.6|IDENTIFICADOR 37642 GASOLINA
94097587|774573|303|02|124390568|-1|2024|5|2 - ABASTECIMENTO EM POSTO / COMÉRCIO|83438|85360|2 - GASOLINA (LITRO)|27.89|169.85|IDENTIFICADOR 37650 GASOLINA
94097588|774584|303|02|127231212|-1|2024|5|2 - ABASTECIMENTO EM POSTO / COMÉRCIO|48085|52375|4 - DIESEL (LITRO)|43.22|265.4|IDENTIFICADOR 37732 DIESEL S10
94097589|774606|303|02|124841798|-1|2024|5|2 - ABASTECIMENTO EM POSTO / COMÉRCIO|111127|112346|2 - GASOLINA (LITRO)|43.85|267.05|IDENTIFICADOR 37812 GASOLINA
94097590|774657|303|02|124841798|-1|2024|5|2 - ABASTECIMENTO EM POSTO / COMÉRCIO|0|0|4 - DIESEL (LITRO)|98.94|661.91|IDENTIFICADOR 37601 DIESEL S10
94097591|774644|303|02|124841814|-1|2024|5|2 - ABASTECIMENTO EM POSTO / COMÉRCIO|75626|77523|4 - DIESEL (LITRO)|119.92|802.26|IDENTIFICADOR 37712 DIESEL S10
94097592|774638|303|02|124841814|-1|2024|5|2 - ABASTECIMENTO EM POSTO / COMÉRCIO|66131|67451|4 - DIESEL (LITRO)|91.14|609.73|IDENTIFICADOR 37706 DIESEL S10
94097593|774563|303|02|124390415|-1|2024|5|2 - ABASTECIMENTO EM POSTO / COMÉRCIO|88824|89593|2 - GASOLINA (LITRO)|46.33|282.15|IDENTIFICADOR 37537 GASOLINA
94097594|774585|303|02|127231212|-1|2024|5|2 - ABASTECIMENTO EM POSTO / COMÉRCIO|178925|181174|2 - GASOLINA (LITRO)|31.76|198.19|IDENTIFICADOR 37752 GASOLINA
94097595|774599|303|02|127231212|-1|2024|5|2 - ABASTECIMENTO EM POSTO / COMÉRCIO|95426|96827|4 - DIESEL (LITRO)|53.39|357.18|IDENTIFICADOR 37760 DIESEL S10
94097596|774560|303|02|124390568|-1|2024|5|2 - ABASTECIMENTO EM POSTO / COMÉRCIO|21538|21972|2 - GASOLINA (LITRO)|45.12|274.78|IDENTIFICADOR 37671 GASOLINA
94097597|774561|303|02|124390568|-1|2024|5|2 - ABASTECIMENTO EM POSTO / COMÉRCIO|47372|49275|2 - GASOLINA (LITRO)|28.11|171.19|IDENTIFICADOR 37663 GASOLINA
94097598|774647|303|02|124841798|-1|2024|5|2 - ABASTECIMENTO EM POSTO / COMÉRCIO|0|0|4 - DIESEL (LITRO)|81.32|544.03|IDENTIFICADOR 37606 DIESEL S10
94097599|774561|303|02|124390568|-1|2024|5|2 - ABASTECIMENTO EM POSTO / COMÉRCIO|47372|49275|2 - GASOLINA (LITRO)|38.7|239.55|IDENTIFICADOR 37664 GASOLINA
94097600|774570|303|02|124390411|-1|2024|5|2 - ABASTECIMENTO EM POSTO / COMÉRCIO|71412|71412|2 - GASOLINA (LITRO)|35.0|209.65|IDENTIFICADOR 37720 GASOLINA
94097601|774560|303|02|127231212|-1|2024|5|2 - ABASTECIMENTO EM POSTO / COMÉRCIO|21538|21972|2 - GASOLINA (LITRO)|45.0|274.05|IDENTIFICADOR 37793 GASOLINA
94097602|774541|303|02|124390568|-1|2024|5|2 - ABASTECIMENTO EM POSTO / COMÉRCIO|58170|61174|2 - GASOLINA (LITRO)|24.21|142.6|IDENTIFICADOR 37659 GASOLINA
94097603|774629|303|02|124841814|-1|2024|5|2 - ABASTECIMENTO EM POSTO / COMÉRCIO|5385|6557|4 - DIESEL (LITRO)|119.37|798.59|IDENTIFICADOR 37714 DIESEL S10
94097604|774544|303|02|124390568|-1|2024|5|2 - ABASTECIMENTO EM POSTO / COMÉRCIO|58759|61188|2 - GASOLINA (LITRO)|22.29|135.75|IDENTIFICADOR 37665 GASOLINA
94097605|774606|303|02|124841798|-1|2024|5|2 - ABASTECIMENTO EM POSTO / COMÉRCIO|111127|112346|2 - GASOLINA (LITRO)|50.72|308.88|IDENTIFICADOR 37813 GASOLINA
94097606|774542|303|02|127231212|-1|2024|5|2 - ABASTECIMENTO EM POSTO / COMÉRCIO|243374|243374|2 - GASOLINA (LITRO)|30.74|187.21|IDENTIFICADOR 37718 GASOLINA
94097607|774609|303|02|124390568|-1|2024|5|2 - ABASTECIMENTO EM POSTO / COMÉRCIO|205335|207580|2 - GASOLINA (LITRO)|47.65|294.95|IDENTIFICADOR 37633 GASOLINA
94097608|774650|303|02|124841798|-1|2024|5|2 - ABASTECIMENTO EM POSTO / COMÉRCIO|0|0|4 - DIESEL (LITRO)|88.46|591.8|IDENTIFICADOR 37579 DIESEL S10
94097612|774650|303|02|124841798|-1|2024|5|2 - ABASTECIMENTO EM POSTO / COMÉRCIO|0|0|4 - DIESEL (LITRO)|86.46|578.42|IDENTIFICADOR 37575 DIESEL S10
94097609|774641|303|02|124390568|-1|2024|5|2 - ABASTECIMENTO EM POSTO / COMÉRCIO|192581|194755|4 - DIESEL (LITRO)|87.46|541.38|IDENTIFICADOR 37629 DIESEL S10
94097610|774547|303|02|127231212|-1|2024|5|2 - ABASTECIMENTO EM POSTO / COMÉRCIO|31143|35237|2 - GASOLINA (LITRO)|36.08|216.12|IDENTIFICADOR 37794 GASOLINA
94097611|774551|303|02|124841798|-1|2024|5|2 - ABASTECIMENTO EM POSTO / COMÉRCIO|192062|192966|2 - GASOLINA (LITRO)|19.23|117.11|IDENTIFICADOR 37825 GASOLINA
94097613|774619|303|02|124841798|-1|2024|5|2 - ABASTECIMENTO EM POSTO / COMÉRCIO|26184|26675|4 - DIESEL (LITRO)|189.84|1270.03|IDENTIFICADOR 37836 DIESEL S10
94097614|774628|303|02|124841798|-1|2024|5|2 - ABASTECIMENTO EM POSTO / COMÉRCIO|0|0|4 - DIESEL (LITRO)|20.73|138.68|IDENTIFICADOR 37610 DIESEL S10
94097615|774584|303|02|127231212|-1|2024|5|2 - ABASTECIMENTO EM POSTO / COMÉRCIO|48085|52375|4 - DIESEL (LITRO)|40.12|246.37|IDENTIFICADOR 37735 DIESEL S10
94097616|774541|303|02|127231212|-1|2024|5|2 - ABASTECIMENTO EM POSTO / COMÉRCIO|58170|61174|2 - GASOLINA (LITRO)|24.61|147.41|IDENTIFICADOR 37775 GASOLINA
94097617|774589|303|02|127231212|-1|2024|5|2 - ABASTECIMENTO EM POSTO / COMÉRCIO|65621|67912|2 - GASOLINA (LITRO)|36.26|217.2|IDENTIFICADOR 37771 GASOLINA
94097618|774609|303|02|127231212|-1|2024|5|2 - ABASTECIMENTO EM POSTO / COMÉRCIO|205335|207580|2 - GASOLINA (LITRO)|45.91|275.0|IDENTIFICADOR 37745 GASOLINA
94097619|774585|303|02|124390568|-1|2024|5|2 - ABASTECIMENTO EM POSTO / COMÉRCIO|178925|181174|2 - GASOLINA (LITRO)|50.03|304.68|IDENTIFICADOR 37636 GASOLINA
94097620|774558|303|02|127231212|-1|2024|5|2 - ABASTECIMENTO EM POSTO / COMÉRCIO|80045|81969|2 - GASOLINA (LITRO)|39.4|236.01|IDENTIFICADOR 37772 GASOLINA
94097621|774553|303|02|127231212|-1|2024|5|2 - ABASTECIMENTO EM POSTO / COMÉRCIO|125510|125583|2 - GASOLINA (LITRO)|31.35|190.92|IDENTIFICADOR 37717 GASOLINA
94097622|774547|303|02|124390568|-1|2024|5|2 - ABASTECIMENTO EM POSTO / COMÉRCIO|31143|35237|2 - GASOLINA (LITRO)|20.13|122.59|IDENTIFICADOR 37677 GASOLINA
94097623|774615|303|02|124390417|-1|2024|5|2 - ABASTECIMENTO EM POSTO / COMÉRCIO|0|0|2 - GASOLINA (LITRO)|32.19|196.04|IDENTIFICADOR 37696 GASOLINA
94097624|774568|303|02|124390568|-1|2024|5|2 - ABASTECIMENTO EM POSTO / COMÉRCIO|212784|213505|2 - GASOLINA (LITRO)|36.31|221.13|IDENTIFICADOR 37722 GASOLINA
94097625|774641|303|02|124390568|-1|2024|5|2 - ABASTECIMENTO EM POSTO / COMÉRCIO|192581|194755|4 - DIESEL (LITRO)|51.71|345.94|IDENTIFICADOR 37630 DIESEL S10
94097626|774618|303|02|124841798|-1|2024|5|2 - ABASTECIMENTO EM POSTO / COMÉRCIO|0|0|4 - DIESEL (LITRO)|89.99|593.03|IDENTIFICADOR 37594 OLEO DIESEL
94097627|774555|303|02|124390411|-1|2024|5|2 - ABASTECIMENTO EM POSTO / COMÉRCIO|119145|119739|2 - GASOLINA (LITRO)|16.42|100.0|IDENTIFICADOR 37700 GASOLINA
94097628|774562|303|02|124841798|-1|2024|5|2 - ABASTECIMENTO EM POSTO / COMÉRCIO|301148|301381|2 - GASOLINA (LITRO)|33.11|201.64|IDENTIFICADOR 37592 GASOLINA
94097629|774584|303|02|124390568|-1|2024|5|2 - ABASTECIMENTO EM POSTO / COMÉRCIO|48085|52375|4 - DIESEL (LITRO)|93.73|575.51|IDENTIFICADOR 37621 DIESEL S10
94097630|774591|303|02|127231212|-1|2024|5|2 - ABASTECIMENTO EM POSTO / COMÉRCIO|228309|230556|2 - GASOLINA (LITRO)|40.44|242.27|IDENTIFICADOR 37758 GASOLINA
94097631|774612|303|02|124841798|-1|2024|5|2 - ABASTECIMENTO EM POSTO / COMÉRCIO|0|0|2 - GASOLINA (LITRO)|144.42|879.52|IDENTIFICADOR 37598 GASOLINA
94097632|774647|303|02|124841798|-1|2024|5|2 - ABASTECIMENTO EM POSTO / COMÉRCIO|0|0|4 - DIESEL (LITRO)|119.15|797.11|IDENTIFICADOR 37840 DIESEL S10
94097633|774573|303|02|127231212|-1|2024|5|2 - ABASTECIMENTO EM POSTO / COMÉRCIO|83438|85360|2 - GASOLINA (LITRO)|18.54|112.91|IDENTIFICADOR 37766 GASOLINA
94097634|774544|303|02|124390568|-1|2024|5|2 - ABASTECIMENTO EM POSTO / COMÉRCIO|58759|61188|2 - GASOLINA (LITRO)|23.51|140.82|IDENTIFICADOR 37667 GASOLINA
94097635|774646|303|02|124390568|-1|2024|5|2 - ABASTECIMENTO EM POSTO / COMÉRCIO|0|0|2 - GASOLINA (LITRO)|10.57|64.37|IDENTIFICADOR 37571 GASOLINA
94097636|774647|303|02|124841798|-1|2024|5|2 - ABASTECIMENTO EM POSTO / COMÉRCIO|0|0|4 - DIESEL (LITRO)|180.55|1207.88|IDENTIFICADOR 37839 DIESEL S10
94097637|774650|303|02|124841798|-1|2024|5|2 - ABASTECIMENTO EM POSTO / COMÉRCIO|0|0|4 - DIESEL (LITRO)|141.52|946.77|IDENTIFICADOR 37578 DIESEL S10
94097638|774629|303|02|124841814|-1|2024|5|2 - ABASTECIMENTO EM POSTO / COMÉRCIO|5385|6557|4 - DIESEL (LITRO)|124.03|829.76|IDENTIFICADOR 37568 DIESEL S10
94097639|774647|303|02|124841798|-1|2024|5|2 - ABASTECIMENTO EM POSTO / COMÉRCIO|0|0|4 - DIESEL (LITRO)|59.2|396.05|IDENTIFICADOR 37607 DIESEL S10
94097640|774541|303|02|124390568|-1|2024|5|2 - ABASTECIMENTO EM POSTO / COMÉRCIO|58170|61174|2 - GASOLINA (LITRO)|10.09|60.44|IDENTIFICADOR 37661 GASOLINA
94097641|774597|303|02|124390417|-1|2024|5|2 - ABASTECIMENTO EM POSTO / COMÉRCIO|77612|78279|1 - ÁLCOOL (LITRO)|52.46|228.73|IDENTIFICADOR 37545 ALCCOL AUTOMOTIVO
94097642|774577|303|02|127231212|-1|2024|5|2 - ABASTECIMENTO EM POSTO / COMÉRCIO|43922|44807|4 - DIESEL (LITRO)|48.29|323.06|IDENTIFICADOR 37791 DIESEL S10
94097643|774652|303|02|124390411|-1|2024|5|2 - ABASTECIMENTO EM POSTO / COMÉRCIO|6211|6623|99 - OUTROS|1.0|242.0|OS N° 157296_1 ADITIVO DE COMBUSTIVEL ARLA 32
94097644|774569|303|02|124390408|-1|2024|5|2 - ABASTECIMENTO EM POSTO / COMÉRCIO|7582|8289|2 - GASOLINA (LITRO)|19.64|119.61|IDENTIFICADOR 37533 GASOLINA
94097645|774584|303|02|127231212|-1|2024|5|2 - ABASTECIMENTO EM POSTO / COMÉRCIO|48085|52375|4 - DIESEL (LITRO)|73.84|493.99|IDENTIFICADOR 37734 DIESEL S10
94097646|774612|303|02|124841798|-1|2024|5|2 - ABASTECIMENTO EM POSTO / COMÉRCIO|0|0|2 - GASOLINA (LITRO)|96.42|587.2|IDENTIFICADOR 37599 GASOLINA
94097647|774577|303|02|124390568|-1|2024|5|2 - ABASTECIMENTO EM POSTO / COMÉRCIO|43922|44807|4 - DIESEL (LITRO)|42.42|283.79|IDENTIFICADOR 37670 DIESEL S10
94097648|774562|303|02|124841798|-1|2024|5|2 - ABASTECIMENTO EM POSTO / COMÉRCIO|301148|301381|2 - GASOLINA (LITRO)|28.89|175.94|IDENTIFICADOR 37591 GASOLINA
94097649|774573|303|02|127231212|-1|2024|5|2 - ABASTECIMENTO EM POSTO / COMÉRCIO|83438|85360|2 - GASOLINA (LITRO)|38.59|240.85|IDENTIFICADOR 37763 GASOLINA
94097650|774579|303|02|127231212|-1|2024|5|2 - ABASTECIMENTO EM POSTO / COMÉRCIO|98240|101822|4 - DIESEL (LITRO)|35.93|240.37|IDENTIFICADOR 37727 DIESEL S10
94097654|774541|303|02|127231212|-1|2024|5|2 - ABASTECIMENTO EM POSTO / COMÉRCIO|58170|61174|2 - GASOLINA (LITRO)|35.05|209.95|IDENTIFICADOR 37774 GASOLINA
94097651|774541|303|02|127231212|-1|2024|5|2 - ABASTECIMENTO EM POSTO / COMÉRCIO|58170|61174|2 - GASOLINA (LITRO)|22.07|134.41|IDENTIFICADOR 37776 GASOLINA
94097652|774547|303|02|124390568|-1|2024|5|2 - ABASTECIMENTO EM POSTO / COMÉRCIO|31143|35237|2 - GASOLINA (LITRO)|21.68|132.03|IDENTIFICADOR 37674 GASOLINA
94097653|774583|303|02|124841798|-1|2024|5|2 - ABASTECIMENTO EM POSTO / COMÉRCIO|22110|22567|4 - DIESEL (LITRO)|55.43|370.83|IDENTIFICADOR 37846 DIESEL S10
94097655|774585|303|02|127231212|-1|2024|5|2 - ABASTECIMENTO EM POSTO / COMÉRCIO|178925|181174|2 - GASOLINA (LITRO)|59.07|353.83|IDENTIFICADOR 37751 GASOLINA
94097656|774544|303|02|127231212|-1|2024|5|2 - ABASTECIMENTO EM POSTO / COMÉRCIO|58759|61188|2 - GASOLINA (LITRO)|19.98|119.68|IDENTIFICADOR 37786 GASOLINA
94097657|850639|303|02|124841798|-1|2024|5|2 - ABASTECIMENTO EM POSTO / COMÉRCIO|1885|1886|4 - DIESEL (LITRO)|137.67|921.01|IDENTIFICADOR 37844 DIESEL S10
94097658|774584|303|02|124390568|-1|2024|5|2 - ABASTECIMENTO EM POSTO / COMÉRCIO|48085|52375|4 - DIESEL (LITRO)|51.86|318.47|IDENTIFICADOR 37622 DIESEL S10
94097659|774544|303|02|124390568|-1|2024|5|2 - ABASTECIMENTO EM POSTO / COMÉRCIO|58759|61188|2 - GASOLINA (LITRO)|24.3|147.99|IDENTIFICADOR 37666 GASOLINA
94097660|774644|303|02|124841814|-1|2024|5|2 - ABASTECIMENTO EM POSTO / COMÉRCIO|75626|77523|4 - DIESEL (LITRO)|108.94|728.81|IDENTIFICADOR 37709 DIESEL S10
94097661|774657|303|02|124841798|-1|2024|5|2 - ABASTECIMENTO EM POSTO / COMÉRCIO|0|0|4 - DIESEL (LITRO)|73.42|491.18|IDENTIFICADOR 37602 DIESEL S10
94097662|774549|303|02|124841798|-1|2024|5|2 - ABASTECIMENTO EM POSTO / COMÉRCIO|115675|116716|2 - GASOLINA (LITRO)|37.35|227.46|IDENTIFICADOR 37816 GASOLINA
94097663|774547|303|02|127231212|-1|2024|5|2 - ABASTECIMENTO EM POSTO / COMÉRCIO|31143|35237|2 - GASOLINA (LITRO)|32.81|196.57|IDENTIFICADOR 37800 GASOLINA
94097664|774618|303|02|124841798|-1|2024|5|2 - ABASTECIMENTO EM POSTO / COMÉRCIO|0|0|4 - DIESEL (LITRO)|109.0|718.31|IDENTIFICADOR 37821 OLEO DIESEL
94097665|774544|303|02|127231212|-1|2024|5|2 - ABASTECIMENTO EM POSTO / COMÉRCIO|58759|61188|2 - GASOLINA (LITRO)|13.52|83.69|IDENTIFICADOR 37785 GASOLINA
94097666|774547|303|02|127231212|-1|2024|5|2 - ABASTECIMENTO EM POSTO / COMÉRCIO|31143|35237|2 - GASOLINA (LITRO)|33.12|205.01|IDENTIFICADOR 37795 GASOLINA
94097667|774660|303|02|124390408|-1|2024|5|2 - ABASTECIMENTO EM POSTO / COMÉRCIO|0|0|2 - GASOLINA (LITRO)|47.72|290.66|IDENTIFICADOR 37532 GASOLINA
94097366|774553|303|02|124390568|-1|2024|5|2 - ABASTECIMENTO EM POSTO / COMÉRCIO|125510|125583|2 - GASOLINA (LITRO)|15.07|91.78|IDENTIFICADOR 37569 GASOLINA
94097363|774650|303|02|124841798|-1|2024|5|2 - ABASTECIMENTO EM POSTO / COMÉRCIO|0|0|4 - DIESEL (LITRO)|124.7|834.24|IDENTIFICADOR 37808 DIESEL S10
94097364|774567|303|02|124390411|-1|2024|5|2 - ABASTECIMENTO EM POSTO / COMÉRCIO|58499|58884|2 - GASOLINA (LITRO)|34.75|211.63|IDENTIFICADOR 37702 GASOLINA
94097365|774650|303|02|124841798|-1|2024|5|2 - ABASTECIMENTO EM POSTO / COMÉRCIO|0|0|4 - DIESEL (LITRO)|123.21|824.27|IDENTIFICADOR 37576 DIESEL S10
94097367|774615|303|02|124390417|-1|2024|5|2 - ABASTECIMENTO EM POSTO / COMÉRCIO|0|0|2 - GASOLINA (LITRO)|11.13|67.78|IDENTIFICADOR 37547 GASOLINA
94097368|774641|303|02|124390568|-1|2024|5|2 - ABASTECIMENTO EM POSTO / COMÉRCIO|192581|194755|4 - DIESEL (LITRO)|57.38|355.18|IDENTIFICADOR 37632 DIESEL S10
94097369|774609|303|02|127231212|-1|2024|5|2 - ABASTECIMENTO EM POSTO / COMÉRCIO|205335|207580|2 - GASOLINA (LITRO)|46.68|279.61|IDENTIFICADOR 37748 GASOLINA
94097370|774551|303|02|124841798|-1|2024|5|2 - ABASTECIMENTO EM POSTO / COMÉRCIO|192062|192966|2 - GASOLINA (LITRO)|24.63|150.0|IDENTIFICADOR 37596 GASOLINA
94097374|774638|303|02|124841814|-1|2024|5|2 - ABASTECIMENTO EM POSTO / COMÉRCIO|66131|67451|4 - DIESEL (LITRO)|81.34|544.16|IDENTIFICADOR 37559 DIESEL S10
94097371|774554|303|02|124390415|-1|2024|5|2 - ABASTECIMENTO EM POSTO / COMÉRCIO|10465|13817|2 - GASOLINA (LITRO)|27.15|165.34|IDENTIFICADOR 37543 GASOLINA
94097372|774650|303|02|124841798|-1|2024|5|2 - ABASTECIMENTO EM POSTO / COMÉRCIO|0|0|4 - DIESEL (LITRO)|157.64|1054.61|IDENTIFICADOR 37804 DIESEL S10
94097373|774606|303|02|124841798|-1|2024|5|2 - ABASTECIMENTO EM POSTO / COMÉRCIO|111127|112346|2 - GASOLINA (LITRO)|42.6|259.43|IDENTIFICADOR 37585 GASOLINA
94097375|774541|303|02|124390568|-1|2024|5|2 - ABASTECIMENTO EM POSTO / COMÉRCIO|58170|61174|2 - GASOLINA (LITRO)|20.47|122.62|IDENTIFICADOR 37662 GASOLINA
94097376|774579|303|02|127231212|-1|2024|5|2 - ABASTECIMENTO EM POSTO / COMÉRCIO|98240|101822|4 - DIESEL (LITRO)|27.22|182.1|IDENTIFICADOR 37728 DIESEL S10
94097377|774594|303|02|124841814|-1|2024|5|2 - ABASTECIMENTO EM POSTO / COMÉRCIO|37847|38320|2 - GASOLINA (LITRO)|46.45|282.88|IDENTIFICADOR 37713 GASOLINA
94097378|774599|303|02|127231212|-1|2024|5|2 - ABASTECIMENTO EM POSTO / COMÉRCIO|95426|96827|4 - DIESEL (LITRO)|56.56|350.11|IDENTIFICADOR 37761 DIESEL S10
94097379|774555|303|02|124390411|-1|2024|5|2 - ABASTECIMENTO EM POSTO / COMÉRCIO|119145|119739|2 - GASOLINA (LITRO)|32.84|200.0|IDENTIFICADOR 37551 GASOLINA
94097380|774554|303|02|124390411|-1|2024|5|2 - ABASTECIMENTO EM POSTO / COMÉRCIO|10465|13817|2 - GASOLINA (LITRO)|30.01|182.76|IDENTIFICADOR 37692 GASOLINA
94097381|774612|303|02|124841798|-1|2024|5|2 - ABASTECIMENTO EM POSTO / COMÉRCIO|0|0|2 - GASOLINA (LITRO)|56.42|343.6|IDENTIFICADOR 37600 GASOLINA
94097382|774584|303|02|127231212|-1|2024|5|2 - ABASTECIMENTO EM POSTO / COMÉRCIO|48085|52375|4 - DIESEL (LITRO)|36.71|225.4|IDENTIFICADOR 37733 DIESEL S10
94097383|774549|303|02|124841798|-1|2024|5|2 - ABASTECIMENTO EM POSTO / COMÉRCIO|115675|116716|2 - GASOLINA (LITRO)|26.48|161.26|IDENTIFICADOR 37589 GASOLINA
94097384|774582|303|02|124841814|-1|2024|5|2 - ABASTECIMENTO EM POSTO / COMÉRCIO|122074|122403|2 - GASOLINA (LITRO)|38.34|233.49|IDENTIFICADOR 37704 GASOLINA
94097385|774623|303|02|124841798|-1|2024|5|2 - ABASTECIMENTO EM POSTO / COMÉRCIO|31907|32787|4 - DIESEL (LITRO)|126.65|847.29|IDENTIFICADOR 37843 DIESEL S10
94097386|774587|303|02|127231212|-1|2024|5|2 - ABASTECIMENTO EM POSTO / COMÉRCIO|219550|222016|2 - GASOLINA (LITRO)|34.84|208.69|IDENTIFICADOR 37755 GASOLINA
94097387|774568|303|02|124390568|-1|2024|5|2 - ABASTECIMENTO EM POSTO / COMÉRCIO|212784|213505|2 - GASOLINA (LITRO)|33.7|205.23|IDENTIFICADOR 37723 GASOLINA
94097388|774549|303|02|124841798|-1|2024|5|2 - ABASTECIMENTO EM POSTO / COMÉRCIO|115675|116716|2 - GASOLINA (LITRO)|41.42|252.25|IDENTIFICADOR 37815 GASOLINA
94097389|774634|303|02|127231212|-1|2024|5|2 - ABASTECIMENTO EM POSTO / COMÉRCIO|307213|307522|4 - DIESEL (LITRO)|58.65|392.37|IDENTIFICADOR 37739 DIESEL S10
94097390|774629|303|02|124841814|-1|2024|5|2 - ABASTECIMENTO EM POSTO / COMÉRCIO|5385|6557|4 - DIESEL (LITRO)|119.72|800.93|IDENTIFICADOR 37567 DIESEL S10
94097391|774563|303|02|124390415|-1|2024|5|2 - ABASTECIMENTO EM POSTO / COMÉRCIO|88824|89593|2 - GASOLINA (LITRO)|13.53|82.4|IDENTIFICADOR 37538 GASOLINA
94097392|774547|303|02|124390568|-1|2024|5|2 - ABASTECIMENTO EM POSTO / COMÉRCIO|31143|35237|2 - GASOLINA (LITRO)|21.11|128.56|IDENTIFICADOR 37676 GASOLINA
94097393|774589|303|02|127231212|-1|2024|5|2 - ABASTECIMENTO EM POSTO / COMÉRCIO|65621|67912|2 - GASOLINA (LITRO)|34.16|208.03|IDENTIFICADOR 37769 GASOLINA
94097394|774638|303|02|124841814|-1|2024|5|2 - ABASTECIMENTO EM POSTO / COMÉRCIO|66131|67451|4 - DIESEL (LITRO)|87.05|582.36|IDENTIFICADOR 37560 DIESEL S10
94097395|774619|303|02|124841798|-1|2024|5|2 - ABASTECIMENTO EM POSTO / COMÉRCIO|26184|26675|4 - DIESEL (LITRO)|121.27|811.3|IDENTIFICADOR 37835 DIESEL S10
94097396|774645|303|02|124841814|-1|2024|5|2 - ABASTECIMENTO EM POSTO / COMÉRCIO|4479|4859|4 - DIESEL (LITRO)|117.05|783.06|IDENTIFICADOR 37566 DIESEL S10
94097397|774632|303|02|124390411|-1|2024|5|2 - ABASTECIMENTO EM POSTO / COMÉRCIO|459952|459952|4 - DIESEL (LITRO)|119.08|796.65|IDENTIFICADOR 37687 DIESEL S10
94097398|774652|303|02|124390411|-1|2024|5|2 - ABASTECIMENTO EM POSTO / COMÉRCIO|6211|6623|4 - DIESEL (LITRO)|41.97|280.78|IDENTIFICADOR 37703 DIESEL S10
94097399|774641|303|02|127231212|-1|2024|5|2 - ABASTECIMENTO EM POSTO / COMÉRCIO|192581|194755|4 - DIESEL (LITRO)|100.59|622.65|IDENTIFICADOR 37743 DIESEL S10
94097400|774561|303|02|127231212|-1|2024|5|2 - ABASTECIMENTO EM POSTO / COMÉRCIO|47372|49275|2 - GASOLINA (LITRO)|39.07|241.84|IDENTIFICADOR 37782 GASOLINA
94097401|774611|303|02|124841798|-1|2024|5|2 - ABASTECIMENTO EM POSTO / COMÉRCIO|0|0|4 - DIESEL (LITRO)|72.22|483.15|IDENTIFICADOR 37819 DIESEL S10
94097402|774547|303|02|124390568|-1|2024|5|2 - ABASTECIMENTO EM POSTO / COMÉRCIO|31143|35237|2 - GASOLINA (LITRO)|31.86|194.03|IDENTIFICADOR 37675 GASOLINA
94097403|774536|303|02|124390568|-1|2024|5|2 - ABASTECIMENTO EM POSTO / COMÉRCIO|138733|139186|2 - GASOLINA (LITRO)|44.1|268.57|IDENTIFICADOR 37570 GASOLINA
94097404|774541|303|02|127231212|-1|2024|5|2 - ABASTECIMENTO EM POSTO / COMÉRCIO|58170|61174|2 - GASOLINA (LITRO)|10.71|64.15|IDENTIFICADOR 37780 GASOLINA
94097405|774573|303|02|124390568|-1|2024|5|2 - ABASTECIMENTO EM POSTO / COMÉRCIO|83438|85360|2 - GASOLINA (LITRO)|30.89|182.0|IDENTIFICADOR 37648 GASOLINA
94097406|774587|303|02|124390568|-1|2024|5|2 - ABASTECIMENTO EM POSTO / COMÉRCIO|219550|222016|2 - GASOLINA (LITRO)|56.69|339.58|IDENTIFICADOR 37641 GASOLINA
94097407|774591|303|02|124390568|-1|2024|5|2 - ABASTECIMENTO EM POSTO / COMÉRCIO|228309|230556|2 - GASOLINA (LITRO)|34.28|213.91|IDENTIFICADOR 37645 GASOLINA
94097408|774551|303|02|124841798|-1|2024|5|2 - ABASTECIMENTO EM POSTO / COMÉRCIO|192062|192966|2 - GASOLINA (LITRO)|29.41|179.11|IDENTIFICADOR 37823 GASOLINA
94097409|774618|303|02|124841798|-1|2024|5|2 - ABASTECIMENTO EM POSTO / COMÉRCIO|0|0|4 - DIESEL (LITRO)|87.79|578.54|IDENTIFICADOR 37595 OLEO DIESEL
94097410|774543|303|02|124390417|-1|2024|5|2 - ABASTECIMENTO EM POSTO / COMÉRCIO|139730|140049|2 - GASOLINA (LITRO)|24.63|150.0|IDENTIFICADOR 37549 GASOLINA
94097411|774563|303|02|124390411|-1|2024|5|2 - ABASTECIMENTO EM POSTO / COMÉRCIO|88824|89593|2 - GASOLINA (LITRO)|21.51|131.0|IDENTIFICADOR 37688 GASOLINA
94097412|774579|303|02|127231212|-1|2024|5|2 - ABASTECIMENTO EM POSTO / COMÉRCIO|98240|101822|4 - DIESEL (LITRO)|36.02|240.97|IDENTIFICADOR 37724 DIESEL S10
94097416|774544|303|02|127231212|-1|2024|5|2 - ABASTECIMENTO EM POSTO / COMÉRCIO|58759|61188|2 - GASOLINA (LITRO)|24.11|146.83|IDENTIFICADOR 37790 GASOLINA
94097413|774561|303|02|127231212|-1|2024|5|2 - ABASTECIMENTO EM POSTO / COMÉRCIO|47372|49275|2 - GASOLINA (LITRO)|33.38|199.95|IDENTIFICADOR 37781 GASOLINA
94097414|774583|303|02|124841798|-1|2024|5|2 - ABASTECIMENTO EM POSTO / COMÉRCIO|22110|22567|4 - DIESEL (LITRO)|42.5|284.32|IDENTIFICADOR 37605 DIESEL S10
94097415|774585|303|02|124390568|-1|2024|5|2 - ABASTECIMENTO EM POSTO / COMÉRCIO|178925|181174|2 - GASOLINA (LITRO)|40.76|244.15|IDENTIFICADOR 37637 GASOLINA
94097417|774549|303|02|124841798|-1|2024|5|2 - ABASTECIMENTO EM POSTO / COMÉRCIO|115675|116716|2 - GASOLINA (LITRO)|29.39|178.99|IDENTIFICADOR 37588 GASOLINA
94097418|774644|303|02|124841814|-1|2024|5|2 - ABASTECIMENTO EM POSTO / COMÉRCIO|75626|77523|4 - DIESEL (LITRO)|98.43|658.5|IDENTIFICADOR 37711 DIESEL S10
94097419|774569|303|02|124390408|-1|2024|5|2 - ABASTECIMENTO EM POSTO / COMÉRCIO|7582|8289|2 - GASOLINA (LITRO)|17.81|108.46|IDENTIFICADOR 37534 GASOLINA
94097420|774629|303|02|124841814|-1|2024|5|2 - ABASTECIMENTO EM POSTO / COMÉRCIO|5385|6557|4 - DIESEL (LITRO)|130.0|869.7|IDENTIFICADOR 37715 DIESEL S10
94097421|774579|303|02|127231212|-1|2024|5|2 - ABASTECIMENTO EM POSTO / COMÉRCIO|98240|101822|4 - DIESEL (LITRO)|27.35|182.97|IDENTIFICADOR 37726 DIESEL S10
94097422|774611|303|02|124841798|-1|2024|5|2 - ABASTECIMENTO EM POSTO / COMÉRCIO|0|0|4 - DIESEL (LITRO)|53.69|359.19|IDENTIFICADOR 37818 DIESEL S10
94097423|774589|303|02|124390568|-1|2024|5|2 - ABASTECIMENTO EM POSTO / COMÉRCIO|65621|67912|2 - GASOLINA (LITRO)|28.96|176.37|IDENTIFICADOR 37651 GASOLINA
94097424|774573|303|02|127231212|-1|2024|5|2 - ABASTECIMENTO EM POSTO / COMÉRCIO|83438|85360|2 - GASOLINA (LITRO)|28.35|172.65|IDENTIFICADOR 37767 GASOLINA
94097425|774650|303|02|124841798|-1|2024|5|2 - ABASTECIMENTO EM POSTO / COMÉRCIO|0|0|4 - DIESEL (LITRO)|102.89|688.33|IDENTIFICADOR 37572 DIESEL S10
94097426|774544|303|02|127231212|-1|2024|5|2 - ABASTECIMENTO EM POSTO / COMÉRCIO|58759|61188|2 - GASOLINA (LITRO)|13.17|80.21|IDENTIFICADOR 37784 GASOLINA
94097427|774638|303|02|124841814|-1|2024|5|2 - ABASTECIMENTO EM POSTO / COMÉRCIO|66131|67451|4 - DIESEL (LITRO)|88.17|589.86|IDENTIFICADOR 37561 DIESEL S10
94097428|774658|303|02|124841798|-1|2024|5|2 - ABASTECIMENTO EM POSTO / COMÉRCIO|0|0|4 - DIESEL (LITRO)|176.22|1178.91|IDENTIFICADOR 37584 DIESEL S10
94097429|774628|303|02|124841798|-1|2024|5|2 - ABASTECIMENTO EM POSTO / COMÉRCIO|0|0|4 - DIESEL (LITRO)|84.42|564.77|IDENTIFICADOR 37611 DIESEL S10
94097430|774544|303|02|127231212|-1|2024|5|2 - ABASTECIMENTO EM POSTO / COMÉRCIO|58759|61188|2 - GASOLINA (LITRO)|16.78|102.19|IDENTIFICADOR 37788 GASOLINA
94097431|774623|303|02|124841798|-1|2024|5|2 - ABASTECIMENTO EM POSTO / COMÉRCIO|31907|32787|4 - DIESEL (LITRO)|142.15|950.98|IDENTIFICADOR 37608 DIESEL S10
94097432|774584|303|02|127231212|-1|2024|5|2 - ABASTECIMENTO EM POSTO / COMÉRCIO|48085|52375|4 - DIESEL (LITRO)|79.05|489.32|IDENTIFICADOR 37730 DIESEL S10
94097433|774609|303|02|124390568|-1|2024|5|2 - ABASTECIMENTO EM POSTO / COMÉRCIO|205335|207580|2 - GASOLINA (LITRO)|14.02|84.0|IDENTIFICADOR 37634 GASOLINA
94097434|774573|303|02|127231212|-1|2024|5|2 - ABASTECIMENTO EM POSTO / COMÉRCIO|83438|85360|2 - GASOLINA (LITRO)|26.45|165.09|IDENTIFICADOR 37764 GASOLINA
94097435|774615|303|02|124390417|-1|2024|5|2 - ABASTECIMENTO EM POSTO / COMÉRCIO|0|0|2 - GASOLINA (LITRO)|11.42|69.55|IDENTIFICADOR 37546 GASOLINA
94097436|774563|303|02|124390415|-1|2024|5|2 - ABASTECIMENTO EM POSTO / COMÉRCIO|88824|89593|2 - GASOLINA (LITRO)|9.85|60.0|IDENTIFICADOR 37536 GASOLINA
94097437|774536|303|02|127231212|-1|2024|5|2 - ABASTECIMENTO EM POSTO / COMÉRCIO|138733|139186|2 - GASOLINA (LITRO)|41.72|254.07|IDENTIFICADOR 37716 GASOLINA
94097438|774543|303|02|124390417|-1|2024|5|2 - ABASTECIMENTO EM POSTO / COMÉRCIO|139730|140049|2 - GASOLINA (LITRO)|16.42|100.0|IDENTIFICADOR 37699 GASOLINA
94097439|774584|303|02|127231212|-1|2024|5|2 - ABASTECIMENTO EM POSTO / COMÉRCIO|48085|52375|4 - DIESEL (LITRO)|43.65|268.03|IDENTIFICADOR 37736 DIESEL S10
94097440|774579|303|02|124390568|-1|2024|5|2 - ABASTECIMENTO EM POSTO / COMÉRCIO|98240|101822|4 - DIESEL (LITRO)|33.2|222.11|IDENTIFICADOR 37613 DIESEL S10
94097441|774650|303|02|124841798|-1|2024|5|2 - ABASTECIMENTO EM POSTO / COMÉRCIO|0|0|4 - DIESEL (LITRO)|121.82|814.98|IDENTIFICADOR 37810 DIESEL S10
94097442|774558|303|02|124390568|-1|2024|5|2 - ABASTECIMENTO EM POSTO / COMÉRCIO|80045|81969|2 - GASOLINA (LITRO)|23.87|148.95|IDENTIFICADOR 37656 GASOLINA
94097443|774550|303|02|124841798|-1|2024|5|2 - ABASTECIMENTO EM POSTO / COMÉRCIO|237013|237013|2 - GASOLINA (LITRO)|35.71|217.47|IDENTIFICADOR 37822 GASOLINA
94097444|774589|303|02|127231212|-1|2024|5|2 - ABASTECIMENTO EM POSTO / COMÉRCIO|65621|67912|2 - GASOLINA (LITRO)|33.83|211.15|IDENTIFICADOR 37770 GASOLINA
94097445|774554|303|02|124390415|-1|2024|5|2 - ABASTECIMENTO EM POSTO / COMÉRCIO|10465|13817|2 - GASOLINA (LITRO)|42.22|257.12|IDENTIFICADOR 37541 GASOLINA
94097446|774579|303|02|127231212|-1|2024|5|2 - ABASTECIMENTO EM POSTO / COMÉRCIO|98240|101822|4 - DIESEL (LITRO)|37.42|250.34|IDENTIFICADOR 37725 DIESEL S10
94097447|774591|303|02|124390568|-1|2024|5|2 - ABASTECIMENTO EM POSTO / COMÉRCIO|228309|230556|2 - GASOLINA (LITRO)|21.75|135.78|IDENTIFICADOR 37646 GASOLINA
94097448|774641|303|02|127231212|-1|2024|5|2 - ABASTECIMENTO EM POSTO / COMÉRCIO|192581|194755|4 - DIESEL (LITRO)|83.64|559.55|IDENTIFICADOR 37742 DIESEL S10
94097449|774545|303|02|124390411|-1|2024|5|2 - ABASTECIMENTO EM POSTO / COMÉRCIO|212569|212569|2 - GASOLINA (LITRO)|26.08|158.83|IDENTIFICADOR 37552 GASOLINA
94097450|774584|303|02|124390568|-1|2024|5|2 - ABASTECIMENTO EM POSTO / COMÉRCIO|48085|52375|4 - DIESEL (LITRO)|34.96|214.7|IDENTIFICADOR 37624 DIESEL S10
94097451|774591|303|02|127231212|-1|2024|5|2 - ABASTECIMENTO EM POSTO / COMÉRCIO|228309|230556|2 - GASOLINA (LITRO)|44.77|272.66|IDENTIFICADOR 37756 GASOLINA
94097452|774585|303|02|124390568|-1|2024|5|2 - ABASTECIMENTO EM POSTO / COMÉRCIO|178925|181174|2 - GASOLINA (LITRO)|57.15|342.43|IDENTIFICADOR 37638 GASOLINA
94097453|774571|303|02|127231212|-1|2024|5|2 - ABASTECIMENTO EM POSTO / COMÉRCIO|208571|208571|2 - GASOLINA (LITRO)|38.61|235.13|IDENTIFICADOR 37719 GASOLINA
94097454|774554|303|02|124390411|-1|2024|5|2 - ABASTECIMENTO EM POSTO / COMÉRCIO|10465|13817|2 - GASOLINA (LITRO)|25.33|154.26|IDENTIFICADOR 37693 GASOLINA
94097458|774554|303|02|124390415|-1|2024|5|2 - ABASTECIMENTO EM POSTO / COMÉRCIO|10465|13817|2 - GASOLINA (LITRO)|38.72|235.8|IDENTIFICADOR 37544 GASOLINA
94097455|774555|303|02|124390411|-1|2024|5|2 - ABASTECIMENTO EM POSTO / COMÉRCIO|119145|119739|2 - GASOLINA (LITRO)|16.42|100.0|IDENTIFICADOR 37550 GASOLINA
94097456|774589|303|02|124390568|-1|2024|5|2 - ABASTECIMENTO EM POSTO / COMÉRCIO|65621|67912|2 - GASOLINA (LITRO)|26.39|158.08|IDENTIFICADOR 37653 GASOLINA
94097457|774584|303|02|127231212|-1|2024|5|2 - ABASTECIMENTO EM POSTO / COMÉRCIO|48085|52375|4 - DIESEL (LITRO)|48.75|299.35|IDENTIFICADOR 37731 DIESEL S10
94097459|774579|303|02|124390568|-1|2024|5|2 - ABASTECIMENTO EM POSTO / COMÉRCIO|98240|101822|4 - DIESEL (LITRO)|26.7|178.62|IDENTIFICADOR 37612 DIESEL S10
94097460|774579|303|02|124390568|-1|2024|5|2 - ABASTECIMENTO EM POSTO / COMÉRCIO|98240|101822|4 - DIESEL (LITRO)|22.73|152.06|IDENTIFICADOR 37618 DIESEL S10
94097461|774540|303|02|124390411|-1|2024|5|2 - ABASTECIMENTO EM POSTO / COMÉRCIO|4359|4883|2 - GASOLINA (LITRO)|37.05|218.22|IDENTIFICADOR 37556 GASOLINA
94097462|774609|303|02|127231212|-1|2024|5|2 - ABASTECIMENTO EM POSTO / COMÉRCIO|205335|207580|2 - GASOLINA (LITRO)|35.94|215.28|IDENTIFICADOR 37749 GASOLINA
94097463|774597|303|02|124390417|-1|2024|5|2 - ABASTECIMENTO EM POSTO / COMÉRCIO|77612|78279|1 - ÁLCOOL (LITRO)|60.81|265.14|IDENTIFICADOR 37695 ALCCOL AUTOMOTIVO
94097464|774582|303|02|124841814|-1|2024|5|2 - ABASTECIMENTO EM POSTO / COMÉRCIO|122074|122403|2 - GASOLINA (LITRO)|44.16|268.93|IDENTIFICADOR 37558 GASOLINA
94097465|774547|303|02|124390568|-1|2024|5|2 - ABASTECIMENTO EM POSTO / COMÉRCIO|31143|35237|2 - GASOLINA (LITRO)|40.39|241.94|IDENTIFICADOR 37680 GASOLINA
94097466|774568|303|02|127231212|-1|2024|5|2 - ABASTECIMENTO EM POSTO / COMÉRCIO|212784|213505|2 - GASOLINA (LITRO)|34.95|212.85|IDENTIFICADOR 37744 GASOLINA
94097467|774641|303|02|124390568|-1|2024|5|2 - ABASTECIMENTO EM POSTO / COMÉRCIO|192581|194755|4 - DIESEL (LITRO)|96.87|563.54|IDENTIFICADOR 37628 DIESEL S10
94097468|774547|303|02|127231212|-1|2024|5|2 - ABASTECIMENTO EM POSTO / COMÉRCIO|31143|35237|2 - GASOLINA (LITRO)|34.06|210.83|IDENTIFICADOR 37799 GASOLINA
94097469|774579|303|02|124390568|-1|2024|5|2 - ABASTECIMENTO EM POSTO / COMÉRCIO|98240|101822|4 - DIESEL (LITRO)|20.02|133.93|IDENTIFICADOR 37619 DIESEL S10
94097470|774579|303|02|124390568|-1|2024|5|2 - ABASTECIMENTO EM POSTO / COMÉRCIO|98240|101822|4 - DIESEL (LITRO)|48.54|334.1|IDENTIFICADOR 37616 DIESEL S10
94097471|774612|303|02|124841798|-1|2024|5|2 - ABASTECIMENTO EM POSTO / COMÉRCIO|0|0|2 - GASOLINA (LITRO)|81.4|495.73|IDENTIFICADOR 37829 GASOLINA
94097472|774657|303|02|124841798|-1|2024|5|2 - ABASTECIMENTO EM POSTO / COMÉRCIO|0|0|4 - DIESEL (LITRO)|157.05|1050.66|IDENTIFICADOR 37603 DIESEL S10
94097473|774558|303|02|127231212|-1|2024|5|2 - ABASTECIMENTO EM POSTO / COMÉRCIO|80045|81969|2 - GASOLINA (LITRO)|46.5|283.67|IDENTIFICADOR 37773 GASOLINA
94097474|774558|303|02|124390568|-1|2024|5|2 - ABASTECIMENTO EM POSTO / COMÉRCIO|80045|81969|1 - ÁLCOOL (LITRO)|59.76|259.4|IDENTIFICADOR 37654 ALCCOL AUTOMOTIVO
94097475|774554|303|02|124390411|-1|2024|5|2 - ABASTECIMENTO EM POSTO / COMÉRCIO|10465|13817|2 - GASOLINA (LITRO)|39.88|242.87|IDENTIFICADOR 37690 GASOLINA
94097476|774584|303|02|124390568|-1|2024|5|2 - ABASTECIMENTO EM POSTO / COMÉRCIO|48085|52375|4 - DIESEL (LITRO)|74.57|457.92|IDENTIFICADOR 37620 DIESEL S10
94097477|774606|303|02|124841798|-1|2024|5|2 - ABASTECIMENTO EM POSTO / COMÉRCIO|111127|112346|2 - GASOLINA (LITRO)|42.37|258.03|IDENTIFICADOR 37814 GASOLINA
94097478|774641|303|02|127231212|-1|2024|5|2 - ABASTECIMENTO EM POSTO / COMÉRCIO|192581|194755|4 - DIESEL (LITRO)|73.56|492.12|IDENTIFICADOR 37741 DIESEL S10
94097479|774583|303|02|124841798|-1|2024|5|2 - ABASTECIMENTO EM POSTO / COMÉRCIO|22110|22567|4 - DIESEL (LITRO)|43.04|288.0|IDENTIFICADOR 37845 DIESEL S10
94097480|774612|303|02|124841798|-1|2024|5|2 - ABASTECIMENTO EM POSTO / COMÉRCIO|0|0|2 - GASOLINA (LITRO)|39.88|242.87|IDENTIFICADOR 37832 GASOLINA
94097481|774541|303|02|124390568|-1|2024|5|2 - ABASTECIMENTO EM POSTO / COMÉRCIO|58170|61174|2 - GASOLINA (LITRO)|38.11|235.93|IDENTIFICADOR 37660 GASOLINA
94097482|774543|303|02|124390417|-1|2024|5|2 - ABASTECIMENTO EM POSTO / COMÉRCIO|139730|140049|2 - GASOLINA (LITRO)|19.7|120.0|IDENTIFICADOR 37698 GASOLINA
94097483|774650|303|02|124841798|-1|2024|5|2 - ABASTECIMENTO EM POSTO / COMÉRCIO|0|0|4 - DIESEL (LITRO)|119.38|798.65|IDENTIFICADOR 37801 DIESEL S10
94097484|774650|303|02|124841798|-1|2024|5|2 - ABASTECIMENTO EM POSTO / COMÉRCIO|0|0|4 - DIESEL (LITRO)|139.97|936.4|IDENTIFICADOR 37582 DIESEL S10
94097485|774660|303|02|124390408|-1|2024|5|2 - ABASTECIMENTO EM POSTO / COMÉRCIO|0|0|2 - GASOLINA (LITRO)|24.81|151.14|IDENTIFICADOR 37683 GASOLINA
94097486|774587|303|02|124390568|-1|2024|5|2 - ABASTECIMENTO EM POSTO / COMÉRCIO|219550|222016|2 - GASOLINA (LITRO)|35.85|220.18|IDENTIFICADOR 37639 GASOLINA
94097487|774551|303|02|124841798|-1|2024|5|2 - ABASTECIMENTO EM POSTO / COMÉRCIO|192062|192966|2 - GASOLINA (LITRO)|29.28|178.32|IDENTIFICADOR 37597 GASOLINA
94097488|774650|303|02|124841798|-1|2024|5|2 - ABASTECIMENTO EM POSTO / COMÉRCIO|0|0|4 - DIESEL (LITRO)|148.58|994.0|IDENTIFICADOR 37807 DIESEL S10
94097489|774544|303|02|127231212|-1|2024|5|2 - ABASTECIMENTO EM POSTO / COMÉRCIO|58759|61188|2 - GASOLINA (LITRO)|18.82|116.5|IDENTIFICADOR 37789 GASOLINA
94097490|774650|303|02|124841798|-1|2024|5|2 - ABASTECIMENTO EM POSTO / COMÉRCIO|0|0|4 - DIESEL (LITRO)|159.97|1070.2|IDENTIFICADOR 37573 DIESEL S10
94097491|774650|303|02|124841798|-1|2024|5|2 - ABASTECIMENTO EM POSTO / COMÉRCIO|0|0|4 - DIESEL (LITRO)|96.22|643.71|IDENTIFICADOR 37802 DIESEL S10
94097492|774615|303|02|124390417|-1|2024|5|2 - ABASTECIMENTO EM POSTO / COMÉRCIO|0|0|2 - GASOLINA (LITRO)|10.0|60.9|IDENTIFICADOR 37548 GASOLINA
94097493|774549|303|02|124841798|-1|2024|5|2 - ABASTECIMENTO EM POSTO / COMÉRCIO|115675|116716|2 - GASOLINA (LITRO)|29.18|177.71|IDENTIFICADOR 37590 GASOLINA
94097494|774650|303|02|124841798|-1|2024|5|2 - ABASTECIMENTO EM POSTO / COMÉRCIO|0|0|4 - DIESEL (LITRO)|78.59|525.77|IDENTIFICADOR 37805 DIESEL S10
94097495|774584|303|02|124390568|-1|2024|5|2 - ABASTECIMENTO EM POSTO / COMÉRCIO|48085|52375|4 - DIESEL (LITRO)|55.37|339.99|IDENTIFICADOR 37623 DIESEL S10
94097496|774652|303|02|124390411|-1|2024|5|2 - ABASTECIMENTO EM POSTO / COMÉRCIO|6211|6623|4 - DIESEL (LITRO)|65.92|441.0|IDENTIFICADOR 37555 DIESEL S10
93284159|773754|304|03|-1|17431208|2024|3|2 - ABASTECIMENTO EM POSTO / COMÉRCIO|58689|59209|2 - GASOLINA (LITRO)|43.855|258.3|IDENTIFICADOR 1098 GASOLINA COMUM
93284153|773738|304|03|124834772|-1|2024|3|2 - ABASTECIMENTO EM POSTO / COMÉRCIO|190520|191378|2 - GASOLINA (LITRO)|32.009|188.53|IDENTIFICADOR 1116 GASOLINA COMUM
93284154|773738|304|03|-1|17431208|2024|3|2 - ABASTECIMENTO EM POSTO / COMÉRCIO|190520|191378|2 - GASOLINA (LITRO)|34.124|200.99|IDENTIFICADOR 1103 GASOLINA COMUM
93284155|773738|304|03|124834772|-1|2024|3|2 - ABASTECIMENTO EM POSTO / COMÉRCIO|190520|191378|2 - GASOLINA (LITRO)|33.774|198.92|IDENTIFICADOR 1110 GASOLINA COMUM
93284156|773739|304|03|124834772|-1|2024|3|2 - ABASTECIMENTO EM POSTO / COMÉRCIO|58844|59808|2 - GASOLINA (LITRO)|43.299|255.03|IDENTIFICADOR 1112 GASOLINA COMUM
93284157|773736|304|03|-1|17431208|2024|3|2 - ABASTECIMENTO EM POSTO / COMÉRCIO|78810|79537|2 - GASOLINA (LITRO)|40.678|239.59|IDENTIFICADOR 1105 GASOLINA COMUM
93284158|773739|304|03|-1|17431208|2024|3|2 - ABASTECIMENTO EM POSTO / COMÉRCIO|58844|59808|2 - GASOLINA (LITRO)|44.663|263.06|IDENTIFICADOR 1097 GASOLINA COMUM
93284160|773754|304|03|-1|17431208|2024|3|2 - ABASTECIMENTO EM POSTO / COMÉRCIO|58689|59209|2 - GASOLINA (LITRO)|43.7|257.39|IDENTIFICADOR 1090 GASOLINA COMUM
93284161|773740|304|03|-1|17431208|2024|3|2 - ABASTECIMENTO EM POSTO / COMÉRCIO|54894|55244|2 - GASOLINA (LITRO)|45.671|269.0|IDENTIFICADOR 1091 GASOLINA COMUM
93284162|773740|304|03|124834772|-1|2024|3|2 - ABASTECIMENTO EM POSTO / COMÉRCIO|54894|55244|2 - GASOLINA (LITRO)|43.976|259.01|IDENTIFICADOR 1107 GASOLINA COMUM
93284163|773742|304|03|-1|17431208|2024|3|2 - ABASTECIMENTO EM POSTO / COMÉRCIO|8735|9455|2 - GASOLINA (LITRO)|36.246|213.48|IDENTIFICADOR 1094 GASOLINA COMUM
93284164|773744|304|03|124834772|-1|2024|3|2 - ABASTECIMENTO EM POSTO / COMÉRCIO|83751|84309|4 - DIESEL (LITRO)|40.0|259.6|IDENTIFICADOR 1113 OLEO DIESEL
93284165|773735|304|03|-1|17431208|2024|3|2 - ABASTECIMENTO EM POSTO / COMÉRCIO|65891|66781|2 - GASOLINA (LITRO)|40.857|240.64|IDENTIFICADOR 1095 GASOLINA COMUM
93284166|773747|304|03|124834772|-1|2024|3|2 - ABASTECIMENTO EM POSTO / COMÉRCIO|182547|182735|2 - GASOLINA (LITRO)|44.395|261.48|IDENTIFICADOR 1111 GASOLINA COMUM
93284167|773735|304|03|-1|17431208|2024|3|2 - ABASTECIMENTO EM POSTO / COMÉRCIO|65891|66781|2 - GASOLINA (LITRO)|40.384|237.86|IDENTIFICADOR 1100 GASOLINA COMUM
93284168|773744|304|03|124834772|-1|2024|3|2 - ABASTECIMENTO EM POSTO / COMÉRCIO|83751|84309|4 - DIESEL (LITRO)|40.0|259.6|IDENTIFICADOR 1106 OLEO DIESEL
93284169|773747|304|03|-1|17431208|2024|3|2 - ABASTECIMENTO EM POSTO / COMÉRCIO|182547|182735|2 - GASOLINA (LITRO)|34.144|201.1|IDENTIFICADOR 1093 GASOLINA COMUM
93284170|773742|304|03|124834772|-1|2024|3|2 - ABASTECIMENTO EM POSTO / COMÉRCIO|8735|9455|2 - GASOLINA (LITRO)|32.759|192.95|IDENTIFICADOR 1109 GASOLINA COMUM
93284171|773742|304|03|-1|17431208|2024|3|2 - ABASTECIMENTO EM POSTO / COMÉRCIO|8735|9455|2 - GASOLINA (LITRO)|34.824|201.93|IDENTIFICADOR 1102 GASOLINA COMUM
93284172|773736|304|03|124834772|-1|2024|3|2 - ABASTECIMENTO EM POSTO / COMÉRCIO|78810|79537|2 - GASOLINA (LITRO)|44.92|264.57|IDENTIFICADOR 1114 GASOLINA COMUM
93284173|794457|304|03|-1|17431208|2024|3|2 - ABASTECIMENTO EM POSTO / COMÉRCIO|433|433|2 - GASOLINA (LITRO)|44.894|264.42|IDENTIFICADOR 1099 GASOLINA COMUM
93284174|773735|304|03|124834772|-1|2024|3|2 - ABASTECIMENTO EM POSTO / COMÉRCIO|65891|66781|2 - GASOLINA (LITRO)|37.825|222.78|IDENTIFICADOR 1117 GASOLINA COMUM
93284175|773736|304|03|-1|17431208|2024|3|2 - ABASTECIMENTO EM POSTO / COMÉRCIO|78810|79537|2 - GASOLINA (LITRO)|42.578|250.78|IDENTIFICADOR 1096 GASOLINA COMUM
93284176|773754|304|03|124834772|-1|2024|3|2 - ABASTECIMENTO EM POSTO / COMÉRCIO|58689|59209|2 - GASOLINA (LITRO)|43.628|256.96|IDENTIFICADOR 1115 GASOLINA COMUM
93284177|773738|304|03|-1|17431208|2024|3|2 - ABASTECIMENTO EM POSTO / COMÉRCIO|190520|191378|2 - GASOLINA (LITRO)|36.079|212.51|IDENTIFICADOR 1101 GASOLINA COMUM
93284178|773744|304|03|-1|17431208|2024|3|2 - ABASTECIMENTO EM POSTO / COMÉRCIO|83751|84309|4 - DIESEL (LITRO)|40.0|259.6|IDENTIFICADOR 1092 OLEO DIESEL
93284179|773739|304|03|-1|17431208|2024|3|2 - ABASTECIMENTO EM POSTO / COMÉRCIO|58844|59808|2 - GASOLINA (LITRO)|47.845|281.8|IDENTIFICADOR 1104 GASOLINA COMUM
93284180|773735|304|03|124834772|-1|2024|3|2 - ABASTECIMENTO EM POSTO / COMÉRCIO|65891|66781|2 - GASOLINA (LITRO)|37.316|219.79|IDENTIFICADOR 1108 GASOLINA COMUM
94170212|825683|304|03|124834772|-1|2024|5|2 - ABASTECIMENTO EM POSTO / COMÉRCIO|86100|87216|2 - GASOLINA (LITRO)|25.467|150.0|IDENTIFICADOR 1161 GASOLINA COMUM
93176826|780172|302|01|-1|17465357|2024|1|2 - ABASTECIMENTO EM POSTO / COMÉRCIO|73368|75263|2 - GASOLINA (LITRO)|222.282|1282.33|
93294198|780172|302|01|124545596|-1|2024|3|2 - ABASTECIMENTO EM POSTO / COMÉRCIO|77874|78469|2 - GASOLINA (LITRO)|40.47|242.41|IDENTIFICADOR 1049 ABASTECIMENTO VEICULO CODIGO =3
93294199|780172|302|01|124545596|-1|2024|3|2 - ABASTECIMENTO EM POSTO / COMÉRCIO|77874|78469|2 - GASOLINA (LITRO)|48.167|286.11|IDENTIFICADOR 1046 ABASTECIMENTO VEICULO CODIGO =3
93294200|780172|302|01|124545596|-1|2024|3|2 - ABASTECIMENTO EM POSTO / COMÉRCIO|77874|78469|2 - GASOLINA (LITRO)|53.08|317.95|IDENTIFICADOR 1053 ABASTECIMENTO VEICULO CODIGO =3
94170202|773736|304|03|124834772|-1|2024|5|2 - ABASTECIMENTO EM POSTO / COMÉRCIO|80615|80978|2 - GASOLINA (LITRO)|25.467|150.0|IDENTIFICADOR 1172 GASOLINA COMUM
94170203|825683|304|03|124834772|-1|2024|5|2 - ABASTECIMENTO EM POSTO / COMÉRCIO|86100|87216|2 - GASOLINA (LITRO)|25.466|150.0|IDENTIFICADOR 1179 GASOLINA COMUM
94170204|825683|304|03|124834772|-1|2024|5|2 - ABASTECIMENTO EM POSTO / COMÉRCIO|86100|87216|2 - GASOLINA (LITRO)|17.101|100.72|IDENTIFICADOR 1165 GASOLINA COMUM
94170205|773739|304|03|124834772|-1|2024|5|2 - ABASTECIMENTO EM POSTO / COMÉRCIO|61366|61546|2 - GASOLINA (LITRO)|2546.0|150.0|IDENTIFICADOR 1180 GASOLINA COMUM
94170206|773736|304|03|124834772|-1|2024|5|2 - ABASTECIMENTO EM POSTO / COMÉRCIO|80615|80978|2 - GASOLINA (LITRO)|39.413|232.14|IDENTIFICADOR 1162 GASOLINA COMUM
94170207|773747|304|03|124834772|-1|2024|5|2 - ABASTECIMENTO EM POSTO / COMÉRCIO|183998|184613|2 - GASOLINA (LITRO)|25.467|150.0|IDENTIFICADOR 1178 GASOLINA COMUM
94170208|773744|304|03|124834772|-1|2024|5|2 - ABASTECIMENTO EM POSTO / COMÉRCIO|86195|86924|4 - DIESEL (LITRO)|40.0|259.6|IDENTIFICADOR 1154 OLEO DIESEL
94170209|773742|304|03|124834772|-1|2024|5|2 - ABASTECIMENTO EM POSTO / COMÉRCIO|11977|12856|2 - GASOLINA (LITRO)|25.467|150.0|IDENTIFICADOR 1181 GASOLINA COMUM
94170210|773740|304|03|124834772|-1|2024|5|2 - ABASTECIMENTO EM POSTO / COMÉRCIO|56255|56945|2 - GASOLINA (LITRO)|25.467|150.0|IDENTIFICADOR 1176 GASOLINA COMUM
94170211|825683|304|03|124834772|-1|2024|5|2 - ABASTECIMENTO EM POSTO / COMÉRCIO|86100|87216|2 - GASOLINA (LITRO)|25.467|150.0|IDENTIFICADOR 1174 GASOLINA COMUM
94170213|773754|304|03|124834772|-1|2024|5|2 - ABASTECIMENTO EM POSTO / COMÉRCIO|60205|61015|2 - GASOLINA (LITRO)|25.467|150.0|IDENTIFICADOR 1169 GASOLINA COMUM
94170214|773754|304|03|124834772|-1|2024|5|2 - ABASTECIMENTO EM POSTO / COMÉRCIO|60205|61015|2 - GASOLINA (LITRO)|40.893|240.85|IDENTIFICADOR 1150 GASOLINA COMUM
94170215|773742|304|03|124834772|-1|2024|5|2 - ABASTECIMENTO EM POSTO / COMÉRCIO|11977|12856|2 - GASOLINA (LITRO)|25.467|150.0|IDENTIFICADOR 1171 GASOLINA COMUM
94170216|773742|304|03|124834772|-1|2024|5|2 - ABASTECIMENTO EM POSTO / COMÉRCIO|11977|12856|2 - GASOLINA (LITRO)|25.467|150.0|IDENTIFICADOR 1159 GASOLINA COMUM
94170217|773747|304|03|124834772|-1|2024|5|2 - ABASTECIMENTO EM POSTO / COMÉRCIO|183998|184613|2 - GASOLINA (LITRO)|25.467|150.0|IDENTIFICADOR 1170 GASOLINA COMUM
94170218|773740|304|03|124834772|-1|2024|5|2 - ABASTECIMENTO EM POSTO / COMÉRCIO|56255|56945|2 - GASOLINA (LITRO)|30.0|176.7|IDENTIFICADOR 1177 GASOLINA COMUM
94170219|773735|304|03|124834772|-1|2024|5|2 - ABASTECIMENTO EM POSTO / COMÉRCIO|67649|68164|2 - GASOLINA (LITRO)|41.351|243.55|IDENTIFICADOR 1152 GASOLINA COMUM
94170220|773744|304|03|124834772|-1|2024|5|2 - ABASTECIMENTO EM POSTO / COMÉRCIO|86195|86924|4 - DIESEL (LITRO)|40.0|259.6|IDENTIFICADOR 1175 OLEO DIESEL
94170221|773754|304|03|124834772|-1|2024|5|2 - ABASTECIMENTO EM POSTO / COMÉRCIO|60205|61015|2 - GASOLINA (LITRO)|44.102|259.76|IDENTIFICADOR 1166 GASOLINA COMUM
94170222|773744|304|03|124834772|-1|2024|5|2 - ABASTECIMENTO EM POSTO / COMÉRCIO|86195|86924|4 - DIESEL (LITRO)|40.0|259.6|IDENTIFICADOR 1163 OLEO DIESEL
94170223|794457|304|03|124834772|-1|2024|5|2 - ABASTECIMENTO EM POSTO / COMÉRCIO|0|0|2 - GASOLINA (LITRO)|10.0|58.9|IDENTIFICADOR 1158 GASOLINA COMUM
94170224|773754|304|03|124834772|-1|2024|5|2 - ABASTECIMENTO EM POSTO / COMÉRCIO|60205|61015|2 - GASOLINA (LITRO)|22.072|130.0|IDENTIFICADOR 1157 GASOLINA COMUM
94170225|773740|304|03|124834772|-1|2024|5|2 - ABASTECIMENTO EM POSTO / COMÉRCIO|56255|56945|2 - GASOLINA (LITRO)|25.467|150.0|IDENTIFICADOR 1164 GASOLINA COMUM
94170226|773742|304|03|124834772|-1|2024|5|2 - ABASTECIMENTO EM POSTO / COMÉRCIO|11977|12856|2 - GASOLINA (LITRO)|25.467|150.0|IDENTIFICADOR 1167 GASOLINA COMUM
94170227|773747|304|03|124834772|-1|2024|5|2 - ABASTECIMENTO EM POSTO / COMÉRCIO|183998|184613|2 - GASOLINA (LITRO)|25.461|150.0|IDENTIFICADOR 1160 GASOLINA COMUM
94170228|825683|304|03|124834772|-1|2024|5|2 - ABASTECIMENTO EM POSTO / COMÉRCIO|86100|87216|2 - GASOLINA (LITRO)|44.413|261.61|IDENTIFICADOR 1151 GASOLINA COMUM
94170229|773760|304|03|124834772|-1|2024|5|2 - ABASTECIMENTO EM POSTO / COMÉRCIO|0|0|2 - GASOLINA (LITRO)|16.978|100.0|IDENTIFICADOR 1156 GASOLINA COMUM
94170230|773735|304|03|124834772|-1|2024|5|2 - ABASTECIMENTO EM POSTO / COMÉRCIO|67649|68164|2 - GASOLINA (LITRO)|43.833|258.17|IDENTIFICADOR 1168 GASOLINA COMUM
94170231|773735|304|03|124834772|-1|2024|5|2 - ABASTECIMENTO EM POSTO / COMÉRCIO|67649|68164|2 - GASOLINA (LITRO)|23.77|140.0|IDENTIFICADOR 1155 GASOLINA COMUM
94170232|773739|304|03|124834772|-1|2024|5|2 - ABASTECIMENTO EM POSTO / COMÉRCIO|61366|61546|2 - GASOLINA (LITRO)|16.978|100.0|IDENTIFICADOR 1173 GASOLINA COMUM
94170233|773740|304|03|124834772|-1|2024|5|2 - ABASTECIMENTO EM POSTO / COMÉRCIO|56255|56945|2 - GASOLINA (LITRO)|44.196|260.31|IDENTIFICADOR 1153 GASOLINA COMUM
94169918|780172|302|01|124545596|-1|2024|5|2 - ABASTECIMENTO EM POSTO / COMÉRCIO|80118|81694|2 - GASOLINA (LITRO)|48.894|292.87|IDENTIFICADOR 1114 ABASTECIMENTO VEICULO CODIGO =3
94169915|780172|302|01|124421056|-1|2024|5|2 - ABASTECIMENTO EM POSTO / COMÉRCIO|80118|81694|9 - SERVIÇOS|1.0|480.0|OS N° 272024_1 MANUTENCAO EM GERAL
94169916|780172|302|01|124545596|-1|2024|5|2 - ABASTECIMENTO EM POSTO / COMÉRCIO|80118|81694|2 - GASOLINA (LITRO)|50.454|302.21|IDENTIFICADOR 1119 ABASTECIMENTO VEICULO CODIGO =3
94169917|780172|302|01|124545596|-1|2024|5|2 - ABASTECIMENTO EM POSTO / COMÉRCIO|80118|81694|2 - GASOLINA (LITRO)|50.937|289.83|IDENTIFICADOR 1103 ABASTECIMENTO VEICULO CODIGO =3
94169919|780172|302|01|124545596|-1|2024|5|2 - ABASTECIMENTO EM POSTO / COMÉRCIO|80118|81694|2 - GASOLINA (LITRO)|43.52|251.98|IDENTIFICADOR 1109 ABASTECIMENTO VEICULO CODIGO =3
93285887|774629|303|02|124841814|-1|2024|3|2 - ABASTECIMENTO EM POSTO / COMÉRCIO|3257|3640|4 - DIESEL (LITRO)|127.9|855.65|IDENTIFICADOR 37013 DIESEL S10
93285883|774587|303|02|124390568|-1|2024|3|2 - ABASTECIMENTO EM POSTO / COMÉRCIO|213207|216019|2 - GASOLINA (LITRO)|47.23|248.9|IDENTIFICADOR 37059 GASOLINA
93285884|774589|303|02|124390568|-1|2024|3|2 - ABASTECIMENTO EM POSTO / COMÉRCIO|62715|64047|8 - PEÇAS|1.0|35.0|OS N° 140498 FILTRO DE OLEO
93285885|774641|303|02|124390568|-1|2024|3|2 - ABASTECIMENTO EM POSTO / COMÉRCIO|187600|189050|4 - DIESEL (LITRO)|82.88|513.15|IDENTIFICADOR 37048 DIESEL S10
93285886|774597|303|02|124390417|-1|2024|3|2 - ABASTECIMENTO EM POSTO / COMÉRCIO|75403|76195|1 - ÁLCOOL (LITRO)|42.6|170.0|IDENTIFICADOR 36806 ALCCOL AUTOMOTIVO
93285888|774631|303|02|124841814|-1|2024|3|2 - ABASTECIMENTO EM POSTO / COMÉRCIO|41226|41226|9 - SERVIÇOS|1.0|570.0|OS N° 136817 MONTAGEM DE PNEUS
93285889|774547|303|02|124390568|-1|2024|3|2 - ABASTECIMENTO EM POSTO / COMÉRCIO|22775|26550|2 - GASOLINA (LITRO)|32.95|187.49|IDENTIFICADOR 37093 GASOLINA
93285890|774541|303|02|124390568|-1|2024|3|2 - ABASTECIMENTO EM POSTO / COMÉRCIO|52340|54666|2 - GASOLINA (LITRO)|27.5|167.48|IDENTIFICADOR 36885 GASOLINA
93285891|774638|303|02|124841814|-1|2024|3|2 - ABASTECIMENTO EM POSTO / COMÉRCIO|64258|65685|4 - DIESEL (LITRO)|83.24|556.88|IDENTIFICADOR 37008 DIESEL S10
93285892|774597|303|02|124390417|-1|2024|3|2 - ABASTECIMENTO EM POSTO / COMÉRCIO|75403|76195|8 - PEÇAS|1.0|258.0|OS N° 140223 CILINDRO MESTRE
93285893|774644|303|02|124841814|-1|2024|3|2 - ABASTECIMENTO EM POSTO / COMÉRCIO|70513|72287|4 - DIESEL (LITRO)|118.08|789.96|IDENTIFICADOR 37002 DIESEL S10
93285894|774544|303|02|124390568|-1|2024|3|2 - ABASTECIMENTO EM POSTO / COMÉRCIO|53551|56136|8 - PEÇAS|1.0|65.0|OS N° 135901 FILTRO DE AR
93285895|774554|303|02|124390415|-1|2024|3|2 - ABASTECIMENTO EM POSTO / COMÉRCIO|3984|6130|2 - GASOLINA (LITRO)|13.03|79.35|IDENTIFICADOR 36991 GASOLINA
93285896|774638|303|02|124841814|-1|2024|3|2 - ABASTECIMENTO EM POSTO / COMÉRCIO|64258|65685|4 - DIESEL (LITRO)|109.27|731.02|IDENTIFICADOR 36819 DIESEL S10
93285897|774588|303|02|124390568|-1|2024|3|2 - ABASTECIMENTO EM POSTO / COMÉRCIO|185532|188164|2 - GASOLINA (LITRO)|47.38|269.59|IDENTIFICADOR 37057 GASOLINA
93285898|774594|303|02|124841814|-1|2024|3|2 - ABASTECIMENTO EM POSTO / COMÉRCIO|35257|36319|9 - SERVIÇOS|1.0|60.0|OS N° 136802 MONTAGEM DE PNEUS
93285899|774562|303|02|-1|17434892|2024|3|2 - ABASTECIMENTO EM POSTO / COMÉRCIO|297168|298919|8 - PEÇAS|1.0|820.0|OS N° 131079 EMBREAGEM
93285900|774547|303|02|124390568|-1|2024|3|2 - ABASTECIMENTO EM POSTO / COMÉRCIO|22775|26550|8 - PEÇAS|1.0|429.0|OS N° 135903 PASTILHA DE FREIO DIANTEIRA
93285901|774644|303|02|124841814|-1|2024|3|2 - ABASTECIMENTO EM POSTO / COMÉRCIO|70513|72287|4 - DIESEL (LITRO)|117.71|787.48|IDENTIFICADOR 37004 DIESEL S10
93285902|774549|303|02|-1|17434892|2024|3|2 - ABASTECIMENTO EM POSTO / COMÉRCIO|113727|114816|9 - SERVIÇOS|1.0|500.0|OS N° 82558 TESTEREPAROTROCA DO SISTEMA DE IGNICAO
93285903|774561|303|02|124390568|-1|2024|3|2 - ABASTECIMENTO EM POSTO / COMÉRCIO|42257|44198|2 - GASOLINA (LITRO)|33.12|201.7|IDENTIFICADOR 37082 GASOLINA
93285904|774544|303|02|124390568|-1|2024|3|2 - ABASTECIMENTO EM POSTO / COMÉRCIO|53551|56136|2 - GASOLINA (LITRO)|27.8|158.18|IDENTIFICADOR 37087 GASOLINA
93285905|774609|303|02|124390568|-1|2024|3|2 - ABASTECIMENTO EM POSTO / COMÉRCIO|200450|201500|8 - PEÇAS|1.0|170.0|OS N° 140652 ESCAPAMENTO PRIMARIO
93285906|774549|303|02|124841798|-1|2024|3|2 - ABASTECIMENTO EM POSTO / COMÉRCIO|113727|114816|2 - GASOLINA (LITRO)|37.18|226.43|IDENTIFICADOR 37016 GASOLINA
93285907|774579|303|02|124390568|-1|2024|3|2 - ABASTECIMENTO EM POSTO / COMÉRCIO|90687|94123|4 - DIESEL (LITRO)|41.95|280.65|IDENTIFICADOR 37038 DIESEL S10
93285908|774541|303|02|124390568|-1|2024|3|2 - ABASTECIMENTO EM POSTO / COMÉRCIO|52340|54666|2 - GASOLINA (LITRO)|25.0|152.25|IDENTIFICADOR 36887 GASOLINA
93285909|774577|303|02|124390568|-1|2024|3|2 - ABASTECIMENTO EM POSTO / COMÉRCIO|39301|40677|4 - DIESEL (LITRO)|52.23|318.08|IDENTIFICADOR 37089 DIESEL S10
93285910|774587|303|02|124390568|-1|2024|3|2 - ABASTECIMENTO EM POSTO / COMÉRCIO|213207|216019|2 - GASOLINA (LITRO)|15.0|91.35|IDENTIFICADOR 36858 GASOLINA
93285911|774568|303|02|124390568|-1|2024|3|2 - ABASTECIMENTO EM POSTO / COMÉRCIO|211556|212717|8 - PEÇAS|1.0|89.12|OS N° 128979 SIRENE DE SINALIZACAO DA RE
93285912|774542|303|02|124390568|-1|2024|3|2 - ABASTECIMENTO EM POSTO / COMÉRCIO|240761|241718|2 - GASOLINA (LITRO)|23.52|143.24|IDENTIFICADOR 36828 GASOLINA
93285913|774591|303|02|124390568|-1|2024|3|2 - ABASTECIMENTO EM POSTO / COMÉRCIO|223433|226129|2 - GASOLINA (LITRO)|52.15|274.83|IDENTIFICADOR 36865 GASOLINA
93285914|774660|303|02|124390408|-1|2024|3|2 - ABASTECIMENTO EM POSTO / COMÉRCIO|0|0|2 - GASOLINA (LITRO)|1.88|11.5|IDENTIFICADOR 37101 GASOLINA
93285915|774591|303|02|124390568|-1|2024|3|2 - ABASTECIMENTO EM POSTO / COMÉRCIO|223433|226129|2 - GASOLINA (LITRO)|46.31|244.05|IDENTIFICADOR 36863 GASOLINA
93285916|774597|303|02|124390417|-1|2024|3|2 - ABASTECIMENTO EM POSTO / COMÉRCIO|75403|76195|1 - ÁLCOOL (LITRO)|43.95|175.36|IDENTIFICADOR 36993 ALCCOL AUTOMOTIVO
93285917|774591|303|02|124390568|-1|2024|3|2 - ABASTECIMENTO EM POSTO / COMÉRCIO|223433|226129|8 - PEÇAS|1.0|45.0|OS N° 127682 JUNTA DO MOTOR DE PARTIDA
93285918|774599|303|02|124390568|-1|2024|3|2 - ABASTECIMENTO EM POSTO / COMÉRCIO|93377|94282|4 - DIESEL (LITRO)|57.46|384.41|IDENTIFICADOR 36869 DIESEL S10
93285919|774584|303|02|124390568|-1|2024|3|2 - ABASTECIMENTO EM POSTO / COMÉRCIO|40731|44573|4 - DIESEL (LITRO)|55.03|337.92|IDENTIFICADOR 37043 DIESEL S10
93285920|774597|303|02|124390417|-1|2024|3|2 - ABASTECIMENTO EM POSTO / COMÉRCIO|75403|76195|8 - PEÇAS|2.0|350.0|OS N° 140223 CUBO DE RODA COM ROLAMENTO
93285921|774591|303|02|124390568|-1|2024|3|2 - ABASTECIMENTO EM POSTO / COMÉRCIO|223433|226129|2 - GASOLINA (LITRO)|37.43|197.28|IDENTIFICADOR 36866 GASOLINA
93285922|774558|303|02|124390568|-1|2024|3|2 - ABASTECIMENTO EM POSTO / COMÉRCIO|73069|75925|2 - GASOLINA (LITRO)|40.01|227.66|IDENTIFICADOR 36880 GASOLINA
93285923|774597|303|02|124390417|-1|2024|3|2 - ABASTECIMENTO EM POSTO / COMÉRCIO|75403|76195|1 - ÁLCOOL (LITRO)|42.6|170.0|IDENTIFICADOR 36992 ALCCOL AUTOMOTIVO
93285924|774646|303|02|124390568|-1|2024|3|2 - ABASTECIMENTO EM POSTO / COMÉRCIO|0|0|2 - GASOLINA (LITRO)|21.42|130.45|IDENTIFICADOR 37129 GASOLINA
93285928|774541|303|02|124390568|-1|2024|3|2 - ABASTECIMENTO EM POSTO / COMÉRCIO|52340|54666|2 - GASOLINA (LITRO)|24.29|133.35|IDENTIFICADOR 37079 GASOLINA
93285925|774568|303|02|124390568|-1|2024|3|2 - ABASTECIMENTO EM POSTO / COMÉRCIO|211556|212717|6 - ÓLEO LUBRIFICANTE (LITRO)|2.0|145.0|IDENTIFICADOR 37157 OS N° 140717 OLEO 15W40
93285926|774589|303|02|124390568|-1|2024|3|2 - ABASTECIMENTO EM POSTO / COMÉRCIO|62715|64047|6 - ÓLEO LUBRIFICANTE (LITRO)|1.0|30.0|IDENTIFICADOR 36973 OS N° 127735 FLUIDO DE FREIO
93285927|774659|303|02|124841814|-1|2024|3|2 - ABASTECIMENTO EM POSTO / COMÉRCIO|0|0|2 - GASOLINA (LITRO)|20.0|121.8|IDENTIFICADOR 37106 GASOLINA
93285929|774541|303|02|124390568|-1|2024|3|2 - ABASTECIMENTO EM POSTO / COMÉRCIO|52340|54666|2 - GASOLINA (LITRO)|22.6|137.63|IDENTIFICADOR 36886 GASOLINA
93285930|774568|303|02|124390568|-1|2024|3|2 - ABASTECIMENTO EM POSTO / COMÉRCIO|211556|212717|8 - PEÇAS|1.0|420.0|OS N° 140717 BATERIA 60A
93285931|774638|303|02|124841814|-1|2024|3|2 - ABASTECIMENTO EM POSTO / COMÉRCIO|64258|65685|4 - DIESEL (LITRO)|91.65|613.14|IDENTIFICADOR 37007 DIESEL S10
93285932|774543|303|02|124390417|-1|2024|3|2 - ABASTECIMENTO EM POSTO / COMÉRCIO|139488|139575|2 - GASOLINA (LITRO)|16.42|100.0|IDENTIFICADOR 36994 GASOLINA
93285933|774544|303|02|124390568|-1|2024|3|2 - ABASTECIMENTO EM POSTO / COMÉRCIO|53551|56136|8 - PEÇAS|1.0|35.0|OS N° 135901 FILTRO DE OLEO
93285934|774547|303|02|124390568|-1|2024|3|2 - ABASTECIMENTO EM POSTO / COMÉRCIO|22775|26550|2 - GASOLINA (LITRO)|34.0|193.46|IDENTIFICADOR 36903 GASOLINA
93285935|774542|303|02|124390568|-1|2024|3|2 - ABASTECIMENTO EM POSTO / COMÉRCIO|240761|241718|2 - GASOLINA (LITRO)|23.79|144.88|IDENTIFICADOR 37032 GASOLINA
93285936|774549|303|02|-1|17434892|2024|3|2 - ABASTECIMENTO EM POSTO / COMÉRCIO|113727|114816|8 - PEÇAS|4.0|240.8|OS N° 82558 VELA DE IGNICAO
93285937|774544|303|02|124390568|-1|2024|3|2 - ABASTECIMENTO EM POSTO / COMÉRCIO|53551|56136|2 - GASOLINA (LITRO)|25.08|142.71|IDENTIFICADOR 37085 GASOLINA
93285938|774562|303|02|-1|17434892|2024|3|2 - ABASTECIMENTO EM POSTO / COMÉRCIO|297168|298919|8 - PEÇAS|1.0|360.0|OS N° 131079 ATUADOR HIDRAULICO DA EMBREAGEM
93285939|774589|303|02|124390568|-1|2024|3|2 - ABASTECIMENTO EM POSTO / COMÉRCIO|62715|64047|6 - ÓLEO LUBRIFICANTE (LITRO)|4.0|192.0|IDENTIFICADOR 37145 OS N° 135900 OLEO MOTOR 5W30
93285940|774591|303|02|124390568|-1|2024|3|2 - ABASTECIMENTO EM POSTO / COMÉRCIO|223433|226129|2 - GASOLINA (LITRO)|7.51|45.0|IDENTIFICADOR 36864 GASOLINA
93285941|774589|303|02|124390568|-1|2024|3|2 - ABASTECIMENTO EM POSTO / COMÉRCIO|62715|64047|2 - GASOLINA (LITRO)|42.94|261.5|IDENTIFICADOR 36876 GASOLINA
93285942|774573|303|02|124390568|-1|2024|3|2 - ABASTECIMENTO EM POSTO / COMÉRCIO|78677|81250|2 - GASOLINA (LITRO)|28.2|160.5|IDENTIFICADOR 37066 GASOLINA
93285943|774536|303|02|124390568|-1|2024|3|2 - ABASTECIMENTO EM POSTO / COMÉRCIO|137522|137522|8 - PEÇAS|1.0|189.0|OS N° 142221 BOMBA D AGUA
93285944|774582|303|02|124841814|-1|2024|3|2 - ABASTECIMENTO EM POSTO / COMÉRCIO|120934|121246|2 - GASOLINA (LITRO)|44.68|272.1|IDENTIFICADOR 37009 GASOLINA
93285945|774558|303|02|124390568|-1|2024|3|2 - ABASTECIMENTO EM POSTO / COMÉRCIO|73069|75925|2 - GASOLINA (LITRO)|48.7|286.84|IDENTIFICADOR 37072 GASOLINA
93285946|774536|303|02|124390568|-1|2024|3|2 - ABASTECIMENTO EM POSTO / COMÉRCIO|137522|137522|8 - PEÇAS|1.0|70.0|OS N° 142221 FILTRO DE AR
93285947|774550|303|02|-1|17434892|2024|3|2 - ABASTECIMENTO EM POSTO / COMÉRCIO|235910|236197|8 - PEÇAS|4.0|636.0|OS N° 130307 BICO INJETOR DIESEL
93285948|774591|303|02|124390568|-1|2024|3|2 - ABASTECIMENTO EM POSTO / COMÉRCIO|223433|226129|9 - SERVIÇOS|1.0|30.0|OS N° 140326 TROCA DE OLEO E LAMPADAS
93285949|774588|303|02|124390568|-1|2024|3|2 - ABASTECIMENTO EM POSTO / COMÉRCIO|185532|188164|2 - GASOLINA (LITRO)|33.87|189.35|IDENTIFICADOR 37056 GASOLINA
93285950|774599|303|02|124390568|-1|2024|3|2 - ABASTECIMENTO EM POSTO / COMÉRCIO|93377|94282|4 - DIESEL (LITRO)|4.92|29.96|IDENTIFICADOR 36868 DIESEL S10
93285951|774556|303|02|124390415|-1|2024|3|2 - ABASTECIMENTO EM POSTO / COMÉRCIO|279|279|2 - GASOLINA (LITRO)|24.09|146.71|IDENTIFICADOR 36989 GASOLINA
93285952|774550|303|02|-1|17434892|2024|3|2 - ABASTECIMENTO EM POSTO / COMÉRCIO|235910|236197|8 - PEÇAS|4.0|120.0|OS N° 130307 VELA DE IGNICAO
93285953|774558|303|02|124390568|-1|2024|3|2 - ABASTECIMENTO EM POSTO / COMÉRCIO|73069|75925|2 - GASOLINA (LITRO)|33.0|187.77|IDENTIFICADOR 36881 GASOLINA
93285954|774630|303|02|124841814|-1|2024|3|2 - ABASTECIMENTO EM POSTO / COMÉRCIO|88516|88516|9 - SERVIÇOS|1.0|190.0|OS N° 136812 MONTAGEM DE PNEUS
93285955|774641|303|02|124390568|-1|2024|3|2 - ABASTECIMENTO EM POSTO / COMÉRCIO|187600|189050|4 - DIESEL (LITRO)|94.35|584.08|IDENTIFICADOR 37049 DIESEL S10
93285956|774563|303|02|124390415|-1|2024|3|2 - ABASTECIMENTO EM POSTO / COMÉRCIO|86621|87797|2 - GASOLINA (LITRO)|28.16|171.49|IDENTIFICADOR 36799 GASOLINA
93285957|774589|303|02|124390568|-1|2024|3|2 - ABASTECIMENTO EM POSTO / COMÉRCIO|62715|64047|8 - PEÇAS|1.0|28.0|OS N° 135900 FILTRO DE OLEO
93285958|774561|303|02|124390568|-1|2024|3|2 - ABASTECIMENTO EM POSTO / COMÉRCIO|42257|44198|2 - GASOLINA (LITRO)|32.53|185.1|IDENTIFICADOR 37080 GASOLINA
93285959|774550|303|02|-1|17434892|2024|3|2 - ABASTECIMENTO EM POSTO / COMÉRCIO|235910|236197|8 - PEÇAS|1.0|33.0|OS N° 130307 FILTRO DO AR CONDICIONADO
93285960|774541|303|02|124390568|-1|2024|3|2 - ABASTECIMENTO EM POSTO / COMÉRCIO|52340|54666|2 - GASOLINA (LITRO)|27.92|153.28|IDENTIFICADOR 37078 GASOLINA
93285961|774570|303|02|124390411|-1|2024|3|2 - ABASTECIMENTO EM POSTO / COMÉRCIO|70489|70829|6 - ÓLEO LUBRIFICANTE (LITRO)|4.0|232.0|IDENTIFICADOR 37144 OS N° 142938 OLEO MOTOR 5W30
93285962|774573|303|02|124390568|-1|2024|3|2 - ABASTECIMENTO EM POSTO / COMÉRCIO|78677|81250|2 - GASOLINA (LITRO)|30.42|173.09|IDENTIFICADOR 37068 GASOLINA
93285963|774547|303|02|124390568|-1|2024|3|2 - ABASTECIMENTO EM POSTO / COMÉRCIO|22775|26550|2 - GASOLINA (LITRO)|27.2|165.65|IDENTIFICADOR 36906 GASOLINA
93285964|774644|303|02|124841814|-1|2024|3|2 - ABASTECIMENTO EM POSTO / COMÉRCIO|70513|72287|4 - DIESEL (LITRO)|117.9|788.75|IDENTIFICADOR 36821 DIESEL S10
93285965|774599|303|02|124390568|-1|2024|3|2 - ABASTECIMENTO EM POSTO / COMÉRCIO|93377|94282|4 - DIESEL (LITRO)|43.84|293.29|IDENTIFICADOR 37065 DIESEL S10
93285966|774536|303|02|124390568|-1|2024|3|2 - ABASTECIMENTO EM POSTO / COMÉRCIO|137522|137522|8 - PEÇAS|1.0|225.0|OS N° 142221 CABO DE VELA
93285970|774555|303|02|124390411|-1|2024|3|2 - ABASTECIMENTO EM POSTO / COMÉRCIO|118432|118843|2 - GASOLINA (LITRO)|16.42|100.0|IDENTIFICADOR 36809 GASOLINA
93285967|774584|303|02|124390568|-1|2024|3|2 - ABASTECIMENTO EM POSTO / COMÉRCIO|40731|44573|4 - DIESEL (LITRO)|74.84|463.26|IDENTIFICADOR 37042 DIESEL S10
93285968|774589|303|02|124390568|-1|2024|3|2 - ABASTECIMENTO EM POSTO / COMÉRCIO|62715|64047|8 - PEÇAS|1.0|149.0|OS N° 127735 PASTILHA DE FREIO DIANTEIRA
93285969|774589|303|02|124390568|-1|2024|3|2 - ABASTECIMENTO EM POSTO / COMÉRCIO|62715|64047|2 - GASOLINA (LITRO)|35.69|199.51|IDENTIFICADOR 37071 GASOLINA
93285971|774541|303|02|124390568|-1|2024|3|2 - ABASTECIMENTO EM POSTO / COMÉRCIO|52340|54666|2 - GASOLINA (LITRO)|22.45|121.01|IDENTIFICADOR 36884 GASOLINA
93285972|774539|303|02|124390568|-1|2024|3|2 - ABASTECIMENTO EM POSTO / COMÉRCIO|129195|129195|9 - SERVIÇOS|1.0|170.0|OS N° 136796 MONTAGEM DE PNEU
93285973|774609|303|02|124390568|-1|2024|3|2 - ABASTECIMENTO EM POSTO / COMÉRCIO|200450|201500|2 - GASOLINA (LITRO)|50.22|280.74|IDENTIFICADOR 37054 GASOLINA
93285974|774597|303|02|124390417|-1|2024|3|2 - ABASTECIMENTO EM POSTO / COMÉRCIO|75403|76195|99 - OUTROS|1.0|100.0|OS N° 140223 CHAVE BIELA
93285975|774597|303|02|124390417|-1|2024|3|2 - ABASTECIMENTO EM POSTO / COMÉRCIO|75403|76195|8 - PEÇAS|1.0|48.0|OS N° 140223 BATENTE SUSPENSAO AMORTECEDOR TRASEIR
93285976|774573|303|02|124390568|-1|2024|3|2 - ABASTECIMENTO EM POSTO / COMÉRCIO|78677|81250|2 - GASOLINA (LITRO)|32.17|181.45|IDENTIFICADOR 36875 GASOLINA
93285977|774536|303|02|124390568|-1|2024|3|2 - ABASTECIMENTO EM POSTO / COMÉRCIO|137522|137522|99 - OUTROS|5.0|195.0|OS N° 142221 ADITIVO DO RADIADOR
93285978|774589|303|02|124390568|-1|2024|3|2 - ABASTECIMENTO EM POSTO / COMÉRCIO|62715|64047|9 - SERVIÇOS|1.0|550.0|OS N° 140498 TROCA DE OLEOGUINCHOREVRASTREIO
93285979|774563|303|02|124390415|-1|2024|3|2 - ABASTECIMENTO EM POSTO / COMÉRCIO|86621|87797|2 - GASOLINA (LITRO)|43.4|259.97|IDENTIFICADOR 36797 GASOLINA
93285980|774569|303|02|124390408|-1|2024|3|2 - ABASTECIMENTO EM POSTO / COMÉRCIO|5714|6046|2 - GASOLINA (LITRO)|23.6|143.72|IDENTIFICADOR 36986 GASOLINA
93285981|774609|303|02|124390568|-1|2024|3|2 - ABASTECIMENTO EM POSTO / COMÉRCIO|200450|201500|9 - SERVIÇOS|1.0|726.0|OS N° 140652 TROCA DE JUNTAESCAPAMENTOTERMINAL
93285982|774593|303|02|124841798|-1|2024|3|2 - ABASTECIMENTO EM POSTO / COMÉRCIO|60806|62517|2 - GASOLINA (LITRO)|54.96|334.71|IDENTIFICADOR 37025 GASOLINA
93285983|774558|303|02|124390568|-1|2024|3|2 - ABASTECIMENTO EM POSTO / COMÉRCIO|73069|75925|2 - GASOLINA (LITRO)|50.92|289.73|IDENTIFICADOR 37158 GASOLINA
93285984|774589|303|02|124390568|-1|2024|3|2 - ABASTECIMENTO EM POSTO / COMÉRCIO|62715|64047|6 - ÓLEO LUBRIFICANTE (LITRO)|2.0|78.0|IDENTIFICADOR 36973 OS N° 127735 OLEO DA CAIXA DE
93285985|774536|303|02|124390568|-1|2024|3|2 - ABASTECIMENTO EM POSTO / COMÉRCIO|137522|137522|8 - PEÇAS|4.0|152.0|OS N° 142221 VELA DE IGNICAO
93285986|774547|303|02|124390568|-1|2024|3|2 - ABASTECIMENTO EM POSTO / COMÉRCIO|22775|26550|2 - GASOLINA (LITRO)|16.34|92.97|IDENTIFICADOR 36905 GASOLINA
93285987|774573|303|02|124390568|-1|2024|3|2 - ABASTECIMENTO EM POSTO / COMÉRCIO|78677|81250|8 - PEÇAS|1.0|589.0|OS N° 135899 BATERIA 60A
93285988|774599|303|02|124390568|-1|2024|3|2 - ABASTECIMENTO EM POSTO / COMÉRCIO|93377|94282|4 - DIESEL (LITRO)|55.91|374.04|IDENTIFICADOR 36867 DIESEL S10
93285989|774646|303|02|124390568|-1|2024|3|2 - ABASTECIMENTO EM POSTO / COMÉRCIO|0|0|4 - DIESEL (LITRO)|20.01|131.87|IDENTIFICADOR 37130 OLEO DIESEL
93285990|774550|303|02|-1|17434892|2024|3|2 - ABASTECIMENTO EM POSTO / COMÉRCIO|235910|236197|6 - ÓLEO LUBRIFICANTE (LITRO)|3.0|108.0|IDENTIFICADOR 36983 OS N° 130307 OLEO 15W40
93285991|774579|303|02|124390568|-1|2024|3|2 - ABASTECIMENTO EM POSTO / COMÉRCIO|90687|94123|4 - DIESEL (LITRO)|36.44|243.78|IDENTIFICADOR 37037 DIESEL S10
93285992|774561|303|02|124390568|-1|2024|3|2 - ABASTECIMENTO EM POSTO / COMÉRCIO|42257|44198|2 - GASOLINA (LITRO)|30.65|174.4|IDENTIFICADOR 37081 GASOLINA
93285993|774568|303|02|124390568|-1|2024|3|2 - ABASTECIMENTO EM POSTO / COMÉRCIO|211556|212717|9 - SERVIÇOS|1.0|300.0|OS N° 128979 REPARO NA BOMBA INJETORA E SIRENE RE
93285994|774612|303|02|-1|17434892|2024|3|2 - ABASTECIMENTO EM POSTO / COMÉRCIO|0|0|6 - ÓLEO LUBRIFICANTE (LITRO)|1.0|198.0|IDENTIFICADOR 36982 OS N° 130078 OLEO HIDRAULICO
93285995|774577|303|02|124390568|-1|2024|3|2 - ABASTECIMENTO EM POSTO / COMÉRCIO|39301|40677|4 - DIESEL (LITRO)|49.84|333.43|IDENTIFICADOR 36900 DIESEL S10
93285996|774536|303|02|124390568|-1|2024|3|2 - ABASTECIMENTO EM POSTO / COMÉRCIO|137522|137522|9 - SERVIÇOS|1.0|1440.0|OS N° 142221 REP MOTORCAMBIOFREIOTROCA PNEUS
93285997|774541|303|02|124390568|-1|2024|3|2 - ABASTECIMENTO EM POSTO / COMÉRCIO|52340|54666|2 - GASOLINA (LITRO)|20.8|109.62|IDENTIFICADOR 37076 GASOLINA
93285998|774541|303|02|124390568|-1|2024|3|2 - ABASTECIMENTO EM POSTO / COMÉRCIO|52340|54666|2 - GASOLINA (LITRO)|17.15|92.47|IDENTIFICADOR 36888 GASOLINA
93285999|774555|303|02|124390411|-1|2024|3|2 - ABASTECIMENTO EM POSTO / COMÉRCIO|118432|118843|2 - GASOLINA (LITRO)|16.42|100.0|IDENTIFICADOR 36808 GASOLINA
93286000|774553|303|02|124390568|-1|2024|3|2 - ABASTECIMENTO EM POSTO / COMÉRCIO|124511|124511|2 - GASOLINA (LITRO)|36.53|222.47|IDENTIFICADOR 36793 GASOLINA
93286001|774536|303|02|124390568|-1|2024|3|2 - ABASTECIMENTO EM POSTO / COMÉRCIO|137522|137522|8 - PEÇAS|1.0|290.0|OS N° 142221 KIT CORREIA COM TENSOR
93286002|774588|303|02|124390568|-1|2024|3|2 - ABASTECIMENTO EM POSTO / COMÉRCIO|185532|188164|2 - GASOLINA (LITRO)|36.04|219.48|IDENTIFICADOR 37058 GASOLINA
93286003|774584|303|02|124390568|-1|2024|3|2 - ABASTECIMENTO EM POSTO / COMÉRCIO|40731|44573|4 - DIESEL (LITRO)|81.28|499.09|IDENTIFICADOR 36843 DIESEL S10
93286004|774547|303|02|124390568|-1|2024|3|2 - ABASTECIMENTO EM POSTO / COMÉRCIO|22775|26550|9 - SERVIÇOS|1.0|100.0|OS N° 135903 TROCA DE PASTILHA DE FREIO
93286005|774588|303|02|124390568|-1|2024|3|2 - ABASTECIMENTO EM POSTO / COMÉRCIO|185532|188164|2 - GASOLINA (LITRO)|44.21|247.17|IDENTIFICADOR 37055 GASOLINA
93286006|774587|303|02|124390568|-1|2024|3|2 - ABASTECIMENTO EM POSTO / COMÉRCIO|213207|216019|2 - GASOLINA (LITRO)|43.47|229.09|IDENTIFICADOR 36860 GASOLINA
93286007|774570|303|02|124390411|-1|2024|3|2 - ABASTECIMENTO EM POSTO / COMÉRCIO|70489|70829|2 - GASOLINA (LITRO)|40.41|246.1|IDENTIFICADOR 36997 GASOLINA
93286008|774547|303|02|124390568|-1|2024|3|2 - ABASTECIMENTO EM POSTO / COMÉRCIO|22775|26550|2 - GASOLINA (LITRO)|20.05|114.08|IDENTIFICADOR 37099 GASOLINA
93286012|774545|303|02|124390411|-1|2024|3|2 - ABASTECIMENTO EM POSTO / COMÉRCIO|211231|211510|2 - GASOLINA (LITRO)|21.67|131.97|IDENTIFICADOR 36998 GASOLINA
93286009|774570|303|02|124390411|-1|2024|3|2 - ABASTECIMENTO EM POSTO / COMÉRCIO|70489|70829|9 - SERVIÇOS|1.0|30.0|OS N° 142938 TROCA DE OLEO E FILTROS
93286010|774547|303|02|124390568|-1|2024|3|2 - ABASTECIMENTO EM POSTO / COMÉRCIO|22775|26550|2 - GASOLINA (LITRO)|30.14|183.55|IDENTIFICADOR 36909 GASOLINA
93286011|774570|303|02|124390411|-1|2024|3|2 - ABASTECIMENTO EM POSTO / COMÉRCIO|70489|70829|8 - PEÇAS|1.0|40.0|OS N° 142938 FILTRO DE OLEO
93286013|774644|303|02|124841814|-1|2024|3|2 - ABASTECIMENTO EM POSTO / COMÉRCIO|70513|72287|4 - DIESEL (LITRO)|125.63|840.46|IDENTIFICADOR 37003 DIESEL S10
93286014|774544|303|02|124390568|-1|2024|3|2 - ABASTECIMENTO EM POSTO / COMÉRCIO|53551|56136|2 - GASOLINA (LITRO)|17.88|108.89|IDENTIFICADOR 37088 GASOLINA
93286015|774594|303|02|124841814|-1|2024|3|2 - ABASTECIMENTO EM POSTO / COMÉRCIO|35257|36319|2 - GASOLINA (LITRO)|41.1|246.2|IDENTIFICADOR 37010 GASOLINA
93286016|774659|303|02|124841814|-1|2024|3|2 - ABASTECIMENTO EM POSTO / COMÉRCIO|0|0|2 - GASOLINA (LITRO)|15.1|92.0|IDENTIFICADOR 37107 GASOLINA
93286017|774542|303|02|124390568|-1|2024|3|2 - ABASTECIMENTO EM POSTO / COMÉRCIO|240761|241718|2 - GASOLINA (LITRO)|25.93|157.91|IDENTIFICADOR 37033 GASOLINA
93286018|774612|303|02|124841798|-1|2024|3|2 - ABASTECIMENTO EM POSTO / COMÉRCIO|0|0|2 - GASOLINA (LITRO)|53.21|324.05|IDENTIFICADOR 37121 GASOLINA
93286019|774587|303|02|124390568|-1|2024|3|2 - ABASTECIMENTO EM POSTO / COMÉRCIO|213207|216019|2 - GASOLINA (LITRO)|51.31|302.22|IDENTIFICADOR 37061 GASOLINA
93286020|774558|303|02|124390568|-1|2024|3|2 - ABASTECIMENTO EM POSTO / COMÉRCIO|73069|75925|8 - PEÇAS|1.0|35.0|OS N° 140617 FILTRO DE OLEO
93286021|774544|303|02|124390568|-1|2024|3|2 - ABASTECIMENTO EM POSTO / COMÉRCIO|53551|56136|2 - GASOLINA (LITRO)|18.19|103.27|IDENTIFICADOR 36896 GASOLINA
93286022|774544|303|02|124390568|-1|2024|3|2 - ABASTECIMENTO EM POSTO / COMÉRCIO|53551|56136|2 - GASOLINA (LITRO)|30.09|171.27|IDENTIFICADOR 36892 GASOLINA
93286023|774589|303|02|124390568|-1|2024|3|2 - ABASTECIMENTO EM POSTO / COMÉRCIO|62715|64047|2 - GASOLINA (LITRO)|30.65|186.66|IDENTIFICADOR 36878 GASOLINA
93286024|774568|303|02|124390568|-1|2024|3|2 - ABASTECIMENTO EM POSTO / COMÉRCIO|211556|212717|9 - SERVIÇOS|1.0|60.0|OS N° 136792 MONTAGEM DE PNEUS
93286025|774641|303|02|124390568|-1|2024|3|2 - ABASTECIMENTO EM POSTO / COMÉRCIO|187600|189050|4 - DIESEL (LITRO)|99.36|615.04|IDENTIFICADOR 37051 DIESEL S10
93286026|774573|303|02|124390568|-1|2024|3|2 - ABASTECIMENTO EM POSTO / COMÉRCIO|78677|81250|2 - GASOLINA (LITRO)|20.18|122.9|IDENTIFICADOR 37067 GASOLINA
93286027|774597|303|02|124390417|-1|2024|3|2 - ABASTECIMENTO EM POSTO / COMÉRCIO|75403|76195|8 - PEÇAS|2.0|170.0|OS N° 140223 CILINDRO DE RODA
93286028|774547|303|02|124390568|-1|2024|3|2 - ABASTECIMENTO EM POSTO / COMÉRCIO|22775|26550|2 - GASOLINA (LITRO)|39.64|225.55|IDENTIFICADOR 37094 GASOLINA
93286029|774588|303|02|124390568|-1|2024|3|2 - ABASTECIMENTO EM POSTO / COMÉRCIO|185532|188164|2 - GASOLINA (LITRO)|46.69|279.67|IDENTIFICADOR 36856 GASOLINA
93286030|774609|303|02|124390568|-1|2024|3|2 - ABASTECIMENTO EM POSTO / COMÉRCIO|200450|201500|2 - GASOLINA (LITRO)|40.12|226.32|IDENTIFICADOR 36853 GASOLINA
93286031|774597|303|02|124390417|-1|2024|3|2 - ABASTECIMENTO EM POSTO / COMÉRCIO|75403|76195|8 - PEÇAS|1.0|189.0|OS N° 140223 MACACO HIDRAULICO
93286032|774547|303|02|124390568|-1|2024|3|2 - ABASTECIMENTO EM POSTO / COMÉRCIO|22775|26550|2 - GASOLINA (LITRO)|29.48|167.74|IDENTIFICADOR 37092 GASOLINA
93286033|774634|303|02|124390568|-1|2024|3|2 - ABASTECIMENTO EM POSTO / COMÉRCIO|305498|306536|4 - DIESEL (LITRO)|96.32|644.38|IDENTIFICADOR 36849 DIESEL S10
93286034|774589|303|02|124390568|-1|2024|3|2 - ABASTECIMENTO EM POSTO / COMÉRCIO|62715|64047|9 - SERVIÇOS|1.0|30.0|OS N° 135900 TROCA DE OLEO E FILTROS
93286035|774573|303|02|124390568|-1|2024|3|2 - ABASTECIMENTO EM POSTO / COMÉRCIO|78677|81250|2 - GASOLINA (LITRO)|36.99|210.47|IDENTIFICADOR 36873 GASOLINA
93286036|774545|303|02|124390411|-1|2024|3|2 - ABASTECIMENTO EM POSTO / COMÉRCIO|211231|211510|8 - PEÇAS|1.0|120.0|OS N° 135910 POLIA DO ALTERNADOR
93286037|774544|303|02|124390568|-1|2024|3|2 - ABASTECIMENTO EM POSTO / COMÉRCIO|53551|56136|6 - ÓLEO LUBRIFICANTE (LITRO)|4.0|240.0|IDENTIFICADOR 36976 OS N° 135901 OLEO MOTOR 0W20
93286038|774544|303|02|124390568|-1|2024|3|2 - ABASTECIMENTO EM POSTO / COMÉRCIO|53551|56136|9 - SERVIÇOS|1.0|130.0|OS N° 140225 TROCA DE LAMPADA, ROLAMENTO E PASTILH
93286039|774536|303|02|124390568|-1|2024|3|2 - ABASTECIMENTO EM POSTO / COMÉRCIO|137522|137522|8 - PEÇAS|1.0|55.0|OS N° 142221 FILTRO DO AR CONDICIONADO
93286040|774624|303|02|124390408|-1|2024|3|2 - ABASTECIMENTO EM POSTO / COMÉRCIO|367030|367030|4 - DIESEL (LITRO)|93.17|614.0|IDENTIFICADOR 36794 OLEO DIESEL
93286041|774584|303|02|124390568|-1|2024|3|2 - ABASTECIMENTO EM POSTO / COMÉRCIO|40731|44573|4 - DIESEL (LITRO)|64.66|432.58|IDENTIFICADOR 36840 DIESEL S10
93286042|774554|303|02|124390415|-1|2024|3|2 - ABASTECIMENTO EM POSTO / COMÉRCIO|3984|6130|2 - GASOLINA (LITRO)|35.5|216.2|IDENTIFICADOR 36802 GASOLINA
93286043|774550|303|02|-1|17434892|2024|3|2 - ABASTECIMENTO EM POSTO / COMÉRCIO|235910|236197|8 - PEÇAS|1.0|28.0|OS N° 130307 JUNTA DO COLETOR DE ADMISSAO
93286044|774579|303|02|124390568|-1|2024|3|2 - ABASTECIMENTO EM POSTO / COMÉRCIO|90687|94123|4 - DIESEL (LITRO)|35.27|235.96|IDENTIFICADOR 37036 DIESEL S10
93286045|774568|303|02|124390568|-1|2024|3|2 - ABASTECIMENTO EM POSTO / COMÉRCIO|211556|212717|8 - PEÇAS|2.0|300.0|OS N° 140717 DISCO DE FREIO VENTILADO
93286046|774589|303|02|124390568|-1|2024|3|2 - ABASTECIMENTO EM POSTO / COMÉRCIO|62715|64047|6 - ÓLEO LUBRIFICANTE (LITRO)|4.0|208.0|IDENTIFICADOR 37153 OS N° 140498 OLEO MOTOR 5W30
93286047|774591|303|02|124390568|-1|2024|3|2 - ABASTECIMENTO EM POSTO / COMÉRCIO|223433|226129|6 - ÓLEO LUBRIFICANTE (LITRO)|3.0|195.0|IDENTIFICADOR 37152 OS N° 140326 OLEO 15W40
93286048|774547|303|02|124390568|-1|2024|3|2 - ABASTECIMENTO EM POSTO / COMÉRCIO|22775|26550|2 - GASOLINA (LITRO)|29.53|168.07|IDENTIFICADOR 36904 GASOLINA
93286049|774573|303|02|124390568|-1|2024|3|2 - ABASTECIMENTO EM POSTO / COMÉRCIO|78677|81250|9 - SERVIÇOS|1.0|50.0|OS N° 135899 TROCA DE BATERIAPNEUOLEO E FILTROS
93286050|774584|303|02|124390568|-1|2024|3|2 - ABASTECIMENTO EM POSTO / COMÉRCIO|40731|44573|4 - DIESEL (LITRO)|81.71|501.76|IDENTIFICADOR 37041 DIESEL S10
93286054|774577|303|02|124390568|-1|2024|3|2 - ABASTECIMENTO EM POSTO / COMÉRCIO|39301|40677|4 - DIESEL (LITRO)|50.97|340.99|IDENTIFICADOR 36899 DIESEL S10
93286051|774584|303|02|124390568|-1|2024|3|2 - ABASTECIMENTO EM POSTO / COMÉRCIO|40731|44573|4 - DIESEL (LITRO)|94.88|582.62|IDENTIFICADOR 36839 DIESEL S10
93286052|774587|303|02|124390568|-1|2024|3|2 - ABASTECIMENTO EM POSTO / COMÉRCIO|213207|216019|2 - GASOLINA (LITRO)|44.68|235.46|IDENTIFICADOR 37060 GASOLINA
93286053|774558|303|02|124390568|-1|2024|3|2 - ABASTECIMENTO EM POSTO / COMÉRCIO|73069|75925|9 - SERVIÇOS|1.0|270.0|OS N° 140617 TROCA DE OLEOFILTROPNEUALINHARBALANC
93286055|774591|303|02|124390568|-1|2024|3|2 - ABASTECIMENTO EM POSTO / COMÉRCIO|223433|226129|9 - SERVIÇOS|1.0|250.0|OS N° 127682 REVISAO DO ALTERNADOR
93286056|774549|303|02|-1|17434892|2024|3|2 - ABASTECIMENTO EM POSTO / COMÉRCIO|113727|114816|8 - PEÇAS|1.0|30.0|OS N° 82558 MANGUEIRA DE ALTA PRESSAO DO SISTEMA H
93286057|774634|303|02|124390568|-1|2024|3|2 - ABASTECIMENTO EM POSTO / COMÉRCIO|305498|306536|4 - DIESEL (LITRO)|85.74|530.79|IDENTIFICADOR 36846 DIESEL S10
93286058|774554|303|02|124390415|-1|2024|3|2 - ABASTECIMENTO EM POSTO / COMÉRCIO|3984|6130|2 - GASOLINA (LITRO)|37.93|230.99|IDENTIFICADOR 36800 GASOLINA
93286059|774579|303|02|124390568|-1|2024|3|2 - ABASTECIMENTO EM POSTO / COMÉRCIO|90687|94123|4 - DIESEL (LITRO)|40.55|271.28|IDENTIFICADOR 36836 DIESEL S10
93286060|774588|303|02|124390568|-1|2024|3|2 - ABASTECIMENTO EM POSTO / COMÉRCIO|185532|188164|9 - SERVIÇOS|1.0|60.0|OS N° 136791 MONTAGEM DE PNEUS
93286061|774536|303|02|124390568|-1|2024|3|2 - ABASTECIMENTO EM POSTO / COMÉRCIO|137522|137522|8 - PEÇAS|1.0|240.0|OS N° 142221 PASTILHA DE FREIO DIANTEIRA
93286062|774584|303|02|124390568|-1|2024|3|2 - ABASTECIMENTO EM POSTO / COMÉRCIO|40731|44573|9 - SERVIÇOS|1.0|10.0|OS N° 140606 TROCA DE LAMPADA
93286063|774550|303|02|-1|17434892|2024|3|2 - ABASTECIMENTO EM POSTO / COMÉRCIO|235910|236197|8 - PEÇAS|1.0|189.0|OS N° 130307 KIT DE RETIFICACAO DO MOTOR
93286064|774573|303|02|124390568|-1|2024|3|2 - ABASTECIMENTO EM POSTO / COMÉRCIO|78677|81250|2 - GASOLINA (LITRO)|41.99|255.72|IDENTIFICADOR 36872 GASOLINA
93286065|774549|303|02|-1|17434892|2024|3|2 - ABASTECIMENTO EM POSTO / COMÉRCIO|113727|114816|8 - PEÇAS|1.0|245.3|OS N° 82558 CABO DE VELA
93286066|774560|303|02|124390568|-1|2024|3|2 - ABASTECIMENTO EM POSTO / COMÉRCIO|18729|19752|2 - GASOLINA (LITRO)|43.58|261.06|IDENTIFICADOR 37091 GASOLINA
93286067|774649|303|02|-1|17434892|2024|3|2 - ABASTECIMENTO EM POSTO / COMÉRCIO|0|0|99 - OUTROS|2.0|4586.0|OS N° 130076 PNEU 12165
93286068|774629|303|02|124841814|-1|2024|3|2 - ABASTECIMENTO EM POSTO / COMÉRCIO|3257|3640|4 - DIESEL (LITRO)|135.19|904.42|IDENTIFICADOR 37012 DIESEL S10
93286069|774554|303|02|124390415|-1|2024|3|2 - ABASTECIMENTO EM POSTO / COMÉRCIO|3984|6130|2 - GASOLINA (LITRO)|35.62|216.93|IDENTIFICADOR 36990 GASOLINA
93286070|774568|303|02|124390568|-1|2024|3|2 - ABASTECIMENTO EM POSTO / COMÉRCIO|211556|212717|99 - OUTROS|4.0|156.0|OS N° 140717 ADITIVO DO RADIADOR
93286071|774609|303|02|124390568|-1|2024|3|2 - ABASTECIMENTO EM POSTO / COMÉRCIO|200450|201500|8 - PEÇAS|1.0|105.0|OS N° 140652 TERMINAL DA BARRA DE DIRECAO LD
93286072|774563|303|02|124390415|-1|2024|3|2 - ABASTECIMENTO EM POSTO / COMÉRCIO|86621|87797|2 - GASOLINA (LITRO)|22.27|135.62|IDENTIFICADOR 36988 GASOLINA
93286073|774588|303|02|124390568|-1|2024|3|2 - ABASTECIMENTO EM POSTO / COMÉRCIO|185532|188164|2 - GASOLINA (LITRO)|42.6|242.39|IDENTIFICADOR 36857 GASOLINA
93286074|774584|303|02|124390568|-1|2024|3|2 - ABASTECIMENTO EM POSTO / COMÉRCIO|40731|44573|99 - OUTROS|20.0|125.0|ARLA 32
93286075|774540|303|02|124390411|-1|2024|3|2 - ABASTECIMENTO EM POSTO / COMÉRCIO|1889|2465|2 - GASOLINA (LITRO)|27.15|165.34|IDENTIFICADOR 36995 GASOLINA
93286076|774582|303|02|124841814|-1|2024|3|2 - ABASTECIMENTO EM POSTO / COMÉRCIO|120934|121246|2 - GASOLINA (LITRO)|31.43|191.41|IDENTIFICADOR 36815 GASOLINA
93286077|774595|303|02|124390568|-1|2024|3|2 - ABASTECIMENTO EM POSTO / COMÉRCIO|204075|204075|2 - GASOLINA (LITRO)|44.67|272.04|IDENTIFICADOR 36870 GASOLINA
93286078|774560|303|02|124390568|-1|2024|3|2 - ABASTECIMENTO EM POSTO / COMÉRCIO|18729|19752|2 - GASOLINA (LITRO)|34.16|208.03|IDENTIFICADOR 36901 GASOLINA
93286079|774644|303|02|124841814|-1|2024|3|2 - ABASTECIMENTO EM POSTO / COMÉRCIO|70513|72287|4 - DIESEL (LITRO)|123.72|827.69|IDENTIFICADOR 37001 DIESEL S10
93286080|774558|303|02|124390568|-1|2024|3|2 - ABASTECIMENTO EM POSTO / COMÉRCIO|73069|75925|99 - OUTROS|2.0|978.0|OS N° 140617 PNEU 18565 R14
93286081|774560|303|02|124390568|-1|2024|3|2 - ABASTECIMENTO EM POSTO / COMÉRCIO|18729|19752|2 - GASOLINA (LITRO)|36.56|222.65|IDENTIFICADOR 36902 GASOLINA
93286082|774644|303|02|124841814|-1|2024|3|2 - ABASTECIMENTO EM POSTO / COMÉRCIO|70513|72287|99 - OUTROS|1.0|242.0|OS N° 140790 ARLA 32 GALAO 20 LITROS
93286083|774652|303|02|124390411|-1|2024|3|2 - ABASTECIMENTO EM POSTO / COMÉRCIO|5509|5509|4 - DIESEL (LITRO)|55.31|370.02|IDENTIFICADOR 36812 DIESEL S10
93286084|774629|303|02|124841814|-1|2024|3|2 - ABASTECIMENTO EM POSTO / COMÉRCIO|3257|3640|99 - OUTROS|1.0|242.0|OS N° 140227 ARLA 32 GALAO 20 LITROS
93286085|774573|303|02|124390568|-1|2024|3|2 - ABASTECIMENTO EM POSTO / COMÉRCIO|78677|81250|6 - ÓLEO LUBRIFICANTE (LITRO)|4.0|248.0|IDENTIFICADOR 36975 OS N° 135899 OLEO MOTOR 5W30
93286086|774555|303|02|124390411|-1|2024|3|2 - ABASTECIMENTO EM POSTO / COMÉRCIO|118432|118843|99 - OUTROS|1.0|18.0|OS N° 135917 DESINGRIPANTE
93286087|774609|303|02|124390568|-1|2024|3|2 - ABASTECIMENTO EM POSTO / COMÉRCIO|200450|201500|2 - GASOLINA (LITRO)|58.22|328.4|IDENTIFICADOR 36854 GASOLINA
93286088|774634|303|02|124390568|-1|2024|3|2 - ABASTECIMENTO EM POSTO / COMÉRCIO|305498|306536|4 - DIESEL (LITRO)|85.16|527.14|IDENTIFICADOR 36847 DIESEL S10
93286089|774615|303|02|124390417|-1|2024|3|2 - ABASTECIMENTO EM POSTO / COMÉRCIO|0|0|2 - GASOLINA (LITRO)|10.9|66.38|IDENTIFICADOR 37105 GASOLINA
93286090|774584|303|02|124390568|-1|2024|3|2 - ABASTECIMENTO EM POSTO / COMÉRCIO|40731|44573|4 - DIESEL (LITRO)|73.55|451.62|IDENTIFICADOR 37040 DIESEL S10
93286091|774558|303|02|124390568|-1|2024|3|2 - ABASTECIMENTO EM POSTO / COMÉRCIO|73069|75925|2 - GASOLINA (LITRO)|36.53|215.16|IDENTIFICADOR 37073 GASOLINA
93286092|774660|303|02|124390408|-1|2024|3|2 - ABASTECIMENTO EM POSTO / COMÉRCIO|0|0|2 - GASOLINA (LITRO)|20.06|122.17|IDENTIFICADOR 37102 GASOLINA
93286093|774547|303|02|124390568|-1|2024|3|2 - ABASTECIMENTO EM POSTO / COMÉRCIO|22775|26550|2 - GASOLINA (LITRO)|34.82|198.13|IDENTIFICADOR 37096 GASOLINA
93286097|774545|303|02|124390411|-1|2024|3|2 - ABASTECIMENTO EM POSTO / COMÉRCIO|211231|211510|8 - PEÇAS|2.0|60.0|OS N° 135910 TUCHO VALVULA
93286094|774541|303|02|124390568|-1|2024|3|2 - ABASTECIMENTO EM POSTO / COMÉRCIO|52340|54666|9 - SERVIÇOS|1.0|114.0|OS N° 140217 MONTAGEM DE PNEUS
93286095|774547|303|02|124390568|-1|2024|3|2 - ABASTECIMENTO EM POSTO / COMÉRCIO|22775|26550|2 - GASOLINA (LITRO)|33.2|188.91|IDENTIFICADOR 37098 GASOLINA
93286096|774579|303|02|124390568|-1|2024|3|2 - ABASTECIMENTO EM POSTO / COMÉRCIO|90687|94123|4 - DIESEL (LITRO)|31.37|209.87|IDENTIFICADOR 36833 DIESEL S10
93286098|774542|303|02|124390568|-1|2024|3|2 - ABASTECIMENTO EM POSTO / COMÉRCIO|240761|241718|2 - GASOLINA (LITRO)|26.37|160.59|IDENTIFICADOR 36826 GASOLINA
93286099|774579|303|02|124390568|-1|2024|3|2 - ABASTECIMENTO EM POSTO / COMÉRCIO|90687|94123|4 - DIESEL (LITRO)|45.89|307.0|IDENTIFICADOR 36837 DIESEL S10
93286100|774568|303|02|124390568|-1|2024|3|2 - ABASTECIMENTO EM POSTO / COMÉRCIO|211556|212717|2 - GASOLINA (LITRO)|36.12|219.97|IDENTIFICADOR 37052 GASOLINA
93286101|774646|303|02|124390568|-1|2024|3|2 - ABASTECIMENTO EM POSTO / COMÉRCIO|0|0|2 - GASOLINA (LITRO)|15.0|91.95|IDENTIFICADOR 36830 GASOLINA
93285769|774591|303|02|124390568|-1|2024|3|2 - ABASTECIMENTO EM POSTO / COMÉRCIO|223433|226129|2 - GASOLINA (LITRO)|53.1|279.84|IDENTIFICADOR 37062 GASOLINA
93285766|774555|303|02|124390411|-1|2024|3|2 - ABASTECIMENTO EM POSTO / COMÉRCIO|118432|118843|8 - PEÇAS|1.0|35.0|OS N° 135917 MACANETA INTERNA DA PORTA DE CORRER
93285767|774594|303|02|124841814|-1|2024|3|2 - ABASTECIMENTO EM POSTO / COMÉRCIO|35257|36319|2 - GASOLINA (LITRO)|31.95|191.42|IDENTIFICADOR 37011 GASOLINA
93285768|774558|303|02|124390568|-1|2024|3|2 - ABASTECIMENTO EM POSTO / COMÉRCIO|73069|75925|6 - ÓLEO LUBRIFICANTE (LITRO)|4.0|208.0|IDENTIFICADOR 37155 OS N° 140617 OLEO MOTOR 5W40
93285770|774579|303|02|124390568|-1|2024|3|2 - ABASTECIMENTO EM POSTO / COMÉRCIO|90687|94123|4 - DIESEL (LITRO)|32.79|219.37|IDENTIFICADOR 37035 DIESEL S10
93285771|774638|303|02|124841814|-1|2024|3|2 - ABASTECIMENTO EM POSTO / COMÉRCIO|64258|65685|4 - DIESEL (LITRO)|86.03|575.54|IDENTIFICADOR 37005 DIESEL S10
93285772|774550|303|02|-1|17434892|2024|3|2 - ABASTECIMENTO EM POSTO / COMÉRCIO|235910|236197|8 - PEÇAS|1.0|22.0|OS N° 130307 FILTRO DE OLEO
93285773|774589|303|02|124390568|-1|2024|3|2 - ABASTECIMENTO EM POSTO / COMÉRCIO|62715|64047|8 - PEÇAS|1.0|225.0|OS N° 140498 KIT CORREIA COM TENSOR
93285774|774638|303|02|124841814|-1|2024|3|2 - ABASTECIMENTO EM POSTO / COMÉRCIO|64258|65685|4 - DIESEL (LITRO)|92.13|616.35|IDENTIFICADOR 37006 DIESEL S10
93285775|774568|303|02|124390568|-1|2024|3|2 - ABASTECIMENTO EM POSTO / COMÉRCIO|211556|212717|2 - GASOLINA (LITRO)|35.68|217.29|IDENTIFICADOR 36852 GASOLINA
93285776|774547|303|02|124390568|-1|2024|3|2 - ABASTECIMENTO EM POSTO / COMÉRCIO|22775|26550|2 - GASOLINA (LITRO)|25.87|157.55|IDENTIFICADOR 37095 GASOLINA
93285777|774562|303|02|-1|17434892|2024|3|2 - ABASTECIMENTO EM POSTO / COMÉRCIO|297168|298919|9 - SERVIÇOS|1.0|320.0|OS N° 131079 TROCA DE EMBREAGEM E FLUIDO
93285778|774543|303|02|124390417|-1|2024|3|2 - ABASTECIMENTO EM POSTO / COMÉRCIO|139488|139575|2 - GASOLINA (LITRO)|16.42|100.0|IDENTIFICADOR 36807 GASOLINA
93285779|774547|303|02|124390568|-1|2024|3|2 - ABASTECIMENTO EM POSTO / COMÉRCIO|22775|26550|2 - GASOLINA (LITRO)|19.5|118.76|IDENTIFICADOR 36907 GASOLINA
93285780|774588|303|02|124390568|-1|2024|3|2 - ABASTECIMENTO EM POSTO / COMÉRCIO|185532|188164|2 - GASOLINA (LITRO)|43.0|244.67|IDENTIFICADOR 36855 GASOLINA
93285781|774554|303|02|124390415|-1|2024|3|2 - ABASTECIMENTO EM POSTO / COMÉRCIO|3984|6130|2 - GASOLINA (LITRO)|30.89|188.12|IDENTIFICADOR 36803 GASOLINA
93285782|774562|303|02|-1|17434892|2024|3|2 - ABASTECIMENTO EM POSTO / COMÉRCIO|297168|298919|6 - ÓLEO LUBRIFICANTE (LITRO)|1.0|32.0|IDENTIFICADOR 36984 OS N° 131079 FLUIDO DE FREIO
93285783|774547|303|02|124390568|-1|2024|3|2 - ABASTECIMENTO EM POSTO / COMÉRCIO|22775|26550|2 - GASOLINA (LITRO)|26.88|152.95|IDENTIFICADOR 36908 GASOLINA
93285784|774561|303|02|124390568|-1|2024|3|2 - ABASTECIMENTO EM POSTO / COMÉRCIO|42257|44198|2 - GASOLINA (LITRO)|29.54|155.68|IDENTIFICADOR 36891 GASOLINA
93285785|774536|303|02|124390568|-1|2024|3|2 - ABASTECIMENTO EM POSTO / COMÉRCIO|137522|137522|2 - GASOLINA (LITRO)|54.21|330.14|IDENTIFICADOR 36829 GASOLINA
93285786|774536|303|02|124390568|-1|2024|3|2 - ABASTECIMENTO EM POSTO / COMÉRCIO|137522|137522|99 - OUTROS|1.0|39.0|OS N° 142221 LIMPA RADIADOR
93285787|774577|303|02|124390568|-1|2024|3|2 - ABASTECIMENTO EM POSTO / COMÉRCIO|39301|40677|4 - DIESEL (LITRO)|49.28|300.12|IDENTIFICADOR 36898 DIESEL S10
93285788|774579|303|02|124390568|-1|2024|3|2 - ABASTECIMENTO EM POSTO / COMÉRCIO|90687|94123|4 - DIESEL (LITRO)|39.02|261.04|IDENTIFICADOR 37039 DIESEL S10
93285789|774542|303|02|124390568|-1|2024|3|2 - ABASTECIMENTO EM POSTO / COMÉRCIO|240761|241718|2 - GASOLINA (LITRO)|23.35|139.87|IDENTIFICADOR 36827 GASOLINA
93285790|774561|303|02|124390568|-1|2024|3|2 - ABASTECIMENTO EM POSTO / COMÉRCIO|42257|44198|2 - GASOLINA (LITRO)|27.23|143.5|IDENTIFICADOR 36889 GASOLINA
93285791|774589|303|02|124390568|-1|2024|3|2 - ABASTECIMENTO EM POSTO / COMÉRCIO|62715|64047|2 - GASOLINA (LITRO)|35.7|217.41|IDENTIFICADOR 36879 GASOLINA
93285792|774544|303|02|124390568|-1|2024|3|2 - ABASTECIMENTO EM POSTO / COMÉRCIO|53551|56136|8 - PEÇAS|1.0|139.0|OS N° 140225 PASTILHA DE FREIO DIANTEIRA
93285793|774567|303|02|124390411|-1|2024|3|2 - ABASTECIMENTO EM POSTO / COMÉRCIO|57748|57748|2 - GASOLINA (LITRO)|27.85|169.61|IDENTIFICADOR 36811 GASOLINA
93285794|774544|303|02|124390568|-1|2024|3|2 - ABASTECIMENTO EM POSTO / COMÉRCIO|53551|56136|8 - PEÇAS|2.0|560.0|OS N° 140225 ROLAMENTO DA RODA DIANTEIRA INTERNO
93285795|774597|303|02|124390417|-1|2024|3|2 - ABASTECIMENTO EM POSTO / COMÉRCIO|75403|76195|9 - SERVIÇOS|1.0|1080.0|OS N° 140223 REVISAO E TROCA DE FECHADURASCILINDRO
93285796|774638|303|02|124390218|-1|2024|3|2 - ABASTECIMENTO EM POSTO / COMÉRCIO|64258|65685|9 - SERVIÇOS|1.0|570.0|OS N° 136808 MONTAGEM DE PNEUS
93285800|774615|303|02|124390417|-1|2024|3|2 - ABASTECIMENTO EM POSTO / COMÉRCIO|0|0|2 - GASOLINA (LITRO)|5.63|34.29|IDENTIFICADOR 37104 GASOLINA
93285797|774544|303|02|124390568|-1|2024|3|2 - ABASTECIMENTO EM POSTO / COMÉRCIO|53551|56136|9 - SERVIÇOS|1.0|40.0|OS N° 135901 TROCA DE OLEO E FILTROS
93285798|774542|303|02|124390568|-1|2024|3|2 - ABASTECIMENTO EM POSTO / COMÉRCIO|240761|241718|9 - SERVIÇOS|1.0|170.0|OS N° 136801 MONTAGEM DE PNEUS
93285799|774544|303|02|124390568|-1|2024|3|2 - ABASTECIMENTO EM POSTO / COMÉRCIO|53551|56136|8 - PEÇAS|1.0|49.0|OS N° 140225 LAMPADA H7
93285801|774550|303|02|-1|17434892|2024|3|2 - ABASTECIMENTO EM POSTO / COMÉRCIO|235910|236197|8 - PEÇAS|1.0|28.0|OS N° 130307 JUNTA DO ESCAPAMENTO
93285802|774544|303|02|124390568|-1|2024|3|2 - ABASTECIMENTO EM POSTO / COMÉRCIO|53551|56136|2 - GASOLINA (LITRO)|28.27|160.86|IDENTIFICADOR 36893 GASOLINA
93285803|774573|303|02|124390568|-1|2024|3|2 - ABASTECIMENTO EM POSTO / COMÉRCIO|78677|81250|8 - PEÇAS|1.0|29.0|OS N° 135899 FILTRO DE OLEO
93285804|774587|303|02|124390568|-1|2024|3|2 - ABASTECIMENTO EM POSTO / COMÉRCIO|213207|216019|2 - GASOLINA (LITRO)|46.89|247.11|IDENTIFICADOR 36859 GASOLINA
93285805|774544|303|02|124390568|-1|2024|3|2 - ABASTECIMENTO EM POSTO / COMÉRCIO|53551|56136|2 - GASOLINA (LITRO)|12.57|71.52|IDENTIFICADOR 37086 GASOLINA
93285806|774591|303|02|124390568|-1|2024|3|2 - ABASTECIMENTO EM POSTO / COMÉRCIO|223433|226129|8 - PEÇAS|2.0|20.0|OS N° 140326 LAMPADA 12V
93285807|774568|303|02|124390568|-1|2024|3|2 - ABASTECIMENTO EM POSTO / COMÉRCIO|211556|212717|6 - ÓLEO LUBRIFICANTE (LITRO)|1.0|74.95|IDENTIFICADOR 36974 OS N° 128979 OLEO MOTOR 5W30
93285808|774547|303|02|124390568|-1|2024|3|2 - ABASTECIMENTO EM POSTO / COMÉRCIO|22775|26550|2 - GASOLINA (LITRO)|18.88|107.43|IDENTIFICADOR 37097 GASOLINA
93285809|774545|303|02|124390411|-1|2024|3|2 - ABASTECIMENTO EM POSTO / COMÉRCIO|211231|211510|9 - SERVIÇOS|1.0|150.0|OS N° 135910 TROCA DE CORREIA DO ALTERNADOR
93285810|774568|303|02|124390568|-1|2024|3|2 - ABASTECIMENTO EM POSTO / COMÉRCIO|211556|212717|9 - SERVIÇOS|1.0|320.0|OS N° 140717 TROCA DE BATERIADISCO DE FREIOADITIVO
93285811|774591|303|02|124390568|-1|2024|3|2 - ABASTECIMENTO EM POSTO / COMÉRCIO|223433|226129|8 - PEÇAS|1.0|35.0|OS N° 127682 ROLAMENTO 6003
93285812|774591|303|02|124390568|-1|2024|3|2 - ABASTECIMENTO EM POSTO / COMÉRCIO|223433|226129|8 - PEÇAS|2.0|104.0|OS N° 140326 LAMPADA H7
93285813|774615|303|02|124390417|-1|2024|3|2 - ABASTECIMENTO EM POSTO / COMÉRCIO|0|0|2 - GASOLINA (LITRO)|5.76|35.08|IDENTIFICADOR 37103 GASOLINA
93285814|774589|303|02|124390568|-1|2024|3|2 - ABASTECIMENTO EM POSTO / COMÉRCIO|62715|64047|2 - GASOLINA (LITRO)|20.87|125.01|IDENTIFICADOR 36877 GASOLINA
93285815|774573|303|02|124390568|-1|2024|3|2 - ABASTECIMENTO EM POSTO / COMÉRCIO|78677|81250|2 - GASOLINA (LITRO)|47.15|270.66|IDENTIFICADOR 37069 GASOLINA
93285816|774550|303|02|-1|17434892|2024|3|2 - ABASTECIMENTO EM POSTO / COMÉRCIO|235910|236197|8 - PEÇAS|1.0|28.0|OS N° 130307 JUNTA INFERIOR DO CARTER
93285817|774591|303|02|124390568|-1|2024|3|2 - ABASTECIMENTO EM POSTO / COMÉRCIO|223433|226129|2 - GASOLINA (LITRO)|46.06|280.51|IDENTIFICADOR 36862 GASOLINA
93285818|774545|303|02|124390411|-1|2024|3|2 - ABASTECIMENTO EM POSTO / COMÉRCIO|211231|211510|2 - GASOLINA (LITRO)|19.36|117.9|IDENTIFICADOR 36999 GASOLINA
93285819|774591|303|02|124390568|-1|2024|3|2 - ABASTECIMENTO EM POSTO / COMÉRCIO|223433|226129|8 - PEÇAS|1.0|45.0|OS N° 140326 FILTRO DE OLEO
93285820|774558|303|02|124390568|-1|2024|3|2 - ABASTECIMENTO EM POSTO / COMÉRCIO|73069|75925|2 - GASOLINA (LITRO)|42.54|242.09|IDENTIFICADOR 36882 GASOLINA
93285821|774541|303|02|124390568|-1|2024|3|2 - ABASTECIMENTO EM POSTO / COMÉRCIO|52340|54666|2 - GASOLINA (LITRO)|22.94|120.89|IDENTIFICADOR 37077 GASOLINA
93285822|774547|303|02|124390568|-1|2024|3|2 - ABASTECIMENTO EM POSTO / COMÉRCIO|22775|26550|2 - GASOLINA (LITRO)|26.29|172.29|IDENTIFICADOR 36910 GASOLINA
93285823|774544|303|02|124390568|-1|2024|3|2 - ABASTECIMENTO EM POSTO / COMÉRCIO|53551|56136|2 - GASOLINA (LITRO)|26.3|160.17|IDENTIFICADOR 37083 GASOLINA
93285824|774641|303|02|124390568|-1|2024|3|2 - ABASTECIMENTO EM POSTO / COMÉRCIO|187600|189050|4 - DIESEL (LITRO)|79.4|487.51|IDENTIFICADOR 37050 DIESEL S10
93285825|774573|303|02|124390568|-1|2024|3|2 - ABASTECIMENTO EM POSTO / COMÉRCIO|78677|81250|2 - GASOLINA (LITRO)|29.87|181.91|IDENTIFICADOR 36871 GASOLINA
93285826|774568|303|02|124390568|-1|2024|3|2 - ABASTECIMENTO EM POSTO / COMÉRCIO|211556|212717|8 - PEÇAS|1.0|128.45|OS N° 128979 FLANGE DA BOMBA INJETORA
93285827|774584|303|02|124390568|-1|2024|3|2 - ABASTECIMENTO EM POSTO / COMÉRCIO|40731|44573|8 - PEÇAS|1.0|49.0|OS N° 140606 LAMPADA H7
93285828|774579|303|02|124390568|-1|2024|3|2 - ABASTECIMENTO EM POSTO / COMÉRCIO|90687|94123|4 - DIESEL (LITRO)|38.46|257.3|IDENTIFICADOR 36835 DIESEL S10
93285829|774541|303|02|124390568|-1|2024|3|2 - ABASTECIMENTO EM POSTO / COMÉRCIO|52340|54666|2 - GASOLINA (LITRO)|27.4|155.91|IDENTIFICADOR 36883 GASOLINA
93285830|774536|303|02|124390568|-1|2024|3|2 - ABASTECIMENTO EM POSTO / COMÉRCIO|137522|137522|8 - PEÇAS|1.0|180.0|OS N° 142221 RESERVATORIO DE AGUA DO RADIADOR
93285831|774660|303|02|124390408|-1|2024|3|2 - ABASTECIMENTO EM POSTO / COMÉRCIO|0|0|2 - GASOLINA (LITRO)|11.93|72.68|IDENTIFICADOR 36795 GASOLINA
93285832|774555|303|02|124390411|-1|2024|3|2 - ABASTECIMENTO EM POSTO / COMÉRCIO|118432|118843|2 - GASOLINA (LITRO)|13.13|80.0|IDENTIFICADOR 37000 GASOLINA
93285833|774539|303|02|124390568|-1|2024|3|2 - ABASTECIMENTO EM POSTO / COMÉRCIO|129195|129195|2 - GASOLINA (LITRO)|47.06|286.6|IDENTIFICADOR 36831 GASOLINA
93285834|774609|303|02|124390568|-1|2024|3|2 - ABASTECIMENTO EM POSTO / COMÉRCIO|200450|201500|9 - SERVIÇOS|1.0|60.0|OS N° 136799 MONTAGEM DE PNEUS
93285835|774558|303|02|124390568|-1|2024|3|2 - ABASTECIMENTO EM POSTO / COMÉRCIO|73069|75925|9 - SERVIÇOS|1.0|60.0|OS N° 136800 MONTAGEM DE PNEUS
93285836|774545|303|02|124390411|-1|2024|3|2 - ABASTECIMENTO EM POSTO / COMÉRCIO|211231|211510|8 - PEÇAS|1.0|169.0|OS N° 135910 CORREIA DO ALTERNADOR
93285837|774638|303|02|124841814|-1|2024|3|2 - ABASTECIMENTO EM POSTO / COMÉRCIO|64258|65685|99 - OUTROS|1.0|3080.0|OS N° 135918 PNEU 27580 R225
93285838|774561|303|02|124390568|-1|2024|3|2 - ABASTECIMENTO EM POSTO / COMÉRCIO|42257|44198|2 - GASOLINA (LITRO)|31.15|177.24|IDENTIFICADOR 36890 GASOLINA
93285839|774563|303|02|124390415|-1|2024|3|2 - ABASTECIMENTO EM POSTO / COMÉRCIO|86621|87797|2 - GASOLINA (LITRO)|30.31|184.59|IDENTIFICADOR 36987 GASOLINA
93285843|774540|303|02|124390411|-1|2024|3|2 - ABASTECIMENTO EM POSTO / COMÉRCIO|1889|2465|2 - GASOLINA (LITRO)|35.43|240.13|IDENTIFICADOR 36813 GASOLINA
93285840|774573|303|02|124390568|-1|2024|3|2 - ABASTECIMENTO EM POSTO / COMÉRCIO|78677|81250|99 - OUTROS|1.0|698.0|OS N° 135899 PNEU 20555 R16
93285841|774544|303|02|124390568|-1|2024|3|2 - ABASTECIMENTO EM POSTO / COMÉRCIO|53551|56136|2 - GASOLINA (LITRO)|19.73|120.16|IDENTIFICADOR 36897 GASOLINA
93285842|774570|303|02|124390411|-1|2024|3|2 - ABASTECIMENTO EM POSTO / COMÉRCIO|70489|70829|2 - GASOLINA (LITRO)|43.01|261.93|IDENTIFICADOR 36814 GASOLINA
93285844|774554|303|02|124390415|-1|2024|3|2 - ABASTECIMENTO EM POSTO / COMÉRCIO|3984|6130|2 - GASOLINA (LITRO)|27.06|164.8|IDENTIFICADOR 36801 GASOLINA
93285845|774560|303|02|124390568|-1|2024|3|2 - ABASTECIMENTO EM POSTO / COMÉRCIO|18729|19752|2 - GASOLINA (LITRO)|45.36|276.24|IDENTIFICADOR 37090 GASOLINA
93285846|774563|303|02|124390415|-1|2024|3|2 - ABASTECIMENTO EM POSTO / COMÉRCIO|86621|87797|2 - GASOLINA (LITRO)|41.51|252.8|IDENTIFICADOR 36798 GASOLINA
93285847|774558|303|02|124390568|-1|2024|3|2 - ABASTECIMENTO EM POSTO / COMÉRCIO|73069|75925|2 - GASOLINA (LITRO)|45.44|260.87|IDENTIFICADOR 37075 GASOLINA
93285848|774579|303|02|124390568|-1|2024|3|2 - ABASTECIMENTO EM POSTO / COMÉRCIO|90687|94123|4 - DIESEL (LITRO)|55.5|371.3|IDENTIFICADOR 36838 DIESEL S10
93285849|774587|303|02|124390568|-1|2024|3|2 - ABASTECIMENTO EM POSTO / COMÉRCIO|213207|216019|2 - GASOLINA (LITRO)|51.62|272.04|IDENTIFICADOR 36861 GASOLINA
93285850|774540|303|02|124390411|-1|2024|3|2 - ABASTECIMENTO EM POSTO / COMÉRCIO|1889|2465|2 - GASOLINA (LITRO)|20.29|123.57|IDENTIFICADOR 36996 GASOLINA
93285851|774536|303|02|124390568|-1|2024|3|2 - ABASTECIMENTO EM POSTO / COMÉRCIO|137522|137522|8 - PEÇAS|1.0|42.0|OS N° 142221 FILTRO DE OLEO
93285852|774571|303|02|124390568|-1|2024|3|2 - ABASTECIMENTO EM POSTO / COMÉRCIO|208003|208003|2 - GASOLINA (LITRO)|32.14|192.55|IDENTIFICADOR 37034 GASOLINA
93285853|774544|303|02|124390568|-1|2024|3|2 - ABASTECIMENTO EM POSTO / COMÉRCIO|53551|56136|2 - GASOLINA (LITRO)|21.48|130.81|IDENTIFICADOR 36895 GASOLINA
93285854|774644|303|02|124841814|-1|2024|3|2 - ABASTECIMENTO EM POSTO / COMÉRCIO|70513|72287|9 - SERVIÇOS|1.0|380.0|OS N° 136821 MONTAGEM DE PNEUS
93285855|774589|303|02|124390568|-1|2024|3|2 - ABASTECIMENTO EM POSTO / COMÉRCIO|62715|64047|9 - SERVIÇOS|1.0|380.0|OS N° 127735 TROCA DE EMBREAGEMPASTILHA E FLUIDO
93285856|774569|303|02|124390408|-1|2024|3|2 - ABASTECIMENTO EM POSTO / COMÉRCIO|5714|6046|2 - GASOLINA (LITRO)|20.57|125.27|IDENTIFICADOR 36796 GASOLINA
93285857|774542|303|02|124390568|-1|2024|3|2 - ABASTECIMENTO EM POSTO / COMÉRCIO|240761|241718|2 - GASOLINA (LITRO)|21.3|129.72|IDENTIFICADOR 37031 GASOLINA
93285858|774591|303|02|124390568|-1|2024|3|2 - ABASTECIMENTO EM POSTO / COMÉRCIO|223433|226129|2 - GASOLINA (LITRO)|34.65|211.02|IDENTIFICADOR 37063 GASOLINA
93285859|774554|303|02|124390415|-1|2024|3|2 - ABASTECIMENTO EM POSTO / COMÉRCIO|3984|6130|2 - GASOLINA (LITRO)|34.91|212.6|IDENTIFICADOR 36804 GASOLINA
93285860|774589|303|02|124390568|-1|2024|3|2 - ABASTECIMENTO EM POSTO / COMÉRCIO|62715|64047|2 - GASOLINA (LITRO)|40.16|244.57|IDENTIFICADOR 37070 GASOLINA
93285861|774597|303|02|124390417|-1|2024|3|2 - ABASTECIMENTO EM POSTO / COMÉRCIO|75403|76195|1 - ÁLCOOL (LITRO)|37.59|150.0|IDENTIFICADOR 36805 ALCCOL AUTOMOTIVO
93285862|774584|303|02|124390568|-1|2024|3|2 - ABASTECIMENTO EM POSTO / COMÉRCIO|40731|44573|4 - DIESEL (LITRO)|80.85|496.42|IDENTIFICADOR 36842 DIESEL S10
93171894|774589|303|02|-1|17435203|2024|1|2 - ABASTECIMENTO EM POSTO / COMÉRCIO|56762|59400|2 - GASOLINA (LITRO)|38.34|202.82|IDENTIFICADOR: 36143
93171882|774650|303|02|124390409|-1|2024|1|2 - ABASTECIMENTO EM POSTO / COMÉRCIO|0|0|8 - PEÇAS|1.0|13336.0|BOMBA DE COMBUSTIVEL
93171883|774555|303|02|124390411|-1|2024|1|2 - ABASTECIMENTO EM POSTO / COMÉRCIO|117273|117677|8 - PEÇAS|1.0|289.0|CABO DE VELA
93171884|774660|303|02|124390408|-1|2024|1|2 - ABASTECIMENTO EM POSTO / COMÉRCIO|0|0|2 - GASOLINA (LITRO)|31.14|183.41|IDENTIFICADOR: 36077
93171885|774555|303|02|124390411|-1|2024|1|2 - ABASTECIMENTO EM POSTO / COMÉRCIO|117273|117677|2 - GASOLINA (LITRO)|8.48|50.0|IDENTIFICADOR: 36091
93171886|774650|303|02|124390409|-1|2024|1|2 - ABASTECIMENTO EM POSTO / COMÉRCIO|0|0|4 - DIESEL (LITRO)|146.04|977.01|IDENTIFICADOR: 36337
93171887|774624|303|02|124390408|-1|2024|1|2 - ABASTECIMENTO EM POSTO / COMÉRCIO|366799|366800|4 - DIESEL (LITRO)|14.78|98.0|IDENTIFICADOR: 36074
93171888|774563|303|02|124390415|-1|2024|1|2 - ABASTECIMENTO EM POSTO / COMÉRCIO|84473|85291|2 - GASOLINA (LITRO)|20.82|122.63|IDENTIFICADOR: 36088
93171889|774544|303|02|-1|17435203|2024|1|2 - ABASTECIMENTO EM POSTO / COMÉRCIO|48530|50468|1 - ÁLCOOL (LITRO)|30.07|113.97|IDENTIFICADOR: 36156
93171890|774560|303|02|-1|17435203|2024|1|2 - ABASTECIMENTO EM POSTO / COMÉRCIO|17517|17517|2 - GASOLINA (LITRO)|45.7|273.74|IDENTIFICADOR: 36159
93171891|774579|303|02|-1|17435203|2024|1|2 - ABASTECIMENTO EM POSTO / COMÉRCIO|83066|86715|4 - DIESEL (LITRO)|39.71|277.57|IDENTIFICADOR: 36103
93171892|774593|303|02|124390409|-1|2024|1|2 - ABASTECIMENTO EM POSTO / COMÉRCIO|57829|59079|8 - PEÇAS|2.0|250.0|PIVO INFERIOR LADO DIREITO
93171893|774650|303|02|124390409|-1|2024|1|2 - ABASTECIMENTO EM POSTO / COMÉRCIO|0|0|4 - DIESEL (LITRO)|153.68|1074.22|IDENTIFICADOR: 36169
93171895|774650|303|02|124390409|-1|2024|1|2 - ABASTECIMENTO EM POSTO / COMÉRCIO|0|0|9 - SERVIÇOS|1.0|3980.0|OS N° 107908 REVISAO GERAL
93171896|774561|303|02|124390568|-1|2024|1|2 - ABASTECIMENTO EM POSTO / COMÉRCIO|37733|39903|2 - GASOLINA (LITRO)|33.1|167.49|IDENTIFICADOR: 36315
93171897|774658|303|02|124390409|-1|2024|1|2 - ABASTECIMENTO EM POSTO / COMÉRCIO|0|0|4 - DIESEL (LITRO)|215.94|1444.64|IDENTIFICADOR: 36342
93171898|774657|303|02|124390409|-1|2024|1|2 - ABASTECIMENTO EM POSTO / COMÉRCIO|0|0|4 - DIESEL (LITRO)|203.59|1423.09|IDENTIFICADOR: 36197
93171899|774615|303|02|124390417|-1|2024|1|2 - ABASTECIMENTO EM POSTO / COMÉRCIO|0|0|2 - GASOLINA (LITRO)|21.64|128.64|IDENTIFICADOR: 36229
93171900|774555|303|02|124390411|-1|2024|1|2 - ABASTECIMENTO EM POSTO / COMÉRCIO|117273|117677|2 - GASOLINA (LITRO)|16.97|100.0|IDENTIFICADOR: 36246
93171901|774584|303|02|-1|17435203|2024|1|2 - ABASTECIMENTO EM POSTO / COMÉRCIO|34914|37606|99 - OUTROS|6.0|74.9|ARLA 32
93171902|774650|303|02|124390409|-1|2024|1|2 - ABASTECIMENTO EM POSTO / COMÉRCIO|0|0|8 - PEÇAS|1.0|1120.0|FILTRO SEPARADOR DA BOMBA INJETORA
93171903|774612|303|02|124390409|-1|2024|1|2 - ABASTECIMENTO EM POSTO / COMÉRCIO|0|0|4 - DIESEL (LITRO)|228.0|1525.32|IDENTIFICADOR: 36360
93171904|774579|303|02|-1|17435203|2024|1|2 - ABASTECIMENTO EM POSTO / COMÉRCIO|83066|86715|4 - DIESEL (LITRO)|36.75|256.88|IDENTIFICADOR: 36104
93171905|774650|303|02|124390409|-1|2024|1|2 - ABASTECIMENTO EM POSTO / COMÉRCIO|0|0|4 - DIESEL (LITRO)|120.14|839.78|IDENTIFICADOR: 36170
93171906|774545|303|02|124390411|-1|2024|1|2 - ABASTECIMENTO EM POSTO / COMÉRCIO|209882|210585|2 - GASOLINA (LITRO)|28.26|166.45|IDENTIFICADOR: 36244
93171907|774578|303|02|-1|17435203|2024|1|2 - ABASTECIMENTO EM POSTO / COMÉRCIO|888|1788|4 - DIESEL (LITRO)|49.83|348.31|IDENTIFICADOR: 36165
93171908|774650|303|02|124390409|-1|2024|1|2 - ABASTECIMENTO EM POSTO / COMÉRCIO|0|0|8 - PEÇAS|1.0|890.0|VALVULA DO FREIO DE MAO
93171909|774606|303|02|124390409|-1|2024|1|2 - ABASTECIMENTO EM POSTO / COMÉRCIO|106585|108227|2 - GASOLINA (LITRO)|48.6|286.25|IDENTIFICADOR: 36346
93171910|774606|303|02|124390409|-1|2024|1|2 - ABASTECIMENTO EM POSTO / COMÉRCIO|106585|108227|2 - GASOLINA (LITRO)|42.89|252.62|IDENTIFICADOR: 36344
93171911|774648|303|02|124390409|-1|2024|1|2 - ABASTECIMENTO EM POSTO / COMÉRCIO|0|0|4 - DIESEL (LITRO)|80.08|559.76|IDENTIFICADOR: 36208
93171912|774612|303|02|124390409|-1|2024|1|2 - ABASTECIMENTO EM POSTO / COMÉRCIO|0|0|2 - GASOLINA (LITRO)|22.01|129.64|IDENTIFICADOR: 36361
93171913|774657|303|02|124390409|-1|2024|1|2 - ABASTECIMENTO EM POSTO / COMÉRCIO|0|0|8 - PEÇAS|2.0|2286.4|LAMINA CURVA 13 FUROS
93171914|774618|303|02|124390409|-1|2024|1|2 - ABASTECIMENTO EM POSTO / COMÉRCIO|0|0|4 - DIESEL (LITRO)|109.03|722.87|IDENTIFICADOR: 36188
93171915|774541|303|02|-1|17435203|2024|1|2 - ABASTECIMENTO EM POSTO / COMÉRCIO|48143|49887|2 - GASOLINA (LITRO)|26.66|141.03|IDENTIFICADOR: 36148
93171916|774612|303|02|124390409|-1|2024|1|2 - ABASTECIMENTO EM POSTO / COMÉRCIO|0|0|2 - GASOLINA (LITRO)|96.97|571.2|IDENTIFICADOR: 36373
93171917|774554|303|02|124390415|-1|2024|1|2 - ABASTECIMENTO EM POSTO / COMÉRCIO|511|1316|2 - GASOLINA (LITRO)|29.19|171.93|IDENTIFICADOR: 36233
93171918|774542|303|02|-1|17435203|2024|1|2 - ABASTECIMENTO EM POSTO / COMÉRCIO|238184|239244|2 - GASOLINA (LITRO)|25.25|148.72|IDENTIFICADOR: 36101
93171919|774593|303|02|124390409|-1|2024|1|2 - ABASTECIMENTO EM POSTO / COMÉRCIO|57829|59079|8 - PEÇAS|1.0|189.0|CABO DE IGNICAO SUPRESSIVO
93171920|774612|303|02|124390409|-1|2024|1|2 - ABASTECIMENTO EM POSTO / COMÉRCIO|0|0|2 - GASOLINA (LITRO)|85.73|546.2|IDENTIFICADOR: 36363
93171921|774589|303|02|-1|17435203|2024|1|2 - ABASTECIMENTO EM POSTO / COMÉRCIO|56762|59400|2 - GASOLINA (LITRO)|40.55|224.69|IDENTIFICADOR: 36144
93171922|774625|303|02|124390409|-1|2024|1|2 - ABASTECIMENTO EM POSTO / COMÉRCIO|59705|59705|99 - OUTROS|1.0|57.4|ADITIVO DO RADIADOR
93171923|774567|303|02|124390411|-1|2024|1|2 - ABASTECIMENTO EM POSTO / COMÉRCIO|56740|57150|2 - GASOLINA (LITRO)|28.38|167.16|IDENTIFICADOR: 36242
93171924|774611|303|02|124390409|-1|2024|1|2 - ABASTECIMENTO EM POSTO / COMÉRCIO|0|0|4 - DIESEL (LITRO)|43.25|289.34|IDENTIFICADOR: 36351
93171928|774562|303|02|124390409|-1|2024|1|2 - ABASTECIMENTO EM POSTO / COMÉRCIO|294170|295840|2 - GASOLINA (LITRO)|39.95|235.31|IDENTIFICADOR: 36184
93171925|774563|303|02|124390415|-1|2024|1|2 - ABASTECIMENTO EM POSTO / COMÉRCIO|84473|85291|2 - GASOLINA (LITRO)|12.95|77.57|IDENTIFICADOR: 36087
93171926|774547|303|02|-1|17435203|2024|1|2 - ABASTECIMENTO EM POSTO / COMÉRCIO|15197|18657|2 - GASOLINA (LITRO)|28.97|170.63|IDENTIFICADOR: 36163
93171927|774625|303|02|124390409|-1|2024|1|2 - ABASTECIMENTO EM POSTO / COMÉRCIO|59705|59705|8 - PEÇAS|1.0|703.61|MANGUEIRA SUPERIOR DO RADIADOR
93171929|774549|303|02|124390409|-1|2024|1|2 - ABASTECIMENTO EM POSTO / COMÉRCIO|113320|113671|2 - GASOLINA (LITRO)|37.63|222.82|IDENTIFICADOR: 36179
93171930|774628|303|02|124390409|-1|2024|1|2 - ABASTECIMENTO EM POSTO / COMÉRCIO|0|0|4 - DIESEL (LITRO)|85.37|571.13|IDENTIFICADOR: 36392
93171931|774658|303|02|124390409|-1|2024|1|2 - ABASTECIMENTO EM POSTO / COMÉRCIO|0|0|4 - DIESEL (LITRO)|150.0|1003.5|IDENTIFICADOR: 36343
93171932|774573|303|02|-1|17435203|2024|1|2 - ABASTECIMENTO EM POSTO / COMÉRCIO|72194|75302|2 - GASOLINA (LITRO)|30.1|177.29|IDENTIFICADOR: 36140
93171933|774650|303|02|124390409|-1|2024|1|2 - ABASTECIMENTO EM POSTO / COMÉRCIO|0|0|4 - DIESEL (LITRO)|129.29|864.95|IDENTIFICADOR: 36173
93171934|774593|303|02|124390409|-1|2024|1|2 - ABASTECIMENTO EM POSTO / COMÉRCIO|57829|59079|2 - GASOLINA (LITRO)|53.97|317.88|IDENTIFICADOR: 36380
93171935|774543|303|02|124390417|-1|2024|1|2 - ABASTECIMENTO EM POSTO / COMÉRCIO|138661|138901|2 - GASOLINA (LITRO)|20.37|120.0|IDENTIFICADOR: 36231
93171936|774541|303|02|-1|17435203|2024|1|2 - ABASTECIMENTO EM POSTO / COMÉRCIO|48143|49887|2 - GASOLINA (LITRO)|25.57|148.05|IDENTIFICADOR: 36149
93171937|774612|303|02|124390409|-1|2024|1|2 - ABASTECIMENTO EM POSTO / COMÉRCIO|0|0|4 - DIESEL (LITRO)|82.23|550.12|IDENTIFICADOR: 36362
93171938|774612|303|02|124390409|-1|2024|1|2 - ABASTECIMENTO EM POSTO / COMÉRCIO|0|0|4 - DIESEL (LITRO)|297.41|1989.67|IDENTIFICADOR: 36426
93171939|774595|303|02|-1|17435203|2024|1|2 - ABASTECIMENTO EM POSTO / COMÉRCIO|202050|203650|2 - GASOLINA (LITRO)|35.52|187.95|IDENTIFICADOR: 36134
93171940|774595|303|02|-1|17435203|2024|1|2 - ABASTECIMENTO EM POSTO / COMÉRCIO|202050|203650|2 - GASOLINA (LITRO)|36.37|203.31|IDENTIFICADOR: 36135
93171941|774593|303|02|124390409|-1|2024|1|2 - ABASTECIMENTO EM POSTO / COMÉRCIO|57829|59079|8 - PEÇAS|2.0|198.0|BUCHA FEIXE DE MOLAS
93171942|774641|303|02|124390568|-1|2024|1|2 - ABASTECIMENTO EM POSTO / COMÉRCIO|182975|185542|4 - DIESEL (LITRO)|83.95|561.63|IDENTIFICADOR: 36275
93171943|774545|303|02|124390411|-1|2024|1|2 - ABASTECIMENTO EM POSTO / COMÉRCIO|209882|210585|2 - GASOLINA (LITRO)|16.69|100.0|IDENTIFICADOR: 36092
93171944|774570|303|02|124390411|-1|2024|1|2 - ABASTECIMENTO EM POSTO / COMÉRCIO|69405|69742|2 - GASOLINA (LITRO)|50.08|299.98|IDENTIFICADOR: 36089
93171945|774647|303|02|124390409|-1|2024|1|2 - ABASTECIMENTO EM POSTO / COMÉRCIO|0|0|4 - DIESEL (LITRO)|51.4|359.29|IDENTIFICADOR: 36211
93171946|774647|303|02|124390409|-1|2024|1|2 - ABASTECIMENTO EM POSTO / COMÉRCIO|0|0|4 - DIESEL (LITRO)|104.99|702.38|IDENTIFICADOR: 36385
93171947|774650|303|02|124390409|-1|2024|1|2 - ABASTECIMENTO EM POSTO / COMÉRCIO|0|0|8 - PEÇAS|1.0|4225.0|EIXO CARDAN
93171948|774615|303|02|124390417|-1|2024|1|2 - ABASTECIMENTO EM POSTO / COMÉRCIO|0|0|2 - GASOLINA (LITRO)|5.09|30.0|IDENTIFICADOR: 36228
93171949|774541|303|02|-1|17435203|2024|1|2 - ABASTECIMENTO EM POSTO / COMÉRCIO|48143|49887|2 - GASOLINA (LITRO)|20.57|108.82|IDENTIFICADOR: 36152
93171950|774656|303|02|124390411|-1|2024|1|2 - ABASTECIMENTO EM POSTO / COMÉRCIO|4523|4523|99 - OUTROS|2.0|2980.0|PNEU 23565 R17
93171951|774641|303|02|-1|17435203|2024|1|2 - ABASTECIMENTO EM POSTO / COMÉRCIO|182975|185542|4 - DIESEL (LITRO)|93.0|560.38|IDENTIFICADOR: 36118
93171952|774612|303|02|124390409|-1|2024|1|2 - ABASTECIMENTO EM POSTO / COMÉRCIO|0|0|2 - GASOLINA (LITRO)|43.33|255.21|IDENTIFICADOR: 36196
93171953|774593|303|02|124390409|-1|2024|1|2 - ABASTECIMENTO EM POSTO / COMÉRCIO|57829|59079|8 - PEÇAS|2.0|130.0|BUCHA FEIXE DE MOLAS TRASEIRO INFERIOR
93171954|774657|303|02|124390409|-1|2024|1|2 - ABASTECIMENTO EM POSTO / COMÉRCIO|0|0|8 - PEÇAS|38.0|592.42|PARAFUSO DAS LAMINAS
93171955|774650|303|02|124390409|-1|2024|1|2 - ABASTECIMENTO EM POSTO / COMÉRCIO|0|0|4 - DIESEL (LITRO)|90.13|602.97|IDENTIFICADOR: 36336
93171956|774619|303|02|124390409|-1|2024|1|2 - ABASTECIMENTO EM POSTO / COMÉRCIO|25080|25454|4 - DIESEL (LITRO)|148.64|994.46|IDENTIFICADOR: 36468
93171957|774563|303|02|124390415|-1|2024|1|2 - ABASTECIMENTO EM POSTO / COMÉRCIO|84473|85291|2 - GASOLINA (LITRO)|14.79|88.79|IDENTIFICADOR: 36086
93171958|774641|303|02|-1|17435203|2024|1|2 - ABASTECIMENTO EM POSTO / COMÉRCIO|182975|185542|4 - DIESEL (LITRO)|76.84|498.72|IDENTIFICADOR: 36117
93171959|774584|303|02|-1|17435203|2024|1|2 - ABASTECIMENTO EM POSTO / COMÉRCIO|34914|37606|4 - DIESEL (LITRO)|56.23|345.26|IDENTIFICADOR: 36108
93171960|774547|303|02|-1|17435203|2024|1|2 - ABASTECIMENTO EM POSTO / COMÉRCIO|15197|18657|2 - GASOLINA (LITRO)|42.83|247.99|IDENTIFICADOR: 36160
93171961|774599|303|02|-1|17435203|2024|1|2 - ABASTECIMENTO EM POSTO / COMÉRCIO|89875|91231|4 - DIESEL (LITRO)|50.24|351.18|IDENTIFICADOR: 36132
93171962|774554|303|02|124390415|-1|2024|1|2 - ABASTECIMENTO EM POSTO / COMÉRCIO|511|1316|2 - GASOLINA (LITRO)|40.37|237.78|IDENTIFICADOR: 36234
93171963|774574|303|02|-1|17435203|2024|1|2 - ABASTECIMENTO EM POSTO / COMÉRCIO|5486|6804|4 - DIESEL (LITRO)|47.3|316.44|IDENTIFICADOR: 36123
93171964|774621|303|02|124390409|-1|2024|1|2 - ABASTECIMENTO EM POSTO / COMÉRCIO|96429|98115|4 - DIESEL (LITRO)|204.68|1369.31|IDENTIFICADOR: 36378
93171965|774574|303|02|-1|17435203|2024|1|2 - ABASTECIMENTO EM POSTO / COMÉRCIO|5486|6804|4 - DIESEL (LITRO)|49.9|348.8|IDENTIFICADOR: 36121
93171966|774562|303|02|124390409|-1|2024|1|2 - ABASTECIMENTO EM POSTO / COMÉRCIO|294170|295840|2 - GASOLINA (LITRO)|33.07|194.78|IDENTIFICADOR: 36348
93171967|774612|303|02|124390409|-1|2024|1|2 - ABASTECIMENTO EM POSTO / COMÉRCIO|0|0|4 - DIESEL (LITRO)|56.62|378.79|IDENTIFICADOR: 36365
93171968|774551|303|02|124390409|-1|2024|1|2 - ABASTECIMENTO EM POSTO / COMÉRCIO|188184|189653|2 - GASOLINA (LITRO)|39.93|235.19|IDENTIFICADOR: 36356
93171969|774541|303|02|-1|17435203|2024|1|2 - ABASTECIMENTO EM POSTO / COMÉRCIO|48143|49887|2 - GASOLINA (LITRO)|23.77|142.38|IDENTIFICADOR: 36151
93171973|774589|303|02|-1|17435203|2024|1|2 - ABASTECIMENTO EM POSTO / COMÉRCIO|56762|59400|2 - GASOLINA (LITRO)|32.85|168.85|IDENTIFICADOR: 36145
93171970|774647|303|02|124390409|-1|2024|1|2 - ABASTECIMENTO EM POSTO / COMÉRCIO|0|0|4 - DIESEL (LITRO)|82.18|574.44|IDENTIFICADOR: 36210
93171971|774542|303|02|-1|17435203|2024|1|2 - ABASTECIMENTO EM POSTO / COMÉRCIO|238184|239244|2 - GASOLINA (LITRO)|21.02|125.91|IDENTIFICADOR: 36099
93171972|774593|303|02|124390409|-1|2024|1|2 - ABASTECIMENTO EM POSTO / COMÉRCIO|57829|59079|9 - SERVIÇOS|1.0|300.0|OS N° 108213 TROCA DE KIT DE CORREIA
93171974|774584|303|02|-1|17435203|2024|1|2 - ABASTECIMENTO EM POSTO / COMÉRCIO|34914|37606|6 - ÓLEO LUBRIFICANTE (LITRO)|2.0|119.8|IDENTIFICADOR: 36225
93171975|774558|303|02|-1|17435203|2024|1|2 - ABASTECIMENTO EM POSTO / COMÉRCIO|66573|69150|2 - GASOLINA (LITRO)|41.44|247.0|IDENTIFICADOR: 36147
93171976|774657|303|02|124390409|-1|2024|1|2 - ABASTECIMENTO EM POSTO / COMÉRCIO|0|0|8 - PEÇAS|21.0|117.6|CALCO DA LAMINA
93171977|774540|303|02|124390411|-1|2024|1|2 - ABASTECIMENTO EM POSTO / COMÉRCIO|41|41|2 - GASOLINA (LITRO)|46.28|272.59|IDENTIFICADOR: 36241
93171978|774609|303|02|124390568|-1|2024|1|2 - ABASTECIMENTO EM POSTO / COMÉRCIO|196152|198212|2 - GASOLINA (LITRO)|45.44|267.64|IDENTIFICADOR: 36284
93171979|774573|303|02|-1|17435203|2024|1|2 - ABASTECIMENTO EM POSTO / COMÉRCIO|72194|75302|2 - GASOLINA (LITRO)|43.97|232.6|IDENTIFICADOR: 36138
93171980|774609|303|02|-1|17435203|2024|1|2 - ABASTECIMENTO EM POSTO / COMÉRCIO|196152|198212|2 - GASOLINA (LITRO)|49.85|257.72|IDENTIFICADOR: 36126
93171981|774660|303|02|124390408|-1|2024|1|2 - ABASTECIMENTO EM POSTO / COMÉRCIO|0|0|2 - GASOLINA (LITRO)|24.29|145.5|IDENTIFICADOR: 36076
93171982|774648|303|02|124390409|-1|2024|1|2 - ABASTECIMENTO EM POSTO / COMÉRCIO|0|0|4 - DIESEL (LITRO)|77.27|516.94|IDENTIFICADOR: 36382
93171983|774582|303|02|-1|17435174|2024|1|2 - ABASTECIMENTO EM POSTO / COMÉRCIO|119684|120306|2 - GASOLINA (LITRO)|41.44|248.23|IDENTIFICADOR: 36096
93171984|774591|303|02|-1|17435203|2024|1|2 - ABASTECIMENTO EM POSTO / COMÉRCIO|217433|219171|2 - GASOLINA (LITRO)|30.72|180.94|IDENTIFICADOR: 36131
93171985|774612|303|02|124390409|-1|2024|1|2 - ABASTECIMENTO EM POSTO / COMÉRCIO|0|0|2 - GASOLINA (LITRO)|109.73|646.31|IDENTIFICADOR: 36371
93171986|774606|303|02|124390409|-1|2024|1|2 - ABASTECIMENTO EM POSTO / COMÉRCIO|106585|108227|2 - GASOLINA (LITRO)|34.63|203.97|IDENTIFICADOR: 36345
93171987|774593|303|02|124390409|-1|2024|1|2 - ABASTECIMENTO EM POSTO / COMÉRCIO|57829|59079|9 - SERVIÇOS|1.0|365.0|OS N° 99786 TROCA DE PNEUCAMBAGEMALINHARBALANCEAR
93171988|774612|303|02|124390409|-1|2024|1|2 - ABASTECIMENTO EM POSTO / COMÉRCIO|0|0|2 - GASOLINA (LITRO)|20.89|123.04|IDENTIFICADOR: 36368
93171989|774599|303|02|-1|17435203|2024|1|2 - ABASTECIMENTO EM POSTO / COMÉRCIO|89875|91231|4 - DIESEL (LITRO)|55.0|367.95|IDENTIFICADOR: 36133
93171990|774648|303|02|124390409|-1|2024|1|2 - ABASTECIMENTO EM POSTO / COMÉRCIO|0|0|4 - DIESEL (LITRO)|91.7|613.47|IDENTIFICADOR: 36383
93171991|774579|303|02|-1|17435203|2024|1|2 - ABASTECIMENTO EM POSTO / COMÉRCIO|83066|86715|4 - DIESEL (LITRO)|27.82|186.12|IDENTIFICADOR: 36107
93171992|774644|303|02|-1|17435174|2024|1|2 - ABASTECIMENTO EM POSTO / COMÉRCIO|67776|67776|99 - OUTROS|6.0|18588.0|PNEU 27580 R225
93171993|774618|303|02|124390409|-1|2024|1|2 - ABASTECIMENTO EM POSTO / COMÉRCIO|0|0|4 - DIESEL (LITRO)|116.22|765.89|IDENTIFICADOR: 36353
93171994|774615|303|02|124390417|-1|2024|1|2 - ABASTECIMENTO EM POSTO / COMÉRCIO|0|0|2 - GASOLINA (LITRO)|22.14|130.4|IDENTIFICADOR: 36071
93171995|774612|303|02|124390409|-1|2024|1|2 - ABASTECIMENTO EM POSTO / COMÉRCIO|0|0|4 - DIESEL (LITRO)|45.71|305.8|IDENTIFICADOR: 36374
93171996|774542|303|02|-1|17435203|2024|1|2 - ABASTECIMENTO EM POSTO / COMÉRCIO|238184|239244|2 - GASOLINA (LITRO)|25.55|153.04|IDENTIFICADOR: 36100
93171997|774579|303|02|-1|17435203|2024|1|2 - ABASTECIMENTO EM POSTO / COMÉRCIO|83066|86715|4 - DIESEL (LITRO)|33.34|226.07|IDENTIFICADOR: 36105
93171998|774658|303|02|124390409|-1|2024|1|2 - ABASTECIMENTO EM POSTO / COMÉRCIO|0|0|6 - ÓLEO LUBRIFICANTE (LITRO)|10.0|633.3|IDENTIFICADOR: 36417
93171999|774612|303|02|124390409|-1|2024|1|2 - ABASTECIMENTO EM POSTO / COMÉRCIO|0|0|4 - DIESEL (LITRO)|36.26|242.58|IDENTIFICADOR: 36194
93172000|774573|303|02|-1|17435203|2024|1|2 - ABASTECIMENTO EM POSTO / COMÉRCIO|72194|75302|2 - GASOLINA (LITRO)|35.04|209.89|IDENTIFICADOR: 36137
93172001|774562|303|02|124390409|-1|2024|1|2 - ABASTECIMENTO EM POSTO / COMÉRCIO|294170|295840|2 - GASOLINA (LITRO)|44.42|266.08|IDENTIFICADOR: 36181
93172002|774574|303|02|-1|17435203|2024|1|2 - ABASTECIMENTO EM POSTO / COMÉRCIO|5486|6804|4 - DIESEL (LITRO)|34.11|238.43|IDENTIFICADOR: 36122
93172003|774549|303|02|124390409|-1|2024|1|2 - ABASTECIMENTO EM POSTO / COMÉRCIO|113320|113671|2 - GASOLINA (LITRO)|26.98|158.91|IDENTIFICADOR: 36180
93172004|774544|303|02|-1|17435203|2024|1|2 - ABASTECIMENTO EM POSTO / COMÉRCIO|48530|50468|2 - GASOLINA (LITRO)|20.94|123.34|IDENTIFICADOR: 36157
93172005|774550|303|02|124390409|-1|2024|1|2 - ABASTECIMENTO EM POSTO / COMÉRCIO|235910|235910|2 - GASOLINA (LITRO)|34.02|200.38|IDENTIFICADOR: 36355
93172006|774625|303|02|124390409|-1|2024|1|2 - ABASTECIMENTO EM POSTO / COMÉRCIO|59705|59705|9 - SERVIÇOS|1.0|2480.0|OS N° 107909 REVISAO GERALLIMPEZA QUIMICA RADIADOR
93172007|774612|303|02|124390409|-1|2024|1|2 - ABASTECIMENTO EM POSTO / COMÉRCIO|0|0|2 - GASOLINA (LITRO)|41.8|250.38|IDENTIFICADOR: 36191
93172008|774612|303|02|124390409|-1|2024|1|2 - ABASTECIMENTO EM POSTO / COMÉRCIO|0|0|2 - GASOLINA (LITRO)|43.3|255.04|IDENTIFICADOR: 36195
93172009|774660|303|02|124390408|-1|2024|1|2 - ABASTECIMENTO EM POSTO / COMÉRCIO|0|0|2 - GASOLINA (LITRO)|38.55|227.09|IDENTIFICADOR: 36236
93172010|774593|303|02|124390409|-1|2024|1|2 - ABASTECIMENTO EM POSTO / COMÉRCIO|57829|59079|8 - PEÇAS|1.0|329.0|KIT CORREIA COM TENSOR
93172011|774593|303|02|124390409|-1|2024|1|2 - ABASTECIMENTO EM POSTO / COMÉRCIO|57829|59079|2 - GASOLINA (LITRO)|39.96|239.36|IDENTIFICADOR: 36203
93172012|774658|303|02|124390409|-1|2024|1|2 - ABASTECIMENTO EM POSTO / COMÉRCIO|0|0|4 - DIESEL (LITRO)|138.43|926.1|IDENTIFICADOR: 36339
93172013|774543|303|02|124390417|-1|2024|1|2 - ABASTECIMENTO EM POSTO / COMÉRCIO|138661|138901|2 - GASOLINA (LITRO)|16.69|100.0|IDENTIFICADOR: 36072
93172014|774657|303|02|124390409|-1|2024|1|2 - ABASTECIMENTO EM POSTO / COMÉRCIO|0|0|8 - PEÇAS|1.0|6641.82|EIXO PILOTO
93172018|774555|303|02|124390411|-1|2024|1|2 - ABASTECIMENTO EM POSTO / COMÉRCIO|117273|117677|9 - SERVIÇOS|1.0|160.0|OS N° 109003 RASTREAMENTOTROCA DE CABO E VELA
93172015|774562|303|02|124390409|-1|2024|1|2 - ABASTECIMENTO EM POSTO / COMÉRCIO|294170|295840|2 - GASOLINA (LITRO)|43.76|257.75|IDENTIFICADOR: 36350
93172016|774555|303|02|124390411|-1|2024|1|2 - ABASTECIMENTO EM POSTO / COMÉRCIO|117273|117677|2 - GASOLINA (LITRO)|16.97|100.0|IDENTIFICADOR: 36247
93172017|774545|303|02|124390411|-1|2024|1|2 - ABASTECIMENTO EM POSTO / COMÉRCIO|209882|210585|2 - GASOLINA (LITRO)|29.44|173.4|IDENTIFICADOR: 36245
93172019|774541|303|02|-1|17435203|2024|1|2 - ABASTECIMENTO EM POSTO / COMÉRCIO|48143|49887|2 - GASOLINA (LITRO)|19.36|102.45|IDENTIFICADOR: 36150
93172020|774570|303|02|124390411|-1|2024|1|2 - ABASTECIMENTO EM POSTO / COMÉRCIO|69405|69742|2 - GASOLINA (LITRO)|51.52|303.45|IDENTIFICADOR: 36428
93172021|774612|303|02|124390409|-1|2024|1|2 - ABASTECIMENTO EM POSTO / COMÉRCIO|0|0|2 - GASOLINA (LITRO)|42.41|254.04|IDENTIFICADOR: 36193
93172022|774657|303|02|124390409|-1|2024|1|2 - ABASTECIMENTO EM POSTO / COMÉRCIO|0|0|4 - DIESEL (LITRO)|145.79|975.34|IDENTIFICADOR: 36377
93172023|774573|303|02|-1|17435203|2024|1|2 - ABASTECIMENTO EM POSTO / COMÉRCIO|72194|75302|2 - GASOLINA (LITRO)|32.17|179.83|IDENTIFICADOR: 36139
93172024|774569|303|02|124390408|-1|2024|1|2 - ABASTECIMENTO EM POSTO / COMÉRCIO|4724|5045|2 - GASOLINA (LITRO)|28.92|170.34|IDENTIFICADOR: 36237
93172025|774658|303|02|124390409|-1|2024|1|2 - ABASTECIMENTO EM POSTO / COMÉRCIO|0|0|4 - DIESEL (LITRO)|170.56|1141.05|IDENTIFICADOR: 36338
93172026|774657|303|02|124390409|-1|2024|1|2 - ABASTECIMENTO EM POSTO / COMÉRCIO|0|0|9 - SERVIÇOS|1.0|3720.0|OS N° 104350 REVISAO GERAL E LUBRIFICACAO
93172027|774579|303|02|-1|17435203|2024|1|2 - ABASTECIMENTO EM POSTO / COMÉRCIO|83066|86715|4 - DIESEL (LITRO)|32.1|224.38|IDENTIFICADOR: 36106
93172028|774650|303|02|124390409|-1|2024|1|2 - ABASTECIMENTO EM POSTO / COMÉRCIO|0|0|4 - DIESEL (LITRO)|133.89|895.72|IDENTIFICADOR: 36335
93172029|774564|303|02|-1|17435088|2024|1|2 - ABASTECIMENTO EM POSTO / COMÉRCIO|4947|6297|2 - GASOLINA (LITRO)|20.5|135.23|IDENTIFICADOR: 36082
93172030|774564|303|02|-1|17435088|2024|1|2 - ABASTECIMENTO EM POSTO / COMÉRCIO|4947|6297|2 - GASOLINA (LITRO)|14.53|90.09|IDENTIFICADOR: 36083
93172031|774577|303|02|-1|17435203|2024|1|2 - ABASTECIMENTO EM POSTO / COMÉRCIO|36121|36609|4 - DIESEL (LITRO)|49.79|348.03|IDENTIFICADOR: 36158
93172032|774641|303|02|-1|17435203|2024|1|2 - ABASTECIMENTO EM POSTO / COMÉRCIO|182975|185542|4 - DIESEL (LITRO)|30.0|179.7|IDENTIFICADOR: 36119
93172033|774609|303|02|124390568|-1|2024|1|2 - ABASTECIMENTO EM POSTO / COMÉRCIO|196152|198212|2 - GASOLINA (LITRO)|38.91|229.18|IDENTIFICADOR: 36283
93172034|774615|303|02|124390417|-1|2024|1|2 - ABASTECIMENTO EM POSTO / COMÉRCIO|0|0|2 - GASOLINA (LITRO)|5.09|30.0|IDENTIFICADOR: 36227
93172035|774647|303|02|124390409|-1|2024|1|2 - ABASTECIMENTO EM POSTO / COMÉRCIO|0|0|4 - DIESEL (LITRO)|70.15|469.3|IDENTIFICADOR: 36384
93172036|774638|303|02|-1|17435174|2024|1|2 - ABASTECIMENTO EM POSTO / COMÉRCIO|62233|62233|99 - OUTROS|6.0|18480.0|PNEU 27580 R225
93172037|774558|303|02|-1|17435203|2024|1|2 - ABASTECIMENTO EM POSTO / COMÉRCIO|66573|69150|2 - GASOLINA (LITRO)|32.12|192.4|IDENTIFICADOR: 36146
93172038|774594|303|02|-1|17435174|2024|1|2 - ABASTECIMENTO EM POSTO / COMÉRCIO|33376|34129|2 - GASOLINA (LITRO)|40.02|235.72|IDENTIFICADOR: 36098
93172039|774611|303|02|124390409|-1|2024|1|2 - ABASTECIMENTO EM POSTO / COMÉRCIO|0|0|4 - DIESEL (LITRO)|21.2|148.19|IDENTIFICADOR: 36185
93172040|774547|303|02|-1|17435203|2024|1|2 - ABASTECIMENTO EM POSTO / COMÉRCIO|15197|18657|2 - GASOLINA (LITRO)|29.84|154.85|IDENTIFICADOR: 36162
93172041|774628|303|02|124390409|-1|2024|1|2 - ABASTECIMENTO EM POSTO / COMÉRCIO|0|0|4 - DIESEL (LITRO)|65.18|455.61|IDENTIFICADOR: 36216
93172042|774593|303|02|124390409|-1|2024|1|2 - ABASTECIMENTO EM POSTO / COMÉRCIO|57829|59079|99 - OUTROS|2.0|1078.0|PNEU 17570 R14
93172043|774550|303|02|124390409|-1|2024|1|2 - ABASTECIMENTO EM POSTO / COMÉRCIO|235910|235910|9 - SERVIÇOS|1.0|80.0|OS N° 110281 TROCA DE OLEO E FILTRO
93172044|774658|303|02|124390409|-1|2024|1|2 - ABASTECIMENTO EM POSTO / COMÉRCIO|0|0|4 - DIESEL (LITRO)|74.59|499.01|IDENTIFICADOR: 36175
93172045|774593|303|02|124390409|-1|2024|1|2 - ABASTECIMENTO EM POSTO / COMÉRCIO|57829|59079|2 - GASOLINA (LITRO)|40.2|240.8|IDENTIFICADOR: 36204
93172046|774615|303|02|124390417|-1|2024|1|2 - ABASTECIMENTO EM POSTO / COMÉRCIO|0|0|2 - GASOLINA (LITRO)|21.98|129.46|IDENTIFICADOR: 36226
93172047|774650|303|02|124390409|-1|2024|1|2 - ABASTECIMENTO EM POSTO / COMÉRCIO|0|0|4 - DIESEL (LITRO)|164.54|1150.13|IDENTIFICADOR: 36168
93172048|774658|303|02|124390409|-1|2024|1|2 - ABASTECIMENTO EM POSTO / COMÉRCIO|0|0|8 - PEÇAS|2.0|1884.86|MANGUEIRA PRESSAO OLEO
93172049|774584|303|02|-1|17435203|2024|1|2 - ABASTECIMENTO EM POSTO / COMÉRCIO|34914|37606|4 - DIESEL (LITRO)|82.58|521.82|IDENTIFICADOR: 36109
93172050|774555|303|02|124390411|-1|2024|1|2 - ABASTECIMENTO EM POSTO / COMÉRCIO|117273|117677|2 - GASOLINA (LITRO)|20.03|120.0|IDENTIFICADOR: 36090
93172051|774609|303|02|-1|17435203|2024|1|2 - ABASTECIMENTO EM POSTO / COMÉRCIO|196152|198212|2 - GASOLINA (LITRO)|47.84|253.07|IDENTIFICADOR: 36125
93172052|774578|303|02|-1|17435203|2024|1|2 - ABASTECIMENTO EM POSTO / COMÉRCIO|888|1788|4 - DIESEL (LITRO)|27.31|190.9|IDENTIFICADOR: 36167
93172053|774658|303|02|124390409|-1|2024|1|2 - ABASTECIMENTO EM POSTO / COMÉRCIO|0|0|4 - DIESEL (LITRO)|54.52|381.09|IDENTIFICADOR: 36174
93172054|774606|303|02|124390409|-1|2024|1|2 - ABASTECIMENTO EM POSTO / COMÉRCIO|106585|108227|2 - GASOLINA (LITRO)|52.49|314.42|IDENTIFICADOR: 36177
93172055|774593|303|02|124390409|-1|2024|1|2 - ABASTECIMENTO EM POSTO / COMÉRCIO|57829|59079|2 - GASOLINA (LITRO)|54.24|324.9|IDENTIFICADOR: 36205
93172056|774660|303|02|124390408|-1|2024|1|2 - ABASTECIMENTO EM POSTO / COMÉRCIO|0|0|2 - GASOLINA (LITRO)|28.0|167.72|IDENTIFICADOR: 36075
93172057|774564|303|02|-1|17435088|2024|1|2 - ABASTECIMENTO EM POSTO / COMÉRCIO|4947|6297|2 - GASOLINA (LITRO)|17.73|116.84|IDENTIFICADOR: 36081
93172058|774657|303|02|124390409|-1|2024|1|2 - ABASTECIMENTO EM POSTO / COMÉRCIO|0|0|8 - PEÇAS|1.0|523.07|BUCHA H
93172059|774543|303|02|124390417|-1|2024|1|2 - ABASTECIMENTO EM POSTO / COMÉRCIO|138661|138901|2 - GASOLINA (LITRO)|16.97|100.0|IDENTIFICADOR: 36230
93172063|774547|303|02|-1|17435203|2024|1|2 - ABASTECIMENTO EM POSTO / COMÉRCIO|15197|18657|2 - GASOLINA (LITRO)|18.75|110.44|IDENTIFICADOR: 36164
93172060|774612|303|02|124390409|-1|2024|1|2 - ABASTECIMENTO EM POSTO / COMÉRCIO|0|0|4 - DIESEL (LITRO)|36.78|257.09|IDENTIFICADOR: 36190
93172061|774657|303|02|124390409|-1|2024|1|2 - ABASTECIMENTO EM POSTO / COMÉRCIO|0|0|8 - PEÇAS|2.0|794.16|SUPORTE
93172062|774594|303|02|-1|17435174|2024|1|2 - ABASTECIMENTO EM POSTO / COMÉRCIO|33376|34129|2 - GASOLINA (LITRO)|44.09|264.1|IDENTIFICADOR: 36097
93172064|774612|303|02|124390409|-1|2024|1|2 - ABASTECIMENTO EM POSTO / COMÉRCIO|0|0|4 - DIESEL (LITRO)|218.24|1438.2|IDENTIFICADOR: 36359
93172065|774571|303|02|-1|17435203|2024|1|2 - ABASTECIMENTO EM POSTO / COMÉRCIO|207660|207660|2 - GASOLINA (LITRO)|40.02|235.72|IDENTIFICADOR: 36102
93172066|774623|303|02|124390409|-1|2024|1|2 - ABASTECIMENTO EM POSTO / COMÉRCIO|29526|29792|4 - DIESEL (LITRO)|160.83|1075.95|IDENTIFICADOR: 36212
93172067|774636|303|02|-1|17435174|2024|1|2 - ABASTECIMENTO EM POSTO / COMÉRCIO|65550|65550|8 - PEÇAS|6.0|7680.0|PNEU 21575 R17,5
93172068|774579|303|02|124390568|-1|2024|1|2 - ABASTECIMENTO EM POSTO / COMÉRCIO|83066|86715|4 - DIESEL (LITRO)|36.75|245.86|IDENTIFICADOR: 36262
93172069|774660|303|02|124390408|-1|2024|1|2 - ABASTECIMENTO EM POSTO / COMÉRCIO|0|0|2 - GASOLINA (LITRO)|20.0|117.8|IDENTIFICADOR: 36235
93172070|774562|303|02|124390409|-1|2024|1|2 - ABASTECIMENTO EM POSTO / COMÉRCIO|294170|295840|2 - GASOLINA (LITRO)|39.96|239.36|IDENTIFICADOR: 36182
93172071|774593|303|02|124390409|-1|2024|1|2 - ABASTECIMENTO EM POSTO / COMÉRCIO|57829|59079|8 - PEÇAS|4.0|152.0|VELA DE IGNICAO
93172072|774593|303|02|124390409|-1|2024|1|2 - ABASTECIMENTO EM POSTO / COMÉRCIO|57829|59079|2 - GASOLINA (LITRO)|38.66|227.71|IDENTIFICADOR: 36381
93172073|774569|303|02|124390408|-1|2024|1|2 - ABASTECIMENTO EM POSTO / COMÉRCIO|4724|5045|2 - GASOLINA (LITRO)|19.71|118.06|IDENTIFICADOR: 36078
93172074|774593|303|02|124390409|-1|2024|1|2 - ABASTECIMENTO EM POSTO / COMÉRCIO|57829|59079|9 - SERVIÇOS|1.0|360.0|OS N° 99786 REPAROS NA SUSPENSAO
93172075|774555|303|02|124390411|-1|2024|1|2 - ABASTECIMENTO EM POSTO / COMÉRCIO|117273|117677|8 - PEÇAS|4.0|140.0|VELA DE IGNICAO
93172076|774567|303|02|124390411|-1|2024|1|2 - ABASTECIMENTO EM POSTO / COMÉRCIO|56740|57150|2 - GASOLINA (LITRO)|33.11|195.02|IDENTIFICADOR: 36440
93172077|774648|303|02|124390409|-1|2024|1|2 - ABASTECIMENTO EM POSTO / COMÉRCIO|0|0|6 - ÓLEO LUBRIFICANTE (LITRO)|2.0|859.0|IDENTIFICADOR: 36423
93172078|774623|303|02|124390409|-1|2024|1|2 - ABASTECIMENTO EM POSTO / COMÉRCIO|29526|29792|4 - DIESEL (LITRO)|91.84|614.41|IDENTIFICADOR: 36388
93172079|774618|303|02|124390409|-1|2024|1|2 - ABASTECIMENTO EM POSTO / COMÉRCIO|0|0|4 - DIESEL (LITRO)|97.6|647.09|IDENTIFICADOR: 36187
93172080|774650|303|02|124390409|-1|2024|1|2 - ABASTECIMENTO EM POSTO / COMÉRCIO|0|0|8 - PEÇAS|1.0|300.0|FILTRO DIESEL
93172081|774561|303|02|-1|17435203|2024|1|2 - ABASTECIMENTO EM POSTO / COMÉRCIO|37733|39903|2 - GASOLINA (LITRO)|38.78|216.78|IDENTIFICADOR: 36154
93172082|774650|303|02|124390409|-1|2024|1|2 - ABASTECIMENTO EM POSTO / COMÉRCIO|0|0|4 - DIESEL (LITRO)|124.9|835.58|IDENTIFICADOR: 36334
93172083|774562|303|02|124390409|-1|2024|1|2 - ABASTECIMENTO EM POSTO / COMÉRCIO|294170|295840|2 - GASOLINA (LITRO)|40.38|237.84|IDENTIFICADOR: 36349
93172084|774657|303|02|124390409|-1|2024|1|2 - ABASTECIMENTO EM POSTO / COMÉRCIO|0|0|4 - DIESEL (LITRO)|146.46|979.82|IDENTIFICADOR: 36603
93172085|774606|303|02|124390409|-1|2024|1|2 - ABASTECIMENTO EM POSTO / COMÉRCIO|106585|108227|2 - GASOLINA (LITRO)|46.09|276.08|IDENTIFICADOR: 36176
93172086|774547|303|02|-1|17435203|2024|1|2 - ABASTECIMENTO EM POSTO / COMÉRCIO|15197|18657|2 - GASOLINA (LITRO)|34.35|198.89|IDENTIFICADOR: 36161
93172087|774657|303|02|124390409|-1|2024|1|2 - ABASTECIMENTO EM POSTO / COMÉRCIO|0|0|8 - PEÇAS|3.0|353.07|CHAPA DE APOIO DAS SAPATAS
93172088|774621|303|02|124390409|-1|2024|1|2 - ABASTECIMENTO EM POSTO / COMÉRCIO|96429|98115|4 - DIESEL (LITRO)|82.46|551.66|IDENTIFICADOR: 36379
93172089|774648|303|02|124390409|-1|2024|1|2 - ABASTECIMENTO EM POSTO / COMÉRCIO|0|0|4 - DIESEL (LITRO)|65.31|456.52|IDENTIFICADOR: 36206
93172090|774591|303|02|-1|17435203|2024|1|2 - ABASTECIMENTO EM POSTO / COMÉRCIO|217433|219171|2 - GASOLINA (LITRO)|36.5|204.04|IDENTIFICADOR: 36129
93172091|774657|303|02|124390409|-1|2024|1|2 - ABASTECIMENTO EM POSTO / COMÉRCIO|0|0|99 - OUTROS|38.0|379.62|PORCA SEXTAVADA 58
93172092|774641|303|02|-1|17435203|2024|1|2 - ABASTECIMENTO EM POSTO / COMÉRCIO|182975|185542|4 - DIESEL (LITRO)|106.96|656.73|IDENTIFICADOR: 36120
93172093|774561|303|02|-1|17435203|2024|1|2 - ABASTECIMENTO EM POSTO / COMÉRCIO|37733|39903|2 - GASOLINA (LITRO)|28.94|153.09|IDENTIFICADOR: 36153
93172094|774625|303|02|124390409|-1|2024|1|2 - ABASTECIMENTO EM POSTO / COMÉRCIO|59705|59705|8 - PEÇAS|1.0|2169.33|RESERVATORIO DE AGUA DO RADIADOR
93172095|774550|303|02|124390409|-1|2024|1|2 - ABASTECIMENTO EM POSTO / COMÉRCIO|235910|235910|6 - ÓLEO LUBRIFICANTE (LITRO)|5.0|316.65|IDENTIFICADOR: 36422
93172096|774562|303|02|124390409|-1|2024|1|2 - ABASTECIMENTO EM POSTO / COMÉRCIO|294170|295840|2 - GASOLINA (LITRO)|22.99|135.41|IDENTIFICADOR: 36347
93172097|774593|303|02|124390409|-1|2024|1|2 - ABASTECIMENTO EM POSTO / COMÉRCIO|57829|59079|8 - PEÇAS|1.0|52.0|LAMPADA H4
93172098|774658|303|02|124390409|-1|2024|1|2 - ABASTECIMENTO EM POSTO / COMÉRCIO|0|0|9 - SERVIÇOS|1.0|1850.0|OS N° 101556 SOCORRO MECANICO E REVISAO GERAL
93172099|774650|303|02|124390409|-1|2024|1|2 - ABASTECIMENTO EM POSTO / COMÉRCIO|0|0|4 - DIESEL (LITRO)|149.98|1048.36|IDENTIFICADOR: 36172
93172100|774594|303|02|-1|17435174|2024|1|2 - ABASTECIMENTO EM POSTO / COMÉRCIO|33376|34129|2 - GASOLINA (LITRO)|42.5|250.32|IDENTIFICADOR: 36240
93172101|774612|303|02|124390409|-1|2024|1|2 - ABASTECIMENTO EM POSTO / COMÉRCIO|0|0|4 - DIESEL (LITRO)|44.72|299.18|IDENTIFICADOR: 36367
93172102|774625|303|02|124390409|-1|2024|1|2 - ABASTECIMENTO EM POSTO / COMÉRCIO|59705|59705|4 - DIESEL (LITRO)|152.02|1017.01|IDENTIFICADOR: 36201
93172103|774657|303|02|124390409|-1|2024|1|2 - ABASTECIMENTO EM POSTO / COMÉRCIO|0|0|8 - PEÇAS|3.0|367.29|ESPACADOR MICRO SKY
93172104|774589|303|02|-1|17435203|2024|1|2 - ABASTECIMENTO EM POSTO / COMÉRCIO|56762|59400|2 - GASOLINA (LITRO)|41.55|219.8|IDENTIFICADOR: 36142
93172105|774621|303|02|124390409|-1|2024|1|2 - ABASTECIMENTO EM POSTO / COMÉRCIO|96429|98115|4 - DIESEL (LITRO)|264.67|1850.04|IDENTIFICADOR: 36200
93172109|774612|303|02|124390409|-1|2024|1|2 - ABASTECIMENTO EM POSTO / COMÉRCIO|0|0|4 - DIESEL (LITRO)|63.62|425.62|IDENTIFICADOR: 36372
93172106|774609|303|02|124390568|-1|2024|1|2 - ABASTECIMENTO EM POSTO / COMÉRCIO|196152|198212|2 - GASOLINA (LITRO)|43.54|256.45|IDENTIFICADOR: 36282
93172107|774595|303|02|-1|17435203|2024|1|2 - ABASTECIMENTO EM POSTO / COMÉRCIO|202050|203650|2 - GASOLINA (LITRO)|55.93|287.5|IDENTIFICADOR: 36136
93172108|774551|303|02|124390409|-1|2024|1|2 - ABASTECIMENTO EM POSTO / COMÉRCIO|188184|189653|2 - GASOLINA (LITRO)|43.53|260.74|IDENTIFICADOR: 36189
93172110|774619|303|02|124390409|-1|2024|1|2 - ABASTECIMENTO EM POSTO / COMÉRCIO|25080|25454|4 - DIESEL (LITRO)|113.98|762.53|IDENTIFICADOR: 36467
93172111|774564|303|02|-1|17435088|2024|1|2 - ABASTECIMENTO EM POSTO / COMÉRCIO|4947|6297|2 - GASOLINA (LITRO)|9.26|55.47|IDENTIFICADOR: 36079
93172112|774647|303|02|124390409|-1|2024|1|2 - ABASTECIMENTO EM POSTO / COMÉRCIO|0|0|4 - DIESEL (LITRO)|45.0|301.05|IDENTIFICADOR: 36386
93172113|774657|303|02|124390409|-1|2024|1|2 - ABASTECIMENTO EM POSTO / COMÉRCIO|0|0|8 - PEÇAS|1.0|85.2|RETENTOR REDUTOR GIRO CESTA
93172114|774567|303|02|124390411|-1|2024|1|2 - ABASTECIMENTO EM POSTO / COMÉRCIO|56740|57150|2 - GASOLINA (LITRO)|38.75|232.11|IDENTIFICADOR: 36095
93172115|774657|303|02|124390409|-1|2024|1|2 - ABASTECIMENTO EM POSTO / COMÉRCIO|0|0|8 - PEÇAS|2.0|158.54|PLACA DE DESGASTE BAL 1230
93172116|774591|303|02|-1|17435203|2024|1|2 - ABASTECIMENTO EM POSTO / COMÉRCIO|217433|219171|2 - GASOLINA (LITRO)|42.0|243.18|IDENTIFICADOR: 36130
93172117|774648|303|02|124390409|-1|2024|1|2 - ABASTECIMENTO EM POSTO / COMÉRCIO|0|0|4 - DIESEL (LITRO)|62.3|416.79|IDENTIFICADOR: 36209
93172118|774544|303|02|-1|17435203|2024|1|2 - ABASTECIMENTO EM POSTO / COMÉRCIO|48530|50468|2 - GASOLINA (LITRO)|36.52|211.45|IDENTIFICADOR: 36155
93172119|774650|303|02|124390409|-1|2024|1|2 - ABASTECIMENTO EM POSTO / COMÉRCIO|0|0|4 - DIESEL (LITRO)|137.28|959.59|IDENTIFICADOR: 36171
93172120|774612|303|02|124390409|-1|2024|1|2 - ABASTECIMENTO EM POSTO / COMÉRCIO|0|0|4 - DIESEL (LITRO)|39.45|263.92|IDENTIFICADOR: 36369
93172121|774573|303|02|-1|17435203|2024|1|2 - ABASTECIMENTO EM POSTO / COMÉRCIO|72194|75302|2 - GASOLINA (LITRO)|39.67|221.76|IDENTIFICADOR: 36141
93172122|774564|303|02|-1|17435088|2024|1|2 - ABASTECIMENTO EM POSTO / COMÉRCIO|4947|6297|2 - GASOLINA (LITRO)|28.7|169.04|IDENTIFICADOR: 36238
93172123|774578|303|02|-1|17435203|2024|1|2 - ABASTECIMENTO EM POSTO / COMÉRCIO|888|1788|4 - DIESEL (LITRO)|35.08|237.84|IDENTIFICADOR: 36166
93172124|774551|303|02|124390409|-1|2024|1|2 - ABASTECIMENTO EM POSTO / COMÉRCIO|188184|189653|2 - GASOLINA (LITRO)|31.54|185.77|IDENTIFICADOR: 36358
93172125|774658|303|02|124390409|-1|2024|1|2 - ABASTECIMENTO EM POSTO / COMÉRCIO|0|0|8 - PEÇAS|1.0|7846.37|BOMBA ELETRICA
93172126|774641|303|02|-1|17435203|2024|1|2 - ABASTECIMENTO EM POSTO / COMÉRCIO|182975|185542|4 - DIESEL (LITRO)|75.8|529.84|IDENTIFICADOR: 36116
93172127|774541|303|02|124390568|-1|2024|1|2 - ABASTECIMENTO EM POSTO / COMÉRCIO|48143|49887|2 - GASOLINA (LITRO)|41.13|242.26|IDENTIFICADOR: 36311
93172128|774545|303|02|124390411|-1|2024|1|2 - ABASTECIMENTO EM POSTO / COMÉRCIO|209882|210585|2 - GASOLINA (LITRO)|29.2|171.99|IDENTIFICADOR: 36094
93172129|774549|303|02|124390409|-1|2024|1|2 - ABASTECIMENTO EM POSTO / COMÉRCIO|113320|113671|2 - GASOLINA (LITRO)|34.45|206.36|IDENTIFICADOR: 36178
93172130|774582|303|02|-1|17435174|2024|1|2 - ABASTECIMENTO EM POSTO / COMÉRCIO|119684|120306|2 - GASOLINA (LITRO)|50.83|299.39|IDENTIFICADOR: 36239
93172131|774658|303|02|124390409|-1|2024|1|2 - ABASTECIMENTO EM POSTO / COMÉRCIO|0|0|4 - DIESEL (LITRO)|260.47|1742.54|IDENTIFICADOR: 36341
93172132|774545|303|02|124390411|-1|2024|1|2 - ABASTECIMENTO EM POSTO / COMÉRCIO|209882|210585|2 - GASOLINA (LITRO)|16.69|100.0|IDENTIFICADOR: 36093
93172133|774547|303|02|124390568|-1|2024|1|2 - ABASTECIMENTO EM POSTO / COMÉRCIO|15197|18657|2 - GASOLINA (LITRO)|22.09|130.11|IDENTIFICADOR: 36330
93172134|774593|303|02|124390409|-1|2024|1|2 - ABASTECIMENTO EM POSTO / COMÉRCIO|57829|59079|8 - PEÇAS|2.0|396.0|BUCHA TRASEIRA BANDEJA LD
93172135|774631|303|02|-1|17435174|2024|1|2 - ABASTECIMENTO EM POSTO / COMÉRCIO|40818|40818|99 - OUTROS|6.0|7140.0|PNEU 75016
93172136|774658|303|02|124390409|-1|2024|1|2 - ABASTECIMENTO EM POSTO / COMÉRCIO|0|0|4 - DIESEL (LITRO)|226.49|1515.22|IDENTIFICADOR: 36340
93172137|774612|303|02|124390409|-1|2024|1|2 - ABASTECIMENTO EM POSTO / COMÉRCIO|0|0|2 - GASOLINA (LITRO)|24.24|142.8|IDENTIFICADOR: 36370
93172138|774624|303|02|124390408|-1|2024|1|2 - ABASTECIMENTO EM POSTO / COMÉRCIO|366799|366800|4 - DIESEL (LITRO)|78.03|517.34|IDENTIFICADOR: 36073
93172139|774554|303|02|124390415|-1|2024|1|2 - ABASTECIMENTO EM POSTO / COMÉRCIO|511|1316|2 - GASOLINA (LITRO)|38.92|229.24|IDENTIFICADOR: 36232
93172140|774611|303|02|124390409|-1|2024|1|2 - ABASTECIMENTO EM POSTO / COMÉRCIO|0|0|4 - DIESEL (LITRO)|51.02|356.63|IDENTIFICADOR: 36186
93172141|774564|303|02|-1|17435088|2024|1|2 - ABASTECIMENTO EM POSTO / COMÉRCIO|4947|6297|2 - GASOLINA (LITRO)|9.08|53.05|IDENTIFICADOR: 36080
93172142|774647|303|02|124390409|-1|2024|1|2 - ABASTECIMENTO EM POSTO / COMÉRCIO|0|0|4 - DIESEL (LITRO)|31.25|209.06|IDENTIFICADOR: 36387
93172143|774550|303|02|124390409|-1|2024|1|2 - ABASTECIMENTO EM POSTO / COMÉRCIO|235910|235910|8 - PEÇAS|1.0|79.5|FILTRO DE OLEO
93172144|774612|303|02|124390409|-1|2024|1|2 - ABASTECIMENTO EM POSTO / COMÉRCIO|0|0|2 - GASOLINA (LITRO)|43.96|283.92|IDENTIFICADOR: 36366
93172145|774619|303|02|124390409|-1|2024|1|2 - ABASTECIMENTO EM POSTO / COMÉRCIO|25080|25454|4 - DIESEL (LITRO)|172.08|1202.84|IDENTIFICADOR: 36202
93172146|774648|303|02|124390409|-1|2024|1|2 - ABASTECIMENTO EM POSTO / COMÉRCIO|0|0|4 - DIESEL (LITRO)|102.5|716.48|IDENTIFICADOR: 36207
93172147|774621|303|02|124390409|-1|2024|1|2 - ABASTECIMENTO EM POSTO / COMÉRCIO|96429|98115|4 - DIESEL (LITRO)|218.51|1527.38|IDENTIFICADOR: 36199
93172148|774593|303|02|124390409|-1|2024|1|2 - ABASTECIMENTO EM POSTO / COMÉRCIO|57829|59079|8 - PEÇAS|2.0|84.0|BUCHA DA BARRA ESTABILIZADORA
93172149|774562|303|02|124390409|-1|2024|1|2 - ABASTECIMENTO EM POSTO / COMÉRCIO|294170|295840|2 - GASOLINA (LITRO)|37.57|225.04|IDENTIFICADOR: 36183
93172150|774588|303|02|-1|17435203|2024|1|2 - ABASTECIMENTO EM POSTO / COMÉRCIO|180508|182143|2 - GASOLINA (LITRO)|20.0|111.8|IDENTIFICADOR: 36127
93172154|774657|303|02|124390409|-1|2024|1|2 - ABASTECIMENTO EM POSTO / COMÉRCIO|0|0|4 - DIESEL (LITRO)|156.72|1048.46|IDENTIFICADOR: 36376
93172151|774568|303|02|-1|17435203|2024|1|2 - ABASTECIMENTO EM POSTO / COMÉRCIO|209475|210240|2 - GASOLINA (LITRO)|35.37|211.87|IDENTIFICADOR: 36124
93172152|774657|303|02|124390409|-1|2024|1|2 - ABASTECIMENTO EM POSTO / COMÉRCIO|0|0|4 - DIESEL (LITRO)|212.53|1421.83|IDENTIFICADOR: 36375
93172153|774612|303|02|124390409|-1|2024|1|2 - ABASTECIMENTO EM POSTO / COMÉRCIO|0|0|2 - GASOLINA (LITRO)|42.95|257.27|IDENTIFICADOR: 36192
93172155|774611|303|02|124390409|-1|2024|1|2 - ABASTECIMENTO EM POSTO / COMÉRCIO|0|0|4 - DIESEL (LITRO)|58.59|391.97|IDENTIFICADOR: 36352
93172156|774657|303|02|124390409|-1|2024|1|2 - ABASTECIMENTO EM POSTO / COMÉRCIO|0|0|8 - PEÇAS|2.0|4058.82|LAMINA PARA MOTONIVELADORA
93172157|774657|303|02|124390409|-1|2024|1|2 - ABASTECIMENTO EM POSTO / COMÉRCIO|0|0|8 - PEÇAS|2.0|106.58|PLACA
93172158|774588|303|02|-1|17435203|2024|1|2 - ABASTECIMENTO EM POSTO / COMÉRCIO|180508|182143|2 - GASOLINA (LITRO)|37.39|209.01|IDENTIFICADOR: 36128
93172159|774593|303|02|124390409|-1|2024|1|2 - ABASTECIMENTO EM POSTO / COMÉRCIO|57829|59079|8 - PEÇAS|2.0|150.0|BUCHA DA BANDEJA
93172160|774551|303|02|124390409|-1|2024|1|2 - ABASTECIMENTO EM POSTO / COMÉRCIO|188184|189653|2 - GASOLINA (LITRO)|44.08|259.63|IDENTIFICADOR: 36357
93172161|774618|303|02|124390409|-1|2024|1|2 - ABASTECIMENTO EM POSTO / COMÉRCIO|0|0|4 - DIESEL (LITRO)|110.78|730.04|IDENTIFICADOR: 36354
93285863|774568|303|02|124390568|-1|2024|3|2 - ABASTECIMENTO EM POSTO / COMÉRCIO|211556|212717|2 - GASOLINA (LITRO)|51.36|312.78|IDENTIFICADOR 37053 GASOLINA
93285864|774609|303|02|124390568|-1|2024|3|2 - ABASTECIMENTO EM POSTO / COMÉRCIO|200450|201500|8 - PEÇAS|1.0|285.0|OS N° 140652 JUNTA HOMOCINETICA INTERNA
93285865|774536|303|02|124390568|-1|2024|3|2 - ABASTECIMENTO EM POSTO / COMÉRCIO|137522|137522|6 - ÓLEO LUBRIFICANTE (LITRO)|4.0|290.0|IDENTIFICADOR 37138 OS N° 142221 OLEO 15W40
93285866|774573|303|02|124390568|-1|2024|3|2 - ABASTECIMENTO EM POSTO / COMÉRCIO|78677|81250|2 - GASOLINA (LITRO)|33.93|191.38|IDENTIFICADOR 36874 GASOLINA
93285867|774550|303|02|-1|17434892|2024|3|2 - ABASTECIMENTO EM POSTO / COMÉRCIO|235910|236197|8 - PEÇAS|1.0|140.0|OS N° 130307 CABO
93285868|774591|303|02|124390568|-1|2024|3|2 - ABASTECIMENTO EM POSTO / COMÉRCIO|223433|226129|8 - PEÇAS|1.0|220.0|OS N° 127682 REGULADOR DE VOLTAGEM
93285869|774544|303|02|124390568|-1|2024|3|2 - ABASTECIMENTO EM POSTO / COMÉRCIO|53551|56136|2 - GASOLINA (LITRO)|24.59|139.92|IDENTIFICADOR 36894 GASOLINA
93285870|774589|303|02|124390568|-1|2024|3|2 - ABASTECIMENTO EM POSTO / COMÉRCIO|62715|64047|8 - PEÇAS|1.0|815.0|OS N° 127735 EMBREAGEM
93285871|774634|303|02|124390568|-1|2024|3|2 - ABASTECIMENTO EM POSTO / COMÉRCIO|305498|306536|4 - DIESEL (LITRO)|87.8|543.53|IDENTIFICADOR 36848 DIESEL S10
93285872|774597|303|02|124390417|-1|2024|3|2 - ABASTECIMENTO EM POSTO / COMÉRCIO|75403|76195|99 - OUTROS|1.0|18.0|OS N° 140223 DESINGRIPANTE
93285873|774579|303|02|124390568|-1|2024|3|2 - ABASTECIMENTO EM POSTO / COMÉRCIO|90687|94123|4 - DIESEL (LITRO)|32.5|217.42|IDENTIFICADOR 36834 DIESEL S10
93285874|774660|303|02|124390408|-1|2024|3|2 - ABASTECIMENTO EM POSTO / COMÉRCIO|0|0|2 - GASOLINA (LITRO)|40.01|243.66|IDENTIFICADOR 37100 GASOLINA
93285875|774550|303|02|-1|17434892|2024|3|2 - ABASTECIMENTO EM POSTO / COMÉRCIO|235910|236197|9 - SERVIÇOS|1.0|1200.0|OS N° 130307 REVISAO
93285876|774536|303|02|124390568|-1|2024|3|2 - ABASTECIMENTO EM POSTO / COMÉRCIO|137522|137522|99 - OUTROS|2.0|1370.0|OS N° 142221 PNEU 18565 R14
93285877|774544|303|02|124390568|-1|2024|3|2 - ABASTECIMENTO EM POSTO / COMÉRCIO|53551|56136|2 - GASOLINA (LITRO)|27.11|154.26|IDENTIFICADOR 37084 GASOLINA
93285878|774568|303|02|124390568|-1|2024|3|2 - ABASTECIMENTO EM POSTO / COMÉRCIO|211556|212717|2 - GASOLINA (LITRO)|38.38|233.73|IDENTIFICADOR 36851 GASOLINA
93285879|774555|303|02|124390411|-1|2024|3|2 - ABASTECIMENTO EM POSTO / COMÉRCIO|118432|118843|2 - GASOLINA (LITRO)|13.13|80.0|IDENTIFICADOR 36810 GASOLINA
93285880|774641|303|02|124390568|-1|2024|3|2 - ABASTECIMENTO EM POSTO / COMÉRCIO|187600|189050|4 - DIESEL (LITRO)|126.4|737.38|IDENTIFICADOR 36850 DIESEL S10
93285881|774591|303|02|124390568|-1|2024|3|2 - ABASTECIMENTO EM POSTO / COMÉRCIO|223433|226129|2 - GASOLINA (LITRO)|53.19|280.31|IDENTIFICADOR 37064 GASOLINA
93285882|774597|303|02|124390417|-1|2024|3|2 - ABASTECIMENTO EM POSTO / COMÉRCIO|75403|76195|8 - PEÇAS|1.0|120.0|OS N° 140223 FECHADURA DA PORTA CORREDICA
93856836|774542|303|02|124390568|-1|2024|4|2 - ABASTECIMENTO EM POSTO / COMÉRCIO|241991|243066|2 - GASOLINA (LITRO)|24.6|149.81|IDENTIFICADOR 37397 GASOLINA
93856832|774589|303|02|124390568|-1|2024|4|2 - ABASTECIMENTO EM POSTO / COMÉRCIO|64155|65326|8 - PEÇAS|1.0|339.23|OS N° 143831_1 JOGO DE CABO DE VELAS
93856833|774589|303|02|124390568|-1|2024|4|2 - ABASTECIMENTO EM POSTO / COMÉRCIO|64155|65326|8 - PEÇAS|1.0|36.57|OS N° 143831_1 FILTRO DO AR CONDICIONADO
93856834|774579|303|02|124390568|-1|2024|4|2 - ABASTECIMENTO EM POSTO / COMÉRCIO|94332|98007|9 - SERVIÇOS|1.0|630.0|OS N° 140482_1 TROCAR OLEOFILTROSCORREIASREGFREIO
93856835|774567|303|02|124390411|-1|2024|4|2 - ABASTECIMENTO EM POSTO / COMÉRCIO|57954|58357|2 - GASOLINA (LITRO)|27.98|170.4|IDENTIFICADOR 37195 GASOLINA
93856837|774585|303|02|124390568|-1|2024|4|2 - ABASTECIMENTO EM POSTO / COMÉRCIO|178535|178535|8 - PEÇAS|1.0|369.0|OS N° 147426_1 KIT DE RETIFICACAO DO MOTOR
93856838|774541|303|02|124390568|-1|2024|4|2 - ABASTECIMENTO EM POSTO / COMÉRCIO|54883|57939|9 - SERVIÇOS|1.0|370.0|OS N° 144965_1 TROCA DE OLEOFILTROSDISCOPASTILHA
93856839|774541|303|02|124390568|-1|2024|4|2 - ABASTECIMENTO EM POSTO / COMÉRCIO|54883|57939|2 - GASOLINA (LITRO)|20.87|118.75|IDENTIFICADOR 37267 GASOLINA
93856840|774582|303|02|124841814|-1|2024|4|2 - ABASTECIMENTO EM POSTO / COMÉRCIO|121510|121770|2 - GASOLINA (LITRO)|43.89|267.29|IDENTIFICADOR 37185 GASOLINA
93856841|774584|303|02|124390568|-1|2024|4|2 - ABASTECIMENTO EM POSTO / COMÉRCIO|45226|47464|4 - DIESEL (LITRO)|67.57|414.88|IDENTIFICADOR 37410 DIESEL S10
93856842|774554|303|02|124390415|-1|2024|4|2 - ABASTECIMENTO EM POSTO / COMÉRCIO|6627|9966|2 - GASOLINA (LITRO)|35.55|216.5|IDENTIFICADOR 37364 GASOLINA
93856843|774591|303|02|124390568|-1|2024|4|2 - ABASTECIMENTO EM POSTO / COMÉRCIO|226522|227935|8 - PEÇAS|1.0|39.0|OS N° 143578_1 FILTRO DE OLEO
93856844|774561|303|02|124390568|-1|2024|4|2 - ABASTECIMENTO EM POSTO / COMÉRCIO|44536|47055|2 - GASOLINA (LITRO)|22.92|139.58|IDENTIFICADOR 37273 GASOLINA
93856845|774644|303|02|124841814|-1|2024|4|2 - ABASTECIMENTO EM POSTO / COMÉRCIO|72723|75195|4 - DIESEL (LITRO)|126.86|848.69|IDENTIFICADOR 37183 DIESEL S10
93856846|774585|303|02|124390568|-1|2024|4|2 - ABASTECIMENTO EM POSTO / COMÉRCIO|178535|178535|8 - PEÇAS|1.0|42.0|OS N° 147426_1 TAMPA DO RADIADOR
93856847|774541|303|02|124390568|-1|2024|4|2 - ABASTECIMENTO EM POSTO / COMÉRCIO|54883|57939|2 - GASOLINA (LITRO)|24.14|137.36|IDENTIFICADOR 37266 GASOLINA
93856848|774641|303|02|124390568|-1|2024|4|2 - ABASTECIMENTO EM POSTO / COMÉRCIO|189434|192245|4 - DIESEL (LITRO)|81.09|542.49|IDENTIFICADOR 37420 DIESEL S10
93856849|774589|303|02|124390568|-1|2024|4|2 - ABASTECIMENTO EM POSTO / COMÉRCIO|64155|65326|8 - PEÇAS|1.0|227.97|OS N° 143831_1 PASTILHA DE FREIO DIANTEIRA
93856850|774547|303|02|124390568|-1|2024|4|2 - ABASTECIMENTO EM POSTO / COMÉRCIO|26777|30943|2 - GASOLINA (LITRO)|20.05|116.09|IDENTIFICADOR 37288 GASOLINA
93856851|774554|303|02|124390415|-1|2024|4|2 - ABASTECIMENTO EM POSTO / COMÉRCIO|6627|9966|2 - GASOLINA (LITRO)|40.9|249.08|IDENTIFICADOR 37170 GASOLINA
93856852|774541|303|02|124390568|-1|2024|4|2 - ABASTECIMENTO EM POSTO / COMÉRCIO|54883|57939|2 - GASOLINA (LITRO)|23.14|129.4|IDENTIFICADOR 37263 GASOLINA
93856853|774588|303|02|124390568|-1|2024|4|2 - ABASTECIMENTO EM POSTO / COMÉRCIO|188616|189860|2 - GASOLINA (LITRO)|42.25|244.63|IDENTIFICADOR 37239 GASOLINA
93856854|774657|303|02|124841798|-1|2024|4|2 - ABASTECIMENTO EM POSTO / COMÉRCIO|0|0|4 - DIESEL (LITRO)|162.65|1071.86|IDENTIFICADOR 37325 DIESEL S10
93856855|774545|303|02|124390411|-1|2024|4|2 - ABASTECIMENTO EM POSTO / COMÉRCIO|211760|212356|2 - GASOLINA (LITRO)|26.4|160.78|IDENTIFICADOR 37378 GASOLINA
93856856|774648|303|02|124841798|-1|2024|4|2 - ABASTECIMENTO EM POSTO / COMÉRCIO|0|0|4 - DIESEL (LITRO)|104.92|701.91|IDENTIFICADOR 37333 DIESEL S10
93856857|774609|303|02|124390568|-1|2024|4|2 - ABASTECIMENTO EM POSTO / COMÉRCIO|202100|204967|2 - GASOLINA (LITRO)|50.1|305.11|IDENTIFICADOR 37424 GASOLINA
93856858|774647|303|02|124841798|-1|2024|4|2 - ABASTECIMENTO EM POSTO / COMÉRCIO|0|0|4 - DIESEL (LITRO)|47.09|315.03|IDENTIFICADOR 37337 DIESEL S10
93856859|774629|303|02|124841814|-1|2024|4|2 - ABASTECIMENTO EM POSTO / COMÉRCIO|4013|5006|4 - DIESEL (LITRO)|122.89|822.13|IDENTIFICADOR 37193 DIESEL S10
93856860|774589|303|02|124390568|-1|2024|4|2 - ABASTECIMENTO EM POSTO / COMÉRCIO|64155|65326|8 - PEÇAS|2.0|50.64|OS N° 147271_1 ABRACADEIRA DE PRESSAO
93856861|774649|303|02|124841798|-1|2024|4|2 - ABASTECIMENTO EM POSTO / COMÉRCIO|0|0|4 - DIESEL (LITRO)|269.56|1803.36|IDENTIFICADOR 37528 DIESEL S10
93856862|774561|303|02|124390568|-1|2024|4|2 - ABASTECIMENTO EM POSTO / COMÉRCIO|44536|47055|2 - GASOLINA (LITRO)|25.39|147.01|IDENTIFICADOR 37271 GASOLINA
93856863|774649|303|02|124841798|-1|2024|4|2 - ABASTECIMENTO EM POSTO / COMÉRCIO|0|0|4 - DIESEL (LITRO)|22.35|149.52|IDENTIFICADOR 37330 DIESEL S10
93856864|774585|303|02|124390568|-1|2024|4|2 - ABASTECIMENTO EM POSTO / COMÉRCIO|178535|178535|99 - OUTROS|3.0|36.0|OS N° 147426_1 AGUA DESMINERALIZADA
93856865|774541|303|02|124390568|-1|2024|4|2 - ABASTECIMENTO EM POSTO / COMÉRCIO|54883|57939|8 - PEÇAS|2.0|760.0|OS N° 144965_1 DISCO DE FREIO
93856866|774547|303|02|124390568|-1|2024|4|2 - ABASTECIMENTO EM POSTO / COMÉRCIO|26777|30943|2 - GASOLINA (LITRO)|29.92|180.75|IDENTIFICADOR 37463 GASOLINA
93856867|774585|303|02|124390568|-1|2024|4|2 - ABASTECIMENTO EM POSTO / COMÉRCIO|178535|178535|8 - PEÇAS|1.0|459.0|OS N° 147426_1 ANEL DO MOTOR
93856868|774597|303|02|124390417|-1|2024|4|2 - ABASTECIMENTO EM POSTO / COMÉRCIO|76419|77500|1 - ÁLCOOL (LITRO)|53.46|213.31|IDENTIFICADOR 37365 ALCCOL AUTOMOTIVO
93856869|774641|303|02|124390568|-1|2024|4|2 - ABASTECIMENTO EM POSTO / COMÉRCIO|189434|192245|8 - PEÇAS|1.0|1318.76|OS N° 124730_1 AMORTECEDOR DIANTEIRO LD
93856870|781558|303|02|124390416|-1|2024|4|2 - ABASTECIMENTO EM POSTO / COMÉRCIO|9610|9610|9 - SERVIÇOS|1.0|40.0|OS N° 145175_1 TROCA DE OLEOFILTROSBOMBACHICOTE
93856871|774579|303|02|124390568|-1|2024|4|2 - ABASTECIMENTO EM POSTO / COMÉRCIO|94332|98007|4 - DIESEL (LITRO)|36.24|242.45|IDENTIFICADOR 37217 DIESEL S10
93856872|774562|303|02|124841798|-1|2024|4|2 - ABASTECIMENTO EM POSTO / COMÉRCIO|299203|300907|2 - GASOLINA (LITRO)|35.14|214.0|IDENTIFICADOR 37311 GASOLINA
93856873|774650|303|02|124841798|-1|2024|4|2 - ABASTECIMENTO EM POSTO / COMÉRCIO|0|0|4 - DIESEL (LITRO)|136.14|910.78|IDENTIFICADOR 37300 DIESEL S10
93856877|774579|303|02|124390568|-1|2024|4|2 - ABASTECIMENTO EM POSTO / COMÉRCIO|94332|98007|4 - DIESEL (LITRO)|27.41|183.37|IDENTIFICADOR 37219 DIESEL S10
93856874|774554|303|02|124390415|-1|2024|4|2 - ABASTECIMENTO EM POSTO / COMÉRCIO|6627|9966|2 - GASOLINA (LITRO)|38.9|236.9|IDENTIFICADOR 37172 GASOLINA
93856875|774544|303|02|124390568|-1|2024|4|2 - ABASTECIMENTO EM POSTO / COMÉRCIO|56335|58501|2 - GASOLINA (LITRO)|27.88|172.58|IDENTIFICADOR 37278 GASOLINA
93856876|774554|303|02|124390415|-1|2024|4|2 - ABASTECIMENTO EM POSTO / COMÉRCIO|6627|9966|2 - GASOLINA (LITRO)|41.59|253.28|IDENTIFICADOR 37362 GASOLINA
93856878|774561|303|02|124390568|-1|2024|4|2 - ABASTECIMENTO EM POSTO / COMÉRCIO|44536|47055|2 - GASOLINA (LITRO)|27.78|169.18|IDENTIFICADOR 37450 GASOLINA
93856879|774657|303|02|124841798|-1|2024|4|2 - ABASTECIMENTO EM POSTO / COMÉRCIO|0|0|4 - DIESEL (LITRO)|158.45|1060.03|IDENTIFICADOR 37507 DIESEL S10
93856880|774619|303|02|124841798|-1|2024|4|2 - ABASTECIMENTO EM POSTO / COMÉRCIO|25606|25906|4 - DIESEL (LITRO)|156.01|1043.71|IDENTIFICADOR 37326 DIESEL S10
93856881|774585|303|02|124390568|-1|2024|4|2 - ABASTECIMENTO EM POSTO / COMÉRCIO|178535|178535|8 - PEÇAS|1.0|285.0|OS N° 147426_1 KIT CORREIA COM TENSOR
93856882|774561|303|02|124390568|-1|2024|4|2 - ABASTECIMENTO EM POSTO / COMÉRCIO|44536|47055|8 - PEÇAS|1.0|52.0|OS N° 149795_1 FILTRO DE AR DA CABINE
93856883|774547|303|02|124390568|-1|2024|4|2 - ABASTECIMENTO EM POSTO / COMÉRCIO|26777|30943|2 - GASOLINA (LITRO)|24.05|139.25|IDENTIFICADOR 37466 GASOLINA
93856884|774591|303|02|124390568|-1|2024|4|2 - ABASTECIMENTO EM POSTO / COMÉRCIO|226522|227935|9 - SERVIÇOS|1.0|190.0|OS N° 143578_1 REGULAR FREIOTROCAR PNEUOLEOBALANCE
93856885|774641|303|02|124390568|-1|2024|4|2 - ABASTECIMENTO EM POSTO / COMÉRCIO|189434|192245|8 - PEÇAS|4.0|1296.44|OS N° 124730_1 GRAMPO FEIXE DE MOLAS TRASEIRO
93856886|774599|303|02|124390568|-1|2024|4|2 - ABASTECIMENTO EM POSTO / COMÉRCIO|94620|94985|4 - DIESEL (LITRO)|44.0|272.36|IDENTIFICADOR 37249 DIESEL S10
93856887|774541|303|02|124390568|-1|2024|4|2 - ABASTECIMENTO EM POSTO / COMÉRCIO|54883|57939|2 - GASOLINA (LITRO)|15.86|88.66|IDENTIFICADOR 37264 GASOLINA
93856888|774579|303|02|124390568|-1|2024|4|2 - ABASTECIMENTO EM POSTO / COMÉRCIO|94332|98007|4 - DIESEL (LITRO)|25.69|169.33|IDENTIFICADOR 37407 DIESEL S10
93856889|774561|303|02|124390568|-1|2024|4|2 - ABASTECIMENTO EM POSTO / COMÉRCIO|44536|47055|8 - PEÇAS|1.0|75.0|OS N° 149795_1 FILTRO DE AR
93856890|774606|303|02|124841798|-1|2024|4|2 - ABASTECIMENTO EM POSTO / COMÉRCIO|109936|110879|2 - GASOLINA (LITRO)|46.53|283.37|IDENTIFICADOR 37489 GASOLINA
93856891|774589|303|02|124390568|-1|2024|4|2 - ABASTECIMENTO EM POSTO / COMÉRCIO|64155|65326|99 - OUTROS|2.0|71.5|OS N° 143831_1 HIGIENIZADOR DO AR CONDICIONADO
93856892|774588|303|02|124390568|-1|2024|4|2 - ABASTECIMENTO EM POSTO / COMÉRCIO|188616|189860|2 - GASOLINA (LITRO)|40.75|284.71|IDENTIFICADOR 37240 GASOLINA
93856411|774561|303|02|124390568|-1|2024|4|2 - ABASTECIMENTO EM POSTO / COMÉRCIO|44536|47055|2 - GASOLINA (LITRO)|27.22|165.77|IDENTIFICADOR 37451 GASOLINA
93856408|774589|303|02|124390568|-1|2024|4|2 - ABASTECIMENTO EM POSTO / COMÉRCIO|64155|65326|8 - PEÇAS|1.0|809.9|OS N° 143831_1 BOBINA INJETORA
93856409|774599|303|02|124390568|-1|2024|4|2 - ABASTECIMENTO EM POSTO / COMÉRCIO|94620|94985|8 - PEÇAS|2.0|1290.0|OS N° 148455_1 CUBO DA RODA
93856410|774606|303|02|124841798|-1|2024|4|2 - ABASTECIMENTO EM POSTO / COMÉRCIO|109936|110879|2 - GASOLINA (LITRO)|43.81|266.8|IDENTIFICADOR 37488 GASOLINA
93856412|774545|303|02|124390411|-1|2024|4|2 - ABASTECIMENTO EM POSTO / COMÉRCIO|211760|212356|2 - GASOLINA (LITRO)|26.27|159.98|IDENTIFICADOR 37377 GASOLINA
93856413|774589|303|02|124390568|-1|2024|4|2 - ABASTECIMENTO EM POSTO / COMÉRCIO|64155|65326|8 - PEÇAS|1.0|231.78|OS N° 147271_1 RESERVATORIO DE AGUA DO RADIADOR
93856414|774591|303|02|124390568|-1|2024|4|2 - ABASTECIMENTO EM POSTO / COMÉRCIO|226522|227935|8 - PEÇAS|1.0|176.0|OS N° 148485_1 PASTILHA DE FREIO DIANTEIRA
93856415|774573|303|02|124390568|-1|2024|4|2 - ABASTECIMENTO EM POSTO / COMÉRCIO|81662|83160|8 - PEÇAS|2.0|106.5|OS N° 150634_1 DESCARBONIZANTE MOTOR
93856416|774658|303|02|124841798|-1|2024|4|2 - ABASTECIMENTO EM POSTO / COMÉRCIO|0|0|4 - DIESEL (LITRO)|200.0|1338.0|IDENTIFICADOR 37305 DIESEL S10
93856417|774648|303|02|124841798|-1|2024|4|2 - ABASTECIMENTO EM POSTO / COMÉRCIO|0|0|4 - DIESEL (LITRO)|80.02|535.33|IDENTIFICADOR 37334 DIESEL S10
93856418|774573|303|02|124390568|-1|2024|4|2 - ABASTECIMENTO EM POSTO / COMÉRCIO|81662|83160|8 - PEÇAS|1.0|48.75|OS N° 150634_1 LENTE LANTERNA TRASEIRA LD
93856419|774541|303|02|124390568|-1|2024|4|2 - ABASTECIMENTO EM POSTO / COMÉRCIO|54883|57939|2 - GASOLINA (LITRO)|24.43|141.45|IDENTIFICADOR 37444 GASOLINA
93856420|774544|303|02|124390568|-1|2024|4|2 - ABASTECIMENTO EM POSTO / COMÉRCIO|56335|58501|2 - GASOLINA (LITRO)|24.26|147.74|IDENTIFICADOR 37455 GASOLINA
93856421|774589|303|02|124390568|-1|2024|4|2 - ABASTECIMENTO EM POSTO / COMÉRCIO|64155|65326|8 - PEÇAS|1.0|498.2|OS N° 143831_1 AMORTECEDOR DIANTEIRO LE
93856422|774630|303|02|124841814|-1|2024|4|2 - ABASTECIMENTO EM POSTO / COMÉRCIO|88752|89087|4 - DIESEL (LITRO)|94.22|630.22|IDENTIFICADOR 37186 DIESEL S10
93856423|774542|303|02|124390568|-1|2024|4|2 - ABASTECIMENTO EM POSTO / COMÉRCIO|241991|243066|2 - GASOLINA (LITRO)|20.9|127.28|IDENTIFICADOR 37398 GASOLINA
93856424|774579|303|02|124390568|-1|2024|4|2 - ABASTECIMENTO EM POSTO / COMÉRCIO|94332|98007|4 - DIESEL (LITRO)|40.84|273.22|IDENTIFICADOR 37405 DIESEL S10
93856425|774589|303|02|124390568|-1|2024|4|2 - ABASTECIMENTO EM POSTO / COMÉRCIO|64155|65326|2 - GASOLINA (LITRO)|44.19|269.12|IDENTIFICADOR 37435 GASOLINA
93856426|774577|303|02|124390568|-1|2024|4|2 - ABASTECIMENTO EM POSTO / COMÉRCIO|41033|43363|4 - DIESEL (LITRO)|41.24|275.9|IDENTIFICADOR 37458 DIESEL S10
93856427|774573|303|02|124390568|-1|2024|4|2 - ABASTECIMENTO EM POSTO / COMÉRCIO|81662|83160|2 - GASOLINA (LITRO)|35.75|196.27|IDENTIFICADOR 37361 GASOLINA
93856428|774585|303|02|124390568|-1|2024|4|2 - ABASTECIMENTO EM POSTO / COMÉRCIO|178535|178535|8 - PEÇAS|1.0|320.0|OS N° 147426_1 PARAFUSO DO CABECOTE
93856429|774547|303|02|124390568|-1|2024|4|2 - ABASTECIMENTO EM POSTO / COMÉRCIO|26777|30943|2 - GASOLINA (LITRO)|22.37|136.23|IDENTIFICADOR 37284 GASOLINA
93856430|774540|303|02|124390411|-1|2024|4|2 - ABASTECIMENTO EM POSTO / COMÉRCIO|3010|3938|2 - GASOLINA (LITRO)|41.77|254.38|IDENTIFICADOR 37380 GASOLINA
93856431|774641|303|02|124390568|-1|2024|4|2 - ABASTECIMENTO EM POSTO / COMÉRCIO|189434|192245|4 - DIESEL (LITRO)|81.53|500.6|IDENTIFICADOR 37228 DIESEL S10
93856432|774579|303|02|124390568|-1|2024|4|2 - ABASTECIMENTO EM POSTO / COMÉRCIO|94332|98007|4 - DIESEL (LITRO)|31.45|210.4|IDENTIFICADOR 37215 DIESEL S10
93856433|774589|303|02|124390568|-1|2024|4|2 - ABASTECIMENTO EM POSTO / COMÉRCIO|64155|65326|8 - PEÇAS|1.0|236.78|OS N° 147271_1 SUPORTE DE APOIO DO MOTOR
93856434|774584|303|02|124390568|-1|2024|4|2 - ABASTECIMENTO EM POSTO / COMÉRCIO|45226|47464|4 - DIESEL (LITRO)|62.04|380.93|IDENTIFICADOR 37411 DIESEL S10
93856435|774577|303|02|124390568|-1|2024|4|2 - ABASTECIMENTO EM POSTO / COMÉRCIO|41033|43363|4 - DIESEL (LITRO)|29.31|196.08|IDENTIFICADOR 37461 DIESEL S10
93856436|774571|303|02|124390568|-1|2024|4|2 - ABASTECIMENTO EM POSTO / COMÉRCIO|208284|208284|2 - GASOLINA (LITRO)|33.69|205.17|IDENTIFICADOR 37395 GASOLINA
93856437|774597|303|02|124390417|-1|2024|4|2 - ABASTECIMENTO EM POSTO / COMÉRCIO|76419|77500|1 - ÁLCOOL (LITRO)|25.06|100.0|IDENTIFICADOR 37175 ALCCOL AUTOMOTIVO
93856438|774587|303|02|124390568|-1|2024|4|2 - ABASTECIMENTO EM POSTO / COMÉRCIO|216400|219154|2 - GASOLINA (LITRO)|47.59|266.03|IDENTIFICADOR 37244 GASOLINA
93856439|774563|303|02|124390415|-1|2024|4|2 - ABASTECIMENTO EM POSTO / COMÉRCIO|87949|88497|2 - GASOLINA (LITRO)|24.01|146.22|IDENTIFICADOR 37169 GASOLINA
93856440|774558|303|02|124390568|-1|2024|4|2 - ABASTECIMENTO EM POSTO / COMÉRCIO|76389|79500|2 - GASOLINA (LITRO)|38.26|229.21|IDENTIFICADOR 37258 GASOLINA
93856441|774541|303|02|124390568|-1|2024|4|2 - ABASTECIMENTO EM POSTO / COMÉRCIO|54883|57939|2 - GASOLINA (LITRO)|27.4|158.65|IDENTIFICADOR 37443 GASOLINA
93856442|774657|303|02|124841798|-1|2024|4|2 - ABASTECIMENTO EM POSTO / COMÉRCIO|0|0|4 - DIESEL (LITRO)|92.62|610.37|IDENTIFICADOR 37505 DIESEL S10
93856443|774591|303|02|124390568|-1|2024|4|2 - ABASTECIMENTO EM POSTO / COMÉRCIO|226522|227935|2 - GASOLINA (LITRO)|39.93|243.17|IDENTIFICADOR 37430 GASOLINA
93856444|774597|303|02|124390417|-1|2024|4|2 - ABASTECIMENTO EM POSTO / COMÉRCIO|76419|77500|1 - ÁLCOOL (LITRO)|56.15|244.84|IDENTIFICADOR 37366 ALCCOL AUTOMOTIVO
93856445|774544|303|02|124390568|-1|2024|4|2 - ABASTECIMENTO EM POSTO / COMÉRCIO|56335|58501|2 - GASOLINA (LITRO)|19.53|115.03|IDENTIFICADOR 37452 GASOLINA
93856446|774561|303|02|124390568|-1|2024|4|2 - ABASTECIMENTO EM POSTO / COMÉRCIO|44536|47055|6 - ÓLEO LUBRIFICANTE (LITRO)|3.0|264.9|IDENTIFICADOR 37360 OS N° 149795_1 OLEO MOTOR 0W20
93856447|774551|303|02|124841798|-1|2024|4|2 - ABASTECIMENTO EM POSTO / COMÉRCIO|191108|191809|2 - GASOLINA (LITRO)|21.78|134.82|IDENTIFICADOR 37497 GASOLINA
93856448|774577|303|02|124390568|-1|2024|4|2 - ABASTECIMENTO EM POSTO / COMÉRCIO|41033|43363|4 - DIESEL (LITRO)|48.82|326.31|IDENTIFICADOR 37281 OLEO DIESEL
93856449|774541|303|02|124390568|-1|2024|4|2 - ABASTECIMENTO EM POSTO / COMÉRCIO|54883|57939|8 - PEÇAS|1.0|45.3|OS N° 144965_1 FILTRO DE OLEO
93856453|774573|303|02|124390568|-1|2024|4|2 - ABASTECIMENTO EM POSTO / COMÉRCIO|81662|83160|9 - SERVIÇOS|1.0|1050.0|OS N° 154802_1 REPAROS NO MOTOR
93856450|774612|303|02|124841798|-1|2024|4|2 - ABASTECIMENTO EM POSTO / COMÉRCIO|0|0|2 - GASOLINA (LITRO)|98.1|597.43|IDENTIFICADOR 37498 GASOLINA
93856451|774585|303|02|124390568|-1|2024|4|2 - ABASTECIMENTO EM POSTO / COMÉRCIO|178535|178535|8 - PEÇAS|1.0|345.0|OS N° 147426_1 CASQUILHO DE MANCAL
93856452|774579|303|02|124390568|-1|2024|4|2 - ABASTECIMENTO EM POSTO / COMÉRCIO|94332|98007|4 - DIESEL (LITRO)|25.16|165.8|IDENTIFICADOR 37213 DIESEL S10
93856454|774567|303|02|124390411|-1|2024|4|2 - ABASTECIMENTO EM POSTO / COMÉRCIO|57954|58357|2 - GASOLINA (LITRO)|29.63|180.45|IDENTIFICADOR 37196 GASOLINA
93856455|774650|303|02|124841798|-1|2024|4|2 - ABASTECIMENTO EM POSTO / COMÉRCIO|0|0|4 - DIESEL (LITRO)|118.35|791.76|IDENTIFICADOR 37298 DIESEL S10
93856456|774547|303|02|124390568|-1|2024|4|2 - ABASTECIMENTO EM POSTO / COMÉRCIO|26777|30943|2 - GASOLINA (LITRO)|31.35|190.92|IDENTIFICADOR 37469 GASOLINA
93856457|781558|303|02|124390416|-1|2024|4|2 - ABASTECIMENTO EM POSTO / COMÉRCIO|9610|9610|99 - OUTROS|1.0|30.0|OS N° 145175_1 CHICOTE
93856458|774645|303|02|124841814|-1|2024|4|2 - ABASTECIMENTO EM POSTO / COMÉRCIO|2912|4222|4 - DIESEL (LITRO)|116.8|781.39|IDENTIFICADOR 37191 DIESEL S10
93856459|774641|303|02|124390568|-1|2024|4|2 - ABASTECIMENTO EM POSTO / COMÉRCIO|189434|192245|9 - SERVIÇOS|1.0|9640.0|OS N° 124730_1 CONFECCIONAR CILINDROSRECUPERAR CHI
93856460|774587|303|02|124390568|-1|2024|4|2 - ABASTECIMENTO EM POSTO / COMÉRCIO|216400|219154|2 - GASOLINA (LITRO)|42.95|261.57|IDENTIFICADOR 37427 GASOLINA
93856461|774645|303|02|124841814|-1|2024|4|2 - ABASTECIMENTO EM POSTO / COMÉRCIO|2912|4222|4 - DIESEL (LITRO)|107.97|722.32|IDENTIFICADOR 37392 DIESEL S10
93856462|774597|303|02|124390417|-1|2024|4|2 - ABASTECIMENTO EM POSTO / COMÉRCIO|76419|77500|1 - ÁLCOOL (LITRO)|25.06|100.0|IDENTIFICADOR 37177 ALCCOL AUTOMOTIVO
93856463|774641|303|02|124390568|-1|2024|4|2 - ABASTECIMENTO EM POSTO / COMÉRCIO|189434|192245|4 - DIESEL (LITRO)|76.33|472.48|IDENTIFICADOR 37231 DIESEL S10
93856464|774609|303|02|124390568|-1|2024|4|2 - ABASTECIMENTO EM POSTO / COMÉRCIO|202100|204967|2 - GASOLINA (LITRO)|47.47|289.09|IDENTIFICADOR 37422 GASOLINA
93856465|774573|303|02|124390568|-1|2024|4|2 - ABASTECIMENTO EM POSTO / COMÉRCIO|81662|83160|8 - PEÇAS|1.0|51.92|OS N° 150634_1 FILTRO DE OLEO
93856466|774624|303|02|124390408|-1|2024|4|2 - ABASTECIMENTO EM POSTO / COMÉRCIO|367324|367324|8 - PEÇAS|1.0|180.0|OS N° 140290_1 CARCACA DE ACOPLAMENTO
93856467|774562|303|02|124841798|-1|2024|4|2 - ABASTECIMENTO EM POSTO / COMÉRCIO|299203|300907|2 - GASOLINA (LITRO)|31.21|190.07|IDENTIFICADOR 37494 GASOLINA
93856468|774599|303|02|124390568|-1|2024|4|2 - ABASTECIMENTO EM POSTO / COMÉRCIO|94620|94985|8 - PEÇAS|1.0|52.0|OS N° 143575_1 LAMPADA H7
93856469|774645|303|02|124841814|-1|2024|4|2 - ABASTECIMENTO EM POSTO / COMÉRCIO|2912|4222|4 - DIESEL (LITRO)|106.54|712.75|IDENTIFICADOR 37192 DIESEL S10
93856470|774589|303|02|124390568|-1|2024|4|2 - ABASTECIMENTO EM POSTO / COMÉRCIO|64155|65326|8 - PEÇAS|1.0|379.23|OS N° 143831_1 INTERRUPTOR TERMICO DO RADIADOR
93856471|774562|303|02|124841798|-1|2024|4|2 - ABASTECIMENTO EM POSTO / COMÉRCIO|299203|300907|2 - GASOLINA (LITRO)|37.21|226.61|IDENTIFICADOR 37308 GASOLINA
93856472|774567|303|02|124390411|-1|2024|4|2 - ABASTECIMENTO EM POSTO / COMÉRCIO|57954|58357|2 - GASOLINA (LITRO)|31.12|189.52|IDENTIFICADOR 37376 GASOLINA
93856473|774585|303|02|124390568|-1|2024|4|2 - ABASTECIMENTO EM POSTO / COMÉRCIO|178535|178535|8 - PEÇAS|1.0|968.0|OS N° 147426_1 MOTOR DE ARRANQUE
93856474|774589|303|02|124390568|-1|2024|4|2 - ABASTECIMENTO EM POSTO / COMÉRCIO|64155|65326|8 - PEÇAS|1.0|46.42|OS N° 147271_1 FILTRO DE OLEO
93856475|774589|303|02|124390568|-1|2024|4|2 - ABASTECIMENTO EM POSTO / COMÉRCIO|64155|65326|9 - SERVIÇOS|1.0|2600.0|OS N° 147271_1 RETIFICA DO CABECOTE E MONTAGEM
93856476|774579|303|02|124390568|-1|2024|4|2 - ABASTECIMENTO EM POSTO / COMÉRCIO|94332|98007|8 - PEÇAS|1.0|195.8|OS N° 140482_1 CORREIA DA DIRECAO HIDRAULICA
93856477|774562|303|02|124841798|-1|2024|4|2 - ABASTECIMENTO EM POSTO / COMÉRCIO|299203|300907|2 - GASOLINA (LITRO)|41.92|255.29|IDENTIFICADOR 37310 GASOLINA
93856478|774641|303|02|124390568|-1|2024|4|2 - ABASTECIMENTO EM POSTO / COMÉRCIO|189434|192245|4 - DIESEL (LITRO)|59.61|374.99|IDENTIFICADOR 37421 DIESEL S10
93856479|774568|303|02|124390568|-1|2024|4|2 - ABASTECIMENTO EM POSTO / COMÉRCIO|213025|213304|2 - GASOLINA (LITRO)|47.0|328.13|IDENTIFICADOR 37233 GASOLINA
93856480|774606|303|02|124841798|-1|2024|4|2 - ABASTECIMENTO EM POSTO / COMÉRCIO|109936|110879|2 - GASOLINA (LITRO)|60.49|368.43|IDENTIFICADOR 37306 GASOLINA
93856481|774539|303|02|124390568|-1|2024|4|2 - ABASTECIMENTO EM POSTO / COMÉRCIO|129195|129195|8 - PEÇAS|1.0|200.0|OS N° 158315_1 PARALAMA DIANTEIRO LE
93856482|774584|303|02|124390568|-1|2024|4|2 - ABASTECIMENTO EM POSTO / COMÉRCIO|45226|47464|4 - DIESEL (LITRO)|91.53|562.02|IDENTIFICADOR 37220 OLEO DIESEL
93856483|774560|303|02|124390568|-1|2024|4|2 - ABASTECIMENTO EM POSTO / COMÉRCIO|20187|21083|2 - GASOLINA (LITRO)|44.74|272.47|IDENTIFICADOR 37282 GASOLINA
93856484|774599|303|02|124390568|-1|2024|4|2 - ABASTECIMENTO EM POSTO / COMÉRCIO|94620|94985|8 - PEÇAS|1.0|59.0|OS N° 148455_1 FILTRO DE AR DA CABINE
93856485|774657|303|02|124841798|-1|2024|4|2 - ABASTECIMENTO EM POSTO / COMÉRCIO|0|0|4 - DIESEL (LITRO)|113.39|758.58|IDENTIFICADOR 37324 DIESEL S10
93856486|774650|303|02|124841798|-1|2024|4|2 - ABASTECIMENTO EM POSTO / COMÉRCIO|0|0|4 - DIESEL (LITRO)|117.66|787.15|IDENTIFICADOR 37478 DIESEL S10
93856487|781558|303|02|124390416|-1|2024|4|2 - ABASTECIMENTO EM POSTO / COMÉRCIO|9610|9610|8 - PEÇAS|1.0|78.0|OS N° 145175_1 BOMBA DO ESGUICHO
93856488|774573|303|02|124390568|-1|2024|4|2 - ABASTECIMENTO EM POSTO / COMÉRCIO|81662|83160|9 - SERVIÇOS|1.0|390.0|OS N° 143574_1 GUINCHOREV SIST PARTRASTREARTROCAR
93856489|774583|303|02|124841798|-1|2024|4|2 - ABASTECIMENTO EM POSTO / COMÉRCIO|21013|21766|4 - DIESEL (LITRO)|42.52|284.46|IDENTIFICADOR 37510 DIESEL S10
93856490|774585|303|02|124390568|-1|2024|4|2 - ABASTECIMENTO EM POSTO / COMÉRCIO|178535|178535|8 - PEÇAS|4.0|152.0|OS N° 147426_1 VELA DE IGNICAO
93856491|774624|303|02|124390408|-1|2024|4|2 - ABASTECIMENTO EM POSTO / COMÉRCIO|367324|367324|8 - PEÇAS|1.0|1200.0|OS N° 140290_1 BATERIA 150A
93856492|774591|303|02|124390568|-1|2024|4|2 - ABASTECIMENTO EM POSTO / COMÉRCIO|226522|227935|6 - ÓLEO LUBRIFICANTE (LITRO)|3.0|135.0|IDENTIFICADOR 37352 OS N° 143578_1 OLEO 15W40
93856496|774650|303|02|124841798|-1|2024|4|2 - ABASTECIMENTO EM POSTO / COMÉRCIO|0|0|4 - DIESEL (LITRO)|124.14|830.5|IDENTIFICADOR 37479 DIESEL S10
93856493|774541|303|02|124390568|-1|2024|4|2 - ABASTECIMENTO EM POSTO / COMÉRCIO|54883|57939|2 - GASOLINA (LITRO)|23.45|128.75|IDENTIFICADOR 37262 GASOLINA
93856494|774561|303|02|124390568|-1|2024|4|2 - ABASTECIMENTO EM POSTO / COMÉRCIO|44536|47055|2 - GASOLINA (LITRO)|28.05|168.04|IDENTIFICADOR 37269 GASOLINA
93856495|774650|303|02|124841798|-1|2024|4|2 - ABASTECIMENTO EM POSTO / COMÉRCIO|0|0|4 - DIESEL (LITRO)|145.41|972.79|IDENTIFICADOR 37299 DIESEL S10
93856497|774554|303|02|124390415|-1|2024|4|2 - ABASTECIMENTO EM POSTO / COMÉRCIO|6627|9966|2 - GASOLINA (LITRO)|40.32|245.55|IDENTIFICADOR 37363 GASOLINA
93856498|774612|303|02|124841798|-1|2024|4|2 - ABASTECIMENTO EM POSTO / COMÉRCIO|0|0|2 - GASOLINA (LITRO)|97.67|594.81|IDENTIFICADOR 37502 GASOLINA
93856499|774648|303|02|124841798|-1|2024|4|2 - ABASTECIMENTO EM POSTO / COMÉRCIO|0|0|4 - DIESEL (LITRO)|109.93|735.43|IDENTIFICADOR 37513 DIESEL S10
93856500|774646|303|02|124390568|-1|2024|4|2 - ABASTECIMENTO EM POSTO / COMÉRCIO|0|0|4 - DIESEL (LITRO)|66.89|447.49|IDENTIFICADOR 37207 DIESEL S10
93856501|774589|303|02|124390568|-1|2024|4|2 - ABASTECIMENTO EM POSTO / COMÉRCIO|64155|65326|8 - PEÇAS|2.0|106.5|OS N° 143831_1 DESCARBONIZANTE MOTOR
93856502|774645|303|02|124841814|-1|2024|4|2 - ABASTECIMENTO EM POSTO / COMÉRCIO|2912|4222|4 - DIESEL (LITRO)|90.04|602.37|IDENTIFICADOR 37391 DIESEL S10
93856503|774542|303|02|124390568|-1|2024|4|2 - ABASTECIMENTO EM POSTO / COMÉRCIO|241991|243066|2 - GASOLINA (LITRO)|13.49|82.15|IDENTIFICADOR 37212 GASOLINA
93856504|774644|303|02|124841814|-1|2024|4|2 - ABASTECIMENTO EM POSTO / COMÉRCIO|72723|75195|4 - DIESEL (LITRO)|96.0|642.24|IDENTIFICADOR 37386 DIESEL S10
93856505|774657|303|02|124841798|-1|2024|4|2 - ABASTECIMENTO EM POSTO / COMÉRCIO|0|0|4 - DIESEL (LITRO)|212.92|1424.43|IDENTIFICADOR 37323 DIESEL S10
93856506|774650|303|02|124841798|-1|2024|4|2 - ABASTECIMENTO EM POSTO / COMÉRCIO|0|0|4 - DIESEL (LITRO)|108.98|729.08|IDENTIFICADOR 37477 DIESEL S10
93856507|774660|303|02|124390408|-1|2024|4|2 - ABASTECIMENTO EM POSTO / COMÉRCIO|0|0|2 - GASOLINA (LITRO)|45.31|275.94|IDENTIFICADOR 37373 GASOLINA
93856508|774609|303|02|124390568|-1|2024|4|2 - ABASTECIMENTO EM POSTO / COMÉRCIO|202100|204967|2 - GASOLINA (LITRO)|46.98|286.11|IDENTIFICADOR 37235 GASOLINA
93856509|774573|303|02|124390568|-1|2024|4|2 - ABASTECIMENTO EM POSTO / COMÉRCIO|81662|83160|8 - PEÇAS|1.0|48.75|OS N° 150634_1 LAMPADA LUZ PLACA
93856510|774641|303|02|124390568|-1|2024|4|2 - ABASTECIMENTO EM POSTO / COMÉRCIO|189434|192245|8 - PEÇAS|2.0|1024.82|OS N° 124730_1 CALCO MOLA
93856511|774557|303|02|124390411|-1|2024|4|2 - ABASTECIMENTO EM POSTO / COMÉRCIO|290481|290830|8 - PEÇAS|1.0|189.0|OS N° 151624_1 TRIZETA DO SEMIEIXO
93856512|774555|303|02|124390411|-1|2024|4|2 - ABASTECIMENTO EM POSTO / COMÉRCIO|118968|119109|2 - GASOLINA (LITRO)|36.11|219.91|IDENTIFICADOR 37200 GASOLINA
93856513|774649|303|02|124841798|-1|2024|4|2 - ABASTECIMENTO EM POSTO / COMÉRCIO|0|0|4 - DIESEL (LITRO)|79.69|533.13|IDENTIFICADOR 37328 DIESEL S10
93856514|774647|303|02|124841798|-1|2024|4|2 - ABASTECIMENTO EM POSTO / COMÉRCIO|0|0|4 - DIESEL (LITRO)|33.64|225.05|IDENTIFICADOR 37339 DIESEL S10
93856515|774650|303|02|124841798|-1|2024|4|2 - ABASTECIMENTO EM POSTO / COMÉRCIO|0|0|4 - DIESEL (LITRO)|111.06|742.99|IDENTIFICADOR 37483 DIESEL S10
93856516|774660|303|02|124390408|-1|2024|4|2 - ABASTECIMENTO EM POSTO / COMÉRCIO|0|0|2 - GASOLINA (LITRO)|4.1|25.0|IDENTIFICADOR 37161 GASOLINA
93856517|774599|303|02|124390568|-1|2024|4|2 - ABASTECIMENTO EM POSTO / COMÉRCIO|94620|94985|99 - OUTROS|1.0|36.0|OS N° 143575_1 ADITIVO DO RADIADOR
93856518|774650|303|02|124841798|-1|2024|4|2 - ABASTECIMENTO EM POSTO / COMÉRCIO|0|0|4 - DIESEL (LITRO)|99.08|662.85|IDENTIFICADOR 37302 DIESEL S10
93856519|774645|303|02|124841814|-1|2024|4|2 - ABASTECIMENTO EM POSTO / COMÉRCIO|2912|4222|4 - DIESEL (LITRO)|75.64|506.03|IDENTIFICADOR 37390 DIESEL S10
93856520|774573|303|02|124390568|-1|2024|4|2 - ABASTECIMENTO EM POSTO / COMÉRCIO|81662|83160|6 - ÓLEO LUBRIFICANTE (LITRO)|4.0|192.0|IDENTIFICADOR 37349 OS N° 143574_1 OLEO MOTOR 5W30
93856521|774599|303|02|124390568|-1|2024|4|2 - ABASTECIMENTO EM POSTO / COMÉRCIO|94620|94985|8 - PEÇAS|1.0|64.0|OS N° 148455_1 FILTRO DE OLEO
93856522|774648|303|02|124841798|-1|2024|4|2 - ABASTECIMENTO EM POSTO / COMÉRCIO|0|0|4 - DIESEL (LITRO)|94.19|630.13|IDENTIFICADOR 37512 DIESEL S10
93856523|774547|303|02|124390568|-1|2024|4|2 - ABASTECIMENTO EM POSTO / COMÉRCIO|26777|30943|2 - GASOLINA (LITRO)|25.92|150.08|IDENTIFICADOR 37289 GASOLINA
93856524|774573|303|02|124390568|-1|2024|4|2 - ABASTECIMENTO EM POSTO / COMÉRCIO|81662|83160|9 - SERVIÇOS|1.0|600.0|OS N° 151244_1 TROCA DE PIVO E SUPORTE DO AMORTECE
93856525|774579|303|02|124390568|-1|2024|4|2 - ABASTECIMENTO EM POSTO / COMÉRCIO|94332|98007|4 - DIESEL (LITRO)|31.78|212.61|IDENTIFICADOR 37214 DIESEL S10
93856526|774615|303|02|124390417|-1|2024|4|2 - ABASTECIMENTO EM POSTO / COMÉRCIO|0|0|2 - GASOLINA (LITRO)|11.03|67.17|IDENTIFICADOR 37179 GASOLINA
93856527|774547|303|02|124390568|-1|2024|4|2 - ABASTECIMENTO EM POSTO / COMÉRCIO|26777|30943|2 - GASOLINA (LITRO)|21.9|133.37|IDENTIFICADOR 37465 GASOLINA
93856528|774558|303|02|124390568|-1|2024|4|2 - ABASTECIMENTO EM POSTO / COMÉRCIO|76389|79500|2 - GASOLINA (LITRO)|32.26|198.12|IDENTIFICADOR 37441 GASOLINA
93856529|774585|303|02|124390568|-1|2024|4|2 - ABASTECIMENTO EM POSTO / COMÉRCIO|178535|178535|8 - PEÇAS|1.0|38.0|OS N° 147426_1 FILTRO DE OLEO
93856530|774629|303|02|124841814|-1|2024|4|2 - ABASTECIMENTO EM POSTO / COMÉRCIO|4013|5006|4 - DIESEL (LITRO)|60.63|405.61|IDENTIFICADOR 37194 DIESEL S10
93856531|774644|303|02|124841814|-1|2024|4|2 - ABASTECIMENTO EM POSTO / COMÉRCIO|72723|75195|4 - DIESEL (LITRO)|112.0|749.28|IDENTIFICADOR 37385 DIESEL S10
93856532|774569|303|02|124390408|-1|2024|4|2 - ABASTECIMENTO EM POSTO / COMÉRCIO|6308|7283|2 - GASOLINA (LITRO)|20.93|127.46|IDENTIFICADOR 37165 GASOLINA
93856533|774641|303|02|124390568|-1|2024|4|2 - ABASTECIMENTO EM POSTO / COMÉRCIO|189434|192245|4 - DIESEL (LITRO)|89.21|552.21|IDENTIFICADOR 37230 DIESEL S10
93856534|774573|303|02|124390568|-1|2024|4|2 - ABASTECIMENTO EM POSTO / COMÉRCIO|81662|83160|2 - GASOLINA (LITRO)|35.59|207.89|IDENTIFICADOR 37253 GASOLINA
93856535|774599|303|02|124390568|-1|2024|4|2 - ABASTECIMENTO EM POSTO / COMÉRCIO|94620|94985|8 - PEÇAS|1.0|1396.0|OS N° 148455_1 TULIPA
93856539|774611|303|02|124841798|-1|2024|4|2 - ABASTECIMENTO EM POSTO / COMÉRCIO|0|0|4 - DIESEL (LITRO)|60.29|403.34|IDENTIFICADOR 37495 DIESEL S10
93856536|774658|303|02|124841798|-1|2024|4|2 - ABASTECIMENTO EM POSTO / COMÉRCIO|0|0|4 - DIESEL (LITRO)|259.31|1734.78|IDENTIFICADOR 37484 DIESEL S10
93856537|774589|303|02|124390568|-1|2024|4|2 - ABASTECIMENTO EM POSTO / COMÉRCIO|64155|65326|8 - PEÇAS|1.0|65.2|OS N° 143831_1 COIFA DO AMORTECEDOR DIANTEIRO LD
93856538|774573|303|02|124390568|-1|2024|4|2 - ABASTECIMENTO EM POSTO / COMÉRCIO|81662|83160|2 - GASOLINA (LITRO)|36.41|221.79|IDENTIFICADOR 37433 GASOLINA
93856540|774658|303|02|124841798|-1|2024|4|2 - ABASTECIMENTO EM POSTO / COMÉRCIO|0|0|4 - DIESEL (LITRO)|147.91|989.52|IDENTIFICADOR 37304 DIESEL S10
93856541|774612|303|02|124841798|-1|2024|4|2 - ABASTECIMENTO EM POSTO / COMÉRCIO|0|0|2 - GASOLINA (LITRO)|80.14|488.05|IDENTIFICADOR 37499 GASOLINA
93856542|774562|303|02|124841798|-1|2024|4|2 - ABASTECIMENTO EM POSTO / COMÉRCIO|299203|300907|2 - GASOLINA (LITRO)|35.87|218.45|IDENTIFICADOR 37309 GASOLINA
93856543|774542|303|02|124390568|-1|2024|4|2 - ABASTECIMENTO EM POSTO / COMÉRCIO|241991|243066|2 - GASOLINA (LITRO)|21.34|130.0|IDENTIFICADOR 37210 GASOLINA
93856544|774623|303|02|124841798|-1|2024|4|2 - ABASTECIMENTO EM POSTO / COMÉRCIO|31160|31601|4 - DIESEL (LITRO)|135.44|906.09|IDENTIFICADOR 37341 DIESEL S10
93856545|774573|303|02|124390568|-1|2024|4|2 - ABASTECIMENTO EM POSTO / COMÉRCIO|81662|83160|8 - PEÇAS|1.0|269.0|OS N° 143574_1 AUTOMATICO DO MOTOR DE PARTIDA
93856546|774649|303|02|124841798|-1|2024|4|2 - ABASTECIMENTO EM POSTO / COMÉRCIO|0|0|4 - DIESEL (LITRO)|107.3|707.11|IDENTIFICADOR 37332 DIESEL S10
93856547|774554|303|02|124390415|-1|2024|4|2 - ABASTECIMENTO EM POSTO / COMÉRCIO|6627|9966|2 - GASOLINA (LITRO)|36.87|224.54|IDENTIFICADOR 37174 GASOLINA
93856548|774647|303|02|124841798|-1|2024|4|2 - ABASTECIMENTO EM POSTO / COMÉRCIO|0|0|4 - DIESEL (LITRO)|72.6|485.69|IDENTIFICADOR 37515 DIESEL S10
93856549|774660|303|02|124390408|-1|2024|4|2 - ABASTECIMENTO EM POSTO / COMÉRCIO|0|0|2 - GASOLINA (LITRO)|20.0|121.8|IDENTIFICADOR 37372 GASOLINA
93856550|774561|303|02|124390568|-1|2024|4|2 - ABASTECIMENTO EM POSTO / COMÉRCIO|44536|47055|2 - GASOLINA (LITRO)|23.0|133.17|IDENTIFICADOR 37449 GASOLINA
93856551|774561|303|02|124390568|-1|2024|4|2 - ABASTECIMENTO EM POSTO / COMÉRCIO|44536|47055|2 - GASOLINA (LITRO)|17.29|105.3|IDENTIFICADOR 37270 GASOLINA
93856552|774589|303|02|124390568|-1|2024|4|2 - ABASTECIMENTO EM POSTO / COMÉRCIO|64155|65326|8 - PEÇAS|1.0|59.17|OS N° 143831_1 BATENTE SUSPENSAO AMORTECEDOR DIANT
93856553|774609|303|02|124390568|-1|2024|4|2 - ABASTECIMENTO EM POSTO / COMÉRCIO|202100|204967|2 - GASOLINA (LITRO)|53.29|324.54|IDENTIFICADOR 37234 GASOLINA
93856554|774573|303|02|124390568|-1|2024|4|2 - ABASTECIMENTO EM POSTO / COMÉRCIO|81662|83160|9 - SERVIÇOS|1.0|1360.0|OS N° 150634_1 DIAGNOSTICO E REPAROS ELETRICO E MO
93856555|774589|303|02|124390568|-1|2024|4|2 - ABASTECIMENTO EM POSTO / COMÉRCIO|64155|65326|8 - PEÇAS|1.0|301.15|OS N° 147271_1 PARAFUSO DO CABECOTE
93856556|774644|303|02|124841814|-1|2024|4|2 - ABASTECIMENTO EM POSTO / COMÉRCIO|72723|75195|4 - DIESEL (LITRO)|121.56|813.24|IDENTIFICADOR 37384 DIESEL S10
93856557|774588|303|02|124390568|-1|2024|4|2 - ABASTECIMENTO EM POSTO / COMÉRCIO|188616|189860|2 - GASOLINA (LITRO)|43.01|249.03|IDENTIFICADOR 37241 GASOLINA
93856558|774660|303|02|124390408|-1|2024|4|2 - ABASTECIMENTO EM POSTO / COMÉRCIO|0|0|2 - GASOLINA (LITRO)|20.0|121.8|IDENTIFICADOR 37160 GASOLINA
93856559|774594|303|02|124841814|-1|2024|4|2 - ABASTECIMENTO EM POSTO / COMÉRCIO|36745|37410|2 - GASOLINA (LITRO)|37.86|230.57|IDENTIFICADOR 37388 GASOLINA
93856560|774629|303|02|124841814|-1|2024|4|2 - ABASTECIMENTO EM POSTO / COMÉRCIO|4013|5006|4 - DIESEL (LITRO)|124.97|836.05|IDENTIFICADOR 37393 DIESEL S10
93856561|774573|303|02|124390568|-1|2024|4|2 - ABASTECIMENTO EM POSTO / COMÉRCIO|81662|83160|2 - GASOLINA (LITRO)|34.69|221.67|IDENTIFICADOR 37434 GASOLINA
93856562|774573|303|02|124390568|-1|2024|4|2 - ABASTECIMENTO EM POSTO / COMÉRCIO|81662|83160|6 - ÓLEO LUBRIFICANTE (LITRO)|4.0|423.16|IDENTIFICADOR 37524 OS N° 150634_1 OLEO MOTOR 0W20
93856563|774612|303|02|124841798|-1|2024|4|2 - ABASTECIMENTO EM POSTO / COMÉRCIO|0|0|2 - GASOLINA (LITRO)|50.68|308.64|IDENTIFICADOR 37503 GASOLINA
93856564|774587|303|02|124390568|-1|2024|4|2 - ABASTECIMENTO EM POSTO / COMÉRCIO|216400|219154|8 - PEÇAS|1.0|52.0|OS N° 143583_1 LAMPADA H7
93856565|774615|303|02|124390417|-1|2024|4|2 - ABASTECIMENTO EM POSTO / COMÉRCIO|0|0|2 - GASOLINA (LITRO)|10.59|64.49|IDENTIFICADOR 37368 GASOLINA
93856566|774577|303|02|124390568|-1|2024|4|2 - ABASTECIMENTO EM POSTO / COMÉRCIO|41033|43363|4 - DIESEL (LITRO)|37.05|266.44|IDENTIFICADOR 37460 DIESEL S10
93856567|774547|303|02|124390568|-1|2024|4|2 - ABASTECIMENTO EM POSTO / COMÉRCIO|26777|30943|2 - GASOLINA (LITRO)|35.53|216.38|IDENTIFICADOR 37468 GASOLINA
93856568|774544|303|02|124390568|-1|2024|4|2 - ABASTECIMENTO EM POSTO / COMÉRCIO|56335|58501|2 - GASOLINA (LITRO)|21.29|127.53|IDENTIFICADOR 37453 GASOLINA
93856569|774539|303|02|124390568|-1|2024|4|2 - ABASTECIMENTO EM POSTO / COMÉRCIO|129195|129195|9 - SERVIÇOS|1.0|240.0|OS N° 158315_2 ALINHAMENTO E BALANCEAMENTO
93856570|774562|303|02|124841798|-1|2024|4|2 - ABASTECIMENTO EM POSTO / COMÉRCIO|299203|300907|2 - GASOLINA (LITRO)|40.0|243.6|IDENTIFICADOR 37492 GASOLINA
93856571|774649|303|02|124841798|-1|2024|4|2 - ABASTECIMENTO EM POSTO / COMÉRCIO|0|0|4 - DIESEL (LITRO)|81.08|542.43|IDENTIFICADOR 37331 DIESEL S10
93856572|774544|303|02|124390568|-1|2024|4|2 - ABASTECIMENTO EM POSTO / COMÉRCIO|56335|58501|2 - GASOLINA (LITRO)|16.18|98.54|IDENTIFICADOR 37454 GASOLINA
93856573|774609|303|02|124390568|-1|2024|4|2 - ABASTECIMENTO EM POSTO / COMÉRCIO|202100|204967|2 - GASOLINA (LITRO)|46.12|267.03|IDENTIFICADOR 37238 GASOLINA
93856574|774554|303|02|124390415|-1|2024|4|2 - ABASTECIMENTO EM POSTO / COMÉRCIO|6627|9966|2 - GASOLINA (LITRO)|40.96|249.45|IDENTIFICADOR 37171 GASOLINA
93856575|774569|303|02|124390408|-1|2024|4|2 - ABASTECIMENTO EM POSTO / COMÉRCIO|6308|7283|2 - GASOLINA (LITRO)|25.62|156.03|IDENTIFICADOR 37374 GASOLINA
93856576|774599|303|02|124390568|-1|2024|4|2 - ABASTECIMENTO EM POSTO / COMÉRCIO|94620|94985|4 - DIESEL (LITRO)|40.38|249.95|IDENTIFICADOR 37250 DIESEL S10
93856577|774558|303|02|124390568|-1|2024|4|2 - ABASTECIMENTO EM POSTO / COMÉRCIO|76389|79500|2 - GASOLINA (LITRO)|48.64|291.4|IDENTIFICADOR 37257 GASOLINA
93856581|774549|303|02|124841798|-1|2024|4|2 - ABASTECIMENTO EM POSTO / COMÉRCIO|115029|115492|2 - GASOLINA (LITRO)|50.4|306.94|IDENTIFICADOR 37490 GASOLINA
93856578|774647|303|02|124841798|-1|2024|4|2 - ABASTECIMENTO EM POSTO / COMÉRCIO|0|0|4 - DIESEL (LITRO)|111.0|742.59|IDENTIFICADOR 37338 DIESEL S10
93856579|774650|303|02|124841798|-1|2024|4|2 - ABASTECIMENTO EM POSTO / COMÉRCIO|0|0|4 - DIESEL (LITRO)|110.45|738.91|IDENTIFICADOR 37475 DIESEL S10
93856580|774587|303|02|124390568|-1|2024|4|2 - ABASTECIMENTO EM POSTO / COMÉRCIO|216400|219154|2 - GASOLINA (LITRO)|34.98|213.03|IDENTIFICADOR 37242 GASOLINA
93856582|774591|303|02|124390568|-1|2024|4|2 - ABASTECIMENTO EM POSTO / COMÉRCIO|226522|227935|8 - PEÇAS|1.0|60.0|OS N° 148485_1 REPARO DA BUZINA
93856583|774584|303|02|124390568|-1|2024|4|2 - ABASTECIMENTO EM POSTO / COMÉRCIO|45226|47464|4 - DIESEL (LITRO)|80.92|496.87|IDENTIFICADOR 37222 DIESEL S10
93856584|774541|303|02|124390568|-1|2024|4|2 - ABASTECIMENTO EM POSTO / COMÉRCIO|54883|57939|2 - GASOLINA (LITRO)|18.58|109.47|IDENTIFICADOR 37446 GASOLINA
93856585|774585|303|02|124390568|-1|2024|4|2 - ABASTECIMENTO EM POSTO / COMÉRCIO|178535|178535|8 - PEÇAS|1.0|267.0|OS N° 147426_1 VALVULA TERMOSTATICA DO MOTOR
93856586|774615|303|02|124390417|-1|2024|4|2 - ABASTECIMENTO EM POSTO / COMÉRCIO|0|0|2 - GASOLINA (LITRO)|11.12|67.72|IDENTIFICADOR 37178 GASOLINA
93856587|774568|303|02|124390568|-1|2024|4|2 - ABASTECIMENTO EM POSTO / COMÉRCIO|213025|213304|6 - ÓLEO LUBRIFICANTE (LITRO)|3.0|187.5|IDENTIFICADOR 37526 OS N° 151751_1 OLEO MOTOR 5W30
93856588|774584|303|02|124390568|-1|2024|4|2 - ABASTECIMENTO EM POSTO / COMÉRCIO|45226|47464|4 - DIESEL (LITRO)|49.13|328.68|IDENTIFICADOR 37221 DIESEL S10
93856589|774541|303|02|124390568|-1|2024|4|2 - ABASTECIMENTO EM POSTO / COMÉRCIO|54883|57939|2 - GASOLINA (LITRO)|31.87|194.09|IDENTIFICADOR 37445 GASOLINA
93856590|774599|303|02|124390568|-1|2024|4|2 - ABASTECIMENTO EM POSTO / COMÉRCIO|94620|94985|6 - ÓLEO LUBRIFICANTE (LITRO)|7.0|546.0|IDENTIFICADOR 37358 OS N° 148455_1 OLEO MOTOR 5W30
93856591|774650|303|02|124841798|-1|2024|4|2 - ABASTECIMENTO EM POSTO / COMÉRCIO|0|0|4 - DIESEL (LITRO)|150.04|1003.77|IDENTIFICADOR 37296 DIESEL S10
93856592|774579|303|02|124390568|-1|2024|4|2 - ABASTECIMENTO EM POSTO / COMÉRCIO|94332|98007|4 - DIESEL (LITRO)|34.44|230.4|IDENTIFICADOR 37408 DIESEL S10
93856593|774539|303|02|124390568|-1|2024|4|2 - ABASTECIMENTO EM POSTO / COMÉRCIO|129195|129195|8 - PEÇAS|1.0|390.0|OS N° 158315_1 JUNTA HOMOCINETICA LD EXTERNA
93856594|774641|303|02|124390568|-1|2024|4|2 - ABASTECIMENTO EM POSTO / COMÉRCIO|189434|192245|4 - DIESEL (LITRO)|45.27|280.22|IDENTIFICADOR 37229 DIESEL S10
93856595|774629|303|02|124841814|-1|2024|4|2 - ABASTECIMENTO EM POSTO / COMÉRCIO|4013|5006|4 - DIESEL (LITRO)|118.72|794.24|IDENTIFICADOR 37394 DIESEL S10
93856596|774558|303|02|124390568|-1|2024|4|2 - ABASTECIMENTO EM POSTO / COMÉRCIO|76389|79500|2 - GASOLINA (LITRO)|40.43|246.22|IDENTIFICADOR 37259 GASOLINA
93856597|774584|303|02|124390568|-1|2024|4|2 - ABASTECIMENTO EM POSTO / COMÉRCIO|45226|47464|4 - DIESEL (LITRO)|19.17|117.75|IDENTIFICADOR 37412 DIESEL S10
93856598|774589|303|02|124390568|-1|2024|4|2 - ABASTECIMENTO EM POSTO / COMÉRCIO|64155|65326|99 - OUTROS|4.0|74.4|OS N° 143831_1 AGUA DESMINERALIZADA
93856599|774555|303|02|124390411|-1|2024|4|2 - ABASTECIMENTO EM POSTO / COMÉRCIO|118968|119109|2 - GASOLINA (LITRO)|8.21|50.0|IDENTIFICADOR 37199 GASOLINA
93856600|774563|303|02|124390415|-1|2024|4|2 - ABASTECIMENTO EM POSTO / COMÉRCIO|87949|88497|2 - GASOLINA (LITRO)|20.15|122.71|IDENTIFICADOR 37168 GASOLINA
93856601|774589|303|02|124390568|-1|2024|4|2 - ABASTECIMENTO EM POSTO / COMÉRCIO|64155|65326|8 - PEÇAS|1.0|195.27|OS N° 143831_1 BALANCIN DO COMANDO DE VALVULAS
93856602|774539|303|02|124390568|-1|2024|4|2 - ABASTECIMENTO EM POSTO / COMÉRCIO|129195|129195|9 - SERVIÇOS|1.0|2760.0|OS N° 158315_1 RECONDICIONAR ARFUNILARIASUSPPNEUS
93856603|774650|303|02|124841798|-1|2024|4|2 - ABASTECIMENTO EM POSTO / COMÉRCIO|0|0|4 - DIESEL (LITRO)|110.56|739.65|IDENTIFICADOR 37476 DIESEL S10
93856604|774539|303|02|124390568|-1|2024|4|2 - ABASTECIMENTO EM POSTO / COMÉRCIO|129195|129195|8 - PEÇAS|1.0|690.0|OS N° 158315_1 PARACHOQUE DIANTEIRO
93856605|774646|303|02|124390568|-1|2024|4|2 - ABASTECIMENTO EM POSTO / COMÉRCIO|0|0|4 - DIESEL (LITRO)|38.81|259.64|IDENTIFICADOR 37203 DIESEL S10
93856606|774577|303|02|124390568|-1|2024|4|2 - ABASTECIMENTO EM POSTO / COMÉRCIO|41033|43363|4 - DIESEL (LITRO)|45.79|306.34|IDENTIFICADOR 37280 DIESEL S10
93856607|774583|303|02|124841798|-1|2024|4|2 - ABASTECIMENTO EM POSTO / COMÉRCIO|21013|21766|4 - DIESEL (LITRO)|34.16|228.53|IDENTIFICADOR 37327 DIESEL S10
93856608|774585|303|02|124390568|-1|2024|4|2 - ABASTECIMENTO EM POSTO / COMÉRCIO|178535|178535|8 - PEÇAS|1.0|289.0|OS N° 147426_1 CABO DE IGNICAO SUPRESSIVO
93856609|774547|303|02|124390568|-1|2024|4|2 - ABASTECIMENTO EM POSTO / COMÉRCIO|26777|30943|2 - GASOLINA (LITRO)|23.22|141.41|IDENTIFICADOR 37293 GASOLINA
93856610|774547|303|02|124390568|-1|2024|4|2 - ABASTECIMENTO EM POSTO / COMÉRCIO|26777|30943|2 - GASOLINA (LITRO)|25.36|151.91|IDENTIFICADOR 37467 GASOLINA
93856611|774544|303|02|124390568|-1|2024|4|2 - ABASTECIMENTO EM POSTO / COMÉRCIO|56335|58501|2 - GASOLINA (LITRO)|10.48|60.68|IDENTIFICADOR 37277 GASOLINA
93856612|774573|303|02|124390568|-1|2024|4|2 - ABASTECIMENTO EM POSTO / COMÉRCIO|81662|83160|8 - PEÇAS|4.0|179.8|OS N° 150634_1 VELA DE IGNICAO
93856613|774650|303|02|124841798|-1|2024|4|2 - ABASTECIMENTO EM POSTO / COMÉRCIO|0|0|4 - DIESEL (LITRO)|129.36|865.42|IDENTIFICADOR 37481 DIESEL S10
93856614|774544|303|02|124390568|-1|2024|4|2 - ABASTECIMENTO EM POSTO / COMÉRCIO|56335|58501|2 - GASOLINA (LITRO)|23.95|138.67|IDENTIFICADOR 37276 GASOLINA
93856615|774658|303|02|124841798|-1|2024|4|2 - ABASTECIMENTO EM POSTO / COMÉRCIO|0|0|4 - DIESEL (LITRO)|185.65|1242.0|IDENTIFICADOR 37486 DIESEL S10
93856616|774588|303|02|124390568|-1|2024|4|2 - ABASTECIMENTO EM POSTO / COMÉRCIO|188616|189860|2 - GASOLINA (LITRO)|39.06|239.84|IDENTIFICADOR 37426 GASOLINA
93856617|774579|303|02|124390568|-1|2024|4|2 - ABASTECIMENTO EM POSTO / COMÉRCIO|94332|98007|4 - DIESEL (LITRO)|40.56|271.35|IDENTIFICADOR 37218 DIESEL S10
93856618|774646|303|02|124390568|-1|2024|4|2 - ABASTECIMENTO EM POSTO / COMÉRCIO|0|0|2 - GASOLINA (LITRO)|33.53|204.2|IDENTIFICADOR 37205 GASOLINA
93856619|774578|303|02|124390568|-1|2024|4|2 - ABASTECIMENTO EM POSTO / COMÉRCIO|4100|4100|4 - DIESEL (LITRO)|29.95|200.37|IDENTIFICADOR 37529 DIESEL S10
93856623|774561|303|02|124390568|-1|2024|4|2 - ABASTECIMENTO EM POSTO / COMÉRCIO|44536|47055|2 - GASOLINA (LITRO)|28.1|162.7|IDENTIFICADOR 37268 GASOLINA
93856620|774591|303|02|124390568|-1|2024|4|2 - ABASTECIMENTO EM POSTO / COMÉRCIO|226522|227935|2 - GASOLINA (LITRO)|22.73|135.03|IDENTIFICADOR 37247 GASOLINA
93856621|774579|303|02|124390568|-1|2024|4|2 - ABASTECIMENTO EM POSTO / COMÉRCIO|94332|98007|4 - DIESEL (LITRO)|27.53|184.18|IDENTIFICADOR 37409 DIESEL S10
93856622|774646|303|02|124390568|-1|2024|4|2 - ABASTECIMENTO EM POSTO / COMÉRCIO|0|0|2 - GASOLINA (LITRO)|15.09|91.72|IDENTIFICADOR 37400 GASOLINA
93856624|774612|303|02|124841798|-1|2024|4|2 - ABASTECIMENTO EM POSTO / COMÉRCIO|0|0|2 - GASOLINA (LITRO)|16.42|100.0|IDENTIFICADOR 37500 GASOLINA
93856625|774650|303|02|124841798|-1|2024|4|2 - ABASTECIMENTO EM POSTO / COMÉRCIO|0|0|4 - DIESEL (LITRO)|156.95|1050.0|IDENTIFICADOR 37294 DIESEL S10
93856626|774551|303|02|124841798|-1|2024|4|2 - ABASTECIMENTO EM POSTO / COMÉRCIO|191108|191809|2 - GASOLINA (LITRO)|43.58|265.4|IDENTIFICADOR 37316 GASOLINA
93856627|774544|303|02|124390568|-1|2024|4|2 - ABASTECIMENTO EM POSTO / COMÉRCIO|56335|58501|2 - GASOLINA (LITRO)|22.58|133.0|IDENTIFICADOR 37279 GASOLINA
93856628|774541|303|02|124390568|-1|2024|4|2 - ABASTECIMENTO EM POSTO / COMÉRCIO|54883|57939|8 - PEÇAS|1.0|289.0|OS N° 144965_1 ROLAMENTO INTERNO DA RODA DIANTEIRA
93856629|774595|303|02|124390568|-1|2024|4|2 - ABASTECIMENTO EM POSTO / COMÉRCIO|204267|204267|2 - GASOLINA (LITRO)|43.78|262.27|IDENTIFICADOR 37432 GASOLINA
93856630|774579|303|02|124390568|-1|2024|4|2 - ABASTECIMENTO EM POSTO / COMÉRCIO|94332|98007|4 - DIESEL (LITRO)|15.77|105.5|IDENTIFICADOR 37406 DIESEL S10
93856631|774584|303|02|124390568|-1|2024|4|2 - ABASTECIMENTO EM POSTO / COMÉRCIO|45226|47464|4 - DIESEL (LITRO)|53.7|329.73|IDENTIFICADOR 37413 DIESEL S10
93856632|774609|303|02|124390568|-1|2024|4|2 - ABASTECIMENTO EM POSTO / COMÉRCIO|202100|204967|2 - GASOLINA (LITRO)|38.97|237.33|IDENTIFICADOR 37237 GASOLINA
93856633|774591|303|02|124390568|-1|2024|4|2 - ABASTECIMENTO EM POSTO / COMÉRCIO|226522|227935|8 - PEÇAS|1.0|180.0|OS N° 148485_1 DRIVER DE SIRENE
93856634|774558|303|02|124390568|-1|2024|4|2 - ABASTECIMENTO EM POSTO / COMÉRCIO|76389|79500|2 - GASOLINA (LITRO)|48.95|288.32|IDENTIFICADOR 37440 GASOLINA
93856635|774558|303|02|124390568|-1|2024|4|2 - ABASTECIMENTO EM POSTO / COMÉRCIO|76389|79500|2 - GASOLINA (LITRO)|50.08|304.99|IDENTIFICADOR 37260 GASOLINA
93856636|774579|303|02|124390568|-1|2024|4|2 - ABASTECIMENTO EM POSTO / COMÉRCIO|94332|98007|8 - PEÇAS|1.0|56.8|OS N° 140482_1 FILTRO DE OLEO
93856637|774564|303|02|-1|17435088|2024|4|2 - ABASTECIMENTO EM POSTO / COMÉRCIO|6529|6529|2 - GASOLINA (LITRO)|22.35|136.11|IDENTIFICADOR 37166 GASOLINA
93856638|774573|303|02|124390568|-1|2024|4|2 - ABASTECIMENTO EM POSTO / COMÉRCIO|81662|83160|2 - GASOLINA (LITRO)|32.38|200.43|IDENTIFICADOR 37255 GASOLINA
93856639|774549|303|02|124841798|-1|2024|4|2 - ABASTECIMENTO EM POSTO / COMÉRCIO|115029|115492|2 - GASOLINA (LITRO)|34.38|209.37|IDENTIFICADOR 37491 GASOLINA
93856640|774561|303|02|124390568|-1|2024|4|2 - ABASTECIMENTO EM POSTO / COMÉRCIO|44536|47055|9 - SERVIÇOS|1.0|60.0|OS N° 149795_1 TROCA DE OLEO E FILTROS
93856641|774547|303|02|124390568|-1|2024|4|2 - ABASTECIMENTO EM POSTO / COMÉRCIO|26777|30943|2 - GASOLINA (LITRO)|29.58|165.35|IDENTIFICADOR 37285 GASOLINA
93856642|774591|303|02|124390568|-1|2024|4|2 - ABASTECIMENTO EM POSTO / COMÉRCIO|226522|227935|99 - OUTROS|2.0|980.0|OS N° 143578_1 PNEU 17570 R14
93856643|774553|303|02|124390568|-1|2024|4|2 - ABASTECIMENTO EM POSTO / COMÉRCIO|125030|125212|2 - GASOLINA (LITRO)|31.96|191.49|IDENTIFICADOR 37209 GASOLINA
93856644|774591|303|02|124390568|-1|2024|4|2 - ABASTECIMENTO EM POSTO / COMÉRCIO|226522|227935|2 - GASOLINA (LITRO)|45.11|274.72|IDENTIFICADOR 37431 GASOLINA
93856645|774638|303|02|124841814|-1|2024|4|2 - ABASTECIMENTO EM POSTO / COMÉRCIO|65870|65870|99 - OUTROS|2.0|484.0|OS N° 147434_1 ARLA 32 GALAO 20 LITROS
93856646|774650|303|02|124841798|-1|2024|4|2 - ABASTECIMENTO EM POSTO / COMÉRCIO|0|0|4 - DIESEL (LITRO)|94.27|630.67|IDENTIFICADOR 37480 DIESEL S10
93856647|781558|303|02|124390416|-1|2024|4|2 - ABASTECIMENTO EM POSTO / COMÉRCIO|9610|9610|8 - PEÇAS|1.0|58.0|OS N° 145175_1 FILTRO DE AR
93856648|774541|303|02|124390568|-1|2024|4|2 - ABASTECIMENTO EM POSTO / COMÉRCIO|54883|57939|2 - GASOLINA (LITRO)|22.49|125.72|IDENTIFICADOR 37265 GASOLINA
93856649|774579|303|02|124390568|-1|2024|4|2 - ABASTECIMENTO EM POSTO / COMÉRCIO|94332|98007|4 - DIESEL (LITRO)|35.65|234.96|IDENTIFICADOR 37403 DIESEL S10
93856650|774570|303|02|124390411|-1|2024|4|2 - ABASTECIMENTO EM POSTO / COMÉRCIO|71314|71314|2 - GASOLINA (LITRO)|48.61|296.03|IDENTIFICADOR 37202 GASOLINA
93856651|774589|303|02|124390568|-1|2024|4|2 - ABASTECIMENTO EM POSTO / COMÉRCIO|64155|65326|2 - GASOLINA (LITRO)|36.24|218.94|IDENTIFICADOR 37436 GASOLINA
93856652|774589|303|02|124390568|-1|2024|4|2 - ABASTECIMENTO EM POSTO / COMÉRCIO|64155|65326|6 - ÓLEO LUBRIFICANTE (LITRO)|4.0|342.92|IDENTIFICADOR 37356 OS N° 147271_1 OLEO MOTOR 5W30
93856653|774561|303|02|124390568|-1|2024|4|2 - ABASTECIMENTO EM POSTO / COMÉRCIO|44536|47055|2 - GASOLINA (LITRO)|26.35|152.57|IDENTIFICADOR 37272 GASOLINA
93856654|774648|303|02|124841798|-1|2024|4|2 - ABASTECIMENTO EM POSTO / COMÉRCIO|0|0|4 - DIESEL (LITRO)|128.4|859.0|IDENTIFICADOR 37511 DIESEL S10
93856655|774612|303|02|124841798|-1|2024|4|2 - ABASTECIMENTO EM POSTO / COMÉRCIO|0|0|2 - GASOLINA (LITRO)|73.57|448.07|IDENTIFICADOR 37319 GASOLINA
93856656|774585|303|02|124390568|-1|2024|4|2 - ABASTECIMENTO EM POSTO / COMÉRCIO|178535|178535|99 - OUTROS|1.0|120.0|OS N° 147426_1 SILICONE
93856657|774650|303|02|124841798|-1|2024|4|2 - ABASTECIMENTO EM POSTO / COMÉRCIO|0|0|4 - DIESEL (LITRO)|120.1|803.47|IDENTIFICADOR 37295 DIESEL S10
93856658|774557|303|02|124390411|-1|2024|4|2 - ABASTECIMENTO EM POSTO / COMÉRCIO|290481|290830|99 - OUTROS|1.0|117.0|OS N° 151624_1 MANOPLA DA ALAVANCA DE CAMBIO
93856659|774641|303|02|124390568|-1|2024|4|2 - ABASTECIMENTO EM POSTO / COMÉRCIO|189434|192245|8 - PEÇAS|2.0|2637.52|OS N° 124730_1 AMORTECEDOR TRASEIRO COMPLETO
93856660|774573|303|02|124390568|-1|2024|4|2 - ABASTECIMENTO EM POSTO / COMÉRCIO|81662|83160|8 - PEÇAS|1.0|53.57|OS N° 150634_1 FILTRO DE COMBUSTIVEL
93856661|774568|303|02|124390568|-1|2024|4|2 - ABASTECIMENTO EM POSTO / COMÉRCIO|213025|213304|8 - PEÇAS|1.0|39.0|OS N° 151751_1 FILTRO DE OLEO
93856662|774658|303|02|124841798|-1|2024|4|2 - ABASTECIMENTO EM POSTO / COMÉRCIO|0|0|4 - DIESEL (LITRO)|254.51|1702.67|IDENTIFICADOR 37485 DIESEL S10
93856666|774618|303|02|124841798|-1|2024|4|2 - ABASTECIMENTO EM POSTO / COMÉRCIO|0|0|2 - GASOLINA (LITRO)|97.34|641.47|IDENTIFICADOR 37313 GASOLINA
93856663|774573|303|02|124390568|-1|2024|4|2 - ABASTECIMENTO EM POSTO / COMÉRCIO|81662|83160|8 - PEÇAS|1.0|287.04|OS N° 150634_1 CABO DE IGNICAO SUPRESSIVO
93856664|774544|303|02|124390568|-1|2024|4|2 - ABASTECIMENTO EM POSTO / COMÉRCIO|56335|58501|2 - GASOLINA (LITRO)|21.68|123.36|IDENTIFICADOR 37274 GASOLINA
93856665|774542|303|02|124390568|-1|2024|4|2 - ABASTECIMENTO EM POSTO / COMÉRCIO|241991|243066|2 - GASOLINA (LITRO)|26.84|163.46|IDENTIFICADOR 37211 GASOLINA
93856667|774579|303|02|124390568|-1|2024|4|2 - ABASTECIMENTO EM POSTO / COMÉRCIO|94332|98007|4 - DIESEL (LITRO)|20.28|135.67|IDENTIFICADOR 37216 DIESEL S10
93856668|774589|303|02|124390568|-1|2024|4|2 - ABASTECIMENTO EM POSTO / COMÉRCIO|64155|65326|2 - GASOLINA (LITRO)|27.49|167.41|IDENTIFICADOR 37437 GASOLINA
93856669|774540|303|02|124390411|-1|2024|4|2 - ABASTECIMENTO EM POSTO / COMÉRCIO|3010|3938|2 - GASOLINA (LITRO)|43.28|263.58|IDENTIFICADOR 37201 GASOLINA
93856670|774541|303|02|124390568|-1|2024|4|2 - ABASTECIMENTO EM POSTO / COMÉRCIO|54883|57939|8 - PEÇAS|1.0|214.0|OS N° 144965_1 PASTILHA FREIO
93856671|774641|303|02|124390568|-1|2024|4|2 - ABASTECIMENTO EM POSTO / COMÉRCIO|189434|192245|4 - DIESEL (LITRO)|90.56|522.53|IDENTIFICADOR 37232 DIESEL S10
93856672|774541|303|02|124390568|-1|2024|4|2 - ABASTECIMENTO EM POSTO / COMÉRCIO|54883|57939|2 - GASOLINA (LITRO)|23.9|135.99|IDENTIFICADOR 37442 GASOLINA
93856673|774541|303|02|124390568|-1|2024|4|2 - ABASTECIMENTO EM POSTO / COMÉRCIO|54883|57939|6 - ÓLEO LUBRIFICANTE (LITRO)|4.0|249.2|IDENTIFICADOR 37355 OS N° 144965_1 OLEO MOTOR 5W40
93856674|774577|303|02|124390568|-1|2024|4|2 - ABASTECIMENTO EM POSTO / COMÉRCIO|41033|43363|4 - DIESEL (LITRO)|22.55|150.86|IDENTIFICADOR 37456 DIESEL S10
93856675|774569|303|02|124390408|-1|2024|4|2 - ABASTECIMENTO EM POSTO / COMÉRCIO|6308|7283|2 - GASOLINA (LITRO)|25.88|157.61|IDENTIFICADOR 37375 GASOLINA
93856676|774542|303|02|124390568|-1|2024|4|2 - ABASTECIMENTO EM POSTO / COMÉRCIO|241991|243066|2 - GASOLINA (LITRO)|22.65|137.94|IDENTIFICADOR 37396 GASOLINA
93856677|774657|303|02|124841798|-1|2024|4|2 - ABASTECIMENTO EM POSTO / COMÉRCIO|0|0|4 - DIESEL (LITRO)|169.97|1137.1|IDENTIFICADOR 37322 DIESEL S10
93856678|774545|303|02|124390411|-1|2024|4|2 - ABASTECIMENTO EM POSTO / COMÉRCIO|211760|212356|2 - GASOLINA (LITRO)|27.3|166.26|IDENTIFICADOR 37197 GASOLINA
93856679|781558|303|02|124390416|-1|2024|4|2 - ABASTECIMENTO EM POSTO / COMÉRCIO|9610|9610|99 - OUTROS|2.0|24.0|OS N° 145175_1 LIMPA PNEUS
93856680|774557|303|02|124390411|-1|2024|4|2 - ABASTECIMENTO EM POSTO / COMÉRCIO|290481|290830|9 - SERVIÇOS|1.0|320.0|OS N° 151624_1 REPAROS NA TRANSMISSAO
93856681|774558|303|02|124390568|-1|2024|4|2 - ABASTECIMENTO EM POSTO / COMÉRCIO|76389|79500|2 - GASOLINA (LITRO)|35.72|215.79|IDENTIFICADOR 37438 GASOLINA
93856682|774585|303|02|124390568|-1|2024|4|2 - ABASTECIMENTO EM POSTO / COMÉRCIO|178535|178535|99 - OUTROS|1.0|49.0|OS N° 147426_1 DESCARBONIZANTE
93856683|774587|303|02|124390568|-1|2024|4|2 - ABASTECIMENTO EM POSTO / COMÉRCIO|216400|219154|2 - GASOLINA (LITRO)|50.65|283.11|IDENTIFICADOR 37245 GASOLINA
93856684|774560|303|02|124390568|-1|2024|4|2 - ABASTECIMENTO EM POSTO / COMÉRCIO|20187|21083|2 - GASOLINA (LITRO)|42.14|256.63|IDENTIFICADOR 37462 GASOLINA
93856685|774585|303|02|124390568|-1|2024|4|2 - ABASTECIMENTO EM POSTO / COMÉRCIO|178535|178535|8 - PEÇAS|1.0|189.0|OS N° 147426_1 BOMBA D AGUA
93856686|774578|303|02|124390568|-1|2024|4|2 - ABASTECIMENTO EM POSTO / COMÉRCIO|4100|4100|6 - ÓLEO LUBRIFICANTE (LITRO)|12.0|1503.6|IDENTIFICADOR 37347 OS N° 137768_1 OLEO 5W30 GALAO
93856687|774554|303|02|124390415|-1|2024|4|2 - ABASTECIMENTO EM POSTO / COMÉRCIO|6627|9966|2 - GASOLINA (LITRO)|37.12|226.06|IDENTIFICADOR 37173 GASOLINA
93856688|774569|303|02|124390408|-1|2024|4|2 - ABASTECIMENTO EM POSTO / COMÉRCIO|6308|7283|2 - GASOLINA (LITRO)|21.26|129.47|IDENTIFICADOR 37164 GASOLINA
93856689|774594|303|02|124841814|-1|2024|4|2 - ABASTECIMENTO EM POSTO / COMÉRCIO|36745|37410|2 - GASOLINA (LITRO)|43.86|267.11|IDENTIFICADOR 37188 GASOLINA
93856690|774541|303|02|124390568|-1|2024|4|2 - ABASTECIMENTO EM POSTO / COMÉRCIO|54883|57939|2 - GASOLINA (LITRO)|20.17|110.73|IDENTIFICADOR 37261 GASOLINA
93856691|774634|303|02|124390568|-1|2024|4|2 - ABASTECIMENTO EM POSTO / COMÉRCIO|306732|306982|4 - DIESEL (LITRO)|60.05|346.49|IDENTIFICADOR 37417 DIESEL S10
93856692|774579|303|02|124390568|-1|2024|4|2 - ABASTECIMENTO EM POSTO / COMÉRCIO|94332|98007|4 - DIESEL (LITRO)|34.6|231.47|IDENTIFICADOR 37404 DIESEL S10
93856693|774579|303|02|124390568|-1|2024|4|2 - ABASTECIMENTO EM POSTO / COMÉRCIO|94332|98007|8 - PEÇAS|1.0|93.0|OS N° 140482_1 FILTRO DO AR CONDICIONADO
93856694|774599|303|02|124390568|-1|2024|4|2 - ABASTECIMENTO EM POSTO / COMÉRCIO|94620|94985|8 - PEÇAS|1.0|298.0|OS N° 148455_1 SAPATA COM LONA COLADA
93856695|774650|303|02|124841798|-1|2024|4|2 - ABASTECIMENTO EM POSTO / COMÉRCIO|0|0|4 - DIESEL (LITRO)|137.44|919.47|IDENTIFICADOR 37472 DIESEL S10
93856696|774589|303|02|124390568|-1|2024|4|2 - ABASTECIMENTO EM POSTO / COMÉRCIO|64155|65326|8 - PEÇAS|1.0|498.2|OS N° 143831_1 AMORTECEDOR DIANTEIRO LD
93856697|774591|303|02|124390568|-1|2024|4|2 - ABASTECIMENTO EM POSTO / COMÉRCIO|226522|227935|2 - GASOLINA (LITRO)|22.03|130.83|IDENTIFICADOR 37248 GASOLINA
93856698|774660|303|02|124390408|-1|2024|4|2 - ABASTECIMENTO EM POSTO / COMÉRCIO|0|0|2 - GASOLINA (LITRO)|24.1|146.8|IDENTIFICADOR 37371 GASOLINA
93856699|774618|303|02|124841798|-1|2024|4|2 - ABASTECIMENTO EM POSTO / COMÉRCIO|0|0|4 - DIESEL (LITRO)|105.57|695.71|IDENTIFICADOR 37314 OLEO DIESEL
93856700|774647|303|02|124841798|-1|2024|4|2 - ABASTECIMENTO EM POSTO / COMÉRCIO|0|0|4 - DIESEL (LITRO)|76.08|508.98|IDENTIFICADOR 37336 DIESEL S10
93856701|774641|303|02|124390568|-1|2024|4|2 - ABASTECIMENTO EM POSTO / COMÉRCIO|189434|192245|4 - DIESEL (LITRO)|79.08|529.05|IDENTIFICADOR 37227 DIESEL S10
93856702|774568|303|02|124390568|-1|2024|4|2 - ABASTECIMENTO EM POSTO / COMÉRCIO|213025|213304|8 - PEÇAS|1.0|269.0|OS N° 151751_1 JOGO DE JUNTAS DO MOTOR
93856703|774573|303|02|124390568|-1|2024|4|2 - ABASTECIMENTO EM POSTO / COMÉRCIO|81662|83160|2 - GASOLINA (LITRO)|21.42|124.02|IDENTIFICADOR 37254 GASOLINA
93856704|774645|303|02|124841814|-1|2024|4|2 - ABASTECIMENTO EM POSTO / COMÉRCIO|2912|4222|4 - DIESEL (LITRO)|52.39|363.87|IDENTIFICADOR 37389 DIESEL S10
93856708|774612|303|02|124841798|-1|2024|4|2 - ABASTECIMENTO EM POSTO / COMÉRCIO|0|0|2 - GASOLINA (LITRO)|105.1|640.06|IDENTIFICADOR 37320 GASOLINA
93856705|774623|303|02|124841798|-1|2024|4|2 - ABASTECIMENTO EM POSTO / COMÉRCIO|31160|31601|4 - DIESEL (LITRO)|130.63|873.91|IDENTIFICADOR 37340 DIESEL S10
93856706|774641|303|02|124390568|-1|2024|4|2 - ABASTECIMENTO EM POSTO / COMÉRCIO|189434|192245|8 - PEÇAS|1.0|1318.76|OS N° 124730_1 AMORTECEDOR DIANTEIRO LE
93856707|774585|303|02|124390568|-1|2024|4|2 - ABASTECIMENTO EM POSTO / COMÉRCIO|178535|178535|99 - OUTROS|2.0|76.0|OS N° 147426_1 ADITIVO DO RADIADOR
93856709|774589|303|02|124390568|-1|2024|4|2 - ABASTECIMENTO EM POSTO / COMÉRCIO|64155|65326|9 - SERVIÇOS|1.0|2250.0|OS N° 143831_1 REPAROS MOTORFREIOSSUSPARREFECIMENT
93856710|774650|303|02|124841798|-1|2024|4|2 - ABASTECIMENTO EM POSTO / COMÉRCIO|0|0|4 - DIESEL (LITRO)|116.17|777.18|IDENTIFICADOR 37474 DIESEL S10
93856711|774577|303|02|124390568|-1|2024|4|2 - ABASTECIMENTO EM POSTO / COMÉRCIO|41033|43363|4 - DIESEL (LITRO)|36.37|225.13|IDENTIFICADOR 37457 DIESEL S10
93856712|774628|303|02|124841798|-1|2024|4|2 - ABASTECIMENTO EM POSTO / COMÉRCIO|0|0|4 - DIESEL (LITRO)|79.09|529.11|IDENTIFICADOR 37519 DIESEL S10
93856713|774579|303|02|124390568|-1|2024|4|2 - ABASTECIMENTO EM POSTO / COMÉRCIO|94332|98007|8 - PEÇAS|1.0|165.8|OS N° 140482_1 CORREIA DO ALTERNADOR
93856714|774589|303|02|124390568|-1|2024|4|2 - ABASTECIMENTO EM POSTO / COMÉRCIO|64155|65326|8 - PEÇAS|1.0|298.74|OS N° 147271_1 JUNTA DO CABECOTE
93856715|774599|303|02|124390568|-1|2024|4|2 - ABASTECIMENTO EM POSTO / COMÉRCIO|94620|94985|9 - SERVIÇOS|1.0|470.0|OS N° 148455_1 REPAROS MOTORFREIOSSUSPTRANSMISSAO
93856716|774551|303|02|124841798|-1|2024|4|2 - ABASTECIMENTO EM POSTO / COMÉRCIO|191108|191809|2 - GASOLINA (LITRO)|35.0|213.15|IDENTIFICADOR 37317 GASOLINA
93856717|774547|303|02|124390568|-1|2024|4|2 - ABASTECIMENTO EM POSTO / COMÉRCIO|26777|30943|2 - GASOLINA (LITRO)|23.25|134.62|IDENTIFICADOR 37290 GASOLINA
93856718|774557|303|02|124390411|-1|2024|4|2 - ABASTECIMENTO EM POSTO / COMÉRCIO|290481|290830|8 - PEÇAS|1.0|392.58|OS N° 151624_1 TRAMBULADOR COMPLETO DA ALAVANCA CA
93856719|774594|303|02|124841814|-1|2024|4|2 - ABASTECIMENTO EM POSTO / COMÉRCIO|36745|37410|2 - GASOLINA (LITRO)|30.61|186.41|IDENTIFICADOR 37387 GASOLINA
93856720|774539|303|02|124390568|-1|2024|4|2 - ABASTECIMENTO EM POSTO / COMÉRCIO|129195|129195|99 - OUTROS|2.0|1090.0|OS N° 158315_1 PNEU 18570 R14
93856721|774550|303|02|124841798|-1|2024|4|2 - ABASTECIMENTO EM POSTO / COMÉRCIO|236487|236741|2 - GASOLINA (LITRO)|30.14|183.55|IDENTIFICADOR 37496 GASOLINA
93856722|774612|303|02|124841798|-1|2024|4|2 - ABASTECIMENTO EM POSTO / COMÉRCIO|0|0|4 - DIESEL (LITRO)|21.41|143.23|IDENTIFICADOR 37504 DIESEL S10
93856723|781558|303|02|124390416|-1|2024|4|2 - ABASTECIMENTO EM POSTO / COMÉRCIO|9610|9610|8 - PEÇAS|1.0|38.0|OS N° 145175_1 FILTRO DE OLEO
93856724|774646|303|02|124390568|-1|2024|4|2 - ABASTECIMENTO EM POSTO / COMÉRCIO|0|0|2 - GASOLINA (LITRO)|35.91|218.69|IDENTIFICADOR 37204 GASOLINA
93856725|774646|303|02|124390568|-1|2024|4|2 - ABASTECIMENTO EM POSTO / COMÉRCIO|0|0|2 - GASOLINA (LITRO)|22.89|139.4|IDENTIFICADOR 37206 GASOLINA
93856726|774579|303|02|124390568|-1|2024|4|2 - ABASTECIMENTO EM POSTO / COMÉRCIO|94332|98007|4 - DIESEL (LITRO)|33.8|226.12|IDENTIFICADOR 37401 DIESEL S10
93856727|774573|303|02|124390568|-1|2024|4|2 - ABASTECIMENTO EM POSTO / COMÉRCIO|81662|83160|2 - GASOLINA (LITRO)|32.64|190.62|IDENTIFICADOR 37252 GASOLINA
93856728|774585|303|02|124390568|-1|2024|4|2 - ABASTECIMENTO EM POSTO / COMÉRCIO|178535|178535|6 - ÓLEO LUBRIFICANTE (LITRO)|3.0|174.0|IDENTIFICADOR 37357 OS N° 147426_1 OLEO 15W40
93856729|774587|303|02|124390568|-1|2024|4|2 - ABASTECIMENTO EM POSTO / COMÉRCIO|216400|219154|2 - GASOLINA (LITRO)|47.88|277.23|IDENTIFICADOR 37428 GASOLINA
93856730|774591|303|02|124390568|-1|2024|4|2 - ABASTECIMENTO EM POSTO / COMÉRCIO|226522|227935|2 - GASOLINA (LITRO)|38.41|233.92|IDENTIFICADOR 37246 GASOLINA
93856731|774589|303|02|124390568|-1|2024|4|2 - ABASTECIMENTO EM POSTO / COMÉRCIO|64155|65326|99 - OUTROS|2.0|97.5|OS N° 143831_1 ADITIVO DO RADIADOR
93856732|774624|303|02|124390408|-1|2024|4|2 - ABASTECIMENTO EM POSTO / COMÉRCIO|367324|367324|2 - GASOLINA (LITRO)|92.38|608.79|IDENTIFICADOR 37369 GASOLINA
93856733|774647|303|02|124841798|-1|2024|4|2 - ABASTECIMENTO EM POSTO / COMÉRCIO|0|0|4 - DIESEL (LITRO)|65.62|439.0|IDENTIFICADOR 37514 DIESEL S10
93856734|774623|303|02|124841798|-1|2024|4|2 - ABASTECIMENTO EM POSTO / COMÉRCIO|31160|31601|4 - DIESEL (LITRO)|98.5|658.96|IDENTIFICADOR 37516 DIESEL S10
93856735|774589|303|02|124390568|-1|2024|4|2 - ABASTECIMENTO EM POSTO / COMÉRCIO|64155|65326|8 - PEÇAS|1.0|49.18|OS N° 143831_1 FILTRO DE COMBUSTIVEL
93856736|774657|303|02|124841798|-1|2024|4|2 - ABASTECIMENTO EM POSTO / COMÉRCIO|0|0|4 - DIESEL (LITRO)|131.61|880.47|IDENTIFICADOR 37506 DIESEL S10
93856737|774579|303|02|124390568|-1|2024|4|2 - ABASTECIMENTO EM POSTO / COMÉRCIO|94332|98007|8 - PEÇAS|1.0|182.0|OS N° 140482_1 FILTRO DE AR
93856738|774579|303|02|124390568|-1|2024|4|2 - ABASTECIMENTO EM POSTO / COMÉRCIO|94332|98007|4 - DIESEL (LITRO)|28.04|187.59|IDENTIFICADOR 37402 DIESEL S10
93856739|774547|303|02|124390568|-1|2024|4|2 - ABASTECIMENTO EM POSTO / COMÉRCIO|26777|30943|2 - GASOLINA (LITRO)|24.49|144.25|IDENTIFICADOR 37292 GASOLINA
93856740|774650|303|02|124841798|-1|2024|4|2 - ABASTECIMENTO EM POSTO / COMÉRCIO|0|0|4 - DIESEL (LITRO)|69.71|466.36|IDENTIFICADOR 37297 DIESEL S10
93856741|774568|303|02|124390568|-1|2024|4|2 - ABASTECIMENTO EM POSTO / COMÉRCIO|213025|213304|9 - SERVIÇOS|1.0|1920.0|OS N° 151751_1 DESMONTAGEMRETIFICAMONTAGEM DO MOTO
93856742|774589|303|02|124390568|-1|2024|4|2 - ABASTECIMENTO EM POSTO / COMÉRCIO|64155|65326|8 - PEÇAS|2.0|164.46|OS N° 143831_1 BUCHA DA BARRA ESTABILIZADORA
93856743|774597|303|02|124390417|-1|2024|4|2 - ABASTECIMENTO EM POSTO / COMÉRCIO|76419|77500|1 - ÁLCOOL (LITRO)|22.93|100.0|IDENTIFICADOR 37367 ALCCOL AUTOMOTIVO
93856744|774589|303|02|124390568|-1|2024|4|2 - ABASTECIMENTO EM POSTO / COMÉRCIO|64155|65326|8 - PEÇAS|2.0|459.6|OS N° 143831_1 SUPORTE DO AMORTECEDOR DIANTEIRO
93856745|774578|303|02|124390568|-1|2024|4|2 - ABASTECIMENTO EM POSTO / COMÉRCIO|4100|4100|9 - SERVIÇOS|1.0|60.0|OS N° 137768_1 TROCA DE OLEO
93856746|774587|303|02|124390568|-1|2024|4|2 - ABASTECIMENTO EM POSTO / COMÉRCIO|216400|219154|8 - PEÇAS|1.0|8.0|OS N° 143583_1 LAMPADA 2 POLOS
93856750|774641|303|02|124390568|-1|2024|4|2 - ABASTECIMENTO EM POSTO / COMÉRCIO|189434|192245|8 - PEÇAS|6.0|1730.22|OS N° 124730_1 BUCHA FEIXE DE MOLAS
93856747|774606|303|02|124841798|-1|2024|4|2 - ABASTECIMENTO EM POSTO / COMÉRCIO|109936|110879|2 - GASOLINA (LITRO)|48.24|293.78|IDENTIFICADOR 37487 GASOLINA
93856748|774589|303|02|124390568|-1|2024|4|2 - ABASTECIMENTO EM POSTO / COMÉRCIO|64155|65326|8 - PEÇAS|1.0|105.89|OS N° 147271_1 CORREIA PV
93856749|774547|303|02|124390568|-1|2024|4|2 - ABASTECIMENTO EM POSTO / COMÉRCIO|26777|30943|2 - GASOLINA (LITRO)|14.29|82.74|IDENTIFICADOR 37286 GASOLINA
93856751|774644|303|02|124841814|-1|2024|4|2 - ABASTECIMENTO EM POSTO / COMÉRCIO|72723|75195|4 - DIESEL (LITRO)|129.38|865.55|IDENTIFICADOR 37182 DIESEL S10
93856752|774585|303|02|124390568|-1|2024|4|2 - ABASTECIMENTO EM POSTO / COMÉRCIO|178535|178535|9 - SERVIÇOS|1.0|1228.0|OS N° 147426_1 REVISAO E RETIFICA DO MOTOR
93856753|774573|303|02|124390568|-1|2024|4|2 - ABASTECIMENTO EM POSTO / COMÉRCIO|81662|83160|8 - PEÇAS|2.0|455.28|OS N° 151244_1 PIVO DA BANDEJA SUPERIOR DA SUSPENS
93856754|774612|303|02|124841798|-1|2024|4|2 - ABASTECIMENTO EM POSTO / COMÉRCIO|0|0|2 - GASOLINA (LITRO)|20.0|121.86|IDENTIFICADOR 37501 GASOLINA
93856755|774582|303|02|124390411|-1|2024|4|2 - ABASTECIMENTO EM POSTO / COMÉRCIO|121510|121770|2 - GASOLINA (LITRO)|41.07|250.12|IDENTIFICADOR 37382 GASOLINA
93856756|774645|303|02|124841814|-1|2024|4|2 - ABASTECIMENTO EM POSTO / COMÉRCIO|2912|4222|4 - DIESEL (LITRO)|58.92|394.17|IDENTIFICADOR 37190 DIESEL S10
93856757|774650|303|02|124841798|-1|2024|4|2 - ABASTECIMENTO EM POSTO / COMÉRCIO|0|0|4 - DIESEL (LITRO)|118.45|792.43|IDENTIFICADOR 37473 DIESEL S10
93856758|774641|303|02|124390568|-1|2024|4|2 - ABASTECIMENTO EM POSTO / COMÉRCIO|189434|192245|4 - DIESEL (LITRO)|72.09|482.28|IDENTIFICADOR 37419 DIESEL S10
93856759|774561|303|02|124390568|-1|2024|4|2 - ABASTECIMENTO EM POSTO / COMÉRCIO|44536|47055|2 - GASOLINA (LITRO)|25.35|146.78|IDENTIFICADOR 37448 GASOLINA
93856760|774597|303|02|124390417|-1|2024|4|2 - ABASTECIMENTO EM POSTO / COMÉRCIO|76419|77500|1 - ÁLCOOL (LITRO)|20.05|80.0|IDENTIFICADOR 37176 ALCCOL AUTOMOTIVO
93856761|774644|303|02|124841814|-1|2024|4|2 - ABASTECIMENTO EM POSTO / COMÉRCIO|72723|75195|4 - DIESEL (LITRO)|97.76|654.01|IDENTIFICADOR 37383 DIESEL S10
93856762|774573|303|02|124390568|-1|2024|4|2 - ABASTECIMENTO EM POSTO / COMÉRCIO|81662|83160|8 - PEÇAS|1.0|37.79|OS N° 150634_1 FILTRO DO AR CONDICIONADO
93856763|774629|303|02|124841814|-1|2024|4|2 - ABASTECIMENTO EM POSTO / COMÉRCIO|4013|5006|99 - OUTROS|1.0|242.0|OS N° 149293_1 ARLA 32 GALAO 20 LITROS
93856764|774628|303|02|124841798|-1|2024|4|2 - ABASTECIMENTO EM POSTO / COMÉRCIO|0|0|4 - DIESEL (LITRO)|70.71|473.05|IDENTIFICADOR 37518 DIESEL S10
93856765|774547|303|02|124390568|-1|2024|4|2 - ABASTECIMENTO EM POSTO / COMÉRCIO|26777|30943|2 - GASOLINA (LITRO)|18.57|111.23|IDENTIFICADOR 37464 GASOLINA
93856766|774589|303|02|124390568|-1|2024|4|2 - ABASTECIMENTO EM POSTO / COMÉRCIO|64155|65326|8 - PEÇAS|1.0|65.2|OS N° 143831_1 COIFA DO AMORTECEDOR DIANTEIRO LE
93856767|774634|303|02|124390568|-1|2024|4|2 - ABASTECIMENTO EM POSTO / COMÉRCIO|306732|306982|4 - DIESEL (LITRO)|52.6|351.89|IDENTIFICADOR 37226 DIESEL S10
93856768|774577|303|02|124390568|-1|2024|4|2 - ABASTECIMENTO EM POSTO / COMÉRCIO|41033|43363|4 - DIESEL (LITRO)|13.78|92.19|IDENTIFICADOR 37459 DIESEL S10
93856769|774630|303|02|124841814|-1|2024|4|2 - ABASTECIMENTO EM POSTO / COMÉRCIO|88752|89087|4 - DIESEL (LITRO)|118.47|792.56|IDENTIFICADOR 37187 DIESEL S10
93856770|774638|303|02|124841814|-1|2024|4|2 - ABASTECIMENTO EM POSTO / COMÉRCIO|65870|65870|4 - DIESEL (LITRO)|74.17|496.2|IDENTIFICADOR 37184 DIESEL S10
93856771|774619|303|02|124841798|-1|2024|4|2 - ABASTECIMENTO EM POSTO / COMÉRCIO|25606|25906|4 - DIESEL (LITRO)|164.8|1102.51|IDENTIFICADOR 37508 DIESEL S10
93856772|774587|303|02|124390568|-1|2024|4|2 - ABASTECIMENTO EM POSTO / COMÉRCIO|216400|219154|2 - GASOLINA (LITRO)|14.33|82.27|IDENTIFICADOR 37243 GASOLINA
93856773|774541|303|02|124390568|-1|2024|4|2 - ABASTECIMENTO EM POSTO / COMÉRCIO|54883|57939|2 - GASOLINA (LITRO)|27.06|159.38|IDENTIFICADOR 37447 GASOLINA
93856774|774644|303|02|124390568|-1|2024|4|2 - ABASTECIMENTO EM POSTO / COMÉRCIO|72723|75195|99 - OUTROS|1.0|242.0|OS N° 149296_1 ARLA 32 GALAO 20 LITROS
93856775|774568|303|02|124390568|-1|2024|4|2 - ABASTECIMENTO EM POSTO / COMÉRCIO|213025|213304|2 - GASOLINA (LITRO)|34.38|209.37|IDENTIFICADOR 37530 GASOLINA
93856776|774573|303|02|124390568|-1|2024|4|2 - ABASTECIMENTO EM POSTO / COMÉRCIO|81662|83160|8 - PEÇAS|2.0|278.34|OS N° 151244_1 SUPORTE SUPERIOR DO AMORTECEDOR DIA
93856777|774573|303|02|124390568|-1|2024|4|2 - ABASTECIMENTO EM POSTO / COMÉRCIO|81662|83160|8 - PEÇAS|1.0|35.0|OS N° 143574_1 FILTRO DE OLEO
93856778|774557|303|02|124390411|-1|2024|4|2 - ABASTECIMENTO EM POSTO / COMÉRCIO|290481|290830|2 - GASOLINA (LITRO)|38.46|234.22|IDENTIFICADOR 37379 GASOLINA
93856779|774660|303|02|124390408|-1|2024|4|2 - ABASTECIMENTO EM POSTO / COMÉRCIO|0|0|2 - GASOLINA (LITRO)|20.03|121.98|IDENTIFICADOR 37370 GASOLINA
93856780|774562|303|02|124841798|-1|2024|4|2 - ABASTECIMENTO EM POSTO / COMÉRCIO|299203|300907|2 - GASOLINA (LITRO)|39.95|243.3|IDENTIFICADOR 37312 GASOLINA
93856781|774573|303|02|124390568|-1|2024|4|2 - ABASTECIMENTO EM POSTO / COMÉRCIO|81662|83160|8 - PEÇAS|1.0|640.42|OS N° 150634_1 SONDA LAMBDA
93856782|774660|303|02|124390408|-1|2024|4|2 - ABASTECIMENTO EM POSTO / COMÉRCIO|0|0|2 - GASOLINA (LITRO)|20.04|122.04|IDENTIFICADOR 37163 GASOLINA
93856783|774641|303|02|124390568|-1|2024|4|2 - ABASTECIMENTO EM POSTO / COMÉRCIO|189434|192245|4 - DIESEL (LITRO)|95.44|638.49|IDENTIFICADOR 37418 DIESEL S10
93856784|781558|303|02|124390416|-1|2024|4|2 - ABASTECIMENTO EM POSTO / COMÉRCIO|9610|9610|6 - ÓLEO LUBRIFICANTE (LITRO)|5.0|295.0|IDENTIFICADOR 37346 OS N° 145175_1 OLEO 5W20
93856785|774609|303|02|124390568|-1|2024|4|2 - ABASTECIMENTO EM POSTO / COMÉRCIO|202100|204967|2 - GASOLINA (LITRO)|44.93|273.62|IDENTIFICADOR 37425 GASOLINA
93856786|774545|303|02|124390411|-1|2024|4|2 - ABASTECIMENTO EM POSTO / COMÉRCIO|211760|212356|2 - GASOLINA (LITRO)|26.99|164.37|IDENTIFICADOR 37198 GASOLINA
93856787|774650|303|02|124841798|-1|2024|4|2 - ABASTECIMENTO EM POSTO / COMÉRCIO|0|0|4 - DIESEL (LITRO)|91.0|608.79|IDENTIFICADOR 37301 DIESEL S10
93856788|774588|303|02|124390568|-1|2024|4|2 - ABASTECIMENTO EM POSTO / COMÉRCIO|188616|189860|8 - PEÇAS|1.0|38.0|OS N° 143576_1 TAMPA DO RADIADOR
93856792|774641|303|02|124390568|-1|2024|4|2 - ABASTECIMENTO EM POSTO / COMÉRCIO|189434|192245|8 - PEÇAS|4.0|886.4|OS N° 124730_1 PINO DE CENTRO
93856789|774544|303|02|124390568|-1|2024|4|2 - ABASTECIMENTO EM POSTO / COMÉRCIO|56335|58501|2 - GASOLINA (LITRO)|27.53|159.4|IDENTIFICADOR 37275 GASOLINA
93856790|774589|303|02|124390568|-1|2024|4|2 - ABASTECIMENTO EM POSTO / COMÉRCIO|64155|65326|8 - PEÇAS|4.0|194.6|OS N° 143831_1 VELA DE IGNICAO
93856791|774587|303|02|124390568|-1|2024|4|2 - ABASTECIMENTO EM POSTO / COMÉRCIO|216400|219154|9 - SERVIÇOS|1.0|60.0|OS N° 143583_1 REGULAR FREIOS E TROCAR LAMPADAS
93856793|774563|303|02|124390415|-1|2024|4|2 - ABASTECIMENTO EM POSTO / COMÉRCIO|87949|88497|2 - GASOLINA (LITRO)|15.81|96.28|IDENTIFICADOR 37167 GASOLINA
93856794|774591|303|02|124390568|-1|2024|4|2 - ABASTECIMENTO EM POSTO / COMÉRCIO|226522|227935|9 - SERVIÇOS|1.0|180.0|OS N° 148485_1 TROCA DE PASTILHAREPBUZINADRIVER SI
93856795|774562|303|02|124841798|-1|2024|4|2 - ABASTECIMENTO EM POSTO / COMÉRCIO|299203|300907|2 - GASOLINA (LITRO)|41.81|254.62|IDENTIFICADOR 37493 GASOLINA
93856796|774568|303|02|124390568|-1|2024|4|2 - ABASTECIMENTO EM POSTO / COMÉRCIO|213025|213304|99 - OUTROS|5.0|195.0|OS N° 151751_1 ADITIVO DO RADIADOR
93856797|774549|303|02|124841798|-1|2024|4|2 - ABASTECIMENTO EM POSTO / COMÉRCIO|115029|115492|2 - GASOLINA (LITRO)|34.26|208.64|IDENTIFICADOR 37307 GASOLINA
93856798|774583|303|02|124841798|-1|2024|4|2 - ABASTECIMENTO EM POSTO / COMÉRCIO|21013|21766|4 - DIESEL (LITRO)|47.41|317.17|IDENTIFICADOR 37509 DIESEL S10
93856799|781558|303|02|124390416|-1|2024|4|2 - ABASTECIMENTO EM POSTO / COMÉRCIO|9610|9610|99 - OUTROS|2.0|30.0|OS N° 145175_1 SILICONE
93856800|774547|303|02|124390568|-1|2024|4|2 - ABASTECIMENTO EM POSTO / COMÉRCIO|26777|30943|2 - GASOLINA (LITRO)|21.98|133.86|IDENTIFICADOR 37470 GASOLINA
93856801|774561|303|02|124390568|-1|2024|4|2 - ABASTECIMENTO EM POSTO / COMÉRCIO|44536|47055|8 - PEÇAS|1.0|79.8|OS N° 149795_1 FILTRO DE OLEO
93856802|774589|303|02|124390568|-1|2024|4|2 - ABASTECIMENTO EM POSTO / COMÉRCIO|64155|65326|8 - PEÇAS|2.0|579.4|OS N° 143831_1 DISCO DE FREIO
93856803|774547|303|02|124390568|-1|2024|4|2 - ABASTECIMENTO EM POSTO / COMÉRCIO|26777|30943|2 - GASOLINA (LITRO)|23.68|138.34|IDENTIFICADOR 37287 GASOLINA
93856804|774650|303|02|124841798|-1|2024|4|2 - ABASTECIMENTO EM POSTO / COMÉRCIO|0|0|4 - DIESEL (LITRO)|122.28|818.05|IDENTIFICADOR 37482 DIESEL S10
93856805|774573|303|02|124390568|-1|2024|4|2 - ABASTECIMENTO EM POSTO / COMÉRCIO|81662|83160|99 - OUTROS|1.0|36.19|OS N° 150634_1 HIGIENIZADOR DO AR CONDICIONADO
93856806|774644|303|02|124841814|-1|2024|4|2 - ABASTECIMENTO EM POSTO / COMÉRCIO|72723|75195|4 - DIESEL (LITRO)|113.63|760.18|IDENTIFICADOR 37181 DIESEL S10
93856807|774660|303|02|124390408|-1|2024|4|2 - ABASTECIMENTO EM POSTO / COMÉRCIO|0|0|2 - GASOLINA (LITRO)|21.73|132.34|IDENTIFICADOR 37162 GASOLINA
93856808|774573|303|02|124390568|-1|2024|4|2 - ABASTECIMENTO EM POSTO / COMÉRCIO|81662|83160|8 - PEÇAS|1.0|55.18|OS N° 150634_1 FILTRO DE AR
93856809|774585|303|02|124390568|-1|2024|4|2 - ABASTECIMENTO EM POSTO / COMÉRCIO|178535|178535|8 - PEÇAS|1.0|48.0|OS N° 147426_1 FILTRO DE AR
93856810|774659|303|02|124841814|-1|2024|4|2 - ABASTECIMENTO EM POSTO / COMÉRCIO|0|0|2 - GASOLINA (LITRO)|20.08|122.29|IDENTIFICADOR 37189 GASOLINA
93856811|774540|303|02|124390411|-1|2024|4|2 - ABASTECIMENTO EM POSTO / COMÉRCIO|3010|3938|2 - GASOLINA (LITRO)|42.8|260.65|IDENTIFICADOR 37381 GASOLINA
93856812|774587|303|02|124390568|-1|2024|4|2 - ABASTECIMENTO EM POSTO / COMÉRCIO|216400|219154|2 - GASOLINA (LITRO)|51.32|302.27|IDENTIFICADOR 37429 GASOLINA
93856813|774589|303|02|124390568|-1|2024|4|2 - ABASTECIMENTO EM POSTO / COMÉRCIO|64155|65326|8 - PEÇAS|2.0|96.34|OS N° 143831_1 LAMPADA 12V
93856814|774560|303|02|124390568|-1|2024|4|2 - ABASTECIMENTO EM POSTO / COMÉRCIO|20187|21083|2 - GASOLINA (LITRO)|43.91|267.41|IDENTIFICADOR 37283 GASOLINA
93856815|774547|303|02|124390568|-1|2024|4|2 - ABASTECIMENTO EM POSTO / COMÉRCIO|26777|30943|2 - GASOLINA (LITRO)|43.47|258.23|IDENTIFICADOR 37291 GASOLINA
93856816|774558|303|02|124390568|-1|2024|4|2 - ABASTECIMENTO EM POSTO / COMÉRCIO|76389|79500|2 - GASOLINA (LITRO)|34.75|209.93|IDENTIFICADOR 37439 GASOLINA
93856817|774568|303|02|124390568|-1|2024|4|2 - ABASTECIMENTO EM POSTO / COMÉRCIO|213025|213304|8 - PEÇAS|1.0|39.0|OS N° 151751_1 TAMPA DO RADIADOR
93856818|774615|303|02|124390417|-1|2024|4|2 - ABASTECIMENTO EM POSTO / COMÉRCIO|0|0|2 - GASOLINA (LITRO)|11.39|69.37|IDENTIFICADOR 37180 GASOLINA
93856819|774589|303|02|124390568|-1|2024|4|2 - ABASTECIMENTO EM POSTO / COMÉRCIO|64155|65326|8 - PEÇAS|1.0|224.18|OS N° 147271_1 BOMBA D AGUA
93856820|774536|303|02|124390568|-1|2024|4|2 - ABASTECIMENTO EM POSTO / COMÉRCIO|138297|138297|2 - GASOLINA (LITRO)|40.3|245.43|IDENTIFICADOR 37399 GASOLINA
93856821|774649|303|02|124841798|-1|2024|4|2 - ABASTECIMENTO EM POSTO / COMÉRCIO|0|0|4 - DIESEL (LITRO)|27.13|181.5|IDENTIFICADOR 37329 DIESEL S10
93856822|774579|303|02|124390568|-1|2024|4|2 - ABASTECIMENTO EM POSTO / COMÉRCIO|94332|98007|6 - ÓLEO LUBRIFICANTE (LITRO)|8.0|966.0|IDENTIFICADOR 37348 OS N° 140482_1 OLEO 5W30 GALAO
93856823|774589|303|02|124390568|-1|2024|4|2 - ABASTECIMENTO EM POSTO / COMÉRCIO|64155|65326|8 - PEÇAS|1.0|362.79|OS N° 143831_1 SAPATA DE FREIO
93856824|774589|303|02|124390568|-1|2024|4|2 - ABASTECIMENTO EM POSTO / COMÉRCIO|64155|65326|2 - GASOLINA (LITRO)|34.52|206.79|IDENTIFICADOR 37256 GASOLINA
93856825|774612|303|02|124841798|-1|2024|4|2 - ABASTECIMENTO EM POSTO / COMÉRCIO|0|0|2 - GASOLINA (LITRO)|94.09|573.01|IDENTIFICADOR 37318 GASOLINA
93856826|774550|303|02|124841798|-1|2024|4|2 - ABASTECIMENTO EM POSTO / COMÉRCIO|236487|236741|2 - GASOLINA (LITRO)|44.38|270.27|IDENTIFICADOR 37315 GASOLINA
93856827|774553|303|02|124390568|-1|2024|4|2 - ABASTECIMENTO EM POSTO / COMÉRCIO|125030|125212|2 - GASOLINA (LITRO)|15.04|91.59|IDENTIFICADOR 37208 GASOLINA
93856828|774547|303|02|124390568|-1|2024|4|2 - ABASTECIMENTO EM POSTO / COMÉRCIO|26777|30943|2 - GASOLINA (LITRO)|26.98|164.31|IDENTIFICADOR 37471 GASOLINA
93856829|774612|303|02|124841798|-1|2024|4|2 - ABASTECIMENTO EM POSTO / COMÉRCIO|0|0|2 - GASOLINA (LITRO)|16.47|100.0|IDENTIFICADOR 37321 GASOLINA
93856830|774650|303|02|124841798|-1|2024|4|2 - ABASTECIMENTO EM POSTO / COMÉRCIO|0|0|4 - DIESEL (LITRO)|152.73|1021.76|IDENTIFICADOR 37303 DIESEL S10
93856831|774609|303|02|124390568|-1|2024|4|2 - ABASTECIMENTO EM POSTO / COMÉRCIO|202100|204967|2 - GASOLINA (LITRO)|5.91|36.0|IDENTIFICADOR 37236 GASOLINA
93171137|773760|304|03|-1|17431208|2024|1|2 - ABASTECIMENTO EM POSTO / COMÉRCIO|627|627|2 - GASOLINA (LITRO)|13.454|77.9|IDENTIFICADOR: 1049
93171134|773736|304|03|-1|17431208|2024|1|2 - ABASTECIMENTO EM POSTO / COMÉRCIO|77075|77455|2 - GASOLINA (LITRO)|47.022|272.25|IDENTIFICADOR: 1050
93171135|773740|304|03|-1|17431208|2024|1|2 - ABASTECIMENTO EM POSTO / COMÉRCIO|53581|54167|2 - GASOLINA (LITRO)|43.635|252.34|IDENTIFICADOR: 1037
93171136|773754|304|03|-1|17431208|2024|1|2 - ABASTECIMENTO EM POSTO / COMÉRCIO|56801|57623|2 - GASOLINA (LITRO)|42.581|246.54|IDENTIFICADOR: 1035
93171138|773744|304|03|-1|17431208|2024|1|2 - ABASTECIMENTO EM POSTO / COMÉRCIO|81291|82065|4 - DIESEL (LITRO)|40.0|259.6|IDENTIFICADOR: 1046
93171139|773739|304|03|-1|17431208|2024|1|2 - ABASTECIMENTO EM POSTO / COMÉRCIO|56420|57236|2 - GASOLINA (LITRO)|43.815|253.68|IDENTIFICADOR: 1056
93171140|773754|304|03|-1|17431208|2024|1|2 - ABASTECIMENTO EM POSTO / COMÉRCIO|56801|57623|2 - GASOLINA (LITRO)|30.0|173.7|IDENTIFICADOR: 1054
93171141|773736|304|03|-1|17431208|2024|1|2 - ABASTECIMENTO EM POSTO / COMÉRCIO|77075|77455|2 - GASOLINA (LITRO)|42.438|245.71|IDENTIFICADOR: 1033
93171142|773735|304|03|-1|17431208|2024|1|2 - ABASTECIMENTO EM POSTO / COMÉRCIO|63503|64288|2 - GASOLINA (LITRO)|38.193|221.13|IDENTIFICADOR: 1048
93171143|773742|304|03|-1|17431208|2024|1|2 - ABASTECIMENTO EM POSTO / COMÉRCIO|6342|6973|2 - GASOLINA (LITRO)|31.541|116.38|IDENTIFICADOR: 1053
93171144|773747|304|03|-1|17431208|2024|1|2 - ABASTECIMENTO EM POSTO / COMÉRCIO|180557|181546|2 - GASOLINA (LITRO)|34.445|199.43|IDENTIFICADOR: 1057
93171145|773744|304|03|-1|17431208|2024|1|2 - ABASTECIMENTO EM POSTO / COMÉRCIO|81291|82065|4 - DIESEL (LITRO)|40.0|259.6|IDENTIFICADOR: 1059
93171146|773747|304|03|-1|17431208|2024|1|2 - ABASTECIMENTO EM POSTO / COMÉRCIO|180557|181546|2 - GASOLINA (LITRO)|36.415|210.84|IDENTIFICADOR: 1034
93171147|773742|304|03|-1|17431208|2024|1|2 - ABASTECIMENTO EM POSTO / COMÉRCIO|6342|6973|2 - GASOLINA (LITRO)|33.157|191.97|IDENTIFICADOR: 1041
93171148|773742|304|03|-1|17431208|2024|1|2 - ABASTECIMENTO EM POSTO / COMÉRCIO|6342|6973|2 - GASOLINA (LITRO)|32.701|189.73|IDENTIFICADOR: 1051
93171149|773739|304|03|-1|17431208|2024|1|2 - ABASTECIMENTO EM POSTO / COMÉRCIO|56420|57236|2 - GASOLINA (LITRO)|41.958|242.93|IDENTIFICADOR: 1047
93171150|773744|304|03|-1|17431208|2024|1|2 - ABASTECIMENTO EM POSTO / COMÉRCIO|81291|82065|4 - DIESEL (LITRO)|40.0|259.6|IDENTIFICADOR: 1040
93171151|773740|304|03|-1|17431208|2024|1|2 - ABASTECIMENTO EM POSTO / COMÉRCIO|53581|54167|2 - GASOLINA (LITRO)|41.845|242.28|IDENTIFICADOR: 1044
93171152|773740|304|03|-1|17431208|2024|1|2 - ABASTECIMENTO EM POSTO / COMÉRCIO|53581|54167|2 - GASOLINA (LITRO)|43.936|254.38|IDENTIFICADOR: 1058
93171129|773735|304|03|-1|17431208|2024|1|2 - ABASTECIMENTO EM POSTO / COMÉRCIO|63503|64288|2 - GASOLINA (LITRO)|40.526|234.64|IDENTIFICADOR: 1055
93171126|773747|304|03|-1|17431208|2024|1|2 - ABASTECIMENTO EM POSTO / COMÉRCIO|180557|181546|2 - GASOLINA (LITRO)|34.122|197.56|IDENTIFICADOR: 1039
93171127|773735|304|03|-1|17431208|2024|1|2 - ABASTECIMENTO EM POSTO / COMÉRCIO|63503|64288|2 - GASOLINA (LITRO)|39.11|226.45|IDENTIFICADOR: 1043
93171128|773754|304|03|-1|17431208|2024|1|2 - ABASTECIMENTO EM POSTO / COMÉRCIO|56801|57623|2 - GASOLINA (LITRO)|43.6|268.07|IDENTIFICADOR: 1042
93171130|773754|304|03|-1|17431208|2024|1|2 - ABASTECIMENTO EM POSTO / COMÉRCIO|56801|57623|2 - GASOLINA (LITRO)|44.172|255.75|IDENTIFICADOR: 1045
93171131|773747|304|03|-1|17431208|2024|1|2 - ABASTECIMENTO EM POSTO / COMÉRCIO|180557|181546|2 - GASOLINA (LITRO)|36.183|209.49|IDENTIFICADOR: 1052
93171132|773739|304|03|-1|17431208|2024|1|2 - ABASTECIMENTO EM POSTO / COMÉRCIO|56420|57236|2 - GASOLINA (LITRO)|40.692|235.6|IDENTIFICADOR: 1038
93171133|773735|304|03|-1|17431208|2024|1|2 - ABASTECIMENTO EM POSTO / COMÉRCIO|63503|64288|2 - GASOLINA (LITRO)|37.177|215.25|IDENTIFICADOR: 1036
93200298|773747|304|03|-1|17431208|2024|2|2 - ABASTECIMENTO EM POSTO / COMÉRCIO|181780|182225|2 - GASOLINA (LITRO)|35.475|208.94|IDENTIFICADOR: 1066
93200295|773744|304|03|-1|17431208|2024|2|2 - ABASTECIMENTO EM POSTO / COMÉRCIO|82426|83216|4 - DIESEL (LITRO)|40.0|259.6|IDENTIFICADOR: 1085
93200296|773754|304|03|-1|17431208|2024|2|2 - ABASTECIMENTO EM POSTO / COMÉRCIO|57873|58434|2 - GASOLINA (LITRO)|40.004|235.62|IDENTIFICADOR: 1083
93200297|773742|304|03|-1|17431208|2024|2|2 - ABASTECIMENTO EM POSTO / COMÉRCIO|7224|8346|2 - GASOLINA (LITRO)|33.011|194.43|IDENTIFICADOR: 1071
93200299|773760|304|03|-1|17431208|2024|2|2 - ABASTECIMENTO EM POSTO / COMÉRCIO|628|630|2 - GASOLINA (LITRO)|27.885|164.24|IDENTIFICADOR: 1089
93200300|773754|304|03|-1|17431208|2024|2|2 - ABASTECIMENTO EM POSTO / COMÉRCIO|57873|58434|2 - GASOLINA (LITRO)|41.746|245.88|IDENTIFICADOR: 1078
93200301|773739|304|03|-1|17431208|2024|2|2 - ABASTECIMENTO EM POSTO / COMÉRCIO|57691|58447|2 - GASOLINA (LITRO)|46.702|275.07|IDENTIFICADOR: 1064
93200302|773735|304|03|-1|17431208|2024|2|2 - ABASTECIMENTO EM POSTO / COMÉRCIO|64618|65589|2 - GASOLINA (LITRO)|41.839|246.43|IDENTIFICADOR: 1070
93200303|773747|304|03|-1|17431208|2024|2|2 - ABASTECIMENTO EM POSTO / COMÉRCIO|181780|182225|2 - GASOLINA (LITRO)|45.193|266.18|IDENTIFICADOR: 1062
93200304|773742|304|03|-1|17431208|2024|2|2 - ABASTECIMENTO EM POSTO / COMÉRCIO|7224|8346|2 - GASOLINA (LITRO)|37.766|222.24|IDENTIFICADOR: 1087
93200305|773745|304|03|-1|17431208|2024|2|2 - ABASTECIMENTO EM POSTO / COMÉRCIO|100831|101266|2 - GASOLINA (LITRO)|43.994|259.12|IDENTIFICADOR: 1074
93200306|773735|304|03|-1|17431208|2024|2|2 - ABASTECIMENTO EM POSTO / COMÉRCIO|64618|65589|2 - GASOLINA (LITRO)|39.502|232.66|IDENTIFICADOR: 1086
93200307|773744|304|03|-1|17431208|2024|2|2 - ABASTECIMENTO EM POSTO / COMÉRCIO|82426|83216|4 - DIESEL (LITRO)|40.0|259.6|IDENTIFICADOR: 1079
93200308|773745|304|03|-1|17431208|2024|2|2 - ABASTECIMENTO EM POSTO / COMÉRCIO|100831|101266|2 - GASOLINA (LITRO)|43.331|255.21|IDENTIFICADOR: 1067
93200309|773754|304|03|-1|17431208|2024|2|2 - ABASTECIMENTO EM POSTO / COMÉRCIO|57873|58434|2 - GASOLINA (LITRO)|36.394|214.36|IDENTIFICADOR: 1065
93200310|773736|304|03|-1|17431208|2024|2|2 - ABASTECIMENTO EM POSTO / COMÉRCIO|77795|78470|2 - GASOLINA (LITRO)|42.281|249.03|IDENTIFICADOR: 1075
93200311|773760|304|03|-1|17431208|2024|2|2 - ABASTECIMENTO EM POSTO / COMÉRCIO|628|630|2 - GASOLINA (LITRO)|27.264|160.58|IDENTIFICADOR: 1084
93200312|773735|304|03|-1|17431208|2024|2|2 - ABASTECIMENTO EM POSTO / COMÉRCIO|64618|65589|2 - GASOLINA (LITRO)|38.235|225.2|IDENTIFICADOR: 1076
93200313|773744|304|03|-1|17431208|2024|2|2 - ABASTECIMENTO EM POSTO / COMÉRCIO|82426|83216|4 - DIESEL (LITRO)|40.0|259.6|IDENTIFICADOR: 1068
93200314|773742|304|03|-1|17431208|2024|2|2 - ABASTECIMENTO EM POSTO / COMÉRCIO|7224|8346|2 - GASOLINA (LITRO)|37.653|221.77|IDENTIFICADOR: 1080
93200315|773747|304|03|-1|17431208|2024|2|2 - ABASTECIMENTO EM POSTO / COMÉRCIO|181780|182225|2 - GASOLINA (LITRO)|36.103|212.64|IDENTIFICADOR: 1077
93200316|773760|304|03|-1|17431208|2024|2|2 - ABASTECIMENTO EM POSTO / COMÉRCIO|628|630|2 - GASOLINA (LITRO)|41.731|245.8|IDENTIFICADOR: 1069
93200317|773736|304|03|-1|17431208|2024|2|2 - ABASTECIMENTO EM POSTO / COMÉRCIO|77795|78470|2 - GASOLINA (LITRO)|40.094|236.15|IDENTIFICADOR: 1061
93200318|773742|304|03|-1|17431208|2024|2|2 - ABASTECIMENTO EM POSTO / COMÉRCIO|7224|8346|2 - GASOLINA (LITRO)|32.274|190.09|IDENTIFICADOR: 1063
93200319|773754|304|03|-1|17431208|2024|2|2 - ABASTECIMENTO EM POSTO / COMÉRCIO|57873|58434|2 - GASOLINA (LITRO)|44.439|261.74|IDENTIFICADOR: 1073
93200320|773735|304|03|-1|17431208|2024|2|2 - ABASTECIMENTO EM POSTO / COMÉRCIO|64618|65589|2 - GASOLINA (LITRO)|41.28|243.13|IDENTIFICADOR: 1060
93200321|773740|304|03|-1|17431208|2024|2|2 - ABASTECIMENTO EM POSTO / COMÉRCIO|54545|54545|2 - GASOLINA (LITRO)|51.302|302.16|IDENTIFICADOR: 1081
93200322|773739|304|03|-1|17431208|2024|2|2 - ABASTECIMENTO EM POSTO / COMÉRCIO|57691|58447|2 - GASOLINA (LITRO)|44.909|264.51|IDENTIFICADOR: 1082
93200323|773739|304|03|-1|17431208|2024|2|2 - ABASTECIMENTO EM POSTO / COMÉRCIO|57691|58447|2 - GASOLINA (LITRO)|41.553|244.74|IDENTIFICADOR: 1072
93200324|773736|304|03|-1|17431208|2024|2|2 - ABASTECIMENTO EM POSTO / COMÉRCIO|77795|78470|2 - GASOLINA (LITRO)|41.013|241.56|IDENTIFICADOR: 1088
93741901|825683|304|03|124834772|-1|2024|4|2 - ABASTECIMENTO EM POSTO / COMÉRCIO|84210|85900|2 - GASOLINA (LITRO)|49.307|290.41|IDENTIFICADOR 1120 GASOLINA COMUM
93741897|773747|304|03|124834772|-1|2024|4|2 - ABASTECIMENTO EM POSTO / COMÉRCIO|182932|183837|2 - GASOLINA (LITRO)|34.667|204.18|IDENTIFICADOR 1146 GASOLINA COMUM
93741898|773735|304|03|124834772|-1|2024|4|2 - ABASTECIMENTO EM POSTO / COMÉRCIO|67060|67327|2 - GASOLINA (LITRO)|40.703|239.74|IDENTIFICADOR 1144 GASOLINA COMUM
93741899|773736|304|03|124834772|-1|2024|4|2 - ABASTECIMENTO EM POSTO / COMÉRCIO|79879|80281|2 - GASOLINA (LITRO)|43.181|254.33|IDENTIFICADOR 1126 GASOLINA COMUM
93741900|773744|304|03|124834772|-1|2024|4|2 - ABASTECIMENTO EM POSTO / COMÉRCIO|84717|85829|4 - DIESEL (LITRO)|40.0|259.6|IDENTIFICADOR 1122 OLEO DIESEL
93741902|773742|304|03|124834772|-1|2024|4|2 - ABASTECIMENTO EM POSTO / COMÉRCIO|9888|11256|2 - GASOLINA (LITRO)|37.445|220.55|IDENTIFICADOR 1147 GASOLINA COMUM
93741903|773742|304|03|124834772|-1|2024|4|2 - ABASTECIMENTO EM POSTO / COMÉRCIO|9888|11256|2 - GASOLINA (LITRO)|41.14|242.31|IDENTIFICADOR 1123 GASOLINA COMUM
93741904|773742|304|03|124834772|-1|2024|4|2 - ABASTECIMENTO EM POSTO / COMÉRCIO|9888|11256|2 - GASOLINA (LITRO)|35.42|208.62|IDENTIFICADOR 1140 GASOLINA COMUM
93741905|825683|304|03|124834772|-1|2024|4|2 - ABASTECIMENTO EM POSTO / COMÉRCIO|84210|85900|2 - GASOLINA (LITRO)|35.965|211.83|IDENTIFICADOR 1145 GASOLINA COMUM
93741906|773739|304|03|124834772|-1|2024|4|2 - ABASTECIMENTO EM POSTO / COMÉRCIO|60202|61096|2 - GASOLINA (LITRO)|42.317|249.24|IDENTIFICADOR 1124 GASOLINA COMUM
93741907|773735|304|03|124834772|-1|2024|4|2 - ABASTECIMENTO EM POSTO / COMÉRCIO|67060|67327|2 - GASOLINA (LITRO)|45.51|268.05|IDENTIFICADOR 1142 GASOLINA COMUM
93741908|773754|304|03|124834772|-1|2024|4|2 - ABASTECIMENTO EM POSTO / COMÉRCIO|59623|59968|2 - GASOLINA (LITRO)|36.863|217.12|IDENTIFICADOR 1141 GASOLINA COMUM
93741909|825683|304|03|124834772|-1|2024|4|2 - ABASTECIMENTO EM POSTO / COMÉRCIO|84210|85900|2 - GASOLINA (LITRO)|47.787|281.46|IDENTIFICADOR 1138 GASOLINA COMUM
93741910|773736|304|03|124834772|-1|2024|4|2 - ABASTECIMENTO EM POSTO / COMÉRCIO|79879|80281|2 - GASOLINA (LITRO)|44.399|261.51|IDENTIFICADOR 1137 GASOLINA COMUM
93741911|773738|304|03|124834772|-1|2024|4|2 - ABASTECIMENTO EM POSTO / COMÉRCIO|191506|191506|2 - GASOLINA (LITRO)|45.17|266.05|IDENTIFICADOR 1130 GASOLINA COMUM
93741912|773760|304|03|124834772|-1|2024|4|2 - ABASTECIMENTO EM POSTO / COMÉRCIO|0|0|2 - GASOLINA (LITRO)|20.0|117.8|IDENTIFICADOR 1135 GASOLINA COMUM
93741913|773747|304|03|124834772|-1|2024|4|2 - ABASTECIMENTO EM POSTO / COMÉRCIO|182932|183837|2 - GASOLINA (LITRO)|39.619|233.35|IDENTIFICADOR 1121 GASOLINA COMUM
93741914|773739|304|03|124834772|-1|2024|4|2 - ABASTECIMENTO EM POSTO / COMÉRCIO|60202|61096|2 - GASOLINA (LITRO)|36.386|214.31|IDENTIFICADOR 1134 GASOLINA COMUM
93741915|773744|304|03|124834772|-1|2024|4|2 - ABASTECIMENTO EM POSTO / COMÉRCIO|84717|85829|4 - DIESEL (LITRO)|40.0|259.6|IDENTIFICADOR 1127 OLEO DIESEL
93741916|773739|304|03|124834772|-1|2024|4|2 - ABASTECIMENTO EM POSTO / COMÉRCIO|60202|61096|2 - GASOLINA (LITRO)|49.867|293.71|IDENTIFICADOR 1148 GASOLINA COMUM
93741917|773735|304|03|124834772|-1|2024|4|2 - ABASTECIMENTO EM POSTO / COMÉRCIO|67060|67327|2 - GASOLINA (LITRO)|39.854|234.74|IDENTIFICADOR 1128 GASOLINA COMUM
93741918|773744|304|03|124834772|-1|2024|4|2 - ABASTECIMENTO EM POSTO / COMÉRCIO|84717|85829|4 - DIESEL (LITRO)|40.0|259.6|IDENTIFICADOR 1149 OLEO DIESEL
93741919|773742|304|03|124834772|-1|2024|4|2 - ABASTECIMENTO EM POSTO / COMÉRCIO|9888|11256|2 - GASOLINA (LITRO)|40.844|240.57|IDENTIFICADOR 1132 GASOLINA COMUM
93741920|773740|304|03|124834772|-1|2024|4|2 - ABASTECIMENTO EM POSTO / COMÉRCIO|55575|55941|2 - GASOLINA (LITRO)|42.398|249.72|IDENTIFICADOR 1133 GASOLINA COMUM
93741921|825683|304|03|124834772|-1|2024|4|2 - ABASTECIMENTO EM POSTO / COMÉRCIO|84210|85900|2 - GASOLINA (LITRO)|45.477|267.85|IDENTIFICADOR 1131 GASOLINA COMUM
93741922|773754|304|03|124834772|-1|2024|4|2 - ABASTECIMENTO EM POSTO / COMÉRCIO|59623|59968|2 - GASOLINA (LITRO)|44.891|264.4|IDENTIFICADOR 1125 GASOLINA COMUM
93741923|773747|304|03|124834772|-1|2024|4|2 - ABASTECIMENTO EM POSTO / COMÉRCIO|182932|183837|2 - GASOLINA (LITRO)|35.225|207.47|IDENTIFICADOR 1129 GASOLINA COMUM
93741924|773747|304|03|124834772|-1|2024|4|2 - ABASTECIMENTO EM POSTO / COMÉRCIO|182932|183837|2 - GASOLINA (LITRO)|35.01|206.2|IDENTIFICADOR 1139 GASOLINA COMUM
93741925|773740|304|03|124834772|-1|2024|4|2 - ABASTECIMENTO EM POSTO / COMÉRCIO|55575|55941|2 - GASOLINA (LITRO)|40.0|235.6|IDENTIFICADOR 1143 GASOLINA COMUM
93741926|773744|304|03|124834772|-1|2024|4|2 - ABASTECIMENTO EM POSTO / COMÉRCIO|84717|85829|4 - DIESEL (LITRO)|40.0|259.6|IDENTIFICADOR 1136 OLEO DIESEL
93202902|774644|303|02|124390496|-1|2024|2|2 - ABASTECIMENTO EM POSTO / COMÉRCIO|68000|69709|4 - DIESEL (LITRO)|104.74|700.71|IDENTIFICADOR 36620 DIESEL S10
93202899|774584|303|02|124390568|-1|2024|2|2 - ABASTECIMENTO EM POSTO / COMÉRCIO|38170|40157|4 - DIESEL (LITRO)|69.38|419.08|IDENTIFICADOR 36476 DIESEL S10
93202900|774579|303|02|124390568|-1|2024|2|2 - ABASTECIMENTO EM POSTO / COMÉRCIO|87058|90441|4 - DIESEL (LITRO)|43.21|289.07|IDENTIFICADOR 36469 DIESEL S10
93202901|774547|303|02|124390568|-1|2024|2|2 - ABASTECIMENTO EM POSTO / COMÉRCIO|18880|22520|2 - GASOLINA (LITRO)|36.62|208.37|IDENTIFICADOR 36709 GASOLINA
93202903|774638|303|02|-1|17435174|2024|2|2 - ABASTECIMENTO EM POSTO / COMÉRCIO|62479|63817|8 - PEÇAS|1.0|4836.4|OS N° 110279 VIDRO DE PARABRISA
93202904|774628|303|02|124390409|-1|2024|2|2 - ABASTECIMENTO EM POSTO / COMÉRCIO|0|0|4 - DIESEL (LITRO)|78.27|523.63|IDENTIFICADOR 36574 DIESEL S10
93202905|774536|303|02|124390568|-1|2024|2|2 - ABASTECIMENTO EM POSTO / COMÉRCIO|136502|136981|2 - GASOLINA (LITRO)|42.46|258.58|IDENTIFICADOR 36461 GASOLINA
93202906|774591|303|02|124390568|-1|2024|2|2 - ABASTECIMENTO EM POSTO / COMÉRCIO|219741|223001|2 - GASOLINA (LITRO)|44.3|252.07|IDENTIFICADOR 36665 GASOLINA
93202907|774543|303|02|124390417|-1|2024|2|2 - ABASTECIMENTO EM POSTO / COMÉRCIO|139073|139347|8 - PEÇAS|2.0|220.0|OS N° 113695 TERMINAL DA BARRA DE DIRECAO LE
93202908|774595|303|02|124390568|-1|2024|2|2 - ABASTECIMENTO EM POSTO / COMÉRCIO|203950|203950|2 - GASOLINA (LITRO)|33.43|183.53|IDENTIFICADOR 36501 GASOLINA
93202909|774634|303|02|124390568|-1|2024|2|2 - ABASTECIMENTO EM POSTO / COMÉRCIO|304234|305163|8 - PEÇAS|1.0|139.8|OS N° 113473 FILTRO DE AR SECUNDARIO
93202910|774554|303|02|124390415|-1|2024|2|2 - ABASTECIMENTO EM POSTO / COMÉRCIO|1798|3558|2 - GASOLINA (LITRO)|38.62|235.2|IDENTIFICADOR 36611 GASOLINA
93202911|774542|303|02|124390568|-1|2024|2|2 - ABASTECIMENTO EM POSTO / COMÉRCIO|239543|240502|8 - PEÇAS|2.0|96.0|OS N° 117076 LAMPADA H7
93202912|774621|303|02|124390409|-1|2024|2|2 - ABASTECIMENTO EM POSTO / COMÉRCIO|98115|99312|4 - DIESEL (LITRO)|211.99|1418.21|IDENTIFICADOR 36559 DIESEL S10
93202913|774634|303|02|124390568|-1|2024|2|2 - ABASTECIMENTO EM POSTO / COMÉRCIO|304234|305163|8 - PEÇAS|1.0|1118.7|OS N° 113473 FILTRO DE OLEO
93202914|774638|303|02|-1|17435174|2024|2|2 - ABASTECIMENTO EM POSTO / COMÉRCIO|62479|63817|4 - DIESEL (LITRO)|65.01|434.92|IDENTIFICADOR 36456 DIESEL S10
93202915|774553|303|02|124390568|-1|2024|2|2 - ABASTECIMENTO EM POSTO / COMÉRCIO|124274|124274|8 - PEÇAS|1.0|78.0|OS N° 127012 RETENTOR COMANDO
93202916|774650|303|02|124390409|-1|2024|2|2 - ABASTECIMENTO EM POSTO / COMÉRCIO|0|0|4 - DIESEL (LITRO)|145.85|975.74|IDENTIFICADOR 36542 DIESEL S10
93202917|774557|303|02|124390411|-1|2024|2|2 - ABASTECIMENTO EM POSTO / COMÉRCIO|290481|290481|8 - PEÇAS|1.0|220.0|OS N° 120438 COXIM AXIAL SUPERIOR DO AMORTECEDOR D
93202918|774599|303|02|124390568|-1|2024|2|2 - ABASTECIMENTO EM POSTO / COMÉRCIO|91660|92934|4 - DIESEL (LITRO)|54.46|364.34|IDENTIFICADOR 36668 DIESEL S10
93202919|774615|303|02|124390417|-1|2024|2|2 - ABASTECIMENTO EM POSTO / COMÉRCIO|0|0|2 - GASOLINA (LITRO)|5.69|34.65|IDENTIFICADOR 36435 GASOLINA
93202920|774657|303|02|124390409|-1|2024|2|2 - ABASTECIMENTO EM POSTO / COMÉRCIO|0|0|4 - DIESEL (LITRO)|199.13|1332.18|IDENTIFICADOR 36737 DIESEL S10
93202921|774541|303|02|124390568|-1|2024|2|2 - ABASTECIMENTO EM POSTO / COMÉRCIO|50080|52037|6 - ÓLEO LUBRIFICANTE (LITRO)|4.0|208.0|IDENTIFICADOR 36790 OS N° 124629 OLEO MOTOR 5W40
93202922|774557|303|02|124390411|-1|2024|2|2 - ABASTECIMENTO EM POSTO / COMÉRCIO|290481|290481|8 - PEÇAS|1.0|795.0|OS N° 120438 KIT EMBREAGEM
93202923|774540|303|02|124390411|-1|2024|2|2 - ABASTECIMENTO EM POSTO / COMÉRCIO|429|1517|2 - GASOLINA (LITRO)|38.97|205.76|IDENTIFICADOR 36448 GASOLINA
93202924|774542|303|02|124390568|-1|2024|2|2 - ABASTECIMENTO EM POSTO / COMÉRCIO|239543|240502|8 - PEÇAS|1.0|38.0|OS N° 117076 FILTRO DE OLEO
93202925|774544|303|02|124390568|-1|2024|2|2 - ABASTECIMENTO EM POSTO / COMÉRCIO|50880|53219|2 - GASOLINA (LITRO)|15.75|91.19|IDENTIFICADOR 36694 GASOLINA
93202926|774573|303|02|124390568|-1|2024|2|2 - ABASTECIMENTO EM POSTO / COMÉRCIO|75603|78430|2 - GASOLINA (LITRO)|38.7|228.0|IDENTIFICADOR 36502 GASOLINA
93202927|774553|303|02|124390568|-1|2024|2|2 - ABASTECIMENTO EM POSTO / COMÉRCIO|124274|124274|8 - PEÇAS|1.0|42.0|OS N° 127012 FILTRO DE AR
93202928|774577|303|02|124390568|-1|2024|2|2 - ABASTECIMENTO EM POSTO / COMÉRCIO|37062|38679|9 - SERVIÇOS|1.0|324.0|OS N° 127027 ALINHAMENTO E BALANCEAMENTO
93202929|774584|303|02|124390568|-1|2024|2|2 - ABASTECIMENTO EM POSTO / COMÉRCIO|38170|40157|9 - SERVIÇOS|1.0|500.0|OS N° 124353 TROCA DE PASTILHAS E LAMPADAS
93202930|774560|303|02|124390568|-1|2024|2|2 - ABASTECIMENTO EM POSTO / COMÉRCIO|17874|18470|2 - GASOLINA (LITRO)|38.27|233.06|IDENTIFICADOR 36702 GASOLINA
93202931|774587|303|02|124390568|-1|2024|2|2 - ABASTECIMENTO EM POSTO / COMÉRCIO|211631|212284|9 - SERVIÇOS|1.0|2880.0|OS N° 116164 REPAROS NO MOTOR E COMPLETAR FLUIDO F
93202932|774573|303|02|124390568|-1|2024|2|2 - ABASTECIMENTO EM POSTO / COMÉRCIO|75603|78430|99 - OUTROS|1.0|680.0|OS N° 121749 PNEU 20560 R16
93202933|774650|303|02|124390409|-1|2024|2|2 - ABASTECIMENTO EM POSTO / COMÉRCIO|0|0|4 - DIESEL (LITRO)|132.9|889.1|IDENTIFICADOR 36714 DIESEL S10
93202934|774645|303|02|124390496|-1|2024|2|2 - ABASTECIMENTO EM POSTO / COMÉRCIO|2188|2188|8 - PEÇAS|1.0|1431.7|OS N° 112832 SUPORTE DO RETROVISOR
93202935|781560|303|02|124390568|-1|2024|2|2 - ABASTECIMENTO EM POSTO / COMÉRCIO|1052|1757|4 - DIESEL (LITRO)|36.28|242.71|IDENTIFICADOR 36654 DIESEL S10
93202936|774577|303|02|124390568|-1|2024|2|2 - ABASTECIMENTO EM POSTO / COMÉRCIO|37062|38679|4 - DIESEL (LITRO)|52.19|328.28|IDENTIFICADOR 36701 DIESEL S10
93202937|774541|303|02|124390568|-1|2024|2|2 - ABASTECIMENTO EM POSTO / COMÉRCIO|50080|52037|9 - SERVIÇOS|1.0|110.0|OS N° 124629 TROCA DE OLEOFILTROSPASTILHA
93202938|774558|303|02|124390568|-1|2024|2|2 - ABASTECIMENTO EM POSTO / COMÉRCIO|69500|72602|2 - GASOLINA (LITRO)|29.84|168.33|IDENTIFICADOR 36682 GASOLINA
93202939|774582|303|02|124390496|-1|2024|2|2 - ABASTECIMENTO EM POSTO / COMÉRCIO|120559|120559|2 - GASOLINA (LITRO)|47.59|289.82|IDENTIFICADOR 36625 GASOLINA
93202940|774582|303|02|124390496|-1|2024|2|2 - ABASTECIMENTO EM POSTO / COMÉRCIO|120559|120559|9 - SERVIÇOS|1.0|450.0|OS N° 98468 REPARO NA SUSPENSAO
93202941|774644|303|02|-1|17435174|2024|2|2 - ABASTECIMENTO EM POSTO / COMÉRCIO|68000|69709|4 - DIESEL (LITRO)|121.75|814.51|IDENTIFICADOR 36452 DIESEL S10
93202945|774634|303|02|124390568|-1|2024|2|2 - ABASTECIMENTO EM POSTO / COMÉRCIO|304234|305163|8 - PEÇAS|1.0|1867.3|OS N° 113473 EMBUCHAMENTO DA MANGA DE EIXO
93202942|774553|303|02|124390568|-1|2024|2|2 - ABASTECIMENTO EM POSTO / COMÉRCIO|124274|124274|8 - PEÇAS|1.0|89.0|OS N° 127012 ARTICULACAO AXIAL
93202943|774570|303|02|124390411|-1|2024|2|2 - ABASTECIMENTO EM POSTO / COMÉRCIO|70116|70116|2 - GASOLINA (LITRO)|46.56|283.55|IDENTIFICADOR 36439 GASOLINA
93202944|774577|303|02|124390568|-1|2024|2|2 - ABASTECIMENTO EM POSTO / COMÉRCIO|37062|38679|4 - DIESEL (LITRO)|30.29|202.64|IDENTIFICADOR 36699 DIESEL S10
93202946|774543|303|02|124390417|-1|2024|2|2 - ABASTECIMENTO EM POSTO / COMÉRCIO|139073|139347|9 - SERVIÇOS|1.0|1350.0|OS N° 113695 REVISAO GERAL
93202947|774587|303|02|124390568|-1|2024|2|2 - ABASTECIMENTO EM POSTO / COMÉRCIO|211631|212284|8 - PEÇAS|1.0|398.0|OS N° 116164 JOGO DE ANEIS DO MOTOR
93202948|774544|303|02|124390568|-1|2024|2|2 - ABASTECIMENTO EM POSTO / COMÉRCIO|50880|53219|2 - GASOLINA (LITRO)|17.21|104.81|IDENTIFICADOR 36697 GASOLINA
93202949|774641|303|02|124390568|-1|2024|2|2 - ABASTECIMENTO EM POSTO / COMÉRCIO|185903|187241|4 - DIESEL (LITRO)|93.22|595.68|IDENTIFICADOR 36484 DIESEL S10
93202950|774612|303|02|124390409|-1|2024|2|2 - ABASTECIMENTO EM POSTO / COMÉRCIO|0|0|2 - GASOLINA (LITRO)|27.63|168.27|IDENTIFICADOR 36731 GASOLINA
93202951|774547|303|02|124390568|-1|2024|2|2 - ABASTECIMENTO EM POSTO / COMÉRCIO|18880|22520|2 - GASOLINA (LITRO)|31.04|189.03|IDENTIFICADOR 36710 GASOLINA
93202952|774634|303|02|124390568|-1|2024|2|2 - ABASTECIMENTO EM POSTO / COMÉRCIO|304234|305163|9 - SERVIÇOS|1.0|3170.0|OS N° 113473 TROCA DE OLEOFILTROSSOCORROREPSUSPEN
93202953|774588|303|02|124390568|-1|2024|2|2 - ABASTECIMENTO EM POSTO / COMÉRCIO|182742|185080|2 - GASOLINA (LITRO)|43.02|242.66|IDENTIFICADOR 36661 GASOLINA
93202954|774638|303|02|124390496|-1|2024|2|2 - ABASTECIMENTO EM POSTO / COMÉRCIO|62479|63817|99 - OUTROS|1.0|198.0|OS N° 124617 ARLA 32 GALAO 20 LITROS
93202955|774547|303|02|124390568|-1|2024|2|2 - ABASTECIMENTO EM POSTO / COMÉRCIO|18880|22520|2 - GASOLINA (LITRO)|26.95|164.13|IDENTIFICADOR 36706 GASOLINA
93202956|774649|303|02|124390409|-1|2024|2|2 - ABASTECIMENTO EM POSTO / COMÉRCIO|0|0|4 - DIESEL (LITRO)|80.0|535.2|IDENTIFICADOR 36568 DIESEL S10
93202957|774660|303|02|124390408|-1|2024|2|2 - ABASTECIMENTO EM POSTO / COMÉRCIO|0|0|2 - GASOLINA (LITRO)|37.13|226.12|IDENTIFICADOR 36607 GASOLINA
93202958|774553|303|02|124390568|-1|2024|2|2 - ABASTECIMENTO EM POSTO / COMÉRCIO|124274|124274|99 - OUTROS|1.0|39.0|OS N° 127012 LIMPA RADIADOR
93202959|774541|303|02|124390568|-1|2024|2|2 - ABASTECIMENTO EM POSTO / COMÉRCIO|50080|52037|2 - GASOLINA (LITRO)|32.87|182.02|IDENTIFICADOR 36518 GASOLINA
93202960|774644|303|02|124390496|-1|2024|2|2 - ABASTECIMENTO EM POSTO / COMÉRCIO|68000|69709|9 - SERVIÇOS|1.0|3120.0|OS N° 113665 REV GERALTROCA DE OLEOTROCA PARABRISA
93202961|774647|303|02|124390409|-1|2024|2|2 - ABASTECIMENTO EM POSTO / COMÉRCIO|0|0|4 - DIESEL (LITRO)|50.91|340.59|IDENTIFICADOR 36754 DIESEL S10
93202962|774589|303|02|124390568|-1|2024|2|2 - ABASTECIMENTO EM POSTO / COMÉRCIO|59704|62300|2 - GASOLINA (LITRO)|29.16|167.39|IDENTIFICADOR 36511 GASOLINA
93202963|774615|303|02|124390417|-1|2024|2|2 - ABASTECIMENTO EM POSTO / COMÉRCIO|0|0|2 - GASOLINA (LITRO)|21.55|131.24|IDENTIFICADOR 36436 GASOLINA
93202964|774547|303|02|124390568|-1|2024|2|2 - ABASTECIMENTO EM POSTO / COMÉRCIO|18880|22520|2 - GASOLINA (LITRO)|37.87|230.63|IDENTIFICADOR 36534 GASOLINA
93202965|774547|303|02|124390568|-1|2024|2|2 - ABASTECIMENTO EM POSTO / COMÉRCIO|18880|22520|2 - GASOLINA (LITRO)|31.96|194.64|IDENTIFICADOR 36533 GASOLINA
93202966|774645|303|02|124390496|-1|2024|2|2 - ABASTECIMENTO EM POSTO / COMÉRCIO|2188|2188|8 - PEÇAS|7.0|893.2|OS N° 112832 COLA
93202967|774638|303|02|-1|17435174|2024|2|2 - ABASTECIMENTO EM POSTO / COMÉRCIO|62479|63817|8 - PEÇAS|1.0|266.9|OS N° 110279 FILTRO DIESEL
93202968|774631|303|02|124390496|-1|2024|2|2 - ABASTECIMENTO EM POSTO / COMÉRCIO|41226|41226|99 - OUTROS|1.0|198.0|OS N° 124622 ARLA 32 GALAO 20 LITROS
93202969|774578|303|02|124390568|-1|2024|2|2 - ABASTECIMENTO EM POSTO / COMÉRCIO|1989|2669|4 - DIESEL (LITRO)|40.66|272.02|IDENTIFICADOR 36711 DIESEL S10
93202970|774578|303|02|124390568|-1|2024|2|2 - ABASTECIMENTO EM POSTO / COMÉRCIO|1989|2669|4 - DIESEL (LITRO)|30.88|206.59|IDENTIFICADOR 36540 DIESEL S10
93202971|774589|303|02|124390568|-1|2024|2|2 - ABASTECIMENTO EM POSTO / COMÉRCIO|59704|62300|2 - GASOLINA (LITRO)|35.04|197.68|IDENTIFICADOR 36679 GASOLINA
93202972|774612|303|02|124390409|-1|2024|2|2 - ABASTECIMENTO EM POSTO / COMÉRCIO|0|0|2 - GASOLINA (LITRO)|23.29|141.84|IDENTIFICADOR 36734 GASOLINA
93202973|774542|303|02|124390568|-1|2024|2|2 - ABASTECIMENTO EM POSTO / COMÉRCIO|239543|240502|6 - ÓLEO LUBRIFICANTE (LITRO)|3.0|144.0|IDENTIFICADOR 36759 OS N° 117076 OLEO 15W40
93202974|774553|303|02|124390568|-1|2024|2|2 - ABASTECIMENTO EM POSTO / COMÉRCIO|124274|124274|8 - PEÇAS|1.0|119.0|OS N° 127012 PASTILHA DE FREIO DIANTEIRA
93202975|774634|303|02|124390568|-1|2024|2|2 - ABASTECIMENTO EM POSTO / COMÉRCIO|304234|305163|4 - DIESEL (LITRO)|93.26|538.11|IDENTIFICADOR 36649 DIESEL S10
93202976|774634|303|02|124390568|-1|2024|2|2 - ABASTECIMENTO EM POSTO / COMÉRCIO|304234|305163|8 - PEÇAS|2.0|646.8|OS N° 113473 ROLAMENTO DA RODA DIANTEIRA EXTERNO
93202977|774544|303|02|124390568|-1|2024|2|2 - ABASTECIMENTO EM POSTO / COMÉRCIO|50880|53219|2 - GASOLINA (LITRO)|19.38|112.21|IDENTIFICADOR 36696 GASOLINA
93202978|774542|303|02|124390568|-1|2024|2|2 - ABASTECIMENTO EM POSTO / COMÉRCIO|239543|240502|2 - GASOLINA (LITRO)|26.43|160.96|IDENTIFICADOR 36634 GASOLINA
93202979|774544|303|02|124390568|-1|2024|2|2 - ABASTECIMENTO EM POSTO / COMÉRCIO|50880|53219|2 - GASOLINA (LITRO)|27.29|158.01|IDENTIFICADOR 36693 GASOLINA
93202980|774579|303|02|124390568|-1|2024|2|2 - ABASTECIMENTO EM POSTO / COMÉRCIO|87058|90441|4 - DIESEL (LITRO)|41.49|277.57|IDENTIFICADOR 36475 DIESEL S10
93202981|774660|303|02|124390408|-1|2024|2|2 - ABASTECIMENTO EM POSTO / COMÉRCIO|0|0|2 - GASOLINA (LITRO)|24.93|151.87|IDENTIFICADOR 36429 GASOLINA
93202982|774584|303|02|124390568|-1|2024|2|2 - ABASTECIMENTO EM POSTO / COMÉRCIO|38170|40157|4 - DIESEL (LITRO)|68.55|395.53|IDENTIFICADOR 36644 DIESEL S10
93202983|774553|303|02|124390568|-1|2024|2|2 - ABASTECIMENTO EM POSTO / COMÉRCIO|124274|124274|8 - PEÇAS|1.0|39.0|OS N° 127012 FILTRO DE COMBUSTIVEL
93202984|774630|303|02|124390496|-1|2024|2|2 - ABASTECIMENTO EM POSTO / COMÉRCIO|88138|88516|99 - OUTROS|6.0|18480.0|OS N° 118816 PNEU 27580 R225
93202988|774609|303|02|124390568|-1|2024|2|2 - ABASTECIMENTO EM POSTO / COMÉRCIO|198591|200021|2 - GASOLINA (LITRO)|44.98|273.93|IDENTIFICADOR 36657 GASOLINA
93202985|774547|303|02|124390568|-1|2024|2|2 - ABASTECIMENTO EM POSTO / COMÉRCIO|18880|22520|2 - GASOLINA (LITRO)|36.53|222.47|IDENTIFICADOR 36538 GASOLINA
93202986|774612|303|02|124390409|-1|2024|2|2 - ABASTECIMENTO EM POSTO / COMÉRCIO|0|0|4 - DIESEL (LITRO)|161.01|1077.16|IDENTIFICADOR 36732 DIESEL S10
93202987|774619|303|02|124390409|-1|2024|2|2 - ABASTECIMENTO EM POSTO / COMÉRCIO|25294|25307|4 - DIESEL (LITRO)|160.01|1070.47|IDENTIFICADOR 36560 DIESEL S10
93202989|774553|303|02|124390568|-1|2024|2|2 - ABASTECIMENTO EM POSTO / COMÉRCIO|124274|124274|8 - PEÇAS|4.0|143.6|OS N° 127012 VELA DE IGNICAO
93202990|774658|303|02|124390409|-1|2024|2|2 - ABASTECIMENTO EM POSTO / COMÉRCIO|0|0|4 - DIESEL (LITRO)|110.86|741.65|IDENTIFICADOR 36978 DIESEL S10
93202991|774587|303|02|124390568|-1|2024|2|2 - ABASTECIMENTO EM POSTO / COMÉRCIO|211631|212284|8 - PEÇAS|1.0|198.0|OS N° 116164 BRONZINA CENTRAL
93202992|774560|303|02|124390568|-1|2024|2|2 - ABASTECIMENTO EM POSTO / COMÉRCIO|17874|18470|2 - GASOLINA (LITRO)|33.97|206.88|IDENTIFICADOR 36703 GASOLINA
93202993|774542|303|02|124390568|-1|2024|2|2 - ABASTECIMENTO EM POSTO / COMÉRCIO|239543|240502|2 - GASOLINA (LITRO)|26.94|164.06|IDENTIFICADOR 36633 GASOLINA
93202994|774593|303|02|124390409|-1|2024|2|2 - ABASTECIMENTO EM POSTO / COMÉRCIO|59102|60614|2 - GASOLINA (LITRO)|41.08|250.18|IDENTIFICADOR 36744 GASOLINA
93202995|774587|303|02|124390568|-1|2024|2|2 - ABASTECIMENTO EM POSTO / COMÉRCIO|211631|212284|8 - PEÇAS|1.0|215.0|OS N° 116164 JUNTA
93202996|781560|303|02|124390568|-1|2024|2|2 - ABASTECIMENTO EM POSTO / COMÉRCIO|1052|1757|4 - DIESEL (LITRO)|41.03|274.49|IDENTIFICADOR 36486 DIESEL S10
93202997|774544|303|02|124390568|-1|2024|2|2 - ABASTECIMENTO EM POSTO / COMÉRCIO|50880|53219|2 - GASOLINA (LITRO)|25.22|146.02|IDENTIFICADOR 36524 GASOLINA
93202998|774612|303|02|124390409|-1|2024|2|2 - ABASTECIMENTO EM POSTO / COMÉRCIO|0|0|2 - GASOLINA (LITRO)|68.21|415.4|IDENTIFICADOR 36554 GASOLINA
93202999|774554|303|02|124390415|-1|2024|2|2 - ABASTECIMENTO EM POSTO / COMÉRCIO|1798|3558|2 - GASOLINA (LITRO)|41.48|236.02|IDENTIFICADOR 36433 GASOLINA
93203000|774543|303|02|124390417|-1|2024|2|2 - ABASTECIMENTO EM POSTO / COMÉRCIO|139073|139347|2 - GASOLINA (LITRO)|19.7|120.0|IDENTIFICADOR 36606 GASOLINA
93203001|774541|303|02|124390568|-1|2024|2|2 - ABASTECIMENTO EM POSTO / COMÉRCIO|50080|52037|2 - GASOLINA (LITRO)|31.09|189.34|IDENTIFICADOR 36689 GASOLINA
93203002|774561|303|02|124390568|-1|2024|2|2 - ABASTECIMENTO EM POSTO / COMÉRCIO|40180|41914|2 - GASOLINA (LITRO)|35.15|200.0|IDENTIFICADOR 36691 GASOLINA
93203003|774645|303|02|124390496|-1|2024|2|2 - ABASTECIMENTO EM POSTO / COMÉRCIO|2188|2188|8 - PEÇAS|1.0|3853.39|OS N° 112832 VIDRO DA PORTA DIANTEIRA LD
93203004|774571|303|02|124390568|-1|2024|2|2 - ABASTECIMENTO EM POSTO / COMÉRCIO|207710|207860|9 - SERVIÇOS|1.0|250.0|OS N° 126948 REPARO NA PORTA TRASEIRA
93203005|774641|303|02|124390568|-1|2024|2|2 - ABASTECIMENTO EM POSTO / COMÉRCIO|185903|187241|4 - DIESEL (LITRO)|90.69|606.72|IDENTIFICADOR 36652 DIESEL S10
93203006|774547|303|02|124390568|-1|2024|2|2 - ABASTECIMENTO EM POSTO / COMÉRCIO|18880|22520|2 - GASOLINA (LITRO)|17.42|95.64|IDENTIFICADOR 36536 GASOLINA
93203007|774589|303|02|124390568|-1|2024|2|2 - ABASTECIMENTO EM POSTO / COMÉRCIO|59704|62300|2 - GASOLINA (LITRO)|30.28|172.29|IDENTIFICADOR 36676 GASOLINA
93203008|774554|303|02|124390415|-1|2024|2|2 - ABASTECIMENTO EM POSTO / COMÉRCIO|1798|3558|2 - GASOLINA (LITRO)|39.04|237.75|IDENTIFICADOR 36432 GASOLINA
93203009|774555|303|02|124390411|-1|2024|2|2 - ABASTECIMENTO EM POSTO / COMÉRCIO|117813|118297|2 - GASOLINA (LITRO)|16.42|100.0|IDENTIFICADOR 36616 GASOLINA
93203010|774547|303|02|124390568|-1|2024|2|2 - ABASTECIMENTO EM POSTO / COMÉRCIO|18880|22520|2 - GASOLINA (LITRO)|8.61|52.5|IDENTIFICADOR 36705 GASOLINA
93203011|774553|303|02|124390568|-1|2024|2|2 - ABASTECIMENTO EM POSTO / COMÉRCIO|124274|124274|8 - PEÇAS|1.0|125.0|OS N° 127012 RESERVATORIO DE AGUA DO RADIADOR
93203012|774612|303|02|124390409|-1|2024|2|2 - ABASTECIMENTO EM POSTO / COMÉRCIO|0|0|2 - GASOLINA (LITRO)|117.31|714.45|IDENTIFICADOR 36730 GASOLINA
93203013|774553|303|02|124390568|-1|2024|2|2 - ABASTECIMENTO EM POSTO / COMÉRCIO|124274|124274|99 - OUTROS|5.0|195.0|OS N° 127012 ADITIVO DO RADIADOR
93203014|774584|303|02|124390568|-1|2024|2|2 - ABASTECIMENTO EM POSTO / COMÉRCIO|38170|40157|8 - PEÇAS|1.0|498.69|OS N° 124353 PASTILHA DE FREIO DIANTEIRA
93203015|774553|303|02|124390568|-1|2024|2|2 - ABASTECIMENTO EM POSTO / COMÉRCIO|124274|124274|99 - OUTROS|1.0|48.0|OS N° 127012 DESCARBONIZANTE
93203016|774540|303|02|124390411|-1|2024|2|2 - ABASTECIMENTO EM POSTO / COMÉRCIO|429|1517|2 - GASOLINA (LITRO)|33.32|189.59|IDENTIFICADOR 36449 GASOLINA
93203017|774631|303|02|124390496|-1|2024|2|2 - ABASTECIMENTO EM POSTO / COMÉRCIO|41226|41226|8 - PEÇAS|2.0|2799.6|OS N° 113674 BATERIA 100A
93203018|774657|303|02|124390409|-1|2024|2|2 - ABASTECIMENTO EM POSTO / COMÉRCIO|0|0|4 - DIESEL (LITRO)|62.32|416.92|IDENTIFICADOR 36739 DIESEL S10
93203019|774584|303|02|124390568|-1|2024|2|2 - ABASTECIMENTO EM POSTO / COMÉRCIO|38170|40157|4 - DIESEL (LITRO)|51.7|317.47|IDENTIFICADOR 36643 OLEO DIESEL
93203020|774634|303|02|124390568|-1|2024|2|2 - ABASTECIMENTO EM POSTO / COMÉRCIO|304234|305163|8 - PEÇAS|1.0|296.8|OS N° 113473 FILTRO RACOR
93203021|774571|303|02|124390568|-1|2024|2|2 - ABASTECIMENTO EM POSTO / COMÉRCIO|207710|207860|2 - GASOLINA (LITRO)|22.65|137.94|IDENTIFICADOR 36465 GASOLINA
93203022|774543|303|02|124390417|-1|2024|2|2 - ABASTECIMENTO EM POSTO / COMÉRCIO|139073|139347|6 - ÓLEO LUBRIFICANTE (LITRO)|4.0|232.0|IDENTIFICADOR 36582 OS N° 113695 OLEO MOTOR 5W30
93203023|774554|303|02|124390415|-1|2024|2|2 - ABASTECIMENTO EM POSTO / COMÉRCIO|1798|3558|2 - GASOLINA (LITRO)|42.09|235.28|IDENTIFICADOR 36612 GASOLINA
93203024|774649|303|02|124390409|-1|2024|2|2 - ABASTECIMENTO EM POSTO / COMÉRCIO|0|0|4 - DIESEL (LITRO)|85.47|571.79|IDENTIFICADOR 36567 DIESEL S10
93203025|774579|303|02|124390568|-1|2024|2|2 - ABASTECIMENTO EM POSTO / COMÉRCIO|87058|90441|4 - DIESEL (LITRO)|43.5|291.02|IDENTIFICADOR 36636 DIESEL S10
93203026|774541|303|02|124390568|-1|2024|2|2 - ABASTECIMENTO EM POSTO / COMÉRCIO|50080|52037|2 - GASOLINA (LITRO)|21.13|113.93|IDENTIFICADOR 36685 GASOLINA
93203027|774542|303|02|124390568|-1|2024|2|2 - ABASTECIMENTO EM POSTO / COMÉRCIO|239543|240502|8 - PEÇAS|1.0|35.0|OS N° 117076 MANGUEIRA
93203031|774626|303|02|124390409|-1|2024|2|2 - ABASTECIMENTO EM POSTO / COMÉRCIO|2937|2937|4 - DIESEL (LITRO)|74.92|501.21|IDENTIFICADOR 36758 DIESEL S10
93203028|774591|303|02|124390568|-1|2024|2|2 - ABASTECIMENTO EM POSTO / COMÉRCIO|219741|223001|2 - GASOLINA (LITRO)|49.43|283.76|IDENTIFICADOR 36495 GASOLINA
93203029|774619|303|02|124390409|-1|2024|2|2 - ABASTECIMENTO EM POSTO / COMÉRCIO|25294|25307|4 - DIESEL (LITRO)|142.02|950.11|IDENTIFICADOR 36561 DIESEL S10
93203030|774638|303|02|-1|17435174|2024|2|2 - ABASTECIMENTO EM POSTO / COMÉRCIO|62479|63817|8 - PEÇAS|1.0|470.0|OS N° 110279 FILTRO DE AR
93203032|774536|303|02|124390568|-1|2024|2|2 - ABASTECIMENTO EM POSTO / COMÉRCIO|136502|136981|2 - GASOLINA (LITRO)|50.8|309.37|IDENTIFICADOR 36630 GASOLINA
93203033|774561|303|02|124390568|-1|2024|2|2 - ABASTECIMENTO EM POSTO / COMÉRCIO|40180|41914|2 - GASOLINA (LITRO)|41.18|230.12|IDENTIFICADOR 36520 GASOLINA
93203034|774634|303|02|124390568|-1|2024|2|2 - ABASTECIMENTO EM POSTO / COMÉRCIO|304234|305163|4 - DIESEL (LITRO)|91.63|613.0|IDENTIFICADOR 36650 DIESEL S10
93203035|774558|303|02|124390568|-1|2024|2|2 - ABASTECIMENTO EM POSTO / COMÉRCIO|69500|72602|2 - GASOLINA (LITRO)|27.47|164.55|IDENTIFICADOR 36681 GASOLINA
93203036|774577|303|02|124390568|-1|2024|2|2 - ABASTECIMENTO EM POSTO / COMÉRCIO|37062|38679|4 - DIESEL (LITRO)|35.15|214.06|IDENTIFICADOR 36700 DIESEL S10
93203037|774579|303|02|124390568|-1|2024|2|2 - ABASTECIMENTO EM POSTO / COMÉRCIO|87058|90441|4 - DIESEL (LITRO)|34.7|232.14|IDENTIFICADOR 36639 DIESEL S10
93203038|774631|303|02|124390496|-1|2024|2|2 - ABASTECIMENTO EM POSTO / COMÉRCIO|41226|41226|8 - PEÇAS|1.0|316.8|OS N° 113674 FILTRO ACUMULADOR
93203039|774606|303|02|124390409|-1|2024|2|2 - ABASTECIMENTO EM POSTO / COMÉRCIO|108489|109473|2 - GASOLINA (LITRO)|51.64|314.49|IDENTIFICADOR 36720 GASOLINA
93203040|774658|303|02|124390409|-1|2024|2|2 - ABASTECIMENTO EM POSTO / COMÉRCIO|0|0|4 - DIESEL (LITRO)|216.88|1450.93|IDENTIFICADOR 36547 DIESEL S10
93203041|774630|303|02|124390496|-1|2024|2|2 - ABASTECIMENTO EM POSTO / COMÉRCIO|88138|88516|4 - DIESEL (LITRO)|123.09|823.47|IDENTIFICADOR 36626 DIESEL S10
93203042|774589|303|02|124390568|-1|2024|2|2 - ABASTECIMENTO EM POSTO / COMÉRCIO|59704|62300|2 - GASOLINA (LITRO)|31.16|189.76|IDENTIFICADOR 36678 GASOLINA
93203043|774583|303|02|124390409|-1|2024|2|2 - ABASTECIMENTO EM POSTO / COMÉRCIO|18584|20087|4 - DIESEL (LITRO)|57.53|384.88|IDENTIFICADOR 36979 DIESEL S10
93203044|774541|303|02|124390568|-1|2024|2|2 - ABASTECIMENTO EM POSTO / COMÉRCIO|50080|52037|2 - GASOLINA (LITRO)|12.1|63.77|IDENTIFICADOR 36688 GASOLINA
93203045|774567|303|02|124390411|-1|2024|2|2 - ABASTECIMENTO EM POSTO / COMÉRCIO|57288|57465|2 - GASOLINA (LITRO)|34.15|207.97|IDENTIFICADOR 36441 GASOLINA
93203046|774657|303|02|124390409|-1|2024|2|2 - ABASTECIMENTO EM POSTO / COMÉRCIO|0|0|4 - DIESEL (LITRO)|214.88|1437.55|IDENTIFICADOR 36558 DIESEL S10
93203047|774568|303|02|124390568|-1|2024|2|2 - ABASTECIMENTO EM POSTO / COMÉRCIO|210635|211385|2 - GASOLINA (LITRO)|35.34|208.15|IDENTIFICADOR 36488 GASOLINA
93203048|774631|303|02|124390496|-1|2024|2|2 - ABASTECIMENTO EM POSTO / COMÉRCIO|41226|41226|9 - SERVIÇOS|1.0|2520.0|OS N° 113674 REVISAO GERALTROCA OLEO E FILTROS
93203049|774638|303|02|-1|17435174|2024|2|2 - ABASTECIMENTO EM POSTO / COMÉRCIO|62479|63817|4 - DIESEL (LITRO)|109.82|734.7|IDENTIFICADOR 36454 DIESEL S10
93203050|774591|303|02|124390568|-1|2024|2|2 - ABASTECIMENTO EM POSTO / COMÉRCIO|219741|223001|9 - SERVIÇOS|1.0|30.0|OS N° 118539 TROCA DE OLEO E FILTROS
93203051|774658|303|02|124390409|-1|2024|2|2 - ABASTECIMENTO EM POSTO / COMÉRCIO|0|0|4 - DIESEL (LITRO)|264.41|1768.9|IDENTIFICADOR 36549 DIESEL S10
93203052|774583|303|02|124390409|-1|2024|2|2 - ABASTECIMENTO EM POSTO / COMÉRCIO|18584|20087|4 - DIESEL (LITRO)|54.5|364.6|IDENTIFICADOR 36747 DIESEL S10
93203053|774629|303|02|124390496|-1|2024|2|2 - ABASTECIMENTO EM POSTO / COMÉRCIO|1322|2075|4 - DIESEL (LITRO)|109.91|735.3|IDENTIFICADOR 36458 DIESEL S10
93203054|774557|303|02|124390411|-1|2024|2|2 - ABASTECIMENTO EM POSTO / COMÉRCIO|290481|290481|8 - PEÇAS|1.0|268.0|OS N° 120438 ROLAMENTO DO EIXO DA CAIXA DE CAMBIO
93203055|774561|303|02|124390568|-1|2024|2|2 - ABASTECIMENTO EM POSTO / COMÉRCIO|40180|41914|2 - GASOLINA (LITRO)|37.62|198.26|IDENTIFICADOR 36690 GASOLINA
93203056|774578|303|02|124390568|-1|2024|2|2 - ABASTECIMENTO EM POSTO / COMÉRCIO|1989|2669|4 - DIESEL (LITRO)|33.21|222.17|IDENTIFICADOR 36539 DIESEL S10
93203057|774560|303|02|124390568|-1|2024|2|2 - ABASTECIMENTO EM POSTO / COMÉRCIO|17874|18470|2 - GASOLINA (LITRO)|46.3|272.71|IDENTIFICADOR 36530 GASOLINA
93203058|774644|303|02|124390496|-1|2024|2|2 - ABASTECIMENTO EM POSTO / COMÉRCIO|68000|69709|4 - DIESEL (LITRO)|116.56|779.79|IDENTIFICADOR 36618 DIESEL S10
93203059|774542|303|02|124390568|-1|2024|2|2 - ABASTECIMENTO EM POSTO / COMÉRCIO|239543|240502|2 - GASOLINA (LITRO)|27.76|169.06|IDENTIFICADOR 36464 GASOLINA
93203060|774649|303|02|124390409|-1|2024|2|2 - ABASTECIMENTO EM POSTO / COMÉRCIO|0|0|4 - DIESEL (LITRO)|110.0|735.9|IDENTIFICADOR 36749 DIESEL S10
93203061|774579|303|02|124390568|-1|2024|2|2 - ABASTECIMENTO EM POSTO / COMÉRCIO|87058|90441|4 - DIESEL (LITRO)|34.38|230.0|IDENTIFICADOR 36638 DIESEL S10
93203062|774591|303|02|124390568|-1|2024|2|2 - ABASTECIMENTO EM POSTO / COMÉRCIO|219741|223001|2 - GASOLINA (LITRO)|41.11|224.09|IDENTIFICADOR 36498 GASOLINA
93203063|774579|303|02|124390568|-1|2024|2|2 - ABASTECIMENTO EM POSTO / COMÉRCIO|87058|90441|4 - DIESEL (LITRO)|20.81|139.22|IDENTIFICADOR 36474 DIESEL S10
93203064|774558|303|02|124390568|-1|2024|2|2 - ABASTECIMENTO EM POSTO / COMÉRCIO|69500|72602|2 - GASOLINA (LITRO)|25.17|144.52|IDENTIFICADOR 36515 GASOLINA
93203065|774644|303|02|124390496|-1|2024|2|2 - ABASTECIMENTO EM POSTO / COMÉRCIO|68000|69709|8 - PEÇAS|1.0|210.5|OS N° 113665 FILTRO DE OLEO
93203066|774599|303|02|124390568|-1|2024|2|2 - ABASTECIMENTO EM POSTO / COMÉRCIO|91660|92934|4 - DIESEL (LITRO)|52.02|387.03|IDENTIFICADOR 36499 DIESEL S10
93203067|781560|303|02|124390568|-1|2024|2|2 - ABASTECIMENTO EM POSTO / COMÉRCIO|1052|1757|4 - DIESEL (LITRO)|43.73|292.55|IDENTIFICADOR 36485 DIESEL S10
93203068|774541|303|02|124390568|-1|2024|2|2 - ABASTECIMENTO EM POSTO / COMÉRCIO|50080|52037|2 - GASOLINA (LITRO)|27.32|143.98|IDENTIFICADOR 36687 GASOLINA
93203069|774541|303|02|124390568|-1|2024|2|2 - ABASTECIMENTO EM POSTO / COMÉRCIO|50080|52037|8 - PEÇAS|1.0|32.0|OS N° 124629 FILTRO DE OLEO
93203073|774563|303|02|124390415|-1|2024|2|2 - ABASTECIMENTO EM POSTO / COMÉRCIO|85726|86602|2 - GASOLINA (LITRO)|29.71|180.93|IDENTIFICADOR 36610 GASOLINA
93203070|774629|303|02|124390496|-1|2024|2|2 - ABASTECIMENTO EM POSTO / COMÉRCIO|1322|2075|4 - DIESEL (LITRO)|121.51|812.9|IDENTIFICADOR 36629 DIESEL S10
93203071|774621|303|02|124390409|-1|2024|2|2 - ABASTECIMENTO EM POSTO / COMÉRCIO|98115|99312|4 - DIESEL (LITRO)|262.34|1755.05|IDENTIFICADOR 36740 DIESEL S10
93203072|774542|303|02|124390568|-1|2024|2|2 - ABASTECIMENTO EM POSTO / COMÉRCIO|239543|240502|2 - GASOLINA (LITRO)|25.77|156.94|IDENTIFICADOR 36463 GASOLINA
93203074|774543|303|02|124390417|-1|2024|2|2 - ABASTECIMENTO EM POSTO / COMÉRCIO|139073|139347|2 - GASOLINA (LITRO)|16.42|100.0|IDENTIFICADOR 36438 GASOLINA
93203075|774644|303|02|124390496|-1|2024|2|2 - ABASTECIMENTO EM POSTO / COMÉRCIO|68000|69709|8 - PEÇAS|1.0|4836.4|OS N° 113665 VIDRO DE PARABRISA
93203076|774650|303|02|124390409|-1|2024|2|2 - ABASTECIMENTO EM POSTO / COMÉRCIO|0|0|4 - DIESEL (LITRO)|135.36|905.56|IDENTIFICADOR 36716 DIESEL S10
93203077|774553|303|02|124390568|-1|2024|2|2 - ABASTECIMENTO EM POSTO / COMÉRCIO|124274|124274|8 - PEÇAS|2.0|434.0|OS N° 127012 COXIM AMORTECEDOR DIANTEIRO
93203078|774545|303|02|124390411|-1|2024|2|2 - ABASTECIMENTO EM POSTO / COMÉRCIO|210720|211231|2 - GASOLINA (LITRO)|27.19|165.59|IDENTIFICADOR 36443 GASOLINA
93203079|774648|303|02|124390409|-1|2024|2|2 - ABASTECIMENTO EM POSTO / COMÉRCIO|0|0|4 - DIESEL (LITRO)|85.24|570.26|IDENTIFICADOR 36570 DIESEL S10
93203080|774641|303|02|124390568|-1|2024|2|2 - ABASTECIMENTO EM POSTO / COMÉRCIO|185903|187241|4 - DIESEL (LITRO)|64.2|397.4|IDENTIFICADOR 36653 DIESEL S10
93203081|774588|303|02|124390568|-1|2024|2|2 - ABASTECIMENTO EM POSTO / COMÉRCIO|182742|185080|2 - GASOLINA (LITRO)|42.07|256.21|IDENTIFICADOR 36659 GASOLINA
93203082|774553|303|02|124390568|-1|2024|2|2 - ABASTECIMENTO EM POSTO / COMÉRCIO|124274|124274|9 - SERVIÇOS|1.0|1100.0|OS N° 127012 MANUTENCAO GERAL
93203083|774558|303|02|124390568|-1|2024|2|2 - ABASTECIMENTO EM POSTO / COMÉRCIO|69500|72602|2 - GASOLINA (LITRO)|49.0|278.81|IDENTIFICADOR 36516 GASOLINA
93203084|774644|303|02|124390496|-1|2024|2|2 - ABASTECIMENTO EM POSTO / COMÉRCIO|68000|69709|8 - PEÇAS|1.0|266.9|OS N° 113665 FILTRO DIESEL
93203085|774650|303|02|124390409|-1|2024|2|2 - ABASTECIMENTO EM POSTO / COMÉRCIO|0|0|4 - DIESEL (LITRO)|141.97|949.78|IDENTIFICADOR 36546 DIESEL S10
93203086|774579|303|02|124390568|-1|2024|2|2 - ABASTECIMENTO EM POSTO / COMÉRCIO|87058|90441|4 - DIESEL (LITRO)|23.96|160.29|IDENTIFICADOR 36470 DIESEL S10
93203087|774649|303|02|124390409|-1|2024|2|2 - ABASTECIMENTO EM POSTO / COMÉRCIO|0|0|4 - DIESEL (LITRO)|90.97|608.59|IDENTIFICADOR 36569 DIESEL S10
93203088|774587|303|02|124390568|-1|2024|2|2 - ABASTECIMENTO EM POSTO / COMÉRCIO|211631|212284|8 - PEÇAS|1.0|95.0|OS N° 116164 SILICONE DE ALTA TEMPERATURA
93203089|774591|303|02|124390568|-1|2024|2|2 - ABASTECIMENTO EM POSTO / COMÉRCIO|219741|223001|2 - GASOLINA (LITRO)|60.84|356.64|IDENTIFICADOR 36667 GASOLINA
93203090|774637|303|02|124390496|-1|2024|2|2 - ABASTECIMENTO EM POSTO / COMÉRCIO|48015|48015|8 - PEÇAS|6.0|7680.0|OS N° 106674 PNEU 21575 R17,5
93203091|774584|303|02|124390568|-1|2024|2|2 - ABASTECIMENTO EM POSTO / COMÉRCIO|38170|40157|99 - OUTROS|2.0|1974.0|OS N° 126403 PNEU 22565 R16
93203092|774562|303|02|124390409|-1|2024|2|2 - ABASTECIMENTO EM POSTO / COMÉRCIO|295840|296957|2 - GASOLINA (LITRO)|40.12|244.33|IDENTIFICADOR 36724 GASOLINA
93203093|774634|303|02|124390568|-1|2024|2|2 - ABASTECIMENTO EM POSTO / COMÉRCIO|304234|305163|8 - PEÇAS|1.0|266.9|OS N° 113473 FILTRO DIESEL
93203094|774542|303|02|124390568|-1|2024|2|2 - ABASTECIMENTO EM POSTO / COMÉRCIO|239543|240502|8 - PEÇAS|2.0|12.0|OS N° 117076 ABRACADEIRA
93203095|774542|303|02|124390568|-1|2024|2|2 - ABASTECIMENTO EM POSTO / COMÉRCIO|239543|240502|9 - SERVIÇOS|1.0|60.0|OS N° 117076 TROCA DE OLEOFILTROSLAMPADA
93203096|774638|303|02|-1|17435174|2024|2|2 - ABASTECIMENTO EM POSTO / COMÉRCIO|62479|63817|4 - DIESEL (LITRO)|67.52|451.71|IDENTIFICADOR 36455 DIESEL S10
93203097|774587|303|02|124390568|-1|2024|2|2 - ABASTECIMENTO EM POSTO / COMÉRCIO|211631|212284|8 - PEÇAS|1.0|996.0|OS N° 116164 EIXO VIRABREQUIM
93203098|774541|303|02|124390568|-1|2024|2|2 - ABASTECIMENTO EM POSTO / COMÉRCIO|50080|52037|2 - GASOLINA (LITRO)|9.09|55.36|IDENTIFICADOR 36686 GASOLINA
93203099|774587|303|02|124390568|-1|2024|2|2 - ABASTECIMENTO EM POSTO / COMÉRCIO|211631|212284|2 - GASOLINA (LITRO)|64.31|391.65|IDENTIFICADOR 36493 GASOLINA
93203100|774567|303|02|124390411|-1|2024|2|2 - ABASTECIMENTO EM POSTO / COMÉRCIO|57288|57465|2 - GASOLINA (LITRO)|17.79|108.34|IDENTIFICADOR 36613 GASOLINA
93203101|774543|303|02|124390417|-1|2024|2|2 - ABASTECIMENTO EM POSTO / COMÉRCIO|139073|139347|8 - PEÇAS|2.0|700.0|OS N° 113695 JUNTA HOMOCINETICA INTERNA
93203102|774547|303|02|124390568|-1|2024|2|2 - ABASTECIMENTO EM POSTO / COMÉRCIO|18880|22520|2 - GASOLINA (LITRO)|29.78|172.43|IDENTIFICADOR 36704 GASOLINA
93203103|774609|303|02|124390568|-1|2024|2|2 - ABASTECIMENTO EM POSTO / COMÉRCIO|198591|200021|2 - GASOLINA (LITRO)|61.4|337.1|IDENTIFICADOR 36489 GASOLINA
93203104|774638|303|02|-1|17435174|2024|2|2 - ABASTECIMENTO EM POSTO / COMÉRCIO|62479|63817|8 - PEÇAS|1.0|230.0|OS N° 110279 FILTRO DE AR SECUNDARIO
93203105|774623|303|02|124390409|-1|2024|2|2 - ABASTECIMENTO EM POSTO / COMÉRCIO|29792|30198|4 - DIESEL (LITRO)|147.74|988.38|IDENTIFICADOR 36571 DIESEL S10
93203106|774582|303|02|124390496|-1|2024|2|2 - ABASTECIMENTO EM POSTO / COMÉRCIO|120559|120559|8 - PEÇAS|4.0|250.0|OS N° 98468 MOLA
93203107|774554|303|02|124390415|-1|2024|2|2 - ABASTECIMENTO EM POSTO / COMÉRCIO|1798|3558|2 - GASOLINA (LITRO)|38.38|233.73|IDENTIFICADOR 36434 GASOLINA
93203108|774599|303|02|124390568|-1|2024|2|2 - ABASTECIMENTO EM POSTO / COMÉRCIO|91660|92934|4 - DIESEL (LITRO)|52.94|354.17|IDENTIFICADOR 36669 DIESEL S10
93203109|774631|303|02|124390496|-1|2024|2|2 - ABASTECIMENTO EM POSTO / COMÉRCIO|41226|41226|8 - PEÇAS|1.0|296.8|OS N° 113674 FILTRO RACOR
93203110|774558|303|02|124390568|-1|2024|2|2 - ABASTECIMENTO EM POSTO / COMÉRCIO|69500|72602|2 - GASOLINA (LITRO)|42.02|239.09|IDENTIFICADOR 36680 GASOLINA
93203111|774612|303|02|124390409|-1|2024|2|2 - ABASTECIMENTO EM POSTO / COMÉRCIO|0|0|2 - GASOLINA (LITRO)|134.83|821.11|IDENTIFICADOR 36557 GASOLINA
93203112|774540|303|02|124390411|-1|2024|2|2 - ABASTECIMENTO EM POSTO / COMÉRCIO|429|1517|2 - GASOLINA (LITRO)|27.0|153.63|IDENTIFICADOR 36450 GASOLINA
93203116|774544|303|02|124390568|-1|2024|2|2 - ABASTECIMENTO EM POSTO / COMÉRCIO|50880|53219|2 - GASOLINA (LITRO)|21.24|120.86|IDENTIFICADOR 36698 GASOLINA
93203113|774593|303|02|124390409|-1|2024|2|2 - ABASTECIMENTO EM POSTO / COMÉRCIO|59102|60614|2 - GASOLINA (LITRO)|45.41|276.55|IDENTIFICADOR 36742 GASOLINA
93203114|774588|303|02|124390568|-1|2024|2|2 - ABASTECIMENTO EM POSTO / COMÉRCIO|182742|185080|2 - GASOLINA (LITRO)|46.74|256.6|IDENTIFICADOR 36491 GASOLINA
93203115|774558|303|02|124390568|-1|2024|2|2 - ABASTECIMENTO EM POSTO / COMÉRCIO|69500|72602|2 - GASOLINA (LITRO)|32.55|180.38|IDENTIFICADOR 36513 GASOLINA
93203117|774649|303|02|124390409|-1|2024|2|2 - ABASTECIMENTO EM POSTO / COMÉRCIO|0|0|4 - DIESEL (LITRO)|124.01|829.63|IDENTIFICADOR 36566 DIESEL S10
93203118|774634|303|02|124390568|-1|2024|2|2 - ABASTECIMENTO EM POSTO / COMÉRCIO|304234|305163|4 - DIESEL (LITRO)|61.76|382.29|IDENTIFICADOR 36651 DIESEL S10
93203119|774587|303|02|124390568|-1|2024|2|2 - ABASTECIMENTO EM POSTO / COMÉRCIO|211631|212284|2 - GASOLINA (LITRO)|55.58|292.91|IDENTIFICADOR 36663 GASOLINA
93203120|774634|303|02|124390568|-1|2024|2|2 - ABASTECIMENTO EM POSTO / COMÉRCIO|304234|305163|8 - PEÇAS|2.0|380.0|OS N° 113473 RETENTOR INTERNO DA RODA
93203121|774562|303|02|124390409|-1|2024|2|2 - ABASTECIMENTO EM POSTO / COMÉRCIO|295840|296957|2 - GASOLINA (LITRO)|44.18|269.06|IDENTIFICADOR 36723 GASOLINA
93203122|774573|303|02|124390568|-1|2024|2|2 - ABASTECIMENTO EM POSTO / COMÉRCIO|75603|78430|2 - GASOLINA (LITRO)|37.78|226.3|IDENTIFICADOR 36506 GASOLINA
93203123|774606|303|02|124390409|-1|2024|2|2 - ABASTECIMENTO EM POSTO / COMÉRCIO|108489|109473|2 - GASOLINA (LITRO)|49.88|303.77|IDENTIFICADOR 36552 GASOLINA
93203124|774644|303|02|-1|17435174|2024|2|2 - ABASTECIMENTO EM POSTO / COMÉRCIO|68000|69709|4 - DIESEL (LITRO)|128.34|858.62|IDENTIFICADOR 36453 DIESEL S10
93203125|774553|303|02|124390568|-1|2024|2|2 - ABASTECIMENTO EM POSTO / COMÉRCIO|124274|124274|8 - PEÇAS|1.0|149.0|OS N° 127012 CABO DE IGNICAO SUPRESSIVO
93203126|774591|303|02|124390568|-1|2024|2|2 - ABASTECIMENTO EM POSTO / COMÉRCIO|219741|223001|6 - ÓLEO LUBRIFICANTE (LITRO)|3.0|135.0|IDENTIFICADOR 36784 OS N° 118539 OLEO 15W40
93203127|774563|303|02|124390415|-1|2024|2|2 - ABASTECIMENTO EM POSTO / COMÉRCIO|85726|86602|2 - GASOLINA (LITRO)|14.66|89.28|IDENTIFICADOR 36609 GASOLINA
93203128|774650|303|02|124390409|-1|2024|2|2 - ABASTECIMENTO EM POSTO / COMÉRCIO|0|0|4 - DIESEL (LITRO)|121.29|811.43|IDENTIFICADOR 36713 DIESEL S10
93203129|774582|303|02|124390496|-1|2024|2|2 - ABASTECIMENTO EM POSTO / COMÉRCIO|120559|120559|8 - PEÇAS|1.0|120.0|OS N° 98468 NIPLE
93203130|774618|303|02|124390409|-1|2024|2|2 - ABASTECIMENTO EM POSTO / COMÉRCIO|0|0|4 - DIESEL (LITRO)|96.67|637.06|IDENTIFICADOR 36728 DIESEL S10
93203131|774646|303|02|124390568|-1|2024|2|2 - ABASTECIMENTO EM POSTO / COMÉRCIO|0|0|4 - DIESEL (LITRO)|25.0|152.25|
93203132|774573|303|02|124390568|-1|2024|2|2 - ABASTECIMENTO EM POSTO / COMÉRCIO|75603|78430|2 - GASOLINA (LITRO)|24.69|139.26|IDENTIFICADOR 36674 GASOLINA
93203133|774573|303|02|124390568|-1|2024|2|2 - ABASTECIMENTO EM POSTO / COMÉRCIO|75603|78430|2 - GASOLINA (LITRO)|20.88|127.16|IDENTIFICADOR 36507 GASOLINA
93203134|774584|303|02|124390568|-1|2024|2|2 - ABASTECIMENTO EM POSTO / COMÉRCIO|38170|40157|8 - PEÇAS|1.0|29.35|OS N° 124353 LAMPADA H7
93203135|774561|303|02|124390568|-1|2024|2|2 - ABASTECIMENTO EM POSTO / COMÉRCIO|40180|41914|2 - GASOLINA (LITRO)|34.44|189.08|IDENTIFICADOR 36521 GASOLINA
93203136|774545|303|02|124390411|-1|2024|2|2 - ABASTECIMENTO EM POSTO / COMÉRCIO|210720|211231|2 - GASOLINA (LITRO)|16.08|97.93|IDENTIFICADOR 36442 GASOLINA
93203137|774615|303|02|124390417|-1|2024|2|2 - ABASTECIMENTO EM POSTO / COMÉRCIO|0|0|2 - GASOLINA (LITRO)|5.29|31.16|IDENTIFICADOR 36605 GASOLINA
93203138|774618|303|02|124390409|-1|2024|2|2 - ABASTECIMENTO EM POSTO / COMÉRCIO|0|0|4 - DIESEL (LITRO)|87.86|579.0|IDENTIFICADOR 36729 DIESEL S10
93203139|774638|303|02|-1|17435174|2024|2|2 - ABASTECIMENTO EM POSTO / COMÉRCIO|62479|63817|8 - PEÇAS|1.0|1999.3|OS N° 110279 BATERIA 150A
93203140|774573|303|02|124390568|-1|2024|2|2 - ABASTECIMENTO EM POSTO / COMÉRCIO|75603|78430|2 - GASOLINA (LITRO)|26.82|153.96|IDENTIFICADOR 36670 GASOLINA
93203141|774648|303|02|124390409|-1|2024|2|2 - ABASTECIMENTO EM POSTO / COMÉRCIO|0|0|4 - DIESEL (LITRO)|120.5|806.14|IDENTIFICADOR 36751 DIESEL S10
93203142|774587|303|02|124390568|-1|2024|2|2 - ABASTECIMENTO EM POSTO / COMÉRCIO|211631|212284|6 - ÓLEO LUBRIFICANTE (LITRO)|1.0|32.0|IDENTIFICADOR 36782 OS N° 116164 FLUIDO DE FREIO
93203143|774543|303|02|124390417|-1|2024|2|2 - ABASTECIMENTO EM POSTO / COMÉRCIO|139073|139347|8 - PEÇAS|1.0|2626.0|OS N° 113695 CAIXA DE DIRECAO
93203144|774589|303|02|124390568|-1|2024|2|2 - ABASTECIMENTO EM POSTO / COMÉRCIO|59704|62300|2 - GASOLINA (LITRO)|40.44|246.28|IDENTIFICADOR 36510 GASOLINA
93203145|774641|303|02|124390568|-1|2024|2|2 - ABASTECIMENTO EM POSTO / COMÉRCIO|185903|187241|4 - DIESEL (LITRO)|85.75|573.67|IDENTIFICADOR 36482 DIESEL S10
93203146|774541|303|02|124390568|-1|2024|2|2 - ABASTECIMENTO EM POSTO / COMÉRCIO|50080|52037|8 - PEÇAS|1.0|145.0|OS N° 124629 PASTILHA DE FREIO DIANTEIRA
93203147|774658|303|02|124390409|-1|2024|2|2 - ABASTECIMENTO EM POSTO / COMÉRCIO|0|0|4 - DIESEL (LITRO)|161.57|1080.9|IDENTIFICADOR 36718 DIESEL S10
93203148|774583|303|02|124390409|-1|2024|2|2 - ABASTECIMENTO EM POSTO / COMÉRCIO|18584|20087|4 - DIESEL (LITRO)|43.1|288.34|IDENTIFICADOR 36564 DIESEL S10
93203149|774591|303|02|124390568|-1|2024|2|2 - ABASTECIMENTO EM POSTO / COMÉRCIO|219741|223001|2 - GASOLINA (LITRO)|20.0|121.8|IDENTIFICADOR 36494 GASOLINA
93203150|774649|303|02|124390409|-1|2024|2|2 - ABASTECIMENTO EM POSTO / COMÉRCIO|0|0|4 - DIESEL (LITRO)|123.03|823.07|IDENTIFICADOR 36750 DIESEL S10
93203151|774644|303|02|124390496|-1|2024|2|2 - ABASTECIMENTO EM POSTO / COMÉRCIO|68000|69709|99 - OUTROS|1.0|198.0|OS N° 124615 ARLA 32 GALAO 20 LITROS
93203152|774638|303|02|-1|17435174|2024|2|2 - ABASTECIMENTO EM POSTO / COMÉRCIO|62479|63817|8 - PEÇAS|1.0|210.5|OS N° 110279 FILTRO DE OLEO LUBRIFICANTE
93203153|774606|303|02|124390409|-1|2024|2|2 - ABASTECIMENTO EM POSTO / COMÉRCIO|108489|109473|2 - GASOLINA (LITRO)|36.07|219.67|IDENTIFICADOR 36551 GASOLINA
93203154|774591|303|02|124390568|-1|2024|2|2 - ABASTECIMENTO EM POSTO / COMÉRCIO|219741|223001|2 - GASOLINA (LITRO)|47.18|259.05|IDENTIFICADOR 36497 GASOLINA
93203155|774539|303|02|124390568|-1|2024|2|2 - ABASTECIMENTO EM POSTO / COMÉRCIO|128701|128701|2 - GASOLINA (LITRO)|46.92|285.74|IDENTIFICADOR 36462 GASOLINA
93203159|774555|303|02|124390411|-1|2024|2|2 - ABASTECIMENTO EM POSTO / COMÉRCIO|117813|118297|2 - GASOLINA (LITRO)|16.42|100.0|IDENTIFICADOR 36615 GASOLINA
93203156|774540|303|02|124390411|-1|2024|2|2 - ABASTECIMENTO EM POSTO / COMÉRCIO|429|1517|2 - GASOLINA (LITRO)|38.77|236.11|IDENTIFICADOR 36617 GASOLINA
93203157|774547|303|02|124390568|-1|2024|2|2 - ABASTECIMENTO EM POSTO / COMÉRCIO|18880|22520|8 - PEÇAS|1.0|38.0|OS N° 120614 FILTRO DE AR
93203158|774547|303|02|124390568|-1|2024|2|2 - ABASTECIMENTO EM POSTO / COMÉRCIO|18880|22520|2 - GASOLINA (LITRO)|34.86|183.71|IDENTIFICADOR 36708 GASOLINA
93203160|774558|303|02|124390568|-1|2024|2|2 - ABASTECIMENTO EM POSTO / COMÉRCIO|69500|72602|2 - GASOLINA (LITRO)|47.99|273.06|IDENTIFICADOR 36683 GASOLINA
93203161|774547|303|02|124390568|-1|2024|2|2 - ABASTECIMENTO EM POSTO / COMÉRCIO|18880|22520|2 - GASOLINA (LITRO)|31.85|182.85|IDENTIFICADOR 36535 GASOLINA
93203162|774573|303|02|124390568|-1|2024|2|2 - ABASTECIMENTO EM POSTO / COMÉRCIO|75603|78430|9 - SERVIÇOS|1.0|40.0|OS N° 121749 TROCA DE PNEUS E BALANCEAMENTO
93203163|774553|303|02|124390568|-1|2024|2|2 - ABASTECIMENTO EM POSTO / COMÉRCIO|124274|124274|8 - PEÇAS|1.0|198.0|OS N° 127012 BOIA DE COMBUSTIVEL
93203164|774609|303|02|124390568|-1|2024|2|2 - ABASTECIMENTO EM POSTO / COMÉRCIO|198591|200021|2 - GASOLINA (LITRO)|57.04|327.44|IDENTIFICADOR 36490 GASOLINA
93203165|774544|303|02|124390568|-1|2024|2|2 - ABASTECIMENTO EM POSTO / COMÉRCIO|50880|53219|2 - GASOLINA (LITRO)|24.53|142.03|IDENTIFICADOR 36526 GASOLINA
93203166|774652|303|02|124390411|-1|2024|2|2 - ABASTECIMENTO EM POSTO / COMÉRCIO|4740|4864|4 - DIESEL (LITRO)|53.67|359.05|IDENTIFICADOR 36447 DIESEL S10
93203167|774646|303|02|124390568|-1|2024|2|2 - ABASTECIMENTO EM POSTO / COMÉRCIO|0|0|4 - DIESEL (LITRO)|4.84|32.09|IDENTIFICADOR 36460 OLEO DIESEL
93203168|774611|303|02|124390409|-1|2024|2|2 - ABASTECIMENTO EM POSTO / COMÉRCIO|0|0|4 - DIESEL (LITRO)|63.69|426.09|IDENTIFICADOR 36727 DIESEL S10
93203169|774634|303|02|124390568|-1|2024|2|2 - ABASTECIMENTO EM POSTO / COMÉRCIO|304234|305163|8 - PEÇAS|1.0|336.97|OS N° 113473 FILTRO DE AR
93203170|774640|303|02|124390496|-1|2024|2|2 - ABASTECIMENTO EM POSTO / COMÉRCIO|36610|36610|99 - OUTROS|6.0|18480.0|OS N° 118817 PNEU 27570 R22,5
93203171|781559|303|02|124390416|-1|2024|2|2 - ABASTECIMENTO EM POSTO / COMÉRCIO|35510|35515|8 - PEÇAS|1.0|32.0|OS N° 116792 FILTRO DE OLEO
93203172|774612|303|02|124390409|-1|2024|2|2 - ABASTECIMENTO EM POSTO / COMÉRCIO|0|0|2 - GASOLINA (LITRO)|95.63|582.39|IDENTIFICADOR 36733 GASOLINA
93203173|781559|303|02|124390416|-1|2024|2|2 - ABASTECIMENTO EM POSTO / COMÉRCIO|35510|35515|9 - SERVIÇOS|1.0|30.0|OS N° 116792 TROCA DE OLEO E FILTROS
93203174|774553|303|02|124390568|-1|2024|2|2 - ABASTECIMENTO EM POSTO / COMÉRCIO|124274|124274|8 - PEÇAS|2.0|110.0|OS N° 127012 KIT BATENTE AMORTECEDOR DIANTEIRO
93202761|774588|303|02|124390568|-1|2024|2|2 - ABASTECIMENTO EM POSTO / COMÉRCIO|182742|185080|2 - GASOLINA (LITRO)|48.98|268.9|IDENTIFICADOR 36658 GASOLINA
93202758|774647|303|02|124390409|-1|2024|2|2 - ABASTECIMENTO EM POSTO / COMÉRCIO|0|0|4 - DIESEL (LITRO)|47.39|317.04|IDENTIFICADOR 36753 DIESEL S10
93202759|774542|303|02|124390568|-1|2024|2|2 - ABASTECIMENTO EM POSTO / COMÉRCIO|239543|240502|2 - GASOLINA (LITRO)|20.39|124.18|IDENTIFICADOR 36632 GASOLINA
93202760|774573|303|02|124390568|-1|2024|2|2 - ABASTECIMENTO EM POSTO / COMÉRCIO|75603|78430|2 - GASOLINA (LITRO)|33.64|204.87|IDENTIFICADOR 36671 GASOLINA
93202762|774641|303|02|124390568|-1|2024|2|2 - ABASTECIMENTO EM POSTO / COMÉRCIO|185903|187241|4 - DIESEL (LITRO)|72.85|465.53|IDENTIFICADOR 36483 OLEO DIESEL
93202763|774631|303|02|124390496|-1|2024|2|2 - ABASTECIMENTO EM POSTO / COMÉRCIO|41226|41226|8 - PEÇAS|1.0|266.9|OS N° 113674 FILTRO DIESEL
93202764|774587|303|02|124390568|-1|2024|2|2 - ABASTECIMENTO EM POSTO / COMÉRCIO|211631|212284|8 - PEÇAS|1.0|215.0|OS N° 116164 RETENTOR
93202765|774553|303|02|124390568|-1|2024|2|2 - ABASTECIMENTO EM POSTO / COMÉRCIO|124274|124274|8 - PEÇAS|1.0|39.0|OS N° 127012 FILTRO DE OLEO
93202766|774631|303|02|124390496|-1|2024|2|2 - ABASTECIMENTO EM POSTO / COMÉRCIO|41226|41226|8 - PEÇAS|1.0|230.0|OS N° 113674 FILTRO DE AR SECUNDARIO
93202767|774579|303|02|124390568|-1|2024|2|2 - ABASTECIMENTO EM POSTO / COMÉRCIO|87058|90441|4 - DIESEL (LITRO)|36.7|245.52|IDENTIFICADOR 36640 DIESEL S10
93202768|774543|303|02|124390417|-1|2024|2|2 - ABASTECIMENTO EM POSTO / COMÉRCIO|139073|139347|8 - PEÇAS|2.0|250.0|OS N° 113695 PIVO INFERIOR LADO DIREITO
93202769|774541|303|02|124390568|-1|2024|2|2 - ABASTECIMENTO EM POSTO / COMÉRCIO|50080|52037|9 - SERVIÇOS|1.0|280.0|OS N° 117744 MONTAGEM DE PNEUS
93202770|774609|303|02|124390568|-1|2024|2|2 - ABASTECIMENTO EM POSTO / COMÉRCIO|198591|200021|2 - GASOLINA (LITRO)|45.71|278.37|IDENTIFICADOR 36656 GASOLINA
93202771|774650|303|02|124390409|-1|2024|2|2 - ABASTECIMENTO EM POSTO / COMÉRCIO|0|0|4 - DIESEL (LITRO)|109.93|735.43|IDENTIFICADOR 36712 DIESEL S10
93202775|774569|303|02|124390408|-1|2024|2|2 - ABASTECIMENTO EM POSTO / COMÉRCIO|5274|5412|2 - GASOLINA (LITRO)|12.65|77.04|IDENTIFICADOR 36608 GASOLINA
93202772|774543|303|02|124390417|-1|2024|2|2 - ABASTECIMENTO EM POSTO / COMÉRCIO|139073|139347|8 - PEÇAS|1.0|289.0|OS N° 113695 SAPATA DE FREIO
93202773|774579|303|02|124390568|-1|2024|2|2 - ABASTECIMENTO EM POSTO / COMÉRCIO|87058|90441|4 - DIESEL (LITRO)|38.51|257.63|IDENTIFICADOR 36471 DIESEL S10
93202774|774563|303|02|124390415|-1|2024|2|2 - ABASTECIMENTO EM POSTO / COMÉRCIO|85726|86602|2 - GASOLINA (LITRO)|37.92|230.93|IDENTIFICADOR 36431 GASOLINA
93202776|774584|303|02|124390568|-1|2024|2|2 - ABASTECIMENTO EM POSTO / COMÉRCIO|38170|40157|4 - DIESEL (LITRO)|50.42|309.6|IDENTIFICADOR 36642 DIESEL S10
93202777|774553|303|02|124390568|-1|2024|2|2 - ABASTECIMENTO EM POSTO / COMÉRCIO|124274|124274|8 - PEÇAS|1.0|359.0|OS N° 127012 KIT CORREIA COM TENSOR
93202778|774553|303|02|124390568|-1|2024|2|2 - ABASTECIMENTO EM POSTO / COMÉRCIO|124274|124274|8 - PEÇAS|1.0|178.0|OS N° 127012 BOMBA D AGUA
93202779|774589|303|02|124390568|-1|2024|2|2 - ABASTECIMENTO EM POSTO / COMÉRCIO|59704|62300|2 - GASOLINA (LITRO)|24.82|141.23|IDENTIFICADOR 36512 GASOLINA
93202780|774553|303|02|124390568|-1|2024|2|2 - ABASTECIMENTO EM POSTO / COMÉRCIO|124274|124274|2 - GASOLINA (LITRO)|37.54|228.62|IDENTIFICADOR 36631 GASOLINA
93202781|774591|303|02|124390568|-1|2024|2|2 - ABASTECIMENTO EM POSTO / COMÉRCIO|219741|223001|8 - PEÇAS|1.0|35.0|OS N° 118539 FILTRO DE OLEO
93202782|774587|303|02|124390568|-1|2024|2|2 - ABASTECIMENTO EM POSTO / COMÉRCIO|211631|212284|8 - PEÇAS|1.0|160.0|OS N° 116164 BRONZINA BIELA
93202783|774553|303|02|124390568|-1|2024|2|2 - ABASTECIMENTO EM POSTO / COMÉRCIO|124274|124274|6 - ÓLEO LUBRIFICANTE (LITRO)|3.0|174.0|IDENTIFICADOR 36769 OS N° 127012 OLEO MOTOR 5W30
93202784|774547|303|02|124390568|-1|2024|2|2 - ABASTECIMENTO EM POSTO / COMÉRCIO|18880|22520|6 - ÓLEO LUBRIFICANTE (LITRO)|4.0|192.0|IDENTIFICADOR 36786 OS N° 120614 OLEO MOTOR 5W30
93202785|774557|303|02|124390411|-1|2024|2|2 - ABASTECIMENTO EM POSTO / COMÉRCIO|290481|290481|99 - OUTROS|5.0|210.0|OS N° 120438 ADITIVO DO RADIADOR
93202786|774573|303|02|124390568|-1|2024|2|2 - ABASTECIMENTO EM POSTO / COMÉRCIO|75603|78430|2 - GASOLINA (LITRO)|40.29|212.33|IDENTIFICADOR 36672 GASOLINA
93202787|774638|303|02|-1|17435174|2024|2|2 - ABASTECIMENTO EM POSTO / COMÉRCIO|62479|63817|6 - ÓLEO LUBRIFICANTE (LITRO)|11.0|696.63|IDENTIFICADOR 36578 OS N° 110279 OLEO 15W40
93202788|774587|303|02|124390568|-1|2024|2|2 - ABASTECIMENTO EM POSTO / COMÉRCIO|211631|212284|8 - PEÇAS|1.0|298.0|OS N° 116164 CORREIA DENTADA
93202789|774573|303|02|124390568|-1|2024|2|2 - ABASTECIMENTO EM POSTO / COMÉRCIO|75603|78430|2 - GASOLINA (LITRO)|31.1|176.96|IDENTIFICADOR 36504 GASOLINA
93202790|774547|303|02|124390568|-1|2024|2|2 - ABASTECIMENTO EM POSTO / COMÉRCIO|18880|22520|8 - PEÇAS|1.0|32.0|OS N° 120614 FILTRO DE OLEO
93202791|774553|303|02|124390568|-1|2024|2|2 - ABASTECIMENTO EM POSTO / COMÉRCIO|124274|124274|8 - PEÇAS|2.0|778.0|OS N° 127012 AMORTECEDOR DIANTEIRO LDLE
93202792|774606|303|02|124390409|-1|2024|2|2 - ABASTECIMENTO EM POSTO / COMÉRCIO|108489|109473|2 - GASOLINA (LITRO)|46.61|283.85|IDENTIFICADOR 36721 GASOLINA
93202793|774577|303|02|124390568|-1|2024|2|2 - ABASTECIMENTO EM POSTO / COMÉRCIO|37062|38679|4 - DIESEL (LITRO)|41.01|274.36|IDENTIFICADOR 36529 DIESEL S10
93202794|774555|303|02|124390411|-1|2024|2|2 - ABASTECIMENTO EM POSTO / COMÉRCIO|117813|118297|2 - GASOLINA (LITRO)|8.21|50.0|IDENTIFICADOR 36444 GASOLINA
93202795|774631|303|02|124390496|-1|2024|2|2 - ABASTECIMENTO EM POSTO / COMÉRCIO|41226|41226|8 - PEÇAS|1.0|210.5|OS N° 113674 FILTRO DE OLEO
93202796|774547|303|02|124390568|-1|2024|2|2 - ABASTECIMENTO EM POSTO / COMÉRCIO|18880|22520|2 - GASOLINA (LITRO)|25.41|154.81|IDENTIFICADOR 36532 GASOLINA
93202797|774553|303|02|124390568|-1|2024|2|2 - ABASTECIMENTO EM POSTO / COMÉRCIO|124274|124274|8 - PEÇAS|1.0|39.0|OS N° 127012 TAMPA DO RADIADOR
93202798|774631|303|02|124390496|-1|2024|2|2 - ABASTECIMENTO EM POSTO / COMÉRCIO|41226|41226|8 - PEÇAS|1.0|469.9|OS N° 113674 FILTRO DE AR
93202799|774579|303|02|124390568|-1|2024|2|2 - ABASTECIMENTO EM POSTO / COMÉRCIO|87058|90441|4 - DIESEL (LITRO)|32.27|225.57|IDENTIFICADOR 36472 DIESEL S10
93202800|774591|303|02|124390568|-1|2024|2|2 - ABASTECIMENTO EM POSTO / COMÉRCIO|219741|223001|2 - GASOLINA (LITRO)|45.47|258.72|IDENTIFICADOR 36664 GASOLINA
93202801|774541|303|02|124390568|-1|2024|2|2 - ABASTECIMENTO EM POSTO / COMÉRCIO|50080|52037|2 - GASOLINA (LITRO)|25.43|154.87|IDENTIFICADOR 36519 GASOLINA
93202802|774657|303|02|124390409|-1|2024|2|2 - ABASTECIMENTO EM POSTO / COMÉRCIO|0|0|4 - DIESEL (LITRO)|124.58|833.44|IDENTIFICADOR 36738 DIESEL S10
93202803|774618|303|02|124390409|-1|2024|2|2 - ABASTECIMENTO EM POSTO / COMÉRCIO|0|0|4 - DIESEL (LITRO)|100.59|662.89|IDENTIFICADOR 36553 OLEO DIESEL
93202804|774593|303|02|124390409|-1|2024|2|2 - ABASTECIMENTO EM POSTO / COMÉRCIO|59102|60614|2 - GASOLINA (LITRO)|49.56|301.82|IDENTIFICADOR 36743 GASOLINA
93202805|774579|303|02|124390568|-1|2024|2|2 - ABASTECIMENTO EM POSTO / COMÉRCIO|87058|90441|4 - DIESEL (LITRO)|34.22|228.93|IDENTIFICADOR 36641 DIESEL S10
93202806|774650|303|02|124390409|-1|2024|2|2 - ABASTECIMENTO EM POSTO / COMÉRCIO|0|0|4 - DIESEL (LITRO)|150.29|1005.44|IDENTIFICADOR 36545 DIESEL S10
93202807|774644|303|02|124390496|-1|2024|2|2 - ABASTECIMENTO EM POSTO / COMÉRCIO|68000|69709|8 - PEÇAS|1.0|470.0|OS N° 113665 FILTRO DE AR
93202808|774650|303|02|124390409|-1|2024|2|2 - ABASTECIMENTO EM POSTO / COMÉRCIO|0|0|4 - DIESEL (LITRO)|161.25|1078.76|IDENTIFICADOR 36544 DIESEL S10
93202809|774553|303|02|124390568|-1|2024|2|2 - ABASTECIMENTO EM POSTO / COMÉRCIO|124274|124274|8 - PEÇAS|1.0|75.0|OS N° 127012 JUNTA DA TAMPA DE VALVULA
93202810|774634|303|02|124390568|-1|2024|2|2 - ABASTECIMENTO EM POSTO / COMÉRCIO|304234|305163|8 - PEÇAS|2.0|492.6|OS N° 113473 ROLAMENTO DA RODA DIANTEIRA INTERNO
93202811|774658|303|02|124390409|-1|2024|2|2 - ABASTECIMENTO EM POSTO / COMÉRCIO|0|0|4 - DIESEL (LITRO)|226.66|1516.36|IDENTIFICADOR 36550 DIESEL S10
93202812|774569|303|02|124390408|-1|2024|2|2 - ABASTECIMENTO EM POSTO / COMÉRCIO|5274|5412|2 - GASOLINA (LITRO)|18.86|114.86|IDENTIFICADOR 36430 GASOLINA
93202813|774594|303|02|124390496|-1|2024|2|2 - ABASTECIMENTO EM POSTO / COMÉRCIO|34511|34917|2 - GASOLINA (LITRO)|41.47|252.55|IDENTIFICADOR 36457 GASOLINA
93202814|774650|303|02|124390409|-1|2024|2|2 - ABASTECIMENTO EM POSTO / COMÉRCIO|0|0|4 - DIESEL (LITRO)|116.76|781.12|IDENTIFICADOR 36717 DIESEL S10
93202818|774573|303|02|124390568|-1|2024|2|2 - ABASTECIMENTO EM POSTO / COMÉRCIO|75603|78430|2 - GASOLINA (LITRO)|34.41|195.79|IDENTIFICADOR 36673 GASOLINA
93202815|774587|303|02|124390568|-1|2024|2|2 - ABASTECIMENTO EM POSTO / COMÉRCIO|211631|212284|6 - ÓLEO LUBRIFICANTE (LITRO)|3.0|120.0|IDENTIFICADOR 36782 OS N° 116164 OLEO 15W40
93202816|774562|303|02|124390409|-1|2024|2|2 - ABASTECIMENTO EM POSTO / COMÉRCIO|295840|296957|2 - GASOLINA (LITRO)|40.97|249.51|IDENTIFICADOR 36725 GASOLINA
93202817|774547|303|02|124390568|-1|2024|2|2 - ABASTECIMENTO EM POSTO / COMÉRCIO|18880|22520|2 - GASOLINA (LITRO)|24.77|138.46|IDENTIFICADOR 36531 GASOLINA
93202819|774593|303|02|124390409|-1|2024|2|2 - ABASTECIMENTO EM POSTO / COMÉRCIO|59102|60614|2 - GASOLINA (LITRO)|42.2|257.0|IDENTIFICADOR 36563 GASOLINA
93202820|774648|303|02|124390409|-1|2024|2|2 - ABASTECIMENTO EM POSTO / COMÉRCIO|0|0|4 - DIESEL (LITRO)|122.95|822.54|IDENTIFICADOR 36752 DIESEL S10
93202821|774638|303|02|-1|17435174|2024|2|2 - ABASTECIMENTO EM POSTO / COMÉRCIO|62479|63817|8 - PEÇAS|1.0|296.8|OS N° 110279 FILTRO RACOR
93202822|774612|303|02|124390409|-1|2024|2|2 - ABASTECIMENTO EM POSTO / COMÉRCIO|0|0|2 - GASOLINA (LITRO)|134.16|817.03|IDENTIFICADOR 36736 GASOLINA
93202823|774561|303|02|124390568|-1|2024|2|2 - ABASTECIMENTO EM POSTO / COMÉRCIO|40180|41914|2 - GASOLINA (LITRO)|35.0|199.15|IDENTIFICADOR 36692 GASOLINA
93202824|774597|303|02|124390417|-1|2024|2|2 - ABASTECIMENTO EM POSTO / COMÉRCIO|75253|75253|1 - ÁLCOOL (LITRO)|25.06|100.0|IDENTIFICADOR 36604 ALCCOL AUTOMOTIVO
93202825|774612|303|02|124390409|-1|2024|2|2 - ABASTECIMENTO EM POSTO / COMÉRCIO|0|0|2 - GASOLINA (LITRO)|132.31|805.8|IDENTIFICADOR 36735 GASOLINA
93202826|774589|303|02|124390568|-1|2024|2|2 - ABASTECIMENTO EM POSTO / COMÉRCIO|59704|62300|2 - GASOLINA (LITRO)|29.39|178.99|IDENTIFICADOR 36675 GASOLINA
93202827|774557|303|02|124390411|-1|2024|2|2 - ABASTECIMENTO EM POSTO / COMÉRCIO|290481|290481|8 - PEÇAS|2.0|290.0|OS N° 120438 BIELETA DA BARRA ESTABILIZADORA DIANT
93202828|774588|303|02|124390568|-1|2024|2|2 - ABASTECIMENTO EM POSTO / COMÉRCIO|182742|185080|2 - GASOLINA (LITRO)|47.33|288.24|IDENTIFICADOR 36492 GASOLINA
93202829|774578|303|02|124390568|-1|2024|2|2 - ABASTECIMENTO EM POSTO / COMÉRCIO|1989|2669|4 - DIESEL (LITRO)|36.98|247.4|IDENTIFICADOR 36541 DIESEL S10
93202830|774591|303|02|124390568|-1|2024|2|2 - ABASTECIMENTO EM POSTO / COMÉRCIO|219741|223001|2 - GASOLINA (LITRO)|46.28|254.08|IDENTIFICADOR 36496 GASOLINA
93202831|781559|303|02|124390416|-1|2024|2|2 - ABASTECIMENTO EM POSTO / COMÉRCIO|35510|35515|6 - ÓLEO LUBRIFICANTE (LITRO)|5.0|240.0|IDENTIFICADOR 36584 OS N° 116792 OLEO MOTOR 5W40
93202832|774555|303|02|124390411|-1|2024|2|2 - ABASTECIMENTO EM POSTO / COMÉRCIO|117813|118297|2 - GASOLINA (LITRO)|16.42|100.0|IDENTIFICADOR 36445 GASOLINA
93202833|774652|303|02|124390411|-1|2024|2|2 - ABASTECIMENTO EM POSTO / COMÉRCIO|4740|4864|4 - DIESEL (LITRO)|63.65|425.82|IDENTIFICADOR 36446 DIESEL S10
93202834|774658|303|02|124390409|-1|2024|2|2 - ABASTECIMENTO EM POSTO / COMÉRCIO|0|0|4 - DIESEL (LITRO)|244.36|1634.77|IDENTIFICADOR 36548 DIESEL S10
93202835|774589|303|02|124390568|-1|2024|2|2 - ABASTECIMENTO EM POSTO / COMÉRCIO|59704|62300|2 - GASOLINA (LITRO)|37.79|213.17|IDENTIFICADOR 36677 GASOLINA
93202836|774547|303|02|124390568|-1|2024|2|2 - ABASTECIMENTO EM POSTO / COMÉRCIO|18880|22520|2 - GASOLINA (LITRO)|23.92|126.06|IDENTIFICADOR 36707 GASOLINA
93202837|774584|303|02|124390568|-1|2024|2|2 - ABASTECIMENTO EM POSTO / COMÉRCIO|38170|40157|8 - PEÇAS|1.0|379.67|OS N° 124353 PASTILHA DE FREIO TRASEIRA
93202838|774544|303|02|124390568|-1|2024|2|2 - ABASTECIMENTO EM POSTO / COMÉRCIO|50880|53219|2 - GASOLINA (LITRO)|15.45|89.46|IDENTIFICADOR 36525 GASOLINA
93202839|774593|303|02|124390409|-1|2024|2|2 - ABASTECIMENTO EM POSTO / COMÉRCIO|59102|60614|2 - GASOLINA (LITRO)|6.28|37.62|IDENTIFICADOR 36562 GASOLINA
93202840|774587|303|02|124390568|-1|2024|2|2 - ABASTECIMENTO EM POSTO / COMÉRCIO|211631|212284|2 - GASOLINA (LITRO)|41.45|218.44|IDENTIFICADOR 36662 GASOLINA
93202841|774579|303|02|124390568|-1|2024|2|2 - ABASTECIMENTO EM POSTO / COMÉRCIO|87058|90441|4 - DIESEL (LITRO)|36.32|242.98|IDENTIFICADOR 36473 DIESEL S10
93202842|774544|303|02|124390568|-1|2024|2|2 - ABASTECIMENTO EM POSTO / COMÉRCIO|50880|53219|2 - GASOLINA (LITRO)|33.68|195.01|IDENTIFICADOR 36695 GASOLINA
93202843|774638|303|02|124390496|-1|2024|2|2 - ABASTECIMENTO EM POSTO / COMÉRCIO|62479|63817|4 - DIESEL (LITRO)|99.07|662.78|IDENTIFICADOR 36621 DIESEL S10
93202844|774612|303|02|124390409|-1|2024|2|2 - ABASTECIMENTO EM POSTO / COMÉRCIO|0|0|2 - GASOLINA (LITRO)|48.21|293.6|IDENTIFICADOR 36555 GASOLINA
93202845|774547|303|02|124390568|-1|2024|2|2 - ABASTECIMENTO EM POSTO / COMÉRCIO|18880|22520|2 - GASOLINA (LITRO)|22.54|123.74|IDENTIFICADOR 36537 GASOLINA
93202846|774573|303|02|124390568|-1|2024|2|2 - ABASTECIMENTO EM POSTO / COMÉRCIO|75603|78430|2 - GASOLINA (LITRO)|18.11|103.05|IDENTIFICADOR 36505 GASOLINA
93202847|774606|303|02|124390409|-1|2024|2|2 - ABASTECIMENTO EM POSTO / COMÉRCIO|108489|109473|2 - GASOLINA (LITRO)|38.62|235.2|IDENTIFICADOR 36722 GASOLINA
93202848|774584|303|02|124390568|-1|2024|2|2 - ABASTECIMENTO EM POSTO / COMÉRCIO|38170|40157|9 - SERVIÇOS|1.0|250.0|OS N° 126403 TROCA DE PNEUSALINHAMENTOBALANCEAMENT
93202849|774644|303|02|124390496|-1|2024|2|2 - ABASTECIMENTO EM POSTO / COMÉRCIO|68000|69709|8 - PEÇAS|1.0|296.8|OS N° 113665 FILTRO RACOR
93202850|774541|303|02|124390568|-1|2024|2|2 - ABASTECIMENTO EM POSTO / COMÉRCIO|50080|52037|2 - GASOLINA (LITRO)|22.91|130.36|IDENTIFICADOR 36517 GASOLINA
93202851|774650|303|02|124390409|-1|2024|2|2 - ABASTECIMENTO EM POSTO / COMÉRCIO|0|0|4 - DIESEL (LITRO)|143.85|962.36|IDENTIFICADOR 36715 DIESEL S10
93202852|781560|303|02|124390568|-1|2024|2|2 - ABASTECIMENTO EM POSTO / COMÉRCIO|1052|1757|4 - DIESEL (LITRO)|31.6|211.4|IDENTIFICADOR 36487 DIESEL S10
93202853|774587|303|02|124390568|-1|2024|2|2 - ABASTECIMENTO EM POSTO / COMÉRCIO|211631|212284|8 - PEÇAS|1.0|32.0|OS N° 116164 FILTRO DE OLEO
93202854|774544|303|02|124390568|-1|2024|2|2 - ABASTECIMENTO EM POSTO / COMÉRCIO|50880|53219|2 - GASOLINA (LITRO)|33.56|187.6|IDENTIFICADOR 36523 GASOLINA
93202855|774621|303|02|124390409|-1|2024|2|2 - ABASTECIMENTO EM POSTO / COMÉRCIO|98115|99312|4 - DIESEL (LITRO)|220.04|1472.07|IDENTIFICADOR 36741 DIESEL S10
93202856|774645|303|02|124390496|-1|2024|2|2 - ABASTECIMENTO EM POSTO / COMÉRCIO|2188|2188|9 - SERVIÇOS|1.0|840.0|OS N° 112832 FUNILARIA E TROCA DE VIDROS
93202860|774543|303|02|124390417|-1|2024|2|2 - ABASTECIMENTO EM POSTO / COMÉRCIO|139073|139347|2 - GASOLINA (LITRO)|44.35|270.09|IDENTIFICADOR 36437 GASOLINA
93202857|774541|303|02|124390568|-1|2024|2|2 - ABASTECIMENTO EM POSTO / COMÉRCIO|50080|52037|2 - GASOLINA (LITRO)|31.57|192.26|IDENTIFICADOR 36684 GASOLINA
93202858|774591|303|02|124390568|-1|2024|2|2 - ABASTECIMENTO EM POSTO / COMÉRCIO|219741|223001|2 - GASOLINA (LITRO)|53.65|282.74|IDENTIFICADOR 36666 GASOLINA
93202859|774644|303|02|124390496|-1|2024|2|2 - ABASTECIMENTO EM POSTO / COMÉRCIO|68000|69709|8 - PEÇAS|1.0|230.0|OS N° 113665 FILTRO DE AR SECUNDARIO
93202861|774543|303|02|124390417|-1|2024|2|2 - ABASTECIMENTO EM POSTO / COMÉRCIO|139073|139347|8 - PEÇAS|1.0|1290.0|OS N° 113695 KIT EMBREAGEM
93202862|774629|303|02|124390496|-1|2024|2|2 - ABASTECIMENTO EM POSTO / COMÉRCIO|1322|2075|4 - DIESEL (LITRO)|129.45|866.02|IDENTIFICADOR 36628 DIESEL S10
93202863|774638|303|02|124390496|-1|2024|2|2 - ABASTECIMENTO EM POSTO / COMÉRCIO|62479|63817|4 - DIESEL (LITRO)|86.62|579.49|IDENTIFICADOR 36622 DIESEL S10
93202864|774544|303|02|124390568|-1|2024|2|2 - ABASTECIMENTO EM POSTO / COMÉRCIO|50880|53219|2 - GASOLINA (LITRO)|22.3|122.43|IDENTIFICADOR 36527 GASOLINA
93202865|774568|303|02|124390568|-1|2024|2|2 - ABASTECIMENTO EM POSTO / COMÉRCIO|210635|211385|2 - GASOLINA (LITRO)|35.95|218.94|IDENTIFICADOR 36655 GASOLINA
93202866|774583|303|02|124390409|-1|2024|2|2 - ABASTECIMENTO EM POSTO / COMÉRCIO|18584|20087|4 - DIESEL (LITRO)|39.13|261.78|IDENTIFICADOR 36745 DIESEL S10
93202867|774638|303|02|124390496|-1|2024|2|2 - ABASTECIMENTO EM POSTO / COMÉRCIO|62479|63817|4 - DIESEL (LITRO)|109.95|735.57|IDENTIFICADOR 36624 DIESEL S10
93202868|774631|303|02|124390496|-1|2024|2|2 - ABASTECIMENTO EM POSTO / COMÉRCIO|41226|41226|6 - ÓLEO LUBRIFICANTE (LITRO)|11.0|696.63|IDENTIFICADOR 36576 OS N° 113674 OLEO 15W40
93202869|774599|303|02|124390568|-1|2024|2|2 - ABASTECIMENTO EM POSTO / COMÉRCIO|91660|92934|4 - DIESEL (LITRO)|55.74|372.9|IDENTIFICADOR 36500 DIESEL S10
93202870|774579|303|02|124390568|-1|2024|2|2 - ABASTECIMENTO EM POSTO / COMÉRCIO|87058|90441|4 - DIESEL (LITRO)|40.57|271.41|IDENTIFICADOR 36637 DIESEL S10
93202871|774573|303|02|124390568|-1|2024|2|2 - ABASTECIMENTO EM POSTO / COMÉRCIO|75603|78430|2 - GASOLINA (LITRO)|29.15|167.37|IDENTIFICADOR 36503 GASOLINA
93202872|774644|303|02|124390496|-1|2024|2|2 - ABASTECIMENTO EM POSTO / COMÉRCIO|68000|69709|4 - DIESEL (LITRO)|108.88|728.41|IDENTIFICADOR 36619 DIESEL S10
93202873|774645|303|02|124390496|-1|2024|2|2 - ABASTECIMENTO EM POSTO / COMÉRCIO|2188|2188|8 - PEÇAS|2.0|556.4|OS N° 112832 ESPELHO DO RETROVISOR
93202874|774612|303|02|124390409|-1|2024|2|2 - ABASTECIMENTO EM POSTO / COMÉRCIO|0|0|4 - DIESEL (LITRO)|22.62|149.07|IDENTIFICADOR 36556 OLEO DIESEL
93202875|774589|303|02|124390568|-1|2024|2|2 - ABASTECIMENTO EM POSTO / COMÉRCIO|59704|62300|2 - GASOLINA (LITRO)|32.65|192.01|IDENTIFICADOR 36508 GASOLINA
93202876|774644|303|02|124390496|-1|2024|2|2 - ABASTECIMENTO EM POSTO / COMÉRCIO|68000|69709|6 - ÓLEO LUBRIFICANTE (LITRO)|11.0|696.63|IDENTIFICADOR 36581 OS N° 113665 OLEO 15W40
93202877|774634|303|02|124390568|-1|2024|2|2 - ABASTECIMENTO EM POSTO / COMÉRCIO|304234|305163|4 - DIESEL (LITRO)|47.3|272.92|IDENTIFICADOR 36481 DIESEL S10
93202878|774638|303|02|124390496|-1|2024|2|2 - ABASTECIMENTO EM POSTO / COMÉRCIO|62479|63817|4 - DIESEL (LITRO)|68.11|455.66|IDENTIFICADOR 36623 DIESEL S10
93202879|774594|303|02|124390496|-1|2024|2|2 - ABASTECIMENTO EM POSTO / COMÉRCIO|34511|34917|2 - GASOLINA (LITRO)|43.38|264.18|IDENTIFICADOR 36627 GASOLINA
93202880|774543|303|02|124390417|-1|2024|2|2 - ABASTECIMENTO EM POSTO / COMÉRCIO|139073|139347|8 - PEÇAS|1.0|39.0|OS N° 113695 FILTRO DE OLEO
93202881|774579|303|02|124390568|-1|2024|2|2 - ABASTECIMENTO EM POSTO / COMÉRCIO|87058|90441|4 - DIESEL (LITRO)|50.49|337.78|IDENTIFICADOR 36635 DIESEL S10
93202882|774545|303|02|124390411|-1|2024|2|2 - ABASTECIMENTO EM POSTO / COMÉRCIO|210720|211231|2 - GASOLINA (LITRO)|32.03|195.06|IDENTIFICADOR 36614 GASOLINA
93202883|774553|303|02|124390568|-1|2024|2|2 - ABASTECIMENTO EM POSTO / COMÉRCIO|124274|124274|8 - PEÇAS|1.0|145.0|OS N° 127012 TAMPA DO RESERVATORIO DE GASOLINA
93202884|774638|303|02|-1|17435174|2024|2|2 - ABASTECIMENTO EM POSTO / COMÉRCIO|62479|63817|9 - SERVIÇOS|1.0|4280.0|OS N° 110279 REVISAO GERALTROCA DE OLEOFUNILARIA
93202885|774562|303|02|124390409|-1|2024|2|2 - ABASTECIMENTO EM POSTO / COMÉRCIO|295840|296957|2 - GASOLINA (LITRO)|36.0|219.24|IDENTIFICADOR 36726 GASOLINA
93202886|774623|303|02|124390409|-1|2024|2|2 - ABASTECIMENTO EM POSTO / COMÉRCIO|29792|30198|4 - DIESEL (LITRO)|125.05|836.58|IDENTIFICADOR 36755 DIESEL S10
93202887|774577|303|02|124390568|-1|2024|2|2 - ABASTECIMENTO EM POSTO / COMÉRCIO|37062|38679|2 - GASOLINA (LITRO)|53.75|327.34|IDENTIFICADOR 36528 GASOLINA
93202888|774649|303|02|124390409|-1|2024|2|2 - ABASTECIMENTO EM POSTO / COMÉRCIO|0|0|4 - DIESEL (LITRO)|102.54|685.99|IDENTIFICADOR 36748 DIESEL S10
93202889|774574|303|02|124390568|-1|2024|2|2 - ABASTECIMENTO EM POSTO / COMÉRCIO|6924|6924|4 - DIESEL (LITRO)|31.85|213.08|IDENTIFICADOR 36832 DIESEL S10
93202890|774558|303|02|124390568|-1|2024|2|2 - ABASTECIMENTO EM POSTO / COMÉRCIO|69500|72602|2 - GASOLINA (LITRO)|36.7|223.5|IDENTIFICADOR 36514 GASOLINA
93202891|774547|303|02|124390568|-1|2024|2|2 - ABASTECIMENTO EM POSTO / COMÉRCIO|18880|22520|9 - SERVIÇOS|1.0|30.0|OS N° 120614 TROCA DE OLEO E FILTROS
93202892|774584|303|02|124390568|-1|2024|2|2 - ABASTECIMENTO EM POSTO / COMÉRCIO|38170|40157|4 - DIESEL (LITRO)|63.56|425.22|IDENTIFICADOR 36477 DIESEL S10
93202893|774650|303|02|124390409|-1|2024|2|2 - ABASTECIMENTO EM POSTO / COMÉRCIO|0|0|4 - DIESEL (LITRO)|136.81|915.26|IDENTIFICADOR 36543 DIESEL S10
93202894|774583|303|02|124390409|-1|2024|2|2 - ABASTECIMENTO EM POSTO / COMÉRCIO|18584|20087|4 - DIESEL (LITRO)|60.16|402.47|IDENTIFICADOR 36565 DIESEL S10
93202895|774557|303|02|124390411|-1|2024|2|2 - ABASTECIMENTO EM POSTO / COMÉRCIO|290481|290481|9 - SERVIÇOS|1.0|1000.0|OS N° 120438 REPAROS MOTORCAMBIOSUSPENSAO
93202896|774553|303|02|124390568|-1|2024|2|2 - ABASTECIMENTO EM POSTO / COMÉRCIO|124274|124274|8 - PEÇAS|1.0|169.0|OS N° 127012 SENSOR ABS DA RODA DIANTEIRA
93202897|774631|303|02|124390496|-1|2024|2|2 - ABASTECIMENTO EM POSTO / COMÉRCIO|41226|41226|4 - DIESEL (LITRO)|119.94|802.4|IDENTIFICADOR 36451 DIESEL S10
93202898|774588|303|02|124390568|-1|2024|2|2 - ABASTECIMENTO EM POSTO / COMÉRCIO|182742|185080|2 - GASOLINA (LITRO)|55.92|294.72|IDENTIFICADOR 36660 GASOLINA
94684386|774634|303|02|127231212|-1|2024|6|2 - ABASTECIMENTO EM POSTO / COMÉRCIO|307522|307522|8 - PEÇAS|1.0|296.8|OS 181071_1 CD 66 FILTRO RACOR
94684383|774634|303|02|127231212|-1|2024|6|2 - ABASTECIMENTO EM POSTO / COMÉRCIO|307522|307522|9 - SERVIÇOS|1.0|5349.6|OS 181071_1 REVISAO GERAL
94684384|774650|303|02|124390409|-1|2024|6|2 - ABASTECIMENTO EM POSTO / COMÉRCIO|0|0|99 - OUTROS|2.0|25999.72|OS 113669_1 CD 1570 PNEU 17525
94684385|774612|303|02|124841798|-1|2024|6|2 - ABASTECIMENTO EM POSTO / COMÉRCIO|0|0|2 - GASOLINA (LITRO)|71.31|434.28|ID 38112 GASOLINA
94684387|774629|303|02|127231175|-1|2024|6|2 - ABASTECIMENTO EM POSTO / COMÉRCIO|6970|7717|8 - PEÇAS|1.0|296.8|OS 180475_1 CD 66 FILTRO RACOR
94684388|774644|303|02|127231175|-1|2024|6|2 - ABASTECIMENTO EM POSTO / COMÉRCIO|77890|80693|8 - PEÇAS|1.0|470.0|OS 181181_1 CD 8 FILTRO DE AR
94684389|774644|303|02|124841814|-1|2024|6|2 - ABASTECIMENTO EM POSTO / COMÉRCIO|77890|80693|4 - DIESEL (LITRO)|127.8|854.98|ID 37871 DIESEL S10
94684390|774547|303|02|127231212|-1|2024|6|2 - ABASTECIMENTO EM POSTO / COMÉRCIO|35661|39560|2 - GASOLINA (LITRO)|22.04|134.22|ID 37957 GASOLINA
94684391|774583|303|02|124390409|-1|2024|6|2 - ABASTECIMENTO EM POSTO / COMÉRCIO|22911|24002|4 - DIESEL (LITRO)|42.92|287.13|ID 37849 DIESEL S10
94684392|774555|303|02|124390411|-1|2024|6|2 - ABASTECIMENTO EM POSTO / COMÉRCIO|120092|120249|8 - PEÇAS|1.0|350.0|OS 159408_1 CD 732 CASQUILHO FIXO
94684393|774579|303|02|127231212|-1|2024|6|2 - ABASTECIMENTO EM POSTO / COMÉRCIO|102095|103965|4 - DIESEL (LITRO)|30.47|203.84|ID 38003 DIESEL S10
94684394|774647|303|02|124390409|-1|2024|6|2 - ABASTECIMENTO EM POSTO / COMÉRCIO|0|0|8 - PEÇAS|2.0|719.48|OS 129791_1 CD 231 FILTRO SEPARADOR DA BOMBA INJET
94684395|774606|303|02|124841798|-1|2024|6|2 - ABASTECIMENTO EM POSTO / COMÉRCIO|112771|113962|2 - GASOLINA (LITRO)|42.44|258.46|ID 38089 GASOLINA
94684396|774553|303|02|127231212|-1|2024|6|2 - ABASTECIMENTO EM POSTO / COMÉRCIO|125854|126377|2 - GASOLINA (LITRO)|33.4|203.41|ID 37884 GASOLINA
94684397|774606|303|02|124841798|-1|2024|6|2 - ABASTECIMENTO EM POSTO / COMÉRCIO|112771|113962|2 - GASOLINA (LITRO)|10.73|65.35|ID 38091 GASOLINA
94684398|774547|303|02|127231212|-1|2024|6|2 - ABASTECIMENTO EM POSTO / COMÉRCIO|35661|39560|2 - GASOLINA (LITRO)|31.31|193.81|ID 37958 GASOLINA
94684399|774545|303|02|124390411|-1|2024|6|2 - ABASTECIMENTO EM POSTO / COMÉRCIO|212650|213082|2 - GASOLINA (LITRO)|24.99|152.19|ID 37974 GASOLINA
94684400|774644|303|02|127231175|-1|2024|6|2 - ABASTECIMENTO EM POSTO / COMÉRCIO|77890|80693|4 - DIESEL (LITRO)|112.8|754.63|ID 37989 DIESEL S10
94684401|774623|303|02|124390409|-1|2024|6|2 - ABASTECIMENTO EM POSTO / COMÉRCIO|33260|33975|9 - SERVIÇOS|1.0|13714.8|OS 124914_1 REVISAO GERALMOTORTRANSMTANQUEFUNILA
94684402|774621|303|02|124390409|-1|2024|6|2 - ABASTECIMENTO EM POSTO / COMÉRCIO|100615|100615|8 - PEÇAS|2.0|1922.86|OS 129792_1 CD 283 LANTERNA TRASEIRA
94684403|774584|303|02|127231212|-1|2024|6|2 - ABASTECIMENTO EM POSTO / COMÉRCIO|52623|54995|6 - ÓLEO LUBRIFICANTE (LITRO)|9.0|1023.57|ID 38194 OS 180513_1 CD 80 OLEO MOTOR 5W30
94684404|774647|303|02|124390409|-1|2024|6|2 - ABASTECIMENTO EM POSTO / COMÉRCIO|0|0|8 - PEÇAS|1.0|769.67|OS 129791_1 CD 1525 BRACO AXIAL
94684405|774584|303|02|127231212|-1|2024|6|2 - ABASTECIMENTO EM POSTO / COMÉRCIO|52623|54995|8 - PEÇAS|1.0|96.0|OS 180513_1 CD 126 FILTRO DO AR CONDICIONADO
94684406|774591|303|02|127231212|-1|2024|6|2 - ABASTECIMENTO EM POSTO / COMÉRCIO|230930|232874|6 - ÓLEO LUBRIFICANTE (LITRO)|2.0|118.0|ID 38186 OS 179970_1 CD 564 OLEO PARA TRASNMISSAO
94684407|774591|303|02|127231212|-1|2024|6|2 - ABASTECIMENTO EM POSTO / COMÉRCIO|230930|232874|2 - GASOLINA (LITRO)|49.03|293.74|ID 37918 GASOLINA
94684408|774563|303|02|124390415|-1|2024|6|2 - ABASTECIMENTO EM POSTO / COMÉRCIO|89811|90027|9 - SERVIÇOS|1.0|30.0|OS 168650_1 TROCA DE OLEO E FILTROS
94684409|774584|303|02|127231212|-1|2024|6|2 - ABASTECIMENTO EM POSTO / COMÉRCIO|52623|54995|4 - DIESEL (LITRO)|32.42|199.07|ID 37893 DIESEL S10
94684410|774585|303|02|127231212|-1|2024|6|2 - ABASTECIMENTO EM POSTO / COMÉRCIO|181686|184066|2 - GASOLINA (LITRO)|43.2|258.79|ID 38021 GASOLINA
94684411|774597|303|02|124390417|-1|2024|6|2 - ABASTECIMENTO EM POSTO / COMÉRCIO|78279|78785|1 - ÁLCOOL (LITRO)|22.93|100.0|ID 37969 ALCCOL AUTOMOTIVO
94684412|774606|303|02|124841798|-1|2024|6|2 - ABASTECIMENTO EM POSTO / COMÉRCIO|112771|113962|2 - GASOLINA (LITRO)|38.98|237.39|ID 38088 GASOLINA
94684413|774588|303|02|127231212|-1|2024|6|2 - ABASTECIMENTO EM POSTO / COMÉRCIO|190248|190248|2 - GASOLINA (LITRO)|56.37|343.29|ID 38020 GASOLINA
94684414|774609|303|02|127231212|-1|2024|6|2 - ABASTECIMENTO EM POSTO / COMÉRCIO|208095|209450|2 - GASOLINA (LITRO)|50.0|299.5|ID 38019 GASOLINA
94684415|774638|303|02|124841814|-1|2024|6|2 - ABASTECIMENTO EM POSTO / COMÉRCIO|67737|69602|4 - DIESEL (LITRO)|49.07|328.28|ID 37876 DIESEL S10
94684416|774645|303|02|127231175|-1|2024|6|2 - ABASTECIMENTO EM POSTO / COMÉRCIO|4859|5284|99 - OUTROS|1.0|242.0|OS 180645_1 CD 1003 ARLA 32 GALAO 20 LITROS
94684417|774632|303|02|124390415|-1|2024|6|2 - ABASTECIMENTO EM POSTO / COMÉRCIO|460286|460286|4 - DIESEL (LITRO)|79.23|530.05|ID 37961 DIESEL S10
94684418|774611|303|02|124841798|-1|2024|6|2 - ABASTECIMENTO EM POSTO / COMÉRCIO|0|0|4 - DIESEL (LITRO)|58.31|390.09|ID 38095 DIESEL S10
94684419|774644|303|02|124841814|-1|2024|6|2 - ABASTECIMENTO EM POSTO / COMÉRCIO|77890|80693|4 - DIESEL (LITRO)|129.75|868.03|ID 37872 DIESEL S10
94684420|774573|303|02|127231212|-1|2024|6|2 - ABASTECIMENTO EM POSTO / COMÉRCIO|85787|88621|2 - GASOLINA (LITRO)|33.12|205.01|ID 37924 GASOLINA
94684421|774624|303|02|127231184|-1|2024|6|2 - ABASTECIMENTO EM POSTO / COMÉRCIO|367668|367875|8 - PEÇAS|2.0|390.0|OS 180045_1 CD 722 JOGO DE ANEIS DO MOTOR
94684422|774650|303|02|124841798|-1|2024|6|2 - ABASTECIMENTO EM POSTO / COMÉRCIO|0|0|4 - DIESEL (LITRO)|112.11|750.02|ID 38072 DIESEL S10
94684423|774571|303|02|127231212|-1|2024|6|2 - ABASTECIMENTO EM POSTO / COMÉRCIO|208880|209185|2 - GASOLINA (LITRO)|20.0|121.8|ID 37888 GASOLINA
94684424|774624|303|02|127231184|-1|2024|6|2 - ABASTECIMENTO EM POSTO / COMÉRCIO|367668|367875|8 - PEÇAS|2.0|124.8|OS 180045_1 CD 140 LAMPADA 2 POLOS
94684425|774629|303|02|127231175|-1|2024|6|2 - ABASTECIMENTO EM POSTO / COMÉRCIO|6970|7717|8 - PEÇAS|1.0|266.9|OS 180475_1 CD 109 FILTRO DIESEL
94684426|774619|303|02|124841798|-1|2024|6|2 - ABASTECIMENTO EM POSTO / COMÉRCIO|26700|27610|4 - DIESEL (LITRO)|194.56|1301.61|ID 38120 DIESEL S10
94684430|774630|303|02|127231175|-1|2024|6|2 - ABASTECIMENTO EM POSTO / COMÉRCIO|89410|89410|8 - PEÇAS|1.0|579.8|OS 181335_1 CD 345 LONA DE FREIO
94684427|774597|303|02|124390417|-1|2024|6|2 - ABASTECIMENTO EM POSTO / COMÉRCIO|78279|78785|1 - ÁLCOOL (LITRO)|31.49|137.3|ID 37971 ALCCOL AUTOMOTIVO
94684428|774650|303|02|124841798|-1|2024|6|2 - ABASTECIMENTO EM POSTO / COMÉRCIO|0|0|4 - DIESEL (LITRO)|122.78|821.4|ID 38079 DIESEL S10
94684429|774641|303|02|127231212|-1|2024|6|2 - ABASTECIMENTO EM POSTO / COMÉRCIO|195099|197839|8 - PEÇAS|2.0|2386.22|OS 181180_1 CD 289 LANTERNA LATERAL LADO DIREITO
94684431|774547|303|02|127231212|-1|2024|6|2 - ABASTECIMENTO EM POSTO / COMÉRCIO|35661|39560|2 - GASOLINA (LITRO)|20.15|124.73|ID 37955 GASOLINA
94684432|774584|303|02|127231212|-1|2024|6|2 - ABASTECIMENTO EM POSTO / COMÉRCIO|52623|54995|8 - PEÇAS|1.0|464.6|OS 180513_1 CD 417 PASTILHA DE FREIO DIANTEIRA
94684433|774612|303|02|124390409|-1|2024|6|2 - ABASTECIMENTO EM POSTO / COMÉRCIO|0|0|9 - SERVIÇOS|1.0|8969.2|OS 137900_1 REVISAO GERALFUNILARIAREGENERAR FILTRO
94684434|774555|303|02|124390411|-1|2024|6|2 - ABASTECIMENTO EM POSTO / COMÉRCIO|120092|120249|8 - PEÇAS|1.0|58.0|OS 159408_1 CD 1123 TUBO DE SAIDA
94684435|774537|303|02|124390406|-1|2024|6|2 - ABASTECIMENTO EM POSTO / COMÉRCIO|20300|20300|8 - PEÇAS|1.0|56.0|OS 174213_1 CD 8 FILTRO DE AR
94684436|774583|303|02|124390409|-1|2024|6|2 - ABASTECIMENTO EM POSTO / COMÉRCIO|22911|24002|4 - DIESEL (LITRO)|47.55|318.11|ID 37848 DIESEL S10
94684437|774587|303|02|127231212|-1|2024|6|2 - ABASTECIMENTO EM POSTO / COMÉRCIO|222525|224939|8 - PEÇAS|1.0|12.0|OS 179974_1 CD 140 LAMPADA 2 POLOS
94684438|774634|303|02|127231212|-1|2024|6|2 - ABASTECIMENTO EM POSTO / COMÉRCIO|307522|307522|8 - PEÇAS|1.0|866.34|OS 181071_1 CD 579 ROLAMENTO DA RODA TRASEIRA INTE
94684439|774537|303|02|124390406|-1|2024|6|2 - ABASTECIMENTO EM POSTO / COMÉRCIO|20300|20300|8 - PEÇAS|1.0|185.0|OS 174213_1 CD 998 SAPATA DE FREIO
94684440|774537|303|02|124390406|-1|2024|6|2 - ABASTECIMENTO EM POSTO / COMÉRCIO|20300|20300|9 - SERVIÇOS|1.0|100.0|OS 174213_1 REPAROS MOTORFREIOSTRANSMISSAOELETRIC
94684441|774612|303|02|124841798|-1|2024|6|2 - ABASTECIMENTO EM POSTO / COMÉRCIO|0|0|2 - GASOLINA (LITRO)|80.0|487.2|ID 38101 GASOLINA
94684442|774589|303|02|127231212|-1|2024|6|2 - ABASTECIMENTO EM POSTO / COMÉRCIO|68168|69800|2 - GASOLINA (LITRO)|30.91|192.88|ID 37929 GASOLINA
94684443|774579|303|02|127231212|-1|2024|6|2 - ABASTECIMENTO EM POSTO / COMÉRCIO|102095|103965|4 - DIESEL (LITRO)|26.82|179.43|ID 37891 DIESEL S10
94684444|774611|303|02|124390409|-1|2024|6|2 - ABASTECIMENTO EM POSTO / COMÉRCIO|0|0|8 - PEÇAS|1.0|201.3|OS 132272_1 CD 109 FILTRO DIESEL
94684445|774547|303|02|127231212|-1|2024|6|2 - ABASTECIMENTO EM POSTO / COMÉRCIO|35661|39560|2 - GASOLINA (LITRO)|36.3|217.44|ID 37952 GASOLINA
94684446|774629|303|02|124841814|-1|2024|6|2 - ABASTECIMENTO EM POSTO / COMÉRCIO|6970|7717|4 - DIESEL (LITRO)|124.7|834.24|ID 37880 DIESEL S10
94684447|774650|303|02|124390409|-1|2024|6|2 - ABASTECIMENTO EM POSTO / COMÉRCIO|0|0|8 - PEÇAS|2.0|1894.38|OS 113669_1 CD 1571 PROTETOR ABC ARO 25
94684448|774542|303|02|127231212|-1|2024|6|2 - ABASTECIMENTO EM POSTO / COMÉRCIO|243733|244910|2 - GASOLINA (LITRO)|24.6|149.81|ID 37992 GASOLINA
94684449|774629|303|02|127231175|-1|2024|6|2 - ABASTECIMENTO EM POSTO / COMÉRCIO|6970|7717|99 - OUTROS|1.0|297.11|OS 180475_1 CD 807 BRACO DO LIMPADOR DIANTEIRO LD
94684450|774644|303|02|127231175|-1|2024|6|2 - ABASTECIMENTO EM POSTO / COMÉRCIO|77890|80693|9 - SERVIÇOS|1.0|3210.0|OS 181181_1 TROCA DE OLEOREPARAR BANCOSVIDROSLAVA
94679262|773760|304|03|124834772|-1|2024|6|2 - ABASTECIMENTO EM POSTO / COMÉRCIO|0|0|2 - GASOLINA (LITRO)|20.0|119.8|ID 1194 GASOLINA COMUM
94679258|773735|304|03|124834772|-1|2024|6|2 - ABASTECIMENTO EM POSTO / COMÉRCIO|68501|68823|2 - GASOLINA (LITRO)|16.695|100.0|ID 1201 GASOLINA COMUM
94679259|773735|304|03|124834772|-1|2024|6|2 - ABASTECIMENTO EM POSTO / COMÉRCIO|68501|68823|2 - GASOLINA (LITRO)|45.406|267.44|ID 1183 GASOLINA COMUM
94679260|773736|304|03|124834772|-1|2024|6|2 - ABASTECIMENTO EM POSTO / COMÉRCIO|81200|81637|2 - GASOLINA (LITRO)|25.467|150.0|ID 1182 GASOLINA COMUM
94679261|773754|304|03|124834772|-1|2024|6|2 - ABASTECIMENTO EM POSTO / COMÉRCIO|61050|61050|2 - GASOLINA (LITRO)|44.392|261.46|ID 1191 GASOLINA COMUM
94679263|825683|304|03|124834772|-1|2024|6|2 - ABASTECIMENTO EM POSTO / COMÉRCIO|87398|87602|2 - GASOLINA (LITRO)|25.042|150.0|ID 1193 GASOLINA COMUM
94679264|773747|304|03|124834772|-1|2024|6|2 - ABASTECIMENTO EM POSTO / COMÉRCIO|184854|185072|2 - GASOLINA (LITRO)|25.042|150.0|ID 1196 GASOLINA COMUM
94679265|773739|304|03|124834772|-1|2024|6|2 - ABASTECIMENTO EM POSTO / COMÉRCIO|61736|62121|2 - GASOLINA (LITRO)|25.042|150.0|ID 1200 GASOLINA COMUM
94679266|773742|304|03|124834772|-1|2024|6|2 - ABASTECIMENTO EM POSTO / COMÉRCIO|13189|13509|2 - GASOLINA (LITRO)|34.966|150.0|ID 1199 GASOLINA COMUM
94679267|773747|304|03|124834772|-1|2024|6|2 - ABASTECIMENTO EM POSTO / COMÉRCIO|184854|185072|2 - GASOLINA (LITRO)|25.467|150.0|ID 1185 GASOLINA COMUM
94679268|773744|304|03|124834772|-1|2024|6|2 - ABASTECIMENTO EM POSTO / COMÉRCIO|87207|87461|4 - DIESEL (LITRO)|23.113|150.0|ID 1189 OLEO DIESEL
94679269|773740|304|03|124834772|-1|2024|6|2 - ABASTECIMENTO EM POSTO / COMÉRCIO|57010|57209|2 - GASOLINA (LITRO)|25.042|150.0|ID 1197 GASOLINA COMUM
94679270|773742|304|03|124834772|-1|2024|6|2 - ABASTECIMENTO EM POSTO / COMÉRCIO|13189|13509|2 - GASOLINA (LITRO)|25.467|150.0|ID 1190 GASOLINA COMUM
94679271|773736|304|03|124834772|-1|2024|6|2 - ABASTECIMENTO EM POSTO / COMÉRCIO|81200|81637|2 - GASOLINA (LITRO)|25.042|150.0|ID 1195 GASOLINA COMUM
94679272|773739|304|03|124834772|-1|2024|6|2 - ABASTECIMENTO EM POSTO / COMÉRCIO|61736|62121|2 - GASOLINA (LITRO)|25.042|150.0|ID 1192 GASOLINA COMUM
94679273|773739|304|03|124834772|-1|2024|6|2 - ABASTECIMENTO EM POSTO / COMÉRCIO|61736|62121|2 - GASOLINA (LITRO)|25.467|150.0|ID 1187 GASOLINA COMUM
94679277|773744|304|03|124834772|-1|2024|6|2 - ABASTECIMENTO EM POSTO / COMÉRCIO|87207|87461|4 - DIESEL (LITRO)|23.113|150.0|ID 1198 OLEO DIESEL
94679274|825683|304|03|124834772|-1|2024|6|2 - ABASTECIMENTO EM POSTO / COMÉRCIO|87398|87602|2 - GASOLINA (LITRO)|25.467|150.0|ID 1186 GASOLINA COMUM
94679275|773740|304|03|124834772|-1|2024|6|2 - ABASTECIMENTO EM POSTO / COMÉRCIO|57010|57209|2 - GASOLINA (LITRO)|25.467|150.0|ID 1188 GASOLINA COMUM
94679276|773740|304|03|124834772|-1|2024|6|2 - ABASTECIMENTO EM POSTO / COMÉRCIO|57010|57209|2 - GASOLINA (LITRO)|25.467|150.0|ID 1184 GASOLINA COMUM
94684451|774623|303|02|124390409|-1|2024|6|2 - ABASTECIMENTO EM POSTO / COMÉRCIO|33260|33975|8 - PEÇAS|2.0|379.2|OS 124914_1 CD 1533 BUCHA DAS MOLAS LD
94684452|774544|303|02|127231212|-1|2024|6|2 - ABASTECIMENTO EM POSTO / COMÉRCIO|61405|63640|8 - PEÇAS|1.0|347.95|OS 181070_1 CD 179 ROLAMENTO SEMIEIXO
94684453|774587|303|02|127231212|-1|2024|6|2 - ABASTECIMENTO EM POSTO / COMÉRCIO|222525|224939|8 - PEÇAS|1.0|90.0|OS 179974_1 CD 1270 FILTRO DE AR DA CABINE
94684454|774650|303|02|124841798|-1|2024|6|2 - ABASTECIMENTO EM POSTO / COMÉRCIO|0|0|4 - DIESEL (LITRO)|133.37|892.25|ID 38082 DIESEL S10
94684455|774606|303|02|124841798|-1|2024|6|2 - ABASTECIMENTO EM POSTO / COMÉRCIO|112771|113962|2 - GASOLINA (LITRO)|44.82|272.95|ID 38092 GASOLINA
94684456|774641|303|02|127231212|-1|2024|6|2 - ABASTECIMENTO EM POSTO / COMÉRCIO|195099|197839|4 - DIESEL (LITRO)|87.0|538.53|ID 38012 DIESEL S10
94684457|774606|303|02|124841798|-1|2024|6|2 - ABASTECIMENTO EM POSTO / COMÉRCIO|112771|113962|2 - GASOLINA (LITRO)|49.55|301.76|ID 38086 GASOLINA
94684458|774555|303|02|124390411|-1|2024|6|2 - ABASTECIMENTO EM POSTO / COMÉRCIO|120092|120249|2 - GASOLINA (LITRO)|16.42|100.0|ID 37865 GASOLINA
94684459|774644|303|02|127231175|-1|2024|6|2 - ABASTECIMENTO EM POSTO / COMÉRCIO|77890|80693|4 - DIESEL (LITRO)|98.94|661.91|ID 37988 DIESEL S10
94684460|774641|303|02|127231212|-1|2024|6|2 - ABASTECIMENTO EM POSTO / COMÉRCIO|195099|197839|6 - ÓLEO LUBRIFICANTE (LITRO)|11.0|696.63|ID 38197 OS 181180_1 CD 103 OLEO 15W40
94684461|774641|303|02|127231212|-1|2024|6|2 - ABASTECIMENTO EM POSTO / COMÉRCIO|195099|197839|4 - DIESEL (LITRO)|87.35|540.7|ID 37903 DIESEL S10
94684462|774619|303|02|124841798|-1|2024|6|2 - ABASTECIMENTO EM POSTO / COMÉRCIO|26700|27610|4 - DIESEL (LITRO)|166.79|1112.83|ID 38119 DIESEL S10
94684463|774612|303|02|124841798|-1|2024|6|2 - ABASTECIMENTO EM POSTO / COMÉRCIO|0|0|4 - DIESEL (LITRO)|121.43|812.37|ID 38100 DIESEL S10
94684464|774584|303|02|127231212|-1|2024|6|2 - ABASTECIMENTO EM POSTO / COMÉRCIO|52623|54995|4 - DIESEL (LITRO)|63.15|387.76|ID 38004 DIESEL S10
94684465|774597|303|02|124390417|-1|2024|6|2 - ABASTECIMENTO EM POSTO / COMÉRCIO|78279|78785|99 - OUTROS|3.0|84.0|OS 175112_1 CD 78 ADITIVO DO RADIADOR
94684466|774621|303|02|124390409|-1|2024|6|2 - ABASTECIMENTO EM POSTO / COMÉRCIO|100615|100615|8 - PEÇAS|1.0|1928.22|OS 129792_1 CD 284 FAROL LADO DIREITO
94684467|774658|303|02|124390409|-1|2024|6|2 - ABASTECIMENTO EM POSTO / COMÉRCIO|0|0|99 - OUTROS|1.0|635.4|OS 132667_1 CD 807 BRACO DO LIMPADOR DIANTEIRO LD
94684468|774555|303|02|124390411|-1|2024|6|2 - ABASTECIMENTO EM POSTO / COMÉRCIO|120092|120249|2 - GASOLINA (LITRO)|16.42|100.0|ID 37866 GASOLINA
94684469|774550|303|02|124390409|-1|2024|6|2 - ABASTECIMENTO EM POSTO / COMÉRCIO|237296|237296|8 - PEÇAS|1.0|489.0|OS 143006_1 CD 180 KIT EMBREAGEM
94684473|774542|303|02|127231212|-1|2024|6|2 - ABASTECIMENTO EM POSTO / COMÉRCIO|243733|244910|2 - GASOLINA (LITRO)|25.65|156.21|ID 37995 GASOLINA
94684470|774650|303|02|124390409|-1|2024|6|2 - ABASTECIMENTO EM POSTO / COMÉRCIO|0|0|9 - SERVIÇOS|1.0|6695.5|OS 113669_1 REVELETRICAFUNILARIATROCA PNEUSCAMAR
94684471|774618|303|02|124841798|-1|2024|6|2 - ABASTECIMENTO EM POSTO / COMÉRCIO|0|0|4 - DIESEL (LITRO)|91.52|603.12|ID 38097 OLEO DIESEL
94684472|774649|303|02|124390409|-1|2024|6|2 - ABASTECIMENTO EM POSTO / COMÉRCIO|0|0|9 - SERVIÇOS|1.0|11504.0|OS 135866_1 REPAROS NO MOTOREQUIPAMENTO
94684474|774541|303|02|127231212|-1|2024|6|2 - ABASTECIMENTO EM POSTO / COMÉRCIO|61357|64049|2 - GASOLINA (LITRO)|32.33|193.66|ID 37939 GASOLINA
94684475|774547|303|02|127231212|-1|2024|6|2 - ABASTECIMENTO EM POSTO / COMÉRCIO|35661|39560|2 - GASOLINA (LITRO)|27.94|170.15|ID 38065 GASOLINA
94684476|774612|303|02|124841798|-1|2024|6|2 - ABASTECIMENTO EM POSTO / COMÉRCIO|0|0|2 - GASOLINA (LITRO)|4.92|30.0|ID 38111 GASOLINA
94684477|774587|303|02|127231212|-1|2024|6|2 - ABASTECIMENTO EM POSTO / COMÉRCIO|222525|224939|8 - PEÇAS|1.0|30.0|OS 179974_1 CD 142 RELE AUXILIAR
94684478|774630|303|02|127231175|-1|2024|6|2 - ABASTECIMENTO EM POSTO / COMÉRCIO|89410|89410|8 - PEÇAS|1.0|210.5|OS 181335_1 CD 6 FILTRO DE OLEO
94684479|774547|303|02|127231212|-1|2024|6|2 - ABASTECIMENTO EM POSTO / COMÉRCIO|35661|39560|2 - GASOLINA (LITRO)|35.29|218.45|ID 38059 GASOLINA
94684480|774644|303|02|127231175|-1|2024|6|2 - ABASTECIMENTO EM POSTO / COMÉRCIO|77890|80693|4 - DIESEL (LITRO)|114.83|768.21|ID 37987 DIESEL S10
94684481|774611|303|02|124390409|-1|2024|6|2 - ABASTECIMENTO EM POSTO / COMÉRCIO|0|0|8 - PEÇAS|1.0|123.7|OS 132272_1 CD 6 FILTRO DE OLEO
94684482|774579|303|02|127231212|-1|2024|6|2 - ABASTECIMENTO EM POSTO / COMÉRCIO|102095|103965|4 - DIESEL (LITRO)|42.45|283.99|ID 38002 DIESEL S10
94684483|774650|303|02|124841798|-1|2024|6|2 - ABASTECIMENTO EM POSTO / COMÉRCIO|0|0|4 - DIESEL (LITRO)|121.25|811.16|ID 38080 DIESEL S10
94684484|774587|303|02|127231212|-1|2024|6|2 - ABASTECIMENTO EM POSTO / COMÉRCIO|222525|224939|2 - GASOLINA (LITRO)|53.38|325.08|ID 37916 GASOLINA
94684485|774609|303|02|127231212|-1|2024|6|2 - ABASTECIMENTO EM POSTO / COMÉRCIO|208095|209450|2 - GASOLINA (LITRO)|54.31|330.75|ID 37908 GASOLINA
94684486|774561|303|02|127231212|-1|2024|6|2 - ABASTECIMENTO EM POSTO / COMÉRCIO|49626|51357|2 - GASOLINA (LITRO)|35.0|209.65|ID 38049 GASOLINA
94684487|774647|303|02|124390409|-1|2024|6|2 - ABASTECIMENTO EM POSTO / COMÉRCIO|0|0|8 - PEÇAS|3.0|1082.16|OS 129791_1 CD 1392 PINO
94684488|774629|303|02|127231175|-1|2024|6|2 - ABASTECIMENTO EM POSTO / COMÉRCIO|6970|7717|6 - ÓLEO LUBRIFICANTE (LITRO)|11.0|696.63|ID 38142 OS 180475_1 CD 103 OLEO 15W40
94684489|774650|303|02|124841798|-1|2024|6|2 - ABASTECIMENTO EM POSTO / COMÉRCIO|0|0|4 - DIESEL (LITRO)|97.92|655.08|ID 38077 DIESEL S10
94684490|774577|303|02|127231212|-1|2024|6|2 - ABASTECIMENTO EM POSTO / COMÉRCIO|45121|46447|4 - DIESEL (LITRO)|30.37|203.18|ID 37949 DIESEL S10
94684491|774641|303|02|127231212|-1|2024|6|2 - ABASTECIMENTO EM POSTO / COMÉRCIO|195099|197839|8 - PEÇAS|2.0|2386.22|OS 181180_1 CD 512 LANTERNA LATERAL LADO ESQUERDO
94684492|774623|303|02|124390409|-1|2024|6|2 - ABASTECIMENTO EM POSTO / COMÉRCIO|33260|33975|8 - PEÇAS|1.0|185.6|OS 124914_1 CD 501 PINO DE CENTRO
94684493|774623|303|02|124841798|-1|2024|6|2 - ABASTECIMENTO EM POSTO / COMÉRCIO|33260|33975|4 - DIESEL (LITRO)|124.69|834.18|ID 38131 DIESEL S10
94684494|774577|303|02|127231212|-1|2024|6|2 - ABASTECIMENTO EM POSTO / COMÉRCIO|45121|46447|9 - SERVIÇOS|1.0|35.0|OS 174194_1 MONTAGEM DE PNEUS
94684495|774554|303|02|124390415|-1|2024|6|2 - ABASTECIMENTO EM POSTO / COMÉRCIO|14312|17452|2 - GASOLINA (LITRO)|58.65|357.18|ID 37967 GASOLINA
94684496|774594|303|02|124841814|-1|2024|6|2 - ABASTECIMENTO EM POSTO / COMÉRCIO|38649|39070|2 - GASOLINA (LITRO)|38.96|237.27|ID 37879 GASOLINA
94684497|774563|303|02|124390415|-1|2024|6|2 - ABASTECIMENTO EM POSTO / COMÉRCIO|89811|90027|6 - ÓLEO LUBRIFICANTE (LITRO)|4.0|192.0|ID 38137 OS 168650_1 CD 80 OLEO MOTOR 5W30
94684498|774541|303|02|127231212|-1|2024|6|2 - ABASTECIMENTO EM POSTO / COMÉRCIO|61357|64049|2 - GASOLINA (LITRO)|18.07|110.05|ID 37941 GASOLINA
94684499|774612|303|02|124841798|-1|2024|6|2 - ABASTECIMENTO EM POSTO / COMÉRCIO|0|0|2 - GASOLINA (LITRO)|96.42|587.2|ID 38107 GASOLINA
94684500|774638|303|02|127231175|-1|2024|6|2 - ABASTECIMENTO EM POSTO / COMÉRCIO|67737|69602|4 - DIESEL (LITRO)|92.31|617.55|ID 37983 DIESEL S10
94684501|774624|303|02|127231184|-1|2024|6|2 - ABASTECIMENTO EM POSTO / COMÉRCIO|367668|367875|8 - PEÇAS|1.0|507.0|OS 180045_1 CD 1503 PISTAO
94684502|774589|303|02|127231212|-1|2024|6|2 - ABASTECIMENTO EM POSTO / COMÉRCIO|68168|69800|2 - GASOLINA (LITRO)|32.03|191.86|ID 37930 GASOLINA
94684503|774555|303|02|124390411|-1|2024|6|2 - ABASTECIMENTO EM POSTO / COMÉRCIO|120092|120249|8 - PEÇAS|1.0|140.0|OS 159408_1 CD 659 CABO
94684504|774658|303|02|124390409|-1|2024|6|2 - ABASTECIMENTO EM POSTO / COMÉRCIO|0|0|8 - PEÇAS|1.0|2304.63|OS 132667_1 CD 1640 SAPATA ESTABILIZADORA
94684505|774612|303|02|124841798|-1|2024|6|2 - ABASTECIMENTO EM POSTO / COMÉRCIO|0|0|4 - DIESEL (LITRO)|212.45|1421.29|ID 38110 DIESEL S10
94684506|774541|303|02|127231212|-1|2024|6|2 - ABASTECIMENTO EM POSTO / COMÉRCIO|61357|64049|2 - GASOLINA (LITRO)|20.45|122.5|ID 38041 GASOLINA
94684507|774555|303|02|124390411|-1|2024|6|2 - ABASTECIMENTO EM POSTO / COMÉRCIO|120092|120249|8 - PEÇAS|1.0|599.0|OS 159408_1 CD 180 KIT EMBREAGEM
94684508|774641|303|02|127231212|-1|2024|6|2 - ABASTECIMENTO EM POSTO / COMÉRCIO|195099|197839|8 - PEÇAS|1.0|296.8|OS 181180_1 CD 66 FILTRO RACOR
94684509|774568|303|02|127231212|-1|2024|6|2 - ABASTECIMENTO EM POSTO / COMÉRCIO|213809|214700|2 - GASOLINA (LITRO)|30.8|187.57|ID 38017 GASOLINA
94684510|774624|303|02|127231184|-1|2024|6|2 - ABASTECIMENTO EM POSTO / COMÉRCIO|367668|367875|8 - PEÇAS|1.0|260.0|OS 180045_1 CD 1634 PINO DE ENCOSTO
94684511|774563|303|02|124390415|-1|2024|6|2 - ABASTECIMENTO EM POSTO / COMÉRCIO|89811|90027|2 - GASOLINA (LITRO)|11.07|67.42|ID 37962 GASOLINA
94684512|774558|303|02|127231212|-1|2024|6|2 - ABASTECIMENTO EM POSTO / COMÉRCIO|82541|85211|2 - GASOLINA (LITRO)|46.46|278.3|ID 37933 GASOLINA
94684513|774544|303|02|127231212|-1|2024|6|2 - ABASTECIMENTO EM POSTO / COMÉRCIO|61405|63640|2 - GASOLINA (LITRO)|17.12|104.26|ID 37947 GASOLINA
94684514|774554|303|02|124390415|-1|2024|6|2 - ABASTECIMENTO EM POSTO / COMÉRCIO|14312|17452|2 - GASOLINA (LITRO)|31.26|190.37|ID 37966 GASOLINA
94684518|774554|303|02|124390415|-1|2024|6|2 - ABASTECIMENTO EM POSTO / COMÉRCIO|14312|17452|2 - GASOLINA (LITRO)|30.46|185.5|ID 37963 GASOLINA
94684515|774547|303|02|127231212|-1|2024|6|2 - ABASTECIMENTO EM POSTO / COMÉRCIO|35661|39560|2 - GASOLINA (LITRO)|17.04|102.07|ID 37956 GASOLINA
94684516|774634|303|02|127231212|-1|2024|6|2 - ABASTECIMENTO EM POSTO / COMÉRCIO|307522|307522|8 - PEÇAS|1.0|486.9|OS 181071_1 CD 1497 ROLAMENTO DA RODA TRASEIRA EXT
94684517|774573|303|02|127231212|-1|2024|6|2 - ABASTECIMENTO EM POSTO / COMÉRCIO|85787|88621|2 - GASOLINA (LITRO)|27.82|192.06|ID 38031 GASOLINA
94684519|774593|303|02|124841798|-1|2024|6|2 - ABASTECIMENTO EM POSTO / COMÉRCIO|62917|63195|2 - GASOLINA (LITRO)|43.5|264.92|ID 38123 GASOLINA
94684520|774612|303|02|124841798|-1|2024|6|2 - ABASTECIMENTO EM POSTO / COMÉRCIO|0|0|2 - GASOLINA (LITRO)|98.71|601.14|ID 38103 GASOLINA
94684521|774650|303|02|124841798|-1|2024|6|2 - ABASTECIMENTO EM POSTO / COMÉRCIO|0|0|4 - DIESEL (LITRO)|120.01|802.87|ID 38070 DIESEL S10
94684522|774584|303|02|127231212|-1|2024|6|2 - ABASTECIMENTO EM POSTO / COMÉRCIO|52623|54995|4 - DIESEL (LITRO)|31.18|191.46|ID 37896 DIESEL S10
94684523|774585|303|02|127231212|-1|2024|6|2 - ABASTECIMENTO EM POSTO / COMÉRCIO|181686|184066|2 - GASOLINA (LITRO)|37.78|235.76|ID 37911 GASOLINA
94684524|774550|303|02|124390409|-1|2024|6|2 - ABASTECIMENTO EM POSTO / COMÉRCIO|237296|237296|99 - OUTROS|1.0|98.0|OS 143006_1 CD 354 SILICONE
94684525|774641|303|02|127231212|-1|2024|6|2 - ABASTECIMENTO EM POSTO / COMÉRCIO|195099|197839|4 - DIESEL (LITRO)|88.98|550.79|ID 37904 DIESEL S10
94684526|774585|303|02|127231212|-1|2024|6|2 - ABASTECIMENTO EM POSTO / COMÉRCIO|181686|184066|99 - OUTROS|6.0|24.0|OS 179969_1 CD 1652 ABRACADEIRA DO TUBO DA BOMBA D
94684527|774591|303|02|127231212|-1|2024|6|2 - ABASTECIMENTO EM POSTO / COMÉRCIO|230930|232874|2 - GASOLINA (LITRO)|43.67|272.54|ID 38027 GASOLINA
94684528|774593|303|02|124841798|-1|2024|6|2 - ABASTECIMENTO EM POSTO / COMÉRCIO|62917|63195|2 - GASOLINA (LITRO)|53.16|323.74|ID 38122 GASOLINA
94684529|774589|303|02|127231212|-1|2024|6|2 - ABASTECIMENTO EM POSTO / COMÉRCIO|68168|69800|2 - GASOLINA (LITRO)|35.42|212.17|ID 38037 GASOLINA
94684530|774544|303|02|127231212|-1|2024|6|2 - ABASTECIMENTO EM POSTO / COMÉRCIO|61405|63640|2 - GASOLINA (LITRO)|27.26|166.01|ID 38050 GASOLINA
94684531|774537|303|02|124390406|-1|2024|6|2 - ABASTECIMENTO EM POSTO / COMÉRCIO|20300|20300|99 - OUTROS|2.0|12.0|OS 174213_1 CD 1445 REVITALIZADOR DE PNEUS
94684532|774629|303|02|127231175|-1|2024|6|2 - ABASTECIMENTO EM POSTO / COMÉRCIO|6970|7717|9 - SERVIÇOS|1.0|1000.0|OS 180475_1 REV SIST PARTIDATROCA OLEOFILTROSFA
94684533|774657|303|02|124390409|-1|2024|6|2 - ABASTECIMENTO EM POSTO / COMÉRCIO|0|0|8 - PEÇAS|1.0|1536.74|OS 130841_1 CD 1639 TUBO DE RETORNO DOS BICOS INJE
94684534|774612|303|02|124390409|-1|2024|6|2 - ABASTECIMENTO EM POSTO / COMÉRCIO|0|0|6 - ÓLEO LUBRIFICANTE (LITRO)|5.0|6333.0|ID 38164 OS 137900_1 CD 1073 OLEO T68 GALAO DE 20
94684535|774569|303|02|127231184|-1|2024|6|2 - ABASTECIMENTO EM POSTO / COMÉRCIO|8644|9654|2 - GASOLINA (LITRO)|25.49|155.23|ID 37854 GASOLINA
94684536|774629|303|02|127231175|-1|2024|6|2 - ABASTECIMENTO EM POSTO / COMÉRCIO|6970|7717|4 - DIESEL (LITRO)|128.62|860.47|ID 37980 DIESEL S10
94684537|774537|303|02|124390406|-1|2024|6|2 - ABASTECIMENTO EM POSTO / COMÉRCIO|20300|20300|6 - ÓLEO LUBRIFICANTE (LITRO)|3.0|174.0|ID 38151 OS 174213_1 CD 80 OLEO MOTOR 5W30
94684538|774555|303|02|124390411|-1|2024|6|2 - ABASTECIMENTO EM POSTO / COMÉRCIO|120092|120249|9 - SERVIÇOS|1.0|2250.0|OS 159408_1 RETIFICA DO MOTORREPTRANSMISSAO
94684539|774612|303|02|124841798|-1|2024|6|2 - ABASTECIMENTO EM POSTO / COMÉRCIO|0|0|2 - GASOLINA (LITRO)|46.81|285.07|ID 38105 GASOLINA
94684540|774573|303|02|127231212|-1|2024|6|2 - ABASTECIMENTO EM POSTO / COMÉRCIO|85787|88621|2 - GASOLINA (LITRO)|24.41|152.36|ID 37927 GASOLINA
94684541|774624|303|02|127231184|-1|2024|6|2 - ABASTECIMENTO EM POSTO / COMÉRCIO|367668|367875|2 - GASOLINA (LITRO)|80.1|527.27|ID 37852 GASOLINA
94684542|774641|303|02|127231212|-1|2024|6|2 - ABASTECIMENTO EM POSTO / COMÉRCIO|195099|197839|4 - DIESEL (LITRO)|82.7|511.91|ID 38014 DIESEL S10
94684543|774650|303|02|124841798|-1|2024|6|2 - ABASTECIMENTO EM POSTO / COMÉRCIO|0|0|4 - DIESEL (LITRO)|116.73|780.92|ID 38075 DIESEL S10
94684544|774618|303|02|124841798|-1|2024|6|2 - ABASTECIMENTO EM POSTO / COMÉRCIO|0|0|4 - DIESEL (LITRO)|107.45|708.1|ID 38096 OLEO DIESEL
94684545|774612|303|02|124841798|-1|2024|6|2 - ABASTECIMENTO EM POSTO / COMÉRCIO|0|0|2 - GASOLINA (LITRO)|42.77|260.47|ID 38109 GASOLINA
94684546|774646|303|02|127231212|-1|2024|6|2 - ABASTECIMENTO EM POSTO / COMÉRCIO|0|0|2 - GASOLINA (LITRO)|14.79|90.07|ID 37991 GASOLINA
94684547|774544|303|02|127231212|-1|2024|6|2 - ABASTECIMENTO EM POSTO / COMÉRCIO|61405|63640|8 - PEÇAS|1.0|56.59|OS 181070_1 CD 86 BUJAO CARTER
94684548|774563|303|02|124390415|-1|2024|6|2 - ABASTECIMENTO EM POSTO / COMÉRCIO|89811|90027|2 - GASOLINA (LITRO)|9.97|60.72|ID 37857 GASOLINA
94684549|774619|303|02|124841798|-1|2024|6|2 - ABASTECIMENTO EM POSTO / COMÉRCIO|26700|27610|4 - DIESEL (LITRO)|119.29|789.05|ID 38118 DIESEL S10
94684550|774612|303|02|124841798|-1|2024|6|2 - ABASTECIMENTO EM POSTO / COMÉRCIO|0|0|4 - DIESEL (LITRO)|250.16|1648.55|ID 38106 OLEO DIESEL
94684551|774567|303|02|124390411|-1|2024|6|2 - ABASTECIMENTO EM POSTO / COMÉRCIO|59159|60101|2 - GASOLINA (LITRO)|36.08|219.73|ID 37976 GASOLINA
94684552|774612|303|02|124841798|-1|2024|6|2 - ABASTECIMENTO EM POSTO / COMÉRCIO|0|0|4 - DIESEL (LITRO)|321.96|2153.91|ID 38104 DIESEL S10
94684553|774544|303|02|127231212|-1|2024|6|2 - ABASTECIMENTO EM POSTO / COMÉRCIO|61405|63640|2 - GASOLINA (LITRO)|19.55|121.01|ID 37948 GASOLINA
94684554|774558|303|02|127231212|-1|2024|6|2 - ABASTECIMENTO EM POSTO / COMÉRCIO|82541|85211|2 - GASOLINA (LITRO)|42.98|261.75|ID 38039 GASOLINA
94684555|774650|303|02|124841798|-1|2024|6|2 - ABASTECIMENTO EM POSTO / COMÉRCIO|0|0|4 - DIESEL (LITRO)|136.68|914.39|ID 38076 DIESEL S10
94684556|774644|303|02|127231175|-1|2024|6|2 - ABASTECIMENTO EM POSTO / COMÉRCIO|77890|80693|4 - DIESEL (LITRO)|102.11|683.12|ID 37986 DIESEL S10
94684557|774571|303|02|127231212|-1|2024|6|2 - ABASTECIMENTO EM POSTO / COMÉRCIO|208880|209185|2 - GASOLINA (LITRO)|37.79|226.39|ID 37999 GASOLINA
94684558|774641|303|02|127231212|-1|2024|6|2 - ABASTECIMENTO EM POSTO / COMÉRCIO|195099|197839|4 - DIESEL (LITRO)|90.35|559.27|ID 37905 DIESEL S10
94684562|774634|303|02|127231212|-1|2024|6|2 - ABASTECIMENTO EM POSTO / COMÉRCIO|307522|307522|8 - PEÇAS|1.0|168.7|OS 181071_1 CD 6 FILTRO DE OLEO
94684559|774583|303|02|124841798|-1|2024|6|2 - ABASTECIMENTO EM POSTO / COMÉRCIO|22911|24002|4 - DIESEL (LITRO)|44.98|300.92|ID 38125 DIESEL S10
94684560|774584|303|02|127231212|-1|2024|6|2 - ABASTECIMENTO EM POSTO / COMÉRCIO|52623|54995|4 - DIESEL (LITRO)|68.36|419.73|ID 37894 DIESEL S10
94684561|774641|303|02|127231212|-1|2024|6|2 - ABASTECIMENTO EM POSTO / COMÉRCIO|195099|197839|8 - PEÇAS|1.0|998.2|OS 181180_1 CD 835 LANTERNA DA SETA TRASEIRA LE
94684563|774555|303|02|124390411|-1|2024|6|2 - ABASTECIMENTO EM POSTO / COMÉRCIO|120092|120249|8 - PEÇAS|1.0|155.0|OS 159408_1 CD 97 BOMBA D AGUA
94684564|774563|303|02|124390415|-1|2024|6|2 - ABASTECIMENTO EM POSTO / COMÉRCIO|89811|90027|2 - GASOLINA (LITRO)|18.86|114.86|ID 37856 GASOLINA
94684565|774544|303|02|127231212|-1|2024|6|2 - ABASTECIMENTO EM POSTO / COMÉRCIO|61405|63640|8 - PEÇAS|1.0|21.9|OS 181070_1 CD 979 LAMPADA DA LUZ DE RE
94684566|774624|303|02|127231184|-1|2024|6|2 - ABASTECIMENTO EM POSTO / COMÉRCIO|367668|367875|8 - PEÇAS|2.0|1430.0|OS 180045_1 CD 130 LAMPADA DO FAROL AUXILIAR
94684567|774641|303|02|127231212|-1|2024|6|2 - ABASTECIMENTO EM POSTO / COMÉRCIO|195099|197839|8 - PEÇAS|1.0|139.8|OS 181180_1 CD 72 FILTRO DE AR SECUNDARIO
94684568|774629|303|02|127231175|-1|2024|6|2 - ABASTECIMENTO EM POSTO / COMÉRCIO|6970|7717|8 - PEÇAS|1.0|230.0|OS 180475_1 CD 72 FILTRO DE AR SECUNDARIO
94684569|774544|303|02|127231212|-1|2024|6|2 - ABASTECIMENTO EM POSTO / COMÉRCIO|61405|63640|2 - GASOLINA (LITRO)|21.82|135.07|ID 38051 GASOLINA
94684570|774599|303|02|127231212|-1|2024|6|2 - ABASTECIMENTO EM POSTO / COMÉRCIO|97334|98730|4 - DIESEL (LITRO)|54.5|364.6|ID 37921 DIESEL S10
94684571|774652|303|02|124390411|-1|2024|6|2 - ABASTECIMENTO EM POSTO / COMÉRCIO|6982|7262|4 - DIESEL (LITRO)|34.05|227.79|ID 37867 DIESEL S10
94684572|774573|303|02|127231212|-1|2024|6|2 - ABASTECIMENTO EM POSTO / COMÉRCIO|85787|88621|2 - GASOLINA (LITRO)|32.17|195.92|ID 37926 GASOLINA
94684573|774537|303|02|124390406|-1|2024|6|2 - ABASTECIMENTO EM POSTO / COMÉRCIO|20300|20300|8 - PEÇAS|1.0|30.0|OS 174213_1 CD 6 FILTRO DE OLEO
94684574|774554|303|02|124390415|-1|2024|6|2 - ABASTECIMENTO EM POSTO / COMÉRCIO|14312|17452|2 - GASOLINA (LITRO)|28.56|173.93|ID 37964 GASOLINA
94684575|774638|303|02|127231175|-1|2024|6|2 - ABASTECIMENTO EM POSTO / COMÉRCIO|67737|69602|4 - DIESEL (LITRO)|105.05|702.78|ID 37982 DIESEL S10
94684576|774647|303|02|124390409|-1|2024|6|2 - ABASTECIMENTO EM POSTO / COMÉRCIO|0|0|8 - PEÇAS|2.0|1171.36|OS 129791_1 CD 1637 REPARO GIRO
94684577|774587|303|02|127231212|-1|2024|6|2 - ABASTECIMENTO EM POSTO / COMÉRCIO|222525|224939|8 - PEÇAS|1.0|69.0|OS 179974_1 CD 164 JUNTA DA TAMPA DE VALVULA
94684578|774537|303|02|124390406|-1|2024|6|2 - ABASTECIMENTO EM POSTO / COMÉRCIO|20300|20300|8 - PEÇAS|2.0|316.0|OS 174213_1 CD 1245 TAMBOR DE FREIO DE ESTACIONAME
94684579|774589|303|02|127231212|-1|2024|6|2 - ABASTECIMENTO EM POSTO / COMÉRCIO|68168|69800|2 - GASOLINA (LITRO)|20.18|125.96|ID 37931 GASOLINA
94684580|774542|303|02|127231212|-1|2024|6|2 - ABASTECIMENTO EM POSTO / COMÉRCIO|243733|244910|2 - GASOLINA (LITRO)|23.32|142.02|ID 37994 GASOLINA
94684581|774555|303|02|124390411|-1|2024|6|2 - ABASTECIMENTO EM POSTO / COMÉRCIO|120092|120249|8 - PEÇAS|1.0|290.0|OS 159408_1 CD 348 ANEL DO MOTOR
94684582|774611|303|02|124390409|-1|2024|6|2 - ABASTECIMENTO EM POSTO / COMÉRCIO|0|0|99 - OUTROS|2.0|6405.34|OS 132272_1 CD 197 PNEU 10165 PARA BOBCAT
94684583|774550|303|02|124841798|-1|2024|6|2 - ABASTECIMENTO EM POSTO / COMÉRCIO|237296|237296|2 - GASOLINA (LITRO)|35.8|218.02|ID 38098 GASOLINA
94684584|774544|303|02|127231212|-1|2024|6|2 - ABASTECIMENTO EM POSTO / COMÉRCIO|61405|63640|8 - PEÇAS|1.0|120.37|OS 181070_1 CD 1484 KIT DE COIFA HOMOCINETICA DO C
94684585|774568|303|02|127231212|-1|2024|6|2 - ABASTECIMENTO EM POSTO / COMÉRCIO|213809|214700|2 - GASOLINA (LITRO)|39.09|238.06|ID 38016 GASOLINA
94684586|774606|303|02|124841798|-1|2024|6|2 - ABASTECIMENTO EM POSTO / COMÉRCIO|112771|113962|2 - GASOLINA (LITRO)|45.82|279.04|ID 38087 GASOLINA
94684587|774569|303|02|127231184|-1|2024|6|2 - ABASTECIMENTO EM POSTO / COMÉRCIO|8644|9654|2 - GASOLINA (LITRO)|16.69|100.0|ID 37855 GASOLINA
94684588|774555|303|02|124390411|-1|2024|6|2 - ABASTECIMENTO EM POSTO / COMÉRCIO|120092|120249|8 - PEÇAS|1.0|30.0|OS 159408_1 CD 8 FILTRO DE AR
94684589|774630|303|02|127231175|-1|2024|6|2 - ABASTECIMENTO EM POSTO / COMÉRCIO|89410|89410|6 - ÓLEO LUBRIFICANTE (LITRO)|11.0|696.63|ID 38140 OS 181335_1 CD 103 OLEO 15W40
94684590|774554|303|02|124390415|-1|2024|6|2 - ABASTECIMENTO EM POSTO / COMÉRCIO|14312|17452|2 - GASOLINA (LITRO)|25.99|158.28|ID 37861 GASOLINA
94684591|774658|303|02|124390409|-1|2024|6|2 - ABASTECIMENTO EM POSTO / COMÉRCIO|0|0|8 - PEÇAS|4.0|1396.44|OS 132667_1 CD 1642 PLACA DE DESLIZAMENTO
94684592|774634|303|02|127231212|-1|2024|6|2 - ABASTECIMENTO EM POSTO / COMÉRCIO|307522|307522|8 - PEÇAS|1.0|139.8|OS 181071_1 CD 72 FILTRO DE AR SECUNDARIO
94684593|774584|303|02|127231212|-1|2024|6|2 - ABASTECIMENTO EM POSTO / COMÉRCIO|52623|54995|4 - DIESEL (LITRO)|30.36|186.46|ID 37897 DIESEL S10
94684594|774644|303|02|127231175|-1|2024|6|2 - ABASTECIMENTO EM POSTO / COMÉRCIO|77890|80693|8 - PEÇAS|1.0|266.9|OS 181181_1 CD 109 FILTRO DIESEL
94684595|774599|303|02|127231212|-1|2024|6|2 - ABASTECIMENTO EM POSTO / COMÉRCIO|97334|98730|4 - DIESEL (LITRO)|51.26|301.92|ID 38030 DIESEL S10
94684596|774618|303|02|124390409|-1|2024|6|2 - ABASTECIMENTO EM POSTO / COMÉRCIO|0|0|8 - PEÇAS|1.0|5341.81|OS 132620_1 CD 180 KIT EMBREAGEM
94684597|774621|303|02|124390409|-1|2024|6|2 - ABASTECIMENTO EM POSTO / COMÉRCIO|100615|100615|8 - PEÇAS|2.0|3792.86|OS 129792_1 CD 340 AMORTECEDOR TRASEIRO COMPLETO
94684598|774544|303|02|127231212|-1|2024|6|2 - ABASTECIMENTO EM POSTO / COMÉRCIO|61405|63640|6 - ÓLEO LUBRIFICANTE (LITRO)|4.0|353.32|ID 38195 OS 181070_1 CD 670 OLEO MOTOR 0W20
94684599|774611|303|02|124390409|-1|2024|6|2 - ABASTECIMENTO EM POSTO / COMÉRCIO|0|0|8 - PEÇAS|1.0|227.6|OS 132272_1 CD 72 FILTRO DE AR SECUNDARIO
94684600|774658|303|02|124390409|-1|2024|6|2 - ABASTECIMENTO EM POSTO / COMÉRCIO|0|0|8 - PEÇAS|2.0|1388.6|OS 132667_1 CD 119 CAMARA DE AR 140024
94684601|774558|303|02|127231212|-1|2024|6|2 - ABASTECIMENTO EM POSTO / COMÉRCIO|82541|85211|2 - GASOLINA (LITRO)|32.04|199.99|ID 37936 GASOLINA
94684605|774641|303|02|127231212|-1|2024|6|2 - ABASTECIMENTO EM POSTO / COMÉRCIO|195099|197839|4 - DIESEL (LITRO)|88.07|545.2|ID 37902 DIESEL S10
94684602|774621|303|02|124390409|-1|2024|6|2 - ABASTECIMENTO EM POSTO / COMÉRCIO|100615|100615|8 - PEÇAS|1.0|1928.22|OS 129792_1 CD 435 FAROL LADO ESQUERDO
94684603|774558|303|02|127231212|-1|2024|6|2 - ABASTECIMENTO EM POSTO / COMÉRCIO|82541|85211|2 - GASOLINA (LITRO)|52.09|317.23|ID 37934 GASOLINA
94684604|774618|303|02|124390409|-1|2024|6|2 - ABASTECIMENTO EM POSTO / COMÉRCIO|0|0|9 - SERVIÇOS|1.0|9000.0|OS 132620_1 ESTOJARREVFREIOSARQUEARUSINAR EMBREA
94684606|774629|303|02|124841814|-1|2024|6|2 - ABASTECIMENTO EM POSTO / COMÉRCIO|6970|7717|4 - DIESEL (LITRO)|106.49|712.42|ID 37881 DIESEL S10
94684607|774555|303|02|124390411|-1|2024|6|2 - ABASTECIMENTO EM POSTO / COMÉRCIO|120092|120249|2 - GASOLINA (LITRO)|30.88|188.06|ID 37973 GASOLINA
94684608|774641|303|02|127231212|-1|2024|6|2 - ABASTECIMENTO EM POSTO / COMÉRCIO|195099|197839|8 - PEÇAS|1.0|336.97|OS 181180_1 CD 8 FILTRO DE AR
94684609|774612|303|02|124841798|-1|2024|6|2 - ABASTECIMENTO EM POSTO / COMÉRCIO|0|0|2 - GASOLINA (LITRO)|4.92|30.0|ID 38108 GASOLINA
94684610|774641|303|02|127231212|-1|2024|6|2 - ABASTECIMENTO EM POSTO / COMÉRCIO|195099|197839|4 - DIESEL (LITRO)|77.62|476.59|ID 37901 DIESEL S10
94684611|774555|303|02|124390411|-1|2024|6|2 - ABASTECIMENTO EM POSTO / COMÉRCIO|120092|120249|8 - PEÇAS|1.0|29.0|OS 159408_1 CD 6 FILTRO DE OLEO
94684612|774597|303|02|124390417|-1|2024|6|2 - ABASTECIMENTO EM POSTO / COMÉRCIO|78279|78785|6 - ÓLEO LUBRIFICANTE (LITRO)|2.0|96.0|ID 38149 OS 175112_1 CD 103 OLEO 15W40
94684613|774554|303|02|124390415|-1|2024|6|2 - ABASTECIMENTO EM POSTO / COMÉRCIO|14312|17452|2 - GASOLINA (LITRO)|29.66|180.63|ID 37860 GASOLINA
94684614|774644|303|02|124841814|-1|2024|6|2 - ABASTECIMENTO EM POSTO / COMÉRCIO|77890|80693|4 - DIESEL (LITRO)|103.21|690.47|ID 37870 DIESEL S10
94684615|774591|303|02|127231212|-1|2024|6|2 - ABASTECIMENTO EM POSTO / COMÉRCIO|230930|232874|8 - PEÇAS|1.0|280.0|OS 179970_1 CD 212 CORREIA DENTADA
94684616|774587|303|02|127231212|-1|2024|6|2 - ABASTECIMENTO EM POSTO / COMÉRCIO|222525|224939|2 - GASOLINA (LITRO)|50.12|300.22|ID 37914 GASOLINA
94684617|774541|303|02|127231212|-1|2024|6|2 - ABASTECIMENTO EM POSTO / COMÉRCIO|61357|64049|2 - GASOLINA (LITRO)|18.15|108.75|ID 38045 GASOLINA
94684618|774623|303|02|124841798|-1|2024|6|2 - ABASTECIMENTO EM POSTO / COMÉRCIO|33260|33975|4 - DIESEL (LITRO)|111.74|747.54|ID 38127 DIESEL S10
94684619|774612|303|02|124390409|-1|2024|6|2 - ABASTECIMENTO EM POSTO / COMÉRCIO|0|0|6 - ÓLEO LUBRIFICANTE (LITRO)|3.0|3799.8|ID 38164 OS 137900_1 CD 1645 OLEO 90 GALAO DE 20 L
94684620|774658|303|02|124390409|-1|2024|6|2 - ABASTECIMENTO EM POSTO / COMÉRCIO|0|0|8 - PEÇAS|1.0|4211.22|OS 132667_1 CD 334 VIDRO DE PARABRISA
94684621|774558|303|02|127231212|-1|2024|6|2 - ABASTECIMENTO EM POSTO / COMÉRCIO|82541|85211|9 - SERVIÇOS|1.0|50.0|OS 179981_1 TROCA DE OLEO E FILTROS
94684622|774658|303|02|124390409|-1|2024|6|2 - ABASTECIMENTO EM POSTO / COMÉRCIO|0|0|8 - PEÇAS|2.0|1711.6|OS 132667_1 CD 1010 ESPELHO DO RETROVISOR
94684623|774599|303|02|127231212|-1|2024|6|2 - ABASTECIMENTO EM POSTO / COMÉRCIO|97334|98730|4 - DIESEL (LITRO)|50.12|285.15|ID 38029 DIESEL S10
94684624|774558|303|02|127231212|-1|2024|6|2 - ABASTECIMENTO EM POSTO / COMÉRCIO|82541|85211|2 - GASOLINA (LITRO)|33.42|200.19|ID 38040 GASOLINA
94684625|774624|303|02|127231184|-1|2024|6|2 - ABASTECIMENTO EM POSTO / COMÉRCIO|367668|367875|9 - SERVIÇOS|1.0|4480.17|OS 180045_1 REVISAO PREVENTIVA GERAL
94684626|774597|303|02|124390417|-1|2024|6|2 - ABASTECIMENTO EM POSTO / COMÉRCIO|78279|78785|99 - OUTROS|4.0|32.0|OS 175112_1 CD 440 AGUA DESMINERALIZADA
94684627|774612|303|02|124841798|-1|2024|6|2 - ABASTECIMENTO EM POSTO / COMÉRCIO|0|0|2 - GASOLINA (LITRO)|80.15|488.11|ID 38114 GASOLINA
94684628|774560|303|02|127231212|-1|2024|6|2 - ABASTECIMENTO EM POSTO / COMÉRCIO|22393|22393|2 - GASOLINA (LITRO)|44.26|269.54|ID 38058 GASOLINA
94684629|774657|303|02|124390409|-1|2024|6|2 - ABASTECIMENTO EM POSTO / COMÉRCIO|0|0|8 - PEÇAS|1.0|1536.74|OS 130841_1 CD 230 TUBO DE PRESSAO
94684630|774621|303|02|124390409|-1|2024|6|2 - ABASTECIMENTO EM POSTO / COMÉRCIO|100615|100615|8 - PEÇAS|1.0|727.11|OS 129792_1 CD 345 LONA DE FREIO
94684631|774544|303|02|127231212|-1|2024|6|2 - ABASTECIMENTO EM POSTO / COMÉRCIO|61405|63640|2 - GASOLINA (LITRO)|20.4|126.28|ID 37944 GASOLINA
94684632|774558|303|02|127231212|-1|2024|6|2 - ABASTECIMENTO EM POSTO / COMÉRCIO|82541|85211|2 - GASOLINA (LITRO)|51.18|306.57|ID 37935 GASOLINA
94684633|774554|303|02|124390415|-1|2024|6|2 - ABASTECIMENTO EM POSTO / COMÉRCIO|14312|17452|2 - GASOLINA (LITRO)|41.22|251.03|ID 37965 GASOLINA
94684634|774573|303|02|127231212|-1|2024|6|2 - ABASTECIMENTO EM POSTO / COMÉRCIO|85787|88621|2 - GASOLINA (LITRO)|35.12|213.88|ID 37928 GASOLINA
94684635|774587|303|02|127231212|-1|2024|6|2 - ABASTECIMENTO EM POSTO / COMÉRCIO|222525|224939|2 - GASOLINA (LITRO)|38.64|231.45|ID 38024 GASOLINA
94684636|774644|303|02|127231175|-1|2024|6|2 - ABASTECIMENTO EM POSTO / COMÉRCIO|77890|80693|8 - PEÇAS|1.0|296.8|OS 181181_1 CD 66 FILTRO RACOR
94684637|774659|303|02|127231175|-1|2024|6|2 - ABASTECIMENTO EM POSTO / COMÉRCIO|0|0|2 - GASOLINA (LITRO)|20.0|121.8|ID 37978 GASOLINA
94684638|774589|303|02|127231212|-1|2024|6|2 - ABASTECIMENTO EM POSTO / COMÉRCIO|68168|69800|9 - SERVIÇOS|1.0|350.0|OS 179979_1 TROCA DA EMBREAGEM
94684639|774638|303|02|124841814|-1|2024|6|2 - ABASTECIMENTO EM POSTO / COMÉRCIO|67737|69602|4 - DIESEL (LITRO)|104.96|702.18|ID 37875 DIESEL S10
94684640|774594|303|02|127231175|-1|2024|6|2 - ABASTECIMENTO EM POSTO / COMÉRCIO|38649|39070|2 - GASOLINA (LITRO)|48.95|298.11|ID 37977 GASOLINA
94684641|774641|303|02|127231212|-1|2024|6|2 - ABASTECIMENTO EM POSTO / COMÉRCIO|195099|197839|9 - SERVIÇOS|1.0|1600.0|OS 181180_1 REPAROS ELETRICOSFREIOTROCAR OLEO
94684642|774582|303|02|127231175|-1|2024|6|2 - ABASTECIMENTO EM POSTO / COMÉRCIO|122655|122655|2 - GASOLINA (LITRO)|47.41|288.73|ID 37990 GASOLINA
94684643|774612|303|02|124841798|-1|2024|6|2 - ABASTECIMENTO EM POSTO / COMÉRCIO|0|0|4 - DIESEL (LITRO)|324.0|2167.56|ID 38102 DIESEL S10
94684644|774609|303|02|127231212|-1|2024|6|2 - ABASTECIMENTO EM POSTO / COMÉRCIO|208095|209450|2 - GASOLINA (LITRO)|34.88|208.93|ID 37909 GASOLINA
94684645|774573|303|02|127231212|-1|2024|6|2 - ABASTECIMENTO EM POSTO / COMÉRCIO|85787|88621|2 - GASOLINA (LITRO)|26.13|163.07|ID 38032 GASOLINA
94684649|774567|303|02|124390411|-1|2024|6|2 - ABASTECIMENTO EM POSTO / COMÉRCIO|59159|60101|2 - GASOLINA (LITRO)|27.73|168.88|ID 38198 GASOLINA
94684646|774647|303|02|124390409|-1|2024|6|2 - ABASTECIMENTO EM POSTO / COMÉRCIO|0|0|99 - OUTROS|8.0|1509.84|OS 129791_1 CD 932 BUCHA DO BRACO OSCILANTE
94684647|774585|303|02|127231212|-1|2024|6|2 - ABASTECIMENTO EM POSTO / COMÉRCIO|181686|184066|2 - GASOLINA (LITRO)|46.11|276.2|ID 37912 GASOLINA
94684648|774577|303|02|127231212|-1|2024|6|2 - ABASTECIMENTO EM POSTO / COMÉRCIO|45121|46447|4 - DIESEL (LITRO)|43.17|288.81|ID 38057 DIESEL S10
94684650|774547|303|02|127231212|-1|2024|6|2 - ABASTECIMENTO EM POSTO / COMÉRCIO|35661|39560|2 - GASOLINA (LITRO)|28.14|174.19|ID 37959 GASOLINA
94684651|774549|303|02|124841798|-1|2024|6|2 - ABASTECIMENTO EM POSTO / COMÉRCIO|116814|117016|2 - GASOLINA (LITRO)|35.05|213.45|ID 38093 GASOLINA
94684652|774536|303|02|127231212|-1|2024|6|2 - ABASTECIMENTO EM POSTO / COMÉRCIO|139186|139709|8 - PEÇAS|1.0|439.0|OS 175178_1 CD 132 BATERIA 60A
94684653|774609|303|02|127231212|-1|2024|6|2 - ABASTECIMENTO EM POSTO / COMÉRCIO|208095|209450|2 - GASOLINA (LITRO)|50.07|304.93|ID 38018 GASOLINA
94684654|774658|303|02|124390409|-1|2024|6|2 - ABASTECIMENTO EM POSTO / COMÉRCIO|0|0|8 - PEÇAS|1.0|2134.6|OS 132667_1 CD 1031 VIDRO DIREITO
94684655|774536|303|02|127231212|-1|2024|6|2 - ABASTECIMENTO EM POSTO / COMÉRCIO|139186|139709|2 - GASOLINA (LITRO)|42.89|261.2|ID 37882 GASOLINA
94684656|774573|303|02|127231212|-1|2024|6|2 - ABASTECIMENTO EM POSTO / COMÉRCIO|85787|88621|2 - GASOLINA (LITRO)|46.62|279.25|ID 37923 GASOLINA
94684657|774547|303|02|127231212|-1|2024|6|2 - ABASTECIMENTO EM POSTO / COMÉRCIO|35661|39560|2 - GASOLINA (LITRO)|17.48|108.2|ID 38062 GASOLINA
94684658|774547|303|02|127231212|-1|2024|6|2 - ABASTECIMENTO EM POSTO / COMÉRCIO|35661|39560|2 - GASOLINA (LITRO)|23.72|146.83|ID 38064 GASOLINA
94684659|774585|303|02|127231212|-1|2024|6|2 - ABASTECIMENTO EM POSTO / COMÉRCIO|181686|184066|9 - SERVIÇOS|1.0|90.0|OS 179969_1 REVISAO NO MOTOR
94684660|774587|303|02|127231212|-1|2024|6|2 - ABASTECIMENTO EM POSTO / COMÉRCIO|222525|224939|8 - PEÇAS|1.0|139.0|OS 179974_1 CD 117 MANGUEIRA
94684661|774650|303|02|124841798|-1|2024|6|2 - ABASTECIMENTO EM POSTO / COMÉRCIO|0|0|4 - DIESEL (LITRO)|114.74|767.61|ID 38078 DIESEL S10
94684662|774641|303|02|127231212|-1|2024|6|2 - ABASTECIMENTO EM POSTO / COMÉRCIO|195099|197839|4 - DIESEL (LITRO)|79.4|491.5|ID 38015 DIESEL S10
94684663|774595|303|02|127231212|-1|2024|6|2 - ABASTECIMENTO EM POSTO / COMÉRCIO|204429|205142|2 - GASOLINA (LITRO)|34.09|204.2|ID 38200 GASOLINA
94684664|774537|303|02|124390406|-1|2024|6|2 - ABASTECIMENTO EM POSTO / COMÉRCIO|20300|20300|99 - OUTROS|3.0|36.0|OS 174213_1 CD 354 SILICONE
94684665|774568|303|02|127231212|-1|2024|6|2 - ABASTECIMENTO EM POSTO / COMÉRCIO|213809|214700|8 - PEÇAS|1.0|350.0|OS 174195_1 CD 437 ALAVANCA DO FREIO DE ESTACIONAM
94684666|774584|303|02|127231212|-1|2024|6|2 - ABASTECIMENTO EM POSTO / COMÉRCIO|52623|54995|4 - DIESEL (LITRO)|26.05|159.99|ID 38006 DIESEL S10
94684667|774650|303|02|124841798|-1|2024|6|2 - ABASTECIMENTO EM POSTO / COMÉRCIO|0|0|4 - DIESEL (LITRO)|125.97|842.74|ID 38068 DIESEL S10
94684668|774541|303|02|127231212|-1|2024|6|2 - ABASTECIMENTO EM POSTO / COMÉRCIO|61357|64049|2 - GASOLINA (LITRO)|22.01|131.85|ID 37938 GASOLINA
94684669|774544|303|02|127231212|-1|2024|6|2 - ABASTECIMENTO EM POSTO / COMÉRCIO|61405|63640|9 - SERVIÇOS|1.0|724.5|OS 181070_1 REVISAO MOTORTRANSMSUSPELETRICA
94684670|774645|303|02|127231175|-1|2024|6|2 - ABASTECIMENTO EM POSTO / COMÉRCIO|4859|5284|9 - SERVIÇOS|1.0|100.0|OS 174604_1 MONTAGEM DE PNEUS
94684671|774650|303|02|124841798|-1|2024|6|2 - ABASTECIMENTO EM POSTO / COMÉRCIO|0|0|4 - DIESEL (LITRO)|140.59|940.55|ID 38073 DIESEL S10
94684672|774568|303|02|127231212|-1|2024|6|2 - ABASTECIMENTO EM POSTO / COMÉRCIO|213809|214700|2 - GASOLINA (LITRO)|15.0|91.35|ID 37906 GASOLINA
94684673|774561|303|02|127231212|-1|2024|6|2 - ABASTECIMENTO EM POSTO / COMÉRCIO|49626|51357|9 - SERVIÇOS|1.0|80.0|OS 180504_1 TROCA DE PASTILHA DIANTEIRA
94684674|774644|303|02|127231175|-1|2024|6|2 - ABASTECIMENTO EM POSTO / COMÉRCIO|77890|80693|6 - ÓLEO LUBRIFICANTE (LITRO)|11.0|696.63|ID 38147 OS 181181_1 CD 103 OLEO 15W40
94684675|774561|303|02|127231212|-1|2024|6|2 - ABASTECIMENTO EM POSTO / COMÉRCIO|49626|51357|2 - GASOLINA (LITRO)|21.55|131.24|ID 38047 GASOLINA
94684676|774589|303|02|127231212|-1|2024|6|2 - ABASTECIMENTO EM POSTO / COMÉRCIO|68168|69800|2 - GASOLINA (LITRO)|35.17|219.51|ID 38036 GASOLINA
94684677|774638|303|02|127231175|-1|2024|6|2 - ABASTECIMENTO EM POSTO / COMÉRCIO|67737|69602|4 - DIESEL (LITRO)|94.39|631.47|ID 37981 DIESEL S10
94684678|774579|303|02|127231212|-1|2024|6|2 - ABASTECIMENTO EM POSTO / COMÉRCIO|102095|103965|4 - DIESEL (LITRO)|28.85|193.01|ID 38000 DIESEL S10
94684679|774619|303|02|124841798|-1|2024|6|2 - ABASTECIMENTO EM POSTO / COMÉRCIO|26700|27610|4 - DIESEL (LITRO)|174.43|1166.94|ID 38115 DIESEL S10
94684680|774611|303|02|124841798|-1|2024|6|2 - ABASTECIMENTO EM POSTO / COMÉRCIO|0|0|4 - DIESEL (LITRO)|90.26|603.84|ID 38094 DIESEL S10
94684681|774545|303|02|124390411|-1|2024|6|2 - ABASTECIMENTO EM POSTO / COMÉRCIO|212650|213082|2 - GASOLINA (LITRO)|21.68|132.03|ID 37864 GASOLINA
94684682|774657|303|02|124390409|-1|2024|6|2 - ABASTECIMENTO EM POSTO / COMÉRCIO|0|0|9 - SERVIÇOS|1.0|20365.2|OS 130841_1 REVISAO NO MOTORRECAPAGEM
94684683|774544|303|02|127231212|-1|2024|6|2 - ABASTECIMENTO EM POSTO / COMÉRCIO|61405|63640|2 - GASOLINA (LITRO)|15.79|94.58|ID 38055 GASOLINA
94684684|774649|303|02|124390409|-1|2024|6|2 - ABASTECIMENTO EM POSTO / COMÉRCIO|0|0|8 - PEÇAS|1.0|639.36|OS 135866_1 CD 1643 REPARO DO CILINDRO SUPERIOR DO
94684685|774584|303|02|127231212|-1|2024|6|2 - ABASTECIMENTO EM POSTO / COMÉRCIO|52623|54995|9 - SERVIÇOS|1.0|850.0|OS 180513_1 REPAROS NOS FREIOS E MOTOR
94684686|774577|303|02|127231212|-1|2024|6|2 - ABASTECIMENTO EM POSTO / COMÉRCIO|45121|46447|4 - DIESEL (LITRO)|47.94|320.72|ID 37950 DIESEL S10
94684687|774644|303|02|127231175|-1|2024|6|2 - ABASTECIMENTO EM POSTO / COMÉRCIO|77890|80693|8 - PEÇAS|1.0|230.0|OS 181181_1 CD 72 FILTRO DE AR SECUNDARIO
94684688|774579|303|02|127231212|-1|2024|6|2 - ABASTECIMENTO EM POSTO / COMÉRCIO|102095|103965|4 - DIESEL (LITRO)|26.77|179.09|ID 37892 DIESEL S10
94684689|774644|303|02|127231175|-1|2024|6|2 - ABASTECIMENTO EM POSTO / COMÉRCIO|77890|80693|8 - PEÇAS|1.0|579.8|OS 181181_1 CD 345 LONA DE FREIO
94684693|774591|303|02|127231212|-1|2024|6|2 - ABASTECIMENTO EM POSTO / COMÉRCIO|230930|232874|9 - SERVIÇOS|1.0|790.0|OS 179970_1 REPARO SUSPENSAOMOTORTRANSMTROCA PNEU
94684690|774550|303|02|124390409|-1|2024|6|2 - ABASTECIMENTO EM POSTO / COMÉRCIO|237296|237296|9 - SERVIÇOS|1.0|350.0|OS 143006_1 TROCA DA EMBREAGEM
94684691|774648|303|02|124390409|-1|2024|6|2 - ABASTECIMENTO EM POSTO / COMÉRCIO|0|0|8 - PEÇAS|1.0|634.26|OS 132670_1 CD 596 PONTEIRO DA DIRECAO
94684692|774641|303|02|127231212|-1|2024|6|2 - ABASTECIMENTO EM POSTO / COMÉRCIO|195099|197839|8 - PEÇAS|1.0|168.7|OS 181180_1 CD 6 FILTRO DE OLEO
94684694|774554|303|02|124390415|-1|2024|6|2 - ABASTECIMENTO EM POSTO / COMÉRCIO|14312|17452|2 - GASOLINA (LITRO)|25.7|156.51|ID 37968 GASOLINA
94684695|774658|303|02|124390409|-1|2024|6|2 - ABASTECIMENTO EM POSTO / COMÉRCIO|0|0|8 - PEÇAS|9.0|1382.67|OS 132667_1 CD 342 PLACA
94684696|774542|303|02|127231212|-1|2024|6|2 - ABASTECIMENTO EM POSTO / COMÉRCIO|243733|244910|2 - GASOLINA (LITRO)|5.91|36.0|ID 37993 GASOLINA
94684697|774589|303|02|127231212|-1|2024|6|2 - ABASTECIMENTO EM POSTO / COMÉRCIO|68168|69800|8 - PEÇAS|1.0|649.0|OS 179979_1 CD 180 KIT EMBREAGEM
94684698|774630|303|02|124841814|-1|2024|6|2 - ABASTECIMENTO EM POSTO / COMÉRCIO|89410|89410|4 - DIESEL (LITRO)|115.4|772.03|ID 37878 DIESEL S10
94684699|774558|303|02|127231212|-1|2024|6|2 - ABASTECIMENTO EM POSTO / COMÉRCIO|82541|85211|6 - ÓLEO LUBRIFICANTE (LITRO)|4.0|208.0|ID 38191 OS 179981_1 CD 1530 OLEO PARA MOTOR 5W40
94684700|774571|303|02|127231212|-1|2024|6|2 - ABASTECIMENTO EM POSTO / COMÉRCIO|208880|209185|2 - GASOLINA (LITRO)|20.0|121.8|ID 37998 GASOLINA
94684701|774628|303|02|124841798|-1|2024|6|2 - ABASTECIMENTO EM POSTO / COMÉRCIO|0|0|4 - DIESEL (LITRO)|66.35|443.88|ID 38132 DIESEL S10
94684702|774591|303|02|127231212|-1|2024|6|2 - ABASTECIMENTO EM POSTO / COMÉRCIO|230930|232874|8 - PEÇAS|1.0|110.0|OS 179970_1 CD 1653 ARTICULADOR DO BRACO DA CAIXA
94684703|774544|303|02|127231212|-1|2024|6|2 - ABASTECIMENTO EM POSTO / COMÉRCIO|61405|63640|8 - PEÇAS|1.0|41.43|OS 181070_1 CD 60 FILTRO DE COMBUSTIVEL
94684704|774619|303|02|124841798|-1|2024|6|2 - ABASTECIMENTO EM POSTO / COMÉRCIO|26700|27610|4 - DIESEL (LITRO)|132.5|886.42|ID 38121 DIESEL S10
94684705|774555|303|02|124390411|-1|2024|6|2 - ABASTECIMENTO EM POSTO / COMÉRCIO|120092|120249|8 - PEÇAS|1.0|290.0|OS 159408_1 CD 726 BOMBA DE OLEO
94684706|774611|303|02|124390409|-1|2024|6|2 - ABASTECIMENTO EM POSTO / COMÉRCIO|0|0|8 - PEÇAS|1.0|305.4|OS 132272_1 CD 8 FILTRO DE AR
94684707|774650|303|02|124841798|-1|2024|6|2 - ABASTECIMENTO EM POSTO / COMÉRCIO|0|0|4 - DIESEL (LITRO)|122.76|821.26|ID 38085 DIESEL S10
94684708|774658|303|02|124390409|-1|2024|6|2 - ABASTECIMENTO EM POSTO / COMÉRCIO|0|0|8 - PEÇAS|1.0|3427.32|OS 132667_1 CD 1430 ROLAMENTO PINHAO
94684709|774544|303|02|127231212|-1|2024|6|2 - ABASTECIMENTO EM POSTO / COMÉRCIO|61405|63640|2 - GASOLINA (LITRO)|12.15|75.21|ID 38052 GASOLINA
94684710|774645|303|02|127231175|-1|2024|6|2 - ABASTECIMENTO EM POSTO / COMÉRCIO|4859|5284|4 - DIESEL (LITRO)|121.35|811.83|ID 37979 DIESEL S10
94684711|774553|303|02|127231212|-1|2024|6|2 - ABASTECIMENTO EM POSTO / COMÉRCIO|125854|126377|2 - GASOLINA (LITRO)|20.0|121.8|ID 37996 GASOLINA
94684712|774584|303|02|127231212|-1|2024|6|2 - ABASTECIMENTO EM POSTO / COMÉRCIO|52623|54995|8 - PEÇAS|1.0|103.0|OS 180513_1 CD 1200 FILTRO DE OLEO LUBRIFICANTE
94684713|774650|303|02|124841798|-1|2024|6|2 - ABASTECIMENTO EM POSTO / COMÉRCIO|0|0|4 - DIESEL (LITRO)|104.11|696.5|ID 38067 DIESEL S10
94684714|774612|303|02|124390409|-1|2024|6|2 - ABASTECIMENTO EM POSTO / COMÉRCIO|0|0|6 - ÓLEO LUBRIFICANTE (LITRO)|5.0|6333.0|ID 38164 OS 137900_1 CD 133 OLEO DE MOTOR 15W40 GA
94684715|774544|303|02|127231212|-1|2024|6|2 - ABASTECIMENTO EM POSTO / COMÉRCIO|61405|63640|2 - GASOLINA (LITRO)|20.71|128.19|ID 38053 GASOLINA
94684716|774634|303|02|127231212|-1|2024|6|2 - ABASTECIMENTO EM POSTO / COMÉRCIO|307522|307522|6 - ÓLEO LUBRIFICANTE (LITRO)|11.0|696.63|ID 38196 OS 181071_1 CD 103 OLEO 15W40
94684717|774555|303|02|124390411|-1|2024|6|2 - ABASTECIMENTO EM POSTO / COMÉRCIO|120092|120249|6 - ÓLEO LUBRIFICANTE (LITRO)|3.0|159.0|ID 38148 OS 159408_1 CD 103 OLEO 15W40
94684718|774584|303|02|127231212|-1|2024|6|2 - ABASTECIMENTO EM POSTO / COMÉRCIO|52623|54995|8 - PEÇAS|1.0|398.04|OS 180513_1 CD 416 PASTILHA DE FREIO TRASEIRA
94684719|774619|303|02|124841798|-1|2024|6|2 - ABASTECIMENTO EM POSTO / COMÉRCIO|26700|27610|4 - DIESEL (LITRO)|93.7|626.85|ID 38117 DIESEL S10
94684720|774584|303|02|127231212|-1|2024|6|2 - ABASTECIMENTO EM POSTO / COMÉRCIO|52623|54995|4 - DIESEL (LITRO)|22.95|140.92|ID 38007 DIESEL S10
94684721|774630|303|02|127231175|-1|2024|6|2 - ABASTECIMENTO EM POSTO / COMÉRCIO|89410|89410|9 - SERVIÇOS|1.0|3200.0|OS 181335_1 REVISAO GERAL
94684722|774544|303|02|127231212|-1|2024|6|2 - ABASTECIMENTO EM POSTO / COMÉRCIO|61405|63640|6 - ÓLEO LUBRIFICANTE (LITRO)|2.0|211.5|ID 38195 OS 181070_1 CD 1561 OLEO DA CAIXA DE REDU
94684723|774634|303|02|127231212|-1|2024|6|2 - ABASTECIMENTO EM POSTO / COMÉRCIO|307522|307522|8 - PEÇAS|2.0|916.92|OS 181071_1 CD 203 RETENTOR INTERNO DA RODA
94684724|774544|303|02|127231212|-1|2024|6|2 - ABASTECIMENTO EM POSTO / COMÉRCIO|61405|63640|8 - PEÇAS|1.0|45.87|OS 181070_1 CD 6 FILTRO DE OLEO
94684725|774630|303|02|127231175|-1|2024|6|2 - ABASTECIMENTO EM POSTO / COMÉRCIO|89410|89410|8 - PEÇAS|1.0|296.8|OS 181335_1 CD 66 FILTRO RACOR
94684726|774539|303|02|127231212|-1|2024|6|2 - ABASTECIMENTO EM POSTO / COMÉRCIO|130692|130692|2 - GASOLINA (LITRO)|46.69|284.34|ID 37997 GASOLINA
94684727|774587|303|02|127231212|-1|2024|6|2 - ABASTECIMENTO EM POSTO / COMÉRCIO|222525|224939|2 - GASOLINA (LITRO)|39.02|233.73|ID 38026 GASOLINA
94684728|774555|303|02|124390411|-1|2024|6|2 - ABASTECIMENTO EM POSTO / COMÉRCIO|120092|120249|8 - PEÇAS|1.0|290.0|OS 159408_1 CD 329 KIT CORREIA COM TENSOR
94684729|774650|303|02|124841798|-1|2024|6|2 - ABASTECIMENTO EM POSTO / COMÉRCIO|0|0|4 - DIESEL (LITRO)|101.34|677.96|ID 38083 DIESEL S10
94684730|774561|303|02|127231212|-1|2024|6|2 - ABASTECIMENTO EM POSTO / COMÉRCIO|49626|51357|2 - GASOLINA (LITRO)|10.0|60.9|ID 38048 GASOLINA
94684731|774625|303|02|124390409|-1|2024|6|2 - ABASTECIMENTO EM POSTO / COMÉRCIO|59705|59705|9 - SERVIÇOS|1.0|12044.8|OS 144950_1 REGENERAR FILTROREF FEIXESAJUSTAR BOM
94684732|774555|303|02|124390411|-1|2024|6|2 - ABASTECIMENTO EM POSTO / COMÉRCIO|120092|120249|99 - OUTROS|1.0|95.0|OS 159408_1 CD 354 SILICONE
94684736|774537|303|02|124390406|-1|2024|6|2 - ABASTECIMENTO EM POSTO / COMÉRCIO|20300|20300|9 - SERVIÇOS|1.0|240.0|OS 182860_1 TROCA DA CAIXA DE DIRECAO
94684733|774587|303|02|127231212|-1|2024|6|2 - ABASTECIMENTO EM POSTO / COMÉRCIO|222525|224939|2 - GASOLINA (LITRO)|47.39|283.87|ID 38025 GASOLINA
94684734|774569|303|02|127231184|-1|2024|6|2 - ABASTECIMENTO EM POSTO / COMÉRCIO|8644|9654|2 - GASOLINA (LITRO)|24.97|152.07|ID 37853 GASOLINA
94684735|774638|303|02|127231175|-1|2024|6|2 - ABASTECIMENTO EM POSTO / COMÉRCIO|67737|69602|4 - DIESEL (LITRO)|73.52|491.85|ID 37984 DIESEL S10
94684737|774591|303|02|127231212|-1|2024|6|2 - ABASTECIMENTO EM POSTO / COMÉRCIO|230930|232874|6 - ÓLEO LUBRIFICANTE (LITRO)|3.0|135.0|ID 38186 OS 179970_1 CD 103 OLEO 15W40
94684738|774554|303|02|124390415|-1|2024|6|2 - ABASTECIMENTO EM POSTO / COMÉRCIO|14312|17452|2 - GASOLINA (LITRO)|42.35|257.91|ID 37858 GASOLINA
94684739|774629|303|02|127231175|-1|2024|6|2 - ABASTECIMENTO EM POSTO / COMÉRCIO|6970|7717|8 - PEÇAS|1.0|470.0|OS 180475_1 CD 8 FILTRO DE AR
94684740|774634|303|02|127231212|-1|2024|6|2 - ABASTECIMENTO EM POSTO / COMÉRCIO|307522|307522|8 - PEÇAS|1.0|266.9|OS 181071_1 CD 109 FILTRO DIESEL
94684741|774621|303|02|124390409|-1|2024|6|2 - ABASTECIMENTO EM POSTO / COMÉRCIO|100615|100615|9 - SERVIÇOS|1.0|11100.0|OS 129792_1 REVISAO GERAL E LAVAGEM QUIMICA
94684742|774638|303|02|124841814|-1|2024|6|2 - ABASTECIMENTO EM POSTO / COMÉRCIO|67737|69602|4 - DIESEL (LITRO)|109.16|730.28|ID 37874 DIESEL S10
94684743|774621|303|02|124390409|-1|2024|6|2 - ABASTECIMENTO EM POSTO / COMÉRCIO|100615|100615|8 - PEÇAS|2.0|3564.68|OS 129792_1 CD 832 CATRACA DE FREIO AUTOMATICA TS
94684744|774585|303|02|127231212|-1|2024|6|2 - ABASTECIMENTO EM POSTO / COMÉRCIO|181686|184066|8 - PEÇAS|1.0|55.0|OS 179969_1 CD 1651 TUBO DO FLUXO DE AGUA DO MOTOR
94684745|774630|303|02|127231175|-1|2024|6|2 - ABASTECIMENTO EM POSTO / COMÉRCIO|89410|89410|8 - PEÇAS|1.0|230.0|OS 181335_1 CD 72 FILTRO DE AR SECUNDARIO
94684746|774595|303|02|127231212|-1|2024|6|2 - ABASTECIMENTO EM POSTO / COMÉRCIO|204429|205142|2 - GASOLINA (LITRO)|29.67|177.77|ID 38201 GASOLINA
94684747|774563|303|02|124390415|-1|2024|6|2 - ABASTECIMENTO EM POSTO / COMÉRCIO|89811|90027|8 - PEÇAS|1.0|32.0|OS 168650_1 CD 6 FILTRO DE OLEO
94684748|774584|303|02|127231212|-1|2024|6|2 - ABASTECIMENTO EM POSTO / COMÉRCIO|52623|54995|4 - DIESEL (LITRO)|43.24|265.53|ID 37895 DIESEL S10
94684749|774543|303|02|124390417|-1|2024|6|2 - ABASTECIMENTO EM POSTO / COMÉRCIO|140192|140192|2 - GASOLINA (LITRO)|19.7|120.0|ID 37850 GASOLINA
94684750|774589|303|02|127231212|-1|2024|6|2 - ABASTECIMENTO EM POSTO / COMÉRCIO|68168|69800|2 - GASOLINA (LITRO)|36.36|217.8|ID 37932 GASOLINA
94684751|774624|303|02|127231184|-1|2024|6|2 - ABASTECIMENTO EM POSTO / COMÉRCIO|367668|367875|8 - PEÇAS|2.0|62.4|OS 180045_1 CD 58 LAMPADA H7
94684752|774638|303|02|127231175|-1|2024|6|2 - ABASTECIMENTO EM POSTO / COMÉRCIO|67737|69602|4 - DIESEL (LITRO)|64.15|429.16|ID 37985 DIESEL S10
94684753|774597|303|02|124390417|-1|2024|6|2 - ABASTECIMENTO EM POSTO / COMÉRCIO|78279|78785|1 - ÁLCOOL (LITRO)|50.76|221.31|ID 37970 ALCCOL AUTOMOTIVO
94684754|774619|303|02|124390409|-1|2024|6|2 - ABASTECIMENTO EM POSTO / COMÉRCIO|26700|27610|9 - SERVIÇOS|1.0|21180.0|OS 146105_1 GUINCHORASTREIOREPARO MOTORELETRICO
94684755|774657|303|02|124390409|-1|2024|6|2 - ABASTECIMENTO EM POSTO / COMÉRCIO|0|0|8 - PEÇAS|1.0|1635.42|OS 130841_1 CD 1566 TUBO DIESEL DA BOMBA DE ALTA P
94684756|774587|303|02|127231212|-1|2024|6|2 - ABASTECIMENTO EM POSTO / COMÉRCIO|222525|224939|6 - ÓLEO LUBRIFICANTE (LITRO)|3.0|117.0|ID 38187 OS 179974_1 CD 103 OLEO 15W40
94684757|774593|303|02|124841798|-1|2024|6|2 - ABASTECIMENTO EM POSTO / COMÉRCIO|62917|63195|2 - GASOLINA (LITRO)|46.46|282.94|ID 38124 GASOLINA
94684758|774650|303|02|124841798|-1|2024|6|2 - ABASTECIMENTO EM POSTO / COMÉRCIO|0|0|4 - DIESEL (LITRO)|115.28|771.22|ID 38066 DIESEL S10
94684759|774577|303|02|127231212|-1|2024|6|2 - ABASTECIMENTO EM POSTO / COMÉRCIO|45121|46447|8 - PEÇAS|1.0|998.0|OS 174194_1 CD 1650 PNEU 22560 R18
94684760|774542|303|02|127231212|-1|2024|6|2 - ABASTECIMENTO EM POSTO / COMÉRCIO|243733|244910|2 - GASOLINA (LITRO)|35.59|216.74|ID 37885 GASOLINA
94684761|774550|303|02|124390409|-1|2024|6|2 - ABASTECIMENTO EM POSTO / COMÉRCIO|237296|237296|6 - ÓLEO LUBRIFICANTE (LITRO)|2.0|70.0|ID 38165 OS 143006_1 CD 564 OLEO PARA TRASNMISSAO
94684762|774555|303|02|124390411|-1|2024|6|2 - ABASTECIMENTO EM POSTO / COMÉRCIO|120092|120249|8 - PEÇAS|4.0|140.0|OS 159408_1 CD 201 VELA DE IGNICAO
94684763|774545|303|02|124390411|-1|2024|6|2 - ABASTECIMENTO EM POSTO / COMÉRCIO|212650|213082|2 - GASOLINA (LITRO)|22.14|134.83|ID 37863 GASOLINA
94684764|774644|303|02|127231175|-1|2024|6|2 - ABASTECIMENTO EM POSTO / COMÉRCIO|77890|80693|99 - OUTROS|2.0|484.0|OS 179980_1 CD 1003 ARLA 32 GALAO 20 LITROS
94684765|774544|303|02|127231212|-1|2024|6|2 - ABASTECIMENTO EM POSTO / COMÉRCIO|61405|63640|2 - GASOLINA (LITRO)|18.78|116.25|ID 37946 GASOLINA
94684766|774634|303|02|127231212|-1|2024|6|2 - ABASTECIMENTO EM POSTO / COMÉRCIO|307522|307522|9 - SERVIÇOS|1.0|870.0|OS 179774_1 MONTAGEM DE PNEUS
94684767|774579|303|02|127231212|-1|2024|6|2 - ABASTECIMENTO EM POSTO / COMÉRCIO|102095|103965|4 - DIESEL (LITRO)|39.42|263.72|ID 37890 DIESEL S10
94684768|774573|303|02|127231212|-1|2024|6|2 - ABASTECIMENTO EM POSTO / COMÉRCIO|85787|88621|2 - GASOLINA (LITRO)|29.66|177.66|ID 37925 GASOLINA
94684769|774641|303|02|127231212|-1|2024|6|2 - ABASTECIMENTO EM POSTO / COMÉRCIO|195099|197839|9 - SERVIÇOS|1.0|200.0|OS 179978_1 MONTAGEM DE PNEUS
94684770|774585|303|02|127231212|-1|2024|6|2 - ABASTECIMENTO EM POSTO / COMÉRCIO|181686|184066|2 - GASOLINA (LITRO)|48.98|298.29|ID 37910 GASOLINA
94684771|774649|303|02|124390409|-1|2024|6|2 - ABASTECIMENTO EM POSTO / COMÉRCIO|0|0|8 - PEÇAS|1.0|359.75|OS 135866_1 CD 109 FILTRO DIESEL
94684772|774585|303|02|127231212|-1|2024|6|2 - ABASTECIMENTO EM POSTO / COMÉRCIO|181686|184066|2 - GASOLINA (LITRO)|41.57|253.16|ID 37913 GASOLINA
94684773|774618|303|02|124390409|-1|2024|6|2 - ABASTECIMENTO EM POSTO / COMÉRCIO|0|0|99 - OUTROS|1.0|246.32|OS 132620_1 CD 516 MANOPLA DA ALAVANCA DE CAMBIO
94684774|774542|303|02|127231212|-1|2024|6|2 - ABASTECIMENTO EM POSTO / COMÉRCIO|243733|244910|2 - GASOLINA (LITRO)|25.73|156.7|ID 37886 GASOLINA
94684775|774626|303|02|124841798|-1|2024|6|2 - ABASTECIMENTO EM POSTO / COMÉRCIO|3928|5340|4 - DIESEL (LITRO)|90.76|607.18|ID 38135 DIESEL S10
94684779|774626|303|02|124841798|-1|2024|6|2 - ABASTECIMENTO EM POSTO / COMÉRCIO|3928|5340|4 - DIESEL (LITRO)|72.5|485.02|ID 38134 DIESEL S10
94684776|774537|303|02|124390406|-1|2024|6|2 - ABASTECIMENTO EM POSTO / COMÉRCIO|20300|20300|8 - PEÇAS|3.0|3.0|OS 174213_1 CD 1635 FUSIVEL DUPLA RESISTENCIA
94684777|774561|303|02|127231212|-1|2024|6|2 - ABASTECIMENTO EM POSTO / COMÉRCIO|49626|51357|2 - GASOLINA (LITRO)|34.0|203.66|ID 38046 GASOLINA
94684778|774626|303|02|124841798|-1|2024|6|2 - ABASTECIMENTO EM POSTO / COMÉRCIO|3928|5340|4 - DIESEL (LITRO)|83.68|559.82|ID 38136 DIESEL S10
94684780|774540|303|02|124390411|-1|2024|6|2 - ABASTECIMENTO EM POSTO / COMÉRCIO|5361|5361|2 - GASOLINA (LITRO)|43.79|266.68|ID 37869 GASOLINA
94684781|774547|303|02|127231212|-1|2024|6|2 - ABASTECIMENTO EM POSTO / COMÉRCIO|35661|39560|2 - GASOLINA (LITRO)|29.8|187.49|ID 38061 GASOLINA
94684782|774541|303|02|127231212|-1|2024|6|2 - ABASTECIMENTO EM POSTO / COMÉRCIO|61357|64049|2 - GASOLINA (LITRO)|24.74|150.67|ID 38044 GASOLINA
94684783|774568|303|02|127231212|-1|2024|6|2 - ABASTECIMENTO EM POSTO / COMÉRCIO|213809|214700|2 - GASOLINA (LITRO)|32.35|197.01|ID 37907 GASOLINA
94684784|774544|303|02|127231212|-1|2024|6|2 - ABASTECIMENTO EM POSTO / COMÉRCIO|61405|63640|8 - PEÇAS|1.0|62.0|OS 181070_1 CD 712 PORCA DA HOMOCINETICA
94684785|774644|303|02|124841814|-1|2024|6|2 - ABASTECIMENTO EM POSTO / COMÉRCIO|77890|80693|4 - DIESEL (LITRO)|81.21|543.29|ID 37873 DIESEL S10
94684786|774544|303|02|127231212|-1|2024|6|2 - ABASTECIMENTO EM POSTO / COMÉRCIO|61405|63640|8 - PEÇAS|1.0|159.12|OS 181070_1 CD 184 BIELETA
94684787|774658|303|02|124390409|-1|2024|6|2 - ABASTECIMENTO EM POSTO / COMÉRCIO|0|0|9 - SERVIÇOS|1.0|7298.4|OS 132667_1 SOCORROREPARO MOTORFUNILARIABORRACHAR
94684788|774561|303|02|127231212|-1|2024|6|2 - ABASTECIMENTO EM POSTO / COMÉRCIO|49626|51357|2 - GASOLINA (LITRO)|27.01|161.79|ID 37942 GASOLINA
94684789|774584|303|02|127231212|-1|2024|6|2 - ABASTECIMENTO EM POSTO / COMÉRCIO|52623|54995|4 - DIESEL (LITRO)|34.4|211.24|ID 38008 DIESEL S10
94684790|774611|303|02|124390409|-1|2024|6|2 - ABASTECIMENTO EM POSTO / COMÉRCIO|0|0|8 - PEÇAS|1.0|398.46|OS 132272_1 CD 316 MANGUEIRA HIDRAULICA
94684791|774591|303|02|127231212|-1|2024|6|2 - ABASTECIMENTO EM POSTO / COMÉRCIO|230930|232874|2 - GASOLINA (LITRO)|29.26|182.63|ID 37919 GASOLINA
94684792|774561|303|02|127231212|-1|2024|6|2 - ABASTECIMENTO EM POSTO / COMÉRCIO|49626|51357|2 - GASOLINA (LITRO)|35.07|210.07|ID 37943 GASOLINA
94684793|774579|303|02|127231212|-1|2024|6|2 - ABASTECIMENTO EM POSTO / COMÉRCIO|102095|103965|4 - DIESEL (LITRO)|19.26|128.85|ID 38001 DIESEL S10
94684794|774542|303|02|127231212|-1|2024|6|2 - ABASTECIMENTO EM POSTO / COMÉRCIO|243733|244910|2 - GASOLINA (LITRO)|21.65|131.85|ID 37887 GASOLINA
94684795|774628|303|02|124841798|-1|2024|6|2 - ABASTECIMENTO EM POSTO / COMÉRCIO|0|0|4 - DIESEL (LITRO)|69.93|467.83|ID 38133 DIESEL S10
94684796|774584|303|02|127231212|-1|2024|6|2 - ABASTECIMENTO EM POSTO / COMÉRCIO|52623|54995|8 - PEÇAS|1.0|590.0|OS 180513_1 CD 60 FILTRO DE COMBUSTIVEL
94684797|774650|303|02|124841798|-1|2024|6|2 - ABASTECIMENTO EM POSTO / COMÉRCIO|0|0|4 - DIESEL (LITRO)|146.05|977.07|ID 38074 DIESEL S10
94684798|774537|303|02|124390406|-1|2024|6|2 - ABASTECIMENTO EM POSTO / COMÉRCIO|20300|20300|8 - PEÇAS|1.0|1590.0|OS 182860_1 CD 1229 CAIXA DE DIRECAO
94684799|774589|303|02|127231212|-1|2024|6|2 - ABASTECIMENTO EM POSTO / COMÉRCIO|68168|69800|6 - ÓLEO LUBRIFICANTE (LITRO)|2.0|84.0|ID 38190 OS 179979_1 CD 564 OLEO PARA TRASNMISSAO
94684800|774589|303|02|127231212|-1|2024|6|2 - ABASTECIMENTO EM POSTO / COMÉRCIO|68168|69800|2 - GASOLINA (LITRO)|26.43|158.32|ID 38038 GASOLINA
94684801|774537|303|02|124390406|-1|2024|6|2 - ABASTECIMENTO EM POSTO / COMÉRCIO|20300|20300|6 - ÓLEO LUBRIFICANTE (LITRO)|3.0|72.0|ID 38151 OS 174213_1 CD 422 OLEO SAE 90 PARA CAIXA
94684802|774573|303|02|127231212|-1|2024|6|2 - ABASTECIMENTO EM POSTO / COMÉRCIO|85787|88621|2 - GASOLINA (LITRO)|29.56|184.51|ID 38033 GASOLINA
94684803|774585|303|02|127231212|-1|2024|6|2 - ABASTECIMENTO EM POSTO / COMÉRCIO|181686|184066|2 - GASOLINA (LITRO)|35.15|219.39|ID 38022 GASOLINA
94684804|774611|303|02|124390409|-1|2024|6|2 - ABASTECIMENTO EM POSTO / COMÉRCIO|0|0|9 - SERVIÇOS|1.0|10265.0|OS 132272_1 TROCA DE OLEOFILTROSSOCORROTRANSMISSA
94684805|774641|303|02|127231212|-1|2024|6|2 - ABASTECIMENTO EM POSTO / COMÉRCIO|195099|197839|4 - DIESEL (LITRO)|87.61|542.34|ID 38013 DIESEL S10
94684806|774549|303|02|124390409|-1|2024|6|2 - ABASTECIMENTO EM POSTO / COMÉRCIO|116814|117016|2 - GASOLINA (LITRO)|19.08|116.2|ID 37847 GASOLINA
94684807|774547|303|02|127231212|-1|2024|6|2 - ABASTECIMENTO EM POSTO / COMÉRCIO|35661|39560|2 - GASOLINA (LITRO)|34.61|207.31|ID 38060 GASOLINA
94684808|774629|303|02|127231175|-1|2024|6|2 - ABASTECIMENTO EM POSTO / COMÉRCIO|6970|7717|8 - PEÇAS|1.0|210.5|OS 180475_1 CD 6 FILTRO DE OLEO
94684809|774599|303|02|127231212|-1|2024|6|2 - ABASTECIMENTO EM POSTO / COMÉRCIO|97334|98730|4 - DIESEL (LITRO)|55.41|370.69|ID 37922 DIESEL S10
94684810|774587|303|02|127231212|-1|2024|6|2 - ABASTECIMENTO EM POSTO / COMÉRCIO|222525|224939|9 - SERVIÇOS|1.0|510.0|OS 179974_1 REPAROS ELETRICOSMOTOR E MONTAGEM PNEU
94684811|774644|303|02|127231175|-1|2024|6|2 - ABASTECIMENTO EM POSTO / COMÉRCIO|77890|80693|8 - PEÇAS|1.0|210.5|OS 181181_1 CD 6 FILTRO DE OLEO
94684812|774547|303|02|127231212|-1|2024|6|2 - ABASTECIMENTO EM POSTO / COMÉRCIO|35661|39560|2 - GASOLINA (LITRO)|33.08|204.77|ID 38063 GASOLINA
94684813|774591|303|02|127231212|-1|2024|6|2 - ABASTECIMENTO EM POSTO / COMÉRCIO|230930|232874|8 - PEÇAS|1.0|340.0|OS 179970_1 CD 1053 COXIM
94684814|774623|303|02|124841798|-1|2024|6|2 - ABASTECIMENTO EM POSTO / COMÉRCIO|33260|33975|4 - DIESEL (LITRO)|121.36|811.9|ID 38128 DIESEL S10
94684815|774587|303|02|127231212|-1|2024|6|2 - ABASTECIMENTO EM POSTO / COMÉRCIO|222525|224939|2 - GASOLINA (LITRO)|36.61|222.95|ID 37915 GASOLINA
94684816|774587|303|02|127231212|-1|2024|6|2 - ABASTECIMENTO EM POSTO / COMÉRCIO|222525|224939|99 - OUTROS|1.0|30.0|OS 179974_1 CD 923 CHICOTE
94684817|774583|303|02|124841798|-1|2024|6|2 - ABASTECIMENTO EM POSTO / COMÉRCIO|22911|24002|4 - DIESEL (LITRO)|60.24|403.01|ID 38126 DIESEL S10
94684818|774587|303|02|127231212|-1|2024|6|2 - ABASTECIMENTO EM POSTO / COMÉRCIO|222525|224939|8 - PEÇAS|1.0|12.0|OS 179974_1 CD 432 LAMPADA 69 24V
94684819|774573|303|02|127231212|-1|2024|6|2 - ABASTECIMENTO EM POSTO / COMÉRCIO|85787|88621|2 - GASOLINA (LITRO)|30.53|185.93|ID 38034 GASOLINA
94684823|774624|303|02|127231184|-1|2024|6|2 - ABASTECIMENTO EM POSTO / COMÉRCIO|367668|367875|8 - PEÇAS|1.0|286.0|OS 180045_1 CD 121 AMORTECEDOR DIANTEIRO LD
94684820|774584|303|02|127231212|-1|2024|6|2 - ABASTECIMENTO EM POSTO / COMÉRCIO|52623|54995|8 - PEÇAS|1.0|148.0|OS 180513_1 CD 8 FILTRO DE AR
94684821|774650|303|02|124841798|-1|2024|6|2 - ABASTECIMENTO EM POSTO / COMÉRCIO|0|0|4 - DIESEL (LITRO)|137.18|917.73|ID 38084 DIESEL S10
94684822|774585|303|02|127231212|-1|2024|6|2 - ABASTECIMENTO EM POSTO / COMÉRCIO|181686|184066|2 - GASOLINA (LITRO)|44.41|266.02|ID 38023 GASOLINA
94684824|774650|303|02|124841798|-1|2024|6|2 - ABASTECIMENTO EM POSTO / COMÉRCIO|0|0|4 - DIESEL (LITRO)|132.46|886.16|ID 38081 DIESEL S10
94684825|774650|303|02|124390409|-1|2024|6|2 - ABASTECIMENTO EM POSTO / COMÉRCIO|0|0|8 - PEÇAS|2.0|3195.06|OS 113669_1 CD 1636 CAMARA DE AR 17525
94684826|774591|303|02|127231212|-1|2024|6|2 - ABASTECIMENTO EM POSTO / COMÉRCIO|230930|232874|8 - PEÇAS|1.0|58.0|OS 179970_1 CD 6 FILTRO DE OLEO
94684827|774611|303|02|124390409|-1|2024|6|2 - ABASTECIMENTO EM POSTO / COMÉRCIO|0|0|8 - PEÇAS|2.0|1186.82|OS 132272_1 CD 929 CAMARA DE AR 1000 1612
94684828|774658|303|02|124390409|-1|2024|6|2 - ABASTECIMENTO EM POSTO / COMÉRCIO|0|0|8 - PEÇAS|2.0|1132.1|OS 132667_1 CD 1641 SUPORTE DO ESPELHO RETROVISOR
94684829|774554|303|02|124390415|-1|2024|6|2 - ABASTECIMENTO EM POSTO / COMÉRCIO|14312|17452|2 - GASOLINA (LITRO)|39.27|239.15|ID 37859 GASOLINA
94684830|774648|303|02|124390409|-1|2024|6|2 - ABASTECIMENTO EM POSTO / COMÉRCIO|0|0|9 - SERVIÇOS|1.0|20351.6|OS 132670_1 REPAROS SUSPENSAODIRECAOSIST HIDRALIC
94684831|774561|303|02|127231212|-1|2024|6|2 - ABASTECIMENTO EM POSTO / COMÉRCIO|49626|51357|8 - PEÇAS|1.0|220.3|OS 180504_1 CD 417 PASTILHA DE FREIO DIANTEIRA
94684832|774544|303|02|127231212|-1|2024|6|2 - ABASTECIMENTO EM POSTO / COMÉRCIO|61405|63640|8 - PEÇAS|2.0|16.0|OS 179977_1 CD 76 ABRACADEIRA
94684833|774606|303|02|124841798|-1|2024|6|2 - ABASTECIMENTO EM POSTO / COMÉRCIO|112771|113962|2 - GASOLINA (LITRO)|34.29|208.83|ID 38090 GASOLINA
94684834|774555|303|02|124390411|-1|2024|6|2 - ABASTECIMENTO EM POSTO / COMÉRCIO|120092|120249|8 - PEÇAS|1.0|200.0|OS 159408_1 CD 1401 BIELA DO MOTOR
94684835|774624|303|02|127231184|-1|2024|6|2 - ABASTECIMENTO EM POSTO / COMÉRCIO|367668|367875|8 - PEÇAS|2.0|180.0|OS 180045_1 CD 794 LAMPADA TORPEDO
94684836|774624|303|02|127231184|-1|2024|6|2 - ABASTECIMENTO EM POSTO / COMÉRCIO|367668|367875|4 - DIESEL (LITRO)|68.29|450.03|ID 37851 OLEO DIESEL
94684837|774544|303|02|127231212|-1|2024|6|2 - ABASTECIMENTO EM POSTO / COMÉRCIO|61405|63640|2 - GASOLINA (LITRO)|30.57|186.17|ID 37945 GASOLINA
94684838|774545|303|02|124390411|-1|2024|6|2 - ABASTECIMENTO EM POSTO / COMÉRCIO|212650|213082|2 - GASOLINA (LITRO)|24.11|146.83|ID 37975 GASOLINA
94684839|774584|303|02|127231212|-1|2024|6|2 - ABASTECIMENTO EM POSTO / COMÉRCIO|52623|54995|9 - SERVIÇOS|1.0|60.0|OS 174603_1 MONTAGEM DE PNEUS
94684840|774541|303|02|127231212|-1|2024|6|2 - ABASTECIMENTO EM POSTO / COMÉRCIO|61357|64049|2 - GASOLINA (LITRO)|14.52|88.43|ID 38042 GASOLINA
94684841|774641|303|02|127231212|-1|2024|6|2 - ABASTECIMENTO EM POSTO / COMÉRCIO|195099|197839|8 - PEÇAS|1.0|1578.46|OS 181180_1 CD 326 CHAVE DE SETA
94684842|774611|303|02|124390409|-1|2024|6|2 - ABASTECIMENTO EM POSTO / COMÉRCIO|0|0|6 - ÓLEO LUBRIFICANTE (LITRO)|10.0|633.3|ID 38158 OS 132272_1 CD 103 OLEO 15W40
94684843|774647|303|02|124390409|-1|2024|6|2 - ABASTECIMENTO EM POSTO / COMÉRCIO|0|0|8 - PEÇAS|1.0|495.34|OS 129791_1 CD 1638 REPARO DA ELEVACAO LATERAL
94684844|774638|303|02|124841814|-1|2024|6|2 - ABASTECIMENTO EM POSTO / COMÉRCIO|67737|69602|4 - DIESEL (LITRO)|95.17|636.69|ID 37877 DIESEL S10
94684845|774544|303|02|127231212|-1|2024|6|2 - ABASTECIMENTO EM POSTO / COMÉRCIO|61405|63640|2 - GASOLINA (LITRO)|14.0|87.39|ID 38054 GASOLINA
94684846|774652|303|02|124390411|-1|2024|6|2 - ABASTECIMENTO EM POSTO / COMÉRCIO|6982|7262|4 - DIESEL (LITRO)|52.34|350.15|ID 37972 DIESEL S10
94684847|774652|303|02|124390411|-1|2024|6|2 - ABASTECIMENTO EM POSTO / COMÉRCIO|6982|7262|4 - DIESEL (LITRO)|16.11|107.78|ID 37868 DIESEL S10
94684848|774541|303|02|127231212|-1|2024|6|2 - ABASTECIMENTO EM POSTO / COMÉRCIO|61357|64049|9 - SERVIÇOS|1.0|170.0|OS 180484_1 MONTAGEM DE PNEUS ALINHAR E BALANCEAR
94684849|774541|303|02|127231212|-1|2024|6|2 - ABASTECIMENTO EM POSTO / COMÉRCIO|61357|64049|2 - GASOLINA (LITRO)|23.45|142.81|ID 37940 GASOLINA
94684850|774658|303|02|124390409|-1|2024|6|2 - ABASTECIMENTO EM POSTO / COMÉRCIO|0|0|8 - PEÇAS|2.0|15136.48|OS 132667_1 CD 1037 PNEU 1400X24
94684851|774577|303|02|127231212|-1|2024|6|2 - ABASTECIMENTO EM POSTO / COMÉRCIO|45121|46447|4 - DIESEL (LITRO)|50.45|337.51|ID 38056 DIESEL S10
94684852|774641|303|02|127231212|-1|2024|6|2 - ABASTECIMENTO EM POSTO / COMÉRCIO|195099|197839|8 - PEÇAS|1.0|266.9|OS 181180_1 CD 109 FILTRO DIESEL
94684853|774541|303|02|127231212|-1|2024|6|2 - ABASTECIMENTO EM POSTO / COMÉRCIO|61357|64049|2 - GASOLINA (LITRO)|18.17|108.84|ID 37937 GASOLINA
94684854|774591|303|02|127231212|-1|2024|6|2 - ABASTECIMENTO EM POSTO / COMÉRCIO|230930|232874|2 - GASOLINA (LITRO)|27.16|162.7|ID 37917 GASOLINA
94684855|774555|303|02|124390411|-1|2024|6|2 - ABASTECIMENTO EM POSTO / COMÉRCIO|120092|120249|8 - PEÇAS|1.0|220.0|OS 159408_1 CD 729 CASQUILHO DE MANCAL
94684856|774623|303|02|124841798|-1|2024|6|2 - ABASTECIMENTO EM POSTO / COMÉRCIO|33260|33975|4 - DIESEL (LITRO)|97.39|651.54|ID 38130 DIESEL S10
94684857|774568|303|02|127231212|-1|2024|6|2 - ABASTECIMENTO EM POSTO / COMÉRCIO|213809|214700|9 - SERVIÇOS|1.0|200.0|OS 174195_1 TROCA DE ALAVANCA DO FREIO ESTACIONARI
94684858|774612|303|02|124841798|-1|2024|6|2 - ABASTECIMENTO EM POSTO / COMÉRCIO|0|0|2 - GASOLINA (LITRO)|10.04|61.2|ID 38113 GASOLINA
94684859|774630|303|02|127231175|-1|2024|6|2 - ABASTECIMENTO EM POSTO / COMÉRCIO|89410|89410|8 - PEÇAS|1.0|470.0|OS 181335_1 CD 8 FILTRO DE AR
94684860|774587|303|02|127231212|-1|2024|6|2 - ABASTECIMENTO EM POSTO / COMÉRCIO|222525|224939|8 - PEÇAS|1.0|30.0|OS 179974_1 CD 6 FILTRO DE OLEO
94684861|774579|303|02|127231212|-1|2024|6|2 - ABASTECIMENTO EM POSTO / COMÉRCIO|102095|103965|4 - DIESEL (LITRO)|30.67|205.18|ID 37889 DIESEL S10
94684862|774591|303|02|127231212|-1|2024|6|2 - ABASTECIMENTO EM POSTO / COMÉRCIO|230930|232874|8 - PEÇAS|2.0|358.0|OS 179970_1 CD 600 TRIZETA DO SEMIEIXO
94684863|774553|303|02|127231212|-1|2024|6|2 - ABASTECIMENTO EM POSTO / COMÉRCIO|125854|126377|2 - GASOLINA (LITRO)|35.2|214.37|ID 37883 GASOLINA
94684867|774621|303|02|124390409|-1|2024|6|2 - ABASTECIMENTO EM POSTO / COMÉRCIO|100615|100615|8 - PEÇAS|1.0|1493.27|OS 129792_1 CD 1413 VALVULA DO FREIO DE MAO
94684864|774547|303|02|127231212|-1|2024|6|2 - ABASTECIMENTO EM POSTO / COMÉRCIO|35661|39560|2 - GASOLINA (LITRO)|36.37|233.67|ID 37953 GASOLINA
94684865|774558|303|02|127231212|-1|2024|6|2 - ABASTECIMENTO EM POSTO / COMÉRCIO|82541|85211|8 - PEÇAS|2.0|90.0|OS 179981_1 CD 6 FILTRO DE OLEO
94684866|774650|303|02|124841798|-1|2024|6|2 - ABASTECIMENTO EM POSTO / COMÉRCIO|0|0|4 - DIESEL (LITRO)|119.66|800.53|ID 38069 DIESEL S10
94684868|774623|303|02|124390409|-1|2024|6|2 - ABASTECIMENTO EM POSTO / COMÉRCIO|33260|33975|8 - PEÇAS|1.0|3679.62|OS 124914_1 CD 664 MOLA MESTRE TRASEIRA
94684869|774555|303|02|124390411|-1|2024|6|2 - ABASTECIMENTO EM POSTO / COMÉRCIO|120092|120249|8 - PEÇAS|1.0|198.0|OS 159408_1 CD 593 KIT DE RETIFICACAO DO MOTOR
94684870|774569|303|02|127231184|-1|2024|6|2 - ABASTECIMENTO EM POSTO / COMÉRCIO|8644|9654|2 - GASOLINA (LITRO)|29.01|176.67|ID 37960 GASOLINA
94684366|774567|303|02|124390411|-1|2024|6|2 - ABASTECIMENTO EM POSTO / COMÉRCIO|59159|60101|2 - GASOLINA (LITRO)|31.74|193.3|ID 37862 GASOLINA
94684363|774584|303|02|127231212|-1|2024|6|2 - ABASTECIMENTO EM POSTO / COMÉRCIO|52623|54995|4 - DIESEL (LITRO)|35.19|216.12|ID 38005 DIESEL S10
94684364|774551|303|02|124841798|-1|2024|6|2 - ABASTECIMENTO EM POSTO / COMÉRCIO|193162|193162|2 - GASOLINA (LITRO)|18.03|109.8|ID 38099 GASOLINA
94684365|774591|303|02|127231212|-1|2024|6|2 - ABASTECIMENTO EM POSTO / COMÉRCIO|230930|232874|2 - GASOLINA (LITRO)|30.55|183.02|ID 38028 GASOLINA
94684367|774650|303|02|124841798|-1|2024|6|2 - ABASTECIMENTO EM POSTO / COMÉRCIO|0|0|4 - DIESEL (LITRO)|112.39|751.89|ID 38071 DIESEL S10
94684368|774544|303|02|127231212|-1|2024|6|2 - ABASTECIMENTO EM POSTO / COMÉRCIO|61405|63640|9 - SERVIÇOS|1.0|110.0|OS 179977_1 REPAROS E TROCA DE PNEUS
94684369|774619|303|02|124841798|-1|2024|6|2 - ABASTECIMENTO EM POSTO / COMÉRCIO|26700|27610|4 - DIESEL (LITRO)|154.87|1020.59|ID 38116 DIESEL S10
94684370|774647|303|02|124390409|-1|2024|6|2 - ABASTECIMENTO EM POSTO / COMÉRCIO|0|0|99 - OUTROS|8.0|213.84|OS 129791_1 CD 249 ARRUELA DE VEDACAO
94684371|774573|303|02|127231212|-1|2024|6|2 - ABASTECIMENTO EM POSTO / COMÉRCIO|85787|88621|2 - GASOLINA (LITRO)|26.39|160.72|ID 38035 GASOLINA
94684372|774547|303|02|127231212|-1|2024|6|2 - ABASTECIMENTO EM POSTO / COMÉRCIO|35661|39560|2 - GASOLINA (LITRO)|39.88|246.86|ID 37951 GASOLINA
94684373|774587|303|02|127231212|-1|2024|6|2 - ABASTECIMENTO EM POSTO / COMÉRCIO|222525|224939|99 - OUTROS|1.0|6.0|OS 179974_1 CD 595 PRESILHA DE FIXACAO
94684374|774558|303|02|127231212|-1|2024|6|2 - ABASTECIMENTO EM POSTO / COMÉRCIO|82541|85211|9 - SERVIÇOS|1.0|60.0|OS 174605_1 MONTAGEM DE PNEUS
94684375|774557|303|02|124390411|-1|2024|6|2 - ABASTECIMENTO EM POSTO / COMÉRCIO|291368|291368|2 - GASOLINA (LITRO)|35.0|209.65|ID 38199 GASOLINA
94684376|774591|303|02|127231212|-1|2024|6|2 - ABASTECIMENTO EM POSTO / COMÉRCIO|230930|232874|2 - GASOLINA (LITRO)|51.67|314.67|ID 37920 GASOLINA
94684377|774634|303|02|127231212|-1|2024|6|2 - ABASTECIMENTO EM POSTO / COMÉRCIO|307522|307522|8 - PEÇAS|1.0|336.97|OS 181071_1 CD 8 FILTRO DE AR
94684378|774547|303|02|127231212|-1|2024|6|2 - ABASTECIMENTO EM POSTO / COMÉRCIO|35661|39560|2 - GASOLINA (LITRO)|21.94|136.96|ID 37954 GASOLINA
94684379|774630|303|02|127231175|-1|2024|6|2 - ABASTECIMENTO EM POSTO / COMÉRCIO|89410|89410|8 - PEÇAS|1.0|266.9|OS 181335_1 CD 60 FILTRO DE COMBUSTIVEL
94684380|774591|303|02|127231212|-1|2024|6|2 - ABASTECIMENTO EM POSTO / COMÉRCIO|230930|232874|8 - PEÇAS|1.0|90.0|OS 179970_1 CD 8 FILTRO DE AR
94684381|774647|303|02|124390409|-1|2024|6|2 - ABASTECIMENTO EM POSTO / COMÉRCIO|0|0|9 - SERVIÇOS|1.0|22427.6|OS 129791_1 MANUTECAO E REFORMA DO EQUIPAMENTO
94684382|774541|303|02|127231212|-1|2024|6|2 - ABASTECIMENTO EM POSTO / COMÉRCIO|61357|64049|2 - GASOLINA (LITRO)|32.1|195.49|ID 38043 GASOLINA
93212699|780172|302|01|-1|17465357|2024|2|2 - ABASTECIMENTO EM POSTO / COMÉRCIO|75263|76859|2 - GASOLINA (LITRO)|35.149|200.0|IDENTIFICADOR: 1029
93212700|780172|302|01|124545596|-1|2024|2|2 - ABASTECIMENTO EM POSTO / COMÉRCIO|75263|76859|2 - GASOLINA (LITRO)|51.319|307.4|IDENTIFICADOR: 1045
93212701|780172|302|01|-1|17465357|2024|2|2 - ABASTECIMENTO EM POSTO / COMÉRCIO|75263|76859|2 - GASOLINA (LITRO)|48.48|290.39|IDENTIFICADOR: 1032
93212702|780172|302|01|-1|17465357|2024|2|2 - ABASTECIMENTO EM POSTO / COMÉRCIO|75263|76859|2 - GASOLINA (LITRO)|43.574|261.0|IDENTIFICADOR: 1039
93212703|780172|302|01|-1|17465357|2024|2|2 - ABASTECIMENTO EM POSTO / COMÉRCIO|75263|76859|2 - GASOLINA (LITRO)|38.722|231.94|IDENTIFICADOR: 1035
