seq_julgamento|seq_item_licitacao|seq_licitacao|seq_orgao|cod_orgao|num_ano_referencia|num_mes_referencia|num_lote|dsc_lote|num_item|dsc_item|vlr_unitario|num_quant_item|vlr_perc_desconto|vlr_perc_taxa_adm|vlr_global|dsc_ind_desonera_folha|num_doc_licitante|nom_licitante
143562261|47012473|1440783|304|03|2024|12|23|LOTE 23|23|LUVA SIMPLES PVC SOLD. 20MM|0.21|2000.0|0.0|0.0|0.0||41664871000197|POLYVIN PLASTICOS E DERIVADOS LTDA
143562262|47012484|1440783|304|03|2024|12|35|LOTE 35|35|LUVA REDUCAO PVC SOLD.85X75MM|22.0|10.0|0.0|0.0|0.0||41664871000197|POLYVIN PLASTICOS E DERIVADOS LTDA
143562263|47012495|1440783|304|03|2024|12|58|LOTE 58|58|TE PVC PB OCRE D150MM ESGOTO COM OS ANEIS DE BORRACHA|76.74|50.0|0.0|0.0|0.0||35302323000114|HIDROTEL COMERCIO E SERVICOS LTDA
143562264|47012481|1440783|304|03|2024|12|22|LOTE 22|22|"JOELHO PVC ROSCA 1/2"" X 90 GR"|0.96|60.0|0.0|0.0|0.0||05931197000104|G2 MATERIAIS HIDRAULICOS LTDA
143562265|47012486|1440783|304|03|2024|12|44|LOTE 44|44|CAP PVC RIGIDO JE DN100MM|3.8|30.0|0.0|0.0|0.0||41664871000197|POLYVIN PLASTICOS E DERIVADOS LTDA
143562266|47012483|1440783|304|03|2024|12|34|LOTE 34|34|LUVA REDUCAO PVC SOLD.75X60MM|8.5|15.0|0.0|0.0|0.0||41664871000197|POLYVIN PLASTICOS E DERIVADOS LTDA
143562267|47012456|1440783|304|03|2024|12|10|LOTE 10|10|"ADAPTADOR PVC LR 20MM X 1/2"""|0.27|3000.0|0.0|0.0|0.0||41664871000197|POLYVIN PLASTICOS E DERIVADOS LTDA
143562268|47012461|1440783|304|03|2024|12|29|LOTE 29|29|"LUVA PVC LR 25MM X 3/4"""|0.65|250.0|0.0|0.0|0.0||41664871000197|POLYVIN PLASTICOS E DERIVADOS LTDA
143562269|47012493|1440783|304|03|2024|12|62|LOTE 62|62|TUBO ACO GALV.COM COSTURA 1|196.0|10.0|0.0|0.0|0.0||66832825000342|HIDROTAM COMERCIO DE TUBOS E CONEXOES LTDA
143562270|47012487|1440783|304|03|2024|12|42|LOTE 42|42|TUBO PVC OCRE JEI DN100MMX6M|76.0|650.0|0.0|0.0|0.0||41664871000197|POLYVIN PLASTICOS E DERIVADOS LTDA
143562271|47012521|1440783|304|03|2024|12|3|LOTE 3|3|TUBO PVC RIGIDO DN100CLAS20 CLASSE 20 ABNT NBR 5647 NBR 6588|245.0|90.0|0.0|0.0|0.0||41664871000197|POLYVIN PLASTICOS E DERIVADOS LTDA
143562272|47012519|1440783|304|03|2024|12|73|LOTE 73|73|TE GALVANIZADO DN 125MM NBR NM ISO 71 NBR 6943 NBR 5580 NBR 6323 ROSCAS INTERNAS|11.4|80.0|0.0|0.0|0.0||05931197000104|G2 MATERIAIS HIDRAULICOS LTDA
143562273|47012512|1440783|304|03|2024|12|65|LOTE 65|65|BUCHA DE REDUCAO GALVANIZADO 34X12 NBR NM ISO 71 NBR 6943 NBR 5580 NBR 6323|3.99|80.0|0.0|0.0|0.0||05931197000104|G2 MATERIAIS HIDRAULICOS LTDA
143562274|47012555|1440785|304|03|2024|12|17|LOTE 17|17|LUVA PARA PROTECAO CONTRA AGENTES MECANICOS, QUIMICOS, TERMICOS E UMIDADE PROVENIENTE DE OPERACOES COM O USO DE AGUA CA15100|9.2|20.0|0.0|0.0|0.0||13851726000180|TOTAL SEGURANCA EQUIPAMENTOS DE PROTECAO E SERVICOS ESPECIALIZADOS LTDA
143562275|47012541|1440785|304|03|2024|12|8|LOTE 8|8|CAPA DE CHUVA DE TAMANHO UNICO|16.56|30.0|0.0|0.0|0.0||46687136000112|COMERCIAL J & C COMEX LTDAME
143562276|47012549|1440785|304|03|2024|12|9|LOTE 9|9|PROTETOR AURICULAR AUDITIVO TIPO PLUG COMPOSTO DE TRÊS ANGES CONFECCIONADO EM SILICONE COM CORDAO DE XACAO CONFECCIONADO EM ALGODAOATENUACAO NRRSF 13DBATÓXICOHIPOALÉRGICO E LAVAVEL|1.58|10.0|0.0|0.0|0.0||46687136000112|COMERCIAL J & C COMEX LTDAME
143562277|47012537|1440785|304|03|2024|12|6|LOTE 6|6|CREME DE PROTECAO PARA PELE|8.8|15.0|0.0|0.0|0.0||46687136000112|COMERCIAL J & C COMEX LTDAME
143562278|47012523|1440783|304|03|2024|12|5|LOTE 5|5|LUVA DE PVC DEFOFOFO JEI DN 150MM|56.5|15.0|0.0|0.0|0.0||41664871000197|POLYVIN PLASTICOS E DERIVADOS LTDA
143562279|47012470|1440783|304|03|2024|12|19|LOTE 19|19|JOELHO PVC SOLDAVEL 20MMX90O|0.27|3300.0|0.0|0.0|0.0||41664871000197|POLYVIN PLASTICOS E DERIVADOS LTDA
143562280|47012508|1440783|304|03|2024|12|67|LOTE 67|67|NIPLE DUPLO GALV DE DN 34 20MM NBR NM ISO 71 NBR 6943 NBR 6323 NBR 5580 ROSCAS EXTERNAS|4.3|50.0|0.0|0.0|0.0||05931197000104|G2 MATERIAIS HIDRAULICOS LTDA
143562281|47012491|1440783|304|03|2024|12|41|LOTE 41|41|TUBO PVC RIGIDO DN150MM X 06M|118.0|40.0|0.0|0.0|0.0||41664871000197|POLYVIN PLASTICOS E DERIVADOS LTDA
143562282|47012528|1440783|304|03|2024|12|9|LOTE 9|9|CURVA DEFOFO DE 200MM X 90°|337.0|2.0|0.0|0.0|0.0||41664871000197|POLYVIN PLASTICOS E DERIVADOS LTDA
143562283|47012492|1440783|304|03|2024|12|61|LOTE 61|61|TUBO ACO GALV.COM COSTURA 1/2|107.0|180.0|0.0|0.0|0.0||66832825000342|HIDROTAM COMERCIO DE TUBOS E CONEXOES LTDA
143562284|47012501|1440783|304|03|2024|12|47|LOTE 47|47|JOELHO PVC RIGIDO PB JE DN100MMX45°|3.95|250.0|0.0|0.0|0.0||41664871000197|POLYVIN PLASTICOS E DERIVADOS LTDA
143562285|47012502|1440783|304|03|2024|12|46|LOTE 46|46|JOELHO PVC RIGIDO PB JE DN 100MMX90°|3.3|250.0|0.0|0.0|0.0||41664871000197|POLYVIN PLASTICOS E DERIVADOS LTDA
143562286|47012503|1440783|304|03|2024|12|52|LOTE 52|52|LUVA SIMPLES PVC RIGIDO PB JE DN 100MM|2.8|100.0|0.0|0.0|0.0||41664871000197|POLYVIN PLASTICOS E DERIVADOS LTDA
143562287|47012475|1440783|304|03|2024|12|49|LOTE 49|49|JOELHO PVC OCRE PB 100MM X 90O|11.72|200.0|0.0|0.0|0.0||05931197000104|G2 MATERIAIS HIDRAULICOS LTDA
143562288|47012458|1440783|304|03|2024|12|18|LOTE 18|18|"JOELHO PVC LR 20MM X 1/2"" X 90"|0.7|1200.0|0.0|0.0|0.0||41664871000197|POLYVIN PLASTICOS E DERIVADOS LTDA
143562289|47012529|1440783|304|03|2024|12|59|LOTE 59|59|TE PVC PB OCRE 200MM ESGOTO COM OS ANEIS DE BORRACHA NBR 10569 NBR 7362|78.85|35.0|0.0|0.0|0.0||66832825000342|HIDROTAM COMERCIO DE TUBOS E CONEXOES LTDA
143562290|47012466|1440783|304|03|2024|12|32|LOTE 32|32|LUVA REDUCAO PVC SOLD.25X20MM|0.55|350.0|0.0|0.0|0.0||41664871000197|POLYVIN PLASTICOS E DERIVADOS LTDA
143562291|47012531|1440784|304|03|2024|12|5|LOTE 5|5|TAMPAO T 19 FF DÚCTIL SISTEMA DE ABERTURA ARTICULACAO|140.0|25.0|0.0|0.0|0.0||33915396000156|DIRETA MATERIAIS HIDRAULICOS LTDA
143562292|47012451|1440782|304|03|2024|12|1|LOTE 1|1|SUBSTRATO CROMOGENICO ONPG MUG|1500.0|9.0|0.0|0.0|0.0||13224500000159|QUIMAFLEX PRODUTOS QUIMICOS LTDA EPP
143562293|47012515|1440783|304|03|2024|12|14|LOTE 14|14|CAP PVC ROSCA DE 12 NBR 5648|0.61|150.0|0.0|0.0|0.0||05931197000104|G2 MATERIAIS HIDRAULICOS LTDA
143562294|47012463|1440783|304|03|2024|12|38|LOTE 38|38|TE PVC SOLDAVEL DE 25MM|0.65|100.0|0.0|0.0|0.0||41664871000197|POLYVIN PLASTICOS E DERIVADOS LTDA
143562295|47012527|1440783|304|03|2024|12|8|LOTE 8|8|CURVA DEFOFO DE 150MM X 90°|207.0|2.0|0.0|0.0|0.0||41664871000197|POLYVIN PLASTICOS E DERIVADOS LTDA
143562296|47012510|1440783|304|03|2024|12|69|LOTE 69|69|NIPLE DUPLO GALV DE DN 11240MM NBR NM ISO 71 NBR 6943 NBR 6323 NRB 5580 ROSCAS EXTERNAS|12.59|35.0|0.0|0.0|0.0||05931197000104|G2 MATERIAIS HIDRAULICOS LTDA
143562297|47012506|1440783|304|03|2024|12|54|LOTE 54|54|LUVA SIMPLES PVC RIGIDO OCRE JE DN100MM|4.9|140.0|0.0|0.0|0.0||66832825000342|HIDROTAM COMERCIO DE TUBOS E CONEXOES LTDA
143562298|47012507|1440783|304|03|2024|12|66|LOTE 66|66|NIPLE DUPLO GALV DE DN 12 15MM NBR NM ISO 71 NBR 6943 NBR 6323 NBR 5580 ROSCAS EXTERNAS|3.2|650.0|0.0|0.0|0.0||66832825000342|HIDROTAM COMERCIO DE TUBOS E CONEXOES LTDA
143562299|47012462|1440783|304|03|2024|12|37|LOTE 37|37|TE PVC SOLDAVEL DE 20MM|0.45|400.0|0.0|0.0|0.0||41664871000197|POLYVIN PLASTICOS E DERIVADOS LTDA
143562300|47012518|1440783|304|03|2024|12|72|LOTE 72|72|TE GALVANIZADO DN 34 20MM NBR NM ISO 71 NBR 6943 NBR 5580 NBR 6323 ROSCAS INTERNAS|7.59|80.0|0.0|0.0|0.0||05931197000104|G2 MATERIAIS HIDRAULICOS LTDA
143562301|47012540|1440785|304|03|2024|12|4|LOTE 4|4|LUVA CONFECEM PVC COM FORRO RESISTENTE A MATERIAL CORTANTE PALMA ASPERA ANTIDERRAPANTE NO TAMANHO 36 CM|12.0|120.0|0.0|0.0|0.0||46687136000112|COMERCIAL J & C COMEX LTDAME
143562302|47012548|1440785|304|03|2024|12|3|LOTE 3|3|LUVA DE SEGURANCA CONFECCIONADA EM VAQUETA INTEGRAL COM REFORCO NA PALMA COM PUNHO CONFECCIONADO EM RASPA POSSUI ELASTICO DE AJUSTE NO DORSO 20 CM|25.4|10.0|0.0|0.0|0.0||17926188000104|SINTAGMA ZENITE COMERCIO LTDA
143562303|47012543|1440785|304|03|2024|12|12|LOTE 12|12|PLACA DE SINALIZACAO DE TRANSITO|113.9|20.0|0.0|0.0|0.0||17926188000104|SINTAGMA ZENITE COMERCIO LTDA
143562304|47012542|1440785|304|03|2024|12|11|LOTE 11|11|CONE DE SINALIZACAO DE TRANSITO|72.0|25.0|0.0|0.0|0.0||46687136000112|COMERCIAL J & C COMEX LTDAME
143562305|47012551|1440785|304|03|2024|12|1|LOTE 1|1|LUVA DE RASPA AO CROMO DE SEGURANCA COM REFORCO NAS PALMAS E DEDOS CANO LONGO PARA PROTECAO DAS MAOS CONTRA AGENTES CORTANTES E PERFURANTES TAMANHO 9|12.0|10.0|0.0|0.0|0.0||46687136000112|COMERCIAL J & C COMEX LTDAME
143562306|47012553|1440785|304|03|2024|12|7|LOTE 7|7|MASCARA FACIAL 14 CONFECCIONADA COM TECNOLOGIA ALCRYN COM RESPIRADOR|23.95|5.0|0.0|0.0|0.0||13851726000180|TOTAL SEGURANCA EQUIPAMENTOS DE PROTECAO E SERVICOS ESPECIALIZADOS LTDA
143562307|47012450|1440782|304|03|2024|12|2|LOTE 2|2|DPD PARA DETERMINACAO DE CLORO|110.0|130.0|0.0|0.0|0.0||13224500000159|QUIMAFLEX PRODUTOS QUIMICOS LTDA EPP
143562308|47012517|1440783|304|03|2024|12|71|LOTE 71|71|TE GALVANIZADO DN 12 NBR NM ISO 71 NBR 6943 NBR 5580 NBR 6323 ROSCAS INTERNAS|6.0|80.0|0.0|0.0|0.0||66832825000342|HIDROTAM COMERCIO DE TUBOS E CONEXOES LTDA
143562309|47012480|1440783|304|03|2024|12|15|LOTE 15|15|"COLAR TOMADA PVC 32MM X 1/2""."|5.04|150.0|0.0|0.0|0.0||05931197000104|G2 MATERIAIS HIDRAULICOS LTDA
143562310|47012511|1440783|304|03|2024|12|70|LOTE 70|70|NIPLE DUPLO GALV DE DN 2 50MM NBR NM ISO 71 NBR 6943NBR 6323 ROSCAS EXTERNAS|17.9|35.0|0.0|0.0|0.0||05931197000104|G2 MATERIAIS HIDRAULICOS LTDA
143562311|47012477|1440783|304|03|2024|12|1|LOTE 1|1|TUBO PVC SOLD.20MM X 06 METROS|10.4|1300.0|0.0|0.0|0.0||41664871000197|POLYVIN PLASTICOS E DERIVADOS LTDA
143562312|47012497|1440783|304|03|2024|12|48|LOTE 48|48|JOELHO PVC OCRE PB 100MM X 45° COM ANEIS DE BORRACHA|11.9|500.0|0.0|0.0|0.0||66832825000342|HIDROTAM COMERCIO DE TUBOS E CONEXOES LTDA
143562313|47012499|1440783|304|03|2024|12|55|LOTE 55|55|LUVA CORRER PVC OCRE JE 100MM ESGOTO COM ANEIS DE BORRACHA|6.4|140.0|0.0|0.0|0.0||05931197000104|G2 MATERIAIS HIDRAULICOS LTDA
143562314|47012539|1440785|304|03|2024|12|10|LOTE 10|10|PROTETOR AURICULAR TIPO CONCHA|10.34|5.0|0.0|0.0|0.0||13851726000180|TOTAL SEGURANCA EQUIPAMENTOS DE PROTECAO E SERVICOS ESPECIALIZADOS LTDA
143562315|47012550|1440785|304|03|2024|12|16|LOTE 16|16|BOTINA DE SEGURANCA COM BIQUEIRA DE COMPOSITE|71.0|52.0|0.0|0.0|0.0||46687136000112|COMERCIAL J & C COMEX LTDAME
143562316|47012465|1440783|304|03|2024|12|13|LOTE 13|13|CAP PVC SOLDAVEL DE 25MM|0.45|150.0|0.0|0.0|0.0||41664871000197|POLYVIN PLASTICOS E DERIVADOS LTDA
143562317|47012485|1440783|304|03|2024|12|64|LOTE 64|64|"JOELHO FERRO GALV. 1/2"" X 90GR"|5.1|350.0|0.0|0.0|0.0||66832825000342|HIDROTAM COMERCIO DE TUBOS E CONEXOES LTDA
143562318|47012513|1440783|304|03|2024|12|25|LOTE 25|25|LUVA CORRER PVC JE 32MM COM ANEL DE BORRACHA NBR 5648 NBR 5647|5.0|300.0|0.0|0.0|0.0||46945369000178|FR INDUSTRIA E COMERCIO DE TUBOS E CONEXOES LTDA
143562319|47012482|1440783|304|03|2024|12|21|LOTE 21|21|JOELHO PVC SOLD.20MM X 45 GR|0.4|50.0|0.0|0.0|0.0||41664871000197|POLYVIN PLASTICOS E DERIVADOS LTDA
143562320|47012516|1440783|304|03|2024|12|27|LOTE 27|27|LUVA CORRER PVC JE 60MM COM ANEL DE BORRACHA NBR 5648 NBR 5647|6.5|260.0|0.0|0.0|0.0||46945369000178|FR INDUSTRIA E COMERCIO DE TUBOS E CONEXOES LTDA
143562321|47012490|1440783|304|03|2024|12|39|LOTE 39|39|"VEDANTE PARA TORNEIRA DE 1/2"""|1.19|800.0|0.0|0.0|0.0||17926188000104|SINTAGMA ZENITE COMERCIO LTDA
143562322|47012460|1440783|304|03|2024|12|28|LOTE 28|28|"LUVA PVC LR 20MM X 1/2"""|0.35|2500.0|0.0|0.0|0.0||41664871000197|POLYVIN PLASTICOS E DERIVADOS LTDA
143562323|47012514|1440783|304|03|2024|12|26|LOTE 26|26|LUVA CORRER PVC JE 40MM COM ANEL DE BORRACHA NBR 5648 NBR 5647|7.0|250.0|0.0|0.0|0.0||46945369000178|FR INDUSTRIA E COMERCIO DE TUBOS E CONEXOES LTDA
143562324|47012547|1440785|304|03|2024|12|2|LOTE 2|2|LUVA PARA PROCEDIMENTO EM LATEX COR BRANCA EMBALAGEM COM 100 UNIDADES|23.3|10.0|0.0|0.0|0.0||17926188000104|SINTAGMA ZENITE COMERCIO LTDA
143562325|47012552|1440785|304|03|2024|12|19|LOTE 19|19|BOTA DE SEGURANCA PARA ELETRICISTA|61.0|4.0|0.0|0.0|0.0||46687136000112|COMERCIAL J & C COMEX LTDAME
143562326|47012545|1440785|304|03|2024|12|13|LOTE 13|13|FILME DE POLIETILENO TIPO LINEAR|10.14|20.0|0.0|0.0|0.0||46687136000112|COMERCIAL J & C COMEX LTDAME
143562327|47012505|1440783|304|03|2024|12|56|LOTE 56|56|TE PVC RIGIDO BBP JE DN100MM|7.4|50.0|0.0|0.0|0.0||41664871000197|POLYVIN PLASTICOS E DERIVADOS LTDA
143562328|47012464|1440783|304|03|2024|12|30|LOTE 30|30|"LUVA PVC LR 32MM X 1"""|1.6|250.0|0.0|0.0|0.0||46945369000178|FR INDUSTRIA E COMERCIO DE TUBOS E CONEXOES LTDA
143562329|47012459|1440783|304|03|2024|12|12|LOTE 12|12|BUCHA RED. PVC SOLDAVEL 25X20|0.13|350.0|0.0|0.0|0.0||41664871000197|POLYVIN PLASTICOS E DERIVADOS LTDA
143562330|47012509|1440783|304|03|2024|12|68|LOTE 68|68|NIPLE DUPLO GALV DE DN 1 25MM NBR NM ISO 71 NBR 6943 NBR 6323 NBR 5580 ROSCAS INTERNAS|6.2|160.0|0.0|0.0|0.0||05931197000104|G2 MATERIAIS HIDRAULICOS LTDA
143562331|47012500|1440783|304|03|2024|12|40|LOTE 40|40|TUBO PVC RIGIDO DN100MMX06M|50.3|50.0|0.0|0.0|0.0||41664871000197|POLYVIN PLASTICOS E DERIVADOS LTDA
143562332|47012471|1440783|304|03|2024|12|20|LOTE 20|20|JOELHO PVC SOLDAVEL 25MMX90O|0.44|200.0|0.0|0.0|0.0||05931197000104|G2 MATERIAIS HIDRAULICOS LTDA
143562333|47012504|1440783|304|03|2024|12|53|LOTE 53|53|LUVA DE CORRER PVC RIGIDO JE DN100MM|4.7|100.0|0.0|0.0|0.0||41664871000197|POLYVIN PLASTICOS E DERIVADOS LTDA
143562334|47012532|1440784|304|03|2024|12|2|LOTE 2|2|TAMPAO FF ARTICULADO DE 600MM|430.0|28.0|0.0|0.0|0.0||33915396000156|DIRETA MATERIAIS HIDRAULICOS LTDA
143562335|47012544|1440785|304|03|2024|12|15|LOTE 15|15|BOTA DE BORRACHA DE CANO LONGO|51.0|26.0|0.0|0.0|0.0||46687136000112|COMERCIAL J & C COMEX LTDAME
143562336|47012536|1440785|304|03|2024|12|20|LOTE 20|20|FITA ANTIDERRAPANTE|19.0|5.0|0.0|0.0|0.0||13851726000180|TOTAL SEGURANCA EQUIPAMENTOS DE PROTECAO E SERVICOS ESPECIALIZADOS LTDA
143562337|47012467|1440783|304|03|2024|12|33|LOTE 33|33|LUVA REDUCAO PVC SOLD. 32X25MM|4.26|300.0|0.0|0.0|0.0||17926188000104|SINTAGMA ZENITE COMERCIO LTDA
143562338|47012520|1440783|304|03|2024|12|74|LOTE 74|74|LUVA SIMPLES DE FERRO GALV DN 12 15MM NBR NM ISO 71 NBR 6943 NBR 6323 NBR 5580|3.3|80.0|0.0|0.0|0.0||05931197000104|G2 MATERIAIS HIDRAULICOS LTDA
143562339|47012498|1440783|304|03|2024|12|51|LOTE 51|51|JOELHO PVC OCRE PB 150MM X 45° COM ANEIS DE BORRACHA|24.7|70.0|0.0|0.0|0.0||66832825000342|HIDROTAM COMERCIO DE TUBOS E CONEXOES LTDA
143562340|47012457|1440783|304|03|2024|12|11|LOTE 11|11|"ADAPTADOR PVC LR 25MM X 3/4"""|0.35|400.0|0.0|0.0|0.0||41664871000197|POLYVIN PLASTICOS E DERIVADOS LTDA
143562341|47012468|1440783|304|03|2024|12|16|LOTE 16|16|"COLAR TOMADA PVC 40MM X 1/2"""|5.3|100.0|0.0|0.0|0.0||05931197000104|G2 MATERIAIS HIDRAULICOS LTDA
143562342|47012525|1440783|304|03|2024|12|6|LOTE 6|6|CURVA DEFOFO DE 150 MM X 22°30|222.0|2.0|0.0|0.0|0.0||41664871000197|POLYVIN PLASTICOS E DERIVADOS LTDA
143562343|47012478|1440783|304|03|2024|12|2|LOTE 2|2|TUBO PVC SOLD.25MM X 06 METROS|13.2|600.0|0.0|0.0|0.0||41664871000197|POLYVIN PLASTICOS E DERIVADOS LTDA
143562344|47012472|1440783|304|03|2024|12|24|LOTE 24|24|"LUVA SIMPLES PVC RIGIDO 1/2"""|0.74|150.0|0.0|0.0|0.0||05931197000104|G2 MATERIAIS HIDRAULICOS LTDA
143562345|47012522|1440783|304|03|2024|12|4|LOTE 4|4|LUVA DE PVC DEFOFO DN100MM|26.5|15.0|0.0|0.0|0.0||41664871000197|POLYVIN PLASTICOS E DERIVADOS LTDA
143562346|47012474|1440783|304|03|2024|12|36|LOTE 36|36|"NIPLE DUPLO PVC ROSCA 1/2"""|0.4|80.0|0.0|0.0|0.0||41664871000197|POLYVIN PLASTICOS E DERIVADOS LTDA
143562347|47012476|1440783|304|03|2024|12|50|LOTE 50|50|JOELHO PVC OCRE PB 150MM X 90O|32.6|50.0|0.0|0.0|0.0||66832825000342|HIDROTAM COMERCIO DE TUBOS E CONEXOES LTDA
143562348|47012533|1440784|304|03|2024|12|3|LOTE 3|3|TAMPAO T22 FF BASE 448X336MM MEDIDA DA TAMPA 388X276MM|300.0|16.0|0.0|0.0|0.0||33915396000156|DIRETA MATERIAIS HIDRAULICOS LTDA
143562349|47012530|1440784|304|03|2024|12|6|LOTE 6|6|TAMPAO DE FOFO DUCTIL TIPO T5|70.0|40.0|0.0|0.0|0.0||33915396000156|DIRETA MATERIAIS HIDRAULICOS LTDA
143562350|47012488|1440783|304|03|2024|12|43|LOTE 43|43|TUBO PVC OCRE JEI DN150MMX6M|154.0|450.0|0.0|0.0|0.0||41664871000197|POLYVIN PLASTICOS E DERIVADOS LTDA
143562351|47012489|1440783|304|03|2024|12|60|LOTE 60|60|TIL PVC OCRE JE DN100X100MM|32.49|600.0|0.0|0.0|0.0||05931197000104|G2 MATERIAIS HIDRAULICOS LTDA
143562352|47012469|1440783|304|03|2024|12|17|LOTE 17|17|"COLAR TOMADA PVC 50MM X 1/2"""|5.88|50.0|0.0|0.0|0.0||05931197000104|G2 MATERIAIS HIDRAULICOS LTDA
143562353|47012479|1440783|304|03|2024|12|45|LOTE 45|45|CAP PVC OCRE JE 100M C/ANEL|7.1|30.0|0.0|0.0|0.0||66832825000342|HIDROTAM COMERCIO DE TUBOS E CONEXOES LTDA
143562354|47012496|1440783|304|03|2024|12|57|LOTE 57|57|TE PVC PB OCRE DN 100MM ESGOTO COM OS ANEIS DE BORRACHA|26.0|80.0|0.0|0.0|0.0||35302323000114|HIDROTEL COMERCIO E SERVICOS LTDA
143562355|47012524|1440783|304|03|2024|12|31|LOTE 31|31|LUVA CORRER JE PVC BRANCA 1|21.26|100.0|0.0|0.0|0.0||17926188000104|SINTAGMA ZENITE COMERCIO LTDA
143562356|47012494|1440783|304|03|2024|12|63|LOTE 63|63|TUBO ACO GALV.COSTURA 1.1/4|253.0|10.0|0.0|0.0|0.0||05931197000104|G2 MATERIAIS HIDRAULICOS LTDA
143562357|47012526|1440783|304|03|2024|12|7|LOTE 7|7|CURVA DEFOFO DE 200 MM X 22°30|293.5|2.0|0.0|0.0|0.0||41664871000197|POLYVIN PLASTICOS E DERIVADOS LTDA
143562358|47012535|1440784|304|03|2024|12|1|LOTE 1|1|TAMPAO DE FF ARTICULADO DE 800MM|1200.0|12.0|0.0|0.0|0.0||33915396000156|DIRETA MATERIAIS HIDRAULICOS LTDA
143562359|47012534|1440784|304|03|2024|12|4|LOTE 4|4|TAMPAO T30 FF BASE 620X490MM MEDIDA DA TAMPA 548X418MM|300.0|14.0|0.0|0.0|0.0||33915396000156|DIRETA MATERIAIS HIDRAULICOS LTDA
143562360|47012554|1440785|304|03|2024|12|5|LOTE 5|5|CREME PROTETOR SOLAR COM FPS 60, PARA PROTECAO CONTRA RAIOS SOLARES E ACAO REPELENTE DE INSETOS PESO LIQUIDO 1 LITRO|141.0|12.0|0.0|0.0|0.0||46687136000112|COMERCIAL J & C COMEX LTDAME
143562361|47012538|1440785|304|03|2024|12|14|LOTE 14|14|TELA TAPUME DE 50 METROS.|71.4|1.0|0.0|0.0|0.0||13851726000180|TOTAL SEGURANCA EQUIPAMENTOS DE PROTECAO E SERVICOS ESPECIALIZADOS LTDA
140660276|45638603|1401104|303|02|2024|8|5|RESINAS E OUTROS|74|KIT ACABAMENTO E POLIMENTO DE RESINA COMPOSTA SILICONES ABRASIVOS|65.27|15.0|0.0|0.0|0.0||46884097000143|GOLDEN PRODUTOS ODONTOLOGICOS LTDA
140660272|45638616|1401104|303|02|2024|8|1|INSUMOS ODONTOLOGICOS|43|BROCA DIAMANTADA CHAMA 1111 F|3.71|30.0|0.0|0.0|0.0||46884097000143|GOLDEN PRODUTOS ODONTOLOGICOS LTDA
140660273|45638569|1401104|303|02|2024|8|2|INSTRUMENTOS ODONTOLOGICOS E CIRURGICOS|80|JOGO DE ALAVANCAS SELDIN ADULTO KIT 3PECAS 1 ALAVANCA CURVA ESQUERDA, 1 ALAVANCA CURVA DIREITA E 1 ALAVANCA RETA, TAMBEM CONHECIDA COMO BANDEIRINHA PRODUTO EM ACO INOXIDAVEL, AUTOCLAVAVEL INSTRUMENTOS SAO UTILIZADOS PARA O PROCEDIMENTO ODONTOLOGICO DE LUXACAO DO DENTE GOLGRAN OU SIMILAR|55.26|10.0|0.0|0.0|0.0||46884097000143|GOLDEN PRODUTOS ODONTOLOGICOS LTDA
140660274|45638575|1401104|303|02|2024|8|1|INSUMOS ODONTOLOGICOS|9|ESCOVA DE ROBSON EXTREMIDADE RETA|2.23|150.0|0.0|0.0|0.0||46884097000143|GOLDEN PRODUTOS ODONTOLOGICOS LTDA
140660275|45638635|1401104|303|02|2024|8|1|INSUMOS ODONTOLOGICOS|113|BROCA DIAMANTADA ALTA ROTACAO CONE INVERTIDO N°1034|3.72|40.0|0.0|0.0|0.0||46884097000143|GOLDEN PRODUTOS ODONTOLOGICOS LTDA
140660280|45638589|1401104|303|02|2024|8|5|RESINAS E OUTROS|28|RESINA FLUIDA RESINA FLOW A3 CONSISTENCIA FLUIDA DEVE APRESENTAR ALTA FLUIDEZ, FACILITANDO O ACESSO EM PEQUENAS CAVIDADES RESINA COMPOSTA FOTOPOLIMERIZAVEL, HIBRIDA E COM MICROPARTICULAS VITROCERAMICAS PRODUTO DE MAIOR RESISTENCIA, E MENOR CONTRACAO DE POLIMERIZACAO RESINA MASTER FLOW BIODINAMICA, RESINA APPLIC OU FLOW MAQUIRA|16.0|50.0|0.0|0.0|0.0||46884097000143|GOLDEN PRODUTOS ODONTOLOGICOS LTDA
140660277|45638642|1401104|303|02|2024|8|1|INSUMOS ODONTOLOGICOS|127|BROCA DIAMANTADA CILINDRICA N°3215|3.32|40.0|0.0|0.0|0.0||46884097000143|GOLDEN PRODUTOS ODONTOLOGICOS LTDA
140660278|45638656|1401104|303|02|2024|8|1|INSUMOS ODONTOLOGICOS|144|AGUA DESTILADA PARA AUTOCLAVE 5 L|21.56|55.0|0.0|0.0|0.0||46884097000143|GOLDEN PRODUTOS ODONTOLOGICOS LTDA
140660279|45638602|1401104|303|02|2024|8|2|INSTRUMENTOS ODONTOLOGICOS E CIRURGICOS|100|EXTRATOR DE TARTARO MACCAL 1718|7.0|25.0|0.0|0.0|0.0||46884097000143|GOLDEN PRODUTOS ODONTOLOGICOS LTDA
140660281|45638572|1401104|303|02|2024|8|5|RESINAS E OUTROS|13|TUBOS DE VASELINA SOLIDA 30G POMADA, EFEITO EMOLIENTE PARA TRATAMENTO UMECTANTE|10.0|40.0|0.0|0.0|0.0||46884097000143|GOLDEN PRODUTOS ODONTOLOGICOS LTDA
140660282|45638668|1401104|303|02|2024|8|2|INSTRUMENTOS ODONTOLOGICOS E CIRURGICOS|1|CABO DE BISTURI N° 3, 13CM UTILIZADA EM LAMINAS 11, 12, 15 E 15CPRODUTO EM ACO INOXIDAVEL, AUTOCLAVAVEL|6.0|30.0|0.0|0.0|0.0||46884097000143|GOLDEN PRODUTOS ODONTOLOGICOS LTDA
140660283|45638625|1401104|303|02|2024|8|1|INSUMOS ODONTOLOGICOS|86|BROCA DIAMANTADA N°1057|14.9|40.0|0.0|0.0|0.0||46884097000143|GOLDEN PRODUTOS ODONTOLOGICOS LTDA
140660284|45638676|1401104|303|02|2024|8|5|RESINAS E OUTROS|3|PAPEL CARBONO ODONTOLOGICO INDICADO PARA O REGISTRO OCLUSAL ROLO OU EMBALAGEM COM ACIMA DE 200 TIRAS DUPLA FACE, DUPLA COR PAPEL CARBONO CONTACTO FILM ANGELUS ROLO 280 TIRAS, PAPEL CARBONO CONTACTO FILMPARKELL ROLO 280 T9IRAS, PAPEL CARBONO 200MICRAS REFIL BAUSCH 300 UNIDADES , OU SIMILARES|170.0|35.0|0.0|0.0|0.0||46884097000143|GOLDEN PRODUTOS ODONTOLOGICOS LTDA
140660285|45638614|1401104|303|02|2024|8|1|INSUMOS ODONTOLOGICOS|34|PONTA DE ACABAMENTO FORMATO DE PERA 3168 FF|3.75|40.0|0.0|0.0|0.0||46884097000143|GOLDEN PRODUTOS ODONTOLOGICOS LTDA
140660286|45638638|1401104|303|02|2024|8|1|INSUMOS ODONTOLOGICOS|119|BROCA ESFERICA DIAMANTADA N°3018|3.72|40.0|0.0|0.0|0.0||46884097000143|GOLDEN PRODUTOS ODONTOLOGICOS LTDA
140660287|45638678|1401104|303|02|2024|8|4|MEDICAMENTOS ODONTOLOGICOS E SIMILARES|32|FORMOCRESOL MUMIDIFICADOR DE POLPA VALIDADE 2 ANOS|11.35|15.0|0.0|0.0|0.0||31401798000107|DENTAL BH BRASIL COMERCIO DE PRODUTOS ODONTOMEDICOHOSPITALAR EIRELIEPP
140660288|45638571|1401104|303|02|2024|8|5|RESINAS E OUTROS|8|PLACAS DE VIDRO COM 5MM CONFECCIONADO EM VIDRO POLIDO FORMATO RETANGULAR DOIS LADOS LISOS POSSUI CANTOS ARREDONDADOS DIMENSOES 150X70X05MM UTILIZADA PARA MANIPULACAO DE MATERIAIS ODONTOLOGICOS MARCA GOLGRAN, PRISMA OU SIMILAR|9.0|30.0|0.0|0.0|0.0||46884097000143|GOLDEN PRODUTOS ODONTOLOGICOS LTDA
140660289|45638677|1401104|303|02|2024|8|4|MEDICAMENTOS ODONTOLOGICOS E SIMILARES|17|PASTA PROFILATICA SABOR TUTTIFRUTTI, TUBO COM 90 G COM FLUOR INDICADA PARA UTILIZACAO EM PROCEDIMENTOS DE LIMPEZA, REMOCAO DE DETRITOS, MANCHAS, PLACAS BACTERIANAS E POLIMENTO, COMO PARTE DO TRATAMENTO PROFISSIONAL DE PROFILAXIA DE CARIES E DOENCAS PERIODONTAIS|6.86|70.0|0.0|0.0|0.0||31401798000107|DENTAL BH BRASIL COMERCIO DE PRODUTOS ODONTOMEDICOHOSPITALAR EIRELIEPP
140660290|45638674|1401104|303|02|2024|8|4|MEDICAMENTOS ODONTOLOGICOS E SIMILARES|7|ANESTESICO TOPICO GEL BENZOCAINA 200 MGG PESO LIQUIDO 12G|13.26|40.0|0.0|0.0|0.0||31401798000107|DENTAL BH BRASIL COMERCIO DE PRODUTOS ODONTOMEDICOHOSPITALAR EIRELIEPP
140660291|45638543|1401103|303|02|2024|8|7|LOTE 7|7|COMPUTADOR PORTÁTIL NOTEBOOK COM PROCESSADOR NO MÍNIMO INTEL CORE I5 OU AMD A10 OU SIMILAR 1 UM DISCO RÍGIDO DE 500 GIGABYTES VELOCIDADE DE ROTACAO 7200 RPM UNIDADE COMBINADA DE GRAVACAO DE DISCO ÓTICO CD DVD ROM MEMÓRIA RAM DE 08 OITO GIGABYTES EM 02 DOIS MÓDULOS IDÊNTICOS DE 04 QUATRO GIGABYTES CADA DO TIPO SDRAM DDR4 2133 MHZ OU SUPERIOR TELA LCD DE 14 OU 15 POLEGADAS WIDESCREEN SUPORTAR RESOLUCAO 1600 X 900 PIXELS TECLADO DEVERÁ CONTER TODOS OS CARACTERES DA LÍNGUA PORTUGUESA INCLUSIVE C E ACENTOS NAS MESMAS POSICOES DO TECLADO PADRAO ABNT2 MOUSE TOUCHPAD COM 02 DOIS BOTOES INTEGRADOS MOUSE ÓPTICO COM CONEXAO USB E BOTAO DE ROLAGEM SCROLL INTERFACES DE REDE|2690.0|1.0|0.0|0.0|0.0||27845560000101|JOAO BRAULIO COMERCIO DE EQUIPAMENTOS ELETRONICOS LTDA
140660292|45638580|1401104|303|02|2024|8|4|MEDICAMENTOS ODONTOLOGICOS E SIMILARES|49|ANESTESICO LOCAL 100 UNIDADES CLORIDRATO DE LIDOCAINA 2% COM FENILEFRINA CAIXA COM 100 TUBETES DE 1,8 ML|127.35|40.0|0.0|0.0|0.0||31401798000107|DENTAL BH BRASIL COMERCIO DE PRODUTOS ODONTOMEDICOHOSPITALAR EIRELIEPP
140660293|45638636|1401104|303|02|2024|8|1|INSUMOS ODONTOLOGICOS|115|BROCA DIAMANTADA ESFERICA HASTE LONGAENDO N°1016|3.72|40.0|0.0|0.0|0.0||46884097000143|GOLDEN PRODUTOS ODONTOLOGICOS LTDA
140660294|45638672|1401104|303|02|2024|8|2|INSTRUMENTOS ODONTOLOGICOS E CIRURGICOS|21|CURETA GRACEY 13 E 14|6.26|25.0|0.0|0.0|0.0||46884097000143|GOLDEN PRODUTOS ODONTOLOGICOS LTDA
140660295|45638662|1401104|303|02|2024|8|3|EQUIPAMENTOS|10|FOTOPOLIMERIZADOR ODONTOLOGICO SEM FIO, DEVE CONTER CANETA APLICADORA UNIDADE PRINCIPAL, PONTEIRA DE POLIMERIZACAO, PROTETOR OCULAR, DOCA CARREGADORA, FONTE DE ALIMENTACAO EXTERNA E MANUAL DE INSTRUCOES MARCA MICRODONT, SCHUSTER OU SIMILAR|333.9|20.0|0.0|0.0|0.0||31401798000107|DENTAL BH BRASIL COMERCIO DE PRODUTOS ODONTOMEDICOHOSPITALAR EIRELIEPP
140660296|45638626|1401104|303|02|2024|8|1|INSUMOS ODONTOLOGICOS|90|BROCA ESFERICA DIAMANTADA N°1013|3.72|40.0|0.0|0.0|0.0||46884097000143|GOLDEN PRODUTOS ODONTOLOGICOS LTDA
140660297|45638591|1401104|303|02|2024|8|5|RESINAS E OUTROS|38|RESINA COMPOSTA DIRETA MICRO HIBRIDA, FOTOPOLIMERIZAVEL, RADIOPACA, CARGA MICROGLASS, QUE PROPORCIONE EFEITO CAMALEAO, COM MATRIZ ORGANICA DE BISGMA E PARTICULAS DE BARIO OU BISGMA E PARTICULAS DE ZIRCONIASILICA, NA COR A1 DE ESMALTE|40.0|40.0|0.0|0.0|0.0||46884097000143|GOLDEN PRODUTOS ODONTOLOGICOS LTDA
140660298|45638690|1401104|303|02|2024|8|2|INSTRUMENTOS ODONTOLOGICOS E CIRURGICOS|130|KIT EXTRATORES DE RAIZ RESIDUAL EXTRATOR RAIZ RESIDUAL ATRAUMATICO EMBALAGEM COM 01 ALAVANCA BUSER,01 PERIOTOMO FLEXIVEL RETO E 01 EXTRATOR DE RAIZ ALAVANCA BUSER INSTRUMENTO DELICADO PARA A REMOCAO DE PONTAS DE RAIZ EM AREAS DE DIFICIL ACESSO PERIOTOMO FLEXIVEL RETO INDICADO PARA O DESCOLAMENTO DE TECIDOS,INSTRUMENTO COM PONTA ATIVA FLEXIVEL, PRODUZIDA EM LIGA DE NIQUEL TITANIO DE ALTA QUALIDADE EXTRATOR DE RAIZ INDICADO PARA RETIRADA DE RAIZES QUE FICAM NO ALVEOLO EXTRACAO, EXTRATOR, RAIZ PRODUZIDO EM LIGA DE ACO INOXIDAVEL DE ALTA QUALIDADE CABO OCO TOTALMENTE AUTOCLAVAVEL|200.0|10.0|0.0|0.0|0.0||46884097000143|GOLDEN PRODUTOS ODONTOLOGICOS LTDA
140660299|45638578|1401104|303|02|2024|8|4|MEDICAMENTOS ODONTOLOGICOS E SIMILARES|41|RESTAURADOR PROVISORIO LIVRE DE EUGENOL MENOR MICRO INFILTRACAO MARGINAL FACIL UTILIZACAO E REMOCAO COM INSTRUMENTAIS VASTA APLICACAO NOS PROCEDIMENTOS CLINICOS RESTAURADORES SABOR E ODOR AGRADAVEIS|8.79|40.0|0.0|0.0|0.0||31401798000107|DENTAL BH BRASIL COMERCIO DE PRODUTOS ODONTOMEDICOHOSPITALAR EIRELIEPP
140660300|45638623|1401104|303|02|2024|8|1|INSUMOS ODONTOLOGICOS|79|BROCA DIAMANTADA N°1019 DE 28 MM|3.72|40.0|0.0|0.0|0.0||46884097000143|GOLDEN PRODUTOS ODONTOLOGICOS LTDA
140660304|45638694|1401104|303|02|2024|8|5|RESINAS E OUTROS|98|ALGODAO EM ROLETE PACOTE CONTENDO COM 100 UNIDADES|3.23|200.0|0.0|0.0|0.0||46884097000143|GOLDEN PRODUTOS ODONTOLOGICOS LTDA
140660301|45638554|1401104|303|02|2024|8|3|EQUIPAMENTOS|4|ACESSORIO APL IONOMERO VIDRO ACESSORIO APLICADOR DE IONOMERO DE VIDRO EM CAPSULA, FACIL DE LIMPAR AUTOCLAVAVEL POSSUI UMA TRAVA PARA A CAPSULA QUE CONTROLA A EXTRUSAO DE MATERIAL PARTES MECANICAS EM ACO INOX PROPORCIONA FACIL ACESSO A CAVIDADE ORAL|269.25|15.0|0.0|0.0|0.0||31401798000107|DENTAL BH BRASIL COMERCIO DE PRODUTOS ODONTOMEDICOHOSPITALAR EIRELIEPP
140660302|45638660|1401104|303|02|2024|8|1|INSUMOS ODONTOLOGICOS|148|OLEO LUBRIFICANTE P ALTA E BAIXA ROTACAO COMPOSICAO OLEO MINERAL ATOXICO DE BAIXA VISCOSIDADE FRASCO COM 200 ML E 1 BICO APLICADOR|36.09|30.0|0.0|0.0|0.0||46884097000143|GOLDEN PRODUTOS ODONTOLOGICOS LTDA
140660303|45638698|1401104|303|02|2024|8|3|EQUIPAMENTOS|25|APARELHO DE ULTRASSOM ODONTOLOGICO PORTATIL, COM JATO DE BICARBONATO, INDICADO PARA A REALIZACAO DE PROCEDIMENTOS DE PROFILAXIA EM ODONTOLOGIA INDICACAO REMOCAO DO BIOFILME NAO MINERALIZADO PLACA BACTERIANA, MANCHAS RESIDUAIS E CAMADA OXIDADA DO AMALGAMA REMOCAO DO BIOFILME MINERALIZADO TARTARO SUB E SUPRA GENGIVAL DESCRICAO EQUIPAMENTO ULTRASSOM COM JATEAMENTO DE BICARBONATO|2120.34|5.0|0.0|0.0|0.0||31401798000107|DENTAL BH BRASIL COMERCIO DE PRODUTOS ODONTOMEDICOHOSPITALAR EIRELIEPP
140660305|45638665|1401104|303|02|2024|8|2|INSTRUMENTOS ODONTOLOGICOS E CIRURGICOS|108|SONDA TENTACANULA 16 CM|14.24|8.0|0.0|0.0|0.0||46884097000143|GOLDEN PRODUTOS ODONTOLOGICOS LTDA
140660306|45638562|1401104|303|02|2024|8|2|INSTRUMENTOS ODONTOLOGICOS E CIRURGICOS|52|ESPATULA PARA RESINA PRODUZIDA EM LIGA DE ACO INOXIDAVEL DE ALTA QUALIDADE CABO EM ALUMINIO ANODIZADO TOTALMENTE AUTOCLAVAVEL|18.42|30.0|0.0|0.0|0.0||46884097000143|GOLDEN PRODUTOS ODONTOLOGICOS LTDA
140660307|45638689|1401104|303|02|2024|8|2|INSTRUMENTOS ODONTOLOGICOS E CIRURGICOS|128|FORCEPS ADULTO 69 PRODUTO ACO INOXIDAVEL, AUTOCLAVAVEL, INDICADO PARA CIRURGIA ODONTOLOGICA, EXERESE DO ELEMENTO DENTARIO|51.95|10.0|0.0|0.0|0.0||46884097000143|GOLDEN PRODUTOS ODONTOLOGICOS LTDA
140660308|45638599|1401104|303|02|2024|8|2|INSTRUMENTOS ODONTOLOGICOS E CIRURGICOS|92|PONTA PARA ULTRASSOM PARA PERIO, SUB E SUPRA GENGIVAL, EXTREMIDADE FINA, PARA REMOCAO DE TARTARO NAS FACES VESTIBULARES, LINGUAIS OU SERVICAIS DOS DENTES ANTERIORES USO COM REFRIGERACAO AUTOCLAVAVEL ROSCA DEVE SER INTERNA PARA USO EM APARELHO DE ULTRASSOMPROFILAXIA ORTUS BIOSCALER MICRODONT G1, GD 1 , SCHUSTER T1 S, T2S SIMILARES|69.15|50.0|0.0|0.0|0.0||46884097000143|GOLDEN PRODUTOS ODONTOLOGICOS LTDA
140660309|45638703|1401104|303|02|2024|8|2|INSTRUMENTOS ODONTOLOGICOS E CIRURGICOS|134|SUGADOR CIRURGICO DESCARTAVEL ESTERIL EMBALAGEM C 40 UNIDADES E 80 PONTEIRAS TUBO COM EXCLUSIVA CURVATURA CONFECCIONADO EM PVC RIGIDO DIAMETRO DO TUBO 5MM PONTEIRAS E PORTAFILTRO CONFECCIONADO EM POLIETILENO DE ALTA DENSIDADE DIAMETRO DAS PONTEIRAS 2,5MM E 3,0MM|70.4|50.0|0.0|0.0|0.0||46884097000143|GOLDEN PRODUTOS ODONTOLOGICOS LTDA
140660310|45638558|1401104|303|02|2024|8|2|INSTRUMENTOS ODONTOLOGICOS E CIRURGICOS|36|CABO PARA ESPELHO PRODUTO ACO INOXIDAVEL, AUTOCLAVAVEL, TAMANHO 13CM GARANTIA 10ANOS UTILIZADO PARA COLOCACAO DO ESPELHO GOLGRAN, FAVA OU SIMILAR|5.16|30.0|0.0|0.0|0.0||46884097000143|GOLDEN PRODUTOS ODONTOLOGICOS LTDA
140660311|45638641|1401104|303|02|2024|8|1|INSUMOS ODONTOLOGICOS|125|BROCA ESFERICA DIAMANTADA N°3118 FF|3.72|40.0|0.0|0.0|0.0||46884097000143|GOLDEN PRODUTOS ODONTOLOGICOS LTDA
140660312|45638664|1401104|303|02|2024|8|2|INSTRUMENTOS ODONTOLOGICOS E CIRURGICOS|106|SONDA TENTACANULA 15 CM|4.01|8.0|0.0|0.0|0.0||46884097000143|GOLDEN PRODUTOS ODONTOLOGICOS LTDA
140660313|45638655|1401104|303|02|2024|8|4|MEDICAMENTOS ODONTOLOGICOS E SIMILARES|87|CLOREXIDINA 2% , 300 ML|34.23|20.0|0.0|0.0|0.0||31401798000107|DENTAL BH BRASIL COMERCIO DE PRODUTOS ODONTOMEDICOHOSPITALAR EIRELIEPP
140660314|45638628|1401104|303|02|2024|8|1|INSUMOS ODONTOLOGICOS|97|BROCA ESFERICA DIAMANTADA N°1015|3.72|40.0|0.0|0.0|0.0||46884097000143|GOLDEN PRODUTOS ODONTOLOGICOS LTDA
140660315|45638670|1401104|303|02|2024|8|2|INSTRUMENTOS ODONTOLOGICOS E CIRURGICOS|11|CURETA GRACEY 7 E 8|7.0|25.0|0.0|0.0|0.0||46884097000143|GOLDEN PRODUTOS ODONTOLOGICOS LTDA
140660316|45638696|1401104|303|02|2024|8|4|MEDICAMENTOS ODONTOLOGICOS E SIMILARES|95|OTOSPORIM FRASCO 10 ML,HIDROCORTISONA 10MGML, SULFATO DE NEOMICINA 5MGML, SULFATO DE POLIMIXINA B 10000 ULML VALIDADE 2 ANOS|37.5|25.0|0.0|0.0|0.0||31401798000107|DENTAL BH BRASIL COMERCIO DE PRODUTOS ODONTOMEDICOHOSPITALAR EIRELIEPP
140660317|45638560|1401104|303|02|2024|8|2|INSTRUMENTOS ODONTOLOGICOS E CIRURGICOS|44|ESCULPIDOR DE HOLLEMBACK 3S PRODUTO ACO INOXIDAVEL, AUTOCLAVAVEL UTILIZADO PARA CONSTRUCAO DE ANATOMIA E ESCULTURA DENTAL GOLGRAN, FAVA OU SIMILAR|6.26|30.0|0.0|0.0|0.0||46884097000143|GOLDEN PRODUTOS ODONTOLOGICOS LTDA
140660318|45638618|1401104|303|02|2024|8|1|INSUMOS ODONTOLOGICOS|51|BROCA DIAMANTADA PONTA DE LAPIS 3195|3.32|40.0|0.0|0.0|0.0||46884097000143|GOLDEN PRODUTOS ODONTOLOGICOS LTDA
140660319|45638620|1401104|303|02|2024|8|1|INSUMOS ODONTOLOGICOS|59|BROCA DIAMANTADA CONICA TOPO ARREDONDADO 4137|3.72|30.0|0.0|0.0|0.0||46884097000143|GOLDEN PRODUTOS ODONTOLOGICOS LTDA
140660320|45638581|1401104|303|02|2024|8|4|MEDICAMENTOS ODONTOLOGICOS E SIMILARES|53|CIMENTO DE HIDROXIDO DE CALCIO PA HIDROXIDO DE CALCIO PA 99 A 100,5%|6.18|10.0|0.0|0.0|0.0||31401798000107|DENTAL BH BRASIL COMERCIO DE PRODUTOS ODONTOMEDICOHOSPITALAR EIRELIEPP
140660321|45638637|1401104|303|02|2024|8|1|INSUMOS ODONTOLOGICOS|117|BROCA DIAMANTADA AR PARA TECNICA INVASIVA N°2137|2.55|40.0|0.0|0.0|0.0||46884097000143|GOLDEN PRODUTOS ODONTOLOGICOS LTDA
140660322|45638573|1401104|303|02|2024|8|5|RESINAS E OUTROS|18|FLUOR GEL NEUTRO 1,23% COM SABOR TUTTIFRUTI, OU MENTA ETC VALIDADE 2 ANOS|8.65|40.0|0.0|0.0|0.0||46884097000143|GOLDEN PRODUTOS ODONTOLOGICOS LTDA
140660323|45638601|1401104|303|02|2024|8|2|INSTRUMENTOS ODONTOLOGICOS E CIRURGICOS|96|EXTRATOR DE TARTARO MACCAL 1314|7.0|25.0|0.0|0.0|0.0||46884097000143|GOLDEN PRODUTOS ODONTOLOGICOS LTDA
140660324|45638621|1401104|303|02|2024|8|1|INSUMOS ODONTOLOGICOS|63|BROCA DIAMANTADA CONICA TIPO ARREDONDADO 4138|6.11|30.0|0.0|0.0|0.0||46884097000143|GOLDEN PRODUTOS ODONTOLOGICOS LTDA
140660325|45638586|1401104|303|02|2024|8|4|MEDICAMENTOS ODONTOLOGICOS E SIMILARES|69|IONOMERO DE VIDRO RESTAURADOR CAPSULA FOTOATIVADO BASEADO NA TECNOLOGIA IONGLASS, APRESENTANDO UMA MISTURA UNICA DE DIFERENTES TAMANHOS DE PARTICULAS DE VIDRO ULTRAFINAS ALTAMENTE REATIVAS ESTE VIDRO HIBRIDO BIOATIVO POSSIBILITA RESTAURACOES COM LONGA DURACAO, APRESENTANDO EXCELENTE MANUSEIO, RESISTENCIA E ESTETICA A PARTICULA DE CARGAS IONGLASS CONTEM IONS DE FLUOR E ESTRONCIO, QUE AUMENTAM SINERGICAMENTE A BIOREMINERALIZACAO DOS DENTES PONTA LARANJA TRANSPARENTE A TONALIDADE LARANJA IMPEDE QUE O MATERIAL TOME PRESA DE FORMA PREMATURA SOB A LUZ DO REFLETOR DURANTE A INSERCAO NA CAVIDADE ESTA INOVACAO GARANTE O MAXIMO CONTROLE DURANTE A APLICACAO REDUZINDO O DESPERDICIO REFORCADO CO|321.95|40.0|0.0|0.0|0.0||31401798000107|DENTAL BH BRASIL COMERCIO DE PRODUTOS ODONTOMEDICOHOSPITALAR EIRELIEPP
140660326|45638590|1401104|303|02|2024|8|5|RESINAS E OUTROS|33|ADESIVO DENTINARIO MONOCOMPONENTEPRIMER E ADESIVO JUNTOS FOTOATIVADO, COMPOSTO DE BISGMA, HEMA DIURETANO DIMETACRILATO, COPOLIMERO DO ACIDO POLIALCENOICO, CANFOROQUINONA, AGUA, ETANOL, E GLICOSE 13 DIMETACRILATO, 10%EM PESO DE NANO PARTICULAS DE SILICA 5 NANOMETROS FRASCO DE 6G|65.72|65.0|0.0|0.0|0.0||46884097000143|GOLDEN PRODUTOS ODONTOLOGICOS LTDA
140660330|45638671|1401104|303|02|2024|8|2|INSTRUMENTOS ODONTOLOGICOS E CIRURGICOS|16|CURETA GRACEY 11 E 12|6.26|25.0|0.0|0.0|0.0||46884097000143|GOLDEN PRODUTOS ODONTOLOGICOS LTDA
140660327|45638679|1401104|303|02|2024|8|1|INSUMOS ODONTOLOGICOS|75|BROCA DIAMANTADA N°3070|12.01|40.0|0.0|0.0|0.0||46884097000143|GOLDEN PRODUTOS ODONTOLOGICOS LTDA
140660328|45638564|1401104|303|02|2024|8|2|INSTRUMENTOS ODONTOLOGICOS E CIRURGICOS|60|SERINGA CARPULE COM REFLUXO PRODUTO ACO INOXIDAVEL, AUTOCLAVAVEL , UTILIZADA PARA AUXILIAR NA APLICACAO DE ANESTESIA DENTARIA GOLGRAN OU SIMILAR|33.15|40.0|0.0|0.0|0.0||46884097000143|GOLDEN PRODUTOS ODONTOLOGICOS LTDA
140660329|45638607|1401104|303|02|2024|8|5|RESINAS E OUTROS|89|CUNHA DE MADEIRA COLORIDA ANATOMICA VARIOS TAMANHOS , EMBALAGEM COM 100 UNIDADES|15.25|3.0|0.0|0.0|0.0||46884097000143|GOLDEN PRODUTOS ODONTOLOGICOS LTDA
140660331|45638702|1401104|303|02|2024|8|5|RESINAS E OUTROS|102|CAIXA PLASTICA ORGANIZADORA MULTIUSO 20 LITROS|50.0|20.0|0.0|0.0|0.0||46884097000143|GOLDEN PRODUTOS ODONTOLOGICOS LTDA
140660332|45638541|1401103|303|02|2024|8|2|LOTE 2|2|ARMÁRIO DE ACO MEDINDO NO MÍNIMO 120X198X045 COM CHAVE COM DUAS PORTAS DE ABRIR QUATRO PRATELEIRA CHAPA 24 COM TRATAMENTO ANTIFERRUGINOSO E PINTURA EPÓXI COR PADRAO DO FABRICANTE|725.0|23.0|0.0|0.0|0.0||43633468000126|BR2000 INDUSTRIA E METALURGICA LTDA
140660333|45638548|1401103|303|02|2024|8|10|LOTE 10|10|LOUSA QUADRO BRANCO120X90 CM, COM MOLURA MDF ALUMINIO REVESTIDA COM MELAMINA COM TAMPO DE CHAPA DE FIBRA DE MADEIRA 3MM DE RESFLORESTAMENTO ACABAMENTO EM PINTURA UV BRILHANTE COM PORTA CANETA EM PVC E CANTONEIRAS EM PLASTICO POLIESTIRENO ACOMPANHA KIT DE INSTALACAO COM FIXACAO INVISIVEL CARACTERISTICAS TECNICAS COM SUPORTE DE CANETA EM PVC 15 CM MEDIDAS 90X3X120 CENTIMETROS PESO 3,40 KG|130.0|2.0|0.0|0.0|0.0||24708774000130|JOSE NEYMAR MENDES GOLCALVES 06525136628
140660334|45638606|1401104|303|02|2024|8|5|RESINAS E OUTROS|85|APLICADOR MICROBRUSH EMBALAGEM C 100 ALL PRIME, KG SORENSEN OU ANGELUS|10.0|65.0|0.0|0.0|0.0||46884097000143|GOLDEN PRODUTOS ODONTOLOGICOS LTDA
140660335|45638659|1401104|303|02|2024|8|1|INSUMOS ODONTOLOGICOS|147|KIT ACADEMICO ODONTOLOGICO DEVE CONTER COM 1 MICROMOTOR CONTRA ANGULO PECA RETA CANETA DE ALTA ROTACAO LUBRIFICANTE SPRAY MAQUIRA SPRAY 200ML AUTOCLAVAVEL, GARANTIA NO MINIMO 6 MESES KAVO, GNATUS OU SIMILAR|415.0|6.0|0.0|0.0|0.0||46884097000143|GOLDEN PRODUTOS ODONTOLOGICOS LTDA
140660336|45638634|1401104|303|02|2024|8|1|INSUMOS ODONTOLOGICOS|111|BROCA DIAMANTADA AR PEDIATRICA CICLINDRICA N°1342|2.55|40.0|0.0|0.0|0.0||46884097000143|GOLDEN PRODUTOS ODONTOLOGICOS LTDA
140660337|45638630|1401104|303|02|2024|8|1|INSUMOS ODONTOLOGICOS|104|BROCA ESFERICA DIAMANTADA N°1019|3.72|40.0|0.0|0.0|0.0||46884097000143|GOLDEN PRODUTOS ODONTOLOGICOS LTDA
140660338|45638683|1401104|303|02|2024|8|2|INSTRUMENTOS ODONTOLOGICOS E CIRURGICOS|116|FORCEPS ADULTO 17 PRODUTO ACO INOXIDAVEL, AUTOCLAVAVEL, INDICADO PARA CIRURGIA ODONTOLOGICA, EXERESE DO ELEMENTO DENTARIO|90.0|10.0|0.0|0.0|0.0||46884097000143|GOLDEN PRODUTOS ODONTOLOGICOS LTDA
140660339|45638649|1401104|303|02|2024|8|1|INSUMOS ODONTOLOGICOS|139|OLEO LUBRIFICANTE PARA LUBRIFICACAO INTERNA DE TURBINAS, MICROMOTORES E INSTRUMENTOS, ANTES DE CADA CICLO DE ESTERILIZACAO|41.12|25.0|0.0|0.0|0.0||46884097000143|GOLDEN PRODUTOS ODONTOLOGICOS LTDA
140660340|45638604|1401104|303|02|2024|8|5|RESINAS E OUTROS|77|PINCEL PARA RESINA PELO SINTETICO INDICADO PARA APLICACAO DE OPACO E RESINA FOTOPOLIMERIZAVEL N°4 OU 6|29.98|25.0|0.0|0.0|0.0||46884097000143|GOLDEN PRODUTOS ODONTOLOGICOS LTDA
140660341|45638631|1401104|303|02|2024|8|1|INSUMOS ODONTOLOGICOS|105|BROCA DIAMANTADA ALTA ROTACAO CILINDRICA N°1090|3.72|40.0|0.0|0.0|0.0||46884097000143|GOLDEN PRODUTOS ODONTOLOGICOS LTDA
140660342|45638692|1401104|303|02|2024|8|3|EQUIPAMENTOS|15|INDICADOR BIOLOGICO PARA MONITORAR CICLOS DE ESTERILIZACAO A VAPOR APRESENTACAO FRASCO PLASTICO CONTENDO TIRA DE PAPEL COM ESPOROS DE GEOBACILLUSSTEAROTHERMOPHILUS ATCC 7953 E AMPOLA DE VIDRO SELADA COM MEIO DE CULTURA CAIXA COM 10 UNIDADES|42.03|100.0|0.0|0.0|0.0||31401798000107|DENTAL BH BRASIL COMERCIO DE PRODUTOS ODONTOMEDICOHOSPITALAR EIRELIEPP
140660343|45638568|1401104|303|02|2024|8|2|INSTRUMENTOS ODONTOLOGICOS E CIRURGICOS|76|PINCA GOIVA COM PONTA ATIVA CURVADA EM ACO INOXIDAVEL, AUTOCLAVAVEL|51.58|15.0|0.0|0.0|0.0||46884097000143|GOLDEN PRODUTOS ODONTOLOGICOS LTDA
140660344|45638658|1401104|303|02|2024|8|1|INSUMOS ODONTOLOGICOS|146|LUPA DE AUMENTO FRONTAL, DE CABECA|300.0|8.0|0.0|0.0|0.0||46884097000143|GOLDEN PRODUTOS ODONTOLOGICOS LTDA
140660345|45638699|1401104|303|02|2024|8|3|EQUIPAMENTOS|30|APARELHO PORTATIL DE LASERTERAPIA DE BAIXA INTENSIDADE, COM DOIS COMPRIMENTOS DE ONDA NO MESMO APARELHO, 660 NM LASER VERMELHO E 808 NM LASER INFRAVERMELHODEVE CONTER CANETA PORTATIL COM OS DOIS LASERS 660NM E 808NM 03 OCULOS DE SEGURANCA SENDO 02 PARA PROFISSIONAL E 01 PACIENTE MANUAL DE INSTRUCAO CD DE PROTOCOLOS CLINICOS FONTE DE ALIMENTACAO GARANTIA DE PELO MENOS 12 MESES INDICADO PARA O TRATAMENTO DE MUCOSITE ORAL, TERAPIA FOTODINAMICA PDT, HERPES ZOSTER, NEVRALGIA DO TRIGEMEO, PARALISIA FACIAL, DORES ARTICULARES, INFLAMACOES EM GERAL, LESOES DA MUCOSA ORAL, HIPERSENSIBILIDADE DENTINARIA, AFTAS E CANDIDIASE, DOR E DISFUNCAO DE ATM, HERPES SIMPLES LABIAL RECORRENTE, TRA|4092.78|2.0|0.0|0.0|0.0||31401798000107|DENTAL BH BRASIL COMERCIO DE PRODUTOS ODONTOMEDICOHOSPITALAR EIRELIEPP
140660346|45638669|1401104|303|02|2024|8|2|INSTRUMENTOS ODONTOLOGICOS E CIRURGICOS|6|CURETA GRACEY 5 E 6|7.0|25.0|0.0|0.0|0.0||46884097000143|GOLDEN PRODUTOS ODONTOLOGICOS LTDA
140660347|45638686|1401104|303|02|2024|8|2|INSTRUMENTOS ODONTOLOGICOS E CIRURGICOS|122|FORCEPS ADULTO 101 PRODUTO ACO INOXIDAVEL, AUTOCLAVAVEL, INDICADO PARA CIRURGIA ODONTOLOGICA, EXERESE DO ELEMENTO DENTARIO|51.95|10.0|0.0|0.0|0.0||46884097000143|GOLDEN PRODUTOS ODONTOLOGICOS LTDA
140660348|45638651|1401104|303|02|2024|8|1|INSUMOS ODONTOLOGICOS|141|ROLO DE PAPEL PARA ESTERILIZACAO 15CM X 100M CONFECCIONADO PARA EMBALAR PRODUTOS MEDICOS, HOSPITALARES E ODONTOLOGICOS A SEREM ESTERILIZADOS EM QUALQUER PROCESSO EM AUTOCLAVES A EMBALAGEM DO PAPEL GRAU CIRURGICO PARA ESTERILIZACAO POSSUI UMA CARACTERISTICA TERMO SENSIVEL, ATOXICA E RESISTENTE, SENDO UM LADO EM PAPEL GRAU CIRURGICO E O OUTRO, EM FILME LAMINADO DE POLIESTER COM POLIPROPILENO|92.14|45.0|0.0|0.0|0.0||46884097000143|GOLDEN PRODUTOS ODONTOLOGICOS LTDA
140660349|45638565|1401104|303|02|2024|8|2|INSTRUMENTOS ODONTOLOGICOS E CIRURGICOS|64|AFASTADOR DE MINESOTA EM ACO INOXIDAVEL, AUTOCLAVAVEL|7.36|15.0|0.0|0.0|0.0||46884097000143|GOLDEN PRODUTOS ODONTOLOGICOS LTDA
140660350|45638709|1401105|303|02|2024|8|1|LOTE 1|4|BOLO CASEIRO TIPO BROA DE FUBÁ PRODUTO ASSADO CONSTITUÍDO POR MISTURAS EM PÓ DE VÁRIOS INGREDIENTES FARINHAS OU AMIDO ACÚCAR FERMENTO QUÍMICO OU BIOLÓGICO PODENDO CONTER OVOS MANTEIGA GORDURAS E OUTRAS SUBSTÂNCIAS ALIMENTÍCIAS QUE CARACTERI|32.0|400.0|0.0|0.0|0.0||08492145000169|RADC TEL EVENTOS E SERVICOS LTDA
140660351|45638707|1401105|303|02|2024|8|1|LOTE 1|10|SALGADINHOS DE FESTA VARIADOS FRITOS|94.5|500.0|0.0|0.0|0.0||08492145000169|RADC TEL EVENTOS E SERVICOS LTDA
140660352|45638545|1401103|303|02|2024|8|6|LOTE 6|6|VENTILADOR DE COLUNA OSCILANTE DIAMETRO MÍNIMO DE 50 CM POTÊNCIA MÍNIMA DE 160 W ROTACAO MÍNIMA DE 1400 RPM GRADE METALICA VELOCIDADE REGULAVEL ALTURA REGULAVEL TENSAO110 V|240.0|6.0|0.0|0.0|0.0||24708774000130|JOSE NEYMAR MENDES GOLCALVES 06525136628
140660356|45638597|1401104|303|02|2024|8|5|RESINAS E OUTROS|62|KIT DE COROA DE POLIESTER PARA DENTES DECIDUOS ANTERIORES KIT 4154 COM 64 UNIDADES|191.9|16.0|0.0|0.0|0.0||46884097000143|GOLDEN PRODUTOS ODONTOLOGICOS LTDA
140660353|45638553|1401103|303|02|2024|8|8|LOTE 8|8|CAIXA DE SOM AMPLIFICADA BLUETOOTH POTENCIA RMS 700W, DISPLAY DE CONTROLE SIM, BLUETOOTH SIM, ENTRADAS USB, AUXILIAR, MICROFONE E MICRO SD CARD, RAADIO AMFM SIM, FM, EQUALIZADOR SIM, BATERIA SIM ALCA PARA TRANSPORTE SIM, CONTEUDO DA EMBALAGEM 01 CAIXA DE SOM E MANUAL DE INSTRUCOES, DIMENSOES ALTURA 42 CM, LARGURA 39 CM, PROFUNDIDADE 69 CM , PESO 16,60KG GARANTIA12 MESES|909.99|1.0|0.0|0.0|0.0||47094894000190|AL OLIVEIRA LTDA
140660354|45638552|1401103|303|02|2024|8|1|LOTE 1|1|CADEIRA DE ESCRITORIO COM APOIA DE BRACOS FIXO, BASE GIRATORIA REFORCADA COM REGULAGEM DE ALTURA DO ASSENTO A GAS, REGULAGEM DE INCLINACAO POR SISTEMA DE RELAX, COM DIMENSOES AVANTAJADAS QUE SUPORTA COM CONFORTO E ERGONOMIA ATE 150KG, ESPUMA INJETADA COM REVESTIMENTOMEDIDAS DO ASSENTO 53 X 48CM MEDIDAS DO ENCOSTO 53 X 49CMLARGURA TOTAL 67CM GARANTIA DE FABRICA 1 ANO|280.0|36.0|0.0|0.0|0.0||24708774000130|JOSE NEYMAR MENDES GOLCALVES 06525136628
140660355|45638605|1401104|303|02|2024|8|5|RESINAS E OUTROS|81|FIO DENTAL 500M|16.0|100.0|0.0|0.0|0.0||46884097000143|GOLDEN PRODUTOS ODONTOLOGICOS LTDA
140660357|45638622|1401104|303|02|2024|8|1|INSUMOS ODONTOLOGICOS|67|BROCA DIAMANTADA N° 3097|4.86|40.0|0.0|0.0|0.0||46884097000143|GOLDEN PRODUTOS ODONTOLOGICOS LTDA
140660358|45638650|1401104|303|02|2024|8|1|INSUMOS ODONTOLOGICOS|140|ROLO DE PAPEL PARA ESTERILIZACAO 30CM X 100M CONFECCIONADO PARA EMBALAR PRODUTOS MEDICOS, HOSPITALARES E ODONTOLOGICOS A SEREM ESTERILIZADOS EM QUALQUER PROCESSO EM AUTOCLAVES A EMBALAGEM DO PAPEL GRAU CIRURGICO PARA ESTERILIZACAO POSSUI UMA CARACTERISTICA TERMO SENSIVEL, ATOXICA E RESISTENTE, SENDO UM LADO EM PAPEL GRAU CIRURGICO E O OUTRO, EM FILME LAMINADO DE POLIESTER COM POLIPROPILENO|179.13|16.0|0.0|0.0|0.0||46884097000143|GOLDEN PRODUTOS ODONTOLOGICOS LTDA
140660359|45638555|1401104|303|02|2024|8|1|INSUMOS ODONTOLOGICOS|5|BROQUEIRO PARA BROCAS DE ALTA ROTACAO, MATERIAL ALUMINIO, MODELO ESTOJO ABERTO, CAPACIDADE CERCA DE 60 BROCAS, INDICACAO P ESTERILIZACAO, AUTOCLAVAVEL|77.29|6.0|0.0|0.0|0.0||46884097000143|GOLDEN PRODUTOS ODONTOLOGICOS LTDA
140660360|45638675|1401104|303|02|2024|8|4|MEDICAMENTOS ODONTOLOGICOS E SIMILARES|12|ANESTESICO CLORIDRATO DE LIDOCAINA 2 % E EPINEFRINA 1100000 CAIXA COM 50 TUBETES DE 1,8ML, CONDICIONADOS EM BLISTERS LACRADOS COM 10 TUBETES CADA TUBETE DE VIDRO|119.18|140.0|0.0|0.0|0.0||31401798000107|DENTAL BH BRASIL COMERCIO DE PRODUTOS ODONTOMEDICOHOSPITALAR EIRELIEPP
140660361|45638588|1401104|303|02|2024|8|5|RESINAS E OUTROS|23|RESINA FLUIDA RESINA FLOW A2 CONSISTENCIA FLUIDA DEVE APRESENTAR ALTA FLUIDEZ, FACILITANDO O ACESSO EM PEQUENAS CAVIDADES RESINA COMPOSTA FOTOPOLIMERIZAVEL, HIBRIDA E COM MICROPARTICULAS VITROCERAMICAS PRODUTO DE MAIOR RESISTENCIA, E MENOR CONTRACAO DE POLIMERIZACAO RESINA MASTER FLOW BIODINAMICA, RESINA APPLIC OU FLOW MAQUIRA|15.0|50.0|0.0|0.0|0.0||46884097000143|GOLDEN PRODUTOS ODONTOLOGICOS LTDA
140660362|45638632|1401104|303|02|2024|8|1|INSUMOS ODONTOLOGICOS|107|BROCA DIAMANTADA ALTA ROTACAO CILINDRICA N°1092|3.72|40.0|0.0|0.0|0.0||46884097000143|GOLDEN PRODUTOS ODONTOLOGICOS LTDA
140660363|45638567|1401104|303|02|2024|8|2|INSTRUMENTOS ODONTOLOGICOS E CIRURGICOS|72|PINCA PORTA AGULHA MAYOHEGAR 14 CM EM ACO INOXIDAVEL, AUTOCLAVAVEL|20.63|30.0|0.0|0.0|0.0||46884097000143|GOLDEN PRODUTOS ODONTOLOGICOS LTDA
140660364|45638654|1401104|303|02|2024|8|4|MEDICAMENTOS ODONTOLOGICOS E SIMILARES|83|GLUCONATO DE CLOREXIDINA A 0,12%|9.49|20.0|0.0|0.0|0.0||31401798000107|DENTAL BH BRASIL COMERCIO DE PRODUTOS ODONTOMEDICOHOSPITALAR EIRELIEPP
140660365|45638583|1401104|303|02|2024|8|4|MEDICAMENTOS ODONTOLOGICOS E SIMILARES|57|CIMENTO DE HIDROXIDO DE CALCIO RADIOPACO, PARA CAPEAMENTO POPULAR E FORRAMENTO CAVITARIO, CONTENDO 01TUBO DE PASTA BASE 13GRS, 1 TUBO DE PASTA CATALIZADORA 11GRS E 1 BLOCO DE MISTURA|24.76|20.0|0.0|0.0|0.0||31401798000107|DENTAL BH BRASIL COMERCIO DE PRODUTOS ODONTOMEDICOHOSPITALAR EIRELIEPP
140660366|45638704|1401104|303|02|2024|8|3|EQUIPAMENTOS|35|MINI INCUBADORA PARA TESTAR O PROCESSO DE ESTERILIZACAO A VAPOR NO CICLO DE 24 OU 48 HORAS CAPACIDADE DE INCUBAR ATE 4 INDICADORES BIOLOGICOS|182.22|4.0|0.0|0.0|0.0||31401798000107|DENTAL BH BRASIL COMERCIO DE PRODUTOS ODONTOMEDICOHOSPITALAR EIRELIEPP
140660367|45638701|1401104|303|02|2024|8|1|INSUMOS ODONTOLOGICOS|152|KITS DE SAUDE BUCAL CONTENDO ESCOVA ADOLESCENTE COM CERDAS DE NYLON MACIAS, COM 4 FILEIRAS DE TUFOS, CONTENDO DE 30 A 38 TUFOS, APARADAS UNIFORMEMENTE E ARREDONDADAS, CABO RETO E OPACO, MEDINDO ENTRE 16 A 18 CM, ANATOMICO COM EMPUNHADURA, EMBALADAS INDIVIDUALMENTE EM ESTOJO DE PVC CRISTAL, FIO DENTAL DE 25M E CREME DENTAL DE 50G, EM SACOLINHA DE PVC GROSSO, LEITOSO, ONDE SEJA POSSIVEL IMPRESSAO DE PUBLICIDADE INSTITUCIONAL DA PREFEITURA, COM FECHO DE PRESSAO|11.39|4000.0|0.0|0.0|0.0||46884097000143|GOLDEN PRODUTOS ODONTOLOGICOS LTDA
140660368|45638559|1401104|303|02|2024|8|2|INSTRUMENTOS ODONTOLOGICOS E CIRURGICOS|40|SONDA MILIMETRADA WILLIAMS INDICADA PARA SONDAR SULCO PERIODONTAL E MEDIR PROFUNDIDADE DE BOLSA PERIODONTAL|11.0|15.0|0.0|0.0|0.0||46884097000143|GOLDEN PRODUTOS ODONTOLOGICOS LTDA
140660369|45638561|1401104|303|02|2024|8|2|INSTRUMENTOS ODONTOLOGICOS E CIRURGICOS|48|PINCA DE INSTRUMENTO CLINICO PRODUZIDO EM ACO INOXIDAVEL, CONHECIDA COMO PINCA DE ALGODAO, OU PINCA UNIVERSAL, COM PINO GUIA UTILIZADA PARA USO GERAL NO CONSULTORIO, APREENSAO DE OBJETOS TAIS COMO GAZE, ALGODAO, FIOS,ETC|7.36|30.0|0.0|0.0|0.0||46884097000143|GOLDEN PRODUTOS ODONTOLOGICOS LTDA
140660370|45638592|1401104|303|02|2024|8|5|RESINAS E OUTROS|42|RESINA COMPOSTA DIRETA MICRO HIBRIDA, FOTOPOLIMERIZAVEL, RADIOPACA, CARGA MICROGLASS, QUE PROPORCIONE EFEITO CAMALEAO, COM MATRIZ ORGANICA DE BISGMA E PARTICULAS DE BARIO OU BISGMA E PARTICULAS DE ZIRCONIASILICA, NA COR A2 DE ESMALTE|40.0|50.0|0.0|0.0|0.0||46884097000143|GOLDEN PRODUTOS ODONTOLOGICOS LTDA
140660371|45638633|1401104|303|02|2024|8|1|INSUMOS ODONTOLOGICOS|109|BROCA DIAMANTADA AR PEDIATRICA ESFERICA N°1302|2.55|40.0|0.0|0.0|0.0||46884097000143|GOLDEN PRODUTOS ODONTOLOGICOS LTDA
140660372|45638598|1401104|303|02|2024|8|5|RESINAS E OUTROS|66|KIT DE COROA DE POLIESTER PARA DENTES PERMANENTES ANTERIORES COM 64 UNIDADES|219.9|16.0|0.0|0.0|0.0||46884097000143|GOLDEN PRODUTOS ODONTOLOGICOS LTDA
140660373|45638685|1401104|303|02|2024|8|2|INSTRUMENTOS ODONTOLOGICOS E CIRURGICOS|120|FORCEPS ADULTO18R PRODUTO ACO INOXIDAVEL, AUTOCLAVAVEL, INDICADO PARA CIRURGIA ODONTOLOGICA, EXERESE DO ELEMENTO DENTARIO|51.95|10.0|0.0|0.0|0.0||46884097000143|GOLDEN PRODUTOS ODONTOLOGICOS LTDA
140660374|45638687|1401104|303|02|2024|8|2|INSTRUMENTOS ODONTOLOGICOS E CIRURGICOS|124|FORCEPS ADULTO 150 PRODUTO ACO INOXIDAVEL, AUTOCLAVAVEL, INDICADO PARA CIRURGIA ODONTOLOGICA, EXERESE DO ELEMENTO DENTARIO|51.95|10.0|0.0|0.0|0.0||46884097000143|GOLDEN PRODUTOS ODONTOLOGICOS LTDA
140660375|45638610|1401104|303|02|2024|8|1|INSUMOS ODONTOLOGICOS|14|BROCA ENDO Z|16.22|30.0|0.0|0.0|0.0||46884097000143|GOLDEN PRODUTOS ODONTOLOGICOS LTDA
140660376|45638594|1401104|303|02|2024|8|5|RESINAS E OUTROS|50|RESINA COMPOSTA DIRETA MICRO HIBRIDA, FOTOPOLIMERIZAVEL, RADIOPACA, CARGA MICROGLASS, QUE PROPORCIONE EFEITO CAMALEAO, COM MATRIZ ORGANICA DE BISGMA E PARTICULAS DE BARIO OU BISGMA E PARTICULAS DE ZIRCONIASILICA, NA COR A3,5 DE ESMALTE|40.0|50.0|0.0|0.0|0.0||46884097000143|GOLDEN PRODUTOS ODONTOLOGICOS LTDA
140660380|45638648|1401104|303|02|2024|8|1|INSUMOS ODONTOLOGICOS|138|BROCA CARBITE CA N°8 ESFERICAS MULTILAMINADA BAIXA ROTACAO|10.59|100.0|0.0|0.0|0.0||46884097000143|GOLDEN PRODUTOS ODONTOLOGICOS LTDA
140660377|45638608|1401104|303|02|2024|8|4|MEDICAMENTOS ODONTOLOGICOS E SIMILARES|78|HEMOSTATICO LIQUIDO A BASE DE CLORETO DE ALUMINIO|13.48|30.0|0.0|0.0|0.0||31401798000107|DENTAL BH BRASIL COMERCIO DE PRODUTOS ODONTOMEDICOHOSPITALAR EIRELIEPP
140660378|45638661|1401104|303|02|2024|8|1|INSUMOS ODONTOLOGICOS|149|SACA BROCAS PARA ALTA ROTACAO SACA BROCAS UNIVERSAL INDICADO PARA TURBINAS DE ALTA ROTACAO|33.13|20.0|0.0|0.0|0.0||46884097000143|GOLDEN PRODUTOS ODONTOLOGICOS LTDA
140660379|45638617|1401104|303|02|2024|8|1|INSUMOS ODONTOLOGICOS|47|BROCA DIAMANTADA CONICA ARREDONDADA 2134|3.32|25.0|0.0|0.0|0.0||46884097000143|GOLDEN PRODUTOS ODONTOLOGICOS LTDA
140660381|45638711|1401105|303|02|2024|8|1|LOTE 1|11|BISCOITOS CASEIROS COMPOSICAO BISCOITO DE QUEIJO PALITINHO DE POLVILHO PALITINHO ROSQUINHA DE NATA BROINHA DE FUBÁ E BISCOITO CRISTALIZADO EMBALAGEM PRIMÁRIA EMBALAGEM PLÁSTICA TRANSPARENTE E ATÓXICA CONTENDO 1 KG SECUNDÁRIA EMBALAGEM|58.5|410.0|0.0|0.0|0.0||08492145000169|RADC TEL EVENTOS E SERVICOS LTDA
140660382|45638547|1401103|303|02|2024|8|9|LOTE 9|9|QUADRO BRANCO COM MOLDURA EM ALUMINIO E SUPORTE PARA APAGADOR, MEDIDA 150X120 CENTIMETROS, CONFECCIONADO EM CHAPA DE MADEIRA COM NO MINIMO 3MM DE ESPESSURA E REVESTIDO COM LAMINADO MELAMINICO FORMICA BRANCO BRILHANTE O PRODUTO DEVERA ATENDER AS NORMAS AMBIENTAIS VIGENTES, DE ACORDO COM AS INSTRUCOES NORMATIVAS DO IBAMA|160.0|2.0|0.0|0.0|0.0||24708774000130|JOSE NEYMAR MENDES GOLCALVES 06525136628
140660383|45638550|1401103|303|02|2024|8|12|LOTE 12|12|TELA DE PROJECAO MODELO TRIPE, RETRATIL, PORTATIL, COM AJUSTE DE INCLINACAO E ALTURA MINIMA DE 2,8 M, FUNCION MANUAL COM TELA EM TECIDO MATE WHITE BRANCO OPACO, CORRECAO DO EFEITO TRAPEZIO GANHO DE BRILHO MINIMO DE 1,3 VEZES NA COR BRANCA E VERSO PRETO TUBO INTERNO E ESTOJO EM ALUMINIO, PINTADO COM PINTURA ELETROSTATICA MEDINDO APROXIMADAMENTE 1,80 X 1,80 DIAGONAL APROXIMADAMENTE 100 TRIPE E PES METALICO CROMADO COM GARANTIA MINIMA DE 12 MESES|670.0|1.0|0.0|0.0|0.0||71181184000181|DARIO HUMBERTO DE MELO CASTROME
140660384|45638546|1401103|303|02|2024|8|4|LOTE 4|4|COMPUTADOR DESKTOP COMPLETO PROCESSADOR INTEL CORE I59400F29 GHZ NÚCLEOS9 MB LGA 1151 PLACA MAE COMPATÍVEL COM SOQUETE LGA1151 MONITOR LCD 185 COM CAPACIDADE DE 8 GB MEMÓRIA RAM OU SUPERIOR DISCO DE ARMAZENAMENTO SSD MÍNIMO 120 GB OU HD COM NO MÍNIMO 1 TB DRIVE GRAVADOR E LEITOR DE CDDVD PLACA OU ADAPTADOR DE REDE WIRELESS TECLADO MULTIMÍDIA PORTUGUÊS BRASIL ABNT2 MOUSE ÓTICO 06 PORTAS UBS CAIXAS DE SOM USB TODOS OS COMPONENTES DO PRODUTO DEVERAO SER NOVOS SEM USO REFORMA OU RECONDICIONAMENTO GARANTIA 12 MESES|1810.0|11.0|0.0|0.0|0.0||15427657000107|LYRON INFORMATICA LTDAME
140660385|45638717|1401106|303|02|2024|8|||1|CONTRATACAO DE EMPRESA ESPECIALIZADA EM CONTRUCAO CIVIL, PARA EXECUCAO DA REFORMA DA UBSUNIDADE BASICA DE SAUDE,DENOMINADAUNIDADE TOPAZIO, NA LOCALIDADE DA RUA HERMES MARTINS BENTO,SN°, BAIRRO SAO GERALDOCAETEMG, COM FORNECIMENTO DE MATERIAL E MAODEOBRA NECESSARIA PARA EXECUTAR A REFORMA|0.0|0.0|0.0|0.0|169795.98|SIM|46774189000170|CONSTRUTORA FORTEZZA LTDA EPP
140660386|45638577|1401104|303|02|2024|8|4|MEDICAMENTOS ODONTOLOGICOS E SIMILARES|37|KIT CIMENTO PROVISORIO IRM CIMENTO DE OXIDO DE ZINCO E EUGENOL REFORCADO IRM PO LIQUIDO , INDICADO PARA RESTAURACOES TEMPORARIAS , CURATIVOS DE DEMORA OU FORRAMENTO CAVITARIO|16.8|30.0|0.0|0.0|0.0||31401798000107|DENTAL BH BRASIL COMERCIO DE PRODUTOS ODONTOMEDICOHOSPITALAR EIRELIEPP
140660387|45638646|1401104|303|02|2024|8|1|INSUMOS ODONTOLOGICOS|135|BROCA CARBITE CA N°6 ESFERICAS MULTILAMINADA BAIXA ROTACAO|8.09|100.0|0.0|0.0|0.0||46884097000143|GOLDEN PRODUTOS ODONTOLOGICOS LTDA
140660388|45638667|1401104|303|02|2024|8|5|RESINAS E OUTROS|94|TIRA DE LIXA DE ACO 4MM UTILIZADAS PARA ACABAMENTO E POLIMENTO DAS FACES PROXIMAS DAS RESTAURACOES PARA SEREM USADAS EM COMPOSITOS, ACRILICOS, IONOMEROS DE CIMENTO DE VIDRO E AMALGAMAS|10.0|35.0|0.0|0.0|0.0||46884097000143|GOLDEN PRODUTOS ODONTOLOGICOS LTDA
140660389|45638609|1401104|303|02|2024|8|2|INSTRUMENTOS ODONTOLOGICOS E CIRURGICOS|103|ESPONJA HEMOSTATICA DE COLAGENO HIDROLISADO COM FIBRINA CAIXA COM 25 UNIDADES|171.0|15.0|0.0|0.0|0.0||46884097000143|GOLDEN PRODUTOS ODONTOLOGICOS LTDA
140660390|45638693|1401104|303|02|2024|8|3|EQUIPAMENTOS|20|INTEGRADOR QUIMICO CLASSE 5 VAPOR, FITA DUPLA CAIXA COM 250 FITAS DUPLAS|91.98|30.0|0.0|0.0|0.0||31401798000107|DENTAL BH BRASIL COMERCIO DE PRODUTOS ODONTOMEDICOHOSPITALAR EIRELIEPP
140660391|45638627|1401104|303|02|2024|8|1|INSUMOS ODONTOLOGICOS|93|BROCA ESFERICA DIAMANTADA N°1014|3.72|40.0|0.0|0.0|0.0||46884097000143|GOLDEN PRODUTOS ODONTOLOGICOS LTDA
140660392|45638673|1401104|303|02|2024|8|4|MEDICAMENTOS ODONTOLOGICOS E SIMILARES|2|CONDICIONADOR DE ACIDO POLIACRILICO VILTRO 11,5% CONDICIONADOR DENTINARIO, TENDO EM SUA COMPOSICAO ACIDO POLI ACRILICO, GLICERINA, AZUL DE METILENO, AGUA DEIONIZADA, FRASCO COM 10 ML E REGISTRO DE MS CONDICIONADOR PARA AUXILIO NA ADESAO DOS CIMENTOS DE IONOMERO DE VIDRO, AGI NA LAMA DENTINARIA DISPERSA, DURANTE OS PREPAROS VIDRO CONDICIONADOR DEL OU SIMILAR|55.11|40.0|0.0|0.0|0.0||31401798000107|DENTAL BH BRASIL COMERCIO DE PRODUTOS ODONTOMEDICOHOSPITALAR EIRELIEPP
140660393|45638584|1401104|303|02|2024|8|4|MEDICAMENTOS ODONTOLOGICOS E SIMILARES|61|PASTA DE HIDROXIDO DE CALCIO, COM PH 12,5 ACONDICIONADO EM SERINGA PASTA BRANCA, RADIOPACA, VISCOSA BIOCOMPATIVEL, CONTENDO HIDROXIDO DE CALCIO A 35% NUMA SOLUCAO AQUOSA KIT CONTENDO 1 SERINGA DE 1,2 ML E PONTAS APLICADORAS ULTRA XS|91.56|30.0|0.0|0.0|0.0||31401798000107|DENTAL BH BRASIL COMERCIO DE PRODUTOS ODONTOMEDICOHOSPITALAR EIRELIEPP
140660394|45638691|1401104|303|02|2024|8|2|INSTRUMENTOS ODONTOLOGICOS E CIRURGICOS|132|DETERGENTE ENZIMATICO 5 ENZIMAS INDICADO ESPECIFICAMENTE PARA A LIMPEZA DE INSTRUMENTAL CIRURGICO, ARTIGOS MEDICOS E ODONTOLOGICOS, MANUALMENTE E OU ATRAVES DE LAVADORAS AUTOMATICAS DE LIMPEZA, COM A FINALIDADE DE REMOVER AS SUJIDADES ORGANICAS E EVITAR A FORMACAO DE COMPOSTOS INSOLUVEIS NA SUPERFICIE DESSES DISPOSITIVOS 1 OU 5 LITROS OU DETERGENTE ENZIMATICO COM 4 ENZIMAS AMILASE, PROTEASE, LIPASE, CARBOIDRASE, SOLUBILIZANTE, TENSOATIVO NAO IONICO, SOLVENTE, CORANTE, ESSENCIA FLORAL E AGUA DEIONIZADA COM PROPORCAO DE MISTURA DE 5ML PARA 1 LITRO DE AGUA, PARA IMERSAO POR 5 MINUTOS, COM 24 MESES DE VALIDADE|53.11|100.0|0.0|0.0|0.0||46884097000143|GOLDEN PRODUTOS ODONTOLOGICOS LTDA
140660395|45638566|1401104|303|02|2024|8|2|INSTRUMENTOS ODONTOLOGICOS E CIRURGICOS|68|CURETA DE LUCAS N° 86 CIRURGICA EM ACO INOXIDAVEL, AUTOCLAVAVEL|6.26|20.0|0.0|0.0|0.0||46884097000143|GOLDEN PRODUTOS ODONTOLOGICOS LTDA
140660396|45638563|1401104|303|02|2024|8|2|INSTRUMENTOS ODONTOLOGICOS E CIRURGICOS|56|BANDEJA CLINICA 22,0 CM X 17,0 CM PRODUTO ACO INOXIDAVEL, NAO PERFURADA, PODEM SER UTILIZADAS EM ESTUFAS OU AUTOCLAVES APOS LIMPEZA E SECAGEM UTILIZADA PARA ACONDICIONAMENTO DE INSTRUMENTAIS E MEDICACAO EM GERAL|25.12|40.0|0.0|0.0|0.0||46884097000143|GOLDEN PRODUTOS ODONTOLOGICOS LTDA
140660397|45638613|1401104|303|02|2024|8|1|INSUMOS ODONTOLOGICOS|29|PONTA DE ACABAMENTO FORMATO DE CHAMA 3118 FF|3.5|40.0|0.0|0.0|0.0||46884097000143|GOLDEN PRODUTOS ODONTOLOGICOS LTDA
143034486|46755104|1433278|304|03|2024|11|2|LOTE 2|2|REGISTRO DE GAVETA DE BRONZE DN 12 COM VOLANTE CONTENDO NO MÍNIMO 11 FIOS DE ROSCA EM CADA UMA DE SUA EXTREMIDADE NBR 15705 NBR NM ISO 71|25.0|35.0|0.0|0.0|0.0||01149960000180|ITALY VALVULAS E METAIS LTDA
142657556|46556370|1427251|304|03|2024|10|4|LOTE 4|4|ANEL DE CONCRETO ARMADO DN 800|215.0|5.0|0.0|0.0|0.0||41719477000109|KARAIBA MATERIAIS DE CONSTRUCAO LTDA - ME
142657554|46556366|1427249|304|03|2024|9|||1|HIDROMETRO MULTIJATO 15 X165 MM Q MAX 30 M³ HCLB REL 45 COM PORCAS E TUBETES DE 12 EM LATAO E ARRUELAS DE VEDACAO EM NYLON|76.75|2000.0|0.0|0.0|0.0||37867716000109|RENOVAR MEDICAO LTDA ME
143034477|46755235|1433282|304|03|2024|11|||63|POCO VISITA COMP.DN400MM ESGOT|261.13|10.0|0.0|0.0|0.0||08822721000199|MINAS TEC PRODUTOS E SERV.ESPECIALIZADOS LTDA-ME
143034478|46755187|1433282|304|03|2024|11|||15|ESCO.PONTAL.AQ.MONT.ESTRU AGUA|6.35|218.0|0.0|0.0|0.0||08822721000199|MINAS TEC PRODUTOS E SERV.ESPECIALIZADOS LTDA-ME
143034479|46755213|1433282|304|03|2024|11|||41|SINAL.FITA ZEBRADA FORN.INS.ES|1.09|9000.0|0.0|0.0|0.0||08822721000199|MINAS TEC PRODUTOS E SERV.ESPECIALIZADOS LTDA-ME
143034480|46755224|1433282|304|03|2024|11|||52|ESC.MEC.SOLO AGUA PROF.2,00M E|16.99|370.0|0.0|0.0|0.0||08822721000199|MINAS TEC PRODUTOS E SERV.ESPECIALIZADOS LTDA-ME
143034481|46755193|1433282|304|03|2024|11|||21|AS.TUB.CON.PVC JS DN20 25MM AG|0.84|4500.0|0.0|0.0|0.0||08822721000199|MINAS TEC PRODUTOS E SERV.ESPECIALIZADOS LTDA-ME
143034482|46755176|1433282|304|03|2024|11|||4|SINALIZACAO FITA ZEBRADA-AGUA|1.09|37200.0|0.0|0.0|0.0||08822721000199|MINAS TEC PRODUTOS E SERV.ESPECIALIZADOS LTDA-ME
143034483|46755184|1433282|304|03|2024|11|||12|ESC.MECANICA SECO PROF.2M AGUA|12.7|7802.0|0.0|0.0|0.0||08822721000199|MINAS TEC PRODUTOS E SERV.ESPECIALIZADOS LTDA-ME
143034484|46755197|1433282|304|03|2024|11|||25|AS.TUB.CON.PVC JS DN50 60MM AG|1.1|5000.0|0.0|0.0|0.0||08822721000199|MINAS TEC PRODUTOS E SERV.ESPECIALIZADOS LTDA-ME
143034485|46755242|1433282|304|03|2024|11|||70|CARGA E TRANSP.MAT.OBRA ESGOTO|12.68|3063.0|0.0|0.0|0.0||08822721000199|MINAS TEC PRODUTOS E SERV.ESPECIALIZADOS LTDA-ME
143034487|46755105|1433278|304|03|2024|11|4|LOTE 4|4|REGISTRO DE GAVETA DE BRONZE DN 1 COM VOLANTE CONTENDO NO MÍNIMO 05 FIOS DE ROSCA EM CADA UMA DE SUA EXTREMIDADE NBR 15705 NBR NM ISO 71|37.0|30.0|0.0|0.0|0.0||01149960000180|ITALY VALVULAS E METAIS LTDA
143034488|46755108|1433278|304|03|2024|11|8|LOTE 8|8|REGISTRO DE GAVETA DE BRONZE DN 212 COM VOLANTE CONTENDO NO MÍNIMO 05 FIOS DE ROSCA EM CADA UMA DE SUA EXTREMIDADE NBR 15705 NBR NM ISO 71|375.0|12.0|0.0|0.0|0.0||01149960000180|ITALY VALVULAS E METAIS LTDA
143034489|46755111|1433278|304|03|2024|11|12|LOTE 12|12|VALVULA DE RETENCAO HORIZONTAL EM LATAO FORJADO DN 112 40MM ABNT NBR 15055 DEVE POSSUIR RESISTÊNCIA MECÂNICA PARA RIGIDEZ DESGASTE E FADIGA OCASIONADOS DURANTE O USO PASSAGEM RETA PROPORCIONANDO PEQUENA PERDA DE CARGA CLASSE DE PRESSAO 16 BAR ROSCA BSP TAMPA LATAO FORJADO ASTMB61 CORPO LATAO FORJADO ASTMB61 PORTINHOLA METAL MATERIAL DE VEDACAO TEFLON|160.0|10.0|0.0|0.0|0.0||01149960000180|ITALY VALVULAS E METAIS LTDA
143034490|46755114|1433279|304|03|2024|11|3|LOTE 3|3|TURBIDIMETRO PORTATIL MICROPROCESSADO 01000 NTU|3690.0|2.0|0.0|0.0|0.0||01061762000160|DELFINI INDUSTRIA COMERICO LTDA
143034491|46755145|1433281|304|03|2024|11|5|LOTE 5|5|BALDE PLASTICO DE 15L|9.06|3.0|0.0|0.0|0.0||21856981000143|WTRADE INTERMEDICAO DE NEGOCIOS LTDA - ME
143034492|46755150|1433281|304|03|2024|11|30|LOTE 30|30|SACO PLASTICO REFORCADO 200L.|34.93|30.0|0.0|0.0|0.0||21856981000143|WTRADE INTERMEDICAO DE NEGOCIOS LTDA - ME
143034493|46755138|1433281|304|03|2024|11|23|LOTE 23|23|RODO DE ESPUMA COM CABO|6.93|3.0|0.0|0.0|0.0||21856981000143|WTRADE INTERMEDICAO DE NEGOCIOS LTDA - ME
143034494|46755165|1433281|304|03|2024|11|4|LOTE 4|4|ALCOOL GEL 70 ° GALAO COM 5 LTS|32.03|2.0|0.0|0.0|0.0||65353401000170|COMERCIAL VENER LTDA
143034495|46755118|1433281|304|03|2024|11|22|LOTE 22|22|PANO DE PRATO DE 46X62CM.|2.48|20.0|0.0|0.0|0.0||21856981000143|WTRADE INTERMEDICAO DE NEGOCIOS LTDA - ME
143034496|46755156|1433281|304|03|2024|11|14|LOTE 14|14|ESPONJA DE ACO PTCOM 08 UNID COM 60 GRAMASPRODUTO 100% ECOLOGICO|2.0|60.0|0.0|0.0|0.0||17926188000104|SINTAGMA ZENITE COMERCIO LTDA
143034497|46755241|1433282|304|03|2024|11|||69|EXEC.LIMPEZA GERAL OBRA ESGOTO|1.92|6378.0|0.0|0.0|0.0||08822721000199|MINAS TEC PRODUTOS E SERV.ESPECIALIZADOS LTDA-ME
143034498|46755198|1433282|304|03|2024|11|||26|AS.TUB.CON.PVC JE DN65 75MM AG|1.56|5000.0|0.0|0.0|0.0||08822721000199|MINAS TEC PRODUTOS E SERV.ESPECIALIZADOS LTDA-ME
143034499|46755189|1433282|304|03|2024|11|||17|ESCO.CONT.AQ.MONT.ESTRUT.AGUA|20.79|66.0|0.0|0.0|0.0||08822721000199|MINAS TEC PRODUTOS E SERV.ESPECIALIZADOS LTDA-ME
143034500|46755233|1433282|304|03|2024|11|||61|TABUAS ENRIJ.TRANS.VEIC.ESGOTO|8.98|284.0|0.0|0.0|0.0||08822721000199|MINAS TEC PRODUTOS E SERV.ESPECIALIZADOS LTDA-ME
143034501|46755188|1433282|304|03|2024|11|||16|ESCO.DESC.AQ.MONT.ESTRUT.AGUA|9.3|153.0|0.0|0.0|0.0||08822721000199|MINAS TEC PRODUTOS E SERV.ESPECIALIZADOS LTDA-ME
143034502|46755231|1433282|304|03|2024|11|||59|ASSENT.TUB.CON.PVC JE DN150 ES|3.42|6000.0|0.0|0.0|0.0||08822721000199|MINAS TEC PRODUTOS E SERV.ESPECIALIZADOS LTDA-ME
143034503|46755229|1433282|304|03|2024|11|||57|LASTRO VALA C/PEDRA BRITADA ES|98.45|32.0|0.0|0.0|0.0||08822721000199|MINAS TEC PRODUTOS E SERV.ESPECIALIZADOS LTDA-ME
143034504|46755228|1433282|304|03|2024|11|||56|ACERTO E VERIF.FUNDO VALA ESG|4.42|6378.0|0.0|0.0|0.0||08822721000199|MINAS TEC PRODUTOS E SERV.ESPECIALIZADOS LTDA-ME
143034505|46755210|1433282|304|03|2024|11|||38|CARGA E TRANSPORTE MAT.OBRA AG|12.68|4727.0|0.0|0.0|0.0||08822721000199|MINAS TEC PRODUTOS E SERV.ESPECIALIZADOS LTDA-ME
143034509|46755116|1433280|304|03|2024|11|2|LOTE 2|2|SERVICOS DE ADMINISTRACAO E GERENCIAMENTO DE MANUTENCAO DE VEICULOS AUTOMOTIVOS, COM IMPLANTACAO, INTERMEDIACAO E ADMINISTRACAO POR MEIO DE SISTEMA INFORMATIZADO INTEGRADO, COM TECNOLOGIA DE PAGAMENTO POR MEIO DE CARTAO MAGNETICO OU MICRO PROCESSADO DE GERENCIAMENTO EM REDE DE ESTABELECIMENTOS CREDENCIADOS PARA MANUTENCAO CORRETIVA E PREVENTIVA, INCLUINDO O FORNECIMENTO DE PECAS DE REPOSICAO E ACESSORIOS|33120.0|1.0|0.0|0.0|0.0||05340639000130|PRIME CONSULTORIA E ASSESSORIA EMPRESARIAL LTDANI
143034506|46755101|1433278|304|03|2024|11|14|LOTE 14|14|VALVULA DE RETENCAO HORIZONTAL EM LATAO FORJADO DN 212 65MM ABNT NBR 15055 DEVE POSSUIR RESISTÊNCIA MECÂNICA PARA RIGIDEZ DESGASTE E FADIGA OCASIONADOS DURANTE O USO PASSAGEM RETA PROPORCIONANDO PEQUENA PERDA DE CARGA CLASSE DE PRESSAO 16 BAR ROSCA BSP TAMPA LATAO FORJADO ASTMB61 CORPO LATAO FORJADO ASTMB61 PORTINHOLA METAL MATERIAL DE VEDACAO TEFLON|430.0|4.0|0.0|0.0|0.0||01149960000180|ITALY VALVULAS E METAIS LTDA
143034507|46755110|1433278|304|03|2024|11|10|LOTE 10|10|REGISTRO DE GAVETA DE BRONZE DN 4 COM VOLANTE CONTENDO NO MÍNIMO 05 FIOS DE ROSCA EM CADA UMA DE SUA EXTREMIDADE NBR 15705 NBR NM ISO 71|1150.0|2.0|0.0|0.0|0.0||01149960000180|ITALY VALVULAS E METAIS LTDA
143034508|46755113|1433279|304|03|2024|11|2|LOTE 2|2|MEDIDOR DE COR DIGITAL PANALISE DE AGUA EM LABORATORIO|3980.0|1.0|0.0|0.0|0.0||01061762000160|DELFINI INDUSTRIA COMERICO LTDA
143034510|46755155|1433281|304|03|2024|11|11|LOTE 11|11|DETERGENTE FRASCO DE 500 ML LIQUIDO COM FORMULA BIODEGRADAVEL|1.67|380.0|0.0|0.0|0.0||65353401000170|COMERCIAL VENER LTDA
143034511|46755137|1433281|304|03|2024|11|35|LOTE 35|35|VASSOURA DE NYLON 30CM C/CABO|8.85|10.0|0.0|0.0|0.0||52429342000125|ALIANCA UTILIDADES & SERVICOS LTDA
143034512|46755139|1433281|304|03|2024|11|27|LOTE 27|27|SABAO EM TABLETE NEUTRO|1.79|50.0|0.0|0.0|0.0||65353401000170|COMERCIAL VENER LTDA
143034513|46755147|1433281|304|03|2024|11|7|LOTE 7|7|CERA LIQUIDA PARA PISO D.PEDRA|4.71|20.0|0.0|0.0|0.0||65353401000170|COMERCIAL VENER LTDA
143034514|46755140|1433281|304|03|2024|11|12|LOTE 12|12|ESPONJA MULTIUSO 110X74X23MM|2.7|40.0|0.0|0.0|0.0||52429342000125|ALIANCA UTILIDADES & SERVICOS LTDA
143034515|46755119|1433281|304|03|2024|11|15|LOTE 15|15|FLANELA DE ALGODAO 37X55CM.|1.61|40.0|0.0|0.0|0.0||17926188000104|SINTAGMA ZENITE COMERCIO LTDA
143034516|46755127|1433281|304|03|2024|11|47|LOTE 47|47|GUARDANAPO DE PAPEL 24X22CM|1.4|25.0|0.0|0.0|0.0||21856981000143|WTRADE INTERMEDICAO DE NEGOCIOS LTDA - ME
143034517|46755167|1433281|304|03|2024|11|50|LOTE 50|50|BOTIJAO TERMICO|250.0|1.0|0.0|0.0|0.0||17926188000104|SINTAGMA ZENITE COMERCIO LTDA
143034518|46755186|1433282|304|03|2024|11|||14|ESC.CARG.MEC.VALA ROCHA DURA A|97.08|8.0|0.0|0.0|0.0||08822721000199|MINAS TEC PRODUTOS E SERV.ESPECIALIZADOS LTDA-ME
143034519|46755179|1433282|304|03|2024|11|||7|DEMOLI.CALC.PEDRA IRREG.AGUA|9.78|4122.0|0.0|0.0|0.0||08822721000199|MINAS TEC PRODUTOS E SERV.ESPECIALIZADOS LTDA-ME
143034520|46755180|1433282|304|03|2024|11|||8|DEMOL.CBUQ C/P.IRREG.S.C AGUA|7.93|5895.0|0.0|0.0|0.0||08822721000199|MINAS TEC PRODUTOS E SERV.ESPECIALIZADOS LTDA-ME
143034521|46755175|1433282|304|03|2024|11|||3|SINALIZACAO NOTURNA-AGUA|1.21|1628.0|0.0|0.0|0.0||08822721000199|MINAS TEC PRODUTOS E SERV.ESPECIALIZADOS LTDA-ME
143034522|46755199|1433282|304|03|2024|11|||27|AS.TUB.CON.PVC JE DN75 85MM AG|1.62|5000.0|0.0|0.0|0.0||08822721000199|MINAS TEC PRODUTOS E SERV.ESPECIALIZADOS LTDA-ME
143034523|46755203|1433282|304|03|2024|11|||31|PASSADICOS MAD.TRANS.PED.AGUA|7.79|742.0|0.0|0.0|0.0||08822721000199|MINAS TEC PRODUTOS E SERV.ESPECIALIZADOS LTDA-ME
143034524|46755182|1433282|304|03|2024|11|||10|DEMOL.PASSEIO CIM.S/CLIPPER-AG|10.63|699.0|0.0|0.0|0.0||08822721000199|MINAS TEC PRODUTOS E SERV.ESPECIALIZADOS LTDA-ME
143034525|46755178|1433282|304|03|2024|11|||6|SINALIZACAO C/PLACAS DIST.AGUA|2.48|1628.0|0.0|0.0|0.0||08822721000199|MINAS TEC PRODUTOS E SERV.ESPECIALIZADOS LTDA-ME
143034526|46755234|1433282|304|03|2024|11|||62|ATERRO VALAS,CAVAS COMPACT.ES|10.99|7388.0|0.0|0.0|0.0||08822721000199|MINAS TEC PRODUTOS E SERV.ESPECIALIZADOS LTDA-ME
143034527|46755100|1433278|304|03|2024|11|13|LOTE 13|13|VALVULA DE RETENCAO HORIZONTAL EM LATAO FORJADO DN 2 50MM ABNT NBR 15055 DEVE POSSUIR RESISTÊNCIA MECÂNICA PARA RIGIDEZ DESGASTE E FADIGA OCASIONADOS DURANTE O USO PASSAGEM RETA PROPORCIONANDO PEQUENA PERDA DE CARGA CLASSE DE PRESSAO 16 BAR ROSCA BSP TAMPA LATAO FORJADO ASTMB61 CORPO LATAO FORJADO ASTMB61 PORTINHOLA METAL MATERIAL DE VEDACAO TEFLON|245.0|6.0|0.0|0.0|0.0||01149960000180|ITALY VALVULAS E METAIS LTDA
143034528|46755107|1433278|304|03|2024|11|7|LOTE 7|7|REGISTRO DE GAVETA DE BRONZE DN 2 COM VOLANTE CONTENDO NO MÍNIMO 05 FIOS DE ROSCA EM CADA UMA DE SUA EXTREMIDADE NBR 15705 NBR NM ISO 71|185.0|20.0|0.0|0.0|0.0||01149960000180|ITALY VALVULAS E METAIS LTDA
143034529|46755132|1433281|304|03|2024|11|39|LOTE 39|39|CAFETEIRA DE ALUMINIO 1,8 L.|32.0|1.0|0.0|0.0|0.0||52429342000125|ALIANCA UTILIDADES & SERVICOS LTDA
143034530|46755159|1433281|304|03|2024|11|16|LOTE 16|16|INSETICIDA AEROSOL PROTECAO SEM CHEIRO BASE AGUOSA 300 ML225G|9.48|1.0|0.0|0.0|0.0||21856981000143|WTRADE INTERMEDICAO DE NEGOCIOS LTDA - ME
143034531|46755153|1433281|304|03|2024|11|2|LOTE 2|2|ALCOOL LÍQUIDO ETÍLICO HIDRATADO 70° INPM LITRO|6.98|160.0|0.0|0.0|0.0||65353401000170|COMERCIAL VENER LTDA
143034532|46755172|1433281|304|03|2024|11|38|LOTE 38|38|LIXEIRA ARAMADA DE ESCRTORIO EM ACO TELADO|34.8|20.0|0.0|0.0|0.0||17926188000104|SINTAGMA ZENITE COMERCIO LTDA
143034533|46755144|1433281|304|03|2024|11|51|LOTE 51|51|BANDEJA DE INOX MED.APROX|27.93|2.0|0.0|0.0|0.0||21856981000143|WTRADE INTERMEDICAO DE NEGOCIOS LTDA - ME
143034534|46755141|1433281|304|03|2024|11|33|LOTE 33|33|VASSOURA DE PELO 30CM C/CABO|9.06|1.0|0.0|0.0|0.0||21856981000143|WTRADE INTERMEDICAO DE NEGOCIOS LTDA - ME
143034535|46755124|1433281|304|03|2024|11|10|LOTE 10|10|DESODORISADOR DE AR PERFUMADO|9.48|25.0|0.0|0.0|0.0||21856981000143|WTRADE INTERMEDICAO DE NEGOCIOS LTDA - ME
143034536|46755161|1433281|304|03|2024|11|44|LOTE 44|44|COADOR DE CAFE PANO CABO MADEIRA|3.46|12.0|0.0|0.0|0.0||21856981000143|WTRADE INTERMEDICAO DE NEGOCIOS LTDA - ME
143034537|46755158|1433281|304|03|2024|11|3|LOTE 3|3|ALCOOL EM GEL ETILICO HIDRATAD 624° INPM 70° NEUTRO 500GR|5.46|80.0|0.0|0.0|0.0||65353401000170|COMERCIAL VENER LTDA
143034538|46755237|1433282|304|03|2024|11|||65|POCO VISITA COMP.DN800MM ESGOT|457.1|40.0|0.0|0.0|0.0||08822721000199|MINAS TEC PRODUTOS E SERV.ESPECIALIZADOS LTDA-ME
143034539|46755239|1433282|304|03|2024|11|||67|RECOMP.PASSEIO CIMENT.ESGOTO|33.87|180.0|0.0|0.0|0.0||08822721000199|MINAS TEC PRODUTOS E SERV.ESPECIALIZADOS LTDA-ME
143034540|46755109|1433278|304|03|2024|11|9|LOTE 9|9|REGISTRO DE GAVETA DE BRONZE DN 3 COM VOLANTE CONTENDO NO MÍNIMO 05 FIOS DE ROSCA EM CADA UMA DE SUA EXTREMIDADE NBR 15705 NBR NM ISO 71|650.0|2.0|0.0|0.0|0.0||01149960000180|ITALY VALVULAS E METAIS LTDA
143034541|46755112|1433279|304|03|2024|11|1|LOTE 1|1|MEDIDOR DE PHPHMETROTIPO CANETA 014|690.0|2.0|0.0|0.0|0.0||32578926000155|DINALAB COMERCIO E SERVICOS LTDA
143034542|46755121|1433281|304|03|2024|11|19|LOTE 19|19|LIMPADOR CERAMICO AZULEJO 1L.|5.46|50.0|0.0|0.0|0.0||65353401000170|COMERCIAL VENER LTDA
143034543|46755122|1433281|304|03|2024|11|21|LOTE 21|21|SACO DE TRELICA PANO CRU 60X8|3.6|35.0|0.0|0.0|0.0||21856981000143|WTRADE INTERMEDICAO DE NEGOCIOS LTDA - ME
143034544|46755146|1433281|304|03|2024|11|6|LOTE 6|6|CERA LIQUIDA INCOLOR 750ML|4.71|80.0|0.0|0.0|0.0||65353401000170|COMERCIAL VENER LTDA
143034545|46755143|1433281|304|03|2024|11|48|LOTE 48|48|GARRAFA TERMICA 1 LITRO|23.03|3.0|0.0|0.0|0.0||21856981000143|WTRADE INTERMEDICAO DE NEGOCIOS LTDA - ME
143034549|46755226|1433282|304|03|2024|11|||54|ESCOR.DESC.AQ.MONT.ESTRUT.ESG|9.3|600.0|0.0|0.0|0.0||08822721000199|MINAS TEC PRODUTOS E SERV.ESPECIALIZADOS LTDA-ME
143034546|46755126|1433281|304|03|2024|11|45|LOTE 45|45|FOSFORO EMBALAGEM COM 10 UNID.|3.18|100.0|0.0|0.0|0.0||21856981000143|WTRADE INTERMEDICAO DE NEGOCIOS LTDA - ME
143034547|46755142|1433281|304|03|2024|11|29|LOTE 29|29|SACO PLAST.P/LIXO ROLO C/15UN|6.0|30.0|0.0|0.0|0.0||52429342000125|ALIANCA UTILIDADES & SERVICOS LTDA
143034548|46755183|1433282|304|03|2024|11|||11|ESC.MANUAL SECO PROF.2M-AGUA|32.46|1747.0|0.0|0.0|0.0||08822721000199|MINAS TEC PRODUTOS E SERV.ESPECIALIZADOS LTDA-ME
143034550|46755192|1433282|304|03|2024|11|||20|AS.TUB.CON.PVC JS DN15 20MM AG|0.84|6000.0|0.0|0.0|0.0||08822721000199|MINAS TEC PRODUTOS E SERV.ESPECIALIZADOS LTDA-ME
143034551|46755181|1433282|304|03|2024|11|||9|DEMOL.CBUQ SERRA CLIPPER AGUA|7.22|2061.0|0.0|0.0|0.0||08822721000199|MINAS TEC PRODUTOS E SERV.ESPECIALIZADOS LTDA-ME
143034552|46755195|1433282|304|03|2024|11|||23|AS.TUB.CON.PVC JS DN32 40MM AG|0.96|4000.0|0.0|0.0|0.0||08822721000199|MINAS TEC PRODUTOS E SERV.ESPECIALIZADOS LTDA-ME
143034553|46755216|1433282|304|03|2024|11|||44|DEMOLI.CALC.PEDRA IRREG.ESGOTO|9.78|1824.0|0.0|0.0|0.0||08822721000199|MINAS TEC PRODUTOS E SERV.ESPECIALIZADOS LTDA-ME
143034554|46755217|1433282|304|03|2024|11|||45|DEMOL.CBUQ C/P.IRREG.S/C ESGOT|7.93|2334.0|0.0|0.0|0.0||08822721000199|MINAS TEC PRODUTOS E SERV.ESPECIALIZADOS LTDA-ME
143034555|46755240|1433282|304|03|2024|11|||68|PREP.MAN.CONCRETO TRACO 1:2:3E|171.22|63.0|0.0|0.0|0.0||08822721000199|MINAS TEC PRODUTOS E SERV.ESPECIALIZADOS LTDA-ME
143034556|46755221|1433282|304|03|2024|11|||49|ESC.CARG.MEC.VALA ROCHA DURA E|133.72|8.0|0.0|0.0|0.0||08822721000199|MINAS TEC PRODUTOS E SERV.ESPECIALIZADOS LTDA-ME
143034557|46755106|1433278|304|03|2024|11|5|LOTE 5|5|REGISTRO DE GAVETA DE BRONZE DN 112 COM VOLANTE CONTENDO NO MÍNIMO 05 FIOS DE ROSCA EM CADA UMA DE SUA EXTREMIDADE NBR 15705 NBR NM ISO 71|105.0|22.0|0.0|0.0|0.0||01149960000180|ITALY VALVULAS E METAIS LTDA
143034558|46755096|1433278|304|03|2024|11|3|LOTE 3|3|"REGISTRO GAV.DE BRONZE DE 3/4"""|35.0|25.0|0.0|0.0|0.0||01149960000180|ITALY VALVULAS E METAIS LTDA
143034559|46755115|1433280|304|03|2024|11|1|LOTE 1|1|SERVICOS DE ADMINISTRACAO E GERENCIAMENTO DE ABASTECIMENTO DE VEICULOS, COM IMPLANTACAO, INTERMEDIACAO E ADMINISTRACAO POR MEIO DE SISTEMA INFORMATIZADO INTEGRADO, COM TECNOLOGIA DE PAGAMENTO POR MEIO DE CARTAO MAGNETICO OU MICRO PROCESSADO DE GERENCIAMENTO EM REDE DE POSTOS CREDENCIADOS|137952.0|1.0|0.0|0.0|0.0||05340639000130|PRIME CONSULTORIA E ASSESSORIA EMPRESARIAL LTDANI
143034560|46755162|1433281|304|03|2024|11|34|LOTE 34|34|VASSOURA DE PIACAVA Nº 05 COM CABO|16.0|7.0|0.0|0.0|0.0||52429342000125|ALIANCA UTILIDADES & SERVICOS LTDA
143034561|46755131|1433281|304|03|2024|11|42|LOTE 42|42|COPO PLAST.DESCARTAVEL 200 ML|3.9|800.0|0.0|0.0|0.0||52429342000125|ALIANCA UTILIDADES & SERVICOS LTDA
143034562|46755171|1433281|304|03|2024|11|55|LOTE 55|55|JARRA VIDRO TAMPA ACRILICO TRANSPARENTE|20.93|6.0|0.0|0.0|0.0||21856981000143|WTRADE INTERMEDICAO DE NEGOCIOS LTDA - ME
143034563|46755151|1433281|304|03|2024|11|46|LOTE 46|46|FACA COZINHA INOX CABO MADEIRA|12.5|4.0|0.0|0.0|0.0||17926188000104|SINTAGMA ZENITE COMERCIO LTDA
143034564|46755128|1433281|304|03|2024|11|31|LOTE 31|31|TAPETE TIPO CAPACHO 40X60CM|25.0|1.0|0.0|0.0|0.0||17926188000104|SINTAGMA ZENITE COMERCIO LTDA
143034565|46755154|1433281|304|03|2024|11|1|LOTE 1|1|AGUA SANITARIA ALVEJANTE E DESINFETANTE EMBALAGEM DE 2 LITROS|4.48|6.0|0.0|0.0|0.0||65353401000170|COMERCIAL VENER LTDA
143034566|46755169|1433281|304|03|2024|11|37|LOTE 37|37|LIXEIRA EM ACO INOX|153.93|10.0|0.0|0.0|0.0||21856981000143|WTRADE INTERMEDICAO DE NEGOCIOS LTDA - ME
143034567|46755166|1433281|304|03|2024|11|36|LOTE 36|36|FRASCO PULVERIZADORBORRIFADOR 500ML|4.0|20.0|0.0|0.0|0.0||52429342000125|ALIANCA UTILIDADES & SERVICOS LTDA
143034568|46755117|1433281|304|03|2024|11|18|LOTE 18|18|LIMPADOR MULTIUSO C.ALCOOL 500|2.48|30.0|0.0|0.0|0.0||21856981000143|WTRADE INTERMEDICAO DE NEGOCIOS LTDA - ME
143034569|46755230|1433282|304|03|2024|11|||58|ASSENT.TUB.CON.PVC JE DN100 ES|2.45|3000.0|0.0|0.0|0.0||08822721000199|MINAS TEC PRODUTOS E SERV.ESPECIALIZADOS LTDA-ME
143034570|46755214|1433282|304|03|2024|11|||42|SINALIZ.CONE FORN.INST.ESGOTO|1.29|210.0|0.0|0.0|0.0||08822721000199|MINAS TEC PRODUTOS E SERV.ESPECIALIZADOS LTDA-ME
143034571|46755190|1433282|304|03|2024|11|||18|ACERTO E VERIF.NIVEL.VALA-AGUA|4.42|17221.0|0.0|0.0|0.0||08822721000199|MINAS TEC PRODUTOS E SERV.ESPECIALIZADOS LTDA-ME
143034572|46755174|1433282|304|03|2024|11|||2|MONT.INST.P.P.AGUA EMB.ALVENAR|32.48|470.0|0.0|0.0|0.0||08822721000199|MINAS TEC PRODUTOS E SERV.ESPECIALIZADOS LTDA-ME
143034573|46755215|1433282|304|03|2024|11|||43|SINALIZACAO C/PLACAS DIST.ESG|2.48|210.0|0.0|0.0|0.0||08822721000199|MINAS TEC PRODUTOS E SERV.ESPECIALIZADOS LTDA-ME
143034574|46755222|1433282|304|03|2024|11|||50|ESC.MANUAL SECO PROF.2,00M ESG|32.46|451.0|0.0|0.0|0.0||08822721000199|MINAS TEC PRODUTOS E SERV.ESPECIALIZADOS LTDA-ME
143034575|46755200|1433282|304|03|2024|11|||28|ASSENT.TUB.CON.PVC JE DN100 AG|1.73|1500.0|0.0|0.0|0.0||08822721000199|MINAS TEC PRODUTOS E SERV.ESPECIALIZADOS LTDA-ME
143034576|46755095|1433278|304|03|2024|11|16|LOTE 16|16|VEDA ROSCA 18MM X 25 METROS|3.01|1200.0|0.0|0.0|0.0||35302323000114|HIDROTEL COMERCIO E SERVICOS LTDA
143034577|46755123|1433281|304|03|2024|11|28|LOTE 28|28|SAPOLIO EM PO FRASCO 300 GR.|3.46|40.0|0.0|0.0|0.0||21856981000143|WTRADE INTERMEDICAO DE NEGOCIOS LTDA - ME
143034578|46755164|1433281|304|03|2024|11|53|LOTE 53|53|PAPEL TOALHA DE COZINHA EMBALAGEM CONTENDO 02 ROLOS COM 60 FOLHAS DUPLAS DE 19X22 CM|4.05|25.0|0.0|0.0|0.0||17926188000104|SINTAGMA ZENITE COMERCIO LTDA
143034579|46755120|1433281|304|03|2024|11|25|LOTE 25|25|SABAO EM PO EMBALAGEM 01KG.|6.0|40.0|0.0|0.0|0.0||65353401000170|COMERCIAL VENER LTDA
143034580|46755163|1433281|304|03|2024|11|17|LOTE 17|17|LIMPADOR LIMPEZA GERAL PERFUMADO500ML|3.77|100.0|0.0|0.0|0.0||47860599000105|DISTRIBUIDORA FRANCINO LTDAME
143034581|46755207|1433282|304|03|2024|11|||35|REC.PAS.CIM.CONF.LANC.ADENS.AG|33.87|699.0|0.0|0.0|0.0||08822721000199|MINAS TEC PRODUTOS E SERV.ESPECIALIZADOS LTDA-ME
143034582|46755218|1433282|304|03|2024|11|||46|DEMOL.CBUQ SERRA CLIPPER ESGOT|7.22|1260.0|0.0|0.0|0.0||08822721000199|MINAS TEC PRODUTOS E SERV.ESPECIALIZADOS LTDA-ME
143034583|46755225|1433282|304|03|2024|11|||53|ESCOR.PONTAL.AQ.MONT.ESTRUT.ES|6.35|918.0|0.0|0.0|0.0||08822721000199|MINAS TEC PRODUTOS E SERV.ESPECIALIZADOS LTDA-ME
143034584|46755185|1433282|304|03|2024|11|||13|ESC.MEC.SOLO AGUA PROF.2M AGUA|16.99|419.0|0.0|0.0|0.0||08822721000199|MINAS TEC PRODUTOS E SERV.ESPECIALIZADOS LTDA-ME
143034585|46755206|1433282|304|03|2024|11|||34|RECOMP.CALC.PEDRA IR.REP.MAT.A|35.45|4872.0|0.0|0.0|0.0||08822721000199|MINAS TEC PRODUTOS E SERV.ESPECIALIZADOS LTDA-ME
143034586|46755191|1433282|304|03|2024|11|||19|LASTRO VALA PEDRA BRITADA.AGUA|85.31|73.0|0.0|0.0|0.0||08822721000199|MINAS TEC PRODUTOS E SERV.ESPECIALIZADOS LTDA-ME
143034587|46755201|1433282|304|03|2024|11|||29|ASSENT.TUB.CON.PVC JE DN150 AG|2.6|600.0|0.0|0.0|0.0||08822721000199|MINAS TEC PRODUTOS E SERV.ESPECIALIZADOS LTDA-ME
143034588|46755227|1433282|304|03|2024|11|||55|ESCOR.CONT.AQ.MONT.ESTRUT.ESG|20.79|256.0|0.0|0.0|0.0||08822721000199|MINAS TEC PRODUTOS E SERV.ESPECIALIZADOS LTDA-ME
143034589|46755196|1433282|304|03|2024|11|||24|AS.TUB.CON.PVC JS DN40 50MM AG|0.99|2500.0|0.0|0.0|0.0||08822721000199|MINAS TEC PRODUTOS E SERV.ESPECIALIZADOS LTDA-ME
143034590|46755194|1433282|304|03|2024|11|||22|AS.TUB.CON.PVC JS DN25 32MM AG|0.84|3000.0|0.0|0.0|0.0||08822721000199|MINAS TEC PRODUTOS E SERV.ESPECIALIZADOS LTDA-ME
143034591|46755209|1433282|304|03|2024|11|||37|EXEC.LIMPEZA GERAL VARRICAO AG|1.92|17221.0|0.0|0.0|0.0||08822721000199|MINAS TEC PRODUTOS E SERV.ESPECIALIZADOS LTDA-ME
143034592|46755223|1433282|304|03|2024|11|||51|ESC.MEC.SECO PROF.2,00M ESGOTO|12.7|6568.0|0.0|0.0|0.0||08822721000199|MINAS TEC PRODUTOS E SERV.ESPECIALIZADOS LTDA-ME
143034593|46755097|1433278|304|03|2024|11|6|LOTE 6|6|"REGISTRO GAV.BRONZE DE 1.1/4"""|92.0|20.0|0.0|0.0|0.0||01149960000180|ITALY VALVULAS E METAIS LTDA
143034597|46755102|1433278|304|03|2024|11|15|LOTE 15|15|ADESIVO PLASTICO PARA PVC PARA SER UTILIZADO EM CONTATO COM AGUA EM EMBALAGENS DE 75 GRAMAS OBS MATERIAL DEVERA VEDARSOLAR QUANDO UTILIZADO EM CONTATO COM AGUA NBR 14725|4.12|1500.0|0.0|0.0|0.0||02332638000155|ALEXANDRE MAGNO LEAL -EPP.
143034594|46755098|1433278|304|03|2024|11|11|LOTE 11|11|"VALVULA RETEN.HORIZON.1.1/4"""|105.0|6.0|0.0|0.0|0.0||01149960000180|ITALY VALVULAS E METAIS LTDA
143034595|46755103|1433278|304|03|2024|11|17|LOTE 17|17|LÂMINA PARA ARCO DE SERRA EM ACO RAPIDO RS1218 30MM SAFE FLEX|7.5|1000.0|0.0|0.0|0.0||53798339000141|EQUIPA CASTRO LTDA
143034596|46755099|1433278|304|03|2024|11|1|LOTE 1|1|REGISTRO DE ESFERA DN 12 CLASSE DE PRESSAO MÍNIMA PN 10 CORPO EM LATAO COM BANHO DE CROMO OU ACO INOX SEDES E VEDACAO DA HASTE EM PTFE TEFLON PASSAGEM REDUZIDA EXTREMIDADES COM ROSCA BSP DE UM LADO MACHO CÔNICA E DO OUTRO FÊMEA PARALELA COMPRIMENTO DE 65 MM ALTURA INCLUINDO BORBOLETA DE 51 MM DIÂMETRO EXTERNO DO CORPO 29 MM ACIONADO POR BORBOLETA METALICA CONFORME NORMA ABNT NBR 6834 TABELA A7 DESIGNACAO 3830 COMPRIMENTO MAIOR 49 MM A 51 MM ALTURA 15 MM A 18 MM ESPESSURA 35 MM A 45 MM PROTEGIDA CONTRA CORROSAO COM TINTA NA COR VERDE EMBLEMA PADRAO MUNSELLS 25G 3 4|13.0|1500.0|0.0|0.0|0.0||01149960000180|ITALY VALVULAS E METAIS LTDA
143034598|46755130|1433281|304|03|2024|11|41|LOTE 41|41|COPO VIDRO AMERIOCANO DE 200ML|1.27|24.0|0.0|0.0|0.0||17926188000104|SINTAGMA ZENITE COMERCIO LTDA
143034599|46755125|1433281|304|03|2024|11|26|LOTE 26|26|SABONETE LIQUIDO EMBALAGEM 1L|6.16|80.0|0.0|0.0|0.0||65353401000170|COMERCIAL VENER LTDA
143034600|46755170|1433281|304|03|2024|11|20|LOTE 20|20|PAPEL HIGIENICO NEUTRO, EMPACOTADO, MACIO, FOLHA DUPLA, EMBALAGEM, CONTENDO 12 ROLOS DE 30MX10CM|17.2|225.0|0.0|0.0|0.0||17926188000104|SINTAGMA ZENITE COMERCIO LTDA
143034601|46755148|1433281|304|03|2024|11|24|LOTE 24|24|RODO MAGICO 27 CM|45.5|3.0|0.0|0.0|0.0||52429342000125|ALIANCA UTILIDADES & SERVICOS LTDA
143034602|46755135|1433281|304|03|2024|11|9|LOTE 9|9|DESINFETANTE FRASCO 2L|4.56|60.0|0.0|0.0|0.0||65353401000170|COMERCIAL VENER LTDA
143034603|46755136|1433281|304|03|2024|11|40|LOTE 40|40|CANECAO DE ALUMINIO 5,0 LITROS|34.93|1.0|0.0|0.0|0.0||21856981000143|WTRADE INTERMEDICAO DE NEGOCIOS LTDA - ME
143034604|46755208|1433282|304|03|2024|11|||36|PREP.MAN.CONC.TRACO 1:2:3 AGUA|156.54|372.0|0.0|0.0|0.0||08822721000199|MINAS TEC PRODUTOS E SERV.ESPECIALIZADOS LTDA-ME
143034605|46755212|1433282|304|03|2024|11|||40|SINAL.NOTURNA-FORN.INST.ESGOTO|1.24|210.0|0.0|0.0|0.0||08822721000199|MINAS TEC PRODUTOS E SERV.ESPECIALIZADOS LTDA-ME
143034606|46755219|1433282|304|03|2024|11|||47|DEMOL.PASSEIO CIM.S/CLIPPER ES|10.63|180.0|0.0|0.0|0.0||08822721000199|MINAS TEC PRODUTOS E SERV.ESPECIALIZADOS LTDA-ME
143034607|46755177|1433282|304|03|2024|11|||5|SINALIZACAO C/CONE-AGUA|1.29|1648.0|0.0|0.0|0.0||08822721000199|MINAS TEC PRODUTOS E SERV.ESPECIALIZADOS LTDA-ME
143034608|46755236|1433282|304|03|2024|11|||64|POCO VISITA COMP.DN600MM ESGOT|361.26|50.0|0.0|0.0|0.0||08822721000199|MINAS TEC PRODUTOS E SERV.ESPECIALIZADOS LTDA-ME
143034609|46755202|1433282|304|03|2024|11|||30|ASSENT.TUB.CON.PVC JE DN200 AG|2.86|500.0|0.0|0.0|0.0||08822721000199|MINAS TEC PRODUTOS E SERV.ESPECIALIZADOS LTDA-ME
143034610|46755220|1433282|304|03|2024|11|||48|ENVELOP.TUBO PVC JE DN-150 ESG|118.6|41.0|0.0|0.0|0.0||08822721000199|MINAS TEC PRODUTOS E SERV.ESPECIALIZADOS LTDA-ME
143034611|46755173|1433282|304|03|2024|11|||1|MONT.INST.P.P.AGUA-KIT CAVALET|18.69|210.0|0.0|0.0|0.0||08822721000199|MINAS TEC PRODUTOS E SERV.ESPECIALIZADOS LTDA-ME
143034612|46755232|1433282|304|03|2024|11|||60|PASSADICOS MAD.PED.FORN.INS.ES|7.79|284.0|0.0|0.0|0.0||08822721000199|MINAS TEC PRODUTOS E SERV.ESPECIALIZADOS LTDA-ME
143034613|46755205|1433282|304|03|2024|11|||33|ATERRO VALAS,CAVAS COMPAC.AGUA|10.99|9968.0|0.0|0.0|0.0||08822721000199|MINAS TEC PRODUTOS E SERV.ESPECIALIZADOS LTDA-ME
143034614|46755238|1433282|304|03|2024|11|||66|RECOMP.CALC.P.IRREG.REAP.ESGOT|35.45|1824.0|0.0|0.0|0.0||08822721000199|MINAS TEC PRODUTOS E SERV.ESPECIALIZADOS LTDA-ME
143034615|46755211|1433282|304|03|2024|11|||39|INST.ACAB.POCO LUMINAR-ESGOTO|147.43|300.0|0.0|0.0|0.0||08822721000199|MINAS TEC PRODUTOS E SERV.ESPECIALIZADOS LTDA-ME
143034616|46755204|1433282|304|03|2024|11|||32|TABUAS ENR.TRANS.VEICULOS AGUA|8.98|742.0|0.0|0.0|0.0||08822721000199|MINAS TEC PRODUTOS E SERV.ESPECIALIZADOS LTDA-ME
143034617|46755168|1433281|304|03|2024|11|52|LOTE 52|52|GARRAFA TERMICA INOX|90.93|3.0|0.0|0.0|0.0||21856981000143|WTRADE INTERMEDICAO DE NEGOCIOS LTDA - ME
143034618|46755149|1433281|304|03|2024|11|8|LOTE 8|8|CLORO ATIVO GALAO 5 LITROS|13.13|2.0|0.0|0.0|0.0||65353401000170|COMERCIAL VENER LTDA
143034619|46755157|1433281|304|03|2024|11|32|LOTE 32|32|TOALHA DE PAPEL INTERFOLHA DUPLAGROFADASISTEMA CLEANCUT|20.5|310.0|0.0|0.0|0.0||52429342000125|ALIANCA UTILIDADES & SERVICOS LTDA
143034620|46755129|1433281|304|03|2024|11|54|LOTE 54|54|VELA PARA FILTRO|4.16|6.0|0.0|0.0|0.0||21856981000143|WTRADE INTERMEDICAO DE NEGOCIOS LTDA - ME
143034621|46755160|1433281|304|03|2024|11|13|LOTE 13|13|ESCOVA SANITARIA DE NYLON COM SUPORTE E CABO PLASTICO|5.1|3.0|0.0|0.0|0.0||52429342000125|ALIANCA UTILIDADES & SERVICOS LTDA
143034622|46755133|1433281|304|03|2024|11|43|LOTE 43|43|COPO PLAST.DESCARTAVEL 50ML|1.9|60.0|0.0|0.0|0.0||52429342000125|ALIANCA UTILIDADES & SERVICOS LTDA
143034623|46755152|1433281|304|03|2024|11|49|LOTE 49|49|GARRAFA TERMICA 5 LITROS|34.93|6.0|0.0|0.0|0.0||21856981000143|WTRADE INTERMEDICAO DE NEGOCIOS LTDA - ME
140660401|45638600|1401104|303|02|2024|8|5|RESINAS E OUTROS|70|ESPATULA PARA INSERCAO DE RESINA COMPOSTA, AUTOCLAVAVEL ESPATULA BANHADAS EM NITRETO DE TITANIO|51.0|40.0|0.0|0.0|0.0||46884097000143|GOLDEN PRODUTOS ODONTOLOGICOS LTDA
140660398|45638663|1401104|303|02|2024|8|1|INSUMOS ODONTOLOGICOS|150|BROQUEIRO PARA BROCAS DE BAIXA ROTACAO MATERIAL ALUMINIO, MODELO ESTOJO ABERTO, CAPACIDADE CERCA DE 60 BROCAS, INDICACAO P ESTERILIZACAO, AUTOCLAVAVEL|69.26|6.0|0.0|0.0|0.0||46884097000143|GOLDEN PRODUTOS ODONTOLOGICOS LTDA
140660399|45638666|1401104|303|02|2024|8|2|INSTRUMENTOS ODONTOLOGICOS E CIRURGICOS|110|LAMINA SE BISTURI N° 15 DESCARTAVEL MATERIAL ACO CARBOMO, ESTERIL E DE USO UNICO MAXICOR OU SIMILAR|36.38|50.0|0.0|0.0|0.0||46884097000143|GOLDEN PRODUTOS ODONTOLOGICOS LTDA
140660400|45638639|1401104|303|02|2024|8|1|INSUMOS ODONTOLOGICOS|121|BROCA ESFERICA DIAMANTADA N°3168 FF|3.72|40.0|0.0|0.0|0.0||46884097000143|GOLDEN PRODUTOS ODONTOLOGICOS LTDA
140660402|45638713|1401105|303|02|2024|8|3|LOTE 3|7|REFRIGERANTE 2 L DE PRIMEIRA LINHA SABOR GUARANÁ EMBALAGEM PRIMÁRIA EMBALAGEM PLÁSTICA 2 LITROS SECUNDÁRIA EMBALAGEM DE MERCADO QUE PRESERVE A INTEGRIDADE E QUALIDADE DO PRODUTO ROTULAGEM DEVE ATENDER A LEGISLACAO VIGENTE VALIDADE MÍNIMA DE 4|6.75|500.0|0.0|0.0|0.0||45114732000140|LUIZ CARLOS XAVIER
140660403|45638714|1401105|303|02|2024|8|3|LOTE 3|9|REFRIGERANTE 2 L DE PRIMEIRA LINHA SABOR LARANJA EMBALAGEM PRIMÁRIA EMBALAGEM PLÁSTICA 2 LITROS SECUNDÁRIA EMBALAGEM DE MERCADO QUE PRESERVE A INTEGRIDADE E QUALIDADE DO PRODUTO ROTULAGEM DEVE ATENDER A LEGISLACAO VIGENTE VALIDADE MÍNIMA DE 4|6.0|500.0|0.0|0.0|0.0||45114732000140|LUIZ CARLOS XAVIER
140660404|45638706|1401105|303|02|2024|8|1|LOTE 1|8|SALGADINHOS DE FESTA VARIADOS ASSADOS|94.5|500.0|0.0|0.0|0.0||08492145000169|RADC TEL EVENTOS E SERVICOS LTDA
140660405|45638593|1401104|303|02|2024|8|5|RESINAS E OUTROS|46|RESINA COMPOSTA DIRETA MICRO HIBRIDA, FOTOPOLIMERIZAVEL, RADIOPACA, CARGA MICROGLASS, QUE PROPORCIONE EFEITO CAMALEAO, COM MATRIZ ORGANICA DE BISGMA E PARTICULAS DE BARIO OU BISGMA E PARTICULAS DE ZIRCONIASILICA, NA COR A3 DE ESMALTE|40.0|50.0|0.0|0.0|0.0||46884097000143|GOLDEN PRODUTOS ODONTOLOGICOS LTDA
140660406|45638612|1401104|303|02|2024|8|1|INSUMOS ODONTOLOGICOS|24|PONTA DE ACABAMENTO 2135 FF|3.24|40.0|0.0|0.0|0.0||46884097000143|GOLDEN PRODUTOS ODONTOLOGICOS LTDA
140660407|45638587|1401104|303|02|2024|8|4|MEDICAMENTOS ODONTOLOGICOS E SIMILARES|73|CONDICIONADOR ACIDO GEL FOSFORICO 37% INDICADO PARA A REALIZACAO DE CONDICIONAMENTO ACIDO TOTAL DENTINA E ESMALTE OU PARCIAL ESMALTE, PROPORCIONANDO MAIOR E MELHOR RETENCAO DOS MATERIAIS RESINOSOS EMBALAGEM COM 3 SERINGAS 2,5MLCADA ALL PRIME, GFM, ANGELUS OU SIMILAR|4.59|65.0|0.0|0.0|0.0||31401798000107|DENTAL BH BRASIL COMERCIO DE PRODUTOS ODONTOMEDICOHOSPITALAR EIRELIEPP
140660408|45638643|1401104|303|02|2024|8|1|INSUMOS ODONTOLOGICOS|129|BROCA DIAMANTADA CILINDRICA N°3216|3.72|40.0|0.0|0.0|0.0||46884097000143|GOLDEN PRODUTOS ODONTOLOGICOS LTDA
140660409|45638647|1401104|303|02|2024|8|1|INSUMOS ODONTOLOGICOS|137|BROCA CARBITE CA N°7 ESFERICAS MULTILAMINADA BAIXA ROTACAO|9.59|100.0|0.0|0.0|0.0||46884097000143|GOLDEN PRODUTOS ODONTOLOGICOS LTDA
140660410|45638579|1401104|303|02|2024|8|4|MEDICAMENTOS ODONTOLOGICOS E SIMILARES|45|ANESTESICO MEPIVACAINA 3% SEM VASOCONSTRITOR ISENTO DE METILPARABENO EMBALAGEM EM BLISTERS LACRADOS COM 10 TUBETES, MINIMIZANDO A CONTAMINACAO EXTERNA ACONDICIONADOS EM TUBETES DE CRISTAL, QUE PERMITEM A MELHOR VISUALIZACAO DO REFLUXO SANGUINEO MINIMIZAM A DOR DURANTE A APLICACAO, PELA MAIOR SUAVIDADE DE DESLIZAMENTO DO EMBOLO SILICONIZADO MANTEM A EFICIENCIA DO PRODUTO INALTERADA DURANTE TODO PERIODO DE VALIDADE, PELA AUSENCIA DE POROSIDADE DO CRISTAL CAIXA COM 50 TUBETES DE 1,8ML, ACONDICIONADOS EM BLISTERS LACRADOS COM 10 TUBETES CADA|158.73|30.0|0.0|0.0|0.0||31401798000107|DENTAL BH BRASIL COMERCIO DE PRODUTOS ODONTOMEDICOHOSPITALAR EIRELIEPP
140660411|45638619|1401104|303|02|2024|8|1|INSUMOS ODONTOLOGICOS|55|BROCA DIAMANTADA PONTA LAPIS 3195 FF|3.72|40.0|0.0|0.0|0.0||46884097000143|GOLDEN PRODUTOS ODONTOLOGICOS LTDA
140660412|45638640|1401104|303|02|2024|8|1|INSUMOS ODONTOLOGICOS|123|BROCA ESFERICA DIAMANTADA N°3195 FF|3.72|40.0|0.0|0.0|0.0||46884097000143|GOLDEN PRODUTOS ODONTOLOGICOS LTDA
140660413|45638556|1401104|303|02|2024|8|2|INSTRUMENTOS ODONTOLOGICOS E CIRURGICOS|26|PORTA MATRIZ ADULTO PRODUZIDA EM ACO INOXIDAVEL , AUTOCLAVAVEL|16.93|10.0|0.0|0.0|0.0||46884097000143|GOLDEN PRODUTOS ODONTOLOGICOS LTDA
140660414|45638657|1401104|303|02|2024|8|1|INSUMOS ODONTOLOGICOS|145|SUGADOR ODONTOLOGICO DESCARTAVEL TUBO CONFECCIONADO EM PVC, TRANSPARENTE E ATOXICO ARAME EM ACO ESPECIAL, DESENVOLVIDO PARA FIXACAO IMEDIATA NA POSICAO DESEJADA PELO PROFISSIONAL PONTEIRA CONFECCIONADA EM PVC MACIO, ATOXICO, COLORIDO, VAZADA|16.78|150.0|0.0|0.0|0.0||46884097000143|GOLDEN PRODUTOS ODONTOLOGICOS LTDA
140660415|45638611|1401104|303|02|2024|8|1|INSUMOS ODONTOLOGICOS|19|BROCA ZECRYA|34.36|40.0|0.0|0.0|0.0||46884097000143|GOLDEN PRODUTOS ODONTOLOGICOS LTDA
140660416|45638681|1401104|303|02|2024|8|2|INSTRUMENTOS ODONTOLOGICOS E CIRURGICOS|112|FORCEPS ADULTO 01 PRODUTO ACO INOXIDAVEL, AUTOCLAVAVEL, INDICADO PARA CIRURGIA ODONTOLOGICA, EXERESE DO ELEMENTO DENTARIO|51.95|10.0|0.0|0.0|0.0||46884097000143|GOLDEN PRODUTOS ODONTOLOGICOS LTDA
140660417|45638700|1401104|303|02|2024|8|1|INSUMOS ODONTOLOGICOS|151|KITS DE SAUDE BUCAL CONTENDO ESCOVA INFANTIL COM CERDAS DE NYLON MACIAS, COM TRES FILEIRAS DE TUFOS, CONTENDO DE 23 A 29 TUFOS, APARADAS UNIFORMEMENTE E ARREDONDADAS, CABO RETO E OPACO, MEDINDO ENTRE 13 A 16 CM, ANATOMICO COM EMPUNHADURA, EMBALADAS INDIVIDUALMENTE EM ESTOJO DE PVC CRISTAL, FIO DENTAL DE 25 M E CREME DENTAL DE 50G, EM SACOLINHA DE PVC GROSSO, LEITOSO, ONDE SEJA POSSIVEL IMPRESSAO DE PUBLICIDADE INSTITUCIONAL DA PREFEITURA, COM FECHO DE PRESSAO|16.91|4000.0|0.0|0.0|0.0||46884097000143|GOLDEN PRODUTOS ODONTOLOGICOS LTDA
140660418|45638624|1401104|303|02|2024|8|1|INSUMOS ODONTOLOGICOS|82|BROCA ESFERICA DIAMANTADA N°1012|3.72|40.0|0.0|0.0|0.0||46884097000143|GOLDEN PRODUTOS ODONTOLOGICOS LTDA
140660419|45638574|1401104|303|02|2024|8|4|MEDICAMENTOS ODONTOLOGICOS E SIMILARES|22|BICARBONATO DE SODIO PARA PROFILAXIA ODONTOLOGICA, EXTRA FINO EM SACHET 40G|2.8|20.0|0.0|0.0|0.0||31401798000107|DENTAL BH BRASIL COMERCIO DE PRODUTOS ODONTOMEDICOHOSPITALAR EIRELIEPP
140660420|45638682|1401104|303|02|2024|8|2|INSTRUMENTOS ODONTOLOGICOS E CIRURGICOS|114|FORCEPS ADULTO 16 PRODUTO ACO INOXIDAVEL, AUTOCLAVAVEL, INDICADO PARA CIRURGIA ODONTOLOGICA, EXERESE DO ELEMENTO DENTARIO|15.0|10.0|0.0|0.0|0.0||46884097000143|GOLDEN PRODUTOS ODONTOLOGICOS LTDA
140660421|45638615|1401104|303|02|2024|8|1|INSUMOS ODONTOLOGICOS|39|BROCA DIAMANTADA CHAMA 1111|4.86|30.0|0.0|0.0|0.0||46884097000143|GOLDEN PRODUTOS ODONTOLOGICOS LTDA
140660422|45638582|1401104|303|02|2024|8|2|INSTRUMENTOS ODONTOLOGICOS E CIRURGICOS|88|FIO AGULHADO PARA SUTURA NYLON 40 AGULHA EM ACOINOX SILICONIZADA, 12CIRCULO CORTANTE 1,7CM FIO SINTETIZADO COM MATERIAL NATURAL, FILAMENTO DE SEDA NATURAL E TRANCADA ESTERILIZADA, SEDA PRETA, TRANCADA, NAO ABSORVIVEL, 45 CM, AGULHA TIPO X17 ETHIPOINT DE 17MM, DESCARTAVEL, ESTERILIZADOS POR RAIOS GAMA, CAIXA COM 24 ENVELOPES PROCARE, TECHNEW OU SIMILAR|49.75|40.0|0.0|0.0|0.0||46884097000143|GOLDEN PRODUTOS ODONTOLOGICOS LTDA
140660426|45638542|1401103|303|02|2024|8|3|LOTE 3|3|MESA PARA ESCRITÓRIO EM L MEDINDO 120 X 060 X 080 PRODUZIDO EM MDP 15 MM COM TRÊS GAVETAS PÉS DE FERRO MESA 080 CONEXAO 060 MESA 120 COM GAVETA|495.0|16.0|0.0|0.0|0.0||47854165000194|RF REZENDE COMERCIO E SERVICOS LTDA
140660423|45638708|1401105|303|02|2024|8|1|LOTE 1|2|BOLO CASEIRO SABORES VARIADOS CHOCOLATECOCOABACAXILARANJA PRODUTO ASSADO NO SABOR ESCOLHIDO CONSTITUÍDO POR MISTURAS EM PÓ DE VÁRIOS INGREDIENTES FARINHAS OU AMIDO ACÚCAR FERMENTO QUÍMICO OU BIOLÓGICO PODENDO CONTER OVOS MANTEIGA GOR|32.0|400.0|0.0|0.0|0.0||08492145000169|RADC TEL EVENTOS E SERVICOS LTDA
140660424|45638715|1401105|303|02|2024|8|3|LOTE 3|1|SUCO PRONTO DE FRUTAS, SABOR A COMBINAR NA ENTREGA CAIXA 1 LITRO|6.75|500.0|0.0|0.0|0.0||45114732000140|LUIZ CARLOS XAVIER
140660425|45638551|1401103|303|02|2024|8|13|LOTE 13|13|MESA REUNIAO TAMPO RETANGULAR 14 LUGARES, MEDIDA LARG 3,50 M X PROF1,20 X ALT 0,74 CM TAMPO BIPARTIDO MDP 25MM REVESTIMENTO MELAMINICO, SAIA MDP 15 MM REVESTIMENTO MELAMINICO, ACABAMENTO DAS BORDAS FITA RETA DE 2 MM PES ESTRUTURA METALICA, COM CALHAS PARA PASSAGEM DE FIOS, FIXACAO PARAFUSOS E RODOFIX CALHAS SIM, SAPATAS NIVELADORAS|1090.0|1.0|0.0|0.0|0.0||47854165000194|RF REZENDE COMERCIO E SERVICOS LTDA
140660427|45638697|1401104|303|02|2024|8|4|MEDICAMENTOS ODONTOLOGICOS E SIMILARES|99|IONOMERO DE VIDRO FOTOPOLIMERIZAVEL CONJUNTO A1 KIT C 5G DE PO 2,5ML DE LIQUIDO PRIMER DE 2,5ML 1 ALPHA BOND DE 5ML|178.47|40.0|0.0|0.0|0.0||31401798000107|DENTAL BH BRASIL COMERCIO DE PRODUTOS ODONTOMEDICOHOSPITALAR EIRELIEPP
140660428|45638557|1401104|303|02|2024|8|2|INSTRUMENTOS ODONTOLOGICOS E CIRURGICOS|31|ESPATULA DUPLA N°60 PRODUTO ACO INOXIDAVEL, AUTOCLAVAVEL , UTILIZADA PARA MANIPULACAO DE DIVERSOS MATERIAIS|9.0|20.0|0.0|0.0|0.0||46884097000143|GOLDEN PRODUTOS ODONTOLOGICOS LTDA
140660429|45638645|1401104|303|02|2024|8|1|INSUMOS ODONTOLOGICOS|133|BROCA CARBITE CA N°4 ESFERICAS MULTILAMINADA BAIXA ROTACAO|11.71|100.0|0.0|0.0|0.0||46884097000143|GOLDEN PRODUTOS ODONTOLOGICOS LTDA
140660430|45638596|1401104|303|02|2024|8|5|RESINAS E OUTROS|58|RESINA COMPOSTA DIRETA MICRO HIBRIDA, FOTOPOLIMERIZAVEL, RADIOPACA, CARGA MICROGLASS, QUE PROPORCIONE EFEITO CAMALEAO, COM MATRIZ ORGANICA DE BISGMA E PARTICULAS DE BARIO OU BISGMA E PARTICULAS DE ZIRCONIASILICA, NA COR A3 OPACA|29.16|50.0|0.0|0.0|0.0||46884097000143|GOLDEN PRODUTOS ODONTOLOGICOS LTDA
140660431|45638705|1401104|303|02|2024|8|2|INSTRUMENTOS ODONTOLOGICOS E CIRURGICOS|136|AVENTAL DESCARTAVEL MANGA LONGA COM PUNHO, GRAMATURA MINIMA DE 50 GM2 INDICADO PARA A FINALIDADE DE COBRIR E PROTEGER A REGIAO DO TORAX E MEMBROS SUPERIORES, EVITANDO CONTAMINACOES CRUZADAS EM AMBIENTES EXIGENTES DE LIMPEZA, ESTEREIS ETC|47.0|100.0|0.0|0.0|0.0||46884097000143|GOLDEN PRODUTOS ODONTOLOGICOS LTDA
140660432|45638570|1401104|303|02|2024|8|2|INSTRUMENTOS ODONTOLOGICOS E CIRURGICOS|84|TESOURA CIRURGICA CURVA 12 CM PRODUTO EM ACO INOXIDAVEL, AUTOCLAVAVEL|11.97|30.0|0.0|0.0|0.0||46884097000143|GOLDEN PRODUTOS ODONTOLOGICOS LTDA
140660433|45638680|1401104|303|02|2024|8|1|INSUMOS ODONTOLOGICOS|71|BROCA DIAMANTADA N°3098|3.72|40.0|0.0|0.0|0.0||46884097000143|GOLDEN PRODUTOS ODONTOLOGICOS LTDA
140660434|45638595|1401104|303|02|2024|8|5|RESINAS E OUTROS|54|RESINA COMPOSTA DIRETA MICRO HIBRIDA, FOTOPOLIMERIZAVEL, RADIOPACA, CARGA MICROGLASS, QUE PROPORCIONE EFEITO CAMALEAO, COM MATRIZ ORGANICA DE BISGMA E PARTICULAS DE BARIO OU BISGMA E PARTICULAS DE ZIRCONIASILICA, NA COR A2 OPACA|28.1|50.0|0.0|0.0|0.0||46884097000143|GOLDEN PRODUTOS ODONTOLOGICOS LTDA
140660435|45638653|1401104|303|02|2024|8|1|INSUMOS ODONTOLOGICOS|143|ESCOVA DE MAO ESCOVA COM CERDAS DE NYLON PARA LIMPEZA DO MATERIAL|6.59|40.0|0.0|0.0|0.0||46884097000143|GOLDEN PRODUTOS ODONTOLOGICOS LTDA
140660436|45638652|1401104|303|02|2024|8|1|INSUMOS ODONTOLOGICOS|142|FITA ZEBRADA PARA ESTERELIZACAO EM AUTOCLAVE APRESENTAR AMOSTRA|7.2|20.0|0.0|0.0|0.0||46884097000143|GOLDEN PRODUTOS ODONTOLOGICOS LTDA
140660437|45638684|1401104|303|02|2024|8|2|INSTRUMENTOS ODONTOLOGICOS E CIRURGICOS|118|FORCEPS ADULTO 18L PRODUTO ACO INOXIDAVEL, AUTOCLAVAVEL, INDICADO PARA CIRURGIA ODONTOLOGICA, EXERESE DO ELEMENTO DENTARIO|51.95|10.0|0.0|0.0|0.0||46884097000143|GOLDEN PRODUTOS ODONTOLOGICOS LTDA
140660438|45638576|1401104|303|02|2024|8|4|MEDICAMENTOS ODONTOLOGICOS E SIMILARES|27|PARAMONOCLOROFENOL CANFORADO MEDICAMENTO INTRACANAL, DE ACAO BACTERICIDA 20MLVALIDADE 2 ANOS|9.06|20.0|0.0|0.0|0.0||31401798000107|DENTAL BH BRASIL COMERCIO DE PRODUTOS ODONTOMEDICOHOSPITALAR EIRELIEPP
140660439|45638695|1401104|303|02|2024|8|4|MEDICAMENTOS ODONTOLOGICOS E SIMILARES|91|FLUOR GEL ACIDULADO 1,23% COM SABOR, TUTTIFRUTI, OU MENTA ETC VALIDADE 2 ANOS|4.93|40.0|0.0|0.0|0.0||31401798000107|DENTAL BH BRASIL COMERCIO DE PRODUTOS ODONTOMEDICOHOSPITALAR EIRELIEPP
140660440|45638585|1401104|303|02|2024|8|4|MEDICAMENTOS ODONTOLOGICOS E SIMILARES|65|IONOMERO DE VIDRO RESTAURADOR QUIMICAMENTE ATIVADO CONDENSAVEL, DE ALTA VISCOSIDADE, PARA RESTAURACOES EM DENTES ANTERIORES E POSTERIORES, QUIMICAMENTE ATIVADO, RADIOPACO, ACIDOBASE, DE BOA ESTETICA, DE FACIL MANIPULACAO, COM RAPIDO ENDURECIMENTO E QUE POSSA SER ESCULPIDO COM FACILIDADE, COM AS CARACTERISTICAS DE BIOCOMPATIBILIDADE, GRANDE ADESAO QUIMICA, BAIXA SOLUBILIDADE, ADESAO EM SUPERFICIES UMIDAS E LIBERACAO CONTINUA DE FLUOR MAXXION R, VIDRION R, VITRO MOLAR, OU VITRO UNIGLASS EMBALAGEM COM 1 FRASCO EM PO 10G COR A2, 1 FRASCO LIQUIDO DE 8ML, 1 COLHER DOSADORA E INSTRUCOES PARA O PROFISSIONAL|22.71|40.0|0.0|0.0|0.0||31401798000107|DENTAL BH BRASIL COMERCIO DE PRODUTOS ODONTOMEDICOHOSPITALAR EIRELIEPP
140660441|45638688|1401104|303|02|2024|8|2|INSTRUMENTOS ODONTOLOGICOS E CIRURGICOS|126|FORCEPS ADULTO 151 PRODUTO ACO INOXIDAVEL, AUTOCLAVAVEL, INDICADO PARA CIRURGIA ODONTOLOGICA, EXERESE DO ELEMENTO DENTARIO|53.0|10.0|0.0|0.0|0.0||46884097000143|GOLDEN PRODUTOS ODONTOLOGICOS LTDA
140660442|45638629|1401104|303|02|2024|8|1|INSUMOS ODONTOLOGICOS|101|BROCA ESFERICA DIAMANTADA N°1016|3.72|40.0|0.0|0.0|0.0||46884097000143|GOLDEN PRODUTOS ODONTOLOGICOS LTDA
140660443|45638644|1401104|303|02|2024|8|1|INSUMOS ODONTOLOGICOS|131|BROCA PARA REMOCAO DE AMALGAMA CILINDRICA N°1557|7.0|40.0|0.0|0.0|0.0||46884097000143|GOLDEN PRODUTOS ODONTOLOGICOS LTDA
140660444|45638712|1401105|303|02|2024|8|3|LOTE 3|5|REFRIGERANTE 2 L DE PRIMEIRA LINHA SABOR COLA EMBALAGEM PRIMÁRIA EMBALAGEM PLÁSTICA 2 LITROS SECUNDÁRIA EMBALAGEM DE MERCADO QUE PRESERVE A INTEGRIDADE E QUALIDADE DO PRODUTO ROTULAGEM DEVE ATENDER A LEGISLACAO VIGENTE VALIDADE MÍNIMA DE 4 ME|7.5|500.0|0.0|0.0|0.0||45114732000140|LUIZ CARLOS XAVIER
140660445|45638716|1401105|303|02|2024|8|2|LOTE 2|3|SERVICO DE BUFFET COMPLETO, CONFORME DESCRICAO DETALHADA ABAIXO, COMPREENDENDO O FORNECIMENTO DE MATERIAL E MAO DE OBRA NECESSARIO PARA REPOSICAO DOS APARADORES E CIRCULACAO DE ALIMENTOS, VISANDO ATENDER A UM PUBLICO APROXIMADO DE 100 PESSOA FORNECIMENTO DE SALGADOS FRITOS E ASSADOS COXINHA BOLINHA DE QUEIJO COM BACON ESPETINHO DE FRANGO RISSOLE DE MINHO RISSOLE DE CARNE PASTEL DE ABACAXI MINI PASTEL DE FEIRA ENROLADINHO DE FRANGO COM BACON TORTINHA DE FRANGO E REQUEIJAO QUICHE DE ALHO PORO MINI LANCHES MINI HAMBURGUER MINI PIZZA MINI SANDUICHE MINI ESCONDIDINHO DE CARNE SECA FORNECIMENTO DE MESA DE FRIOS CANAPES DE FRANGO COM ABACAXI|7632.528|30.0|0.0|0.0|0.0||08492145000169|RADC TEL EVENTOS E SERVICOS LTDA
144224468|47348160|1449501|303|02|2024|12|1|LOTE 1|11|BLUSA COM MANGAS CURTAS, EM BRIM LEVE, GOLA EM V E 3 BOLSOS TRADICIONAIS, SENDO 2 NA ALTURA DA CINTURA 1 ESQUERDO E 1 DIREITO E 1 NA ALTURA DO PEITO NO LADO ESQUERDO DETALHES NO PUNHO DA MANGA AZUL ESCURO BLUSA BOLSO LADO ESQUERDO BRASAO DA PREFEITURA NA COR BRANCA COSTAS SECRETARIA MUNICIPAL DE SAUDE, NA COR BRANCA COM ROSA LATERAL DIREITA FRENTE E COSTAS SILK NA COR ROSA TAMANHO A SEREM DEFINIDOS NA ENTREGA, MODELO MASCULINO E FEMININO|37.0|110.0|0.0|0.0|0.0||30481879000100|IVO JOSE MOURA DA SILVA 55409385691
140660446|45638710|1401105|303|02|2024|8|1|LOTE 1|6|PAO DE QUEIJO ASSADO INGREDIENTES BÁSICOS ÁGUA FÉCULA DE MANDIOCA POLVILHO OVO ÓLEO DE SOJA MARGARINA QUEIJO SAL E LEITE INTEGRAL SEM GLÚTEN FORMATO ARREDONDADO TAMANHO COQUETEL ACONDICIONADO EM EMBALAGENS PRÓPRIAS PARA ALIMENTOS EM PE|59.0|470.0|0.0|0.0|0.0||08492145000169|RADC TEL EVENTOS E SERVICOS LTDA
140660447|45638544|1401103|303|02|2024|8|5|LOTE 5|5|ARQUIVO 04 GAVETAS ARQUIVO DE ACO MEDINDO 1335 X 460 X 715MM COM TOLERÂNCIA DE 5% TIPO VERTICAL COM 04 GAVETAS TAMANHO OFICIO COM SUPORTE PARA PASTAS SUSPENSAS CONTENDO CARRINHOS TELESCÓPICOS PARA AS GAVETAS PUXADORES E FECHADURA COM TRAVAMENTO SIMULTÂNEO SUA ESTRUTURA SERÁ DE MÓVEL RÍGIDO COM CHAPAS EM ESPESSURA MÍNIMA DE N 22 AS FOLHAS DE ACO DEVERAO TER TRATAMENTO DE FOSFASTIZACAO E ANTIOXIDACAO ACABAMENTO EM PINTURA SINTÉTICA NA COR CINZA|579.0|31.0|0.0|0.0|0.0||13759572000109|MOBILLEACO COMÉRCIO VAREJISTA DE MÓVEIS LTDA
140660448|45638549|1401103|303|02|2024|8|11|LOTE 11|11|CADEIRA PLASTICA COM BRACO, DE COR BRANCA, MATERIAL POLIPROPILENO E ADITIVOS COM ANTIUV, CAPACIDADE ACIMA DE 150KG, USO IRRESTRITO, CERTIFICADA PELO INMETRO, MONOBLOCO, RESISTENTE E EMPILHAVEL, MEDIDAS APROXIMADAS ALTURA DO ASSENTO 42 CM, ALTURA DO ENCOSTO 79 CM, 56 CM DE LARGURA E 42 CM DE PROFUNDIDADE|50.0|37.0|0.0|0.0|0.0||13759572000109|MOBILLEACO COMÉRCIO VAREJISTA DE MÓVEIS LTDA
144224465|47348158|1449501|303|02|2024|12|1|LOTE 1|8|JALECO EM OXFORF 100% POLIESTER, COR BRANCO, COMPRIMENTO , MANGA CURTA, UM BOLSO CHAPADO NA PARTE EXTERNA SUPERIOR NO LADO ESQUERDO, OUTROS 2 BOLSOS NA PARTE INFERIOR, CINCO BOTOES NA FRENTE NA COR BRANCO LEITOSO, ABERTURA NA PARTE DE TRAS COM 20 CENTIMETROS E TRANSPASSE DE 4 CM, SILK NA MANGA DIREITA BRASAO COLORIDO DA PREFEITURA, NO BOLSO DO PEITO LATERAL A LOGOMARCA DA ATUAL GESTAO COM A INSCRICAO SECRETARIA MUNICIPAL DE SAUDE TAMANHO A SEREM DEFINIDOS NA ENTREGA|29.0|70.0|0.0|0.0|0.0||30481879000100|IVO JOSE MOURA DA SILVA 55409385691
144224466|47348153|1449501|303|02|2024|12|1|LOTE 1|4|CAMISETE SETOR ADMINISTRATIVO FEMININA EM TRICOLINE COM ELASTANO CAMISETE SOCIAL MODELO ACINTURADA MANGA LONGA BORDADA COM O NOME DA PREFEITURA MUNICIPAL DE CAETÉ NA FRENTE BRASAO DO MUNICÍPIO NA MANGA DIREITA E BANDEIRAS DO BRASIL E MINAS GERAIS NA MANGA ESQUERDA COR VERDE COM GOLA DE ACABAMENTO DA MANGA NA MESMA COR TAMANHOS A SEREM DEFINIDOS|51.0|380.0|0.0|0.0|0.0||30481879000100|IVO JOSE MOURA DA SILVA 55409385691
144224467|47348150|1449501|303|02|2024|12|1|LOTE 1|1|CAMISA PÓLO VIGIA ADMINISTRACAO E OBRAS CAMISA MALHA ESTILO POLO BORDADA COM O NOME DA PREFEITURA MUNICIPAL DE CAETÉ NA FRENTE BRASAO DO MUNICÍPIO NA MANGA DIREITA E BANDEIRAS DO BRASIL E MINAS GERAIS NA MANGA ESQUERDA COR VERDE COM GOLA E ACABAMENTO NA MANGA DA MESMA COR TAMANHOS A SEREM DEFINIDOS|33.0|420.0|0.0|0.0|0.0||30481879000100|IVO JOSE MOURA DA SILVA 55409385691
144224469|47348152|1449501|303|02|2024|12|1|LOTE 1|3|CAMISETE SETOR ADMINISTRATIVO FEMININA EM TRICOLINE COM ELASTANO CAMISETE SOCIAL MODELO ACINTURADA MANGA CURTA BORDADA COM O NOME DA PREFEITURA MUNICIPAL DE CAETÉ NA FRENTE BRASAO DO MUNICÍPIO NA MANGA DIREITA E BANDEIRAS DO BRASIL E MINAS GERAIS NA MANGA ESQUERDA COR VERDE COM GOLA DE ACABAMENTO DA MANGA NA MESMA COR TAMANHOS A SEREM DEFINIDOS|52.0|380.0|0.0|0.0|0.0||30481879000100|IVO JOSE MOURA DA SILVA 55409385691
144224470|47348157|1449501|303|02|2024|12|1|LOTE 1|13|CAMISA MALHA SERVICOS GERAIS GOLA REDONDA E MANGA LONGA CAMISA MALHA GOLA REDONDA MANGA LONGA BORDADA COM O NOME DA PREFEITURA MUNICIPAL DE CAETÉ NA FRENTE BRASAO DO MUNICÍPIO NA MANGA DIREITA E BANDEIRAS DO BRASIL E MINAS GERAIS NA MANGA ESQUERDA COR VERDE COM GOLA DE ACABAMENTO DA MANGA NA MESMA COR TAMANHOS A SEREM DEFINIDOS|36.0|340.0|0.0|0.0|0.0||30481879000100|IVO JOSE MOURA DA SILVA 55409385691
144224471|47348164|1449502|303|02|2024|12|1|CESTA NATALINA|1|CESTA NATALINA COMPOSTA PELOS SEGUINTES ITENS 01 PANETTONE PREMIUM COM FRUTAS 400 GR INGREDIENTES FARINHA DE TRIGO ENRIQUECIDA COM FERRO E ACIDO INFORMACAO NUTRICIONAL FOLICO, ACUCAR, GORDURA VEGETAL, FRUTAS CRISTALIZADAS, UVASPASSAS, OVO INTEGRAL PASTEURIZADO, GEMA DE OVO PASTEURIZADA, ACUCAR INVERTIDO, EXTRATO DE MALTE DE CEVADA, SORO DE LEITE PARCIALMENTE DESMINERALIZADO, SAL, LEITE EM PO INTEGRAL, MANTEIGA, EMULSIFICANTES MONO E DIGLICERIDEOS DE UMECTANTE GLICEROL, CONSERVANTES TORONALO DE CALCIO E ACIDO SONICO, AROMATIZANTES E CORANTE EXTRATO DE URUCUM, BASE BIXINA ALERGICOSCONTEM OVO E DERIVADOS, DERIVADOS DE LEITE, TRIGO, CEVADA E SOJA PODE CONTER CENTEIO, AVEIA, AVELA,|242.0|1500.0|0.0|0.0|0.0||46653513000100|NUTRILAR EXPRESS LTDA
144224475|47348166|1449503|303|02|2024|12|||1|CONTRATACAO DE EMPRESA PARA PRESTACAO DE SERVICO DE BUFFET, PARA REALIZACAO DO EVENTO FESTA NATALINA DESTINADAS AOS SERVIDORES PUBLICOS DO PODER EXECUTIVO MUNICIPAL DE CAETEMG, COMPREENDENDO A PREFEITURA, O SERVICO AUTONOMO DE AGUA E ESGOTO SAAE, A FUNDACAO EDUCACIONAL DE CAETE FEC E A FUNDACAO CASA DE CULTURA DE CAETE FCCC, CONFORME LEI N° 34702023 SERVICOS A SEREM CONTRATADOS CHURRASCO 300 KG PICANHA BOVINA 200 KG PICANHA SUINA 90 KG LINGUICA TOSCANA NA BRASA 50 KG COXINHA DA ASA 60 KG CORACAOZINHO 60 KG TOUCINHO DE BARRIGA 60 PACOTES DE 400 GRAMAS CADA DE PAO DE ALHO DEVERAO SER DISPONIBILIZADAS 08 OITO CHURRASQUEIRAS E CARVAO08|0.0|0.0|0.0|0.0|144990.0||11963458000162|LEONARDO FILOMENO
144224472|47348159|1449501|303|02|2024|12|1|LOTE 1|10|CONJUNTO HOSPITALAR CALCA E BLUSA EM BRIM LEVE, SARJA 21, 100% ALGODAO, GRAMATURA MINIMA 230 GM², PRE ENCOLHIDO NA COR VERDE BANDEIRA COMPOSTO POR UMA CALCA COM ELASTICO NA CINTURA MEDINDO 4CM DE LARGURA, SEM BRAGUILHA E UMA BLUSA COM MANGAS CURTAS, GOLA EM V E 3 BOLSOS TRADICIONAIS, SENDO 2 NA ALTURA DA CINTURA 1 ESQUERDO E 1 DIREITO E 1 NA ALTURA DO PEITO NO LADO ESQUERDO DETALHES NO PUNHO DA MANGA VERDE ESCURO SILKS BLUSA BOLSO LADO ESQUERDO BRASAO DA PREFEITURA NA COR BRANCA COSTAS SECRETARIA MUNICIPAL DE SAUDE, NA COR BRANCA COM VERDE LATERAL DIREITA FRENTE E COSTAS SILK NA COR VERDE CALCA LATERAL DIREITA SILK NA COR BRANCO BRASAO DA PREFEI|67.0|310.0|0.0|0.0|0.0||30481879000100|IVO JOSE MOURA DA SILVA 55409385691
144224473|47348162|1449501|303|02|2024|12|1|LOTE 1|9|CALCA DE BRIM PESADO 100% ALGODAO, SARJA 31 CINTURA COM ELASTICO E CORDAO , BOLSO CHAPADO FRENTE E COSTAS, TECIDO NA COR CINZA, SILK NO BOLSO DA FRENTE ESCRITO AGENTE DE ENDEMIAS, TAMANHOS A SEREM DEFINIDOS NA ENTREGA|40.0|610.0|0.0|0.0|0.0||30481879000100|IVO JOSE MOURA DA SILVA 55409385691
144224474|47348165|1449502|303|02|2024|12|2|CESTA FRIA|2|CESTA FRIA COMPOSTA PELOS SEGUINTES ITENSPICANHACARNE RESFRIADA DE BOVINO SEM OSSO, EMBALAGEM A VACUO VARIANDO DE 900 G A 1,2 KG INFORMACAO NUTRICIONAL, EM SUA PORCAO DE 100G EQUIVALENTE A BIFE MEDIO, DEVERA CONTER SEU VALOR ENERGETICO DE NO MINIMO 257 KCAL = 1087 KJ, PROTEINAS NO MAXIMO 20G, SEM FIBRA ALIMENTAR E SODIO NO MAXIMO 49MG, SELO SIF OU IMA PECA INTEIRA SEM CAMADAS GROSSAS E AMARELADAS DE GORDURA A CAMADA DE GORDURA DEVE TER A MESMA ESPESSURA EM TODA A PECA MARCA EQUIVALENTE, SIMILAR OU SUPERIOR A PREMIATTA, MATURATA PICANHA SUINA CARNE RESFRIADA DE SUINO SEM OSSO, TEMPERADA, EMBALAGEM A VACUO VARIANDO DE 800G A 1KG DEVERA CONTER SELO SIF OU IMA PECA INTEIRA MARCA|234.0|1500.0|0.0|0.0|0.0||46653513000100|NUTRILAR EXPRESS LTDA
144224476|47348156|1449501|303|02|2024|12|1|LOTE 1|12|CAMISA MALHA SERVICOS GERAIS GOLA REDONDA E MANGA CURTA CAMISA MALHA GOLA REDONDA MANGA CURTA BORDADA COM O NOME DA PREFEITURA MUNICIPAL DE CAETÉ NA FRENTE BRASAO DO MUNICÍPIO NA MANGA DIREITA E BANDEIRAS DO BRASIL E MINAS GERAIS NA MANGA ESQUERDA COR VERDE COM GOLA DE ACABAMENTO DA MANGA NA MESMA COR TAMANHOS A SEREM DEFINIDOS|23.0|340.0|0.0|0.0|0.0||30481879000100|IVO JOSE MOURA DA SILVA 55409385691
144224477|47348163|1449501|303|02|2024|12|1|LOTE 1|7|CALCA TRADICIONAL MASCULINA FEMININA CALCA DE RIP STOP, MODELO TRADICIONAL, COR PRETA, COM 2 BOLSOS NA FRENTE E 02 BOLSOS ATRAS, COM NOME DA PREFEITURA NA MESMA COR NO BOLSO TRASEIRO TAMANHOS A SEREM DEFINIDOS|43.0|160.0|0.0|0.0|0.0||30481879000100|IVO JOSE MOURA DA SILVA 55409385691
144224478|47348155|1449501|303|02|2024|12|1|LOTE 1|5|CAMISA SETOR ADMINISTRATIVO MASCULINA EM TRICOLINE COM ELASTANO CAMISA SOCIAL MODELO SLIM MANGA LONGA BORDADAS COM O NOME DA PREFEITURA MUNICIPAL DE CAETÉ NA FRENTE BRASAO DO MUNICÍPIO NA MANGA DIREITA E BANDEIRAS DO BRASIL E MINAS GERAIS NA MANGA ESQUERDA COR VERDE COM GOLA DE ACABAMENTO DA MANGA NA MESMA COR TAMANHOS A SEREM DEFINIDOS|58.0|340.0|0.0|0.0|0.0||30481879000100|IVO JOSE MOURA DA SILVA 55409385691
144224479|47348161|1449501|303|02|2024|12|1|LOTE 1|14|CAMISA POLO EM MALHA PV 67% POLIESTER 33% VISCOSE ANTI PILING, NA COR BRANCO, MANGAS NA COR VERDE BANDEIRA, PUNHO DAS MANGAS E GOLA VERDE COM DETALHE BRANCO, BOTOES BRANCO COM DETALHES EM MALHA PV FRONTAL VERDE BANDEIRA SILKS NO PEITO LOGO AS SAUDE  MANGA DIREITA BRASAO DO MUNICIPIO  COSTAS SECRETARIA MUNICIPAL DE SAUDE  TAMANHO A SEREM DEFINIDOS NA ENTREGA, MODELO MASCULINO E FEMININO|21.0|110.0|0.0|0.0|0.0||30481879000100|IVO JOSE MOURA DA SILVA 55409385691
144224480|47348154|1449501|303|02|2024|12|1|LOTE 1|6|CAMISA SETOR ADMINISTRATIVO MASCULINA EM TRICOLINE COM ELASTANO CAMISA SOCIAL MODELO SLIM MANGA CURTA BORDADA COM O NOME DA PREFEITURA MUNICIPAL DE CAETÉ NA FRENTE BRASAO DO MUNICÍPIO NA MANGA DIREITA E BANDEIRAS DO BRASIL E MINAS GERAIS NA MANGA ESQUERDA COR VERDE COM GOLA DE ACABAMENTO DA MANGA NA MESMA COR TAMANHOS A SEREM DEFINIDOS|58.0|340.0|0.0|0.0|0.0||30481879000100|IVO JOSE MOURA DA SILVA 55409385691
144224481|47348151|1449501|303|02|2024|12|1|LOTE 1|2|CAMISA MALHA SERVICOS GERAIS CAMISA MALHA GOLA V MANGA CURTA BORDADA COM O NOME DA PREFEITURA MUNICIPAL DE CAETÉ NA FRENTE BRASAO DO MUNICÍPIO NA MANGA DIREITA E BANDEIRAS DO BRASIL E MINAS GERAIS NA MANGA ESQUERDA COR VERDE COM GOLA DE ACABAMENTO DA MANGA NA MESMA COR TAMANHOS A SEREM DEFINIDOS|28.0|520.0|0.0|0.0|0.0||30481879000100|IVO JOSE MOURA DA SILVA 55409385691
142824548|46634431|1429461|302|01|2024|11|||6|SALGADOS VARIADOS SERVIDORES|8.2|1560.0|0.0|0.0|0.0||11963458000162|LEONARDO FILOMENO
142824538|46634436|1429461|302|01|2024|11|||4|HOTDOG|6.0|1560.0|0.0|0.0|0.0||11963458000162|LEONARDO FILOMENO
142824539|46634438|1429461|302|01|2024|11|||10|BISCOITOS TIPO CASEIRO|30.0|60.0|0.0|0.0|0.0||11963458000162|LEONARDO FILOMENO
142824540|46634439|1429461|302|01|2024|11|||12|SANDUICHE DE MINI PAO FRANCES|2.0|2000.0|0.0|0.0|0.0||11963458000162|LEONARDO FILOMENO
142824541|46634440|1429461|302|01|2024|11|||13|TORTA SALGADA|35.0|60.0|0.0|0.0|0.0||11963458000162|LEONARDO FILOMENO
142824542|46634433|1429461|302|01|2024|11|||2|MISTO FRIO, COMPOSTO POR DUAS FATIAS DE PAO DE FORMA, DUAS FATIAS DE MUCARELA E UMA DE PRESUNTO|6.0|1560.0|0.0|0.0|0.0||11963458000162|LEONARDO FILOMENO
142824543|46634430|1429461|302|01|2024|11|||3|SANDUÍCHE PAO DE BATATA|7.0|1560.0|0.0|0.0|0.0||11963458000162|LEONARDO FILOMENO
142824544|46634437|1429461|302|01|2024|11|||7|SALGADOS DIVERSOS PARA REUNIOES|0.82|11000.0|0.0|0.0|0.0||11963458000162|LEONARDO FILOMENO
142824545|46634435|1429461|302|01|2024|11|||5|PIZZA BROTINHO|9.0|1560.0|0.0|0.0|0.0||11963458000162|LEONARDO FILOMENO
142824546|46634442|1429461|302|01|2024|11|||1|SALADA DE FRUTAS|8.0|1560.0|0.0|0.0|0.0||11963458000162|LEONARDO FILOMENO
142824547|46634441|1429461|302|01|2024|11|||8|BOLO CASEIRO|13.5|60.0|0.0|0.0|0.0||11963458000162|LEONARDO FILOMENO
142824549|46634432|1429461|302|01|2024|11|||11|QUEIJO FRESCO TIPO MINAS|34.95|40.0|0.0|0.0|0.0||11963458000162|LEONARDO FILOMENO
142824550|46634434|1429461|302|01|2024|11|||9|BROA DE FUBA COM QUEIJO|13.5|60.0|0.0|0.0|0.0||11963458000162|LEONARDO FILOMENO
143488424|46979508|1439877|302|01|2024|12|5|CORTINAS|5|CORTINA PERSIANA VERTICAL 1,4MX16M|518.0|13.0|0.0|0.0|0.0||40970036000112|THAYLA GALVAO VILELA
143488420|46979510|1439877|302|01|2024|12|5|CORTINAS|23|CORTINA PERSIANA VERTICAL 1,9MX2,2M|800.0|2.0|0.0|0.0|0.0||40970036000112|THAYLA GALVAO VILELA
143488421|46979487|1439877|302|01|2024|12|3|ELETRODOMESTICOS|12|BEBEDOURO|840.0|3.0|0.0|0.0|0.0||52103510000198|TERABAYTE COMERCIO E SERVICOS LTDA
143488422|46979486|1439877|302|01|2024|12|6|COPA E COZINHA|19|GARRAFA TERMICA INOX 500ML|100.0|4.0|0.0|0.0|0.0||17926188000104|SINTAGMA ZENITE COMERCIO, PAPELARIA E ESPORTES LTDA
143488423|46979521|1439879|302|01|2024|12|1|LOTE 1|1|INTERNET SCM|23880.0|1.0|0.0|0.0|0.0||05684180000191|COMPANHIA ITABIRANA DE TELECOMUNICACOES LTDA
143488425|46979484|1439877|302|01|2024|12|3|ELETRODOMESTICOS|35|LAVADORA DE ALTA PRESSAO|388.5|1.0|0.0|0.0|0.0||52103510000198|TERABAYTE COMERCIO E SERVICOS LTDA
143488426|46979496|1439877|302|01|2024|12|2|MOVEIS PROCON|26|GABINETE BALCAO DE COZINHA PORTA FORNO MICROONDAS|270.0|1.0|0.0|0.0|0.0||47854165000194|RF REZENDE COMERCIO E SERVICOS LTDA
143488427|46979482|1439877|302|01|2024|12|6|COPA E COZINHA|24|LIXEIRA 12 LITROS INOX|115.0|3.0|0.0|0.0|0.0||17926188000104|SINTAGMA ZENITE COMERCIO, PAPELARIA E ESPORTES LTDA
143488428|46979492|1439877|302|01|2024|12|1|MOVEIS CAMARA|30|MESA PARA ESCRITORIO EM L, COM 02 GAVETAS|587.0|8.0|0.0|0.0|0.0||53448772000157|DEBRUM MOVEIS CORPORATIVOS LTDA
143488429|46979489|1439877|302|01|2024|12|1|MOVEIS CAMARA|13|ARMARIO PARA ESCRITORIO BEGE|543.0|2.0|0.0|0.0|0.0||53448772000157|DEBRUM MOVEIS CORPORATIVOS LTDA
143488430|46979493|1439877|302|01|2024|12|2|MOVEIS PROCON|2|ARMARIO MULTIUSO LAVANDERIA 02 PORTAS EM MDP|500.0|1.0|0.0|0.0|0.0||47854165000194|RF REZENDE COMERCIO E SERVICOS LTDA
143488431|46979511|1439877|302|01|2024|12|5|CORTINAS|29|CORTINA PERSIANA VERTICAL 2,35MX2,20M|1500.0|1.0|0.0|0.0|0.0||40970036000112|THAYLA GALVAO VILELA
143488432|46979512|1439877|302|01|2024|12|5|CORTINAS|33|CORTINA PERSIANA VERTICAL 2,35MX2,75M|2000.0|1.0|0.0|0.0|0.0||40970036000112|THAYLA GALVAO VILELA
143488433|46979519|1439877|302|01|2024|12|6|COPA E COZINHA|10|ESCORREDOR DE PRATOS COM PORTA COPOS|99.99|1.0|0.0|0.0|0.0||17926188000104|SINTAGMA ZENITE COMERCIO, PAPELARIA E ESPORTES LTDA
143488434|46979520|1439878|302|01|2024|12|1|LOTE 1|1|GESTAO PATRIMONIAL|729472.8|1.0|0.0|0.0|0.0||10975133000137|APLICAR TECNOLOGIA LTDA
143488435|46979494|1439877|302|01|2024|12|2|MOVEIS PROCON|14|ARMARIO PARA ESCRITORIO BRANCO|535.0|2.0|0.0|0.0|0.0||47854165000194|RF REZENDE COMERCIO E SERVICOS LTDA
143488436|46979491|1439877|302|01|2024|12|1|MOVEIS CAMARA|25|BALCAO MULTIUSO PARA FORNO E MICROONDAS|370.0|1.0|0.0|0.0|0.0||53448772000157|DEBRUM MOVEIS CORPORATIVOS LTDA
143488437|46979518|1439877|302|01|2024|12|10|SUPORTE|9|SUPORTE PARA BACKDROP REGULAVEL|235.0|2.0|0.0|0.0|0.0||46243178000164|IDEAL PRODUTOS E SERVICOS LTDA
143488438|46979485|1439877|302|01|2024|12|3|ELETRODOMESTICOS|18|CAFETEIRA ELETRICA|149.5|1.0|0.0|0.0|0.0||52103510000198|TERABAYTE COMERCIO E SERVICOS LTDA
143488439|46979507|1439877|302|01|2024|12|4|CADEIRAS|28|CADEIRA LONGARINA COM 4 LUGARES|999.0|4.0|0.0|0.0|0.0||23317916000175|MUNDO OFFICE LTDA
143488440|46979498|1439877|302|01|2024|12|2|MOVEIS PROCON|36|JOGO DE MESA REDONDA 100 CM, COM 4 CADEIRAS ESTOFADAS|1286.0|1.0|0.0|0.0|0.0||47854165000194|RF REZENDE COMERCIO E SERVICOS LTDA
143488441|46979488|1439877|302|01|2024|12|1|MOVEIS CAMARA|1|ARMARIO PARA ARQUIVO DE PASTA SUSPENSA|656.0|2.0|0.0|0.0|0.0||53448772000157|DEBRUM MOVEIS CORPORATIVOS LTDA
143488442|46979497|1439877|302|01|2024|12|2|MOVEIS PROCON|31|GUICHE PARA ATENDIMENTO|990.0|1.0|0.0|0.0|0.0||47854165000194|RF REZENDE COMERCIO E SERVICOS LTDA
143488443|46979505|1439877|302|01|2024|12|4|CADEIRAS|15|CADEIRA DE ESCRITORIO FIXA REFORCADA|290.0|4.0|0.0|0.0|0.0||23317916000175|MUNDO OFFICE LTDA
143488444|46979483|1439877|302|01|2024|12|6|COPA E COZINHA|11|GARRAFA TERMICA 1 LT|109.0|5.0|0.0|0.0|0.0||17926188000104|SINTAGMA ZENITE COMERCIO, PAPELARIA E ESPORTES LTDA
143488445|46979502|1439877|302|01|2024|12|3|ELETRODOMESTICOS|27|CLIMATIZADOR DE AMBIENTE 3 EM 1|789.0|13.0|0.0|0.0|0.0||52103510000198|TERABAYTE COMERCIO E SERVICOS LTDA
143488446|46979503|1439877|302|01|2024|12|3|ELETRODOMESTICOS|32|MAQUINA DE LAVAR ROUPA AUTOMATICA|1915.0|1.0|0.0|0.0|0.0||52103510000198|TERABAYTE COMERCIO E SERVICOS LTDA
143488447|46979509|1439877|302|01|2024|12|5|CORTINAS|16|CORTINA PERSIANA VERTICAL 1,4MX19M|591.5|4.0|0.0|0.0|0.0||40970036000112|THAYLA GALVAO VILELA
143488448|46979514|1439877|302|01|2024|12|7|MOVEIS EM ACO|6|PRATELEIRAS EM ACO GALVANIZADO|552.74|8.0|0.0|0.0|0.0||47094894000190|AL OLIVEIRA LTDA
143488449|46979501|1439877|302|01|2024|12|3|ELETRODOMESTICOS|3|ASPIRADOR DE PO|360.0|2.0|0.0|0.0|0.0||52103510000198|TERABAYTE COMERCIO E SERVICOS LTDA
143488450|46979517|1439877|302|01|2024|12|9|RELOGIO|8|RELOGIO DE PAREDE|60.0|3.0|0.0|0.0|0.0||17926188000104|SINTAGMA ZENITE COMERCIO, PAPELARIA E ESPORTES LTDA
143488454|46979506|1439877|302|01|2024|12|4|CADEIRAS|22|CADEIRA GIRATORIA PARA ESCRITORIO COM DESCANSO DE BRACO|510.0|10.0|0.0|0.0|0.0||23317916000175|MUNDO OFFICE LTDA
143488451|46979516|1439877|302|01|2024|12|8|QUADRO BRANCO|7|QUADRO BRANCO MAGNETICO|500.0|2.0|0.0|0.0|0.0||47860599000105|DISTRIBUIDORA FRANCINO LTDA
143488452|46979499|1439877|302|01|2024|12|2|MOVEIS PROCON|37|MESA TIPO APARADOR|354.0|1.0|0.0|0.0|0.0||47854165000194|RF REZENDE COMERCIO E SERVICOS LTDA
143488453|46979481|1439876|302|01|2024|12|||1|CARTAO AUXILIO ALIMENTACAO|185680.79|1.0|0.0|0.0|0.0||02976530000103|O 2 PLUS CARD INSTITUICAO DE PAGAMENTOS  LTDA
143488455|46979500|1439877|302|01|2024|12|2|MOVEIS PROCON|38|MESA PARA ESCRITORIO EM L, COM BALCAO|900.0|2.0|0.0|0.0|0.0||47854165000194|RF REZENDE COMERCIO E SERVICOS LTDA
143488456|46979515|1439877|302|01|2024|12|7|MOVEIS EM ACO|17|ARMARIOS PARA ARQUIVO EM ACO|1089.36|3.0|0.0|0.0|0.0||47094894000190|AL OLIVEIRA LTDA
143488457|46979504|1439877|302|01|2024|12|4|CADEIRAS|4|CADEIRA DE ESCRITORIO FIXAS|112.2|20.0|0.0|0.0|0.0||23317916000175|MUNDO OFFICE LTDA
143488458|46979490|1439877|302|01|2024|12|1|MOVEIS CAMARA|20|ARMARIO PARA GABINETE|272.0|13.0|0.0|0.0|0.0||53448772000157|DEBRUM MOVEIS CORPORATIVOS LTDA
143488459|46979495|1439877|302|01|2024|12|2|MOVEIS PROCON|21|CONJUNTO DE MESA DE COZINHA COM 2 BANQUETAS|430.0|1.0|0.0|0.0|0.0||47854165000194|RF REZENDE COMERCIO E SERVICOS LTDA
143488460|46979513|1439877|302|01|2024|12|6|COPA E COZINHA|34|BALANCA DIGITAL|0.01|1.0|0.0|0.0|0.0||17926188000104|SINTAGMA ZENITE COMERCIO, PAPELARIA E ESPORTES LTDA
143030371|46751579|1433180|303|02|2024|10|4|MOTOCICLETA|5|MOTOCICLETA 0KM 160 CC 2024 CARACTERISTICA DA MOTOCICLETA TIPO OHC, MONOCILINDRICO, 4 TEMPOS, ARREFECIDO A AR CILINDRADA 160 CC POTENCIA MAXIMA 14,9 CV A 8000 RPM RPM GASOLINA 15,1 CV A 8000 RPM ETANOL TORQUE MAXIMO 1,40 KGFM A 7000 RPM RPM GASOLINA 1,54 KGFM A 7000 RPM ETANOL TRANSMISSAO 5 VELOCIDADES SISTEMA DE PARTIDA ELETRICO DIAMETRO X CURSO 57,3 X 63,0 MM RELACAO DE COMPRESSAO 9,5 1 SISTEMA ALIMENTACAO INJECAO ELETRONICA PGM FI COMBUSTIVEL GASOLINA EOU ETANOL IGNICAO ELETRONICA BATERIA 12V 4 AH FAROL 35 35W TANQUE DE COMBUSTIVEL 16,1 LITROS OLEO DO MOTOR 1,2 LITRO COMPRIMENTO X LARGURA X ALTURA 1996 X 746 X 1087 MM DISTA|24290.0|2.0|0.0|0.0|0.0||45770117000192|VENANCIOS EMPREENDIMENTOS LTDA
143030363|46751574|1433179|303|02|2024|10|||1|CONTRATACAO DE EMPRESA ESPECIALIZADA EM CONSTRUCAO CIVIL PARA EXECUCAO DA INSTALACAO DE GUARDACORPO METALICO NA AVENIDA DOUTOR JOAO PINHEIRO, COM FORNECIMENTO DE MATERIAL E MAODEOBRA NECESSARIO|690000.0|1.0|0.0|0.0|0.0||07538435000133|SERVITECNO ENGENHARIA E CONSTRUCOES LTDA
143030364|46751580|1433181|303|02|2024|10|1|LOTE 1|1|APITO, MATERIAL PLASTICO, APLICACAO ESPORTE, TIPO PROFISSIONAL, TAMANHO MEDIO, CARACTERISTICAS ADICI|6.0|4.0|0.0|0.0|0.0||52755750000177|VERTENTES MATERIAIS ESPPORTIVOS
143030365|46751586|1433181|303|02|2024|10|7|LOTE 7|7|BOMBA DE INFLAR CONFECCIONADA EM MATERIAL SINTETICO COM APROXIMADAMENTE 20CM AGULHA 4CM PESO 100|13.8|4.0|0.0|0.0|0.0||43029546000188|INB COMERCIO LTDA
143030366|46751590|1433181|303|02|2024|10|11|LOTE 11|11|BOLA DE FUTSAL ADULTO A PARTIR DO SUB15 INDICADA PARA CATEGORIA ADULTO MATERIAL POLIURETILENO|42.0|30.0|0.0|0.0|0.0||11263197000178|RCA COMERCIAL LTDA
143030367|46751593|1433181|303|02|2024|10|14|LOTE 14|14|BOLA DE HANDEBOL N°2 54 A 56CM INDICADA PARA EQUIPES FEMININAS CADETE E ACIMA ACIMA DE 14 ANOS|38.0|20.0|0.0|0.0|0.0||11263197000178|RCA COMERCIAL LTDA
143030368|46751597|1433181|303|02|2024|10|18|LOTE 18|18|BOLA INICIACAO 10, COMPOSTO DE BORRACHA, PESO 150160 G CIRCUNFERENCIA 4850 CM COM RANHURAS NA|16.0|20.0|0.0|0.0|0.0||11263197000178|RCA COMERCIAL LTDA
143030369|46751587|1433181|303|02|2024|10|8|LOTE 8|8|BOLA DE BASQUETEBOL 72 A 74 CM INDICADA PARA COMPETICOES FEMININAS ACIMA DE 12 ANOS MATERIAL M|63.0|30.0|0.0|0.0|0.0||52755750000177|VERTENTES MATERIAIS ESPPORTIVOS
143030370|46751594|1433181|303|02|2024|10|15|LOTE 15|15|BOLA MEDICINAL DE 1KG CONFECCIONADA EM BORRACHA REFORCADA COM SUPERFICIE RUGOSA, MATRIZADA COM MIO|31.0|6.0|0.0|0.0|0.0||52755750000177|VERTENTES MATERIAIS ESPPORTIVOS
143030372|46751600|1433181|303|02|2024|10|21|LOTE 21|21|REDE BASQUETE PAR CONFECCIONADA EM CORDA TRANCADA DE MONOFILAMENTO, 100% POLIETILENO PE 100% EX|17.0|2.0|0.0|0.0|0.0||52755750000177|VERTENTES MATERIAIS ESPPORTIVOS
143030373|46751584|1433181|303|02|2024|10|5|LOTE 5|5|CORDA NAVAL PARA EXERCICIOS, FEITA EM SISAL PODE SER USADA EM DIVERSOS EXERCICIOS DE FORCA, RESISTE|135.0|2.0|0.0|0.0|0.0||49681792000104|TRZ COMERCIO DE MATERIAIS ESPORTIVOS LTDA
143030374|46751576|1433180|303|02|2024|10|1|LAVADORA DE ROUPA|2|LAVADORA DE ROUPAS CAPACIDADE MÍNIMA DE 12 KG COM FUNCOES LAVAGEM ENXAGUE E CENTRÍFUGA TENSAO 110 VOLTS FUNCIONAMENTO AUTOMATICO COM NO MÍNIMO 04 PROGRAMAS DE LAVAGEM E 03 NÍVEIS DE AGUA GABINETE EM ACO COM TRATAMENTO ANTIFERRUGEM E PINTURA ELETROSTATICA NA COR BRANCA E CESTO EM INOX CLASSIFICACAO DE EFICIÊNCIA ENERGÉTICA A EXPEDIDA PELO INMETRO GARANTIA MÍNIMA DE 12 MESES FORNECIDA PELO FABRICANTE|1900.0|3.0|0.0|0.0|0.0||47646580000152|FRANCIELE ELETRO LTDA
143030375|46751578|1433180|303|02|2024|10|5|CARRO|3|VEICULO AUTOMOTOR HATCH, ZERO KM, MOTOR MINIMO 10, POTENCIA MINIMA 66 CV, MOTOR BIOCOMBUSTIVEL, CAMBIO DE 05 MARCHAS, DIRECAO ELETROHIDRAULICA, AR CONDICIONADO, VIDROS ELETRICOS, TRAVAS ELETRICAS, SISTEMA DE FREIO ABS, AIRBAG DUPLO, TAPETES DE BORRACHA, TODOS OS DEMAIS ITENS EXIGIDOS PELO CODIGO BRASILEIRO DE TRANSITO|67900.0|1.0|0.0|0.0|0.0||28515824000113|ARTHA EMPREENDIMENTOS COMERCIO E LOCACOES LTDA
143030376|46751589|1433181|303|02|2024|10|10|LOTE 10|10|BOLA DE FUTSAL MIRIM SUB11INDICADA PARA CATEGORIA MIRIM SUB11 MATERIAL EM POLIURETILENO|40.0|30.0|0.0|0.0|0.0||11263197000178|RCA COMERCIAL LTDA
143030377|46751591|1433181|303|02|2024|10|12|LOTE 12|12|BOLA DE FUTEBOL DE CAMPO 64 A 66 CM INDICADA PARA CATEGORIA INFANTIL MATERIAL POLIUTIRENO, CAMA|42.0|10.0|0.0|0.0|0.0||11263197000178|RCA COMERCIAL LTDA
143030378|46751581|1433181|303|02|2024|10|2|LOTE 2|2|ARCO DE PLASTICO BAMBOLE MATERIAL PLASTICO PVC, COM 63 CM DE DIAMETRO CORES DIVERSAS|1.99|60.0|0.0|0.0|0.0||49681792000104|TRZ COMERCIO DE MATERIAIS ESPORTIVOS LTDA
143030379|46751601|1433181|303|02|2024|10|22|LOTE 22|22|REDE VOLEIBOL PAR EM 100% POLIETILENO IMPERMEABILIZADO, 100% EXTRA VIRGEM, RESISTENTE RAIO ULTRAV|63.0|6.0|0.0|0.0|0.0||11263197000178|RCA COMERCIAL LTDA
143030380|46751583|1433181|303|02|2024|10|4|LOTE 4|4|CONE DEMARCATORIO DISCOCHAPEU CHINES 6,5 CM DE ALTURA E 19,5 CM DE DIAMETRO MATERIAL PLASTICO FL|2.0|40.0|0.0|0.0|0.0||52755750000177|VERTENTES MATERIAIS ESPPORTIVOS
143030381|46751599|1433181|303|02|2024|10|20|LOTE 20|20|REDE FUTSALHANDEBOL PAR CONFECCIONADA EM CORDA TRANCADA DE MONOFILAMENTO, 100% POLIETILENO PE 1|103.0|6.0|0.0|0.0|0.0||11263197000178|RCA COMERCIAL LTDA
143030382|46751603|1433181|303|02|2024|10|24|LOTE 24|24|BOLA DE VOLEIBOL 65 A 67CM INDICADA PARA CATEGORIA ADULTO MATERIAL MICROFIBRA PESO CHEIA 260|50.0|30.0|0.0|0.0|0.0||11263197000178|RCA COMERCIAL LTDA
143030383|46751602|1433181|303|02|2024|10|23|LOTE 23|23|COLCHONETE EM NAPA COLCHONETE PARAGINASTICA, MATERIAL NAPA CICAP, COR AZUL ROYAL DIMENSOES APROX|27.5|40.0|0.0|0.0|0.0||49681792000104|TRZ COMERCIO DE MATERIAIS ESPORTIVOS LTDA
143030384|46751582|1433181|303|02|2024|10|3|LOTE 3|3|CONE PARA SINALIZACAO, CONFECCIONADO EM COMPOSTO SINTETICO, 50 CM DE ALTURA|12.0|20.0|0.0|0.0|0.0||11263197000178|RCA COMERCIAL LTDA
143030385|46751588|1433181|303|02|2024|10|9|LOTE 9|9|BOLA DE BASQUETEBOL 75 A 78 CM INDICADA PARA COMPETICOES MASCULINAS DE CATEGORIAS ACIMA DE 12 ANOS M|60.0|20.0|0.0|0.0|0.0||36392582000146|GILMA CRUZ DE SOUZA ME
143030386|46751575|1433180|303|02|2024|10|3|REFRIGERADOR DUAS PORTAS|1|REFRIGERADOR DUAS PORTAS DUPLEX FROST FREE CAPACIDADE DE 400 A 450 LITROS CLASSIFICACAO DE EFICIÊNCIA ENERGÉTICA A EXPEDIDA PELO INMETRO COR BRANCA VOLTAGEM 110V GARANTIA MÍNIMA DE 12 MESES FORNECIDA PELO FABRICANTE|3500.0|3.0|0.0|0.0|0.0||47646580000152|FRANCIELE ELETRO LTDA
143030390|46751598|1433181|303|02|2024|10|19|LOTE 19|19|REDE FUTEBOL DE CAMPO PAR CONFECCIONADA EM CORDA TRANCADA DE MONOFILAMENTO, 100% POLIETILENO PE|262.0|6.0|0.0|0.0|0.0||11263197000178|RCA COMERCIAL LTDA
143030387|46751592|1433181|303|02|2024|10|13|LOTE 13|13|BOLA DE HANDEBOL N°1 49 A 51CM INDICADA PARA EQUIPES FEMININAS MINI, MIRIM E INFANTIL ENTRE 8|37.0|20.0|0.0|0.0|0.0||11263197000178|RCA COMERCIAL LTDA
143030388|46751577|1433180|303|02|2024|10|2|SMART TV 50 4K|4|SMART TV 50 4 K UHD WIFIBLUETOOTH HDR|2290.0|3.0|0.0|0.0|0.0||17926188000104|SINTAGMA ZENITE COMERCIO EIRELI
143030389|46751585|1433181|303|02|2024|10|6|LOTE 6|6|CRONOMETRO, MATERIAL CARCACA PLASTICO ABS, TIPO BOLSO, TIPO MOSTRADOR DIGITAL, FUNCIONAMENTO BATERIA|11.5|4.0|0.0|0.0|0.0||43029546000188|INB COMERCIO LTDA
143030391|46751595|1433181|303|02|2024|10|16|LOTE 16|16|BOLA MEDICINAL DE 2KG CONFECCIONADA EM BORRACHA REFORCADA COM SUPERFICIE RUGOSA, MATRIZADA COM MIO|32.0|6.0|0.0|0.0|0.0||52755750000177|VERTENTES MATERIAIS ESPPORTIVOS
143030392|46751596|1433181|303|02|2024|10|17|LOTE 17|17|BOLA INICIACAO 08, COMPOSTO DE BORRACHA, PESO 110120 G, CIRCUNFERENCIA 4042 CM, COM RANHURAS NA|14.0|20.0|0.0|0.0|0.0||11263197000178|RCA COMERCIAL LTDA
143014519|46746437|1433004|303|02|2024|9|95|LOTE 95|95|KIT PESCARIA PESCARIA COM 3 VARINHAS DIMENSOES DA PECA VARAS 19 X 1 X 0,2CM TABULEIRO PEIXE 28 X 22 X 3,5CM PEIXES 2,8 X 2,1 X 2,1CM DIMENSOES DA EMBALAGEM 31 X 4 X 23CM QUANTIDADE INNER 36 PECAS DIMENSOES INNER 93,5 X 28 X 50CM QUANTIDADE MASTER 72 PECAS DIMENSOES MASTER 95 X 29 X 101CM MATERIAL PLASTICO COR LARANJA E AMARELO TIPO DE EMBALAGEM CAIXA LITOGRAFADA COM VISOR MARCA ETITOYS|89.0|1.0|0.0|0.0|0.0||17926188000104|SINTAGMA ZENITE COMERCIO EIRELI
143014516|46746441|1433004|303|02|2024|9|99|LOTE 99|99|BEBE DINO PAPA TUO GENERO UNISSEXUNISSEX MATERIAL PLASTICO DENTES E OLHO PSPOLIESTIRENO CORPO, BARRIGA, BOCA E ESCAMAS PPPOLIPROPILENOPLASTICO DENTES E OLHO PSPOLIESTIRENO CORPO, BARRIGA, BOCA E ESCAMAS PPPOLIPROPILENO CONTEUDO DA EMBALAGEM 1 DINO E 3 COMIDINHAS1 DINO E 3 COMIDINHAS ALIMENTACAO DO PRODUTO 3 BATERIAS3 BATERIAS CERTIFICADO PERSONAGENS ELKAELKA DIMENSOES 26 X 11 X 3126 X 11 X 31|88.0|1.0|0.0|0.0|0.0||17926188000104|SINTAGMA ZENITE COMERCIO EIRELI
143014517|46746353|1433004|303|02|2024|9|12|LOTE 12|11|LIVRO SENSORIAL EDUCATIVO, COMPOSICAO POLIESTER 85% PAPEL ENRUGADO 10% VELCRO 2% PELUCIA 1% CABO 1% MATERIAL DE SEDA BRILHANTE 1% DIMENSOES DO PRODUTO 5,18,18 CM52 G IDADE RECOMENDADA 3 A 12 MESES|150.0|2.0|0.0|0.0|0.0||11384015000117|ATLANTICA DIDATICA E PEDAGOGICA DISTRIBUIDORA LTDA
143014518|46746367|1433004|303|02|2024|9|39|LOTE 39|25|QUEBRA CABECA CUBOS ANIMAIS 6 ANIMAIS OS BRINQUEDOS DE MADEIRA, SAO IMPORTANTES PELA SUA RESISTENCIA E DURABILIDADE CAPACIDADE DE ASSIMILAR CORES, ALEM DE ESTIMULAR OS SENTIDOS PELA SUA TEXTURA, SONS, PESO E CHEIRO|84.68|2.0|0.0|0.0|0.0||17926188000104|SINTAGMA ZENITE COMERCIO EIRELI
143014520|46746344|1433004|303|02|2024|9|2|LOTE 2|2|FANTOCHES DE MAO, MATERIAL PLUSH, ALTURA 23CM 905 APROX CONTEM PATO, MACACO, VACA, CACHORRO, SAPO|81.0|5.0|0.0|0.0|0.0||11384015000117|ATLANTICA DIDATICA E PEDAGOGICA DISTRIBUIDORA LTDA
143014521|46746373|1433004|303|02|2024|9|22|LOTE 22|31|FAMILIA TERAPEUTICA FELTRO 1 MAE, 1 PAI, 1 AVO, 1 AVO, 2 FILHAS ADOLESCENTE E CRIANCA, 2 FILHOS ADOLESCENTE E CRIANCA E BEBE TAMANHOS APROXIMADOS 20 CM ADULTOS, ENTRE 15 CM E 12 CM ADOLESCENTES E CRIANCAS E 5 CM BEBE|163.0|1.0|0.0|0.0|0.0||11384015000117|ATLANTICA DIDATICA E PEDAGOGICA DISTRIBUIDORA LTDA
143014522|46746390|1433004|303|02|2024|9|48|LOTE 48|48|JOGO QUATRO EM LINHA, BRINQUEDO MADEIRA CRIATIVO EDUCATIVO TOOKY TOY TAMANHO 285X12X22 INDICACAO 3 PECAS 45 PESO BRUTO DO PRODUTO 0,500 KG MATERIAL MADEIRA|93.0|1.0|0.0|0.0|0.0||11384015000117|ATLANTICA DIDATICA E PEDAGOGICA DISTRIBUIDORA LTDA
143014523|46746375|1433004|303|02|2024|9|27|LOTE 27|33|COLECAO SENTIMENTOS E EMOCOES CAIXA A IDEIA DA COLECAO SENTIMENTOS E EMOCOES E ABRIR UM CANAL DE COMUNICACAO PARA QUE CRIANCAS E ADULTOS CONSIGAM IDENTIFICAR TAIS SENTIMENTOS E APRENDAM A EXPRESSAR SUAS EMOCOES DIZENDO COMO SE SENTEM, MAS SEM DEIXAR DE LADO A OUTRA PESSOA CONTEM 1 BONECO E OS LIVROS FELIZ, MEDO, RAIVA E TRISTE|115.0|2.0|0.0|0.0|0.0||11384015000117|ATLANTICA DIDATICA E PEDAGOGICA DISTRIBUIDORA LTDA
143014524|46746395|1433004|303|02|2024|9|53|LOTE 53|53|TAPETE TATAME EVA, 26 PLACAS TAPETE TATAME EVA 26 PLACAS 30X30CM ABC COMPLETO 8MM UM TAPETE SUPER COLORIDO E ESTAMPADO COM AS LETRAS DO ALFABETO, TENDO 8 MILIMETROS CARACTERISTICAS COBRE AREA DE 2,15M2 APROXIMADAMENTE, COLORIDO,LAVAVEL,ATOXICO,ANTIDERRAPANTE,NAO AGRESSIVOANVISA|174.0|1.0|0.0|0.0|0.0||11384015000117|ATLANTICA DIDATICA E PEDAGOGICA DISTRIBUIDORA LTDA
143014525|46746358|1433004|303|02|2024|9|20|LOTE 20|16|KIT BAMBOLES ARCO RECREATIVO MEDIDA 65 CM|10.0|20.0|0.0|0.0|0.0||17926188000104|SINTAGMA ZENITE COMERCIO EIRELI
143014526|46746343|1433004|303|02|2024|9|1|LOTE 1|1|BOLSA TERMICA GEL REUTILIZAVEL MODELO BICHINHOS PARA BEBES E CRIANCAS, DIMENSOES APROXIMADAS, COMP 11CM X ALT 9CM, COMPOSICAO EMBALAGEM PLASTICA CAMADAS DE OLIAMIDAPOLIETILENO MATERIAL PVC, CARBOXIMETHYL, AGUA E GLICERINA|45.0|2.0|0.0|0.0|0.0||11384015000117|ATLANTICA DIDATICA E PEDAGOGICA DISTRIBUIDORA LTDA
143014530|46746475|1433006|303|02|2024|9|20|LOTE 20|25|MESA DE REUNIAO OVAL PARA 6 PESSOASCOM DIMENSOES ENTRE OU IGUAIS AXLXC 2,20M X 1,00M X 0,70M A 2,30M X 1,10M X 0,80MCOMPOSICAO TAMPO EM MDF CHAPA DE FIBRA DE MEDIA DENSIDADE DE APROXIMADAMENTE 25 MM DE ESPESSURA, COM BORDAS EM PVC MACICO OU POLIESTIRENO NA COR DO TAMPO E DUAS BASES CILINDRICAS COM APROXIMADAMENTE 450 MM DE DIAMETRO EM MADEIRA REVESTIMENTOS TAMPO EM LAMINADO MELAMINICO|750.0|1.0|0.0|0.0|0.0||44384524000107|GOMAP COMERCIO DE MOVEIS E EQUIPAMENTOS LTDA
143014527|46746374|1433004|303|02|2024|9|26|LOTE 26|32|ADAPTADORES PARA ESCRITA 3 CORRETORES DE ESCRITA FINGER GRIP PACOTE COM 3 FINGER GRIP1 LARANJA, 1 VERDE E 1 AZULMODELO PARA 2 DEDOS MATERIAL SILICONE AMBITO DE APLICACAO PARA CRIANCAS DE 3 A 12 ANOSPRODUTO QUE AUXILIA NO APRENDIZADO DA ESCRITA, NO DESENHO E EM OUTRAS ATIVIDADES EDUCACIONAISALEM DE DIVERTIR|18.9|2.0|0.0|0.0|0.0||17926188000104|SINTAGMA ZENITE COMERCIO EIRELI
143014528|46746450|1433005|303|02|2024|9|||1|CONTRATACAO DE EMPRESA ESPECIALIZADA NA PRESTACAO DE SERVICOS DE ADMINISTRACAO, FORNECIMENTO E GERENCIAMENTO DE VALE ALIMENTACAO, POR MEIO DE CARTAO ELETRONICOMAGNETICO OU DE SIMILAR TECNOLOGIA, EQUIPADO COM MICROPROCESSADOR COM CHIP ELETRONICO DE SEGURANCA, COM SENHA INDIVIDUAL, COM TECNOLOGIA PARA RECARGA DE CREDITOS MENSAL PARA APROXIMADAMENTE 1250 UM MIL, DUZENTOS E CINQUENTA UNIDADES, COM VALOR MENSAL ESTIMADO DE ATE R$500,00 QUINHENTOS REAIS DESTINADO A AQUISICAO DE GENEROS ALIMENTICIOS PELOS SERVIDORES PUBLICOS MUNICIPAIS CELETISTAS, CONTRATADOS TEMPORARIAMENTE E DE CARGOS DE PROVIMENTO EM COMISSAO DA PREFEITURA MUNICIPAL CAETE|0.0|7500000.0|0.0|0.0|0.0||21922507000172|MEGA VALE ASMINISTRADORA DE CARTOES E SERVICOS LTDA
143014529|46746464|1433006|303|02|2024|9|7|LOTE 7|13|CADEIRA PARA ESCRITORIO EXECUTIVA FIXA, TIPO SECRETARIA, 4 PES PALITO, TUBO 78 ESTOFADA EM ESPUMA INJETADA, COM 35MM DE ESPESSURA, DENSIDADE 28, CAPACIDADE PARA ATE 120KG, INTERLIGADOS POR LAMINA INTERNA REVESTIMENTO COURVIM PRETO|110.0|30.0|0.0|0.0|0.0||44384524000107|GOMAP COMERCIO DE MOVEIS E EQUIPAMENTOS LTDA
143014531|46746469|1433006|303|02|2024|9|12|LOTE 12|18|CARRO MACA PADIOLA INOX C COLCHONETE, GRADES LATERAIS E SUPORTE DE SORO, CARRO MACA INOX, LEITO EM CHAPA INOX COM CABECEIRA RECLINAVEL ESTRUTURA TUBULAR EM ACO REDONDO INOX, RODAS DE 4 POLEGADAS, DUAS COM FREIOSDIMENSOES C X L X A 2,00 M X 0,60 M X 0,80 M DIMENSOES DO LEITO C X L 1,85 M X 0,55 M ACOMPANHA COLCHONETE COM GRADES LATERAIS E SUPORTE DE SORO EM INOX|2320.0|5.0|0.0|0.0|0.0||10921809000100|HOSPITALAR EMPREENDIMENTOS COMERCIAIS EIRELI
143014532|46746461|1433006|303|02|2024|9|4|LOTE 4|10|BEBEDOURO INDUSTRIAL DE COLUNA 100 LITROS PURIFICADOR REFRIGERADO DE AGUA BLUE BEBEDOUROS FILTRO CORPO E ESTRUTURA EM ACO INOX 430 TAMPA E PES REGULAVEIS DE PLASTICO ABS INJETADO APARADOR DE AGUA PINGADEIRA EM ACO INOX 430 SERPENTINA EM ACO INOX 304 INTERNA RESERVATORIO EM POLIPROPILENO ATOXICO ISOLAMENTO TERMICO EM PS BOIA CONTROLADORA DO NIVEL DE AGUA TOMADA DE 3 PINOS CONFORME A NORMA DA ABNTNBR603351 CERTIFICADO PELO INMETRO TERMOSTATO COM 7 NIVEIS PARA CONTROLE DE TEMPERATURA GAS ECOLOGICO R134A REFRIGERACAO POR COMPRESSOR QUE GARANTE MAIOR EFICIENCIA MOTOR ELGIN 16 HP 127V 2,5A TENSAOPOTENCIA 110V CONSUMO MEDIO 12,06 KWH MES|2240.0|3.0|0.0|0.0|0.0||71181184000181|DARIO HUMBERTO DE MELO CASTROME
143014533|46746452|1433006|303|02|2024|9|24|LOTE 24|2|AR CONDICIONADO SPLIT 9000 A 12000 BTUS REVERSO CBR 30OBCOM CONTROLE REMOTO OPCOES DE FUNCIONAMENTO RESFRIAMENTO E AQUECIMENTO DIMENSOES LXAXP UNIDADE EXTERNA 637X83X268 CM UNIDADE INTERNA313X1025X203 CM PESO UNIDADE EXTERNA 49 KG|3000.0|2.0|0.0|0.0|0.0||71181184000181|DARIO HUMBERTO DE MELO CASTROME
143014534|46746467|1433006|303|02|2024|9|10|LOTE 10|16|CARRO CURATIVO COM BALDE E BACIA EM ACO INOX DIMENSOES 40X0,80X0,80M TOTAL INOX, PES EM TUBOS INOXIDAVEL,TAMPO E PRATELEIRA EM CHAPA INOX, PES COM RODIZIOS DE 2 VARANDA EM FERRO MACICO 316, PUXADOR EM TUBO INOXIDAVEL|600.0|3.0|0.0|0.0|0.0||32593430000150|M CARREGA COMERCI DE PRODUTOS HOSPITALRES LTDA
143014535|46746422|1433004|303|02|2024|9|80|LOTE 80|80|BRINQUEDO DE MONTAR E ENCAIXE EDUCATIVO CRIATIVO PLUKT 100 PECAS INFANTIL CRIANCA PLAKT TRABALHA ESTE BRINQUEDO EDUCATIVO TRABALHA A COORDENACAO MOTORA DOS PEQUENOS, PERCEPCAO, RACIOCINIO, CORES, ATENCAO E A CRIATIVIDADE DE MANEIRA LUDICA E CRIATIVA IDADE MINIMA RECOMENDADA A PARTIR DE 3 ANOS DE IDADE NUMERO DE PECAS 100 PECAS ESTILO ESTRELAS MEDINDO 3CM DE DIAMETRO|52.14|1.0|0.0|0.0|0.0||17926188000104|SINTAGMA ZENITE COMERCIO EIRELI
143014536|46746447|1433004|303|02|2024|9|105|LOTE 105|105|COZINHA INFANTIL BRINQUEDO COM AGUA LUZ SOM FUMACA 42 PECAS AZUL BH STORE DIMENSOES 18 X 45 X 62 CMCOZINHA COM 42 PECAS|376.0|1.0|0.0|0.0|0.0||17926188000104|SINTAGMA ZENITE COMERCIO EIRELI
143014537|46746401|1433004|303|02|2024|9|59|LOTE 59|59|NINHO SENSORIAL NINHO SENSORIAL|234.0|1.0|0.0|0.0|0.0||17926188000104|SINTAGMA ZENITE COMERCIO EIRELI
143014538|46746348|1433004|303|02|2024|9|6|LOTE 6|6|DEDOCHE DIMENSOES DA EMBALAGEM 22 X 17 X 12 CM, BICHINHOS INCLUSOS SAO PINTINHO, COELHO, URSO, VAQUINHA, PORQUINHO, MACACO, GIRAFA, ELEFANTE, TIGRE E ZEBRA COMPOSICAO PLASTICO POLICLORETO DE VINILA BRPVC MACIOBR|63.0|10.0|0.0|0.0|0.0||11384015000117|ATLANTICA DIDATICA E PEDAGOGICA DISTRIBUIDORA LTDA
143014539|46746350|1433004|303|02|2024|9|8|LOTE 8|8|PATO DANCANTE BRINQUEDO MUSICAL ANDA DANCA MEXE COM LUZ E SOM DUCK DANCING, PATINHO, MEDIDAS PATO A X L X C 20 X 11 X 15 CENTIMETROS, UTILIZA 03 PILHAS AA NAO INCLUSA CARACTERISTICAS ANDA PARA OS LADOS, MEXE OLHOS E BOCA, COM LUZES COLORIDAS, MODELO PATO DUCK DANCARINO|99.6|1.0|0.0|0.0|0.0||17926188000104|SINTAGMA ZENITE COMERCIO EIRELI
143014540|46746371|1433004|303|02|2024|9|15|LOTE 15|29|BOLA DE FUTEBOL, MATERIAL COURO SINTETICO|62.0|1.0|0.0|0.0|0.0||11384015000117|ATLANTICA DIDATICA E PEDAGOGICA DISTRIBUIDORA LTDA
143014541|46746383|1433004|303|02|2024|9|41|LOTE 41|41|PRANCHETAS PLASTICA TAMANHO OFICIO, INJETADO EM POLIESTIRENO PESO 0235 KG DIMENSOES 340 X 240 X 40 MM ESPESSURA 3 POSSUEM REGUAS EM SUA BASE E LATERAL ESQUERDA PRENDEDOR DE PAPEL EM POLIESTIRENO INJETADO QUE NAO ENFERRUJA E NEM MARCA O PAPEL|15.0|5.0|0.0|0.0|0.0||11384015000117|ATLANTICA DIDATICA E PEDAGOGICA DISTRIBUIDORA LTDA
143014542|46746356|1433004|303|02|2024|9|17|LOTE 17|14|TOCA BASKETBALL GAME COM 60 BOLINHAS CONTEM 1 BOLSA PLASTICA, 1 JOGO DE BASKET BALL E 60 BOLINHAS COLORIDAS 15 DE CADA COR|196.0|1.0|0.0|0.0|0.0||11384015000117|ATLANTICA DIDATICA E PEDAGOGICA DISTRIBUIDORA LTDA
143014543|46746404|1433004|303|02|2024|9|62|LOTE 62|62|BOLA BOBATH BOLA DE BOBATH CONFECCIONADA EM PLASTICO INFLAVEL DE ALTA RESISTENCIA, MEDINDO 700MM DE DIAMETRO ACONDICIONADA EM EMBALAGEM DE PAPELAO ACOMPANHA BOMBA DE INFLAR|80.0|2.0|0.0|0.0|0.0||11384015000117|ATLANTICA DIDATICA E PEDAGOGICA DISTRIBUIDORA LTDA
143014544|46746402|1433004|303|02|2024|9|60|LOTE 60|60|ROLO EM ESPUMA ROLO EM ESPUMA MEDIDAS COMPRIMENTO 1,30M E DIAMETRO DE 0,25M ROLO EM ESPUMA DUREZA D28, COM FIXACAO INTERNA, FORRADO COM TECIDO SINTETICO|113.0|1.0|0.0|0.0|0.0||17926188000104|SINTAGMA ZENITE COMERCIO EIRELI
143014545|46746363|1433004|303|02|2024|9|33|LOTE 33|21|BATE PINOS O BATE PINOS E UMA LINDA BANCADA COLORIDA COM QUATRO PINOS DE MADEIRA E UM MARTELINHO PARA A CRIANCA BATER PRA VALER QUANDO AFUNDAR TODOS OS PINOS DE UM LADO E SO VIRAR E COMECAR TUDO DE NOVO|28.0|2.0|0.0|0.0|0.0||11384015000117|ATLANTICA DIDATICA E PEDAGOGICA DISTRIBUIDORA LTDA
143014549|46746388|1433004|303|02|2024|9|46|LOTE 46|46|KIT DE COORDENACAO MOTO FINA CONTEUDO DA CAIXA 500 BOLAS DE GEL COLORIDA 100 POMPONS COLORIDOS TAMANHO 1 CM 12 POMPONS 2 CORES DE CADA TAMANHO 3 CM 6 POTINHOS DE SILICONE 6 CORES DIFERENTES 7X45X32 CM 1 PINCA COR AZUL TAMANHO 128 CM PARA ITENS GRANDES 1 PINCA COR VERDE TAMANHO 105 CM PARA ITENS PEQUENOS 1 TESOURA BOLA COR LARANJA 2 CONTA GOTAS COLORIDO|229.89|1.0|0.0|0.0|0.0||17926188000104|SINTAGMA ZENITE COMERCIO EIRELI
143014546|46746462|1433006|303|02|2024|9|5|LOTE 5|11|BIOMBO COM 3 FACES CONSTRUIDO COM TUBOS DE ACO ESMALTADO DE 34, FACES EM FORTE TECIDO, PES COM RODIZIOS DE 2 , DIMENSOES LARGURA ABERTO 1,80 FECHADO 0,66MX1,75 ALTURA|395.0|2.0|0.0|0.0|0.0||10921809000100|HOSPITALAR EMPREENDIMENTOS COMERCIAIS EIRELI
143014547|46746432|1433004|303|02|2024|9|90|LOTE 90|90|BANCOS TERAPEUTICOS BANCOS TERAPEUTICOS TERAPIA OCUPACIONAL MATERIAL MADEIRA MEDIDAS DO PRODUTO 1° 0,70 C X 0,43 X 0,28 MAIOR BANCO 2° 0,65 C X 0,37 X 0,28 3° 0,30 C X 0,60 X 28,0 4° 0,55 C X 0,23 X 28,0 5° 0,50 C X 0,17 X 0,28 6° 0,45 C X 0,10 X 0,28 MENOR BANCO MEDIDAS DA EMBALAGEM 0,75 COMP X 0,30 LARG X 0,45 ALT|750.0|1.0|0.0|0.0|0.0||34766440000176|JM DA SILVA COMERCIO DE BRINQUEDOS
143014548|46746368|1433004|303|02|2024|9|40|LOTE 40|26|SUPER BLOCKS 80 PCS GRANDES DIMENSOES DO ITEM C X L X A 17 X 34 X 20 CENTIMETROS|76.27|1.0|0.0|0.0|0.0||17926188000104|SINTAGMA ZENITE COMERCIO EIRELI
143014550|46746406|1433004|303|02|2024|9|64|LOTE 64|64|ROLO SENSORIAL ROLO SENSORIAIS CRECHE 60 X 30 CM ACABAMENTOS REVESTIDO EM NAPA COSTURA REFORCADA COM ZIPER DENSIDADE 28|256.0|2.0|0.0|0.0|0.0||17926188000104|SINTAGMA ZENITE COMERCIO EIRELI
143014551|46746345|1433004|303|02|2024|9|3|LOTE 3|3|CAIXA ENCAIXA ESTRELA, COMPOSICAO PLASTICO, PESO 990 GRAMAS, DIMENSOES A X L X C 20 X 36,5 X 11 CM, ITENS INCLUSOS 01CAIXA ENCAIXA E FIGURAS GEOMETRICAS CONTEM 18 PECAS DE FORMATOS E CORES DIFERENTES, 6 CHAVES|157.0|1.0|0.0|0.0|0.0||11384015000117|ATLANTICA DIDATICA E PEDAGOGICA DISTRIBUIDORA LTDA
143014552|46746354|1433004|303|02|2024|9|13|LOTE 13|12|BONECA MAMA NENEM MAMADEIRA SUCO FRALDA ALTURA 44 CM, MATERIAIS PLASTICO, TECIDO, VINIL, PESO 1275 G, ACOMPANHA MAMADEIRA, GARRAFA COM SUCO E FRALDA|95.58|2.0|0.0|0.0|0.0||17926188000104|SINTAGMA ZENITE COMERCIO EIRELI
143014553|46746425|1433004|303|02|2024|9|83|LOTE 83|83|CANTO ESPUMADO SOFT CANTO ESPUMADO COM 4 PECAS E AREA DE 1,20 X 1,20 CIRCUITO COMPOSTO DE ESCADA,PUFF, RAMPA E TAPETE ESTIMULA O DESENVOLVIMENTO DAS ATIVIDADES PSICOMOTORAS DA CRIANCA AUXILIA NO DESENVOLVIMENTO DAS PERCEPCOES VISUAIS ,POR SER FABRICADO COM CORES FORTES FAIXA ETARIA RECOMENDADA A PARTIR DE 1 ANO DIMENSOES DO PRODUTO AREA DE 120X120 CM DIMENSOES DO PRODUTO COM EMBALAGEM 60X50X75 CM PESO APROXIMADO DO PRODUTO 10 KG ITENS INCLUSOS 1 SOFT CANTO COMPOSICAO MATERIAL ESPUMA DE ALTA DENSIDADE E COURVIN EMBALAGEM PLASTICO BOLHA|725.0|1.0|0.0|0.0|0.0||11384015000117|ATLANTICA DIDATICA E PEDAGOGICA DISTRIBUIDORA LTDA
143014554|46746382|1433004|303|02|2024|9|38|LOTE 38|40|CONTAS DE LACO PARA CRIANCAS DESCRICAO BRINQUEDOS MONTESSORI QUANDO AS CRIANCAS AMARRAM, AMARRAM, ENFIAM OU EMPILHAM OS BLOCOS, SUA CAPACIDADE DE RECONHECIMENTO DE CORES E FORMAS, CAPACIDADE DE COORDENACAO MAOOLHO E HABILIDADES MOTORAS FINAS SERAO DESENVOLVIDAS ESPECIFICACOES NOME RAINBOW COLOR LACING BEADS MONTESSORI TOYS MATERIAL MATERIAL DE PESO CERCA DE 300G TAMANHO DA EMBALAGEM CERCA DE 21,5174 CM8,46,61,5 POLEGADAS CARACTERISTICAS CORES DO ARCOIRIS 7 FORMAS AMARRAR, ROSQUEAR, AMARRAR, EMPILHAR E CLASSIFICAR BRINQUEDOS MONTESSORI BRINQUEDOS PARA HABILIDADES MOTORAS FINAS O PACOTE INCLUI BLOCOS GEOMETRICOS 42 PECAS CORDA DE CORDA 4 PECAS|31.24|1.0|0.0|0.0|0.0||17926188000104|SINTAGMA ZENITE COMERCIO EIRELI
143014555|46746424|1433004|303|02|2024|9|82|LOTE 82|82|DIVA DIVA BAIXO TABLADO PARA REABILITACAO NEUROLOGICA E REABILITACAO AZUL CEU MATERIAL MADEIRA LYPTUS DIMENSOES 1800 CM X 1300 CM X 520 CM C X L X A PESO 39,0 KG REGISTRO ANVISA 80284450004|1670.0|1.0|0.0|0.0|0.0||34766440000176|JM DA SILVA COMERCIO DE BRINQUEDOS
143014556|46746372|1433004|303|02|2024|9|18|LOTE 18|30|KIT PANDEIRO E TAMBOR INFANTIL TAMBORZINHO COMPRIMENTO 17CM, LARGURA 17CM E ALTURA 7CM PANDEIRINHO COMPRIMENTO 17CM, LARGURA 17CM E ALTURA 4CM|52.0|2.0|0.0|0.0|0.0||11384015000117|ATLANTICA DIDATICA E PEDAGOGICA DISTRIBUIDORA LTDA
143014557|46746466|1433006|303|02|2024|9|9|LOTE 9|15|CARROS CURATIVO COM BALDE E BACIA EM ACO INOX DIMENSOES 40X0,80X0,80M TOTAL INOX, PES EM TUBOS INOXIDAVEL,TAMPO E PRATELEIRA EM CHAPA INOX, PES COM RODIZIOS DE 2 VARANDA EM FERRO MACICO 316, PUXADOR EM TUBO INOXIDAVEL|490.0|4.0|0.0|0.0|0.0||10921809000100|HOSPITALAR EMPREENDIMENTOS COMERCIAIS EIRELI
143014558|46746470|1433006|303|02|2024|9|13|LOTE 13|19|AUTOCLAVE HORIZONTAL DE MESA AUTOCLAVE HORIZONTAL DE MESA ATE 75 LITROS COM NO MINIMO AS SEGUINTES CARACTERISTICAS CAMARA DE ESTERILIZACAO EM ACO INOXIDAVEL, MODO DE OPERACAO DIGITAL CAPACIDADE PARA ATE 25 LITROS AUTOCLAVE HORIZONTAL COM CAPACIDADE PARA 25 LITROS DIMENSOES INTERNAS APROXIMADAS CM 30 DIAMETRO X 35 PROFUNDIDADE DIMENSOES EXTERNAS APROXIMADAS CM 49 ALTURA X 54,5 LARGURA X 49 PROFUNDIDADE VOLTAGEM 110V OU 220V POTENCIA APROXIMADA 1600 WATTS CAMARA EM ACO INOX CICLOS DE ESTERILIZACAO EM 121°, 127° E 134° C|4850.0|1.0|0.0|0.0|0.0||54322844000188|ITAPEMED IMPORTADORA E EXPORTADORA DE EQUIPAMENTOS
143014559|46746472|1433006|303|02|2024|9|16|LOTE 16|22|FOCO CLINICO LAMPADA HALOGENEA, CORPO EM METAL ESMALTADO, HASTE FLEXIVEL, PINTURA EPOXI, BASE COM RODIZIOS, ALTURA VARIAVEL, 110 V|149.0|7.0|0.0|0.0|0.0||32593430000150|M CARREGA COMERCI DE PRODUTOS HOSPITALRES LTDA
143014560|46746442|1433004|303|02|2024|9|100|LOTE 100|100|BLOCO DE BASTOES LISTA DE PACOTES SAO 128 PECAS, INCLUINDO 23X BARRAS LONGAS, 46X BARRAS CURTAS, 23X BARRAS DOBRAVEIS, 36X BOLAS, 1X BOLSA DE ARMAZENAMENTO, 1X INSTRUCOES MONTE FORMA OS ACESSORIOS DIFERENTES COM OS ACESSORIOS QUE ACOMPANHAM O KIT IMAS|278.97|1.0|0.0|0.0|0.0||17926188000104|SINTAGMA ZENITE COMERCIO EIRELI
143014561|46746393|1433004|303|02|2024|9|51|LOTE 51|51|ALINHAVO DE CAIXA FORMAS GEOMETRICAS CARIMBRAS REF 2050 SOBRE ESTE ITEM O ALINHAVO DE CAIXA COM FORMAS GEOMETRICAS MODELO 2050 DA CARIMBRAS, E COMPOSTO POR 24 PECAS COM 6 MODELOS DIFERENTES DE FORMAS GEOMETRICAS ALEM DE 5 CORDOES COLORIDOS, TODOS ACONDICIONADOS EM UMA CAIXA TIPO ESTOJO, SENDO INDICADO PARA CRIANCAS A PARTIR DE 3 ANOS DE IDADE|88.0|1.0|0.0|0.0|0.0||17926188000104|SINTAGMA ZENITE COMERCIO EIRELI
143014562|46746440|1433004|303|02|2024|9|98|LOTE 98|98|ASA DELTA CONFECCIONADA EM TECIDO AIRADO DUPLO, POSSUI UM CONTRAFORTE INTERNO DE MADEIRA COMPENSADA E ESPUMA, ACOPLADO A UMA HASTE TRIANGULAR DE RECEPCAO, ATRAVES DE TRES MOSQUESTOES, FIXADOS ATRAVES DE UMA FITA CABO PESO MAXIMO 50 KG, ALTURA1,40 M|1400.0|1.0|0.0|0.0|0.0||52307726000175|BENU EXPERIENCE LTDA
143014563|46746434|1433004|303|02|2024|9|92|LOTE 92|92|JOGO 4 EM 1 CLASSICO JOGO DE TABULEIRO 4 JOGOS EM 1 DAMAS, TRILHA, LUDO E RESTA 1, GGB PLAST, MULTICOR, 1045 MATERIALPAPELAO|51.0|1.0|0.0|0.0|0.0||11384015000117|ATLANTICA DIDATICA E PEDAGOGICA DISTRIBUIDORA LTDA
143014564|46746414|1433004|303|02|2024|9|72|LOTE 72|72|KIT 10 CUBOS PARA FAZER GELO DIVERSAS ARTIFICIAL FRUTAS MATERIAL SILICONE|15.42|1.0|0.0|0.0|0.0||17926188000104|SINTAGMA ZENITE COMERCIO EIRELI
143014568|46746420|1433004|303|02|2024|9|78|LOTE 78|78|MASSA AREIA MASSA AREIA KINETIC SAND 453G VIOLETA SUNNY MASSA AREIA KINETIC SAND AZUL 453G SUNNY PRODUTO FACA DIVERTIDAS FORMAS E BRINCADEIRAS COM A MASSA AREIA DA SUNNY A MASSAAREIA VEM EM CAIXA COM 453 E PODE SER COMPRADA NAS CORES VERDE, AZUL, ROSA E VIOLETA VENDIDOS SEPARADAMENTE AREIA MOLDAVEL QUE NUNCA SECA E LIMPA FACILMENTE PRODUTO COM GARANTIA DE FABRICA 3 MESES RECOMENDADO PARA CRIANCAS A PARTIR DE 3 ANOS BRINQUEDO CERTIFICADO PELO INMETRO ESPECIFICACOES TECNICAS DO PRODUTO MARCA SUNNY MODELO MASSA AREIA ITENS INCLUSOS 01 MASSAAREIA 453G VIOLETA|56.0|2.0|0.0|0.0|0.0||11384015000117|ATLANTICA DIDATICA E PEDAGOGICA DISTRIBUIDORA LTDA
143014565|46746381|1433004|303|02|2024|9|37|LOTE 37|39|GIRE E CRIE CAIXA DE FERRAMENTAS CONTEUDO DA EMBALAGEM 1 KIT DE FERRAMENTAS DE BRINQUEDO INCLUINDO 22 PECAS SENDO 4 PARAFUSOS, 1 PARAFUSO BOLA, 5 PORCAS, 2 SUPORTES RETANGULARES, 2 PINOS DE ENCAIXE, 2 ENGRENAGENS, 1 CHAVE DE FENDA, 1 CHAVE DE BOCA, 1 MARTELO, 1 REGUA, 1 ESQUADRO E 1 MALETA DE BRINQUEDO, TODOS|308.0|1.0|0.0|0.0|0.0||17926188000104|SINTAGMA ZENITE COMERCIO EIRELI
143014566|46746365|1433004|303|02|2024|9|35|LOTE 35|23|TANGRAM MATERIAL MDF COMPOSICAO 1 BASE DE 17,6 X 17,6 CM E 7 PECAS DE FORMATOS GEOMETRICOS DISTINTOS 2 TRIANGULOS GRANDES, 1 TRIANGULO MEDIO, 2 TRIANGULOS PEQUENOS, 1 QUADRADO E 1 PARALELOGRAMO ACOMPANHA UMA CARTILHA COM ALGUMAS SUGESTOES DE FIGURAS MENOR PECA TRIANGULO MENOR = 6 X 3 X 4 CM MAIOR PECA TRIANGULO MAIOR = 12,5 X 6 X 8,8 CM|19.0|2.0|0.0|0.0|0.0||11384015000117|ATLANTICA DIDATICA E PEDAGOGICA DISTRIBUIDORA LTDA
143014567|46746398|1433004|303|02|2024|9|56|LOTE 56|56|PULA PULA PULA PULA CONFECCAO SUPORTE COMPOSTO DE UMA BASE DE ACO COM UM ARCO VERTICAL PARA AS MAOS COM REVESTIMENTO DE BORRACHA SINTETICA, O CONJUNTO POSSUI QUATRO PES DE BORRACHA O TECIDO E DE LONA PLASTICA DUPLA E RESISTENTE, ENTRELACADA COM UMA CORDA ELASTICA DE 8MM E REVESTIDO COM TECIDO SINTETICO RESISTENTE DIMENSAO COMPRIMENTO 1,0M LARGURA 0,80M ALTURA DE 1,0M SUPORTA PESO MAXIMO DE 40K|717.4|1.0|0.0|0.0|0.0||17926188000104|SINTAGMA ZENITE COMERCIO EIRELI
143014569|46746366|1433004|303|02|2024|9|36|LOTE 36|24|QUEBRACABECA DE FUTEBOL CRIANCAS BRINQUEDOS ITEM MEDIDA A MAO, PODE SER 1CM DIFERENTE, SUA COMPREENSAO GENTIL SERA MUITO APRECIADA|37.86|2.0|0.0|0.0|0.0||17926188000104|SINTAGMA ZENITE COMERCIO EIRELI
143014570|46746351|1433004|303|02|2024|9|9|LOTE 9|9|MICROFONE CANTA E GRAVA DE BEBE GALINHA PINTADINHA GALINHA PINTADINHA LINHA PRIMEIRA INFANCIA TIPO MICROFONE DE BRINQUEDO PARA BEBES TAMANHO C X A X L 07 X 17 X 06 CM CONTEUDO 1 MICROFONE CANTA E GRAVA INFANTIL RECOMENDACAO PARA CRIANCAS A PARTIR DE 18 MESES DE IDADE ESPECIFICACOES REFERENCIA 20208 EMBALAGEM C X A X L 15 X 19 X 09 CM EMBALAGEM PESO 235 G MATERIAL COMPOSICAO PLASTICO ALIMENTACAO 2 PILHAS AAA REGISTRO CEBRIINNAC 0051213ª, FUNCAO GRAVA E TOCA BOTAO MICROFONE AO SEGURAR O BOTAO MICROFONE, ELE GRAVARA ATE 12 SEGUNDOS BOTAO REC REPRODUZIRA O QUE FOI GRAVADO|212.8|2.0|0.0|0.0|0.0||17926188000104|SINTAGMA ZENITE COMERCIO EIRELI
143014571|46746357|1433004|303|02|2024|9|19|LOTE 19|15|PIANO TECLADO ANIMAL BRINQUEDO INFANTIL SONS FAZENDA SITIO POSSUI BOTOES MUSICAIS E BOTOES COM SONS DE ANIMAIS 12 TECLADO BOTAO DO HOMENZINHO TOCA MUSICANOTAS MUSICAIS NAS TECLAS FUNCIONA COM 3 PILHAS AA DIMENSOES 18CM X 30CM|69.0|1.0|0.0|0.0|0.0||17926188000104|SINTAGMA ZENITE COMERCIO EIRELI
143014572|46746408|1433004|303|02|2024|9|66|LOTE 66|66|DINO PAPA TUDO|94.0|2.0|0.0|0.0|0.0||11384015000117|ATLANTICA DIDATICA E PEDAGOGICA DISTRIBUIDORA LTDA
143014573|46746474|1433006|303|02|2024|9|19|LOTE 19|24|MESA MAYO ESTRUTURA EM TUBO DE ACO CARBONO 78 X 1,20 MM RODIZIOS DE 2 POLEGADAS ACOMPANHA BANDEJA EM ACO INOXIDAVEL DE 0,33 X 0,49 DIMENSOES APROXIMADAS 0,40 X 0,52 X 0,87 ALTURA MIN 1,25 ALTURA MAX VARIACAO MEDIDAS 0,3M DOCUMENTACAO DO FABRICANTE A SEGUIR PARA ATENDIMENTO AOS REQUISITOS DESTA ESPECIFICACAO1|210.0|6.0|0.0|0.0|0.0||32593430000150|M CARREGA COMERCI DE PRODUTOS HOSPITALRES LTDA
143014574|46746463|1433006|303|02|2024|9|6|LOTE 6|12|BRACADEIRA PARA INJECAO TOTALMENTE EM INOX BASE EM INOX, HASTE REGULAVEL EM ACO INOX, COM ALTURA MINIMA APROXIMADA DE 0,80 CM, E ALTURA MAXIMA APROXIMADA DE 1,14 CONCHA EM CHAPA CURVA DE ACO INOX|115.0|7.0|0.0|0.0|0.0||10921809000100|HOSPITALAR EMPREENDIMENTOS COMERCIAIS EIRELI
143014575|46746477|1433006|303|02|2024|9|23|LOTE 23|27|POLTRONA RECLINAVEL, COMBRACOS, RECLINAVEL MANUALMENTE EM ATE 3 POSICOES, COM DESCANSO PARA PES ASSENTO E ENCOSTO ESTOFADOS EM ESPUMA NA DENSIDADE D26, REVESTIDA EM COURVIN LAVAVEL, NA COR AZULESTRUTURA EM TUBO DE ACO REDONDO E ACABAMENTO EM COM PINTURA ELETROSTATICA A PO TRAT ANTIFERRUGEM DIMENSOES MINIMAS DE 700MM X 1600 X 550MM CAPACIDADE MIMINA 110 KG INCLUI GARANTIA MINIMA DE 3 ANOS|760.0|6.0|0.0|0.0|0.0||10921809000100|HOSPITALAR EMPREENDIMENTOS COMERCIAIS EIRELI
143014576|46746473|1433006|303|02|2024|9|18|LOTE 18|23|MESA PARA EXAME ESTRUTURA EM TUBO DE ACO REDONDO DE 114 X 1,5MM, LEITO MOVEL, ACOLCHOADO COM ESPUMA DE ALTA DENSIDADE, REVESTIDO EM COURVIM DE PRIMEIRA QUALIDADE, COM CABECEIRA REGULAVEL ATRAVES DE CREMALHEIRA, SUPORTE PARA LENCOL DE PAPEL DESCARTAVEL DE 50CM, PES COM PONTEIRAS BORRACHA EM PINTURA ELETROSTATICA A PO COM RESINA EPOXIPOLIESTER E POLIMERIZADO EM ESTUFA, EXCELENTE RESISTENCIA QUIMICA E MECANICA ,PROPRIO PARA EXAME, REPOUSO CAPACIDADE DE ATE 250KG, DIMENSOES, 90 X 0,60 X 0,80M|700.0|3.0|0.0|0.0|0.0||10921809000100|HOSPITALAR EMPREENDIMENTOS COMERCIAIS EIRELI
143014577|46746455|1433006|303|02|2024|9|27|LOTE 27|5|CAIXA PARA DESINFECCAO DE LIMAS ENDODONTICAS CAPACIDADE DE ATE 09 LIMAS|550.0|1.0|0.0|0.0|0.0||40810592000121|CIRURGICA SANTA JOANA DARC COMERCIAL LTDA
143014578|46746342|1433003|303|02|2024|9|||1|CONTRATACAO DE EMPRESA ESPECIALIZADA EM CONSTRUCAO CIVIL, PARA EXECUCAO DA OBRA DE RECAPEAMENTO ASFALTICO EM CONCRETO BETUMINOSO USINADO A QUENTE CBUQ NA AVENIDA DOUTOR JOAO PINHEIRO, COM DRENAGEM SUPERFICIAL POR SARJETA, FORNECIMENTI DE MATERIAL E MAODEOBRA NECESSARIOS PARA EXECUTAR A PAVIMENTACAO, CONFORME PLANO DE TRABALHO DEVIDAMENTE APROVADO PELO ESTADO DE MINAS GERAIS POR INTERMEDIO DA SECRETARIA DE ESTAO DE INFRAESTRUTURA, MOBILIDADE E PARCERIAS|0.0|0.0|0.0|0.0|3749659.9|SIM|22569055000150|SEMPRA PAVIMENTACAO EIRELI
143014579|46746480|1433007|303|02|2024|9|||1|CONTRATACAO DE EMPRESA ESPECIALIZADA EM CONSTRUCAO CIVIL PARA EXECUCAO DE REFORMA DO TELHADO DO CASARAO DA RUA PRESIDENTE GETULIO VARGAS 91, COM FORNECIMENTO DE MATERIAL E MAO DE OBRAS NECESSARIOS|0.0|0.0|0.0|0.0|247500.0|SIM|37052351000156|RM CULTURAL LTDA ME
143014580|46746359|1433004|303|02|2024|9|21|LOTE 21|17|BRINQUEDO DE PELUCIA PAPAGAIO FALANTE ELETRONICO REPETIR ASA MATERIAL SEGURO E FEITO DE PELUCIA MACIA E PLASTICO ABS DURAVEL O PELO QUENTE DE PEQUENOS ANIMAIS ELETRONICOS E MACIO, CONFORTAVEL TOQUE E TOTALMENTE ANTIALERGICO|201.1|1.0|0.0|0.0|0.0||17926188000104|SINTAGMA ZENITE COMERCIO EIRELI
143014581|46746380|1433004|303|02|2024|9|32|LOTE 32|38|KIT BRINQUEDO PEDAGOGICO PRANCHA S, RELOGIO, ARAMADO E CUBO 01 PRANCHA DE SELECAO 01 RELOGIO PEDAGOGICO 01 ARAMADO M 01 CUBO DE ENCAIXE|151.0|1.0|0.0|0.0|0.0||11384015000117|ATLANTICA DIDATICA E PEDAGOGICA DISTRIBUIDORA LTDA
143014585|46746346|1433004|303|02|2024|9|4|LOTE 4|4|BALDE PRIMEIROS BLOCOS, MARCA FISHER PRICE, MATERIAL PLASTICO, CONJUNTO DE 10 BLOCOS COLORIDOS, DIMENSOES DO PRODUTO 21 X 14 X 14 CM, 453,59 G|61.0|1.0|0.0|0.0|0.0||11384015000117|ATLANTICA DIDATICA E PEDAGOGICA DISTRIBUIDORA LTDA
143014582|46746427|1433004|303|02|2024|9|85|LOTE 85|85|BANCO TARTARUGA 30X30X32CM EXPANSAO ALTURA DO PRODUTO CM 32,00 LARGURA DO PRODUTO CM 30,00 PROFUNDIDADE DO PRODUTO CM 30,00 PESO LIQUIDO KG 2,175 ALTURA DA EMBALAGEM CM 32,00 LARGURA DA EMBALAGEM CM 30,00 PROFUNDIDADE DA EMBALAGEM CM 30,00 PESO BRUTO COM EMBALAGEM KG 2,175|235.0|4.0|0.0|0.0|0.0||34766440000176|JM DA SILVA COMERCIO DE BRINQUEDOS
143014583|46746364|1433004|303|02|2024|9|34|LOTE 34|22|BRINQUEDO EDUCATIVO PEDAGOGICO MOSAICO QUEBRA CABECA MADEIRA O MOSAICO EM MADEIRA 32 PECAS CARIMBRAS E UM COLORIDO E DIVERTIDO PASSATEMPO QUE, ENQUANTO DIVERTE, TAMBEM TRABALHA A CONCENTRACAO E A CRIATIVIDADE DAS CRIANCAS O MOSAICO E UMA ARTE DECORATIVA MILENAR QUE REUNE PEQUENAS PECAS DE DIVERSAS CORES PARA FORMAR UMA GRANDE FIGURA VEM COM 32 PECAS COLORIDAS DE TAMANHOS E FORMATOS DIFERENTES, ACONDICIONADAS EM UMA BASE MEDINDO DE 23X23X1,8CM, TUDO EM MADEIRA|54.0|2.0|0.0|0.0|0.0||11384015000117|ATLANTICA DIDATICA E PEDAGOGICA DISTRIBUIDORA LTDA
143014584|46746412|1433004|303|02|2024|9|70|LOTE 70|70|MASSA DE MODELAR MASSA MODELAR SOFT 12 CORES 180G ACRILEX PADROES DE QUALIDADE ERAM RESPEITADOS PARA GARANTIR PARA CLIENTE UMA EXCELENTE EXPERIENCIA EXPLORE A NOSSA GAMA DE PRODUTOS PESO DO PRODUTO 0,18 GRAMAS|9.3|8.0|0.0|0.0|0.0||17926188000104|SINTAGMA ZENITE COMERCIO EIRELI
143014586|46746403|1433004|303|02|2024|9|61|LOTE 61|61|CANTINHO DINAMICO CANTINHO DINAMICO CONFECCIONADO EM ACO, POSSUI UMA BASE EM FORMA DE ARCO, QUE RECEPCIONA UM CONJUNTO DE SUPORTES PROJETADOS PARA SUSTENTAR O QUADRIL E O TRONCO POSSUI UM PROTETOR DE IMPACTO PARA A CABECA E UM VARAL PARA SE PENDURAR BRINQUEDOS MACIOS E SONOROS OS BRINQUEDOS NAO ACOMPANHAM O PRODUTO TAMANHO P ALTURA 0,80 X 1,30 PESO MAXIMO 30 KG LARGURA 63 CM PROFUNDIDADE 62 CM ALTURA VARAL 65 CM|1400.0|1.0|0.0|0.0|0.0||34766440000176|JM DA SILVA COMERCIO DE BRINQUEDOS
143014587|46746407|1433004|303|02|2024|9|65|LOTE 65|65|TAPETE SENSORIAL TAPETE SENSORIALTAPETE COM BASE DE EVA ENCAIXAVEIS COM TAMANHOS DE 29CM X 29 CM 10 PECAS COM DIVERSAS TEXTURAS E UMA BOLSA PARA CARREGAR O TAPETE TAPETE SENSORIAL E UM RECURSO PEDAGOGICO QUE CONTEMPLA TODOS OBJETIVOS, E PODE SER UTILIZADO DE DIVERSAS FORMAS, COM ELE PODEMOS TRABALHAR A COORDENACAO MOTORA FINA, PERCEPCAO SENSORIAL TATIL, VISUAL E AUDITIVA #TEXTURAS DESSE TAPETE#1 TIRAS AUTOCOLANTES ASPERAS2EVA FELPUDO3LIXA4GRAMA SINTETICA5ESPONJA DE LOUCA6ALMOFADA FOFA7PELUCIA8LA DE BOLINHA OU TECIDO DE MICROFIBRA 9PALITO10PASSADEIRA ONDULADA OU TECIDO DE MICROFIBRA|230.0|1.0|0.0|0.0|0.0||17926188000104|SINTAGMA ZENITE COMERCIO EIRELI
143014588|46746376|1433004|303|02|2024|9|28|LOTE 28|34|TUBO DE BRINQUEDO DE PLASTICO MULTICOLORIDO MATERIAL DO PRODUTO PE TAMANHO DA RAIZ UNICA COMPRIMENTO CONTRAIDO 22 CM, ALONGADO 70 CM, DIAMETRO 24 CM PESO DO PRODUTO CERCA DE 25G POR RAIZ EMBALAGEM DO PRODUTO SACO OPP CADA KIT DE TUBO POPUP TEM UMA VARIEDADE DE CORES, INCLUINDO 1 VERDE, 1 ROSA VERMELHA, 1 ROXO, 1 LARANJA, 1 VERMELHO, 1 AMARELO E 1 AZUL, E O RESTANTE E ALEATORIO|104.0|2.0|0.0|0.0|0.0||17926188000104|SINTAGMA ZENITE COMERCIO EIRELI
143014589|46746413|1433004|303|02|2024|9|71|LOTE 71|71|MOLDE DE MASSINHA FERRAMENTAS DE MASSINHA DE 26 PECAS, PERFEITAS PARA USO EM CASA, SALA DE AULA, JARDIM DE INFANCIA DESENVOLVA A HABILIDADE PRATICA DAS CRIANCAS, A IMAGINACAO E FACA TRABALHOS DIFERENTES FEITO DE MATERIAL PLASTICO DE ALTA QUALIDADE, SEGURO E NAO TOXICO OBTENHA MAIS DIVERSAO AO JOGAR|20.0|2.0|0.0|0.0|0.0||17926188000104|SINTAGMA ZENITE COMERCIO EIRELI
143014590|46746423|1433004|303|02|2024|9|81|LOTE 81|81|AGUARELA PARAPODIUM EXPANSAO AQUARELA PARAPODIUM EXPANSAO E INDICADA PARA NIVEIS IIIII GMFCS SISTEMA DE CLASSIFICACAO MOTORA GROSSA PARA PARALISIA CEREBRAL INFORMACAO TECNICA SISTEMA DE POSICIONAMENTO EM PE, COM FAIXAS PARA O POSICIONAMENTO DO QUADRIL ANTERIOR E POSTERIOR, MANTENDOSE O ALINHAMENTO PELVICO|2875.5|1.0|0.0|0.0|0.0||17926188000104|SINTAGMA ZENITE COMERCIO EIRELI
143014591|46746394|1433004|303|02|2024|9|52|LOTE 52|52|JOGO QUEBRA GELO PINGUIM NUMA FRIA BRINQUEDO ART BRINK CONTEUDO DA EMBALAGEM 1 PINGUIM, 2 MARTELINHOS, 1 ROLETA, 1 BASE 19 BLOCOS DE GELOS AZUL, 19 BLOCOS DE GELOS TRANSPARENTES E 4 PEZINHOS PARA BASE 47 PECAS NO TOTAL MATERIAL DE ABS DURAVEL IDADE APROPRIADA 3 ANOS DE IDADE PARA CIMA|27.89|1.0|0.0|0.0|0.0||17926188000104|SINTAGMA ZENITE COMERCIO EIRELI
143014592|46746435|1433004|303|02|2024|9|93|LOTE 93|93|JOGO IDENTIDADE SECRETA MATERIAL PRODUZIDO COM PAPEL, PAPELCARTAO, POLIPROPILENO E POLIESTIRENO O CLASSICO WAR SE JUNTA AO SUCESSO DE GAME OF THRONES COM DIVERSAS BATALHAS, ESTRATEGIAS E DESAFIOS DE TIRAR O FOLEGO CADA EXERCITO DEFENDE A HONRA DE SUA FAMILIA NUMA LUTA INCESSANTE PELO PODER DE REINAR NOS 36 TERRITORIOS CONTEM BANDEIRINHAS, 36 CARTAS TERRITORIO, 16 CARTAS EVENTOS, 11 CARTAS OBJETIVOS, 4 SIMBOLOS CASA, 6 DADOS, 4 BRASOES, 4 CONJ EXERCITOS, 1 TABULEIRO E MANUAL|86.0|1.0|0.0|0.0|0.0||11384015000117|ATLANTICA DIDATICA E PEDAGOGICA DISTRIBUIDORA LTDA
143014593|46746421|1433004|303|02|2024|9|79|LOTE 79|79|TINTA GUACHE , TINTA GUACHE 15ML 6 CORES ABELINHAS ACRILEX A TINTA GUACHE ACRILEX E UM IMPORTANTE INSTRUMENTO PARA O DESENVOLVIMENTO DA CRIATIVIDADE, COORDENACAO MOTORA E PERCEPCAO VISUAL DAS CORES SAO PRODUZIDAS PARA QUE AS CORES SEJAM MISCIVEIS ENTRE SI, ALEM DE CONTAR COM UMA COMPOSICAO NAOTOXICA E SOLUVEL EM AGUA ESPECIFICACOES 6 CORES CONTEUDO 15ML DIMENSOES 9 X 6 X 4 CM COMPRIMENTO X LARGURA X ALTURA|7.2|20.0|0.0|0.0|0.0||17926188000104|SINTAGMA ZENITE COMERCIO EIRELI
143014594|46746399|1433004|303|02|2024|9|57|LOTE 57|57|PRANCHA DE EQUILIBRIO PRANCHA DE EQUILIBRIO CONFECCIONADA EM MADEIRA COMPENSADA DE 15MM, FORRADA COM EVA COLORIDO DE 10MM, FIXADA A DUAS BASES SEMICIRCULARES INSTAVEIS DIMENSOES 0,80M DE COMPRIMENTO 0,60M DE LARGURA|174.0|1.0|0.0|0.0|0.0||11384015000117|ATLANTICA DIDATICA E PEDAGOGICA DISTRIBUIDORA LTDA
143014595|46746468|1433006|303|02|2024|9|11|LOTE 11|17|CARRO DE EMERGENCIA COM 4 GAVETAS CARRO DE EMERGENCIAS MEDICAS CARRO, DE PARADA O PRODUTO DEVE POSSUIR AS SEGUINTES CARACTERISTICAS MINIMAS GABINETE CONSTRUIDO EM ACO CARBONO E PINTURA ELETROSTATICA EM EPOXI TAMPO EM ACO INOX AISI 304 OU POLIMERO LISO COM 02 DIVISORIAS HASTE PARA SUPORTE DE SORO EM ACO INOXIDAVEL COM REGULAGEM DE ALTURA POSSUIR NO MINIMO 04 GAVETAS COM ABERTURA TOTAL DE SUA CAPACIDADE ATRAVES DE TRILHOS TELESCOPICOS SENDO 01 PARA MEDICAMENTOS COM NO MINIMO 20 DIVISORIAS 02 PARA MATERIAIS E INSTRUMENTOS PEQUENOS 01 GAVETAO PARA MATERIAIS E INSTRUMENTOS GRANDES|1850.0|1.0|0.0|0.0|0.0||10921809000100|HOSPITALAR EMPREENDIMENTOS COMERCIAIS EIRELI
143014596|46746451|1433006|303|02|2024|9|21|LOTE 21|1|MESA PARA COMPUTADOR 3 GAVETAS ESPACOSAS E 1 COM CHAVE PRODUZIDO EM MADEIRA MDP E MDF COM DIMENSOES LAP MM 124X81X40 ALTURA CM 81 LARGURA CM 124 PROFUNDIDADE CM 40 COM SUPORTE PARA CPU SUPORTE PARA TECLADO|390.0|5.0|0.0|0.0|0.0||34329066000141|ESPACO A MOVEIS PLANEJADOS LTDA
143014600|46746411|1433004|303|02|2024|9|69|LOTE 69|69|BOLHA DE SABAO 50 ML SORTIDA COMPOSICAO AMINOACIDO, CORANTE E AGUA 10 CM DE ALTURA 3 CM|3.4|10.0|0.0|0.0|0.0||17926188000104|SINTAGMA ZENITE COMERCIO EIRELI
143014597|46746458|1433006|303|02|2024|9|15|LOTE 15|21|ESTANTE DE ACO, 09 PRATELEIRAS, APROX AXLXP 2,50 X 0,92 X 0,40 M, REFORCO OMEGA, COLUNAS EM CHAPA DE ACO 16 MIN 1,50 MM L2, BANDEJAS EM CAHAPA DE ACO 22 MIN 0,80 M, DESMONTAVEL, TRATADA PELO PROCESSO ANTICORROSIVO A BSADE DE FOSFORO DE ZINCO, PINTURA ELETROSTATICA A PO CINZA|450.0|7.0|0.0|0.0|0.0||15310120000162|DISTRIBUIDORA JHF LTDA
143014598|46746431|1433004|303|02|2024|9|89|LOTE 89|89|JOGO FAZENDO MIMICA 01 UNIDADE FAZENDO MIMICA BRINQUEDO DIVERSO PLASTICO DIMENSOES DO ITEN C X L X A 20,13,5,5,5 CM|33.0|1.0|0.0|0.0|0.0||17926188000104|SINTAGMA ZENITE COMERCIO EIRELI
143014599|46746378|1433004|303|02|2024|9|30|LOTE 30|36|BRINQUEDO PEDAGOGICO DE MADEIRA PRANCHA DE SELECAO BRINQUEDOS EDUCATIVOS PRANCHAS DE SELECAO COMPOSTO POR 16 PECAS E FORMAS|33.0|2.0|0.0|0.0|0.0||11384015000117|ATLANTICA DIDATICA E PEDAGOGICA DISTRIBUIDORA LTDA
143014601|46746418|1433004|303|02|2024|9|76|LOTE 76|76|MASSA AREIA MASSA AREIA KINETIC SAND 453G VERDE SUNNY MASSA AREIA KINETIC SAND AZUL 453G SUNNY PRODUTO FACA DIVERTIDAS FORMAS E BRINCADEIRAS COM A MASSA AREIA DA SUNNY A MASSAAREIA VEM EM CAIXA COM 453 E PODE SER COMPRADA NAS CORES VERDE, AZUL, ROSA E VIOLETA VENDIDOS SEPARADAMENTE AREIA MOLDAVEL QUE NUNCA SECA E LIMPA FACILMENTE PRODUTO COM GARANTIA DE FABRICA 3 MESES RECOMENDADO PARA CRIANCAS A PARTIR DE 3 ANOS BRINQUEDO CERTIFICADO PELO INMETRO ESPECIFICACOES TECNICAS DO PRODUTO MARCA SUNNY MODELO MASSA AREIA ITENS INCLUSOS 01 MASSAAREIA 453G VERDE|56.0|2.0|0.0|0.0|0.0||11384015000117|ATLANTICA DIDATICA E PEDAGOGICA DISTRIBUIDORA LTDA
143014602|46746433|1433004|303|02|2024|9|91|LOTE 91|91|JOGO CILADA DA ESTRELA ESTE JOGO CILADA DA ESTRELA E DE PURO RACIOCINIO ESCOLHA UM DOS QUEBRACABECAS E VA TENTANDO ENCAIXAR AS PECAS, SAO MAIS DE 50 TIPOS DIFERENTES DE QUEBRACABECAS PARA VOCE MONTAR SUPER DESAFIADOR|37.0|1.0|0.0|0.0|0.0||11384015000117|ATLANTICA DIDATICA E PEDAGOGICA DISTRIBUIDORA LTDA
143014603|46746436|1433004|303|02|2024|9|94|LOTE 94|94|KIT COM 12 BOLAS LUZ PISCANTES LANCE ROSTO SORRISO BRINQUEDO CARACTERISTICAS BOLAS SQUEEZABLE COM GRANDE SMILEY FACES E LOTES DE VACILANTE, TENTACULOS DE BORRACHA LUZES FLICKER ESCONDIDOS DENTRO FRENETICAMENTE PARA ADICIONAR A SUA UM POUCO MANIACO, APARENCIA ALEGRE COLOCALO EM SEU DEDO ATRAVES DO LACO LOCALIZADO NA PARTE SUPERIOR DO DA BOLA E SALTAR EM SUA MAO PARA TORNALOS FLASH O SOPRADOR BOLAS SAO MACIO E ELASTICO, SEGURO PARA BRINCAR E TEM POUCO MOLE SPIKES COMPRIMENTO TOTAL APROX 7 CM NAO ESTICADA|120.0|1.0|0.0|0.0|0.0||17926188000104|SINTAGMA ZENITE COMERCIO EIRELI
143014604|46746417|1433004|303|02|2024|9|75|LOTE 75|75|MASSA AREIA MASSA AREIA KINETIC SAND 453G AZUL SUNNY MASSA AREIA KINETIC SAND AZUL 453G SUNNY PRODUTO FACA DIVERTIDAS FORMAS E BRINCADEIRAS COM A MASSA AREIA DA SUNNY A MASSAAREIA VEM EM CAIXA COM 453 E PODE SER COMPRADA NAS CORES VERDE, AZUL, ROSA E VIOLETA VENDIDOS SEPARADAMENTE AREIA MOLDAVEL QUE NUNCA SECA E LIMPA FACILMENTE PRODUTO COM GARANTIA DE FABRICA 3 MESES RECOMENDADO PARA CRIANCAS A PARTIR DE 3 ANOS BRINQUEDO CERTIFICADO PELO INMETRO ESPECIFICACOES TECNICAS DO PRODUTO MARCA SUNNY MODELO MASSA AREIA ITENS INCLUSOS 01 MASSAAREIA 453G AZUL|56.0|2.0|0.0|0.0|0.0||11384015000117|ATLANTICA DIDATICA E PEDAGOGICA DISTRIBUIDORA LTDA
143014605|46746449|1433004|303|02|2024|9|107|LOTE 107|107|JOGO SUPER PARES MATERIALPAPELAO, PLASTICO COR MULTICOLORIDO COMPONENTES 1 TABULEIROBERCO,1 AMPULHETA,108 FICHAS E UMA REGRA|165.0|1.0|0.0|0.0|0.0||11384015000117|ATLANTICA DIDATICA E PEDAGOGICA DISTRIBUIDORA LTDA
143014606|46746386|1433004|303|02|2024|9|44|LOTE 44|44|SKATE COMPOSTO DE 1 BASE DE MADEIRA COMPESADA DE 15 MM COM 2 PINOS VERTICAIS PARA AS MAOS O CONJUNTO GIRATORIO E SIMILAR AO SKATE, EIXO DE DIRECAO EM ALUMINIO E RODAS DE POLIURETANO MACIASO REVESTIMENTO SUPERIOR E DE BORRACHA SINTETICA MACIA DIMENSAO COMPRIMENTO DE 0,60 MLARGURA 0,30 M|145.0|1.0|0.0|0.0|0.0||11384015000117|ATLANTICA DIDATICA E PEDAGOGICA DISTRIBUIDORA LTDA
143014607|46746416|1433004|303|02|2024|9|74|LOTE 74|74|POTINHOS DE EMPILHAR INFORMACOES DO PRODUTO FISHER PRICE TORRE DE POTINHOS EMPILHAR & ROLAR FISHER PRICE TORRE DE POTINHOS EMPILHAR & ROLAR COLORIDOS 10 POTINHOS COLORIDOS E NUMERADOS PARA EMPILHAR, ENCAIXAR, DERRUBAR E GIRAR BOLINHA QUE FAZ BARULHO SE ENCAIXA DENTRO DOS POTINHOS OU NO TOPO DA PILHA 5 BOLAS ENCAIXE OS POTINHOS PARA FORMAR 5 BOLAS FACIL TRANSPORTE OS POTINHOS SE ENCAIXAM UM NOS OUTROS, TORNANDO FACIL DE LEVAR PARA QUALQUER LUGAR|76.0|2.0|0.0|0.0|0.0||11384015000117|ATLANTICA DIDATICA E PEDAGOGICA DISTRIBUIDORA LTDA
143014608|46746428|1433004|303|02|2024|9|86|LOTE 86|86|CONJUNTO COLETIVO CONJUNTO COLETIVO QUADRADO INFANTIL CADEIRA POLIPROPILENO ABC MESA TAMPO MATERIAL MDF DE 18 MM, REVESTIDO EM FORMICA CANTOS ARREDONDADOS SIM BORDAS EM PP DE 2 MM, ANTI AMARELAMENTO, COLADA PELO SISTEMA HOLT MELTING, NA COR BRANCA ESTRUTURA MATERIAL TUBO DE ACO REDONDO, DIAMETRO 31,75 MM 1 E 14, MODELO PE PALITO TRATAMENTO ANTI FERRUGEM E CORROSAO SIM PINTURA EPOXIPO COR BRANCO PONTEIRAS INTERNAS EM POLIPROPILENO INJETADO DIMENSOES COMPRIMENTO 750 MM|1047.4|1.0|0.0|0.0|0.0||17926188000104|SINTAGMA ZENITE COMERCIO EIRELI
143014609|46746429|1433004|303|02|2024|9|87|LOTE 87|87|MESA INFANTIL OITAVADA COM 8 CADEIRAS EM FERRO A MESA OITAVADA DA SUPORTE IDEAL PARA AS ATIVIDADES DAS CRIANCAS, NA ESCOLA, OU EM CASA, PARA REUNIR OS AMIGOS DESCRITIVO DETALHADO MESA CONFECCIONADA EM MADEIRA E MDF MESA COM TAMPO EM FORMA DE OCTAGONO, COM BORDA COLORIDA PES COLORIDOS, PINTADOS COM TINTA ATOXICA, NAS CORES VERMELHO, VERDE, AZUL E AMARELO 8 CADEIRAS COLORIDAS COM ESTRUTURA DE FERRO BRANCO 2 NA COR VERDE, 2 NA COR VERMELHA, 2 NA COR AMARELA E 2 NA COR AZUL DIMENSOES MEDIDA CADEIRA 26 X 34,5 X 60 CM MEDIDA MESA 104 X 104 X 56,5 CM EMBALAGEM CAIXA DE PAPELAO|1898.0|1.0|0.0|0.0|0.0||17926188000104|SINTAGMA ZENITE COMERCIO EIRELI
143014610|46746445|1433004|303|02|2024|9|103|LOTE 103|103|JOGO DA MEMORIA O JOGO EDUCATIVO SUPER MEMORIA ANIMAIS DA FLORESTA MODELO 6018 DA BABEBI, ACOMPANHA 24 PECAS COM A FIGURA DE 12 ANIMAIS DIFERENTES, ACONDICIONADOS EM UMA CAIXA DE PAPELAO E O BRINQUEDO EDUCATIVO TEM COMO PRINCIPAL OBJETIVO, TIRAR UMA FICHA COM O ANIMAL MEMORIZAR E ENCONTRAR O SEU PAR, QUEM ACHAR MAIS PARES GANHA O JOGO, ALEM DE ESTIMULAR A COORDENACAO MOTORA E O RACIOCINIO DAS CRIANCAS|62.0|1.0|0.0|0.0|0.0||17926188000104|SINTAGMA ZENITE COMERCIO EIRELI
143014611|46746438|1433004|303|02|2024|9|96|LOTE 96|96|MOLAS EM ACO VERIFICAR TODOS OS ITENS QUE SERAO AFIXADOS PARA SOLICITAR A MOLA DE ACO DE ALTA RESISTENCIA|200.0|1.0|0.0|0.0|0.0||34766440000176|JM DA SILVA COMERCIO DE BRINQUEDOS
143014612|46746446|1433004|303|02|2024|9|104|LOTE 104|104|QUEBRA CABECA 3 ANOS CONTEM 30 PECAS PARA ENCAIXAR E BRINCAR DESENVOLVE A MEMORIA BRINCANDO PECAS EM MADEIRA REFLORESTADA DIMENSOES26 X 6 X 25CM C X L X A|28.0|1.0|0.0|0.0|0.0||17926188000104|SINTAGMA ZENITE COMERCIO EIRELI
143014616|46746453|1433006|303|02|2024|9|28|LOTE 28|3|ARQUIVO 04 GAVETAS ARQUIVO DE ACO MEDINDO 1335 X 460 X 715MM COM TOLERÂNCIA DE 5% TIPO VERTICAL COM 04 GAVETAS TAMANHO OFICIO COM SUPORTE PARA PASTAS SUSPENSAS CONTENDO CARRINHOS TELESCÓPICOS PARA AS GAVETAS PUXADORES E FECHADURA COM TRAVAMENTO SIMULTÂNEO SUA ESTRUTURA SERÁ DE MÓVEL RÍGIDO COM CHAPAS EM ESPESSURA MÍNIMA DE N 22 AS FOLHAS DE ACO DEVERAO TER TRATAMENTO DE FOSFASTIZACAO E ANTIOXIDACAO ACABAMENTO EM PINTURA SINTÉTICA NA COR CINZA|650.0|1.0|0.0|0.0|0.0||15310120000162|DISTRIBUIDORA JHF LTDA
143014613|46746476|1433006|303|02|2024|9|22|LOTE 22|26|VENTILADOR DE PAREDE TIPO TUFAO POTENCIA 170 W, COR PRETO, OSCILANTE, GRADE DE ACO, ROLAMENTOS NO MOTOR 2, ROTACAO MAXIMA 1430 RPM, HELICE 3 PAS, PROTETOR TERMICO SIM, AREA DE VENTILACAO 40M², VAZAO 230M³MIN, VOLTAGEM BIVOLT, CONTROLE DE VELOCIDADE ROTATIVO, GARANTIA 12 MESES|399.9999|10.0|0.0|0.0|0.0||34240500000112|BRUNO DO CARMO FERREIRA
143014614|46746460|1433006|303|02|2024|9|3|LOTE 3|9|BANQUETA DOBRAVEL, ESTRUTURA EM TUBOS DE ACO, COM PINTURA ELETROSTATICA, ASSENTO EM NYLON DUPLO, CAPACIDADE PARA SUPORTAR ATE 105 KG VARIACAO ACEITAVEL DE ATE 10%, DIMENSOES ABERTA A X L X C 38 X 34 X 32 CM VARIACAO ACEITAVEL DE ATE 10%|89.0|3.0|0.0|0.0|0.0||30321785000165|TAJE SOLUCOES COMERCIO VAREJISTA LTD
143014615|46746459|1433006|303|02|2024|9|1|LOTE 1|7|ARMARIO DE ACO, MEDINDO NO MINIMO 1,20X1,98X0,45, COM CHAVE, COM DUAS PORTAS DE ABRIR, QUATRO PRATELEIRA, CHAPA 22, COM TRATAMENTO ANTIFERRUGINOSO E PINTURA EPOXI, COR PADRAO DO FABRICANTE|739.0|15.0|0.0|0.0|0.0||15310120000162|DISTRIBUIDORA JHF LTDA
143014617|46746471|1433006|303|02|2024|9|14|LOTE 14|20|ESCADINHA COM DOIS DEGRAUS, ARMACAO EM TUBOS REDONDOS DE 78 ESMALTADA, REFORCADA, DEGRAUS REVESTIDOS COM MATERIAL SINTETICO ANTIDERRAPANTE, PES COM PONTEIRAS DE PVC, DIMENSOES 0,40 X 0,40M|95.0|10.0|0.0|0.0|0.0||71181184000181|DARIO HUMBERTO DE MELO CASTROME
143014618|46746349|1433004|303|02|2024|9|7|LOTE 7|7|FISHERPRICE PIRAMIDE DE ARGOLAS MATTEL, EMPILHAM AS ARGOLAS DO MAIOR PARA O MENOR, MATERIAL PLASTICO, DIMENSOES DO ITEM C X L X A 12,4 X 12,7 X 24,1, CONTEM 5 ARGOLAS COLORIDAS E UMA BASE OSCILANTE|148.0|2.0|0.0|0.0|0.0||11384015000117|ATLANTICA DIDATICA E PEDAGOGICA DISTRIBUIDORA LTDA
143014619|46746387|1433004|303|02|2024|9|45|LOTE 45|45|SKATE FINALIDADE PROPRIOCEPCAO DE EQUILIBRIO E RETIFICACAO ORTOSTATICA 02 PLACAS DE MADEIRA 30 CM X 50 CM X 13 CM REVESTIDO EM EVA COM 06 MOLAS|176.6|1.0|0.0|0.0|0.0||17926188000104|SINTAGMA ZENITE COMERCIO EIRELI
143014620|46746443|1433004|303|02|2024|9|101|LOTE 101|101|BRINQUEDO PEPPA PIG PEPPA S ADVENTURES CASA DA PEPPA E SUA FAMILIA COM ACESSORIOS CASA DA FAMILIA DA PEPPA PIG AS CRIANCAS A PARTIR DOS 3 ANOS PODEM SE IMAGINAR VISITANDO A FAMILIA PIG A CASA DE 2 ANDARES DA PEPPA PIG E INSPIRADA NA FAMOSA SERIE ANIMADA INCLUI FIGURAS DA PEPPA PIG E 6 ACESSORIOS AS CRIANCAS PODEM DECORAR A CASA COM CAMA, MESA, 2 CADEIRAS, SOFA E PRIVADA ACESSORIOS DE COZINHA A CASA VEM COM GELADEIRA E FORNO COM PORTAS QUE SE ABREM AS CRIANCAS PODEM SE IMAGINAR COZINHANDO COM A PEPPA EMBALAGEM ECOLOGICA EMBALAGEM SIMPLES E RECICLAVEL, FACIL DE ABRIR|170.71|1.0|0.0|0.0|0.0||17926188000104|SINTAGMA ZENITE COMERCIO EIRELI
143014621|46746361|1433004|303|02|2024|9|24|LOTE 24|19|QUEBRA CABECA 234 MEU PRIMEIRO QUEBRA CABECA TOYSTER BRINQUEDOS PECAS GROSSAS E RESISTENTES ADEQUADO PARA CRIANCAS ESTIMULA A HABILIDADE MOTORA|58.7|3.0|0.0|0.0|0.0||17926188000104|SINTAGMA ZENITE COMERCIO EIRELI
143014622|46746370|1433004|303|02|2024|9|14|LOTE 14|28|NUOBESTY 12 PECAS REALISTAS DE MINIATURAS DE ANIMAIS DE FAZENDA BRINQUEDOS MINIATURAS DE FIGURAS DE ANIMAIS DE PLASTICO BRINQUEDOS CHAPEUS DE COCO, ESTE CONJUNTO DE BRINQUEDOS DE ANIMAIS SELVAGENS CONTEM 12 FIGURAS DE ANIMAIS, FEITAS DE PVC DURAVEL DE ALTA QUALIDADE DETALHES DE PINTURA RICOS TORNAM OS ANIMAIS MUITO REALISTAS TODAS AS FIGURAS SE ERGUEM BEM OU SAO SUAVIZADAS|161.5|1.0|0.0|0.0|0.0||17926188000104|SINTAGMA ZENITE COMERCIO EIRELI
143014623|46746444|1433004|303|02|2024|9|102|LOTE 102|102|PERSONAGENS PEPPA PIG IDADE MINIMA RECOMENDADA 5 ANOS ALTURA 9 CM PROFUNDIDADE 5 CM LARGURA 4 CM MATERIAIS VINIL MACIO E RIGIDO E ARTICULADA SIM E COLECIONAVEL SIM INCLUI ACESSORIOS SIM E BOBBLEHEAD NAO PRODUTO NO BRASIL PRONTA ENTREGA COLECAO INFANTIL E EDUCATIVA PEPPA PIG 16 PERSONAGENS|83.0|1.0|0.0|0.0|0.0||11384015000117|ATLANTICA DIDATICA E PEDAGOGICA DISTRIBUIDORA LTDA
143014624|46746405|1433004|303|02|2024|9|63|LOTE 63|63|ROLO BOBATH ROLO BOBATH 75X38 CM TIPO FEIJAOZINHO ACABAMENTOS REVESTIDO EM NAPA COSTURA REFORCADA COM ZIPER DENSIDADE 28|140.0|2.0|0.0|0.0|0.0||17926188000104|SINTAGMA ZENITE COMERCIO EIRELI
143014625|46746426|1433004|303|02|2024|9|84|LOTE 84|84|BOIAS ESPAGUETES MATERIAL POLIETILENO COR PREDOMINANTE VERDE, AZUL,AMARELO,ROSA ALTURA 6,00 CENTIMETROS LARGURA 6,00 CENTIMETROS COMPRIMENTO 1,60 METROS PESO 83,00 GRAMAS|11.0|1.0|0.0|0.0|0.0||17926188000104|SINTAGMA ZENITE COMERCIO EIRELI
143014626|46746379|1433004|303|02|2024|9|31|LOTE 31|37|BRINQUEDO PEDAGOGICO EM MADEIRA CAIXA TATIL 2 PARES DE OBJETOS SENSORIAIS DIMENSOES DA CAIXA TATIL 14CM X 25CM X 25CM APROXIMADAMENTE|48.0|2.0|0.0|0.0|0.0||11384015000117|ATLANTICA DIDATICA E PEDAGOGICA DISTRIBUIDORA LTDA
143014627|46746360|1433004|303|02|2024|9|23|LOTE 23|18|BONECO AVULSO FAMILIA PEDAGOGICA TERAPEUTICA CADEIRANTE BONECO AVULSO INTEGRANTE DA FAMILIA PEDAGOGICA TERAPEUTICA ALTURA 1800 CM, LARGURA 800 CM, COMPRIMENTO 800 CM E PESO 10 G|23.0|1.0|0.0|0.0|0.0||11384015000117|ATLANTICA DIDATICA E PEDAGOGICA DISTRIBUIDORA LTDA
143014628|46746400|1433004|303|02|2024|9|58|LOTE 58|58|PLATAFORMA CIRCULAR PLATAFORMA CIRCULAR CONFECCIONADA EM CANTONEIRA DE ACO REFORCADO QUE SUSTENTA UMA BASE DE MADEIRA COMPENSADA DE 15MM FORRADA COM ESPUMA DE POLIURETANO D33, REVESTIDA COM COURVIN, FIXADA A QUATRO FITAS CABO DIM 1,20 DE DIAMETRO PESO MAXIMO 120 KG|680.0|1.0|0.0|0.0|0.0||52307726000175|BENU EXPERIENCE LTDA
143014629|46746355|1433004|303|02|2024|9|16|LOTE 16|13|BARRACA INFANTIL 3 EM 1 C TUNEL FORMA CASTELOXTUNELXQUADRADO X ALTURA X COMPRIMENTO X LARGURA 100 CM X 260 CM X 78 CM|183.87|1.0|0.0|0.0|0.0||17926188000104|SINTAGMA ZENITE COMERCIO EIRELI
143014630|46746397|1433004|303|02|2024|9|55|LOTE 55|55|ORBITADOR DUPLO CHAO DEVERA SER AVALIADO O MELHOR ORBITADOR ORBITADOR DUPLO CHAO CHAO 3MTS COM ESPALDAR, GANCHEIRA E TRILHO DE MARCHA POSSUI 3 MTS DE COMPRIMENTO, 1,20 MTS DE LARGURA, E 2,3 MTS DE ALTURA|5500.0|1.0|0.0|0.0|0.0||34766440000176|JM DA SILVA COMERCIO DE BRINQUEDOS
143014631|46746415|1433004|303|02|2024|9|73|LOTE 73|73|KINESIO TAPE FITA BANDAGEM ELASTICA ADESIVA PREMIUM ADESIVO ACRILICO COM PROPRIEDADE HIPOALERGENICA, FEITA DE ALGODAO, 5 METROS|51.0|10.0|0.0|0.0|0.0||11384015000117|ATLANTICA DIDATICA E PEDAGOGICA DISTRIBUIDORA LTDA
143014632|46746384|1433004|303|02|2024|9|42|LOTE 42|42|JOGO PULA PIRATA RECOMENDACOES PARA 2 JOGADORES OU MAIS A PARTIR DE 5 ANOS CONTEM NA EMBALAGEM 1 PIRATA, 1 BARRIL, 24 ESPADINHAS, SELO DE SEGURANCA DO INMETRO CEBRIIQBAJ001 NM3002002 MARCA ESTRELA PRODUTO DE ORIGEM BR COMPOSICAO PLASTICO|145.0|1.0|0.0|0.0|0.0||11384015000117|ATLANTICA DIDATICA E PEDAGOGICA DISTRIBUIDORA LTDA
143014636|46746478|1433006|303|02|2024|9|25|LOTE 25|28|MOCHO SUPERFICIE REVESTIDA EM COURVIN NAUTICO SINTETICO BASE ARANHA COM 5 RODIZIOSACO CARBONO, PESO SUPORTADO ATE135 KG SISTEMA DE REGULAGEM DE ALTURA DO ASSENTO A GAS, COM ALAVANCA INDEPENDENTE PROTECAO DO ENCOSTO REFORCADO SUPERFICIE GIRATORIA REGULAGEM DA INCLINACAO E ALTURA DO ENCOSTO POR ROSCA DE REGULAGEM INDEPENDENTE GARANTIA DE 1 ANO|300.0|3.0|0.0|0.0|0.0||71181184000181|DARIO HUMBERTO DE MELO CASTROME
143014633|46746454|1433006|303|02|2024|9|29|LOTE 29|4|BALDE A PEDAL POLIPROPILENO 30 49 L COM RODÍZIOS COR BRANCA ALTURA MÍNIMA DE 30 CM NA LATERAL LARGURA 22 CM LIVRE COMPARTIMENTO PARA ESTABILIZADOR COM ALTURA DE 23 CM E PROFUNDIDADE MÍNIMA DE 48 CM|798.0|3.0|0.0|0.0|0.0||40810592000121|CIRURGICA SANTA JOANA DARC COMERCIAL LTDA
143014634|46746479|1433006|303|02|2024|9|26|LOTE 26|29|CADEIRA TIPO LONGARINA COM BASE FIXA, BASE FIXA EM FORMATO DE Y EM ACO CROMADO CO QUATRO SAPATAS, ENCOSTO COM ESTRUTURA EM ACO PERFURADO, ASSENTO COM ESTRUTURA EM ACO PERFURADO, BRACO EM ACO CROMADO COM FORMATO ANATOMICO, DIMENSOES 173 CMX62CMX74XM, ENCOSTO COM 50 CM DE LARGURA X 43 CM ALTURA CADA ASSENTO COM 40CM DE PROFUNDIDADE X 50 CM DE LARGURA, ALTURA DO ASSENTO AO CHAO 35CM, ESPESSURA DO ASSENTOENCOSTO 1,2 MM, ESPESSURA DOS BRACOS PERNAS 1,2MM, ESPESSURA DA BASE DA LONGARINA 18MM, PESO MAXIMO RECOMENDADO 150 KG POR ASSENTO,|600.0|13.0|0.0|0.0|0.0||29765537000124|R E DA SILVA E SILVA LTDA
143014635|46746456|1433006|303|02|2024|9|17|LOTE 17|6|LANTERNA CLINICA TIPO LED ALTA PERFORMANCE COM ILUMINACAO LED DE 3V CONFECCIONADA EM METAL LEVE DE ALTA QUALIDADE ACABAMENTO ANODIZADO, MAIOR DURABILIDADE E RESISTENCIA LED DE ALTA POTENCIA COM VIDA UTIL DE 10000 HORAS ACIONAMENTO ATRAVES DO BOTAO LIGADESLIGA POSSUI CONVENIENTE CLIP DE BOLSO ALIMENTACAO 2 PILHAS AAA|30.0|8.0|0.0|0.0|0.0||05625494000113|PORTO SAUDE COMERCIO DE PRODUTOS FARMACEUTICOS
143014637|46746347|1433004|303|02|2024|9|5|LOTE 5|5|PAINEL DE ATIVIDADES NOVOS SONS DIVERTIDOS ONIBUS FISHER PRICE, TIPO DE MATERIAL PLASTICO, CONTEUDO DA EMBALAGEM 1 CARRO COM ANIMAIS ILUSTRATIVOS FIXOS, DIMENSOES APROXIMADAS DA EMBALAGEM CM AXLXP 25X22X6CM, DIMENSOES APROXIMADAS DO PRODUTO CM AXLXP 20,5X24X5, 5 CM, FUNCIONALIDADE EMITI SONS QUANDO MANIPULADO, COR BRANCO E AZUL COM DETALHES PERSONAGEM ONIBUS, PESO APROXIMADO DA EMBALAGEM DO PRODUTO KG 512G, PESO LIQ APROXIMADO DO PRODUTO KG 448, TIPO DE ALIMENTACAO BATERIAS AG3|73.0|1.0|0.0|0.0|0.0||17926188000104|SINTAGMA ZENITE COMERCIO EIRELI
143014638|46746392|1433004|303|02|2024|9|50|LOTE 50|50|KIT 10 QUEBRA CABECAS EM MADEIRA COM ANIMAIS O KIT COM 10 QUEBRA CABECAS ANIMAIS CASAL MODELO 1013 DA CARLU, ACOMPANHA 10 QUEBRA CABECAS COM FUNDO EM BAIXO RELEVO PARA MONTAR O DESENHO DE CADA ANIMAL MEDINDO APROXIMADAMENTE 34CM X 27CM E PECAS SERIGRAFADAS QUE SE ENCAIXAM NA BASE FORMANDO O DESENHO DE CADA ANIMAL E SEU FILHOTE, TODAS ACONDICIONADO PLASTICO TERMOENCOLHIVEL|168.0|1.0|0.0|0.0|0.0||11384015000117|ATLANTICA DIDATICA E PEDAGOGICA DISTRIBUIDORA LTDA
143014639|46746391|1433004|303|02|2024|9|49|LOTE 49|49|BRINQUEDO EDUCATIVO MONTANDO HAMBURGUER BRINQUEDO EDUCATIVO MONTANDO HAMBURGUER 15 PECAS MADEIRA MONTESSORI JOGO PEDAGOGICO ESTE CONJUNTO VEM COM TUDO O QUE VOCE PRECISA, DESDE CARTOES DE PEDIDO ATE O PALITO QUE VOCE COLOCA EM HAMBURGUERES GOURMET PARA GARANTIR QUE ELES FIQUEM JUNTOS! RECOMENDACAO INDICADO PARA CRIANCAS ACIMA DE 3 ANOS CONTEM 15 PECAS|201.27|1.0|0.0|0.0|0.0||17926188000104|SINTAGMA ZENITE COMERCIO EIRELI
143014640|46746448|1433004|303|02|2024|9|106|LOTE 106|106|MORANGA PERIMETRO 170 CM, ALTURA BOJO50 CM, CAULE 40 CM, FAIXA 120 CM, PESO MAXIMO SUPORTADO30KG|798.0|1.0|0.0|0.0|0.0||17926188000104|SINTAGMA ZENITE COMERCIO EIRELI
143014641|46746385|1433004|303|02|2024|9|43|LOTE 43|43|JOGO PULA MACACO IDADE RECOMENDADA A PARTIR DE 4 ANOS CONTEM 1 TRONCO, 2 COPAS, 4 LANCA MACACOS, 16 MACAQUINHOS,16 BANANAS DE CARTAO, E FOLHAS DE ADESIVO SELO DE SEGURANCA DE INMETRO|58.0|1.0|0.0|0.0|0.0||17926188000104|SINTAGMA ZENITE COMERCIO EIRELI
143014642|46746439|1433004|303|02|2024|9|97|LOTE 97|97|PAINEL SENSORIAL PAINEL SENSORIAL COMPLETO COMPOSTO POR 5 MODULOS, 2,25MTS X 0,80 MTS X 0,03 CM|1500.0|1.0|0.0|0.0|0.0||34766440000176|JM DA SILVA COMERCIO DE BRINQUEDOS
143014643|46746419|1433004|303|02|2024|9|77|LOTE 77|77|MASSA AREIA MASSA AREIA KINETIC SAND 453G ROSA SUNNY MASSA AREIA KINETIC SAND AZUL 453G SUNNY PRODUTO FACA DIVERTIDAS FORMAS E BRINCADEIRAS COM A MASSA AREIA DA SUNNY A MASSAAREIA VEM EM CAIXA COM 453 E PODE SER COMPRADA NAS CORES VERDE, AZUL, ROSA E VIOLETA VENDIDOS SEPARADAMENTE AREIA MOLDAVEL QUE NUNCA SECA E LIMPA FACILMENTE PRODUTO COM GARANTIA DE FABRICA 3 MESES RECOMENDADO PARA CRIANCAS A PARTIR DE 3 ANOS BRINQUEDO CERTIFICADO PELO INMETRO ESPECIFICACOES TECNICAS DO PRODUTO MARCA SUNNY MODELO MASSA AREIA ITENS INCLUSOS 01 MASSAAREIA 453G ROSA|56.0|2.0|0.0|0.0|0.0||11384015000117|ATLANTICA DIDATICA E PEDAGOGICA DISTRIBUIDORA LTDA
143014644|46746430|1433004|303|02|2024|9|88|LOTE 88|88|PISCINA DE BOLINHA INFANTIL INFLAVEL 140L 50 BOLINHAS ESPECIFICACOES CAPACIDADE 140 LITROS DE AGUA DIMENSOES APROXIMADAS DO PRODUTO 122CM X 25CM INFORMACOES DE SEGURANCA FABRICANTE BESTWAY CERIFICADO INMETRO CEBRIINNAC 0056302A NM3002002 OUTRAS CARACTERISTICAS QUANTIDADE DE BOLINHAS INCLUIDAS 50 DIAMETRO 122 CM IDADE MINIMA RECOMENDADA IDADE MAXIMA RECOMENDADA 1 ANOS 4 ANOS INCLUI REMENDO NAO CONTEM 01 PISCINA INFLAVEL 50 BOLINHAS|180.0|1.0|0.0|0.0|0.0||11384015000117|ATLANTICA DIDATICA E PEDAGOGICA DISTRIBUIDORA LTDA
143014645|46746389|1433004|303|02|2024|9|47|LOTE 47|47|JOGO LINCE COMPONENTES1 TABULEIRO,1 SACO PLASTICO,18 FICHAS,130 CARTELAS INLUSTRADAS, E 1 MANUAL DE INSTRUCAO DIMENSOES DA EMBALAGEM 23,00 X 33,5 X 4,0 CM|75.0|2.0|0.0|0.0|0.0||17926188000104|SINTAGMA ZENITE COMERCIO EIRELI
143014646|46746362|1433004|303|02|2024|9|25|LOTE 25|20|QUEBRACABECA ENCAIXE FRUTAS TEMA FRUTAS, MATERIAL MDF CONTEM 6 PECAS EM MADEIRA REFLORESTADA EM FORMATO DE FRUTAS QUE ENCAIXAMSE EM UMA BASE COM ESPACO PARA CADA PECA DIMENSOES APROXIMADAS EMBALAGEM A X L X C 23 X 31 X 6,5|52.0|3.0|0.0|0.0|0.0||11384015000117|ATLANTICA DIDATICA E PEDAGOGICA DISTRIBUIDORA LTDA
143014647|46746377|1433004|303|02|2024|9|29|LOTE 29|35|KIT DE INSTRUMENTOS MUSICAIS MONTESSORIANOS PARA CRIANCAS 1 APITO DE MADEIRA DE ANIMAIS COM SOM DE BUZINA 1 MEIA LUA 1 FLAUTA DE MADEIRA OU PLASTICO COLORIDA 20 CM 1 MARACA DE MADEIRA PEQUENO 11,5 CM 1 XILOFONE DE MADEIRA COM DUAS BAQUETAS|320.0|3.0|0.0|0.0|0.0||11384015000117|ATLANTICA DIDATICA E PEDAGOGICA DISTRIBUIDORA LTDA
143014648|46746352|1433004|303|02|2024|9|11|LOTE 11|10|PIRAMIDE EDUCATIVA FESTA NA FAZENDA, CONTEM 1 CUBO DE ENCAIXE COM 18 PECAS DE ENCAIXE DE NUMEROS, LETRAS E FORMAS GEOMETRICAS MEDIDAS APROXIMADAS 40 X 36 X 43 CM COMPOSICAO PLASTICO IDADE SUGERIDA A PARTIR DE 12 MESES|155.0|1.0|0.0|0.0|0.0||11384015000117|ATLANTICA DIDATICA E PEDAGOGICA DISTRIBUIDORA LTDA
143014649|46746409|1433004|303|02|2024|9|67|LOTE 67|67|XADREZ E DAMA COMPONENTES XADREZ E DAMA, 01 TABULEIRO EM CARTAO DUPLEX 32 PECAS PLASTICAS PARA XADREZ, 24 PECAS PLASTICAS PARA DAMA, CARTONADODIMENSOES DO ITEM C X L X A 23,3 X 4,5 X 36,6|43.0|1.0|0.0|0.0|0.0||11384015000117|ATLANTICA DIDATICA E PEDAGOGICA DISTRIBUIDORA LTDA
143014653|46746465|1433006|303|02|2024|9|8|LOTE 8|14|CADEIRA DE RODAS ADULTO CONSTRUIDA EM ACO CARBONO ESTRUTURA DOBRAVEL EM DUPLO X PINTURA ELETROSTATICA EPOXI ESTOFAMENTO EM NYLON ACOLCHOADO ALMOFADA ASSENTO REFORCADO COM TIRAS TENSORAS ESPECIAIS RODAS TRASEIRAS DE 24 , EM ALUMINIO COM PNEUS ANTIFURO RODAS DIANTEIRAS DE 8 MACICAS FREIOS BILATERAIS REGULAVEIS PROTETORES DE ROUPA COM ABA APOIOS DE PES ARTICULAVEIS, REBATIVEIS, REMOVIVEIS E REGULAVEIS EM ALTURA APOIOS DE BRACO ESCAMOTEAVEIS CAPACIDADE PARA 130 KG LARGURA DO ASSENTO 55 CM|800.0|5.0|0.0|0.0|0.0||32593430000150|M CARREGA COMERCI DE PRODUTOS HOSPITALRES LTDA
143014650|46746410|1433004|303|02|2024|9|68|LOTE 68|68|JOGO IMAGEM EM ACAO PRODUZIDO COM PAPEL, PAPELCARTAO, ABS, POLIACETAL E POLIESTIRENO CONTEM 1 TABULEIRO, 1 TIMER, 1 BARALHO COM 4000 PALAVRAS 4 PEOES, 1 DADO E MANUAL DE INSTRUCOES JOGOS JUVENIS E ADULTOS A EMABALAGEM PODE VARIAR|106.0|1.0|0.0|0.0|0.0||17926188000104|SINTAGMA ZENITE COMERCIO EIRELI
143014651|46746369|1433004|303|02|2024|9|10|LOTE 10|27|BOLINHAS SENSORIAIS KIT COM 6 BOLINHAS VARIADAS, MEDIDA 0,51 X 0,25 X 0,41, PESO5,30 KG, 08 BOLAS FABRICADAS EM VINIL ATOXICO E LIVRE DE FTALATOS, EM DIVERSAS CORES VIVAS FAIXA ETARIA ACIMA DE 3 MESES, CAIXA CONTENDO 08 UNIDADES|117.0|2.0|0.0|0.0|0.0||17926188000104|SINTAGMA ZENITE COMERCIO EIRELI
143014652|46746396|1433004|303|02|2024|9|54|LOTE 54|54|CAMINHO MULTIPLO CAMINHO MULTIPLO COMPOSTO DE 5 BASES DE ACO, QUE SUSTENTAM 4 PRANCHAS DE MADEIRA REVESTIDA COM BORRACHA SINTETICA DIMENSAO 4 PECAS DE COMPRIMENTO 1,60M LARGURA 0,13M|400.0|1.0|0.0|0.0|0.0||34766440000176|JM DA SILVA COMERCIO DE BRINQUEDOS
143014654|46746457|1433006|303|02|2024|9|2|LOTE 2|8|ARMARIO VITRINE 2 PORTAS, CONSTRUIDO EM CANTONEIRAS DE 78 X18 DE ESPESSURA, PORTA E LATERAIS EM VIDRO 3MM COM FECHADURA TIPO YALE, 4 PRATELEIRAS EM VIDRO 4MM, FUNDO E TETO EM CHAPA DE ACO 0,75 MM PINTADO, DIMENSOES 0,65M X 0,40M X 1,65M|790.0|3.0|0.0|0.0|0.0||10921809000100|HOSPITALAR EMPREENDIMENTOS COMERCIAIS EIRELI
139882064|45298343|1391102|303|02|2024|7|1|LOTE 1|1|ÁGUA MINERAL NATURAL SEM GÁS EMBALAGEM 200 ML|1.0|10000.0|0.0|0.0|0.0||06318065000166|DISTRIBUIDORA MSA LTDA
140855329|45747305|1404086|306|05|2024|8|||1|CONSTRUCAO CIVIL, PARA EXECUCAO DE REFORMA DA QUADRA DA FUNDACAO EDUCACIONAL DE CAETE FEC E CONTRUCAO DA COBERTURA METALICA DA QUADRA, COM FORNECIMETNO DE MATERIAL E MAO DE OBRA NECESSARIA PARA EXECUTAR O SERVICO|0.0|0.0|0.0|0.0|359999.99||23586026000169|MAIS CONCRETO ENGENHARIA LTDA
139882057|45298340|1391099|303|02|2024|7|||1|CONTRATACAO DE EMPRESA ESPECIALIZADA EM CONSTRUCAO CIVIL, PARA EXECUCAO DA OBRA DE PAVIMENTACAO ASFALTICA, EM CONCRETO BETUMINOSO USINADO A QUENTECBUQ NA RUA RENATO FERREIRA DE OLIVEIRA DO BAIRRO SAO GERALDO, COM DRENAGEM SUPERFICIAL POR SARJETA, FORNECIMENTO DE MATERIAL E MAODEOBRA NECESSARIOS PARA EXECUTAR A PAVIMENTACAO, CONFORME PLANO DE TRABALHO DEVIDAMENTE APROVADO PELO ESTADO DE MINAS GERAIS POR INTERMEDIO DA SECRETARIA DE ESTADO DE INFRAESTRUTURA, MOBILIDADE E PARCERIAS NO TERMO DE CONVENIO DE SAIDA N° 13010001682024 SEINFRA|384000.0|1.0|0.0|0.0|0.0||35793134000191|GML ENGENHARIA LTDA
139882058|45298346|1391102|303|02|2024|7|1|LOTE 1|4|ÁGUA MINERAL NATURAL SEM GÁS GARRAFA 15 LITROS|3.0|3000.0|0.0|0.0|0.0||06318065000166|DISTRIBUIDORA MSA LTDA
139882059|45298345|1391102|303|02|2024|7|1|LOTE 1|3|ÁGUA MINERAL NATURAL SEM GÁS GARRAFA PLÁSTICA TRANSPAREWNTE EMBALAGEM DE 500 ML|2.0|12000.0|0.0|0.0|0.0||06318065000166|DISTRIBUIDORA MSA LTDA
139882060|45298347|1391102|303|02|2024|7|1|LOTE 1|5|AGUA MINERAL NATURAL COM VASILHAME PARA ENTREGA GALAO 20 LITROS|33.9|300.0|0.0|0.0|0.0||06318065000166|DISTRIBUIDORA MSA LTDA
139882061|45298344|1391102|303|02|2024|7|1|LOTE 1|2|ÁGUA MINERAL NATURAL SEM VASILHAME PARA ENTREGA GALAO 20 LITROS|14.0|2000.0|0.0|0.0|0.0||06318065000166|DISTRIBUIDORA MSA LTDA
139882062|45298341|1391100|303|02|2024|7|||1|PREGAO 0112024 TABELA DE PRECOS DE HORTIFRUTIGRANJEIROS CEASA COLUNA PRECO MAXIMO|0.0|0.0|15.5|0.0|0.0||22865666000145|NOGUEIRA DISTRIBUIDORA DE FRUTAS E LEGUMES LTDA
139882063|45298348|1391102|303|02|2024|7|1|LOTE 1|6|SUPORTE PARA GALAO DE AGUA MINERAL MATÉRIA PRIMA EM PVC CAPACIDADE PARA GALAO DE 10 E 20 LITROS TORNEIRA E CUBA EM PVC|29.9|100.0|0.0|0.0|0.0||06318065000166|DISTRIBUIDORA MSA LTDA
139882065|45298342|1391101|303|02|2024|7|||1|CONTRATACAO DE EMPRESA ESPECIALIZADA EM CONSTRUCAO CIVIL, PARA INSTALACAO DE GUARDA CORPO COM PERFIS METALICOS E TELA NA PONTE DO FUNIL, COM FORNECIMENTO DE MATERIAL E MAODEOBRA NECESSARIA PARA EXECUTAR A INSTALACAO|0.0|0.0|0.0|0.0|47000.0||14272475000141|TOWERS ENGENHARIA LTDA ME
139746713|45229913|1389120|302|01|2024|7|7|LOTE 7|6|BARRACA 3X3|237.0|10.0|0.0|0.0|0.0||02716121000160|MOISES LONAS LTDA
139746708|45229914|1389120|302|01|2024|7|8|LOTE 8|7|JOGO DE MESA COM 04 CADEIRAS|8.61|50.0|0.0|0.0|0.0||30938794000108|SOMAH COMERCIO E PRODUCAO LTDA
139746709|45229925|1389121|302|01|2024|7|9|LOTE 9|9|CONVITE EVENTO ESCOLAS|11.35|100.0|0.0|0.0|0.0||19607649000101|CASTELO GRAFICA E EDITORA EIRELI
139746710|45229934|1389121|302|01|2024|7|18|LOTE 18|18|ENVELOPE PARDO ¿ OFICIO|0.4733|1500.0|0.0|0.0|0.0||35528559000173|PGB GRAFICA E EDITORA LTDA
139746711|45229928|1389121|302|01|2024|7|12|LOTE 12|12|PASTA DE PROJETO DE LEI|4.775|400.0|0.0|0.0|0.0||35528559000173|PGB GRAFICA E EDITORA LTDA
139746712|45229907|1389119|302|01|2024|7|||2|POSTO DE VIGILANCIA DESARMADA PROCONCAMARA|59679.51|1.0|0.0|0.0|0.0||26427482000154|AGIL EIRELI
139746714|45229941|1389121|302|01|2024|7|25|LOTE 25|25|CRIACAO DE ARTES PARA OUTDOOR|250.0|4.0|0.0|0.0|0.0||31719674000174|SENEGAL EDITORA E GRAFICA EIRELI
139746715|45229919|1389121|302|01|2024|7|1|LOTE 1|3|FAIXA EM LONA VINILICA 3X 0,64|258.0|5.0|0.0|0.0|0.0||35528559000173|PGB GRAFICA E EDITORA LTDA
139746716|45229927|1389121|302|01|2024|7|10|LOTE 10|11|PORTA DIPLOMA|7.93|300.0|0.0|0.0|0.0||19607649000101|CASTELO GRAFICA E EDITORA EIRELI
139746717|45229916|1389120|302|01|2024|7|9|LOTE 9|9|LOCACAO DE BANHEIRO QUIMICO|130.6|4.0|0.0|0.0|0.0||30938794000108|SOMAH COMERCIO E PRODUCAO LTDA
139746718|45229942|1389121|302|01|2024|7|26|LOTE 26|26|PRODUCAO E IMPRESSAO DE MATERIAL PARA OUTDOORS|892.12|12.0|0.0|0.0|0.0||31719674000174|SENEGAL EDITORA E GRAFICA EIRELI
139746719|45229932|1389121|302|01|2024|7|16|LOTE 16|16|ENVELOPE BRANCO 115 X 220MM|0.42|2000.0|0.0|0.0|0.0||20949657000107|GRAFICA IGUAÇU LTDA
139746720|45229917|1389121|302|01|2024|7|7|LOTE 7|1|CONVITES|11.0|100.0|0.0|0.0|0.0||19607649000101|CASTELO GRAFICA E EDITORA EIRELI
139746721|45229933|1389121|302|01|2024|7|17|LOTE 17|17|ENVELOPE BRANCO ¿ OFICIO|0.3933|1500.0|0.0|0.0|0.0||35528559000173|PGB GRAFICA E EDITORA LTDA
139746722|45229938|1389121|302|01|2024|7|22|LOTE 22|22|CARIMBO SETOR ADMINISTRATIVO|23.0|10.0|0.0|0.0|0.0||21425476000144|ATACADO DO VALE LTDA
139746723|45229937|1389121|302|01|2024|7|21|LOTE 21|21|CARIMBO VEREADORES NOVA LEGISLATURA|15.76|13.0|0.0|0.0|0.0||21425476000144|ATACADO DO VALE LTDA
139746724|45229929|1389121|302|01|2024|7|13|LOTE 13|13|PASTA PROJETO DE RESOLUCAO|6.45|200.0|0.0|0.0|0.0||35528559000173|PGB GRAFICA E EDITORA LTDA
139746725|45229920|1389121|302|01|2024|7|4|LOTE 4|4|FOLDER EDUCATIVO|0.3|6000.0|0.0|0.0|0.0||19607649000101|CASTELO GRAFICA E EDITORA EIRELI
139746726|45229921|1389121|302|01|2024|7|5|LOTE 5|5|REVISTA INFORMATIVA 21X27,5 CM|1.44|10000.0|0.0|0.0|0.0||32879576000167|GRAFICA VEREDAS EIRELI
139746727|45229935|1389121|302|01|2024|7|19|LOTE 19|19|ENVELOPE PARDO A4|0.5966|3000.0|0.0|0.0|0.0||35528559000173|PGB GRAFICA E EDITORA LTDA
139746728|45229936|1389121|302|01|2024|7|20|LOTE 20|20|ENCADERNACAO|165.6|6.0|0.0|0.0|0.0||05191550000230|FACILITA SERVICOS GERAIS LTDA
139746729|45229918|1389121|302|01|2024|7|8|LOTE 8|2|CONVITES TAMANHO 40X28 S.OUTOR|9.9|200.0|0.0|0.0|0.0||19607649000101|CASTELO GRAFICA E EDITORA EIRELI
139746730|45229911|1389120|302|01|2024|7|3|LOTE 3|4|SERV. ORNAMENTACAO|4881.67|2.0|0.0|0.0|0.0||08492145000169|RADC SERVICOS EIRELE
139746731|45229908|1389120|302|01|2024|7|6|LOTE 6|2|LOCACAO TENDA 10X10 M|1100.0|4.0|0.0|0.0|0.0||02716121000160|MOISES LONAS LTDA
139746732|45229940|1389121|302|01|2024|7|24|LOTE 24|24|CARIMBO SECRETARIA EXECUTIVA, FINANCAS, LICITACAO|40.0|5.0|0.0|0.0|0.0||21425476000144|ATACADO DO VALE LTDA
139746733|45229930|1389121|302|01|2024|7|14|LOTE 14|14|PASTA NOVA LEI DE LICITACOES|8.55|200.0|0.0|0.0|0.0||35528559000173|PGB GRAFICA E EDITORA LTDA
139746734|45229909|1389120|302|01|2024|7|5|LOTE 5|3|CERIMONIAL|8950.0|2.0|0.0|0.0|0.0||08492145000169|RADC SERVICOS EIRELE
139746735|45229906|1389119|302|01|2024|7|||1|POSTO DE VIGILANCIA DESARMADA CAMARA MUNICIPAL DE CAETE E ANEXO|70403.9|1.0|0.0|0.0|0.0||26427482000154|AGIL EIRELI
139746736|45229912|1389120|302|01|2024|7|1|LOTE 1|5|SERV.SONORIZACAO/ILUMINACAO|3250.0|2.0|0.0|0.0|0.0||02716121000160|MOISES LONAS LTDA
139746737|45229910|1389120|302|01|2024|7|4|LOTE 4|1|SERVICOS DE ORNAMENTACAO|3775.0|1.0|0.0|0.0|0.0||35275267000176|CENA PRODUCOES LTDA
139746738|45229915|1389120|302|01|2024|7|2|LOTE 2|8|SERVICO DE SONORIZACAO|5000.0|1.0|0.0|0.0|0.0||30938794000108|SOMAH COMERCIO E PRODUCAO LTDA
139746739|45229931|1389121|302|01|2024|7|15|LOTE 15|15|PASTA DE INVESTIGACAO PRELIMINAR|6.45|200.0|0.0|0.0|0.0||35528559000173|PGB GRAFICA E EDITORA LTDA
139746743|45229923|1389121|302|01|2024|7|2|LOTE 2|7|DIPLOMAS DE HONRA AO MÉRITO|214.28|14.0|0.0|0.0|0.0||20949657000107|GRAFICA IGUAÇU LTDA
139746740|45229922|1389121|302|01|2024|7|11|LOTE 11|6|CONFECCAO DE PAPEL TIMBRADO|0.17|10000.0|0.0|0.0|0.0||31719674000174|SENEGAL EDITORA E GRAFICA EIRELI
139746741|45229926|1389121|302|01|2024|7|6|LOTE 6|10|BACKDROP|330.0|1.0|0.0|0.0|0.0||07287887000190|CLICK DIGITAL SERVICOS LTDA ME
139746742|45229939|1389121|302|01|2024|7|23|LOTE 23|23|CARIMBO SETOR DE LICITACAO|85.0|2.0|0.0|0.0|0.0||31719674000174|SENEGAL EDITORA E GRAFICA EIRELI
139746744|45229943|1389121|302|01|2024|7|27|LOTE 27|27|LOCACAO E COLAGEM DE PAINEIS PARA OUTDOORS|1480.0|12.0|0.0|0.0|0.0||35528559000173|PGB GRAFICA E EDITORA LTDA
139746745|45229924|1389121|302|01|2024|7|3|LOTE 3|8|DIPLOMAS DE CIDADAO HONORARIO|214.28|14.0|0.0|0.0|0.0||20949657000107|GRAFICA IGUAÇU LTDA
137971372|44528091|1368380|303|02|2024|5|78|LOTE 78|78|ORLISTATE 120 MG|2.46|1620.0|0.0|0.0|0.0||29099568000193|LIDER SBX DROGARIAS LTDA
139704725|45211837|1388440|304|03|2024|7|||1|ACIDO TRICLOROISOCIANURICO|12.95|10000.0|0.0|0.0|0.0||03157268000391|GR INDUSTRIA E COMERCIO DE PRODUTOS QUIMICOS SA
139704726|45211836|1388439|304|03|2024|7|2|LOTE 2|2|HIDROXIDO DE CALCIO EM SUSPENSAO AQUOSA ABNT NBR 157842017|4.31|60000.0|0.0|0.0|0.0||23647365000108|BAUMINAS QUIMICA NNE LTDA.
139704727|45211835|1388439|304|03|2024|7|1|LOTE 1|1|SULFATO DE ALUMINIO LIQUIDO|3.8|60000.0|0.0|0.0|0.0||19525278000372|BAUMINAS QUIMICA SA FILIAL
137971368|44528070|1368380|303|02|2024|5|65|LOTE 65|65|CANABDIOL VIDRO 50MGML|375.0|300.0|0.0|0.0|0.0||73856593000166|PRATI DONADUZZI LTDA
137971369|44528086|1368380|303|02|2024|5|73|LOTE 73|73|SERTRALINA 25 MG|1.0499|1080.0|0.0|0.0|0.0||53317125000106|SAMED HOSPITALAR LTDA
137971370|44528067|1368380|303|02|2024|5|10|LOTE 10|10|CLORIDRATO DE METILFENIDATO LA 20MG|10.9533|1020.0|0.0|0.0|0.0||29099568000193|LIDER SBX DROGARIAS LTDA
137971371|44528037|1368380|303|02|2024|5|12|LOTE 12|12|COLESTIRAMINA 40G|10.1273|3000.0|0.0|0.0|0.0||29099568000193|LIDER SBX DROGARIAS LTDA
137971373|44528075|1368380|303|02|2024|5|50|LOTE 50|50|BROMETO DE TIOTROPIOMONOIDRATO CLORIDRATO DE OLODATEROL 2,5 MCG 2,5 MCG|355.0|30.0|0.0|0.0|0.0||53317125000106|SAMED HOSPITALAR LTDA
137971374|44528061|1368380|303|02|2024|5|46|LOTE 46|46|XINAFOATO DE SALMETEROL PROPINATO DE FLUTICASONA 12525 MCG|167.22|50.0|0.0|0.0|0.0||23228076000174|CMH CENTRAL DE MEDICAMENTOS HOSPITALARES LTDA
137971375|44528090|1368380|303|02|2024|5|77|LOTE 77|77|ALPRAZOLAM 1 MG|0.1099|540.0|0.0|0.0|0.0||53317125000106|SAMED HOSPITALAR LTDA
137971376|44528095|1368380|303|02|2024|5|2|LOTE 2|2|BIMATOPROSTA 0,1 MGML TARTARATO DE BRIONIDINA 1,5MGML MALEATO DE TIMOLOL 6,83 MGMKL SOLUCAO OFTALMICA FRASCO 5 ML|233.37|100.0|0.0|0.0|0.0||29099568000193|LIDER SBX DROGARIAS LTDA
137971377|44528022|1368380|303|02|2024|5|49|LOTE 49|49|BIPERIDENO 5 MG INJETÁVEL AMPOLAS DE 1 ML|3.0|500.0|0.0|0.0|0.0||53317125000106|SAMED HOSPITALAR LTDA
137971378|44528047|1368380|303|02|2024|5|8|LOTE 8|8|CLORIDRATO DE METILFENIDATO 36 MG LIBERACAO PROLONGADA CONCERTA|12.74|720.0|0.0|0.0|0.0||53317125000106|SAMED HOSPITALAR LTDA
137971379|44528126|1368382|303|02|2024|5|29|LOTE 29|29|PROJETOR X41 3600 LUMENS WIFI V11H843021 TECNOLOGIA 3 LCD METODOS DE PROJECAO FRONTAL TRASEIRA MONTADA NO TETO RESOLUCAO NATIVA 1024 X 768 XGA RESOLUCAO MAXIMA SUPORTADA VGA AVGA XGA WXGA WXGA SXGA SXGACONTRATE 15,0001 REPRODUCAO DE CORES ATE 107 BILHOES DE CORES LUMINOSIDADE BRILHO 3600 ANSI LUMENS EM BRANCO E 3600 ANSI LUMENS EM CORES ASPECTO FORMATO DE EXIBICAO FORMATO DE TELA 43 NATIVO CONECTIVIDADE WIRELESS WIFI 80211BGN POTENCIA 210 WATTS TAMANHO DA IMAGEM 300 POLEGADAS PESO BRUTO G 3845 ALTO FALANTES INTEGRADO DE 12 WATTS TEMPO DE VIDA UTIL NORMAL 6000 HORASMODO ECO 10000 HORAS BOLSA PARA TRANSPORTE CONTROLE REMOTO CABO DE ALIMENTACAO|5799.99|1.0|0.0|0.0|0.0||34240500000112|BRUNO DO CARMO FERREIRA
137971380|44528118|1368382|303|02|2024|5|15|LOTE 15|15|TENS E FES APARELHO DE ELETROESTIMULACAO NEUROMUSCULAR TRANSCUTANEO DE CORRENTES TENS E FES PORTATIL ESTIMULADOR TRANSCUTANEO NEUROMUSCULAR UTILIZADO NAS TERAPIAS POR CORRENTES TENS E FES FUNCIONAMENTO A BATERIA DE 9V E REDE ELETRICA 110 240 VOLTS MODOS DE OPERACAO 1 TENS MODO NORMAL TENS CONVENCIONAL2 TENS COM VARIACAO AUTOMATICA DE FREQUENCIA 3 TENS COM VARIACAO AUTOMATICA DE INTENSIDADE E FREQUENCIA4 TENS ACUPUNTURAL5 BURST TENS MODULADO EM TRENS DE PULSO A 2 HZ6 FES MODO SINCRONIZADO7 FES MODO RECIPROCO8 FES VIF SINCRONIZADO COM VARIACAO AUTOMATICA DE INTENSIDADE E FREQUENCIA9 FES VIF RECIPROCO COM VARIACAO AUTOMATICA DE INTENSIDADE E FREQUENCIAPARAMET|790.0|2.0|0.0|0.0|0.0||08380296000125|VISAMED COMERCIO DE MATERIAL HOSPITALAR LTDA
137971381|44528119|1368382|303|02|2024|5|16|LOTE 16|16|TENS ESTIMULADOR TRANSCUTANEO, APARELHO COM 2 CANAIS INDEPENDENTES, INTENSIDADE MAXIMA DE 100MA FUCIONAMENTO ATRAVES DO MODOS CONTINUO, BURST, VIF, VF E ACUPUNTURA ALIMENTACAO ELETRICA BIVOLT OU BATERIA DE 9 V ACESSORIOS MINIMOS 2 PARES DE ELETRODOS 30 X 50 MM 2 CABOS DE CONEXAO AO PACIENTE UM PRA CADA CANAL ADAPTADOR ACDC, MANUAL DE INSTRUCOES|700.0|2.0|0.0|0.0|0.0||30323616000164|QUICKBUM E COMMERCE EIRELI
137971382|44528129|1368384|303|02|2024|5|1|LOTE 1|1|GÁS GLP 13 KG|79.57|3314.0|0.0|0.0|0.0||06318065000166|DISTRIBUIDORA MSA LTDA
137971383|44528018|1368380|303|02|2024|5|11|LOTE 11|11|CLORPROMAZINA INJETÁVEL 25MG5ML AMPOLA CONTENDO 5ML|2.89|500.0|0.0|0.0|0.0||53317125000106|SAMED HOSPITALAR LTDA
137971384|44528048|1368380|303|02|2024|5|34|LOTE 34|34|PAROXETINA 25 MG|6.5358|1020.0|0.0|0.0|0.0||29099568000193|LIDER SBX DROGARIAS LTDA
137971385|44528040|1368380|303|02|2024|5|28|LOTE 28|28|IMIPRAMINA 25MG|0.42|250000.0|0.0|0.0|0.0||44734671002286|CRISTALIA PRODUTOS QUIMICOS FARMACEUTICOS LTDA
137971386|44528034|1368380|303|02|2024|5|53|LOTE 53|53|OXCARBAZEPINA 600MG|1.93|3000.0|0.0|0.0|0.0||23228076000174|CMH CENTRAL DE MEDICAMENTOS HOSPITALARES LTDA
137971387|44528024|1368380|303|02|2024|5|17|LOTE 17|17|EPINEFRINA 1 MLML IMIVSUBC 1 ML|1.42|1000.0|0.0|0.0|0.0||23228076000174|CMH CENTRAL DE MEDICAMENTOS HOSPITALARES LTDA
137971388|44528094|1368380|303|02|2024|5|57|LOTE 57|57|CAVILON SPRAY FRASCO 28ML|194.99|100.0|0.0|0.0|0.0||29099568000193|LIDER SBX DROGARIAS LTDA
137971389|44528032|1368380|303|02|2024|5|20|LOTE 20|20|ETEXILATO DE DABIGATRANA 110MG|6.78|5040.0|0.0|0.0|0.0||53317125000106|SAMED HOSPITALAR LTDA
137971390|44528060|1368380|303|02|2024|5|23|LOTE 23|23|FORMOTEROL 12 MCG COM APARELHO INALADOR|1.7087|1440.0|0.0|0.0|0.0||29099568000193|LIDER SBX DROGARIAS LTDA
137971391|44528073|1368380|303|02|2024|5|70|LOTE 70|70|KEYTRUDA 100MG 1 FRASCO AMPOLA COM 4ML 25MGML PEMBROLIZUMABE 200 MG|16015.0|24.0|0.0|0.0|0.0||47271160000139|FAST PHARMA DISTRIBUDORA E IMPORTADORA
137971392|44528083|1368380|303|02|2024|5|68|LOTE 68|68|MIRABEGRONA 50 MG|9.18|720.0|0.0|0.0|0.0||29099568000193|LIDER SBX DROGARIAS LTDA
137971393|44528035|1368380|303|02|2024|5|43|LOTE 43|43|VIMPOCETINA 5MG|0.9418|2070.0|0.0|0.0|0.0||29099568000193|LIDER SBX DROGARIAS LTDA
137971394|44528127|1368382|303|02|2024|5|19|LOTE 19|19|CADEIRA DE ESCRITORIO COM APOIA DE BRACOS FIXO, BASE GIRATORIA REFORCADA COM REGULAGEM DE ALTURA DO ASSENTO A GAS, REGULAGEM DE INCLINACAO POR SISTEMA DE RELAX, COM DIMENSOES AVANTAJADAS QUE SUPORTA COM CONFORTO E ERGONOMIA ATE 150KG, ESPUMA INJETADA COM REVESTIMENTOMEDIDAS DO ASSENTO 53 X 48CM MEDIDAS DO ENCOSTO 53 X 49CMLARGURA TOTAL 67CM GARANTIA DE FABRICA 1 ANO|782.47|26.0|0.0|0.0|0.0||25275318000106|MÓVEIS E SERVICOS LTDA
137971398|44528130|1368384|303|02|2024|5|1|LOTE 1|2|GÁS GLP 45 KG|300.0|412.0|0.0|0.0|0.0||06318065000166|DISTRIBUIDORA MSA LTDA
137971395|44528106|1368382|303|02|2024|5|1|LOTE 1|1|ASPIRADOR DE SECRECOES ELETRICO MOVEL, ASPIRADOR DE SECRECAO, PORTATIL, COM FLUXO DE ASPIRACAO LIVRE DE APROXIMADAMENTE 60 LMIN, DEVERA CONTER FRASCO INQUEBRAVEL, AUTOCLAVAVEL, TRANSPARENTE, GRADUADO, COM BOCA LARGA E CAPACIDADE MINIMA DE RESERVATORIO DE 03 LITROS, TAMPA DO FRASCO COM VEDACAO HERMETICA E AUTOCLAVAVEL, VACUOMETRO DE 0 A 76 CMHG E BOMBA ISENTA DE OLEO, CONTROLE DE VACUO DE 0 A 60 CMHG SISTEMA DE ACIONAMENTO POR INTERRUPTOR NO PAINEL COM POSSIBILIDADE DE ACIONAMENTO POR PEDAL, GABINETE RESISTENTE A CORROSAO COM RODIZIOS E COM FREIO FILTRO DE AR, PROTECAO CONTRA EXTRAVASAMENTO OU COM LIMITADOR DE NIVEL, ALIMENTACAO 110 V, GARANTIA NA MINIMA DE 01 ANO, ACESSORIOS MANGUEIRA DE|1600.0|2.0|0.0|0.0|0.0||08380296000125|VISAMED COMERCIO DE MATERIAL HOSPITALAR LTDA
137971396|44528116|1368382|303|02|2024|5|12|LOTE 12|12|ULTRASSOM PARA FISIOTERAPIA APARELHO DE ULTRASSOM CONTINUO E PULSADO, MICROPROCESSADO, DEVERA POSSUIR DOIS CABECOTES INDEPENDENTES DE 1 E 3 MHZ, COM INTENSIDADES MAXIMAS DE 2WCM2 NO MODO CONTINUO E 3WCM2 NO MODO PULSADO, DEVERA TER A POSSIBILIDADE DE AJUSTAR A FREQUENCIA DE MODULACAO DO MODO PULSADO EM 1632486496 HZ COM OPCOES INDEPENDENTES DO CICLOATIVO EM 5101520 % AMBOS CABECOTES TRANSDUTORES DEVERAO POSSUIR AREA DE EMISSAO ERA MINIMA DE 5 CM2 E FEIXE COLIMADO, DEVERAO SER ERGONOMICOS VOLTAGEM AUTOMATICA 127 A 230 V~ 5060HZ 90VA GARANTIA E DE 02 ANOS|1510.0|2.0|0.0|0.0|0.0||30323616000164|QUICKBUM E COMMERCE EIRELI
137971397|44528105|1368382|303|02|2024|5|14|LOTE 14|14|SELADORA UTILIZADA PARA A SELAGEM DE EMBALAGENS DE PAPEL OU PLASTICO PROPRIAS PARA ESTERILIZACAO EM AUTOCLAVES A VAPOR RESISTENCIA PTC BLINDADA COM CONTROLE AUTOMATICO DE TEMPERATURA BIVOLT AUTOMATICO 110 V 240 V SISTEMA INTEGRADO DE CORTE EM AMBAS AS DIRECOES ACIONAMENTO POR MEIO DE ALAVANCA COM TRAVA SISTEMA DE AVISOS COM LED S INDICATIVOS E BIPS SONOROS NO TECLADO DE MEMBRANA DESLIGAMENTO AUTOMATICO EM CASO DE INATIVIDADE POR 30 MINUTOS POTENCIA 80 W AREA DE SELAGEM COMPRIMENTO 30 CM ESPESSURA DE SELAGEM 12 MM COMPACTA, DIMENSOES L X A X P 44,2 X 12,5 X 30,5 CM MEDIDAS EMBALAGEM L X A X P 45,0 X 12,5 X 31,0 CM PESO BRUTO 3,3 KG GARANTIA 2 ANOS CONTRA DEFEITO|755.0|1.0|0.0|0.0|0.0||08380296000125|VISAMED COMERCIO DE MATERIAL HOSPITALAR LTDA
137971399|44528016|1368379|303|02|2024|5|||1|CONTRATACAO DE EMPRESA ESPECIALIZADA EM CONSTRUCAO CIVIL, PARA EXECUCAO DA OBRA DE CONSTRUCAO DA UBS UNIDADE BASICA DE SAUDE, QUE SERA DENOMINADA UNIDADE ROCAS NOVAS, NA LOCALIDADE DA RUA BANDEIRINHA, SN°, BAIRRO CENTRO ROCAS NOVASCAETE, COM FORNECIMENTO DE MATERIAL E MAODEOBRA NECESSARIA PARA EXECUTAR A CONSTRUCAO|0.0|0.0|0.0|0.0|602986.9|N O|08545316000170|IGL ENGENHARIA LTDA EPP
137971400|44528015|1368378|303|02|2024|5|||1|CONTRATACAO DE EMPRESA ESPECIALIZADA PARA FORNECIMENTO DE LICENCA DE USO DE SOFTWARE DE GESTAO EDUCACIONAL COM ACESSO A WEB E LOCAL A SER IMPLANTADO NA REDE MUNICIPAL DE ENSINO BEM COMO PRESTACAO DE SERVICOS DE INSTALACAO CONVERSAO E MIGRACAO DE BA|0.0|0.0|0.0|0.0|11100.0||10852690000160|SIDIM SISTEMAS EIRELI
137971401|44528096|1368380|303|02|2024|5|59|LOTE 59|59|CLORIDRATO DE METILFENIDATO 18MG LIBERACAO PROLONGADA CONCERTA|7.9917|720.0|0.0|0.0|0.0||29099568000193|LIDER SBX DROGARIAS LTDA
137971402|44528046|1368380|303|02|2024|5|3|LOTE 3|3|BROMETO DE TIOTRÓPRIO CÁPSULAS PARA INALACAO FRASCO CONTENDO 4 ML|454.743|50.0|0.0|0.0|0.0||29099568000193|LIDER SBX DROGARIAS LTDA
137971403|44528066|1368380|303|02|2024|5|44|LOTE 44|44|VITAMINA D3 7000 UI|1.18|200.0|0.0|0.0|0.0||29099568000193|LIDER SBX DROGARIAS LTDA
137971404|44528029|1368380|303|02|2024|5|21|LOTE 21|21|ETODO1ACO 400MG|1.39|1000.0|0.0|0.0|0.0||23228076000174|CMH CENTRAL DE MEDICAMENTOS HOSPITALARES LTDA
137971405|44528055|1368380|303|02|2024|5|47|LOTE 47|47|XINAFOATO DE SALMETEROL PROPINATO DE FLUTICASONA 25025 MCG|276.0|50.0|0.0|0.0|0.0||53317125000106|SAMED HOSPITALAR LTDA
137971406|44528049|1368380|303|02|2024|5|22|LOTE 22|22|FLUVOXAMINA 50 MG|3.735|1500.0|0.0|0.0|0.0||29099568000193|LIDER SBX DROGARIAS LTDA
137971407|44528074|1368380|303|02|2024|5|33|LOTE 33|33|OXIBUTININA 0,1% SOLUCAO FRASCO DE 100 ML|59.83|300.0|0.0|0.0|0.0||29099568000193|LIDER SBX DROGARIAS LTDA
137971408|44528125|1368382|303|02|2024|5|28|LOTE 28|28|GERADOR DE ENERGIA 7 KVA A DIESEL CABINADO BIVOLT PARTIDA ELETRICA COM AVR, GRUPO GERADOR CORRENTE ALTERNADA, TIPO DE MOTOR MOTOR A DIESEL, 498 CC, REFRIGERADO POR AR, SISTEMA DE PARTIDA PARTIDA ELETRICA POTENCIA MAXIMA DE SAIDA 7 KVA, POTENCIA CONTINUA DE SAIDA 6,5 KVA, TENSAO DE SAIDA MONOFASICA 230V OU 115V, SELECIONAVEL POR CHAVE, CONTROLE DE TENSAO POR AVR, ROTACAO MAXIMA 3600 RPM, TANQUE DE COMBUSTIVEL 141 L, CAPACIDADE DO OLEO 165 L, MEDIDOR DIGITAL 3 EM 1 TENSAO, FREQUENCIA E TEMPO DE OPERACAO ,FREQUENCIA 60 HZ,CARACTERISTICA ADICIONAL APTO A ATS NAO ACOMPANHA O PRODUTO, VOLTAGEM 110220 MONOFASICO, GARANTIA DO FABRICANTE 3 MESES|8510.0|1.0|0.0|0.0|0.0||11496215000161|COMPACT POWER MAQUINAS LTDA EPP
137971409|44528113|1368382|303|02|2024|5|9|LOTE 9|9|LARINGOSCOPIO CONVENCIONAL INFANTIL LARINGOSCOPIO INSTRUMENTO QUE AUXILIA NA TECNICA DE INTUBACAO NASO OU OROTRAQUEAL A FIM DE MANTER UMA VENTILACAO PULMONAR ADEQUADA, DEVE CONTER ESTE CONJUNTO, ALIMENTACAO DE DUAS PILHAS, COM SETE LAMINAS CURVAS EM ACO INOXIDAVEL DE TAMANHOS 0, 1, 2, 3, 4, 5, 6, COM PADRAO ABNTNBR ISO71531, VERSAO CORRIGIDA 2010, RECOMENDADOS PELA ASTM AMERICAN SOCIETY FOR TESTINGAND MATERIALS, COM LAMPADAS LED LIGTH EMISSION DIODE, ACONDIONADA EM ESTOJO GARANTIA MINIMA DE FABRICACAO DE 12 MESES|695.0|1.0|0.0|0.0|0.0||33068320000132|ASCLEPIOS EQUIPAMENTOS HOSPITALARES LTDA
137971410|44528017|1368380|303|02|2024|5|6|LOTE 6|6|BUDESONIDA SPRAY NASAL 50 MCG|40.95|30.0|0.0|0.0|0.0||29099568000193|LIDER SBX DROGARIAS LTDA
137971411|44528082|1368380|303|02|2024|5|67|LOTE 67|67|LORAZEPAM 2 MG|0.3495|1440.0|0.0|0.0|0.0||29099568000193|LIDER SBX DROGARIAS LTDA
137971412|44528079|1368380|303|02|2024|5|61|LOTE 61|61|DIMESILATO DE LISDEXANFETAMINA 70 MG|13.6179|728.0|0.0|0.0|0.0||29099568000193|LIDER SBX DROGARIAS LTDA
137971413|44528054|1368380|303|02|2024|5|36|LOTE 36|36|SOMALIUM 6 MG BROMAZEPAM|1.85|2520.0|0.0|0.0|0.0||53317125000106|SAMED HOSPITALAR LTDA
137971414|44528087|1368380|303|02|2024|5|74|LOTE 74|74|TRAMADOL 50 MGTRAMADIK|0.999|2160.0|0.0|0.0|0.0||29099568000193|LIDER SBX DROGARIAS LTDA
137971415|44528104|1368382|303|02|2024|5|21|LOTE 21|21|MESA DE REUNIAO OVAL PARA 6 PESSOASCOM DIMENSOES ENTRE OU IGUAIS AXLXC 220M X 100M X 070M A 230M X 110M X 080MCOMPOSICAO TAMPO EM MDF CHAPA DE FIBRA DE MÉDIA DENSIDADE DE APROXIMADAMENTE 25 MM DE ESPESSURA COM BORDAS EM PVC MACICO OU POLIESTIRENO NA COR DO TAMPO E DUAS BASES CILÍNDRICAS COM APROXIMADAMENTE 450 MM DE DIÂMETRO EM MADEIRA REVESTIMENTOS TAMPO EM LAMINADO MELAMÍNICO PADRAO EXISTENTE ACESSÓRIOS 04 QUATRO SAPATAS NIVELADORAS DE PISO COM BASE EMBORRACHADA E UMA CRUZETA METALICA COM PINTURA ELETROSTATICA PADRAO EXISTENTE COM ACABAMENTO TEXTURIZADO OU LISO APARAFUSADAS DA BASE AO TAMPO COM BORDAS DE ACO OU OUTRA FIXACAO QUE GARANTA PERFEITA ESTABILIDADE À M|1170.73|1.0|0.0|0.0|0.0||25275318000106|MÓVEIS E SERVICOS LTDA
137971419|44528077|1368380|303|02|2024|5|52|LOTE 52|52|MESILATO DE SAFINAMIDA 100 MG|14.19|1500.0|0.0|0.0|0.0||29099568000193|LIDER SBX DROGARIAS LTDA
137971416|44528123|1368382|303|02|2024|5|24|LOTE 24|24|ROTEADOR WIRELESS 80211A BGN FREQUENCIA DE OPERACAO MINIMA 24GHZ VELOCIDADE MINIMA 1200 MBPS ENTRADAS MINIMAS 1 PORTA WAN 10100100 PADRAO RJ45 E 1 PORTA LAN 101001000 PADRAO RJ45 GANHO DA ANTENA MINIMO 5 DBI QUANTIDADE DE ANTENAS MINIMO 4 ANTENAS OBRIGATORIA HOMOLOGACAO DA ANATEL|382.57|1.0|0.0|0.0|0.0||25275318000106|MÓVEIS E SERVICOS LTDA
137971417|44528112|1368382|303|02|2024|5|8|LOTE 8|8|LARINGOSCOPIO CONVENCIONAL ADULTO LARINGOSCOPIO INSTRUMENTO QUE AUXILIA NA TECNICA DE INTUBACAO NASO OU OROTRAQUEAL A FIM DE MANTER UMA VENTILACAO PULMONAR ADEQUADA, DEVE CONTER ESTE CONJUNTO, ALIMENTACAO DE DUAS PILHAS, COM SETE LAMINAS CURVAS EM ACO INOXIDAVEL DE TAMANHOS 0, 1, 2, 3, 4, 5, 6, COM PADRAO ABNTNBR ISO71531, VERSAO CORRIGIDA 2010, RECOMENDADOS PELA ASTM AMERICAN SOCIETY FOR TESTINGAND MATERIALS, COM LAMPADAS LED LIGTH EMISSION DIODE, ACONDIONADA EM ESTOJO GARANTIA MINIMA DE FABRICACAO DE 12 MESES|750.0|1.0|0.0|0.0|0.0||36999842000146|EQUIPSUL COMERCIO E ASSISTENCIA TECNICA DE EQUIPAMENTOS A SAUDE EIRELI
137971418|44528111|1368382|303|02|2024|5|7|LOTE 7|7|LANTERNA CLINICA TIPO LED ALTA PERFORMANCE COM ILUMINACAO LED DE 3V CONFECCIONADA EM METAL LEVE DE ALTA QUALIDADE ACABAMENTO ANODIZADO, MAIOR DURABILIDADE E RESISTENCIA LED DE ALTA POTENCIA COM VIDA UTIL DE 10000 HORAS ACIONAMENTO ATRAVES DO BOTAO LIGADESLIGA POSSUI CONVENIENTE CLIP DE BOLSO ALIMENTACAO 2 PILHAS AAA|40.0|2.0|0.0|0.0|0.0||41818340000101|CRM DISTRIBUIDORA MEDICAL HOSPITALAR LTDA
137971420|44528068|1368380|303|02|2024|5|56|LOTE 56|56|XARELTO 20 MG|13.59|1512.0|0.0|0.0|0.0||53317125000106|SAMED HOSPITALAR LTDA
137971421|44528100|1368382|303|02|2024|5|27|LOTE 27|27|NOBREAK COM POTÊNCIA NOMINAL DE 12 KVA POTÊNCIA REAL MÍNIMA DE 600W TENSAO ENTRADA 115127220 VOLTS EM CORRENTE ALTERNADA COM COMUTACAO AUTOMÁTICA TENSAO DE SAÍDA 110115 OU 220 VOLTS A SER DEFINIDA PELO SOLICITANTE ALARMES AUDIOVISUAL BATERIA INTERNA SELADA AUTONOMIA A PLENA CARGA MÍNIMO 15 MINUTOS CONSIDERANDO CONSUMO DE 240 WATS POSSUIR NO MÍNIMO 06 TOMADAS DE SAÍDA PADRAO BRASILEIRO O PRODUTO DEVERÁ SER NOVO SEM USO REFORMA OU RECONDICIONAMENTO GARANTIA DE 12 MESES|484.99|13.0|0.0|0.0|0.0||34240500000112|BRUNO DO CARMO FERREIRA
137971422|44528122|1368382|303|02|2024|5|23|LOTE 23|23|SWITCH 8 PORTAS 101001000MBPS NWAY SUPORTE A MDIMDIX FLOW CONTROL IEEE 8023X PLUG AND PLAY LEDS INDICADORES GARANTIA MINIMA DE 12 MESES|163.27|3.0|0.0|0.0|0.0||34240500000112|BRUNO DO CARMO FERREIRA
137971423|44528050|1368380|303|02|2024|5|29|LOTE 29|29|INSULINA GLARGINA 100 UIML CANETA DESCARTÁVEL 3 ML|58.95|200.0|0.0|0.0|0.0||29099568000193|LIDER SBX DROGARIAS LTDA
137971424|44528064|1368380|303|02|2024|5|64|LOTE 64|64|TIAMINA CLORIDRATO 300 MG|0.54|6000.0|0.0|0.0|0.0||53317125000106|SAMED HOSPITALAR LTDA
137971425|44528023|1368380|303|02|2024|5|32|LOTE 32|32|IVABRADINA 5 MG|3.0838|6000.0|0.0|0.0|0.0||29099568000193|LIDER SBX DROGARIAS LTDA
137971426|44528110|1368382|303|02|2024|5|6|LOTE 6|6|ESTETOSCOPIO TIPO INFANTIL, BIAURICULAR EM ACO INOXIDAVEL COM OLIVAS DE SILICONE E AUSCULTADOR DUPLO DIAFRAGMA PARA AUSCULTA CARDIOPULMONAR FLEXIVEL NA CURVATURA DO TUBO|70.0|4.0|0.0|0.0|0.0||33068320000132|ASCLEPIOS EQUIPAMENTOS HOSPITALARES LTDA
137971427|44528131|1368384|303|02|2024|5|1|LOTE 1|3|VASILHAME 13 KGVASILHAME VAZIO PARA CONDICIONAMENTO DE GAS LIQUEFEITO COM CAPACIDADE PARA 13 QUILOS, ALTURA 460 MM, DIAMETRO 360 MM FABRICADO SEGUNDO NORMA NBR 8460 DA ABNTASSOCIACAO BRASILEIRA DE NORMAS TECNICAS POSSUIR DISPOSITIVO DE SEGURANCA QUE, EM CASO DE AUMENTO DE PRESSAO INTERNA, LIBERA O GLP IMPEDINDO QUE OCORRA UMA EXPLOSAO DO VASILHAME|142.08|12.0|0.0|0.0|0.0||06318065000166|DISTRIBUIDORA MSA LTDA
137971428|44528098|1368381|303|02|2024|5|||1|CONTRATACAO DE EMPRESA ESPECIALIZADA EM CONSTRUCAO CIVIL, PARA EXECUCAO DA REVITALIZACAO DA PRACA DO ESTACIONAMENTO DO MERCADINHO EM JOSE BRANDAO, COM FORNECIMENTO DE MATERIAL E MAODEOBRA NECESSARIA PARA EXECUTAR O SERVICOS|0.0|0.0|0.0|0.0|247565.74||42968202000171|ZURICH ENGENHARIA LTDA ME
137971429|44528071|1368380|303|02|2024|5|54|LOTE 54|54|RIFAXIMINA 550MG COMPRIMIDO|26.1398|728.0|0.0|0.0|0.0||53317125000106|SAMED HOSPITALAR LTDA
137971430|44528059|1368380|303|02|2024|5|4|LOTE 4|4|BROMIDRATO DE FENOTEROL AEROSSOLFRASCO DE 10 ML|30.816|30.0|0.0|0.0|0.0||29099568000193|LIDER SBX DROGARIAS LTDA
137971431|44528039|1368380|303|02|2024|5|24|LOTE 24|24|FUMARATO DE FORMOTEROL DESIDRATADA BUDESONIDA 6200|118.818|30.0|0.0|0.0|0.0||29099568000193|LIDER SBX DROGARIAS LTDA
137971432|44528093|1368380|303|02|2024|5|80|LOTE 80|80|DULOXETINA 30 MG|1.7999|540.0|0.0|0.0|0.0||53317125000106|SAMED HOSPITALAR LTDA
137971433|44528069|1368380|303|02|2024|5|55|LOTE 55|55|TRAMADOL 100 MGML|2.89|300.0|0.0|0.0|0.0||53317125000106|SAMED HOSPITALAR LTDA
137971434|44528080|1368380|303|02|2024|5|63|LOTE 63|63|BUPROPIONA XL 300 MG WELLBUTRIN|5.3672|720.0|0.0|0.0|0.0||29099568000193|LIDER SBX DROGARIAS LTDA
137971435|44528021|1368380|303|02|2024|5|45|LOTE 45|45|XINAFOATO DE SALMETEROL PROPINATO DE FLUTICASONA 50500|276.0|50.0|0.0|0.0|0.0||53317125000106|SAMED HOSPITALAR LTDA
137971436|44528085|1368380|303|02|2024|5|72|LOTE 72|72|CODEINA 30 MG|2.2063|1620.0|0.0|0.0|0.0||29099568000193|LIDER SBX DROGARIAS LTDA
137971437|44528124|1368382|303|02|2024|5|26|LOTE 26|26|LIXEIRA COM RODAS E TAMPA 240 LTCESTOS GARI PARA RECOLHIMENTO E TRANSPORTE DE RESIDUOS EM GERAL E LIXO PRODUZIDOS EM POLIPROPILENO, SAO EXTREMAMENTE RESISTENTES PAREDES UNIFORMES E CANTOS INTERNOS ARREDONDADOS, FACILITAM A LIMPEZA E HIGIENIZACAO AS PARTES DOS CARROS COMO EIXOS, TAMPAS E RODAS, SAO FORNECIDAS COMO PECAS DE REPOSICAO, PARA AUMENTAR A VIDA UTIL DOS CARROS DIMENSOES ALTURA 1,05 METROS LARGURA 59,00 CENTIMETROS PROFUNDIDADE 74,00 CENTIMETROS PESO 14,00 KILOGRAMA|546.72|1.0|0.0|0.0|0.0||25275318000106|MÓVEIS E SERVICOS LTDA
137971438|44528109|1368382|303|02|2024|5|5|LOTE 5|5|ESTETOSCOPIO TIPO ADULTO, BIAURICULAR EM ACO INOXIDAVEL COM OLIVAS DE SILICONE E AUSCULTADOR DUPLO DIAFRAGMA PARA AUSCULTA CARDIOPULMONAR FLEXIVEL NA CURVATURA DO TUBO|70.0|4.0|0.0|0.0|0.0||33068320000132|ASCLEPIOS EQUIPAMENTOS HOSPITALARES LTDA
137971439|44528108|1368382|303|02|2024|5|4|LOTE 4|4|COLPOSCOPIO COM AUMENTO VARIAVEL DE 3 AUMENTOS 7, 14 E 25 VEZES LUMINOSIDADE MINIMA DE 25000 LUX A 30 CM DE DISTANCIA DEVE POSSUIR PEDESTAL COM BASE COM 3 RODIZIOS ILUMINACAO ATRAVES LAMPADA DE LED DE NO MINIMO 10 W MINIMO 24000 LUX DE LUMINOSIDADE A 30 CM DE DISTANCIA MICRO CAMERA PARA VIDEOCOLPOSCOPIA, ALIMENTACAO ELETRICA SELECIONAVEL EM 110 OU 220 V 5060 HZ POSSUI FUSIVEL DE PROTECAO CONTRA SOBRECARGA DA CORRENTE ELETRICA PERMITE A REGULAGEM DA INTENSIDADE DE LUZ ATRAVES DO POTENCIOMETRO OU DIMMER FILTRO MOVEL LUZ VERDE MACROREGULAGEM DE ALTURA COM FAIXA MINIMA DE AJUSTE DE 98CM ATE 130 CM OBJETIVA DE ALTA RESOLUCAO COM DISTANCIA FOCAL DE 300 MM OU 400 MM OCULARES GRAN|14495.0|1.0|0.0|0.0|0.0||20371330000109|MUNDI EQUIPAMENTOS MEDICOS, ODONTOLOGICOS E VETERINARIOS LTD
137971443|44528052|1368380|303|02|2024|5|15|LOTE 15|15|DIMESILATO DE LISDEXANFETAMINA 50 MG|18.96|728.0|0.0|0.0|0.0||53317125000106|SAMED HOSPITALAR LTDA
137971440|44528114|1368382|303|02|2024|5|10|LOTE 10|10|LAVADORA ULTRASSONICA ATE 15 LITROS, EQUIPAMENTO COM GABINETE E CESTO EM ACO INOXIDAVEL E TAMPA EM PLASTICO TRANSPARENTE OU SIMILAR, COM SENSOR DE SEGURANCA, PAINEL DE COMANDO COM TIMER E AQUECIMENTO DIGITAL, FREQUENCIA DO ULTRASOM 40 KHZ, TEMPORIZADOR ELETRONICO MICROPROCESSADO FUSIVEL DE PROTECAO DESCARGA PARA LIQUIDOS CICLO DE TRABALHO AUTOMATICO CONTROLE DE TEMPO DE TRABALHO INDICADO POR LEDS CUBA EM ACO INOX COM CAPACIDADE MINIMA DE 5 LITROS A ALIMENTACAO ELETRICA SERA DEFINIDA PELA ENTIDADE SOLICITANTE|3291.0|1.0|0.0|0.0|0.0||30323616000164|QUICKBUM E COMMERCE EIRELI
137971441|44528120|1368382|303|02|2024|5|17|LOTE 17|17|EQUIPO KART ODONTOLOGICO COM 03 TERMINAIS SERINGA TRIPLICE POLIDO AMBIDESTRO, MONTAGEM PARA DESTROS MODELO COM 04 TERMINAIS DE SERIE, SENDO 01 TERMINAL COM SERINGA TRIPLICE E 03 TERMINAIS BORDEN PARA ALTA OU BAIXA ROTACAO E SUPORTA ATE 06 OS INSTRUMENTOS, COM OPCIONAIS QUE SAO MICRO MOTOR ELETRICO, FOTOPOLIMERIZADOR, E ULTRASSOM, BEM COMO OS MECANISMOS QUE PERMITEM QUE ESTES INSTRUMENTOS FUNCIONEM ESTES INSTRUMENTOS ATIVOS, NORMALMENTE CHAMADOS DE PECAS DE MAO, UTILIZAM PARA O SEU FUNCIONAMENTO, LIQUIDO PARA REFRIGERACAO AGUA, AR COMPRIMIDO E ELETRICIDADE EQUIPO ODONTOLOGICO CART COM UNIDADE RODANTE COM QUATRO RODIZIOS DUPLOS DE ALTA RESISTENCIA, MONTADO EM PEDESTAL TUBULAR TOT|3400.0|1.0|0.0|0.0|0.0||08380296000125|VISAMED COMERCIO DE MATERIAL HOSPITALAR LTDA
137971442|44528128|1368383|303|02|2024|5|1|LOTE 1|1|REFEICAO TIPO MARMITEX EM EMBALAGEM ALUMINIZADA TAMANHO MÉDIO CONTENDO ARROZ BRANCO FEIJAO 01 OPCAO CARNE BOIPORCOFRANGO SALADAS FOLHASLEGUMES 01 TIPOS DE MASSA OU BATATA FRITA|19.4|10000.0|0.0|0.0|0.0||45114732000140|LUIZ CARLOS XAVIER
137971444|44528038|1368380|303|02|2024|5|13|LOTE 13|13|DIAZEPAM INJETÁVEL 5MGML AMPOLA DE 2ML|1.79|1000.0|0.0|0.0|0.0||53317125000106|SAMED HOSPITALAR LTDA
137971445|44528089|1368380|303|02|2024|5|76|LOTE 76|76|VIMINOL 70 MG|4.09|2160.0|0.0|0.0|0.0||53317125000106|SAMED HOSPITALAR LTDA
137971446|44528092|1368380|303|02|2024|5|79|LOTE 79|79|CICLOBENZATIMA 10 MG|0.3299|1080.0|0.0|0.0|0.0||53317125000106|SAMED HOSPITALAR LTDA
137971447|44528062|1368380|303|02|2024|5|31|LOTE 31|31|INSULINA HUMALOG 100UIML FRASCO CONTENDO 10 ML|169.03|90.0|0.0|0.0|0.0||29099568000193|LIDER SBX DROGARIAS LTDA
137971448|44528063|1368380|303|02|2024|5|48|LOTE 48|48|HORMUS UNDECILATO DE TESTOSTERONA 250 MGML|399.0|24.0|0.0|0.0|0.0||29099568000193|LIDER SBX DROGARIAS LTDA
137971449|44528072|1368380|303|02|2024|5|69|LOTE 69|69|KISQALI SUCCINATO DE RIBOCICLIBE 200 MG|250.0|1260.0|0.0|0.0|0.0||47271160000139|FAST PHARMA DISTRIBUDORA E IMPORTADORA
137971450|44528028|1368380|303|02|2024|5|39|LOTE 39|39|SU1FATO DE CONDROITINA 12G SULFATO DE GLICOSAMINA 15G|4.5|4020.0|0.0|0.0|0.0||29099568000193|LIDER SBX DROGARIAS LTDA
137971451|44528078|1368380|303|02|2024|5|60|LOTE 60|60|ACETADO DE CIPROTERONA ETINILESTRADIOL DIANE 35|1.95|24.0|0.0|0.0|0.0||53317125000106|SAMED HOSPITALAR LTDA
137971452|44528065|1368380|303|02|2024|5|58|LOTE 58|58|LACTULOSE 667MGML XAROPE|9.89|720.0|0.0|0.0|0.0||53317125000106|SAMED HOSPITALAR LTDA
137971453|44528043|1368380|303|02|2024|5|9|LOTE 9|9|CLORIDRATO DE METILFENIDATO 54 MG LIBERACAO PROLONGADA CONCERTA|12.7593|720.0|0.0|0.0|0.0||29099568000193|LIDER SBX DROGARIAS LTDA
137971454|44528051|1368380|303|02|2024|5|30|LOTE 30|30|INSULINA GLULISINA 100 UIML CANETA DESCARTÁVEL 3 ML|47.36|200.0|0.0|0.0|0.0||29099568000193|LIDER SBX DROGARIAS LTDA
137971455|44528115|1368382|303|02|2024|5|11|LOTE 11|11|REFLETOR ODONTOLOGICO 6 LEDS DESCRICAO TECNICA, SISTEMA OPTICO DE 06 LEDS DE LUZ DIRETA DISPENSANDO O USO DE ESPELHOS OPTICOS MULTIFACETADOS, A LUZ BRANCA AUMENTA A QUALIDADE DO DIAGNOSTICO DADO A POSSIBILIDADE DE DEFINICAO DE CORES, LIGADESLIGA E INTENSIDADE DE LUZ POR APROXIMACAO SEM TOQUE SEM RISCO DE CONTAMINACAO, LED ATE 30000 LUX COM VARIACAO DE 10%FONTE DE LUZ FRIA NAO GERA CALOR NO CAMPO OPERATORIO, MAIOR DURABILIDADE, POIS, OS LED TEM ATE 1000 VEZES MAIS TEMPO DE USO DO QUE LAMPADAS ALOGENAS TRADICIONAIS, CONSUMO MINIMO DE ENERGIA, MOVIMENTACAO VERTICAL GIRO DE ATE 620O COR PADRAO BRANCO GELO, CABECOTE LEVE, FACIL MANUSEIO E PRODUZIDO COM MATERIAS PRIMAS RESISTENTES E DE|1990.0|1.0|0.0|0.0|0.0||05625494000113|PORTO SAUDE COMERCIO DE PRODUTOS FARMACEUTICOS E HOSPITALARES LTDA
137971456|44528103|1368382|303|02|2024|5|2|LOTE 2|2|BIPAP SYNCHRONY NÍVEL DE RUÍDO 30 DB BIPAP SYNCHRONY III COM AVAPS TRAQUEIA CABOS DE FORCA CARTAO DE DADOS ENCORE PRO 02 FILTROS CINZAS REUTILIZÁVEIS 1 FILTROS BRANCO ULTRAFINO DESCARTÁVEL BOLSA PARA TRANSPORTE MANUAL AVAPS MODOS CPAP FIXO BIPAP S ST T PC INTERVALO DE PRESSAO IPAP DE 4 A 30 CM H2O EPAP DE 4 A 25 CM H2O CPAP DE 4 A 20 CM H2O VENTILACAO HÍBRIDA AVAPS SIM VOLÚME CORRENTE ALVO 200 A 1500 ML AJUSTE DE FR 0 A 30 RPM AJUSTE DE TEMPO INSPIRATÓRIO 05 A 3 SEGUNDOS TEMPO DE ELEVACAO 1 100 MS A 3 300 MS AJUSTE DE SENSIBILIDADE AUTOTRAK ALÍVIO DE PRESSAO DESATIVADO OU BIFLEX SOMENTE EM MODO S 3 NÍVEIS DE CONFORTO 1 LEVE 2 MODERADO OU 3 ALTO AJ|5580.0|2.0|0.0|0.0|0.0||08380296000125|VISAMED COMERCIO DE MATERIAL HOSPITALAR LTDA
137971457|44528099|1368382|303|02|2024|5|20|LOTE 20|20|MESA PARA ESCRITÓRIO EM L MEDINDO 120 X 060 X 080 PRODUZIDO EM MDP 15 MM COM TRÊS GAVETAS PÉS DE FERRO MESA 080 CONEXAO 060 MESA 120 COM GAVETA|625.0|2.0|0.0|0.0|0.0||25275318000106|MÓVEIS E SERVICOS LTDA
137971458|44528117|1368382|303|02|2024|5|13|LOTE 13|13|UNIDADE AUXILIAR COM 2 SUGADORES , ACESSORIO PARA BOMBA A VACUO, FIXADO NA COLUNA DO REFLETOR, LATERAIS DE ARMARIOS OU PAREDE, COM ACIONAMENTO AUTOMATICO PARA A BOMBA DE VACUO CARACTERISTICAS SUCTORES EM ALUMINIO ANODIZADO, AUTOCLAVAVEIS ESPECIFICACOES TECNICAS POSSUI REGISTRO PARA FACIL REGULAGEM DE SUCCAO LED INDICATIVO DE FUNCIONAMENTO PODE SER ACOPLADO NA COLUNA DE REFLETORES, ARMARIOS OU PAREDES 2 SUCTORES DE 6MM OU 1 DE 6MM E 1 DE 11MM ITENS INCLUSOS KIT BOMBA VACUO DELTRAMED COM 2 SUGADORES MANUAL DE INSTRUCOES CERTIFICADO DE GARANTIA GARANTIA GARANTIA 12 MESES CONTRA DEFEITO DE FABRICACAO|1190.0|1.0|0.0|0.0|0.0||08380296000125|VISAMED COMERCIO DE MATERIAL HOSPITALAR LTDA
138139225|44583550|1370104|306|05|2024|5|||4|BANCADA DIDATICA PARA ESTUDO DE COMANDOS ELETRICOS BDECE01|0.0|0.0|0.0|0.0|30145.41||20175121000181|DATAPOOL ELETRONICA LTDA EPP
138139226|44583552|1370104|306|05|2024|5|||3|BANCADA DIDATICA DE SENSORES BDS01|0.0|0.0|0.0|0.0|54612.0||20175121000181|DATAPOOL ELETRONICA LTDA EPP
138139227|44583551|1370104|306|05|2024|5|||2|BANCADA DIDATICA CONTROLADOR LOGICO PROGRAMAVEL BDCLP03|0.0|0.0|0.0|0.0|23543.73||20175121000181|DATAPOOL ELETRONICA LTDA EPP
138139228|44583553|1370104|306|05|2024|5|||5|BANCDA DIDATICA DE SENSORES|0.0|0.0|0.0|0.0|20012.17||20175121000181|DATAPOOL ELETRONICA LTDA EPP
138139229|44583549|1370104|306|05|2024|5|||1|BANCADA DE INSTALACOES ELETRICAS INDUSTRIAIS BDIEI01|0.0|0.0|0.0|0.0|26486.69||20175121000181|DATAPOOL ELETRONICA LTDA EPP
138134088|44581591|1370033|304|03|2024|5|1|LOTE 1|1|AREIA LAVADA TIPO MEDIA|157.0|100.0|0.0|0.0|0.0||12647709000162|FABIANO PAULO LAUDATE - ME.
138134089|44581593|1370033|304|03|2024|5|7|LOTE 7|5|PEDRA POLIEDRICA|219.9|56.0|0.0|0.0|0.0||41719477000109|KARAIBA MATERIAIS DE CONSTRUCAO LTDA - ME
138134090|44581589|1370033|304|03|2024|5|6|LOTE 6|4|CASCALHO|139.0|150.0|0.0|0.0|0.0||02628117000140|JARBAS SEBASTIAO DOS REIS-ME
138134091|44581590|1370033|304|03|2024|5|4|LOTE 4|7|BICA CORRIDA|181.09|240.0|0.0|0.0|0.0||12647709000162|FABIANO PAULO LAUDATE - ME.
138134092|44581592|1370033|304|03|2024|5|3|LOTE 3|3|BRITA NO01|217.0|40.0|0.0|0.0|0.0||12647709000162|FABIANO PAULO LAUDATE - ME.
138134093|44581594|1370033|304|03|2024|5|8|LOTE 8|6|PO DE PEDRA|159.9|150.0|0.0|0.0|0.0||41719477000109|KARAIBA MATERIAIS DE CONSTRUCAO LTDA - ME
138134094|44581588|1370033|304|03|2024|5|2|LOTE 2|2|BRITA ZERO|223.8|80.0|0.0|0.0|0.0||12647709000162|FABIANO PAULO LAUDATE - ME.
138134095|44581595|1370033|304|03|2024|5|5|LOTE 5|8|CIMENTO CP III NBR 16697 50 KG|36.9|400.0|0.0|0.0|0.0||12647709000162|FABIANO PAULO LAUDATE - ME.
136526990|44017438|1352415|303|02|2024|3|||44|FITA DECORATIVAS PARA NATAL LARGA PECA COM 10 MTS|8.5|10.0|0.0|0.0|0.0||52620711000162|JET DISTRIBUIDORA LTDA
138134026|44581500|1370022|302|01|2024|5|1|LOCACAO DE VEICULO POPULAR|1|LOCACAO DE VEICULO POPULAR|28700.0|1.0|0.0|0.0|0.0||07475524000188|VALOR LOCACOES EIRELI - ME
138134027|44581501|1370022|302|01|2024|5|2|LOCACAO DE 2 VEICULOS EXECUTIVOS|2|LOCACAO DE 2 VEICULOS EXECUTIVOS|100500.0|1.0|0.0|0.0|0.0||07475524000188|VALOR LOCACOES EIRELI - ME
136526986|44017415|1352415|303|02|2024|3|||74|PINCEL CHATO COM CERDA BRASIL BRANCA FORTE LONGO DURAVÉL E FLEXÍVEL CABO AMARELO REFERÊNCIA 815 Nº 24|8.43|12.0|0.0|0.0|0.0||52620711000162|JET DISTRIBUIDORA LTDA
136526987|44017462|1352415|303|02|2024|3|||109|VASO DE PLÁSTICO MÉDIO|9.0|100.0|0.0|0.0|0.0||49618856000114|PARAPEL COMÉRCIO ATACADISTA LTDA
136526988|44017454|1352415|303|02|2024|3|||29|COLA GEL 50 G|9.0|62.0|0.0|0.0|0.0||49618856000114|PARAPEL COMÉRCIO ATACADISTA LTDA
136526989|44017512|1352415|303|02|2024|3|||8|AGULHA DE CROCHE,TAMANHO 8|4.5|30.0|0.0|0.0|0.0||49618856000114|PARAPEL COMÉRCIO ATACADISTA LTDA
136526991|44017455|1352415|303|02|2024|3|||20|BARBANTE GROSSO CRU ROLO COM 302 MTS|11.0|24.0|0.0|0.0|0.0||49618856000114|PARAPEL COMÉRCIO ATACADISTA LTDA
136526992|44017469|1352415|303|02|2024|3|||46|FITA MAGICA ARTESANATO|8.51|10.0|0.0|0.0|0.0||11234029000154|SIMONE KACIAN DE ARAUJO LTDA
136526993|44017452|1352415|303|02|2024|3|||101|TINTA PVC 37 ML|3.69|50.0|0.0|0.0|0.0||49618856000114|PARAPEL COMÉRCIO ATACADISTA LTDA
136526994|44017444|1352415|303|02|2024|3|||82|RENDA DE ALGODAO MÉDIA PECA C 20 MTS|38.29|10.0|0.0|0.0|0.0||11234029000154|SIMONE KACIAN DE ARAUJO LTDA
136526995|44017474|1352415|303|02|2024|3|||105|TINTA PARA TECIDO ACRILEXCORES VARIADOS 37 ML|3.87|1040.0|0.0|0.0|0.0||31486195000155|ALIANCA COMERCIO E DISTRIBUIDORA LTDA
136526996|44017475|1352415|303|02|2024|3|||104|TINTA PARA MADEIRA CORES VARIADAS|3.63|40.0|0.0|0.0|0.0||31486195000155|ALIANCA COMERCIO E DISTRIBUIDORA LTDA
136526997|44017434|1352415|303|02|2024|3|||90|TECIDO DE ALGODAO EM POLIESTER XADREZ|14.49|30.0|0.0|0.0|0.0||52620711000162|JET DISTRIBUIDORA LTDA
136526998|44017497|1352415|303|02|2024|3|||42|FITA BORDADAS PARA LACO COM 10 MTS|2.77|10.0|0.0|0.0|0.0||11234029000154|SIMONE KACIAN DE ARAUJO LTDA
136526999|44017519|1352415|303|02|2024|3|||31|COLA PERMANENTE ACRILEX|26.75|20.0|0.0|0.0|0.0||31486195000155|ALIANCA COMERCIO E DISTRIBUIDORA LTDA
136527000|44017422|1352415|303|02|2024|3|||91|TECIDO ESTAMPADO TIPO CHITA 140M DE LARGURA ESTAMPAS DIVERSAS|17.82|30.0|0.0|0.0|0.0||29126669000106|TREZE DISTRIBUIDORA LTDA
136527001|44017507|1352415|303|02|2024|3|||16|ARGOLAS PARA CROCHE G PACOTE COM 24 PECAS|21.8|10.0|0.0|0.0|0.0||11234029000154|SIMONE KACIAN DE ARAUJO LTDA
136527002|44017495|1352415|303|02|2024|3|||89|TECIDO DE ALGODAO CRU FINO,100% ALGODAO CRU FINO, LARGURA2,20 MT X 50 CM,GRAMATURA 189GM²|18.47|60.0|0.0|0.0|0.0||11234029000154|SIMONE KACIAN DE ARAUJO LTDA
136527003|44017487|1352415|303|02|2024|3|||54|LINHA PARA BORDADOCORES VARIADAS|3.0|20.0|0.0|0.0|0.0||49618856000114|PARAPEL COMÉRCIO ATACADISTA LTDA
136527004|44017491|1352415|303|02|2024|3|||96|TECIDO SACARIA ALVEJADO BRANCO PARA PINTURA EM PANO DE PRATO|13.21|230.0|0.0|0.0|0.0||52620711000162|JET DISTRIBUIDORA LTDA
136527005|44017486|1352415|303|02|2024|3|||100|TESOURA PARA TECIDO|35.9|10.0|0.0|0.0|0.0||52620711000162|JET DISTRIBUIDORA LTDA
136527006|44017424|1352415|303|02|2024|3|||69|OLHO MÓVEL 15 MM BRANCO COM 06 UNIDADES PRETO|22.9|12.0|0.0|0.0|0.0||03835661000125|NM CONFECCOES LTDA
136527007|44017515|1352415|303|02|2024|3|||40|FIO DE NYLON GROSSO|9.0|20.0|0.0|0.0|0.0||49618856000114|PARAPEL COMÉRCIO ATACADISTA LTDA
136527008|44017445|1352415|303|02|2024|3|||81|RENDA DE ALGODAO GROSSA PECA C 20 MTS|50.0|10.0|0.0|0.0|0.0||03835661000125|NM CONFECCOES LTDA
136527009|44017430|1352415|303|02|2024|3|||52|VERNIZ ACRÍLICO BRILHANTE PODE SER APLICADO SOBRE A TINTA ACRÍLICA PARA TELA E TINTA PLÁSTICA E ACRÍLICA PARA ARTESANATO CONTENDO 100 ML|9.3|12.0|0.0|0.0|0.0||49618856000114|PARAPEL COMÉRCIO ATACADISTA LTDA
136527010|44017461|1352415|303|02|2024|3|||110|VASO DE PLÁSTICO PEQUENO|0.85|100.0|0.0|0.0|0.0||49618856000114|PARAPEL COMÉRCIO ATACADISTA LTDA
136527011|44017439|1352415|303|02|2024|3|||45|FITA FLORAL PECA C 54 MTS|15.0|20.0|0.0|0.0|0.0||49618856000114|PARAPEL COMÉRCIO ATACADISTA LTDA
136527012|44017508|1352415|303|02|2024|3|||4|AGULHA DE CROCHE, TAMANHO 4|4.5|30.0|0.0|0.0|0.0||49618856000114|PARAPEL COMÉRCIO ATACADISTA LTDA
136527013|44017481|1352415|303|02|2024|3|||72|PÉROLAS|47.9|10.0|0.0|0.0|0.0||03835661000125|NM CONFECCOES LTDA
136527014|44017466|1352415|303|02|2024|3|||78|QUADRO BRANCO MEDINDO APROXIMADAMENTE 100 X 100 OU 100 X 120|122.0|10.0|0.0|0.0|0.0||08003034000141|INDUSTRIA DE MOVEIS RIO VERDE LTDA
136527015|44017467|1352415|303|02|2024|3|||67|NOVELO DE LINHA DE BORDADO MARCHA ARCHOR|16.54|100.0|0.0|0.0|0.0||03835661000125|NM CONFECCOES LTDA
136527016|44017504|1352415|303|02|2024|3|||39|FIO DE NYLON FINO|4.0|20.0|0.0|0.0|0.0||49618856000114|PARAPEL COMÉRCIO ATACADISTA LTDA
136527017|44017414|1352415|303|02|2024|3|||73|PINCEL CHATO COM CERDA BRASIL BRANCA FORTE LONGO DURAVÉL E FLEXÍVEL CABO AMARELO REFERÊNCIA 815 Nº 22|7.08|12.0|0.0|0.0|0.0||52620711000162|JET DISTRIBUIDORA LTDA
136527018|44017524|1352416|303|02|2024|3|1|LOTE 1|1|LOCACAO DE VEICULO DTIPO VAN, ANO DE FABRICACAO A PARTIR DE 2022, CAPACIDADE PARA 16 LUGARES, ADAPTADO PARA TRANSPORTE ESCOLAR, MOTORISTA E MONITOR POR CONTA DA CONTRATADA COMBUSTIVEL SEGURO OBRIGATORIO IPVA MANUTENCAO PREVENTIVA E CORRETIVA PERIODO 12 MESES ESTIMATIVA 200 DIAS LETIVOS A CONTRATADA DEVERA INDICAR UMA PESSOA RESPONSAVEL PELA SUBSTITUICAO DE VEICULOS, CASO NECESSARIO ATENDER AS EXIGENCIAS DA LEI N° 9503 DE 23091997, CODIO DE TRANSITO BRASILEIRO, ESPECIALMENTE CAP XII, ART 136 CONDUCAO DE ESCOLARES|6.65|629800.0|0.0|0.0|0.0||18979005000173|EMPRESA TRANSCOL LTDA
136527019|44017518|1352415|303|02|2024|3|||95|TECIDO PERSAL LISO 2,50|21.96|30.0|0.0|0.0|0.0||49618856000114|PARAPEL COMÉRCIO ATACADISTA LTDA
136527020|44017450|1352415|303|02|2024|3|||102|TINTA ACRILICA FOSCA CORES VARIADAS 37 ML|5.12|36.0|0.0|0.0|0.0||29126669000106|TREZE DISTRIBUIDORA LTDA
136527021|44017500|1352415|303|02|2024|3|||76|PLASTICO PARA FORRO MESA,TAMANHO 2,20 X 1,80|18.41|50.0|0.0|0.0|0.0||31486195000155|ALIANCA COMERCIO E DISTRIBUIDORA LTDA
136527022|44017470|1352415|303|02|2024|3|||70|OLHO MÓVEL PARA ARTESANATO TAMANHO A SER DEFINIDO NA ENTREGAPMG|29.9|12.0|0.0|0.0|0.0||03835661000125|NM CONFECCOES LTDA
136527023|44017473|1352415|303|02|2024|3|||15|ARGILA|6.0|20.0|0.0|0.0|0.0||49618856000114|PARAPEL COMÉRCIO ATACADISTA LTDA
136527024|44017513|1352415|303|02|2024|3|||3|AGULHA DE CROCHE, TAMANHO 2|4.0|30.0|0.0|0.0|0.0||49618856000114|PARAPEL COMÉRCIO ATACADISTA LTDA
136527025|44017443|1352415|303|02|2024|3|||80|RENDA DE ALGODAO FINA PECA C 20 MTS|13.09|10.0|0.0|0.0|0.0||11234029000154|SIMONE KACIAN DE ARAUJO LTDA
136527026|44017471|1352415|303|02|2024|3|||71|PANO DE PRATO PARA PINTAR|3.12|100.0|0.0|0.0|0.0||29126669000106|TREZE DISTRIBUIDORA LTDA
136527027|44017472|1352415|303|02|2024|3|||56|LINHA PARA CROCHÊ|16.5|20.0|0.0|0.0|0.0||03835661000125|NM CONFECCOES LTDA
136527028|44017505|1352415|303|02|2024|3|||27|COLA ARTESANATO DECOUPAGE 50 GRAMAS|7.4|24.0|0.0|0.0|0.0||49618856000114|PARAPEL COMÉRCIO ATACADISTA LTDA
136527029|44017432|1352415|303|02|2024|3|||92|TECIDO ETAMINE BRANCA PARA PONTO DE CRUZ|31.2|90.0|0.0|0.0|0.0||11234029000154|SIMONE KACIAN DE ARAUJO LTDA
136527030|44017489|1352415|303|02|2024|3|||23|CAIXA ORGANIZADORA TRANSPARENTE10 LITROS|20.43|10.0|0.0|0.0|0.0||31486195000155|ALIANCA COMERCIO E DISTRIBUIDORA LTDA
136526939|44017446|1352415|303|02|2024|3|||107|TOALHA DE MAO|5.7|50.0|0.0|0.0|0.0||29126669000106|TREZE DISTRIBUIDORA LTDA
136526936|44017502|1352415|303|02|2024|3|||11|ALICATE DE CORTE DE ACO, CABO EMBORRACHADO MEDIDAS 8CM X13CMX1CM|17.99|10.0|0.0|0.0|0.0||03835661000125|NM CONFECCOES LTDA
136526937|44017451|1352415|303|02|2024|3|||103|TINTA FOSCA ARTESANATO CORES VARIADAS 37 ML|3.63|36.0|0.0|0.0|0.0||31486195000155|ALIANCA COMERCIO E DISTRIBUIDORA LTDA
136526938|44017427|1352415|303|02|2024|3|||37|FIBRA VIRGEM SILICONADA CARDADAS PACOTE COM 01 KG|27.55|10.0|0.0|0.0|0.0||31486195000155|ALIANCA COMERCIO E DISTRIBUIDORA LTDA
136526940|44017437|1352415|303|02|2024|3|||57|LINHA PARA CROCHE BARBANTE COR CRU|4.9|50.0|0.0|0.0|0.0||31486195000155|ALIANCA COMERCIO E DISTRIBUIDORA LTDA
136526944|44017419|1352415|303|02|2024|3|||87|TECIDO ATOALHADO GROSSO|31.08|30.0|0.0|0.0|0.0||11234029000154|SIMONE KACIAN DE ARAUJO LTDA
136526941|44017421|1352415|303|02|2024|3|||14|APAGADOR BASE DE PLÁSTICO COM FELTRO PARA USO EM QUADRO BRANCO COM PORTA PINCEL|19.0|10.0|0.0|0.0|0.0||49618856000114|PARAPEL COMÉRCIO ATACADISTA LTDA
136526942|44017516|1352415|303|02|2024|3|||9|ALFINETE COM ELO PRATA CORES VARIADAS,N°3|14.75|30.0|0.0|0.0|0.0||03835661000125|NM CONFECCOES LTDA
136526943|44017520|1352415|303|02|2024|3|||19|BARBANTE FINO CRU 400 GR,6 FIOS|11.0|24.0|0.0|0.0|0.0||49618856000114|PARAPEL COMÉRCIO ATACADISTA LTDA
136526945|44017468|1352415|303|02|2024|3|||41|FIO SISAL PARA ARTESANATO FINO|37.26|10.0|0.0|0.0|0.0||49618856000114|PARAPEL COMÉRCIO ATACADISTA LTDA
136526946|44017490|1352415|303|02|2024|3|||24|CAIXA ORGANIZADORA TRANSPARENTE12 LITROS|24.22|10.0|0.0|0.0|0.0||31486195000155|ALIANCA COMERCIO E DISTRIBUIDORA LTDA
136526947|44017506|1352415|303|02|2024|3|||51|LA 40 GR, CORES VARIADAS|4.64|50.0|0.0|0.0|0.0||31486195000155|ALIANCA COMERCIO E DISTRIBUIDORA LTDA
136526948|44017522|1352415|303|02|2024|3|||53|MEADA LINHA ANCHOR|2.59|350.0|0.0|0.0|0.0||52620711000162|JET DISTRIBUIDORA LTDA
136526949|44017448|1352415|303|02|2024|3|||77|PRIME 100 ML|13.96|12.0|0.0|0.0|0.0||52620711000162|JET DISTRIBUIDORA LTDA
136526950|44017420|1352415|303|02|2024|3|||26|CLAREADOR PARA PINTURA|4.03|20.0|0.0|0.0|0.0||31486195000155|ALIANCA COMERCIO E DISTRIBUIDORA LTDA
136526951|44017493|1352415|303|02|2024|3|||47|GIZ BRANCO|4.21|10.0|0.0|0.0|0.0||31486195000155|ALIANCA COMERCIO E DISTRIBUIDORA LTDA
136526952|44017457|1352415|303|02|2024|3|||99|TESOURA GRANDE|4.55|10.0|0.0|0.0|0.0||20267071000162|M & C VAREJO LTDA
136526953|44017521|1352415|303|02|2024|3|||30|CONES DE LINHA|4.8|10.0|0.0|0.0|0.0||52620711000162|JET DISTRIBUIDORA LTDA
136526954|44017503|1352415|303|02|2024|3|||2|AGULHA DE COSTURA M|0.94|50.0|0.0|0.0|0.0||49618856000114|PARAPEL COMÉRCIO ATACADISTA LTDA
136526955|44017483|1352415|303|02|2024|3|||55|LINHA PARA COSTURACORES VARIADAS|5.5|50.0|0.0|0.0|0.0||49618856000114|PARAPEL COMÉRCIO ATACADISTA LTDA
136526956|44017517|1352415|303|02|2024|3|||17|ARGOLAS PARA CROCHE P PACOTE COM 144 PECAS|23.12|10.0|0.0|0.0|0.0||31486195000155|ALIANCA COMERCIO E DISTRIBUIDORA LTDA
136526957|44017526|1352416|303|02|2024|3|1|LOTE 1|3|LOCACAO DE VEICULO ONIBUS, ANO DE FABRICACAO A PARTIR DE 2013, CAPACIDADE PARA 48 LUGARES, ACESSIBILIDADE PARA CADEIRANTES,MOTORISTA E MONITOR POR CONTA DA CONTRATADA COMBUSTIVEL SEGURO OBRIGATORIO IPVA MANUTENCAO PREVENTIVA E CORRETIVA PERIDO 12 MESES ESTIMATIVA 200 DIAS LETIVOS A CONTRATADA DEVERA INDICAR UMA PESSOA RESPONSAVEL PELA SUBSTITUICAO DE VEICULOS, CASO NECESSARIO ATENDER AS EXIGENCIAS DA LEI N° 9503 DE 23091997, CODIO DE TRANSITO BRASILEIRO, ESPECIALMENTE CAP XII, ART 136 CONDUCAO DE ESCOLARES|7.07|165000.0|0.0|0.0|0.0||18979005000173|EMPRESA TRANSCOL LTDA
136526958|44017484|1352415|303|02|2024|3|||43|FITA DE CETIM N° 01 CORES VARIADAS|3.79|10.0|0.0|0.0|0.0||03835661000125|NM CONFECCOES LTDA
136526959|44017492|1352415|303|02|2024|3|||94|TECIDO JUTA MARROM|16.3|50.0|0.0|0.0|0.0||52620711000162|JET DISTRIBUIDORA LTDA
136526960|44017436|1352415|303|02|2024|3|||58|LINHA PARA TRICO CORES VARIADAS|15.0|50.0|0.0|0.0|0.0||49618856000114|PARAPEL COMÉRCIO ATACADISTA LTDA
136526961|44017465|1352415|303|02|2024|3|||10|ALFINETE DE CABECA CORES VARIADAS|5.9|20.0|0.0|0.0|0.0||03835661000125|NM CONFECCOES LTDA
136526962|44017523|1352415|303|02|2024|3|||21|BROCAL CORES VARIADAS, PACOTE 3 GR|0.92|24.0|0.0|0.0|0.0||52620711000162|JET DISTRIBUIDORA LTDA
136526963|44017499|1352415|303|02|2024|3|||32|CORTADOR REDONDO EM FORMATOS VARIADOS|14.0|12.0|0.0|0.0|0.0||03835661000125|NM CONFECCOES LTDA
136526964|44017425|1352415|303|02|2024|3|||98|TELA PARA PINTURA EM ALGODAO 30X40|9.0|20.0|0.0|0.0|0.0||49618856000114|PARAPEL COMÉRCIO ATACADISTA LTDA
136526965|44017511|1352415|303|02|2024|3|||7|AGULHA DE CROCHE,TAMANHO 7|4.5|30.0|0.0|0.0|0.0||49618856000114|PARAPEL COMÉRCIO ATACADISTA LTDA
136526966|44017496|1352415|303|02|2024|3|||66|NOVELOS DE LA CORES VARIADAS|10.51|660.0|0.0|0.0|0.0||31486195000155|ALIANCA COMERCIO E DISTRIBUIDORA LTDA
136526967|44017449|1352415|303|02|2024|3|||48|GOMA LACA INCOLOR EMBALAGEM CONTENDO 100 ML|10.39|12.0|0.0|0.0|0.0||11234029000154|SIMONE KACIAN DE ARAUJO LTDA
136526968|44017423|1352415|303|02|2024|3|||68|OLHO MÓVEL 05 MM BRANCO COM 06 UNIDADES PRETO|12.96|12.0|0.0|0.0|0.0||49618856000114|PARAPEL COMÉRCIO ATACADISTA LTDA
136526969|44017501|1352415|303|02|2024|3|||12|ALICATE PARA BIJUTERIA BICO REDONDO DE ACO, CABO EMBORRACHADO MEDIDAS 8 CMX13CMX1CM|18.02|10.0|0.0|0.0|0.0||03835661000125|NM CONFECCOES LTDA
136526970|44017435|1352415|303|02|2024|3|||106|TIRA BORDADA BRANCA OM 1375 MTS|25.04|30.0|0.0|0.0|0.0||11234029000154|SIMONE KACIAN DE ARAUJO LTDA
136526971|44017442|1352415|303|02|2024|3|||84|RENDA DE NAYLON GROSSA PECA COM 50 MTS|48.31|10.0|0.0|0.0|0.0||03835661000125|NM CONFECCOES LTDA
136526972|44017514|1352415|303|02|2024|3|||1|AGULHA DE COSTURA G|1.0|50.0|0.0|0.0|0.0||49618856000114|PARAPEL COMÉRCIO ATACADISTA LTDA
136526973|44017480|1352415|303|02|2024|3|||64|MICANGAS|18.53|20.0|0.0|0.0|0.0||11234029000154|SIMONE KACIAN DE ARAUJO LTDA
136526974|44017453|1352415|303|02|2024|3|||28|COLA DE SILICONE 100 ML|6.9|20.0|0.0|0.0|0.0||52620711000162|JET DISTRIBUIDORA LTDA
136526975|44017498|1352415|303|02|2024|3|||38|FIO DE BARBANTE MESCLADO PARA DECORACAO ROLO COM 226 MTS|16.68|10.0|0.0|0.0|0.0||31486195000155|ALIANCA COMERCIO E DISTRIBUIDORA LTDA
136526976|44017510|1352415|303|02|2024|3|||6|AGULHA DE CROCHE,TAMANHO 6|4.5|30.0|0.0|0.0|0.0||49618856000114|PARAPEL COMÉRCIO ATACADISTA LTDA
136526977|44017433|1352415|303|02|2024|3|||93|TECIDO ETAMINE XADREZ|27.69|90.0|0.0|0.0|0.0||11234029000154|SIMONE KACIAN DE ARAUJO LTDA
136526978|44017525|1352416|303|02|2024|3|1|LOTE 1|2|LOCACAO DE VEICULO ONIBUS, ANO DE FABRICACAO A PARTIR DE 2013, CAPACIDADE PARA 30 LUGARES, ACESSIBILIDADE PARA CADEIRANTES, MOTORISTA E MONITOR POR CONTA DA CONTRATADA COMBUSTIVEL SEGURO OBRIGATORIO IPVA MANUTENCAO PREVENTIVA E CORRETIVA PERIDO 12 MESES ESTIMATIVA 200 DIAS LETIVOS A CONTRATADA DEVERA INDICAR UMA PESSOA RESPONSAVEL PELA SUBSTITUICAO DE VEICULOS, CASO NECESSARIO ATENDER AS EXIGENCIAS DA LEI N° 9503 DE 23091997, CODIO DE TRANSITO BRASILEIRO, ESPECIALMENTE CAP XII, ART 136 CONDUCAO DE ESCOLARES|6.94|229800.0|0.0|0.0|0.0||18979005000173|EMPRESA TRANSCOL LTDA
136526979|44017431|1352415|303|02|2024|3|||97|TECIDO XADREZ COM 140 DE LARGURA|14.0|90.0|0.0|0.0|0.0||49618856000114|PARAPEL COMÉRCIO ATACADISTA LTDA
136526980|44017417|1352415|303|02|2024|3|||88|TECIDO DE ALGODAO ALVEJADO|6.75|30.0|0.0|0.0|0.0||52620711000162|JET DISTRIBUIDORA LTDA
136526981|44017509|1352415|303|02|2024|3|||5|AGULHA DE CROCHE,TAMANHO 5|4.5|30.0|0.0|0.0|0.0||49618856000114|PARAPEL COMÉRCIO ATACADISTA LTDA
136526982|44017479|1352415|303|02|2024|3|||13|ALICATE PARA BIJUTERIA|22.09|10.0|0.0|0.0|0.0||11234029000154|SIMONE KACIAN DE ARAUJO LTDA
136526983|44017485|1352415|303|02|2024|3|||86|TALAGARCA GROSSA|39.9|10.0|0.0|0.0|0.0||11234029000154|SIMONE KACIAN DE ARAUJO LTDA
136526984|44017440|1352415|303|02|2024|3|||83|RENDA DE NAYLON FINA PECA COM 50 MTS|23.0|10.0|0.0|0.0|0.0||49618856000114|PARAPEL COMÉRCIO ATACADISTA LTDA
136526985|44017441|1352415|303|02|2024|3|||85|RENDA DE NAYLON MEDIA PECA COM 50 MTS|31.86|10.0|0.0|0.0|0.0||11234029000154|SIMONE KACIAN DE ARAUJO LTDA
136124674|43894914|1350031|303|02|2024|1|||55|MÁSCARA DESCARTÁVEL DUPLA COM ELÁSTICO CONFECCIONADA EM TNT CAIXA CONTENDO 100 UNIDADES|28.0|206.0|0.0|0.0|0.0||47015464000135|REAL MINAS EPIS E UNIFORME LTDA
137374975|44376946|1363431|303|02|2024|4|||1|CONTRATACAO DE EMPRESA PARA PRESTACAO DE SERVICO DE BUFFET, PARA REALIZACAO DO EVENTO FESTA DO TRABALHADOR DESTINADAS AOS SERVIDORES PUBLICOS DO PODER EXECUTIVO MUNICIPAL DE CAETEMG, COMPREENDENDO A PREFEITURA, O SERVICO AUTONOMO DE AGUA E ESGOTO SAAE, A FUNDACAO EDUCACIONAL DE CAETE FEC E A FUNDACAO CASA DE CULTURA DE CAETE FCCC, SERVICOS A SEREM CONTRATADOS CHURRASCO PICANHA BOVINA 300 KG PICANHA SUINA 180 KG LINGUICA TOSCANA NA BRASA 80 KG COXINHA DA ASA 50KG CORACAOZINHO 60 KG TOUCINHO DE BARRIGA 60 KG PAO DE ALHO 50 PACOTES DE 400 GRAMAS CADA DEVERAO SER DISPONIBILIZADAS 08 OITO CHURRASQUEIRAS E CARVAO08 OITO CHURRA|0.0|0.0|0.0|0.0|108999.0||17926188000104|SINTAGMA ZENITE COMERCIO EIRELI
136124662|43894897|1350031|303|02|2024|1|||36|LOCAO SOLAR BLOQUEADORA FPS 30 AGE CONTRA A ACAO NOCIVA DOS RAIOS ULTRAVIOLETAS DOS TIPOS UVA E UVB EMITIDAS PELAS RADIACOES SOLARES PELAS RADIACOES PROVENIENTES DE TRABALHOS COM SOLDAS ELÉTRICAS E DE OUTRAS MÁQUINAS E EQUIPAMENTOS QUE EMITAM ESTE|14.07|210.0|0.0|0.0|0.0||06176619000138|SM SEGURANCA BELO HORIZONTE LTDA
136124663|43894883|1350031|303|02|2024|1|||2|AVENTAL CONFECCIONADO EM BAGUN COM FORRO PVC FORRADO NA COR BRANCA COM 120X70CM COM CORDOES EM TECIDO PARA AJUSTE E FIXACAO NA ALTURA DA CINTURA E NO PESCOCO PRESOS AO AVENTAL ATRAVÉS DE ILHÓS|9.8|210.0|0.0|0.0|0.0||06176619000138|SM SEGURANCA BELO HORIZONTE LTDA
136124664|43894952|1350031|303|02|2024|1|||37|LUVA DE BORRACHA REFORCADA CONO LONGO, TAMANHOS A SEREM DEFINIDOS NA ENTREGA|17.3|900.0|0.0|0.0|0.0||47015464000135|REAL MINAS EPIS E UNIFORME LTDA
136124665|43894915|1350031|303|02|2024|1|||56|MÁSCARA FACIAL MODELO FULL FACE ABSOLUTE É UM RESPIRADOR DE AR DE SEGURANCA TIPO PECA FACIAL INTEIRACONFECCIONADA EM SILICONE NAS CORES AZUL OU EM NEOPRENE NA COR PRETA POSSUI UM VISOR PANORÂMICO DE VIDRO ÂMBAR OU VERDE FIXO NA MÁSCARA POR UM|720.0|40.0|0.0|0.0|0.0||47015464000135|REAL MINAS EPIS E UNIFORME LTDA
136124666|43894928|1350031|303|02|2024|1|||53|MÁSCARA BALACLAVA ANTICHAMA CAPUZ TIPO BALACLAVA PARA PROTECAO DA CABECA E PESCOCO CONTRA RISCOS DE CHAMA E FLASH DE FOGO CONFECCIONADA EM MALHA DE FIBRA DE METAARAMIDA DE 300 GRM2 POSSUI ABAS E ABERTURA PARCIAL QUE PODE SER UTILIZADA COMO TOTAL PARA USO SIMULTÂNEO COM OUTROS EPIS COMO ÓCULOS CONTRA RADIACAO INFRAVERMELHA E ULTRAVIOLETA VESTIMENTAS CONTRA CHAMAS E FAGULHAS QUENTES LUVAS COMBATE A INCÊNDIOS|150.0|100.0|0.0|0.0|0.0||47015464000135|REAL MINAS EPIS E UNIFORME LTDA
136124667|43894919|1350031|303|02|2024|1|||64|PROTETOR AUDITIVO TIPO PLUG TIPO INSERCAO FABRICADO EM SILICONE DE GRAU FARMACÊUTICO NA COR LARANJA COM 3 FALANGES SEMIESFÉRICAS DE DIÂMETRO CRESCENTE NA PARTE SUPERIOR E COM CORDAO EM ALGODAO NA COR LARANJA COM CA|1.23|260.0|0.0|0.0|0.0||06176619000138|SM SEGURANCA BELO HORIZONTE LTDA
136124668|43894896|1350031|303|02|2024|1|||60|ÓCULOS DE SEGURANCA COM LENTES EM POLICARBONATO INCOLOR COM TRATAMENTO ANTIRRISCO ANTIEMBACANTE E CONTRA RADIACOES ULTRAVIOLETAS POSSIBILIDADE DE MONTAGEM DE LENTES GRADUADAS POLIMÉRICAS ARMACAO NAS CORES INCOLOR OU FUMÊ HASTES TIPO ESPÁTULA COM|2.73|150.0|0.0|0.0|0.0||06176619000138|SM SEGURANCA BELO HORIZONTE LTDA
136124669|43894959|1350031|303|02|2024|1|||57|MASCARA DE PROTECAO CONTRA PO,SEM VALVULA CA 14102|0.65|2000.0|0.0|0.0|0.0||06176619000138|SM SEGURANCA BELO HORIZONTE LTDA
136124670|43894930|1350031|303|02|2024|1|||17|CAPA DE CHUVA TRANSPARENTE UNISEX MATERIAL PLASTICOCOMPOSICAO 100% POLIETILENOTAMANHO ÚNICO VESTE PESSOAS COM MANEQUIM 34 AO 52 POSSUI 153 DE ALTURA 76 CM DE LARGURA E 65CM DE COMPRIMENTO DE MANGA|17.83|135.0|0.0|0.0|0.0||06176619000138|SM SEGURANCA BELO HORIZONTE LTDA
136124671|43894913|1350031|303|02|2024|1|||49|MACACAO DO SAMU COMPOSICAO DA FIBRA TECIDO TIPO RIPSTOP COMPOSTO POR 67% FIBRA DE POLIÉSTER E 33% DE FIBRA DE ALGODAO COM TINGIMENTO EM CORES FIRMES RESISTENTES AO USO E LAVAGENS NA COR AZUL MARINHO N°194010 CONFORME A ESCALA DE CORES PANTONE P|540.0|30.0|0.0|0.0|0.0||47015464000135|REAL MINAS EPIS E UNIFORME LTDA
136124672|43894923|1350031|303|02|2024|1|||76|TELA DE PROTECAO NYLON 3 METROS DE ALTURA X 50 METROS DE COMPRIMENTO|180.0|500.0|0.0|0.0|0.0||47015464000135|REAL MINAS EPIS E UNIFORME LTDA
136124673|43894916|1350031|303|02|2024|1|||58|MOCHILA COSTAL EM LONA FORMATO RETANGULAR COM DIVISÓRIAS INTERNAS BOLSO EXTERNO FECHAMENTO TIPO ENVELOPE|105.0|102.0|0.0|0.0|0.0||47015464000135|REAL MINAS EPIS E UNIFORME LTDA
136124675|43894906|1350031|303|02|2024|1|||18|CAPA PARA CHUVA DE PVC REFORCADA COM MANGA CAPUZ COSTURA ELETRÔNICA DE BOTOES DE PLÁSTICO DE PRESSAO RECOBERTO ELÁSTICO EMBUTIDO NO PUNHO IMPERMEÁVEL FORRADA OU FORRO EM TREVIRA NA COR LARANJA COMPRIMENTO ABAIXO DOS JOELHOS COM FAIXA REFLETI|58.3|945.0|0.0|0.0|0.0||47015464000135|REAL MINAS EPIS E UNIFORME LTDA
136124676|43894956|1350031|303|02|2024|1|||52|MANGUITO|15.5|24.0|0.0|0.0|0.0||06176619000138|SM SEGURANCA BELO HORIZONTE LTDA
136124677|43894892|1350031|303|02|2024|1|||77|TOUCA TURBANTE BRANCA EM TNT PARA PROTECAO DE CABELO COM ELÁSTICO DESCARTÁVEL Nº 20 PACOTE CONTENDO 100 UNIDADES CA IMPRESSO|8.7|300.0|0.0|0.0|0.0||06176619000138|SM SEGURANCA BELO HORIZONTE LTDA
136124678|43894957|1350031|303|02|2024|1|||7|CA 40632DESCRICAOBOTA DE SEGURANCA CONSTITUIDA EM COURO HIDROFUGADO ANTICHAMAS, A BOTINA FORTALEZA SBP SRC E UM OTIMO CALCADO PARA QUEM DESEJA RESISTENCIA AO CALOR, ESTRUTURA COM MATERIAIS DE ALTA RESISTENCIA COM FORRACAO INTERNA COM MATERIAL POLIESTER E POLIAMIDA, TEM PROTECAO TERMICA, IMPERMEAVEL ,QUE PROPORCIONA MAIOR SEGURANCA CONTRA AGENTES LIQUIDOS CONTAMINANTES A BOTA FORTALEZA SBP SRC E CONFORTAVEL, DURAVEL E ATENDE AS NORMAS DE SEGURANCA DO TRABALHO ESPECIFICACAO TECNICAAIR FLOW100% INTEGRALFORMATO ANATOMICOSISTEMA DE SAQUE RAPIDOBIQUEIRA METAL FREEBENEFICIOSMAIOR FLUXO DE ARFORRACAO COM SISTEMA DE MEIAMACIO E CONFORTAVELPALMILHA DE POLIURETANO INJETADO COM VISCO EL|1080.0|90.0|0.0|0.0|0.0||46687136000112|COMERCIAL J & C COMEX LTDA
136124679|43894911|1350031|303|02|2024|1|||44|LUVA DE RASPA CANO CURTO COM COSTURAS REFORCADAS MEDINDO DE 15 A 20 CM CA IMPRESSO|10.2|560.0|0.0|0.0|0.0||06176619000138|SM SEGURANCA BELO HORIZONTE LTDA
136124680|43894936|1350031|303|02|2024|1|||39|LUVA DE LATEX NATURAL E NEOPRENE FLOCADA ANTIDESLIZANTE COMPOSTA DE BORRACHA DE LATEX NATURAL COM REVESTIMENTO INTERNO REFORCADA COM SUPERFÍCIE EXTERNA ANTIDERRAPANTE TANTO NA PALMA DA MAO QUANTO NA PONTA DOS DEDOS CANO LONGO CA IMPRESSOTAMANHOS A DEFINIR NA ENTREGA|5.88|1315.0|0.0|0.0|0.0||06176619000138|SM SEGURANCA BELO HORIZONTE LTDA
136124681|43894887|1350031|303|02|2024|1|||10|BOTA DE SEGURANCA CONFECCIONADA EM PVC CANO CURTO 285CM DE ALTURA BRANCA NUMERACAO A SER DEFINIDA NA ENTREGA CA IMPRESSO NO CABEDAL|35.5|60.0|0.0|0.0|0.0||06176619000138|SM SEGURANCA BELO HORIZONTE LTDA
136124682|43894898|1350031|303|02|2024|1|||54|MÁSCARA DE SOLDA ESCURECIMENTO AUTOMÁTICO|110.0|10.0|0.0|0.0|0.0||06176619000138|SM SEGURANCA BELO HORIZONTE LTDA
136124683|43894902|1350031|303|02|2024|1|||38|LUVA DE LÁTEX MULTIUSO ELABORADA COM LÁTEX DA MAIS ALTA QUALIDADE MAIOR DURABILIDADE FORRADA COM A PALMA DA MAO ANTIDERRAPANTE TAMANHOS A SEREM DEFINIDOS NA ENTREGA IDEAL PARA SERVICOS DOMÉSTICOS E LIMPEZA PESADA|2.29|366.0|0.0|0.0|0.0||06176619000138|SM SEGURANCA BELO HORIZONTE LTDA
136124684|43894935|1350031|303|02|2024|1|||75|TAPETE SANITIZANTE HIGIENIZADOR PARA OS PÉS ALIADO NO COMBATE À VIRUS E BACTÉRIAS FABRICADO EM MATERIAL IMPERMEAVEL ALTURA 40 CM E LARGURA 60 CM|64.3|20.0|0.0|0.0|0.0||06176619000138|SM SEGURANCA BELO HORIZONTE LTDA
136124685|43894884|1350031|303|02|2024|1|||5|BLOQUEADOR SOLAR UVAUVB FPS 40 PRODUTO NAO OLEOSO PROPORCIONANDO MAIOR CONFORTO NA SUA UTILIZACAO PARA USO EM PESSOAS COM FOTOTIPO 2 3 4 E 5 PELE BRANCA A NEGRA PERSISTINDO SOBRE A PELE POR PELO MENOS 25 HORAS FRASCO CONTENDO 200 ML|25.35|30.0|0.0|0.0|0.0||46687136000112|COMERCIAL J & C COMEX LTDA
136124686|43894933|1350031|303|02|2024|1|||21|CINTA PARA ELEVACAO DE CARGA 4M 3 TINDICADA PARA ELEVACAO E MOVIMENTACAO DE CARGAS NUNCA UTILIZAR PARA TRANSPORTE E ELEVACAO DE PESSOAS OU ANIMAIS CARGA DE TRABALHO DA CINTA EM ELEVACAO VERTICALDIRETA 30 T CARGA DE TRABALHO DA CINTA EM ELEVACAO FORCALACO 24 T CARGA DE TRABALHO DA CINTA EM ELEVACAO CESTOPARALELA 60 T CARGA DE TRABALHO DA CINTA EM ELEVACAO CESTOANGULAR ATÉ 45º 42 T COMPRIMENTO TOTAL DA CINTA ELEVACAO DE CARGA 40 M FATOR DE SEGURANCA DA CINTA DE ELEVACAO DE CARGA 71 LARGURA DA CINTA 900 MM MATERIAL DA CINTA POLIÉSTER NORMA DE REFERÊNCIA DA CINTA ABNT NBR 156371|365.0|10.0|0.0|0.0|0.0||47015464000135|REAL MINAS EPIS E UNIFORME LTDA
136124687|43894901|1350031|303|02|2024|1|||68|PROTETOR SOLAR UV FPS 60 COM REPELENTE DE INSETOS PROTEGE A PELE DOS EFEITOS NOCIVOS DAS RADIACOES UVA E UVB E REPELE A ACAO DE MOSQUITOS COMO O AEDES AEGYPTI AGENTE TRANSMISSOR DA DENGUE O ATIVO COM ACAO REPELENTE É INODORO A FÓRMULA PROPORCIO|20.85|1020.0|0.0|0.0|0.0||47015464000135|REAL MINAS EPIS E UNIFORME LTDA
136124688|43894905|1350031|303|02|2024|1|||16|CAPA DE CHUVA PARA SAMU BLUSA IMPERMEÁVEL CONFECCIONADA EM NYLON EMBORRACHADO NA COR LARANJA COM FORRACAO INTERNA EM TELA DE POLIÉSTER MACIO COM MANGAS COMPRIDAS TENDO ELÁSTICO E VELCRO NAS EXTREMIDADES PARA AJUSTE AO PUNHO E IMPEDIR A ENTRADA DE|380.0|30.0|0.0|0.0|0.0||47015464000135|REAL MINAS EPIS E UNIFORME LTDA
136124689|43894951|1350031|303|02|2024|1|||35|KIT CINTO 5 PONTOS COM ACESSORIOS TRABLAHO A ALTURA, COM 01 CINTO PARAQUEDISTA ABDOMINAL 5 PONTOS 01 TALABARTE DUPLO COM ABS 01 TRAVA QUEDAS 02 FITAS DE ANCORAGEM 120 CM 01 TALABARTE DE POSICIONAMENTO EM CORDA COM REGULADOR ACO INOX 01 ROLO DE CORDA DE 50 METROS|1325.8|2.0|0.0|0.0|0.0||46687136000112|COMERCIAL J & C COMEX LTDA
136124690|43894946|1350031|303|02|2024|1|||6|BONE TOUCA ARABE BRIM CINZA BONE DE SEGURANCA CONFECCIONADO EM TECIDO BRIM100% ALGODAO,FECHAMENTO ATRAVE DE TIRAS AUTO COLANTES PARA FECHAMENTO FRONTAL E SAIA TIPO ARABE ATE OS OMBROS APROVADO PARA PROTECAO DO CRANIO E PESCOCO DO USUARIO CONTRA AGENTES ABRASIVOS E ESCORIANTES CA 44963|18.0|250.0|0.0|0.0|0.0||47015464000135|REAL MINAS EPIS E UNIFORME LTDA
136124694|43894886|1350031|303|02|2024|1|||27|COLETE DE PROTECAO DE ALTA VISIBILIDADE TANTO NO USO NOTURNO QUANTO DIURNO 100 % POLIÉSTER RETROREFLETIVO MATERIAL FLUORESCENTE REPELENTE A ÁGUA FECHAMENTO FRONTAL COM ZÍPER COM FAIXAS REFLETIVAS EM X NAS COSTAS E DUPLO H NA PARTE FRONTAL COR L|23.84|10.0|0.0|0.0|0.0||06176619000138|SM SEGURANCA BELO HORIZONTE LTDA
136124691|43894929|1350031|303|02|2024|1|||26|CINTO TIPO PARAQUEDISTA COM 3 TRÊS PONTOS DE ANCORAGEM CONFECCIONADO EM FITAS DE MATERIAL POLIÉSTER ACOLCHOADO NA CINTURA POSSUI 3 ARGOLAS EM D SENDO DUAS LOCALIZADAS NA LATERAL DO CINTURAO PARA POSICIONAMENTO E UMA DORSAL COMO PONTO DE ANCORAGEM E PROTECAO CONTRA QUEDAS CONTÉM 5 FIVELAS DE NEGATE RAPIDO SENDO DUAS PARA AJUSTE DAS PERNAS DUAS PARA AJUSTE DA PARTE SUPERIOR DO CINTO E UMA PARA CONEXAO E AJUSTE DE CINTURA POSSUI DUAS ALCAS FRONTAIS NA ALTURA DO PEITO PARA PONTO DE ANCORAGEM CONTRA QUEDAS|226.8|10.0|0.0|0.0|0.0||46687136000112|COMERCIAL J & C COMEX LTDA
136124692|43894904|1350031|303|02|2024|1|||8|BOTA DE BORRACHA EM PVC CANO LONGO BRANCA MEDINDO APROXIMADAMENTE 35 CM NUMERACAO A SER DETERMINADA NA ENTREGA CA IMPRESSO|53.0|125.0|0.0|0.0|0.0||46687136000112|COMERCIAL J & C COMEX LTDA
136124693|43894942|1350031|303|02|2024|1|||48|MACACAO DE SEGURANCA CONFECCIONADO EM TECIDO NAO TECIDOTNT DE POLIPROPILENO COM FILME DE POLIETILENO MICRO POROSO CAPUZ EM DUAS PECAS COM ELASTICO FECHAMENTO FRONTAL COM ZÍPER BIDIRECIONAL SEM ABA PROTETORA ELASTICO NA CINTURA PUNHOS E TORNOZELOS|21.0|250.0|0.0|0.0|0.0||46687136000112|COMERCIAL J & C COMEX LTDA
136124695|43894953|1350031|303|02|2024|1|||41|LUVA DE MALHA COM BANHO LATEX, TAMANHOS A SEREM DEFINIFOS NA ENTREGA|7.0|600.0|0.0|0.0|0.0||46687136000112|COMERCIAL J & C COMEX LTDA
136124696|43894949|1350031|303|02|2024|1|||24|CINTO PARAQUEDISTA ABDOMINAL COM CONECCAO VENTRAL COMPLETO COM TALABARTE DUPLO Y ABS CA 38065|300.08|10.0|0.0|0.0|0.0||06176619000138|SM SEGURANCA BELO HORIZONTE LTDA
136124697|43894941|1350031|303|02|2024|1|||42|LUVA DE PANO CANO CURTOPUNHO COM ELASTICOCOSTURA REFORCADA|1.87|100.0|0.0|0.0|0.0||06176619000138|SM SEGURANCA BELO HORIZONTE LTDA
136124698|43894918|1350031|303|02|2024|1|||65|PROTETOR AUDITIVO TIPO CONCHA NAO CONDUTOR DE ELETRICIDADE HASTES REGULÁVEIS CA IMPRESSO|11.6|352.0|0.0|0.0|0.0||06176619000138|SM SEGURANCA BELO HORIZONTE LTDA
136124699|43894926|1350031|303|02|2024|1|||40|LUVA DE LÁTEX NAO ESTÉRIL BRANCA CAIXA CONTENDO 100 PARES TAMANHOS A SEREM DEFINIDOS NA ENTREGA|17.8|23.0|0.0|0.0|0.0||47015464000135|REAL MINAS EPIS E UNIFORME LTDA
136124700|43894920|1350031|303|02|2024|1|||69|RESPIRADOR CONTRA POEIRAS SÓLIDAS E NÉVOAS DESCARTÁVEL CA IMPRESSO|0.64|2200.0|0.0|0.0|0.0||06176619000138|SM SEGURANCA BELO HORIZONTE LTDA
136124701|43894924|1350031|303|02|2024|1|||72|SANDÁLIA OCUPACIONAL CONFECCIONADA EM EVA A ALTURA DO SALTO É ADEQUADA PROPORCIONA CONFORTO COLOCANDO SEU CORPO EM EQUILÍBRIO E ALINHAMENTO NATURAL FAZENDO COM QUE O PESO DO CORPO SEJA DISTRIBUÍDO POR IGUAL ENTRE AS PARTES TRASEIRAS E DIANTEIRAS|72.34|30.0|0.0|0.0|0.0||06176619000138|SM SEGURANCA BELO HORIZONTE LTDA
136124702|43894925|1350031|303|02|2024|1|||63|PERNEIRA DE SEGURANCA CONFECCIONADA EM DUAS CAMADAS DE LAMINADO DE PVC TRÊS TALAS DE POLIPROPILENO NA PARTE FRONTAL FECHAMENTO NAS BORDAS POR MEIO DE VIÉS EM MATERIAL SINTÉTICO FECHAMENTO EM VELCRO CA IMPRESSO|21.46|130.0|0.0|0.0|0.0||06176619000138|SM SEGURANCA BELO HORIZONTE LTDA
136124703|43894885|1350031|303|02|2024|1|||13|CALCADO DE SEGURANCA EM COURO CANO CURTO ACOLCHOADO COM CADARCO|52.5|210.0|0.0|0.0|0.0||47015464000135|REAL MINAS EPIS E UNIFORME LTDA
136124704|43894917|1350031|303|02|2024|1|||62|ÓCULOS DE SEGURANCA LENTE INCOLOR DE POLICARBONATO HASTE REGULÁVEL PROTECAO LATERAL CONTRA IMPACTOS DE PARTÍCULAS VOLANTES MULTIDIRECIONAL MODELO RJ CA IMPRESSO|2.45|420.0|0.0|0.0|0.0||06176619000138|SM SEGURANCA BELO HORIZONTE LTDA
136124705|43894907|1350031|303|02|2024|1|||32|FILTRO PARA RESPIRADOR PURIFICADOR DE SEGURANCA DE AR PECA FACIAL 12 ARANHA COM 4 PONTOS DE FIXACAO DUAS VÁLVULAS DE EXALACAO QUEIXEIRA INTERNA COM FILTRO QUÍMICO E MECÂNICO COM CA IMPRESSO|25.0|60.0|0.0|0.0|0.0||47015464000135|REAL MINAS EPIS E UNIFORME LTDA
136124706|43894947|1350031|303|02|2024|1|||15|CANELEIRA RASPA DE COURO PARA USO COM ROCADEIRA CA 44234|27.7|400.0|0.0|0.0|0.0||46687136000112|COMERCIAL J & C COMEX LTDA
136124707|43894900|1350031|303|02|2024|1|||66|PROTETOR FACIAL COM LENTE INCOLOR DE POLICARBONATO REGULÁVEL NA ALTURA E NO DIÂMETRO CONTRA O IMPACTO DE PARTÍCULAS CA IMPRESSO|15.0|210.0|0.0|0.0|0.0||47015464000135|REAL MINAS EPIS E UNIFORME LTDA
136124708|43894899|1350031|303|02|2024|1|||28|COLETE REFLEXIVO TIPO X NA COR LARANJA MATERIAL DE RESISTÊNCIA COMPROVADA|10.9|10.0|0.0|0.0|0.0||06176619000138|SM SEGURANCA BELO HORIZONTE LTDA
136124709|43894908|1350031|303|02|2024|1|||33|FILTRO QUÍMICO COMBINADO PARA MÁSCARA FACIAL MODELO FULL FACE ABSOLUTE TÊM COMO ELEMENTO FILTRANTE O CARVAO ATIVO QUE PODEM SER DO TIPO A B K AB OU ABEK DEPENDENDO DO TIPO DE CONTAMINANTE OS FILTROS MECÂNICOS TÊM COMO ELEMENTO FILTRANTE UM NA|45.0|60.0|0.0|0.0|0.0||47015464000135|REAL MINAS EPIS E UNIFORME LTDA
136124710|43894889|1350031|303|02|2024|1|||12|BOTINA NOBUCK DE SEGURANCA COM FECHAMENTO EM CADARCO CANO ACOLCHOADO CABEDAL CONFECCIONADO EM COURO CURTIDO AO CROMO SOLADO BI DENSIDADE INJETADO AO CABEDAL COR MARRON|96.9|390.0|0.0|0.0|0.0||47015464000135|REAL MINAS EPIS E UNIFORME LTDA
136124711|43894944|1350031|303|02|2024|1|||11|BOTINA DE COURO COM VAQUETA CURTIDA SOLADO EM POLIURETANO PU ANTIDERRAPANTE BIDENSIDADE COM ELASTICO NA LATERAL CANO ACOLCHOADO PRETA CA IMPRESSO|51.1|430.0|0.0|0.0|0.0||47015464000135|REAL MINAS EPIS E UNIFORME LTDA
136124712|43894943|1350031|303|02|2024|1|||31|FILTRO DE RESPIRADOR DE VAPOR ORGÂNICO 100¿% PVCUTILIZADO PARA DESENGORDURAMENTO FORJAS FUNDICOES OPERACOES DE TRATAMENTO A CALORFABRICACAO DE PAPELFUSAOMANUFATURA EM BORRACHAMANUFATURA E USO DE ADESIVOSLIMPEZA A SECOMANUFATURA E APLICACAO DE PESTICIDASTRATAMENTO DE MADEIRA E DE PRODUTOS DE MADEIRAMANUFATURA E USO DE TINTA PARA ESCRITAIMPRESSAOIMPRESSAOMANUFATURA DE PREPARADOS COSMÉTICOSPERFUMES E PRODUTOS FARMACÊUTICOSALVEJAMENTO DE FARINHAAGRICULTURASETOR DE TABACOMINERACAOTRANSPORTES EM CAMINHOESMANUFATURA DE TELHAS E PRODUTOS DE ASFALTOUSINAS PETROQUÍMICAS|100.0|40.0|0.0|0.0|0.0||47015464000135|REAL MINAS EPIS E UNIFORME LTDA
136124713|43894891|1350031|303|02|2024|1|||73|SAPATO DE SEGURANCA CONFECCIONADO EM VAQUETA NAPA DE ALTA QUALIDADE COM CURTIMENTO ATRAVESSADO 18 MM LINHAS DE ESPESSURA HIDROFUGADO FORRO EM TECIDO ANTIMICROBIANO COM ALTA RESPIRABILIDADE FORRO DA GÁSPEA EM POLIÉSTER ABSORVENTE COM ALTA CONF|110.0|130.0|0.0|0.0|0.0||47015464000135|REAL MINAS EPIS E UNIFORME LTDA
136124714|43894912|1350031|303|02|2024|1|||47|LUVA EM PVC FORRADA COM PUNHO DE 36 CM IDEAL PARA LAVAGEM DE PECAS EM CORROSIVOS MANUSEIO DE ÁCIDOS ÓLEOS GRAXAS GORDURAS SERVICOS GERAIS DE GALVANOPLASTIA LAVAGEM DE PECAS EM DECAPANTES LUBRIFICACAO DE PECAS INSPECAO EM TANQUES DE LAVAGEM D|13.3|100.0|0.0|0.0|0.0||06176619000138|SM SEGURANCA BELO HORIZONTE LTDA
136124715|43894954|1350031|303|02|2024|1|||50|MACACAO PARA SANEAMENTO COM BOTAS E LUVAS ACOPLADAS MOD522 AMC REFCA 27537 TAMANHOS A SEREM DEFINIDOS NA ENTREGA|227.65|550.0|0.0|0.0|0.0||06176619000138|SM SEGURANCA BELO HORIZONTE LTDA
136124719|43894922|1350031|303|02|2024|1|||20|CAPACETE DE SEGURANCA COM KIT PROTETOR AUDITIVO ABAFADOR DE 16 DB E PROTETOR FACIAL EM TELA|112.0|10.0|0.0|0.0|0.0||46687136000112|COMERCIAL J & C COMEX LTDA
136124716|43894909|1350031|303|02|2024|1|||34|FITA ZEBRADA EM MATERIAL PLÁSTICO COLORIDO EM POLIESTIRENO COM LISTAS AMARELAS E PRETAS INTERCALADAS UTILIZADAS INTERNA E EXTERNAMENTE NA SINALIZACAO INTERDICAO OU DEMARCACAO GERAL LEVES E RESISTENTES DOBRÁVEIS E DE FÁCIL INSTALACAO ROLOS MED|12.6|650.0|0.0|0.0|0.0||46687136000112|COMERCIAL J & C COMEX LTDA
136124717|43894937|1350031|303|02|2024|1|||61|ÓCULOS DE SEGURANCA LENTE CRISTALÓCULOS DE SEGURANCA CONSTITUÍDO DE ARMACAO CONVENCIONAL DE PLASTICO PRETO OU CINZA TRANSPARENTE HASTES TIPO ESPATULA COM OU SEM FILETES METALICOS INTERNOS CONFECCIONADAS DO MESMO MATERIAL DA ARMACAO OU MEIAS HASTES COM ELASTICO PROTETORES LATERAIS MULTIPERFURADOS DE MATERIAL P¿LASTICO INCOLOR OU PRETO OU TELA DE ACO E LENTES DE VIDRO OFTALMICO INCOLOR AS HASTES SAO ARTICULDADAS NOS AROS ATRAVÉS DE PARAFUSOS METALICOSE OS PROTETORES LATERAIS SAO ARTICULADOS NOS AROS ATRAVÉS DE REBITES METALICOS OS ÓCULOS SAO INDICADOS PARA PROTECAO DOS OLHOS CONTRA IMPACTOS DE PARTÍCULAS MULTIDIRECIONAIS E LUMINOSIDADE INTENSA NO CASO DE MODELO COM LENTES VERDES|90.0|50.0|0.0|0.0|0.0||47015464000135|REAL MINAS EPIS E UNIFORME LTDA
136124718|43894945|1350031|303|02|2024|1|||4|AVENTAL DE SEGURANCA,CONFECCIONADO EM RASPA DE COURO, COM TIRAS E FIVELAS PARA AJUSTE, COM MANGA SOLDADOR TIPO BARBEIRO 120 X 0,60 PARA PROTECAO FRONTAL DO USUARIO CONTRA AGENTES ABRASIVOS E ESCORIAS E SERVICOS DE SOLDA EM GERAL CA IMPRESSO|74.1|62.0|0.0|0.0|0.0||06176619000138|SM SEGURANCA BELO HORIZONTE LTDA
136124720|43894948|1350031|303|02|2024|1|||19|CAPACETE DE SGURANCA PARA BOMBEIROS COM PREVENCAO DE FOLHAS EM ALUMINIO, ELE PODE PROTEGER SEU ROSTO, QUEIXO,ORELHAS E PESCOCO EM SITUACOES PERIGOSAS, ALTA RESISTENCIA, ANTICHOQUE, ANTIPERFURACAO,RETARDADOR DE CHAMAS,RESISTENTE AO CALOR, IMPACTOS,ANTIEMBACANTE,ANTIUVO REVESTIMENTO DO CAPACETE E FEITO DE PLASTICO ABS REFORCADO,MATERIAL COMPOSTO DE FOLHA DE ALUMINIO POSSUINDO UM BOTAO NA PARTE DE TRAS DO CAPACETE QUE PODE SER AJUSTADO DE ACORDO COM O TAMANHO DA CABECA ESPECIFICACAO COR AMARELO MATERIAL DA CASCA>PLASTICO ABS REFORCADO|1278.2|30.0|0.0|0.0|0.0||46687136000112|COMERCIAL J & C COMEX LTDA
136124721|43894931|1350031|303|02|2024|1|||74|SPRAY REPELENTE DE INSETOS PROPORCIONA ATÉ 4 HORAS DE PROTECAO CONTRA OS MOSQUITOS CULEX QUINQUEFASCIATUS PERNILONGO DOMÉSTICO AEDES AEGYPTI DENGUE FEBRE AMARELA CHIKUNGUNYA ZIKA E ANOPHELES SP MALARIA ALÉM DE EVITAR O RESSECAMENTO DA PELE LONGA DURACAO E RAPIDA ABSORCAO SUA FORMULACAO COM EXTRATOS DE CAMOMILA E ALOE VERA ESPALHA COM FACILIDADE E NAO DEIXA ASPECTO OLEOSO FRAGÂNCIA SUAVE DERMATOLOGICAMENTE TESTADO OIL FREE BIODEGRADAVEL USO DIARIO|7.49|570.0|0.0|0.0|0.0||06176619000138|SM SEGURANCA BELO HORIZONTE LTDA
136124722|43894893|1350031|303|02|2024|1|||70|RESPIRADOR PARA VAPORES ORGÂNICOS RESPIRADOR PURIFICADOR DE AR TIPO PECA SEMIFACIAL FILTRANTE PARA PARTÍCULAS NO FORMATO TIPO CONCHA APRESENTANDO FACE EXTERNA NA COR CINZA E INTERNA BRANCA COM SOLDA TÉRMICA EM TODO SEU PERÍMETRO CARACTERÍSTICAS|70.0|500.0|0.0|0.0|0.0||47015464000135|REAL MINAS EPIS E UNIFORME LTDA
136124723|43894934|1350031|303|02|2024|1|||22|CINTA PLANA PARA ELEVACAO DE CARGA ATÉ 6 TONELADAS 6 METROS DESCRICAO 1 CINTA PARA ELEVACAO DE CARGAS INDICADA PARA ELEVACAO E MOVIMENTACAO DE CARGAS NUNCA UTILIZAR PARA TRANSPORTE E ELEVACAO DE PESSOAS OU ANIMAIS POSSUI EXCELENTE RESISTÊNCIA FLEXIBILIDADE E FACILIDADE NO MANUSEIO REDUZINDO O ESFORCO DURANTE A OPERACAO ALÉM DE OFERECER MENOR RISCO OU DANOS NA MOVIMENTACAO DE CARGAS ESPECIFICACOES CARGA DE TRABALHO DA CINTA EM ELEVACAO VERTICALDIRETA 60 T CARGA DE TRABALHO DA CINTA EM ELEVACAO FORCALACO 48 T CARGA DE TRABALHO DA CINTA EM ELEVACAO CESTOPARALELA 120 T CARGA DE TRABALHO DA|580.0|10.0|0.0|0.0|0.0||47015464000135|REAL MINAS EPIS E UNIFORME LTDA
136124724|43894890|1350031|303|02|2024|1|||30|CONJUNTO DE SEGURANCA CONFECCIONADO EM TECIDO MISTO 50¿% ALGODAO E 50% POLIÉSTER COMTRATAMENTO HIDRORREPELENTE COMPOSTO DE CAMISA E CALCA CAMISA MANGA LONGA MODELO FECHADO PIERRE FRONTAL COM FECHAMENTO EM VELCRO GOLA CARECA MANGA RAGLA BORDA|110.0|250.0|0.0|0.0|0.0||47015464000135|REAL MINAS EPIS E UNIFORME LTDA
136124725|43894910|1350031|303|02|2024|1|||43|LUVA DE RASPA CANO CURTO COM COSTURAS REFORCADAS MEDINDO 7 CM CA IMPRESSO|9.75|1135.0|0.0|0.0|0.0||06176619000138|SM SEGURANCA BELO HORIZONTE LTDA
136124726|43894895|1350031|303|02|2024|1|||29|CONE DE SINALIZACAO FLEXÍVEL DE BORRACHA NA COR LARANJA E BRANCO RESISTENTE A INTEMPÉRIES ALTURA DE 75 CM REFLETIVO|77.0|70.0|0.0|0.0|0.0||47015464000135|REAL MINAS EPIS E UNIFORME LTDA
136124727|43894927|1350031|303|02|2024|1|||59|ÓCULOS DE SEGURANCA AMPLA VISAO COM LENTES DE PROTECAO EM POLICARBONATO 24MM DE ESPESSURA COM TRATAMENTO ANTIRISCO ANTIEMBACANTE E UV VENTILACAO INDIRETA ARMACAO EM SILICONE E ELÁSTICO DE MEMÓRIA AJUSTÁVEL|45.0|350.0|0.0|0.0|0.0||47015464000135|REAL MINAS EPIS E UNIFORME LTDA
136124728|43894894|1350031|303|02|2024|1|||71|RESPIRADOR PURIFICADOR DE AR DE SEGURANCA TIPO FACIAL 14 CA IMPRESSO|38.0|25.0|0.0|0.0|0.0||47015464000135|REAL MINAS EPIS E UNIFORME LTDA
136124729|43894938|1350031|303|02|2024|1|||1|AVENTAL ANTICHAMAS AVENTAL TÉRMICO PARA PROTECAO CONTRA ALTAS TEMPERATURAS E CHAMAS PARA TRABALHO EM COZINHA INDUSTRIAL SENDO DE FACIL HIGIENIZACAO E CONFORTAVEL LARGURA MEDIDAS 120 X 070 M COM DEBRUM EM TODA A VOLTA E AJUSTE PARA O PESCOCO|123.62|30.0|0.0|0.0|0.0||06176619000138|SM SEGURANCA BELO HORIZONTE LTDA
136124730|43894903|1350031|303|02|2024|1|||67|PROTETOR SOLAR UV FPS 60 AGE CONTRA A ACAO NOCIVA DOS RAIOS ULTRAVIOLETAS DOS TIPOS UVA E UVB EMITIDOS PELAS RADIACOES SOLARES PELAS RADIACOES PROVENIENTES DE TRABALHOS COM SOLDAS ELÉTRICAS E DE OUTRAS MÁQUINAS E EQUIPAMENTOS QUE EMITAM ESTAS RADIAC|14.9|550.0|0.0|0.0|0.0||06176619000138|SM SEGURANCA BELO HORIZONTE LTDA
136124731|43894940|1350031|303|02|2024|1|||3|AVENTAL DE SEGURANCA CONFECCIONADO EM RASPA DE COURO COM TIRAS E FIVELAS PARA AJUSTE SEM MANGA PARA PROTECAO FRONTAL DO USUARIO CONTRA AGENTES ABRASIVOS E ESCORIANTES E SERVICOS DE SOLDA EM GERAL CA IMPRESSO|33.75|150.0|0.0|0.0|0.0||06176619000138|SM SEGURANCA BELO HORIZONTE LTDA
136124732|43894939|1350031|303|02|2024|1|||46|LUVA DE VAQUETA LUVA DE PROTECAOSEGURANCA COM CINCO DEDOS CONFECCIONADA EM VAQUETA COM REFORCO INTERNO NA PALMA PRESENCA DE ELASTICO NO PUNHO PARA AJUSTE INDICADA PARA PROTECAO DAS MAOS EM SERVICOS GERAIS COMO MANUSEIO DE AGENTES ABRASIVOS DENTRE OUTROS|20.0|4200.0|0.0|0.0|0.0||47015464000135|REAL MINAS EPIS E UNIFORME LTDA
136124736|43894932|1350031|303|02|2024|1|||23|CINTO PARA ROCADEIRAMATERIAL DO CINTO NYLON FACILITA OS TRABALHOS DE LONGA DURACAO POIS OFERECE MAIOR LIBERDADE DE LOCOMOCAO DURANTE O USO DA MAQUINA POSSUI SISTEMA DE AJUSTE QUE PERMITE A REGULAGEM DA ROCADEIRA GARANTINDO MAIOR ERGONOMIA E CONFORTO DURANTE O TRABALHO INDEPENDENTE DA ALTURA DO OPERADOR|44.8|55.0|0.0|0.0|0.0||46687136000112|COMERCIAL J & C COMEX LTDA
136124733|43894955|1350031|303|02|2024|1|||51|MACACAO RF NR10 OFFSHORE PADRAO PETROBRAS RISCO 1 E 2 C FAIXA REFLETIVA CINZA RETARDANTE A CHAMA ANTICHAMA CONTRA ARCO ELETRICO E FOGO REPENTINO FLASH FIRE DETALHES TECNICOS APROVACOES E NORMAS CERTIFICADO DE ANALISE CONCEDIDO PELO MTE MINISTERIO DO TRABALHO NR 6 NR10 CA 38585 ASTM F1930 ASTM F2621 ASTM D6413 ASTM F1959 ASTM F1506 NFPA 70E NFPA 2112 MACACAO CA 38585 TECIDO FR 100% ALGODAO 8OZ 290 GM² RETARDANTE A CHAMAS ATPV 10,7 CALCM2 INDICADO PARA QUALQUER TRABALHO OFFSHORE, PLATAFORMAS, INDUSTRIAS QUIMICAS, SERVICOS COM EXIGENCIA DE PADRAO PETROBRAS, TRABALHO COM ELETRICIDADE, BEM COMO TRABALHOS EM AMBIENTES COM MATERIAIS INFLAMAVEIS COMO COMBUSTIVEIS E GASES I|518.0|50.0|0.0|0.0|0.0||46687136000112|COMERCIAL J & C COMEX LTDA
136124734|43894888|1350031|303|02|2024|1|||9|BOTA DE BORRACHA EM PVC CANOLONGO PRETA SEM FORRO INTERNO COM SOLADO ANTIDERRAPANTE MEDINDO APROXIMADAMENTE 35CM CA IMPRESSO|48.3|209.0|0.0|0.0|0.0||46687136000112|COMERCIAL J & C COMEX LTDA
136124735|43894950|1350031|303|02|2024|1|||25|CINTO REFLETOR TIPO COLETE REFLETIVO|32.85|200.0|0.0|0.0|0.0||06176619000138|SM SEGURANCA BELO HORIZONTE LTDA
136183248|43923953|1350640|303|02|2024|2|1|LOTE 1|61|CONTRATACAO DE SERVICOS DE INFRAESTRUTURA DE CONEXAO FIBRA OPTICA ICARAI VELOCIDADE50MBPS|108.0|12.0|0.0|0.0|0.0||07121505000153|INETSAFE COMÉRCIO DE EQUIPELETRONICOS LTDA
136183245|43923964|1350640|303|02|2024|2|1|LOTE 1|48|CONTRATACAO DE SERVICOS DE INFRAESTRUTURA DE CONEXAO FIBRA OPTICA POLICLINICAVACINAVELOCIDADE50 MBPS|108.0|12.0|0.0|0.0|0.0||07121505000153|INETSAFE COMÉRCIO DE EQUIPELETRONICOS LTDA
136183246|43923985|1350640|303|02|2024|2|1|LOTE 1|88|CONTRATACAO DE SERVICOS DE INFRAESTRUTURA DE CONEXAO FIBRA OPTICA A DEFINIR LOCAIS2HOSTSPOT LIVREVELOCIDADE50 MBPS|108.0|12.0|0.0|0.0|0.0||07121505000153|INETSAFE COMÉRCIO DE EQUIPELETRONICOS LTDA
136183247|43923972|1350640|303|02|2024|2|1|LOTE 1|63|CONTRATACAO DE SERVICOS DE INFRAESTRUTURA DE CONEXAO FIBRA OPTICA COMUNICACAO VELOCIDADE100 MBPS|125.16|12.0|0.0|0.0|0.0||07121505000153|INETSAFE COMÉRCIO DE EQUIPELETRONICOS LTDA
136183249|43923937|1350640|303|02|2024|2|1|LOTE 1|35|CONTRATACAO DE SERVICOS DE INFRAESTRUTURA DE CONEXAO FIBRA OPTICA FARMACIA MUNICIPAL|108.0|12.0|0.0|0.0|0.0||07121505000153|INETSAFE COMÉRCIO DE EQUIPELETRONICOS LTDA
136183250|43923945|1350640|303|02|2024|2|1|LOTE 1|47|CONTRATACAO DE SERVICOS DE INFRAESTRUTURA DE CONEXAO SATÉLITE UNIDADE DE SAÚDE DIAMANTE MORRO VERMELHO|150.9391|12.0|0.0|0.0|0.0||07121505000153|INETSAFE COMÉRCIO DE EQUIPELETRONICOS LTDA
136183251|43923958|1350640|303|02|2024|2|1|LOTE 1|4|CONTRATACAO DE SERVICOS DE INFRAESTRUTURA DE CONEXAO FIBRA OPTICA CEMAE IV VELOCIDADE 100 MBPS|125.16|12.0|0.0|0.0|0.0||07121505000153|INETSAFE COMÉRCIO DE EQUIPELETRONICOS LTDA
136183252|43923951|1350640|303|02|2024|2|1|LOTE 1|53|CONTRATACAO DE SERVICOS DE INFRAESTRUTURA DE CONEXAO SATELITE UNIDADE DE SAUDE NOVA POLICLINICA JOSE BRANDAOVELOCIDADE100MBPS|125.16|12.0|0.0|0.0|0.0||07121505000153|INETSAFE COMÉRCIO DE EQUIPELETRONICOS LTDA
136183253|43923986|1350640|303|02|2024|2|1|LOTE 1|26|CONTRATACAO DE SERVICOS DE INFRAESTRUTURA DE CONEXAO FIBRA OPTICA SETOR DE ALIMENTACAO TRANSPORTE EDUCACAO VELOCIDADE50 MBPS|108.0|12.0|0.0|0.0|0.0||07121505000153|INETSAFE COMÉRCIO DE EQUIPELETRONICOS LTDA
136183254|43923965|1350640|303|02|2024|2|1|LOTE 1|50|CONTRATACAO DE SERVICOS DE INFRAESTRUTURA DE CONEXAO FIBRA OPTICA SAMUVELOCIDADE50 MBPS|108.0|12.0|0.0|0.0|0.0||07121505000153|INETSAFE COMÉRCIO DE EQUIPELETRONICOS LTDA
136183255|43923995|1350640|303|02|2024|2|1|LOTE 1|65|CONTRATACAO DE SERVICOS DE INFRAESTRUTURA DE CONEXAO FIBRA OPTICA CEMITERIO SAO FRANCISCO DE ASSISVELOCIDADE 50 MBPS|108.0|12.0|0.0|0.0|0.0||07121505000153|INETSAFE COMÉRCIO DE EQUIPELETRONICOS LTDA
136183256|43923924|1350640|303|02|2024|2|1|LOTE 1|17|CONTRATACAO DE SERVICOS DE INFRAESTRUTURA DE CONEXAO FIBRA OPTICA PREDIO DO CINEMA RENOVANDO HORIZONTES|125.16|12.0|0.0|0.0|0.0||07121505000153|INETSAFE COMÉRCIO DE EQUIPELETRONICOS LTDA
136183257|43923925|1350640|303|02|2024|2|1|LOTE 1|27|CONTRATACAO DE SERVICOS DE INFRAESTRUTURA DE CONEXAO FIBRA OPTICA UNIDADE DE SAÚDE AMETISTA|108.0|12.0|0.0|0.0|0.0||07121505000153|INETSAFE COMÉRCIO DE EQUIPELETRONICOS LTDA
136183258|43923942|1350640|303|02|2024|2|1|LOTE 1|45|CONTRATACAO DE SERVICOS DE INFRAESTRUTURA DE CONEXAO SATÉLITE UNIDADE DE SAÚDE DIAMANTE RANCHO NOVO|158.99|12.0|0.0|0.0|0.0||07121505000153|INETSAFE COMÉRCIO DE EQUIPELETRONICOS LTDA
136183262|43923966|1350640|303|02|2024|2|1|LOTE 1|51|CONTRATACAO DE SERVICOS DE INFRAESTRUTURA DE CONEXAO FIBRA OPTICA PONTO RESERVA 1 SAUDEVELOCIDADE50 MBPS|108.0|12.0|0.0|0.0|0.0||07121505000153|INETSAFE COMÉRCIO DE EQUIPELETRONICOS LTDA
136183259|43923939|1350640|303|02|2024|2|1|LOTE 1|41|CONTRATACAO DE SERVICOS DE INFRAESTRUTURA DE CONEXAO FIBRA OPTICA UNIDADE DE SAÚDE CRISTAL ROCAS NOVAS|108.0|12.0|0.0|0.0|0.0||07121505000153|INETSAFE COMÉRCIO DE EQUIPELETRONICOS LTDA
136183260|43923930|1350640|303|02|2024|2|1|LOTE 1|32|CONTRATACAO DE SERVICOS DE INFRAESTRUTURA DE CONEXAO FIBRA OPTICA UNIDADE DE SAÚDE ONIX|108.0|12.0|0.0|0.0|0.0||07121505000153|INETSAFE COMÉRCIO DE EQUIPELETRONICOS LTDA
136183261|43923962|1350640|303|02|2024|2|1|LOTE 1|25|CONTRATACAO DE SERVICOS DE INFRAESTRUTURA DE CONEXAO FIBRA OPTICA PONTO RESERVA 4EDUCACAOVELOCIDADE100 MBPS|125.16|12.0|0.0|0.0|0.0||07121505000153|INETSAFE COMÉRCIO DE EQUIPELETRONICOS LTDA
136183263|43923912|1350640|303|02|2024|2|1|LOTE 1|3|CONTRATACAO DE SERVICOS DE INFRAESTRUTURA DE CONEXAO FIBRA OPTICA EM DR JOAO PINHEIRO|125.16|12.0|0.0|0.0|0.0||07121505000153|INETSAFE COMÉRCIO DE EQUIPELETRONICOS LTDA
136183264|43923957|1350640|303|02|2024|2|1|LOTE 1|92|CONTRATACAO DE SERVICOS DE INFRAESTRUTURA DE CONEXAO FIBRA OPTICA A DEFINIR LOCAIS 2 VELOCIDADE 100 MBPS|125.16|12.0|0.0|0.0|0.0||07121505000153|INETSAFE COMÉRCIO DE EQUIPELETRONICOS LTDA
136183265|43923948|1350640|303|02|2024|2|1|LOTE 1|6|CONTRATACAO DE SERVICOS DE INFRAESTRUTURA DE CONEXAO FIBRA OPTICA CEMAI II|125.16|12.0|0.0|0.0|0.0||07121505000153|INETSAFE COMÉRCIO DE EQUIPELETRONICOS LTDA
136183266|43923940|1350640|303|02|2024|2|1|LOTE 1|40|CONTRATACAO DE SERVICOS DE INFRAESTRUTURA DE CONEXAO SATÉLITE UNIDADE DE SAÚDE CRISTAL POSSES|158.99|12.0|0.0|0.0|0.0||07121505000153|INETSAFE COMÉRCIO DE EQUIPELETRONICOS LTDA
136183267|43923914|1350640|303|02|2024|2|1|LOTE 1|2|CONTRATACAO DE SERVICOS DE INFRAESTRUTURA DE CONEXAO FIBRA OPTICA EM HELIO CERQUEIRA PEIXOTO|125.16|12.0|0.0|0.0|0.0||07121505000153|INETSAFE COMÉRCIO DE EQUIPELETRONICOS LTDA
136183268|43923988|1350640|303|02|2024|2|1|LOTE 1|55|CONTRATACAO DE SERVICOS DE INFRAESTRUTURA DE CONEXAO FIBRA OPTICA PREDIO DO ANEXO ADMINISTRATIVO MUNICIPAL VELOCIDADE 300 MBPS|158.99|12.0|0.0|0.0|0.0||07121505000153|INETSAFE COMÉRCIO DE EQUIPELETRONICOS LTDA
136183269|43923950|1350640|303|02|2024|2|1|LOTE 1|21|CONTRATACAO DE SERVICOS DE INFRAESTRUTURA DE CONEXAO FIBRA OPTICA EM JOSE LOURENCO LAUDATEVELOCIDADE100 MBPS|125.16|12.0|0.0|0.0|0.0||07121505000153|INETSAFE COMÉRCIO DE EQUIPELETRONICOS LTDA
136183270|43923908|1350640|303|02|2024|2|1|LOTE 1|90|SERVICO DE INSTALACAO DE INTERNET VIA SATÉLITE|96.65|10.0|0.0|0.0|0.0||07121505000153|INETSAFE COMÉRCIO DE EQUIPELETRONICOS LTDA
136183271|43923934|1350640|303|02|2024|2|1|LOTE 1|39|CONTRATACAO DE SERVICOS DE INFRAESTRUTURA DE CONEXAO FIBRA OPTICA UNIDADE DE SAÚDE RUBI|108.0|12.0|0.0|0.0|0.0||07121505000153|INETSAFE COMÉRCIO DE EQUIPELETRONICOS LTDA
136183272|43923956|1350640|303|02|2024|2|1|LOTE 1|91|CONTRATACAO DE SERVICOS DE INFRAESTRUTURA DE CONEXAO FIBRA OPTICA A DEFINIR LOCAIS 1 VELOCIDADE100 MBPS|125.16|12.0|0.0|0.0|0.0||07121505000153|INETSAFE COMÉRCIO DE EQUIPELETRONICOS LTDA
136183273|43923970|1350640|303|02|2024|2|1|LOTE 1|60|CONTRATACAO DE SERVICOS DE INFRAESTRUTURA DE CONEXAO FIBRA OPTICA GINASIO POLIESPORTIVO ESPORTE VELOCIDADE 200 MBPS|125.16|12.0|0.0|0.0|0.0||07121505000153|INETSAFE COMÉRCIO DE EQUIPELETRONICOS LTDA
136183274|43923907|1350639|303|02|2024|2|||1|CONTRATACAO DE EMPRESA ESPECIALIZADA EM CONSTRUCAO CIVIL,PARA EXECUCAO DA OBRAS DE CONSTRUCAO DO CEMAE IV, LOCALIZADO NA RUA JOAO MAGDALENO DE BRITO,NÂ°335, NO BAIRRO BELA VISTA, NA CIDADE DE CAETEMG,TOTALIZANDO UMA AREA DE 1514,30,MÂ² A SER CONSTRUIDA, COM FORNECIMENTO DE MATERIAL E MAODEOBRA NECESSARIA PARA EXECUTAR OS SERVICOS, CONFORME TERMO DE COMPROMISSO NÂ°20210474612023PAR, PROINFANCIA TIPO 1,FIRMADO ENTRE O MINISTERIO DA EDUCACAOFNDE X PREFEITURA MUNICIPAL DE CAETE|0.0|0.0|0.0|0.0|4432414.67|SIM|28231621000103|ALVES SOLUCOES INTEGRADAS LTDA
136183275|43923990|1350640|303|02|2024|2|1|LOTE 1|82|CONTRATACAO DE SERVICOS DE INFRAESTRUTURA DE CONEXAO FIBRA OPTICA PRACA DO CENTRO VELOCIDADE300 MBPS|158.99|12.0|0.0|0.0|0.0||07121505000153|INETSAFE COMÉRCIO DE EQUIPELETRONICOS LTDA
136183276|43923911|1350640|303|02|2024|2|1|LOTE 1|15|CONTRATACAO DE SERVICOS DE INFRAESTRUTURA DE CONEXAO FIBRA OPTICA EM COLIBRI DE NESINO ESPECIAL|125.16|12.0|0.0|0.0|0.0||07121505000153|INETSAFE COMÉRCIO DE EQUIPELETRONICOS LTDA
136183277|43923932|1350640|303|02|2024|2|1|LOTE 1|70|CONTRATACAO DE SERVICOS DE INFRAESTRUTURA DE CONEXAO FIBRA OPTICA CENTRO DE REFERENCIA DO IDOSO|125.16|12.0|0.0|0.0|0.0||07121505000153|INETSAFE COMÉRCIO DE EQUIPELETRONICOS LTDA
136183278|43923963|1350640|303|02|2024|2|1|LOTE 1|42|CONTRATACAO DE SERVICOS DE INFRAESTRUTURA DE CONEXAO FIBRA OPTICA CAPS INFANTILVELOCIDADE50 MBPS|108.0|12.0|0.0|0.0|0.0||07121505000153|INETSAFE COMÉRCIO DE EQUIPELETRONICOS LTDA
136183279|43923935|1350640|303|02|2024|2|1|LOTE 1|46|CONTRATACAO DE SERVICOS DE INFRAESTRUTURA DE CONEXAO FIBRA OPTICA UNIDADE DE SAÚDE SAFIRA PENEDIA|108.0|12.0|0.0|0.0|0.0||07121505000153|INETSAFE COMÉRCIO DE EQUIPELETRONICOS LTDA
136183280|43923974|1350640|303|02|2024|2|1|LOTE 1|72|CONTRATACAO DE SERVICOS DE INFRAESTRUTURA DE CONEXAO FIBRA OPTICA SECRETARIA DE ASSISTENCIA SOCIALVELOCIDADE300 MBPS|158.99|12.0|0.0|0.0|0.0||07121505000153|INETSAFE COMÉRCIO DE EQUIPELETRONICOS LTDA
136183281|43923941|1350640|303|02|2024|2|1|LOTE 1|43|CONTRATACAO DE SERVICOS DE INFRAESTRUTURA DE CONEXAO SATÉLITE UNIDADE DE SAÚDE CRISTAL ANTONIO DOS SANTOS|158.99|12.0|0.0|0.0|0.0||07121505000153|INETSAFE COMÉRCIO DE EQUIPELETRONICOS LTDA
136183282|43923987|1350640|303|02|2024|2|1|LOTE 1|49|CONTRATACAO DE SERVICOS DE INFRAESTRUTURA DE CONEXAO FIBRA OPTICA CENTRO DE CONVIVENCIA ESPERANCA|108.0|12.0|0.0|0.0|0.0||07121505000153|INETSAFE COMÉRCIO DE EQUIPELETRONICOS LTDA
136183283|43923936|1350640|303|02|2024|2|1|LOTE 1|34|CONTRATACAO DE SERVICOS DE INFRAESTRUTURA DE CONEXAO FIBRA OPTICA CENTRO DE ESPECIALIDADES MÉDICA E ODONTOLÓGICA|108.0|12.0|0.0|0.0|0.0||07121505000153|INETSAFE COMÉRCIO DE EQUIPELETRONICOS LTDA
136183284|43923919|1350640|303|02|2024|2|1|LOTE 1|59|CONTRATACAO DE SERVICOS DE INFRAESTRUTURA DE CONEXAO FIBRA OPTICA PREFEITURA MUNICIPAL DE CAETÉ|158.99|12.0|0.0|0.0|0.0||07121505000153|INETSAFE COMÉRCIO DE EQUIPELETRONICOS LTDA
136183285|43923984|1350640|303|02|2024|2|1|LOTE 1|87|CONTRATACAO DE SERVICOS DE INFRAESTRUTURA DE CONEXAO FIBRA OPTICA A DEFINIR LOCAIS HOSTSPOT LIVREVELOCIDADE50 MBPS|108.0|12.0|0.0|0.0|0.0||07121505000153|INETSAFE COMÉRCIO DE EQUIPELETRONICOS LTDA
136183286|43923947|1350640|303|02|2024|2|1|LOTE 1|7|CONTRATACAO DE SERVICOS DE INFRAESTRUTURA DE CONEXAO FIBRA OPTICA CEMAI I|125.16|12.0|0.0|0.0|0.0||07121505000153|INETSAFE COMÉRCIO DE EQUIPELETRONICOS LTDA
136183287|43923916|1350640|303|02|2024|2|1|LOTE 1|13|CONTRATACAO DE SERVICOS DE INFRAESTRUTURA DE CONEXAO FIBRA OPTICA EM JOSÉ HERCULANO|125.16|12.0|0.0|0.0|0.0||07121505000153|INETSAFE COMÉRCIO DE EQUIPELETRONICOS LTDA
136183288|43923910|1350640|303|02|2024|2|1|LOTE 1|11|CONTRATACAO DE SERVICOS DE INFRAESTRUTURA DE CONEXAO FIBRA OPTICA EM DONA MARIA DE BARROS FERREIRA|125.16|12.0|0.0|0.0|0.0||07121505000153|INETSAFE COMÉRCIO DE EQUIPELETRONICOS LTDA
136183289|43923952|1350640|303|02|2024|2|1|LOTE 1|54|CONTRATACAO DE SERVICOS DE INFRAESTRUTURA DE CONEXAO SATELITE UNIDADE DE SAUDE VIGILANCIA SANITARIAVELOCIDADE50MBPS|108.0|12.0|0.0|0.0|0.0||07121505000153|INETSAFE COMÉRCIO DE EQUIPELETRONICOS LTDA
136183293|43923944|1350640|303|02|2024|2|1|LOTE 1|44|CONTRATACAO DE SERVICOS DE INFRAESTRUTURA DE CONEXAO SATÉLITE UNIDADE DE SAÚDE EQUIPE DIAMANTE AGUA LIMPA|158.99|12.0|0.0|0.0|0.0||07121505000153|INETSAFE COMÉRCIO DE EQUIPELETRONICOS LTDA
136183290|43923973|1350640|303|02|2024|2|1|LOTE 1|71|CONTRATACAO DE SERVICOS DE INFRAESTRUTURA DE CONEXAO FIBRA OPTICA CEU ASSISTENCIA SOCIALVELOCIDADE 300 MBPS|158.99|12.0|0.0|0.0|0.0||07121505000153|INETSAFE COMÉRCIO DE EQUIPELETRONICOS LTDA
136183291|43923989|1350640|303|02|2024|2|1|LOTE 1|57|CONTRATACAO DE SERVICOS DE INFRAESTRUTURA DE CONEXAO FIBRA OPTICA SESMETVELOCIDADE 50 MBPS|108.0|12.0|0.0|0.0|0.0||07121505000153|INETSAFE COMÉRCIO DE EQUIPELETRONICOS LTDA
136183292|43923927|1350640|303|02|2024|2|1|LOTE 1|30|CONTRATACAO DE SERVICOS DE INFRAESTRUTURA DE CONEXAO FIBRA OPTICA UNIDADE DE SAÚDE SAFIRA VILA DAS FLORES|108.0|12.0|0.0|0.0|0.0||07121505000153|INETSAFE COMÉRCIO DE EQUIPELETRONICOS LTDA
136183294|43923981|1350640|303|02|2024|2|1|LOTE 1|79|CONTRATACAO DE SERVICOS DE INFRAESTRUTURA DE CONEXAO FIBRA OPTICA PONTO RESERVA 2 ASSISTENCIA SOCIALVELOCIDADE100 MBPS|125.16|12.0|0.0|0.0|0.0||07121505000153|INETSAFE COMÉRCIO DE EQUIPELETRONICOS LTDA
136183295|43923982|1350640|303|02|2024|2|1|LOTE 1|80|CONTRATACAO DE SERVICOS DE INFRAESTRUTURA DE CONEXAO FIBRA OPTICA PONTO RESERVA 3ASSITENCIAL SOCIALVELOCIDADE100 MBPS|125.16|12.0|0.0|0.0|0.0||07121505000153|INETSAFE COMÉRCIO DE EQUIPELETRONICOS LTDA
136183296|43923983|1350640|303|02|2024|2|1|LOTE 1|81|CONTRATACAO DE SERVICOS DE INFRAESTRUTURA DE CONEXAO FIBRA OPTICA HOTSPOT INTERNET LIVRE RODOVIARIA DE CAETEVELOCIDADE50 MBPS|108.0|12.0|0.0|0.0|0.0||07121505000153|INETSAFE COMÉRCIO DE EQUIPELETRONICOS LTDA
136183297|43923954|1350640|303|02|2024|2|1|LOTE 1|64|CONTRATACAO DE SERVICOS DE INFRAESTRUTURA DE CONEXAO FIBRA OPTICA PREDIO DO MERCADINHOVELOCIDADE200 MBPS PONTOS DENTRO DO MERCADINHO JUNTA MILITAR MEIO AMBIENTE POSTO DE IDENTIFICACAOSINEIDENTIDADE OUVIDORIA|144.49|12.0|0.0|0.0|0.0||07121505000153|INETSAFE COMÉRCIO DE EQUIPELETRONICOS LTDA
136183298|43923980|1350640|303|02|2024|2|1|LOTE 1|78|CONTRATACAO DE SERVICOS DE INFRAESTRUTURA DE CONEXAO FIBRA OPTICA PONTO RESERVA 1 ASSISTENCIA SOCIALVELOCIDADE100 MBPS|125.16|12.0|0.0|0.0|0.0||07121505000153|INETSAFE COMÉRCIO DE EQUIPELETRONICOS LTDA
136183299|43923926|1350640|303|02|2024|2|1|LOTE 1|31|CONTRATACAO DE SERVICOS DE INFRAESTRUTURA DE CONEXAO FIBRA OPTICA UNIDADE DE SAÚDE ESMERALDA|108.0|12.0|0.0|0.0|0.0||07121505000153|INETSAFE COMÉRCIO DE EQUIPELETRONICOS LTDA
136183300|43923976|1350640|303|02|2024|2|1|LOTE 1|74|CONTRATACAO DE SERVICOS DE INFRAESTRUTURA DE CONEXAO FIBRA OPTICA CRAS SAO GERALDOVELOCIDADE50 MBPS|108.0|12.0|0.0|0.0|0.0||07121505000153|INETSAFE COMÉRCIO DE EQUIPELETRONICOS LTDA
136183301|43923994|1350640|303|02|2024|2|1|LOTE 1|86|CONTRATACAO DE SERVICOS DE INFRAESTRUTURA DE CONEXAO FIBRA OPTICA A DEFINIR LOCAIS URBANOS 2 HOSTSPOT LIVREVELOCIDADE300 MBPS|108.0|12.0|0.0|0.0|0.0||07121505000153|INETSAFE COMÉRCIO DE EQUIPELETRONICOS LTDA
136183302|43923998|1350640|303|02|2024|2|1|LOTE 1|68|CONTRATACAO DE SERVICOS DE INFRAESTRUTURA DE CONEXAO FIBRA OPTICA PONTO RESERVA 2 SECRETARIA DE OBRAS|108.0|12.0|0.0|0.0|0.0||07121505000153|INETSAFE COMÉRCIO DE EQUIPELETRONICOS LTDA
136183303|43923949|1350640|303|02|2024|2|1|LOTE 1|5|CONTRATACAO DE SERVICOS DE INFRAESTRUTURA DE CONEXAO FIBRA OPTICA CEMAI III|125.16|12.0|0.0|0.0|0.0||07121505000153|INETSAFE COMÉRCIO DE EQUIPELETRONICOS LTDA
136183304|43923975|1350640|303|02|2024|2|1|LOTE 1|73|CONTRATACAO DE SERVICOS DE INFRAESTRUTURA DE CONEXAO FIBRA OPTICACRAS RANCHO NOVOVELOCIDADE15 MBPS|158.99|12.0|0.0|0.0|0.0||07121505000153|INETSAFE COMÉRCIO DE EQUIPELETRONICOS LTDA
136183305|43923918|1350640|303|02|2024|2|1|LOTE 1|14|CONTRATACAO DE SERVICOS DE INFRAESTRUTURA DE CONEXAO FIBRA OPTICA EM PROFESSORA SIRLENE DE PAULA|125.16|12.0|0.0|0.0|0.0||07121505000153|INETSAFE COMÉRCIO DE EQUIPELETRONICOS LTDA
136183306|43923915|1350640|303|02|2024|2|1|LOTE 1|10|CONTRATACAO DE SERVICOS DE INFRAESTRUTURA DE CONEXAO FIBRA OPTICA EM JOAO MONLEVADE|125.16|12.0|0.0|0.0|0.0||07121505000153|INETSAFE COMÉRCIO DE EQUIPELETRONICOS LTDA
136183307|43923968|1350640|303|02|2024|2|1|LOTE 1|56|CONTRATACAO DE SERVICOS DE INFRAESTRUTURA DE CONEXAO FIBRA OPTICA PREDIO DO ANEXO ADMINISTRATIVO MUNICIPAL REDE WIFIVELOCIDADE200MBPS|144.49|12.0|0.0|0.0|0.0||07121505000153|INETSAFE COMÉRCIO DE EQUIPELETRONICOS LTDA
136183308|43923955|1350640|303|02|2024|2|1|LOTE 1|38|CONTRATACAO DE SERVICOS DE INFRAESTRUTURA DE CONEXAO FIBRA OPTICA SECRETARIA DE SAUDE VELOCIDADE 200 MBPS|144.49|12.0|0.0|0.0|0.0||07121505000153|INETSAFE COMÉRCIO DE EQUIPELETRONICOS LTDA
136183309|43923991|1350640|303|02|2024|2|1|LOTE 1|83|CONTRATACAO DE SERVICOS DE INFRAESTRUTURA DE CONEXAO FIBRA OPTICA PRACA DE JOSE BRANDAO VELOCIDADE50 MBPS|108.0|12.0|0.0|0.0|0.0||07121505000153|INETSAFE COMÉRCIO DE EQUIPELETRONICOS LTDA
136183310|43923997|1350640|303|02|2024|2|1|LOTE 1|67|CONTRATACAO DE SERVICOS DE INFRAESTRUTURA DE CONEXAO FIBRA OPTICAPONTO RESERVA 1 SECRETARIA DE OBRAS VELOCIDADE 50 MBPS|108.0|12.0|0.0|0.0|0.0||07121505000153|INETSAFE COMÉRCIO DE EQUIPELETRONICOS LTDA
136183311|43923978|1350640|303|02|2024|2|1|LOTE 1|76|CONTRATACAO DE SERVICOS DE INFRAESTRUTURA DE CONEXAO FIBRA OPTICA CASA DE PASSAGEMVELOCIDADE50 MBPS|108.0|12.0|0.0|0.0|0.0||07121505000153|INETSAFE COMÉRCIO DE EQUIPELETRONICOS LTDA
136183312|43923923|1350640|303|02|2024|2|1|LOTE 1|18|CONTRATACAO DE SERVICOS DE INFRAESTRUTURA DE CONEXAO SATÉLITE EM OZÓRIO LEAO|158.99|12.0|0.0|0.0|0.0||07121505000153|INETSAFE COMÉRCIO DE EQUIPELETRONICOS LTDA
136183313|43923999|1350640|303|02|2024|2|1|LOTE 1|69|CONTRATACAO DE SERVICOS DE INFRAESTRUTURA DE CONEXAO FIBRA OPTICASECRETARIA DE OBRAS VELOCIDADE200 MBPS|144.49|12.0|0.0|0.0|0.0||07121505000153|INETSAFE COMÉRCIO DE EQUIPELETRONICOS LTDA
136183314|43923960|1350640|303|02|2024|2|1|LOTE 1|23|CONTRATACAO DE SERVICOS DE INFRAESTRUTURA DE CONEXAO FIBRA OPTICA PONTO RESERVA 2 EDUCACAOVELOCIDADE100 MBPS|125.16|12.0|0.0|0.0|0.0||07121505000153|INETSAFE COMÉRCIO DE EQUIPELETRONICOS LTDA
136183315|43923943|1350640|303|02|2024|2|1|LOTE 1|89|SERVICO DE INSTALACAO DE FIBRA ÓPTICA|75.23|81.0|0.0|0.0|0.0||07121505000153|INETSAFE COMÉRCIO DE EQUIPELETRONICOS LTDA
136183316|43923967|1350640|303|02|2024|2|1|LOTE 1|52|CONTRATACAO DE SERVICOS DE INFRAESTRUTURA DE CONEXAO FIBRA OPTICA PONTO RESERVA 2 SAUDEVELOCIDADE50 MBPS|108.0|12.0|0.0|0.0|0.0||07121505000153|INETSAFE COMÉRCIO DE EQUIPELETRONICOS LTDA
136183317|43923928|1350640|303|02|2024|2|1|LOTE 1|29|CONTRATACAO DE SERVICOS DE INFRAESTRUTURA DE CONEXAO FIBRA OPTICA UNIDADE DE SAÚDE TOPAZIO|108.0|12.0|0.0|0.0|0.0||07121505000153|INETSAFE COMÉRCIO DE EQUIPELETRONICOS LTDA
136183318|43923993|1350640|303|02|2024|2|1|LOTE 1|85|CONTRATACAO DE SERVICOS DE INFRAESTRUTURA DE CONEXAO FIBRA OPTICA A DEFINIR LOCAIS URBANOS HOSTSPOT LIVREVELOCIDADE300 MBPS|108.0|12.0|0.0|0.0|0.0||07121505000153|INETSAFE COMÉRCIO DE EQUIPELETRONICOS LTDA
136183319|43923971|1350640|303|02|2024|2|1|LOTE 1|62|CONTRATACAO DE SERVICOS DE INFRAESTRUTURA DE CONEXAO FIBRA OPTICA PORTALTURISMO VELOCIDADE 50 MBPS|108.0|12.0|0.0|0.0|0.0||07121505000153|INETSAFE COMÉRCIO DE EQUIPELETRONICOS LTDA
136183320|43923969|1350640|303|02|2024|2|1|LOTE 1|58|CONTRATACAO DE SERVICOS DE INFRAESTRUTURA DE CONEXAO FIBRA OPTICA PREDIO DO ANEXO ADMINISTRATIVO VELOCIDADE 2,5 GBPSCONCENTRADOR|724.95|12.0|0.0|0.0|0.0||07121505000153|INETSAFE COMÉRCIO DE EQUIPELETRONICOS LTDA
136183321|43923961|1350640|303|02|2024|2|1|LOTE 1|24|CONTRATACAO DE SERVICOS DE INFRAESTRUTURA DE CONEXAO FIBRA OPTICA PONTO RESERVA 3 EDUCACAOVELOCIDADE100 MBPS|125.16|12.0|0.0|0.0|0.0||07121505000153|INETSAFE COMÉRCIO DE EQUIPELETRONICOS LTDA
136183325|43923977|1350640|303|02|2024|2|1|LOTE 1|75|CONTRATACAO DE SERVICOS DE INFRAESTRUTURA DE CONEXAO FIBRA OPTICACREAS VELOCIDADE50 MBPS|108.0|12.0|0.0|0.0|0.0||07121505000153|INETSAFE COMÉRCIO DE EQUIPELETRONICOS LTDA
136183322|43923917|1350640|303|02|2024|2|1|LOTE 1|12|CONTRATACAO DE SERVICOS DE INFRAESTRUTURA DE CONEXAO FIBRA OPTICA EM PADRE JOAQUIM SATURNINO DE FREITAS|125.16|12.0|0.0|0.0|0.0||07121505000153|INETSAFE COMÉRCIO DE EQUIPELETRONICOS LTDA
136183323|43923929|1350640|303|02|2024|2|1|LOTE 1|37|CONTRATACAO DE SERVICOS DE INFRAESTRUTURA DE CONEXAO FIBRA OPTICA UNIDADE DE SAÚDE TURQUESA|144.49|12.0|0.0|0.0|0.0||07121505000153|INETSAFE COMÉRCIO DE EQUIPELETRONICOS LTDA
136183324|43923992|1350640|303|02|2024|2|1|LOTE 1|84|CONTRATACAO DE SERVICOS DE INFRAESTRUTURA DE CONEXAO FIBRA OPTICA POLIESPORTIVOVELOCIDADE300 MBPS|158.99|12.0|0.0|0.0|0.0||07121505000153|INETSAFE COMÉRCIO DE EQUIPELETRONICOS LTDA
136183326|43923946|1350640|303|02|2024|2|1|LOTE 1|8|CONTRATACAO DE SERVICOS DE INFRAESTRUTURA DE CONEXAO FIBRA OPTICA CEACA CENTRO DE ATENCAO A CRIANCA E AO ADOLESCENTE|125.16|12.0|0.0|0.0|0.0||07121505000153|INETSAFE COMÉRCIO DE EQUIPELETRONICOS LTDA
136183327|43923921|1350640|303|02|2024|2|1|LOTE 1|20|CONTRATACAO DE SERVICOS DE INFRAESTRUTURA DE CONEXAO FIBRA OPTICA EM ANEZIA MARIA PINHEIRO|158.99|12.0|0.0|0.0|0.0||07121505000153|INETSAFE COMÉRCIO DE EQUIPELETRONICOS LTDA
136183328|43923922|1350640|303|02|2024|2|1|LOTE 1|16|CONTRATACAO DE SERVICOS DE INFRAESTRUTURA DE CONEXAO FIBRA OPTICA EM PADRE GILSON DA SILVEIRA GOULART|125.16|12.0|0.0|0.0|0.0||07121505000153|INETSAFE COMÉRCIO DE EQUIPELETRONICOS LTDA
136183329|43923933|1350640|303|02|2024|2|1|LOTE 1|33|CONTRATACAO DE SERVICOS DE INFRAESTRUTURA DE CONEXAO FIBRA OPTICA CENTRO DE ATENCAO PSICOSSOCIAL CAPS|108.0|12.0|0.0|0.0|0.0||07121505000153|INETSAFE COMÉRCIO DE EQUIPELETRONICOS LTDA
136183330|43923996|1350640|303|02|2024|2|1|LOTE 1|66|CONTRATACAO DE SERVICOS DE INFRAESTRUTURA DE CONEXAO FIBRA OPTICA CEMITERIO DO ROSARIO VELOCIDADE50 MBPS|108.0|12.0|0.0|0.0|0.0||07121505000153|INETSAFE COMÉRCIO DE EQUIPELETRONICOS LTDA
136183331|43923931|1350640|303|02|2024|2|1|LOTE 1|28|CONTRATACAO DE SERVICOS DE INFRAESTRUTURA DE CONEXAO FIBRA OPTICA NÚCLEO DE APOIO A SAÚDE DA FAMÍLIA NASF|108.0|12.0|0.0|0.0|0.0||07121505000153|INETSAFE COMÉRCIO DE EQUIPELETRONICOS LTDA
136183332|43923938|1350640|303|02|2024|2|1|LOTE 1|36|CONTRATACAO DE SERVICOS DE INFRAESTRUTURA DE CONEXAO FIBRA OPTICAUNIDADE DE FISIOTERAPIA|108.0|12.0|0.0|0.0|0.0||07121505000153|INETSAFE COMÉRCIO DE EQUIPELETRONICOS LTDA
136183333|43923913|1350640|303|02|2024|2|1|LOTE 1|9|CONTRATACAO DE SERVICOS DE INFRAESTRUTURA DE CONEXAO FIBRA OPTICA EM HELENA DE BARROS PINHEIRO|125.16|12.0|0.0|0.0|0.0||07121505000153|INETSAFE COMÉRCIO DE EQUIPELETRONICOS LTDA
136183334|43923959|1350640|303|02|2024|2|1|LOTE 1|22|CONTRATACAO DE SERVICOS DE INFRAESTRUTURA DE CONEXAO FIBRA OPTICA PONTO RESERVA 1 EDUCACAOVELOCIDADE100 MBPS|125.16|12.0|0.0|0.0|0.0||07121505000153|INETSAFE COMÉRCIO DE EQUIPELETRONICOS LTDA
136183335|43923909|1350640|303|02|2024|2|1|LOTE 1|1|CONTRATACAO DE SERVICOS DE INFRAESTRUTURA DE CONEXAO FIBRA OPTICA SECRETARIA DE EDUCACAO|144.49|12.0|0.0|0.0|0.0||07121505000153|INETSAFE COMÉRCIO DE EQUIPELETRONICOS LTDA
136183336|43923920|1350640|303|02|2024|2|1|LOTE 1|19|CONTRATACAO DE SERVICOS DE INFRAESTRUTURA DE CONEXAO SATÉLITE EM ISRAEL PINHEIRO|158.99|12.0|0.0|0.0|0.0||07121505000153|INETSAFE COMÉRCIO DE EQUIPELETRONICOS LTDA
136183337|43923979|1350640|303|02|2024|2|1|LOTE 1|77|CONTRATACAO DE SERVICOS DE INFRAESTRUTURA DE CONEXAO FIBRA OPTICA CONSELHO TUTELARVELOCIDADE50 MBPS|108.0|12.0|0.0|0.0|0.0||07121505000153|INETSAFE COMÉRCIO DE EQUIPELETRONICOS LTDA
139020681|44945370|1380837|303|02|2024|6|8|LOTE 8|8|LEITE NAN AR - 400 GRS|38.0|360.0|0.0|0.0|0.0||39935073000100|MG2 NUTRICAO LTDA
139020678|44945367|1380835|303|02|2024|6|1|LOTE 1|2|RACAO PARA CACHORRO ADULTO APRESENTACAO EM EMBALAGEM FECHADA DE FABRICA DE 25 KG LIVRE DE CORANTES E AROMATIZANTES ARTIFICIAIS PRECISA CONTER OS SEGUINTES NÍVEIS DE GARANTIA PROTEÍNA BRUTA MIN 2223% 220230GKG UMIDADE MAX 1012% 100120GKG EXTRATO ETÉREO MÍN8012% 80120GKG MATÉRIA FIBROSA MAX 3035% 3035GKG MATÉRIA MINERAL MAX 7512% 75120GKG CALCIO MAX 1624% 1624GKG CALCIO MÍN 0810% 800010000MGKG FÓSFORO MÍN 0610% 600010000 MGKG POTASSIO MÍN 0506% 50006000MGKG SÓDIO MÍN 0203% 20003000 MGKG ÔMEGA 3 MÍN 01503% 15003000MGKG ÔMEGA 6 MÍN 1824% 1824GKG ENERGIA METABOLIZAVEL 35003900 KC|124.03|1100.0|0.0|0.0|0.0||19588170000167|MARIANA MOREIRA ANDRASCHKO LTDA
139020679|44945392|1380837|303|02|2024|6|15|LOTE 15|15|DIETA NORMOCALORICA E NORMOPROTEICA, RICA EM VITAMINAS E SAIS MINERAIS CONTEM SACAROSE E DERIVADOS DE LEITE E DE SOJA, NAO CONTEM GLUTEN ENSURE LATA 400 GR|43.5|300.0|0.0|0.0|0.0||31374156000166|COMERCIAL OTTO EIRELI
139020680|44945381|1380837|303|02|2024|6|20|LOTE 20|20|DIETA ENTERAL INDUSTRIALIZADA 15 KCALML ISENTA DE FIBRAS EMBALAGEM 01 LITRO SISTEMA ABERTO|27.0|3000.0|0.0|0.0|0.0||39935073000100|MG2 NUTRICAO LTDA
139020682|44945383|1380837|303|02|2024|6|11|LOTE 11|11|FÓRMULA INFANTIL EM PÓ A PARTIR DO 6° MÊS COMPOSICAO PRODUTO EM PÓ DESTINADO À ALIMENTACAO DE LACTENTES A PARTIR DO 6° MÊS DE VIDA ATENDENDO ÀS RECOMENDACOES NUTRICIONAIS PARA ESTE GRUPO ETARIO OBTIDO MEDIANTE PROCESSOS TECNOLOGICAMENTE ADEQUADOS O PRODUTO DEVERA SER ACRESCIDO DE LEITE DE VACA DESNATADO FONTE PROTÉICA MALTODEXTRINA OLEÍNA DE PALMA ÓLEO DE PALMISTE ÓLEO DE CANOLA ÓLEO DE MILHO MINERAIS SULFATO FERROSO SULFATO DE ZINCO SULFATO DE COBRE IODETO DE POTASSIO LECITINA DE SOJA VITAMINAS VITAMINA C VITAMINA PP VITAMINA E PANTOTEONATO DE CALCIO VITAMINA A VITAMINA B6 VITAMINA B1 VITAMINA D3 VITAMINA B2 ACIDO FÓLICO VITAMINA K1 BIOTINA VITAMINA B12|31.0|300.0|0.0|0.0|0.0||39935073000100|MG2 NUTRICAO LTDA
139020683|44945386|1380837|303|02|2024|6|23|LOTE 23|23|SUPLEMENTO ALIMENTAR INDICADO PARA PESSOAS ACIMA DE 50 ANOS QUE NECESSITAM DE DIETAS COM RESTRICAO DE LACTOSE RICO EM CALCIO FERRO FÓSFORO ZINCO COBRE SELÊNIO VITAMINAS DEB6K ACIDO FÓLICO FRASCO DE 200 ML|9.2|600.0|0.0|0.0|0.0||47915446000100|L E C DISTRIBUIDORA DE PRODUTOS NUTRICIONAIS LTDA
139020684|44945376|1380837|303|02|2024|6|13|LOTE 13|13|FÓRMULA INFANTIL SEMIELEMENTAR E HIPOALERGÊNICA À BASE DE PROTEÍNA EXTENSAMENTE HIDROLISADA DE SORO DO LEITE TCM ÓLEOS VEGETAIS DE MORTIERELLA ALPINA E DE PEIXE MALTODEXTRINA VITAMINAS MINERAIS NUCLEOTÍDEOS E OLIGOELEMENTOS ISENTO DE LACTOS|124.0|1200.0|0.0|0.0|0.0||47915446000100|L E C DISTRIBUIDORA DE PRODUTOS NUTRICIONAIS LTDA
139020685|44945384|1380837|303|02|2024|6|17|LOTE 17|17|FÓRMULA HIPERCALÓRICA E HIPERPROTEICA RESTRITA EM ELETRÓLITOSFÓSFORO POTASSIO E SÓDIO DE APORTE HÍDRICO REDUZIDO UNIDAD4ES INDIVIDUAIS CONTENDO 200 MLISENTA DE SACAROSE|11.4|1200.0|0.0|0.0|0.0||47915446000100|L E C DISTRIBUIDORA DE PRODUTOS NUTRICIONAIS LTDA
139020689|44945390|1380837|303|02|2024|6|3|LOTE 3|3|DIETA NUTRICIONALMENTE COMPLETA, PARA NUTRICAO ENTERAL OU ORAL, COM 100% DE PROTEINA DA SOJA, COM 1,2KCALML, CONTENDO 17 GLITRO DE FIBRAS CONTEUDO DA EMBALAGEM 1 UM LITROSISTEMA ABERTO|22.0|1200.0|0.0|0.0|0.0||51020411000180|3EV COMERCIO DE DIETAS E SUPLEMENTOS LTDA
139020686|44945393|1380837|303|02|2024|6|5|LOTE 5|5|FORMULA INFANTIL EM PO 0 A 6 MESES COMPOSICAO PRODUTO EM PO DESTINADO A ALIMENTACAO DE LACTENTES, DE 0 A 6 MESES DE VIDA OU ATE O 5° MES DE VIDA, ATENDENDO AS RECOMENDACOES NUTRICIONAIS PARA ESTE GRUPO ETARIO, OBTIDO MEDIANTE PROCESSOS TECNOLOGICAMENTE ADEQUADOS O PRODUTO DEVERA TER MALTODEXTRINA, LEITE DE VACA DESNATADO FONTE PROTEICA, OLEINA DE PALMA, OLEO DE PALMISTE, OLEO DE CANOLA, OLEO DE MILHO, LECITINA DE SOJA, VITAMINAS VITAMINA C, TAURINA, VITAMINA E, VITAMINA PP, PANTOTEONATO DE CALCIO, VITAMINA A, VITAMINA B6, VITAMINA B1, VITAMINA D3, VITAMINA B2, ACIDO FOLICO, VITAMINA K1, BIOTINA, VITAMINA B12, MINERAIS SULFATO FERROSO, SULFATO DE ZINCO, SULFATO DE COBRE LATA DE 400|29.0|300.0|0.0|0.0|0.0||39935073000100|MG2 NUTRICAO LTDA
139020687|44945397|1380839|303|02|2024|6|||1|IMPLANTACAO CAPACITACAO INICIAL PRESENCIAL CAPACITACAO CONTINUADA APOIO EDUCACIONAL CONTRATACAO DE AGENTES EDUCACIONAIS MATERIAL DIDATICO MATERIAL COMPLEMENTAR LABORATORIOS|95.82|3600.0|0.0|0.0|0.0||34130961000132|H5 SOLUCOES E CONSULTORIA EM EDUCACAO E TECNOLOGIA LTDA
139020688|44945391|1380837|303|02|2024|6|2|LOTE 2|2|DIETA EM PO PARA NUTRICAO ENTERAL OU ORAL NORMOCALORICA, NORMOPROTEICA, SEM LACTOSE E SEM GLUTEN PARA CRIANCAS DE 1 A 10 ANOSLATA DE 400 GR|42.43|2000.0|0.0|0.0|0.0||47915446000100|L E C DISTRIBUIDORA DE PRODUTOS NUTRICIONAIS LTDA
139020690|44945395|1380837|303|02|2024|6|14|LOTE 14|14|FORMULA LIQUIDA NUTRICIONALMENTE COMPLETA, BALANCEADA, HIPERCALORICA, NORMOPROTEICA E NORMOLIPIDICA, PARA ALIMENTACAO ORAL OU ENTERAL, OFERECENDO UMA FONTE CONCENTRADA DE CALORIAS 1,5 KCALML SABOR BAUNILHA CONTEUDO DA EMBALAGEM 200 ML|10.0|360.0|0.0|0.0|0.0||51020411000180|3EV COMERCIO DE DIETAS E SUPLEMENTOS LTDA
139020691|44945389|1380837|303|02|2024|6|21|LOTE 21|21|DIETA PARA NUTRICAO ENTERAL OU ORAL, NORMOCALORICO, COM 1,0 KCALML, NA DILUICAO PADRAO, ISENTA DE GLUTEN, LACTOSE E COLESTEROL LATA DE 400G|42.0|600.0|0.0|0.0|0.0||21296343000115|HASSEN RAAD DISTRIBUIDORA DE MEDICAMENTOS E PRODUTOS NUTRICIONAIS LTDA
139020692|44945388|1380837|303|02|2024|6|24|LOTE 24|24|SUPLEMENTO INFANTIL HIPERCALORICO, COM 1,5 KCALML, COM NUTRIENTES QUE CONTRIBUEM PARA RECUPERAR A NUTRICAO DE CRIANCAS DE 3 A 10 ANOS DE IDADE CONTEM 29 VITAMINAS E MINERAIS, OFERECE MAIS ENERGIA EM MENOR VOLUME PARA RAPIDA RECUPERACAO NUTRICIONAL E E ISENTO DE LACTOSENAO CONTEM GLUTEN OBS FORTINIPLUS,LATA DE 400 G|42.45|600.0|0.0|0.0|0.0||47915446000100|L E C DISTRIBUIDORA DE PRODUTOS NUTRICIONAIS LTDA
139020693|44945368|1380836|303|02|2024|6|||1|CONTRATACAO DE EMPRESA ESPECIALIZADA EM CONSTRUCAO CIVIL, PARA EXECUCAO DA OBRA DE PAVIMENTACAO ASFALTICA EM CONCRETO BETUMINOSO USINADO A QUENTECBUQ NAS RUAS 1,5 E 7 DO BAIRRO VISTA DA SERRA, COM DRENAGEM SUPERFICIAL POR SARJETA, FORNECIMENTO DE MATERIAL E MAO DE OBRA NECESSARIOS PARA EXECUTAR A PAVIMENTACAO, CONFORME PLANO DE TRABALHO DEVIDAMENTE APROVADO PELO ESTADO DE MINAS GERAIS POR INTERMEDIO DA SECRETARIA DE ESTADO DE INFRAESTRUTURA, MOBILIDADE E PARCERIAS NO TERMO DE CONVENIO DE SAIDA N° 13010000582024 SEINFRA|0.0|0.0|0.0|0.0|479671.0|SIM|11553360000137|TERRASA ENGENHARIA LTDA - ME
139020694|44945366|1380835|303|02|2024|6|1|LOTE 1|1|RACAO PARA GATO ADULTO APRESENTACAO EM EMBALAGEM FECHADA DE FABRICA DE 25 KG LIVRE DE CORANTES E AROMATIZANTES ARTIFICIAIS PRECISA CONTER OS SEGUINTES NÍVEIS DE GARANTIA PROTEÍNA BRUTA MIN 3436% 340360GKG MAX 1012% 100120GKG EXTRATO ETÉREO MÍN8512% 85120GKG MATÉRIA FIBROSA MAX 4550% 4550GKG MATÉRIA MINERAL MAX 7085% 7085GKG CALCIO MAX 1316% 1316GKG CALCIO MÍN 0809% 80009000MGKG FÓSFORO MÍN 0708% 70008000 MGKG POTASSIO MÍN 0506% 50006000MGKG SÓDIO MÍN 02503% 25003000 MGKG TAURINA MÍN 01015% 10001500MGKG METIONINA MÍN 0609% 60009000MGKG CARNITINA MÍN 001002% 100200MGKG|191.22|340.0|0.0|0.0|0.0||19588170000167|MARIANA MOREIRA ANDRASCHKO LTDA
139020695|44945373|1380837|303|02|2024|6|7|LOTE 7|7|LEITE NAN 1 LATA COM 400G|30.0|360.0|0.0|0.0|0.0||39935073000100|MG2 NUTRICAO LTDA
139020696|44945382|1380837|303|02|2024|6|1|LOTE 1|1|DIETA ENTERAL NORMOCALÓRICA NORMOPROTEICA NORMOLIPÍDICA COM 12 KCALML COMPOSTO POR 100 % DE PROTEÍNA DA SOJA ISENTA DE FIBRAS EMBALAGEM 1 LITRO SISTEMA ABERTO|17.4|14400.0|0.0|0.0|0.0||08183359000153|PRODIET NUTRICAO CLINICA LTDA
139020697|44945387|1380837|303|02|2024|6|25|LOTE 25|25|ALIMENTO PARA NUTRICAO ENTERAL,ESPECIALMENTE FORMULADO PARA CRIANCAS,SEMIELEMENTAR,NORMOCALORICO,A BASE DE PROTEINA HIDROLISADA DO SORO DO LEITE, COM 46% TCM,ENRIQUECIDO COM VITAMINAS,MINERAIS E O EXCLUSIVO MIX DE CAROTENOIDESBAIXA OSMOLARIDADEISENTO DE SACAROSE,LACTOSENAO CONTEM GLUTENOBS NUTRINI PEPTI DANONE,E A UNICA TOLERADA PELA PACIENTE,RECOMENDADA PELA NUTRICIONISTAPACK 500 ML|33.68|3600.0|0.0|0.0|0.0||47915446000100|L E C DISTRIBUIDORA DE PRODUTOS NUTRICIONAIS LTDA
139020698|44945372|1380837|303|02|2024|6|16|LOTE 16|16|DIETA ALIMENTO NUTRICIONALMENTE COMPLETO PARA NUTRICAO ENTERAL OU ORAL HIPOSSÓDICO SEM SACAROSE À BASE DE PROTEÍNA ISOLADA DE SOJA RICA EM ISOFLAVONAS NORMOCALÓRICO NA DILUICAO PADRAO ISENTO DE SACAROSE E LACTOSE LATA DE 800G|56.2|200.0|0.0|0.0|0.0||39935073000100|MG2 NUTRICAO LTDA
139020699|44945378|1380837|303|02|2024|6|12|LOTE 12|12|FÓRMULA INFANTIL PARA LACTENTES E DE SEGUIMENTO PARA LACTENTES DESTINADA A NECESSIDADES DIETOTERÁPICAS ESPECÍFICAS À BASE DE PROTEÍNA EXTENSAMENTE HIDROLISADA COM DHA E ARA CONTEÚDO DA EMBALAGEM 400 OU 450 GRAMAS|100.54|400.0|0.0|0.0|0.0||47915446000100|L E C DISTRIBUIDORA DE PRODUTOS NUTRICIONAIS LTDA
139020700|44945396|1380838|303|02|2024|6|||1|CONTRATACAO DE EMPRESA ESPECIALIZADA EM CONSTRUCAO CIVIL, PARA EXECUCAO DA OBRA DE PAVIMENTACAO ASFALTICA EM CONCRETO BETUMINOSO USINADO A QUENTE CBUQ NA RUA JOAQUIM GONCALVES DE BARROS, BAIRRO BONSUCESSO, COM DRENAGEM SUPERFICIAL POR SARJETA, FORNECIMENTO DE MATERIAL E MAO DEOBRA NECESSARIOS PARA EXECUTAR A PAVIMENTACAO, CONFORME PLANO DE TRABALHO DEVIDAMENTE APROVADO PELO ESTADO DE MINAS GERAIS POR INTERMEDIO DA SECRETARIA DE ESTADO DE INFRAESTRUTURA,MOBILIDADE E PARCERIAS NO TERMO DE CONVENIO DE SAIDA N°13010000592024 SEINFRA|0.0|0.0|0.0|0.0|507229.0|SIM|38382670000192|CM CONSTRUTORA MINAS LTDA EPP
139020701|44945379|1380837|303|02|2024|6|4|LOTE 4|4|FÓRMULA INFANTIL ISENTA DE LACTOSE PARA LACTANTES MENORES DE UM ANO DE IDADE LATA CONTENDO 400 GRAMAS|50.0|2000.0|0.0|0.0|0.0||39935073000100|MG2 NUTRICAO LTDA
139020702|44945394|1380837|303|02|2024|6|26|LOTE 26|26|FORMULA PEDIATRICA HIPERCALORICA 1,5 KCALML FRASCO DE 200ML|11.45|3600.0|0.0|0.0|0.0||47915446000100|L E C DISTRIBUIDORA DE PRODUTOS NUTRICIONAIS LTDA
139020703|44945369|1380837|303|02|2024|6|10|LOTE 10|10|DIETA ENTERAL INDUSTRIALIZADA FORMULADA PARA SITUACOES METABÓLICAS ESPECIAIS FORMULADO PARA AUXÍLIO AO CONTROLE GLICÊMICO CONTEÚDO DA EMBALAGEM 1 LITRO|30.0|1800.0|0.0|0.0|0.0||47915446000100|L E C DISTRIBUIDORA DE PRODUTOS NUTRICIONAIS LTDA
139020704|44945377|1380837|303|02|2024|6|19|LOTE 19|19|SUPLEMENTO NUTRICIONAL ORAL COMPLETO HIPERCALÓRICO 32 KCALML HIPERPROTEICO 20 % ENERGIA E BAIXO TEOR EM FIBRA COM ELEVADO TEOR DE VITAMINA D CLINICAMENTE ISENTO DE LACTOSE ISENTO DE GLUTEN FRASCO DE 125 ML|29.0|720.0|0.0|0.0|0.0||23149874000100|MS RIOS PRODUTOS DE DIETA
139020708|44945371|1380837|303|02|2024|6|27|LOTE 27|27|DIETA ENTERAL ISOSOURCE SOYA|18.4|1800.0|0.0|0.0|0.0||48683237000140|NEW NUTRI COMERCIO DE PRODUTOS NUTRICIONAIS LTDA
139020705|44945375|1380837|303|02|2024|6|6|LOTE 6|6|FÓRMULA INFANTIL PARA LACTENTES ATÉ SEIS MESES DE VIDA COM ÓLEOS VEGETAIS E FIBRAS CÁLCIO FERRO ZINCO VITAMINAS E MINERAIS CONTEÚDO DA EMBALAGEM 800 G|51.5|300.0|0.0|0.0|0.0||39935073000100|MG2 NUTRICAO LTDA
139020706|44945380|1380837|303|02|2024|6|18|LOTE 18|18|DIETA ENTERAL INDUSTRIALIZADA 12 KCALML ISENTA DE FIBRAS EMBALAGEM 01 LITRO SISTEMA ABERTO|18.7|1200.0|0.0|0.0|0.0||39935073000100|MG2 NUTRICAO LTDA
139020707|44945385|1380837|303|02|2024|6|22|LOTE 22|22|COMPLEMENTO NUTRICIONAL DE VITAMINAS E MINERAIS RICO EM FIBRAS HIPERCALÓRICO HIPERPROTEICO E SEM ADICAO DE ACÚCARES CONTÊM ACIDOS GRAXOS ESSENCIAISEPADHAINDICADO PARA IDADE ACIMA DE 50 ANOS LATA 370G|44.6|200.0|0.0|0.0|0.0||32849883000103|ORBITA SERVICOS E COMERCIO DE PRODUTOS SAUDE LTDA
139020709|44945374|1380837|303|02|2024|6|9|LOTE 9|9|ALIMENTO PARA SITUACOES METABÓLICAS ESPECIAIS PARA NUTRICAO ENTERAL OU PARA USO ORAL PARA ESTADO DE TOLERÂNCIA ANORMAL À GLICOSE FORMULADO ESPECIALMENTE PARA PESSOAS COM DIABETES SABOR BAUNILHA FRASCO 200 ML|9.5|1440.0|0.0|0.0|0.0||39935073000100|MG2 NUTRICAO LTDA
139015798|44941113|1380676|304|03|2024|6|2|LOTE 2|2|ACUCAR EMBALAGEM DE 05 KG|16.9|220.0|0.0|0.0|0.0||17926188000104|SINTAGMA ZENITE COMERCIO EIRELIME
139015795|44941108|1380675|304|03|2024|6|2|LOTE 2|2|PRESTACAO DE SERVICO DE LOCACAO DE VEICULOS MODELO CAMINHONETE L200 OU SIMILAR, A DIESEL, 4X4, CAPACIDADE PARA 05 OCUPANTES, RADIO AMFM, DIRECAO HIDRAULICA, CAPACIDADE MINIMA DE CARGA DE 1000 KG CARGA UTIL, COM ADAPTADOR PARA REBOQUE, COM ARCONDICIONADO, SEM CONDUTOR|81600.0|1.0|0.0|0.0|0.0||07475524000188|VALOR LOCACOES EIRELI.
139015796|44941111|1380675|304|03|2024|6|2|LOTE 2|5|PRESTACAO DE SERVICO DE LOCACAO DE VEICULO MODELO COMPACTO, TIPO FIAT UNO, FORD KA, HB20 OU SIMILAR, MINIMO DE MOTOR 10, CAPACIDADE PARA 05 OCUPANTES, MOTOR FLEX, ANO MINIMO DE FABRICACAO 2019, DIRECAO HIDRAULICA, RADIO AMFM, AR CONDICIONADO|48000.0|1.0|0.0|0.0|0.0||07475524000188|VALOR LOCACOES EIRELI.
139015797|44941115|1380676|304|03|2024|6|3|LOTE 3|3|LEITE INTEGRAL EM EMBALAGEM DE 1 LITRO|5.25|1000.0|0.0|0.0|0.0||17926188000104|SINTAGMA ZENITE COMERCIO EIRELIME
139015799|44941112|1380675|304|03|2024|6|1|LOTE 1|1|PRESTACAO DE SERVICOS DE LOCACAO DE VEICULO TIPO PICAPE, MODELO STRADA, OROCH, MONTANA, SAVEIRO OU SIMILAR, MINIMO DE MOTOR 14, , FLEX, CABINE DUPLA, COM ABASTECIMENTO E MOTORISTA PELA CONTRATADA|5.71|50000.0|0.0|0.0|0.0||07475524000188|VALOR LOCACOES EIRELI.
139015800|44941114|1380676|304|03|2024|6|1|LOTE 1|1|CAFE EM PO TRADICIONAL 500 GR EMBALAGENS COM ATMOSFERA PROTETORA 100% SELADA|16.1|400.0|0.0|0.0|0.0||17926188000104|SINTAGMA ZENITE COMERCIO EIRELIME
139015801|44941109|1380675|304|03|2024|6|2|LOTE 2|3|PRESTACAO DE SERVICO DE LOCACAO DE VEICULO TIPO PICAPE, MODELO STRADA, MONTANA, SAVEIRO OU SIMILAR, MINIMO DE MOTOR 14, CAPACIDADE PARA DOIS OCUPANTES MOTORFLEX, CABINE SIMPLES, DIRECAO HIDRAULICA, RADIO AMFM, CAPACIDADE MINIMA DE CARGA DE 600 KG CARGA UTIL, AR CONDICIONADO|24350.01|1.0|0.0|0.0|0.0||07475524000188|VALOR LOCACOES EIRELI.
139015802|44941110|1380675|304|03|2024|6|2|LOTE 2|4|PRESTACAO DE SERVICO DE LOCACAO DE VEICULOS TIPO PICAPE, MODELO STRADA, OROCH, MONTANA, SAVEIRO OU SIMILAR, MINIMO DE MOTOR 14, CAPACIDADE PARA 05 OCUPANTES, MOTOR FLEX, CABINE DUPLA, 4 PORTAS PARA PASSAGEIROS, DIRECAOO HIDRAULICA, RADIO AMFM, ANO MINIMO DE FABRICACAO 2017 CAPACIDADE MINIMA DE CARGA DE 600 KG CARGA UTIL, AR CONDICIONADO|96000.0|1.0|0.0|0.0|0.0||07475524000188|VALOR LOCACOES EIRELI.
