cod_municipio;seq_orgao;cod_orgao;seq_unidade;num_ano_referencia;num_mes_referencia;dsc_funcao;dsc_subfuncao;dsc_programa;dsc_acao;dsc_subacao;dsc_nat_despesa;dsc_fonte_recurso;dsc_cod_orcamentario;num_empenho;dat_empenho;vlr_empenho;vlr_ref_empenho;vlr_anu_empenho;vlr_liquidado;vlr_anu_liquidado;vlr_pagamento;vlr_anu_pagamento;vlr_outras_baixas;vlr_anu_outras_baixas;vlr_rsp_proc;vlr_rsp_nao_proc
3110004;303;02;382336;2020;5;12 - EDUCAÇÃO;361 - ENSINO FUNDAMENTAL;0027 - GESTÃO DO CENTRO ESPECIALIZADO DE ATENÇÃO À CRIANÇA E AO ADOLESCENTE;2049 - MANUTENÇÃO DO CEACA;;3.1.90.13.01 - 3.1.90.13.01;101 - RECEITAS DE IMPOSTOS E DE TRANSFERÊNCIAS DE IMPOSTOS VINCULADOS À EDUCAÇÃO;NÃO SE APLICA;2594;20200529;1235.63;0;0;1235.63;0;0;0;0;0;1235.63;0
3110004;303;02;382336;2020;6;12 - EDUCAÇÃO;122 - ADMINISTRAÇÃO GERAL;0002 - GESTÃO DA SECRETARIA MUNICIPAL DE EDUCAÇÃO;2002 - MANUTENÇÃO DA SECRETARIA;;3.3.90.39.99 - 3.3.90.39.99;101 - RECEITAS DE IMPOSTOS E DE TRANSFERÊNCIAS DE IMPOSTOS VINCULADOS À EDUCAÇÃO;NÃO SE APLICA;26;20200102;0;0;0;2654.99;0;3204.69;0;0;0;-549.7;-2654.99
3110004;303;02;382336;2020;1;12 - EDUCAÇÃO;361 - ENSINO FUNDAMENTAL;0027 - GESTÃO DO CENTRO ESPECIALIZADO DE ATENÇÃO À CRIANÇA E AO ADOLESCENTE;2049 - MANUTENÇÃO DO CEACA;;3.1.90.13.03 - 3.1.90.13.03;101 - RECEITAS DE IMPOSTOS E DE TRANSFERÊNCIAS DE IMPOSTOS VINCULADOS À EDUCAÇÃO;NÃO SE APLICA;488;20200130;2909.46;0;0;2909.46;0;0;0;0;0;2909.46;0
3110004;303;02;382336;2020;9;12 - EDUCAÇÃO;122 - ADMINISTRAÇÃO GERAL;0002 - GESTÃO DA SECRETARIA MUNICIPAL DE EDUCAÇÃO;2001 - REMUNERAÇÃO PESSOAL DA SECRETARIA;;3.1.90.13.01 - 3.1.90.13.01;101 - RECEITAS DE IMPOSTOS E DE TRANSFERÊNCIAS DE IMPOSTOS VINCULADOS À EDUCAÇÃO;NÃO SE APLICA;4642;20200930;3375.84;0;0;3375.84;0;0;0;0;0;3375.84;0
3110004;303;02;382336;2020;4;12 - EDUCAÇÃO;361 - ENSINO FUNDAMENTAL;0019 - GESTÃO DO TRANSPORTE ESCOLAR;2042 - REMUNERAÇÃO PESSOAL TRANSPORTE ESCOLAR ENSINO FUNDAMENTAL;;3.1.90.13.01 - 3.1.90.13.01;101 - RECEITAS DE IMPOSTOS E DE TRANSFERÊNCIAS DE IMPOSTOS VINCULADOS À EDUCAÇÃO;NÃO SE APLICA;2105;20200429;343.88;0;0;343.88;0;0;0;0;0;343.88;0
3110004;303;02;382336;2020;9;12 - EDUCAÇÃO;365 - EDUCAÇÃO INFANTIL;0003 - MANUTENÇÃO DA EDUCAÇÃO BÁSICA;2483 - REMUNERAÇÃO PESSOAL DA EDUCAÇÃO INFANTIL;;3.1.90.13.01 - 3.1.90.13.01;101 - RECEITAS DE IMPOSTOS E DE TRANSFERÊNCIAS DE IMPOSTOS VINCULADOS À EDUCAÇÃO;NÃO SE APLICA;4652;20200930;104.4;0;0;104.4;0;0;0;0;0;104.4;0
3110004;303;02;382336;2020;6;12 - EDUCAÇÃO;122 - ADMINISTRAÇÃO GERAL;0002 - GESTÃO DA SECRETARIA MUNICIPAL DE EDUCAÇÃO;2002 - MANUTENÇÃO DA SECRETARIA;;3.3.90.39.05 - 3.3.90.39.05;101 - RECEITAS DE IMPOSTOS E DE TRANSFERÊNCIAS DE IMPOSTOS VINCULADOS À EDUCAÇÃO;NÃO SE APLICA;2950;20200630;32000;0;0;0;0;0;0;0;0;0;32000
3110004;303;02;382336;2020;8;12 - EDUCAÇÃO;122 - ADMINISTRAÇÃO GERAL;0002 - GESTÃO DA SECRETARIA MUNICIPAL DE EDUCAÇÃO;2002 - MANUTENÇÃO DA SECRETARIA;;3.3.90.36.14 - 3.3.90.36.14;101 - RECEITAS DE IMPOSTOS E DE TRANSFERÊNCIAS DE IMPOSTOS VINCULADOS À EDUCAÇÃO;NÃO SE APLICA;1286;20200304;0;0;0;0;0;1617.33;0;0;0;-1617.33;0
3110004;303;02;382336;2020;9;12 - EDUCAÇÃO;122 - ADMINISTRAÇÃO GERAL;0002 - GESTÃO DA SECRETARIA MUNICIPAL DE EDUCAÇÃO;2002 - MANUTENÇÃO DA SECRETARIA;;3.3.90.14.05 - 3.3.90.14.05;101 - RECEITAS DE IMPOSTOS E DE TRANSFERÊNCIAS DE IMPOSTOS VINCULADOS À EDUCAÇÃO;NÃO SE APLICA;4272;20200904;283.2;0;0;283.2;0;283.2;0;0;0;0;0
3110004;303;02;382336;2020;9;12 - EDUCAÇÃO;361 - ENSINO FUNDAMENTAL;0013 - TRANSFERÊNCIA AS CAIXAS ESCOLARES;2032 - CONTRIBUIÇÃO AS ESCOLAS MUNICIPAIS;;3.3.50.41.00 - 3.3.50.41.00;101 - RECEITAS DE IMPOSTOS E DE TRANSFERÊNCIAS DE IMPOSTOS VINCULADOS À EDUCAÇÃO;NÃO SE APLICA;4432;20200923;2600;0;0;2600;0;0;0;0;0;2600;0
3110004;303;02;382336;2020;9;12 - EDUCAÇÃO;122 - ADMINISTRAÇÃO GERAL;0002 - GESTÃO DA SECRETARIA MUNICIPAL DE EDUCAÇÃO;2001 - REMUNERAÇÃO PESSOAL DA SECRETARIA;;3.1.90.11.05 - 3.1.90.11.05;101 - RECEITAS DE IMPOSTOS E DE TRANSFERÊNCIAS DE IMPOSTOS VINCULADOS À EDUCAÇÃO;NÃO SE APLICA;4524;20200930;14340.58;0;0;14340.58;0;14340.58;0;0;0;0;0
3110004;303;02;382336;2020;12;12 - EDUCAÇÃO;365 - EDUCAÇÃO INFANTIL;0003 - MANUTENÇÃO DA EDUCAÇÃO BÁSICA;2006 - MANUTENÇÃO DA EDUCAÇÃO INFANTIL;;3.3.90.30.24 - 3.3.90.30.24;101 - RECEITAS DE IMPOSTOS E DE TRANSFERÊNCIAS DE IMPOSTOS VINCULADOS À EDUCAÇÃO;NÃO SE APLICA;6084;20201221;5650;0;314.6;5335.4;0;5335.4;0;0;0;0;0
3110004;303;02;382336;2020;11;12 - EDUCAÇÃO;361 - ENSINO FUNDAMENTAL;0019 - GESTÃO DO TRANSPORTE ESCOLAR;2041 - MANUTENÇÃO TRANSPORTE ESCOLAR DO ENSINO FUNDAMENTAL;;3.3.90.39.99 - 3.3.90.39.99;101 - RECEITAS DE IMPOSTOS E DE TRANSFERÊNCIAS DE IMPOSTOS VINCULADOS À EDUCAÇÃO;NÃO SE APLICA;27;20200102;0;0;51000;0;0;0;0;0;0;0;-51000
3110004;303;02;382336;2020;1;12 - EDUCAÇÃO;365 - EDUCAÇÃO INFANTIL;0221 - MANUTENÇÃO DA EDUCAÇÃO BÁSICA;2407 - REMUNERAÇÃO PESSOAL EDUCAÇÃO INFANTILCRECHE;;3.1.90.11.11 - 3.1.90.11.11;101 - RECEITAS DE IMPOSTOS E DE TRANSFERÊNCIAS DE IMPOSTOS VINCULADOS À EDUCAÇÃO;NÃO SE APLICA;382;20200130;9191.43;0;0;9191.43;0;9191.43;0;0;0;0;0
3110004;303;02;382336;2020;2;12 - EDUCAÇÃO;122 - ADMINISTRAÇÃO GERAL;0002 - GESTÃO DA SECRETARIA MUNICIPAL DE EDUCAÇÃO;2002 - MANUTENÇÃO DA SECRETARIA;;3.3.90.39.99 - 3.3.90.39.99;101 - RECEITAS DE IMPOSTOS E DE TRANSFERÊNCIAS DE IMPOSTOS VINCULADOS À EDUCAÇÃO;NÃO SE APLICA;26;20200102;0;0;0;0;0;205.92;0;0;0;-205.92;0
3110004;303;02;382336;2020;12;12 - EDUCAÇÃO;361 - ENSINO FUNDAMENTAL;0027 - GESTÃO DO CENTRO ESPECIALIZADO DE ATENÇÃO À CRIANÇA E AO ADOLESCENTE;2049 - MANUTENÇÃO DO CEACA;;3.1.90.11.11 - 3.1.90.11.11;101 - RECEITAS DE IMPOSTOS E DE TRANSFERÊNCIAS DE IMPOSTOS VINCULADOS À EDUCAÇÃO;NÃO SE APLICA;5812;20201214;15210.56;0;0;15210.56;0;15210.56;0;0;0;0;0
3110004;303;02;382336;2020;6;12 - EDUCAÇÃO;361 - ENSINO FUNDAMENTAL;0003 - MANUTENÇÃO DA EDUCAÇÃO BÁSICA;2482 - REMUNERAÇÃO PESSOAL DO ENSINO FUNDAMENTAL;;3.1.90.04.99 - 3.1.90.04.99;101 - RECEITAS DE IMPOSTOS E DE TRANSFERÊNCIAS DE IMPOSTOS VINCULADOS À EDUCAÇÃO;NÃO SE APLICA;2991;20200630;6700.53;0;0;6700.53;0;6700.53;0;0;0;0;0
3110004;303;02;382336;2020;7;12 - EDUCAÇÃO;361 - ENSINO FUNDAMENTAL;0019 - GESTÃO DO TRANSPORTE ESCOLAR;2042 - REMUNERAÇÃO PESSOAL TRANSPORTE ESCOLAR ENSINO FUNDAMENTAL;;3.1.90.13.03 - 3.1.90.13.03;101 - RECEITAS DE IMPOSTOS E DE TRANSFERÊNCIAS DE IMPOSTOS VINCULADOS À EDUCAÇÃO;NÃO SE APLICA;3621;20200731;1188.6;0;0;1188.6;0;0;0;0;0;1188.6;0
3110004;303;02;382336;2020;2;12 - EDUCAÇÃO;361 - ENSINO FUNDAMENTAL;0003 - MANUTENÇÃO DA EDUCAÇÃO BÁSICA;2482 - REMUNERAÇÃO PESSOAL DO ENSINO FUNDAMENTAL;;3.1.90.13.03 - 3.1.90.13.03;101 - RECEITAS DE IMPOSTOS E DE TRANSFERÊNCIAS DE IMPOSTOS VINCULADOS À EDUCAÇÃO;NÃO SE APLICA;1146;20200221;21683.44;0;0;21683.44;0;583.44;0;0;0;21100;0
3110004;303;02;382336;2020;6;12 - EDUCAÇÃO;361 - ENSINO FUNDAMENTAL;0019 - GESTÃO DO TRANSPORTE ESCOLAR;2042 - REMUNERAÇÃO PESSOAL TRANSPORTE ESCOLAR ENSINO FUNDAMENTAL;;3.1.90.13.01 - 3.1.90.13.01;101 - RECEITAS DE IMPOSTOS E DE TRANSFERÊNCIAS DE IMPOSTOS VINCULADOS À EDUCAÇÃO;NÃO SE APLICA;2592;20200529;0;0;0;0;0;308.39;0;0;0;-308.39;0
3110004;303;02;382336;2020;12;12 - EDUCAÇÃO;122 - ADMINISTRAÇÃO GERAL;0002 - GESTÃO DA SECRETARIA MUNICIPAL DE EDUCAÇÃO;2002 - MANUTENÇÃO DA SECRETARIA;;3.3.90.49.00 - 3.3.90.49.00;101 - RECEITAS DE IMPOSTOS E DE TRANSFERÊNCIAS DE IMPOSTOS VINCULADOS À EDUCAÇÃO;NÃO SE APLICA;6340;20201228;360;0;0;360;0;360;0;0;0;0;0
3110004;303;02;382336;2020;6;12 - EDUCAÇÃO;361 - ENSINO FUNDAMENTAL;0003 - MANUTENÇÃO DA EDUCAÇÃO BÁSICA;1200 - CONSTRUÇÃO E REFORMA DE PRÉDIOS ESCOLARES ENSINO FUNDAMENTAL;;4.4.90.51.02 - 4.4.90.51.02;101 - RECEITAS DE IMPOSTOS E DE TRANSFERÊNCIAS DE IMPOSTOS VINCULADOS À EDUCAÇÃO;NÃO SE APLICA;1959;20200429;0;0;0.01;56652.59;0;4390.57;0;0;0;52262.02;-56652.6
3110004;303;02;382336;2020;9;12 - EDUCAÇÃO;361 - ENSINO FUNDAMENTAL;0003 - MANUTENÇÃO DA EDUCAÇÃO BÁSICA;1200 - CONSTRUÇÃO E REFORMA DE PRÉDIOS ESCOLARES ENSINO FUNDAMENTAL;;4.4.90.51.02 - 4.4.90.51.02;101 - RECEITAS DE IMPOSTOS E DE TRANSFERÊNCIAS DE IMPOSTOS VINCULADOS À EDUCAÇÃO;NÃO SE APLICA;3815;20200813;0;0;0;0;0;9121.53;0;0;0;-9121.53;0
3110004;303;02;382336;2020;4;12 - EDUCAÇÃO;122 - ADMINISTRAÇÃO GERAL;0002 - GESTÃO DA SECRETARIA MUNICIPAL DE EDUCAÇÃO;2001 - REMUNERAÇÃO PESSOAL DA SECRETARIA;;3.1.90.11.11 - 3.1.90.11.11;101 - RECEITAS DE IMPOSTOS E DE TRANSFERÊNCIAS DE IMPOSTOS VINCULADOS À EDUCAÇÃO;NÃO SE APLICA;1988;20200429;60232.04;0;0;60232.04;0;60232.04;0;0;0;0;0
3110004;303;02;382336;2020;12;12 - EDUCAÇÃO;361 - ENSINO FUNDAMENTAL;0003 - MANUTENÇÃO DA EDUCAÇÃO BÁSICA;2062 - MANUTENÇÃO DO ENSINO FUNDAMENTAL;;3.3.90.32.99 - 3.3.90.32.99;101 - RECEITAS DE IMPOSTOS E DE TRANSFERÊNCIAS DE IMPOSTOS VINCULADOS À EDUCAÇÃO;NÃO SE APLICA;5672;20201130;0;0;0;205179.09;0;205179.09;0;0;0;0;-205179.09
3110004;303;02;382336;2020;9;12 - EDUCAÇÃO;122 - ADMINISTRAÇÃO GERAL;0002 - GESTÃO DA SECRETARIA MUNICIPAL DE EDUCAÇÃO;2002 - MANUTENÇÃO DA SECRETARIA;;3.3.90.14.05 - 3.3.90.14.05;101 - RECEITAS DE IMPOSTOS E DE TRANSFERÊNCIAS DE IMPOSTOS VINCULADOS À EDUCAÇÃO;NÃO SE APLICA;4271;20200904;283.2;0;0;283.2;0;283.2;0;0;0;0;0
3110004;303;02;382336;2020;6;12 - EDUCAÇÃO;365 - EDUCAÇÃO INFANTIL;0221 - MANUTENÇÃO DA EDUCAÇÃO BÁSICA;2407 - REMUNERAÇÃO PESSOAL EDUCAÇÃO INFANTILCRECHE;;3.1.90.13.01 - 3.1.90.13.01;101 - RECEITAS DE IMPOSTOS E DE TRANSFERÊNCIAS DE IMPOSTOS VINCULADOS À EDUCAÇÃO;NÃO SE APLICA;2596;20200529;0;0;0;0;0;1151.62;0;0;0;-1151.62;0
3110004;303;02;382336;2020;3;12 - EDUCAÇÃO;365 - EDUCAÇÃO INFANTIL;0221 - MANUTENÇÃO DA EDUCAÇÃO BÁSICA;2407 - REMUNERAÇÃO PESSOAL EDUCAÇÃO INFANTILCRECHE;;3.1.90.11.11 - 3.1.90.11.11;101 - RECEITAS DE IMPOSTOS E DE TRANSFERÊNCIAS DE IMPOSTOS VINCULADOS À EDUCAÇÃO;NÃO SE APLICA;1533;20200327;5734.27;0;0;5734.27;0;5734.27;0;0;0;0;0
3110004;303;02;382336;2020;5;12 - EDUCAÇÃO;365 - EDUCAÇÃO INFANTIL;0221 - MANUTENÇÃO DA EDUCAÇÃO BÁSICA;2407 - REMUNERAÇÃO PESSOAL EDUCAÇÃO INFANTILCRECHE;;3.1.90.13.01 - 3.1.90.13.01;101 - RECEITAS DE IMPOSTOS E DE TRANSFERÊNCIAS DE IMPOSTOS VINCULADOS À EDUCAÇÃO;NÃO SE APLICA;2111;20200429;0;0;0;0;0;1279.44;0;0;0;-1279.44;0
3110004;303;02;382336;2020;2;12 - EDUCAÇÃO;365 - EDUCAÇÃO INFANTIL;0221 - MANUTENÇÃO DA EDUCAÇÃO BÁSICA;2407 - REMUNERAÇÃO PESSOAL EDUCAÇÃO INFANTILCRECHE;;3.1.90.11.11 - 3.1.90.11.11;101 - RECEITAS DE IMPOSTOS E DE TRANSFERÊNCIAS DE IMPOSTOS VINCULADOS À EDUCAÇÃO;NÃO SE APLICA;1045;20200221;3780.21;0;0;3780.21;0;3780.21;0;0;0;0;0
3110004;303;02;382336;2020;9;12 - EDUCAÇÃO;365 - EDUCAÇÃO INFANTIL;0003 - MANUTENÇÃO DA EDUCAÇÃO BÁSICA;2006 - MANUTENÇÃO DA EDUCAÇÃO INFANTIL;;4.4.90.52.24 - 4.4.90.52.24;101 - RECEITAS DE IMPOSTOS E DE TRANSFERÊNCIAS DE IMPOSTOS VINCULADOS À EDUCAÇÃO;NÃO SE APLICA;4736;20200930;5772;0;0;0;0;0;0;0;0;0;5772
3110004;303;02;382336;2020;4;12 - EDUCAÇÃO;361 - ENSINO FUNDAMENTAL;0019 - GESTÃO DO TRANSPORTE ESCOLAR;2042 - REMUNERAÇÃO PESSOAL TRANSPORTE ESCOLAR ENSINO FUNDAMENTAL;;3.1.90.16.00 - 3.1.90.16.00;101 - RECEITAS DE IMPOSTOS E DE TRANSFERÊNCIAS DE IMPOSTOS VINCULADOS À EDUCAÇÃO;NÃO SE APLICA;2000;20200429;1429.97;0;0;1429.97;0;1429.97;0;0;0;0;0
3110004;303;02;382336;2020;12;12 - EDUCAÇÃO;122 - ADMINISTRAÇÃO GERAL;0002 - GESTÃO DA SECRETARIA MUNICIPAL DE EDUCAÇÃO;2001 - REMUNERAÇÃO PESSOAL DA SECRETARIA;;3.1.90.13.03 - 3.1.90.13.03;101 - RECEITAS DE IMPOSTOS E DE TRANSFERÊNCIAS DE IMPOSTOS VINCULADOS À EDUCAÇÃO;NÃO SE APLICA;5899;20201214;8387.67;0;0;8387.67;0;8387.67;0;0;0;0;0
3110004;303;02;382336;2020;9;12 - EDUCAÇÃO;361 - ENSINO FUNDAMENTAL;0003 - MANUTENÇÃO DA EDUCAÇÃO BÁSICA;2062 - MANUTENÇÃO DO ENSINO FUNDAMENTAL;;3.3.90.39.60 - 3.3.90.39.60;101 - RECEITAS DE IMPOSTOS E DE TRANSFERÊNCIAS DE IMPOSTOS VINCULADOS À EDUCAÇÃO;NÃO SE APLICA;2685;20200529;0;0;0;3589.96;0;3589.96;0;0;0;0;-3589.96
3110004;303;02;382336;2020;4;12 - EDUCAÇÃO;361 - ENSINO FUNDAMENTAL;0003 - MANUTENÇÃO DA EDUCAÇÃO BÁSICA;2482 - REMUNERAÇÃO PESSOAL DO ENSINO FUNDAMENTAL;;3.1.90.13.03 - 3.1.90.13.03;101 - RECEITAS DE IMPOSTOS E DE TRANSFERÊNCIAS DE IMPOSTOS VINCULADOS À EDUCAÇÃO;NÃO SE APLICA;2104;20200429;24248.96;0;0;24248.96;0;1628.43;0;0;0;22620.53;0
3110004;303;02;382336;2020;9;12 - EDUCAÇÃO;361 - ENSINO FUNDAMENTAL;0013 - TRANSFERÊNCIA AS CAIXAS ESCOLARES;2032 - CONTRIBUIÇÃO AS ESCOLAS MUNICIPAIS;;3.3.50.41.00 - 3.3.50.41.00;101 - RECEITAS DE IMPOSTOS E DE TRANSFERÊNCIAS DE IMPOSTOS VINCULADOS À EDUCAÇÃO;NÃO SE APLICA;4418;20200923;2000;0;0;2000;0;0;0;0;0;2000;0
3110004;303;02;382336;2020;12;12 - EDUCAÇÃO;361 - ENSINO FUNDAMENTAL;0019 - GESTÃO DO TRANSPORTE ESCOLAR;2042 - REMUNERAÇÃO PESSOAL TRANSPORTE ESCOLAR ENSINO FUNDAMENTAL;;3.1.90.13.01 - 3.1.90.13.01;101 - RECEITAS DE IMPOSTOS E DE TRANSFERÊNCIAS DE IMPOSTOS VINCULADOS À EDUCAÇÃO;NÃO SE APLICA;5542;20201127;0;0;0;0;0;286.15;0;0;0;-286.15;0
3110004;303;02;382336;2020;6;12 - EDUCAÇÃO;122 - ADMINISTRAÇÃO GERAL;0002 - GESTÃO DA SECRETARIA MUNICIPAL DE EDUCAÇÃO;2001 - REMUNERAÇÃO PESSOAL DA SECRETARIA;;3.1.90.13.01 - 3.1.90.13.01;101 - RECEITAS DE IMPOSTOS E DE TRANSFERÊNCIAS DE IMPOSTOS VINCULADOS À EDUCAÇÃO;NÃO SE APLICA;3101;20200630;3242.39;0;0;3242.39;0;0;0;0;0;3242.39;0
3110004;303;02;382336;2020;10;12 - EDUCAÇÃO;122 - ADMINISTRAÇÃO GERAL;0002 - GESTÃO DA SECRETARIA MUNICIPAL DE EDUCAÇÃO;2002 - MANUTENÇÃO DA SECRETARIA;;4.4.90.52.18 - 4.4.90.52.18;101 - RECEITAS DE IMPOSTOS E DE TRANSFERÊNCIAS DE IMPOSTOS VINCULADOS À EDUCAÇÃO;NÃO SE APLICA;4932;20201026;19400;0;0;0;0;0;0;0;0;0;19400
3110004;303;02;382336;2020;10;12 - EDUCAÇÃO;122 - ADMINISTRAÇÃO GERAL;0002 - GESTÃO DA SECRETARIA MUNICIPAL DE EDUCAÇÃO;2002 - MANUTENÇÃO DA SECRETARIA;;3.3.90.14.05 - 3.3.90.14.05;101 - RECEITAS DE IMPOSTOS E DE TRANSFERÊNCIAS DE IMPOSTOS VINCULADOS À EDUCAÇÃO;NÃO SE APLICA;4776;20201006;23.6;0;0;23.6;0;23.6;0;0;0;0;0
3110004;303;02;382336;2020;8;12 - EDUCAÇÃO;361 - ENSINO FUNDAMENTAL;0027 - GESTÃO DO CENTRO ESPECIALIZADO DE ATENÇÃO À CRIANÇA E AO ADOLESCENTE;2049 - MANUTENÇÃO DO CEACA;;3.1.90.13.03 - 3.1.90.13.03;101 - RECEITAS DE IMPOSTOS E DE TRANSFERÊNCIAS DE IMPOSTOS VINCULADOS À EDUCAÇÃO;NÃO SE APLICA;4103;20200828;3275.35;0;0;3275.35;0;0;0;0;0;3275.35;0
3110004;303;02;382336;2020;3;12 - EDUCAÇÃO;365 - EDUCAÇÃO INFANTIL;0003 - MANUTENÇÃO DA EDUCAÇÃO BÁSICA;2483 - REMUNERAÇÃO PESSOAL DA EDUCAÇÃO INFANTIL;;3.1.90.13.01 - 3.1.90.13.01;101 - RECEITAS DE IMPOSTOS E DE TRANSFERÊNCIAS DE IMPOSTOS VINCULADOS À EDUCAÇÃO;NÃO SE APLICA;1151;20200221;0;0;0;0;0;6131.38;0;0;0;-6131.38;0
3110004;303;02;382336;2020;12;12 - EDUCAÇÃO;122 - ADMINISTRAÇÃO GERAL;0002 - GESTÃO DA SECRETARIA MUNICIPAL DE EDUCAÇÃO;2001 - REMUNERAÇÃO PESSOAL DA SECRETARIA;;3.1.90.13.01 - 3.1.90.13.01;101 - RECEITAS DE IMPOSTOS E DE TRANSFERÊNCIAS DE IMPOSTOS VINCULADOS À EDUCAÇÃO;NÃO SE APLICA;6249;20201228;6458.78;0;0;6458.78;0;6458.78;0;0;0;0;0
3110004;303;02;382336;2020;2;12 - EDUCAÇÃO;365 - EDUCAÇÃO INFANTIL;0221 - MANUTENÇÃO DA EDUCAÇÃO BÁSICA;2407 - REMUNERAÇÃO PESSOAL EDUCAÇÃO INFANTILCRECHE;;3.1.90.13.01 - 3.1.90.13.01;101 - RECEITAS DE IMPOSTOS E DE TRANSFERÊNCIAS DE IMPOSTOS VINCULADOS À EDUCAÇÃO;NÃO SE APLICA;491;20200130;0;0;0;0;0;1097.16;0;0;0;-1097.16;0
3110004;303;02;382336;2020;1;12 - EDUCAÇÃO;122 - ADMINISTRAÇÃO GERAL;0002 - GESTÃO DA SECRETARIA MUNICIPAL DE EDUCAÇÃO;2002 - MANUTENÇÃO DA SECRETARIA;;3.3.90.49.00 - 3.3.90.49.00;101 - RECEITAS DE IMPOSTOS E DE TRANSFERÊNCIAS DE IMPOSTOS VINCULADOS À EDUCAÇÃO;NÃO SE APLICA;225;20200120;215920;0;0;8709.25;0;8709.25;0;0;0;0;207210.75
3110004;303;02;382336;2020;2;12 - EDUCAÇÃO;366 - EDUCAÇÃO DE JOVENS E ADULTOS;0003 - MANUTENÇÃO DA EDUCAÇÃO BÁSICA;1407 - MANUTENÇÃO DO PROGRAMA DE EDUCAÇÃO PARA JOVENS E ADULTOS;;3.3.90.32.99 - 3.3.90.32.99;101 - RECEITAS DE IMPOSTOS E DE TRANSFERÊNCIAS DE IMPOSTOS VINCULADOS À EDUCAÇÃO;NÃO SE APLICA;912;20200218;6523.95;0;0;0;0;0;0;0;0;0;6523.95
3110004;303;02;382336;2020;4;12 - EDUCAÇÃO;122 - ADMINISTRAÇÃO GERAL;0002 - GESTÃO DA SECRETARIA MUNICIPAL DE EDUCAÇÃO;2001 - REMUNERAÇÃO PESSOAL DA SECRETARIA;;3.1.90.11.05 - 3.1.90.11.05;101 - RECEITAS DE IMPOSTOS E DE TRANSFERÊNCIAS DE IMPOSTOS VINCULADOS À EDUCAÇÃO;NÃO SE APLICA;1987;20200429;13131.47;0;0;13131.47;0;13131.47;0;0;0;0;0
3110004;303;02;382336;2020;3;12 - EDUCAÇÃO;361 - ENSINO FUNDAMENTAL;0027 - GESTÃO DO CENTRO ESPECIALIZADO DE ATENÇÃO À CRIANÇA E AO ADOLESCENTE;2049 - MANUTENÇÃO DO CEACA;;3.1.90.13.03 - 3.1.90.13.03;101 - RECEITAS DE IMPOSTOS E DE TRANSFERÊNCIAS DE IMPOSTOS VINCULADOS À EDUCAÇÃO;NÃO SE APLICA;1636;20200327;3851.41;0;0;3851.41;0;0;0;0;0;3851.41;0
3110004;303;02;382336;2020;7;12 - EDUCAÇÃO;122 - ADMINISTRAÇÃO GERAL;0002 - GESTÃO DA SECRETARIA MUNICIPAL DE EDUCAÇÃO;2001 - REMUNERAÇÃO PESSOAL DA SECRETARIA;;3.1.90.11.11 - 3.1.90.11.11;101 - RECEITAS DE IMPOSTOS E DE TRANSFERÊNCIAS DE IMPOSTOS VINCULADOS À EDUCAÇÃO;NÃO SE APLICA;3496;20200731;27968.56;0;0;27968.56;0;27968.56;0;0;0;0;0
3110004;303;02;382336;2020;9;12 - EDUCAÇÃO;122 - ADMINISTRAÇÃO GERAL;0002 - GESTÃO DA SECRETARIA MUNICIPAL DE EDUCAÇÃO;2001 - REMUNERAÇÃO PESSOAL DA SECRETARIA;;3.1.90.13.03 - 3.1.90.13.03;101 - RECEITAS DE IMPOSTOS E DE TRANSFERÊNCIAS DE IMPOSTOS VINCULADOS À EDUCAÇÃO;NÃO SE APLICA;4095;20200828;0;0;0;0;0;9015.03;0;0;0;-9015.03;0
3110004;303;02;382336;2020;11;12 - EDUCAÇÃO;122 - ADMINISTRAÇÃO GERAL;0002 - GESTÃO DA SECRETARIA MUNICIPAL DE EDUCAÇÃO;2002 - MANUTENÇÃO DA SECRETARIA;;3.3.90.36.14 - 3.3.90.36.14;101 - RECEITAS DE IMPOSTOS E DE TRANSFERÊNCIAS DE IMPOSTOS VINCULADOS À EDUCAÇÃO;NÃO SE APLICA;1286;20200304;0;0;0;3234.66;0;1617.33;0;0;0;1617.33;-3234.66
3110004;303;02;382336;2020;5;12 - EDUCAÇÃO;122 - ADMINISTRAÇÃO GERAL;0002 - GESTÃO DA SECRETARIA MUNICIPAL DE EDUCAÇÃO;2001 - REMUNERAÇÃO PESSOAL DA SECRETARIA;;3.1.90.11.05 - 3.1.90.11.05;101 - RECEITAS DE IMPOSTOS E DE TRANSFERÊNCIAS DE IMPOSTOS VINCULADOS À EDUCAÇÃO;NÃO SE APLICA;2470;20200529;12744.25;0;0;12744.25;0;12744.25;0;0;0;0;0
3110004;303;02;382336;2020;10;12 - EDUCAÇÃO;122 - ADMINISTRAÇÃO GERAL;0002 - GESTÃO DA SECRETARIA MUNICIPAL DE EDUCAÇÃO;2002 - MANUTENÇÃO DA SECRETARIA;;3.3.90.14.05 - 3.3.90.14.05;101 - RECEITAS DE IMPOSTOS E DE TRANSFERÊNCIAS DE IMPOSTOS VINCULADOS À EDUCAÇÃO;NÃO SE APLICA;4885;20201023;141.6;0;0;141.6;0;141.6;0;0;0;0;0
3110004;303;02;382336;2020;10;12 - EDUCAÇÃO;122 - ADMINISTRAÇÃO GERAL;0002 - GESTÃO DA SECRETARIA MUNICIPAL DE EDUCAÇÃO;2002 - MANUTENÇÃO DA SECRETARIA;;3.3.90.39.13 - 3.3.90.39.13;101 - RECEITAS DE IMPOSTOS E DE TRANSFERÊNCIAS DE IMPOSTOS VINCULADOS À EDUCAÇÃO;NÃO SE APLICA;4755;20201002;23400;0;0;4343.4;0;4343.4;0;0;0;0;19056.6
3110004;303;02;382336;2020;9;12 - EDUCAÇÃO;361 - ENSINO FUNDAMENTAL;0019 - GESTÃO DO TRANSPORTE ESCOLAR;2042 - REMUNERAÇÃO PESSOAL TRANSPORTE ESCOLAR ENSINO FUNDAMENTAL;;3.1.90.13.01 - 3.1.90.13.01;101 - RECEITAS DE IMPOSTOS E DE TRANSFERÊNCIAS DE IMPOSTOS VINCULADOS À EDUCAÇÃO;NÃO SE APLICA;4648;20200930;326.24;0;0;326.24;0;0;0;0;0;326.24;0
3110004;303;02;382336;2020;8;12 - EDUCAÇÃO;361 - ENSINO FUNDAMENTAL;0003 - MANUTENÇÃO DA EDUCAÇÃO BÁSICA;2482 - REMUNERAÇÃO PESSOAL DO ENSINO FUNDAMENTAL;;3.1.90.13.03 - 3.1.90.13.03;101 - RECEITAS DE IMPOSTOS E DE TRANSFERÊNCIAS DE IMPOSTOS VINCULADOS À EDUCAÇÃO;NÃO SE APLICA;3619;20200731;0;0;0;0;0;19637.21;0;0;0;-19637.21;0
3110004;303;02;382336;2020;7;12 - EDUCAÇÃO;122 - ADMINISTRAÇÃO GERAL;0002 - GESTÃO DA SECRETARIA MUNICIPAL DE EDUCAÇÃO;2002 - MANUTENÇÃO DA SECRETARIA;;3.3.90.14.05 - 3.3.90.14.05;101 - RECEITAS DE IMPOSTOS E DE TRANSFERÊNCIAS DE IMPOSTOS VINCULADOS À EDUCAÇÃO;NÃO SE APLICA;3278;20200708;47.2;0;0;47.2;0;47.2;0;0;0;0;0
3110004;303;02;382336;2020;9;12 - EDUCAÇÃO;122 - ADMINISTRAÇÃO GERAL;0002 - GESTÃO DA SECRETARIA MUNICIPAL DE EDUCAÇÃO;2002 - MANUTENÇÃO DA SECRETARIA;;3.3.90.39.43 - 3.3.90.39.43;101 - RECEITAS DE IMPOSTOS E DE TRANSFERÊNCIAS DE IMPOSTOS VINCULADOS À EDUCAÇÃO;NÃO SE APLICA;4223;20200901;12000;0;0;166.66;0;166.66;0;0;0;0;11833.34
3110004;303;02;382336;2020;3;12 - EDUCAÇÃO;361 - ENSINO FUNDAMENTAL;0003 - MANUTENÇÃO DA EDUCAÇÃO BÁSICA;2062 - MANUTENÇÃO DO ENSINO FUNDAMENTAL;;3.3.90.30.16 - 3.3.90.30.16;101 - RECEITAS DE IMPOSTOS E DE TRANSFERÊNCIAS DE IMPOSTOS VINCULADOS À EDUCAÇÃO;NÃO SE APLICA;937;20200221;0;0;0;3104;0;3104;0;0;0;0;-3104
3110004;303;02;382336;2020;6;12 - EDUCAÇÃO;122 - ADMINISTRAÇÃO GERAL;0002 - GESTÃO DA SECRETARIA MUNICIPAL DE EDUCAÇÃO;2002 - MANUTENÇÃO DA SECRETARIA;;3.3.90.36.14 - 3.3.90.36.14;101 - RECEITAS DE IMPOSTOS E DE TRANSFERÊNCIAS DE IMPOSTOS VINCULADOS À EDUCAÇÃO;NÃO SE APLICA;1286;20200304;0;0;0;1617.33;0;1617.33;0;0;0;0;-1617.33
3110004;303;02;382336;2020;6;12 - EDUCAÇÃO;122 - ADMINISTRAÇÃO GERAL;0002 - GESTÃO DA SECRETARIA MUNICIPAL DE EDUCAÇÃO;2002 - MANUTENÇÃO DA SECRETARIA;;3.3.90.14.05 - 3.3.90.14.05;101 - RECEITAS DE IMPOSTOS E DE TRANSFERÊNCIAS DE IMPOSTOS VINCULADOS À EDUCAÇÃO;NÃO SE APLICA;2788;20200610;141.6;0;0;141.6;0;141.6;0;0;0;0;0
3110004;303;02;382336;2020;12;12 - EDUCAÇÃO;365 - EDUCAÇÃO INFANTIL;0221 - MANUTENÇÃO DA EDUCAÇÃO BÁSICA;2407 - REMUNERAÇÃO PESSOAL EDUCAÇÃO INFANTILCRECHE;;3.1.90.11.05 - 3.1.90.11.05;101 - RECEITAS DE IMPOSTOS E DE TRANSFERÊNCIAS DE IMPOSTOS VINCULADOS À EDUCAÇÃO;NÃO SE APLICA;6142;20201228;8404.52;0;0;8404.52;0;8404.52;0;0;0;0;0
3110004;303;02;382336;2020;12;12 - EDUCAÇÃO;122 - ADMINISTRAÇÃO GERAL;0002 - GESTÃO DA SECRETARIA MUNICIPAL DE EDUCAÇÃO;2002 - MANUTENÇÃO DA SECRETARIA;;3.3.90.30.16 - 3.3.90.30.16;101 - RECEITAS DE IMPOSTOS E DE TRANSFERÊNCIAS DE IMPOSTOS VINCULADOS À EDUCAÇÃO;NÃO SE APLICA;5956;20201214;1159.48;0;0;0;0;0;0;0;0;0;1159.48
3110004;303;02;382336;2020;12;12 - EDUCAÇÃO;122 - ADMINISTRAÇÃO GERAL;0002 - GESTÃO DA SECRETARIA MUNICIPAL DE EDUCAÇÃO;2002 - MANUTENÇÃO DA SECRETARIA;;3.3.90.35.06 - 3.3.90.35.06;101 - RECEITAS DE IMPOSTOS E DE TRANSFERÊNCIAS DE IMPOSTOS VINCULADOS À EDUCAÇÃO;NÃO SE APLICA;6055;20201218;4400;0;0;0;0;0;0;0;0;0;4400
3110004;303;02;382336;2020;3;12 - EDUCAÇÃO;122 - ADMINISTRAÇÃO GERAL;0002 - GESTÃO DA SECRETARIA MUNICIPAL DE EDUCAÇÃO;2002 - MANUTENÇÃO DA SECRETARIA;;3.3.90.14.05 - 3.3.90.14.05;101 - RECEITAS DE IMPOSTOS E DE TRANSFERÊNCIAS DE IMPOSTOS VINCULADOS À EDUCAÇÃO;NÃO SE APLICA;1395;20200313;47.2;0;0;47.2;0;47.2;0;0;0;0;0
3110004;303;02;382336;2020;4;12 - EDUCAÇÃO;365 - EDUCAÇÃO INFANTIL;0221 - MANUTENÇÃO DA EDUCAÇÃO BÁSICA;2407 - REMUNERAÇÃO PESSOAL EDUCAÇÃO INFANTILCRECHE;;3.1.90.11.11 - 3.1.90.11.11;101 - RECEITAS DE IMPOSTOS E DE TRANSFERÊNCIAS DE IMPOSTOS VINCULADOS À EDUCAÇÃO;NÃO SE APLICA;2005;20200429;6784.7;0;0;6784.7;0;6784.7;0;0;0;0;0
3110004;303;02;382336;2020;10;12 - EDUCAÇÃO;122 - ADMINISTRAÇÃO GERAL;0002 - GESTÃO DA SECRETARIA MUNICIPAL DE EDUCAÇÃO;2002 - MANUTENÇÃO DA SECRETARIA;;3.3.90.14.05 - 3.3.90.14.05;101 - RECEITAS DE IMPOSTOS E DE TRANSFERÊNCIAS DE IMPOSTOS VINCULADOS À EDUCAÇÃO;NÃO SE APLICA;4923;20201026;141.6;0;0;141.6;0;0;0;0;0;141.6;0
3110004;303;02;382336;2020;1;12 - EDUCAÇÃO;122 - ADMINISTRAÇÃO GERAL;0002 - GESTÃO DA SECRETARIA MUNICIPAL DE EDUCAÇÃO;2002 - MANUTENÇÃO DA SECRETARIA;;3.3.90.36.14 - 3.3.90.36.14;101 - RECEITAS DE IMPOSTOS E DE TRANSFERÊNCIAS DE IMPOSTOS VINCULADOS À EDUCAÇÃO;NÃO SE APLICA;78;20200108;3000;0;0;1500;0;0;0;0;0;1500;1500
3110004;303;02;382336;2020;5;12 - EDUCAÇÃO;361 - ENSINO FUNDAMENTAL;0027 - GESTÃO DO CENTRO ESPECIALIZADO DE ATENÇÃO À CRIANÇA E AO ADOLESCENTE;2049 - MANUTENÇÃO DO CEACA;;3.1.90.13.01 - 3.1.90.13.01;101 - RECEITAS DE IMPOSTOS E DE TRANSFERÊNCIAS DE IMPOSTOS VINCULADOS À EDUCAÇÃO;NÃO SE APLICA;2107;20200429;0;0;0;0;0;1249.73;0;0;0;-1249.73;0
3110004;303;02;382336;2020;7;12 - EDUCAÇÃO;361 - ENSINO FUNDAMENTAL;0003 - MANUTENÇÃO DA EDUCAÇÃO BÁSICA;2482 - REMUNERAÇÃO PESSOAL DO ENSINO FUNDAMENTAL;;3.1.90.13.01 - 3.1.90.13.01;101 - RECEITAS DE IMPOSTOS E DE TRANSFERÊNCIAS DE IMPOSTOS VINCULADOS À EDUCAÇÃO;NÃO SE APLICA;3105;20200630;0;0;0;0;0;8095.05;0;0;0;-8095.05;0
3110004;303;02;382336;2020;11;12 - EDUCAÇÃO;365 - EDUCAÇÃO INFANTIL;0003 - MANUTENÇÃO DA EDUCAÇÃO BÁSICA;2483 - REMUNERAÇÃO PESSOAL DA EDUCAÇÃO INFANTIL;;3.1.90.13.03 - 3.1.90.13.03;101 - RECEITAS DE IMPOSTOS E DE TRANSFERÊNCIAS DE IMPOSTOS VINCULADOS À EDUCAÇÃO;NÃO SE APLICA;5132;20201029;0;0;0;0;0;224.97;0;0;0;-224.97;0
3110004;303;02;382336;2020;7;12 - EDUCAÇÃO;122 - ADMINISTRAÇÃO GERAL;0002 - GESTÃO DA SECRETARIA MUNICIPAL DE EDUCAÇÃO;2002 - MANUTENÇÃO DA SECRETARIA;;3.3.90.39.43 - 3.3.90.39.43;101 - RECEITAS DE IMPOSTOS E DE TRANSFERÊNCIAS DE IMPOSTOS VINCULADOS À EDUCAÇÃO;NÃO SE APLICA;195;20200115;0;0;0;2515.06;0;2515.06;0;0;0;0;-2515.06
3110004;303;02;382336;2020;12;12 - EDUCAÇÃO;365 - EDUCAÇÃO INFANTIL;0221 - MANUTENÇÃO DA EDUCAÇÃO BÁSICA;2407 - REMUNERAÇÃO PESSOAL EDUCAÇÃO INFANTILCRECHE;;3.1.90.13.01 - 3.1.90.13.01;101 - RECEITAS DE IMPOSTOS E DE TRANSFERÊNCIAS DE IMPOSTOS VINCULADOS À EDUCAÇÃO;NÃO SE APLICA;5548;20201127;0;0;0;0;0;1151.65;0;0;0;-1151.65;0
3110004;303;02;382336;2020;6;12 - EDUCAÇÃO;361 - ENSINO FUNDAMENTAL;0027 - GESTÃO DO CENTRO ESPECIALIZADO DE ATENÇÃO À CRIANÇA E AO ADOLESCENTE;2049 - MANUTENÇÃO DO CEACA;;3.1.90.11.11 - 3.1.90.11.11;101 - RECEITAS DE IMPOSTOS E DE TRANSFERÊNCIAS DE IMPOSTOS VINCULADOS À EDUCAÇÃO;NÃO SE APLICA;2997;20200630;14284.22;0;0;14284.22;0;14284.22;0;0;0;0;0
3110004;303;02;382336;2020;2;12 - EDUCAÇÃO;122 - ADMINISTRAÇÃO GERAL;0002 - GESTÃO DA SECRETARIA MUNICIPAL DE EDUCAÇÃO;2001 - REMUNERAÇÃO PESSOAL DA SECRETARIA;;3.1.90.16.00 - 3.1.90.16.00;101 - RECEITAS DE IMPOSTOS E DE TRANSFERÊNCIAS DE IMPOSTOS VINCULADOS À EDUCAÇÃO;NÃO SE APLICA;1029;20200221;413.22;0;0;413.22;0;413.22;0;0;0;0;0
3110004;303;02;382336;2020;10;12 - EDUCAÇÃO;361 - ENSINO FUNDAMENTAL;0013 - TRANSFERÊNCIA AS CAIXAS ESCOLARES;2032 - CONTRIBUIÇÃO AS ESCOLAS MUNICIPAIS;;3.3.50.41.00 - 3.3.50.41.00;101 - RECEITAS DE IMPOSTOS E DE TRANSFERÊNCIAS DE IMPOSTOS VINCULADOS À EDUCAÇÃO;NÃO SE APLICA;4433;20200923;0;0;0;0;0;2400;0;0;0;-2400;0
3110004;303;02;382336;2020;12;12 - EDUCAÇÃO;361 - ENSINO FUNDAMENTAL;0019 - GESTÃO DO TRANSPORTE ESCOLAR;2042 - REMUNERAÇÃO PESSOAL TRANSPORTE ESCOLAR ENSINO FUNDAMENTAL;;3.1.90.11.11 - 3.1.90.11.11;101 - RECEITAS DE IMPOSTOS E DE TRANSFERÊNCIAS DE IMPOSTOS VINCULADOS À EDUCAÇÃO;NÃO SE APLICA;5811;20201214;3686.73;0;0;3686.73;0;3686.73;0;0;0;0;0
3110004;303;02;382336;2020;10;12 - EDUCAÇÃO;365 - EDUCAÇÃO INFANTIL;0003 - MANUTENÇÃO DA EDUCAÇÃO BÁSICA;2483 - REMUNERAÇÃO PESSOAL DA EDUCAÇÃO INFANTIL;;3.1.90.13.03 - 3.1.90.13.03;101 - RECEITAS DE IMPOSTOS E DE TRANSFERÊNCIAS DE IMPOSTOS VINCULADOS À EDUCAÇÃO;NÃO SE APLICA;5132;20201029;273.59;0;0;273.59;0;48.62;0;0;0;224.97;0
3110004;303;02;382336;2020;12;12 - EDUCAÇÃO;365 - EDUCAÇÃO INFANTIL;0003 - MANUTENÇÃO DA EDUCAÇÃO BÁSICA;2006 - MANUTENÇÃO DA EDUCAÇÃO INFANTIL;;3.3.90.30.24 - 3.3.90.30.24;101 - RECEITAS DE IMPOSTOS E DE TRANSFERÊNCIAS DE IMPOSTOS VINCULADOS À EDUCAÇÃO;NÃO SE APLICA;6337;20201228;363.1;0;0;363.1;0;363.1;0;0;0;0;0
3110004;303;02;382336;2020;2;12 - EDUCAÇÃO;122 - ADMINISTRAÇÃO GERAL;0002 - GESTÃO DA SECRETARIA MUNICIPAL DE EDUCAÇÃO;2002 - MANUTENÇÃO DA SECRETARIA;;3.3.90.39.43 - 3.3.90.39.43;101 - RECEITAS DE IMPOSTOS E DE TRANSFERÊNCIAS DE IMPOSTOS VINCULADOS À EDUCAÇÃO;NÃO SE APLICA;195;20200115;0;0;0;2628.77;0;2628.77;0;0;0;0;-2628.77
3110004;303;02;382336;2020;6;12 - EDUCAÇÃO;361 - ENSINO FUNDAMENTAL;0003 - MANUTENÇÃO DA EDUCAÇÃO BÁSICA;2482 - REMUNERAÇÃO PESSOAL DO ENSINO FUNDAMENTAL;;3.1.90.16.00 - 3.1.90.16.00;101 - RECEITAS DE IMPOSTOS E DE TRANSFERÊNCIAS DE IMPOSTOS VINCULADOS À EDUCAÇÃO;NÃO SE APLICA;2993;20200630;116.85;0;0;116.85;0;116.85;0;0;0;0;0
3110004;303;02;382336;2020;11;12 - EDUCAÇÃO;365 - EDUCAÇÃO INFANTIL;0221 - MANUTENÇÃO DA EDUCAÇÃO BÁSICA;2407 - REMUNERAÇÃO PESSOAL EDUCAÇÃO INFANTILCRECHE;;3.1.90.13.03 - 3.1.90.13.03;101 - RECEITAS DE IMPOSTOS E DE TRANSFERÊNCIAS DE IMPOSTOS VINCULADOS À EDUCAÇÃO;NÃO SE APLICA;5549;20201127;3018.28;0;0;3018.28;0;48.62;0;0;0;2969.66;0
3110004;303;02;382336;2020;2;12 - EDUCAÇÃO;122 - ADMINISTRAÇÃO GERAL;0002 - GESTÃO DA SECRETARIA MUNICIPAL DE EDUCAÇÃO;2001 - REMUNERAÇÃO PESSOAL DA SECRETARIA;;3.1.90.11.11 - 3.1.90.11.11;101 - RECEITAS DE IMPOSTOS E DE TRANSFERÊNCIAS DE IMPOSTOS VINCULADOS À EDUCAÇÃO;NÃO SE APLICA;1028;20200221;39092.79;0;0;39092.79;0;39092.79;0;0;0;0;0
3110004;303;02;382336;2020;3;12 - EDUCAÇÃO;365 - EDUCAÇÃO INFANTIL;0003 - MANUTENÇÃO DA EDUCAÇÃO BÁSICA;2483 - REMUNERAÇÃO PESSOAL DA EDUCAÇÃO INFANTIL;;3.1.90.16.00 - 3.1.90.16.00;101 - RECEITAS DE IMPOSTOS E DE TRANSFERÊNCIAS DE IMPOSTOS VINCULADOS À EDUCAÇÃO;NÃO SE APLICA;1531;20200327;232.19;0;0;232.19;0;232.19;0;0;0;0;0
3110004;303;02;382336;2020;11;12 - EDUCAÇÃO;361 - ENSINO FUNDAMENTAL;0003 - MANUTENÇÃO DA EDUCAÇÃO BÁSICA;2482 - REMUNERAÇÃO PESSOAL DO ENSINO FUNDAMENTAL;;3.1.90.13.01 - 3.1.90.13.01;101 - RECEITAS DE IMPOSTOS E DE TRANSFERÊNCIAS DE IMPOSTOS VINCULADOS À EDUCAÇÃO;NÃO SE APLICA;5540;20201127;8143.46;0;0;8143.46;0;0;0;0;0;8143.46;0
3110004;303;02;382336;2020;11;12 - EDUCAÇÃO;365 - EDUCAÇÃO INFANTIL;0003 - MANUTENÇÃO DA EDUCAÇÃO BÁSICA;2006 - MANUTENÇÃO DA EDUCAÇÃO INFANTIL;;4.4.90.52.17 - 4.4.90.52.17;101 - RECEITAS DE IMPOSTOS E DE TRANSFERÊNCIAS DE IMPOSTOS VINCULADOS À EDUCAÇÃO;NÃO SE APLICA;4366;20200917;0;0;0;3783;0;3783;0;0;0;0;-3783
3110004;303;02;382336;2020;2;12 - EDUCAÇÃO;122 - ADMINISTRAÇÃO GERAL;0002 - GESTÃO DA SECRETARIA MUNICIPAL DE EDUCAÇÃO;2002 - MANUTENÇÃO DA SECRETARIA;;3.3.90.36.14 - 3.3.90.36.14;101 - RECEITAS DE IMPOSTOS E DE TRANSFERÊNCIAS DE IMPOSTOS VINCULADOS À EDUCAÇÃO;NÃO SE APLICA;78;20200108;0;0;0;1500;0;3000;0;0;0;-1500;-1500
3110004;303;02;382336;2020;11;12 - EDUCAÇÃO;361 - ENSINO FUNDAMENTAL;0003 - MANUTENÇÃO DA EDUCAÇÃO BÁSICA;2482 - REMUNERAÇÃO PESSOAL DO ENSINO FUNDAMENTAL;;3.1.90.13.03 - 3.1.90.13.03;101 - RECEITAS DE IMPOSTOS E DE TRANSFERÊNCIAS DE IMPOSTOS VINCULADOS À EDUCAÇÃO;NÃO SE APLICA;5541;20201127;22343.87;0;0;22343.87;0;388.96;0;0;0;21954.91;0
3110004;303;02;382336;2020;7;12 - EDUCAÇÃO;122 - ADMINISTRAÇÃO GERAL;0002 - GESTÃO DA SECRETARIA MUNICIPAL DE EDUCAÇÃO;2001 - REMUNERAÇÃO PESSOAL DA SECRETARIA;;3.1.90.13.03 - 3.1.90.13.03;101 - RECEITAS DE IMPOSTOS E DE TRANSFERÊNCIAS DE IMPOSTOS VINCULADOS À EDUCAÇÃO;NÃO SE APLICA;3102;20200630;0;0;0;0;0;8497.56;0;0;0;-8497.56;0
3110004;303;02;382336;2020;8;12 - EDUCAÇÃO;122 - ADMINISTRAÇÃO GERAL;0002 - GESTÃO DA SECRETARIA MUNICIPAL DE EDUCAÇÃO;2002 - MANUTENÇÃO DA SECRETARIA;;3.3.90.35.06 - 3.3.90.35.06;101 - RECEITAS DE IMPOSTOS E DE TRANSFERÊNCIAS DE IMPOSTOS VINCULADOS À EDUCAÇÃO;NÃO SE APLICA;3936;20200826;8800;0;0;0;0;0;0;0;0;0;8800
3110004;303;02;382336;2020;10;12 - EDUCAÇÃO;122 - ADMINISTRAÇÃO GERAL;0002 - GESTÃO DA SECRETARIA MUNICIPAL DE EDUCAÇÃO;2001 - REMUNERAÇÃO PESSOAL DA SECRETARIA;;3.1.90.11.11 - 3.1.90.11.11;101 - RECEITAS DE IMPOSTOS E DE TRANSFERÊNCIAS DE IMPOSTOS VINCULADOS À EDUCAÇÃO;NÃO SE APLICA;5005;20201029;27519.78;0;0;27519.78;0;27519.78;0;0;0;0;0
3110004;303;02;382336;2020;7;12 - EDUCAÇÃO;122 - ADMINISTRAÇÃO GERAL;0002 - GESTÃO DA SECRETARIA MUNICIPAL DE EDUCAÇÃO;2002 - MANUTENÇÃO DA SECRETARIA;;3.3.90.39.05 - 3.3.90.39.05;101 - RECEITAS DE IMPOSTOS E DE TRANSFERÊNCIAS DE IMPOSTOS VINCULADOS À EDUCAÇÃO;NÃO SE APLICA;3463;20200731;96120;0;0;0;0;0;0;0;0;0;96120
3110004;303;02;382336;2020;4;12 - EDUCAÇÃO;122 - ADMINISTRAÇÃO GERAL;0002 - GESTÃO DA SECRETARIA MUNICIPAL DE EDUCAÇÃO;2001 - REMUNERAÇÃO PESSOAL DA SECRETARIA;;3.1.90.13.01 - 3.1.90.13.01;101 - RECEITAS DE IMPOSTOS E DE TRANSFERÊNCIAS DE IMPOSTOS VINCULADOS À EDUCAÇÃO;NÃO SE APLICA;2099;20200429;5980.69;0;0;5980.69;0;0;0;0;0;5980.69;0
3110004;303;02;382336;2020;12;12 - EDUCAÇÃO;122 - ADMINISTRAÇÃO GERAL;0002 - GESTÃO DA SECRETARIA MUNICIPAL DE EDUCAÇÃO;2001 - REMUNERAÇÃO PESSOAL DA SECRETARIA;;3.1.90.13.01 - 3.1.90.13.01;101 - RECEITAS DE IMPOSTOS E DE TRANSFERÊNCIAS DE IMPOSTOS VINCULADOS À EDUCAÇÃO;NÃO SE APLICA;5536;20201127;0;0;0;0;0;3278.87;0;0;0;-3278.87;0
3110004;303;02;382336;2020;11;12 - EDUCAÇÃO;365 - EDUCAÇÃO INFANTIL;0003 - MANUTENÇÃO DA EDUCAÇÃO BÁSICA;2483 - REMUNERAÇÃO PESSOAL DA EDUCAÇÃO INFANTIL;;3.1.90.11.11 - 3.1.90.11.11;101 - RECEITAS DE IMPOSTOS E DE TRANSFERÊNCIAS DE IMPOSTOS VINCULADOS À EDUCAÇÃO;NÃO SE APLICA;5428;20201127;1304.97;0;0;1304.97;0;1304.97;0;0;0;0;0
3110004;303;02;382336;2020;12;12 - EDUCAÇÃO;361 - ENSINO FUNDAMENTAL;0027 - GESTÃO DO CENTRO ESPECIALIZADO DE ATENÇÃO À CRIANÇA E AO ADOLESCENTE;2049 - MANUTENÇÃO DO CEACA;;3.1.90.13.03 - 3.1.90.13.03;101 - RECEITAS DE IMPOSTOS E DE TRANSFERÊNCIAS DE IMPOSTOS VINCULADOS À EDUCAÇÃO;NÃO SE APLICA;6258;20201228;3275.35;0;0;3275.35;0;3275.35;0;0;0;0;0
3110004;303;02;382336;2020;6;12 - EDUCAÇÃO;361 - ENSINO FUNDAMENTAL;0003 - MANUTENÇÃO DA EDUCAÇÃO BÁSICA;2482 - REMUNERAÇÃO PESSOAL DO ENSINO FUNDAMENTAL;;3.1.90.13.01 - 3.1.90.13.01;101 - RECEITAS DE IMPOSTOS E DE TRANSFERÊNCIAS DE IMPOSTOS VINCULADOS À EDUCAÇÃO;NÃO SE APLICA;2590;20200529;0;0;0;0;0;8087.51;0;0;0;-8087.51;0
3110004;303;02;382336;2020;12;12 - EDUCAÇÃO;361 - ENSINO FUNDAMENTAL;0019 - GESTÃO DO TRANSPORTE ESCOLAR;2042 - REMUNERAÇÃO PESSOAL TRANSPORTE ESCOLAR ENSINO FUNDAMENTAL;;3.1.90.16.00 - 3.1.90.16.00;101 - RECEITAS DE IMPOSTOS E DE TRANSFERÊNCIAS DE IMPOSTOS VINCULADOS À EDUCAÇÃO;NÃO SE APLICA;6139;20201228;175.45;0;0;175.45;0;175.45;0;0;0;0;0
3110004;303;02;382336;2020;5;12 - EDUCAÇÃO;365 - EDUCAÇÃO INFANTIL;0003 - MANUTENÇÃO DA EDUCAÇÃO BÁSICA;2483 - REMUNERAÇÃO PESSOAL DA EDUCAÇÃO INFANTIL;;3.1.90.13.03 - 3.1.90.13.03;101 - RECEITAS DE IMPOSTOS E DE TRANSFERÊNCIAS DE IMPOSTOS VINCULADOS À EDUCAÇÃO;NÃO SE APLICA;2110;20200429;0;0;0;0;0;610.86;0;0;0;-610.86;0
3110004;303;02;382336;2020;9;12 - EDUCAÇÃO;361 - ENSINO FUNDAMENTAL;0003 - MANUTENÇÃO DA EDUCAÇÃO BÁSICA;2482 - REMUNERAÇÃO PESSOAL DO ENSINO FUNDAMENTAL;;3.1.90.13.03 - 3.1.90.13.03;101 - RECEITAS DE IMPOSTOS E DE TRANSFERÊNCIAS DE IMPOSTOS VINCULADOS À EDUCAÇÃO;NÃO SE APLICA;4099;20200828;0;0;0;0;0;20914.07;0;0;0;-20914.07;0
3110004;303;02;382336;2020;12;12 - EDUCAÇÃO;366 - EDUCAÇÃO DE JOVENS E ADULTOS;0003 - MANUTENÇÃO DA EDUCAÇÃO BÁSICA;1407 - MANUTENÇÃO DO PROGRAMA DE EDUCAÇÃO PARA JOVENS E ADULTOS;;3.3.90.32.99 - 3.3.90.32.99;101 - RECEITAS DE IMPOSTOS E DE TRANSFERÊNCIAS DE IMPOSTOS VINCULADOS À EDUCAÇÃO;NÃO SE APLICA;5674;20201130;0;0;0;7188.63;0;7188.63;0;0;0;0;-7188.63
3110004;303;02;382336;2020;5;12 - EDUCAÇÃO;361 - ENSINO FUNDAMENTAL;0003 - MANUTENÇÃO DA EDUCAÇÃO BÁSICA;2482 - REMUNERAÇÃO PESSOAL DO ENSINO FUNDAMENTAL;;3.1.90.13.01 - 3.1.90.13.01;101 - RECEITAS DE IMPOSTOS E DE TRANSFERÊNCIAS DE IMPOSTOS VINCULADOS À EDUCAÇÃO;NÃO SE APLICA;2103;20200429;0;0;0;0;0;8660.54;0;0;0;-8660.54;0
3110004;303;02;382336;2020;8;12 - EDUCAÇÃO;122 - ADMINISTRAÇÃO GERAL;0002 - GESTÃO DA SECRETARIA MUNICIPAL DE EDUCAÇÃO;2001 - REMUNERAÇÃO PESSOAL DA SECRETARIA;;3.1.90.13.01 - 3.1.90.13.01;101 - RECEITAS DE IMPOSTOS E DE TRANSFERÊNCIAS DE IMPOSTOS VINCULADOS À EDUCAÇÃO;NÃO SE APLICA;3614;20200731;0;0;0;0;0;3257.03;0;0;0;-3257.03;0
3110004;303;02;382336;2020;5;12 - EDUCAÇÃO;122 - ADMINISTRAÇÃO GERAL;0002 - GESTÃO DA SECRETARIA MUNICIPAL DE EDUCAÇÃO;2002 - MANUTENÇÃO DA SECRETARIA;;3.3.90.39.43 - 3.3.90.39.43;101 - RECEITAS DE IMPOSTOS E DE TRANSFERÊNCIAS DE IMPOSTOS VINCULADOS À EDUCAÇÃO;NÃO SE APLICA;195;20200115;0;0;0;2402.95;0;2402.95;0;0;0;0;-2402.95
3110004;303;02;382336;2020;3;12 - EDUCAÇÃO;361 - ENSINO FUNDAMENTAL;0019 - GESTÃO DO TRANSPORTE ESCOLAR;2042 - REMUNERAÇÃO PESSOAL TRANSPORTE ESCOLAR ENSINO FUNDAMENTAL;;3.1.90.16.00 - 3.1.90.16.00;101 - RECEITAS DE IMPOSTOS E DE TRANSFERÊNCIAS DE IMPOSTOS VINCULADOS À EDUCAÇÃO;NÃO SE APLICA;1528;20200327;920.12;0;0;920.12;0;920.12;0;0;0;0;0
3110004;303;02;382336;2020;12;12 - EDUCAÇÃO;361 - ENSINO FUNDAMENTAL;0003 - MANUTENÇÃO DA EDUCAÇÃO BÁSICA;2482 - REMUNERAÇÃO PESSOAL DO ENSINO FUNDAMENTAL;;3.1.90.13.03 - 3.1.90.13.03;101 - RECEITAS DE IMPOSTOS E DE TRANSFERÊNCIAS DE IMPOSTOS VINCULADOS À EDUCAÇÃO;NÃO SE APLICA;5541;20201127;0;0;0;0;0;21954.91;0;0;0;-21954.91;0
3110004;303;02;382336;2020;6;12 - EDUCAÇÃO;122 - ADMINISTRAÇÃO GERAL;0002 - GESTÃO DA SECRETARIA MUNICIPAL DE EDUCAÇÃO;2001 - REMUNERAÇÃO PESSOAL DA SECRETARIA;;3.1.90.11.11 - 3.1.90.11.11;101 - RECEITAS DE IMPOSTOS E DE TRANSFERÊNCIAS DE IMPOSTOS VINCULADOS À EDUCAÇÃO;NÃO SE APLICA;2985;20200630;22312.39;0;0;22312.39;0;22312.39;0;0;0;0;0
3110004;303;02;382336;2020;9;12 - EDUCAÇÃO;122 - ADMINISTRAÇÃO GERAL;0002 - GESTÃO DA SECRETARIA MUNICIPAL DE EDUCAÇÃO;2001 - REMUNERAÇÃO PESSOAL DA SECRETARIA;;3.1.90.94.01 - 3.1.90.94.01;101 - RECEITAS DE IMPOSTOS E DE TRANSFERÊNCIAS DE IMPOSTOS VINCULADOS À EDUCAÇÃO;NÃO SE APLICA;4253;20200902;52.86;0;0;52.86;0;52.86;0;0;0;0;0
3110004;303;02;382336;2020;6;12 - EDUCAÇÃO;365 - EDUCAÇÃO INFANTIL;0221 - MANUTENÇÃO DA EDUCAÇÃO BÁSICA;2407 - REMUNERAÇÃO PESSOAL EDUCAÇÃO INFANTILCRECHE;;3.1.90.11.11 - 3.1.90.11.11;101 - RECEITAS DE IMPOSTOS E DE TRANSFERÊNCIAS DE IMPOSTOS VINCULADOS À EDUCAÇÃO;NÃO SE APLICA;3000;20200630;5592.37;0;0;5592.37;0;5592.37;0;0;0;0;0
3110004;303;02;382336;2020;12;12 - EDUCAÇÃO;365 - EDUCAÇÃO INFANTIL;0003 - MANUTENÇÃO DA EDUCAÇÃO BÁSICA;2006 - MANUTENÇÃO DA EDUCAÇÃO INFANTIL;;3.3.90.32.99 - 3.3.90.32.99;101 - RECEITAS DE IMPOSTOS E DE TRANSFERÊNCIAS DE IMPOSTOS VINCULADOS À EDUCAÇÃO;NÃO SE APLICA;5673;20201130;0;0;0;150599.28;0;150599.28;0;0;0;0;-150599.28
3110004;303;02;382336;2020;3;12 - EDUCAÇÃO;365 - EDUCAÇÃO INFANTIL;0221 - MANUTENÇÃO DA EDUCAÇÃO BÁSICA;2407 - REMUNERAÇÃO PESSOAL EDUCAÇÃO INFANTILCRECHE;;3.1.90.11.05 - 3.1.90.11.05;101 - RECEITAS DE IMPOSTOS E DE TRANSFERÊNCIAS DE IMPOSTOS VINCULADOS À EDUCAÇÃO;NÃO SE APLICA;1532;20200327;8590.4;0;0;8590.4;0;8590.4;0;0;0;0;0
3110004;303;02;382336;2020;4;12 - EDUCAÇÃO;361 - ENSINO FUNDAMENTAL;0003 - MANUTENÇÃO DA EDUCAÇÃO BÁSICA;2482 - REMUNERAÇÃO PESSOAL DO ENSINO FUNDAMENTAL;;3.1.90.13.03 - 3.1.90.13.03;101 - RECEITAS DE IMPOSTOS E DE TRANSFERÊNCIAS DE IMPOSTOS VINCULADOS À EDUCAÇÃO;NÃO SE APLICA;1632;20200327;0;0;0;0;0;21547.5;0;0;0;-21547.5;0
3110004;303;02;382336;2020;12;12 - EDUCAÇÃO;122 - ADMINISTRAÇÃO GERAL;0002 - GESTÃO DA SECRETARIA MUNICIPAL DE EDUCAÇÃO;2002 - MANUTENÇÃO DA SECRETARIA;;3.3.90.30.17 - 3.3.90.30.17;101 - RECEITAS DE IMPOSTOS E DE TRANSFERÊNCIAS DE IMPOSTOS VINCULADOS À EDUCAÇÃO;NÃO SE APLICA;5955;20201214;243.8;0;0;0;0;0;0;0;0;0;243.8
3110004;303;02;382336;2020;12;12 - EDUCAÇÃO;122 - ADMINISTRAÇÃO GERAL;0002 - GESTÃO DA SECRETARIA MUNICIPAL DE EDUCAÇÃO;2002 - MANUTENÇÃO DA SECRETARIA;;3.3.90.14.05 - 3.3.90.14.05;101 - RECEITAS DE IMPOSTOS E DE TRANSFERÊNCIAS DE IMPOSTOS VINCULADOS À EDUCAÇÃO;NÃO SE APLICA;5687;20201202;141.6;0;0;141.6;0;141.6;0;0;0;0;0
3110004;303;02;382336;2020;3;12 - EDUCAÇÃO;365 - EDUCAÇÃO INFANTIL;0003 - MANUTENÇÃO DA EDUCAÇÃO BÁSICA;2006 - MANUTENÇÃO DA EDUCAÇÃO INFANTIL;;3.3.90.30.16 - 3.3.90.30.16;101 - RECEITAS DE IMPOSTOS E DE TRANSFERÊNCIAS DE IMPOSTOS VINCULADOS À EDUCAÇÃO;NÃO SE APLICA;938;20200221;0;0;0;5432;0;5432;0;0;0;0;-5432
3110004;303;02;382336;2020;11;12 - EDUCAÇÃO;365 - EDUCAÇÃO INFANTIL;0003 - MANUTENÇÃO DA EDUCAÇÃO BÁSICA;2483 - REMUNERAÇÃO PESSOAL DA EDUCAÇÃO INFANTIL;;3.1.90.13.03 - 3.1.90.13.03;101 - RECEITAS DE IMPOSTOS E DE TRANSFERÊNCIAS DE IMPOSTOS VINCULADOS À EDUCAÇÃO;NÃO SE APLICA;5547;20201127;273.59;0;0;273.59;0;48.62;0;0;0;224.97;0
3110004;303;02;382336;2020;10;12 - EDUCAÇÃO;122 - ADMINISTRAÇÃO GERAL;0002 - GESTÃO DA SECRETARIA MUNICIPAL DE EDUCAÇÃO;2002 - MANUTENÇÃO DA SECRETARIA;;3.3.90.36.14 - 3.3.90.36.14;101 - RECEITAS DE IMPOSTOS E DE TRANSFERÊNCIAS DE IMPOSTOS VINCULADOS À EDUCAÇÃO;NÃO SE APLICA;1286;20200304;0;0;0;0;0;1617.33;0;0;0;-1617.33;0
3110004;303;02;382336;2020;9;12 - EDUCAÇÃO;122 - ADMINISTRAÇÃO GERAL;0002 - GESTÃO DA SECRETARIA MUNICIPAL DE EDUCAÇÃO;2002 - MANUTENÇÃO DA SECRETARIA;;3.3.90.35.06 - 3.3.90.35.06;101 - RECEITAS DE IMPOSTOS E DE TRANSFERÊNCIAS DE IMPOSTOS VINCULADOS À EDUCAÇÃO;NÃO SE APLICA;3936;20200826;0;0;0;2200;0;33;0;0;0;2167;-2200
3110004;303;02;382336;2020;4;12 - EDUCAÇÃO;365 - EDUCAÇÃO INFANTIL;0003 - MANUTENÇÃO DA EDUCAÇÃO BÁSICA;2483 - REMUNERAÇÃO PESSOAL DA EDUCAÇÃO INFANTIL;;3.1.90.13.03 - 3.1.90.13.03;101 - RECEITAS DE IMPOSTOS E DE TRANSFERÊNCIAS DE IMPOSTOS VINCULADOS À EDUCAÇÃO;NÃO SE APLICA;1638;20200327;0;0;0;0;0;15820.29;0;0;0;-15820.29;0
3110004;303;02;382336;2020;6;12 - EDUCAÇÃO;361 - ENSINO FUNDAMENTAL;0019 - GESTÃO DO TRANSPORTE ESCOLAR;2042 - REMUNERAÇÃO PESSOAL TRANSPORTE ESCOLAR ENSINO FUNDAMENTAL;;3.1.90.13.03 - 3.1.90.13.03;101 - RECEITAS DE IMPOSTOS E DE TRANSFERÊNCIAS DE IMPOSTOS VINCULADOS À EDUCAÇÃO;NÃO SE APLICA;2593;20200529;0;0;0;0;0;1663.64;0;0;0;-1663.64;0
3110004;303;02;382336;2020;6;12 - EDUCAÇÃO;365 - EDUCAÇÃO INFANTIL;0003 - MANUTENÇÃO DA EDUCAÇÃO BÁSICA;2483 - REMUNERAÇÃO PESSOAL DA EDUCAÇÃO INFANTIL;;3.1.90.13.03 - 3.1.90.13.03;101 - RECEITAS DE IMPOSTOS E DE TRANSFERÊNCIAS DE IMPOSTOS VINCULADOS À EDUCAÇÃO;NÃO SE APLICA;3112;20200630;273.59;0;0;273.59;0;48.62;0;0;0;224.97;0
3110004;303;02;382336;2020;10;12 - EDUCAÇÃO;122 - ADMINISTRAÇÃO GERAL;0002 - GESTÃO DA SECRETARIA MUNICIPAL DE EDUCAÇÃO;2001 - REMUNERAÇÃO PESSOAL DA SECRETARIA;;3.1.90.13.03 - 3.1.90.13.03;101 - RECEITAS DE IMPOSTOS E DE TRANSFERÊNCIAS DE IMPOSTOS VINCULADOS À EDUCAÇÃO;NÃO SE APLICA;5122;20201029;9059.04;0;0;9059.04;0;1984.29;0;0;0;7074.75;0
3110004;303;02;382336;2020;7;12 - EDUCAÇÃO;365 - EDUCAÇÃO INFANTIL;0003 - MANUTENÇÃO DA EDUCAÇÃO BÁSICA;2483 - REMUNERAÇÃO PESSOAL DA EDUCAÇÃO INFANTIL;;3.1.90.13.03 - 3.1.90.13.03;101 - RECEITAS DE IMPOSTOS E DE TRANSFERÊNCIAS DE IMPOSTOS VINCULADOS À EDUCAÇÃO;NÃO SE APLICA;3625;20200731;273.59;0;0;273.59;0;48.62;0;0;0;224.97;0
3110004;303;02;382336;2020;12;12 - EDUCAÇÃO;365 - EDUCAÇÃO INFANTIL;0003 - MANUTENÇÃO DA EDUCAÇÃO BÁSICA;2483 - REMUNERAÇÃO PESSOAL DA EDUCAÇÃO INFANTIL;;3.1.90.13.03 - 3.1.90.13.03;101 - RECEITAS DE IMPOSTOS E DE TRANSFERÊNCIAS DE IMPOSTOS VINCULADOS À EDUCAÇÃO;NÃO SE APLICA;5904;20201214;273.59;0;0;273.59;0;273.59;0;0;0;0;0
3110004;303;02;382336;2020;7;12 - EDUCAÇÃO;365 - EDUCAÇÃO INFANTIL;0003 - MANUTENÇÃO DA EDUCAÇÃO BÁSICA;2483 - REMUNERAÇÃO PESSOAL DA EDUCAÇÃO INFANTIL;;3.1.90.11.11 - 3.1.90.11.11;101 - RECEITAS DE IMPOSTOS E DE TRANSFERÊNCIAS DE IMPOSTOS VINCULADOS À EDUCAÇÃO;NÃO SE APLICA;3509;20200731;1304.97;0;0;1304.97;0;1304.97;0;0;0;0;0
3110004;303;02;382336;2020;10;12 - EDUCAÇÃO;122 - ADMINISTRAÇÃO GERAL;0002 - GESTÃO DA SECRETARIA MUNICIPAL DE EDUCAÇÃO;2001 - REMUNERAÇÃO PESSOAL DA SECRETARIA;;3.1.90.13.01 - 3.1.90.13.01;101 - RECEITAS DE IMPOSTOS E DE TRANSFERÊNCIAS DE IMPOSTOS VINCULADOS À EDUCAÇÃO;NÃO SE APLICA;5121;20201029;3456.59;0;0;3456.59;0;0;0;0;0;3456.59;0
3110004;303;02;382336;2020;2;12 - EDUCAÇÃO;365 - EDUCAÇÃO INFANTIL;0003 - MANUTENÇÃO DA EDUCAÇÃO BÁSICA;2483 - REMUNERAÇÃO PESSOAL DA EDUCAÇÃO INFANTIL;;3.1.90.13.01 - 3.1.90.13.01;101 - RECEITAS DE IMPOSTOS E DE TRANSFERÊNCIAS DE IMPOSTOS VINCULADOS À EDUCAÇÃO;NÃO SE APLICA;1151;20200221;6131.38;0;0;6131.38;0;0;0;0;0;6131.38;0
3110004;303;02;382336;2020;1;12 - EDUCAÇÃO;122 - ADMINISTRAÇÃO GERAL;0002 - GESTÃO DA SECRETARIA MUNICIPAL DE EDUCAÇÃO;2002 - MANUTENÇÃO DA SECRETARIA;;3.3.90.49.00 - 3.3.90.49.00;101 - RECEITAS DE IMPOSTOS E DE TRANSFERÊNCIAS DE IMPOSTOS VINCULADOS À EDUCAÇÃO;NÃO SE APLICA;234;20200120;25200;0;0;882;0;882;0;0;0;0;24318
3110004;303;02;382336;2020;3;12 - EDUCAÇÃO;361 - ENSINO FUNDAMENTAL;0019 - GESTÃO DO TRANSPORTE ESCOLAR;2041 - MANUTENÇÃO TRANSPORTE ESCOLAR DO ENSINO FUNDAMENTAL;;3.3.90.39.99 - 3.3.90.39.99;101 - RECEITAS DE IMPOSTOS E DE TRANSFERÊNCIAS DE IMPOSTOS VINCULADOS À EDUCAÇÃO;NÃO SE APLICA;27;20200102;0;0;0;20066.29;0;3393.53;0;0;0;16672.76;-20066.29
3110004;303;02;382336;2020;3;12 - EDUCAÇÃO;361 - ENSINO FUNDAMENTAL;0019 - GESTÃO DO TRANSPORTE ESCOLAR;2042 - REMUNERAÇÃO PESSOAL TRANSPORTE ESCOLAR ENSINO FUNDAMENTAL;;3.1.90.13.01 - 3.1.90.13.01;101 - RECEITAS DE IMPOSTOS E DE TRANSFERÊNCIAS DE IMPOSTOS VINCULADOS À EDUCAÇÃO;NÃO SE APLICA;1147;20200221;0;0;0;0;0;297.17;0;0;0;-297.17;0
3110004;303;02;382336;2020;2;12 - EDUCAÇÃO;122 - ADMINISTRAÇÃO GERAL;0002 - GESTÃO DA SECRETARIA MUNICIPAL DE EDUCAÇÃO;2002 - MANUTENÇÃO DA SECRETARIA;;3.3.90.49.00 - 3.3.90.49.00;101 - RECEITAS DE IMPOSTOS E DE TRANSFERÊNCIAS DE IMPOSTOS VINCULADOS À EDUCAÇÃO;NÃO SE APLICA;230;20200120;0;0;0;990;0;990;0;0;0;0;-990
3110004;303;02;382336;2020;3;12 - EDUCAÇÃO;122 - ADMINISTRAÇÃO GERAL;0002 - GESTÃO DA SECRETARIA MUNICIPAL DE EDUCAÇÃO;2002 - MANUTENÇÃO DA SECRETARIA;;3.3.90.39.29 - 3.3.90.39.29;101 - RECEITAS DE IMPOSTOS E DE TRANSFERÊNCIAS DE IMPOSTOS VINCULADOS À EDUCAÇÃO;NÃO SE APLICA;20;20200102;0;0;0;401.92;0;401.92;0;0;0;0;-401.92
3110004;303;02;382336;2020;3;12 - EDUCAÇÃO;122 - ADMINISTRAÇÃO GERAL;0002 - GESTÃO DA SECRETARIA MUNICIPAL DE EDUCAÇÃO;2002 - MANUTENÇÃO DA SECRETARIA;;3.3.90.36.14 - 3.3.90.36.14;101 - RECEITAS DE IMPOSTOS E DE TRANSFERÊNCIAS DE IMPOSTOS VINCULADOS À EDUCAÇÃO;NÃO SE APLICA;1286;20200304;17790.63;0;0;3234.66;0;1617.33;0;0;0;1617.33;14555.97
3110004;303;02;382336;2020;6;12 - EDUCAÇÃO;122 - ADMINISTRAÇÃO GERAL;0002 - GESTÃO DA SECRETARIA MUNICIPAL DE EDUCAÇÃO;2002 - MANUTENÇÃO DA SECRETARIA;;3.3.90.14.05 - 3.3.90.14.05;101 - RECEITAS DE IMPOSTOS E DE TRANSFERÊNCIAS DE IMPOSTOS VINCULADOS À EDUCAÇÃO;NÃO SE APLICA;2762;20200610;141.6;0;0;141.6;0;141.6;0;0;0;0;0
3110004;303;02;382336;2020;2;12 - EDUCAÇÃO;365 - EDUCAÇÃO INFANTIL;0003 - MANUTENÇÃO DA EDUCAÇÃO BÁSICA;2483 - REMUNERAÇÃO PESSOAL DA EDUCAÇÃO INFANTIL;;3.1.90.16.00 - 3.1.90.16.00;101 - RECEITAS DE IMPOSTOS E DE TRANSFERÊNCIAS DE IMPOSTOS VINCULADOS À EDUCAÇÃO;NÃO SE APLICA;1043;20200221;67.1;0;0;67.1;0;67.1;0;0;0;0;0
3110004;303;02;382336;2020;6;12 - EDUCAÇÃO;361 - ENSINO FUNDAMENTAL;0003 - MANUTENÇÃO DA EDUCAÇÃO BÁSICA;2482 - REMUNERAÇÃO PESSOAL DO ENSINO FUNDAMENTAL;;3.1.90.13.01 - 3.1.90.13.01;101 - RECEITAS DE IMPOSTOS E DE TRANSFERÊNCIAS DE IMPOSTOS VINCULADOS À EDUCAÇÃO;NÃO SE APLICA;3105;20200630;8095.05;0;0;8095.05;0;0;0;0;0;8095.05;0
3110004;303;02;382336;2020;12;12 - EDUCAÇÃO;122 - ADMINISTRAÇÃO GERAL;0002 - GESTÃO DA SECRETARIA MUNICIPAL DE EDUCAÇÃO;2002 - MANUTENÇÃO DA SECRETARIA;;3.3.90.39.13 - 3.3.90.39.13;101 - RECEITAS DE IMPOSTOS E DE TRANSFERÊNCIAS DE IMPOSTOS VINCULADOS À EDUCAÇÃO;NÃO SE APLICA;4755;20201002;0;0;0;3490.2;0;3490.2;0;0;0;0;-3490.2
3110004;303;02;382336;2020;9;12 - EDUCAÇÃO;361 - ENSINO FUNDAMENTAL;0013 - TRANSFERÊNCIA AS CAIXAS ESCOLARES;2032 - CONTRIBUIÇÃO AS ESCOLAS MUNICIPAIS;;3.3.50.41.00 - 3.3.50.41.00;101 - RECEITAS DE IMPOSTOS E DE TRANSFERÊNCIAS DE IMPOSTOS VINCULADOS À EDUCAÇÃO;NÃO SE APLICA;4423;20200923;6600;0;0;6600;0;0;0;0;0;6600;0
3110004;303;02;382336;2020;4;12 - EDUCAÇÃO;122 - ADMINISTRAÇÃO GERAL;0002 - GESTÃO DA SECRETARIA MUNICIPAL DE EDUCAÇÃO;2001 - REMUNERAÇÃO PESSOAL DA SECRETARIA;;3.1.90.16.00 - 3.1.90.16.00;101 - RECEITAS DE IMPOSTOS E DE TRANSFERÊNCIAS DE IMPOSTOS VINCULADOS À EDUCAÇÃO;NÃO SE APLICA;1989;20200429;1394.47;0;0;1394.47;0;1394.47;0;0;0;0;0
3110004;303;02;382336;2020;9;12 - EDUCAÇÃO;361 - ENSINO FUNDAMENTAL;0003 - MANUTENÇÃO DA EDUCAÇÃO BÁSICA;2482 - REMUNERAÇÃO PESSOAL DO ENSINO FUNDAMENTAL;;3.1.90.13.01 - 3.1.90.13.01;101 - RECEITAS DE IMPOSTOS E DE TRANSFERÊNCIAS DE IMPOSTOS VINCULADOS À EDUCAÇÃO;NÃO SE APLICA;4646;20200930;8166.12;0;0;8166.12;0;0;0;0;0;8166.12;0
3110004;303;02;382336;2020;9;12 - EDUCAÇÃO;122 - ADMINISTRAÇÃO GERAL;0002 - GESTÃO DA SECRETARIA MUNICIPAL DE EDUCAÇÃO;2002 - MANUTENÇÃO DA SECRETARIA;;3.3.90.49.00 - 3.3.90.49.00;101 - RECEITAS DE IMPOSTOS E DE TRANSFERÊNCIAS DE IMPOSTOS VINCULADOS À EDUCAÇÃO;NÃO SE APLICA;218;20200120;0;0;0;944;0;944;0;0;0;0;-944
3110004;303;02;382336;2020;8;12 - EDUCAÇÃO;122 - ADMINISTRAÇÃO GERAL;0002 - GESTÃO DA SECRETARIA MUNICIPAL DE EDUCAÇÃO;2001 - REMUNERAÇÃO PESSOAL DA SECRETARIA;;3.1.90.11.11 - 3.1.90.11.11;101 - RECEITAS DE IMPOSTOS E DE TRANSFERÊNCIAS DE IMPOSTOS VINCULADOS À EDUCAÇÃO;NÃO SE APLICA;3977;20200828;28076.78;0;0;28076.78;0;28076.78;0;0;0;0;0
3110004;303;02;382336;2020;11;12 - EDUCAÇÃO;122 - ADMINISTRAÇÃO GERAL;0017 - APERFEIÇOAMENTO E VALORIZAÇÃO DOS PROFISSIONAIS DA EDUCAÇÃO;2038 - FORMAÇÃO E CAPACITAÇÃO PROFISSIONAIS DA EDUCAÇÃO;;3.3.90.39.99 - 3.3.90.39.99;101 - RECEITAS DE IMPOSTOS E DE TRANSFERÊNCIAS DE IMPOSTOS VINCULADOS À EDUCAÇÃO;NÃO SE APLICA;1444;20200318;0;0;3900;0;0;0;0;0;0;0;-3900
3110004;303;02;382336;2020;12;12 - EDUCAÇÃO;361 - ENSINO FUNDAMENTAL;0027 - GESTÃO DO CENTRO ESPECIALIZADO DE ATENÇÃO À CRIANÇA E AO ADOLESCENTE;2049 - MANUTENÇÃO DO CEACA;;3.1.90.13.01 - 3.1.90.13.01;101 - RECEITAS DE IMPOSTOS E DE TRANSFERÊNCIAS DE IMPOSTOS VINCULADOS À EDUCAÇÃO;NÃO SE APLICA;6257;20201228;2466.55;0;0;2466.55;0;2466.55;0;0;0;0;0
3110004;303;02;382336;2020;7;12 - EDUCAÇÃO;361 - ENSINO FUNDAMENTAL;0003 - MANUTENÇÃO DA EDUCAÇÃO BÁSICA;2482 - REMUNERAÇÃO PESSOAL DO ENSINO FUNDAMENTAL;;3.1.90.11.11 - 3.1.90.11.11;101 - RECEITAS DE IMPOSTOS E DE TRANSFERÊNCIAS DE IMPOSTOS VINCULADOS À EDUCAÇÃO;NÃO SE APLICA;3503;20200731;99190.26;0;0;99190.26;0;99190.26;0;0;0;0;0
3110004;303;02;382336;2020;1;12 - EDUCAÇÃO;122 - ADMINISTRAÇÃO GERAL;0002 - GESTÃO DA SECRETARIA MUNICIPAL DE EDUCAÇÃO;2002 - MANUTENÇÃO DA SECRETARIA;;3.3.90.39.99 - 3.3.90.39.99;101 - RECEITAS DE IMPOSTOS E DE TRANSFERÊNCIAS DE IMPOSTOS VINCULADOS À EDUCAÇÃO;NÃO SE APLICA;26;20200102;42750;0;0;206.04;0;0.12;0;0;0;205.92;42543.96
3110004;303;02;382336;2020;5;12 - EDUCAÇÃO;361 - ENSINO FUNDAMENTAL;0003 - MANUTENÇÃO DA EDUCAÇÃO BÁSICA;2062 - MANUTENÇÃO DO ENSINO FUNDAMENTAL;;3.3.90.39.60 - 3.3.90.39.60;101 - RECEITAS DE IMPOSTOS E DE TRANSFERÊNCIAS DE IMPOSTOS VINCULADOS À EDUCAÇÃO;NÃO SE APLICA;2685;20200529;21539.76;0;0;0;0;0;0;0;0;0;21539.76
3110004;303;02;382336;2020;2;12 - EDUCAÇÃO;122 - ADMINISTRAÇÃO GERAL;0002 - GESTÃO DA SECRETARIA MUNICIPAL DE EDUCAÇÃO;2001 - REMUNERAÇÃO PESSOAL DA SECRETARIA;;3.1.90.13.03 - 3.1.90.13.03;101 - RECEITAS DE IMPOSTOS E DE TRANSFERÊNCIAS DE IMPOSTOS VINCULADOS À EDUCAÇÃO;NÃO SE APLICA;1142;20200221;12832.05;0;0;12832.05;0;431.09;0;0;0;12400.96;0
3110004;303;02;382336;2020;4;12 - EDUCAÇÃO;361 - ENSINO FUNDAMENTAL;0027 - GESTÃO DO CENTRO ESPECIALIZADO DE ATENÇÃO À CRIANÇA E AO ADOLESCENTE;2049 - MANUTENÇÃO DO CEACA;;3.1.90.13.01 - 3.1.90.13.01;101 - RECEITAS DE IMPOSTOS E DE TRANSFERÊNCIAS DE IMPOSTOS VINCULADOS À EDUCAÇÃO;NÃO SE APLICA;1635;20200327;0;0;0;0;0;1469.53;0;0;0;-1469.53;0
3110004;303;02;382336;2020;12;12 - EDUCAÇÃO;365 - EDUCAÇÃO INFANTIL;0003 - MANUTENÇÃO DA EDUCAÇÃO BÁSICA;2483 - REMUNERAÇÃO PESSOAL DA EDUCAÇÃO INFANTIL;;3.1.90.13.01 - 3.1.90.13.01;101 - RECEITAS DE IMPOSTOS E DE TRANSFERÊNCIAS DE IMPOSTOS VINCULADOS À EDUCAÇÃO;NÃO SE APLICA;5546;20201127;0;0;0;0;0;104.4;0;0;0;-104.4;0
3110004;303;02;382336;2020;5;12 - EDUCAÇÃO;122 - ADMINISTRAÇÃO GERAL;0002 - GESTÃO DA SECRETARIA MUNICIPAL DE EDUCAÇÃO;2001 - REMUNERAÇÃO PESSOAL DA SECRETARIA;;3.1.90.13.01 - 3.1.90.13.01;101 - RECEITAS DE IMPOSTOS E DE TRANSFERÊNCIAS DE IMPOSTOS VINCULADOS À EDUCAÇÃO;NÃO SE APLICA;2586;20200529;3252.97;0;0;3252.97;0;0;0;0;0;3252.97;0
3110004;303;02;382336;2020;8;12 - EDUCAÇÃO;361 - ENSINO FUNDAMENTAL;0003 - MANUTENÇÃO DA EDUCAÇÃO BÁSICA;2482 - REMUNERAÇÃO PESSOAL DO ENSINO FUNDAMENTAL;;3.1.90.04.99 - 3.1.90.04.99;101 - RECEITAS DE IMPOSTOS E DE TRANSFERÊNCIAS DE IMPOSTOS VINCULADOS À EDUCAÇÃO;NÃO SE APLICA;3983;20200828;5638.98;0;0;5638.98;0;5638.98;0;0;0;0;0
3110004;303;02;382336;2020;12;12 - EDUCAÇÃO;122 - ADMINISTRAÇÃO GERAL;0002 - GESTÃO DA SECRETARIA MUNICIPAL DE EDUCAÇÃO;2002 - MANUTENÇÃO DA SECRETARIA;;3.3.90.49.00 - 3.3.90.49.00;101 - RECEITAS DE IMPOSTOS E DE TRANSFERÊNCIAS DE IMPOSTOS VINCULADOS À EDUCAÇÃO;NÃO SE APLICA;5378;20201125;0;0;312;1248;0;1248;0;0;0;0;-1560
3110004;303;02;382336;2020;8;12 - EDUCAÇÃO;365 - EDUCAÇÃO INFANTIL;0221 - MANUTENÇÃO DA EDUCAÇÃO BÁSICA;2407 - REMUNERAÇÃO PESSOAL EDUCAÇÃO INFANTILCRECHE;;3.1.90.13.01 - 3.1.90.13.01;101 - RECEITAS DE IMPOSTOS E DE TRANSFERÊNCIAS DE IMPOSTOS VINCULADOS À EDUCAÇÃO;NÃO SE APLICA;4106;20200828;1151.65;0;0;1151.65;0;0;0;0;0;1151.65;0
3110004;303;02;382336;2020;2;12 - EDUCAÇÃO;122 - ADMINISTRAÇÃO GERAL;0002 - GESTÃO DA SECRETARIA MUNICIPAL DE EDUCAÇÃO;2001 - REMUNERAÇÃO PESSOAL DA SECRETARIA;;3.1.90.13.01 - 3.1.90.13.01;101 - RECEITAS DE IMPOSTOS E DE TRANSFERÊNCIAS DE IMPOSTOS VINCULADOS À EDUCAÇÃO;NÃO SE APLICA;1141;20200221;4896.2;0;0;4896.2;0;0;0;0;0;4896.2;0
3110004;303;02;382336;2020;9;12 - EDUCAÇÃO;122 - ADMINISTRAÇÃO GERAL;0002 - GESTÃO DA SECRETARIA MUNICIPAL DE EDUCAÇÃO;2002 - MANUTENÇÃO DA SECRETARIA;;3.3.90.49.00 - 3.3.90.49.00;101 - RECEITAS DE IMPOSTOS E DE TRANSFERÊNCIAS DE IMPOSTOS VINCULADOS À EDUCAÇÃO;NÃO SE APLICA;230;20200120;0;0;0;94.5;0;94.5;0;0;0;0;-94.5
3110004;303;02;382336;2020;10;12 - EDUCAÇÃO;122 - ADMINISTRAÇÃO GERAL;0002 - GESTÃO DA SECRETARIA MUNICIPAL DE EDUCAÇÃO;2002 - MANUTENÇÃO DA SECRETARIA;;4.4.90.52.30 - 4.4.90.52.30;101 - RECEITAS DE IMPOSTOS E DE TRANSFERÊNCIAS DE IMPOSTOS VINCULADOS À EDUCAÇÃO;NÃO SE APLICA;4884;20201023;80900;0;0;0;0;0;0;0;0;0;80900
3110004;303;02;382336;2020;6;12 - EDUCAÇÃO;122 - ADMINISTRAÇÃO GERAL;0002 - GESTÃO DA SECRETARIA MUNICIPAL DE EDUCAÇÃO;2002 - MANUTENÇÃO DA SECRETARIA;;3.3.90.39.34 - 3.3.90.39.34;101 - RECEITAS DE IMPOSTOS E DE TRANSFERÊNCIAS DE IMPOSTOS VINCULADOS À EDUCAÇÃO;NÃO SE APLICA;2904;20200624;1000;0;0;0;0;0;0;0;0;0;1000
3110004;303;02;382336;2020;7;12 - EDUCAÇÃO;122 - ADMINISTRAÇÃO GERAL;0002 - GESTÃO DA SECRETARIA MUNICIPAL DE EDUCAÇÃO;2001 - REMUNERAÇÃO PESSOAL DA SECRETARIA;;3.1.90.11.05 - 3.1.90.11.05;101 - RECEITAS DE IMPOSTOS E DE TRANSFERÊNCIAS DE IMPOSTOS VINCULADOS À EDUCAÇÃO;NÃO SE APLICA;3495;20200731;12744.25;0;0;12744.25;0;12744.25;0;0;0;0;0
3110004;303;02;382336;2020;8;12 - EDUCAÇÃO;365 - EDUCAÇÃO INFANTIL;0003 - MANUTENÇÃO DA EDUCAÇÃO BÁSICA;2483 - REMUNERAÇÃO PESSOAL DA EDUCAÇÃO INFANTIL;;3.1.90.11.11 - 3.1.90.11.11;101 - RECEITAS DE IMPOSTOS E DE TRANSFERÊNCIAS DE IMPOSTOS VINCULADOS À EDUCAÇÃO;NÃO SE APLICA;3990;20200828;1304.97;0;0;1304.97;0;1304.97;0;0;0;0;0
3110004;303;02;382336;2020;12;12 - EDUCAÇÃO;365 - EDUCAÇÃO INFANTIL;0221 - MANUTENÇÃO DA EDUCAÇÃO BÁSICA;2407 - REMUNERAÇÃO PESSOAL EDUCAÇÃO INFANTILCRECHE;;3.1.90.13.03 - 3.1.90.13.03;101 - RECEITAS DE IMPOSTOS E DE TRANSFERÊNCIAS DE IMPOSTOS VINCULADOS À EDUCAÇÃO;NÃO SE APLICA;5549;20201127;0;0;0;0;0;2969.66;0;0;0;-2969.66;0
3110004;303;02;382336;2020;6;12 - EDUCAÇÃO;122 - ADMINISTRAÇÃO GERAL;0002 - GESTÃO DA SECRETARIA MUNICIPAL DE EDUCAÇÃO;2002 - MANUTENÇÃO DA SECRETARIA;;3.3.90.30.24 - 3.3.90.30.24;101 - RECEITAS DE IMPOSTOS E DE TRANSFERÊNCIAS DE IMPOSTOS VINCULADOS À EDUCAÇÃO;NÃO SE APLICA;2696;20200602;285.4;0;0;285.4;0;285.4;0;0;0;0;0
3110004;303;02;382336;2020;8;12 - EDUCAÇÃO;122 - ADMINISTRAÇÃO GERAL;0002 - GESTÃO DA SECRETARIA MUNICIPAL DE EDUCAÇÃO;2002 - MANUTENÇÃO DA SECRETARIA;;3.3.90.14.05 - 3.3.90.14.05;101 - RECEITAS DE IMPOSTOS E DE TRANSFERÊNCIAS DE IMPOSTOS VINCULADOS À EDUCAÇÃO;NÃO SE APLICA;3703;20200731;0;0;0;0;0;424.8;0;0;0;-424.8;0
3110004;303;02;382336;2020;3;12 - EDUCAÇÃO;122 - ADMINISTRAÇÃO GERAL;0002 - GESTÃO DA SECRETARIA MUNICIPAL DE EDUCAÇÃO;2002 - MANUTENÇÃO DA SECRETARIA;;3.3.90.39.12 - 3.3.90.39.12;101 - RECEITAS DE IMPOSTOS E DE TRANSFERÊNCIAS DE IMPOSTOS VINCULADOS À EDUCAÇÃO;NÃO SE APLICA;9;20200102;0;0;0;53.1;0;53.1;0;0;0;0;-53.1
3110004;303;02;382336;2020;3;12 - EDUCAÇÃO;365 - EDUCAÇÃO INFANTIL;0003 - MANUTENÇÃO DA EDUCAÇÃO BÁSICA;2006 - MANUTENÇÃO DA EDUCAÇÃO INFANTIL;;3.3.90.30.22 - 3.3.90.30.22;101 - RECEITAS DE IMPOSTOS E DE TRANSFERÊNCIAS DE IMPOSTOS VINCULADOS À EDUCAÇÃO;NÃO SE APLICA;1244;20200228;0;0;0;2188.6;0;2188.6;0;0;0;0;-2188.6
3110004;303;02;382336;2020;11;12 - EDUCAÇÃO;361 - ENSINO FUNDAMENTAL;0027 - GESTÃO DO CENTRO ESPECIALIZADO DE ATENÇÃO À CRIANÇA E AO ADOLESCENTE;2049 - MANUTENÇÃO DO CEACA;;3.1.90.11.11 - 3.1.90.11.11;101 - RECEITAS DE IMPOSTOS E DE TRANSFERÊNCIAS DE IMPOSTOS VINCULADOS À EDUCAÇÃO;NÃO SE APLICA;5427;20201127;15621.75;0;0;15621.75;0;15621.75;0;0;0;0;0
3110004;303;02;382336;2020;9;12 - EDUCAÇÃO;365 - EDUCAÇÃO INFANTIL;0019 - GESTÃO DO TRANSPORTE ESCOLAR;2454 - MANUTENÇÃO TRANSPORTE ESCOLAR EDUCAÇÃO INFANTIL;;3.3.90.39.57 - 3.3.90.39.57;101 - RECEITAS DE IMPOSTOS E DE TRANSFERÊNCIAS DE IMPOSTOS VINCULADOS À EDUCAÇÃO;NÃO SE APLICA;38;20200102;0;0;63000;0;0;0;0;0;0;0;-63000
3110004;303;02;382336;2020;3;12 - EDUCAÇÃO;361 - ENSINO FUNDAMENTAL;0003 - MANUTENÇÃO DA EDUCAÇÃO BÁSICA;2062 - MANUTENÇÃO DO ENSINO FUNDAMENTAL;;3.3.90.30.22 - 3.3.90.30.22;101 - RECEITAS DE IMPOSTOS E DE TRANSFERÊNCIAS DE IMPOSTOS VINCULADOS À EDUCAÇÃO;NÃO SE APLICA;1245;20200228;0;0;0;199;0;199;0;0;0;0;-199
3110004;303;02;382336;2020;8;12 - EDUCAÇÃO;361 - ENSINO FUNDAMENTAL;0019 - GESTÃO DO TRANSPORTE ESCOLAR;2042 - REMUNERAÇÃO PESSOAL TRANSPORTE ESCOLAR ENSINO FUNDAMENTAL;;3.1.90.04.99 - 3.1.90.04.99;101 - RECEITAS DE IMPOSTOS E DE TRANSFERÊNCIAS DE IMPOSTOS VINCULADOS À EDUCAÇÃO;NÃO SE APLICA;3986;20200828;1685.7;0;0;1685.7;0;1685.7;0;0;0;0;0
3110004;303;02;382336;2020;5;12 - EDUCAÇÃO;361 - ENSINO FUNDAMENTAL;0003 - MANUTENÇÃO DA EDUCAÇÃO BÁSICA;2482 - REMUNERAÇÃO PESSOAL DO ENSINO FUNDAMENTAL;;3.1.90.11.11 - 3.1.90.11.11;101 - RECEITAS DE IMPOSTOS E DE TRANSFERÊNCIAS DE IMPOSTOS VINCULADOS À EDUCAÇÃO;NÃO SE APLICA;2478;20200529;142344.92;0;0;142344.92;0;142344.92;0;0;0;0;0
3110004;303;02;382336;2020;7;12 - EDUCAÇÃO;122 - ADMINISTRAÇÃO GERAL;0002 - GESTÃO DA SECRETARIA MUNICIPAL DE EDUCAÇÃO;2002 - MANUTENÇÃO DA SECRETARIA;;3.3.90.39.34 - 3.3.90.39.34;101 - RECEITAS DE IMPOSTOS E DE TRANSFERÊNCIAS DE IMPOSTOS VINCULADOS À EDUCAÇÃO;NÃO SE APLICA;2904;20200624;0;0;0;1000;0;1000;0;0;0;0;-1000
3110004;303;02;382336;2020;6;12 - EDUCAÇÃO;361 - ENSINO FUNDAMENTAL;0027 - GESTÃO DO CENTRO ESPECIALIZADO DE ATENÇÃO À CRIANÇA E AO ADOLESCENTE;2049 - MANUTENÇÃO DO CEACA;;3.1.90.13.01 - 3.1.90.13.01;101 - RECEITAS DE IMPOSTOS E DE TRANSFERÊNCIAS DE IMPOSTOS VINCULADOS À EDUCAÇÃO;NÃO SE APLICA;2594;20200529;0;0;0;0;0;1235.63;0;0;0;-1235.63;0
3110004;303;02;382336;2020;7;12 - EDUCAÇÃO;361 - ENSINO FUNDAMENTAL;0003 - MANUTENÇÃO DA EDUCAÇÃO BÁSICA;2482 - REMUNERAÇÃO PESSOAL DO ENSINO FUNDAMENTAL;;3.1.90.13.01 - 3.1.90.13.01;101 - RECEITAS DE IMPOSTOS E DE TRANSFERÊNCIAS DE IMPOSTOS VINCULADOS À EDUCAÇÃO;NÃO SE APLICA;3618;20200731;8144.63;0;0;8144.63;0;0;0;0;0;8144.63;0
3110004;303;02;382336;2020;9;12 - EDUCAÇÃO;122 - ADMINISTRAÇÃO GERAL;0002 - GESTÃO DA SECRETARIA MUNICIPAL DE EDUCAÇÃO;2002 - MANUTENÇÃO DA SECRETARIA;;3.3.90.49.00 - 3.3.90.49.00;101 - RECEITAS DE IMPOSTOS E DE TRANSFERÊNCIAS DE IMPOSTOS VINCULADOS À EDUCAÇÃO;NÃO SE APLICA;225;20200120;0;0;0;745.15;0;745.15;0;0;0;0;-745.15
3110004;303;02;382336;2020;7;12 - EDUCAÇÃO;122 - ADMINISTRAÇÃO GERAL;0002 - GESTÃO DA SECRETARIA MUNICIPAL DE EDUCAÇÃO;2002 - MANUTENÇÃO DA SECRETARIA;;3.3.90.39.05 - 3.3.90.39.05;101 - RECEITAS DE IMPOSTOS E DE TRANSFERÊNCIAS DE IMPOSTOS VINCULADOS À EDUCAÇÃO;NÃO SE APLICA;2950;20200630;0;0;0;32000;0;32000;0;0;0;0;-32000
3110004;303;02;382336;2020;6;12 - EDUCAÇÃO;122 - ADMINISTRAÇÃO GERAL;0002 - GESTÃO DA SECRETARIA MUNICIPAL DE EDUCAÇÃO;2002 - MANUTENÇÃO DA SECRETARIA;;3.3.90.39.12 - 3.3.90.39.12;101 - RECEITAS DE IMPOSTOS E DE TRANSFERÊNCIAS DE IMPOSTOS VINCULADOS À EDUCAÇÃO;NÃO SE APLICA;9;20200102;0;0;0;118.35;0;118.35;0;0;0;0;-118.35
3110004;303;02;382336;2020;11;12 - EDUCAÇÃO;361 - ENSINO FUNDAMENTAL;0027 - GESTÃO DO CENTRO ESPECIALIZADO DE ATENÇÃO À CRIANÇA E AO ADOLESCENTE;2049 - MANUTENÇÃO DO CEACA;;3.1.90.13.01 - 3.1.90.13.01;101 - RECEITAS DE IMPOSTOS E DE TRANSFERÊNCIAS DE IMPOSTOS VINCULADOS À EDUCAÇÃO;NÃO SE APLICA;5544;20201127;1249.73;0;0;1249.73;0;0;0;0;0;1249.73;0
3110004;303;02;382336;2020;12;12 - EDUCAÇÃO;361 - ENSINO FUNDAMENTAL;0003 - MANUTENÇÃO DA EDUCAÇÃO BÁSICA;2062 - MANUTENÇÃO DO ENSINO FUNDAMENTAL;;3.3.90.32.99 - 3.3.90.32.99;101 - RECEITAS DE IMPOSTOS E DE TRANSFERÊNCIAS DE IMPOSTOS VINCULADOS À EDUCAÇÃO;NÃO SE APLICA;740;20200207;0;0;0;0;0;49291.3;0;0;0;-49291.3;0
3110004;303;02;382336;2020;7;12 - EDUCAÇÃO;361 - ENSINO FUNDAMENTAL;0003 - MANUTENÇÃO DA EDUCAÇÃO BÁSICA;2482 - REMUNERAÇÃO PESSOAL DO ENSINO FUNDAMENTAL;;3.1.90.13.03 - 3.1.90.13.03;101 - RECEITAS DE IMPOSTOS E DE TRANSFERÊNCIAS DE IMPOSTOS VINCULADOS À EDUCAÇÃO;NÃO SE APLICA;3619;20200731;22790.09;0;0;22790.09;0;3152.88;0;0;0;19637.21;0
3110004;303;02;382336;2020;3;12 - EDUCAÇÃO;122 - ADMINISTRAÇÃO GERAL;0002 - GESTÃO DA SECRETARIA MUNICIPAL DE EDUCAÇÃO;2002 - MANUTENÇÃO DA SECRETARIA;;4.4.90.52.21 - 4.4.90.52.21;101 - RECEITAS DE IMPOSTOS E DE TRANSFERÊNCIAS DE IMPOSTOS VINCULADOS À EDUCAÇÃO;NÃO SE APLICA;1428;20200317;562.88;0;0;0;0;0;0;0;0;0;562.88
3110004;303;02;382336;2020;4;12 - EDUCAÇÃO;361 - ENSINO FUNDAMENTAL;0003 - MANUTENÇÃO DA EDUCAÇÃO BÁSICA;2329 - REMUNERAÇÃO DE ESTAGIÁRIOS;;3.3.90.36.07 - 3.3.90.36.07;101 - RECEITAS DE IMPOSTOS E DE TRANSFERÊNCIAS DE IMPOSTOS VINCULADOS À EDUCAÇÃO;NÃO SE APLICA;1994;20200429;39339.8;0;0;39339.8;0;39339.8;0;0;0;0;0
3110004;303;02;382336;2020;11;12 - EDUCAÇÃO;361 - ENSINO FUNDAMENTAL;0019 - GESTÃO DO TRANSPORTE ESCOLAR;2042 - REMUNERAÇÃO PESSOAL TRANSPORTE ESCOLAR ENSINO FUNDAMENTAL;;3.1.90.13.01 - 3.1.90.13.01;101 - RECEITAS DE IMPOSTOS E DE TRANSFERÊNCIAS DE IMPOSTOS VINCULADOS À EDUCAÇÃO;NÃO SE APLICA;5127;20201029;0;0;0;0;0;331.65;0;0;0;-331.65;0
3110004;303;02;382336;2020;4;12 - EDUCAÇÃO;361 - ENSINO FUNDAMENTAL;0019 - GESTÃO DO TRANSPORTE ESCOLAR;2042 - REMUNERAÇÃO PESSOAL TRANSPORTE ESCOLAR ENSINO FUNDAMENTAL;;3.1.90.13.03 - 3.1.90.13.03;101 - RECEITAS DE IMPOSTOS E DE TRANSFERÊNCIAS DE IMPOSTOS VINCULADOS À EDUCAÇÃO;NÃO SE APLICA;1634;20200327;0;0;0;0;0;1474.1;0;0;0;-1474.1;0
3110004;303;02;382336;2020;9;12 - EDUCAÇÃO;361 - ENSINO FUNDAMENTAL;0019 - GESTÃO DO TRANSPORTE ESCOLAR;2042 - REMUNERAÇÃO PESSOAL TRANSPORTE ESCOLAR ENSINO FUNDAMENTAL;;3.1.90.11.11 - 3.1.90.11.11;101 - RECEITAS DE IMPOSTOS E DE TRANSFERÊNCIAS DE IMPOSTOS VINCULADOS À EDUCAÇÃO;NÃO SE APLICA;4533;20200930;3409;0;0;3409;0;3409;0;0;0;0;0
3110004;303;02;382336;2020;6;12 - EDUCAÇÃO;122 - ADMINISTRAÇÃO GERAL;0002 - GESTÃO DA SECRETARIA MUNICIPAL DE EDUCAÇÃO;2002 - MANUTENÇÃO DA SECRETARIA;;3.3.90.49.00 - 3.3.90.49.00;101 - RECEITAS DE IMPOSTOS E DE TRANSFERÊNCIAS DE IMPOSTOS VINCULADOS À EDUCAÇÃO;NÃO SE APLICA;218;20200120;0;0;0;368;0;368;0;0;0;0;-368
3110004;303;02;382336;2020;1;12 - EDUCAÇÃO;122 - ADMINISTRAÇÃO GERAL;0002 - GESTÃO DA SECRETARIA MUNICIPAL DE EDUCAÇÃO;2002 - MANUTENÇÃO DA SECRETARIA;;3.3.90.39.43 - 3.3.90.39.43;101 - RECEITAS DE IMPOSTOS E DE TRANSFERÊNCIAS DE IMPOSTOS VINCULADOS À EDUCAÇÃO;NÃO SE APLICA;195;20200115;21200;0;0;214.44;0;214.44;0;0;0;0;20985.56
3110004;303;02;382336;2020;12;12 - EDUCAÇÃO;361 - ENSINO FUNDAMENTAL;0003 - MANUTENÇÃO DA EDUCAÇÃO BÁSICA;2482 - REMUNERAÇÃO PESSOAL DO ENSINO FUNDAMENTAL;;3.1.90.13.01 - 3.1.90.13.01;101 - RECEITAS DE IMPOSTOS E DE TRANSFERÊNCIAS DE IMPOSTOS VINCULADOS À EDUCAÇÃO;NÃO SE APLICA;6253;20201228;16235.27;0;0;16235.27;0;16235.27;0;0;0;0;0
3110004;303;02;382336;2020;9;12 - EDUCAÇÃO;361 - ENSINO FUNDAMENTAL;0019 - GESTÃO DO TRANSPORTE ESCOLAR;2042 - REMUNERAÇÃO PESSOAL TRANSPORTE ESCOLAR ENSINO FUNDAMENTAL;;3.1.90.13.03 - 3.1.90.13.03;101 - RECEITAS DE IMPOSTOS E DE TRANSFERÊNCIAS DE IMPOSTOS VINCULADOS À EDUCAÇÃO;NÃO SE APLICA;4649;20200930;855.01;0;0;855.01;0;0;0;0;0;855.01;0
3110004;303;02;382336;2020;2;12 - EDUCAÇÃO;365 - EDUCAÇÃO INFANTIL;0003 - MANUTENÇÃO DA EDUCAÇÃO BÁSICA;2483 - REMUNERAÇÃO PESSOAL DA EDUCAÇÃO INFANTIL;;3.1.90.13.03 - 3.1.90.13.03;101 - RECEITAS DE IMPOSTOS E DE TRANSFERÊNCIAS DE IMPOSTOS VINCULADOS À EDUCAÇÃO;NÃO SE APLICA;1152;20200221;16069.27;0;0;16069.27;0;437.58;0;0;0;15631.69;0
3110004;303;02;382336;2020;6;12 - EDUCAÇÃO;361 - ENSINO FUNDAMENTAL;0019 - GESTÃO DO TRANSPORTE ESCOLAR;2041 - MANUTENÇÃO TRANSPORTE ESCOLAR DO ENSINO FUNDAMENTAL;;3.3.90.39.99 - 3.3.90.39.99;101 - RECEITAS DE IMPOSTOS E DE TRANSFERÊNCIAS DE IMPOSTOS VINCULADOS À EDUCAÇÃO;NÃO SE APLICA;27;20200102;0;0;0;4993.59;0;9724.72;0;0;0;-4731.13;-4993.59
3110004;303;02;382336;2020;12;12 - EDUCAÇÃO;365 - EDUCAÇÃO INFANTIL;0221 - MANUTENÇÃO DA EDUCAÇÃO BÁSICA;2407 - REMUNERAÇÃO PESSOAL EDUCAÇÃO INFANTILCRECHE;;3.1.90.11.11 - 3.1.90.11.11;101 - RECEITAS DE IMPOSTOS E DE TRANSFERÊNCIAS DE IMPOSTOS VINCULADOS À EDUCAÇÃO;NÃO SE APLICA;6143;20201228;5991.16;0;0;5991.16;0;5991.16;0;0;0;0;0
3110004;303;02;382336;2020;11;12 - EDUCAÇÃO;122 - ADMINISTRAÇÃO GERAL;0002 - GESTÃO DA SECRETARIA MUNICIPAL DE EDUCAÇÃO;2001 - REMUNERAÇÃO PESSOAL DA SECRETARIA;;3.1.90.11.11 - 3.1.90.11.11;101 - RECEITAS DE IMPOSTOS E DE TRANSFERÊNCIAS DE IMPOSTOS VINCULADOS À EDUCAÇÃO;NÃO SE APLICA;5417;20201127;25479.33;0;0;25479.33;0;25479.33;0;0;0;0;0
3110004;303;02;382336;2020;8;12 - EDUCAÇÃO;365 - EDUCAÇÃO INFANTIL;0003 - MANUTENÇÃO DA EDUCAÇÃO BÁSICA;2483 - REMUNERAÇÃO PESSOAL DA EDUCAÇÃO INFANTIL;;3.1.90.13.03 - 3.1.90.13.03;101 - RECEITAS DE IMPOSTOS E DE TRANSFERÊNCIAS DE IMPOSTOS VINCULADOS À EDUCAÇÃO;NÃO SE APLICA;4105;20200828;273.59;0;0;273.59;0;48.62;0;0;0;224.97;0
3110004;303;02;382336;2020;2;12 - EDUCAÇÃO;122 - ADMINISTRAÇÃO GERAL;0002 - GESTÃO DA SECRETARIA MUNICIPAL DE EDUCAÇÃO;2002 - MANUTENÇÃO DA SECRETARIA;;3.3.90.14.05 - 3.3.90.14.05;101 - RECEITAS DE IMPOSTOS E DE TRANSFERÊNCIAS DE IMPOSTOS VINCULADOS À EDUCAÇÃO;NÃO SE APLICA;766;20200210;47.2;0;0;47.2;0;47.2;0;0;0;0;0
3110004;303;02;382336;2020;4;12 - EDUCAÇÃO;365 - EDUCAÇÃO INFANTIL;0003 - MANUTENÇÃO DA EDUCAÇÃO BÁSICA;2483 - REMUNERAÇÃO PESSOAL DA EDUCAÇÃO INFANTIL;;3.1.90.16.00 - 3.1.90.16.00;101 - RECEITAS DE IMPOSTOS E DE TRANSFERÊNCIAS DE IMPOSTOS VINCULADOS À EDUCAÇÃO;NÃO SE APLICA;2003;20200429;191.41;0;0;191.41;0;191.41;0;0;0;0;0
3110004;303;02;382336;2020;8;12 - EDUCAÇÃO;361 - ENSINO FUNDAMENTAL;0003 - MANUTENÇÃO DA EDUCAÇÃO BÁSICA;1200 - CONSTRUÇÃO E REFORMA DE PRÉDIOS ESCOLARES ENSINO FUNDAMENTAL;;4.4.90.51.02 - 4.4.90.51.02;101 - RECEITAS DE IMPOSTOS E DE TRANSFERÊNCIAS DE IMPOSTOS VINCULADOS À EDUCAÇÃO;NÃO SE APLICA;2355;20200515;0;0;0;147195.15;0;6388.27;0;0;0;140806.88;-147195.15
3110004;303;02;382336;2020;8;12 - EDUCAÇÃO;122 - ADMINISTRAÇÃO GERAL;0002 - GESTÃO DA SECRETARIA MUNICIPAL DE EDUCAÇÃO;2002 - MANUTENÇÃO DA SECRETARIA;;3.3.90.39.29 - 3.3.90.39.29;101 - RECEITAS DE IMPOSTOS E DE TRANSFERÊNCIAS DE IMPOSTOS VINCULADOS À EDUCAÇÃO;NÃO SE APLICA;20;20200102;0;0;0;92.57;0;47.94;0;0;0;44.63;-92.57
3110004;303;02;382336;2020;9;12 - EDUCAÇÃO;365 - EDUCAÇÃO INFANTIL;0003 - MANUTENÇÃO DA EDUCAÇÃO BÁSICA;2006 - MANUTENÇÃO DA EDUCAÇÃO INFANTIL;;4.4.90.52.06 - 4.4.90.52.06;101 - RECEITAS DE IMPOSTOS E DE TRANSFERÊNCIAS DE IMPOSTOS VINCULADOS À EDUCAÇÃO;NÃO SE APLICA;4735;20200930;383.15;0;0;0;0;0;0;0;0;0;383.15
3110004;303;02;382336;2020;10;12 - EDUCAÇÃO;361 - ENSINO FUNDAMENTAL;0019 - GESTÃO DO TRANSPORTE ESCOLAR;2042 - REMUNERAÇÃO PESSOAL TRANSPORTE ESCOLAR ENSINO FUNDAMENTAL;;3.1.90.13.03 - 3.1.90.13.03;101 - RECEITAS DE IMPOSTOS E DE TRANSFERÊNCIAS DE IMPOSTOS VINCULADOS À EDUCAÇÃO;NÃO SE APLICA;4649;20200930;0;0;0;0;0;855.01;0;0;0;-855.01;0
3110004;303;02;382336;2020;9;12 - EDUCAÇÃO;122 - ADMINISTRAÇÃO GERAL;0002 - GESTÃO DA SECRETARIA MUNICIPAL DE EDUCAÇÃO;2002 - MANUTENÇÃO DA SECRETARIA;;3.3.90.14.05 - 3.3.90.14.05;101 - RECEITAS DE IMPOSTOS E DE TRANSFERÊNCIAS DE IMPOSTOS VINCULADOS À EDUCAÇÃO;NÃO SE APLICA;4369;20200917;47.2;0;0;47.2;0;47.2;0;0;0;0;0
3110004;303;02;382336;2020;6;12 - EDUCAÇÃO;361 - ENSINO FUNDAMENTAL;0003 - MANUTENÇÃO DA EDUCAÇÃO BÁSICA;2482 - REMUNERAÇÃO PESSOAL DO ENSINO FUNDAMENTAL;;3.1.90.11.11 - 3.1.90.11.11;101 - RECEITAS DE IMPOSTOS E DE TRANSFERÊNCIAS DE IMPOSTOS VINCULADOS À EDUCAÇÃO;NÃO SE APLICA;2992;20200630;79421.83;0;0;79421.83;0;79421.83;0;0;0;0;0
3110004;303;02;382336;2020;2;12 - EDUCAÇÃO;122 - ADMINISTRAÇÃO GERAL;0002 - GESTÃO DA SECRETARIA MUNICIPAL DE EDUCAÇÃO;2002 - MANUTENÇÃO DA SECRETARIA;;3.3.90.40.02 - 3.3.90.40.02;101 - RECEITAS DE IMPOSTOS E DE TRANSFERÊNCIAS DE IMPOSTOS VINCULADOS À EDUCAÇÃO;NÃO SE APLICA;939;20200221;3780;0;0;0;0;0;0;0;0;0;3780
3110004;303;02;382336;2020;12;12 - EDUCAÇÃO;122 - ADMINISTRAÇÃO GERAL;0002 - GESTÃO DA SECRETARIA MUNICIPAL DE EDUCAÇÃO;2002 - MANUTENÇÃO DA SECRETARIA;;4.4.90.52.30 - 4.4.90.52.30;101 - RECEITAS DE IMPOSTOS E DE TRANSFERÊNCIAS DE IMPOSTOS VINCULADOS À EDUCAÇÃO;NÃO SE APLICA;4884;20201023;0;0;0;80900;0;80900;0;0;0;0;-80900
3110004;303;02;382336;2020;8;12 - EDUCAÇÃO;122 - ADMINISTRAÇÃO GERAL;0002 - GESTÃO DA SECRETARIA MUNICIPAL DE EDUCAÇÃO;2002 - MANUTENÇÃO DA SECRETARIA;;3.3.90.49.00 - 3.3.90.49.00;101 - RECEITAS DE IMPOSTOS E DE TRANSFERÊNCIAS DE IMPOSTOS VINCULADOS À EDUCAÇÃO;NÃO SE APLICA;230;20200120;0;0;0;189;0;189;0;0;0;0;-189
3110004;303;02;382336;2020;12;12 - EDUCAÇÃO;361 - ENSINO FUNDAMENTAL;0019 - GESTÃO DO TRANSPORTE ESCOLAR;2042 - REMUNERAÇÃO PESSOAL TRANSPORTE ESCOLAR ENSINO FUNDAMENTAL;;3.1.90.11.11 - 3.1.90.11.11;101 - RECEITAS DE IMPOSTOS E DE TRANSFERÊNCIAS DE IMPOSTOS VINCULADOS À EDUCAÇÃO;NÃO SE APLICA;6138;20201228;3346.99;0;0;3346.99;0;3346.99;0;0;0;0;0
3110004;303;02;382336;2020;2;12 - EDUCAÇÃO;361 - ENSINO FUNDAMENTAL;0003 - MANUTENÇÃO DA EDUCAÇÃO BÁSICA;2062 - MANUTENÇÃO DO ENSINO FUNDAMENTAL;;3.3.90.30.22 - 3.3.90.30.22;101 - RECEITAS DE IMPOSTOS E DE TRANSFERÊNCIAS DE IMPOSTOS VINCULADOS À EDUCAÇÃO;NÃO SE APLICA;1245;20200228;199;0;0;0;0;0;0;0;0;0;199
3110004;303;02;382336;2020;3;12 - EDUCAÇÃO;122 - ADMINISTRAÇÃO GERAL;0002 - GESTÃO DA SECRETARIA MUNICIPAL DE EDUCAÇÃO;2002 - MANUTENÇÃO DA SECRETARIA;;3.3.90.49.00 - 3.3.90.49.00;101 - RECEITAS DE IMPOSTOS E DE TRANSFERÊNCIAS DE IMPOSTOS VINCULADOS À EDUCAÇÃO;NÃO SE APLICA;225;20200120;0;0;0;1117.8;0;1117.8;0;0;0;0;-1117.8
3110004;303;02;382336;2020;3;12 - EDUCAÇÃO;361 - ENSINO FUNDAMENTAL;0003 - MANUTENÇÃO DA EDUCAÇÃO BÁSICA;2062 - MANUTENÇÃO DO ENSINO FUNDAMENTAL;;3.3.90.32.99 - 3.3.90.32.99;101 - RECEITAS DE IMPOSTOS E DE TRANSFERÊNCIAS DE IMPOSTOS VINCULADOS À EDUCAÇÃO;NÃO SE APLICA;1327;20200309;96521.73;0;0;96521.73;0;96521.73;0;0;0;0;0
3110004;303;02;382336;2020;4;12 - EDUCAÇÃO;361 - ENSINO FUNDAMENTAL;0019 - GESTÃO DO TRANSPORTE ESCOLAR;2042 - REMUNERAÇÃO PESSOAL TRANSPORTE ESCOLAR ENSINO FUNDAMENTAL;;3.1.90.04.99 - 3.1.90.04.99;101 - RECEITAS DE IMPOSTOS E DE TRANSFERÊNCIAS DE IMPOSTOS VINCULADOS À EDUCAÇÃO;NÃO SE APLICA;1998;20200429;3748.67;0;0;3748.67;0;3748.67;0;0;0;0;0
3110004;303;02;382336;2020;9;12 - EDUCAÇÃO;361 - ENSINO FUNDAMENTAL;0013 - TRANSFERÊNCIA AS CAIXAS ESCOLARES;2032 - CONTRIBUIÇÃO AS ESCOLAS MUNICIPAIS;;3.3.50.41.00 - 3.3.50.41.00;101 - RECEITAS DE IMPOSTOS E DE TRANSFERÊNCIAS DE IMPOSTOS VINCULADOS À EDUCAÇÃO;NÃO SE APLICA;4431;20200923;2800;0;0;2800;0;0;0;0;0;2800;0
3110004;303;02;382336;2020;4;12 - EDUCAÇÃO;361 - ENSINO FUNDAMENTAL;0027 - GESTÃO DO CENTRO ESPECIALIZADO DE ATENÇÃO À CRIANÇA E AO ADOLESCENTE;2049 - MANUTENÇÃO DO CEACA;;3.1.90.13.03 - 3.1.90.13.03;101 - RECEITAS DE IMPOSTOS E DE TRANSFERÊNCIAS DE IMPOSTOS VINCULADOS À EDUCAÇÃO;NÃO SE APLICA;1636;20200327;0;0;0;0;0;3851.41;0;0;0;-3851.41;0
3110004;303;02;382336;2020;10;12 - EDUCAÇÃO;122 - ADMINISTRAÇÃO GERAL;0002 - GESTÃO DA SECRETARIA MUNICIPAL DE EDUCAÇÃO;2002 - MANUTENÇÃO DA SECRETARIA;;3.3.90.49.00 - 3.3.90.49.00;101 - RECEITAS DE IMPOSTOS E DE TRANSFERÊNCIAS DE IMPOSTOS VINCULADOS À EDUCAÇÃO;NÃO SE APLICA;234;20200120;0;0;20500;720;0;720;0;0;0;0;-21220
3110004;303;02;382336;2020;11;12 - EDUCAÇÃO;361 - ENSINO FUNDAMENTAL;0003 - MANUTENÇÃO DA EDUCAÇÃO BÁSICA;2482 - REMUNERAÇÃO PESSOAL DO ENSINO FUNDAMENTAL;;3.1.90.11.11 - 3.1.90.11.11;101 - RECEITAS DE IMPOSTOS E DE TRANSFERÊNCIAS DE IMPOSTOS VINCULADOS À EDUCAÇÃO;NÃO SE APLICA;5423;20201127;101598.38;0;0;101598.38;0;101598.38;0;0;0;0;0
3110004;303;02;382336;2020;10;12 - EDUCAÇÃO;361 - ENSINO FUNDAMENTAL;0019 - GESTÃO DO TRANSPORTE ESCOLAR;2042 - REMUNERAÇÃO PESSOAL TRANSPORTE ESCOLAR ENSINO FUNDAMENTAL;;3.1.90.13.03 - 3.1.90.13.03;101 - RECEITAS DE IMPOSTOS E DE TRANSFERÊNCIAS DE IMPOSTOS VINCULADOS À EDUCAÇÃO;NÃO SE APLICA;5128;20201029;869.17;0;0;869.17;0;0;0;0;0;869.17;0
3110004;303;02;382336;2020;7;12 - EDUCAÇÃO;365 - EDUCAÇÃO INFANTIL;0221 - MANUTENÇÃO DA EDUCAÇÃO BÁSICA;2407 - REMUNERAÇÃO PESSOAL EDUCAÇÃO INFANTILCRECHE;;3.1.90.11.11 - 3.1.90.11.11;101 - RECEITAS DE IMPOSTOS E DE TRANSFERÊNCIAS DE IMPOSTOS VINCULADOS À EDUCAÇÃO;NÃO SE APLICA;3511;20200731;5991.16;0;0;5991.16;0;5991.16;0;0;0;0;0
3110004;303;02;382336;2020;7;12 - EDUCAÇÃO;361 - ENSINO FUNDAMENTAL;0019 - GESTÃO DO TRANSPORTE ESCOLAR;2042 - REMUNERAÇÃO PESSOAL TRANSPORTE ESCOLAR ENSINO FUNDAMENTAL;;3.1.90.11.11 - 3.1.90.11.11;101 - RECEITAS DE IMPOSTOS E DE TRANSFERÊNCIAS DE IMPOSTOS VINCULADOS À EDUCAÇÃO;NÃO SE APLICA;3506;20200731;3278.46;0;0;3278.46;0;3278.46;0;0;0;0;0
3110004;303;02;382336;2020;2;12 - EDUCAÇÃO;361 - ENSINO FUNDAMENTAL;0003 - MANUTENÇÃO DA EDUCAÇÃO BÁSICA;2482 - REMUNERAÇÃO PESSOAL DO ENSINO FUNDAMENTAL;;3.1.90.13.01 - 3.1.90.13.01;101 - RECEITAS DE IMPOSTOS E DE TRANSFERÊNCIAS DE IMPOSTOS VINCULADOS À EDUCAÇÃO;NÃO SE APLICA;483;20200130;0;0;0;0;0;7899.28;0;0;0;-7899.28;0
3110004;303;02;382336;2020;4;12 - EDUCAÇÃO;361 - ENSINO FUNDAMENTAL;0019 - GESTÃO DO TRANSPORTE ESCOLAR;2042 - REMUNERAÇÃO PESSOAL TRANSPORTE ESCOLAR ENSINO FUNDAMENTAL;;3.1.90.11.11 - 3.1.90.11.11;101 - RECEITAS DE IMPOSTOS E DE TRANSFERÊNCIAS DE IMPOSTOS VINCULADOS À EDUCAÇÃO;NÃO SE APLICA;1999;20200429;3870.72;0;0;3870.72;0;3870.72;0;0;0;0;0
3110004;303;02;382336;2020;9;12 - EDUCAÇÃO;361 - ENSINO FUNDAMENTAL;0013 - TRANSFERÊNCIA AS CAIXAS ESCOLARES;2032 - CONTRIBUIÇÃO AS ESCOLAS MUNICIPAIS;;3.3.50.41.00 - 3.3.50.41.00;101 - RECEITAS DE IMPOSTOS E DE TRANSFERÊNCIAS DE IMPOSTOS VINCULADOS À EDUCAÇÃO;NÃO SE APLICA;4427;20200923;5000;0;0;5000;0;0;0;0;0;5000;0
3110004;303;02;382336;2020;10;12 - EDUCAÇÃO;365 - EDUCAÇÃO INFANTIL;0003 - MANUTENÇÃO DA EDUCAÇÃO BÁSICA;2483 - REMUNERAÇÃO PESSOAL DA EDUCAÇÃO INFANTIL;;3.1.90.13.03 - 3.1.90.13.03;101 - RECEITAS DE IMPOSTOS E DE TRANSFERÊNCIAS DE IMPOSTOS VINCULADOS À EDUCAÇÃO;NÃO SE APLICA;4653;20200930;0;0;0;0;0;224.97;0;0;0;-224.97;0
3110004;303;02;382336;2020;8;12 - EDUCAÇÃO;122 - ADMINISTRAÇÃO GERAL;0002 - GESTÃO DA SECRETARIA MUNICIPAL DE EDUCAÇÃO;2002 - MANUTENÇÃO DA SECRETARIA;;3.3.90.39.99 - 3.3.90.39.99;101 - RECEITAS DE IMPOSTOS E DE TRANSFERÊNCIAS DE IMPOSTOS VINCULADOS À EDUCAÇÃO;NÃO SE APLICA;26;20200102;0;0;0;1981.1;0;1004.96;0;0;0;976.14;-1981.1
3110004;303;02;382336;2020;1;12 - EDUCAÇÃO;122 - ADMINISTRAÇÃO GERAL;0002 - GESTÃO DA SECRETARIA MUNICIPAL DE EDUCAÇÃO;2002 - MANUTENÇÃO DA SECRETARIA;;3.3.90.14.05 - 3.3.90.14.05;101 - RECEITAS DE IMPOSTOS E DE TRANSFERÊNCIAS DE IMPOSTOS VINCULADOS À EDUCAÇÃO;NÃO SE APLICA;261;20200124;70.8;0;0;70.8;0;70.8;0;0;0;0;0
3110004;303;02;382336;2020;12;12 - EDUCAÇÃO;122 - ADMINISTRAÇÃO GERAL;0002 - GESTÃO DA SECRETARIA MUNICIPAL DE EDUCAÇÃO;2001 - REMUNERAÇÃO PESSOAL DA SECRETARIA;;3.1.90.11.05 - 3.1.90.11.05;101 - RECEITAS DE IMPOSTOS E DE TRANSFERÊNCIAS DE IMPOSTOS VINCULADOS À EDUCAÇÃO;NÃO SE APLICA;6128;20201228;12528.77;0;0;12528.77;0;12528.77;0;0;0;0;0
3110004;303;02;382336;2020;4;12 - EDUCAÇÃO;122 - ADMINISTRAÇÃO GERAL;0002 - GESTÃO DA SECRETARIA MUNICIPAL DE EDUCAÇÃO;2002 - MANUTENÇÃO DA SECRETARIA;;3.3.90.36.14 - 3.3.90.36.14;101 - RECEITAS DE IMPOSTOS E DE TRANSFERÊNCIAS DE IMPOSTOS VINCULADOS À EDUCAÇÃO;NÃO SE APLICA;1286;20200304;0;0;0;1617.33;0;1617.33;0;0;0;0;-1617.33
3110004;303;02;382336;2020;2;12 - EDUCAÇÃO;361 - ENSINO FUNDAMENTAL;0003 - MANUTENÇÃO DA EDUCAÇÃO BÁSICA;2062 - MANUTENÇÃO DO ENSINO FUNDAMENTAL;;3.3.90.32.99 - 3.3.90.32.99;101 - RECEITAS DE IMPOSTOS E DE TRANSFERÊNCIAS DE IMPOSTOS VINCULADOS À EDUCAÇÃO;NÃO SE APLICA;740;20200207;195831.2;0;0;0;0;0;0;0;0;0;195831.2
3110004;303;02;382336;2020;3;12 - EDUCAÇÃO;122 - ADMINISTRAÇÃO GERAL;0002 - GESTÃO DA SECRETARIA MUNICIPAL DE EDUCAÇÃO;2002 - MANUTENÇÃO DA SECRETARIA;;3.3.90.39.53 - 3.3.90.39.53;101 - RECEITAS DE IMPOSTOS E DE TRANSFERÊNCIAS DE IMPOSTOS VINCULADOS À EDUCAÇÃO;NÃO SE APLICA;954;20200221;0;0;0;0;0;10.97;0;0;0;-10.97;0
3110004;303;02;382336;2020;12;12 - EDUCAÇÃO;365 - EDUCAÇÃO INFANTIL;0003 - MANUTENÇÃO DA EDUCAÇÃO BÁSICA;2006 - MANUTENÇÃO DA EDUCAÇÃO INFANTIL;;4.4.90.52.24 - 4.4.90.52.24;101 - RECEITAS DE IMPOSTOS E DE TRANSFERÊNCIAS DE IMPOSTOS VINCULADOS À EDUCAÇÃO;NÃO SE APLICA;4363;20200917;0;0;0;14705.3;0;14705.3;0;0;0;0;-14705.3
3110004;303;02;382336;2020;12;12 - EDUCAÇÃO;122 - ADMINISTRAÇÃO GERAL;0002 - GESTÃO DA SECRETARIA MUNICIPAL DE EDUCAÇÃO;2002 - MANUTENÇÃO DA SECRETARIA;;3.3.90.39.99 - 3.3.90.39.99;101 - RECEITAS DE IMPOSTOS E DE TRANSFERÊNCIAS DE IMPOSTOS VINCULADOS À EDUCAÇÃO;NÃO SE APLICA;26;20200102;0;0;0;1030.23;0;1030.23;0;0;0;0;-1030.23
3110004;303;02;382336;2020;11;12 - EDUCAÇÃO;361 - ENSINO FUNDAMENTAL;0003 - MANUTENÇÃO DA EDUCAÇÃO BÁSICA;2062 - MANUTENÇÃO DO ENSINO FUNDAMENTAL;;3.3.90.32.99 - 3.3.90.32.99;101 - RECEITAS DE IMPOSTOS E DE TRANSFERÊNCIAS DE IMPOSTOS VINCULADOS À EDUCAÇÃO;NÃO SE APLICA;740;20200207;0;0;0;49291.3;0;0;0;0;0;49291.3;-49291.3
3110004;303;02;382336;2020;7;12 - EDUCAÇÃO;361 - ENSINO FUNDAMENTAL;0027 - GESTÃO DO CENTRO ESPECIALIZADO DE ATENÇÃO À CRIANÇA E AO ADOLESCENTE;2049 - MANUTENÇÃO DO CEACA;;3.1.90.13.03 - 3.1.90.13.03;101 - RECEITAS DE IMPOSTOS E DE TRANSFERÊNCIAS DE IMPOSTOS VINCULADOS À EDUCAÇÃO;NÃO SE APLICA;3623;20200731;3275.35;0;0;3275.35;0;0;0;0;0;3275.35;0
3110004;303;02;382336;2020;7;12 - EDUCAÇÃO;365 - EDUCAÇÃO INFANTIL;0003 - MANUTENÇÃO DA EDUCAÇÃO BÁSICA;2483 - REMUNERAÇÃO PESSOAL DA EDUCAÇÃO INFANTIL;;3.1.90.13.03 - 3.1.90.13.03;101 - RECEITAS DE IMPOSTOS E DE TRANSFERÊNCIAS DE IMPOSTOS VINCULADOS À EDUCAÇÃO;NÃO SE APLICA;3112;20200630;0;0;0;0;0;224.97;0;0;0;-224.97;0
3110004;303;02;382336;2020;8;12 - EDUCAÇÃO;361 - ENSINO FUNDAMENTAL;0003 - MANUTENÇÃO DA EDUCAÇÃO BÁSICA;1200 - CONSTRUÇÃO E REFORMA DE PRÉDIOS ESCOLARES ENSINO FUNDAMENTAL;;4.4.90.51.02 - 4.4.90.51.02;101 - RECEITAS DE IMPOSTOS E DE TRANSFERÊNCIAS DE IMPOSTOS VINCULADOS À EDUCAÇÃO;NÃO SE APLICA;3814;20200813;2493.99;0;0;2493.99;0;108.24;0;0;0;2385.75;0
3110004;303;02;382336;2020;4;12 - EDUCAÇÃO;122 - ADMINISTRAÇÃO GERAL;0002 - GESTÃO DA SECRETARIA MUNICIPAL DE EDUCAÇÃO;2002 - MANUTENÇÃO DA SECRETARIA;;3.3.90.39.13 - 3.3.90.39.13;101 - RECEITAS DE IMPOSTOS E DE TRANSFERÊNCIAS DE IMPOSTOS VINCULADOS À EDUCAÇÃO;NÃO SE APLICA;24;20200102;0;0;0;4640.4;0;4640.4;0;0;0;0;-4640.4
3110004;303;02;382336;2020;7;12 - EDUCAÇÃO;361 - ENSINO FUNDAMENTAL;0003 - MANUTENÇÃO DA EDUCAÇÃO BÁSICA;1200 - CONSTRUÇÃO E REFORMA DE PRÉDIOS ESCOLARES ENSINO FUNDAMENTAL;;4.4.90.51.02 - 4.4.90.51.02;101 - RECEITAS DE IMPOSTOS E DE TRANSFERÊNCIAS DE IMPOSTOS VINCULADOS À EDUCAÇÃO;NÃO SE APLICA;1959;20200429;0;0;0;0;0;52262.02;0;0;0;-52262.02;0
3110004;303;02;382336;2020;11;12 - EDUCAÇÃO;361 - ENSINO FUNDAMENTAL;0027 - GESTÃO DO CENTRO ESPECIALIZADO DE ATENÇÃO À CRIANÇA E AO ADOLESCENTE;2049 - MANUTENÇÃO DO CEACA;;3.1.90.13.01 - 3.1.90.13.01;101 - RECEITAS DE IMPOSTOS E DE TRANSFERÊNCIAS DE IMPOSTOS VINCULADOS À EDUCAÇÃO;NÃO SE APLICA;5129;20201029;0;0;0;0;0;1249.73;0;0;0;-1249.73;0
3110004;303;02;382336;2020;1;12 - EDUCAÇÃO;361 - ENSINO FUNDAMENTAL;0019 - GESTÃO DO TRANSPORTE ESCOLAR;2042 - REMUNERAÇÃO PESSOAL TRANSPORTE ESCOLAR ENSINO FUNDAMENTAL;;3.1.90.04.99 - 3.1.90.04.99;101 - RECEITAS DE IMPOSTOS E DE TRANSFERÊNCIAS DE IMPOSTOS VINCULADOS À EDUCAÇÃO;NÃO SE APLICA;375;20200130;2901.85;0;0;2901.85;0;2901.85;0;0;0;0;0
3110004;303;02;382336;2020;10;12 - EDUCAÇÃO;361 - ENSINO FUNDAMENTAL;0003 - MANUTENÇÃO DA EDUCAÇÃO BÁSICA;2062 - MANUTENÇÃO DO ENSINO FUNDAMENTAL;;3.3.90.39.60 - 3.3.90.39.60;101 - RECEITAS DE IMPOSTOS E DE TRANSFERÊNCIAS DE IMPOSTOS VINCULADOS À EDUCAÇÃO;NÃO SE APLICA;2685;20200529;0;0;0;3589.96;0;3589.96;0;0;0;0;-3589.96
3110004;303;02;382336;2020;11;12 - EDUCAÇÃO;365 - EDUCAÇÃO INFANTIL;0003 - MANUTENÇÃO DA EDUCAÇÃO BÁSICA;2006 - MANUTENÇÃO DA EDUCAÇÃO INFANTIL;;4.4.90.52.24 - 4.4.90.52.24;101 - RECEITAS DE IMPOSTOS E DE TRANSFERÊNCIAS DE IMPOSTOS VINCULADOS À EDUCAÇÃO;NÃO SE APLICA;4363;20200917;0;0;0;35904.42;0;35904.42;0;0;0;0;-35904.42
3110004;303;02;382336;2020;4;12 - EDUCAÇÃO;361 - ENSINO FUNDAMENTAL;0027 - GESTÃO DO CENTRO ESPECIALIZADO DE ATENÇÃO À CRIANÇA E AO ADOLESCENTE;2049 - MANUTENÇÃO DO CEACA;;3.1.90.13.01 - 3.1.90.13.01;101 - RECEITAS DE IMPOSTOS E DE TRANSFERÊNCIAS DE IMPOSTOS VINCULADOS À EDUCAÇÃO;NÃO SE APLICA;2107;20200429;1249.73;0;0;1249.73;0;0;0;0;0;1249.73;0
3110004;303;02;382336;2020;12;12 - EDUCAÇÃO;122 - ADMINISTRAÇÃO GERAL;0002 - GESTÃO DA SECRETARIA MUNICIPAL DE EDUCAÇÃO;2002 - MANUTENÇÃO DA SECRETARIA;;3.3.90.35.06 - 3.3.90.35.06;101 - RECEITAS DE IMPOSTOS E DE TRANSFERÊNCIAS DE IMPOSTOS VINCULADOS À EDUCAÇÃO;NÃO SE APLICA;3936;20200826;0;0;0;4400;0;4400;0;0;0;0;-4400
3110004;303;02;382336;2020;9;12 - EDUCAÇÃO;365 - EDUCAÇÃO INFANTIL;0003 - MANUTENÇÃO DA EDUCAÇÃO BÁSICA;2006 - MANUTENÇÃO DA EDUCAÇÃO INFANTIL;;4.4.90.52.06 - 4.4.90.52.06;101 - RECEITAS DE IMPOSTOS E DE TRANSFERÊNCIAS DE IMPOSTOS VINCULADOS À EDUCAÇÃO;NÃO SE APLICA;4365;20200917;8225.6;0;0;0;0;0;0;0;0;0;8225.6
3110004;303;02;382336;2020;5;12 - EDUCAÇÃO;365 - EDUCAÇÃO INFANTIL;0221 - MANUTENÇÃO DA EDUCAÇÃO BÁSICA;2407 - REMUNERAÇÃO PESSOAL EDUCAÇÃO INFANTILCRECHE;;3.1.90.11.05 - 3.1.90.11.05;101 - RECEITAS DE IMPOSTOS E DE TRANSFERÊNCIAS DE IMPOSTOS VINCULADOS À EDUCAÇÃO;NÃO SE APLICA;2484;20200529;9338.28;0;0;9338.28;0;9338.28;0;0;0;0;0
3110004;303;02;382336;2020;12;12 - EDUCAÇÃO;365 - EDUCAÇÃO INFANTIL;0003 - MANUTENÇÃO DA EDUCAÇÃO BÁSICA;2483 - REMUNERAÇÃO PESSOAL DA EDUCAÇÃO INFANTIL;;3.1.90.13.01 - 3.1.90.13.01;101 - RECEITAS DE IMPOSTOS E DE TRANSFERÊNCIAS DE IMPOSTOS VINCULADOS À EDUCAÇÃO;NÃO SE APLICA;6259;20201228;208.8;0;0;208.8;0;208.8;0;0;0;0;0
3110004;303;02;382336;2020;6;12 - EDUCAÇÃO;122 - ADMINISTRAÇÃO GERAL;0002 - GESTÃO DA SECRETARIA MUNICIPAL DE EDUCAÇÃO;2001 - REMUNERAÇÃO PESSOAL DA SECRETARIA;;3.1.90.13.01 - 3.1.90.13.01;101 - RECEITAS DE IMPOSTOS E DE TRANSFERÊNCIAS DE IMPOSTOS VINCULADOS À EDUCAÇÃO;NÃO SE APLICA;2586;20200529;0;0;0;0;0;3252.97;0;0;0;-3252.97;0
3110004;303;02;382336;2020;3;12 - EDUCAÇÃO;361 - ENSINO FUNDAMENTAL;0019 - GESTÃO DO TRANSPORTE ESCOLAR;2042 - REMUNERAÇÃO PESSOAL TRANSPORTE ESCOLAR ENSINO FUNDAMENTAL;;3.1.90.13.01 - 3.1.90.13.01;101 - RECEITAS DE IMPOSTOS E DE TRANSFERÊNCIAS DE IMPOSTOS VINCULADOS À EDUCAÇÃO;NÃO SE APLICA;1633;20200327;288.83;0;0;288.83;0;0;0;0;0;288.83;0
3110004;303;02;382336;2020;2;12 - EDUCAÇÃO;122 - ADMINISTRAÇÃO GERAL;0002 - GESTÃO DA SECRETARIA MUNICIPAL DE EDUCAÇÃO;2002 - MANUTENÇÃO DA SECRETARIA;;3.3.90.39.29 - 3.3.90.39.29;101 - RECEITAS DE IMPOSTOS E DE TRANSFERÊNCIAS DE IMPOSTOS VINCULADOS À EDUCAÇÃO;NÃO SE APLICA;20;20200102;0;0;0;47.51;0;93.5;0;0;0;-45.99;-47.51
3110004;303;02;382336;2020;10;12 - EDUCAÇÃO;361 - ENSINO FUNDAMENTAL;0019 - GESTÃO DO TRANSPORTE ESCOLAR;2042 - REMUNERAÇÃO PESSOAL TRANSPORTE ESCOLAR ENSINO FUNDAMENTAL;;3.1.90.13.01 - 3.1.90.13.01;101 - RECEITAS DE IMPOSTOS E DE TRANSFERÊNCIAS DE IMPOSTOS VINCULADOS À EDUCAÇÃO;NÃO SE APLICA;4648;20200930;0;0;0;0;0;326.24;0;0;0;-326.24;0
3110004;303;02;382336;2020;11;12 - EDUCAÇÃO;361 - ENSINO FUNDAMENTAL;0003 - MANUTENÇÃO DA EDUCAÇÃO BÁSICA;2482 - REMUNERAÇÃO PESSOAL DO ENSINO FUNDAMENTAL;;3.1.90.13.01 - 3.1.90.13.01;101 - RECEITAS DE IMPOSTOS E DE TRANSFERÊNCIAS DE IMPOSTOS VINCULADOS À EDUCAÇÃO;NÃO SE APLICA;5125;20201029;0;0;0;0;0;8152.36;0;0;0;-8152.36;0
3110004;303;02;382336;2020;7;12 - EDUCAÇÃO;365 - EDUCAÇÃO INFANTIL;0221 - MANUTENÇÃO DA EDUCAÇÃO BÁSICA;2407 - REMUNERAÇÃO PESSOAL EDUCAÇÃO INFANTILCRECHE;;3.1.90.13.01 - 3.1.90.13.01;101 - RECEITAS DE IMPOSTOS E DE TRANSFERÊNCIAS DE IMPOSTOS VINCULADOS À EDUCAÇÃO;NÃO SE APLICA;3113;20200630;0;0;0;0;0;1151.65;0;0;0;-1151.65;0
3110004;303;02;382336;2020;12;12 - EDUCAÇÃO;365 - EDUCAÇÃO INFANTIL;0003 - MANUTENÇÃO DA EDUCAÇÃO BÁSICA;2006 - MANUTENÇÃO DA EDUCAÇÃO INFANTIL;;4.4.90.52.24 - 4.4.90.52.24;101 - RECEITAS DE IMPOSTOS E DE TRANSFERÊNCIAS DE IMPOSTOS VINCULADOS À EDUCAÇÃO;NÃO SE APLICA;5960;20201214;2436;0;0;2436;0;2436;0;0;0;0;0
3110004;303;02;382336;2020;2;12 - EDUCAÇÃO;361 - ENSINO FUNDAMENTAL;0003 - MANUTENÇÃO DA EDUCAÇÃO BÁSICA;2482 - REMUNERAÇÃO PESSOAL DO ENSINO FUNDAMENTAL;;3.1.90.16.00 - 3.1.90.16.00;101 - RECEITAS DE IMPOSTOS E DE TRANSFERÊNCIAS DE IMPOSTOS VINCULADOS À EDUCAÇÃO;NÃO SE APLICA;1037;20200221;52.19;0;0;52.19;0;52.19;0;0;0;0;0
3110004;303;02;382336;2020;3;12 - EDUCAÇÃO;361 - ENSINO FUNDAMENTAL;0027 - GESTÃO DO CENTRO ESPECIALIZADO DE ATENÇÃO À CRIANÇA E AO ADOLESCENTE;2049 - MANUTENÇÃO DO CEACA;;3.1.90.13.01 - 3.1.90.13.01;101 - RECEITAS DE IMPOSTOS E DE TRANSFERÊNCIAS DE IMPOSTOS VINCULADOS À EDUCAÇÃO;NÃO SE APLICA;1149;20200221;0;0;0;0;0;1142.3;0;0;0;-1142.3;0
3110004;303;02;382336;2020;8;12 - EDUCAÇÃO;122 - ADMINISTRAÇÃO GERAL;0002 - GESTÃO DA SECRETARIA MUNICIPAL DE EDUCAÇÃO;2001 - REMUNERAÇÃO PESSOAL DA SECRETARIA;;3.1.90.13.03 - 3.1.90.13.03;101 - RECEITAS DE IMPOSTOS E DE TRANSFERÊNCIAS DE IMPOSTOS VINCULADOS À EDUCAÇÃO;NÃO SE APLICA;3615;20200731;0;0;0;0;0;8535.93;0;0;0;-8535.93;0
3110004;303;02;382336;2020;12;12 - EDUCAÇÃO;361 - ENSINO FUNDAMENTAL;0003 - MANUTENÇÃO DA EDUCAÇÃO BÁSICA;2482 - REMUNERAÇÃO PESSOAL DO ENSINO FUNDAMENTAL;;3.1.90.04.99 - 3.1.90.04.99;101 - RECEITAS DE IMPOSTOS E DE TRANSFERÊNCIAS DE IMPOSTOS VINCULADOS À EDUCAÇÃO;NÃO SE APLICA;5809;20201214;4941.66;0;0;4941.66;0;4941.66;0;0;0;0;0
3110004;303;02;382336;2020;12;12 - EDUCAÇÃO;361 - ENSINO FUNDAMENTAL;0019 - GESTÃO DO TRANSPORTE ESCOLAR;2042 - REMUNERAÇÃO PESSOAL TRANSPORTE ESCOLAR ENSINO FUNDAMENTAL;;3.1.90.13.03 - 3.1.90.13.03;101 - RECEITAS DE IMPOSTOS E DE TRANSFERÊNCIAS DE IMPOSTOS VINCULADOS À EDUCAÇÃO;NÃO SE APLICA;5902;20201214;772.95;0;0;772.95;0;772.95;0;0;0;0;0
3110004;303;02;382336;2020;11;12 - EDUCAÇÃO;361 - ENSINO FUNDAMENTAL;0019 - GESTÃO DO TRANSPORTE ESCOLAR;2042 - REMUNERAÇÃO PESSOAL TRANSPORTE ESCOLAR ENSINO FUNDAMENTAL;;3.1.90.13.03 - 3.1.90.13.03;101 - RECEITAS DE IMPOSTOS E DE TRANSFERÊNCIAS DE IMPOSTOS VINCULADOS À EDUCAÇÃO;NÃO SE APLICA;5543;20201127;749.94;0;0;749.94;0;0;0;0;0;749.94;0
3110004;303;02;382336;2020;11;12 - EDUCAÇÃO;122 - ADMINISTRAÇÃO GERAL;0002 - GESTÃO DA SECRETARIA MUNICIPAL DE EDUCAÇÃO;2001 - REMUNERAÇÃO PESSOAL DA SECRETARIA;;3.1.90.13.01 - 3.1.90.13.01;101 - RECEITAS DE IMPOSTOS E DE TRANSFERÊNCIAS DE IMPOSTOS VINCULADOS À EDUCAÇÃO;NÃO SE APLICA;5536;20201127;3278.87;0;0;3278.87;0;0;0;0;0;3278.87;0
3110004;303;02;382336;2020;6;12 - EDUCAÇÃO;361 - ENSINO FUNDAMENTAL;0003 - MANUTENÇÃO DA EDUCAÇÃO BÁSICA;2482 - REMUNERAÇÃO PESSOAL DO ENSINO FUNDAMENTAL;;3.1.90.13.03 - 3.1.90.13.03;101 - RECEITAS DE IMPOSTOS E DE TRANSFERÊNCIAS DE IMPOSTOS VINCULADOS À EDUCAÇÃO;NÃO SE APLICA;3106;20200630;22645.33;0;0;22645.33;0;2362.99;0;0;0;20282.34;0
3110004;303;02;382336;2020;11;12 - EDUCAÇÃO;122 - ADMINISTRAÇÃO GERAL;0002 - GESTÃO DA SECRETARIA MUNICIPAL DE EDUCAÇÃO;2002 - MANUTENÇÃO DA SECRETARIA;;3.3.90.49.00 - 3.3.90.49.00;101 - RECEITAS DE IMPOSTOS E DE TRANSFERÊNCIAS DE IMPOSTOS VINCULADOS À EDUCAÇÃO;NÃO SE APLICA;230;20200120;0;0;0;162;0;162;0;0;0;0;-162
3110004;303;02;382336;2020;1;12 - EDUCAÇÃO;365 - EDUCAÇÃO INFANTIL;0221 - MANUTENÇÃO DA EDUCAÇÃO BÁSICA;2407 - REMUNERAÇÃO PESSOAL EDUCAÇÃO INFANTILCRECHE;;3.1.90.11.05 - 3.1.90.11.05;101 - RECEITAS DE IMPOSTOS E DE TRANSFERÊNCIAS DE IMPOSTOS VINCULADOS À EDUCAÇÃO;NÃO SE APLICA;381;20200130;14101.01;0;0;14101.01;0;14101.01;0;0;0;0;0
3110004;303;02;382336;2020;1;12 - EDUCAÇÃO;365 - EDUCAÇÃO INFANTIL;0019 - GESTÃO DO TRANSPORTE ESCOLAR;2454 - MANUTENÇÃO TRANSPORTE ESCOLAR EDUCAÇÃO INFANTIL;;3.3.90.39.57 - 3.3.90.39.57;101 - RECEITAS DE IMPOSTOS E DE TRANSFERÊNCIAS DE IMPOSTOS VINCULADOS À EDUCAÇÃO;NÃO SE APLICA;38;20200102;612034.9;0;0;0;0;0;0;0;0;0;612034.9
3110004;303;02;382336;2020;11;12 - EDUCAÇÃO;122 - ADMINISTRAÇÃO GERAL;0002 - GESTÃO DA SECRETARIA MUNICIPAL DE EDUCAÇÃO;2002 - MANUTENÇÃO DA SECRETARIA;;4.4.90.52.19 - 4.4.90.52.19;101 - RECEITAS DE IMPOSTOS E DE TRANSFERÊNCIAS DE IMPOSTOS VINCULADOS À EDUCAÇÃO;NÃO SE APLICA;4330;20200911;0;0;0;0;0;35200;0;0;0;-35200;0
3110004;303;02;382336;2020;5;12 - EDUCAÇÃO;122 - ADMINISTRAÇÃO GERAL;0002 - GESTÃO DA SECRETARIA MUNICIPAL DE EDUCAÇÃO;2002 - MANUTENÇÃO DA SECRETARIA;;3.3.90.39.29 - 3.3.90.39.29;101 - RECEITAS DE IMPOSTOS E DE TRANSFERÊNCIAS DE IMPOSTOS VINCULADOS À EDUCAÇÃO;NÃO SE APLICA;20;20200102;0;0;0;276.38;0;207.33;0;0;0;69.05;-276.38
3110004;303;02;382336;2020;10;12 - EDUCAÇÃO;361 - ENSINO FUNDAMENTAL;0019 - GESTÃO DO TRANSPORTE ESCOLAR;2042 - REMUNERAÇÃO PESSOAL TRANSPORTE ESCOLAR ENSINO FUNDAMENTAL;;3.1.90.16.00 - 3.1.90.16.00;101 - RECEITAS DE IMPOSTOS E DE TRANSFERÊNCIAS DE IMPOSTOS VINCULADOS À EDUCAÇÃO;NÃO SE APLICA;5013;20201029;701.83;0;0;701.83;0;701.83;0;0;0;0;0
3110004;303;02;382336;2020;3;12 - EDUCAÇÃO;122 - ADMINISTRAÇÃO GERAL;0002 - GESTÃO DA SECRETARIA MUNICIPAL DE EDUCAÇÃO;2002 - MANUTENÇÃO DA SECRETARIA;;3.3.90.49.00 - 3.3.90.49.00;101 - RECEITAS DE IMPOSTOS E DE TRANSFERÊNCIAS DE IMPOSTOS VINCULADOS À EDUCAÇÃO;NÃO SE APLICA;218;20200120;0;0;0;144;0;144;0;0;0;0;-144
3110004;303;02;382336;2020;5;12 - EDUCAÇÃO;361 - ENSINO FUNDAMENTAL;0003 - MANUTENÇÃO DA EDUCAÇÃO BÁSICA;2482 - REMUNERAÇÃO PESSOAL DO ENSINO FUNDAMENTAL;;3.1.90.13.03 - 3.1.90.13.03;101 - RECEITAS DE IMPOSTOS E DE TRANSFERÊNCIAS DE IMPOSTOS VINCULADOS À EDUCAÇÃO;NÃO SE APLICA;2591;20200529;22657.37;0;0;22657.37;0;1613.1;0;0;0;21044.27;0
3110004;303;02;382336;2020;9;12 - EDUCAÇÃO;361 - ENSINO FUNDAMENTAL;0013 - TRANSFERÊNCIA AS CAIXAS ESCOLARES;2032 - CONTRIBUIÇÃO AS ESCOLAS MUNICIPAIS;;3.3.50.41.00 - 3.3.50.41.00;101 - RECEITAS DE IMPOSTOS E DE TRANSFERÊNCIAS DE IMPOSTOS VINCULADOS À EDUCAÇÃO;NÃO SE APLICA;4422;20200923;5000;0;0;5000;0;0;0;0;0;5000;0
3110004;303;02;382336;2020;9;12 - EDUCAÇÃO;365 - EDUCAÇÃO INFANTIL;0003 - MANUTENÇÃO DA EDUCAÇÃO BÁSICA;2483 - REMUNERAÇÃO PESSOAL DA EDUCAÇÃO INFANTIL;;3.1.90.13.03 - 3.1.90.13.03;101 - RECEITAS DE IMPOSTOS E DE TRANSFERÊNCIAS DE IMPOSTOS VINCULADOS À EDUCAÇÃO;NÃO SE APLICA;4653;20200930;273.59;0;0;273.59;0;48.62;0;0;0;224.97;0
3110004;303;02;382336;2020;8;12 - EDUCAÇÃO;361 - ENSINO FUNDAMENTAL;0003 - MANUTENÇÃO DA EDUCAÇÃO BÁSICA;2482 - REMUNERAÇÃO PESSOAL DO ENSINO FUNDAMENTAL;;3.1.90.94.01 - 3.1.90.94.01;101 - RECEITAS DE IMPOSTOS E DE TRANSFERÊNCIAS DE IMPOSTOS VINCULADOS À EDUCAÇÃO;NÃO SE APLICA;3821;20200814;2354.27;0;0;2354.27;0;2354.27;0;0;0;0;0
3110004;303;02;382336;2020;10;12 - EDUCAÇÃO;122 - ADMINISTRAÇÃO GERAL;0002 - GESTÃO DA SECRETARIA MUNICIPAL DE EDUCAÇÃO;2001 - REMUNERAÇÃO PESSOAL DA SECRETARIA;;3.1.90.13.01 - 3.1.90.13.01;101 - RECEITAS DE IMPOSTOS E DE TRANSFERÊNCIAS DE IMPOSTOS VINCULADOS À EDUCAÇÃO;NÃO SE APLICA;4642;20200930;0;0;0;0;0;3375.84;0;0;0;-3375.84;0
3110004;303;02;382336;2020;3;12 - EDUCAÇÃO;361 - ENSINO FUNDAMENTAL;0003 - MANUTENÇÃO DA EDUCAÇÃO BÁSICA;2482 - REMUNERAÇÃO PESSOAL DO ENSINO FUNDAMENTAL;;3.1.90.11.11 - 3.1.90.11.11;101 - RECEITAS DE IMPOSTOS E DE TRANSFERÊNCIAS DE IMPOSTOS VINCULADOS À EDUCAÇÃO;NÃO SE APLICA;1524;20200327;100209.4;0;0;100209.4;0;100209.4;0;0;0;0;0
3110004;303;02;382336;2020;5;12 - EDUCAÇÃO;122 - ADMINISTRAÇÃO GERAL;0002 - GESTÃO DA SECRETARIA MUNICIPAL DE EDUCAÇÃO;2002 - MANUTENÇÃO DA SECRETARIA;;3.3.90.49.00 - 3.3.90.49.00;101 - RECEITAS DE IMPOSTOS E DE TRANSFERÊNCIAS DE IMPOSTOS VINCULADOS À EDUCAÇÃO;NÃO SE APLICA;218;20200120;0;0;0;336;0;14456;0;0;0;-14120;-336
3110004;303;02;382336;2020;10;12 - EDUCAÇÃO;361 - ENSINO FUNDAMENTAL;0013 - TRANSFERÊNCIA AS CAIXAS ESCOLARES;2032 - CONTRIBUIÇÃO AS ESCOLAS MUNICIPAIS;;3.3.50.41.00 - 3.3.50.41.00;101 - RECEITAS DE IMPOSTOS E DE TRANSFERÊNCIAS DE IMPOSTOS VINCULADOS À EDUCAÇÃO;NÃO SE APLICA;4423;20200923;0;0;0;0;0;6600;0;0;0;-6600;0
3110004;303;02;382336;2020;6;12 - EDUCAÇÃO;122 - ADMINISTRAÇÃO GERAL;0002 - GESTÃO DA SECRETARIA MUNICIPAL DE EDUCAÇÃO;2002 - MANUTENÇÃO DA SECRETARIA;;3.3.90.39.43 - 3.3.90.39.43;101 - RECEITAS DE IMPOSTOS E DE TRANSFERÊNCIAS DE IMPOSTOS VINCULADOS À EDUCAÇÃO;NÃO SE APLICA;195;20200115;0;0;0;2477.62;0;2477.62;0;0;0;0;-2477.62
3110004;303;02;382336;2020;5;12 - EDUCAÇÃO;361 - ENSINO FUNDAMENTAL;0019 - GESTÃO DO TRANSPORTE ESCOLAR;2041 - MANUTENÇÃO TRANSPORTE ESCOLAR DO ENSINO FUNDAMENTAL;;3.3.90.39.99 - 3.3.90.39.99;101 - RECEITAS DE IMPOSTOS E DE TRANSFERÊNCIAS DE IMPOSTOS VINCULADOS À EDUCAÇÃO;NÃO SE APLICA;27;20200102;0;0;0;4733.88;0;737.04;0;0;0;3996.84;-4733.88
3110004;303;02;382336;2020;8;12 - EDUCAÇÃO;122 - ADMINISTRAÇÃO GERAL;0002 - GESTÃO DA SECRETARIA MUNICIPAL DE EDUCAÇÃO;2002 - MANUTENÇÃO DA SECRETARIA;;3.3.90.40.02 - 3.3.90.40.02;101 - RECEITAS DE IMPOSTOS E DE TRANSFERÊNCIAS DE IMPOSTOS VINCULADOS À EDUCAÇÃO;NÃO SE APLICA;3277;20200708;0;0;0;750;0;750;0;0;0;0;-750
3110004;303;02;382336;2020;4;12 - EDUCAÇÃO;361 - ENSINO FUNDAMENTAL;0003 - MANUTENÇÃO DA EDUCAÇÃO BÁSICA;2482 - REMUNERAÇÃO PESSOAL DO ENSINO FUNDAMENTAL;;3.1.90.13.01 - 3.1.90.13.01;101 - RECEITAS DE IMPOSTOS E DE TRANSFERÊNCIAS DE IMPOSTOS VINCULADOS À EDUCAÇÃO;NÃO SE APLICA;1631;20200327;0;0;0;0;0;8025.59;0;0;0;-8025.59;0
3110004;303;02;382336;2020;5;12 - EDUCAÇÃO;365 - EDUCAÇÃO INFANTIL;0221 - MANUTENÇÃO DA EDUCAÇÃO BÁSICA;2407 - REMUNERAÇÃO PESSOAL EDUCAÇÃO INFANTILCRECHE;;3.1.90.13.03 - 3.1.90.13.03;101 - RECEITAS DE IMPOSTOS E DE TRANSFERÊNCIAS DE IMPOSTOS VINCULADOS À EDUCAÇÃO;NÃO SE APLICA;2597;20200529;3018.23;0;0;3018.23;0;48.62;0;0;0;2969.61;0
3110004;303;02;382336;2020;8;12 - EDUCAÇÃO;361 - ENSINO FUNDAMENTAL;0003 - MANUTENÇÃO DA EDUCAÇÃO BÁSICA;2482 - REMUNERAÇÃO PESSOAL DO ENSINO FUNDAMENTAL;;3.1.90.16.00 - 3.1.90.16.00;101 - RECEITAS DE IMPOSTOS E DE TRANSFERÊNCIAS DE IMPOSTOS VINCULADOS À EDUCAÇÃO;NÃO SE APLICA;3985;20200828;124.64;0;0;124.64;0;124.64;0;0;0;0;0
3110004;303;02;382336;2020;10;12 - EDUCAÇÃO;361 - ENSINO FUNDAMENTAL;0013 - TRANSFERÊNCIA AS CAIXAS ESCOLARES;2032 - CONTRIBUIÇÃO AS ESCOLAS MUNICIPAIS;;3.3.50.41.00 - 3.3.50.41.00;101 - RECEITAS DE IMPOSTOS E DE TRANSFERÊNCIAS DE IMPOSTOS VINCULADOS À EDUCAÇÃO;NÃO SE APLICA;4426;20200923;0;0;0;0;0;4800;0;0;0;-4800;0
3110004;303;02;382336;2020;9;12 - EDUCAÇÃO;122 - ADMINISTRAÇÃO GERAL;0002 - GESTÃO DA SECRETARIA MUNICIPAL DE EDUCAÇÃO;2002 - MANUTENÇÃO DA SECRETARIA;;4.4.90.52.19 - 4.4.90.52.19;101 - RECEITAS DE IMPOSTOS E DE TRANSFERÊNCIAS DE IMPOSTOS VINCULADOS À EDUCAÇÃO;NÃO SE APLICA;4330;20200911;35200;0;0;0;0;0;0;0;0;0;35200
3110004;303;02;382336;2020;8;12 - EDUCAÇÃO;122 - ADMINISTRAÇÃO GERAL;0002 - GESTÃO DA SECRETARIA MUNICIPAL DE EDUCAÇÃO;2002 - MANUTENÇÃO DA SECRETARIA;;3.3.90.39.13 - 3.3.90.39.13;101 - RECEITAS DE IMPOSTOS E DE TRANSFERÊNCIAS DE IMPOSTOS VINCULADOS À EDUCAÇÃO;NÃO SE APLICA;24;20200102;0;0;0;3493.8;0;3493.8;0;0;0;0;-3493.8
3110004;303;02;382336;2020;7;12 - EDUCAÇÃO;365 - EDUCAÇÃO INFANTIL;0221 - MANUTENÇÃO DA EDUCAÇÃO BÁSICA;2407 - REMUNERAÇÃO PESSOAL EDUCAÇÃO INFANTILCRECHE;;3.1.90.13.01 - 3.1.90.13.01;101 - RECEITAS DE IMPOSTOS E DE TRANSFERÊNCIAS DE IMPOSTOS VINCULADOS À EDUCAÇÃO;NÃO SE APLICA;3626;20200731;1151.65;0;0;1151.65;0;0;0;0;0;1151.65;0
3110004;303;02;382336;2020;5;12 - EDUCAÇÃO;122 - ADMINISTRAÇÃO GERAL;0002 - GESTÃO DA SECRETARIA MUNICIPAL DE EDUCAÇÃO;2002 - MANUTENÇÃO DA SECRETARIA;;3.3.90.39.99 - 3.3.90.39.99;101 - RECEITAS DE IMPOSTOS E DE TRANSFERÊNCIAS DE IMPOSTOS VINCULADOS À EDUCAÇÃO;NÃO SE APLICA;26;20200102;0;0;0;2047.51;0;1729.08;0;0;0;318.43;-2047.51
3110004;303;02;382336;2020;11;12 - EDUCAÇÃO;122 - ADMINISTRAÇÃO GERAL;0002 - GESTÃO DA SECRETARIA MUNICIPAL DE EDUCAÇÃO;2002 - MANUTENÇÃO DA SECRETARIA;;3.3.90.39.13 - 3.3.90.39.13;101 - RECEITAS DE IMPOSTOS E DE TRANSFERÊNCIAS DE IMPOSTOS VINCULADOS À EDUCAÇÃO;NÃO SE APLICA;4755;20201002;0;0;0;4915.8;0;4915.8;0;0;0;0;-4915.8
3110004;303;02;382336;2020;3;12 - EDUCAÇÃO;122 - ADMINISTRAÇÃO GERAL;0002 - GESTÃO DA SECRETARIA MUNICIPAL DE EDUCAÇÃO;2001 - REMUNERAÇÃO PESSOAL DA SECRETARIA;;3.1.90.13.01 - 3.1.90.13.01;101 - RECEITAS DE IMPOSTOS E DE TRANSFERÊNCIAS DE IMPOSTOS VINCULADOS À EDUCAÇÃO;NÃO SE APLICA;1141;20200221;0;0;0;0;0;4896.2;0;0;0;-4896.2;0
3110004;303;02;382336;2020;2;12 - EDUCAÇÃO;365 - EDUCAÇÃO INFANTIL;0221 - MANUTENÇÃO DA EDUCAÇÃO BÁSICA;2407 - REMUNERAÇÃO PESSOAL EDUCAÇÃO INFANTILCRECHE;;3.1.90.13.03 - 3.1.90.13.03;101 - RECEITAS DE IMPOSTOS E DE TRANSFERÊNCIAS DE IMPOSTOS VINCULADOS À EDUCAÇÃO;NÃO SE APLICA;492;20200130;0;0;0;0;0;2875.42;0;0;0;-2875.42;0
3110004;303;02;382336;2020;11;12 - EDUCAÇÃO;122 - ADMINISTRAÇÃO GERAL;0002 - GESTÃO DA SECRETARIA MUNICIPAL DE EDUCAÇÃO;2001 - REMUNERAÇÃO PESSOAL DA SECRETARIA;;3.1.90.13.03 - 3.1.90.13.03;101 - RECEITAS DE IMPOSTOS E DE TRANSFERÊNCIAS DE IMPOSTOS VINCULADOS À EDUCAÇÃO;NÃO SE APLICA;5122;20201029;0;0;0;0;0;7074.75;0;0;0;-7074.75;0
3110004;303;02;382336;2020;8;12 - EDUCAÇÃO;122 - ADMINISTRAÇÃO GERAL;0002 - GESTÃO DA SECRETARIA MUNICIPAL DE EDUCAÇÃO;2001 - REMUNERAÇÃO PESSOAL DA SECRETARIA;;3.1.90.13.03 - 3.1.90.13.03;101 - RECEITAS DE IMPOSTOS E DE TRANSFERÊNCIAS DE IMPOSTOS VINCULADOS À EDUCAÇÃO;NÃO SE APLICA;4095;20200828;9015.03;0;0;9015.03;0;0;0;0;0;9015.03;0
3110004;303;02;382336;2020;5;12 - EDUCAÇÃO;365 - EDUCAÇÃO INFANTIL;0221 - MANUTENÇÃO DA EDUCAÇÃO BÁSICA;2407 - REMUNERAÇÃO PESSOAL EDUCAÇÃO INFANTILCRECHE;;3.1.90.13.01 - 3.1.90.13.01;101 - RECEITAS DE IMPOSTOS E DE TRANSFERÊNCIAS DE IMPOSTOS VINCULADOS À EDUCAÇÃO;NÃO SE APLICA;2596;20200529;1151.62;0;0;1151.62;0;0;0;0;0;1151.62;0
3110004;303;02;382336;2020;12;12 - EDUCAÇÃO;361 - ENSINO FUNDAMENTAL;0019 - GESTÃO DO TRANSPORTE ESCOLAR;2042 - REMUNERAÇÃO PESSOAL TRANSPORTE ESCOLAR ENSINO FUNDAMENTAL;;3.1.90.13.01 - 3.1.90.13.01;101 - RECEITAS DE IMPOSTOS E DE TRANSFERÊNCIAS DE IMPOSTOS VINCULADOS À EDUCAÇÃO;NÃO SE APLICA;6255;20201228;576.73;0;0;576.73;0;576.73;0;0;0;0;0
3110004;303;02;382336;2020;3;12 - EDUCAÇÃO;122 - ADMINISTRAÇÃO GERAL;0017 - APERFEIÇOAMENTO E VALORIZAÇÃO DOS PROFISSIONAIS DA EDUCAÇÃO;2038 - FORMAÇÃO E CAPACITAÇÃO PROFISSIONAIS DA EDUCAÇÃO;;3.3.90.39.99 - 3.3.90.39.99;101 - RECEITAS DE IMPOSTOS E DE TRANSFERÊNCIAS DE IMPOSTOS VINCULADOS À EDUCAÇÃO;NÃO SE APLICA;1444;20200318;3900;0;0;0;0;0;0;0;0;0;3900
3110004;303;02;382336;2020;2;12 - EDUCAÇÃO;361 - ENSINO FUNDAMENTAL;0019 - GESTÃO DO TRANSPORTE ESCOLAR;2042 - REMUNERAÇÃO PESSOAL TRANSPORTE ESCOLAR ENSINO FUNDAMENTAL;;3.1.90.11.11 - 3.1.90.11.11;101 - RECEITAS DE IMPOSTOS E DE TRANSFERÊNCIAS DE IMPOSTOS VINCULADOS À EDUCAÇÃO;NÃO SE APLICA;1039;20200221;3294.69;0;0;3294.69;0;3294.69;0;0;0;0;0
3110004;303;02;382336;2020;10;12 - EDUCAÇÃO;122 - ADMINISTRAÇÃO GERAL;0002 - GESTÃO DA SECRETARIA MUNICIPAL DE EDUCAÇÃO;2001 - REMUNERAÇÃO PESSOAL DA SECRETARIA;;3.1.90.11.05 - 3.1.90.11.05;101 - RECEITAS DE IMPOSTOS E DE TRANSFERÊNCIAS DE IMPOSTOS VINCULADOS À EDUCAÇÃO;NÃO SE APLICA;5004;20201029;18690.54;0;0;18690.54;0;18690.54;0;0;0;0;0
3110004;303;02;382336;2020;4;12 - EDUCAÇÃO;365 - EDUCAÇÃO INFANTIL;0019 - GESTÃO DO TRANSPORTE ESCOLAR;2454 - MANUTENÇÃO TRANSPORTE ESCOLAR EDUCAÇÃO INFANTIL;;3.3.90.39.57 - 3.3.90.39.57;101 - RECEITAS DE IMPOSTOS E DE TRANSFERÊNCIAS DE IMPOSTOS VINCULADOS À EDUCAÇÃO;NÃO SE APLICA;38;20200102;0;0;0;98753.76;0;98753.76;0;0;0;0;-98753.76
3110004;303;02;382336;2020;11;12 - EDUCAÇÃO;122 - ADMINISTRAÇÃO GERAL;0002 - GESTÃO DA SECRETARIA MUNICIPAL DE EDUCAÇÃO;2001 - REMUNERAÇÃO PESSOAL DA SECRETARIA;;3.1.90.11.05 - 3.1.90.11.05;101 - RECEITAS DE IMPOSTOS E DE TRANSFERÊNCIAS DE IMPOSTOS VINCULADOS À EDUCAÇÃO;NÃO SE APLICA;5416;20201127;10336.8;0;0;10336.8;0;10336.8;0;0;0;0;0
3110004;303;02;382336;2020;7;12 - EDUCAÇÃO;361 - ENSINO FUNDAMENTAL;0019 - GESTÃO DO TRANSPORTE ESCOLAR;2041 - MANUTENÇÃO TRANSPORTE ESCOLAR DO ENSINO FUNDAMENTAL;;3.3.90.39.57 - 3.3.90.39.57;101 - RECEITAS DE IMPOSTOS E DE TRANSFERÊNCIAS DE IMPOSTOS VINCULADOS À EDUCAÇÃO;NÃO SE APLICA;37;20200102;0;0;220000;0;0;0;0;0;0;0;-220000
3110004;303;02;382336;2020;1;12 - EDUCAÇÃO;361 - ENSINO FUNDAMENTAL;0003 - MANUTENÇÃO DA EDUCAÇÃO BÁSICA;2482 - REMUNERAÇÃO PESSOAL DO ENSINO FUNDAMENTAL;;3.1.90.04.99 - 3.1.90.04.99;101 - RECEITAS DE IMPOSTOS E DE TRANSFERÊNCIAS DE IMPOSTOS VINCULADOS À EDUCAÇÃO;NÃO SE APLICA;372;20200130;4284.31;0;0;4284.31;0;4284.31;0;0;0;0;0
3110004;303;02;382336;2020;10;12 - EDUCAÇÃO;361 - ENSINO FUNDAMENTAL;0003 - MANUTENÇÃO DA EDUCAÇÃO BÁSICA;2482 - REMUNERAÇÃO PESSOAL DO ENSINO FUNDAMENTAL;;3.1.90.13.03 - 3.1.90.13.03;101 - RECEITAS DE IMPOSTOS E DE TRANSFERÊNCIAS DE IMPOSTOS VINCULADOS À EDUCAÇÃO;NÃO SE APLICA;4647;20200930;0;0;0;0;0;20849;0;0;0;-20849;0
3110004;303;02;382336;2020;9;12 - EDUCAÇÃO;122 - ADMINISTRAÇÃO GERAL;0002 - GESTÃO DA SECRETARIA MUNICIPAL DE EDUCAÇÃO;2002 - MANUTENÇÃO DA SECRETARIA;;3.3.90.39.13 - 3.3.90.39.13;101 - RECEITAS DE IMPOSTOS E DE TRANSFERÊNCIAS DE IMPOSTOS VINCULADOS À EDUCAÇÃO;NÃO SE APLICA;24;20200102;0;0;0;4280.4;0;4280.4;0;0;0;0;-4280.4
3110004;303;02;382336;2020;9;12 - EDUCAÇÃO;122 - ADMINISTRAÇÃO GERAL;0002 - GESTÃO DA SECRETARIA MUNICIPAL DE EDUCAÇÃO;2002 - MANUTENÇÃO DA SECRETARIA;;4.4.90.52.19 - 4.4.90.52.19;101 - RECEITAS DE IMPOSTOS E DE TRANSFERÊNCIAS DE IMPOSTOS VINCULADOS À EDUCAÇÃO;NÃO SE APLICA;3839;20200814;0;0;0;0;0;130;0;0;0;-130;0
3110004;303;02;382336;2020;8;12 - EDUCAÇÃO;365 - EDUCAÇÃO INFANTIL;0221 - MANUTENÇÃO DA EDUCAÇÃO BÁSICA;2407 - REMUNERAÇÃO PESSOAL EDUCAÇÃO INFANTILCRECHE;;3.1.90.11.05 - 3.1.90.11.05;101 - RECEITAS DE IMPOSTOS E DE TRANSFERÊNCIAS DE IMPOSTOS VINCULADOS À EDUCAÇÃO;NÃO SE APLICA;3991;20200828;8404.52;0;0;8404.52;0;8404.52;0;0;0;0;0
3110004;303;02;382336;2020;12;12 - EDUCAÇÃO;365 - EDUCAÇÃO INFANTIL;0221 - MANUTENÇÃO DA EDUCAÇÃO BÁSICA;2407 - REMUNERAÇÃO PESSOAL EDUCAÇÃO INFANTILCRECHE;;3.1.90.13.01 - 3.1.90.13.01;101 - RECEITAS DE IMPOSTOS E DE TRANSFERÊNCIAS DE IMPOSTOS VINCULADOS À EDUCAÇÃO;NÃO SE APLICA;6261;20201228;2303.3;0;0;2303.3;0;2303.3;0;0;0;0;0
3110004;303;02;382336;2020;10;12 - EDUCAÇÃO;365 - EDUCAÇÃO INFANTIL;0221 - MANUTENÇÃO DA EDUCAÇÃO BÁSICA;2407 - REMUNERAÇÃO PESSOAL EDUCAÇÃO INFANTILCRECHE;;3.1.90.13.01 - 3.1.90.13.01;101 - RECEITAS DE IMPOSTOS E DE TRANSFERÊNCIAS DE IMPOSTOS VINCULADOS À EDUCAÇÃO;NÃO SE APLICA;4654;20200930;0;0;0;0;0;1151.65;0;0;0;-1151.65;0
3110004;303;02;382336;2020;9;12 - EDUCAÇÃO;361 - ENSINO FUNDAMENTAL;0013 - TRANSFERÊNCIA AS CAIXAS ESCOLARES;2032 - CONTRIBUIÇÃO AS ESCOLAS MUNICIPAIS;;3.3.50.41.00 - 3.3.50.41.00;101 - RECEITAS DE IMPOSTOS E DE TRANSFERÊNCIAS DE IMPOSTOS VINCULADOS À EDUCAÇÃO;NÃO SE APLICA;4430;20200923;7000;0;0;7000;0;0;0;0;0;7000;0
3110004;303;02;382336;2020;12;12 - EDUCAÇÃO;365 - EDUCAÇÃO INFANTIL;0003 - MANUTENÇÃO DA EDUCAÇÃO BÁSICA;2483 - REMUNERAÇÃO PESSOAL DA EDUCAÇÃO INFANTIL;;3.1.90.13.03 - 3.1.90.13.03;101 - RECEITAS DE IMPOSTOS E DE TRANSFERÊNCIAS DE IMPOSTOS VINCULADOS À EDUCAÇÃO;NÃO SE APLICA;5547;20201127;0;0;0;0;0;224.97;0;0;0;-224.97;0
3110004;303;02;382336;2020;8;12 - EDUCAÇÃO;361 - ENSINO FUNDAMENTAL;0027 - GESTÃO DO CENTRO ESPECIALIZADO DE ATENÇÃO À CRIANÇA E AO ADOLESCENTE;2049 - MANUTENÇÃO DO CEACA;;3.1.90.13.01 - 3.1.90.13.01;101 - RECEITAS DE IMPOSTOS E DE TRANSFERÊNCIAS DE IMPOSTOS VINCULADOS À EDUCAÇÃO;NÃO SE APLICA;4102;20200828;1249.73;0;0;1249.73;0;0;0;0;0;1249.73;0
3110004;303;02;382336;2020;1;12 - EDUCAÇÃO;122 - ADMINISTRAÇÃO GERAL;0002 - GESTÃO DA SECRETARIA MUNICIPAL DE EDUCAÇÃO;2002 - MANUTENÇÃO DA SECRETARIA;;3.3.90.39.12 - 3.3.90.39.12;101 - RECEITAS DE IMPOSTOS E DE TRANSFERÊNCIAS DE IMPOSTOS VINCULADOS À EDUCAÇÃO;NÃO SE APLICA;9;20200102;10800;0;0;0;0;0;0;0;0;0;10800
3110004;303;02;382336;2020;3;12 - EDUCAÇÃO;122 - ADMINISTRAÇÃO GERAL;0002 - GESTÃO DA SECRETARIA MUNICIPAL DE EDUCAÇÃO;2001 - REMUNERAÇÃO PESSOAL DA SECRETARIA;;3.1.90.11.05 - 3.1.90.11.05;101 - RECEITAS DE IMPOSTOS E DE TRANSFERÊNCIAS DE IMPOSTOS VINCULADOS À EDUCAÇÃO;NÃO SE APLICA;1515;20200327;10508.43;0;0;10508.43;0;10508.43;0;0;0;0;0
3110004;303;02;382336;2020;1;12 - EDUCAÇÃO;361 - ENSINO FUNDAMENTAL;0019 - GESTÃO DO TRANSPORTE ESCOLAR;2042 - REMUNERAÇÃO PESSOAL TRANSPORTE ESCOLAR ENSINO FUNDAMENTAL;;3.1.90.16.00 - 3.1.90.16.00;101 - RECEITAS DE IMPOSTOS E DE TRANSFERÊNCIAS DE IMPOSTOS VINCULADOS À EDUCAÇÃO;NÃO SE APLICA;377;20200130;1070.57;0;0;1070.57;0;1070.57;0;0;0;0;0
3110004;303;02;382336;2020;12;12 - EDUCAÇÃO;361 - ENSINO FUNDAMENTAL;0003 - MANUTENÇÃO DA EDUCAÇÃO BÁSICA;2482 - REMUNERAÇÃO PESSOAL DO ENSINO FUNDAMENTAL;;3.1.90.04.99 - 3.1.90.04.99;101 - RECEITAS DE IMPOSTOS E DE TRANSFERÊNCIAS DE IMPOSTOS VINCULADOS À EDUCAÇÃO;NÃO SE APLICA;6135;20201228;4510.62;0;0;4510.62;0;4510.62;0;0;0;0;0
3110004;303;02;382336;2020;9;12 - EDUCAÇÃO;122 - ADMINISTRAÇÃO GERAL;0002 - GESTÃO DA SECRETARIA MUNICIPAL DE EDUCAÇÃO;2002 - MANUTENÇÃO DA SECRETARIA;;3.3.90.36.14 - 3.3.90.36.14;101 - RECEITAS DE IMPOSTOS E DE TRANSFERÊNCIAS DE IMPOSTOS VINCULADOS À EDUCAÇÃO;NÃO SE APLICA;1286;20200304;0;0;0;3234.66;0;1617.33;0;0;0;1617.33;-3234.66
3110004;303;02;382336;2020;4;12 - EDUCAÇÃO;122 - ADMINISTRAÇÃO GERAL;0002 - GESTÃO DA SECRETARIA MUNICIPAL DE EDUCAÇÃO;2002 - MANUTENÇÃO DA SECRETARIA;;4.4.90.52.21 - 4.4.90.52.21;101 - RECEITAS DE IMPOSTOS E DE TRANSFERÊNCIAS DE IMPOSTOS VINCULADOS À EDUCAÇÃO;NÃO SE APLICA;1428;20200317;0;0;0;562.88;0;562.88;0;0;0;0;-562.88
3110004;303;02;382336;2020;11;12 - EDUCAÇÃO;361 - ENSINO FUNDAMENTAL;0003 - MANUTENÇÃO DA EDUCAÇÃO BÁSICA;2062 - MANUTENÇÃO DO ENSINO FUNDAMENTAL;;3.3.90.30.04 - 3.3.90.30.04;101 - RECEITAS DE IMPOSTOS E DE TRANSFERÊNCIAS DE IMPOSTOS VINCULADOS À EDUCAÇÃO;NÃO SE APLICA;4872;20201021;0;0;0;3040;0;3040;0;0;0;0;-3040
3110004;303;02;382336;2020;5;12 - EDUCAÇÃO;122 - ADMINISTRAÇÃO GERAL;0002 - GESTÃO DA SECRETARIA MUNICIPAL DE EDUCAÇÃO;2001 - REMUNERAÇÃO PESSOAL DA SECRETARIA;;3.1.90.13.03 - 3.1.90.13.03;101 - RECEITAS DE IMPOSTOS E DE TRANSFERÊNCIAS DE IMPOSTOS VINCULADOS À EDUCAÇÃO;NÃO SE APLICA;2100;20200429;0;0;0;0;0;15236.51;0;0;0;-15236.51;0
3110004;303;02;382336;2020;1;12 - EDUCAÇÃO;365 - EDUCAÇÃO INFANTIL;0221 - MANUTENÇÃO DA EDUCAÇÃO BÁSICA;2407 - REMUNERAÇÃO PESSOAL EDUCAÇÃO INFANTILCRECHE;;3.1.90.13.01 - 3.1.90.13.01;101 - RECEITAS DE IMPOSTOS E DE TRANSFERÊNCIAS DE IMPOSTOS VINCULADOS À EDUCAÇÃO;NÃO SE APLICA;491;20200130;1097.16;0;0;1097.16;0;0;0;0;0;1097.16;0
3110004;303;02;382336;2020;4;12 - EDUCAÇÃO;361 - ENSINO FUNDAMENTAL;0019 - GESTÃO DO TRANSPORTE ESCOLAR;2041 - MANUTENÇÃO TRANSPORTE ESCOLAR DO ENSINO FUNDAMENTAL;;3.3.90.39.99 - 3.3.90.39.99;101 - RECEITAS DE IMPOSTOS E DE TRANSFERÊNCIAS DE IMPOSTOS VINCULADOS À EDUCAÇÃO;NÃO SE APLICA;27;20200102;0;0;0;734.71;0;16673.18;0;0;0;-15938.47;-734.71
3110004;303;02;382336;2020;9;12 - EDUCAÇÃO;122 - ADMINISTRAÇÃO GERAL;0002 - GESTÃO DA SECRETARIA MUNICIPAL DE EDUCAÇÃO;2002 - MANUTENÇÃO DA SECRETARIA;;3.3.90.39.29 - 3.3.90.39.29;101 - RECEITAS DE IMPOSTOS E DE TRANSFERÊNCIAS DE IMPOSTOS VINCULADOS À EDUCAÇÃO;NÃO SE APLICA;20;20200102;0;0;0;46.57;0;91.2;0;0;0;-44.63;-46.57
3110004;303;02;382336;2020;3;12 - EDUCAÇÃO;365 - EDUCAÇÃO INFANTIL;0221 - MANUTENÇÃO DA EDUCAÇÃO BÁSICA;2407 - REMUNERAÇÃO PESSOAL EDUCAÇÃO INFANTILCRECHE;;3.1.90.13.01 - 3.1.90.13.01;101 - RECEITAS DE IMPOSTOS E DE TRANSFERÊNCIAS DE IMPOSTOS VINCULADOS À EDUCAÇÃO;NÃO SE APLICA;1153;20200221;0;0;0;0;0;1097.16;0;0;0;-1097.16;0
3110004;303;02;382336;2020;1;12 - EDUCAÇÃO;365 - EDUCAÇÃO INFANTIL;0003 - MANUTENÇÃO DA EDUCAÇÃO BÁSICA;2483 - REMUNERAÇÃO PESSOAL DA EDUCAÇÃO INFANTIL;;3.1.90.13.01 - 3.1.90.13.01;101 - RECEITAS DE IMPOSTOS E DE TRANSFERÊNCIAS DE IMPOSTOS VINCULADOS À EDUCAÇÃO;NÃO SE APLICA;489;20200130;6044.07;0;0;6044.07;0;0;0;0;0;6044.07;0
3110004;303;02;382336;2020;1;12 - EDUCAÇÃO;122 - ADMINISTRAÇÃO GERAL;0002 - GESTÃO DA SECRETARIA MUNICIPAL DE EDUCAÇÃO;2002 - MANUTENÇÃO DA SECRETARIA;;3.3.90.39.29 - 3.3.90.39.29;101 - RECEITAS DE IMPOSTOS E DE TRANSFERÊNCIAS DE IMPOSTOS VINCULADOS À EDUCAÇÃO;NÃO SE APLICA;20;20200102;10000;0;0;529.52;45.99;437.54;0;0;0;45.99;9516.47
3110004;303;02;382336;2020;1;12 - EDUCAÇÃO;122 - ADMINISTRAÇÃO GERAL;0002 - GESTÃO DA SECRETARIA MUNICIPAL DE EDUCAÇÃO;2001 - REMUNERAÇÃO PESSOAL DA SECRETARIA;;3.1.90.11.11 - 3.1.90.11.11;101 - RECEITAS DE IMPOSTOS E DE TRANSFERÊNCIAS DE IMPOSTOS VINCULADOS À EDUCAÇÃO;NÃO SE APLICA;365;20200130;72540.42;0;0;72540.42;0;72540.42;0;0;0;0;0
3110004;303;02;382336;2020;10;12 - EDUCAÇÃO;361 - ENSINO FUNDAMENTAL;0019 - GESTÃO DO TRANSPORTE ESCOLAR;2042 - REMUNERAÇÃO PESSOAL TRANSPORTE ESCOLAR ENSINO FUNDAMENTAL;;3.1.90.13.01 - 3.1.90.13.01;101 - RECEITAS DE IMPOSTOS E DE TRANSFERÊNCIAS DE IMPOSTOS VINCULADOS À EDUCAÇÃO;NÃO SE APLICA;5127;20201029;331.65;0;0;331.65;0;0;0;0;0;331.65;0
3110004;303;02;382336;2020;12;12 - EDUCAÇÃO;361 - ENSINO FUNDAMENTAL;0019 - GESTÃO DO TRANSPORTE ESCOLAR;2042 - REMUNERAÇÃO PESSOAL TRANSPORTE ESCOLAR ENSINO FUNDAMENTAL;;3.1.90.13.03 - 3.1.90.13.03;101 - RECEITAS DE IMPOSTOS E DE TRANSFERÊNCIAS DE IMPOSTOS VINCULADOS À EDUCAÇÃO;NÃO SE APLICA;5543;20201127;0;0;0;0;0;749.94;0;0;0;-749.94;0
3110004;303;02;382336;2020;10;12 - EDUCAÇÃO;122 - ADMINISTRAÇÃO GERAL;0002 - GESTÃO DA SECRETARIA MUNICIPAL DE EDUCAÇÃO;2002 - MANUTENÇÃO DA SECRETARIA;;3.3.90.39.43 - 3.3.90.39.43;101 - RECEITAS DE IMPOSTOS E DE TRANSFERÊNCIAS DE IMPOSTOS VINCULADOS À EDUCAÇÃO;NÃO SE APLICA;4223;20200901;0;0;0;2635.21;0;2635.21;0;0;0;0;-2635.21
3110004;303;02;382336;2020;12;12 - EDUCAÇÃO;361 - ENSINO FUNDAMENTAL;0003 - MANUTENÇÃO DA EDUCAÇÃO BÁSICA;2482 - REMUNERAÇÃO PESSOAL DO ENSINO FUNDAMENTAL;;3.1.90.11.11 - 3.1.90.11.11;101 - RECEITAS DE IMPOSTOS E DE TRANSFERÊNCIAS DE IMPOSTOS VINCULADOS À EDUCAÇÃO;NÃO SE APLICA;5810;20201214;100134.88;0;0;100134.88;0;100134.88;0;0;0;0;0
3110004;303;02;382336;2020;10;12 - EDUCAÇÃO;122 - ADMINISTRAÇÃO GERAL;0002 - GESTÃO DA SECRETARIA MUNICIPAL DE EDUCAÇÃO;2002 - MANUTENÇÃO DA SECRETARIA;;4.4.90.52.19 - 4.4.90.52.19;101 - RECEITAS DE IMPOSTOS E DE TRANSFERÊNCIAS DE IMPOSTOS VINCULADOS À EDUCAÇÃO;NÃO SE APLICA;4330;20200911;0;0;0;35200;0;0;0;0;0;35200;-35200
3110004;303;02;382336;2020;12;12 - EDUCAÇÃO;122 - ADMINISTRAÇÃO GERAL;0002 - GESTÃO DA SECRETARIA MUNICIPAL DE EDUCAÇÃO;2002 - MANUTENÇÃO DA SECRETARIA;;4.4.90.52.18 - 4.4.90.52.18;101 - RECEITAS DE IMPOSTOS E DE TRANSFERÊNCIAS DE IMPOSTOS VINCULADOS À EDUCAÇÃO;NÃO SE APLICA;5714;20201204;399.98;0;0;399.98;0;399.98;0;0;0;0;0
3110004;303;02;382336;2020;11;12 - EDUCAÇÃO;361 - ENSINO FUNDAMENTAL;0003 - MANUTENÇÃO DA EDUCAÇÃO BÁSICA;2062 - MANUTENÇÃO DO ENSINO FUNDAMENTAL;;3.3.90.39.60 - 3.3.90.39.60;101 - RECEITAS DE IMPOSTOS E DE TRANSFERÊNCIAS DE IMPOSTOS VINCULADOS À EDUCAÇÃO;NÃO SE APLICA;5359;20201123;7179.92;0;0;0;0;0;0;0;0;0;7179.92
3110004;303;02;382336;2020;5;12 - EDUCAÇÃO;365 - EDUCAÇÃO INFANTIL;0221 - MANUTENÇÃO DA EDUCAÇÃO BÁSICA;2407 - REMUNERAÇÃO PESSOAL EDUCAÇÃO INFANTILCRECHE;;3.1.90.13.03 - 3.1.90.13.03;101 - RECEITAS DE IMPOSTOS E DE TRANSFERÊNCIAS DE IMPOSTOS VINCULADOS À EDUCAÇÃO;NÃO SE APLICA;2112;20200429;0;0;0;0;0;3304.56;0;0;0;-3304.56;0
3110004;303;02;382336;2020;4;12 - EDUCAÇÃO;365 - EDUCAÇÃO INFANTIL;0221 - MANUTENÇÃO DA EDUCAÇÃO BÁSICA;2407 - REMUNERAÇÃO PESSOAL EDUCAÇÃO INFANTILCRECHE;;3.1.90.13.03 - 3.1.90.13.03;101 - RECEITAS DE IMPOSTOS E DE TRANSFERÊNCIAS DE IMPOSTOS VINCULADOS À EDUCAÇÃO;NÃO SE APLICA;1640;20200327;0;0;0;0;0;2954.74;0;0;0;-2954.74;0
3110004;303;02;382336;2020;11;12 - EDUCAÇÃO;361 - ENSINO FUNDAMENTAL;0003 - MANUTENÇÃO DA EDUCAÇÃO BÁSICA;1200 - CONSTRUÇÃO E REFORMA DE PRÉDIOS ESCOLARES ENSINO FUNDAMENTAL;;4.4.90.51.02 - 4.4.90.51.02;101 - RECEITAS DE IMPOSTOS E DE TRANSFERÊNCIAS DE IMPOSTOS VINCULADOS À EDUCAÇÃO;NÃO SE APLICA;5346;20201119;21302.59;0;0;0;0;0;0;0;0;0;21302.59
3110004;303;02;382336;2020;6;12 - EDUCAÇÃO;361 - ENSINO FUNDAMENTAL;0019 - GESTÃO DO TRANSPORTE ESCOLAR;2042 - REMUNERAÇÃO PESSOAL TRANSPORTE ESCOLAR ENSINO FUNDAMENTAL;;3.1.90.94.01 - 3.1.90.94.01;101 - RECEITAS DE IMPOSTOS E DE TRANSFERÊNCIAS DE IMPOSTOS VINCULADOS À EDUCAÇÃO;NÃO SE APLICA;2754;20200610;3496.18;0;0;3496.18;0;3496.18;0;0;0;0;0
3110004;303;02;382336;2020;6;12 - EDUCAÇÃO;361 - ENSINO FUNDAMENTAL;0019 - GESTÃO DO TRANSPORTE ESCOLAR;2042 - REMUNERAÇÃO PESSOAL TRANSPORTE ESCOLAR ENSINO FUNDAMENTAL;;3.1.90.11.11 - 3.1.90.11.11;101 - RECEITAS DE IMPOSTOS E DE TRANSFERÊNCIAS DE IMPOSTOS VINCULADOS À EDUCAÇÃO;NÃO SE APLICA;2995;20200630;2387.24;0;0;2387.24;0;2387.24;0;0;0;0;0
3110004;303;02;382336;2020;5;12 - EDUCAÇÃO;361 - ENSINO FUNDAMENTAL;0019 - GESTÃO DO TRANSPORTE ESCOLAR;2042 - REMUNERAÇÃO PESSOAL TRANSPORTE ESCOLAR ENSINO FUNDAMENTAL;;3.1.90.16.00 - 3.1.90.16.00;101 - RECEITAS DE IMPOSTOS E DE TRANSFERÊNCIAS DE IMPOSTOS VINCULADOS À EDUCAÇÃO;NÃO SE APLICA;2482;20200529;1107.56;0;0;1107.56;0;1107.56;0;0;0;0;0
3110004;303;02;382336;2020;3;12 - EDUCAÇÃO;122 - ADMINISTRAÇÃO GERAL;0002 - GESTÃO DA SECRETARIA MUNICIPAL DE EDUCAÇÃO;2002 - MANUTENÇÃO DA SECRETARIA;;3.3.90.39.43 - 3.3.90.39.43;101 - RECEITAS DE IMPOSTOS E DE TRANSFERÊNCIAS DE IMPOSTOS VINCULADOS À EDUCAÇÃO;NÃO SE APLICA;195;20200115;0;0;0;2644.16;0;2412.78;0;0;0;231.38;-2644.16
3110004;303;02;382336;2020;6;12 - EDUCAÇÃO;361 - ENSINO FUNDAMENTAL;0003 - MANUTENÇÃO DA EDUCAÇÃO BÁSICA;2482 - REMUNERAÇÃO PESSOAL DO ENSINO FUNDAMENTAL;;3.1.90.13.03 - 3.1.90.13.03;101 - RECEITAS DE IMPOSTOS E DE TRANSFERÊNCIAS DE IMPOSTOS VINCULADOS À EDUCAÇÃO;NÃO SE APLICA;2591;20200529;0;0;0;0;0;21044.27;0;0;0;-21044.27;0
3110004;303;02;382336;2020;3;12 - EDUCAÇÃO;361 - ENSINO FUNDAMENTAL;0003 - MANUTENÇÃO DA EDUCAÇÃO BÁSICA;2482 - REMUNERAÇÃO PESSOAL DO ENSINO FUNDAMENTAL;;3.1.90.94.01 - 3.1.90.94.01;101 - RECEITAS DE IMPOSTOS E DE TRANSFERÊNCIAS DE IMPOSTOS VINCULADOS À EDUCAÇÃO;NÃO SE APLICA;1270;20200302;1672.83;0;0;1672.83;0;1672.83;0;0;0;0;0
3110004;303;02;382336;2020;10;12 - EDUCAÇÃO;361 - ENSINO FUNDAMENTAL;0027 - GESTÃO DO CENTRO ESPECIALIZADO DE ATENÇÃO À CRIANÇA E AO ADOLESCENTE;2049 - MANUTENÇÃO DO CEACA;;3.1.90.13.03 - 3.1.90.13.03;101 - RECEITAS DE IMPOSTOS E DE TRANSFERÊNCIAS DE IMPOSTOS VINCULADOS À EDUCAÇÃO;NÃO SE APLICA;5130;20201029;3275.35;0;0;3275.35;0;0;0;0;0;3275.35;0
3110004;303;02;382336;2020;7;12 - EDUCAÇÃO;361 - ENSINO FUNDAMENTAL;0003 - MANUTENÇÃO DA EDUCAÇÃO BÁSICA;2062 - MANUTENÇÃO DO ENSINO FUNDAMENTAL;;3.3.90.39.60 - 3.3.90.39.60;101 - RECEITAS DE IMPOSTOS E DE TRANSFERÊNCIAS DE IMPOSTOS VINCULADOS À EDUCAÇÃO;NÃO SE APLICA;2685;20200529;0;0;0;3589.96;0;3589.96;0;0;0;0;-3589.96
3110004;303;02;382336;2020;8;12 - EDUCAÇÃO;361 - ENSINO FUNDAMENTAL;0003 - MANUTENÇÃO DA EDUCAÇÃO BÁSICA;2482 - REMUNERAÇÃO PESSOAL DO ENSINO FUNDAMENTAL;;3.1.90.13.03 - 3.1.90.13.03;101 - RECEITAS DE IMPOSTOS E DE TRANSFERÊNCIAS DE IMPOSTOS VINCULADOS À EDUCAÇÃO;NÃO SE APLICA;4099;20200828;22805.81;0;0;22805.81;0;1891.74;0;0;0;20914.07;0
3110004;303;02;382336;2020;12;12 - EDUCAÇÃO;122 - ADMINISTRAÇÃO GERAL;0002 - GESTÃO DA SECRETARIA MUNICIPAL DE EDUCAÇÃO;2002 - MANUTENÇÃO DA SECRETARIA;;3.3.90.39.14 - 3.3.90.39.14;101 - RECEITAS DE IMPOSTOS E DE TRANSFERÊNCIAS DE IMPOSTOS VINCULADOS À EDUCAÇÃO;NÃO SE APLICA;6344;20201228;17940.04;0;0;0;0;0;0;0;0;0;17940.04
3110004;303;02;382336;2020;11;12 - EDUCAÇÃO;361 - ENSINO FUNDAMENTAL;0027 - GESTÃO DO CENTRO ESPECIALIZADO DE ATENÇÃO À CRIANÇA E AO ADOLESCENTE;2049 - MANUTENÇÃO DO CEACA;;3.1.90.13.03 - 3.1.90.13.03;101 - RECEITAS DE IMPOSTOS E DE TRANSFERÊNCIAS DE IMPOSTOS VINCULADOS À EDUCAÇÃO;NÃO SE APLICA;5545;20201127;3275.35;0;0;3275.35;0;0;0;0;0;3275.35;0
3110004;303;02;382336;2020;3;12 - EDUCAÇÃO;122 - ADMINISTRAÇÃO GERAL;0002 - GESTÃO DA SECRETARIA MUNICIPAL DE EDUCAÇÃO;2001 - REMUNERAÇÃO PESSOAL DA SECRETARIA;;3.1.90.16.00 - 3.1.90.16.00;101 - RECEITAS DE IMPOSTOS E DE TRANSFERÊNCIAS DE IMPOSTOS VINCULADOS À EDUCAÇÃO;NÃO SE APLICA;1517;20200327;1925.63;0;0;1925.63;0;1925.63;0;0;0;0;0
3110004;303;02;382336;2020;11;12 - EDUCAÇÃO;122 - ADMINISTRAÇÃO GERAL;0002 - GESTÃO DA SECRETARIA MUNICIPAL DE EDUCAÇÃO;2002 - MANUTENÇÃO DA SECRETARIA;;3.3.90.35.06 - 3.3.90.35.06;101 - RECEITAS DE IMPOSTOS E DE TRANSFERÊNCIAS DE IMPOSTOS VINCULADOS À EDUCAÇÃO;NÃO SE APLICA;3936;20200826;0;0;0;2200;0;2200;0;0;0;0;-2200
3110004;303;02;382336;2020;9;12 - EDUCAÇÃO;361 - ENSINO FUNDAMENTAL;0013 - TRANSFERÊNCIA AS CAIXAS ESCOLARES;2032 - CONTRIBUIÇÃO AS ESCOLAS MUNICIPAIS;;3.3.50.41.00 - 3.3.50.41.00;101 - RECEITAS DE IMPOSTOS E DE TRANSFERÊNCIAS DE IMPOSTOS VINCULADOS À EDUCAÇÃO;NÃO SE APLICA;4428;20200923;4840;0;0;4840;0;0;0;0;0;4840;0
3110004;303;02;382336;2020;10;12 - EDUCAÇÃO;361 - ENSINO FUNDAMENTAL;0003 - MANUTENÇÃO DA EDUCAÇÃO BÁSICA;2482 - REMUNERAÇÃO PESSOAL DO ENSINO FUNDAMENTAL;;3.1.90.13.03 - 3.1.90.13.03;101 - RECEITAS DE IMPOSTOS E DE TRANSFERÊNCIAS DE IMPOSTOS VINCULADOS À EDUCAÇÃO;NÃO SE APLICA;5126;20201029;22307.27;0;0;22307.27;0;1085.92;0;0;0;21221.35;0
3110004;303;02;382336;2020;6;12 - EDUCAÇÃO;365 - EDUCAÇÃO INFANTIL;0221 - MANUTENÇÃO DA EDUCAÇÃO BÁSICA;2407 - REMUNERAÇÃO PESSOAL EDUCAÇÃO INFANTILCRECHE;;3.1.90.11.05 - 3.1.90.11.05;101 - RECEITAS DE IMPOSTOS E DE TRANSFERÊNCIAS DE IMPOSTOS VINCULADOS À EDUCAÇÃO;NÃO SE APLICA;2999;20200630;8404.52;0;0;8404.52;0;8404.52;0;0;0;0;0
3110004;303;02;382336;2020;5;12 - EDUCAÇÃO;122 - ADMINISTRAÇÃO GERAL;0002 - GESTÃO DA SECRETARIA MUNICIPAL DE EDUCAÇÃO;2002 - MANUTENÇÃO DA SECRETARIA;;4.4.90.52.21 - 4.4.90.52.21;101 - RECEITAS DE IMPOSTOS E DE TRANSFERÊNCIAS DE IMPOSTOS VINCULADOS À EDUCAÇÃO;NÃO SE APLICA;2373;20200519;468.8;0;0;468.8;0;468.8;0;0;0;0;0
3110004;303;02;382336;2020;7;12 - EDUCAÇÃO;122 - ADMINISTRAÇÃO GERAL;0002 - GESTÃO DA SECRETARIA MUNICIPAL DE EDUCAÇÃO;2001 - REMUNERAÇÃO PESSOAL DA SECRETARIA;;3.1.90.13.03 - 3.1.90.13.03;101 - RECEITAS DE IMPOSTOS E DE TRANSFERÊNCIAS DE IMPOSTOS VINCULADOS À EDUCAÇÃO;NÃO SE APLICA;3615;20200731;8535.93;0;0;8535.93;0;0;0;0;0;8535.93;0
3110004;303;02;382336;2020;6;12 - EDUCAÇÃO;122 - ADMINISTRAÇÃO GERAL;0002 - GESTÃO DA SECRETARIA MUNICIPAL DE EDUCAÇÃO;2002 - MANUTENÇÃO DA SECRETARIA;;3.3.90.14.05 - 3.3.90.14.05;101 - RECEITAS DE IMPOSTOS E DE TRANSFERÊNCIAS DE IMPOSTOS VINCULADOS À EDUCAÇÃO;NÃO SE APLICA;2899;20200624;141.6;0;0;141.6;0;141.6;0;0;0;0;0
3110004;303;02;382336;2020;10;12 - EDUCAÇÃO;365 - EDUCAÇÃO INFANTIL;0221 - MANUTENÇÃO DA EDUCAÇÃO BÁSICA;2407 - REMUNERAÇÃO PESSOAL EDUCAÇÃO INFANTILCRECHE;;3.1.90.13.03 - 3.1.90.13.03;101 - RECEITAS DE IMPOSTOS E DE TRANSFERÊNCIAS DE IMPOSTOS VINCULADOS À EDUCAÇÃO;NÃO SE APLICA;4655;20200930;0;0;0;0;0;2969.66;0;0;0;-2969.66;0
3110004;303;02;382336;2020;12;12 - EDUCAÇÃO;361 - ENSINO FUNDAMENTAL;0027 - GESTÃO DO CENTRO ESPECIALIZADO DE ATENÇÃO À CRIANÇA E AO ADOLESCENTE;2049 - MANUTENÇÃO DO CEACA;;3.1.90.11.11 - 3.1.90.11.11;101 - RECEITAS DE IMPOSTOS E DE TRANSFERÊNCIAS DE IMPOSTOS VINCULADOS À EDUCAÇÃO;NÃO SE APLICA;6140;20201228;15621.75;0;0;15621.75;0;15621.75;0;0;0;0;0
3110004;303;02;382336;2020;3;12 - EDUCAÇÃO;361 - ENSINO FUNDAMENTAL;0003 - MANUTENÇÃO DA EDUCAÇÃO BÁSICA;2482 - REMUNERAÇÃO PESSOAL DO ENSINO FUNDAMENTAL;;3.1.90.13.03 - 3.1.90.13.03;101 - RECEITAS DE IMPOSTOS E DE TRANSFERÊNCIAS DE IMPOSTOS VINCULADOS À EDUCAÇÃO;NÃO SE APLICA;1632;20200327;22082.32;0;0;22082.32;0;534.82;0;0;0;21547.5;0
3110004;303;02;382336;2020;12;12 - EDUCAÇÃO;122 - ADMINISTRAÇÃO GERAL;0002 - GESTÃO DA SECRETARIA MUNICIPAL DE EDUCAÇÃO;2002 - MANUTENÇÃO DA SECRETARIA;;3.3.90.40.02 - 3.3.90.40.02;101 - RECEITAS DE IMPOSTOS E DE TRANSFERÊNCIAS DE IMPOSTOS VINCULADOS À EDUCAÇÃO;NÃO SE APLICA;3277;20200708;0;0;0;750;0;750;0;0;0;0;-750
3110004;303;02;382336;2020;12;12 - EDUCAÇÃO;361 - ENSINO FUNDAMENTAL;0013 - TRANSFERÊNCIA AS CAIXAS ESCOLARES;2032 - CONTRIBUIÇÃO AS ESCOLAS MUNICIPAIS;;3.3.50.41.00 - 3.3.50.41.00;101 - RECEITAS DE IMPOSTOS E DE TRANSFERÊNCIAS DE IMPOSTOS VINCULADOS À EDUCAÇÃO;NÃO SE APLICA;4431;20200923;0;0;0;0;0;2800;0;0;0;-2800;0
3110004;303;02;382336;2020;10;12 - EDUCAÇÃO;361 - ENSINO FUNDAMENTAL;0013 - TRANSFERÊNCIA AS CAIXAS ESCOLARES;2032 - CONTRIBUIÇÃO AS ESCOLAS MUNICIPAIS;;3.3.50.41.00 - 3.3.50.41.00;101 - RECEITAS DE IMPOSTOS E DE TRANSFERÊNCIAS DE IMPOSTOS VINCULADOS À EDUCAÇÃO;NÃO SE APLICA;4422;20200923;0;0;0;0;0;5000;0;0;0;-5000;0
3110004;303;02;382336;2020;4;12 - EDUCAÇÃO;361 - ENSINO FUNDAMENTAL;0003 - MANUTENÇÃO DA EDUCAÇÃO BÁSICA;2482 - REMUNERAÇÃO PESSOAL DO ENSINO FUNDAMENTAL;;3.1.90.13.01 - 3.1.90.13.01;101 - RECEITAS DE IMPOSTOS E DE TRANSFERÊNCIAS DE IMPOSTOS VINCULADOS À EDUCAÇÃO;NÃO SE APLICA;2103;20200429;8660.54;0;0;8660.54;0;0;0;0;0;8660.54;0
3110004;303;02;382336;2020;10;12 - EDUCAÇÃO;122 - ADMINISTRAÇÃO GERAL;0002 - GESTÃO DA SECRETARIA MUNICIPAL DE EDUCAÇÃO;2002 - MANUTENÇÃO DA SECRETARIA;;3.3.90.30.19 - 3.3.90.30.19;101 - RECEITAS DE IMPOSTOS E DE TRANSFERÊNCIAS DE IMPOSTOS VINCULADOS À EDUCAÇÃO;NÃO SE APLICA;4324;20200909;0;0;0;2757;0;2757;0;0;0;0;-2757
3110004;303;02;382336;2020;10;12 - EDUCAÇÃO;361 - ENSINO FUNDAMENTAL;0003 - MANUTENÇÃO DA EDUCAÇÃO BÁSICA;2482 - REMUNERAÇÃO PESSOAL DO ENSINO FUNDAMENTAL;;3.1.90.13.01 - 3.1.90.13.01;101 - RECEITAS DE IMPOSTOS E DE TRANSFERÊNCIAS DE IMPOSTOS VINCULADOS À EDUCAÇÃO;NÃO SE APLICA;5125;20201029;8152.36;0;0;8152.36;0;0;0;0;0;8152.36;0
3110004;303;02;382336;2020;9;12 - EDUCAÇÃO;122 - ADMINISTRAÇÃO GERAL;0002 - GESTÃO DA SECRETARIA MUNICIPAL DE EDUCAÇÃO;2002 - MANUTENÇÃO DA SECRETARIA;;3.3.90.30.19 - 3.3.90.30.19;101 - RECEITAS DE IMPOSTOS E DE TRANSFERÊNCIAS DE IMPOSTOS VINCULADOS À EDUCAÇÃO;NÃO SE APLICA;4324;20200909;2757;0;0;0;0;0;0;0;0;0;2757
3110004;303;02;382336;2020;12;12 - EDUCAÇÃO;361 - ENSINO FUNDAMENTAL;0027 - GESTÃO DO CENTRO ESPECIALIZADO DE ATENÇÃO À CRIANÇA E AO ADOLESCENTE;2049 - MANUTENÇÃO DO CEACA;;3.1.90.13.03 - 3.1.90.13.03;101 - RECEITAS DE IMPOSTOS E DE TRANSFERÊNCIAS DE IMPOSTOS VINCULADOS À EDUCAÇÃO;NÃO SE APLICA;5545;20201127;0;0;0;0;0;3275.35;0;0;0;-3275.35;0
3110004;303;02;382336;2020;10;12 - EDUCAÇÃO;122 - ADMINISTRAÇÃO GERAL;0002 - GESTÃO DA SECRETARIA MUNICIPAL DE EDUCAÇÃO;2002 - MANUTENÇÃO DA SECRETARIA;;3.3.90.14.05 - 3.3.90.14.05;101 - RECEITAS DE IMPOSTOS E DE TRANSFERÊNCIAS DE IMPOSTOS VINCULADOS À EDUCAÇÃO;NÃO SE APLICA;4886;20201023;47.2;0;0;47.2;0;47.2;0;0;0;0;0
3110004;303;02;382336;2020;11;12 - EDUCAÇÃO;122 - ADMINISTRAÇÃO GERAL;0002 - GESTÃO DA SECRETARIA MUNICIPAL DE EDUCAÇÃO;2002 - MANUTENÇÃO DA SECRETARIA;;3.3.90.39.12 - 3.3.90.39.12;101 - RECEITAS DE IMPOSTOS E DE TRANSFERÊNCIAS DE IMPOSTOS VINCULADOS À EDUCAÇÃO;NÃO SE APLICA;9;20200102;0;0;0;539.01;0;539.01;0;0;0;0;-539.01
3110004;303;02;382336;2020;4;12 - EDUCAÇÃO;361 - ENSINO FUNDAMENTAL;0003 - MANUTENÇÃO DA EDUCAÇÃO BÁSICA;2482 - REMUNERAÇÃO PESSOAL DO ENSINO FUNDAMENTAL;;3.1.90.16.00 - 3.1.90.16.00;101 - RECEITAS DE IMPOSTOS E DE TRANSFERÊNCIAS DE IMPOSTOS VINCULADOS À EDUCAÇÃO;NÃO SE APLICA;1997;20200429;211.44;0;0;211.44;0;211.44;0;0;0;0;0
3110004;303;02;382336;2020;12;12 - EDUCAÇÃO;361 - ENSINO FUNDAMENTAL;0003 - MANUTENÇÃO DA EDUCAÇÃO BÁSICA;2482 - REMUNERAÇÃO PESSOAL DO ENSINO FUNDAMENTAL;;3.1.90.13.03 - 3.1.90.13.03;101 - RECEITAS DE IMPOSTOS E DE TRANSFERÊNCIAS DE IMPOSTOS VINCULADOS À EDUCAÇÃO;NÃO SE APLICA;6254;20201228;22348.44;0;0;22348.44;0;22348.44;0;0;0;0;0
3110004;303;02;382336;2020;7;12 - EDUCAÇÃO;361 - ENSINO FUNDAMENTAL;0003 - MANUTENÇÃO DA EDUCAÇÃO BÁSICA;2329 - REMUNERAÇÃO DE ESTAGIÁRIOS;;3.3.90.36.07 - 3.3.90.36.07;101 - RECEITAS DE IMPOSTOS E DE TRANSFERÊNCIAS DE IMPOSTOS VINCULADOS À EDUCAÇÃO;NÃO SE APLICA;3501;20200731;36887.51;0;0;36887.51;0;36887.51;0;0;0;0;0
3110004;303;02;382336;2020;3;12 - EDUCAÇÃO;361 - ENSINO FUNDAMENTAL;0003 - MANUTENÇÃO DA EDUCAÇÃO BÁSICA;2329 - REMUNERAÇÃO DE ESTAGIÁRIOS;;3.3.90.36.07 - 3.3.90.36.07;101 - RECEITAS DE IMPOSTOS E DE TRANSFERÊNCIAS DE IMPOSTOS VINCULADOS À EDUCAÇÃO;NÃO SE APLICA;1522;20200327;39594.22;0;0;39594.22;0;39594.22;0;0;0;0;0
3110004;303;02;382336;2020;7;12 - EDUCAÇÃO;361 - ENSINO FUNDAMENTAL;0019 - GESTÃO DO TRANSPORTE ESCOLAR;2042 - REMUNERAÇÃO PESSOAL TRANSPORTE ESCOLAR ENSINO FUNDAMENTAL;;3.1.90.16.00 - 3.1.90.16.00;101 - RECEITAS DE IMPOSTOS E DE TRANSFERÊNCIAS DE IMPOSTOS VINCULADOS À EDUCAÇÃO;NÃO SE APLICA;3507;20200731;811.48;0;0;811.48;0;811.48;0;0;0;0;0
3110004;303;02;382336;2020;10;12 - EDUCAÇÃO;122 - ADMINISTRAÇÃO GERAL;0002 - GESTÃO DA SECRETARIA MUNICIPAL DE EDUCAÇÃO;2002 - MANUTENÇÃO DA SECRETARIA;;3.3.90.40.02 - 3.3.90.40.02;101 - RECEITAS DE IMPOSTOS E DE TRANSFERÊNCIAS DE IMPOSTOS VINCULADOS À EDUCAÇÃO;NÃO SE APLICA;939;20200221;0;0;30;0;0;0;0;0;0;0;-30
3110004;303;02;382336;2020;7;12 - EDUCAÇÃO;122 - ADMINISTRAÇÃO GERAL;0002 - GESTÃO DA SECRETARIA MUNICIPAL DE EDUCAÇÃO;2002 - MANUTENÇÃO DA SECRETARIA;;3.3.90.39.99 - 3.3.90.39.99;101 - RECEITAS DE IMPOSTOS E DE TRANSFERÊNCIAS DE IMPOSTOS VINCULADOS À EDUCAÇÃO;NÃO SE APLICA;26;20200102;0;0;0;1245.87;0;1245.87;0;0;0;0;-1245.87
3110004;303;02;382336;2020;1;12 - EDUCAÇÃO;122 - ADMINISTRAÇÃO GERAL;0002 - GESTÃO DA SECRETARIA MUNICIPAL DE EDUCAÇÃO;2002 - MANUTENÇÃO DA SECRETARIA;;3.3.90.14.05 - 3.3.90.14.05;101 - RECEITAS DE IMPOSTOS E DE TRANSFERÊNCIAS DE IMPOSTOS VINCULADOS À EDUCAÇÃO;NÃO SE APLICA;253;20200124;47.2;0;0;47.2;0;47.2;0;0;0;0;0
3110004;303;02;382336;2020;12;12 - EDUCAÇÃO;122 - ADMINISTRAÇÃO GERAL;0002 - GESTÃO DA SECRETARIA MUNICIPAL DE EDUCAÇÃO;2002 - MANUTENÇÃO DA SECRETARIA;;3.3.90.30.16 - 3.3.90.30.16;101 - RECEITAS DE IMPOSTOS E DE TRANSFERÊNCIAS DE IMPOSTOS VINCULADOS À EDUCAÇÃO;NÃO SE APLICA;5712;20201204;343.78;0;0;0;0;0;0;0;0;0;343.78
3110004;303;02;382336;2020;7;12 - EDUCAÇÃO;122 - ADMINISTRAÇÃO GERAL;0002 - GESTÃO DA SECRETARIA MUNICIPAL DE EDUCAÇÃO;2002 - MANUTENÇÃO DA SECRETARIA;;3.3.90.49.00 - 3.3.90.49.00;101 - RECEITAS DE IMPOSTOS E DE TRANSFERÊNCIAS DE IMPOSTOS VINCULADOS À EDUCAÇÃO;NÃO SE APLICA;225;20200120;0;0;0;331.2;0;331.2;0;0;0;0;-331.2
3110004;303;02;382336;2020;3;12 - EDUCAÇÃO;365 - EDUCAÇÃO INFANTIL;0003 - MANUTENÇÃO DA EDUCAÇÃO BÁSICA;2483 - REMUNERAÇÃO PESSOAL DA EDUCAÇÃO INFANTIL;;3.1.90.13.03 - 3.1.90.13.03;101 - RECEITAS DE IMPOSTOS E DE TRANSFERÊNCIAS DE IMPOSTOS VINCULADOS À EDUCAÇÃO;NÃO SE APLICA;1152;20200221;0;0;0;0;0;15631.69;0;0;0;-15631.69;0
3110004;303;02;382336;2020;2;12 - EDUCAÇÃO;122 - ADMINISTRAÇÃO GERAL;0002 - GESTÃO DA SECRETARIA MUNICIPAL DE EDUCAÇÃO;2002 - MANUTENÇÃO DA SECRETARIA;;3.3.90.49.00 - 3.3.90.49.00;101 - RECEITAS DE IMPOSTOS E DE TRANSFERÊNCIAS DE IMPOSTOS VINCULADOS À EDUCAÇÃO;NÃO SE APLICA;234;20200120;0;0;0;2772;0;2772;0;0;0;0;-2772
3110004;303;02;382336;2020;11;12 - EDUCAÇÃO;122 - ADMINISTRAÇÃO GERAL;0002 - GESTÃO DA SECRETARIA MUNICIPAL DE EDUCAÇÃO;2002 - MANUTENÇÃO DA SECRETARIA;;3.3.90.39.99 - 3.3.90.39.99;101 - RECEITAS DE IMPOSTOS E DE TRANSFERÊNCIAS DE IMPOSTOS VINCULADOS À EDUCAÇÃO;NÃO SE APLICA;26;20200102;0;0;0;2360.64;0;2360.64;0;0;0;0;-2360.64
3110004;303;02;382336;2020;12;12 - EDUCAÇÃO;122 - ADMINISTRAÇÃO GERAL;0002 - GESTÃO DA SECRETARIA MUNICIPAL DE EDUCAÇÃO;2002 - MANUTENÇÃO DA SECRETARIA;;3.3.90.39.14 - 3.3.90.39.14;101 - RECEITAS DE IMPOSTOS E DE TRANSFERÊNCIAS DE IMPOSTOS VINCULADOS À EDUCAÇÃO;NÃO SE APLICA;6066;20201218;30470.17;0;0;0;0;0;0;0;0;0;30470.17
3110004;303;02;382336;2020;9;12 - EDUCAÇÃO;365 - EDUCAÇÃO INFANTIL;0003 - MANUTENÇÃO DA EDUCAÇÃO BÁSICA;2483 - REMUNERAÇÃO PESSOAL DA EDUCAÇÃO INFANTIL;;3.1.90.13.01 - 3.1.90.13.01;101 - RECEITAS DE IMPOSTOS E DE TRANSFERÊNCIAS DE IMPOSTOS VINCULADOS À EDUCAÇÃO;NÃO SE APLICA;4104;20200828;0;0;0;0;0;104.4;0;0;0;-104.4;0
3110004;303;02;382336;2020;2;12 - EDUCAÇÃO;122 - ADMINISTRAÇÃO GERAL;0002 - GESTÃO DA SECRETARIA MUNICIPAL DE EDUCAÇÃO;2002 - MANUTENÇÃO DA SECRETARIA;;3.3.90.39.53 - 3.3.90.39.53;101 - RECEITAS DE IMPOSTOS E DE TRANSFERÊNCIAS DE IMPOSTOS VINCULADOS À EDUCAÇÃO;NÃO SE APLICA;954;20200221;10.97;0;0;10.97;0;0;0;0;0;10.97;0
3110004;303;02;382336;2020;5;12 - EDUCAÇÃO;361 - ENSINO FUNDAMENTAL;0003 - MANUTENÇÃO DA EDUCAÇÃO BÁSICA;2482 - REMUNERAÇÃO PESSOAL DO ENSINO FUNDAMENTAL;;3.1.90.13.01 - 3.1.90.13.01;101 - RECEITAS DE IMPOSTOS E DE TRANSFERÊNCIAS DE IMPOSTOS VINCULADOS À EDUCAÇÃO;NÃO SE APLICA;2590;20200529;8087.51;0;0;8087.51;0;0;0;0;0;8087.51;0
3110004;303;02;382336;2020;4;12 - EDUCAÇÃO;122 - ADMINISTRAÇÃO GERAL;0002 - GESTÃO DA SECRETARIA MUNICIPAL DE EDUCAÇÃO;2002 - MANUTENÇÃO DA SECRETARIA;;3.3.90.49.00 - 3.3.90.49.00;101 - RECEITAS DE IMPOSTOS E DE TRANSFERÊNCIAS DE IMPOSTOS VINCULADOS À EDUCAÇÃO;NÃO SE APLICA;218;20200120;0;0;0;14440;0;320;0;0;0;14120;-14440
3110004;303;02;382336;2020;6;12 - EDUCAÇÃO;361 - ENSINO FUNDAMENTAL;0027 - GESTÃO DO CENTRO ESPECIALIZADO DE ATENÇÃO À CRIANÇA E AO ADOLESCENTE;2049 - MANUTENÇÃO DO CEACA;;3.1.90.13.03 - 3.1.90.13.03;101 - RECEITAS DE IMPOSTOS E DE TRANSFERÊNCIAS DE IMPOSTOS VINCULADOS À EDUCAÇÃO;NÃO SE APLICA;3110;20200630;3268.41;0;0;3268.41;0;0;0;0;0;3268.41;0
3110004;303;02;382336;2020;2;12 - EDUCAÇÃO;122 - ADMINISTRAÇÃO GERAL;0002 - GESTÃO DA SECRETARIA MUNICIPAL DE EDUCAÇÃO;2001 - REMUNERAÇÃO PESSOAL DA SECRETARIA;;3.1.90.13.03 - 3.1.90.13.03;101 - RECEITAS DE IMPOSTOS E DE TRANSFERÊNCIAS DE IMPOSTOS VINCULADOS À EDUCAÇÃO;NÃO SE APLICA;480;20200130;0;0;0;0;0;13042.47;0;0;0;-13042.47;0
3110004;303;02;382336;2020;8;12 - EDUCAÇÃO;361 - ENSINO FUNDAMENTAL;0003 - MANUTENÇÃO DA EDUCAÇÃO BÁSICA;2482 - REMUNERAÇÃO PESSOAL DO ENSINO FUNDAMENTAL;;3.1.90.13.01 - 3.1.90.13.01;101 - RECEITAS DE IMPOSTOS E DE TRANSFERÊNCIAS DE IMPOSTOS VINCULADOS À EDUCAÇÃO;NÃO SE APLICA;3618;20200731;0;0;0;0;0;8144.63;0;0;0;-8144.63;0
3110004;303;02;382336;2020;3;12 - EDUCAÇÃO;361 - ENSINO FUNDAMENTAL;0003 - MANUTENÇÃO DA EDUCAÇÃO BÁSICA;2482 - REMUNERAÇÃO PESSOAL DO ENSINO FUNDAMENTAL;;3.1.90.04.99 - 3.1.90.04.99;101 - RECEITAS DE IMPOSTOS E DE TRANSFERÊNCIAS DE IMPOSTOS VINCULADOS À EDUCAÇÃO;NÃO SE APLICA;1523;20200327;4647.69;0;0;4647.69;0;4647.69;0;0;0;0;0
3110004;303;02;382336;2020;10;12 - EDUCAÇÃO;365 - EDUCAÇÃO INFANTIL;0019 - GESTÃO DO TRANSPORTE ESCOLAR;2454 - MANUTENÇÃO TRANSPORTE ESCOLAR EDUCAÇÃO INFANTIL;;3.3.90.39.57 - 3.3.90.39.57;101 - RECEITAS DE IMPOSTOS E DE TRANSFERÊNCIAS DE IMPOSTOS VINCULADOS À EDUCAÇÃO;NÃO SE APLICA;38;20200102;0;0;450281.14;0;0;0;0;0;0;0;-450281.14
3110004;303;02;382336;2020;4;12 - EDUCAÇÃO;365 - EDUCAÇÃO INFANTIL;0221 - MANUTENÇÃO DA EDUCAÇÃO BÁSICA;2407 - REMUNERAÇÃO PESSOAL EDUCAÇÃO INFANTILCRECHE;;3.1.90.13.01 - 3.1.90.13.01;101 - RECEITAS DE IMPOSTOS E DE TRANSFERÊNCIAS DE IMPOSTOS VINCULADOS À EDUCAÇÃO;NÃO SE APLICA;2111;20200429;1279.44;0;0;1279.44;0;0;0;0;0;1279.44;0
3110004;303;02;382336;2020;9;12 - EDUCAÇÃO;365 - EDUCAÇÃO INFANTIL;0221 - MANUTENÇÃO DA EDUCAÇÃO BÁSICA;2407 - REMUNERAÇÃO PESSOAL EDUCAÇÃO INFANTILCRECHE;;3.1.90.13.03 - 3.1.90.13.03;101 - RECEITAS DE IMPOSTOS E DE TRANSFERÊNCIAS DE IMPOSTOS VINCULADOS À EDUCAÇÃO;NÃO SE APLICA;4107;20200828;0;0;0;0;0;2969.66;0;0;0;-2969.66;0
3110004;303;02;382336;2020;9;12 - EDUCAÇÃO;361 - ENSINO FUNDAMENTAL;0027 - GESTÃO DO CENTRO ESPECIALIZADO DE ATENÇÃO À CRIANÇA E AO ADOLESCENTE;2049 - MANUTENÇÃO DO CEACA;;3.1.90.13.03 - 3.1.90.13.03;101 - RECEITAS DE IMPOSTOS E DE TRANSFERÊNCIAS DE IMPOSTOS VINCULADOS À EDUCAÇÃO;NÃO SE APLICA;4103;20200828;0;0;0;0;0;3275.35;0;0;0;-3275.35;0
3110004;303;02;382336;2020;9;12 - EDUCAÇÃO;361 - ENSINO FUNDAMENTAL;0013 - TRANSFERÊNCIA AS CAIXAS ESCOLARES;2032 - CONTRIBUIÇÃO AS ESCOLAS MUNICIPAIS;;3.3.50.41.00 - 3.3.50.41.00;101 - RECEITAS DE IMPOSTOS E DE TRANSFERÊNCIAS DE IMPOSTOS VINCULADOS À EDUCAÇÃO;NÃO SE APLICA;4421;20200923;7200;0;0;7200;0;0;0;0;0;7200;0
3110004;303;02;382336;2020;8;12 - EDUCAÇÃO;122 - ADMINISTRAÇÃO GERAL;0002 - GESTÃO DA SECRETARIA MUNICIPAL DE EDUCAÇÃO;2002 - MANUTENÇÃO DA SECRETARIA;;3.3.90.39.12 - 3.3.90.39.12;101 - RECEITAS DE IMPOSTOS E DE TRANSFERÊNCIAS DE IMPOSTOS VINCULADOS À EDUCAÇÃO;NÃO SE APLICA;9;20200102;0;0;0;873.57;0;873.57;0;0;0;0;-873.57
3110004;303;02;382336;2020;11;12 - EDUCAÇÃO;365 - EDUCAÇÃO INFANTIL;0003 - MANUTENÇÃO DA EDUCAÇÃO BÁSICA;2006 - MANUTENÇÃO DA EDUCAÇÃO INFANTIL;;3.3.90.32.99 - 3.3.90.32.99;101 - RECEITAS DE IMPOSTOS E DE TRANSFERÊNCIAS DE IMPOSTOS VINCULADOS À EDUCAÇÃO;NÃO SE APLICA;5673;20201130;150599.28;0;0;0;0;0;0;0;0;0;150599.28
3110004;303;02;382336;2020;1;12 - EDUCAÇÃO;361 - ENSINO FUNDAMENTAL;0019 - GESTÃO DO TRANSPORTE ESCOLAR;2041 - MANUTENÇÃO TRANSPORTE ESCOLAR DO ENSINO FUNDAMENTAL;;3.3.90.39.57 - 3.3.90.39.57;101 - RECEITAS DE IMPOSTOS E DE TRANSFERÊNCIAS DE IMPOSTOS VINCULADOS À EDUCAÇÃO;NÃO SE APLICA;37;20200102;849065.29;0;0;0;0;0;0;0;0;0;849065.29
3110004;303;02;382336;2020;10;12 - EDUCAÇÃO;122 - ADMINISTRAÇÃO GERAL;0002 - GESTÃO DA SECRETARIA MUNICIPAL DE EDUCAÇÃO;2002 - MANUTENÇÃO DA SECRETARIA;;3.3.90.39.05 - 3.3.90.39.05;101 - RECEITAS DE IMPOSTOS E DE TRANSFERÊNCIAS DE IMPOSTOS VINCULADOS À EDUCAÇÃO;NÃO SE APLICA;3463;20200731;0;0;0;32000;0;32000;0;0;0;0;-32000
3110004;303;02;382336;2020;2;12 - EDUCAÇÃO;122 - ADMINISTRAÇÃO GERAL;0002 - GESTÃO DA SECRETARIA MUNICIPAL DE EDUCAÇÃO;2002 - MANUTENÇÃO DA SECRETARIA;;3.3.90.49.00 - 3.3.90.49.00;101 - RECEITAS DE IMPOSTOS E DE TRANSFERÊNCIAS DE IMPOSTOS VINCULADOS À EDUCAÇÃO;NÃO SE APLICA;225;20200120;0;0;0;22223.3;0;22223.3;0;0;0;0;-22223.3
3110004;303;02;382336;2020;8;12 - EDUCAÇÃO;361 - ENSINO FUNDAMENTAL;0003 - MANUTENÇÃO DA EDUCAÇÃO BÁSICA;2482 - REMUNERAÇÃO PESSOAL DO ENSINO FUNDAMENTAL;;3.1.90.13.01 - 3.1.90.13.01;101 - RECEITAS DE IMPOSTOS E DE TRANSFERÊNCIAS DE IMPOSTOS VINCULADOS À EDUCAÇÃO;NÃO SE APLICA;4098;20200828;8151.15;0;0;8151.15;0;0;0;0;0;8151.15;0
3110004;303;02;382336;2020;2;12 - EDUCAÇÃO;361 - ENSINO FUNDAMENTAL;0019 - GESTÃO DO TRANSPORTE ESCOLAR;2042 - REMUNERAÇÃO PESSOAL TRANSPORTE ESCOLAR ENSINO FUNDAMENTAL;;3.1.90.16.00 - 3.1.90.16.00;101 - RECEITAS DE IMPOSTOS E DE TRANSFERÊNCIAS DE IMPOSTOS VINCULADOS À EDUCAÇÃO;NÃO SE APLICA;1040;20200221;860.65;0;0;860.65;0;860.65;0;0;0;0;0
3110004;303;02;382336;2020;10;12 - EDUCAÇÃO;365 - EDUCAÇÃO INFANTIL;0221 - MANUTENÇÃO DA EDUCAÇÃO BÁSICA;2407 - REMUNERAÇÃO PESSOAL EDUCAÇÃO INFANTILCRECHE;;3.1.90.13.03 - 3.1.90.13.03;101 - RECEITAS DE IMPOSTOS E DE TRANSFERÊNCIAS DE IMPOSTOS VINCULADOS À EDUCAÇÃO;NÃO SE APLICA;5134;20201029;3018.29;0;0;3018.29;0;48.62;0;0;0;2969.67;0
3110004;303;02;382336;2020;4;12 - EDUCAÇÃO;361 - ENSINO FUNDAMENTAL;0027 - GESTÃO DO CENTRO ESPECIALIZADO DE ATENÇÃO À CRIANÇA E AO ADOLESCENTE;2049 - MANUTENÇÃO DO CEACA;;3.1.90.13.03 - 3.1.90.13.03;101 - RECEITAS DE IMPOSTOS E DE TRANSFERÊNCIAS DE IMPOSTOS VINCULADOS À EDUCAÇÃO;NÃO SE APLICA;2108;20200429;3275.35;0;0;3275.35;0;0;0;0;0;3275.35;0
3110004;303;02;382336;2020;10;12 - EDUCAÇÃO;361 - ENSINO FUNDAMENTAL;0013 - TRANSFERÊNCIA AS CAIXAS ESCOLARES;2032 - CONTRIBUIÇÃO AS ESCOLAS MUNICIPAIS;;3.3.50.41.00 - 3.3.50.41.00;101 - RECEITAS DE IMPOSTOS E DE TRANSFERÊNCIAS DE IMPOSTOS VINCULADOS À EDUCAÇÃO;NÃO SE APLICA;4424;20200923;0;0;0;0;0;2800;0;0;0;-2800;0
3110004;303;02;382336;2020;3;12 - EDUCAÇÃO;361 - ENSINO FUNDAMENTAL;0019 - GESTÃO DO TRANSPORTE ESCOLAR;2042 - REMUNERAÇÃO PESSOAL TRANSPORTE ESCOLAR ENSINO FUNDAMENTAL;;3.1.90.13.03 - 3.1.90.13.03;101 - RECEITAS DE IMPOSTOS E DE TRANSFERÊNCIAS DE IMPOSTOS VINCULADOS À EDUCAÇÃO;NÃO SE APLICA;1148;20200221;0;0;0;0;0;1493.26;0;0;0;-1493.26;0
3110004;303;02;382336;2020;10;12 - EDUCAÇÃO;361 - ENSINO FUNDAMENTAL;0027 - GESTÃO DO CENTRO ESPECIALIZADO DE ATENÇÃO À CRIANÇA E AO ADOLESCENTE;2049 - MANUTENÇÃO DO CEACA;;3.1.90.13.01 - 3.1.90.13.01;101 - RECEITAS DE IMPOSTOS E DE TRANSFERÊNCIAS DE IMPOSTOS VINCULADOS À EDUCAÇÃO;NÃO SE APLICA;5129;20201029;1249.73;0;0;1249.73;0;0;0;0;0;1249.73;0
3110004;303;02;382336;2020;11;12 - EDUCAÇÃO;122 - ADMINISTRAÇÃO GERAL;0002 - GESTÃO DA SECRETARIA MUNICIPAL DE EDUCAÇÃO;2002 - MANUTENÇÃO DA SECRETARIA;;3.3.90.14.05 - 3.3.90.14.05;101 - RECEITAS DE IMPOSTOS E DE TRANSFERÊNCIAS DE IMPOSTOS VINCULADOS À EDUCAÇÃO;NÃO SE APLICA;4923;20201026;0;0;0;0;0;141.6;0;0;0;-141.6;0
3110004;303;02;382336;2020;2;12 - EDUCAÇÃO;361 - ENSINO FUNDAMENTAL;0019 - GESTÃO DO TRANSPORTE ESCOLAR;2042 - REMUNERAÇÃO PESSOAL TRANSPORTE ESCOLAR ENSINO FUNDAMENTAL;;3.1.90.13.03 - 3.1.90.13.03;101 - RECEITAS DE IMPOSTOS E DE TRANSFERÊNCIAS DE IMPOSTOS VINCULADOS À EDUCAÇÃO;NÃO SE APLICA;1148;20200221;1493.26;0;0;1493.26;0;0;0;0;0;1493.26;0
3110004;303;02;382336;2020;9;12 - EDUCAÇÃO;122 - ADMINISTRAÇÃO GERAL;0002 - GESTÃO DA SECRETARIA MUNICIPAL DE EDUCAÇÃO;2002 - MANUTENÇÃO DA SECRETARIA;;3.3.90.14.05 - 3.3.90.14.05;101 - RECEITAS DE IMPOSTOS E DE TRANSFERÊNCIAS DE IMPOSTOS VINCULADOS À EDUCAÇÃO;NÃO SE APLICA;4269;20200904;47.2;0;0;47.2;0;47.2;0;0;0;0;0
3110004;303;02;382336;2020;12;12 - EDUCAÇÃO;361 - ENSINO FUNDAMENTAL;0027 - GESTÃO DO CENTRO ESPECIALIZADO DE ATENÇÃO À CRIANÇA E AO ADOLESCENTE;2049 - MANUTENÇÃO DO CEACA;;3.1.90.13.01 - 3.1.90.13.01;101 - RECEITAS DE IMPOSTOS E DE TRANSFERÊNCIAS DE IMPOSTOS VINCULADOS À EDUCAÇÃO;NÃO SE APLICA;5544;20201127;0;0;0;0;0;1249.73;0;0;0;-1249.73;0
3110004;303;02;382336;2020;1;12 - EDUCAÇÃO;361 - ENSINO FUNDAMENTAL;0019 - GESTÃO DO TRANSPORTE ESCOLAR;2042 - REMUNERAÇÃO PESSOAL TRANSPORTE ESCOLAR ENSINO FUNDAMENTAL;;3.1.90.11.11 - 3.1.90.11.11;101 - RECEITAS DE IMPOSTOS E DE TRANSFERÊNCIAS DE IMPOSTOS VINCULADOS À EDUCAÇÃO;NÃO SE APLICA;376;20200130;1961.39;0;0;1961.39;0;1961.39;0;0;0;0;0
3110004;303;02;382336;2020;8;12 - EDUCAÇÃO;122 - ADMINISTRAÇÃO GERAL;0002 - GESTÃO DA SECRETARIA MUNICIPAL DE EDUCAÇÃO;2002 - MANUTENÇÃO DA SECRETARIA;;3.3.90.49.00 - 3.3.90.49.00;101 - RECEITAS DE IMPOSTOS E DE TRANSFERÊNCIAS DE IMPOSTOS VINCULADOS À EDUCAÇÃO;NÃO SE APLICA;234;20200120;0;0;0;144;0;144;0;0;0;0;-144
3110004;303;02;382336;2020;12;12 - EDUCAÇÃO;361 - ENSINO FUNDAMENTAL;0027 - GESTÃO DO CENTRO ESPECIALIZADO DE ATENÇÃO À CRIANÇA E AO ADOLESCENTE;2049 - MANUTENÇÃO DO CEACA;;3.1.90.13.03 - 3.1.90.13.03;101 - RECEITAS DE IMPOSTOS E DE TRANSFERÊNCIAS DE IMPOSTOS VINCULADOS À EDUCAÇÃO;NÃO SE APLICA;5903;20201214;3189.02;0;0;3189.02;0;3189.02;0;0;0;0;0
3110004;303;02;382336;2020;7;12 - EDUCAÇÃO;361 - ENSINO FUNDAMENTAL;0027 - GESTÃO DO CENTRO ESPECIALIZADO DE ATENÇÃO À CRIANÇA E AO ADOLESCENTE;2049 - MANUTENÇÃO DO CEACA;;3.1.90.13.01 - 3.1.90.13.01;101 - RECEITAS DE IMPOSTOS E DE TRANSFERÊNCIAS DE IMPOSTOS VINCULADOS À EDUCAÇÃO;NÃO SE APLICA;3109;20200630;0;0;0;0;0;1247.1;0;0;0;-1247.1;0
3110004;303;02;382336;2020;6;12 - EDUCAÇÃO;361 - ENSINO FUNDAMENTAL;0003 - MANUTENÇÃO DA EDUCAÇÃO BÁSICA;2062 - MANUTENÇÃO DO ENSINO FUNDAMENTAL;;3.3.90.39.60 - 3.3.90.39.60;101 - RECEITAS DE IMPOSTOS E DE TRANSFERÊNCIAS DE IMPOSTOS VINCULADOS À EDUCAÇÃO;NÃO SE APLICA;2685;20200529;0;0;0;3589.96;0;3589.96;0;0;0;0;-3589.96
3110004;303;02;382336;2020;4;12 - EDUCAÇÃO;361 - ENSINO FUNDAMENTAL;0003 - MANUTENÇÃO DA EDUCAÇÃO BÁSICA;2482 - REMUNERAÇÃO PESSOAL DO ENSINO FUNDAMENTAL;;3.1.90.04.99 - 3.1.90.04.99;101 - RECEITAS DE IMPOSTOS E DE TRANSFERÊNCIAS DE IMPOSTOS VINCULADOS À EDUCAÇÃO;NÃO SE APLICA;1995;20200429;7304.09;0;0;7304.09;0;7304.09;0;0;0;0;0
3110004;303;02;382336;2020;2;12 - EDUCAÇÃO;361 - ENSINO FUNDAMENTAL;0003 - MANUTENÇÃO DA EDUCAÇÃO BÁSICA;2062 - MANUTENÇÃO DO ENSINO FUNDAMENTAL;;3.3.90.30.16 - 3.3.90.30.16;101 - RECEITAS DE IMPOSTOS E DE TRANSFERÊNCIAS DE IMPOSTOS VINCULADOS À EDUCAÇÃO;NÃO SE APLICA;937;20200221;3104;0;0;0;0;0;0;0;0;0;3104
3110004;303;02;382336;2020;9;12 - EDUCAÇÃO;361 - ENSINO FUNDAMENTAL;0019 - GESTÃO DO TRANSPORTE ESCOLAR;2042 - REMUNERAÇÃO PESSOAL TRANSPORTE ESCOLAR ENSINO FUNDAMENTAL;;3.1.90.16.00 - 3.1.90.16.00;101 - RECEITAS DE IMPOSTOS E DE TRANSFERÊNCIAS DE IMPOSTOS VINCULADOS À EDUCAÇÃO;NÃO SE APLICA;4534;20200930;668.93;0;0;668.93;0;668.93;0;0;0;0;0
3110004;303;02;382336;2020;9;12 - EDUCAÇÃO;122 - ADMINISTRAÇÃO GERAL;0002 - GESTÃO DA SECRETARIA MUNICIPAL DE EDUCAÇÃO;2002 - MANUTENÇÃO DA SECRETARIA;;3.3.90.14.05 - 3.3.90.14.05;101 - RECEITAS DE IMPOSTOS E DE TRANSFERÊNCIAS DE IMPOSTOS VINCULADOS À EDUCAÇÃO;NÃO SE APLICA;4270;20200904;141.6;0;0;141.6;0;141.6;0;0;0;0;0
3110004;303;02;382336;2020;10;12 - EDUCAÇÃO;361 - ENSINO FUNDAMENTAL;0027 - GESTÃO DO CENTRO ESPECIALIZADO DE ATENÇÃO À CRIANÇA E AO ADOLESCENTE;2049 - MANUTENÇÃO DO CEACA;;3.1.90.13.03 - 3.1.90.13.03;101 - RECEITAS DE IMPOSTOS E DE TRANSFERÊNCIAS DE IMPOSTOS VINCULADOS À EDUCAÇÃO;NÃO SE APLICA;4651;20200930;0;0;0;0;0;3275.35;0;0;0;-3275.35;0
3110004;303;02;382336;2020;3;12 - EDUCAÇÃO;365 - EDUCAÇÃO INFANTIL;0003 - MANUTENÇÃO DA EDUCAÇÃO BÁSICA;2483 - REMUNERAÇÃO PESSOAL DA EDUCAÇÃO INFANTIL;;3.1.90.11.11 - 3.1.90.11.11;101 - RECEITAS DE IMPOSTOS E DE TRANSFERÊNCIAS DE IMPOSTOS VINCULADOS À EDUCAÇÃO;NÃO SE APLICA;1530;20200327;77310.09;0;0;77310.09;0;77310.09;0;0;0;0;0
3110004;303;02;382336;2020;3;12 - EDUCAÇÃO;361 - ENSINO FUNDAMENTAL;0019 - GESTÃO DO TRANSPORTE ESCOLAR;2041 - MANUTENÇÃO TRANSPORTE ESCOLAR DO ENSINO FUNDAMENTAL;;3.3.90.39.57 - 3.3.90.39.57;101 - RECEITAS DE IMPOSTOS E DE TRANSFERÊNCIAS DE IMPOSTOS VINCULADOS À EDUCAÇÃO;NÃO SE APLICA;37;20200102;0;0;0;5390.28;0;5390.28;0;0;0;0;-5390.28
3110004;303;02;382336;2020;11;12 - EDUCAÇÃO;122 - ADMINISTRAÇÃO GERAL;0002 - GESTÃO DA SECRETARIA MUNICIPAL DE EDUCAÇÃO;2002 - MANUTENÇÃO DA SECRETARIA;;3.3.90.49.00 - 3.3.90.49.00;101 - RECEITAS DE IMPOSTOS E DE TRANSFERÊNCIAS DE IMPOSTOS VINCULADOS À EDUCAÇÃO;NÃO SE APLICA;218;20200120;0;0;805;0;0;0;0;0;0;0;-805
3110004;303;02;382336;2020;5;12 - EDUCAÇÃO;361 - ENSINO FUNDAMENTAL;0019 - GESTÃO DO TRANSPORTE ESCOLAR;2042 - REMUNERAÇÃO PESSOAL TRANSPORTE ESCOLAR ENSINO FUNDAMENTAL;;3.1.90.13.01 - 3.1.90.13.01;101 - RECEITAS DE IMPOSTOS E DE TRANSFERÊNCIAS DE IMPOSTOS VINCULADOS À EDUCAÇÃO;NÃO SE APLICA;2592;20200529;308.39;0;0;308.39;0;0;0;0;0;308.39;0
3110004;303;02;382336;2020;5;12 - EDUCAÇÃO;361 - ENSINO FUNDAMENTAL;0019 - GESTÃO DO TRANSPORTE ESCOLAR;2042 - REMUNERAÇÃO PESSOAL TRANSPORTE ESCOLAR ENSINO FUNDAMENTAL;;3.1.90.04.99 - 3.1.90.04.99;101 - RECEITAS DE IMPOSTOS E DE TRANSFERÊNCIAS DE IMPOSTOS VINCULADOS À EDUCAÇÃO;NÃO SE APLICA;2480;20200529;3148.01;0;0;3148.01;0;3148.01;0;0;0;0;0
3110004;303;02;382336;2020;10;12 - EDUCAÇÃO;361 - ENSINO FUNDAMENTAL;0019 - GESTÃO DO TRANSPORTE ESCOLAR;2041 - MANUTENÇÃO TRANSPORTE ESCOLAR DO ENSINO FUNDAMENTAL;;3.3.90.39.57 - 3.3.90.39.57;101 - RECEITAS DE IMPOSTOS E DE TRANSFERÊNCIAS DE IMPOSTOS VINCULADOS À EDUCAÇÃO;NÃO SE APLICA;37;20200102;0;0;363000;0;0;0;0;0;0;0;-363000
3110004;303;02;382336;2020;2;12 - EDUCAÇÃO;361 - ENSINO FUNDAMENTAL;0003 - MANUTENÇÃO DA EDUCAÇÃO BÁSICA;2482 - REMUNERAÇÃO PESSOAL DO ENSINO FUNDAMENTAL;;3.1.90.13.03 - 3.1.90.13.03;101 - RECEITAS DE IMPOSTOS E DE TRANSFERÊNCIAS DE IMPOSTOS VINCULADOS À EDUCAÇÃO;NÃO SE APLICA;484;20200130;0;0;0;0;0;21286.89;0;0;0;-21286.89;0
3110004;303;02;382336;2020;10;12 - EDUCAÇÃO;361 - ENSINO FUNDAMENTAL;0013 - TRANSFERÊNCIA AS CAIXAS ESCOLARES;2032 - CONTRIBUIÇÃO AS ESCOLAS MUNICIPAIS;;3.3.50.41.00 - 3.3.50.41.00;101 - RECEITAS DE IMPOSTOS E DE TRANSFERÊNCIAS DE IMPOSTOS VINCULADOS À EDUCAÇÃO;NÃO SE APLICA;4421;20200923;0;0;0;0;0;7200;0;0;0;-7200;0
3110004;303;02;382336;2020;5;12 - EDUCAÇÃO;122 - ADMINISTRAÇÃO GERAL;0002 - GESTÃO DA SECRETARIA MUNICIPAL DE EDUCAÇÃO;2002 - MANUTENÇÃO DA SECRETARIA;;3.3.90.49.00 - 3.3.90.49.00;101 - RECEITAS DE IMPOSTOS E DE TRANSFERÊNCIAS DE IMPOSTOS VINCULADOS À EDUCAÇÃO;NÃO SE APLICA;225;20200120;0;0;0;1117.8;0;1117.8;0;0;0;0;-1117.8
3110004;303;02;382336;2020;9;12 - EDUCAÇÃO;361 - ENSINO FUNDAMENTAL;0003 - MANUTENÇÃO DA EDUCAÇÃO BÁSICA;1200 - CONSTRUÇÃO E REFORMA DE PRÉDIOS ESCOLARES ENSINO FUNDAMENTAL;;4.4.90.51.02 - 4.4.90.51.02;101 - RECEITAS DE IMPOSTOS E DE TRANSFERÊNCIAS DE IMPOSTOS VINCULADOS À EDUCAÇÃO;NÃO SE APLICA;3814;20200813;0;0;0;0;0;2385.75;0;0;0;-2385.75;0
3110004;303;02;382336;2020;9;12 - EDUCAÇÃO;365 - EDUCAÇÃO INFANTIL;0221 - MANUTENÇÃO DA EDUCAÇÃO BÁSICA;2407 - REMUNERAÇÃO PESSOAL EDUCAÇÃO INFANTILCRECHE;;3.1.90.13.03 - 3.1.90.13.03;101 - RECEITAS DE IMPOSTOS E DE TRANSFERÊNCIAS DE IMPOSTOS VINCULADOS À EDUCAÇÃO;NÃO SE APLICA;4655;20200930;3018.28;0;0;3018.28;0;48.62;0;0;0;2969.66;0
3110004;303;02;382336;2020;6;12 - EDUCAÇÃO;365 - EDUCAÇÃO INFANTIL;0003 - MANUTENÇÃO DA EDUCAÇÃO BÁSICA;2483 - REMUNERAÇÃO PESSOAL DA EDUCAÇÃO INFANTIL;;3.1.90.13.01 - 3.1.90.13.01;101 - RECEITAS DE IMPOSTOS E DE TRANSFERÊNCIAS DE IMPOSTOS VINCULADOS À EDUCAÇÃO;NÃO SE APLICA;3111;20200630;104.4;0;0;104.4;0;0;0;0;0;104.4;0
3110004;303;02;382336;2020;5;12 - EDUCAÇÃO;122 - ADMINISTRAÇÃO GERAL;0002 - GESTÃO DA SECRETARIA MUNICIPAL DE EDUCAÇÃO;2001 - REMUNERAÇÃO PESSOAL DA SECRETARIA;;3.1.90.13.01 - 3.1.90.13.01;101 - RECEITAS DE IMPOSTOS E DE TRANSFERÊNCIAS DE IMPOSTOS VINCULADOS À EDUCAÇÃO;NÃO SE APLICA;2099;20200429;0;0;0;0;0;5980.69;0;0;0;-5980.69;0
3110004;303;02;382336;2020;8;12 - EDUCAÇÃO;361 - ENSINO FUNDAMENTAL;0027 - GESTÃO DO CENTRO ESPECIALIZADO DE ATENÇÃO À CRIANÇA E AO ADOLESCENTE;2049 - MANUTENÇÃO DO CEACA;;3.1.90.13.01 - 3.1.90.13.01;101 - RECEITAS DE IMPOSTOS E DE TRANSFERÊNCIAS DE IMPOSTOS VINCULADOS À EDUCAÇÃO;NÃO SE APLICA;3622;20200731;0;0;0;0;0;1249.73;0;0;0;-1249.73;0
3110004;303;02;382336;2020;1;12 - EDUCAÇÃO;122 - ADMINISTRAÇÃO GERAL;0002 - GESTÃO DA SECRETARIA MUNICIPAL DE EDUCAÇÃO;2002 - MANUTENÇÃO DA SECRETARIA;;3.3.90.14.05 - 3.3.90.14.05;101 - RECEITAS DE IMPOSTOS E DE TRANSFERÊNCIAS DE IMPOSTOS VINCULADOS À EDUCAÇÃO;NÃO SE APLICA;305;20200124;47.2;0;0;47.2;0;47.2;0;0;0;0;0
3110004;303;02;382336;2020;2;12 - EDUCAÇÃO;361 - ENSINO FUNDAMENTAL;0003 - MANUTENÇÃO DA EDUCAÇÃO BÁSICA;2062 - MANUTENÇÃO DO ENSINO FUNDAMENTAL;;3.3.90.39.60 - 3.3.90.39.60;101 - RECEITAS DE IMPOSTOS E DE TRANSFERÊNCIAS DE IMPOSTOS VINCULADOS À EDUCAÇÃO;NÃO SE APLICA;34;20200102;0;0;0;3589.96;0;3589.96;0;0;0;0;-3589.96
3110004;303;02;382336;2020;3;12 - EDUCAÇÃO;365 - EDUCAÇÃO INFANTIL;0003 - MANUTENÇÃO DA EDUCAÇÃO BÁSICA;2483 - REMUNERAÇÃO PESSOAL DA EDUCAÇÃO INFANTIL;;3.1.90.13.03 - 3.1.90.13.03;101 - RECEITAS DE IMPOSTOS E DE TRANSFERÊNCIAS DE IMPOSTOS VINCULADOS À EDUCAÇÃO;NÃO SE APLICA;1638;20200327;16257.87;0;0;16257.87;0;437.58;0;0;0;15820.29;0
3110004;303;02;382336;2020;7;12 - EDUCAÇÃO;122 - ADMINISTRAÇÃO GERAL;0002 - GESTÃO DA SECRETARIA MUNICIPAL DE EDUCAÇÃO;2002 - MANUTENÇÃO DA SECRETARIA;;3.3.90.39.29 - 3.3.90.39.29;101 - RECEITAS DE IMPOSTOS E DE TRANSFERÊNCIAS DE IMPOSTOS VINCULADOS À EDUCAÇÃO;NÃO SE APLICA;20;20200102;0;0;0;336.76;0;336.76;0;0;0;0;-336.76
3110004;303;02;382336;2020;10;12 - EDUCAÇÃO;122 - ADMINISTRAÇÃO GERAL;0002 - GESTÃO DA SECRETARIA MUNICIPAL DE EDUCAÇÃO;2002 - MANUTENÇÃO DA SECRETARIA;;3.3.90.39.12 - 3.3.90.39.12;101 - RECEITAS DE IMPOSTOS E DE TRANSFERÊNCIAS DE IMPOSTOS VINCULADOS À EDUCAÇÃO;NÃO SE APLICA;9;20200102;0;0;0;1224;0;1224;0;0;0;0;-1224
3110004;303;02;382336;2020;1;12 - EDUCAÇÃO;361 - ENSINO FUNDAMENTAL;0003 - MANUTENÇÃO DA EDUCAÇÃO BÁSICA;2482 - REMUNERAÇÃO PESSOAL DO ENSINO FUNDAMENTAL;;3.1.90.11.11 - 3.1.90.11.11;101 - RECEITAS DE IMPOSTOS E DE TRANSFERÊNCIAS DE IMPOSTOS VINCULADOS À EDUCAÇÃO;NÃO SE APLICA;373;20200130;146120.88;0;0;146120.88;0;146120.88;0;0;0;0;0
3110004;303;02;382336;2020;7;12 - EDUCAÇÃO;361 - ENSINO FUNDAMENTAL;0019 - GESTÃO DO TRANSPORTE ESCOLAR;2042 - REMUNERAÇÃO PESSOAL TRANSPORTE ESCOLAR ENSINO FUNDAMENTAL;;3.1.90.04.99 - 3.1.90.04.99;101 - RECEITAS DE IMPOSTOS E DE TRANSFERÊNCIAS DE IMPOSTOS VINCULADOS À EDUCAÇÃO;NÃO SE APLICA;3505;20200731;1579.13;0;0;1579.13;0;1579.13;0;0;0;0;0
3110004;303;02;382336;2020;3;12 - EDUCAÇÃO;122 - ADMINISTRAÇÃO GERAL;0002 - GESTÃO DA SECRETARIA MUNICIPAL DE EDUCAÇÃO;2002 - MANUTENÇÃO DA SECRETARIA;;3.3.90.39.99 - 3.3.90.39.99;101 - RECEITAS DE IMPOSTOS E DE TRANSFERÊNCIAS DE IMPOSTOS VINCULADOS À EDUCAÇÃO;NÃO SE APLICA;26;20200102;0;0;0;10352.11;0;2463.88;0;0;0;7888.23;-10352.11
3110004;303;02;382336;2020;9;12 - EDUCAÇÃO;122 - ADMINISTRAÇÃO GERAL;0002 - GESTÃO DA SECRETARIA MUNICIPAL DE EDUCAÇÃO;2002 - MANUTENÇÃO DA SECRETARIA;;3.3.90.39.99 - 3.3.90.39.99;101 - RECEITAS DE IMPOSTOS E DE TRANSFERÊNCIAS DE IMPOSTOS VINCULADOS À EDUCAÇÃO;NÃO SE APLICA;26;20200102;0;0;0;2161.23;0;2351.7;0;0;0;-190.47;-2161.23
3110004;303;02;382336;2020;1;12 - EDUCAÇÃO;365 - EDUCAÇÃO INFANTIL;0003 - MANUTENÇÃO DA EDUCAÇÃO BÁSICA;2483 - REMUNERAÇÃO PESSOAL DA EDUCAÇÃO INFANTIL;;3.1.90.13.03 - 3.1.90.13.03;101 - RECEITAS DE IMPOSTOS E DE TRANSFERÊNCIAS DE IMPOSTOS VINCULADOS À EDUCAÇÃO;NÃO SE APLICA;490;20200130;15840.26;0;0;15840.26;0;48.62;0;0;0;15791.64;0
3110004;303;02;382336;2020;7;12 - EDUCAÇÃO;361 - ENSINO FUNDAMENTAL;0003 - MANUTENÇÃO DA EDUCAÇÃO BÁSICA;2482 - REMUNERAÇÃO PESSOAL DO ENSINO FUNDAMENTAL;;3.1.90.13.03 - 3.1.90.13.03;101 - RECEITAS DE IMPOSTOS E DE TRANSFERÊNCIAS DE IMPOSTOS VINCULADOS À EDUCAÇÃO;NÃO SE APLICA;3106;20200630;0;0;0;0;0;20282.34;0;0;0;-20282.34;0
3110004;303;02;382336;2020;12;12 - EDUCAÇÃO;361 - ENSINO FUNDAMENTAL;0003 - MANUTENÇÃO DA EDUCAÇÃO BÁSICA;2482 - REMUNERAÇÃO PESSOAL DO ENSINO FUNDAMENTAL;;3.1.90.13.01 - 3.1.90.13.01;101 - RECEITAS DE IMPOSTOS E DE TRANSFERÊNCIAS DE IMPOSTOS VINCULADOS À EDUCAÇÃO;NÃO SE APLICA;5540;20201127;0;0;0;0;0;8143.46;0;0;0;-8143.46;0
3110004;303;02;382336;2020;7;12 - EDUCAÇÃO;361 - ENSINO FUNDAMENTAL;0027 - GESTÃO DO CENTRO ESPECIALIZADO DE ATENÇÃO À CRIANÇA E AO ADOLESCENTE;2049 - MANUTENÇÃO DO CEACA;;3.1.90.11.11 - 3.1.90.11.11;101 - RECEITAS DE IMPOSTOS E DE TRANSFERÊNCIAS DE IMPOSTOS VINCULADOS À EDUCAÇÃO;NÃO SE APLICA;3508;20200731;15621.75;0;0;15621.75;0;15621.75;0;0;0;0;0
3110004;303;02;382336;2020;9;12 - EDUCAÇÃO;365 - EDUCAÇÃO INFANTIL;0003 - MANUTENÇÃO DA EDUCAÇÃO BÁSICA;2006 - MANUTENÇÃO DA EDUCAÇÃO INFANTIL;;4.4.90.52.17 - 4.4.90.52.17;101 - RECEITAS DE IMPOSTOS E DE TRANSFERÊNCIAS DE IMPOSTOS VINCULADOS À EDUCAÇÃO;NÃO SE APLICA;4366;20200917;3783;0;0;0;0;0;0;0;0;0;3783
3110004;303;02;382336;2020;7;12 - EDUCAÇÃO;361 - ENSINO FUNDAMENTAL;0003 - MANUTENÇÃO DA EDUCAÇÃO BÁSICA;2062 - MANUTENÇÃO DO ENSINO FUNDAMENTAL;;3.3.90.32.99 - 3.3.90.32.99;101 - RECEITAS DE IMPOSTOS E DE TRANSFERÊNCIAS DE IMPOSTOS VINCULADOS À EDUCAÇÃO;NÃO SE APLICA;740;20200207;0;0;0;84775.7;0;84775.7;0;0;0;0;-84775.7
3110004;303;02;382336;2020;1;12 - EDUCAÇÃO;122 - ADMINISTRAÇÃO GERAL;0002 - GESTÃO DA SECRETARIA MUNICIPAL DE EDUCAÇÃO;2001 - REMUNERAÇÃO PESSOAL DA SECRETARIA;;3.1.90.13.01 - 3.1.90.13.01;101 - RECEITAS DE IMPOSTOS E DE TRANSFERÊNCIAS DE IMPOSTOS VINCULADOS À EDUCAÇÃO;NÃO SE APLICA;479;20200130;5013.63;0;0;5013.63;0;0;0;0;0;5013.63;0
3110004;303;02;382336;2020;1;12 - EDUCAÇÃO;361 - ENSINO FUNDAMENTAL;0003 - MANUTENÇÃO DA EDUCAÇÃO BÁSICA;2329 - REMUNERAÇÃO DE ESTAGIÁRIOS;;3.3.90.36.07 - 3.3.90.36.07;101 - RECEITAS DE IMPOSTOS E DE TRANSFERÊNCIAS DE IMPOSTOS VINCULADOS À EDUCAÇÃO;NÃO SE APLICA;371;20200130;3672.67;0;0;3672.67;0;3672.67;0;0;0;0;0
3110004;303;02;382336;2020;5;12 - EDUCAÇÃO;122 - ADMINISTRAÇÃO GERAL;0002 - GESTÃO DA SECRETARIA MUNICIPAL DE EDUCAÇÃO;2001 - REMUNERAÇÃO PESSOAL DA SECRETARIA;;3.1.90.11.11 - 3.1.90.11.11;101 - RECEITAS DE IMPOSTOS E DE TRANSFERÊNCIAS DE IMPOSTOS VINCULADOS À EDUCAÇÃO;NÃO SE APLICA;2471;20200529;39489.13;0;0;39489.13;0;39489.13;0;0;0;0;0
3110004;303;02;382336;2020;5;12 - EDUCAÇÃO;361 - ENSINO FUNDAMENTAL;0003 - MANUTENÇÃO DA EDUCAÇÃO BÁSICA;1200 - CONSTRUÇÃO E REFORMA DE PRÉDIOS ESCOLARES ENSINO FUNDAMENTAL;;4.4.90.51.02 - 4.4.90.51.02;101 - RECEITAS DE IMPOSTOS E DE TRANSFERÊNCIAS DE IMPOSTOS VINCULADOS À EDUCAÇÃO;NÃO SE APLICA;2355;20200515;147195.15;0;0;0;0;0;0;0;0;0;147195.15
3110004;303;02;382336;2020;12;12 - EDUCAÇÃO;122 - ADMINISTRAÇÃO GERAL;0002 - GESTÃO DA SECRETARIA MUNICIPAL DE EDUCAÇÃO;2002 - MANUTENÇÃO DA SECRETARIA;;3.3.90.39.05 - 3.3.90.39.05;101 - RECEITAS DE IMPOSTOS E DE TRANSFERÊNCIAS DE IMPOSTOS VINCULADOS À EDUCAÇÃO;NÃO SE APLICA;3463;20200731;0;0;40;33642;0;33642;0;0;0;0;-33682
3110004;303;02;382336;2020;6;12 - EDUCAÇÃO;122 - ADMINISTRAÇÃO GERAL;0002 - GESTÃO DA SECRETARIA MUNICIPAL DE EDUCAÇÃO;2001 - REMUNERAÇÃO PESSOAL DA SECRETARIA;;3.1.90.13.03 - 3.1.90.13.03;101 - RECEITAS DE IMPOSTOS E DE TRANSFERÊNCIAS DE IMPOSTOS VINCULADOS À EDUCAÇÃO;NÃO SE APLICA;3102;20200630;8497.56;0;0;8497.56;0;0;0;0;0;8497.56;0
3110004;303;02;382336;2020;5;12 - EDUCAÇÃO;365 - EDUCAÇÃO INFANTIL;0003 - MANUTENÇÃO DA EDUCAÇÃO BÁSICA;2483 - REMUNERAÇÃO PESSOAL DA EDUCAÇÃO INFANTIL;;3.1.90.13.01 - 3.1.90.13.01;101 - RECEITAS DE IMPOSTOS E DE TRANSFERÊNCIAS DE IMPOSTOS VINCULADOS À EDUCAÇÃO;NÃO SE APLICA;2109;20200429;0;0;0;0;0;251.63;0;0;0;-251.63;0
3110004;303;02;382336;2020;10;12 - EDUCAÇÃO;122 - ADMINISTRAÇÃO GERAL;0002 - GESTÃO DA SECRETARIA MUNICIPAL DE EDUCAÇÃO;2002 - MANUTENÇÃO DA SECRETARIA;;3.3.90.14.05 - 3.3.90.14.05;101 - RECEITAS DE IMPOSTOS E DE TRANSFERÊNCIAS DE IMPOSTOS VINCULADOS À EDUCAÇÃO;NÃO SE APLICA;4924;20201026;141.6;0;0;141.6;0;0;0;0;0;141.6;0
3110004;303;02;382336;2020;1;12 - EDUCAÇÃO;361 - ENSINO FUNDAMENTAL;0003 - MANUTENÇÃO DA EDUCAÇÃO BÁSICA;2482 - REMUNERAÇÃO PESSOAL DO ENSINO FUNDAMENTAL;;3.1.90.13.03 - 3.1.90.13.03;101 - RECEITAS DE IMPOSTOS E DE TRANSFERÊNCIAS DE IMPOSTOS VINCULADOS À EDUCAÇÃO;NÃO SE APLICA;484;20200130;21627.23;0;0;21627.23;0;340.34;0;0;0;21286.89;0
3110004;303;02;382336;2020;4;12 - EDUCAÇÃO;365 - EDUCAÇÃO INFANTIL;0221 - MANUTENÇÃO DA EDUCAÇÃO BÁSICA;2407 - REMUNERAÇÃO PESSOAL EDUCAÇÃO INFANTILCRECHE;;3.1.90.11.05 - 3.1.90.11.05;101 - RECEITAS DE IMPOSTOS E DE TRANSFERÊNCIAS DE IMPOSTOS VINCULADOS À EDUCAÇÃO;NÃO SE APLICA;2004;20200429;9208.5;0;0;9208.5;0;9208.5;0;0;0;0;0
3110004;303;02;382336;2020;10;12 - EDUCAÇÃO;361 - ENSINO FUNDAMENTAL;0019 - GESTÃO DO TRANSPORTE ESCOLAR;2041 - MANUTENÇÃO TRANSPORTE ESCOLAR DO ENSINO FUNDAMENTAL;;3.3.90.39.99 - 3.3.90.39.99;101 - RECEITAS DE IMPOSTOS E DE TRANSFERÊNCIAS DE IMPOSTOS VINCULADOS À EDUCAÇÃO;NÃO SE APLICA;27;20200102;0;0;0;1047.32;0;1047.32;0;0;0;0;-1047.32
3110004;303;02;382336;2020;12;12 - EDUCAÇÃO;122 - ADMINISTRAÇÃO GERAL;0002 - GESTÃO DA SECRETARIA MUNICIPAL DE EDUCAÇÃO;2001 - REMUNERAÇÃO PESSOAL DA SECRETARIA;;3.1.90.11.11 - 3.1.90.11.11;101 - RECEITAS DE IMPOSTOS E DE TRANSFERÊNCIAS DE IMPOSTOS VINCULADOS À EDUCAÇÃO;NÃO SE APLICA;5805;20201214;27141.06;0;0;27141.06;0;27141.06;0;0;0;0;0
3110004;303;02;382336;2020;11;12 - EDUCAÇÃO;361 - ENSINO FUNDAMENTAL;0019 - GESTÃO DO TRANSPORTE ESCOLAR;2041 - MANUTENÇÃO TRANSPORTE ESCOLAR DO ENSINO FUNDAMENTAL;;3.3.90.39.57 - 3.3.90.39.57;101 - RECEITAS DE IMPOSTOS E DE TRANSFERÊNCIAS DE IMPOSTOS VINCULADOS À EDUCAÇÃO;NÃO SE APLICA;37;20200102;0;0;160675.01;0;0;0;0;0;0;0;-160675.01
3110004;303;02;382336;2020;12;12 - EDUCAÇÃO;361 - ENSINO FUNDAMENTAL;0003 - MANUTENÇÃO DA EDUCAÇÃO BÁSICA;2482 - REMUNERAÇÃO PESSOAL DO ENSINO FUNDAMENTAL;;3.1.90.11.11 - 3.1.90.11.11;101 - RECEITAS DE IMPOSTOS E DE TRANSFERÊNCIAS DE IMPOSTOS VINCULADOS À EDUCAÇÃO;NÃO SE APLICA;6136;20201228;101934.42;0;0;101934.42;0;101934.42;0;0;0;0;0
3110004;303;02;382336;2020;2;12 - EDUCAÇÃO;361 - ENSINO FUNDAMENTAL;0027 - GESTÃO DO CENTRO ESPECIALIZADO DE ATENÇÃO À CRIANÇA E AO ADOLESCENTE;2049 - MANUTENÇÃO DO CEACA;;3.1.90.13.03 - 3.1.90.13.03;101 - RECEITAS DE IMPOSTOS E DE TRANSFERÊNCIAS DE IMPOSTOS VINCULADOS À EDUCAÇÃO;NÃO SE APLICA;488;20200130;0;0;0;0;0;2909.46;0;0;0;-2909.46;0
3110004;303;02;382336;2020;11;12 - EDUCAÇÃO;361 - ENSINO FUNDAMENTAL;0019 - GESTÃO DO TRANSPORTE ESCOLAR;2042 - REMUNERAÇÃO PESSOAL TRANSPORTE ESCOLAR ENSINO FUNDAMENTAL;;3.1.90.16.00 - 3.1.90.16.00;101 - RECEITAS DE IMPOSTOS E DE TRANSFERÊNCIAS DE IMPOSTOS VINCULADOS À EDUCAÇÃO;NÃO SE APLICA;5426;20201127;241.25;0;0;241.25;0;241.25;0;0;0;0;0
3110004;303;02;382336;2020;10;12 - EDUCAÇÃO;361 - ENSINO FUNDAMENTAL;0003 - MANUTENÇÃO DA EDUCAÇÃO BÁSICA;2482 - REMUNERAÇÃO PESSOAL DO ENSINO FUNDAMENTAL;;3.1.90.13.01 - 3.1.90.13.01;101 - RECEITAS DE IMPOSTOS E DE TRANSFERÊNCIAS DE IMPOSTOS VINCULADOS À EDUCAÇÃO;NÃO SE APLICA;4646;20200930;0;0;0;0;0;8166.12;0;0;0;-8166.12;0
3110004;303;02;382336;2020;3;12 - EDUCAÇÃO;365 - EDUCAÇÃO INFANTIL;0003 - MANUTENÇÃO DA EDUCAÇÃO BÁSICA;2006 - MANUTENÇÃO DA EDUCAÇÃO INFANTIL;;3.3.90.32.99 - 3.3.90.32.99;101 - RECEITAS DE IMPOSTOS E DE TRANSFERÊNCIAS DE IMPOSTOS VINCULADOS À EDUCAÇÃO;NÃO SE APLICA;1328;20200309;55206.9;0;0;55206.9;0;55206.9;0;0;0;0;0
3110004;303;02;382336;2020;11;12 - EDUCAÇÃO;366 - EDUCAÇÃO DE JOVENS E ADULTOS;0003 - MANUTENÇÃO DA EDUCAÇÃO BÁSICA;1407 - MANUTENÇÃO DO PROGRAMA DE EDUCAÇÃO PARA JOVENS E ADULTOS;;3.3.90.32.99 - 3.3.90.32.99;101 - RECEITAS DE IMPOSTOS E DE TRANSFERÊNCIAS DE IMPOSTOS VINCULADOS À EDUCAÇÃO;NÃO SE APLICA;5674;20201130;7188.63;0;0;0;0;0;0;0;0;0;7188.63
3110004;303;02;382336;2020;2;12 - EDUCAÇÃO;361 - ENSINO FUNDAMENTAL;0019 - GESTÃO DO TRANSPORTE ESCOLAR;2042 - REMUNERAÇÃO PESSOAL TRANSPORTE ESCOLAR ENSINO FUNDAMENTAL;;3.1.90.13.03 - 3.1.90.13.03;101 - RECEITAS DE IMPOSTOS E DE TRANSFERÊNCIAS DE IMPOSTOS VINCULADOS À EDUCAÇÃO;NÃO SE APLICA;486;20200130;0;0;0;0;0;1550.19;0;0;0;-1550.19;0
3110004;303;02;382336;2020;7;12 - EDUCAÇÃO;122 - ADMINISTRAÇÃO GERAL;0002 - GESTÃO DA SECRETARIA MUNICIPAL DE EDUCAÇÃO;2002 - MANUTENÇÃO DA SECRETARIA;;3.3.90.14.05 - 3.3.90.14.05;101 - RECEITAS DE IMPOSTOS E DE TRANSFERÊNCIAS DE IMPOSTOS VINCULADOS À EDUCAÇÃO;NÃO SE APLICA;3703;20200731;424.8;0;0;424.8;0;0;0;0;0;424.8;0
3110004;303;02;382336;2020;6;12 - EDUCAÇÃO;365 - EDUCAÇÃO INFANTIL;0221 - MANUTENÇÃO DA EDUCAÇÃO BÁSICA;2407 - REMUNERAÇÃO PESSOAL EDUCAÇÃO INFANTILCRECHE;;3.1.90.13.03 - 3.1.90.13.03;101 - RECEITAS DE IMPOSTOS E DE TRANSFERÊNCIAS DE IMPOSTOS VINCULADOS À EDUCAÇÃO;NÃO SE APLICA;3114;20200630;3018.28;0;0;3018.28;0;48.62;0;0;0;2969.66;0
3110004;303;02;382336;2020;8;12 - EDUCAÇÃO;361 - ENSINO FUNDAMENTAL;0019 - GESTÃO DO TRANSPORTE ESCOLAR;2042 - REMUNERAÇÃO PESSOAL TRANSPORTE ESCOLAR ENSINO FUNDAMENTAL;;3.1.90.13.03 - 3.1.90.13.03;101 - RECEITAS DE IMPOSTOS E DE TRANSFERÊNCIAS DE IMPOSTOS VINCULADOS À EDUCAÇÃO;NÃO SE APLICA;4101;20200828;1283.85;0;0;1283.85;0;0;0;0;0;1283.85;0
3110004;303;02;382336;2020;3;12 - EDUCAÇÃO;361 - ENSINO FUNDAMENTAL;0019 - GESTÃO DO TRANSPORTE ESCOLAR;2042 - REMUNERAÇÃO PESSOAL TRANSPORTE ESCOLAR ENSINO FUNDAMENTAL;;3.1.90.11.11 - 3.1.90.11.11;101 - RECEITAS DE IMPOSTOS E DE TRANSFERÊNCIAS DE IMPOSTOS VINCULADOS À EDUCAÇÃO;NÃO SE APLICA;1527;20200327;3211.46;0;0;3211.46;0;3211.46;0;0;0;0;0
3110004;303;02;382336;2020;9;12 - EDUCAÇÃO;361 - ENSINO FUNDAMENTAL;0019 - GESTÃO DO TRANSPORTE ESCOLAR;2041 - MANUTENÇÃO TRANSPORTE ESCOLAR DO ENSINO FUNDAMENTAL;;3.3.90.39.57 - 3.3.90.39.57;101 - RECEITAS DE IMPOSTOS E DE TRANSFERÊNCIAS DE IMPOSTOS VINCULADOS À EDUCAÇÃO;NÃO SE APLICA;37;20200102;0;0;100000;0;0;0;0;0;0;0;-100000
3110004;303;02;382336;2020;9;12 - EDUCAÇÃO;361 - ENSINO FUNDAMENTAL;0003 - MANUTENÇÃO DA EDUCAÇÃO BÁSICA;2329 - REMUNERAÇÃO DE ESTAGIÁRIOS;;3.3.90.36.07 - 3.3.90.36.07;101 - RECEITAS DE IMPOSTOS E DE TRANSFERÊNCIAS DE IMPOSTOS VINCULADOS À EDUCAÇÃO;NÃO SE APLICA;4529;20200930;32867.42;0;0;32867.42;0;32867.42;0;0;0;0;0
3110004;303;02;382336;2020;1;12 - EDUCAÇÃO;365 - EDUCAÇÃO INFANTIL;0221 - MANUTENÇÃO DA EDUCAÇÃO BÁSICA;2407 - REMUNERAÇÃO PESSOAL EDUCAÇÃO INFANTILCRECHE;;3.1.90.13.03 - 3.1.90.13.03;101 - RECEITAS DE IMPOSTOS E DE TRANSFERÊNCIAS DE IMPOSTOS VINCULADOS À EDUCAÇÃO;NÃO SE APLICA;492;20200130;2875.42;0;0;2875.42;0;0;0;0;0;2875.42;0
3110004;303;02;382336;2020;3;12 - EDUCAÇÃO;361 - ENSINO FUNDAMENTAL;0003 - MANUTENÇÃO DA EDUCAÇÃO BÁSICA;2482 - REMUNERAÇÃO PESSOAL DO ENSINO FUNDAMENTAL;;3.1.90.16.00 - 3.1.90.16.00;101 - RECEITAS DE IMPOSTOS E DE TRANSFERÊNCIAS DE IMPOSTOS VINCULADOS À EDUCAÇÃO;NÃO SE APLICA;1525;20200327;351.48;0;0;351.48;0;351.48;0;0;0;0;0
3110004;303;02;382336;2020;8;12 - EDUCAÇÃO;361 - ENSINO FUNDAMENTAL;0003 - MANUTENÇÃO DA EDUCAÇÃO BÁSICA;2329 - REMUNERAÇÃO DE ESTAGIÁRIOS;;3.3.90.36.07 - 3.3.90.36.07;101 - RECEITAS DE IMPOSTOS E DE TRANSFERÊNCIAS DE IMPOSTOS VINCULADOS À EDUCAÇÃO;NÃO SE APLICA;3982;20200828;35717.79;0;0;35717.79;0;35717.79;0;0;0;0;0
3110004;303;02;382336;2020;2;12 - EDUCAÇÃO;361 - ENSINO FUNDAMENTAL;0003 - MANUTENÇÃO DA EDUCAÇÃO BÁSICA;2482 - REMUNERAÇÃO PESSOAL DO ENSINO FUNDAMENTAL;;3.1.90.11.11 - 3.1.90.11.11;101 - RECEITAS DE IMPOSTOS E DE TRANSFERÊNCIAS DE IMPOSTOS VINCULADOS À EDUCAÇÃO;NÃO SE APLICA;1036;20200221;71630.03;0;0;71630.03;0;71630.03;0;0;0;0;0
3110004;303;02;382336;2020;6;12 - EDUCAÇÃO;365 - EDUCAÇÃO INFANTIL;0003 - MANUTENÇÃO DA EDUCAÇÃO BÁSICA;2483 - REMUNERAÇÃO PESSOAL DA EDUCAÇÃO INFANTIL;;3.1.90.11.11 - 3.1.90.11.11;101 - RECEITAS DE IMPOSTOS E DE TRANSFERÊNCIAS DE IMPOSTOS VINCULADOS À EDUCAÇÃO;NÃO SE APLICA;2998;20200630;1304.97;0;0;1304.97;0;1304.97;0;0;0;0;0
3110004;303;02;382336;2020;12;12 - EDUCAÇÃO;365 - EDUCAÇÃO INFANTIL;0003 - MANUTENÇÃO DA EDUCAÇÃO BÁSICA;2483 - REMUNERAÇÃO PESSOAL DA EDUCAÇÃO INFANTIL;;3.1.90.13.03 - 3.1.90.13.03;101 - RECEITAS DE IMPOSTOS E DE TRANSFERÊNCIAS DE IMPOSTOS VINCULADOS À EDUCAÇÃO;NÃO SE APLICA;6260;20201228;273.59;0;0;273.59;0;273.59;0;0;0;0;0
3110004;303;02;382336;2020;7;12 - EDUCAÇÃO;361 - ENSINO FUNDAMENTAL;0019 - GESTÃO DO TRANSPORTE ESCOLAR;2042 - REMUNERAÇÃO PESSOAL TRANSPORTE ESCOLAR ENSINO FUNDAMENTAL;;3.1.90.13.01 - 3.1.90.13.01;101 - RECEITAS DE IMPOSTOS E DE TRANSFERÊNCIAS DE IMPOSTOS VINCULADOS À EDUCAÇÃO;NÃO SE APLICA;3620;20200731;264.04;0;0;264.04;0;0;0;0;0;264.04;0
3110004;303;02;382336;2020;12;12 - EDUCAÇÃO;365 - EDUCAÇÃO INFANTIL;0003 - MANUTENÇÃO DA EDUCAÇÃO BÁSICA;2006 - MANUTENÇÃO DA EDUCAÇÃO INFANTIL;;3.3.90.30.24 - 3.3.90.30.24;101 - RECEITAS DE IMPOSTOS E DE TRANSFERÊNCIAS DE IMPOSTOS VINCULADOS À EDUCAÇÃO;NÃO SE APLICA;6085;20201221;334.4;0;0;334.4;0;334.4;0;0;0;0;0
3110004;303;02;382336;2020;12;12 - EDUCAÇÃO;365 - EDUCAÇÃO INFANTIL;0003 - MANUTENÇÃO DA EDUCAÇÃO BÁSICA;2483 - REMUNERAÇÃO PESSOAL DA EDUCAÇÃO INFANTIL;;3.1.90.11.11 - 3.1.90.11.11;101 - RECEITAS DE IMPOSTOS E DE TRANSFERÊNCIAS DE IMPOSTOS VINCULADOS À EDUCAÇÃO;NÃO SE APLICA;6141;20201228;1304.97;0;0;1304.97;0;1304.97;0;0;0;0;0
3110004;303;02;382336;2020;10;12 - EDUCAÇÃO;122 - ADMINISTRAÇÃO GERAL;0002 - GESTÃO DA SECRETARIA MUNICIPAL DE EDUCAÇÃO;2002 - MANUTENÇÃO DA SECRETARIA;;3.3.90.14.05 - 3.3.90.14.05;101 - RECEITAS DE IMPOSTOS E DE TRANSFERÊNCIAS DE IMPOSTOS VINCULADOS À EDUCAÇÃO;NÃO SE APLICA;4905;20201023;141.6;0;0;141.6;0;141.6;0;0;0;0;0
3110004;303;02;382336;2020;1;12 - EDUCAÇÃO;361 - ENSINO FUNDAMENTAL;0019 - GESTÃO DO TRANSPORTE ESCOLAR;2042 - REMUNERAÇÃO PESSOAL TRANSPORTE ESCOLAR ENSINO FUNDAMENTAL;;3.1.90.13.03 - 3.1.90.13.03;101 - RECEITAS DE IMPOSTOS E DE TRANSFERÊNCIAS DE IMPOSTOS VINCULADOS À EDUCAÇÃO;NÃO SE APLICA;486;20200130;1550.19;0;0;1550.19;0;0;0;0;0;1550.19;0
3110004;303;02;382336;2020;10;12 - EDUCAÇÃO;361 - ENSINO FUNDAMENTAL;0003 - MANUTENÇÃO DA EDUCAÇÃO BÁSICA;2329 - REMUNERAÇÃO DE ESTAGIÁRIOS;;3.3.90.36.07 - 3.3.90.36.07;101 - RECEITAS DE IMPOSTOS E DE TRANSFERÊNCIAS DE IMPOSTOS VINCULADOS À EDUCAÇÃO;NÃO SE APLICA;5009;20201029;30688.5;0;0;30688.5;0;30688.5;0;0;0;0;0
3110004;303;02;382336;2020;8;12 - EDUCAÇÃO;122 - ADMINISTRAÇÃO GERAL;0002 - GESTÃO DA SECRETARIA MUNICIPAL DE EDUCAÇÃO;2002 - MANUTENÇÃO DA SECRETARIA;;3.3.90.49.00 - 3.3.90.49.00;101 - RECEITAS DE IMPOSTOS E DE TRANSFERÊNCIAS DE IMPOSTOS VINCULADOS À EDUCAÇÃO;NÃO SE APLICA;218;20200120;0;0;0;632;0;632;0;0;0;0;-632
3110004;303;02;382336;2020;3;12 - EDUCAÇÃO;365 - EDUCAÇÃO INFANTIL;0221 - MANUTENÇÃO DA EDUCAÇÃO BÁSICA;2407 - REMUNERAÇÃO PESSOAL EDUCAÇÃO INFANTILCRECHE;;3.1.90.13.01 - 3.1.90.13.01;101 - RECEITAS DE IMPOSTOS E DE TRANSFERÊNCIAS DE IMPOSTOS VINCULADOS À EDUCAÇÃO;NÃO SE APLICA;1639;20200327;1145.97;0;0;1145.97;0;0;0;0;0;1145.97;0
3110004;303;02;382336;2020;8;12 - EDUCAÇÃO;361 - ENSINO FUNDAMENTAL;0019 - GESTÃO DO TRANSPORTE ESCOLAR;2042 - REMUNERAÇÃO PESSOAL TRANSPORTE ESCOLAR ENSINO FUNDAMENTAL;;3.1.90.13.01 - 3.1.90.13.01;101 - RECEITAS DE IMPOSTOS E DE TRANSFERÊNCIAS DE IMPOSTOS VINCULADOS À EDUCAÇÃO;NÃO SE APLICA;4100;20200828;262.02;0;0;262.02;0;0;0;0;0;262.02;0
3110004;303;02;382336;2020;12;12 - EDUCAÇÃO;361 - ENSINO FUNDAMENTAL;0003 - MANUTENÇÃO DA EDUCAÇÃO BÁSICA;2482 - REMUNERAÇÃO PESSOAL DO ENSINO FUNDAMENTAL;;3.1.90.13.03 - 3.1.90.13.03;101 - RECEITAS DE IMPOSTOS E DE TRANSFERÊNCIAS DE IMPOSTOS VINCULADOS À EDUCAÇÃO;NÃO SE APLICA;5901;20201214;22214.09;0;0;22214.09;0;22214.09;0;0;0;0;0
3110004;303;02;382336;2020;10;12 - EDUCAÇÃO;365 - EDUCAÇÃO INFANTIL;0221 - MANUTENÇÃO DA EDUCAÇÃO BÁSICA;2407 - REMUNERAÇÃO PESSOAL EDUCAÇÃO INFANTILCRECHE;;3.1.90.11.11 - 3.1.90.11.11;101 - RECEITAS DE IMPOSTOS E DE TRANSFERÊNCIAS DE IMPOSTOS VINCULADOS À EDUCAÇÃO;NÃO SE APLICA;5017;20201029;5991.16;0;0;5991.16;0;5991.16;0;0;0;0;0
3110004;303;02;382336;2020;11;12 - EDUCAÇÃO;122 - ADMINISTRAÇÃO GERAL;0002 - GESTÃO DA SECRETARIA MUNICIPAL DE EDUCAÇÃO;2001 - REMUNERAÇÃO PESSOAL DA SECRETARIA;;3.1.90.13.03 - 3.1.90.13.03;101 - RECEITAS DE IMPOSTOS E DE TRANSFERÊNCIAS DE IMPOSTOS VINCULADOS À EDUCAÇÃO;NÃO SE APLICA;5537;20201127;8926.71;0;0;8926.71;0;2000.49;0;0;0;6926.22;0
3110004;303;02;382336;2020;8;12 - EDUCAÇÃO;365 - EDUCAÇÃO INFANTIL;0003 - MANUTENÇÃO DA EDUCAÇÃO BÁSICA;2006 - MANUTENÇÃO DA EDUCAÇÃO INFANTIL;;3.3.90.32.99 - 3.3.90.32.99;101 - RECEITAS DE IMPOSTOS E DE TRANSFERÊNCIAS DE IMPOSTOS VINCULADOS À EDUCAÇÃO;NÃO SE APLICA;741;20200207;0;0;0;38735;0;0;0;0;0;38735;-38735
3110004;303;02;382336;2020;2;12 - EDUCAÇÃO;365 - EDUCAÇÃO INFANTIL;0221 - MANUTENÇÃO DA EDUCAÇÃO BÁSICA;2407 - REMUNERAÇÃO PESSOAL EDUCAÇÃO INFANTILCRECHE;;3.1.90.13.01 - 3.1.90.13.01;101 - RECEITAS DE IMPOSTOS E DE TRANSFERÊNCIAS DE IMPOSTOS VINCULADOS À EDUCAÇÃO;NÃO SE APLICA;1153;20200221;1097.16;0;0;1097.16;0;0;0;0;0;1097.16;0
3110004;303;02;382336;2020;9;12 - EDUCAÇÃO;365 - EDUCAÇÃO INFANTIL;0003 - MANUTENÇÃO DA EDUCAÇÃO BÁSICA;2006 - MANUTENÇÃO DA EDUCAÇÃO INFANTIL;;4.4.90.52.24 - 4.4.90.52.24;101 - RECEITAS DE IMPOSTOS E DE TRANSFERÊNCIAS DE IMPOSTOS VINCULADOS À EDUCAÇÃO;NÃO SE APLICA;4363;20200917;50609.72;0;0;0;0;0;0;0;0;0;50609.72
3110004;303;02;382336;2020;10;12 - EDUCAÇÃO;365 - EDUCAÇÃO INFANTIL;0221 - MANUTENÇÃO DA EDUCAÇÃO BÁSICA;2407 - REMUNERAÇÃO PESSOAL EDUCAÇÃO INFANTILCRECHE;;3.1.90.13.01 - 3.1.90.13.01;101 - RECEITAS DE IMPOSTOS E DE TRANSFERÊNCIAS DE IMPOSTOS VINCULADOS À EDUCAÇÃO;NÃO SE APLICA;5133;20201029;1151.65;0;0;1151.65;0;0;0;0;0;1151.65;0
3110004;303;02;382336;2020;11;12 - EDUCAÇÃO;361 - ENSINO FUNDAMENTAL;0003 - MANUTENÇÃO DA EDUCAÇÃO BÁSICA;2482 - REMUNERAÇÃO PESSOAL DO ENSINO FUNDAMENTAL;;3.1.90.04.99 - 3.1.90.04.99;101 - RECEITAS DE IMPOSTOS E DE TRANSFERÊNCIAS DE IMPOSTOS VINCULADOS À EDUCAÇÃO;NÃO SE APLICA;5422;20201127;4515.98;0;0;4515.98;0;4515.98;0;0;0;0;0
3110004;303;02;382336;2020;3;12 - EDUCAÇÃO;361 - ENSINO FUNDAMENTAL;0003 - MANUTENÇÃO DA EDUCAÇÃO BÁSICA;2062 - MANUTENÇÃO DO ENSINO FUNDAMENTAL;;3.3.90.32.99 - 3.3.90.32.99;101 - RECEITAS DE IMPOSTOS E DE TRANSFERÊNCIAS DE IMPOSTOS VINCULADOS À EDUCAÇÃO;NÃO SE APLICA;740;20200207;0;0;0;2868.1;0;0;0;0;0;2868.1;-2868.1
3110004;303;02;382336;2020;8;12 - EDUCAÇÃO;122 - ADMINISTRAÇÃO GERAL;0002 - GESTÃO DA SECRETARIA MUNICIPAL DE EDUCAÇÃO;2002 - MANUTENÇÃO DA SECRETARIA;;3.3.90.14.05 - 3.3.90.14.05;101 - RECEITAS DE IMPOSTOS E DE TRANSFERÊNCIAS DE IMPOSTOS VINCULADOS À EDUCAÇÃO;NÃO SE APLICA;3702;20200731;0;0;0;0;0;424.8;0;0;0;-424.8;0
3110004;303;02;382336;2020;11;12 - EDUCAÇÃO;365 - EDUCAÇÃO INFANTIL;0221 - MANUTENÇÃO DA EDUCAÇÃO BÁSICA;2407 - REMUNERAÇÃO PESSOAL EDUCAÇÃO INFANTILCRECHE;;3.1.90.13.03 - 3.1.90.13.03;101 - RECEITAS DE IMPOSTOS E DE TRANSFERÊNCIAS DE IMPOSTOS VINCULADOS À EDUCAÇÃO;NÃO SE APLICA;5134;20201029;0;0;0;0;0;2969.67;0;0;0;-2969.67;0
3110004;303;02;382336;2020;3;12 - EDUCAÇÃO;365 - EDUCAÇÃO INFANTIL;0003 - MANUTENÇÃO DA EDUCAÇÃO BÁSICA;2006 - MANUTENÇÃO DA EDUCAÇÃO INFANTIL;;3.3.90.30.22 - 3.3.90.30.22;101 - RECEITAS DE IMPOSTOS E DE TRANSFERÊNCIAS DE IMPOSTOS VINCULADOS À EDUCAÇÃO;NÃO SE APLICA;1243;20200228;0;0;0;4353;0;4353;0;0;0;0;-4353
3110004;303;02;382336;2020;4;12 - EDUCAÇÃO;365 - EDUCAÇÃO INFANTIL;0221 - MANUTENÇÃO DA EDUCAÇÃO BÁSICA;2407 - REMUNERAÇÃO PESSOAL EDUCAÇÃO INFANTILCRECHE;;3.1.90.13.01 - 3.1.90.13.01;101 - RECEITAS DE IMPOSTOS E DE TRANSFERÊNCIAS DE IMPOSTOS VINCULADOS À EDUCAÇÃO;NÃO SE APLICA;1639;20200327;0;0;0;0;0;1145.97;0;0;0;-1145.97;0
3110004;303;02;382336;2020;9;12 - EDUCAÇÃO;361 - ENSINO FUNDAMENTAL;0003 - MANUTENÇÃO DA EDUCAÇÃO BÁSICA;2482 - REMUNERAÇÃO PESSOAL DO ENSINO FUNDAMENTAL;;3.1.90.13.01 - 3.1.90.13.01;101 - RECEITAS DE IMPOSTOS E DE TRANSFERÊNCIAS DE IMPOSTOS VINCULADOS À EDUCAÇÃO;NÃO SE APLICA;4098;20200828;0;0;0;0;0;8151.15;0;0;0;-8151.15;0
3110004;303;02;382336;2020;12;12 - EDUCAÇÃO;361 - ENSINO FUNDAMENTAL;0003 - MANUTENÇÃO DA EDUCAÇÃO BÁSICA;1200 - CONSTRUÇÃO E REFORMA DE PRÉDIOS ESCOLARES ENSINO FUNDAMENTAL;;4.4.90.51.02 - 4.4.90.51.02;101 - RECEITAS DE IMPOSTOS E DE TRANSFERÊNCIAS DE IMPOSTOS VINCULADOS À EDUCAÇÃO;NÃO SE APLICA;5974;20201216;37806.59;0;0;37806.59;0;37806.59;0;0;0;0;0
3110004;303;02;382336;2020;2;12 - EDUCAÇÃO;365 - EDUCAÇÃO INFANTIL;0003 - MANUTENÇÃO DA EDUCAÇÃO BÁSICA;2483 - REMUNERAÇÃO PESSOAL DA EDUCAÇÃO INFANTIL;;3.1.90.13.03 - 3.1.90.13.03;101 - RECEITAS DE IMPOSTOS E DE TRANSFERÊNCIAS DE IMPOSTOS VINCULADOS À EDUCAÇÃO;NÃO SE APLICA;490;20200130;0;0;0;0;0;15791.64;0;0;0;-15791.64;0
3110004;303;02;382336;2020;6;12 - EDUCAÇÃO;122 - ADMINISTRAÇÃO GERAL;0002 - GESTÃO DA SECRETARIA MUNICIPAL DE EDUCAÇÃO;2002 - MANUTENÇÃO DA SECRETARIA;;3.3.90.14.05 - 3.3.90.14.05;101 - RECEITAS DE IMPOSTOS E DE TRANSFERÊNCIAS DE IMPOSTOS VINCULADOS À EDUCAÇÃO;NÃO SE APLICA;2787;20200610;141.6;0;0;141.6;0;141.6;0;0;0;0;0
3110004;303;02;382336;2020;9;12 - EDUCAÇÃO;361 - ENSINO FUNDAMENTAL;0003 - MANUTENÇÃO DA EDUCAÇÃO BÁSICA;2482 - REMUNERAÇÃO PESSOAL DO ENSINO FUNDAMENTAL;;3.1.90.04.99 - 3.1.90.04.99;101 - RECEITAS DE IMPOSTOS E DE TRANSFERÊNCIAS DE IMPOSTOS VINCULADOS À EDUCAÇÃO;NÃO SE APLICA;4530;20200930;5614.37;0;0;5614.37;0;5614.37;0;0;0;0;0
3110004;303;02;382336;2020;3;12 - EDUCAÇÃO;366 - EDUCAÇÃO DE JOVENS E ADULTOS;0003 - MANUTENÇÃO DA EDUCAÇÃO BÁSICA;1407 - MANUTENÇÃO DO PROGRAMA DE EDUCAÇÃO PARA JOVENS E ADULTOS;;3.3.90.32.99 - 3.3.90.32.99;101 - RECEITAS DE IMPOSTOS E DE TRANSFERÊNCIAS DE IMPOSTOS VINCULADOS À EDUCAÇÃO;NÃO SE APLICA;912;20200218;0;0;0;6523.95;0;6523.95;0;0;0;0;-6523.95
3110004;303;02;382336;2020;4;12 - EDUCAÇÃO;365 - EDUCAÇÃO INFANTIL;0221 - MANUTENÇÃO DA EDUCAÇÃO BÁSICA;2407 - REMUNERAÇÃO PESSOAL EDUCAÇÃO INFANTILCRECHE;;3.1.90.13.03 - 3.1.90.13.03;101 - RECEITAS DE IMPOSTOS E DE TRANSFERÊNCIAS DE IMPOSTOS VINCULADOS À EDUCAÇÃO;NÃO SE APLICA;2112;20200429;3353.18;0;0;3353.18;0;48.62;0;0;0;3304.56;0
3110004;303;02;382336;2020;3;12 - EDUCAÇÃO;361 - ENSINO FUNDAMENTAL;0003 - MANUTENÇÃO DA EDUCAÇÃO BÁSICA;2482 - REMUNERAÇÃO PESSOAL DO ENSINO FUNDAMENTAL;;3.1.90.13.01 - 3.1.90.13.01;101 - RECEITAS DE IMPOSTOS E DE TRANSFERÊNCIAS DE IMPOSTOS VINCULADOS À EDUCAÇÃO;NÃO SE APLICA;1145;20200221;0;0;0;0;0;7926.75;0;0;0;-7926.75;0
3110004;303;02;382336;2020;12;12 - EDUCAÇÃO;361 - ENSINO FUNDAMENTAL;0003 - MANUTENÇÃO DA EDUCAÇÃO BÁSICA;2062 - MANUTENÇÃO DO ENSINO FUNDAMENTAL;;3.3.90.39.60 - 3.3.90.39.60;101 - RECEITAS DE IMPOSTOS E DE TRANSFERÊNCIAS DE IMPOSTOS VINCULADOS À EDUCAÇÃO;NÃO SE APLICA;5359;20201123;0;0;0;3589.96;0;3589.96;0;0;0;0;-3589.96
3110004;303;02;382336;2020;3;12 - EDUCAÇÃO;365 - EDUCAÇÃO INFANTIL;0003 - MANUTENÇÃO DA EDUCAÇÃO BÁSICA;2006 - MANUTENÇÃO DA EDUCAÇÃO INFANTIL;;3.3.90.32.99 - 3.3.90.32.99;101 - RECEITAS DE IMPOSTOS E DE TRANSFERÊNCIAS DE IMPOSTOS VINCULADOS À EDUCAÇÃO;NÃO SE APLICA;741;20200207;0;0;0;4331;0;0;0;0;0;4331;-4331
3110004;303;02;382336;2020;9;12 - EDUCAÇÃO;361 - ENSINO FUNDAMENTAL;0027 - GESTÃO DO CENTRO ESPECIALIZADO DE ATENÇÃO À CRIANÇA E AO ADOLESCENTE;2049 - MANUTENÇÃO DO CEACA;;3.1.90.13.03 - 3.1.90.13.03;101 - RECEITAS DE IMPOSTOS E DE TRANSFERÊNCIAS DE IMPOSTOS VINCULADOS À EDUCAÇÃO;NÃO SE APLICA;4651;20200930;3275.35;0;0;3275.35;0;0;0;0;0;3275.35;0
3110004;303;02;382336;2020;8;12 - EDUCAÇÃO;122 - ADMINISTRAÇÃO GERAL;0002 - GESTÃO DA SECRETARIA MUNICIPAL DE EDUCAÇÃO;2001 - REMUNERAÇÃO PESSOAL DA SECRETARIA;;3.1.90.13.01 - 3.1.90.13.01;101 - RECEITAS DE IMPOSTOS E DE TRANSFERÊNCIAS DE IMPOSTOS VINCULADOS À EDUCAÇÃO;NÃO SE APLICA;4094;20200828;3439.86;0;0;3439.86;0;0;0;0;0;3439.86;0
3110004;303;02;382336;2020;5;12 - EDUCAÇÃO;361 - ENSINO FUNDAMENTAL;0003 - MANUTENÇÃO DA EDUCAÇÃO BÁSICA;2482 - REMUNERAÇÃO PESSOAL DO ENSINO FUNDAMENTAL;;3.1.90.16.00 - 3.1.90.16.00;101 - RECEITAS DE IMPOSTOS E DE TRANSFERÊNCIAS DE IMPOSTOS VINCULADOS À EDUCAÇÃO;NÃO SE APLICA;2479;20200529;234.81;0;0;234.81;0;234.81;0;0;0;0;0
3110004;303;02;382336;2020;8;12 - EDUCAÇÃO;365 - EDUCAÇÃO INFANTIL;0221 - MANUTENÇÃO DA EDUCAÇÃO BÁSICA;2407 - REMUNERAÇÃO PESSOAL EDUCAÇÃO INFANTILCRECHE;;3.1.90.11.11 - 3.1.90.11.11;101 - RECEITAS DE IMPOSTOS E DE TRANSFERÊNCIAS DE IMPOSTOS VINCULADOS À EDUCAÇÃO;NÃO SE APLICA;3992;20200828;5991.16;0;0;5991.16;0;5991.16;0;0;0;0;0
3110004;303;02;382336;2020;5;12 - EDUCAÇÃO;361 - ENSINO FUNDAMENTAL;0027 - GESTÃO DO CENTRO ESPECIALIZADO DE ATENÇÃO À CRIANÇA E AO ADOLESCENTE;2049 - MANUTENÇÃO DO CEACA;;3.1.90.13.03 - 3.1.90.13.03;101 - RECEITAS DE IMPOSTOS E DE TRANSFERÊNCIAS DE IMPOSTOS VINCULADOS À EDUCAÇÃO;NÃO SE APLICA;2108;20200429;0;0;0;0;0;3275.35;0;0;0;-3275.35;0
3110004;303;02;382336;2020;11;12 - EDUCAÇÃO;365 - EDUCAÇÃO INFANTIL;0003 - MANUTENÇÃO DA EDUCAÇÃO BÁSICA;2483 - REMUNERAÇÃO PESSOAL DA EDUCAÇÃO INFANTIL;;3.1.90.13.01 - 3.1.90.13.01;101 - RECEITAS DE IMPOSTOS E DE TRANSFERÊNCIAS DE IMPOSTOS VINCULADOS À EDUCAÇÃO;NÃO SE APLICA;5546;20201127;104.4;0;0;104.4;0;0;0;0;0;104.4;0
3110004;303;02;382336;2020;3;12 - EDUCAÇÃO;122 - ADMINISTRAÇÃO GERAL;0002 - GESTÃO DA SECRETARIA MUNICIPAL DE EDUCAÇÃO;2001 - REMUNERAÇÃO PESSOAL DA SECRETARIA;;3.1.90.13.03 - 3.1.90.13.03;101 - RECEITAS DE IMPOSTOS E DE TRANSFERÊNCIAS DE IMPOSTOS VINCULADOS À EDUCAÇÃO;NÃO SE APLICA;1628;20200327;14366.35;0;0;14366.35;0;437.58;0;0;0;13928.77;0
3110004;303;02;382336;2020;11;12 - EDUCAÇÃO;365 - EDUCAÇÃO INFANTIL;0221 - MANUTENÇÃO DA EDUCAÇÃO BÁSICA;2407 - REMUNERAÇÃO PESSOAL EDUCAÇÃO INFANTILCRECHE;;3.1.90.13.01 - 3.1.90.13.01;101 - RECEITAS DE IMPOSTOS E DE TRANSFERÊNCIAS DE IMPOSTOS VINCULADOS À EDUCAÇÃO;NÃO SE APLICA;5548;20201127;1151.65;0;0;1151.65;0;0;0;0;0;1151.65;0
3110004;303;02;382336;2020;4;12 - EDUCAÇÃO;361 - ENSINO FUNDAMENTAL;0027 - GESTÃO DO CENTRO ESPECIALIZADO DE ATENÇÃO À CRIANÇA E AO ADOLESCENTE;2049 - MANUTENÇÃO DO CEACA;;3.1.90.11.11 - 3.1.90.11.11;101 - RECEITAS DE IMPOSTOS E DE TRANSFERÊNCIAS DE IMPOSTOS VINCULADOS À EDUCAÇÃO;NÃO SE APLICA;2001;20200429;15621.75;0;0;15621.75;0;15621.75;0;0;0;0;0
3110004;303;02;382336;2020;8;12 - EDUCAÇÃO;365 - EDUCAÇÃO INFANTIL;0003 - MANUTENÇÃO DA EDUCAÇÃO BÁSICA;2483 - REMUNERAÇÃO PESSOAL DA EDUCAÇÃO INFANTIL;;3.1.90.13.01 - 3.1.90.13.01;101 - RECEITAS DE IMPOSTOS E DE TRANSFERÊNCIAS DE IMPOSTOS VINCULADOS À EDUCAÇÃO;NÃO SE APLICA;4104;20200828;104.4;0;0;104.4;0;0;0;0;0;104.4;0
3110004;303;02;382336;2020;5;12 - EDUCAÇÃO;361 - ENSINO FUNDAMENTAL;0003 - MANUTENÇÃO DA EDUCAÇÃO BÁSICA;2482 - REMUNERAÇÃO PESSOAL DO ENSINO FUNDAMENTAL;;3.1.90.04.99 - 3.1.90.04.99;101 - RECEITAS DE IMPOSTOS E DE TRANSFERÊNCIAS DE IMPOSTOS VINCULADOS À EDUCAÇÃO;NÃO SE APLICA;2477;20200529;6733.51;0;0;6733.51;0;6733.51;0;0;0;0;0
3110004;303;02;382336;2020;2;12 - EDUCAÇÃO;361 - ENSINO FUNDAMENTAL;0027 - GESTÃO DO CENTRO ESPECIALIZADO DE ATENÇÃO À CRIANÇA E AO ADOLESCENTE;2049 - MANUTENÇÃO DO CEACA;;3.1.90.11.11 - 3.1.90.11.11;101 - RECEITAS DE IMPOSTOS E DE TRANSFERÊNCIAS DE IMPOSTOS VINCULADOS À EDUCAÇÃO;NÃO SE APLICA;1041;20200221;8150.16;0;0;8150.16;0;8150.16;0;0;0;0;0
3110004;303;02;382336;2020;8;12 - EDUCAÇÃO;361 - ENSINO FUNDAMENTAL;0027 - GESTÃO DO CENTRO ESPECIALIZADO DE ATENÇÃO À CRIANÇA E AO ADOLESCENTE;2049 - MANUTENÇÃO DO CEACA;;3.1.90.11.11 - 3.1.90.11.11;101 - RECEITAS DE IMPOSTOS E DE TRANSFERÊNCIAS DE IMPOSTOS VINCULADOS À EDUCAÇÃO;NÃO SE APLICA;3989;20200828;15621.75;0;0;15621.75;0;15621.75;0;0;0;0;0
3110004;303;02;382336;2020;9;12 - EDUCAÇÃO;365 - EDUCAÇÃO INFANTIL;0221 - MANUTENÇÃO DA EDUCAÇÃO BÁSICA;2407 - REMUNERAÇÃO PESSOAL EDUCAÇÃO INFANTILCRECHE;;3.1.90.11.05 - 3.1.90.11.05;101 - RECEITAS DE IMPOSTOS E DE TRANSFERÊNCIAS DE IMPOSTOS VINCULADOS À EDUCAÇÃO;NÃO SE APLICA;4537;20200930;8404.52;0;0;8404.52;0;8404.52;0;0;0;0;0
3110004;303;02;382336;2020;7;12 - EDUCAÇÃO;361 - ENSINO FUNDAMENTAL;0027 - GESTÃO DO CENTRO ESPECIALIZADO DE ATENÇÃO À CRIANÇA E AO ADOLESCENTE;2049 - MANUTENÇÃO DO CEACA;;3.1.90.13.03 - 3.1.90.13.03;101 - RECEITAS DE IMPOSTOS E DE TRANSFERÊNCIAS DE IMPOSTOS VINCULADOS À EDUCAÇÃO;NÃO SE APLICA;3110;20200630;0;0;0;0;0;3268.41;0;0;0;-3268.41;0
3110004;303;02;382336;2020;9;12 - EDUCAÇÃO;361 - ENSINO FUNDAMENTAL;0013 - TRANSFERÊNCIA AS CAIXAS ESCOLARES;2032 - CONTRIBUIÇÃO AS ESCOLAS MUNICIPAIS;;3.3.50.41.00 - 3.3.50.41.00;101 - RECEITAS DE IMPOSTOS E DE TRANSFERÊNCIAS DE IMPOSTOS VINCULADOS À EDUCAÇÃO;NÃO SE APLICA;4419;20200923;2000;0;0;2000;0;0;0;0;0;2000;0
3110004;303;02;382336;2020;6;12 - EDUCAÇÃO;361 - ENSINO FUNDAMENTAL;0019 - GESTÃO DO TRANSPORTE ESCOLAR;2042 - REMUNERAÇÃO PESSOAL TRANSPORTE ESCOLAR ENSINO FUNDAMENTAL;;3.1.90.13.01 - 3.1.90.13.01;101 - RECEITAS DE IMPOSTOS E DE TRANSFERÊNCIAS DE IMPOSTOS VINCULADOS À EDUCAÇÃO;NÃO SE APLICA;3107;20200630;292.27;0;0;292.27;0;0;0;0;0;292.27;0
3110004;303;02;382336;2020;6;12 - EDUCAÇÃO;122 - ADMINISTRAÇÃO GERAL;0002 - GESTÃO DA SECRETARIA MUNICIPAL DE EDUCAÇÃO;2001 - REMUNERAÇÃO PESSOAL DA SECRETARIA;;3.1.90.11.05 - 3.1.90.11.05;101 - RECEITAS DE IMPOSTOS E DE TRANSFERÊNCIAS DE IMPOSTOS VINCULADOS À EDUCAÇÃO;NÃO SE APLICA;2984;20200630;12744.25;0;0;12744.25;0;12744.25;0;0;0;0;0
3110004;303;02;382336;2020;2;12 - EDUCAÇÃO;361 - ENSINO FUNDAMENTAL;0019 - GESTÃO DO TRANSPORTE ESCOLAR;2042 - REMUNERAÇÃO PESSOAL TRANSPORTE ESCOLAR ENSINO FUNDAMENTAL;;3.1.90.04.99 - 3.1.90.04.99;101 - RECEITAS DE IMPOSTOS E DE TRANSFERÊNCIAS DE IMPOSTOS VINCULADOS À EDUCAÇÃO;NÃO SE APLICA;1038;20200221;2966.84;0;0;2966.84;0;2966.84;0;0;0;0;0
3110004;303;02;382336;2020;10;12 - EDUCAÇÃO;122 - ADMINISTRAÇÃO GERAL;0002 - GESTÃO DA SECRETARIA MUNICIPAL DE EDUCAÇÃO;2002 - MANUTENÇÃO DA SECRETARIA;;3.3.90.39.29 - 3.3.90.39.29;101 - RECEITAS DE IMPOSTOS E DE TRANSFERÊNCIAS DE IMPOSTOS VINCULADOS À EDUCAÇÃO;NÃO SE APLICA;20;20200102;0;0;0;43.29;0;43.29;0;0;0;0;-43.29
3110004;303;02;382336;2020;1;12 - EDUCAÇÃO;122 - ADMINISTRAÇÃO GERAL;0002 - GESTÃO DA SECRETARIA MUNICIPAL DE EDUCAÇÃO;2002 - MANUTENÇÃO DA SECRETARIA;;3.3.90.14.05 - 3.3.90.14.05;101 - RECEITAS DE IMPOSTOS E DE TRANSFERÊNCIAS DE IMPOSTOS VINCULADOS À EDUCAÇÃO;NÃO SE APLICA;262;20200124;47.2;0;0;47.2;0;47.2;0;0;0;0;0
3110004;303;02;382336;2020;10;12 - EDUCAÇÃO;122 - ADMINISTRAÇÃO GERAL;0002 - GESTÃO DA SECRETARIA MUNICIPAL DE EDUCAÇÃO;2002 - MANUTENÇÃO DA SECRETARIA;;3.3.90.40.02 - 3.3.90.40.02;101 - RECEITAS DE IMPOSTOS E DE TRANSFERÊNCIAS DE IMPOSTOS VINCULADOS À EDUCAÇÃO;NÃO SE APLICA;3277;20200708;0;0;0;750;0;750;0;0;0;0;-750
3110004;303;02;382336;2020;10;12 - EDUCAÇÃO;365 - EDUCAÇÃO INFANTIL;0003 - MANUTENÇÃO DA EDUCAÇÃO BÁSICA;2483 - REMUNERAÇÃO PESSOAL DA EDUCAÇÃO INFANTIL;;3.1.90.13.01 - 3.1.90.13.01;101 - RECEITAS DE IMPOSTOS E DE TRANSFERÊNCIAS DE IMPOSTOS VINCULADOS À EDUCAÇÃO;NÃO SE APLICA;4652;20200930;0;0;0;0;0;104.4;0;0;0;-104.4;0
3110004;303;02;382336;2020;5;12 - EDUCAÇÃO;361 - ENSINO FUNDAMENTAL;0003 - MANUTENÇÃO DA EDUCAÇÃO BÁSICA;2062 - MANUTENÇÃO DO ENSINO FUNDAMENTAL;;3.3.90.39.60 - 3.3.90.39.60;101 - RECEITAS DE IMPOSTOS E DE TRANSFERÊNCIAS DE IMPOSTOS VINCULADOS À EDUCAÇÃO;NÃO SE APLICA;34;20200102;0;0;0;3589.96;0;3589.96;0;0;0;0;-3589.96
3110004;303;02;382336;2020;12;12 - EDUCAÇÃO;122 - ADMINISTRAÇÃO GERAL;0002 - GESTÃO DA SECRETARIA MUNICIPAL DE EDUCAÇÃO;2001 - REMUNERAÇÃO PESSOAL DA SECRETARIA;;3.1.90.11.05 - 3.1.90.11.05;101 - RECEITAS DE IMPOSTOS E DE TRANSFERÊNCIAS DE IMPOSTOS VINCULADOS À EDUCAÇÃO;NÃO SE APLICA;5804;20201214;12308.48;0;0;12308.48;0;12308.48;0;0;0;0;0
3110004;303;02;382336;2020;3;12 - EDUCAÇÃO;122 - ADMINISTRAÇÃO GERAL;0002 - GESTÃO DA SECRETARIA MUNICIPAL DE EDUCAÇÃO;2001 - REMUNERAÇÃO PESSOAL DA SECRETARIA;;3.1.90.13.01 - 3.1.90.13.01;101 - RECEITAS DE IMPOSTOS E DE TRANSFERÊNCIAS DE IMPOSTOS VINCULADOS À EDUCAÇÃO;NÃO SE APLICA;1627;20200327;5481.63;0;0;5481.63;0;0;0;0;0;5481.63;0
3110004;303;02;382336;2020;10;12 - EDUCAÇÃO;361 - ENSINO FUNDAMENTAL;0013 - TRANSFERÊNCIA AS CAIXAS ESCOLARES;2032 - CONTRIBUIÇÃO AS ESCOLAS MUNICIPAIS;;3.3.50.41.00 - 3.3.50.41.00;101 - RECEITAS DE IMPOSTOS E DE TRANSFERÊNCIAS DE IMPOSTOS VINCULADOS À EDUCAÇÃO;NÃO SE APLICA;4419;20200923;0;0;0;0;0;2000;0;0;0;-2000;0
3110004;303;02;382336;2020;11;12 - EDUCAÇÃO;122 - ADMINISTRAÇÃO GERAL;0002 - GESTÃO DA SECRETARIA MUNICIPAL DE EDUCAÇÃO;2001 - REMUNERAÇÃO PESSOAL DA SECRETARIA;;3.1.90.94.01 - 3.1.90.94.01;101 - RECEITAS DE IMPOSTOS E DE TRANSFERÊNCIAS DE IMPOSTOS VINCULADOS À EDUCAÇÃO;NÃO SE APLICA;5274;20201111;2955.39;0;0;2955.39;0;2955.39;0;0;0;0;0
3110004;303;02;382336;2020;4;12 - EDUCAÇÃO;122 - ADMINISTRAÇÃO GERAL;0002 - GESTÃO DA SECRETARIA MUNICIPAL DE EDUCAÇÃO;2002 - MANUTENÇÃO DA SECRETARIA;;3.3.90.39.99 - 3.3.90.39.99;101 - RECEITAS DE IMPOSTOS E DE TRANSFERÊNCIAS DE IMPOSTOS VINCULADOS À EDUCAÇÃO;NÃO SE APLICA;26;20200102;0;0;0;834.75;0;8491.71;0;0;0;-7656.96;-834.75
3110004;303;02;382336;2020;11;12 - EDUCAÇÃO;361 - ENSINO FUNDAMENTAL;0003 - MANUTENÇÃO DA EDUCAÇÃO BÁSICA;2062 - MANUTENÇÃO DO ENSINO FUNDAMENTAL;;3.3.90.39.60 - 3.3.90.39.60;101 - RECEITAS DE IMPOSTOS E DE TRANSFERÊNCIAS DE IMPOSTOS VINCULADOS À EDUCAÇÃO;NÃO SE APLICA;2685;20200529;0;0;0;3589.96;0;3589.96;0;0;0;0;-3589.96
3110004;303;02;382336;2020;4;12 - EDUCAÇÃO;365 - EDUCAÇÃO INFANTIL;0003 - MANUTENÇÃO DA EDUCAÇÃO BÁSICA;2483 - REMUNERAÇÃO PESSOAL DA EDUCAÇÃO INFANTIL;;3.1.90.11.11 - 3.1.90.11.11;101 - RECEITAS DE IMPOSTOS E DE TRANSFERÊNCIAS DE IMPOSTOS VINCULADOS À EDUCAÇÃO;NÃO SE APLICA;2002;20200429;2954.03;0;0;2954.03;0;2954.03;0;0;0;0;0
3110004;303;02;382336;2020;8;12 - EDUCAÇÃO;361 - ENSINO FUNDAMENTAL;0027 - GESTÃO DO CENTRO ESPECIALIZADO DE ATENÇÃO À CRIANÇA E AO ADOLESCENTE;2049 - MANUTENÇÃO DO CEACA;;3.1.90.13.03 - 3.1.90.13.03;101 - RECEITAS DE IMPOSTOS E DE TRANSFERÊNCIAS DE IMPOSTOS VINCULADOS À EDUCAÇÃO;NÃO SE APLICA;3623;20200731;0;0;0;0;0;3275.35;0;0;0;-3275.35;0
3110004;303;02;382336;2020;6;12 - EDUCAÇÃO;122 - ADMINISTRAÇÃO GERAL;0002 - GESTÃO DA SECRETARIA MUNICIPAL DE EDUCAÇÃO;2001 - REMUNERAÇÃO PESSOAL DA SECRETARIA;;3.1.90.13.03 - 3.1.90.13.03;101 - RECEITAS DE IMPOSTOS E DE TRANSFERÊNCIAS DE IMPOSTOS VINCULADOS À EDUCAÇÃO;NÃO SE APLICA;2587;20200529;0;0;0;0;0;8525.27;0;0;0;-8525.27;0
3110004;303;02;382336;2020;3;12 - EDUCAÇÃO;122 - ADMINISTRAÇÃO GERAL;0002 - GESTÃO DA SECRETARIA MUNICIPAL DE EDUCAÇÃO;2001 - REMUNERAÇÃO PESSOAL DA SECRETARIA;;3.1.90.13.03 - 3.1.90.13.03;101 - RECEITAS DE IMPOSTOS E DE TRANSFERÊNCIAS DE IMPOSTOS VINCULADOS À EDUCAÇÃO;NÃO SE APLICA;1142;20200221;0;0;0;0;0;12400.96;0;0;0;-12400.96;0
3110004;303;02;382336;2020;10;12 - EDUCAÇÃO;365 - EDUCAÇÃO INFANTIL;0221 - MANUTENÇÃO DA EDUCAÇÃO BÁSICA;2407 - REMUNERAÇÃO PESSOAL EDUCAÇÃO INFANTILCRECHE;;3.1.90.11.05 - 3.1.90.11.05;101 - RECEITAS DE IMPOSTOS E DE TRANSFERÊNCIAS DE IMPOSTOS VINCULADOS À EDUCAÇÃO;NÃO SE APLICA;5016;20201029;8404.52;0;0;8404.52;0;8404.52;0;0;0;0;0
3110004;303;02;382336;2020;9;12 - EDUCAÇÃO;122 - ADMINISTRAÇÃO GERAL;0002 - GESTÃO DA SECRETARIA MUNICIPAL DE EDUCAÇÃO;2002 - MANUTENÇÃO DA SECRETARIA;;4.4.90.52.19 - 4.4.90.52.19;101 - RECEITAS DE IMPOSTOS E DE TRANSFERÊNCIAS DE IMPOSTOS VINCULADOS À EDUCAÇÃO;NÃO SE APLICA;4331;20200911;30800;0;0;0;0;0;0;0;0;0;30800
3110004;303;02;382336;2020;3;12 - EDUCAÇÃO;365 - EDUCAÇÃO INFANTIL;0221 - MANUTENÇÃO DA EDUCAÇÃO BÁSICA;2407 - REMUNERAÇÃO PESSOAL EDUCAÇÃO INFANTILCRECHE;;3.1.90.13.03 - 3.1.90.13.03;101 - RECEITAS DE IMPOSTOS E DE TRANSFERÊNCIAS DE IMPOSTOS VINCULADOS À EDUCAÇÃO;NÃO SE APLICA;1154;20200221;0;0;0;0;0;2826.79;0;0;0;-2826.79;0
3110004;303;02;382336;2020;7;12 - EDUCAÇÃO;122 - ADMINISTRAÇÃO GERAL;0002 - GESTÃO DA SECRETARIA MUNICIPAL DE EDUCAÇÃO;2002 - MANUTENÇÃO DA SECRETARIA;;3.3.90.39.13 - 3.3.90.39.13;101 - RECEITAS DE IMPOSTOS E DE TRANSFERÊNCIAS DE IMPOSTOS VINCULADOS À EDUCAÇÃO;NÃO SE APLICA;24;20200102;0;0;0;3103.2;0;3103.2;0;0;0;0;-3103.2
3110004;303;02;382336;2020;7;12 - EDUCAÇÃO;122 - ADMINISTRAÇÃO GERAL;0002 - GESTÃO DA SECRETARIA MUNICIPAL DE EDUCAÇÃO;2002 - MANUTENÇÃO DA SECRETARIA;;3.3.90.49.00 - 3.3.90.49.00;101 - RECEITAS DE IMPOSTOS E DE TRANSFERÊNCIAS DE IMPOSTOS VINCULADOS À EDUCAÇÃO;NÃO SE APLICA;218;20200120;0;0;0;504;0;504;0;0;0;0;-504
3110004;303;02;382336;2020;11;12 - EDUCAÇÃO;122 - ADMINISTRAÇÃO GERAL;0002 - GESTÃO DA SECRETARIA MUNICIPAL DE EDUCAÇÃO;2002 - MANUTENÇÃO DA SECRETARIA;;3.3.90.14.05 - 3.3.90.14.05;101 - RECEITAS DE IMPOSTOS E DE TRANSFERÊNCIAS DE IMPOSTOS VINCULADOS À EDUCAÇÃO;NÃO SE APLICA;4924;20201026;0;0;0;0;0;141.6;0;0;0;-141.6;0
3110004;303;02;382336;2020;7;12 - EDUCAÇÃO;361 - ENSINO FUNDAMENTAL;0027 - GESTÃO DO CENTRO ESPECIALIZADO DE ATENÇÃO À CRIANÇA E AO ADOLESCENTE;2049 - MANUTENÇÃO DO CEACA;;3.1.90.13.01 - 3.1.90.13.01;101 - RECEITAS DE IMPOSTOS E DE TRANSFERÊNCIAS DE IMPOSTOS VINCULADOS À EDUCAÇÃO;NÃO SE APLICA;3622;20200731;1249.73;0;0;1249.73;0;0;0;0;0;1249.73;0
3110004;303;02;382336;2020;2;12 - EDUCAÇÃO;365 - EDUCAÇÃO INFANTIL;0003 - MANUTENÇÃO DA EDUCAÇÃO BÁSICA;2483 - REMUNERAÇÃO PESSOAL DA EDUCAÇÃO INFANTIL;;3.1.90.13.01 - 3.1.90.13.01;101 - RECEITAS DE IMPOSTOS E DE TRANSFERÊNCIAS DE IMPOSTOS VINCULADOS À EDUCAÇÃO;NÃO SE APLICA;489;20200130;0;0;0;0;0;6044.07;0;0;0;-6044.07;0
3110004;303;02;382336;2020;9;12 - EDUCAÇÃO;365 - EDUCAÇÃO INFANTIL;0221 - MANUTENÇÃO DA EDUCAÇÃO BÁSICA;2407 - REMUNERAÇÃO PESSOAL EDUCAÇÃO INFANTILCRECHE;;3.1.90.11.11 - 3.1.90.11.11;101 - RECEITAS DE IMPOSTOS E DE TRANSFERÊNCIAS DE IMPOSTOS VINCULADOS À EDUCAÇÃO;NÃO SE APLICA;4538;20200930;5991.16;0;0;5991.16;0;5991.16;0;0;0;0;0
3110004;303;02;382336;2020;8;12 - EDUCAÇÃO;365 - EDUCAÇÃO INFANTIL;0221 - MANUTENÇÃO DA EDUCAÇÃO BÁSICA;2407 - REMUNERAÇÃO PESSOAL EDUCAÇÃO INFANTILCRECHE;;3.1.90.13.01 - 3.1.90.13.01;101 - RECEITAS DE IMPOSTOS E DE TRANSFERÊNCIAS DE IMPOSTOS VINCULADOS À EDUCAÇÃO;NÃO SE APLICA;3626;20200731;0;0;0;0;0;1151.65;0;0;0;-1151.65;0
3110004;303;02;382336;2020;4;12 - EDUCAÇÃO;361 - ENSINO FUNDAMENTAL;0003 - MANUTENÇÃO DA EDUCAÇÃO BÁSICA;2062 - MANUTENÇÃO DO ENSINO FUNDAMENTAL;;3.3.90.39.60 - 3.3.90.39.60;101 - RECEITAS DE IMPOSTOS E DE TRANSFERÊNCIAS DE IMPOSTOS VINCULADOS À EDUCAÇÃO;NÃO SE APLICA;34;20200102;0;0;0;3589.96;0;3589.96;0;0;0;0;-3589.96
3110004;303;02;382336;2020;8;12 - EDUCAÇÃO;361 - ENSINO FUNDAMENTAL;0003 - MANUTENÇÃO DA EDUCAÇÃO BÁSICA;1200 - CONSTRUÇÃO E REFORMA DE PRÉDIOS ESCOLARES ENSINO FUNDAMENTAL;;4.4.90.51.02 - 4.4.90.51.02;101 - RECEITAS DE IMPOSTOS E DE TRANSFERÊNCIAS DE IMPOSTOS VINCULADOS À EDUCAÇÃO;NÃO SE APLICA;3815;20200813;9535.37;0;0;9535.37;0;413.84;0;0;0;9121.53;0
3110004;303;02;382336;2020;11;12 - EDUCAÇÃO;361 - ENSINO FUNDAMENTAL;0003 - MANUTENÇÃO DA EDUCAÇÃO BÁSICA;2329 - REMUNERAÇÃO DE ESTAGIÁRIOS;;3.3.90.36.07 - 3.3.90.36.07;101 - RECEITAS DE IMPOSTOS E DE TRANSFERÊNCIAS DE IMPOSTOS VINCULADOS À EDUCAÇÃO;NÃO SE APLICA;5421;20201127;29758.35;0;0;29758.35;0;29758.35;0;0;0;0;0
3110004;303;02;382336;2020;7;12 - EDUCAÇÃO;122 - ADMINISTRAÇÃO GERAL;0002 - GESTÃO DA SECRETARIA MUNICIPAL DE EDUCAÇÃO;2002 - MANUTENÇÃO DA SECRETARIA;;3.3.90.40.02 - 3.3.90.40.02;101 - RECEITAS DE IMPOSTOS E DE TRANSFERÊNCIAS DE IMPOSTOS VINCULADOS À EDUCAÇÃO;NÃO SE APLICA;3277;20200708;9000;0;0;0;0;0;0;0;0;0;9000
3110004;303;02;382336;2020;3;12 - EDUCAÇÃO;361 - ENSINO FUNDAMENTAL;0019 - GESTÃO DO TRANSPORTE ESCOLAR;2042 - REMUNERAÇÃO PESSOAL TRANSPORTE ESCOLAR ENSINO FUNDAMENTAL;;3.1.90.04.99 - 3.1.90.04.99;101 - RECEITAS DE IMPOSTOS E DE TRANSFERÊNCIAS DE IMPOSTOS VINCULADOS À EDUCAÇÃO;NÃO SE APLICA;1526;20200327;2899.16;0;0;2899.16;0;2899.16;0;0;0;0;0
3110004;303;02;382336;2020;3;12 - EDUCAÇÃO;122 - ADMINISTRAÇÃO GERAL;0002 - GESTÃO DA SECRETARIA MUNICIPAL DE EDUCAÇÃO;2002 - MANUTENÇÃO DA SECRETARIA;;3.3.90.40.02 - 3.3.90.40.02;101 - RECEITAS DE IMPOSTOS E DE TRANSFERÊNCIAS DE IMPOSTOS VINCULADOS À EDUCAÇÃO;NÃO SE APLICA;939;20200221;0;0;0;1500;0;1500;0;0;0;0;-1500
3110004;303;02;382336;2020;10;12 - EDUCAÇÃO;122 - ADMINISTRAÇÃO GERAL;0002 - GESTÃO DA SECRETARIA MUNICIPAL DE EDUCAÇÃO;2001 - REMUNERAÇÃO PESSOAL DA SECRETARIA;;3.1.90.13.03 - 3.1.90.13.03;101 - RECEITAS DE IMPOSTOS E DE TRANSFERÊNCIAS DE IMPOSTOS VINCULADOS À EDUCAÇÃO;NÃO SE APLICA;4643;20200930;0;0;0;0;0;8387.29;0;0;0;-8387.29;0
3110004;303;02;382336;2020;8;12 - EDUCAÇÃO;361 - ENSINO FUNDAMENTAL;0003 - MANUTENÇÃO DA EDUCAÇÃO BÁSICA;2482 - REMUNERAÇÃO PESSOAL DO ENSINO FUNDAMENTAL;;3.1.90.11.11 - 3.1.90.11.11;101 - RECEITAS DE IMPOSTOS E DE TRANSFERÊNCIAS DE IMPOSTOS VINCULADOS À EDUCAÇÃO;NÃO SE APLICA;3984;20200828;100904.02;0;0;100904.02;0;100904.02;0;0;0;0;0
3110004;303;02;382336;2020;11;12 - EDUCAÇÃO;365 - EDUCAÇÃO INFANTIL;0003 - MANUTENÇÃO DA EDUCAÇÃO BÁSICA;2006 - MANUTENÇÃO DA EDUCAÇÃO INFANTIL;;4.4.90.52.13 - 4.4.90.52.13;101 - RECEITAS DE IMPOSTOS E DE TRANSFERÊNCIAS DE IMPOSTOS VINCULADOS À EDUCAÇÃO;NÃO SE APLICA;4364;20200917;0;0;0;2253.3;0;2253.3;0;0;0;0;-2253.3
3110004;303;02;382336;2020;9;12 - EDUCAÇÃO;122 - ADMINISTRAÇÃO GERAL;0002 - GESTÃO DA SECRETARIA MUNICIPAL DE EDUCAÇÃO;2002 - MANUTENÇÃO DA SECRETARIA;;3.3.90.40.02 - 3.3.90.40.02;101 - RECEITAS DE IMPOSTOS E DE TRANSFERÊNCIAS DE IMPOSTOS VINCULADOS À EDUCAÇÃO;NÃO SE APLICA;3277;20200708;0;0;0;750;0;750;0;0;0;0;-750
3110004;303;02;382336;2020;9;12 - EDUCAÇÃO;361 - ENSINO FUNDAMENTAL;0027 - GESTÃO DO CENTRO ESPECIALIZADO DE ATENÇÃO À CRIANÇA E AO ADOLESCENTE;2049 - MANUTENÇÃO DO CEACA;;3.1.90.11.11 - 3.1.90.11.11;101 - RECEITAS DE IMPOSTOS E DE TRANSFERÊNCIAS DE IMPOSTOS VINCULADOS À EDUCAÇÃO;NÃO SE APLICA;4535;20200930;15621.75;0;0;15621.75;0;15621.75;0;0;0;0;0
3110004;303;02;382336;2020;2;12 - EDUCAÇÃO;365 - EDUCAÇÃO INFANTIL;0221 - MANUTENÇÃO DA EDUCAÇÃO BÁSICA;2407 - REMUNERAÇÃO PESSOAL EDUCAÇÃO INFANTILCRECHE;;3.1.90.11.05 - 3.1.90.11.05;101 - RECEITAS DE IMPOSTOS E DE TRANSFERÊNCIAS DE IMPOSTOS VINCULADOS À EDUCAÇÃO;NÃO SE APLICA;1044;20200221;4519.52;0;0;4519.52;0;4519.52;0;0;0;0;0
3110004;303;02;382336;2020;4;12 - EDUCAÇÃO;365 - EDUCAÇÃO INFANTIL;0003 - MANUTENÇÃO DA EDUCAÇÃO BÁSICA;2483 - REMUNERAÇÃO PESSOAL DA EDUCAÇÃO INFANTIL;;3.1.90.13.01 - 3.1.90.13.01;101 - RECEITAS DE IMPOSTOS E DE TRANSFERÊNCIAS DE IMPOSTOS VINCULADOS À EDUCAÇÃO;NÃO SE APLICA;2109;20200429;251.63;0;0;251.63;0;0;0;0;0;251.63;0
3110004;303;02;382336;2020;1;12 - EDUCAÇÃO;361 - ENSINO FUNDAMENTAL;0019 - GESTÃO DO TRANSPORTE ESCOLAR;2041 - MANUTENÇÃO TRANSPORTE ESCOLAR DO ENSINO FUNDAMENTAL;;3.3.90.39.99 - 3.3.90.39.99;101 - RECEITAS DE IMPOSTOS E DE TRANSFERÊNCIAS DE IMPOSTOS VINCULADOS À EDUCAÇÃO;NÃO SE APLICA;27;20200102;90000;0;0;461.13;0;0.26;0;0;0;460.87;89538.87
3110004;303;02;382336;2020;5;12 - EDUCAÇÃO;361 - ENSINO FUNDAMENTAL;0027 - GESTÃO DO CENTRO ESPECIALIZADO DE ATENÇÃO À CRIANÇA E AO ADOLESCENTE;2049 - MANUTENÇÃO DO CEACA;;3.1.90.11.11 - 3.1.90.11.11;101 - RECEITAS DE IMPOSTOS E DE TRANSFERÊNCIAS DE IMPOSTOS VINCULADOS À EDUCAÇÃO;NÃO SE APLICA;2483;20200529;19711.84;0;0;19711.84;0;19711.84;0;0;0;0;0
3110004;303;02;382336;2020;9;12 - EDUCAÇÃO;365 - EDUCAÇÃO INFANTIL;0221 - MANUTENÇÃO DA EDUCAÇÃO BÁSICA;2407 - REMUNERAÇÃO PESSOAL EDUCAÇÃO INFANTILCRECHE;;3.1.90.13.01 - 3.1.90.13.01;101 - RECEITAS DE IMPOSTOS E DE TRANSFERÊNCIAS DE IMPOSTOS VINCULADOS À EDUCAÇÃO;NÃO SE APLICA;4654;20200930;1151.65;0;0;1151.65;0;0;0;0;0;1151.65;0
3110004;303;02;382336;2020;8;12 - EDUCAÇÃO;365 - EDUCAÇÃO INFANTIL;0003 - MANUTENÇÃO DA EDUCAÇÃO BÁSICA;2483 - REMUNERAÇÃO PESSOAL DA EDUCAÇÃO INFANTIL;;3.1.90.13.03 - 3.1.90.13.03;101 - RECEITAS DE IMPOSTOS E DE TRANSFERÊNCIAS DE IMPOSTOS VINCULADOS À EDUCAÇÃO;NÃO SE APLICA;3625;20200731;0;0;0;0;0;224.97;0;0;0;-224.97;0
3110004;303;02;382336;2020;11;12 - EDUCAÇÃO;122 - ADMINISTRAÇÃO GERAL;0002 - GESTÃO DA SECRETARIA MUNICIPAL DE EDUCAÇÃO;2002 - MANUTENÇÃO DA SECRETARIA;;4.4.90.52.19 - 4.4.90.52.19;101 - RECEITAS DE IMPOSTOS E DE TRANSFERÊNCIAS DE IMPOSTOS VINCULADOS À EDUCAÇÃO;NÃO SE APLICA;4331;20200911;0;0;0;0;0;30800;0;0;0;-30800;0
3110004;303;02;382336;2020;9;12 - EDUCAÇÃO;361 - ENSINO FUNDAMENTAL;0013 - TRANSFERÊNCIA AS CAIXAS ESCOLARES;2032 - CONTRIBUIÇÃO AS ESCOLAS MUNICIPAIS;;3.3.50.41.00 - 3.3.50.41.00;101 - RECEITAS DE IMPOSTOS E DE TRANSFERÊNCIAS DE IMPOSTOS VINCULADOS À EDUCAÇÃO;NÃO SE APLICA;4420;20200923;3600;0;0;3600;0;0;0;0;0;3600;0
3110004;303;02;382336;2020;11;12 - EDUCAÇÃO;361 - ENSINO FUNDAMENTAL;0019 - GESTÃO DO TRANSPORTE ESCOLAR;2042 - REMUNERAÇÃO PESSOAL TRANSPORTE ESCOLAR ENSINO FUNDAMENTAL;;3.1.90.13.03 - 3.1.90.13.03;101 - RECEITAS DE IMPOSTOS E DE TRANSFERÊNCIAS DE IMPOSTOS VINCULADOS À EDUCAÇÃO;NÃO SE APLICA;5128;20201029;0;0;0;0;0;869.17;0;0;0;-869.17;0
3110004;303;02;382336;2020;1;12 - EDUCAÇÃO;361 - ENSINO FUNDAMENTAL;0003 - MANUTENÇÃO DA EDUCAÇÃO BÁSICA;2062 - MANUTENÇÃO DO ENSINO FUNDAMENTAL;;3.3.90.39.60 - 3.3.90.39.60;101 - RECEITAS DE IMPOSTOS E DE TRANSFERÊNCIAS DE IMPOSTOS VINCULADOS À EDUCAÇÃO;NÃO SE APLICA;34;20200102;14359.84;0;0;0;0;0;0;0;0;0;14359.84
3110004;303;02;382336;2020;4;12 - EDUCAÇÃO;122 - ADMINISTRAÇÃO GERAL;0002 - GESTÃO DA SECRETARIA MUNICIPAL DE EDUCAÇÃO;2001 - REMUNERAÇÃO PESSOAL DA SECRETARIA;;3.1.90.13.03 - 3.1.90.13.03;101 - RECEITAS DE IMPOSTOS E DE TRANSFERÊNCIAS DE IMPOSTOS VINCULADOS À EDUCAÇÃO;NÃO SE APLICA;2100;20200429;15674.09;0;0;15674.09;0;437.58;0;0;0;15236.51;0
3110004;303;02;382336;2020;2;12 - EDUCAÇÃO;361 - ENSINO FUNDAMENTAL;0003 - MANUTENÇÃO DA EDUCAÇÃO BÁSICA;2482 - REMUNERAÇÃO PESSOAL DO ENSINO FUNDAMENTAL;;3.1.90.04.99 - 3.1.90.04.99;101 - RECEITAS DE IMPOSTOS E DE TRANSFERÊNCIAS DE IMPOSTOS VINCULADOS À EDUCAÇÃO;NÃO SE APLICA;1035;20200221;4280.44;0;0;4280.44;0;4280.44;0;0;0;0;0
3110004;303;02;382336;2020;2;12 - EDUCAÇÃO;365 - EDUCAÇÃO INFANTIL;0003 - MANUTENÇÃO DA EDUCAÇÃO BÁSICA;2006 - MANUTENÇÃO DA EDUCAÇÃO INFANTIL;;3.3.90.30.22 - 3.3.90.30.22;101 - RECEITAS DE IMPOSTOS E DE TRANSFERÊNCIAS DE IMPOSTOS VINCULADOS À EDUCAÇÃO;NÃO SE APLICA;1244;20200228;2188.6;0;0;0;0;0;0;0;0;0;2188.6
3110004;303;02;382336;2020;4;12 - EDUCAÇÃO;122 - ADMINISTRAÇÃO GERAL;0002 - GESTÃO DA SECRETARIA MUNICIPAL DE EDUCAÇÃO;2002 - MANUTENÇÃO DA SECRETARIA;;3.3.90.49.00 - 3.3.90.49.00;101 - RECEITAS DE IMPOSTOS E DE TRANSFERÊNCIAS DE IMPOSTOS VINCULADOS À EDUCAÇÃO;NÃO SE APLICA;225;20200120;0;0;0;1242;0;1242;0;0;0;0;-1242
3110004;303;02;382336;2020;12;12 - EDUCAÇÃO;365 - EDUCAÇÃO INFANTIL;0003 - MANUTENÇÃO DA EDUCAÇÃO BÁSICA;2006 - MANUTENÇÃO DA EDUCAÇÃO INFANTIL;;3.3.90.32.99 - 3.3.90.32.99;101 - RECEITAS DE IMPOSTOS E DE TRANSFERÊNCIAS DE IMPOSTOS VINCULADOS À EDUCAÇÃO;NÃO SE APLICA;741;20200207;0;0;7320;0;0;0;0;0;0;0;-7320
3110004;303;02;382336;2020;11;12 - EDUCAÇÃO;365 - EDUCAÇÃO INFANTIL;0003 - MANUTENÇÃO DA EDUCAÇÃO BÁSICA;2483 - REMUNERAÇÃO PESSOAL DA EDUCAÇÃO INFANTIL;;3.1.90.13.01 - 3.1.90.13.01;101 - RECEITAS DE IMPOSTOS E DE TRANSFERÊNCIAS DE IMPOSTOS VINCULADOS À EDUCAÇÃO;NÃO SE APLICA;5131;20201029;0;0;0;0;0;104.4;0;0;0;-104.4;0
3110004;303;02;382336;2020;3;12 - EDUCAÇÃO;361 - ENSINO FUNDAMENTAL;0027 - GESTÃO DO CENTRO ESPECIALIZADO DE ATENÇÃO À CRIANÇA E AO ADOLESCENTE;2049 - MANUTENÇÃO DO CEACA;;3.1.90.13.01 - 3.1.90.13.01;101 - RECEITAS DE IMPOSTOS E DE TRANSFERÊNCIAS DE IMPOSTOS VINCULADOS À EDUCAÇÃO;NÃO SE APLICA;1635;20200327;1469.53;0;0;1469.53;0;0;0;0;0;1469.53;0
3110004;303;02;382336;2020;6;12 - EDUCAÇÃO;361 - ENSINO FUNDAMENTAL;0027 - GESTÃO DO CENTRO ESPECIALIZADO DE ATENÇÃO À CRIANÇA E AO ADOLESCENTE;2049 - MANUTENÇÃO DO CEACA;;3.1.90.13.03 - 3.1.90.13.03;101 - RECEITAS DE IMPOSTOS E DE TRANSFERÊNCIAS DE IMPOSTOS VINCULADOS À EDUCAÇÃO;NÃO SE APLICA;2595;20200529;0;0;0;0;0;3238.38;0;0;0;-3238.38;0
3110004;303;02;382336;2020;4;12 - EDUCAÇÃO;122 - ADMINISTRAÇÃO GERAL;0002 - GESTÃO DA SECRETARIA MUNICIPAL DE EDUCAÇÃO;2002 - MANUTENÇÃO DA SECRETARIA;;3.3.90.39.12 - 3.3.90.39.12;101 - RECEITAS DE IMPOSTOS E DE TRANSFERÊNCIAS DE IMPOSTOS VINCULADOS À EDUCAÇÃO;NÃO SE APLICA;9;20200102;0;0;0;136.8;0;136.8;0;0;0;0;-136.8
3110004;303;02;382336;2020;7;12 - EDUCAÇÃO;122 - ADMINISTRAÇÃO GERAL;0002 - GESTÃO DA SECRETARIA MUNICIPAL DE EDUCAÇÃO;2002 - MANUTENÇÃO DA SECRETARIA;;3.3.90.36.14 - 3.3.90.36.14;101 - RECEITAS DE IMPOSTOS E DE TRANSFERÊNCIAS DE IMPOSTOS VINCULADOS À EDUCAÇÃO;NÃO SE APLICA;1286;20200304;0;0;0;1617.33;0;1617.33;0;0;0;0;-1617.33
3110004;303;02;382336;2020;1;12 - EDUCAÇÃO;361 - ENSINO FUNDAMENTAL;0027 - GESTÃO DO CENTRO ESPECIALIZADO DE ATENÇÃO À CRIANÇA E AO ADOLESCENTE;2049 - MANUTENÇÃO DO CEACA;;3.1.90.11.11 - 3.1.90.11.11;101 - RECEITAS DE IMPOSTOS E DE TRANSFERÊNCIAS DE IMPOSTOS VINCULADOS À EDUCAÇÃO;NÃO SE APLICA;378;20200130;24704.92;0;0;24704.92;0;24704.92;0;0;0;0;0
3110004;303;02;382336;2020;9;12 - EDUCAÇÃO;122 - ADMINISTRAÇÃO GERAL;0002 - GESTÃO DA SECRETARIA MUNICIPAL DE EDUCAÇÃO;2002 - MANUTENÇÃO DA SECRETARIA;;3.3.90.39.05 - 3.3.90.39.05;101 - RECEITAS DE IMPOSTOS E DE TRANSFERÊNCIAS DE IMPOSTOS VINCULADOS À EDUCAÇÃO;NÃO SE APLICA;3463;20200731;0;0;0;0;0;30438;0;0;0;-30438;0
3110004;303;02;382336;2020;10;12 - EDUCAÇÃO;361 - ENSINO FUNDAMENTAL;0027 - GESTÃO DO CENTRO ESPECIALIZADO DE ATENÇÃO À CRIANÇA E AO ADOLESCENTE;2049 - MANUTENÇÃO DO CEACA;;3.1.90.11.11 - 3.1.90.11.11;101 - RECEITAS DE IMPOSTOS E DE TRANSFERÊNCIAS DE IMPOSTOS VINCULADOS À EDUCAÇÃO;NÃO SE APLICA;5014;20201029;15621.75;0;0;15621.75;0;15621.75;0;0;0;0;0
3110004;303;02;382336;2020;12;12 - EDUCAÇÃO;361 - ENSINO FUNDAMENTAL;0019 - GESTÃO DO TRANSPORTE ESCOLAR;2042 - REMUNERAÇÃO PESSOAL TRANSPORTE ESCOLAR ENSINO FUNDAMENTAL;;3.1.90.13.03 - 3.1.90.13.03;101 - RECEITAS DE IMPOSTOS E DE TRANSFERÊNCIAS DE IMPOSTOS VINCULADOS À EDUCAÇÃO;NÃO SE APLICA;6256;20201228;738.54;0;0;738.54;0;738.54;0;0;0;0;0
3110004;303;02;382336;2020;10;12 - EDUCAÇÃO;365 - EDUCAÇÃO INFANTIL;0003 - MANUTENÇÃO DA EDUCAÇÃO BÁSICA;2483 - REMUNERAÇÃO PESSOAL DA EDUCAÇÃO INFANTIL;;3.1.90.13.01 - 3.1.90.13.01;101 - RECEITAS DE IMPOSTOS E DE TRANSFERÊNCIAS DE IMPOSTOS VINCULADOS À EDUCAÇÃO;NÃO SE APLICA;5131;20201029;104.4;0;0;104.4;0;0;0;0;0;104.4;0
3110004;303;02;382336;2020;5;12 - EDUCAÇÃO;361 - ENSINO FUNDAMENTAL;0027 - GESTÃO DO CENTRO ESPECIALIZADO DE ATENÇÃO À CRIANÇA E AO ADOLESCENTE;2049 - MANUTENÇÃO DO CEACA;;3.1.90.13.03 - 3.1.90.13.03;101 - RECEITAS DE IMPOSTOS E DE TRANSFERÊNCIAS DE IMPOSTOS VINCULADOS À EDUCAÇÃO;NÃO SE APLICA;2595;20200529;3238.38;0;0;3238.38;0;0;0;0;0;3238.38;0
3110004;303;02;382336;2020;2;12 - EDUCAÇÃO;361 - ENSINO FUNDAMENTAL;0027 - GESTÃO DO CENTRO ESPECIALIZADO DE ATENÇÃO À CRIANÇA E AO ADOLESCENTE;2049 - MANUTENÇÃO DO CEACA;;3.1.90.13.03 - 3.1.90.13.03;101 - RECEITAS DE IMPOSTOS E DE TRANSFERÊNCIAS DE IMPOSTOS VINCULADOS À EDUCAÇÃO;NÃO SE APLICA;1150;20200221;2993.8;0;0;2993.8;0;0;0;0;0;2993.8;0
3110004;303;02;382336;2020;10;12 - EDUCAÇÃO;122 - ADMINISTRAÇÃO GERAL;0002 - GESTÃO DA SECRETARIA MUNICIPAL DE EDUCAÇÃO;2002 - MANUTENÇÃO DA SECRETARIA;;3.3.90.35.06 - 3.3.90.35.06;101 - RECEITAS DE IMPOSTOS E DE TRANSFERÊNCIAS DE IMPOSTOS VINCULADOS À EDUCAÇÃO;NÃO SE APLICA;3936;20200826;0;0;0;0;0;2167;0;0;0;-2167;0
3110004;303;02;382336;2020;12;12 - EDUCAÇÃO;122 - ADMINISTRAÇÃO GERAL;0002 - GESTÃO DA SECRETARIA MUNICIPAL DE EDUCAÇÃO;2002 - MANUTENÇÃO DA SECRETARIA;;3.3.90.30.24 - 3.3.90.30.24;101 - RECEITAS DE IMPOSTOS E DE TRANSFERÊNCIAS DE IMPOSTOS VINCULADOS À EDUCAÇÃO;NÃO SE APLICA;4828;20201014;0;0;0;480;0;480;0;0;0;0;-480
3110004;303;02;382336;2020;9;12 - EDUCAÇÃO;361 - ENSINO FUNDAMENTAL;0013 - TRANSFERÊNCIA AS CAIXAS ESCOLARES;2032 - CONTRIBUIÇÃO AS ESCOLAS MUNICIPAIS;;3.3.50.41.00 - 3.3.50.41.00;101 - RECEITAS DE IMPOSTOS E DE TRANSFERÊNCIAS DE IMPOSTOS VINCULADOS À EDUCAÇÃO;NÃO SE APLICA;4429;20200923;960;0;0;960;0;0;0;0;0;960;0
3110004;303;02;382336;2020;12;12 - EDUCAÇÃO;365 - EDUCAÇÃO INFANTIL;0221 - MANUTENÇÃO DA EDUCAÇÃO BÁSICA;2407 - REMUNERAÇÃO PESSOAL EDUCAÇÃO INFANTILCRECHE;;3.1.90.13.03 - 3.1.90.13.03;101 - RECEITAS DE IMPOSTOS E DE TRANSFERÊNCIAS DE IMPOSTOS VINCULADOS À EDUCAÇÃO;NÃO SE APLICA;5905;20201214;3018.28;0;0;3018.28;0;3018.28;0;0;0;0;0
3110004;303;02;382336;2020;10;12 - EDUCAÇÃO;361 - ENSINO FUNDAMENTAL;0027 - GESTÃO DO CENTRO ESPECIALIZADO DE ATENÇÃO À CRIANÇA E AO ADOLESCENTE;2049 - MANUTENÇÃO DO CEACA;;3.1.90.13.01 - 3.1.90.13.01;101 - RECEITAS DE IMPOSTOS E DE TRANSFERÊNCIAS DE IMPOSTOS VINCULADOS À EDUCAÇÃO;NÃO SE APLICA;4650;20200930;0;0;0;0;0;1249.73;0;0;0;-1249.73;0
3110004;303;02;382336;2020;2;12 - EDUCAÇÃO;122 - ADMINISTRAÇÃO GERAL;0002 - GESTÃO DA SECRETARIA MUNICIPAL DE EDUCAÇÃO;2001 - REMUNERAÇÃO PESSOAL DA SECRETARIA;;3.1.90.11.05 - 3.1.90.11.05;101 - RECEITAS DE IMPOSTOS E DE TRANSFERÊNCIAS DE IMPOSTOS VINCULADOS À EDUCAÇÃO;NÃO SE APLICA;1027;20200221;7308.86;0;0;7308.86;0;7308.86;0;0;0;0;0
3110004;303;02;382336;2020;1;12 - EDUCAÇÃO;361 - ENSINO FUNDAMENTAL;0027 - GESTÃO DO CENTRO ESPECIALIZADO DE ATENÇÃO À CRIANÇA E AO ADOLESCENTE;2049 - MANUTENÇÃO DO CEACA;;3.1.90.13.01 - 3.1.90.13.01;101 - RECEITAS DE IMPOSTOS E DE TRANSFERÊNCIAS DE IMPOSTOS VINCULADOS À EDUCAÇÃO;NÃO SE APLICA;487;20200130;1110.12;0;0;1110.12;0;0;0;0;0;1110.12;0
3110004;303;02;382336;2020;1;12 - EDUCAÇÃO;122 - ADMINISTRAÇÃO GERAL;0002 - GESTÃO DA SECRETARIA MUNICIPAL DE EDUCAÇÃO;2001 - REMUNERAÇÃO PESSOAL DA SECRETARIA;;3.1.90.13.03 - 3.1.90.13.03;101 - RECEITAS DE IMPOSTOS E DE TRANSFERÊNCIAS DE IMPOSTOS VINCULADOS À EDUCAÇÃO;NÃO SE APLICA;480;20200130;13139.71;0;0;13139.71;0;97.24;0;0;0;13042.47;0
3110004;303;02;382336;2020;12;12 - EDUCAÇÃO;122 - ADMINISTRAÇÃO GERAL;0002 - GESTÃO DA SECRETARIA MUNICIPAL DE EDUCAÇÃO;2002 - MANUTENÇÃO DA SECRETARIA;;3.3.90.14.05 - 3.3.90.14.05;101 - RECEITAS DE IMPOSTOS E DE TRANSFERÊNCIAS DE IMPOSTOS VINCULADOS À EDUCAÇÃO;NÃO SE APLICA;5686;20201202;70.8;0;0;70.8;0;70.8;0;0;0;0;0
3110004;303;02;382336;2020;6;12 - EDUCAÇÃO;365 - EDUCAÇÃO INFANTIL;0221 - MANUTENÇÃO DA EDUCAÇÃO BÁSICA;2407 - REMUNERAÇÃO PESSOAL EDUCAÇÃO INFANTILCRECHE;;3.1.90.13.03 - 3.1.90.13.03;101 - RECEITAS DE IMPOSTOS E DE TRANSFERÊNCIAS DE IMPOSTOS VINCULADOS À EDUCAÇÃO;NÃO SE APLICA;2597;20200529;0;0;0;0;0;2969.61;0;0;0;-2969.61;0
3110004;303;02;382336;2020;8;12 - EDUCAÇÃO;361 - ENSINO FUNDAMENTAL;0019 - GESTÃO DO TRANSPORTE ESCOLAR;2042 - REMUNERAÇÃO PESSOAL TRANSPORTE ESCOLAR ENSINO FUNDAMENTAL;;3.1.90.13.03 - 3.1.90.13.03;101 - RECEITAS DE IMPOSTOS E DE TRANSFERÊNCIAS DE IMPOSTOS VINCULADOS À EDUCAÇÃO;NÃO SE APLICA;3621;20200731;0;0;0;0;0;1188.6;0;0;0;-1188.6;0
3110004;303;02;382336;2020;12;12 - EDUCAÇÃO;122 - ADMINISTRAÇÃO GERAL;0002 - GESTÃO DA SECRETARIA MUNICIPAL DE EDUCAÇÃO;2002 - MANUTENÇÃO DA SECRETARIA;;3.3.90.39.29 - 3.3.90.39.29;101 - RECEITAS DE IMPOSTOS E DE TRANSFERÊNCIAS DE IMPOSTOS VINCULADOS À EDUCAÇÃO;NÃO SE APLICA;20;20200102;0;0;0;181.21;0;181.21;0;0;0;0;-181.21
3110004;303;02;382336;2020;1;12 - EDUCAÇÃO;122 - ADMINISTRAÇÃO GERAL;0002 - GESTÃO DA SECRETARIA MUNICIPAL DE EDUCAÇÃO;2002 - MANUTENÇÃO DA SECRETARIA;;3.3.90.39.13 - 3.3.90.39.13;101 - RECEITAS DE IMPOSTOS E DE TRANSFERÊNCIAS DE IMPOSTOS VINCULADOS À EDUCAÇÃO;NÃO SE APLICA;24;20200102;24306.72;0;0;0;0;0;0;0;0;0;24306.72
3110004;303;02;382336;2020;10;12 - EDUCAÇÃO;361 - ENSINO FUNDAMENTAL;0019 - GESTÃO DO TRANSPORTE ESCOLAR;2042 - REMUNERAÇÃO PESSOAL TRANSPORTE ESCOLAR ENSINO FUNDAMENTAL;;3.1.90.11.11 - 3.1.90.11.11;101 - RECEITAS DE IMPOSTOS E DE TRANSFERÊNCIAS DE IMPOSTOS VINCULADOS À EDUCAÇÃO;NÃO SE APLICA;5012;20201029;3443.65;0;0;3443.65;0;3443.65;0;0;0;0;0
3110004;303;02;382336;2020;11;12 - EDUCAÇÃO;361 - ENSINO FUNDAMENTAL;0003 - MANUTENÇÃO DA EDUCAÇÃO BÁSICA;2482 - REMUNERAÇÃO PESSOAL DO ENSINO FUNDAMENTAL;;3.1.90.13.03 - 3.1.90.13.03;101 - RECEITAS DE IMPOSTOS E DE TRANSFERÊNCIAS DE IMPOSTOS VINCULADOS À EDUCAÇÃO;NÃO SE APLICA;5126;20201029;0;0;0;0;0;21221.35;0;0;0;-21221.35;0
3110004;303;02;382336;2020;6;12 - EDUCAÇÃO;122 - ADMINISTRAÇÃO GERAL;0002 - GESTÃO DA SECRETARIA MUNICIPAL DE EDUCAÇÃO;2002 - MANUTENÇÃO DA SECRETARIA;;3.3.90.39.13 - 3.3.90.39.13;101 - RECEITAS DE IMPOSTOS E DE TRANSFERÊNCIAS DE IMPOSTOS VINCULADOS À EDUCAÇÃO;NÃO SE APLICA;24;20200102;0;0;0;2377.8;0;2377.8;0;0;0;0;-2377.8
3110004;303;02;382336;2020;10;12 - EDUCAÇÃO;122 - ADMINISTRAÇÃO GERAL;0002 - GESTÃO DA SECRETARIA MUNICIPAL DE EDUCAÇÃO;2002 - MANUTENÇÃO DA SECRETARIA;;3.3.90.30.24 - 3.3.90.30.24;101 - RECEITAS DE IMPOSTOS E DE TRANSFERÊNCIAS DE IMPOSTOS VINCULADOS À EDUCAÇÃO;NÃO SE APLICA;4829;20201014;800;0;0;800;0;800;0;0;0;0;0
3110004;303;02;382336;2020;10;12 - EDUCAÇÃO;361 - ENSINO FUNDAMENTAL;0003 - MANUTENÇÃO DA EDUCAÇÃO BÁSICA;2482 - REMUNERAÇÃO PESSOAL DO ENSINO FUNDAMENTAL;;3.1.90.04.99 - 3.1.90.04.99;101 - RECEITAS DE IMPOSTOS E DE TRANSFERÊNCIAS DE IMPOSTOS VINCULADOS À EDUCAÇÃO;NÃO SE APLICA;5010;20201029;4859.48;0;0;4859.48;0;4859.48;0;0;0;0;0
3110004;303;02;382336;2020;9;12 - EDUCAÇÃO;365 - EDUCAÇÃO INFANTIL;0003 - MANUTENÇÃO DA EDUCAÇÃO BÁSICA;2006 - MANUTENÇÃO DA EDUCAÇÃO INFANTIL;;4.4.90.52.13 - 4.4.90.52.13;101 - RECEITAS DE IMPOSTOS E DE TRANSFERÊNCIAS DE IMPOSTOS VINCULADOS À EDUCAÇÃO;NÃO SE APLICA;4364;20200917;2253.3;0;0;0;0;0;0;0;0;0;2253.3
3110004;303;02;382336;2020;4;12 - EDUCAÇÃO;361 - ENSINO FUNDAMENTAL;0003 - MANUTENÇÃO DA EDUCAÇÃO BÁSICA;2482 - REMUNERAÇÃO PESSOAL DO ENSINO FUNDAMENTAL;;3.1.90.94.01 - 3.1.90.94.01;101 - RECEITAS DE IMPOSTOS E DE TRANSFERÊNCIAS DE IMPOSTOS VINCULADOS À EDUCAÇÃO;NÃO SE APLICA;1854;20200413;158.53;0;0;158.53;0;158.53;0;0;0;0;0
3110004;303;02;382336;2020;9;12 - EDUCAÇÃO;361 - ENSINO FUNDAMENTAL;0003 - MANUTENÇÃO DA EDUCAÇÃO BÁSICA;1200 - CONSTRUÇÃO E REFORMA DE PRÉDIOS ESCOLARES ENSINO FUNDAMENTAL;;4.4.90.51.02 - 4.4.90.51.02;101 - RECEITAS DE IMPOSTOS E DE TRANSFERÊNCIAS DE IMPOSTOS VINCULADOS À EDUCAÇÃO;NÃO SE APLICA;2355;20200515;0;0;0;0;0;140806.88;0;0;0;-140806.88;0
3110004;303;02;382336;2020;4;12 - EDUCAÇÃO;361 - ENSINO FUNDAMENTAL;0003 - MANUTENÇÃO DA EDUCAÇÃO BÁSICA;2062 - MANUTENÇÃO DO ENSINO FUNDAMENTAL;;3.3.90.32.99 - 3.3.90.32.99;101 - RECEITAS DE IMPOSTOS E DE TRANSFERÊNCIAS DE IMPOSTOS VINCULADOS À EDUCAÇÃO;NÃO SE APLICA;740;20200207;0;0;0;58896.1;0;61764.2;0;0;0;-2868.1;-58896.1
3110004;303;02;382336;2020;3;12 - EDUCAÇÃO;365 - EDUCAÇÃO INFANTIL;0003 - MANUTENÇÃO DA EDUCAÇÃO BÁSICA;2483 - REMUNERAÇÃO PESSOAL DA EDUCAÇÃO INFANTIL;;3.1.90.13.01 - 3.1.90.13.01;101 - RECEITAS DE IMPOSTOS E DE TRANSFERÊNCIAS DE IMPOSTOS VINCULADOS À EDUCAÇÃO;NÃO SE APLICA;1637;20200327;6203.42;0;0;6203.42;0;0;0;0;0;6203.42;0
3110004;303;02;382336;2020;10;12 - EDUCAÇÃO;122 - ADMINISTRAÇÃO GERAL;0002 - GESTÃO DA SECRETARIA MUNICIPAL DE EDUCAÇÃO;2002 - MANUTENÇÃO DA SECRETARIA;;3.3.90.39.99 - 3.3.90.39.99;101 - RECEITAS DE IMPOSTOS E DE TRANSFERÊNCIAS DE IMPOSTOS VINCULADOS À EDUCAÇÃO;NÃO SE APLICA;26;20200102;0;0;0;2530.6;0;3316.27;0;0;0;-785.67;-2530.6
3110004;303;02;382336;2020;2;12 - EDUCAÇÃO;361 - ENSINO FUNDAMENTAL;0019 - GESTÃO DO TRANSPORTE ESCOLAR;2041 - MANUTENÇÃO TRANSPORTE ESCOLAR DO ENSINO FUNDAMENTAL;;3.3.90.39.99 - 3.3.90.39.99;101 - RECEITAS DE IMPOSTOS E DE TRANSFERÊNCIAS DE IMPOSTOS VINCULADOS À EDUCAÇÃO;NÃO SE APLICA;27;20200102;0;0;0;0;0;460.87;0;0;0;-460.87;0
3110004;303;02;382336;2020;4;12 - EDUCAÇÃO;122 - ADMINISTRAÇÃO GERAL;0002 - GESTÃO DA SECRETARIA MUNICIPAL DE EDUCAÇÃO;2002 - MANUTENÇÃO DA SECRETARIA;;3.3.90.40.02 - 3.3.90.40.02;101 - RECEITAS DE IMPOSTOS E DE TRANSFERÊNCIAS DE IMPOSTOS VINCULADOS À EDUCAÇÃO;NÃO SE APLICA;939;20200221;0;0;0;750;0;750;0;0;0;0;-750
3110004;303;02;382336;2020;11;12 - EDUCAÇÃO;122 - ADMINISTRAÇÃO GERAL;0002 - GESTÃO DA SECRETARIA MUNICIPAL DE EDUCAÇÃO;2001 - REMUNERAÇÃO PESSOAL DA SECRETARIA;;3.1.90.94.01 - 3.1.90.94.01;101 - RECEITAS DE IMPOSTOS E DE TRANSFERÊNCIAS DE IMPOSTOS VINCULADOS À EDUCAÇÃO;NÃO SE APLICA;5275;20201111;127.26;0;0;127.26;0;127.26;0;0;0;0;0
3110004;303;02;382336;2020;7;12 - EDUCAÇÃO;365 - EDUCAÇÃO INFANTIL;0003 - MANUTENÇÃO DA EDUCAÇÃO BÁSICA;2483 - REMUNERAÇÃO PESSOAL DA EDUCAÇÃO INFANTIL;;3.1.90.13.01 - 3.1.90.13.01;101 - RECEITAS DE IMPOSTOS E DE TRANSFERÊNCIAS DE IMPOSTOS VINCULADOS À EDUCAÇÃO;NÃO SE APLICA;3111;20200630;0;0;0;0;0;104.4;0;0;0;-104.4;0
3110004;303;02;382336;2020;1;12 - EDUCAÇÃO;361 - ENSINO FUNDAMENTAL;0003 - MANUTENÇÃO DA EDUCAÇÃO BÁSICA;2482 - REMUNERAÇÃO PESSOAL DO ENSINO FUNDAMENTAL;;3.1.90.13.01 - 3.1.90.13.01;101 - RECEITAS DE IMPOSTOS E DE TRANSFERÊNCIAS DE IMPOSTOS VINCULADOS À EDUCAÇÃO;NÃO SE APLICA;483;20200130;7899.28;0;0;7899.28;0;0;0;0;0;7899.28;0
3110004;303;02;382336;2020;9;12 - EDUCAÇÃO;361 - ENSINO FUNDAMENTAL;0027 - GESTÃO DO CENTRO ESPECIALIZADO DE ATENÇÃO À CRIANÇA E AO ADOLESCENTE;2049 - MANUTENÇÃO DO CEACA;;3.1.90.13.01 - 3.1.90.13.01;101 - RECEITAS DE IMPOSTOS E DE TRANSFERÊNCIAS DE IMPOSTOS VINCULADOS À EDUCAÇÃO;NÃO SE APLICA;4102;20200828;0;0;0;0;0;1249.73;0;0;0;-1249.73;0
3110004;303;02;382336;2020;7;12 - EDUCAÇÃO;361 - ENSINO FUNDAMENTAL;0019 - GESTÃO DO TRANSPORTE ESCOLAR;2042 - REMUNERAÇÃO PESSOAL TRANSPORTE ESCOLAR ENSINO FUNDAMENTAL;;3.1.90.13.01 - 3.1.90.13.01;101 - RECEITAS DE IMPOSTOS E DE TRANSFERÊNCIAS DE IMPOSTOS VINCULADOS À EDUCAÇÃO;NÃO SE APLICA;3107;20200630;0;0;0;0;0;292.27;0;0;0;-292.27;0
3110004;303;02;382336;2020;2;12 - EDUCAÇÃO;361 - ENSINO FUNDAMENTAL;0027 - GESTÃO DO CENTRO ESPECIALIZADO DE ATENÇÃO À CRIANÇA E AO ADOLESCENTE;2049 - MANUTENÇÃO DO CEACA;;3.1.90.13.01 - 3.1.90.13.01;101 - RECEITAS DE IMPOSTOS E DE TRANSFERÊNCIAS DE IMPOSTOS VINCULADOS À EDUCAÇÃO;NÃO SE APLICA;487;20200130;0;0;0;0;0;1110.12;0;0;0;-1110.12;0
3110004;303;02;382336;2020;8;12 - EDUCAÇÃO;122 - ADMINISTRAÇÃO GERAL;0002 - GESTÃO DA SECRETARIA MUNICIPAL DE EDUCAÇÃO;2002 - MANUTENÇÃO DA SECRETARIA;;3.3.90.39.43 - 3.3.90.39.43;101 - RECEITAS DE IMPOSTOS E DE TRANSFERÊNCIAS DE IMPOSTOS VINCULADOS À EDUCAÇÃO;NÃO SE APLICA;195;20200115;0;0;0;2716.1;0;2716.1;0;0;0;0;-2716.1
3110004;303;02;382336;2020;9;12 - EDUCAÇÃO;365 - EDUCAÇÃO INFANTIL;0003 - MANUTENÇÃO DA EDUCAÇÃO BÁSICA;2483 - REMUNERAÇÃO PESSOAL DA EDUCAÇÃO INFANTIL;;3.1.90.11.11 - 3.1.90.11.11;101 - RECEITAS DE IMPOSTOS E DE TRANSFERÊNCIAS DE IMPOSTOS VINCULADOS À EDUCAÇÃO;NÃO SE APLICA;4536;20200930;1304.97;0;0;1304.97;0;1304.97;0;0;0;0;0
3110004;303;02;382336;2020;2;12 - EDUCAÇÃO;365 - EDUCAÇÃO INFANTIL;0003 - MANUTENÇÃO DA EDUCAÇÃO BÁSICA;2483 - REMUNERAÇÃO PESSOAL DA EDUCAÇÃO INFANTIL;;3.1.90.11.11 - 3.1.90.11.11;101 - RECEITAS DE IMPOSTOS E DE TRANSFERÊNCIAS DE IMPOSTOS VINCULADOS À EDUCAÇÃO;NÃO SE APLICA;1042;20200221;51203.14;0;0;51203.14;0;51203.14;0;0;0;0;0
3110004;303;02;382336;2020;9;12 - EDUCAÇÃO;122 - ADMINISTRAÇÃO GERAL;0002 - GESTÃO DA SECRETARIA MUNICIPAL DE EDUCAÇÃO;2001 - REMUNERAÇÃO PESSOAL DA SECRETARIA;;3.1.90.13.01 - 3.1.90.13.01;101 - RECEITAS DE IMPOSTOS E DE TRANSFERÊNCIAS DE IMPOSTOS VINCULADOS À EDUCAÇÃO;NÃO SE APLICA;4094;20200828;0;0;0;0;0;3439.86;0;0;0;-3439.86;0
3110004;303;02;382336;2020;9;12 - EDUCAÇÃO;365 - EDUCAÇÃO INFANTIL;0221 - MANUTENÇÃO DA EDUCAÇÃO BÁSICA;2407 - REMUNERAÇÃO PESSOAL EDUCAÇÃO INFANTILCRECHE;;3.1.90.13.01 - 3.1.90.13.01;101 - RECEITAS DE IMPOSTOS E DE TRANSFERÊNCIAS DE IMPOSTOS VINCULADOS À EDUCAÇÃO;NÃO SE APLICA;4106;20200828;0;0;0;0;0;1151.65;0;0;0;-1151.65;0
3110004;303;02;382336;2020;10;12 - EDUCAÇÃO;365 - EDUCAÇÃO INFANTIL;0003 - MANUTENÇÃO DA EDUCAÇÃO BÁSICA;2483 - REMUNERAÇÃO PESSOAL DA EDUCAÇÃO INFANTIL;;3.1.90.11.11 - 3.1.90.11.11;101 - RECEITAS DE IMPOSTOS E DE TRANSFERÊNCIAS DE IMPOSTOS VINCULADOS À EDUCAÇÃO;NÃO SE APLICA;5015;20201029;1304.97;0;0;1304.97;0;1304.97;0;0;0;0;0
3110004;303;02;382336;2020;5;12 - EDUCAÇÃO;122 - ADMINISTRAÇÃO GERAL;0002 - GESTÃO DA SECRETARIA MUNICIPAL DE EDUCAÇÃO;2002 - MANUTENÇÃO DA SECRETARIA;;3.3.90.36.14 - 3.3.90.36.14;101 - RECEITAS DE IMPOSTOS E DE TRANSFERÊNCIAS DE IMPOSTOS VINCULADOS À EDUCAÇÃO;NÃO SE APLICA;1286;20200304;0;0;0;1617.33;0;1617.33;0;0;0;0;-1617.33
3110004;303;02;382336;2020;10;12 - EDUCAÇÃO;122 - ADMINISTRAÇÃO GERAL;0002 - GESTÃO DA SECRETARIA MUNICIPAL DE EDUCAÇÃO;2002 - MANUTENÇÃO DA SECRETARIA;;3.3.90.39.43 - 3.3.90.39.43;101 - RECEITAS DE IMPOSTOS E DE TRANSFERÊNCIAS DE IMPOSTOS VINCULADOS À EDUCAÇÃO;NÃO SE APLICA;195;20200115;0;0;3.21;104.2;0;104.2;0;0;0;0;-107.41
3110004;303;02;382336;2020;1;12 - EDUCAÇÃO;122 - ADMINISTRAÇÃO GERAL;0002 - GESTÃO DA SECRETARIA MUNICIPAL DE EDUCAÇÃO;2001 - REMUNERAÇÃO PESSOAL DA SECRETARIA;;3.1.90.16.00 - 3.1.90.16.00;101 - RECEITAS DE IMPOSTOS E DE TRANSFERÊNCIAS DE IMPOSTOS VINCULADOS À EDUCAÇÃO;NÃO SE APLICA;366;20200130;1505.23;0;0;1505.23;0;1505.23;0;0;0;0;0
3110004;303;02;382336;2020;9;12 - EDUCAÇÃO;361 - ENSINO FUNDAMENTAL;0019 - GESTÃO DO TRANSPORTE ESCOLAR;2042 - REMUNERAÇÃO PESSOAL TRANSPORTE ESCOLAR ENSINO FUNDAMENTAL;;3.1.90.13.03 - 3.1.90.13.03;101 - RECEITAS DE IMPOSTOS E DE TRANSFERÊNCIAS DE IMPOSTOS VINCULADOS À EDUCAÇÃO;NÃO SE APLICA;4101;20200828;0;0;0;0;0;1283.85;0;0;0;-1283.85;0
3110004;303;02;382336;2020;12;12 - EDUCAÇÃO;122 - ADMINISTRAÇÃO GERAL;0002 - GESTÃO DA SECRETARIA MUNICIPAL DE EDUCAÇÃO;2001 - REMUNERAÇÃO PESSOAL DA SECRETARIA;;3.1.90.13.03 - 3.1.90.13.03;101 - RECEITAS DE IMPOSTOS E DE TRANSFERÊNCIAS DE IMPOSTOS VINCULADOS À EDUCAÇÃO;NÃO SE APLICA;5537;20201127;0;0;0;0;0;6926.22;0;0;0;-6926.22;0
3110004;303;02;382336;2020;1;12 - EDUCAÇÃO;361 - ENSINO FUNDAMENTAL;0019 - GESTÃO DO TRANSPORTE ESCOLAR;2042 - REMUNERAÇÃO PESSOAL TRANSPORTE ESCOLAR ENSINO FUNDAMENTAL;;3.1.90.13.01 - 3.1.90.13.01;101 - RECEITAS DE IMPOSTOS E DE TRANSFERÊNCIAS DE IMPOSTOS VINCULADOS À EDUCAÇÃO;NÃO SE APLICA;485;20200130;316.54;0;0;316.54;0;0;0;0;0;316.54;0
3110004;303;02;382336;2020;1;12 - EDUCAÇÃO;122 - ADMINISTRAÇÃO GERAL;0002 - GESTÃO DA SECRETARIA MUNICIPAL DE EDUCAÇÃO;2002 - MANUTENÇÃO DA SECRETARIA;;3.3.90.49.00 - 3.3.90.49.00;101 - RECEITAS DE IMPOSTOS E DE TRANSFERÊNCIAS DE IMPOSTOS VINCULADOS À EDUCAÇÃO;NÃO SE APLICA;230;20200120;14400;0;0;396;0;396;0;0;0;0;14004
3110004;303;02;382336;2020;3;12 - EDUCAÇÃO;361 - ENSINO FUNDAMENTAL;0003 - MANUTENÇÃO DA EDUCAÇÃO BÁSICA;2482 - REMUNERAÇÃO PESSOAL DO ENSINO FUNDAMENTAL;;3.1.90.13.03 - 3.1.90.13.03;101 - RECEITAS DE IMPOSTOS E DE TRANSFERÊNCIAS DE IMPOSTOS VINCULADOS À EDUCAÇÃO;NÃO SE APLICA;1146;20200221;0;0;0;0;0;21100;0;0;0;-21100;0
3110004;303;02;382336;2020;12;12 - EDUCAÇÃO;122 - ADMINISTRAÇÃO GERAL;0002 - GESTÃO DA SECRETARIA MUNICIPAL DE EDUCAÇÃO;2001 - REMUNERAÇÃO PESSOAL DA SECRETARIA;;3.1.90.11.11 - 3.1.90.11.11;101 - RECEITAS DE IMPOSTOS E DE TRANSFERÊNCIAS DE IMPOSTOS VINCULADOS À EDUCAÇÃO;NÃO SE APLICA;6129;20201228;26216.16;0;0;26216.16;0;26216.16;0;0;0;0;0
3110004;303;02;382336;2020;7;12 - EDUCAÇÃO;122 - ADMINISTRAÇÃO GERAL;0002 - GESTÃO DA SECRETARIA MUNICIPAL DE EDUCAÇÃO;2001 - REMUNERAÇÃO PESSOAL DA SECRETARIA;;3.1.90.13.01 - 3.1.90.13.01;101 - RECEITAS DE IMPOSTOS E DE TRANSFERÊNCIAS DE IMPOSTOS VINCULADOS À EDUCAÇÃO;NÃO SE APLICA;3614;20200731;3257.03;0;0;3257.03;0;0;0;0;0;3257.03;0
3110004;303;02;382336;2020;12;12 - EDUCAÇÃO;365 - EDUCAÇÃO INFANTIL;0003 - MANUTENÇÃO DA EDUCAÇÃO BÁSICA;2483 - REMUNERAÇÃO PESSOAL DA EDUCAÇÃO INFANTIL;;3.1.90.11.11 - 3.1.90.11.11;101 - RECEITAS DE IMPOSTOS E DE TRANSFERÊNCIAS DE IMPOSTOS VINCULADOS À EDUCAÇÃO;NÃO SE APLICA;5813;20201214;1304.97;0;0;1304.97;0;1304.97;0;0;0;0;0
3110004;303;02;382336;2020;6;12 - EDUCAÇÃO;122 - ADMINISTRAÇÃO GERAL;0002 - GESTÃO DA SECRETARIA MUNICIPAL DE EDUCAÇÃO;2002 - MANUTENÇÃO DA SECRETARIA;;3.3.90.39.29 - 3.3.90.39.29;101 - RECEITAS DE IMPOSTOS E DE TRANSFERÊNCIAS DE IMPOSTOS VINCULADOS À EDUCAÇÃO;NÃO SE APLICA;20;20200102;0;0;0;460.63;0;529.68;0;0;0;-69.05;-460.63
3110004;303;02;382336;2020;7;12 - EDUCAÇÃO;361 - ENSINO FUNDAMENTAL;0003 - MANUTENÇÃO DA EDUCAÇÃO BÁSICA;2482 - REMUNERAÇÃO PESSOAL DO ENSINO FUNDAMENTAL;;3.1.90.04.99 - 3.1.90.04.99;101 - RECEITAS DE IMPOSTOS E DE TRANSFERÊNCIAS DE IMPOSTOS VINCULADOS À EDUCAÇÃO;NÃO SE APLICA;3502;20200731;6704.36;0;0;6704.36;0;6704.36;0;0;0;0;0
3110004;303;02;382336;2020;12;12 - EDUCAÇÃO;122 - ADMINISTRAÇÃO GERAL;0002 - GESTÃO DA SECRETARIA MUNICIPAL DE EDUCAÇÃO;2002 - MANUTENÇÃO DA SECRETARIA;;3.3.90.39.43 - 3.3.90.39.43;101 - RECEITAS DE IMPOSTOS E DE TRANSFERÊNCIAS DE IMPOSTOS VINCULADOS À EDUCAÇÃO;NÃO SE APLICA;4223;20200901;0;0;0;2502.53;0;2502.53;0;0;0;0;-2502.53
3110004;303;02;382336;2020;10;12 - EDUCAÇÃO;361 - ENSINO FUNDAMENTAL;0013 - TRANSFERÊNCIA AS CAIXAS ESCOLARES;2032 - CONTRIBUIÇÃO AS ESCOLAS MUNICIPAIS;;3.3.50.41.00 - 3.3.50.41.00;101 - RECEITAS DE IMPOSTOS E DE TRANSFERÊNCIAS DE IMPOSTOS VINCULADOS À EDUCAÇÃO;NÃO SE APLICA;4427;20200923;0;0;0;0;0;5000;0;0;0;-5000;0
3110004;303;02;382336;2020;8;12 - EDUCAÇÃO;122 - ADMINISTRAÇÃO GERAL;0002 - GESTÃO DA SECRETARIA MUNICIPAL DE EDUCAÇÃO;2001 - REMUNERAÇÃO PESSOAL DA SECRETARIA;;3.1.90.11.05 - 3.1.90.11.05;101 - RECEITAS DE IMPOSTOS E DE TRANSFERÊNCIAS DE IMPOSTOS VINCULADOS À EDUCAÇÃO;NÃO SE APLICA;3976;20200828;14921.14;0;0;14921.14;0;14921.14;0;0;0;0;0
3110004;303;02;382336;2020;1;12 - EDUCAÇÃO;361 - ENSINO FUNDAMENTAL;0003 - MANUTENÇÃO DA EDUCAÇÃO BÁSICA;2482 - REMUNERAÇÃO PESSOAL DO ENSINO FUNDAMENTAL;;3.1.90.16.00 - 3.1.90.16.00;101 - RECEITAS DE IMPOSTOS E DE TRANSFERÊNCIAS DE IMPOSTOS VINCULADOS À EDUCAÇÃO;NÃO SE APLICA;374;20200130;123.54;0;0;123.54;0;123.54;0;0;0;0;0
3110004;303;02;382336;2020;4;12 - EDUCAÇÃO;365 - EDUCAÇÃO INFANTIL;0003 - MANUTENÇÃO DA EDUCAÇÃO BÁSICA;2006 - MANUTENÇÃO DA EDUCAÇÃO INFANTIL;;3.3.90.32.99 - 3.3.90.32.99;101 - RECEITAS DE IMPOSTOS E DE TRANSFERÊNCIAS DE IMPOSTOS VINCULADOS À EDUCAÇÃO;NÃO SE APLICA;741;20200207;0;0;0;27938;0;32269;0;0;0;-4331;-27938
3110004;303;02;382336;2020;7;12 - EDUCAÇÃO;365 - EDUCAÇÃO INFANTIL;0003 - MANUTENÇÃO DA EDUCAÇÃO BÁSICA;2483 - REMUNERAÇÃO PESSOAL DA EDUCAÇÃO INFANTIL;;3.1.90.13.01 - 3.1.90.13.01;101 - RECEITAS DE IMPOSTOS E DE TRANSFERÊNCIAS DE IMPOSTOS VINCULADOS À EDUCAÇÃO;NÃO SE APLICA;3624;20200731;104.4;0;0;104.4;0;0;0;0;0;104.4;0
3110004;303;02;382336;2020;2;12 - EDUCAÇÃO;361 - ENSINO FUNDAMENTAL;0027 - GESTÃO DO CENTRO ESPECIALIZADO DE ATENÇÃO À CRIANÇA E AO ADOLESCENTE;2049 - MANUTENÇÃO DO CEACA;;3.1.90.13.01 - 3.1.90.13.01;101 - RECEITAS DE IMPOSTOS E DE TRANSFERÊNCIAS DE IMPOSTOS VINCULADOS À EDUCAÇÃO;NÃO SE APLICA;1149;20200221;1142.3;0;0;1142.3;0;0;0;0;0;1142.3;0
3110004;303;02;382336;2020;5;12 - EDUCAÇÃO;361 - ENSINO FUNDAMENTAL;0003 - MANUTENÇÃO DA EDUCAÇÃO BÁSICA;2329 - REMUNERAÇÃO DE ESTAGIÁRIOS;;3.3.90.36.07 - 3.3.90.36.07;101 - RECEITAS DE IMPOSTOS E DE TRANSFERÊNCIAS DE IMPOSTOS VINCULADOS À EDUCAÇÃO;NÃO SE APLICA;2476;20200529;37843.64;0;0;37843.64;0;37843.64;0;0;0;0;0
3110004;303;02;382336;2020;5;12 - EDUCAÇÃO;361 - ENSINO FUNDAMENTAL;0003 - MANUTENÇÃO DA EDUCAÇÃO BÁSICA;2482 - REMUNERAÇÃO PESSOAL DO ENSINO FUNDAMENTAL;;3.1.90.13.03 - 3.1.90.13.03;101 - RECEITAS DE IMPOSTOS E DE TRANSFERÊNCIAS DE IMPOSTOS VINCULADOS À EDUCAÇÃO;NÃO SE APLICA;2104;20200429;0;0;0;0;0;22620.53;0;0;0;-22620.53;0
3110004;303;02;382336;2020;8;12 - EDUCAÇÃO;361 - ENSINO FUNDAMENTAL;0019 - GESTÃO DO TRANSPORTE ESCOLAR;2042 - REMUNERAÇÃO PESSOAL TRANSPORTE ESCOLAR ENSINO FUNDAMENTAL;;3.1.90.13.01 - 3.1.90.13.01;101 - RECEITAS DE IMPOSTOS E DE TRANSFERÊNCIAS DE IMPOSTOS VINCULADOS À EDUCAÇÃO;NÃO SE APLICA;3620;20200731;0;0;0;0;0;264.04;0;0;0;-264.04;0
3110004;303;02;382336;2020;7;12 - EDUCAÇÃO;361 - ENSINO FUNDAMENTAL;0003 - MANUTENÇÃO DA EDUCAÇÃO BÁSICA;2482 - REMUNERAÇÃO PESSOAL DO ENSINO FUNDAMENTAL;;3.1.90.16.00 - 3.1.90.16.00;101 - RECEITAS DE IMPOSTOS E DE TRANSFERÊNCIAS DE IMPOSTOS VINCULADOS À EDUCAÇÃO;NÃO SE APLICA;3504;20200731;183.62;0;0;183.62;0;183.62;0;0;0;0;0
3110004;303;02;382336;2020;9;12 - EDUCAÇÃO;365 - EDUCAÇÃO INFANTIL;0003 - MANUTENÇÃO DA EDUCAÇÃO BÁSICA;2483 - REMUNERAÇÃO PESSOAL DA EDUCAÇÃO INFANTIL;;3.1.90.13.03 - 3.1.90.13.03;101 - RECEITAS DE IMPOSTOS E DE TRANSFERÊNCIAS DE IMPOSTOS VINCULADOS À EDUCAÇÃO;NÃO SE APLICA;4105;20200828;0;0;0;0;0;224.97;0;0;0;-224.97;0
3110004;303;02;382336;2020;7;12 - EDUCAÇÃO;122 - ADMINISTRAÇÃO GERAL;0002 - GESTÃO DA SECRETARIA MUNICIPAL DE EDUCAÇÃO;2002 - MANUTENÇÃO DA SECRETARIA;;3.3.90.14.05 - 3.3.90.14.05;101 - RECEITAS DE IMPOSTOS E DE TRANSFERÊNCIAS DE IMPOSTOS VINCULADOS À EDUCAÇÃO;NÃO SE APLICA;3702;20200731;424.8;0;0;424.8;0;0;0;0;0;424.8;0
3110004;303;02;382336;2020;9;12 - EDUCAÇÃO;361 - ENSINO FUNDAMENTAL;0003 - MANUTENÇÃO DA EDUCAÇÃO BÁSICA;2482 - REMUNERAÇÃO PESSOAL DO ENSINO FUNDAMENTAL;;3.1.90.16.00 - 3.1.90.16.00;101 - RECEITAS DE IMPOSTOS E DE TRANSFERÊNCIAS DE IMPOSTOS VINCULADOS À EDUCAÇÃO;NÃO SE APLICA;4532;20200930;406.18;0;0;406.18;0;406.18;0;0;0;0;0
3110004;303;02;382336;2020;7;12 - EDUCAÇÃO;365 - EDUCAÇÃO INFANTIL;0221 - MANUTENÇÃO DA EDUCAÇÃO BÁSICA;2407 - REMUNERAÇÃO PESSOAL EDUCAÇÃO INFANTILCRECHE;;3.1.90.11.05 - 3.1.90.11.05;101 - RECEITAS DE IMPOSTOS E DE TRANSFERÊNCIAS DE IMPOSTOS VINCULADOS À EDUCAÇÃO;NÃO SE APLICA;3510;20200731;8404.52;0;0;8404.52;0;8404.52;0;0;0;0;0
3110004;303;02;382336;2020;6;12 - EDUCAÇÃO;365 - EDUCAÇÃO INFANTIL;0221 - MANUTENÇÃO DA EDUCAÇÃO BÁSICA;2407 - REMUNERAÇÃO PESSOAL EDUCAÇÃO INFANTILCRECHE;;3.1.90.13.01 - 3.1.90.13.01;101 - RECEITAS DE IMPOSTOS E DE TRANSFERÊNCIAS DE IMPOSTOS VINCULADOS À EDUCAÇÃO;NÃO SE APLICA;3113;20200630;1151.65;0;0;1151.65;0;0;0;0;0;1151.65;0
3110004;303;02;382336;2020;2;12 - EDUCAÇÃO;365 - EDUCAÇÃO INFANTIL;0003 - MANUTENÇÃO DA EDUCAÇÃO BÁSICA;2006 - MANUTENÇÃO DA EDUCAÇÃO INFANTIL;;3.3.90.32.99 - 3.3.90.32.99;101 - RECEITAS DE IMPOSTOS E DE TRANSFERÊNCIAS DE IMPOSTOS VINCULADOS À EDUCAÇÃO;NÃO SE APLICA;741;20200207;78324;0;0;0;0;0;0;0;0;0;78324
3110004;303;02;382336;2020;11;12 - EDUCAÇÃO;365 - EDUCAÇÃO INFANTIL;0003 - MANUTENÇÃO DA EDUCAÇÃO BÁSICA;2006 - MANUTENÇÃO DA EDUCAÇÃO INFANTIL;;4.4.90.52.06 - 4.4.90.52.06;101 - RECEITAS DE IMPOSTOS E DE TRANSFERÊNCIAS DE IMPOSTOS VINCULADOS À EDUCAÇÃO;NÃO SE APLICA;4365;20200917;0;0;0;8225.6;0;8225.6;0;0;0;0;-8225.6
3110004;303;02;382336;2020;5;12 - EDUCAÇÃO;361 - ENSINO FUNDAMENTAL;0019 - GESTÃO DO TRANSPORTE ESCOLAR;2042 - REMUNERAÇÃO PESSOAL TRANSPORTE ESCOLAR ENSINO FUNDAMENTAL;;3.1.90.13.03 - 3.1.90.13.03;101 - RECEITAS DE IMPOSTOS E DE TRANSFERÊNCIAS DE IMPOSTOS VINCULADOS À EDUCAÇÃO;NÃO SE APLICA;2593;20200529;1663.64;0;0;1663.64;0;0;0;0;0;1663.64;0
3110004;303;02;382336;2020;9;12 - EDUCAÇÃO;361 - ENSINO FUNDAMENTAL;0013 - TRANSFERÊNCIA AS CAIXAS ESCOLARES;2032 - CONTRIBUIÇÃO AS ESCOLAS MUNICIPAIS;;3.3.50.41.00 - 3.3.50.41.00;101 - RECEITAS DE IMPOSTOS E DE TRANSFERÊNCIAS DE IMPOSTOS VINCULADOS À EDUCAÇÃO;NÃO SE APLICA;4426;20200923;4800;0;0;4800;0;0;0;0;0;4800;0
3110004;303;02;382336;2020;3;12 - EDUCAÇÃO;361 - ENSINO FUNDAMENTAL;0027 - GESTÃO DO CENTRO ESPECIALIZADO DE ATENÇÃO À CRIANÇA E AO ADOLESCENTE;2049 - MANUTENÇÃO DO CEACA;;3.1.90.13.03 - 3.1.90.13.03;101 - RECEITAS DE IMPOSTOS E DE TRANSFERÊNCIAS DE IMPOSTOS VINCULADOS À EDUCAÇÃO;NÃO SE APLICA;1150;20200221;0;0;0;0;0;2993.8;0;0;0;-2993.8;0
3110004;303;02;382336;2020;8;12 - EDUCAÇÃO;365 - EDUCAÇÃO INFANTIL;0221 - MANUTENÇÃO DA EDUCAÇÃO BÁSICA;2407 - REMUNERAÇÃO PESSOAL EDUCAÇÃO INFANTILCRECHE;;3.1.90.13.03 - 3.1.90.13.03;101 - RECEITAS DE IMPOSTOS E DE TRANSFERÊNCIAS DE IMPOSTOS VINCULADOS À EDUCAÇÃO;NÃO SE APLICA;3627;20200731;0;0;0;0;0;2969.67;0;0;0;-2969.67;0
3110004;303;02;382336;2020;6;12 - EDUCAÇÃO;361 - ENSINO FUNDAMENTAL;0019 - GESTÃO DO TRANSPORTE ESCOLAR;2042 - REMUNERAÇÃO PESSOAL TRANSPORTE ESCOLAR ENSINO FUNDAMENTAL;;3.1.90.13.03 - 3.1.90.13.03;101 - RECEITAS DE IMPOSTOS E DE TRANSFERÊNCIAS DE IMPOSTOS VINCULADOS À EDUCAÇÃO;NÃO SE APLICA;3108;20200630;1694.35;0;0;1694.35;0;16.2;0;0;0;1678.15;0
3110004;303;02;382336;2020;3;12 - EDUCAÇÃO;361 - ENSINO FUNDAMENTAL;0003 - MANUTENÇÃO DA EDUCAÇÃO BÁSICA;2482 - REMUNERAÇÃO PESSOAL DO ENSINO FUNDAMENTAL;;3.1.90.13.01 - 3.1.90.13.01;101 - RECEITAS DE IMPOSTOS E DE TRANSFERÊNCIAS DE IMPOSTOS VINCULADOS À EDUCAÇÃO;NÃO SE APLICA;1631;20200327;8025.59;0;0;8025.59;0;0;0;0;0;8025.59;0
3110004;303;02;382336;2020;5;12 - EDUCAÇÃO;361 - ENSINO FUNDAMENTAL;0019 - GESTÃO DO TRANSPORTE ESCOLAR;2042 - REMUNERAÇÃO PESSOAL TRANSPORTE ESCOLAR ENSINO FUNDAMENTAL;;3.1.90.11.11 - 3.1.90.11.11;101 - RECEITAS DE IMPOSTOS E DE TRANSFERÊNCIAS DE IMPOSTOS VINCULADOS À EDUCAÇÃO;NÃO SE APLICA;2481;20200529;5917.56;0;0;5917.56;0;5917.56;0;0;0;0;0
3110004;303;02;382336;2020;12;12 - EDUCAÇÃO;122 - ADMINISTRAÇÃO GERAL;0002 - GESTÃO DA SECRETARIA MUNICIPAL DE EDUCAÇÃO;2002 - MANUTENÇÃO DA SECRETARIA;;3.3.90.49.00 - 3.3.90.49.00;101 - RECEITAS DE IMPOSTOS E DE TRANSFERÊNCIAS DE IMPOSTOS VINCULADOS À EDUCAÇÃO;NÃO SE APLICA;234;20200120;0;0;20;0;0;0;0;0;0;0;-20
3110004;303;02;382336;2020;10;12 - EDUCAÇÃO;361 - ENSINO FUNDAMENTAL;0013 - TRANSFERÊNCIA AS CAIXAS ESCOLARES;2032 - CONTRIBUIÇÃO AS ESCOLAS MUNICIPAIS;;3.3.50.41.00 - 3.3.50.41.00;101 - RECEITAS DE IMPOSTOS E DE TRANSFERÊNCIAS DE IMPOSTOS VINCULADOS À EDUCAÇÃO;NÃO SE APLICA;4425;20200923;0;0;0;0;0;4400;0;0;0;-4400;0
3110004;303;02;382336;2020;11;12 - EDUCAÇÃO;361 - ENSINO FUNDAMENTAL;0003 - MANUTENÇÃO DA EDUCAÇÃO BÁSICA;2062 - MANUTENÇÃO DO ENSINO FUNDAMENTAL;;3.3.90.32.99 - 3.3.90.32.99;101 - RECEITAS DE IMPOSTOS E DE TRANSFERÊNCIAS DE IMPOSTOS VINCULADOS À EDUCAÇÃO;NÃO SE APLICA;5672;20201130;205179.09;0;0;0;0;0;0;0;0;0;205179.09
3110004;303;02;382336;2020;2;12 - EDUCAÇÃO;361 - ENSINO FUNDAMENTAL;0019 - GESTÃO DO TRANSPORTE ESCOLAR;2042 - REMUNERAÇÃO PESSOAL TRANSPORTE ESCOLAR ENSINO FUNDAMENTAL;;3.1.90.13.01 - 3.1.90.13.01;101 - RECEITAS DE IMPOSTOS E DE TRANSFERÊNCIAS DE IMPOSTOS VINCULADOS À EDUCAÇÃO;NÃO SE APLICA;1147;20200221;297.17;0;0;297.17;0;0;0;0;0;297.17;0
3110004;303;02;382336;2020;6;12 - EDUCAÇÃO;122 - ADMINISTRAÇÃO GERAL;0002 - GESTÃO DA SECRETARIA MUNICIPAL DE EDUCAÇÃO;2002 - MANUTENÇÃO DA SECRETARIA;;3.3.90.40.02 - 3.3.90.40.02;101 - RECEITAS DE IMPOSTOS E DE TRANSFERÊNCIAS DE IMPOSTOS VINCULADOS À EDUCAÇÃO;NÃO SE APLICA;939;20200221;0;0;0;750;0;750;0;0;0;0;-750
3110004;303;02;382336;2020;9;12 - EDUCAÇÃO;361 - ENSINO FUNDAMENTAL;0003 - MANUTENÇÃO DA EDUCAÇÃO BÁSICA;2482 - REMUNERAÇÃO PESSOAL DO ENSINO FUNDAMENTAL;;3.1.90.11.11 - 3.1.90.11.11;101 - RECEITAS DE IMPOSTOS E DE TRANSFERÊNCIAS DE IMPOSTOS VINCULADOS À EDUCAÇÃO;NÃO SE APLICA;4531;20200930;100486.34;0;0;100486.34;0;100486.34;0;0;0;0;0
3110004;303;02;382336;2020;3;12 - EDUCAÇÃO;122 - ADMINISTRAÇÃO GERAL;0002 - GESTÃO DA SECRETARIA MUNICIPAL DE EDUCAÇÃO;2001 - REMUNERAÇÃO PESSOAL DA SECRETARIA;;3.1.90.11.11 - 3.1.90.11.11;101 - RECEITAS DE IMPOSTOS E DE TRANSFERÊNCIAS DE IMPOSTOS VINCULADOS À EDUCAÇÃO;NÃO SE APLICA;1516;20200327;56086.22;0;0;56086.22;0;56086.22;0;0;0;0;0
3110004;303;02;382336;2020;6;12 - EDUCAÇÃO;361 - ENSINO FUNDAMENTAL;0027 - GESTÃO DO CENTRO ESPECIALIZADO DE ATENÇÃO À CRIANÇA E AO ADOLESCENTE;2049 - MANUTENÇÃO DO CEACA;;3.1.90.13.01 - 3.1.90.13.01;101 - RECEITAS DE IMPOSTOS E DE TRANSFERÊNCIAS DE IMPOSTOS VINCULADOS À EDUCAÇÃO;NÃO SE APLICA;3109;20200630;1247.1;0;0;1247.1;0;0;0;0;0;1247.1;0
3110004;303;02;382336;2020;1;12 - EDUCAÇÃO;122 - ADMINISTRAÇÃO GERAL;0002 - GESTÃO DA SECRETARIA MUNICIPAL DE EDUCAÇÃO;2001 - REMUNERAÇÃO PESSOAL DA SECRETARIA;;3.1.90.11.05 - 3.1.90.11.05;101 - RECEITAS DE IMPOSTOS E DE TRANSFERÊNCIAS DE IMPOSTOS VINCULADOS À EDUCAÇÃO;NÃO SE APLICA;364;20200130;8307.98;0;0;8307.98;0;8307.98;0;0;0;0;0
3110004;303;02;382336;2020;7;12 - EDUCAÇÃO;122 - ADMINISTRAÇÃO GERAL;0002 - GESTÃO DA SECRETARIA MUNICIPAL DE EDUCAÇÃO;2001 - REMUNERAÇÃO PESSOAL DA SECRETARIA;;3.1.90.13.01 - 3.1.90.13.01;101 - RECEITAS DE IMPOSTOS E DE TRANSFERÊNCIAS DE IMPOSTOS VINCULADOS À EDUCAÇÃO;NÃO SE APLICA;3101;20200630;0;0;0;0;0;3242.39;0;0;0;-3242.39;0
3110004;303;02;382336;2020;10;12 - EDUCAÇÃO;361 - ENSINO FUNDAMENTAL;0013 - TRANSFERÊNCIA AS CAIXAS ESCOLARES;2032 - CONTRIBUIÇÃO AS ESCOLAS MUNICIPAIS;;3.3.50.41.00 - 3.3.50.41.00;101 - RECEITAS DE IMPOSTOS E DE TRANSFERÊNCIAS DE IMPOSTOS VINCULADOS À EDUCAÇÃO;NÃO SE APLICA;4428;20200923;0;0;0;0;0;4840;0;0;0;-4840;0
3110004;303;02;382336;2020;9;12 - EDUCAÇÃO;122 - ADMINISTRAÇÃO GERAL;0002 - GESTÃO DA SECRETARIA MUNICIPAL DE EDUCAÇÃO;2001 - REMUNERAÇÃO PESSOAL DA SECRETARIA;;3.1.90.11.11 - 3.1.90.11.11;101 - RECEITAS DE IMPOSTOS E DE TRANSFERÊNCIAS DE IMPOSTOS VINCULADOS À EDUCAÇÃO;NÃO SE APLICA;4525;20200930;27605.17;0;0;27605.17;0;27605.17;0;0;0;0;0
3110004;303;02;382336;2020;2;12 - EDUCAÇÃO;122 - ADMINISTRAÇÃO GERAL;0002 - GESTÃO DA SECRETARIA MUNICIPAL DE EDUCAÇÃO;2002 - MANUTENÇÃO DA SECRETARIA;;3.3.90.49.00 - 3.3.90.49.00;101 - RECEITAS DE IMPOSTOS E DE TRANSFERÊNCIAS DE IMPOSTOS VINCULADOS À EDUCAÇÃO;NÃO SE APLICA;218;20200120;0;0;0;15884;0;15884;0;0;0;0;-15884
3110004;303;02;382336;2020;8;12 - EDUCAÇÃO;365 - EDUCAÇÃO INFANTIL;0221 - MANUTENÇÃO DA EDUCAÇÃO BÁSICA;2407 - REMUNERAÇÃO PESSOAL EDUCAÇÃO INFANTILCRECHE;;3.1.90.13.03 - 3.1.90.13.03;101 - RECEITAS DE IMPOSTOS E DE TRANSFERÊNCIAS DE IMPOSTOS VINCULADOS À EDUCAÇÃO;NÃO SE APLICA;4107;20200828;3018.28;0;0;3018.28;0;48.62;0;0;0;2969.66;0
3110004;303;02;382336;2020;5;12 - EDUCAÇÃO;122 - ADMINISTRAÇÃO GERAL;0002 - GESTÃO DA SECRETARIA MUNICIPAL DE EDUCAÇÃO;2002 - MANUTENÇÃO DA SECRETARIA;;3.3.90.39.13 - 3.3.90.39.13;101 - RECEITAS DE IMPOSTOS E DE TRANSFERÊNCIAS DE IMPOSTOS VINCULADOS À EDUCAÇÃO;NÃO SE APLICA;24;20200102;0;0;0;2086.2;0;2086.2;0;0;0;0;-2086.2
3110004;303;02;382336;2020;12;12 - EDUCAÇÃO;361 - ENSINO FUNDAMENTAL;0003 - MANUTENÇÃO DA EDUCAÇÃO BÁSICA;2329 - REMUNERAÇÃO DE ESTAGIÁRIOS;;3.3.90.36.07 - 3.3.90.36.07;101 - RECEITAS DE IMPOSTOS E DE TRANSFERÊNCIAS DE IMPOSTOS VINCULADOS À EDUCAÇÃO;NÃO SE APLICA;6134;20201228;21738.3;0;0;21738.3;0;21738.3;0;0;0;0;0
3110004;303;02;382336;2020;2;12 - EDUCAÇÃO;361 - ENSINO FUNDAMENTAL;0003 - MANUTENÇÃO DA EDUCAÇÃO BÁSICA;2329 - REMUNERAÇÃO DE ESTAGIÁRIOS;;3.3.90.36.07 - 3.3.90.36.07;101 - RECEITAS DE IMPOSTOS E DE TRANSFERÊNCIAS DE IMPOSTOS VINCULADOS À EDUCAÇÃO;NÃO SE APLICA;1034;20200221;3995.6;0;0;3995.6;0;3995.6;0;0;0;0;0
3110004;303;02;382336;2020;10;12 - EDUCAÇÃO;361 - ENSINO FUNDAMENTAL;0013 - TRANSFERÊNCIA AS CAIXAS ESCOLARES;2032 - CONTRIBUIÇÃO AS ESCOLAS MUNICIPAIS;;3.3.50.41.00 - 3.3.50.41.00;101 - RECEITAS DE IMPOSTOS E DE TRANSFERÊNCIAS DE IMPOSTOS VINCULADOS À EDUCAÇÃO;NÃO SE APLICA;4430;20200923;0;0;0;0;0;7000;0;0;0;-7000;0
3110004;303;02;382336;2020;12;12 - EDUCAÇÃO;365 - EDUCAÇÃO INFANTIL;0221 - MANUTENÇÃO DA EDUCAÇÃO BÁSICA;2407 - REMUNERAÇÃO PESSOAL EDUCAÇÃO INFANTILCRECHE;;3.1.90.11.05 - 3.1.90.11.05;101 - RECEITAS DE IMPOSTOS E DE TRANSFERÊNCIAS DE IMPOSTOS VINCULADOS À EDUCAÇÃO;NÃO SE APLICA;5814;20201214;8404.52;0;0;8404.52;0;8404.52;0;0;0;0;0
3110004;303;02;382336;2020;9;12 - EDUCAÇÃO;122 - ADMINISTRAÇÃO GERAL;0002 - GESTÃO DA SECRETARIA MUNICIPAL DE EDUCAÇÃO;2002 - MANUTENÇÃO DA SECRETARIA;;3.3.90.39.43 - 3.3.90.39.43;101 - RECEITAS DE IMPOSTOS E DE TRANSFERÊNCIAS DE IMPOSTOS VINCULADOS À EDUCAÇÃO;NÃO SE APLICA;195;20200115;0;0;0;2655.19;0;2655.19;0;0;0;0;-2655.19
3110004;303;02;382336;2020;10;12 - EDUCAÇÃO;122 - ADMINISTRAÇÃO GERAL;0002 - GESTÃO DA SECRETARIA MUNICIPAL DE EDUCAÇÃO;2002 - MANUTENÇÃO DA SECRETARIA;;4.4.90.52.19 - 4.4.90.52.19;101 - RECEITAS DE IMPOSTOS E DE TRANSFERÊNCIAS DE IMPOSTOS VINCULADOS À EDUCAÇÃO;NÃO SE APLICA;4331;20200911;0;0;0;30800;0;0;0;0;0;30800;-30800
3110004;303;02;382336;2020;3;12 - EDUCAÇÃO;361 - ENSINO FUNDAMENTAL;0027 - GESTÃO DO CENTRO ESPECIALIZADO DE ATENÇÃO À CRIANÇA E AO ADOLESCENTE;2049 - MANUTENÇÃO DO CEACA;;3.1.90.11.11 - 3.1.90.11.11;101 - RECEITAS DE IMPOSTOS E DE TRANSFERÊNCIAS DE IMPOSTOS VINCULADOS À EDUCAÇÃO;NÃO SE APLICA;1529;20200327;18369.32;0;0;18369.32;0;18369.32;0;0;0;0;0
3110004;303;02;382336;2020;11;12 - EDUCAÇÃO;122 - ADMINISTRAÇÃO GERAL;0002 - GESTÃO DA SECRETARIA MUNICIPAL DE EDUCAÇÃO;2002 - MANUTENÇÃO DA SECRETARIA;;3.3.90.49.00 - 3.3.90.49.00;101 - RECEITAS DE IMPOSTOS E DE TRANSFERÊNCIAS DE IMPOSTOS VINCULADOS À EDUCAÇÃO;NÃO SE APLICA;234;20200120;0;0;0;162;0;162;0;0;0;0;-162
3110004;303;02;382336;2020;4;12 - EDUCAÇÃO;365 - EDUCAÇÃO INFANTIL;0003 - MANUTENÇÃO DA EDUCAÇÃO BÁSICA;2483 - REMUNERAÇÃO PESSOAL DA EDUCAÇÃO INFANTIL;;3.1.90.13.01 - 3.1.90.13.01;101 - RECEITAS DE IMPOSTOS E DE TRANSFERÊNCIAS DE IMPOSTOS VINCULADOS À EDUCAÇÃO;NÃO SE APLICA;1637;20200327;0;0;0;0;0;6203.42;0;0;0;-6203.42;0
3110004;303;02;382336;2020;10;12 - EDUCAÇÃO;361 - ENSINO FUNDAMENTAL;0003 - MANUTENÇÃO DA EDUCAÇÃO BÁSICA;2482 - REMUNERAÇÃO PESSOAL DO ENSINO FUNDAMENTAL;;3.1.90.11.11 - 3.1.90.11.11;101 - RECEITAS DE IMPOSTOS E DE TRANSFERÊNCIAS DE IMPOSTOS VINCULADOS À EDUCAÇÃO;NÃO SE APLICA;5011;20201029;102462.29;0;0;102462.29;0;102462.29;0;0;0;0;0
3110004;303;02;382336;2020;4;12 - EDUCAÇÃO;361 - ENSINO FUNDAMENTAL;0003 - MANUTENÇÃO DA EDUCAÇÃO BÁSICA;2482 - REMUNERAÇÃO PESSOAL DO ENSINO FUNDAMENTAL;;3.1.90.11.11 - 3.1.90.11.11;101 - RECEITAS DE IMPOSTOS E DE TRANSFERÊNCIAS DE IMPOSTOS VINCULADOS À EDUCAÇÃO;NÃO SE APLICA;1996;20200429;109494.72;0;0;109494.72;0;109494.72;0;0;0;0;0
3110004;303;02;382336;2020;11;12 - EDUCAÇÃO;122 - ADMINISTRAÇÃO GERAL;0002 - GESTÃO DA SECRETARIA MUNICIPAL DE EDUCAÇÃO;2002 - MANUTENÇÃO DA SECRETARIA;;3.3.90.39.43 - 3.3.90.39.43;101 - RECEITAS DE IMPOSTOS E DE TRANSFERÊNCIAS DE IMPOSTOS VINCULADOS À EDUCAÇÃO;NÃO SE APLICA;4223;20200901;0;0;0;2717.18;0;2717.18;0;0;0;0;-2717.18
3110004;303;02;382336;2020;9;12 - EDUCAÇÃO;361 - ENSINO FUNDAMENTAL;0013 - TRANSFERÊNCIA AS CAIXAS ESCOLARES;2032 - CONTRIBUIÇÃO AS ESCOLAS MUNICIPAIS;;3.3.50.41.00 - 3.3.50.41.00;101 - RECEITAS DE IMPOSTOS E DE TRANSFERÊNCIAS DE IMPOSTOS VINCULADOS À EDUCAÇÃO;NÃO SE APLICA;4424;20200923;2800;0;0;2800;0;0;0;0;0;2800;0
3110004;303;02;382336;2020;9;12 - EDUCAÇÃO;122 - ADMINISTRAÇÃO GERAL;0002 - GESTÃO DA SECRETARIA MUNICIPAL DE EDUCAÇÃO;2001 - REMUNERAÇÃO PESSOAL DA SECRETARIA;;3.1.90.13.03 - 3.1.90.13.03;101 - RECEITAS DE IMPOSTOS E DE TRANSFERÊNCIAS DE IMPOSTOS VINCULADOS À EDUCAÇÃO;NÃO SE APLICA;4643;20200930;8985.81;0;0;8985.81;0;598.52;0;0;0;8387.29;0
3110004;303;02;382336;2020;7;12 - EDUCAÇÃO;122 - ADMINISTRAÇÃO GERAL;0002 - GESTÃO DA SECRETARIA MUNICIPAL DE EDUCAÇÃO;2002 - MANUTENÇÃO DA SECRETARIA;;3.3.90.40.02 - 3.3.90.40.02;101 - RECEITAS DE IMPOSTOS E DE TRANSFERÊNCIAS DE IMPOSTOS VINCULADOS À EDUCAÇÃO;NÃO SE APLICA;939;20200221;0;0;0;750;0;750;0;0;0;0;-750
3110004;303;02;382336;2020;12;12 - EDUCAÇÃO;122 - ADMINISTRAÇÃO GERAL;0002 - GESTÃO DA SECRETARIA MUNICIPAL DE EDUCAÇÃO;2002 - MANUTENÇÃO DA SECRETARIA;;3.3.90.36.14 - 3.3.90.36.14;101 - RECEITAS DE IMPOSTOS E DE TRANSFERÊNCIAS DE IMPOSTOS VINCULADOS À EDUCAÇÃO;NÃO SE APLICA;1286;20200304;0;0;0;1617.33;0;1617.33;0;0;0;0;-1617.33
3110004;303;02;382336;2020;10;12 - EDUCAÇÃO;361 - ENSINO FUNDAMENTAL;0013 - TRANSFERÊNCIA AS CAIXAS ESCOLARES;2032 - CONTRIBUIÇÃO AS ESCOLAS MUNICIPAIS;;3.3.50.41.00 - 3.3.50.41.00;101 - RECEITAS DE IMPOSTOS E DE TRANSFERÊNCIAS DE IMPOSTOS VINCULADOS À EDUCAÇÃO;NÃO SE APLICA;4429;20200923;0;0;0;0;0;960;0;0;0;-960;0
3110004;303;02;382336;2020;12;12 - EDUCAÇÃO;122 - ADMINISTRAÇÃO GERAL;0002 - GESTÃO DA SECRETARIA MUNICIPAL DE EDUCAÇÃO;2002 - MANUTENÇÃO DA SECRETARIA;;3.3.90.49.00 - 3.3.90.49.00;101 - RECEITAS DE IMPOSTOS E DE TRANSFERÊNCIAS DE IMPOSTOS VINCULADOS À EDUCAÇÃO;NÃO SE APLICA;225;20200120;0;0;903.65;1109;0;1109;0;0;0;0;-2012.65
3110004;303;02;382336;2020;10;12 - EDUCAÇÃO;122 - ADMINISTRAÇÃO GERAL;0002 - GESTÃO DA SECRETARIA MUNICIPAL DE EDUCAÇÃO;2002 - MANUTENÇÃO DA SECRETARIA;;3.3.90.49.00 - 3.3.90.49.00;101 - RECEITAS DE IMPOSTOS E DE TRANSFERÊNCIAS DE IMPOSTOS VINCULADOS À EDUCAÇÃO;NÃO SE APLICA;225;20200120;0;0;173000;3647.65;0;3647.65;0;0;0;0;-176647.65
3110004;303;02;382336;2020;10;12 - EDUCAÇÃO;122 - ADMINISTRAÇÃO GERAL;0002 - GESTÃO DA SECRETARIA MUNICIPAL DE EDUCAÇÃO;2002 - MANUTENÇÃO DA SECRETARIA;;3.3.90.49.00 - 3.3.90.49.00;101 - RECEITAS DE IMPOSTOS E DE TRANSFERÊNCIAS DE IMPOSTOS VINCULADOS À EDUCAÇÃO;NÃO SE APLICA;218;20200120;0;0;120000;3561.5;0;3561.5;0;0;0;0;-123561.5
3110004;303;02;382336;2020;9;12 - EDUCAÇÃO;122 - ADMINISTRAÇÃO GERAL;0002 - GESTÃO DA SECRETARIA MUNICIPAL DE EDUCAÇÃO;2001 - REMUNERAÇÃO PESSOAL DA SECRETARIA;;3.1.90.94.01 - 3.1.90.94.01;101 - RECEITAS DE IMPOSTOS E DE TRANSFERÊNCIAS DE IMPOSTOS VINCULADOS À EDUCAÇÃO;NÃO SE APLICA;4252;20200902;1296.48;0;0;1296.48;0;1296.48;0;0;0;0;0
3110004;303;02;382336;2020;2;12 - EDUCAÇÃO;361 - ENSINO FUNDAMENTAL;0019 - GESTÃO DO TRANSPORTE ESCOLAR;2042 - REMUNERAÇÃO PESSOAL TRANSPORTE ESCOLAR ENSINO FUNDAMENTAL;;3.1.90.13.01 - 3.1.90.13.01;101 - RECEITAS DE IMPOSTOS E DE TRANSFERÊNCIAS DE IMPOSTOS VINCULADOS À EDUCAÇÃO;NÃO SE APLICA;485;20200130;0;0;0;0;0;316.54;0;0;0;-316.54;0
3110004;303;02;382336;2020;12;12 - EDUCAÇÃO;122 - ADMINISTRAÇÃO GERAL;0002 - GESTÃO DA SECRETARIA MUNICIPAL DE EDUCAÇÃO;2001 - REMUNERAÇÃO PESSOAL DA SECRETARIA;;3.1.90.13.03 - 3.1.90.13.03;101 - RECEITAS DE IMPOSTOS E DE TRANSFERÊNCIAS DE IMPOSTOS VINCULADOS À EDUCAÇÃO;NÃO SE APLICA;6250;20201228;8539.4;0;0;8539.4;0;8539.4;0;0;0;0;0
3110004;303;02;382336;2020;5;12 - EDUCAÇÃO;122 - ADMINISTRAÇÃO GERAL;0002 - GESTÃO DA SECRETARIA MUNICIPAL DE EDUCAÇÃO;2001 - REMUNERAÇÃO PESSOAL DA SECRETARIA;;3.1.90.13.03 - 3.1.90.13.03;101 - RECEITAS DE IMPOSTOS E DE TRANSFERÊNCIAS DE IMPOSTOS VINCULADOS À EDUCAÇÃO;NÃO SE APLICA;2587;20200529;8525.27;0;0;8525.27;0;0;0;0;0;8525.27;0
3110004;303;02;382336;2020;6;12 - EDUCAÇÃO;361 - ENSINO FUNDAMENTAL;0019 - GESTÃO DO TRANSPORTE ESCOLAR;2042 - REMUNERAÇÃO PESSOAL TRANSPORTE ESCOLAR ENSINO FUNDAMENTAL;;3.1.90.16.00 - 3.1.90.16.00;101 - RECEITAS DE IMPOSTOS E DE TRANSFERÊNCIAS DE IMPOSTOS VINCULADOS À EDUCAÇÃO;NÃO SE APLICA;2996;20200630;1611.28;0;0;1611.28;0;1611.28;0;0;0;0;0
3110004;303;02;382336;2020;1;12 - EDUCAÇÃO;122 - ADMINISTRAÇÃO GERAL;0002 - GESTÃO DA SECRETARIA MUNICIPAL DE EDUCAÇÃO;2002 - MANUTENÇÃO DA SECRETARIA;;3.3.90.49.00 - 3.3.90.49.00;101 - RECEITAS DE IMPOSTOS E DE TRANSFERÊNCIAS DE IMPOSTOS VINCULADOS À EDUCAÇÃO;NÃO SE APLICA;218;20200120;164200;0;0;6581.5;0;6581.5;0;0;0;0;157618.5
3110004;303;02;382336;2020;11;12 - EDUCAÇÃO;365 - EDUCAÇÃO INFANTIL;0221 - MANUTENÇÃO DA EDUCAÇÃO BÁSICA;2407 - REMUNERAÇÃO PESSOAL EDUCAÇÃO INFANTILCRECHE;;3.1.90.13.01 - 3.1.90.13.01;101 - RECEITAS DE IMPOSTOS E DE TRANSFERÊNCIAS DE IMPOSTOS VINCULADOS À EDUCAÇÃO;NÃO SE APLICA;5133;20201029;0;0;0;0;0;1151.65;0;0;0;-1151.65;0
3110004;303;02;382336;2020;8;12 - EDUCAÇÃO;122 - ADMINISTRAÇÃO GERAL;0002 - GESTÃO DA SECRETARIA MUNICIPAL DE EDUCAÇÃO;2002 - MANUTENÇÃO DA SECRETARIA;;3.3.90.49.00 - 3.3.90.49.00;101 - RECEITAS DE IMPOSTOS E DE TRANSFERÊNCIAS DE IMPOSTOS VINCULADOS À EDUCAÇÃO;NÃO SE APLICA;225;20200120;0;0;0;1773.2;0;1773.2;0;0;0;0;-1773.2
3110004;303;02;382336;2020;11;12 - EDUCAÇÃO;122 - ADMINISTRAÇÃO GERAL;0002 - GESTÃO DA SECRETARIA MUNICIPAL DE EDUCAÇÃO;2002 - MANUTENÇÃO DA SECRETARIA;;3.3.90.40.02 - 3.3.90.40.02;101 - RECEITAS DE IMPOSTOS E DE TRANSFERÊNCIAS DE IMPOSTOS VINCULADOS À EDUCAÇÃO;NÃO SE APLICA;3277;20200708;0;0;0;750;0;750;0;0;0;0;-750
3110004;303;02;382336;2020;11;12 - EDUCAÇÃO;361 - ENSINO FUNDAMENTAL;0019 - GESTÃO DO TRANSPORTE ESCOLAR;2042 - REMUNERAÇÃO PESSOAL TRANSPORTE ESCOLAR ENSINO FUNDAMENTAL;;3.1.90.13.01 - 3.1.90.13.01;101 - RECEITAS DE IMPOSTOS E DE TRANSFERÊNCIAS DE IMPOSTOS VINCULADOS À EDUCAÇÃO;NÃO SE APLICA;5542;20201127;286.15;0;0;286.15;0;0;0;0;0;286.15;0
3110004;303;02;382336;2020;12;12 - EDUCAÇÃO;122 - ADMINISTRAÇÃO GERAL;0002 - GESTÃO DA SECRETARIA MUNICIPAL DE EDUCAÇÃO;2002 - MANUTENÇÃO DA SECRETARIA;;3.3.90.30.16 - 3.3.90.30.16;101 - RECEITAS DE IMPOSTOS E DE TRANSFERÊNCIAS DE IMPOSTOS VINCULADOS À EDUCAÇÃO;NÃO SE APLICA;5711;20201204;13.61;0;0;0;0;0;0;0;0;0;13.61
3110004;303;02;382336;2020;2;12 - EDUCAÇÃO;122 - ADMINISTRAÇÃO GERAL;0002 - GESTÃO DA SECRETARIA MUNICIPAL DE EDUCAÇÃO;2001 - REMUNERAÇÃO PESSOAL DA SECRETARIA;;3.1.90.13.01 - 3.1.90.13.01;101 - RECEITAS DE IMPOSTOS E DE TRANSFERÊNCIAS DE IMPOSTOS VINCULADOS À EDUCAÇÃO;NÃO SE APLICA;479;20200130;0;0;0;0;0;5013.63;0;0;0;-5013.63;0
3110004;303;02;382336;2020;8;12 - EDUCAÇÃO;122 - ADMINISTRAÇÃO GERAL;0002 - GESTÃO DA SECRETARIA MUNICIPAL DE EDUCAÇÃO;2002 - MANUTENÇÃO DA SECRETARIA;;4.4.90.52.19 - 4.4.90.52.19;101 - RECEITAS DE IMPOSTOS E DE TRANSFERÊNCIAS DE IMPOSTOS VINCULADOS À EDUCAÇÃO;NÃO SE APLICA;3839;20200814;130;0;0;130;0;0;0;0;0;130;0
3110004;303;02;382336;2020;4;12 - EDUCAÇÃO;122 - ADMINISTRAÇÃO GERAL;0002 - GESTÃO DA SECRETARIA MUNICIPAL DE EDUCAÇÃO;2002 - MANUTENÇÃO DA SECRETARIA;;3.3.90.39.29 - 3.3.90.39.29;101 - RECEITAS DE IMPOSTOS E DE TRANSFERÊNCIAS DE IMPOSTOS VINCULADOS À EDUCAÇÃO;NÃO SE APLICA;20;20200102;0;0;0;778.64;0;778.64;0;0;0;0;-778.64
3110004;303;02;382336;2020;6;12 - EDUCAÇÃO;361 - ENSINO FUNDAMENTAL;0019 - GESTÃO DO TRANSPORTE ESCOLAR;2042 - REMUNERAÇÃO PESSOAL TRANSPORTE ESCOLAR ENSINO FUNDAMENTAL;;3.1.90.04.99 - 3.1.90.04.99;101 - RECEITAS DE IMPOSTOS E DE TRANSFERÊNCIAS DE IMPOSTOS VINCULADOS À EDUCAÇÃO;NÃO SE APLICA;2994;20200630;1279.79;0;0;1279.79;0;1279.79;0;0;0;0;0
3110004;303;02;382336;2020;2;12 - EDUCAÇÃO;365 - EDUCAÇÃO INFANTIL;0003 - MANUTENÇÃO DA EDUCAÇÃO BÁSICA;2006 - MANUTENÇÃO DA EDUCAÇÃO INFANTIL;;3.3.90.30.22 - 3.3.90.30.22;101 - RECEITAS DE IMPOSTOS E DE TRANSFERÊNCIAS DE IMPOSTOS VINCULADOS À EDUCAÇÃO;NÃO SE APLICA;1243;20200228;4353;0;0;0;0;0;0;0;0;0;4353
3110004;303;02;382336;2020;6;12 - EDUCAÇÃO;361 - ENSINO FUNDAMENTAL;0003 - MANUTENÇÃO DA EDUCAÇÃO BÁSICA;2329 - REMUNERAÇÃO DE ESTAGIÁRIOS;;3.3.90.36.07 - 3.3.90.36.07;101 - RECEITAS DE IMPOSTOS E DE TRANSFERÊNCIAS DE IMPOSTOS VINCULADOS À EDUCAÇÃO;NÃO SE APLICA;2990;20200630;36970.05;0;0;36970.05;0;36970.05;0;0;0;0;0
3110004;303;02;382336;2020;5;12 - EDUCAÇÃO;361 - ENSINO FUNDAMENTAL;0019 - GESTÃO DO TRANSPORTE ESCOLAR;2042 - REMUNERAÇÃO PESSOAL TRANSPORTE ESCOLAR ENSINO FUNDAMENTAL;;3.1.90.13.01 - 3.1.90.13.01;101 - RECEITAS DE IMPOSTOS E DE TRANSFERÊNCIAS DE IMPOSTOS VINCULADOS À EDUCAÇÃO;NÃO SE APLICA;2105;20200429;0;0;0;0;0;343.88;0;0;0;-343.88;0
3110004;303;02;382336;2020;5;12 - EDUCAÇÃO;361 - ENSINO FUNDAMENTAL;0019 - GESTÃO DO TRANSPORTE ESCOLAR;2042 - REMUNERAÇÃO PESSOAL TRANSPORTE ESCOLAR ENSINO FUNDAMENTAL;;3.1.90.13.03 - 3.1.90.13.03;101 - RECEITAS DE IMPOSTOS E DE TRANSFERÊNCIAS DE IMPOSTOS VINCULADOS À EDUCAÇÃO;NÃO SE APLICA;2106;20200429;0;0;0;0;0;1897.32;0;0;0;-1897.32;0
3110004;303;02;382336;2020;8;12 - EDUCAÇÃO;361 - ENSINO FUNDAMENTAL;0003 - MANUTENÇÃO DA EDUCAÇÃO BÁSICA;2062 - MANUTENÇÃO DO ENSINO FUNDAMENTAL;;3.3.90.39.60 - 3.3.90.39.60;101 - RECEITAS DE IMPOSTOS E DE TRANSFERÊNCIAS DE IMPOSTOS VINCULADOS À EDUCAÇÃO;NÃO SE APLICA;2685;20200529;0;0;0;3589.96;0;3589.96;0;0;0;0;-3589.96
3110004;303;02;382336;2020;8;12 - EDUCAÇÃO;361 - ENSINO FUNDAMENTAL;0019 - GESTÃO DO TRANSPORTE ESCOLAR;2042 - REMUNERAÇÃO PESSOAL TRANSPORTE ESCOLAR ENSINO FUNDAMENTAL;;3.1.90.16.00 - 3.1.90.16.00;101 - RECEITAS DE IMPOSTOS E DE TRANSFERÊNCIAS DE IMPOSTOS VINCULADOS À EDUCAÇÃO;NÃO SE APLICA;3988;20200828;1162.41;0;0;1162.41;0;1162.41;0;0;0;0;0
3110004;303;02;382336;2020;12;12 - EDUCAÇÃO;365 - EDUCAÇÃO INFANTIL;0003 - MANUTENÇÃO DA EDUCAÇÃO BÁSICA;2006 - MANUTENÇÃO DA EDUCAÇÃO INFANTIL;;4.4.90.52.06 - 4.4.90.52.06;101 - RECEITAS DE IMPOSTOS E DE TRANSFERÊNCIAS DE IMPOSTOS VINCULADOS À EDUCAÇÃO;NÃO SE APLICA;4735;20200930;0;0;0;383.15;0;383.15;0;0;0;0;-383.15
3110004;303;02;382336;2020;11;12 - EDUCAÇÃO;122 - ADMINISTRAÇÃO GERAL;0002 - GESTÃO DA SECRETARIA MUNICIPAL DE EDUCAÇÃO;2002 - MANUTENÇÃO DA SECRETARIA;;3.3.90.49.00 - 3.3.90.49.00;101 - RECEITAS DE IMPOSTOS E DE TRANSFERÊNCIAS DE IMPOSTOS VINCULADOS À EDUCAÇÃO;NÃO SE APLICA;5378;20201125;3000;0;0;1440;0;1440;0;0;0;0;1560
3110004;303;02;382336;2020;10;12 - EDUCAÇÃO;361 - ENSINO FUNDAMENTAL;0013 - TRANSFERÊNCIA AS CAIXAS ESCOLARES;2032 - CONTRIBUIÇÃO AS ESCOLAS MUNICIPAIS;;3.3.50.41.00 - 3.3.50.41.00;101 - RECEITAS DE IMPOSTOS E DE TRANSFERÊNCIAS DE IMPOSTOS VINCULADOS À EDUCAÇÃO;NÃO SE APLICA;4418;20200923;0;0;0;0;0;2000;0;0;0;-2000;0
3110004;303;02;382336;2020;4;12 - EDUCAÇÃO;361 - ENSINO FUNDAMENTAL;0003 - MANUTENÇÃO DA EDUCAÇÃO BÁSICA;1200 - CONSTRUÇÃO E REFORMA DE PRÉDIOS ESCOLARES ENSINO FUNDAMENTAL;;4.4.90.51.02 - 4.4.90.51.02;101 - RECEITAS DE IMPOSTOS E DE TRANSFERÊNCIAS DE IMPOSTOS VINCULADOS À EDUCAÇÃO;NÃO SE APLICA;1959;20200429;56652.6;0;0;0;0;0;0;0;0;0;56652.6
3110004;303;02;382336;2020;10;12 - EDUCAÇÃO;122 - ADMINISTRAÇÃO GERAL;0002 - GESTÃO DA SECRETARIA MUNICIPAL DE EDUCAÇÃO;2002 - MANUTENÇÃO DA SECRETARIA;;3.3.90.30.24 - 3.3.90.30.24;101 - RECEITAS DE IMPOSTOS E DE TRANSFERÊNCIAS DE IMPOSTOS VINCULADOS À EDUCAÇÃO;NÃO SE APLICA;4828;20201014;480;0;0;0;0;0;0;0;0;0;480
3110004;303;02;382336;2020;9;12 - EDUCAÇÃO;361 - ENSINO FUNDAMENTAL;0003 - MANUTENÇÃO DA EDUCAÇÃO BÁSICA;2482 - REMUNERAÇÃO PESSOAL DO ENSINO FUNDAMENTAL;;3.1.90.13.03 - 3.1.90.13.03;101 - RECEITAS DE IMPOSTOS E DE TRANSFERÊNCIAS DE IMPOSTOS VINCULADOS À EDUCAÇÃO;NÃO SE APLICA;4647;20200930;22631.88;0;0;22631.88;0;1782.88;0;0;0;20849;0
3110004;303;02;382336;2020;9;12 - EDUCAÇÃO;361 - ENSINO FUNDAMENTAL;0019 - GESTÃO DO TRANSPORTE ESCOLAR;2042 - REMUNERAÇÃO PESSOAL TRANSPORTE ESCOLAR ENSINO FUNDAMENTAL;;3.1.90.13.01 - 3.1.90.13.01;101 - RECEITAS DE IMPOSTOS E DE TRANSFERÊNCIAS DE IMPOSTOS VINCULADOS À EDUCAÇÃO;NÃO SE APLICA;4100;20200828;0;0;0;0;0;262.02;0;0;0;-262.02;0
3110004;303;02;382336;2020;11;12 - EDUCAÇÃO;365 - EDUCAÇÃO INFANTIL;0221 - MANUTENÇÃO DA EDUCAÇÃO BÁSICA;2407 - REMUNERAÇÃO PESSOAL EDUCAÇÃO INFANTILCRECHE;;3.1.90.11.11 - 3.1.90.11.11;101 - RECEITAS DE IMPOSTOS E DE TRANSFERÊNCIAS DE IMPOSTOS VINCULADOS À EDUCAÇÃO;NÃO SE APLICA;5430;20201127;5991.16;0;0;5991.16;0;5991.16;0;0;0;0;0
3110004;303;02;382336;2020;7;12 - EDUCAÇÃO;365 - EDUCAÇÃO INFANTIL;0221 - MANUTENÇÃO DA EDUCAÇÃO BÁSICA;2407 - REMUNERAÇÃO PESSOAL EDUCAÇÃO INFANTILCRECHE;;3.1.90.13.03 - 3.1.90.13.03;101 - RECEITAS DE IMPOSTOS E DE TRANSFERÊNCIAS DE IMPOSTOS VINCULADOS À EDUCAÇÃO;NÃO SE APLICA;3114;20200630;0;0;0;0;0;2969.66;0;0;0;-2969.66;0
3110004;303;02;382336;2020;4;12 - EDUCAÇÃO;365 - EDUCAÇÃO INFANTIL;0003 - MANUTENÇÃO DA EDUCAÇÃO BÁSICA;2483 - REMUNERAÇÃO PESSOAL DA EDUCAÇÃO INFANTIL;;3.1.90.13.03 - 3.1.90.13.03;101 - RECEITAS DE IMPOSTOS E DE TRANSFERÊNCIAS DE IMPOSTOS VINCULADOS À EDUCAÇÃO;NÃO SE APLICA;2110;20200429;659.48;0;0;659.48;0;48.62;0;0;0;610.86;0
3110004;303;02;382336;2020;9;12 - EDUCAÇÃO;365 - EDUCAÇÃO INFANTIL;0003 - MANUTENÇÃO DA EDUCAÇÃO BÁSICA;2006 - MANUTENÇÃO DA EDUCAÇÃO INFANTIL;;3.3.90.32.99 - 3.3.90.32.99;101 - RECEITAS DE IMPOSTOS E DE TRANSFERÊNCIAS DE IMPOSTOS VINCULADOS À EDUCAÇÃO;NÃO SE APLICA;741;20200207;0;0;0;0;0;38735;0;0;0;-38735;0
3110004;303;02;382336;2020;2;12 - EDUCAÇÃO;365 - EDUCAÇÃO INFANTIL;0003 - MANUTENÇÃO DA EDUCAÇÃO BÁSICA;2006 - MANUTENÇÃO DA EDUCAÇÃO INFANTIL;;3.3.90.30.16 - 3.3.90.30.16;101 - RECEITAS DE IMPOSTOS E DE TRANSFERÊNCIAS DE IMPOSTOS VINCULADOS À EDUCAÇÃO;NÃO SE APLICA;938;20200221;5432;0;0;0;0;0;0;0;0;0;5432
3110004;303;02;382336;2020;9;12 - EDUCAÇÃO;361 - ENSINO FUNDAMENTAL;0013 - TRANSFERÊNCIA AS CAIXAS ESCOLARES;2032 - CONTRIBUIÇÃO AS ESCOLAS MUNICIPAIS;;3.3.50.41.00 - 3.3.50.41.00;101 - RECEITAS DE IMPOSTOS E DE TRANSFERÊNCIAS DE IMPOSTOS VINCULADOS À EDUCAÇÃO;NÃO SE APLICA;4425;20200923;4400;0;0;4400;0;0;0;0;0;4400;0
3110004;303;02;382336;2020;9;12 - EDUCAÇÃO;361 - ENSINO FUNDAMENTAL;0013 - TRANSFERÊNCIA AS CAIXAS ESCOLARES;2032 - CONTRIBUIÇÃO AS ESCOLAS MUNICIPAIS;;3.3.50.41.00 - 3.3.50.41.00;101 - RECEITAS DE IMPOSTOS E DE TRANSFERÊNCIAS DE IMPOSTOS VINCULADOS À EDUCAÇÃO;NÃO SE APLICA;4433;20200923;2400;0;0;2400;0;0;0;0;0;2400;0
3110004;303;02;382336;2020;1;12 - EDUCAÇÃO;122 - ADMINISTRAÇÃO GERAL;0002 - GESTÃO DA SECRETARIA MUNICIPAL DE EDUCAÇÃO;2002 - MANUTENÇÃO DA SECRETARIA;;3.3.90.14.05 - 3.3.90.14.05;101 - RECEITAS DE IMPOSTOS E DE TRANSFERÊNCIAS DE IMPOSTOS VINCULADOS À EDUCAÇÃO;NÃO SE APLICA;254;20200124;47.2;0;0;47.2;0;47.2;0;0;0;0;0
3110004;303;02;382336;2020;11;12 - EDUCAÇÃO;361 - ENSINO FUNDAMENTAL;0019 - GESTÃO DO TRANSPORTE ESCOLAR;2042 - REMUNERAÇÃO PESSOAL TRANSPORTE ESCOLAR ENSINO FUNDAMENTAL;;3.1.90.11.11 - 3.1.90.11.11;101 - RECEITAS DE IMPOSTOS E DE TRANSFERÊNCIAS DE IMPOSTOS VINCULADOS À EDUCAÇÃO;NÃO SE APLICA;5425;20201127;3335.53;0;0;3335.53;0;3335.53;0;0;0;0;0
3110004;303;02;382336;2020;12;12 - EDUCAÇÃO;365 - EDUCAÇÃO INFANTIL;0221 - MANUTENÇÃO DA EDUCAÇÃO BÁSICA;2407 - REMUNERAÇÃO PESSOAL EDUCAÇÃO INFANTILCRECHE;;3.1.90.13.03 - 3.1.90.13.03;101 - RECEITAS DE IMPOSTOS E DE TRANSFERÊNCIAS DE IMPOSTOS VINCULADOS À EDUCAÇÃO;NÃO SE APLICA;6262;20201228;3018.28;0;0;3018.28;0;3018.28;0;0;0;0;0
3110004;303;02;382336;2020;2;12 - EDUCAÇÃO;361 - ENSINO FUNDAMENTAL;0003 - MANUTENÇÃO DA EDUCAÇÃO BÁSICA;2482 - REMUNERAÇÃO PESSOAL DO ENSINO FUNDAMENTAL;;3.1.90.13.01 - 3.1.90.13.01;101 - RECEITAS DE IMPOSTOS E DE TRANSFERÊNCIAS DE IMPOSTOS VINCULADOS À EDUCAÇÃO;NÃO SE APLICA;1145;20200221;7926.75;0;0;7926.75;0;0;0;0;0;7926.75;0
3110004;303;02;382336;2020;2;12 - EDUCAÇÃO;365 - EDUCAÇÃO INFANTIL;0221 - MANUTENÇÃO DA EDUCAÇÃO BÁSICA;2407 - REMUNERAÇÃO PESSOAL EDUCAÇÃO INFANTILCRECHE;;3.1.90.13.03 - 3.1.90.13.03;101 - RECEITAS DE IMPOSTOS E DE TRANSFERÊNCIAS DE IMPOSTOS VINCULADOS À EDUCAÇÃO;NÃO SE APLICA;1154;20200221;2875.41;0;0;2875.41;0;48.62;0;0;0;2826.79;0
3110004;303;02;382336;2020;5;12 - EDUCAÇÃO;365 - EDUCAÇÃO INFANTIL;0221 - MANUTENÇÃO DA EDUCAÇÃO BÁSICA;2407 - REMUNERAÇÃO PESSOAL EDUCAÇÃO INFANTILCRECHE;;3.1.90.11.11 - 3.1.90.11.11;101 - RECEITAS DE IMPOSTOS E DE TRANSFERÊNCIAS DE IMPOSTOS VINCULADOS À EDUCAÇÃO;NÃO SE APLICA;2485;20200529;7462.96;0;0;7462.96;0;7462.96;0;0;0;0;0
3110004;303;02;382336;2020;3;12 - EDUCAÇÃO;365 - EDUCAÇÃO INFANTIL;0221 - MANUTENÇÃO DA EDUCAÇÃO BÁSICA;2407 - REMUNERAÇÃO PESSOAL EDUCAÇÃO INFANTILCRECHE;;3.1.90.13.03 - 3.1.90.13.03;101 - RECEITAS DE IMPOSTOS E DE TRANSFERÊNCIAS DE IMPOSTOS VINCULADOS À EDUCAÇÃO;NÃO SE APLICA;1640;20200327;3003.36;0;0;3003.36;0;48.62;0;0;0;2954.74;0
3110004;303;02;382336;2020;12;12 - EDUCAÇÃO;361 - ENSINO FUNDAMENTAL;0003 - MANUTENÇÃO DA EDUCAÇÃO BÁSICA;1200 - CONSTRUÇÃO E REFORMA DE PRÉDIOS ESCOLARES ENSINO FUNDAMENTAL;;4.4.90.51.02 - 4.4.90.51.02;101 - RECEITAS DE IMPOSTOS E DE TRANSFERÊNCIAS DE IMPOSTOS VINCULADOS À EDUCAÇÃO;NÃO SE APLICA;5346;20201119;0;0;0;21302.59;0;21302.59;0;0;0;0;-21302.59
3110004;303;02;382336;2020;4;12 - EDUCAÇÃO;122 - ADMINISTRAÇÃO GERAL;0002 - GESTÃO DA SECRETARIA MUNICIPAL DE EDUCAÇÃO;2001 - REMUNERAÇÃO PESSOAL DA SECRETARIA;;3.1.90.13.03 - 3.1.90.13.03;101 - RECEITAS DE IMPOSTOS E DE TRANSFERÊNCIAS DE IMPOSTOS VINCULADOS À EDUCAÇÃO;NÃO SE APLICA;1628;20200327;0;0;0;0;0;13928.77;0;0;0;-13928.77;0
3110004;303;02;382336;2020;1;12 - EDUCAÇÃO;365 - EDUCAÇÃO INFANTIL;0003 - MANUTENÇÃO DA EDUCAÇÃO BÁSICA;2483 - REMUNERAÇÃO PESSOAL DA EDUCAÇÃO INFANTIL;;3.1.90.11.11 - 3.1.90.11.11;101 - RECEITAS DE IMPOSTOS E DE TRANSFERÊNCIAS DE IMPOSTOS VINCULADOS À EDUCAÇÃO;NÃO SE APLICA;379;20200130;117493.96;0;0;117493.96;0;117493.96;0;0;0;0;0
3110004;303;02;382336;2020;3;12 - EDUCAÇÃO;361 - ENSINO FUNDAMENTAL;0019 - GESTÃO DO TRANSPORTE ESCOLAR;2042 - REMUNERAÇÃO PESSOAL TRANSPORTE ESCOLAR ENSINO FUNDAMENTAL;;3.1.90.13.03 - 3.1.90.13.03;101 - RECEITAS DE IMPOSTOS E DE TRANSFERÊNCIAS DE IMPOSTOS VINCULADOS À EDUCAÇÃO;NÃO SE APLICA;1634;20200327;1474.1;0;0;1474.1;0;0;0;0;0;1474.1;0
3110004;303;02;382336;2020;7;12 - EDUCAÇÃO;365 - EDUCAÇÃO INFANTIL;0221 - MANUTENÇÃO DA EDUCAÇÃO BÁSICA;2407 - REMUNERAÇÃO PESSOAL EDUCAÇÃO INFANTILCRECHE;;3.1.90.13.03 - 3.1.90.13.03;101 - RECEITAS DE IMPOSTOS E DE TRANSFERÊNCIAS DE IMPOSTOS VINCULADOS À EDUCAÇÃO;NÃO SE APLICA;3627;20200731;3018.29;0;0;3018.29;0;48.62;0;0;0;2969.67;0
3110004;303;02;382336;2020;10;12 - EDUCAÇÃO;361 - ENSINO FUNDAMENTAL;0013 - TRANSFERÊNCIA AS CAIXAS ESCOLARES;2032 - CONTRIBUIÇÃO AS ESCOLAS MUNICIPAIS;;3.3.50.41.00 - 3.3.50.41.00;101 - RECEITAS DE IMPOSTOS E DE TRANSFERÊNCIAS DE IMPOSTOS VINCULADOS À EDUCAÇÃO;NÃO SE APLICA;4432;20200923;0;0;0;0;0;2600;0;0;0;-2600;0
3110004;303;02;382336;2020;11;12 - EDUCAÇÃO;361 - ENSINO FUNDAMENTAL;0027 - GESTÃO DO CENTRO ESPECIALIZADO DE ATENÇÃO À CRIANÇA E AO ADOLESCENTE;2049 - MANUTENÇÃO DO CEACA;;3.1.90.13.03 - 3.1.90.13.03;101 - RECEITAS DE IMPOSTOS E DE TRANSFERÊNCIAS DE IMPOSTOS VINCULADOS À EDUCAÇÃO;NÃO SE APLICA;5130;20201029;0;0;0;0;0;3275.35;0;0;0;-3275.35;0
3110004;303;02;382336;2020;12;12 - EDUCAÇÃO;361 - ENSINO FUNDAMENTAL;0003 - MANUTENÇÃO DA EDUCAÇÃO BÁSICA;2482 - REMUNERAÇÃO PESSOAL DO ENSINO FUNDAMENTAL;;3.1.90.16.00 - 3.1.90.16.00;101 - RECEITAS DE IMPOSTOS E DE TRANSFERÊNCIAS DE IMPOSTOS VINCULADOS À EDUCAÇÃO;NÃO SE APLICA;6137;20201228;144.67;0;0;144.67;0;144.67;0;0;0;0;0
3110004;303;02;382336;2020;1;12 - EDUCAÇÃO;365 - EDUCAÇÃO INFANTIL;0003 - MANUTENÇÃO DA EDUCAÇÃO BÁSICA;2483 - REMUNERAÇÃO PESSOAL DA EDUCAÇÃO INFANTIL;;3.1.90.16.00 - 3.1.90.16.00;101 - RECEITAS DE IMPOSTOS E DE TRANSFERÊNCIAS DE IMPOSTOS VINCULADOS À EDUCAÇÃO;NÃO SE APLICA;380;20200130;153.37;0;0;153.37;0;153.37;0;0;0;0;0
3110004;303;02;382336;2020;12;12 - EDUCAÇÃO;365 - EDUCAÇÃO INFANTIL;0221 - MANUTENÇÃO DA EDUCAÇÃO BÁSICA;2407 - REMUNERAÇÃO PESSOAL EDUCAÇÃO INFANTILCRECHE;;3.1.90.11.11 - 3.1.90.11.11;101 - RECEITAS DE IMPOSTOS E DE TRANSFERÊNCIAS DE IMPOSTOS VINCULADOS À EDUCAÇÃO;NÃO SE APLICA;5815;20201214;5991.16;0;0;5991.16;0;5991.16;0;0;0;0;0
3110004;303;02;382336;2020;4;12 - EDUCAÇÃO;361 - ENSINO FUNDAMENTAL;0019 - GESTÃO DO TRANSPORTE ESCOLAR;2042 - REMUNERAÇÃO PESSOAL TRANSPORTE ESCOLAR ENSINO FUNDAMENTAL;;3.1.90.13.03 - 3.1.90.13.03;101 - RECEITAS DE IMPOSTOS E DE TRANSFERÊNCIAS DE IMPOSTOS VINCULADOS À EDUCAÇÃO;NÃO SE APLICA;2106;20200429;1897.32;0;0;1897.32;0;0;0;0;0;1897.32;0
3110004;303;02;382336;2020;4;12 - EDUCAÇÃO;361 - ENSINO FUNDAMENTAL;0019 - GESTÃO DO TRANSPORTE ESCOLAR;2042 - REMUNERAÇÃO PESSOAL TRANSPORTE ESCOLAR ENSINO FUNDAMENTAL;;3.1.90.13.01 - 3.1.90.13.01;101 - RECEITAS DE IMPOSTOS E DE TRANSFERÊNCIAS DE IMPOSTOS VINCULADOS À EDUCAÇÃO;NÃO SE APLICA;1633;20200327;0;0;0;0;0;288.83;0;0;0;-288.83;0
3110004;303;02;382336;2020;3;12 - EDUCAÇÃO;361 - ENSINO FUNDAMENTAL;0003 - MANUTENÇÃO DA EDUCAÇÃO BÁSICA;2062 - MANUTENÇÃO DO ENSINO FUNDAMENTAL;;3.3.90.39.60 - 3.3.90.39.60;101 - RECEITAS DE IMPOSTOS E DE TRANSFERÊNCIAS DE IMPOSTOS VINCULADOS À EDUCAÇÃO;NÃO SE APLICA;34;20200102;0;0;0;3589.96;0;3589.96;0;0;0;0;-3589.96
3110004;303;02;382336;2020;10;12 - EDUCAÇÃO;361 - ENSINO FUNDAMENTAL;0013 - TRANSFERÊNCIA AS CAIXAS ESCOLARES;2032 - CONTRIBUIÇÃO AS ESCOLAS MUNICIPAIS;;3.3.50.41.00 - 3.3.50.41.00;101 - RECEITAS DE IMPOSTOS E DE TRANSFERÊNCIAS DE IMPOSTOS VINCULADOS À EDUCAÇÃO;NÃO SE APLICA;4420;20200923;0;0;0;0;0;3600;0;0;0;-3600;0
3110004;303;02;382336;2020;8;12 - EDUCAÇÃO;122 - ADMINISTRAÇÃO GERAL;0002 - GESTÃO DA SECRETARIA MUNICIPAL DE EDUCAÇÃO;2002 - MANUTENÇÃO DA SECRETARIA;;3.3.90.39.05 - 3.3.90.39.05;101 - RECEITAS DE IMPOSTOS E DE TRANSFERÊNCIAS DE IMPOSTOS VINCULADOS À EDUCAÇÃO;NÃO SE APLICA;3463;20200731;0;0;0;30438;0;0;0;0;0;30438;-30438
3110004;303;02;382336;2020;10;12 - EDUCAÇÃO;361 - ENSINO FUNDAMENTAL;0003 - MANUTENÇÃO DA EDUCAÇÃO BÁSICA;2062 - MANUTENÇÃO DO ENSINO FUNDAMENTAL;;3.3.90.30.04 - 3.3.90.30.04;101 - RECEITAS DE IMPOSTOS E DE TRANSFERÊNCIAS DE IMPOSTOS VINCULADOS À EDUCAÇÃO;NÃO SE APLICA;4872;20201021;3040;0;0;0;0;0;0;0;0;0;3040
3110004;303;02;382336;2020;4;12 - EDUCAÇÃO;122 - ADMINISTRAÇÃO GERAL;0002 - GESTÃO DA SECRETARIA MUNICIPAL DE EDUCAÇÃO;2002 - MANUTENÇÃO DA SECRETARIA;;3.3.90.39.43 - 3.3.90.39.43;101 - RECEITAS DE IMPOSTOS E DE TRANSFERÊNCIAS DE IMPOSTOS VINCULADOS À EDUCAÇÃO;NÃO SE APLICA;195;20200115;0;0;0;2838.3;0;3069.68;0;0;0;-231.38;-2838.3
3110004;303;02;382336;2020;9;12 - EDUCAÇÃO;361 - ENSINO FUNDAMENTAL;0027 - GESTÃO DO CENTRO ESPECIALIZADO DE ATENÇÃO À CRIANÇA E AO ADOLESCENTE;2049 - MANUTENÇÃO DO CEACA;;3.1.90.13.01 - 3.1.90.13.01;101 - RECEITAS DE IMPOSTOS E DE TRANSFERÊNCIAS DE IMPOSTOS VINCULADOS À EDUCAÇÃO;NÃO SE APLICA;4650;20200930;1249.73;0;0;1249.73;0;0;0;0;0;1249.73;0
3110004;303;02;382336;2020;10;12 - EDUCAÇÃO;122 - ADMINISTRAÇÃO GERAL;0002 - GESTÃO DA SECRETARIA MUNICIPAL DE EDUCAÇÃO;2002 - MANUTENÇÃO DA SECRETARIA;;3.3.90.49.00 - 3.3.90.49.00;101 - RECEITAS DE IMPOSTOS E DE TRANSFERÊNCIAS DE IMPOSTOS VINCULADOS À EDUCAÇÃO;NÃO SE APLICA;230;20200120;0;0;0;180;0;180;0;0;0;0;-180
3110004;303;02;382336;2020;11;12 - EDUCAÇÃO;122 - ADMINISTRAÇÃO GERAL;0002 - GESTÃO DA SECRETARIA MUNICIPAL DE EDUCAÇÃO;2001 - REMUNERAÇÃO PESSOAL DA SECRETARIA;;3.1.90.13.01 - 3.1.90.13.01;101 - RECEITAS DE IMPOSTOS E DE TRANSFERÊNCIAS DE IMPOSTOS VINCULADOS À EDUCAÇÃO;NÃO SE APLICA;5121;20201029;0;0;0;0;0;3456.59;0;0;0;-3456.59;0
3110004;303;02;382336;2020;8;12 - EDUCAÇÃO;365 - EDUCAÇÃO INFANTIL;0003 - MANUTENÇÃO DA EDUCAÇÃO BÁSICA;2483 - REMUNERAÇÃO PESSOAL DA EDUCAÇÃO INFANTIL;;3.1.90.13.01 - 3.1.90.13.01;101 - RECEITAS DE IMPOSTOS E DE TRANSFERÊNCIAS DE IMPOSTOS VINCULADOS À EDUCAÇÃO;NÃO SE APLICA;3624;20200731;0;0;0;0;0;104.4;0;0;0;-104.4;0
3110004;303;02;382336;2020;4;12 - EDUCAÇÃO;122 - ADMINISTRAÇÃO GERAL;0002 - GESTÃO DA SECRETARIA MUNICIPAL DE EDUCAÇÃO;2001 - REMUNERAÇÃO PESSOAL DA SECRETARIA;;3.1.90.13.01 - 3.1.90.13.01;101 - RECEITAS DE IMPOSTOS E DE TRANSFERÊNCIAS DE IMPOSTOS VINCULADOS À EDUCAÇÃO;NÃO SE APLICA;1627;20200327;0;0;0;0;0;5481.63;0;0;0;-5481.63;0
3110004;303;02;382336;2020;11;12 - EDUCAÇÃO;361 - ENSINO FUNDAMENTAL;0003 - MANUTENÇÃO DA EDUCAÇÃO BÁSICA;2482 - REMUNERAÇÃO PESSOAL DO ENSINO FUNDAMENTAL;;3.1.90.16.00 - 3.1.90.16.00;101 - RECEITAS DE IMPOSTOS E DE TRANSFERÊNCIAS DE IMPOSTOS VINCULADOS À EDUCAÇÃO;NÃO SE APLICA;5424;20201127;258.18;0;0;258.18;0;258.18;0;0;0;0;0
3110004;303;02;382336;2020;7;12 - EDUCAÇÃO;361 - ENSINO FUNDAMENTAL;0019 - GESTÃO DO TRANSPORTE ESCOLAR;2042 - REMUNERAÇÃO PESSOAL TRANSPORTE ESCOLAR ENSINO FUNDAMENTAL;;3.1.90.13.03 - 3.1.90.13.03;101 - RECEITAS DE IMPOSTOS E DE TRANSFERÊNCIAS DE IMPOSTOS VINCULADOS À EDUCAÇÃO;NÃO SE APLICA;3108;20200630;0;0;0;0;0;1678.15;0;0;0;-1678.15;0
3110004;303;02;382336;2020;11;12 - EDUCAÇÃO;365 - EDUCAÇÃO INFANTIL;0221 - MANUTENÇÃO DA EDUCAÇÃO BÁSICA;2407 - REMUNERAÇÃO PESSOAL EDUCAÇÃO INFANTILCRECHE;;3.1.90.11.05 - 3.1.90.11.05;101 - RECEITAS DE IMPOSTOS E DE TRANSFERÊNCIAS DE IMPOSTOS VINCULADOS À EDUCAÇÃO;NÃO SE APLICA;5429;20201127;8404.52;0;0;8404.52;0;8404.52;0;0;0;0;0
3110004;303;02;382336;2020;8;12 - EDUCAÇÃO;361 - ENSINO FUNDAMENTAL;0019 - GESTÃO DO TRANSPORTE ESCOLAR;2042 - REMUNERAÇÃO PESSOAL TRANSPORTE ESCOLAR ENSINO FUNDAMENTAL;;3.1.90.11.11 - 3.1.90.11.11;101 - RECEITAS DE IMPOSTOS E DE TRANSFERÊNCIAS DE IMPOSTOS VINCULADOS À EDUCAÇÃO;NÃO SE APLICA;3987;20200828;3275.22;0;0;3275.22;0;3275.22;0;0;0;0;0
