seq_item_licitacao;seq_licitacao;seq_orgao;cod_orgao;num_ano_referencia;num_mes_referencia;num_lote;dsc_lote;cod_item;num_item;dsc_item;dsc_unid_medida
24818608;761439;303;02;2020;12;-1;LOTE NÃO INFORMADO;12732;9;ESCADA 2 DEGRAUS CONFECCIONADA EM ACO OU FERRO PINTADO NA COR BRANCA COM ANTIDERRAPANTE E PONTEIRA NOS PÉS;UND
24818618;761439;303;02;2020;12;-1;LOTE NÃO INFORMADO;13355;10;MESA AUXILIAR ACO INOX MEDINDO 40X40X80CM 02 PRATELEIRAS POSSUI ESTRUTURA EM TUBOS DE ACO INOX REDONDO TAMPO E PRATELEIRA EM CHAPA INOX PÉS TUBULARES 34 EM ACO INOX COM RODÍZIOS DE 2 TAMPA E PRATELEIRA EM ACO INOX PRATICIDADE PARA ACOMODAR E TRANSPORTAR INSTRUMENTOS E ARTIGOS MÉDICOHOSPITLARES PRODUTO COM MATÉRIA DE PRIMEIRA TORNANDO MUITO RESISTENTE FÁCIL DE MANUSEAR;UND
24818613;761439;303;02;2020;12;-1;LOTE NÃO INFORMADO;13329;18;ANDADOR EM ALUMÍNIO COM RODAS FRONTAIS AG POSSUI DUAS PONTEIRAS DE BORRACHA NA PARTE TRASEIRA O QUE IMPOSSIBILITA O DESLIZAMENTO DESCONTROLADO DO APARELHO SENDO PRÁTICO E SEGURO A SUA UTILIZACAO FIXO DOBRÁVEL RESISTÊNCIA ATÉ 100 KG ESTRUTURA ALUMÍNIO SUPORTA ATÉ 110 KG DIMENSOES 077 X 055 X 037CM;UND
24818623;761439;303;02;2020;12;-1;LOTE NÃO INFORMADO;13360;17;CADEIRA DE RODAS PARA ADULTO DE ATÉ 130 KG FABRICADA EM ACO CARBONO COM ASSENTO EM NYLON DOBRÁVEL FREIOS BILATERAIS ARO IMPULSOR BILATERAL APOIO PARA BRACOS E PÉS FIXOS;UND
24818630;761441;303;02;2020;12;1;LOTE 1;546;2;GÁS GLP 45 KG;UND
24818611;761439;303;02;2020;12;-1;LOTE NÃO INFORMADO;12595;20;IMPRESSORA LASER COM PADRAO DE COR MONOCROMÁTICO RESOLUCAO MÍNIMA DE 1200 X 1200 DPI VELOCIDADE DE 35 PÁGINAS POR MINUTO PPM SUPORTAR TAMANHO DE PAPEL A5 A4 CARTA E OFÍCIO CAPACIDADE DE ENTRADA DE 200 PÁGINAS CICLO MENSAL DE 50000 PÁGINAS INTERFACE USB PERMITIR COMPARTILHAMENTO POR MEIO E REDE 10100100 ETHERNET E WIFI 80211 BGN SUPORTAR FRENTE E VERSO AUTOMÁTICO O PRODUTO DEVERÁ SER NOVO SEM USO REFORMA OU ECONDICIONAMENTO GARANTIA DE 12 MESES;UND
24818622;761439;303;02;2020;12;-1;LOTE NÃO INFORMADO;13359;16;BARRA PARALELA 20 M COM PINTURA EM EPOXI SEM TABLADO POSSUI PONTEIRAS NAS EXTREMIDADES PARA TOTAL SEGURANCA DO PACIENTE E MANÍPULOS PARA REGULAGEM DA ALTURA E DISTÂNCIA DOS CORRIMOES PARA FACILITAR A ADEQUACAO DO PACIENTE NA HORA DE REALIZAR ALGUM EXERCÍCIO NA BARRA PARALELA SEM TABLADO COMPRIMENTO 200 CM ALTURA MÍNIMA 78 CM LARGURA MÍNIMA 50 CM LARGUARA MÁXIMA 86 CM;UND
24818604;761438;303;02;2020;12;2;AVE NATALINA;13393;2;AVE NATALINA TEMPERADA CONGELADA EMBALADA INDIVIDUALMENTE A VACUO COM PESO DE NO MÍNIMO 35 KG COM DADOS NUTRICIONAIS INFORMADOS EM CADA EMBALAGEM EMBALAGEM INDIVIDUAL COM SUPORTEALCA PARA CARREGAR;UND
24818607;761439;303;02;2020;12;-1;LOTE NÃO INFORMADO;8479;7;MESA PARA ESCRITÓRIO EM L MEDINDO 120 X 060 X 080 PRODUZIDO EM MDP 15 MM COM TRÊS GAVETAS PÉS DE FERRO MESA 080 CONEXAO 060 MESA 120 COM GAVETA;UND
24818627;761440;303;02;2020;12;-1;LOTE NÃO INFORMADO;6576;3;REFRIGERANTE 2 L DE PRIMEIRA LINHA SABOR GUARANÁ EMBALAGEM PRIMÁRIA EMBALAGEM PLÁSTICA 2 LITROS SECUNDÁRIA EMBALAGEM DE MERCADO QUE PRESERVE A INTEGRIDADE E QUALIDADE DO PRODUTO ROTULAGEM DEVE ATENDER A LEGISLACAO VIGENTE VALIDADE MÍNIMA DE 4;FR
24818629;761441;303;02;2020;12;1;LOTE 1;545;1;GÁS GLP 13 KG;UND
24818610;761439;303;02;2020;12;-1;LOTE NÃO INFORMADO;12741;4;MACA FIXA DE MADEIRA LEITO ESTOFADO REVESTIDO EM COURVIM COM REGULAGEM NA CABECEIRA DIMENSOES ALTURA 70 A 90 CMX LARGURA 84 CM X PROFUNDIDADE 190 A 220 CM PESO 38 KG MACA FIXA PLUS ROBUSTA COM REGULAGEM DE ALTURA ESTRUTURA MADEIRA MACICA DENSIDADE 28 ESPESSURA 3 CM CAPCACIDADE PARA ATÉ 450 KG;UND
24818609;761439;303;02;2020;12;-1;LOTE NÃO INFORMADO;12739;6;CADEIRA DE ESCRITÓRIO COM APOIO DE BRACOS FIXO BASE GIRATÓRIA REFORCADA COM REGULAGEM DE ALTURA DO ASSENTO À GÁS REGULAGEM DE INCLINACAO POR SISTEMA DE RELAX COM DIMENSOES AVANTAJADAS QUE SUPORTA COM CONFORTO E ERGONOMIA ATÉ 150 KG ESPUMA INJETADA COM REVESTIMENTO MEDIDAS DO ASSENTO53X48 CM MEDIDAS DO ENCOSTO 53X49 CM LARGURA TOTAL 67 CM GARANTIA DE FÁBRICA 1 ANO;UND
24818615;761439;303;02;2020;12;-1;LOTE NÃO INFORMADO;13352;5;KIT HALTERES EMBORRACHADOS DE 1 A 10KG MAIS TORRE SUPORTE PARA 11 PARES HALTER REVESTIDO EM PVC COLLOR PROFISSIONAL DE ALTA QUALIDADE EXPOSITOR PARA HALTERES 11 PARES ELABORADO PARA ACADEMIAS OU LOJAS FITNESS A FIM DE DEIXAR OS HALTERES ORGANIZADOS E SEMPRE À VISTA PRODUZIDO EM MATERIAL DE ALTA QUALIDADE MUITO RESISTENTE E SUPORTA O PESO DOS ACESSÓRIOS COM TRANQUILIDADE POSSUI POSICOES PARA ATÉ 11 PARES DE DIFERENTES TAMANHOS DE FORMA GRADUAL SUPORTA ATÉ 200 KG;UND
24818628;761440;303;02;2020;12;-1;LOTE NÃO INFORMADO;6577;4;REFRIGERANTE 2 L DE PRIMEIRA LINHA SABOR LARANJA EMBALAGEM PRIMÁRIA EMBALAGEM PLÁSTICA 2 LITROS SECUNDÁRIA EMBALAGEM DE MERCADO QUE PRESERVE A INTEGRIDADE E QUALIDADE DO PRODUTO ROTULAGEM DEVE ATENDER A LEGISLACAO VIGENTE VALIDADE MÍNIMA DE 4;FR
24818614;761439;303;02;2020;12;-1;LOTE NÃO INFORMADO;13351;3;ESTEIRA ELETRÔNICA POSSIBILITA AO USUÁRIO TANTO UMA CAMINHADA ACELERADA E NUM RITMO CONSTANTE ASSOCIADO AO CONFORTO E SEGURANCA DE REALIZAR O EXERCÍCIO EM CASA QUANTO UMA CORRIDA EM DOIS NÍVEIS ALÉM DISSO POSSUI UM SISTEMA DE AMORTECIMENTO DE IMPACTO QUE PROTEJE AS ARTICULACOES TIPO ELÉTRICA E ELETRÔNICA VISOR DIGITAL PESO SUPORTADO ATÉ 120 KG FUNCOES DO MONITOR VELOCIDADE TEMPO DISTÂNCIA CALORIAS PULSACAO BATIMENTOS CARDÍACOS VELOCIDADE MÍNIMA 1KMH E VELOCIDADE MÁXIMA 13KMH DOBRÁVEL MATERIAL ESTRUTURA EM ACO CARBONO CARACTERÍSTICAS GERAIS ESTEIRA ELETRÔNICA REGULAGEM 3 NÍVEIS DE INCLINACAO 6 AMORTECEDORES MOTOR 21HP TAMANHO DA LONA 109X40CM PESO 33KG VOLTAGEM B;UND
24818620;761439;303;02;2020;12;-1;LOTE NÃO INFORMADO;13357;14;ULTRASSOM NA FREQUÊNCIA DE 1 MHZ E 3 MHZ TRADUTOR ERGONÔMICO COM DUPLA FUNCAO ESCOLHA DA ÁREA EFETIVA DE RADIACAO ERA 7 CM2 OU 3CM2 A ERA DE 7 CM2 PERMITE ESCOLHA DE FREQUÊNCIAS DE 1 MHZ OU 3 MHZ COM POTÊNCIA MÁXIMA DE 21 W A ERA DE 3 CM2 POSSUI FREQUÊNCIA DE 1 MHZ COM POTÊNCIA MÁXIMA DE 3 W ENTRADA PARA TERAPIA COMBINADA ESPECIFICACOES TÉCNICAS PESO 22 KG TAMANHO 36X315X125CM VOLTAGEM 127220V 60 HZ TEMPO DE APLICACAO 1 A 30 MINITENS INCLUSOS 01 CABO DE FORCA 01 FUSÍVEL 01 BISNAGA COM GEL 01 MANUAL DE INSTRUCAO INFORMACOES ADICIONAIS;UND
24818624;761439;303;02;2020;12;-1;LOTE NÃO INFORMADO;6163;2;BICICLETA ERGOMÉTRICA HORIZONTAL BICICLETA ERGOMÉTRICA HORIZONTAL PROFISSIONAL SISTEMA DE MONITORAMENTO DE PULSACAO CARDÍACA POR HAND GRIP PULSE LEITURA PELAS MAOS NIVELADORAS DE PISO RODAS PARA TRANSPORTE AMPLA REGULAGEM DO ASSENTO DE FACIL;UND
24818603;761438;303;02;2020;12;1;CESTA NATALINA;13392;1;CESTA NATALINA COMPOSTA PELOS SEGUINTES ITENS 01 UND DE ACHOCOLATADO EM PÓ EMBALAGEM MÍNIMA DE 200G 01 PCT DE AMENDOIM TIPO JAPONÊS EMBALAGEM MÍNIMA DE 200G 01 SACHE DE AZEITONA VERDE AZEITONA EM CONSERVA VERDE INTEIRA E COM CAROCO IMERSA EM LÍQUIDO TAMANHO E COLORACAO UNIFORMES ACONDICIONADA EM PACOTE PLASTICO RESISTENTE EMBALAGEM MÍNIMA 100G PESO LÍQUIDO 01 PCT DE BATATA PALHA SABOR TRADICIONAL ACONDICIONADA EM EMBALAGEM DE POLIETILENO ATÓXICO RESISTENTE LACRADO CONTENDO PESO LÍQUIDO NO MÍNIMO DE 250 GRAMAS COM IDENTIFICACAO DO PRODUTO E DATA DE VALIDADE 01 PCT DE BISCOITO CHAMPANHE PACOTE COM NO MÍNIMO 150 GRAMAS 01 CX DE BOMBOM SORTIDOS CAIXA COM NO;UND
24818605;761439;303;02;2020;12;-1;LOTE NÃO INFORMADO;4975;8;LONGARINA COM 3 LUGARES SEM BRACO ASSENTO E ENCOSTO EM POLIPROPILENO DE ALTA RESISTÊNCIA ESTRUTURA METÁLICA COM PINTURA EPÓXI NAS CORES PRETO OU CINZA SAPATAS NIVELADORAS;UND
24818625;761440;303;02;2020;12;-1;LOTE NÃO INFORMADO;3942;1;REFEICAO TIPO MARMITEX;UND
24818621;761439;303;02;2020;12;-1;LOTE NÃO INFORMADO;13358;15;APARELHO DE TENS FES E CORRENTE RUSSA 04 CANAIS MATERIAL METAL E POLIPROPILENO VOLTAGEM BIVOLT AUTOMÁTICO POTÊNCIA ENTRADA 100 240 V~5060 HZ POTÊNCIA DE ENTRADA 85 VA FUSÍVEIS 5A 250V~20AG ACAO RÁPIDA CLASSE ELÉTRICA II PROTECAO ELÉTRICA TIPO BF DIMENSOES 27X266X125CM I X P X A PESO 185 KG;UND
24818619;761439;303;02;2020;12;-1;LOTE NÃO INFORMADO;13356;11;STEP STEPPER PLATAFORMA DE EXERCÍCIOS DE SOLO SUPERFÍCIE ANTIDERRAPANTE NA PLATAFORMA TAMANHO 70X27CM 3 NÍVEIS DE AJUSTE 121722CM PESO 300 KG;UND
24818617;761439;303;02;2020;12;-1;LOTE NÃO INFORMADO;13354;13;CAMA ELÁSTICA ESTRUTURA TUBULAR EM ACO PINTADOEM ACO PINTADO APÓS PRÉVIO TRATAMENTO ANTIFERRUGINOSO PARTE SUPERIOR EM NYLON REFORCADO COMMOLAS PARA MOVIMENTO DE BALANCO 06 PÉS COM PONTEIRAS DE BORRACHA ANTIDERRAPANTE PÉS REMOVÍVEIS ATRAVÉS DE ROSCA ACOMPANHA CAPA EM VINIL;UND
24818606;761439;303;02;2020;12;-1;LOTE NÃO INFORMADO;8473;12;ARMÁRIO DE ACO MEDINDO NO MÍNIMO 120X198X045 COM CHAVE COM DUAS PORTAS DE ABRIR QUATRO PRATELEIRA CHAPA 24 COM TRATAMENTO ANTIFERRUGINOSO E PINTURA EPÓXI COR PADRAO DO FABRICANTE;UND
24818612;761439;303;02;2020;12;-1;LOTE NÃO INFORMADO;12606;1;BICICLETA ERGOMÉTRICA VERTICAL ESPECIFICACAO TÉCNICA FUNCOES MÍNIMAS NO PAINEL DISPLAY COM INFORMACOES DE RPM TEMPO VELOCIDADE DISTÂNCIA PULSO E CALORIAS PROGRAMAS MÍNIMO DE 8 PROGRAMAS PRÉDEFINIDOS COM REGULAGEM DE ESFORCO SENSOR CARDÍACO HAND GRIP EQUIPAMENTO ELETROMAGNÉTICO ASSENTO COM AJUSTE DE ALTURA PEDAIS COM CINTA PARA OS PÉS GUIDAO ERGONÔMICO E EMBORRACHADO PESO DO USUÁRIO DE NO MÍNIMO 120 KG ALIMENTACAO ELÉTRICA;UND
24818626;761440;303;02;2020;12;-1;LOTE NÃO INFORMADO;6575;2;REFRIGERANTE 2 L DE PRIMEIRA LINHA SABOR COLA EMBALAGEM PRIMÁRIA EMBALAGEM PLÁSTICA 2 LITROS SECUNDÁRIA EMBALAGEM DE MERCADO QUE PRESERVE A INTEGRIDADE E QUALIDADE DO PRODUTO ROTULAGEM DEVE ATENDER A LEGISLACAO VIGENTE VALIDADE MÍNIMA DE 4 ME;FR
24818616;761439;303;02;2020;12;-1;LOTE NÃO INFORMADO;13353;19;BASTAO DE PVC DE 01 METRO COM PESO DE 02 KG CONFECCIONADO E RESTIDO EM PVC COM PONTEIRAS DE BORRACHA ESTE BASTAO AUXILIA NOS EXERCÍCIOS DE FISIOTERAPIA E GINÁSTICA AERÓBICA;UND
21707620;662636;302;01;2020;6;2;LOTE NUMERO: 2;3617;47;CARTUCHO DE TONNER 305-A CIANO;UNIDADE
21707628;662636;302;01;2020;6;1;LOTE NUMERO: 1;2993;20;PASTA COM GRAMPO PLASTIFICADA;UNIDADE
21707625;662636;302;01;2020;6;3;LOTE NUMERO: 3;3622;52;ADAPTADOR UNIVERSAL TOMADA T;UNIDADE
21707624;662636;302;01;2020;6;2;LOTE NUMERO: 2;3621;51;CARTUCHO IMPRESSORA 26A PRETA;UNIDADE
21707627;662636;302;01;2020;6;1;LOTE NUMERO: 1;2369;13;ESTILETE;UNIDADE
21707576;662635;302;01;2020;6;1;LOTE NUMERO: 1;3278;4;CADEIRA PRESIDENTE GIRATORIA C;UNIDADE
21707582;662636;302;01;2020;6;1;LOTE NUMERO: 1;2196;1;TESOURA;UNIDADE
21707584;662636;302;01;2020;6;1;LOTE NUMERO: 1;2313;4;FITA ADESIVA TRANSPARENTE;UNIDADE
21707589;662636;302;01;2020;6;1;LOTE NUMERO: 1;2349;10;GRAMPO 26/6;CAIXA
21707596;662636;302;01;2020;6;1;LOTE NUMERO: 1;3188;23;ETIQUETA MAX PRINT C/100;FOLHA
21707608;662636;302;01;2020;6;1;LOTE NUMERO: 1;3603;33;FIO DE NYLON TRANSPARENTE;ROLO
21707599;662636;302;01;2020;6;1;LOTE NUMERO: 1;3239;25;PASTA SUSPENSA COMPLETA;UNIDADE
21707613;662636;302;01;2020;6;1;LOTE NUMERO: 1;3609;39;SUPER IMA DE NEODIMIO N 35;UNIDADE
21707623;662636;302;01;2020;6;2;LOTE NUMERO: 2;3620;50;CILINDRO DE IMAGEM BROTHER;UNIDADE
21707616;662636;302;01;2020;6;2;LOTE NUMERO: 2;3613;43;CARTUCHO DE TONNER CE 285A/85A;UNIDADE
21707586;662636;302;01;2020;6;1;LOTE NUMERO: 1;2320;6;EXTRATOR DE GRAMPOS;UNIDADE
21707604;662636;302;01;2020;6;1;LOTE NUMERO: 1;3597;28;BARBANTE CRU;ROLO
21707607;662636;302;01;2020;6;1;LOTE NUMERO: 1;3601;32;ENVELOPE PLASTICO TRANSPARENTE;UNIDADE
21707629;662636;302;01;2020;6;1;LOTE NUMERO: 1;2982;16;PAPEL COUCHE;PACOTE
21707593;662636;302;01;2020;6;1;LOTE NUMERO: 1;2992;19;PORTA LAPIS E LEMBRETES;UNIDADE
21707597;662636;302;01;2020;6;2;LOTE NUMERO: 2;3162;22;TONER 305A AMARELO;UNIDADE
21707579;662635;302;01;2020;6;2;LOTE NUMERO: 2;3586;6;SERVICOS DE INSTALACAO;SERVICOS
21707634;662636;302;01;2020;6;3;LOTE NUMERO: 3;2642;15;EXTENSAO 10 METROS;UNIDADE
21707583;662636;302;01;2020;6;1;LOTE NUMERO: 1;2312;3;APONTADOR METALICO PARA LAPIS;UNIDADE
21707598;662636;302;01;2020;6;1;LOTE NUMERO: 1;3240;26;BORRACHA;UNIDADE
21707631;662636;302;01;2020;6;1;LOTE NUMERO: 1;3606;36;LAPIS PRETO DE 6,5 A 7,5;UNIDADE
21707617;662636;302;01;2020;6;2;LOTE NUMERO: 2;3614;44;CARTUCHO TONNER/PRETA CB 436A;UNIDADE
21707618;662636;302;01;2020;6;2;LOTE NUMERO: 2;3615;45;CARTUCHO TONNER 305A COR PRETA;UNIDADE
21707578;662635;302;01;2020;6;2;LOTE NUMERO: 2;3223;3;CADEIRA LONGARINA 04 LUGARES;UNIDADE
21707581;662635;302;01;2020;6;1;LOTE NUMERO: 1;2072;2;CADEIRA (TIPO PRESIDENTE);UNIDADE
21707605;662636;302;01;2020;6;1;LOTE NUMERO: 1;3598;29;CAIXA ARQUIVO MORTO PLASTICO;UNIDADE
21707615;662636;302;01;2020;6;1;LOTE NUMERO: 1;3612;42;QUADRO MURAL MAGNETICO 180X100;UNIDADE
21707588;662636;302;01;2020;6;1;LOTE NUMERO: 1;2338;9;PERFURADOR PAPEL;UNIDADE
21707591;662636;302;01;2020;6;1;LOTE NUMERO: 1;2357;12;CLIPS N.1;CAIXA
21707600;662636;302;01;2020;6;1;LOTE NUMERO: 1;2984;18;PAPEL A4;PACOTE
21707621;662636;302;01;2020;6;2;LOTE NUMERO: 2;3618;48;CARTUCHO TONNER PRETA 283A/83A;UNIDADE
21707609;662636;302;01;2020;6;1;LOTE NUMERO: 1;3604;34;FITA DUPLA FACE BRANCA;UNIDADE
21707611;662636;302;01;2020;6;1;LOTE NUMERO: 1;3607;37;PASTA REGISTRADORA AZ;UNIDADE
21707603;662636;302;01;2020;6;1;LOTE NUMERO: 1;3623;53;BLOCO ADESIVO PARA RECADO NEON;BLOCO
21707622;662636;302;01;2020;6;2;LOTE NUMERO: 2;3619;49;CARTUCHO DE TINTA BROTHER;UNIDADE
21707594;662636;302;01;2020;6;1;LOTE NUMERO: 1;3000;21;ELASTICO DE BORRACHA NATURAL;PACOTE
21707601;662636;302;01;2020;6;1;LOTE NUMERO: 1;3417;27;COLA EM BASTAO;UNIDADE
21707633;662636;302;01;2020;6;3;LOTE NUMERO: 3;2599;14;EXTENSAO 5 METROS;UNIDADE
21707585;662636;302;01;2020;6;1;LOTE NUMERO: 1;2318;5;REGUA;UNIDADE
21707595;662636;302;01;2020;6;1;LOTE NUMERO: 1;3190;24;GRAMPEADOR MESA GRAMPO 26/6;UNIDADE
21707632;662636;302;01;2020;6;1;LOTE NUMERO: 1;3610;40;REFORCO ETIQUETAS AUTOADESIVO;FOLHA
21707580;662635;302;01;2020;6;1;LOTE NUMERO: 1;2045;1;CADEIRA GIRATORIA SECRETARIA;UNIDADE
21707630;662636;302;01;2020;6;1;LOTE NUMERO: 1;3599;30;CANETA MARCA TEXTO 4,0 MM;UNIDADE
21707626;662636;302;01;2020;6;1;LOTE NUMERO: 1;2308;2;CANETA ESFEROGRAFICA COR AZUL;UNIDADE
21707587;662636;302;01;2020;6;1;LOTE NUMERO: 1;2330;8;CORRETIVO;UNIDADE
21707592;662636;302;01;2020;6;1;LOTE NUMERO: 1;2983;17;LIVRO PROTOCOLO;UNIDADE
21707619;662636;302;01;2020;6;2;LOTE NUMERO: 2;3616;46;CARTUCHO TONNER 305-A/MAGENTA;UNIDADE
21707590;662636;302;01;2020;6;1;LOTE NUMERO: 1;2353;11;CLIPS 2/0;CAIXA
21707612;662636;302;01;2020;6;1;LOTE NUMERO: 1;3608;38;IMA PARA MURAL;UNIDADE
21707614;662636;302;01;2020;6;1;LOTE NUMERO: 1;3611;41;QUADRO MURAL METALICO 90X60;UNIDADE
21707610;662636;302;01;2020;6;1;LOTE NUMERO: 1;3605;35;GRAMPEADOR PARA GRAMPO 23/10;UNIDADE
21707602;662636;302;01;2020;6;1;LOTE NUMERO: 1;2321;7;TINTA PARA CARIMBOS;UNIDADE
21707606;662636;302;01;2020;6;1;LOTE NUMERO: 1;3600;31;COLA BRANCA 90 GRAMAS;UNIDADE
21707577;662635;302;01;2020;6;2;LOTE NUMERO: 2;3324;5;LONGARINA DE ESPERA 02 LUGARES;UNIDADE
21605328;659814;302;01;2020;1;-1;LOTE NÃO INFORMADO;2178;1;GASOLINA COMUM;LITRO
21605362;659816;302;01;2020;3;1;LOTE NUMERO: 1;3558;26;PASTA PROJETO DE LEI 390X240;UNIDADE
21605371;659816;302;01;2020;3;1;LOTE NUMERO: 1;3556;24;ADESIVOS PARA PORTA DE VIDRO;SERVICOS
21605329;659815;302;01;2020;2;1;LOTE NUMERO: 1;3095;1;VEICULO LEVE;UNIDADE
21605337;659816;302;01;2020;3;6;LOTE NUMERO: 6;3002;4;BALOES;PACOTE
21605344;659816;302;01;2020;3;2;LOTE NUMERO: 2;3466;18;MEDALHA DIA INTER. MULHER;SERVICOS
21605338;659816;302;01;2020;3;2;LOTE NUMERO: 2;3414;15;TROFEU RECONHECIMENTO LEGISL;UNIDADE
21605356;659816;302;01;2020;3;7;LOTE NUMERO: 7;3572;40;TOALHA DE MESA REDONDA 220CM;UNIDADE
21605345;659816;302;01;2020;3;2;LOTE NUMERO: 2;3467;19;TROFEU INOX AISI 304 ESPELHADO;SERVICOS
21605350;659816;302;01;2020;3;1;LOTE NUMERO: 1;3561;29;ENVELOPE BRANCO 115X220MM;UNIDADE
21605361;659816;302;01;2020;3;12;LOTE NUMERO: 12;3579;47;PLACA DE ALUMINIO CARRO 40X13;PAR
21605367;659816;302;01;2020;3;2;LOTE NUMERO: 2;3566;34;PLACA INOX SOLENIDADE/VEREADOR;SERVICOS
21605368;659816;302;01;2020;3;1;LOTE NUMERO: 1;3553;21;CONVITES TAMANHO 40X28 S.OUTOR;SERVICOS
21605354;659816;302;01;2020;3;7;LOTE NUMERO: 7;3570;38;TOALHA RETANGULAR COR OFF-WHIT;UNIDADE
21605364;659816;302;01;2020;3;1;LOTE NUMERO: 1;3560;28;PASTA DE INVESTIGACAO;UNIDADE
21605339;659816;302;01;2020;3;3;LOTE NUMERO: 3;3409;12;SERV. CONFEC.DIPLOMA;SERVICOS
21605365;659816;302;01;2020;3;2;LOTE NUMERO: 2;3564;32;TROFEU 35CM EVENTO/MULHER;SERVICOS
21605372;659816;302;01;2020;3;5;LOTE NUMERO: 5;3567;35;TOALHAS DE MESA QUADRADA;SERVICOS
21605363;659816;302;01;2020;3;1;LOTE NUMERO: 1;3559;27;PASTA DE RESOLUCAO CARTOLINA;UNIDADE
21605369;659816;302;01;2020;3;1;LOTE NUMERO: 1;3554;22;FAIXA EM LONA VINILICA 3X 0,64;SERVICOS
21605376;659816;302;01;2020;3;6;LOTE NUMERO: 6;3568;36;ALFINETE DE SEGURANCA;PACOTE
21605334;659816;302;01;2020;3;5;LOTE NUMERO: 5;3126;9;LOCACAO DE TENDA 4X4M;SERVICOS
21605352;659816;302;01;2020;3;1;LOTE NUMERO: 1;3563;31;ENVELOPE BRANCO 1/2 OFICIO;UNIDADE
21605360;659816;302;01;2020;3;12;LOTE NUMERO: 12;3578;46;PLACA ALUMINIO DE INAUGURACAO;UNIDADE
21605331;659816;302;01;2020;3;1;LOTE NUMERO: 1;3114;6;FOLDERS;UNIDADE
21605357;659816;302;01;2020;3;7;LOTE NUMERO: 7;3573;41;TOALHA MESA REDONDA VERDE BAND;UNIDADE
21605336;659816;302;01;2020;3;11;LOTE NUMERO: 11;3129;11;CERIMONIAL;UNIDADE
21605351;659816;302;01;2020;3;1;LOTE NUMERO: 1;3562;30;ENCADERNACAO 300FHS;UNIDADE
21605366;659816;302;01;2020;3;2;LOTE NUMERO: 2;3565;33;MEDALHA ESTUDANTE NOTA 10;UNIDADE
21605340;659816;302;01;2020;3;3;LOTE NUMERO: 3;3410;13;SERV.CONFEC.TITULO;SERVICOS
21605348;659816;302;01;2020;3;1;LOTE NUMERO: 1;2406;1;ENVELOPE PARDO MEIO OFICIO;UNIDADE
21605355;659816;302;01;2020;3;7;LOTE NUMERO: 7;3571;39;TOALHA RETANGULAR/VERDE BANDEI;UNIDADE
21605342;659816;302;01;2020;3;8;LOTE NUMERO: 8;2953;2;SERVICOS DE ORNAMENTACAO;SERVICOS
21605370;659816;302;01;2020;3;1;LOTE NUMERO: 1;3555;23;NUMERAIS DE PEITO 21X15;SERVICOS
21605343;659816;302;01;2020;3;10;LOTE NUMERO: 10;3413;14;APRESENTACOES ARTISTICA;SERVICOS
21605346;659816;302;01;2020;3;5;LOTE NUMERO: 5;3468;20;JOGO DE MESA COM 04 CADEIRAS;SERVICOS
21605330;659816;302;01;2020;3;9;LOTE NUMERO: 9;2964;3;SERVICOS DE SOM;SERVICOS
21605341;659816;302;01;2020;3;1;LOTE NUMERO: 1;3415;16;SERV. CONFECCAO DE CONVITES;SERVICOS
21605358;659816;302;01;2020;3;7;LOTE NUMERO: 7;3574;42;TOALHA MESA QUADRADA 150X150CM;UNIDADE
21605333;659816;302;01;2020;3;2;LOTE NUMERO: 2;3120;8;PLACA INDICATIVA DE NOME;SERVICOS
21605359;659816;302;01;2020;3;7;LOTE NUMERO: 7;3575;43;TOALHA M.QUADRADA VERDE BANDEI;UNIDADE
21605373;659816;302;01;2020;3;8;LOTE NUMERO: 8;3576;44;SERV.ORNAMENTACAO/DIA VEREADOR;SERVICOS
21605332;659816;302;01;2020;3;4;LOTE NUMERO: 4;3115;7;INFORMATIVO DA CAMARA 6;UNIDADE
21605335;659816;302;01;2020;3;5;LOTE NUMERO: 5;3127;10;LOCACAO CADEIRAS POLIPROPILENO;SERVICOS
21605374;659816;302;01;2020;3;9;LOTE NUMERO: 9;3577;45;SERV.SONORIZACAO/ILUMINACAO;SERVICOS
21605347;659816;302;01;2020;3;1;LOTE NUMERO: 1;3462;17;CONVTE 28X20 ABERTO 14X20 FECH;SERVICOS
21605349;659816;302;01;2020;3;1;LOTE NUMERO: 1;3557;25;PAPEL TIMBRADO COM TIMBRE;UNIDADE
21605353;659816;302;01;2020;3;6;LOTE NUMERO: 6;3569;37;ROLO DE FITA DE CETIM DUPLA;ROLO
21605375;659816;302;01;2020;3;1;LOTE NUMERO: 1;3055;5;ENVELOPE PARDO TIMBRADO;UNIDADE
24145628;738873;302;01;2020;10;3;LOTE NUMERO: 3;3665;10;GELADEIRA DEGELO SECO 261 L;UNIDADE
24145637;738873;302;01;2020;10;1;LOTE NUMERO: 1;3682;26;MONITOR 21,5 TELA LED;UNIDADE
24145614;738873;302;01;2020;10;3;LOTE NUMERO: 3;3232;4;TELEFONE COM FIO;UNIDADE
24145642;738873;302;01;2020;10;1;LOTE NUMERO: 1;3658;6;NOTEBOOK;UNIDADE
24145643;738873;302;01;2020;10;7;LOTE NUMERO: 7;2725;1;GALAO DE AGUA MINERAL C/20 LT;UNIDADE
24145626;738873;302;01;2020;10;2;LOTE NUMERO: 2;3662;7;IMPRESSORA DE REDE;UNIDADE
24145623;738873;302;01;2020;10;7;LOTE NUMERO: 7;3687;31;BALCAO EM L NA COR PRETA;UNIDADE
24145617;738873;302;01;2020;10;7;LOTE NUMERO: 7;3156;2;BEBEDOURO;UNIDADE
24145639;738873;302;01;2020;10;1;LOTE NUMERO: 1;3684;28;NOBREAK 600 VA/300W;UNIDADE
24145616;738873;302;01;2020;10;1;LOTE NUMERO: 1;3404;5;COMPUTADOR DESKTOP;UNIDADE
24145621;738873;302;01;2020;10;7;LOTE NUMERO: 7;3675;20;ROUPEIRO DE ACO 12 PORTAS;UNIDADE
24145624;738873;302;01;2020;10;6;LOTE NUMERO: 6;3673;18;CAMERA FOTOGRAFICA/PROFIS.;UNIDADE
24145633;738873;302;01;2020;10;4;LOTE NUMERO: 4;3671;16;CAPSULA DE ACHOCOLATADO;UNIDADE
24145618;738873;302;01;2020;10;7;LOTE NUMERO: 7;3678;22;BALCAO EM L/C GAVETA RECEPCAO;UNIDADE
24145638;738873;302;01;2020;10;1;LOTE NUMERO: 1;3683;27;TECLADO INTERFACE USB;UNIDADE
24145620;738873;302;01;2020;10;7;LOTE NUMERO: 7;3674;19;ARMARIO MULTIUSO P/LAVANDERIA;UNIDADE
24145622;738873;302;01;2020;10;7;LOTE NUMERO: 7;3676;21;ARMARIO EXTRA ALTO 2 PORTAS;UNIDADE
24145631;738873;302;01;2020;10;3;LOTE NUMERO: 3;3668;13;CAFETEIRA EXPRESSO;UNIDADE
24145635;738873;302;01;2020;10;2;LOTE NUMERO: 2;3663;8;CARTUCHO/TONER ORIGINAL;UNIDADE
24145627;738873;302;01;2020;10;3;LOTE NUMERO: 3;3664;9;REFRIGERADOR FROST FREE 2 P.;UNIDADE
24145630;738873;302;01;2020;10;3;LOTE NUMERO: 3;3667;12;CARRINHO PARA CAFE;UNIDADE
24145632;738873;302;01;2020;10;4;LOTE NUMERO: 4;3670;15;CAPSULA DE CAPUCCINO;UNIDADE
24145612;738871;302;01;2020;10;1;LOTE NUMERO: 1;3157;1;SERVICO MONITORAMENTO;SERVICOS
24145629;738873;302;01;2020;10;3;LOTE NUMERO: 3;3666;11;FORNO DE MICROONDAS 28/30 L;UNIDADE
24145640;738873;302;01;2020;10;1;LOTE NUMERO: 1;3685;29;HD EXTERNO PORTATIL CAP.1TB;UNIDADE
24145636;738873;302;01;2020;10;1;LOTE NUMERO: 1;3681;25;MOUSE OPTICO INTERFACE USB;UNIDADE
24145625;738873;302;01;2020;10;3;LOTE NUMERO: 3;3669;14;TELEFONE SEM FIO DIGITAL;UNIDADE
24145641;738873;302;01;2020;10;1;LOTE NUMERO: 1;3686;30;PEN DRIVE 32GB;UNIDADE
24145613;738872;302;01;2020;10;1;LOTE NUMERO: 1;3086;1;SERVICO DE INTERNET;SERVICOS
24145634;738873;302;01;2020;10;4;LOTE NUMERO: 4;3672;17;CAPSULA CAFE EXPRESSO;UNIDADE
24145644;738873;302;01;2020;10;7;LOTE NUMERO: 7;3679;23;DISPENSER ACO/INOX REDONDO;UNIDADE
24145615;738873;302;01;2020;10;3;LOTE NUMERO: 3;3230;3;SANDUICHEIRA;UNIDADE
24145645;738874;302;01;2020;10;1;LOTE NUMERO: 1;3532;1;SERVICO DE ENGENHARIA;SERVICOS
24145619;738873;302;01;2020;10;5;LOTE NUMERO: 5;3680;24;APOIO DE PES;UNIDADE
22173271;674999;303;02;2020;1;-1;LOTE NÃO INFORMADO;12770;14;01 UM ESPACO PARA COMERCIALIZACAO DE SORVETES E DOCES LOCALIZADO NA PRACA DR JOAO PINHERIRO SNº CENTRO DURANTE AS FESTIVIDADES DO CARNAVAL 2020 ESPACO 02;SRV
22173234;674997;303;02;2020;1;1;LOTE 1;10128;1;ÁGUA MINERAL NATURAL SEM GÁS EMBALAGEM 200 ML;EMB
22173246;674998;303;02;2020;1;-1;LOTE NÃO INFORMADO;11847;17;COMPUTADOR DESKTOP COMPLETO PROCESSADOR I57400 OU I56685R OU I58500 OU I76950X OU I75960X CLOCK NATIVO ENTRE 300 A 320 GHZ FREQUÊNCIA TURBO ENTRE 350 A 430 GHZ CACHE ENTRE 6 A 9 MB MEMORIA 8GB TIPO DDR4 UDIMM ENTRE 2133 A 2666 MHZ DISCO RÍGIDO 1TB SATA 7200 RPM SISTEMA OPERACIONAL WINDOWS 10 PROFESSIONAL 64 BITS GRAVADOR E LEITOR DE CDDVD SATA 24X PRETO DRW24F1MTBLKBAS VÍDEO PLACA HD GRÁFICAS 1XVGA1XDISPLAYPORT1XHDMI SLOTS DE VÍDEO 1 PCI EXPRESS 20X1 1 PCI EXPRESS X 1 REDE GIGABIT ETHERNET 101001000 WIFI PADRAO IEEE 80211 BGN PORTAS USB 30 6X USB 30 6X USB 20 2X PORTA SERIAL RS 232DB91 SERIAL RS232DB;UND
22173245;674998;303;02;2020;1;-1;LOTE NÃO INFORMADO;11528;5;VENTILADOR DE TETO 03 PÁS ESPECIFICACOES TÉCNICAS NÚMERO DE PÁS 03 TRÊS LAQUEADAS EM MDF NAO EMPENAM DIÂMETRO TOTAL 3 PÁS 113 M POTÊNCIA MÁXIMA ILUMINACAO 02X E27 LÂMPADAS FLUORESCENTES ELETRÔNICAS ATÉ 15W OU INCANDESCENTES ATÉ 60W A;UND
22173237;674997;303;02;2020;1;1;LOTE 1;10131;3;ÁGUA MINERAL NATURAL SEM GÁS GARRAFA 15 LITROS;UND
22173256;674998;303;02;2020;1;-1;LOTE NÃO INFORMADO;12603;16;FOGAO 4 BOCAS INOX COM FORNO AUTOLIMPANTE ACENDIMENTO AUTOMÁTICO CAPACIDADE MÍNIMA DO FORNO DE 62 LITROS TIPO DE GÁS GLP VÁLVULA DE SEGURANCA NO FORNO BIVOLT PRATELEIRA REMOVÍVEL COR BRANCA GARANTIA MÍNIMA DO FORNECEDOR 12 MESES;UND
22173267;674999;303;02;2020;1;-1;LOTE NÃO INFORMADO;12766;10;01 UM PONTO DE 3X3M PARA COMÉRCIO DE BEBIDAS PRODUTOS ALIMENTÍCIOS E AFINS LOCALIZADO NA PRACA DR JOAO PINHERIRO SNº CENTRO DURANTE AS FESTIVIDADES DO CARNAVAL 2020 BARRACA 10;SRV
22173242;674998;303;02;2020;1;-1;LOTE NÃO INFORMADO;10559;9;ARMÁRIO VITRINE 2 PORTAS CONSTRUÍDO EM COANTONEIRAS DE 78 X 18 DE ESPESSURA PORTA E LATERAIS EM VIDRO 3 MM COM FECHADURA TIPO YALE 4 PRATELEIRAS EM VIDRO 4 MM FUNDO E TETO EM CHAPA DE ACO 075 MM PINTADO DIMENSOES 065 M X 040 M X 165M;UND
22173259;674999;303;02;2020;1;-1;LOTE NÃO INFORMADO;12758;2;01 UM PONTO DE 3X3M PARA COMÉRCIO DE BEBIDAS PRODUTOS ALIMENTÍCIOS E AFINS LOCALIZADO NA PRACA DR JOAO PINHERIRO SNº CENTRO DURANTE AS FESTIVIDADES DO CARNAVAL 2020 BARRACA 02;SRV
22173240;674998;303;02;2020;1;-1;LOTE NÃO INFORMADO;8476;13;CADEIRA PARA OBESO COM APOIO DE BRACOS FIXO BASE GIRATÓRIA REFORCADA COM REGULAGEM DE ALTURA DO ASSENTO A GÁS REGULAGEM DE INCLINACAO POR SISTEMA DE RELAX COM DIMENSOES AVANTAJADAS QUE SUPORTA COM CONFORTO EERGONOMIA ATÉ 150 KG ESPUMA INJETADA C;UND
22173247;674998;303;02;2020;1;-1;LOTE NÃO INFORMADO;12593;3;TELEVISOR DE LED TAMANHO DA TELA 50 CONVERSOR DIGITAL INTEGRADO FORMATO TELA 1609 WIDESCREEN CONTROLE REMOTO POTÊNCIA DO ÁUDIO 10W 10W RMS CLOSED CAPTION CONECTIVIDADE HDMI CONECTIVIDADE USB ENTRADA COMPROVANTE ENTRADA DE VÍDEO COMPOSTO BIVOLT GARANTIA DE NO MÍNIMO 12 MESES;UND
22173239;674998;303;02;2020;1;-1;LOTE NÃO INFORMADO;8469;4;BEBEDOURO PURIFICADOR REFRIGERADO DE PRESSAO ACO INOX CONJUGADO BEBEDOURO DE PRESSAO CONJUGADO ADULTO E INFANTIL COM GABINETE EM CHAPA DE ACO CARBONADO GALVANIZADA COM PINTURA A PÓ POR PROCESSO ELETROTÁSTICO OU EM CHAPA DE ACO INOXIDÁVEL TAMPA;UND
22173238;674998;303;02;2020;1;-1;LOTE NÃO INFORMADO;4994;12;CADEIRA SECRETÁRIA FIXA 4 PÉS ESPUMA INJETADA 30MM ESTOFADO EM COURO ECOLÓGICO OU POLIPROPILENO NA COR PRETO OU AZUL;UND
22173257;674998;303;02;2020;1;-1;LOTE NÃO INFORMADO;12606;15;BICICLETA ERGOMÉTRICA VERTICAL ESPECIFICACAO TÉCNICA FUNCOES MÍNIMAS NO PAINEL DISPLAY COM INFORMACOES DE RPM TEMPO VELOCIDADE DISTÂNCIA PULSO E CALORIAS PROGRAMAS MÍNIMO DE 8 PROGRAMAS PRÉDEFINIDOS COM REGULAGEM DE ESFORCO SENSOR CARDÍACO HAND GRIP EQUIPAMENTO ELETROMAGNÉTICO ASSENTO COM AJUSTE DE ALTURA PEDAIS COM CINTA PARA OS PÉS GUIDAO ERGONÔMICO E EMBORRACHADO PESO DO USUÁRIO DE NO MÍNIMO 120 KG ALIMENTACAO ELÉTRICA;UND
22173269;674999;303;02;2020;1;-1;LOTE NÃO INFORMADO;12768;12;01 UM ESPACO PARA CARRINHO PARA COMERCIALIZACAO DE CACHORRO QUENTE LOCALIZADO NA PRACA DR JOAO PINHERIRO SNº CENTRO DURANTE AS FESTIVIDADES DO CARNAVAL 2020 ESPACO 02;SRV
22173243;674998;303;02;2020;1;-1;LOTE NÃO INFORMADO;10561;6;MESA PARA COMPUTADOR 3 GAVETAS ESPACOSAS E 1 COM CHAVE PRODUZIDO EM MADEIRA MDP E MDF COM DIMENSOES LAP MM 124X81X40 ALTURA CM 81 LARGURA CM 124 PROFUNDIDADE CM 40 COM SUPORTE PARA CPU SUPORTE PARA TECLADO;UND
22173253;674998;303;02;2020;1;-1;LOTE NÃO INFORMADO;12599;10;ARQUIVO 04 GAVETAS ARQUIVO DE ACO MEDINDO 1335 X 460 X 715MM COM TOLERÂNCIA DE 5% TIPO VERTICAL COM 04 GAVETAS TAMANHO OFICIO COM SUPORTE PARA PASTAS SUSPENSAS CONTENDO CARRINHOS TELESCÓPICOS PARA AS GAVETAS PUXADORES E FECHADURA COM TRAVAMENTO SIMULTÂNEO SUA ESTRUTURA SERÁ DE MÓVEL RÍGIDO COM CHAPAS EM ESPESSURA MÍNIMA DE N 22 AS FOLHAS DE ACO DEVERAO TER TRATAMENTO DE FOSFASTIZACAO E ANTIOXIDACAO ACABAMENTO EM PINTURA SINTÉTICA NA COR CINZA;UND
22173248;674998;303;02;2020;1;-1;LOTE NÃO INFORMADO;12594;18;COMPUTADOR PORTÁTIL NOTEBOOK COM PROCESSADOR NO MÍNIMO INTEL CORE I5 OU AMD A10 OU SIMILAR 1 UM DISCO RÍGIDO DE 500 GIGABYTES VELOCIDADE DE ROTACAO 7200 RPM UNIDADE COMBINADA DE GRAVACAO DE DISCO ÓTICO CD DVD ROM MEMÓRIA RAM DE 08 OITO GIGABYTES EM 02 DOIS MÓDULOS IDÊNTICOS DE 04 QUATRO GIGABYTES CADA DO TIPO SDRAM DDR4 2133 MHZ OU SUPERIOR TELA LCD DE 14 OU 15 POLEGADAS WIDESCREEN SUPORTAR RESOLUCAO 1600 X 900 PIXELS TECLADO DEVERÁ CONTER TODOS OS CARACTERES DA LÍNGUA PORTUGUESA INCLUSIVE C E ACENTOS NAS MESMAS POSICOES DO TECLADO PADRAO ABNT2 MOUSE TOUCHPAD COM 02 DOIS BOTOES INTEGRADOS MOUSE ÓPTICO COM CONEXAO USB E BOTAO DE ROLAGEM SCROLL INTERFACES DE REDE;UND
22173254;674998;303;02;2020;1;-1;LOTE NÃO INFORMADO;12600;11;BALDE A PEDAL POLIPROPILENO 30 49 L COM RODÍZIOS COR BRANCA ALTURA MÍNIMA DE 30 CM NA LATERAL LARGURA 22 CM LIVRE COMPARTIMENTO PARA ESTABILIZADOR COM ALTURA DE 23 CM E PROFUNDIDADE MÍNIMA DE 48 CM;UND
22173260;674999;303;02;2020;1;-1;LOTE NÃO INFORMADO;12759;3;01 UM PONTO DE 3X3M PARA COMÉRCIO DE BEBIDAS PRODUTOS ALIMENTÍCIOS E AFINS LOCALIZADO NA PRACA DR JOAO PINHERIRO SNº CENTRO DURANTE AS FESTIVIDADES DO CARNAVAL 2020 BARRACA 03;SRV
22173263;674999;303;02;2020;1;-1;LOTE NÃO INFORMADO;12762;6;01 UM PONTO DE 3X3M PARA COMÉRCIO DE BEBIDAS PRODUTOS ALIMENTÍCIOS E AFINS LOCALIZADO NA PRACA DR JOAO PINHERIRO SNº CENTRO DURANTE AS FESTIVIDADES DO CARNAVAL 2020 BARRACA 06;SRV
22173262;674999;303;02;2020;1;-1;LOTE NÃO INFORMADO;12761;5;01 UM PONTO DE 3X3M PARA COMÉRCIO DE BEBIDAS PRODUTOS ALIMENTÍCIOS E AFINS LOCALIZADO NA PRACA DR JOAO PINHERIRO SNº CENTRO DURANTE AS FESTIVIDADES DO CARNAVAL 2020 BARRACA 05;SRV
22173249;674998;303;02;2020;1;-1;LOTE NÃO INFORMADO;12595;19;IMPRESSORA LASER COM PADRAO DE COR MONOCROMÁTICO RESOLUCAO MÍNIMA DE 1200 X 1200 DPI VELOCIDADE DE 35 PÁGINAS POR MINUTO PPM SUPORTAR TAMANHO DE PAPEL A5 A4 CARTA E OFÍCIO CAPACIDADE DE ENTRADA DE 200 PÁGINAS CICLO MENSAL DE 50000 PÁGINAS INTERFACE USB PERMITIR COMPARTILHAMENTO POR MEIO E REDE 10100100 ETHERNET E WIFI 80211 BGN SUPORTAR FRENTE E VERSO AUTOMÁTICO O PRODUTO DEVERÁ SER NOVO SEM USO REFORMA OU ECONDICIONAMENTO GARANTIA DE 12 MESES;UND
22173268;674999;303;02;2020;1;-1;LOTE NÃO INFORMADO;12767;11;01 UM ESPACO PARA CARRINHO PARA COMERCIALIZACAO DE CACHORRO QUENTE LOCALIZADO NA PRACA DR JOAO PINHERIRO SNº CENTRO DURANTE AS FESTIVIDADES DO CARNAVAL 2020 ESPACO 01;SRV
22173275;674999;303;02;2020;1;-1;LOTE NÃO INFORMADO;12774;18;01 UM ESPACO PARA COMERCIALIZACAO DE BRINQUEDOS E ARTIGOS PARA CARNAVAL LOCALIZADO NA PRACA DR JOAO PINHERIRO SNº CENTRO DURANTE AS FESTIVIDADES DO CARNAVAL 2020 ESPACO 02;SRV
22173241;674998;303;02;2020;1;-1;LOTE NÃO INFORMADO;9330;1;APARELHO DE DVD PORTA USB QUE REPRODUZA OS SEGUINTES FORMATOS DE DISCO DVD DVDRW RR DL RWRR DL DVDRW VR CD CDRRWVCD MP3 JPEG E SVCD SAÍDA DE VIDEO SVIDEO VIDEO COMPOSTO VIDEO COMPONENTE ENTRADA DE VIDEO VIDEO COMPOSTO;UND
22173252;674998;303;02;2020;1;-1;LOTE NÃO INFORMADO;12598;8;ESTANTE DE ACO MEDINDO 2000 X 930 X 400 MM COM 06 PRATELEIRAS NA COR CINZA COM REFORCO DE SUSTENTACAO ÔMEGA X TRASEIRA E HASTE LATERAL;UND
22173274;674999;303;02;2020;1;-1;LOTE NÃO INFORMADO;12773;17;01 UM ESPACO PARA COMERCIALIZACAO DE BRINQUEDOS E ARTIGOS PARA CARNAVAL LOCALIZADO NA PRACA DR JOAO PINHERIRO SNº CENTRO DURANTE AS FESTIVIDADES DO CARNAVAL 2020 ESPACO 01;SRV
22173236;674997;303;02;2020;1;1;LOTE 1;10130;2;ÁGUA MINERAL NATURAL SEM GÁS GARRAFA PLÁSTICA TRANSPAREWNTE EMBALAGEM DE 500 ML;UND
22173250;674998;303;02;2020;1;-1;LOTE NÃO INFORMADO;12596;20;NOBREAK COM POTÊNCIA NOMINAL DE 12 KVA POTÊNCIA REAL MÍNIMA DE 600W TENSAO ENTRADA 115127220 VOLTS EM CORRENTE ALTERNADA COM COMUTACAO AUTOMÁTICA TENSAO DE SAÍDA 110115 OU 220 VOLTS A SER DEFINIDA PELO SOLICITANTE ALARMES AUDIOVISUAL BATERIA INTERNA SELADA AUTONOMIA A PLENA CARGA MÍNIMO 15 MINUTOS CONSIDERANDO CONSUMO DE 240 WATS POSSUIR NO MÍNIMO 06 TOMADAS DE SAÍDA PADRAO BRASILEIRO O PRODUTO DEVERÁ SER NOVO SEM USO REFORMA OU RECONDICIONAMENTO GARANTIA DE 12 MESES;UND
22173258;674999;303;02;2020;1;-1;LOTE NÃO INFORMADO;12757;1;01 UM PONTO DE 3X3M PARA COMÉRCIO DE BEBIDAS PRODUTOS ALIMENTÍCIOS E AFINS LOCALIZADO NA PRACA DR JOAO PINHERIRO SNº CENTRO DURANTE AS FESTIVIDADES DO CARNAVAL 2020 BARRACA 01;SRV
22173264;674999;303;02;2020;1;-1;LOTE NÃO INFORMADO;12763;7;01 UM PONTO DE 3X3M PARA COMÉRCIO DE BEBIDAS PRODUTOS ALIMENTÍCIOS E AFINS LOCALIZADO NA PRACA DR JOAO PINHERIRO SNº CENTRO DURANTE AS FESTIVIDADES DO CARNAVAL 2020 BARRACA 07;SRV
22173270;674999;303;02;2020;1;-1;LOTE NÃO INFORMADO;12769;13;01 UM ESPACO PARA COMERCIALIZACAO DE SORVETES E DOCES LOCALIZADO NA PRACA DR JOAO PINHERIRO SNº CENTRO DURANTE AS FESTIVIDADES DO CARNAVAL 2020 ESPACO 01;SRV
22173272;674999;303;02;2020;1;-1;LOTE NÃO INFORMADO;12771;15;01 UM ESPACO PARA ALUGUÉL DE BRINQUEDOS INFANTIS LOCALIZADO NA PRACA DR JOAO PINHERIRO SNº CENTRO DURANTE AS FESTIVIDADES DO CARNAVAL 2020 ESPACO 01;SRV
22173244;674998;303;02;2020;1;-1;LOTE NÃO INFORMADO;11453;2;PROJETOR X41 3600 LUMENS WIFI V11H843021 TECNOLOGIA 3 LCD MÉTODOS DE PROJECAO FRONTALTRASEIRAMONTADA NO TETO RESOLUCAO NATIVA 1024 X 768 XGA RESOLUCAO MÁXIMA SUPORTADA VGAAVGAXGAWXGAWXGASXGASXGACONTRASTE 150001 REPRODUCAO DE CORES AT;UND
22173273;674999;303;02;2020;1;-1;LOTE NÃO INFORMADO;12772;16;01 UM ESPACO PARA ALUGUÉL DE BRINQUEDOS INFANTIS LOCALIZADO NA PRACA DR JOAO PINHERIRO SNº CENTRO DURANTE AS FESTIVIDADES DO CARNAVAL 2020 ESPACO 02;SRV
22173265;674999;303;02;2020;1;-1;LOTE NÃO INFORMADO;12764;8;01 UM PONTO DE 3X3M PARA COMÉRCIO DE BEBIDAS PRODUTOS ALIMENTÍCIOS E AFINS LOCALIZADO NA PRACA DR JOAO PINHERIRO SNº CENTRO DURANTE AS FESTIVIDADES DO CARNAVAL 2020 BARRACA 08;SRV
22173235;674997;303;02;2020;1;1;LOTE 1;10129;4;ÁGUA MINERAL NATURAL SEM VASILHAME PARA ENTREGA GALAO 20 LITROS;GL
22173255;674998;303;02;2020;1;-1;LOTE NÃO INFORMADO;12602;14;LIXEIRAS COLETAS SELETIVAS SENDO CADA CONJUNTO COMPOSTO POR 04 UNIDADES PAPEL LIXEIRA NA COR AZUL PLÁSTICO LIXEIRA NA COR VERMELHA METAL LIXEIRA NA COR AMARELA VIDRO LIXEIRA NA COR VERDE CAPACIDADE DE CADA LIXEIRA MÍNIMO DE 100 LITROS MATERIAL PLÁSTICO OU POLIPROPILENO;UND
22173251;674998;303;02;2020;1;-1;LOTE NÃO INFORMADO;12597;7;MESA PARA IMPRESSORA MESA EM MELANINA MEDINDO APROXIMADAMENTE 060 X 043 X 075 CM TAMPO DA MESA CONFECCIONADO EM MDP DE NO MÍNIMO 18 MM DE ESPESSURA REVESTIMENTO NA FACE SUPERIOR POR LAMINADO MELAMÍNICO TEXTURIZADO DE BAIXA COM BORDAS EM PVC FLEXÍVEL ESTRUTURA ACO PINTURA EPÓXI;UND
22173261;674999;303;02;2020;1;-1;LOTE NÃO INFORMADO;12760;4;01 UM PONTO DE 3X3M PARA COMÉRCIO DE BEBIDAS PRODUTOS ALIMENTÍCIOS E AFINS LOCALIZADO NA PRACA DR JOAO PINHERIRO SNº CENTRO DURANTE AS FESTIVIDADES DO CARNAVAL 2020 BARRACA 04;SRV
22173266;674999;303;02;2020;1;-1;LOTE NÃO INFORMADO;12765;9;01 UM PONTO DE 3X3M PARA COMÉRCIO DE BEBIDAS PRODUTOS ALIMENTÍCIOS E AFINS LOCALIZADO NA PRACA DR JOAO PINHERIRO SNº CENTRO DURANTE AS FESTIVIDADES DO CARNAVAL 2020 BARRACA 09;SRV
22173286;675001;303;02;2020;2;-1;LOTE NÃO INFORMADO;13202;10;01 PONTO PARA COMERCIALIZACAO DE AKUGUÉL DE BRINQUEDOS INFANTIS LOCALIZADO NA PRACA DR JOAO PINHEIRO CENTRO PARA EXPLORACAO NOS DIAS 22 A 25 DE FEVEREIRO DE 2020 PONTO 01;UND
22173301;675002;303;02;2020;2;-1;LOTE NÃO INFORMADO;12587;12;CRIOCAUTÉRIO QUANTIDADE DE PONTEIRAS DE 6 A 9 PONTEIRAS TIPO DE GÁS NITROGÊNIO CONTENDO 01 NITROSPRAY 350ML CRIOCAUTÉRIO DE NITROGÊNIO 01 ESTOJO COM 6 PONTEIRAS SPRAY 02 PONTEIRAS DE CONTATO E 1CADAPTADOR DE AGULHAS;UND
22173306;675002;303;02;2020;2;-1;LOTE NÃO INFORMADO;12592;19;DESFIBRILADOR EXTERNO AUTOMÁTICO DEA DE ONDA BIFÁSICA E COM SELECAO MANUAL DE CARGA EM JOULES PARA USO ADULTO E PEDIÁTRICO TECNOLOGIA DE CHOQUES BIFÁSICOS COM FORMA DE ONDA RETILÍNEA OU EXPONENCIAL TRUNCADA CARGA MÁXIMA 200 JOULES ORIENTACAO POR COMANDO DE VOZ E POR TEXTO EM TELA DE CRISTAL LÍQUIDO LCD EM PORTUGUÊS DISPLAY DE CRISTAL LÍQUIDO DE NO MÍNIMO 4 BATERIA INTERNA RECARREGÁVEL COM AUTONOMIA MÍNIMO 300 CHOQUES COM CARGA MÁXIMA PESO MÁXIMO DE 25 QUILOS DISPOSITIVO PARA LIMITAR CARGA PARA PACIENTE PEDIÁTRICO SEM NECESSIDADE DA TROCA DAS PÁS ADULTAS DEVERÁ POSSUIR MEMÓRIA PARA ARMAZENAMENTO DE 100 EVENTOS DE ECG OU GRAVACAO DE 2 HORAS DO ECG GRAU DE PROTECAO NO MÍNIMO IP5;UND
22173299;675002;303;02;2020;2;-1;LOTE NÃO INFORMADO;12585;6;DERMATOSCÓPIO TIPO ILUMINACAO EM LED E AUMENTO DE ATÉ 10X;UND
22173288;675002;303;02;2020;2;-1;LOTE NÃO INFORMADO;3797;7;MICRONEBOLIZADOR FREQUÊNCIA DE 60 HZ POTÊNCIA DE 140 HP COM PROTETOR TÉRMICO ACESSÓRIOS I205PLUS ROLAMENTO SELADO VAZAO DE NEBULIZACAO 49 IMIN PRESSAO DE ATÉ 40 PSI CAIXA COM COMPRESSOR MÁSCARAS ADULTO E INFANTIL MICRONEBULIZADO;UND
22173305;675002;303;02;2020;2;-1;LOTE NÃO INFORMADO;12591;18;AUTOCLAVE HORIZONTAL DE MESA MATERIAL ACO INOX TIPO HORIZONTAL MODELO GRAVITACIONAL OPERACAO AUTOMÁTICA DIGITAL CARACTERÍSTICA ADICIONAL SISTEMAS DE SECAGEM E SEGURANCA VOLUME CÂMARA CERCA DE 50 L COMPOSICAO SENSORES TEMPERATURA E PRESSAO ALARMES OUTROS COMPONENTES COM 3 BANDEJAS 1 PORTA;UND
22173297;675002;303;02;2020;2;-1;LOTE NÃO INFORMADO;12583;4;OXIMETRO DE PULSO DIGITAL MEDIDOR DE SATURACAO DE OXIGÊNIO NO SANGUE OPERACAO DE UM BOTAO É SIMPLES E CONVENIENTE O OXÍMETRO DE PULSO É PEQUENO EM TAMANHO LEVE E CONVENIENTE EM TRANSPORTAR BAIXO CONSUMO DE ENERGIA MEDICAO DE 30 HORAS EM DUAS PILHAS AAA INDICACAO PARA BAIXA VOLTAGEM DESLIGUE AUTOMATICAMENTE DENTRO DE 8 SEGUNDOS QUANDO NAO HÁ SINAL ACOMPANHA SACO PARA ARMAZENAMENTO E CHEVEIRO LANYARD PARA TRANSPORTE INFORMACOES IMPORTANTES O ALCANCE DE MEDICAO DA SATURACAO DE OXIGÊNIO 70 ~ 100% DE PRECISAO 2% TAXA DE PULSO 30 ~ 240BPM GRAU DE PRECISAO 2% DENTRO DE 30 ~ 240BPM PRESSAO ATMOSFÉRICA 86KPA TEMPERATURA DE TRABALHO 0 C ~ 45 C TEMPERATURA DE ARMAZENAMENTO;UND
22173289;675002;303;02;2020;2;-1;LOTE NÃO INFORMADO;5007;2;ESFIGNOMANÔMETRO INFANTIL BRACADEIRA DE TECIDO DE ALGODAO ANTIALÉRGICO OU NYLON RESISTENTE COM DIMENSOES INFANTIL FECHO EM VELCRO OU METAL MANÔMETRO ANERÓIDE COM VISOR GRADUADO 0 A 300MMHG PRECISO E DE FÁCIL LEITURA COM DIMENSOES MÍNIMAS DE 2 V;UND
22173290;675002;303;02;2020;2;-1;LOTE NÃO INFORMADO;6763;9;REANIMADOR MANUAL ADULTO TIPO AMBU BALAO EM SILICONE TRANSPARENTE MALEÁVEL COM VÁLVULA DE SEGURANCA AJUSTÁVEL DE 25 A 100 CM DE ÁGUA CMH2O VÁLVULA DE ADMISSAO DE ARO2 EM POLICARBONATO COM ENTRADA DE OXIGÊNIO ADICIONAL E DIAFRAGMA PARA ENTRADA;UND
22173280;675001;303;02;2020;2;-1;LOTE NÃO INFORMADO;13196;4;01 PONTO DE 3X3M PARA FUNCIONAMENTO DE BARRACA LOCALIZADO NA PRACA DR JOAO PINHEIRO CENTRO PARA EXPLORACAO NOS DIAS 22 A 25022020 BARRACA 08;UND
22173296;675002;303;02;2020;2;-1;LOTE NÃO INFORMADO;12582;3;ESFIGMOMANÔMETRO OBESO MANÔMETRO ANERÓIDE COM GRADUACAO DE 0 A 300 MM HG EM ARMACAO METÁLICA GARANTINDO ALTA RESISTÊNCIA ESCALA IMPRESSA EM COR CONTRASTANTE COM O FUNDO CLARO DO MOSTRADOR FÁCIL VISUALIZACAO TANTO DA ESCALA COMO DO PONTEIRO SELO DE AFERICAO NO INMETRO NO MOSTRADOR DEVERÁ CONTER AS SEGUINTES INDICACOESUNIDADE DE PRESSAO NOME DO FABRICANTE OU SUA MARCA NÚMERO DE SÉRIE MARCA DE APROVACAO DO MODELO OS TRACOS DE GRADUACAO DEVEM SER NÍTIDOS BEM DELINEADOS E COM DISTANCIAMENTO E ESPESSURA UNIFORMES PRESILHA PARA FIXACAO EM METAL RESISTENTE NA BRACADEIRA BRACADEIRA CONFECCIONADA EM ALGODAO RESISTENTE PROPORCIONANDO MODELAGEM FÁCIL E CONFORTÁVEL MEDIDA APROXIMADA DE 1;UND
22173284;675001;303;02;2020;2;-1;LOTE NÃO INFORMADO;13200;8;01 PONTO PARA COMERCIALIZACAO DE BRINQUEDOS INFANTIS E ARTIGOS CARNAVALESCOS LOCALIZADO NA PRACA DR JOAO PINHEIRO CENTRO PARA EXPLORACAO NOS DIAS 22 A 25 DE FEVEREIRO DE 2020 PONTO 01;UND
22173281;675001;303;02;2020;2;-1;LOTE NÃO INFORMADO;13197;5;01 PONTO DE 3X3M PARA FUNCIONAMENTO DE BARRACA LOCALIZADO NA PRACA DR JOAO PINHEIRO CENTRO PARA EXPLORACAO NOS DIAS 22 A 25022020 BARRACA 09;UND
22173278;675001;303;02;2020;2;-1;LOTE NÃO INFORMADO;13194;2;01 PONTO DE 3X3M PARA FUNCIONAMENTO DE BARRACA LOCALIZADO NA PRACA DR JOAO PINHEIRO CENTRO PARA EXPLORACAO NOS DIAS 22 A 25022020 BARRACA 04;UND
22173282;675001;303;02;2020;2;-1;LOTE NÃO INFORMADO;13198;6;01 PONTO PARA CARRINHO PARA COMERCIALIZACAO DE CACHORRO QUENTE LOCALIZADO NA PRACA DR JOAO PINHEIRO CENTRO PARA EXPLORACAO NOS DIAS 22 A 25 DE FEVEREIRO DE 2020 PONTO 01;UND
22173303;675002;303;02;2020;2;-1;LOTE NÃO INFORMADO;12589;15;CÂMARA PARA CONSERVACAO DE IMUNOBIOLÓGICOS PORTA VIDRO DUPLO DISCADOR DE EMERGÊNCIA ATÉ 3 NÚMEROS SISTEMA DE EMERGÊNCIA BATERIA NO BREAK MÍNIMO DE 48 HORAS SISTEMA DE REGISTRO DE DADOS SAÍDA USBPEN DRIVE MATERIAL DE CONFECCAO GABINETE EXTERNO ACO FERRO PINTADO MATERIAL DE CONFECCAO GABINETE INTERNO ACO INOXIDÁVEL TEMPERATURA ENTRE 2º C E 8ºC CAPACIDADE MÍNIMO DE 360 LITROS VERTICAL CIRCULACAO DE AR FORCADO CONTRA PORTA;UND
22173279;675001;303;02;2020;2;-1;LOTE NÃO INFORMADO;13195;3;01 PONTO DE 3X3M PARA FUNCIONAMENTO DE BARRACA LOCALIZADO NA PRACA DR JOAO PINHEIRO CENTRO PARA EXPLORACAO NOS DIAS 22 A 25022020 BARRACA 05;UND
22173285;675001;303;02;2020;2;-1;LOTE NÃO INFORMADO;13201;9;01 PONTO PARA COMERCIALIZACAO DE BRINQUEDOS INFANTIS E ARTIGOS CARNAVALESCOS LOCALIZADO NA PRACA DR JOAO PINHEIRO CENTRO PARA EXPLORACAO NOS DIAS 22 A 25 DE FEVEREIRO DE 2020 PONTO 02;UND
22173292;675002;303;02;2020;2;-1;LOTE NÃO INFORMADO;8579;13;BALANCA MECÂNICA ADULTA 110 CH CAPACIDADE 150 KG DIVISOES DE 100 G RÉGUA ANTROPOMÉTRICA COM ESCALA DE 200M EM ALUMÍNIO ANODIZADO DIVISOES DE 05CM PESAGEM MÍNIMA DE 2 KG PLATAFORMA DE 380 X 290 MM ALTURA DA BALANCA DE 135 M E ALTURA DA COLUNA;UND
22173295;675002;303;02;2020;2;-1;LOTE NÃO INFORMADO;11851;10;COLPOSCÓPIO COM ESTATIVA RETA ADEQUADO PARA EXAMES GINECOLÓGICOS E PROCTOLÓGICOS VISUALIZACAO ATRAVÉS DE BINÓCULO COM CINCO OPCOES DE AUMENTO DE 3 ATÉ 17 VEZES APRESENTA ENTRADA PARA CÂMERA DE VÍDEO ESPECIFICACOES DA CABECA ÓPTICA COLPOSCÓPIO;UND
22173276;675000;303;02;2020;2;-1;LOTE NÃO INFORMADO;13192;1;PERMISSAO DE USO DE ESPACO PÚBLICO PARA EXPLORACAO DE PRACA DE ALIMENTACAO CONTENDO 10 BARRACAS QUE SERAO MONTADAS PELO PERMISSIONÁRIO DEACORDO COM CROQUI FORNECIDO PELA PREFEITURA PARA COMÉRCIO DE BEBIDAS PRODUTOS ALIMENTÍCIOS E OUTROS DURANTE AS FESTIVIDADES DE COMEMORACAO DO ANIVERSÁRIO DE CAETÉ 306 ANOS QUE SERÁ REALIZADO NA ÁREA EXTERNA DO GINÁSIO POLIESPORTIVO NOS DIAS 14 15 E 16022020;SRV
22173287;675001;303;02;2020;2;-1;LOTE NÃO INFORMADO;13203;11;01 PONTO PARA COMERCIALIZACAO DE ALUGUÉL DE BRINQUEDOS INFANTIS LOCALIZADO NA PRACA DR JOAO PINHEIRO CENTRO PARA EXPLORACAO NOS DIAS 22 A 25 DE FEVEREIRO DE 2020 PONTO 02;UND
22173302;675002;303;02;2020;2;-1;LOTE NÃO INFORMADO;12588;14;NEGATOSCÓPIO ILUMINACAO POR LÂMPADAS FLUORESCENTES CIRCULARES DE 54W COM REATOR ELETRÔNICO ACENDIMENTO ATRAVÉS DE INTERRUPTOR VOLTAGEM DE 220V NA COR BRANCA OU BEGE VISUALIZACAO DE IMAGENS ANALÓGICAS OU DIGITAIS COM NITIDEZ GARANTIA DE 01 ANO;UND
22173277;675001;303;02;2020;2;-1;LOTE NÃO INFORMADO;13193;1;01 PONTO DE 3X3M PARA FUNCIONAMENTO DE BARRACA LOCALIZADO NA PRACA DR JOAO PINHEIRO CENTRO PARA EXPLORACAO NOS DIAS 22 A 25022020 BARRACA 03;UND
22173304;675002;303;02;2020;2;-1;LOTE NÃO INFORMADO;12590;17;MICROSCÓPIO BINOCULAR E100 LED OBJETIVAS PLANAS ACROMÁTICAS DE 41040 E 100X OCULAR 10X CAMPO DE 18MM BIVOLT AUTOMÁTICO;UND
22173298;675002;303;02;2020;2;-1;LOTE NÃO INFORMADO;12584;5;COMADRE EM ACO INOX FORMATO TIPO PÁ MEDINDO APROXIMADAMENTE 40 X 28CM COM CAPACIDADE PARA 3500ML SEM GRADUACAO DE FÁCIL LIMPEZA A APRESENTACAO DO PRODUTO DEVERA OBEDECER A LEGISLACAO ATUAL VIGENTE;UND
22173294;675002;303;02;2020;2;-1;LOTE NÃO INFORMADO;8585;8;CADEIRA PARA COLETA DE SANGUE CONSTRUÍDO EM TUBOS 78 PINTADOS TRATAMENTO ANTIFERRUGINOSO PINTURA ELESTROSTÁTICA À PÓ ASSENTO ENCOSTO E BRACO FRONTAL ESTOFADOS EM ESPUMAS REVESTIDOS EM CORANO PÉS COM PONTEIRAS PLÁSTICAS DIMENSOES 045 X 05;UND
22173300;675002;303;02;2020;2;-1;LOTE NÃO INFORMADO;12586;11;BISTURI CIRÚRGICO ELETRÔNICO DIGITAL POTÊNCIA 150 WATTS ALARMES POSSUI FUNCAO BIPOLAR ACESSÓRIOS 1 PEDAL SIMPLES REF PS100 1 CANETA PADRAO DE BAIXA REF CPB100 1 PLACA NEUTRA EM INOX 150X100X05MM REF PN100 1 CABO DE PLACA NEUTRA REF CPN400 1 CABO DE FORCA 3M 3 X 075MM 1 KIT DE ELETRODOS DE BAIXA REF KEB100 1 ELETRODO TIPO AGULHA 85MM REF EA85 1 ELETRODO TIPO AGULHA DE DEPILACAO 66MM REF EA66 1 ELETRODO TIPO ALCA PEQUENA Ø=45MM REF EAL45 1 ELETRODO TIPO BOLA Ø=21MM REF EB21 1 ELETRODO TIPO BOLA Ø=42MM REF EB42 1 ELETRODO TIPO FACA RETA PEQUENA 67MM REF EFR67 1 MANUAL DO USUÁRIO 1 CERTIFICADO DE GARANTIA DIMENSOES ALTURA 144CM LA;UND
22173293;675002;303;02;2020;2;-1;LOTE NÃO INFORMADO;8581;16;ELETROCARDIÓGRAFO INTERPRETATIVO 12 CANAIS COM TELA LCD CARDIOTOUCH 3000 ECG DE 12 CANAIS COM LAUDO INTERPRETATIVO FÁCIL OPERACAO COM APENAS UMA TECLA MODO DE IMPRESSAO E MONITOR ATUALIZACAO GRATUITA O SOFTWARE VIA INTERNET VISUALIZACAO DO MO;UND
22173283;675001;303;02;2020;2;-1;LOTE NÃO INFORMADO;13199;7;01 PONTO PARA CARRINHO PARA COMERCIALIZACAO DE CACHORRO QUENTE LOCALIZADO NA PRACA DR JOAO PINHEIRO CENTRO PARA EXPLORACAO NOS DIAS 22 A 25 DE FEVEREIRO DE 2020 PONTO 02;UND
22173291;675002;303;02;2020;2;-1;LOTE NÃO INFORMADO;6830;1;ESFIGNOMANÔMETRO ADULTO COM BRACADEIRA EM TECIDO DE ALGODAO ANTIALÉRGICO OU NYLON RESISTENTE COM DIMENSOES PARA ADULTO FECHO EM VELCRO OU METAL MANÔMETRO ANERÓIDE COM VISOR GRADUADO 0 A 300 MMHG PRECISO E DE FÁCIL LEITURA COM DIMENSOES MÍNIMAS DE;UND
23842539;728834;303;02;2020;6;-1;LOTE NÃO INFORMADO;12911;34;ESTANTE SIMPLES COM BASE INFERIOR FECHADA ESTANTE COM UMA FACE COM ALTURA DE 200 CM TOTALMENTE EM ACO MODELO SIMPLES FACE COM 5 PRATELEIRAS REGULÁVEIS E REMOVÍVEIS GRADUÁVEIS EM PASSOS DE 60MM E BASE CONTENDO GUARNICAO NA COLUNA FORMANDO ATÉ 6 NÍVEIS DE ARMAZENAMENTO TOTALMENTE EM ACO TRATADO POR PROCESSO DE DESENGRAXE E FOSFATIZACAO CONTRA OXIDACAO PINTURA A PÓ HÍBRIDO EPÓXIPOLYESTER ATRAVÉS DE PROCESSO ELETROSTÁTICO SEGUINDO SECAGEM POR POLIMERIZACAO EM ESTUFA ESPESSURA DA TINTA ACIMA DE 80 MICRONS E RESISTENTE À EXPOSICAO À NEVOA SALINA DE 420 HORAS E À EXPOSICAO À CÂMARA ÚMIDA DE 400 HORASMONTADA E ENTREGUE NO LOCAL ESPECIFICADO;UND
23842544;728834;303;02;2020;6;-1;LOTE NÃO INFORMADO;12916;39;BALDE EM PLASTICO NAO RECICLAVEL COM TAMPA E COM ALTA RESISTENCIA EM IMPACTO COM CAPACIDADE DE 20 LITROS;UND
23842508;728834;303;02;2020;6;-1;LOTE NÃO INFORMADO;12879;3;REPRODUTOR DVDBLURAY REPRODUCAO DE BLURAY DISC BD E DVDS CONVENCIONAIS POSSIBILIDADE DE CONEXAO WIFI CÓDIGO DE REGIAO A PARA BLURAY E 4 PARA DVD OU MULTIZONA IMAGEM 24P COM UPSPCALING PARA CONVERSAO DE SINAIS DE VÍDEO CONVENCIONAIS DO DVD 480I PARA SINAIS DE ALTA DEFINICAO 1080P;UND
23842534;728834;303;02;2020;6;-1;LOTE NÃO INFORMADO;12906;29;CADEIRA EMPILHÁVEL ESTOFADA BASE FIXA ESTRUTURA COMPOSTA DE TUBO DE ACO COR VERDE E OU PRETA;UND
23842536;728834;303;02;2020;6;-1;LOTE NÃO INFORMADO;12908;31;CADEIRA GIRATÓRIA C BRACO COM ASSENTO E ENCOSTO MÉDIOS SEPARADOS;UND
23842543;728834;303;02;2020;6;-1;LOTE NÃO INFORMADO;12915;38;CESTO PARA LIXO EM PLASTICO NAO RECICLAVEL COM CAPACIDADE DE 10 A 15 LITROS PARA PNE;UND
23842515;728834;303;02;2020;6;-1;LOTE NÃO INFORMADO;12886;10;RACK PARA INSTALACAO DE EQUIPAMENTOS PADRAO 19 20 U DE ALTURA ACO FAE 1020 DE 15 A 20MM DE ESPESSURA COM PORTA FRONTAL COM VISOR EM ACRÍLICO PORTAS LATERAIS E TRASEIRAS 4 PÉS NIVELADORES INCLUSO FORNECIMENTO E INSTALACAOCABOS;UND
23842532;728834;303;02;2020;6;-1;LOTE NÃO INFORMADO;12904;27;ARMÁRIO FECHADO ARMÁRIO EM MDP REVESTIDO COM LAMINADO MELAMÍNICO DE BAIXA PRESSAO COM BORDAS EM PVC POSSUI 2 PORTAS COM REVESTIMENTO EM CHAPA DE ACO PINTADO EM EPÓXIPÓ COR BRANCO 3 PRATELEIRAS REGULÁVEIS DE CADA LADO CHAVE DOBRÁVEL E SAPATAS AJUSTÁVEIS H=180CM L=94CM PROF=504CM;UND
23842522;728834;303;02;2020;6;-1;LOTE NÃO INFORMADO;12894;17;MESAS COM BAIA EM MDF BRANCO FOSCO ESPESSURA 15MM 070 COMPX050 LARG E 075 DE ALTURA;UND
23842526;728834;303;02;2020;6;-1;LOTE NÃO INFORMADO;12898;21;TAPETE RETANGULAR ARRAIOLO TODO FEITO A MAO MEDINDO 20M DE COMPRIMENTO POR 150M DE LARGURA CONFECCIONADO COM LAS DE CORES VARIADAS E TELA DE TALAGARCA CONTENDO EXCELENTE ACABAMENTO;UND
23842509;728834;303;02;2020;6;-1;LOTE NÃO INFORMADO;12880;4;MESA DE SOM COM 8 CANAIS DE ENTRADAS BALANCEADOS ALIMENTACAO DE 100 A 240 VCA PLUG PADRAO ABNT PROTECOES ELÉTRICAS INTERNAS RECURSOS POR CANAL PORTA USB ENTRADAS DE MIC ROFONE CONECTOR XLR ELETR SIMÉTRICAS CIRCUITO DE ENTRADA DISCRETO RESPOSTA DE FREQUENCIA <10HZ 150KHZ 1DB GAMA DE AMPLIFICACAO 10 A 60DB NÍVEL DE ENTRADA MAX 12 DBU @ 10 DB GAIN;UND
23842514;728834;303;02;2020;6;-1;LOTE NÃO INFORMADO;12885;9;MICROFONE DE USO PROFISSIONAL SEM FIO 99 CANAIS X2 COM RECEPTOR ALIMENTACAO 3 VDC PILHAS AA1 5VX2 UHF 720 A 805 MHZ OSCILADOR A CRISTAL ESTABILIDADE 10PPM SENSIBILIDADE 16UV@ SINAD = 12BD MAX DESVIO DE FREQUENCIA 50HZ SINALRUÍDO>105THD <05%@1KHZ REJEICAO DE IMAGEM 85 DB REJEICAO DE ESPÚRIOS DE 75DB;UND
23842535;728834;303;02;2020;6;-1;LOTE NÃO INFORMADO;12907;30;ESCADA DE ALUMÍNIO CONTENDO 7 DEGRAUS COM APROXIMADAMENTE LARG 049 CM ALT 018 CM PROF 105 CM TRAVA DE SEGURANCA CAPACIDADE MÁXIMA DE 120 KG;UND
23842528;728834;303;02;2020;6;-1;LOTE NÃO INFORMADO;12900;23;IMPRESSORA MULTIFUNCIONAL FUNCOES DE IMPRIMIRCOPIAR DIGITALIZAR ADMITE MULTI TAREFAS;UND
23842529;728834;303;02;2020;6;-1;LOTE NÃO INFORMADO;12901;24;LIXEIRA CESTO PARA LIXO CIRCULAR EM ACO INOXIDÁVEL COM PEDAL COM DETALHE EM PLÁSTICO INJETADO POSSUI BASE E TAMPA COM PRENDEDOR DE SACO PLÁSTICO H = 325CM L= 21CM DIÂMETRO= 21CM PESO= 09KG;UND
23842530;728834;303;02;2020;6;-1;LOTE NÃO INFORMADO;12902;25;BIBLIOCANTO COM SINALIZADOR CONFECCAO EM ACO PINTURA TRATAMENTO ANTICORROSIVO FOSFATIZANTE PINTURA ELETROSTÁTICA A PÓ H =20 CM LARGURA =155 CM BASE= 13 CM;UND
23842517;728834;303;02;2020;6;-1;LOTE NÃO INFORMADO;12888;12;POLTRONA COM ASSENTO AUTOBASCULANTE ESTOFAMENTO COM FORRACAO EM TECIDO ANTIALÉRGICO NA COR VERDE BANDEIRA;UND
23842510;728834;303;02;2020;6;-1;LOTE NÃO INFORMADO;12881;5;AMPLIFICADOR 500 WRMS POR CANAL EM 4 OHMS 290 WRMS POR CANAL EM 8 OHMS 1000 WATTS DE PROGRAMA MUSICAL POR CANAL EM 4 OHMS 580 WATTS DE PROGRAMA MUSICAL POR CANAL EM 8 OHMS PROTECAO CONTRA CURTO PROTECAO TÉRMICA ELETRÔNICA ENTRADAS BALANCEADAS COM CONECTORES XLRP10 CHAVES MONOBRIDGESTEREO E GROUND LIFT;UND
23842545;728834;303;02;2020;6;-1;LOTE NÃO INFORMADO;12917;40;JOGOS DE DAMA MODELO TRADICIONAL COM TABULEIRO CONFECCIONADO EM MADEIRA E E CANTONEIRA DE PROTECAO EM MADEIRA EM TODA SUA EXTENSAO MEDINDO 50CM X 50CM E 2 CM DE ALTURA COM 2JOGOS DE PECAS EM MADEIRA A EMBALAGEM DO PRODUTO DEVERÁ TER SELO DE QUALIDADE INMETRO CADA PECA DEVERÁ MEDIR 25MM DE DIÂMETRO X 08MM DE ALTURA;UND
23842542;728834;303;02;2020;6;-1;LOTE NÃO INFORMADO;12914;37;CESTO PARA LIXO EM PLASTICO NAO RECICLAVEL COM TAMPA E PEDAL COM CAPACIDADE DE 10 A 15 LITROS;UND
23842547;728834;303;02;2020;6;-1;LOTE NÃO INFORMADO;12919;42;BANDEIRA NACIONAL BANDEIRA ESPORTIVA OFICIAL DO BRASIL MEDINDO 090 CM X 128 M CONFECCIONADA EM 100% POLIÉSTER DUPLA FACE;UND
23842548;728834;303;02;2020;6;-1;LOTE NÃO INFORMADO;12920;43;COLCHONETES PARA GINÁSTICA CONFECCIONADO EM ESPUMA RESISTENTE FIRME E MACIA 100% POLIURETANO D 26 MEDINDO 10M X 060 CM X 005 MREVESTIDO EM NAPA 030 MM COM ACABAMENTO DAS COSTURAS EM LINHA DE NYLON REFORCADO E RESISTENTE E EM UM DOS CANTOS;UND
23842540;728834;303;02;2020;6;-1;LOTE NÃO INFORMADO;12912;35;CARTEIRA UNIVERSITÁRIA EXECUTIVA COM BRACO ESCAMOTEÁVEL TUBO 78 COR VERDE BANDEIRA MONTADA E ENTREGUE NO LOCAL ESPECIFICADO;UND
23842541;728834;303;02;2020;6;-1;LOTE NÃO INFORMADO;12913;36;QUADRO BRANCO 120X90 MOLDURA DE ALUMÍNIO AL 90120 ACOMPANHA SUPORTE PARA APAGADORMOLDURA EM ALUMÍNIO 090X120MENTREGUE EM LOCAL ESPECIFICADO;UND
23842525;728834;303;02;2020;6;-1;LOTE NÃO INFORMADO;12897;20;TAPETE REDONDO ARRAIOLO TODO FEITO A MAO MEDINDO 150M DE DIÂMETRO CONFECCIONADO COM LAS DE CORES VARIADAS E TELA DE TALAGARCA CONTENDO EXCELENTE ACABAMENTO;UND
23842546;728834;303;02;2020;6;-1;LOTE NÃO INFORMADO;12918;41;JOGOS DE XADREZ MODELO TRADICIONAL OFICIAL COM TABULEIRO CONFECCIONADO EM MADEIRA E CANTONEIRA DE PROTECAO EM MADEIRA EM TODA SUA EXTENSAO MEDINDO 50CM X 50 CM E 2 CM DE ALTURA COM 2 JOGOS DE PECAS EM MADEIRA SENDO QUE O REI COMO REFERENCIA DE TAMANHO TENHA 85 CM DE ALTURA E O RESTANTE DAS PECAS PROPORCIONAL A EMBALAGEM DO PRODUTO DEVERÁ TER SELO DE QUALIDADE INMETRO;UND
23842531;728834;303;02;2020;6;-1;LOTE NÃO INFORMADO;12903;26;TAMPO EM MDF PARA MESA BRANCO FOSCO COM ESPESSURA MÍNIMA DE 15 MM MEDINDO 258 DE COMP X 120 DE LARGURA E AS BORDAS REVESTIDAS DE BRANCO;UND
23842521;728834;303;02;2020;6;-1;LOTE NÃO INFORMADO;12893;16;MESA PARA IMPRESSORA EM MDF COR BRANCA COM ESPESSURA MÍNIMA DE 15 MM 070X050 X075;UND
23842519;728834;303;02;2020;6;-1;LOTE NÃO INFORMADO;12891;13;CORTINA 1300M X 330M EM VELUDO SINTÉTICO IGNIFUGADO NA COR AZUL MARINHO FRANZIDO 25M DE TECIDO PARA CADA METRO ACABADO DE CORTINA COM TRILHO DE ALUMÍNIO E CARRINHOS REFORCADOS COM RODÍZIOS DE NYLON;M²
23842511;728834;303;02;2020;6;-1;LOTE NÃO INFORMADO;12882;6;CAIXAS ACÚSTICAS APLICACAO PA MONITOR FLY CAIXA FRONTAL PASSIVA DE 2 VIAS MÚLTIPLAS TITÂNIO COM CROSSOVER PASSIVO INTERNO POTÊNCIA 350 WATTSRMS PROGRAMA 700 WATTS RESPOSTA DE FREQUÊNCIA 40 HZ A 20 KHZ SENSIBILIDADE SPL 1W AT 1M= 100DB IMPEDÂNCIA 8 OHMS ENTRADASSAÍDAS 2 PARALELAS FALANTES 1X15 FULL RANGE 1 DRIVE DE TITÂNIO 1 34 ANGULAR FALANTE 90°H E 90°V DRIVE 90°H E 40°V;UND
23842523;728834;303;02;2020;6;-1;LOTE NÃO INFORMADO;12895;18;MESAS COM BAIA EM MDF BRANCO FOSCO ESPESSURA 15MM 1 30 COMP X 075 LARG E 075 DE ALTURA;UND
23842533;728834;303;02;2020;6;-1;LOTE NÃO INFORMADO;12905;28;ARQUIVO DE ACO CHAPA 22 LONGO COM 4 CAQDEIRAS TRILHO TELESCOPICO SILENCIOSO;UND
23842506;728834;303;02;2020;6;-1;LOTE NÃO INFORMADO;12877;1;TELA DE PROJECAO 120 243M X 182M FORMATO 43 SUPERFÍCIE DE PROJECAO TIPO MATE PARA PROJECAO FRONTAL GANHO DE LUMINOSIDADE 11 OU SUPERIOR ÂNGULO DE VISAO DE 100 OU SUPERIOR REFORCO ESTRUTURAL DA SUERFÍCIE;UND
23842516;728834;303;02;2020;6;-1;LOTE NÃO INFORMADO;12887;11;BANDEJAS FIXA PARA RACK 19 ALTURA 2 U PROFUNDIDADE DE 400MM PERFURADA PINTURA EM EPOX COR PRETO;UND
23842537;728834;303;02;2020;6;-1;LOTE NÃO INFORMADO;12909;32;MESA RETANGULAR EM MDF COR BRANCA COM ESPESSURA MÍNIMA DE 15 MM 140X060 X075 COM PASSAGEM DE CABO SAPATAS REGULARESCOM 3 GAVETAS SENDO UMA COM CHAVE E PÉ DE FERRO NA COR PRETAMONTADA;UND
23842507;728834;303;02;2020;6;-1;LOTE NÃO INFORMADO;12878;2;PROJETOR DE VÍDEO LUMINÂNCIA 2500 ANSI LUMENS OU SUPERIOR RESOLUCAO WXGA 1280X800 PIXELS OU SUPERIOR CONTRASTE 20001 VOLTAGEM AC 100240V ENTRADA DE VÍDEO DIGITAL HDMI COM CONTROLE REMOTO E SUPORTE PARA O PROJETOR;UND
23842518;728834;303;02;2020;6;-1;LOTE NÃO INFORMADO;12890;14;ESTANTE DE MDF BRANCO FOSCO ESPESSURA DE 15MM MEDINDO 250M DE LARGX260M ALT X A30 PROF SENDO COLORIDA NAS FACES DE BORDAS EXTERNAS EX VERMELHO VERDE CLARO E ESCURO AZUL CLARO E ESCURO AMARELO BRANCO E ALARANJADO MONTAD E ENTREGUE NO LOCAL ESPECIFICADO;UND
23842538;728834;303;02;2020;6;-1;LOTE NÃO INFORMADO;12910;33;MESA RETANGULAR EM MDF PARA COMPUTADORES COR CINZA CLARO MEDINDO 090X060X075 ESPESSURA MÍNIMA DE 15MM COR CINZA CLARO;UND
23842520;728834;303;02;2020;6;-1;LOTE NÃO INFORMADO;12892;15;ESTANTECARRINHO MÓVEL COM TAMPO CONFECCIONADO EM FIBRA DE MADEIRA MACICA C ESPESSURA MÍNIMA DE 20 MM C TODOS OS VÉRTICES ARREDONDADOS E BORDAS USINADAS REVESTIDO NA FACE SUPERIOR EM LAMINADO DE PVC TERMO FORMÁVEL A VÁCUO O RESTANTE DA PECA DEVERÁ SER PINTADO COM TINTA ESMALTE MEDIDAS H650 X P350 X L400 MM NA COR BRANCA DEBAIXO MESAS EXPOSICAO MONTADA E ENTREGUE EM LOCAL ESPECIFICADO;UND
23842513;728834;303;02;2020;6;-1;LOTE NÃO INFORMADO;12884;8;MICROFONES COM FIO MICROFONE DINÂMICO CARDIÓIDE RESPOSTA DE FREQ DE 50HZ A 15KHZINCLUSO FORNECIMENTO E INSTALACAOCABOS;UND
23842512;728834;303;02;2020;6;-1;LOTE NÃO INFORMADO;12883;7;FILTRO DE LINHA CORRENTE MÁXIMA DE SAÍDA 15 AMPÉRESCABO DE ENERGIA CAPTIVE 314 AWG 3 CABO PRETO COM PLUG NEMA 15 PULLOUTL LIGHTS DUAS MULTI LED LÂMPADAS DIMERIZÁVEIS DIMERIZÁVEIS BNC SOCKET WSWITCH LÂMPADA RACK TRASEIRO 12 VAC 500MA MAXX LÂMPADA NAO INCLUÍDA VOLTAGEM DE OPERACAO 90139 VAC;UND
23842524;728834;303;02;2020;6;-1;LOTE NÃO INFORMADO;12896;19;MESA SEXTAVADA DE MDF BRANCO FOSCO ESPESSURA DE 15 MM MEDINDO 10M DE COMP X 075 DE ALTPÉS E TUBO REDONDO DE ACO CARBONO SENDO COLORIDO NAS FACES DE BORDAS EXTERNAS EX VERMELHO VERDE AZUL AMARELO BRANCO ALARANJADO MONTADA E ENTREGUE EM LOCAL ESPECIFICADO;UND
23842527;728834;303;02;2020;6;-1;LOTE NÃO INFORMADO;12899;22;NOTEBOOK COM PROCESSADOR INTEL® CORE I77500 DUAL CORE 27 GHZ TURBO MAX ATÉ 35 GHZ SISTEMA OPERACIONAL WINDOWS 10 HOME TELA 156 COM WEBCAM INTEGRADA COM RESOLUCAO VGA TELA LCD LED HD ANTIRREFLEXIVA COM RESOLUCAO 1366 X 768 CONECTOR COMBO PARA FONE DE OUVIDO MICROFONE EFEITOS DE ÁUDIO SOUNDALIVE COM ALTOFALANTES 3W ESTÉREO 15 W X 2;UND
23842549;728835;303;02;2020;7;-1;LOTE NÃO INFORMADO;13205;1;PRESTACAO DE SERVICOS DE RECAPEAMENTO ASFÁLTICO DAS RUAS JOAO CARLOS DE MELO JOAO MARCIANO DE OLIVEIRA SANTA LUIZA DE MARILAC E TIRADENTES NO BAIRRO PEDRA BRANCA SEDE DO MUNICÍPIO CONFORME CONVÊNIO Nº 10522020;SRV
23842554;728837;303;02;2020;7;1;LOTE 1;13126;2;SERVICO DE FUNERAL ESPECIAL ADULTO URNA MORTUÁRIA SIMPLES QUE SUPORTE ATÉ 200 KG EM MADEIRA ENVERNIZADA COM VISOR ALCA DURA PARAMENTACOES COMPLETAS CONFORME CREDO RELIGIOSO VÉU DE TULE SIMPLES ATENDIMENTO BÁSICO NECESSÁRIO REMOCAO DO CADÁVER HIGIENIZACAO ASSEPSIA VELAS LIVRO DE PRESENCA 01 UMA COROA DE FLORES TRASLADO DO CORPO DENTRO DO MUNICÍPIO DE CAETÉ E REGIAO METROPOLITANA;UND
23842553;728837;303;02;2020;7;1;LOTE 1;13125;1;SERVICO DE FUNERAL SIMPLES ADULTO URNA MORTUÁRIA SIMPLES QUE SUPORTE ATÉ 90 KG EM MADEIRA ENVERNIZADA COM VISOR ALCA DURA PARAMENTACOES COMPLETAS CONFORME CREDO RELIGIOSO VÉU DE TULE SIMPLES ATENDIMENTO BÁSICO NECESSÁRIO REMOCAO DO CADÁVER HIGIENIZACAO ASSEPSIA VELAS LIVRO DE PRESENCA 01 UMA COROA DE FLORES TRASLADO DO CORPO DENTRO DO MUNICÍPIO DE CAETÉ E REGIAO METROPOLITANA;UND
23842551;728836;303;02;2020;7;1;LOTE 1;13170;2;CALCA EM JEANS ESCURO COM CÓS E FECHO BOLSO NA FRENTE BOLSO CHAPADO NAS COSTAS NO BOLSO TRASEIRO DO LADO ESQUERDO SILK COM OS DIZERES PREFEITURA MUNICIPAL DE CAETÉ SECRETARIA MUNICIPAL DE SAÚDE TAMANHOS A SEREM DEFINIDOS NA ENTREGA;UND
23842552;728836;303;02;2020;7;1;LOTE 1;13171;3;BONÉ COM ABA FRONTAL CONFECCIONADO EM ALGODAO COR CINZA SILKADO COM O BRASAO DA PREFEITURA NA LATERAL ESQUERDA DO BONÉ;UND
23842555;728837;303;02;2020;7;1;LOTE 1;13127;3;SERVICO DE FUNERAL INFANTIL URNA MORTUÁRIA SIMPLES EM MADEIRA ENVERNIZADA COM VISOR ALCA DURA PARAMENTACOES COMPLETAS CONFORME CREDO RELIGIOSO VÉU DE TULE SIMPLES ATENDIMENTO BÁSICO NECESSÁRIO REMOCAO DO CADÁVER HIGIENIZACAO ASSEPSIA VELAS LIVRO DE PRESENCA 01 UMA COROA DE FLORES TRASLADO DO CORPO DENTRO DO MUNICÍPIO DE CAETÉ E REGIAO METROPOLITANA;UND
23842556;728838;303;02;2020;7;-1;LOTE NÃO INFORMADO;13142;1;PRESTACAO DE SERVICOS DE RESTAURACAO DA CAPELA DE SAO FRANCISCO DE ASSIS TOMBADA COMO PATRIMÔNIO DO MUNICÍPIO DE CAETÉ COM AS SEGUINTES INTERVENCOES PINTURA INTERNA E EXTERNA REDE ELÉTRICA RECUPERACAO PORMENORIZADA DE ALGUNS ELEMENTOS CONSTITUTIVOS A FIM DE GARANTIR MAIOR INTEGRIDADE E CONSERVACAO DO BEM CULTURAL;SRV
23842550;728836;303;02;2020;7;1;LOTE 1;13169;1;CAMISA DE MALHA CONFECCIONADA EM 100% ALGODAO COR BRANCA DECOTE REDONDO SILKADA COM OS SEGUINTES DIZERES NAS MANGAS DIREITA E ESQUERDA A LOGOMARCA DA PREFEITURA MUNICIPAL DE CAETÉ TAMANHOS A SEREM DEFINIDOS NA ENTREGA;UND
23842578;728843;303;02;2020;8;-1;LOTE NÃO INFORMADO;11988;3;DIETA PARA NUTRICAO ENTERAL OU ORAL NORMOCALÓRICO COM 10 KCLAML ISENTA DE GLÚTEN LACTOSE E COLESTEROL LATA CONTENDO 400 OU 800 GRAMAS;LA
23842559;728841;303;02;2020;8;-1;LOTE NÃO INFORMADO;13208;1;PRESTACAO DE SERVICOS DEPAVIMENTACAO E RECAPEAMENTO ASFÁLTICO DAS RUAS HORTÊNCIA AZALÉIA ORQUÍDEA 31 DE MARCO E PIO XII NA SEDE DO MUNICÍPIO CONFORME PROPOSTA Nº 0051932019 SICONV Nº 8849142019 CEF;SRV
23842569;728843;303;02;2020;8;-1;LOTE NÃO INFORMADO;11446;15;FÓRMULA INFANTIL SEMIELEMENTAR E HIPOALERGÊNICA À BASE DE PROTEÍNA EXTENSAMENTE HIDROLISADA DE SORO DO LEITE TCM ÓLEOS VEGETAIS DE MORTIERELLA ALPINA E DE PEIXE MALTODEXTRINA VITAMINAS MINERAIS NUCLEOTÍDEOS E OLIGOELEMENTOS ISENTO DE LACTOS;LA
23842570;728843;303;02;2020;8;-1;LOTE NÃO INFORMADO;11447;6;FÓRMULA LÍQUIDA NUTRICIONALMENTE COMPLETA BALANCEADA HIPERCALÓRICA NORMOPROTEICA E NORMOLIPÍDICA PARA ALIMENTACAO ORAL OU ENTERAL OFERECENDO UMA FONTE CONCENTRADA DE CALORIAS 15 KCALML SABOR BAUNILHA CONTEÚDO DA EMBALAGEM 200 ML;EMB
23842573;728843;303;02;2020;8;-1;LOTE NÃO INFORMADO;4736;11;FÓRMULA INFANTIL PARA LACTENTES A PARTIR DOS 06 MESES DE VIDA LATA COM 400G TIPO LEITE NAN 2;LA
23842575;728843;303;02;2020;8;-1;LOTE NÃO INFORMADO;10296;9;FÓRMULA INFANTIL ISENTA DE LACTOSE PARA LACTANTES MENORES DE UM ANO DE IDADE LATA CONTENDO 400 GRAMAS;LA
23842562;728843;303;02;2020;8;-1;LOTE NÃO INFORMADO;6415;12;LEITE NAN AR - 400 GRS;UND
23842565;728843;303;02;2020;8;-1;LOTE NÃO INFORMADO;9298;8;DIETA ENTERAL NORMOCALÓRICA NORMOPROTEICA NORMOLIPÍDICA COM 12 KCALML COMPOSTO POR 100 % DE PROTEÍNA DA SOJA EMBALAGEM 370 GR;LIT
23842564;728843;303;02;2020;8;-1;LOTE NÃO INFORMADO;4735;10;LEITE NAN 1 LATA COM 400G;LA
23842557;728839;303;02;2020;8;-1;LOTE NÃO INFORMADO;13209;1;PRESTACAO DE SERVICOS DE PAVIMENTACAO E RECAPEAMENTO ASFÁLTICO DAS RUAS NOSSA SENHOR APARECIDA DR LUIS GUIMARAES JEQUITIBÁ E CELSO AGUIAR NA SEDE DO MUNICÍPIO CONFORME PROPOSTA Nº 27660003 SINCOV Nº 8952592017 CEF;SRV
23842560;728842;303;02;2020;8;-1;LOTE NÃO INFORMADO;13207;1;PRESTACAO DE SERVICOS DE REVITALIZACAO DE PRACAS SENDO PRACA JOAQUIM FRANCO CENTRO PRACA PE JOAQUIM SATURNINO DE FREITAS CHARNEAUX PRACA OSWALDO MARTINS PEDRA BRANCA PRACA PRESIDENTE GETÚLIO VARGAS JOSÉ BRANDAO PRACA DA RUA JUSMERINO DA SILVA SAO GERALDO CONFORME PROPOSTA Nº 105582371 SICONV Nº 0344712018 CEF;SRV
23842561;728843;303;02;2020;8;-1;LOTE NÃO INFORMADO;4751;16;DIETA ENTERAL INDUSTRIALIZADA ISOSSOURCE 15 KCAL;LT
23842568;728843;303;02;2020;8;-1;LOTE NÃO INFORMADO;11445;14;FÓRMULA INFANTIL PARA LACTENTES ATÉ SEIS MESES DE VIDA COM ÓLEOS VEGETAIS E FIBRAS CÁLCIO FERRO ZINCO VITAMINAS E MINERAIS CONTEÚDO DA EMBALAGEM 800 G;LA
23842580;728844;303;02;2020;8;1;CARGAS DE GÁS OXIGÊNIO MEDICINAL;1333;1;CARGA DE OXIGÊNIO MEDICINAL 1M³;UND
23842579;728844;303;02;2020;8;1;CARGAS DE GÁS OXIGÊNIO MEDICINAL;547;3;CARGA DE OXIGÊNIO MEDICINAL 10 M³;UND
23842563;728843;303;02;2020;8;-1;LOTE NÃO INFORMADO;8894;2;DIETA ALIMENTO NUTRICIONALMENTE COMPLETO PARA NUTRICAO ENTERAL OU ORAL HIPOSSÓDICO SEM SACAROSE À BASE DE PROTEÍNA ISOLADA DE SOJA RICA EM ISOFLAVONAS NORMOCALÓRICO NA DILUICAO PADRAO ISENTO DE SACAROSE E LACTOSE LATA DE 800G;LA
23842577;728843;303;02;2020;8;-1;LOTE NÃO INFORMADO;11987;17;DIETA ENTERAL INDUSTRIALIZADA FORMULADA PARA SITUACOES METABÓLICAS ESPECIAIS FORMULADO PARA AUXÍLIO AO CONTROLE GLICÊMICO EMBALAGEM CONTENDO 1 UM LITRO;LIT
23842558;728840;303;02;2020;8;-1;LOTE NÃO INFORMADO;13206;1;PRESTACAO DE SERVICOS DE RECAPEAMENTO DA AV CASTELO BRANCO E TRAVESSA 03 NO CONJUNTO HABITACIONAL CHARNEAUX NA SEDE DO MUNICÍPIO CONTRATO CEF CT Nº 106602198 CONVÊNIO Nº 895255;SRV
23842574;728843;303;02;2020;8;-1;LOTE NÃO INFORMADO;8890;13;FÓRMULA INFANTIL PARA LACTENTES E DE SEGUIMENTO PARA LACTENTES DESTINADA A NECESSIDADES DIETOTERÁPICAS ESPECÍFICAS À BASE DE PROTEÍNA EXTENSAMENTE HIDROLISADA COM DHA E ARA CONTEÚDO DA EMBALAGEM 400 OU 450 GRAMAS;LA
23842567;728843;303;02;2020;8;-1;LOTE NÃO INFORMADO;11444;5;DIETA NUTRICIONALMENTE COMPLETA PARA NUTRICAO ENTERAL OU ORAL COM 100% DE PROTEÍNA DA SOJA COM 12KCALML CONTENDO 17 GLITRO DE FIBRAS CONTEÚDO DA EMBALAGEM 1 UM LITRO;LIT
23842572;728843;303;02;2020;8;-1;LOTE NÃO INFORMADO;13231;18;SUPLEMENTO NUTRICIONAL ORAL COMPLETO HIPERCALÓRICO 32 KCALML HIPERPROTEICO 20 % ENERGIA E BAIXO TEOR EM FIBRA COM ELEVADO TEOR DE VITAMINA D CLINICAMENTE ISENTO DE LACTOSE ISENTO DE GLUTEN FRASCO DE 125 ML;FR
23842581;728844;303;02;2020;8;1;CARGAS DE GÁS OXIGÊNIO MEDICINAL;4579;2;CARGA DE OXIGÊNIO MEDICINAL 3M³;UND
23842571;728843;303;02;2020;8;-1;LOTE NÃO INFORMADO;11989;7;DIETA ENTERAL INDUSTRIALIZADA 12 KCALML EMBALAGEM 01 LITRO;LIT
23842566;728843;303;02;2020;8;-1;LOTE NÃO INFORMADO;11441;1;ALIMENTO PARA SITUACOES METABÓLICAS ESPECIAIS PARA NUTRICAO ENTERAL OU PARA USO ORAL PARA ESTADO DE TOLERÂNCIA ANORMAL À GLICOSE FORMULADO ESPECIALMENTE PARA PESSOAS COM DIABETES SABOR BAUNILHA FRASCO 200 ML;FR
23842576;728843;303;02;2020;8;-1;LOTE NÃO INFORMADO;11443;4;DIETA ENTERAL OU ORAL NORMOCALÓRICA SEM LACTOSE E SEM GLÚTEN PARA CRIANCAS DE 1 A 10 ANOS CONTEÚDO DA EMBALAGEM 380 OU 400 GRAMAS;LA
24807544;760921;302;01;2020;12;1;LOTE NUMERO: 1;3069;7;LOC. PORTAL TRANSPARENCIA;SERVICOS
24807540;760921;302;01;2020;12;1;LOTE NUMERO: 1;3065;3;LOC.SOFTWARE CONTROLE FROTAS;SERVICOS
24807542;760921;302;01;2020;12;1;LOTE NUMERO: 1;3067;5;LOCACAO SOFTWARE TESOURARIA;SERVICOS
24807539;760921;302;01;2020;12;1;LOTE NUMERO: 1;3064;2;LOC.SOFTWARE COMPRAS LICITACAO;SERVICOS
24807550;760921;302;01;2020;12;1;LOTE NUMERO: 1;3695;13;LOC SOFT CONTRA CHEQUE ELETRON;SERVICOS
24807548;760921;302;01;2020;12;1;LOTE NUMERO: 1;3693;11;LOC SOFT GEST PESSOAL E SOCIAL;SERVICOS
24807543;760921;302;01;2020;12;1;LOTE NUMERO: 1;3068;6;LOC.SOFTWARE PATRIMONIO PUBLIC;SERVICOS
24807549;760921;302;01;2020;12;1;LOTE NUMERO: 1;3694;12;LOC SOFT CONTROLE OBRAS;SERVICOS
24807547;760921;302;01;2020;12;1;LOTE NUMERO: 1;3692;10;LOC SOFT CONTROLE INTERNO;SERVICOS
24807546;760921;302;01;2020;12;1;LOTE NUMERO: 1;3691;9;LOC SOFT PLANEJ ORCAMENT LOA;SERVICOS
24807545;760921;302;01;2020;12;1;LOTE NUMERO: 1;3071;8;SERV.VALOR MIGRACAO;SERVICOS
24807538;760921;302;01;2020;12;1;LOTE NUMERO: 1;3062;1;LOCACAO SOFTWARE CONTABILIDADE;SERVICOS
24807541;760921;302;01;2020;12;1;LOTE NUMERO: 1;3066;4;LOC.SOFTWARE ALMOXARIFADO;SERVICOS
24701705;757064;303;02;2020;11;-1;LOTE NÃO INFORMADO;12742;8;MACA FIXA EM ACO LEITO ESTOFADO REVESTIDO EM COURVIM COM REGULAGEM NA CABECEIRAESTRUTURA TUBULAREM ACO PÉS COM RODIZIOS DE NO MINIMO 3 SENDO 02 COM FREIOS ACABAMENTO COM PINTURA ELETROSTÁTICA A PÓ DIMENSOES 185 M ALTURA X 055 LARGURA X 080 PROFUNDIDADE GRADES LATERAIS REMOVIVEIS ESTOFADO REVESTIDO;UND
24701714;757065;303;02;2020;11;-1;LOTE NÃO INFORMADO;8476;7;CADEIRA PARA OBESO COM APOIO DE BRACOS FIXO BASE GIRATÓRIA REFORCADA COM REGULAGEM DE ALTURA DO ASSENTO A GÁS REGULAGEM DE INCLINACAO POR SISTEMA DE RELAX COM DIMENSOES AVANTAJADAS QUE SUPORTA COM CONFORTO EERGONOMIA ATÉ 150 KG ESPUMA INJETADA C;UND
24701699;757064;303;02;2020;11;-1;LOTE NÃO INFORMADO;12731;3;FOCO REFLETOR AMBULATORIAL LED HASTE FLEXÍVEL CROMADA E REFLETOR PINTADO ALTURA REGULÁVEL MINIMA DE 110 E MÁXIMA DE 160 M ESTRUTURA TUBULAR EM ACO PÉS COM RODIZIOS;UND
24701711;757065;303;02;2020;11;-1;LOTE NÃO INFORMADO;6834;10;TELEFONE SEM FIO FREQUÊNCIA HZ DECT 60 COR PRETO IDENTIFICADOR DE CHAMADAS NAO DISPLAYTELA NAO SE APLICA NÚMERO DE MONOFONES 1 MEMÓRIAREGISTROS 10 NÚMEROS DISTÂNCIA FORA DA BASE AMBIENTE EXTERNO 300 METROS AMBIENTE INTERNO 50 METROS;UND
24701716;757065;303;02;2020;11;-1;LOTE NÃO INFORMADO;10559;5;ARMÁRIO VITRINE 2 PORTAS CONSTRUÍDO EM COANTONEIRAS DE 78 X 18 DE ESPESSURA PORTA E LATERAIS EM VIDRO 3 MM COM FECHADURA TIPO YALE 4 PRATELEIRAS EM VIDRO 4 MM FUNDO E TETO EM CHAPA DE ACO 075 MM PINTADO DIMENSOES 065 M X 040 M X 165M;UND
24701721;757065;303;02;2020;11;-1;LOTE NÃO INFORMADO;12408;20;CADEIRA DE RODAS PARA ADULTO ESPECIAL PARA OBESOS FABRICADA EM ACO CARBONO COM ASSENTO ENCOSTO EM NYLON DOBRÁVEL FREIOS BILATERAIS ARO IMPULSOR BILATERAL APOIO PARA BRACOS E PÉS FIXOS;UND
24701712;757065;303;02;2020;11;-1;LOTE NÃO INFORMADO;8469;1;BEBEDOURO PURIFICADOR REFRIGERADO DE PRESSAO ACO INOX CONJUGADO BEBEDOURO DE PRESSAO CONJUGADO ADULTO E INFANTIL COM GABINETE EM CHAPA DE ACO CARBONADO GALVANIZADA COM PINTURA A PÓ POR PROCESSO ELETROTÁSTICO OU EM CHAPA DE ACO INOXIDÁVEL TAMPA;UND
24701713;757065;303;02;2020;11;-1;LOTE NÃO INFORMADO;8473;4;ARMÁRIO DE ACO MEDINDO NO MÍNIMO 120X198X045 COM CHAVE COM DUAS PORTAS DE ABRIR QUATRO PRATELEIRA CHAPA 24 COM TRATAMENTO ANTIFERRUGINOSO E PINTURA EPÓXI COR PADRAO DO FABRICANTE;UND
24701730;757065;303;02;2020;11;-1;LOTE NÃO INFORMADO;13332;17;BIPAP SYNCHRONY NÍVEL DE RUÍDO 30 DB BIPAP SYNCHRONY III COM AVAPS TRAQUEIA CABOS DE FORCA CARTAO DE DADOS ENCORE PRO 02 FILTROS CINZAS REUTILIZÁVEIS 1 FILTROS BRANCO ULTRAFINO DESCARTÁVEL BOLSA PARA TRANSPORTE MANUAL AVAPS MODOS CPAP FIXO BIPAP S ST T PC INTERVALO DE PRESSAO IPAP DE 4 A 30 CM H2O EPAP DE 4 A 25 CM H2O CPAP DE 4 A 20 CM H2O VENTILACAO HÍBRIDA AVAPS SIM VOLÚME CORRENTE ALVO 200 A 1500 ML AJUSTE DE FR 0 A 30 RPM AJUSTE DE TEMPO INSPIRATÓRIO 05 A 3 SEGUNDOS TEMPO DE ELEVACAO 1 100 MS A 3 300 MS AJUSTE DE SENSIBILIDADE AUTOTRAK ALÍVIO DE PRESSAO DESATIVADO OU BIFLEX SOMENTE EM MODO S 3 NÍVEIS DE CONFORTO 1 LEVE 2 MODERADO OU 3 ALTO AJ;UND
24701698;757064;303;02;2020;11;-1;LOTE NÃO INFORMADO;12730;2;BANCADA INDUSTRIAL EM INOX COM AS SEGUINTES MEDIDAS 140X070X085 CM COM PRATELELEIRA NA PARTE INFERIOR;UND
24701702;757064;303;02;2020;11;-1;LOTE NÃO INFORMADO;12737;14;MESA PARA REUNIAO RETANGULAR ACOM ACABAMENTO FINO E SEM ARESTAS COM TAMPO RESISTENTE E MATERIAL DE FÁCIL ASSEPSIA COM ACABAMENTO PRA PPROTECAO DE LIQUIDO NAO MANCHA E NAO ESTUFA MEDIDASLARG 200 X PROF 090 X ALT 075 M CONFECCIONADA 100 % EM MDF DE ALTA RESISTENCIA COM REFORCO NA LATERAL E REFORCO DUPLO PARA SUPORTAR PESO EM QULAQUER PONTO DA MESA MINIMO 200 KG PÉS EM PECA REVESTIDA TIPO CADEIRA REFORCADA COM ESPUSSURA DE 4 CM EM SUA PARTE INFERIOR CENTRAL É COMPOSTA DE CONTRA PESO COM REFORCO DE ESPESSURA DE 3 CM EVITANDO QUE A MESA SOFRA INCLINACAO TORNANDOA FIRME EM TODO SEU USO FUROS NO TEMPO CENTRAL OPPCAO DO CLIENTE PARA CONEXAO DE CABOS E FIOS PÉS COM RODIZIOS NAS;UND
24701706;757064;303;02;2020;11;-1;LOTE NÃO INFORMADO;12589;5;CÂMARA PARA CONSERVACAO DE IMUNOBIOLÓGICOS PORTA VIDRO DUPLO DISCADOR DE EMERGÊNCIA ATÉ 3 NÚMEROS SISTEMA DE EMERGÊNCIA BATERIA NO BREAK MÍNIMO DE 48 HORAS SISTEMA DE REGISTRO DE DADOS SAÍDA USBPEN DRIVE MATERIAL DE CONFECCAO GABINETE EXTERNO ACO FERRO PINTADO MATERIAL DE CONFECCAO GABINETE INTERNO ACO INOXIDÁVEL TEMPERATURA ENTRE 2º C E 8ºC CAPACIDADE MÍNIMO DE 360 LITROS VERTICAL CIRCULACAO DE AR FORCADO CONTRA PORTA;UND
24701726;757065;303;02;2020;11;-1;LOTE NÃO INFORMADO;12600;9;BALDE A PEDAL POLIPROPILENO 30 49 L COM RODÍZIOS COR BRANCA ALTURA MÍNIMA DE 30 CM NA LATERAL LARGURA 22 CM LIVRE COMPARTIMENTO PARA ESTABILIZADOR COM ALTURA DE 23 CM E PROFUNDIDADE MÍNIMA DE 48 CM;UND
24701700;757064;303;02;2020;11;-1;LOTE NÃO INFORMADO;12732;6;ESCADA 2 DEGRAUS CONFECCIONADA EM ACO OU FERRO PINTADO NA COR BRANCA COM ANTIDERRAPANTE E PONTEIRA NOS PÉS;UND
24701710;757065;303;02;2020;11;-1;LOTE NÃO INFORMADO;4989;18;BIOMBO COM 3 FACES CONSTRUÍDO COM TUBOS DE ACO ESMALTADO DE ¿ FACES EM FORTE TECIDO PÉS COM RODÍZIOS DE 2 DIMENSOES LARGURA ABERTO 180 FECHADO 066M X 175 ALTURA;UND
24701725;757065;303;02;2020;11;-1;LOTE NÃO INFORMADO;12599;6;ARQUIVO 04 GAVETAS ARQUIVO DE ACO MEDINDO 1335 X 460 X 715MM COM TOLERÂNCIA DE 5% TIPO VERTICAL COM 04 GAVETAS TAMANHO OFICIO COM SUPORTE PARA PASTAS SUSPENSAS CONTENDO CARRINHOS TELESCÓPICOS PARA AS GAVETAS PUXADORES E FECHADURA COM TRAVAMENTO SIMULTÂNEO SUA ESTRUTURA SERÁ DE MÓVEL RÍGIDO COM CHAPAS EM ESPESSURA MÍNIMA DE N 22 AS FOLHAS DE ACO DEVERAO TER TRATAMENTO DE FOSFASTIZACAO E ANTIOXIDACAO ACABAMENTO EM PINTURA SINTÉTICA NA COR CINZA;UND
24701701;757064;303;02;2020;11;-1;LOTE NÃO INFORMADO;12735;9;IMPRESSORA LASERJET VELOCIDADE DE IMPRESSAO A4 ATÉ 38 PPM SAÍDA DA PPRIMEIRA PÁGINA PRETOEM ATÉ 63 SEGUNDOS PROCESSADOR 1200MHZ MEMORIA PADRAO512 MB MÁXIMO512 MB MEMORIA FLASH512 MB TELA TELA DE TOQUE COLRIDA INTUITIVACGDDE 27 POL DE CONECTIVIDADE PADRAOPORTA USB 20 DE ALTA VELOCIDADE 80211 BGN SEM FIO MANUSEIO DO PAPEL ATÉ 350 FOLHAS BANDEJA 1 ATÉ 100 FOLHAS BANDEJA 2 ATÉ 250 FOLHAS SAÍDA ATÉ 150 FOLHASB35 CICLO MENSAL MENSALMENTE A4 ATÉ 80000 PÁGINAS INFORMACOES DE CÓPIA ATÉ 600X600 DPI INFORMACOES DE SCANNER A4 ATÉ 29 PPM46 IPM PRETO E BRANCO ATÉ 20 PPM34 IPM CORES ITENS INCLUSOS HP LASERJET PRO M428DW CARTUCHO DE TONER PRETO HP L;UND
24701724;757065;303;02;2020;11;-1;LOTE NÃO INFORMADO;12594;11;COMPUTADOR PORTÁTIL NOTEBOOK COM PROCESSADOR NO MÍNIMO INTEL CORE I5 OU AMD A10 OU SIMILAR 1 UM DISCO RÍGIDO DE 500 GIGABYTES VELOCIDADE DE ROTACAO 7200 RPM UNIDADE COMBINADA DE GRAVACAO DE DISCO ÓTICO CD DVD ROM MEMÓRIA RAM DE 08 OITO GIGABYTES EM 02 DOIS MÓDULOS IDÊNTICOS DE 04 QUATRO GIGABYTES CADA DO TIPO SDRAM DDR4 2133 MHZ OU SUPERIOR TELA LCD DE 14 OU 15 POLEGADAS WIDESCREEN SUPORTAR RESOLUCAO 1600 X 900 PIXELS TECLADO DEVERÁ CONTER TODOS OS CARACTERES DA LÍNGUA PORTUGUESA INCLUSIVE C E ACENTOS NAS MESMAS POSICOES DO TECLADO PADRAO ABNT2 MOUSE TOUCHPAD COM 02 DOIS BOTOES INTEGRADOS MOUSE ÓPTICO COM CONEXAO USB E BOTAO DE ROLAGEM SCROLL INTERFACES DE REDE;UND
24701729;757065;303;02;2020;11;-1;LOTE NÃO INFORMADO;13331;16;BALANCA ANTROPOMÉTRICA MECÂNICA ADULTA PARA OBESO CAOACIDADE 300 KG PESAGEM MÍNIMA DE 2 KG RÉGUA ANTROPOMÉTRICA COM ESCALA DE 200 M EM ALUMÍNIO ANODIZADO COM DIVISAO DE 05 CM PLATAFORMA NA MEDIDA DE 540 X 380 MM ALTURA DA BALANCA DE 135 M E ALTURA DA COLUNA DE 120 M ESTRUTURA EM CHAPA DE ACO CARBONO ACABAMENTO EM TINTA POLIURETANO BRANCO TAMPA DE PROTECAO PARA ESTRIBOS EVITA PERDA DE PECAS DURANTE O TRANSPORTE GARANTINDO A FUNCIONALIDADE BRACO DO METRO PARA MEDIR ALTURA EM PLÁSTICO ABS INJETADO QUE POSSIBILITA MAIOR SEGURANCA AO USUÁRIO RÉGUA GRADUADA EM ACO CROMADO DE 0 A 290 KG CURSOR EM ACO INOXIDÁVEL TAPETE DE BORRACHA ANTIDERRAPANTE HOMOLOGADAS PELO INMETRO E A;UND
24701708;757064;303;02;2020;11;-1;LOTE NÃO INFORMADO;12988;10;MICRO COMPUTADOR COMPLETO PROCESSADOR INTELCORE I5 3220 MONITOR LCD 20 MEMÓRIA COM CAPACIDADE DE 4 GB OU SUPERIOR HD COM CAPACIDADE 500 GB OU SUPERIOR DRIVE GRAVADOR E LEITORDEDVD TECLADO MULTIMÍDIA PORTUGUÊS BRASIL ABNT2 MOUSE ÓTICO 06 PORTAS UBS CAIXAS DE SOM USB WINDOWS 7 INSTALADO;UND
24701727;757065;303;02;2020;11;-1;LOTE NÃO INFORMADO;13329;13;ANDADOR EM ALUMÍNIO COM RODAS FRONTAIS AG POSSUI DUAS PONTEIRAS DE BORRACHA NA PARTE TRASEIRA O QUE IMPOSSIBILITA O DESLIZAMENTO DESCONTROLADO DO APARELHO SENDO PRÁTICO E SEGURO A SUA UTILIZACAO FIXO DOBRÁVEL RESISTÊNCIA ATÉ 100 KG ESTRUTURA ALUMÍNIO SUPORTA ATÉ 110 KG DIMENSOES 077 X 055 X 037CM;UND
24701707;757064;303;02;2020;11;-1;LOTE NÃO INFORMADO;12598;11;ESTANTE DE ACO MEDINDO 2000 X 930 X 400 MM COM 06 PRATELEIRAS NA COR CINZA COM REFORCO DE SUSTENTACAO ÔMEGA X TRASEIRA E HASTE LATERAL;UND
24701719;757065;303;02;2020;11;-1;LOTE NÃO INFORMADO;10102;19;CADEIRA DE RODAS ADULTO AM ACO CARBONO PINTURA EPOXI DOBRAVEL EM XRODAS TRASEIRA 24 COM ARO DE ALUMINIO DIANTEIRAS 6 ARO IMPLUSOR FREIOS BILATERAIS APOIO DE BRACOS REMOVIVEIS APOIO DE PÉS COM REGULAGEM DE ANGULO DE ALTURA E APOIO DE PANT;UND
24701709;757064;303;02;2020;11;-1;LOTE NÃO INFORMADO;6143;4;BIOMBO COM 3 FACES CONSTRUÍDO COM TUBOS DE ACO ESMALTADO DE 34 FACES EM FORTE TECIDO PÉS COM RODÍZIOS DE 2 DIMENSOES LARGURA ABERTO 180 FECHADO 066M X 175 ALTURA;UND
24701704;757064;303;02;2020;11;-1;LOTE NÃO INFORMADO;12741;7;MACA FIXA DE MADEIRA LEITO ESTOFADO REVESTIDO EM COURVIM COM REGULAGEM NA CABECEIRA DIMENSOES ALTURA 70 A 90 CMX LARGURA 84 CM X PROFUNDIDADE 190 A 220 CM PESO 38 KG MACA FIXA PLUS ROBUSTA COM REGULAGEM DE ALTURA ESTRUTURA MADEIRA MACICA DENSIDADE 28 ESPESSURA 3 CM CAPCACIDADE PARA ATÉ 450 KG;UND
24701696;757064;303;02;2020;11;-1;LOTE NÃO INFORMADO;8579;1;BALANCA MECÂNICA ADULTA 110 CH CAPACIDADE 150 KG DIVISOES DE 100 G RÉGUA ANTROPOMÉTRICA COM ESCALA DE 200M EM ALUMÍNIO ANODIZADO DIVISOES DE 05CM PESAGEM MÍNIMA DE 2 KG PLATAFORMA DE 380 X 290 MM ALTURA DA BALANCA DE 135 M E ALTURA DA COLUNA;UND
24701703;757064;303;02;2020;11;-1;LOTE NÃO INFORMADO;12739;13;CADEIRA DE ESCRITÓRIO COM APOIO DE BRACOS FIXO BASE GIRATÓRIA REFORCADA COM REGULAGEM DE ALTURA DO ASSENTO À GÁS REGULAGEM DE INCLINACAO POR SISTEMA DE RELAX COM DIMENSOES AVANTAJADAS QUE SUPORTA COM CONFORTO E ERGONOMIA ATÉ 150 KG ESPUMA INJETADA COM REVESTIMENTO MEDIDAS DO ASSENTO53X48 CM MEDIDAS DO ENCOSTO 53X49 CM LARGURA TOTAL 67 CM GARANTIA DE FÁBRICA 1 ANO;UND
24701715;757065;303;02;2020;11;-1;LOTE NÃO INFORMADO;8580;15;BALANCA PEDIÁTRICA ELETRÔNICA 109 E CAPACIDADES 15 KG COM DIVISOES DE 5 G OU 30 KG COM DIVISOES DE 10 G CONCHA ANATÔMICA EM POLIPROPILENO COM MEDIDA 540 X 290 MM INJETADA EM MATERIAL ANTIGERMES DISPLAY LED COM 6 DÍGITOS DE 142 MM DE ALTURA E 8;UND
24701731;757066;303;02;2020;11;-1;LOTE NÃO INFORMADO;55555514;1;TABELA DE PRECOS DA PLANILHA SETOP REFERÊNCIA ABRIL2020 PREGAO 0112020;UNIDADE
24701728;757065;303;02;2020;11;-1;LOTE NÃO INFORMADO;13330;14;BALANCA ANTROPOMÉTRICA MECÂNICA ADULTA 110 CH CAPACIDADE 150 KG DIVISOES DE 100 G RÉGUA ANTROPOMÉTRICA COM ESCALA DE 200M EM ALUMÍNIO ANODIZADO DIVISOES DE 05CM PESAGEM MÍNIMA DE 2 KG PLATAFORMA DE 380 X 290 MM ALTURA DA BALANCA DE 135 M E ALTURA DA COLUNA DE 120 MT ESTRUTURA EM CHAPA DE ACO CARBONO ACABAMENTO EM TINTA POLIURETANO BRANCO RÉGUA GRADUADA EM ACO CROMADO DE 0 A 140 KG ESCALA EM PERFIL ALUMÍNIO DE 0 A 10 KG CURSOR EM ACO INOXIDÁVEL TAMPA DE PROTECAO PARA ESTRIBOS MANTÉM A FUNCIONABILIDADE DO PRODUTO APÓS TRANSPORTE E EVITA PERDA DE PECAS BRACO DO METRO PARA MEDIR ALTURA EM PLÁSTICO ABS INJETADO QUE POSSIBILITA MAIOR SEGURANCA AO USUÁRIO TAPETE EM BORRACHA ANTI;UND
24701723;757065;303;02;2020;11;-1;LOTE NÃO INFORMADO;12739;8;CADEIRA DE ESCRITÓRIO COM APOIO DE BRACOS FIXO BASE GIRATÓRIA REFORCADA COM REGULAGEM DE ALTURA DO ASSENTO À GÁS REGULAGEM DE INCLINACAO POR SISTEMA DE RELAX COM DIMENSOES AVANTAJADAS QUE SUPORTA COM CONFORTO E ERGONOMIA ATÉ 150 KG ESPUMA INJETADA COM REVESTIMENTO MEDIDAS DO ASSENTO53X48 CM MEDIDAS DO ENCOSTO 53X49 CM LARGURA TOTAL 67 CM GARANTIA DE FÁBRICA 1 ANO;UND
24701718;757065;303;02;2020;11;-1;LOTE NÃO INFORMADO;10101;21;CADEIRA DE RODAS INFANTIL EM ACO CARBONADO PINTURA EPOXI DOBRAVEL EM X ASSENTO E ENCOSTO EM NYLON ACOLCHOADO FREIOS BILATERAIS ARO IMPULSOR APOIO DE BRACOS REMOVIVEIS APOIO DE PÉS COM REGULAGEM DE ANGULO DE ALTURA E APIO DE PANTURRILHA CAPA;UND
24701722;757065;303;02;2020;11;-1;LOTE NÃO INFORMADO;11847;12;COMPUTADOR DESKTOP COMPLETO PROCESSADOR I57400 OU I56685R OU I58500 OU I76950X OU I75960X CLOCK NATIVO ENTRE 300 A 320 GHZ FREQUÊNCIA TURBO ENTRE 350 A 430 GHZ CACHE ENTRE 6 A 9 MB MEMORIA 8GB TIPO DDR4 UDIMM ENTRE 2133 A 2666 MHZ DISCO RÍGIDO 1TB SATA 7200 RPM SISTEMA OPERACIONAL WINDOWS 10 PROFESSIONAL 64 BITS GRAVADOR E LEITOR DE CDDVD SATA 24X PRETO DRW24F1MTBLKBAS VÍDEO PLACA HD GRÁFICAS 1XVGA1XDISPLAYPORT1XHDMI SLOTS DE VÍDEO 1 PCI EXPRESS 20X1 1 PCI EXPRESS X 1 REDE GIGABIT ETHERNET 101001000 WIFI PADRAO IEEE 80211 BGN PORTAS USB 30 6X USB 30 6X USB 20 2X PORTA SERIAL RS 232DB91 SERIAL RS232DB;UND
24701697;757064;303;02;2020;11;-1;LOTE NÃO INFORMADO;10559;12;ARMÁRIO VITRINE 2 PORTAS CONSTRUÍDO EM COANTONEIRAS DE 78 X 18 DE ESPESSURA PORTA E LATERAIS EM VIDRO 3 MM COM FECHADURA TIPO YALE 4 PRATELEIRAS EM VIDRO 4 MM FUNDO E TETO EM CHAPA DE ACO 075 MM PINTADO DIMENSOES 065 M X 040 M X 165M;UND
24701717;757065;303;02;2020;11;-1;LOTE NÃO INFORMADO;10566;2;AR CONDICIONADO SPLIT 9000 A 12000 BTUS REVERSO CBR 30OBCOM CONTROLE REMOTO OPCOES DE FUNCIONAMENTO RESFRIAMENTO E AQUECIMENTO DIMENSOES LXAXP UNIDADE EXTERNA 637X83X268 CM UNIDADE INTERNA313X1025X203 CM PESO UNIDADE EXTERNA 49 KG;UND
24701720;757065;303;02;2020;11;-1;LOTE NÃO INFORMADO;11528;3;VENTILADOR DE TETO 03 PÁS ESPECIFICACOES TÉCNICAS NÚMERO DE PÁS 03 TRÊS LAQUEADAS EM MDF NAO EMPENAM DIÂMETRO TOTAL 3 PÁS 113 M POTÊNCIA MÁXIMA ILUMINACAO 02X E27 LÂMPADAS FLUORESCENTES ELETRÔNICAS ATÉ 15W OU INCANDESCENTES ATÉ 60W A;UND
21707575;662634;304;03;2020;5;-1;LOTE NÃO INFORMADO;4535;2;ALCOOL ETILICO P.A.-95%;LITRO
21707574;662634;304;03;2020;5;-1;LOTE NÃO INFORMADO;4536;1;AGAR PADRAO PARA CONTAGEM PCA;KILO
21707571;662634;304;03;2020;5;-1;LOTE NÃO INFORMADO;4452;4;CALDO LAURIL SULFATO COM MUG;UNIDADE
21707569;662633;304;03;2020;5;1;LOTE NUMERO: 1;4820;4;PREST.SERV.MONIT.ELET.ALARME;MENSAL
21707573;662634;304;03;2020;5;-1;LOTE NÃO INFORMADO;4449;6;INDICADOR DPD PO;EMBALAGEM
21707568;662633;304;03;2020;5;1;LOTE NUMERO: 1;4819;3;INST.DE CENTRAL DE ALARME;MENSAL
21707567;662633;304;03;2020;5;1;LOTE NUMERO: 1;4818;2;INST.DVR STAND ALONE 8 CAMERAS;MENSAL
21707566;662633;304;03;2020;5;1;LOTE NUMERO: 1;4817;1;INST.DVR STAND ALONE 4 CAMERAS;MENSAL
21707572;662634;304;03;2020;5;-1;LOTE NÃO INFORMADO;4453;5;SUBSTRATO CROMOGENICO ONPG MUG;CAIXA
21707570;662634;304;03;2020;5;-1;LOTE NÃO INFORMADO;2315;3;CALDO LACTOSE DE 500G;UNIDADE
21584582;659071;304;03;2020;1;1;LOTE NUMERO: 1;4780;11;CARGA E TRANSPORTE MANUAL;METRO CUBICO
21584576;659071;304;03;2020;1;1;LOTE NUMERO: 1;4525;3;AJUDANTE DE PEDREIRO;HORA
21584581;659071;304;03;2020;1;1;LOTE NUMERO: 1;4779;10;CARGA,TRANSPORTE E DESCARGA;METRO CUBICO
21584583;659071;304;03;2020;1;1;LOTE NUMERO: 1;4773;4;LIMPEZA MANUAL DO TERRENO;METRO QUADRADO
21584575;659071;304;03;2020;1;1;LOTE NUMERO: 1;4524;2;PEDREIRO;HORA
21584586;659071;304;03;2020;1;1;LOTE NUMERO: 1;4781;12;TAMPONAMENTO DE BROCAS;HORA
21584577;659071;304;03;2020;1;1;LOTE NUMERO: 1;4518;1;ENCANADOR/BOMBEIRO HIDRAULICO;HORA
21584585;659071;304;03;2020;1;1;LOTE NUMERO: 1;4776;7;IMPERMEABILIZACAO E TAMPONAM.;METRO QUADRADO
21584579;659071;304;03;2020;1;1;LOTE NUMERO: 1;4778;9;EQUIPE PARA DESENTUPIMENTO;HORA
21584578;659071;304;03;2020;1;1;LOTE NUMERO: 1;4777;8;ATERRO DE VALAS H=1,20;METRO CUBICO
21584580;659071;304;03;2020;1;1;LOTE NUMERO: 1;4775;6;ESCAVACAO MANUAL DE VALAS;METRO CUBICO
21584584;659071;304;03;2020;1;1;LOTE NUMERO: 1;4774;5;LIMPEZA SUPERFICIE;METRO QUADRADO
21584588;659072;304;03;2020;2;1;LOTE NUMERO: 1;2326;2;ETANOL;LITRO
21584589;659072;304;03;2020;2;1;LOTE NUMERO: 1;3567;3;OLEO DIESEL S10;LITRO
21584587;659072;304;03;2020;2;1;LOTE NUMERO: 1;116;1;GASOLINA COMUM;LITRO
21584590;659073;304;03;2020;2;1;LOTE NUMERO: 1;175;1;PAO FRANCES COM MANTEIGA 50GR;KILO
21584592;659075;304;03;2020;3;-1;LOTE NÃO INFORMADO;4908;1;HIDROXIDO DE CALCIO-SUSP.AQUOS;LITRO
21584598;659078;304;03;2020;3;1;LOTE NUMERO: 1;4793;2;SER.LOC.PICAPE STRADA/SIMILAR;MENSAL
21584597;659078;304;03;2020;3;1;LOTE NUMERO: 1;4792;1;SERV.LOC.CAMINHONETE L200/SIM.;MENSAL
21584593;659075;304;03;2020;3;-1;LOTE NÃO INFORMADO;4909;2;SULFATO DE ALUMINIO-IS.FERRO;LITRO
21584591;659074;304;03;2020;3;1;LOTE NUMERO: 1;4217;1;SERV.TAPA BURACO ASFASLTO CBUQ;TONELADA
21584595;659077;304;03;2020;3;1;LOTE NUMERO: 1;2727;1;SERV.CAMINHAO PIPA CAP.10000L;HORA
21584594;659076;304;03;2020;3;1;LOTE NUMERO: 1;4791;1;TICKET ALIMENTACAO;UNIDADE
21584599;659078;304;03;2020;3;1;LOTE NUMERO: 1;4794;3;SERV.LOC.DOBLO/SIMILAR 01;KILOMETRO
21584600;659078;304;03;2020;3;1;LOTE NUMERO: 1;4795;4;SERV.LOC.DOBLO/SIMILAR 02;KILOMETRO
21584596;659077;304;03;2020;3;1;LOTE NUMERO: 1;2728;2;SERV.CAMINHAO PIPA CAP.8000 L.;SERVICOS
21584601;659078;304;03;2020;3;1;LOTE NUMERO: 1;4839;5;SERVICO DE LOCACAO DOBLO.03;KILOMETRO
23842588;728845;302;01;2020;9;1;LOTE NUMERO: 1;2295;8;SUCO DE FRUTAS;CAIXA
23842604;728845;302;01;2020;9;3;LOTE NUMERO: 3;3180;40;VASSOURINHA VASO SANITARIO;UNIDADE
23842597;728845;302;01;2020;9;4;LOTE NUMERO: 4;3025;24;PASTILHA ADESIVA-DETERG.SANIT.;CAIXA
23842651;728845;302;01;2020;9;2;LOTE NUMERO: 2;3639;55;FITRO PARA COAR CAFE;CAIXA
23842596;728845;302;01;2020;9;3;LOTE NUMERO: 3;3021;22;SACO LIXO 50 LITROS;PACOTE
23842639;728845;302;01;2020;9;3;LOTE NUMERO: 3;3649;65;BORRIFADOR EM POLIPROPILENO;UNIDADE
23842616;728845;302;01;2020;9;4;LOTE NUMERO: 4;2780;19;INSETICIDA AEROSOL;UNIDADE
23842622;728845;302;01;2020;9;3;LOTE NUMERO: 3;3515;44;REFIL PARA MOP MICROFIBRA;KIT
23842641;728845;302;01;2020;9;3;LOTE NUMERO: 3;3651;67;ENROLADOR FIXO DE ARAME 50M;UNIDADE
23842593;728845;302;01;2020;9;4;LOTE NUMERO: 4;2690;13;SABAO EM PEDRA;PACOTE
23842600;728845;302;01;2020;9;4;LOTE NUMERO: 4;3028;27;LUSTRA MOVEIS;UNIDADE
23842636;728845;302;01;2020;9;3;LOTE NUMERO: 3;3641;57;DISPENSER PARA ALCOOL/SABONETE;UNIDADE
23842634;728845;302;01;2020;9;4;LOTE NUMERO: 4;3654;70;AGUA SANITARIA 02 LITROS;UNIDADE
23842623;728845;302;01;2020;9;2;LOTE NUMERO: 2;3504;41;GARRAFA TERMICA INOX 500ML;UNIDADE
23842627;728845;302;01;2020;9;1;LOTE NUMERO: 1;3631;47;LEITE INTEGRAL;CAIXA
23842649;728845;302;01;2020;9;2;LOTE NUMERO: 2;3637;53;LUVAS DE VINIL P/ ALIMENTOS;CAIXA
23842617;728845;302;01;2020;9;2;LOTE NUMERO: 2;3041;32;COPO DESCARTAVEL 200ML;CAIXA
23842638;728845;302;01;2020;9;3;LOTE NUMERO: 3;3648;64;DISPENSER DE PAPEL TOALHA/ACO;UNIDADE
23842652;728845;302;01;2020;9;2;LOTE NUMERO: 2;3635;51;COLHER DE SOPA;UNIDADE
23842582;728845;302;01;2020;9;5;LOTE NUMERO: 5;2293;7;AGUA MINERAL C/20LT.;GALAO
23842609;728845;302;01;2020;9;3;LOTE NUMERO: 3;3061;39;LUVA EM LATEX FORRADA;PAR
23842615;728845;302;01;2020;9;4;LOTE NUMERO: 4;2710;15;DETERGENTE;LITRO
23842630;728845;302;01;2020;9;3;LOTE NUMERO: 3;3645;61;SACO ALGODAO ALVEJADO 50X70CM;UNIDADE
23842587;728845;302;01;2020;9;1;LOTE NUMERO: 1;2289;5;CAFE TORRADO E MOIDO;PACOTE
23842605;728845;302;01;2020;9;3;LOTE NUMERO: 3;2713;16;TOALHA DE PAPEL INTERFOLHA;FARDO
23842618;728845;302;01;2020;9;2;LOTE NUMERO: 2;3042;33;COPO DESCARTAVEL 50 ML;CAIXA
23842621;728845;302;01;2020;9;3;LOTE NUMERO: 3;3508;42;MOP GIRATORIO 12 LITROS;UNIDADE
23842637;728845;302;01;2020;9;3;LOTE NUMERO: 3;3644;60;PAPEL HIGIENICO ROLAO;CAIXA
23842654;728845;302;01;2020;9;3;LOTE NUMERO: 3;3652;68;OLEO ESSENCIAL PARA BANHEIRO;UNIDADE
23842620;728845;302;01;2020;9;2;LOTE NUMERO: 2;3047;35;CANECA ALUMINIO-CABO MADEIRA;UNIDADE
23842619;728845;302;01;2020;9;2;LOTE NUMERO: 2;3043;34;ISQUEIRO;UNIDADE
23842635;728845;302;01;2020;9;4;LOTE NUMERO: 4;3657;73;ALCOOL ETILICO HIDRATADO 70;UNIDADE
23842602;728845;302;01;2020;9;4;LOTE NUMERO: 4;3030;29;SABONETE LIQUIDO CREMOSO;GALAO
23842613;728845;302;01;2020;9;4;LOTE NUMERO: 4;3023;23;AROMATIZANTE AMBIENTAL;UNIDADE
23842625;728845;302;01;2020;9;1;LOTE NUMERO: 1;3629;45;BISCOITO AMANTEIGADO AO LEITE;CAIXA
23842632;728845;302;01;2020;9;3;LOTE NUMERO: 3;3647;63;MANGUEIRA REFORCADA 50 METROS;UNIDADE
23842589;728845;302;01;2020;9;4;LOTE NUMERO: 4;2680;9;DESINFETANTE LIQUIDO;GALAO
23842590;728845;302;01;2020;9;3;LOTE NUMERO: 3;2684;10;RODO COM ESPUMA GRAMPEADO;UNIDADE
23842594;728845;302;01;2020;9;3;LOTE NUMERO: 3;2693;14;PRENDEDOR DE ROUPA;PACOTE
23842650;728845;302;01;2020;9;2;LOTE NUMERO: 2;3638;54;TOUCA DESCARTAVEL SANFONADA;CAIXA
23842586;728845;302;01;2020;9;1;LOTE NUMERO: 1;2286;4;CHA;CAIXA
23842591;728845;302;01;2020;9;4;LOTE NUMERO: 4;2685;11;SOLUCAO DE LIMPEZA MULTI USO;UNIDADE
23842607;728845;302;01;2020;9;2;LOTE NUMERO: 2;3059;37;GUARDANAPO DE PAPEL;PACOTE
23842608;728845;302;01;2020;9;2;LOTE NUMERO: 2;3060;38;PAPEL TOALHA;PACOTE
23842626;728845;302;01;2020;9;1;LOTE NUMERO: 1;3630;46;ADOCANTE;VIDRO
23842614;728845;302;01;2020;9;4;LOTE NUMERO: 4;3031;30;LIMPADOR LIQU.SUPERFICIE INOX;UNIDADE
23842631;728845;302;01;2020;9;3;LOTE NUMERO: 3;3646;62;MANGUEIRA REFORCADA 30 METROS;UNIDADE
23842645;728845;302;01;2020;9;2;LOTE NUMERO: 2;3633;49;KIT DE FACA 06 PECAS ACO INOX;JOGO
23842653;728845;302;01;2020;9;3;LOTE NUMERO: 3;3642;58;SACO DE LIXO 200 LITROS;PACOTE
23842633;728845;302;01;2020;9;3;LOTE NUMERO: 3;3653;69;ESPONJA MULTIUSO P/ LOUCA;PACOTE
23842603;728845;302;01;2020;9;4;LOTE NUMERO: 4;3039;31;DESENTUPIDOR DE PIA COMPOSTO;UNIDADE
23842629;728845;302;01;2020;9;3;LOTE NUMERO: 3;3643;59;VASSOURA PIACAVA N 05;UNIDADE
23842585;728845;302;01;2020;9;1;LOTE NUMERO: 1;2255;3;BISCOITO DOCE MAIZENA;CAIXA
23842583;728845;302;01;2020;9;1;LOTE NUMERO: 1;2235;1;MANTEIGA COM SAL;UNIDADE
23842592;728845;302;01;2020;9;2;LOTE NUMERO: 2;2687;12;PANO DE PRATO;UNIDADE
23842610;728845;302;01;2020;9;4;LOTE NUMERO: 4;2872;20;SABAO EM PO;CAIXA
23842646;728845;302;01;2020;9;2;LOTE NUMERO: 2;3634;50;KIT DE 03 FRIGIDEIRAS;JOGO
23842640;728845;302;01;2020;9;3;LOTE NUMERO: 3;3650;66;ENROLADOR FIXO DE ARAME 30M;UNIDADE
23842599;728845;302;01;2020;9;3;LOTE NUMERO: 3;3027;26;RODO COM BORRACHA DUPLA;UNIDADE
23842612;728845;302;01;2020;9;1;LOTE NUMERO: 1;2290;6;ACUCAR CRISTAL;PACOTE
23842628;728845;302;01;2020;9;1;LOTE NUMERO: 1;3632;48;ACHOCOLATADO/CHOCOLATE;UNIDADE
23842644;728845;302;01;2020;9;2;LOTE NUMERO: 2;2730;17;FACA DE MESA;UNIDADE
23842584;728845;302;01;2020;9;1;LOTE NUMERO: 1;2252;2;BISCOITO CREAM CRAKER;CAIXA
23842624;728845;302;01;2020;9;5;LOTE NUMERO: 5;3513;43;AGUA MINERAL 510 ML;FARDO
23842606;728845;302;01;2020;9;2;LOTE NUMERO: 2;2733;18;GARRAFA TERMICA 1 LT;UNIDADE
23842642;728845;302;01;2020;9;4;LOTE NUMERO: 4;3655;71;ALCOOL GEL 70% ASSEPTICO;UNIDADE
23842648;728845;302;01;2020;9;2;LOTE NUMERO: 2;3636;52;ESPATULA DE SILICONE 2CM X 6CM;UNIDADE
23842598;728845;302;01;2020;9;3;LOTE NUMERO: 3;3026;25;VASSOURA PELO SINTETICO;UNIDADE
23842647;728845;302;01;2020;9;2;LOTE NUMERO: 2;3640;56;QUEIJEIRA DE VIDRO;UNIDADE
23842595;728845;302;01;2020;9;3;LOTE NUMERO: 3;3020;21;SACO LIXO 30 LITROS;PACOTE
23842601;728845;302;01;2020;9;3;LOTE NUMERO: 3;3029;28;FLANELA P/LIMPEZA-COR LARANJA;UNIDADE
23842611;728845;302;01;2020;9;2;LOTE NUMERO: 2;3048;36;FILTRO CAFE - CONJUNTO 03 PECA;UNIDADE
23842643;728845;302;01;2020;9;4;LOTE NUMERO: 4;3656;72;REPELENTE O/ INSETOS AEROSOL;UNIDADE
23842454;728831;304;03;2020;6;1;LOTE NUMERO: 1;1954;9;LOC.SIST.ALMOXARIFADO.;SERVICOS
23842488;728832;304;03;2020;6;-1;LOTE NÃO INFORMADO;5031;13;TUBO ENSAIO 20X200MM VIDRO;UNIDADE
23842495;728833;304;03;2020;6;-1;LOTE NÃO INFORMADO;3224;12;BICA CORRIDA;METRO CUBICO
23842501;728833;304;03;2020;6;-1;LOTE NÃO INFORMADO;1347;8;PEDRA POLIEDRICA;METRO CUBICO
23842502;728833;304;03;2020;6;-1;LOTE NÃO INFORMADO;1348;9;PO DE PEDRA;METRO CUBICO
23842470;728831;304;03;2020;6;1;LOTE NUMERO: 1;5023;25;LOC.SISTEMA TRANSPARENCIA WEB.;SERVICOS
23842491;728833;304;03;2020;6;-1;LOTE NÃO INFORMADO;321;3;BRITA ZERO;METRO CUBICO
23842455;728831;304;03;2020;6;1;LOTE NUMERO: 1;1955;10;LOC.SIST.COMPRA E LICITACAO.;SERVICOS
23842456;728831;304;03;2020;6;1;LOTE NUMERO: 1;1956;11;LOC.SIST.CONTROLE DE FROTAS.;SERVICOS
23842464;728831;304;03;2020;6;1;LOTE NUMERO: 1;5017;19;IMPLANTACAO E-SOCIAL.;SERVICOS
23842452;728831;304;03;2020;6;1;LOTE NUMERO: 1;1952;7;LOC.SIST.PLANEJAMENTO.;SERVICOS
23842489;728832;304;03;2020;6;-1;LOTE NÃO INFORMADO;5030;12;TUBO ENSAIO 18X180MM VIDRO;UNIDADE
23842468;728831;304;03;2020;6;1;LOTE NUMERO: 1;5021;23;LOC.SISTEMA CONTROLE DE OBRAS.;SERVICOS
23842479;728832;304;03;2020;6;-1;LOTE NÃO INFORMADO;4548;5;TERMOMETRO CAPELA DIGITAL;UNIDADE
23842469;728831;304;03;2020;6;1;LOTE NUMERO: 1;5022;24;LOC.SISTEMA E-SOCIAL.;SERVICOS
23842478;728832;304;03;2020;6;-1;LOTE NÃO INFORMADO;4545;4;CONTADOR COLONIA ELETRONICO;UNIDADE
23842463;728831;304;03;2020;6;1;LOTE NUMERO: 1;5016;18;IMPLANTACAO CONTROLE DE OBRAS.;SERVICOS
23842471;728831;304;03;2020;6;1;LOTE NUMERO: 1;5024;26;LOC.SIST.TRAMIT.DE PROCESSOS.;SERVICOS
23842486;728832;304;03;2020;6;-1;LOTE NÃO INFORMADO;4915;9;BECKER DE VIDRO-300 ML;UNIDADE
23842446;728831;304;03;2020;6;1;LOTE NUMERO: 1;1944;1;IMPLANTACAO PLANEJAMENTO;SERVICOS
23842449;728831;304;03;2020;6;1;LOTE NUMERO: 1;1947;4;IMPLANTACAO COMPRAS/LICITACAO.;SERVICOS
23842465;728831;304;03;2020;6;1;LOTE NUMERO: 1;5018;20;IMPLANTACAO TRANSPARENCIA WEB.;SERVICOS
23842473;728831;304;03;2020;6;1;LOTE NUMERO: 1;5026;28;IMPLANTACAO CONT.PONTO ELET.;SERVICOS
23842474;728831;304;03;2020;6;1;LOTE NUMERO: 1;5027;29;LOC.SIST.CONT.DE PONTO ELET.;SERVICOS
23842477;728832;304;03;2020;6;-1;LOTE NÃO INFORMADO;4538;3;MEDIDOR PH TIPO CANETA;UNIDADE
23842476;728832;304;03;2020;6;-1;LOTE NÃO INFORMADO;4537;2;PIPETADOR ELETRONICO;UNIDADE
23842493;728833;304;03;2020;6;-1;LOTE NÃO INFORMADO;325;4;TIJOLO COMUM REQUEIMADO;UNIDADE
23842484;728832;304;03;2020;6;-1;LOTE NÃO INFORMADO;4913;7;PIPETA GRADUADA DE VIDRO- 1ML;UNIDADE
23842500;728833;304;03;2020;6;-1;LOTE NÃO INFORMADO;1345;6;BRITA NO01;METRO CUBICO
23842475;728832;304;03;2020;6;-1;LOTE NÃO INFORMADO;3015;1;BECKER VIDRO GRADUADO 1000ML;PECA
23842504;728833;304;03;2020;6;-1;LOTE NÃO INFORMADO;4438;14;BLOCO CONCRETO 14X19X39;UNIDADE
23842487;728832;304;03;2020;6;-1;LOTE NÃO INFORMADO;4916;10;TUBO DE ENSAIO 13X100 MM VIDRO;UNIDADE
23842483;728832;304;03;2020;6;-1;LOTE NÃO INFORMADO;4912;6;PIPETA GRADUADA DE VIDRO-10 ML;UNIDADE
23842485;728832;304;03;2020;6;-1;LOTE NÃO INFORMADO;4914;8;BECKER DE VIDRO-500ML;UNIDADE
23842499;728833;304;03;2020;6;-1;LOTE NÃO INFORMADO;837;5;CIMENTO CPV-ARI,NBR 5733-50KG;SACO
23842447;728831;304;03;2020;6;1;LOTE NUMERO: 1;1945;2;IMPLANTACAO PATRIMONIO PUBLICO;SERVICOS
23842480;728832;304;03;2020;6;-1;LOTE NÃO INFORMADO;4918;14;JAR TESTE DIGITAL-6 PROVAS;UNIDADE
23842458;728831;304;03;2020;6;1;LOTE NUMERO: 1;1980;13;LOC.SIST.CONTABILIDADE PUBLICA;SERVICOS
23842460;728831;304;03;2020;6;1;LOTE NUMERO: 1;2999;15;SUPORTE TECNICO;HORA
23842481;728832;304;03;2020;6;-1;LOTE NÃO INFORMADO;4919;15;JAR TESTE COMPACTO-3 CUBAS;UNIDADE
23842492;728833;304;03;2020;6;-1;LOTE NÃO INFORMADO;1346;7;CASCALHO;METRO CUBICO
23842448;728831;304;03;2020;6;1;LOTE NUMERO: 1;1946;3;IMPLANTACAO ALMOXARIFADO.;SERVICOS
23842453;728831;304;03;2020;6;1;LOTE NUMERO: 1;1953;8;LOC.SIST.PATRIMONIO PUBLICO.;SERVICOS
23842490;728832;304;03;2020;6;-1;LOTE NÃO INFORMADO;4917;11;TERMOMETRO ESPETO DIGITAL;UNIDADE
23842497;728833;304;03;2020;6;-1;LOTE NÃO INFORMADO;319;1;AREIA LAVADA TIPO MEDIA;METRO CUBICO
23842457;728831;304;03;2020;6;1;LOTE NUMERO: 1;1958;12;LOC.SIST. FOLHA DE PAGAMENTO.;SERVICOS
23842461;728831;304;03;2020;6;1;LOTE NUMERO: 1;5014;16;IMPLANTACAO CONTABILIDADE.;SERVICOS
23842467;728831;304;03;2020;6;1;LOTE NUMERO: 1;5020;22;IMPLANTACAO APOIO A DECISAO.;SERVICOS
23842503;728833;304;03;2020;6;-1;LOTE NÃO INFORMADO;4436;13;BLOCO CONCRETO VAZ.19X19X39CM;UNIDADE
23842494;728833;304;03;2020;6;-1;LOTE NÃO INFORMADO;2833;11;PEDRA MAO P/GAIOLA DE GABIAO.;METRO CUBICO
23842498;728833;304;03;2020;6;-1;LOTE NÃO INFORMADO;320;2;CIMENTO CP IV-32,NBR5736- 50KG;SACO
23842450;728831;304;03;2020;6;1;LOTE NUMERO: 1;1948;5;IMPLANTACAO CONTROLE FROTAS.;SERVICOS
23842451;728831;304;03;2020;6;1;LOTE NUMERO: 1;1950;6;IMPLANTACAO FOLHA DE PAGAMENTO;SERVICOS
23842462;728831;304;03;2020;6;1;LOTE NUMERO: 1;5015;17;IMPLANTACAO TESOURARIA.;SERVICOS
23842466;728831;304;03;2020;6;1;LOTE NUMERO: 1;5019;21;IMPLANTACAO TRAM.DE PROCESSOS.;SERVICOS
23842482;728832;304;03;2020;6;-1;LOTE NÃO INFORMADO;4921;16;CHAPA AQUECEDORA ELETRICA-ANAL;UNIDADE
23842496;728833;304;03;2020;6;-1;LOTE NÃO INFORMADO;2350;10;TIJOLO CERAMICO FURAD.9X19X29;UNIDADE
23842459;728831;304;03;2020;6;1;LOTE NUMERO: 1;1984;14;LOC.SIST.TESOURARIA.;SERVICOS
23842472;728831;304;03;2020;6;1;LOTE NUMERO: 1;5025;27;LOC.SISTEMA APOIO A DECISAO.;SERVICOS
23842505;728833;304;03;2020;6;-1;LOTE NÃO INFORMADO;4439;15;BLOCO CONCRETO COMUM 09X19X39;UNIDADE
22356902;681032;303;02;2020;4;-1;LOTE NÃO INFORMADO;7558;40;DIAZEPAM 10MG;CMP
22356851;681030;303;02;2020;3;-1;LOTE NÃO INFORMADO;12719;1;CONTRATACAO DE EMPRESA ESPECIALIZADA EM MONTASGEM E INSTALACAO DE USINA FOTOVOLTAICA NAS DEPENDÊNCIAS DO GINÁSIO POLIESPORTIVO DE CAETÉ;UND
22356893;681032;303;02;2020;4;-1;LOTE NÃO INFORMADO;7536;25;CLONAZEPAM 2MG;CMP
22356904;681032;303;02;2020;4;-1;LOTE NÃO INFORMADO;7563;89;PROPRANOLOL 40 MG;CMP
22356913;681032;303;02;2020;4;-1;LOTE NÃO INFORMADO;7777;74;LOSARTAN 50 MG;UND
22356944;681032;303;02;2020;4;-1;LOTE NÃO INFORMADO;11436;69;INSULINA HUMALOG 100 UIML CANETA DESCARTÁVEL 3 ML;UND
22356859;681032;303;02;2020;4;-1;LOTE NÃO INFORMADO;2189;36;CLORPROMAZINA INJETÁVEL 25MG5ML AMPOLA CONTENDO 5ML;AMP
22356969;681032;303;02;2020;4;-1;LOTE NÃO INFORMADO;4727;28;CLORIDRATO DE CINACALCETE 30 MG;CMP
22356976;681032;303;02;2020;4;-1;LOTE NÃO INFORMADO;12683;34;CLORIDRATO DE SERTRALINA 50 MG;CMP
22356914;681032;303;02;2020;4;-1;LOTE NÃO INFORMADO;7779;27;CLORETO DE POTÁSSIO 10% AMPOLAS COM 10 ML;UND
22356852;681031;303;02;2020;4;-1;LOTE NÃO INFORMADO;12833;1;PRESTACAO DE SERVICOS DE CONSTRUCAO DE COBERTURA DE QUADRA DE ESPORTES E REFORMA DA QUADRA DA EMMARIA DE BARROS FERREIRA;SRV
22356858;681032;303;02;2020;4;-1;LOTE NÃO INFORMADO;2183;33;CLORIDRATO DE OXIBUTININA 5MG;CMP
22356894;681032;303;02;2020;4;-1;LOTE NÃO INFORMADO;7542;53;ETEXILATO DE DABIGATRANA 110MG;CMP
22356973;681032;303;02;2020;4;-1;LOTE NÃO INFORMADO;12679;16;BROMIDRATO DE FENOTEROL AEROSSOLFRASCO DE 10 ML;FR
22356982;681032;303;02;2020;4;-1;LOTE NÃO INFORMADO;7922;63;HALOPERIDOL 5MGML SOLUCAO INJETÁVEL 1 ML;AMP
22356884;681032;303;02;2020;4;-1;LOTE NÃO INFORMADO;4759;61;FUROSEMIDA 20 MLML IVIM 2 ML;AMP
22356890;681032;303;02;2020;4;-1;LOTE NÃO INFORMADO;6409;104;TRAVAPROSTATIMOLOL SOLUCAO OFTÁLMICA;FR
22356929;681032;303;02;2020;4;-1;LOTE NÃO INFORMADO;2160;15;BROMETO DE TIOTRÓPRIO CÁPSULAS PARA INALACAO FRASCO CONTENDO 4 ML;FR
22356901;681032;303;02;2020;4;-1;LOTE NÃO INFORMADO;7557;7;ATENOLOL 50MG;CMP
22356951;681032;303;02;2020;4;-1;LOTE NÃO INFORMADO;12240;47;DISSULFIRAM 250 MG ANTIETANOL;CMP
22356952;681032;303;02;2020;4;-1;LOTE NÃO INFORMADO;12243;79;OLANZAPINA 25 MG;CMP
22356953;681032;303;02;2020;4;-1;LOTE NÃO INFORMADO;12245;84;PAROXETINA 30 MG;CMP
22356965;681032;303;02;2020;4;-1;LOTE NÃO INFORMADO;12697;127;ACETAZOLAMIDA 250 MG;CMP
22356968;681032;303;02;2020;4;-1;LOTE NÃO INFORMADO;4120;1;ACEPRAN 02 % 20ML ACEPROMAZINA;FR
22356939;681032;303;02;2020;4;-1;LOTE NÃO INFORMADO;11431;42;DICLOFENACO DE SÓDIO 75MG AMPOLA CONTENDO 3ML;AMP
22356860;681032;303;02;2020;4;-1;LOTE NÃO INFORMADO;2194;46;DIPIRONA SÓDICA 500MGML AMPOLA CONTENDO 2ML;AMP
22356868;681032;303;02;2020;4;-1;LOTE NÃO INFORMADO;2217;103;TIORIDAZINA 100MG;CMP
22356935;681032;303;02;2020;4;-1;LOTE NÃO INFORMADO;11440;32;CLORIDRATO DE NARATRIPTANA 25MG;CMP
22356978;681032;303;02;2020;4;-1;LOTE NÃO INFORMADO;12685;52;ESOMEPRAZOL 40 MG;CMP
22356979;681032;303;02;2020;4;-1;LOTE NÃO INFORMADO;3427;68;INSULINA HUMALOG 100UIML FRASCO CONTENDO 10 ML;FR
22356896;681032;303;02;2020;4;-1;LOTE NÃO INFORMADO;7548;77;MONTELUCASTE DE SÓDIO 10 MG;CMP
22356879;681032;303;02;2020;4;-1;LOTE NÃO INFORMADO;4743;106;TRIMETAZIDINA 35 MG;CMP
22356918;681032;303;02;2020;4;-1;LOTE NÃO INFORMADO;8503;120;CLORPROMAZINA CLORIDRATO 100 MG COMPRIMIDO;CMP
22356925;681032;303;02;2020;4;-1;LOTE NÃO INFORMADO;8897;60;FUMARATO DE FORMOTEROL BUDESONIDA 6200 DIIDRATADO EMBALAGEM CONTENDO 60 CÁPSULAS COM INALADOR;FR
22356932;681032;303;02;2020;4;-1;LOTE NÃO INFORMADO;11437;21;CITALOPRAM 20 MG MAXAPRAM;CMP
22356938;681032;303;02;2020;4;-1;LOTE NÃO INFORMADO;11451;108;VALPROATO DE SÓDIO ÁCIDO VALPROICO 500 MG;CMP
22356948;681032;303;02;2020;4;-1;LOTE NÃO INFORMADO;12237;118;BUPROPIONA 150 MG;CMP
22356959;681032;303;02;2020;4;-1;LOTE NÃO INFORMADO;12581;114;BORTEZOMIBE 35 MG;FR
22356899;681032;303;02;2020;4;-1;LOTE NÃO INFORMADO;7552;91;RIVAROXABANA 20MG;CMP
22356878;681032;303;02;2020;4;-1;LOTE NÃO INFORMADO;4741;88;PROPATILNITRATO 10 MG;CMP
22356892;681032;303;02;2020;4;-1;LOTE NÃO INFORMADO;7535;130;BROMIDRATO DE FENOTEROL 5MG20ML SOLUCAO ORAL;FR
22356898;681032;303;02;2020;4;-1;LOTE NÃO INFORMADO;7551;81;OXCARBAZEPINA 600MG;CMP
22356967;681032;303;02;2020;4;-1;LOTE NÃO INFORMADO;2152;4;ÁCIDO ZOLEDRÔNICO 5MG INJETÁVEL;FR
22356891;681032;303;02;2020;4;-1;LOTE NÃO INFORMADO;6883;20;CARBAMAZEPINA 200 MG;CMP
22356875;681032;303;02;2020;4;-1;LOTE NÃO INFORMADO;4737;116;MICOFENOLATO DE MOFETILA 500 MG;CMP
22356876;681032;303;02;2020;4;-1;LOTE NÃO INFORMADO;4738;78;NEBIVOLOL CLORIDRATO 5 MG;CMP
22356920;681032;303;02;2020;4;-1;LOTE NÃO INFORMADO;8893;31;CLORIDRATO DE METILFENIDATO 54 MG LIBERACAO PROLONGADA CONCERTA;CMP
22356928;681032;303;02;2020;4;-1;LOTE NÃO INFORMADO;11053;101;TEMOZOLOMIDA 5 MG;CMP
22356963;681032;303;02;2020;4;-1;LOTE NÃO INFORMADO;12695;125;SULFATO DE ATROPINA 1% SOLUCAO OFTÁLMICA FRASCO DE 5 ML;FR
22356887;681032;303;02;2020;4;-1;LOTE NÃO INFORMADO;2213;96;SU1FATO DE CONDROITINA 12G SULFATO DE GLICOSAMINA 15G;SAC
22356903;681032;303;02;2020;4;-1;LOTE NÃO INFORMADO;7560;49;ENALAPRIL 20MG;CMP
22356926;681032;303;02;2020;4;-1;LOTE NÃO INFORMADO;11051;99;TEMOZOLOMIDA 20 MG;CMP
22356966;681032;303;02;2020;4;-1;LOTE NÃO INFORMADO;12698;128;LACOSAMIDA 50 MG;CMP
22356970;681032;303;02;2020;4;-1;LOTE NÃO INFORMADO;4756;117;HIDROCORTISONA 100 MG;FR
22356881;681032;303;02;2020;4;-1;LOTE NÃO INFORMADO;4754;12;BICARBONATO DE SÓDIO 84 10 ML;FR
22356883;681032;303;02;2020;4;-1;LOTE NÃO INFORMADO;4757;64;HIDROCORTISONA 500 MG PÓ INJETÁVEL IMIV;AMP
22356919;681032;303;02;2020;4;-1;LOTE NÃO INFORMADO;8883;8;BACLOFENO 10 MG;CMP
22356930;681032;303;02;2020;4;-1;LOTE NÃO INFORMADO;2961;50;ENOXAPARINA SÓDICA 80MG CLEXANE;AMP
22356956;681032;303;02;2020;4;-1;LOTE NÃO INFORMADO;12250;110;VENLAFAXINA 150 MG;CMP
22356977;681032;303;02;2020;4;-1;LOTE NÃO INFORMADO;12684;35;CLORIDRATO DE TIAMINA ACESYL 100 MGML IVIM 1 ML;AMP
22356910;681032;303;02;2020;4;-1;LOTE NÃO INFORMADO;8355;122;FENOBARBITAL SÓDICO 100 MG COMPRIMIDO;CMP
22356874;681032;303;02;2020;4;-1;LOTE NÃO INFORMADO;4733;70;IVABRADINA 5 MG;CMP
22356940;681032;303;02;2020;4;-1;LOTE NÃO INFORMADO;11432;56;FLUVOXAMINA 50 MG;CMP
22356941;681032;303;02;2020;4;-1;LOTE NÃO INFORMADO;11433;57;FLUVOXAMINA 100 MG;CMP
22356927;681032;303;02;2020;4;-1;LOTE NÃO INFORMADO;11052;100;TEMOZOLOMIDA 180 MG;CMP
22356864;681032;303;02;2020;4;-1;LOTE NÃO INFORMADO;2208;82;OXCARBAZEPINA SUSPENSAO 6%;FR
22356863;681032;303;02;2020;4;-1;LOTE NÃO INFORMADO;2207;76;MIDAZOLAM INJETÁVEL 15MG3ML AMPOLA CONTENDO 3ML;AMP
22356867;681032;303;02;2020;4;-1;LOTE NÃO INFORMADO;2215;98;TEMOZOLOMIDA 100MG;CMP
22356873;681032;303;02;2020;4;-1;LOTE NÃO INFORMADO;4732;59;FUMARATO DE FORMOTEROL BUDESONIDA 12400;FR
22356885;681032;303;02;2020;4;-1;LOTE NÃO INFORMADO;4762;18;BUSCOPAN SIMPLES 20 MGML IVIMSUBC 1 ML;AMP
22356934;681032;303;02;2020;4;-1;LOTE NÃO INFORMADO;11439;30;CLORIDRATO DE METILFENIDATO 36 MG LIBERACAO PROLONGADA CONCERTA;CMP
22356960;681032;303;02;2020;4;-1;LOTE NÃO INFORMADO;12692;92;RIVAROXABANA 15 MG;CMP
22356912;681032;303;02;2020;4;-1;LOTE NÃO INFORMADO;7776;72;LEVOMEPROMAZINA 100 MG;UND
22356854;681032;303;02;2020;4;-1;LOTE NÃO INFORMADO;2159;13;BROMETO DE IPRATRÓPIO 0025 SOLUCAO ORAL;FR
22356900;681032;303;02;2020;4;-1;LOTE NÃO INFORMADO;7555;111;VIMPOCETINA 5MG;CMP
22356907;681032;303;02;2020;4;-1;LOTE NÃO INFORMADO;7910;38;COLESTIRAMINA 40G;SAC
22356915;681032;303;02;2020;4;-1;LOTE NÃO INFORMADO;7780;102;THIOPENTAX 0,5 G CAIXA 25 FRASCOS (AMPOLA COM 0,5 G);UND
22356946;681032;303;02;2020;4;-1;LOTE NÃO INFORMADO;12233;48;DULOXETINA 60MG;CMP
22356947;681032;303;02;2020;4;-1;LOTE NÃO INFORMADO;12235;5;ALPRAZOLAM 2 MG;CMP
22356950;681032;303;02;2020;4;-1;LOTE NÃO INFORMADO;12239;44;DIMESILATO DE LISDEXANFETAMINA 50 MG;CMP
22356853;681032;303;02;2020;4;-1;LOTE NÃO INFORMADO;2158;14;BROMAZEPAM 6MG;CMP
22356870;681032;303;02;2020;4;-1;LOTE NÃO INFORMADO;4720;2;ÁCIDO ACETILSALICÍLICO 100 MG;CMP
22356984;681034;303;02;2020;4;-1;LOTE NÃO INFORMADO;12676;1;PRESTACAO DE SERVICOS DE REFORMA DA ESCOLA DE ENSINO ESPECIAL APAE ASSOCIACAO DE PAIS E AMIGOS DOS EXCEPCIONAIS LOCALIZADA NA AV CARLOS CRUZ 443 BAIRRO JOSÉ BRANDAO CAETÉ;SRV
22356942;681032;303;02;2020;4;-1;LOTE NÃO INFORMADO;11434;66;INSULINA GLARGINA 100 UIML CANETA DESCARTÁVEL 3 ML;UND
22356861;681032;303;02;2020;4;-1;LOTE NÃO INFORMADO;2198;58;FUMARATO DE BISOPROLOL 10 MG CAIXA COM 28 COMPRIMIDOS;CX
22356871;681032;303;02;2020;4;-1;LOTE NÃO INFORMADO;4721;6;AMITRIPTILINA 25 MG;CMP
22356922;681032;303;02;2020;4;-1;LOTE NÃO INFORMADO;8896;11;BEVACIZUMABE AVASTIN SOLUCAO INJETÁVEL 25 MGML AMPOLA DE 4 ML;AMP
22356957;681032;303;02;2020;4;-1;LOTE NÃO INFORMADO;12251;112;XINAFOATO DE SALMETEROL PROPINATO DE FLUTICASONA 25025 MCG;FR
22356949;681032;303;02;2020;4;-1;LOTE NÃO INFORMADO;12238;43;DIMESILATO DE LISDEXANFETAMINA 30 MG;CMP
22356862;681032;303;02;2020;4;-1;LOTE NÃO INFORMADO;2202;71;LATANOPROST SOLUCAO OFTÁLMICA FRASCO CONTENDO 25 ML;FR
22356869;681032;303;02;2020;4;-1;LOTE NÃO INFORMADO;2219;113;XINAFOATO DE SALMETEROL PROPINATO DE FLUTICASONA 50500;FR
22356905;681032;303;02;2020;4;-1;LOTE NÃO INFORMADO;7565;107;VALPROATO DE SÓDIO 250MGML;FR
22356972;681032;303;02;2020;4;-1;LOTE NÃO INFORMADO;12699;129;DIVALPROATO DE SÓDIO ER 500 MG;CMP
22356962;681032;303;02;2020;4;-1;LOTE NÃO INFORMADO;12694;124;BRINZOLAMIDA 10 MGML E MALEATO DE TIMOLOL 68 MGML SUSPENSAP OFTÁLMICAFRASCO 5 ML;FR
22356855;681032;303;02;2020;4;-1;LOTE NÃO INFORMADO;2164;19;BUSCOPAM COMPOSTO AMPOLA CONTENDO 5ML;AMP
22356943;681032;303;02;2020;4;-1;LOTE NÃO INFORMADO;11435;67;INSULINA GLULISINA 100 UIML CANETA DESCARTÁVEL 3 ML;UND
22356872;681032;303;02;2020;4;-1;LOTE NÃO INFORMADO;4731;55;FLUOXETINA 20 MG;CAP
22356888;681032;303;02;2020;4;-1;LOTE NÃO INFORMADO;2195;54;ETODO1ACO 400MG;CMP
22356909;681032;303;02;2020;4;-1;LOTE NÃO INFORMADO;7546;65;IMIPRAMINA 25MG;CMP
22356980;681032;303;02;2020;4;-1;LOTE NÃO INFORMADO;12175;119;CLORETO DE SÓDIO 9 MGML SOLUCAO INJETÁVEL AMPOLA DE 10 ML;AMP
22356981;681032;303;02;2020;4;-1;LOTE NÃO INFORMADO;1383;37;COLAGENASE 10% SEM CLORANFENICOL 30 GR 06UG;UND
22356880;681032;303;02;2020;4;-1;LOTE NÃO INFORMADO;4753;51;EPINEFRINA 1 MLML IMIVSUBC 1 ML;AMP
22356933;681032;303;02;2020;4;-1;LOTE NÃO INFORMADO;11438;24;CLONAZEPAM GOTAS 25 MGML FRASCO COM 20 ML;FR
22356937;681032;303;02;2020;4;-1;LOTE NÃO INFORMADO;11450;94;SUCCINATO DE DESVENLAFAXINA MONOHIDRATADA 50 MG;CMP
22356954;681032;303;02;2020;4;-1;LOTE NÃO INFORMADO;12248;97;SUPLEMENTO DE NUTRIENTES MAXIMUS;CMP
22356889;681032;303;02;2020;4;-1;LOTE NÃO INFORMADO;4729;45;DI1TIAZEM 90 MG;CMP
22356911;681032;303;02;2020;4;-1;LOTE NÃO INFORMADO;7768;26;CLOPIDOGREL 75MG;UND
22356924;681032;303;02;2020;4;-1;LOTE NÃO INFORMADO;8884;22;CETUXIMABE 5 MGML SOLUCAO INJETÁVEL PARA INFUSAO ENDOVENOSA FRASCO CONTENDO 20 ML;FR
22356964;681032;303;02;2020;4;-1;LOTE NÃO INFORMADO;12696;126;DEXAMETASONA 10 MGML SUSPENSAO OFTÁLMICA FRASCO DE 5 ML;FR
22356958;681032;303;02;2020;4;-1;LOTE NÃO INFORMADO;12282;105;TRIANCINOLONA HEXACETONIDA 20 MGML TRIANCIL AMPOLA 5 ML;AMP
22356866;681032;303;02;2020;4;-1;LOTE NÃO INFORMADO;2211;90;PROPIONATO DE FLUTICASONA 250MCG SPRAY;FR
22356917;681032;303;02;2020;4;-1;LOTE NÃO INFORMADO;9123;121;CLORPROMAZINA CLORIDRATO 25 MG COMPRIMIDO;CMP
22356961;681032;303;02;2020;4;-1;LOTE NÃO INFORMADO;12693;115;FUMARATO DE FORMOTEROL PROPIONATO DE FLUTICASONA 12250 MCG;CMP
22356916;681032;303;02;2020;4;-1;LOTE NÃO INFORMADO;8442;39;DENOSUMABE 60 MGML SERINGA PREENCHIDA DE 1 ML;UND
22356877;681032;303;02;2020;4;-1;LOTE NÃO INFORMADO;4740;86;PREGABALINA 150 MG;CMP
22356886;681032;303;02;2020;4;-1;LOTE NÃO INFORMADO;4764;75;METFORMINA 850 MG;CMP
22356895;681032;303;02;2020;4;-1;LOTE NÃO INFORMADO;7544;62;GLUCONATO DE CÁLCIO 10% 10ML;FR
22356975;681032;303;02;2020;4;-1;LOTE NÃO INFORMADO;12682;23;CLENIL HFA SPRAY DIPIRONA DE BECLOMEASONA USO INALT 14 G 10 ML 200 DOSES 200 MCG;FR
22356856;681032;303;02;2020;4;-1;LOTE NÃO INFORMADO;2169;29;CLORIDRATO DE DORZOLAMIDAMALEATO DE TIMOLOL MSD SOLUCAO OFTÁLMICA;FR
22356897;681032;303;02;2020;4;-1;LOTE NÃO INFORMADO;7549;80;ONDANSETRONA 8 MG;CMP
22356923;681032;303;02;2020;4;-1;LOTE NÃO INFORMADO;9302;85;PREGABALINA 75 MG;CMP
22356931;681032;303;02;2020;4;-1;LOTE NÃO INFORMADO;11067;73;LINAGLIPTINA 5 MG;CMP
22356882;681032;303;02;2020;4;-1;LOTE NÃO INFORMADO;4755;95;SULFATO DE ATROPINA 025MGML IMIVSUBC 1 ML;AMP
22356921;681032;303;02;2020;4;-1;LOTE NÃO INFORMADO;8895;10;BEVACIZUMABE AVASTIN SOLUCAO INJETÁVEL 25 MGML AMPOLA DE 16 ML;AMP
22356936;681032;303;02;2020;4;-1;LOTE NÃO INFORMADO;11449;83;PAROXETINA 25 MG;CMP
22356945;681032;303;02;2020;4;-1;LOTE NÃO INFORMADO;8374;9;BENZILPENICILINA BENZATINA 1200000 UI PÓ PARA SUSPENSAO INJETÁVEL VIA INTRAMUSCULAR;FR
22356971;681032;303;02;2020;4;-1;LOTE NÃO INFORMADO;7291;93;SOMATROPINA 8 MG;FR
22356974;681032;303;02;2020;4;-1;LOTE NÃO INFORMADO;12680;17;FORMOTEROL 12 MCG COM APARELHO INALADOR;CAP
22356908;681032;303;02;2020;4;-1;LOTE NÃO INFORMADO;7920;41;DIAZEPAM INJETÁVEL 5MGML AMPOLA DE 2ML;AMP
22356906;681032;303;02;2020;4;-1;LOTE NÃO INFORMADO;6221;3;ÁCIDO URSODESOXICÓ1ICIO 150 MG URSAOL;CX
22356983;681033;303;02;2020;4;-1;LOTE NÃO INFORMADO;13009;1;CAMINHAO BASCULANTE ZERO KM 1 EIXO TRASEIRO TOCO MOTOR MOVIDO À ÓLEO DIESEL COM NO MÍNIMO 4 CILINDROS POTÊNCIA MÍNIMA DE 170 CV CARGA ÚTIL MÍNIMA DE 10000 KG TRACAO 4X2 CAIXA MARCHAS DE NO MÍNIMO 5 VELOCIDADES À FRENTE E 1 VELOCIDADE A RÉ CACAMBA BASCULANTE METÁLICA COM CANTOS INTERNOS ARREDONDADOS CAPACIDADE VOLUMÉTRICA DE 6 M³ COM TAMPA TRASEIRA COM ABERTURA PADRAO PERMITIR BASCULAMENTO DA CACAMBA ATÉ UMA INCLINACAO DE 45 GRAUS;UND
22356865;681032;303;02;2020;4;-1;LOTE NÃO INFORMADO;2210;87;PROMETAZINA INJETÁVEL 25MGML AMPOLA 2ML;AMP
22356955;681032;303;02;2020;4;-1;LOTE NÃO INFORMADO;12249;109;VENLAFAXINA 75 MG;CMP
22356857;681032;303;02;2020;4;-1;LOTE NÃO INFORMADO;2171;123;CLORIDRATO DE METILFENIDATO 10MG;CMP
22356985;681035;303;02;2020;5;-1;LOTE NÃO INFORMADO;12973;1;VEÍCULO TIPO VAN SEM ACESSIBILIDADE ZERO KM ENVIDRACADA COM CAPACIDADE MÍNIMA PARA 10 PASSAGEIROS MAIS 01 MOTORISTA 04 PORTAS DIRECAO HIDRÁULICA OU ELÉTRICA FREIO A DISCO NAS 04 RODAS VIDROS ELÉTRICOS DIANTEIROS E TRASEIROS TRAVAS ELÉTRICAS DAS PORTAS JOGO DE TAPETES PROTETOR DE MOTOR COR BRANCA COM PADRONIZACAO VISUAL DO MDS COMBUSTÍVEL DIESEL AR CONDICIONADO CABINE E SALAO TODOS OS ITENS OBRIGATÓRIOS DOCUMENTACAO EMPLACAMENTO E LICENCIAMENTO EM NOME DO ENTE FEDERADO GARANTIA 12 DOZE MESES;UND
24248093;742720;303;02;2020;10;-1;LOTE NÃO INFORMADO;13312;1;VEÍCULO ZERO KM FECHADO TIPO FURGAO ANOMODELO 20202021 POTÊNCIA CV ENTRE 85 E 115 MOTOR ENTRE 14 E 16 FREIOS ABS E AIRBAGS DUPLOS COMPUTADOR DE BORDO TRAVAS ELÉTRICAS E VIDROS ELÉTRICOS NAS DUAS PORTAS AR CONDICIONADO MOTOR FLEX CAPACIDADE DE CARGA DE ATÉ 800 KG;UND
24702490;757180;304;03;2020;10;-1;LOTE NÃO INFORMADO;4401;5;TUBO PVC OCRE JEI DN200MMX6M;PECA
24702486;757179;304;03;2020;10;-1;LOTE NÃO INFORMADO;4974;19;TE FOFO FLANGEADO-DN-100MM;PECA
24702472;757179;304;03;2020;10;-1;LOTE NÃO INFORMADO;4975;20;FLANGE FOFO CEGO DN-50MM;PECA
24702477;757179;304;03;2020;10;-1;LOTE NÃO INFORMADO;4978;23;LUVA CORRER JE FOFO DN-60MM FX;PECA
24702456;757179;304;03;2020;10;-1;LOTE NÃO INFORMADO;1788;1;EXTREMIDADE FF P/F 0 50MM;PECA
24702463;757179;304;03;2020;10;-1;LOTE NÃO INFORMADO;1964;8;TE FOFO FF 150MM;PECA
24702458;757179;304;03;2020;10;-1;LOTE NÃO INFORMADO;1790;3;EXTREMIDADE FF P/F 0 100MM;PECA
24702484;757179;304;03;2020;10;-1;LOTE NÃO INFORMADO;4972;17;LUVA DE CORRER FOFO J MEC.60MM;PECA
24702495;757180;304;03;2020;10;-1;LOTE NÃO INFORMADO;4382;2;TUBO PVC RIGIDO DN150MM X 06M;PECA
24702467;757179;304;03;2020;10;-1;LOTE NÃO INFORMADO;3266;12;FLANGE FOFO CEGO 100MM;PECA
24702457;757179;304;03;2020;10;-1;LOTE NÃO INFORMADO;1789;2;EXTREMIDADE FF P/F 0 75MM;PECA
24702474;757179;304;03;2020;10;-1;LOTE NÃO INFORMADO;4979;24;LUVA CORRER JE FOFO DN-75MM FX;PECA
24702479;757179;304;03;2020;10;-1;LOTE NÃO INFORMADO;4982;27;EXTREMIDADE FOFO B/FL 50MM;PECA
24702489;757180;304;03;2020;10;-1;LOTE NÃO INFORMADO;4400;4;TUBO PVC OCRE JEI DN150MMX6M;PECA
24702460;757179;304;03;2020;10;-1;LOTE NÃO INFORMADO;1799;5;LUVA CORRER FF MEC.0 100 MM;PECA
24702478;757179;304;03;2020;10;-1;LOTE NÃO INFORMADO;4976;21;FLANGE FOFO CEGO-DN-75MM-PN-10;PECA
24702482;757179;304;03;2020;10;-1;LOTE NÃO INFORMADO;4985;30;EXTREMIDADE FOFO B/FL DN-100MM;PECA
24702492;757180;304;03;2020;10;-1;LOTE NÃO INFORMADO;4417;7;TUBO PVC CORRUGADO DN150MMX6M;PECA
24702461;757179;304;03;2020;10;-1;LOTE NÃO INFORMADO;1800;6;LUVA CORRER FF MEC.0 150 MM;PECA
24702473;757179;304;03;2020;10;-1;LOTE NÃO INFORMADO;4977;22;LUVA CORRER JE FOFO DN-50MM FX;PECA
24702481;757179;304;03;2020;10;-1;LOTE NÃO INFORMADO;4984;29;EXTREMIDADE FOFO B/FL DN-75MM;PECA
24702485;757179;304;03;2020;10;-1;LOTE NÃO INFORMADO;4973;18;TE FOFO FLANGEADO DN-50MM;PECA
24702488;757180;304;03;2020;10;-1;LOTE NÃO INFORMADO;4399;3;TUBO PVC OCRE JEI DN100MMX6M;PECA
24702466;757179;304;03;2020;10;-1;LOTE NÃO INFORMADO;3259;11;TE FOFO FLANGE/FLANGE 75MM;PECA
24702464;757179;304;03;2020;10;-1;LOTE NÃO INFORMADO;3246;9;LUVA CORRER FOFO J.MEC.50MM;PECA
24702470;757179;304;03;2020;10;-1;LOTE NÃO INFORMADO;3269;15;FLANGE FOFO CEGO 300MM;PECA
24702476;757179;304;03;2020;10;-1;LOTE NÃO INFORMADO;4981;26;LUVA CORRER JE FOFO DN150MM FX;PECA
24702475;757179;304;03;2020;10;-1;LOTE NÃO INFORMADO;4980;25;LUVA CORRER JE FOFO DN100MM FX;PECA
24702480;757179;304;03;2020;10;-1;LOTE NÃO INFORMADO;4983;28;EXTREMIDADE FOFO B/FL DN-60MM;PECA
24702459;757179;304;03;2020;10;-1;LOTE NÃO INFORMADO;1791;4;EXTREMIDADE FF P/F 0 150MM;PECA
24702465;757179;304;03;2020;10;-1;LOTE NÃO INFORMADO;3247;10;LUVA CORRER FOFO J.MEC.75MM;PECA
24702468;757179;304;03;2020;10;-1;LOTE NÃO INFORMADO;3267;13;FLANGE FOFO CEGO 200MM;PECA
24702469;757179;304;03;2020;10;-1;LOTE NÃO INFORMADO;3268;14;FLANGE FOFO CEGO 250MM;PECA
24702491;757180;304;03;2020;10;-1;LOTE NÃO INFORMADO;4402;6;TUBO PVC OCRE JEI DN250MMX6M;PECA
24702462;757179;304;03;2020;10;-1;LOTE NÃO INFORMADO;1962;7;FLANGE CEGO FOFO 150 MM;PECA
24702493;757180;304;03;2020;10;-1;LOTE NÃO INFORMADO;4418;8;TUBO PVC CORRUGADO DN200MMX6M;PECA
24702494;757180;304;03;2020;10;-1;LOTE NÃO INFORMADO;4419;9;TUBO PVC CORRUGADO DN250MMX6M;PECA
24702483;757179;304;03;2020;10;-1;LOTE NÃO INFORMADO;4986;31;EXTREMIDADE FOFO B/FL DN-150MM;PECA
24702487;757180;304;03;2020;10;-1;LOTE NÃO INFORMADO;4381;1;TUBO PVC RIGIDO DN150MMX06M;PECA
24702471;757179;304;03;2020;10;-1;LOTE NÃO INFORMADO;3513;16;EXTREMIDADE FOFO P/F 60MM;PECA
24454035;749461;304;03;2020;7;1;LOTE NUMERO: 1;4114;1;SERV.PERFURACAO POCO V.RATO-01;SERVICOS
24454038;749461;304;03;2020;7;1;LOTE NUMERO: 1;4120;4;SERV.PERFURACAO POCO V.RATO-07;SERVICOS
24454040;749461;304;03;2020;7;1;LOTE NUMERO: 1;4125;6;SERV.PERFURACAO POCO V.RATO-12;SERVICOS
24454042;749461;304;03;2020;7;1;LOTE NUMERO: 1;4127;8;SERV.PERFURACAO POCO V.RATO-14;SERVICOS
24454083;749463;304;03;2020;7;-1;LOTE NÃO INFORMADO;4803;34;RELOGIO DE PONTO;UNIDADE
24454090;749463;304;03;2020;7;-1;LOTE NÃO INFORMADO;4801;23;REFIL DE TINTA,AMARELA,P/ IMP.;UNIDADE
24454096;749463;304;03;2020;7;-1;LOTE NÃO INFORMADO;4813;27;CAIXA DE CABO DE REDE LAN/UTP;UNIDADE
24454099;749463;304;03;2020;7;-1;LOTE NÃO INFORMADO;4805;35;HD SSD;UNIDADE
24454057;749463;304;03;2020;7;-1;LOTE NÃO INFORMADO;751;28;FILTRO DE LINHA 5 TOMADAS;UNIDADE
24454063;749463;304;03;2020;7;-1;LOTE NÃO INFORMADO;3114;19;FITA SO15631 EPSON LX350;UNIDADE
24454077;749463;304;03;2020;7;-1;LOTE NÃO INFORMADO;4658;29;MICROCOMPUTADOR I3 4GB HD500GB;UNIDADE
24454036;749461;304;03;2020;7;1;LOTE NUMERO: 1;4116;2;SERV.PERFURACAO POCO V.RATO-03;SERVICOS
24454062;749463;304;03;2020;7;-1;LOTE NÃO INFORMADO;3112;17;TONER CE285A HPLASERJET P1102W;UNIDADE
24454101;749463;304;03;2020;7;-1;LOTE NÃO INFORMADO;4911;40;BATERIA SELADA P/NOBREAK 12V;UNIDADE
24454041;749461;304;03;2020;7;1;LOTE NUMERO: 1;4126;7;SERV.PERFURACAO POCO V.RATO-13;SERVICOS
24454046;749461;304;03;2020;7;1;LOTE NUMERO: 1;4132;12;SERV.PERFURACAO POCOS 19;SERVICOS
24454052;749461;304;03;2020;7;1;LOTE NUMERO: 1;4935;18;SERV.PERFURACAO POCOS 26;METRO
24454050;749461;304;03;2020;7;1;LOTE NUMERO: 1;4932;16;SERV.PERFURACAO POCOS 23;UNIDADE
24454064;749463;304;03;2020;7;-1;LOTE NÃO INFORMADO;1286;12;TECLADO ABNT-II/USB STANDARD;UNIDADE
24454043;749461;304;03;2020;7;1;LOTE NUMERO: 1;4128;9;SERV.PERFURACAO POCO V.RATO-15;SERVICOS
24454071;749463;304;03;2020;7;-1;LOTE NÃO INFORMADO;1086;10;CARTUCHO 664XL,HP COLOR 8,5ML;UNIDADE
24454055;749461;304;03;2020;7;1;LOTE NUMERO: 1;5036;21;SERV.PERFURACAO POCOS 29;UNIDADE
24454044;749461;304;03;2020;7;1;LOTE NUMERO: 1;4130;10;SERV.PERFURACAO POCO V.RATO-17;SERVICOS
24454054;749461;304;03;2020;7;1;LOTE NUMERO: 1;5035;20;SERV.PERFURACAO POCOS 28;METRO
24454079;749463;304;03;2020;7;-1;LOTE NÃO INFORMADO;4664;31;ROTEADOR WIRELESS 300MBPS;UNIDADE
24454098;749463;304;03;2020;7;-1;LOTE NÃO INFORMADO;4814;38;HD EXTERNO 2.5;UNIDADE
24454084;749463;304;03;2020;7;-1;LOTE NÃO INFORMADO;4809;44;CALCULADORA DE MESA;UNIDADE
24454061;749463;304;03;2020;7;-1;LOTE NÃO INFORMADO;2565;41;APARELHO TELEF.COM FIO E CHAVE;PECA
24454089;749463;304;03;2020;7;-1;LOTE NÃO INFORMADO;4800;22;REFIL DE TINTA,AZUL,P/ IMP.;UNIDADE
24454092;749463;304;03;2020;7;-1;LOTE NÃO INFORMADO;4806;25;FONTE ATX REAL;UNIDADE
24454059;749463;304;03;2020;7;-1;LOTE NÃO INFORMADO;2618;15;CARTUCHO 122XL PRETO PARA HP;UNIDADE
24454076;749463;304;03;2020;7;-1;LOTE NÃO INFORMADO;4663;43;CALCULADORA DE MESA ELETRICA;UNIDADE
24454065;749463;304;03;2020;7;-1;LOTE NÃO INFORMADO;568;5;CARTUCHO 958XL,HP PRETO 63,5ML;UNIDADE
24454053;749461;304;03;2020;7;1;LOTE NUMERO: 1;5034;19;SERV.PERFURACAO POCOS 27;KILOMETRO
24454081;749463;304;03;2020;7;-1;LOTE NÃO INFORMADO;4807;2;SUPORTE DE TV ARTICULADO;UNIDADE
24454060;749463;304;03;2020;7;-1;LOTE NÃO INFORMADO;2619;16;CARTUCHO 122XL, COLOR PARA HP;UNIDADE
24454087;749463;304;03;2020;7;-1;LOTE NÃO INFORMADO;4798;20;TECLADO ABNT-II/ENTRADA P2;UNIDADE
24454056;749462;304;03;2020;7;1;LOTE NUMERO: 1;2516;1;SOFT STARTER 220/575VCA;PECA
24454047;749461;304;03;2020;7;1;LOTE NUMERO: 1;4133;13;SERV.PERFURACAO POCOS 20;SERVICOS
24454088;749463;304;03;2020;7;-1;LOTE NÃO INFORMADO;4799;21;REFIL DE TINTA,PRETO,P/ IMP.;UNIDADE
24454037;749461;304;03;2020;7;1;LOTE NUMERO: 1;4119;3;SERV.PERFURACAO POCO V.RATO-06;SERVICOS
24454058;749463;304;03;2020;7;-1;LOTE NÃO INFORMADO;2564;45;SUPORTE PARA CPU EM PLASTICO;PECA
24454074;749463;304;03;2020;7;-1;LOTE NÃO INFORMADO;1337;14;TONER CB435A PARA HP P1005;CAIXA
24454086;749463;304;03;2020;7;-1;LOTE NÃO INFORMADO;4810;42;SMARTPHONE;UNIDADE
24454094;749463;304;03;2020;7;-1;LOTE NÃO INFORMADO;4811;36;SWITCH GERENCIAVEL;UNIDADE
24454068;749463;304;03;2020;7;-1;LOTE NÃO INFORMADO;702;7;MOUSE OPTICO USB;UNIDADE
24454048;749461;304;03;2020;7;1;LOTE NUMERO: 1;4930;14;SERV.PERFURACAO POCOS 21;HORA
24454095;749463;304;03;2020;7;-1;LOTE NÃO INFORMADO;4812;37;HUB;UNIDADE
24454078;749463;304;03;2020;7;-1;LOTE NÃO INFORMADO;4661;3;NOBREAK 1400 VA BIVOLT UNIVERS;UNIDADE
24454093;749463;304;03;2020;7;-1;LOTE NÃO INFORMADO;4808;26;CABO DE CONEXAO HDMI;UNIDADE
24454066;749463;304;03;2020;7;-1;LOTE NÃO INFORMADO;591;6;CARTUCHO 954XL,HP AZUL 20,5ML;FRASCO
24454075;749463;304;03;2020;7;-1;LOTE NÃO INFORMADO;3113;18;TONER CF226A HP LASERJET M426F;UNIDADE
24454100;749463;304;03;2020;7;-1;LOTE NÃO INFORMADO;4910;39;CONECTOR RJ45 MACHO;UNIDADE
24454039;749461;304;03;2020;7;1;LOTE NUMERO: 1;4124;5;SERV.PERFURACAO POCO V.RATO-11;SERVICOS
24454070;749463;304;03;2020;7;-1;LOTE NÃO INFORMADO;1085;9;CARTUCHO 664XL.HP PRETO 8,5ML;UNIDADE
24454073;749463;304;03;2020;7;-1;LOTE NÃO INFORMADO;1330;13;TONER Q1338A,HP LASERJET 4200;CAIXA
24454082;749463;304;03;2020;7;-1;LOTE NÃO INFORMADO;4804;4;SMART TV;UNIDADE
24454085;749463;304;03;2020;7;-1;LOTE NÃO INFORMADO;4797;33;MONITOR LED;UNIDADE
24454045;749461;304;03;2020;7;1;LOTE NUMERO: 1;4131;11;SERV.PERFURACAO POCOS 18;SERVICOS
24454049;749461;304;03;2020;7;1;LOTE NUMERO: 1;4931;15;SERV.PERFURACAO POCOS 22;UNIDADE
24454072;749463;304;03;2020;7;-1;LOTE NÃO INFORMADO;1087;11;CARTUCHO 954XL HP MAGEN.20,5ML;UNIDADE
24454067;749463;304;03;2020;7;-1;LOTE NÃO INFORMADO;3627;1;BOBINAS TERMICAS DE PAPEL 300M;UNIDADE
24454069;749463;304;03;2020;7;-1;LOTE NÃO INFORMADO;1084;8;CARTUCHO 954XL,HP AMARE.20,5ML;UNIDADE
24454091;749463;304;03;2020;7;-1;LOTE NÃO INFORMADO;4802;24;REFIL DE TINTA,MAGENTA,P/ IMP.;UNIDADE
24454080;749463;304;03;2020;7;-1;LOTE NÃO INFORMADO;4660;30;MOUSE OPTICO ENTRADA P2;UNIDADE
24454051;749461;304;03;2020;7;1;LOTE NUMERO: 1;4934;17;SERV.PERFURACAO POCO 25;TONELADA
24454097;749463;304;03;2020;7;-1;LOTE NÃO INFORMADO;4796;32;NOTEBOOK I3 04 GB HD 01 TB 15";UNIDADE
24454108;749465;304;03;2020;8;1;LOTE NUMERO: 1;3998;6;LOC.FURADEIRA BATERIA 1/2";MENSAL
24454112;749465;304;03;2020;8;1;LOTE NUMERO: 1;5032;12;LOC.FURADEIRA 1/2" C/SERRA COP;DIARIA
24454158;749468;304;03;2020;8;1;LOTE NUMERO: 1;4023;27;REBOBINAR BOMBA SUBMERS.5CV MO;SERVICOS
24454107;749465;304;03;2020;8;1;LOTE NUMERO: 1;3996;5;LOC.MOTOBOMBA AUTOESCOVANTE.2";DIARIA
24454113;749465;304;03;2020;8;1;LOTE NUMERO: 1;5028;10;LOCACAO MARTELO DEMOLIDOR 20KG;DIARIA
24454119;749466;304;03;2020;8;1;LOTE NUMERO: 1;5038;2;SER.LOC.CAM.HIDROJAT.10000L;HORA
24454102;749464;304;03;2020;8;1;LOTE NUMERO: 1;2202;1;HIDROMETRO MULTIJATO DE 1/2";UNIDADE
24454134;749468;304;03;2020;8;1;LOTE NUMERO: 1;1588;3;REBOBINAR MOTOR TRIF. 40 CV;SERVICOS
24454122;749467;304;03;2020;8;1;LOTE NUMERO: 1;4230;3;SERV.FRESADORA FERRAMENTEIRA;HORA
24454131;749467;304;03;2020;8;1;LOTE NUMERO: 1;5117;12;SER.MANDRILHADORA CONVENCIONAL;HORA
24454147;749468;304;03;2020;8;1;LOTE NUMERO: 1;1601;16;REBOBINAR MOTOR MONOFAS. 1,0CV;SERVICOS
24454105;749465;304;03;2020;8;1;LOTE NUMERO: 1;3992;3;LOC.ESMERILHADEIRA CORTE 41/2";DIARIA
24454127;749467;304;03;2020;8;1;LOTE NUMERO: 1;4237;8;SERV. TORNO CONVENCIONAL 4M;HORA
24454140;749468;304;03;2020;8;1;LOTE NUMERO: 1;1594;9;REBOBINAR MOTOR TRIF. 7,5 CV;SERVICOS
24454152;749468;304;03;2020;8;1;LOTE NUMERO: 1;3932;21;REBOBINAR BOMBA SUBMERS.3,5CV;SERVICOS
24454103;749465;304;03;2020;8;1;LOTE NUMERO: 1;3989;1;LOCACAO SERRA CLIPPER 13 HP;MENSAL
24454114;749465;304;03;2020;8;1;LOTE NUMERO: 1;5029;11;LOCACAO MAKITA SERRA MARMORE;MENSAL
24454143;749468;304;03;2020;8;1;LOTE NUMERO: 1;1597;12;REBOBINAR MOTOR TRIF. 1,0CV;SERVICOS
24454144;749468;304;03;2020;8;1;LOTE NUMERO: 1;1598;13;REBOBINAR MOTOR MONOFAS. 5,0CV;SERVICOS
24454132;749468;304;03;2020;8;1;LOTE NUMERO: 1;1586;1;REBOBINAR MOTOR TRIF. 100 CV;SERVICOS
24454106;749465;304;03;2020;8;1;LOTE NUMERO: 1;3993;4;LOC. LIXADEIRA ANGULAR 7/"220V;DIARIA
24454110;749465;304;03;2020;8;1;LOTE NUMERO: 1;4001;8;LOC. ROCADEIRA 2 PONTAS 1,5KW;DIARIA
24454129;749467;304;03;2020;8;1;LOTE NUMERO: 1;4239;10;SERV. DE FURADEIRA RADIAL;HORA
24454139;749468;304;03;2020;8;1;LOTE NUMERO: 1;1593;8;REBOBINAR MOTOR TRIF. 10 CV;SERVICOS
24454149;749468;304;03;2020;8;1;LOTE NUMERO: 1;1603;18;REBOBINAR BOMBA SUB. 5,5 CV;SERVICOS
24454155;749468;304;03;2020;8;1;LOTE NUMERO: 1;3935;24;REBOBINAR BOMBA SUB.MONO 1,0CV;SERVICOS
24454111;749465;304;03;2020;8;1;LOTE NUMERO: 1;4002;9;LOC. MOTOSERRA GASOLINA 2,3KW;DIARIA
24454148;749468;304;03;2020;8;1;LOTE NUMERO: 1;1602;17;REBOBINAR BOMBA SUB. 7,5 CV;SERVICOS
24454115;749465;304;03;2020;8;1;LOTE NUMERO: 1;5033;13;LOC.PERFURATRIZ 1M X DIAM.27MM;DIARIA
24454136;749468;304;03;2020;8;1;LOTE NUMERO: 1;1590;5;REBOBINAR MOTOR TRIF. 60CV;SERVICOS
24454121;749467;304;03;2020;8;1;LOTE NUMERO: 1;4229;2;SERV. EM FRESADORA UNIVERSAL;HORA
24454146;749468;304;03;2020;8;1;LOTE NUMERO: 1;1600;15;REBOBINAR MOTOR MONOFAS. 2,0CV;SERVICOS
24454157;749468;304;03;2020;8;1;LOTE NUMERO: 1;4022;26;REBOBINAR BOMBA SUBMERS.5CV;SERVICOS
24454109;749465;304;03;2020;8;1;LOTE NUMERO: 1;4000;7;LOC. MARTELO DEMOLIDOR 15KG.;MENSAL
24454123;749467;304;03;2020;8;1;LOTE NUMERO: 1;4233;4;SERVICO COM TORNO CNC;HORA
24454104;749465;304;03;2020;8;1;LOTE NUMERO: 1;3991;2;LOCACAO COMPACTADOR 5,5HP ESGO;MENSAL
24454128;749467;304;03;2020;8;1;LOTE NUMERO: 1;4238;9;SERV.DE TORNO CONVENCIONAL 6M;HORA
24454141;749468;304;03;2020;8;1;LOTE NUMERO: 1;1595;10;REBOBINAR MOTOR TRIF. 5,0 CV;SERVICOS
24454159;749469;304;03;2020;8;-1;LOTE NÃO INFORMADO;1339;1;SULFATO DE ALUMINIO GRANULADO;KILO
24454130;749467;304;03;2020;8;1;LOTE NUMERO: 1;5116;11;SERVICO DE MANDRILHADORA CNC;HORA
24454151;749468;304;03;2020;8;1;LOTE NUMERO: 1;2364;20;REBOBINAR ESTATOR MOTOR 1/2CV;SERVICOS
24454117;749465;304;03;2020;8;1;LOTE NUMERO: 1;5122;15;LOC.MARTELETE ROMPED.2,7,127V;MENSAL
24454125;749467;304;03;2020;8;1;LOTE NUMERO: 1;4235;6;SERV.FREZADORA MESA CURSO 6M;HORA
24454135;749468;304;03;2020;8;1;LOTE NUMERO: 1;1589;4;REBOBINAR  MOTOR TRIF. 50 CV;SERVICOS
24454138;749468;304;03;2020;8;1;LOTE NUMERO: 1;1592;7;REBOBINAR  MOTOR TRIF. 15 CV;SERVICOS
24454137;749468;304;03;2020;8;1;LOTE NUMERO: 1;1591;6;REBOBINAR MOTOR TRIF. 20 CV;SERVICOS
24454150;749468;304;03;2020;8;1;LOTE NUMERO: 1;1604;19;REBOBINAR BOMBA SUB. 3,0 CV;SERVICOS
24454116;749465;304;03;2020;8;1;LOTE NUMERO: 1;5121;14;LOC.GERADOR GAS.5000W MONO,BIV;MENSAL
24454142;749468;304;03;2020;8;1;LOTE NUMERO: 1;1596;11;REBOBINAR MOTOR TRIF. 2,0 CV;SERVICOS
24454118;749466;304;03;2020;8;1;LOTE NUMERO: 1;5037;1;SERV.LOC.CAM.SUC.VACUO 10000L;HORA
24454153;749468;304;03;2020;8;1;LOTE NUMERO: 1;3933;22;REBOBINAR ESTAT.MOTOR 1/2 CV;SERVICOS
24454133;749468;304;03;2020;8;1;LOTE NUMERO: 1;1587;2;REBOBINAR MOTOR TRIF. 75 CV;SERVICOS
24454145;749468;304;03;2020;8;1;LOTE NUMERO: 1;1599;14;REBOBINAR MOTOR MONOFAS. 3,0CV;SERVICOS
24454154;749468;304;03;2020;8;1;LOTE NUMERO: 1;3934;23;REBOBINAR BOMBA SUB.TRIF.1,0CV;SERVICOS
24454126;749467;304;03;2020;8;1;LOTE NUMERO: 1;4236;7;SERV.CENTRO USINAGEM CNC 2M;HORA
24454156;749468;304;03;2020;8;1;LOTE NUMERO: 1;4021;25;REBOBINAR BOMBA SUBMER. 1CV;SERVICOS
24454120;749467;304;03;2020;8;1;LOTE NUMERO: 1;4228;1;SERV. TORNO CONVENCIONAL 2M;HORA
24454124;749467;304;03;2020;8;1;LOTE NUMERO: 1;4234;5;SERV.FREZADORA DE NESA 7 M;HORA
24857000;762825;304;03;2020;11;-1;LOTE NÃO INFORMADO;5007;13;ARRUELA DE BORRACHA-DN-300MM;UNIDADE
24856967;762823;304;03;2020;11;-1;LOTE NÃO INFORMADO;3056;6;SERV.CONSERTO PAINEL COMANDO;SERVICOS
24856969;762823;304;03;2020;11;-1;LOTE NÃO INFORMADO;4222;8;SERV.AVALIACAO E SUBSTITUICAO;SERVICOS
24857002;762825;304;03;2020;11;-1;LOTE NÃO INFORMADO;5009;15;ANEL DE BORRACHA-2 GS DN-75MM;UNIDADE
24856979;762823;304;03;2020;11;-1;LOTE NÃO INFORMADO;5137;20;MAN.MOTOBOMBA QUINTAS DA SERRA;SERVICOS
24856991;762825;304;03;2020;11;-1;LOTE NÃO INFORMADO;4998;4;ANEL BORRACHA-AJE-AFX-DN-150MM;UNIDADE
24856992;762825;304;03;2020;11;-1;LOTE NÃO INFORMADO;4999;5;ANEL BORRACHA-AJE-AFX-DN-200MM;UNIDADE
24856995;762825;304;03;2020;11;-1;LOTE NÃO INFORMADO;5002;8;ARRUELA DE BORRACHA-DN-75MM;UNIDADE
24856971;762823;304;03;2020;11;-1;LOTE NÃO INFORMADO;5127;10;TRANSP.PESSOAL TECNICO E EQUIP;KILOMETRO
24856975;762823;304;03;2020;11;-1;LOTE NÃO INFORMADO;5131;14;MANUT.MOTOBOMBA ROCAS NOVAS AD;SERVICOS
24856982;762823;304;03;2020;11;-1;LOTE NÃO INFORMADO;5136;19;MAN.MOTOBOMBA RANCHO NOVO-P.2;SERVICOS
24856986;762824;304;03;2020;11;-1;LOTE NÃO INFORMADO;5124;2;MANUT.PREV.E CORRET.OLP-3330;SERVICOS
24856993;762825;304;03;2020;11;-1;LOTE NÃO INFORMADO;5000;6;ANEL BORRACHA AJE-AFX-DN-250MM;UNIDADE
24857003;762825;304;03;2020;11;-1;LOTE NÃO INFORMADO;5010;16;ANEL DE BORRACHA-2 GS DN-100MM;UNIDADE
24856965;762823;304;03;2020;11;-1;LOTE NÃO INFORMADO;3053;4;SERV.VERIFICACAO EXAME;SERVICOS
24856987;762824;304;03;2020;11;-1;LOTE NÃO INFORMADO;5125;3;MANUT.PREV.E CORRET.QPY-1280;SERVICOS
24856988;762825;304;03;2020;11;-1;LOTE NÃO INFORMADO;4995;1;ANEL BORRACHA-AJE-AFX-DN-50MM;UNIDADE
24856966;762823;304;03;2020;11;-1;LOTE NÃO INFORMADO;3055;5;SERV.CONSER.CONJ.MOTOBOMBA;SERVICOS
24856997;762825;304;03;2020;11;-1;LOTE NÃO INFORMADO;5004;10;ARRUELA DE BORRACHA-DN-150MM;UNIDADE
24856996;762825;304;03;2020;11;-1;LOTE NÃO INFORMADO;5003;9;ARRUELA DE BORRACHA-DN-100MM;UNIDADE
24856999;762825;304;03;2020;11;-1;LOTE NÃO INFORMADO;5006;12;ARRUELA DE BORRACHA-DN-250MM;UNIDADE
24856990;762825;304;03;2020;11;-1;LOTE NÃO INFORMADO;4997;3;ANEL BORRACHA AJE-AFX-DN-100MM;UNIDADE
24856970;762823;304;03;2020;11;-1;LOTE NÃO INFORMADO;4223;9;SERV.DESOBSTRUCAO DO POCO;SERVICOS
24856972;762823;304;03;2020;11;-1;LOTE NÃO INFORMADO;5128;11;SERV.BOMBEAMENTO LIMPEZA POCO;HORA TRABALHADA
24856980;762823;304;03;2020;11;-1;LOTE NÃO INFORMADO;5138;21;MANUTENCAO MOTOBOMBA-ETE;SERVICOS
24857001;762825;304;03;2020;11;-1;LOTE NÃO INFORMADO;5008;14;ANEL BORRACHA-2GS DN-50MM;UNIDADE
24856968;762823;304;03;2020;11;-1;LOTE NÃO INFORMADO;3057;7;SERV.RELATORIO TEC.TRABALHOS;SERVICOS
24856978;762823;304;03;2020;11;-1;LOTE NÃO INFORMADO;5135;18;MAN.MOTOBOMBA RANCHO NOVO-CAMP;SERVICOS
24856981;762823;304;03;2020;11;-1;LOTE NÃO INFORMADO;5139;22;MAN.MOTOBOMBA CIDADE JARDIM;SERVICOS
24856983;762823;304;03;2020;11;-1;LOTE NÃO INFORMADO;5132;15;MAN.MOTOBOMBA ANTO.SANTOS-BR;SERVICOS
24856976;762823;304;03;2020;11;-1;LOTE NÃO INFORMADO;5133;16;MAN.MOTOBOMBA ANT.SANTOS MOR.N;SERVICOS
24856962;762823;304;03;2020;11;-1;LOTE NÃO INFORMADO;3049;1;SERV. RETIRADA EQUIPAMENTO.;SERVICOS
24856989;762825;304;03;2020;11;-1;LOTE NÃO INFORMADO;4996;2;ANEL BORRACHA AJE-AFX-DN-75MM;UNIDADE
24856974;762823;304;03;2020;11;-1;LOTE NÃO INFORMADO;5130;13;MAN.MOTOBOMBA ROCAS NOVAS FG2;SERVICOS
24856984;762824;304;03;2020;11;-1;LOTE NÃO INFORMADO;5126;4;FORN.ETANOL,GASOLINA,DIESELS10;LITRO
24856973;762823;304;03;2020;11;-1;LOTE NÃO INFORMADO;5129;12;MANUT.MOTOBOMBA ROCAS NOVAS FG;SERVICOS
24857004;762825;304;03;2020;11;-1;LOTE NÃO INFORMADO;5011;17;ANEL DE BORRACHA-2 GS DN-150MM;UNIDADE
24856964;762823;304;03;2020;11;-1;LOTE NÃO INFORMADO;3052;3;SERV.MONT.INSTAL.EQUIPAMENTO;SERVICOS
24856985;762824;304;03;2020;11;-1;LOTE NÃO INFORMADO;5123;1;MANUT.PREV.E CORRET.OLP-3329;SERVICOS
24856994;762825;304;03;2020;11;-1;LOTE NÃO INFORMADO;5001;7;ARRUELA DE BORRACHA-DN-50MM;UNIDADE
24856998;762825;304;03;2020;11;-1;LOTE NÃO INFORMADO;5005;11;ARRUELA DE BORRACHA-DN-200MM;UNIDADE
24856963;762823;304;03;2020;11;-1;LOTE NÃO INFORMADO;3050;2;SERV. LIMPEZA DESINFECCAO;SERVICOS
24856977;762823;304;03;2020;11;-1;LOTE NÃO INFORMADO;5134;17;MANUTENCAO MOTOBOMBA-POSSES;SERVICOS
24857005;762825;304;03;2020;11;-1;LOTE NÃO INFORMADO;5012;18;ANEL DE BORRACHA-2 GS DN-200MM;UNIDADE
24857006;762825;304;03;2020;11;-1;LOTE NÃO INFORMADO;5013;19;ANEL DE BORRACHA-2 GS DN-300MM;UNIDADE
